1200 800 320
260 199 297 171 108 145 306 50 181 119 121 123 0
64 66 296 297 238 303 82 21 310 151 59 190 0
194 4 105 169 202 13 110 78 80 87 155 316 0
129 162 67 289 258 103 236 301 19 180 308 278 0
224 194 163 232 268 146 150 279 89 250 189 63 0
226 68 260 233 139 144 305 176 56 313 218 316 0
288 33 130 258 133 39 205 315 51 54 91 94 0
65 226 132 262 70 122 173 17 52 311 58 222 0
225 39 135 43 235 302 14 245 21 86 88 281 0
192 121 35 281 6 42 77 15 24 313 219 223 0
2 259 262 71 138 236 144 240 29 210 84 125 0
320 66 230 313 202 268 239 242 248 217 27 28 0
260 293 232 105 75 172 203 178 119 313 311 94 0
32 259 294 265 202 75 270 238 80 182 183 284 0
65 287 165 292 294 296 179 85 216 185 155 127 0
33 2 227 73 59 75 13 303 48 187 61 319 0
192 161 294 173 270 178 19 220 53 221 124 93 0
97 287 165 233 139 302 114 275 84 308 94 191 0
259 100 167 234 299 42 271 80 208 176 307 319 0
128 3 101 295 232 106 266 45 152 156 221 287 0
34 98 74 78 82 274 278 183 88 86 220 127 0
289 36 292 100 295 71 168 198 175 272 18 280 0
288 256 67 261 200 73 11 268 14 79 114 308 0
66 70 72 267 269 142 239 176 28 22 89 124 0
69 28 92 16 49 114 83 23 152 153 251 188 0
196 40 266 75 79 212 276 246 56 91 222 158 0
33 227 140 173 300 209 178 210 184 56 126 95 0
320 291 100 132 294 135 201 236 300 53 249 188 0
33 7 78 272 273 305 242 115 213 247 253 317 0
129 130 68 72 169 12 141 13 176 180 217 318 0
96 264 174 143 177 276 125 213 216 186 317 221 0
32 35 227 90 134 7 80 209 117 313 250 284 0
32 292 103 139 237 239 180 125 121 123 317 158 0
66 35 229 264 72 74 299 235 79 22 185 123 0
258 130 132 165 134 47 304 148 54 189 30 223 0
260 71 137 233 172 15 22 312 250 219 93 318 0
256 185 35 196 40 233 205 209 146 279 57 188 0
225 290 100 293 38 8 76 238 273 213 21 30 0
8 171 251 112 81 244 55 184 62 315 284 318 0
160 129 257 67 107 239 82 243 245 25 90 191 0
192 99 292 107 77 306 179 210 245 309 89 92 0
258 226 263 104 200 106 301 242 25 314 29 223 0
257 36 313 169 80 18 116 149 86 216 249 221 0
161 262 41 105 171 10 297 240 212 125 285 190 0
34 70 296 232 264 77 78 305 82 309 250 223 0
256 192 259 232 10 46 147 211 53 86 217 282 0
73 169 107 108 268 265 144 148 53 280 122 283 0
128 100 132 6 199 234 178 85 53 62 25 158 0
58 6 40 201 77 177 241 180 279 250 220 253 0
289 258 171 203 13 269 16 150 153 91 28 190 0
193 162 7 300 141 238 117 182 279 183 314 61 0
257 258 263 202 13 238 49 148 182 23 189 223 0
262 70 9 305 50 113 117 151 281 218 125 318 0
225 166 74 204 206 54 30 88 24 123 28 318 0
97 5 134 294 204 78 176 150 183 280 58 157 0
256 67 228 227 137 171 44 271 115 277 279 218 0
288 223 195 165 281 10 298 303 117 313 314 159 0
261 166 167 136 40 8 241 119 279 121 25 95 0
192 256 100 72 170 205 304 209 242 275 27 156 0
3 229 281 261 234 298 138 48 148 249 187 127 0
64 161 197 234 176 179 53 181 55 155 253 31 0
32 97 258 103 302 46 240 24 253 122 155 189 0
128 68 71 42 170 266 178 307 118 282 251 221 0
255 5 265 202 299 236 269 110 280 282 285 63 0
64 227 199 201 241 82 83 84 209 279 25 91 0
64 5 296 40 202 300 301 172 307 311 121 253 0
195 36 293 37 198 138 303 17 243 21 55 91 0
296 297 317 235 75 46 116 310 280 283 63 31 0
256 164 134 204 111 144 274 245 216 57 120 159 0
194 99 98 232 104 169 303 306 275 151 216 220 0
164 260 134 166 238 239 146 147 150 312 249 189 0
101 70 186 139 110 18 83 117 58 91 284 29 0
288 203 269 176 18 211 146 50 311 56 217 253 0
291 259 5 296 73 250 268 145 212 245 53 154 0
255 166 201 297 268 238 143 208 82 24 28 95 0
224 66 294 7 298 76 15 177 310 311 278 186 0
193 67 38 281 135 122 171 184 89 126 158 127 0
225 258 3 195 36 231 170 270 271 277 25 124 0
226 4 166 102 8 77 302 21 310 23 120 217 0
225 129 69 202 302 251 81 212 85 283 94 255 0
35 3 132 228 8 106 298 79 86 87 217 222 0
100 167 266 298 12 173 142 208 177 214 61 286 0
128 99 103 298 234 174 239 47 241 83 152 158 0
260 261 265 266 170 300 77 148 20 150 217 316 0
258 291 38 294 235 110 270 242 181 277 313 123 0
200 42 11 216 48 176 213 120 153 59 60 127 0
99 6 71 186 295 266 40 80 21 278 279 154 0
224 256 258 67 260 200 105 237 51 22 248 221 0
96 162 66 232 72 139 236 272 83 212 311 155 0
2 100 230 135 103 47 19 85 117 279 281 127 0
199 169 266 77 46 272 305 275 23 126 60 190 0
161 33 67 259 168 144 273 82 115 279 249 220 0
99 136 268 237 110 271 147 52 212 254 284 158 0
130 227 196 229 299 142 14 306 55 217 155 190 0
288 34 199 10 269 143 179 310 280 250 251 220 0
128 165 134 72 110 241 246 248 153 91 189 24 0
256 229 11 172 77 144 305 273 309 157 95 255 0
64 34 196 71 8 42 203 113 148 221 62 95 0
256 198 296 140 238 207 274 18 275 245 122 155 0
320 131 6 107 269 110 207 175 283 121 282 315 0
289 161 4 36 72 9 204 301 79 55 29 63 0
34 290 165 264 296 45 238 173 147 214 247 121 0
320 135 170 203 13 14 271 50 181 121 90 319 0
228 295 7 172 52 244 246 23 277 55 126 254 0
3 296 42 203 141 48 145 242 208 312 250 61 0
33 299 203 172 77 239 81 212 246 24 92 125 0
288 37 294 135 104 12 19 308 149 89 314 319 0
227 259 166 122 199 296 204 46 176 180 58 190 0
161 226 3 265 45 301 49 146 81 249 218 190 0
194 196 261 296 237 307 85 53 150 280 217 254 0
32 257 135 233 169 299 270 176 48 308 247 312 0
66 131 133 297 74 109 15 80 18 276 184 61 0
65 161 5 234 176 278 312 249 26 190 29 94 0
34 291 5 231 269 208 49 48 309 91 29 62 0
98 103 232 113 114 178 52 151 24 219 92 319 0
130 136 239 272 176 307 117 189 152 219 188 285 0
131 99 70 295 169 205 270 48 17 275 58 317 0
196 132 262 70 200 107 172 47 306 248 62 31 0
68 100 102 71 197 110 18 312 217 218 59 216 0
160 202 138 170 207 81 19 276 185 154 27 287 0
160 261 37 41 237 174 238 80 279 282 284 31 0
193 233 202 141 302 303 206 145 308 125 30 127 0
4 69 294 7 235 270 207 210 248 217 28 93 0
98 164 294 295 105 202 18 276 185 90 219 189 0
224 97 319 168 267 46 175 208 273 54 56 223 0
257 98 132 293 234 108 269 143 273 85 181 54 0
225 2 37 39 314 46 271 51 246 55 250 222 0
3 103 7 76 13 206 176 273 180 213 187 158 0
291 292 167 10 74 203 302 303 118 24 29 95 0
225 258 194 292 165 97 231 269 50 251 286 255 0
26 68 37 39 170 171 205 142 110 16 90 318 0
160 204 155 79 143 82 211 212 245 310 59 255 0
256 295 232 76 301 17 55 216 249 60 152 254 0
226 162 69 73 172 204 301 144 210 22 184 125 0
257 34 35 263 7 233 39 12 270 271 278 280 0
289 226 259 164 6 135 236 269 49 184 313 222 0
32 129 194 131 38 40 137 297 206 304 210 83 0
34 230 122 40 234 203 177 83 215 312 24 250 0
290 162 291 293 200 8 107 46 306 151 120 191 0
194 67 293 166 141 79 112 82 308 24 222 286 0
229 69 70 134 267 307 180 309 246 119 248 218 0
35 185 202 174 240 19 148 149 247 88 249 27 0
257 99 4 101 36 172 238 274 93 309 21 221 0
225 103 135 298 111 176 308 214 216 89 28 62 0
161 134 199 72 267 173 17 177 149 153 122 156 0
160 3 230 135 10 112 274 116 276 278 156 317 0
197 76 268 302 175 44 241 145 274 248 251 286 0
98 67 37 262 266 140 208 21 214 25 283 252 0
224 291 217 296 299 301 238 176 49 211 215 25 0
97 229 294 133 269 237 274 243 244 276 185 318 0
96 280 98 228 68 135 264 141 118 56 153 124 0
98 34 68 229 236 271 176 240 182 214 86 215 0
260 167 41 11 302 46 51 84 216 281 91 60 0
33 129 166 74 139 300 271 23 56 314 60 125 0
195 163 291 36 7 296 14 50 211 23 56 316 0
224 196 295 211 84 119 22 279 280 90 155 93 0
131 100 68 294 41 76 173 177 50 210 282 126 0
194 100 294 72 73 172 173 237 111 304 81 281 0
291 67 265 235 146 51 54 95 312 189 158 286 0
33 193 196 134 41 9 236 175 245 152 94 62 0
224 96 101 5 168 235 267 204 17 210 177 88 0
161 68 101 137 170 169 239 49 212 244 54 282 0
96 161 133 167 72 172 272 304 213 253 59 285 0
194 100 102 103 40 202 205 243 19 21 277 159 0
32 226 195 197 122 167 135 297 15 180 314 254 0
192 68 100 260 295 265 174 111 209 178 187 125 0
192 224 69 167 71 75 139 267 16 213 90 287 0
258 36 40 169 43 79 49 274 150 214 125 254 0
161 223 292 294 41 107 13 50 84 89 187 159 0
90 135 112 82 179 20 309 114 120 218 283 61 0
33 35 230 6 294 39 302 111 178 87 249 94 0
67 195 166 295 296 173 79 81 241 182 58 156 0
235 203 141 171 48 241 275 243 85 121 187 124 0
288 226 101 297 205 207 208 310 247 249 59 188 0
65 193 35 230 71 40 44 16 113 211 87 249 0
193 231 265 300 205 174 271 142 177 115 55 63 0
65 290 291 100 313 45 47 179 212 94 217 126 0
259 198 267 78 304 48 18 118 152 25 127 287 0
258 98 203 171 108 174 111 276 118 182 220 159 0
167 103 232 74 139 12 43 111 80 81 314 286 0
193 257 199 139 114 51 83 21 179 30 281 190 0
96 99 6 295 200 172 269 79 273 246 248 89 0
160 36 203 139 13 309 54 184 26 123 152 254 0
229 294 6 72 199 302 207 174 242 149 54 156 0
34 37 70 168 155 302 145 50 52 217 251 157 0
97 199 104 11 269 81 147 20 180 87 279 126 0
36 37 70 106 110 157 311 152 183 285 60 93 0
2 200 232 74 170 205 270 48 145 147 85 118 0
5 168 171 108 44 302 270 271 309 86 278 122 0
2 69 15 145 178 241 284 25 187 28 286 191 0
162 291 37 38 202 205 174 144 306 278 311 27 0
64 128 165 167 234 78 176 240 52 24 125 184 0
288 34 100 298 174 176 148 20 22 182 59 189 0
225 261 135 106 75 268 175 112 15 84 26 61 0
224 192 73 171 44 13 17 81 147 184 56 253 0
258 259 250 141 238 13 146 119 217 282 29 127 0
225 164 136 9 301 208 49 113 53 278 312 251 0
320 4 197 261 38 264 267 140 301 299 150 286 0
193 259 228 230 265 45 304 113 54 88 314 62 0
5 230 104 73 171 12 271 112 305 179 87 216 0
225 194 168 136 201 204 245 22 90 28 221 63 0
194 36 39 11 300 109 271 148 185 154 155 158 0
196 266 236 238 174 114 244 87 216 185 218 311 0
226 35 168 105 172 240 29 83 18 244 189 62 0
35 202 204 141 15 273 243 181 53 56 120 127 0
288 34 132 196 134 262 7 38 69 145 306 154 0
34 259 263 264 41 266 237 46 179 56 222 127 0
255 100 172 268 110 276 53 54 187 316 95 319 0
163 38 71 7 268 269 205 238 61 245 278 317 0
129 162 67 10 109 13 238 208 313 26 93 63 0
64 98 99 90 167 265 266 299 298 176 240 58 0
226 106 302 304 17 117 181 183 88 26 220 254 0
230 294 235 268 270 142 145 152 53 248 122 125 0
98 130 292 297 300 145 116 53 118 310 121 283 0
104 142 47 176 305 311 180 215 121 188 221 253 0
164 69 263 168 231 235 300 108 78 144 116 221 0
257 226 4 68 232 208 243 249 122 315 190 158 0
68 6 136 12 109 270 271 209 242 51 82 214 0
34 100 235 299 176 209 23 276 22 215 251 93 0
196 165 7 40 168 71 204 144 178 116 90 156 0
162 261 197 263 267 304 116 56 281 220 30 319 0
96 193 36 229 102 295 106 13 149 86 217 127 0
196 4 7 299 173 271 124 274 246 317 156 157 0
129 164 38 10 140 79 112 214 216 281 56 285 0
132 196 263 201 233 237 15 79 307 115 125 222 0
312 98 172 78 209 241 305 88 313 186 189 253 0
129 99 133 266 300 270 271 113 247 312 313 156 0
97 130 131 36 134 106 77 13 176 244 213 282 0
167 103 10 273 146 19 243 118 311 151 314 156 0
26 76 108 177 275 214 151 278 87 250 30 223 0
225 168 73 202 105 204 140 209 178 210 312 153 0
66 261 197 172 240 50 19 277 118 214 24 158 0
68 69 232 203 46 14 18 243 278 55 154 221 0
161 172 77 141 47 113 284 54 183 25 124 159 0
320 227 70 6 200 76 300 79 112 84 87 24 0
129 34 99 230 72 42 12 50 309 311 123 92 0
34 290 100 101 281 135 43 235 271 20 217 189 0
68 261 70 296 266 75 171 46 240 24 249 127 0
128 289 100 70 294 266 15 83 310 215 281 26 0
224 196 260 237 111 240 17 114 118 89 222 127 0
185 263 233 266 301 47 209 50 117 89 315 158 0
292 39 136 206 21 117 54 154 219 124 125 95 0
3 263 199 265 46 188 18 279 91 124 285 255 0
2 166 298 139 203 302 208 177 272 48 314 219 0
68 199 266 44 173 16 273 274 246 157 56 253 0
65 161 193 133 232 200 296 299 209 182 156 127 0
33 228 231 7 143 80 273 146 113 84 92 63 0
35 292 3 262 169 42 141 303 145 148 249 317 0
257 229 40 72 299 146 50 51 85 215 251 318 0
33 223 260 101 71 238 80 48 213 151 26 191 0
66 231 43 300 123 238 212 85 247 26 251 189 0
259 135 200 297 10 138 208 150 246 248 284 157 0
256 102 231 7 172 13 271 180 181 281 315 30 0
280 164 293 166 140 204 112 49 210 242 182 24 0
97 104 137 138 44 238 176 113 115 54 93 94 0
161 194 225 139 241 242 51 211 307 214 121 189 0
37 73 298 303 18 54 217 59 92 317 158 191 0
194 66 5 201 268 12 108 239 120 187 125 223 0
259 170 43 140 234 78 207 15 110 18 211 311 0
194 101 229 133 232 174 239 144 114 181 151 313 0
192 65 72 302 15 51 125 214 189 54 316 61 0
162 164 6 71 232 199 170 45 141 180 53 125 0
197 73 236 79 116 117 213 247 62 283 157 126 0
98 260 232 9 266 274 21 311 248 281 124 159 0
198 166 105 74 300 145 18 50 52 183 154 28 0
256 129 133 231 105 233 173 304 20 155 61 126 0
162 37 133 110 240 80 114 53 120 62 282 318 0
196 197 198 100 40 73 311 19 151 89 93 95 0
193 101 167 264 300 237 110 140 238 17 186 125 0
98 2 166 296 27 203 155 107 210 59 284 95 0
3 228 136 105 9 300 13 243 310 312 251 63 0
164 230 199 295 134 7 12 209 147 84 254 95 0
34 291 232 173 272 241 118 311 246 153 314 189 0
32 4 167 219 143 145 305 19 177 241 309 251 0
288 4 233 187 179 53 246 181 27 220 254 127 0
288 135 8 265 138 108 205 13 145 21 249 219 0
288 289 35 166 201 43 173 144 146 211 244 185 0
133 102 134 268 205 15 188 243 19 311 252 319 0
65 121 259 162 165 198 293 8 171 86 185 287 0
34 131 292 134 137 48 177 144 147 58 220 191 0
288 160 258 40 301 237 245 183 312 25 282 62 0
259 101 41 234 143 211 213 312 24 92 189 63 0
128 121 320 165 9 201 20 280 217 124 190 95 0
160 168 208 304 52 85 150 183 185 314 156 31 0
225 66 131 227 101 300 301 182 54 26 221 287 0
217 132 202 139 204 270 18 308 213 185 28 190 0
163 262 295 268 143 305 179 277 118 215 282 285 0
256 2 9 78 208 276 125 182 57 220 189 191 0
96 196 164 295 104 296 203 268 45 116 249 186 0
132 261 262 103 169 282 239 176 147 89 90 95 0
291 269 77 79 210 149 247 313 218 59 126 287 0
192 137 10 299 172 76 206 298 243 115 180 251 0
160 260 197 134 175 244 284 30 25 187 252 190 0
135 201 91 78 175 240 271 274 151 248 251 254 0
33 129 104 202 171 12 240 180 213 152 220 189 0
161 258 133 70 295 202 106 24 121 152 222 255 0
96 65 5 122 9 314 110 16 279 151 154 27 0
229 38 302 50 212 21 180 280 154 219 126 223 0
227 99 298 171 28 275 149 118 24 154 60 287 0
164 105 206 305 177 220 242 82 17 310 122 156 0
290 10 272 112 242 19 308 53 151 216 25 58 0
224 193 232 48 144 116 212 22 55 316 188 157 0
97 129 196 36 101 167 199 234 106 266 142 159 0
65 193 39 200 298 143 241 188 279 316 285 30 0
224 128 34 262 8 106 140 48 308 247 283 61 0
2 37 168 105 11 299 207 241 86 91 125 95 0
128 225 258 227 101 138 202 140 237 85 190 159 0
291 6 262 42 76 269 310 312 250 315 317 159 0
130 227 198 103 201 145 114 210 254 311 184 318 0
32 225 228 262 199 7 105 73 78 20 150 153 0
227 131 197 38 67 14 143 80 83 182 54 95 0
260 100 287 264 40 267 44 76 80 85 23 127 0
32 131 37 40 172 13 45 301 18 281 95 31 0
64 193 226 38 13 211 180 23 151 121 314 319 0
128 153 98 292 41 144 185 282 220 189 30 95 0
257 162 295 137 17 18 178 86 55 152 151 124 0
291 292 8 233 202 174 111 117 310 282 283 126 0
320 228 262 106 43 303 144 116 151 312 253 191 0
67 261 198 71 9 141 239 243 308 213 150 182 0
163 228 231 169 202 233 209 50 147 306 21 56 0
3 227 170 76 269 15 19 307 213 85 119 95 0
289 217 228 166 263 172 141 140 245 182 185 126 0
195 228 164 6 262 239 305 50 311 220 286 63 0
288 292 69 263 137 298 79 80 144 243 251 62 0
225 130 5 166 138 11 174 270 305 114 151 187 0
161 67 293 261 39 269 174 80 88 123 285 191 0
160 33 161 295 42 203 44 88 217 124 285 184 0
3 264 136 202 266 106 42 81 152 252 222 159 0
2 228 100 164 229 232 178 212 277 86 29 127 0
233 137 205 77 241 178 188 276 182 23 252 31 0
192 100 101 166 295 40 204 241 53 279 25 191 0
291 168 11 301 302 237 213 284 279 283 316 95 0
121 162 131 297 181 118 279 246 310 314 222 31 0
32 196 133 154 73 12 173 304 179 184 314 31 0
257 290 260 229 298 270 302 16 50 151 56 159 0
128 129 165 43 14 83 53 246 214 248 122 223 0
260 167 297 266 204 12 79 207 49 146 176 54 0
64 225 97 10 300 205 141 301 240 113 310 215 0
101 294 165 319 235 267 175 114 275 211 181 31 0
192 194 197 101 74 235 268 45 302 306 181 316 0
166 201 41 267 205 80 274 51 150 215 24 61 0
32 194 35 264 15 211 276 86 56 91 156 255 0
96 227 6 296 177 21 214 87 217 186 61 318 0
66 291 228 73 145 82 177 244 308 120 315 60 0
131 3 99 302 79 49 146 114 309 277 56 90 0
129 291 293 265 170 302 80 116 85 122 60 221 0
192 35 231 39 7 240 48 245 311 315 156 159 0
226 291 165 295 199 139 107 206 307 246 27 125 0
289 229 70 106 44 47 239 241 308 25 315 284 0
224 67 40 105 106 140 80 93 149 27 125 287 0
32 121 131 36 40 233 14 16 243 313 187 31 0
224 288 227 105 299 206 16 112 274 85 151 123 0
225 162 163 260 134 262 234 144 274 275 22 184 0
67 164 39 109 13 302 272 308 22 24 25 282 0
71 10 77 47 48 16 175 307 217 315 29 254 0
128 258 69 294 171 13 178 212 148 24 57 190 0
130 229 313 106 203 140 107 307 246 121 284 287 0
294 263 136 173 244 316 89 154 155 188 189 25 0
226 90 71 139 236 124 279 250 91 28 95 159 0
96 164 69 134 295 133 270 303 244 53 118 122 0
224 257 37 38 296 265 45 141 77 23 151 24 0
97 162 225 231 79 48 303 274 178 180 62 159 0
289 226 4 293 206 115 310 89 26 316 221 159 0
231 205 302 272 17 49 179 177 213 277 53 317 0
226 40 297 233 282 77 80 245 182 216 218 187 0
224 288 312 234 76 175 48 148 118 88 57 250 0
320 129 195 263 71 202 203 138 244 86 215 159 0
225 198 106 170 303 115 181 151 313 282 318 286 0
96 195 135 158 106 173 254 312 186 155 60 94 0
261 9 10 49 274 82 118 183 278 217 92 253 0
101 74 44 172 207 271 86 312 25 156 61 319 0
129 69 6 198 296 138 171 53 311 280 279 31 0
34 197 9 75 306 29 276 211 117 278 24 61 0
3 71 236 78 111 239 19 51 277 54 184 188 0
2 138 13 206 110 80 77 214 249 26 123 61 0
160 2 132 197 260 228 298 147 212 247 152 153 0
320 34 4 302 239 116 213 152 185 314 155 252 0
228 101 105 46 239 272 17 306 211 244 251 286 0
68 232 169 298 139 171 265 270 240 82 147 27 0
320 69 38 169 47 19 308 213 246 119 280 61 0
160 32 35 228 165 42 78 308 312 156 189 63 0
128 77 145 148 30 184 24 25 59 61 126 223 0
4 134 103 8 270 209 310 54 184 124 317 286 0
33 280 67 162 34 72 209 274 278 88 313 252 0
295 107 49 246 311 152 94 285 92 61 318 319 0
224 185 259 296 47 50 243 254 23 217 218 190 0
225 72 233 202 11 236 187 209 275 20 27 29 0
224 68 261 230 169 171 174 175 210 310 120 156 0
160 5 71 72 135 142 208 146 308 310 150 191 0
67 103 296 42 202 204 83 307 119 56 153 223 0
160 35 68 70 104 235 140 45 252 278 60 255 0
98 194 70 72 105 14 81 145 308 24 90 318 0
160 293 137 234 299 77 270 219 144 180 86 251 0
129 35 230 103 202 139 15 272 179 55 254 191 0
159 257 196 229 168 238 15 278 58 27 28 127 0
35 227 169 297 41 236 173 45 49 115 58 61 0
162 134 71 72 295 250 240 275 150 312 314 188 0
290 103 104 268 110 113 50 52 86 283 93 191 0
2 292 106 236 45 238 176 307 118 152 219 61 0
290 164 263 168 235 13 47 306 178 52 280 61 0
225 226 193 38 41 203 18 150 55 217 58 252 0
320 291 103 39 235 112 80 307 189 312 282 253 0
259 37 232 299 140 206 48 179 277 53 248 91 0
2 131 196 261 247 123 302 21 213 279 187 188 0
320 258 69 72 168 203 15 207 82 312 24 184 0
101 165 8 42 305 278 157 312 314 253 318 63 0
98 228 69 296 137 10 75 140 87 26 311 159 0
35 164 231 203 11 111 273 306 274 179 312 156 0
258 2 133 168 144 49 18 147 151 122 188 29 0
96 128 292 136 73 75 236 13 305 211 316 63 0
99 70 71 230 200 107 178 274 120 155 156 157 0
4 11 108 173 14 46 18 51 307 181 87 56 0
225 37 262 261 73 41 301 111 150 88 217 60 0
33 195 228 294 70 300 109 204 80 182 249 254 0
226 259 291 5 38 72 297 296 47 275 20 281 0
64 6 230 8 299 236 141 108 80 181 121 59 0
227 7 170 236 109 302 80 48 210 274 247 187 0
65 228 38 39 171 269 174 175 271 47 243 316 0
289 37 5 73 15 207 92 311 279 186 284 29 0
288 292 90 103 234 299 76 15 117 312 186 188 0
132 164 200 107 203 268 54 280 24 186 187 126 0
65 260 101 167 40 295 139 108 238 174 280 24 0
32 248 3 291 108 302 174 125 216 58 156 253 0
295 232 73 234 44 110 79 148 149 251 29 286 0
65 3 293 295 265 138 50 51 117 182 87 221 0
268 140 14 177 145 147 308 53 182 281 314 255 0
99 197 262 265 268 46 210 243 279 25 316 318 0
97 258 33 292 229 65 290 10 237 150 62 127 0
288 65 289 259 262 9 172 178 84 86 248 219 0
320 2 197 74 243 254 55 312 121 31 318 159 0
32 194 67 164 294 266 267 172 211 84 89 94 0
160 132 228 232 124 82 210 216 121 90 220 157 0
128 35 134 169 10 107 140 12 177 305 182 186 0
224 257 192 163 36 295 201 299 78 111 283 254 0
160 33 130 162 262 168 172 140 274 310 150 189 0
228 133 8 138 75 48 273 84 87 122 284 157 0
292 164 8 296 170 88 213 216 250 187 220 285 0
294 71 232 169 75 45 60 178 244 52 92 31 0
289 163 133 70 229 73 42 145 309 120 187 124 0
164 133 72 169 202 264 270 49 148 313 251 61 0
33 193 196 137 139 274 86 183 121 154 123 30 0
96 130 195 165 27 79 17 55 119 218 59 220 0
320 97 4 42 47 112 16 178 213 85 23 287 0
128 97 162 64 70 168 142 175 304 145 182 314 0
35 260 164 266 298 12 179 211 214 88 218 93 0
195 197 102 204 172 243 94 182 30 153 314 286 0
41 75 11 127 49 210 115 309 53 153 92 191 0
4 201 106 9 236 76 238 19 216 251 93 319 0
99 37 263 47 144 241 83 150 249 26 157 95 0
98 263 104 297 211 148 22 56 57 122 188 94 0
225 130 292 107 77 174 149 54 23 154 222 159 0
320 97 226 33 292 100 71 205 177 84 215 89 0
64 65 3 293 71 13 241 83 150 25 317 319 0
131 35 261 298 138 236 274 179 55 89 219 92 0
34 227 260 41 236 180 21 213 308 245 251 30 0
256 289 258 132 104 235 141 47 148 308 182 253 0
256 7 200 199 105 123 241 149 152 313 283 94 0
39 201 173 78 45 17 18 23 245 119 62 255 0
224 162 255 294 230 264 176 49 81 120 61 223 0
260 229 262 281 232 154 199 204 114 249 26 190 0
320 35 36 5 171 78 240 50 306 154 283 61 0
96 228 133 167 168 266 14 306 20 277 185 189 0
193 195 291 5 164 104 144 51 83 247 92 286 0
198 262 140 15 145 274 212 245 180 58 59 253 0
290 199 104 137 231 72 110 80 157 311 221 95 0
224 320 99 132 144 241 176 183 285 253 318 319 0
258 165 263 232 9 266 206 82 147 114 245 62 0
192 97 2 64 228 197 294 37 213 184 153 58 0
32 164 73 107 268 14 110 304 83 247 217 191 0
159 260 15 240 209 82 48 114 306 182 184 63 0
96 196 199 264 233 234 301 240 272 54 247 248 0
192 285 207 303 92 118 182 26 317 188 157 319 0
96 98 260 5 231 74 299 213 152 187 316 317 0
227 135 265 203 282 111 208 81 308 279 218 285 0
318 99 196 168 137 268 206 304 20 316 221 94 0
3 38 295 294 15 16 306 51 213 215 120 319 0
224 67 200 42 204 305 181 279 120 91 184 319 0
97 34 264 201 59 74 301 14 179 148 315 92 0
162 263 265 10 203 204 180 84 55 88 313 59 0
36 133 12 15 17 179 310 62 282 187 189 94 0
293 261 6 265 282 80 305 308 84 54 90 93 0
228 229 198 137 107 235 141 238 81 247 314 31 0
159 162 99 287 133 234 47 211 184 61 62 255 0
97 35 58 9 265 10 18 152 282 219 253 287 0
33 194 257 170 234 268 266 267 141 53 152 282 0
280 70 8 44 78 14 209 150 183 120 187 188 0
34 260 4 102 74 80 241 48 275 84 54 318 0
98 99 106 299 44 207 48 51 180 216 58 127 0
71 137 172 237 303 49 306 274 147 309 182 284 0
288 7 266 170 204 236 235 144 113 280 62 287 0
66 264 176 240 116 182 246 57 317 285 286 191 0
225 98 36 292 68 136 76 305 83 243 19 152 0
64 41 74 237 302 304 49 215 184 253 91 61 0
260 103 265 169 236 109 17 84 118 59 62 159 0
66 227 4 200 9 170 203 168 178 244 57 286 0
89 121 227 37 39 298 142 113 50 20 217 220 0
194 292 37 267 236 109 111 242 275 179 150 57 0
5 294 263 234 303 209 19 86 311 278 315 158 0
229 294 90 75 174 270 238 316 282 155 252 159 0
231 264 73 206 143 210 307 116 215 25 187 287 0
259 4 58 235 79 188 86 189 310 90 316 253 0
135 171 76 236 47 143 177 149 117 217 254 63 0
226 165 199 200 41 139 47 124 147 285 252 61 0
227 99 90 105 106 267 74 78 47 273 308 282 0
320 32 35 186 9 269 77 53 184 250 59 93 0
320 289 35 164 101 299 204 235 79 15 241 54 0
128 132 134 13 16 178 242 22 86 217 123 223 0
130 196 164 5 4 73 10 270 210 26 62 159 0
96 289 294 103 269 79 18 276 246 56 314 88 0
98 3 195 228 261 2 201 266 114 51 183 286 0
265 266 205 79 275 212 316 55 60 311 30 223 0
162 36 293 298 300 111 240 146 19 307 124 61 0
2 71 200 201 174 302 242 19 214 30 252 254 0
32 226 101 294 198 73 91 13 53 121 251 92 0
256 262 135 205 239 48 177 211 179 56 285 222 0
258 131 292 39 231 103 12 175 272 208 214 222 0
96 3 260 70 136 266 238 115 216 57 125 318 0
96 65 2 101 134 295 167 268 112 276 247 191 0
199 297 207 144 16 81 149 22 310 153 58 124 0
161 37 231 232 9 44 273 84 277 153 156 286 0
290 37 12 15 274 275 118 119 24 25 246 222 0
160 129 41 138 11 14 275 213 57 158 95 191 0
97 257 67 228 196 198 298 43 203 23 152 183 0
318 292 293 263 203 145 211 85 122 92 29 254 0
288 194 35 232 9 12 210 18 51 283 124 189 0
256 65 99 265 42 137 305 275 277 153 316 25 0
320 258 4 169 59 299 143 178 147 91 92 126 0
226 195 164 298 77 120 207 208 114 184 156 285 0
101 40 137 200 45 80 18 307 54 219 317 190 0
3 263 42 76 302 240 51 52 217 186 29 94 0
68 101 38 71 168 266 267 238 113 245 22 312 0
224 34 99 104 297 109 241 274 213 87 247 92 0
197 295 154 299 18 220 21 314 123 60 318 63 0
96 101 166 296 169 170 302 239 81 218 155 126 0
256 196 200 75 173 270 48 179 245 216 57 253 0
160 297 10 170 270 176 211 244 53 86 212 219 0
225 73 299 110 303 81 146 82 120 314 92 221 0
128 256 66 2 130 293 298 43 300 10 18 28 0
195 217 100 137 170 75 82 248 25 58 316 191 0
131 230 166 233 77 270 111 176 20 86 87 90 0
64 231 107 235 81 18 179 17 248 25 285 318 0
320 98 69 197 296 72 175 305 116 215 222 255 0
129 226 42 11 111 272 116 181 84 25 61 318 0
159 163 292 133 198 103 11 178 86 90 63 287 0
192 289 36 13 47 304 114 247 219 284 158 159 0
160 258 101 230 8 206 239 304 49 19 59 255 0
66 291 293 154 104 73 297 190 152 122 220 318 0
32 288 131 67 196 205 80 208 182 120 90 94 0
290 227 291 263 167 7 301 87 184 218 315 252 0
131 138 300 108 48 49 51 310 279 90 187 60 0
320 290 293 72 28 113 20 279 154 188 317 95 0
224 280 99 5 296 105 239 189 248 186 29 184 0
130 258 294 10 236 270 207 22 151 316 61 95 0
265 205 270 237 48 180 150 214 25 122 252 126 0
128 195 265 138 75 73 140 49 148 279 185 316 0
128 9 203 267 269 47 208 51 181 21 312 122 0
33 261 233 235 44 109 283 145 146 213 25 123 0
67 165 268 304 242 83 244 245 55 27 94 159 0
164 229 134 73 141 16 19 181 22 187 318 287 0
226 3 195 133 317 178 20 245 118 253 27 285 0
159 194 259 261 40 140 13 273 308 124 94 191 0
65 3 164 69 107 208 240 274 87 217 219 286 0
260 105 234 171 138 109 14 270 111 116 85 151 0
96 100 101 199 263 44 205 60 270 274 309 156 0
3 296 106 204 207 80 112 188 87 279 215 28 0
228 5 264 73 202 13 45 80 278 31 61 255 0
160 99 232 296 172 302 242 182 247 184 151 216 0
36 132 297 235 173 175 208 148 150 185 92 125 0
288 70 168 202 11 138 77 13 244 212 250 63 0
163 37 197 103 136 16 241 304 21 151 218 92 0
129 255 69 104 8 297 302 211 308 56 188 191 0
129 66 228 262 41 170 19 313 26 252 157 319 0
129 259 102 199 168 266 44 14 212 276 314 188 0
33 292 44 15 82 149 311 312 26 152 318 63 0
258 67 5 166 104 60 17 180 120 92 222 31 0
291 101 135 8 44 174 238 49 148 155 316 61 0
96 68 38 39 200 296 210 83 23 215 249 60 0
136 204 77 80 150 23 216 281 26 315 316 223 0
162 263 78 48 208 307 212 308 30 281 221 25 0
196 261 5 167 296 9 137 75 276 309 89 57 0
228 166 104 10 107 74 266 238 279 92 125 223 0
257 66 163 262 304 241 83 278 247 246 25 31 0
320 259 7 186 299 44 46 114 178 218 315 60 0
129 65 227 217 67 167 201 170 243 309 57 159 0
70 137 43 235 45 142 78 11 303 306 270 93 0
96 257 36 201 210 243 245 85 181 56 24 215 0
96 197 281 231 136 102 172 239 146 245 151 313 0
256 258 98 228 168 137 105 240 114 85 281 90 0
70 262 136 71 294 11 44 168 269 143 243 314 0
32 288 258 132 103 200 7 43 213 56 94 31 0
64 103 43 12 176 81 16 308 118 248 155 126 0
256 66 36 132 70 265 233 204 15 146 150 153 0
258 294 298 204 205 111 19 85 186 91 284 223 0
32 291 69 102 39 104 45 210 51 20 26 255 0
64 129 100 292 164 199 42 267 116 246 25 254 0
193 5 166 165 137 59 204 81 312 219 93 127 0
257 289 185 136 296 107 236 302 120 313 90 123 0
288 101 232 265 266 296 155 207 17 59 190 127 0
320 7 9 137 266 42 205 270 305 241 58 28 0
291 164 261 6 200 108 109 301 110 112 158 127 0
258 195 262 232 11 143 178 275 213 117 119 120 0
64 261 198 71 72 107 203 242 212 125 157 63 0
192 2 4 265 203 204 45 60 182 55 184 188 0
96 259 35 299 139 209 50 245 54 152 26 216 0
65 97 164 101 235 300 237 301 83 185 90 27 0
197 69 136 233 264 168 76 266 201 112 117 91 0
32 196 37 217 235 140 46 53 89 90 59 284 0
193 3 37 167 136 267 301 173 111 84 21 157 0
66 291 195 264 232 104 80 180 311 151 92 287 0
227 166 135 139 45 47 305 53 248 217 91 253 0
256 195 166 43 204 206 47 78 306 312 282 31 0
161 225 98 36 37 5 164 7 74 212 187 157 0
320 136 266 139 267 46 206 212 52 183 218 220 0
224 193 2 8 297 236 241 214 247 283 61 254 0
64 103 265 91 139 17 86 250 59 92 126 255 0
320 97 9 74 111 175 177 305 20 310 152 218 0
135 300 301 210 82 306 61 118 23 243 26 317 0
69 170 202 299 270 79 113 84 309 22 315 190 0
291 198 105 143 176 145 20 117 52 313 28 255 0
97 38 198 264 270 175 48 273 92 312 220 318 0
195 8 42 107 268 171 270 304 81 209 281 253 0
3 301 270 47 142 111 114 307 308 89 317 159 0
97 131 35 36 47 144 177 274 149 28 61 158 0
256 65 193 163 71 40 9 264 200 267 206 254 0
257 232 105 300 268 112 114 53 88 122 187 93 0
289 294 271 304 207 306 79 209 92 150 283 220 0
67 198 263 168 232 12 48 180 116 56 121 284 0
128 129 164 36 266 302 15 144 274 309 247 319 0
258 230 103 295 137 169 111 274 52 126 187 318 0
98 36 229 205 47 144 146 82 20 121 283 95 0
97 130 66 135 11 143 241 306 307 53 23 287 0
225 227 165 270 112 49 176 243 275 304 280 313 0
248 65 258 134 199 297 305 274 214 86 280 315 0
129 2 33 291 232 266 109 207 49 148 57 189 0
121 70 6 137 234 146 306 119 281 124 157 62 0
226 197 266 10 236 79 251 182 184 59 94 31 0
166 72 106 139 14 79 306 93 150 91 285 63 0
67 100 249 167 41 11 152 244 22 184 24 29 0
256 8 234 138 268 206 270 177 276 149 25 31 0
138 108 206 47 50 20 245 246 215 214 253 31 0
224 289 195 90 75 47 143 52 246 184 218 120 0
162 259 132 165 175 305 179 117 151 249 221 159 0
226 164 102 8 106 205 301 240 211 120 30 223 0
160 192 97 217 260 230 38 134 42 149 310 25 0
130 101 71 295 9 298 170 80 180 279 215 126 0
192 65 104 78 143 239 207 175 309 55 187 95 0
195 260 38 138 171 206 92 274 311 90 219 124 0
37 102 231 138 269 173 238 112 244 311 286 223 0
104 109 270 47 240 17 112 273 52 207 91 188 0
194 255 100 4 203 172 141 176 274 180 252 63 0
64 129 258 99 68 230 78 80 274 89 315 94 0
64 224 130 260 68 72 271 214 118 120 182 223 0
161 257 291 131 203 303 16 272 179 154 315 92 0
130 260 198 136 201 11 171 208 150 185 189 319 0
161 34 39 104 299 204 78 239 25 154 60 318 0
96 97 227 101 69 301 141 241 87 250 155 95 0
225 258 67 35 39 200 46 82 24 251 28 127 0
99 102 105 171 15 307 20 117 51 215 218 94 0
66 197 172 269 304 146 61 181 87 249 29 127 0
225 39 103 11 172 77 75 17 147 27 286 159 0
96 36 47 306 179 212 117 311 280 313 218 151 0
258 292 68 135 231 40 8 171 114 82 220 254 0
32 98 131 266 46 110 112 144 117 245 151 57 0
224 257 134 71 72 199 107 302 52 27 93 126 0
288 225 5 9 169 269 271 53 247 152 249 93 0
64 257 196 74 204 145 50 211 52 152 123 222 0
224 99 136 200 111 307 212 53 277 151 26 221 0
224 262 11 269 304 49 18 211 117 214 121 251 0
226 35 101 166 294 235 14 114 307 25 61 318 0
291 199 263 104 168 235 208 18 150 86 29 222 0
318 287 39 105 302 239 144 179 122 91 158 286 0
231 72 169 186 267 236 268 92 90 31 157 127 0
197 40 266 171 77 80 304 208 157 279 220 29 0
160 290 163 164 293 202 234 144 249 186 252 189 0
259 101 166 6 234 10 12 174 15 216 250 95 0
131 266 273 179 189 119 310 86 152 181 314 93 0
288 263 39 77 176 242 86 22 218 59 124 287 0
99 260 67 295 135 9 14 83 308 310 94 126 0
32 97 35 164 231 147 277 86 119 24 284 63 0
256 261 11 205 114 246 151 280 253 26 125 158 0
5 88 172 109 144 53 247 56 89 315 28 254 0
320 33 194 34 67 161 131 177 247 188 318 319 0
160 99 134 107 236 283 241 19 216 219 253 62 0
224 128 37 166 170 300 303 188 120 27 316 286 0
196 165 134 200 218 43 299 240 209 152 58 190 0
64 164 4 102 38 37 236 20 53 313 282 30 0
65 98 228 132 232 173 305 156 23 279 220 223 0
229 232 201 298 107 206 176 183 185 218 190 127 0
191 168 139 45 308 25 215 280 121 29 94 287 0
96 64 26 70 8 145 305 180 217 126 93 318 0
225 196 101 200 297 169 302 81 82 52 28 286 0
289 291 38 39 233 235 77 206 47 176 248 316 0
88 302 177 50 85 87 151 280 249 187 92 221 0
32 163 293 136 208 241 50 115 85 87 282 63 0
34 131 292 197 230 10 203 235 13 248 221 190 0
258 227 230 71 301 304 179 54 119 188 318 223 0
133 262 10 206 239 79 113 111 19 184 27 124 0
34 135 199 43 142 17 113 181 214 149 21 55 0
128 194 266 205 174 48 145 17 246 58 61 94 0
320 66 195 3 36 135 187 145 49 155 127 319 0
34 259 7 203 140 14 243 95 314 124 30 255 0
226 291 262 167 74 142 78 174 145 184 253 93 0
320 162 35 68 105 267 108 302 276 120 219 188 0
161 4 197 134 262 297 234 238 271 274 212 154 0
7 168 103 271 144 50 84 244 184 249 122 62 0
3 68 111 17 211 213 309 151 56 220 93 95 0
33 2 131 166 73 10 235 139 76 111 271 243 0
192 3 99 36 294 103 233 203 107 53 214 255 0
65 162 67 294 263 296 298 274 275 114 277 90 0
64 35 37 264 267 303 116 150 120 250 123 221 0
65 70 135 203 44 114 245 54 310 56 183 91 0
129 258 3 67 266 44 314 206 77 279 250 61 0
69 262 70 201 175 272 82 83 50 312 314 191 0
58 230 295 103 199 139 109 175 146 243 121 26 0
128 163 100 293 101 75 205 305 146 312 122 59 0
289 66 164 90 166 103 45 207 149 183 312 282 0
290 3 197 261 166 59 303 209 19 212 117 27 0
192 261 229 133 296 262 271 181 245 123 188 159 0
320 258 294 103 247 59 11 16 17 50 55 27 0
289 135 232 250 314 206 239 214 248 313 282 91 0
66 162 292 98 37 102 169 235 150 88 62 286 0
130 227 37 70 266 237 240 24 153 188 152 255 0
193 226 262 198 136 137 297 274 215 56 25 311 0
196 198 263 11 268 208 274 247 152 185 62 223 0
192 227 196 69 103 135 105 108 273 183 57 318 0
232 266 123 237 14 79 144 241 181 248 251 93 0
3 228 70 135 267 268 14 175 210 120 123 285 0
257 194 231 42 14 270 50 275 89 188 253 127 0
162 27 297 74 88 173 179 53 214 277 56 219 0
58 198 295 103 267 109 302 306 57 122 27 157 0
194 130 292 136 42 17 276 88 89 123 286 216 0
320 288 226 36 7 108 172 175 239 16 150 189 0
35 69 263 136 265 205 206 17 115 19 89 63 0
226 6 103 200 105 208 211 61 55 280 56 221 0
128 65 131 38 134 79 278 55 218 155 124 222 0
3 36 69 139 76 237 60 307 54 121 91 156 0
34 319 70 137 266 77 81 177 50 273 126 31 0
35 261 39 41 238 50 278 151 54 313 218 59 0
3 198 103 6 42 139 145 55 24 220 61 94 0
71 264 233 12 239 207 19 253 186 91 61 159 0
225 33 195 99 5 13 80 309 149 118 57 221 0
67 133 42 75 45 142 272 114 51 274 311 127 0
258 259 3 261 133 207 144 147 21 217 314 27 0
257 290 71 199 265 274 115 246 87 249 315 126 0
226 290 166 169 305 113 84 53 278 185 186 190 0
128 35 132 8 233 272 114 220 252 26 28 318 0
96 70 230 72 233 171 301 245 182 312 26 221 0
161 33 99 37 201 10 267 239 19 58 219 255 0
65 168 9 10 204 111 48 283 308 277 118 155 0
193 35 37 168 169 271 87 119 120 217 219 252 0
195 67 68 73 112 144 83 51 120 251 222 95 0
69 232 171 299 12 207 308 279 94 219 158 95 0
129 225 100 37 134 204 303 16 277 217 251 60 0
257 202 75 13 14 142 272 114 118 215 59 125 0
161 193 129 36 38 172 177 115 278 183 151 251 0
225 164 40 139 237 305 18 145 150 314 219 286 0
96 162 39 8 168 14 79 270 18 309 251 286 0
201 174 239 47 111 211 115 118 216 314 253 63 0
164 37 134 171 15 209 113 275 87 217 91 223 0
160 197 229 75 306 210 309 280 122 91 252 127 0
65 198 168 13 206 112 272 241 304 181 118 159 0
2 69 103 201 146 18 212 83 55 56 283 159 0
64 255 228 39 137 236 206 305 115 249 26 31 0
131 164 197 107 77 238 239 304 112 19 309 280 0
32 290 133 200 204 208 209 242 85 56 58 284 0
224 40 269 46 13 188 116 95 90 284 158 191 0
32 257 39 297 301 315 19 84 23 280 59 318 0
225 162 293 71 41 144 241 179 149 316 125 287 0
70 199 104 137 267 239 111 179 20 53 24 314 0
160 195 6 232 233 138 112 157 185 61 254 191 0
89 121 201 174 49 147 278 151 24 183 187 287 0
130 36 39 200 137 106 41 108 215 317 62 191 0
138 11 205 143 189 245 151 312 313 220 125 223 0
35 296 169 174 270 144 276 21 87 151 315 284 0
135 138 43 109 205 82 245 213 57 250 155 63 0
320 298 76 140 15 175 209 210 115 219 317 286 0
256 161 258 103 71 298 268 237 206 13 115 30 0
291 260 103 296 135 108 142 307 52 219 316 126 0
132 37 36 261 301 209 116 20 118 117 122 29 0
224 165 76 269 173 236 20 93 88 89 285 287 0
128 2 35 292 70 8 108 16 209 18 116 317 0
281 72 11 76 140 302 111 179 118 121 59 255 0
288 193 59 240 115 246 183 312 215 315 316 62 0
162 68 198 39 263 171 110 143 80 113 16 249 0
256 193 165 230 39 262 229 13 173 17 19 116 0
128 64 97 294 200 9 301 60 314 315 188 125 0
98 164 69 106 45 79 240 247 215 123 94 127 0
262 73 266 74 10 236 206 85 184 57 220 31 0
256 193 255 3 72 299 15 88 315 31 126 223 0
320 39 104 11 76 110 143 272 79 180 247 93 0
65 228 37 294 199 111 82 242 84 117 250 59 0
130 68 199 233 266 173 176 209 23 151 189 62 0
128 224 134 199 175 17 145 305 309 150 121 154 0
192 131 137 43 14 111 48 303 84 280 251 157 0
290 227 130 133 111 240 212 308 246 254 25 30 0
130 131 67 296 137 297 43 169 110 81 19 220 0
99 133 8 296 234 40 302 147 280 153 187 126 0
32 163 68 231 235 302 239 14 211 52 280 153 0
130 103 41 9 109 14 84 182 278 312 121 287 0
160 167 41 202 42 80 145 242 179 21 117 93 0
37 134 71 198 171 203 116 117 277 119 310 281 317 0
99 291 70 263 108 315 82 211 181 158 126 0
141 145 18 281 289 295 308 184 57 188 190 197 80 208 209 91 220 97 240 117 120 121 0
32 5 70 39 261 169 250 268 142 303 181 118 215 280 153 58 283 310 0
160 186 233 234 269 142 79 211 117 86 280 58 91 61 31 0
280 194 70 106 269 14 239 16 210 179 85 118 56 124 216 0
132 7 9 267 270 143 148 151 287 39 176 57 60 202 205 210 218 97 103 235 111 121 0
225 195 138 235 108 236 299 210 179 182 121 58 0
96 287 101 229 71 39 77 46 269 242 243 116 124 63 0
257 146 147 21 281 169 303 184 60 317 319 70 201 74 208 89 224 103 106 249 124 255 0
128 65 2 291 292 37 104 200 298 299 141 302 176 188 212 28 319 0
2 277 279 281 42 311 184 186 314 316 319 220 100 106 108 110 119 249 122 0
100 69 37 261 12 172 14 174 239 240 188 243 308 185 60 318 255 0
98 37 262 11 314 79 211 148 276 86 309 280 217 186 0
128 5 71 106 77 14 80 144 118 182 284 0
32 198 170 206 47 207 275 52 149 244 219 30 0
162 37 38 102 72 261 171 236 13 271 178 212 183 29 0
64 5 262 27 109 208 215 122 91 29 0
257 9 269 29 30 32 34 164 48 177 55 64 320 194 199 215 222 102 106 235 117 119 0
193 66 164 101 229 27 201 140 205 47 144 211 186 59 159 0
265 267 15 170 310 311 57 315 59 191 67 68 197 80 217 224 99 239 114 0
89 159 34 197 103 202 12 237 54 119 25 58 316 63 0
64 194 227 70 313 235 142 47 302 19 89 58 28 190 0
1 34 102 141 47 48 79 305 116 148 150 23 244 285 223 0
128 129 131 12 270 16 273 282 27 160 161 37 299 46 305 57 61 64 80 101 107 251 0
65 194 164 69 137 170 299 241 115 20 84 54 244 24 56 284 318 95 0
225 227 292 101 301 238 80 180 149 276 56 313 126 0
5 261 9 269 284 37 293 301 48 49 179 54 318 64 198 204 207 208 210 88 216 237 0
224 261 134 263 293 108 140 142 206 239 242 20 245 316 215 216 284 0
162 67 185 228 298 237 177 22 119 246 121 0
103 12 108 268 144 81 17 208 305 26 27 188 191 0
96 99 39 41 203 108 235 269 47 242 274 25 314 63 0
288 193 2 153 261 70 294 77 270 50 212 118 278 89 122 27 0
96 224 162 35 292 198 10 11 140 45 268 177 210 179 84 309 280 158 0
225 35 292 5 231 299 156 307 148 218 124 286 0
128 263 139 12 148 23 281 31 164 293 38 168 45 177 50 311 58 314 79 216 101 0
129 131 132 6 267 278 25 283 286 37 165 40 299 300 45 52 309 57 191 199 83 107 251 0
262 7 72 264 205 45 78 239 270 215 0
131 133 273 281 163 299 303 180 311 313 197 71 85 220 222 227 102 103 244 250 255 0
7 250 107 187 78 271 113 51 20 243 246 120 186 123 152 95 0
129 131 5 139 269 271 273 275 157 163 164 291 299 47 176 50 64 208 81 89 96 106 0
223 131 255 292 16 148 22 27 189 63 0
292 293 313 233 74 297 46 84 86 23 88 118 187 120 30 0
227 295 107 78 219 239 81 302 21 183 281 186 123 318 191 0
161 69 198 9 267 141 48 81 213 54 57 125 30 0
33 194 227 7 78 222 220 278 316 88 25 124 189 30 0
192 129 36 249 70 6 102 186 263 301 302 214 89 90 0
299 46 245 22 218 91 125 126 0
143 148 23 158 160 175 50 183 74 211 213 218 219 220 110 113 242 246 119 0
192 1 258 36 69 167 106 239 21 248 60 221 94 0
5 261 274 31 160 164 295 40 44 302 47 55 316 63 216 227 241 118 119 0
128 260 263 269 26 28 162 49 52 310 185 63 71 78 79 85 219 99 101 229 235 237 241 117 0
261 143 274 275 159 166 182 189 63 198 81 102 230 231 234 235 242 245 126 0
259 196 37 133 261 296 236 142 15 174 219 306 19 52 187 157 127 0
64 161 35 72 41 136 168 45 303 49 210 51 83 55 245 23 220 126 0
226 6 74 11 140 14 46 176 238 315 22 249 27 0
138 275 23 30 32 288 174 48 56 185 186 63 194 77 207 217 108 246 121 0
69 70 165 296 235 76 110 49 113 243 279 95 0
132 263 14 22 151 155 285 34 163 50 182 311 185 313 61 190 191 64 63 75 210 227 234 107 238 244 117 254 0
97 185 36 72 110 243 125 277 57 93 0
288 35 249 39 59 234 268 301 111 49 125 120 217 27 93 0
320 163 37 6 232 73 237 174 238 316 185 154 92 0
129 136 142 270 272 42 174 51 187 59 60 316 319 194 71 202 208 218 105 235 108 115 243 249 122 0
99 37 177 50 149 215 120 27 317 190 0
129 131 139 23 151 26 162 290 292 297 42 46 178 308 56 188 190 63 192 194 213 244 249 124 125 0
64 66 7 298 11 171 190 207 148 149 284 119 185 92 158 0
288 34 66 185 258 102 260 261 169 312 177 56 89 59 316 190 216 0
65 2 67 39 42 108 141 111 207 113 305 90 0
64 161 34 131 134 11 109 14 238 178 245 214 279 309 121 122 0
288 261 40 75 269 48 284 155 156 223 0
291 36 69 100 287 9 108 173 48 208 273 243 116 245 182 279 121 191 0
32 129 292 135 39 139 205 302 175 176 303 275 278 215 253 285 125 190 0
159 318 163 229 168 264 42 202 265 240 115 83 214 248 155 317 126 31 0
65 129 100 165 197 39 168 73 171 237 207 305 82 210 316 60 63 0
161 215 227 8 299 111 272 113 50 114 179 85 150 182 246 57 26 309 0
65 229 234 173 175 49 84 149 118 308 25 28 255 0
256 199 170 75 76 235 271 303 212 150 248 122 316 0
103 199 45 174 79 48 80 87 281 250 188 318 191 0
67 227 260 102 294 106 240 182 184 121 91 316 0
65 162 228 101 45 174 152 188 24 285 92 125 223 0
34 194 138 174 15 147 20 216 153 154 95 0
248 289 101 70 39 197 294 142 15 309 56 155 28 222 190 0
257 164 69 264 270 111 176 246 247 56 284 0
128 3 6 268 150 282 157 37 45 305 51 66 72 81 210 89 93 245 123 0
1 223 36 268 45 173 207 303 177 18 20 117 213 55 122 318 127 0
318 66 255 291 198 231 10 234 298 109 111 145 148 188 93 254 31 0
226 39 232 41 264 235 12 172 174 238 269 297 20 248 60 286 0
248 66 194 196 228 39 71 295 14 110 48 177 84 184 29 63 0
256 288 130 144 272 146 115 213 152 313 0
289 27 104 45 46 173 238 113 302 179 52 122 91 158 0
133 136 9 268 271 147 167 46 188 194 200 73 206 81 86 94 103 105 239 249 0
224 161 288 100 167 296 299 238 47 302 147 116 20 118 184 0
194 35 37 197 261 264 175 179 243 56 25 315 30 0
6 136 141 17 25 28 163 36 292 44 57 207 81 83 86 217 91 230 235 241 124 0
129 136 267 144 22 279 280 27 290 166 183 71 200 78 86 214 223 227 115 120 0
194 163 228 197 109 156 53 245 310 152 59 60 0
161 131 36 293 200 235 108 44 301 272 273 85 56 121 0
258 260 267 145 24 158 165 39 299 44 48 176 52 183 62 318 198 200 78 84 96 233 242 245 249 0
256 33 161 196 102 200 269 79 177 82 213 182 215 245 217 250 254 0
261 138 269 142 157 32 34 168 169 170 296 73 210 216 219 95 101 102 117 251 125 0
141 276 151 284 28 288 169 170 298 180 310 318 191 67 197 72 215 221 95 96 98 105 245 0
288 163 134 71 199 231 16 48 305 244 122 91 220 0
160 257 226 228 168 298 108 279 143 176 303 310 23 58 252 0
2 261 134 269 156 158 288 164 37 301 310 313 317 63 200 74 203 208 86 95 255 0
228 69 197 231 40 261 42 204 174 210 220 276 313 124 159 0
318 97 191 166 264 296 268 79 16 17 177 273 84 118 25 59 190 95 0
64 196 69 229 40 234 171 298 15 305 83 85 317 31 0
135 268 272 279 153 29 40 313 58 65 206 210 85 226 103 236 238 242 119 124 0
257 36 200 138 203 77 175 117 149 55 190 317 158 319 0
198 317 41 106 11 85 23 57 123 29 0
64 165 261 231 141 80 210 54 91 220 0
33 129 161 36 122 104 301 110 207 51 149 311 120 26 59 316 0
33 197 38 102 136 170 202 15 303 113 180 245 309 215 217 30 0
2 292 69 6 167 263 9 137 170 202 45 17 274 86 215 25 250 0
8 10 140 17 18 21 38 172 186 59 319 192 205 208 215 226 227 239 113 118 125 0
162 226 5 134 139 299 237 78 113 309 150 189 57 157 190 0
64 96 161 163 257 288 6 291 264 169 143 239 311 90 188 221 126 63 0
32 293 168 9 169 202 232 141 302 208 179 20 276 152 217 30 0
224 289 66 291 228 5 166 261 299 236 205 238 112 82 213 311 217 155 0
291 4 137 44 109 205 47 238 81 278 119 151 59 95 0
161 163 69 202 235 76 300 46 20 311 25 58 189 286 255 0
224 1 137 169 187 251 48 283 212 54 185 27 284 317 223 0
99 227 197 293 167 104 168 264 265 140 303 81 306 147 276 85 249 125 0
32 33 34 256 291 5 168 299 140 269 78 80 180 22 248 221 254 319 0
288 263 137 138 43 107 203 301 16 48 51 119 250 123 60 254 0
97 98 12 46 117 310 248 284 0
4 232 264 172 109 187 143 237 81 17 113 84 240 86 306 91 0
256 3 139 274 275 148 279 26 32 33 166 39 300 45 301 303 58 315 317 190 194 209 215 227 230 121 124 0
99 4 36 230 296 170 234 147 244 310 23 281 187 63 0
65 39 77 110 15 205 273 243 214 280 27 156 223 0
160 58 39 104 202 236 268 14 49 305 115 254 26 190 30 0
224 1 2 67 164 101 264 138 234 237 271 176 53 120 89 127 317 63 0
259 260 269 142 17 275 20 150 23 280 25 160 288 42 299 182 55 191 193 68 197 202 92 108 121 251 252 0
132 264 10 12 14 16 272 20 32 35 170 48 307 311 59 76 208 88 250 0
33 194 226 265 14 143 174 113 53 149 23 310 155 62 0
131 259 263 265 12 274 279 28 162 36 175 177 312 314 186 190 70 72 85 0
128 160 67 197 198 297 171 141 174 176 17 273 305 278 57 92 318 0
231 232 233 14 80 17 81 178 84 150 55 58 315 279 0
6 267 273 157 30 292 42 45 174 309 313 190 319 191 201 211 102 234 246 0
65 36 37 260 167 40 123 241 212 117 59 92 93 0
131 5 133 139 142 271 277 283 284 159 38 43 299 173 311 187 74 77 210 221 225 228 115 244 250 124 0
34 227 69 230 261 136 78 47 207 177 51 310 152 57 314 0
259 260 272 149 158 177 56 186 188 316 63 319 194 69 74 80 211 98 241 252 254 0
128 226 228 37 133 199 319 74 302 239 51 212 275 310 119 219 156 255 0
1 6 262 266 272 150 23 281 156 160 303 304 50 180 186 208 99 102 243 248 255 0
280 289 100 197 70 38 103 260 170 262 267 46 306 148 276 56 316 0
192 2 36 231 168 200 115 117 118 119 156 317 62 0
256 99 100 134 262 201 138 250 140 155 14 17 213 221 90 59 124 61 0
101 6 263 139 14 270 240 306 85 309 183 56 123 60 0
228 38 267 140 47 208 18 51 179 211 243 151 93 0
160 288 194 163 164 228 102 42 109 270 17 51 115 276 280 90 219 159 0
260 133 6 137 276 279 25 161 293 50 188 61 63 319 72 204 222 96 228 229 111 249 255 0
164 135 138 11 314 305 275 284 54 279 120 316 26 123 124 317 254 191 0
285 228 292 168 9 234 296 140 112 49 212 152 217 58 93 127 0
3 5 261 11 140 274 21 22 149 26 31 166 174 54 186 59 317 215 218 97 100 119 0
128 130 262 141 16 273 152 158 301 176 49 313 58 60 215 217 232 107 237 0
97 66 196 103 263 107 14 111 80 143 270 56 216 95 0
34 231 59 48 80 84 118 25 27 126 127 0
128 257 68 135 235 239 210 118 150 216 217 124 158 31 0
1 65 296 270 239 16 304 149 119 216 183 318 255 0
192 1 135 41 107 139 140 203 143 82 211 25 126 283 92 62 0
1 191 199 73 109 237 63 242 157 155 220 93 190 95 0
2 34 4 75 235 149 118 157 0
6 136 10 12 273 21 31 166 51 309 185 58 315 78 215 95 97 102 248 255 0
1 260 266 273 276 281 46 176 305 52 188 190 194 75 205 81 211 93 98 107 122 0
224 288 66 163 71 231 232 205 237 17 50 210 306 85 249 284 0
248 227 100 38 198 136 141 83 179 309 150 23 151 310 126 127 0
2 258 269 275 36 40 172 174 47 178 190 64 194 200 82 211 84 212 220 96 104 233 242 246 248 0
257 37 6 7 200 231 261 11 271 180 212 309 184 153 314 28 318 0
96 256 226 227 165 234 139 14 142 238 180 150 278 158 221 94 0
128 65 102 137 170 266 14 174 272 113 309 118 279 25 188 285 57 0
258 11 139 140 273 32 44 49 53 186 70 78 207 83 92 221 94 117 251 254 0
64 160 162 196 10 266 269 301 302 80 113 83 275 54 24 187 29 318 0
224 5 264 140 303 208 113 311 216 92 254 63 0
291 261 264 203 15 48 113 177 279 184 250 127 0
64 71 43 140 171 114 51 245 120 26 0
70 262 9 171 12 140 237 15 16 299 84 88 249 250 187 255 0
161 225 67 227 258 291 138 282 108 140 47 305 117 213 218 315 317 255 0
66 261 263 105 170 12 44 283 146 213 120 121 250 59 316 317 95 0
129 38 78 145 213 182 313 286 63 190 127 0
162 196 228 292 72 104 106 11 172 202 233 234 176 238 213 218 156 0
128 134 137 265 141 174 80 17 208 148 54 215 316 57 186 27 188 0
160 291 134 313 104 74 60 144 49 245 150 151 56 57 28 95 0
35 6 231 263 300 303 144 178 54 119 217 286 311 254 63 0
288 2 229 249 7 40 200 107 271 80 188 211 220 117 118 185 92 0
226 196 133 319 234 203 269 174 239 303 179 243 26 316 31 0
97 38 295 40 200 44 173 300 176 213 182 277 221 91 125 159 0
197 135 72 46 206 270 303 114 305 306 117 149 280 25 319 0
128 266 21 25 289 165 168 45 301 302 48 176 309 183 200 74 218 224 100 239 0
129 12 271 147 278 153 155 159 160 176 306 60 66 196 73 83 86 100 103 105 243 0
291 99 313 0
290 4 260 201 235 12 45 81 220 243 313 27 190 94 0
257 98 99 255 69 292 135 136 264 317 48 113 147 88 121 27 29 127 0
258 3 138 142 272 275 282 308 54 185 67 205 91 227 103 237 238 117 123 0
259 144 17 20 28 162 163 292 40 172 175 311 185 314 59 63 64 71 73 89 99 104 0
257 2 19 151 279 283 157 288 161 38 40 299 46 306 311 186 192 67 97 105 239 240 0
32 5 89 123 317 0
129 194 291 249 38 313 105 201 299 269 14 142 18 311 89 61 126 0
161 58 293 135 46 16 176 306 276 247 89 26 155 284 253 62 223 0
68 260 264 236 302 83 182 248 25 188 285 190 95 0
153 100 132 217 71 137 238 48 80 176 305 306 182 215 89 315 253 0
262 135 263 140 151 29 158 33 170 48 308 311 59 316 204 89 98 99 233 239 245 255 0
257 135 267 273 28 286 292 169 42 171 298 175 51 180 74 80 224 241 249 0
318 42 12 143 283 303 85 117 247 216 25 278 123 62 0
224 257 2 227 264 298 144 118 27 223 0
4 25 30 35 36 291 171 182 187 60 64 192 193 86 229 105 246 250 126 0
2 6 139 26 33 289 291 292 168 177 309 183 313 186 193 194 197 85 94 227 250 0
256 161 34 288 291 296 282 140 204 314 113 210 115 311 184 250 316 222 0
1 145 278 28 289 291 297 299 303 51 318 76 215 88 217 234 235 110 239 246 254 0
227 164 101 166 200 169 177 152 285 159 0
131 196 197 227 295 77 14 52 186 220 62 0
32 288 2 67 291 7 199 169 298 11 172 302 49 82 178 150 315 220 0
289 226 260 6 266 107 203 77 269 305 308 245 278 56 217 27 127 63 0
33 69 37 103 235 300 179 211 121 122 123 0
224 162 195 255 294 111 176 113 208 284 120 121 26 28 157 31 0
2 3 10 138 142 291 166 167 170 300 175 178 306 52 190 196 201 226 228 101 106 126 0
133 136 268 145 34 293 294 39 40 302 176 69 84 217 91 95 229 117 246 253 0
96 320 102 71 169 74 138 271 48 156 55 185 187 124 157 63 0
128 34 291 132 203 141 219 111 47 242 52 148 279 59 253 0
64 33 160 40 75 271 16 303 119 23 120 90 155 279 152 319 0
288 165 134 104 73 202 232 296 298 271 53 309 310 280 249 219 0
259 6 156 36 302 307 54 185 313 59 68 196 71 200 80 213 221 103 108 240 120 0
65 66 293 134 9 77 14 275 56 250 29 318 0
128 133 17 276 24 25 282 164 38 67 68 202 208 86 226 112 240 246 247 253 126 0
194 299 269 47 48 177 56 317 61 286 0
128 291 136 169 236 77 78 206 239 268 51 20 276 307 120 155 190 0
33 292 103 8 201 295 108 239 145 177 149 245 215 184 0
162 99 9 234 11 298 237 46 242 51 275 213 218 59 127 95 0
159 33 2 223 196 224 9 169 139 234 17 51 115 213 278 125 318 63 0
258 132 70 262 219 114 211 311 187 284 189 0
262 264 11 142 22 24 25 152 155 27 163 293 169 59 318 319 64 67 69 80 0
163 217 70 39 262 11 110 144 49 241 147 212 125 277 307 57 187 29 0
32 2 229 263 74 266 175 16 144 271 147 213 309 218 60 126 0
1 227 291 37 265 48 146 179 117 215 280 57 122 187 285 319 0
256 258 133 18 279 24 28 163 164 310 311 187 64 194 198 226 228 235 116 0
96 256 34 320 164 200 202 144 145 92 125 254 0
2 5 153 154 283 159 36 171 173 57 69 70 198 80 213 218 230 248 122 0
128 4 274 168 297 303 50 51 179 186 188 69 70 73 202 213 92 96 109 0
1 17 148 150 40 298 299 44 303 307 53 318 200 76 213 93 99 103 253 0
32 1 64 65 131 164 166 230 234 46 17 241 115 57 250 221 0
1 131 11 140 13 272 276 150 23 279 282 161 34 303 310 186 200 85 215 221 95 233 124 0
291 100 164 38 167 200 260 295 139 203 16 82 146 210 247 217 0
289 262 186 299 268 109 142 47 177 220 213 214 217 90 124 0
256 259 105 138 11 171 234 267 26 59 189 0
129 98 193 228 5 169 75 236 45 46 173 174 81 240 267 148 304 154 0
192 66 196 40 264 266 107 298 77 208 81 50 212 21 246 60 157 254 0
96 223 165 38 105 108 204 303 60 158 31 0
64 164 292 230 205 78 271 112 81 18 115 303 56 251 60 253 30 127 0
128 259 140 282 157 160 170 299 54 186 190 82 211 88 226 233 115 244 122 0
136 9 269 23 157 33 39 43 177 306 307 195 206 210 91 231 107 116 244 248 0
256 1 262 264 144 19 34 293 298 175 179 52 54 317 190 212 85 107 237 110 119 249 0
7 14 276 279 285 288 161 298 171 173 50 56 57 186 313 60 63 83 86 228 101 116 0
99 163 164 39 40 42 11 282 205 298 301 112 17 302 56 154 155 0
99 35 291 231 138 174 208 49 18 19 212 248 121 284 222 0
129 225 37 70 38 262 265 142 272 308 88 216 191 0
257 227 135 298 75 141 144 176 246 247 280 281 123 159 0
96 101 27 73 105 139 12 239 177 305 311 279 282 59 157 0
8 138 11 12 139 14 140 271 274 32 160 297 170 298 63 74 208 91 238 0
32 66 259 169 123 78 46 177 82 220 243 305 186 91 60 125 0
291 260 101 198 294 136 73 137 80 17 144 217 186 0
2 268 270 150 288 162 298 48 316 188 191 319 67 83 212 221 227 105 248 121 0
1 255 164 196 292 45 206 177 250 155 317 31 0
162 226 132 260 267 47 273 310 55 317 30 223 0
64 159 256 227 259 27 74 170 44 204 269 47 271 149 246 247 59 31 0
197 102 70 198 261 106 205 210 84 250 127 0
225 5 40 9 170 234 140 79 144 17 176 307 311 216 0
288 98 194 228 200 171 208 241 182 311 121 92 63 127 0
65 131 227 228 70 135 293 313 42 203 299 142 111 208 82 279 153 127 0
96 288 132 71 143 144 81 239 87 281 58 316 127 0
1 69 71 106 236 269 60 188 306 307 313 28 0
65 263 40 136 296 173 14 143 176 49 214 311 93 286 0
96 131 292 302 79 115 214 119 59 60 255 0
169 236 115 218 220 222 62 0
258 146 25 283 160 33 291 297 302 303 50 178 181 317 64 69 81 82 217 92 223 102 244 0
261 134 263 17 275 151 26 30 296 59 319 320 63 67 197 81 218 95 108 0
161 34 3 5 38 229 44 76 172 239 240 51 84 311 56 249 62 159 0
128 288 2 260 168 108 47 144 147 307 213 86 182 185 60 319 0
256 193 132 69 292 7 265 297 108 16 17 49 243 306 307 122 315 0
66 36 6 104 233 74 238 143 309 316 215 279 0
69 263 46 174 239 271 82 179 52 242 273 59 0
259 228 70 240 210 51 84 243 277 157 318 0
32 248 289 263 59 77 303 211 184 123 156 216 0
65 129 260 40 73 170 233 299 77 110 269 16 48 301 22 25 63 0
266 15 22 278 283 297 298 172 300 302 51 85 215 91 93 103 233 243 116 244 0
34 98 7 264 11 269 16 240 309 22 214 24 310 215 251 216 0
64 33 197 102 232 297 91 11 106 155 173 175 115 56 88 0
66 37 102 140 303 208 243 309 182 316 26 92 189 223 0
32 65 96 257 71 234 267 299 304 275 244 22 155 318 223 0
194 35 101 282 108 115 117 281 186 284 190 0
128 129 258 68 173 270 220 213 284 311 153 187 124 0
9 273 22 162 163 166 297 174 302 180 310 200 73 82 214 217 89 96 231 113 244 246 122 0
97 232 169 300 45 173 270 252 25 220 63 0
1 257 146 147 21 150 26 159 39 301 48 307 182 58 64 80 224 106 248 123 125 0
96 192 68 105 109 174 271 176 146 246 253 282 221 222 63 0
1 33 97 234 107 141 302 48 240 82 115 243 245 55 57 218 317 191 0
160 257 226 217 292 319 232 107 208 177 242 179 304 56 121 188 63 0
96 34 194 5 319 174 50 213 311 58 315 93 63 0
288 34 227 164 71 168 266 236 110 113 274 85 279 120 219 284 0
191 255 165 200 169 107 299 109 239 148 180 214 276 310 281 282 127 0
98 259 101 136 105 11 269 301 81 177 241 86 55 125 95 31 0
224 312 292 69 231 73 300 206 113 18 84 86 221 218 155 125 0
129 133 14 18 28 159 47 304 49 50 55 185 59 77 211 223 238 111 125 0
318 161 293 70 71 317 297 175 243 277 183 218 219 93 126 95 0
256 131 249 6 136 233 42 108 78 270 273 246 121 284 255 0
33 191 262 71 7 76 78 206 304 21 309 88 313 123 60 126 127 0
2 144 17 150 282 26 28 39 170 171 301 192 67 68 205 209 96 103 235 120 0
191 69 168 105 169 77 269 213 86 313 29 63 0
33 191 257 133 77 271 304 179 123 159 0
34 255 164 69 134 140 237 210 118 182 122 63 0
268 280 296 171 305 312 57 187 318 195 84 90 223 97 231 106 243 246 249 0
34 131 185 215 198 226 232 140 176 49 113 87 89 154 28 319 0
257 227 261 71 8 233 170 298 299 78 283 82 248 57 27 28 286 0
64 33 98 195 164 228 102 259 73 202 45 272 54 118 278 27 223 0
288 225 320 67 249 136 169 299 142 238 176 113 180 53 311 25 122 220 0
171 45 177 114 85 150 23 182 95 63 0
132 147 278 23 34 35 292 38 295 299 300 310 186 317 198 221 95 98 99 237 238 118 0
266 270 280 32 40 300 54 59 317 64 65 66 197 202 79 210 83 226 110 122 0
280 66 67 289 293 279 176 274 148 117 254 184 60 317 126 0
131 140 141 148 281 156 31 288 39 173 177 308 309 310 188 64 194 70 72 96 226 0
160 131 195 135 168 186 13 239 115 117 246 26 155 287 0
131 267 144 17 25 172 179 184 185 186 317 319 202 79 82 216 217 120 223 95 248 125 0
139 140 143 278 151 155 29 162 292 38 171 299 185 316 63 200 211 219 91 115 243 244 120 0
98 100 165 6 103 229 105 12 236 305 50 115 275 85 56 281 60 93 0
135 105 138 169 303 176 84 59 316 29 318 0
160 68 293 102 231 168 262 42 235 263 269 15 179 243 151 57 0
33 226 258 100 39 136 263 108 237 269 304 308 152 91 188 221 318 0
165 166 263 104 201 11 14 111 17 82 149 182 279 27 0
194 38 263 171 84 277 278 55 280 183 58 63 0
96 70 166 170 11 43 44 267 273 210 307 245 284 24 27 28 30 191 0
227 164 264 105 267 111 272 273 147 20 149 183 216 187 254 0
161 193 3 293 319 231 72 264 282 175 272 275 244 86 26 283 125 191 0
256 67 164 37 6 168 43 107 140 174 272 115 277 279 216 311 95 0
289 72 105 123 269 79 305 148 214 250 27 0
1 132 261 165 166 46 174 48 304 59 67 77 79 207 209 83 98 227 243 116 0
248 164 102 7 299 13 14 110 143 176 243 307 54 216 281 90 0
256 261 266 19 278 25 28 29 36 39 297 42 170 173 183 311 59 191 71 207 100 239 113 0
162 36 133 71 7 218 138 77 109 110 16 141 278 58 187 0
224 66 195 5 6 106 234 298 14 244 117 22 246 152 278 310 155 316 0
34 131 37 133 39 231 105 169 140 301 178 211 182 248 125 287 0
66 255 132 217 102 70 71 262 212 214 185 191 0
32 248 34 185 226 165 6 292 136 174 113 88 25 314 91 317 94 0
144 22 164 166 49 180 54 61 73 207 83 84 211 90 103 234 108 120 255 0
36 165 72 169 76 109 302 240 115 117 184 154 315 125 222 0
10 146 274 283 31 288 162 311 317 67 196 96 100 228 108 113 117 118 124 127 0
64 35 291 135 18 179 306 251 0
65 193 198 103 294 10 235 108 45 174 207 299 81 211 276 85 311 0
164 138 107 170 172 269 143 303 113 179 149 22 213 312 218 0
289 194 197 198 297 17 210 281 123 0
128 65 191 69 5 169 106 171 201 238 175 113 178 149 216 155 159 0
65 162 132 7 8 168 74 234 44 141 296 207 85 86 182 309 281 190 0
64 320 102 264 205 79 80 17 113 114 239 125 316 185 188 29 0
64 34 223 265 173 185 58 127 0
64 96 160 312 296 106 78 142 271 180 24 282 157 95 0
129 162 69 294 295 40 298 107 237 50 212 186 189 0
3 20 148 26 283 30 164 37 39 169 42 49 316 318 74 216 238 125 126 0
131 28 157 291 164 168 41 296 180 57 63 193 69 73 76 77 80 91 221 234 0
257 6 137 139 14 280 28 285 166 39 45 47 56 185 186 88 116 250 123 0
1 260 38 6 198 200 264 301 46 14 177 116 279 62 286 0
37 71 104 41 169 170 46 303 177 307 125 245 121 155 93 126 95 0
1 258 165 122 39 264 293 44 14 110 180 85 121 26 59 188 317 0
2 133 7 265 272 19 147 158 287 161 315 61 318 63 65 68 207 210 102 113 0
264 12 283 156 30 161 297 178 313 68 78 95 97 227 101 238 242 121 255 0
2 98 132 163 104 110 47 188 84 118 311 124 0
98 163 4 293 166 186 202 303 113 147 244 89 58 60 0
259 5 136 169 202 107 267 176 305 51 275 53 311 188 31 0
256 135 12 147 148 276 283 41 302 303 178 180 70 211 95 98 100 101 245 248 0
64 191 67 133 262 319 247 297 314 215 253 26 219 157 190 31 0
217 73 202 12 79 16 80 113 243 307 280 185 315 0
97 67 131 230 7 135 167 106 272 243 85 153 122 28 157 0
256 98 319 168 264 74 138 298 16 80 177 304 244 86 311 155 223 0
257 259 260 269 148 21 150 28 164 44 45 188 318 190 193 223 99 110 249 0
1 2 67 38 262 272 306 180 149 22 23 88 151 310 279 311 254 0
97 258 263 296 235 267 77 239 303 211 116 315 0
98 3 217 229 204 237 174 175 80 144 86 119 56 153 311 0
64 293 313 141 180 280 89 0
248 129 67 291 229 281 251 80 113 114 184 25 27 0
200 298 120 14 79 238 51 84 212 86 56 314 91 31 63 0
160 129 133 43 11 314 271 16 144 304 51 309 248 57 26 187 0
217 293 294 199 168 263 235 237 14 49 51 86 57 218 60 61 62 63 0
131 259 12 269 147 159 160 291 169 46 174 175 55 59 191 68 200 102 230 123 253 0
288 191 320 294 295 141 112 208 85 54 220 317 31 0
196 5 90 260 170 107 210 83 220 213 279 248 281 58 60 157 63 0
132 136 14 17 21 279 281 302 185 186 66 205 210 211 217 221 98 243 122 253 0
224 65 227 37 41 265 171 44 175 49 311 248 91 0
129 289 249 200 236 254 54 119 221 185 155 60 125 253 95 0
96 65 97 194 224 261 169 265 268 302 305 244 279 121 0
289 259 292 198 263 200 299 204 176 113 19 85 186 251 29 223 0
1 261 265 268 280 284 156 49 305 182 184 70 199 80 88 221 99 227 113 0
226 3 132 199 42 210 56 282 222 0
1 292 293 108 314 174 207 81 209 276 249 122 127 317 30 95 0
224 97 35 227 134 198 168 105 42 75 299 314 52 186 315 252 63 0
1 168 169 170 235 264 299 305 222 211 85 86 182 250 317 93 158 191 0
128 134 7 14 274 147 293 297 54 184 57 186 314 315 69 203 78 211 221 103 254 0
193 2 163 194 135 263 269 110 17 113 241 311 310 247 121 218 253 31 0
288 129 185 291 101 6 198 264 297 42 143 305 84 21 183 57 221 95 0
291 101 230 264 42 267 12 77 238 49 274 85 311 120 121 314 91 156 0
1 161 99 67 101 165 297 170 139 237 241 210 86 214 152 281 250 92 0
98 226 132 293 108 44 140 269 144 81 274 179 303 304 247 186 0
1 132 14 272 145 18 23 283 158 35 292 298 300 174 51 52 311 64 213 102 241 249 0
160 1 260 38 231 44 46 82 51 114 211 54 212 244 306 30 0
255 168 180 316 215 152 25 156 157 31 0
131 297 107 48 210 147 276 311 314 0
132 164 205 207 239 243 52 316 279 218 124 61 126 95 0
32 128 67 108 300 85 149 119 187 28 190 0
1 98 228 261 7 186 199 200 12 16 48 145 179 307 249 122 59 31 0
67 255 104 113 243 52 156 254 63 0
39 200 296 171 204 269 80 145 177 51 275 283 183 122 187 92 125 0
96 99 260 167 265 208 49 92 0
103 72 71 138 202 14 142 113 147 20 148 244 217 127 0
257 7 12 271 17 20 279 281 289 290 46 47 180 313 65 71 77 80 101 230 106 242 121 0
160 1 35 100 167 236 46 207 238 113 82 270 276 303 186 159 0
224 2 36 132 6 40 136 139 78 111 302 274 243 218 27 94 0
137 11 12 22 23 279 283 284 158 292 293 168 300 174 175 53 56 185 230 108 109 110 0
1 167 138 237 269 239 112 49 274 51 244 301 86 184 218 155 92 190 0
224 232 138 171 267 78 176 272 242 220 20 183 186 28 158 255 0
130 133 261 12 269 145 149 150 170 305 317 61 74 213 221 234 107 241 121 0
64 99 70 231 138 298 12 155 142 174 208 17 269 273 148 149 27 254 0
258 261 11 268 281 161 163 51 54 186 61 62 75 205 82 223 101 231 234 119 123 0
194 287 261 72 178 179 277 157 214 24 56 220 61 222 127 0
129 5 264 14 154 158 169 170 299 172 176 54 185 314 62 194 200 211 213 239 250 124 0
268 143 25 27 34 165 303 311 314 318 223 101 249 111 240 113 243 121 126 0
129 12 272 21 277 31 291 292 39 44 73 207 82 91 93 223 226 106 238 250 126 0
96 39 103 138 11 139 77 205 113 28 285 0
163 172 109 110 240 210 212 276 217 27 188 0
2 262 7 269 270 272 17 25 161 164 165 167 176 59 60 69 73 232 124 0
32 256 163 37 39 8 138 272 177 82 180 277 279 281 27 253 158 191 0
258 103 200 298 171 78 177 52 213 118 182 316 157 0
32 128 71 27 199 263 108 78 208 272 307 248 121 59 0
318 66 163 100 249 71 268 110 147 243 153 314 27 190 319 0
131 5 17 23 155 37 39 167 45 177 59 60 190 64 65 68 85 224 126 0
288 39 40 138 268 14 271 212 214 314 316 253 0
2 131 135 265 19 280 154 283 161 292 40 60 317 66 89 93 228 102 104 245 121 253 126 0
128 258 18 25 283 284 30 41 299 172 174 175 177 311 315 194 68 73 207 82 95 112 248 0
256 65 2 132 199 43 107 240 210 180 186 59 253 126 0
192 1 290 255 100 37 293 295 297 302 53 24 29 191 0
140 17 274 27 31 163 291 44 45 302 48 313 59 65 74 85 239 245 249 0
1 257 7 263 300 283 304 276 119 120 155 61 31 0
226 39 106 299 12 269 239 16 85 279 184 57 158 191 0
292 296 74 75 106 298 174 16 209 217 59 0
131 9 13 14 152 289 37 40 54 317 190 64 65 78 86 236 110 114 249 0
70 39 7 75 13 46 110 48 52 311 56 315 0
161 162 291 293 71 169 175 271 306 84 309 183 316 222 191 0
65 37 71 313 304 17 150 182 246 153 124 190 0
32 1 35 68 37 6 100 72 200 227 233 292 301 303 52 118 285 31 0
64 67 131 227 198 261 281 108 12 242 149 213 119 120 278 279 311 0
226 67 42 172 45 60 243 85 277 28 317 0
194 260 198 262 41 169 201 172 238 274 148 184 26 219 0
97 66 129 294 295 171 108 77 46 205 268 82 151 248 58 187 93 0
165 198 104 265 11 140 47 48 80 243 252 276 311 152 186 317 92 29 0
129 132 260 151 31 293 38 40 68 70 71 200 77 209 95 99 114 248 124 0
14 274 282 166 174 310 184 64 205 79 215 216 92 221 93 105 245 246 125 0
2 100 136 265 17 114 242 273 0
289 261 70 168 266 75 272 115 21 220 63 0
257 39 296 105 233 108 208 240 307 217 95 159 0
196 229 293 27 105 234 139 141 205 304 309 59 220 95 0
161 194 229 319 104 45 238 176 208 241 283 54 279 122 219 317 63 0
33 66 194 258 292 38 199 235 111 48 55 253 250 221 0
138 14 16 273 277 166 39 56 185 57 59 184 63 320 68 197 73 74 92 101 109 239 253 127 0
64 227 68 102 104 44 303 149 54 55 310 185 220 0
32 232 12 204 269 16 212 149 91 286 190 127 0
192 320 38 198 263 9 169 267 44 109 313 243 157 121 29 63 0
224 227 291 169 250 235 302 49 83 309 214 58 27 284 0
131 19 279 160 298 301 314 317 198 71 207 213 214 225 233 236 109 237 122 0
64 65 318 4 196 264 140 45 173 175 236 115 118 246 253 58 29 190 0
129 227 132 293 233 282 272 273 243 244 218 27 92 317 0
195 40 247 298 302 79 305 311 19 119 249 186 27 28 221 0
134 17 284 162 293 169 175 307 184 58 317 62 319 65 196 70 79 95 102 113 122 0
192 224 289 292 197 38 293 300 144 273 115 22 25 219 252 157 158 0
160 291 164 134 262 40 201 77 47 17 212 281 191 0
129 2 268 146 165 49 60 317 80 211 212 214 216 247 220 239 114 119 122 254 255 0
288 65 257 100 69 101 168 235 268 238 178 246 279 315 316 63 158 95 0
260 148 25 283 293 45 47 304 59 188 318 69 205 95 111 239 246 122 124 0
292 37 38 262 140 15 178 116 212 89 190 61 126 0
100 261 134 103 39 264 42 139 267 48 307 212 318 0
224 45 78 269 208 270 305 284 22 215 89 283 60 127 0
303 176 113 114 213 279 250 31 95 0
66 194 165 9 297 172 109 78 110 303 52 280 156 0
1 101 38 187 205 237 301 17 209 184 123 60 189 158 223 0
224 65 129 165 8 268 14 174 238 18 84 88 255 0
262 138 143 19 279 30 289 293 41 48 309 313 191 67 198 218 221 110 121 126 0
70 8 186 300 109 269 177 82 147 220 241 214 121 58 60 31 0
96 2 227 6 232 19 117 125 181 281 58 283 93 0
273 277 29 45 304 317 65 194 69 75 203 82 217 89 220 222 226 231 232 109 238 0
196 229 198 107 108 80 147 84 149 151 280 57 30 0
163 287 101 230 39 231 233 170 319 141 206 49 274 60 31 0
131 197 229 75 172 300 272 56 58 0
34 227 317 105 202 269 302 54 278 58 59 279 311 63 0
130 261 143 31 32 34 164 166 297 47 48 304 51 310 311 188 194 70 218 0
224 65 162 261 6 72 169 265 235 79 111 52 117 276 120 26 159 0
129 258 59 138 11 268 173 269 239 242 274 117 279 250 123 92 125 222 0
135 21 24 39 168 298 175 180 309 54 55 314 198 224 99 122 237 247 250 124 127 0
193 291 196 228 263 297 314 143 210 242 275 85 306 122 187 253 318 95 0
96 66 258 69 313 264 73 201 271 176 177 303 276 311 25 317 29 254 0
128 138 11 143 147 152 162 171 46 54 56 59 65 198 211 91 221 236 239 113 117 246 0
67 69 71 45 82 23 116 118 55 150 185 122 30 127 0
128 160 99 131 164 233 51 115 212 308 184 57 187 126 216 0
96 223 260 293 170 109 269 302 49 275 311 248 221 158 95 0
320 99 264 138 267 141 238 222 276 118 215 120 186 155 220 29 126 191 0
160 99 168 105 138 47 15 304 148 54 150 120 185 155 0
129 69 5 297 306 84 311 313 159 0
96 2 293 198 235 108 282 60 156 188 117 221 25 58 219 28 157 158 0
257 35 317 106 299 81 49 306 284 182 221 217 123 60 29 0
160 192 291 132 229 319 106 301 302 116 212 122 317 159 0
160 260 234 241 182 214 120 0
37 294 169 297 140 271 114 51 311 24 0
129 260 9 14 160 288 36 301 54 56 314 69 202 91 220 101 102 105 124 0
128 260 133 264 267 268 278 24 154 283 39 303 53 63 194 195 201 213 118 249 254 0
32 65 131 198 136 11 108 77 140 175 305 51 243 149 0
128 224 165 6 7 262 235 208 81 183 152 27 286 311 222 191 0
65 98 99 39 7 71 73 43 302 180 249 282 28 255 0
132 5 6 148 278 279 154 39 40 296 45 56 59 188 316 198 74 222 224 101 238 245 124 255 0
6 265 14 146 24 155 289 34 39 297 172 182 311 60 71 77 78 207 85 219 92 93 99 108 113 125 0
257 223 196 69 38 293 297 143 207 147 52 117 86 153 122 317 191 0
64 97 223 37 38 40 107 79 283 213 310 184 59 317 159 0
33 129 194 293 42 235 236 78 18 115 212 309 152 187 60 286 0
64 97 131 261 262 167 136 137 106 11 200 82 51 20 122 156 30 0
288 97 291 6 135 200 9 108 46 175 180 23 120 156 30 63 0
267 140 144 148 289 292 37 166 293 295 303 176 307 308 309 57 191 77 84 93 105 106 0
1 264 11 140 143 17 281 291 293 185 317 70 210 211 90 92 226 229 108 111 249 125 0
193 289 196 38 294 295 233 267 45 283 17 243 55 59 158 0
14 271 18 178 310 313 190 68 71 202 223 97 100 105 234 110 244 123 254 0
103 264 233 45 112 113 22 311 152 89 282 62 0
2 66 132 105 106 250 113 244 22 23 216 246 154 310 220 0
97 258 163 164 136 200 170 242 244 182 88 217 90 220 0
129 226 291 292 200 77 249 317 28 125 0
265 155 29 286 158 32 299 176 306 179 55 314 65 71 86 223 107 236 111 113 0
101 70 261 136 281 268 237 47 271 17 113 22 151 310 121 314 254 0
11 13 271 147 148 149 175 48 306 311 184 60 316 196 72 77 212 93 223 99 113 0
193 261 6 167 74 139 155 141 269 251 210 249 123 188 0
121 36 102 200 9 232 43 237 301 113 306 244 22 25 0
288 198 39 104 140 237 239 16 271 272 274 245 86 215 186 188 94 0
140 14 271 158 30 160 34 170 171 309 60 197 71 83 85 224 103 109 237 240 113 248 255 0
193 194 293 6 297 138 239 18 278 119 57 91 318 255 0
257 136 273 279 24 152 283 284 159 37 296 170 299 50 51 64 119 217 219 223 229 240 117 247 124 0
129 193 294 71 10 269 177 82 20 181 86 182 309 187 0
97 131 100 163 102 122 195 207 176 17 82 182 23 26 158 0
194 131 229 166 71 14 243 244 118 278 155 60 61 318 159 0
256 191 260 165 229 265 109 110 79 205 207 306 212 53 284 252 190 127 0
318 161 293 264 74 47 15 17 143 240 244 21 150 306 310 28 222 0
320 194 260 165 235 300 246 249 314 60 191 0
129 98 161 36 38 77 237 49 177 20 23 279 0
224 257 98 228 133 38 167 137 42 176 177 24 314 91 0
64 129 289 133 165 42 47 17 273 309 57 0
224 36 164 167 40 218 74 110 115 212 243 182 56 154 124 0
160 98 292 39 107 236 237 142 305 274 215 184 90 0
259 36 292 297 44 269 300 92 303 242 148 309 56 314 187 120 319 0
161 258 172 78 111 302 113 243 21 252 254 0
289 35 99 319 135 137 138 11 169 202 80 209 274 279 285 93 62 31 0
65 257 40 236 269 272 304 179 276 245 119 314 156 189 63 0
33 131 199 40 169 141 303 178 212 53 247 88 89 91 60 253 184 319 0
227 255 168 238 79 17 113 273 84 213 216 57 285 316 189 30 127 0
65 66 164 229 38 167 136 231 297 300 301 283 113 84 310 151 281 187 0
99 163 255 294 8 317 12 108 47 48 17 113 143 217 58 59 61 31 0
191 292 72 264 106 79 241 118 119 56 214 27 124 63 0
69 172 276 152 156 63 0
191 34 163 40 10 203 44 205 46 302 303 305 24 59 92 95 0
226 215 258 6 7 169 267 173 305 114 306 119 248 186 191 0
192 226 163 296 234 108 12 140 47 240 113 177 148 180 285 0
193 229 261 232 296 146 309 279 280 25 218 59 0
258 260 165 262 168 306 311 152 59 125 0
161 99 293 70 39 40 167 138 319 144 113 210 309 23 88 222 63 0
133 262 135 140 268 271 154 158 286 288 38 42 45 49 317 203 84 213 92 221 226 246 121 0
264 137 271 144 273 274 20 25 29 34 163 298 176 56 184 60 217 101 237 117 0
34 70 231 168 205 79 80 144 117 249 316 221 255 0
223 226 103 40 202 155 63 190 95 0
128 4 6 12 146 274 283 158 160 37 40 299 51 311 58 188 318 204 205 213 110 249 0
227 4 74 43 170 13 302 51 179 313 60 222 0
66 98 36 164 6 267 142 176 145 274 246 93 0
67 36 37 71 234 171 270 111 208 271 118 220 318 0
192 162 154 295 16 306 54 121 58 190 0
256 33 228 5 296 106 203 14 48 274 20 53 213 214 153 314 311 0
141 269 16 154 31 185 187 188 318 67 76 205 220 93 103 105 107 110 238 126 255 0
192 133 263 237 206 16 275 118 183 218 255 0
69 294 71 105 142 16 144 242 84 117 86 279 120 57 122 92 95 0
160 230 295 136 168 234 238 48 314 92 0
7 168 169 233 301 14 79 271 81 19 115 117 308 24 120 63 0
257 132 261 138 149 279 280 40 297 177 316 62 71 84 233 234 245 119 255 0
160 258 293 6 71 134 264 42 84 149 309 58 28 0
161 261 281 293 40 41 283 81 49 211 304 117 311 88 57 251 223 0
128 256 2 67 37 102 297 202 77 179 316 56 121 60 317 63 0
64 161 196 230 137 297 111 176 208 82 306 311 153 154 254 0
160 6 138 242 243 252 85 214 279 314 92 158 0
256 34 258 199 234 266 206 239 177 188 210 20 55 25 124 93 0
288 70 264 317 269 271 306 277 25 27 125 255 0
192 98 99 109 177 211 116 212 213 279 24 188 286 0
70 167 198 264 106 43 297 77 273 147 85 253 0
33 259 37 170 238 251 112 271 303 212 59 124 95 0
256 289 68 132 264 298 299 77 274 115 244 117 306 279 313 127 0
64 260 37 134 187 269 144 210 83 275 150 57 59 124 0
289 194 131 232 201 264 139 112 49 304 214 56 124 191 0
159 66 259 202 299 108 268 239 17 150 183 56 63 0
260 134 136 268 274 23 155 27 162 164 174 47 55 66 199 208 223 106 117 123 0
320 289 200 202 304 215 153 26 126 0
227 291 166 106 75 237 238 79 112 211 212 117 307 56 283 157 126 95 0
223 227 255 102 103 104 105 74 49 243 244 85 54 151 24 187 120 127 0
317 44 239 283 149 27 157 0
293 198 40 27 107 304 83 119 89 59 220 93 158 255 0
129 259 132 9 143 278 24 32 169 299 44 58 320 194 202 214 92 108 243 116 124 0
129 164 269 110 113 159 0
1 135 13 143 145 22 150 153 156 28 37 169 302 49 307 311 61 196 70 74 213 91 99 245 0
261 137 11 142 276 149 154 295 42 179 186 64 202 78 213 91 228 118 249 0
260 264 272 274 284 288 290 293 56 57 315 316 319 196 71 205 95 99 108 0
248 312 227 69 165 281 72 294 269 47 242 212 216 89 250 59 0
257 16 279 283 35 38 166 54 182 56 186 58 59 316 78 208 81 217 89 93 221 224 99 103 114 0
224 97 289 320 293 233 205 176 305 19 243 153 282 60 253 318 191 0
161 163 198 263 15 124 188 51 147 279 186 156 158 0
128 5 133 262 8 263 157 285 33 180 182 55 313 188 63 77 207 88 218 219 220 224 115 119 0
68 38 42 107 109 174 219 177 315 148 311 155 284 222 0
191 98 101 70 140 77 269 300 17 307 182 183 152 278 216 31 0
224 97 34 132 41 169 11 301 111 17 113 245 216 26 123 0
32 292 38 6 70 209 311 280 59 285 63 0
194 291 70 103 40 264 75 108 173 238 80 83 147 86 312 186 29 0
258 131 229 105 172 236 114 182 120 250 28 158 0
96 161 34 132 135 74 202 234 51 116 276 307 23 221 223 0
264 267 268 19 149 24 152 154 28 31 172 176 49 311 312 62 210 211 85 91 224 231 110 127 0
128 131 267 28 287 171 304 181 318 80 100 101 102 105 234 109 114 243 122 253 0
292 134 71 166 233 296 267 44 173 14 268 300 117 248 249 282 0
32 132 262 91 77 111 48 283 214 184 185 218 27 60 222 223 0
257 2 274 148 22 278 156 293 44 45 306 194 73 202 78 226 239 243 244 248 123 0
227 197 70 138 79 145 180 279 154 221 126 0
256 129 133 15 144 20 281 293 40 311 312 58 319 200 201 77 79 92 221 223 101 122 0
128 2 67 36 154 301 47 178 147 86 183 248 89 90 311 0
256 34 164 69 230 293 264 298 46 174 274 54 121 218 59 124 0
2 67 132 164 38 137 74 203 269 177 18 250 123 0
312 99 231 266 139 110 248 157 0
129 262 8 136 168 172 304 274 277 86 311 185 219 28 157 0
292 293 231 8 201 263 296 45 110 78 141 176 303 115 52 118 318 223 0
100 198 168 264 273 115 83 85 116 243 184 249 26 286 0
193 34 228 293 294 263 108 109 110 17 243 121 219 0
265 268 270 144 152 25 288 171 174 315 192 320 81 210 215 103 105 245 126 254 0
195 217 133 291 201 267 238 209 310 248 89 221 158 95 0
96 1 34 129 260 38 39 231 201 317 300 53 246 120 25 187 29 62 0
129 266 158 34 38 39 298 173 303 311 56 317 318 320 200 208 212 92 237 248 0
263 15 272 17 281 161 289 291 293 39 306 311 184 63 200 78 103 235 236 117 124 0
97 5 71 40 269 219 79 143 19 83 213 86 279 121 27 31 0
196 260 102 40 297 203 299 270 240 116 20 118 312 222 127 0
289 36 69 37 88 264 296 141 78 177 83 243 24 154 27 124 216 0
2 130 132 264 29 162 39 172 45 182 310 62 65 194 196 75 86 221 121 122 0
193 225 260 71 135 73 232 12 301 46 86 282 27 317 222 0
64 258 262 39 106 235 45 82 147 85 54 151 124 0
257 132 7 135 16 277 22 156 29 168 177 188 194 200 206 223 235 110 113 115 120 126 0
132 43 78 110 80 144 207 23 60 63 0
259 260 153 30 287 31 45 179 52 57 314 317 63 67 197 207 215 216 228 235 118 0
320 194 131 197 202 48 52 62 283 126 31 0
280 249 202 298 110 111 208 17 50 211 271 302 307 56 89 90 0
256 2 271 16 273 29 182 311 194 195 77 209 84 216 224 102 108 125 126 0
258 136 268 272 283 30 160 288 38 44 47 59 199 205 207 97 225 113 253 0
32 64 186 45 141 207 301 20 58 0
33 194 132 133 102 168 233 171 77 174 29 182 249 219 188 61 95 0
32 160 163 164 227 233 234 171 269 15 308 55 215 92 125 254 0
98 5 138 267 303 16 305 61 220 29 0
96 159 66 39 158 10 298 237 46 303 48 246 27 126 63 0
128 168 137 78 206 82 243 56 121 152 63 0
1 260 135 138 144 21 280 163 174 176 314 186 69 207 80 221 223 97 108 0
228 72 297 171 12 117 279 152 217 253 0
37 197 77 78 110 237 113 50 148 276 182 94 250 219 220 62 0
1 66 68 294 39 267 238 303 114 147 211 242 118 308 220 311 95 0
1 131 4 260 147 277 281 282 26 172 184 67 202 78 207 218 219 227 120 0
129 2 132 139 269 14 17 273 280 37 294 169 174 48 307 186 318 198 73 213 95 232 243 0
1 227 71 11 299 176 241 283 304 212 58 27 284 317 0
193 3 109 271 16 272 306 180 213 308 279 309 121 0
146 283 284 32 288 298 172 45 49 309 54 56 70 73 75 80 217 103 108 242 125 0
96 97 98 38 6 263 107 235 270 20 216 60 125 0
141 278 279 291 39 40 168 297 300 302 317 63 193 195 72 202 232 120 250 0
133 135 138 271 35 293 169 176 49 177 306 56 186 187 320 196 80 217 102 107 237 243 122 0
64 5 38 70 8 135 169 319 108 79 51 52 212 309 317 316 125 31 0
160 38 237 142 14 48 143 177 153 250 219 28 317 0
65 257 6 198 106 235 271 272 53 152 122 188 254 191 0
192 194 132 167 136 80 17 240 304 20 245 309 248 190 223 0
38 8 40 233 314 14 47 303 17 311 26 159 0
65 67 169 267 110 113 56 188 221 159 0
258 291 100 139 45 176 240 147 84 183 57 58 283 92 317 30 63 0
98 227 102 7 262 203 236 299 304 82 115 88 89 155 60 0
288 259 292 262 45 14 111 176 302 274 254 215 25 92 94 223 0
161 162 227 137 155 111 113 20 118 246 281 314 59 311 223 0
66 132 165 166 292 40 300 173 272 305 117 281 318 0
64 65 160 258 285 319 103 73 171 268 302 177 217 26 59 156 157 223 0
32 256 131 135 137 303 82 276 117 149 283 0
128 99 293 71 7 202 172 301 14 49 273 23 122 91 156 286 159 0
133 266 140 146 148 150 162 171 49 177 187 190 191 64 68 70 75 208 96 233 254 0
160 40 74 14 210 275 89 59 317 0
257 131 265 140 268 153 33 49 306 52 56 189 63 319 71 200 74 81 121 246 249 0
257 70 38 138 171 270 303 208 305 114 211 243 310 254 28 190 191 0
3 164 169 138 75 170 233 303 273 210 243 276 22 120 188 125 0
66 98 291 101 197 199 231 261 138 12 178 244 118 217 123 63 0
132 136 18 26 294 42 51 180 58 60 73 80 86 216 100 231 106 241 249 122 0
259 137 21 27 167 170 171 298 45 303 313 191 67 197 217 227 233 244 123 0
318 97 34 196 108 241 212 277 155 157 62 0
131 185 170 171 112 180 117 86 54 88 57 245 317 63 0
33 67 144 17 307 118 24 57 187 61 0
226 258 100 164 229 199 319 297 138 272 274 213 119 317 126 31 0
64 1 34 291 263 168 138 205 176 177 280 123 0
265 15 143 275 29 158 164 39 46 54 317 318 64 205 89 222 227 102 103 105 114 242 243 245 118 120 125 127 0
131 102 168 76 206 15 210 24 0
288 161 67 198 266 107 237 311 218 187 125 0
130 259 37 5 71 104 166 169 170 264 267 113 115 311 56 313 60 191 0
32 34 313 73 47 275 180 277 311 25 122 59 28 0
194 294 200 234 44 268 207 177 213 310 55 283 254 63 0
283 287 289 165 168 297 301 47 309 185 186 59 315 62 64 202 210 86 97 101 229 107 238 113 118 0
224 129 34 99 161 163 264 202 11 234 16 48 222 218 157 126 0
224 36 6 199 200 44 77 205 47 144 83 216 218 61 63 0
196 261 103 9 137 205 240 304 242 179 246 282 283 29 190 319 0
256 2 132 38 201 74 270 243 215 184 282 189 0
198 263 11 206 242 85 59 220 0
97 98 194 292 39 201 75 140 208 0
215 103 202 250 239 176 81 311 244 213 151 24 56 283 221 318 0
99 132 228 136 168 74 202 299 79 15 113 242 276 281 191 0
34 227 101 70 264 91 106 141 237 269 49 116 117 118 279 25 154 27 0
159 225 223 289 132 281 201 170 173 142 144 244 246 119 249 156 95 0
257 259 260 134 270 19 278 280 27 156 165 293 42 170 44 171 66 69 198 77 232 116 0
66 194 5 197 298 235 238 304 83 244 214 184 188 0
3 262 269 274 149 279 283 44 45 302 47 48 58 64 66 69 70 89 224 234 120 0
289 131 58 259 260 135 231 319 250 108 111 22 55 313 26 219 190 63 0
292 249 8 136 74 200 238 302 208 305 82 244 309 89 155 126 0
257 130 131 194 197 70 260 9 137 138 205 238 114 117 277 309 125 0
191 257 260 7 136 170 11 77 242 147 52 276 284 248 60 95 0
266 278 23 291 292 37 39 51 311 313 198 216 217 97 104 233 246 122 127 0
39 267 110 47 238 17 210 271 274 214 23 284 63 0
224 65 288 291 293 105 42 60 49 177 180 53 214 215 316 251 28 0
289 196 135 232 270 117 310 311 185 221 0
289 198 270 273 242 179 61 180 57 125 254 31 0
64 96 129 10 15 83 88 26 318 0
289 255 293 103 202 155 80 144 280 59 156 93 63 0
1 291 102 136 73 42 233 265 205 113 275 86 188 125 95 0
272 22 153 27 29 167 41 44 305 55 320 193 85 89 220 92 223 245 124 0
2 259 7 140 278 279 153 283 162 42 53 309 60 195 197 92 104 116 248 0
280 229 200 105 75 267 110 303 240 308 245 86 310 120 59 223 0
1 2 139 268 285 158 165 299 302 48 59 60 62 192 198 72 200 81 98 249 250 0
34 102 263 137 201 60 156 307 20 23 120 185 28 157 318 0
1 2 99 191 198 40 237 14 113 273 244 308 95 0
144 29 291 292 38 169 170 46 180 185 64 205 80 81 85 216 237 245 122 0
96 2 260 5 197 169 10 235 14 82 274 278 311 281 126 63 0
256 129 136 13 148 165 294 174 302 177 311 197 70 205 79 105 109 245 246 0
2 98 169 234 12 237 279 240 273 243 118 119 182 281 58 252 317 0
261 230 135 264 170 208 49 242 275 214 311 152 57 123 189 62 0
275 277 286 33 161 291 37 293 48 306 60 201 74 208 210 213 215 88 97 239 247 0
260 5 138 11 271 28 290 37 39 298 312 317 64 67 70 221 95 229 106 234 124 0
257 130 67 231 266 139 270 147 213 150 24 122 120 0
129 227 164 69 198 228 291 317 202 299 19 23 155 189 0
318 2 68 295 264 265 298 187 237 47 283 245 86 310 250 27 222 0
291 100 69 197 261 292 44 177 273 277 57 186 316 317 223 0
262 298 237 301 208 113 177 209 240 182 280 121 0
102 262 108 111 79 272 243 56 186 157 0
128 101 295 16 208 254 53 54 149 310 122 279 158 0
97 294 71 42 138 156 115 220 243 22 244 28 223 0
257 196 292 10 42 235 118 56 253 60 152 0
67 163 165 232 75 203 110 206 80 242 214 55 315 220 0
138 139 43 45 202 234 235 273 220 213 310 280 124 255 0
320 1 161 163 292 136 200 142 175 304 177 276 218 123 221 126 223 0
128 129 5 261 264 15 20 148 281 163 292 39 298 54 186 316 319 65 197 199 207 228 110 253 0
64 128 255 68 69 196 232 269 111 17 180 214 279 57 220 158 191 0
135 200 297 202 302 47 239 303 308 152 249 218 252 285 0
64 128 132 264 140 173 174 111 241 309 86 54 120 217 184 191 0
129 267 270 146 298 46 176 313 61 318 64 73 79 82 85 238 112 121 126 0
131 132 140 269 144 20 283 159 163 299 55 311 186 60 62 102 239 113 119 250 255 0
66 293 169 299 111 49 23 56 283 184 319 0
185 291 229 198 135 104 107 237 271 80 176 241 20 150 279 25 59 221 0
129 131 8 17 160 34 165 170 300 306 86 220 98 103 108 113 243 244 121 255 0
197 71 14 302 176 18 179 212 311 120 94 253 62 95 0
194 261 104 239 274 180 63 0
318 258 39 104 269 57 314 219 126 286 0
131 275 177 56 184 200 212 220 93 223 96 97 232 108 117 247 250 123 252 0
14 142 274 25 37 293 43 171 48 304 180 54 188 317 191 192 89 218 100 232 241 244 245 119 0
282 301 238 111 16 239 305 246 215 26 190 0
66 226 198 72 73 42 80 17 281 95 0
264 24 152 27 156 291 164 38 176 316 192 198 71 202 225 103 104 232 233 121 123 254 0
261 9 14 17 147 149 150 279 152 156 159 174 303 306 182 60 61 190 208 217 225 113 241 127 0
192 289 261 104 106 12 173 269 49 179 278 23 216 217 92 317 254 223 0
32 161 228 101 7 73 138 202 14 110 114 51 211 122 60 95 0
34 158 105 91 75 140 77 219 272 277 54 309 281 218 59 126 31 0
128 140 269 272 20 276 153 154 40 297 42 65 199 75 77 211 214 234 122 0
33 129 67 258 296 299 175 20 117 53 126 0
320 258 163 38 170 299 44 207 272 179 247 283 28 253 190 0
97 98 131 195 6 265 299 176 20 52 117 119 91 125 0
32 185 167 233 44 205 78 175 236 19 277 278 55 89 122 0
288 257 289 35 164 69 39 297 266 44 46 80 188 51 216 122 124 0
227 68 132 259 281 291 10 140 17 51 147 54 120 217 58 283 152 0
1 97 263 264 50 117 223 0
32 261 103 167 9 74 264 109 304 49 179 149 310 56 219 286 0
257 17 147 280 281 29 44 172 49 308 182 185 314 66 200 202 75 81 99 231 239 113 124 255 0
3 133 135 265 147 157 285 158 163 165 168 43 299 175 187 197 201 205 93 246 0
129 264 265 141 15 16 149 150 156 164 302 200 73 208 86 222 227 107 250 255 0
64 97 250 155 300 14 207 50 51 213 218 59 316 0
257 261 271 17 158 31 166 186 317 63 68 71 80 221 223 95 101 113 122 0
231 139 236 141 205 207 268 81 305 58 95 0
291 164 165 38 138 170 108 301 46 15 239 17 114 119 276 55 0
292 101 135 140 14 271 176 211 85 248 122 126 0
96 259 68 101 39 199 144 220 152 250 28 94 95 0
288 98 258 132 166 247 108 84 180 182 189 120 185 186 59 125 221 127 0
98 260 199 91 108 77 46 148 149 182 151 88 214 58 27 31 0
264 140 279 289 37 165 294 306 179 186 60 196 207 208 82 86 216 217 228 101 0
96 224 162 67 70 7 264 299 12 77 141 111 237 240 20 58 188 221 0
1 163 230 233 108 45 78 270 240 82 186 59 0
289 130 131 162 186 200 218 140 205 207 241 306 211 85 122 191 0
258 11 140 155 160 293 38 174 49 180 211 215 92 95 227 109 240 243 117 251 0
6 294 8 40 107 109 47 15 80 143 51 83 144 180 120 185 157 318 0
96 258 67 37 198 231 137 80 144 242 117 282 315 60 0
131 291 70 6 231 140 144 177 305 52 244 22 183 217 314 27 0
198 136 296 141 175 308 247 221 62 0
229 74 170 174 143 48 177 82 147 148 208 304 306 24 221 0
197 264 107 108 238 51 150 215 56 314 0
288 65 34 36 267 302 79 48 303 114 274 307 248 90 123 0
3 139 140 156 33 163 299 303 317 69 71 77 79 223 102 104 235 111 240 122 0
64 34 98 99 69 8 140 47 242 274 246 311 317 61 190 0
196 75 140 299 270 17 179 20 149 87 90 61 223 0
192 1 224 131 226 5 165 294 136 265 297 107 236 111 211 276 319 0
98 132 165 295 106 46 111 48 208 115 117 86 118 214 215 59 188 0
161 2 34 70 198 262 174 206 17 306 248 250 283 318 0
159 6 231 297 76 140 237 300 116 53 150 31 157 95 0
255 132 293 6 102 200 41 105 45 14 142 218 59 222 159 0
34 67 38 230 9 235 47 111 83 215 186 219 317 0
37 261 231 72 293 42 234 46 49 179 214 216 95 0
34 35 290 261 198 313 171 176 115 121 218 28 0
69 198 71 296 171 268 187 241 210 117 123 93 318 0
100 229 103 40 137 234 172 208 274 307 119 123 316 189 318 0
248 129 294 9 171 173 175 211 84 310 152 89 0
256 255 217 261 103 104 105 106 14 243 275 89 123 127 57 0
193 225 226 260 133 139 269 240 113 242 179 54 214 56 254 0
96 163 164 196 197 104 138 304 116 0
97 66 161 260 74 107 206 210 308 309 87 55 56 219 60 0
142 21 164 300 174 175 311 315 62 65 194 198 202 204 218 93 107 113 119 254 0
257 291 196 228 166 138 44 188 85 311 123 28 125 0
9 138 273 274 276 34 163 45 50 183 313 198 78 82 85 218 98 109 243 123 0
138 267 17 281 154 282 305 310 186 192 195 74 202 90 95 99 109 116 245 0
34 261 70 293 8 295 77 237 271 51 243 276 284 215 217 92 0
34 36 197 292 167 104 74 300 301 46 111 273 50 178 212 154 222 255 0
227 262 264 169 297 108 140 300 304 145 114 51 245 23 93 319 0
160 320 34 229 6 7 103 168 46 79 303 81 242 243 23 122 311 0
128 257 4 260 6 296 169 297 299 204 207 177 241 19 274 246 121 58 0
64 1 33 131 194 256 261 320 169 205 270 241 273 310 247 184 0
256 1 227 12 47 239 147 180 117 245 90 190 158 0
261 263 14 20 281 285 162 182 184 315 317 191 197 85 99 231 234 123 127 0
128 291 260 261 198 267 174 47 214 56 221 218 28 61 0
32 168 170 283 148 117 278 217 26 59 253 255 0
67 132 69 6 264 42 123 108 298 111 207 272 274 27 158 223 0
256 263 12 17 20 149 28 32 36 42 176 54 57 186 187 188 190 63 191 66 205 218 110 113 116 125 0
160 1 129 288 36 5 260 168 138 237 274 213 311 24 56 91 220 255 0
36 228 46 206 81 49 179 180 117 315 0
229 70 319 269 279 82 117 182 215 246 217 186 252 191 0
66 164 8 73 76 140 78 311 248 27 61 0
133 137 140 143 26 28 31 37 294 301 46 182 57 59 60 317 62 74 77 215 229 239 0
141 146 284 28 285 36 165 168 298 45 54 316 317 64 72 203 86 230 105 106 108 237 121 0
65 161 197 42 77 240 17 115 316 56 250 124 157 286 0
160 297 298 143 47 207 180 212 215 283 28 0
2 163 100 98 165 227 231 233 269 271 304 309 182 158 0
65 291 5 165 295 104 297 235 141 142 208 115 149 0
192 163 103 39 265 268 302 144 274 275 148 246 186 188 0
96 100 101 228 319 267 78 239 315 210 85 151 24 218 283 188 184 286 0
1 7 136 264 14 271 277 279 28 292 170 175 305 69 71 79 110 113 243 123 0
64 2 194 6 266 80 144 147 116 179 212 215 246 314 59 0
96 225 257 287 5 197 170 268 16 208 82 283 60 286 95 0
4 7 136 235 268 78 85 121 125 158 0
131 261 274 29 286 168 297 313 195 196 197 77 208 81 82 214 98 110 242 246 0
227 260 69 91 171 155 77 174 238 16 80 300 305 57 27 0
163 260 167 236 110 302 272 147 309 182 56 31 0
129 289 297 138 141 79 249 26 190 31 0
318 194 5 135 264 11 45 219 273 254 120 154 123 62 223 0
256 2 260 270 16 154 156 28 299 301 51 307 186 61 195 80 113 116 121 0
36 72 123 47 175 87 59 220 189 0
4 136 274 27 156 290 291 170 299 311 191 83 102 236 109 238 113 115 121 0
65 289 163 6 262 200 267 108 268 269 299 144 302 19 218 0
129 153 165 103 232 264 234 77 205 269 117 310 121 61 0
259 261 262 268 14 271 17 279 25 26 292 295 179 53 315 190 81 213 89 108 114 0
65 257 230 264 140 300 209 50 51 115 23 88 60 318 0
264 271 277 154 30 32 39 177 310 56 313 62 83 212 89 93 227 115 255 0
3 259 300 269 271 117 277 55 121 123 0
261 138 269 144 151 42 43 44 173 47 303 310 320 193 75 206 235 111 250 0
2 69 208 308 183 90 316 93 158 0
66 3 67 298 11 211 308 182 183 56 121 28 0
11 270 272 150 158 291 38 304 308 55 314 83 86 221 227 229 230 109 120 126 0
97 66 292 197 198 299 205 143 112 209 51 276 60 93 254 0
131 5 169 265 203 269 79 113 212 182 24 154 123 0
129 289 164 69 292 8 40 137 269 113 249 220 95 0
64 131 285 292 295 250 107 282 307 23 310 119 281 218 253 158 0
192 249 293 81 242 220 243 117 89 123 127 285 31 0
224 227 133 38 7 170 234 298 237 78 238 144 304 243 213 26 0
318 292 5 9 10 297 14 303 50 222 20 216 61 158 191 0
1 289 195 164 38 71 265 45 109 79 206 271 302 147 157 23 125 63 0
192 256 223 71 107 12 241 18 243 182 153 218 283 316 191 0
98 105 238 48 208 273 115 179 180 150 250 0
261 198 168 169 233 299 140 268 238 177 243 246 56 286 63 0
160 255 39 40 313 269 82 247 185 92 318 95 0
133 168 73 75 305 178 311 308 215 88 282 28 189 255 0
97 194 198 135 231 232 106 75 171 45 79 216 62 0
129 131 140 269 148 22 157 30 159 36 37 45 301 303 311 314 69 210 211 214 216 231 240 113 125 0
192 65 194 196 262 136 201 79 149 315 286 0
67 198 262 105 234 11 173 219 240 116 212 22 276 56 58 88 124 95 0
32 292 70 282 300 79 48 115 180 185 186 62 0
164 198 265 282 300 45 14 207 240 49 301 307 53 215 186 315 0
12 16 24 288 34 163 291 37 292 39 46 176 305 310 77 93 227 240 116 0
128 67 132 228 230 259 72 262 270 240 276 119 158 0
33 258 291 292 167 71 105 106 236 175 277 279 186 223 0
256 260 148 281 290 163 292 165 171 304 49 180 55 188 63 64 68 198 91 220 0
128 98 197 264 108 14 60 80 175 208 271 215 184 25 28 126 191 0
162 163 6 231 8 309 284 0
66 259 9 172 174 116 84 279 121 317 252 311 318 0
257 11 17 22 288 35 291 170 300 309 310 70 203 77 210 223 95 99 104 241 0
226 7 297 138 303 273 212 245 279 187 311 30 255 0
256 228 298 203 111 176 47 212 317 157 318 0
257 34 100 164 170 236 269 176 208 21 277 249 58 315 127 0
100 136 297 269 301 48 208 84 182 55 185 279 31 0
291 5 197 206 143 112 144 305 211 86 119 24 120 125 95 0
133 293 7 264 43 171 203 269 15 176 304 83 281 250 63 0
33 65 97 163 9 169 14 271 20 52 180 212 246 249 122 251 277 223 0
32 248 163 292 102 72 168 264 109 176 208 240 152 221 157 0
97 101 38 137 108 270 79 176 117 279 317 28 285 223 0
260 8 11 17 273 151 281 154 30 33 36 303 51 182 55 60 63 67 69 83 211 86 0
65 69 261 167 72 264 170 297 109 46 239 215 91 222 287 0
131 10 269 271 30 286 291 297 300 48 304 306 179 52 196 198 209 84 114 0
318 66 194 132 228 230 71 135 200 262 81 180 55 184 281 157 158 191 0
248 39 104 317 273 305 307 277 120 249 123 285 31 0
33 293 170 176 210 248 89 60 127 0
159 256 34 47 304 177 210 115 116 243 150 31 285 62 63 0
98 194 100 285 167 104 267 299 14 48 180 56 253 218 157 222 216 0
129 257 132 260 272 275 33 293 40 169 306 308 185 188 211 217 93 108 113 251 124 127 0
263 12 141 17 148 153 25 37 169 49 51 182 310 59 71 210 227 113 117 245 0
10 149 279 282 162 167 43 49 184 316 70 199 207 223 231 105 234 237 254 0
2 136 140 268 274 23 160 293 169 303 49 177 186 60 72 73 209 210 215 224 106 107 110 115 0
39 135 73 123 299 141 176 315 115 276 186 59 124 190 0
103 71 303 211 307 121 220 0
227 231 41 171 203 237 302 16 18 211 53 22 117 25 186 91 92 0
32 163 227 72 201 232 208 49 274 117 25 0
67 167 40 137 200 171 301 174 111 273 220 86 54 188 311 0
160 131 170 234 46 16 113 115 248 281 58 221 190 0
34 261 293 167 265 250 282 48 144 50 212 246 278 310 249 186 123 311 0
129 261 14 280 283 291 37 314 192 79 212 223 96 100 232 237 111 117 246 0
256 260 37 199 302 16 49 48 210 180 212 186 92 0
65 194 258 259 293 294 269 78 303 144 147 180 213 118 157 56 152 191 0
129 258 229 263 266 12 108 46 79 60 173 174 220 273 119 122 28 318 0
129 262 144 25 169 308 186 315 318 64 196 85 94 100 108 240 116 246 250 0
64 160 162 194 228 5 230 107 299 110 271 48 80 303 23 280 190 0
2 139 13 17 146 20 278 157 35 168 170 43 172 301 179 59 190 66 226 108 247 0
128 34 135 72 104 206 179 148 55 314 91 29 190 0
96 33 288 196 69 6 165 136 228 138 108 13 140 177 306 247 185 188 0
129 260 138 272 19 22 279 157 32 169 42 48 304 311 59 61 203 77 83 211 212 94 99 0
258 268 20 22 283 29 33 42 45 46 59 72 218 219 221 226 110 239 243 121 0
134 313 42 139 44 299 240 17 211 84 277 54 25 314 127 253 31 0
96 131 100 132 102 103 74 202 140 109 172 175 178 243 212 245 276 221 0
129 131 136 264 12 15 16 278 281 168 298 177 179 309 313 59 216 236 114 120 125 0
129 194 196 198 233 297 45 205 49 212 245 184 220 30 0
137 265 268 18 295 168 296 176 59 60 318 319 65 71 96 102 246 123 253 0
96 285 132 72 169 74 237 110 207 177 310 58 187 29 0
3 133 20 152 286 159 292 175 315 68 212 215 221 102 103 108 110 122 126 0
256 197 102 104 77 109 141 81 177 19 211 246 215 312 89 279 222 191 0
288 99 100 163 197 261 104 264 236 173 279 124 52 55 312 60 319 0
32 160 248 99 185 317 107 12 123 269 15 16 241 24 153 186 88 93 0
260 15 146 276 28 284 166 168 172 51 180 185 320 199 90 95 230 106 235 112 246 249 0
64 193 257 261 11 268 77 141 282 18 281 126 316 29 62 0
1 257 134 7 269 271 147 23 155 286 165 172 302 310 186 67 209 105 124 0
1 66 129 227 6 294 75 108 299 246 313 250 187 62 0
162 291 36 6 103 166 169 198 140 301 309 279 152 57 187 188 285 159 0
160 320 2 35 296 233 300 210 117 310 185 285 158 255 0
160 161 320 291 229 12 77 46 143 273 149 23 152 317 190 0
128 7 147 155 287 292 167 297 184 185 69 78 81 82 83 220 233 107 253 0
68 69 37 231 262 266 299 12 156 222 308 85 151 120 219 92 93 158 0
1 2 129 257 260 70 134 200 203 299 141 80 177 241 304 117 118 317 0
133 263 136 142 23 153 39 305 181 183 185 186 187 318 63 193 67 79 212 213 86 228 110 251 254 0
129 4 262 15 24 153 282 157 32 167 170 184 59 318 70 96 229 237 113 121 124 0
259 100 5 319 136 264 85 182 314 284 222 95 0
258 274 156 36 296 171 177 51 180 67 69 75 214 90 121 234 109 113 249 124 0
160 97 318 37 102 265 10 78 238 178 58 316 222 0
128 258 163 11 45 50 211 281 282 188 93 0
1 257 131 141 147 21 281 157 31 35 172 301 49 63 65 74 92 227 237 113 0
248 103 298 203 108 14 49 113 19 210 117 246 275 184 25 306 311 0
129 66 197 10 171 270 305 82 51 22 253 89 285 221 30 0
192 225 256 69 73 171 303 304 306 20 212 214 215 188 93 0
248 97 34 132 37 6 102 292 268 141 92 272 84 152 89 60 0
1 98 291 319 297 47 305 115 52 54 248 186 63 0
133 155 285 38 167 299 174 186 315 317 198 200 85 217 91 221 226 247 248 0
318 36 73 234 107 155 144 176 182 214 59 30 159 0
257 14 149 40 41 300 306 51 309 188 63 78 80 221 106 246 248 249 253 0
129 66 35 289 102 39 201 75 140 113 82 178 210 117 118 211 27 317 0
258 196 37 107 77 176 114 85 213 245 24 89 317 62 287 0
275 278 280 33 293 40 169 305 59 191 319 197 71 201 79 216 218 231 232 248 0
259 7 142 148 291 39 295 49 308 182 320 67 78 80 208 212 226 105 238 0
261 134 70 168 174 208 283 250 91 221 318 63 0
129 264 12 141 144 22 278 27 290 167 295 43 51 314 188 61 64 67 196 82 211 215 227 117 124 0
264 19 284 32 292 40 169 42 180 187 197 199 200 207 208 82 217 102 103 120 0
2 255 198 111 80 208 272 147 21 150 213 152 185 31 0
257 98 227 4 132 260 39 199 175 208 113 147 316 157 0
256 7 265 266 12 140 152 155 27 29 40 303 186 317 84 95 101 103 111 122 253 0
280 99 138 109 240 81 274 22 150 120 315 0
226 261 200 14 274 115 83 214 280 318 0
285 71 40 296 107 235 301 46 82 83 275 54 311 56 90 123 221 0
66 67 39 71 234 250 236 266 78 48 275 23 26 316 317 190 223 0
160 292 319 102 12 44 108 304 50 275 21 86 25 282 59 60 254 127 0
134 6 273 279 156 28 297 299 174 302 195 203 78 214 215 221 233 242 243 0
288 162 133 59 237 238 175 86 214 122 123 29 222 0
163 227 165 249 260 313 144 113 179 53 217 317 0
32 166 294 105 106 11 12 170 302 144 275 186 62 0
35 261 198 172 175 80 239 304 147 148 180 305 311 0
160 33 2 198 9 297 75 268 176 181 182 214 250 91 93 0
320 101 199 297 300 205 269 188 179 116 220 252 275 24 276 310 156 0
141 15 17 278 279 33 42 44 174 186 59 60 61 73 206 210 252 245 124 0
256 66 167 169 203 109 241 118 278 123 311 0
2 131 264 268 17 154 28 39 169 305 54 61 82 85 215 218 95 113 245 123 0
192 231 233 11 140 15 176 208 147 309 278 122 59 317 0
64 161 4 293 135 200 297 298 107 299 109 83 115 157 89 317 29 0
66 259 260 8 264 74 77 240 272 82 304 310 88 317 221 0
132 261 9 276 285 300 304 306 312 185 60 192 68 77 79 207 84 224 98 228 102 237 121 124 0
224 1 36 37 262 295 319 297 171 268 206 270 156 210 118 60 255 0
32 192 288 292 293 300 49 182 280 249 126 63 0
288 257 98 35 162 166 234 11 180 152 153 124 317 190 0
2 6 267 12 147 276 152 163 37 301 54 194 70 203 102 231 113 242 122 0
2 135 276 158 298 174 311 184 314 316 191 71 74 75 203 219 227 243 245 249 125 0
36 100 164 266 43 299 14 80 53 86 119 91 279 159 0
34 162 100 226 6 168 105 107 46 143 48 174 271 185 61 0
128 164 71 169 74 46 206 48 241 84 216 314 222 0
131 137 138 281 27 35 37 168 169 184 318 194 208 216 89 103 233 110 113 117 119 0
131 6 102 40 230 140 45 236 113 83 85 184 93 255 0
96 2 99 228 264 9 301 142 81 145 177 53 149 60 0
226 36 230 237 78 143 207 239 305 119 151 249 314 283 29 0
194 67 199 73 105 169 208 211 148 121 252 255 0
2 259 292 72 265 10 267 298 302 81 52 0
224 320 292 200 141 111 16 278 215 216 219 92 31 0
256 10 16 276 277 27 291 36 169 42 45 310 311 60 72 80 86 105 245 0
257 140 268 277 288 168 174 176 56 58 59 63 200 206 220 224 227 100 115 245 252 0
192 66 291 68 200 233 268 17 113 51 212 214 278 317 125 0
99 165 261 40 47 49 81 211 217 219 189 0
162 36 101 231 75 139 236 270 49 54 27 60 0
34 258 267 303 176 20 150 183 120 253 62 191 0
67 69 197 262 265 141 110 78 214 280 217 316 61 0
35 163 260 70 199 293 74 202 108 48 279 216 155 284 125 223 0
96 121 34 226 36 217 38 102 263 105 108 301 272 309 57 187 188 286 0
9 14 280 157 161 182 310 311 58 59 70 199 73 203 208 235 115 118 120 249 0
160 163 260 261 38 135 75 204 45 238 304 50 308 311 285 315 221 190 0
64 70 39 40 200 74 202 108 142 144 148 86 216 315 159 0
129 262 140 22 280 33 37 301 49 306 182 56 187 60 63 197 201 87 216 108 115 119 0
257 258 137 271 275 32 293 166 168 304 178 55 56 195 78 207 210 223 230 117 0
131 292 105 236 206 175 176 49 303 51 179 150 27 156 189 0
226 67 242 211 279 56 60 159 0
224 320 2 226 5 230 141 213 216 217 59 0
291 167 297 250 299 237 176 18 148 120 185 154 125 63 0
162 133 38 199 40 138 75 108 234 46 237 51 149 182 284 57 92 159 0
37 5 101 8 232 294 77 46 49 82 51 113 246 311 26 254 0
192 65 163 100 229 260 264 77 79 303 118 57 0
263 141 273 283 30 303 51 57 186 64 65 68 199 78 210 86 229 230 103 240 118 123 253 0
69 6 7 264 170 111 117 120 313 223 0
128 292 70 262 264 41 201 270 144 211 58 318 191 0
260 12 141 161 291 39 44 54 182 312 58 59 190 318 202 207 229 232 241 245 251 0
2 164 229 168 73 11 78 270 16 274 20 276 309 183 120 122 188 0
66 4 133 165 301 143 176 115 244 185 91 92 319 0
96 320 194 223 58 292 70 200 139 268 205 81 210 22 26 222 191 0
194 312 296 299 14 207 211 180 212 56 126 223 0
265 16 144 28 291 302 47 48 49 303 306 180 308 54 59 63 198 206 79 85 215 110 250 0
256 258 260 292 200 172 236 175 80 207 209 242 283 282 91 220 0
1 2 129 137 10 267 17 276 150 33 163 43 179 314 192 94 226 101 249 250 253 127 0
32 64 37 72 169 235 240 49 210 117 214 89 62 159 0
32 161 162 289 196 37 73 137 267 140 238 83 243 85 119 121 59 220 0
129 130 257 138 11 272 17 33 162 293 173 46 307 62 76 77 221 113 245 0
129 132 136 139 14 21 24 39 171 299 177 306 54 184 317 78 208 225 233 106 243 125 254 0
5 165 262 202 299 268 77 48 146 274 150 278 219 30 286 0
138 111 17 82 281 154 123 0
160 129 99 195 255 104 169 11 238 243 280 27 316 191 0
192 66 38 39 200 299 204 237 78 142 17 51 215 56 121 283 60 63 0
248 129 162 185 260 75 111 176 207 149 309 152 25 92 285 0
292 200 169 301 110 47 16 113 114 209 211 85 117 24 281 60 222 0
185 217 5 249 106 48 147 119 54 22 150 89 318 0
32 64 227 259 70 72 169 106 232 234 45 77 15 299 276 312 92 62 0
261 135 12 276 151 157 160 291 292 40 297 185 57 58 59 60 313 227 109 238 115 0
256 153 103 170 202 266 80 240 273 181 246 119 25 0
7 266 140 15 283 284 156 169 297 171 299 174 182 318 201 217 90 224 229 0
257 131 71 39 295 238 79 177 306 24 25 124 63 0
64 161 225 291 281 105 138 84 215 89 58 285 0
33 65 319 6 39 71 137 138 198 219 145 18 273 214 23 155 29 63 0
33 289 262 40 73 10 155 300 304 276 24 89 91 0
131 133 267 146 26 27 28 33 166 298 172 177 313 59 202 213 240 245 122 253 0
96 1 224 67 196 166 198 230 138 299 45 143 16 56 123 255 0
269 14 147 277 299 174 47 49 305 186 59 314 195 198 71 75 208 84 105 254 0
2 162 163 133 232 73 139 140 77 239 80 212 117 23 216 122 29 0
265 139 147 275 279 164 41 48 177 183 185 187 197 199 75 77 209 87 109 0
232 233 171 203 142 47 144 17 239 20 248 121 250 159 0
128 193 38 104 269 81 177 242 276 278 31 0
65 2 131 227 75 46 241 242 19 25 59 0
185 217 229 138 107 44 314 79 207 272 25 122 187 285 94 63 0
68 69 71 103 234 12 269 47 84 217 0
160 162 258 295 106 304 113 116 245 150 153 218 189 94 0
224 1 258 229 235 14 208 305 19 147 179 180 276 56 281 284 311 191 0
248 256 223 292 197 198 136 233 266 120 205 175 307 24 122 60 127 0
160 194 163 168 12 239 177 211 253 0
96 160 224 36 68 6 138 267 207 208 49 83 115 118 215 25 279 30 0
1 262 135 140 28 284 31 48 179 190 63 318 65 82 217 222 107 236 117 121 126 0
259 262 263 140 154 165 43 44 175 303 306 307 56 63 320 107 108 118 127 0
192 97 260 39 103 167 296 297 108 14 239 241 306 83 54 86 0
195 197 70 229 104 201 170 296 300 109 113 177 244 276 124 222 286 0
258 101 198 103 264 299 12 109 113 307 56 216 159 0
164 261 136 9 176 308 213 279 159 0
1 196 197 236 80 156 283 115 243 248 91 28 29 0
257 260 6 266 151 153 31 299 303 304 305 182 70 74 204 216 219 95 99 0
288 67 259 103 73 235 12 140 237 303 177 50 241 273 281 156 317 0
1 129 261 140 143 17 146 23 32 160 46 304 186 59 191 63 193 198 200 77 208 86 109 119 0
65 101 70 104 264 79 272 113 210 147 310 248 250 92 253 0
32 192 293 103 200 202 77 174 239 176 49 270 301 182 216 154 0
159 223 101 6 173 142 81 115 52 213 60 286 31 0
97 249 293 265 140 109 45 175 273 146 117 86 182 152 57 0
132 144 273 150 161 38 39 47 54 187 190 197 78 103 234 235 237 116 117 249 127 0
163 100 259 141 78 174 48 113 305 19 276 306 183 221 26 317 29 318 0
256 132 260 276 283 44 172 51 309 185 186 188 317 196 202 203 77 84 88 220 111 243 0
33 291 198 9 265 109 110 271 179 149 279 248 58 60 157 254 0
1 194 136 78 176 214 27 221 318 255 0
96 293 198 78 156 82 54 311 249 154 92 318 0
160 129 226 291 69 165 10 250 237 48 113 208 182 58 315 0
226 227 69 165 229 298 235 109 177 83 279 317 311 222 319 0
121 131 293 233 138 235 172 302 144 188 252 150 184 89 124 0
193 66 36 40 41 73 169 298 141 173 47 147 275 117 309 92 29 63 0
192 2 168 45 141 205 210 83 311 183 57 93 126 0
137 12 148 276 279 283 51 54 60 208 86 219 220 227 102 104 107 242 117 123 124 0
3 261 15 19 27 156 28 295 169 174 184 313 318 68 94 95 226 105 107 109 113 114 0
11 16 144 281 289 163 41 42 170 298 173 175 303 51 319 192 320 194 70 202 208 89 90 221 95 105 244 119 125 0
185 100 249 6 260 281 293 138 107 267 81 212 121 218 60 95 0
66 36 74 142 240 116 309 118 246 152 153 154 318 216 0
289 34 259 164 5 197 167 198 200 291 297 174 146 51 307 318 0
128 65 34 169 233 45 237 47 269 81 19 20 51 279 156 311 287 0
128 1 2 131 16 17 19 155 27 36 169 300 49 61 317 200 74 203 214 98 108 241 0
65 98 193 36 196 227 290 105 201 209 279 216 314 317 126 0
129 287 39 170 12 77 110 79 207 81 156 179 238 244 306 59 60 63 0
164 38 263 142 79 16 238 242 307 155 0
132 261 264 268 271 20 283 29 158 45 302 48 306 76 204 84 225 226 104 108 121 0
264 137 163 292 42 170 44 51 54 315 316 317 75 205 80 98 113 246 255 0
32 226 67 197 296 268 13 47 48 304 20 117 182 250 219 190 0
65 285 266 77 78 143 303 147 243 56 218 29 63 0
67 77 113 273 147 306 182 215 281 316 317 63 0
261 147 155 159 32 288 290 298 184 56 319 83 84 218 223 96 246 119 126 0
32 1 289 167 296 137 313 45 207 188 20 118 185 58 28 62 286 0
132 5 267 140 17 149 43 303 177 180 318 74 78 80 211 85 88 238 117 0
1 66 194 257 289 314 49 19 212 276 86 309 313 186 219 60 0
103 234 298 141 207 176 49 208 149 94 0
32 128 199 136 263 206 303 306 19 245 248 123 190 31 0
64 160 133 186 12 111 303 306 311 55 122 28 189 223 0
100 101 229 103 230 9 10 107 138 141 237 18 19 116 221 127 29 63 0
98 6 296 233 317 187 219 239 80 270 274 119 184 59 156 61 223 0
64 320 38 166 170 267 303 48 49 179 211 276 28 0
259 263 277 154 158 39 298 46 47 52 308 316 194 196 197 71 79 218 229 122 0
66 292 69 38 281 200 106 12 141 205 47 111 175 207 270 307 54 121 0
194 295 138 203 304 113 276 311 26 284 157 0
65 66 312 39 265 170 266 111 83 115 280 89 92 157 0
192 162 131 291 293 312 199 151 88 59 216 63 0
66 260 69 37 6 172 50 116 310 185 0
226 297 170 141 301 15 208 240 82 117 62 0
256 65 129 131 292 37 186 105 12 46 110 254 185 122 316 62 0
193 98 132 69 164 228 136 168 169 264 77 176 272 147 214 183 287 0
65 1 34 168 266 139 78 79 175 49 305 310 27 0
64 97 70 232 169 138 12 300 142 206 146 51 276 213 318 0
66 2 164 102 198 169 138 218 301 176 113 151 24 26 29 190 191 0
129 268 146 149 150 24 283 33 36 168 305 52 54 64 194 77 212 219 92 99 227 110 240 115 246 0
64 288 67 163 133 70 103 134 198 264 76 46 176 179 117 248 249 315 0
101 198 262 136 169 200 269 79 49 212 55 280 57 122 155 125 190 223 0
257 6 269 15 23 282 284 165 302 176 304 51 54 318 82 95 101 231 113 115 0
3 105 138 170 275 86 183 25 252 253 126 255 0
1 34 99 6 40 299 140 79 207 210 243 180 117 277 57 0
141 21 278 162 36 43 50 306 52 59 196 78 218 93 95 102 106 111 117 127 0
64 295 168 237 46 81 273 276 53 21 284 126 0
140 30 47 175 58 318 62 65 199 205 206 210 88 222 107 113 244 250 124 0
100 5 260 301 110 177 188 115 150 55 182 58 59 92 221 158 0
159 69 39 107 142 207 80 84 53 85 278 25 221 62 31 0
131 227 261 170 171 234 109 187 176 115 54 278 186 123 221 158 223 0
261 136 267 142 42 309 56 188 195 211 84 219 98 104 105 237 238 252 253 0
64 35 5 204 268 142 176 49 182 186 317 0
160 195 72 169 108 76 302 124 156 184 253 317 28 61 0
1 163 69 262 299 174 53 311 153 92 253 127 0
96 65 2 35 161 224 288 294 169 144 147 275 125 247 184 221 93 0
65 165 293 45 111 273 83 51 246 311 280 95 0
129 200 42 203 109 79 303 306 84 118 253 127 0
67 292 102 264 106 138 140 267 303 150 246 25 60 158 0
129 100 197 78 144 18 246 55 248 316 279 285 286 223 0
65 101 72 45 110 16 48 305 147 84 244 182 309 219 126 0
2 99 259 70 234 43 282 213 246 25 250 317 220 61 0
320 161 36 69 133 230 40 295 235 77 50 215 283 157 318 31 0
129 40 235 205 176 115 83 52 0
33 2 104 301 270 47 80 240 211 26 27 125 318 0
64 159 66 231 202 250 110 176 276 23 186 220 63 0
129 67 291 6 230 40 72 138 171 12 267 80 176 178 31 63 0
32 318 68 165 196 234 107 268 211 215 317 29 222 0
248 38 39 9 266 77 46 205 19 51 117 214 243 56 58 253 0
131 71 295 140 178 277 182 246 56 0
64 96 40 233 203 77 144 18 51 252 125 247 153 26 60 63 31 0
288 263 298 140 178 210 243 117 85 54 55 150 154 277 124 189 310 0
128 33 65 280 36 298 203 77 16 124 115 148 119 248 28 93 0
259 7 20 149 157 164 304 51 52 59 63 67 198 82 228 103 108 238 245 118 253 126 0
264 141 149 160 290 293 296 302 50 309 186 59 198 200 210 211 216 89 228 241 242 119 248 126 0
65 35 168 169 172 110 239 16 303 82 147 20 244 23 125 254 223 0
97 226 260 198 136 137 298 43 12 205 237 238 147 89 314 59 124 0
128 161 260 296 317 78 207 272 177 52 54 24 89 219 220 157 0
160 33 5 133 135 264 9 268 109 303 145 51 86 56 281 93 0
128 162 100 70 71 200 169 91 235 264 298 20 278 279 57 186 59 158 0
96 195 295 233 141 173 238 302 210 306 116 149 119 120 153 124 0
248 194 69 6 233 267 108 268 115 243 275 24 188 253 0
2 131 133 140 269 31 37 38 39 296 47 307 59 194 70 215 219 236 110 0
96 257 163 230 71 72 73 200 299 173 219 176 113 117 118 310 281 27 0
136 266 16 149 286 289 300 177 305 310 56 188 60 190 66 71 206 210 223 98 103 238 117 124 0
161 195 199 59 171 302 207 208 210 84 276 279 185 123 316 189 318 0
64 289 260 234 107 141 174 279 48 301 306 86 182 156 29 286 127 0
129 257 6 262 285 36 173 301 175 303 54 315 187 317 63 81 84 109 118 254 0
256 97 280 217 102 44 46 48 241 272 273 181 278 24 121 154 62 0
204 77 16 241 276 86 248 153 92 158 31 0
136 137 16 29 33 169 300 179 63 192 77 82 90 103 109 111 243 249 122 0
133 27 285 289 301 305 311 190 63 194 200 81 217 93 96 107 113 244 119 122 0
160 67 103 71 76 109 145 120 285 0
162 226 101 261 170 78 302 305 178 89 314 60 127 0
98 99 261 70 319 40 232 170 299 269 14 113 89 317 254 127 0
2 3 3 3 4 3 2 2 2 2 4 2 4 4 2 2 3 3 2 2 3 2 2 2 2 4 3 2 3 3 3 4 4 3 3 4 3 3 2 3 4 2 2 2 4 2 2 2 4 4 2 3 2 4 2 2 4 4 3 4 3 3 3 4 3 3 3 4 3 3 3 4 2 2 2 2 3 2 3 4 3 3 3 4 2 4 4 4 4 3 3 4 4 3 2 2 2 4 3 3 4 4 3 3 4 2 3 4 3 2 3 4 3 4 3 4 4 2 3 4 3 2 3 3 4 3 3 4 2 3 3 3 2 3 2 2 2 2 2 4 4 2 4 4 3 4 3 3 4 2 2 4 4 4 3 3 2 3 2 4 4 3 4 4 3 3 2 4 2 2 3 2 2 2 4 3 4 2 2 3 4 3 4 4 2 3 4 4 3 4 2 2 4 2 2 2 4 2 4 2 3 2 4 4 3 4 4 3 3 4 4 2 4 4 4 4 4 4 4 2 4 3 3 4 4 3 2 3 4 4 3 2 2 4 4 4 2 4 3 2 3 2 3 3 3 4 4 3 3 4 3 4 3 2 2 4 4 4 3 4 4 2 3 4 4 4 3 2 2 4 2 2 2 3 2 4 2 2 4 3 4 2 2 4 4 3 4 2 4 4 4 4 4 3 3 3 2 3 3 3 3 2 4 3 2 4 3 2 4 3 2 2 3 3 2 4 4 2 3 4
