7319
1 11 7 542
1 28 22 25
1 31 13 396
1 58 43 731
1 65 19 206
1 67 58 505
1 70 35 599
1 107 31 20
1 128 28 600
1 130 1 9
1 142 25 121
1 147 37 579
1 148 5 250
1 157 17 491
1 179 52 375
2 22 45 155
2 23 55 737
2 50 1 658
2 54 31 639
2 76 53 539
2 77 10 589
2 118 59 159
2 127 50 232
2 129 8 101
2 130 4 9
2 139 37 589
2 157 40 532
2 172 19 586
2 192 26 694
2 196 14 663
3 9 49 3
3 25 10 3
3 52 31 563
3 59 7 421
3 62 13 68
3 79 55 51
3 92 43 20
3 108 40 475
3 110 17 396
3 113 25 670
3 126 46 5
3 131 1 138
3 144 19 590
3 196 37 231
3 199 34 611
4 16 13 335
4 30 15 659
4 43 55 173
4 52 22 748
4 54 49 639
4 81 7 568
4 116 4 624
4 126 37 727
4 142 1 121
4 168 43 294
4 182 10 350
4 183 25 119
4 188 40 111
4 189 53 44
4 198 34 750
5 34 7 274
5 44 55 472
5 49 1 310
5 56 50 28
5 79 14 271
5 85 28 176
5 104 19 674
5 138 25 93
5 166 31 206
5 174 43 484
5 177 34 53
5 192 22 714
5 195 37 686
5 200 17 409
6 1 5 274
6 6 23 522
6 21 59 701
6 36 7 385
6 58 25 392
6 59 16 344
6 79 37 61
6 85 34 343
6 146 55 402
6 159 13 723
6 161 51 257
6 162 1 697
6 163 3 97
6 172 43 703
6 194 47 410
7 4 29 727
7 16 41 260
7 28 1 479
7 59 43 421
7 62 31 381
7 78 13 207
7 94 55 508
7 101 47 621
7 108 49 412
7 123 35 146
7 133 9 708
7 134 5 324
7 143 23 360
7 174 37 150
7 194 59 680
8 20 1 364
8 22 49 155
8 44 31 486
8 47 43 103
8 70 29 665
8 75 25 586
8 85 20 424
8 91 51 654
8 113 55 533
8 115 37 461
8 130 7 9
8 137 13 314
8 148 47 250
8 154 3 285
8 190 10 423
9 16 35 663
9 20 45 190
9 33 31 166
9 45 7 595
9 76 55 539
9 94 37 653
9 95 25 712
9 131 1 33
9 137 13 388
9 146 58 556
9 153 28 49
9 169 16 521
9 173 21 573
9 186 10 207
9 187 49 583
10 20 8 190
10 32 43 590
10 42 25 217
10 63 1 366
10 66 23 654
10 72 51 31
10 102 17 378
10 130 10 9
10 142 4 121
10 145 19 292
10 148 41 688
10 175 13 453
10 191 32 541
10 198 28 301
10 200 15 409
11 25 34 515
11 29 52 409
11 38 7 538
11 40 41 207
11 44 43 740
11 46 55 656
11 57 47 327
11 63 3 366
11 64 31 316
11 130 13 9
11 155 59 610
11 171 19 406
11 178 16 702
11 187 22 314
11 188 28 649
12 14 17 424
12 19 44 628
12 28 37 607
12 53 10 129
12 54 13 639
12 62 49 740
12 79 33 257
12 108 58 412
12 126 22 156
12 129 1 101
12 140 25 495
12 142 7 121
12 165 5 19
12 179 19 508
12 199 55 683
13 6 5 712
13 26 8 450
13 31 37 367
13 40 31 506
13 41 55 198
13 46 20 727
13 80 49 24
13 104 52 737
13 124 10 616
13 126 25 153
13 129 3 101
13 141 35 745
13 160 28 111
13 174 13 530
13 179 45 375
14 28 34 175
14 44 37 621
14 51 31 322
14 52 46 563
14 54 49 616
14 61 1 473
14 83 28 93
14 99 43 674
14 101 13 40
14 106 55 196
14 135 10 284
14 138 25 549
14 143 59 573
14 147 19 161
14 173 15 112
15 7 55 416
15 10 16 505
15 34 1 278
15 35 19 401
15 37 38 146
15 39 51 425
15 49 7 310
15 59 13 421
15 70 27 665
15 72 32 399
15 81 5 568
15 110 49 135
15 152 47 179
15 182 43 350
16 5 8 606
16 10 46 390
16 21 25 416
16 28 55 651
16 43 49 281
16 54 19 183
16 83 35 346
16 104 40 674
16 122 13 444
16 150 2 676
16 156 28 90
16 180 5 232
16 191 43 541
16 195 31 353
17 7 49 148
17 25 37 737
17 34 7 278
17 51 52 344
17 78 55 192
17 119 33 724
17 123 11 275
17 153 46 148
17 158 19 60
17 163 1 97
17 166 43 206
17 171 13 359
17 173 3 654
17 183 25 545
17 194 23 388
18 8 23 211
18 20 1 190
18 30 43 194
18 46 13 34
18 60 19 670
18 80 28 483
18 104 56 126
18 106 50 6
18 124 40 106
18 129 5 101
18 159 7 723
18 179 34 375
18 182 31 586
18 196 17 231
18 199 10 611
19 1 11 601
19 10 28 505
19 29 37 242
19 70 47 106
19 81 3 30
19 104 58 674
19 106 43 572
19 123 35 275
19 130 16 9
19 131 7 138
19 133 5 642
19 162 1 710
19 177 52 736
19 188 13 111
19 191 22 53
20 2 15 389
20 7 19 86
20 26 13 424
20 47 1 636
20 73 9 183
20 95 46 729
20 98 25 152
20 121 58 280
20 127 43 411
20 142 22 354
20 144 37 620
20 149 52 213
20 163 5 97
20 167 32 216
20 177 49 736
21 43 49 390
21 50 46 610
21 53 43 17
21 66 53 678
21 82 7 204
21 94 57 694
21 98 31 152
21 101 27 532
21 121 10 471
21 126 16 585
21 165 23 19
21 166 4 680
21 171 13 186
21 173 19 381
21 186 40 343
22 12 34 607
22 27 25 737
22 29 49 713
22 49 8 581
22 56 19 73
22 71 17 155
22 79 58 51
22 91 37 431
22 126 1 153
22 154 13 110
22 156 31 682
22 170 47 422
22 179 43 375
22 186 4 207
23 20 47 190
23 54 8 639
23 56 27 28
23 73 59 371
23 102 25 66
23 115 49 366
23 138 43 167
23 141 23 671
23 142 13 320
23 143 16 486
23 150 4 676
23 164 19 360
23 175 1 453
23 182 39 350
23 189 35 353
24 24 56 697
24 27 13 737
24 45 19 611
24 98 51 589
24 102 41 171
24 104 22 703
24 107 7 548
24 123 47 295
24 139 11 691
24 140 37 140
24 158 43 2
24 162 3 710
24 181 34 637
24 194 1 596
24 195 26 397
25 36 45 385
25 45 22 78
25 48 1 659
25 52 52 306
25 56 57 515
25 89 25 4
25 91 7 431
25 104 4 5
25 109 11 309
25 147 38 447
25 153 14 49
25 167 32 370
25 197 19 707
26 5 1 729
26 8 5 173
26 15 52 72
26 18 25 583
26 45 49 611
26 52 55 563
26 79 34 271
26 93 19 35
26 102 29 210
26 137 7 134
26 141 31 661
26 147 37 161
26 177 16 642
26 182 13 350
26 195 43 279
27 11 20 721
27 21 47 701
27 32 28 61
27 39 43 13
27 50 5 610
27 55 49 284
27 56 37 110
27 77 25 498
27 88 31 604
27 95 55 57
27 105 7 447
27 135 58 170
27 144 13 611
27 150 1 180
27 169 3 747
28 8 35 585
28 16 59 549
28 20 1 478
28 35 3 401
28 59 52 421
28 66 43 672
28 81 47 557
28 85 39 424
28 104 55 674
28 139 49 55
28 142 10 121
28 166 22 206
28 170 37 486
28 192 25 320
28 195 13 268
29 20 3 478
29 49 13 310
29 70 1 665
29 74 55 689
29 77 50 498
29 99 53 665
29 137 19 538
29 141 28 256
29 162 5 710
29 175 8 453
29 179 23 375
29 182 25 350
29 184 31 147
29 197 10 662
29 198 43 301
30 5 14 606
30 13 37 222
30 51 1 683
30 53 46 146
30 69 19 253
30 73 5 591
30 125 35 434
30 144 9 590
30 148 55 400
30 156 52 90
30 163 7 97
30 168 31 677
30 183 40 395
30 190 25 713
30 197 28 79
31 4 19 556
31 48 25 20
31 53 13 29
31 64 35 316
31 76 43 539
31 94 55 653
31 98 31 347
31 109 22 502
31 125 28 416
31 128 8 409
31 135 46 284
31 136 38 5
31 145 49 25
31 159 16 591
31 175 3 453
32 6 7 522
32 20 35 190
32 21 52 625
32 31 31 386
32 69 19 444
32 72 25 337
32 80 40 615
32 101 23 563
32 126 56 156
32 129 10 101
32 132 1 317
32 135 13 170
32 174 43 175
32 175 5 453
33 15 49 72
33 25 39 4
33 38 26 482
33 47 15 693
33 48 52 574
33 63 9 200
33 72 31 81
33 74 2 593
33 107 45 273
33 128 20 409
33 129 13 101
33 134 7 324
33 141 43 200
33 143 37 271
33 155 23 372
34 10 58 152
34 69 43 444
34 78 25 740
34 82 4 574
34 86 14 537
34 91 49 431
34 100 55 18
34 102 35 73
34 111 19 657
34 115 37 503
34 134 9 324
34 176 1 124
34 190 31 315
35 13 1 541
35 24 31 704
35 46 49 656
35 47 7 693
35 52 4 65
35 57 11 702
35 60 19 467
35 88 27 37
35 124 55 572
35 125 35 17
35 129 15 101
35 135 37 170
35 154 46 366
35 181 58 637
35 197 40 209
36 23 56 620
36 37 25 228
36 38 19 482
36 55 7 705
36 72 43 281
36 96 3 621
36 99 53 674
36 101 23 484
36 109 35 37
36 121 16 677
36 131 49 696
36 145 31 292
36 148 39 528
36 152 13 95
36 200 41 576
37 25 13 204
37 37 1 748
37 44 49 472
37 47 20 265
37 72 26 595
37 73 47 705
37 89 55 270
37 107 8 422
37 147 31 161
37 164 37 26
37 167 43 335
37 185 59 243
37 187 16 682
37 189 5 353
37 194 53 680
38 6 23 612
38 23 43 237
38 24 37 85
38 39 14 425
38 44 49 322
38 51 10 719
38 57 7 458
38 81 41 451
38 91 31 32
38 103 2 691
38 148 47 528
38 178 27 378
38 190 19 220
38 195 55 312
39 11 37 463
39 27 57 446
39 31 20 367
39 32 49 576
39 35 14 401
39 55 31 592
39 67 51 373
39 83 35 166
39 86 7 537
39 96 5 370
39 101 26 484
39 122 1 185
39 175 55 326
39 177 44 736
39 189 41 353
40 21 3 701
40 25 13 32
40 27 37 230
40 40 16 506
40 53 43 588
40 62 31 402
40 79 10 51
40 89 21 373
40 92 58 367
40 95 25 519
40 108 46 57
40 111 49 253
40 183 28 361
40 185 19 243
40 188 7 713
41 31 19 386
41 37 31 146
41 38 55 538
41 69 1 444
41 83 59 32
41 92 45 367
41 128 52 53
41 140 37 734
41 153 10 492
41 162 7 710
41 172 13 273
41 174 25 74
41 183 49 471
41 196 35 422
42 18 31 300
42 25 10 4
42 38 39 231
42 42 7 217
42 46 57 160
42 49 49 485
42 62 13 150
42 83 5 32
42 86 19 537
42 92 25 125
42 110 23 108
42 114 1 391
42 159 28 723
42 168 43 645
43 46 57 343
43 58 32 241
43 68 43 196
43 69 7 444
43 88 27 604
43 102 55 73
43 114 13 391
43 144 37 611
43 146 50 495
43 152 53 41
43 160 22 111
43 180 41 633
43 184 1 147
43 188 19 649
44 4 23 204
44 26 59 211
44 27 38 446
44 43 3 390
44 46 19 65
44 54 43 639
44 63 1 280
44 65 10 435
44 74 13 681
44 127 34 290
44 129 17 101
44 150 49 180
44 153 51 49
44 181 29 19
44 191 7 326
45 7 22 86
45 10 39 152
45 17 10 21
45 35 43 425
45 43 15 281
45 84 49 596
45 104 28 674
45 111 1 303
45 117 57 225
45 146 31 495
45 156 19 90
45 157 55 283
45 161 13 367
45 190 34 60
46 25 58 627
46 31 37 134
46 44 49 621
46 58 31 602
46 91 25 51
46 104 19 703
46 119 45 724
46 131 13 138
46 153 1 49
46 162 9 710
46 169 53 595
46 177 22 736
46 180 35 232
46 198 4 379
46 199 55 129
47 13 43 74
47 27 19 72
47 42 16 255
47 48 40 701
47 62 50 150
47 68 55 208
47 78 25 190
47 120 47 74
47 121 13 471
47 166 31 8
47 173 7 343
47 195 1 686
47 197 34 707
48 29 25 627
48 34 14 278
48 46 7 313
48 61 3 473
48 68 31 196
48 85 46 630
48 126 28 645
48 134 19 324
48 151 39 186
48 156 43 90
48 161 53 241
48 162 11 710
48 174 49 175
48 188 55 104
48 200 23 409
49 4 49 93
49 10 55 152
49 71 43 641
49 86 25 537
49 87 45 142
49 89 1 270
49 117 14 400
49 121 31 383
49 139 29 183
49 149 34 315
49 152 53 179
49 160 20 364
49 169 9 521
49 172 38 119
49 179 58 375
50 2 44 715
50 26 29 211
50 31 25 367
50 33 37 361
50 53 13 129
50 61 5 473
50 71 55 521
50 76 1 539
50 79 49 271
50 98 57 205
50 138 16 305
50 150 7 676
50 153 34 740
50 155 41 610
50 163 9 97
51 12 43 729
51 25 46 20
51 43 51 176
51 49 2 581
51 66 34 678
51 75 37 372
51 79 31 61
51 109 49 502
51 122 27 634
51 153 10 140
51 154 22 361
51 165 15 290
51 178 55 552
51 181 17 444
51 185 19 593
52 52 7 563
52 66 13 654
52 68 57 704
52 71 53 450
52 75 25 314
52 76 5 539
52 87 37 557
52 98 44 381
52 102 16 73
52 108 19 380
52 150 3 180
52 167 49 326
52 179 35 396
52 198 31 750
53 5 3 606
53 24 26 697
53 28 52 744
53 63 1 200
53 79 55 350
53 120 35 574
53 138 8 167
53 148 59 688
53 159 20 591
53 167 15 335
53 173 43 654
53 177 31 642
53 188 40 104
53 192 49 97
53 196 11 717
54 2 32 588
54 54 49 360
54 67 19 505
54 106 1 395
54 126 55 5
54 127 58 435
54 137 43 256
54 140 25 40
54 141 53 745
54 143 7 486
54 147 14 579
54 152 29 494
54 155 23 734
54 172 38 232
54 198 46 301
55 5 19 606
55 11 25 170
55 23 55 237
55 43 31 434
55 47 37 612
55 51 4 344
55 54 49 599
55 59 1 421
55 79 13 257
55 99 53 615
55 112 23 154
55 140 7 727
55 175 29 453
55 190 16 713
55 193 45 193
56 23 26 237
56 28 31 542
56 34 57 35
56 36 19 4
56 58 45 602
56 84 49 183
56 99 43 665
56 110 5 108
56 123 17 366
56 135 40 284
56 136 1 671
56 151 13 232
56 184 8 147
57 11 1 605
57 15 7 724
57 21 41 602
57 57 38 458
57 62 19 150
57 106 25 6
57 126 58 645
57 144 43 713
57 167 13 370
57 177 34 642
57 184 50 147
57 191 55 241
57 196 10 204
57 199 31 683
58 19 1 246
58 30 38 194
58 54 43 452
58 101 47 470
58 103 25 451
58 107 19 20
58 130 4 744
58 136 7 601
58 139 23 183
58 142 16 354
58 158 31 26
58 167 49 507
58 173 56 106
58 190 13 315
59 2 20 661
59 21 59 602
59 25 16 265
59 28 43 651
59 31 55 386
59 75 8 344
59 96 52 515
59 108 28 411
59 138 39 469
59 141 25 661
59 147 3 579
59 170 1 365
59 187 49 682
59 197 31 707
59 198 13 379
60 13 19 74
60 22 17 407
60 26 43 424
60 48 1 574
60 56 51 93
60 58 7 250
60 83 13 166
60 102 5 73
60 149 28 315
60 158 45 60
60 161 49 728
60 166 25 680
60 192 31 97
60 194 41 388
60 198 37 34
61 4 59 61
61 12 31 482
61 42 22 217
61 43 13 85
61 65 19 142
61 76 3 539
61 85 50 424
61 98 55 44
61 103 7 451
61 113 25 533
61 157 53 283
61 167 44 676
61 168 39 193
61 185 29 423
61 198 34 301
62 9 19 545
62 22 59 59
62 26 35 176
62 48 37 574
62 49 49 57
62 56 31 732
62 57 5 327
62 92 40 200
62 94 55 750
62 104 25 674
62 111 8 613
62 122 1 634
62 133 23 642
62 157 16 502
62 165 13 290
63 10 38 505
63 35 8 401
63 71 13 450
63 81 5 557
63 94 25 331
63 100 46 81
63 121 51 677
63 124 1 572
63 138 55 305
63 149 15 213
63 153 43 49
63 159 58 723
63 167 20 335
63 193 31 193
64 9 50 198
64 20 3 364
64 31 25 72
64 43 15 703
64 70 59 78
64 82 10 574
64 98 32 205
64 101 47 484
64 120 37 392
64 125 41 434
64 143 13 331
64 159 19 723
64 163 1 641
64 185 5 240
64 190 22 713
65 11 43 388
65 16 23 260
65 19 4 246
65 21 7 701
65 22 41 407
65 31 49 134
65 40 47 643
65 68 31 731
65 96 15 515
65 109 19 451
65 112 17 6
65 140 9 458
65 153 58 148
65 161 21 257
65 177 1 693
66 3 5 83
66 7 7 86
66 9 43 198
66 22 58 155
66 42 49 255
66 59 10 421
66 86 1 560
66 88 21 498
66 125 19 416
66 128 32 645
66 141 29 360
66 143 25 486
66 163 13 97
66 167 15 222
66 169 41 521
67 9 31 295
67 14 49 49
67 33 19 166
67 43 37 518
67 47 43 180
67 56 3 110
67 57 35 702
67 73 29 591
67 85 7 162
67 117 14 748
67 126 55 479
67 140 51 96
67 161 58 241
67 175 10 453
67 193 25 703
68 1 11 23
68 18 2 523
68 25 16 3
68 33 55 166
68 42 13 346
68 88 49 666
68 95 40 678
68 102 53 378
68 106 19 248
68 108 25 380
68 136 7 671
68 144 31 371
68 145 44 292
68 171 37 66
68 197 28 347
69 11 8 193
69 27 43 72
69 29 52 309
69 35 25 401
69 46 13 285
69 55 37 547
69 66 17 661
69 73 59 705
69 92 49 515
69 116 1 624
69 148 23 545
69 151 33 298
69 158 55 2
69 161 41 357
69 200 19 732
70 37 57 422
70 42 46 205
70 63 4 200
70 71 51 641
70 83 35 228
70 107 27 610
70 126 31 153
70 128 7 53
70 131 19 138
70 139 41 183
70 151 37 191
70 152 23 179
70 160 1 397
70 175 17 453
70 184 13 147
71 21 11 602
71 23 43 470
71 41 49 663
71 43 31 173
71 49 19 310
71 63 1 191
71 69 25 444
71 86 7 560
71 96 13 205
71 98 15 44
71 106 55 200
71 169 59 217
71 176 3 124
71 178 38 702
72 22 28 155
72 30 20 327
72 56 49 226
72 57 41 702
72 74 7 593
72 83 11 93
72 96 55 621
72 107 37 379
72 127 57 411
72 150 53 676
72 159 13 591
72 178 46 734
72 180 3 95
72 193 32 469
72 196 25 422
73 7 55 86
73 21 53 175
73 22 41 59
73 30 25 181
73 35 31 514
73 44 19 486
73 60 43 364
73 92 16 16
73 93 2 741
73 102 14 73
73 115 37 298
73 121 58 616
73 131 7 33
73 139 5 55
73 188 49 394
74 13 40 222
74 16 59 260
74 17 56 63
74 32 23 140
74 43 19 518
74 51 34 683
74 70 5 542
74 80 37 24
74 97 1 488
74 106 7 452
74 131 13 33
74 149 52 337
74 154 31 531
74 161 45 590
74 167 25 335
75 17 25 21
75 40 47 121
75 45 51 78
75 51 37 390
75 60 56 171
75 63 7 200
75 68 20 704
75 69 32 444
75 85 28 343
75 150 9 676
75 161 5 367
75 162 3 697
75 193 13 469
75 195 43 397
76 6 11 712
76 11 37 388
76 80 1 615
76 86 49 199
76 90 13 626
76 94 55 443
76 98 31 44
76 135 4 446
76 172 25 475
76 175 15 453
76 178 43 659
76 184 20 147
76 186 46 343
76 189 53 237
76 190 7 315
77 7 10 86
77 43 43 434
77 68 13 208
77 94 37 694
77 99 1 129
77 100 22 81
77 106 25 395
77 110 51 135
77 111 31 303
77 130 19 9
77 155 29 55
77 166 7 680
77 168 55 677
77 170 3 365
77 194 47 447
78 21 43 602
78 58 45 479
78 69 37 444
78 70 59 665
78 81 35 237
78 87 55 10
78 97 13 488
78 104 21 556
78 108 31 380
78 141 11 671
78 143 41 331
78 149 4 726
78 160 7 736
78 167 27 148
78 185 17 243
79 20 5 478
79 22 59 366
79 29 34 561
79 46 19 619
79 64 23 96
79 81 7 296
79 94 26 201
79 95 9 348
79 122 38 634
79 143 17 360
79 146 56 680
79 158 1 26
79 164 13 231
79 167 43 222
79 187 51 410
80 6 23 712
80 11 43 542
80 27 25 719
80 52 32 748
80 63 3 280
80 69 49 444
80 79 7 61
80 97 37 732
80 103 19 620
80 125 47 434
80 132 10 317
80 142 13 121
80 156 16 190
80 172 55 745
80 189 5 380
81 16 23 549
81 37 25 146
81 52 52 563
81 56 19 110
81 67 13 672
81 88 55 603
81 92 49 406
81 94 43 93
81 96 17 515
81 114 7 391
81 119 4 510
81 132 40 320
81 167 31 719
81 169 47 595
81 192 37 97
82 33 25 166
82 45 1 595
82 51 56 445
82 54 37 183
82 59 43 344
82 78 49 380
82 86 13 560
82 95 19 712
82 120 41 391
82 134 11 324
82 136 7 223
82 141 31 745
82 179 29 375
82 191 46 241
82 196 35 111
83 31 1 396
83 43 43 518
83 46 31 160
83 54 55 243
83 63 5 280
83 75 37 154
83 83 17 166
83 100 28 194
83 105 10 406
83 107 13 548
83 111 49 657
83 161 19 257
83 180 25 95
83 186 7 660
83 194 21 596
84 10 46 90
84 27 21 337
84 39 55 425
84 53 7 17
84 55 26 592
84 67 43 505
84 94 32 93
84 101 19 532
84 110 17 108
84 111 13 303
84 114 49 265
84 120 53 513
84 135 37 284
84 161 3 257
84 187 40 66
85 19 31 446
85 27 19 737
85 43 1 173
85 62 49 689
85 64 7 316
85 65 13 353
85 83 23 166
85 92 46 515
85 109 25 502
85 165 29 394
85 166 16 485
85 176 5 124
85 179 53 528
85 180 39 331
85 190 10 595
86 25 37 20
86 27 45 462
86 32 35 425
86 58 1 241
86 78 14 173
86 89 19 633
86 92 28 515
86 104 7 556
86 108 10 411
86 125 43 416
86 166 32 111
86 176 23 213
86 184 55 147
86 190 40 423
86 200 5 604
87 4 3 301
87 29 58 286
87 31 25 721
87 45 16 595
87 62 31 126
87 66 1 590
87 70 41 237
87 88 45 170
87 129 20 101
87 130 22 9
87 135 10 660
87 141 43 658
87 147 49 289
87 153 13 140
87 172 37 136
88 12 1 602
88 21 43 625
88 24 31 697
88 39 55 263
88 42 46 153
88 43 13 176
88 46 25 605
88 53 52 588
88 59 49 344
88 93 7 741
88 129 22 101
88 157 19 502
88 175 35 337
88 176 5 411
88 194 59 388
89 4 13 301
89 7 40 47
89 18 55 485
89 20 8 478
89 36 49 385
89 46 43 727
89 70 29 599
89 74 25 163
89 91 33 431
89 95 16 519
89 98 1 458
89 99 5 143
89 125 47 416
89 142 10 194
89 187 21 470
90 1 11 386
90 17 19 21
90 36 31 385
90 39 25 359
90 72 43 399
90 111 7 303
90 123 2 295
90 127 4 290
90 144 37 601
90 148 35 591
90 158 49 643
90 166 16 680
90 178 58 552
90 189 29 243
91 6 5 522
91 23 49 620
91 53 31 320
91 69 55 444
91 97 7 488
91 102 19 210
91 104 21 11
91 107 1 74
91 122 14 634
91 129 53 173
91 135 46 660
91 143 11 573
91 159 25 591
91 180 37 95
91 192 43 97
92 7 1 347
92 14 15 61
92 23 57 207
92 39 31 260
92 50 4 658
92 86 25 560
92 87 7 243
92 88 38 74
92 112 43 154
92 116 22 297
92 118 47 654
92 128 50 450
92 176 20 124
92 181 11 444
93 14 17 13
93 19 45 246
93 27 1 599
93 38 25 279
93 40 35 207
93 64 5 310
93 88 13 666
93 101 41 40
93 114 19 391
93 128 37 592
93 136 31 662
93 154 10 649
93 178 55 378
93 190 49 40
93 199 52 611
94 2 25 389
94 9 8 176
94 24 38 697
94 30 56 327
94 51 34 344
94 108 31 643
94 117 19 83
94 160 49 111
94 165 13 19
94 169 1 521
94 193 43 686
94 195 15 503
94 197 52 551
94 200 4 409
95 12 43 446
95 21 23 621
95 24 49 697
95 75 19 344
95 87 25 243
95 104 7 703
95 119 31 746
95 135 1 660
95 162 14 697
95 163 11 97
95 164 56 26
95 171 34 66
95 174 37 21
95 188 16 649
95 189 5 237
96 4 8 616
96 18 25 523
96 34 37 278
96 69 1 534
96 70 34 665
96 91 55 211
96 101 49 286
96 108 43 475
96 115 51 298
96 116 10 624
96 119 16 724
96 124 19 191
96 171 22 406
96 183 46 317
96 189 59 406
97 21 45 416
97 61 7 473
97 62 33 658
97 82 22 35
97 108 52 412
97 116 58 297
97 118 40 159
97 119 16 2
97 131 25 138
97 137 19 572
97 152 9 95
97 153 2 140
97 175 5 336
97 179 13 508
97 190 37 595
98 12 57 522
98 15 10 724
98 17 7 320
98 22 29 59
98 37 25 206
98 52 37 208
98 82 50 305
98 91 13 8
98 110 47 108
98 131 19 33
98 160 34 31
98 163 3 641
98 165 17 394
98 184 43 507
98 199 40 683
99 15 58 216
99 20 53 190
99 56 1 73
99 70 45 665
99 87 7 535
99 94 31 653
99 98 49 458
99 101 29 40
99 127 55 384
99 128 25 625
99 154 19 361
99 160 38 25
99 163 15 97
99 169 41 217
99 191 22 535
100 13 7 222
100 15 43 378
100 21 1 701
100 47 37 636
100 58 21 392
100 69 25 696
100 84 32 504
100 93 10 741
100 101 59 470
100 103 55 451
100 116 50 662
100 126 16 140
100 146 13 680
100 155 3 734
100 170 5 365
101 4 29 51
101 19 4 298
101 20 13 478
101 63 41 711
101 67 49 505
101 75 9 568
101 98 15 205
101 105 1 406
101 117 31 412
101 122 20 634
101 131 37 138
101 136 43 576
101 170 7 365
101 184 25 147
101 194 35 596
102 13 2 537
102 19 10 628
102 29 13 627
102 56 21 322
102 65 49 590
102 82 43 156
102 115 55 298
102 128 32 37
102 136 37 576
102 140 26 734
102 154 7 634
102 165 17 290
102 175 19 453
102 183 46 545
102 186 52 207
103 3 59 83
103 25 40 20
103 37 51 146
103 38 13 482
103 84 19 153
103 114 25 391
103 118 29 469
103 119 46 746
103 128 43 745
103 152 37 41
103 171 1 66
103 184 31 467
103 188 8 394
103 192 4 423
103 195 55 686
104 4 41 301
104 15 56 724
104 33 15 512
104 36 37 210
104 42 1 217
104 71 26 641
104 89 45 633
104 110 35 655
104 120 49 146
104 122 31 634
104 162 13 710
104 164 9 605
104 167 19 222
104 176 7 124
104 199 28 611
105 9 25 326
105 12 16 492
105 20 3 190
105 32 23 590
105 42 34 217
105 47 49 642
105 55 43 705
105 57 5 458
105 80 10 728
105 93 13 741
105 115 19 366
105 131 39 553
105 132 7 21
105 149 58 315
105 161 1 257
106 24 1 526
106 37 15 228
106 40 59 121
106 56 55 586
106 76 7 539
106 84 37 504
106 89 49 490
106 96 41 621
106 119 19 724
106 134 13 324
106 156 43 231
106 171 9 66
106 172 26 232
106 180 53 232
106 185 34 280
107 2 49 678
107 6 1 522
107 44 13 621
107 64 25 624
107 68 3 31
107 75 19 154
107 90 53 626
107 92 27 406
107 100 34 16
107 102 47 66
107 108 7 638
107 111 55 613
107 116 31 297
107 145 37 40
107 178 10 162
108 5 19 151
108 10 10 152
108 35 31 401
108 38 13 721
108 70 43 78
108 89 56 4
108 92 45 200
108 95 50 348
108 105 1 47
108 110 53 135
108 113 25 688
108 141 5 671
108 143 8 331
108 192 40 574
108 194 29 548
109 5 25 606
109 6 59 538
109 34 1 274
109 79 19 61
109 82 13 506
109 98 9 44
109 107 32 548
109 127 16 411
109 138 22 660
109 153 39 49
109 159 43 242
109 171 55 66
109 182 49 350
110 12 46 522
110 28 26 175
110 34 13 274
110 39 19 260
110 40 29 207
110 45 1 92
110 54 55 639
110 76 10 539
110 120 49 477
110 123 43 3
110 132 7 198
110 134 17 324
110 144 31 108
110 180 59 473
110 184 38 147
111 12 55 602
111 15 31 92
111 42 22 255
111 54 13 243
111 63 25 366
111 65 19 510
111 79 34 51
111 87 27 142
111 95 58 655
111 118 1 159
111 122 44 634
111 144 37 590
111 145 7 292
111 146 50 680
111 190 4 60
112 7 33 416
112 16 3 335
112 18 49 716
112 21 17 621
112 39 26 260
112 60 13 225
112 72 19 104
112 81 41 568
112 90 7 626
112 102 23 66
112 112 53 604
112 117 43 400
112 160 10 736
112 163 5 488
112 199 58 18
113 14 27 424
113 42 58 541
113 56 7 732
113 59 4 421
113 60 37 364
113 64 33 316
113 70 17 599
113 98 19 152
113 104 46 674
113 141 13 412
113 143 29 573
113 146 43 205
113 160 52 705
113 161 23 241
113 200 35 150
114 21 31 701
114 22 53 155
114 42 38 217
114 54 27 639
114 55 33 536
114 64 13 316
114 66 1 678
114 85 58 727
114 121 8 677
114 128 19 37
114 129 25 101
114 144 49 2
114 148 47 400
114 159 55 591
114 174 43 150
115 6 13 538
115 21 25 602
115 34 55 531
115 37 37 300
115 56 9 73
115 80 4 638
115 83 23 93
115 103 49 603
115 119 1 510
115 133 47 160
115 134 15 324
115 135 28 446
115 147 31 726
115 151 43 447
115 191 19 53
116 3 23 722
116 34 19 278
116 55 55 284
116 74 25 593
116 76 13 539
116 82 1 204
116 90 34 626
116 93 16 741
116 99 11 484
116 101 29 532
116 111 37 613
116 124 31 106
116 139 47 55
116 150 41 676
116 173 51 536
117 10 58 300
117 28 22 607
117 30 3 34
117 48 19 574
117 54 7 360
117 81 11 399
117 98 31 458
117 101 29 484
117 117 37 513
117 122 49 634
117 128 55 407
117 131 25 33
117 174 13 561
117 178 44 637
118 17 40 625
118 21 21 701
118 49 13 581
118 51 7 445
118 61 10 473
118 95 25 156
118 124 34 106
118 151 49 181
118 163 17 97
118 167 55 370
118 178 31 65
118 186 37 143
118 188 46 104
118 199 4 615
118 200 29 576
119 3 58 722
119 14 5 389
119 18 7 485
119 31 32 721
119 40 55 207
119 56 1 10
119 73 29 705
119 79 25 381
119 115 49 461
119 160 46 25
119 168 14 708
119 171 22 359
119 192 37 531
119 196 19 663
119 198 40 34
120 2 26 283
120 17 4 651
120 22 53 407
120 29 37 309
120 62 8 381
120 71 34 155
120 73 41 705
120 90 23 633
120 113 55 688
120 117 19 731
120 125 13 416
120 131 49 357
120 136 15 223
120 168 43 677
121 12 7 226
121 30 19 194
121 40 35 121
121 46 38 656
121 59 16 421
121 62 55 626
121 92 10 515
121 98 25 205
121 115 45 298
121 123 5 275
121 126 13 498
121 146 49 402
121 152 1 672
121 187 52 470
121 191 31 376
122 2 43 661
122 7 49 86
122 22 23 155
122 64 25 316
122 65 7 206
122 78 27 223
122 79 10 61
122 93 20 741
122 96 31 392
122 128 37 37
122 142 16 121
122 152 13 494
122 188 52 702
122 193 1 469
122 198 58 301
123 20 5 364
123 25 25 18
123 52 28 563
123 60 38 572
123 88 1 707
123 95 7 678
123 96 13 392
123 97 55 255
123 99 21 665
123 117 51 293
123 126 33 727
123 132 16 198
123 136 43 657
123 150 11 676
123 200 23 150
124 6 59 293
124 16 41 663
124 22 23 407
124 25 55 627
124 38 49 538
124 39 37 359
124 42 28 153
124 43 13 518
124 48 31 508
124 50 7 658
124 94 44 514
124 124 9 672
124 138 20 93
124 170 5 422
124 183 34 722
125 1 17 274
125 15 28 724
125 19 1 628
125 21 53 416
125 22 59 599
125 28 4 175
125 34 19 274
125 51 37 683
125 110 10 135
125 131 31 33
125 139 41 503
125 180 7 60
125 183 43 722
125 188 49 702
125 200 46 707
126 10 10 133
126 36 49 260
126 65 7 281
126 86 19 560
126 93 43 35
126 99 35 143
126 122 13 185
126 125 23 17
126 132 4 305
126 137 1 538
126 163 41 401
126 167 55 549
126 168 37 645
126 187 31 410
126 199 26 683
127 9 37 358
127 48 49 542
127 52 22 380
127 65 1 120
127 70 41 665
127 78 13 239
127 87 25 557
127 121 52 471
127 138 7 549
127 142 19 121
127 167 32 185
127 187 10 402
127 194 45 450
127 195 56 268
127 200 5 707
128 20 43 190
128 27 31 337
128 40 59 619
128 46 20 656
128 78 55 223
128 112 25 373
128 116 37 270
128 118 47 469
128 124 49 106
128 130 7 126
128 138 52 167
128 150 5 180
128 162 16 710
128 163 11 488
128 182 1 350
129 5 1 716
129 6 52 712
129 8 19 211
129 11 37 605
129 15 55 250
129 19 7 246
129 22 50 59
129 32 41 140
129 57 23 458
129 65 58 281
129 72 43 31
129 88 13 37
129 114 32 391
129 152 26 672
129 176 5 213
130 20 35 559
130 26 50 211
130 49 25 310
130 58 39 241
130 67 3 672
130 71 17 557
130 85 31 518
130 117 8 412
130 137 22 538
130 148 53 250
130 150 14 676
130 157 1 502
130 161 46 257
130 164 55 585
130 176 20 213
131 14 53 424
131 21 17 683
131 30 25 327
131 52 1 65
131 61 31 473
131 71 47 641
131 90 39 633
131 96 49 205
131 102 4 378
131 116 19 270
131 142 22 121
131 150 7 14
131 156 10 714
131 168 57 119
131 184 43 147
132 19 52 446
132 35 37 401
132 57 23 357
132 63 5 366
132 72 13 399
132 101 17 286
132 118 3 159
132 138 43 303
132 144 25 371
132 149 10 270
132 154 32 649
132 174 57 561
132 186 7 615
132 191 19 541
132 197 46 79
133 8 29 230
133 10 31 314
133 11 55 193
133 15 19 216
133 36 3 179
133 50 41 661
133 99 51 665
133 108 46 134
133 118 35 47
133 119 22 2
133 126 13 585
133 154 25 361
133 177 10 519
133 179 1 375
133 181 59 445
134 5 39 729
134 20 51 364
134 24 7 526
134 27 19 462
134 40 11 619
134 112 25 154
134 129 27 101
134 148 46 688
134 152 29 41
134 154 31 159
134 161 23 257
134 178 58 108
134 179 37 528
134 194 35 680
134 198 43 412
135 1 47 601
135 25 40 389
135 37 43 457
135 43 49 434
135 47 19 519
135 57 35 77
135 58 7 241
135 70 32 78
135 85 25 434
135 107 1 422
135 122 55 634
135 124 14 106
135 171 37 406
135 191 28 53
135 200 5 306
136 4 17 61
136 7 4 86
136 16 22 663
136 20 37 190
136 34 25 274
136 36 49 423
136 37 55 702
136 61 13 473
136 64 29 310
136 69 7 534
136 112 15 154
136 121 34 616
136 153 31 492
136 160 39 736
136 163 20 97
137 4 43 51
137 8 29 353
137 23 13 559
137 32 45 478
137 50 7 610
137 60 56 135
137 64 19 316
137 66 35 654
137 84 21 242
137 111 1 7
137 139 32 183
137 148 37 545
137 162 5 697
137 163 10 641
137 174 25 552
138 19 4 628
138 48 55 574
138 55 13 705
138 58 38 35
138 59 19 421
138 63 11 200
138 72 43 245
138 120 29 513
138 126 7 140
138 139 35 503
138 140 31 140
138 175 47 326
138 181 59 444
138 182 22 744
138 186 49 207
139 85 31 424
139 86 7 420
139 90 1 626
139 95 13 674
139 96 55 205
139 117 27 400
139 119 3 746
139 141 11 256
139 146 40 394
139 147 49 66
139 160 57 381
139 182 22 350
139 183 43 545
139 188 46 271
140 10 25 414
140 43 7 173
140 65 1 435
140 66 41 654
140 90 35 633
140 94 37 173
140 106 49 196
140 131 31 138
140 133 55 642
140 136 19 223
140 143 4 331
140 144 13 371
140 152 59 41
140 154 43 159
140 190 46 239
141 44 43 309
141 46 33 656
141 64 5 316
141 73 10 400
141 83 16 93
141 92 7 515
141 118 19 469
141 121 55 616
141 128 49 625
141 140 25 140
141 141 47 728
141 152 23 95
141 177 58 693
141 187 37 410
141 197 13 707
142 14 41 13
142 18 15 47
142 41 50 681
142 68 32 208
142 79 38 257
142 85 7 424
142 94 1 443
142 100 28 562
142 133 23 708
142 136 43 601
142 139 11 55
142 142 56 121
142 174 19 552
142 182 25 483
142 200 59 409
143 2 19 504
143 11 49 388
143 16 1 549
143 25 7 3
143 39 37 260
143 53 58 17
143 88 13 167
143 95 10 238
143 110 3 135
143 112 41 604
143 113 31 533
143 142 28 121
143 173 43 469
143 181 47 637
143 190 25 239
144 14 29 424
144 17 44 320
144 27 19 599
144 42 7 100
144 60 25 171
144 72 49 104
144 78 2 740
144 86 31 560
144 104 10 625
144 107 55 273
144 118 37 469
144 126 13 153
144 139 35 55
144 158 39 294
145 3 10 416
145 17 34 651
145 33 1 618
145 42 46 541
145 57 43 702
145 75 37 568
145 106 13 572
145 125 41 402
145 128 56 409
145 149 7 726
145 158 49 528
145 175 21 453
145 181 53 119
145 193 25 469
146 12 52 602
146 23 21 237
146 25 2 3
146 29 43 451
146 33 25 512
146 72 37 245
146 80 49 615
146 120 29 477
146 128 31 450
146 133 35 160
146 153 7 49
146 156 10 244
146 162 19 710
146 173 55 253
146 198 46 412
147 21 38 416
147 29 25 561
147 35 43 401
147 36 13 385
147 63 35 366
147 84 49 153
147 89 1 373
147 100 28 18
147 136 55 671
147 167 19 370
147 172 31 232
147 187 8 682
147 190 40 220
148 9 45 3
148 29 52 713
148 34 7 531
148 43 13 434
148 53 31 545
148 62 25 626
148 71 40 641
148 86 57 537
148 94 1 694
148 104 34 11
148 118 37 159
148 152 5 494
148 168 19 708
148 180 23 464
149 4 31 727
149 22 56 155
149 47 45 693
149 113 19 688
149 114 37 391
149 116 58 16
149 120 43 331
149 134 17 615
149 140 2 495
149 149 10 726
149 156 28 231
149 164 13 312
149 167 49 222
149 168 33 180
150 4 25 556
150 26 35 450
150 49 31 310
150 59 22 421
150 86 38 537
150 91 1 79
150 95 19 238
150 102 11 171
150 108 16 643
150 111 7 7
150 115 27 366
150 117 43 513
150 153 13 148
150 155 5 372
150 160 58 364
151 8 21 211
151 21 19 701
151 36 1 385
151 41 13 464
151 58 25 255
151 77 45 589
151 92 49 200
151 118 5 159
151 123 23 366
151 129 29 101
151 132 52 136
151 156 31 188
151 168 38 708
151 188 7 649
151 194 17 596
152 36 43 423
152 59 34 266
152 65 37 258
152 68 25 208
152 82 31 35
152 97 19 488
152 107 7 653
152 126 55 498
152 132 13 317
152 146 52 556
152 163 59 97
152 175 40 453
152 179 3 508
152 182 16 350
152 200 11 707
153 10 49 314
153 52 58 563
153 53 25 17
153 57 17 77
153 60 31 670
153 81 35 24
153 96 37 370
153 132 55 317
153 137 22 256
153 153 4 148
153 154 1 649
153 169 45 521
153 170 11 365
153 182 28 350
153 187 40 470
154 18 31 47
154 23 49 237
154 25 28 559
154 28 1 744
154 41 55 290
154 45 40 78
154 66 5 661
154 101 9 656
154 102 17 210
154 106 20 6
154 126 13 156
154 159 44 723
154 178 25 637
154 188 37 111
155 21 1 616
155 28 13 651
155 40 5 619
155 66 17 126
155 74 21 593
155 78 9 192
155 90 37 193
155 92 31 200
155 93 49 35
155 95 46 678
155 102 7 210
155 112 3 6
155 118 53 469
155 167 26 370
155 190 34 239
156 14 34 389
156 17 44 557
156 24 13 526
156 54 2 639
156 67 28 373
156 84 49 504
156 92 25 515
156 117 55 748
156 118 23 103
156 121 37 677
156 129 31 101
156 133 17 552
156 134 21 324
156 170 59 365
156 183 8 119
157 2 49 389
157 12 7 508
157 25 38 559
157 30 43 327
157 42 1 100
157 44 55 486
157 73 15 183
157 108 25 506
157 112 35 6
157 130 4 265
157 138 31 167
157 183 10 314
157 186 28 96
157 195 21 503
158 6 29 522
158 13 1 222
158 20 14 364
158 31 37 386
158 47 43 372
158 67 49 519
158 97 25 488
158 137 16 388
158 142 32 121
158 154 7 159
158 162 22 710
158 173 55 654
158 183 4 361
159 2 37 661
159 23 14 319
159 33 55 512
159 50 9 658
159 54 43 183
159 59 31 421
159 78 20 192
159 127 25 411
159 161 53 257
159 164 1 360
159 187 34 682
159 195 49 230
159 200 59 150
160 32 35 140
160 40 33 506
160 50 11 658
160 52 20 563
160 63 4 711
160 69 43 534
160 71 39 155
160 88 51 746
160 99 49 665
160 101 17 384
160 103 27 100
160 109 55 502
160 141 23 344
160 143 37 331
160 166 1 206
161 9 13 573
161 15 25 724
161 21 35 602
161 29 40 242
161 35 49 401
161 48 7 260
161 50 1 223
161 57 23 77
161 97 31 488
161 109 53 451
161 143 4 627
161 164 19 585
161 180 57 473
161 186 43 207
162 46 15 656
162 55 25 204
162 65 1 142
162 67 8 298
162 71 49 521
162 83 11 32
162 84 56 296
162 85 34 348
162 114 43 391
162 128 21 450
162 133 47 642
162 148 5 400
162 154 51 361
162 160 37 678
162 171 31 689
163 2 31 498
163 6 23 293
163 11 55 491
163 32 47 140
163 38 49 721
163 43 43 176
163 65 16 353
163 92 25 103
163 105 13 406
163 108 28 57
163 122 1 441
163 148 41 400
163 167 37 148
163 170 9 365
163 182 19 744
164 10 4 505
164 21 25 701
164 58 8 255
164 75 49 572
164 100 31 507
164 109 23 216
164 119 1 517
164 121 28 280
164 126 16 153
164 140 19 458
164 151 55 186
164 159 38 723
164 183 44 471
164 199 34 129
165 2 25 588
165 11 1 609
165 34 32 274
165 48 16 574
165 53 58 146
165 75 38 344
165 94 19 602
165 96 23 309
165 120 53 391
165 147 49 726
165 157 5 491
165 185 47 423
165 188 13 615
165 189 43 724
165 195 8 503
166 40 37 541
166 60 25 467
166 66 29 678
166 73 57 400
166 85 49 343
166 88 19 63
166 107 39 163
166 120 11 391
166 126 52 346
166 128 31 409
166 149 7 24
166 150 16 676
166 152 34 95
166 191 1 53
166 197 4 447
167 10 7 314
167 30 37 691
167 45 4 78
167 57 29 702
167 64 17 310
167 73 41 21
167 112 1 6
167 116 49 270
167 119 46 533
167 123 53 275
167 129 59 173
167 139 11 183
167 149 43 337
167 171 14 66
167 173 32 445
168 1 11 274
168 2 31 283
168 6 25 538
168 9 15 295
168 10 52 505
168 37 38 457
168 50 9 610
168 82 19 683
168 95 43 57
168 110 13 14
168 111 2 477
168 126 46 156
168 134 7 319
168 139 59 55
168 170 23 486
169 19 10 246
169 30 57 181
169 52 46 24
169 53 49 588
169 54 13 460
169 55 19 536
169 71 34 521
169 81 29 399
169 101 31 656
169 120 23 513
169 128 4 450
169 130 25 9
169 135 43 284
169 141 17 671
169 181 53 716
170 14 47 13
170 84 2 183
170 87 7 592
170 90 35 193
170 92 52 406
170 120 25 292
170 130 28 9
170 142 16 320
170 144 43 620
170 152 55 95
170 161 11 357
170 168 31 708
170 178 37 108
170 183 57 361
170 199 13 18
171 4 17 32
171 6 7 40
171 16 46 549
171 18 51 523
171 19 14 246
171 21 5 701
171 92 28 16
171 99 10 674
171 101 37 532
171 105 25 47
171 110 35 517
171 150 59 180
171 182 19 350
171 184 1 407
171 198 22 301
172 2 51 661
172 4 5 605
172 8 43 519
172 30 31 691
172 44 1 309
172 88 56 74
172 93 25 741
172 110 11 14
172 122 7 441
172 131 37 696
172 136 19 671
172 139 41 672
172 151 13 220
172 175 23 453
172 189 49 724
173 1 43 59
173 12 40 522
173 20 5 190
173 33 7 10
173 34 50 278
173 42 1 346
173 50 13 658
173 103 21 100
173 109 47 37
173 112 59 604
173 114 55 391
173 129 33 101
173 145 15 92
173 165 29 290
173 181 35 716
174 31 55 134
174 40 35 502
174 43 25 173
174 73 59 402
174 90 29 193
174 94 21 508
174 124 16 196
174 127 46 232
174 132 37 317
174 140 31 96
174 143 10 331
174 146 13 196
174 190 52 271
174 194 5 596
174 195 1 21
175 12 56 607
175 13 28 286
175 37 31 228
175 65 4 286
175 73 25 183
175 78 13 360
175 90 53 193
175 99 35 674
175 110 11 517
175 113 7 691
175 145 43 108
175 157 17 337
175 164 20 605
175 192 37 423
175 194 59 596
176 11 9 52
176 14 17 49
176 22 29 407
176 33 19 512
176 43 3 176
176 57 53 458
176 106 13 452
176 122 43 547
176 125 1 17
176 140 55 140
176 147 33 289
176 150 47 180
176 160 37 395
176 165 7 371
176 193 49 703
177 10 55 505
177 45 51 336
177 68 43 285
177 69 13 534
177 71 31 155
177 96 23 205
177 117 27 293
177 118 49 47
177 132 38 198
177 146 20 680
177 151 1 220
177 156 33 231
177 165 25 290
177 176 9 124
178 2 1 661
178 45 13 171
178 62 44 617
178 63 56 191
178 64 53 624
178 84 19 140
178 102 25 378
178 116 34 8
178 125 41 534
178 126 27 5
178 155 49 372
178 165 8 290
178 179 17 528
178 198 58 461
178 200 11 150
179 1 59 523
179 17 8 514
179 74 13 593
179 88 1 604
179 89 55 559
179 96 35 621
179 108 37 57
179 113 27 507
179 131 43 138
179 139 53 503
179 156 49 90
179 159 31 18
179 175 25 453
179 198 19 301
180 3 11 83
180 7 43 86
180 9 2 198
180 33 31 512
180 57 41 536
180 93 28 741
180 112 9 633
180 156 46 231
180 158 56 379
180 164 49 231
180 187 19 410
180 191 22 541
180 194 37 596
180 198 16 301
180 200 7 604
181 1 47 274
181 15 9 216
181 17 19 320
181 28 58 657
181 40 49 506
181 48 32 346
181 61 17 473
181 98 25 44
181 100 22 18
181 136 2 662
181 147 37 726
181 150 7 180
181 170 13 365
181 179 29 314
181 197 52 707
182 3 37 722
182 4 40 51
182 22 7 155
182 26 52 211
182 27 31 599
182 30 43 297
182 62 1 402
182 65 22 435
182 102 49 746
182 105 56 292
182 110 16 655
182 143 29 271
182 150 9 180
182 152 35 179
182 156 25 682
183 39 43 213
183 44 49 19
183 57 47 458
183 61 15 473
183 64 41 310
183 68 7 285
183 73 5 402
183 78 56 239
183 89 31 559
183 110 1 655
183 120 35 477
183 133 3 708
183 153 22 49
183 156 25 191
183 196 17 422
184 16 28 549
184 62 1 150
184 65 21 353
184 75 7 248
184 87 31 10
184 111 13 7
184 115 55 275
184 120 59 292
184 139 19 503
184 160 52 73
184 169 47 521
184 172 43 119
184 183 25 611
184 189 35 44
184 194 49 447
185 9 7 295
185 31 1 367
185 58 39 392
185 75 13 248
185 90 43 193
185 100 46 16
185 103 49 451
185 107 19 548
185 117 31 513
185 127 55 303
185 132 28 198
185 148 17 250
185 159 58 591
185 197 25 707
186 10 1 314
186 24 25 526
186 25 38 627
186 36 31 179
186 49 19 581
186 56 56 322
186 108 13 380
186 115 44 494
186 135 10 13
186 139 41 108
186 164 49 585
186 179 35 513
187 29 40 409
187 37 27 748
187 43 55 434
187 55 43 30
187 64 49 316
187 65 37 510
187 69 13 696
187 77 19 445
187 78 7 446
187 79 4 51
187 80 1 24
187 116 34 297
187 154 22 531
187 162 25 710
187 179 51 508
188 18 37 583
188 21 29 683
188 74 25 43
188 82 10 305
188 84 31 253
188 91 55 348
188 100 43 81
188 101 41 286
188 115 19 275
188 116 7 624
188 129 35 101
188 140 49 734
188 144 2 371
188 196 46 204
188 197 16 707
189 5 15 731
189 25 49 32
189 29 37 744
189 31 2 721
189 48 52 649
189 65 25 590
189 68 7 208
189 73 29 402
189 96 47 370
189 108 56 380
189 111 20 7
189 125 13 523
189 139 41 55
189 143 35 573
189 178 31 637
190 15 49 216
190 22 35 59
190 47 7 530
190 74 31 593
190 96 17 309
190 99 47 143
190 114 13 736
190 120 11 477
190 129 37 101
190 131 55 138
190 156 22 191
190 157 45 532
190 168 27 708
190 182 1 617
190 195 39 312
191 25 44 627
191 51 22 471
191 89 31 270
191 92 19 125
191 107 13 20
191 115 1 275
191 131 37 33
191 153 25 49
191 164 56 231
191 167 50 335
191 168 7 494
191 171 28 186
191 189 11 223
192 2 3 678
192 5 7 729
192 18 38 523
192 24 19 85
192 25 34 3
192 33 45 166
192 51 56 344
192 95 16 57
192 118 53 103
192 143 23 331
192 179 43 508
192 183 49 317
192 190 26 271
192 192 13 423
193 2 1 498
193 15 31 72
193 18 20 300
193 51 58 195
193 73 37 400
193 105 28 47
193 114 49 391
193 121 40 677
193 149 16 726
193 166 10 111
193 168 43 689
193 179 5 528
193 190 13 713
194 3 35 83
194 13 49 23
194 16 40 549
194 25 28 627
194 28 31 651
194 46 13 604
194 91 7 694
194 96 55 515
194 99 53 484
194 103 57 120
194 117 43 531
194 150 11 180
194 187 25 11
194 195 2 503
194 198 22 461
195 1 55 59
195 15 13 294
195 30 31 327
195 44 37 19
195 50 16 658
195 80 19 728
195 89 43 410
195 93 1 35
195 110 22 517
195 130 49 9
195 136 25 601
195 171 4 359
195 172 57 136
195 187 7 410
195 197 10 79
196 2 13 386
196 22 47 59
196 30 49 194
196 48 43 574
196 54 37 599
196 77 57 589
196 90 5 633
196 114 1 77
196 115 26 461
196 116 22 198
196 145 31 373
196 184 7 407
196 188 19 111
197 25 37 18
197 41 31 596
197 46 50 605
197 50 11 610
197 57 29 77
197 64 17 316
197 88 25 522
197 93 55 195
197 103 1 620
197 111 21 477
197 118 35 103
197 122 13 441
197 163 5 641
197 166 46 206
197 180 40 95
198 15 1 378
198 36 43 4
198 41 55 37
198 51 20 390
198 67 28 672
198 91 49 694
198 93 31 741
198 101 59 359
198 107 14 653
198 138 25 636
198 146 7 573
198 161 35 357
198 166 4 18
198 180 23 60
198 185 11 243
199 8 43 211
199 9 57 295
199 27 1 337
199 39 31 425
199 52 28 258
199 59 25 421
199 83 35 32
199 98 19 205
199 99 11 143
199 106 13 517
199 108 37 475
199 114 7 77
199 117 45 293
199 139 17 55
199 178 49 659
200 32 35 590
200 43 19 434
200 55 37 29
200 68 15 495
200 71 27 521
200 73 13 183
200 82 46 305
200 104 1 703
200 112 55 60
200 126 58 346
200 137 4 314
200 146 7 495
200 152 11 179
200 168 51 180
200 196 33 663
201 2 56 715
201 7 39 86
201 13 28 541
201 14 34 424
201 25 1 4
201 60 45 135
201 106 19 452
201 130 31 9
201 145 15 40
201 150 13 180
201 179 11 513
201 182 4 350
201 188 7 750
201 198 52 301
202 16 1 335
202 59 28 421
202 65 7 156
202 74 37 593
202 92 57 20
202 96 3 515
202 104 10 703
202 105 19 47
202 109 46 502
202 114 13 77
202 126 49 346
202 132 32 21
202 192 25 303
202 197 43 707
203 8 53 610
203 17 1 705
203 19 7 628
203 33 43 591
203 35 55 401
203 43 19 173
203 75 49 297
203 79 28 257
203 91 14 79
203 139 47 183
203 143 10 271
203 144 39 190
203 181 5 445
203 191 31 326
203 194 25 596
204 6 41 712
204 25 45 18
204 30 1 547
204 44 13 230
204 71 5 601
204 101 29 470
204 105 25 104
204 110 43 135
204 115 19 298
204 120 59 477
204 124 37 106
204 127 55 484
204 142 10 320
204 170 34 365
204 182 31 350
205 7 58 416
205 8 17 230
205 43 7 85
205 57 41 458
205 58 37 255
205 59 34 421
205 61 20 473
205 67 45 154
205 96 29 205
205 112 15 166
205 148 13 704
205 176 11 124
205 177 55 736
205 179 27 375
205 195 2 230
206 1 23 274
206 55 31 705
206 64 40 316
206 76 17 539
206 79 19 96
206 85 37 343
206 87 57 557
206 96 3 205
206 100 7 106
206 108 49 411
206 154 10 361
206 165 27 290
206 170 15 365
206 188 45 111
207 8 7 353
207 13 46 389
207 29 49 748
207 72 19 399
207 84 9 296
207 87 25 216
207 95 34 712
207 97 57 666
207 102 23 378
207 127 37 290
207 150 15 180
207 153 1 315
207 155 5 425
207 176 13 124
207 180 55 487
208 9 31 176
208 11 55 605
208 13 37 389
208 28 28 479
208 43 13 740
208 74 44 266
208 95 25 655
208 104 1 556
208 105 40 292
208 106 19 196
208 121 49 478
208 123 53 3
208 172 7 586
209 13 31 74
209 26 9 211
209 29 4 561
209 52 16 380
209 57 11 77
209 67 13 142
209 70 57 665
209 74 43 593
209 112 29 6
209 129 51 101
209 137 1 256
209 165 22 394
209 167 37 719
209 189 59 380
209 197 19 79
210 3 41 606
210 10 55 90
210 13 7 389
210 22 35 697
210 28 43 25
210 30 1 327
210 48 13 576
210 51 58 719
210 53 22 146
210 74 50 593
210 86 31 537
210 129 39 101
210 160 19 19
210 197 28 662
211 36 44 383
211 37 37 265
211 41 7 90
211 44 19 472
211 82 1 457
211 101 5 166
211 102 11 210
211 119 13 2
211 128 52 37
211 139 49 589
211 147 56 726
211 175 27 453
211 181 16 637
211 198 31 460
212 14 37 424
212 44 25 621
212 76 15 539
212 87 43 216
212 107 55 163
212 112 5 373
212 125 49 17
212 129 41 101
212 135 7 318
212 139 23 691
212 146 32 680
212 150 19 676
212 170 17 365
212 183 52 317
212 200 59 528
213 8 11 173
213 19 14 628
213 59 37 421
213 80 51 728
213 87 45 592
213 98 20 186
213 110 57 396
213 129 43 101
213 146 40 573
213 153 7 492
213 171 28 712
213 186 4 394
213 191 25 53
213 195 32 461
213 200 59 707
214 37 7 228
214 42 55 541
214 50 13 610
214 70 26 78
214 75 37 314
214 93 34 741
214 108 4 643
214 122 19 441
214 137 15 538
214 156 51 191
214 164 43 360
214 182 58 350
214 192 31 348
214 197 28 447
214 200 1 213
215 10 7 152
215 13 1 286
215 39 55 13
215 44 43 19
215 58 33 392
215 68 25 435
215 86 49 579
215 141 17 256
215 143 4 486
215 148 11 250
215 161 31 257
215 170 53 422
215 175 29 337
215 178 13 702
215 192 19 423
216 25 55 3
216 34 37 274
216 49 13 438
216 65 9 353
216 71 21 155
216 76 19 539
216 82 58 683
216 96 7 370
216 120 5 391
216 128 28 625
216 144 49 108
216 167 1 633
216 182 32 238
216 197 25 347
216 198 43 750
217 4 5 727
217 65 10 142
217 84 55 242
217 87 26 535
217 95 13 655
217 104 49 737
217 127 7 232
217 134 23 324
217 138 43 536
217 141 35 671
217 143 39 486
217 176 52 124
217 183 31 395
217 194 47 596
217 199 1 18
218 2 49 715
218 30 26 34
218 42 10 153
218 46 13 605
218 48 55 701
218 79 20 271
218 92 31 515
218 99 1 674
218 109 59 37
218 155 45 612
218 156 39 90
218 162 7 697
218 165 47 290
218 166 34 206
218 179 5 508
219 21 4 602
219 25 25 559
219 28 51 365
219 48 33 701
219 66 23 364
219 72 43 643
219 91 8 80
219 92 55 367
219 97 38 488
219 126 28 585
219 127 16 484
219 142 1 681
219 160 19 25
220 2 2 283
220 20 15 478
220 45 37 171
220 48 43 535
220 65 55 435
220 76 21 539
220 89 7 559
220 125 17 17
220 136 50 671
220 161 58 736
220 162 27 710
220 172 31 119
220 200 35 604
221 11 27 609
221 67 13 505
221 69 19 534
221 77 16 397
221 90 43 633
221 93 37 741
221 109 7 502
221 121 4 677
221 133 11 708
221 137 52 256
221 146 1 573
221 159 58 547
221 173 31 573
221 177 55 693
221 185 47 593
222 1 29 274
222 23 25 620
222 33 2 512
222 50 59 658
222 59 40 421
222 66 10 678
222 68 49 208
222 71 38 641
222 92 43 515
222 108 21 475
222 119 55 746
222 136 13 671
222 146 33 263
222 155 31 734
222 170 19 365
223 17 34 104
223 75 50 248
223 85 28 434
223 98 13 347
223 104 22 625
223 108 38 380
223 119 57 510
223 133 5 708
223 139 47 736
223 152 1 179
223 157 9 502
223 162 32 710
223 163 7 641
223 181 41 444
223 185 44 243
224 16 29 335
224 39 13 479
224 61 17 581
224 75 19 568
224 82 45 486
224 83 37 228
224 85 1 343
224 87 50 243
224 91 31 654
224 114 25 736
224 117 55 513
224 123 41 275
224 132 4 102
224 139 35 108
224 161 11 367
225 14 45 424
225 21 27 701
225 25 10 627
225 64 15 316
225 73 7 183
225 76 23 539
225 82 19 457
225 90 5 193
225 108 1 643
225 120 37 152
225 123 35 295
225 134 25 324
225 163 29 401
225 179 59 396
225 186 40 660
226 7 22 47
226 18 31 396
226 22 53 59
226 31 7 386
226 39 25 19
226 54 43 280
226 76 58 539
226 100 4 106
226 105 55 447
226 119 14 746
226 121 40 270
226 131 49 33
226 169 1 239
226 178 19 637
226 200 47 409
227 14 23 13
227 20 17 478
227 21 35 625
227 23 13 661
227 46 44 656
227 47 1 642
227 52 49 563
227 82 37 305
227 101 25 656
227 114 19 77
227 135 7 440
227 154 55 159
227 172 31 136
227 177 10 642
227 187 27 410
228 3 7 416
228 43 9 390
228 50 35 610
228 61 22 473
228 75 55 568
228 120 5 146
228 122 31 441
228 125 15 416
228 134 27 324
228 151 49 186
228 162 29 710
228 163 13 641
228 177 44 642
228 183 37 471
228 200 41 150
229 1 41 726
229 12 43 522
229 16 5 335
229 19 19 246
229 47 55 612
229 52 10 563
229 68 31 435
229 69 25 534
229 88 37 707
229 90 23 626
229 93 46 741
229 117 49 225
229 134 29 324
229 138 1 536
229 161 7 590
230 5 13 729
230 9 31 198
230 11 7 388
230 40 11 643
230 51 46 344
230 61 26 473
230 88 19 522
230 89 49 383
230 112 35 154
230 122 37 441
230 124 28 106
230 136 1 194
230 180 44 95
230 185 56 532
230 199 58 615
231 7 25 86
231 19 19 628
231 42 16 100
231 46 37 65
231 71 5 521
231 77 45 498
231 96 1 515
231 122 7 69
231 124 52 106
231 130 34 9
231 158 55 528
231 166 13 485
231 169 43 521
231 177 31 736
231 198 28 42
232 14 47 424
232 21 49 683
232 40 59 643
232 54 37 639
232 59 1 266
232 65 4 142
232 70 32 665
232 86 43 537
232 99 11 548
232 112 41 154
232 120 17 146
232 123 29 295
232 155 53 734
232 197 8 707
232 198 25 301
233 15 22 724
233 41 39 464
233 48 32 574
233 49 25 581
233 50 15 610
233 104 4 703
233 107 55 610
233 118 7 469
233 152 51 95
233 153 19 148
233 154 10 634
233 167 43 585
233 169 37 521
234 23 31 237
234 39 1 260
234 57 53 77
234 61 29 581
234 75 55 154
234 99 7 665
234 100 22 106
234 104 37 625
234 111 44 7
234 121 19 347
234 125 59 434
234 161 49 159
234 180 17 232
234 181 11 716
234 191 25 241
235 4 5 61
235 12 28 607
235 31 37 299
235 41 13 90
235 73 35 402
235 74 55 593
235 85 25 176
235 95 20 348
235 102 7 73
235 107 1 610
235 123 23 275
235 125 17 534
235 155 9 734
235 159 51 242
235 164 44 26
236 11 7 247
236 26 27 211
236 27 1 613
236 53 34 545
236 66 25 126
236 75 55 248
236 90 5 626
236 106 37 196
236 110 19 108
236 125 29 534
236 134 31 324
236 148 23 688
236 160 49 73
236 192 43 626
236 196 17 399
237 20 19 478
237 21 41 175
237 37 13 146
237 56 1 322
237 57 5 536
237 64 55 316
237 71 57 641
237 97 43 488
237 112 31 317
237 135 7 170
237 137 10 134
237 140 33 734
237 141 22 728
237 167 50 370
237 178 28 637
238 4 1 301
238 32 19 576
238 63 13 200
238 77 25 589
238 103 15 103
238 106 31 717
238 124 22 572
238 138 10 148
238 142 37 121
238 152 53 95
238 157 35 470
238 161 29 367
238 162 59 710
238 165 43 246
238 193 3 239
239 11 20 640
239 27 49 655
239 36 13 4
239 48 10 260
239 52 37 563
239 55 3 191
239 78 55 481
239 81 53 568
239 93 40 741
239 117 33 400
239 139 7 589
239 145 27 292
239 155 1 734
239 171 46 406
240 5 25 716
240 12 37 522
240 38 44 538
240 47 49 103
240 74 1 384
240 85 31 343
240 89 13 256
240 91 7 8
240 121 34 383
240 139 53 691
240 163 22 97
240 187 19 297
240 195 57 353
240 196 41 399
241 17 4 705
241 31 37 72
241 35 55 100
241 39 43 260
241 44 8 621
241 47 31 519
241 60 25 270
241 102 53 66
241 108 22 643
241 147 13 161
241 158 49 240
241 160 1 111
241 165 41 81
241 181 17 395
241 191 19 535
242 40 11 541
242 43 31 703
242 44 55 740
242 57 5 357
242 61 28 473
242 112 13 154
242 115 1 494
242 116 16 624
242 132 25 305
242 136 45 671
242 138 51 683
242 140 39 552
242 164 19 312
242 169 49 217
242 180 37 60
243 5 37 606
243 12 28 602
243 37 1 228
243 108 25 643
243 110 55 396
243 111 7 477
243 127 50 290
243 140 13 458
243 145 57 25
243 162 34 710
243 171 43 359
243 174 19 484
244 21 23 602
244 48 46 535
244 51 7 510
244 95 4 348
244 104 37 556
244 110 1 14
244 120 29 391
244 122 25 441
244 127 10 290
244 153 34 492
244 156 31 90
244 160 57 73
244 172 13 119
244 174 49 561
244 195 19 268
245 16 31 663
245 22 15 155
245 29 49 627
245 30 37 327
245 79 55 257
245 88 8 498
245 96 41 205
245 114 25 77
245 125 35 534
245 127 22 303
245 132 19 603
245 133 5 462
245 172 43 701
245 186 1 207
246 9 7 358
246 34 26 278
246 47 49 693
246 65 4 435
246 77 19 662
246 105 1 104
246 110 53 655
246 114 37 77
246 118 59 103
246 132 22 21
246 134 33 324
246 140 55 458
246 147 43 161
246 155 17 372
246 160 13 511
247 39 51 359
247 58 7 392
247 68 1 208
247 92 56 406
247 103 43 120
247 114 31 77
247 118 5 103
247 132 19 198
247 133 49 708
247 134 25 148
247 172 37 491
247 173 13 343
247 191 28 241
247 200 17 150
248 8 13 211
248 11 1 388
248 44 7 309
248 52 28 24
248 57 59 77
248 68 55 285
248 86 38 560
248 87 33 557
248 102 53 210
248 112 11 347
248 126 25 510
248 144 49 371
248 157 5 337
248 185 21 532
248 191 15 53
249 29 31 561
249 30 19 34
249 59 46 421
249 73 5 21
249 79 37 51
249 89 1 559
249 104 16 625
249 129 49 101
249 133 23 280
249 141 43 671
249 144 55 371
249 147 51 447
249 154 13 361
249 173 9 469
249 189 59 724
250 19 9 112
250 80 25 24
250 83 29 228
250 101 2 532
250 104 52 11
250 108 37 643
250 112 4 154
250 114 43 77
250 116 19 624
250 127 40 290
250 142 49 320
250 150 22 676
250 179 32 375
250 184 13 407
250 185 34 532
251 7 34 86
251 11 55 542
251 17 8 171
251 28 4 631
251 59 49 421
251 70 53 599
251 81 23 24
251 160 31 31
251 166 1 680
251 167 25 222
251 169 29 521
251 176 15 124
251 177 38 642
251 192 44 694
251 199 20 375
252 13 56 357
252 17 49 705
252 19 22 246
252 28 10 175
252 65 7 286
252 70 59 237
252 79 52 51
252 85 16 348
252 91 43 32
252 100 13 81
252 112 47 6
252 116 40 624
252 117 25 83
252 137 37 538
252 195 1 353
253 20 7 364
253 31 49 367
253 39 1 19
253 49 37 310
253 75 19 372
253 92 43 406
253 112 9 6
253 115 55 494
253 126 28 346
253 129 46 101
253 143 35 331
253 148 31 400
253 191 14 535
253 197 25 79
254 4 35 556
254 20 21 478
254 22 43 407
254 33 37 10
254 76 25 539
254 106 1 248
254 121 28 677
254 128 50 592
254 133 17 160
254 143 5 360
254 145 13 25
254 181 41 716
254 182 7 483
254 183 55 712
254 189 31 724
255 11 55 388
255 24 20 526
255 29 7 627
255 34 43 274
255 49 49 581
255 52 40 208
255 64 35 624
255 73 11 705
255 101 1 563
255 117 15 412
255 119 37 746
255 124 28 191
255 183 4 119
255 189 13 44
255 191 25 541
256 1 28 726
256 2 7 283
256 26 35 211
256 27 1 462
256 42 46 442
256 52 25 563
256 60 20 135
256 85 13 727
256 114 49 77
256 115 37 98
256 146 43 394
256 147 55 579
256 188 16 266
256 193 31 494
257 15 28 372
257 28 10 607
257 49 43 310
257 61 33 473
257 69 37 534
257 95 55 238
257 100 51 722
257 118 13 103
257 125 23 534
257 139 41 691
257 146 16 263
257 149 20 24
257 172 1 232
257 188 58 271
257 197 25 447
258 37 49 206
258 50 17 610
258 51 25 344
258 64 29 316
258 87 45 10
258 94 37 508
258 101 41 359
258 106 56 395
258 115 13 298
258 117 1 225
258 132 33 317
258 150 19 180
258 175 31 453
258 181 53 444
258 193 21 469
259 26 21 309
259 45 7 611
259 78 49 190
259 84 25 462
259 96 19 392
259 99 29 143
259 106 31 358
259 124 3 549
259 132 37 320
259 135 16 660
259 141 35 412
259 176 55 124
259 180 59 95
259 181 23 119
259 188 46 394
260 19 25 246
260 35 31 55
260 40 37 506
260 42 19 217
260 46 44 42
260 48 7 574
260 77 39 498
260 103 14 603
260 110 53 108
260 123 51 295
260 134 49 324
260 137 58 572
260 185 11 532
260 188 2 750
260 196 55 422
261 18 1 485
261 25 21 559
261 27 45 655
261 64 35 310
261 94 15 331
261 97 49 488
261 99 39 665
261 106 31 6
261 128 7 37
261 155 5 612
261 156 58 191
261 160 55 111
261 163 26 97
261 194 19 596
262 16 29 663
262 17 19 557
262 19 22 628
262 29 10 748
262 44 13 309
262 51 1 344
262 62 31 150
262 64 51 316
262 93 43 741
262 102 7 66
262 107 25 273
262 118 59 654
262 125 37 17
262 179 35 508
262 198 46 750
263 61 35 473
263 68 19 495
263 69 7 253
263 71 31 4
263 78 50 729
263 81 59 568
263 88 37 167
263 110 28 655
263 132 43 317
263 133 5 160
263 153 55 148
263 155 1 612
263 175 33 453
263 179 47 375
263 199 25 585
264 8 46 211
264 26 2 424
264 35 55 55
264 37 39 228
264 45 43 533
264 53 19 17
264 61 37 473
264 96 7 612
264 98 13 381
264 110 10 655
264 138 49 167
264 159 52 723
264 177 4 37
264 178 22 162
264 190 28 239
265 15 10 294
265 19 28 246
265 52 7 748
265 54 37 616
265 58 56 392
265 61 23 581
265 70 41 599
265 73 35 705
265 77 52 445
265 92 16 406
265 93 49 741
265 101 5 563
265 127 46 411
265 186 25 343
265 196 1 663
266 8 16 211
266 45 55 78
266 64 58 316
266 72 37 81
266 94 31 694
266 120 47 335
266 124 52 549
266 140 1 96
266 156 22 90
266 158 43 379
266 187 7 373
266 193 25 660
267 9 19 295
267 11 49 193
267 14 37 49
267 36 26 750
267 40 59 506
267 59 55 421
267 61 39 473
267 74 14 689
267 78 31 223
267 85 2 518
267 92 7 406
267 118 5 47
267 138 43 148
267 153 10 657
267 181 47 444
268 19 25 628
268 24 43 238
268 34 31 278
268 38 1 482
268 56 7 322
268 73 17 705
268 93 52 741
268 105 13 292
268 112 11 154
268 130 37 9
268 132 40 603
268 143 47 627
268 161 28 590
268 174 19 438
268 192 55 423
269 15 4 216
269 47 31 693
269 50 19 658
269 76 27 539
269 104 9 29
269 106 44 395
269 114 55 77
269 119 51 724
269 130 40 9
269 141 13 47
269 148 22 250
269 160 37 573
269 166 1 379
269 176 17 124
270 1 22 726
270 33 43 512
270 34 56 274
270 47 13 612
270 68 38 293
270 73 47 371
270 112 7 6
270 116 1 112
270 139 5 613
270 146 31 715
270 155 17 734
270 166 10 206
270 168 26 603
270 186 52 394
270 199 49 375
271 3 23 83
271 15 40 724
271 30 13 181
271 35 49 631
271 39 7 19
271 45 37 78
271 51 43 445
271 53 46 588
271 59 25 266
271 78 31 190
271 82 4 457
271 96 29 621
271 155 59 372
271 168 55 708
271 173 19 514
272 1 5 23
272 6 45 712
272 44 31 621
272 45 1 171
272 57 47 77
272 60 37 225
272 67 58 373
272 75 25 248
272 99 17 143
272 102 10 378
272 112 41 6
272 116 52 270
272 164 13 564
272 176 22 124
273 3 17 416
273 9 25 295
273 24 31 526
273 36 43 179
273 39 51 347
273 45 22 171
273 51 2 445
273 57 5 77
273 78 55 360
273 114 8 41
273 138 14 549
273 153 19 49
273 169 49 239
273 190 37 220
274 12 52 606
274 27 55 462
274 55 37 705
274 57 41 77
274 63 7 280
274 64 5 96
274 68 14 31
274 69 31 534
274 82 43 506
274 94 25 443
274 141 29 671
274 174 19 175
274 175 35 453
274 195 9 312
274 196 23 231
275 10 55 300
275 26 25 424
275 33 49 166
275 35 1 580
275 59 58 421
275 74 31 384
275 82 13 574
275 92 19 515
275 105 16 636
275 110 37 655
275 119 27 746
275 129 53 101
275 144 7 376
275 158 39 60
275 166 46 680
276 7 22 347
276 32 43 478
276 38 27 538
276 47 49 612
276 81 53 557
276 85 34 518
276 95 10 156
276 97 56 488
276 99 25 665
276 110 1 135
276 142 40 121
276 146 45 263
276 163 15 641
276 180 31 95
276 192 3 514
277 19 28 628
277 28 7 744
277 39 57 213
277 44 43 621
277 56 3 732
277 61 41 473
277 95 50 156
277 103 19 103
277 125 55 79
277 126 16 510
277 134 35 324
277 136 31 73
277 152 23 41
277 153 10 49
277 176 25 124
278 9 43 573
278 28 19 631
278 36 56 383
278 42 28 179
278 44 7 472
278 53 16 545
278 74 1 689
278 82 22 457
278 95 38 712
278 117 49 83
278 149 13 726
278 151 32 447
278 161 41 728
278 198 25 412
279 3 53 83
279 39 55 359
279 46 25 727
279 49 31 581
279 55 13 547
279 59 1 487
279 71 35 601
279 83 11 228
279 95 22 674
279 96 5 515
279 131 49 138
279 138 46 536
279 157 7 532
279 165 29 492
279 199 40 18
280 19 31 246
280 40 27 502
280 46 55 604
280 81 3 568
280 82 7 506
280 83 47 228
280 87 21 592
280 100 39 722
280 118 19 159
280 134 37 324
280 163 35 641
280 175 29 326
280 192 13 514
280 196 25 111
280 200 17 604
281 2 7 661
281 37 13 300
281 65 55 286
281 69 37 631
281 81 1 568
281 113 21 507
281 118 35 494
281 123 19 78
281 151 31 220
281 159 49 591
281 164 43 624
281 176 27 124
281 182 52 350
281 185 4 532
281 189 11 380
282 21 17 602
282 27 57 230
282 34 49 274
282 40 23 370
282 48 20 296
282 74 8 689
282 83 55 228
282 87 37 243
282 98 31 186
282 100 44 106
282 109 3 502
282 115 25 30
282 135 13 446
282 148 53 688
283 12 40 492
283 15 19 250
283 29 34 409
283 47 57 642
283 79 1 51
283 109 29 502
283 116 22 624
283 127 7 411
283 129 55 101
283 139 43 589
283 150 17 180
283 159 4 723
283 172 13 491
283 175 37 453
283 190 46 716
284 13 2 389
284 14 23 72
284 19 31 628
284 22 25 155
284 29 20 561
284 41 27 596
284 50 46 658
284 66 11 661
284 67 37 519
284 106 7 395
284 129 57 101
284 149 52 24
284 161 16 257
285 9 49 545
285 31 7 367
285 39 31 213
285 48 21 576
285 81 41 557
285 114 14 41
285 127 58 384
285 133 29 160
285 134 53 148
285 146 43 680
285 155 11 734
285 156 1 90
285 160 25 73
285 161 5 257
285 180 19 232
286 3 23 606
286 4 16 556
286 51 7 719
286 52 4 24
286 54 25 35
286 67 34 142
286 80 37 615
286 86 43 560
286 124 40 548
286 126 50 140
286 137 31 256
286 149 57 478
286 165 13 492
286 180 1 95
286 184 19 407
287 30 7 327
287 32 53 478
287 64 46 316
287 65 26 281
287 71 37 155
287 75 49 539
287 95 16 712
287 112 5 6
287 139 29 691
287 141 59 344
287 142 34 320
287 159 22 723
287 160 19 31
287 186 43 610
287 196 56 457
288 15 58 250
288 25 20 3
288 27 49 613
288 61 43 473
288 66 1 305
288 67 16 672
288 73 10 371
288 81 34 568
288 90 41 626
288 93 55 741
288 116 13 270
288 151 37 263
288 172 45 100
288 183 27 722
288 190 4 315
289 23 55 470
289 25 4 4
289 30 19 691
289 58 43 250
289 106 50 395
289 117 37 731
289 135 1 446
289 138 13 305
289 143 23 271
289 148 25 457
289 162 9 697
289 164 31 622
289 166 16 111
289 188 27 615
290 5 31 606
290 17 58 514
290 32 29 425
290 37 1 146
290 54 19 280
290 59 15 487
290 84 7 462
290 89 49 633
290 112 41 166
290 120 47 391
290 127 43 232
290 151 25 445
290 158 37 240
290 190 55 595
290 200 11 409
291 7 13 86
291 17 26 651
291 22 29 533
291 27 43 230
291 43 37 434
291 72 55 643
291 98 1 186
291 104 10 5
291 106 32 572
291 113 49 670
291 115 19 30
291 118 59 47
291 138 7 148
291 148 17 457
292 28 21 651
292 30 56 691
292 33 37 402
292 44 2 588
292 70 11 599
292 93 46 35
292 105 51 47
292 108 34 380
292 116 43 16
292 119 8 2
292 135 14 13
292 148 19 400
292 155 17 612
292 168 25 193
292 199 31 611
293 18 43 583
293 28 52 542
293 45 1 78
293 49 56 310
293 60 7 670
293 62 19 402
293 75 25 568
293 80 14 728
293 120 23 391
293 156 4 90
293 158 31 379
293 160 40 73
293 163 17 641
293 170 29 486
293 188 37 713
294 8 11 585
294 17 50 651
294 73 23 371
294 79 25 96
294 81 19 237
294 93 58 741
294 95 33 359
294 100 7 81
294 143 29 605
294 146 55 556
294 170 21 365
294 174 14 410
294 177 1 37
294 199 43 683
294 200 5 150
295 33 7 512
295 68 49 435
295 84 25 242
295 89 19 383
295 111 13 477
295 125 47 17
295 131 55 33
295 133 53 280
295 142 44 121
295 155 11 372
295 163 17 488
295 164 2 585
295 182 31 483
295 192 38 682
296 13 31 222
296 17 52 21
296 34 43 278
296 51 22 445
296 72 37 399
296 85 7 662
296 96 5 392
296 97 1 143
296 106 55 6
296 126 19 156
296 136 25 98
296 141 41 256
296 149 10 213
296 161 49 257
296 164 13 455
297 4 55 93
297 27 7 599
297 31 13 72
297 49 50 310
297 59 1 576
297 120 29 392
297 124 58 305
297 126 38 585
297 128 45 625
297 148 43 688
297 157 11 470
297 161 41 257
297 171 4 66
297 172 31 475
297 196 27 399
298 1 47 523
298 37 38 422
298 56 13 10
298 67 10 505
298 82 7 305
298 96 17 134
298 100 55 722
298 122 43 441
298 129 59 101
298 133 35 708
298 142 49 121
298 145 1 25
298 148 5 545
298 151 31 181
298 179 25 375
299 35 43 55
299 39 33 13
299 42 10 217
299 46 55 619
299 51 7 683
299 66 49 364
299 73 47 21
299 83 25 32
299 95 1 57
299 105 4 483
299 139 23 589
299 143 19 573
299 150 21 180
299 161 29 357
299 181 17 119
300 8 23 585
300 48 28 291
300 53 31 17
300 68 43 435
300 82 16 156
300 85 25 348
300 97 49 170
300 112 59 6
300 114 1 41
300 115 19 494
300 128 13 625
300 136 37 223
300 153 55 49
300 167 9 370
300 183 34 240
301 13 28 299
301 31 3 72
301 46 19 285
301 47 13 395
301 66 17 590
301 68 45 495
301 69 56 534
301 81 25 399
301 89 9 490
301 104 32 556
301 129 1 656
301 142 52 121
301 144 38 371
301 150 23 180
301 169 7 521
302 13 49 74
302 26 10 424
302 34 55 278
302 46 27 656
302 52 34 563
302 58 38 250
302 91 45 348
302 100 52 81
302 105 1 447
302 108 4 475
302 110 21 108
302 169 59 521
302 175 43 453
302 188 31 104
302 192 16 514
303 19 34 246
303 39 25 213
303 51 10 445
303 58 13 99
303 66 47 590
303 69 50 534
303 102 17 746
303 109 29 216
303 122 55 441
303 126 40 727
303 130 44 9
303 154 1 361
303 178 4 552
303 181 23 716
303 197 7 79
304 2 33 661
304 10 22 505
304 27 25 599
304 37 13 422
304 52 19 748
304 56 57 732
304 60 49 63
304 73 53 371
304 83 47 93
304 113 38 462
304 131 2 513
304 173 7 619
304 176 29 124
304 187 43 682
305 5 7 716
305 23 15 470
305 27 31 299
305 36 55 385
305 64 23 310
305 66 11 654
305 71 59 601
305 98 45 44
305 101 3 563
305 124 40 326
305 129 1 745
305 137 19 256
305 151 49 263
305 157 13 532
305 172 26 728
306 18 37 716
306 35 7 580
306 77 45 662
306 80 13 24
306 109 19 309
306 128 58 407
306 129 4 745
306 151 49 220
306 165 41 246
306 178 55 547
306 179 16 508
306 183 1 722
306 184 33 407
306 187 22 681
306 196 43 111
307 12 49 602
307 84 56 663
307 103 7 103
307 108 19 460
307 119 28 510
307 121 16 471
307 124 25 106
307 137 4 572
307 139 13 503
307 149 1 726
307 174 37 561
307 176 11 373
307 178 32 702
307 185 23 532
307 195 44 268
308 3 19 722
308 28 1 85
308 32 11 576
308 66 53 364
308 98 45 347
308 106 31 248
308 119 37 724
308 147 7 579
308 157 5 470
308 164 13 622
308 180 59 232
308 184 25 407
308 185 35 593
308 190 22 220
308 192 56 320
309 10 4 300
309 11 13 193
309 46 44 604
309 56 37 322
309 72 7 643
309 75 51 372
309 81 29 568
309 90 59 633
309 94 25 514
309 120 35 292
309 131 20 553
309 157 49 532
309 159 1 723
309 183 56 611
309 190 31 595
310 26 5 309
310 34 1 55
310 46 50 285
310 56 13 275
310 78 37 740
310 117 43 748
310 123 41 295
310 134 57 324
310 145 20 528
310 146 28 680
310 148 11 688
310 159 7 591
310 171 31 210
310 181 55 119
310 200 59 576
311 1 57 59
311 25 10 20
311 34 49 10
311 41 25 464
311 48 19 346
311 58 13 602
311 65 4 120
311 71 53 601
311 90 2 193
311 135 7 284
311 136 37 411
311 137 43 314
311 143 17 271
311 159 33 723
311 169 41 595
312 14 29 13
312 29 43 721
312 34 1 245
312 43 7 434
312 45 50 630
312 65 57 206
312 70 16 665
312 108 13 643
312 115 31 366
312 119 40 746
312 144 19 371
312 164 25 360
312 187 37 470
312 199 46 129
313 5 19 729
313 33 44 492
313 35 13 580
313 67 31 505
313 73 29 21
313 77 39 589
313 79 55 271
313 89 1 490
313 91 25 431
313 105 58 104
313 122 49 441
313 146 34 495
313 157 5 502
313 196 53 457
313 197 10 232
314 20 10 364
314 22 59 533
314 25 7 464
314 36 38 385
314 42 31 217
314 45 43 595
314 47 55 519
314 70 17 542
314 90 29 633
314 121 46 616
314 130 52 9
314 132 19 317
314 144 13 620
314 146 26 573
314 191 1 326
315 3 41 83
315 13 34 222
315 20 59 190
315 21 37 701
315 25 49 464
315 100 19 81
315 105 9 104
315 114 55 41
315 119 13 724
315 169 17 26
315 170 23 365
315 175 45 453
315 178 28 686
315 184 2 59
315 189 7 44
316 14 25 61
316 19 34 628
316 22 45 59
316 32 13 61
316 100 16 81
316 107 19 273
316 108 52 411
316 116 31 171
316 117 1 412
316 128 37 450
316 140 55 335
316 141 50 256
316 153 28 498
316 184 8 59
316 194 41 680
317 8 41 230
317 24 37 526
317 30 13 297
317 63 52 200
317 72 55 23
317 81 11 451
317 114 19 41
317 129 29 495
317 131 1 357
317 147 7 161
317 165 23 290
317 183 26 68
317 187 49 470
317 192 34 97
317 195 43 353
318 32 11 425
318 38 1 472
318 55 13 191
318 62 55 150
318 75 31 154
318 115 26 503
318 148 5 688
318 154 40 649
318 161 35 159
318 166 22 379
318 167 7 335
318 172 49 119
318 182 46 350
318 187 19 682
319 1 53 274
319 10 43 152
319 30 25 653
319 32 47 478
319 42 39 179
319 51 4 683
319 77 1 354
319 81 17 237
319 99 23 411
319 103 13 120
319 123 29 146
319 132 49 21
319 140 19 734
319 167 55 222
319 183 31 471
320 28 25 744
320 55 38 204
320 65 55 590
320 69 1 16
320 72 13 337
320 80 7 728
320 85 28 348
320 93 46 14
320 94 31 331
320 100 10 81
320 158 49 392
320 161 43 257
320 167 20 719
320 180 59 331
320 196 5 399
321 1 35 23
321 22 37 59
321 42 55 346
321 63 9 280
321 65 39 281
321 68 43 68
321 78 49 173
321 87 19 10
321 89 25 2
321 95 13 519
321 96 3 370
321 119 32 517
321 146 16 494
321 169 58 595
322 34 7 245
322 37 57 228
322 69 27 306
322 71 33 641
322 73 17 183
322 98 37 347
322 104 22 126
322 114 45 41
322 117 49 400
322 122 1 160
322 134 55 324
322 139 35 691
322 170 25 365
322 197 14 447
323 12 49 606
323 32 35 478
323 33 31 361
323 36 43 210
323 81 47 399
323 97 13 143
323 112 1 154
323 113 3 583
323 116 55 297
323 129 8 745
323 142 40 715
323 148 29 688
323 160 26 364
323 162 37 710
323 173 19 654
324 20 37 294
324 23 1 237
324 29 34 627
324 31 21 396
324 37 7 457
324 89 43 270
324 100 39 32
324 133 5 129
324 147 49 161
324 153 25 315
324 163 19 641
324 174 56 21
324 181 47 119
324 190 16 60
324 198 28 412
325 13 34 286
325 25 13 3
325 32 3 425
325 54 43 599
325 78 21 190
325 83 52 32
325 87 25 210
325 95 7 238
325 99 47 665
325 129 10 745
325 168 56 294
325 172 37 728
325 178 49 637
325 181 29 716
325 189 5 44
326 18 7 523
326 24 43 526
326 45 34 595
326 81 3 399
326 85 28 518
326 99 1 548
326 123 23 3
326 132 13 198
326 139 16 589
326 149 31 142
326 150 25 676
326 155 41 734
326 162 39 710
326 171 50 384
326 194 5 388
327 7 31 86
327 13 34 74
327 27 51 462
327 44 25 472
327 64 11 310
327 81 45 124
327 91 55 431
327 96 1 621
327 97 7 143
327 125 5 534
327 147 13 289
327 155 19 595
327 157 41 593
327 174 37 175
327 189 47 237
328 6 55 522
328 19 37 628
328 29 10 713
328 39 19 13
328 110 31 135
328 136 33 657
328 144 25 354
328 153 7 28
328 159 2 591
328 167 50 719
328 191 44 53
328 194 41 596
328 196 59 111
328 200 16 21
329 1 11 523
329 2 55 678
329 18 7 47
329 23 44 737
329 25 19 32
329 78 31 207
329 95 1 242
329 98 51 205
329 122 13 69
329 130 28 126
329 166 4 206
329 173 38 381
329 183 25 317
329 190 22 40
330 21 1 416
330 40 35 506
330 42 16 217
330 50 38 658
330 51 55 719
330 59 4 487
330 71 11 521
330 97 20 143
330 118 58 389
330 128 40 53
330 145 43 528
330 146 52 573
330 154 28 159
330 173 7 654
330 177 25 693
331 15 31 250
331 19 38 246
331 22 1 155
331 28 7 175
331 31 19 134
331 43 15 253
331 45 34 78
331 64 47 624
331 83 13 93
331 97 25 143
331 99 59 548
331 119 10 746
331 135 49 446
331 139 5 589
331 157 43 532
332 3 47 83
332 36 50 79
332 59 7 487
332 66 29 364
332 84 43 504
332 110 5 135
332 111 25 477
332 116 10 198
332 126 16 498
332 134 31 615
332 142 1 715
332 159 40 514
332 191 19 326
332 197 58 447
332 199 55 375
333 2 1 324
333 16 5 663
333 49 37 581
333 71 59 641
333 75 43 248
333 84 55 153
333 88 50 522
333 103 7 620
333 114 25 41
333 129 13 745
333 147 19 579
333 159 31 532
333 168 15 645
333 171 34 406
334 2 19 678
334 15 7 378
334 22 13 155
334 43 33 281
334 59 10 487
334 71 31 557
334 77 28 589
334 99 4 665
334 108 1 134
334 126 43 5
334 134 40 324
334 144 55 713
334 149 25 666
334 161 37 241
334 172 49 491
335 10 25 300
335 22 47 155
335 27 56 337
335 32 31 576
335 70 23 599
335 90 29 626
335 91 37 211
335 111 19 613
335 128 10 37
335 154 1 531
335 157 51 502
335 167 14 633
335 182 4 617
335 190 43 716
335 197 33 79
336 6 53 538
336 36 27 385
336 43 57 390
336 45 13 595
336 46 21 42
336 47 7 372
336 101 47 40
336 103 31 451
336 120 19 477
336 123 11 295
336 125 55 17
336 129 4 656
336 185 41 243
336 191 16 241
336 194 25 410
337 7 31 674
337 21 23 701
337 23 19 57
337 28 49 744
337 30 7 83
337 34 13 245
337 124 28 616
337 136 38 671
337 137 25 256
337 147 55 161
337 160 4 111
337 185 52 532
337 193 43 485
337 194 11 388
337 200 35 486
338 29 28 561
338 59 19 487
338 68 55 495
338 74 7 384
338 80 4 737
338 108 51 506
338 115 13 366
338 121 1 677
338 124 43 305
338 135 25 446
338 136 31 671
338 146 38 680
338 169 22 521
338 175 47 453
339 10 19 314
339 19 52 246
339 60 1 670
339 69 37 306
339 82 10 506
339 136 55 576
339 138 43 549
339 144 13 108
339 152 46 95
339 155 35 372
339 157 17 593
339 170 27 365
339 176 32 124
339 180 49 95
340 13 22 74
340 15 38 378
340 19 28 298
340 26 41 450
340 52 52 748
340 69 2 293
340 71 55 557
340 72 7 399
340 105 19 447
340 133 17 20
340 143 11 486
340 162 43 697
340 171 31 66
340 176 34 124
340 189 47 353
341 7 1 102
341 15 25 372
341 17 28 320
341 26 40 658
341 31 31 134
341 54 55 599
341 71 4 155
341 94 43 653
341 110 38 135
341 129 15 745
341 135 49 660
341 143 11 360
341 156 7 231
341 164 19 26
341 181 13 445
342 29 51 286
342 36 13 179
342 37 43 228
342 43 38 176
342 46 19 604
342 80 31 728
342 102 5 151
342 120 59 391
342 121 25 280
342 123 49 295
342 133 47 708
342 152 23 672
342 156 10 188
342 177 7 642
342 187 2 682
343 3 1 606
343 20 11 190
343 65 44 286
343 69 7 293
343 82 19 305
343 94 50 331
343 96 13 515
343 99 47 548
343 110 16 135
343 113 37 670
343 135 4 284
343 138 22 148
343 186 34 615
343 187 31 511
343 192 58 423
344 24 55 85
344 26 27 450
344 28 13 631
344 31 43 386
344 39 1 263
344 52 49 306
344 58 21 479
344 73 53 183
344 122 9 160
344 124 37 548
344 154 16 152
344 155 47 372
344 160 34 395
344 165 59 81
345 18 50 396
345 26 27 658
345 30 7 297
345 40 35 541
345 54 55 183
345 73 59 606
345 91 31 211
345 94 13 443
345 133 45 708
345 134 43 324
345 144 1 611
345 146 37 715
345 162 41 710
345 176 5 731
345 181 17 716
346 1 39 59
346 31 49 386
346 34 7 55
346 41 31 464
346 42 13 255
346 43 25 390
346 58 1 731
346 121 16 383
346 159 55 723
346 192 58 57
346 197 22 51
346 199 46 683
346 200 41 707
347 4 23 425
347 14 31 13
347 21 11 346
347 35 19 580
347 48 46 574
347 88 55 707
347 105 43 47
347 113 38 533
347 127 13 484
347 131 7 513
347 138 16 148
347 165 35 371
347 173 49 619
347 174 26 438
347 178 3 702
348 3 11 722
348 4 35 61
348 24 57 526
348 48 1 296
348 53 16 104
348 54 49 280
348 55 31 284
348 119 7 746
348 125 5 434
348 162 45 697
348 164 25 312
348 168 37 689
348 183 13 242
348 198 19 379
349 13 46 357
349 29 1 409
349 34 7 533
349 39 20 263
349 42 4 100
349 52 43 563
349 64 11 316
349 65 38 286
349 86 49 560
349 111 31 477
349 146 28 452
349 159 25 723
349 164 13 26
349 173 55 573
350 30 13 327
350 43 50 518
350 49 43 581
350 52 28 380
350 53 39 545
350 54 19 639
350 78 55 190
350 99 37 665
350 100 1 81
350 114 31 41
350 123 4 295
350 151 7 258
350 181 59 716
350 198 25 460
351 18 51 300
351 59 22 487
351 78 39 239
351 111 25 7
351 113 13 670
351 118 11 103
351 119 19 2
351 125 49 523
351 152 5 41
351 157 43 283
351 161 17 736
351 176 37 124
351 182 34 350
351 198 31 301
351 200 47 576
352 10 52 314
352 20 11 559
352 48 49 296
352 52 55 503
352 55 25 705
352 56 45 73
352 97 31 143
352 106 13 6
352 114 39 41
352 120 23 292
352 138 58 93
352 141 4 256
352 162 43 710
352 181 1 268
352 194 17 447
353 12 34 482
353 19 49 246
353 21 31 416
353 26 1 211
353 61 47 581
353 67 52 154
353 94 19 331
353 115 25 494
353 124 37 326
353 130 55 9
353 162 11 697
353 188 4 271
353 193 7 239
353 197 40 79
353 199 16 375
354 44 43 472
354 45 22 92
354 51 34 471
354 64 47 310
354 81 17 568
354 90 11 633
354 92 27 200
354 99 25 615
354 118 53 159
354 135 4 660
354 169 19 521
354 179 59 508
354 187 8 470
354 193 49 494
354 200 41 528
355 3 3 416
355 24 49 526
355 32 10 478
355 64 53 316
355 74 19 689
355 80 55 615
355 81 43 568
355 95 46 242
355 130 58 9
355 136 25 671
355 144 13 590
355 160 31 678
355 178 40 637
355 191 7 42
355 197 37 79
356 42 44 346
356 49 56 581
356 51 10 683
356 55 13 284
356 60 39 315
356 66 7 672
356 73 47 591
356 88 25 63
356 93 1 195
356 121 20 616
356 124 49 672
356 144 31 601
356 169 37 239
356 170 17 464
356 177 4 603
357 5 31 729
357 7 52 86
357 15 19 378
357 34 13 533
357 59 25 487
357 71 28 641
357 80 40 24
357 93 4 195
357 95 49 712
357 98 43 458
357 123 47 275
357 135 7 13
357 160 37 73
357 161 10 257
357 180 55 473
358 6 10 522
358 9 43 326
358 13 20 626
358 14 4 424
358 42 25 346
358 56 49 586
358 64 23 316
358 95 7 674
358 115 31 503
358 122 13 160
358 126 1 5
358 160 55 364
358 165 35 81
358 195 37 353
359 16 11 335
359 28 26 542
359 33 7 704
359 42 4 217
359 67 37 672
359 78 49 535
359 90 59 626
359 93 21 195
359 112 19 373
359 137 1 114
359 138 56 167
359 151 13 258
359 160 34 736
359 186 40 143
359 192 46 97
360 17 55 625
360 21 29 175
360 22 47 697
360 30 1 181
360 37 19 228
360 66 23 678
360 82 58 457
360 83 53 166
360 86 49 537
360 102 5 210
360 107 25 548
360 111 38 477
360 162 16 697
360 167 43 370
360 195 31 312
361 58 44 392
361 62 55 658
361 77 13 750
361 78 25 192
361 82 49 574
361 88 31 522
361 104 10 126
361 125 29 17
361 153 4 492
361 168 37 494
361 177 19 642
361 179 23 491
361 188 7 271
361 196 16 663
362 1 17 23
362 4 1 425
362 28 7 657
362 45 13 78
362 64 37 316
362 98 49 44
362 103 43 691
362 117 31 293
362 135 19 660
362 139 55 589
362 140 39 495
362 146 10 680
362 150 27 676
362 172 3 313
362 173 57 536
363 3 17 722
363 4 40 305
363 18 55 523
363 22 31 407
363 48 34 135
363 63 11 280
363 68 20 208
363 70 28 78
363 93 8 195
363 140 43 96
363 156 25 231
363 175 50 337
363 178 4 637
363 187 13 682
363 188 37 104
364 5 43 606
364 24 1 704
364 40 31 502
364 45 7 78
364 58 49 250
364 59 28 487
364 69 19 696
364 71 53 641
364 91 13 431
364 110 23 655
364 113 33 688
364 166 58 504
364 181 11 268
364 192 55 97
364 194 39 596
365 2 19 283
365 5 44 315
365 16 5 260
365 18 55 471
365 29 49 409
365 56 31 110
365 73 27 183
365 79 1 61
365 95 7 519
365 112 59 154
365 136 15 5
365 138 37 660
365 179 53 508
365 200 13 409
366 30 49 327
366 46 38 160
366 48 25 135
366 53 43 104
366 72 20 245
366 74 1 306
366 76 29 539
366 99 10 665
366 130 7 461
366 157 46 337
366 164 31 624
366 171 58 66
366 178 13 637
366 187 55 373
367 4 47 556
367 5 31 716
367 35 55 580
367 36 7 179
367 46 21 343
367 69 37 16
367 110 41 396
367 123 13 295
367 134 45 324
367 144 1 601
367 160 28 73
367 164 49 312
367 173 15 445
367 194 19 450
368 18 43 552
368 22 19 155
368 66 39 654
368 90 37 633
368 93 13 195
368 95 10 359
368 129 7 656
368 133 32 280
368 157 41 283
368 169 2 162
368 170 29 365
368 171 4 573
368 184 55 450
368 192 22 423
368 200 34 528
369 2 37 283
369 9 31 24
369 10 1 414
369 22 41 155
369 77 20 589
369 88 25 167
369 113 49 688
369 136 57 124
369 142 4 715
369 153 16 315
369 162 45 710
369 188 10 750
369 192 13 348
369 199 7 375
370 4 27 556
370 66 41 590
370 82 22 574
370 90 7 633
370 112 5 347
370 125 11 434
370 126 38 156
370 139 56 108
370 148 53 545
370 158 13 744
370 167 43 185
370 177 49 37
370 196 3 663
370 197 34 72
371 1 17 59
371 4 47 712
371 10 7 505
371 19 4 112
371 21 10 701
371 28 1 175
371 44 33 309
371 58 19 241
371 73 53 400
371 82 39 506
371 106 25 196
371 154 44 110
371 158 49 379
371 184 13 59
371 188 55 717
372 11 7 491
372 76 46 539
372 96 1 370
372 121 3 616
372 122 51 547
372 136 25 394
372 144 55 601
372 145 13 528
372 146 43 402
372 166 37 676
372 173 33 619
372 192 40 97
372 197 21 232
373 19 40 628
373 37 7 146
373 59 33 487
373 120 5 292
373 124 19 549
373 130 55 617
373 137 46 256
373 138 37 93
373 145 1 528
373 158 15 392
373 169 11 239
373 170 31 365
373 173 25 112
373 195 49 353
373 200 23 604
374 37 25 702
374 51 13 510
374 57 35 458
374 66 41 364
374 70 29 542
374 72 19 730
374 81 23 568
374 92 7 20
374 111 43 477
374 171 16 359
374 178 37 637
374 180 57 95
374 181 5 444
374 187 10 410
374 195 31 268
375 33 1 166
375 39 25 425
375 52 40 563
375 61 46 473
375 69 13 293
375 73 35 183
375 77 49 445
375 81 29 557
375 85 57 424
375 109 37 502
375 110 7 655
375 154 19 207
375 156 31 244
375 157 11 283
375 186 22 615
376 16 47 663
376 21 23 683
376 22 17 533
376 44 32 472
376 89 25 383
376 107 43 548
376 115 13 98
376 119 58 746
376 121 7 347
376 122 19 160
376 128 37 409
376 135 10 170
376 158 50 60
376 172 1 491
376 187 40 410
377 8 35 173
377 17 7 557
377 37 31 265
377 41 43 290
377 45 21 595
377 88 15 522
377 101 47 532
377 105 40 406
377 113 55 670
377 138 52 660
377 152 28 95
377 162 19 697
377 175 50 453
377 183 4 242
377 199 10 18
378 13 4 222
378 14 23 424
378 25 43 265
378 28 58 175
378 48 1 20
378 76 31 539
378 90 37 266
378 98 7 186
378 125 11 534
378 130 55 461
378 136 14 601
378 145 26 528
378 169 39 521
378 186 49 710
378 192 52 97
379 4 56 301
379 22 11 407
379 25 40 3
379 27 13 462
379 72 19 491
379 98 1 152
379 116 37 297
379 124 8 196
379 125 17 434
379 128 49 53
379 178 52 65
379 184 45 407
379 185 25 532
379 187 34 410
379 197 28 707
380 25 19 204
380 31 43 299
380 52 13 65
380 70 49 78
380 89 1 383
380 109 17 451
380 121 25 677
380 142 22 320
380 150 29 676
380 162 47 710
380 167 39 370
380 170 37 365
380 174 33 484
380 188 52 111
380 195 8 686
381 1 53 726
381 19 34 225
381 26 59 450
381 29 46 451
381 39 7 263
381 46 37 604
381 58 49 241
381 95 31 712
381 103 13 451
381 104 1 126
381 109 29 451
381 121 20 677
381 132 25 198
381 167 55 507
381 190 43 271
382 2 37 588
382 16 11 549
382 20 23 478
382 21 16 701
382 27 19 655
382 37 43 300
382 54 51 460
382 67 1 505
382 71 41 601
382 78 31 360
382 95 28 156
382 125 35 464
382 141 5 412
382 157 9 532
382 179 7 528
383 12 25 492
383 30 43 192
383 36 19 179
383 49 1 103
383 51 28 344
383 54 38 360
383 57 17 458
383 72 55 81
383 87 13 557
383 108 34 643
383 125 52 17
383 132 7 317
383 154 10 636
383 165 32 290
383 198 49 34
384 29 52 627
384 36 57 79
384 46 14 619
384 55 8 191
384 91 37 348
384 98 26 458
384 111 43 253
384 125 22 416
384 130 1 461
384 160 49 573
384 165 35 394
384 188 4 266
384 190 31 239
385 12 56 606
385 13 22 286
385 49 1 83
385 61 49 473
385 74 13 384
385 75 25 297
385 104 45 51
385 105 10 447
385 117 37 83
385 144 31 713
385 148 17 688
385 178 7 702
385 198 52 750
386 3 25 722
386 26 47 450
386 28 37 657
386 53 55 146
386 72 7 337
386 82 22 506
386 93 16 195
386 96 11 327
386 102 14 378
386 111 43 613
386 117 1 400
386 125 35 523
386 160 31 364
386 165 59 290
386 183 28 545
387 3 49 722
387 11 43 640
387 28 8 25
387 30 55 83
387 34 20 533
387 35 51 580
387 42 28 217
387 48 25 508
387 93 33 195
387 107 37 610
387 125 3 17
387 159 13 600
387 181 11 19
387 191 16 541
388 1 23 386
388 8 5 519
388 9 15 326
388 18 45 649
388 23 8 57
388 28 58 651
388 39 25 13
388 76 41 195
388 83 13 228
388 124 49 92
388 137 34 314
388 144 1 319
388 156 31 191
388 158 19 284
388 193 37 703
389 2 14 283
389 13 52 23
389 15 55 216
389 17 22 557
389 67 31 672
389 96 5 205
389 109 35 451
389 120 59 335
389 129 11 656
389 131 7 357
389 154 43 366
389 165 29 371
389 178 1 108
389 185 46 243
389 200 41 213
390 30 44 181
390 54 37 280
390 83 41 93
390 95 4 57
390 101 31 359
390 118 13 159
390 135 57 660
390 154 10 366
390 156 1 244
390 160 34 364
390 163 21 641
390 175 52 453
390 180 17 95
390 192 28 300
390 197 49 707
391 6 55 40
391 7 58 86
391 28 4 479
391 33 37 166
391 40 53 541
391 44 7 740
391 53 31 389
391 58 13 35
391 80 1 728
391 87 27 457
391 114 49 541
391 183 34 586
391 184 20 59
391 195 44 312
392 6 11 293
392 20 14 190
392 30 1 297
392 54 49 482
392 71 45 641
392 86 55 560
392 97 25 396
392 133 59 708
392 136 19 411
392 139 47 672
392 140 7 96
392 148 31 688
392 152 43 41
392 154 37 649
392 179 29 508
393 79 52 61
393 95 3 674
393 98 37 44
393 100 49 81
393 104 7 51
393 122 43 160
393 129 17 745
393 154 13 649
393 155 31 406
393 158 55 744
393 160 34 689
393 164 25 26
393 185 1 243
393 188 22 750
394 6 35 538
394 26 10 450
394 69 49 16
394 70 47 599
394 84 55 596
394 86 1 23
394 89 43 559
394 91 20 431
394 114 25 230
394 126 7 153
394 131 14 513
394 148 39 400
394 179 31 528
395 5 1 392
395 35 25 580
395 50 19 610
395 60 43 670
395 67 55 672
395 75 13 568
395 80 58 24
395 106 7 572
395 115 38 366
395 157 11 593
395 174 49 484
395 187 22 410
395 193 31 686
396 7 28 86
396 10 34 90
396 20 19 190
396 23 7 237
396 32 58 590
396 43 1 434
396 44 21 740
396 63 16 200
396 64 43 316
396 137 25 600
396 172 49 745
396 173 37 536
396 179 14 375
396 184 45 467
396 192 31 626
397 11 1 170
397 15 58 72
397 23 37 237
397 52 55 24
397 56 13 322
397 77 10 354
397 78 43 173
397 92 28 103
397 131 31 357
397 146 52 402
397 149 25 726
397 182 7 350
397 185 35 423
397 186 49 143
397 193 19 686
398 11 13 609
398 12 58 492
398 20 25 478
398 38 31 538
398 75 27 154
398 86 19 546
398 88 7 74
398 95 43 678
398 109 17 37
398 118 47 103
398 145 2 40
398 169 51 521
398 170 39 365
398 175 56 453
399 17 4 625
399 28 34 542
399 36 51 4
399 39 57 347
399 55 13 536
399 59 46 487
399 63 8 366
399 66 37 654
399 71 49 641
399 72 26 81
399 99 19 615
399 102 23 73
399 117 39 748
399 161 21 159
399 165 55 394
400 16 53 663
400 19 44 225
400 30 7 181
400 46 1 619
400 47 55 103
400 62 25 150
400 63 19 200
400 64 21 316
400 67 40 519
400 71 31 641
400 93 34 35
400 124 13 616
400 132 37 603
400 196 5 204
400 200 16 576
401 24 7 712
401 37 51 228
401 41 25 663
401 46 43 619
401 47 19 612
401 75 31 372
401 91 1 431
401 118 11 47
401 154 13 152
401 160 16 19
401 178 55 637
401 181 5 716
401 183 58 545
401 184 37 407
402 35 49 126
402 38 43 482
402 45 31 568
402 50 21 658
402 62 37 126
402 63 17 191
402 67 25 505
402 70 23 665
402 82 28 574
402 89 7 383
402 100 14 722
402 127 58 484
402 155 41 372
402 188 1 271
403 2 57 283
403 18 44 396
403 74 7 306
403 77 13 589
403 87 21 210
403 100 34 18
403 101 53 656
403 110 5 396
403 116 16 270
403 148 11 457
403 153 1 492
403 166 37 485
403 173 27 654
403 198 49 301
404 10 10 414
404 27 44 719
404 32 31 478
404 39 14 260
404 47 1 519
404 55 55 710
404 65 37 435
404 143 34 605
404 163 53 401
404 184 25 59
404 185 59 593
404 186 50 645
404 189 41 44
404 197 22 707
404 199 7 18
405 7 26 619
405 9 43 295
405 54 9 35
405 59 37 487
405 83 5 93
405 87 13 457
405 121 19 299
405 122 31 547
405 128 40 592
405 134 47 615
405 137 55 482
405 154 22 207
405 157 53 502
405 169 17 239
405 171 1 359
406 2 14 678
406 5 49 731
406 14 11 389
406 19 55 246
406 47 1 372
406 59 40 487
406 72 31 491
406 78 7 380
406 103 19 120
406 108 46 475
406 138 26 536
406 194 5 410
407 39 31 19
407 42 13 217
407 67 39 373
407 80 4 728
407 88 19 167
407 95 1 348
407 101 49 359
407 153 55 492
407 159 10 723
407 160 58 19
407 172 43 491
407 179 37 375
407 186 52 710
407 195 25 268
408 5 49 151
408 33 13 588
408 40 17 207
408 53 43 146
408 65 10 286
408 71 3 521
408 79 7 257
408 80 40 737
408 105 37 292
408 107 20 422
408 125 47 534
408 174 27 661
408 177 55 53
408 190 31 60
409 7 13 552
409 18 31 523
409 30 1 653
409 32 29 140
409 65 10 281
409 74 56 306
409 80 43 24
409 92 37 200
409 151 25 220
409 154 16 110
409 173 51 239
409 176 47 124
409 179 19 396
409 181 7 637
409 183 40 346
410 12 4 607
410 18 8 300
410 32 33 478
410 33 44 217
410 50 23 658
410 52 58 503
410 66 25 654
410 71 31 521
410 72 27 31
410 85 50 727
410 117 19 293
410 121 13 677
410 124 1 196
410 126 16 727
410 199 39 375
411 7 16 96
411 17 13 21
411 50 21 610
411 62 49 68
411 64 27 316
411 86 7 23
411 108 1 506
411 132 4 317
411 144 43 371
411 150 31 676
411 152 55 179
411 167 33 549
411 176 37 373
411 179 41 508
411 189 19 353
412 5 19 315
412 8 41 211
412 15 52 216
412 17 4 104
412 18 43 523
412 23 55 661
412 51 13 344
412 90 26 633
412 108 1 475
412 123 47 78
412 157 59 502
412 168 31 294
412 193 37 638
412 195 7 379
413 19 49 628
413 20 27 478
413 31 1 592
413 38 37 472
413 63 11 229
413 69 33 306
413 74 20 384
413 75 7 154
413 93 52 35
413 133 47 280
413 191 43 241
413 193 56 469
413 198 16 750
413 200 29 150
414 6 17 293
414 17 2 557
414 32 27 576
414 33 50 512
414 60 7 511
414 68 38 704
414 79 31 271
414 102 43 73
414 130 34 148
414 136 13 662
414 138 46 167
414 155 59 734
414 177 22 37
414 185 11 240
414 192 56 682
415 5 43 275
415 11 19 170
415 30 49 653
415 39 25 263
415 46 8 34
415 71 29 450
415 73 17 371
415 75 56 314
415 86 13 23
415 119 31 510
415 138 34 167
415 173 37 445
415 190 1 423
415 196 47 457
416 15 37 216
416 29 25 286
416 38 19 231
416 52 31 258
416 60 13 694
416 66 59 672
416 104 43 126
416 118 17 469
416 135 3 13
416 143 41 627
416 149 7 471
416 165 1 290
416 170 57 365
416 185 29 593
416 195 49 503
417 1 29 386
417 37 7 265
417 71 34 4
417 79 49 51
417 82 4 506
417 90 17 193
417 99 23 548
417 100 31 722
417 101 47 286
417 121 13 383
417 141 55 412
417 162 21 697
417 165 53 290
417 173 38 619
417 196 1 399
418 14 23 61
418 15 34 250
418 17 1 625
418 35 49 514
418 48 7 659
418 59 57 487
418 66 4 126
418 78 45 380
418 98 19 44
418 106 37 6
418 108 28 643
418 123 53 295
418 130 25 265
418 152 15 95
418 189 43 44
419 15 49 378
419 23 25 207
419 27 31 737
419 28 46 651
419 32 35 576
419 99 55 665
419 114 39 541
419 120 17 391
419 134 52 324
419 142 8 715
419 146 13 263
419 155 44 734
419 177 1 736
419 186 57 394
419 191 4 326
420 32 37 478
420 63 59 200
420 71 43 450
420 72 50 399
420 96 17 370
420 124 10 326
420 128 7 600
420 137 34 256
420 156 22 682
420 168 1 386
420 169 5 747
420 170 41 365
420 177 19 736
420 190 13 60
420 195 25 353
421 47 37 693
421 49 1 688
421 51 34 322
421 53 25 129
421 69 55 293
421 75 13 372
421 94 19 395
421 100 10 106
421 132 28 305
421 143 23 627
421 144 50 658
421 181 41 445
421 185 8 423
421 187 46 402
422 21 52 701
422 34 55 245
422 40 23 619
422 48 49 649
422 55 19 705
422 63 35 229
422 77 2 589
422 103 37 451
422 131 14 357
422 132 43 21
422 144 25 108
422 150 33 676
422 161 29 736
422 178 9 637
423 36 49 179
423 40 29 619
423 42 8 346
423 59 43 487
423 64 1 316
423 78 31 579
423 125 53 434
423 133 55 280
423 134 47 324
423 155 25 406
423 161 4 736
423 178 58 378
423 180 11 464
423 182 13 136
423 194 23 680
424 16 41 335
424 29 22 451
424 33 37 591
424 36 57 179
424 41 7 596
424 64 49 508
424 78 45 579
424 80 1 737
424 87 25 10
424 140 13 734
424 146 34 715
424 170 43 365
424 186 52 143
424 191 4 53
424 197 19 51
425 13 31 286
425 23 51 559
425 29 16 242
425 67 46 505
425 83 29 166
425 86 20 23
425 111 55 7
425 115 25 275
425 124 34 672
425 127 13 411
425 130 4 461
425 136 7 576
425 174 39 484
426 5 55 731
426 7 52 320
426 11 19 388
426 14 1 13
426 22 5 407
426 37 37 206
426 70 11 542
426 73 23 705
426 92 34 200
426 119 49 510
426 132 31 305
426 134 59 324
426 151 43 220
426 172 25 491
426 182 7 617
427 10 25 90
427 25 58 3
427 39 37 13
427 77 34 589
427 85 55 727
427 87 13 210
427 94 49 152
427 101 2 484
427 120 17 74
427 126 7 479
427 133 43 708
427 147 19 66
427 154 46 207
427 171 4 406
427 188 10 615
428 12 46 508
428 18 25 490
428 39 55 260
428 82 22 305
428 85 4 343
428 96 10 205
428 121 16 616
428 126 43 390
428 129 19 745
428 135 52 13
428 142 13 715
428 186 38 207
428 188 7 111
428 200 33 576
429 25 1 265
429 31 25 134
429 33 44 704
429 42 51 217
429 53 13 545
429 72 39 31
429 101 5 384
429 116 58 624
429 143 29 331
429 146 7 402
429 152 17 179
429 153 31 49
429 156 19 244
429 175 22 8
429 199 10 375
430 3 21 722
430 22 11 533
430 29 52 487
430 43 55 176
430 88 43 37
430 106 37 248
430 116 13 624
430 145 31 25
430 150 59 676
430 164 7 220
430 166 49 676
430 167 2 719
430 187 28 682
430 198 16 379
431 21 31 175
431 26 5 186
431 41 25 681
431 50 29 658
431 55 55 705
431 59 49 487
431 71 53 521
431 74 7 163
431 79 38 96
431 90 46 626
431 122 1 717
431 128 34 600
431 144 20 601
431 161 11 241
431 193 14 592
432 4 29 556
432 5 25 731
432 8 35 519
432 16 17 549
432 18 55 47
432 32 59 140
432 44 13 313
432 56 49 110
432 63 22 200
432 96 11 392
432 114 7 230
432 138 2 167
432 144 31 2
432 167 37 335
432 170 45 365
433 4 53 616
433 10 1 300
433 22 35 533
433 32 5 140
433 38 7 482
433 40 33 502
433 47 45 519
433 71 17 4
433 78 49 223
433 81 43 502
433 84 38 153
433 96 23 515
433 116 13 16
433 132 28 317
433 190 25 60
434 16 7 663
434 41 43 663
434 51 14 683
434 60 19 694
434 71 25 521
434 79 31 51
434 89 37 383
434 104 10 556
434 107 55 548
434 141 47 360
434 156 34 714
434 158 49 294
434 177 28 693
434 199 3 375
435 3 13 83
435 18 8 552
435 34 51 55
435 42 25 179
435 54 15 280
435 57 23 702
435 72 1 281
435 108 46 506
435 116 55 624
435 128 58 625
435 136 31 394
435 146 37 394
435 157 19 337
435 180 21 95
436 7 46 47
436 8 29 173
436 18 25 471
436 44 13 472
436 87 32 457
436 89 56 410
436 94 7 737
436 104 19 126
436 129 22 745
436 133 41 280
436 135 1 284
436 164 49 26
436 196 53 231
436 197 43 79
436 198 38 750
437 1 29 523
437 7 50 416
437 23 25 470
437 28 22 631
437 34 13 55
437 40 39 502
437 62 9 626
437 70 5 599
437 90 3 626
437 95 58 712
437 108 19 643
437 137 34 388
437 140 43 40
437 166 55 676
438 28 37 479
438 31 13 134
438 43 20 176
438 56 49 275
438 58 26 250
438 87 31 243
438 106 43 6
438 134 1 205
438 173 7 536
438 178 40 659
438 183 3 471
438 192 58 574
438 197 55 72
439 4 32 605
439 5 55 729
439 22 51 155
439 24 1 712
439 30 7 547
439 34 37 55
439 50 35 713
439 74 25 689
439 105 43 357
439 107 13 74
439 146 22 313
439 165 17 246
439 186 46 265
439 190 19 713
440 5 13 716
440 6 11 538
440 13 19 286
440 28 31 631
440 42 56 217
440 89 37 256
440 99 17 674
440 101 5 484
440 110 43 655
440 114 7 541
440 120 35 335
440 135 49 13
440 158 1 2
440 163 29 97
440 200 25 604
441 3 35 606
441 30 55 194
441 93 52 195
441 97 3 713
441 104 19 625
441 109 1 451
441 118 16 175
441 123 45 78
441 147 25 579
441 149 49 213
441 152 11 95
441 159 37 514
441 167 7 585
441 177 32 603
441 178 22 547
442 8 5 211
442 11 37 542
442 25 7 4
442 42 46 255
442 44 50 486
442 56 56 28
442 57 1 702
442 68 13 435
442 119 43 746
442 130 10 461
442 137 31 388
442 152 19 95
442 153 34 49
442 177 22 603
442 181 29 444
443 12 43 607
443 17 4 320
443 19 52 628
443 24 55 31
443 30 25 547
443 74 13 306
443 90 22 193
443 103 31 120
443 112 17 154
443 129 47 173
443 142 19 715
443 156 10 231
443 168 37 180
443 190 1 60
444 29 1 561
444 42 4 346
444 43 31 85
444 50 25 658
444 73 23 591
444 75 45 568
444 84 9 663
444 107 50 548
444 109 41 502
444 130 13 461
444 135 19 446
444 159 55 514
444 179 16 314
444 181 29 445
444 198 58 34
445 8 25 211
445 19 16 446
445 34 2 533
445 58 37 602
445 69 45 306
445 75 55 372
445 103 49 691
445 111 32 7
445 131 19 357
445 145 9 40
445 169 14 521
445 171 27 66
445 194 53 596
446 14 13 389
446 30 32 34
446 32 5 576
446 48 15 296
446 49 38 103
446 56 1 93
446 72 19 281
446 74 25 384
446 94 7 602
446 104 49 556
446 150 29 180
446 151 55 220
446 162 53 697
446 174 45 561
446 176 43 124
447 6 35 293
447 27 38 337
447 37 55 265
447 67 28 519
447 81 5 30
447 84 7 242
447 98 1 44
447 105 22 447
447 107 49 20
447 109 25 37
447 142 16 715
447 161 53 357
447 165 32 344
447 183 46 722
448 5 7 199
448 6 25 293
448 7 40 416
448 25 37 3
448 31 15 367
448 32 55 478
448 67 52 519
448 92 31 16
448 100 4 81
448 120 11 292
448 126 22 346
448 141 59 745
448 171 46 359
448 190 49 595
448 200 29 409
449 4 4 556
449 6 13 522
449 13 37 357
449 15 40 216
449 16 31 549
449 19 25 298
449 35 43 580
449 43 55 703
449 48 1 535
449 97 50 732
449 102 34 210
449 117 15 83
449 121 22 270
449 133 29 642
449 174 7 561
450 5 15 122
450 9 37 295
450 24 1 507
450 45 49 568
450 68 43 208
450 90 19 193
450 96 5 621
450 107 31 610
450 118 10 159
450 133 53 642
450 139 47 691
450 145 25 25
450 154 55 366
450 161 59 728
450 186 21 645
451 12 31 192
451 15 1 724
451 21 14 701
451 24 7 507
451 33 19 492
451 45 16 78
451 66 4 590
451 69 55 696
451 95 34 57
451 108 40 643
451 110 29 396
451 111 51 477
451 148 25 400
451 181 11 119
451 197 37 209
452 1 41 274
452 5 31 275
452 15 4 724
452 27 13 299
452 32 39 478
452 74 19 306
452 123 11 146
452 135 25 440
452 136 43 240
452 142 28 715
452 155 7 734
452 157 57 502
452 162 23 697
452 174 49 552
452 187 1 486
453 11 26 388
453 17 1 651
453 46 31 313
453 61 51 473
453 69 7 16
453 77 37 397
453 84 43 596
453 90 16 626
453 127 19 290
453 149 55 315
453 160 22 31
453 185 35 243
453 186 13 394
453 189 53 380
453 191 4 535
454 28 16 651
454 37 49 457
454 39 3 268
454 49 7 688
454 61 53 473
454 66 1 654
454 68 19 358
454 83 59 166
454 92 55 16
454 109 11 502
454 117 38 412
454 118 47 175
454 173 25 253
454 187 13 373
454 196 23 399
455 7 1 86
455 11 13 542
455 16 7 160
455 67 34 505
455 85 58 518
455 95 31 156
455 112 17 347
455 123 23 295
455 130 9 166
455 152 5 95
455 154 46 159
455 161 41 367
455 164 27 624
455 168 19 119
455 194 53 388
456 2 57 125
456 4 5 301
456 15 46 378
456 24 1 645
456 28 50 513
456 31 25 386
456 82 19 506
456 101 16 563
456 104 43 556
456 120 53 392
456 125 22 79
456 144 38 2
456 167 31 335
456 168 8 603
456 170 55 365
457 17 4 171
457 20 29 478
457 33 51 492
457 53 39 17
457 78 57 535
457 83 49 228
457 85 25 518
457 97 19 666
457 103 7 120
457 115 43 503
457 149 1 730
457 173 15 654
457 180 13 487
457 181 23 492
457 184 31 59
458 15 1 216
458 16 55 160
458 24 14 507
458 50 23 610
458 52 10 24
458 84 43 140
458 95 31 57
458 101 29 359
458 104 40 556
458 124 34 326
458 126 58 498
458 139 47 503
458 145 50 292
458 146 19 394
458 147 25 161
459 4 17 51
459 10 46 152
459 19 55 628
459 36 37 285
459 41 13 596
459 69 19 16
459 101 59 656
459 115 7 275
459 122 25 160
459 136 51 576
459 145 1 292
459 167 31 585
459 190 43 239
460 4 11 727
460 16 35 260
460 66 49 654
460 76 33 539
460 83 22 32
460 87 38 535
460 94 45 331
460 95 55 655
460 138 19 636
460 144 25 319
460 152 7 95
460 167 14 719
460 183 4 722
460 186 58 143
460 187 1 470
461 23 13 237
461 28 38 651
461 36 31 423
461 43 7 518
461 76 35 539
461 86 25 23
461 111 55 477
461 116 19 171
461 117 1 727
461 156 43 191
461 187 52 682
461 189 23 44
461 194 49 410
462 11 31 170
462 17 7 625
462 28 55 175
462 45 16 171
462 46 50 160
462 68 27 285
462 76 37 539
462 126 43 153
462 128 40 745
462 135 22 446
462 142 1 320
462 161 5 241
462 165 11 394
462 171 19 359
463 1 29 23
463 19 58 628
463 38 1 231
463 47 19 693
463 53 10 17
463 73 47 9
463 76 39 539
463 96 37 515
463 97 43 143
463 106 49 475
463 118 25 159
463 123 17 275
463 129 23 173
463 158 31 744
463 196 5 231
464 4 39 301
464 32 41 478
464 33 7 588
464 77 46 445
464 79 13 51
464 113 55 210
464 114 32 230
464 119 20 746
464 129 29 745
464 131 25 357
464 136 49 601
464 138 1 148
465 5 25 423
465 23 31 470
465 51 40 390
465 88 9 604
465 89 43 373
465 101 19 470
465 114 49 41
465 115 55 30
465 126 37 346
465 133 7 708
465 142 22 715
465 153 4 49
465 185 16 532
465 191 13 241
466 2 19 389
466 12 37 482
466 15 13 216
466 25 7 32
466 30 31 83
466 60 50 315
466 64 3 316
466 65 40 435
466 92 28 20
466 126 55 645
466 128 46 745
466 129 26 745
466 161 17 728
466 175 23 326
466 180 59 183
467 9 31 660
467 17 10 557
467 70 13 665
467 82 25 574
467 92 4 20
467 107 49 422
467 110 7 135
467 137 43 134
467 152 35 41
467 165 38 492
467 166 28 379
467 173 20 239
467 183 1 119
467 187 46 682
467 197 56 232
468 8 41 173
468 11 37 721
468 18 33 659
468 39 7 268
468 41 3 464
468 42 16 346
468 83 43 166
468 108 28 506
468 118 51 159
468 141 59 256
468 145 45 33
468 172 55 728
468 180 31 487
468 197 22 662
469 4 37 301
469 13 49 617
469 23 55 11
469 30 19 653
469 73 35 21
469 77 31 589
469 105 16 292
469 124 52 672
469 147 44 726
469 174 7 484
469 176 39 124
469 178 1 637
469 188 4 649
469 191 13 541
469 193 26 485
470 20 29 190
470 51 19 225
470 56 57 110
470 93 25 195
470 95 3 655
470 110 41 135
470 115 37 275
470 123 55 295
470 153 31 740
470 154 8 110
470 161 43 367
470 163 23 641
470 182 13 617
470 190 34 40
470 193 49 469
471 5 19 716
471 21 58 621
471 26 25 450
471 38 7 721
471 50 31 658
471 65 2 156
471 66 35 305
471 87 49 557
471 88 37 666
471 93 28 195
471 115 43 461
471 125 23 434
471 129 33 745
471 147 13 286
471 157 11 337
472 45 34 171
472 62 3 381
472 73 23 402
472 86 43 23
472 94 55 331
472 103 19 226
472 110 13 135
472 120 47 513
472 122 27 422
472 127 7 435
472 128 15 450
472 150 25 180
472 168 51 708
472 179 10 508
472 183 40 317
473 1 17 386
473 34 19 55
473 35 13 126
473 56 7 93
473 65 31 590
473 103 25 691
473 111 37 7
473 118 23 175
473 164 49 624
473 168 43 603
473 177 1 603
473 185 4 243
473 198 55 34
474 5 9 731
474 31 32 367
474 33 25 402
474 35 37 580
474 100 1 32
474 109 17 216
474 113 13 688
474 141 59 671
474 148 7 400
474 159 49 723
474 164 43 605
474 169 57 521
474 177 4 693
474 188 20 702
474 200 41 486
475 28 28 631
475 46 43 34
475 53 55 588
475 63 47 191
475 76 41 539
475 89 1 410
475 104 13 556
475 111 49 7
475 114 20 230
475 139 53 590
475 154 7 361
475 159 16 723
475 174 31 552
475 175 58 453
475 178 10 108
476 7 16 86
476 11 57 721
476 12 40 655
476 14 55 424
476 34 31 245
476 58 1 250
476 95 13 712
476 97 8 396
476 128 26 409
476 138 37 549
476 149 19 726
476 153 46 49
476 184 49 407
476 186 43 343
476 199 22 611
477 9 8 545
477 53 19 146
477 55 50 204
477 56 25 110
477 65 43 258
477 87 31 535
477 108 55 475
477 113 1 210
477 121 40 471
477 132 58 317
477 172 13 475
477 177 37 53
477 190 46 721
477 198 22 69
478 3 29 606
478 32 25 576
478 62 49 626
478 70 17 106
478 72 56 399
478 74 37 384
478 83 47 346
478 86 31 23
478 125 5 17
478 133 41 642
478 135 13 660
478 137 7 256
478 150 27 180
478 186 1 394
478 189 11 237
479 2 25 678
479 3 47 606
479 42 4 153
479 45 1 630
479 99 19 665
479 117 21 400
479 128 44 409
479 149 13 730
479 151 49 283
479 157 29 196
479 176 41 124
479 180 33 633
479 184 37 507
479 189 59 44
479 198 9 301
480 7 46 86
480 44 19 621
480 52 13 563
480 111 2 253
480 116 37 624
480 133 25 708
480 135 40 170
480 136 56 662
480 154 16 159
480 172 7 475
480 176 50 124
480 190 28 713
480 193 31 485
480 198 52 34
481 5 55 716
481 21 29 701
481 26 11 491
481 28 8 651
481 34 25 55
481 67 16 373
481 87 49 245
481 90 31 633
481 91 44 431
481 118 5 469
481 119 34 746
481 177 13 642
481 194 23 596
481 195 1 312
481 199 19 129
482 18 15 523
482 34 44 186
482 63 13 280
482 83 7 166
482 102 35 378
482 106 25 572
482 109 40 37
482 122 31 422
482 124 19 106
482 140 55 734
482 147 1 161
482 152 37 179
482 165 49 492
482 182 9 136
482 188 22 649
483 2 45 283
483 9 1 545
483 13 10 299
483 44 21 588
483 81 17 711
483 84 31 462
483 91 55 32
483 93 38 195
483 116 25 16
483 148 59 400
483 172 49 313
483 186 7 207
483 193 13 686
484 8 55 230
484 49 37 688
484 62 19 617
484 64 9 316
484 66 47 364
484 71 29 601
484 74 43 384
484 83 5 228
484 95 25 57
484 123 11 78
484 128 1 450
484 154 16 361
484 158 57 60
484 188 13 104
484 195 51 686
485 11 1 542
485 13 10 222
485 19 58 246
485 29 20 627
485 36 49 674
485 78 43 611
485 82 34 156
485 101 13 470
485 126 25 645
485 137 40 538
485 161 53 367
485 169 5 26
485 178 7 108
485 190 28 60
485 191 31 53
486 24 7 31
486 25 31 3
486 66 16 364
486 67 49 154
486 90 59 193
486 93 43 195
486 97 26 732
486 123 5 3
486 129 37 745
486 179 46 314
486 188 56 649
486 189 41 380
486 193 19 485
486 194 3 596
487 6 3 522
487 10 58 90
487 11 19 542
487 22 43 155
487 23 33 620
487 32 53 140
487 39 37 213
487 85 55 518
487 107 49 610
487 120 47 477
487 135 27 284
487 147 13 206
487 150 31 180
487 171 7 359
487 192 10 467
488 8 7 211
488 21 43 616
488 31 9 72
488 52 16 24
488 84 55 631
488 93 46 195
488 96 53 621
488 100 1 106
488 114 25 245
488 116 39 662
488 117 20 412
488 124 31 616
488 143 13 486
488 157 35 283
488 191 4 541
489 14 7 213
489 16 17 327
489 30 19 181
489 57 59 458
489 60 49 171
489 63 41 191
489 68 32 285
489 78 45 223
489 86 37 23
489 91 25 642
489 107 3 548
489 123 53 366
489 175 1 627
489 181 23 444
489 189 43 380
490 6 35 522
490 14 59 13
490 18 37 396
490 29 31 627
490 51 19 471
490 53 13 17
490 77 25 686
490 78 1 380
490 112 11 6
490 120 17 477
490 139 23 55
490 180 43 60
490 186 55 143
490 188 45 702
490 189 29 44
491 24 7 645
491 41 37 663
491 56 27 322
491 63 25 200
491 66 59 678
491 68 15 704
491 69 43 696
491 78 3 223
491 87 49 210
491 108 56 506
491 128 31 625
491 129 13 656
491 143 1 331
491 150 41 180
491 181 22 637
492 8 3 211
492 9 26 3
492 18 19 523
492 28 7 607
492 40 59 370
492 79 39 271
492 89 55 633
492 99 37 484
492 130 16 461
492 156 34 191
492 170 47 365
492 173 43 422
492 198 49 750
493 1 35 726
493 26 11 211
493 48 25 649
493 98 37 205
493 100 7 722
493 103 31 103
493 109 14 502
493 116 46 171
493 132 22 317
493 135 43 660
493 153 58 49
493 173 49 381
493 178 1 552
493 187 16 402
493 188 19 750
494 11 13 463
494 22 10 155
494 36 19 385
494 55 55 592
494 81 59 451
494 88 49 604
494 102 41 378
494 105 37 47
494 110 32 655
494 136 1 411
494 150 35 676
494 183 44 361
494 194 17 548
494 197 25 662
495 14 15 424
495 16 47 260
495 19 1 298
495 78 25 729
495 79 58 257
495 83 29 32
495 87 21 243
495 92 40 515
495 104 37 674
495 117 43 83
495 126 34 153
495 146 7 205
495 155 5 734
495 170 49 365
495 190 10 315
496 1 41 23
496 3 5 416
496 15 31 378
496 30 14 691
496 33 37 512
496 39 7 425
496 47 55 180
496 80 34 728
496 93 49 195
496 102 29 171
496 118 23 159
496 131 19 513
496 156 43 244
496 179 1 508
496 198 25 379
497 4 7 301
497 27 13 599
497 30 37 181
497 35 33 580
497 44 43 322
497 89 55 256
497 110 29 135
497 111 1 657
497 113 49 533
497 117 25 513
497 125 23 523
497 145 9 528
497 166 19 18
497 185 17 423
498 43 31 583
498 50 25 610
498 53 55 545
498 62 7 150
498 65 19 435
498 84 27 504
498 124 49 549
498 133 23 160
498 137 4 538
498 142 38 296
498 143 16 627
498 147 43 66
498 148 11 298
498 187 13 175
498 200 47 150
499 15 13 250
499 21 50 701
499 62 37 626
499 67 19 672
499 74 7 681
499 79 25 257
499 101 17 66
499 136 31 411
499 157 58 532
499 172 43 728
499 181 35 119
499 183 28 119
499 190 4 595
499 194 11 596
500 4 37 32
500 71 55 641
500 83 23 228
500 84 33 242
500 101 31 484
500 103 3 451
500 108 58 475
500 110 29 108
500 116 7 270
500 130 19 461
500 132 16 317
500 133 1 708
500 142 25 715
500 178 52 637
500 190 10 60
Điểm tối ưu/tốt nhất tìm được: 7319
Thời gian: 600.114558 giây
Trạng thái: VALID
