14619
1 40 49 975
1 42 23 1231
1 51 17 441
1 68 7 541
1 130 19 682
1 138 34 1266
1 181 1 14
1 203 11 424
1 221 55 1067
1 228 25 603
1 244 46 652
1 247 41 471
1 302 43 70
1 310 13 345
1 334 37 1420
2 2 1 1238
2 28 44 326
2 31 4 1285
2 41 55 1001
2 43 19 576
2 45 25 792
2 47 31 1180
2 107 11 173
2 177 13 1436
2 246 17 992
2 283 7 1132
2 326 37 633
2 348 49 1250
2 368 29 416
3 26 28 682
3 28 31 1395
3 133 49 664
3 153 7 66
3 187 43 940
3 196 5 927
3 209 55 942
3 213 19 256
3 226 1 1250
3 255 10 959
3 308 53 340
3 326 22 166
3 328 13 922
3 332 17 336
3 335 37 1477
4 9 40 859
4 31 53 30
4 54 9 1308
4 153 37 325
4 180 47 1446
4 193 55 281
4 219 25 1257
4 222 16 1392
4 236 13 764
4 281 59 1040
4 337 43 1388
4 363 4 913
4 377 29 807
4 384 19 919
4 399 31 313
5 9 43 400
5 23 21 1091
5 40 31 81
5 54 23 294
5 105 5 723
5 120 41 787
5 124 13 891
5 130 55 185
5 204 17 589
5 283 50 1482
5 297 26 521
5 308 19 420
5 313 1 1017
5 363 46 558
5 386 10 1473
6 78 2 549
6 148 16 479
6 152 37 498
6 166 7 266
6 173 31 610
6 185 13 1193
6 205 5 995
6 213 49 568
6 274 52 460
6 279 19 902
6 289 55 308
6 296 25 933
6 342 43 1238
7 16 34 612
7 24 19 1121
7 44 25 707
7 72 55 989
7 99 7 402
7 167 59 639
7 169 43 1323
7 222 31 663
7 239 10 927
7 249 37 1223
7 260 29 1454
7 261 1 705
7 264 49 1143
7 371 13 1295
7 393 17 545
8 19 7 989
8 25 49 34
8 46 29 1423
8 72 37 319
8 73 15 660
8 111 55 589
8 118 2 1429
8 134 11 933
8 172 53 1388
8 197 31 1093
8 232 43 526
8 245 20 1085
8 284 27 1031
8 290 58 540
9 24 13 1026
9 45 37 1425
9 90 28 1348
9 95 1 402
9 110 58 1253
9 122 53 459
9 156 25 865
9 195 43 922
9 200 34 518
9 212 20 1040
9 259 49 763
9 267 55 796
9 291 7 1244
9 309 46 1220
9 370 11 1280
10 14 16 990
10 104 10 851
10 116 29 24
10 166 37 1262
10 185 55 1484
10 203 19 580
10 226 25 448
10 248 34 384
10 259 21 721
10 272 43 698
10 308 5 420
10 322 59 816
10 362 1 403
10 395 49 898
11 44 44 1235
11 49 31 1367
11 92 13 1127
11 114 7 255
11 126 28 1166
11 159 16 1317
11 214 41 63
11 228 1 1450
11 242 10 627
11 243 37 82
11 260 35 65
11 281 5 501
11 340 19 604
11 381 51 703
11 395 57 898
12 21 35 328
12 49 7 252
12 61 43 1449
12 103 53 1351
12 126 46 959
12 154 58 988
12 198 11 45
12 232 37 37
12 245 19 545
12 308 5 410
12 310 13 663
12 317 49 1159
12 343 17 697
12 350 1 187
12 361 25 743
13 17 43 1125
13 19 37 562
13 37 25 988
13 38 9 423
13 78 55 216
13 173 13 1141
13 235 50 1274
13 247 17 138
13 256 29 1044
13 268 19 599
13 294 1 236
13 311 5 419
13 357 58 1150
13 395 31 1338
14 28 31 589
14 61 7 1157
14 71 1 90
14 120 11 463
14 183 43 559
14 229 38 1464
14 246 5 992
14 306 29 297
14 318 53 292
14 352 26 960
14 355 22 1055
14 356 13 1254
14 357 16 1257
14 378 55 524
14 385 49 498
15 10 23 720
15 87 28 186
15 121 13 735
15 132 41 1244
15 160 31 195
15 165 7 1337
15 166 15 1262
15 183 19 195
15 190 5 968
15 223 55 1399
15 249 37 1216
15 265 49 1018
15 311 43 1284
15 328 45 665
15 342 25 585
16 1 19 918
16 30 26 1421
16 44 43 248
16 45 32 1496
16 56 17 1204
16 122 47 1070
16 157 2 829
16 196 5 562
16 222 13 1392
16 243 55 1386
16 285 23 839
16 288 7 931
16 294 37 735
16 323 10 268
16 380 49 1051
17 2 31 211
17 25 37 527
17 65 1 712
17 92 13 1377
17 97 56 219
17 118 22 1070
17 128 46 525
17 159 43 453
17 167 29 10
17 184 41 290
17 224 25 1446
17 253 7 728
17 287 11 331
17 315 49 1032
17 316 17 793
18 14 49 381
18 21 7 556
18 37 1 614
18 83 37 292
18 103 11 977
18 135 29 1199
18 209 43 796
18 225 59 572
18 232 13 665
18 245 25 87
18 279 31 335
18 331 51 335
18 337 55 1310
18 387 19 882
19 22 11 74
19 46 23 1423
19 94 5 1110
19 127 34 447
19 148 55 375
19 171 25 580
19 207 53 414
19 217 38 1192
19 227 43 1472
19 295 1 1104
19 343 29 508
19 364 19 920
19 371 7 1295
19 396 16 1348
19 400 49 201
20 88 31 251
20 90 34 1348
20 114 59 1488
20 117 7 1223
20 137 49 402
20 159 43 557
20 164 19 1399
20 245 38 1203
20 280 25 311
20 286 13 316
20 301 53 698
20 341 55 981
20 363 1 724
20 367 4 837
21 74 38 1437
21 81 1 1153
21 108 5 1131
21 117 43 1114
21 127 25 1374
21 141 49 445
21 251 10 1143
21 275 41 334
21 281 35 348
21 302 28 324
21 315 55 26
21 337 19 494
21 346 59 513
21 363 16 724
21 371 52 1295
22 45 49 235
22 53 47 1421
22 63 11 989
22 84 23 522
22 107 41 1295
22 128 7 85
22 135 53 540
22 138 4 812
22 153 16 597
22 172 35 73
22 197 43 1001
22 202 59 753
22 280 37 1496
22 282 29 236
22 302 1 1437
23 6 22 91
23 9 55 134
23 43 43 1437
23 44 1 513
23 51 41 1164
23 89 52 238
23 135 29 540
23 138 16 327
23 151 8 909
23 215 37 1470
23 243 25 1154
23 292 59 65
23 355 49 370
23 383 31 503
24 17 37 591
24 21 59 1436
24 43 31 785
24 126 49 656
24 131 23 439
24 224 45 1470
24 242 52 1131
24 273 11 1101
24 306 41 743
24 310 19 345
24 364 15 958
24 367 7 1066
24 368 3 1364
24 376 55 279
24 393 5 384
25 57 34 474
25 71 31 90
25 91 19 1366
25 127 4 1476
25 175 39 853
25 249 7 799
25 255 55 1393
25 281 29 238
25 293 1 10
25 303 59 1367
25 315 25 1075
25 317 44 73
25 327 14 590
25 350 49 747
25 391 37 481
26 96 13 606
26 151 20 909
26 156 49 49
26 157 38 1179
26 211 5 1494
26 229 25 1105
26 233 31 707
26 245 7 1024
26 246 11 1403
26 251 43 1419
26 262 17 598
26 309 1 253
26 361 55 1344
27 4 23 576
27 75 35 619
27 84 10 1446
27 147 53 324
27 148 46 669
27 152 7 1036
27 153 43 639
27 170 58 588
27 209 1 603
27 212 25 119
27 270 49 1154
27 278 55 833
27 329 16 1366
27 360 31 1188
27 379 5 345
28 53 35 199
28 60 31 1317
28 83 37 343
28 109 5 187
28 119 13 497
28 158 23 992
28 181 43 1065
28 234 56 720
28 238 52 951
28 336 11 599
28 343 9 1312
28 350 1 205
28 376 25 116
28 392 19 1253
29 8 7 1383
29 16 1 203
29 43 55 785
29 52 38 994
29 54 47 294
29 87 52 1444
29 110 49 1043
29 164 19 1323
29 176 3 1414
29 194 14 562
29 197 43 1121
29 235 28 148
29 261 31 1038
29 398 11 220
30 76 59 975
30 82 16 1409
30 84 1 522
30 91 7 660
30 100 38 138
30 169 55 878
30 210 43 1302
30 235 19 296
30 240 53 647
30 253 49 1120
30 278 13 1313
30 306 47 1427
30 315 3 166
30 332 28 409
30 342 34 1062
31 1 14 918
31 68 25 627
31 80 43 550
31 122 47 260
31 172 23 982
31 186 49 1272
31 261 19 1386
31 277 7 1330
31 289 1 1420
31 290 38 153
31 308 59 158
31 373 31 43
31 379 53 345
31 381 55 572
32 99 55 905
32 105 47 348
32 130 27 33
32 139 43 610
32 182 35 1238
32 231 52 1172
32 239 3 138
32 255 58 625
32 271 16 1379
32 274 31 728
32 286 19 1064
32 289 8 1475
32 293 49 10
32 357 13 363
32 380 38 1460
33 7 29 1427
33 13 7 1194
33 31 41 603
33 39 43 874
33 61 4 1452
33 65 57 495
33 85 25 298
33 118 13 34
33 178 47 216
33 233 19 581
33 284 53 44
33 290 16 153
33 301 11 904
33 306 23 743
33 343 37 697
34 17 1 1199
34 18 29 173
34 21 11 210
34 30 57 33
34 32 52 481
34 98 37 521
34 125 41 1428
34 176 22 1294
34 194 7 1216
34 198 35 892
34 236 16 753
34 244 46 452
34 256 5 1044
34 363 25 558
34 394 55 526
35 55 19 447
35 76 23 975
35 121 38 290
35 126 28 838
35 135 17 198
35 145 34 1233
35 152 31 770
35 179 13 904
35 207 47 598
35 217 11 1192
35 220 3 353
35 270 50 717
35 316 53 258
35 331 7 164
35 384 58 919
36 15 25 201
36 77 31 241
36 94 5 636
36 151 39 1115
36 155 19 1220
36 241 49 559
36 271 16 1243
36 288 13 931
36 298 1 42
36 300 56 498
36 314 10 338
36 374 29 118
36 380 43 357
37 5 49 508
37 60 7 685
37 69 40 648
37 95 31 402
37 102 25 822
37 113 19 71
37 127 55 1147
37 150 28 437
37 248 13 1331
37 257 43 549
37 274 37 617
37 320 2 720
37 371 16 1295
37 375 35 1023
37 398 59 1305
38 49 31 659
38 101 37 1454
38 110 10 531
38 125 41 1382
38 161 27 644
38 200 22 741
38 205 29 151
38 253 49 1056
38 280 55 911
38 293 1 238
38 309 7 525
38 314 5 338
38 352 19 977
38 395 15 1338
38 398 47 684
39 3 37 1114
39 47 1 1355
39 49 31 1430
39 156 14 437
39 157 19 1476
39 194 25 1231
39 229 44 1102
39 230 29 721
39 279 50 791
39 305 55 696
39 340 35 1307
39 379 59 369
39 399 8 485
40 15 49 758
40 89 26 503
40 127 16 1147
40 148 13 479
40 152 19 1440
40 252 55 419
40 253 1 185
40 275 11 461
40 291 7 904
40 296 32 262
40 307 39 619
40 356 22 1238
40 362 43 717
41 67 37 738
41 122 5 858
41 179 14 878
41 184 35 1290
41 199 7 1254
41 205 11 1379
41 224 22 1014
41 244 45 465
41 248 19 1200
41 301 41 1173
41 318 49 962
41 353 28 469
41 372 51 833
41 381 55 1101
41 391 59 1475
42 52 7 366
42 54 47 648
42 130 13 89
42 131 1 1256
42 159 3 325
42 225 21 602
42 243 43 522
42 291 51 1331
42 346 31 1445
42 347 56 1418
42 349 37 1380
42 369 25 430
42 399 33 1187
43 27 46 1285
43 66 43 994
43 88 7 1230
43 99 31 1312
43 151 55 1115
43 238 13 951
43 253 49 935
43 278 10 694
43 295 25 1383
43 297 21 521
43 302 16 1491
43 311 19 1284
43 353 34 1101
43 383 1 503
43 385 38 741
44 5 25 198
44 61 37 1443
44 88 4 615
44 123 43 1195
44 137 13 33
44 138 52 10
44 295 19 1104
44 311 11 1284
44 322 47 1146
44 323 31 991
44 327 7 90
44 335 55 733
44 367 49 1459
45 2 10 1282
45 161 23 644
45 199 1 1409
45 203 35 136
45 234 13 720
45 236 28 753
45 278 25 833
45 323 43 733
45 335 31 733
45 354 46 340
45 359 58 1123
45 371 55 1285
45 387 19 348
45 388 39 481
45 400 50 308
46 78 34 200
46 111 10 878
46 117 49 1102
46 123 43 871
46 189 38 597
46 237 41 605
46 267 29 763
46 279 55 831
46 292 20 390
46 326 31 1069
46 339 25 676
46 360 1 1381
46 371 22 995
46 383 13 503
47 51 17 374
47 56 53 798
47 84 5 236
47 98 31 134
47 119 25 1216
47 129 20 225
47 133 1 314
47 142 59 555
47 218 35 86
47 220 50 30
47 263 41 1353
47 316 29 579
47 344 7 666
47 360 43 1091
47 398 47 666
48 21 19 328
48 56 59 232
48 126 13 339
48 140 55 370
48 150 34 99
48 173 25 1141
48 178 17 987
48 238 31 1273
48 271 52 838
48 285 23 68
48 306 11 1018
48 317 7 906
48 352 37 492
48 388 3 481
48 393 1 1412
49 4 11 1339
49 92 55 36
49 123 13 871
49 161 47 1204
49 163 59 1146
49 192 35 1250
49 205 17 995
49 242 52 673
49 251 37 838
49 253 7 1263
49 269 28 862
49 321 31 5
49 324 2 440
49 370 43 230
49 385 19 67
50 42 53 651
50 85 1 1124
50 151 43 449
50 157 7 540
50 177 13 680
50 179 31 49
50 180 5 1306
50 195 35 593
50 197 49 1290
50 227 39 488
50 253 25 728
50 254 10 995
50 275 29 26
50 305 19 100
50 322 59 1151
51 9 55 892
51 16 29 251
51 34 25 799
51 38 31 1102
51 70 19 1228
51 102 7 308
51 139 49 331
51 161 14 644
51 173 43 334
51 181 16 200
51 212 22 351
51 240 53 858
51 343 3 1312
51 349 37 541
51 397 41 1026
52 29 43 605
52 73 4 1445
52 134 59 19
52 152 1 1148
52 176 32 1414
52 192 17 1119
52 206 37 808
52 243 25 522
52 279 13 1321
52 319 10 605
52 334 49 669
52 353 46 680
52 355 22 11
52 367 40 633
52 392 55 1496
53 25 19 1494
53 42 53 1040
53 152 7 770
53 160 37 1166
53 178 41 828
53 198 5 755
53 206 10 105
53 216 1 1097
53 260 23 1253
53 273 15 699
53 299 34 1154
53 310 25 1017
53 324 55 676
53 342 46 1409
53 389 49 206
54 22 47 1416
54 32 43 1220
54 45 49 347
54 91 1 11
54 102 34 1215
54 113 13 950
54 172 5 902
54 217 7 158
54 229 37 236
54 274 19 617
54 291 25 292
54 308 59 896
54 314 29 1390
54 355 10 1164
54 378 55 860
55 11 7 60
55 75 53 1102
55 80 13 787
55 131 59 439
55 155 25 1417
55 165 22 977
55 203 5 1089
55 213 31 518
55 288 34 982
55 301 17 625
55 334 37 1260
55 349 1 340
55 371 19 1295
55 388 49 220
55 392 43 260
56 22 23 1125
56 29 13 4
56 57 4 294
56 76 17 1123
56 134 11 95
56 138 31 1266
56 140 25 1242
56 144 55 1284
56 170 43 296
56 181 34 14
56 186 40 1351
56 267 29 796
56 278 19 833
56 286 49 368
56 399 7 446
57 34 43 1007
57 46 11 457
57 67 38 1306
57 85 49 87
57 95 25 439
57 146 57 86
57 157 22 1497
57 164 31 178
57 248 16 1453
57 302 19 1250
57 304 4 1266
57 370 47 833
57 387 7 1110
58 36 7 1497
58 53 55 586
58 109 5 826
58 118 27 34
58 188 19 384
58 194 50 562
58 198 23 481
58 238 58 1281
58 250 31 696
58 265 43 1255
58 300 34 798
58 340 11 1078
58 342 1 88
58 372 40 516
58 378 13 860
59 65 33 495
59 87 2 578
59 113 37 98
59 123 50 1125
59 138 28 1399
59 139 13 610
59 155 9 1197
59 158 41 1020
59 164 43 1260
59 284 55 1031
59 324 19 352
59 370 47 1153
59 376 57 796
59 391 23 419
60 79 37 1134
60 80 25 675
60 117 20 92
60 150 43 1055
60 237 59 49
60 248 7 186
60 283 13 1247
60 287 41 1093
60 288 10 399
60 295 31 201
60 313 1 252
60 315 55 1305
60 361 50 1266
61 34 57 1007
61 69 1 1227
61 89 25 1179
61 98 50 501
61 102 19 1215
61 156 22 1200
61 175 31 390
61 177 13 489
61 270 10 1055
61 313 37 826
61 322 29 606
61 336 5 599
61 373 43 1321
62 3 16 1154
62 78 25 216
62 83 57 1245
62 98 37 89
62 177 31 489
62 214 41 1097
62 245 44 1203
62 253 7 73
62 293 22 1388
62 307 49 826
62 325 28 972
62 357 1 854
63 3 3 1240
63 12 55 983
63 14 51 381
63 19 7 147
63 32 25 819
63 40 19 1393
63 62 47 580
63 105 11 685
63 141 31 1224
63 254 58 995
63 273 29 135
63 311 23 1172
63 333 53 498
63 341 40 1114
63 393 17 337
64 34 14 1403
64 35 55 1353
64 51 23 441
64 66 7 994
64 73 52 852
64 83 37 390
64 98 25 816
64 115 10 532
64 180 4 1032
64 284 46 1031
64 306 59 1360
64 336 29 245
64 340 41 604
64 358 31 1185
64 386 43 1436
65 23 37 488
65 72 49 540
65 89 34 1453
65 124 4 1380
65 188 39 384
65 202 29 557
65 223 31 783
65 234 25 720
65 252 55 529
65 288 7 982
65 320 43 437
65 344 1 993
65 375 11 110
65 376 19 1119
65 381 15 471
66 44 49 1235
66 55 5 447
66 72 1 675
66 75 35 731
66 117 37 833
66 135 23 119
66 167 47 1189
66 179 25 342
66 198 17 892
66 210 55 1475
66 228 13 28
66 319 31 605
66 377 59 699
66 382 10 357
66 390 7 501
67 11 43 1429
67 12 7 1179
67 38 49 1152
67 71 19 157
67 105 47 262
67 134 29 199
67 138 10 1399
67 155 31 159
67 156 16 1411
67 202 53 1420
67 204 35 1260
67 339 1 330
67 358 25 50
67 375 5 22
67 397 23 1445
68 46 31 495
68 133 19 112
68 164 51 1240
68 194 55 70
68 199 43 1078
68 201 29 860
68 232 7 37
68 254 4 1195
68 269 1 1432
68 271 33 22
68 301 41 74
68 326 37 1024
68 339 13 252
68 348 25 798
69 22 5 904
69 35 1 775
69 44 49 707
69 58 13 188
69 92 22 663
69 164 33 1445
69 189 19 1029
69 224 10 1470
69 243 44 1393
69 289 37 183
69 305 25 100
69 309 7 996
69 351 56 157
69 390 16 634
70 21 59 664
70 34 13 1273
70 51 47 1492
70 88 2 795
70 140 55 682
70 143 49 1416
70 155 7 863
70 224 28 1037
70 236 25 312
70 292 41 791
70 300 31 1272
70 312 37 339
70 319 20 636
70 368 11 493
70 374 35 449
71 7 5 891
71 12 37 983
71 49 20 659
71 137 49 668
71 193 35 1482
71 197 43 1093
71 207 47 236
71 253 8 185
71 258 29 531
71 269 31 498
71 327 55 297
71 340 41 958
71 350 13 187
71 378 25 860
71 381 1 1101
72 16 49 1429
72 19 55 19
72 24 44 1316
72 46 28 495
72 83 19 1209
72 139 13 1024
72 170 16 574
72 241 51 485
72 253 31 894
72 261 7 1305
72 272 37 272
72 304 59 1266
72 345 1 1496
72 354 25 479
73 115 56 43
73 118 19 34
73 152 10 905
73 155 37 1220
73 156 49 660
73 161 17 1155
73 177 13 1172
73 187 3 1123
73 197 25 80
73 211 59 248
73 218 47 647
73 225 1 1169
73 274 52 995
73 340 41 1118
73 399 32 1428
74 25 43 968
74 63 23 794
74 66 28 206
74 78 7 244
74 88 40 1102
74 106 25 409
74 173 49 894
74 214 17 1097
74 228 13 603
74 282 10 1266
74 327 1 1114
74 337 31 494
74 376 55 598
74 395 19 1208
75 8 43 941
75 99 34 1312
75 156 13 1411
75 159 28 325
75 167 23 10
75 179 1 1071
75 195 55 922
75 230 41 1200
75 243 49 522
75 279 37 258
75 319 16 1302
75 341 7 25
75 344 19 1243
75 345 57 293
75 396 10 63
76 113 56 395
76 129 7 1407
76 160 19 560
76 204 11 1409
76 209 13 1242
76 230 1 167
76 240 5 1056
76 285 29 839
76 295 38 203
76 309 34 996
76 318 47 578
76 320 22 780
76 365 43 151
76 388 49 325
76 398 17 568
77 5 55 1392
77 11 20 340
77 39 39 200
77 75 37 1340
77 84 11 1316
77 85 1 173
77 105 29 1359
77 118 16 34
77 133 49 901
77 146 25 680
77 158 53 903
77 248 7 384
77 272 43 879
77 295 31 1383
77 301 35 352
78 2 26 1282
78 12 31 983
78 19 38 531
78 94 17 1110
78 105 59 147
78 140 49 351
78 149 55 759
78 165 34 977
78 173 19 526
78 198 47 892
78 206 13 1368
78 236 9 731
78 294 1 1262
78 359 43 183
79 52 19 648
79 115 7 921
79 117 37 1205
79 142 41 482
79 150 10 1454
79 172 47 1115
79 196 29 927
79 199 32 1131
79 200 43 656
79 246 53 775
79 269 49 862
79 284 59 530
79 340 23 1078
79 384 16 447
79 387 2 84
80 19 14 19
80 55 47 167
80 66 58 1043
80 122 23 1261
80 143 19 126
80 147 43 527
80 161 5 500
80 162 37 95
80 185 31 1484
80 216 25 1295
80 270 55 259
80 272 49 525
80 304 2 1266
80 364 8 1268
81 75 5 1344
81 95 19 958
81 111 43 1043
81 121 35 735
81 171 13 901
81 183 37 513
81 188 7 1072
81 191 29 662
81 220 46 353
81 236 52 924
81 251 55 625
81 253 25 935
81 295 31 782
81 356 1 1254
81 371 58 353
82 22 11 1125
82 67 31 460
82 86 5 171
82 112 19 24
82 126 55 1343
82 209 25 1021
82 240 17 991
82 256 23 503
82 260 59 1292
82 285 29 349
82 328 49 890
82 332 41 578
82 334 7 1381
82 354 37 306
82 368 1 493
83 11 55 617
83 32 31 1220
83 37 25 142
83 49 20 1367
83 121 15 290
83 138 34 1055
83 245 37 996
83 299 49 1257
83 346 29 697
83 356 46 183
83 377 53 410
83 382 10 264
83 384 7 874
83 389 1 1393
83 397 43 1337
84 22 5 597
84 40 13 1393
84 47 1 1439
84 48 19 865
84 70 8 782
84 73 22 852
84 74 34 368
84 82 58 210
84 84 41 1437
84 86 17 1088
84 191 53 220
84 220 49 1174
84 268 25 1261
84 309 55 996
84 397 43 1445
85 66 19 826
85 187 25 940
85 237 41 49
85 238 58 1273
85 253 49 728
85 255 37 783
85 259 33 907
85 267 11 1384
85 275 47 334
85 301 23 430
85 311 13 1284
85 324 15 457
85 331 43 335
85 354 1 135
85 393 53 1412
86 2 55 1038
86 50 28 638
86 70 4 1020
86 90 51 277
86 92 1 897
86 114 41 819
86 125 23 1325
86 166 13 430
86 267 59 1072
86 284 35 530
86 321 7 628
86 355 25 1376
86 359 46 1043
86 364 31 920
86 384 43 1064
87 14 35 381
87 55 41 1489
87 83 13 343
87 85 19 703
87 90 25 351
87 120 53 787
87 128 28 529
87 132 59 1481
87 137 1 1371
87 155 37 1229
87 217 8 450
87 225 47 572
87 254 10 58
87 272 43 787
87 367 31 1066
88 17 45 591
88 23 16 1395
88 29 26 314
88 37 39 90
88 45 31 277
88 139 50 1388
88 192 43 661
88 193 23 448
88 204 11 1260
88 206 13 808
88 257 56 549
88 263 29 353
88 299 7 1267
88 301 35 74
88 310 1 359
89 13 31 625
89 17 19 1189
89 19 25 531
89 128 43 340
89 134 29 550
89 166 7 337
89 170 37 798
89 235 40 148
89 254 46 910
89 266 1 1351
89 300 49 1065
89 377 15 1232
89 381 55 1212
89 390 34 208
90 35 37 911
90 55 53 403
90 60 25 694
90 119 31 721
90 142 11 37
90 157 43 901
90 196 29 188
90 219 57 88
90 228 1 28
90 248 13 1200
90 270 46 924
90 291 19 108
90 342 7 1069
90 389 49 169
91 6 1 732
91 12 49 983
91 103 31 305
91 153 58 731
91 185 37 1484
91 188 25 705
91 197 43 891
91 206 10 808
91 207 35 1200
91 262 13 976
91 264 15 408
91 285 29 485
91 316 47 625
91 342 7 959
91 356 4 1437
92 45 31 479
92 118 19 1070
92 121 7 290
92 173 55 894
92 187 37 307
92 190 47 896
92 213 16 779
92 226 43 731
92 229 9 768
92 241 25 276
92 271 13 1379
92 280 49 311
92 297 1 1105
92 367 22 1459
93 9 4 81
93 10 47 241
93 23 23 1091
93 41 32 1393
93 58 1 1230
93 62 29 1383
93 83 7 390
93 85 25 1464
93 91 56 1242
93 122 35 1261
93 279 19 258
93 311 16 1284
93 334 37 673
93 390 13 620
93 400 52 910
94 6 19 1327
94 48 45 718
94 71 58 906
94 190 53 1056
94 207 43 815
94 209 7 473
94 239 22 335
94 247 35 112
94 299 49 1311
94 309 16 488
94 335 38 1277
94 345 31 204
94 369 3 430
94 382 13 154
94 394 29 921
95 3 16 1240
95 12 19 983
95 21 47 664
95 22 29 669
95 71 7 1454
95 74 34 602
95 149 50 759
95 200 4 585
95 238 43 951
95 249 25 1015
95 295 55 1383
95 353 1 469
95 372 13 1419
95 374 23 449
95 392 37 1141
96 10 43 615
96 23 15 411
96 25 55 527
96 31 13 1444
96 48 25 783
96 64 45 756
96 71 40 1454
96 89 19 1428
96 94 35 1188
96 146 52 1292
96 158 59 11
96 170 22 296
96 255 7 815
96 288 10 931
96 385 2 112
97 55 23 1185
97 61 13 494
97 63 17 989
97 72 31 319
97 74 46 1351
97 105 53 326
97 112 8 437
97 165 28 1244
97 199 49 1316
97 206 4 808
97 214 59 864
97 268 55 599
97 306 41 297
97 350 19 590
97 392 37 861
98 35 7 775
98 61 25 513
98 62 23 636
98 79 4 116
98 95 19 439
98 163 47 1020
98 189 37 21
98 211 11 1032
98 218 53 696
98 228 43 578
98 244 28 1472
98 285 17 921
98 290 40 1204
98 361 55 1230
98 375 35 110
99 55 5 1489
99 86 53 171
99 106 55 409
99 110 49 1411
99 152 7 764
99 163 29 1374
99 189 43 597
99 210 25 1475
99 236 1 1222
99 258 41 311
99 261 13 568
99 265 19 1255
99 348 31 311
99 350 37 747
99 370 23 1280
100 13 38 910
100 41 19 1470
100 42 11 651
100 67 55 408
100 70 32 972
100 107 17 572
100 126 4 656
100 145 1 901
100 179 50 160
100 196 41 368
100 221 13 31
100 268 7 1261
100 280 43 369
100 366 28 822
100 372 22 1311
101 33 21 638
101 48 52 865
101 91 2 535
101 119 38 1027
101 124 55 556
101 139 44 268
101 185 49 251
101 192 29 503
101 200 7 633
101 217 15 450
101 237 47 298
101 256 19 605
101 260 35 1454
101 283 25 1283
101 389 31 516
102 8 15 395
102 22 29 597
102 57 49 1465
102 94 11 374
102 116 13 660
102 189 46 736
102 200 2 633
102 219 7 523
102 226 31 1232
102 253 55 198
102 271 37 1081
102 351 25 248
102 371 40 574
102 381 19 1056
102 393 59 992
103 7 35 304
103 18 29 1291
103 24 39 990
103 84 17 1437
103 107 23 933
103 126 13 448
103 134 11 19
103 139 49 610
103 186 43 1308
103 194 31 526
103 240 47 372
103 286 1 764
103 308 5 1439
103 325 55 1064
103 347 7 1205
104 5 51 1029
104 53 17 628
104 59 55 34
104 85 31 793
104 112 13 1323
104 146 28 119
104 177 43 1020
104 223 25 1476
104 226 19 214
104 303 59 463
104 313 37 794
104 349 7 1292
104 378 1 1260
105 81 17 87
105 115 55 990
105 117 8 964
105 119 37 1244
105 144 41 320
105 168 49 151
105 209 25 335
105 220 1 30
105 242 32 1059
105 339 13 330
105 348 19 88
105 355 58 922
105 361 43 1180
106 1 13 588
106 28 1 898
106 41 49 1340
106 45 56 697
106 114 37 90
106 136 29 639
106 148 19 842
106 173 7 894
106 174 23 42
106 322 11 1151
106 331 31 961
106 350 44 199
106 355 52 1223
106 372 25 910
106 398 17 666
107 35 19 1124
107 53 13 328
107 62 53 118
107 65 39 724
107 88 46 1205
107 118 58 1070
107 122 5 1174
107 205 55 211
107 208 10 788
107 247 17 1448
107 275 23 461
107 292 29 1172
107 324 31 352
107 329 7 477
107 366 49 266
108 12 43 1326
108 38 3 423
108 42 49 1093
108 84 7 1067
108 89 40 1427
108 98 13 723
108 147 1 281
108 193 59 672
108 211 55 573
108 218 17 261
108 281 35 70
108 329 52 488
108 365 19 1376
108 393 22 842
108 394 10 353
109 61 28 1272
109 73 55 850
109 116 59 1407
109 124 40 906
109 129 1 1078
109 130 50 854
109 150 25 1343
109 200 37 262
109 227 32 1472
109 277 19 1365
109 292 11 65
109 307 7 68
109 331 14 22
109 358 43 860
110 49 1 159
110 53 5 214
110 55 53 1282
110 83 7 376
110 86 29 171
110 112 37 1368
110 132 35 764
110 159 22 453
110 205 11 1376
110 224 31 574
110 228 13 1450
110 286 25 749
110 322 41 1121
110 376 49 1037
110 380 55 1009
111 44 1 363
111 91 49 921
111 125 11 1077
111 148 40 669
111 197 55 440
111 243 31 522
111 267 17 1047
111 293 26 1118
111 305 19 1457
111 309 13 438
111 325 37 1491
111 392 44 1141
111 396 7 1021
111 397 23 923
112 60 19 1155
112 74 49 1428
112 103 16 305
112 129 37 993
112 137 25 402
112 166 43 625
112 188 3 136
112 198 1 312
112 200 52 1087
112 205 11 195
112 269 31 1150
112 276 23 1304
112 370 35 252
112 382 7 264
112 392 57 779
113 18 35 173
113 78 4 450
113 113 31 395
113 122 53 1143
113 171 7 1426
113 193 23 656
113 195 59 234
113 227 43 1247
113 235 19 148
113 251 49 1494
113 258 47 893
113 276 11 871
113 310 55 230
113 338 29 395
113 354 40 545
114 26 19 1475
114 73 16 157
114 98 43 521
114 127 22 528
114 159 8 99
114 164 25 1260
114 174 59 42
114 208 1 996
114 209 49 1021
114 212 13 447
114 217 53 58
114 303 29 1033
114 368 33 1364
114 387 38 1110
114 398 35 1305
115 44 49 1339
115 49 55 1367
115 83 9 292
115 131 41 1124
115 165 34 251
115 180 17 1472
115 205 23 1283
115 214 53 1097
115 245 1 545
115 297 43 1263
115 300 20 1065
115 324 25 337
115 363 13 558
115 368 5 717
115 394 7 163
116 149 7 759
116 153 56 639
116 197 49 858
116 199 43 91
116 205 11 1283
116 231 1 4
116 280 25 911
116 286 21 1258
116 300 40 498
116 335 13 651
116 356 37 858
116 361 32 743
116 377 5 502
117 34 26 1330
117 69 37 1119
117 103 55 305
117 135 7 1199
117 142 59 381
117 149 49 357
117 177 19 489
117 200 40 359
117 232 32 13
117 261 13 1473
117 357 10 1179
117 370 17 1280
117 381 3 471
117 387 43 1014
118 21 1 423
118 22 47 1125
118 23 58 411
118 37 8 614
118 45 43 1243
118 46 5 1423
118 47 13 848
118 129 19 1247
118 177 37 259
118 294 32 188
118 302 52 636
118 309 28 766
118 377 17 776
118 379 23 1102
119 41 46 641
119 51 21 374
119 59 37 1143
119 66 31 101
119 70 34 1411
119 93 53 782
119 100 56 443
119 143 26 1416
119 181 3 951
119 257 7 549
119 297 13 521
119 349 49 819
119 366 43 1384
119 391 41 82
120 25 13 527
120 26 40 206
120 98 7 521
120 108 23 1131
120 118 28 1070
120 158 5 1302
120 171 43 580
120 174 35 676
120 227 49 360
120 243 1 530
120 248 25 1200
120 261 19 1038
120 280 31 1026
120 337 56 195
120 356 37 312
121 43 1 785
121 79 50 1134
121 84 11 236
121 86 17 521
121 96 31 1316
121 128 28 1343
121 158 41 652
121 163 5 1430
121 180 59 1200
121 241 37 674
121 247 47 471
121 297 43 1214
121 314 53 338
121 330 13 1353
121 364 55 1471
122 11 32 933
122 62 11 638
122 109 47 34
122 121 53 43
122 144 17 214
122 162 1 798
122 168 49 1028
122 188 21 398
122 212 28 1032
122 223 13 160
122 225 19 602
122 233 43 440
122 327 39 342
122 344 7 1243
122 367 58 402
123 112 27 372
123 122 25 260
123 158 23 903
123 196 31 927
123 200 10 1417
123 202 52 365
123 244 58 962
123 260 5 1017
123 273 3 848
123 290 49 190
123 295 19 782
123 347 33 711
123 348 13 1351
123 362 44 336
123 390 55 1470
124 5 43 1021
124 8 19 1353
124 31 35 294
124 56 1 721
124 102 16 1037
124 165 25 1384
124 181 52 732
124 183 55 513
124 228 37 603
124 240 7 1056
124 284 9 459
124 300 13 371
124 301 41 86
124 317 31 398
124 363 28 558
125 32 16 1208
125 37 31 1435
125 44 55 707
125 66 25 319
125 76 29 975
125 105 47 1395
125 140 7 370
125 188 43 1265
125 191 35 662
125 264 1 304
125 284 37 1031
125 290 19 190
125 299 40 244
125 318 23 578
125 374 59 89
126 12 58 983
126 16 23 612
126 27 2 391
126 94 17 977
126 147 35 1488
126 168 19 48
126 211 5 195
126 222 25 1099
126 227 13 43
126 237 29 996
126 266 43 1327
126 328 51 756
126 340 11 528
126 380 37 357
126 383 7 859
127 26 16 1475
127 38 19 1102
127 123 49 454
127 140 7 984
127 223 40 345
127 287 59 706
127 302 55 453
127 319 2 636
127 320 37 66
127 349 31 1279
127 350 25 1056
127 362 43 807
128 32 4 254
128 56 41 705
128 57 38 941
128 133 19 1445
128 168 31 1028
128 203 25 1089
128 209 43 942
128 214 35 1097
128 225 29 760
128 288 52 1364
128 368 11 1364
128 373 55 648
128 386 1 98
128 395 13 481
128 396 49 1227
129 14 19 203
129 20 31 550
129 32 28 1183
129 63 11 1257
129 68 13 444
129 104 40 328
129 115 1 532
129 120 53 463
129 122 35 1174
129 185 8 836
129 192 5 468
129 213 25 1144
129 240 17 1143
129 299 37 244
129 365 57 1376
130 76 29 989
130 138 46 1399
130 154 1 1449
130 187 32 307
130 191 20 1419
130 195 52 808
130 229 55 1102
130 239 8 381
130 248 25 384
130 285 5 485
130 298 37 775
130 332 15 409
131 38 25 1404
131 41 16 741
131 63 41 755
131 75 53 764
131 150 7 1343
131 201 23 769
131 268 1 341
131 272 44 931
131 276 35 1393
131 297 31 1214
131 307 49 526
131 313 37 1104
131 337 55 95
131 361 19 227
132 7 53 760
132 18 11 410
132 27 1 1285
132 52 55 597
132 58 4 108
132 68 37 1489
132 137 15 419
132 164 49 851
132 183 21 136
132 198 41 1332
132 205 13 153
132 246 29 1316
132 293 34 1388
132 303 59 696
132 351 7 248
133 2 50 211
133 20 40 822
133 25 19 968
133 43 25 594
133 57 34 1136
133 70 37 374
133 74 44 602
133 93 11 782
133 160 3 1051
133 240 53 807
133 241 13 276
133 275 1 461
133 282 47 1477
133 369 55 60
133 377 17 1322
134 7 59 1260
134 36 43 1497
134 58 28 1313
134 124 32 556
134 133 19 633
134 135 53 489
134 143 7 324
134 193 47 1482
134 248 1 1331
134 284 37 530
134 305 13 496
134 306 41 1018
134 317 49 398
134 354 4 10
134 391 56 1232
135 37 51 1256
135 44 19 1021
135 78 15 1291
135 98 43 1136
135 113 37 1279
135 122 5 260
135 140 7 730
135 190 59 968
135 201 29 316
135 209 55 656
135 236 25 1222
135 277 32 1365
135 292 13 390
135 394 1 812
136 12 10 1326
136 19 2 989
136 65 39 315
136 79 34 1134
136 90 31 1348
136 92 7 1222
136 160 49 63
136 186 55 1192
136 195 37 1215
136 199 13 1316
136 204 29 1260
136 334 19 1020
136 335 25 10
136 340 17 1311
136 365 44 188
137 38 7 1404
137 73 49 1038
137 80 43 728
137 116 53 208
137 184 17 1290
137 200 25 584
137 202 3 365
137 213 40 187
137 236 56 1307
137 270 19 924
137 274 22 617
137 311 59 419
137 326 33 651
137 338 47 283
137 385 13 592
138 6 10 1272
138 32 49 481
138 42 29 1093
138 57 40 474
138 72 31 1114
138 110 57 1482
138 121 53 290
138 126 7 38
138 143 19 1460
138 224 4 1037
138 234 13 1304
138 351 43 157
138 357 37 1062
138 387 25 348
138 390 1 208
139 20 25 1489
139 24 31 1208
139 31 17 1285
139 43 39 923
139 54 23 1308
139 82 55 1078
139 95 51 465
139 132 5 628
139 154 19 1235
139 162 13 673
139 213 1 351
139 230 11 906
139 248 28 235
139 266 7 1153
139 391 49 1240
140 13 16 1363
140 36 43 1448
140 58 22 775
140 73 28 897
140 137 7 1018
140 171 2 1176
140 176 25 1482
140 182 11 1254
140 230 41 898
140 305 37 696
140 319 13 743
140 334 50 1184
140 351 55 542
140 393 34 545
141 17 43 418
141 55 11 1223
141 95 15 749
141 105 59 326
141 158 47 785
141 168 3 1028
141 178 35 134
141 192 40 1146
141 228 31 1386
141 281 23 1195
141 295 19 283
141 300 37 1065
141 345 49 293
141 372 28 334
141 396 7 63
142 14 47 203
142 81 29 1155
142 85 39 697
142 97 1 642
142 103 34 305
142 123 25 1449
142 149 19 854
142 187 13 826
142 235 31 148
142 236 49 450
142 301 5 86
142 310 7 1322
142 332 53 733
142 341 43 25
142 381 55 641
143 16 35 788
143 17 25 1199
143 18 5 276
143 24 19 1185
143 67 49 1010
143 179 1 853
143 180 53 1306
143 197 38 440
143 227 55 67
143 238 16 1089
143 276 47 1304
143 277 43 1365
143 325 13 73
143 350 7 590
143 365 31 1376
144 24 7 1316
144 34 19 1007
144 73 49 897
144 161 46 644
144 187 13 940
144 240 3 1056
144 242 40 864
144 263 53 1281
144 292 29 454
144 301 1 579
144 306 59 297
144 330 25 1353
144 355 34 1164
144 359 37 438
144 394 5 163
145 19 49 989
145 35 43 136
145 49 37 159
145 56 23 735
145 76 47 975
145 121 29 1066
145 148 25 419
145 209 13 656
145 240 11 807
145 254 57 764
145 275 53 789
145 288 19 1364
145 303 35 1028
145 305 1 911
145 308 41 420
146 57 16 474
146 96 44 454
146 102 31 822
146 112 49 453
146 198 23 755
146 224 34 1088
146 247 59 1448
146 277 7 647
146 327 37 850
146 328 19 987
146 329 13 326
146 362 55 749
146 369 2 789
146 399 25 1136
147 3 28 99
147 45 32 976
147 78 56 1291
147 111 10 194
147 165 40 1384
147 219 43 1444
147 235 19 1274
147 255 22 316
147 287 17 331
147 305 49 253
147 323 25 1317
147 341 1 49
147 343 15 828
147 359 7 1293
147 400 4 1399
148 4 29 311
148 20 16 341
148 34 25 659
148 148 22 1435
148 172 58 1453
148 182 35 775
148 200 55 262
148 246 11 775
148 253 43 35
148 254 52 1088
148 255 37 815
148 284 19 1031
148 285 49 485
148 312 7 1031
148 322 41 37
149 11 56 1429
149 21 29 664
149 27 9 455
149 53 41 586
149 61 19 1069
149 84 7 738
149 97 31 26
149 105 53 1395
149 109 23 717
149 116 17 633
149 187 49 307
149 191 5 662
149 303 35 292
149 326 2 1066
149 350 44 205
150 8 44 1430
150 30 13 586
150 176 10 1414
150 189 37 695
150 192 5 661
150 223 28 755
150 229 31 236
150 244 58 304
150 364 19 727
150 368 23 416
150 382 25 357
150 383 50 1332
150 399 1 313
151 43 7 576
151 83 31 1209
151 108 11 736
151 193 41 281
151 220 19 1374
151 263 17 158
151 266 1 297
151 269 14 1359
151 282 5 1075
151 299 52 1257
151 308 28 340
151 336 35 599
151 349 37 565
151 355 46 1305
151 365 55 188
152 45 37 235
152 94 47 1188
152 115 10 1360
152 132 17 764
152 149 31 1454
152 165 58 1244
152 193 35 909
152 198 1 1332
152 207 23 676
152 238 52 1089
152 253 3 1491
152 306 29 1018
152 310 19 359
152 330 43 707
152 347 13 943
153 83 7 903
153 85 49 1180
153 97 37 26
153 159 34 606
153 160 1 37
153 181 46 14
153 220 58 695
153 226 14 1250
153 231 43 1353
153 287 11 706
153 292 53 65
153 309 4 438
153 316 41 390
153 325 28 210
153 374 23 89
154 22 47 882
154 34 39 799
154 45 19 13
154 77 13 1001
154 117 49 1203
154 118 55 475
154 124 34 272
154 142 17 219
154 203 7 580
154 207 59 319
154 228 9 1310
154 273 53 135
154 285 5 1231
154 309 28 253
154 328 1 497
155 13 49 1212
155 83 19 1152
155 108 47 672
155 111 52 1081
155 125 17 619
155 148 7 669
155 171 31 1258
155 180 35 1279
155 201 41 591
155 230 23 167
155 239 10 669
155 245 55 44
155 280 37 1395
155 283 2 919
155 347 25 1327
156 7 35 471
156 39 55 200
156 93 3 860
156 95 49 1496
156 110 19 531
156 151 13 1115
156 156 25 437
156 171 37 901
156 204 59 707
156 213 22 319
156 217 17 450
156 270 43 620
156 283 31 279
156 284 53 1031
156 291 7 924
157 45 55 976
157 57 52 1267
157 101 25 134
157 102 22 308
157 159 28 1317
157 189 49 695
157 192 13 856
157 305 31 1457
157 321 37 71
157 323 15 794
157 330 7 326
157 355 46 780
157 362 1 717
157 366 19 596
158 45 31 1382
158 67 27 1306
158 78 19 1173
158 84 11 557
158 88 4 251
158 121 41 727
158 123 51 1432
158 238 55 1273
158 239 1 669
158 265 37 1208
158 278 7 833
158 303 23 696
158 366 43 829
158 387 13 882
158 398 47 13
159 2 55 1282
159 5 50 1470
159 30 31 586
159 33 7 1428
159 44 1 1272
159 66 10 662
159 89 40 238
159 197 13 888
159 232 45 1371
159 333 43 399
159 334 25 76
159 374 35 1326
159 376 19 475
160 11 3 695
160 21 1 136
160 24 7 7
160 52 31 1417
160 81 35 1212
160 105 59 53
160 142 53 1252
160 188 55 766
160 194 43 1231
160 219 26 1488
160 309 22 766
160 348 13 365
160 355 49 1262
160 375 17 1023
160 393 11 90
161 5 14 424
161 89 1 316
161 101 46 590
161 104 10 1338
161 106 7 409
161 131 41 594
161 178 53 684
161 197 32 440
161 250 37 1348
161 253 57 119
161 261 25 71
161 285 29 411
161 294 20 712
161 353 49 14
162 14 4 381
162 55 59 26
162 124 13 13
162 133 55 664
162 148 52 842
162 150 28 851
162 169 39 921
162 177 45 173
162 178 35 888
162 182 19 58
162 201 11 497
162 206 1 105
162 263 49 1353
162 343 25 828
162 397 43 21
163 10 35 720
163 13 25 753
163 20 49 376
163 41 22 641
163 86 59 594
163 89 1 82
163 108 17 316
163 110 19 454
163 113 31 71
163 181 4 14
163 190 11 568
163 259 7 1174
163 277 13 647
163 342 43 1062
163 385 55 1258
164 5 14 508
164 28 37 1183
164 74 25 602
164 109 41 1220
164 119 43 1188
164 123 7 818
164 138 49 812
164 147 29 527
164 173 21 776
164 275 47 1360
164 333 59 236
164 350 55 747
164 366 4 1222
164 390 31 699
165 2 22 1282
165 16 47 568
165 31 29 1444
165 78 16 775
165 86 11 171
165 92 34 897
165 114 5 799
165 249 1 1008
165 260 49 1454
165 265 56 1018
165 278 31 1155
165 307 7 619
165 343 19 521
165 353 52 720
165 381 25 1101
166 32 52 893
166 70 31 656
166 75 43 897
166 81 59 1214
166 115 34 532
166 150 22 1475
166 153 10 131
166 220 49 581
166 231 19 1384
166 244 7 962
166 284 47 338
166 315 38 1185
166 349 25 279
166 362 13 733
166 381 1 641
167 6 15 91
167 49 31 252
167 50 44 1184
167 122 23 241
167 194 55 718
167 216 7 331
167 238 49 556
167 257 25 549
167 266 38 992
167 275 35 789
167 323 4 1317
167 340 11 1311
167 375 59 660
167 381 19 1212
168 51 23 374
168 54 39 1308
168 57 7 960
168 76 35 1228
168 86 11 1024
168 144 53 320
168 190 29 743
168 215 19 896
168 266 49 1003
168 285 37 921
168 291 43 904
168 334 31 1119
168 373 55 815
168 376 13 1056
168 388 1 912
169 30 7 1421
169 52 13 1322
169 101 34 76
169 130 3 449
169 148 28 419
169 188 55 851
169 242 46 828
169 262 11 796
169 320 37 1109
169 372 40 337
169 376 19 779
169 389 49 420
170 4 19 181
170 16 43 1237
170 32 58 1220
170 55 5 335
170 109 35 261
170 123 13 1146
170 143 37 1416
170 147 7 455
170 209 31 473
170 210 49 1475
170 247 10 1448
170 272 45 1337
170 305 21 1480
170 345 25 661
170 357 55 363
171 23 19 1091
171 116 53 906
171 136 17 1464
171 152 7 1440
171 169 49 1460
171 173 31 640
171 175 21 853
171 205 11 741
171 241 1 1417
171 316 5 390
171 322 47 157
171 352 40 492
171 369 13 1042
171 376 25 1119
171 392 55 241
172 15 13 707
172 39 55 1027
172 57 52 204
172 58 49 639
172 91 25 604
172 146 10 972
172 206 7 808
172 242 31 436
172 296 37 894
172 306 59 240
172 323 34 1404
172 324 1 1454
172 335 44 611
172 388 19 325
173 3 31 1240
173 34 25 1403
173 77 37 614
173 92 1 1125
173 115 14 890
173 118 4 1070
173 123 55 1432
173 128 43 328
173 136 29 116
173 192 47 574
173 202 41 557
173 275 23 334
173 336 11 1460
173 390 34 699
173 392 7 241
174 77 55 138
174 110 28 178
174 124 22 906
174 130 13 1281
174 166 37 294
174 169 43 933
174 265 31 780
174 296 2 416
174 300 10 798
174 306 35 297
174 319 49 636
174 352 19 18
174 354 25 1420
174 363 52 558
175 11 19 516
175 18 17 1101
175 32 58 1144
175 72 25 1478
175 76 29 1123
175 120 43 1215
175 186 34 1492
175 205 53 151
175 237 51 298
175 301 23 1081
175 342 4 258
175 381 45 1101
175 382 40 551
175 384 10 874
175 388 13 71
176 13 25 436
176 16 35 481
176 68 7 1489
176 80 13 1499
176 82 28 244
176 122 46 858
176 174 11 42
176 188 31 705
176 225 5 1169
176 230 23 1141
176 252 55 1340
176 268 19 1261
176 299 52 1033
176 309 1 488
176 394 17 353
177 6 4 732
177 44 19 1272
177 64 57 211
177 68 49 1109
177 76 41 1123
177 118 16 475
177 142 23 1117
177 180 25 1306
177 213 13 738
177 220 44 1374
177 244 1 324
177 265 7 791
177 279 31 658
177 286 27 1064
177 399 37 1245
178 6 37 1367
178 142 29 1029
178 160 10 240
178 175 14 812
178 179 20 49
178 196 47 927
178 231 7 1155
178 274 1 1179
178 293 55 732
178 309 4 1263
178 333 53 1418
178 337 49 225
178 340 35 1078
178 348 31 163
178 354 25 541
179 6 55 1272
179 29 58 603
179 39 37 982
179 60 1 227
179 138 13 1176
179 166 43 99
179 204 11 783
179 236 52 450
179 269 7 1026
179 285 35 349
179 303 17 1028
179 330 25 167
179 355 49 41
179 389 31 420
179 395 19 898
180 40 7 81
180 64 49 499
180 130 37 612
180 160 4 306
180 198 47 1067
180 206 1 808
180 207 41 53
180 234 19 720
180 242 28 436
180 298 43 1382
180 302 58 1491
180 313 31 37
180 324 13 1245
180 390 25 620
181 46 35 1419
181 61 19 972
181 63 41 1257
181 144 47 214
181 156 52 14
181 162 13 1452
181 230 55 1313
181 233 1 18
181 242 25 206
181 255 58 1480
181 263 23 950
181 317 43 1250
181 347 7 943
181 371 28 54
181 398 17 1233
182 8 19 1383
182 33 43 641
182 38 25 423
182 72 37 158
182 105 29 53
182 176 4 1204
182 178 41 987
182 274 52 617
182 276 47 1085
182 284 35 44
182 291 7 993
182 295 55 203
182 299 31 665
182 319 49 743
182 365 16 1492
183 11 7 617
183 122 56 452
183 145 34 249
183 206 49 808
183 217 43 1192
183 236 31 924
183 295 13 203
183 310 45 663
183 315 26 1411
183 316 22 390
183 324 37 352
183 339 2 479
183 400 52 68
184 9 1 81
184 12 16 1326
184 19 25 562
184 44 55 248
184 113 19 743
184 117 32 1205
184 129 49 1078
184 197 43 888
184 199 7 1409
184 255 4 815
184 322 41 112
184 326 13 48
184 330 37 9
185 69 10 1119
185 97 43 473
185 102 37 395
185 110 7 328
185 143 25 763
185 184 17 940
185 242 31 1089
185 255 19 316
185 322 35 705
185 337 13 1476
185 360 56 1280
185 363 4 558
185 399 49 1245
186 3 1 1274
186 23 9 1395
186 60 31 227
186 84 4 1446
186 94 23 1411
186 129 56 1125
186 139 25 1388
186 166 13 337
186 197 43 433
186 255 28 625
186 285 53 279
186 308 35 1439
186 346 11 540
186 358 37 74
186 362 19 706
187 22 53 1416
187 44 38 162
187 59 45 63
187 61 28 1453
187 135 43 1072
187 192 35 503
187 232 1 198
187 280 55 968
187 319 19 1302
187 325 25 972
187 327 7 342
187 330 31 500
187 354 22 479
187 383 13 1029
187 397 11 324
188 11 25 695
188 36 1 261
188 47 45 1439
188 118 13 475
188 132 5 255
188 133 31 901
188 152 37 770
188 244 49 629
188 261 19 349
188 269 40 1150
188 280 57 806
188 287 55 933
188 319 16 809
188 365 52 1398
188 381 7 471
189 8 37 1355
189 17 43 795
189 68 1 1109
189 81 23 1153
189 85 55 593
189 114 47 819
189 115 49 532
189 160 32 138
189 192 11 1421
189 237 41 298
189 238 8 216
189 258 14 1491
189 364 19 990
189 372 28 910
189 375 53 989
190 17 26 1492
190 66 19 101
190 111 58 794
190 128 7 902
190 158 41 1302
190 190 17 1274
190 191 11 619
190 215 37 101
190 239 55 927
190 284 5 44
190 297 13 410
190 331 1 65
190 338 47 497
190 371 34 353
190 376 43 1037
191 30 7 1425
191 43 15 576
191 44 43 1272
191 185 40 1484
191 210 31 25
191 213 28 779
191 256 51 1044
191 280 55 1277
191 287 13 261
191 296 19 416
191 300 25 498
191 389 1 169
191 397 37 923
192 23 31 1091
192 30 44 531
192 43 13 785
192 65 1 1423
192 84 17 738
192 99 19 1363
192 153 25 240
192 158 23 897
192 168 49 611
192 173 33 1141
192 239 7 927
192 251 58 1437
192 340 41 1078
192 357 10 1062
192 365 28 1376
193 5 39 1392
193 69 31 1481
193 79 43 1134
193 91 14 98
193 98 49 245
193 137 19 858
193 193 23 281
193 263 3 1245
193 295 25 135
193 311 35 785
193 315 55 1072
193 332 53 1195
193 377 59 913
193 384 10 919
194 2 13 1282
194 118 7 942
194 120 11 791
194 131 59 76
194 135 23 198
194 137 49 1437
194 145 37 1105
194 174 5 1355
194 194 1 70
194 196 17 162
194 202 41 365
194 251 31 169
194 252 19 64
194 394 43 921
194 396 27 976
195 44 55 384
195 72 49 856
195 168 1 611
195 191 5 1159
195 210 33 477
195 234 19 255
195 246 59 516
195 251 43 169
195 302 46 70
195 305 7 1280
195 316 11 625
195 349 25 160
195 354 13 306
195 387 38 882
196 6 19 732
196 27 50 1285
196 28 45 1473
196 165 58 1337
196 227 7 488
196 245 31 1024
196 246 5 304
196 256 27 1044
196 301 41 430
196 305 37 496
196 324 1 950
196 328 13 987
196 368 17 1365
196 371 22 574
197 70 58 87
197 95 44 439
197 134 41 1131
197 180 23 668
197 219 25 88
197 248 4 1331
197 260 17 975
197 261 19 705
197 266 37 205
197 275 53 461
197 285 11 1231
197 364 32 120
197 373 7 1195
197 385 13 1064
197 400 49 910
198 3 22 190
198 22 35 1338
198 57 10 1136
198 77 49 1371
198 111 25 1043
198 158 5 785
198 261 13 1305
198 269 28 18
198 303 41 292
198 308 47 420
198 353 31 14
198 354 7 898
198 369 55 430
198 386 37 664
198 393 59 70
199 48 52 718
199 60 55 1155
199 130 43 89
199 132 17 253
199 165 34 1384
199 186 3 1192
199 261 26 1337
199 339 19 7
199 344 13 864
199 361 7 1344
199 381 37 1212
199 398 23 220
200 20 13 67
200 67 37 727
200 131 5 611
200 150 16 281
200 152 19 1146
200 215 7 1252
200 229 55 521
200 234 43 1204
200 296 1 1173
200 305 33 644
200 361 25 1020
200 387 49 1380
201 5 49 531
201 48 1 783
201 59 8 717
201 64 13 1464
201 138 25 696
201 145 28 951
201 160 34 1183
201 211 59 1494
201 259 43 1174
201 307 55 826
201 332 4 1465
201 369 37 789
201 386 21 1307
201 391 17 1407
202 49 44 493
202 148 55 962
202 165 4 727
202 177 27 1436
202 214 11 326
202 225 23 602
202 244 19 452
202 251 52 1494
202 314 25 338
202 322 49 1453
202 336 17 599
202 362 13 1470
202 377 59 807
202 386 32 268
202 394 8 353
203 14 59 203
203 20 46 573
203 109 25 826
203 147 17 423
203 181 13 312
203 214 11 279
203 236 37 1307
203 243 31 82
203 259 1 1234
203 288 40 399
203 309 8 766
203 338 29 497
203 341 22 825
203 383 55 528
203 388 49 1492
204 13 49 625
204 19 1 1482
204 25 13 640
204 134 17 968
204 140 31 64
204 154 55 1414
204 157 37 540
204 293 10 438
204 321 43 1343
204 326 52 1189
204 344 19 993
204 355 22 1376
204 358 25 839
204 371 58 1295
205 2 34 211
205 4 59 311
205 61 49 972
205 106 25 981
205 110 4 200
205 129 38 903
205 139 31 541
205 157 56 1476
205 171 45 1176
205 193 29 610
205 198 43 1332
205 259 20 907
205 266 13 992
205 275 11 789
205 287 53 706
206 43 1 698
206 65 19 495
206 80 43 1481
206 117 50 369
206 158 17 897
206 181 34 1143
206 231 56 1088
206 248 31 1453
206 274 37 935
206 347 13 1418
206 364 7 668
206 386 40 1307
206 395 25 666
207 23 13 1395
207 32 52 363
207 43 1 594
207 141 25 227
207 159 22 99
207 216 43 375
207 276 35 580
207 291 38 455
207 297 7 1214
207 298 55 463
207 300 19 798
207 323 49 21
207 325 28 1062
207 333 5 498
207 357 16 1179
208 6 1 91
208 7 41 1281
208 17 56 601
208 33 37 1409
208 37 13 1256
208 79 25 1134
208 117 7 1081
208 150 28 1428
208 186 34 1272
208 191 47 619
208 212 31 119
208 243 19 304
208 246 11 992
208 343 23 828
208 347 51 943
209 56 17 798
209 69 55 1119
209 84 29 1437
209 92 13 788
209 100 7 608
209 148 49 842
209 149 19 357
209 159 1 453
209 179 31 904
209 215 43 1446
209 229 25 236
209 301 41 352
209 321 37 171
209 332 11 578
209 393 23 966
210 76 5 668
210 111 22 594
210 124 16 906
210 128 34 525
210 135 55 119
210 141 28 1224
210 176 10 1294
210 207 31 598
210 208 7 584
210 216 43 36
210 260 41 1091
210 340 53 1118
210 348 57 1124
210 357 1 1471
210 389 37 1326
211 7 11 147
211 28 43 1183
211 40 26 81
211 46 31 723
211 54 51 1308
211 58 34 1277
211 65 13 555
211 117 7 369
211 126 58 71
211 148 19 669
211 176 4 492
211 184 53 1290
211 211 23 1494
211 225 55 602
211 367 1 1242
212 72 37 684
212 113 25 395
212 120 59 1014
212 154 20 1449
212 171 55 294
212 182 47 1404
212 185 4 1484
212 215 14 1421
212 229 32 1308
212 284 41 338
212 300 1 1120
212 330 7 400
212 358 49 1481
212 388 43 232
213 35 44 118
213 41 52 370
213 68 55 1412
213 141 49 590
213 174 5 42
213 185 13 706
213 266 19 992
213 293 7 786
213 327 25 428
213 333 41 236
213 352 1 815
213 361 31 283
213 392 37 1088
213 398 17 1473
214 3 16 1087
214 42 35 1093
214 56 59 1497
214 121 47 1066
214 136 11 589
214 149 7 743
214 167 5 709
214 177 31 1087
214 198 1 45
214 207 37 414
214 251 13 838
214 262 53 976
214 361 39 613
214 385 19 1437
214 399 25 1077
215 10 23 1009
215 22 29 1125
215 24 37 836
215 79 7 1134
215 143 31 1416
215 194 1 1231
215 231 46 1353
215 252 50 1379
215 276 10 1304
215 296 13 1480
215 329 58 1446
215 339 19 676
215 366 55 80
215 368 35 1364
215 396 25 1227
216 9 34 400
216 29 58 685
216 37 19 1089
216 116 11 87
216 119 49 694
216 162 43 1452
216 184 41 1290
216 188 26 706
216 218 15 261
216 227 1 22
216 242 55 1131
216 263 47 1281
216 285 17 485
216 295 7 1033
216 337 37 1476
217 64 14 815
217 107 5 173
217 122 53 1261
217 136 47 589
217 180 11 1200
217 184 23 940
217 189 31 1215
217 218 41 696
217 228 7 1450
217 283 37 266
217 314 19 338
217 317 1 769
217 324 43 542
217 327 55 1075
217 380 25 158
218 59 45 492
218 62 17 766
218 76 35 1123
218 78 1 230
218 84 11 459
218 114 59 1134
218 143 25 352
218 178 23 1088
218 183 31 513
218 219 49 482
218 239 40 369
218 317 19 851
218 371 37 574
218 372 4 1419
218 387 13 1110
219 26 10 136
219 38 25 220
219 59 14 95
219 88 22 251
219 119 37 958
219 160 19 771
219 195 29 659
219 206 43 808
219 323 1 794
219 330 55 351
219 334 31 1117
219 338 5 395
219 373 49 414
220 6 57 91
220 17 31 1123
220 23 11 907
220 68 1 188
220 71 13 990
220 114 53 950
220 193 5 1173
220 226 43 1280
220 305 19 1280
220 322 35 37
220 336 23 518
220 344 16 1215
220 349 38 965
220 353 49 865
220 383 25 1228
221 18 41 410
221 20 19 1489
221 65 13 1423
221 72 49 1252
221 86 23 1024
221 100 43 134
221 158 53 1423
221 159 10 325
221 184 29 290
221 200 37 584
221 233 3 45
221 302 25 166
221 321 32 171
221 363 58 558
222 65 44 1423
222 188 57 1164
222 215 25 1252
222 244 37 1194
222 272 49 698
222 294 8 712
222 308 35 896
222 309 1 525
222 317 20 73
222 333 29 134
222 338 13 395
222 358 15 1185
222 371 4 574
222 377 53 776
222 389 31 206
223 6 19 91
223 17 9 1397
223 29 31 1144
223 69 13 1412
223 74 55 614
223 104 46 1366
223 110 22 454
223 119 25 712
223 141 38 871
223 190 59 67
223 199 49 672
223 306 17 1018
223 318 53 1037
223 346 35 513
223 362 1 733
224 25 32 968
224 29 1 445
224 44 44 1339
224 47 19 787
224 81 23 648
224 88 16 251
224 123 37 1432
224 127 4 758
224 142 11 555
224 149 25 447
224 187 7 544
224 215 49 1412
224 270 13 259
224 284 41 44
224 358 56 1185
225 17 55 1397
225 65 25 1423
225 79 10 1134
225 80 37 656
225 82 31 452
225 105 17 890
225 106 14 26
225 111 22 1472
225 177 45 771
225 185 7 1484
225 188 1 384
225 269 19 540
225 270 50 941
225 353 34 680
226 3 55 99
226 27 25 391
226 44 8 363
226 70 16 782
226 71 44 90
226 110 13 1043
226 187 37 940
226 196 59 384
226 222 52 661
226 230 41 500
226 245 31 44
226 270 28 924
226 275 35 674
226 278 22 1313
226 313 2 811
227 10 41 349
227 19 55 562
227 57 37 663
227 98 50 816
227 112 13 372
227 140 25 573
227 146 2 86
227 274 19 468
227 321 7 277
227 329 31 1194
227 365 22 535
227 386 34 551
227 399 43 1428
228 11 14 60
228 23 51 907
228 24 55 7
228 35 43 788
228 135 5 1199
228 173 1 836
228 209 19 755
228 219 31 557
228 246 23 516
228 251 27 1192
228 274 8 875
228 276 47 1029
228 320 40 66
228 394 37 163
229 38 49 1105
229 50 40 638
229 93 53 178
229 97 1 823
229 133 45 1224
229 176 16 1294
229 227 19 664
229 239 13 927
229 244 37 629
229 268 31 599
229 280 57 314
229 318 5 601
229 322 55 1184
229 343 9 828
229 360 25 1201
230 26 9 862
230 28 43 517
230 38 13 163
230 92 37 36
230 96 56 606
230 109 41 1038
230 122 22 452
230 123 25 1368
230 130 31 1281
230 193 29 448
230 225 1 738
230 235 4 148
230 273 7 848
230 308 53 1439
230 387 49 1110
231 54 11 1308
231 61 31 1452
231 78 58 216
231 82 55 709
231 92 34 608
231 95 13 249
231 125 53 1325
231 160 22 240
231 176 7 1414
231 192 17 460
231 222 49 661
231 279 25 1303
231 303 47 1367
231 327 1 891
231 386 43 98
232 40 50 927
232 54 11 294
232 67 57 460
232 119 37 721
232 130 1 89
232 136 55 116
232 144 29 1284
232 152 31 905
232 158 41 789
232 219 43 793
232 295 7 1321
232 312 13 173
232 320 19 437
232 363 34 913
232 367 16 446
233 8 19 1430
233 9 1 438
233 40 31 966
233 55 47 335
233 67 55 306
233 92 25 155
233 103 37 305
233 118 13 1429
233 121 9 735
233 222 50 1392
233 237 39 298
233 238 16 41
233 281 23 348
233 356 43 858
233 374 5 118
234 13 19 629
234 24 13 1121
234 49 1 100
234 50 52 555
234 55 41 167
234 66 37 924
234 112 7 372
234 144 27 1284
234 173 55 1077
234 188 45 815
234 207 11 1312
234 238 49 535
234 310 31 366
234 332 43 1470
234 357 22 557
235 6 26 859
235 47 37 1180
235 72 49 1042
235 83 7 1124
235 92 22 1037
235 103 3 977
235 126 13 38
235 163 1 1020
235 214 35 1203
235 265 43 1075
235 278 16 1151
235 279 31 92
235 338 53 497
235 392 55 1141
235 400 19 796
236 23 16 1091
236 30 57 1421
236 32 49 1208
236 72 43 1233
236 119 37 497
236 123 7 807
236 126 4 1166
236 189 52 1215
236 309 1 460
236 313 19 21
236 339 25 973
236 346 55 1308
236 347 31 1327
237 17 49 366
237 67 43 41
237 108 41 316
237 110 13 523
237 117 26 542
237 133 19 266
237 214 17 279
237 234 55 1304
237 267 23 352
237 280 7 359
237 281 11 550
237 340 47 1078
237 347 37 120
237 355 34 603
237 373 1 1321
238 50 19 625
238 69 4 372
238 102 1 1317
238 113 51 186
238 163 59 747
238 176 7 1208
238 243 43 1200
238 244 26 465
238 258 47 888
238 297 37 410
238 331 31 636
238 334 55 1203
238 336 23 245
238 337 13 225
238 366 10 315
239 42 59 1093
239 49 31 1023
239 64 19 499
239 81 43 988
239 87 52 1199
239 97 13 642
239 162 55 1407
239 229 1 521
239 235 45 304
239 270 7 205
239 277 37 1330
239 332 35 733
239 367 49 521
239 393 11 549
239 397 17 1026
240 8 38 1383
240 15 19 1033
240 16 23 662
240 24 31 1366
240 47 27 787
240 96 43 339
240 121 17 414
240 133 7 829
240 149 49 55
240 174 53 611
240 183 13 1005
240 268 1 1261
240 281 25 1195
240 360 55 717
241 6 10 732
241 29 52 1443
241 50 13 1184
241 60 25 1375
241 132 29 255
241 142 41 555
241 161 5 369
241 181 19 312
241 214 23 88
241 236 16 1399
241 309 37 1465
241 329 49 477
241 350 31 199
241 369 1 53
241 392 56 615
242 40 19 1071
242 56 35 721
242 73 52 517
242 165 28 1277
242 209 31 438
242 210 39 1475
242 236 49 766
242 265 1 370
242 267 37 848
242 272 8 1020
242 346 5 994
242 350 13 1425
242 359 46 633
242 395 55 699
243 19 13 147
243 57 22 1159
243 122 5 452
243 159 19 343
243 169 25 108
243 204 41 973
243 229 55 236
243 315 43 26
243 345 31 276
243 365 2 1119
243 372 52 541
243 376 8 784
243 390 49 699
243 392 37 241
244 35 49 1382
244 50 25 638
244 90 7 1227
244 91 43 535
244 191 47 220
244 223 58 783
244 229 1 927
244 240 5 991
244 291 37 601
244 297 20 1199
244 312 16 173
244 371 31 353
245 17 49 601
245 40 55 776
245 55 29 335
245 64 31 819
245 85 1 1130
245 114 23 90
245 158 35 903
245 176 20 1414
245 220 40 1224
245 229 13 186
245 235 10 148
245 284 5 230
245 347 25 1418
245 361 44 1230
246 15 37 84
246 19 26 19
246 119 7 991
246 166 2 337
246 175 13 199
246 195 59 808
246 215 19 1446
246 245 49 1024
246 248 46 44
246 289 31 1115
246 309 43 608
246 399 55 518
247 24 19 371
247 32 10 1183
247 39 31 989
247 57 52 1136
247 64 43 819
247 88 16 1230
247 125 35 1325
247 200 49 340
247 236 1 155
247 237 41 67
247 270 13 459
247 281 5 550
247 321 55 568
247 381 26 268
247 395 37 1338
248 3 9 1240
248 36 43 261
248 51 35 441
248 55 41 447
248 59 25 461
248 81 5 988
248 92 37 897
248 203 29 424
248 234 31 1304
248 240 23 991
248 248 19 1331
248 279 49 7
248 317 56 436
248 328 15 1283
248 332 13 409
249 6 31 551
249 44 13 513
249 52 57 862
249 63 49 585
249 74 34 1437
249 75 17 492
249 120 29 30
249 153 40 45
249 161 11 369
249 191 53 612
249 282 7 1477
249 299 46 345
249 334 1 1448
249 337 25 598
249 357 19 1471
250 14 25 203
250 75 29 1344
250 81 11 1212
250 91 7 535
250 116 41 1023
250 207 53 1312
250 235 58 1274
250 317 19 784
250 321 49 5
250 331 13 253
250 355 43 780
250 368 17 416
250 384 4 874
250 391 23 1407
250 395 37 666
251 5 19 485
251 116 53 214
251 122 35 260
251 126 57 38
251 131 29 76
251 137 14 668
251 166 2 625
251 227 7 1472
251 228 31 1465
251 277 43 1330
251 285 55 66
251 287 23 593
251 328 49 494
251 331 25 65
251 379 47 965
252 10 29 738
252 36 8 453
252 40 32 776
252 46 47 91
252 58 43 1123
252 89 40 1101
252 92 25 990
252 97 19 1425
252 137 50 419
252 143 13 1443
252 192 55 661
252 213 4 518
252 242 58 1059
252 379 23 965
253 76 53 668
253 122 59 260
253 138 40 1399
253 172 17 1115
253 176 49 1204
253 226 25 893
253 264 19 819
253 268 7 1427
253 299 13 1257
253 300 55 371
253 340 11 556
253 363 43 558
253 372 46 838
253 374 23 465
253 380 31 1371
254 22 4 1228
254 37 14 614
254 38 25 526
254 46 29 457
254 87 58 760
254 165 49 1337
254 197 7 433
254 205 23 326
254 209 31 796
254 232 38 665
254 243 43 530
254 309 52 1465
254 330 19 9
255 12 1 1326
255 68 19 627
255 122 56 1070
255 172 11 73
255 215 26 896
255 237 43 298
255 271 34 468
255 290 49 770
255 306 5 1018
255 326 52 888
255 335 45 913
255 353 7 1233
255 370 41 230
255 383 37 528
255 392 13 1371
256 21 47 556
256 35 37 411
256 79 50 923
256 83 19 903
256 94 41 1188
256 139 4 49
256 202 11 1321
256 204 13 1260
256 244 1 254
256 271 25 1428
256 316 53 1203
256 333 59 1240
256 381 31 31
256 386 55 874
256 397 17 898
257 3 49 1087
257 4 4 181
257 17 55 238
257 40 14 420
257 86 29 918
257 105 53 53
257 173 7 469
257 209 45 755
257 217 40 1192
257 218 59 241
257 227 32 429
257 244 37 324
257 259 25 1174
257 302 19 166
257 309 1 1263
258 9 13 400
258 36 37 1497
258 44 20 248
258 51 27 374
258 59 49 461
258 81 29 1212
258 125 41 1205
258 159 16 325
258 173 43 1077
258 180 5 1273
258 220 31 695
258 251 34 169
258 269 55 1359
258 280 7 911
258 369 1 910
259 16 11 1237
259 41 13 741
259 56 19 735
259 70 57 782
259 89 16 463
259 114 40 312
259 135 5 205
259 252 31 1135
259 274 22 1115
259 275 50 673
259 286 43 208
259 318 47 330
259 342 25 219
259 374 53 620
259 397 29 898
260 9 37 892
260 34 31 1480
260 62 35 766
260 91 7 4
260 95 55 465
260 111 4 1081
260 126 16 368
260 128 43 259
260 261 19 822
260 316 46 532
260 320 26 1109
260 329 40 1044
260 343 51 1312
260 394 13 576
261 7 41 304
261 47 7 454
261 55 59 1489
261 73 13 1159
261 146 52 987
261 150 49 281
261 237 17 49
261 276 23 871
261 278 37 648
261 287 29 933
261 295 25 283
261 298 19 1024
261 307 31 619
261 309 43 488
261 364 55 1200
262 4 5 1339
262 17 13 550
262 26 34 1475
262 55 59 1223
262 56 17 1497
262 58 37 185
262 99 50 724
262 147 53 527
262 155 43 1478
262 167 9 709
262 182 11 503
262 231 31 296
262 307 26 780
262 350 19 178
262 360 1 1300
263 10 47 1009
263 70 13 5
263 71 52 90
263 78 25 574
263 105 23 147
263 140 1 1366
263 156 8 865
263 172 41 982
263 235 55 1274
263 260 11 1166
263 279 43 7
263 339 32 1360
263 359 58 633
263 366 37 181
263 370 5 249
264 30 55 255
264 62 47 636
264 82 43 1409
264 92 20 788
264 155 31 1326
264 188 15 1072
264 231 10 1173
264 266 49 297
264 279 37 1321
264 334 25 669
264 362 1 1347
264 368 59 493
264 393 5 70
264 398 23 1473
265 32 37 1337
265 56 17 232
265 61 25 186
265 76 55 1164
265 78 49 230
265 106 52 409
265 107 4 234
265 133 31 112
265 194 7 151
265 207 59 815
265 261 19 568
265 267 23 1047
265 329 28 1446
265 344 13 1230
265 361 43 1066
266 12 19 1097
266 17 7 601
266 64 49 976
266 95 1 439
266 160 58 1419
266 219 13 88
266 239 43 353
266 286 38 856
266 325 22 972
266 343 5 521
266 348 26 163
266 371 55 995
266 399 31 676
267 10 11 211
267 16 41 764
267 122 17 1174
267 132 1 890
267 141 44 445
267 143 55 763
267 152 13 474
267 226 37 1232
267 243 25 995
267 260 53 311
267 269 34 18
267 344 4 993
267 348 19 1452
267 397 59 357
267 398 23 1233
268 61 55 166
268 79 31 1134
268 83 25 390
268 84 9 522
268 104 43 652
268 123 1 771
268 158 47 789
268 197 49 80
268 204 35 791
268 250 58 1047
268 256 16 1044
268 277 37 647
268 289 19 738
268 316 11 1203
268 333 23 1306
269 36 37 261
269 74 10 1250
269 84 35 557
269 107 41 503
269 126 46 225
269 175 1 199
269 176 19 1294
269 226 26 1280
269 234 49 493
269 288 13 1364
269 325 16 73
269 327 31 891
269 355 7 1164
269 359 43 438
269 361 55 896
270 20 52 1489
270 37 19 1256
270 42 11 1040
270 115 28 1340
270 120 47 599
270 139 25 1402
270 151 38 909
270 169 14 836
270 177 31 1436
270 188 7 1265
270 196 59 162
270 209 3 1021
270 277 43 1345
270 356 55 858
270 394 1 163
271 22 35 597
271 24 50 371
271 92 4 1125
271 133 31 1425
271 159 16 99
271 193 37 672
271 204 23 783
271 205 29 1464
271 214 11 864
271 221 43 919
271 236 25 764
271 311 47 747
271 313 19 252
271 330 7 500
271 336 40 1390
272 29 55 685
272 59 33 461
272 69 37 1412
272 81 59 1212
272 82 19 497
272 95 49 65
272 96 25 606
272 112 44 327
272 196 29 276
272 220 13 1374
272 253 1 73
272 292 23 65
272 303 17 1367
272 366 9 580
273 3 1 894
273 110 55 1253
273 141 10 227
273 142 19 482
273 147 7 423
273 155 43 1417
273 158 41 11
273 168 37 48
273 242 16 206
273 256 22 1044
273 260 53 1253
273 290 27 1146
273 302 4 893
273 342 13 277
273 382 31 116
274 26 28 205
274 39 19 1343
274 54 46 1308
274 76 53 400
274 116 5 119
274 121 3 290
274 128 7 1235
274 158 49 319
274 241 55 864
274 268 13 599
274 301 17 1224
274 349 32 837
274 367 10 1242
274 383 37 503
274 384 25 1331
275 16 43 251
275 69 20 1412
275 105 47 723
275 111 50 798
275 168 9 48
275 173 13 776
275 183 37 1005
275 203 7 459
275 295 55 1321
275 354 31 306
275 361 1 639
275 375 41 989
275 392 25 629
275 397 29 923
276 26 10 205
276 58 55 1123
276 63 5 104
276 109 29 187
276 134 47 19
276 145 1 1314
276 186 26 255
276 206 52 26
276 215 19 1252
276 258 17 888
276 284 39 1031
276 328 43 987
276 339 13 611
276 342 49 219
276 362 31 807
277 40 25 57
277 61 52 1283
277 94 59 1188
277 105 47 53
277 128 31 525
277 147 29 455
277 158 4 897
277 173 55 105
277 182 41 1254
277 217 11 1398
277 218 35 241
277 297 7 579
277 299 13 461
277 315 19 731
277 387 43 24
278 4 53 516
278 16 17 612
278 27 19 496
278 35 7 281
278 124 40 248
278 161 37 644
278 291 1 1118
278 295 13 1104
278 304 55 1482
278 320 33 1109
278 336 23 718
278 364 43 842
278 368 59 1365
278 377 11 617
278 390 28 699
279 7 5 376
279 20 1 822
279 22 41 1338
279 54 53 294
279 110 31 200
279 120 11 787
279 143 13 1416
279 193 17 1192
279 212 37 551
279 238 7 1281
279 239 58 652
279 255 46 605
279 313 19 1490
279 331 49 750
279 351 25 157
280 62 47 791
280 113 19 606
280 118 25 1070
280 127 16 1152
280 128 13 517
280 214 59 562
280 259 37 907
280 289 49 981
280 299 34 628
280 330 55 9
280 358 7 796
280 359 28 1293
280 362 2 508
280 373 43 1367
280 391 53 859
281 18 5 1409
281 31 59 1283
281 104 19 1338
281 132 53 255
281 141 31 871
281 179 49 1293
281 210 25 1312
281 211 17 1032
281 214 35 63
281 221 43 628
281 295 7 203
281 297 13 1105
281 339 37 479
281 360 1 1201
281 400 22 796
282 26 56 474
282 66 19 994
282 229 31 186
282 267 41 171
282 274 46 1064
282 278 14 648
282 294 1 219
282 312 7 1017
282 326 43 680
282 337 37 494
282 353 10 107
282 369 49 53
282 377 25 913
282 392 27 788
282 397 17 1272
283 20 25 67
283 38 37 526
283 147 46 325
283 176 28 1294
283 226 19 893
283 243 31 304
283 291 50 1244
283 317 55 758
283 327 7 428
283 384 43 210
283 386 16 461
283 387 1 1110
284 15 21 758
284 21 19 136
284 84 53 1316
284 114 31 312
284 142 41 1252
284 198 33 1307
284 219 1 1382
284 228 43 238
284 229 14 244
284 236 49 924
284 250 55 1047
284 338 5 497
284 342 25 825
284 355 10 1343
284 373 37 792
285 72 56 1114
285 78 22 1173
285 116 53 119
285 132 35 1069
285 153 49 240
285 163 41 1430
285 222 7 1436
285 225 1 1067
285 228 37 839
285 253 13 728
285 254 43 764
285 305 25 1457
285 306 5 297
285 312 10 1017
285 354 32 340
286 90 14 1445
286 100 31 1284
286 121 35 414
286 127 55 1036
286 139 46 610
286 149 25 922
286 158 59 593
286 160 40 1166
286 166 20 337
286 171 49 760
286 218 11 698
286 262 17 662
286 280 1 1033
286 288 37 931
286 309 43 460
287 9 32 892
287 17 1 1189
287 24 7 1185
287 37 55 90
287 57 16 563
287 78 20 1230
287 83 37 1124
287 125 53 1205
287 137 26 718
287 165 13 1384
287 192 59 856
287 300 44 86
287 351 49 198
288 47 7 1439
288 84 17 522
288 116 11 24
288 121 47 248
288 153 25 45
288 154 34 988
288 193 23 779
288 195 29 730
288 215 1 101
288 243 50 304
288 256 58 1044
288 273 5 326
288 315 37 1173
288 323 55 794
288 345 19 661
289 38 37 1404
289 74 19 614
289 87 55 324
289 131 35 919
289 152 28 498
289 178 5 706
289 209 49 473
289 240 11 987
289 295 13 283
289 305 43 642
289 307 7 872
289 347 1 943
289 353 58 865
289 377 23 1232
289 400 32 104
290 21 17 136
290 32 37 1390
290 60 1 923
290 100 56 336
290 163 23 260
290 169 50 1323
290 183 25 517
290 216 8 1097
290 242 46 276
290 270 34 951
290 315 19 1032
290 334 13 1022
290 398 5 220
291 10 35 1009
291 33 37 1427
291 38 55 423
291 68 1 964
291 112 25 879
291 158 11 897
291 172 29 36
291 178 53 828
291 209 31 755
291 262 47 1159
291 268 7 599
291 284 17 1031
291 292 59 454
291 297 20 1214
291 336 5 1390
292 1 49 735
292 89 16 238
292 92 25 608
292 95 38 749
292 145 10 664
292 197 19 433
292 202 53 753
292 205 13 1283
292 218 29 86
292 247 23 1448
292 251 4 838
292 271 45 615
292 362 32 403
292 371 1 54
292 398 43 1473
293 27 55 496
293 89 43 463
293 92 58 663
293 101 19 4
293 163 11 1374
293 165 46 1384
293 169 13 108
293 214 29 326
293 246 49 101
293 292 17 1277
293 295 38 1033
293 305 51 496
293 314 8 338
293 320 31 1256
293 337 2 494
294 57 37 206
294 97 19 1180
294 107 11 859
294 145 7 664
294 181 44 200
294 187 1 753
294 207 5 528
294 235 55 517
294 241 49 13
294 244 40 1398
294 269 26 540
294 288 58 982
294 339 13 1360
294 370 53 438
294 379 23 345
295 2 19 1238
295 19 31 147
295 82 25 452
295 85 8 298
295 103 28 305
295 109 5 1033
295 159 13 99
295 169 37 1323
295 180 23 1032
295 225 53 572
295 242 46 894
295 309 49 488
295 310 55 366
295 365 43 408
295 386 16 268
296 26 14 136
296 37 37 1256
296 44 32 391
296 92 22 748
296 124 25 1114
296 137 7 838
296 143 44 324
296 146 55 736
296 272 1 931
296 303 29 65
296 332 59 1230
296 345 49 86
296 356 19 335
297 7 47 891
297 100 8 1255
297 121 51 290
297 122 40 858
297 169 43 1460
297 175 25 317
297 186 55 1492
297 234 31 290
297 284 29 1031
297 301 59 430
297 316 53 793
297 374 35 611
297 385 1 259
297 386 16 874
297 400 22 1184
298 22 23 1256
298 60 55 112
298 62 17 118
298 73 1 660
298 93 5 782
298 116 47 660
298 142 59 1029
298 217 11 652
298 234 7 720
298 248 25 441
298 326 13 1066
298 328 43 272
298 361 49 441
298 370 29 829
298 399 38 518
299 67 49 1118
299 80 1 787
299 113 57 118
299 118 37 448
299 133 13 314
299 149 31 759
299 160 22 1166
299 267 11 345
299 278 25 1008
299 292 41 1172
299 294 44 712
299 336 53 245
299 361 7 283
299 400 28 308
300 2 16 1282
300 19 37 147
300 30 1 1047
300 43 25 785
300 67 49 1281
300 73 55 1051
300 106 58 409
300 112 19 363
300 207 29 676
300 250 8 1348
300 296 32 416
300 301 13 1173
300 305 43 1295
300 340 5 1311
300 394 11 812
301 12 25 983
301 61 22 513
301 69 31 911
301 157 28 1209
301 183 7 494
301 195 46 620
301 214 5 1097
301 271 43 468
301 290 16 50
301 291 37 1331
301 307 49 619
301 325 19 1300
301 378 55 48
301 381 1 31
301 400 13 308
302 13 49 57
302 42 29 1231
302 101 13 375
302 115 25 1340
302 130 7 89
302 137 43 404
302 150 58 337
302 151 37 18
302 251 52 1192
302 291 31 993
302 318 47 489
302 346 41 513
302 361 21 1266
302 363 16 319
302 388 1 1283
303 107 23 232
303 122 29 1261
303 159 40 453
303 171 13 942
303 196 11 188
303 226 43 636
303 227 25 22
303 267 17 1062
303 276 53 1085
303 292 35 390
303 320 49 66
303 321 1 942
303 327 19 428
303 339 55 728
303 361 7 441
304 9 13 455
304 17 43 1397
304 25 49 527
304 129 25 1125
304 155 1 991
304 158 29 1481
304 165 22 1337
304 181 37 1043
304 270 16 532
304 276 53 871
304 284 34 1031
304 293 55 1388
304 295 8 1104
304 316 59 258
305 49 14 478
305 71 46 82
305 83 19 1088
305 99 26 48
305 140 49 292
305 151 31 449
305 163 59 1374
305 169 55 234
305 177 1 680
305 230 53 500
305 322 5 37
305 330 37 1445
305 385 7 463
306 1 31 588
306 24 7 445
306 37 43 614
306 128 13 340
306 133 25 1425
306 142 29 1252
306 218 41 660
306 230 59 167
306 241 55 674
306 254 16 540
306 271 19 615
306 274 22 1409
306 333 35 259
306 362 1 706
306 400 37 104
307 9 46 400
307 14 1 381
307 36 25 1267
307 77 49 663
307 81 35 1214
307 170 16 425
307 173 31 1077
307 182 29 1254
307 212 4 1233
307 269 13 498
307 273 53 794
307 295 7 201
307 296 19 1283
307 355 40 1376
307 388 55 481
308 39 19 1059
308 50 52 408
308 51 29 374
308 125 13 183
308 162 43 619
308 166 37 668
308 184 35 227
308 194 55 151
308 216 7 864
308 239 25 369
308 281 41 1195
308 288 49 1364
308 303 47 1033
308 308 59 893
308 389 31 151
309 13 34 1173
309 38 43 423
309 40 7 1393
309 139 13 837
309 166 37 441
309 214 17 63
309 220 4 30
309 251 19 1143
309 253 49 119
309 282 23 1477
309 308 47 842
309 345 56 987
309 377 41 1232
309 392 25 861
310 4 5 516
310 61 1 972
310 72 57 933
310 108 29 672
310 127 13 1147
310 153 43 581
310 190 53 638
310 211 41 1449
310 232 7 679
310 279 32 281
310 320 25 66
310 353 16 1253
310 366 37 822
310 383 49 528
310 387 19 1110
311 10 29 720
311 28 31 326
311 57 7 1159
311 87 40 760
311 112 49 327
311 127 19 1492
311 147 22 423
311 155 25 703
311 182 59 1404
311 268 3 760
311 329 10 477
311 335 13 1277
311 348 45 1312
311 389 55 240
312 15 31 1033
312 35 14 1021
312 37 21 466
312 43 1 576
312 48 55 965
312 91 25 4
312 127 46 836
312 141 58 330
312 169 37 1051
312 180 5 1417
312 182 11 894
312 190 19 638
312 236 51 1017
312 351 7 1402
312 368 29 493
313 34 49 1480
313 60 25 363
313 82 19 709
313 95 43 593
313 111 40 798
313 116 11 562
313 158 14 11
313 165 37 525
313 201 53 308
313 209 55 755
313 268 31 341
313 311 23 1284
313 319 16 502
313 350 1 408
313 398 29 666
314 33 16 1038
314 137 37 55
314 147 29 423
314 152 58 1492
314 181 31 732
314 199 25 1409
314 200 4 1164
314 294 7 188
314 298 43 1024
314 311 49 1284
314 315 51 1230
314 321 19 171
314 329 13 477
314 341 34 1014
315 35 37 973
315 65 31 712
315 93 29 1176
315 98 25 353
315 139 19 262
315 196 49 1072
315 260 11 1292
315 262 41 398
315 340 23 882
315 346 5 825
315 350 55 684
315 353 43 1253
315 360 14 717
315 378 1 524
315 396 52 63
316 21 23 402
316 91 43 604
316 131 17 541
316 139 7 187
316 153 52 597
316 185 49 1484
316 201 5 769
316 228 37 578
316 259 25 907
316 330 13 167
316 345 1 772
316 360 19 1005
316 361 56 1020
316 373 31 1439
316 394 47 812
317 22 35 1125
317 29 16 445
317 34 1 485
317 44 55 258
317 56 5 759
317 64 31 1257
317 79 13 910
317 85 19 809
317 103 59 1449
317 130 7 343
317 193 47 1173
317 197 37 433
317 218 23 610
317 267 43 171
317 358 50 839
318 25 25 527
318 45 37 620
318 47 43 138
318 98 57 245
318 99 16 771
318 101 51 1454
318 116 35 906
318 212 4 665
318 219 7 443
318 222 1 1376
318 225 11 1169
318 231 13 1363
318 311 49 1233
318 357 31 1062
318 365 22 408
319 13 13 753
319 81 49 1214
319 98 55 816
319 115 10 1340
319 116 29 87
319 156 7 1411
319 191 17 220
319 211 23 31
319 227 51 1472
319 278 44 833
319 310 31 194
319 317 37 758
319 326 4 1024
319 329 19 477
319 378 25 772
320 64 7 1390
320 84 11 522
320 104 52 1338
320 109 35 496
320 138 28 696
320 174 59 676
320 185 46 366
320 192 5 1143
320 204 17 783
320 250 25 1348
320 279 20 455
320 350 31 959
320 353 13 960
320 367 37 961
320 399 1 293
321 2 46 1282
321 26 13 1475
321 56 5 100
321 66 22 924
321 76 41 1228
321 90 19 515
321 110 16 328
321 154 37 988
321 177 25 331
321 220 52 1174
321 252 7 64
321 321 31 334
321 328 55 14
321 330 1 134
321 400 49 104
322 11 49 1001
322 58 40 419
322 95 15 439
322 114 53 1134
322 154 25 1235
322 173 19 1141
322 204 47 973
322 226 32 1280
322 270 55 665
322 281 13 1195
322 298 7 42
322 308 58 1439
322 315 1 1313
322 340 23 1118
322 375 38 450
323 30 32 1047
323 105 53 147
323 120 58 787
323 124 43 166
323 131 11 460
323 138 7 1055
323 160 55 349
323 185 19 251
323 228 25 294
323 235 22 1043
323 237 5 433
323 238 46 951
323 265 1 1075
323 271 40 838
323 304 49 1472
324 31 5 1283
324 48 31 1040
324 73 34 1051
324 98 43 664
324 148 19 479
324 160 52 37
324 264 25 1188
324 265 37 338
324 291 1 904
324 292 15 390
324 302 49 864
324 344 8 1209
324 357 55 823
324 377 59 776
324 391 17 904
325 58 7 1347
325 73 34 157
325 89 37 463
325 92 28 608
325 140 19 370
325 152 2 498
325 169 55 1449
325 240 59 372
325 241 43 585
325 281 11 348
325 287 41 331
325 338 5 588
325 369 49 430
325 378 13 353
326 42 59 339
326 70 40 1119
326 82 25 244
326 88 49 68
326 93 11 640
326 136 53 342
326 139 56 268
326 188 45 1072
326 205 17 151
326 213 28 1144
326 219 7 482
326 232 19 37
326 262 35 615
326 311 23 95
326 354 3 666
327 17 37 1199
327 33 49 1409
327 97 13 1180
327 116 23 24
327 129 19 1027
327 140 32 453
327 155 43 65
327 219 7 1238
327 223 56 1014
327 250 25 905
327 276 29 871
327 326 52 633
327 368 3 493
328 28 19 1058
328 35 9 1274
328 103 52 305
328 135 41 205
328 141 13 327
328 142 47 555
328 189 31 1067
328 191 1 612
328 203 3 1089
328 220 49 1374
328 244 16 465
328 338 5 169
328 355 34 108
328 362 25 733
328 371 55 1295
329 2 49 76
329 25 45 527
329 55 29 447
329 90 32 1363
329 107 53 232
329 108 35 672
329 122 17 260
329 148 40 1435
329 167 11 439
329 184 23 1484
329 215 7 1258
329 221 25 589
329 301 59 904
329 310 19 185
329 320 4 1457
330 33 4 679
330 40 19 81
330 90 52 755
330 125 41 183
330 150 14 1143
330 168 55 1028
330 175 25 652
330 184 9 290
330 237 29 49
330 263 35 950
330 286 37 1258
330 328 31 922
330 341 1 1150
330 352 43 541
331 31 53 603
331 43 37 785
331 53 17 586
331 81 41 1212
331 95 1 593
331 113 31 496
331 116 11 1023
331 119 55 1183
331 181 49 732
331 184 29 1290
331 193 21 420
331 220 13 1075
331 263 47 526
331 265 43 791
331 392 25 811
332 46 23 495
332 97 55 1180
332 129 49 993
332 192 47 1250
332 195 17 659
332 215 13 101
332 242 28 1131
332 262 2 976
332 266 37 809
332 274 31 1409
332 290 4 473
332 304 21 1322
332 316 35 958
332 371 10 1295
332 373 43 254
333 39 31 131
333 69 37 1233
333 71 58 1172
333 120 53 723
333 129 49 28
333 148 22 497
333 155 8 591
333 222 1 1146
333 242 45 864
333 272 13 293
333 274 19 935
333 300 40 371
333 309 55 1220
333 366 4 80
333 399 25 1443
334 43 7 698
334 51 13 374
334 63 17 208
334 115 46 890
334 123 25 871
334 166 31 896
334 179 49 878
334 184 5 227
334 234 19 1304
334 310 38 812
334 312 43 1069
334 320 1 66
334 362 56 403
334 391 29 1240
335 11 19 254
335 26 7 136
335 85 49 506
335 96 1 557
335 116 5 475
335 180 23 238
335 213 25 340
335 268 43 599
335 288 10 982
335 320 58 780
335 355 55 603
335 367 28 446
335 376 33 590
335 378 37 860
335 383 14 1332
336 6 22 1327
336 9 13 81
336 85 37 1285
336 135 5 160
336 151 25 1115
336 184 3 1290
336 236 52 1222
336 253 7 1491
336 270 19 1055
336 293 49 238
336 295 43 135
336 304 29 960
336 354 32 898
336 360 55 1091
337 24 7 1121
337 50 34 1184
337 84 53 522
337 95 55 439
337 110 31 1411
337 126 4 1072
337 137 25 1437
337 150 37 1343
337 151 49 1115
337 202 17 1321
337 214 43 864
337 216 45 331
337 243 13 530
337 304 29 707
337 363 1 558
338 16 47 788
338 28 55 703
338 30 13 1047
338 42 5 339
338 88 39 305
338 106 28 1023
338 128 49 1179
338 144 35 1330
338 190 23 1056
338 192 59 680
338 261 7 1379
338 262 25 976
338 269 52 1101
338 294 19 219
338 308 43 1439
339 21 13 1109
339 57 22 1476
339 62 53 580
339 95 38 465
339 102 4 822
339 127 31 576
339 153 45 230
339 175 8 603
339 214 59 730
339 243 49 1150
339 311 43 391
339 343 35 508
339 386 28 1473
339 392 55 49
339 395 15 773
340 1 25 1214
340 5 43 965
340 45 7 1123
340 89 51 1453
340 133 13 1224
340 137 31 1081
340 148 55 479
340 210 1 1302
340 256 49 1044
340 288 58 1364
340 296 19 933
340 343 39 828
341 3 28 204
341 10 23 349
341 98 55 789
341 127 49 35
341 138 25 1266
341 166 43 896
341 179 31 58
341 223 52 21
341 233 7 893
341 280 13 369
341 328 19 890
341 333 41 259
341 337 3 114
341 361 37 1020
341 398 35 1435
342 2 31 1037
342 16 59 251
342 78 7 1291
342 239 43 395
342 243 55 296
342 249 13 1398
342 261 1 1464
342 299 34 345
342 344 22 864
342 358 25 485
342 362 38 1135
342 366 46 829
342 369 49 60
342 370 11 1452
342 386 19 874
343 6 4 551
343 31 17 11
343 36 55 1497
343 100 13 608
343 102 44 342
343 127 10 92
343 165 52 1384
343 172 59 1115
343 227 32 67
343 256 50 605
343 264 37 14
343 287 1 1475
343 324 25 1245
343 375 41 25
343 395 20 699
344 28 19 1183
344 35 25 411
344 46 11 495
344 73 43 475
344 86 23 918
344 114 17 799
344 159 7 636
344 214 29 864
344 235 1 148
344 258 41 1404
344 266 55 1327
344 268 50 599
344 278 4 648
344 331 37 65
344 358 31 74
345 6 4 91
345 17 32 601
345 25 43 1494
345 55 47 994
345 122 11 1070
345 125 17 1205
345 132 59 255
345 151 7 1085
345 155 13 245
345 160 28 1157
345 206 19 105
345 219 55 613
345 220 40 439
345 309 1 766
345 357 50 837
346 20 13 82
346 22 11 1224
346 29 58 1443
346 45 43 220
346 71 25 290
346 101 52 445
346 147 5 455
346 161 21 644
346 164 1 563
346 325 49 1404
346 328 7 1283
346 360 37 717
346 374 35 558
346 382 31 828
346 393 17 966
347 21 41 157
347 63 17 166
347 82 55 1491
347 85 19 173
347 105 35 1395
347 159 31 606
347 164 37 1001
347 222 52 1343
347 247 29 398
347 266 43 749
347 270 49 205
347 293 58 58
347 347 8 1418
347 371 13 721
347 395 2 699
348 30 57 586
348 74 28 1323
348 87 7 573
348 115 34 1020
348 179 49 260
348 182 47 1254
348 195 11 935
348 215 1 896
348 239 16 927
348 306 31 1403
348 309 22 460
348 366 43 80
348 372 25 398
348 389 37 832
349 9 57 81
349 113 25 118
349 175 31 921
349 233 13 858
349 235 7 296
349 240 23 807
349 245 19 1203
349 277 1 1330
349 304 53 1322
349 323 49 541
349 342 10 585
349 377 41 1322
349 378 37 942
349 379 17 1209
349 383 43 1228
350 17 19 550
350 58 4 1277
350 111 55 399
350 112 44 960
350 148 49 479
350 170 40 1291
350 180 59 668
350 224 52 1014
350 229 31 768
350 278 16 1313
350 303 11 1443
350 375 29 25
350 382 1 1127
350 383 7 503
350 385 25 259
351 28 55 1395
351 49 7 493
351 67 43 727
351 122 11 1174
351 129 32 1247
351 140 25 1366
351 163 53 1430
351 177 49 173
351 203 21 424
351 240 59 1291
351 321 2 110
351 322 17 452
351 324 13 1454
351 334 38 30
352 1 19 588
352 10 41 720
352 19 49 147
352 53 53 586
352 107 13 234
352 124 55 906
352 189 2 597
352 197 15 1055
352 249 44 1223
352 265 37 1018
352 297 25 110
352 325 34 1222
352 337 7 195
352 352 31 815
353 5 43 508
353 10 17 615
353 64 31 1390
353 91 55 535
353 149 25 738
353 231 40 1429
353 244 4 962
353 281 7 238
353 285 47 1231
353 322 29 112
353 329 52 477
353 355 10 41
353 360 19 441
353 369 13 789
354 14 33 381
354 80 37 709
354 84 17 557
354 107 21 234
354 160 52 1419
354 214 3 562
354 221 43 55
354 232 26 489
354 240 11 991
354 268 13 541
354 277 7 1365
354 299 49 1033
354 336 41 1247
354 351 55 525
354 393 35 842
355 2 4 1065
355 80 7 1089
355 114 23 819
355 128 1 1166
355 151 43 190
355 177 19 1436
355 182 59 724
355 189 52 1067
355 216 55 1097
355 231 25 1088
355 316 47 390
355 328 31 890
355 370 35 901
355 378 37 1488
355 387 13 84
356 48 49 965
356 58 13 1154
356 86 41 1088
356 110 16 436
356 118 28 475
356 136 25 445
356 194 7 1231
356 217 53 158
356 226 20 556
356 235 43 1274
356 252 37 1442
356 274 34 119
356 303 11 1367
356 316 55 91
356 349 1 965
357 16 3 203
357 18 23 173
357 28 37 703
357 56 5 798
357 57 31 465
357 58 19 460
357 69 34 100
357 113 55 1159
357 130 49 682
357 174 41 611
357 199 43 1254
357 246 1 327
357 267 25 1062
357 291 15 1244
357 309 27 1465
358 60 49 1317
358 77 55 1371
358 93 59 640
358 99 46 195
358 118 7 672
358 123 1 1273
358 126 22 38
358 263 29 1245
358 264 13 1306
358 302 26 796
358 304 17 187
358 329 34 488
358 345 37 204
358 355 19 1164
358 368 11 1365
359 86 11 918
359 108 34 736
359 133 1 95
359 177 7 1466
359 188 15 493
359 199 37 1254
359 254 31 1189
359 266 49 1351
359 282 13 1266
359 303 5 1040
359 320 58 1470
359 325 46 972
359 334 19 1420
359 342 28 825
359 359 25 1308
360 26 22 330
360 44 57 376
360 51 55 374
360 143 31 1460
360 147 20 423
360 176 13 1294
360 187 7 940
360 195 11 922
360 277 1 1345
360 283 25 848
360 304 5 1482
360 314 53 1390
360 323 16 525
360 353 40 525
360 388 43 481
361 102 16 308
361 110 13 1253
361 116 35 24
361 148 58 479
361 183 25 597
361 184 22 1290
361 227 49 98
361 246 53 665
361 258 11 647
361 286 31 706
361 319 4 809
361 356 1 1445
361 361 43 1482
361 377 29 502
361 389 7 769
362 90 1 76
362 94 47 850
362 109 43 187
362 139 38 331
362 144 41 1330
362 204 35 973
362 298 55 721
362 302 7 831
362 313 31 320
362 332 23 1230
362 339 13 902
362 340 45 556
362 374 59 1326
362 377 19 776
362 400 4 308
363 23 53 907
363 69 37 1227
363 142 47 995
363 162 7 190
363 175 49 390
363 238 31 951
363 245 43 996
363 248 16 235
363 266 26 992
363 279 1 444
363 308 55 1439
363 330 57 950
363 371 34 574
363 383 19 341
363 391 41 893
364 5 31 1392
364 11 25 254
364 27 58 496
364 76 53 1164
364 98 19 816
364 116 17 119
364 194 13 151
364 261 37 349
364 268 49 786
364 341 7 825
364 361 2 1258
364 381 43 703
364 398 41 666
365 23 22 488
365 53 5 1135
365 67 25 89
365 76 53 975
365 109 59 1033
365 134 41 327
365 195 35 730
365 204 47 1119
365 223 55 21
365 276 11 1085
365 315 37 1032
365 325 16 160
365 377 29 1232
365 381 7 214
365 390 13 1091
366 2 19 1282
366 12 46 1326
366 56 59 798
366 69 31 1412
366 85 55 181
366 88 13 305
366 96 49 606
366 104 16 584
366 153 4 240
366 212 1 1026
366 215 39 1446
366 220 34 816
366 221 26 1398
366 258 43 1491
366 308 37 340
367 28 37 397
367 36 21 261
367 59 13 578
367 63 35 1355
367 89 31 1101
367 176 7 1294
367 192 5 680
367 219 49 572
367 252 55 769
367 288 1 1383
367 319 26 605
367 336 53 518
367 358 43 1185
367 368 47 1365
367 372 10 351
368 71 51 685
368 123 19 871
368 138 43 1399
368 201 9 860
368 212 13 1496
368 245 55 1247
368 286 26 794
368 293 16 1159
368 351 31 501
368 355 46 1164
368 361 37 227
368 374 23 1077
368 389 2 241
369 18 7 276
369 19 50 523
369 28 13 24
369 50 55 500
369 51 11 441
369 109 35 34
369 120 47 1014
369 197 31 1009
369 200 58 262
369 237 29 298
369 262 41 1222
369 293 19 1388
369 321 25 1291
369 336 23 599
369 344 1 1209
370 27 16 455
370 37 50 988
370 53 41 1359
370 102 1 1037
370 117 7 420
370 236 25 924
370 251 21 163
370 268 31 1427
370 299 28 528
370 321 55 110
370 339 37 330
370 347 43 943
371 19 7 19
371 33 49 71
371 65 37 1423
371 76 1 1123
371 94 31 850
371 97 55 1459
371 99 52 695
371 116 47 562
371 122 11 837
371 169 43 1051
371 204 35 943
371 278 14 833
371 305 3 1295
371 386 22 874
371 388 25 748
372 15 43 584
372 16 41 1237
372 25 8 527
372 51 5 374
372 68 37 188
372 82 16 259
372 113 49 1279
372 177 31 765
372 197 19 888
372 224 2 437
372 330 56 400
372 372 25 919
373 22 19 1368
373 87 49 573
373 90 13 1348
373 100 32 336
373 110 7 665
373 120 59 1141
373 147 55 1056
373 190 11 1407
373 203 41 424
373 215 1 1252
373 255 43 266
373 303 23 898
373 316 53 579
373 319 28 941
373 322 47 1453
374 15 49 84
374 24 1 36
374 28 19 86
374 41 55 890
374 42 47 1040
374 56 23 100
374 72 7 684
374 83 43 245
374 108 37 1322
374 135 5 198
374 171 13 1300
374 182 53 641
374 209 31 942
374 218 41 1481
374 328 25 497
375 33 52 1409
375 54 41 1308
375 95 1 190
375 117 7 1432
375 122 47 603
375 158 35 627
375 172 29 1154
375 194 21 604
375 219 25 443
375 240 11 525
375 288 13 399
375 313 55 1017
375 321 43 1355
375 338 19 365
375 351 37 501
376 43 8 785
376 50 46 162
376 107 29 572
376 109 35 1038
376 185 16 1484
376 191 5 1026
376 247 22 471
376 266 25 297
376 278 58 833
376 317 49 906
376 321 1 873
376 351 37 157
376 353 55 469
376 359 43 1258
376 393 41 549
377 14 11 203
377 21 1 1414
377 77 55 1411
377 102 28 1215
377 108 17 983
377 129 32 1407
377 152 7 1148
377 156 19 306
377 220 49 1443
377 235 3 186
377 294 13 219
377 335 37 651
377 338 26 365
377 364 45 1130
377 391 23 784
378 63 29 166
378 98 1 723
378 135 59 198
378 147 47 423
378 163 35 521
378 167 14 709
378 177 50 628
378 201 41 497
378 204 23 1119
378 216 19 331
378 217 5 652
378 294 55 438
378 348 25 468
378 383 7 1029
378 399 37 485
379 10 5 1009
379 35 1 1436
379 71 13 685
379 134 47 500
379 190 23 568
379 230 49 1313
379 253 31 198
379 255 52 1340
379 270 28 717
379 272 43 174
379 285 19 759
379 287 41 593
379 293 10 786
379 308 35 340
379 379 17 88
380 15 55 1472
380 50 16 638
380 58 43 1313
380 115 46 43
380 130 1 1430
380 173 49 1141
380 180 59 1472
380 184 11 1290
380 190 23 67
380 218 29 241
380 244 19 962
380 267 5 1055
380 320 31 66
380 350 7 747
380 397 53 1445
381 14 21 203
381 28 43 851
381 49 49 1023
381 88 4 1102
381 121 11 727
381 129 13 991
381 152 34 905
381 153 31 230
381 184 59 290
381 193 47 281
381 223 28 1124
381 305 7 496
381 335 55 10
381 362 37 403
382 1 1 1344
382 7 55 471
382 22 17 74
382 55 47 447
382 64 37 1187
382 82 28 452
382 118 25 475
382 153 52 230
382 202 5 1420
382 205 41 996
382 213 7 1117
382 240 35 1436
382 299 10 771
382 321 13 1136
382 395 20 666
383 30 31 255
383 98 1 501
383 164 57 264
383 165 46 1244
383 203 55 424
383 222 28 1392
383 229 49 244
383 237 53 298
383 264 37 408
383 281 5 235
383 285 23 816
383 308 35 158
383 351 19 198
383 355 16 1376
383 360 7 1201
384 13 34 436
384 45 25 697
384 63 17 755
384 79 22 1134
384 196 53 162
384 228 7 755
384 230 31 477
384 263 41 1245
384 282 59 1473
384 299 19 528
384 326 38 311
384 340 5 1078
384 359 1 183
384 374 29 465
384 376 43 116
385 36 13 1497
385 74 1 696
385 160 8 349
385 170 46 798
385 213 52 1144
385 227 37 220
385 232 25 1029
385 248 31 384
385 265 20 579
385 276 35 1304
385 341 49 1014
385 347 55 943
385 400 43 319
386 30 1 255
386 55 41 1223
386 80 49 116
386 82 43 54
386 87 31 157
386 93 55 782
386 95 7 922
386 131 53 931
386 150 58 99
386 198 11 892
386 263 35 1281
386 277 13 1365
386 290 22 540
386 304 19 1266
386 348 25 1250
387 5 19 1096
387 20 43 82
387 31 47 1444
387 65 7 555
387 145 32 789
387 176 4 1294
387 206 52 640
387 234 25 1304
387 275 29 461
387 285 41 411
387 318 23 601
387 333 17 1418
387 348 57 468
387 361 13 684
387 394 35 163
388 33 13 1038
388 39 19 208
388 71 58 1454
388 78 55 1055
388 98 7 975
388 136 23 116
388 158 53 87
388 199 37 398
388 207 35 1087
388 218 17 943
388 265 49 579
388 291 2 292
388 308 29 420
388 344 31 628
388 389 25 769
389 7 17 304
389 48 22 865
389 66 19 753
389 75 35 1102
389 106 10 409
389 161 44 644
389 187 27 826
389 256 25 1044
389 281 51 1195
389 298 1 428
389 314 41 404
389 315 37 112
389 324 31 342
389 333 53 860
389 379 8 585
390 44 57 1235
390 64 43 31
390 89 52 1179
390 94 11 850
390 234 13 1204
390 235 49 517
390 238 19 1257
390 243 26 16
390 261 31 349
390 263 47 445
390 266 1 992
390 269 7 498
390 298 38 42
390 370 23 901
390 393 17 90
391 9 50 400
391 40 25 966
391 55 29 296
391 67 7 1037
391 109 41 717
391 133 13 829
391 174 59 148
391 177 44 1172
391 231 4 842
391 252 31 419
391 256 38 1044
391 257 55 30
391 316 53 495
391 336 11 81
391 344 1 864
392 33 1 1428
392 36 31 261
392 62 29 580
392 144 53 1330
392 189 49 1215
392 196 22 459
392 218 59 1066
392 237 11 1305
392 305 37 642
392 310 15 230
392 320 46 1398
392 332 5 331
392 355 43 1118
392 375 41 620
392 387 55 882
393 1 37 918
393 23 29 488
393 31 11 1444
393 60 25 1155
393 62 17 330
393 71 19 1151
393 108 1 983
393 112 31 372
393 134 41 475
393 151 49 449
393 159 22 1244
393 257 13 1237
393 266 44 992
393 318 53 601
393 399 55 1428
394 42 59 684
394 53 47 502
394 63 23 1355
394 76 53 1069
394 159 7 606
394 185 43 1484
394 189 19 411
394 194 31 1368
394 209 25 1169
394 242 40 81
394 268 2 541
394 281 17 70
394 309 50 438
394 326 37 1066
394 378 55 975
395 67 3 1403
395 110 28 200
395 131 23 1220
395 132 13 1244
395 160 7 1051
395 173 51 680
395 197 43 651
395 203 1 1089
395 214 47 88
395 269 31 1397
395 270 58 259
395 301 11 430
395 312 25 1150
395 330 19 167
395 364 15 1471
396 5 57 424
396 56 29 100
396 126 25 838
396 156 52 49
396 180 17 839
396 191 47 65
396 227 19 1454
396 254 34 1189
396 256 1 731
396 261 7 1038
396 286 3 281
396 287 11 1208
396 300 40 185
396 369 13 382
396 397 23 324
397 34 31 1330
397 84 5 1316
397 95 1 1477
397 110 25 523
397 126 22 1395
397 177 55 771
397 201 35 316
397 202 59 1153
397 218 53 86
397 229 43 482
397 254 14 995
397 290 28 7
397 308 47 26
397 348 49 1452
397 372 40 589
398 53 35 586
398 79 16 923
398 90 46 76
398 100 25 572
398 125 23 788
398 137 19 41
398 154 1 1235
398 179 55 260
398 327 7 297
398 335 49 1477
398 362 37 1069
398 395 31 666
398 396 4 398
399 22 41 597
399 72 25 1302
399 98 43 723
399 100 49 443
399 117 13 1223
399 132 17 1344
399 172 29 573
399 178 53 1497
399 207 1 1435
399 214 47 1174
399 219 31 1032
399 314 3 338
399 351 9 699
399 357 58 363
399 388 37 586
400 2 1 1282
400 45 7 697
400 74 16 602
400 141 43 227
400 146 37 457
400 147 40 325
400 148 22 1492
400 182 11 1404
400 226 49 731
400 271 58 489
400 309 19 488
400 331 31 232
400 335 25 854
401 42 25 684
401 72 19 1450
401 73 7 444
401 137 32 838
401 207 59 598
401 232 1 244
401 254 37 995
401 256 23 731
401 279 49 444
401 295 43 1104
401 315 13 166
401 355 28 370
401 356 10 545
401 392 55 1189
402 5 25 1470
402 8 19 119
402 40 13 966
402 92 55 935
402 102 3 342
402 146 52 457
402 152 49 1062
402 185 10 1484
402 231 7 1317
402 240 1 1056
402 241 37 1481
402 242 43 276
402 248 46 235
402 279 31 1398
402 344 58 1311
403 3 19 1112
403 23 17 411
403 178 1 684
403 183 7 1047
403 207 41 319
403 209 49 603
403 218 23 86
403 235 46 1274
403 256 53 1044
403 290 37 1204
403 293 4 786
403 295 56 1104
403 332 35 1237
403 342 26 258
403 385 13 152
404 5 3 1029
404 55 35 1489
404 149 49 411
404 184 1 1290
404 250 43 828
404 266 13 1227
404 292 47 1277
404 305 25 496
404 312 22 339
404 334 31 174
404 339 37 1040
404 356 19 1254
404 364 56 368
404 387 8 84
405 9 55 201
405 33 58 1409
405 34 31 1007
405 39 25 989
405 89 1 1453
405 140 7 74
405 177 13 1020
405 247 35 617
405 287 17 933
405 311 21 1284
405 327 37 1153
405 348 44 513
405 385 49 741
406 25 37 968
406 38 14 1102
406 61 19 513
406 135 31 584
406 137 1 858
406 158 11 903
406 167 29 342
406 177 56 92
406 239 43 448
406 345 25 1279
406 356 34 1429
406 361 50 48
406 362 7 403
407 10 11 720
407 53 53 1135
407 60 31 316
407 72 49 675
407 92 44 995
407 119 7 497
407 161 47 1383
407 190 5 743
407 236 28 1222
407 269 16 498
407 280 55 679
407 293 37 786
407 327 19 90
407 334 1 673
407 366 40 181
408 52 25 366
408 57 56 433
408 90 1 565
408 115 31 1020
408 122 23 858
408 126 7 225
408 136 11 639
408 140 13 370
408 166 50 391
408 198 29 892
408 268 43 1427
408 301 59 579
408 318 35 962
408 348 37 365
408 377 5 776
409 4 11 181
409 11 25 1429
409 60 49 112
409 84 1 1446
409 104 13 1157
409 106 3 409
409 119 38 933
409 141 22 1224
409 179 55 904
409 204 35 589
409 242 7 885
409 260 53 34
409 309 19 1404
409 354 44 10
409 356 16 1238
410 66 25 994
410 85 57 1152
410 94 23 850
410 145 7 1417
410 150 52 281
410 189 37 1067
410 224 10 996
410 244 16 324
410 249 44 1232
410 252 31 220
410 295 19 1321
410 302 1 893
410 338 5 283
410 357 28 1393
411 152 46 764
411 192 5 1119
411 206 1 1368
411 210 37 25
411 223 43 345
411 248 9 1144
411 249 19 1379
411 262 59 163
411 288 55 1364
411 308 23 410
411 324 49 155
411 343 7 828
411 346 53 253
411 351 31 542
411 364 27 368
412 40 25 927
412 44 49 248
412 79 39 414
412 82 31 1222
412 110 4 523
412 175 55 390
412 205 29 440
412 224 7 1446
412 253 13 198
412 312 1 1459
412 321 19 698
412 340 17 1078
412 362 43 403
412 382 34 828
412 397 11 721
413 46 1 495
413 96 13 557
413 107 43 234
413 124 7 890
413 188 37 1325
413 228 3 201
413 234 56 1204
413 245 19 87
413 249 25 1003
413 287 53 933
413 322 41 1151
413 350 45 187
413 374 49 465
413 390 10 1091
413 394 17 163
414 1 8 588
414 14 5 203
414 20 34 550
414 68 25 473
414 131 55 1124
414 199 49 1423
414 204 23 589
414 225 17 965
414 237 57 298
414 282 59 445
414 284 32 1031
414 289 37 308
414 305 43 253
414 328 13 1268
414 338 53 272
415 23 26 1395
415 50 37 1184
415 51 1 374
415 78 13 200
415 130 3 612
415 145 40 402
415 152 28 1036
415 164 50 1260
415 180 47 1306
415 220 16 30
415 240 23 1436
415 249 19 1008
415 268 43 341
415 296 7 933
415 360 55 1179
416 25 49 502
416 35 37 167
416 40 32 981
416 86 29 911
416 91 25 535
416 120 23 1317
416 156 19 469
416 162 1 617
416 189 46 586
416 195 11 593
416 198 43 45
416 218 55 660
416 224 16 903
416 280 7 806
416 350 57 1205
417 15 37 1059
417 41 31 1340
417 54 53 1308
417 158 5 11
417 162 1 1147
417 235 13 148
417 251 49 1419
417 252 7 783
417 259 25 892
417 302 16 591
417 334 55 1224
417 340 35 1311
417 350 19 65
417 351 43 918
417 391 59 584
418 31 28 1285
418 45 8 13
418 82 25 709
418 94 35 1110
418 121 17 727
418 128 58 444
418 151 19 449
418 177 31 771
418 181 37 951
418 220 43 1443
418 260 23 1454
418 286 49 1064
418 290 40 7
418 345 13 376
418 391 47 1407
419 4 53 475
419 24 49 1026
419 82 7 1120
419 96 55 1331
419 175 37 199
419 201 41 769
419 308 5 216
419 309 10 253
419 336 29 518
419 360 25 1459
419 361 20 1344
419 370 17 833
419 382 34 1273
419 394 1 353
419 398 47 1233
420 6 28 545
420 17 55 756
420 81 59 909
420 83 31 853
420 125 5 1205
420 126 46 656
420 133 19 598
420 184 11 290
420 275 17 1360
420 283 1 68
420 320 43 720
420 334 38 443
420 350 13 205
420 361 7 1064
420 380 49 131
421 33 55 1176
421 75 58 500
421 118 13 1070
421 128 16 770
421 132 41 1344
421 133 43 1425
421 173 49 706
421 200 4 1087
421 219 7 1465
421 222 1 1323
421 266 31 992
421 268 19 1448
421 317 37 851
421 328 25 665
422 7 17 147
422 32 10 819
422 38 55 1404
422 50 19 408
422 52 13 70
422 90 40 277
422 99 1 19
422 118 49 1081
422 170 7 1136
422 180 53 1232
422 235 37 1274
422 242 28 1173
422 342 34 330
422 379 22 732
422 394 5 921
423 15 31 642
423 38 1 1404
423 46 22 1419
423 121 29 1233
423 148 38 730
423 163 41 1374
423 249 7 1200
423 254 49 604
423 285 11 68
423 337 44 1476
423 348 56 365
423 353 16 981
423 355 25 370
423 400 52 104
424 31 29 294
424 72 43 158
424 101 31 375
424 118 8 34
424 141 52 590
424 151 1 909
424 157 40 664
424 187 55 158
424 196 23 927
424 202 49 1321
424 232 19 839
424 329 16 1446
424 365 25 756
424 375 59 1105
425 1 37 1214
425 3 25 99
425 37 55 1089
425 90 28 1081
425 108 5 1460
425 109 11 261
425 142 17 665
425 198 13 1307
425 200 1 585
425 212 7 1032
425 233 50 796
425 243 20 530
425 262 45 163
425 297 32 812
426 33 22 531
426 75 11 1344
426 138 16 399
426 164 25 1001
426 170 46 741
426 220 34 1374
426 226 37 731
426 237 32 298
426 262 5 279
426 263 7 1245
426 275 43 673
426 342 1 258
426 348 55 311
426 377 53 913
426 399 49 518
427 5 37 508
427 17 25 550
427 22 17 240
427 39 1 961
427 78 49 574
427 97 43 219
427 173 55 1202
427 231 22 153
427 244 32 962
427 253 13 185
427 258 5 531
427 272 7 174
427 322 35 1151
427 325 52 658
427 379 11 965
428 3 13 1240
428 10 41 738
428 22 23 829
428 27 10 465
428 112 43 372
428 134 35 475
428 137 19 35
428 197 31 888
428 234 37 720
428 279 57 281
428 321 25 109
428 352 4 162
428 372 7 351
428 377 16 807
428 384 49 1243
429 51 53 1492
429 135 58 1199
429 171 37 1176
429 188 49 236
429 230 17 167
429 236 31 753
429 290 8 50
429 296 25 416
429 298 45 42
429 325 55 972
429 333 29 705
429 358 1 50
429 369 13 695
429 392 19 910
430 13 58 910
430 17 13 601
430 111 22 1029
430 118 25 1365
430 125 35 183
430 142 53 674
430 148 10 375
430 158 29 785
430 159 55 557
430 211 5 1247
430 258 41 403
430 329 31 488
430 335 49 1277
430 342 1 473
430 369 43 53
431 28 1 195
431 40 9 981
431 77 25 768
431 91 55 604
431 105 35 723
431 141 32 445
431 156 22 437
431 184 20 1290
431 206 40 808
431 231 49 296
431 262 53 662
431 263 7 950
431 272 43 258
431 314 5 1189
431 394 47 1091
432 88 10 251
432 190 35 638
432 193 41 1258
432 245 49 44
432 253 44 198
432 261 1 1473
432 277 13 1330
432 300 7 1272
432 321 19 1136
432 328 31 1261
432 348 37 468
432 349 25 1380
432 362 55 251
432 397 17 1337
433 10 5 1470
433 70 43 782
433 116 41 562
433 121 23 990
433 157 34 1144
433 165 25 334
433 171 51 598
433 209 7 1135
433 267 29 21
433 276 37 1304
433 286 13 112
433 306 49 709
433 315 55 162
433 317 19 1169
433 373 1 272
434 27 13 532
434 28 37 326
434 33 1 679
434 102 4 1215
434 114 17 950
434 227 25 648
434 233 43 1360
434 259 21 1174
434 275 11 334
434 295 50 283
434 303 55 698
434 314 35 338
434 316 41 712
434 372 31 219
434 379 58 732
435 17 25 418
435 83 31 457
435 100 55 1473
435 117 19 542
435 135 11 119
435 146 1 1228
435 159 13 1317
435 190 53 896
435 227 7 22
435 247 5 1448
435 269 40 540
435 315 43 1411
435 319 37 636
435 322 23 112
435 370 59 901
436 19 31 1482
436 34 19 591
436 134 47 968
436 156 52 1411
436 178 41 68
436 211 35 940
436 216 7 36
436 234 43 1304
436 254 14 64
436 299 28 153
436 323 58 712
436 325 1 210
436 343 11 828
436 364 37 1118
436 366 4 256
437 31 1 1184
437 54 23 399
437 78 19 216
437 80 55 964
437 122 11 1261
437 139 43 58
437 158 47 1374
437 168 3 35
437 196 53 712
437 223 49 755
437 257 27 724
437 260 41 1292
437 265 13 791
437 302 7 1250
437 361 32 502
438 8 7 1430
438 12 52 983
438 57 26 230
438 125 47 1325
438 136 41 1304
438 148 37 419
438 149 32 738
438 151 13 1085
438 195 59 659
438 197 55 891
438 210 43 1281
438 251 1 838
438 279 19 1398
439 21 35 556
439 31 58 1444
439 32 46 1118
439 75 43 492
439 138 1 1476
439 200 55 633
439 241 31 485
439 268 26 1448
439 282 53 1235
439 295 49 135
439 332 17 1470
439 343 4 828
439 357 22 1257
439 373 37 1037
439 399 8 1187
440 3 7 1481
440 13 52 1363
440 14 11 1330
440 41 25 890
440 92 45 897
440 96 1 1088
440 102 55 416
440 122 49 452
440 143 19 324
440 179 13 174
440 201 17 769
440 225 5 965
440 294 37 219
440 319 58 605
440 347 31 943
441 34 38 1007
441 92 49 995
441 105 28 890
441 121 5 248
441 142 47 482
441 155 19 55
441 202 59 1321
441 206 15 1260
441 207 53 1435
441 245 7 1384
441 311 11 370
441 343 23 508
441 349 32 1029
441 358 43 74
441 372 1 16
442 26 19 663
442 50 58 556
442 124 31 1380
442 128 34 1166
442 129 7 1078
442 198 17 481
442 200 1 234
442 222 52 251
442 248 4 1453
442 285 47 485
442 333 23 1464
442 347 13 1327
442 360 43 249
442 361 25 1344
442 366 37 829
443 13 58 1363
443 26 52 474
443 27 55 532
443 37 43 1089
443 55 11 335
443 105 47 1488
443 136 5 1351
443 172 40 1453
443 182 29 1409
443 197 31 1290
443 223 25 1072
443 247 35 138
443 255 19 1340
443 299 49 134
443 319 1 13
444 13 46 1169
444 83 25 853
444 84 53 1437
444 112 31 960
444 119 37 991
444 239 1 809
444 244 19 1204
444 311 11 391
444 322 29 1151
444 325 4 1062
444 328 57 437
444 332 55 578
444 363 7 558
444 387 49 24
444 389 13 727
445 22 5 1338
445 23 11 411
445 31 41 1444
445 55 35 335
445 59 37 1117
445 84 23 1437
445 103 17 707
445 149 7 1444
445 209 19 1245
445 242 13 436
445 252 43 660
445 276 53 1393
445 290 31 540
445 335 49 733
445 358 1 560
446 2 58 1038
446 30 13 965
446 51 7 374
446 112 25 488
446 147 53 455
446 242 49 1059
446 259 31 1174
446 269 55 580
446 280 9 55
446 301 29 430
446 339 1 676
446 343 21 828
446 381 43 214
446 389 38 249
447 3 46 1154
447 42 17 684
447 47 7 1355
447 58 31 108
447 89 28 636
447 123 49 1368
447 127 34 1403
447 172 41 1279
447 174 43 676
447 176 25 1294
447 183 37 314
447 184 13 290
447 198 5 1250
447 212 1 1032
447 325 22 210
448 4 25 181
448 73 13 452
448 94 47 374
448 115 4 532
448 135 49 1199
448 160 10 1051
448 164 43 1292
448 192 17 503
448 270 52 452
448 283 37 1247
448 311 41 747
448 325 7 210
448 351 55 501
448 364 19 120
448 379 29 526
449 110 28 328
449 121 21 735
449 203 11 1089
449 204 5 973
449 217 59 991
449 221 13 68
449 222 25 1392
449 225 47 602
449 277 50 1345
449 292 23 791
449 306 17 297
449 330 1 400
449 335 7 913
449 376 38 363
449 389 31 240
450 17 49 1397
450 48 55 75
450 131 23 1124
450 162 44 1147
450 169 13 921
450 189 58 282
450 215 31 1421
450 239 37 369
450 259 25 1143
450 273 53 848
450 288 20 982
450 289 9 738
450 331 1 1279
450 352 40 815
450 377 17 663
451 35 37 542
451 58 16 1263
451 65 3 495
451 116 11 660
451 128 13 718
451 153 19 561
451 171 25 1176
451 187 7 826
451 223 58 21
451 248 22 1331
451 255 31 774
451 289 43 201
451 307 49 1114
451 367 34 784
451 382 55 982
452 19 1 531
452 69 50 1119
452 82 25 1472
452 99 10 402
452 151 43 679
452 179 37 1293
452 187 13 307
452 191 35 718
452 229 55 482
452 243 31 158
452 244 7 452
452 247 47 1448
452 288 22 931
452 346 17 513
453 28 37 195
453 30 9 255
453 62 29 791
453 148 1 962
453 173 31 836
453 269 25 862
453 276 59 1304
453 282 7 474
453 285 23 485
453 288 16 1364
453 301 35 698
453 319 13 502
453 324 19 523
453 338 55 272
453 349 50 469
454 3 22 1017
454 35 43 973
454 71 19 351
454 100 25 1066
454 147 47 119
454 194 37 1231
454 220 34 1224
454 245 7 1203
454 297 3 1043
454 299 31 577
454 308 11 216
454 347 50 120
454 385 13 193
454 397 1 638
454 400 58 104
455 27 13 465
455 28 19 589
455 60 37 316
455 79 16 1134
455 132 11 1416
455 136 5 1188
455 141 1 1465
455 151 43 909
455 188 31 1172
455 228 49 294
455 244 55 304
455 304 35 1322
455 343 27 828
455 346 23 697
455 367 7 1469
456 50 52 1404
456 54 21 1308
456 56 5 232
456 58 13 1263
456 72 43 540
456 116 47 208
456 170 31 798
456 221 37 1021
456 223 25 755
456 245 1 44
456 246 59 775
456 249 7 410
456 258 23 110
456 283 55 68
456 397 35 324
457 25 7 640
457 65 15 495
457 142 53 822
457 162 57 619
457 203 19 424
457 224 1 574
457 240 29 1143
457 302 40 796
457 314 21 338
457 317 43 784
457 336 23 1460
457 347 31 674
457 350 25 187
457 370 47 272
457 389 49 1234
458 1 27 735
458 4 47 181
458 39 56 136
458 41 52 615
458 64 1 92
458 71 49 1172
458 75 11 70
458 86 35 1024
458 148 31 669
458 168 13 190
458 170 43 365
458 218 5 261
458 303 17 1040
458 334 37 1174
458 360 21 1381
459 71 31 1056
459 95 19 465
459 132 23 890
459 136 53 589
459 185 1 1484
459 220 34 695
459 234 25 1123
459 253 7 935
459 281 11 1195
459 286 37 208
459 325 43 972
459 336 47 1460
459 365 14 104
459 370 49 833
459 384 4 591
460 65 7 495
460 99 32 1262
460 103 57 305
460 104 2 851
460 108 17 1460
460 149 38 854
460 287 23 706
460 296 25 262
460 313 49 70
460 347 13 1205
460 389 19 1496
460 390 43 699
461 20 13 1489
461 103 4 305
461 153 1 1221
461 161 40 644
461 198 55 312
461 207 11 1435
461 212 52 187
461 232 25 169
461 244 22 962
461 245 7 87
461 307 57 574
461 323 49 268
461 324 43 1454
461 364 31 1339
461 377 19 913
462 7 35 891
462 36 31 1448
462 41 19 641
462 64 7 723
462 100 49 336
462 102 25 662
462 126 22 1151
462 140 1 573
462 152 37 1146
462 199 43 672
462 308 59 420
462 319 56 941
462 395 13 572
463 32 19 572
463 43 44 923
463 146 22 1260
463 168 31 48
463 210 49 848
463 219 26 482
463 231 1 842
463 259 55 1174
463 312 10 839
463 341 37 1302
463 353 4 865
463 386 15 1307
464 2 40 1282
464 19 49 19
464 120 53 614
464 159 25 636
464 214 5 63
464 217 15 1192
464 219 7 1257
464 233 44 854
464 308 28 1439
464 323 34 21
464 363 55 558
464 364 1 1268
464 366 58 829
464 375 17 1105
464 400 22 1279
465 61 10 1303
465 67 33 254
465 97 50 1376
465 107 31 234
465 150 28 67
465 157 25 266
465 183 13 500
465 223 7 1262
465 245 2 1384
465 252 19 1135
465 286 37 368
465 288 58 399
465 316 23 1051
465 399 43 1071
466 8 1 395
466 18 23 272
466 22 47 909
466 33 19 1184
466 84 5 245
466 93 17 33
466 101 10 134
466 105 53 262
466 118 7 475
466 183 37 136
466 198 59 1067
466 244 13 962
466 262 34 1155
466 281 29 1195
466 324 49 11
467 2 38 211
467 25 1 527
467 74 25 1323
467 82 22 206
467 126 55 1166
467 136 11 342
467 214 41 668
467 246 53 327
467 254 28 1189
467 257 31 549
467 263 35 1064
467 312 19 1017
467 349 43 469
467 373 15 254
467 393 5 966
468 15 33 584
468 16 23 764
468 34 55 807
468 40 49 1071
468 77 44 760
468 89 4 238
468 95 25 958
468 121 11 735
468 176 37 1294
468 225 14 602
468 240 31 1143
468 307 19 1114
468 319 16 605
468 323 1 21
468 349 7 1151
469 5 7 965
469 78 32 1331
469 95 19 249
469 101 38 76
469 129 50 1407
469 186 4 460
469 195 29 935
469 212 25 1032
469 257 44 419
469 273 17 787
469 311 59 1233
469 316 35 258
469 318 11 206
469 373 13 1027
469 392 55 327
470 9 7 1143
470 94 11 541
470 161 35 1383
470 181 49 312
470 227 37 43
470 229 43 1464
470 251 52 605
470 267 47 796
470 272 15 920
470 276 29 1085
470 295 19 1077
470 331 25 673
470 350 55 205
470 351 1 157
470 375 59 110
471 11 43 617
471 66 34 1027
471 120 29 1141
471 199 20 63
471 213 31 568
471 246 3 327
471 282 9 474
471 284 58 1414
471 287 41 1208
471 303 5 698
471 328 25 987
471 343 17 580
471 361 13 854
471 374 47 662
471 397 11 923
472 7 53 471
472 18 41 276
472 24 19 1465
472 39 43 316
472 80 49 313
472 85 37 173
472 86 59 1024
472 97 25 232
472 118 32 475
472 165 1 1249
472 192 35 240
472 196 5 188
472 261 7 822
472 266 13 1153
472 364 55 627
473 18 41 195
473 85 13 682
473 104 45 988
473 134 29 95
473 148 58 669
473 158 19 897
473 165 55 1337
473 198 11 1307
473 233 7 707
473 254 1 414
473 315 37 1263
473 338 17 169
473 340 53 882
473 359 4 1308
473 379 43 856
474 38 13 1404
474 116 53 1023
474 157 49 1497
474 173 55 836
474 228 37 753
474 249 19 410
474 265 25 791
474 315 43 1173
474 320 1 1457
474 355 10 780
474 362 31 508
474 384 7 365
475 13 1 1303
475 40 43 927
475 47 19 1439
475 55 11 447
475 129 7 1125
475 138 33 1399
475 146 49 1292
475 151 55 449
475 185 38 251
475 242 52 864
475 278 4 833
475 288 13 1383
475 322 17 131
475 329 27 477
476 21 41 136
476 31 29 453
476 51 59 13
476 81 43 1212
476 92 21 155
476 148 37 1291
476 202 11 1153
476 284 5 530
476 304 19 1322
476 334 55 1420
476 356 51 1429
476 366 46 266
476 380 13 1460
476 387 7 239
476 396 2 1470
477 101 52 134
477 106 4 1023
477 127 1 1360
477 176 55 1294
477 178 32 216
477 266 19 297
477 287 59 261
477 290 34 1337
477 296 26 63
477 315 43 1457
477 332 41 409
477 339 7 330
477 348 13 1118
477 381 37 471
477 397 11 898
478 37 31 639
478 52 55 1403
478 53 29 1135
478 73 25 897
478 123 49 871
478 134 5 199
478 144 59 1330
478 191 23 603
478 229 19 236
478 247 13 471
478 333 47 1418
478 343 11 521
478 356 1 559
478 375 53 110
478 383 37 1332
479 57 25 204
479 70 55 87
479 73 4 517
479 102 1 1215
479 119 31 958
479 139 50 1430
479 142 59 1252
479 147 43 325
479 155 37 375
479 195 45 234
479 202 23 1321
479 256 28 731
479 257 13 549
479 317 7 88
479 369 19 1009
480 3 4 952
480 4 53 1339
480 50 1 518
480 104 25 851
480 116 23 475
480 130 31 682
480 195 11 659
480 206 7 105
480 245 43 1085
480 281 55 348
480 289 13 1031
480 318 59 1037
480 373 49 697
480 376 19 116
480 393 29 337
481 38 55 163
481 67 9 1285
481 73 1 153
481 81 47 1214
481 87 37 87
481 126 16 448
481 188 49 705
481 195 53 325
481 210 19 84
481 234 31 493
481 275 7 673
481 319 4 13
481 322 59 112
481 333 43 1166
481 349 25 965
482 14 29 990
482 26 7 545
482 40 1 966
482 49 25 1430
482 64 38 976
482 78 50 82
482 113 19 98
482 150 34 851
482 184 23 290
482 204 47 707
482 242 16 1368
482 339 43 648
482 349 55 340
483 34 19 220
483 79 46 1134
483 80 37 116
483 113 7 118
483 150 4 67
483 205 11 440
483 224 1 903
483 263 53 353
483 275 23 673
483 283 55 1237
483 326 31 668
483 332 44 409
483 348 25 1452
483 352 34 541
483 354 16 135
484 6 40 91
484 9 37 400
484 14 5 990
484 33 7 1176
484 38 14 526
484 86 47 521
484 125 23 1382
484 152 58 905
484 178 55 888
484 241 25 13
484 277 1 647
484 303 53 1367
484 312 19 1067
484 319 10 941
484 388 33 325
485 36 31 259
485 121 23 727
485 144 5 320
485 149 7 398
485 165 28 727
485 166 1 542
485 218 55 86
485 241 37 276
485 244 16 993
485 267 46 1062
485 279 50 114
485 298 19 42
485 341 13 1457
485 353 58 960
485 386 43 1307
486 1 13 348
486 36 37 1026
486 135 35 1416
486 173 8 1141
486 243 49 1393
486 252 43 1379
486 261 1 1305
486 310 26 320
486 340 31 1118
486 381 57 471
486 383 19 859
487 6 10 91
487 16 5 1208
487 33 34 531
487 89 13 238
487 146 7 1071
487 152 49 474
487 190 23 896
487 250 2 336
487 267 52 1062
487 299 43 1311
487 301 17 430
487 310 25 194
487 349 19 169
487 382 37 658
487 397 29 652
488 58 52 395
488 70 49 374
488 97 39 661
488 111 34 116
488 126 4 368
488 150 31 1343
488 178 37 828
488 186 1 9
488 233 26 858
488 249 19 1149
488 291 13 1459
488 296 44 416
488 316 59 1203
488 337 8 1476
488 340 23 1065
489 29 25 1240
489 74 39 602
489 126 10 368
489 157 31 664
489 187 49 1427
489 188 43 1325
489 244 28 962
489 248 4 1144
489 251 22 838
489 341 1 108
489 352 7 696
489 360 13 1014
489 373 55 1292
490 46 11 723
490 97 7 563
490 98 43 816
490 134 53 19
490 160 25 1051
490 211 41 1032
490 214 4 1235
490 227 49 768
490 228 37 732
490 259 20 892
490 298 56 428
490 312 16 1069
490 353 28 101
490 394 47 163
490 395 31 1323
491 7 37 891
491 9 1 1405
491 34 50 799
491 50 31 162
491 79 57 923
491 90 46 1227
491 163 11 400
491 170 43 798
491 172 5 1279
491 204 29 973
491 291 19 960
491 294 25 211
491 353 34 371
491 363 39 558
491 380 13 162
492 54 15 1308
492 57 34 465
492 111 50 399
492 115 31 990
492 125 29 1382
492 180 41 839
492 181 43 14
492 225 53 602
492 239 38 1152
492 245 25 1085
492 267 17 763
492 277 19 1330
492 333 59 498
492 338 55 169
492 397 10 1026
493 21 29 556
493 28 19 736
493 79 7 414
493 89 31 823
493 131 59 1464
493 135 23 584
493 179 43 1293
493 196 17 459
493 246 5 775
493 249 13 799
493 261 1 1038
493 314 11 1390
493 337 25 1350
493 372 34 833
493 373 55 37
494 1 1 662
494 8 7 45
494 9 16 81
494 18 58 276
494 39 37 874
494 73 13 852
494 97 27 140
494 103 25 977
494 108 23 1322
494 126 19 1395
494 228 31 294
494 257 49 1237
494 262 41 279
494 354 43 898
495 9 1 892
495 11 13 1131
495 42 41 788
495 54 49 1308
495 83 31 1344
495 89 10 501
495 135 52 205
495 158 4 903
495 220 38 1374
495 224 22 935
495 238 7 1304
495 241 25 1481
495 285 59 1231
495 386 46 98
495 391 29 893
496 16 41 251
496 117 31 369
496 125 29 1325
496 129 19 1078
496 201 17 497
496 212 56 187
496 220 37 1224
496 251 10 661
496 281 5 348
496 285 35 279
496 288 7 1364
496 301 43 1224
496 308 47 410
496 333 23 259
496 381 25 471
497 19 44 147
497 34 49 591
497 36 37 1448
497 59 7 589
497 121 35 290
497 128 22 1235
497 231 31 1353
497 236 4 210
497 268 55 786
497 276 17 871
497 321 13 1343
497 336 11 518
497 338 29 283
497 352 25 18
498 25 25 1494
498 42 41 684
498 64 1 1390
498 92 13 1037
498 97 56 1425
498 154 9 776
498 170 34 296
498 171 49 942
498 208 31 839
498 271 22 1359
498 339 37 264
498 352 43 162
498 391 7 153
499 5 1 424
499 45 13 1435
499 57 44 1159
499 58 25 1277
499 77 49 551
499 108 53 874
499 183 31 597
499 189 22 411
499 205 17 996
499 229 55 662
499 254 37 58
499 279 7 1398
499 332 11 336
499 365 19 756
499 370 47 1280
500 1 7 568
500 43 31 594
500 63 47 794
500 95 13 65
500 115 22 43
500 132 35 890
500 162 25 1147
500 213 1 786
500 299 37 1154
500 306 11 865
500 307 43 1499
500 332 59 733
500 342 19 825
500 379 55 88
500 394 5 1014
501 29 19 314
501 64 25 1390
501 88 22 305
501 143 37 178
501 236 3 312
501 251 55 1281
501 263 9 1245
501 303 53 1028
501 321 43 568
501 375 29 1105
501 376 13 1119
501 381 49 214
501 392 31 638
501 394 59 576
502 36 49 261
502 49 55 1023
502 85 37 793
502 86 41 521
502 98 19 975
502 154 10 1325
502 165 27 977
502 205 59 151
502 221 43 589
502 230 35 500
502 268 31 786
502 289 13 18
502 297 1 825
503 12 25 1097
503 29 46 1443
503 35 55 1436
503 47 13 1355
503 132 5 1069
503 167 1 709
503 174 11 676
503 266 7 1367
503 274 37 728
503 280 50 234
503 295 31 135
503 312 40 339
503 320 28 360
503 354 43 306
503 369 20 789
504 4 11 1238
504 8 1 119
504 14 23 381
504 63 35 1146
504 80 49 964
504 115 19 532
504 129 26 1078
504 135 53 198
504 150 31 1204
504 167 5 262
504 245 7 850
504 276 41 1085
504 279 13 258
504 334 43 1119
504 392 37 1371
505 35 49 1436
505 87 37 760
505 89 55 316
505 135 47 584
505 139 31 1388
505 161 29 644
505 171 43 320
505 233 20 1237
505 268 7 910
505 287 59 1184
505 312 40 1067
505 340 35 882
505 362 25 807
505 366 16 1384
505 369 1 1306
506 69 25 1412
506 113 19 493
506 181 58 1081
506 215 31 1470
506 218 35 647
506 242 40 627
506 245 14 1203
506 262 5 598
506 337 43 598
506 342 55 277
506 386 37 1473
506 387 7 24
506 388 49 836
506 390 28 1091
506 394 11 494
507 1 55 1214
507 49 7 1023
507 55 5 1223
507 98 25 245
507 106 22 409
507 129 43 1310
507 130 31 854
507 144 35 1284
507 148 49 730
507 231 13 842
507 246 47 516
507 251 37 1419
507 300 40 1065
507 310 1 345
507 397 53 780
508 41 58 1001
508 86 47 911
508 98 43 501
508 185 13 1484
508 203 35 424
508 224 52 1208
508 228 31 1299
508 251 40 1419
508 260 29 1257
508 266 19 1351
508 286 25 1499
508 300 16 371
508 308 5 807
508 340 9 556
508 362 1 1069
509 98 32 975
509 132 5 764
509 136 47 116
509 151 49 1085
509 179 1 878
509 210 19 381
509 235 16 148
509 247 53 960
509 249 37 1200
509 257 43 497
509 270 58 1078
509 278 28 833
509 299 55 1311
509 364 8 842
509 393 41 966
510 25 13 968
510 38 25 1102
510 44 19 162
510 79 56 1134
510 160 7 1166
510 165 2 334
510 205 11 151
510 211 59 31
510 216 49 961
510 286 31 1235
510 301 23 904
510 315 37 1457
510 318 5 578
510 342 43 131
510 391 17 1374
511 30 27 55
511 84 41 522
511 86 47 1368
511 107 35 234
511 113 56 871
511 124 16 58
511 165 37 248
511 179 43 160
511 188 49 232
511 198 25 1307
511 279 1 335
511 284 23 1414
511 323 13 268
511 327 31 297
511 336 53 1247
512 22 5 74
512 96 20 941
512 162 55 798
512 164 49 1399
512 169 37 1449
512 178 47 1497
512 202 41 614
512 216 1 907
512 244 25 962
512 253 31 1263
512 290 28 1204
512 303 7 292
512 307 13 619
512 345 43 518
512 362 9 172
513 1 25 918
513 5 31 424
513 11 13 766
513 64 43 753
513 76 11 975
513 107 41 234
513 126 55 448
513 206 49 640
513 213 52 639
513 232 7 1253
513 238 4 1425
513 251 1 1419
513 295 37 283
513 353 22 343
513 384 58 447
514 16 41 612
514 25 31 527
514 38 1 526
514 39 55 206
514 74 13 368
514 151 37 449
514 206 16 105
514 235 28 1274
514 244 43 962
514 316 11 390
514 324 7 1488
514 335 19 651
514 336 59 1460
514 385 49 580
514 391 23 859
515 7 43 304
515 23 41 907
515 30 13 55
515 72 19 1233
515 95 55 1477
515 101 34 769
515 110 31 531
515 170 7 798
515 178 23 888
515 211 29 1494
515 215 45 1252
515 262 59 976
515 265 1 791
515 364 50 148
515 396 10 1227
516 23 31 907
516 58 37 1230
516 129 13 1078
516 133 7 1224
516 163 23 1020
516 164 44 178
516 205 41 84
516 207 17 1435
516 210 19 950
516 212 49 825
516 310 55 1117
516 327 33 850
516 334 1 174
516 346 59 1155
516 362 26 403
517 41 37 420
517 69 22 1481
517 151 26 449
517 218 17 86
517 238 49 1089
517 254 1 160
517 282 15 1266
517 323 46 991
517 330 55 167
517 339 7 1043
517 357 4 854
517 371 40 995
517 392 31 1125
517 394 19 353
518 19 39 19
518 55 35 1282
518 78 21 1291
518 95 31 698
518 107 19 234
518 143 13 763
518 145 4 57
518 149 51 1075
518 204 49 943
518 228 7 1299
518 254 1 758
518 261 45 349
518 268 55 1427
518 272 25 920
518 306 29 611
519 77 25 73
519 113 37 118
519 136 5 639
519 145 52 982
519 174 35 826
519 206 19 808
519 233 45 1237
519 256 7 1044
519 274 13 320
519 302 22 1491
519 319 16 636
519 324 31 73
519 338 11 272
519 370 59 230
519 382 55 768
520 38 55 1105
520 58 31 1277
520 74 4 696
520 90 22 76
520 157 13 674
520 158 29 371
520 185 46 1484
520 197 25 888
520 209 37 755
520 212 7 119
520 213 52 331
520 230 59 1135
520 374 11 89
520 379 16 732
521 19 26 147
521 22 53 1368
521 32 49 1183
521 59 38 34
521 130 55 973
521 131 59 1256
521 137 19 1473
521 153 46 131
521 244 10 962
521 287 44 1208
521 301 1 430
521 328 3 748
521 332 17 733
521 366 31 1459
521 393 34 337
522 34 19 1273
522 38 15 780
522 53 1 951
522 104 4 1481
522 132 41 1416
522 145 55 1417
522 173 31 469
522 225 35 965
522 270 49 1176
522 275 47 461
522 282 23 1252
522 284 29 530
522 302 10 1437
522 368 13 493
522 395 37 75
523 18 41 272
523 48 37 718
523 69 28 513
523 221 13 628
523 256 11 943
523 275 35 904
523 285 17 349
523 300 25 205
523 323 19 541
523 331 1 1040
523 334 55 76
523 340 5 95
523 346 53 1348
523 369 7 382
523 391 47 904
524 5 25 508
524 67 8 254
524 68 1 1353
524 119 49 497
524 120 29 463
524 166 43 647
524 168 19 611
524 204 53 707
524 256 23 605
524 264 13 1311
524 285 35 759
524 308 17 1439
524 321 31 110
524 376 57 116
524 388 37 1492
525 20 19 573
525 68 15 1109
525 110 52 1153
525 172 41 1256
525 225 1 760
525 235 25 1274
525 264 43 839
525 267 47 352
525 284 59 1031
525 289 32 10
525 328 55 675
525 368 23 493
525 374 37 558
525 381 3 703
525 387 8 882
526 11 31 829
526 86 43 591
526 88 10 305
526 116 23 633
526 121 47 727
526 177 38 1087
526 182 59 1254
526 191 4 474
526 195 35 935
526 233 55 1360
526 256 13 1044
526 270 25 951
526 315 49 1457
526 347 19 943
526 363 16 558
527 20 34 822
527 35 57 788
527 43 44 576
527 56 55 735
527 71 4 90
527 125 11 1205
527 156 52 35
527 278 40 1313
527 321 13 171
527 322 17 1121
527 354 8 340
527 365 49 1398
527 392 25 615
527 399 20 194
528 3 22 204
528 6 40 779
528 25 55 640
528 102 10 308
528 190 53 1274
528 197 26 501
528 207 37 588
528 274 19 995
528 285 59 759
528 300 44 447
528 309 7 438
528 327 13 342
528 351 31 360
528 366 4 1428
528 397 35 898
529 56 47 100
529 93 43 685
529 102 25 308
529 139 28 837
529 142 11 1029
529 158 21 897
529 161 19 644
529 175 31 1249
529 192 59 1250
529 209 7 656
529 249 1 799
529 263 5 64
529 325 14 1062
529 352 52 604
529 393 23 545
530 19 19 1482
530 26 25 682
530 30 32 799
530 78 28 775
530 84 11 245
530 120 47 787
530 168 55 190
530 189 4 736
530 209 7 625
530 242 1 436
530 245 51 996
530 302 16 864
530 312 43 1227
530 313 38 890
530 397 59 1445
531 1 25 404
531 16 53 578
531 66 49 1209
531 85 31 87
531 86 47 1024
531 93 23 860
531 143 1 1443
531 165 14 402
531 184 7 1290
531 220 55 1443
531 261 43 705
531 275 10 673
531 306 59 705
531 313 37 445
531 351 19 1004
532 41 7 615
532 47 19 1355
532 150 55 865
532 187 43 307
532 208 40 584
532 212 10 1233
532 215 14 1252
532 261 25 349
532 284 49 338
532 292 53 454
532 293 37 10
532 327 1 850
532 341 31 1014
532 352 34 815
533 8 7 610
533 15 49 42
533 33 28 481
533 34 1 1007
533 37 15 1164
533 47 55 494
533 52 19 118
533 54 13 1308
533 62 35 1208
533 135 23 1227
533 230 11 1313
533 260 5 975
533 272 31 1322
533 346 41 1445
533 396 25 1393
534 16 35 568
534 18 59 1101
534 22 55 1338
534 40 13 975
534 59 19 831
534 72 7 1114
534 86 17 594
534 116 4 208
534 175 43 1216
534 217 40 450
534 250 28 336
534 268 49 341
534 273 11 135
534 345 31 86
535 10 35 1470
535 13 10 711
535 22 17 669
535 32 31 1183
535 95 26 1205
535 120 53 1317
535 184 5 940
535 237 45 298
535 251 7 661
535 264 1 1311
535 291 55 455
535 295 49 1104
535 335 20 1277
535 341 37 1014
535 351 13 1402
536 17 49 418
536 59 43 352
536 121 23 252
536 132 35 1007
536 143 7 352
536 147 32 423
536 153 1 240
536 155 55 748
536 168 37 1405
536 224 25 1037
536 254 4 58
536 302 19 1491
536 367 28 1069
536 373 13 272
536 391 41 784
537 69 13 911
537 87 40 87
537 93 49 227
537 186 37 1351
537 196 35 1072
537 254 31 995
537 276 5 1393
537 303 59 1028
537 313 7 794
537 325 55 1480
537 331 1 1375
537 358 51 905
537 367 43 1144
537 389 25 41
537 396 20 976
538 8 37 1353
538 36 25 453
538 55 29 1223
538 93 41 1337
538 112 49 437
538 133 31 633
538 139 16 610
538 153 10 1281
538 227 55 488
538 248 13 1144
538 255 43 959
538 304 23 707
538 346 47 697
538 367 19 1285
538 400 7 1279
539 1 51 1214
539 26 34 663
539 68 20 188
539 147 49 1238
539 189 13 1067
539 195 55 620
539 196 47 732
539 206 43 105
539 228 37 535
539 244 1 465
539 278 7 1008
539 292 5 454
539 359 31 620
539 367 16 837
539 397 41 1272
540 26 7 680
540 75 1 619
540 110 55 523
540 137 43 747
540 186 50 9
540 210 38 477
540 259 13 1174
540 262 47 279
540 275 29 674
540 277 19 647
540 285 17 68
540 289 3 1475
540 321 31 1064
540 345 25 86
541 19 43 19
541 42 47 1093
541 48 34 1066
541 61 7 1359
541 72 55 1252
541 137 3 747
541 183 49 195
541 212 10 825
541 224 22 1470
541 230 25 477
541 253 13 119
541 308 59 340
541 310 27 343
541 329 31 1044
541 381 37 641
542 83 37 1209
542 99 34 724
542 125 55 1205
542 132 47 253
542 157 52 266
542 189 25 1131
542 215 7 101
542 222 49 1343
542 234 57 1338
542 248 16 1331
542 288 31 982
542 332 29 1237
542 347 1 1327
542 369 43 789
542 393 5 549
543 60 43 601
543 101 49 460
543 140 13 384
543 171 19 294
543 172 5 573
543 192 29 856
543 200 40 262
543 202 47 614
543 205 53 440
543 208 7 788
543 230 59 763
543 306 11 611
543 333 35 1464
543 367 31 55
543 381 25 214
544 3 19 99
544 10 59 1390
544 53 23 1135
544 97 13 977
544 128 40 1343
544 130 2 1281
544 138 50 696
544 180 35 1032
544 182 25 724
544 202 53 741
544 266 55 992
544 333 17 236
544 337 31 1476
544 381 43 471
544 392 8 1496
545 41 37 779
545 74 22 614
545 118 10 942
545 135 55 1245
545 272 50 174
545 279 31 902
545 302 46 453
545 332 28 578
545 339 13 1439
545 344 25 1230
545 366 7 315
545 367 19 1242
545 369 1 1009
545 375 59 22
546 2 16 554
546 9 40 892
546 69 58 448
546 116 35 633
546 124 22 18
546 183 49 136
546 198 11 312
546 217 1 652
546 221 31 809
546 257 43 311
546 305 7 1480
546 313 25 70
546 365 13 1469
546 396 55 1419
546 400 4 319
547 25 50 968
547 46 31 1423
547 56 5 705
547 65 43 724
547 98 55 89
547 103 59 305
547 104 7 169
547 148 40 962
547 198 16 1067
547 253 25 185
547 259 1 1174
547 260 11 535
547 306 47 1018
547 326 19 1435
547 352 33 492
548 60 55 160
548 83 50 1449
548 167 3 709
548 175 19 652
548 188 25 613
548 189 9 1067
548 200 13 1087
548 224 37 975
548 246 17 101
548 258 23 661
548 312 34 839
548 320 40 1109
548 327 43 297
549 37 44 1256
549 48 25 894
549 57 37 64
549 90 28 351
549 101 55 1454
549 103 2 707
549 111 16 1043
549 138 40 10
549 160 13 1051
549 168 20 1194
549 194 7 1368
549 208 50 788
549 370 53 901
549 380 31 193
550 31 41 1285
550 40 49 776
550 63 35 1026
550 66 43 1209
550 105 5 53
550 110 46 1253
550 136 53 116
550 161 25 644
550 180 23 84
550 241 55 13
550 252 19 783
550 284 17 673
550 350 27 684
550 375 11 733
550 395 1 1338
551 8 37 610
551 41 43 370
551 95 1 922
551 197 25 793
551 218 5 1066
551 226 31 893
551 240 23 372
551 241 7 204
551 267 11 352
551 279 13 92
551 301 47 430
551 326 56 1069
551 350 49 199
551 364 19 1339
551 379 29 345
552 14 25 381
552 36 55 261
552 44 45 391
552 98 14 982
552 101 52 296
552 102 49 395
552 103 23 1114
552 123 1 871
552 144 59 320
552 206 7 819
552 317 31 906
552 338 28 365
552 348 19 1118
552 388 37 1283
552 391 11 893
553 21 11 913
553 61 46 1449
553 89 37 238
553 111 55 1043
553 143 20 1416
553 146 32 987
553 165 8 727
553 189 58 1215
553 238 40 951
553 299 52 153
553 321 1 171
553 323 43 525
553 339 13 973
553 381 25 1212
554 22 11 1366
554 32 4 819
554 34 7 1273
554 50 1 902
554 116 23 208
554 118 40 1365
554 126 13 959
554 193 17 648
554 236 55 214
554 265 31 791
554 284 25 1031
554 301 29 74
554 313 43 37
554 335 49 651
554 340 53 1078
555 77 9 1500
555 135 17 205
555 153 28 240
555 162 50 1359
555 190 7 1274
555 211 47 1032
555 214 23 474
555 265 43 338
555 302 37 864
555 311 40 1284
555 312 4 1227
555 331 19 253
555 340 59 727
555 363 13 319
555 393 55 25
556 36 49 1448
556 53 11 586
556 75 41 1047
556 179 7 853
556 208 16 788
556 213 19 1115
556 241 37 766
556 248 22 1144
556 250 46 1047
556 280 55 450
556 293 1 1388
556 302 27 1491
556 366 31 1384
556 377 35 410
557 23 11 488
557 37 3 1256
557 47 49 620
557 98 19 89
557 110 13 1446
557 125 59 1428
557 126 7 368
557 131 35 460
557 151 37 1085
557 157 55 829
557 165 31 89
557 258 53 531
557 262 17 326
557 358 25 518
557 375 23 680
558 1 19 404
558 34 7 1070
558 56 11 1497
558 70 13 1228
558 97 37 1164
558 179 43 1115
558 185 31 1088
558 189 58 736
558 192 16 856
558 253 49 185
558 300 34 1065
558 302 4 324
558 313 25 252
558 316 41 793
559 38 43 1322
559 51 1 1492
559 53 17 1359
559 83 37 376
559 143 7 1443
559 159 55 253
559 162 27 1220
559 178 59 888
559 208 13 816
559 216 3 1397
559 222 31 661
559 333 41 370
559 368 22 1364
559 372 52 138
560 5 7 508
560 25 31 34
560 107 29 381
560 134 37 19
560 152 55 1440
560 189 25 736
560 198 45 1067
560 218 47 261
560 229 19 1478
560 233 39 707
560 302 58 453
560 304 5 1382
560 310 1 343
560 330 49 397
560 389 13 216
561 21 23 1109
561 33 10 71
561 49 49 659
561 90 46 277
561 92 58 36
561 148 7 1492
561 181 16 312
561 194 19 336
561 197 25 440
561 200 1 987
561 250 43 1047
561 269 40 580
561 326 4 888
561 348 31 1351
562 30 38 1421
562 31 21 1444
562 57 49 204
562 66 28 319
562 83 43 1124
562 144 11 320
562 174 47 1494
562 176 58 1294
562 186 31 1192
562 304 23 187
562 321 7 171
562 361 13 639
562 389 1 369
562 397 5 898
562 398 17 1077
563 67 49 727
563 68 55 320
563 70 40 782
563 74 28 602
563 89 37 1101
563 109 5 34
563 154 1 1325
563 221 19 1262
563 222 45 251
563 254 13 1189
563 333 17 860
563 340 11 604
563 356 8 559
563 358 31 919
564 3 49 105
564 9 44 892
564 31 19 1444
564 53 41 1143
564 66 10 966
564 68 55 1489
564 70 52 1228
564 193 59 610
564 205 17 26
564 224 21 311
564 230 1 1425
564 303 13 1033
564 320 34 437
564 341 28 1114
564 392 37 788
565 16 47 1429
565 20 43 1489
565 40 33 927
565 93 7 860
565 98 37 201
565 125 4 619
565 158 59 789
565 200 52 585
565 203 9 424
565 254 1 58
565 284 11 230
565 287 50 1101
565 341 22 25
565 358 25 1185
565 381 13 214
566 27 52 532
566 41 55 420
566 58 46 1313
566 93 23 782
566 143 2 352
566 193 11 668
566 207 35 319
566 208 40 816
566 236 16 1125
566 237 49 298
566 301 37 200
566 319 58 502
566 383 31 910
566 384 25 759
566 400 28 441
567 7 53 1403
567 49 55 1430
567 69 28 1412
567 70 37 782
567 95 31 826
567 138 1 1399
567 188 49 1164
567 198 7 1232
567 223 16 21
567 246 47 101
567 283 19 269
567 325 40 1491
567 341 9 1457
567 346 5 513
567 384 43 759
568 7 11 1427
568 12 14 983
568 81 29 909
568 85 2 1255
568 88 52 676
568 110 43 44
568 124 40 556
568 136 37 342
568 197 25 433
568 249 57 1379
568 306 23 297
568 319 7 502
568 332 17 409
568 337 31 885
568 367 19 837
569 12 25 43
569 85 21 181
569 135 35 160
569 140 56 74
569 150 13 281
569 163 29 201
569 171 45 825
569 174 5 676
569 184 43 290
569 249 1 410
569 308 41 158
569 312 16 339
569 321 37 523
569 327 50 891
569 395 8 572
570 32 25 1183
570 50 13 638
570 70 28 1026
570 86 59 1368
570 118 2 475
570 163 11 1430
570 214 17 642
570 220 40 1443
570 223 37 1399
570 254 7 58
570 281 49 1195
570 309 52 766
570 336 47 245
570 361 55 1066
570 393 23 384
571 13 43 1169
571 36 25 162
571 42 31 651
571 50 21 500
571 107 5 933
571 134 11 340
571 140 37 682
571 179 33 1293
571 212 46 1363
571 217 9 652
571 227 1 204
571 240 17 372
571 247 53 399
571 307 56 208
571 348 49 1146
572 7 11 376
572 69 31 1233
572 104 49 1344
572 121 53 1066
572 158 41 785
572 173 55 680
572 208 37 816
572 236 46 312
572 243 19 522
572 263 17 1281
572 282 5 1252
572 299 1 372
572 314 35 1390
572 318 29 330
572 400 26 104
573 7 16 891
573 29 46 1087
573 80 38 585
573 111 7 861
573 115 43 890
573 142 1 1029
573 156 34 306
573 162 19 673
573 169 49 108
573 179 25 49
573 246 11 99
573 278 4 1244
573 286 55 723
573 363 31 913
573 377 13 699
574 19 14 531
574 90 31 878
574 122 5 1261
574 143 7 178
574 180 29 84
574 225 23 1169
574 229 49 662
574 246 11 101
574 273 47 258
574 300 34 1240
574 302 40 1250
574 337 25 494
574 369 19 53
574 378 1 984
574 390 58 620
575 2 43 235
575 36 25 1497
575 84 3 459
575 88 7 162
575 118 31 18
575 125 47 1428
575 256 53 731
575 258 17 112
575 292 13 1164
575 310 49 1440
575 321 37 33
575 332 35 1195
575 351 55 1169
575 352 10 815
575 378 19 860
576 2 13 211
576 9 19 400
576 47 37 771
576 100 57 1284
576 107 25 1491
576 168 27 190
576 203 43 424
576 221 49 679
576 270 31 459
576 304 47 169
576 332 5 733
576 344 2 1059
576 363 7 724
576 366 10 256
577 25 15 1494
577 41 7 1001
577 107 47 859
577 193 41 656
577 216 1 515
577 232 37 169
577 279 19 658
577 290 55 541
577 337 25 225
577 339 43 1040
577 344 49 918
577 350 31 324
577 365 52 219
577 375 23 588
577 391 29 1475
578 7 23 304
578 28 50 436
578 35 13 1124
578 42 17 651
578 74 37 659
578 93 5 685
578 109 59 826
578 112 26 1445
578 161 11 644
578 186 55 1306
578 192 7 574
578 221 44 68
578 240 19 1291
578 258 35 311
578 288 1 982
579 37 21 482
579 59 55 461
579 99 28 195
579 181 46 468
579 183 13 736
579 185 25 1484
579 194 37 70
579 202 5 1321
579 263 17 64
579 269 10 1359
579 312 7 199
579 339 49 330
579 344 31 1230
579 379 53 1446
579 393 59 481
580 26 31 1475
580 60 55 328
580 75 17 1340
580 89 20 238
580 95 38 710
580 107 47 234
580 159 34 1310
580 189 28 736
580 209 13 1169
580 210 43 477
580 312 2 433
580 341 49 25
580 347 8 674
580 390 25 1091
580 397 23 652
581 15 19 1015
581 22 41 1366
581 35 55 775
581 37 13 482
581 63 43 755
581 78 4 82
581 108 17 672
581 150 52 1204
581 179 9 49
581 199 37 1316
581 275 29 1360
581 286 31 749
581 338 35 395
581 379 59 200
581 391 47 481
582 9 10 753
582 12 13 1326
582 49 26 1057
582 92 31 608
582 97 37 1121
582 122 41 1261
582 146 7 86
582 260 16 865
582 274 34 167
582 289 19 991
582 308 47 158
582 310 56 345
582 333 23 236
582 339 1 973
582 342 49 88
583 92 46 608
583 97 49 642
583 102 19 395
583 107 5 572
583 111 1 1132
583 113 31 950
583 122 55 837
583 145 22 328
583 153 13 292
583 173 7 245
583 200 58 1279
583 205 41 26
583 214 11 474
583 272 25 525
583 290 37 831
584 11 1 516
584 14 37 381
584 120 55 1317
584 147 59 423
584 206 22 105
584 212 52 568
584 227 7 67
584 246 11 327
584 288 25 1364
584 292 29 390
584 306 47 709
584 321 43 33
584 351 13 501
584 389 39 216
584 391 34 153
585 4 59 1339
585 37 7 1435
585 52 13 994
585 62 41 766
585 74 26 614
585 80 33 709
585 149 43 411
585 175 37 652
585 267 29 352
585 272 49 931
585 292 11 454
585 347 1 674
585 349 55 819
585 395 19 481
586 28 25 812
586 34 39 1273
586 36 1 455
586 108 5 1353
586 112 55 1323
586 165 13 525
586 189 50 586
586 197 9 163
586 218 59 647
586 240 53 1436
586 256 47 268
586 267 29 848
586 286 31 764
586 314 37 1189
586 369 43 60
587 45 37 594
587 81 17 1212
587 82 43 206
587 158 55 1423
587 178 1 1403
587 190 41 1407
587 199 31 1078
587 246 5 101
587 268 25 599
587 280 19 1026
587 282 11 1075
587 304 35 707
587 310 57 812
587 376 49 279
587 393 29 966
588 34 7 279
588 77 31 614
588 117 55 808
588 118 2 672
588 136 5 1464
588 152 19 1036
588 154 28 776
588 156 25 469
588 178 23 987
588 189 49 1131
588 228 43 732
588 313 13 1017
588 336 17 245
588 343 41 508
588 349 37 1292
589 3 52 1414
589 19 13 989
589 83 55 381
589 112 7 1464
589 131 23 611
589 139 28 1024
589 169 19 695
589 183 31 559
589 184 41 227
589 257 37 549
589 275 59 461
589 350 44 474
589 373 1 34
590 6 55 414
590 116 59 1023
590 126 37 959
590 176 22 1154
590 192 47 240
590 239 31 1152
590 242 49 1254
590 246 35 101
590 250 40 1348
590 251 7 21
590 317 25 906
590 320 19 330
590 327 13 297
590 365 52 535
590 390 10 620
591 31 17 603
591 72 13 74
591 91 37 604
591 111 46 597
591 129 1 1407
591 158 53 1273
591 169 49 183
591 176 31 1294
591 184 9 1290
591 196 35 712
591 247 59 138
591 269 28 1395
591 276 11 1393
591 288 20 399
591 312 25 339
592 85 49 1124
592 137 31 747
592 177 37 489
592 179 25 58
592 204 23 943
592 240 41 1056
592 249 45 1026
592 263 29 1281
592 270 58 1055
592 288 16 931
592 302 7 166
592 322 53 705
592 325 4 972
592 339 19 1360
592 371 55 353
593 24 33 36
593 64 43 792
593 67 51 89
593 114 59 799
593 164 19 264
593 176 55 492
593 193 11 610
593 200 4 644
593 243 37 304
593 244 7 465
593 261 25 1379
593 340 2 1307
593 374 17 611
593 381 13 1101
593 398 23 1305
594 35 50 167
594 70 13 782
594 72 43 398
594 95 31 190
594 162 25 1359
594 180 5 1200
594 197 20 1093
594 255 10 452
594 260 41 1253
594 265 1 1208
594 336 47 518
594 360 55 631
594 375 29 733
594 383 37 1228
595 1 1 668
595 10 11 1009
595 61 19 1453
595 87 46 87
595 91 31 660
595 99 13 771
595 130 49 576
595 145 55 402
595 195 35 659
595 211 41 940
595 297 25 1263
595 353 58 414
595 366 37 1436
595 385 7 741
596 10 41 1009
596 59 13 589
596 140 43 384
596 167 17 10
596 202 29 1321
596 219 49 1488
596 250 37 7
596 255 10 1332
596 268 25 1427
596 269 4 1432
596 287 53 1475
596 294 31 758
596 343 58 828
596 375 35 1105
596 400 22 104
597 78 26 1243
597 85 31 1464
597 112 39 592
597 116 10 633
597 140 19 260
597 193 17 656
597 241 13 1481
597 254 56 131
597 255 7 774
597 362 45 459
597 364 1 958
597 377 37 776
597 394 29 812
597 395 49 666
598 2 34 235
598 3 43 368
598 12 7 1326
598 101 46 227
598 169 1 921
598 179 19 174
598 188 14 705
598 234 37 1123
598 277 55 1365
598 332 41 336
598 386 10 1436
598 389 26 628
598 390 52 699
599 32 7 1183
599 57 46 64
599 65 13 712
599 85 57 173
599 104 34 376
599 126 43 1244
599 153 31 376
599 252 25 1254
599 256 29 605
599 258 5 403
599 266 37 1327
599 310 49 1117
599 361 19 1066
599 387 1 882
600 8 13 45
600 29 10 1317
600 61 40 186
600 156 58 475
600 167 35 439
600 193 53 448
600 195 47 659
600 220 1 1374
600 297 31 1253
600 309 7 253
600 312 19 1150
600 317 26 359
600 344 4 864
600 368 23 1365
600 377 17 1232
601 2 55 1065
601 17 39 1189
601 34 7 1403
601 54 47 1376
601 85 13 793
601 191 32 612
601 231 58 1384
601 232 43 181
601 243 3 522
601 250 19 339
601 277 49 1330
601 341 28 981
601 367 22 837
602 19 19 147
602 48 28 219
602 77 13 138
602 113 1 1159
602 175 38 461
602 178 5 1497
602 180 53 783
602 280 7 234
602 312 25 1067
602 317 32 88
602 336 11 1247
602 369 55 53
602 386 49 1307
602 400 45 856
603 30 1 55
603 32 58 1118
603 40 43 975
603 79 13 796
603 137 50 1473
603 146 10 86
603 210 31 84
603 226 20 672
603 297 37 110
603 343 41 1312
603 352 7 227
603 353 28 680
604 2 43 211
604 13 4 602
604 27 49 314
604 32 34 572
604 39 26 399
604 42 7 1093
604 50 1 555
604 248 46 1331
604 252 13 783
604 294 37 712
604 305 20 911
604 355 31 1164
604 357 9 854
604 359 58 1176
604 377 53 502
605 1 49 588
605 49 13 607
605 75 5 1047
605 76 7 602
605 141 1 590
605 157 22 559
605 171 43 1420
605 185 34 1484
605 192 31 254
605 197 26 1009
605 234 55 1460
605 301 17 453
605 337 38 598
605 341 19 131
605 379 11 1102
606 3 46 638
606 8 7 395
606 57 1 294
606 70 57 374
606 89 13 1453
606 125 55 619
606 136 41 1179
606 139 52 610
606 152 37 474
606 229 19 517
606 271 4 489
606 275 17 334
606 377 43 663
606 381 25 241
606 396 32 1227
607 38 26 1322
607 48 7 259
607 52 55 503
607 119 51 1027
607 190 11 67
607 217 49 1192
607 227 1 664
607 252 32 285
607 273 43 1101
607 300 16 1333
607 330 45 1445
607 338 59 283
607 341 13 981
607 350 19 205
607 396 37 439
608 17 37 418
608 26 1 663
608 74 55 854
608 101 31 604
608 122 17 858
608 178 47 1088
608 184 29 940
608 213 4 1411
608 229 13 311
608 286 7 208
608 303 35 1367
608 318 53 1326
608 355 19 780
608 359 49 584
608 393 23 549
609 51 9 374
609 53 29 647
609 110 37 1411
609 112 49 410
609 239 16 381
609 263 11 1245
609 279 43 831
609 290 13 750
609 297 19 1263
609 338 41 169
609 344 25 1059
609 358 3 761
609 367 56 784
609 369 31 60
609 379 1 856
610 10 29 1470
610 47 55 1355
610 97 1 429
610 99 37 1363
610 171 19 159
610 186 7 897
610 193 59 648
610 225 5 922
610 273 41 33
610 286 49 764
610 320 16 1457
610 326 10 680
610 327 43 428
610 355 33 1118
610 375 25 450
611 18 17 276
611 19 19 19
611 25 26 968
611 48 7 718
611 89 10 901
611 91 37 4
611 103 43 305
611 150 46 67
611 167 5 439
611 179 50 1185
611 204 59 973
611 229 55 1461
611 252 1 419
611 281 15 1195
611 302 31 591
612 70 25 782
612 88 34 1230
612 92 43 990
612 103 59 902
612 120 23 787
612 126 46 1166
612 147 41 1488
612 168 7 120
612 195 52 593
612 206 4 105
612 251 37 605
612 253 13 441
612 263 17 1245
612 338 11 283
612 400 56 856
613 7 17 1427
613 19 43 562
613 41 25 779
613 67 55 254
613 92 52 897
613 114 47 950
613 120 41 1141
613 123 2 1185
613 236 13 1222
613 256 59 894
613 267 35 763
613 302 22 70
613 308 11 1439
613 354 28 1420
613 377 39 1322
614 4 53 1166
614 13 16 48
614 25 7 1494
614 60 57 227
614 87 28 45
614 90 40 736
614 109 5 1220
614 110 1 523
614 141 34 871
614 153 46 639
614 293 43 786
614 319 22 1302
614 343 11 508
614 351 49 157
614 397 55 923
615 11 1 755
615 34 26 1007
615 43 19 923
615 92 37 780
615 105 41 147
615 126 8 261
615 144 5 89
615 187 13 1427
615 193 17 468
615 196 23 1072
615 234 49 1304
615 288 45 399
615 302 31 167
615 357 55 1062
615 366 58 580
616 14 27 203
616 47 49 787
616 85 13 1285
616 127 40 1403
616 150 46 1475
616 162 7 1147
616 182 5 763
616 196 25 368
616 206 1 819
616 255 34 783
616 265 55 579
616 278 31 833
616 288 19 931
616 323 22 1404
616 372 37 255
617 9 25 400
617 14 50 203
617 20 52 573
617 43 20 785
617 148 34 669
617 161 16 644
617 165 13 1208
617 175 43 853
617 197 7 793
617 206 4 906
617 211 29 859
617 279 37 281
617 288 31 931
617 335 56 651
618 34 55 591
618 39 13 131
618 67 19 1306
618 131 59 931
618 177 7 789
618 197 37 1093
618 240 5 647
618 271 26 82
618 280 43 1009
618 287 35 706
618 318 29 601
618 322 23 606
618 329 49 457
618 343 41 1395
618 382 32 264
619 8 1 610
619 11 55 516
619 23 35 411
619 26 27 136
619 100 13 1216
619 169 49 684
619 213 19 85
619 251 31 1437
619 270 22 620
619 285 5 349
619 300 37 577
619 304 11 1355
619 308 41 896
619 313 43 794
619 335 7 611
620 39 25 1027
620 106 43 1023
620 144 47 22
620 150 4 1343
620 165 1 727
620 204 53 973
620 222 19 1392
620 227 49 43
620 242 34 1089
620 259 7 892
620 261 13 755
620 270 22 951
620 273 17 699
620 310 37 320
620 335 55 611
621 9 13 859
621 47 37 787
621 50 34 162
621 99 43 195
621 107 29 234
621 114 23 799
621 120 31 1141
621 131 41 76
621 173 57 526
621 189 52 730
621 255 19 1332
621 256 11 1044
621 326 25 651
621 345 1 339
621 389 7 206
622 1 55 530
622 27 28 391
622 31 15 1444
622 53 47 1135
622 66 37 187
622 77 7 173
622 86 35 1368
622 87 22 157
622 214 59 1097
622 221 31 1021
622 223 19 1224
622 304 11 1382
622 310 43 574
622 332 1 409
622 336 17 1247
623 66 1 1022
623 90 39 878
623 95 27 1496
623 99 31 724
623 100 49 208
623 224 9 1232
623 245 13 87
623 266 19 1153
623 302 56 636
623 304 37 707
623 323 43 991
623 355 34 1376
623 371 46 49
623 386 4 142
623 393 59 1412
624 11 20 60
624 126 1 368
624 180 53 576
624 209 13 1466
624 232 56 1154
624 267 17 848
624 293 40 1388
624 304 29 169
624 316 25 532
624 358 7 641
624 363 49 558
624 368 47 1364
624 385 43 88
624 388 32 1283
625 7 35 1427
625 39 1 624
625 57 28 1476
625 78 19 450
625 82 22 314
625 107 47 232
625 112 50 594
625 164 43 264
625 187 31 1124
625 254 25 1189
625 279 55 335
625 321 14 698
625 325 7 667
625 346 11 1348
625 358 37 905
626 13 37 625
626 37 13 988
626 75 41 731
626 85 43 495
626 102 56 1037
626 116 1 87
626 135 11 1072
626 136 29 445
626 146 4 360
626 168 20 1028
626 217 31 450
626 230 47 906
626 249 49 1232
626 274 26 617
626 375 35 989
627 33 55 71
627 109 53 1220
627 123 49 771
627 142 35 1252
627 150 1 1343
627 174 47 1355
627 199 13 672
627 211 41 31
627 245 43 244
627 254 58 850
627 276 5 871
627 304 17 1482
627 332 29 1174
627 372 22 4
627 376 37 230
628 49 20 1023
628 89 49 463
628 94 59 1411
628 114 29 1184
628 116 17 24
628 136 35 639
628 163 11 260
628 174 41 676
628 234 55 493
628 235 25 304
628 243 13 522
628 286 31 973
628 356 46 1238
628 372 4 589
628 394 1 1014
629 22 29 1368
629 31 41 294
629 33 52 71
629 51 47 682
629 81 17 1169
629 86 11 836
629 89 22 1179
629 101 4 445
629 105 43 331
629 152 1 1036
629 207 59 1435
629 227 37 768
629 290 34 195
629 314 31 404
629 330 25 326
630 49 55 659
630 55 59 335
630 65 26 555
630 68 31 1489
630 110 37 328
630 111 49 597
630 159 19 1244
630 190 5 896
630 277 13 1345
630 292 47 90
630 342 52 825
630 353 1 1155
630 369 7 53
630 387 43 348
631 1 2 918
631 50 34 625
631 92 31 897
631 95 19 1477
631 104 56 1481
631 122 16 1070
631 138 13 1399
631 140 49 74
631 160 25 1166
631 230 59 477
631 261 37 1038
631 293 28 1388
631 369 7 1009
631 385 44 498
632 1 25 588
632 12 4 1348
632 25 7 968
632 32 31 481
632 38 49 423
632 66 34 1043
632 79 1 1472
632 111 46 1081
632 161 53 1383
632 177 38 765
632 219 14 1465
632 231 57 153
632 339 19 628
632 393 23 1412
632 394 11 1014
633 100 44 108
633 115 1 994
633 135 35 1227
633 183 31 314
633 187 56 940
633 190 49 67
633 195 53 659
633 231 22 1384
633 266 7 639
633 278 4 1151
633 308 29 14
633 344 40 1367
633 351 13 542
633 380 25 21
634 10 11 349
634 45 44 976
634 53 17 758
634 57 55 1261
634 98 49 807
634 106 4 26
634 152 34 591
634 202 41 753
634 246 59 101
634 251 22 760
634 274 28 384
634 282 53 1477
634 345 37 41
634 373 7 1027
634 388 13 912
635 50 31 1184
635 55 17 1223
635 66 46 826
635 83 55 977
635 149 1 447
635 169 13 1155
635 220 43 1377
635 265 25 579
635 300 34 498
635 319 40 636
635 332 59 755
635 335 7 651
635 373 49 853
635 389 20 1326
635 398 37 459
636 18 23 276
636 56 25 735
636 78 13 775
636 93 55 227
636 95 57 698
636 136 53 22
636 215 49 1446
636 240 29 1056
636 264 7 304
636 270 16 951
636 271 1 1243
636 275 41 674
636 291 31 455
636 308 47 735
636 359 37 371
637 28 49 326
637 29 34 685
637 91 26 660
637 113 43 71
637 154 55 988
637 194 19 1231
637 218 17 647
637 220 31 1374
637 223 40 1072
637 228 7 578
637 261 13 260
637 390 2 620
638 51 25 374
638 54 19 1308
638 139 49 58
638 147 35 527
638 196 29 162
638 200 22 1164
638 216 1 756
638 244 52 625
638 249 31 410
638 278 13 1132
638 287 5 1101
638 320 57 66
638 343 47 508
638 352 43 18
638 392 37 260
639 17 15 756
639 48 28 1040
639 53 13 1135
639 92 52 479
639 93 49 685
639 104 1 1481
639 134 41 968
639 143 43 1416
639 167 55 118
639 202 35 365
639 219 19 749
639 224 7 1470
639 275 25 904
639 375 57 660
639 384 10 951
640 13 40 1363
640 21 47 136
640 75 55 764
640 89 31 1179
640 104 57 837
640 216 49 1097
640 230 5 167
640 233 13 440
640 304 53 1382
640 313 19 794
640 325 37 210
640 360 8 1188
640 382 1 116
640 395 25 898
640 400 43 104
641 1 14 1214
641 21 47 210
641 41 28 741
641 48 33 454
641 59 3 264
641 109 59 34
641 125 11 183
641 127 25 528
641 130 43 682
641 196 1 1072
641 235 22 148
641 341 19 25
641 348 55 1256
641 387 7 1247
641 398 41 1283
642 8 19 610
642 26 25 545
642 27 43 1285
642 45 13 1123
642 104 7 851
642 108 41 874
642 109 29 261
642 114 11 759
642 115 31 532
642 132 59 1069
642 242 52 1254
642 273 23 1101
642 328 37 1268
642 339 1 628
642 342 34 1409
643 18 35 276
643 25 13 1325
643 28 19 326
643 76 23 1123
643 94 31 977
643 135 47 1245
643 182 5 641
643 199 25 672
643 209 56 1021
643 233 37 105
643 324 49 1121
643 331 7 335
643 360 43 1266
643 363 1 913
643 393 41 70
644 9 22 400
644 11 37 24
644 49 25 493
644 66 34 1353
644 88 10 718
644 105 29 262
644 119 55 991
644 139 16 1024
644 291 49 960
644 292 1 1172
644 300 31 42
644 310 3 366
644 319 13 598
644 344 19 1311
644 395 43 666
645 10 53 738
645 54 11 118
645 57 33 1159
645 67 43 993
645 85 49 495
645 92 1 608
645 147 55 1238
645 162 25 551
645 192 23 856
645 218 29 698
645 282 47 1266
645 292 59 1277
645 309 4 996
645 370 17 1153
645 399 13 518
646 23 9 411
646 32 55 787
646 35 37 1077
646 50 27 408
646 56 59 721
646 67 31 41
646 109 35 1115
646 194 2 151
646 211 25 1247
646 259 43 1143
646 298 14 42
646 329 22 477
646 330 49 500
646 340 53 727
647 42 25 788
647 49 37 1023
647 67 2 41
647 109 23 1033
647 119 49 171
647 122 47 1065
647 129 19 1125
647 172 17 902
647 199 8 1423
647 230 34 1313
647 254 55 885
647 300 14 798
647 310 43 185
647 316 41 258
647 340 29 882
648 29 16 4
648 45 1 268
648 49 7 659
648 90 37 736
648 134 47 550
648 138 13 341
648 208 22 1402
648 226 32 214
648 230 29 906
648 239 58 927
648 255 40 783
648 277 50 1365
648 309 19 766
648 331 43 1375
648 342 55 1409
649 21 23 664
649 85 13 697
649 88 25 305
649 104 50 652
649 155 31 1419
649 160 58 349
649 207 35 131
649 237 47 1131
649 262 53 1481
649 308 41 14
649 313 7 430
649 337 19 95
649 353 1 1134
649 357 4 1214
649 386 28 1371
650 32 31 572
650 58 49 1123
650 64 44 1390
650 100 25 239
650 210 7 235
650 216 13 1097
650 265 37 1075
650 273 35 787
650 276 17 1029
650 290 55 1262
650 306 1 366
650 314 11 1189
650 353 4 469
650 357 22 1062
650 365 58 1119
651 24 25 1121
651 32 19 1337
651 34 43 799
651 212 31 351
651 228 55 839
651 237 35 49
651 252 7 220
651 255 22 1332
651 270 40 924
651 293 4 225
651 303 53 898
651 307 49 780
651 365 1 1398
651 394 16 494
651 396 13 41
652 28 50 736
652 37 55 292
652 82 46 259
652 88 25 1332
652 124 1 1380
652 134 5 327
652 177 15 1135
652 185 10 615
652 190 59 638
652 217 13 1192
652 257 31 1169
652 258 23 647
652 265 19 791
652 290 7 1146
652 365 38 151
653 6 22 414
653 26 10 232
653 35 49 913
653 37 25 1164
653 79 40 1134
653 117 1 1223
653 157 19 1179
653 160 7 156
653 208 37 773
653 221 55 31
653 258 5 1404
653 290 34 1459
653 307 43 561
653 326 31 447
653 350 13 178
654 5 43 1407
654 104 10 988
654 115 58 921
654 153 1 131
654 191 5 448
654 200 19 1087
654 223 49 345
654 265 25 1208
654 272 31 1151
654 279 15 559
654 318 35 206
654 320 55 360
654 331 37 1131
654 343 13 1312
654 367 52 521
655 83 13 1209
655 91 49 793
655 111 20 768
655 122 11 241
655 142 43 665
655 170 31 741
655 204 5 1260
655 281 59 238
655 287 57 1184
655 301 17 352
655 344 25 1311
655 349 1 279
655 365 46 901
655 386 40 1473
655 389 7 1202
656 31 17 1444
656 38 19 1131
656 58 26 592
656 73 37 517
656 104 40 446
656 158 55 1374
656 177 43 489
656 190 29 568
656 239 7 138
656 267 23 171
656 300 31 1027
656 341 58 981
656 358 1 905
656 378 13 879
656 400 10 1279
657 12 46 983
657 105 49 1395
657 112 14 9
657 148 43 669
657 152 1 1411
657 189 40 695
657 199 51 1238
657 223 58 1262
657 247 35 1448
657 248 55 1144
657 290 10 831
657 293 22 786
657 299 19 153
657 327 25 1153
657 355 31 603
658 1 7 404
658 12 22 1097
658 20 25 153
658 55 11 1489
658 78 19 200
658 93 35 178
658 94 47 1089
658 181 13 1065
658 186 4 9
658 189 55 1215
658 239 28 369
658 251 58 169
658 343 17 828
658 381 37 31
658 396 1 398
659 8 13 941
659 37 49 614
659 54 29 648
659 96 55 1316
659 125 11 794
659 133 25 664
659 179 7 460
659 180 23 1273
659 188 37 493
659 204 47 783
659 236 19 210
659 264 43 1435
659 282 31 1443
659 314 17 1390
659 381 1 1212
660 25 19 527
660 63 23 989
660 90 43 277
660 101 58 134
660 131 41 919
660 167 17 262
660 187 1 1427
660 203 5 424
660 205 29 995
660 235 25 148
660 250 10 758
660 295 37 135
660 303 55 898
660 310 31 1017
660 394 7 526
661 34 31 1413
661 62 11 1383
661 86 17 171
661 111 55 921
661 126 43 38
661 212 1 656
661 215 37 1009
661 220 13 30
661 263 5 950
661 280 49 911
661 296 7 416
661 330 25 950
661 349 19 1042
661 386 46 1436
661 398 53 666
662 21 43 913
662 32 28 819
662 52 31 414
662 60 45 685
662 78 19 574
662 217 10 450
662 236 7 753
662 253 38 35
662 259 56 907
662 276 23 1393
662 279 1 831
662 290 25 195
662 305 14 696
662 348 51 709
663 49 3 659
663 122 41 260
663 147 17 527
663 156 13 1380
663 172 47 1388
663 173 31 105
663 203 1 459
663 209 19 438
663 302 49 1491
663 313 37 252
663 320 58 614
663 348 25 1351
663 370 53 1280
663 375 29 183
663 381 7 1212
664 10 5 720
664 15 43 22
664 49 49 1367
664 99 58 25
664 100 19 134
664 151 31 909
664 176 28 492
664 177 7 489
664 202 47 753
664 225 37 602
664 254 1 540
664 284 13 230
664 340 11 1220
664 342 15 825
664 371 55 1032
665 20 52 550
665 27 43 455
665 68 37 1444
665 82 19 1472
665 96 1 941
665 106 25 1023
665 160 55 760
665 170 49 1291
665 197 13 1093
665 237 5 298
665 250 22 1067
665 270 34 924
665 386 7 268
666 1 31 735
666 17 1 111
666 21 26 210
666 42 5 1093
666 107 53 173
666 194 7 70
666 201 59 591
666 205 23 440
666 233 49 45
666 259 13 892
666 292 17 390
666 321 37 873
666 322 47 705
666 338 11 395
666 357 19 557
667 9 31 400
667 21 10 328
667 30 1 63
667 64 25 815
667 78 43 588
667 112 14 831
667 152 7 312
667 189 22 1215
667 220 49 439
667 251 34 661
667 275 52 66
667 292 29 1164
667 351 39 848
667 385 55 45
667 397 5 780
668 7 23 891
668 29 16 685
668 93 29 640
668 106 19 409
668 122 41 241
668 132 55 1007
668 158 47 627
668 174 53 42
668 186 44 9
668 243 25 296
668 257 7 1169
668 345 57 661
668 385 1 1064
668 394 37 353
668 398 35 666
669 28 13 1183
669 67 31 862
669 83 25 975
669 84 23 738
669 125 17 1325
669 130 8 449
669 188 55 1209
669 197 43 1290
669 217 47 375
669 230 3 167
669 251 19 760
669 264 37 1311
669 369 49 1009
670 13 46 436
670 104 43 1305
670 107 49 186
670 129 56 225
670 142 4 555
670 171 25 942
670 224 13 935
670 248 1 1144
670 281 53 747
670 284 23 44
670 293 40 786
670 302 16 1051
670 323 34 991
670 328 7 987
670 336 29 599
671 15 49 22
671 23 46 488
671 39 37 99
671 55 29 1282
671 60 31 328
671 90 55 1363
671 108 53 316
671 109 35 187
671 156 1 1379
671 169 19 1051
671 173 7 1077
671 201 5 672
671 213 43 1398
671 263 23 1245
671 339 13 264
672 12 40 983
672 49 43 659
672 106 49 339
672 116 29 208
672 125 35 1382
672 145 52 328
672 206 31 808
672 231 4 153
672 237 16 298
672 260 59 1017
672 286 19 856
672 303 11 1028
672 318 47 1037
672 331 25 164
672 364 55 1283
673 8 19 45
673 13 4 436
673 17 37 981
673 77 43 950
673 122 35 452
673 183 7 1150
673 257 31 1237
673 262 47 1481
673 282 41 1477
673 292 11 993
673 296 13 262
673 327 55 1153
673 335 27 1477
673 384 49 951
674 3 31 368
674 33 4 71
674 65 55 555
674 147 46 455
674 157 34 1497
674 158 53 652
674 168 27 1028
674 261 37 568
674 267 59 1062
674 289 49 249
674 356 1 1151
674 364 7 518
674 372 22 919
674 381 14 641
675 14 29 203
675 17 9 238
675 35 13 1274
675 94 47 1110
675 100 38 608
675 125 59 1077
675 130 43 343
675 193 23 1482
675 201 53 672
675 220 25 1224
675 237 7 49
675 294 2 735
675 345 32 794
675 357 49 363
675 388 19 761
676 9 58 892
676 22 23 1366
676 26 7 232
676 31 26 1285
676 34 37 806
676 44 43 363
676 128 55 1457
676 131 11 594
676 135 41 198
676 137 31 33
676 198 3 1332
676 223 52 1262
676 226 19 1232
676 228 13 294
676 308 29 158
677 7 59 891
677 55 23 438
677 100 32 1473
677 119 49 1439
677 173 19 624
677 188 1 613
677 197 7 888
677 206 28 808
677 233 55 893
677 238 25 1071
677 274 13 617
677 285 5 68
677 316 47 495
677 370 11 1371
677 400 40 104
678 5 19 508
678 65 37 49
678 78 28 216
678 89 43 503
678 105 23 53
678 153 46 66
678 186 31 528
678 201 11 860
678 244 16 962
678 250 7 336
678 258 1 311
678 306 59 1403
678 333 5 370
678 342 25 1069
678 386 13 298
679 13 52 439
679 50 10 162
679 56 41 735
679 136 23 1351
679 158 17 785
679 211 29 901
679 216 25 864
679 230 5 477
679 307 43 523
679 326 49 888
679 361 13 1482
679 368 35 493
679 377 47 1322
679 385 37 1064
679 386 58 874
680 23 4 1395
680 33 40 1409
680 41 10 1001
680 82 50 210
680 83 31 343
680 131 35 1351
680 135 1 35
680 200 27 633
680 211 53 248
680 213 37 351
680 222 13 251
680 253 19 728
680 274 7 995
680 334 43 443
680 389 55 727
681 39 31 399
681 93 47 640
681 118 40 1070
681 172 59 73
681 198 38 45
681 223 10 21
681 228 19 1299
681 248 7 1453
681 283 13 1058
681 306 35 1018
681 322 53 606
681 335 43 1477
681 349 1 1292
681 359 49 1425
681 393 29 549
682 2 31 1157
682 24 25 371
682 77 7 1371
682 91 13 604
682 104 34 1481
682 113 43 1279
682 171 37 1490
682 178 5 987
682 258 23 893
682 297 56 1325
682 334 19 1117
682 340 17 1118
682 376 1 104
682 392 49 779
683 22 59 597
683 39 25 1055
683 44 55 1339
683 55 17 296
683 75 29 1367
683 81 53 1169
683 110 7 528
683 157 31 769
683 177 19 259
683 202 10 365
683 219 1 572
683 281 47 1195
683 333 5 1418
683 360 13 159
683 394 23 526
684 26 13 903
684 35 1 730
684 62 11 766
684 126 52 918
684 161 9 644
684 187 55 307
684 216 37 1295
684 235 34 1274
684 258 59 531
684 298 43 1359
684 310 26 663
684 335 19 10
684 397 5 1272
685 99 52 1209
685 106 49 409
685 121 23 195
685 133 55 901
685 137 19 419
685 207 43 1312
685 242 4 1368
685 245 26 44
685 327 38 428
685 335 7 10
685 359 45 1117
685 379 1 166
685 384 16 759
685 388 31 210
686 38 31 1105
686 40 39 57
686 47 27 771
686 89 52 503
686 118 7 1429
686 185 58 1484
686 190 5 1407
686 191 37 619
686 245 19 44
686 267 23 21
686 289 43 850
686 319 10 1155
686 375 1 25
686 397 25 1026
686 400 16 913
687 11 49 254
687 17 1 550
687 21 13 556
687 55 23 1223
687 64 15 819
687 196 5 712
687 217 45 1192
687 266 19 1227
687 288 28 982
687 320 37 1398
687 333 53 259
687 340 7 1192
687 353 34 865
687 383 9 1228
687 396 58 1393
688 45 37 1243
688 58 4 1230
688 81 11 1214
688 105 58 348
688 124 13 58
688 131 47 594
688 223 31 345
688 244 25 1204
688 297 43 410
688 348 50 163
688 381 19 1101
688 382 28 1273
688 392 7 629
689 6 58 1272
689 104 46 1338
689 115 37 1125
689 134 41 199
689 162 7 551
689 168 15 183
689 181 43 366
689 254 28 764
689 262 23 976
689 271 55 489
689 280 50 1008
689 336 19 1390
689 372 34 327
689 383 1 859
689 390 31 208
690 4 11 590
690 73 55 1173
690 83 25 612
690 158 29 1302
690 161 7 1065
690 166 49 896
690 278 1 317
690 288 4 982
690 332 59 1237
690 335 37 733
690 338 17 365
690 351 43 360
690 363 32 558
690 393 35 549
690 398 41 13
691 20 51 67
691 38 13 220
691 98 55 1136
691 103 4 707
691 138 34 741
691 198 32 1332
691 258 17 110
691 262 59 662
691 265 37 579
691 285 29 1449
691 324 7 11
691 332 49 1230
691 336 11 1494
691 349 43 1029
691 375 47 1105
692 47 49 99
692 61 13 972
692 94 23 1110
692 111 19 594
692 123 44 1432
692 201 29 769
692 221 55 809
692 226 25 1232
692 266 2 1367
692 294 7 211
692 300 16 706
692 306 31 709
692 349 37 837
692 356 33 312
693 11 49 829
693 40 19 679
693 46 41 1423
693 58 1 1154
693 98 37 38
693 141 4 590
693 147 13 325
693 158 11 371
693 224 31 996
693 233 56 612
693 245 25 850
693 306 47 297
693 312 7 839
693 321 43 958
693 358 15 919
694 2 32 1282
694 11 25 829
694 46 35 91
694 58 55 108
694 70 50 782
694 74 58 1351
694 81 41 1214
694 94 5 850
694 197 20 80
694 242 45 673
694 247 53 81
694 330 1 1001
694 360 37 1300
694 362 7 706
694 389 13 241
695 59 14 784
695 60 7 316
695 80 43 709
695 97 49 903
695 135 47 35
695 148 38 1017
695 195 35 433
695 196 11 838
695 247 29 138
695 253 57 1056
695 270 1 924
695 282 23 1443
695 336 41 308
695 338 31 365
695 389 19 36
696 29 49 1144
696 49 7 811
696 63 43 1257
696 109 53 717
696 157 34 664
696 167 13 439
696 204 29 943
696 218 47 943
696 226 15 1417
696 240 37 807
696 297 56 410
696 341 22 131
696 343 1 1312
696 381 25 641
696 394 5 526
697 2 43 76
697 10 29 211
697 48 10 259
697 114 55 950
697 122 19 1174
697 137 1 33
697 138 58 1399
697 165 34 727
697 193 5 909
697 231 31 1254
697 233 49 612
697 255 7 1332
697 259 21 1368
697 262 15 976
697 346 13 958
698 2 50 1282
698 30 3 627
698 67 7 1306
698 79 58 64
698 81 1 1214
698 85 20 298
698 95 25 698
698 175 37 611
698 271 16 82
698 276 41 871
698 306 53 297
698 309 46 460
698 327 32 428
698 396 55 1348
699 2 10 76
699 10 23 1348
699 52 49 1403
699 108 7 1131
699 109 41 826
699 128 16 743
699 130 31 185
699 134 59 550
699 135 35 198
699 153 19 66
699 256 1 605
699 332 5 31
699 362 25 1135
699 366 13 1428
699 394 3 1014
700 27 58 1285
700 32 22 572
700 35 37 913
700 67 43 1404
700 87 25 1293
700 161 53 644
700 202 55 741
700 229 1 768
700 233 49 440
700 262 41 662
700 285 19 921
700 288 28 931
700 341 10 25
700 372 7 1419
700 377 13 1232
701 24 1 371
701 32 46 1208
701 59 9 492
701 69 55 100
701 151 13 449
701 155 26 1326
701 167 7 709
701 179 19 904
701 195 17 433
701 227 31 648
701 271 37 469
701 325 40 210
701 365 58 188
701 375 43 989
701 399 49 282
702 10 59 1009
702 17 37 795
702 47 1 1180
702 65 20 555
702 74 31 602
702 163 35 201
702 246 5 99
702 264 14 14
702 279 55 1250
702 347 43 1418
702 358 25 74
702 387 49 882
702 399 7 676
703 9 49 892
703 10 23 444
703 89 55 1453
703 94 59 1089
703 121 16 735
703 129 19 1407
703 131 25 1220
703 200 52 743
703 208 4 816
703 234 31 1359
703 241 9 276
703 311 13 419
703 357 28 1150
703 361 38 1266
703 377 35 1232
704 12 34 983
704 16 59 590
704 35 19 1408
704 133 13 633
704 135 17 1227
704 207 11 53
704 214 31 1159
704 227 1 782
704 232 49 489
704 289 43 738
704 314 23 338
704 339 55 252
704 376 27 784
704 381 37 214
704 399 7 313
705 10 49 615
705 133 44 95
705 183 7 513
705 192 59 503
705 194 13 1231
705 246 53 664
705 252 55 1263
705 271 37 1379
705 275 23 1360
705 292 35 1235
705 295 19 135
705 313 26 874
705 314 1 338
705 344 40 1230
705 345 3 1184
706 2 43 1282
706 5 19 965
706 41 1 1340
706 64 13 1390
706 79 37 796
706 164 7 181
706 182 40 381
706 267 53 763
706 298 25 1382
706 308 59 14
706 314 33 338
706 352 46 541
706 360 55 1188
706 367 50 1066
707 12 28 1097
707 34 55 799
707 44 43 502
707 48 4 783
707 74 9 602
707 180 47 1279
707 199 37 912
707 213 49 138
707 255 1 266
707 264 31 1306
707 276 17 1304
707 282 23 445
707 285 35 1231
707 337 13 548
707 394 19 163
708 6 51 91
708 23 5 907
708 33 7 531
708 65 1 728
708 112 19 711
708 162 15 551
708 177 31 173
708 270 43 452
708 278 46 1023
708 284 11 44
708 311 23 747
708 315 25 26
708 329 56 477
708 354 40 340
708 355 37 1376
709 21 5 664
709 39 37 1055
709 83 43 376
709 84 7 522
709 87 50 674
709 102 55 822
709 118 25 1473
709 185 28 1484
709 199 9 1131
709 256 21 605
709 277 31 1345
709 278 1 1244
709 285 41 485
709 351 14 806
709 370 53 252
710 124 34 248
710 162 37 190
710 199 25 36
710 210 55 84
710 221 7 1323
710 243 2 411
710 247 11 471
710 266 13 1367
710 295 51 1321
710 344 43 878
710 374 29 1403
710 375 17 680
710 384 19 951
710 396 31 1071
711 9 7 941
711 52 1 862
711 53 59 214
711 78 46 588
711 82 14 1008
711 142 43 822
711 151 55 909
711 182 41 1238
711 228 21 665
711 290 10 1204
711 294 49 712
711 324 32 11
711 387 25 1110
711 390 38 1091
711 398 5 1077
712 3 52 1154
712 45 43 13
712 48 58 965
712 56 29 1497
712 92 10 1222
712 115 7 532
712 122 47 1261
712 153 16 731
712 195 39 234
712 199 31 91
712 226 2 60
712 262 35 398
712 356 55 183
712 378 25 524
712 390 19 620
713 4 53 181
713 12 4 1326
713 28 19 1500
713 40 38 842
713 48 13 454
713 55 17 1065
713 56 49 100
713 122 9 837
713 139 58 1388
713 149 25 1444
713 196 23 585
713 198 1 481
713 256 7 731
713 311 11 747
713 350 44 1056
714 17 19 418
714 56 23 705
714 87 16 760
714 88 40 718
714 115 4 1340
714 127 37 1403
714 137 43 402
714 217 25 1192
714 228 7 294
714 268 55 341
714 351 32 848
714 379 29 965
714 382 1 154
714 392 49 241
715 39 49 200
715 41 40 615
715 96 19 1316
715 131 5 791
715 146 13 1292
715 148 16 842
715 157 43 1317
715 215 8 896
715 223 37 502
715 242 58 1173
715 296 1 1480
715 369 25 789
715 384 46 365
715 387 31 1110
716 88 7 305
716 154 32 1325
716 166 13 100
716 205 29 1379
716 247 47 138
716 251 19 838
716 279 43 4
716 284 59 44
716 289 25 183
716 297 49 1325
716 326 10 1069
716 342 55 330
716 343 23 1312
716 344 4 1209
716 386 40 1436
717 22 35 1366
717 91 37 660
717 127 46 48
717 191 59 1026
717 197 51 1093
717 211 41 573
717 214 29 562
717 226 13 473
717 230 7 167
717 259 31 763
717 281 19 1195
717 284 11 530
717 332 23 336
717 373 1 496
717 378 25 984
718 31 31 1285
718 81 41 1153
718 82 58 452
718 95 7 593
718 134 23 19
718 140 43 730
718 154 4 1449
718 162 26 277
718 229 37 1478
718 249 33 1379
718 292 17 65
718 294 19 211
718 297 13 1420
718 333 11 1306
718 391 47 1240
719 28 55 326
719 109 22 826
719 117 7 542
719 137 14 747
719 159 4 453
719 270 43 924
719 286 25 208
719 301 59 1224
719 317 49 1169
719 360 32 717
719 368 11 416
719 388 37 232
719 398 29 13
720 38 49 1322
720 52 13 366
720 54 17 1308
720 86 41 911
720 138 43 696
720 157 46 1144
720 193 35 610
720 197 9 1093
720 256 5 943
720 257 31 409
720 293 37 1388
720 316 29 1203
720 335 20 733
720 356 57 312
720 365 25 1036
721 30 13 255
721 95 19 593
721 162 43 279
721 182 53 724
721 195 23 433
721 199 31 672
721 206 4 640
721 246 35 992
721 248 37 1453
721 284 57 1031
721 308 11 420
721 320 40 780
721 321 7 110
721 358 49 860
721 359 1 1308
722 94 53 850
722 118 16 320
722 126 22 660
722 140 49 64
722 145 25 328
722 152 4 1440
722 156 31 437
722 172 34 1256
722 186 58 1192
722 195 47 717
722 212 1 1233
722 233 8 858
722 241 43 674
722 263 29 1353
722 302 40 324
723 168 7 1028
723 218 47 86
723 219 43 572
723 221 50 919
723 229 31 521
723 236 28 450
723 238 19 461
723 261 13 349
723 282 17 1266
723 292 5 1001
723 298 37 1359
723 309 25 253
723 312 55 1227
723 337 1 74
724 77 1 1421
724 109 11 1033
724 122 35 1070
724 127 7 447
724 165 25 654
724 225 5 542
724 227 13 768
724 239 31 448
724 273 19 721
724 359 58 1166
724 366 52 1428
724 370 17 252
724 374 29 695
724 378 21 759
724 396 40 1227
725 9 52 892
725 38 1 1131
725 59 31 63
725 62 23 1383
725 94 17 850
725 109 35 1033
725 119 55 958
725 232 25 679
725 251 19 1192
725 297 13 110
725 315 43 1032
725 317 39 1159
725 318 29 1038
725 370 11 252
725 374 47 89
726 4 23 1339
726 49 13 659
726 78 1 1257
726 79 31 1471
726 87 34 760
726 112 55 372
726 131 29 439
726 167 59 1189
726 230 49 1200
726 242 40 22
726 273 17 199
726 288 52 992
726 297 44 110
726 309 25 766
726 310 19 366
727 6 13 732
727 30 25 1047
727 33 37 638
727 83 43 1088
727 118 10 672
727 146 40 972
727 197 55 1093
727 215 31 1252
727 262 17 976
727 309 50 1220
727 318 23 489
727 339 2 697
727 360 19 717
728 33 7 481
728 50 25 625
728 72 19 158
728 90 4 796
728 106 1 1042
728 145 10 1482
728 166 55 266
728 181 28 1489
728 245 31 1085
728 264 49 902
728 286 37 764
728 327 13 90
728 355 46 370
728 393 35 25
728 398 17 1305
729 2 16 211
729 3 55 1332
729 7 11 304
729 37 44 292
729 84 35 522
729 121 37 990
729 123 31 1432
729 179 39 460
729 196 29 712
729 240 13 1291
729 316 5 793
729 334 19 110
729 336 23 1247
729 339 50 1360
729 385 1 152
730 5 55 531
730 17 7 550
730 20 31 76
730 58 20 1123
730 102 13 1215
730 120 47 238
730 198 43 1067
730 206 34 808
730 209 38 1169
730 220 49 1224
730 242 16 627
730 320 1 360
730 334 25 30
730 377 53 663
731 59 7 871
731 63 17 104
731 151 31 1355
731 155 1 349
731 160 55 235
731 210 19 375
731 211 41 759
731 215 37 1252
731 234 13 1081
731 248 25 235
731 338 29 272
731 342 52 88
731 371 49 721
731 383 43 1199
732 17 7 461
732 27 34 1285
732 48 49 1153
732 166 25 1262
732 175 1 390
732 179 19 878
732 208 31 816
732 210 37 950
732 229 55 244
732 244 16 454
732 317 43 1033
732 325 52 972
732 332 5 336
732 357 13 1179
733 45 49 1390
733 52 31 70
733 65 55 724
733 103 9 977
733 177 19 1172
733 179 26 460
733 197 37 888
733 210 43 485
733 308 7 14
733 336 13 1494
733 365 3 1492
733 367 16 1066
734 15 15 1033
734 16 23 1208
734 23 13 411
734 27 4 465
734 30 19 799
734 97 43 1459
734 118 1 1070
734 175 25 199
734 228 37 1450
734 240 41 647
734 250 7 1448
734 291 33 1244
734 340 53 1311
734 360 49 1201
734 363 10 724
735 8 37 1430
735 17 49 769
735 25 43 640
735 45 13 468
735 48 7 306
735 53 47 1143
735 112 25 596
735 128 20 444
735 144 35 320
735 208 1 788
735 262 11 976
735 347 31 478
735 356 4 1254
735 367 56 1197
735 393 59 842
736 21 37 1273
736 69 40 448
736 100 49 1216
736 116 7 562
736 141 28 590
736 142 17 555
736 185 1 750
736 228 31 238
736 273 23 848
736 305 43 496
736 308 35 216
736 312 4 1031
736 362 19 403
736 369 13 296
736 379 10 856
737 49 7 100
737 63 35 331
737 94 41 374
737 100 13 239
737 117 20 964
737 145 31 680
737 197 25 1093
737 240 29 987
737 278 51 1313
737 286 37 723
737 369 43 695
737 388 55 325
737 390 3 1091
738 9 28 400
738 17 7 1189
738 32 52 1183
738 85 19 697
738 108 35 874
738 115 46 463
738 142 5 1290
738 195 23 922
738 206 40 640
738 231 49 1088
738 275 2 1044
738 291 31 347
738 320 55 780
738 339 14 676
738 374 59 465
739 35 55 730
739 92 1 654
739 94 17 1188
739 120 5 463
739 147 59 527
739 159 49 557
739 167 41 709
739 205 35 84
739 230 53 1141
739 234 45 290
739 283 7 1260
739 293 28 786
739 310 20 230
739 354 25 1010
739 376 13 352
740 10 17 241
740 37 3 1435
740 69 8 1412
740 74 46 395
740 105 41 723
740 110 34 665
740 117 25 964
740 146 19 1260
740 211 53 1032
740 242 58 1131
740 285 29 816
740 290 49 153
740 338 23 169
740 349 37 1466
740 391 1 1240
741 3 19 1240
741 73 52 660
741 134 41 550
741 143 56 1416
741 165 25 727
741 171 31 1176
741 175 7 339
741 176 1 1294
741 190 17 896
741 218 23 1066
741 246 35 516
741 276 39 1304
741 325 46 878
741 384 13 759
741 394 29 576
742 17 19 601
742 18 17 410
742 30 43 255
742 108 23 736
742 154 10 1449
742 158 29 789
742 199 57 1423
742 219 32 482
742 230 47 1454
742 269 37 1150
742 324 49 324
742 337 1 1202
742 341 25 1040
742 396 7 41
742 397 5 1337
743 2 22 562
743 14 5 1330
743 30 43 1421
743 55 35 438
743 73 19 1159
743 123 55 1195
743 156 7 627
743 162 25 619
743 168 1 1194
743 214 29 279
743 258 11 888
743 333 41 1316
743 341 52 25
743 365 16 188
743 395 37 898
744 9 43 81
744 14 11 381
744 25 38 1494
744 91 7 1382
744 165 31 248
744 195 5 620
744 197 56 1290
744 213 46 1123
744 225 3 738
744 226 25 1223
744 328 49 272
744 343 53 697
744 362 14 403
744 386 19 551
745 2 19 76
745 42 11 684
745 45 55 838
745 64 49 815
745 66 40 1043
745 119 25 721
745 162 31 95
745 216 1 331
745 259 7 721
745 361 44 1344
745 363 13 724
745 382 22 551
745 393 17 384
746 22 53 1366
746 30 56 63
746 62 31 118
746 91 13 535
746 110 40 454
746 111 25 1132
746 119 1 1027
746 193 35 1491
746 202 29 614
746 222 46 1392
746 250 43 1348
746 315 49 1263
746 344 37 628
746 351 8 157
746 385 19 639
747 2 13 235
747 38 31 725
747 75 59 1102
747 103 5 1114
747 135 1 584
747 143 20 763
747 163 17 1430
747 164 25 264
747 192 29 661
747 267 53 352
747 270 37 452
747 338 35 283
747 354 46 782
747 363 10 558
747 365 49 408
748 23 7 411
748 42 13 919
748 49 9 159
748 82 40 975
748 87 55 1199
748 113 49 950
748 124 16 556
748 141 43 586
748 199 19 1423
748 214 38 1235
748 253 31 1491
748 339 25 330
748 354 46 306
748 387 1 24
749 23 59 1091
749 75 11 1047
749 149 49 922
749 155 13 703
749 175 37 1078
749 189 4 21
749 209 7 80
749 272 20 959
749 287 17 535
749 325 1 658
749 328 55 1302
749 344 25 878
749 347 32 1199
749 359 28 43
749 362 43 1135
750 2 19 562
750 64 49 723
750 96 1 232
750 104 43 1338
750 111 37 589
750 124 40 1393
750 178 47 706
750 190 23 590
750 241 31 766
750 243 25 530
750 263 17 1353
750 286 7 112
750 295 55 1033
750 384 13 1243
751 21 53 136
751 29 1 489
751 38 43 964
751 104 13 1010
751 128 16 1166
751 138 25 1399
751 148 55 669
751 168 39 142
751 175 7 1374
751 189 31 736
751 284 21 1031
751 308 37 216
751 354 4 135
751 368 49 416
752 83 37 253
752 91 19 793
752 92 7 1377
752 113 49 118
752 139 1 1024
752 182 41 775
752 188 55 398
752 203 23 424
752 235 34 148
752 240 10 1291
752 245 13 545
752 254 4 414
752 340 59 95
752 382 46 1273
752 393 17 736
753 47 37 1439
753 75 11 500
753 95 1 749
753 126 49 1461
753 197 13 1290
753 206 26 105
753 211 17 901
753 288 44 1364
753 289 7 114
753 295 55 283
753 340 5 882
753 364 31 842
753 369 19 430
753 371 52 721
754 14 23 203
754 27 40 391
754 38 2 1322
754 75 35 1344
754 87 13 1409
754 118 31 1429
754 179 7 160
754 221 19 1377
754 249 51 1200
754 284 49 1414
754 290 28 584
754 306 11 297
754 339 43 330
754 391 37 1475
754 400 58 201
755 5 37 424
755 53 55 1421
755 71 34 990
755 106 10 26
755 168 26 281
755 181 22 312
755 217 2 450
755 222 4 1392
755 255 52 95
755 322 41 606
755 323 58 541
755 388 43 1283
755 395 13 898
756 130 1 682
756 148 28 1435
756 252 43 783
756 259 37 336
756 282 9 1477
756 286 49 794
756 321 56 171
756 326 25 1024
756 340 41 95
756 345 13 204
756 346 5 1147
756 399 31 1245
756 400 19 104
757 84 23 1446
757 115 10 891
757 117 13 964
757 167 17 639
757 173 1 776
757 230 47 1200
757 245 37 44
757 255 28 1332
757 265 43 579
757 339 55 1040
757 351 19 525
757 362 49 1135
757 364 31 627
757 368 41 493
758 10 17 720
758 14 27 381
758 23 47 411
758 33 19 1427
758 43 1 759
758 67 49 306
758 80 55 1096
758 81 29 1153
758 192 5 503
758 213 10 187
758 231 22 1429
758 272 43 1376
758 289 31 7
758 341 13 25
758 348 37 1452
759 40 49 966
759 104 22 1338
759 108 47 874
759 180 53 84
759 227 43 1380
759 229 31 244
759 236 16 1222
759 244 13 324
759 261 1 1337
759 282 5 1473
759 301 11 579
759 319 7 598
759 334 55 1488
759 351 38 1089
759 361 25 1180
760 18 47 1472
760 50 2 601
760 114 13 819
760 170 8 200
760 188 15 210
760 197 37 1290
760 226 31 731
760 257 19 549
760 278 58 966
760 292 11 1277
760 313 25 1104
760 316 23 793
760 330 43 500
760 336 35 245
760 362 49 459
761 6 28 732
761 8 49 1383
761 28 32 517
761 71 25 90
761 96 19 502
761 104 2 988
761 169 37 662
761 206 46 105
761 240 53 372
761 254 43 910
761 307 14 529
761 313 55 584
761 319 10 502
761 338 5 1366
761 370 41 991
762 5 55 1135
762 22 23 277
762 100 19 138
762 117 13 1432
762 130 43 612
762 135 31 205
762 148 34 1291
762 152 25 770
762 187 1 826
762 225 41 572
762 272 51 429
762 276 17 1085
762 303 29 292
762 325 7 1062
762 367 10 66
763 1 31 918
763 13 22 753
763 83 37 977
763 103 11 1351
763 119 13 694
763 156 19 1411
763 166 1 441
763 205 17 440
763 282 53 236
763 288 7 399
763 309 46 438
763 327 49 428
763 340 43 556
763 345 55 204
763 379 29 1419
764 3 31 1154
764 20 57 573
764 23 2 1395
764 44 19 391
764 52 49 648
764 99 28 905
764 132 40 255
764 174 55 81
764 178 5 1088
764 289 13 7
764 294 44 977
764 302 7 357
764 359 10 584
764 365 34 756
765 22 22 597
765 40 44 966
765 51 19 374
765 84 5 459
765 93 41 685
765 133 49 1445
765 135 35 1245
765 230 29 167
765 277 31 647
765 295 55 135
765 312 2 839
765 352 25 492
765 355 7 780
765 357 38 557
765 365 10 104
766 11 49 933
766 25 55 1494
766 146 19 457
766 148 25 375
766 171 1 1200
766 184 23 227
766 226 31 315
766 246 53 99
766 271 43 838
766 310 7 230
766 312 46 557
766 327 39 891
766 334 13 443
766 346 5 642
766 374 17 89
767 6 37 91
767 23 11 1395
767 30 55 73
767 40 43 981
767 63 47 585
767 71 49 90
767 91 7 341
767 93 59 1312
767 121 17 290
767 127 52 1374
767 296 13 933
767 331 32 253
767 349 19 1292
767 366 28 266
767 385 3 580
768 31 17 1014
768 48 13 1238
768 70 7 1119
768 106 1 1023
768 109 41 261
768 163 29 1020
768 198 5 1232
768 205 59 84
768 242 10 436
768 260 23 1398
768 281 21 1195
768 293 46 786
768 318 25 658
768 374 53 449
768 378 32 524
769 31 17 225
769 73 55 444
769 99 43 1363
769 107 37 234
769 177 49 1020
769 201 47 860
769 220 39 353
769 235 14 304
769 242 27 1089
769 252 7 419
769 265 32 579
769 275 5 674
769 296 19 996
769 355 1 1164
769 356 58 858
770 34 49 1007
770 55 59 308
770 113 25 11
770 118 22 34
770 153 44 240
770 158 29 11
770 208 3 584
770 227 55 993
770 277 37 1345
770 292 35 1172
770 303 1 1028
770 334 31 443
770 353 16 960
770 359 19 43
770 373 7 648
771 40 49 81
771 43 31 923
771 99 37 545
771 135 11 198
771 136 35 342
771 140 13 351
771 189 45 1215
771 216 19 1464
771 239 58 990
771 273 29 1101
771 275 5 673
771 284 43 1414
771 291 7 108
771 319 2 502
771 338 17 283
772 39 45 1059
772 41 7 779
772 60 37 160
772 79 28 1134
772 100 49 608
772 113 19 186
772 114 4 1134
772 152 1 770
772 197 13 433
772 221 56 1293
772 236 34 753
772 300 25 1272
772 398 10 666
773 51 35 374
773 64 19 1187
773 104 10 1481
773 126 43 225
773 166 1 99
773 168 13 613
773 172 47 982
773 177 49 259
773 208 7 1360
773 240 53 991
773 271 58 1359
773 327 39 590
773 340 5 958
773 360 26 249
773 391 55 82
774 3 10 1154
774 39 19 662
774 46 13 91
774 84 37 1446
774 106 1 474
774 135 17 76
774 153 4 66
774 166 31 266
774 175 55 339
774 223 28 1072
774 225 35 1169
774 267 41 1062
774 280 43 450
774 285 23 1449
774 323 25 741
775 114 35 819
775 123 25 1432
775 150 22 1143
775 163 59 1430
775 164 49 158
775 181 37 1384
775 186 10 921
775 261 55 705
775 276 29 110
775 309 4 525
775 324 43 1488
775 334 14 1117
775 359 31 1166
775 379 41 732
775 382 19 1109
776 13 32 439
776 24 57 741
776 73 52 1038
776 116 35 660
776 119 27 991
776 139 49 37
776 154 13 1414
776 182 41 894
776 206 19 640
776 236 46 319
776 256 3 731
776 271 22 615
776 304 55 1266
776 333 5 399
776 388 37 748
777 40 19 966
777 95 25 593
777 115 55 1216
777 142 47 651
777 189 13 597
777 193 53 648
777 216 31 684
777 272 7 258
777 276 59 1085
777 282 17 1443
777 339 49 973
777 347 1 1205
777 385 38 639
777 387 43 882
778 67 38 862
778 115 13 463
778 139 50 738
778 164 55 1240
778 168 7 183
778 172 29 1279
778 181 1 1065
778 257 20 30
778 261 31 260
778 308 25 1439
778 311 46 1284
778 318 11 1037
778 329 16 1194
778 375 5 1105
778 393 53 545
779 41 39 1340
779 68 43 1109
779 103 1 977
779 117 19 369
779 163 23 1430
779 182 53 894
779 223 34 42
779 239 13 335
779 248 16 1144
779 293 8 1118
779 301 47 74
779 309 58 253
779 311 51 1284
779 344 25 1209
779 360 3 1172
780 48 1 865
780 59 49 264
780 72 25 1233
780 79 16 116
780 83 19 612
780 121 5 43
780 138 58 178
780 142 41 651
780 180 35 1306
780 188 43 603
780 235 7 148
780 280 37 131
780 347 31 1238
780 374 47 449
780 393 53 966
781 20 38 550
781 50 3 638
781 70 10 1411
781 75 29 500
781 179 31 160
781 199 13 63
781 210 25 84
781 225 1 648
781 272 55 174
781 273 41 699
781 277 19 1345
781 294 49 262
781 319 7 809
781 369 43 430
782 43 38 576
782 53 5 586
782 143 7 763
782 173 19 894
782 191 11 448
782 195 1 659
782 200 43 633
782 211 53 31
782 224 34 55
782 225 27 445
782 278 31 1132
782 322 17 606
782 338 23 283
782 378 49 524
782 385 13 1258
783 8 13 1430
783 29 55 605
783 41 10 779
783 55 5 296
783 88 7 251
783 129 25 1407
783 195 53 433
783 226 1 1232
783 229 19 1105
783 241 49 276
783 263 23 1064
783 284 59 338
783 316 17 712
783 322 47 816
783 377 41 913
784 3 37 1414
784 20 16 1489
784 56 29 232
784 78 49 1055
784 86 34 911
784 103 7 977
784 138 43 741
784 149 2 1444
784 159 31 99
784 174 59 1355
784 199 55 672
784 281 23 550
784 287 47 933
784 316 11 793
784 364 25 1339
785 10 53 1009
785 15 38 1472
785 23 7 1395
785 71 19 82
785 78 55 588
785 104 16 1254
785 142 5 651
785 157 31 164
785 195 11 1215
785 198 23 45
785 232 1 1253
785 260 59 1398
785 307 25 1005
785 311 35 419
785 399 49 1077
786 50 44 555
786 60 19 685
786 81 29 1169
786 115 9 43
786 124 13 248
786 159 25 1244
786 229 50 1478
786 241 33 585
786 260 17 1454
786 296 1 933
786 343 7 1312
786 357 55 1150
786 381 37 572
786 397 31 652
787 16 59 90
787 21 25 1436
787 31 47 30
787 40 55 842
787 53 29 586
787 86 53 1119
787 110 1 178
787 125 41 1325
787 176 4 1150
787 265 43 528
787 303 27 1184
787 325 16 972
787 339 49 1040
787 385 21 580
787 390 34 1091
788 46 55 495
788 86 35 594
788 96 27 260
788 129 31 903
788 158 17 789
788 169 43 1155
788 190 41 568
788 196 59 838
788 208 52 965
788 217 13 450
788 229 7 1087
788 242 19 864
788 320 22 66
788 377 11 663
788 379 47 593
789 61 22 1453
789 166 49 647
789 173 13 1077
789 176 46 1294
789 208 7 816
789 213 25 131
789 229 55 186
789 247 17 342
789 259 38 774
789 265 1 1018
789 282 59 1477
789 299 43 1267
789 350 31 187
789 377 5 617
789 396 10 1021
790 47 7 787
790 58 40 1154
790 63 53 669
790 87 43 573
790 111 37 1339
790 180 17 1273
790 199 56 199
790 226 25 444
790 252 13 769
790 296 1 262
790 321 49 33
790 350 20 199
790 369 31 98
791 14 52 203
791 41 58 890
791 55 49 335
791 91 7 604
791 140 39 807
791 144 17 1261
791 166 44 1262
791 209 19 473
791 249 1 1188
791 276 35 1085
791 301 11 10
791 339 25 611
791 354 31 1300
791 367 14 1197
792 64 13 54
792 95 1 249
792 98 19 723
792 146 58 360
792 147 41 527
792 158 23 87
792 177 49 516
792 246 47 99
792 265 25 1255
792 316 37 495
792 322 53 112
792 355 55 1118
792 373 7 1405
792 392 43 1189
792 399 31 787
793 8 25 610
793 65 49 638
793 66 1 914
793 68 55 1109
793 102 34 308
793 168 43 281
793 173 38 680
793 192 53 1146
793 235 31 1274
793 294 13 236
793 312 10 1031
793 327 19 891
793 366 7 596
793 370 59 30
794 1 55 1194
794 5 49 424
794 100 19 608
794 114 59 819
794 147 5 527
794 154 7 1325
794 195 16 593
794 228 32 535
794 238 46 151
794 254 28 131
794 273 23 33
794 311 53 923
794 319 2 743
794 353 25 414
794 367 10 1066
795 43 25 923
795 51 5 441
795 60 43 779
795 76 11 1123
795 110 7 1482
795 128 58 1343
795 131 41 541
795 226 1 1280
795 242 52 1059
795 251 34 1192
795 283 19 1303
795 326 55 447
795 337 37 225
795 345 14 1279
795 382 31 357
796 6 50 859
796 8 43 1383
796 36 1 1497
796 59 19 578
796 60 37 685
796 76 7 1228
796 78 34 450
796 92 58 155
796 107 27 234
796 111 55 1081
796 216 13 331
796 309 31 1404
796 314 5 1124
796 348 9 468
797 31 7 1285
797 84 35 1316
797 88 1 305
797 89 4 316
797 92 32 935
797 106 19 26
797 110 13 528
797 124 16 1380
797 128 10 244
797 142 59 674
797 206 25 808
797 235 37 186
797 271 22 22
797 332 53 1237
797 343 29 1312
798 97 43 903
798 100 49 448
798 144 47 320
798 147 53 423
798 207 23 598
798 233 19 440
798 251 40 163
798 288 37 399
798 317 13 851
798 344 4 1478
798 345 31 573
798 352 1 492
798 357 7 613
798 372 28 1311
798 393 55 545
799 26 31 474
799 97 2 147
799 132 47 1007
799 162 15 1220
799 187 49 166
799 217 41 837
799 254 55 64
799 255 7 1340
799 271 10 1243
799 296 25 515
799 311 53 1284
799 332 35 755
799 376 37 1056
799 382 58 768
799 388 21 984
800 24 7 371
800 58 1 1277
800 104 14 652
800 115 22 1340
800 165 31 1337
800 236 25 731
800 243 38 296
800 268 43 1261
800 309 28 438
800 319 4 605
800 328 49 665
800 362 56 459
801 14 46 381
801 74 58 602
801 79 10 414
801 98 49 789
801 141 40 1465
801 169 13 1449
801 259 25 306
801 263 5 1245
801 271 37 22
801 347 1 1418
801 364 19 518
801 366 32 580
801 390 7 620
802 20 49 550
802 29 40 1240
802 72 55 319
802 86 53 911
802 88 37 1102
802 146 16 1292
802 166 44 1291
802 172 5 73
802 201 59 769
802 212 1 665
802 213 26 639
802 288 34 931
802 299 31 1311
802 321 19 33
802 360 8 1172
803 46 49 91
803 68 1 1489
803 72 51 1233
803 91 55 11
803 105 33 723
803 163 35 747
803 168 13 35
803 176 45 1414
803 204 7 492
803 206 22 808
803 214 43 63
803 249 37 756
803 306 59 642
803 365 10 1036
803 374 41 1326
804 116 5 24
804 143 43 935
804 149 37 1257
804 175 1 863
804 199 32 463
804 229 49 353
804 266 7 1351
804 280 55 369
804 287 29 331
804 304 47 724
804 338 41 283
804 346 11 697
804 350 19 187
804 379 17 345
804 384 13 591
805 12 3 983
805 76 41 1069
805 90 37 277
805 97 49 977
805 109 29 1115
805 148 46 962
805 159 10 606
805 236 43 1017
805 265 25 1018
805 308 35 26
805 312 58 557
805 339 31 697
805 343 13 828
805 358 20 905
805 374 1 449
806 2 37 1282
806 69 16 1412
806 111 55 652
806 113 43 743
806 117 1 420
806 181 28 1043
806 193 5 610
806 198 52 1307
806 213 7 314
806 235 40 679
806 286 19 281
806 302 13 636
806 314 11 404
806 346 23 253
806 355 34 1223
807 73 38 475
807 74 22 1250
807 197 31 1121
807 234 55 290
807 244 4 1398
807 266 7 992
807 285 41 1231
807 316 35 793
807 329 16 477
807 350 25 474
807 354 46 898
807 355 49 1223
807 356 19 1429
807 394 53 921
807 400 1 225
808 2 46 211
808 5 7 1392
808 37 25 1256
808 66 31 1043
808 90 22 1188
808 94 29 1110
808 117 37 964
808 177 49 372
808 247 59 342
808 250 16 1429
808 255 34 1340
808 323 56 457
808 325 19 1062
808 358 1 1284
809 19 32 562
809 23 29 907
809 39 21 353
809 46 13 495
809 74 55 1351
809 99 7 1363
809 187 49 753
809 212 58 1032
809 258 17 893
809 275 5 334
809 282 11 1252
809 310 25 1117
809 323 37 268
809 329 46 1044
809 334 1 1117
810 9 37 859
810 37 49 545
810 48 13 865
810 147 17 1056
810 149 25 1454
810 157 19 1014
810 180 11 204
810 246 41 101
810 247 1 471
810 301 53 430
810 308 23 420
810 309 4 253
810 315 44 112
810 383 56 859
810 397 35 923
811 21 5 328
811 45 37 769
811 79 55 910
811 128 10 444
811 129 19 1310
811 155 49 1326
811 179 1 1293
811 180 35 238
811 193 41 610
811 227 13 1472
811 234 31 720
811 238 43 1273
811 271 7 705
811 318 23 1038
811 371 46 721
812 9 52 201
812 102 34 1037
812 107 11 234
812 110 1 328
812 121 5 290
812 131 17 1124
812 183 25 568
812 210 20 376
812 256 14 731
812 273 29 258
812 282 8 1266
812 361 37 743
812 362 55 706
812 400 46 104
813 31 53 1285
813 56 17 100
813 68 1 216
813 75 59 1344
813 77 13 169
813 118 43 85
813 145 25 982
813 177 49 92
813 202 5 1071
813 248 10 186
813 278 37 1313
813 305 19 402
813 312 28 1227
813 323 55 712
813 399 31 446
814 42 53 788
814 112 37 372
814 114 29 950
814 118 1 1478
814 139 22 1489
814 164 25 607
814 171 43 1027
814 209 8 1105
814 211 47 31
814 222 4 1376
814 243 56 522
814 275 41 673
814 341 34 1040
814 357 13 923
814 381 49 471
815 8 55 610
815 81 29 1214
815 86 47 1411
815 104 7 1338
815 105 59 1395
815 272 13 631
815 280 31 1446
815 282 25 1477
815 292 53 1277
815 305 38 1280
815 310 1 320
815 318 49 1166
815 360 43 1097
815 391 11 178
815 393 35 1412
816 61 34 1452
816 126 7 71
816 144 29 1188
816 176 19 1154
816 183 49 513
816 186 10 9
816 226 25 556
816 230 57 1313
816 236 46 1222
816 240 5 1436
816 244 1 1204
816 285 53 349
816 330 13 862
816 372 38 1172
816 397 17 652
817 37 56 793
817 40 37 593
817 50 16 1184
817 76 41 116
817 176 34 1294
817 212 4 1363
817 240 11 372
817 251 13 760
817 276 22 1374
817 306 28 709
817 312 52 1091
817 364 44 668
817 382 1 828
817 392 7 327
818 14 11 990
818 20 31 153
818 24 1 741
818 44 37 1272
818 62 41 330
818 85 7 1109
818 187 25 307
818 210 19 848
818 270 58 665
818 281 17 550
818 303 47 698
818 329 34 1044
818 333 5 860
818 378 49 50
818 394 43 163
819 22 41 922
819 28 37 1036
819 63 29 104
819 127 4 1282
819 206 22 640
819 218 53 241
819 243 44 84
819 247 19 471
819 251 16 838
819 262 13 195
819 271 10 705
819 274 31 617
819 314 27 338
819 372 34 219
819 400 55 1279
820 19 55 147
820 22 1 1224
820 35 13 730
820 47 38 245
820 53 53 1421
820 73 22 836
820 125 35 1077
820 173 43 706
820 176 28 1414
820 216 49 447
820 225 11 445
820 229 7 236
820 257 31 1195
820 269 25 7
820 285 17 1449
821 20 46 153
821 56 7 735
821 65 55 315
821 146 25 360
821 151 1 1085
821 195 23 730
821 227 37 360
821 282 5 1477
821 293 19 786
821 300 31 1065
821 338 17 588
821 346 13 779
821 348 49 1305
821 354 28 541
821 380 9 158
822 1 7 918
822 27 37 391
822 53 35 1135
822 82 4 1472
822 120 59 723
822 133 49 258
822 138 46 1055
822 222 22 1392
822 223 40 21
822 247 1 342
822 271 16 1428
822 286 25 856
822 332 29 31
822 346 11 513
822 356 43 92
823 1 13 1344
823 21 25 136
823 94 11 1110
823 97 37 1238
823 139 55 738
823 152 43 312
823 179 49 342
823 273 17 258
823 277 1 1365
823 289 7 1420
823 330 31 9
823 340 5 556
823 359 28 620
823 365 46 1069
823 376 20 360
824 2 1 211
824 4 35 1339
824 30 26 836
824 38 13 423
824 40 38 927
824 57 10 960
824 127 7 1282
824 168 31 35
824 184 49 290
824 261 19 1305
824 293 55 58
824 323 45 21
824 359 58 1306
824 375 53 1105
825 39 7 1059
825 45 43 479
825 55 47 403
825 64 55 1229
825 86 59 911
825 100 1 443
825 111 19 597
825 148 22 669
825 180 53 1279
825 266 25 1367
825 276 49 1029
825 296 13 416
825 313 32 444
825 317 37 596
826 5 25 424
826 17 37 366
826 51 15 374
826 153 10 597
826 162 19 277
826 178 41 888
826 194 55 1231
826 265 43 1018
826 270 7 951
826 284 51 1031
826 285 35 1449
826 301 17 579
826 310 31 611
826 323 4 794
827 4 19 311
827 40 1 981
827 131 5 931
827 142 17 822
827 144 31 22
827 169 13 662
827 177 25 92
827 190 11 743
827 235 7 1437
827 273 35 326
827 333 47 1464
827 338 22 365
827 355 58 108
827 357 52 557
827 378 37 524
828 16 23 822
828 51 31 374
828 59 55 352
828 72 49 1366
828 79 13 1134
828 81 29 988
828 149 45 922
828 150 37 337
828 191 21 619
828 201 53 769
828 250 1 1348
828 256 41 943
828 263 35 445
828 277 7 1345
828 390 16 620
829 6 34 732
829 39 37 902
829 68 49 627
829 132 17 1007
829 150 31 1055
829 178 41 706
829 198 4 1307
829 233 25 1237
829 241 44 766
829 255 55 783
829 262 11 248
829 268 13 1261
829 347 7 1327
829 381 19 268
830 3 43 1240
830 53 23 214
830 84 47 522
830 113 13 37
830 117 19 1432
830 146 49 987
830 162 55 673
830 182 41 641
830 213 52 314
830 292 17 791
830 330 8 1353
830 345 1 661
830 358 31 860
830 369 37 430
830 370 29 252
831 10 41 1470
831 13 52 1212
831 42 11 1150
831 82 58 709
831 114 47 799
831 127 13 1089
831 144 29 89
831 151 37 676
831 168 7 82
831 170 49 1136
831 176 43 1294
831 227 1 43
831 295 33 1104
831 333 5 259
831 384 16 277
832 3 4 1274
832 12 22 983
832 37 7 1256
832 55 11 1185
832 103 29 1351
832 117 43 420
832 161 55 644
832 194 31 1231
832 246 59 327
832 269 19 1359
832 272 25 174
832 291 49 455
832 307 37 198
832 322 53 276
832 354 16 340
833 14 43 381
833 23 49 907
833 37 20 292
833 62 59 1383
833 91 37 11
833 99 4 19
833 128 13 1166
833 129 51 1499
833 168 25 35
833 181 9 14
833 270 31 641
833 273 7 699
833 276 47 871
833 312 34 1150
833 390 1 807
834 105 11 1488
834 118 37 1070
834 163 29 1430
834 164 49 1188
834 172 17 1256
834 204 47 1260
834 227 1 1247
834 245 13 44
834 252 55 1254
834 273 23 135
834 280 43 1395
834 357 34 779
834 358 25 1316
834 398 59 666
834 400 31 856
835 3 43 638
835 42 23 651
835 63 17 1355
835 101 40 559
835 124 37 556
835 138 31 327
835 143 1 1460
835 184 35 1398
835 185 20 1484
835 261 51 1464
835 276 29 73
835 298 25 42
835 347 13 1199
835 390 46 551
835 398 5 1305
836 7 35 147
836 31 29 1283
836 83 1 376
836 92 13 897
836 125 17 1382
836 241 7 1366
836 246 47 1403
836 264 49 1435
836 273 59 848
836 281 53 70
836 316 5 1203
836 321 25 171
836 347 19 1418
836 371 43 1205
836 387 38 348
837 24 7 990
837 85 31 24
837 114 41 950
837 129 50 749
837 174 43 42
837 249 13 822
837 258 17 1404
837 265 55 1314
837 302 1 357
837 304 29 1266
837 309 4 488
837 328 19 14
837 369 45 1042
837 387 25 882
837 399 37 1408
838 20 43 153
838 53 5 1421
838 60 25 316
838 68 31 964
838 175 7 1478
838 184 41 220
838 210 55 1312
838 235 46 148
838 236 13 1125
838 243 37 522
838 284 35 1414
838 314 16 338
838 335 1 651
838 367 49 633
838 385 20 498
839 98 26 723
839 118 10 475
839 125 41 1077
839 153 16 292
839 211 35 31
839 216 37 1097
839 241 1 276
839 293 7 1388
839 294 50 188
839 327 55 590
839 364 19 492
839 383 31 859
839 386 13 874
839 392 43 1496
839 398 47 1435
840 29 13 445
840 31 11 30
840 99 1 1081
840 101 38 86
840 136 53 1188
840 143 7 1460
840 160 31 1051
840 178 57 888
840 192 55 460
840 198 17 45
840 205 35 151
840 264 43 1306
840 336 59 599
840 356 4 183
840 369 25 98
841 22 59 1366
841 33 10 1428
841 50 7 1184
841 85 25 173
841 154 40 988
841 172 53 1115
841 174 5 244
841 221 45 809
841 260 23 1292
841 282 29 474
841 285 43 349
841 305 49 644
841 349 55 1151
841 350 33 205
841 399 13 1071
842 8 51 1353
842 17 25 795
842 30 7 586
842 124 31 272
842 147 35 455
842 178 2 888
842 188 19 1072
842 191 29 619
842 192 49 680
842 237 41 433
842 282 11 330
842 323 46 733
842 344 13 1478
842 370 5 1280
842 374 23 118
843 1 19 668
843 19 37 989
843 119 3 721
843 128 28 1179
843 134 17 500
843 178 23 134
843 204 59 943
843 246 41 99
843 247 53 1448
843 250 46 1348
843 266 7 749
843 304 11 1472
843 325 55 210
843 347 31 1418
843 356 43 836
844 10 17 1009
844 54 7 1308
844 56 29 798
844 58 25 775
844 73 4 660
844 75 49 1047
844 76 11 116
844 128 19 769
844 175 31 879
844 182 37 724
844 200 52 584
844 299 22 771
844 302 1 591
844 342 40 659
844 396 58 1227
845 17 25 601
845 18 43 173
845 51 41 1492
845 57 31 1136
845 70 57 1228
845 72 14 181
845 78 10 1230
845 81 23 1212
845 95 37 1303
845 192 7 468
845 194 19 642
845 246 29 1292
845 374 35 620
845 388 1 586
845 393 47 549
846 52 55 994
846 78 31 1291
846 83 13 1088
846 90 9 1445
846 93 23 178
846 99 46 1209
846 150 43 1475
846 187 19 1348
846 193 35 372
846 245 25 1203
846 246 29 665
846 254 37 640
846 306 59 1427
846 346 53 513
846 362 49 403
847 4 17 311
847 87 49 1444
847 95 7 439
847 117 25 420
847 125 29 1077
847 131 5 594
847 143 1 763
847 160 19 741
847 271 52 468
847 280 43 911
847 316 11 258
847 326 34 668
847 328 37 922
847 371 22 1295
847 381 13 1212
848 29 22 1240
848 32 52 1337
848 72 2 158
848 84 35 236
848 133 31 30
848 135 41 1199
848 176 37 148
848 201 13 254
848 216 15 914
848 294 7 334
848 320 43 66
848 372 58 589
848 383 25 341
848 384 55 919
849 19 31 19
849 24 49 990
849 28 1 779
849 30 13 669
849 111 25 1081
849 192 53 856
849 202 35 1321
849 204 17 973
849 205 47 440
849 215 55 594
849 255 43 1340
849 259 38 763
849 261 7 260
849 271 19 22
850 15 55 22
850 27 13 906
850 46 17 1423
850 79 4 1471
850 83 7 1088
850 134 53 199
850 152 32 1146
850 171 25 760
850 233 37 1360
850 271 49 468
850 280 43 314
850 285 59 279
850 316 29 793
850 329 1 326
850 351 20 812
851 56 41 1497
851 62 59 68
851 92 19 1222
851 110 7 988
851 114 25 1184
851 132 17 1416
851 138 3 684
851 149 13 398
851 157 31 1497
851 166 55 668
851 168 37 1028
851 203 1 580
851 231 34 576
851 311 53 210
851 367 46 837
852 70 16 1228
852 77 2 872
852 94 41 977
852 97 21 1390
852 121 29 248
852 151 55 1085
852 172 37 1115
852 180 43 809
852 184 19 290
852 193 11 281
852 223 25 1124
852 267 35 796
852 284 49 1031
852 319 13 605
852 335 7 1277
853 15 25 1065
853 21 5 1121
853 44 13 1339
853 53 11 214
853 87 19 1409
853 90 7 736
853 92 40 897
853 106 1 26
853 277 55 647
853 322 35 966
853 341 31 825
853 347 49 1327
853 381 45 1212
854 3 58 935
854 24 1 990
854 46 17 723
854 57 19 204
854 136 47 342
854 152 31 1148
854 158 43 837
854 187 38 1144
854 233 7 311
854 254 13 540
854 290 55 540
854 312 28 1067
854 353 22 469
854 368 5 1365
854 386 25 495
855 65 31 555
855 66 7 319
855 104 43 1366
855 165 52 334
855 250 49 593
855 258 41 110
855 259 13 336
855 261 25 1305
855 279 55 1398
855 311 5 1284
855 322 23 1417
855 330 1 500
855 334 37 174
855 388 19 806
856 26 4 663
856 29 20 603
856 33 16 1176
856 122 59 1174
856 129 7 958
856 149 37 759
856 152 55 1146
856 198 11 755
856 214 29 642
856 222 34 1343
856 295 43 203
856 318 53 330
856 346 41 253
856 358 49 255
856 375 23 1105
857 30 25 586
857 41 37 615
857 70 22 1228
857 102 1 308
857 105 47 1272
857 106 40 1412
857 110 55 1446
857 224 58 1232
857 232 8 973
857 294 13 334
857 310 43 812
857 324 49 352
857 341 4 131
857 349 31 1292
858 24 19 445
858 31 35 30
858 44 13 1272
858 148 25 1435
858 166 56 441
858 169 45 921
858 212 28 506
858 226 1 214
858 229 37 1261
858 258 11 311
858 291 7 1331
858 298 49 850
858 364 31 1200
859 1 7 348
859 4 2 181
859 45 32 1243
859 52 13 118
859 77 25 345
859 142 19 665
859 152 4 1036
859 167 22 709
859 180 17 1306
859 262 11 1159
859 263 53 1245
859 310 43 359
859 357 58 854
859 362 39 459
859 395 49 773
860 27 40 58
860 29 22 798
860 31 31 1444
860 32 4 1183
860 107 16 234
860 120 35 1317
860 148 37 1435
860 151 50 909
860 186 55 897
860 195 59 433
860 228 25 112
860 270 10 665
860 294 43 758
860 379 1 1051
861 42 47 919
861 55 11 994
861 119 37 694
861 130 20 1281
861 151 7 1115
861 160 26 1419
861 173 13 894
861 201 53 591
861 208 1 816
861 219 33 1444
861 282 5 330
861 305 43 100
861 325 49 1295
861 335 55 913
861 398 29 1305
862 33 37 679
862 39 13 208
862 73 58 897
862 78 34 230
862 104 31 851
862 134 5 340
862 137 9 526
862 178 17 216
862 306 53 1018
862 326 28 651
862 329 22 457
862 349 49 1148
862 372 1 589
862 386 46 1307
862 394 41 526
863 34 19 1403
863 116 9 562
863 117 55 1223
863 199 43 1131
863 238 52 41
863 254 34 126
863 267 59 352
863 271 31 468
863 273 5 1253
863 281 17 348
863 291 25 455
863 331 38 335
863 335 13 10
863 387 1 348
864 9 37 81
864 70 44 374
864 78 22 450
864 81 5 1212
864 148 7 375
864 156 13 627
864 182 17 894
864 188 49 784
864 256 55 1044
864 258 47 311
864 290 10 1146
864 338 29 1366
864 348 25 500
864 356 58 183
864 396 40 1071
865 2 31 235
865 61 34 604
865 78 52 1173
865 137 13 1018
865 156 46 475
865 191 19 619
865 206 1 906
865 216 21 447
865 227 7 360
865 229 57 1308
865 261 37 1305
865 281 27 1195
865 292 5 65
865 342 49 959
866 2 57 1238
866 54 17 294
866 63 53 1355
866 106 37 409
866 142 35 555
866 160 7 240
866 216 1 235
866 233 13 612
866 289 19 201
866 327 26 891
866 341 40 1014
866 342 43 436
866 372 46 1311
866 374 49 89
866 389 31 679
867 22 11 1368
867 36 55 550
867 44 19 707
867 49 1 607
867 69 46 448
867 81 17 988
867 104 33 652
867 109 5 1038
867 160 28 1051
867 173 37 706
867 174 31 1307
867 269 52 1425
867 296 13 996
867 304 59 187
867 344 7 1311
868 15 49 433
868 76 55 1228
868 91 57 1382
868 98 1 48
868 102 22 395
868 115 43 532
868 125 53 619
868 177 13 853
868 207 35 573
868 253 7 35
868 261 25 1038
868 283 31 1260
868 312 19 1459
868 358 37 919
869 18 35 190
869 57 55 960
869 60 19 1317
869 87 16 674
869 96 31 339
869 115 58 532
869 141 28 894
869 187 50 404
869 233 7 1237
869 258 11 403
869 333 23 1316
869 366 4 1459
869 368 41 416
869 383 43 859
869 399 37 1428
870 10 41 211
870 11 19 829
870 67 25 1281
870 75 29 1047
870 94 23 1421
870 108 11 983
870 138 7 1399
870 153 34 66
870 156 31 865
870 212 1 1304
870 215 55 1366
870 217 53 837
870 239 13 381
870 332 17 1237
870 391 5 859
871 18 5 272
871 37 20 988
871 51 52 374
871 68 39 444
871 105 35 53
871 116 11 208
871 161 58 644
871 165 49 334
871 256 9 1044
871 260 17 1398
871 297 13 579
871 352 55 18
871 365 43 49
871 378 25 1151
871 382 46 775
872 8 50 1231
872 12 43 983
872 29 46 759
872 49 13 1023
872 59 7 95
872 93 35 782
872 111 40 1339
872 117 19 1081
872 132 5 1007
872 137 26 902
872 168 55 35
872 180 11 809
872 223 37 345
872 389 1 448
872 391 23 627
873 27 8 391
873 60 25 565
873 64 55 1390
873 89 40 463
873 137 31 718
873 181 52 312
873 204 23 492
873 247 35 960
873 255 46 1332
873 298 13 1382
873 350 19 474
873 372 3 579
873 393 17 549
874 31 47 1283
874 48 16 718
874 54 29 1308
874 112 37 327
874 117 19 1223
874 131 53 1124
874 157 58 375
874 198 10 481
874 202 41 1321
874 225 3 1169
874 228 31 875
874 256 5 731
874 347 25 943
874 382 13 357
874 400 7 856
875 16 11 1244
875 42 25 787
875 56 41 100
875 61 1 1452
875 91 55 4
875 142 59 822
875 206 16 808
875 240 4 1291
875 247 23 342
875 254 28 414
875 259 37 279
875 296 51 416
875 316 47 579
875 328 31 1302
875 397 43 1026
876 17 49 795
876 109 11 826
876 115 4 1360
876 125 35 697
876 138 46 696
876 163 53 1020
876 187 7 307
876 222 1 1392
876 230 16 721
876 253 38 119
876 281 29 348
876 328 31 748
876 342 25 959
876 361 20 684
876 382 56 551
877 39 37 436
877 89 46 503
877 94 53 977
877 116 35 87
877 166 26 668
877 171 49 874
877 189 13 21
877 201 23 591
877 210 1 477
877 255 16 959
877 270 19 459
877 275 59 673
877 285 41 351
877 358 7 1284
877 383 31 762
878 48 4 894
878 78 1 200
878 86 11 911
878 93 35 640
878 106 7 26
878 129 27 1247
878 140 13 1340
878 208 38 1222
878 242 55 276
878 252 43 1442
878 270 22 1176
878 273 47 135
878 276 53 1304
878 313 49 216
878 338 17 272
879 4 4 1238
879 71 22 1150
879 72 55 1233
879 79 19 1134
879 159 10 516
879 209 25 656
879 250 34 696
879 278 7 624
879 291 13 924
879 344 39 1215
879 359 50 1306
879 360 43 545
879 396 1 615
880 3 1 1087
880 11 37 254
880 34 20 279
880 53 41 1439
880 82 13 157
880 142 29 230
880 172 17 573
880 207 25 991
880 223 52 1224
880 251 10 169
880 259 44 763
880 272 55 959
880 273 5 839
880 289 31 183
880 354 49 1420
881 20 1 67
881 35 19 1075
881 90 13 80
881 94 33 374
881 124 37 906
881 169 25 31
881 179 55 1071
881 193 11 489
881 222 40 663
881 229 43 662
881 230 47 477
881 240 35 807
881 280 49 828
881 294 7 219
881 356 4 559
882 16 17 578
882 47 55 454
882 78 33 831
882 104 13 584
882 135 1 1245
882 141 25 590
882 233 7 18
882 258 11 112
882 274 44 119
882 327 37 297
882 363 4 724
882 368 53 493
882 378 20 1488
882 380 49 162
883 1 31 348
883 32 1 1183
883 43 49 785
883 63 25 1146
883 81 59 1169
883 123 43 1368
883 170 7 92
883 179 55 753
883 208 10 816
883 210 27 376
883 222 4 1323
883 288 38 1364
883 349 19 1380
883 375 53 588
883 380 13 158
884 60 49 316
884 64 7 54
884 65 33 1423
884 83 19 245
884 109 11 34
884 114 53 819
884 117 37 1281
884 139 16 1388
884 152 13 1492
884 205 41 151
884 277 55 1330
884 293 4 1388
884 384 28 919
884 387 43 1110
885 2 25 1238
885 8 31 45
885 24 56 1121
885 87 43 87
885 136 17 1351
885 139 46 58
885 156 28 1200
885 169 8 695
885 255 49 95
885 272 37 1151
885 307 13 573
885 318 41 1037
885 343 5 1312
885 350 19 747
885 385 1 548
886 6 7 732
886 24 13 872
886 52 43 862
886 70 32 1228
886 94 41 850
886 186 21 921
886 255 58 316
886 275 4 461
886 287 19 261
886 288 28 1364
886 316 47 793
886 361 37 896
886 388 49 1130
886 396 10 1071
887 5 37 1029
887 92 55 663
887 94 23 1089
887 151 13 909
887 164 49 178
887 180 47 839
887 199 1 1203
887 238 58 249
887 256 19 1044
887 315 25 454
887 330 43 167
887 350 9 408
887 381 31 1212
888 30 31 965
888 34 3 1067
888 36 55 1445
888 48 28 783
888 58 19 1313
888 90 14 1188
888 121 59 252
888 171 49 320
888 189 25 1215
888 214 47 1097
888 226 38 60
888 273 43 721
888 353 22 101
888 382 8 116
889 25 32 1494
889 84 5 557
889 85 51 101
889 92 28 479
889 121 41 252
889 157 38 1317
889 161 7 644
889 177 55 628
889 231 1 1363
889 241 9 1180
889 311 59 785
889 345 13 661
889 373 19 272
889 399 43 101
890 12 8 983
890 37 43 283
890 39 19 382
890 104 52 1344
890 105 41 326
890 113 2 606
890 147 31 325
890 159 28 516
890 167 11 709
890 171 37 825
890 195 59 325
890 238 55 951
890 274 16 935
890 308 35 526
890 314 23 404
891 25 1 685
891 27 52 1065
891 38 38 423
891 43 43 785
891 89 49 503
891 116 47 24
891 126 19 160
891 163 35 1430
891 227 7 1380
891 231 28 842
891 248 25 1453
891 264 55 1435
891 305 13 1280
891 368 31 1364
892 68 19 807
892 77 7 345
892 103 59 455
892 114 53 1488
892 118 44 1070
892 184 11 940
892 204 41 1260
892 206 13 105
892 277 25 1345
892 318 17 601
892 331 55 65
892 334 31 1099
892 360 37 667
892 379 4 856
892 382 49 982
893 9 4 892
893 52 55 1322
893 62 59 449
893 119 45 171
893 140 20 74
893 193 11 656
893 196 17 1343
893 225 35 922
893 251 40 1105
893 254 7 131
893 304 29 588
893 326 49 1069
893 337 31 245
893 369 25 60
893 382 1 551
894 92 1 935
894 115 37 532
894 143 25 1460
894 154 16 1414
894 169 31 1449
894 184 21 290
894 211 47 369
894 214 11 88
894 217 23 158
894 290 4 540
894 310 55 194
894 315 7 1313
894 318 51 1166
894 326 13 1069
894 351 43 806
895 12 28 983
895 24 1 1121
895 104 13 1366
895 110 55 178
895 123 43 1146
895 136 11 22
895 153 25 325
895 238 31 784
895 246 17 516
895 259 7 907
895 264 37 1188
895 356 34 858
895 365 58 795
895 383 19 1041
895 385 51 1258
896 7 53 1427
896 60 31 363
896 118 4 718
896 134 35 19
896 164 19 1421
896 196 23 162
896 203 13 580
896 240 25 372
896 242 15 1173
896 282 41 445
896 340 29 589
896 366 49 1222
896 389 43 516
896 393 47 545
896 394 55 812
897 2 7 76
897 15 43 236
897 63 59 989
897 97 25 903
897 148 37 669
897 172 29 1256
897 193 53 169
897 197 1 1093
897 210 19 235
897 215 31 1381
897 237 47 433
897 250 13 593
897 259 49 875
897 318 41 489
897 323 10 1117
898 7 5 1427
898 33 25 481
898 62 41 449
898 109 11 1115
898 121 53 990
898 156 16 1200
898 194 7 448
898 207 29 598
898 213 43 1331
898 216 56 331
898 218 23 685
898 246 47 1292
898 247 35 81
898 330 37 500
898 361 31 441
899 39 2 206
899 95 39 698
899 147 29 70
899 159 7 325
899 162 25 674
899 165 55 1384
899 252 49 783
899 256 35 268
899 312 22 1069
899 319 13 1302
899 326 31 685
899 332 46 409
899 363 10 319
899 393 53 337
900 46 23 723
900 62 35 636
900 149 19 922
900 158 43 371
900 169 27 904
900 187 1 940
900 193 17 909
900 235 40 1274
900 238 58 951
900 257 31 408
900 261 49 349
900 311 25 1284
900 316 11 628
900 340 5 1118
900 398 53 13
901 20 49 73
901 21 11 1109
901 40 44 776
901 140 1 260
901 155 31 65
901 161 19 500
901 194 21 151
901 202 5 753
901 216 37 447
901 245 7 44
901 268 13 786
901 284 17 530
901 285 53 411
901 307 25 238
901 353 58 469
902 38 7 1102
902 66 19 319
902 69 58 100
902 126 22 160
902 133 49 1247
902 159 37 453
902 205 17 84
902 266 3 1153
902 281 1 1195
902 294 43 735
902 329 13 488
902 347 25 502
902 381 31 703
903 2 34 656
903 88 1 1102
903 92 25 578
903 108 29 1460
903 110 40 1411
903 150 7 919
903 172 10 1453
903 187 19 307
903 259 14 907
903 269 52 862
903 316 23 255
903 321 55 98
903 322 47 1151
903 378 43 984
904 22 41 1368
904 42 23 1040
904 56 11 100
904 93 59 860
904 94 29 850
904 108 17 1131
904 130 7 682
904 150 31 337
904 196 43 308
904 210 19 152
904 260 5 1454
904 272 1 959
904 380 55 232
904 390 46 699
904 394 52 812
905 35 31 136
905 64 43 1197
905 79 16 796
905 100 55 608
905 114 29 799
905 217 3 652
905 240 52 1291
905 260 35 1292
905 295 25 1321
905 304 47 1382
905 310 7 320
905 312 13 135
905 324 38 73
905 347 20 1205
905 398 59 220
906 1 37 1344
906 95 7 249
906 99 13 116
906 155 1 245
906 174 17 826
906 190 11 968
906 222 26 251
906 254 49 1189
906 264 57 1143
906 283 32 864
906 311 53 785
906 313 19 320
906 359 43 43
907 29 55 1087
907 58 7 1154
907 88 1 162
907 109 11 1038
907 124 4 890
907 139 22 58
907 182 53 1077
907 214 59 205
907 226 13 893
907 232 27 181
907 240 20 372
907 256 31 461
907 279 43 444
907 367 37 402
907 374 41 89
908 37 7 142
908 57 58 1261
908 63 13 794
908 90 4 76
908 107 41 232
908 187 51 940
908 189 1 736
908 209 19 656
908 229 37 1253
908 278 55 966
908 284 23 1031
908 288 16 1383
908 290 34 1204
908 391 11 82
908 395 26 1338
909 16 57 1317
909 39 19 436
909 61 52 1272
909 62 59 1208
909 85 38 1482
909 112 25 831
909 128 49 555
909 140 32 370
909 151 1 1115
909 153 13 240
909 174 29 42
909 198 5 1332
909 226 43 337
909 333 23 1418
909 348 7 1452
910 3 43 1154
910 45 1 298
910 64 7 31
910 74 50 602
910 100 19 448
910 155 55 1326
910 187 13 155
910 196 37 384
910 240 17 1436
910 244 40 88
910 256 23 894
910 260 25 34
910 311 11 419
910 368 5 1364
910 369 32 430
911 18 41 173
911 44 7 1339
911 78 43 775
911 86 29 594
911 92 46 990
911 126 19 660
911 131 11 1124
911 132 31 1244
911 148 51 962
911 173 14 469
911 190 23 968
911 219 37 334
911 265 56 791
911 298 1 463
911 305 25 1480
912 1 1 588
912 23 51 1395
912 71 7 878
912 78 31 1173
912 191 53 1026
912 211 17 31
912 235 22 1274
912 237 37 298
912 272 43 1151
912 292 29 1235
912 309 40 438
912 319 10 636
912 328 55 497
912 330 25 9
912 363 13 913
913 1 33 404
913 16 29 612
913 51 23 13
913 52 43 1403
913 53 11 1135
913 59 37 63
913 80 25 463
913 137 19 718
913 145 55 249
913 213 58 738
913 250 49 1067
913 314 31 338
913 328 7 976
913 341 16 25
913 394 5 576
914 25 43 34
914 29 20 1443
914 34 31 1070
914 107 23 234
914 110 2 528
914 114 5 400
914 140 37 1459
914 161 17 369
914 248 10 384
914 273 29 1253
914 291 57 924
914 295 25 1033
914 336 35 1460
914 352 50 18
914 369 13 1009
915 27 22 496
915 33 10 1184
915 42 35 684
915 99 15 1312
915 117 49 1205
915 124 4 1374
915 144 29 1404
915 252 55 220
915 273 8 135
915 275 47 674
915 281 1 747
915 283 25 1325
915 288 40 931
915 381 31 471
915 382 19 1037
916 86 5 836
916 156 37 437
916 165 16 248
916 185 1 1136
916 201 29 591
916 205 59 440
916 207 40 1294
916 237 55 298
916 245 19 850
916 258 23 403
916 285 47 612
916 307 31 68
916 319 25 941
916 349 50 1151
916 370 35 95
917 24 55 1026
917 65 39 495
917 87 34 1220
917 91 25 1355
917 96 1 454
917 105 23 331
917 135 29 198
917 145 49 328
917 163 11 201
917 191 59 809
917 215 44 1412
917 290 52 190
917 327 13 428
917 331 19 1216
917 368 5 493
918 99 43 1081
918 102 19 308
918 139 13 49
918 150 4 924
918 163 1 201
918 177 25 1258
918 198 29 1250
918 217 7 652
918 254 37 1195
918 255 40 959
918 261 55 931
918 308 35 420
918 309 16 438
918 347 9 1199
918 366 22 1222
919 24 55 918
919 26 14 232
919 69 31 100
919 78 22 216
919 84 29 522
919 87 19 674
919 93 41 178
919 130 8 612
919 135 17 1199
919 206 52 105
919 230 59 1313
919 252 43 982
919 307 37 573
919 381 1 64
919 388 25 1363
920 2 58 1282
920 44 1 1339
920 68 37 404
920 121 5 252
920 122 41 452
920 160 16 306
920 183 51 1047
920 202 49 365
920 205 19 151
920 206 46 808
920 210 25 25
920 231 7 1173
920 300 10 498
920 307 31 523
920 344 13 993
921 24 43 1465
921 41 34 641
921 134 29 327
921 163 57 1374
921 165 10 1337
921 167 47 10
921 180 59 839
921 192 55 1143
921 228 1 875
921 283 37 1132
921 313 19 584
921 319 7 605
921 333 23 370
921 344 16 1059
921 398 53 1305
922 62 17 449
922 63 35 104
922 70 43 826
922 74 22 1428
922 96 7 557
922 212 40 1233
922 231 25 842
922 257 50 530
922 311 5 391
922 315 31 1072
922 322 47 606
922 339 13 1040
922 356 58 235
922 384 28 759
922 388 1 220
923 4 29 1339
923 18 59 1110
923 36 25 261
923 72 13 1233
923 91 49 4
923 106 55 357
923 140 37 370
923 146 20 680
923 175 7 189
923 217 5 375
923 225 11 648
923 291 1 960
923 318 17 489
923 360 44 414
923 386 33 118
924 85 19 981
924 87 55 1444
924 117 31 1203
924 141 25 717
924 163 59 521
924 191 11 1087
924 203 53 424
924 229 49 1255
924 232 37 966
924 256 43 1044
924 299 45 1257
924 320 28 66
924 335 13 1477
924 339 1 7
924 364 7 109
925 20 49 1489
925 25 1 1494
925 34 13 1007
925 69 55 828
925 87 22 875
925 107 33 234
925 129 25 993
925 141 19 989
925 226 43 893
925 236 10 764
925 246 59 1316
925 284 47 530
925 347 37 1418
925 397 17 1445
926 27 22 532
926 63 17 343
926 85 33 225
926 110 19 11
926 118 1 718
926 190 31 590
926 201 11 769
926 216 55 1464
926 239 4 669
926 245 13 850
926 284 41 1031
926 293 25 786
926 297 49 1253
926 356 28 312
926 399 43 1245
927 15 55 642
927 102 8 1215
927 185 52 1484
927 191 59 474
927 220 33 1443
927 268 1 599
927 273 5 848
927 278 49 1155
927 289 45 308
927 304 23 960
927 328 37 987
927 360 26 631
927 363 19 724
927 395 13 666
928 17 43 1492
928 20 22 573
928 69 16 911
928 97 55 473
928 110 4 178
928 116 41 24
928 124 10 166
928 150 7 1204
928 164 49 1421
928 179 37 904
928 255 34 1332
928 263 53 526
928 309 25 438
928 343 29 828
929 53 35 1421
929 61 46 166
929 153 52 240
929 226 37 893
929 229 19 244
929 258 7 981
929 266 1 694
929 276 17 1393
929 287 5 593
929 302 49 893
929 313 56 743
929 370 10 833
929 371 28 574
929 384 31 371
929 391 41 153
930 9 40 400
930 58 31 1313
930 86 53 1024
930 96 43 606
930 99 10 573
930 109 55 173
930 120 58 1147
930 141 28 227
930 196 25 459
930 205 5 741
930 211 47 940
930 258 35 893
930 274 49 1283
930 306 23 1018
930 324 19 342
931 38 1 780
931 88 45 305
931 109 59 717
931 131 13 1220
931 154 39 776
931 178 29 888
931 181 7 134
931 185 19 836
931 245 55 1024
931 258 17 661
931 339 25 1360
931 359 52 1123
931 371 22 1285
931 393 5 545
931 396 49 720
932 62 59 1353
932 87 55 1244
932 94 53 1110
932 97 43 186
932 142 11 822
932 164 19 607
932 167 47 731
932 233 7 440
932 247 5 960
932 258 17 43
932 265 31 1018
932 273 41 135
932 283 37 68
932 302 1 837
932 332 35 409
933 93 17 640
933 145 46 328
933 149 9 98
933 155 1 1220
933 178 35 68
933 187 19 940
933 257 31 1420
933 313 55 445
933 322 23 1001
933 331 13 164
933 341 25 1014
933 342 28 1238
933 377 7 776
933 386 40 268
933 400 51 319
934 2 7 33
934 31 29 603
934 33 58 1417
934 48 1 306
934 50 40 1184
934 52 49 1417
934 73 4 1136
934 122 53 1070
934 196 38 1072
934 249 31 788
934 252 25 64
934 321 43 294
934 342 55 585
934 365 19 535
934 387 13 1407
935 66 25 101
935 114 37 799
935 169 32 578
935 174 41 1355
935 202 5 365
935 210 19 1312
935 239 16 335
935 248 28 1331
935 249 49 822
935 268 8 760
935 292 59 390
935 301 53 453
935 303 23 698
935 324 1 1488
935 337 44 494
936 20 9 153
936 24 55 1465
936 58 4 1154
936 89 34 1179
936 108 59 1322
936 118 28 1365
936 157 19 1497
936 187 37 166
936 242 49 1173
936 243 43 906
936 244 25 324
936 262 17 1481
936 308 53 216
936 316 23 1203
936 342 31 1147
937 10 47 738
937 45 19 1382
937 88 1 251
937 118 7 1473
937 129 37 1407
937 132 10 890
937 166 49 337
937 182 35 894
937 205 58 1332
937 231 28 1384
937 255 25 1273
937 314 13 338
937 344 55 1059
937 358 15 905
937 400 43 1222
938 40 1 975
938 98 37 1136
938 114 35 90
938 141 43 590
938 146 58 996
938 169 19 31
938 205 23 211
938 212 16 13
938 362 49 1280
938 369 25 53
938 372 55 1172
938 373 7 272
938 387 31 882
939 3 15 1114
939 59 49 578
939 76 29 1228
939 84 5 738
939 89 57 82
939 91 25 730
939 182 22 724
939 194 1 604
939 196 13 1072
939 257 39 530
939 279 43 902
939 296 8 262
939 331 31 872
939 333 35 399
939 367 19 240
940 56 41 721
940 96 9 1005
940 108 47 316
940 112 37 960
940 148 1 1291
940 153 55 731
940 191 29 220
940 278 25 1313
940 282 5 1443
940 335 31 1477
940 355 43 1164
940 358 13 485
940 363 22 558
940 382 50 1273
941 21 5 157
941 23 59 488
941 25 1 968
941 73 43 736
941 78 52 574
941 82 46 206
941 140 31 292
941 215 37 1366
941 219 19 334
941 243 7 530
941 271 13 615
941 283 55 1260
941 290 49 1091
941 392 25 327
941 397 23 1272
942 3 43 894
942 30 57 55
942 103 20 305
942 106 22 26
942 192 53 1250
942 207 17 53
942 242 13 1059
942 268 37 341
942 270 27 459
942 306 41 1360
942 316 5 18
942 324 49 375
942 332 11 31
942 356 31 545
942 383 1 1354
943 49 37 100
943 100 25 138
943 119 49 991
943 161 31 644
943 168 43 1028
943 198 8 1307
943 216 2 596
943 254 34 995
943 256 23 268
943 273 11 1253
943 304 57 1266
943 314 29 338
943 378 14 1488
943 383 19 503
944 30 19 1047
944 61 56 1452
944 116 5 633
944 135 35 540
944 143 7 1416
944 153 37 1298
944 176 51 492
944 228 31 258
944 277 25 647
944 281 59 1195
944 282 17 1477
944 293 13 1388
944 326 40 1066
944 333 29 259
944 363 1 319
945 49 43 252
945 70 49 1228
945 111 26 921
945 139 40 1024
945 159 37 516
945 170 16 1496
945 190 29 1407
945 205 55 153
945 223 52 1072
945 271 22 82
945 272 57 272
945 301 5 1257
945 363 19 558
945 378 31 1488
945 394 3 163
946 6 7 91
946 43 13 594
946 48 49 718
946 61 43 1453
946 103 11 707
946 163 17 1020
946 176 46 1489
946 199 26 91
946 214 1 562
946 230 5 1313
946 264 37 819
946 265 19 1018
946 305 31 1295
946 332 41 1174
946 399 55 101
947 91 56 485
947 104 49 1338
947 131 47 1124
947 141 22 327
947 145 7 901
947 169 37 108
947 205 11 1464
947 238 1 784
947 251 16 1419
947 273 41 366
947 331 32 673
947 332 53 336
947 370 5 1429
947 377 29 410
947 390 13 807
948 22 5 829
948 24 37 317
948 43 7 923
948 63 29 1355
948 64 13 792
948 131 35 1124
948 169 57 578
948 187 31 940
948 235 19 1148
948 320 51 100
948 336 17 518
948 348 1 468
948 354 22 541
948 364 43 684
948 377 11 1322
949 22 41 904
949 30 37 1047
949 60 14 227
949 75 58 492
949 107 35 859
949 128 55 337
949 164 31 181
949 235 10 296
949 245 3 87
949 251 22 1192
949 258 1 1491
949 313 43 216
949 328 49 1261
949 378 25 996
949 393 47 384
950 22 47 1228
950 55 59 296
950 90 40 1081
950 115 7 891
950 179 13 1293
950 203 38 580
950 230 1 1141
950 263 35 64
950 313 27 37
950 321 55 1478
950 326 3 311
950 327 43 1153
950 334 49 110
950 364 21 368
950 372 10 1419
951 14 35 203
951 32 56 1208
951 33 22 1427
951 102 19 942
951 181 25 732
951 196 41 188
951 224 28 1014
951 257 50 549
951 281 17 1195
951 288 4 1383
951 296 43 262
951 300 37 1240
951 313 13 581
951 331 7 65
951 356 31 858
952 1 43 607
952 11 19 1001
952 44 14 391
952 128 34 770
952 162 3 277
952 208 52 1491
952 210 37 1312
952 242 7 436
952 283 55 848
952 306 59 611
952 329 31 1298
952 352 10 696
952 368 1 1364
952 370 47 252
952 378 25 1159
953 61 1 1359
953 70 13 66
953 108 23 1353
953 112 55 1368
953 126 31 1223
953 132 53 1007
953 202 47 1321
953 236 34 1193
953 305 25 642
953 313 49 252
953 329 16 1099
953 335 43 1277
953 351 7 812
953 355 4 935
953 385 19 463
954 2 4 211
954 33 14 679
954 35 27 913
954 90 19 1188
954 107 25 234
954 157 43 1179
954 169 37 1155
954 195 41 935
954 201 49 1312
954 242 34 1254
954 263 47 987
954 265 55 338
954 325 1 1062
954 328 51 1302
954 331 7 1040
955 32 13 767
955 40 19 927
955 48 10 306
955 74 37 1250
955 106 49 26
955 151 25 909
955 154 7 1449
955 177 31 331
955 195 1 325
955 341 3 25
955 366 40 829
955 380 43 351
955 391 17 178
955 395 55 666
956 2 14 76
956 27 32 1478
956 34 8 1007
956 60 25 685
956 64 49 31
956 87 58 324
956 100 38 1480
956 147 23 325
956 158 29 627
956 189 55 695
956 278 1 833
956 284 43 1031
956 303 47 1028
956 331 19 232
957 13 40 625
957 14 17 203
957 28 55 24
957 35 1 118
957 71 34 1056
957 124 46 18
957 181 43 1351
957 222 13 1099
957 279 49 831
957 291 7 1459
957 308 23 14
957 328 25 14
957 340 11 1118
957 367 37 784
957 400 31 308
958 9 46 81
958 35 31 411
958 54 35 648
958 121 53 735
958 159 25 516
958 199 39 672
958 222 43 1392
958 277 57 1345
958 288 49 992
958 305 19 696
958 309 4 766
958 327 13 126
958 371 9 574
958 391 7 1240
958 400 1 796
959 7 11 1088
959 22 13 1338
959 67 31 1450
959 88 49 305
959 120 35 614
959 147 23 527
959 166 45 441
959 167 59 10
959 173 1 1077
959 192 5 1146
959 238 52 556
959 350 19 68
959 373 25 272
959 381 7 703
959 392 55 638
960 10 17 255
960 64 55 1257
960 71 28 878
960 94 59 977
960 95 1 457
960 118 37 1365
960 130 20 973
960 165 34 89
960 230 10 167
960 242 25 1173
960 317 49 475
960 323 40 457
960 324 45 676
960 365 7 104
960 397 5 923
961 1 13 404
961 4 17 1339
961 39 55 902
961 79 37 962
961 118 10 1429
961 140 50 384
961 175 43 390
961 192 23 258
961 206 1 640
961 247 29 471
961 294 25 758
961 389 19 241
961 396 34 878
961 398 47 1077
962 36 43 241
962 49 50 1294
962 99 22 1363
962 144 17 1330
962 148 8 479
962 201 59 497
962 221 25 809
962 243 1 296
962 296 37 416
962 301 41 579
962 351 13 360
962 365 31 1036
962 382 19 1279
962 397 35 780
962 400 55 104
963 56 35 232
963 104 22 1254
963 127 19 1147
963 143 2 1416
963 159 7 516
963 240 47 807
963 279 55 559
963 282 11 1477
963 285 17 1231
963 289 13 201
963 294 25 188
963 303 37 698
963 348 43 697
963 370 29 1429
963 392 31 615
964 8 3 482
964 59 13 492
964 78 19 775
964 96 37 606
964 120 53 74
964 124 25 178
964 148 32 730
964 161 23 1155
964 189 7 597
964 223 10 1262
964 254 43 64
964 284 17 44
964 285 29 68
964 396 46 1419
964 398 41 1305
965 21 29 157
965 114 11 799
965 116 53 24
965 120 59 1317
965 122 35 987
965 174 23 81
965 176 25 1414
965 192 17 1146
965 200 1 644
965 201 41 860
965 216 19 961
965 250 7 905
965 279 31 4
965 366 4 98
965 369 13 53
966 3 19 1481
966 9 16 859
966 75 59 1340
966 104 25 837
966 105 35 1359
966 132 53 890
966 157 4 1179
966 189 31 21
966 192 37 460
966 237 11 433
966 257 7 1075
966 275 29 673
966 310 55 343
966 311 23 391
966 319 40 502
967 19 55 853
967 35 31 775
967 85 1 1152
967 102 7 662
967 115 28 532
967 147 5 1488
967 154 13 1235
967 155 49 1476
967 192 35 1119
967 247 23 138
967 263 59 450
967 287 47 1184
967 288 25 931
967 297 19 1325
967 342 37 88
968 4 35 181
968 5 45 424
968 50 22 625
968 64 37 54
968 70 28 782
968 79 16 910
968 88 19 206
968 187 7 155
968 204 31 492
968 255 4 266
968 318 11 601
968 332 41 733
968 340 59 882
968 384 1 874
968 391 53 904
969 3 58 1087
969 6 19 414
969 34 43 1480
969 36 13 453
969 63 41 208
969 100 1 1216
969 155 7 1220
969 176 28 1482
969 197 31 433
969 202 37 661
969 302 55 1437
969 314 23 1189
969 350 49 641
969 379 35 369
969 391 53 82
970 43 7 594
970 100 13 1255
970 109 53 826
970 116 25 633
970 120 23 463
970 125 55 788
970 131 11 1256
970 146 28 1071
970 153 31 1492
970 230 17 1141
970 274 37 482
970 324 49 542
970 337 44 769
970 352 19 815
970 359 40 1235
971 27 58 391
971 43 25 576
971 68 9 848
971 100 31 1216
971 127 49 676
971 195 29 433
971 209 1 1135
971 220 52 376
971 222 55 1380
971 262 5 976
971 308 35 135
971 312 43 1150
971 330 19 862
971 347 37 943
971 355 13 1376
972 55 53 447
972 101 25 559
972 133 43 30
972 184 47 1290
972 215 13 896
972 250 58 1348
972 285 35 485
972 292 17 1172
972 295 31 203
972 302 19 70
972 365 4 901
972 366 22 674
972 374 41 118
972 379 29 593
972 394 1 1091
973 75 49 492
973 99 15 195
973 107 23 186
973 111 37 627
973 116 29 214
973 126 1 71
973 152 19 764
973 158 47 903
973 197 25 1290
973 247 41 960
973 310 7 663
973 312 52 1227
973 333 35 1418
973 357 43 823
973 399 31 28
974 35 49 775
974 59 25 457
974 65 37 555
974 107 47 1199
974 124 34 1380
974 132 23 1007
974 133 7 30
974 142 53 381
974 180 11 1273
974 227 14 664
974 241 43 204
974 261 2 568
974 273 41 794
974 314 29 404
974 337 19 1350
975 47 49 1355
975 73 58 1051
975 97 37 473
975 115 46 1340
975 120 41 1317
975 160 19 1166
975 200 22 262
975 242 28 1059
975 243 31 530
975 282 35 1477
975 283 13 279
975 293 10 1388
975 319 7 1302
975 351 1 248
975 398 43 459
976 7 59 1088
976 74 14 1437
976 141 3 1224
976 169 7 1004
976 213 56 404
976 265 31 1075
976 268 38 599
976 299 25 1397
976 300 28 1096
976 329 51 227
976 340 1 1192
976 341 46 25
976 351 19 501
976 379 23 369
977 27 19 906
977 29 22 1087
977 71 9 1056
977 115 49 994
977 173 3 1141
977 196 29 617
977 232 13 839
977 233 25 581
977 237 35 298
977 283 43 1381
977 313 31 874
977 331 56 1222
977 338 1 365
977 340 17 882
977 369 37 53
978 8 45 45
978 40 31 593
978 55 53 935
978 97 55 903
978 115 40 532
978 138 19 327
978 144 11 598
978 172 5 1115
978 183 13 1150
978 259 1 774
978 289 25 151
978 290 22 1204
978 333 29 1418
978 362 7 733
978 394 35 921
979 5 49 1348
979 37 1 793
979 48 55 5
979 129 45 822
979 133 19 901
979 154 31 988
979 174 59 1307
979 188 37 705
979 279 25 591
979 315 13 1032
979 319 34 605
979 370 41 833
979 374 43 465
979 387 7 1014
980 2 52 76
980 31 23 1444
980 36 55 1448
980 102 40 395
980 136 59 298
980 145 37 454
980 165 49 1384
980 177 25 1172
980 212 4 1304
980 214 29 88
980 254 16 1189
980 259 44 907
980 285 19 368
980 369 31 53
980 398 35 459
981 1 3 404
981 33 19 1176
981 42 17 1093
981 44 43 1105
981 80 7 638
981 98 13 134
981 121 1 290
981 191 23 1026
981 307 25 68
981 311 38 1284
981 318 35 489
981 333 41 1418
981 383 31 1250
981 394 11 576
981 399 55 418
982 45 37 1382
982 85 49 181
982 106 3 1412
982 108 53 1460
982 183 25 823
982 189 20 730
982 218 29 685
982 232 7 198
982 250 34 1067
982 278 13 1151
982 303 41 1028
982 308 23 1439
982 320 16 66
982 345 43 772
982 398 1 666
983 45 49 36
983 70 25 200
983 100 19 443
983 250 37 1429
983 258 23 981
983 271 4 1359
983 276 29 1304
983 298 55 42
983 299 7 771
983 312 10 199
983 336 59 518
983 358 43 905
983 360 31 1097
983 376 14 266
984 5 55 1029
984 19 45 989
984 35 50 343
984 84 17 1316
984 164 31 1001
984 184 35 220
984 187 3 307
984 203 7 424
984 208 28 90
984 209 13 625
984 225 1 602
984 250 25 336
984 264 19 1293
984 316 23 205
984 324 9 950
985 25 25 640
985 103 5 977
985 112 43 594
985 117 37 92
985 119 32 497
985 131 49 1256
985 203 15 580
985 264 1 1143
985 270 52 1055
985 324 55 342
985 330 20 397
985 336 59 718
985 340 29 615
985 351 7 1471
985 368 41 1364
986 11 25 24
986 82 45 1491
986 118 50 1070
986 136 43 1252
986 165 31 727
986 189 55 411
986 208 4 788
986 212 38 13
986 268 13 1448
986 309 1 1031
986 343 19 828
986 363 21 913
986 381 7 1101
987 51 10 1492
987 67 56 41
987 105 47 1359
987 122 53 260
987 133 25 95
987 142 41 1029
987 167 17 709
987 235 43 148
987 241 37 1417
987 272 13 1337
987 319 33 598
987 347 49 1418
987 359 19 1043
987 380 1 452
988 1 57 735
988 75 29 1102
988 99 43 48
988 141 31 330
988 181 22 200
988 192 35 856
988 236 19 1193
988 247 1 138
988 260 5 1292
988 305 7 642
988 325 52 73
988 337 13 414
988 353 39 865
988 357 46 1179
988 390 25 699
989 10 53 211
989 14 31 381
989 53 41 214
989 103 59 438
989 140 1 283
989 159 46 1317
989 160 10 138
989 186 7 9
989 191 23 619
989 214 55 1235
989 244 28 304
989 299 16 528
989 338 33 365
989 342 13 585
989 373 49 809
990 4 59 181
990 10 35 255
990 53 23 586
990 101 16 375
990 137 26 747
990 145 19 1417
990 154 4 1325
990 201 1 860
990 217 47 1192
990 224 13 574
990 233 37 1237
990 262 11 398
990 270 43 67
990 292 53 390
990 362 49 589
991 5 55 508
991 54 59 294
991 64 7 499
991 84 35 1446
991 111 43 627
991 120 5 787
991 204 29 1119
991 210 1 375
991 211 49 940
991 254 13 758
991 265 37 791
991 314 51 338
991 365 46 408
991 367 16 1440
991 377 23 502
992 4 37 590
992 43 55 576
992 66 49 187
992 107 11 1491
992 177 1 1316
992 179 13 460
992 261 31 1305
992 273 59 135
992 289 20 183
992 349 25 1292
992 353 46 720
992 375 35 588
992 378 39 240
992 386 52 268
992 390 7 1091
993 48 22 306
993 90 4 351
993 136 29 22
993 159 19 453
993 168 13 1028
993 176 40 1414
993 201 35 860
993 214 10 1235
993 228 49 1450
993 229 43 768
993 239 1 556
993 280 31 359
993 347 25 557
993 354 57 545
994 27 55 391
994 83 43 457
994 99 49 1363
994 115 40 1125
994 169 25 901
994 192 23 1146
994 211 53 195
994 233 2 1237
994 241 19 585
994 266 32 1153
994 278 7 966
994 316 47 450
994 340 29 1118
994 345 13 86
995 51 3 374
995 77 45 661
995 99 10 1363
995 109 53 261
995 119 49 958
995 122 5 603
995 152 13 770
995 214 17 1235
995 219 57 334
995 248 19 1144
995 273 1 848
995 279 31 1321
995 310 25 75
995 346 37 1308
995 349 39 588
996 24 33 941
996 59 43 461
996 83 7 457
996 86 5 911
996 169 55 148
996 197 1 1055
996 201 11 316
996 278 22 833
996 297 25 410
996 316 47 255
996 357 37 1393
996 387 50 348
996 389 13 516
997 20 16 67
997 64 49 596
997 136 59 1179
997 147 34 423
997 154 25 776
997 171 55 825
997 182 11 763
997 198 19 1307
997 227 37 67
997 247 41 1448
997 306 23 1403
997 307 44 1038
997 342 4 88
997 344 28 1230
997 365 8 1376
998 9 16 400
998 68 44 848
998 102 58 416
998 145 55 502
998 202 5 614
998 217 9 1192
998 242 13 206
998 243 1 995
998 251 31 760
998 271 49 838
998 279 19 586
998 297 25 1253
998 330 37 134
998 346 23 994
998 397 7 1445
999 29 43 1087
999 138 10 1176
999 146 7 972
999 170 46 296
999 191 41 65
999 208 16 816
999 220 52 656
999 241 19 276
999 260 35 1253
999 276 5 1085
999 303 25 1028
999 318 59 292
999 337 1 598
999 383 37 762
999 386 27 1307
1000 69 34 448
1000 71 7 758
1000 91 45 11
1000 104 31 662
1000 144 23 320
1000 149 19 1267
1000 155 13 36
1000 179 49 904
1000 191 43 718
1000 224 28 1088
1000 305 1 399
1000 326 10 1302
1000 338 41 36
1000 387 55 1110
1000 390 38 699
Điểm tối ưu/tốt nhất tìm được: 14619
Thời gian: 900.612827 giây
Trạng thái: VALID
