7289
1 9 45 350
1 57 37 695
1 68 10 47
1 70 31 712
1 75 4 518
1 95 19 702
1 109 13 517
1 111 23 570
1 114 29 234
1 117 55 466
1 141 35 652
1 142 7 309
1 144 1 641
1 152 17 243
1 173 49 567
2 16 53 46
2 32 47 369
2 35 19 577
2 66 9 347
2 68 41 241
2 86 1 592
2 91 55 695
2 109 13 483
2 113 38 520
2 132 34 79
2 182 7 42
2 184 25 231
2 186 49 234
2 194 5 713
2 197 31 405
3 1 25 47
3 28 59 521
3 42 53 528
3 64 1 499
3 69 16 503
3 84 3 564
3 91 21 7
3 106 55 280
3 108 11 604
3 136 31 534
3 141 35 478
3 145 43 121
3 149 37 247
3 160 13 248
3 183 7 396
4 14 34 666
4 40 27 611
4 42 21 61
4 48 49 534
4 54 13 370
4 78 10 648
4 82 57 145
4 90 15 746
4 120 44 526
4 128 23 330
4 154 31 103
4 157 5 644
4 168 1 564
4 188 37 748
5 48 38 721
5 49 32 176
5 51 7 216
5 73 55 545
5 89 49 315
5 97 25 327
5 102 46 417
5 105 13 30
5 125 28 214
5 127 43 677
5 137 17 174
5 178 9 391
5 186 2 743
5 196 19 747
6 4 11 212
6 35 34 87
6 37 19 56
6 67 53 49
6 83 59 352
6 106 40 448
6 132 49 312
6 137 43 454
6 164 45 50
6 181 4 77
6 184 37 102
6 189 7 43
6 191 55 94
6 196 26 49
7 6 53 655
7 19 38 61
7 20 49 477
7 27 16 17
7 31 1 52
7 33 47 83
7 66 4 484
7 73 7 155
7 79 31 282
7 94 25 165
7 112 43 188
7 132 13 403
7 142 55 584
7 143 19 123
7 148 23 272
8 4 35 678
8 9 16 350
8 35 40 745
8 50 25 538
8 61 31 652
8 71 59 245
8 87 13 409
8 91 28 495
8 115 4 596
8 143 50 386
8 153 1 343
8 171 37 369
8 174 7 141
8 187 46 77
8 199 43 294
9 8 19 497
9 31 37 651
9 36 43 53
9 55 49 322
9 77 13 288
9 82 40 202
9 86 57 129
9 91 4 477
9 96 10 352
9 106 28 566
9 114 35 234
9 121 31 648
9 133 1 388
9 175 21 671
9 185 7 107
10 11 31 598
10 15 1 302
10 58 28 527
10 70 38 393
10 77 43 52
10 86 19 168
10 89 7 351
10 115 4 257
10 122 23 607
10 143 55 465
10 150 52 333
10 151 35 658
10 162 25 614
10 181 15 77
10 184 10 278
11 27 32 478
11 45 5 29
11 68 11 597
11 74 59 228
11 107 26 316
11 110 35 546
11 142 46 309
11 145 13 283
11 147 56 439
11 153 9 264
11 158 19 87
11 179 49 23
11 181 1 142
11 182 41 42
11 185 16 20
12 5 47 303
12 8 49 12
12 54 11 50
12 68 29 282
12 72 7 191
12 89 13 569
12 93 43 622
12 96 16 289
12 102 52 493
12 111 5 119
12 120 37 526
12 142 31 584
12 153 22 524
12 163 1 286
12 183 56 709
13 17 46 283
13 37 49 545
13 43 35 711
13 44 13 354
13 75 16 64
13 87 55 409
13 96 32 597
13 112 37 188
13 125 4 214
13 140 19 514
13 166 51 150
13 177 11 464
13 179 25 499
13 185 1 363
13 190 7 508
14 4 55 678
14 31 3 425
14 37 35 69
14 39 26 519
14 40 49 680
14 43 1 163
14 48 31 575
14 57 57 488
14 64 53 342
14 71 23 454
14 79 37 116
14 87 10 640
14 102 20 467
14 136 7 567
14 177 41 69
15 24 29 429
15 28 19 521
15 35 55 476
15 65 38 189
15 68 4 597
15 84 26 163
15 90 31 243
15 91 58 724
15 109 21 483
15 134 53 520
15 160 7 12
15 162 14 181
15 171 11 724
15 173 43 365
15 179 49 499
16 8 34 497
16 35 22 577
16 43 53 288
16 59 55 682
16 63 1 525
16 65 43 258
16 69 19 732
16 83 11 577
16 92 37 22
16 126 59 77
16 133 16 313
16 145 7 624
16 158 49 532
16 163 25 583
16 181 13 643
17 9 40 645
17 13 11 709
17 22 1 673
17 40 43 680
17 51 29 684
17 52 52 71
17 60 5 532
17 77 13 79
17 88 55 735
17 109 25 354
17 114 47 290
17 164 32 638
17 178 21 468
17 194 59 713
17 197 49 72
18 2 43 17
18 4 17 168
18 12 31 593
18 15 58 186
18 16 40 482
18 17 37 11
18 71 5 512
18 74 1 133
18 82 28 107
18 86 49 311
18 95 8 702
18 112 13 601
18 117 19 231
18 133 55 363
18 167 25 524
19 29 43 603
19 30 14 493
19 36 25 90
19 43 55 288
19 56 1 421
19 78 49 257
19 79 31 704
19 103 37 69
19 113 52 398
19 148 19 151
19 168 5 426
19 173 7 41
19 175 21 675
19 176 3 516
19 196 57 747
20 6 7 91
20 39 55 303
20 42 29 419
20 48 31 721
20 52 9 575
20 57 13 367
20 71 17 245
20 80 40 583
20 93 19 622
20 118 21 424
20 119 47 525
20 128 53 419
20 129 59 28
20 154 4 247
20 164 43 144
21 10 56 403
21 24 47 38
21 32 5 75
21 39 19 339
21 58 31 730
21 64 13 342
21 89 15 315
21 92 50 92
21 116 37 248
21 120 1 526
21 124 27 285
21 163 34 19
21 185 43 20
21 191 8 272
22 17 25 663
22 21 47 192
22 30 4 341
22 51 13 216
22 56 35 294
22 92 31 324
22 107 15 316
22 108 40 663
22 115 52 597
22 129 19 7
22 149 21 236
22 150 10 277
22 154 28 103
22 168 37 271
22 200 1 139
23 10 58 121
23 37 3 69
23 58 49 730
23 67 7 590
23 83 1 617
23 102 13 467
23 115 52 596
23 156 38 119
23 157 47 748
23 160 55 12
23 164 25 638
23 181 10 77
23 183 32 709
23 195 19 419
23 196 43 197
24 25 9 123
24 38 43 734
24 51 7 684
24 52 51 276
24 53 1 671
24 90 31 153
24 104 55 98
24 111 13 119
24 112 25 591
24 119 17 278
24 146 4 233
24 151 29 726
24 166 37 38
24 171 59 719
24 193 19 109
25 9 1 645
25 17 58 663
25 36 31 28
25 42 23 597
25 49 13 528
25 54 35 417
25 87 20 409
25 106 49 94
25 115 43 51
25 133 27 313
25 134 17 520
25 148 25 124
25 158 7 717
25 179 38 23
25 184 4 303
26 19 31 61
26 36 38 115
26 77 43 636
26 85 10 165
26 95 15 339
26 101 19 155
26 103 50 254
26 116 55 475
26 130 29 123
26 159 25 19
26 160 4 617
26 163 1 639
26 167 7 140
26 178 33 468
27 36 43 355
27 39 55 49
27 58 7 730
27 61 1 186
27 64 5 95
27 92 25 92
27 108 10 663
27 119 29 475
27 127 22 644
27 130 35 495
27 142 19 8
27 167 16 76
27 181 13 142
27 197 49 103
28 5 56 148
28 13 43 22
28 25 7 294
28 30 22 493
28 39 25 658
28 53 41 214
28 77 13 394
28 85 19 343
28 137 17 347
28 144 1 100
28 181 4 142
28 185 31 20
28 194 11 726
28 200 47 517
29 10 55 47
29 44 53 354
29 55 43 322
29 67 59 318
29 68 9 630
29 70 37 106
29 76 25 479
29 116 13 475
29 129 3 482
29 165 49 716
29 168 1 636
29 178 31 395
29 180 19 711
29 194 11 10
30 2 49 669
30 12 37 593
30 29 43 37
30 60 23 290
30 94 25 7
30 97 55 254
30 103 14 399
30 106 1 280
30 128 41 419
30 144 4 223
30 160 27 263
30 182 58 113
30 183 19 621
30 193 31 347
30 196 8 226
31 22 43 212
31 25 38 82
31 27 1 393
31 35 25 577
31 38 21 71
31 60 29 290
31 63 7 208
31 64 17 257
31 66 4 54
31 105 13 19
31 108 34 663
31 135 55 122
31 137 47 677
31 159 50 297
32 4 47 97
32 15 50 455
32 19 53 617
32 21 5 389
32 29 25 603
32 39 57 102
32 46 31 366
32 90 7 555
32 106 16 280
32 123 29 477
32 125 1 281
32 135 21 519
32 137 19 302
32 154 43 247
32 162 34 181
33 1 25 34
33 2 1 352
33 27 43 746
33 28 11 729
33 43 13 32
33 58 19 527
33 78 49 91
33 120 38 263
33 142 58 203
33 149 7 21
33 162 46 181
33 168 5 317
33 189 15 389
34 26 10 49
34 29 1 228
34 40 37 89
34 60 59 465
34 66 43 724
34 67 17 49
34 80 34 310
34 93 29 443
34 97 31 274
34 118 49 90
34 159 55 297
34 174 47 300
34 178 25 116
34 187 13 573
34 196 20 263
35 14 19 66
35 25 25 258
35 26 22 403
35 28 7 729
35 39 13 608
35 41 17 677
35 43 29 115
35 44 55 622
35 74 41 28
35 122 4 163
35 132 1 312
35 138 43 519
35 161 32 167
35 168 47 463
35 175 49 405
36 11 43 291
36 18 16 310
36 29 19 308
36 36 31 731
36 50 55 325
36 60 23 568
36 63 26 60
36 103 2 399
36 106 52 566
36 116 7 175
36 133 39 313
36 136 58 636
36 142 13 141
36 192 11 56
37 34 28 433
37 37 59 53
37 68 43 695
37 70 1 276
37 72 19 139
37 80 52 310
37 88 13 735
37 94 37 165
37 102 25 309
37 109 7 408
37 119 35 475
37 126 47 611
37 164 55 638
37 171 22 719
37 188 40 748
38 1 19 597
38 17 1 201
38 27 4 17
38 48 43 549
38 52 28 490
38 54 35 304
38 82 13 82
38 100 23 325
38 123 11 155
38 144 37 223
38 150 16 333
38 174 41 141
38 184 7 647
38 199 49 301
38 200 47 717
39 16 17 482
39 37 13 649
39 42 5 749
39 46 10 379
39 61 49 528
39 66 1 216
39 70 31 340
39 89 40 315
39 90 25 243
39 120 55 168
39 146 35 651
39 164 19 487
39 174 59 141
39 175 46 247
39 200 53 516
40 31 25 598
40 36 19 355
40 60 47 30
40 63 31 25
40 75 40 672
40 93 29 523
40 99 3 224
40 115 16 730
40 138 23 102
40 140 10 514
40 142 7 203
40 148 1 124
40 161 52 750
40 179 43 462
40 196 55 28
41 33 4 83
41 39 49 608
41 41 11 723
41 45 41 97
41 63 55 448
41 72 22 139
41 78 34 212
41 79 43 750
41 90 37 222
41 103 25 310
41 140 19 574
41 145 1 9
41 172 13 286
41 180 31 581
41 196 7 28
42 19 55 560
42 23 4 299
42 36 19 53
42 38 31 165
42 62 16 12
42 74 23 581
42 80 44 276
42 94 47 66
42 96 52 588
42 122 2 638
42 130 11 675
42 135 7 706
42 148 13 124
42 149 39 330
42 196 25 236
43 6 53 552
43 20 21 257
43 42 4 61
43 73 38 596
43 74 29 19
43 77 7 288
43 95 13 702
43 119 59 110
43 126 11 222
43 131 1 35
43 144 25 223
43 152 35 724
43 173 31 477
43 176 17 735
43 182 47 520
44 5 43 495
44 15 13 250
44 27 1 153
44 41 57 677
44 54 59 366
44 58 51 21
44 64 35 95
44 119 49 278
44 122 23 638
44 143 8 286
44 157 41 737
44 162 28 181
44 164 37 203
44 166 31 263
44 189 4 184
45 26 4 49
45 38 49 197
45 61 55 539
45 90 13 243
45 94 31 577
45 100 19 211
45 106 28 280
45 121 43 311
45 130 53 652
45 157 35 748
45 168 22 672
45 173 37 412
45 196 7 236
45 200 47 32
46 48 7 316
46 58 49 487
46 61 55 489
46 66 4 393
46 70 25 29
46 76 31 245
46 77 39 425
46 93 11 403
46 103 19 456
46 124 45 285
46 132 1 734
46 140 13 113
46 153 37 192
46 198 23 150
47 2 19 721
47 8 46 270
47 17 50 665
47 24 15 466
47 38 55 317
47 56 35 741
47 57 1 317
47 82 43 731
47 91 25 495
47 92 7 304
47 95 31 32
47 135 38 122
47 142 28 25
47 187 5 730
47 200 17 517
48 1 26 227
48 49 55 164
48 55 44 143
48 57 8 385
48 69 16 368
48 70 50 29
48 80 13 424
48 83 23 745
48 90 1 222
48 117 31 546
48 131 35 35
48 146 59 737
48 151 41 658
48 183 19 146
48 195 37 231
49 7 28 43
49 8 41 12
49 24 59 234
49 35 2 476
49 56 53 519
49 74 47 563
49 75 10 518
49 77 49 288
49 111 5 575
49 122 17 238
49 127 22 135
49 162 7 733
49 179 43 248
49 180 55 711
49 182 35 273
50 16 41 30
50 46 31 379
50 49 7 176
50 74 11 28
50 112 25 267
50 113 19 403
50 124 51 285
50 129 53 110
50 145 22 239
50 149 43 110
50 150 2 436
50 178 13 215
50 188 58 748
51 2 37 525
51 6 41 683
51 28 23 729
51 34 34 433
51 36 55 731
51 37 59 399
51 72 31 189
51 73 49 101
51 92 7 92
51 99 13 318
51 133 25 630
51 149 43 5
51 160 1 12
51 161 28 209
51 173 19 567
52 32 47 315
52 43 21 516
52 68 53 47
52 92 43 496
52 94 40 7
52 102 49 604
52 103 31 399
52 107 16 233
52 136 28 186
52 140 25 574
52 146 1 680
52 183 7 106
52 186 3 567
53 33 17 83
53 34 7 535
53 51 13 684
53 87 25 545
53 100 41 563
53 101 56 730
53 120 43 692
53 122 23 409
53 127 10 64
53 151 15 342
53 159 37 744
53 162 52 181
53 163 1 20
53 179 31 462
53 188 28 573
54 12 1 560
54 14 16 194
54 21 35 429
54 30 52 654
54 32 8 669
54 61 37 652
54 63 31 264
54 67 5 107
54 99 27 599
54 107 13 672
54 119 19 525
54 125 58 214
54 152 25 91
54 166 21 417
55 2 43 352
55 8 1 189
55 33 3 457
55 48 55 549
55 65 25 492
55 87 10 545
55 120 19 315
55 121 37 72
55 136 31 71
55 144 7 100
55 154 34 102
55 183 49 396
55 193 13 303
56 7 15 412
56 23 41 634
56 35 1 87
56 38 55 197
56 53 13 746
56 64 10 462
56 87 19 545
56 92 37 304
56 110 35 89
56 129 27 586
56 140 22 574
56 149 49 271
56 173 31 567
56 174 4 175
56 177 53 228
57 10 28 121
57 34 37 433
57 42 52 61
57 47 10 743
57 59 1 682
57 76 31 448
57 96 49 597
57 106 25 448
57 121 56 538
57 135 14 749
57 158 43 87
57 169 19 273
57 199 41 586
58 1 13 518
58 12 37 267
58 16 7 482
58 21 1 599
58 37 23 69
58 52 52 575
58 70 43 30
58 74 41 38
58 80 28 476
58 83 11 424
58 159 31 51
58 183 3 396
58 188 25 407
58 191 19 94
58 200 59 655
59 9 40 350
59 10 22 47
59 120 8 526
59 125 19 214
59 127 1 307
59 129 53 7
59 142 46 141
59 143 26 465
59 145 4 239
59 149 13 317
59 156 31 486
59 170 37 297
59 181 43 643
59 193 49 471
60 13 47 637
60 23 31 634
60 36 43 477
60 53 19 468
60 61 21 652
60 66 49 724
60 91 16 192
60 93 14 622
60 137 3 129
60 138 11 176
60 140 25 113
60 164 37 538
60 195 7 666
60 199 29 116
61 1 27 405
61 2 13 234
61 16 1 539
61 28 3 729
61 39 49 339
61 45 7 29
61 94 56 7
61 107 40 568
61 119 59 475
61 154 31 101
61 164 19 538
61 179 43 395
61 182 5 42
61 185 34 20
61 186 9 639
62 22 13 340
62 32 58 75
62 63 37 264
62 64 4 125
62 92 25 488
62 114 53 203
62 117 19 95
62 133 1 630
62 138 17 598
62 163 55 211
62 179 8 248
62 182 41 300
62 186 31 286
62 194 29 304
63 8 1 274
63 14 52 445
63 18 49 176
63 34 25 535
63 48 19 110
63 63 7 613
63 84 31 163
63 101 55 419
63 102 34 467
63 110 45 89
63 126 13 527
63 141 29 688
63 142 37 8
63 158 15 723
63 166 3 417
64 2 25 342
64 34 31 433
64 46 10 617
64 70 50 325
64 72 13 139
64 93 29 202
64 96 43 597
64 114 17 203
64 143 19 27
64 154 55 103
64 158 1 717
64 161 7 342
64 180 34 581
64 193 38 580
65 14 13 66
65 17 10 665
65 21 23 599
65 26 31 517
65 40 49 607
65 48 25 133
65 55 1 178
65 76 19 425
65 117 43 471
65 142 34 215
65 147 7 302
65 156 37 486
65 163 16 381
65 196 55 590
66 20 32 363
66 22 43 577
66 39 55 658
66 65 49 258
66 83 23 165
66 92 25 304
66 106 38 566
66 139 19 568
66 140 10 574
66 141 53 82
66 145 1 121
66 165 15 716
66 170 4 9
67 9 57 350
67 18 4 32
67 31 16 713
67 52 39 129
67 65 33 634
67 78 1 257
67 84 49 443
67 88 25 735
67 114 47 549
67 126 13 611
67 140 43 113
67 147 21 302
67 149 7 271
67 151 11 549
67 155 53 707
68 21 23 231
68 30 31 665
68 40 25 454
68 53 53 214
68 54 35 224
68 77 37 52
68 91 3 7
68 97 7 274
68 103 43 399
68 120 13 168
68 165 19 716
68 172 55 675
68 174 59 175
68 186 49 43
69 19 23 492
69 30 28 665
69 34 58 535
69 41 5 699
69 55 13 170
69 75 7 713
69 102 10 398
69 110 55 385
69 132 43 226
69 138 19 519
69 142 31 8
69 145 25 624
69 160 49 5
69 178 1 468
69 185 38 20
70 19 17 658
70 30 43 405
70 70 13 106
70 80 50 462
70 87 28 409
70 95 39 355
70 97 22 641
70 98 11 680
70 152 37 91
70 158 33 723
70 180 55 581
70 181 19 142
70 184 3 139
70 195 7 300
71 2 33 17
71 5 41 303
71 11 20 347
71 15 4 227
71 25 9 82
71 28 31 729
71 42 47 419
71 65 37 127
71 66 58 226
71 75 26 164
71 100 29 379
71 129 13 723
71 162 15 614
71 169 43 479
71 176 1 516
72 4 1 678
72 7 49 671
72 8 35 12
72 18 7 578
72 25 55 429
72 27 10 393
72 55 13 328
72 60 53 41
72 66 37 398
72 118 3 241
72 158 43 717
72 171 29 719
72 180 40 581
72 183 31 464
72 190 27 508
73 24 51 429
73 29 44 228
73 34 1 428
73 44 13 504
73 90 37 541
73 101 25 578
73 106 16 566
73 120 55 464
73 121 31 389
73 126 23 222
73 137 7 523
73 146 35 147
73 155 49 637
73 162 10 181
73 177 59 603
74 40 31 454
74 42 59 61
74 44 19 504
74 49 37 113
74 60 41 290
74 97 10 641
74 111 1 570
74 113 28 631
74 139 55 369
74 140 4 113
74 144 7 223
74 164 49 153
74 166 43 661
74 182 21 631
74 195 13 300
75 8 2 497
75 32 37 56
75 55 7 178
75 95 49 370
75 97 19 254
75 105 13 125
75 118 45 378
75 121 31 50
75 124 56 285
75 125 22 214
75 128 17 692
75 129 53 17
75 181 58 142
75 187 43 573
75 199 35 226
76 18 19 23
76 44 3 622
76 47 10 389
76 54 59 486
76 61 25 366
76 89 46 569
76 105 51 622
76 127 22 64
76 154 7 103
76 159 31 290
76 161 13 209
76 164 55 487
76 195 37 300
76 199 16 216
77 3 23 636
77 6 41 41
77 18 20 581
77 20 49 363
77 27 10 746
77 29 56 405
77 33 15 457
77 34 7 428
77 42 2 61
77 77 31 554
77 97 28 274
77 118 37 378
77 130 25 187
77 142 44 463
77 177 35 586
78 36 55 23
78 44 10 354
78 65 49 189
78 113 16 110
78 122 46 638
78 136 31 301
78 146 1 147
78 161 13 309
78 169 25 273
78 170 21 9
78 172 37 552
78 174 29 424
78 176 19 443
78 183 3 146
79 10 28 730
79 27 10 153
79 32 5 669
79 65 55 492
79 74 7 486
79 89 43 351
79 101 37 578
79 103 1 305
79 124 19 285
79 137 23 677
79 139 32 744
79 153 25 192
79 172 13 552
79 175 49 493
79 187 47 492
80 45 35 341
80 46 28 717
80 49 57 617
80 58 40 527
80 60 17 568
80 79 8 321
80 88 3 735
80 108 47 604
80 118 51 424
80 123 49 713
80 133 44 630
80 150 21 669
80 160 13 5
80 186 31 280
80 194 55 304
81 10 49 27
81 12 38 124
81 71 19 454
81 78 14 91
81 97 31 254
81 116 44 29
81 127 25 64
81 130 55 342
81 139 9 504
81 151 29 603
81 165 22 716
81 167 52 745
81 171 4 121
81 172 57 241
82 3 13 264
82 19 17 224
82 24 51 466
82 35 37 655
82 44 1 622
82 77 25 300
82 89 22 569
82 116 33 140
82 123 53 477
82 140 3 514
82 156 44 486
82 173 7 747
82 175 19 463
82 177 59 593
82 187 11 573
83 13 53 22
83 40 49 53
83 45 11 97
83 50 58 661
83 51 47 512
83 52 55 663
83 65 13 492
83 97 34 274
83 98 3 89
83 116 7 478
83 141 5 688
83 156 25 421
83 167 19 524
83 175 31 675
83 195 37 148
84 21 16 599
84 36 25 115
84 40 43 528
84 41 29 164
84 51 5 216
84 66 40 398
84 73 19 75
84 90 55 132
84 95 8 370
84 106 13 566
84 107 34 379
84 116 1 648
84 144 51 523
84 181 31 77
85 2 26 352
85 11 1 277
85 30 43 741
85 51 11 684
85 98 35 665
85 109 19 354
85 128 47 692
85 140 31 574
85 146 17 680
85 150 37 277
85 167 7 278
85 169 55 426
85 185 40 185
85 190 13 508
86 2 55 17
86 34 10 535
86 40 19 737
86 49 49 611
86 56 53 87
86 80 31 476
86 104 16 132
86 125 43 439
86 134 27 311
86 146 29 146
86 153 5 707
86 154 34 101
86 160 40 278
86 174 13 137
86 182 8 665
87 3 29 264
87 5 41 148
87 55 13 322
87 61 31 539
87 72 37 289
87 73 19 471
87 78 7 432
87 84 58 359
87 95 44 370
87 122 11 750
87 123 4 346
87 130 1 675
87 137 17 697
87 169 49 28
87 171 56 719
88 3 7 303
88 4 55 647
88 8 41 270
88 14 25 66
88 15 37 278
88 22 19 238
88 96 28 695
88 141 16 652
88 145 13 239
88 148 31 124
88 152 5 651
88 156 9 486
88 163 52 583
88 170 1 297
88 187 35 52
89 12 55 215
89 23 23 634
89 26 1 43
89 31 13 651
89 84 19 12
89 88 49 66
89 95 25 339
89 113 16 208
89 141 43 688
89 145 37 592
89 152 5 116
89 163 46 430
89 187 59 743
89 195 31 148
90 4 41 678
90 12 51 9
90 68 5 695
90 83 49 523
90 89 1 569
90 94 25 661
90 113 10 110
90 117 14 231
90 121 19 50
90 122 23 539
90 132 7 584
90 145 31 239
90 146 35 28
90 151 59 630
90 163 45 575
91 14 22 666
91 25 43 211
91 29 49 717
91 37 11 53
91 45 17 122
91 46 19 717
91 56 59 87
91 80 37 476
91 102 40 208
91 103 1 456
91 112 55 601
91 118 7 144
91 120 13 592
91 156 25 430
91 170 32 119
92 1 7 5
92 10 13 355
92 15 56 520
92 16 53 455
92 43 16 176
92 64 19 499
92 67 22 318
92 80 37 583
92 107 40 584
92 123 47 477
92 149 2 655
92 162 25 181
92 194 11 227
92 200 29 139
93 8 23 702
93 63 43 208
93 82 34 107
93 96 38 365
93 111 5 580
93 119 17 465
93 146 59 680
93 159 19 436
93 164 13 538
93 173 55 567
93 174 53 300
93 176 49 516
93 193 1 109
93 195 7 44
94 7 55 671
94 27 10 17
94 32 1 315
94 50 49 538
94 56 41 742
94 78 32 560
94 89 25 315
94 92 21 304
94 121 15 498
94 122 52 257
94 130 13 675
94 154 58 247
94 166 3 27
94 172 43 158
95 2 7 721
95 16 11 455
95 18 49 463
95 26 4 46
95 32 17 369
95 38 45 443
95 51 31 684
95 61 37 366
95 66 52 724
95 75 19 563
95 89 13 58
95 110 23 546
95 122 43 257
95 133 1 313
96 9 52 350
96 16 41 52
96 47 19 647
96 50 34 405
96 53 49 746
96 54 59 312
96 65 44 634
96 94 1 187
96 101 37 623
96 116 55 29
96 123 29 155
96 127 13 135
96 152 23 737
96 190 9 508
96 198 5 430
97 23 41 168
97 44 43 504
97 63 55 107
97 64 53 125
97 74 59 308
97 97 31 641
97 100 35 297
97 106 49 566
97 108 1 604
97 109 7 637
97 119 17 475
97 137 45 454
97 150 22 277
97 186 25 567
97 200 5 494
98 15 13 227
98 28 16 521
98 37 28 69
98 40 20 528
98 44 7 504
98 45 35 122
98 85 25 467
98 87 37 409
98 133 4 630
98 140 9 113
98 145 57 454
98 160 1 248
98 192 41 139
98 193 31 303
99 15 16 227
99 17 55 11
99 18 32 54
99 28 45 521
99 57 3 270
99 61 7 50
99 66 58 563
99 82 52 79
99 92 19 92
99 104 13 132
99 121 37 12
99 124 49 285
99 176 29 735
99 183 25 464
99 200 11 494
100 7 51 144
100 63 7 19
100 76 20 683
100 92 1 92
100 93 39 622
100 97 13 523
100 107 25 280
100 113 57 631
100 127 28 64
100 152 34 91
100 153 31 516
100 166 43 263
100 177 5 464
100 189 16 43
100 198 37 158
101 2 25 701
101 7 49 445
101 9 20 350
101 14 37 666
101 24 59 645
101 26 7 49
101 61 45 366
101 65 1 38
101 114 43 719
101 120 13 526
101 138 17 483
101 155 40 608
101 167 10 140
101 171 53 121
101 183 55 106
102 15 52 227
102 26 10 43
102 48 37 549
102 54 1 366
102 80 25 44
102 104 7 98
102 112 55 512
102 128 17 532
102 143 3 294
102 145 49 592
102 166 45 150
102 173 19 185
102 183 13 709
102 193 33 109
102 194 29 110
103 7 7 623
103 21 41 429
103 26 51 403
103 36 32 309
103 58 46 341
103 62 16 236
103 93 29 623
103 106 25 566
103 123 19 477
103 132 4 79
103 137 13 454
103 142 22 289
103 177 11 135
103 179 37 395
103 198 49 56
104 4 25 445
104 30 32 741
104 33 51 457
104 38 44 317
104 65 1 492
104 83 49 424
104 115 39 158
104 117 19 546
104 121 7 483
104 128 35 64
104 142 16 141
104 160 55 249
104 184 58 139
104 195 27 158
104 199 53 294
105 4 3 678
105 5 59 29
105 13 1 723
105 18 49 448
105 22 55 245
105 57 37 317
105 70 26 494
105 72 10 184
105 123 41 43
105 133 7 313
105 135 31 749
105 157 5 395
105 167 52 278
105 184 13 647
105 192 35 333
106 7 38 445
106 13 29 637
106 24 35 695
106 36 55 561
106 54 43 187
106 69 7 732
106 75 31 164
106 76 13 430
106 98 23 186
106 102 25 398
106 116 49 248
106 150 4 697
106 182 1 665
106 191 45 137
106 198 17 133
107 29 7 121
107 56 41 294
107 70 37 384
107 82 46 379
107 90 55 222
107 96 32 695
107 106 43 280
107 111 1 575
107 129 5 717
107 130 3 675
107 166 14 417
107 178 49 468
107 188 25 590
107 191 20 72
107 197 28 346
108 8 47 702
108 18 19 32
108 23 37 259
108 48 57 615
108 70 1 712
108 76 43 593
108 125 31 281
108 132 8 312
108 139 49 97
108 172 25 234
108 177 5 69
108 179 13 555
108 185 34 672
108 187 41 399
108 190 39 508
109 3 59 303
109 12 49 560
109 17 22 665
109 34 7 433
109 94 53 187
109 102 34 425
109 123 19 346
109 130 32 187
109 145 46 9
109 148 55 124
109 158 37 426
109 159 13 688
109 169 3 479
109 191 25 94
109 199 11 561
110 6 35 41
110 17 58 687
110 38 25 742
110 45 19 201
110 50 16 504
110 55 43 178
110 56 13 583
110 67 49 318
110 110 47 197
110 121 21 311
110 155 41 424
110 164 1 144
110 168 29 463
110 194 53 734
111 16 17 455
111 28 50 521
111 41 4 677
111 50 52 671
111 70 38 712
111 92 55 324
111 98 11 186
111 99 31 570
111 101 20 590
111 124 43 285
111 125 7 281
111 127 1 126
111 172 13 634
111 173 45 623
111 190 59 508
112 12 25 139
112 22 3 188
112 27 52 478
112 60 29 532
112 65 43 38
112 97 13 641
112 111 23 580
112 114 31 471
112 140 7 514
112 145 16 352
112 169 56 611
112 182 10 631
112 188 37 573
112 189 34 21
112 190 1 508
113 6 17 601
113 8 35 702
113 12 37 226
113 21 21 599
113 22 25 716
113 46 49 409
113 69 56 301
113 93 19 575
113 116 13 145
113 132 9 246
113 140 4 574
113 163 52 20
113 186 44 651
113 197 1 244
113 198 7 150
114 54 17 366
114 63 19 19
114 75 46 64
114 79 51 116
114 99 31 678
114 106 10 448
114 117 56 471
114 125 13 281
114 141 49 630
114 157 37 737
114 166 39 269
114 178 1 395
114 183 25 709
115 7 1 173
115 41 11 148
115 44 25 504
115 64 59 462
115 72 37 741
115 78 22 91
115 89 28 351
115 97 13 274
115 130 45 675
115 131 53 35
115 143 49 683
115 156 32 292
115 161 4 607
115 178 7 468
115 188 55 526
116 1 25 518
116 13 22 369
116 16 29 455
116 29 37 517
116 47 34 75
116 61 13 186
116 80 55 228
116 86 43 304
116 89 7 58
116 90 49 243
116 110 53 546
116 126 2 611
116 176 47 316
116 198 10 150
117 20 19 51
117 27 40 746
117 37 47 399
117 38 7 71
117 55 25 322
117 93 11 443
117 94 5 577
117 137 58 302
117 142 52 175
117 144 16 100
117 149 1 21
117 154 13 343
117 181 43 77
117 183 32 396
117 200 23 721
118 29 13 308
118 32 55 129
118 45 59 122
118 46 26 647
118 54 53 370
118 71 1 254
118 100 8 325
118 119 43 465
118 154 31 121
118 162 10 614
118 171 20 369
118 176 41 316
118 177 5 228
118 188 22 629
118 197 37 346
119 15 34 250
119 37 1 40
119 44 45 622
119 60 55 346
119 68 7 597
119 87 31 409
119 92 57 496
119 124 41 285
119 127 26 370
119 135 37 519
119 139 9 369
119 159 49 201
119 166 19 638
119 168 3 586
119 196 13 49
120 16 11 747
120 43 5 721
120 46 25 717
120 61 37 292
120 86 43 524
120 91 34 7
120 99 1 164
120 107 28 340
120 111 49 497
120 114 47 330
120 117 7 466
120 142 16 309
120 147 55 293
120 154 19 539
120 197 58 644
121 5 35 303
121 15 19 715
121 17 50 663
121 27 4 746
121 51 53 216
121 54 47 749
121 55 56 143
121 66 31 724
121 115 28 27
121 125 8 214
121 131 11 35
121 142 22 25
121 173 43 145
121 178 14 161
121 193 37 43
122 3 17 577
122 5 43 293
122 9 19 645
122 89 7 434
122 92 38 324
122 96 1 597
122 97 46 274
122 101 49 419
122 109 25 637
122 114 53 471
122 126 22 527
122 135 31 345
122 163 4 165
122 179 55 408
122 195 13 158
123 11 37 598
123 16 59 455
123 24 35 38
123 25 43 82
123 49 15 164
123 86 50 283
123 101 55 578
123 134 13 249
123 138 11 483
123 147 26 745
123 156 2 615
123 161 20 342
123 188 8 407
123 200 41 516
124 13 11 168
124 37 17 545
124 38 43 563
124 46 39 717
124 67 59 107
124 68 49 695
124 86 1 311
124 89 52 58
124 111 5 497
124 112 25 601
124 125 22 281
124 141 55 478
124 144 34 100
124 184 19 303
125 45 19 5
125 54 29 366
125 76 13 203
125 86 2 524
125 96 39 312
125 106 34 566
125 107 31 212
125 122 17 638
125 137 11 302
125 159 55 621
125 172 7 494
125 173 25 623
125 193 43 599
125 199 22 586
126 1 1 707
126 3 23 42
126 16 5 455
126 37 17 23
126 52 31 137
126 57 13 385
126 58 40 487
126 91 58 494
126 104 10 132
126 108 7 165
126 126 19 611
126 134 29 386
126 169 25 713
126 187 47 52
126 190 35 508
127 5 35 639
127 13 17 22
127 19 41 224
127 30 1 493
127 41 23 723
127 56 49 742
127 89 52 315
127 118 45 490
127 133 58 313
127 140 19 113
127 143 31 56
127 146 29 224
127 175 13 247
127 183 7 709
128 18 19 54
128 30 28 493
128 49 49 133
128 53 5 468
128 89 2 58
128 90 7 243
128 97 22 254
128 109 13 637
128 111 35 119
128 116 37 561
128 149 31 299
128 153 45 516
128 168 59 317
128 189 55 309
129 16 56 30
129 26 34 517
129 28 11 521
129 29 13 393
129 71 17 446
129 72 21 692
129 76 25 241
129 96 46 597
129 110 29 89
129 117 7 267
129 131 51 35
129 147 31 136
129 153 3 300
129 154 40 103
129 187 19 47
130 17 28 663
130 34 22 433
130 37 39 56
130 68 51 47
130 72 10 139
130 89 13 351
130 104 25 132
130 124 3 285
130 136 45 139
130 138 7 102
130 142 16 25
130 151 41 603
130 169 55 188
130 194 35 726
130 199 1 294
131 37 11 596
131 73 55 155
131 77 19 79
131 103 25 399
131 112 37 591
131 115 52 692
131 125 16 214
131 133 31 562
131 135 1 345
131 137 43 302
131 140 13 514
131 152 47 146
131 167 49 417
131 171 59 20
131 181 7 643
132 5 29 303
132 13 35 527
132 20 1 51
132 23 5 634
132 54 37 716
132 71 47 254
132 77 51 425
132 78 31 687
132 91 22 192
132 97 8 327
132 135 43 345
132 146 49 224
132 148 41 272
132 187 11 492
132 196 13 336
133 9 28 350
133 10 16 471
133 36 2 394
133 40 31 89
133 97 55 274
133 98 7 378
133 115 13 597
133 120 49 263
133 149 43 330
133 150 25 669
133 152 35 123
133 164 37 163
133 168 11 317
133 196 19 336
134 3 5 471
134 47 40 743
134 52 13 95
134 73 43 545
134 86 49 520
134 106 7 94
134 109 1 330
134 129 23 17
134 135 19 345
134 139 55 97
134 160 16 5
134 170 28 297
134 172 31 234
135 2 55 669
135 3 11 683
135 34 52 535
135 36 31 503
135 54 41 517
135 70 43 106
135 101 37 607
135 115 22 596
135 129 47 301
135 132 16 312
135 146 1 233
135 156 7 615
135 157 3 644
135 176 35 735
136 15 19 278
136 23 59 259
136 33 7 457
136 40 37 546
136 44 1 504
136 78 34 687
136 126 23 77
136 127 31 135
136 129 53 717
136 138 55 519
136 146 29 680
136 147 25 439
136 154 16 490
136 171 45 369
136 178 49 395
137 6 39 91
137 7 4 734
137 11 7 291
137 14 19 194
137 32 59 369
137 44 22 504
137 109 55 343
137 131 16 35
137 134 41 311
137 136 13 71
137 138 29 598
137 149 50 117
137 173 43 41
137 180 32 711
137 186 25 644
138 50 39 671
138 66 7 393
138 79 44 18
138 86 51 713
138 93 21 575
138 96 16 259
138 108 29 165
138 128 49 466
138 132 13 312
138 134 11 520
138 152 23 123
138 164 25 487
138 174 19 175
138 184 58 278
138 185 4 672
139 14 4 194
139 33 2 83
139 38 19 613
139 43 29 163
139 45 23 341
139 58 37 730
139 63 25 539
139 67 35 597
139 77 31 288
139 89 43 315
139 105 55 665
139 124 53 285
139 153 7 424
139 192 59 282
139 193 49 109
140 27 46 746
140 29 8 517
140 30 26 341
140 53 3 573
140 71 35 245
140 75 43 518
140 106 22 566
140 108 29 324
140 123 58 30
140 124 31 285
140 150 19 277
140 151 39 603
140 170 13 297
140 177 41 593
140 187 17 492
141 20 37 117
141 31 7 651
141 36 43 46
141 41 41 211
141 42 47 61
141 51 29 512
141 64 35 125
141 73 31 447
141 82 21 82
141 107 1 408
141 115 25 257
141 117 13 191
141 137 49 697
141 172 55 564
141 180 52 581
142 4 41 445
142 7 16 144
142 12 1 131
142 30 10 493
142 33 33 457
142 39 43 608
142 49 37 54
142 50 52 282
142 63 57 264
142 66 28 226
142 76 20 448
142 78 49 465
142 132 25 403
142 140 13 574
142 160 7 115
143 36 13 421
143 46 7 366
143 49 49 236
143 50 22 21
143 78 31 197
143 92 1 324
143 105 43 484
143 111 17 575
143 128 41 532
143 157 25 8
143 158 37 723
143 187 53 743
143 189 58 311
143 195 27 220
143 197 10 497
144 23 35 259
144 26 19 97
144 75 1 563
144 91 37 724
144 120 31 273
144 123 47 155
144 145 7 352
144 147 55 302
144 149 49 494
144 152 43 91
144 153 23 707
144 183 14 621
144 185 4 185
144 196 25 329
145 6 11 41
145 24 41 234
145 33 35 457
145 34 28 535
145 37 17 69
145 51 37 684
145 74 23 19
145 133 58 711
145 144 13 100
145 147 19 340
145 155 25 424
145 181 7 77
145 191 31 94
145 195 43 300
145 199 4 301
146 6 41 192
146 8 13 270
146 11 55 176
146 44 15 354
146 61 43 539
146 63 25 264
146 68 47 140
146 75 38 64
146 97 10 254
146 115 4 692
146 135 49 706
146 144 32 523
146 174 1 141
146 191 19 137
147 10 13 47
147 11 25 282
147 16 55 46
147 18 46 726
147 71 11 454
147 81 19 166
147 89 16 351
147 137 9 523
147 157 44 737
147 159 49 216
147 175 58 493
147 181 40 77
147 187 1 249
147 191 3 272
148 42 59 749
148 45 29 29
148 54 23 370
148 55 25 178
148 57 55 534
148 69 4 732
148 71 11 512
148 86 31 27
148 96 20 259
148 145 7 741
148 161 46 209
148 164 38 50
148 184 43 537
148 188 13 742
149 20 27 51
149 54 5 366
149 65 20 189
149 72 1 184
149 96 52 259
149 121 38 407
149 133 16 647
149 135 7 122
149 158 55 532
149 160 13 12
149 163 43 711
149 169 33 631
149 176 11 516
149 198 25 158
150 10 31 403
150 20 19 615
150 27 1 17
150 29 37 228
150 38 25 526
150 39 43 102
150 71 53 512
150 105 49 125
150 111 15 575
150 125 7 229
150 145 4 283
150 163 55 19
150 187 17 52
150 194 11 304
151 34 1 535
151 64 29 430
151 70 50 489
151 80 31 228
151 91 37 495
151 99 8 678
151 118 25 168
151 132 58 584
151 146 35 146
151 183 13 146
151 185 19 672
151 186 45 495
151 190 23 508
151 194 41 227
152 50 25 671
152 58 13 487
152 90 43 555
152 93 21 622
152 101 37 286
152 145 58 283
152 147 16 293
152 149 7 117
152 159 31 201
152 165 52 716
152 170 1 119
152 182 23 623
152 199 41 116
153 21 52 231
153 41 5 211
153 43 19 176
153 44 33 622
153 61 21 489
153 67 43 107
153 85 46 518
153 97 37 274
153 100 13 563
153 143 1 465
153 148 9 124
153 154 16 121
153 157 41 644
153 191 56 307
153 192 27 417
154 4 46 445
154 33 33 83
154 52 21 490
154 54 29 312
154 69 16 732
154 85 13 306
154 112 49 601
154 134 5 386
154 138 11 102
154 140 1 452
154 142 43 309
154 150 56 436
154 164 25 202
154 178 39 468
154 181 7 235
155 6 47 236
155 19 35 588
155 29 19 52
155 36 49 561
155 40 43 743
155 48 13 133
155 79 39 750
155 80 56 462
155 119 53 525
155 132 1 226
155 148 29 272
155 163 25 211
155 192 11 282
155 196 31 49
156 1 21 5
156 44 1 354
156 50 49 282
156 65 7 189
156 70 55 340
156 73 31 726
156 87 52 409
156 94 27 7
156 97 3 274
156 127 37 95
156 160 40 439
156 169 13 273
156 183 43 709
156 194 19 304
157 15 46 278
157 16 49 482
157 41 1 677
157 66 51 393
157 76 33 683
157 105 37 484
157 126 41 395
157 132 16 584
157 151 11 342
157 159 25 290
157 162 7 614
157 167 55 330
157 168 31 463
157 184 22 303
157 192 3 53
158 2 31 677
158 13 11 637
158 28 5 521
158 41 3 343
158 45 16 29
158 48 56 575
158 51 9 684
158 95 43 339
158 97 52 274
158 99 25 723
158 111 41 258
158 141 47 82
158 155 1 467
158 162 37 614
158 167 20 22
159 3 59 445
159 50 31 325
159 51 40 216
159 52 49 575
159 58 52 730
159 67 25 318
159 77 7 89
159 96 19 312
159 111 13 575
159 139 44 488
159 151 35 291
159 166 55 417
159 172 27 634
159 195 15 623
160 16 35 30
160 24 41 178
160 57 7 552
160 62 13 549
160 64 25 462
160 66 55 724
160 73 27 75
160 82 49 107
160 90 19 541
160 134 17 89
160 136 1 148
160 148 11 124
160 152 31 398
160 171 23 121
161 10 37 76
161 18 43 54
161 22 7 212
161 24 5 466
161 56 29 87
161 65 19 492
161 68 15 695
161 77 57 394
161 93 47 622
161 113 1 631
161 120 25 697
161 121 33 354
161 152 11 116
161 196 49 590
162 11 13 347
162 16 53 308
162 17 45 665
162 27 37 478
162 43 17 163
162 53 31 573
162 60 58 346
162 79 1 750
162 96 7 588
162 109 25 482
162 177 35 593
162 184 22 209
162 189 10 426
162 196 49 124
162 198 41 150
163 2 49 17
163 55 19 178
163 64 59 499
163 74 25 38
163 94 27 187
163 96 10 588
163 101 31 90
163 109 13 330
163 144 4 100
163 159 37 51
163 180 1 446
163 184 46 231
163 189 43 184
163 195 55 44
163 200 23 494
164 24 52 103
164 42 23 429
164 50 58 325
164 65 27 189
164 83 25 523
164 106 13 280
164 119 7 465
164 132 10 79
164 138 3 102
164 145 55 741
164 147 37 340
164 150 40 436
164 154 16 103
164 179 43 333
164 193 19 455
165 3 53 683
165 5 23 495
165 11 43 588
165 26 19 43
165 32 7 369
165 52 49 71
165 88 31 624
165 101 1 730
165 110 59 546
165 122 5 5
165 136 9 599
165 145 13 121
165 187 29 492
165 196 25 747
166 20 43 604
166 27 7 17
166 29 55 308
166 33 1 457
166 56 19 742
166 101 15 249
166 108 59 549
166 128 41 64
166 130 29 744
166 131 13 35
166 135 31 122
166 184 37 354
166 188 51 742
166 198 35 133
167 19 25 311
167 21 1 192
167 45 3 29
167 55 20 143
167 63 43 245
167 68 16 47
167 107 28 560
167 113 7 398
167 117 39 466
167 125 10 229
167 126 32 527
167 129 59 482
167 135 49 749
167 152 55 146
168 8 23 270
168 62 25 425
168 77 31 52
168 89 7 569
168 111 39 575
168 116 43 648
168 125 55 214
168 135 1 122
168 137 10 129
168 141 5 652
168 174 15 175
168 181 28 142
168 189 19 688
168 196 49 226
169 4 41 695
169 18 52 463
169 32 34 369
169 70 1 30
169 82 49 75
169 89 16 569
169 97 58 274
169 101 43 342
169 105 37 665
169 113 25 378
169 130 5 675
169 150 7 580
169 151 11 630
169 158 19 532
169 176 13 316
170 1 37 430
170 20 25 483
170 23 31 563
170 32 59 315
170 34 55 535
170 47 52 504
170 85 33 343
170 100 47 325
170 104 16 98
170 119 5 475
170 159 19 429
170 160 13 43
170 183 1 709
170 185 49 672
170 188 8 573
171 24 31 645
171 30 55 493
171 45 53 122
171 50 20 325
171 60 5 90
171 66 1 724
171 79 33 313
171 88 7 735
171 98 23 378
171 125 25 214
171 151 17 603
171 163 28 583
171 166 37 233
171 180 13 581
171 198 41 430
172 13 47 723
172 29 3 726
172 52 25 490
172 63 56 333
172 85 28 248
172 92 49 324
172 94 11 661
172 98 41 378
172 99 37 318
172 120 13 42
172 137 44 129
172 151 53 291
172 182 35 520
172 192 1 417
172 198 7 557
173 18 57 463
173 35 43 607
173 42 17 419
173 47 31 72
173 63 19 186
173 78 34 197
173 86 7 479
173 93 23 202
173 124 39 285
173 128 5 330
173 145 49 239
173 186 13 532
173 188 27 748
173 194 1 726
173 199 41 688
174 24 35 247
174 29 25 308
174 49 19 617
174 89 7 315
174 94 29 7
174 119 41 475
174 130 17 675
174 146 47 28
174 147 50 293
174 154 10 247
174 159 31 297
174 160 3 744
174 169 55 713
174 182 23 532
174 198 1 150
175 23 47 259
175 30 7 493
175 35 10 170
175 36 31 23
175 84 43 270
175 96 56 312
175 105 50 644
175 109 19 330
175 110 17 546
175 112 25 512
175 113 37 386
175 119 41 525
175 123 59 233
175 133 14 711
175 149 1 731
176 11 14 291
176 30 31 439
176 45 11 122
176 77 21 479
176 95 43 568
176 102 49 309
176 122 29 539
176 130 19 675
176 131 7 35
176 145 58 527
176 146 41 233
176 154 1 247
176 166 37 661
176 173 25 386
177 6 23 730
177 38 7 317
177 41 49 211
177 68 21 140
177 79 55 18
177 91 1 477
177 105 25 30
177 110 47 546
177 121 31 475
177 136 37 537
177 138 5 176
177 164 43 487
177 186 13 639
177 189 51 639
177 199 59 672
178 44 10 622
178 46 13 379
178 55 49 170
178 58 16 21
178 67 4 318
178 70 25 712
178 74 43 8
178 77 55 79
178 97 7 254
178 128 46 466
178 142 34 289
178 171 20 719
178 185 37 672
178 194 41 734
179 1 1 5
179 5 23 148
179 24 53 466
179 40 33 611
179 53 37 468
179 57 15 270
179 70 19 494
179 73 39 624
179 94 13 7
179 134 11 386
179 141 43 652
179 173 49 41
179 180 28 711
179 198 9 133
179 199 55 116
180 10 34 47
180 42 23 749
180 61 19 552
180 71 47 454
180 78 49 310
180 101 43 42
180 103 57 69
180 116 1 475
180 150 40 277
180 152 17 737
180 158 7 87
180 167 37 524
180 175 13 463
180 177 53 340
180 199 5 586
181 3 23 309
181 30 19 493
181 31 28 651
181 35 49 577
181 70 13 489
181 91 46 7
181 107 31 316
181 115 37 103
181 130 5 495
181 142 52 584
181 145 1 239
181 176 25 516
181 185 7 192
181 196 55 43
182 22 2 212
182 30 55 341
182 33 21 457
182 73 7 726
182 93 13 476
182 95 31 244
182 97 58 254
182 99 25 224
182 102 37 299
182 144 40 223
182 163 50 354
182 176 11 316
182 198 17 430
182 199 45 294
183 10 46 497
183 16 41 570
183 37 52 69
183 47 34 72
183 53 11 671
183 57 1 271
183 73 13 645
183 91 43 7
183 98 17 665
183 113 25 208
183 114 5 678
183 135 19 706
183 167 7 524
183 181 31 142
183 193 37 599
184 31 1 168
184 35 56 655
184 57 19 270
184 69 51 503
184 76 14 683
184 86 37 311
184 100 7 699
184 101 31 578
184 104 43 98
184 106 46 280
184 119 5 465
184 142 10 203
184 183 25 106
185 28 55 521
185 30 46 439
185 50 52 568
185 56 23 87
185 63 37 107
185 82 13 731
185 102 10 467
185 111 16 580
185 132 7 79
185 135 1 749
185 139 26 568
185 140 49 514
185 142 43 203
185 164 31 651
185 167 58 330
186 1 50 430
186 12 45 213
186 17 7 687
186 54 41 370
186 60 35 290
186 61 1 50
186 110 23 385
186 134 29 520
186 143 37 465
186 160 10 115
186 167 31 330
186 171 17 724
186 172 55 286
186 180 14 446
186 198 21 56
187 3 17 552
187 12 9 560
187 34 22 535
187 40 57 258
187 45 4 91
187 50 31 21
187 58 19 341
187 60 47 41
187 77 25 288
187 96 1 588
187 131 55 35
187 141 7 82
187 161 49 209
187 170 40 297
187 173 43 567
188 11 31 277
188 13 59 637
188 19 21 742
188 33 19 83
188 45 1 97
188 54 53 517
188 92 49 496
188 95 43 436
188 99 55 224
188 113 25 731
188 120 37 42
188 126 5 222
188 156 15 486
188 159 7 688
188 171 35 719
189 16 17 30
189 26 4 517
189 34 37 535
189 43 55 115
189 50 1 325
189 52 10 276
189 78 19 289
189 80 22 211
189 88 13 238
189 92 57 22
189 134 25 233
189 147 7 745
189 156 43 214
189 166 31 155
189 183 49 106
190 7 3 187
190 11 51 598
190 31 16 590
190 33 49 457
190 38 55 119
190 45 11 741
190 109 43 393
190 118 38 239
190 147 31 745
190 154 13 490
190 167 28 524
190 176 1 735
190 180 7 136
190 194 47 227
190 200 23 655
191 10 43 47
191 13 27 369
191 15 8 703
191 30 46 741
191 36 37 604
191 39 49 519
191 45 31 29
191 63 55 95
191 71 53 702
191 99 15 699
191 106 19 280
191 116 1 140
191 149 33 110
191 199 11 294
192 5 22 167
192 18 14 726
192 30 1 405
192 43 17 288
192 60 5 290
192 64 7 125
192 83 37 523
192 96 44 259
192 97 40 274
192 116 57 478
192 120 50 526
192 141 55 82
192 157 29 395
192 158 32 532
192 174 25 137
193 5 41 617
193 19 59 224
193 27 25 478
193 34 46 428
193 47 31 393
193 52 34 129
193 67 44 318
193 85 28 46
193 122 53 238
193 139 13 744
193 162 7 181
193 170 10 413
193 192 23 333
193 194 17 734
193 197 38 282
194 19 35 311
194 25 31 123
194 26 1 613
194 38 49 42
194 64 58 257
194 91 10 339
194 102 20 604
194 130 27 233
194 151 7 603
194 152 29 91
194 153 17 613
194 159 13 51
194 169 38 713
194 189 46 426
194 197 4 405
195 11 37 291
195 45 23 741
195 61 7 652
195 70 19 276
195 80 49 583
195 105 13 578
195 120 1 42
195 122 55 477
195 143 25 56
195 153 11 613
195 154 34 103
195 189 58 309
195 196 43 747
196 9 34 350
196 36 3 421
196 38 7 697
196 59 37 682
196 60 11 90
196 106 55 566
196 132 46 312
196 133 13 615
196 156 19 119
196 159 49 436
196 189 58 716
196 194 1 385
196 197 43 644
197 13 59 79
197 44 31 354
197 61 55 552
197 63 26 636
197 66 7 724
197 91 10 623
197 114 5 234
197 116 51 145
197 132 22 312
197 137 49 302
197 140 34 574
197 162 44 614
197 169 1 426
197 186 39 489
197 199 13 561
198 8 29 483
198 21 19 599
198 28 14 521
198 34 34 535
198 73 43 645
198 85 16 467
198 86 21 208
198 94 3 577
198 102 58 596
198 106 7 280
198 123 53 155
198 145 26 283
198 159 49 290
198 170 10 9
198 175 55 247
199 17 7 201
199 29 43 721
199 38 37 71
199 40 25 737
199 51 55 216
199 70 1 489
199 86 57 304
199 97 19 641
199 106 10 94
199 108 35 324
199 109 49 408
199 110 5 385
199 112 31 604
199 148 47 124
199 158 14 717
200 7 21 445
200 24 53 429
200 38 31 742
200 39 25 608
200 50 13 661
200 51 5 684
200 88 1 624
200 136 46 148
200 149 55 125
200 163 43 430
200 164 49 638
200 166 37 209
200 176 29 316
200 188 16 742
200 195 7 419
201 3 47 352
201 5 45 303
201 9 33 645
201 10 7 224
201 28 43 521
201 32 31 315
201 43 13 115
201 53 55 441
201 77 19 288
201 96 39 259
201 109 51 637
201 137 3 347
201 140 57 514
201 190 37 508
202 21 39 192
202 32 43 369
202 37 47 596
202 95 1 532
202 110 41 546
202 112 31 601
202 119 22 297
202 147 49 439
202 150 16 436
202 169 55 479
202 178 7 116
202 185 13 20
202 194 35 227
202 196 27 28
202 199 25 672
203 2 49 352
203 60 23 30
203 77 37 479
203 99 7 447
203 109 19 637
203 113 31 150
203 122 28 257
203 130 43 675
203 138 1 598
203 139 13 539
203 155 11 608
203 159 55 201
203 184 25 303
203 192 47 333
203 198 4 150
204 42 29 487
204 61 49 484
204 71 25 245
204 75 7 64
204 83 53 97
204 113 22 520
204 114 10 330
204 129 35 342
204 133 19 630
204 152 4 398
204 153 41 163
204 159 43 429
204 163 13 211
204 174 59 424
204 191 31 307
205 27 49 478
205 56 29 742
205 79 55 282
205 105 37 125
205 112 31 591
205 115 7 195
205 122 47 164
205 132 10 734
205 152 27 91
205 163 52 488
205 169 19 28
205 182 35 42
205 185 16 672
205 188 44 590
205 196 1 263
206 52 10 490
206 70 25 276
206 75 7 518
206 79 49 748
206 91 55 494
206 93 5 578
206 96 45 695
206 99 19 498
206 118 32 669
206 161 58 607
206 164 37 109
206 186 1 471
206 188 15 573
206 199 23 116
207 8 41 194
207 9 10 350
207 14 13 194
207 39 44 669
207 45 29 122
207 47 52 497
207 81 1 166
207 96 25 33
207 118 55 421
207 119 21 525
207 150 16 405
207 166 37 417
207 175 7 389
207 179 32 655
208 13 45 187
208 14 10 445
208 22 25 596
208 27 19 153
208 30 37 405
208 42 55 61
208 68 31 140
208 71 13 512
208 77 15 534
208 84 22 125
208 90 1 541
208 94 7 187
208 99 33 249
208 158 49 87
208 167 40 101
209 2 56 688
209 10 7 564
209 14 10 194
209 37 53 399
209 50 46 499
209 91 43 732
209 98 41 249
209 127 28 135
209 137 5 129
209 139 37 10
209 140 22 514
209 154 13 537
209 164 31 538
209 183 49 464
209 190 17 508
210 6 11 730
210 8 21 497
210 26 37 613
210 52 56 137
210 53 31 468
210 64 33 257
210 80 16 211
210 121 43 97
210 132 4 226
210 140 1 113
210 152 19 745
210 157 13 748
210 164 7 163
210 186 25 286
210 190 47 508
211 9 27 645
211 17 21 201
211 22 49 32
211 38 31 526
211 46 55 732
211 51 47 684
211 65 13 258
211 89 7 649
211 110 3 385
211 113 38 150
211 146 59 147
211 153 10 524
211 177 17 228
211 200 35 749
212 11 55 277
212 26 7 680
212 28 3 521
212 29 43 155
212 40 21 611
212 61 33 552
212 98 59 665
212 107 52 316
212 110 41 566
212 116 25 289
212 118 37 47
212 130 31 233
212 134 17 386
212 189 10 311
213 6 41 236
213 16 11 208
213 39 32 278
213 42 59 419
213 43 53 115
213 78 43 687
213 82 46 79
213 95 37 339
213 105 26 365
213 107 19 316
213 143 55 123
213 147 7 439
213 152 17 202
213 178 49 215
213 196 2 245
214 5 53 303
214 33 5 240
214 48 1 359
214 81 31 166
214 84 22 247
214 89 46 58
214 90 25 222
214 92 49 22
214 103 55 399
214 113 43 631
214 128 19 692
214 129 13 482
214 153 59 613
214 164 38 648
214 198 16 150
215 8 1 270
215 31 43 713
215 37 47 23
215 47 28 367
215 78 52 687
215 80 25 476
215 83 35 577
215 92 20 488
215 98 7 249
215 120 37 464
215 121 13 50
215 150 10 436
215 154 4 103
215 168 33 463
215 175 55 389
216 3 11 636
216 29 14 129
216 49 19 133
216 55 31 178
216 82 28 624
216 87 3 545
216 96 43 312
216 121 38 147
216 127 25 135
216 135 55 345
216 141 47 630
216 156 49 486
216 177 1 69
216 185 7 20
217 1 43 586
217 4 53 168
217 17 14 687
217 30 31 493
217 60 40 346
217 72 34 189
217 76 21 241
217 104 25 98
217 128 11 692
217 179 49 518
217 183 7 146
217 186 56 189
217 188 4 590
217 198 2 56
218 5 5 639
218 36 15 53
218 37 47 56
218 51 23 684
218 52 52 490
218 65 43 492
218 91 19 447
218 108 41 549
218 116 1 289
218 122 59 238
218 142 32 203
218 144 56 523
218 159 25 52
218 166 37 75
218 170 49 119
219 30 19 665
219 32 5 369
219 48 13 636
219 64 53 462
219 75 31 713
219 76 37 683
219 105 1 19
219 110 29 239
219 133 55 313
219 135 43 749
219 149 49 330
219 174 17 424
219 181 34 142
219 183 25 146
220 33 11 457
220 37 22 23
220 58 19 213
220 63 31 186
220 69 56 368
220 74 59 133
220 78 40 257
220 92 1 304
220 98 43 665
220 100 47 211
220 117 27 546
220 157 25 748
220 173 49 365
220 183 7 621
220 198 5 158
221 8 43 490
221 36 19 90
221 48 50 634
221 57 1 8
221 75 37 164
221 89 10 58
221 95 56 568
221 113 28 317
221 122 5 539
221 143 33 465
221 150 13 580
221 152 40 724
221 181 25 77
221 184 46 647
221 200 23 517
222 3 28 309
222 6 19 187
222 25 32 211
222 35 9 29
222 48 37 316
222 68 23 140
222 80 43 583
222 91 4 236
222 103 51 415
222 133 16 630
222 153 13 524
222 162 55 181
222 163 58 354
222 180 1 635
222 190 21 508
223 22 37 32
223 40 1 447
223 46 10 366
223 64 29 499
223 87 31 640
223 99 25 678
223 104 7 132
223 110 5 546
223 118 43 239
223 132 34 403
223 133 22 630
223 135 13 122
223 136 19 379
223 146 17 651
224 30 58 741
224 32 25 369
224 33 23 457
224 48 37 283
224 53 13 671
224 73 31 333
224 78 52 289
224 86 1 520
224 105 44 125
224 110 5 601
224 112 19 512
224 113 7 110
224 125 15 229
224 137 11 697
224 142 27 141
225 1 33 5
225 5 17 303
225 6 11 601
225 7 43 581
225 16 29 482
225 41 5 164
225 46 55 186
225 51 19 216
225 119 23 475
225 121 1 389
225 136 13 301
225 151 41 291
225 174 31 175
225 179 25 395
225 196 49 707
226 37 5 23
226 55 25 170
226 58 40 21
226 65 1 258
226 92 14 324
226 113 51 281
226 127 31 126
226 129 47 17
226 152 49 123
226 173 55 41
226 174 35 300
226 182 19 520
226 192 7 417
226 195 21 443
226 197 9 346
227 25 49 82
227 44 4 354
227 76 37 241
227 80 46 203
227 83 35 523
227 100 53 563
227 111 7 119
227 114 29 203
227 137 31 302
227 144 55 100
227 155 9 424
227 159 13 598
227 181 1 77
227 199 11 231
228 21 41 599
228 53 53 573
228 61 25 489
228 65 1 634
228 74 11 19
228 78 13 257
228 79 49 18
228 103 7 399
228 116 55 175
228 118 37 424
228 123 59 155
228 154 16 247
228 166 19 661
228 184 34 231
228 192 23 56
229 10 43 71
229 16 41 308
229 21 25 599
229 23 47 464
229 36 7 53
229 63 55 525
229 70 21 712
229 86 49 168
229 110 34 385
229 126 19 241
229 127 16 95
229 147 4 250
229 149 37 5
229 167 1 278
230 11 55 598
230 15 44 227
230 37 23 53
230 60 47 599
230 62 7 330
230 77 19 636
230 82 25 379
230 98 53 186
230 101 2 419
230 104 28 132
230 107 50 379
230 121 31 147
230 123 35 155
230 169 13 499
230 171 11 121
231 2 44 147
231 5 53 293
231 7 25 581
231 35 4 87
231 42 57 61
231 67 41 318
231 71 35 454
231 98 1 89
231 112 49 512
231 128 37 330
231 130 59 675
231 151 55 603
231 175 10 405
231 186 13 34
231 193 19 398
232 8 15 564
232 15 55 278
232 26 25 46
232 38 49 734
232 43 17 721
232 45 41 29
232 58 58 21
232 67 35 49
232 83 19 165
232 92 2 22
232 106 7 448
232 118 31 490
232 138 13 102
232 142 10 158
232 173 37 41
233 14 1 194
233 22 45 716
233 37 29 23
233 49 56 236
233 53 51 573
233 54 5 370
233 73 25 726
233 102 31 596
233 105 7 484
233 116 37 29
233 126 11 611
233 137 53 347
233 145 15 527
233 160 34 248
233 185 19 363
234 5 53 148
234 18 10 38
234 21 59 429
234 27 34 746
234 47 22 648
234 66 26 347
234 72 19 741
234 80 4 148
234 127 31 192
234 129 47 110
234 134 29 249
234 142 1 25
234 153 55 456
234 161 37 167
234 195 43 419
235 14 55 194
235 32 1 697
235 43 49 573
235 73 19 333
235 75 7 259
235 77 38 79
235 88 32 238
235 89 51 569
235 109 45 482
235 120 27 622
235 122 5 750
235 160 10 249
235 169 13 588
235 175 58 581
235 198 43 150
236 6 11 236
236 14 22 66
236 26 31 697
236 54 17 50
236 60 47 304
236 115 19 117
236 131 9 35
236 137 51 129
236 139 13 369
236 153 49 524
236 154 28 590
236 164 38 144
236 176 1 316
236 180 25 635
236 190 3 508
237 7 46 671
237 15 43 278
237 28 27 521
237 34 13 433
237 45 52 91
237 49 9 378
237 54 31 110
237 142 22 8
237 148 35 272
237 153 17 300
237 155 49 467
237 163 40 354
237 170 19 413
237 174 7 367
238 36 31 658
238 48 7 549
238 51 25 216
238 54 37 312
238 75 1 518
238 79 39 18
238 96 49 259
238 99 19 678
238 109 43 517
238 155 4 424
238 167 28 140
238 186 13 363
238 193 55 378
239 31 43 176
239 35 13 607
239 74 53 486
239 95 37 370
239 104 4 132
239 116 7 475
239 119 59 516
239 121 20 407
239 124 25 285
239 158 55 749
239 163 1 583
239 167 46 655
239 169 49 426
239 173 27 617
240 6 5 41
240 33 45 457
240 61 25 528
240 72 32 688
240 104 58 98
240 111 3 575
240 118 19 378
240 121 13 69
240 144 38 100
240 151 23 342
240 159 49 624
240 161 7 167
240 174 17 367
240 185 10 107
241 22 55 25
241 33 25 457
241 40 13 680
241 62 50 555
241 69 28 301
241 84 7 359
241 98 53 665
241 102 40 467
241 106 10 280
241 125 1 214
241 129 5 723
241 131 31 35
241 152 47 123
241 162 20 181
241 187 59 492
242 4 50 647
242 8 3 702
242 17 22 687
242 19 41 588
242 23 59 634
242 36 37 658
242 46 31 419
242 49 43 164
242 52 34 71
242 60 47 568
242 76 7 683
242 80 55 203
242 95 15 370
242 128 53 64
242 149 25 125
243 3 16 445
243 38 7 197
243 40 31 53
243 47 19 389
243 75 26 549
243 78 22 432
243 102 51 467
243 112 1 512
243 129 59 17
243 136 43 148
243 137 35 347
243 150 13 333
243 173 38 456
243 198 55 150
244 7 40 545
244 19 29 311
244 28 7 521
244 36 55 90
244 40 19 680
244 45 47 91
244 85 37 343
244 92 9 496
244 95 25 532
244 101 49 578
244 103 43 456
244 154 1 103
244 166 31 209
244 176 23 735
244 196 13 197
245 8 47 189
245 12 43 220
245 25 37 419
245 48 50 38
245 52 10 137
245 60 35 568
245 66 26 724
245 77 31 300
245 96 1 695
245 106 4 432
245 118 55 318
245 134 21 523
245 167 7 22
245 190 29 508
245 200 16 139
246 4 17 695
246 5 47 167
246 13 52 527
246 58 40 730
246 75 22 563
246 82 10 145
246 94 1 577
246 111 5 258
246 129 15 482
246 143 55 294
246 163 28 211
246 166 43 363
246 182 35 340
246 184 49 102
246 200 31 528
247 1 14 707
247 7 40 187
247 38 43 613
247 39 7 608
247 54 23 366
247 58 37 487
247 79 31 748
247 112 55 591
247 117 1 683
247 119 47 475
247 137 28 677
247 146 49 147
247 158 51 137
247 160 20 744
248 33 29 457
248 34 40 535
248 37 59 23
248 38 13 734
248 46 22 717
248 74 7 133
248 110 53 52
248 116 55 648
248 119 49 475
248 122 35 257
248 129 5 560
248 139 25 744
248 144 31 223
248 145 9 283
248 185 46 20
249 10 43 224
249 13 29 723
249 34 19 535
249 36 37 421
249 47 22 647
249 63 7 539
249 89 34 351
249 100 53 680
249 115 46 117
249 138 32 102
249 147 1 745
249 153 41 707
249 155 5 355
249 173 49 617
249 181 16 643
250 6 34 187
250 8 5 483
250 13 16 184
250 20 8 257
250 27 2 478
250 51 50 684
250 64 29 125
250 97 19 274
250 98 47 680
250 100 22 299
250 106 52 448
250 113 13 110
250 129 37 717
250 139 25 97
250 187 31 249
251 4 35 742
251 16 5 482
251 38 1 721
251 41 51 677
251 56 47 310
251 62 44 135
251 80 16 407
251 101 7 607
251 118 31 241
251 119 11 475
251 132 22 734
251 137 37 347
251 175 40 405
251 180 19 136
251 194 29 385
252 47 31 75
252 53 47 214
252 54 35 370
252 58 25 730
252 61 37 539
252 63 50 636
252 83 10 745
252 88 55 238
252 103 19 399
252 104 1 98
252 127 7 307
252 143 13 465
252 162 4 181
252 167 43 417
253 37 53 56
253 47 1 75
253 48 8 234
253 92 43 324
253 105 55 365
253 111 47 119
253 141 17 588
253 143 31 429
253 153 15 264
253 174 13 175
253 177 41 228
253 186 37 471
253 189 22 389
253 196 49 747
253 198 4 56
254 1 37 586
254 21 41 231
254 48 13 359
254 76 8 241
254 90 43 222
254 93 1 264
254 107 56 233
254 113 19 731
254 115 22 117
254 128 29 21
254 130 17 744
254 137 35 677
254 153 5 300
254 161 25 167
254 186 49 651
255 16 23 308
255 26 1 32
255 41 29 197
255 53 17 468
255 62 55 623
255 68 47 282
255 69 51 301
255 77 43 288
255 116 19 29
255 125 4 281
255 137 59 347
255 143 13 27
255 144 39 523
255 147 7 339
255 200 35 494
256 16 51 482
256 33 23 83
256 34 44 433
256 37 41 53
256 63 9 537
256 86 37 734
256 117 19 466
256 123 5 709
256 125 34 214
256 140 31 113
256 148 17 124
256 163 55 583
256 191 1 72
256 193 25 455
256 197 14 497
257 48 55 133
257 50 34 671
257 54 17 304
257 80 45 578
257 106 19 432
257 119 15 516
257 122 11 607
257 127 4 64
257 158 25 749
257 168 53 317
257 172 7 135
257 181 1 643
257 183 37 396
257 189 31 639
258 10 26 692
258 19 7 560
258 40 33 528
258 49 49 394
258 66 57 216
258 74 43 516
258 91 9 495
258 112 13 188
258 133 22 363
258 134 5 311
258 135 37 706
258 167 1 79
258 184 19 25
258 188 45 573
259 34 25 433
259 41 10 343
259 44 8 354
259 71 1 702
259 87 19 640
259 99 51 318
259 132 4 312
259 136 43 249
259 148 15 124
259 151 23 291
259 168 13 486
259 169 31 455
259 193 37 447
259 196 57 42
260 20 37 615
260 32 13 315
260 40 9 528
260 43 35 53
260 53 5 573
260 68 46 241
260 99 31 590
260 104 22 98
260 115 25 597
260 131 19 35
260 136 28 570
260 143 15 294
260 161 55 167
260 176 51 516
260 199 59 294
261 3 47 636
261 7 49 192
261 13 17 709
261 15 13 302
261 22 7 577
261 25 25 53
261 29 39 273
261 43 29 288
261 54 3 366
261 63 19 264
261 75 52 292
261 130 37 211
261 143 31 386
261 159 43 290
261 169 55 499
262 2 3 147
262 4 29 97
262 16 23 482
262 17 37 663
262 24 13 339
262 35 10 655
262 51 1 684
262 73 19 639
262 95 15 32
262 146 31 144
262 170 25 297
262 171 41 121
262 175 49 719
262 188 55 748
262 192 59 417
263 2 37 141
263 3 7 264
263 24 47 103
263 30 43 341
263 35 34 745
263 68 13 695
263 76 15 425
263 80 19 203
263 83 4 745
263 94 1 165
263 105 9 125
263 106 31 566
263 160 51 12
263 193 25 184
263 200 41 20
264 5 5 167
264 24 37 466
264 29 55 721
264 36 19 17
264 63 50 264
264 81 39 166
264 86 13 304
264 111 29 119
264 114 59 532
264 115 43 408
264 136 34 301
264 175 25 247
264 176 17 516
264 183 1 621
264 184 31 231
265 24 53 645
265 26 1 49
265 39 13 278
265 57 31 367
265 84 55 113
265 97 25 254
265 100 17 563
265 109 43 236
265 124 5 285
265 131 58 35
265 145 9 239
265 150 49 333
265 159 21 598
265 184 28 537
265 200 7 528
266 43 1 176
266 49 3 273
266 67 41 49
266 101 43 385
266 103 7 456
266 110 53 77
266 118 26 281
266 121 15 484
266 127 19 644
266 137 55 454
266 147 22 250
266 158 31 717
266 175 49 50
266 177 58 671
266 193 37 443
267 23 23 168
267 25 26 250
267 28 39 521
267 46 31 732
267 51 3 684
267 63 49 537
267 75 13 259
267 77 19 89
267 84 7 247
267 85 58 209
267 119 5 137
267 120 43 447
267 126 10 527
267 127 34 644
268 32 5 315
268 42 33 61
268 58 43 532
268 63 38 186
268 66 7 499
268 108 13 165
268 111 23 119
268 138 15 102
268 150 25 333
268 163 52 211
268 175 28 581
268 181 20 77
268 184 49 139
268 191 55 72
268 193 1 455
269 20 1 117
269 31 10 52
269 40 25 680
269 43 53 140
269 69 50 732
269 82 7 731
269 84 34 239
269 88 43 735
269 100 17 325
269 116 37 175
269 133 22 711
269 139 13 109
269 161 19 750
269 170 31 9
269 172 55 212
270 18 13 176
270 56 47 294
270 61 49 652
270 65 57 38
270 89 10 351
270 94 35 66
270 102 37 467
270 106 4 448
270 132 7 403
270 138 55 102
270 155 53 608
270 158 19 426
270 175 1 367
270 186 31 495
270 190 43 508
271 6 59 239
271 17 43 201
271 18 56 56
271 20 19 202
271 23 1 224
271 30 4 493
271 47 25 393
271 64 17 499
271 70 37 30
271 79 7 704
271 98 13 652
271 104 32 98
271 141 11 688
271 163 49 20
271 200 52 139
272 30 27 741
272 38 13 153
272 44 41 622
272 72 55 396
272 76 49 203
272 91 43 494
272 100 35 707
272 101 37 385
272 102 1 669
272 115 46 652
272 136 58 249
272 191 21 365
272 192 9 597
272 200 17 494
273 1 55 586
273 30 52 577
273 43 47 115
273 54 4 716
273 68 59 140
273 71 49 245
273 116 25 475
273 118 7 90
273 125 13 214
273 137 41 454
273 169 37 455
273 170 31 413
274 7 52 623
274 23 25 634
274 42 7 283
274 54 29 417
274 86 19 129
274 91 49 495
274 127 13 192
274 128 11 21
274 149 37 475
274 158 31 561
274 172 1 494
274 182 23 631
274 191 44 72
274 193 55 588
274 199 5 561
275 28 9 521
275 29 49 273
275 34 19 433
275 64 35 462
275 68 41 282
275 71 59 512
275 77 13 89
275 78 31 310
275 85 43 638
275 93 7 575
275 100 4 563
275 103 25 456
275 176 11 735
275 189 55 311
276 19 10 570
276 75 4 540
276 79 43 116
276 86 31 311
276 87 1 409
276 90 55 153
276 93 16 622
276 103 37 399
276 105 25 144
276 123 35 477
276 160 49 249
276 171 21 724
276 175 52 107
276 176 47 516
276 182 59 340
277 5 10 167
277 10 2 71
277 18 14 56
277 36 44 90
277 38 49 563
277 43 35 115
277 47 37 647
277 51 55 684
277 60 53 234
277 80 57 46
277 89 28 315
277 97 7 641
277 125 19 281
277 163 31 19
278 6 47 187
278 8 22 12
278 29 31 308
278 30 3 741
278 51 57 684
278 55 37 178
278 58 44 527
278 60 11 30
278 96 7 340
278 104 13 98
278 124 1 285
278 137 28 302
278 161 52 209
278 174 41 175
279 36 7 477
279 42 14 61
279 64 21 607
279 87 34 545
279 122 23 238
279 127 31 95
279 137 1 347
279 156 49 615
279 178 26 468
279 182 17 42
279 183 38 146
279 195 43 123
279 198 59 430
280 28 52 521
280 34 10 433
280 38 43 592
280 43 17 711
280 69 22 732
280 78 19 91
280 80 25 228
280 99 57 447
280 102 37 702
280 109 31 483
280 112 13 591
280 126 4 611
280 146 1 146
280 152 7 737
280 200 29 517
281 16 23 455
281 33 31 457
281 37 59 56
281 39 49 678
281 95 7 244
281 125 4 229
281 126 53 395
281 127 16 135
281 133 13 630
281 144 20 227
281 152 40 651
281 163 46 737
281 166 55 455
281 173 25 145
281 178 33 161
282 8 29 270
282 15 1 46
282 21 5 599
282 40 39 347
282 67 11 318
282 72 13 184
282 87 7 545
282 102 57 467
282 104 34 132
282 124 37 285
282 136 46 176
282 147 16 745
282 165 31 716
282 174 25 141
282 180 19 446
283 3 29 42
283 4 17 212
283 6 59 601
283 11 33 144
283 34 22 428
283 50 10 499
283 73 13 545
283 94 7 661
283 107 37 584
283 113 40 386
283 117 1 546
283 146 5 28
283 159 55 231
283 167 52 524
283 196 25 336
284 29 9 737
284 101 43 546
284 123 21 346
284 141 57 630
284 150 37 333
284 151 59 658
284 156 26 486
284 159 50 688
284 163 15 583
284 177 23 464
284 182 7 211
284 183 1 106
284 196 31 707
285 4 1 742
285 26 4 613
285 30 44 538
285 48 56 316
285 56 47 87
285 60 23 41
285 61 25 652
285 69 13 503
285 103 38 254
285 132 31 79
285 147 7 293
285 170 34 413
285 179 49 655
285 192 11 333
285 198 17 56
286 2 39 352
286 26 43 49
286 33 37 457
286 36 13 46
286 41 8 677
286 47 25 699
286 85 28 148
286 108 53 549
286 112 1 601
286 121 19 475
286 136 34 534
286 142 49 584
286 167 57 115
286 170 10 297
286 187 47 743
287 11 31 291
287 50 13 405
287 56 11 87
287 57 49 317
287 90 25 541
287 102 16 28
287 112 7 591
287 127 43 64
287 129 41 723
287 146 29 147
287 147 4 302
287 172 55 234
287 173 19 41
287 177 47 135
287 193 37 303
288 18 40 463
288 33 7 83
288 43 35 32
288 44 3 504
288 54 13 716
288 92 45 22
288 115 55 226
288 124 58 285
288 129 31 17
288 158 19 561
288 178 15 395
288 181 10 142
288 191 51 272
288 193 25 278
289 27 7 746
289 28 23 521
289 52 1 637
289 55 13 178
289 78 19 648
289 87 10 409
289 114 46 532
289 122 41 638
289 144 25 100
289 147 28 439
289 156 31 421
289 163 58 165
289 170 4 413
289 175 52 405
289 187 17 743
290 19 7 61
290 41 23 197
290 55 31 322
290 71 40 702
290 74 5 19
290 100 35 699
290 120 49 341
290 125 37 232
290 128 17 493
290 135 43 706
290 172 19 634
290 175 27 675
290 197 9 141
290 198 13 150
290 199 1 586
291 1 56 5
291 19 35 750
291 40 38 680
291 45 25 741
291 60 53 30
291 71 49 454
291 97 3 254
291 108 17 209
291 135 44 122
291 147 22 340
291 160 10 22
291 161 19 167
291 170 7 413
291 186 13 743
291 200 1 528
292 34 16 535
292 35 1 607
292 40 56 528
292 53 9 671
292 67 53 436
292 75 19 64
292 86 31 592
292 88 45 238
292 89 38 351
292 114 41 247
292 127 27 192
292 130 7 123
292 156 49 580
292 180 4 711
293 13 35 22
293 27 19 478
293 54 29 716
293 80 32 424
293 89 25 351
293 91 22 695
293 111 58 497
293 136 37 570
293 138 17 102
293 146 53 651
293 156 43 580
293 179 13 23
293 180 10 711
293 188 55 573
294 4 35 445
294 14 43 66
294 23 1 259
294 44 49 622
294 68 17 241
294 77 31 370
294 83 27 523
294 88 37 238
294 92 51 304
294 102 13 28
294 108 11 324
294 112 7 601
294 144 21 100
294 167 46 745
294 182 19 631
295 11 25 277
295 23 5 259
295 50 37 21
295 102 16 398
295 110 41 89
295 131 21 35
295 143 1 386
295 145 32 283
295 147 13 136
295 157 11 644
295 163 58 19
295 183 51 621
295 187 23 743
295 188 46 742
295 197 43 141
296 30 20 405
296 53 11 468
296 79 1 282
296 88 7 66
296 98 23 22
296 100 13 325
296 108 47 324
296 118 49 378
296 123 17 155
296 126 15 611
296 135 57 519
296 148 27 124
296 171 5 719
296 178 43 468
296 180 31 635
297 18 22 32
297 27 37 153
297 36 25 12
297 41 3 211
297 56 13 294
297 60 53 290
297 85 58 148
297 106 44 566
297 129 11 482
297 143 7 386
297 153 35 613
297 160 19 115
297 162 40 181
297 168 17 636
297 173 31 41
298 9 1 350
298 18 40 288
298 20 55 483
298 29 51 603
298 69 4 687
298 98 29 378
298 100 11 563
298 108 59 324
298 118 7 318
298 160 44 115
298 162 31 614
298 168 23 317
298 170 15 119
298 182 47 42
298 185 19 20
299 3 5 178
299 10 16 487
299 31 52 465
299 65 7 634
299 94 33 577
299 100 43 325
299 102 1 596
299 109 55 517
299 119 29 278
299 126 23 27
299 143 25 294
299 156 19 486
299 163 49 737
299 169 37 588
299 195 45 44
300 23 11 634
300 27 40 478
300 28 16 729
300 43 19 140
300 67 2 318
300 71 21 245
300 74 29 133
300 100 4 325
300 125 13 439
300 144 43 523
300 145 25 527
300 157 23 748
300 167 8 168
300 189 46 257
300 194 49 304
301 9 10 645
301 12 25 584
301 34 13 535
301 52 46 129
301 64 43 584
301 83 37 671
301 85 7 32
301 132 16 226
301 147 34 439
301 148 29 124
301 154 52 102
301 183 19 464
301 191 1 137
301 199 59 231
302 2 31 525
302 39 43 658
302 47 13 648
302 52 55 687
302 61 49 186
302 68 41 140
302 74 47 308
302 91 9 7
302 96 16 597
302 101 25 41
302 109 20 393
302 112 3 604
302 171 7 395
302 173 37 617
303 8 29 12
303 11 19 291
303 12 25 593
303 20 7 202
303 44 5 504
303 55 1 143
303 77 55 52
303 90 13 222
303 93 17 264
303 142 31 158
303 149 39 630
303 157 35 395
303 200 47 494
304 20 7 604
304 29 39 135
304 35 43 655
304 48 15 271
304 94 37 7
304 102 55 702
304 137 49 129
304 139 31 97
304 140 22 113
304 141 11 66
304 156 1 580
304 166 51 661
304 177 35 288
304 181 25 142
305 7 52 50
305 12 37 139
305 18 49 231
305 31 4 168
305 38 9 42
305 89 16 58
305 91 43 241
305 135 31 619
305 138 29 102
305 148 1 151
305 155 55 467
305 172 19 212
305 176 57 516
305 183 25 621
306 1 55 430
306 9 7 350
306 16 31 46
306 49 3 528
306 57 19 317
306 82 10 624
306 102 28 208
306 118 13 241
306 119 17 137
306 127 40 95
306 134 59 184
306 141 47 478
306 154 52 247
306 199 37 352
307 6 37 493
307 61 26 613
307 66 22 54
307 93 59 523
307 102 10 309
307 123 34 346
307 129 57 482
307 138 5 519
307 139 1 568
307 145 52 741
307 162 43 181
307 173 13 41
307 176 49 735
307 181 7 142
307 190 31 508
308 18 57 288
308 28 37 521
308 29 19 415
308 61 49 552
308 75 46 713
308 84 4 443
308 107 31 672
308 121 13 443
308 124 17 285
308 128 53 330
308 129 11 717
308 146 7 426
308 150 28 436
308 159 39 201
308 199 9 76
309 11 37 176
309 12 19 593
309 56 11 567
309 58 34 487
309 59 7 682
309 85 13 29
309 90 25 746
309 91 49 7
309 97 1 523
309 110 57 385
309 133 46 313
309 145 16 283
309 151 41 226
309 153 23 613
309 184 31 139
310 1 33 302
310 6 29 552
310 48 49 110
310 61 55 50
310 90 37 243
310 105 19 578
310 115 43 117
310 123 23 346
310 133 4 313
310 145 16 239
310 147 25 302
310 160 10 12
311 8 37 270
311 12 43 109
311 17 4 201
311 23 26 209
311 50 34 325
311 51 17 684
311 74 29 194
311 76 39 271
311 96 49 289
311 122 53 539
311 124 10 285
311 127 31 644
311 138 47 102
311 154 13 103
311 155 59 378
312 18 10 147
312 38 1 197
312 51 21 684
312 69 13 732
312 82 7 379
312 108 23 604
312 116 45 719
312 125 37 281
312 139 56 109
312 150 16 669
312 160 40 299
312 164 49 648
312 175 25 408
312 176 33 516
312 192 35 56
313 30 3 498
313 51 41 684
313 119 10 525
313 122 59 638
313 144 16 223
313 148 7 124
313 155 38 608
313 156 19 421
313 159 25 201
313 175 34 647
313 183 43 464
313 189 52 184
313 199 47 116
314 11 19 588
314 56 37 87
314 64 53 499
314 65 43 189
314 69 1 732
314 81 8 290
314 85 31 467
314 87 25 409
314 93 5 264
314 130 23 744
314 139 13 568
314 142 28 175
314 157 17 644
314 179 39 518
314 199 35 688
315 1 37 227
315 29 55 737
315 33 25 83
315 37 43 69
315 65 7 258
315 67 41 107
315 76 45 448
315 120 27 137
315 127 1 135
315 137 19 523
315 140 34 113
315 152 59 588
315 169 21 713
315 177 53 586
315 183 49 709
316 3 28 445
316 5 43 303
316 13 51 187
316 55 55 322
316 94 9 661
316 95 1 370
316 111 59 119
316 135 45 519
316 138 5 102
316 152 23 146
316 157 7 748
316 168 17 317
316 171 49 121
316 195 37 123
317 19 49 61
317 26 1 517
317 52 40 637
317 71 47 245
317 86 25 520
317 89 4 351
317 108 23 324
317 124 15 285
317 132 34 584
317 136 58 398
317 147 10 293
317 155 29 518
317 170 43 9
317 180 7 711
317 183 19 106
318 13 3 723
318 35 40 655
318 71 21 454
318 87 37 545
318 90 43 243
318 102 13 398
318 134 5 520
318 139 7 644
318 140 16 574
318 172 51 212
318 178 57 116
318 186 31 489
318 193 26 580
319 4 29 647
319 11 1 34
319 20 25 477
319 39 19 658
319 63 15 525
319 75 55 563
319 77 51 89
319 79 43 748
319 88 7 238
319 92 37 92
319 120 32 168
319 161 58 167
319 194 5 304
320 44 17 354
320 55 19 322
320 72 1 692
320 109 49 483
320 117 13 22
320 126 25 611
320 150 40 333
320 154 10 103
320 159 27 216
320 166 44 233
320 167 37 101
320 178 55 468
320 183 32 621
320 194 23 726
321 10 46 724
321 24 25 645
321 29 13 737
321 49 37 194
321 64 41 125
321 76 31 271
321 90 57 243
321 91 4 76
321 94 29 187
321 102 43 175
321 133 10 363
321 144 1 227
321 151 52 630
321 164 19 163
321 177 17 464
322 15 22 46
322 21 5 192
322 34 40 433
322 60 29 90
322 66 34 216
322 77 55 425
322 80 49 407
322 108 14 663
322 115 19 596
322 147 16 302
322 150 7 405
322 151 11 291
322 162 52 614
322 180 1 232
322 186 25 743
323 32 53 129
323 39 19 102
323 47 25 497
323 51 45 684
323 53 11 199
323 62 31 236
323 77 49 52
323 81 37 290
323 85 28 343
323 90 1 515
323 126 17 611
323 135 7 345
323 139 13 97
323 155 35 518
323 161 57 750
324 1 13 386
324 21 5 429
324 29 43 308
324 37 29 399
324 70 51 123
324 90 1 555
324 101 38 90
324 113 57 281
324 125 10 439
324 134 55 89
324 135 25 345
324 179 31 499
324 185 7 363
324 186 19 495
325 3 53 492
325 27 31 746
325 36 43 23
325 70 7 30
325 78 40 687
325 112 19 601
325 114 17 330
325 115 25 27
325 116 55 289
325 135 13 706
325 151 4 603
325 157 23 395
325 168 35 463
325 183 49 146
326 7 55 734
326 15 22 278
326 17 25 9
326 48 45 264
326 50 28 538
326 62 1 167
326 71 41 245
326 76 7 593
326 94 58 7
326 113 13 520
326 157 11 51
326 163 19 583
326 175 4 463
326 189 32 583
326 196 37 590
327 17 31 663
327 22 43 596
327 45 10 201
327 68 41 597
327 72 1 519
327 74 5 308
327 75 34 713
327 78 16 432
327 83 14 745
327 101 37 342
327 102 7 467
327 156 20 462
327 179 55 290
327 195 49 158
327 196 25 197
328 11 25 588
328 16 1 482
328 47 37 504
328 83 35 148
328 90 43 223
328 101 49 744
328 116 3 747
328 119 13 525
328 134 23 386
328 135 55 706
328 153 40 613
328 155 47 608
328 158 19 723
328 169 31 381
328 180 7 581
329 24 47 645
329 33 10 83
329 55 37 143
329 83 53 352
329 90 49 222
329 91 31 7
329 92 19 324
329 97 16 274
329 99 43 678
329 160 25 248
329 170 4 297
329 174 1 175
329 181 34 77
329 185 56 672
329 197 7 497
330 6 55 91
330 14 1 66
330 24 44 466
330 28 32 521
330 58 37 341
330 63 51 208
330 69 34 732
330 72 7 139
330 85 46 467
330 87 4 409
330 100 23 680
330 113 13 631
330 131 49 35
330 152 59 651
330 155 17 378
331 6 29 236
331 12 55 213
331 15 25 186
331 49 44 133
331 57 49 270
331 73 3 10
331 120 19 42
331 121 8 69
331 140 16 113
331 148 59 272
331 152 53 146
331 171 34 121
331 188 13 590
331 189 38 309
331 192 1 53
332 22 50 232
332 56 29 310
332 62 4 549
332 74 43 238
332 77 56 370
332 111 19 570
332 118 25 517
332 142 8 463
332 144 31 100
332 146 11 228
332 157 39 737
332 166 45 624
332 173 14 567
332 185 1 185
332 187 23 52
333 3 59 577
333 43 51 115
333 62 37 732
333 63 19 107
333 69 25 301
333 84 28 247
333 94 15 165
333 104 10 98
333 170 7 9
333 173 1 145
333 175 31 107
333 177 23 593
333 191 55 272
333 198 41 133
333 199 17 116
334 19 23 61
334 30 25 493
334 32 29 697
334 44 41 504
334 53 47 468
334 65 49 185
334 76 7 430
334 91 14 477
334 95 37 532
334 96 31 33
334 97 55 327
334 101 2 342
334 119 43 137
334 184 34 139
334 186 19 234
335 15 33 46
335 16 29 52
335 20 25 615
335 37 1 545
335 38 37 742
335 60 23 234
335 63 49 613
335 84 55 359
335 106 58 566
335 127 4 135
335 136 19 301
335 143 43 386
335 159 9 216
335 186 14 495
336 19 53 560
336 33 14 83
336 52 34 137
336 54 11 716
336 57 55 270
336 90 19 243
336 97 16 523
336 113 1 110
336 116 7 719
336 120 25 447
336 130 5 123
336 153 47 524
336 169 43 455
336 176 23 503
336 190 41 508
337 1 7 227
337 7 27 271
337 22 55 577
337 29 49 228
337 33 39 457
337 42 25 61
337 87 22 545
337 95 31 568
337 120 13 692
337 132 2 403
337 141 37 630
337 145 19 352
337 157 5 8
337 161 44 167
337 199 35 352
338 7 13 144
338 29 27 661
338 45 17 97
338 55 37 170
338 57 32 270
338 85 7 487
338 102 3 467
338 125 52 439
338 129 41 17
338 140 10 332
338 149 55 117
338 177 47 593
338 195 21 158
338 199 59 385
339 19 35 560
339 24 11 178
339 34 4 535
339 35 25 607
339 40 19 699
339 43 59 163
339 45 13 341
339 62 50 549
339 85 8 209
339 87 46 409
339 107 43 340
339 108 53 324
339 117 31 191
339 171 16 719
339 197 28 497
340 2 26 17
340 18 37 448
340 28 21 521
340 32 11 669
340 39 55 608
340 40 13 276
340 46 43 409
340 73 7 471
340 88 49 238
340 114 23 471
340 126 19 439
340 140 40 514
340 148 53 124
340 182 1 211
340 188 3 742
341 16 55 482
341 21 53 599
341 28 29 521
341 35 39 87
341 38 57 697
341 49 31 133
341 52 19 103
341 101 25 249
341 102 43 467
341 109 8 579
341 111 37 575
341 123 47 346
341 135 1 706
341 186 13 644
341 196 49 49
342 35 58 476
342 58 7 527
342 63 49 539
342 73 19 726
342 81 14 290
342 87 34 409
342 101 44 75
342 102 55 596
342 122 41 238
342 133 4 647
342 182 31 631
342 183 37 709
342 185 27 20
343 3 11 264
343 21 3 192
343 29 32 603
343 51 19 684
343 67 17 318
343 70 37 97
343 80 27 462
343 97 49 274
343 103 55 415
343 122 41 477
343 135 7 519
343 164 13 163
343 173 21 477
343 175 43 671
343 199 25 76
344 4 47 212
344 29 19 603
344 32 49 369
344 71 29 454
344 76 7 425
344 98 25 22
344 120 31 692
344 126 43 264
344 137 23 129
344 138 11 245
344 143 37 294
344 147 1 250
344 153 35 524
344 166 13 638
344 182 5 340
345 5 19 359
345 14 4 66
345 16 17 46
345 18 7 38
345 33 29 83
345 47 22 430
345 70 31 494
345 73 37 155
345 90 13 541
345 100 10 325
345 116 55 64
345 128 59 64
345 133 52 647
345 162 1 181
345 164 25 312
346 8 31 497
346 19 37 492
346 50 16 661
346 54 5 50
346 63 49 294
346 67 23 49
346 77 7 636
346 89 1 351
346 101 55 445
346 120 33 315
346 130 11 211
346 149 43 475
346 151 29 549
346 152 59 745
346 199 13 76
347 18 1 231
347 19 19 311
347 26 43 389
347 40 55 680
347 53 31 214
347 64 29 584
347 82 7 75
347 110 47 89
347 122 53 638
347 133 21 313
347 139 25 101
347 162 40 614
347 185 4 363
347 190 11 508
347 196 14 747
348 13 19 465
348 27 55 746
348 31 52 176
348 36 1 561
348 44 29 354
348 54 43 366
348 57 7 534
348 73 37 639
348 121 25 389
348 127 13 677
348 175 22 463
348 193 32 43
348 200 47 528
349 16 35 455
349 92 27 22
349 93 11 523
349 99 49 476
349 112 14 604
349 122 41 164
349 130 25 675
349 139 7 101
349 163 46 504
349 167 43 79
349 185 1 579
349 191 31 272
349 193 37 302
349 195 19 148
349 200 53 32
350 17 19 283
350 29 13 603
350 39 37 678
350 43 59 573
350 55 7 322
350 68 28 597
350 83 22 352
350 104 43 132
350 127 49 135
350 148 17 151
350 168 4 636
350 180 46 711
350 188 1 590
350 194 41 304
350 199 35 277
351 5 13 167
351 11 7 598
351 24 55 38
351 39 32 608
351 42 17 61
351 53 19 671
351 54 29 50
351 92 25 324
351 107 43 672
351 140 1 574
351 141 23 588
351 172 37 394
351 177 47 288
351 193 49 599
352 2 31 342
352 8 39 270
352 16 35 308
352 22 25 688
352 34 43 535
352 49 55 135
352 102 46 398
352 105 49 30
352 128 41 495
352 142 22 584
352 146 59 310
352 148 13 272
352 158 1 552
352 193 9 303
352 199 29 277
353 22 37 293
353 56 22 583
353 62 1 549
353 65 27 38
353 66 43 499
353 70 56 276
353 82 7 568
353 91 13 236
353 107 16 537
353 117 31 466
353 123 53 658
353 131 25 35
353 180 10 581
354 8 17 497
354 10 40 476
354 12 43 124
354 21 7 599
354 43 11 163
354 55 26 143
354 58 55 184
354 85 14 148
354 88 2 238
354 162 58 614
354 169 32 436
354 179 19 534
354 182 53 631
354 187 47 539
355 4 31 445
355 30 8 538
355 56 40 741
355 83 59 97
355 103 45 69
355 107 50 340
355 125 16 281
355 127 55 644
355 131 43 35
355 145 19 239
355 146 29 233
355 161 4 209
355 179 25 23
355 190 33 508
355 192 53 53
356 31 2 651
356 32 23 315
356 51 15 684
356 58 19 224
356 66 55 347
356 72 40 289
356 78 49 687
356 86 32 734
356 104 28 98
356 119 59 297
356 137 10 677
356 145 37 527
356 150 25 436
356 152 7 270
356 194 53 726
357 13 41 22
357 16 43 482
357 27 22 478
357 28 25 521
357 40 7 611
357 93 35 575
357 112 27 188
357 117 1 466
357 133 37 711
357 135 13 345
357 144 52 100
357 152 59 123
357 160 46 249
357 167 32 10
357 197 49 346
358 23 31 699
358 31 10 651
358 38 25 71
358 40 43 611
358 54 29 370
358 108 49 165
358 115 58 597
358 118 15 447
358 123 5 155
358 133 7 472
358 146 13 147
358 155 23 467
358 157 2 748
358 190 19 508
358 197 52 672
359 8 43 702
359 13 29 79
359 28 13 729
359 64 5 462
359 75 10 164
359 76 1 430
359 101 25 385
359 106 52 280
359 113 38 631
359 115 34 730
359 119 49 137
359 124 23 285
359 156 55 486
359 183 19 709
359 185 46 672
360 3 35 636
360 5 41 665
360 10 16 71
360 18 37 288
360 35 43 745
360 38 55 742
360 39 20 608
360 67 29 184
360 76 25 683
360 79 7 750
360 83 59 598
360 156 31 430
360 158 49 723
360 164 1 487
361 6 29 683
361 10 7 47
361 12 20 226
361 51 31 512
361 57 25 534
361 66 14 724
361 81 1 290
361 96 10 259
361 104 46 132
361 139 57 443
361 168 55 463
361 171 41 369
361 183 37 621
361 187 35 573
361 192 5 53
362 32 34 697
362 33 21 83
362 43 41 32
362 53 4 671
362 59 50 682
362 71 19 245
362 79 13 18
362 84 46 226
362 110 59 197
362 123 17 311
362 130 7 495
362 132 10 584
362 142 1 463
362 175 31 719
362 200 29 528
363 11 3 598
363 12 19 267
363 43 47 53
363 44 23 354
363 63 7 25
363 83 41 577
363 96 31 352
363 116 43 478
363 129 37 482
363 137 1 454
363 164 25 42
363 166 55 263
363 169 13 455
363 188 52 407
363 198 34 150
364 15 13 715
364 19 47 750
364 29 49 308
364 32 17 75
364 40 21 176
364 47 10 75
364 74 53 133
364 79 43 282
364 88 37 735
364 121 1 483
364 130 41 123
364 149 25 299
364 164 55 163
364 171 19 724
364 197 31 346
365 20 31 202
365 21 17 429
365 47 57 393
365 62 10 546
365 64 19 607
365 69 44 301
365 95 49 564
365 104 40 132
365 113 37 581
365 114 29 678
365 121 25 50
365 135 13 519
365 136 22 301
365 157 53 748
365 193 3 378
366 4 49 212
366 6 32 91
366 12 13 213
366 63 39 636
366 69 10 732
366 113 34 398
366 116 25 719
366 117 1 95
366 134 5 89
366 136 7 301
366 138 17 519
366 141 53 66
366 199 44 231
367 21 11 429
367 24 29 178
367 33 37 83
367 34 58 433
367 40 7 454
367 100 47 707
367 106 14 94
367 111 43 575
367 115 22 103
367 117 25 95
367 165 1 716
367 183 31 106
367 185 4 20
367 199 17 277
368 3 2 445
368 11 31 588
368 13 9 465
368 42 45 61
368 57 19 10
368 65 55 634
368 70 37 325
368 116 25 244
368 121 49 743
368 123 7 346
368 137 4 523
368 147 13 293
368 168 23 486
368 192 41 56
368 198 47 158
369 3 37 636
369 10 13 471
369 21 3 599
369 23 53 464
369 32 25 129
369 73 7 596
369 88 31 735
369 93 5 202
369 102 43 493
369 129 29 724
369 155 41 293
369 157 1 737
369 179 19 248
369 189 58 583
370 1 51 302
370 6 41 493
370 17 43 663
370 33 31 83
370 42 35 283
370 48 55 20
370 82 37 568
370 94 49 661
370 96 10 695
370 104 20 132
370 146 23 28
370 150 7 277
370 153 47 613
370 174 5 51
370 178 1 116
371 18 55 726
371 23 59 464
371 35 46 607
371 48 38 110
371 62 31 549
371 67 23 436
371 79 13 282
371 80 43 424
371 82 7 145
371 91 52 454
371 118 19 517
371 129 29 342
371 140 26 514
371 162 49 614
371 187 5 492
372 2 37 677
372 23 23 224
372 30 7 341
372 41 1 300
372 52 25 103
372 57 55 271
372 78 28 714
372 81 19 290
372 91 4 724
372 143 13 703
372 160 52 75
372 168 10 699
372 180 49 581
372 193 43 564
372 199 59 301
373 17 14 201
373 35 22 476
373 44 7 622
373 69 2 503
373 73 25 155
373 84 19 125
373 87 37 640
373 92 43 92
373 99 57 678
373 107 40 537
373 114 5 203
373 116 33 29
373 133 49 313
373 182 9 211
374 15 1 715
374 33 27 83
374 40 37 454
374 43 29 652
374 54 55 187
374 59 20 682
374 64 47 194
374 93 25 622
374 105 49 19
374 106 4 280
374 132 16 403
374 134 41 520
374 141 31 630
374 153 45 192
374 171 53 719
375 14 31 194
375 18 43 726
375 20 7 51
375 23 17 634
375 35 13 87
375 41 5 570
375 43 23 163
375 66 46 121
375 70 25 293
375 74 37 516
375 123 29 212
375 152 35 116
375 161 1 309
375 162 58 181
375 177 11 288
376 26 37 389
376 37 59 545
376 55 21 170
376 68 49 47
376 74 17 19
376 84 32 456
376 93 1 443
376 100 11 707
376 142 13 25
376 143 45 465
376 155 27 424
376 160 4 12
376 170 40 9
376 192 29 56
376 195 7 148
377 17 25 665
377 25 49 40
377 52 31 129
377 69 58 503
377 80 37 310
377 84 43 163
377 85 40 592
377 89 4 649
377 107 16 408
377 124 21 285
377 144 10 100
377 145 1 283
377 151 47 291
377 161 28 750
377 177 55 69
378 11 25 291
378 16 41 455
378 44 5 622
378 45 23 122
378 57 37 488
378 62 10 658
378 68 52 241
378 88 55 624
378 101 13 596
378 104 49 98
378 127 34 192
378 139 19 258
378 151 29 658
378 180 1 711
378 196 43 28
379 27 19 746
379 41 49 677
379 50 16 671
379 61 56 484
379 64 47 342
379 65 51 545
379 75 13 713
379 78 22 348
379 112 38 512
379 120 31 42
379 136 7 570
379 142 44 289
379 171 11 719
379 191 2 365
379 198 27 150
380 1 31 586
380 5 9 56
380 8 41 483
380 37 23 399
380 42 7 749
380 47 43 647
380 48 25 575
380 61 49 366
380 62 46 201
380 81 13 166
380 122 11 238
380 155 1 608
380 179 19 655
380 182 5 631
381 6 29 41
381 7 58 187
381 10 10 224
381 41 15 570
381 62 7 658
381 70 37 276
381 71 17 702
381 73 1 155
381 79 31 18
381 128 13 466
381 132 45 584
381 156 20 292
381 169 49 631
381 174 35 141
381 184 55 139
382 4 47 678
382 20 55 604
382 25 49 658
382 34 31 535
382 78 1 91
382 84 34 163
382 87 4 640
382 89 19 58
382 90 37 555
382 110 7 239
382 131 28 35
382 144 10 223
382 157 53 611
382 172 13 494
382 197 44 346
383 1 25 707
383 27 34 393
383 38 37 197
383 47 7 743
383 89 43 649
383 96 55 352
383 106 1 448
383 110 17 197
383 115 31 294
383 125 10 281
383 150 13 697
383 177 4 288
383 196 19 49
383 197 52 346
384 1 31 518
384 6 29 601
384 36 1 90
384 60 5 568
384 89 19 351
384 98 23 249
384 101 43 730
384 106 37 94
384 121 49 347
384 126 13 77
384 133 40 711
384 137 7 347
384 145 55 592
384 149 9 299
384 170 15 413
385 5 29 639
385 9 13 350
385 18 1 288
385 30 16 741
385 41 59 677
385 53 22 746
385 54 57 603
385 57 25 552
385 63 51 245
385 97 10 274
385 113 7 631
385 116 31 64
385 131 4 35
385 138 49 598
385 151 47 603
386 2 43 234
386 5 23 425
386 10 31 47
386 12 13 9
386 27 55 457
386 65 7 492
386 83 17 165
386 103 2 310
386 110 25 546
386 122 29 238
386 170 19 297
386 172 38 212
386 176 35 617
386 196 49 305
386 198 11 133
387 5 35 167
387 10 58 47
387 16 33 482
387 32 41 75
387 47 37 743
387 57 7 10
387 58 55 527
387 66 21 216
387 107 49 316
387 113 44 525
387 141 5 478
387 150 1 333
387 157 52 737
387 164 25 203
387 198 11 430
388 48 55 110
388 56 59 277
388 65 31 38
388 72 7 692
388 74 41 631
388 77 19 300
388 79 14 750
388 82 27 129
388 104 37 98
388 106 4 566
388 129 53 723
388 150 45 277
388 168 25 586
388 181 49 142
388 185 10 185
389 12 13 267
389 13 23 184
389 33 43 457
389 34 46 535
389 96 55 597
389 102 28 467
389 103 49 456
389 106 7 566
389 123 41 709
389 128 17 466
389 130 34 675
389 138 11 598
389 144 20 223
389 148 3 124
389 196 37 28
390 16 11 308
390 30 16 439
390 49 37 528
390 51 35 512
390 52 58 103
390 67 29 30
390 68 1 47
390 74 47 386
390 98 23 89
390 107 25 340
390 118 43 168
390 121 31 743
390 133 13 313
390 193 7 109
390 194 41 726
391 13 31 184
391 16 35 482
391 56 4 583
391 71 7 245
391 80 28 407
391 91 46 732
391 93 37 202
391 103 13 685
391 107 22 316
391 122 11 539
391 131 33 35
391 136 1 301
391 153 53 613
391 163 19 430
391 188 40 573
392 12 49 593
392 36 31 394
392 37 17 596
392 61 55 743
392 97 22 274
392 98 11 89
392 109 37 236
392 139 1 101
392 142 25 175
392 177 9 603
392 185 45 107
392 195 13 107
392 199 29 294
393 6 19 236
393 8 47 12
393 27 7 153
393 28 57 521
393 62 52 167
393 68 1 241
393 99 21 34
393 100 13 699
393 118 37 168
393 121 43 354
393 128 35 466
393 149 31 117
393 184 4 278
393 189 16 479
393 200 41 528
394 11 1 291
394 16 47 46
394 46 34 419
394 54 41 366
394 60 13 425
394 77 49 479
394 93 11 578
394 111 29 258
394 112 7 188
394 128 59 692
394 141 17 688
394 146 5 680
394 170 22 413
394 176 56 503
394 192 53 417
395 1 45 302
395 20 1 202
395 43 38 53
395 68 41 47
395 70 32 293
395 78 57 91
395 84 25 359
395 92 19 496
395 98 53 378
395 106 13 432
395 110 43 89
395 139 7 744
395 152 29 588
395 160 16 248
395 162 49 181
396 2 49 525
396 32 23 75
396 33 35 83
396 49 37 675
396 66 19 101
396 99 13 224
396 108 5 324
396 109 55 637
396 128 11 532
396 136 46 71
396 153 59 707
396 162 1 733
396 177 29 593
396 192 41 417
396 199 7 586
397 34 3 433
397 36 7 23
397 45 1 29
397 63 25 525
397 77 43 557
397 78 37 687
397 104 49 132
397 109 55 239
397 114 41 203
397 118 32 378
397 121 19 69
397 148 23 124
397 151 53 226
397 167 14 140
397 177 11 593
398 17 10 687
398 21 47 429
398 25 25 429
398 51 35 684
398 110 31 385
398 113 7 525
398 117 55 546
398 119 59 525
398 121 15 72
398 141 13 478
398 157 1 644
398 166 37 27
398 167 20 366
398 169 3 499
398 181 43 142
399 24 25 695
399 25 49 64
399 61 7 489
399 63 19 294
399 73 37 726
399 87 28 545
399 90 1 691
399 149 31 259
399 150 13 436
399 151 11 603
399 155 5 293
399 181 55 77
399 183 43 146
400 28 34 521
400 37 53 23
400 48 13 721
400 52 4 637
400 71 27 245
400 73 7 333
400 108 1 209
400 139 55 744
400 145 31 666
400 168 41 486
400 169 37 499
400 186 44 489
400 187 19 424
400 189 22 43
400 199 49 116
401 7 7 734
401 14 26 194
401 24 11 466
401 29 49 517
401 30 2 538
401 44 23 622
401 79 31 750
401 91 15 7
401 103 43 254
401 112 37 601
401 118 55 424
401 135 19 122
401 171 13 719
402 8 5 490
402 27 1 746
402 35 16 87
402 64 35 194
402 70 31 276
402 75 10 713
402 77 56 300
402 96 22 560
402 106 49 280
402 144 13 223
402 169 26 426
402 189 52 94
403 6 39 493
403 16 25 28
403 32 3 315
403 54 53 366
403 74 47 19
403 86 43 520
403 98 5 186
403 125 49 214
403 150 28 333
403 151 23 603
403 159 13 429
403 170 7 297
403 186 56 495
403 187 33 573
403 189 19 184
404 7 40 341
404 50 46 405
404 62 1 236
404 63 55 613
404 68 25 140
404 70 31 30
404 77 13 52
404 104 4 98
404 125 37 439
404 145 22 283
404 155 35 424
404 166 50 233
404 167 27 330
404 195 7 443
404 197 19 141
405 21 35 158
405 33 41 457
405 36 1 115
405 63 31 613
405 67 59 49
405 74 23 133
405 75 19 518
405 77 25 79
405 78 49 675
405 84 46 113
405 90 7 541
405 149 14 117
405 176 29 516
405 185 43 579
405 193 37 184
406 9 49 350
406 16 53 341
406 25 13 419
406 43 26 573
406 58 2 527
406 63 37 25
406 93 5 476
406 94 7 7
406 101 19 730
406 113 28 398
406 135 9 749
406 138 23 245
406 166 32 661
406 175 57 647
406 183 43 621
407 12 7 215
407 15 58 227
407 39 13 658
407 42 29 283
407 49 43 140
407 55 49 143
407 67 35 318
407 95 37 692
407 127 1 64
407 149 31 247
407 152 56 651
407 158 25 87
407 180 4 446
407 191 19 272
408 3 16 663
408 7 28 734
408 14 7 161
408 19 19 61
408 22 1 293
408 62 49 167
408 68 23 282
408 81 55 166
408 84 43 281
408 89 10 569
408 113 25 317
408 147 33 339
408 173 37 567
408 188 13 407
409 20 37 483
409 23 23 259
409 64 41 499
409 81 7 166
409 82 44 202
409 92 3 496
409 94 1 7
409 100 29 707
409 120 55 692
409 127 13 126
409 158 19 564
409 166 31 417
409 176 47 503
409 187 35 492
409 189 49 184
410 6 34 493
410 17 3 665
410 18 52 239
410 19 55 750
410 27 37 746
410 30 46 493
410 68 43 274
410 98 49 89
410 121 13 311
410 134 23 339
410 145 25 121
410 153 40 524
410 158 7 532
410 166 57 150
410 173 19 623
411 2 1 234
411 3 23 663
411 7 9 187
411 39 31 224
411 44 47 354
411 47 37 497
411 51 27 684
411 56 35 583
411 57 43 271
411 132 58 734
411 148 5 124
411 161 49 342
411 193 13 665
411 196 19 707
411 200 41 749
412 7 46 581
412 51 53 684
412 68 7 695
412 71 9 245
412 95 49 702
412 113 1 398
412 115 37 257
412 136 40 301
412 141 33 82
412 157 4 737
412 182 26 631
412 188 14 629
412 191 55 645
412 196 19 305
413 14 43 445
413 20 13 202
413 28 5 729
413 29 1 308
413 35 8 476
413 51 46 216
413 65 37 634
413 86 31 524
413 88 25 238
413 91 21 76
413 99 55 699
413 100 29 563
413 122 17 477
413 155 59 608
413 193 49 389
414 2 3 141
414 13 37 187
414 24 17 38
414 39 49 303
414 50 31 671
414 53 59 468
414 64 41 342
414 72 7 184
414 80 22 228
414 98 1 378
414 141 29 82
414 142 46 175
414 185 10 20
414 191 13 365
414 194 34 175
415 23 29 464
415 29 57 273
415 58 13 21
415 67 5 436
415 76 19 271
415 97 16 254
415 112 43 512
415 119 23 525
415 122 11 638
415 125 1 439
415 140 7 574
415 146 34 233
415 153 55 516
415 175 52 675
415 177 49 603
416 9 4 645
416 22 39 716
416 27 46 153
416 29 7 308
416 38 51 165
416 77 19 394
416 78 1 432
416 99 55 366
416 103 13 456
416 135 31 706
416 156 25 119
416 170 43 413
417 6 45 91
417 10 28 471
417 22 49 188
417 27 15 478
417 49 31 617
417 69 37 503
417 74 35 516
417 80 7 462
417 82 3 379
417 95 55 339
417 101 19 249
417 107 40 560
417 137 1 129
417 162 10 509
418 4 53 678
418 20 49 202
418 34 55 433
418 36 37 17
418 42 29 749
418 43 27 504
418 51 33 512
418 114 25 330
418 130 47 744
418 141 16 82
418 167 13 10
418 173 7 412
418 186 1 495
418 188 43 742
418 198 21 150
419 14 32 66
419 21 43 192
419 31 55 497
419 32 1 369
419 41 11 197
419 92 7 488
419 93 3 264
419 120 19 526
419 121 45 407
419 136 16 301
419 149 26 259
419 150 37 436
419 157 5 748
419 184 40 102
419 189 13 479
420 3 55 42
420 29 19 121
420 91 58 695
420 97 34 254
420 132 4 584
420 138 9 102
420 147 40 340
420 155 17 518
420 162 28 614
420 176 47 735
420 178 13 468
420 180 25 711
420 185 1 672
420 187 23 573
421 12 2 213
421 25 25 123
421 27 58 457
421 37 29 596
421 42 35 61
421 43 53 163
421 78 55 257
421 89 37 58
421 103 49 399
421 141 11 478
421 156 31 580
421 161 19 209
421 177 17 593
421 189 22 688
421 199 47 385
422 8 23 497
422 17 7 663
422 41 53 677
422 55 13 143
422 60 59 290
422 100 35 299
422 105 19 145
422 107 10 568
422 126 41 264
422 147 45 293
422 171 29 369
422 179 31 408
422 180 4 581
422 182 17 655
422 195 25 419
423 19 47 658
423 24 49 429
423 25 1 429
423 44 29 504
423 46 40 732
423 54 34 716
423 63 13 613
423 90 19 555
423 104 31 132
423 109 25 102
423 111 23 575
423 145 55 121
423 176 59 735
423 181 37 142
423 192 17 282
424 14 22 194
424 17 1 663
424 19 5 658
424 22 45 688
424 24 17 234
424 33 27 457
424 60 41 197
424 67 20 318
424 92 13 496
424 98 43 378
424 103 7 310
424 117 37 191
424 136 55 636
424 144 49 100
424 178 31 116
425 8 29 702
425 9 22 645
425 11 49 291
425 22 37 688
425 34 16 433
425 35 31 87
425 38 1 73
425 44 35 622
425 51 25 684
425 74 41 19
425 115 13 730
425 143 43 56
425 152 9 270
425 167 56 745
425 187 47 47
426 10 49 586
426 42 43 61
426 43 52 711
426 59 25 682
426 68 29 241
426 75 34 549
426 105 19 144
426 107 3 316
426 135 37 749
426 136 10 46
426 142 7 8
426 145 58 592
426 152 23 651
426 182 16 631
426 194 47 734
427 16 17 308
427 19 40 61
427 25 31 426
427 29 44 273
427 30 21 439
427 54 11 417
427 63 1 107
427 90 13 691
427 122 29 638
427 135 49 122
427 141 19 82
427 147 58 293
427 161 7 546
427 193 25 639
428 39 49 25
428 43 41 8
428 77 7 355
428 120 37 214
428 131 47 35
428 134 58 702
428 145 15 454
428 163 43 639
428 170 1 413
428 171 31 369
428 182 11 744
428 186 19 651
428 188 33 407
428 200 53 494
429 2 25 721
429 7 7 445
429 69 10 503
429 99 3 249
429 127 58 192
429 129 31 723
429 131 37 35
429 138 41 598
429 158 43 343
429 162 19 614
429 175 13 408
429 180 16 581
429 187 1 573
429 191 49 645
429 193 33 184
430 6 11 552
430 13 5 527
430 36 31 115
430 37 47 545
430 84 58 456
430 98 17 186
430 107 37 560
430 127 19 192
430 132 1 584
430 150 7 436
430 155 29 293
430 171 23 724
430 176 13 516
430 188 25 629
431 6 53 236
431 26 58 341
431 35 37 745
431 37 11 23
431 50 55 21
431 58 49 527
431 72 14 189
431 113 32 520
431 140 28 113
431 143 43 27
431 162 1 614
431 169 19 188
431 181 40 142
431 194 17 726
432 7 58 623
432 15 55 227
432 52 37 490
432 68 5 282
432 72 13 289
432 79 7 282
432 88 19 735
432 90 1 243
432 101 31 607
432 108 53 663
432 119 27 516
432 133 16 615
432 175 49 247
433 41 41 677
433 48 13 38
433 89 37 315
433 92 32 488
433 108 29 604
433 112 55 267
433 116 1 33
433 117 7 231
433 123 11 477
433 169 25 503
433 171 23 310
433 175 19 247
433 177 53 593
433 182 46 631
433 195 49 148
434 2 50 8
434 18 7 147
434 49 55 140
434 51 39 684
434 70 25 325
434 98 19 652
434 101 2 593
434 131 45 35
434 132 10 45
434 134 41 744
434 157 29 737
434 161 22 750
434 178 13 116
434 191 31 365
434 200 59 517
435 4 19 445
435 22 31 188
435 37 35 23
435 62 52 135
435 63 1 661
435 64 11 95
435 74 5 38
435 109 43 637
435 112 7 512
435 121 25 147
435 124 29 285
435 149 13 655
435 158 38 564
435 160 22 115
436 9 25 350
436 30 1 341
436 45 9 91
436 56 59 742
436 59 43 682
436 65 49 492
436 69 28 687
436 83 47 577
436 84 31 443
436 101 19 385
436 151 5 291
436 168 35 317
436 188 15 748
436 189 55 716
436 198 7 158
437 4 33 445
437 5 7 617
437 13 59 723
437 19 47 588
437 31 25 651
437 45 23 29
437 54 41 464
437 62 15 167
437 93 31 622
437 100 4 367
437 126 35 264
437 170 52 119
437 181 37 77
437 184 55 354
438 12 13 560
438 24 17 645
438 36 49 46
438 52 37 637
438 91 34 236
438 114 47 234
438 121 25 72
438 140 44 514
438 146 11 146
438 149 55 259
438 156 1 486
438 158 7 723
438 160 31 248
438 183 19 396
438 187 29 743
439 18 10 32
439 31 4 52
439 51 43 684
439 58 31 487
439 80 19 228
439 83 29 745
439 93 23 523
439 94 16 187
439 113 37 403
439 123 35 312
439 142 13 8
439 149 25 110
439 154 1 537
439 163 46 583
439 188 7 742
440 20 25 117
440 47 1 699
440 57 50 385
440 64 59 125
440 94 47 661
440 105 19 30
440 107 34 316
440 112 15 512
440 119 5 525
440 129 55 717
440 131 23 35
440 143 7 429
440 152 41 91
440 179 37 462
440 191 43 316
441 11 13 277
441 16 9 482
441 26 46 49
441 31 51 475
441 36 37 731
441 38 1 556
441 47 43 497
441 68 7 630
441 76 55 593
441 80 19 476
441 94 49 187
441 127 25 677
441 168 5 486
441 181 28 77
441 193 31 599
442 4 23 742
442 20 31 615
442 40 57 82
442 74 35 386
442 80 28 228
442 89 10 649
442 96 49 588
442 99 37 224
442 123 47 709
442 132 25 226
442 176 5 516
442 182 53 113
442 183 1 464
442 189 20 309
442 200 17 528
443 10 27 355
443 21 35 599
443 30 15 341
443 42 11 419
443 58 52 224
443 106 2 94
443 122 5 638
443 123 41 155
443 130 47 263
443 133 19 562
443 143 37 429
443 153 23 264
443 189 7 311
443 192 13 53
443 198 25 150
444 18 19 147
444 34 49 535
444 55 55 178
444 63 13 245
444 71 5 702
444 76 1 203
444 86 7 592
444 89 22 351
444 115 34 596
444 121 43 347
444 137 37 697
444 161 40 167
444 175 28 671
445 17 43 283
445 22 13 577
445 33 17 457
445 51 38 216
445 62 31 12
445 68 29 47
445 87 40 409
445 89 1 649
445 107 9 233
445 127 19 135
445 162 34 614
445 167 46 76
445 170 25 413
445 174 23 300
445 186 49 286
446 33 53 457
446 40 31 680
446 48 56 537
446 52 25 687
446 69 10 301
446 76 44 683
446 91 49 488
446 124 7 285
446 127 20 677
446 134 41 184
446 142 28 8
446 156 14 462
446 176 23 516
446 196 37 49
447 1 31 227
447 9 7 645
447 17 4 663
447 49 39 611
447 71 23 512
447 95 19 370
447 99 49 164
447 108 37 603
447 115 55 158
447 132 43 403
447 155 29 608
447 157 10 748
447 161 25 750
447 173 13 617
447 197 1 346
448 42 53 749
448 43 43 277
448 69 7 503
448 84 49 750
448 85 25 148
448 97 46 523
448 102 16 8
448 116 31 145
448 123 11 312
448 133 58 363
448 135 1 372
448 138 19 598
448 152 23 110
448 172 38 280
448 187 35 743
449 37 11 399
449 45 9 97
449 49 13 54
449 52 44 103
449 66 28 655
449 68 17 140
449 82 49 568
449 96 25 560
449 110 41 385
449 111 35 570
449 133 1 647
449 136 37 301
449 140 55 574
449 152 53 270
449 173 19 386
450 4 23 678
450 12 31 226
450 21 10 192
450 32 3 369
450 38 55 71
450 43 21 573
450 52 40 137
450 71 29 245
450 85 37 46
450 86 15 524
450 87 7 409
450 95 25 702
450 120 51 697
450 123 59 43
450 168 47 586
451 16 31 482
451 35 28 577
451 48 20 549
451 66 25 484
451 67 47 436
451 86 56 524
451 88 38 66
451 109 49 343
451 137 3 454
451 140 44 574
451 146 17 426
451 148 1 272
451 149 33 630
451 166 13 75
451 176 8 516
452 3 53 42
452 18 10 341
452 41 29 300
452 61 55 652
452 67 46 318
452 93 41 575
452 118 25 239
452 119 35 525
452 136 13 599
452 137 7 129
452 167 49 745
452 191 37 272
452 194 23 227
452 198 17 158
453 8 45 702
453 9 37 645
453 49 3 133
453 80 22 203
453 87 31 545
453 100 29 325
453 102 49 398
453 111 53 580
453 120 55 407
453 123 47 311
453 124 34 285
453 129 17 342
453 139 25 109
453 170 40 413
453 183 13 464
454 8 59 270
454 25 1 123
454 27 28 393
454 65 20 38
454 85 55 209
454 93 5 623
454 96 52 312
454 99 14 678
454 102 49 596
454 117 31 22
454 130 7 113
454 140 37 514
454 155 25 355
454 159 44 297
454 180 10 136
455 24 41 339
455 29 7 273
455 46 57 717
455 63 31 636
455 65 3 189
455 75 13 64
455 78 19 560
455 100 39 211
455 140 50 113
455 144 28 100
455 146 35 680
455 151 1 603
455 179 44 534
456 14 16 66
456 18 37 463
456 43 59 652
456 75 22 518
456 80 46 663
456 91 55 192
456 110 53 197
456 111 29 575
456 117 33 471
456 141 31 82
456 148 49 272
456 171 51 121
456 173 1 23
456 190 25 508
456 199 5 277
457 20 57 477
457 33 9 457
457 38 19 197
457 67 17 107
457 73 49 155
457 74 55 631
457 116 37 244
457 117 13 546
457 125 34 281
457 141 11 652
457 148 47 272
457 149 43 299
457 161 4 309
457 170 28 413
457 180 1 581
458 29 37 121
458 33 47 457
458 73 13 624
458 82 49 79
458 95 55 32
458 107 22 233
458 146 7 233
458 156 43 119
458 161 52 309
458 166 9 27
458 168 20 586
458 183 31 146
458 185 27 672
458 188 1 407
458 198 59 158
459 2 25 604
459 11 50 277
459 16 17 539
459 49 37 133
459 61 13 366
459 82 55 75
459 101 43 744
459 102 58 299
459 115 1 195
459 117 7 95
459 156 19 580
459 157 31 737
459 160 4 248
459 167 34 366
460 14 28 66
460 22 43 32
460 36 37 719
460 42 23 419
460 43 5 115
460 45 35 97
460 53 11 214
460 57 1 534
460 66 31 216
460 79 19 282
460 127 49 60
460 155 53 518
460 191 7 72
460 196 13 263
461 4 19 695
461 5 47 687
461 7 13 187
461 13 21 187
461 18 28 448
461 35 7 655
461 87 1 640
461 89 10 315
461 116 31 747
461 120 55 315
461 126 37 611
461 161 50 546
461 181 16 142
461 191 43 94
461 200 41 494
462 1 37 597
462 12 57 560
462 27 13 17
462 30 32 341
462 49 25 394
462 56 23 567
462 92 7 324
462 119 11 465
462 121 51 147
462 125 1 229
462 150 4 333
462 168 16 586
462 181 19 643
462 189 44 43
463 13 23 187
463 32 25 75
463 55 31 143
463 58 52 487
463 90 19 222
463 92 55 92
463 106 15 448
463 114 41 471
463 118 27 318
463 125 4 439
463 133 43 313
463 146 35 228
463 162 37 181
463 174 11 367
463 183 7 464
464 4 29 168
464 7 25 734
464 26 22 97
464 59 31 682
464 62 49 623
464 65 37 258
464 68 35 282
464 103 43 310
464 127 52 192
464 132 13 226
464 156 1 292
464 184 10 647
464 186 55 66
465 19 23 658
465 22 7 716
465 26 58 389
465 40 2 82
465 42 11 61
465 70 13 123
465 111 17 258
465 117 44 95
465 131 40 35
465 158 31 564
465 178 19 395
465 192 51 56
465 194 49 21
466 39 3 608
466 64 47 462
466 87 16 409
466 92 31 304
466 107 19 233
466 113 22 731
466 114 35 203
466 116 25 648
466 124 13 285
466 153 11 300
466 159 37 19
466 191 43 307
466 192 29 223
466 193 7 455
466 196 57 124
467 16 2 208
467 32 39 369
467 43 23 288
467 52 7 137
467 58 19 21
467 72 46 184
467 77 31 355
467 81 49 166
467 97 28 254
467 98 35 186
467 123 25 346
467 134 53 744
467 139 57 504
467 148 11 151
467 160 15 115
468 2 15 147
468 14 43 640
468 26 19 697
468 43 29 32
468 53 5 199
468 58 46 224
468 82 25 107
468 87 22 640
468 103 55 310
468 105 1 578
468 116 37 379
468 127 34 135
468 130 41 675
468 162 31 181
468 192 9 417
469 12 43 560
469 34 51 433
469 50 21 499
469 68 55 630
469 97 25 274
469 101 57 342
469 103 31 69
469 113 28 403
469 138 35 483
469 159 13 90
469 173 1 41
469 185 7 672
469 187 19 573
469 199 10 586
470 7 13 445
470 9 31 350
470 15 49 227
470 18 26 463
470 38 21 592
470 77 57 89
470 91 52 495
470 96 4 588
470 100 41 325
470 122 19 257
470 137 29 347
470 148 16 272
470 167 34 330
470 170 37 9
470 199 7 561
471 6 17 91
471 9 37 350
471 16 29 308
471 17 19 687
471 23 3 259
471 28 25 729
471 41 55 677
471 50 31 504
471 77 57 291
471 101 13 593
471 106 22 280
471 110 47 239
471 129 27 561
471 174 11 175
471 196 7 263
472 37 35 399
472 42 41 283
472 54 43 716
472 60 17 346
472 69 1 687
472 84 25 69
472 93 11 202
472 140 31 514
472 151 28 630
472 155 23 293
472 173 37 747
472 183 57 146
472 196 19 124
473 6 31 683
473 45 47 5
473 56 11 519
473 59 13 682
473 61 37 685
473 64 35 499
473 66 25 655
473 75 7 164
473 88 19 469
473 96 2 340
473 112 43 601
473 134 59 520
473 141 29 478
473 160 52 249
473 168 41 317
474 1 49 731
474 2 37 234
474 6 47 730
474 9 4 350
474 13 23 637
474 33 19 457
474 43 59 32
474 90 7 222
474 102 43 398
474 108 11 209
474 117 26 466
474 149 31 317
474 170 16 297
474 173 55 141
474 184 1 303
475 13 47 527
475 15 7 715
475 26 1 76
475 43 49 115
475 60 5 30
475 88 51 735
475 96 10 340
475 104 37 132
475 116 55 248
475 119 31 465
475 121 43 12
475 130 59 744
475 155 17 608
475 176 41 735
475 185 22 20
476 25 49 194
476 80 7 228
476 113 58 683
476 129 53 482
476 138 35 598
476 140 16 514
476 142 1 158
476 149 25 21
476 158 19 749
476 161 10 392
476 168 13 586
476 173 31 141
476 184 4 537
476 191 43 272
476 197 40 497
477 6 17 41
477 33 13 457
477 38 25 592
477 45 5 97
477 85 7 46
477 86 49 77
477 103 19 310
477 116 1 719
477 119 29 525
477 130 15 675
477 143 56 386
477 146 23 147
477 173 37 145
477 185 10 672
477 195 32 623
478 20 25 363
478 22 13 212
478 33 5 457
478 65 39 492
478 84 49 69
478 85 55 518
478 109 19 482
478 144 43 100
478 147 46 340
478 164 31 312
478 169 1 28
478 170 9 119
478 188 58 526
479 4 47 168
479 19 37 750
479 31 2 713
479 42 27 61
479 66 7 54
479 71 5 454
479 81 43 166
479 103 13 415
479 106 10 566
479 116 49 140
479 134 53 311
479 136 55 398
479 137 41 302
479 142 19 584
479 194 58 726
480 3 5 683
480 14 58 194
480 31 7 52
480 34 13 428
480 36 1 658
480 55 45 170
480 66 32 484
480 69 26 732
480 116 37 140
480 146 17 146
480 151 29 291
480 171 52 369
480 186 19 743
480 188 10 742
480 199 23 294
481 8 11 270
481 28 1 729
481 32 22 697
481 34 4 428
481 42 29 61
481 55 7 143
481 93 46 731
481 98 37 135
481 104 19 98
481 132 13 584
481 135 32 519
481 143 57 27
481 191 25 272
481 194 17 385
481 200 41 143
482 1 7 707
482 3 41 309
482 16 53 28
482 20 37 477
482 26 4 43
482 55 49 178
482 79 13 321
482 93 1 623
482 96 31 289
482 102 34 8
482 121 55 147
482 152 11 408
482 156 44 421
482 162 22 614
482 195 25 443
483 22 25 212
483 50 46 21
483 67 23 107
483 68 5 140
483 74 53 19
483 104 1 132
483 106 19 566
483 114 11 471
483 115 49 692
483 126 55 264
483 149 37 363
483 160 58 12
483 172 7 394
483 174 17 175
483 197 13 346
484 16 1 747
484 28 47 521
484 30 52 538
484 54 41 465
484 60 59 599
484 63 43 186
484 83 21 745
484 85 7 343
484 112 31 267
484 113 4 110
484 151 55 291
484 164 37 638
484 184 28 231
484 190 15 508
484 192 25 417
485 32 37 129
485 47 7 648
485 54 23 398
485 101 49 421
485 127 46 644
485 128 5 21
485 138 41 519
485 144 1 223
485 152 34 737
485 171 14 310
485 175 16 463
485 181 55 142
485 184 31 647
485 188 10 590
485 198 19 158
486 5 28 167
486 39 7 563
486 77 55 355
486 84 50 163
486 88 13 469
486 99 43 723
486 105 31 125
486 111 53 258
486 124 47 285
486 130 41 113
486 160 1 299
486 162 4 614
486 174 22 175
486 186 37 644
487 26 26 32
487 45 7 97
487 47 49 504
487 92 1 488
487 93 37 622
487 100 15 563
487 105 43 19
487 110 5 197
487 141 35 82
487 145 55 283
487 153 47 163
487 171 41 719
487 174 53 141
487 178 9 395
487 198 19 150
488 17 20 663
488 50 43 21
488 57 25 270
488 60 59 41
488 75 33 563
488 80 46 424
488 96 52 695
488 99 37 249
488 123 23 155
488 158 55 723
488 159 13 11
488 164 7 638
488 176 17 617
488 179 1 462
488 198 29 150
489 12 33 124
489 44 5 92
489 57 7 421
489 64 17 125
489 76 44 394
489 79 19 748
489 81 25 166
489 85 58 518
489 100 15 325
489 102 49 175
489 106 40 94
489 117 1 267
489 123 29 713
489 136 55 599
489 157 31 611
490 2 37 669
490 5 7 56
490 10 25 564
490 11 44 598
490 19 9 61
490 37 29 53
490 64 31 257
490 77 33 479
490 85 19 46
490 92 13 92
490 98 41 652
490 117 49 95
490 130 17 123
490 146 3 680
490 190 5 508
491 4 23 212
491 13 17 79
491 26 25 43
491 30 13 741
491 31 28 425
491 49 7 675
491 87 58 409
491 100 45 325
491 109 31 258
491 138 1 102
491 142 55 8
491 178 19 116
491 196 37 245
491 197 50 141
492 13 17 637
492 39 37 563
492 40 25 82
492 45 5 122
492 46 43 617
492 61 1 652
492 74 23 367
492 90 32 222
492 107 13 233
492 111 11 580
492 166 19 624
492 180 49 711
492 191 7 365
492 196 55 707
493 15 40 46
493 16 47 455
493 35 55 607
493 45 3 97
493 53 7 671
493 60 53 532
493 77 49 300
493 86 15 127
493 99 31 318
493 143 43 194
493 153 13 395
493 163 58 211
493 168 35 486
493 181 22 142
493 199 9 561
494 2 49 721
494 28 41 521
494 29 37 308
494 51 33 684
494 77 25 89
494 102 13 669
494 150 55 580
494 151 16 549
494 168 11 463
494 176 19 516
494 177 29 586
494 182 1 744
494 184 4 231
494 191 7 268
494 196 43 707
495 1 25 5
495 4 59 212
495 14 7 194
495 36 55 53
495 57 49 10
495 84 1 125
495 85 4 407
495 95 31 702
495 118 13 378
495 123 19 713
495 142 22 141
495 158 43 552
495 177 35 464
495 184 40 647
496 3 4 445
496 20 44 615
496 29 49 726
496 45 11 91
496 53 53 468
496 56 7 583
496 63 31 537
496 75 21 164
496 88 26 469
496 120 57 622
496 139 13 488
496 174 2 424
496 192 19 417
496 196 37 707
497 5 17 148
497 24 59 466
497 48 37 534
497 55 55 170
497 63 7 520
497 76 43 425
497 96 13 352
497 128 47 675
497 134 29 339
497 135 25 122
497 137 5 347
497 143 21 465
497 145 32 492
497 159 1 688
497 198 49 150
498 4 59 168
498 28 1 521
498 33 41 83
498 34 19 428
498 51 44 216
498 66 14 228
498 70 37 494
498 75 26 563
498 78 8 289
498 86 31 208
498 129 35 717
498 157 29 644
498 158 55 87
498 199 5 352
499 3 59 52
499 7 19 734
499 10 25 471
499 35 38 577
499 39 1 339
499 47 16 648
499 72 49 741
499 89 28 569
499 97 13 254
499 104 52 132
499 127 55 683
499 128 23 466
499 153 5 456
499 163 9 583
499 192 43 139
500 5 59 586
500 10 4 47
500 20 43 483
500 25 13 155
500 27 25 153
500 61 7 186
500 64 41 462
500 70 19 293
500 106 1 566
500 109 32 637
500 140 51 574
500 178 55 395
500 200 39 516
Điểm tối ưu/tốt nhất tìm được: 7289
Thời gian: 600.194079 giây
Trạng thái: VALID
