11955
971 241 1 1204
863 241 49 1266
573 241 37 1266
543 241 43 1204
541 241 19 1266
460 241 13 1266
420 241 33 1204
320 241 31 1266
232 241 7 1204
968 199 45 163
939 199 1 163
919 199 55 1248
909 150 9 525
904 150 20 1436
859 150 31 4
849 150 19 525
848 150 1 1436
788 199 33 163
741 199 21 163
675 199 8 1248
666 199 37 1248
638 199 55 971
613 150 13 1436
596 150 33 525
565 150 44 1436
560 199 49 971
534 150 3 525
485 150 49 525
426 199 43 971
417 199 43 1248
413 199 31 971
391 199 19 1248
377 150 43 525
336 150 37 4
333 199 9 163
270 150 38 1436
130 150 7 1436
98 150 31 1436
903 48 13 1169
892 48 7 1169
772 48 44 593
462 48 43 1169
455 48 13 593
322 48 8 782
211 48 32 1101
168 48 44 782
979 53 7 288
796 53 7 1236
730 53 51 402
639 53 13 818
638 53 33 1236
559 53 43 402
489 53 55 818
922 232 8 1238
844 232 49 844
779 232 14 1444
580 232 1 1046
392 232 43 1074
326 232 31 1046
288 232 19 194
125 232 13 194
8 232 20 1074
972 322 2 1360
186 322 37 912
138 322 33 912
964 273 55 206
873 203 55 616
682 203 55 452
630 203 38 978
532 203 8 282
391 203 31 920
99 203 8 44
706 239 25 374
500 239 49 1074
315 239 13 832
199 239 1 1265
179 239 13 140
114 239 1 347
97 239 3 1074
940 224 8 784
76 224 37 1324
71 224 27 725
792 69 8 430
630 69 49 1028
623 69 55 296
497 69 57 1271
457 69 1 1238
454 69 3 1118
162 69 7 1018
141 69 44 1018
46 69 13 232
986 358 45 377
929 358 21 746
744 358 9 879
680 358 31 1076
659 358 31 1468
476 358 43 1306
221 358 26 133
55 358 49 746
962 378 32 875
894 378 7 710
841 378 8 245
835 378 20 1142
731 378 31 465
481 378 32 488
476 378 19 885
412 378 55 321
237 378 13 1163
233 378 21 19
984 89 44 1389
898 89 19 601
709 89 55 185
547 89 31 1340
60 89 7 907
36 89 49 245
967 311 37 1463
779 311 21 1243
573 311 2 534
149 311 7 749
385 254 31 584
146 254 51 131
2 254 43 284
906 129 2 1358
532 129 14 874
390 129 43 935
255 129 26 1368
955 217 7 1373
901 217 9 58
880 217 43 1373
659 217 21 200
657 217 21 290
520 217 39 290
457 217 31 1318
960 266 21 307
581 266 9 1460
332 266 50 1296
13 266 38 339
734 72 49 66
456 72 3 408
341 72 25 1452
204 72 13 187
943 139 7 1404
613 139 50 960
589 139 19 1190
459 139 14 1190
307 139 21 172
87 139 31 1157
997 244 39 1047
932 34 1 877
919 34 13 1254
911 244 8 54
868 34 20 1260
803 34 49 120
797 34 19 792
791 244 38 1457
788 244 14 339
770 302 31 137
699 34 26 305
690 244 21 258
588 302 32 1462
567 244 9 1133
541 34 31 1437
466 302 37 261
437 34 26 1338
343 244 21 1275
271 302 1 1462
252 34 33 1442
80 244 15 295
60 244 56 497
44 302 32 917
16 244 38 258
11 302 55 1301
926 195 39 1024
875 387 7 199
847 195 1 1200
757 231 20 1415
743 231 14 1156
703 231 1 1052
677 195 32 1166
624 387 7 266
579 387 43 199
579 231 1 699
494 231 13 18
481 147 7 1443
461 387 50 346
428 231 9 535
409 147 31 211
362 231 49 872
349 147 55 1139
337 231 15 1330
312 387 44 1425
265 195 37 754
205 195 27 347
124 231 14 1206
83 147 27 1052
967 194 19 243
910 31 43 728
745 194 55 347
590 194 9 514
388 194 7 1451
174 31 26 149
145 31 49 1225
90 31 38 1316
937 132 49 1134
914 361 15 212
906 361 55 115
879 132 1 884
854 132 37 801
846 361 55 1084
791 361 32 351
719 132 15 1263
678 117 43 705
647 361 43 1077
576 117 7 773
525 132 49 970
326 361 39 736
253 132 31 1134
164 361 25 346
133 117 49 1330
106 132 26 1471
989 87 25 1482
961 160 26 258
935 87 13 1355
930 87 31 845
866 87 45 1455
734 371 8 972
614 160 15 1044
605 87 25 715
581 160 19 1174
467 87 21 90
440 371 51 696
416 371 14 1014
331 371 20 484
298 371 9 766
295 371 49 969
216 160 19 744
144 87 2 701
933 127 49 397
770 127 7 823
590 127 43 252
554 127 7 796
334 127 20 1258
296 127 19 1110
246 127 55 59
78 127 15 506
801 143 2 1213
778 143 25 402
759 143 31 548
524 143 19 465
478 143 9 687
248 143 7 1213
81 143 8 643
871 382 31 438
847 317 14 958
775 317 31 621
669 317 15 704
642 382 37 696
580 317 15 1141
561 317 7 621
536 317 38 830
454 317 7 532
204 382 55 336
181 317 9 209
71 317 19 369
34 382 38 907
6 317 49 759
887 268 25 1460
877 215 13 467
874 395 19 1182
855 395 37 470
787 395 25 1110
757 268 31 1083
734 215 13 1384
692 268 7 1041
638 395 13 1493
600 215 55 398
553 395 50 643
524 395 8 16
400 215 27 1078
306 268 44 610
254 215 20 350
221 215 8 653
160 215 1 398
133 215 19 653
74 395 3 612
462 58 31 1452
345 58 39 204
337 58 43 450
860 86 26 59
821 86 2 1023
712 86 37 792
593 86 13 791
465 95 31 983
392 95 49 1003
386 86 1 1498
366 86 19 768
341 95 49 86
199 95 51 1290
142 95 45 899
109 95 7 1465
985 335 1 153
914 335 51 682
863 51 9 183
840 51 19 256
805 74 1 212
773 51 55 1060
753 335 51 1099
502 335 1 460
474 51 25 722
463 51 1 256
385 335 15 1099
254 335 43 138
190 51 37 1456
145 51 39 423
90 74 20 61
954 184 43 1444
807 184 43 984
803 184 14 1143
661 184 33 777
547 184 9 295
177 184 57 1000
997 70 45 444
739 70 14 1154
613 70 19 1465
370 70 26 993
299 70 26 870
959 308 9 370
777 308 43 1479
709 308 19 627
658 308 26 148
324 308 38 976
213 308 19 976
827 196 19 633
736 196 2 1467
650 196 55 1091
234 196 15 557
116 196 31 131
695 187 32 808
501 64 20 254
249 187 33 1365
115 64 2 1032
522 320 14 107
472 320 25 1056
384 320 8 956
60 320 1 441
41 320 43 1313
998 240 21 680
915 63 31 547
854 390 33 26
792 390 25 460
788 240 51 88
709 240 9 437
664 390 39 1075
645 240 9 937
643 63 8 564
641 390 9 1179
624 63 13 793
420 63 2 99
331 63 38 49
311 390 1 1282
283 390 51 1011
257 63 32 612
205 390 13 1245
180 390 55 944
982 376 33 367
932 376 49 861
673 376 44 81
641 376 43 797
603 376 3 1378
599 376 55 1166
418 376 14 1043
171 376 13 510
964 170 25 231
842 392 43 294
802 37 26 39
772 357 31 627
715 37 31 731
710 359 33 1476
695 357 43 1028
668 392 25 708
594 357 13 282
578 175 27 1456
567 170 1 105
537 357 55 934
517 357 49 1254
425 170 13 201
385 175 7 720
369 37 1 1033
350 392 14 513
342 392 25 257
259 175 55 1050
255 359 32 84
250 359 37 282
199 170 27 418
149 37 25 276
105 175 50 1300
972 131 26 1178
958 131 2 1319
875 131 20 1369
545 131 43 857
506 131 15 1130
382 131 37 1369
243 131 3 709
969 79 13 262
957 79 1 1475
824 79 50 224
296 79 50 1124
238 79 45 1241
53 79 14 99
52 79 25 224
972 124 19 853
925 124 49 1316
922 124 43 122
892 124 31 1407
576 124 31 1246
477 124 8 498
457 124 51 1373
438 124 43 763
711 107 7 968
384 107 55 894
369 107 37 288
197 107 55 1482
137 107 26 1299
71 107 9 1215
922 381 31 1259
732 381 49 189
672 381 9 1318
592 381 1 1320
467 381 55 1109
457 381 55 756
11 381 7 916
555 354 57 557
447 354 7 994
363 354 32 1228
306 354 7 843
302 354 1 600
87 354 1 994
17 354 13 1270
827 210 7 448
807 210 21 918
776 210 9 1050
765 210 32 1112
740 15 57 579
698 15 38 624
490 15 31 1295
428 15 19 906
400 210 1 400
336 210 3 389
219 15 56 609
211 210 1 573
194 15 38 362
995 220 51 400
973 32 38 1022
945 28 56 1071
811 28 15 1402
804 28 3 847
677 32 21 334
607 67 19 1486
581 32 27 222
571 220 25 875
554 220 19 644
510 220 50 904
468 28 43 1440
457 28 19 1041
364 220 38 1254
347 28 19 1439
337 28 25 847
335 220 7 799
289 67 25 189
210 32 7 135
190 32 56 615
140 28 13 425
60 32 21 509
48 32 39 1416
21 67 56 271
18 220 31 246
956 226 57 342
931 226 31 454
906 341 49 296
876 341 39 444
866 341 49 824
793 38 45 1201
715 38 19 923
679 226 13 1370
652 38 37 38
621 341 14 337
610 38 19 766
579 341 32 207
466 226 19 758
267 226 43 454
165 226 25 277
150 38 19 672
98 341 9 1345
76 226 15 369
67 341 37 1240
45 341 43 1439
8 226 51 618
864 133 51 143
782 133 37 923
646 133 7 359
515 133 25 195
919 186 38 739
762 186 31 93
759 186 27 1254
623 186 14 802
571 186 7 93
530 186 20 1429
332 186 9 1429
12 186 37 1263
976 135 9 539
902 360 56 526
779 360 33 1459
765 135 20 1257
757 360 49 1116
728 360 19 1195
368 135 49 1064
348 360 55 265
344 360 2 244
236 135 31 453
233 360 2 624
116 360 50 283
5 360 49 1273
918 222 9 624
689 222 20 9
538 222 1 68
459 222 7 908
421 222 2 312
407 222 55 719
344 222 25 1017
266 222 19 1410
52 222 1 485
27 222 45 665
18 222 9 203
899 152 38 504
898 313 32 832
879 313 39 1483
784 313 1 989
780 152 57 787
725 313 49 104
670 152 19 1253
545 152 38 1228
447 313 13 344
392 152 31 643
368 152 7 30
357 313 3 1117
314 313 13 342
159 313 37 799
136 152 19 794
113 313 15 632
78 152 26 438
38 313 50 1310
6 152 1 1224
984 253 7 1285
948 377 55 52
927 379 16 1094
917 377 44 1211
910 253 51 555
894 377 16 52
893 377 1 52
841 377 19 52
836 253 13 1285
783 379 20 697
748 377 49 1211
727 379 37 1094
713 379 50 697
713 377 28 52
705 253 4 1285
695 253 16 555
683 253 25 1285
654 253 37 1285
628 377 13 52
623 379 34 1094
614 377 25 52
594 377 31 52
582 379 3 697
563 253 25 555
560 379 22 1094
553 253 19 555
550 379 13 697
537 253 37 555
517 253 22 555
501 253 33 1285
475 379 10 1094
452 253 34 555
414 379 31 1094
403 253 40 1285
396 253 28 555
387 253 13 555
342 379 40 1094
305 379 37 697
293 379 28 697
284 253 1 1285
277 253 31 555
269 253 40 555
261 253 28 1285
167 253 16 1285
104 379 13 1094
100 379 33 697
85 379 40 697
65 379 25 697
49 379 19 1094
44 379 16 697
977 329 31 855
970 329 31 1120
919 329 22 1120
917 329 39 1120
887 329 46 319
850 329 55 855
840 329 28 319
789 329 45 855
682 329 3 319
660 329 19 855
521 329 21 319
421 329 13 1120
419 329 1 855
363 329 1 1120
330 329 37 855
287 329 15 855
198 329 19 1120
167 329 58 1120
75 329 34 855
43 329 4 1120
30 329 22 855
967 326 2 774
956 326 26 579
920 193 25 946
853 193 49 611
771 193 55 171
643 326 20 486
413 193 13 120
325 326 37 1003
237 326 44 1470
175 193 1 931
87 326 13 199
994 83 4 251
883 83 9 1316
847 83 32 1161
812 309 3 1008
778 309 7 1222
730 309 34 1317
667 83 28 1316
489 309 21 490
442 309 14 1317
411 83 16 885
347 83 7 885
276 83 22 1316
106 83 7 251
979 16 1 286
891 16 51 1200
846 16 13 1200
766 16 43 1414
586 16 50 1414
431 16 31 1412
228 16 13 1412
218 16 1 187
195 16 21 1412
179 16 27 286
97 16 19 1414
63 16 28 110
20 16 8 110
936 130 9 1323
903 176 38 740
898 172 25 1009
868 296 43 974
860 130 55 911
722 130 1 831
708 130 15 58
692 296 25 274
646 172 33 712
639 130 43 461
636 130 58 1134
628 130 19 1134
575 176 13 96
560 172 27 738
491 130 32 58
457 130 13 831
447 176 33 753
349 172 21 738
332 176 28 156
292 296 8 32
271 130 16 1323
266 130 26 911
200 176 25 96
143 172 25 712
110 130 25 58
89 172 21 712
870 397 31 479
555 397 13 360
497 397 31 600
417 397 22 91
374 397 50 913
362 397 19 91
348 397 28 739
338 397 28 360
240 397 13 541
116 397 38 91
995 279 10 547
965 110 25 758
961 237 8 1269
937 237 33 1148
918 391 26 235
899 219 21 581
876 391 7 546
819 237 1 981
816 237 19 1387
813 219 44 849
813 3 31 1038
759 110 1 770
745 388 7 775
709 110 1 1036
706 279 3 979
688 237 51 1230
677 391 39 1414
661 219 14 849
629 279 13 979
620 385 38 416
618 237 49 1216
605 282 19 316
577 391 31 673
560 219 7 762
539 3 7 1053
511 385 7 412
493 279 25 1314
417 388 25 71
410 219 52 1387
375 282 45 1206
330 237 26 1263
309 110 7 1457
266 3 37 1284
257 279 38 547
237 391 49 1244
210 3 19 1121
203 282 56 1118
201 237 19 1099
186 388 20 71
182 282 25 1351
133 110 55 1178
122 388 25 673
93 110 56 1150
86 282 44 1276
55 237 2 259
39 391 27 786
26 237 56 1051
25 388 14 673
6 110 20 996
982 230 16 1421
964 54 20 674
934 54 19 31
923 363 55 133
912 363 32 95
911 230 15 893
816 363 2 911
655 363 19 1404
584 54 13 1092
560 363 57 418
419 230 28 1421
408 54 3 790
197 363 39 95
174 363 51 133
110 230 3 248
94 230 16 309
16 230 14 629
884 299 44 94
867 304 15 492
816 304 16 1364
700 304 7 530
464 299 19 469
350 304 31 1237
327 304 49 886
283 299 20 45
243 299 25 1425
210 304 4 615
197 304 19 615
92 299 1 950
962 2 21 675
958 2 7 468
893 144 20 1330
739 144 19 40
663 144 27 1286
548 144 21 762
507 144 26 1213
447 144 43 118
427 2 33 886
309 144 49 352
196 144 9 219
132 2 37 1147
71 144 3 768
31 2 26 668
861 328 32 638
811 328 25 281
774 328 19 1118
688 288 9 1299
613 297 2 459
612 328 33 984
610 297 1 564
501 297 1 1081
463 297 49 576
409 328 49 778
402 328 9 152
375 297 8 353
296 297 14 656
291 297 39 961
151 288 27 643
100 297 8 965
78 288 3 1065
950 252 7 191
921 252 26 1319
882 252 56 1095
824 252 43 360
796 197 51 991
786 252 37 1066
763 197 56 73
704 197 55 367
526 136 2 603
506 136 34 716
496 252 44 1203
443 252 3 1279
411 136 8 1232
376 136 2 1175
326 197 13 973
153 136 51 1232
28 197 3 827
912 352 3 70
860 352 33 473
806 307 7 922
805 307 32 1499
654 352 10 158
611 307 14 577
609 307 44 30
494 307 56 30
472 352 49 64
443 352 44 1154
358 352 32 64
335 307 3 577
139 352 28 1222
72 307 28 838
63 352 2 1154
1 352 4 475
999 18 19 1057
998 18 31 229
850 18 13 10
756 349 7 137
508 18 44 208
162 18 37 1315
152 349 7 37
121 18 3 307
993 20 56 824
981 355 1 517
932 100 27 1289
830 355 2 743
747 355 51 290
615 355 26 1384
603 20 45 824
531 100 37 1012
348 100 25 988
329 355 15 996
999 208 10 335
924 46 19 304
890 46 37 651
785 295 16 35
723 155 49 840
693 295 31 867
583 295 1 867
581 155 55 757
417 46 32 735
398 46 15 570
388 208 43 994
375 155 39 1151
357 46 9 317
279 155 19 471
247 46 49 674
159 46 25 1461
9 46 2 1226
990 94 33 37
871 94 38 850
798 8 57 978
682 8 44 203
539 292 2 197
508 8 13 131
499 94 28 1405
316 292 3 1076
265 292 1 986
216 94 25 192
205 292 3 1166
173 94 38 391
103 292 38 1117
75 94 14 37
937 44 44 457
527 44 1 158
424 188 45 27
371 44 43 921
185 188 16 422
152 44 37 1020
971 213 19 389
864 61 27 1087
808 61 50 846
806 213 4 207
744 280 3 1104
741 61 8 1122
518 280 3 94
497 280 13 1029
384 213 50 695
106 61 19 709
54 280 15 1469
42 213 32 34
22 280 38 217
769 369 16 655
531 369 51 473
302 369 49 99
244 369 32 895
213 369 49 1123
193 369 10 99
836 105 55 1499
809 344 2 1339
753 105 15 638
742 105 51 236
729 344 3 118
563 344 49 83
373 105 33 816
194 344 1 417
145 105 56 722
982 368 1 1191
973 368 1 1489
927 310 9 33
909 368 28 806
886 205 15 211
883 310 49 773
876 60 3 1327
858 205 3 423
821 368 33 219
811 60 1 1278
804 205 31 892
797 310 15 1058
795 312 57 1282
789 60 4 1403
728 310 32 698
720 312 19 1377
685 368 3 882
685 205 56 287
365 205 37 1247
357 60 32 876
333 312 19 1208
329 312 19 1113
323 60 7 299
306 60 14 466
273 60 57 1292
212 368 38 219
160 205 14 389
136 60 16 876
124 310 49 27
82 312 50 1362
29 312 39 839
21 312 26 1173
7 205 14 838
974 247 19 1109
907 247 46 1328
887 55 56 68
794 55 26 1401
777 55 19 218
772 55 4 227
729 73 13 1429
705 247 50 421
562 73 9 1447
455 247 31 726
292 73 38 1158
146 73 26 886
925 234 16 1395
865 234 21 773
635 234 39 455
607 234 40 150
501 234 25 1427
10 234 33 1081
996 11 49 1390
954 289 16 335
946 11 37 267
861 374 3 424
822 374 2 964
790 374 15 675
636 399 39 1087
552 374 13 798
535 399 22 1105
528 374 51 401
519 11 15 1327
510 11 39 1434
452 399 7 94
407 289 7 1371
403 374 1 491
378 399 27 522
364 289 15 1078
331 11 1 860
242 289 16 522
217 11 31 477
189 289 1 749
143 289 3 781
18 289 13 666
965 396 19 806
705 396 31 268
633 396 7 977
553 13 32 258
551 13 1 120
300 13 32 1014
238 396 8 230
224 13 9 988
125 396 44 1150
54 13 37 1014
902 259 49 1083
779 259 49 739
587 259 49 1407
585 259 27 1439
489 259 2 6
245 259 37 495
11 259 45 472
974 40 14 640
947 40 13 184
937 153 27 336
896 40 3 1209
745 40 14 1428
726 10 50 134
693 10 55 1316
610 153 31 908
484 40 26 359
467 10 7 267
432 40 14 729
395 40 55 1428
360 10 7 675
277 40 49 44
258 10 13 117
145 10 32 821
134 10 13 341
76 10 25 240
72 153 19 197
63 10 19 182
13 40 32 640
908 269 2 608
879 57 43 1044
708 57 20 517
649 57 26 1189
599 269 1 415
548 57 33 1356
546 57 21 178
479 57 57 191
385 57 19 453
350 57 34 178
294 269 31 1402
188 57 45 517
107 57 20 1148
44 57 2 1288
957 389 19 1123
955 389 50 1175
920 389 34 213
751 389 50 1480
739 190 44 254
617 389 21 522
431 389 45 152
331 190 52 522
185 190 25 1192
27 389 39 1238
941 90 8 221
882 325 9 844
776 325 4 1483
753 370 37 778
732 370 45 10
707 90 19 1166
623 90 45 540
619 325 31 1015
611 370 33 515
604 90 49 687
573 325 10 987
541 90 15 179
350 325 38 844
297 325 10 151
208 370 51 223
193 325 22 478
161 370 58 413
143 370 9 654
65 90 49 637
818 168 15 1095
609 168 31 7
585 168 43 1095
544 168 27 662
491 168 1 58
382 168 16 1459
343 168 16 320
199 168 19 336
153 168 38 726
103 168 4 58
934 179 49 351
859 179 45 78
850 264 8 39
844 264 37 60
841 264 49 548
799 264 1 930
713 264 7 320
712 179 8 98
695 179 55 995
689 264 32 797
624 264 1 874
624 179 25 1253
402 179 3 1374
369 264 56 1371
344 179 20 982
263 179 49 98
135 179 25 488
935 350 55 535
823 350 13 1472
780 251 3 1000
728 350 13 1282
518 251 13 405
509 350 2 939
479 243 43 445
387 251 37 1194
365 350 43 524
327 251 21 48
248 251 49 1171
150 350 37 13
107 251 1 182
59 243 15 1405
937 56 56 1119
830 56 7 480
733 56 15 1353
716 56 37 17
135 56 21 930
2 56 19 75
730 207 21 219
687 207 13 639
640 207 14 484
542 207 8 742
354 207 27 1044
273 207 10 1173
243 207 31 553
49 207 14 847
958 141 55 1382
861 33 9 1125
770 141 2 426
750 141 16 872
736 33 8 805
732 141 16 940
717 141 7 725
693 141 3 1468
481 33 51 809
466 141 7 899
459 141 1 384
446 33 45 1434
245 141 2 148
966 283 39 708
926 283 25 1399
880 163 25 17
802 303 20 1400
686 283 13 731
603 303 38 1401
594 283 19 1020
554 163 37 500
527 283 56 1354
400 303 7 857
356 283 20 577
347 283 38 1143
332 283 31 749
307 303 31 378
235 283 7 38
202 163 19 1354
184 163 45 520
166 303 19 335
113 303 25 492
107 283 8 809
60 163 13 1419
33 163 3 983
900 112 28 1281
875 71 13 829
871 71 25 1348
834 71 55 1448
823 71 55 744
684 43 21 761
560 71 43 1264
537 71 45 917
515 71 2 1142
437 112 3 1193
409 71 1 157
393 71 45 1402
268 43 4 61
245 43 49 41
241 71 8 853
216 112 3 859
161 112 21 972
80 71 2 377
597 99 1 1007
228 99 50 676
831 319 8 645
819 319 43 1362
428 319 13 406
352 319 9 440
255 319 9 273
985 316 37 821
934 238 25 293
880 316 7 1385
840 238 7 825
833 238 33 848
804 238 22 326
746 137 19 534
740 316 2 1294
727 238 31 222
705 137 27 421
702 238 16 1343
691 272 34 1048
661 137 37 719
561 137 19 1468
495 316 37 536
482 238 1 267
481 272 37 269
165 238 13 1398
164 316 8 1308
97 238 34 1491
54 137 31 1026
10 316 1 142
2 238 13 288
991 192 38 937
930 123 13 46
772 192 22 938
682 192 7 408
472 192 55 252
26 123 32 444
960 22 15 334
864 22 7 1403
859 22 9 1144
750 22 26 742
714 22 8 464
428 22 3 1397
322 22 49 1403
278 22 1 368
909 80 4 73
816 80 33 1221
812 80 13 185
795 80 37 1280
303 80 13 101
213 80 33 83
70 80 14 1490
4 80 40 1280
983 353 49 978
917 353 50 1106
733 256 25 1021
691 256 31 435
678 353 22 1061
615 353 1 1051
602 353 27 994
551 256 13 162
547 353 45 547
366 353 26 1327
288 353 56 1415
285 353 49 40
281 256 3 246
156 256 1 40
91 256 27 400
942 351 14 1495
349 351 43 1129
19 351 19 1173
1000 290 13 587
832 36 2 3
800 290 31 807
793 290 13 57
691 36 27 13
569 290 1 943
426 36 31 948
422 290 2 57
250 36 27 924
235 36 58 1162
234 290 37 490
206 290 8 1235
930 149 20 1063
117 149 28 502
115 149 40 308
952 394 31 1247
857 394 13 190
845 394 39 1221
775 281 14 687
753 50 46 1133
701 394 52 1398
693 281 38 1357
655 394 27 1098
647 50 51 180
640 394 27 285
304 50 22 1409
234 394 25 1451
184 281 37 1383
178 50 13 1133
166 50 7 708
164 394 1 1356
141 50 19 846
139 394 31 199
134 50 27 8
82 50 1 446
75 50 57 420
964 249 37 79
917 249 31 436
578 249 22 962
527 249 10 167
407 249 25 607
10 249 26 664
861 333 25 1391
726 333 21 354
605 333 49 965
165 333 3 1377
70 333 33 965
975 225 13 780
893 180 16 494
463 180 37 128
456 180 22 1359
344 225 13 370
169 180 32 878
31 225 32 230
1 225 15 558
976 216 50 502
844 342 44 868
576 342 26 1217
557 216 31 1358
528 342 1 936
520 342 14 1420
466 342 1 216
453 342 20 606
276 216 19 452
240 342 7 553
232 342 38 1214
213 216 52 514
207 342 4 1225
198 216 50 1472
188 342 13 28
157 342 31 1420
62 342 8 920
3 216 1 234
954 277 31 637
941 65 49 269
900 65 25 925
873 35 16 297
848 35 22 1153
824 35 57 66
815 65 4 1223
811 35 37 32
795 277 40 863
744 277 22 1496
697 277 40 999
644 35 15 607
641 65 2 1334
618 35 45 1153
607 277 32 1145
590 277 32 1353
549 277 33 680
529 65 43 202
498 35 9 387
446 65 10 216
274 65 51 1261
235 65 55 460
217 65 9 51
216 35 15 1205
116 65 1 251
83 35 52 294
52 277 38 1433
9 65 40 269
784 270 43 999
670 270 2 390
434 270 31 633
227 270 8 62
120 270 16 98
22 270 27 1318
4 270 22 725
958 221 19 1009
957 221 22 1065
461 221 15 1457
404 221 38 295
193 221 19 483
105 221 21 123
53 221 39 764
17 221 44 102
861 305 28 1454
809 305 14 41
786 305 22 1045
746 305 39 714
598 305 51 253
487 305 34 1132
448 305 10 756
245 305 7 915
71 305 52 954
873 274 13 616
702 274 33 774
651 274 7 457
626 274 34 1282
319 274 46 773
286 274 2 1316
817 260 2 1025
756 260 31 1025
985 332 19 1345
966 332 28 1244
880 332 19 1393
829 267 34 187
743 267 1 967
527 267 39 888
519 267 28 675
510 267 4 30
483 332 16 435
476 267 7 326
459 332 40 435
458 267 20 822
368 267 19 743
281 267 22 8
273 332 39 1091
143 332 15 524
894 242 43 1460
870 178 3 651
834 242 16 657
654 178 2 690
598 178 13 1215
571 178 31 38
528 178 19 1198
512 242 26 726
478 242 21 828
434 178 13 564
424 178 32 1342
309 178 4 733
240 178 10 1139
161 178 55 733
73 178 28 985
54 178 9 858
766 265 16 850
737 265 37 168
719 284 21 952
496 265 38 1111
77 284 9 522
5 265 40 433
553 200 9 803
497 204 10 904
393 204 31 1495
86 204 2 732
79 200 55 489
56 200 13 287
987 233 13 601
962 233 7 117
817 233 26 648
793 233 57 903
563 19 8 431
556 19 25 610
496 233 32 906
465 233 25 903
438 19 31 610
335 233 22 1212
304 233 43 951
128 19 14 381
977 287 21 196
893 148 32 1030
801 148 7 55
773 287 1 549
760 235 1 323
749 287 7 921
601 235 4 1053
479 287 52 107
459 235 34 1062
268 235 49 331
267 148 20 267
258 287 27 609
226 287 13 1360
177 148 25 376
826 298 38 835
741 298 1 254
581 298 46 1453
579 298 25 1239
310 298 16 306
127 298 1 1042
120 298 13 817
80 298 27 658
904 7 26 928
771 380 28 1026
764 7 49 112
753 7 40 1216
726 7 46 565
587 7 43 467
400 380 33 762
367 380 22 1235
212 7 10 396
160 7 44 1342
130 7 13 149
101 7 9 258
1 380 49 410
842 185 35 517
841 246 2 1071
841 185 5 486
762 185 7 517
681 246 9 1230
583 185 10 517
562 185 7 486
561 185 31 517
526 185 5 517
500 185 23 600
448 246 49 635
373 246 13 79
313 185 23 517
260 185 41 517
258 185 49 486
216 246 44 318
138 185 3 486
86 185 20 600
35 185 31 486
12 185 1 486
914 257 25 1208
913 257 1 557
829 257 55 9
665 156 7 219
662 257 22 62
469 257 21 1049
427 257 45 207
419 257 25 15
315 156 49 52
270 257 10 10
254 156 7 52
225 257 39 15
119 156 23 662
266 191 49 1091
84 191 4 471
997 122 1 1223
899 122 19 1046
712 122 17 156
664 122 49 1046
625 122 10 1046
335 122 49 760
266 122 7 452
178 122 20 760
163 122 35 1223
159 122 8 1046
95 122 17 1046
17 122 47 564
986 300 8 637
946 300 21 80
932 206 53 1470
846 82 34 1075
768 300 33 1410
765 206 9 1066
752 206 52 694
751 206 5 1205
710 206 20 1291
691 300 46 1476
675 82 39 1310
570 82 4 793
545 82 10 496
518 300 43 427
434 300 7 683
379 82 2 825
370 82 39 389
360 206 1 1066
270 206 13 694
269 206 10 694
264 82 31 767
143 300 28 512
119 206 59 672
54 300 55 960
995 26 1 83
952 26 55 344
804 26 25 253
792 26 55 865
717 26 3 1
384 26 32 1092
146 26 8 23
65 26 40 406
996 393 31 711
977 174 14 605
949 174 33 1451
947 174 25 849
817 393 22 1340
766 393 32 42
734 174 31 13
716 174 49 492
656 174 55 397
632 174 46 56
443 174 28 873
313 174 10 1264
282 393 7 1305
42 174 27 368
966 367 45 656
931 367 29 539
886 367 20 1150
886 293 53 1174
817 293 29 590
787 293 5 547
713 367 35 539
594 367 43 840
493 293 3 1029
477 293 5 196
475 293 5 102
397 367 35 546
175 293 13 547
56 367 7 450
956 169 21 508
864 306 10 1314
862 181 44 334
812 169 41 143
803 169 31 916
561 169 11 660
472 181 5 991
439 169 11 77
347 181 43 991
307 306 45 1119
263 169 19 660
255 181 7 338
151 181 5 217
102 169 7 866
961 114 19 786
911 364 5 176
863 114 27 1365
815 364 7 153
814 364 41 1099
732 364 7 1486
626 291 37 183
558 291 28 1320
543 291 50 955
519 114 44 347
472 114 11 880
417 114 52 789
256 364 35 1466
198 364 13 1212
165 364 53 196
134 114 41 1365
108 291 7 169
45 114 2 1354
968 183 26 246
929 183 27 983
519 183 25 1396
301 183 43 1123
298 183 39 1162
208 183 13 20
79 183 1 901
987 4 31 999
969 159 8 65
967 49 56 1302
962 49 13 665
958 159 16 610
931 159 51 1053
926 45 15 257
883 159 1 43
865 159 13 1309
853 159 20 645
813 77 7 945
733 66 33 311
679 66 4 1099
675 77 35 297
671 159 44 1297
665 4 1 1127
660 77 29 377
631 106 49 1246
595 171 9 834
559 159 9 1402
551 171 10 586
532 77 3 945
531 66 16 310
488 45 49 812
484 159 1 984
440 77 11 1059
430 49 15 599
288 45 41 1405
248 66 22 619
229 49 16 149
176 159 3 610
175 66 7 774
131 4 1 468
128 106 53 724
127 106 5 1056
118 159 9 403
91 171 25 834
87 4 37 819
73 66 22 622
66 106 47 407
12 106 34 49
971 24 39 1272
814 24 13 1269
790 24 22 661
513 24 1 1121
493 24 28 1235
345 24 26 1235
308 24 13 1121
154 24 17 1272
55 24 31 1313
969 151 43 367
934 366 13 352
897 366 9 726
845 151 15 901
826 366 49 238
749 151 13 1366
743 278 4 725
718 151 15 1331
671 366 3 848
639 151 33 941
540 151 52 1311
443 151 14 302
429 366 15 471
375 151 13 932
365 278 1 331
295 366 11 1077
267 278 14 689
262 366 4 238
233 151 27 961
223 366 39 1077
104 366 29 568
61 151 3 688
51 151 44 1229
787 164 56 1450
781 164 3 1470
721 164 28 780
651 164 55 113
632 164 22 1146
343 164 13 63
888 167 1 150
865 167 9 1044
749 6 58 1422
696 167 7 1193
616 255 19 620
614 6 34 375
600 255 7 439
529 6 41 1328
523 255 21 695
460 167 7 1365
401 167 2 1250
252 255 11 845
225 6 13 123
214 167 57 1193
142 255 10 1104
112 255 14 84
45 167 10 650
40 255 20 832
20 6 13 375
9 255 47 411
959 121 25 225
956 118 15 856
950 102 13 1467
933 121 7 473
860 347 11 1083
836 121 1 1430
659 118 58 907
627 121 5 1386
621 121 19 784
608 118 1 1111
604 102 28 303
543 102 16 109
532 102 46 1253
507 121 38 1430
408 347 8 668
372 102 28 120
352 347 17 1275
223 102 32 108
221 347 19 309
129 102 7 386
110 118 50 13
41 118 3 862
917 182 34 1493
898 182 15 794
828 182 7 987
456 182 49 207
413 182 50 930
53 182 57 281
939 334 7 194
923 263 7 89
885 263 4 370
754 334 20 74
661 334 10 303
408 334 28 226
358 263 5 556
280 263 5 326
85 334 34 122
57 263 17 1007
932 23 7 694
882 346 51 742
796 23 19 496
624 198 17 765
616 198 8 770
466 23 10 772
417 198 5 770
281 23 15 873
224 198 2 170
212 23 3 723
147 23 28 1418
46 198 31 886
5 23 4 316
916 375 19 451
894 375 1 289
888 400 40 506
834 400 32 805
656 400 32 1009
649 375 8 906
606 375 4 508
529 400 7 1463
511 375 2 270
487 375 10 262
381 324 43 1159
321 375 16 1279
301 324 22 1134
284 324 5 110
234 400 28 395
228 324 10 1367
212 400 45 1452
181 324 27 1159
175 324 32 669
157 375 16 761
125 324 3 909
79 400 39 348
23 400 55 395
4 375 7 1494
929 59 57 227
926 314 9 1011
897 75 7 1398
894 59 13 1028
825 75 1 1245
766 59 55 741
698 59 32 1256
631 314 56 61
581 75 13 609
557 314 4 1031
529 59 10 190
413 75 26 890
387 59 4 432
304 314 9 1067
274 314 13 823
190 59 43 190
51 59 19 539
3 59 13 412
935 9 41 236
817 96 47 1214
809 96 7 769
780 9 13 643
724 9 49 290
434 9 25 1165
395 9 5 1433
263 96 8 1343
213 9 2 554
158 9 52 1383
152 96 29 1378
87 96 35 141
34 9 25 1311
1 96 1 1343
793 245 4 650
443 245 25 1347
427 245 43 735
363 245 52 755
357 245 41 567
200 245 5 567
957 228 15 390
943 228 13 16
745 228 19 1040
415 228 55 907
367 228 9 587
321 228 43 622
175 228 10 248
21 228 1 1363
824 345 4 381
567 345 31 791
367 345 25 952
332 345 3 1346
306 345 25 451
264 345 19 765
179 345 32 788
922 201 35 719
883 116 43 1310
827 201 2 927
811 116 4 1351
514 211 26 533
411 211 19 693
408 116 32 1429
18 116 7 837
990 104 37 1386
866 30 4 527
812 104 25 410
771 30 13 307
723 104 5 1323
722 30 52 376
621 104 1 866
606 104 23 342
309 104 11 1218
262 104 31 71
256 30 57 598
245 104 11 618
174 104 49 1167
156 104 4 342
126 104 1 540
6 30 7 1364
927 91 27 464
857 91 19 1242
736 321 31 1100
702 91 13 1229
649 321 22 1160
523 285 49 16
502 321 25 551
484 91 13 1249
445 91 26 141
426 91 1 1469
312 321 37 97
126 285 8 591
855 202 14 234
837 286 26 940
829 202 13 626
638 202 5 698
635 202 5 140
561 286 1 842
545 286 31 648
374 286 20 183
270 286 57 1034
264 286 22 842
231 202 31 1050
220 202 25 957
147 202 43 931
140 286 44 613
68 202 4 1089
32 286 16 497
895 330 23 612
815 138 55 1389
739 315 37 447
622 330 19 370
580 330 13 1388
577 41 15 539
529 330 16 528
515 41 16 483
480 138 39 919
431 138 20 647
399 138 25 111
394 138 1 399
393 315 13 545
384 315 22 940
329 315 1 1271
314 138 2 896
174 41 37 1459
172 315 16 1149
95 330 50 797
907 134 7 1420
604 134 39 1031
568 189 43 57
469 189 31 1230
306 189 3 700
287 134 10 619
270 134 4 356
162 134 26 47
69 189 52 1484
966 98 2 189
944 98 29 332
932 14 5 1272
915 98 49 1029
908 14 19 584
829 98 21 904
810 98 22 1347
734 98 27 171
712 14 20 317
670 98 5 904
666 98 47 778
564 262 17 1303
505 98 7 924
448 262 21 215
428 340 7 1337
354 340 19 1060
302 340 17 1454
297 14 13 651
110 98 16 147
61 98 1 67
665 140 25 754
565 166 41 1082
430 140 35 1125
323 166 55 1082
107 140 53 1259
28 166 14 552
976 227 1 858
970 227 25 1035
938 227 19 1161
884 227 2 1396
405 227 31 1048
362 227 45 1035
256 227 15 1396
123 227 44 1295
51 227 41 155
45 227 4 1456
562 162 16 1498
528 162 9 169
527 162 43 1453
495 162 46 977
287 162 7 87
252 162 15 159
970 157 1 1455
893 157 11 1246
829 157 4 1461
759 323 19 933
680 323 38 1486
353 323 43 1064
338 157 7 528
324 157 13 1461
287 323 57 1156
196 323 41 1032
42 323 37 1471
20 157 1 1008
687 85 27 596
629 85 17 596
603 85 8 503
329 85 58 1322
225 85 37 908
219 85 22 543
101 85 35 654
39 85 3 503
663 12 16 355
106 12 23 1195
927 88 22 321
913 88 23 424
843 62 19 1396
739 29 23 1273
737 29 43 669
719 142 13 1221
680 142 26 1498
654 62 33 60
636 88 3 54
568 29 41 114
564 62 43 894
430 88 13 469
407 62 5 1108
378 142 5 533
354 142 25 1491
297 142 5 591
265 62 14 1283
259 29 59 616
200 142 23 274
188 142 20 787
183 62 27 74
108 62 5 60
107 29 5 470
106 62 13 95
89 88 14 690
86 142 7 674
85 88 17 485
9 142 13 1262
938 17 34 665
814 17 35 231
333 17 2 1253
245 17 5 976
204 17 4 1286
79 17 22 589
26 17 21 884
689 126 37 927
303 126 21 308
724 275 46 1431
391 275 51 196
232 275 55 1411
225 275 10 740
43 275 22 165
954 331 2 296
888 331 23 472
79 331 37 311
973 365 57 259
718 365 22 826
629 365 46 403
376 365 5 909
300 365 10 1025
971 336 47 1220
867 229 8 69
715 336 7 1051
707 336 29 931
643 336 52 181
606 229 32 618
603 229 19 1251
587 336 46 1247
404 229 23 604
370 229 53 1273
331 336 5 914
284 336 22 1220
258 229 17 69
193 229 7 81
180 229 13 1499
164 229 31 381
147 336 4 1439
105 336 19 1038
15 229 19 1243
863 218 7 795
603 218 15 1484
224 218 25 1484
33 218 11 649
726 146 17 1017
426 146 38 612
385 146 47 1374
221 146 13 1
999 161 28 623
958 161 31 504
911 161 3 965
783 161 29 1487
627 161 47 1077
405 161 7 1478
113 161 13 462
943 81 46 1423
925 261 13 311
823 111 17 889
552 81 59 729
545 111 49 882
462 81 55 1338
387 261 1 1336
375 261 37 877
358 21 13 879
328 21 5 905
316 261 40 715
292 111 13 844
287 111 43 1348
218 111 5 620
217 261 35 919
174 21 20 238
126 111 25 193
83 111 47 227
31 261 11 789
919 337 45 1309
742 337 4 1379
722 337 5 1449
672 337 7 1186
501 337 7 592
440 337 7 476
81 337 28 883
64 337 11 1202
51 337 25 478
985 119 11 1112
984 119 19 5
930 145 35 279
772 145 2 450
678 145 20 450
534 119 1 354
449 119 40 368
425 119 44 420
296 145 40 1287
220 145 41 930
44 145 13 39
843 236 37 21
500 236 19 282
375 236 23 116
302 236 15 424
31 236 16 1184
990 39 40 372
901 223 13 34
895 223 41 592
856 223 2 894
773 223 43 509
701 39 19 90
627 223 49 809
521 223 2 463
518 223 17 719
514 223 8 943
311 223 32 347
233 39 52 903
215 223 17 34
202 39 4 499
812 109 56 21
734 109 41 831
666 109 13 1263
539 115 50 890
539 109 28 1369
513 109 35 286
491 115 9 966
364 109 11 1270
182 109 7 715
142 115 41 1338
989 128 19 367
871 372 1 305
773 372 23 212
668 128 23 363
661 373 5 836
651 128 3 506
640 373 25 1352
586 128 57 1133
176 372 11 1461
18 373 1 1205
3 372 4 173
768 84 38 750
266 84 52 159
139 84 40 158
960 383 25 98
883 383 16 1288
750 113 23 450
676 383 29 1349
516 383 52 966
478 113 3 728
477 383 56 148
472 383 31 73
435 113 1 1010
349 383 37 684
302 383 11 322
204 113 28 98
617 212 55 451
570 212 13 1013
474 212 37 230
169 212 4 1197
983 339 14 913
804 339 35 627
429 339 43 806
352 339 7 1028
176 339 1 977
981 52 55 849
950 52 41 769
937 52 31 1055
516 52 19 524
503 52 37 658
451 52 5 922
404 52 5 1119
285 52 53 5
263 52 11 213
192 52 1 489
142 52 33 641
109 52 19 790
943 120 20 1147
621 120 3 226
276 27 1 340
237 120 26 223
217 120 1 204
127 120 10 180
533 343 11 442
483 343 41 966
202 343 55 1272
733 301 37 403
305 301 5 687
268 301 14 372
120 301 11 905
67 301 28 192
865 248 45 978
639 258 17 253
609 258 49 1100
418 258 59 1437
397 258 23 1338
340 258 49 131
334 258 13 257
13 248 17 190
827 101 11 474
791 101 1 88
742 101 19 948
540 356 23 721
312 356 10 783
253 101 1 1156
22 356 25 418
5 356 11 293
930 294 11 1111
899 250 13 208
576 250 11 210
544 294 7 676
397 250 1 1182
349 294 5 1398
199 250 7 204
184 250 28 580
135 294 32 568
115 294 25 176
102 294 59 1276
974 348 25 1337
898 209 7 247
837 209 53 276
799 209 11 992
692 348 58 714
589 209 23 474
581 348 7 382
413 348 5 1436
330 348 50 1376
227 348 2 802
183 348 59 760
151 209 41 533
130 348 43 1325
55 348 7 442
13 348 19 1286
916 276 5 597
756 47 13 251
618 276 7 1374
545 276 5 892
534 47 47 942
495 276 40 1013
491 276 35 1400
442 276 23 601
421 276 43 226
222 276 40 767
188 276 11 693
169 47 11 390
869 271 7 1062
630 271 34 1441
448 271 23 428
434 271 1 653
356 271 17 200
109 271 1 876
14 271 13 428
890 125 22 260
779 125 29 894
655 125 11 82
611 125 7 1387
579 125 5 103
447 125 31 634
228 125 19 1386
90 125 7 1380
665 386 5 732
621 386 7 736
552 386 7 56
434 386 41 1174
370 386 35 1497
872 5 1 1400
835 93 7 1439
764 93 20 1366
727 5 34 1348
599 93 9 681
384 93 4 80
305 93 29 134
151 5 11 1103
902 97 39 806
724 97 19 1398
598 97 16 1298
146 97 13 318
143 97 13 1411
870 177 55 201
845 177 5 411
727 177 10 1476
511 177 23 564
996 154 43 113
988 154 27 1333
970 154 3 1295
816 327 31 1189
687 327 16 905
620 327 13 1032
599 154 34 1126
468 327 29 1375
359 327 49 1107
107 154 17 568
960 68 8 640
805 68 29 386
675 165 37 221
633 318 49 641
515 165 22 1144
418 318 1 137
399 318 23 1399
366 165 13 104
214 165 4 855
178 165 11 121
94 318 20 1359
47 68 1 253
19 318 4 203
989 362 38 275
943 362 29 1238
575 362 17 1348
558 362 5 138
498 362 1 104
440 362 49 1234
414 362 39 848
70 362 31 1476
958 42 23 12
781 103 41 1360
766 103 39 559
701 103 49 901
683 42 28 1133
636 42 25 690
611 78 31 1421
576 103 29 1290
513 78 8 347
257 78 7 294
71 78 7 1421
52 78 35 983
608 173 23 358
485 173 11 546
356 173 49 1009
275 173 17 777
201 173 11 453
878 384 8 1034
790 384 43 603
81 384 1 1143
877 398 50 23
871 398 5 982
808 398 56 582
561 398 5 1429
524 398 23 869
965 338 37 223
910 338 37 327
777 338 13 1095
378 338 1 772
282 338 4 1399
880 76 10 473
441 76 25 1007
433 76 11 1081
223 76 5 39
996 108 13 1012
880 108 49 582
509 108 11 184
492 108 26 740
80 108 25 1446
910 92 13 1318
599 92 11 768
487 92 32 985
398 92 28 1220
202 92 22 1445
18 92 17 1064
619 214 13 53
244 214 2 1153
242 214 53 162
229 214 59 1375
993 158 35 214
830 158 51 745
673 158 23 950
244 158 38 434
132 158 13 743
386 26 10 885
538 48 25 1169
382 294 35 117
288 77 43 897
391 202 17 140
400 383 47 666
376 73 32 1123
96 326 44 1102
882 169 7 1425
510 235 1 1062
130 337 25 392
429 177 5 473
405 225 37 851
585 111 51 368
287 348 39 867
145 138 9 1293
543 9 19 262
57 80 26 323
866 133 31 511
812 313 44 60
520 14 23 1089
429 367 7 1438
325 325 1 1284
205 6 1 1422
33 65 50 629
706 127 50 762
191 189 3 588
268 292 9 462
32 116 8 998
265 179 27 1296
87 391 7 1006
869 181 9 484
78 264 57 370
209 22 33 607
452 291 22 331
840 273 43 478
991 24 2 661
290 74 55 861
607 346 56 1495
542 142 19 1498
470 106 22 878
176 229 23 1035
138 340 16 1337
687 328 7 778
427 63 37 1152
925 255 43 820
546 150 49 4
416 386 23 162
638 140 38 1125
186 359 49 549
872 165 4 1450
202 263 1 689
597 307 45 753
93 252 19 287
537 261 21 162
924 383 1 199
825 29 27 1118
591 319 51 238
336 121 1 1307
864 241 20 1204
738 185 5 600
939 297 43 1191
417 74 13 579
842 37 21 1038
598 108 29 510
378 336 31 922
103 118 7 1081
351 258 33 704
211 35 37 667
127 182 31 187
765 267 25 632
167 12 3 53
813 257 15 875
897 202 27 217
422 275 43 1290
766 165 25 466
17 237 7 574
503 150 7 4
575 6 20 1072
189 400 27 183
745 311 1 1087
661 132 1 910
610 329 7 319
382 281 13 663
522 156 19 219
535 237 7 1148
91 224 1 100
205 154 43 1488
680 119 17 168
507 75 16 350
215 394 9 674
683 139 19 997
602 215 19 866
956 247 44 1109
193 149 13 1350
549 57 40 823
242 233 19 771
700 160 31 419
685 290 14 3
219 215 32 866
901 174 4 211
590 264 21 422
134 249 37 1375
637 324 49 284
908 380 25 808
123 345 37 491
471 5 35 1256
597 61 13 1218
379 220 20 1246
174 62 9 441
892 370 26 230
620 308 15 1464
321 300 39 84
448 148 7 487
411 91 49 540
296 398 23 1471
281 4 32 1374
640 250 20 950
445 392 1 1022
294 362 1 1000
723 398 23 364
449 318 19 325
742 97 17 268
19 59 49 427
567 130 50 898
962 255 29 826
109 316 43 1311
981 346 37 65
648 346 4 589
674 346 10 1388
127 290 49 587
116 256 7 172
609 39 1 767
111 346 25 137
129 121 3 784
380 226 7 139
735 285 27 68
567 324 39 897
605 307 37 489
192 334 3 1006
913 299 19 908
576 109 13 571
852 160 13 387
77 97 31 31
615 386 5 552
74 5 37 773
346 299 43 388
968 253 7 555
855 327 31 56
552 182 20 315
66 85 10 1224
725 308 43 498
326 85 1 227
34 218 2 779
96 177 19 1163
610 157 23 51
939 58 55 915
84 259 25 357
98 122 7 1223
24 232 7 373
663 131 1 786
22 172 3 1274
450 262 5 675
410 89 31 185
415 68 19 1458
293 195 7 193
56 292 25 948
250 175 32 402
488 389 43 1017
537 347 4 1083
167 319 37 745
199 230 13 309
688 96 16 1214
35 187 26 615
908 263 38 349
144 35 7 231
702 251 44 1363
467 247 4 966
383 251 3 24
792 315 15 930
632 192 2 252
261 7 13 885
773 305 7 76
433 199 37 163
242 139 32 1357
92 117 55 165
117 239 43 859
169 225 14 230
380 305 37 1363
978 248 13 758
702 44 55 55
2 389 9 1078
482 99 25 1181
282 392 43 1114
597 310 25 367
714 57 26 1385
203 385 32 732
919 385 49 45
632 289 37 1371
619 92 26 9
557 184 55 387
912 242 8 1347
256 34 43 1260
586 142 37 637
365 11 32 379
326 159 3 1372
412 320 26 1466
468 134 31 1372
604 262 31 796
929 172 8 1274
948 222 1 90
119 108 28 837
486 62 1 1279
356 11 13 267
467 11 26 1495
969 331 23 317
946 169 13 642
430 356 29 138
488 357 55 1321
478 329 25 319
128 176 7 18
34 245 4 576
415 131 7 852
761 387 14 266
645 156 25 662
163 299 19 292
212 106 8 1056
105 256 13 398
45 20 38 538
970 177 10 1034
368 298 4 1230
813 90 19 1389
572 185 10 600
644 303 56 857
148 216 20 514
48 298 15 1226
367 65 40 1026
601 44 19 967
500 229 59 381
469 114 14 741
2 135 31 180
757 274 1 278
993 74 50 328
935 137 1 893
257 358 55 822
740 294 11 977
300 326 19 148
265 244 55 908
270 265 19 1170
372 146 1 975
895 245 31 678
168 284 9 1177
601 277 15 680
709 281 16 663
346 118 19 1104
860 379 7 697
134 76 1 1128
133 124 32 1103
641 240 55 779
713 53 1 818
962 51 37 1044
1000 136 55 657
499 56 22 1424
451 349 21 89
687 6 29 991
982 281 4 172
881 225 13 726
350 259 26 1147
587 171 5 942
878 345 28 90
904 118 1 1037
81 68 16 1416
971 341 25 1374
448 155 13 356
260 118 28 9
501 81 11 729
286 301 8 396
626 33 19 36
610 243 43 1465
822 141 57 940
63 43 44 177
612 174 7 892
822 21 51 125
333 215 55 169
507 373 23 699
275 85 25 200
571 62 37 522
532 48 37 1169
436 325 7 508
361 150 13 525
858 362 1 250
432 280 57 705
338 357 45 249
831 256 50 671
551 99 19 852
942 380 27 562
156 23 26 805
28 357 57 563
833 108 1 571
729 171 17 572
834 216 1 155
647 104 23 410
354 151 7 388
648 59 37 77
564 354 13 667
747 254 43 1315
117 2 19 346
816 27 5 182
969 392 19 1312
316 6 29 1230
350 223 19 695
625 232 25 373
120 187 19 286
9 167 31 752
431 395 7 222
668 202 17 1447
483 214 1 1441
159 129 55 1096
535 69 55 430
347 378 56 465
123 81 31 666
249 112 38 992
600 384 49 564
389 198 5 442
488 132 7 413
885 185 17 600
68 16 28 1412
711 350 21 444
453 298 1 1239
214 365 2 125
267 72 26 66
783 250 7 349
574 218 20 35
555 327 16 1342
881 345 19 491
412 327 7 235
290 392 1 798
892 398 17 1431
838 94 25 57
199 226 55 536
828 125 5 1202
14 232 32 1238
969 106 11 124
387 111 49 484
409 295 13 87
182 232 13 1155
674 23 7 1427
854 168 13 1458
244 392 26 1022
342 10 44 79
714 281 38 320
154 208 25 649
68 375 37 1013
177 19 9 406
216 127 7 727
195 64 25 1040
633 333 27 1064
425 135 32 1200
868 199 13 163
585 117 13 970
455 229 1 1044
116 175 55 1001
956 312 49 411
974 42 40 1359
924 195 55 315
842 114 16 1023
6 55 9 68
828 351 15 990
911 398 13 401
839 182 43 819
358 226 37 1389
674 397 37 913
931 168 40 1286
237 369 21 118
546 72 14 32
187 229 11 225
367 104 5 618
329 161 13 1125
351 89 2 301
404 211 56 1336
827 315 49 652
580 46 55 1157
578 207 2 937
828 262 13 1361
904 138 4 821
567 123 55 102
658 287 57 1359
667 247 21 1034
595 375 37 1494
206 91 31 745
663 227 13 388
640 239 49 11
325 156 4 662
502 351 43 930
64 367 1 840
738 307 26 474
943 12 32 1250
684 307 46 489
92 246 21 115
897 261 29 729
684 30 31 1148
769 139 7 126
186 397 13 91
506 302 9 1446
650 98 33 1223
547 368 4 1489
25 165 37 1196
735 360 13 1222
931 209 7 581
774 119 7 404
880 104 31 1386
722 84 19 843
261 380 46 755
835 182 34 1495
446 134 25 120
279 80 33 101
89 156 7 662
662 43 55 734
770 207 22 1173
377 124 19 330
998 158 37 1200
474 364 31 530
699 101 7 272
854 333 16 226
603 180 51 198
381 356 5 145
466 303 26 618
509 105 37 19
478 85 31 1141
459 398 19 945
108 173 45 1234
322 211 44 485
750 188 2 731
94 305 1 1416
770 281 40 1012
988 344 19 1016
859 301 5 851
118 226 25 1398
34 153 8 197
867 330 29 1159
141 282 14 340
906 368 7 170
763 399 4 59
650 363 1 1152
231 391 39 545
931 72 20 32
611 212 17 813
920 20 22 824
787 46 43 1498
348 166 10 1459
921 364 11 530
750 106 9 724
105 272 9 887
853 384 1 409
347 393 10 103
608 154 25 154
875 184 2 45
953 38 15 677
299 194 50 616
44 343 5 912
533 200 25 757
556 113 1 1061
171 369 37 521
129 194 33 1104
197 276 1 470
408 290 56 1004
963 208 45 1151
499 396 33 687
108 274 34 1142
301 213 26 692
787 252 31 1004
159 281 10 1089
822 156 13 662
51 385 13 1170
662 150 43 4
76 349 21 1290
275 352 38 751
844 98 13 169
390 60 25 1267
451 221 44 316
226 280 33 1138
542 10 2 1404
85 145 29 282
508 29 5 2
72 371 31 766
423 188 9 348
121 134 15 653
83 113 4 323
148 148 38 61
456 240 14 1196
910 389 1 1287
232 297 31 1422
131 123 46 1499
700 379 43 697
955 364 35 196
248 369 19 981
209 324 9 533
703 291 44 169
170 153 55 778
439 53 25 1328
420 281 46 1337
618 368 19 1212
663 136 37 1132
556 194 3 329
697 281 37 172
42 55 8 269
777 266 27 1262
204 60 43 332
711 400 31 590
417 80 2 956
342 203 1 452
503 173 49 605
851 36 4 1407
676 80 22 83
916 156 41 662
572 292 13 197
276 189 9 572
487 214 19 217
573 69 31 1118
677 271 37 1274
244 229 4 891
708 91 10 364
130 372 17 351
965 105 49 106
471 320 9 1418
37 252 26 25
3 308 37 1156
294 381 7 1407
40 85 23 526
566 83 39 251
913 209 13 615
797 9 29 1197
710 249 25 934
668 48 7 1101
556 246 9 1424
539 269 37 790
18 329 37 319
132 122 22 452
236 92 17 698
374 17 7 292
73 387 49 1303
330 201 7 325
507 21 1 905
10 245 7 1212
144 74 44 579
552 291 23 561
326 388 7 71
619 213 55 883
487 396 14 1304
55 169 14 916
602 337 17 902
294 229 29 1279
173 187 1 808
483 238 7 1181
638 261 53 658
27 270 22 1000
499 341 49 31
551 296 31 89
40 124 49 1366
877 340 21 877
555 248 25 116
757 82 56 825
585 78 31 542
657 105 1 684
962 354 1 1085
935 111 22 954
150 75 49 1485
708 141 7 516
260 353 55 881
718 311 43 348
679 358 38 1489
303 301 29 823
361 86 26 1343
669 294 1 214
243 99 55 372
642 256 49 458
731 354 25 917
690 353 25 439
613 246 28 1442
94 338 4 819
770 389 44 619
76 217 31 1346
779 245 5 135
848 97 10 342
367 96 44 1378
490 318 35 503
428 220 37 904
768 167 17 891
355 85 35 1443
268 45 27 365
181 358 37 746
612 166 5 560
603 343 1 1170
448 232 3 977
589 70 1 9
60 189 44 357
784 199 19 971
220 292 27 1216
552 288 34 118
929 14 19 651
792 77 13 377
801 5 10 1381
487 290 2 938
32 156 5 818
999 237 31 883
3 70 7 371
121 107 7 449
941 386 13 56
978 245 27 839
585 218 1 718
513 21 22 1119
371 358 19 1167
539 175 31 710
550 360 38 1497
541 112 25 730
28 151 31 1267
633 231 13 699
396 277 52 324
975 195 19 393
823 310 31 388
605 364 10 1115
969 186 37 812
452 47 39 659
576 240 15 635
862 131 14 1349
125 228 51 819
11 217 51 1345
808 65 7 1154
599 204 15 1073
952 129 44 767
550 152 2 711
536 71 55 1394
676 363 10 982
936 274 50 205
994 141 7 293
788 81 4 674
438 390 3 626
785 140 13 1157
261 99 37 101
808 318 14 1050
195 190 7 345
142 14 22 339
573 234 50 1062
209 290 19 587
554 329 31 319
349 188 25 789
902 388 13 574
239 40 7 122
920 9 13 106
233 253 10 555
464 193 14 760
700 369 4 895
431 161 4 63
779 304 26 1237
204 47 17 526
279 8 43 491
707 289 26 160
259 17 4 948
625 230 13 1421
728 34 51 688
669 117 19 1191
987 362 37 472
738 276 14 1097
52 286 43 210
640 397 45 1262
915 326 8 131
710 154 22 568
386 15 49 939
434 102 10 567
474 207 3 1447
435 97 17 1417
910 129 31 353
846 183 46 1187
758 280 7 628
136 384 28 1361
903 274 8 70
725 262 31 1213
753 57 33 1288
693 236 41 647
756 302 15 1462
750 391 32 1302
75 26 7 6
583 90 20 1086
595 139 57 130
353 42 17 670
854 260 55 1342
455 169 43 143
786 345 1 765
833 272 3 1234
939 213 31 1308
537 396 25 532
553 38 43 778
49 277 44 1031
89 169 11 721
284 362 31 463
173 225 49 544
37 354 1 69
622 326 49 174
363 187 55 477
208 140 5 297
820 283 1 1421
428 57 31 995
483 122 31 1223
309 355 31 496
91 35 13 600
629 112 7 1217
631 225 43 977
907 46 37 577
214 277 27 637
959 291 7 1320
905 272 20 995
787 357 13 804
896 12 1 527
373 351 3 617
109 303 39 1353
520 184 25 1226
50 46 7 330
622 86 1 657
144 362 16 1140
819 235 16 382
316 23 25 1379
241 166 19 859
997 309 7 1317
619 386 7 460
196 201 23 325
336 189 13 514
848 29 7 253
255 162 43 429
594 314 26 218
789 62 28 1355
660 375 37 1312
53 299 1 563
614 204 1 996
249 309 43 490
264 166 28 1453
116 63 43 1367
606 134 1 1260
667 64 13 899
411 329 43 1120
285 275 1 119
303 340 19 604
978 302 31 383
622 153 25 342
995 149 44 988
612 258 27 709
676 367 44 428
158 337 49 987
535 353 39 59
31 70 55 945
991 327 47 452
559 169 28 660
68 272 19 269
50 373 13 450
934 32 43 396
993 102 25 1230
634 327 1 1389
702 210 37 189
293 388 13 71
782 198 35 225
224 154 31 476
316 134 10 1297
15 138 32 1489
512 153 49 466
409 221 7 1264
472 205 44 982
632 320 8 80
607 47 5 354
340 263 5 691
380 69 25 107
510 56 34 849
47 230 13 248
65 95 43 1101
954 180 20 1256
778 220 1 561
283 289 31 160
486 258 3 1481
565 126 9 1164
779 124 1 44
359 293 10 1174
956 234 31 1427
985 126 22 965
29 332 7 1244
157 87 44 184
704 150 19 4
877 380 44 433
210 397 55 739
73 158 1 1415
32 224 25 594
140 369 3 606
568 175 1 194
310 264 43 548
492 57 1 1045
913 180 15 493
938 244 7 115
648 64 49 1331
229 153 25 70
272 70 8 967
362 128 11 376
3 12 33 148
281 151 25 901
772 132 7 324
139 231 7 1483
917 263 37 263
380 381 13 189
723 92 40 481
794 217 43 1433
135 318 7 283
571 154 16 249
211 273 49 103
637 46 3 923
482 148 16 692
670 312 50 748
682 237 49 285
815 32 19 1416
246 37 7 670
583 334 49 892
94 132 50 857
253 242 7 1049
596 183 7 289
531 118 56 1189
659 198 7 400
923 17 19 386
192 368 32 1426
700 220 37 1000
475 11 31 321
221 232 56 1155
933 7 32 885
736 127 37 967
269 80 7 355
451 297 25 1183
39 168 37 301
69 268 33 668
258 130 37 413
814 88 28 1337
682 332 10 153
312 61 1 1281
928 198 21 1280
457 79 37 1028
763 349 19 868
347 113 13 98
564 30 19 1349
891 315 1 819
446 265 2 800
819 260 13 1368
112 94 52 850
42 294 19 62
517 381 1 916
747 197 39 70
638 355 1 139
601 201 35 769
43 45 43 1405
939 46 38 1008
846 48 7 593
555 222 37 761
911 94 19 391
677 55 46 139
868 289 1 922
45 104 35 1218
847 256 27 162
479 249 10 969
650 298 27 529
189 152 21 1022
955 65 46 1113
677 110 13 978
988 251 14 756
987 16 7 1200
834 255 4 832
309 267 13 807
406 220 15 486
711 199 1 1248
290 355 19 438
108 220 19 1164
238 231 3 1039
308 123 10 1163
583 62 4 716
241 79 57 82
393 333 50 860
453 392 13 1179
616 304 10 615
312 152 20 1002
692 250 1 719
128 179 1 921
604 74 9 417
129 110 13 42
553 138 13 730
410 234 21 677
766 53 8 402
485 250 1 946
823 210 26 199
964 317 7 1070
617 311 43 534
547 223 7 863
272 144 26 202
874 13 37 1340
865 132 1 542
28 56 34 950
661 189 20 277
405 33 55 975
203 50 43 1141
582 328 25 638
790 69 31 1028
137 158 5 1342
23 376 31 1281
182 249 55 1375
934 152 56 1297
813 172 10 1317
422 11 37 686
198 19 10 45
235 12 13 1462
760 90 55 173
785 50 33 676
676 223 8 113
523 158 46 925
547 116 2 1310
481 128 5 20
720 368 37 426
182 139 39 201
232 171 17 1120
767 345 7 66
879 301 51 396
51 71 7 434
321 183 31 962
753 161 13 1326
915 277 14 1346
99 58 1 1311
57 105 31 365
393 269 7 377
434 179 43 1472
373 147 26 1091
945 395 37 1060
140 13 25 999
316 180 50 395
756 282 37 265
244 138 14 1197
260 104 25 1240
183 92 13 627
210 188 13 789
178 101 17 143
835 62 39 1336
74 151 19 349
709 41 25 1420
136 363 7 911
996 57 56 679
479 108 35 478
438 355 7 1083
418 156 5 219
310 201 11 1441
554 8 49 1395
434 245 34 1427
741 346 57 1121
74 17 34 357
682 285 13 864
285 87 7 894
898 96 47 209
118 212 23 1174
773 393 4 604
867 93 25 420
990 263 13 1292
843 64 43 1387
845 260 27 1366
133 93 11 968
185 370 21 825
528 226 13 200
717 142 31 1491
520 273 55 636
688 351 39 126
452 328 1 152
397 116 52 10
444 302 15 1119
808 351 43 623
873 188 49 422
791 220 3 1308
802 282 1 287
298 166 4 268
194 294 19 631
436 400 31 934
775 9 4 710
640 355 8 1391
179 211 49 1364
846 283 3 1020
354 135 37 816
375 41 26 1155
926 330 46 588
109 145 5 1018
136 362 10 1276
753 170 27 1342
424 87 14 177
686 395 2 237
651 16 10 1414
155 166 7 743
364 271 49 372
620 127 19 506
618 33 13 233
283 146 34 1
277 77 7 138
279 373 11 266
588 128 28 721
286 210 49 1027
857 388 22 1488
605 56 16 197
838 347 10 494
858 316 25 1308
456 224 31 437
273 115 19 290
105 7 1 308
61 119 28 210
476 370 4 1340
800 172 4 222
352 21 15 1118
152 346 26 1115
789 180 25 391
334 383 1 175
113 347 29 172
700 26 16 1375
732 365 9 1208
168 334 55 562
84 247 20 1229
20 14 50 1338
249 50 52 1015
786 361 13 1276
629 59 49 710
826 396 43 158
358 312 1 687
742 51 7 1060
203 249 1 708
36 382 19 239
856 377 7 1211
69 314 25 1330
971 160 14 1455
539 355 14 376
910 226 20 1370
669 334 33 577
374 279 1 115
21 118 22 787
642 136 22 1232
687 44 55 92
896 226 32 733
261 309 49 1317
576 184 2 934
584 254 37 482
170 13 31 1240
103 319 31 1152
802 75 35 932
797 35 1 369
989 116 47 536
309 303 21 147
39 169 5 916
543 155 21 516
832 327 15 649
913 126 25 1164
463 179 13 1144
158 335 31 1479
974 107 55 134
588 292 15 631
365 217 15 694
668 28 43 609
469 72 1 761
1000 93 27 827
550 200 31 1045
885 295 25 454
144 92 19 87
234 367 41 335
410 69 1 363
94 236 28 1257
121 344 25 204
582 185 35 486
860 324 16 308
764 69 7 1324
402 185 7 600
361 57 1 272
405 5 34 499
95 93 19 1319
346 253 52 1285
561 46 26 601
87 100 40 617
821 315 10 1346
102 118 4 272
870 311 8 328
609 82 37 1355
415 289 13 583
309 169 2 508
256 240 19 641
508 365 17 909
276 175 3 602
439 82 37 940
514 136 13 790
338 359 49 856
646 50 43 1216
376 210 49 802
594 343 35 988
649 121 37 767
534 240 38 571
691 267 19 30
505 266 20 527
92 291 5 558
247 283 3 484
719 313 31 1052
674 329 14 319
157 301 34 276
81 209 13 1016
903 169 25 721
762 358 25 1468
51 18 27 60
133 292 3 736
43 216 45 127
612 293 47 419
143 318 1 203
866 246 27 1469
899 355 25 987
884 316 50 668
832 369 22 981
237 249 10 79
391 183 43 271
269 10 26 1131
7 388 8 36
46 375 33 929
357 43 28 647
307 381 37 1065
682 33 32 356
210 4 46 155
747 328 21 188
856 389 51 977
574 279 25 207
380 335 3 1066
154 163 3 703
420 360 49 1449
373 10 19 1068
430 33 37 378
445 209 10 515
108 128 49 365
600 305 1 41
476 362 23 844
933 364 21 1466
292 352 4 751
223 293 10 1449
347 319 33 760
983 195 38 1201
93 163 15 621
193 387 55 798
222 139 15 1404
614 236 7 647
129 318 17 654
959 111 29 717
151 26 21 1050
469 254 25 584
47 382 19 696
151 325 43 86
578 111 37 1001
621 4 50 659
404 116 13 974
717 282 33 528
762 258 9 1338
367 363 31 1234
972 228 44 904
321 2 7 734
387 356 32 1283
50 344 33 728
226 221 51 1158
424 143 50 537
702 29 49 46
79 346 4 114
560 125 17 103
905 135 3 539
773 149 10 260
490 317 15 830
914 14 49 1430
432 227 1 1065
184 242 50 1374
960 356 11 270
328 53 7 818
963 188 32 1307
992 368 25 426
697 323 29 752
351 302 20 910
609 374 19 985
219 275 37 126
982 102 20 111
418 162 7 1419
264 349 1 285
257 36 13 1136
963 83 19 251
388 236 25 626
627 2 37 597
458 196 43 536
263 321 3 1160
60 372 11 241
160 308 25 414
613 281 46 320
387 85 17 122
108 224 9 1498
208 139 7 1474
817 389 19 100
305 378 14 488
768 51 19 990
183 210 8 1426
175 231 19 535
551 84 5 1048
231 325 13 508
461 376 31 456
388 326 38 774
940 215 49 897
480 284 7 980
588 119 9 325
545 282 21 1206
781 27 10 1055
643 334 43 141
315 368 28 588
918 193 15 1359
422 305 13 750
714 112 22 736
40 317 57 668
928 222 14 1315
494 206 1 672
865 339 5 969
928 329 25 855
458 365 2 578
279 209 1 869
568 105 7 946
691 277 10 194
452 340 29 1322
470 287 1 1206
633 240 55 46
22 103 59 335
527 148 49 173
655 340 1 1020
88 285 52 410
117 293 37 1449
339 62 32 1274
711 178 34 368
682 111 17 1136
691 202 4 1264
923 155 13 1440
446 347 34 807
607 166 28 851
73 380 19 441
156 286 13 1287
897 267 3 416
369 216 31 1270
668 46 13 835
171 44 33 316
315 256 25 1055
284 64 13 590
375 166 29 1083
15 243 25 393
675 345 31 1382
796 234 40 677
587 217 26 1367
754 321 4 1373
450 163 2 560
622 181 29 484
129 85 5 1322
586 379 25 1094
687 325 50 1489
928 32 43 574
381 244 21 1163
166 302 43 50
306 120 1 1365
73 312 13 1354
504 345 37 640
766 143 49 775
157 311 1 1077
581 9 15 1291
23 213 37 34
422 204 16 460
886 159 8 938
420 339 11 220
378 151 37 1048
366 294 35 1403
707 61 7 859
128 367 17 343
755 200 16 477
879 242 19 1375
177 106 41 1167
21 197 51 1122
94 365 23 197
490 353 4 797
854 194 43 514
379 97 59 1171
608 148 13 54
781 380 25 441
798 201 13 854
693 169 34 274
752 346 2 1114
999 114 23 106
697 392 31 798
213 188 55 663
737 173 33 702
186 40 44 1385
56 239 20 805
559 219 32 1439
98 109 5 1015
594 234 10 337
217 32 55 814
860 205 40 454
235 370 15 1104
544 103 41 1111
638 359 25 403
838 243 14 414
533 5 5 447
13 304 50 1381
103 279 1 780
424 90 37 866
842 38 9 29
467 262 35 1134
738 254 19 1033
340 198 2 225
988 343 59 225
514 162 52 587
291 163 21 1323
986 251 49 1252
924 119 5 413
444 106 13 878
110 397 7 541
415 246 45 226
263 46 32 570
76 28 3 130
964 357 31 1254
164 159 4 754
589 398 5 23
562 272 1 469
704 60 15 1292
872 390 19 63
38 151 13 292
789 175 7 1069
499 306 3 944
669 297 37 986
139 83 19 358
730 91 10 744
977 213 37 724
775 252 25 1290
145 327 7 1476
55 127 9 613
542 93 55 194
328 273 25 670
914 66 21 1221
50 254 2 992
788 383 29 257
842 309 55 1317
247 371 31 969
659 193 13 1195
36 257 10 1062
80 176 9 156
560 94 19 1432
975 284 7 1351
164 351 16 1037
538 145 5 901
171 350 1 467
739 319 25 20
837 252 19 1066
706 231 43 1156
799 100 37 1213
708 380 4 1415
786 291 4 960
185 314 37 1452
189 292 55 840
146 2 55 1425
771 319 49 308
667 40 43 561
571 306 34 1344
566 16 25 110
976 55 22 847
660 87 15 1482
584 190 21 328
697 59 1 367
493 394 19 1062
186 288 55 920
249 60 25 1432
64 53 51 1328
904 62 11 716
124 53 25 288
598 326 1 915
434 244 19 497
443 276 1 1353
672 399 49 1199
35 14 43 651
440 19 32 286
798 139 7 1112
633 352 4 64
39 46 55 839
494 192 37 1130
494 161 22 552
330 257 22 10
978 140 20 1010
56 313 44 9
867 120 37 1218
299 66 43 582
193 359 1 343
866 52 23 1251
955 321 13 669
153 378 43 885
121 93 29 682
858 348 31 680
901 120 28 420
470 71 25 590
368 311 31 905
221 15 1 1409
933 310 37 92
806 105 19 221
204 341 37 412
993 40 31 879
80 2 37 676
681 227 47 1130
227 256 46 780
993 241 7 1266
364 317 27 481
348 271 20 49
297 251 20 1385
549 206 16 1309
42 76 25 991
398 249 19 105
386 391 44 235
209 91 3 1043
749 354 26 625
782 201 20 447
442 330 1 790
664 342 27 417
462 301 35 653
411 281 52 578
102 208 1 509
169 395 43 1371
229 58 43 1393
977 126 29 1221
562 117 57 769
541 289 9 833
993 284 28 213
217 393 13 1230
762 76 50 841
440 150 25 1436
371 10 37 1390
2 181 7 1467
984 170 49 418
327 336 28 736
731 311 37 359
183 326 49 895
99 19 16 938
541 137 43 813
896 330 20 1388
130 221 21 505
764 280 31 1389
334 16 37 110
222 130 44 413
589 280 31 636
194 206 43 1291
58 26 37 174
527 301 47 530
492 84 29 1066
159 143 13 1305
187 205 3 1289
986 169 16 916
981 357 15 707
737 104 7 1386
196 133 31 826
853 27 7 467
859 50 15 918
917 296 55 89
66 127 31 397
487 229 53 69
142 163 7 860
666 145 7 901
150 255 43 1375
592 319 25 304
903 178 4 985
316 68 31 259
173 341 19 1168
318 93 19 914
572 58 2 585
713 47 11 1445
855 396 49 199
574 160 9 200
207 18 8 538
287 175 19 780
678 7 1 1247
487 262 27 796
748 33 43 75
724 28 7 341
131 297 33 1071
772 83 25 251
572 145 21 237
251 273 37 477
634 356 8 1128
74 272 26 1422
500 243 9 817
881 249 43 607
276 349 15 668
151 215 37 453
22 117 7 233
724 283 26 29
1 286 28 842
340 16 55 1414
112 88 50 954
628 223 29 1478
753 213 1 326
724 124 15 1391
117 118 7 1196
435 342 3 654
543 387 26 2
895 193 1 502
200 173 1 1018
619 228 9 676
777 352 7 475
119 269 1 321
31 29 13 294
495 292 16 1076
790 12 4 1250
486 396 19 1223
176 130 31 911
26 63 7 1073
922 143 25 878
575 361 49 73
706 78 1 220
798 100 15 563
439 55 44 975
840 265 13 521
372 130 38 58
685 263 1 863
681 189 22 704
978 119 5 358
89 360 44 686
104 278 7 215
630 374 7 409
307 166 2 1385
849 399 7 543
598 121 11 1430
590 98 19 147
275 124 43 557
120 28 2 8
499 110 9 702
674 21 29 164
777 306 10 944
389 161 37 1347
470 66 8 583
56 203 1 978
943 262 5 479
374 46 25 1085
980 19 37 1023
190 214 29 622
493 198 1 176
622 134 7 198
864 32 14 934
322 40 1 1312
695 342 40 417
963 45 7 524
82 160 25 614
19 333 28 904
804 360 39 459
532 110 31 1079
727 17 23 676
788 29 2 1362
499 47 17 936
132 26 15 409
810 128 50 1391
515 260 7 297
120 175 50 650
368 86 37 1035
966 128 49 506
607 6 16 1199
432 255 29 845
543 247 37 591
474 146 51 416
892 293 21 102
954 88 34 1013
93 184 43 730
388 138 51 1485
706 171 23 494
328 74 33 126
653 113 5 490
361 3 7 658
511 279 57 547
485 61 3 376
802 11 55 88
514 164 10 1397
534 336 19 109
210 130 37 831
606 7 55 196
821 46 13 1168
353 169 31 785
462 380 37 544
97 347 11 175
340 285 15 285
291 139 1 846
203 117 25 233
655 158 31 178
11 68 2 1031
541 190 4 816
372 227 26 1479
310 366 7 1084
906 84 37 1351
100 127 21 252
196 392 19 683
10 9 44 883
207 110 57 451
393 261 10 201
754 250 23 1048
885 396 9 157
29 228 16 1441
339 267 19 1083
761 351 19 378
281 298 9 579
945 368 10 277
202 6 29 1328
618 252 1 1487
279 156 17 219
864 382 37 948
159 385 31 750
955 240 25 1039
248 367 37 539
382 170 1 488
678 229 59 1391
887 391 37 1451
217 387 43 346
981 280 25 689
432 114 43 62
505 120 37 1419
918 34 55 3
695 272 26 1067
365 128 23 1490
3 365 16 1379
596 94 19 1403
141 218 7 458
334 159 40 604
645 372 1 588
381 173 15 392
804 347 49 175
288 237 31 285
462 337 22 987
631 82 21 399
480 136 26 255
539 96 25 936
785 159 19 1419
377 254 37 105
519 37 31 1054
103 361 19 1077
641 69 19 1028
203 73 7 421
138 387 7 798
130 264 33 1024
115 358 13 746
961 207 45 814
733 190 28 1112
328 260 1 1471
962 227 16 1295
142 76 28 802
48 53 50 1236
92 366 8 789
6 376 45 404
511 94 14 44
555 2 27 820
330 63 31 1480
728 150 55 1436
16 203 49 1018
615 121 37 225
446 208 16 939
517 69 43 1271
803 183 7 315
525 214 27 846
377 179 51 727
158 195 14 280
876 182 28 22
137 256 38 1476
285 18 44 372
335 104 1 972
746 6 46 1413
676 234 51 1063
69 173 45 1207
725 165 27 714
881 92 7 649
774 50 37 496
986 145 41 260
989 346 13 451
733 151 44 456
470 326 31 579
422 248 5 1126
220 74 56 914
648 361 15 1084
625 48 2 593
283 191 15 275
698 120 29 21
121 347 1 477
361 251 19 82
75 95 43 1255
308 376 1 81
429 286 31 939
322 388 21 673
605 317 33 933
399 260 28 1034
297 184 15 701
14 92 53 1459
414 169 10 785
295 64 57 590
11 244 37 1163
323 194 44 616
962 331 5 1179
802 163 44 393
9 215 7 34
166 135 37 1279
435 158 35 131
328 267 51 1478
379 295 7 792
934 268 39 474
208 344 25 1270
419 308 56 816
345 127 31 432
663 209 25 1355
335 235 19 963
398 383 13 1061
872 80 10 101
228 144 25 965
806 29 23 1362
605 136 7 657
126 18 50 1198
447 370 28 1076
618 12 17 1034
442 173 7 871
861 226 55 85
523 192 14 1124
547 221 40 1383
135 48 1 782
294 308 13 992
521 180 7 776
167 89 32 907
953 261 11 529
998 45 3 365
82 291 31 1320
743 313 25 31
285 308 25 876
333 108 25 841
57 327 55 139
182 337 45 33
187 257 15 221
563 162 1 735
52 289 10 518
127 19 7 1091
982 348 31 641
485 15 25 80
386 118 16 1241
184 152 31 151
601 342 44 280
401 158 41 628
778 17 5 1036
530 317 26 759
175 303 25 577
303 214 17 1028
489 218 19 1158
148 390 2 1123
991 254 31 1404
366 230 7 309
35 324 45 147
919 342 25 280
501 48 51 1101
528 350 55 791
119 216 4 924
986 277 37 1217
34 141 20 458
3 86 26 902
689 95 55 509
236 29 38 1362
100 320 43 441
302 344 38 1341
20 370 16 921
950 105 37 924
449 161 1 106
968 369 39 1318
672 250 20 1186
640 76 55 374
528 344 37 1016
364 203 7 616
319 294 55 1369
687 164 32 197
185 221 9 984
944 269 43 608
449 368 25 1149
844 24 25 1121
611 39 10 172
649 230 16 651
878 11 31 234
269 321 3 1348
722 69 43 107
249 31 15 728
321 351 51 382
241 206 29 1291
178 207 46 1295
168 75 7 609
580 148 32 764
421 327 8 1307
109 132 31 410
461 204 25 824
578 171 17 834
493 320 55 144
131 23 19 897
486 184 43 1024
386 48 25 593
332 197 13 73
521 400 4 428
476 383 29 26
810 4 37 1391
681 284 14 1410
195 348 10 1496
712 303 2 1401
263 323 1 147
493 135 7 958
811 316 7 1250
583 344 57 94
160 72 49 32
951 165 7 952
808 397 10 541
515 220 31 877
278 53 25 1190
133 23 8 306
389 21 26 242
687 377 22 1211
986 249 13 31
572 277 55 684
832 184 31 647
482 104 43 71
384 22 1 1403
546 311 45 1048
405 200 4 276
992 270 1 543
153 79 56 1454
647 310 1 195
346 110 38 1368
580 400 25 1002
61 220 56 565
670 345 55 1370
123 237 25 981
915 323 1 33
617 330 11 797
256 297 1 1259
151 3 31 693
265 166 21 1453
471 248 1 1102
497 207 50 937
336 300 9 1410
607 5 13 1404
274 40 27 34
200 289 50 865
114 321 9 286
234 87 1 845
402 174 19 13
726 376 31 1044
649 184 43 775
563 257 16 1098
550 216 20 155
307 341 9 283
703 287 13 235
296 348 32 1244
293 355 55 1002
595 155 1 136
751 311 13 407
280 294 23 1300
279 389 37 501
766 129 20 432
930 274 1 1172
29 381 33 718
716 33 25 575
611 133 27 313
659 307 38 299
502 267 49 326
545 232 25 390
391 238 38 925
516 178 4 1206
128 184 20 777
330 159 45 1053
646 80 1 1408
572 80 31 1341
197 163 7 942
854 102 25 1445
502 85 40 227
798 222 37 665
25 223 7 1134
479 117 1 1465
705 193 57 374
890 61 8 620
491 212 23 439
510 162 44 475
521 167 29 667
215 322 31 953
11 351 13 623
648 29 9 582
491 361 45 394
58 163 40 1297
527 265 25 326
705 64 7 703
81 206 23 1066
345 305 10 1049
557 110 43 358
827 365 13 1290
689 192 9 1288
810 133 2 1472
460 26 2 1323
904 386 29 910
70 71 50 266
498 221 3 1054
476 24 13 803
602 265 2 1305
752 332 15 411
280 52 10 1251
353 371 1 433
927 256 3 162
457 10 25 1464
877 393 8 1268
918 383 13 363
759 73 46 172
855 254 33 992
341 337 5 840
721 204 15 1093
239 58 32 720
309 348 17 301
678 92 11 896
361 69 44 1118
953 173 19 83
102 229 26 81
873 6 1 1413
816 4 55 930
448 386 32 768
533 108 1 579
207 351 13 1303
913 123 27 921
923 151 21 703
39 71 8 1462
396 220 38 561
536 310 7 698
945 230 22 900
878 85 11 819
143 242 37 980
469 341 49 994
929 193 1 1180
585 82 39 556
348 20 1 1197
232 285 4 1187
481 157 44 1183
735 364 11 196
984 254 31 105
278 198 33 442
439 285 13 712
851 207 49 553
620 374 31 1384
486 115 39 581
56 229 35 333
148 76 23 396
615 161 31 357
358 82 27 211
267 292 37 197
532 61 20 611
835 31 15 1314
912 388 13 779
858 343 34 966
408 84 11 1473
646 192 13 737
138 152 25 1357
298 374 50 179
436 45 35 1045
667 244 31 1457
889 172 37 738
353 295 7 1001
197 227 35 884
419 298 37 543
400 125 10 60
400 156 31 818
519 348 13 766
311 156 43 219
301 348 13 1337
320 310 38 666
33 317 27 1138
294 287 39 706
435 190 14 1299
710 290 43 135
739 387 1 898
192 5 14 1486
8 88 14 1034
69 204 9 340
624 13 43 1148
840 259 2 596
268 15 43 325
355 140 7 513
444 338 1 228
300 400 14 919
852 22 21 68
569 236 43 404
235 58 37 653
798 44 43 1317
419 264 21 728
232 91 1 969
460 178 22 687
26 168 27 984
865 391 37 355
43 353 38 721
641 242 37 315
185 225 13 544
230 400 13 809
634 75 50 335
358 206 41 1291
734 235 43 721
37 77 35 377
742 158 35 547
800 327 11 302
421 203 49 264
973 169 11 916
826 361 26 907
282 59 13 947
277 56 4 1440
555 342 7 216
517 233 31 894
383 370 40 413
782 303 25 935
423 278 55 1424
598 373 5 718
99 157 25 699
854 205 2 531
908 356 31 846
670 159 27 1325
592 95 7 1203
727 149 1 1192
748 192 20 718
21 64 14 1445
355 98 13 871
409 47 56 7
240 28 57 358
454 183 44 865
113 383 3 794
252 358 25 415
30 43 43 61
636 137 7 1126
616 176 1 96
504 302 13 1002
774 396 13 698
892 63 43 786
73 179 38 1417
870 140 1 297
15 130 40 461
156 336 10 501
123 36 7 1048
25 50 3 453
345 355 20 1272
486 193 25 617
678 225 33 727
675 30 57 527
59 9 26 1291
131 3 13 1181
158 269 39 338
668 276 20 280
96 230 2 544
943 171 26 243
147 26 1 406
18 344 55 218
820 19 25 170
37 301 19 407
505 251 3 801
531 400 2 425
944 303 7 889
490 189 25 173
748 47 25 815
414 158 13 1362
481 228 1 1450
526 115 15 1159
992 46 43 1138
647 175 25 1415
301 219 15 581
742 87 25 567
458 251 8 394
797 210 43 1112
92 374 26 818
556 138 28 1041
563 338 53 44
122 390 7 1002
174 247 40 421
961 197 32 1293
122 342 13 1435
89 50 38 162
194 156 23 52
559 173 16 16
288 370 16 178
832 212 7 167
848 199 25 971
998 63 55 561
334 120 29 1365
119 35 19 1475
445 121 5 1307
668 378 49 488
792 327 5 1304
990 308 50 876
833 50 19 975
317 364 10 1113
464 357 7 466
101 209 7 607
323 353 32 806
166 161 56 1398
840 216 40 750
396 331 34 1258
166 388 49 408
932 193 33 928
708 202 1 47
229 232 2 1155
857 385 32 392
30 134 19 266
531 297 25 1083
859 31 1 1047
83 225 43 747
220 108 37 1221
481 22 25 1088
165 39 11 742
402 211 44 1217
930 89 39 1235
730 167 17 667
650 324 4 1159
285 270 34 1020
735 287 40 7
496 309 56 1089
645 29 7 1496
54 315 21 86
704 129 25 669
281 257 39 1049
228 165 7 121
262 345 1 66
758 48 13 782
420 230 22 309
170 343 23 121
690 281 51 1219
156 294 17 176
762 182 13 678
653 53 37 1328
4 400 15 652
559 383 35 253
720 220 55 847
14 27 1 130
801 296 43 506
609 355 26 53
844 137 15 534
14 21 50 381
419 129 7 1392
493 230 37 804
473 14 21 584
440 95 14 925
761 116 31 233
452 24 17 131
511 71 32 110
74 290 16 981
566 90 7 585
128 59 25 1392
523 201 17 1180
966 89 14 1051
816 184 25 1057
346 199 1 971
800 164 22 1109
443 358 38 377
497 315 7 1430
478 171 7 1086
453 314 49 53
279 283 7 296
749 78 23 131
693 85 23 1443
744 13 38 718
376 199 26 163
372 180 16 412
664 275 35 1128
104 93 20 523
975 263 11 1148
62 45 51 116
743 397 7 739
395 354 27 153
498 238 38 31
339 356 23 931
40 323 11 275
817 77 7 1233
631 30 7 75
90 269 31 944
664 66 1 435
957 328 43 89
170 260 38 1403
662 46 37 903
924 150 38 525
15 126 43 291
686 233 22 771
162 360 49 412
515 8 39 1270
570 297 31 811
849 62 11 1108
841 104 17 71
421 243 19 988
45 23 31 1075
857 399 16 276
279 273 55 817
775 94 56 1432
196 203 13 1496
492 122 22 760
898 188 43 222
475 57 44 745
616 111 17 798
586 174 2 1241
794 381 31 836
942 197 45 1081
389 374 1 538
433 262 9 699
849 267 3 834
484 105 43 236
241 305 21 928
844 75 41 773
362 79 32 290
470 198 45 170
120 393 7 1045
623 380 10 608
557 246 1 346
726 59 37 368
377 278 4 566
839 29 50 943
231 228 1 587
952 365 17 403
190 130 25 413
954 312 49 1293
387 125 11 71
261 27 5 462
490 283 43 829
64 252 19 838
359 218 46 1189
761 114 40 106
211 138 43 729
389 24 14 1313
579 108 41 983
418 76 19 991
600 85 37 382
963 95 9 1366
397 170 19 993
968 108 23 1101
294 146 3 86
401 88 7 179
324 146 11 289
850 156 28 219
915 101 35 1405
921 306 55 721
799 216 19 854
826 173 35 469
544 399 19 1105
656 378 38 1142
223 165 3 198
214 87 38 838
862 176 37 396
58 312 25 411
800 115 17 1481
86 298 34 371
248 225 43 224
317 48 25 1101
818 38 26 809
567 11 25 1256
938 98 5 778
504 321 4 972
488 140 37 406
314 21 8 1284
875 347 11 1041
235 117 31 1310
70 54 44 218
335 14 38 309
100 59 39 574
673 67 13 1244
779 141 7 67
425 128 46 607
522 303 21 209
110 352 10 48
84 326 7 379
100 206 19 319
315 86 43 537
979 320 43 42
617 321 25 97
971 47 22 127
492 365 11 807
393 288 2 1460
683 303 43 989
837 130 7 461
273 366 2 291
834 265 13 118
592 155 49 1044
890 304 56 492
389 357 7 891
280 391 43 830
393 312 25 748
711 294 13 1257
314 168 57 301
17 37 37 900
368 186 26 89
701 175 8 1362
206 393 49 55
514 294 40 794
579 24 29 131
506 48 25 782
347 51 26 1097
337 303 31 1086
371 348 1 82
247 58 38 922
836 45 23 1396
214 322 19 953
793 373 7 99
841 180 22 1072
714 248 17 609
8 307 16 395
445 198 35 770
487 390 21 230
797 43 31 270
679 91 19 1181
681 187 56 364
394 282 49 1080
998 332 49 1398
886 23 3 397
644 142 11 297
175 160 49 1114
407 204 1 51
130 225 39 977
241 270 16 521
429 205 25 1301
257 60 1 487
975 137 43 245
225 124 43 1145
357 72 19 383
10 140 55 587
721 99 37 331
452 251 25 456
242 393 26 773
410 352 27 1071
9 221 20 1085
357 157 55 1107
112 110 43 504
465 354 19 625
751 357 37 1209
598 158 7 262
428 149 43 688
912 361 25 720
690 138 31 1400
815 99 50 1119
456 42 1 1369
475 236 21 540
950 30 22 201
835 340 13 1418
907 352 14 64
941 178 16 1215
646 303 46 902
873 124 31 22
898 258 59 535
30 231 33 535
306 252 33 678
471 16 4 286
730 51 37 1227
313 232 37 1444
762 14 11 991
612 357 13 420
209 336 22 81
376 390 19 1024
720 53 7 1328
337 155 50 723
323 27 38 1155
467 110 37 770
362 167 23 834
662 326 32 400
455 145 10 1010
194 288 31 1306
416 129 2 669
50 223 23 535
794 158 47 745
914 143 55 878
325 354 27 1294
897 88 15 682
308 17 8 663
887 28 19 830
6 270 39 47
526 37 56 1224
517 359 25 67
64 104 9 644
398 19 8 127
797 322 7 771
890 48 50 593
225 122 47 1223
691 16 16 286
464 123 1 1407
198 247 31 790
68 89 14 503
259 390 37 26
873 53 43 288
490 253 10 1285
595 370 43 583
475 252 25 640
149 161 19 965
486 169 31 721
711 89 43 512
318 258 1 389
672 361 55 736
960 111 31 1498
239 191 25 310
938 63 21 20
705 20 40 1196
324 37 2 1196
54 378 43 272
488 71 39 1043
336 15 31 1036
240 210 31 189
158 30 1 598
288 157 13 258
592 358 13 128
66 332 13 751
348 165 13 331
98 193 43 649
933 120 29 1475
172 52 4 281
469 290 46 470
20 81 22 482
798 327 29 345
48 113 2 665
696 12 32 1007
668 34 3 373
161 383 8 1115
875 300 31 98
429 399 34 1087
599 194 43 342
905 216 14 127
6 372 5 437
778 128 23 477
432 153 25 627
534 235 26 927
538 135 31 256
138 173 1 1234
80 64 45 788
922 44 1 191
964 305 50 1322
231 259 19 265
913 244 7 1432
186 256 32 1158
939 135 27 312
920 157 16 146
164 376 37 191
180 348 5 920
887 26 43 888
894 374 32 11
722 53 38 1190
549 152 50 504
730 273 13 478
792 127 32 1446
217 149 49 1192
54 125 19 168
432 144 20 352
153 138 28 122
304 175 1 1013
792 112 38 216
694 214 16 1085
789 255 13 820
512 239 31 1053
653 346 20 909
170 351 49 1263
888 150 25 525
699 47 35 1461
799 97 5 806
774 207 50 1466
794 250 23 355
850 200 19 1179
325 314 51 1377
925 23 46 805
530 20 32 538
513 234 32 1085
163 74 13 154
556 281 43 12
957 190 38 104
86 35 51 231
201 234 31 455
579 134 7 821
995 268 31 82
292 265 26 958
542 361 14 736
123 249 10 358
896 24 28 1269
806 136 1 255
901 310 21 1192
887 382 1 1431
82 348 9 382
827 340 23 405
624 86 38 1467
246 76 11 1171
252 44 19 22
296 88 29 714
411 303 39 889
564 371 27 1255
773 218 35 768
398 147 1 65
130 349 1 962
558 243 49 1222
992 369 28 521
731 218 45 233
67 303 55 15
395 390 1 1376
795 307 49 1355
66 69 25 1324
736 229 16 333
279 212 4 1174
259 77 50 287
520 38 2 677
219 293 19 102
427 51 1 1414
603 6 10 895
24 344 31 723
833 289 15 160
140 93 8 961
614 85 20 1132
364 368 21 360
116 294 19 1149
543 263 1 804
804 141 19 937
266 102 3 917
695 267 13 1030
14 315 28 1313
365 51 26 728
877 78 26 404
753 21 4 1201
435 278 9 454
845 222 44 317
874 90 31 635
503 105 32 629
171 155 21 648
273 337 17 747
884 214 7 48
95 352 3 215
560 98 11 189
36 221 7 1108
223 262 43 1303
48 184 25 1090
503 200 51 451
839 25 10 1129
482 166 41 916
635 243 26 1111
111 321 7 418
415 39 52 1342
785 148 7 1369
420 121 31 1442
678 129 7 669
662 58 25 943
337 119 5 68
433 78 5 542
204 160 51 1455
656 281 58 556
900 336 34 1341
174 88 31 782
104 49 25 1433
963 20 1 123
251 390 49 830
418 155 37 427
463 143 31 664
331 189 49 459
948 239 13 165
695 175 1 820
965 214 8 1289
782 166 2 445
344 206 29 694
246 390 1 223
324 101 35 985
313 17 16 126
773 303 27 384
851 41 43 672
940 71 19 754
463 61 19 26
328 18 13 303
402 22 14 464
955 192 32 1171
814 60 25 1273
87 243 25 913
442 331 10 893
87 246 44 862
157 309 52 1089
728 262 9 50
807 139 14 192
941 41 19 1145
3 149 20 166
144 157 10 429
301 285 46 6
183 357 43 611
869 151 49 292
154 400 56 704
911 59 32 205
981 183 20 1222
863 176 4 679
249 81 28 813
459 283 55 788
812 170 31 1355
308 260 22 1406
661 201 31 1483
4 116 2 783
402 269 31 1216
714 258 46 566
623 149 1 1476
185 384 7 1190
449 41 3 789
641 328 15 324
131 70 56 781
763 127 7 252
426 121 5 225
95 303 25 335
39 203 14 1387
339 175 45 1013
688 116 19 1303
999 246 7 72
440 227 41 1290
172 262 1 50
167 297 7 1259
233 84 19 748
626 191 13 1332
688 31 31 800
13 33 56 1063
663 266 50 1268
154 234 37 366
528 131 25 1012
807 111 11 791
905 5 1 479
949 311 7 407
199 318 34 1025
110 174 38 1064
227 328 25 333
832 280 9 278
925 96 28 45
434 306 37 1131
611 368 43 426
79 215 25 168
805 364 55 1113
672 197 37 1308
15 234 3 349
875 74 37 688
141 89 50 392
165 221 7 936
439 28 2 1063
817 257 9 631
227 303 14 1324
974 218 5 1077
822 313 7 102
71 19 13 217
517 229 53 421
752 263 55 1273
427 181 49 1373
834 372 35 789
833 171 29 1086
617 162 15 385
539 246 22 531
465 177 17 491
480 389 13 619
111 156 43 662
566 17 11 1286
38 208 46 697
447 180 19 795
818 32 19 512
884 381 33 1321
861 197 50 973
14 283 9 13
660 328 1 1347
659 233 2 1157
151 175 13 710
187 113 41 989
261 176 20 96
438 114 35 460
518 272 32 1067
371 153 49 554
475 21 7 447
182 13 31 898
578 157 39 343
409 355 44 440
589 138 13 655
560 248 25 295
372 112 49 1019
100 233 1 420
124 104 33 1218
379 4 14 576
900 42 5 1078
767 174 55 14
411 37 25 1487
818 120 5 753
878 177 5 1241
385 106 13 572
450 314 10 1434
977 357 43 881
820 89 13 1340
488 94 22 850
242 95 55 925
949 113 11 1137
862 320 31 1186
495 61 55 1320
873 232 37 194
401 52 20 190
81 173 31 588
222 11 20 379
122 25 4 208
77 41 55 412
791 122 55 564
950 73 26 812
610 257 25 1220
750 102 52 33
525 339 1 1293
584 47 5 191
734 66 34 871
965 138 34 661
849 74 43 1075
43 276 19 892
974 104 28 165
310 74 2 419
259 176 10 96
129 241 55 1266
72 288 13 1460
869 81 13 1093
721 4 25 435
837 382 37 438
935 141 31 516
862 96 11 526
893 304 55 1237
34 23 56 422
873 165 3 1479
799 91 22 1283
88 71 9 313
495 148 22 1126
673 78 19 1372
550 71 25 1394
252 229 5 1499
690 161 1 177
90 112 10 1463
964 133 13 195
674 41 34 275
567 12 35 802
883 113 27 686
282 96 41 1378
521 281 13 335
649 4 1 908
138 184 20 984
6 374 25 1066
675 137 19 1384
864 392 33 1303
836 387 31 485
498 199 13 971
607 332 25 586
643 312 13 654
616 203 25 616
419 152 13 604
21 239 44 140
30 11 49 225
236 88 25 1212
141 394 40 376
947 203 1 616
891 4 13 82
936 398 17 438
764 367 43 539
205 76 25 1159
440 273 56 1493
796 54 14 1091
889 80 13 355
852 88 5 242
72 328 57 1401
766 45 3 707
140 25 51 942
134 316 7 1072
759 187 50 1334
951 212 5 1267
13 160 7 1114
522 61 27 1195
332 81 43 1407
212 325 31 490
697 303 7 898
808 70 1 839
396 105 19 638
544 29 13 781
475 98 23 1287
548 90 37 894
456 65 55 1465
361 343 35 1250
375 164 16 807
709 51 31 349
130 344 55 284
445 161 40 291
637 219 9 1387
695 238 49 997
20 93 3 1382
290 325 44 508
723 271 1 173
993 273 19 103
30 297 13 1399
404 348 11 428
320 103 2 91
810 306 25 314
882 185 34 600
386 292 56 784
710 377 1 1211
708 65 28 251
23 47 17 860
604 255 17 93
178 162 7 779
444 244 19 1441
628 148 16 323
136 331 33 542
533 267 55 416
369 338 7 433
709 364 5 153
241 317 49 1138
127 142 15 879
381 286 31 1363
905 174 37 956
113 177 5 476
355 333 55 548
988 359 7 223
548 210 14 496
475 287 38 139
803 149 55 520
836 67 3 1185
47 66 56 1232
947 400 9 590
400 149 52 1476
755 248 29 387
635 399 14 841
820 159 7 130
387 17 41 1266
639 56 1 1131
803 372 34 914
745 195 26 605
534 128 43 365
73 102 25 953
2 248 23 185
869 180 1 1318
658 395 44 1110
344 24 44 687
727 287 27 1360
959 124 13 672
381 94 58 192
280 62 1 716
593 305 1 597
997 37 51 310
823 33 19 1309
780 243 15 1253
594 249 3 1452
243 193 14 931
509 324 41 637
934 213 32 1111
483 225 10 544
310 267 31 168
906 323 47 33
917 220 9 767
496 228 13 1450
211 87 19 184
12 45 5 232
436 122 19 564
751 236 2 21
1000 8 43 1483
438 58 13 487
868 105 31 1165
156 207 7 1442
435 283 31 952
305 109 55 571
825 113 41 796
55 277 34 508
659 60 28 1267
717 221 22 1367
511 211 19 957
250 121 11 1382
882 351 3 1352
176 322 19 129
340 84 13 1473
948 191 7 758
728 270 25 1363
516 246 27 1218
790 50 38 286
29 122 29 564
564 333 7 904
112 287 25 1070
574 39 7 1110
1 300 55 339
83 92 49 1223
241 83 25 885
356 207 51 363
247 17 17 970
222 390 49 1179
149 73 38 716
392 265 4 756
924 202 7 403
504 123 1 1473
15 22 21 419
302 3 25 1231
842 362 40 793
874 265 4 678
216 158 23 1297
743 45 23 232
273 221 14 1009
971 185 9 486
853 176 33 18
433 63 1 1173
772 79 37 1294
304 30 17 532
708 372 23 836
868 41 52 685
987 346 49 1473
946 104 55 74
735 346 1 750
846 256 26 19
164 341 33 314
569 234 14 1062
118 292 1 129
561 242 14 980
919 30 4 443
795 392 19 829
308 339 47 1427
894 256 19 1476
605 267 13 416
483 319 19 333
583 234 7 366
918 105 51 562
533 397 38 1262
525 50 43 1447
112 368 22 483
455 278 46 644
633 254 19 992
18 362 20 337
773 7 20 1361
326 120 45 1142
718 102 7 109
262 353 10 881
803 185 28 517
132 270 19 149
494 347 4 175
82 391 33 221
245 203 25 282
513 32 49 992
612 90 1 1093
953 231 25 409
84 29 1 724
452 218 5 605
711 93 25 801
820 352 34 215
387 211 19 1081
76 276 1 280
767 253 19 1285
786 251 7 571
402 181 34 1074
4 34 31 545
546 134 7 619
597 137 38 165
830 247 19 591
851 392 25 1117
92 3 31 326
878 317 43 1073
905 131 43 952
27 251 25 1309
397 67 38 321
63 284 7 84
900 373 21 428
90 221 44 1065
895 313 25 989
980 318 7 1162
221 56 33 1131
667 227 3 1268
716 49 14 902
305 306 26 677
509 392 7 1085
634 166 11 1225
99 295 13 35
994 376 49 369
896 326 50 1307
264 71 7 1312
280 399 14 78
895 69 7 1037
870 395 37 16
392 387 13 220
652 327 23 1112
276 373 27 1352
72 310 1 352
947 201 5 551
451 227 17 743
471 347 37 1041
415 237 1 988
454 343 29 274
339 276 17 1
71 237 31 1408
657 189 9 700
651 142 5 1045
504 295 31 1033
647 103 17 1080
118 284 32 304
748 381 1 740
993 250 17 208
843 110 7 414
893 121 4 184
966 242 34 772
271 333 37 965
297 344 27 1016
280 145 29 1123
414 66 4 280
558 104 25 1186
488 272 33 565
49 67 1 582
754 274 43 908
837 315 43 861
69 59 4 77
215 342 1 868
993 313 37 1232
160 230 19 900
197 72 31 926
686 209 17 846
953 354 37 171
399 90 7 1500
379 251 49 57
32 374 50 1423
499 252 37 892
550 56 49 1228
655 160 3 177
575 123 38 682
935 132 7 124
747 88 31 1013
370 323 11 549
750 390 37 164
863 4 32 312
575 158 55 547
982 17 7 456
83 137 8 1026
129 359 20 504
746 348 23 582
606 230 25 651
802 130 39 1323
644 200 3 1291
169 287 37 1411
889 279 26 425
540 286 58 1097
180 13 7 824
21 121 33 330
122 55 1 240
299 58 1 803
683 360 7 1493
256 129 9 788
172 278 31 1206
943 328 1 968
298 335 26 118
249 2 7 205
801 334 25 1184
345 128 35 632
268 308 19 510
888 270 56 415
786 236 49 1306
846 213 31 466
845 267 10 1420
196 388 55 71
247 239 7 832
807 314 31 1181
784 329 50 319
966 252 9 46
330 157 1 900
273 202 7 385
149 346 31 67
619 116 23 877
815 26 32 865
920 295 4 202
121 371 49 433
19 160 43 185
274 18 37 733
585 338 17 104
37 108 13 981
763 126 49 398
590 267 16 1070
262 141 38 899
851 26 13 597
104 129 1 1233
792 204 1 1139
303 367 5 450
209 39 29 712
406 366 5 568
698 171 4 1277
949 312 15 1433
510 327 11 798
369 239 25 1295
167 144 44 1293
370 238 16 762
437 340 1 973
168 400 4 384
37 321 31 398
647 333 10 300
613 307 40 1249
849 120 1 1091
99 170 19 46
79 7 14 196
68 240 56 1374
570 300 38 64
912 100 16 771
127 231 19 142
705 148 13 430
749 324 3 28
12 367 3 1150
87 206 17 1470
219 66 25 298
178 308 25 93
601 59 1 145
378 18 13 1057
821 376 49 323
949 301 25 554
89 324 5 28
658 219 20 699
224 326 38 1085
4 136 10 911
648 13 25 1068
115 90 20 1141
468 259 38 493
43 309 25 1089
24 159 19 1420
443 321 33 1102
48 278 10 1372
31 109 43 1366
707 8 43 216
563 34 19 323
15 60 46 698
924 285 26 6
306 234 40 366
650 144 44 409
640 195 31 103
458 142 17 1057
317 91 43 260
382 26 7 597
242 103 7 1138
498 240 27 158
498 20 19 67
39 51 31 401
761 363 26 7
645 26 43 596
641 215 26 73
432 78 3 481
178 372 39 836
126 343 5 1214
271 279 19 547
923 125 1 1038
275 60 9 876
832 190 43 205
717 39 47 609
251 192 32 1361
364 258 19 296
881 252 9 1068
928 72 3 516
297 323 34 779
398 276 34 1230
659 208 10 697
911 68 28 152
929 121 11 1386
28 110 27 524
862 191 19 275
311 224 20 537
579 360 19 656
729 35 9 294
114 294 19 1471
652 54 43 1464
583 170 37 239
331 398 59 1152
209 88 7 1416
145 358 25 84
662 385 49 149
553 20 27 363
427 148 13 752
514 200 19 1233
615 288 56 625
839 272 7 26
106 126 32 53
828 13 50 1462
117 384 16 1437
224 219 27 762
856 337 49 545
72 392 8 280
639 254 26 123
301 129 31 833
858 102 7 367
924 20 34 1197
787 163 21 416
495 173 20 1004
312 144 49 39
631 347 13 761
32 28 1 634
843 200 39 820
632 352 31 297
547 28 13 1363
840 244 49 908
206 348 5 570
154 164 31 1333
638 70 7 1100
663 258 11 235
716 390 43 1066
783 212 17 79
909 102 57 602
272 284 55 846
736 111 34 1155
642 388 2 36
140 125 38 1099
260 365 37 578
933 254 55 887
813 158 5 573
469 277 16 469
377 320 32 8
61 147 31 1227
689 214 7 462
604 228 25 905
147 175 37 465
928 206 28 1205
906 71 13 559
200 350 31 1088
7 92 41 1459
847 297 19 763
168 376 20 1281
710 53 37 1236
24 275 25 1395
831 279 37 979
403 317 55 254
879 166 29 65
726 318 11 1468
909 138 25 399
947 95 19 899
417 95 37 1203
886 168 31 1458
58 313 31 1232
274 217 55 290
843 268 3 82
24 57 4 1003
23 107 43 913
314 144 37 118
765 111 5 926
660 119 49 1457
944 306 55 435
559 36 55 597
774 365 17 1045
947 144 38 1424
482 347 7 893
425 255 8 201
369 240 43 438
389 218 22 1139
113 145 1 102
848 76 20 583
971 275 5 74
165 76 1 357
688 287 2 1244
933 345 9 304
749 263 1 795
517 198 7 704
380 105 31 1039
614 114 10 741
5 301 46 1116
202 383 50 97
652 141 14 361
409 78 35 32
974 55 9 1350
460 169 41 77
148 119 27 221
252 177 3 199
333 279 27 115
489 288 28 509
558 119 7 250
156 162 22 28
91 125 41 1403
697 164 19 894
423 29 31 253
595 80 14 1102
690 223 38 657
166 198 1 511
191 177 1 1235
468 324 16 669
385 196 49 260
633 43 1 77
182 21 37 481
510 190 25 503
782 160 13 1176
424 355 1 1309
127 364 23 1099
494 208 33 112
830 13 33 949
978 218 25 1139
851 76 1 999
593 395 31 1060
867 97 4 318
391 132 2 348
343 217 37 124
47 189 50 209
185 138 43 1197
606 162 19 132
59 378 57 272
238 172 19 18
367 24 7 35
312 386 7 869
503 314 40 1034
968 35 10 1140
607 188 1 663
133 160 38 1124
86 162 31 405
840 382 31 114
901 180 25 630
19 328 7 797
496 71 21 538
914 173 11 1245
103 371 50 859
735 68 19 1031
102 82 9 1333
767 119 35 298
626 389 31 1047
96 62 7 1273
582 85 23 1224
689 167 17 356
44 264 7 526
364 400 32 1469
92 225 46 915
591 323 23 168
23 235 49 87
460 20 19 1263
28 222 7 1315
947 204 43 1390
38 248 22 811
468 125 14 887
688 240 25 793
590 388 25 1488
885 353 1 721
10 213 9 1134
182 115 11 1100
106 355 1 1317
477 297 31 1272
563 303 40 1080
105 119 29 689
39 159 46 224
857 31 1 763
877 198 1 1280
146 237 19 1267
608 285 50 985
117 388 10 775
188 263 3 689
54 362 5 1247
991 21 22 1284
268 151 1 62
788 381 20 1092
729 275 7 1411
651 57 49 828
838 68 19 679
965 284 40 198
410 275 25 622
464 236 47 1306
967 2 49 707
909 383 31 966
694 348 50 728
921 55 4 581
421 328 26 1302
924 7 15 928
993 315 13 897
238 382 15 505
397 111 4 954
359 276 37 152
970 376 14 759
470 138 49 925
138 367 44 103
870 136 19 1193
226 395 1 1488
21 307 19 395
631 141 15 130
283 38 56 1056
354 6 16 1339
591 330 34 94
645 166 40 10
602 119 7 984
985 276 8 944
867 237 49 239
790 258 7 270
979 140 11 43
104 224 31 173
88 83 1 1161
647 132 13 65
476 380 50 1361
957 106 13 1167
654 13 43 49
431 191 37 675
548 339 11 714
283 268 43 654
416 265 43 155
742 193 13 62
905 313 33 75
71 242 16 726
723 365 11 1347
438 70 19 1293
266 133 31 801
512 237 14 1265
412 155 37 1356
969 193 33 332
143 237 49 709
894 233 4 420
584 247 7 790
869 335 15 646
360 96 29 1440
191 169 44 658
547 104 29 990
892 230 4 900
812 310 37 1072
634 138 37 270
340 317 8 1448
23 220 25 1119
593 152 7 1118
310 214 14 1151
836 163 37 968
681 128 26 1241
588 126 7 291
327 29 10 762
929 285 40 649
899 147 7 202
277 391 19 279
226 146 31 18
987 17 1 1286
738 359 45 1240
152 180 43 395
622 121 5 1430
17 208 1 112
849 332 28 874
572 219 16 1274
413 30 1 306
669 382 8 550
3 263 23 691
231 178 4 38
452 154 13 17
131 316 4 668
693 357 9 1120
916 192 43 937
642 279 10 780
679 383 17 845
980 341 14 906
108 346 31 1122
992 178 4 421
378 300 46 98
981 158 5 1298
36 279 44 1314
262 243 13 1406
974 115 3 250
613 120 35 740
292 190 1 659
632 130 14 413
914 215 37 161
315 43 32 761
886 197 49 999
577 370 44 19
901 61 37 1281
744 20 15 447
712 352 25 1154
836 312 7 964
148 42 17 184
519 112 55 1199
745 98 5 32
58 264 49 1367
86 189 16 1230
592 363 19 911
478 157 19 258
721 315 32 17
363 177 7 491
518 177 23 1301
520 265 33 656
920 114 31 1365
412 112 19 507
27 103 29 157
567 97 7 858
167 122 1 760
76 213 46 1111
308 83 57 251
504 72 26 735
27 5 5 1343
891 202 7 33
996 254 25 201
791 198 21 1080
914 244 43 880
258 390 51 1094
403 332 19 1053
2 392 26 619
247 104 44 225
390 295 49 279
800 228 1 614
22 278 19 649
333 86 33 300
451 384 15 137
455 20 37 693
661 277 7 999
564 124 31 1194
61 225 7 142
448 75 40 350
646 146 4 543
771 309 31 1008
789 99 37 119
610 75 10 1261
492 344 43 126
892 41 1 370
690 46 3 50
834 217 37 1367
790 113 41 65
603 252 56 1251
704 116 40 861
163 2 49 288
784 16 55 110
970 78 5 1431
799 74 31 714
591 166 19 65
690 93 7 1363
621 129 21 669
692 135 13 224
24 121 11 1483
836 146 27 18
71 279 56 979
784 258 7 1188
107 272 26 565
297 362 25 205
920 61 37 1176
126 14 3 613
858 339 23 1398
276 125 31 505
164 103 29 448
93 112 26 507
24 138 13 610
282 378 25 321
405 350 13 24
505 54 49 1351
981 243 32 1209
360 318 25 22
218 271 35 1342
753 137 7 469
737 81 3 528
93 266 7 1296
824 400 1 594
975 155 49 1087
936 115 7 305
776 81 56 1477
334 334 43 1478
814 197 31 803
99 388 34 1488
700 96 35 310
602 96 11 486
152 173 11 102
437 40 45 273
565 66 3 106
768 220 7 711
946 208 49 1251
591 280 25 941
994 54 43 1254
666 392 49 318
684 187 14 461
553 59 57 1023
599 96 7 1440
203 9 37 395
226 315 9 17
745 116 10 998
131 141 22 872
368 345 1 737
812 60 8 1267
255 86 2 1290
463 282 8 1030
32 112 31 972
103 25 25 208
634 291 32 561
193 4 43 785
615 301 17 407
574 391 49 1302
566 116 13 483
939 338 14 1489
218 115 19 622
292 349 31 1484
235 268 25 1001
343 170 45 431
144 248 23 456
562 394 13 198
522 327 11 373
666 353 21 719
455 228 34 1450
209 354 38 815
916 303 14 170
578 168 43 301
931 178 25 914
760 141 49 551
453 154 5 81
838 367 28 381
823 359 1 1215
699 336 5 1051
775 231 49 1420
386 190 13 961
829 152 37 519
146 281 31 1284
506 54 37 911
277 151 34 446
626 110 7 1150
525 301 5 117
925 320 2 262
542 97 49 633
75 159 40 1460
743 118 52 917
160 398 7 827
168 239 31 1265
945 347 53 418
444 391 8 128
441 313 49 964
956 197 8 255
214 260 7 1450
383 209 37 1342
183 202 20 467
425 18 25 203
9 275 53 1213
716 358 19 879
986 2 31 1379
523 109 40 1494
673 127 50 1352
29 395 21 927
154 129 49 788
253 303 43 1424
571 290 45 587
719 82 7 995
926 294 20 474
491 291 11 267
158 307 25 1405
504 173 17 277
742 330 1 612
450 336 40 599
835 45 37 222
181 139 1 1112
228 205 16 954
604 129 13 833
637 18 31 605
781 293 47 754
84 105 43 283
363 13 13 176
445 26 57 1402
456 90 38 1461
466 330 58 243
437 211 19 811
114 396 38 364
416 206 55 1066
866 76 43 1081
102 345 13 1207
281 145 37 1165
335 316 45 1131
84 285 31 302
422 270 19 1334
255 22 13 279
168 217 25 1086
326 298 19 94
502 380 46 145
968 221 31 771
59 249 4 11
311 233 49 94
455 367 5 1150
558 360 1 1195
771 271 4 154
198 298 1 960
436 253 1 555
33 224 37 1498
489 270 25 633
442 219 46 1274
927 82 19 1106
137 330 59 1022
973 394 8 1435
994 147 13 1158
696 78 41 673
333 115 40 528
603 302 26 102
439 362 32 793
984 122 10 452
942 77 23 297
384 99 26 442
945 112 7 151
646 56 16 1489
57 29 43 1495
188 113 9 1377
496 155 7 499
240 385 38 679
406 378 43 321
529 393 33 990
333 52 38 57
595 90 25 459
324 119 46 368
630 131 43 1412
776 277 49 247
173 288 8 329
71 160 37 138
137 17 13 765
905 170 7 161
817 171 32 491
111 185 29 486
312 299 13 935
274 174 7 1104
95 149 43 349
971 71 31 857
258 50 3 84
893 278 28 458
205 375 10 138
628 303 22 1130
235 387 1 1058
30 233 38 99
818 385 51 354
694 247 26 513
49 395 25 882
155 320 49 595
140 223 1 530
965 103 56 146
431 343 23 159
829 24 1 1012
731 28 7 1479
654 251 25 46
232 187 20 1203
124 342 1 371
263 221 22 912
269 37 49 657
161 233 39 1157
599 241 37 1204
969 103 17 1090
990 113 31 1279
537 78 2 807
665 246 19 652
696 236 25 1437
588 86 1 1181
508 337 38 722
857 396 9 1408
215 300 19 1108
305 339 23 1345
755 284 2 929
896 346 40 1115
400 49 37 763
245 134 13 1297
871 199 13 1248
616 356 14 598
5 153 19 749
763 239 25 1053
133 388 15 775
193 76 5 1110
473 333 8 890
907 56 20 1032
667 348 19 47
782 376 56 695
138 296 38 274
849 111 13 395
118 207 39 703
610 84 5 1129
692 51 43 36
657 110 37 257
784 101 5 766
529 162 37 1079
67 23 21 15
706 369 38 797
289 17 49 777
412 326 14 1224
220 73 13 1447
76 167 19 1365
323 84 4 409
141 5 5 538
620 18 7 160
750 18 19 160
545 341 51 1104
938 107 39 654
998 75 25 1260
321 293 19 1029
225 18 20 1155
79 58 45 669
251 215 27 897
254 21 17 879
398 398 11 592
555 346 4 750
824 30 23 933
882 292 38 176
66 29 7 59
908 302 21 50
696 266 1 1262
370 226 20 1084
728 276 2 232
941 360 25 960
953 46 50 330
149 284 13 1110
11 337 17 843
325 60 31 1332
461 285 43 655
53 276 45 529
92 233 50 92
582 35 15 1031
849 397 25 541
490 204 28 51
362 259 14 1371
366 259 43 1021
778 202 38 234
868 18 25 683
267 3 1 953
538 263 55 263
987 363 3 133
396 27 25 348
657 391 25 1084
133 169 13 660
923 244 32 880
763 279 31 780
381 158 17 1049
629 269 37 112
404 177 31 615
139 79 1 546
814 220 7 1413
236 114 10 786
873 95 21 146
187 192 28 1038
644 146 13 134
617 137 32 813
979 189 4 1044
768 56 1 1119
184 276 11 93
593 207 21 621
587 252 37 96
944 300 37 94
410 165 5 405
667 312 8 746
314 279 22 994
358 298 49 1483
179 21 1 755
99 299 55 986
653 378 1 465
918 131 37 494
106 30 11 527
599 388 19 574
842 374 25 125
996 362 10 357
903 361 19 73
675 205 16 1289
157 300 21 1096
195 132 13 410
794 121 9 753
508 272 26 681
228 252 1 132
731 331 59 847
544 192 15 1251
386 314 7 1454
951 154 23 626
341 277 7 1075
649 195 32 1492
516 121 1 1382
219 2 2 1069
822 325 44 397
872 319 27 1081
133 288 25 82
650 72 7 735
155 228 1 1255
624 173 5 481
773 355 13 260
549 222 25 624
505 249 16 353
275 400 22 1044
196 171 27 834
82 336 29 1264
797 190 37 1299
959 141 34 899
72 91 16 1249
655 229 13 1385
831 70 26 338
866 58 8 548
208 98 31 1253
188 384 16 1429
975 64 55 808
950 118 19 206
353 243 55 136
907 219 10 1223
962 393 10 432
174 354 33 227
976 262 7 257
361 245 11 678
625 176 45 96
689 138 3 622
646 396 26 1500
703 138 31 1323
607 80 8 1490
118 53 56 402
115 283 31 1414
519 200 1 951
546 58 31 77
185 111 19 598
429 204 10 460
281 52 7 788
105 99 31 540
966 63 56 175
814 374 19 643
328 335 39 705
230 344 1 970
635 82 55 1106
221 114 23 741
46 247 3 1101
461 290 3 1004
189 171 19 848
468 142 7 274
930 291 29 558
201 279 37 115
556 91 31 191
921 311 32 519
576 357 45 211
501 55 37 240
188 399 25 94
673 198 1 1080
845 123 31 705
47 261 23 1190
859 315 49 1135
82 326 13 182
956 209 55 160
225 30 50 1061
155 282 43 1007
480 81 10 506
29 101 19 884
482 66 13 166
890 40 25 1079
19 354 32 1425
556 58 56 1393
891 162 4 221
429 359 45 1383
913 51 37 1007
65 193 7 217
571 228 57 1125
191 37 37 811
242 217 49 388
195 80 3 1280
758 142 5 310
173 131 13 1386
379 39 41 795
441 331 19 437
333 176 14 740
343 331 19 376
344 196 56 550
420 372 16 475
859 6 22 715
77 334 16 74
208 61 33 573
456 39 11 1342
260 352 51 48
635 59 7 19
250 227 41 1048
175 297 37 285
757 313 43 87
769 343 5 274
618 136 26 603
364 12 5 802
536 191 34 936
36 271 58 124
717 230 43 248
394 135 8 1406
935 79 43 1209
975 232 33 1444
535 19 4 404
363 375 25 1402
34 287 13 962
74 110 50 1227
481 278 14 546
409 354 25 62
152 214 22 179
122 239 43 1265
776 244 31 814
394 384 53 1437
291 92 27 841
390 160 3 1124
778 286 44 878
341 375 20 1073
441 43 43 1398
260 23 8 261
69 69 13 1238
602 217 13 1373
8 395 25 1060
931 47 35 878
942 22 19 368
562 179 49 229
142 286 3 1208
205 12 34 1412
598 230 25 947
75 181 11 1373
20 101 25 932
549 189 55 1104
596 134 44 38
151 257 2 279
538 200 7 996
543 236 13 940
895 167 49 725
516 294 10 281
31 191 4 1219
994 340 10 399
919 327 43 52
907 139 1 110
541 157 13 946
570 188 21 915
159 161 35 1122
362 139 2 835
251 340 1 1322
362 229 37 760
907 216 49 155
628 149 25 688
633 201 23 1483
397 12 57 53
723 296 13 1177
85 249 1 103
619 245 40 856
874 382 14 112
103 275 13 436
288 380 37 409
482 340 10 170
564 59 1 710
901 76 19 310
524 162 25 385
726 88 7 989
834 160 19 468
884 21 23 205
623 316 4 380
752 54 31 260
419 35 40 1090
269 347 1 537
948 123 27 705
709 390 49 1002
523 52 56 98
314 128 17 6
2 115 50 1481
712 99 55 1469
761 65 10 1484
215 243 45 193
464 246 26 531
936 129 2 788
971 328 49 887
586 272 39 743
330 42 55 867
130 78 11 726
152 78 17 1047
430 312 20 77
72 198 37 102
655 186 7 505
741 135 38 180
852 389 38 418
758 134 49 1105
512 384 7 587
397 46 7 1325
349 398 29 761
110 294 1 526
739 347 31 418
616 226 44 1312
126 231 19 723
963 370 38 166
174 327 45 1307
608 331 4 627
697 193 55 856
756 310 44 772
948 171 11 243
403 330 5 400
167 347 11 537
900 199 7 971
202 265 7 717
621 14 28 36
839 142 23 922
522 178 56 913
62 116 47 1266
780 181 1 217
112 164 2 351
478 360 43 630
153 131 19 1087
551 234 26 429
511 227 47 884
980 349 1 20
514 137 2 472
360 171 15 572
47 29 8 470
983 188 34 544
755 38 38 310
135 382 49 301
795 53 1 288
825 177 25 1257
737 381 19 861
299 270 7 902
608 224 43 1324
559 322 1 401
785 179 1 513
903 76 17 1008
703 45 17 742
953 120 7 1080
360 218 19 648
191 125 23 1068
457 249 7 1039
331 155 31 1089
137 80 19 322
310 220 56 998
855 152 25 592
954 32 27 814
715 147 49 906
757 376 13 1281
755 44 19 191
703 101 55 776
379 237 37 1082
656 163 8 104
571 93 5 218
109 81 37 1348
377 242 25 396
856 120 43 946
263 318 26 1359
851 27 52 987
529 97 1 342
152 110 31 747
161 87 1 854
275 261 13 1182
637 177 59 1356
150 362 17 514
907 334 43 1451
887 193 31 62
310 101 9 584
604 363 19 418
842 288 31 625
120 59 40 1375
319 24 26 661
844 18 1 1344
216 318 13 749
278 295 19 454
150 50 25 180
32 162 10 1216
407 248 11 256
570 246 10 389
302 339 32 1176
562 205 21 281
59 133 9 1237
15 106 7 1246
480 348 23 1279
124 319 55 658
950 331 1 22
596 361 49 115
353 392 25 1233
570 21 1 410
23 296 1 1302
968 355 2 512
987 250 29 756
124 164 37 398
165 121 17 82
609 366 3 37
177 65 32 51
259 8 27 566
26 82 15 1041
96 81 13 783
430 301 8 895
411 362 34 962
630 242 22 980
804 139 7 721
606 391 43 518
805 33 25 1124
767 60 22 1292
856 208 13 939
734 51 1 494
869 224 21 430
685 250 38 1242
523 26 27 194
893 22 44 776
244 234 43 1188
549 333 37 200
721 40 20 1230
376 344 7 1016
247 398 21 1379
148 58 50 803
967 232 13 977
890 90 13 1449
436 91 37 1166
65 322 31 1207
822 327 19 825
348 330 4 243
228 84 37 199
783 78 10 680
732 41 32 1434
477 175 1 1424
201 26 46 222
821 99 25 422
806 92 28 633
983 346 3 235
268 159 37 1021
678 232 27 1444
66 275 35 1027
255 146 39 1017
198 138 16 783
511 367 17 546
780 71 32 35
124 331 5 941
654 291 19 424
406 278 49 487
777 268 2 729
752 25 39 1133
439 325 16 1434
562 264 43 787
989 338 8 1129
456 380 27 1395
533 329 28 1120
167 388 25 861
666 6 1 1328
450 80 7 502
150 239 45 307
574 299 14 886
423 141 13 725
589 316 39 1295
865 370 50 921
98 44 49 185
814 207 15 363
658 324 31 1125
596 112 38 1116
862 354 2 1030
242 122 37 156
819 32 49 244
489 267 34 1420
921 397 43 641
361 153 31 831
154 122 34 564
471 318 7 1136
176 340 37 1337
716 223 35 509
509 166 23 1453
587 177 11 644
479 7 7 1210
683 378 31 1163
392 91 38 1112
254 234 1 1188
264 239 14 1053
463 73 55 716
424 13 19 1270
212 60 20 1392
584 290 10 179
100 40 55 86
324 263 25 1292
703 197 19 630
654 342 7 868
924 126 13 589
539 233 19 1456
822 10 15 1147
5 270 15 724
531 34 43 323
662 41 19 1479
228 298 21 1380
291 6 11 49
27 346 14 351
526 74 50 914
619 169 5 660
335 301 11 774
596 350 2 745
809 110 56 1327
298 382 20 112
189 44 50 22
163 93 7 1415
990 389 9 1287
818 170 37 873
494 2 7 1147
43 108 2 444
356 53 1 402
327 87 1 838
486 186 7 659
848 151 55 388
548 9 29 1402
188 166 28 263
484 23 33 692
861 127 37 1180
794 319 50 1269
664 31 43 101
772 135 13 965
180 397 38 360
173 347 23 1041
135 331 19 666
675 273 26 206
54 182 25 156
437 224 37 784
277 6 43 375
520 359 7 214
679 299 49 612
211 247 27 704
114 51 55 349
625 223 7 1310
422 325 28 259
425 361 55 225
942 40 31 1114
855 93 16 456
256 4 31 1419
846 330 37 1331
872 373 25 1456
827 56 16 1016
416 290 38 390
331 154 43 1104
324 244 15 908
139 178 37 595
181 345 34 1224
67 80 8 983
327 73 25 172
514 197 55 1093
949 192 50 951
985 290 25 470
786 211 19 88
596 385 13 316
290 97 29 1305
968 105 13 1079
86 168 22 936
934 9 9 989
207 92 31 1221
618 395 31 1178
504 97 49 590
648 103 13 875
897 378 38 245
969 251 57 504
661 101 25 1430
301 180 49 1007
16 382 19 302
357 44 14 443
541 100 1 638
112 294 38 85
383 215 25 1326
426 394 19 199
876 292 14 247
351 332 50 961
899 213 4 1438
366 167 23 891
181 25 55 596
327 212 19 915
433 256 49 414
155 365 4 403
300 276 23 1247
777 280 55 131
297 6 7 682
392 56 1 48
654 316 13 1203
888 7 4 1140
20 270 31 1137
253 129 49 669
541 139 55 1087
705 87 20 324
104 392 37 1102
540 311 7 182
474 109 29 620
113 8 9 279
503 61 25 307
269 235 37 681
673 157 7 429
818 5 13 1130
907 123 26 700
694 245 11 724
313 326 50 1410
765 288 49 1460
758 169 20 1425
213 333 4 1246
724 215 37 1292
100 275 31 585
411 27 22 423
674 211 25 804
925 42 40 499
292 367 50 1150
482 240 55 691
395 129 13 693
528 27 22 1366
995 85 7 1141
671 106 7 572
665 68 46 1493
817 127 37 1230
436 326 13 427
497 358 19 755
458 229 5 1321
17 332 34 893
611 321 46 1261
262 28 26 49
916 296 31 1182
160 258 35 41
674 120 45 487
402 248 1 985
423 344 19 642
460 193 37 307
36 352 27 1164
239 114 23 1354
23 85 5 1141
355 192 10 1170
557 217 49 138
717 87 38 1364
642 245 17 699
249 248 23 459
217 400 3 1296
995 160 19 1455
757 235 37 985
759 24 7 687
332 365 19 25
294 307 25 922
222 28 1 1299
159 356 4 293
41 387 7 1172
60 253 49 1285
509 373 13 680
785 176 55 740
686 66 46 166
398 365 5 25
381 19 7 1354
193 61 31 1174
318 96 22 373
720 17 1 1135
916 266 49 660
267 304 49 615
362 195 7 1199
275 151 49 600
419 89 49 1340
558 186 13 530
298 189 1 836
297 310 38 388
137 373 46 668
631 134 40 283
897 139 20 1474
755 205 25 1247
248 287 14 272
572 313 49 530
679 35 27 774
908 280 7 705
530 272 43 682
941 59 2 427
951 91 27 77
346 98 8 617
395 372 23 868
845 130 1 1134
715 42 5 181
157 225 7 323
187 374 55 698
484 194 55 1461
789 396 31 421
909 53 37 818
455 33 49 1309
850 375 25 1480
176 315 14 1017
218 95 14 700
199 245 10 755
780 67 37 854
88 221 13 1085
311 305 39 276
680 90 44 1166
821 194 20 233
716 97 1 1398
638 323 31 759
9 350 25 1298
150 87 9 647
194 317 9 385
931 282 1 334
134 107 21 151
113 111 50 20
14 368 20 426
538 275 40 1193
998 284 16 1351
233 57 16 328
342 277 13 1075
634 51 43 480
277 311 25 324
870 134 14 883
315 13 20 177
399 31 13 1027
34 346 16 397
722 9 21 1433
230 23 31 1056
187 266 7 1202
357 128 1 625
321 222 25 867
388 39 1 190
46 101 17 1011
236 43 28 181
547 10 25 519
788 39 49 750
110 47 23 1088
653 25 7 1192
193 203 25 44
531 91 8 1242
926 332 31 354
162 311 1 1463
412 198 47 225
818 187 44 67
716 206 17 322
638 10 43 831
474 378 8 875
278 74 37 914
125 271 1 428
449 222 32 1276
587 326 19 214
253 36 19 477
19 54 13 373
149 3 21 739
493 122 5 452
380 172 55 712
460 63 56 546
30 359 56 922
68 213 8 1111
204 98 1 421
581 362 23 514
187 70 49 371
509 113 25 1318
435 119 41 68
170 118 7 307
751 190 19 816
907 356 5 1049
904 10 31 977
663 190 21 124
628 60 43 1292
711 95 27 1219
955 273 20 713
338 99 1 575
698 189 43 598
127 392 26 916
899 54 15 1175
230 248 5 758
66 359 1 1499
250 100 43 792
677 10 1 553
100 163 13 520
507 334 13 1358
967 116 23 1226
324 3 7 666
8 211 31 614
11 77 5 88
937 4 1 344
360 363 4 418
311 32 13 866
720 307 49 489
927 331 56 1497
990 351 19 623
675 178 43 858
210 109 2 510
668 285 37 910
220 300 34 902
506 71 1 336
465 271 1 154
148 360 31 960
70 2 55 463
561 243 50 531
282 174 51 764
808 203 27 264
610 395 13 396
964 359 1 980
627 315 25 124
523 299 8 1444
410 159 39 224
496 386 19 213
248 191 32 263
156 314 55 627
720 233 15 311
878 50 1 912
556 41 46 998
455 151 25 678
816 19 43 99
284 58 38 943
930 103 27 536
957 330 9 595
554 349 1 568
740 180 8 1254
722 153 13 845
864 176 3 18
707 157 1 454
32 270 13 49
37 378 21 570
861 363 16 1152
593 301 11 1006
81 263 20 17
735 260 37 852
558 33 20 1337
552 43 1 1283
239 170 49 430
84 370 49 1162
220 384 7 1247
557 299 37 1100
972 324 7 260
559 9 5 578
351 162 39 587
819 148 31 1231
700 115 22 1403
602 15 49 1270
256 250 17 180
153 203 13 1018
85 81 22 1133
170 287 13 171
938 315 16 118
227 277 19 813
977 14 25 1207
903 350 31 322
609 117 7 144
170 225 3 1086
390 144 7 83
539 167 11 870
7 188 28 893
78 207 7 639
171 27 31 190
136 309 13 1089
238 251 37 429
49 113 35 566
791 149 10 1135
852 291 10 424
260 330 19 1022
818 84 1 1009
680 105 8 392
62 114 11 1082
289 248 10 779
795 111 13 1434
733 337 40 1396
292 140 35 305
268 229 23 299
334 116 53 998
117 320 33 1136
490 362 20 589
546 374 56 116
566 125 23 132
162 90 55 1500
788 309 25 1317
568 40 25 1128
9 99 15 1063
982 74 38 1370
521 42 37 516
356 184 37 997
232 351 50 1129
299 286 22 870
373 396 43 174
263 10 43 851
896 21 13 535
921 19 39 314
388 64 13 805
383 227 29 1035
272 39 40 1011
88 306 22 435
262 303 33 1130
941 281 40 275
35 20 51 1197
890 139 31 854
363 377 4 1211
746 375 49 1233
163 352 55 215
575 148 22 864
376 69 55 1238
444 384 28 1019
690 252 55 831
868 80 37 323
783 232 2 1444
694 31 55 101
355 226 37 1053
449 348 47 931
980 259 19 456
904 92 55 628
7 297 32 167
875 145 29 124
245 227 23 155
160 199 31 1248
125 50 8 1157
700 151 10 384
782 161 33 1378
807 87 7 1355
369 177 47 1432
630 111 11 484
271 400 43 398
302 75 7 642
875 85 17 227
289 82 14 688
299 382 13 869
979 105 31 1385
14 147 3 379
342 307 8 577
452 373 49 779
513 267 46 1057
114 165 17 733
601 244 31 115
914 160 7 1455
855 62 44 95
382 34 31 674
277 384 9 919
92 174 10 878
729 244 49 814
453 373 23 266
572 59 25 339
810 217 13 1086
829 282 7 1304
110 299 19 667
300 184 37 775
45 9 13 1223
655 269 37 1216
48 380 55 1333
578 274 8 1468
238 89 26 676
57 288 13 1306
194 378 25 245
767 161 5 967
885 329 28 855
347 71 45 1043
857 269 50 399
78 79 39 663
162 9 11 584
618 378 9 321
384 260 19 844
688 121 13 1307
165 357 19 1111
799 296 50 663
614 67 39 1218
978 272 38 1415
737 250 1 847
943 273 50 467
961 324 50 28
220 101 16 1082
814 47 5 29
694 60 33 1435
177 358 1 1491
826 54 1 881
97 191 55 629
494 66 28 1403
97 318 1 269
939 219 20 849
124 372 11 1271
961 105 1 1216
534 3 21 599
952 72 3 104
335 155 25 350
611 196 3 1178
33 172 22 18
250 65 2 1108
21 367 4 656
885 101 7 884
563 294 29 397
564 301 49 334
806 184 51 101
765 173 17 605
727 297 49 1467
581 399 32 90
121 19 46 970
995 249 4 664
637 146 17 975
515 118 52 1118
320 394 57 179
423 332 44 292
568 300 20 529
125 137 38 457
713 179 13 1301
994 263 35 795
578 60 13 876
167 50 13 975
556 238 14 512
640 61 1 680
540 237 44 523
800 96 37 752
444 114 5 880
590 324 14 308
674 396 50 6
406 300 33 639
503 266 20 1202
70 157 23 887
876 121 17 1382
937 283 13 431
320 124 25 672
111 62 37 1314
382 75 29 877
618 187 37 419
22 397 31 509
90 240 55 941
967 396 31 132
337 151 1 1048
546 286 3 266
335 306 16 1055
465 56 50 849
746 285 15 1187
173 57 26 718
693 71 14 585
564 149 10 1419
718 93 13 537
929 317 44 615
546 13 38 1159
1 285 7 357
689 342 49 1313
851 262 33 420
880 106 22 724
664 379 4 1094
412 275 41 92
608 193 31 502
379 109 25 776
162 141 31 96
645 142 31 499
756 90 56 204
624 319 55 1011
648 25 19 242
892 285 13 495
218 165 11 1155
832 321 26 918
584 299 1 447
262 186 19 1413
265 80 4 1387
302 24 23 914
346 92 31 1132
25 130 19 898
639 168 56 58
106 6 15 1422
529 153 26 831
279 365 31 101
544 128 31 1133
347 72 1 7
825 244 7 1047
577 6 13 570
317 376 49 981
655 221 15 453
25 201 9 1117
88 239 37 11
72 12 23 276
887 232 49 1238
288 278 26 1028
945 41 25 138
513 47 26 239
535 275 11 301
410 11 7 489
642 352 43 1222
680 229 23 361
782 327 31 1175
503 63 56 1464
1000 376 8 1076
811 262 10 411
198 80 7 1280
147 132 13 1471
986 176 19 133
359 20 33 1263
725 178 34 699
280 116 8 1094
271 255 11 404
374 15 55 325
820 193 49 343
394 40 19 716
989 23 16 1134
329 249 4 468
748 50 28 1273
201 305 40 405
835 51 9 1080
525 237 55 789
890 136 44 790
406 102 22 979
50 148 40 535
788 37 37 1429
41 249 13 1375
282 184 37 122
717 178 10 140
713 64 55 365
880 361 37 1448
866 132 19 1122
26 377 37 1211
153 91 25 628
484 134 49 1144
824 303 37 989
573 4 19 1261
568 64 37 728
858 279 37 207
82 340 7 1155
985 296 55 167
945 98 41 763
870 165 17 283
703 140 23 22
345 11 13 1256
625 84 22 1199
250 303 55 127
352 181 3 991
289 338 23 1129
878 394 16 1435
851 154 39 1333
617 59 8 41
356 400 7 1339
489 299 39 950
172 219 50 1385
176 269 50 1182
602 281 56 248
233 62 34 1057
844 397 7 91
628 81 49 686
544 167 38 834
53 360 27 419
586 249 31 79
525 30 3 1364
83 91 32 179
972 79 9 1298
936 280 25 1100
702 341 1 1168
355 357 15 881
346 360 14 454
980 29 51 59
626 62 5 1314
218 35 32 1031
957 259 49 936
498 106 47 1246
238 258 1 764
825 42 43 66
644 359 50 313
354 154 11 558
664 268 14 1369
167 27 5 871
749 399 33 1199
803 313 3 775
735 284 7 1473
791 66 50 798
712 209 29 276
671 267 38 1005
913 273 45 660
584 307 31 30
699 311 19 905
593 399 4 887
380 174 43 845
856 310 37 518
135 90 14 550
582 2 7 912
853 381 43 1034
508 230 20 893
910 347 25 175
976 193 32 217
954 105 55 1137
676 269 13 1216
307 372 35 1173
293 230 37 1421
126 151 13 1060
888 221 14 489
324 371 56 1138
535 167 1 650
201 320 25 42
558 65 32 78
497 169 37 1425
779 374 45 1159
348 302 49 254
496 256 25 1158
134 254 50 123
337 228 34 203
301 102 7 120
691 69 49 374
868 142 5 1057
538 281 43 695
69 88 23 130
908 189 14 1247
179 2 19 59
631 153 9 154
805 335 49 355
594 281 49 248
467 164 46 1397
988 313 37 195
955 236 44 612
859 100 37 425
762 94 1 192
463 235 40 1037
195 102 38 462
422 195 9 754
730 128 7 298
521 151 55 688
774 214 5 1204
403 350 25 745
49 352 31 475
763 222 43 312
230 91 49 511
642 263 7 691
976 290 28 1344
662 126 5 555
214 166 43 869
793 181 27 1400
536 216 19 502
228 87 43 1020
1 23 40 945
233 363 43 7
507 162 19 558
501 233 13 989
479 11 31 1192
823 50 10 1152
30 259 26 55
273 318 23 277
385 224 43 100
677 378 25 1054
327 2 37 868
443 365 23 997
839 128 17 1148
860 356 45 1352
832 103 52 511
25 242 49 505
85 156 15 662
785 115 31 1258
303 169 35 77
214 396 31 1349
209 241 25 1204
307 352 49 70
709 146 7 975
412 382 32 272
936 139 43 1190
867 200 10 1184
761 311 1 407
215 119 37 209
983 124 19 557
459 318 5 15
236 62 8 285
585 307 56 324
441 87 1 1482
912 173 38 1004
462 381 49 1434
891 92 35 449
355 230 3 299
436 365 10 955
237 351 28 1473
442 74 19 688
741 129 25 514
824 131 31 882
959 340 23 1108
195 146 31 1210
377 327 7 333
895 336 11 181
551 384 16 123
858 209 43 1402
52 388 13 721
185 336 35 293
325 247 45 591
138 325 46 146
662 280 1 1326
343 103 5 599
893 149 7 1349
676 91 1 233
871 266 9 524
68 120 2 462
471 129 25 1407
888 327 31 1090
652 289 31 522
75 33 1 282
584 203 43 329
390 226 20 818
683 355 1 440
326 386 51 1372
39 22 21 464
906 392 39 1179
220 356 2 30
37 380 43 1468
542 348 43 442
871 96 43 1343
391 389 13 152
823 197 38 1329
590 41 1 1220
686 321 7 497
746 127 25 613
124 108 35 1428
495 356 14 1128
526 373 17 371
949 250 55 155
696 273 49 636
587 153 1 1443
414 365 2 1162
732 4 25 1051
949 92 43 633
71 34 44 1446
310 371 39 969
921 139 13 1474
769 64 55 703
935 97 19 1279
656 278 19 624
292 214 19 1417
587 3 7 1038
814 136 1 1132
381 243 1 1429
589 299 50 447
727 81 7 1338
180 262 19 757
141 78 27 1166
948 267 22 743
81 41 25 871
867 331 44 1471
502 273 7 478
19 136 22 1114
836 66 43 990
789 357 15 50
244 43 40 540
756 142 35 1210
697 102 43 1253
564 14 22 1419
324 226 31 181
567 252 14 949
809 307 9 838
657 145 13 1433
551 245 47 735
774 259 31 390
936 273 19 636
364 141 51 338
760 175 43 602
725 38 55 1478
272 11 1 799
371 248 35 428
868 337 35 783
256 198 13 1080
115 172 50 1125
526 356 10 1109
345 342 4 549
257 211 45 604
60 157 19 326
500 161 3 274
163 261 17 115
893 321 52 1282
795 31 25 1202
992 272 15 1171
747 27 10 922
508 335 55 1408
780 195 43 351
410 26 15 664
246 82 25 1293
573 250 13 856
501 236 9 114
28 101 52 105
39 253 43 555
105 334 4 96
747 268 14 256
307 93 17 1467
298 388 55 775
420 101 27 652
831 300 22 563
935 265 49 203
170 265 16 554
500 66 32 507
813 127 49 1314
620 74 43 914
828 397 27 91
612 301 11 1161
799 309 7 1089
665 288 55 1065
700 256 13 1055
568 81 5 1297
206 189 44 726
761 152 49 471
522 87 7 1482
114 327 23 792
980 204 33 575
733 349 19 445
648 376 33 1473
740 206 43 1309
236 308 50 573
234 244 21 54
453 18 38 73
795 217 32 97
591 140 5 671
801 32 49 1350
977 209 11 857
685 359 25 1185
689 389 27 1373
149 220 1 998
400 56 20 480
685 182 43 578
626 380 1 1395
122 236 11 920
371 353 3 746
53 241 49 1204
485 355 37 1150
732 251 56 1281
438 111 1 736
172 288 39 509
972 7 37 862
807 13 37 824
31 284 8 1423
854 256 7 842
484 160 37 177
994 363 28 95
297 121 2 184
260 361 31 394
924 177 3 920
172 216 21 234
407 233 37 421
634 225 13 323
474 328 43 164
758 232 57 844
904 271 39 744
265 213 45 692
465 202 37 934
247 349 26 591
149 248 17 95
318 160 8 750
43 147 32 1430
768 29 47 1158
716 166 3 869
78 292 32 204
717 318 19 307
218 211 25 811
317 295 7 867
234 387 32 1220
557 88 19 954
219 221 50 102
24 288 22 920
46 91 21 1355
454 201 1 522
603 345 32 659
12 69 49 1109
571 265 19 842
206 329 52 855
941 14 37 619
414 30 22 306
272 268 19 841
215 201 13 1441
501 42 5 51
393 202 5 1147
606 50 52 837
441 291 17 1320
488 87 25 1455
717 341 14 236
756 305 19 276
647 98 29 171
621 291 5 1050
405 125 2 586
894 186 25 1410
88 263 29 349
869 112 56 151
265 113 11 910
198 213 26 1457
113 350 31 994
566 304 34 615
995 391 25 11
801 190 28 205
480 150 1 4
385 202 11 796
202 363 10 868
235 191 20 1269
472 207 34 553
45 392 20 158
58 356 5 724
37 363 15 1236
980 88 5 469
352 166 35 268
86 97 9 1059
970 180 7 1359
285 290 20 353
599 199 25 1248
50 75 11 1180
652 86 1 1494
700 159 1 949
543 292 3 204
304 168 37 531
58 167 2 667
4 177 19 23
640 366 23 906
661 79 43 535
843 250 35 155
464 132 37 769
917 382 19 553
720 140 35 1292
227 330 29 63
368 295 13 1113
40 307 7 1249
150 60 14 1392
353 114 10 347
874 264 8 1497
479 254 19 734
928 250 1 160
680 340 41 829
642 61 31 946
301 295 38 1033
553 331 17 54
721 161 13 274
585 102 4 289
789 13 19 247
429 260 20 216
262 155 50 1257
957 29 7 573
300 147 25 1346
146 359 3 214
163 282 9 1023
824 266 25 1416
632 389 26 910
368 111 11 736
373 91 8 745
568 281 50 1465
968 314 20 1101
7 356 11 1394
982 224 26 779
588 310 49 826
197 330 23 346
404 124 7 493
698 393 49 1305
535 360 33 1482
67 220 31 2
189 13 37 53
849 349 15 1338
692 58 3 34
142 336 1 109
527 66 7 310
210 194 31 500
731 116 35 168
504 197 20 442
286 71 55 285
101 200 14 776
996 240 19 2
356 82 55 1075
101 134 55 702
183 224 37 437
706 319 31 1098
973 361 19 1276
724 31 1 1202
303 243 37 988
827 352 26 76
17 256 31 1351
378 149 8 1160
400 319 15 1269
636 30 21 664
59 200 1 1394
511 193 50 649
597 212 19 1496
35 214 1 97
696 324 17 897
935 388 37 779
548 314 25 121
457 366 11 848
304 349 31 111
855 287 19 689
35 192 13 147
472 104 9 540
880 135 1 27
522 216 38 635
575 39 9 24
395 99 43 191
807 127 51 192
462 32 7 1393
645 183 4 482
42 198 14 250
301 88 19 1274
301 302 2 26
913 120 5 1368
687 165 2 1130
889 178 46 437
904 133 7 845
704 123 37 1320
771 246 34 901
498 3 55 166
132 25 1 713
33 243 55 567
514 182 16 548
705 47 38 579
954 334 4 1128
662 118 13 674
381 354 37 69
446 297 19 134
530 283 51 829
492 375 15 1212
773 216 31 208
996 99 37 575
140 181 10 1116
363 17 10 663
16 208 28 649
553 168 1 1221
300 221 1 844
810 82 19 964
415 249 21 639
528 248 5 1143
87 290 49 1346
529 322 20 264
732 79 1 1329
839 60 3 1332
604 361 44 1224
254 5 29 447
725 46 13 592
656 116 29 1429
516 254 33 461
527 243 13 748
91 231 31 232
775 31 7 1033
392 108 35 755
46 265 37 300
477 80 13 983
403 47 22 181
231 279 43 1380
485 239 7 374
359 187 26 1447
363 327 20 665
446 169 7 332
836 293 19 196
373 85 11 835
956 229 13 1046
926 345 1 1361
690 97 15 259
858 6 47 1199
56 233 16 819
536 278 22 493
591 281 43 1415
752 185 13 486
429 188 2 1070
950 348 5 1011
681 316 37 1058
606 133 37 1475
714 336 43 1036
409 375 10 1095
293 392 31 696
182 62 51 1369
112 249 28 435
666 268 15 92
72 301 35 1363
423 102 37 451
801 349 57 375
105 177 25 666
671 100 58 638
387 328 7 913
239 25 19 596
142 155 13 1383
715 223 17 185
966 278 25 729
187 324 13 566
537 45 43 707
201 378 1 500
346 294 25 384
722 227 11 1268
192 324 7 728
577 396 1 1428
458 172 40 222
543 368 52 561
288 170 2 685
437 184 7 1275
244 266 19 1268
169 305 1 439
330 97 3 742
959 67 1 590
215 110 25 372
559 331 7 1469
70 252 25 283
572 101 44 437
767 284 43 401
223 131 50 952
804 239 13 1293
656 83 15 251
630 325 19 1442
131 212 7 432
528 395 45 558
915 99 37 1271
376 369 37 473
23 319 7 757
891 55 45 716
785 342 26 906
549 91 19 1464
258 65 33 1294
518 383 8 794
168 324 2 1232
778 347 10 309
360 233 37 1460
447 66 25 1038
289 368 3 1426
144 201 21 602
287 121 37 313
629 113 5 1248
811 3 19 1306
854 286 19 582
182 307 1 753
540 352 13 742
265 187 49 1036
711 109 11 1474
35 57 7 225
930 369 7 606
230 77 19 297
290 69 49 232
536 129 13 1067
131 190 52 1141
319 299 7 1226
163 50 31 1447
776 282 25 1377
683 212 17 659
932 122 37 452
798 37 25 1282
790 26 1 1373
658 147 49 1052
34 267 31 888
669 287 4 611
137 211 50 151
617 273 1 478
94 212 10 1166
231 374 25 751
881 360 55 992
484 208 4 1151
600 293 23 1029
61 385 49 298
517 299 13 738
191 221 20 804
948 158 25 1459
927 118 32 787
474 235 14 575
201 148 43 1231
11 7 19 212
102 152 21 1463
411 336 55 1220
902 118 25 432
815 167 45 870
950 112 49 38
577 236 10 825
542 385 38 756
723 387 19 690
255 267 49 586
903 362 1 134
95 284 31 1011
984 29 13 1118
251 184 8 495
597 298 34 1105
190 217 19 1346
410 15 43 1200
591 105 9 612
544 176 55 156
997 45 37 293
59 274 22 407
932 210 55 2
214 137 13 556
351 189 7 847
13 148 43 40
516 189 21 702
163 39 41 1437
850 85 22 320
241 289 31 342
386 68 32 1016
666 365 11 305
473 240 43 1323
498 259 31 200
249 169 49 77
777 220 15 2
119 59 44 1107
701 17 5 1347
715 392 1 1303
371 99 57 879
500 168 55 1286
848 192 37 30
814 57 46 1474
196 89 1 1412
324 342 43 521
738 126 8 1022
664 270 56 999
742 8 31 237
792 212 43 757
841 125 25 1386
360 307 49 838
732 372 5 1465
623 27 43 1346
874 20 27 185
20 268 37 788
8 12 29 844
270 226 44 796
573 339 55 1384
441 376 21 1342
47 389 10 1017
738 162 10 117
119 190 10 345
376 378 43 465
81 265 34 433
152 315 13 223
389 149 50 1054
379 149 27 548
61 377 19 1211
181 249 49 541
396 53 56 1236
368 382 43 302
320 80 19 1011
519 141 8 549
165 314 31 1153
338 67 13 828
896 240 55 1323
383 102 51 1095
529 181 47 217
42 325 43 151
388 254 27 791
443 61 9 349
857 398 7 1095
25 138 39 48
316 17 23 1328
464 351 43 1448
681 300 28 891
445 289 21 1493
237 70 31 1377
495 22 26 103
809 67 19 1244
960 245 28 1427
378 68 41 997
673 115 25 1003
115 15 27 641
408 88 1 933
921 28 7 1361
826 328 51 1234
958 264 38 121
389 231 55 1206
958 36 51 1136
672 28 31 363
491 282 14 686
221 7 38 358
36 10 2 1269
416 378 25 500
181 88 25 1297
404 143 19 180
40 369 28 646
567 75 37 1278
518 261 26 1281
137 250 8 1331
815 275 1 935
291 349 43 1484
729 331 20 72
597 350 21 1282
230 255 58 820
354 325 3 1148
37 381 9 939
609 394 16 1376
375 39 43 114
656 33 43 137
180 7 45 542
313 295 25 1033
811 215 43 1384
265 92 8 841
999 86 55 1243
101 197 43 1308
380 31 49 724
123 358 51 84
14 260 43 110
116 283 25 1476
155 28 13 239
709 392 43 1117
453 75 9 932
228 271 31 1403
588 6 13 1413
715 363 28 868
847 59 49 592
995 5 17 244
515 138 10 1252
115 61 44 1399
342 189 19 359
207 390 44 234
537 131 32 494
589 333 56 807
46 399 45 522
955 126 16 941
206 390 21 140
243 52 1 1277
771 223 2 268
222 76 27 315
209 353 52 230
192 7 21 586
246 310 49 1239
462 358 25 755
107 40 43 1079
704 47 7 1334
666 56 25 893
362 331 26 1272
560 76 13 1310
791 373 17 1294
985 71 31 1212
270 368 1 806
783 158 49 507
40 283 1 1144
947 229 29 532
591 106 40 1056
390 380 33 1235
466 222 13 1430
39 175 49 476
476 242 16 1115
686 111 44 852
502 399 21 113
545 181 7 991
123 22 34 1383
737 262 11 285
289 101 46 948
404 291 25 424
145 348 37 932
33 263 7 561
147 284 25 99
460 267 9 822
44 278 20 1013
643 302 1 324
563 243 43 896
891 63 37 564
227 202 32 954
796 385 33 149
341 362 23 991
158 351 3 1448
897 116 1 697
682 220 37 749
955 90 1 741
220 155 9 1087
778 182 40 1382
251 11 19 1327
390 172 57 18
464 336 29 394
247 23 13 348
423 196 25 480
872 78 7 1029
825 284 3 772
839 226 19 208
315 95 1 236
85 309 7 1008
818 174 7 1456
38 74 25 803
211 45 47 869
216 266 37 527
415 133 31 993
379 334 31 903
907 28 31 241
343 162 7 234
947 110 50 1397
569 325 4 521
781 208 22 921
49 333 37 346
514 247 22 421
653 200 14 1259
631 191 2 310
269 12 31 429
445 115 7 622
781 190 15 1112
979 55 37 218
923 20 49 454
657 290 34 360
604 159 2 1381
916 249 55 835
768 152 13 774
294 189 34 1041
771 109 17 17
93 328 1 322
74 348 31 630
180 266 31 980
698 293 2 1174
170 335 19 726
58 308 43 1369
59 262 34 1316
853 235 58 721
991 201 26 279
843 193 25 1474
972 101 13 474
457 285 16 166
886 278 25 150
53 209 7 481
293 275 5 1328
132 53 55 1328
473 210 37 316
594 190 7 398
458 391 25 657
833 229 37 810
53 7 31 308
432 202 41 1351
31 95 37 146
984 368 3 1149
915 333 20 556
223 79 27 1209
551 48 37 593
101 276 26 1130
635 273 31 478
984 224 37 915
416 285 7 171
372 292 44 197
989 114 4 1354
347 358 15 133
44 73 43 172
616 102 55 1416
141 304 1 615
164 280 19 585
489 307 13 922
938 8 44 111
920 136 57 1175
812 271 16 840
395 6 19 715
114 97 50 984
897 371 43 746
983 225 43 85
746 121 13 1382
635 391 21 533
99 28 44 1146
548 113 19 163
101 182 40 1177
568 204 14 1390
671 4 10 1374
474 201 17 1209
948 307 31 299
4 139 45 201
62 277 22 240
294 31 43 21
195 32 33 334
12 127 19 569
494 248 19 673
890 337 1 849
598 236 9 5
8 360 8 1132
843 16 21 110
317 169 31 332
577 316 21 821
25 156 34 818
710 381 49 619
781 24 1 1272
441 23 32 1260
255 27 17 373
963 33 49 1454
678 58 14 1074
986 121 25 184
360 47 11 1302
670 40 7 229
996 9 1 1165
41 291 1 424
940 3 43 1174
823 83 7 1161
406 22 1 570
736 245 59 517
577 167 8 601
720 284 45 1010
321 25 21 942
479 91 28 628
825 316 57 487
413 242 9 763
755 127 55 410
579 361 49 566
600 351 19 617
926 398 35 1072
987 323 25 897
860 21 1 691
176 135 25 539
810 382 55 1020
391 295 55 690
274 247 32 1229
769 71 44 752
488 147 13 1139
125 165 49 1071
856 209 34 1351
350 127 9 1189
295 255 7 664
959 106 27 572
677 143 7 630
63 292 50 76
132 15 43 80
699 151 1 1366
336 4 16 171
933 34 1 776
904 225 15 142
65 287 28 1300
889 269 31 742
764 195 25 1200
600 375 4 160
870 238 22 175
110 108 28 1102
431 64 25 1388
50 27 43 558
856 74 25 1196
819 170 25 322
816 8 7 814
261 274 34 576
456 66 43 298
266 304 43 505
425 219 49 1439
904 324 13 533
102 395 43 422
497 105 25 271
64 50 31 121
463 231 45 1039
357 314 37 906
854 116 11 536
230 369 37 460
414 104 17 722
491 373 4 1335
471 111 15 368
396 312 7 226
745 387 37 798
489 76 7 1042
726 93 35 47
313 327 13 219
258 121 1 1483
437 206 23 667
145 387 13 1425
825 333 31 214
124 308 7 976
192 64 9 707
965 44 14 191
243 147 19 791
96 17 55 948
446 99 38 211
234 129 50 874
849 354 50 62
142 372 35 1315
59 323 55 897
615 394 39 471
821 304 43 1014
258 74 19 207
89 202 41 645
1 324 25 1125
901 65 16 1465
795 168 43 769
59 284 28 1010
465 210 13 85
283 262 7 699
310 307 27 703
385 222 2 888
19 62 37 441
566 49 1 35
963 179 57 150
540 333 39 860
27 55 1 787
280 189 49 359
235 400 49 1272
139 295 13 1020
491 88 7 690
77 331 35 626
149 48 55 1101
803 344 37 1029
36 358 32 415
989 140 41 363
403 32 7 509
290 370 34 1147
591 369 37 963
629 164 1 715
270 185 26 486
337 255 37 334
240 7 20 1422
103 51 43 51
592 397 34 541
382 152 25 1283
615 147 13 595
438 78 17 967
676 154 47 8
357 233 25 498
978 217 43 200
978 369 2 1146
864 237 43 1099
109 39 17 136
737 17 13 456
41 270 22 441
320 400 4 1469
706 251 56 858
648 129 43 1106
796 18 1 777
174 273 3 817
515 221 19 295
40 382 43 576
227 193 49 1030
371 180 14 630
658 6 10 715
840 128 11 1234
227 347 23 312
954 238 13 997
846 272 51 681
445 57 15 1189
916 20 1 169
266 140 1 1169
338 19 19 1411
552 96 47 1304
127 329 40 855
625 244 32 350
884 7 4 361
715 136 13 657
230 213 44 1438
191 212 41 1083
401 59 34 1177
885 86 31 243
247 65 55 405
897 113 13 796
12 376 8 1491
829 58 26 949
728 128 43 243
657 375 15 462
949 223 4 1005
752 115 43 232
634 88 35 54
23 72 13 75
961 102 22 271
891 331 25 265
439 87 55 843
971 107 43 1005
252 166 13 670
485 342 32 974
690 11 44 918
518 178 37 458
433 28 25 777
399 396 1 1325
237 278 1 98
51 106 38 878
349 13 8 1340
763 291 11 908
377 322 13 1478
760 182 33 1312
562 175 25 1362
202 37 13 586
738 346 32 451
116 39 29 1202
141 323 35 1135
612 155 21 907
354 316 57 899
569 166 38 1223
842 89 2 392
95 357 57 1239
668 111 1 1136
561 221 33 65
442 313 50 139
468 173 1 79
407 252 49 911
317 183 22 359
286 211 34 842
394 129 37 1067
639 96 41 1343
125 13 19 1159
318 110 44 1457
145 135 43 1347
424 26 10 1371
893 4 49 1419
63 122 16 452
345 268 43 419
223 121 13 157
574 82 37 1068
746 241 2 1266
125 231 26 1013
944 367 22 41
259 166 8 1082
296 62 37 1108
336 320 43 1301
785 106 41 124
520 339 37 556
546 350 25 1397
960 18 1 995
922 179 50 1427
151 301 25 1145
538 120 10 1106
273 149 27 433
740 364 51 1115
77 391 3 143
540 128 37 507
56 121 29 1206
540 223 11 224
8 144 55 968
625 112 16 1019
388 142 11 20
118 69 14 1271
959 196 37 37
714 18 13 186
653 138 34 475
360 84 27 479
778 100 50 594
928 14 19 1247
751 345 45 494
555 85 19 305
274 397 2 360
289 116 31 884
978 92 11 1380
586 64 21 1259
865 38 26 1312
759 375 14 1186
213 307 15 30
654 255 17 1374
287 278 2 947
496 52 11 884
684 124 2 498
934 250 1 880
616 185 38 486
237 366 7 848
252 170 7 551
276 384 40 603
815 74 27 406
397 131 25 237
835 332 55 1485
382 60 20 1435
766 221 13 764
334 190 25 650
721 210 7 856
490 221 7 174
843 57 15 1446
271 254 7 992
571 149 13 988
642 221 14 1367
109 211 21 1294
177 108 17 419
160 340 37 1454
522 116 25 536
350 14 2 652
504 93 11 47
312 109 29 584
937 98 38 169
146 234 37 233
524 320 49 820
450 387 43 584
565 45 26 1076
902 142 43 533
853 91 28 810
748 206 7 1470
38 93 29 1438
754 387 37 193
785 59 45 923
317 302 2 504
91 164 7 485
248 37 26 680
642 202 19 403
786 256 33 834
676 62 4 919
266 227 16 269
203 318 5 489
353 356 5 198
303 121 1 674
958 213 13 1438
215 364 40 1486
48 142 7 688
286 212 38 1298
241 279 39 1314
1000 365 21 1189
224 136 22 657
159 176 1 156
85 97 4 1059
195 354 56 1349
681 168 1 1459
624 288 49 1299
865 91 31 1078
64 156 49 662
770 121 5 1125
370 62 7 1377
735 267 49 1226
319 387 37 266
64 176 56 396
65 377 55 1211
341 164 10 516
809 68 25 1126
691 380 1 1406
16 390 43 63
635 158 19 533
881 58 25 450
251 123 43 715
526 362 13 452
508 286 31 781
959 263 45 691
12 206 58 322
264 362 37 1179
623 312 49 806
713 42 31 242
62 143 43 1212
978 235 16 87
163 195 37 1226
683 390 37 1052
875 186 43 1167
200 268 43 92
952 224 26 1194
776 286 15 66
365 127 9 957
217 260 22 1228
685 184 49 154
583 259 13 1022
35 377 16 1211
153 260 4 1229
936 177 23 966
331 70 13 821
558 392 43 614
933 391 43 1245
154 6 1 704
992 328 55 1043
132 128 28 1234
64 55 13 269
399 54 37 674
659 215 49 653
839 147 31 1331
119 360 15 1494
914 48 31 1169
633 291 45 1050
769 19 21 1127
772 230 56 651
674 270 20 1490
696 237 43 1140
373 9 31 1197
162 345 34 1029
115 49 56 1242
355 299 19 662
102 112 16 859
282 60 1 1082
374 309 16 1089
257 284 10 198
966 197 19 803
177 292 43 462
38 173 4 1245
670 299 13 613
909 158 1 541
806 55 16 1350
917 351 27 260
861 112 19 785
958 298 34 55
231 133 33 359
877 249 39 149
976 388 19 1488
416 77 47 1066
293 104 11 7
492 204 32 1453
11 86 25 1364
7 174 43 892
977 177 19 1240
207 163 1 277
454 119 19 348
643 205 28 1389
37 316 40 536
234 318 46 243
456 117 7 210
259 206 22 1291
197 258 10 310
141 364 22 731
831 295 19 1065
961 235 13 787
635 295 10 1425
179 387 55 313
224 373 7 580
409 173 21 986
686 275 11 659
73 122 7 156
574 170 1 303
911 368 49 630
754 165 17 68
308 178 15 421
840 87 55 177
695 283 7 829
952 94 13 391
367 182 2 413
460 18 26 1393
801 251 20 1021
850 89 50 503
626 219 43 762
504 86 45 1365
294 378 49 500
922 176 15 1213
767 113 25 194
866 349 37 1251
358 87 43 976
628 259 51 1176
708 63 43 1480
402 288 25 920
758 173 1 283
75 80 37 664
148 206 43 319
257 20 52 1263
611 110 20 487
181 56 13 245
853 90 13 345
819 245 22 1055
472 309 14 1008
64 277 3 975
82 327 19 106
66 139 49 126
331 311 7 1171
108 160 14 1114
572 74 37 1006
757 142 11 126
246 396 38 1325
952 101 1 503
951 196 31 706
694 370 37 995
295 14 53 495
331 133 25 143
426 361 7 212
526 351 19 1027
620 306 50 1418
658 160 2 387
274 70 19 781
850 8 3 759
881 353 49 145
509 233 15 415
802 304 8 1090
863 297 19 737
590 157 7 1167
242 223 23 594
911 169 26 508
719 331 19 1239
535 348 20 1431
322 66 38 955
834 259 7 208
275 78 20 989
340 47 41 1010
828 339 35 673
232 328 25 1029
810 99 33 560
951 338 41 809
891 48 56 1169
75 96 17 911
344 170 7 1335
597 101 43 387
478 327 37 648
766 179 27 445
500 108 7 1221
763 287 37 1480
724 301 13 800
751 371 8 760
62 174 3 1231
898 339 10 1398
879 97 57 1395
359 68 13 614
126 253 46 1285
313 152 31 1278
842 92 13 708
211 330 25 1389
254 220 9 929
820 111 37 598
14 84 16 540
98 39 17 773
212 21 26 694
348 395 37 882
813 10 26 1020
520 343 19 1310
669 118 25 959
117 14 14 584
123 218 17 482
674 221 31 1432
775 237 43 1177
101 110 19 1138
162 19 43 381
528 61 31 113
17 73 26 581
687 100 4 79
392 165 20 1043
911 176 22 753
78 115 37 1088
458 181 32 1467
707 384 11 1393
83 13 20 1451
738 190 1 124
418 231 21 1052
383 317 7 933
613 159 37 329
714 250 58 104
655 16 49 1412
692 372 52 147
968 110 55 178
743 246 31 1399
88 238 46 447
994 306 31 563
725 257 10 418
380 110 19 42
844 188 20 1137
316 368 33 630
512 115 4 188
374 6 13 682
43 258 50 1143
797 236 41 1448
584 44 25 101
169 219 40 849
830 113 31 989
323 66 1 1449
629 299 25 1082
865 218 41 932
540 391 1 899
719 41 44 964
523 166 19 1453
784 123 9 1422
707 113 4 640
53 100 9 638
171 41 26 1161
715 70 9 677
401 260 25 354
945 224 1 430
873 67 8 828
547 6 23 682
319 110 1 1198
834 144 25 157
405 48 19 593
793 218 17 1399
89 243 31 24
642 341 27 1151
874 209 25 1342
438 137 51 1026
217 308 37 1300
51 243 33 249
651 163 32 1354
421 196 38 550
723 84 7 158
323 354 25 1163
928 69 32 1324
922 233 39 991
942 91 39 1055
855 211 4 16
5 133 55 354
665 70 31 839
111 49 50 1468
582 294 19 961
194 278 34 1398
800 169 49 642
361 206 5 667
304 171 7 834
534 19 32 1091
748 393 52 1020
198 177 4 1188
652 152 19 1348
727 108 15 434
716 23 9 1185
820 225 19 883
484 123 19 1447
530 235 1 241
721 341 55 830
899 252 31 46
485 147 19 1026
290 377 25 1211
410 114 35 1082
997 355 3 496
370 182 2 1068
522 123 44 907
22 265 22 203
158 304 21 1014
450 50 19 912
552 5 4 787
627 206 41 1205
658 121 23 330
268 390 33 1245
878 112 39 951
42 321 21 565
224 142 4 455
660 229 33 476
790 263 11 795
501 152 44 1002
6 33 14 716
602 369 43 981
629 19 56 1174
839 327 38 1428
665 78 37 1372
150 176 31 740
359 95 1 875
637 98 35 147
533 373 21 1042
171 113 19 1280
902 123 19 987
169 262 19 876
597 45 5 1405
406 56 8 427
976 23 43 889
338 376 37 947
782 349 8 552
422 128 53 1258
608 238 19 175
651 131 25 826
531 240 20 120
322 90 25 832
886 306 40 200
742 115 11 1368
226 64 39 634
663 379 44 1094
756 391 25 684
270 348 17 465
209 381 14 1352
945 166 5 869
860 50 19 250
554 55 13 240
448 18 44 74
573 260 25 1450
284 63 7 1395
912 204 45 694
440 12 23 39
320 301 17 1280
219 62 11 589
13 69 25 1109
508 366 11 568
889 167 29 650
988 297 43 1302
994 243 56 471
682 365 29 456
641 219 40 1387
89 163 16 942
49 106 29 1332
62 61 25 394
619 367 16 1438
430 167 10 556
728 370 40 638
852 352 31 1222
518 218 1 671
361 31 51 21
468 337 10 334
350 49 43 627
648 50 1 186
701 381 21 1434
178 340 41 1060
826 335 15 1479
441 72 27 104
450 97 29 895
26 287 49 609
654 159 49 1085
378 391 21 545
5 317 31 830
781 110 37 1408
828 325 10 1442
346 213 27 695
475 66 15 567
77 307 19 753
450 230 37 248
725 167 20 752
461 366 1 848
739 189 7 1297
765 11 37 480
56 400 39 428
638 239 19 1265
112 24 31 1235
520 303 46 1424
273 133 33 863
393 119 23 291
461 335 9 1306
927 174 44 822
725 82 4 645
128 8 33 489
554 262 28 469
932 37 15 1487
679 323 22 275
343 107 1 209
784 367 29 462
339 113 5 1359
848 292 40 840
462 164 19 872
503 156 11 662
627 13 7 931
205 62 17 894
813 163 1 852
610 96 29 310
2 344 2 963
825 188 45 1340
630 289 55 583
475 115 2 1049
372 189 31 730
422 86 33 1494
172 158 11 1319
979 322 55 771
289 50 43 165
822 207 39 1261
106 50 44 835
194 36 55 933
951 369 1 72
817 50 34 1015
451 13 49 1386
423 251 33 873
139 340 35 6
532 246 43 635
678 121 49 1206
519 317 38 254
184 205 55 437
91 106 17 49
135 329 34 1120
624 176 19 396
96 348 11 932
215 6 7 1422
516 299 13 1208
399 322 31 1314
887 75 11 860
946 163 25 329
794 269 14 1042
319 91 28 1055
488 308 1 605
621 84 11 843
111 207 13 937
60 6 31 49
494 303 52 1424
655 327 25 1349
426 196 55 187
625 382 55 505
392 181 26 1300
96 266 31 910
67 306 50 148
704 5 2 492
733 129 49 1035
650 362 17 952
211 335 8 1330
550 108 17 22
601 375 7 472
850 184 37 701
94 140 14 33
853 60 37 1432
602 383 5 652
168 40 13 1209
800 212 27 289
183 267 2 501
63 151 25 1414
818 292 10 76
588 284 37 14
81 60 44 718
794 34 19 1437
97 168 28 769
794 189 3 461
380 23 40 680
28 306 16 9
542 35 31 1226
291 5 29 492
918 390 2 1367
69 266 19 145
805 183 43 684
137 370 31 117
600 112 13 531
883 149 38 730
336 392 55 932
949 108 13 1096
524 185 56 600
942 361 3 1084
712 342 31 670
476 86 57 768
885 361 20 225
377 293 28 926
979 393 15 97
305 252 31 128
975 350 1 231
905 305 51 261
278 161 22 246
287 29 34 294
945 195 15 193
594 378 45 710
739 336 11 1341
131 211 28 804
895 360 37 661
154 280 7 1389
257 65 21 167
762 6 4 1413
229 83 31 358
388 298 3 879
428 250 1 499
748 145 5 282
328 370 44 1076
399 240 56 1345
292 339 15 1312
345 106 37 572
510 306 7 148
997 124 13 1267
83 255 2 171
570 20 7 500
614 169 13 1226
88 181 19 1373
744 222 51 485
49 248 5 831
176 199 55 163
791 310 13 27
374 164 4 463
634 387 19 1143
153 176 1 679
314 383 11 954
862 247 7 873
759 65 9 528
796 317 55 1216
354 80 43 322
562 256 31 153
321 227 13 1048
43 207 14 984
837 250 10 1159
881 259 3 454
892 22 55 57
376 128 40 17
975 26 26 929
155 39 47 878
321 18 3 526
609 93 5 955
751 276 22 730
806 117 55 947
939 83 16 358
703 25 27 942
769 339 19 38
189 218 5 866
504 18 7 112
671 129 15 432
402 117 49 1110
384 274 13 26
470 238 4 792
378 388 52 408
415 275 5 119
801 87 13 976
462 65 14 529
194 326 49 1320
645 71 19 44
807 190 55 124
707 121 41 784
922 224 21 173
61 14 25 36
251 253 46 555
722 38 55 1284
883 313 31 1196
251 70 13 168
900 108 23 30
899 123 46 596
522 33 2 720
322 99 15 676
329 273 7 636
173 340 11 233
326 140 17 406
418 9 49 1291
787 213 49 839
328 30 19 532
367 161 13 1007
991 44 13 5
487 220 45 71
692 269 49 1172
208 50 1 1083
990 87 27 1023
449 73 21 1158
507 15 50 129
276 104 13 644
48 6 5 339
953 318 13 747
184 243 19 1188
286 100 13 792
686 29 20 318
207 230 20 248
173 249 32 384
526 31 25 1004
810 373 31 777
505 26 13 88
355 169 25 337
413 134 37 120
852 137 1 476
532 122 41 1223
443 326 55 1085
982 97 23 895
559 276 13 1400
527 327 17 1176
190 300 50 588
484 327 11 18
201 355 49 1477
56 373 9 948
66 230 43 544
583 214 17 622
311 210 25 1058
569 127 19 823
366 201 33 683
575 391 25 545
596 270 27 494
525 308 19 605
161 34 14 1260
747 76 33 1042
798 32 1 1393
804 100 52 988
257 398 5 72
497 233 39 365
372 129 19 874
940 157 5 395
762 120 37 962
877 119 29 404
699 122 45 1223
497 288 43 643
131 76 10 864
439 161 34 624
316 60 7 558
29 43 43 1143
912 167 11 851
237 256 55 1198
754 365 32 345
350 269 46 1182
698 386 13 1105
905 354 55 551
121 132 37 542
90 208 3 1103
148 80 13 696
469 131 37 1260
693 44 19 575
932 226 19 925
209 94 43 1085
555 386 32 69
918 98 34 567
981 189 40 526
455 149 19 1210
537 381 13 1065
426 203 25 1018
875 287 49 127
257 240 26 1496
69 68 39 1354
856 52 5 590
809 101 17 1160
763 368 15 642
405 344 9 1029
882 11 13 1132
952 313 9 578
863 193 13 1497
980 91 9 723
155 280 19 929
612 96 37 1206
503 141 1 116
735 363 55 95
352 355 26 996
388 33 31 1109
112 223 20 224
535 143 43 685
829 164 15 1071
964 36 43 356
512 126 29 941
602 313 31 87
441 190 13 146
673 224 31 915
467 24 11 1235
36 346 16 1257
819 15 7 1036
927 33 49 1128
202 49 31 1249
619 207 19 117
492 124 55 319
112 19 7 45
901 17 35 467
787 240 37 841
831 217 31 138
449 66 15 349
45 324 17 284
169 392 49 168
351 66 10 1099
406 355 56 1467
707 172 32 161
178 276 2 778
221 128 17 270
251 37 56 423
521 84 11 414
770 47 25 256
17 280 49 722
2 362 17 134
471 106 22 1343
847 75 40 693
866 213 13 1134
441 104 11 1409
325 273 13 713
720 191 3 876
75 332 21 890
636 289 15 1012
878 100 20 425
59 271 7 1350
923 251 27 801
809 152 32 652
834 291 46 331
255 16 19 187
508 121 1 473
776 109 7 568
368 77 23 1233
166 221 31 844
421 57 31 1080
274 223 44 867
401 400 14 1300
944 245 27 1212
906 299 43 31
57 331 35 693
15 139 13 846
693 157 25 181
459 21 11 1022
898 233 28 903
502 151 28 542
536 282 26 1358
792 21 19 185
332 128 17 1307
216 183 32 533
585 352 7 1099
79 47 19 1116
945 130 19 58
437 37 31 39
349 110 39 42
351 109 31 1482
344 40 38 449
97 378 37 898
271 47 35 579
114 387 25 3
340 205 20 1289
5 269 1 335
223 63 15 571
837 367 29 103
308 314 25 1323
510 57 21 679
177 23 20 1322
143 263 56 326
530 97 7 31
57 388 1 159
20 347 19 920
881 32 37 1488
65 274 21 873
720 400 27 176
467 284 13 944
166 186 3 168
99 176 31 156
358 315 15 543
506 49 22 637
318 270 16 1419
656 155 49 648
895 241 13 1204
77 223 7 879
104 353 49 439
434 184 3 997
319 114 23 786
867 378 19 245
468 332 21 1304
819 139 37 930
882 42 1 810
200 309 37 1089
444 25 31 947
506 118 19 931
669 106 13 1178
88 88 25 104
880 27 17 1346
253 346 3 56
685 21 41 1214
246 11 19 406
627 353 13 994
639 349 37 1478
530 166 35 670
993 63 1 309
184 358 7 1489
939 352 49 215
650 167 22 650
645 162 37 202
285 51 13 722
921 208 22 193
680 238 13 175
575 350 1 260
291 34 55 1442
891 126 17 1484
718 264 25 370
865 373 56 1456
719 386 28 61
245 76 44 1336
450 237 15 55
374 287 31 235
248 316 46 1058
156 173 38 125
884 19 13 1107
263 306 37 787
134 85 19 227
910 157 5 343
664 63 19 1395
241 262 13 50
313 288 7 28
726 217 1 295
532 74 25 126
549 174 13 40
665 12 16 1131
239 373 5 839
663 361 31 1448
857 311 55 328
267 17 10 921
89 194 26 41
431 258 58 356
295 70 43 112
206 378 37 1490
27 34 31 987
61 18 37 1450
219 288 7 399
658 292 37 631
912 189 22 488
988 6 25 998
316 344 15 216
872 58 45 486
548 148 2 1109
651 258 17 235
800 263 45 650
860 333 13 1295
206 159 1 816
530 102 4 19
473 367 26 1150
625 35 38 600
394 314 43 1357
569 365 7 1024
344 149 16 250
683 9 14 895
57 165 37 381
751 120 34 625
317 231 15 293
40 58 38 305
114 375 13 956
19 352 39 1164
277 5 14 1341
483 159 25 1188
799 128 25 667
934 154 7 1004
858 46 50 1165
999 25 49 1283
143 394 19 1224
631 43 26 177
478 57 28 828
343 46 31 852
148 172 46 738
68 201 46 719
52 19 7 263
398 346 25 56
393 51 37 1309
956 163 2 1236
230 309 10 1008
206 364 34 319
764 29 1 34
784 272 25 1234
33 209 1 857
745 53 49 818
760 255 31 620
205 238 31 1445
704 50 9 420
667 69 37 884
197 188 27 348
512 73 56 1123
94 176 32 396
157 131 55 819
372 139 55 1474
715 328 38 1302
842 9 7 1344
818 361 31 566
516 200 7 598
623 255 39 363
761 255 5 439
835 371 2 1014
11 117 32 480
207 304 28 1014
7 220 37 879
768 251 26 273
749 345 20 1399
800 211 13 865
21 349 7 159
981 368 7 140
802 124 31 40
450 349 55 529
424 392 25 166
998 149 7 308
615 237 7 651
586 302 13 102
63 99 32 154
838 108 4 1027
909 120 45 1303
871 218 3 55
730 99 26 331
37 199 49 1248
329 152 49 258
908 173 34 102
770 383 11 1168
601 398 11 582
103 331 15 903
322 378 55 570
786 373 56 699
47 41 4 483
647 107 19 150
226 4 43 545
593 336 45 599
76 202 10 481
734 143 20 968
670 143 43 295
972 193 15 853
203 397 14 509
364 67 1 497
991 96 19 621
219 218 16 542
859 387 55 898
352 95 37 86
201 155 14 1389
946 259 43 209
41 311 49 749
129 279 39 1380
554 153 43 338
623 80 7 436
328 250 17 127
593 144 49 1329
396 147 13 225
458 238 50 1181
704 93 13 493
845 52 23 590
505 371 9 490
250 247 50 1432
339 195 57 1082
326 144 55 533
645 256 52 1368
874 16 50 187
847 315 37 1050
97 212 17 114
581 117 1 210
683 110 49 297
467 371 31 859
705 140 25 1114
465 341 39 1062
454 290 38 187
836 125 25 142
100 227 16 1268
459 219 31 1387
481 314 19 1454
960 349 50 137
601 95 49 250
145 337 3 902
168 317 38 1418
608 333 7 213
752 287 7 611
877 156 47 818
652 275 53 1128
946 293 29 547
132 218 25 1077
334 373 10 1205
644 135 20 1071
729 362 31 1433
210 16 16 1200
627 20 32 279
469 142 29 300
369 323 34 1486
370 38 43 278
616 60 4 487
345 144 49 202
905 347 11 668
304 303 13 857
412 70 2 993
221 338 5 689
867 244 31 66
806 313 37 229
238 272 49 1139
946 38 1 1298
525 302 7 477
820 266 45 1268
921 30 17 258
444 252 43 25
253 386 16 167
293 365 35 1424
927 324 1 1015
637 337 1 617
921 180 1 878
425 251 1 46
283 43 27 48
279 67 25 398
284 186 50 1010
830 51 38 1122
713 308 37 498
206 106 26 724
764 351 4 856
982 260 13 136
871 130 22 58
91 264 37 232
947 341 32 1005
937 72 19 408
418 93 3 257
661 19 49 896
915 82 3 394
223 383 8 709
239 19 1 1446
373 111 23 1001
43 60 10 299
306 328 49 1060
229 237 37 1412
53 283 19 956
531 258 11 623
482 165 4 1067
267 215 31 1019
322 62 13 60
660 43 25 1140
60 351 38 623
838 389 32 1110
262 218 7 839
559 238 19 433
731 269 51 665
226 200 26 931
635 15 49 362
643 123 25 863
918 348 7 1239
942 293 8 1449
827 57 40 995
516 11 43 812
487 149 7 1279
1000 280 1 1100
899 263 29 354
192 305 45 124
782 211 50 218
620 287 25 213
980 154 23 65
964 174 40 582
573 399 15 206
446 148 49 1131
155 345 10 1495
951 97 38 1173
973 45 28 869
126 242 27 1347
532 46 49 1153
107 254 37 791
230 45 21 812
565 341 19 573
442 321 33 1392
140 22 33 1305
653 181 17 1300
514 3 32 125
154 109 13 333
199 236 5 1244
149 120 49 946
67 142 5 609
122 328 51 118
595 59 22 1375
231 332 51 440
669 347 31 159
245 295 52 454
919 334 1 1219
697 168 22 776
931 353 45 1404
775 99 19 1102
598 180 43 973
19 277 1 1433
685 311 8 534
239 79 13 290
445 130 37 782
998 165 11 752
93 333 33 581
536 295 31 1020
26 142 23 126
218 240 7 914
425 19 37 1304
307 86 26 537
554 107 55 660
817 259 14 265
570 369 27 707
851 325 10 259
944 189 16 826
779 212 10 186
251 229 5 1035
272 382 13 909
868 247 7 147
277 316 1 1324
951 254 45 863
901 179 31 513
953 24 4 131
549 240 1 843
340 54 43 1351
883 88 7 149
55 291 20 561
441 382 7 1278
407 297 20 817
699 235 15 205
28 395 37 954
46 58 50 720
840 384 25 1011
332 127 38 1128
468 141 50 262
446 303 13 384
208 219 40 1274
858 87 19 707
629 10 19 740
107 44 55 666
476 193 25 147
740 92 23 451
502 290 37 933
660 373 22 580
823 340 5 811
128 49 50 1127
26 399 43 638
129 211 10 1096
313 157 1 961
321 114 29 880
581 170 38 231
796 216 37 155
929 290 15 129
105 389 38 957
329 138 43 162
173 365 17 1162
5 231 25 535
78 223 13 719
286 255 16 84
14 196 37 260
781 123 28 33
554 21 23 191
749 269 40 386
369 353 20 881
299 190 55 81
784 125 34 1386
828 271 25 261
753 361 55 1311
873 309 25 1008
532 29 1 1118
787 176 7 740
197 373 17 566
163 172 2 712
67 6 1 375
801 181 17 484
740 236 29 1256
896 322 7 1277
35 357 20 839
558 150 55 4
432 237 50 67
916 316 37 1366
16 153 3 693
35 318 5 1176
511 255 5 93
197 310 3 1116
394 379 55 697
188 245 43 678
24 108 46 371
382 15 45 1242
76 265 7 650
429 351 37 510
286 138 10 90
374 4 39 625
633 296 37 153
915 173 23 322
3 109 35 1060
278 224 14 173
847 239 7 1295
147 116 17 1312
987 229 17 361
505 207 32 124
156 343 20 24
877 344 31 642
509 387 19 1058
624 74 31 715
837 302 1 1434
669 237 55 1373
947 122 23 1046
249 201 19 719
24 154 1 281
710 89 7 1107
708 357 32 921
108 352 56 475
718 229 51 1046
8 137 1 218
123 188 20 544
48 356 20 1061
688 62 7 441
106 221 34 1319
77 277 51 1217
339 365 37 160
731 100 14 594
698 55 8 1151
701 118 27 530
430 384 1 658
195 337 1 954
243 23 34 450
510 127 13 252
656 40 1 982
617 338 13 490
698 188 26 27
793 114 22 1082
323 92 17 1308
659 325 25 521
337 113 19 640
646 194 38 347
248 73 2 1190
206 187 15 1138
724 209 23 114
825 153 20 515
179 193 39 23
109 286 25 604
337 361 7 92
819 308 55 605
100 11 25 1107
917 378 13 465
703 250 7 189
898 239 1 165
760 360 13 114
831 360 55 687
816 200 38 238
577 172 28 1009
486 114 33 460
304 363 25 1152
226 124 19 1318
199 211 22 911
215 102 51 622
823 348 43 1286
821 213 37 695
247 223 1 882
159 225 44 956
183 205 31 423
448 242 37 1141
454 87 50 715
475 399 49 708
922 106 19 724
883 38 21 1025
414 357 26 881
768 373 31 1245
856 37 19 554
454 46 13 1164
542 356 46 638
876 348 1 1
499 200 19 70
253 276 10 339
437 398 11 26
320 349 7 331
208 109 38 1346
144 28 50 1471
841 20 38 1197
550 281 9 901
703 200 10 250
263 291 15 960
161 251 49 691
246 382 32 283
480 374 43 68
377 58 55 305
318 57 26 899
903 263 27 795
848 94 43 3
876 347 37 175
663 145 9 510
477 256 25 1339
433 101 14 1160
477 29 22 513
524 275 17 274
427 53 25 1236
225 198 29 1280
627 275 44 1359
55 399 16 769
593 241 25 1266
622 124 15 1329
617 288 28 1306
745 232 44 373
245 286 33 981
207 397 25 360
583 313 25 702
965 271 10 841
318 47 29 1047
16 23 25 496
811 395 31 470
815 11 13 122
276 79 33 666
754 153 55 593
550 113 29 430
502 326 31 198
508 254 7 791
656 175 25 1465
516 249 37 1477
536 2 1 1147
308 129 31 958
312 346 31 1139
894 248 29 1017
580 94 10 57
289 209 17 533
846 97 17 231
984 84 41 172
813 286 56 1021
451 306 9 1138
170 145 1 422
286 392 25 318
254 134 25 749
838 246 1 940
805 205 16 423
981 251 49 1149
723 160 26 468
597 312 7 523
392 219 56 581
931 242 37 772
774 74 26 1105
394 274 33 1021
290 272 7 713
697 176 13 679
712 10 43 724
694 258 19 704
203 327 11 1221
895 92 5 1220
729 374 44 1486
326 59 22 1467
794 263 11 1007
989 202 10 934
889 93 7 1057
64 276 23 500
920 351 19 382
111 267 1 604
281 261 46 257
82 330 22 1372
509 148 28 764
341 237 39 554
398 359 37 108
767 310 13 1219
812 355 19 101
480 298 49 579
333 145 17 767
440 238 1 762
333 206 4 672
383 18 14 1456
869 306 28 1070
896 134 16 923
835 157 43 1249
306 269 22 1172
889 381 55 1295
70 19 37 213
453 320 31 1418
342 298 55 262
519 61 50 1405
838 375 21 808
791 168 44 1427
740 88 19 130
888 312 19 1018
350 194 49 1461
186 110 7 1255
939 346 10 1332
701 301 55 20
643 56 46 1460
120 263 45 263
470 353 56 1404
98 215 25 467
612 184 39 45
754 97 10 69
833 24 31 482
660 5 8 680
7 275 1 545
85 247 10 356
371 113 23 1346
116 375 4 1075
988 107 1 1417
239 265 37 781
77 45 14 116
816 139 49 1357
940 74 37 982
759 276 17 110
872 352 49 1469
746 172 31 738
444 318 23 1081
513 178 43 784
900 128 19 1107
210 90 50 823
492 90 38 881
6 365 37 456
189 4 33 930
354 356 52 145
124 87 19 1023
184 181 5 374
762 370 19 413
539 54 44 189
428 246 49 389
801 330 34 713
68 269 22 1239
222 9 9 1291
63 372 5 62
999 231 37 1420
192 142 27 741
269 203 43 44
672 365 28 1025
42 306 2 1217
447 224 3 1194
214 307 45 703
620 223 35 1277
714 393 33 689
662 358 8 168
243 81 10 686
805 62 23 17
48 256 22 1339
384 222 38 780
102 193 49 1497
271 252 31 968
626 368 16 360
315 340 57 488
679 200 1 1300
906 216 22 750
788 2 7 1077
274 212 46 695
469 346 55 1434
928 116 55 1038
566 33 15 388
291 392 31 1097
352 399 45 28
278 58 55 482
649 287 4 1480
397 226 13 578
439 2 7 811
468 310 3 258
669 305 45 276
889 211 3 574
741 12 5 524
966 269 4 1239
359 146 23 1017
97 112 13 785
556 127 20 727
927 365 37 1036
777 191 31 310
675 386 23 935
632 45 17 75
147 256 45 1481
977 123 7 1163
282 346 32 1058
369 65 16 1108
959 147 19 481
336 311 25 328
515 214 13 1251
676 128 27 1258
460 375 33 1325
352 73 32 331
598 149 20 548
232 8 13 158
796 85 31 645
305 304 8 1003
153 335 8 926
821 57 7 718
757 315 4 1135
262 44 43 359
1000 398 19 230
396 99 2 572
876 244 31 1193
995 302 37 1002
755 170 31 47
715 293 25 419
470 110 14 67
225 384 1 524
113 222 56 1357
412 346 43 1445
421 304 45 886
278 3 50 478
764 235 55 205
300 41 45 306
116 361 14 1311
951 178 19 751
423 340 1 373
940 144 25 1031
744 190 19 202
763 383 2 238
592 205 31 838
367 135 49 289
731 195 20 1225
486 151 49 1354
565 97 50 1279
527 257 31 1490
548 98 43 1235
913 106 33 746
91 270 51 1166
741 288 49 1065
319 143 19 1329
375 292 33 129
998 128 1 330
686 74 25 1006
395 87 31 1023
189 337 45 840
312 188 34 1137
677 302 50 150
359 364 53 653
658 165 35 754
969 315 26 976
428 68 23 1335
902 261 41 484
95 91 9 1431
832 269 40 75
636 103 55 283
810 248 29 47
295 247 26 879
727 12 13 1488
596 275 25 547
729 280 25 131
534 327 13 707
203 273 39 467
499 95 13 611
342 17 35 183
426 69 49 1445
339 106 25 407
191 363 13 1152
524 46 37 632
33 281 15 1310
772 334 19 1254
122 63 20 1115
86 24 11 661
433 138 16 796
319 284 31 57
473 281 52 380
447 311 38 1243
615 171 35 10
491 182 26 794
786 274 46 882
723 317 44 681
216 217 49 1318
884 142 17 499
821 104 55 1240
253 317 27 933
297 273 49 713
809 273 39 1
711 161 16 366
587 204 32 80
665 13 9 1014
390 54 38 1208
478 354 13 1100
266 250 13 580
774 229 10 1369
436 54 44 839
936 369 39 72
884 146 31 1255
461 49 57 1426
426 397 15 479
386 127 37 1273
951 327 9 1300
280 130 19 831
425 328 19 797
474 317 19 1418
296 334 4 1163
704 201 5 279
97 351 8 224
98 364 3 1486
73 157 9 570
74 148 43 1449
472 167 1 1193
72 58 43 585
557 312 14 683
934 77 3 297
937 397 7 479
23 352 20 1154
213 131 8 575
290 216 10 502
909 392 13 1344
187 373 23 767
680 115 4 996
449 300 10 67
786 90 26 816
290 38 37 302
804 294 29 1170
659 37 45 1237
427 368 16 1117
190 181 1 1116
413 331 17 72
312 11 25 358
884 332 25 1244
883 207 55 1259
952 145 34 73
533 387 13 715
788 34 43 515
314 303 45 509
849 94 33 1262
556 394 34 751
166 377 10 52
177 233 28 35
512 232 21 1444
882 95 25 785
401 83 37 1161
487 242 37 715
940 186 31 240
183 183 15 1039
855 17 10 445
972 326 32 337
264 367 41 656
600 167 11 1365
10 339 4 264
316 365 1 1402
477 206 20 1205
787 201 11 1209
900 299 45 1042
991 92 43 43
750 327 7 86
229 382 55 438
117 3 1 666
386 44 19 93
983 192 7 560
171 169 8 143
742 347 47 312
935 112 26 972
239 134 45 120
944 12 1 1034
864 85 47 157
878 149 13 963
101 116 17 877
473 378 1 1490
438 196 37 1113
180 297 21 462
181 163 45 983
783 179 43 1068
680 353 1 1405
548 105 49 455
726 90 26 856
922 145 37 1287
557 325 22 49
728 278 4 623
995 10 55 1194
866 236 57 800
774 51 43 183
67 365 16 997
882 125 45 823
790 262 9 804
975 255 31 171
990 384 59 1044
867 318 2 1461
627 183 1 637
453 368 55 610
348 115 7 672
175 64 43 774
161 377 28 1211
78 294 35 1040
751 149 31 792
231 219 7 849
845 229 49 508
1000 207 49 1295
798 256 49 1399
401 140 23 43
85 349 25 807
270 183 7 1228
256 123 25 682
158 290 43 754
810 191 9 854
941 308 33 338
537 17 41 777
338 82 22 983
599 143 49 1212
710 226 55 758
208 97 23 377
973 167 47 529
723 173 9 679
819 167 5 529
127 242 43 980
196 21 29 128
574 100 46 647
272 5 23 398
830 378 43 1163
586 299 8 1013
391 391 25 108
506 154 13 677
992 295 8 360
462 306 1 1355
506 286 44 1395
230 188 25 452
237 270 39 633
988 145 31 639
70 9 17 26
670 201 11 1432
383 133 32 599
684 318 37 1431
267 169 5 642
962 365 25 1045
449 189 37 147
118 229 5 1243
736 348 13 1335
249 25 2 785
7 116 46 353
281 97 19 1493
366 325 15 86
906 235 19 273
135 129 43 874
737 50 50 121
891 229 10 1187
569 101 9 1123
61 259 43 1386
191 81 55 446
92 133 14 770
1 232 44 844
505 17 57 386
744 125 49 903
946 78 32 734
107 87 13 917
346 314 22 1393
957 13 27 501
592 98 17 1223
203 11 21 1039
833 355 49 737
25 220 25 135
304 285 19 420
660 75 5 1180
758 63 25 597
225 183 15 246
282 267 10 1492
710 49 28 998
327 208 13 921
453 359 43 1069
119 180 34 144
974 27 7 85
847 159 44 590
340 287 37 404
565 238 14 968
601 397 37 541
573 382 43 1175
363 81 41 1402
132 208 4 649
953 249 45 1419
828 368 22 170
668 310 31 1027
413 223 7 351
621 200 25 477
396 208 31 1151
886 120 1 702
412 100 9 563
783 222 13 888
387 218 27 691
212 289 13 522
200 113 8 111
274 343 16 113
451 95 1 1122
992 287 51 272
63 289 55 403
802 137 15 1356
686 349 31 1338
160 24 5 1012
483 247 37 1443
916 79 7 981
948 265 39 546
413 178 28 1484
794 167 1 356
881 176 16 753
205 355 39 448
576 247 37 1109
323 198 50 732
336 102 21 1480
437 181 17 1116
278 302 7 150
359 400 43 123
944 51 31 1289
747 101 25 714
246 267 16 326
31 230 1 629
256 169 7 77
644 314 43 906
676 65 19 1311
812 76 1 1341
102 145 31 901
400 276 5 776
314 55 31 414
550 59 52 519
497 341 1 1330
696 195 20 1271
294 117 19 628
414 91 34 649
140 203 55 282
887 246 7 521
224 67 43 481
613 66 25 1403
272 177 31 770
595 333 19 455
91 293 10 747
718 123 2 833
746 243 8 777
13 292 3 631
686 200 37 1106
240 369 16 1123
976 156 37 662
322 182 31 281
530 75 9 862
862 120 40 46
171 246 44 1450
711 285 37 63
667 256 25 569
518 124 19 414
436 199 49 163
634 243 3 1388
140 192 19 951
679 371 55 1285
307 174 4 449
362 364 39 1466
588 11 19 459
458 388 34 71
584 227 19 388
888 215 51 370
550 342 34 270
758 366 41 912
334 18 15 367
403 296 43 501
652 17 35 520
196 255 38 832
162 54 14 241
630 375 1 138
195 85 29 214
426 97 22 1040
618 14 5 493
385 71 25 585
392 359 7 1499
933 249 15 436
743 349 19 1178
879 41 46 714
427 193 9 1272
2 396 37 532
657 54 51 152
444 261 38 385
171 390 55 943
541 313 37 215
137 270 1 149
134 277 3 364
847 312 55 1207
920 152 7 1198
464 143 31 1069
512 378 37 371
432 357 37 1339
530 126 47 1408
950 140 47 1205
820 372 31 689
16 13 33 1141
305 393 1 437
377 35 1 333
490 159 38 589
192 327 40 460
243 228 7 744
513 308 13 148
5 348 7 279
261 345 16 1255
586 363 43 418
808 141 46 1382
341 244 1 350
309 86 25 1494
148 40 7 850
852 37 27 220
481 52 41 168
431 276 1 1019
450 82 25 1010
47 172 38 1009
507 263 32 650
395 230 52 299
973 318 25 964
125 241 55 1204
123 301 14 276
717 123 25 866
261 180 43 909
96 229 5 1273
540 26 20 384
477 249 50 1378
330 208 19 722
577 181 25 1406
416 345 10 1282
136 247 3 704
384 395 43 239
630 133 13 76
205 136 7 1459
653 307 25 1249
213 141 38 872
282 78 20 793
200 304 20 1090
370 75 9 1190
513 61 3 532
94 316 38 268
420 146 8 1485
915 267 44 168
961 358 55 755
898 200 37 255
732 39 11 161
525 294 33 526
343 51 25 1122
308 175 49 1429
863 220 55 419
826 72 20 289
700 221 19 936
315 93 17 257
393 115 16 348
296 339 2 714
844 160 31 744
895 79 33 1065
845 281 7 536
985 200 44 1105
375 3 2 1349
965 234 2 773
486 375 15 138
10 343 23 1145
133 235 43 1012
890 278 19 435
626 79 49 941
568 51 55 294
438 371 25 969
721 13 43 834
352 115 23 757
601 281 25 1157
829 320 50 933
357 28 49 1343
372 269 3 1402
747 359 1 747
613 195 7 1229
546 214 1 837
980 368 26 382
391 365 23 1357
88 201 17 862
191 73 25 813
525 27 23 1460
298 377 58 52
128 370 37 10
948 19 19 404
630 35 4 681
672 41 1 885
284 395 55 6
827 284 4 1357
355 116 23 656
805 35 37 771
149 123 46 349
799 250 40 1311
420 32 37 407
179 369 43 460
777 195 50 754
13 41 13 300
826 112 7 1116
79 231 7 383
254 135 37 766
749 108 17 861
139 78 50 1453
863 152 44 1023
53 145 5 1311
940 370 55 1381
822 323 25 1052
705 89 43 1051
685 151 32 703
687 72 43 963
643 300 34 804
973 77 5 646
413 349 20 616
701 378 13 1142
10 392 15 294
260 218 22 795
114 384 5 1106
264 209 26 858
776 213 37 1134
798 273 31 817
314 161 28 106
684 93 10 483
674 394 2 161
41 359 25 655
236 146 19 222
236 324 1 1125
395 133 7 136
273 108 37 1192
639 44 19 92
755 269 43 206
295 131 31 318
610 173 37 1482
485 330 45 595
963 187 25 659
365 360 55 459
443 273 19 374
406 229 20 1368
580 274 7 692
744 127 26 767
681 363 19 95
240 160 49 468
33 187 31 810
757 123 25 159
720 286 31 346
706 11 13 1202
770 317 13 1443
622 116 13 998
833 115 10 672
894 302 37 50
284 181 20 1406
652 277 27 1331
33 327 19 85
17 152 19 1213
976 33 3 121
901 345 1 640
577 159 49 1486
961 305 37 273
764 286 13 1172
383 204 43 88
727 29 5 253
706 182 8 1311
466 22 4 952
13 309 21 1008
986 310 2 1041
644 109 9 88
244 271 23 934
469 380 10 865
760 134 4 734
180 160 15 1088
778 378 31 583
199 351 16 1473
366 273 55 103
47 120 17 1475
338 65 33 1108
207 89 33 1189
716 157 31 1107
862 61 25 783
269 8 13 298
32 68 23 866
12 178 55 595
250 313 19 1200
128 241 43 1266
499 387 43 328
752 345 19 1231
57 152 8 1357
636 163 31 277
156 248 29 922
482 143 19 97
431 183 34 458
989 279 1 207
88 6 32 339
235 196 44 573
854 393 50 1428
31 222 50 49
342 60 31 1154
702 336 31 1205
50 84 31 135
229 314 49 905
622 380 44 1345
268 136 16 255
538 264 49 56
372 160 7 165
650 56 13 1227
399 297 43 1259
130 382 49 477
744 45 13 896
790 266 57 1296
538 376 19 463
253 400 13 498
459 201 47 927
327 33 31 809
248 163 40 1183
430 237 51 517
722 212 26 1065
522 73 32 1370
30 287 1 1256
910 215 7 610
699 171 13 1077
341 385 31 578
452 242 56 1331
897 317 49 768
153 251 31 828
526 3 32 278
69 345 49 765
58 4 14 1407
531 182 13 156
16 31 7 1027
771 231 7 426
707 126 15 927
808 44 31 1416
62 73 19 1394
309 343 29 912
596 84 17 1471
691 172 13 1274
180 30 1 1183
979 258 23 546
242 79 43 142
234 15 7 354
353 153 37 1469
928 360 49 719
652 130 49 58
80 12 7 802
521 75 16 1237
252 256 37 671
533 134 49 1038
576 142 35 1286
743 384 10 935
869 215 31 370
666 173 19 1220
435 194 44 1115
29 259 50 1289
51 345 22 765
114 8 31 1395
121 279 55 425
188 89 33 562
172 335 55 646
76 64 49 481
15 183 37 51
110 70 32 439
293 87 1 567
582 264 31 377
165 346 43 1257
466 64 43 1388
712 118 14 12
79 10 31 765
859 66 19 887
96 45 22 1405
561 178 40 1202
644 232 25 1046
900 387 50 568
718 49 34 970
929 247 37 356
403 235 13 210
799 284 13 1377
938 49 50 1500
271 122 40 156
721 267 1 383
725 307 1 395
229 230 7 629
719 30 5 933
433 389 52 157
483 303 52 1086
418 202 25 698
806 101 10 635
99 256 27 437
492 386 13 641
122 291 17 267
996 164 7 145
712 238 22 588
587 203 13 264
714 387 1 1035
422 192 25 560
59 124 37 1103
991 121 5 330
931 100 14 647
832 161 37 552
142 293 39 102
991 70 9 993
738 58 38 487
323 120 13 701
525 239 13 11
42 377 39 52
552 257 43 97
1 181 19 223
543 69 7 363
374 322 9 1360
190 265 3 228
741 122 32 452
740 45 38 1405
303 60 25 1332
741 395 13 1243
45 103 7 301
689 181 14 374
797 300 49 651
575 157 7 547
440 16 44 187
673 367 9 450
807 284 26 287
61 141 13 458
707 250 13 815
58 299 19 880
767 259 39 392
749 336 11 925
941 62 22 945
952 308 20 608
879 250 17 1368
303 335 7 322
699 60 37 558
774 59 1 1028
414 36 50 1189
739 6 5 682
406 397 25 739
736 279 28 1314
74 15 7 336
250 88 5 324
166 305 26 1043
590 377 4 52
588 67 43 1296
954 264 7 1256
355 193 27 1419
565 24 11 2
161 47 19 357
92 387 38 3
471 189 49 560
34 360 43 1132
24 198 35 765
255 165 22 228
606 64 13 834
620 278 28 1032
334 73 32 937
340 298 31 236
695 284 19 108
694 159 45 816
702 322 7 129
423 166 47 1082
941 378 43 1490
351 41 28 1186
77 37 43 76
493 195 31 393
139 325 16 1442
808 365 5 780
9 230 33 1421
862 136 22 1175
860 249 37 167
327 346 43 1279
772 289 49 1012
751 254 25 284
90 260 27 1143
154 138 21 236
213 71 43 421
337 352 40 742
692 79 39 1385
586 366 35 906
512 303 9 15
473 29 13 286
218 359 21 343
758 17 17 592
736 391 50 470
857 365 5 1073
671 177 5 1052
912 142 53 637
98 318 37 383
84 111 23 227
93 12 13 1228
744 303 44 693
872 305 55 1151
182 385 19 626
253 275 38 939
765 178 1 966
833 46 39 639
198 194 55 928
752 177 37 588
589 395 26 587
553 165 23 1244
493 298 40 1139
55 14 25 1380
701 335 37 636
524 58 13 943
69 384 1 681
622 273 37 103
975 320 39 117
4 274 27 1108
938 74 1 914
760 319 20 311
356 289 44 666
184 222 1 1315
988 321 51 220
736 133 20 801
828 347 41 309
984 59 16 1024
750 132 43 267
524 55 32 1401
370 154 5 223
575 177 29 653
175 278 56 862
768 116 44 884
681 358 31 982
746 318 35 1008
60 350 25 267
212 323 16 1135
574 272 28 269
852 138 50 1164
671 243 27 295
265 184 31 1275
264 252 45 1011
238 185 43 486
83 199 37 971
258 319 7 820
399 400 51 384
70 68 3 866
793 133 32 327
445 35 31 224
38 291 7 1050
536 390 44 944
684 27 7 1153
240 2 44 1364
271 159 25 771
729 184 37 870
461 334 21 1302
152 80 57 678
672 317 43 933
472 119 20 226
989 383 21 494
285 370 37 515
622 8 31 1347
200 367 14 103
844 242 10 178
287 116 31 603
767 394 2 1425
291 279 7 1414
837 313 14 8
91 202 20 1424
985 56 14 763
15 233 10 770
359 161 7 106
596 351 10 730
93 291 5 696
768 11 49 950
108 103 2 559
480 271 21 692
775 346 37 424
675 310 2 518
882 32 20 572
725 175 37 710
554 400 25 752
243 391 43 228
484 175 7 787
863 334 1 391
569 227 55 190
636 270 28 441
105 84 7 997
365 214 7 1441
992 74 31 1449
875 302 25 26
992 36 20 629
82 343 41 194
356 164 10 485
684 63 25 1148
518 91 10 240
678 42 31 59
141 140 37 1010
3 198 49 1261
404 192 33 835
213 233 25 1252
280 386 3 810
540 398 29 308
44 23 37 1379
396 206 11 1470
571 302 1 1301
956 378 37 885
848 220 14 347
549 382 43 653
764 260 22 119
822 67 31 325
708 398 49 1174
846 174 21 365
293 127 20 1446
692 337 37 1441
984 354 25 69
227 325 34 86
594 237 38 1473
534 196 8 446
693 17 29 75
825 51 13 1414
734 271 25 553
654 369 21 460
486 84 47 1129
718 87 38 67
260 197 13 519
615 45 20 1076
373 18 39 725
298 138 32 425
568 61 31 1168
467 163 16 416
743 210 44 546
652 371 7 1079
963 153 13 1191
536 126 17 1245
969 259 1 140
876 285 19 169
542 114 53 106
908 204 40 1495
996 343 4 870
953 100 34 572
77 287 25 1426
186 278 25 38
415 380 16 1026
815 260 9 761
122 39 32 443
439 299 19 159
481 373 23 1404
305 356 51 72
619 273 1 636
246 365 23 125
861 242 13 1347
342 200 22 783
318 6 37 991
353 381 49 1112
919 353 7 719
428 251 26 504
233 377 13 1211
777 54 37 1175
222 103 5 886
436 89 25 595
565 140 1 754
67 101 14 957
741 136 43 911
696 318 5 254
680 197 19 1278
10 183 37 1222
190 287 14 1480
373 287 16 549
795 326 7 1197
58 161 7 1434
760 215 7 73
595 378 49 570
541 121 7 1206
881 285 32 524
769 105 1 722
910 9 49 236
70 139 7 835
1000 73 32 812
730 394 57 161
129 356 27 1177
300 287 4 1133
909 146 7 134
533 289 31 1493
670 231 32 537
66 220 37 566
968 177 37 546
298 173 15 1307
73 181 17 1406
56 297 31 1183
998 118 40 1181
261 399 2 1199
677 50 43 1329
407 138 43 621
784 322 13 1277
313 171 3 942
480 297 31 869
879 276 5 601
733 299 8 738
272 377 45 52
466 117 49 947
155 213 26 557
311 92 5 841
977 34 1 1437
948 321 34 418
783 397 34 479
923 132 3 853
103 205 58 954
189 224 7 594
68 325 25 1073
562 226 37 958
811 283 50 1333
38 168 1 172
521 231 25 723
545 267 13 868
640 67 38 328
144 36 13 477
874 213 1 466
870 233 57 906
172 382 7 909
688 101 43 1431
73 24 5 1121
885 249 40 1452
696 152 56 107
960 112 37 1442
951 277 16 1394
339 27 9 274
238 35 31 1330
770 23 49 15
648 119 22 1394
973 315 13 966
104 90 55 1430
119 172 51 712
258 376 43 1072
111 183 10 900
466 360 31 244
542 327 34 299
75 193 25 408
944 336 4 829
734 47 55 1170
271 102 13 108
505 62 1 1273
477 136 40 1442
22 145 17 1018
557 358 25 746
240 355 1 1477
380 279 46 115
344 376 31 1043
519 18 19 485
193 337 37 476
349 7 2 907
275 203 31 1496
425 29 10 573
645 79 14 1161
293 20 16 987
41 40 39 926
64 300 25 1206
831 110 13 1439
764 388 38 159
350 159 4 267
573 85 23 1148
973 257 16 271
730 146 5 1255
354 243 31 1156
592 92 29 559
85 342 19 1350
457 56 46 893
672 257 13 15
401 112 51 736
692 206 21 694
28 229 1 1368
494 236 25 352
27 133 7 195
217 13 25 79
999 263 17 650
838 91 7 275
582 109 1 1060
708 293 13 754
80 118 31 722
160 141 22 293
207 198 16 1360
470 100 19 947
181 218 5 233
558 389 37 1078
637 236 21 862
186 375 28 1265
994 341 37 573
651 11 19 686
582 324 11 566
982 263 10 263
175 363 16 418
651 188 13 222
314 177 43 1142
12 328 14 1401
565 108 31 1312
750 306 13 1070
147 276 20 742
437 146 15 1485
108 153 26 296
449 335 55 231
756 280 1 514
653 94 31 541
513 290 38 179
90 211 13 1448
781 94 7 646
313 151 58 1229
459 371 25 701
719 194 39 668
643 287 55 1480
200 336 16 501
564 390 37 89
632 22 55 323
924 31 9 316
476 42 2 1411
796 43 26 215
851 369 16 1318
639 128 4 850
98 342 19 670
657 347 19 312
762 2 39 373
731 68 29 701
86 354 25 843
325 7 21 1007
830 255 11 820
121 114 35 1023
338 96 31 1343
295 38 19 1117
308 300 37 647
887 355 13 482
214 324 49 147
389 55 28 1049
946 225 15 89
378 224 33 956
703 294 5 271
483 392 33 1195
408 154 37 981
779 324 19 728
242 300 3 648
699 20 9 185
769 208 37 335
831 59 40 1213
785 52 23 1417
406 284 39 755
850 192 45 64
139 130 25 898
744 315 31 1393
658 283 15 991
356 274 28 915
983 287 55 1185
713 15 19 64
288 196 49 948
21 305 37 411
221 300 45 639
621 228 34 88
511 64 25 634
888 14 9 1378
94 389 7 888
628 382 1 505
780 303 22 1464
805 385 8 416
62 282 14 709
761 145 55 638
515 113 47 352
7 378 21 875
748 268 14 691
737 78 5 220
227 146 4 974
529 49 13 1140
318 191 13 48
946 295 7 1405
611 17 37 75
236 383 13 238
181 250 20 917
244 260 50 900
40 53 13 402
382 262 23 257
970 176 34 1213
915 34 25 1063
234 68 11 110
789 69 51 1037
608 325 55 49
664 154 10 247
709 97 40 510
736 193 43 1272
320 166 23 268
535 357 14 1296
719 77 1 897
714 216 19 571
352 172 20 161
755 66 8 188
805 292 19 840
987 63 19 99
57 46 19 592
803 255 43 93
394 190 25 244
183 14 23 1207
639 232 7 1074
548 225 7 1195
728 142 46 1332
698 81 35 506
106 116 58 1038
499 248 1 811
289 106 21 1215
713 205 25 706
311 219 45 699
555 227 11 236
994 332 21 1091
329 32 26 982
735 291 34 1050
614 367 5 41
270 328 49 29
123 207 1 1500
684 165 33 785
479 193 13 23
972 231 49 426
605 182 43 895
943 186 37 1167
115 276 35 601
507 318 7 1399
925 284 25 1036
940 251 13 229
702 388 20 721
461 347 7 494
349 85 19 122
351 71 55 829
41 283 31 775
45 48 49 1169
315 326 7 1453
606 376 7 1281
871 12 35 1007
25 121 1 784
323 191 10 601
809 353 28 719
831 32 1 913
95 150 13 4
129 169 29 337
864 12 31 560
192 8 56 340
719 262 37 1234
617 365 19 1402
300 288 7 365
999 175 1 206
634 60 27 698
697 292 4 1474
50 321 15 811
929 276 13 1052
254 19 58 938
517 329 10 855
8 253 43 1285
385 40 37 613
852 14 17 317
188 191 49 567
436 159 4 584
592 215 45 350
828 143 1 1212
979 385 19 682
679 340 8 249
632 343 19 1012
4 68 38 1182
667 113 1 1378
755 282 49 1389
778 197 13 734
171 250 5 587
229 50 19 837
180 360 26 1250
918 148 31 1287
4 149 4 509
292 243 21 301
824 38 7 1286
496 216 16 428
317 102 33 1455
83 8 13 1001
563 368 4 277
186 262 17 914
320 195 49 842
264 96 34 1153
926 44 55 860
491 269 19 21
918 341 19 412
495 274 4 399
570 192 52 117
776 114 1 789
761 277 44 877
302 69 45 374
298 197 43 244
517 212 57 1172
839 237 13 1294
1 180 10 545
534 126 17 1408
311 207 9 8
670 317 37 621
902 180 33 412
177 200 37 1468
267 67 56 802
503 224 13 784
342 227 37 35
109 2 13 59
495 247 43 285
278 350 44 527
65 305 13 1451
977 322 50 1277
29 44 1 536
366 381 1 533
358 53 19 1236
637 284 27 401
49 162 7 155
404 26 2 1338
591 24 1 482
295 235 13 382
219 330 13 622
704 138 32 176
97 281 22 380
563 4 56 486
880 86 13 253
902 194 3 1001
949 225 39 1407
582 208 56 1103
889 324 1 1159
464 201 23 372
310 50 19 121
793 23 9 456
835 16 25 187
335 362 29 302
189 38 13 1286
448 258 1 1392
798 297 19 941
827 332 55 1144
388 275 23 547
578 20 19 152
52 392 19 1450
965 265 43 1093
471 378 55 19
983 24 1 131
925 89 20 1051
595 87 31 324
191 76 11 6
787 218 1 649
57 212 29 929
631 31 31 925
272 370 37 1381
885 225 43 230
303 354 43 1100
853 62 10 1279
533 225 43 370
952 330 7 63
104 102 16 108
80 66 34 892
152 64 2 925
512 362 19 137
89 298 2 1453
20 311 27 407
473 261 19 789
178 327 33 472
781 111 13 1498
403 333 31 226
526 331 7 474
454 193 25 731
204 346 19 871
803 327 53 728
423 270 3 694
936 318 14 161
646 12 11 1307
588 29 11 1164
125 387 31 193
172 96 34 209
30 2 7 271
495 279 8 979
950 120 32 20
63 179 37 370
208 332 16 261
66 54 20 66
190 353 34 1367
317 193 55 803
830 6 13 1149
369 348 5 728
604 368 33 140
233 397 7 641
802 206 23 694
134 290 10 1110
483 109 28 754
710 251 13 806
771 265 19 850
322 128 19 1144
239 379 55 1094
990 165 5 714
176 58 7 268
427 137 51 563
311 348 7 685
246 337 14 423
296 32 44 286
32 164 19 351
500 176 45 156
584 349 56 1205
672 157 4 946
974 204 22 283
852 78 19 526
718 314 10 1181
277 103 39 883
701 259 1 480
403 78 37 604
566 212 28 776
903 27 55 1086
272 228 33 587
50 265 28 626
80 38 19 1112
161 226 32 1376
192 330 38 1195
338 273 9 467
318 15 31 1049
286 213 40 451
793 30 19 594
22 168 13 172
444 259 50 569
925 136 9 603
349 302 14 213
900 368 1 621
647 118 37 1073
473 205 15 706
811 54 55 391
137 76 16 854
769 143 31 295
688 169 22 143
287 276 25 1227
970 156 41 219
87 311 19 902
339 297 13 1165
408 125 25 823
930 17 25 665
236 63 3 906
524 76 1 39
120 350 33 487
544 300 50 172
489 213 10 116
997 303 10 381
593 257 56 182
464 140 11 22
166 92 16 547
507 279 34 780
883 331 4 327
616 63 49 598
187 184 31 1143
600 131 32 192
351 30 44 176
547 197 19 1364
252 399 50 78
408 346 14 924
50 68 19 614
970 144 21 1298
861 184 43 701
144 299 38 741
389 131 39 622
474 156 1 219
204 31 32 1225
305 383 40 874
807 328 1 864
942 198 10 827
664 129 31 1035
478 108 1 1043
216 76 41 621
789 364 23 1466
813 129 38 833
117 346 49 434
566 274 19 1443
671 352 21 475
42 49 56 513
435 105 25 1129
218 12 39 560
932 285 40 671
179 323 4 692
690 366 35 844
938 142 29 343
381 346 27 434
643 17 17 215
95 109 7 1270
1000 85 25 596
561 93 43 290
795 81 15 812
671 154 19 1128
343 212 11 757
850 20 32 123
721 18 49 234
566 110 43 1219
229 301 11 634
38 249 9 1477
940 182 1 38
18 320 3 1442
761 66 7 962
544 263 11 691
471 147 43 1164
430 171 25 1277
259 174 13 1194
589 78 35 250
463 259 25 520
992 299 37 563
210 210 26 589
694 391 1 128
146 302 15 354
752 128 25 1490
552 100 31 572
869 97 37 436
111 290 19 1470
211 113 17 808
41 370 55 413
808 356 21 282
36 340 37 1286
168 229 17 88
682 224 20 779
332 385 21 1458
162 46 19 39
430 235 3 1064
555 293 1 196
892 390 37 944
284 310 25 179
186 360 1 1306
155 309 55 490
653 274 45 108
433 54 31 343
983 80 16 983
741 386 46 195
730 299 1 851
845 286 19 691
346 55 10 187
241 396 1 828
780 390 50 909
490 115 2 1003
291 100 15 617
874 189 46 826
853 188 3 422
84 46 37 1123
689 311 44 905
900 167 13 1193
754 319 25 238
646 360 49 656
185 247 2 695
460 119 5 367
93 273 37 660
453 328 26 475
997 318 23 804
960 21 56 80
99 141 49 843
371 54 25 1276
838 26 39 1104
743 166 39 859
909 64 20 1288
997 351 19 1374
101 11 31 609
165 380 34 1359
46 297 7 1302
419 56 4 1353
580 207 45 876
797 242 4 1375
80 282 49 958
748 34 9 1260
985 160 49 744
820 138 10 111
979 344 25 1477
627 302 20 932
90 59 49 893
367 59 37 7
908 9 17 262
250 73 8 1370
254 371 49 1079
55 235 22 273
667 383 35 1310
953 366 31 94
145 151 19 1336
185 365 49 1117
983 140 23 1395
967 238 25 639
442 55 4 647
856 301 32 909
637 2 38 24
740 386 13 129
765 79 43 452
283 321 37 190
694 6 5 49
628 272 9 1061
838 313 51 545
35 260 34 900
579 126 37 1484
580 25 38 748
637 227 7 870
376 244 13 1275
535 101 25 956
222 33 31 1417
769 94 26 161
822 340 11 1322
398 316 55 84
538 190 37 317
923 187 37 1119
285 129 3 1392
307 89 55 601
905 205 25 838
432 303 9 1464
635 30 2 664
132 396 8 1475
240 343 23 1011
96 64 50 899
803 378 19 710
632 258 35 370
222 126 11 1352
174 22 13 1280
351 389 13 418
852 286 56 266
546 114 19 1082
463 388 58 159
841 195 56 351
530 41 38 1361
408 211 34 56
54 135 49 1339
759 29 21 34
870 231 25 232
62 84 1 345
597 179 49 912
40 20 25 1197
135 172 37 1317
435 231 37 1039
304 125 53 135
93 340 29 361
507 238 3 1186
18 252 27 1011
220 398 46 474
524 129 45 1104
623 332 26 636
738 339 23 95
649 67 39 1410
330 269 13 21
748 242 32 296
433 115 7 772
732 92 14 1334
46 294 1 1017
465 127 3 569
201 208 7 335
147 108 11 1
878 264 50 1371
493 328 13 1217
44 111 11 395
318 46 3 1184
225 258 7 1020
760 133 38 6
829 61 44 439
95 143 37 1069
446 276 23 99
565 101 55 956
58 114 10 465
164 251 43 815
30 398 5 33
595 173 7 1234
765 341 13 1393
407 280 31 890
699 38 49 1284
260 73 3 1158
138 371 50 1161
498 225 49 851
894 181 41 131
580 67 19 590
780 392 7 696
147 282 7 671
281 334 43 179
401 104 9 1409
52 356 29 598
523 125 5 741
928 4 9 1265
582 160 37 1174
509 7 43 84
198 134 34 347
158 193 7 1032
122 287 38 306
537 373 8 954
943 30 34 348
863 348 29 189
833 284 22 392
600 50 43 180
414 301 53 138
157 395 37 1178
25 42 11 607
593 66 37 520
987 136 52 1148
134 135 32 336
776 53 19 402
415 40 37 729
569 315 31 1017
10 54 19 1494
259 138 1 733
820 341 39 970
401 17 4 75
930 172 16 712
949 375 20 270
926 68 4 1493
226 93 7 537
626 95 25 109
551 237 49 217
18 146 23 1210
747 290 27 416
427 268 20 479
366 159 10 903
224 75 13 1485
839 346 28 1139
363 337 38 814
679 168 43 969
609 190 57 274
381 10 45 1406
135 45 11 869
179 265 9 882
938 80 26 355
685 285 22 1238
549 133 7 562
923 306 10 953
465 93 9 1438
417 147 55 1346
544 382 1 696
729 208 33 335
173 177 29 23
506 106 7 1224
485 32 57 64
647 274 7 785
696 47 15 553
299 159 31 403
896 315 46 930
151 115 7 988
874 343 58 988
517 245 37 576
978 71 7 1394
660 195 55 507
402 309 28 1317
757 65 7 569
583 109 32 571
815 285 37 959
177 396 13 1475
191 240 32 691
418 278 28 654
671 275 35 542
570 7 43 565
47 244 31 497
190 145 41 1242
698 134 21 284
916 240 25 1462
920 149 1 166
399 225 19 1317
252 273 43 1
892 108 23 1
55 159 43 949
49 185 41 486
903 58 44 34
974 386 31 213
797 19 34 431
580 97 5 431
724 18 31 596
138 285 13 1117
302 109 21 1378
416 140 35 43
275 393 1 821
650 26 19 973
299 103 10 459
578 373 11 4
641 32 49 431
111 365 4 1240
681 267 40 356
120 173 29 450
841 151 13 1166
104 26 43 1194
6 86 31 1127
41 142 17 741
629 373 11 948
830 278 27 888
980 291 40 183
694 98 13 714
299 262 19 796
809 193 43 53
296 376 7 95
758 211 33 1336
740 157 26 900
733 54 1 1418
360 62 21 1477
782 332 22 856
738 8 49 111
770 98 29 74
636 271 1 93
754 20 1 1263
211 331 15 727
933 340 23 1499
32 335 37 250
855 78 22 1237
421 293 34 590
754 51 13 380
283 377 10 1211
997 24 17 803
830 10 15 468
22 155 43 795
67 12 3 355
877 371 3 1257
275 170 27 1483
879 256 13 1021
48 332 31 1095
473 117 32 554
590 350 49 1075
608 390 37 140
284 215 33 1371
607 395 44 783
824 193 19 274
16 343 53 285
957 398 32 76
574 259 55 318
569 320 26 54
62 137 38 469
847 103 25 1259
12 268 25 227
641 3 31 449
800 184 7 1000
551 223 41 594
473 126 11 1000
477 178 16 365
592 18 37 678
411 266 1 660
319 121 13 753
295 285 37 100
344 349 49 453
684 7 43 258
767 177 32 567
405 155 25 516
291 146 19 1146
990 192 1 1383
735 153 21 1234
889 220 9 438
760 264 27 1371
726 28 13 93
972 338 23 394
9 25 49 1077
187 245 20 650
944 17 13 517
620 392 1 1179
118 250 7 815
98 187 13 1246
51 210 1 706
666 141 31 262
365 24 4 1313
339 360 1 630
876 219 22 1107
120 358 25 1167
269 287 19 782
119 208 31 36
27 230 51 1421
38 23 16 473
365 142 49 393
649 339 14 459
886 118 28 1144
910 370 27 778
144 247 25 1034
523 207 1 955
232 113 11 425
461 133 37 1081
636 301 13 1078
8 327 34 1090
54 360 1 412
451 373 19 977
172 350 25 186
552 378 37 272
65 89 2 1492
553 145 38 450
283 239 1 374
244 337 8 1309
126 63 39 507
397 164 31 399
107 292 31 139
591 25 13 242
890 163 3 837
919 32 31 385
51 307 49 703
317 152 37 843
683 184 55 50
309 63 37 1458
158 78 35 1198
937 75 5 1485
136 246 25 33
458 121 23 1003
859 34 25 674
218 249 45 680
841 184 31 686
936 310 56 981
614 16 28 1414
906 144 31 1406
395 297 37 353
409 271 5 548
17 181 29 1400
981 138 57 659
224 312 49 95
26 255 13 334
435 178 19 1427
431 63 13 862
872 12 37 1307
579 224 13 100
889 115 22 1036
289 224 37 537
502 270 14 757
911 314 37 685
325 397 56 479
164 67 49 425
261 358 7 415
613 210 31 868
417 125 29 114
150 110 1 107
999 3 13 1427
267 200 7 287
557 132 8 810
233 153 37 1365
884 306 38 891
560 308 1 1464
776 2 43 1221
677 14 17 1378
628 210 32 152
793 250 1 274
572 301 7 311
505 269 28 790
299 273 38 206
848 69 31 1018
128 154 11 963
408 268 19 1495
300 240 50 158
34 150 49 1436
510 244 55 332
871 278 51 546
52 125 17 1468
329 268 38 479
447 307 50 474
28 388 45 779
169 4 21 1157
899 323 2 89
731 313 1 434
169 146 25 294
806 302 43 324
733 128 13 6
136 231 51 1039
739 40 49 716
545 322 1 1314
962 185 46 600
348 222 31 158
390 370 14 778
113 79 21 610
783 321 31 1466
605 234 3 337
783 173 26 645
26 197 1 1242
202 141 43 220
479 56 25 1423
286 30 5 350
955 30 38 1083
280 220 31 1456
780 14 19 1421
1000 177 29 1275
157 103 19 733
802 12 13 901
212 101 43 941
288 319 7 986
170 117 27 1141
747 45 5 707
407 229 14 532
500 266 13 910
226 372 17 1159
424 345 7 905
74 202 1 481
576 320 19 562
569 117 45 712
389 112 16 433
695 102 22 55
489 179 49 340
325 166 25 65
589 251 7 851
722 353 31 881
759 193 37 1061
585 302 20 387
358 129 7 375
29 124 25 543
74 238 39 762
758 243 44 617
146 115 29 1100
826 263 10 472
567 50 20 1165
179 167 35 752
155 214 38 1140
902 371 8 684
465 3 55 965
942 103 37 629
328 257 22 519
520 6 21 1328
121 194 20 1457
702 11 25 950
150 317 57 1073
862 252 55 184
454 184 32 202
967 211 7 1135
885 240 13 1250
498 82 22 139
117 182 25 1156
769 315 13 772
52 207 31 872
306 301 11 951
451 143 38 1256
577 299 37 1054
506 345 31 900
146 202 1 1230
857 161 29 624
657 161 32 1465
136 109 43 1482
578 308 32 976
612 191 50 1024
691 201 7 862
775 314 1 15
7 65 4 653
238 58 57 720
454 12 22 195
837 294 47 214
101 293 3 1478
480 255 19 201
641 109 7 286
320 125 53 1102
416 157 41 1296
329 123 31 307
496 9 2 290
755 82 13 139
295 290 1 179
851 85 31 382
701 322 31 1277
570 97 15 231
24 150 55 525
653 319 49 1057
684 361 51 1413
115 399 8 206
336 77 7 1143
394 101 29 1116
419 83 31 251
771 214 41 1289
991 368 28 866
824 292 13 1076
394 395 15 612
46 175 26 556
118 174 44 1489
157 150 26 4
276 14 7 652
96 231 15 1052
837 95 31 1003
886 340 13 1322
673 347 35 1010
84 166 11 670
625 254 49 891
212 272 55 1048
78 365 11 1071
353 377 33 1211
796 186 43 293
118 185 37 517
405 359 43 282
902 47 1 215
136 311 37 902
914 399 1 78
657 39 5 903
68 353 31 1405
159 319 20 1152
614 78 47 89
421 118 16 711
78 353 45 117
143 206 7 667
84 396 13 364
29 270 13 441
917 74 1 126
325 64 7 781
243 152 38 652
44 139 55 539
36 45 13 524
383 11 19 1390
988 60 33 558
633 299 31 119
341 319 13 518
967 195 44 519
204 359 7 1201
976 281 14 536
27 265 19 321
420 161 55 726
718 159 19 869
451 261 7 178
44 10 25 896
843 197 31 492
488 315 19 1430
724 363 43 1236
605 91 46 1061
960 323 13 1064
826 135 31 25
912 114 1 941
327 23 58 723
644 42 1 261
651 248 41 1443
379 399 10 1039
791 12 7 1488
500 226 37 68
706 307 19 1499
361 197 38 1084
926 85 7 175
111 86 31 754
908 103 46 143
925 69 32 1271
673 119 4 368
223 74 19 1449
285 182 40 1192
178 227 29 1065
194 298 13 1380
872 387 13 848
306 122 31 760
756 366 23 37
482 52 23 244
485 112 13 305
371 79 7 290
222 253 55 555
319 67 15 933
879 131 7 192
417 52 10 461
38 290 19 57
254 64 13 1348
383 165 1 198
574 312 31 175
531 389 32 422
942 269 55 1200
869 78 5 800
492 325 7 1015
231 261 17 463
81 355 3 959
986 142 11 274
521 278 40 765
390 189 28 997
391 357 7 1127
Điểm tối ưu: 11955
Thời gian: 121.3604 giây
Trạng thái: PARTIAL
