9591
659 87 55 820
565 87 31 311
175 87 3 859
81 87 37 1071
3 87 13 1071
416 181 31 616
368 181 37 957
85 181 44 992
777 13 49 733
766 13 15 335
695 13 32 440
276 13 19 441
765 290 26 65
551 290 19 435
771 287 15 908
631 287 43 9
490 287 1 643
312 287 13 851
666 204 26 374
660 225 1 35
632 225 7 463
611 204 1 1195
596 204 50 387
592 204 19 28
565 204 3 105
479 204 37 566
446 204 25 460
353 225 13 27
80 225 13 709
738 41 2 971
503 41 7 610
207 41 14 1109
169 41 26 447
499 252 26 292
278 252 31 762
714 146 37 662
512 146 43 559
73 146 49 1143
5 146 8 89
682 247 38 83
665 247 19 204
305 247 37 367
624 193 55 725
441 193 15 533
222 193 1 559
122 193 8 639
51 193 19 948
588 114 25 315
345 114 19 230
712 206 7 108
711 183 2 49
697 206 14 485
611 206 37 878
523 183 19 672
466 183 13 17
348 206 31 747
55 183 27 98
788 266 51 173
712 266 43 776
573 266 44 233
445 88 14 1153
303 266 19 717
241 50 7 36
239 266 13 1121
212 88 21 372
211 266 31 173
91 266 3 1079
73 50 43 656
542 320 25 498
506 320 1 1168
146 230 13 369
703 68 43 955
652 68 32 159
217 68 55 657
157 68 27 788
152 68 55 159
6 68 8 1018
547 154 39 1101
533 154 3 601
461 154 3 771
441 154 33 343
779 116 25 993
627 116 13 71
602 203 3 1
500 116 39 9
367 203 31 125
348 199 49 592
289 116 8 628
216 116 1 9
186 199 55 144
145 199 33 550
106 203 20 109
103 203 49 161
672 236 3 131
614 236 13 323
502 236 7 226
494 236 55 464
416 236 55 108
784 143 19 347
551 72 31 905
440 72 37 859
389 72 55 1166
184 72 3 942
163 72 9 38
101 72 13 1059
31 143 15 800
727 285 37 1198
560 285 38 874
540 270 57 569
499 270 1 411
479 265 1 1136
474 265 55 452
466 285 50 444
440 270 56 149
346 265 2 449
287 285 49 1121
218 270 51 160
211 265 25 724
189 270 27 805
135 270 31 870
111 270 31 1170
84 265 31 136
774 284 25 1082
766 284 25 199
696 258 20 490
685 152 21 560
679 284 19 716
666 152 38 943
629 258 1 797
546 258 43 172
523 152 1 1095
473 152 55 80
457 152 15 1095
436 284 51 26
356 258 13 640
316 152 2 1111
213 152 50 967
168 258 45 230
85 258 55 427
62 258 38 677
39 284 44 538
7 258 7 613
785 229 43 929
746 26 38 75
594 26 33 244
499 229 7 376
363 26 55 355
349 229 25 870
141 229 49 534
793 175 3 136
727 175 25 216
611 256 7 304
592 256 33 1079
588 256 43 366
516 175 55 216
388 175 25 251
160 175 55 303
800 93 45 1178
790 93 31 1151
690 93 25 1197
210 93 19 723
776 219 32 820
748 219 14 1189
720 214 55 340
668 214 8 718
665 5 1 806
597 289 26 861
536 219 13 151
473 5 3 666
429 289 43 873
349 289 20 243
327 33 1 934
258 5 31 711
256 214 13 735
239 289 37 207
115 219 2 1126
114 5 19 837
101 289 21 1049
64 5 25 607
793 128 55 1128
771 187 2 496
735 128 9 137
715 128 3 933
700 187 55 407
684 128 7 84
646 187 31 690
559 187 25 898
473 187 31 978
433 128 57 393
421 187 32 1028
417 187 57 695
128 187 49 957
96 128 32 277
48 128 49 277
16 187 25 695
748 161 31 112
296 161 26 456
234 161 14 69
702 184 19 376
654 11 26 948
631 11 31 153
505 184 51 958
493 184 33 1104
483 184 9 894
447 11 21 508
424 149 7 109
405 184 56 1051
374 184 26 940
291 149 9 1180
272 84 3 937
240 224 57 607
222 149 43 327
169 84 13 1076
167 224 26 132
156 224 45 1078
142 149 37 886
134 184 20 10
125 224 3 542
88 224 7 509
39 184 50 12
303 36 2 826
168 36 2 60
687 98 13 968
492 98 2 758
422 101 1 784
303 101 15 366
285 101 9 1130
214 98 25 774
68 235 1 306
532 92 9 133
472 92 33 546
463 92 1 582
115 92 13 133
765 32 39 1173
651 89 25 763
580 89 21 604
514 32 55 460
452 89 19 816
381 32 9 922
351 32 15 1091
313 32 7 197
290 89 25 483
111 32 14 697
33 32 1 4
588 105 31 572
578 216 15 717
552 105 43 1069
534 218 1 275
488 216 8 496
365 218 1 181
352 105 38 917
301 216 32 335
291 218 49 700
262 141 13 842
173 141 25 856
151 141 26 1151
133 216 33 174
119 218 13 936
109 218 55 273
56 218 57 295
31 216 7 523
652 120 7 498
641 120 31 576
575 120 50 632
565 207 51 698
537 120 21 95
488 207 13 390
476 120 26 595
411 120 7 1079
267 120 13 1079
258 120 49 220
170 120 44 1021
120 207 31 942
663 57 13 116
590 213 27 736
535 57 26 690
517 57 15 3
497 57 37 1095
797 234 7 970
768 125 2 1018
754 125 27 48
728 257 13 83
664 257 33 1017
635 234 2 455
602 125 43 695
582 257 21 308
568 125 21 1033
498 234 13 209
485 257 56 471
485 234 2 76
434 257 33 980
306 125 49 72
303 234 7 53
213 125 25 339
106 125 2 187
52 257 25 897
757 309 49 149
741 309 19 559
663 144 7 398
635 306 27 557
631 306 13 1129
611 306 32 216
584 309 57 661
570 197 19 1028
555 316 25 143
511 316 44 51
501 316 31 355
446 197 9 21
439 309 37 532
363 316 20 77
345 309 7 1056
340 197 20 113
280 144 43 574
260 144 7 306
191 306 26 278
165 197 43 1120
141 309 2 116
795 246 15 1119
710 250 51 457
359 250 8 114
357 246 1 291
252 246 31 568
104 246 13 839
765 58 33 297
714 58 43 604
643 164 25 242
615 86 56 277
501 58 13 790
441 86 19 43
437 164 27 1179
371 86 20 622
367 86 19 907
360 164 15 1087
342 86 19 638
323 164 14 568
300 164 37 236
289 164 13 236
272 164 21 153
216 164 13 693
72 58 55 1154
686 102 38 755
683 160 33 378
571 211 43 645
522 160 21 131
499 238 31 1063
393 160 55 296
381 160 43 1129
378 211 19 1031
281 160 2 5
259 211 31 962
209 238 7 612
132 211 7 139
742 45 37 1113
689 45 43 346
529 45 32 1124
399 45 55 638
373 276 43 601
150 276 49 1066
120 276 43 549
31 276 25 146
435 168 25 124
426 281 8 3
409 168 3 100
395 168 50 1152
287 163 7 94
257 54 31 937
255 54 2 506
181 281 8 734
161 168 20 123
77 281 49 256
57 281 51 319
53 281 15 874
7 54 49 1040
783 215 31 227
753 217 43 839
688 190 27 59
644 217 50 368
529 190 49 136
500 215 44 987
493 215 25 844
355 217 14 118
286 190 19 350
239 215 20 908
219 215 25 1015
185 217 21 662
181 190 50 168
110 217 7 368
108 190 37 919
84 217 25 685
30 217 31 1194
718 188 1 668
684 188 43 792
682 188 27 807
571 188 37 91
565 80 13 124
487 80 13 894
432 210 13 615
350 80 7 731
278 188 43 585
247 80 13 231
121 80 49 407
87 80 2 25
27 210 50 424
11 210 21 684
741 221 37 494
233 221 55 261
43 221 55 614
455 260 49 146
364 49 33 497
293 260 49 956
153 260 32 98
114 49 49 156
84 260 1 277
728 14 25 271
701 14 49 409
412 14 13 170
755 177 13 358
743 261 31 750
717 261 14 760
388 261 37 527
370 261 13 1118
300 177 3 865
76 177 9 296
731 292 13 154
551 293 14 303
524 293 19 36
512 293 14 364
481 293 43 518
452 292 13 893
425 293 13 605
129 292 9 978
126 293 31 1101
781 108 31 863
725 108 44 1023
600 108 26 448
550 108 57 758
412 108 31 68
230 108 21 428
547 291 50 766
344 291 25 422
273 291 44 119
85 291 25 175
701 140 13 172
653 303 43 174
615 64 15 543
591 64 43 680
585 303 45 918
555 140 1 508
493 64 55 783
468 64 43 842
453 64 19 930
350 140 43 473
338 64 13 1176
322 140 19 827
318 303 27 877
259 140 45 972
99 140 19 449
67 303 25 1184
791 117 21 1151
642 117 31 678
425 117 33 906
420 117 20 1
241 117 21 906
116 117 39 1
51 117 7 204
32 117 37 194
740 264 8 358
566 264 25 779
342 264 7 638
45 264 19 978
581 279 9 606
121 279 38 944
58 279 7 712
37 279 55 604
438 60 9 382
344 60 31 323
91 60 19 1126
796 130 37 638
772 130 14 738
654 130 2 1050
645 130 25 715
214 130 10 794
101 4 37 852
79 4 19 192
776 317 7 768
743 3 4 84
736 3 1 1108
702 145 57 399
678 94 7 935
560 3 31 943
529 317 9 493
510 3 7 155
473 317 13 681
453 3 37 355
444 145 25 620
439 145 16 1011
426 145 20 568
374 3 40 355
324 251 56 1040
294 251 28 25
271 3 46 194
243 3 13 216
209 317 19 643
147 251 31 100
122 145 58 217
39 251 2 37
31 317 31 1122
29 317 27 953
20 3 25 1108
18 94 27 170
226 209 49 478
166 209 34 128
27 209 34 918
773 189 7 1177
402 189 1 42
358 189 22 739
273 189 37 1191
204 189 3 551
548 90 7 524
481 90 13 805
359 90 34 868
87 21 7 115
793 134 13 987
735 134 38 937
704 134 50 617
683 134 14 275
529 18 2 941
518 134 3 182
257 18 39 198
228 134 40 104
55 134 39 223
791 294 3 1161
713 201 22 1062
709 294 32 950
626 294 2 745
584 201 7 886
513 201 33 922
509 294 1 796
476 294 10 950
175 35 52 1181
85 294 7 841
76 294 37 745
10 35 22 963
434 295 37 807
287 295 20 740
22 295 16 448
717 166 7 990
707 166 43 537
669 166 45 334
611 166 50 1067
277 166 27 990
254 166 32 1068
58 166 31 451
562 286 19 1190
629 52 19 798
613 52 15 37
512 61 37 419
461 61 46 1007
455 30 55 940
343 61 38 437
181 30 37 248
51 61 4 1007
38 30 25 517
35 30 34 516
582 241 40 956
570 241 32 140
449 241 1 1040
709 296 7 454
246 296 33 534
172 296 14 350
155 296 25 1124
149 296 40 439
66 296 10 637
45 296 45 154
14 259 16 1179
751 222 7 294
670 222 43 1008
594 104 8 1157
542 222 43 208
451 222 33 782
398 104 37 768
333 222 33 392
255 104 9 456
215 104 3 1073
200 104 40 897
186 104 1 914
713 83 9 811
449 83 7 954
635 62 13 418
362 62 28 577
281 62 31 467
617 300 13 809
418 228 13 141
381 228 3 88
322 228 16 313
318 228 7 822
202 300 2 437
104 228 28 245
51 300 43 1085
768 162 38 988
729 162 7 675
353 162 31 17
333 162 10 322
693 280 7 742
680 280 31 559
568 148 7 409
490 280 21 654
456 148 14 680
438 244 55 16
380 280 43 742
203 244 7 39
64 280 13 659
60 148 32 656
55 280 10 130
47 280 15 234
47 148 43 1027
35 148 26 239
627 263 3 832
579 263 32 179
564 263 16 271
449 263 10 729
358 263 27 428
135 263 19 629
715 100 16 901
621 253 26 834
500 231 50 111
473 231 52 485
423 253 19 458
266 231 4 1171
215 253 13 217
29 253 31 965
477 91 16 90
306 91 1 1046
65 91 3 770
700 127 21 875
687 156 27 1159
598 127 57 305
564 156 38 144
519 81 3 576
428 127 7 1160
392 81 51 853
384 313 22 500
328 81 20 245
260 313 19 1067
207 127 40 154
205 127 19 344
195 81 14 875
13 313 34 1067
10 313 26 23
503 165 4 543
406 165 32 1052
773 245 13 183
759 171 14 1156
749 155 37 320
734 226 13 87
647 171 7 17
622 111 2 743
598 155 25 1117
238 171 32 1001
179 111 1 302
174 226 20 557
165 226 31 557
69 111 16 674
56 171 13 960
797 99 13 730
744 274 4 568
678 99 28 1011
673 29 8 461
647 274 28 318
633 274 19 760
567 99 20 239
548 205 3 692
504 99 50 239
483 99 14 1019
424 29 20 464
419 29 45 1130
408 274 13 451
341 274 31 258
330 205 4 1169
278 205 10 72
168 274 16 983
164 205 46 1169
147 274 56 344
146 274 19 829
143 99 1 32
117 99 49 193
59 205 39 775
767 301 26 901
756 314 15 396
743 314 10 675
628 319 1 602
622 301 28 1093
621 304 43 870
608 301 22 1144
605 301 10 552
582 304 13 986
476 319 7 1065
453 319 1 115
397 314 55 542
334 314 8 540
314 319 22 546
313 301 25 463
221 319 13 550
199 304 55 913
198 301 4 932
125 319 32 143
103 319 2 485
51 314 31 208
601 119 27 30
321 119 16 22
215 180 39 101
30 180 1 1150
691 82 1 977
470 82 28 1148
467 82 9 280
362 79 16 1133
322 126 10 27
317 126 49 1166
224 79 1 377
140 79 57 878
132 82 40 448
81 79 51 906
45 82 51 99
779 132 39 610
746 132 28 641
642 132 25 624
697 239 8 159
664 107 28 1155
646 239 13 115
600 158 43 910
541 107 25 973
411 107 40 514
357 107 49 665
159 158 7 1133
128 158 9 751
47 107 38 1130
12 239 31 458
572 66 16 157
24 66 33 166
797 147 2 513
679 147 25 494
644 310 4 727
538 298 56 740
441 123 25 1107
379 298 38 256
376 298 20 417
292 298 3 261
272 147 37 92
85 123 2 282
788 31 19 488
763 31 19 548
697 124 44 606
640 31 1 855
636 31 2 911
439 124 3 1159
438 31 32 911
243 124 49 1186
78 124 37 218
755 38 45 198
744 115 55 131
733 115 8 1169
447 115 14 26
396 115 8 147
224 38 4 247
739 103 1 423
615 103 28 190
570 103 9 214
383 103 13 723
128 103 44 572
83 103 21 964
655 34 1 297
237 34 7 1007
236 34 13 22
114 34 7 309
674 249 19 1005
638 249 28 682
612 37 2 514
460 249 40 947
390 67 10 695
326 67 52 671
185 37 1 1001
133 249 9 714
71 249 2 1012
60 249 27 989
797 40 46 317
529 40 16 984
422 40 21 1034
281 40 10 676
633 248 31 124
357 121 52 71
294 248 31 603
264 248 7 1088
173 121 3 396
118 248 27 378
100 121 1 623
707 2 39 1041
614 2 9 163
399 2 7 1170
288 2 13 114
188 2 15 1041
127 2 27 868
16 2 37 501
372 6 7 62
182 6 15 1007
87 6 55 1089
794 131 1 658
733 69 43 835
725 69 27 107
605 65 7 671
550 131 31 508
454 131 10 402
418 65 31 223
380 69 19 58
297 65 52 549
216 69 55 142
112 131 40 1156
100 131 19 516
8 65 28 549
664 27 37 1108
660 27 7 20
605 27 43 182
470 182 25 1093
365 182 55 1034
330 182 13 1040
311 182 7 1166
285 182 22 15
270 27 15 428
59 27 25 257
722 70 31 488
239 70 25 798
187 70 37 897
53 70 9 958
45 70 1 281
765 208 20 800
664 71 25 577
397 71 25 879
252 208 3 1081
63 71 10 409
36 71 32 577
230 223 26 371
52 223 52 352
540 77 43 1070
91 77 13 337
84 77 43 423
41 77 34 283
785 17 1 469
699 17 4 536
632 243 3 1121
351 243 44 913
205 243 1 278
164 243 20 703
150 243 7 537
752 299 4 1033
692 176 15 518
506 299 25 39
219 176 10 98
198 299 1 119
192 176 27 103
111 299 21 861
19 176 40 787
583 186 37 604
420 186 44 919
419 186 19 44
289 186 1 481
227 113 37 423
157 76 19 1159
719 59 19 793
602 63 57 267
470 63 7 267
464 59 4 1131
442 59 37 1179
381 63 16 907
271 63 3 642
210 63 55 1121
176 63 7 591
783 312 39 603
596 312 38 621
420 312 1 67
381 312 59 310
369 312 25 737
197 312 20 636
105 312 43 1040
797 8 40 350
416 8 35 796
305 8 23 627
508 10 25 777
428 10 23 173
794 43 13 1083
741 195 5 631
590 43 11 434
9 43 19 1083
729 53 5 1155
708 53 33 726
610 53 2 221
544 178 1 883
400 178 25 521
362 178 14 1177
275 53 53 314
792 151 13 59
774 151 44 552
642 151 17 1144
609 151 13 907
570 151 1 372
368 151 14 65
260 151 25 552
749 308 28 1026
689 308 37 65
678 308 1 870
579 308 10 1087
474 308 17 202
144 308 25 780
785 19 21 775
274 19 5 635
17 19 4 466
480 15 37 939
412 173 10 271
395 15 31 903
342 15 53 750
334 173 39 85
165 15 5 21
756 139 4 72
726 232 14 884
689 139 20 423
667 277 9 626
520 277 22 584
520 9 13 896
495 9 19 71
441 139 47 474
438 232 25 922
432 232 11 559
329 277 23 187
164 277 23 715
160 9 31 811
53 9 49 1174
6 139 26 1070
796 137 27 729
772 137 17 542
608 167 9 687
584 167 10 430
526 137 28 26
489 137 55 1107
324 137 4 1124
292 137 1 413
229 167 5 917
165 167 47 995
19 167 29 908
650 172 5 555
499 75 11 165
474 282 9 605
410 75 29 220
313 172 38 932
267 282 23 1148
234 172 10 87
226 172 3 347
157 282 45 257
106 172 31 447
68 75 49 727
638 22 4 342
302 22 1 124
193 22 40 155
789 315 22 848
744 315 19 900
735 55 7 910
708 192 13 161
702 142 1 1072
698 142 1 170
681 315 1 608
583 315 26 889
349 315 11 433
303 142 41 5
166 192 5 886
39 315 11 2
24 142 8 23
522 275 56 1187
521 275 11 697
339 275 13 762
220 7 13 393
209 7 37 981
123 7 13 510
718 133 11 378
697 133 1 988
544 133 9 943
502 135 17 998
440 133 10 144
360 133 7 781
276 135 1 394
739 24 25 800
589 44 23 647
574 44 2 596
521 24 8 837
421 24 37 435
341 24 28 1051
189 44 1 546
29 242 2 1031
555 73 5 260
547 73 13 458
537 73 25 918
500 73 1 754
424 73 2 62
413 150 2 1177
401 150 7 1096
195 73 23 919
186 97 22 610
150 97 17 106
783 240 10 727
722 240 35 1111
685 240 11 295
662 254 49 581
595 42 23 562
443 42 9 1163
233 278 15 190
230 278 35 1151
209 278 25 598
192 240 1 1048
113 278 17 336
105 42 47 745
708 233 5 279
557 233 2 465
351 233 7 465
266 233 8 181
241 233 41 1113
122 233 1 1187
111 233 19 1113
725 196 4 467
687 23 17 55
660 159 41 73
637 106 1 353
499 159 23 913
483 159 2 951
448 106 58 990
430 74 1 141
361 23 51 517
169 159 35 913
160 196 17 746
129 74 25 1023
20 106 13 518
387 20 1 1041
283 20 1 541
266 20 20 1021
170 20 7 832
788 262 55 1147
642 179 20 214
572 262 19 156
515 179 53 818
334 179 29 8
177 179 25 296
53 262 21 177
783 288 1 1161
779 118 15 158
761 118 13 4
521 118 29 573
232 118 17 537
214 118 17 4
206 288 17 695
179 118 10 43
174 288 13 89
107 288 1 33
7 288 20 695
674 202 25 591
620 273 5 823
440 202 8 664
286 202 4 1109
205 273 22 830
122 202 31 368
12 202 1 766
559 16 41 1045
519 16 29 782
418 271 16 845
352 16 55 370
335 16 45 782
294 271 22 218
253 271 35 587
245 16 53 572
176 271 27 661
152 271 19 280
733 136 5 516
690 96 29 680
518 96 53 170
360 96 19 848
289 96 17 319
201 136 37 365
715 305 55 883
690 305 37 137
642 305 8 676
426 268 1 881
410 305 55 333
325 305 38 213
323 305 3 996
312 85 29 251
249 85 23 107
194 268 14 429
126 85 19 586
93 268 16 226
53 305 31 1190
48 85 19 110
657 46 10 188
613 212 1 865
569 212 19 762
557 25 7 1167
541 25 28 921
521 25 1 204
382 25 5 188
293 25 1 152
208 110 19 727
190 25 17 93
187 110 19 750
40 25 49 93
796 220 7 459
773 220 17 940
664 302 31 366
627 12 7 558
567 302 43 44
534 302 5 1148
364 302 43 1191
153 302 15 291
82 12 5 655
796 297 25 546
729 297 58 829
691 297 20 664
649 47 10 449
536 297 19 303
449 47 4 1069
365 297 5 664
342 255 2 952
296 255 4 723
208 255 5 121
97 255 41 532
576 174 7 135
121 174 1 1007
461 78 7 180
226 78 46 1100
557 283 13 284
489 237 37 251
457 283 13 433
317 283 8 552
281 237 17 942
100 283 23 660
322 185 41 458
315 185 5 946
15 185 43 218
417 170 38 912
395 28 20 667
144 28 11 858
120 170 3 731
779 122 7 769
730 122 5 988
705 122 8 616
547 122 19 981
524 122 23 472
491 191 13 794
447 191 43 153
139 191 34 442
62 122 32 291
18 191 4 540
742 51 25 614
535 48 35 45
530 51 11 977
488 48 17 122
425 51 11 1174
403 48 31 1045
366 48 1 1023
302 48 26 449
261 51 8 63
114 48 41 914
640 138 31 824
569 138 13 745
563 138 41 490
522 138 47 786
436 138 40 347
706 95 13 101
600 200 13 1197
208 95 3 631
75 95 35 788
728 194 7 1043
722 227 2 827
485 194 35 1135
342 194 4 1188
321 227 11 739
56 227 1 876
584 129 39 816
543 129 31 47
367 129 29 37
620 198 37 765
319 198 27 1045
279 198 31 1
738 39 41 882
657 39 33 422
402 39 17 788
723 56 45 143
681 56 9 865
515 56 1 887
450 56 13 419
151 56 39 865
73 56 37 1078
725 318 8 98
547 318 28 355
534 169 25 671
438 169 7 1054
379 169 17 1181
249 318 25 659
182 269 9 5
162 169 10 951
150 269 11 603
136 269 11 708
64 269 19 546
36 318 25 857
278 311 8 1078
89 311 1 276
73 311 1 1129
461 320 37 773
269 237 5 531
305 61 34 877
308 317 13 132
38 8 1 626
624 9 23 1087
601 258 1 761
558 165 16 1162
588 281 3 780
341 80 19 931
411 155 45 301
111 257 3 159
785 193 25 356
747 182 10 544
655 318 7 864
680 114 8 452
278 243 13 278
626 79 13 621
366 76 17 694
782 59 34 317
614 224 3 386
225 125 1 662
306 105 25 1115
599 266 19 233
523 257 13 780
131 90 1 335
155 23 2 536
704 234 7 288
308 76 11 840
468 213 14 416
747 301 37 1170
562 107 52 526
340 101 43 485
384 88 43 479
503 147 22 1092
319 141 19 1032
337 297 13 477
371 156 14 1159
103 121 19 386
177 212 13 940
630 36 31 1145
16 33 3 326
57 10 16 917
74 268 15 852
103 14 7 198
580 296 10 373
136 226 19 317
534 155 37 949
556 128 13 653
207 263 20 394
604 152 37 967
266 256 13 966
575 222 13 608
329 228 50 931
116 307 2 266
190 145 31 1011
627 284 38 538
575 31 16 1195
519 310 25 925
656 155 31 437
352 206 50 1153
192 128 3 226
29 247 13 398
300 105 31 917
277 146 31 293
520 84 26 672
283 280 15 1136
290 169 29 118
477 204 19 821
200 271 29 218
219 209 37 646
603 188 21 847
326 269 29 186
782 140 55 827
509 18 49 150
556 21 37 50
2 310 7 727
458 245 25 101
694 115 43 1017
198 267 13 754
76 298 3 711
799 84 3 324
609 311 11 837
536 270 49 830
349 47 31 32
143 257 25 716
244 2 19 850
632 176 33 1100
279 86 7 14
650 63 38 760
8 58 15 1124
456 104 19 1085
298 280 25 368
353 144 1 847
24 176 10 1127
366 148 43 1107
497 109 32 960
127 55 13 300
301 290 25 1123
150 294 31 535
433 177 19 558
604 209 22 631
105 208 31 975
583 44 16 598
604 26 49 1170
319 71 10 537
710 150 49 1077
634 57 49 438
320 233 19 987
427 318 11 303
282 234 1 209
203 238 49 498
799 130 10 696
346 170 34 958
41 107 13 295
727 228 9 432
279 165 44 421
225 196 5 1173
248 35 8 813
20 266 19 173
666 222 14 826
234 124 27 1063
591 81 31 192
762 159 22 1094
716 183 37 407
399 61 1 198
254 204 49 247
290 261 43 312
555 185 9 194
234 284 33 1152
416 108 7 222
704 4 13 566
331 241 38 554
71 239 25 160
98 62 10 276
598 207 50 342
272 134 16 102
420 188 9 270
194 112 49 119
44 262 31 1083
234 54 19 459
47 265 7 961
98 8 17 895
85 235 37 711
726 181 3 1194
42 223 34 768
441 196 1 886
240 118 20 159
314 23 11 1065
752 69 44 58
579 307 1 815
697 262 31 255
528 285 37 59
435 150 17 495
78 195 11 631
250 191 25 349
492 36 7 60
1 145 56 405
296 106 15 41
123 207 33 1155
369 254 13 131
622 89 19 473
41 309 49 845
763 64 31 640
2 59 58 587
718 262 20 145
492 83 16 1106
144 214 7 462
110 150 21 782
358 25 32 916
197 136 3 959
565 188 25 91
560 20 5 535
299 287 1 320
11 240 28 1048
557 213 49 571
272 230 55 1037
17 192 2 573
1 297 23 238
3 316 21 46
698 17 13 478
68 280 16 659
355 29 43 110
215 142 1 1117
678 67 25 811
719 247 1 199
385 94 40 1108
698 21 4 50
201 245 44 29
648 286 37 679
13 172 43 13
648 138 8 561
613 218 56 237
27 227 13 142
263 236 56 806
446 182 43 646
207 179 5 880
134 301 43 253
631 66 10 871
264 9 14 517
287 282 3 617
711 65 10 1140
268 73 7 260
670 150 11 443
401 55 34 55
77 171 10 1156
595 267 20 288
793 305 16 201
196 127 16 167
246 161 13 579
175 16 1 370
117 17 55 148
754 75 7 684
422 295 38 381
601 11 19 962
145 267 43 861
17 221 37 172
328 252 56 292
552 184 50 318
331 191 32 794
728 42 29 268
107 12 37 422
578 281 37 12
606 201 49 886
393 299 37 774
432 121 1 267
433 12 47 192
450 297 39 274
139 107 25 597
534 126 22 594
225 115 38 1042
80 94 4 192
253 281 8 1189
80 283 33 1118
430 31 27 635
599 58 55 269
19 319 19 1200
186 269 20 438
57 117 20 178
273 173 2 1109
569 244 4 1181
583 178 1 362
513 242 13 1107
232 66 38 820
249 146 1 1145
267 240 26 1145
476 38 3 608
792 68 15 1173
147 241 10 946
692 206 7 583
618 84 19 1123
685 196 13 455
249 299 27 1044
247 63 55 1171
108 122 1 237
616 9 29 177
495 178 15 1175
187 183 21 330
734 211 31 373
583 60 31 642
759 223 1 130
111 169 8 830
41 179 37 186
707 73 11 1041
43 169 13 359
554 237 25 166
236 99 28 561
121 237 25 22
712 77 39 1176
77 122 1 495
102 173 11 887
625 122 44 112
540 230 3 1068
604 96 5 353
78 258 15 1078
61 197 1 978
634 266 44 1061
227 312 15 612
628 266 44 453
57 288 3 630
173 275 1 984
388 210 32 382
397 240 5 792
127 46 7 334
459 61 21 198
71 189 34 354
171 249 19 98
39 318 7 877
86 48 39 575
253 13 25 600
81 228 1 791
379 171 2 680
405 258 21 1086
271 105 38 506
762 103 7 91
778 316 37 63
601 117 9 831
465 72 25 181
531 245 57 824
44 161 19 456
165 297 8 581
166 295 37 242
372 53 23 989
55 5 49 18
721 292 49 888
80 212 8 473
248 42 11 771
525 189 27 883
507 16 19 177
82 142 31 810
235 112 25 433
670 263 1 957
657 258 21 418
126 273 25 1065
414 228 31 739
629 111 43 68
497 236 1 634
61 64 55 581
248 145 19 620
744 265 37 449
554 270 37 738
407 69 37 45
63 178 19 521
26 276 26 402
632 275 1 228
278 15 1 997
136 289 1 189
564 205 45 120
107 19 23 1126
45 309 9 895
519 22 34 413
384 162 57 1185
407 137 7 1124
561 273 7 130
505 93 25 303
36 312 17 1044
114 291 43 685
716 103 34 1037
545 47 41 24
93 212 20 872
745 185 19 122
645 71 14 602
276 249 37 709
706 93 3 271
430 243 3 1098
423 108 55 304
798 153 37 201
108 176 56 201
523 228 37 707
516 103 1 828
14 75 23 245
60 48 37 1097
414 33 7 99
323 286 22 736
768 71 7 679
657 82 4 119
753 100 7 190
366 224 7 301
550 300 9 1066
280 191 4 751
171 302 23 412
589 314 20 429
697 79 19 802
566 61 22 977
288 191 7 860
493 41 19 1105
311 197 19 894
326 123 7 1128
371 271 17 132
44 190 7 764
749 9 3 440
514 251 13 529
201 194 14 619
194 26 33 713
315 153 55 81
2 82 13 280
62 24 1 329
711 70 7 897
702 253 49 380
512 240 11 890
512 307 19 920
712 67 25 446
746 272 31 369
568 173 10 1094
164 21 43 900
370 118 35 147
611 78 27 1101
573 102 49 361
415 226 3 317
711 91 21 460
49 279 55 152
788 57 25 841
535 256 19 208
677 39 19 32
547 293 1 360
169 294 49 603
780 165 7 221
533 220 1 211
786 315 11 278
772 215 25 38
432 216 49 551
115 113 34 40
301 10 21 1014
500 25 29 559
386 243 32 817
134 172 31 938
444 142 1 1158
3 110 17 599
92 220 5 762
392 145 21 227
36 137 50 1049
335 270 19 1041
25 114 25 786
442 195 26 646
398 93 13 868
240 222 49 511
174 208 50 1013
291 247 43 773
706 211 8 657
24 28 17 525
401 58 19 1174
246 193 1 629
436 273 23 97
560 133 44 1197
241 263 1 1133
375 26 43 1043
99 275 1 697
283 121 31 742
141 246 7 926
390 296 19 1124
373 197 13 348
645 126 22 1002
83 152 25 555
633 315 11 821
179 182 15 535
751 120 13 342
60 229 43 1062
474 279 1 138
748 99 1 253
98 64 13 666
461 171 31 448
277 244 9 1181
127 37 9 25
531 101 7 511
54 166 22 291
541 64 13 168
749 118 19 158
538 256 31 148
371 61 33 649
107 149 43 163
82 177 7 262
322 182 25 1095
751 51 22 142
556 312 43 347
292 206 19 305
439 187 49 234
442 17 9 824
578 80 55 203
723 136 8 95
674 144 1 183
90 103 25 1096
410 63 1 517
764 112 7 754
415 281 15 382
16 13 19 934
449 144 13 1104
755 161 25 1049
63 42 35 395
373 24 20 1063
407 296 4 1120
722 24 23 285
737 34 13 808
199 45 25 84
293 252 37 752
710 264 31 708
619 52 27 52
579 208 13 922
543 25 20 421
43 116 19 373
764 77 43 1121
80 251 40 248
518 247 37 882
189 86 31 531
393 86 1 1027
491 57 7 183
683 99 43 417
511 265 13 182
631 307 38 614
498 294 49 816
289 249 49 752
787 123 32 823
53 113 1 724
50 190 13 702
179 203 32 842
405 15 19 621
414 195 11 507
186 126 14 644
643 223 7 835
94 227 7 445
75 255 5 782
799 121 37 635
121 160 13 506
188 170 41 359
190 191 25 751
139 293 1 1162
87 71 25 660
58 25 53 188
410 316 37 783
700 135 35 256
688 185 8 796
629 126 7 117
306 11 13 700
211 98 19 758
603 204 25 208
122 303 14 587
375 110 31 429
691 302 23 714
58 167 5 92
245 173 3 141
297 16 8 102
500 206 7 1017
625 257 25 19
607 284 37 298
316 178 11 622
602 157 10 100
196 259 55 249
751 195 46 507
315 189 7 42
636 10 5 965
731 89 31 967
98 148 7 86
11 125 33 187
61 253 44 1047
451 292 13 35
176 231 16 105
672 90 21 524
326 80 31 374
222 295 40 227
485 152 15 401
600 261 31 104
608 111 1 811
243 263 43 52
84 170 50 567
610 166 4 789
562 208 4 428
276 219 55 447
307 258 44 892
642 162 22 675
185 251 50 100
767 297 31 505
35 223 52 1129
120 202 9 723
675 12 5 405
585 306 3 372
655 78 20 124
418 175 1 528
90 2 46 212
628 309 37 287
543 111 1 751
23 67 28 960
764 309 19 1157
497 111 22 421
13 178 5 274
23 200 52 169
35 54 13 317
794 192 22 879
275 181 38 992
236 309 8 1126
734 56 44 914
443 112 14 522
770 112 19 414
472 118 8 573
80 81 20 138
42 200 15 322
667 224 37 1032
246 65 19 1142
595 100 25 92
281 288 34 117
514 73 11 1013
111 308 1 213
235 227 29 75
673 40 32 1027
280 131 19 241
752 207 7 648
330 23 47 1148
289 296 25 799
450 122 22 18
554 180 19 366
363 310 31 235
276 265 49 774
695 230 19 581
291 77 13 15
658 218 31 695
88 200 11 97
436 228 4 957
690 180 1 620
757 286 21 853
606 69 43 804
481 282 23 702
216 221 25 141
316 162 43 116
461 306 25 1028
407 26 9 275
794 14 55 681
75 208 16 454
409 29 44 18
358 154 49 1083
192 125 7 1051
518 167 23 92
537 225 31 766
213 270 31 636
28 249 25 566
629 137 47 152
275 220 25 185
621 42 41 608
172 58 31 199
699 128 20 954
357 284 37 1135
568 185 19 385
257 73 29 724
757 162 10 261
168 40 21 815
133 254 17 330
726 266 19 1121
798 14 49 440
403 232 23 482
163 133 7 607
299 28 7 501
239 83 7 167
21 278 1 1073
148 283 7 618
186 147 4 606
34 123 55 866
181 114 31 693
173 187 49 230
722 188 49 91
608 37 43 961
165 314 16 546
141 307 38 335
781 317 51 465
421 107 20 59
482 107 13 918
596 93 55 284
685 299 7 283
237 101 2 421
66 301 43 156
551 154 55 570
78 231 1 483
565 28 1 836
581 104 46 1073
377 252 7 292
698 199 19 212
281 301 13 885
740 239 15 91
552 189 1 1030
278 134 21 474
417 302 7 466
421 164 14 496
470 306 19 400
51 279 55 898
605 101 1 52
620 270 9 720
312 267 37 498
680 205 40 602
523 298 34 427
673 279 13 318
225 132 19 1096
374 78 1 1142
696 54 37 1051
167 16 7 25
579 25 35 114
142 240 5 982
203 174 20 63
381 165 13 728
266 155 37 162
171 39 29 422
739 42 37 1119
443 213 25 49
134 69 3 654
584 170 19 392
9 281 49 765
254 293 1 43
219 235 50 947
63 307 2 920
477 319 4 456
413 88 43 372
419 37 27 580
332 279 50 386
397 312 28 347
675 234 25 154
347 231 3 250
29 273 38 263
257 317 19 985
651 230 14 811
492 305 13 1078
379 82 25 268
129 24 7 556
390 42 22 515
513 302 5 510
278 19 38 23
451 54 20 111
677 59 7 272
761 65 37 350
306 241 56 504
569 288 49 674
774 270 1 663
758 63 25 377
786 128 37 182
529 137 53 1047
67 37 3 973
408 231 39 310
573 212 16 261
418 39 22 454
779 209 46 646
247 231 28 632
778 260 9 855
616 218 25 414
331 100 20 1130
742 67 7 212
407 10 28 777
165 122 25 738
52 148 40 1033
722 153 19 1111
752 232 2 311
339 181 2 616
563 234 2 1003
617 243 25 987
107 89 19 1064
8 311 5 720
311 83 31 635
528 208 43 569
609 287 43 7
101 161 7 397
40 107 19 918
409 144 13 876
795 212 7 503
685 190 55 128
272 295 40 1186
120 154 25 253
760 197 31 1022
704 161 21 303
591 308 5 213
465 311 37 622
250 101 13 257
443 85 33 1177
605 83 13 261
33 237 32 825
457 199 32 1025
717 290 43 602
46 10 23 344
205 53 28 550
724 223 1 677
269 167 11 408
486 14 38 451
637 285 25 72
508 159 43 293
758 47 22 263
342 35 38 35
693 85 13 822
241 301 28 112
240 196 7 344
450 94 43 1077
315 282 10 253
664 199 8 788
246 182 28 443
780 173 31 816
224 164 7 599
541 81 31 682
715 205 13 1134
32 250 7 1033
654 260 56 67
6 226 22 115
712 314 55 1075
219 93 1 962
733 63 1 652
2 66 4 287
50 171 39 1072
751 112 25 587
105 203 19 995
778 103 46 1076
285 26 13 153
1 119 31 404
730 302 7 510
167 139 20 161
69 144 43 977
391 255 53 1119
172 182 37 845
417 236 26 855
743 259 38 713
242 219 2 447
305 48 32 644
390 56 5 645
437 8 32 627
154 23 3 953
624 254 51 184
332 213 7 290
188 205 22 862
373 117 31 1070
544 90 3 117
362 159 23 229
408 156 33 396
222 102 14 580
135 34 3 352
709 162 3 350
194 106 17 79
436 84 9 395
561 308 14 661
362 180 25 689
429 288 5 102
385 285 44 911
306 2 19 432
298 126 4 480
531 113 19 530
257 303 45 1090
726 251 33 904
634 291 9 120
164 102 14 265
564 274 7 568
251 238 32 314
588 228 39 838
625 88 19 357
797 187 55 43
554 265 33 278
422 280 15 926
310 73 1 368
192 167 49 826
339 267 8 146
622 317 7 392
90 279 37 318
495 57 31 1024
211 167 29 779
555 75 11 992
627 48 9 218
37 196 20 107
722 266 7 633
103 135 11 787
397 150 7 979
539 248 16 974
184 156 10 181
501 86 19 94
710 37 43 37
31 177 56 585
218 12 7 890
188 270 50 891
179 276 25 1152
23 261 45 812
418 269 19 460
775 43 16 586
180 314 39 32
126 108 21 32
797 133 11 1129
424 148 25 619
180 167 1 923
644 97 17 60
27 56 5 746
360 303 31 1121
570 218 37 465
163 253 44 72
177 313 1 23
336 214 13 272
512 36 50 1001
582 163 31 96
580 5 15 931
379 68 55 955
751 68 37 222
543 84 39 500
326 39 11 561
662 8 5 999
580 9 44 229
141 134 43 183
121 238 55 62
75 143 37 269
764 197 1 801
392 194 7 931
111 247 39 736
71 164 19 335
239 100 2 901
663 32 25 288
703 120 37 3
422 238 32 714
640 245 15 511
479 263 43 1024
667 200 19 267
285 301 34 648
477 120 43 499
289 295 28 227
572 129 2 1163
639 31 1 405
245 199 38 583
29 115 4 323
405 203 7 483
504 74 1 144
266 173 11 768
444 182 4 267
400 263 13 202
738 313 43 23
520 37 34 841
240 114 9 1057
776 209 4 128
734 208 49 145
288 189 4 42
585 11 37 66
551 320 25 828
274 241 37 1195
354 308 3 13
754 59 14 487
337 266 43 298
17 220 19 651
473 74 41 999
468 97 19 369
267 53 51 809
15 216 56 100
753 37 16 435
640 215 44 113
183 13 9 441
318 262 13 177
110 194 25 1126
368 106 20 594
308 250 27 265
579 212 4 633
280 137 17 413
423 58 49 138
449 157 43 257
94 306 13 1045
683 241 21 1074
339 211 50 214
444 304 31 779
476 295 13 1001
642 259 10 674
161 204 1 1089
695 235 1 97
537 221 7 614
762 18 2 479
571 255 15 577
427 316 33 351
43 313 43 1124
267 110 3 424
619 255 3 415
100 282 5 289
218 51 9 399
97 95 1 649
237 135 49 666
439 120 19 215
343 6 43 517
759 113 9 915
359 226 31 1032
680 158 37 420
226 312 35 1044
484 282 13 639
499 90 44 243
588 137 1 687
593 205 50 692
680 26 1 378
479 84 25 76
248 317 13 1114
610 248 13 726
226 88 7 46
21 74 14 1008
508 73 13 91
614 297 27 752
75 24 23 512
259 15 37 786
478 97 5 514
304 279 21 298
672 31 7 186
624 65 43 1082
259 234 15 558
646 207 55 917
458 18 13 515
227 266 19 929
451 77 1 656
678 126 38 870
86 120 7 215
38 290 7 192
792 266 51 583
716 164 1 83
559 134 13 592
327 184 13 175
62 189 28 287
609 264 7 996
351 40 52 730
525 124 10 344
396 49 49 680
603 60 33 994
276 108 43 713
746 35 8 502
421 268 25 814
437 220 49 788
140 67 1 406
752 219 37 1089
369 186 37 249
504 227 46 384
300 156 10 745
782 255 23 810
704 262 56 367
782 179 11 34
585 45 19 1059
713 50 43 166
143 221 44 101
173 235 55 373
379 232 19 763
97 273 9 71
747 233 25 954
609 104 16 595
69 57 1 689
786 64 1 235
35 258 1 613
743 147 13 361
335 56 4 27
621 268 29 471
761 304 16 597
177 100 43 1110
258 108 37 342
467 114 49 613
346 116 25 235
716 66 55 896
761 168 32 628
427 265 43 526
77 38 31 141
654 136 5 167
29 305 17 257
315 30 31 643
782 118 3 185
130 97 7 369
699 58 14 887
710 64 38 842
215 188 7 171
472 317 49 519
422 260 43 146
603 265 1 981
425 221 19 187
156 155 31 1114
526 153 57 879
740 253 25 981
651 80 37 388
605 90 37 1196
255 44 41 179
513 252 21 1017
452 97 17 536
19 100 1 1097
486 44 4 647
724 152 43 142
305 308 44 883
577 210 25 1037
18 308 13 194
163 304 38 334
784 68 37 608
797 296 32 799
359 71 16 1190
51 141 27 156
282 24 5 329
311 95 11 385
445 93 1 992
218 209 25 334
140 141 50 919
478 92 31 137
628 247 55 882
578 223 9 1038
799 287 25 616
758 111 2 807
263 62 3 799
340 268 41 698
79 23 13 679
109 45 31 262
206 7 44 66
363 226 4 422
677 263 10 492
47 53 41 632
487 34 19 708
559 318 11 1112
585 270 13 965
131 142 34 170
699 246 33 523
309 103 34 612
672 72 44 55
517 115 44 131
681 144 13 847
166 187 13 129
334 133 13 649
253 172 29 613
167 90 9 805
311 227 5 980
527 59 20 439
48 234 1 416
197 225 32 966
389 160 32 566
794 280 26 1162
748 255 37 362
60 127 16 1130
638 167 11 414
270 98 37 193
663 151 5 183
678 260 20 592
116 152 19 401
594 51 5 827
651 258 19 640
240 240 37 742
332 316 43 843
84 150 29 1177
602 212 1 340
503 252 37 582
595 199 31 37
316 295 16 975
93 237 38 1034
23 14 20 171
644 192 38 1018
496 142 16 417
14 270 55 290
775 138 25 651
514 294 16 215
624 200 15 762
68 297 25 336
190 2 50 1188
25 16 17 458
244 314 46 798
371 44 2 384
135 278 23 170
109 49 49 212
124 294 52 990
727 14 13 223
109 161 20 1161
9 302 5 217
520 273 7 534
53 218 25 273
351 313 3 697
444 97 23 369
279 185 26 888
64 285 21 154
41 245 31 1067
208 54 31 923
490 288 19 70
563 151 7 120
235 76 56 58
781 16 49 1196
624 71 25 63
421 200 53 633
724 185 11 618
738 54 7 770
364 17 3 229
384 33 7 308
65 209 10 611
770 185 37 915
82 286 43 853
539 100 50 366
114 62 28 888
548 32 37 648
361 265 25 1136
494 159 25 276
135 39 7 1174
616 20 2 563
240 260 1 1138
227 99 51 1150
50 289 1 720
259 311 25 995
788 73 43 1025
160 152 25 655
567 184 31 964
516 131 10 798
696 223 33 709
242 124 37 10
584 227 37 922
146 135 17 713
510 261 33 784
693 187 31 478
178 48 33 1192
127 225 56 266
685 200 15 714
555 128 15 891
311 143 25 269
428 292 1 468
42 29 10 387
651 315 5 2
733 35 37 972
662 40 13 70
558 244 3 26
628 164 49 151
564 44 13 556
324 144 50 561
205 141 31 1106
395 27 28 64
754 114 1 476
668 224 13 10
123 4 27 364
551 279 1 1107
681 5 39 1035
221 263 1 328
359 159 40 537
207 237 11 397
413 225 15 639
87 295 38 744
37 185 11 1124
228 13 13 934
164 103 26 565
483 47 4 796
458 23 43 827
72 117 20 563
212 181 7 1061
175 71 13 218
132 155 28 512
55 176 55 199
779 29 9 780
223 196 11 746
759 275 17 1149
495 168 7 1041
37 205 25 478
565 112 7 248
631 97 5 524
122 302 25 677
307 190 38 1190
406 305 19 1145
661 117 37 655
790 143 13 844
327 88 50 579
606 197 33 620
672 169 41 1054
98 221 31 222
583 218 7 559
743 207 43 1134
315 41 13 1105
397 134 16 183
10 192 4 1106
518 112 31 522
605 235 26 192
296 258 37 962
713 314 1 1199
347 315 32 797
135 280 9 4
740 207 19 346
516 272 19 979
309 184 55 550
361 257 9 956
220 165 25 603
542 116 55 1111
662 258 37 960
287 262 17 231
649 188 13 807
357 106 5 6
423 302 5 366
223 274 19 1052
724 196 5 688
356 57 7 110
237 217 37 243
679 277 17 865
413 37 25 696
462 266 37 233
467 206 1 838
456 132 7 942
622 3 46 866
195 13 19 440
243 91 25 94
640 20 29 675
490 236 55 200
714 175 19 442
315 220 34 745
711 114 55 613
328 106 9 892
213 235 13 63
794 48 5 189
749 204 21 1195
723 137 13 201
126 257 44 915
285 300 31 632
513 214 25 1018
309 210 7 34
137 206 13 838
220 168 15 298
170 61 20 1022
237 20 27 750
197 113 16 523
306 95 17 574
639 268 29 847
564 270 2 425
91 126 33 1082
55 58 19 448
159 54 1 1156
640 108 49 413
227 133 31 631
334 184 15 376
576 135 19 787
790 180 7 27
102 147 52 1092
386 254 15 1140
566 73 50 301
54 74 15 279
388 224 49 532
20 295 7 354
96 153 26 1186
327 42 26 1163
96 91 52 933
586 85 41 731
94 196 22 1133
648 269 5 901
80 129 43 956
205 56 17 1123
567 247 7 799
560 226 20 224
521 12 19 416
747 70 7 976
105 141 1 919
608 157 11 596
414 109 4 497
135 35 37 391
668 262 25 243
547 297 5 877
551 28 37 849
468 58 55 598
462 185 1 352
410 236 44 1088
382 184 55 1123
295 104 43 933
33 317 20 804
623 47 17 1170
516 258 38 524
505 77 1 853
667 136 11 849
369 94 8 170
782 72 25 859
615 17 37 777
499 316 55 961
64 63 1 878
376 247 51 969
390 223 1 614
82 214 1 983
462 96 13 1068
707 10 25 173
317 111 37 835
610 47 31 1105
181 21 21 1051
586 215 49 811
385 295 34 1175
618 69 16 1168
67 195 45 536
598 296 22 511
110 307 1 659
224 285 55 72
744 257 44 296
217 122 11 407
626 304 16 378
421 186 28 5
628 128 21 1113
196 119 34 144
310 262 34 930
209 245 44 996
210 13 14 241
115 98 43 363
65 84 14 1166
602 198 8 659
340 235 37 1168
225 237 53 414
778 291 14 1064
90 135 14 320
627 121 49 866
789 88 14 43
563 171 9 966
542 296 10 772
679 24 11 1183
252 150 23 680
118 132 13 777
300 17 7 994
330 252 32 538
41 99 7 123
445 35 55 93
146 317 55 803
615 126 25 318
588 258 55 928
760 122 1 731
350 105 25 523
641 143 7 800
645 215 49 966
402 253 4 586
243 188 1 671
124 189 19 244
503 139 2 257
617 301 8 173
93 147 32 657
334 31 20 1128
619 313 43 252
463 104 33 914
574 292 55 227
741 5 43 430
764 19 5 935
492 243 39 653
121 282 23 703
329 2 10 1047
542 69 19 1160
163 272 22 425
329 178 20 471
86 60 2 1020
260 194 5 928
8 222 40 389
260 181 49 2
295 213 19 49
271 228 7 899
260 229 38 1036
614 254 1 417
38 100 15 474
575 104 28 726
328 42 41 63
341 267 56 727
139 8 41 840
282 41 20 1109
539 25 11 563
386 23 1 57
272 199 25 212
460 114 25 351
526 25 5 583
494 109 10 1103
528 164 1 298
588 240 9 13
132 212 19 887
43 36 2 1115
607 59 1 994
515 222 19 955
170 218 13 573
61 53 5 221
673 171 37 349
713 262 17 251
637 150 16 1177
606 112 7 154
210 129 5 479
67 21 15 539
420 288 7 261
403 206 8 1001
436 8 25 895
410 136 20 1196
535 270 14 304
585 78 53 226
423 248 14 971
333 314 44 1012
562 87 7 311
101 36 25 541
124 105 37 572
88 237 29 665
360 118 37 1025
238 68 49 1037
47 73 19 619
97 305 13 557
118 107 1 1197
93 158 46 744
706 3 40 684
662 114 55 188
487 48 7 528
449 26 25 31
636 59 10 587
678 295 45 863
155 14 31 420
221 30 28 206
252 284 43 716
190 69 57 121
467 263 37 704
84 300 7 617
490 113 7 193
336 43 5 977
364 179 17 1146
634 129 5 465
119 110 7 360
180 74 13 567
545 158 50 652
316 151 50 706
750 252 7 547
761 206 25 704
407 87 43 859
284 314 27 926
760 210 43 615
310 150 13 1047
539 137 14 1065
206 38 4 198
725 192 2 147
794 157 7 1135
148 67 27 737
776 140 25 951
686 20 5 836
366 288 19 789
425 65 1 552
780 88 1 341
274 305 2 84
328 264 25 1118
507 86 1 104
377 155 31 385
678 14 31 88
148 214 21 818
46 282 44 958
789 3 34 943
655 161 9 579
307 159 22 652
715 293 7 1023
524 211 13 921
307 202 25 769
209 268 11 630
142 27 7 417
156 22 1 1028
25 23 29 739
727 135 7 678
668 49 27 917
488 180 28 721
381 189 22 53
28 294 31 1161
747 171 20 328
523 43 45 176
93 110 40 1057
657 67 46 797
20 232 23 720
368 282 1 948
210 67 38 985
264 274 16 619
381 156 49 619
696 71 46 682
79 310 22 1142
174 59 1 1069
246 127 25 305
615 139 20 172
570 37 14 1138
66 5 14 651
178 152 14 967
544 159 7 913
520 161 2 1064
649 17 28 1055
153 281 49 1
64 265 49 449
540 176 33 787
231 209 1 1057
710 303 13 113
263 117 26 795
639 25 5 1056
15 155 45 73
429 172 15 1181
204 35 49 952
511 212 5 251
577 39 15 491
483 211 43 935
213 145 3 1198
376 153 31 1176
708 36 27 1012
46 53 13 989
443 287 19 7
733 205 31 455
35 130 31 696
569 70 15 792
197 208 13 901
250 26 49 378
761 13 9 567
363 115 1 1017
336 223 7 313
183 160 55 844
253 180 46 697
583 46 11 146
40 82 26 640
627 232 17 415
385 49 25 1069
540 90 13 148
335 290 49 1180
42 263 1 778
576 291 37 822
756 164 43 1179
260 174 15 439
429 9 7 477
461 36 19 637
430 55 25 520
433 10 38 535
84 20 5 1185
305 262 5 231
445 211 20 1080
92 259 37 891
489 306 31 500
553 95 32 587
15 127 2 390
556 9 11 440
158 81 13 45
325 138 13 691
729 214 13 285
460 262 5 177
558 94 26 412
771 201 28 148
383 310 55 241
384 280 34 133
615 92 49 825
88 22 17 372
168 214 7 431
774 35 37 134
493 61 45 754
703 219 31 1019
1 171 1 683
518 295 19 1175
430 121 7 30
52 202 7 601
529 200 13 450
671 122 29 90
221 304 4 443
394 129 25 700
679 32 13 662
199 54 9 251
251 85 1 404
671 105 3 63
10 6 1 568
17 178 22 938
463 247 43 83
796 169 46 548
700 36 1 802
364 177 19 250
492 68 31 224
314 151 31 202
668 11 51 704
106 92 7 546
54 206 43 704
521 290 31 435
434 78 47 1165
710 120 7 176
625 300 1 540
298 38 38 969
585 70 32 230
487 318 31 539
103 170 35 567
594 20 31 410
202 109 13 1099
202 39 37 640
81 132 25 709
73 18 3 301
756 145 39 1011
684 166 49 216
666 64 50 41
47 169 35 349
286 18 43 302
222 96 5 680
134 162 33 181
231 153 25 581
409 188 49 360
648 238 25 362
507 178 5 938
613 136 37 901
769 199 50 701
463 193 9 1105
391 60 49 1116
655 239 22 209
169 89 31 1183
304 200 19 358
295 240 25 222
19 271 4 584
661 151 5 450
30 141 8 455
768 149 49 1125
242 136 11 91
23 73 31 782
473 96 1 762
457 241 37 140
757 14 25 252
253 315 32 178
527 320 13 62
540 131 19 909
618 79 8 906
378 101 44 458
513 30 2 1052
661 280 10 477
115 151 40 1012
268 196 5 99
387 202 4 748
688 127 40 268
608 267 34 617
232 19 9 576
766 90 9 335
150 244 3 730
484 97 16 635
562 219 14 667
407 98 49 1003
493 49 3 795
81 106 21 410
330 276 8 1073
34 235 31 947
560 27 52 455
292 251 32 122
757 79 2 1116
92 249 16 56
40 129 31 1163
193 148 13 546
280 147 1 1122
713 312 37 1136
135 271 50 894
321 307 31 1188
751 67 31 985
637 91 44 422
344 308 13 1026
183 123 43 1068
207 56 27 671
711 44 19 1119
674 234 14 244
228 131 50 141
462 133 23 1197
7 94 43 412
487 84 9 1118
652 118 13 1179
788 10 10 965
306 299 4 950
84 261 19 334
490 266 14 453
621 270 37 1001
477 305 28 508
61 181 20 4
262 162 25 592
340 45 25 748
725 183 15 609
539 316 27 551
501 189 38 1129
539 75 32 1071
38 76 28 121
250 80 1 484
133 55 52 775
705 84 20 1155
524 85 7 595
530 217 7 201
174 297 15 395
260 133 23 876
443 320 39 633
601 178 25 184
176 177 3 30
163 285 31 875
394 254 17 174
641 224 37 1062
646 65 45 108
275 254 1 330
556 269 3 861
708 294 1 82
125 267 37 507
712 258 13 789
217 4 1 1042
729 27 34 327
479 313 49 443
324 80 13 1070
468 153 1 916
291 59 16 704
705 168 25 350
606 168 20 491
380 308 14 869
480 12 50 177
453 150 4 1021
23 79 15 554
509 314 15 1182
488 51 55 63
372 280 16 1002
526 256 13 858
221 56 37 602
230 250 7 40
442 220 13 211
745 186 37 1158
91 23 11 65
569 168 21 1152
268 93 14 604
601 195 5 646
309 201 26 886
373 29 25 1097
130 286 10 225
646 78 5 305
728 270 19 25
355 48 33 436
201 221 51 784
404 302 11 462
700 195 31 726
345 146 55 89
336 83 39 983
720 135 17 857
601 120 33 377
697 10 58 346
404 2 55 1170
645 80 43 1125
58 95 44 1151
679 231 40 184
366 312 23 353
631 241 7 1008
720 206 43 694
662 135 1 345
3 4 37 958
121 37 3 430
330 241 39 240
2 151 2 1137
586 56 47 604
724 208 31 10
504 273 28 684
101 55 19 218
561 194 34 267
265 183 56 1106
609 291 25 1137
735 155 4 82
362 303 1 77
517 216 9 174
113 29 56 853
160 245 50 53
151 96 15 247
756 286 50 358
42 226 46 446
356 171 19 683
127 246 44 733
133 256 1 426
676 93 13 946
611 47 25 488
225 307 9 134
450 104 46 761
261 214 13 853
283 201 52 493
42 301 27 300
131 205 37 830
656 227 3 462
639 276 25 1135
127 271 5 233
595 164 3 330
262 125 37 666
590 56 5 662
223 173 7 352
309 130 22 89
357 307 32 594
352 85 4 392
143 172 31 512
791 250 38 206
372 296 39 814
414 294 1 520
135 257 14 1003
399 152 44 655
299 60 31 532
738 238 57 422
26 266 7 1190
126 132 49 835
746 114 3 909
125 54 7 836
252 135 17 1026
184 207 25 1000
633 305 1 890
78 36 26 50
321 85 26 1057
513 200 9 1046
469 32 55 978
49 250 21 240
240 17 44 767
772 41 8 359
122 127 33 595
483 133 19 607
28 291 37 672
238 24 28 872
432 160 55 931
451 159 11 489
446 195 5 1085
150 185 25 572
599 42 10 812
304 143 37 667
63 170 29 101
658 105 19 307
362 225 19 709
567 160 25 582
58 119 2 549
385 92 19 1101
240 89 13 622
36 93 9 482
704 238 26 1182
161 88 43 305
565 215 37 164
245 56 1 1157
554 150 1 782
637 139 29 932
415 5 44 365
413 41 49 110
435 172 23 127
157 41 33 87
29 33 49 250
364 277 31 1175
175 40 38 1200
700 319 13 974
352 299 15 391
95 220 51 211
531 38 22 611
81 217 7 834
311 54 49 45
290 95 10 795
440 251 16 345
533 60 25 502
543 42 25 812
99 296 28 941
501 235 25 77
191 174 43 155
400 168 31 653
58 241 46 481
502 171 49 107
529 101 25 149
173 243 37 446
523 23 5 145
238 127 20 180
546 59 22 360
154 125 49 359
414 254 17 318
747 312 23 603
378 272 1 770
412 181 25 274
227 270 1 38
215 305 37 107
745 278 11 925
658 102 8 743
572 157 14 626
669 35 40 61
129 302 27 733
99 274 3 344
252 10 1 917
54 204 7 1195
689 121 16 193
395 238 43 411
434 163 19 1036
252 157 29 607
562 217 43 978
93 99 43 553
756 18 31 3
652 214 44 571
97 309 31 1157
682 177 55 1125
505 59 4 280
269 17 40 239
335 302 2 343
235 320 33 381
575 17 7 543
540 87 8 820
386 50 55 41
71 312 28 353
133 60 43 125
383 134 25 474
402 103 22 817
577 296 3 984
431 32 19 650
284 160 49 400
765 85 5 1010
419 207 33 783
608 193 13 629
729 277 3 900
575 5 1 197
162 239 16 991
137 304 37 1066
703 108 1 519
470 260 32 907
308 315 2 391
223 246 26 246
691 81 34 138
699 266 25 165
361 224 13 1062
661 36 19 1114
411 99 50 496
89 212 23 872
454 236 13 1046
574 152 25 40
96 110 11 853
741 118 11 554
56 279 25 708
109 226 43 1199
379 265 31 21
218 271 11 646
196 282 1 617
402 291 44 739
249 50 50 49
234 159 44 1094
759 15 7 903
239 15 5 499
561 124 31 554
382 148 16 933
220 178 4 1199
6 305 43 137
138 230 55 240
719 27 37 1016
228 36 19 129
725 135 23 639
635 281 7 765
395 229 1 503
160 236 13 200
667 99 43 700
777 71 19 176
313 281 45 1009
691 286 13 949
623 144 32 928
163 167 50 908
612 7 17 673
440 148 13 66
461 35 34 952
274 32 49 118
485 170 22 146
361 77 22 790
532 247 3 394
748 239 27 755
695 34 57 1150
102 247 43 932
196 238 37 961
750 271 29 863
700 49 25 1002
255 113 37 964
339 101 43 82
763 305 1 74
423 291 26 395
165 32 19 444
359 28 13 525
65 227 1 27
672 268 1 863
113 190 37 836
788 184 13 964
730 306 1 188
617 26 19 686
38 238 3 349
362 231 38 417
457 94 52 1108
148 25 5 1149
685 165 25 247
603 55 11 520
706 309 25 189
556 181 32 992
604 50 14 823
496 37 49 973
326 293 25 629
581 107 43 821
446 286 15 509
774 87 15 859
187 152 31 231
691 52 4 441
530 29 25 1192
471 240 25 843
99 198 25 739
379 27 52 193
297 151 11 1060
227 313 40 192
609 80 2 158
81 298 58 754
195 44 31 398
243 265 9 1095
707 76 9 572
321 269 21 589
646 104 49 1107
83 158 4 501
132 143 1 844
92 279 19 712
455 227 5 487
138 34 37 1142
198 140 25 1177
318 253 10 954
350 224 13 384
513 174 47 135
295 33 1 99
720 282 22 617
182 200 13 405
513 2 39 580
276 288 3 101
85 110 35 727
313 37 34 169
116 285 55 423
393 144 13 31
7 130 1 794
733 17 22 669
524 292 49 1060
636 226 46 116
408 312 31 1044
735 278 32 768
442 130 1 488
168 43 43 763
464 58 31 36
23 114 7 973
565 3 55 84
232 158 4 952
671 287 37 973
536 10 17 777
219 276 19 489
105 242 37 716
421 132 43 598
398 191 17 1039
509 276 7 1097
186 11 49 66
258 187 13 206
56 277 7 641
33 139 13 474
331 53 17 1160
257 191 35 557
641 289 49 90
382 59 31 1191
3 202 19 131
620 92 1 556
33 103 40 1179
489 71 22 535
258 201 1 972
783 183 3 672
235 6 4 512
210 10 23 909
210 238 7 876
459 120 51 712
792 233 26 605
160 41 37 921
85 277 31 741
415 72 56 942
585 93 25 451
11 71 37 443
719 17 40 467
495 4 37 998
220 144 43 1072
166 68 20 1018
655 39 5 1096
537 92 37 62
732 7 5 437
333 181 49 274
202 271 19 587
367 138 11 691
24 267 3 824
535 173 31 71
692 235 49 711
71 146 44 294
102 290 7 435
460 281 55 382
248 303 31 477
330 233 20 940
335 50 25 783
257 59 52 589
299 275 52 1161
411 200 38 714
436 122 47 536
782 281 14 924
98 95 1 1148
431 172 13 13
549 301 3 28
25 83 52 597
698 43 11 586
578 26 26 686
207 46 23 199
216 235 49 634
380 213 49 347
497 292 25 873
372 311 29 522
673 266 43 213
99 238 49 362
766 158 37 247
28 135 34 665
610 227 10 673
628 15 34 1108
686 164 43 1117
126 98 3 202
447 127 45 248
518 65 49 1178
349 239 14 736
104 23 7 495
690 217 7 1075
607 46 4 126
708 203 38 1098
795 227 46 1005
723 226 33 1139
452 33 26 457
682 34 31 913
652 72 55 603
797 126 25 691
516 222 25 82
786 188 33 365
90 100 43 344
373 278 17 120
132 59 37 697
520 153 55 169
720 232 14 166
492 136 19 55
85 313 10 362
519 153 13 771
357 140 25 172
653 92 27 650
176 174 19 1112
486 188 8 531
374 277 37 865
8 122 13 943
736 69 13 214
748 267 4 1049
213 248 7 557
545 284 32 462
338 225 43 141
705 50 55 925
437 88 1 673
7 315 34 441
145 156 25 723
130 231 33 102
265 154 31 1133
677 176 4 627
464 198 25 1147
59 256 43 124
137 83 40 637
206 145 25 416
507 134 45 275
352 112 25 224
169 187 37 950
732 150 7 24
640 214 25 983
726 93 49 1184
669 114 25 505
185 157 47 781
220 71 1 510
217 257 31 822
35 189 49 116
618 270 49 83
629 274 26 531
685 218 31 573
123 270 55 1093
559 141 1 708
217 158 27 468
128 7 1 252
732 226 37 1120
382 126 1 646
586 201 32 590
520 44 16 94
323 311 25 363
45 250 55 491
318 43 15 1151
748 201 7 1115
4 308 21 255
138 215 33 115
45 77 37 508
656 141 37 977
455 213 38 601
203 196 11 1088
46 259 8 1112
612 225 25 647
352 123 7 692
742 133 4 818
316 257 25 668
421 203 2 268
205 202 25 133
231 210 21 389
538 66 13 950
134 226 57 398
139 291 7 517
672 127 38 180
760 75 17 662
248 249 37 185
551 188 8 80
161 96 10 1043
707 131 16 885
522 158 9 247
744 246 26 971
419 289 7 385
23 268 13 992
185 168 31 73
70 232 38 127
467 232 17 292
737 81 44 94
760 252 55 1157
549 263 43 692
771 24 35 576
51 162 46 337
48 199 43 428
174 247 31 394
477 42 1 139
535 253 49 550
609 66 39 1055
665 9 28 702
244 298 22 30
664 126 50 1044
36 22 7 124
353 274 38 485
652 224 37 701
324 69 1 1160
213 230 37 793
214 310 39 241
234 25 7 472
398 52 33 219
207 222 1 567
224 129 25 930
117 295 19 354
665 249 33 47
667 26 3 331
555 279 43 410
497 242 53 721
596 137 5 125
695 190 51 521
17 93 45 827
735 222 1 273
402 320 13 19
380 246 8 804
567 216 15 701
448 251 31 133
694 208 1 1139
675 259 15 866
546 230 31 1012
607 235 14 732
42 25 8 93
415 47 13 1057
576 238 13 422
459 255 5 104
659 269 35 70
292 172 29 486
637 63 32 760
631 53 35 96
740 186 1 398
156 295 38 187
726 237 1 127
85 242 29 574
380 119 4 385
207 266 7 189
195 147 37 979
186 20 37 675
253 7 23 849
381 42 7 12
631 23 19 642
707 243 28 369
537 81 55 53
519 144 39 990
795 290 9 410
437 296 51 960
18 302 35 1014
613 267 49 373
464 262 13 562
675 166 55 95
438 294 43 816
467 147 25 232
736 91 22 893
253 102 13 1164
214 292 49 890
213 122 55 69
514 91 4 259
28 320 7 773
589 243 31 287
119 102 19 467
221 197 39 851
767 84 43 43
231 168 13 941
508 26 27 215
770 138 14 431
319 67 1 747
463 83 22 628
568 132 14 676
32 134 20 578
162 137 31 581
750 120 49 215
384 72 25 444
95 179 11 347
447 210 7 105
647 138 46 1081
137 210 43 6
686 282 19 917
608 3 37 216
662 292 8 986
184 199 43 771
268 151 33 527
471 54 8 968
58 8 21 553
167 75 5 883
534 81 9 1113
200 5 43 35
539 58 1 156
698 55 25 755
550 48 14 436
402 80 7 797
82 173 25 867
587 146 26 179
716 90 25 68
715 122 35 803
370 92 25 465
729 173 31 490
749 111 16 610
618 299 4 433
124 164 26 524
334 154 50 857
199 314 46 933
639 177 37 1125
731 123 1 40
767 315 17 919
506 241 55 554
532 274 22 447
777 161 32 547
600 6 7 578
316 55 19 380
64 255 38 597
725 273 10 465
145 17 8 443
529 307 44 454
524 263 45 47
612 157 31 935
455 21 45 979
21 78 19 961
316 137 14 678
353 262 5 1052
414 80 39 765
547 152 55 1003
205 120 7 1198
291 210 1 820
388 310 7 144
193 176 49 493
4 236 56 494
61 234 37 266
323 228 7 957
419 15 11 499
633 86 37 626
269 193 1 867
498 278 19 337
277 288 5 674
654 150 22 306
226 241 37 763
56 271 3 308
712 3 31 276
704 297 19 492
406 8 25 670
8 262 19 891
439 70 27 976
795 111 19 764
472 207 37 433
474 227 7 693
97 172 16 424
496 50 55 33
139 200 32 95
84 316 37 471
442 165 46 1052
569 63 25 1193
368 303 27 1181
680 261 25 516
796 81 16 165
524 145 37 827
508 4 31 829
273 118 33 1111
163 172 5 1067
315 128 37 933
543 11 8 716
301 272 4 89
768 225 13 818
17 124 27 843
451 225 37 647
692 233 35 520
622 270 37 317
178 267 43 1014
139 162 28 354
180 43 25 642
11 2 44 808
22 292 32 749
410 211 7 944
432 220 5 597
314 13 55 934
31 174 13 479
726 79 7 106
527 4 49 127
427 25 58 937
423 174 17 1069
129 118 17 1037
323 6 55 511
717 197 19 819
731 136 17 326
778 142 25 417
774 315 5 930
348 246 1 764
39 62 34 135
635 137 32 152
647 311 44 608
654 189 45 1019
108 58 7 486
678 83 4 190
599 241 31 399
590 7 1 849
760 160 3 650
159 189 50 703
208 172 23 613
167 167 22 855
17 53 7 632
708 107 15 354
746 220 23 656
208 100 43 471
750 217 19 184
376 152 43 1056
331 204 55 1195
346 80 7 182
355 254 29 417
288 78 2 823
743 144 49 1165
793 121 25 758
745 166 31 518
716 289 13 590
98 42 41 68
665 225 55 255
256 189 2 244
200 305 5 557
373 211 37 1044
564 100 49 452
182 273 28 826
159 235 31 641
750 193 1 661
333 121 7 1110
274 145 40 827
19 42 37 578
154 60 25 994
720 239 19 472
494 169 19 231
516 208 4 592
515 48 23 888
303 167 38 925
687 279 55 534
771 147 22 494
718 229 55 503
747 26 31 610
431 84 43 442
482 238 31 854
668 211 31 1125
546 101 37 458
384 252 3 292
394 103 1 723
506 164 13 786
375 61 25 649
587 172 5 679
462 14 51 659
458 45 19 262
119 216 43 1032
642 159 5 943
533 197 37 974
151 280 31 5
517 318 7 958
244 219 27 1126
459 176 31 899
531 22 25 342
585 137 1 873
550 187 25 492
102 214 55 462
233 14 31 1078
14 265 37 1045
95 10 28 961
202 154 56 1033
677 288 43 934
385 246 1 304
91 190 37 72
476 213 55 562
46 217 19 777
394 202 49 1093
377 314 1 926
158 72 8 55
458 119 4 577
466 144 55 867
2 296 10 1120
570 304 55 669
198 286 57 271
671 179 34 1132
134 22 9 530
135 233 28 138
192 24 35 512
326 174 13 1192
19 234 43 1034
317 117 1 676
212 302 47 462
459 294 14 553
586 96 10 501
93 254 13 1193
367 244 13 338
705 7 3 169
558 27 13 42
521 37 4 1009
113 249 44 371
686 30 25 118
190 187 13 695
600 301 38 1154
228 176 10 476
676 189 43 703
602 71 33 410
378 46 52 165
103 181 25 1061
314 38 37 1073
599 7 13 792
361 296 19 454
37 209 16 1057
702 167 5 969
53 318 7 808
527 299 45 26
156 211 25 585
61 55 25 328
223 4 40 980
478 148 20 608
532 224 31 1000
724 274 38 837
633 297 49 998
27 173 31 352
117 169 11 442
800 167 5 1084
285 131 19 486
729 74 37 595
795 25 29 94
511 311 41 923
753 60 37 1020
705 62 10 1194
334 32 3 1002
28 201 19 216
38 225 37 141
526 277 37 658
326 285 15 1197
727 123 50 153
204 226 31 1103
794 303 9 678
6 260 2 358
150 229 19 841
4 258 7 761
450 263 31 1117
223 299 49 987
343 96 29 1197
762 55 5 302
29 272 25 194
470 48 37 19
253 231 37 615
678 135 17 757
231 140 44 202
682 67 50 624
170 112 1 224
255 176 19 181
425 138 17 982
737 177 32 243
387 225 7 1064
711 56 17 357
26 75 5 960
415 297 41 1139
60 234 39 107
521 274 57 712
671 286 25 881
21 98 49 143
620 220 13 524
264 21 4 246
680 125 43 666
258 12 28 36
383 184 49 940
786 125 19 48
95 34 1 316
413 301 20 679
302 212 3 354
763 26 37 1067
550 310 1 748
773 313 44 180
136 49 43 502
99 256 32 1046
459 49 55 1002
327 160 33 1080
488 106 5 110
593 111 33 268
590 288 25 471
294 78 34 637
295 220 7 940
746 28 1 169
660 11 19 660
754 142 19 749
552 186 7 57
601 275 51 974
339 165 19 343
612 5 13 857
364 317 38 503
546 19 19 463
194 261 27 51
392 70 43 620
31 221 38 631
140 24 7 224
139 306 14 146
755 251 1 285
5 250 37 523
378 17 13 897
164 40 2 1200
214 116 31 850
124 276 8 707
404 188 43 65
674 252 37 1149
470 209 10 909
448 201 3 705
536 53 55 719
686 313 9 104
185 34 55 276
87 99 32 191
718 192 5 161
233 243 44 461
515 262 13 145
108 46 23 121
770 254 43 650
454 55 49 495
381 78 31 1096
320 306 37 166
460 260 7 447
668 117 1 579
747 221 1 457
189 168 3 1041
345 56 5 653
459 224 8 10
250 238 19 120
549 7 28 576
294 151 25 59
311 38 40 242
669 235 50 663
128 213 55 228
329 86 27 1195
206 34 13 614
71 260 13 143
318 191 43 556
619 105 19 693
167 192 34 824
781 2 16 734
397 72 19 17
732 288 57 395
13 105 1 1140
244 208 38 978
596 81 28 123
307 225 2 767
364 272 25 835
112 74 5 1027
747 72 14 905
535 216 43 939
649 112 55 248
192 78 11 656
534 239 14 591
390 103 28 572
287 277 13 328
4 162 50 80
660 147 14 850
536 244 8 1197
475 318 25 740
436 157 15 899
18 165 40 540
338 301 10 826
667 307 21 278
770 157 16 596
121 284 7 199
734 280 16 256
82 266 14 625
441 33 8 649
467 266 13 633
572 313 55 813
90 281 31 963
740 71 31 442
147 248 16 912
150 133 15 1067
153 51 17 796
436 75 7 960
204 244 57 709
22 168 44 391
596 127 25 1083
481 308 31 915
609 195 23 338
706 151 1 202
226 253 28 1160
502 117 43 1190
199 62 58 1124
212 106 14 586
636 182 7 1002
1 50 13 64
348 107 16 820
286 139 23 932
39 55 21 19
126 269 1 333
319 239 43 991
137 40 10 283
627 168 25 1080
780 224 19 719
302 116 31 1138
297 122 19 1004
307 140 7 1125
294 201 13 507
681 172 7 932
738 50 14 962
331 166 27 106
745 190 21 713
479 88 7 28
800 145 13 1184
741 149 7 917
221 267 25 1110
743 21 7 900
195 17 25 863
169 292 43 1119
755 115 49 73
131 26 7 1067
584 57 14 232
465 104 50 819
6 176 46 774
191 37 3 234
525 35 19 399
233 18 26 345
156 280 55 1025
336 122 29 85
416 80 2 931
506 235 7 732
368 225 3 766
32 209 55 306
166 111 1 835
451 174 5 800
349 241 34 94
479 59 46 272
749 48 5 914
557 145 4 236
79 120 1 498
332 283 23 618
556 203 55 1135
149 217 1 839
518 101 26 418
270 155 32 1123
714 243 16 40
700 3 49 128
473 299 37 591
118 306 43 1097
393 234 31 240
10 281 50 732
408 179 11 321
20 101 1 906
79 226 31 319
251 189 19 1019
532 241 19 52
371 172 41 662
111 135 47 919
265 105 13 1016
767 23 1 717
241 185 5 185
259 43 29 977
650 252 31 993
129 291 21 519
23 256 38 817
104 55 1 218
215 121 44 79
511 266 31 284
448 236 7 1188
662 171 31 569
595 64 15 367
312 40 34 246
165 195 29 646
89 155 49 253
211 58 7 924
634 148 37 36
18 275 11 223
365 80 14 979
324 298 37 354
236 12 31 831
66 307 49 1112
388 156 58 1113
64 202 57 409
257 158 25 562
420 299 26 756
26 56 23 602
484 265 8 878
477 184 56 756
518 268 1 592
334 304 34 800
541 179 10 791
621 171 33 903
108 199 25 1191
394 55 20 457
194 84 37 1008
225 15 26 634
346 291 51 191
346 293 37 43
1 181 19 2
795 130 26 638
313 40 19 796
22 100 26 900
434 192 13 558
615 265 44 123
118 262 34 305
395 159 47 276
292 192 9 1109
800 42 25 105
774 169 19 666
493 304 10 1089
730 103 14 1090
298 219 19 1065
471 272 23 332
209 269 1 225
726 241 16 956
170 283 9 520
649 52 33 798
450 211 7 615
381 308 26 820
402 312 38 625
87 266 49 317
179 258 39 578
690 145 4 1184
212 26 50 722
348 27 13 424
9 235 14 58
52 263 9 328
516 231 7 111
308 42 7 1163
302 157 28 401
781 292 1 11
183 36 37 1115
430 312 37 347
402 112 49 754
371 74 31 189
726 123 37 84
623 28 11 667
262 53 10 135
655 25 13 1061
637 306 3 123
388 171 20 649
620 175 31 1134
665 93 38 303
329 232 25 1040
717 19 4 710
157 126 39 593
776 15 29 325
797 302 17 386
475 99 9 1167
595 254 44 1140
296 121 32 359
676 266 19 738
462 306 32 909
586 257 20 169
643 211 20 339
400 290 1 65
775 63 10 229
629 103 10 847
667 212 1 1044
119 217 9 119
318 116 49 473
610 91 19 618
140 222 37 877
394 179 40 28
158 194 34 65
17 161 15 199
402 307 19 266
228 77 28 792
216 78 17 971
175 211 19 657
99 18 43 1033
661 218 31 63
758 118 5 1189
369 106 35 369
389 191 8 381
275 246 3 682
152 176 1 706
228 106 23 1058
426 147 33 767
31 96 11 732
659 181 37 2
794 137 19 1029
765 209 44 949
651 78 41 98
519 207 43 28
290 262 41 255
83 239 1 1181
800 117 55 1029
144 89 1 1183
530 263 33 202
759 164 31 624
670 86 55 94
457 256 7 580
441 183 43 1149
55 157 34 218
764 280 13 1054
175 230 25 396
273 232 13 415
392 105 15 1013
750 119 34 272
168 150 57 880
624 267 19 833
607 196 31 853
310 7 23 981
52 238 13 1117
296 24 1 26
650 176 19 526
430 320 13 725
732 36 1 960
467 9 7 118
648 311 34 898
658 51 5 1113
131 39 23 638
542 215 37 4
358 173 11 76
778 307 49 467
302 188 44 165
226 98 19 541
717 209 25 871
676 181 7 274
431 194 41 65
369 195 5 774
135 7 46 975
423 216 44 255
288 276 9 549
107 294 7 603
630 283 7 331
581 125 31 259
62 240 26 742
303 129 49 659
629 318 5 983
612 212 29 254
116 130 46 794
61 155 9 70
50 91 21 550
784 110 5 335
4 103 37 22
166 265 7 1071
61 31 27 365
756 219 21 322
310 78 16 634
394 35 10 1009
58 261 13 334
639 206 49 694
426 314 57 208
52 189 37 46
257 92 8 458
372 129 44 541
155 163 19 945
684 170 11 202
647 206 19 29
39 171 37 903
237 100 21 1097
277 211 14 230
41 210 27 348
88 260 49 497
634 189 40 244
613 266 39 145
267 318 5 1101
495 66 50 279
356 212 25 168
292 10 7 777
417 7 1 949
136 313 40 307
41 306 39 1097
176 55 1 55
244 166 7 1003
197 301 22 648
662 220 17 1107
125 56 26 1017
117 70 14 340
495 170 11 800
779 37 20 518
621 195 1 507
656 101 25 506
34 264 26 602
160 62 33 211
299 99 49 804
633 65 7 240
261 54 21 506
403 37 25 64
360 244 1 1153
368 318 23 28
349 106 2 502
153 91 27 615
171 6 37 184
609 180 31 686
351 187 19 814
360 134 9 474
89 66 43 1111
233 69 1 1076
465 80 1 222
430 254 35 184
674 160 8 575
679 97 28 967
659 127 50 937
370 253 21 773
168 125 31 229
76 76 7 209
633 280 3 1022
644 38 40 1188
574 149 19 163
566 13 37 441
175 249 8 519
444 175 19 799
542 197 13 902
390 153 13 1186
119 68 55 1081
474 111 37 569
282 143 49 667
698 34 37 688
428 150 27 979
332 284 32 26
578 315 34 56
451 149 49 577
52 182 2 907
720 250 25 667
101 63 43 456
369 96 16 288
149 49 14 28
218 214 2 1100
280 48 25 158
127 51 17 1113
187 106 35 338
118 62 16 1139
653 131 22 996
613 220 23 929
786 294 50 260
168 169 19 324
611 31 19 770
4 180 13 353
150 274 43 414
296 222 8 740
119 100 32 1110
333 246 13 930
631 130 27 89
557 235 25 540
387 187 19 54
786 200 5 978
61 161 14 25
775 135 19 665
51 7 25 852
157 177 49 749
302 193 13 520
286 28 7 136
644 149 7 66
143 93 55 568
317 8 35 553
331 279 1 734
184 302 23 802
148 37 31 62
600 127 56 1079
445 214 49 735
155 36 49 569
643 8 34 825
83 234 15 1127
76 311 19 840
587 231 32 301
71 166 55 594
702 226 13 263
160 193 7 529
115 232 7 763
749 283 41 161
734 6 25 529
562 164 32 552
552 224 26 806
570 136 46 260
689 94 39 930
472 182 25 1175
571 129 5 733
589 262 29 1083
498 263 56 379
34 35 50 391
597 313 1 180
484 287 49 320
619 198 1 28
545 219 13 49
340 306 1 526
729 179 49 721
769 314 21 402
292 299 43 755
14 202 19 1171
703 35 25 254
356 178 1 274
261 192 37 1093
509 103 45 938
269 186 15 252
415 38 31 247
435 33 7 113
435 162 44 34
245 273 15 330
437 292 44 888
151 153 43 1195
66 202 35 548
504 90 22 342
353 275 17 986
198 320 37 953
626 209 19 306
690 126 21 749
476 16 49 106
347 240 49 222
432 82 31 400
620 38 43 667
229 273 25 97
561 13 9 528
377 4 34 852
501 259 49 999
675 250 37 457
152 214 21 462
580 57 1 312
772 317 3 691
669 25 5 986
433 35 7 35
252 259 13 195
180 111 55 1136
566 5 7 266
309 311 1 1101
241 47 17 264
332 291 37 719
16 319 52 677
659 146 19 680
357 229 13 233
98 34 28 67
704 274 16 32
222 106 35 884
504 106 38 181
134 73 1 1070
370 217 1 94
701 34 37 208
25 188 7 365
357 130 44 89
109 3 27 712
549 167 1 542
479 180 19 299
296 152 43 515
327 44 23 329
129 203 43 242
112 133 23 543
767 257 33 454
702 74 17 707
361 24 5 598
535 179 7 567
291 126 37 434
607 217 55 563
686 64 13 977
799 41 49 810
255 94 57 656
650 141 25 337
247 33 49 135
100 110 38 718
502 47 26 499
714 121 55 1055
761 272 7 691
253 181 1 1061
139 290 19 737
644 160 25 1081
781 70 22 839
715 312 41 1000
515 239 7 596
489 182 19 502
83 298 10 354
100 207 13 1150
438 75 22 950
86 127 21 1079
437 250 55 762
512 298 7 101
510 228 55 119
342 156 49 1088
694 136 17 918
426 14 13 571
123 69 43 712
48 6 7 279
270 107 10 1173
787 94 19 759
179 220 4 162
328 266 3 171
488 299 2 48
764 107 49 820
167 267 44 415
185 50 37 1151
703 276 13 938
510 183 14 672
260 114 1 939
171 33 7 803
152 229 50 559
605 185 5 775
577 96 13 942
776 76 23 1146
670 235 7 379
320 147 15 1122
300 310 43 459
249 251 13 719
743 258 19 772
440 169 29 203
666 52 55 280
701 7 19 393
646 175 19 1046
42 314 39 377
795 308 41 202
66 300 37 413
712 250 49 491
470 114 3 315
325 5 49 266
161 267 14 727
455 41 19 87
10 24 16 80
566 255 34 751
600 164 19 469
158 73 32 639
336 53 37 889
39 81 31 509
340 181 14 2
182 89 43 673
289 268 37 1173
742 114 27 21
247 92 2 66
148 21 1 155
338 215 33 498
149 299 10 534
602 261 49 405
538 293 38 1029
355 175 19 203
30 13 43 441
132 310 50 129
718 245 40 1128
701 243 32 605
674 163 43 418
428 237 25 926
767 19 5 605
104 244 22 1181
521 246 21 971
123 217 15 321
539 170 8 1156
214 300 19 481
22 175 1 892
765 204 1 1055
689 168 1 834
569 250 31 476
113 94 1 1075
67 36 37 544
14 183 50 1021
38 213 49 463
791 111 55 327
123 93 49 781
619 20 31 571
448 319 13 109
480 94 43 1108
244 203 15 1004
596 5 19 338
229 118 10 627
225 222 28 1043
114 208 25 735
416 59 46 67
251 251 22 915
251 66 37 477
535 75 1 771
238 75 5 612
396 41 25 1105
324 292 19 741
245 68 19 361
266 129 34 733
619 176 10 900
670 29 26 526
367 320 1 598
428 97 5 517
320 228 10 957
134 125 13 407
657 24 7 576
343 217 31 604
297 314 25 367
298 223 33 741
475 268 20 479
360 69 4 1103
363 4 14 163
404 213 49 1032
111 176 10 425
692 77 31 33
790 11 37 327
304 188 43 200
102 34 38 311
200 171 31 1156
633 258 13 427
393 77 43 1035
599 9 7 767
534 96 17 938
431 89 7 998
5 268 17 881
136 236 15 900
487 275 22 492
116 188 7 923
762 56 10 357
36 260 43 497
75 166 9 342
472 285 43 752
97 256 19 678
387 72 31 1172
372 198 10 979
79 102 43 286
18 114 50 505
298 21 1 1152
96 24 13 585
707 33 49 515
272 254 13 668
242 117 49 59
569 202 53 22
209 71 27 532
333 31 20 377
545 289 25 480
96 134 15 309
551 317 50 503
691 169 16 467
313 45 15 245
621 209 3 871
531 238 13 764
327 161 43 425
616 97 53 369
795 133 13 144
548 196 1 940
465 110 29 1116
38 21 31 654
770 195 29 1157
785 165 31 733
18 139 33 625
281 312 7 625
787 69 55 349
375 77 33 282
576 101 21 621
140 82 20 99
108 259 4 726
181 179 5 643
684 27 31 597
645 9 2 223
494 62 1 577
307 237 20 116
429 259 1 387
405 24 5 1187
447 53 19 221
18 84 19 363
309 145 4 86
385 61 31 877
118 196 7 600
771 121 25 920
172 81 9 1116
26 222 55 1057
793 145 28 399
488 58 37 5
511 79 51 514
461 283 43 1145
617 306 55 971
317 310 20 1025
619 117 55 490
506 289 37 1049
45 78 4 604
397 188 37 319
285 66 38 995
550 60 49 618
442 218 19 658
570 92 25 236
721 235 1 471
92 273 7 880
56 44 5 698
453 65 31 494
721 37 7 967
77 67 37 643
330 137 26 653
433 140 13 505
772 39 38 82
787 98 7 143
92 67 52 332
622 159 25 53
796 296 10 221
36 233 27 670
405 82 31 793
336 129 11 302
373 61 10 1114
373 34 7 1021
326 261 39 948
683 216 49 285
264 159 11 264
183 152 25 928
458 255 11 584
244 272 11 668
701 259 40 696
219 34 33 811
462 277 7 626
655 60 27 791
342 56 35 801
712 61 19 996
711 135 29 548
557 123 22 1156
574 63 31 723
326 191 46 554
595 25 1 472
782 121 31 1072
764 164 37 153
687 223 39 675
142 247 56 1176
265 28 35 1129
337 176 25 542
252 138 10 1149
235 200 17 420
628 129 11 1056
606 76 15 239
450 22 34 936
767 39 19 355
412 307 38 858
313 131 4 240
149 224 19 544
454 35 44 345
187 37 25 1004
323 63 19 258
175 113 44 558
327 203 19 1163
641 90 43 868
208 319 25 11
142 19 17 739
64 282 43 25
301 151 1 595
592 150 17 591
751 144 50 195
142 148 49 447
2 21 26 10
183 184 13 12
271 136 10 341
131 37 26 104
12 27 45 1020
297 27 37 455
443 23 29 614
373 75 23 165
667 111 26 1056
186 180 27 342
97 229 3 1037
438 52 19 90
40 243 4 93
112 297 29 500
379 147 45 81
337 207 49 411
778 296 43 350
379 270 7 870
105 145 16 227
525 51 41 1184
68 31 34 107
429 248 33 840
743 27 1 1114
724 62 51 656
286 132 49 1096
273 272 11 332
748 19 25 196
562 3 1 216
63 251 7 795
584 159 22 256
436 87 19 311
638 244 55 24
447 75 11 59
228 282 32 257
478 14 13 817
107 104 31 456
128 3 3 194
307 227 53 1005
692 38 26 731
240 111 26 547
679 164 31 210
131 110 29 1140
761 181 49 535
7 33 25 515
695 10 29 173
284 150 25 183
110 196 14 665
264 98 25 370
793 17 9 195
661 47 13 120
531 266 1 955
453 83 13 597
18 233 7 881
263 116 50 710
94 155 51 949
532 109 40 343
717 212 58 938
134 210 38 519
401 252 9 1104
512 300 55 316
698 214 27 333
349 44 55 986
475 206 3 16
153 41 2 1039
776 115 1 248
53 125 51 321
451 154 45 1083
133 232 37 415
733 19 25 1128
478 59 50 275
776 320 44 540
486 70 1 6
623 131 43 508
616 310 4 316
796 67 2 178
195 224 7 122
4 129 23 1091
81 8 29 825
393 137 17 1009
209 205 4 418
399 307 10 232
124 90 3 68
95 250 37 333
583 299 21 75
612 36 9 885
228 97 37 610
753 16 49 570
568 36 55 1115
394 230 27 1029
30 130 49 89
750 219 25 936
741 33 13 308
625 232 38 884
133 76 31 1198
47 144 1 928
727 70 2 177
789 193 50 207
367 263 37 125
392 98 25 405
597 257 43 780
607 89 19 23
133 295 19 88
339 114 31 613
625 53 5 889
552 296 4 454
355 307 4 1086
319 150 4 738
359 91 56 111
692 289 55 82
248 141 44 167
460 154 31 826
358 316 55 186
485 33 26 229
752 12 41 405
798 302 17 664
286 270 13 830
172 156 28 766
769 24 5 1145
256 194 8 151
676 119 39 557
283 9 7 177
598 266 37 1079
262 164 43 1087
274 309 15 139
387 275 55 1105
644 260 31 472
603 45 43 562
77 126 20 359
65 82 7 1053
668 304 44 443
152 215 43 19
758 253 16 1092
660 17 26 182
263 213 13 600
66 40 21 565
109 81 46 44
105 3 40 84
375 249 51 466
631 143 1 135
338 240 49 1111
217 315 5 838
262 71 55 495
227 247 33 398
2 64 49 1027
343 21 55 189
137 194 1 821
175 193 32 1141
598 59 43 96
374 71 3 288
89 236 3 270
406 63 21 453
571 8 13 895
542 72 1 1172
550 49 37 1002
710 221 25 789
739 139 16 748
166 100 52 959
125 97 13 1194
636 251 22 122
603 203 55 842
231 73 5 659
435 310 51 744
342 32 43 259
27 184 1 388
197 164 37 1006
797 280 49 1025
403 179 29 296
2 190 37 931
574 15 5 947
203 236 25 323
385 107 9 545
579 78 29 1165
790 79 2 564
471 199 13 162
746 318 56 1101
311 14 1 759
766 188 33 238
641 47 53 357
210 109 45 413
159 265 20 452
769 179 1 75
96 165 43 397
107 308 17 661
13 75 49 950
179 171 55 137
105 250 7 706
175 65 49 510
304 285 13 171
745 53 1 719
789 299 4 391
110 296 31 511
506 101 50 257
785 256 51 580
612 187 51 40
460 204 49 1089
236 129 34 95
759 37 21 1140
698 181 45 957
687 173 19 85
404 279 13 1006
661 313 43 521
519 124 8 65
562 69 40 270
314 314 33 1047
714 103 25 284
227 300 9 184
463 195 28 664
413 262 11 447
394 15 15 694
25 28 11 615
728 127 52 1096
264 232 29 763
612 98 21 542
106 81 25 576
358 136 25 300
434 201 2 227
328 152 14 156
159 67 55 923
460 229 43 757
93 52 3 477
550 51 7 825
642 175 1 991
142 174 29 1108
297 5 1 15
634 33 19 326
69 245 25 1016
115 24 17 1187
324 243 26 1005
337 12 4 831
437 285 19 951
644 42 14 253
512 111 22 792
770 61 40 649
476 15 23 786
611 312 11 944
447 309 1 535
217 208 46 150
245 274 26 436
120 27 21 635
454 261 37 853
280 34 22 100
780 89 13 23
286 185 1 979
571 191 29 392
627 56 31 756
731 194 4 1135
332 237 41 740
757 168 39 74
321 170 50 932
397 295 43 941
551 95 23 902
425 87 25 1071
148 266 9 625
792 130 20 715
73 211 9 346
612 74 19 104
119 18 1 921
445 164 31 524
720 248 3 382
553 294 43 381
261 65 40 861
731 286 43 1165
25 251 31 719
581 266 13 776
594 32 13 100
541 248 39 77
79 166 25 155
478 201 28 627
541 231 34 632
380 47 23 968
775 250 1 134
242 292 44 468
481 80 33 1119
200 73 26 970
682 194 1 433
289 104 4 595
460 26 19 863
401 193 37 133
590 94 37 1077
356 69 33 280
651 99 32 510
568 150 29 495
685 134 28 469
177 45 19 884
558 67 37 1022
793 224 43 544
484 253 19 431
241 266 13 1142
390 119 7 374
555 138 13 748
786 97 13 391
12 320 20 1132
647 90 10 47
336 248 33 168
442 55 7 775
787 45 27 34
574 33 43 250
155 50 43 1138
152 34 13 804
251 300 8 437
355 10 11 917
297 279 15 791
559 229 49 1133
184 294 52 657
522 57 25 325
194 135 25 369
392 72 1 936
448 93 49 814
705 271 1 410
188 232 8 747
220 90 34 645
18 287 43 908
78 3 19 128
728 89 3 473
471 301 33 503
704 212 5 17
70 98 7 790
681 109 51 1196
344 82 43 1148
353 163 43 945
504 78 13 637
773 151 33 706
432 124 43 748
307 138 33 8
576 44 1 937
756 237 13 563
700 145 40 416
461 50 13 778
665 269 43 882
256 121 21 623
411 178 13 685
187 311 5 208
395 257 37 683
758 174 37 155
557 146 9 1143
502 63 37 258
768 287 31 320
263 157 1 250
204 240 7 793
718 159 13 411
94 130 28 715
313 31 22 264
544 287 21 419
471 247 19 83
56 137 9 1119
684 224 2 122
164 202 41 1067
736 237 5 1034
666 211 43 683
352 224 32 700
609 92 19 882
118 172 25 815
35 132 40 669
383 8 46 350
777 115 25 1060
273 311 31 717
410 73 4 619
180 103 51 978
643 102 37 743
377 152 25 905
153 84 19 1000
688 107 13 251
74 154 25 420
474 208 34 258
481 84 38 76
46 192 37 468
236 72 1 1014
736 60 44 10
238 46 38 245
581 238 1 854
223 124 1 776
736 36 38 97
740 12 4 204
486 280 15 1194
548 208 31 31
124 219 13 1120
593 294 19 505
570 163 3 232
101 204 31 1026
629 230 13 413
151 264 19 905
159 291 26 892
217 243 37 1177
796 43 23 763
730 295 34 975
573 314 7 1199
425 50 49 1168
163 161 1 92
12 230 25 910
395 278 11 598
442 119 28 1131
184 149 13 886
787 127 37 1096
559 19 34 710
354 22 44 291
586 181 1 482
70 275 1 41
45 34 15 142
304 30 56 484
720 313 49 268
721 98 45 968
136 135 13 324
191 311 7 271
65 64 25 666
319 261 49 601
68 116 19 913
682 318 23 204
775 213 31 1094
505 32 13 865
88 248 31 77
363 89 43 522
666 123 32 866
67 293 7 375
328 159 31 308
387 29 37 483
37 146 1 1067
528 114 49 557
661 306 26 588
630 20 35 750
40 67 7 372
338 310 19 103
620 318 51 13
189 171 37 630
146 278 11 997
660 75 5 1071
736 139 27 728
90 230 1 891
183 309 31 997
182 246 49 338
413 217 7 1082
645 180 19 1045
777 258 56 326
756 225 7 141
195 56 41 865
40 90 13 545
438 92 1 725
203 114 38 909
181 257 44 980
449 95 29 217
288 125 43 789
146 3 27 781
537 314 49 396
285 225 25 966
396 61 1 148
286 217 39 1024
449 150 20 183
82 167 19 1033
304 65 25 130
278 133 25 144
270 203 19 556
649 270 19 1001
341 201 1 729
412 18 49 235
216 231 33 895
137 137 53 841
116 272 35 108
147 197 25 74
759 134 39 29
669 226 15 235
545 159 17 1031
238 70 13 825
18 97 1 654
480 282 35 948
191 278 13 1185
199 259 20 896
733 206 13 305
656 97 19 536
383 286 37 312
430 197 19 275
403 259 13 674
699 205 52 253
502 149 19 767
523 67 25 907
683 62 7 888
573 129 11 862
146 160 43 469
115 114 19 616
597 236 19 673
307 128 13 137
8 132 50 980
201 168 3 238
451 107 25 998
376 197 8 726
670 291 19 242
593 204 25 829
575 67 10 960
703 105 7 1013
353 234 49 288
2 303 19 1184
647 260 37 447
75 268 31 562
229 10 13 346
698 149 7 416
9 225 39 314
471 96 40 218
167 69 40 50
400 13 43 320
255 93 49 868
458 78 8 44
178 127 19 986
789 255 38 299
469 217 7 1024
220 116 9 913
229 146 19 947
182 248 1 1056
319 308 33 883
95 280 14 559
239 128 49 1183
457 7 4 903
798 280 1 432
57 159 1 1087
661 179 15 186
509 246 25 338
416 64 49 1145
414 249 19 728
360 122 13 18
731 17 8 478
434 283 10 879
636 266 31 233
190 15 5 997
348 165 40 221
34 299 7 312
663 98 1 894
365 216 7 646
607 140 49 148
156 279 13 456
16 227 8 594
560 118 7 972
295 180 9 880
772 106 31 1058
94 142 5 29
466 224 26 391
767 280 52 742
547 104 21 768
634 207 1 1127
365 282 25 702
196 217 21 213
31 125 43 1147
34 79 10 564
431 266 37 189
469 268 26 1043
143 21 4 155
137 129 7 535
724 268 25 131
161 210 31 74
444 64 37 231
792 173 11 1186
79 217 51 798
325 225 55 178
689 191 7 696
22 36 7 622
193 100 1 930
527 258 55 677
584 65 31 1178
110 85 16 52
592 265 50 878
742 127 14 475
430 318 33 78
575 180 44 375
639 256 13 208
721 286 21 761
63 118 14 734
561 261 1 685
371 312 28 1040
767 59 7 67
488 99 22 1200
172 241 4 1008
157 173 25 1050
713 175 13 442
468 184 25 1161
27 33 7 912
143 4 19 860
281 258 44 457
690 318 11 754
232 214 19 812
686 37 1 64
109 249 40 1196
511 60 1 1190
760 306 37 682
522 191 44 78
540 233 1 98
366 118 21 807
628 302 5 47
676 273 23 1096
775 109 46 96
65 25 40 93
138 250 50 867
137 297 5 954
780 93 37 150
671 158 13 770
102 296 13 1131
527 169 11 467
762 2 56 482
446 94 19 207
496 298 28 742
391 35 45 813
609 232 29 590
344 244 16 141
524 92 25 80
63 266 37 1121
587 136 51 226
254 164 7 236
462 20 9 81
632 313 14 1126
746 233 11 605
528 207 13 1029
72 83 10 334
749 65 8 436
145 149 13 712
43 149 49 578
660 172 17 658
393 270 19 710
522 129 19 939
54 30 28 139
70 303 19 1129
738 261 31 702
733 263 19 778
78 271 7 909
771 278 37 328
434 254 23 871
606 117 1 289
447 49 49 889
358 155 34 119
582 247 1 830
558 242 7 875
519 58 19 1102
718 123 32 919
310 20 26 636
544 163 37 536
354 302 20 11
673 157 17 963
126 181 7 2
47 108 21 1023
497 150 35 315
211 90 49 1062
327 124 55 1085
268 100 1 686
156 90 3 1062
500 143 25 796
761 112 3 414
442 79 15 906
663 245 37 727
365 245 44 84
114 269 17 839
146 276 7 390
235 79 8 849
123 294 1 1035
283 217 44 118
574 312 13 136
433 182 32 504
214 297 7 303
351 31 31 855
258 268 17 1018
640 206 37 867
299 118 9 92
576 8 32 796
489 147 1 402
354 25 47 630
698 113 50 858
357 313 7 853
278 319 4 152
597 136 23 300
187 157 17 1135
737 77 1 512
702 78 23 180
462 189 15 815
287 179 1 347
347 35 14 399
78 225 32 851
610 217 51 1082
683 19 17 1097
796 19 21 944
438 178 50 419
737 273 5 911
149 238 50 471
543 318 5 355
706 111 37 811
220 40 40 1027
618 22 23 283
721 62 31 273
317 291 26 462
791 242 19 702
523 196 28 1088
514 101 38 210
397 250 1 125
160 134 4 987
770 232 8 138
697 113 4 656
496 113 19 989
566 202 5 1093
308 159 34 810
664 72 45 333
464 15 29 707
332 95 4 709
617 61 37 416
24 72 21 1166
182 99 20 528
20 221 44 170
625 112 32 689
495 286 2 585
684 37 22 1188
496 89 37 132
414 300 43 284
151 228 7 1179
128 206 19 91
735 65 13 489
515 211 37 771
405 207 45 1191
699 194 50 1009
536 160 45 5
67 138 34 132
780 236 25 119
289 203 43 903
773 143 26 127
87 186 14 784
251 43 14 434
577 60 31 183
529 54 37 1084
653 291 33 380
356 13 27 441
657 35 15 502
263 247 19 969
240 127 22 390
103 90 43 310
428 62 10 273
563 116 19 235
505 9 49 477
696 301 28 1024
158 173 22 887
689 287 50 1113
601 213 13 277
446 30 39 1153
70 151 23 167
468 228 10 848
3 155 1 565
681 247 31 932
374 236 14 985
325 130 4 794
757 18 31 302
403 299 52 955
623 274 46 626
376 228 55 655
16 48 1 763
504 105 7 307
73 217 39 798
11 144 8 1027
792 199 1 78
719 294 49 448
775 57 49 183
630 121 56 623
526 65 9 1161
565 279 43 196
102 165 16 111
677 218 14 618
267 162 46 832
554 25 11 583
416 299 37 322
20 287 50 954
404 21 19 50
386 218 7 233
286 213 31 661
161 235 27 1078
347 159 47 1006
23 288 25 267
616 320 20 236
622 308 11 650
280 292 38 525
170 82 51 823
89 83 37 935
598 232 5 296
739 6 49 323
315 95 17 947
123 28 5 683
661 212 1 975
394 191 5 44
638 100 25 741
454 298 7 1178
34 74 20 779
613 139 13 932
72 91 4 377
496 227 7 264
642 221 39 385
128 273 13 41
212 183 25 415
98 113 37 174
679 35 7 604
129 10 2 746
363 206 7 485
728 188 38 80
590 31 22 1082
444 128 43 171
229 19 37 54
46 256 2 264
471 233 49 283
152 236 37 273
374 54 43 45
773 11 37 300
647 38 31 473
328 3 51 355
438 71 37 288
791 65 13 1161
131 16 20 1117
563 270 37 7
154 300 15 128
660 286 43 881
353 134 8 949
689 215 33 889
319 182 14 879
589 11 43 887
472 319 10 331
203 185 29 626
674 164 49 1006
96 248 40 912
440 61 2 690
361 37 32 234
553 236 49 8
504 267 25 139
533 21 46 986
104 52 3 968
420 292 32 457
207 34 33 341
714 139 23 141
772 62 33 990
70 194 11 705
60 187 8 814
774 276 31 27
378 286 28 761
647 195 16 1054
171 230 25 142
64 110 46 112
396 45 21 1106
69 120 55 857
188 200 4 701
784 80 8 665
426 53 4 1160
370 10 31 1047
149 25 5 559
716 149 43 836
303 199 26 379
719 50 25 534
7 39 11 339
517 3 25 869
422 139 19 72
486 120 19 574
508 196 23 1098
598 190 1 460
798 32 55 134
594 102 1 967
587 96 19 732
295 202 32 1061
592 15 7 782
460 199 13 647
235 24 23 585
543 61 22 416
147 268 4 91
741 99 25 316
6 144 15 861
328 202 11 113
717 3 55 155
471 248 45 532
130 225 19 1118
290 132 16 669
171 294 14 1035
90 127 20 832
423 3 7 389
469 110 5 566
179 98 19 968
303 159 11 652
152 86 7 753
614 214 49 397
128 176 26 1146
720 314 31 780
578 316 19 1191
344 145 37 209
325 187 7 690
763 228 16 281
60 138 1 109
735 124 20 1003
547 190 9 1096
334 12 31 1080
761 159 43 1155
666 257 19 851
215 176 49 813
60 3 13 803
493 253 37 394
192 64 39 1152
188 85 31 930
119 59 4 704
321 19 7 1074
399 106 17 768
285 227 7 330
332 168 19 881
633 214 55 790
412 56 19 27
487 54 33 1040
652 223 49 229
408 164 20 403
151 124 10 450
94 14 39 358
779 36 2 837
65 83 31 612
693 87 1 1071
630 82 37 448
593 298 22 205
739 55 20 295
503 226 34 389
233 68 21 325
73 288 23 1003
723 262 5 38
483 62 21 735
762 69 43 356
750 168 37 881
613 320 31 593
423 32 31 197
16 61 34 804
478 74 1 736
635 157 16 914
238 249 55 56
581 166 52 676
333 118 5 573
201 201 39 139
9 135 37 369
750 35 55 972
590 103 19 706
359 236 25 298
44 41 33 1109
384 209 37 478
405 320 13 749
671 144 19 378
62 253 22 1159
491 66 15 287
275 288 7 802
238 296 2 558
36 219 19 468
637 166 13 617
538 28 27 501
393 251 25 719
45 232 7 87
259 110 40 629
559 73 56 283
104 7 55 369
789 31 26 159
640 47 4 833
283 190 9 953
403 277 5 1133
626 283 31 976
52 13 43 335
783 316 21 783
116 136 5 508
258 223 44 1038
179 174 37 976
582 31 10 186
193 34 31 933
779 20 13 29
617 135 29 193
293 134 14 1
74 145 7 1011
156 93 19 868
694 87 13 1028
643 205 1 403
593 19 1 576
136 259 37 1167
502 143 3 539
484 58 2 1099
447 92 31 1042
67 198 29 137
11 84 13 276
774 296 49 941
688 206 32 1143
196 13 49 1120
337 146 55 1091
685 43 2 176
745 305 27 1199
482 314 2 575
374 188 8 711
405 69 52 1160
250 33 37 113
268 40 39 971
131 170 31 1139
423 156 1 1131
129 303 38 459
364 205 13 165
212 226 31 558
44 285 15 951
3 105 43 1016
157 50 1 925
204 168 13 707
35 134 20 949
377 320 45 644
305 34 19 81
179 108 50 29
510 114 39 315
302 316 8 1165
748 10 47 1014
318 320 32 828
659 249 10 1101
419 5 51 851
165 135 14 910
482 137 25 1196
140 286 25 1190
181 193 25 535
403 140 1 1083
217 232 13 1143
624 40 28 984
680 253 49 965
94 229 1 376
385 319 49 827
5 194 41 289
457 200 50 98
782 76 45 809
221 220 49 243
458 17 16 824
530 52 19 682
446 102 49 860
331 25 7 708
739 3 13 374
762 212 41 424
163 213 55 706
603 192 31 728
497 37 8 11
411 156 19 319
686 4 50 852
408 306 45 619
116 219 13 955
659 172 5 486
404 123 7 988
579 48 16 528
546 239 10 490
13 311 37 336
409 122 23 1070
204 62 22 1050
667 151 16 867
357 203 19 268
119 197 27 801
427 262 37 861
715 163 43 121
442 96 5 958
708 103 19 766
153 216 7 1093
100 269 41 1069
753 303 25 1089
15 287 7 9
572 26 38 764
525 12 1 380
489 284 7 467
16 73 29 970
204 29 9 632
327 217 37 232
21 88 43 209
189 5 9 1032
723 215 1 889
256 51 5 1174
495 203 45 964
516 292 21 1030
475 137 1 114
29 7 34 769
238 240 16 803
99 245 40 1040
110 254 19 470
573 14 31 252
181 51 17 1176
632 280 25 645
655 299 40 591
388 230 43 811
294 274 3 548
408 273 16 741
178 18 37 235
83 241 7 394
683 219 1 219
575 258 19 613
715 59 31 317
485 282 13 465
103 13 13 441
508 5 1 607
68 317 7 514
587 151 10 448
195 192 33 1036
452 320 37 461
45 223 25 352
705 184 15 848
98 203 19 897
48 53 14 314
55 78 15 601
261 125 2 525
176 142 35 821
678 9 11 7
688 183 19 573
657 225 49 27
49 40 25 549
86 11 25 244
162 244 13 288
60 281 19 12
338 113 55 512
19 208 13 1102
594 39 19 890
375 80 55 616
154 129 7 302
513 19 7 861
290 282 7 948
429 219 19 626
613 206 8 838
49 220 19 162
485 266 31 1006
524 203 1 956
54 28 5 615
469 164 14 623
256 307 32 600
163 59 25 675
527 147 26 393
465 157 5 1025
633 199 43 162
746 8 34 626
84 148 16 916
752 94 33 759
481 261 7 983
164 194 5 1013
325 166 15 164
291 291 19 634
197 53 49 1011
759 209 43 306
113 312 13 301
216 108 19 598
626 271 23 757
234 141 38 219
744 87 31 805
714 295 13 570
444 162 14 1056
237 271 53 132
511 30 25 113
125 175 43 799
328 136 1 142
374 51 20 151
519 149 55 1180
199 230 3 793
778 219 1 1065
658 94 37 170
194 175 20 892
479 203 13 1072
4 301 45 699
502 254 29 124
682 320 13 1015
429 86 25 1084
685 209 4 742
550 90 20 68
674 293 55 435
744 126 1 2
513 71 15 682
130 194 31 698
171 178 2 17
314 64 14 107
537 82 28 999
62 97 19 783
399 118 22 1193
706 68 31 325
732 16 31 1195
269 264 31 584
59 304 2 779
475 196 49 720
713 191 50 381
195 253 56 224
296 70 21 956
22 289 55 861
13 260 14 632
557 33 31 46
468 192 21 1055
770 191 5 668
131 68 13 459
218 242 31 1073
688 232 23 166
332 11 25 286
490 62 10 948
346 85 32 346
529 219 55 629
344 66 49 1138
151 135 1 1005
715 101 25 1047
652 271 23 91
70 169 14 462
557 261 43 1060
130 165 40 747
399 238 13 575
362 97 45 663
437 213 37 399
318 106 5 571
47 268 5 490
454 92 19 62
798 52 7 945
217 249 7 971
764 131 46 339
32 80 49 201
314 193 1 346
286 204 26 28
428 290 31 860
401 226 45 56
331 192 43 1002
308 269 31 250
501 4 55 238
777 256 1 678
356 294 43 841
624 256 7 434
237 281 55 410
763 249 25 47
193 288 5 934
457 123 43 194
799 9 19 1099
671 302 1 861
143 238 33 201
144 176 13 271
42 242 17 721
16 59 14 997
274 143 7 1012
316 17 7 31
430 2 46 638
624 264 37 862
496 20 9 541
365 233 23 987
36 172 55 1138
415 296 25 1183
409 2 26 1032
683 107 55 213
370 49 7 470
608 136 51 113
754 14 49 1200
22 272 20 422
11 138 17 1050
392 14 32 894
596 165 14 327
205 181 37 1061
17 173 41 464
484 10 25 732
526 316 1 46
670 208 37 1013
93 136 26 575
388 174 55 994
53 50 44 64
563 14 50 904
591 103 49 39
579 30 25 885
22 71 13 495
654 171 40 427
769 70 28 1143
464 140 21 1150
345 49 37 975
441 30 28 865
12 268 7 310
248 169 41 942
301 53 23 507
592 36 37 802
697 19 11 576
751 251 10 172
69 134 13 221
741 13 55 1120
266 133 2 665
97 77 51 423
28 53 11 1006
557 44 15 360
595 129 13 385
344 315 8 699
114 309 3 1024
305 128 7 249
562 240 11 1139
626 306 50 964
321 15 40 707
425 3 37 712
230 87 49 78
98 71 43 288
472 192 31 926
643 226 55 1199
493 74 17 600
483 234 31 53
69 274 28 835
129 95 49 724
563 109 13 1103
130 255 37 272
717 117 38 592
482 235 43 634
296 295 49 874
162 170 5 146
81 35 4 776
34 229 1 929
85 270 15 1093
406 314 9 850
798 231 10 1020
50 153 55 862
741 80 31 979
534 170 20 534
13 119 19 577
520 156 31 517
19 80 50 612
258 125 8 902
254 24 57 800
625 187 14 814
489 49 39 254
41 89 43 714
275 179 17 405
776 175 13 988
120 287 13 1141
634 232 13 763
105 296 13 627
578 136 41 852
194 15 5 707
90 19 50 1074
625 268 29 1001
431 294 58 698
59 72 56 101
465 95 32 873
454 219 33 303
297 9 40 1087
734 103 9 323
654 198 43 1112
304 39 1 232
212 254 16 1193
799 103 7 662
400 164 7 1141
506 35 43 444
476 3 16 869
73 176 28 1042
312 127 19 409
143 36 13 802
588 98 19 1141
766 46 13 731
365 40 37 195
65 241 37 504
612 161 33 75
500 210 13 913
155 316 7 1122
710 116 1 71
202 36 49 140
302 144 37 1104
261 316 31 961
475 20 17 832
553 130 4 638
76 224 13 1081
426 308 17 799
711 54 32 313
19 307 31 858
691 196 43 262
755 36 55 222
646 143 1 279
282 259 28 591
546 206 2 808
316 86 21 1037
34 22 5 897
746 128 19 1185
220 156 19 1131
510 2 19 114
345 90 25 310
398 110 45 60
719 103 22 1061
487 74 4 567
455 236 32 270
784 171 56 689
227 271 45 190
180 286 19 1024
110 53 11 1160
560 178 1 473
372 31 1 73
316 124 46 994
36 15 14 796
386 217 43 687
343 214 49 1100
387 233 25 312
427 99 25 625
54 24 41 872
50 269 25 250
333 310 37 942
262 180 1 113
731 42 35 835
10 77 7 1059
526 265 39 782
280 58 31 164
340 194 34 447
559 164 37 650
626 92 9 1034
702 174 3 57
102 45 26 1068
39 112 25 902
111 48 27 261
354 13 50 441
138 83 9 1136
406 157 41 963
669 318 23 864
395 127 25 85
348 307 37 518
638 184 49 175
673 304 49 472
72 18 43 948
473 316 43 287
445 179 5 526
333 131 1 1175
795 30 43 965
28 188 13 296
662 231 27 974
204 83 19 865
412 51 8 717
597 296 34 571
127 314 1 431
546 160 13 504
292 115 13 544
723 274 20 396
247 146 8 293
315 98 1 790
766 116 1 913
35 165 46 1162
747 245 50 731
552 280 10 659
789 223 31 669
32 227 17 977
173 124 33 443
486 183 25 17
382 77 43 337
350 149 49 1034
193 298 26 1127
376 212 37 496
250 151 17 450
404 247 1 491
124 202 17 1171
439 163 31 819
497 267 13 1049
83 47 13 833
373 9 35 715
583 320 56 1109
525 288 38 61
580 276 25 1085
89 272 7 415
596 193 1 492
532 297 17 1112
492 152 21 509
301 308 16 194
425 182 7 872
122 206 27 108
752 158 55 835
698 135 43 159
637 93 20 992
6 316 49 604
752 171 13 1191
800 41 7 32
663 117 44 922
521 222 45 636
503 61 19 994
9 245 44 436
646 192 16 306
366 250 32 175
369 60 1 1016
200 216 1 29
371 207 9 513
166 260 43 589
33 239 15 196
49 241 7 504
354 67 13 68
380 61 31 1167
350 125 21 789
687 305 32 25
416 230 14 237
48 158 38 520
205 204 49 264
468 197 32 687
770 160 31 411
614 241 37 767
470 240 23 196
284 31 44 691
236 123 25 872
418 38 8 400
748 37 10 384
583 259 13 264
728 275 1 986
99 122 37 77
10 15 13 722
313 95 2 882
709 65 15 479
692 291 38 120
5 150 25 241
544 63 31 129
554 48 17 218
171 35 4 55
619 28 17 369
494 103 7 817
632 270 37 1134
146 10 49 134
459 223 1 768
149 215 26 630
541 18 2 515
103 320 31 725
370 9 19 506
453 13 25 932
511 223 28 762
537 110 19 849
191 38 9 786
754 202 5 118
260 239 43 189
279 8 11 258
243 18 52 1176
346 221 19 383
602 242 39 410
716 45 21 313
622 114 51 75
413 60 55 1001
322 263 7 1083
382 61 49 5
418 243 37 406
248 262 1 509
501 79 1 1000
62 46 43 56
415 275 1 681
411 157 34 215
230 177 43 665
671 91 7 90
158 304 16 626
56 228 19 739
589 70 49 792
709 275 35 964
694 63 38 283
553 61 1 418
293 190 19 106
75 201 2 20
12 66 9 592
90 117 7 715
140 293 43 710
9 21 7 453
145 72 37 444
229 243 15 758
580 167 13 908
687 65 7 1092
350 287 31 419
444 314 7 801
669 307 37 1086
773 205 10 556
75 82 25 882
107 314 10 1115
693 92 43 274
246 133 22 1042
408 111 2 618
616 111 13 61
503 199 49 102
572 228 4 96
783 59 7 916
758 115 13 1025
33 123 28 832
551 20 5 1179
377 302 11 782
8 173 21 336
233 154 49 824
528 195 7 774
303 97 23 1095
717 303 49 10
60 261 49 702
783 246 50 291
308 6 44 222
198 38 16 115
788 85 23 822
65 279 55 332
14 294 43 698
311 67 34 643
734 55 7 520
731 130 28 416
158 172 28 658
618 113 37 989
441 137 23 841
491 176 46 605
456 308 29 752
89 232 26 1035
247 143 37 1091
365 77 19 1168
112 66 37 999
734 105 19 1069
219 23 29 949
117 58 39 790
467 245 34 1179
176 300 37 632
271 243 55 537
787 240 22 1139
786 314 45 377
201 90 25 151
243 285 19 942
355 16 35 858
122 141 3 319
486 209 31 334
648 102 45 100
186 81 43 127
7 133 17 1042
280 220 13 859
132 255 23 898
249 257 31 1189
587 239 7 351
524 318 29 896
369 155 40 949
44 297 2 664
322 289 1 588
330 188 50 365
225 201 16 705
592 146 1 1091
549 227 7 921
39 8 17 350
350 93 55 528
639 270 9 636
445 218 25 848
734 61 37 379
566 45 1 1113
793 154 31 253
372 138 58 577
539 191 5 609
441 274 3 712
699 61 46 721
299 149 43 227
782 111 7 674
451 130 7 1050
389 142 13 255
618 170 41 716
283 124 19 450
398 290 1 95
469 83 21 983
79 77 15 607
206 69 22 50
545 36 20 859
622 142 34 574
645 170 11 924
701 30 1 970
718 296 7 373
786 60 7 206
610 253 22 432
109 301 37 923
356 128 37 1185
672 231 15 685
322 141 37 799
290 103 55 1190
32 313 25 567
525 194 43 328
390 202 35 1052
737 31 10 609
443 178 5 138
236 50 37 323
434 111 7 867
454 138 23 370
359 279 1 445
348 226 10 422
67 243 49 745
230 275 59 693
718 181 45 616
186 87 8 1028
323 195 31 774
182 96 35 1081
641 184 13 79
71 134 49 474
190 241 19 143
271 300 31 128
787 106 16 892
437 170 5 735
156 84 49 1155
669 294 2 698
699 174 37 1007
769 239 13 596
488 98 31 300
456 235 25 1104
483 287 25 419
41 92 2 1015
659 66 14 432
43 249 28 166
149 211 55 962
660 103 38 766
25 92 13 963
314 226 27 87
598 17 19 610
313 18 31 948
64 236 7 785
221 281 31 910
784 249 26 525
540 111 16 547
158 281 49 750
630 229 44 800
474 218 49 295
154 166 9 164
224 214 13 130
545 247 7 491
681 89 26 475
420 90 16 831
199 88 37 561
658 20 1 750
741 57 49 484
620 312 21 353
219 22 14 798
643 106 13 110
462 168 3 325
448 216 38 663
721 66 27 20
197 278 25 1194
134 204 50 460
88 105 44 300
695 197 13 1096
43 80 7 776
89 162 13 1199
66 172 1 446
342 91 25 550
442 27 33 596
284 168 7 356
299 298 40 205
146 116 33 357
19 299 10 177
128 76 17 276
15 65 15 440
115 178 27 938
753 251 21 587
306 207 31 57
656 87 21 820
429 262 55 251
161 224 55 792
639 138 17 582
58 40 25 1200
627 180 33 927
581 10 5 1130
271 13 25 528
482 228 7 750
686 236 31 54
409 147 7 997
282 213 43 928
487 102 57 1004
181 139 19 322
745 226 51 144
293 284 25 15
372 279 19 744
343 318 9 239
549 290 15 813
318 144 1 518
268 311 23 935
88 258 19 67
427 46 31 441
300 122 15 513
294 254 20 507
209 163 14 363
504 47 5 1019
201 204 20 387
336 14 1 732
124 185 1 780
91 199 43 434
434 36 25 837
587 245 43 531
296 133 47 217
1 108 38 31
701 95 5 594
738 35 37 93
678 310 13 779
31 186 49 1069
783 115 45 1187
739 94 57 759
800 80 1 669
668 251 22 529
490 7 5 369
208 268 9 388
59 156 33 549
602 107 13 821
658 117 43 126
231 178 17 168
540 166 39 364
488 44 19 179
460 190 1 985
406 101 49 300
335 229 37 73
195 171 46 66
339 294 15 733
312 76 5 356
74 296 55 627
507 13 56 733
491 182 43 99
717 27 1 1009
744 199 7 1025
465 199 19 102
546 8 7 481
727 210 56 736
400 47 11 16
455 251 1 529
416 141 25 111
417 109 4 69
384 34 15 81
604 245 32 295
295 12 50 558
648 173 1 945
63 68 25 361
205 35 13 1009
71 147 37 1004
111 312 35 136
477 181 31 957
473 213 7 571
321 95 13 737
528 120 25 153
82 208 37 115
574 318 38 808
515 256 3 332
190 28 23 833
366 234 13 76
51 238 13 498
606 266 25 171
42 104 19 595
638 11 14 14
428 65 19 843
314 180 8 789
476 306 19 1116
413 73 32 433
174 249 4 276
739 220 4 572
338 300 22 1066
372 69 25 804
340 74 9 624
702 262 7 231
272 95 31 1108
628 144 7 709
767 32 13 611
505 269 38 487
198 4 45 464
102 264 20 174
118 31 55 247
434 299 15 225
169 50 55 864
530 302 4 436
299 171 14 655
267 133 11 1067
700 155 37 854
461 240 1 539
118 47 5 1045
799 109 33 463
92 33 44 907
136 184 31 954
279 287 15 419
302 224 20 430
244 177 3 637
512 124 1 108
561 159 22 599
435 130 14 715
389 5 37 276
458 201 38 493
549 252 38 1157
11 259 25 674
253 256 55 99
144 225 55 767
343 87 1 269
47 122 27 679
427 243 28 881
344 177 2 944
82 100 21 1110
491 116 19 1138
100 6 57 774
206 306 7 1186
780 269 33 659
766 95 31 81
83 174 32 139
120 81 37 1116
585 43 50 642
83 83 34 589
104 277 20 904
188 118 27 163
298 229 7 929
480 133 7 1168
490 170 31 347
479 162 31 34
300 242 41 362
336 165 44 1102
705 144 49 902
493 237 13 652
50 258 7 457
696 227 15 59
196 258 3 427
95 310 22 126
345 302 23 189
740 19 23 361
349 284 38 70
675 15 10 1108
229 311 8 840
530 240 41 13
597 123 10 762
350 106 47 338
647 124 13 583
787 164 49 552
108 296 14 92
168 49 38 408
777 298 16 588
652 260 15 538
55 97 13 906
716 207 9 654
255 115 32 846
358 294 13 33
315 144 43 321
772 200 23 407
263 197 31 286
542 255 17 551
567 296 49 350
26 40 39 246
500 187 19 310
130 292 13 863
10 223 55 745
771 174 20 294
387 27 50 854
434 224 50 189
687 220 35 455
507 223 32 1029
483 255 55 533
117 317 7 584
659 304 31 1179
476 51 35 1148
124 295 49 575
528 298 32 417
426 255 29 86
281 282 37 257
593 223 13 274
213 142 23 574
238 261 43 105
605 237 17 742
675 174 31 896
714 109 32 995
44 105 43 307
144 135 19 199
117 131 32 872
123 210 39 265
196 146 25 1052
393 293 8 152
552 5 55 141
549 87 31 269
482 229 49 185
466 319 37 806
755 193 19 957
539 82 43 168
673 208 55 18
590 32 13 1123
301 58 7 553
615 250 1 175
475 221 32 671
320 209 26 631
36 250 1 1045
156 196 7 157
265 300 3 632
274 4 43 238
693 151 15 706
248 3 49 331
677 287 25 9
549 315 13 343
736 156 31 729
178 304 25 398
125 46 19 807
79 8 29 670
298 212 29 1147
344 228 10 542
751 83 3 628
347 192 17 147
129 29 31 646
750 169 11 1185
352 151 13 448
353 260 19 1183
33 158 34 90
5 189 49 1030
200 179 55 308
178 198 9 704
663 46 11 196
656 69 16 751
798 239 4 336
138 122 19 775
354 109 9 908
466 320 7 1015
395 58 7 1039
653 272 13 332
48 100 25 1036
23 308 11 752
251 123 3 849
162 101 20 769
262 170 7 258
485 267 44 1164
88 67 13 178
282 312 17 612
287 215 31 113
445 298 37 284
600 110 11 1145
576 316 26 842
273 34 40 825
172 195 1 1085
112 80 1 21
796 131 13 806
508 62 45 688
254 280 25 1022
68 46 5 812
125 273 1 1037
109 265 1 489
794 251 46 719
757 8 35 350
433 169 35 684
714 26 49 306
552 99 13 561
404 196 22 791
616 305 17 714
614 61 43 651
390 204 38 387
352 227 1 261
474 135 15 1060
396 227 19 210
415 291 7 736
778 108 19 932
28 100 46 336
620 48 41 457
763 206 3 902
492 76 37 1118
652 130 19 1050
651 94 7 172
356 24 3 694
466 318 4 961
26 91 2 90
315 292 19 1015
410 128 49 249
795 254 58 318
300 82 21 823
493 302 1 217
306 168 38 118
81 3 45 661
516 214 45 340
354 282 25 962
371 25 7 563
391 45 25 464
625 93 8 868
368 313 16 950
16 303 43 633
312 23 8 1148
20 152 33 515
454 89 2 10
68 310 13 104
153 60 55 10
722 237 17 166
386 296 3 129
275 127 28 158
82 61 34 1159
101 9 49 992
550 279 43 318
59 100 8 930
347 39 7 407
378 244 38 291
184 242 32 415
594 255 25 406
77 127 34 167
52 258 32 892
203 266 43 625
440 264 20 38
231 312 34 945
620 97 19 1182
300 206 26 16
449 99 22 499
541 235 56 7
242 39 29 250
369 173 19 141
598 265 7 408
72 186 26 259
200 87 8 78
719 258 33 290
760 127 22 912
693 221 49 240
780 285 43 24
72 101 37 395
391 104 37 131
737 70 25 808
155 291 55 822
618 202 2 644
173 241 7 660
602 72 20 655
494 17 4 133
651 64 1 293
589 71 16 569
651 129 29 74
58 121 28 71
749 168 49 576
263 283 43 433
367 202 27 238
762 146 31 274
198 264 7 83
755 172 37 896
43 216 31 791
778 135 7 268
262 6 50 412
324 62 40 577
271 310 13 720
653 257 8 738
341 41 13 480
429 178 13 366
217 190 19 404
337 49 31 1069
578 23 5 918
326 161 1 675
764 238 31 551
330 31 16 1155
304 316 31 22
535 200 4 714
585 235 8 515
765 242 47 219
456 253 31 239
95 269 43 872
692 39 23 1040
325 151 1 1060
114 91 13 48
300 220 17 923
553 10 16 1102
556 51 23 40
359 139 29 1020
15 165 40 479
292 243 46 703
410 13 31 1120
346 122 13 638
113 161 20 152
453 25 16 274
382 30 8 898
256 161 37 252
216 168 8 401
677 86 37 1107
246 232 31 156
112 18 14 198
124 18 43 254
611 43 16 530
650 203 44 1004
754 272 17 855
277 43 7 642
607 90 27 117
710 35 46 134
245 253 7 981
486 187 43 492
176 193 43 1141
611 195 56 858
647 219 49 501
277 173 43 464
69 256 19 831
57 303 37 282
310 225 50 639
241 89 37 1180
142 35 22 391
41 192 25 1106
448 238 19 988
648 231 19 685
598 288 17 934
112 276 25 891
299 154 26 62
120 160 55 220
463 291 49 469
475 168 37 576
4 278 16 337
621 8 13 312
310 32 55 444
653 16 20 370
406 42 43 204
112 184 50 753
601 232 39 639
459 81 34 192
75 238 19 876
409 18 10 115
170 309 25 279
792 209 28 909
507 22 16 935
469 14 31 506
711 245 25 610
740 91 28 770
614 8 17 1035
777 237 22 958
375 138 7 81
578 204 1 1026
482 31 19 1082
231 105 55 521
781 35 19 991
70 216 26 1008
203 218 1 974
26 196 19 229
663 266 31 680
92 144 31 184
501 188 8 893
338 205 3 383
77 158 45 1154
450 148 15 447
225 79 31 14
497 275 20 915
334 196 1 822
784 263 45 179
44 240 23 1067
492 292 45 42
381 35 19 1009
788 220 7 314
524 254 5 143
675 216 49 81
171 87 43 1028
56 256 32 89
664 93 19 597
800 21 28 383
777 206 7 653
391 252 55 547
242 154 55 637
425 265 43 878
486 150 23 315
196 250 7 223
696 188 7 566
573 168 19 883
727 268 5 591
520 286 46 37
291 313 33 156
370 82 43 161
522 41 49 87
143 309 8 287
449 37 31 11
62 302 16 222
635 121 50 461
627 67 22 797
5 63 1 283
239 26 31 52
509 79 37 1133
645 295 38 863
99 155 7 82
393 219 49 54
255 238 13 631
279 171 19 854
46 86 55 1027
356 190 55 139
417 80 33 765
583 7 19 898
421 280 39 1147
213 268 1 591
754 215 9 475
560 253 13 773
95 143 31 513
653 203 1 393
237 189 43 815
112 109 7 1086
87 278 17 995
414 182 25 201
407 75 23 867
340 316 51 63
618 315 14 1146
695 221 37 466
732 172 10 424
24 89 37 875
196 141 43 708
87 279 43 664
13 94 31 50
474 285 26 1064
783 193 27 331
738 59 19 20
781 116 37 24
600 291 1 846
480 189 14 121
144 216 49 204
752 308 17 13
277 185 25 57
298 50 13 925
456 256 39 678
573 188 1 893
515 285 25 357
696 304 4 845
100 315 11 886
159 51 16 1184
621 281 8 348
204 18 40 879
21 220 28 597
635 70 44 561
57 298 56 1127
220 204 49 152
473 98 19 609
90 85 17 640
180 139 7 72
590 200 40 1093
389 308 41 1133
229 156 39 130
755 129 5 856
291 287 56 973
312 260 55 358
208 276 37 1060
574 311 23 21
209 61 51 877
277 35 21 134
273 241 4 879
653 315 37 373
398 50 49 1151
417 247 9 224
117 270 1 569
30 68 13 380
480 187 26 407
708 214 7 285
785 230 8 396
200 112 19 590
162 68 49 893
509 96 11 306
457 105 55 1007
729 88 25 1153
74 73 31 659
692 47 11 243
607 32 33 697
174 188 57 91
148 208 15 980
431 67 32 367
771 49 7 779
288 220 17 49
251 212 11 594
243 279 39 606
787 247 43 1176
50 13 43 17
732 175 33 49
265 198 11 1
170 114 37 476
341 51 41 399
270 2 43 740
545 304 3 334
183 254 17 766
26 212 35 940
495 227 23 312
215 221 20 388
713 70 25 662
643 301 4 283
206 196 29 934
450 188 1 200
408 203 25 213
85 38 19 1073
523 198 32 1091
361 151 7 527
742 75 1 638
781 18 7 235
784 162 13 344
9 39 11 491
27 178 17 216
293 160 55 1080
14 80 2 157
507 123 22 293
785 13 39 600
169 13 1 600
361 45 39 522
595 292 7 278
362 162 9 832
566 228 31 848
202 155 9 338
335 298 8 645
380 19 17 829
478 315 35 630
635 124 55 949
211 240 23 1145
635 119 34 251
254 182 28 544
406 278 35 726
312 100 45 74
385 318 5 1097
677 124 1 1063
648 244 10 521
515 205 10 692
174 101 7 252
147 76 45 840
548 120 49 499
520 232 37 460
656 241 10 1074
232 261 43 925
453 71 34 660
282 92 37 1056
374 239 34 1131
600 109 15 616
145 177 19 427
353 184 25 514
14 32 7 650
412 87 21 269
533 299 34 707
452 215 1 593
742 274 31 732
349 308 43 3
157 100 13 914
464 274 16 960
319 243 7 936
308 310 4 527
268 19 53 935
544 292 25 341
713 272 4 602
483 162 37 228
382 145 13 620
202 148 25 319
656 250 49 357
371 101 45 769
40 191 23 31
659 197 26 207
218 82 33 321
363 289 26 3
726 144 25 1039
627 198 20 494
100 107 28 1173
114 231 37 686
630 205 1 715
479 55 58 893
123 248 9 366
543 181 15 1061
716 282 7 605
49 253 16 981
244 302 49 11
533 123 31 996
295 152 14 630
319 9 17 1099
97 157 49 163
522 14 13 379
436 133 1 1188
261 72 43 1172
440 164 31 83
176 115 13 468
212 117 37 109
192 165 45 543
589 136 10 934
709 263 50 428
620 264 25 1164
233 46 5 228
632 227 28 827
312 44 10 701
133 152 25 220
335 260 31 837
43 18 25 399
706 220 16 993
69 159 31 151
127 222 19 273
178 259 50 244
709 67 10 369
638 67 8 367
519 199 49 162
217 226 43 1139
569 13 43 241
424 295 34 518
632 304 55 956
245 157 11 367
358 244 7 129
682 33 7 1196
247 7 25 949
113 234 26 734
798 163 19 426
68 283 37 456
26 246 44 304
730 267 10 415
496 220 14 470
783 315 19 1027
745 290 14 860
270 95 1 587
522 213 1 179
88 256 1 583
738 151 23 120
773 223 3 205
284 208 33 71
544 198 16 34
165 254 1 385
223 271 13 77
330 77 1 450
764 304 57 549
696 119 25 385
59 242 15 603
232 172 2 932
565 106 49 1134
212 304 1 1029
337 54 15 249
419 311 31 12
378 228 8 216
157 294 16 217
394 272 13 1024
624 163 2 895
369 158 31 468
224 112 19 522
367 215 44 279
116 189 31 116
738 278 11 204
780 20 47 415
423 125 37 229
192 52 19 251
245 266 49 633
180 81 3 1193
425 295 40 570
701 203 43 104
187 93 8 1010
10 121 32 758
445 12 29 323
499 174 52 399
572 319 22 503
765 56 11 6
365 226 27 1120
518 276 44 390
121 41 27 55
156 119 10 891
235 300 40 826
458 173 28 1050
641 246 1 702
389 135 1 324
232 197 55 458
241 209 49 548
757 251 13 915
433 107 3 757
254 49 21 579
498 19 11 1078
199 113 43 960
231 204 7 1055
221 261 20 445
57 313 31 567
527 178 31 1177
148 262 19 674
614 247 31 491
249 72 38 409
523 203 8 175
162 54 27 623
396 173 4 1105
455 34 14 421
74 212 35 254
793 150 35 371
46 232 33 720
329 100 7 815
138 24 25 615
6 313 19 39
59 192 47 1084
193 182 52 789
305 283 47 712
700 66 16 1134
42 258 49 773
361 38 55 969
759 91 4 921
292 180 16 203
122 308 22 65
755 183 8 149
736 76 35 1050
255 138 28 819
431 164 2 624
572 41 49 971
792 23 5 614
489 303 25 282
625 114 55 909
70 220 47 607
527 143 2 667
159 286 37 515
351 36 37 1111
422 65 7 430
210 208 1 381
77 184 25 88
564 199 55 927
548 182 13 975
5 89 31 673
759 87 49 859
600 112 49 594
251 231 16 797
597 302 52 927
546 49 27 768
398 268 11 617
106 24 11 1079
309 198 11 940
703 162 55 1056
293 175 3 816
696 318 1 310
535 196 55 886
608 173 5 945
588 85 7 6
476 215 31 19
259 18 9 686
82 298 49 284
321 76 19 134
721 150 19 1164
634 49 31 172
23 11 1 716
588 90 50 984
550 138 53 1143
163 96 13 386
224 140 38 791
323 50 44 246
199 228 31 629
669 14 31 15
258 66 22 287
676 152 33 118
125 223 15 1023
407 159 1 885
669 101 7 132
335 151 23 448
505 320 9 644
388 120 13 684
798 68 43 1037
636 197 50 486
433 305 17 365
732 320 25 1132
213 294 19 535
80 85 23 52
9 88 1 357
76 7 31 949
241 158 31 852
246 200 7 1147
89 96 47 497
719 320 13 540
568 235 1 1025
544 11 43 181
174 207 37 112
672 92 50 174
237 290 31 813
351 16 10 573
177 47 5 24
516 39 28 423
543 116 50 1130
509 289 20 3
684 286 19 121
63 128 45 509
266 61 25 152
252 248 7 1187
410 292 25 943
22 18 22 533
181 83 13 870
216 300 38 1114
242 95 20 455
596 219 31 16
709 114 19 21
301 242 11 9
766 269 20 186
391 68 7 1076
309 318 17 1058
282 63 32 361
164 100 32 959
292 76 35 1146
76 186 21 411
216 144 43 731
769 137 9 1029
341 166 34 155
749 277 25 866
139 46 23 48
463 144 13 269
495 200 17 95
233 55 11 218
27 300 27 413
254 210 37 402
664 224 13 532
284 304 37 1148
112 15 17 284
523 97 40 106
114 29 10 933
236 230 50 1029
132 79 45 872
46 211 15 346
515 177 31 315
684 120 26 1025
732 189 14 549
564 101 32 981
510 266 1 695
54 88 1 999
555 265 50 806
745 84 3 98
287 143 38 844
28 300 28 301
494 59 13 810
682 161 43 97
353 22 56 684
691 225 7 8
664 134 55 183
527 126 33 496
510 51 31 871
481 54 49 1101
262 199 31 379
145 134 28 937
791 199 7 980
142 88 31 193
533 18 19 1165
432 90 25 545
790 247 27 969
52 49 19 61
669 61 20 690
30 129 23 1054
64 299 31 1086
533 314 43 429
439 42 1 710
200 12 49 1172
285 54 45 693
503 285 26 965
452 100 10 190
34 185 23 901
335 159 35 264
417 210 13 972
454 274 51 922
44 125 37 693
110 261 49 812
92 168 1 947
665 288 5 166
742 42 22 994
555 195 33 774
155 56 4 590
146 112 1 522
414 70 50 600
11 29 3 649
693 88 25 887
580 261 32 386
229 103 46 323
247 113 45 361
6 56 13 389
232 277 7 1150
577 68 19 1173
463 286 25 358
758 211 49 392
742 311 20 493
322 166 31 364
525 9 23 598
663 110 20 209
194 75 2 805
235 87 44 311
736 121 16 461
325 270 20 1039
13 232 46 127
636 79 19 754
25 49 1 964
510 195 29 987
21 82 33 977
147 286 1 851
769 53 55 1155
21 86 37 440
459 264 37 612
524 29 40 702
505 53 7 1155
192 184 31 658
591 155 38 119
567 151 13 1144
758 216 9 29
309 114 37 21
140 308 5 65
769 267 16 1047
396 169 33 830
259 78 5 412
553 316 7 577
477 67 8 1146
527 92 37 490
439 133 13 903
211 99 1 408
699 48 11 201
37 35 13 184
733 89 49 1199
220 196 58 930
263 79 8 1036
314 121 19 360
43 257 15 437
277 201 51 227
347 245 38 1050
640 50 19 1026
285 287 49 699
359 95 19 1162
392 308 9 730
640 246 55 926
66 121 25 394
399 236 31 545
126 234 27 1034
505 35 20 254
140 166 14 240
237 43 11 329
599 270 39 261
654 185 13 888
443 47 2 1019
83 128 56 833
617 118 17 344
306 37 43 332
675 10 13 134
521 15 25 177
44 10 27 344
612 164 38 776
643 120 49 112
441 121 38 179
158 111 2 1053
312 80 1 1088
30 169 17 349
424 232 45 1059
233 232 13 862
634 2 15 452
387 209 27 128
722 152 55 522
215 47 17 833
392 318 13 173
319 213 37 1143
498 158 44 874
360 270 21 569
541 17 7 1047
768 316 26 1119
623 158 28 952
712 279 1 1191
727 120 21 870
221 162 9 494
224 10 44 652
696 230 55 1010
784 113 2 599
350 67 3 1146
109 146 13 242
206 262 20 1066
22 198 5 951
417 227 23 845
56 67 16 212
660 77 50 1122
345 277 17 849
573 259 55 195
560 317 55 107
65 199 19 647
348 295 7 570
694 282 5 451
231 202 31 664
174 310 43 394
622 47 5 1076
5 163 13 855
474 203 43 32
298 302 23 274
12 28 57 836
59 209 19 390
424 234 13 698
104 254 17 1051
164 19 7 739
760 91 10 111
711 203 13 1005
376 260 1 1110
96 241 37 94
657 200 26 621
457 149 25 188
730 109 21 532
21 274 3 760
552 248 20 974
55 294 7 745
709 274 25 1041
540 20 47 675
106 299 45 660
695 248 7 168
775 155 27 320
290 90 13 519
576 148 4 299
230 26 1 610
154 33 37 587
66 311 19 257
94 217 43 777
768 41 55 1039
189 302 13 44
536 211 37 230
677 77 56 9
498 5 37 338
576 49 43 795
422 24 27 1187
493 91 7 286
407 228 15 96
338 10 1 909
680 11 15 716
275 4 9 852
62 103 13 595
172 79 19 466
316 18 31 1165
730 58 25 648
258 239 25 908
307 101 27 1166
106 33 33 974
562 65 25 283
616 74 7 203
624 206 31 485
345 3 31 155
464 212 1 850
147 44 8 1194
165 180 10 721
432 228 7 891
318 151 19 372
591 118 7 627
327 285 7 1121
206 154 37 1053
503 124 55 472
475 304 14 483
187 60 1 318
785 173 19 867
256 241 49 767
389 208 27 1091
141 248 13 1178
73 203 15 268
118 70 19 561
5 232 22 292
677 242 34 662
288 256 51 1046
693 302 11 487
230 30 13 1037
155 7 16 903
141 218 55 35
739 145 33 405
769 104 40 761
581 223 37 857
398 86 25 95
218 68 45 325
244 48 13 457
147 145 13 98
448 76 47 356
650 100 14 686
567 242 29 735
788 236 2 463
411 274 31 548
92 82 26 99
396 35 13 34
538 300 7 609
138 234 21 1127
724 263 22 1024
704 271 43 378
246 299 9 861
753 225 55 1064
466 132 1 363
103 271 5 410
593 85 16 75
530 76 2 58
301 25 13 916
531 71 33 1
715 146 19 842
474 81 19 300
424 79 40 1163
655 154 49 343
650 4 2 120
110 237 37 463
378 105 3 990
193 174 17 63
583 114 3 230
161 101 51 421
278 268 17 131
102 238 1 355
470 184 14 514
428 229 13 828
162 161 1 121
604 35 19 345
171 94 50 170
619 291 13 191
7 91 13 837
695 131 10 241
636 94 13 788
517 96 1 788
460 232 37 751
183 54 1 570
77 89 13 816
480 36 9 569
185 145 43 568
713 82 55 999
343 296 13 984
396 236 37 8
121 261 19 1108
27 95 15 179
658 99 26 450
370 183 37 823
542 175 49 303
295 189 38 883
512 162 26 195
721 169 11 299
725 105 32 1030
595 116 51 495
409 49 32 893
400 61 21 600
640 253 8 655
735 79 25 743
207 264 56 602
538 2 22 624
277 144 37 876
2 238 31 575
158 100 25 429
298 180 45 880
95 288 25 70
676 179 37 6
25 152 43 555
113 176 4 215
15 292 31 195
254 112 43 689
355 315 41 797
455 180 8 689
758 201 19 705
694 85 47 404
556 208 40 1109
778 126 31 403
791 82 27 161
768 144 43 251
260 101 31 1166
234 183 49 1106
792 62 8 755
250 213 43 416
74 53 23 809
542 98 31 663
531 312 5 737
268 198 31 884
688 298 37 205
548 80 25 612
707 271 7 532
496 217 1 798
190 178 47 138
370 274 49 344
787 215 1 1173
405 72 25 409
383 124 20 105
348 139 5 803
418 47 28 968
215 311 11 421
615 91 9 460
445 266 7 680
606 136 11 250
446 314 31 1182
201 225 7 851
91 272 25 428
178 287 1 954
589 294 2 733
592 132 13 412
415 259 21 975
597 120 13 377
347 48 28 449
785 262 29 808
747 230 44 947
560 245 25 359
248 292 26 35
189 278 16 1185
344 73 35 422
684 303 55 651
221 116 43 628
452 84 32 310
364 213 7 635
204 172 17 1046
76 15 1 325
571 104 21 826
264 311 19 512
182 172 31 486
267 62 19 147
665 271 26 1007
581 74 35 43
507 242 28 53
24 239 49 115
229 151 3 167
450 98 25 705
462 167 45 995
694 293 55 903
106 77 13 541
709 277 23 658
91 46 17 494
65 201 49 507
407 311 13 497
132 204 14 1055
456 289 50 520
725 227 25 551
429 84 37 789
390 83 25 1010
15 294 37 553
376 160 26 992
345 131 1 39
529 80 20 731
43 86 37 526
655 204 31 821
725 103 49 194
349 70 7 611
736 307 56 518
386 47 35 20
753 277 11 658
87 40 10 246
482 247 27 466
782 11 19 232
86 213 55 691
621 107 20 1007
30 72 55 1014
469 73 41 195
617 23 35 110
57 223 13 565
182 79 25 802
790 39 25 980
172 295 22 575
194 61 9 833
342 211 13 920
500 264 55 392
198 197 49 286
582 83 28 998
240 237 31 1152
448 9 34 1099
484 219 55 44
366 57 25 45
798 235 25 1185
799 14 13 787
214 121 2 866
670 168 13 370
352 274 20 412
166 174 41 245
444 70 56 319
743 217 25 817
514 226 49 296
107 319 25 713
164 159 9 809
540 86 25 753
378 239 16 280
435 140 37 885
153 167 13 1124
618 309 43 753
641 195 29 774
167 287 14 643
209 38 55 514
272 7 1 903
478 301 55 742
796 110 51 747
436 48 29 134
558 268 1 34
571 69 25 955
265 50 7 656
756 40 1 239
420 76 29 209
21 34 16 614
541 318 43 73
178 25 29 1164
681 28 11 94
786 301 15 283
753 129 32 376
267 37 7 1009
182 295 37 1175
51 182 1 59
242 206 31 808
487 4 37 129
8 52 7 643
603 2 13 205
148 98 43 705
276 21 13 687
86 176 44 324
586 245 7 827
258 194 4 1004
45 305 35 854
376 2 16 412
707 235 1 1078
491 286 31 460
399 292 37 1046
680 151 13 196
177 291 32 890
371 319 4 115
375 206 19 694
733 265 27 1014
100 320 7 947
276 205 7 383
631 135 49 933
390 307 31 226
177 126 28 772
604 259 1 133
688 176 16 526
658 215 55 825
670 199 31 1034
639 8 7 758
641 75 11 391
68 296 40 984
29 213 45 783
130 251 43 122
173 85 17 725
666 145 1 3
726 14 43 379
756 150 27 1021
613 46 20 1133
35 47 5 469
320 56 21 149
683 283 31 362
740 233 13 766
329 29 13 646
216 263 58 184
259 259 20 136
287 118 5 163
72 70 13 584
528 226 56 1139
604 54 25 381
283 95 25 472
750 87 43 1071
387 11 43 857
120 19 35 615
131 171 4 384
50 28 37 947
289 196 31 688
170 135 5 787
191 202 1 700
196 29 31 1097
291 269 7 490
185 70 7 255
193 59 7 807
20 45 39 889
499 155 13 417
169 107 19 365
659 29 1 336
352 288 11 269
431 211 26 373
94 55 17 85
177 217 50 777
10 42 10 724
572 19 11 336
670 18 4 85
322 217 43 424
724 11 13 329
308 312 17 1059
392 24 19 26
526 305 7 1142
94 299 9 314
91 169 1 1008
337 260 37 52
703 188 49 363
478 264 7 999
398 103 58 1146
577 200 35 530
605 97 20 745
383 54 31 753
412 46 44 188
729 56 10 286
261 302 19 217
324 79 8 974
739 198 11 730
150 318 27 1112
689 280 9 1054
383 270 1 149
97 144 25 277
553 151 25 372
402 235 25 8
566 80 14 293
776 298 19 312
564 309 19 189
415 20 19 771
574 26 8 722
480 179 4 186
340 192 11 503
176 205 22 1043
558 159 11 20
471 196 17 464
668 269 17 481
329 164 37 262
731 88 50 607
773 312 22 1136
358 89 1 645
791 59 16 728
54 318 19 899
151 98 3 313
781 209 13 306
763 137 35 152
392 90 39 151
768 179 23 234
577 249 10 510
376 147 39 481
530 186 13 990
746 252 43 133
443 97 47 1143
317 282 11 249
679 86 1 1192
590 132 32 412
783 62 13 688
206 134 1 987
722 255 27 511
451 23 43 768
548 94 19 656
175 44 23 712
14 182 13 388
189 309 19 845
568 175 25 384
404 131 31 516
681 88 43 1153
638 29 1 998
644 134 46 309
33 180 25 721
770 233 2 284
303 196 51 581
615 255 13 1119
603 184 37 753
501 90 46 831
626 207 25 1075
533 63 15 297
730 198 19 628
447 153 26 81
670 104 50 761
395 196 5 484
510 286 10 881
89 72 9 859
104 126 25 772
605 300 31 971
138 177 1 262
561 140 37 1150
250 71 31 849
667 221 49 494
278 102 49 636
665 53 16 744
137 38 26 150
40 245 43 1050
289 45 19 878
604 299 46 316
443 4 43 658
424 110 29 836
547 66 16 246
158 294 19 733
728 253 49 394
178 118 23 363
651 68 55 133
470 159 1 943
714 199 1 980
467 165 19 323
772 191 1 877
152 98 25 202
606 264 38 945
704 154 33 562
492 225 25 27
310 228 4 1180
69 216 33 330
541 285 19 752
610 305 16 1199
580 137 19 815
234 77 2 935
464 245 9 69
422 108 49 133
144 62 40 135
374 111 22 86
794 84 15 562
33 125 55 259
351 131 34 1009
354 272 17 691
546 255 25 479
739 61 7 1114
256 242 35 693
597 185 5 519
472 303 1 103
766 224 44 542
514 121 1 860
339 31 22 572
93 284 7 298
566 278 52 37
32 90 43 1196
202 11 31 887
50 16 34 1015
362 48 7 441
709 298 28 563
151 68 56 294
351 14 25 964
483 61 40 935
646 95 28 157
255 97 26 157
248 148 3 245
323 239 10 841
530 42 43 395
576 61 34 5
12 242 50 546
77 193 3 948
290 176 32 692
515 135 47 256
525 18 46 948
496 39 11 1055
308 291 38 692
39 244 13 409
376 132 13 503
264 124 1 544
188 145 10 86
142 185 13 757
158 237 5 74
630 98 20 364
228 213 44 420
787 79 13 52
650 274 55 545
204 105 25 880
279 259 1 143
377 116 38 250
74 291 43 41
345 79 14 1000
336 128 20 277
242 125 13 663
188 147 34 123
490 144 44 1096
753 134 13 976
202 158 16 835
697 111 28 302
306 86 7 1016
101 29 58 526
160 94 1 1047
453 317 43 463
72 110 35 130
626 220 5 940
623 97 5 521
242 54 7 26
106 212 43 77
587 313 1 375
594 291 50 209
187 36 43 147
572 170 27 773
683 253 10 294
490 235 37 1169
203 311 23 695
650 194 7 619
710 267 55 848
270 210 3 912
561 40 45 882
338 97 31 196
168 79 13 1092
400 235 49 640
166 125 25 1176
146 156 37 1030
296 202 19 580
735 38 51 468
781 128 43 224
726 248 40 1146
223 157 22 249
789 15 1 621
596 166 7 327
757 39 5 357
597 90 31 868
149 291 31 345
145 122 31 249
117 205 25 556
310 153 19 190
744 290 14 410
305 106 51 768
616 152 38 928
375 2 14 372
604 216 8 914
443 16 7 438
788 206 32 694
414 204 13 460
201 22 49 935
263 126 40 216
767 318 11 1111
249 215 43 706
468 294 49 33
428 258 49 490
671 39 11 511
222 36 31 541
391 140 13 473
707 139 13 1051
25 153 38 237
73 269 25 818
402 282 29 605
112 61 33 416
290 239 20 196
33 121 8 661
723 311 16 720
211 176 38 165
166 178 31 972
510 201 22 20
465 221 8 984
595 246 39 1162
465 137 23 1182
578 150 7 982
449 249 39 1025
504 282 17 224
470 15 44 997
359 124 22 534
211 298 44 30
223 317 32 1193
723 297 11 655
703 267 19 263
749 10 33 1014
645 279 7 332
790 76 35 1198
411 230 25 793
355 47 26 622
401 41 49 1039
279 162 49 675
435 274 19 531
89 139 32 672
779 301 50 764
613 183 3 303
348 291 25 198
152 240 47 281
284 156 15 144
406 312 17 1137
106 246 37 1145
626 289 44 387
636 184 37 634
676 314 4 14
285 221 1 395
361 141 1 256
336 246 25 1111
44 212 11 470
265 18 19 302
568 297 17 856
480 17 46 137
680 246 55 209
265 52 37 1183
774 144 7 630
250 260 27 408
531 168 27 1106
494 265 31 1136
452 177 51 30
561 259 50 1097
219 100 44 672
762 201 46 590
323 220 5 1183
269 110 13 1188
721 162 34 80
48 178 21 521
369 135 28 324
482 81 10 44
212 17 34 239
184 229 37 839
646 55 7 1154
368 198 8 316
24 70 25 958
645 101 55 366
642 165 52 1042
545 114 43 351
320 231 34 111
408 35 7 254
280 177 8 608
57 195 11 987
446 153 1 81
287 305 43 333
375 214 1 470
518 2 15 952
554 205 3 993
256 211 43 342
59 275 5 365
501 310 43 1189
53 117 37 834
234 113 46 818
798 211 31 1180
718 261 25 830
792 189 33 815
411 70 4 281
242 21 25 383
758 239 33 414
606 233 31 670
396 58 45 103
673 77 27 223
74 5 1 696
553 258 19 677
687 232 22 156
162 49 43 408
431 267 50 802
469 191 19 687
725 57 37 25
459 230 25 1130
391 278 29 537
555 148 37 42
537 146 1 1112
142 249 1 371
461 5 9 500
742 272 41 453
681 254 5 209
530 94 56 341
60 298 3 876
14 284 32 289
337 167 1 958
38 273 46 417
489 172 11 963
159 312 13 612
435 160 1 1077
528 77 9 621
79 302 5 51
480 310 19 952
341 205 50 572
55 150 37 1047
674 189 27 1077
193 20 29 571
586 210 13 1180
386 224 25 293
637 79 51 351
363 159 11 1155
514 92 19 408
251 247 25 470
34 66 14 711
537 299 43 8
225 233 35 1176
426 182 37 15
693 50 19 645
377 185 43 59
46 46 28 494
629 187 37 173
389 310 3 1142
592 66 44 711
467 62 22 688
1 260 8 560
426 177 43 370
138 312 5 310
25 69 19 966
291 79 25 1092
584 217 1 61
691 101 49 1147
765 284 13 978
117 48 43 234
67 17 21 536
108 227 29 334
668 18 40 235
554 126 13 1044
185 302 35 728
763 255 22 76
113 26 49 31
366 175 55 433
386 185 11 1071
549 218 9 1144
554 122 28 981
210 162 50 895
331 40 45 681
277 289 1 348
577 83 7 107
161 177 37 430
237 235 13 641
349 25 5 1075
456 182 10 1062
81 222 33 39
554 214 50 299
696 179 11 118
486 78 29 876
765 200 9 728
568 208 33 296
368 286 49 1085
86 200 11 239
673 220 25 1167
317 174 13 439
49 180 10 910
545 192 29 886
6 218 32 337
753 204 3 1158
495 244 25 400
735 131 28 311
730 157 49 139
48 62 31 1140
598 101 33 699
444 168 50 55
630 144 14 654
488 127 49 132
708 255 25 299
494 260 43 152
222 13 20 320
374 19 32 1130
712 44 23 701
283 320 3 773
40 257 55 196
17 270 31 149
617 82 2 653
49 58 37 792
224 281 31 676
268 89 26 775
90 47 29 41
666 196 23 1173
477 200 13 983
149 301 7 300
480 62 1 1059
648 37 13 569
254 140 13 174
575 92 37 1015
424 44 4 994
727 267 43 557
29 78 10 823
69 204 7 821
555 49 19 379
249 51 7 125
432 132 37 363
32 7 28 975
628 36 25 147
189 271 7 845
491 240 11 1037
658 15 17 606
219 299 7 243
718 271 35 521
398 113 7 291
322 245 13 996
250 48 11 1023
31 213 19 698
61 179 31 838
311 131 46 550
687 132 2 910
76 310 51 101
481 93 25 482
466 176 20 314
482 198 40 391
171 111 32 1056
485 141 37 1106
755 278 31 533
611 282 23 605
284 52 20 477
464 180 40 880
21 127 9 875
304 241 10 897
499 282 5 178
603 182 16 53
24 22 1 231
71 238 7 1117
11 262 19 255
384 274 31 588
363 293 50 1050
593 186 44 207
247 228 19 144
249 229 19 374
384 67 19 1172
511 55 10 1154
745 113 7 75
383 4 16 192
318 312 23 1044
496 121 33 69
497 179 11 167
675 6 2 557
323 262 37 18
241 315 11 699
447 41 38 725
472 157 5 54
706 56 52 869
737 137 17 841
421 126 50 1179
199 193 49 492
80 255 10 817
105 61 34 198
141 119 22 147
690 64 43 648
575 166 25 164
532 34 52 1024
37 233 5 181
141 70 16 1085
346 129 49 1169
599 205 34 1182
288 208 37 104
478 179 26 643
520 231 9 1171
222 229 7 737
472 188 13 1187
744 249 21 1047
456 141 43 498
667 53 35 1006
118 200 10 1147
239 294 10 79
748 33 51 313
309 254 59 174
765 133 17 988
341 150 23 138
644 230 19 248
130 50 26 1168
464 145 37 405
772 36 19 112
80 202 1 824
768 293 19 627
380 169 2 1144
544 103 34 346
253 30 19 362
559 287 43 954
649 109 4 995
427 268 8 992
281 183 26 509
643 240 17 889
44 171 51 1191
30 12 40 1116
463 5 37 846
734 200 58 11
780 76 11 1146
491 264 25 977
769 20 11 774
266 126 28 700
674 186 22 606
468 2 40 361
793 309 19 139
317 292 43 890
149 176 43 1158
792 176 38 627
762 283 26 1098
405 312 49 621
734 221 1 976
781 8 10 670
737 50 19 246
506 204 31 28
382 24 11 872
791 84 31 901
391 235 19 984
172 67 25 1122
275 233 34 670
623 36 7 50
538 43 16 642
126 54 39 996
625 105 51 206
75 297 29 552
500 307 32 920
716 166 49 458
20 156 28 222
437 187 14 310
636 236 25 200
222 86 25 986
531 68 38 325
799 278 44 313
264 266 37 680
6 233 39 670
294 240 7 885
509 88 56 887
697 184 39 832
619 143 39 513
466 253 31 492
413 111 4 923
661 311 8 497
252 200 35 593
760 229 13 484
654 208 9 18
271 251 50 248
80 302 29 497
773 138 31 324
101 79 4 872
419 279 37 58
249 40 9 466
294 135 1 757
143 274 37 691
596 59 40 723
719 55 17 300
184 6 7 828
508 130 15 696
420 15 3 621
418 174 5 929
764 239 25 44
565 296 19 1180
388 169 29 212
629 295 22 825
784 198 31 730
500 287 3 419
626 150 7 1052
409 258 19 547
623 35 25 604
503 47 15 740
78 270 55 1020
108 180 34 831
571 297 2 908
567 232 47 530
752 279 19 1115
222 127 37 636
270 284 25 304
375 13 9 733
577 23 29 129
454 179 25 90
247 84 32 106
525 283 7 1098
591 16 27 1178
691 28 29 11
50 203 49 995
37 256 31 332
458 62 1 1124
708 3 22 869
558 83 20 1103
295 129 29 816
697 27 33 205
393 180 40 721
346 60 15 994
354 164 55 1112
144 103 16 1084
286 308 46 1026
197 251 27 100
728 231 33 812
96 189 7 703
324 263 33 1128
80 69 25 13
582 246 51 839
445 260 43 1098
177 94 7 412
779 117 32 126
553 207 27 698
354 39 32 507
273 314 22 926
771 89 51 693
545 13 37 733
774 174 29 592
154 56 19 276
498 86 25 14
302 55 17 747
38 293 55 1137
582 25 8 433
617 317 49 502
59 170 11 687
534 101 32 1092
305 140 13 881
457 313 19 1060
136 222 52 208
498 311 3 670
720 289 37 512
623 177 13 677
582 278 19 313
264 281 43 1053
337 204 8 829
754 257 37 203
304 298 7 246
355 77 7 512
573 44 14 937
304 193 3 533
695 292 43 717
108 166 44 488
243 46 7 1034
261 61 10 1007
610 45 25 37
723 193 25 725
268 95 43 824
72 29 1 641
19 259 7 866
683 236 37 17
343 227 5 362
438 45 13 189
167 213 51 691
106 239 16 436
494 118 21 316
694 50 19 33
223 7 4 769
652 182 28 180
15 179 13 759
205 15 5 113
325 114 43 909
431 94 15 1108
224 56 17 441
606 91 52 1088
226 186 31 665
48 25 35 584
399 176 19 997
16 75 23 1056
96 246 55 49
772 108 43 762
655 104 37 826
489 274 13 982
9 86 31 986
360 53 39 365
5 224 27 918
498 209 7 871
3 169 10 684
427 197 2 843
403 53 19 668
307 85 17 615
401 217 1 553
317 202 52 706
227 156 26 1116
366 88 3 286
192 234 14 970
363 221 37 148
599 137 2 1049
261 15 27 947
610 135 8 1026
485 268 9 61
519 297 1 303
137 32 19 836
652 64 1 195
432 157 21 625
66 64 31 353
761 241 21 267
491 285 1 965
623 149 37 1127
320 169 8 273
320 163 44 1036
641 52 25 1133
178 78 47 656
76 278 49 313
509 269 33 371
690 70 32 1085
737 319 37 750
198 261 31 51
759 217 25 209
324 288 29 802
389 150 52 1104
790 110 49 1045
400 52 55 1151
630 47 5 867
252 297 19 806
559 22 7 725
190 284 8 289
120 185 19 495
747 96 59 614
267 80 31 731
704 197 1 22
377 34 19 692
689 25 28 425
693 177 38 99
357 287 55 361
108 204 19 1158
380 320 55 351
663 131 49 97
507 128 7 962
777 30 38 898
360 295 49 354
131 318 17 355
533 295 7 1108
275 27 14 20
297 96 21 247
254 242 5 804
579 221 20 395
688 201 10 327
773 125 49 684
437 216 7 355
308 262 21 202
661 96 17 663
313 13 55 441
239 281 55 734
259 170 43 266
751 73 1 1189
637 14 7 810
575 60 56 430
57 314 43 367
481 6 2 444
30 318 4 371
115 103 37 1076
528 184 19 478
793 199 50 1023
487 241 1 554
282 101 7 1035
629 169 52 467
535 245 10 994
180 232 11 166
430 159 10 767
409 133 29 224
386 190 21 72
55 204 2 1118
49 6 32 444
684 316 13 948
724 247 7 242
239 310 45 1177
732 239 19 736
283 165 22 728
236 42 20 765
644 25 56 76
86 42 16 68
103 50 37 778
257 298 49 261
522 95 5 1089
255 137 7 1119
388 68 1 657
341 61 25 473
671 318 17 137
20 128 15 290
777 268 41 527
280 134 28 578
213 53 43 1152
236 311 16 840
401 225 55 463
735 218 43 623
54 54 31 777
189 122 40 1197
293 197 7 96
14 238 25 988
514 13 43 600
587 197 21 687
751 95 20 785
26 158 31 1154
344 120 19 1198
135 12 53 1076
716 312 19 612
573 276 25 346
702 291 43 525
67 91 56 618
340 302 7 714
3 80 50 157
269 300 37 617
676 131 25 1067
157 210 8 589
35 304 9 245
57 165 7 37
691 200 25 1046
487 260 49 855
514 198 9 739
181 199 1 1013
113 5 31 245
754 118 21 746
385 311 29 696
31 264 1 1141
151 118 47 690
553 22 13 347
775 205 13 119
632 112 19 253
694 32 31 650
326 88 20 722
153 11 43 169
95 251 4 345
413 261 37 175
508 210 8 952
302 232 5 1072
592 233 58 283
521 119 14 1058
297 110 44 718
274 167 20 92
162 282 25 522
195 184 1 753
440 49 43 355
491 317 37 562
586 24 17 285
706 213 43 277
587 281 14 482
797 153 19 593
144 298 31 754
659 61 7 148
191 27 20 554
682 319 19 1042
104 295 9 846
465 231 14 138
127 39 31 407
266 304 22 549
228 130 7 156
775 245 37 295
607 37 7 587
563 85 17 108
467 258 43 1086
618 190 33 931
49 201 50 192
509 56 5 374
539 195 25 215
287 268 28 1158
48 132 55 910
63 221 31 638
790 320 45 749
708 99 43 730
70 104 16 761
70 99 4 408
579 162 7 951
365 187 31 781
594 45 45 139
466 241 34 897
563 111 43 75
3 13 26 440
260 232 35 664
159 95 35 450
139 120 43 632
681 53 3 1006
261 189 51 1077
525 232 4 62
552 239 16 414
532 87 45 820
514 53 7 413
654 319 19 839
183 139 7 229
486 8 13 999
556 47 1 24
128 13 37 528
190 286 2 679
482 141 55 182
167 71 1 305
246 156 50 1131
638 41 37 356
450 57 57 356
73 253 19 914
656 301 34 786
700 320 9 1168
100 175 43 331
256 225 26 314
722 37 13 169
272 12 33 879
262 232 29 639
585 142 29 23
665 169 14 756
362 274 31 626
49 177 1 800
155 211 37 14
128 180 34 1150
724 198 19 1068
464 253 55 380
784 16 29 1057
577 38 43 1026
558 55 50 945
617 210 31 1153
71 150 11 600
536 212 1 1147
577 215 49 593
325 11 31 212
191 291 51 909
382 223 19 1044
403 248 33 946
649 104 1 1054
506 79 46 856
337 79 19 451
426 140 25 558
355 71 1 803
68 63 27 42
115 52 31 165
710 123 20 140
333 297 25 776
633 134 25 102
228 244 3 370
299 227 21 167
517 260 32 602
542 305 29 1199
201 28 34 683
582 262 17 910
218 109 37 938
469 247 37 491
84 266 55 298
270 59 7 380
170 179 11 325
293 244 31 1197
512 19 4 1108
695 203 25 32
101 301 1 648
599 320 49 1132
648 223 22 745
671 239 49 6
756 305 35 849
250 223 7 669
602 64 25 69
800 179 32 773
448 19 11 635
347 311 23 1016
616 175 43 203
439 229 43 503
580 75 46 883
379 139 21 257
556 267 7 1004
586 36 25 701
581 228 25 822
233 203 37 673
177 290 15 1115
663 112 55 947
142 202 26 707
422 174 13 929
282 211 13 400
563 105 31 1013
391 70 32 1185
125 168 21 653
412 4 46 958
126 143 13 204
446 243 55 190
584 67 26 923
489 309 43 897
273 246 15 1111
538 18 43 879
580 309 37 1126
594 210 37 589
288 57 20 689
511 275 17 228
638 24 33 512
183 26 19 1176
421 54 7 744
333 279 27 410
632 49 50 595
338 141 38 111
706 17 20 786
104 172 58 555
262 45 19 37
744 71 49 1076
32 284 1 718
410 96 17 101
94 190 31 570
72 284 49 199
15 296 26 1180
440 313 25 270
650 255 22 362
730 57 51 310
591 12 9 22
37 57 7 1185
98 196 3 211
206 132 34 1051
148 252 49 547
148 140 39 805
576 155 9 320
401 18 13 248
147 302 43 1045
4 67 4 397
762 83 16 628
354 24 5 848
235 70 14 1039
530 3 51 389
757 270 43 1170
159 146 43 1095
569 77 37 226
586 243 43 653
1 306 25 538
238 266 7 985
701 124 26 554
675 95 41 812
54 225 49 709
119 71 37 495
3 194 4 23
504 308 3 869
86 216 31 1023
660 39 10 1133
757 96 19 297
538 10 2 173
364 53 49 726
407 140 19 809
505 186 31 755
273 153 49 605
508 270 19 475
157 131 21 806
705 244 34 730
127 250 37 706
466 99 43 1167
672 157 11 353
498 315 5 164
380 38 26 611
269 238 7 479
139 151 37 202
325 174 26 854
40 160 38 1080
61 176 33 526
592 153 25 33
405 168 1 560
297 154 31 1033
502 76 23 840
367 195 17 507
356 148 49 24
730 27 31 790
469 304 46 870
130 258 3 168
74 245 49 213
154 314 21 933
314 211 49 920
88 51 23 1162
330 178 43 339
172 173 7 319
713 69 33 237
608 84 25 43
327 295 28 846
284 183 1 442
758 314 39 492
429 65 9 904
409 151 39 552
419 92 13 408
328 222 45 567
472 26 19 1135
532 104 37 221
690 8 53 258
102 121 33 362
630 146 9 932
197 49 7 918
465 290 39 893
662 68 19 200
38 38 19 146
299 24 23 1194
580 196 8 464
137 131 31 402
458 39 32 1174
223 156 44 1001
368 115 44 322
484 18 28 479
736 54 7 1040
548 288 45 221
183 203 50 104
265 166 27 291
5 279 43 901
452 71 46 617
109 190 7 856
651 274 43 53
795 240 38 982
263 73 35 883
345 99 46 52
680 256 19 304
12 217 3 242
9 14 21 13
269 140 19 794
189 108 44 612
122 125 43 187
37 40 44 1010
372 171 32 306
152 182 31 200
673 197 19 96
755 151 35 1089
173 203 19 921
133 301 22 1170
690 26 15 593
188 74 2 458
742 142 10 749
214 283 35 755
231 225 39 1064
74 250 19 755
52 23 5 523
567 172 5 1138
649 273 7 165
754 13 43 528
203 216 32 67
569 11 8 907
552 29 31 1173
288 182 26 959
186 279 31 471
481 305 16 508
799 312 1 625
469 107 2 434
332 302 11 1014
570 21 43 539
452 205 7 7
50 150 5 809
427 210 13 55
115 319 10 234
257 217 15 753
391 160 1 51
267 114 37 657
745 169 43 1057
723 198 29 586
161 17 7 425
364 231 28 1171
614 193 20 661
782 302 1 1186
498 303 31 85
508 164 37 1144
589 143 37 902
70 306 32 1116
721 88 14 286
201 63 28 760
766 191 5 442
571 308 35 657
384 278 11 939
799 182 57 1175
401 38 16 316
605 164 50 20
427 279 19 726
95 199 7 77
378 306 32 1084
168 254 25 527
699 94 1 192
485 53 7 1152
406 318 3 464
276 8 10 75
134 144 25 518
282 189 25 121
214 145 13 827
322 172 23 446
339 319 56 750
568 92 45 512
305 224 1 412
232 240 15 534
198 150 11 1058
791 37 49 37
180 80 31 757
191 144 37 970
788 74 29 43
510 98 43 545
517 70 28 366
665 152 7 210
591 248 21 1187
125 208 49 1078
397 162 13 80
320 21 1 50
416 6 43 566
614 283 7 844
207 259 46 788
358 188 44 649
417 274 20 982
558 245 45 451
786 9 27 1099
549 291 19 117
226 189 40 116
526 42 25 978
37 188 37 668
456 258 1 547
674 290 31 737
471 234 1 338
604 139 29 785
320 202 4 752
492 19 35 1114
234 47 5 225
235 84 19 127
317 233 16 463
685 58 37 382
110 280 34 1054
556 122 21 784
477 224 37 542
284 185 11 194
150 237 1 326
200 230 13 1010
97 11 45 69
24 269 19 407
383 317 7 525
400 280 16 645
790 104 20 911
686 38 21 1134
15 85 22 973
86 59 13 1154
534 166 40 53
310 199 37 993
194 225 45 966
416 121 21 1072
188 48 19 175
630 95 28 594
593 258 37 613
570 16 7 651
587 102 55 673
477 279 49 588
561 191 53 329
83 99 37 730
588 168 13 103
230 214 37 618
597 107 7 874
229 314 27 850
673 80 1 1170
368 170 11 524
219 251 16 529
639 149 20 615
276 138 33 561
404 187 37 290
741 225 1 314
601 143 43 480
650 180 9 927
475 94 22 341
591 126 1 1166
88 221 25 1100
594 69 22 231
124 98 31 585
686 53 7 550
642 249 13 911
293 30 34 885
1 121 4 623
184 54 19 570
257 37 1 255
116 176 26 335
748 58 19 1153
208 316 49 917
418 171 49 384
639 234 31 876
230 76 16 343
561 94 16 50
202 185 7 882
54 123 25 125
284 85 13 438
544 86 51 307
215 215 26 29
312 264 25 590
777 103 13 1130
269 125 25 321
347 156 9 993
12 313 16 493
518 191 10 37
11 236 49 17
494 84 49 76
244 139 34 738
113 65 7 489
703 302 17 462
666 74 5 1023
92 161 9 208
653 161 15 112
653 154 39 1194
422 167 10 1084
705 103 31 630
389 71 49 429
301 112 38 224
301 19 43 576
145 161 56 442
211 64 13 445
701 314 7 582
412 11 1 172
295 171 55 315
226 313 13 39
218 136 13 452
511 205 20 194
399 219 25 1188
582 66 43 477
737 266 49 1142
709 90 44 622
473 260 25 260
2 297 16 992
688 229 49 456
501 253 4 248
564 60 25 851
264 260 31 408
227 129 13 1169
377 239 14 299
347 7 26 46
389 146 19 1143
78 277 23 1069
184 174 1 969
766 40 51 882
154 139 1 397
428 33 43 974
99 207 14 16
676 310 1 241
105 48 29 667
75 28 14 446
243 255 29 39
692 248 4 237
794 111 32 86
658 307 13 729
28 236 2 785
210 313 25 687
731 276 19 1078
763 39 49 4
752 95 31 217
383 209 28 871
119 312 40 1136
8 17 1 31
433 186 43 481
62 32 45 946
28 132 55 789
132 160 31 882
563 260 25 833
446 172 7 13
408 11 55 869
274 177 25 136
404 261 25 169
56 115 43 273
715 75 1 441
800 202 35 506
536 176 25 899
177 65 10 350
785 39 5 507
502 177 31 944
502 217 13 1022
30 176 25 324
170 90 31 342
342 276 31 146
379 240 14 127
138 40 27 1019
684 300 37 821
537 303 13 1021
141 180 31 356
91 305 29 902
247 273 23 39
453 241 50 1008
91 275 7 41
702 93 31 162
424 251 37 529
677 22 22 413
275 187 43 448
649 91 43 460
463 51 19 801
591 43 15 567
701 255 47 76
619 145 7 620
711 310 51 488
761 198 29 511
760 280 49 130
3 78 7 987
63 282 23 925
26 79 14 333
763 115 13 880
649 240 17 890
225 263 13 832
122 30 19 965
53 151 33 1060
193 189 19 287
208 53 7 507
658 171 49 655
517 125 3 407
621 81 15 954
737 126 7 787
536 86 21 1149
534 296 28 637
657 28 1 203
689 29 22 780
557 109 40 908
386 259 37 1090
503 200 31 97
553 270 55 160
763 236 9 806
615 59 31 439
123 235 19 711
672 267 31 7
173 171 10 710
637 72 37 38
536 170 5 684
224 216 27 663
634 109 27 1196
649 207 49 512
562 274 37 619
8 70 25 519
13 293 7 442
507 217 37 717
653 179 5 398
396 297 16 1033
377 213 49 290
790 272 10 967
424 286 31 679
173 48 29 1023
329 127 55 615
571 56 10 928
656 96 14 1011
375 123 28 815
722 130 43 794
378 251 49 376
740 159 56 411
551 113 43 1122
298 154 49 237
266 105 55 330
136 164 26 1006
320 50 50 166
24 124 13 420
491 246 49 224
42 106 23 286
185 52 4 403
738 218 26 823
77 135 8 562
448 4 25 129
27 140 21 436
321 213 1 420
153 46 37 400
484 9 22 1011
120 138 1 254
329 229 1 107
346 302 43 1118
789 126 19 53
332 301 1 339
222 217 50 553
411 71 1 337
632 165 44 1103
274 251 55 579
693 249 56 601
212 220 19 523
666 50 7 297
638 152 21 220
335 257 13 829
259 207 1 1155
616 177 31 430
635 146 19 1095
140 194 9 641
717 59 31 61
657 251 37 376
143 101 50 36
531 267 43 1049
144 111 28 764
41 292 19 873
117 275 22 990
162 212 7 688
93 271 1 531
191 162 15 30
283 128 37 616
548 67 55 977
203 87 13 311
692 316 19 602
400 306 27 560
13 203 25 1072
78 25 13 341
546 304 55 483
564 96 43 663
7 51 4 488
728 50 9 145
497 194 5 297
679 119 37 815
268 197 9 759
387 236 13 1030
593 284 3 153
771 183 31 1041
775 82 7 1101
664 52 1 1169
750 37 14 93
243 199 31 691
87 154 19 237
635 6 37 1138
453 293 9 393
643 30 10 1081
130 269 23 5
373 306 1 201
538 130 19 89
507 132 13 383
435 189 31 121
129 167 13 969
331 101 13 769
778 52 55 513
382 128 25 771
279 121 33 97
145 153 3 1186
547 220 32 745
770 6 10 512
403 91 38 259
455 308 23 930
484 35 37 289
516 12 15 258
334 73 26 840
58 136 38 271
180 12 29 204
269 101 55 1086
270 296 49 439
560 195 3 1085
22 280 37 723
452 226 43 936
601 262 31 560
172 166 43 696
800 242 11 168
517 136 23 886
272 209 49 1057
699 145 7 227
607 53 10 1011
351 121 55 421
145 173 1 633
116 239 49 841
141 267 25 330
147 175 37 1083
348 125 43 80
251 26 55 207
67 55 13 820
140 112 31 248
32 35 32 35
276 145 25 1011
771 151 40 484
543 272 35 426
281 25 19 1149
579 281 37 426
154 74 32 218
610 139 34 748
4 19 2 605
574 82 49 426
66 253 3 294
236 92 43 1101
719 11 7 153
475 316 51 602
439 73 25 919
657 127 43 54
385 152 13 560
719 16 43 1166
309 227 44 1074
566 31 43 963
647 92 1 674
370 278 33 338
499 294 19 1035
581 92 20 465
303 106 33 668
774 21 46 164
294 175 37 1193
169 223 7 565
571 302 7 386
526 275 31 72
506 54 19 1040
121 31 43 635
367 71 7 450
279 293 37 1137
484 152 33 220
290 147 2 361
1 123 34 685
567 182 1 504
288 9 29 154
406 253 13 426
513 254 19 871
10 219 43 1126
331 295 10 316
589 168 25 699
641 218 20 301
720 91 7 250
136 6 22 774
656 95 8 724
468 37 7 444
654 201 15 703
350 27 37 33
21 183 55 415
339 175 25 1109
27 126 43 158
776 286 57 1192
668 121 19 480
208 187 14 898
17 294 10 505
731 216 37 332
210 26 31 536
603 4 7 1042
506 15 5 786
573 199 37 78
517 238 19 714
107 135 39 159
729 219 20 1189
791 228 43 750
578 77 46 825
459 162 43 467
51 183 37 95
401 203 25 747
439 289 8 593
132 245 25 329
679 63 49 836
187 285 13 551
727 3 31 712
341 215 9 284
154 271 35 91
622 307 13 690
694 163 49 1080
646 309 38 37
245 44 31 461
789 72 8 333
394 139 8 1070
226 305 25 386
185 155 26 608
548 131 10 39
714 230 8 842
599 305 5 165
310 105 7 339
490 204 25 264
329 212 5 1070
107 37 3 885
76 66 26 317
599 28 17 844
246 209 58 918
418 316 44 63
769 111 37 157
533 318 10 85
279 65 4 1036
591 176 55 906
768 241 10 1008
199 265 13 73
265 74 25 258
481 265 19 925
49 77 13 512
419 73 22 1090
4 289 31 776
74 259 38 264
256 139 10 128
525 210 14 589
479 10 5 722
86 153 49 946
712 129 29 930
321 3 37 803
176 265 31 740
779 261 55 105
687 228 10 629
471 264 55 959
191 205 32 383
72 139 32 242
47 283 25 366
527 91 7 322
420 103 13 108
590 258 7 672
92 115 13 464
538 128 49 616
645 298 4 1005
549 184 49 1010
367 159 41 810
33 292 50 705
8 226 31 818
232 24 26 1079
311 80 13 449
462 228 25 313
435 262 29 480
232 50 49 246
780 287 49 1141
623 61 20 805
96 72 1 918
743 133 17 54
760 309 25 116
300 305 19 137
539 217 20 321
740 61 43 403
245 246 33 217
705 249 37 390
7 205 22 566
138 203 13 1098
155 195 28 824
672 186 25 957
12 248 34 250
532 213 25 427
505 250 43 491
81 86 14 531
592 70 9 33
694 241 7 1084
463 164 56 599
784 39 41 423
271 9 22 811
478 34 40 81
662 82 44 793
271 312 16 737
517 266 49 298
294 91 9 326
455 245 26 693
682 131 3 713
214 53 5 314
554 252 7 468
628 274 13 414
676 86 49 686
675 101 19 1199
593 91 8 533
397 275 10 228
211 299 55 124
32 32 13 488
34 72 38 1048
723 25 31 158
62 155 9 854
543 226 44 341
721 102 37 729
688 218 1 7
202 194 23 477
789 256 43 927
343 177 25 665
79 21 7 1151
419 284 1 842
558 304 31 1089
572 252 7 103
69 164 37 371
800 160 19 133
589 269 5 839
776 210 37 994
46 147 49 963
343 186 19 648
274 219 31 221
648 112 55 590
526 99 21 510
532 99 13 1200
197 9 41 1174
433 134 10 578
417 48 49 57
608 21 19 963
732 108 49 508
584 243 44 295
281 245 22 366
420 234 37 734
160 33 43 214
398 283 22 706
265 145 46 1184
133 17 13 106
40 239 1 438
174 205 25 692
78 170 5 266
218 6 21 1010
456 47 5 558
179 159 13 256
707 111 32 1196
270 166 55 329
230 151 5 706
522 11 38 1003
559 181 19 274
785 116 13 24
Điểm tối ưu: 9591
Thời gian: 116.9174 giây
Trạng thái: PARTIAL
