9073
509 1 37 1
160 1 44 1
90 1 1 1
48 1 21 1
798 262 7 832
788 284 15 74
762 82 3 478
760 87 13 1149
757 216 3 1186
753 209 33 203
751 177 2 1148
750 209 31 976
749 209 3 976
748 314 26 628
740 209 55 203
737 177 38 1148
732 281 13 1003
730 282 15 1035
730 281 21 161
720 262 33 832
719 281 3 161
719 209 15 203
718 209 20 203
706 262 38 999
694 216 14 1186
684 281 1 1003
679 177 26 248
660 216 45 242
650 262 1 832
639 206 25 176
638 262 27 999
636 282 31 194
620 7 43 1000
615 177 19 248
602 206 43 43
580 262 25 832
577 282 2 194
571 209 50 203
553 281 7 1003
539 284 1 74
532 314 3 702
531 226 13 958
527 216 37 242
520 7 49 693
517 177 15 248
512 226 13 919
511 262 3 999
487 209 37 976
483 209 8 976
483 87 1 1149
475 177 7 1148
474 262 19 999
468 206 1 43
467 7 13 1000
449 281 7 161
441 82 44 831
440 7 37 1000
432 82 33 831
429 281 33 161
418 226 31 958
396 314 1 628
388 262 44 832
371 7 49 1000
367 262 19 832
365 262 50 999
361 216 50 1186
353 209 26 976
349 7 31 1000
309 262 37 832
302 7 55 693
284 216 27 1186
277 7 9 1000
274 314 25 702
273 216 1 242
246 209 7 203
237 262 15 832
235 262 49 832
231 206 25 43
223 7 19 693
208 7 43 693
196 216 44 1186
191 314 37 628
156 216 19 1186
82 262 31 999
749 243 44 126
240 243 31 239
164 157 25 644
132 243 43 1120
118 243 49 854
788 14 3 91
573 14 9 91
288 14 15 657
217 14 37 321
122 14 19 484
610 117 33 365
565 117 20 834
308 117 31 557
267 117 25 527
489 301 14 1028
466 301 20 1172
441 301 15 729
315 301 3 1014
735 104 50 878
720 227 26 1165
690 104 21 1192
471 227 8 370
470 104 1 661
403 227 37 779
386 104 1 1144
152 227 1 689
75 227 25 619
584 135 25 1096
787 256 32 1141
602 195 25 639
550 161 1 743
412 161 44 1171
394 256 13 728
383 161 20 1091
288 195 19 672
245 161 43 1176
208 161 9 355
770 196 49 1193
749 269 13 428
715 11 26 309
711 196 21 956
615 269 3 415
529 196 7 616
464 269 31 1001
303 11 49 467
224 196 9 800
52 196 14 14
646 194 37 208
531 194 27 156
521 194 37 140
500 194 38 803
380 194 32 710
16 194 33 578
560 138 19 851
686 61 32 749
673 311 45 106
607 61 38 960
547 311 15 1129
463 114 25 503
457 114 2 366
450 114 19 950
398 61 15 887
266 114 14 104
264 61 25 330
260 311 25 1065
258 61 1 613
250 61 25 497
246 311 49 1147
180 114 49 217
103 311 13 514
394 189 55 1178
172 189 32 599
629 108 8 818
579 108 27 905
348 108 37 918
222 108 43 698
211 108 3 403
83 108 45 505
795 286 19 962
437 286 19 492
315 286 57 127
242 286 27 594
166 286 51 590
722 207 8 1175
637 207 9 854
595 303 37 198
594 303 21 497
589 207 37 1074
466 207 13 154
171 303 1 361
30 303 9 905
734 137 43 1097
713 275 31 356
626 275 8 116
588 2 7 1112
587 137 45 1102
572 137 43 829
534 275 7 638
452 2 25 401
238 137 7 343
171 275 15 981
94 137 51 415
667 308 20 117
661 156 50 866
636 119 55 485
585 119 14 374
498 156 37 1058
448 308 21 180
335 308 14 594
88 119 1 1060
761 45 13 345
23 45 31 902
718 220 13 47
570 220 1 779
450 220 13 543
433 220 21 268
365 164 27 15
328 220 37 887
176 220 31 31
627 31 37 1073
460 31 44 350
123 31 25 556
55 31 32 762
795 252 39 438
444 252 55 117
60 252 9 220
788 192 43 948
739 192 45 30
738 192 44 443
708 192 32 803
705 192 27 562
535 244 31 207
532 192 7 694
501 192 14 698
499 192 9 279
496 192 45 841
488 192 19 1062
484 192 13 462
407 244 3 930
225 192 31 235
168 192 14 418
769 241 7 146
706 241 51 268
668 241 25 338
527 160 26 1094
782 225 7 1017
778 240 55 808
614 240 31 357
589 225 55 666
585 288 3 985
582 288 3 1173
528 240 7 18
523 182 1 885
480 225 1 450
442 182 25 826
385 225 50 937
304 240 45 279
269 225 31 11
231 225 20 632
206 225 2 1017
104 225 37 881
53 225 31 84
46 225 55 882
586 89 43 765
277 121 2 685
249 89 49 85
164 89 1 209
123 89 38 133
92 121 13 1069
55 121 55 590
745 185 21 814
393 185 7 729
241 185 55 689
154 185 20 357
147 185 43 995
138 185 37 347
722 112 15 401
257 295 1 806
242 295 19 76
172 295 14 432
23 295 13 697
714 298 57 854
325 298 15 115
264 298 55 653
251 298 50 677
175 298 19 938
103 298 49 1044
706 203 55 220
504 203 49 1098
294 203 25 682
786 96 33 79
778 96 31 918
633 96 19 391
520 211 25 1131
516 96 13 1158
323 211 3 388
278 211 19 525
223 211 26 858
132 211 25 963
113 211 1 321
110 211 14 1199
66 211 7 1168
722 168 39 590
611 168 32 388
195 168 25 655
66 168 2 594
800 24 4 1174
799 129 28 520
799 73 16 634
798 129 57 1152
788 217 28 578
780 116 21 97
779 255 28 210
777 318 31 613
773 184 37 820
758 208 25 518
758 129 49 520
756 181 52 156
753 264 7 936
753 167 1 317
752 73 50 634
752 10 19 1127
750 48 4 869
747 10 37 1127
746 208 7 518
742 217 43 578
742 73 3 634
737 255 4 357
735 208 33 1081
731 181 49 156
730 280 39 160
726 208 16 518
724 184 16 483
721 181 3 156
717 264 1 936
716 264 20 936
715 167 10 317
714 129 26 1152
712 318 37 613
712 208 21 1081
712 24 15 1174
704 280 56 160
701 255 8 210
698 24 4 1040
696 217 9 578
696 29 33 558
695 255 19 210
693 48 34 339
687 36 1 797
684 73 56 675
683 129 3 520
680 51 8 913
679 29 38 909
678 255 13 210
677 253 15 717
675 129 38 520
674 272 1 430
674 48 26 339
670 217 1 578
662 184 39 483
660 217 10 711
658 167 20 968
656 219 1 336
655 116 28 97
647 219 31 336
646 51 4 913
645 255 16 357
642 116 31 97
642 24 25 1174
639 29 22 558
637 272 13 841
632 181 4 180
631 223 28 491
628 10 13 1127
622 208 39 1081
622 36 27 797
621 255 9 357
621 10 49 1127
618 264 33 569
614 181 1 180
611 36 15 797
609 116 34 132
608 255 28 357
608 10 22 1165
607 24 9 1040
604 73 4 675
602 280 7 429
602 219 10 336
600 24 13 1040
599 219 31 747
598 129 43 1152
598 24 46 1040
594 129 4 1152
592 167 34 317
589 223 25 491
589 116 3 132
588 280 34 429
588 219 55 336
588 73 37 675
586 280 1 429
584 48 16 869
583 217 3 711
574 318 13 613
574 184 25 483
573 318 31 685
573 73 1 675
571 167 10 968
570 36 49 797
565 318 16 613
565 10 31 1127
564 116 25 132
561 280 49 429
558 208 13 518
556 219 52 747
553 280 46 429
549 184 40 820
548 219 4 336
537 184 28 483
534 73 37 634
517 255 37 210
510 264 10 569
510 10 19 1165
508 223 13 491
502 24 25 1040
501 184 46 483
501 116 52 132
500 167 16 968
497 280 55 429
490 10 8 1127
485 264 44 936
485 167 31 968
484 10 7 1165
480 264 31 936
477 73 40 634
476 36 52 797
469 272 9 1069
466 217 28 711
464 29 13 909
462 36 19 797
454 184 43 820
454 167 20 317
451 253 7 717
446 24 19 1174
442 48 1 339
439 129 9 1152
439 10 28 1127
425 48 1 869
424 280 31 429
422 184 7 483
422 36 4 797
420 264 26 936
411 217 46 578
409 253 21 717
403 253 43 717
397 167 56 317
395 129 22 520
388 48 9 339
385 167 16 317
378 219 7 336
378 167 34 968
377 10 13 1165
375 253 16 943
366 167 1 968
366 10 55 1127
361 208 10 518
349 116 37 132
348 208 28 518
341 184 10 483
340 167 26 317
338 272 31 20
333 24 28 1174
332 48 8 869
331 253 31 943
330 219 49 747
321 272 2 356
294 167 13 968
291 167 4 317
285 29 21 909
282 73 7 634
281 116 22 132
278 10 25 1127
271 24 22 1174
255 24 28 1040
251 24 1 1040
248 10 45 1127
244 48 13 869
242 280 49 160
230 10 22 1127
228 73 20 634
216 116 10 132
213 48 4 339
210 29 49 558
209 10 10 1165
205 129 19 520
202 116 31 132
202 10 34 1127
199 116 28 132
188 24 16 1040
184 24 1 1174
182 280 10 429
166 129 1 1152
157 10 40 1127
151 24 43 1040
126 272 19 826
126 73 28 634
120 48 28 869
107 280 19 429
104 280 19 160
104 116 25 97
104 73 10 634
102 29 28 558
101 280 28 160
97 73 25 634
96 29 1 909
71 29 16 909
58 48 25 869
52 48 31 339
51 167 31 317
37 24 49 1174
34 73 22 675
34 10 16 1127
26 73 13 634
21 10 16 1165
20 167 7 317
19 167 13 317
14 73 31 634
13 272 1 121
1 280 33 160
785 285 25 492
565 309 43 436
472 285 32 497
413 309 3 438
343 309 27 933
285 285 26 808
147 285 19 1017
106 285 13 76
54 309 7 88
22 285 13 438
441 202 25 662
295 202 13 733
597 4 3 537
259 4 7 1179
134 4 33 38
781 91 19 985
729 233 1 538
687 91 9 838
492 233 15 1071
430 233 3 380
422 91 49 1151
385 233 27 58
361 233 55 698
336 233 1 58
282 233 27 1179
243 91 49 473
46 233 39 934
14 91 51 1120
637 99 32 800
554 99 20 562
544 99 39 800
455 113 55 806
314 99 55 929
299 113 25 1054
284 99 3 113
276 307 3 244
158 113 21 171
115 113 32 1162
70 99 33 1111
787 175 19 967
724 175 37 742
224 175 25 1033
175 265 2 546
156 265 25 283
774 193 50 386
668 193 8 891
650 193 15 190
649 193 37 740
647 58 20 1001
510 58 31 1142
456 193 51 791
306 302 1 893
261 58 19 116
245 193 3 400
128 270 31 816
77 58 25 31
76 270 33 682
23 302 1 145
756 163 3 721
734 103 33 411
654 163 33 833
652 103 26 975
634 103 49 784
402 103 19 464
281 163 3 846
186 103 25 955
131 103 21 390
58 103 1 445
699 165 19 930
673 165 55 240
413 165 19 817
120 165 51 400
780 232 49 798
716 232 13 68
644 212 31 982
533 232 3 875
461 212 38 249
426 232 25 236
634 67 9 700
551 67 1 842
539 67 44 1065
504 67 7 420
382 67 15 619
367 251 7 741
240 251 15 627
88 67 25 404
81 67 19 551
795 153 55 216
644 153 13 80
237 153 55 1069
184 153 49 731
55 153 1 700
762 126 19 657
741 126 37 1017
662 126 13 816
645 141 50 741
545 49 19 619
488 141 31 495
393 126 43 103
372 126 15 1083
720 37 13 604
620 37 31 459
611 37 8 1048
502 37 49 442
457 37 37 392
298 37 25 1126
271 37 1 677
185 132 43 1191
136 132 56 656
49 37 25 653
9 132 3 485
630 5 22 1077
453 5 52 1155
298 5 22 842
38 5 9 1077
36 5 7 376
431 261 21 265
414 261 20 154
408 261 3 752
219 261 7 766
215 261 19 395
9 261 7 265
775 19 21 640
383 19 13 189
163 19 9 189
424 92 1 1165
110 92 20 737
81 92 55 15
731 97 16 497
529 97 31 135
363 97 37 543
173 97 31 623
630 55 13 90
685 38 25 438
599 38 34 286
318 38 19 126
2 38 52 1041
743 154 55 312
736 276 49 540
636 68 7 606
548 276 21 653
548 154 27 70
460 276 1 205
449 68 55 458
155 276 34 606
144 68 15 338
76 68 3 503
33 68 20 297
690 310 40 1176
604 310 1 716
108 310 7 611
98 310 21 769
7 310 16 224
781 299 4 1134
661 299 43 426
606 299 13 40
573 124 37 774
441 299 9 804
360 124 3 1141
309 299 4 1151
229 124 19 1030
206 299 40 299
173 124 44 898
146 299 7 465
113 299 27 1036
415 125 33 635
307 125 40 757
172 125 3 324
594 77 39 625
561 77 13 764
530 77 21 590
487 77 15 433
457 304 25 741
101 304 7 530
800 313 7 109
617 313 43 16
478 313 19 109
432 313 2 51
308 313 28 1049
305 313 13 598
706 258 31 950
549 118 52 816
538 118 7 692
502 118 1 1193
313 118 25 746
310 118 22 1140
289 118 22 623
531 84 4 861
451 52 16 521
413 52 44 385
301 84 55 1103
266 84 1 555
243 84 46 1147
16 84 44 233
710 81 9 683
705 266 39 686
535 266 13 1112
501 238 34 908
439 81 25 974
435 266 22 530
432 238 37 802
406 266 7 1115
360 266 19 530
251 266 21 84
96 238 33 421
518 145 8 617
473 188 46 121
345 145 27 617
327 145 49 14
290 188 13 574
151 145 22 691
725 210 21 1032
428 210 8 67
344 210 45 198
451 199 44 45
363 199 8 214
356 199 49 818
354 199 49 785
614 120 15 435
547 120 1 495
513 120 16 1025
459 120 19 1147
343 120 40 173
57 120 40 529
48 120 31 529
506 20 14 368
300 20 10 188
149 20 34 899
707 300 49 877
686 47 25 637
649 300 25 433
545 47 38 890
513 300 8 1094
466 283 37 309
420 300 20 99
358 283 1 149
348 65 45 893
312 47 39 933
301 47 19 623
234 300 26 88
232 65 19 855
192 300 13 126
105 283 25 1008
94 65 31 284
92 47 27 374
89 283 21 376
70 65 4 367
3 47 14 312
1 47 3 276
679 170 43 846
491 170 4 362
345 170 4 234
302 170 37 190
90 170 33 1135
749 294 32 59
601 17 37 237
592 17 13 1068
543 60 8 866
519 60 38 57
484 294 1 590
439 294 33 972
312 294 20 1068
244 60 22 201
243 17 1 315
241 60 34 866
180 17 7 764
164 294 46 846
75 17 15 162
723 236 16 416
577 176 33 282
319 236 33 839
285 176 40 1098
258 176 25 758
195 236 7 69
153 236 27 380
735 190 19 773
709 190 9 1155
597 190 25 365
586 147 7 384
582 147 14 751
441 6 58 151
302 190 9 1200
775 142 1 991
723 250 19 982
632 142 43 117
601 174 27 399
581 250 51 299
416 250 10 1065
404 250 2 653
371 174 28 449
357 250 3 829
348 250 20 510
314 250 15 535
277 250 38 829
141 250 15 299
106 106 27 417
78 250 20 829
508 172 34 214
327 172 8 590
315 172 15 1036
99 172 1 22
727 136 14 665
725 136 57 120
327 136 1 836
233 136 45 651
673 130 8 899
667 130 49 251
634 155 31 75
453 130 49 1063
298 130 15 148
147 155 4 236
800 98 16 231
799 95 1 232
796 234 43 248
793 315 17 741
791 95 23 232
788 127 13 127
786 292 15 140
783 222 5 152
778 21 15 705
777 127 1 388
776 292 11 703
776 249 26 235
764 139 34 415
760 267 31 935
759 306 3 452
756 234 49 957
753 183 14 824
751 127 47 127
748 228 13 98
743 292 4 140
736 267 31 1130
734 267 23 1130
730 292 1 703
730 127 7 127
728 171 21 189
727 320 31 470
726 50 25 851
722 95 21 232
720 296 41 85
717 320 57 787
710 278 1 279
708 306 9 979
705 315 37 587
703 139 11 415
701 306 37 452
700 315 16 587
700 21 11 705
695 222 25 926
693 278 11 617
693 95 19 232
686 249 19 235
683 139 55 255
681 27 13 578
680 171 19 189
677 296 19 85
677 249 28 235
672 171 5 1069
672 80 8 504
671 312 23 1115
668 222 29 152
668 127 31 127
666 316 3 847
666 218 37 838
666 21 45 705
665 88 3 864
665 50 21 877
664 249 45 200
664 234 13 248
659 183 11 824
657 218 35 993
655 267 59 935
655 27 31 578
654 139 31 415
648 183 47 797
647 296 41 353
643 296 37 85
639 218 9 993
638 267 7 1130
636 230 1 1129
636 50 10 1135
634 278 5 279
634 183 7 797
631 296 44 85
631 27 37 717
630 267 5 1130
630 15 7 545
624 316 10 847
617 171 19 1069
616 70 37 1081
613 171 35 189
612 27 29 717
610 278 3 617
610 21 22 705
605 278 43 279
605 171 37 189
605 21 49 705
604 249 11 200
603 278 17 617
601 316 25 847
601 306 51 452
601 222 3 152
600 171 2 1069
600 139 35 255
596 316 13 1027
596 95 9 232
591 230 13 1129
591 183 47 824
589 249 17 235
589 228 21 886
588 111 44 627
585 80 37 504
584 267 23 935
581 306 33 452
579 111 19 627
571 171 16 189
567 278 37 279
566 315 2 741
562 222 1 152
561 292 17 140
560 111 37 627
547 306 49 452
546 234 23 248
543 222 1 926
541 306 5 979
541 230 19 1129
537 21 25 705
534 228 40 98
532 315 32 587
531 312 17 1115
530 292 4 703
529 234 4 957
525 88 23 864
521 218 3 993
520 306 29 452
520 183 37 797
516 234 31 957
515 228 28 886
515 88 5 864
514 21 4 705
513 228 19 886
510 21 17 705
509 171 43 1069
507 183 1 824
504 306 14 452
502 296 46 85
500 27 19 717
497 111 39 627
495 292 33 140
495 21 13 705
493 27 1 717
482 230 10 1129
480 88 23 1049
477 127 13 388
473 139 5 255
472 88 39 864
468 316 13 847
467 278 1 617
465 296 46 353
458 267 1 935
458 127 49 127
456 249 49 200
455 218 20 993
447 183 4 824
447 88 43 864
446 306 9 452
435 230 41 1129
434 230 43 1129
429 316 19 847
429 127 21 127
428 296 17 85
426 306 37 979
418 292 45 140
411 21 40 705
410 21 43 705
409 278 17 279
407 95 17 232
405 98 16 450
403 315 7 587
400 228 49 886
400 171 1 189
390 88 41 864
389 228 11 886
388 296 17 353
384 88 17 864
382 139 23 255
377 249 35 235
376 183 7 824
376 21 9 705
373 15 33 320
367 315 4 587
364 267 55 1130
363 296 31 353
361 171 3 189
358 95 4 232
356 315 10 587
354 171 17 1069
354 80 15 504
353 315 11 741
347 249 1 200
347 111 29 121
342 278 5 617
342 249 37 235
341 292 13 703
338 171 5 189
337 315 13 741
335 320 22 767
333 27 37 578
328 278 29 279
324 27 23 578
322 111 46 627
322 21 7 705
321 139 17 415
318 111 7 121
317 278 23 279
316 95 47 232
311 95 7 232
307 218 56 993
304 15 9 545
302 315 19 587
301 315 4 741
294 218 37 993
293 267 43 935
291 316 7 1027
287 316 17 847
285 171 7 189
274 222 49 152
274 139 1 415
273 171 31 189
269 278 43 617
268 171 23 189
263 183 49 824
261 218 7 838
253 278 7 279
241 306 17 979
240 249 55 200
239 111 28 627
238 316 35 847
234 292 31 140
226 228 59 98
225 315 1 587
224 95 37 232
221 316 7 847
221 292 53 703
218 306 1 452
215 88 17 1049
200 15 17 320
199 80 1 504
195 80 10 504
194 316 28 847
185 183 31 824
182 80 32 504
174 95 15 232
170 306 11 452
170 218 1 993
169 218 11 993
168 80 25 504
161 15 1 320
159 306 27 452
158 183 28 824
158 95 13 232
157 292 13 140
157 21 35 705
149 306 19 452
148 306 11 979
148 183 25 797
142 111 5 121
138 80 4 504
131 88 7 1049
130 80 19 504
127 183 25 824
120 278 46 617
116 316 33 847
116 21 27 705
109 21 31 705
95 111 33 627
93 320 10 217
92 306 7 452
91 88 1 1049
89 183 19 824
86 171 7 1069
84 15 31 545
80 278 25 617
78 306 35 452
72 292 1 140
70 88 25 864
66 80 49 504
62 306 5 452
52 278 3 279
49 50 22 294
47 306 7 979
47 111 19 121
36 278 13 279
30 111 31 627
15 21 33 705
4 15 11 545
708 101 44 538
699 34 37 173
695 239 28 577
683 248 28 855
649 34 10 1156
648 248 15 855
618 239 38 184
597 248 51 728
559 239 9 795
497 239 13 1093
442 101 4 975
402 239 8 314
355 34 1 663
280 101 34 88
240 248 7 453
169 34 16 918
34 239 7 87
20 239 10 986
6 248 1 883
800 166 46 409
720 30 1 526
382 83 31 822
376 30 37 526
110 166 26 601
727 63 19 456
658 63 27 312
482 159 20 1083
374 159 25 1091
334 63 37 994
218 179 10 924
165 63 7 394
77 159 32 978
46 159 16 499
34 159 28 403
24 159 49 163
492 169 25 302
374 271 21 1090
303 271 13 69
236 169 1 488
200 169 13 488
135 169 14 1050
699 74 31 836
668 72 1 94
474 72 44 795
433 74 37 885
251 74 39 234
142 74 19 196
151 86 15 1048
2 86 19 30
788 204 25 24
743 247 40 379
718 204 33 987
667 204 32 285
608 128 10 1126
599 247 9 137
571 247 31 1155
551 128 39 142
497 204 16 663
497 42 8 1084
478 128 31 66
456 128 21 453
447 128 34 397
446 128 33 665
427 204 25 798
324 42 44 556
158 128 10 330
105 247 13 107
45 42 25 719
226 56 13 582
768 173 33 148
581 173 7 817
541 173 25 891
64 173 43 80
798 140 14 722
761 257 9 427
733 214 1 922
682 257 22 1106
678 214 37 348
438 214 4 605
396 257 13 559
227 257 16 861
20 140 37 440
776 291 7 174
712 291 2 878
582 213 27 318
451 291 10 910
217 213 22 891
799 43 19 942
514 245 1 718
121 53 19 849
18 53 13 691
15 43 10 440
14 245 58 556
751 231 32 974
721 231 16 888
715 231 13 845
673 148 25 633
644 148 44 671
639 148 44 823
419 123 8 778
412 231 10 959
369 231 32 389
338 231 55 450
310 148 4 566
291 293 9 972
221 123 3 598
201 293 37 1168
443 41 16 19
41 41 10 805
692 122 9 450
688 122 7 535
627 122 25 437
397 229 28 454
385 79 1 327
347 79 26 231
333 122 49 1164
238 79 1 951
209 122 28 271
190 122 19 554
142 229 7 944
83 79 39 159
50 79 8 501
669 109 14 307
563 109 19 1107
256 224 44 202
247 109 10 1092
198 109 7 438
764 260 10 51
729 16 31 304
325 260 23 143
306 18 23 551
290 18 46 177
216 16 55 403
180 18 1 444
104 260 5 769
65 18 5 269
40 18 29 748
743 305 14 56
736 305 15 735
642 33 11 554
531 33 19 857
404 305 25 319
398 33 11 989
394 305 17 56
353 305 19 324
322 305 4 550
259 305 27 735
187 305 11 899
187 33 37 554
118 33 39 989
56 40 37 1186
25 40 41 837
766 319 11 786
759 246 29 530
570 319 22 470
563 246 31 831
547 268 22 305
516 268 59 225
423 319 17 998
402 246 14 539
336 268 35 386
233 319 27 885
174 246 8 532
125 268 4 1138
675 90 17 356
354 90 59 26
343 90 49 685
188 90 47 456
13 90 11 1073
463 22 55 669
429 22 11 154
279 69 31 161
174 22 17 144
742 26 1 711
566 186 43 505
444 26 25 686
390 186 31 964
278 26 8 170
243 186 25 360
107 186 16 23
97 26 28 756
18 186 27 597
733 62 5 86
704 254 4 1002
583 254 7 534
495 254 31 662
484 274 22 429
427 274 8 928
370 254 31 204
334 62 28 515
314 62 23 972
225 62 10 876
130 254 7 1031
120 254 49 710
787 150 5 555
623 150 7 566
601 94 1 950
598 94 17 954
568 94 23 69
511 94 25 69
450 94 7 954
414 237 39 660
248 237 7 939
232 94 7 25
191 150 5 228
181 94 47 86
91 237 21 419
640 3 5 748
638 3 23 1084
542 3 51 765
255 3 40 564
247 3 8 349
192 3 19 401
775 102 16 800
732 102 8 1197
459 102 35 135
295 102 7 1061
723 205 23 217
450 205 17 380
304 205 25 379
103 205 1 443
629 151 27 734
482 151 23 881
243 151 9 652
186 151 11 97
145 151 13 732
687 93 28 458
683 93 1 161
632 93 37 448
349 93 26 326
131 93 3 1045
40 93 11 206
794 85 28 433
316 85 11 275
167 9 32 57
749 115 1 254
673 64 19 981
486 64 33 881
365 64 45 12
116 115 19 206
767 152 43 490
762 152 26 649
434 152 13 453
395 152 31 758
192 152 2 757
1 152 43 403
674 235 41 164
471 235 23 1188
436 235 5 323
429 235 23 448
341 78 8 366
205 235 37 53
149 78 29 954
82 235 17 53
70 78 17 1134
162 46 16 826
14 46 4 490
401 144 25 466
390 144 17 1123
387 144 58 1028
683 44 15 1191
620 44 14 720
448 44 8 449
257 44 5 623
140 44 17 1003
127 44 37 635
749 133 23 179
586 133 20 1166
553 133 27 252
524 134 10 572
498 66 17 851
380 66 16 126
375 134 5 649
316 134 13 379
273 66 57 335
256 66 27 128
187 66 27 1141
147 134 1 605
95 66 1 318
47 66 9 458
696 221 25 169
691 221 26 125
324 221 9 942
199 221 58 191
165 221 4 881
610 297 13 853
427 76 23 492
424 76 25 938
414 297 1 144
399 76 20 1191
350 76 14 124
200 76 47 887
310 197 41 202
25 197 16 760
684 158 9 280
592 25 7 385
430 25 1 63
285 25 1 1173
208 25 13 852
83 158 15 193
41 25 57 620
793 57 43 1127
748 39 5 164
728 39 23 252
265 57 49 315
4 57 3 199
579 277 43 299
298 277 29 941
654 287 7 1188
594 287 7 427
554 287 13 645
543 287 19 943
476 287 14 86
383 287 58 420
371 287 15 269
201 287 23 622
780 100 7 943
685 146 11 50
625 146 1 73
307 146 26 816
293 259 11 552
224 100 33 184
202 259 1 585
150 146 17 1108
128 100 19 738
25 146 49 153
781 110 13 902
775 317 11 482
656 28 43 329
648 110 49 116
470 110 17 1151
466 110 5 1083
407 28 29 771
400 317 17 429
292 28 35 405
230 317 10 767
177 317 17 29
44 28 11 318
19 28 5 887
761 12 44 1154
591 12 35 810
734 143 19 903
725 242 26 1185
680 143 29 802
660 143 7 357
516 131 29 1003
499 242 7 699
470 131 29 369
381 131 25 107
223 131 41 1188
54 131 5 369
48 242 4 1133
35 131 32 638
22 242 23 832
746 13 1 376
690 13 1 960
593 8 7 467
587 13 29 994
576 8 55 1128
475 13 37 403
334 8 19 250
283 8 10 660
59 13 20 398
23 13 7 175
21 13 33 734
647 198 15 673
640 71 1 1056
593 71 28 857
303 71 25 1145
131 71 31 527
22 198 25 75
670 201 4 765
610 75 17 881
556 201 7 115
487 75 1 873
434 201 15 1104
243 201 22 56
16 201 13 361
784 191 11 834
493 191 41 527
452 279 50 439
332 191 20 1170
268 105 5 84
180 279 37 393
161 279 35 498
61 191 34 882
797 178 19 963
735 32 13 854
629 178 41 779
500 178 11 875
449 178 17 164
434 178 37 497
406 32 11 643
259 178 25 594
67 178 11 732
16 32 25 1110
773 54 25 51
649 289 3 84
645 289 23 62
593 289 1 237
399 54 25 994
347 54 3 1159
308 54 17 114
298 54 4 1139
135 289 32 51
95 234 7 957
752 106 15 61
776 82 55 478
761 85 23 1035
363 76 11 1148
349 157 7 35
340 320 1 969
186 303 1 640
441 297 7 1157
215 241 49 662
385 214 31 157
789 187 2 399
468 235 23 53
384 237 15 419
488 151 5 498
222 88 9 1049
433 128 55 126
532 162 28 420
289 7 31 693
600 198 23 574
415 250 28 498
652 216 31 1186
552 195 38 859
376 157 19 98
8 82 25 478
157 164 31 620
475 278 15 279
77 96 49 872
213 7 25 693
715 176 7 1012
88 241 13 530
622 195 49 113
494 195 7 672
152 221 14 1080
188 193 27 99
263 43 26 1195
117 183 33 824
102 290 13 864
142 59 32 1021
756 310 25 769
63 114 55 438
606 279 28 524
48 109 27 893
71 147 56 1092
607 156 55 400
684 82 19 831
562 135 55 169
35 201 25 765
460 144 13 803
261 38 32 1192
331 51 25 913
29 147 7 134
83 170 25 678
146 91 43 93
688 10 37 1165
225 74 19 234
735 301 38 823
729 219 13 336
330 121 25 759
759 272 20 442
692 298 14 430
437 140 7 673
95 295 49 736
323 94 13 370
702 190 4 807
317 77 10 393
569 278 25 279
486 171 25 189
428 250 31 8
351 166 22 68
649 13 13 1185
85 60 15 783
194 160 8 144
642 172 7 105
56 99 20 721
433 112 50 819
139 125 31 914
142 31 43 247
79 139 26 255
263 150 29 566
251 269 7 1167
698 181 55 180
112 191 5 126
676 192 19 704
189 182 37 685
328 53 10 294
522 284 25 74
295 158 28 280
346 3 55 247
91 228 15 98
768 48 19 869
558 148 33 1151
222 27 39 717
141 248 31 709
285 38 14 1159
126 88 10 864
66 44 41 775
703 31 13 362
417 63 1 78
710 198 38 261
724 122 9 254
144 102 13 1197
115 255 1 357
459 23 1 564
792 92 39 403
114 228 23 886
790 28 17 1031
207 265 55 606
22 205 53 526
35 188 22 872
763 205 10 443
779 20 9 131
249 233 55 2
768 128 25 453
476 171 49 189
173 94 22 531
429 297 1 826
93 267 34 1130
629 3 25 58
69 219 28 336
763 242 31 779
800 62 13 885
2 15 35 320
261 313 3 826
770 26 15 755
750 149 16 340
317 307 19 544
265 219 43 336
564 132 44 642
97 182 13 734
117 73 27 675
56 32 7 956
728 74 38 756
2 12 1 352
43 88 1 864
713 261 13 989
762 314 56 628
461 320 7 921
616 308 25 347
119 296 13 353
238 167 4 968
584 39 8 564
721 19 49 779
542 86 1 533
343 109 51 15
146 179 10 759
254 228 9 98
5 83 28 607
484 232 43 1140
133 201 11 765
205 254 13 710
670 43 19 620
694 311 37 786
326 184 1 820
149 165 7 1089
13 263 21 372
329 309 43 1108
183 209 43 976
630 101 9 514
404 9 13 125
165 277 25 128
510 111 7 627
40 167 7 968
186 9 5 832
504 276 1 24
19 86 1 387
584 223 1 491
538 195 27 794
557 251 1 608
45 222 19 926
312 226 1 958
491 204 7 472
727 193 8 519
172 122 40 834
6 17 9 1100
632 260 35 399
383 155 10 641
525 208 4 518
425 205 4 512
262 305 23 1059
701 33 1 1028
464 6 9 750
577 12 11 810
355 74 13 231
279 50 1 750
69 86 21 92
799 133 26 716
251 295 13 121
252 211 43 530
532 250 25 510
333 285 13 555
425 254 22 141
439 56 19 645
129 173 10 472
478 240 9 1120
299 287 5 385
572 10 31 1165
545 35 31 1152
393 291 28 1120
288 27 13 717
108 113 49 255
122 8 7 600
504 126 25 435
731 36 25 1011
733 201 19 796
798 206 1 176
293 78 31 1109
538 198 35 391
795 280 13 160
214 312 9 996
669 134 7 40
538 171 55 189
171 313 39 31
408 42 13 948
771 293 14 533
144 248 44 883
731 232 7 1177
309 255 25 210
69 253 31 717
219 190 15 973
639 279 19 470
771 276 31 912
511 123 21 1020
779 301 57 61
329 149 1 340
542 194 26 833
87 143 28 406
305 316 5 847
292 176 22 325
700 95 31 232
469 242 7 1058
337 138 19 369
214 309 25 1108
100 196 31 616
454 219 16 336
646 91 19 371
12 292 35 140
486 22 47 1168
276 214 25 970
596 147 25 387
457 234 9 957
775 64 29 35
326 117 31 769
500 67 57 327
542 82 7 831
49 318 19 613
502 126 13 971
428 259 11 49
41 153 26 651
87 50 52 294
266 201 29 56
479 278 33 279
464 260 7 391
313 94 7 965
789 34 43 1156
423 59 1 1105
278 23 31 324
655 32 25 829
454 190 46 1195
98 87 26 1149
578 93 5 719
344 215 1 1139
533 110 34 1165
17 67 49 742
286 281 25 1003
184 159 13 978
726 297 13 1157
88 195 7 589
766 22 58 1137
14 113 38 825
475 34 19 1190
616 285 7 208
282 41 31 1137
440 177 49 248
335 309 32 827
542 88 40 1049
106 184 43 483
366 43 16 1001
211 201 11 56
159 185 7 650
43 302 55 106
512 7 55 1000
536 240 49 888
309 59 55 398
464 75 43 1037
523 206 7 43
357 216 25 242
714 142 31 860
692 5 57 204
109 128 43 992
107 290 3 278
784 214 7 1189
116 114 13 553
25 302 2 986
467 132 9 912
279 15 40 545
541 64 1 881
379 287 4 238
98 272 13 448
633 56 1 454
321 57 22 324
16 269 37 177
270 104 37 154
43 313 22 761
381 316 1 847
7 170 57 703
297 144 35 826
490 21 19 705
771 228 23 98
274 133 3 1111
569 2 49 538
322 315 49 587
439 320 14 402
234 193 37 845
368 58 49 1001
624 247 13 967
22 301 2 377
151 67 55 959
672 278 23 617
43 181 31 180
482 201 31 794
438 204 14 398
362 29 13 558
276 45 19 12
650 213 22 766
519 39 17 472
145 6 1 929
409 296 10 85
503 213 33 134
41 116 43 97
769 218 13 993
657 179 13 378
772 75 37 813
417 119 55 1032
411 248 1 997
526 174 1 871
130 167 37 317
413 251 15 102
409 210 13 352
284 180 1 139
530 297 14 877
295 254 41 126
456 48 31 869
637 115 7 220
267 150 23 642
589 122 13 50
197 35 1 615
164 256 49 770
269 164 37 23
354 87 1 1160
191 207 49 598
360 231 40 560
658 30 49 737
353 198 5 396
378 136 1 897
339 276 13 566
32 2 55 330
80 2 7 1151
123 71 29 14
350 165 25 687
496 58 37 566
332 173 43 848
674 285 44 894
138 127 26 388
754 224 8 843
86 299 1 723
432 28 7 329
726 265 19 44
272 230 7 1129
50 159 27 1038
168 180 3 1036
42 296 29 85
178 316 37 847
394 147 7 303
660 60 27 570
613 117 13 516
290 84 1 233
291 275 13 969
42 145 19 365
324 180 19 603
693 160 25 416
592 212 37 853
29 33 17 169
288 104 37 430
214 222 4 926
188 222 19 152
544 182 31 939
634 143 2 903
626 10 1 1127
754 195 32 1163
202 191 3 1122
755 10 40 1165
697 133 53 1111
459 8 13 208
263 234 20 957
322 55 39 900
532 70 13 1081
526 223 4 491
689 134 21 572
448 48 13 339
592 200 17 10
348 255 1 210
78 292 46 703
1 41 37 443
625 237 11 594
590 255 4 210
255 218 7 993
575 72 44 673
245 204 31 931
106 65 8 92
558 298 7 995
268 51 1 913
384 155 4 389
54 130 56 1046
2 116 7 132
366 286 19 423
394 14 31 768
163 196 1 1037
99 147 55 258
93 82 13 831
650 227 49 528
611 91 21 994
138 298 15 420
275 320 7 32
204 134 31 921
488 197 7 690
292 82 37 478
57 87 7 1149
536 215 5 654
79 111 13 627
44 29 31 909
154 78 31 954
282 138 50 39
375 150 39 381
454 226 7 919
74 255 49 357
782 54 33 471
134 75 17 1013
352 16 8 742
170 44 26 1076
590 253 25 717
698 37 19 799
102 20 19 22
439 319 17 532
561 262 43 999
110 231 31 309
603 37 8 492
65 216 13 242
129 279 19 766
762 12 1 1180
762 117 15 205
593 259 25 286
628 168 37 300
539 190 32 206
791 182 19 624
175 285 7 145
479 246 2 1198
711 172 44 761
141 226 25 958
74 242 3 1032
41 1 13 1
10 57 11 69
573 82 13 478
233 239 16 1168
27 21 1 705
187 264 40 569
386 113 31 825
281 100 7 275
348 3 25 374
211 32 1 249
704 283 1 891
331 175 49 23
620 254 35 151
617 208 15 1081
158 58 44 570
763 109 34 54
786 97 7 46
681 5 27 165
639 191 5 802
666 3 29 523
549 35 20 542
409 99 37 1030
761 54 19 321
372 118 22 1100
82 129 10 520
252 5 14 945
268 79 31 586
658 234 23 957
648 95 11 996
611 40 1 925
78 156 31 929
72 145 3 735
684 54 15 396
178 105 25 123
506 209 43 203
745 47 28 972
650 206 55 43
125 234 33 957
438 183 37 824
653 30 25 722
736 139 19 255
489 62 9 479
361 29 16 558
690 116 46 97
512 159 45 959
405 85 11 268
90 7 25 1000
791 258 56 350
37 8 11 635
709 161 13 502
219 28 13 771
339 168 7 133
122 25 11 180
77 133 13 309
197 73 43 634
528 306 16 452
671 113 55 547
52 117 49 205
510 235 26 53
452 78 10 930
503 171 52 189
608 107 45 886
692 214 25 495
253 271 19 138
662 2 21 276
363 65 1 34
362 210 10 1187
113 13 25 419
784 60 26 227
555 65 21 689
522 135 19 695
691 277 19 193
36 236 2 1164
331 61 1 1150
450 34 1 915
700 158 13 26
473 134 21 40
300 90 8 251
115 74 13 66
491 51 13 913
70 116 13 132
655 260 33 684
777 80 34 504
191 318 25 613
783 151 29 732
745 142 3 664
144 169 21 469
380 255 52 210
32 121 43 1096
24 29 25 558
794 35 49 1084
687 214 51 121
767 313 7 574
200 266 31 977
435 223 34 491
179 234 1 248
52 63 10 388
481 212 14 777
93 174 7 614
565 9 5 551
63 32 13 297
736 136 22 1043
796 7 19 1000
587 116 16 132
431 46 1 778
71 12 2 810
575 65 31 1062
312 122 25 175
53 30 13 737
53 270 38 682
120 192 7 698
716 24 31 1040
542 180 58 284
16 40 3 837
558 143 23 930
16 81 49 749
614 63 4 104
292 300 1 559
616 234 11 957
483 150 35 698
635 179 10 686
214 264 1 569
312 181 13 180
357 22 1 219
121 183 22 824
670 203 25 477
423 222 7 926
365 272 7 577
260 264 37 936
268 264 34 936
748 56 55 249
581 200 15 819
323 161 19 428
292 65 9 608
217 225 33 348
590 301 13 583
574 211 19 213
424 2 13 911
522 64 35 76
205 19 40 856
89 234 25 957
755 3 21 579
239 257 37 96
685 209 1 203
368 155 10 782
42 64 23 647
728 147 8 387
674 294 38 25
143 42 4 821
25 275 44 1053
40 281 15 161
195 226 37 919
249 110 21 1130
707 95 11 232
423 172 20 631
200 138 8 907
503 239 1 1114
58 162 7 770
193 190 37 110
452 259 29 687
296 99 1 40
538 6 19 776
150 206 49 43
344 257 3 1001
779 1 49 1
449 243 25 264
220 303 31 775
609 243 38 191
356 134 8 129
548 63 31 994
106 228 31 98
624 181 16 180
107 90 31 456
622 217 13 711
98 103 8 445
38 272 37 442
617 251 55 1140
788 124 37 213
785 227 13 779
716 86 2 421
289 151 19 646
739 158 35 774
52 264 7 569
240 178 5 866
26 163 55 1098
530 109 1 459
275 215 13 421
729 86 19 28
689 164 49 441
172 267 1 1130
110 224 1 629
447 152 10 1054
137 198 37 141
525 134 26 1125
616 28 19 416
434 17 50 1089
30 15 7 320
545 251 55 821
541 283 34 561
446 233 13 1150
252 232 8 168
87 212 13 1042
257 17 27 315
627 25 11 846
744 135 31 786
414 276 13 271
34 226 31 919
413 233 49 19
571 90 20 69
127 166 7 362
677 155 43 782
418 153 19 1177
107 193 25 434
681 288 15 719
597 29 34 909
63 127 25 127
309 273 19 1035
38 238 2 1190
649 76 17 971
346 178 1 1048
8 222 10 926
466 213 7 754
39 32 34 1053
213 303 33 1132
399 8 23 1094
562 104 27 1192
585 90 11 1144
772 239 4 440
161 83 19 885
133 308 49 851
485 169 26 564
238 56 31 330
395 211 13 9
135 45 7 948
88 187 45 380
591 285 1 931
114 15 29 545
352 276 32 1098
389 281 43 161
243 265 27 823
471 196 37 185
553 32 5 492
393 101 1 492
2 146 17 1065
653 229 13 689
763 240 55 1133
585 104 25 430
779 198 5 261
691 289 13 311
245 205 15 570
87 279 7 95
270 105 11 282
47 253 34 717
369 282 43 194
400 3 21 777
75 261 19 752
421 47 22 30
554 258 8 815
761 77 28 222
514 270 19 784
448 238 16 421
788 208 31 518
478 206 37 176
341 304 19 898
256 293 52 505
418 196 55 492
219 240 38 357
137 130 1 296
501 140 8 250
321 20 25 1122
35 88 43 1049
28 59 25 1027
278 85 10 844
431 70 3 1081
709 191 23 1044
128 129 25 520
225 85 22 904
658 278 31 279
139 192 9 310
770 92 33 737
53 246 17 733
371 218 45 993
632 100 11 1006
253 160 13 1141
502 257 21 139
622 120 1 271
106 312 19 1115
456 191 43 950
421 258 51 274
123 296 21 85
211 86 37 902
395 163 7 291
645 52 25 1136
666 296 25 353
84 200 4 148
127 315 39 741
612 199 37 494
700 194 1 833
3 186 17 784
719 105 34 840
16 258 15 249
303 284 7 74
772 116 46 132
325 218 32 993
679 94 23 374
503 167 25 968
390 175 20 112
606 265 31 1184
62 148 38 963
300 6 40 619
117 227 19 961
4 206 31 176
109 73 19 675
526 239 31 297
387 55 9 822
583 234 35 957
265 149 51 549
248 127 19 127
260 239 1 577
127 279 1 69
344 184 19 820
347 177 7 248
219 138 31 538
495 16 23 184
520 106 10 417
387 111 23 121
224 299 22 209
86 267 15 1130
270 180 1 401
524 131 8 369
685 253 28 943
465 111 17 121
182 92 43 101
504 256 55 136
205 296 7 353
313 163 3 313
81 48 34 869
181 4 15 322
628 123 8 71
445 185 7 967
523 68 34 301
529 267 17 1130
62 94 33 49
125 5 7 307
327 79 4 470
571 123 22 728
416 111 4 627
774 274 5 96
689 251 1 646
284 209 37 203
331 71 11 383
681 227 21 164
515 120 25 517
641 133 58 209
532 52 15 213
118 46 19 284
258 72 10 205
756 184 13 820
79 267 17 935
651 48 19 339
384 258 45 610
623 288 2 312
46 314 44 628
301 230 1 549
323 253 9 943
36 312 31 1115
409 120 4 271
244 9 1 720
382 152 3 268
479 270 37 459
532 151 1 229
668 314 49 702
566 209 19 976
744 56 2 910
692 202 1 768
245 266 37 117
640 42 38 821
275 44 28 971
498 92 20 540
191 120 13 113
555 299 7 268
182 299 7 388
234 101 7 44
501 275 26 282
377 72 7 477
437 45 1 422
467 201 25 490
139 51 19 685
526 15 22 320
431 285 37 715
182 89 19 964
103 59 32 126
797 257 14 639
543 110 4 1041
316 298 1 938
507 234 4 248
85 231 28 1009
152 97 10 722
222 266 25 1175
686 197 37 438
411 28 31 697
398 300 34 731
436 53 31 473
335 56 28 989
100 268 1 1087
391 120 10 191
276 149 53 340
264 23 2 918
244 202 8 543
118 223 21 1003
609 314 19 628
38 252 31 223
214 32 23 643
683 183 51 824
741 299 19 1101
365 57 19 567
759 170 31 1044
795 79 27 223
625 30 49 304
615 79 8 45
465 240 25 576
796 212 1 1065
226 313 27 468
114 184 7 820
148 43 40 653
496 251 25 948
247 315 13 587
751 150 19 555
177 58 1 1170
354 66 44 178
487 42 44 1063
29 146 44 338
799 195 8 527
325 180 4 103
287 103 55 418
228 279 3 623
503 156 13 15
401 287 35 266
635 300 31 88
268 56 14 980
492 5 37 870
89 317 1 289
170 98 21 889
354 259 11 24
77 270 1 166
380 233 1 937
200 100 3 774
238 128 50 330
218 64 13 277
416 90 13 185
82 172 28 438
607 111 22 627
265 214 10 977
6 199 37 169
800 84 26 828
51 214 7 157
572 167 55 968
438 228 25 886
273 87 7 1160
366 84 25 1034
179 278 13 617
451 262 55 999
571 15 37 545
198 285 25 835
682 154 31 588
321 306 29 979
112 287 1 979
772 104 7 154
421 289 11 98
441 258 1 815
102 253 46 943
20 252 13 851
613 166 26 1112
477 120 50 269
793 172 1 439
101 54 19 803
231 287 29 728
405 204 13 472
53 85 25 50
219 130 25 152
116 84 10 1103
463 311 3 873
708 188 4 961
121 56 10 425
720 162 22 24
486 96 1 468
478 171 47 1069
685 221 35 942
66 255 25 357
425 135 7 419
546 137 33 343
347 52 14 1060
604 39 14 251
64 152 39 1140
432 11 9 489
509 184 16 820
481 138 55 235
410 267 28 935
380 312 19 996
665 246 5 964
31 312 21 1115
415 182 19 594
207 268 11 411
345 185 19 611
185 2 37 747
646 271 13 839
221 223 9 491
272 245 1 28
282 152 19 1169
228 246 5 209
142 128 25 423
537 89 43 729
328 101 2 514
164 301 19 199
453 118 37 704
748 191 11 1169
795 97 44 300
474 207 15 188
22 113 43 494
273 70 11 549
255 302 9 457
418 49 26 600
568 183 16 824
98 245 38 167
51 127 50 388
608 113 57 756
622 117 9 215
443 24 19 1040
362 194 49 1191
12 108 19 151
174 101 52 514
62 70 29 1081
481 153 7 356
632 156 13 928
203 197 13 774
210 316 39 847
479 101 26 929
641 152 17 889
781 251 43 150
58 282 9 194
361 148 25 1183
682 270 2 297
507 250 10 413
147 127 37 388
96 78 23 513
277 126 26 731
708 106 40 995
153 43 31 386
685 58 20 600
478 214 13 1102
280 54 5 402
152 57 5 1115
660 247 19 195
467 227 44 528
155 212 19 106
561 207 38 282
435 159 1 50
711 229 1 246
457 286 13 825
650 108 37 206
297 169 13 166
272 248 4 997
642 41 1 900
135 265 1 834
73 236 3 401
128 150 29 560
725 198 7 47
125 318 43 613
314 314 7 628
399 213 1 227
595 7 1 693
136 47 25 623
308 195 37 911
205 102 50 630
612 243 3 239
787 294 52 1103
710 75 20 678
503 320 10 969
225 53 4 54
323 154 43 769
92 22 23 464
412 120 31 269
688 163 25 921
541 226 49 958
89 113 3 612
210 302 27 1099
15 214 1 123
206 114 13 585
723 72 13 666
497 268 1 1108
48 282 37 194
790 246 41 447
139 32 25 650
741 88 11 1049
611 2 3 330
70 49 37 367
6 80 27 504
204 16 5 318
392 279 23 961
732 191 47 816
150 259 13 49
396 33 5 51
167 195 19 342
297 145 19 224
485 103 2 884
86 17 9 471
596 20 15 584
768 200 15 444
751 131 13 350
24 46 35 573
94 273 1 1035
176 275 49 460
138 38 8 1159
570 57 11 1115
750 313 27 76
276 277 31 911
64 316 10 1027
73 224 16 843
109 42 25 987
111 216 9 242
120 184 55 483
441 24 31 1174
354 46 5 573
155 102 8 312
170 91 7 746
517 302 44 852
54 127 45 127
5 149 11 340
417 106 7 687
562 187 15 337
84 144 15 1197
728 241 1 691
470 57 21 315
585 194 43 401
577 293 19 335
504 196 19 1093
35 155 2 728
457 199 20 569
759 181 13 156
599 151 41 881
570 55 32 777
44 94 8 308
638 66 17 1038
589 196 32 145
467 287 7 505
150 191 26 1103
128 61 37 505
641 46 19 362
589 20 7 745
176 29 19 558
745 7 7 693
428 194 44 392
108 236 27 408
579 204 4 515
718 308 44 915
427 248 3 1192
745 124 13 1030
103 15 53 545
253 104 33 1140
594 88 29 864
367 65 25 807
749 68 10 559
473 302 25 638
659 102 13 119
412 182 37 811
631 220 31 378
458 196 7 873
188 304 13 623
115 88 27 864
124 75 20 937
406 78 1 530
725 285 9 385
170 148 4 704
228 142 34 467
729 2 45 916
606 191 7 834
90 276 51 961
549 197 37 760
145 239 25 645
701 178 11 315
236 26 35 170
108 267 25 1130
496 26 11 1172
378 75 41 981
448 15 10 320
95 45 27 755
297 156 55 369
65 191 46 4
394 113 38 481
490 102 11 1153
93 120 43 1110
670 136 56 486
230 302 56 986
351 228 33 98
365 72 15 300
227 148 1 1076
335 110 7 41
459 266 7 117
436 317 16 767
21 112 39 897
131 249 10 235
398 43 50 786
611 20 25 961
96 33 5 857
130 102 11 967
362 76 7 1009
333 178 25 315
594 56 1 425
664 113 19 444
523 320 21 244
697 305 55 831
784 151 34 368
249 177 45 248
355 250 4 523
426 213 10 151
405 285 1 1066
791 152 7 290
433 248 40 935
521 93 25 834
94 267 15 935
665 231 46 309
765 178 4 50
169 58 26 494
480 249 5 200
720 79 37 451
38 217 55 711
459 108 31 523
654 290 9 1108
205 217 25 711
644 125 20 1053
246 3 5 1084
447 179 1 509
659 220 31 1094
153 78 22 1134
656 94 37 394
613 112 43 1012
765 193 25 641
364 211 31 1199
680 210 31 128
278 194 49 703
83 180 7 158
283 211 13 934
491 248 1 117
774 150 32 819
184 195 7 441
20 153 20 521
489 221 35 352
260 115 4 1067
326 159 21 996
330 64 22 449
460 35 49 438
154 45 44 902
317 114 15 602
376 201 11 75
45 320 28 969
373 195 8 794
108 83 10 579
792 228 17 98
656 313 31 1017
322 44 1 710
354 14 19 662
664 93 11 530
641 175 13 142
521 320 7 787
391 290 16 364
46 313 10 574
634 198 15 756
31 21 37 705
196 94 15 49
308 186 7 242
6 113 13 1029
443 89 37 1157
27 253 21 943
617 4 21 102
600 277 51 380
734 33 3 775
77 217 55 578
668 24 34 1174
226 320 19 767
141 123 9 751
541 250 7 233
558 303 1 114
111 12 31 857
714 267 13 935
162 140 13 440
153 258 16 1136
376 5 2 802
117 215 5 540
389 182 1 582
687 19 25 856
105 209 49 976
389 148 32 259
241 145 3 556
671 226 37 958
267 194 2 392
408 76 1 197
534 197 23 198
386 312 35 1115
615 133 1 631
48 15 19 320
10 179 16 88
234 216 55 242
231 258 39 313
683 121 7 480
222 224 19 888
306 257 31 766
244 279 25 505
100 20 49 435
604 215 19 246
47 53 3 174
21 18 25 102
777 37 55 731
203 267 11 935
529 201 35 765
438 23 32 1004
492 4 31 457
641 97 1 407
295 134 37 31
119 249 1 235
232 259 26 552
206 51 10 685
169 296 49 353
68 207 55 97
766 229 22 586
198 289 23 519
205 84 2 535
358 4 19 312
399 42 27 1061
540 171 51 1069
466 202 32 948
537 28 8 544
175 47 25 160
327 256 20 33
630 71 31 1056
10 159 8 1038
104 42 34 1026
490 194 27 48
484 36 31 797
192 210 37 1110
730 264 4 936
382 66 13 808
793 213 4 155
373 296 15 353
537 315 21 587
295 127 4 127
226 40 17 765
329 147 10 384
404 16 15 41
231 249 7 235
635 144 17 728
680 99 55 411
319 92 43 19
465 133 22 536
19 152 23 406
677 44 22 7
490 79 4 987
381 248 44 997
5 235 1 503
340 104 32 1028
271 263 31 14
420 70 43 1081
336 224 37 888
330 298 43 88
448 2 39 420
320 51 43 913
520 304 1 465
345 79 13 295
267 200 49 236
497 295 43 321
640 242 25 126
706 176 9 1001
191 149 7 340
213 43 13 1124
792 235 5 805
206 85 17 553
151 216 39 1186
111 66 39 397
29 210 46 1083
467 97 4 709
563 240 43 211
616 271 39 991
748 204 39 1046
14 66 2 226
477 10 4 1127
379 180 59 603
235 191 7 833
530 70 49 549
266 69 7 1075
355 70 7 1081
168 195 21 608
661 202 13 571
117 9 31 320
304 16 1 268
749 293 19 546
518 212 1 228
734 206 13 43
297 26 1 1034
466 245 40 365
398 53 37 6
697 269 13 916
122 268 17 1033
596 276 31 58
531 17 1 5
624 196 19 858
602 154 16 96
413 15 28 320
11 314 49 628
105 189 39 148
349 55 1 398
582 19 39 456
118 311 7 625
388 103 1 436
215 103 44 742
276 263 55 353
595 302 20 457
417 132 31 944
417 50 25 635
407 266 25 781
191 52 16 400
506 74 55 727
474 66 5 64
267 245 15 1019
444 109 10 680
27 67 13 983
736 226 7 958
438 57 29 242
266 115 23 335
243 70 37 549
617 187 5 789
108 163 44 423
309 211 43 646
28 188 51 510
439 155 22 236
109 7 13 693
616 205 32 191
317 168 43 652
218 156 38 40
193 239 50 887
663 194 3 710
244 193 31 358
145 149 5 549
417 160 43 939
404 65 7 732
125 256 49 725
214 134 29 957
535 301 37 1123
220 124 8 1141
507 275 13 1053
570 155 13 1192
721 200 1 350
308 123 20 684
38 59 19 573
21 149 27 340
118 178 31 740
661 73 31 675
301 59 37 435
43 277 28 1080
767 74 58 619
21 55 9 327
576 131 13 1147
267 205 29 211
783 69 11 133
774 303 1 499
468 148 37 369
687 114 56 777
59 133 11 740
767 46 16 630
452 94 17 996
96 283 52 225
15 314 19 702
190 64 1 211
554 221 32 798
689 8 19 497
716 172 37 792
566 133 25 394
771 107 38 79
217 141 49 338
412 320 49 928
273 138 45 168
574 277 16 360
109 137 7 779
278 152 15 290
468 205 8 113
206 132 19 282
783 260 13 201
350 141 19 295
136 6 13 757
410 123 3 1119
735 6 15 78
467 265 49 283
240 128 10 674
106 139 25 415
46 318 25 685
609 316 43 847
620 308 1 609
428 122 19 802
251 53 4 117
37 240 25 1157
321 50 13 267
567 81 26 648
220 265 55 44
540 129 31 520
561 145 7 935
386 278 52 279
740 3 11 716
116 126 43 416
486 113 19 219
20 316 34 1027
758 199 13 237
678 203 8 884
73 287 37 420
227 93 14 521
430 17 9 367
688 156 20 1096
629 252 13 1146
5 243 21 264
324 4 1 347
146 173 20 1194
474 292 29 140
617 60 26 925
174 44 11 913
362 40 25 48
659 85 50 119
24 220 31 776
226 246 32 291
561 196 3 444
746 113 56 896
362 2 1 473
373 165 37 880
42 66 13 347
410 257 8 304
183 95 41 232
97 37 45 1128
765 229 31 193
763 269 25 129
310 313 25 1026
190 74 22 18
691 46 7 1121
285 107 9 172
651 15 45 545
657 143 19 1084
623 139 47 255
263 83 39 1128
75 5 22 400
635 182 1 115
101 156 21 1065
335 238 19 380
130 259 1 1141
426 255 13 357
57 25 37 974
214 230 37 1129
238 131 20 731
23 120 44 207
395 53 27 127
745 206 56 176
71 275 20 716
634 165 19 240
531 78 25 366
778 304 4 1178
436 127 45 388
624 9 23 74
178 135 1 610
541 224 43 1060
676 123 28 262
461 119 1 1106
335 26 37 749
446 186 29 904
302 185 25 689
701 6 32 738
611 301 37 241
386 64 17 995
721 135 26 911
769 130 39 1063
778 214 19 157
668 179 37 716
308 82 1 831
510 13 43 994
596 10 52 1127
85 70 49 1081
561 31 25 1198
108 320 1 311
82 179 45 686
448 139 37 415
260 187 11 301
115 51 43 685
23 127 29 388
200 176 43 703
220 122 19 399
114 111 55 627
568 188 31 724
785 160 2 795
152 70 31 1081
102 283 50 238
424 210 4 984
425 93 11 677
444 140 37 157
513 59 43 435
456 81 56 974
147 105 8 389
315 316 47 847
35 255 34 210
648 285 33 379
67 314 55 702
137 85 27 284
170 100 29 414
432 316 44 1027
474 8 10 940
247 154 3 604
445 221 5 435
307 310 3 273
740 76 3 126
456 314 13 702
767 200 13 819
310 182 8 624
515 287 13 447
410 187 14 798
587 60 49 1153
561 203 31 1084
555 147 25 258
192 194 45 48
372 272 25 261
626 231 16 762
50 40 17 653
3 24 7 1174
360 108 45 814
509 70 19 1081
760 263 26 436
435 130 26 560
486 309 43 292
531 109 22 472
777 165 7 1170
788 200 1 106
571 133 14 810
415 231 25 713
640 282 13 194
153 18 25 1044
628 104 27 1007
18 305 25 855
187 140 13 1018
339 106 22 820
351 16 35 845
562 215 10 961
86 50 25 180
492 37 2 707
497 138 50 369
285 37 3 848
477 106 1 135
56 290 1 872
755 47 14 787
362 100 29 185
790 135 1 662
726 164 37 15
96 6 7 642
278 153 44 563
320 15 41 320
680 26 17 686
78 212 2 731
45 236 9 404
129 286 21 113
155 103 13 234
407 168 7 409
688 215 43 557
544 79 16 311
264 317 17 1183
757 246 37 299
83 162 32 9
148 296 37 353
645 6 56 757
736 170 33 1104
797 137 21 682
645 91 43 661
777 156 20 660
695 313 51 110
115 21 29 705
729 174 7 716
254 93 25 207
120 146 13 135
219 114 55 1013
294 198 20 217
118 14 3 1021
136 162 7 1138
81 198 5 340
376 204 27 1046
24 213 16 972
63 312 33 1115
577 195 45 911
598 314 31 702
21 160 21 795
419 315 37 741
598 113 55 1087
731 85 56 464
124 130 46 572
496 33 13 554
241 132 38 329
445 205 39 703
229 251 7 682
537 164 37 354
474 4 31 673
240 280 1 160
449 13 39 796
73 195 26 138
239 173 10 1194
554 158 5 31
557 8 29 250
372 93 2 803
370 14 37 145
113 252 55 260
264 278 15 617
775 173 49 418
501 255 31 210
119 61 20 1150
249 244 13 1154
423 49 25 367
137 105 35 440
457 235 23 764
433 263 31 555
197 184 31 483
686 153 7 481
407 220 19 302
387 84 49 16
179 220 33 708
769 289 11 954
664 269 7 28
790 142 9 76
180 306 23 452
626 214 43 660
63 220 19 848
397 64 49 961
47 133 17 965
217 260 1 622
678 135 55 227
245 315 25 587
84 103 27 884
759 79 10 169
58 49 45 1037
537 234 11 248
219 45 43 451
215 263 7 898
111 193 19 845
366 1 7 1
743 215 23 344
440 40 23 765
698 81 9 763
288 267 45 1130
301 201 23 96
748 220 19 1089
83 11 19 438
694 19 1 1059
389 107 25 215
522 158 29 513
126 36 55 1011
786 134 31 617
54 90 1 598
161 148 49 411
597 154 14 487
749 297 35 178
641 68 7 124
623 15 15 545
691 109 1 1115
660 161 37 9
307 253 10 717
325 105 13 455
86 150 19 819
39 48 40 339
267 190 7 990
592 46 41 985
517 206 31 43
114 254 32 1105
536 298 31 423
502 71 4 784
130 34 22 965
568 221 11 855
594 244 14 925
393 187 23 352
232 113 37 105
465 143 20 626
339 69 25 616
411 212 19 228
358 137 31 106
613 143 20 791
653 31 55 1177
199 296 3 85
60 182 19 1110
424 200 7 621
592 169 1 984
235 96 31 784
148 59 1 660
151 174 19 606
77 190 15 60
17 126 19 1155
15 190 50 883
526 16 49 762
113 147 13 1194
452 84 33 911
313 258 9 271
127 171 23 1069
117 105 23 711
228 174 49 165
311 70 1 1081
306 284 19 74
378 121 37 88
296 18 23 1147
390 120 13 826
610 84 19 874
633 215 4 411
326 188 16 505
76 249 31 200
261 315 47 741
338 113 37 126
49 77 4 222
141 253 1 943
725 86 33 742
209 8 1 337
290 146 43 977
159 285 37 482
472 254 5 806
645 113 1 481
342 70 9 1081
35 124 14 1086
756 95 29 232
46 247 19 475
545 94 8 597
71 162 14 63
41 139 32 255
719 35 25 1151
164 313 34 1072
524 161 43 845
269 173 3 1120
462 168 56 470
86 217 39 578
139 240 57 686
60 310 45 261
197 242 7 906
189 160 25 795
23 241 25 507
584 143 10 802
183 42 49 526
737 17 14 896
481 25 41 764
279 313 37 51
93 200 22 10
760 287 9 266
786 180 25 1073
51 232 25 68
664 271 37 930
665 124 7 493
17 120 7 517
593 218 14 838
406 97 14 784
359 111 1 627
145 189 20 948
37 307 15 664
163 223 37 491
454 125 13 914
212 57 31 90
356 195 1 441
781 72 1 151
42 80 43 504
747 108 43 582
292 168 25 904
417 277 5 854
350 250 16 413
22 187 10 83
635 76 7 677
775 127 37 127
569 189 19 278
274 211 19 833
363 137 44 289
303 232 38 1034
130 68 46 124
107 145 39 556
752 309 37 325
392 236 45 404
689 195 7 550
485 117 13 235
783 113 19 760
361 62 5 876
57 260 4 644
742 194 19 296
6 21 19 388
658 271 33 1097
337 117 1 27
13 57 16 69
372 47 19 637
703 29 26 909
647 292 17 703
557 105 9 829
694 194 55 994
455 46 11 1111
465 317 8 635
36 239 37 441
338 242 27 874
569 40 5 653
339 148 32 67
14 153 45 733
357 106 31 687
365 36 22 1011
188 181 7 156
324 198 14 497
559 152 34 657
708 191 7 318
201 149 41 340
370 44 7 803
751 207 15 612
660 133 22 914
602 295 55 462
675 213 1 1071
695 136 3 622
404 66 5 282
338 223 19 491
721 9 14 718
729 124 37 411
416 222 22 152
344 179 25 516
210 304 45 314
643 57 26 389
53 8 43 784
488 81 1 573
299 95 35 232
169 277 2 1023
383 143 8 644
643 129 14 520
518 312 43 1115
546 293 50 1156
714 69 50 1075
79 172 40 902
314 237 1 33
660 202 1 1104
770 98 7 925
215 19 31 366
494 71 5 632
480 271 26 241
374 244 13 415
667 98 27 87
287 213 27 45
324 101 28 779
800 266 49 629
623 86 40 131
780 254 28 50
278 261 55 935
71 216 49 242
29 115 31 1029
767 140 25 473
124 275 31 903
161 99 25 1113
493 168 49 1126
765 119 44 956
677 79 8 93
605 113 14 382
75 255 43 357
584 313 31 1180
503 98 4 1076
127 213 33 891
630 313 37 314
63 35 15 754
384 2 19 856
163 190 31 179
369 223 16 491
242 98 4 231
179 258 27 442
519 256 49 553
573 215 5 344
728 110 17 758
258 245 7 908
378 168 19 128
172 149 43 549
509 31 26 363
323 125 15 196
662 317 31 598
605 161 39 838
656 105 19 956
546 100 28 951
356 47 16 711
350 106 8 537
212 134 5 151
623 122 26 521
469 231 25 728
191 270 56 1153
286 312 51 1115
489 150 2 914
153 64 11 787
359 152 49 496
151 146 8 622
559 76 20 838
506 54 1 908
673 77 21 206
40 87 49 1149
246 21 53 705
501 103 1 742
413 75 11 324
518 9 22 331
25 125 51 813
612 152 22 1138
140 94 35 716
582 193 43 991
305 170 1 678
534 233 49 557
438 288 7 1052
124 176 27 546
359 147 13 1092
619 257 2 342
266 222 45 926
631 292 35 703
483 117 55 532
190 59 43 305
703 268 7 951
626 128 25 661
505 79 25 358
583 69 19 467
140 230 45 1129
425 197 13 1096
193 171 31 1069
1 93 1 994
336 297 33 18
173 105 35 389
223 260 23 116
370 191 2 1184
11 93 31 203
511 39 1 644
727 84 43 1034
452 247 19 458
72 214 32 563
747 96 31 344
248 299 1 426
649 100 5 823
183 196 13 293
114 92 25 937
684 228 37 98
205 196 9 293
681 289 5 450
9 248 22 432
262 8 19 289
212 270 38 1117
549 121 25 966
499 289 4 59
513 102 23 546
604 26 26 1120
638 299 55 1151
13 248 43 34
272 6 34 271
66 139 58 415
771 67 19 488
425 121 49 671
430 69 22 133
698 130 15 949
529 221 43 844
93 257 2 1145
596 134 29 129
199 39 10 252
335 16 10 872
773 107 19 191
51 158 10 581
621 46 32 581
84 134 13 979
146 181 34 180
353 72 7 365
41 208 37 518
188 283 10 399
170 238 31 1007
211 282 25 1035
134 148 7 510
199 20 21 745
92 178 17 883
493 177 19 1148
500 151 35 31
253 141 50 316
636 159 26 547
402 81 16 725
408 171 29 189
104 160 43 473
682 281 25 161
591 18 25 912
105 251 19 337
77 20 19 524
247 126 32 890
789 297 19 868
249 75 17 924
65 270 1 822
737 243 31 820
754 32 40 854
381 36 28 1011
655 169 4 1162
59 53 15 372
527 217 20 578
597 162 1 84
571 292 41 703
245 190 51 766
309 45 14 620
332 51 16 913
440 71 57 380
667 131 17 369
379 149 37 340
565 14 39 768
743 66 19 677
493 285 25 195
677 242 53 699
127 51 19 913
645 309 31 906
174 137 25 1097
497 271 20 101
700 156 55 641
263 51 34 913
135 174 43 871
490 159 22 367
150 86 31 1009
217 64 41 563
487 40 47 1090
702 125 1 381
338 55 7 929
233 133 1 1111
782 270 21 461
725 307 13 314
175 205 11 236
477 140 7 1191
610 288 44 120
335 53 44 842
489 267 37 1130
415 291 13 842
229 67 13 11
316 258 33 823
419 312 45 1115
170 82 37 831
508 95 57 232
456 200 3 1140
459 84 44 152
195 134 35 43
492 299 7 1101
462 63 43 63
369 15 35 545
297 157 43 208
326 271 25 237
798 152 32 1100
44 233 13 330
411 89 25 930
768 243 55 302
412 143 23 9
726 165 7 400
766 46 31 301
281 11 25 489
245 215 7 557
461 301 25 1128
7 204 31 815
12 240 9 960
209 83 13 508
483 120 38 207
67 207 1 753
649 274 7 439
77 125 37 914
177 151 26 8
50 110 31 971
698 269 39 672
794 229 37 586
627 172 28 439
213 72 22 869
472 303 49 843
281 296 1 85
1 120 45 184
55 45 7 902
320 8 37 828
467 50 19 812
763 8 14 413
754 242 1 1133
693 100 13 738
789 133 23 666
792 154 44 1188
579 268 17 20
619 173 28 806
33 142 16 261
460 260 40 212
315 3 13 765
516 318 22 613
716 128 49 280
359 225 43 397
524 22 1 1168
59 177 49 1148
728 109 52 942
449 33 5 243
52 145 46 138
595 200 29 1017
93 236 31 408
661 109 1 683
158 71 19 975
112 181 49 180
730 75 58 86
14 168 13 661
136 123 9 1020
377 138 37 711
127 121 3 953
126 311 37 200
367 270 39 151
503 4 39 322
247 274 40 219
758 295 38 724
75 221 4 459
348 293 49 840
291 55 43 527
690 66 4 397
230 299 28 167
37 183 55 824
431 304 49 1189
537 201 16 858
374 188 28 16
785 181 7 180
700 235 5 190
137 216 31 242
407 166 13 417
504 22 11 762
423 188 31 86
58 186 28 413
603 173 2 855
765 311 21 245
196 312 25 996
768 154 1 536
588 91 13 371
415 107 49 761
79 27 7 578
579 161 7 984
757 47 7 863
178 42 16 947
669 214 37 1093
155 51 28 913
732 118 25 1193
420 252 55 416
333 135 43 400
728 44 25 698
600 28 40 508
655 215 2 1072
101 159 25 979
530 200 25 148
248 121 25 960
283 132 19 334
781 256 49 1037
533 272 49 393
379 231 19 1156
182 239 38 579
164 269 55 822
693 98 8 171
537 112 31 1169
570 212 43 519
733 175 7 1176
375 308 32 198
396 196 43 779
218 36 43 1011
418 313 14 1072
660 235 5 203
476 114 31 602
10 299 1 954
181 114 49 1188
422 294 56 749
544 126 43 131
269 192 55 704
525 238 8 77
517 28 5 211
530 125 9 196
155 180 41 356
641 86 4 42
524 310 31 877
171 70 23 549
769 310 3 543
334 302 31 515
32 170 40 217
688 150 10 595
465 207 1 36
782 115 11 416
521 256 43 783
382 31 44 918
45 249 46 235
774 113 9 392
632 239 25 640
241 84 7 867
88 164 21 1189
432 227 49 1122
92 87 19 1149
89 250 27 1073
655 170 20 1113
209 295 49 12
726 103 44 870
786 144 28 344
305 66 10 64
401 142 40 169
96 126 19 687
535 59 49 610
377 42 31 1161
224 169 19 45
742 47 7 52
493 59 43 52
553 131 29 43
449 248 33 1047
424 289 17 816
454 291 25 113
605 109 52 578
99 35 13 1120
126 239 25 314
557 123 50 320
421 33 41 698
11 173 43 497
376 44 32 1182
580 293 7 444
722 239 4 225
187 57 8 90
623 254 38 618
449 52 14 889
698 165 51 98
750 128 39 280
36 82 25 831
508 305 31 965
165 181 44 156
764 281 55 161
433 282 25 194
115 38 40 640
701 25 3 1200
306 139 47 415
577 71 37 496
101 148 43 214
770 211 1 467
767 310 21 1176
386 164 25 81
236 194 19 599
18 20 31 524
33 263 31 220
43 40 11 400
394 3 25 905
38 6 15 1058
459 301 25 809
750 61 20 630
761 188 34 779
250 204 49 285
345 61 37 1070
197 31 26 1177
191 17 19 1126
789 306 25 452
204 71 33 332
641 205 51 1053
239 213 1 1075
340 146 14 572
300 60 1 314
601 41 19 805
687 48 37 869
702 120 14 863
754 193 50 272
422 115 10 1009
298 90 47 320
652 164 13 354
515 179 15 552
511 38 14 45
91 217 52 711
143 90 25 320
396 91 26 377
659 198 19 277
736 13 45 299
629 13 4 175
293 236 15 761
785 190 19 53
304 271 49 101
117 188 9 390
729 129 34 520
548 192 43 411
387 250 46 1066
674 13 13 960
514 242 55 31
282 99 1 800
687 236 16 1098
173 152 1 889
534 108 13 782
210 35 55 175
40 151 33 855
173 76 17 391
351 35 13 1131
611 239 28 411
647 55 38 58
642 238 37 50
418 64 5 958
35 154 10 96
193 257 27 96
248 286 14 696
756 126 7 140
489 242 11 956
692 59 32 34
559 90 7 1117
533 50 46 95
204 264 40 936
62 20 7 198
552 83 15 215
511 153 43 1179
236 40 14 918
48 121 45 955
338 70 25 549
724 232 33 1088
691 302 49 935
312 219 46 336
165 31 21 1196
252 162 23 573
770 49 39 250
385 299 10 433
650 115 27 217
732 83 28 499
402 15 51 545
709 175 2 1101
764 215 4 607
179 118 9 1140
305 96 39 950
352 94 16 679
321 126 49 600
226 120 2 269
317 36 7 1011
671 163 15 291
361 222 31 152
144 196 25 599
485 81 49 1140
378 225 55 971
116 56 49 1135
239 13 19 392
97 46 21 1111
637 315 43 587
94 217 7 711
557 54 5 1168
793 307 37 646
705 205 15 208
395 158 43 364
699 231 49 428
203 253 34 943
379 173 27 848
78 48 37 339
435 2 43 318
201 259 43 687
453 163 33 321
358 68 26 124
579 31 13 1198
570 306 39 979
783 276 7 1043
467 274 28 113
693 146 29 590
43 138 7 1015
190 270 3 983
195 231 22 309
155 22 11 462
676 45 7 620
406 317 19 581
790 94 49 394
11 180 17 1158
480 265 15 960
742 304 34 658
311 318 46 613
615 20 32 417
395 59 2 697
89 168 37 257
280 193 1 382
64 300 16 714
382 257 19 535
577 16 23 695
426 197 43 160
578 99 1 1132
778 150 11 698
433 289 19 84
689 202 32 1124
717 224 4 843
323 61 26 375
31 119 13 108
493 245 13 331
30 25 13 55
31 179 7 1025
394 82 19 478
307 233 43 330
559 69 29 764
373 186 25 121
753 194 37 164
295 178 2 112
315 74 31 484
495 256 43 17
571 29 1 558
745 210 38 1187
254 60 56 573
444 72 44 434
473 76 59 1054
20 264 55 569
281 278 38 617
233 297 11 853
539 151 11 8
356 118 25 409
711 283 50 891
309 223 31 491
669 161 50 1077
31 18 5 1147
449 4 1 260
355 179 10 509
475 151 1 709
533 320 28 867
188 53 34 849
364 17 4 237
440 11 7 637
56 300 9 496
190 174 31 449
404 67 55 842
715 22 17 724
712 35 49 739
555 155 31 82
657 320 22 28
518 254 55 1065
164 111 9 121
508 318 28 613
175 68 37 602
739 135 31 412
13 74 13 1153
233 184 13 483
24 54 3 147
119 238 15 932
706 161 1 153
38 171 26 1069
734 91 50 913
695 71 43 444
70 176 7 586
60 168 37 530
193 290 22 917
4 297 17 178
323 90 31 806
613 55 32 614
663 14 19 1022
123 230 57 549
639 288 13 791
662 307 51 366
387 46 4 386
486 91 13 91
652 127 17 127
619 133 5 13
72 40 29 653
738 200 16 950
505 109 31 53
372 156 37 1050
750 179 7 72
62 76 17 908
516 317 35 469
152 81 19 1071
253 136 43 758
49 131 7 500
585 229 22 36
180 305 5 3
563 276 52 1172
705 33 5 595
618 303 55 775
110 26 5 718
461 270 49 151
98 250 1 23
364 52 28 635
367 190 13 773
409 261 31 589
169 54 47 994
799 16 14 644
314 149 13 340
780 123 43 602
162 197 5 963
548 212 49 1042
195 67 55 845
701 95 39 232
61 261 19 989
512 309 37 798
673 278 39 279
222 9 11 589
305 271 16 1192
101 40 10 260
306 209 13 976
358 276 43 885
301 74 45 383
489 297 25 178
597 176 40 428
519 17 55 5
605 84 55 762
218 241 25 534
716 164 27 428
498 197 7 769
306 241 43 79
50 315 44 741
735 245 43 601
453 141 43 946
397 155 1 75
1 123 22 1119
266 8 40 589
203 125 50 126
222 187 13 593
295 270 31 1051
621 75 5 495
484 246 17 539
299 195 44 54
640 160 8 723
14 150 21 1152
220 304 37 767
107 34 33 268
505 163 15 931
553 275 49 967
590 76 8 197
560 86 25 28
664 268 17 951
368 279 23 498
132 16 15 996
482 291 34 795
720 11 43 298
557 197 7 1096
100 185 3 303
538 222 51 152
81 297 28 353
270 100 35 1094
565 162 7 662
648 156 27 1044
160 116 34 97
526 232 27 1030
551 20 13 872
142 85 28 516
213 41 19 589
394 26 2 3
700 4 7 112
42 35 25 729
158 248 3 619
779 102 1 1039
549 182 43 136
615 293 37 653
59 263 25 1155
742 191 11 503
560 305 11 691
1 143 19 655
364 122 21 1036
237 263 21 378
603 136 13 547
656 91 8 166
633 128 31 644
354 310 39 552
40 54 13 485
401 167 49 317
219 235 10 164
148 301 7 1145
731 182 1 453
634 275 25 461
738 114 38 585
714 227 44 1162
48 18 7 269
213 298 43 206
350 143 35 123
318 91 25 721
786 245 49 252
771 101 3 73
603 234 37 957
706 188 20 692
319 216 19 242
177 206 13 176
257 32 31 543
612 134 1 1125
429 109 40 851
110 2 7 752
111 298 2 867
104 20 22 1142
135 249 17 200
79 221 29 1075
436 247 51 973
175 172 31 761
299 22 11 1066
535 220 20 1009
203 54 31 282
64 99 55 76
477 297 17 444
177 179 19 24
378 170 4 30
426 32 23 297
117 237 35 722
755 315 23 587
329 148 34 723
4 302 13 1099
262 307 15 87
336 85 26 1173
646 285 7 835
740 227 7 272
610 235 7 346
635 60 13 1073
676 263 38 56
355 87 20 1160
143 213 27 1133
536 96 1 862
265 249 5 235
298 53 7 30
95 236 4 60
147 114 39 850
431 108 31 119
44 40 20 798
365 37 2 576
427 307 31 593
578 171 53 1069
554 143 35 173
71 153 44 790
246 85 15 1008
118 319 1 947
554 5 57 428
434 259 21 1007
766 200 33 236
308 285 43 28
611 152 13 290
535 177 25 1148
162 78 11 44
69 140 50 733
518 85 5 464
566 77 37 1069
403 250 1 97
729 130 22 718
61 135 1 173
526 85 7 1044
235 126 55 320
777 134 17 97
131 112 27 1012
230 97 43 709
525 45 19 902
709 244 44 272
340 227 37 573
587 203 31 895
324 6 37 84
299 320 20 969
501 270 19 867
586 301 49 823
691 225 21 615
24 214 10 52
420 149 7 549
316 186 25 1106
334 173 16 647
99 66 20 821
575 148 3 618
622 198 7 76
742 136 55 347
489 77 27 740
340 121 7 383
296 74 26 1070
253 92 2 851
420 283 16 978
564 41 16 891
675 128 4 740
160 143 41 831
3 149 23 340
521 54 23 151
443 93 13 203
779 231 33 1089
185 253 13 943
718 65 50 811
443 284 43 74
222 99 49 529
644 245 37 306
400 138 31 1118
562 40 41 646
697 110 11 517
287 254 53 1098
586 16 5 967
560 203 45 727
149 212 25 982
577 60 7 718
568 214 34 640
17 60 10 871
572 138 50 1118
294 26 4 375
598 45 19 364
389 56 49 425
546 241 7 62
596 45 19 811
443 18 5 973
146 169 16 30
609 232 8 826
302 152 41 663
785 109 33 24
302 75 15 493
186 241 19 953
572 135 15 173
467 190 32 376
111 202 25 164
256 294 49 608
141 131 13 300
481 100 23 1144
549 233 14 1162
744 310 26 1199
480 236 19 1004
212 253 43 943
414 229 8 337
653 44 47 971
572 308 25 220
196 156 7 1028
103 86 7 1125
402 110 5 775
349 137 13 944
471 286 19 409
125 86 13 746
476 70 27 1081
512 6 7 206
112 293 13 266
226 41 7 462
44 52 28 522
619 319 37 199
208 24 34 1040
766 157 3 185
209 302 43 442
216 251 13 441
771 113 25 770
743 198 7 282
428 196 37 302
373 204 21 208
647 40 53 555
486 51 37 913
551 63 19 987
578 4 38 296
727 29 4 558
378 166 13 454
291 63 22 63
256 23 14 163
408 122 26 254
318 54 35 610
746 295 50 623
321 114 43 961
657 146 5 841
376 289 5 409
523 213 49 1176
437 24 37 1174
663 75 7 678
775 53 13 473
400 242 7 39
710 153 13 926
779 235 16 929
723 68 32 124
639 227 1 801
191 175 31 413
529 119 13 1070
564 56 13 527
763 285 49 826
743 115 1 1011
606 169 2 32
512 301 1 284
521 224 13 88
207 313 33 935
184 50 37 1171
608 229 7 1135
301 293 8 245
324 297 17 603
105 88 47 1049
514 318 50 613
130 106 43 467
463 94 34 394
89 301 7 583
663 66 10 1138
194 96 14 1002
711 130 28 572
770 170 43 362
602 245 31 698
502 12 17 242
738 142 21 1145
495 135 8 285
476 317 9 1196
231 137 13 937
202 184 19 483
574 30 28 845
580 2 13 688
785 16 41 526
383 268 35 905
36 117 19 659
631 188 7 696
772 304 16 137
528 20 44 745
48 22 43 1066
106 245 21 146
256 13 29 685
609 7 1 1000
490 158 31 318
500 40 13 400
329 304 37 3
524 257 4 1109
498 232 45 199
709 19 25 819
706 283 13 963
528 31 19 720
19 22 10 669
438 86 21 183
373 265 43 44
781 161 37 247
5 267 3 1130
735 283 46 378
543 111 25 627
522 189 44 787
647 274 44 896
403 134 14 871
450 221 5 433
524 113 13 709
134 11 2 1019
748 145 7 556
764 93 1 521
737 93 46 356
683 52 34 854
564 202 32 212
420 82 31 478
510 97 40 709
346 9 53 838
246 12 23 845
206 253 58 717
50 43 13 1195
427 178 11 325
760 305 23 114
51 300 34 99
738 271 1 490
769 89 31 807
739 133 7 1000
311 310 33 653
619 212 15 671
184 217 4 578
29 227 13 423
168 3 1 777
743 297 17 1200
648 294 7 720
507 115 8 1166
712 128 9 755
261 308 25 803
780 259 14 701
620 42 37 165
425 142 33 147
279 70 47 549
758 233 19 179
488 201 29 206
103 109 28 251
414 101 27 821
42 230 55 1129
350 248 52 589
182 316 55 1027
384 314 7 702
277 161 43 153
331 2 19 330
248 79 4 192
108 314 37 702
231 261 49 966
755 313 25 206
404 118 19 1120
531 36 33 1011
626 117 55 527
477 130 20 775
156 92 32 101
162 287 55 616
297 210 22 125
796 162 31 551
740 178 41 380
288 238 1 134
71 4 8 695
606 85 16 1156
79 244 50 1005
326 151 7 1119
168 149 46 340
546 50 1 267
721 248 39 276
367 105 11 937
761 253 4 717
678 190 26 250
90 60 10 505
657 23 55 645
235 83 27 579
790 150 31 1014
226 175 37 555
11 87 33 1149
731 257 28 559
229 176 25 793
415 120 38 227
13 199 8 494
183 312 39 996
383 172 1 672
644 251 7 411
697 16 47 530
289 280 45 160
35 38 46 90
185 9 35 769
511 244 31 821
737 100 2 472
576 106 21 353
4 96 7 486
229 208 22 518
17 68 13 955
720 251 55 239
69 320 34 204
337 242 17 253
569 52 14 1118
569 228 35 886
189 44 21 187
591 179 22 913
274 266 14 1085
274 304 7 573
360 83 8 49
211 50 7 38
548 11 7 998
333 54 39 932
301 244 49 642
322 221 22 433
31 170 50 27
45 104 2 1077
391 312 13 1115
281 8 9 821
764 178 23 693
122 298 31 115
764 94 27 467
437 234 51 957
653 146 43 996
655 301 13 907
414 71 17 332
528 25 50 94
204 58 25 701
76 33 1 898
563 247 13 380
84 203 8 888
42 184 49 820
49 52 13 522
495 84 15 986
652 9 45 756
587 246 13 1078
72 262 13 999
330 238 8 1007
650 274 34 1102
539 41 13 19
183 309 31 597
176 120 9 227
156 296 13 85
44 63 43 312
157 227 15 984
352 51 55 685
368 76 28 1116
478 13 16 1172
246 225 44 11
64 87 31 1160
408 229 55 361
620 114 7 850
512 85 11 245
627 192 44 58
401 275 7 464
557 49 38 272
601 304 31 908
227 276 34 350
411 178 7 839
479 173 14 1037
374 89 37 37
286 259 44 653
319 320 4 969
661 64 23 292
425 164 25 441
297 286 3 353
296 62 5 706
452 123 3 828
369 42 52 333
238 240 39 18
15 83 37 42
781 233 15 854
583 146 1 949
460 142 7 24
259 226 43 919
213 189 39 1076
18 208 55 518
178 77 13 822
40 178 4 589
453 124 25 898
441 193 38 891
587 299 3 167
2 83 3 579
731 84 39 1183
297 236 7 950
215 68 25 559
651 155 33 551
765 115 29 27
332 109 13 801
380 165 25 733
29 285 38 1155
392 304 16 752
256 225 7 952
90 266 13 762
197 225 9 882
784 68 14 93
328 128 22 280
566 239 27 632
107 281 49 161
548 251 55 967
716 57 10 883
3 261 19 11
202 91 14 446
619 263 31 50
680 100 43 738
52 28 19 166
89 177 43 1148
216 158 4 154
170 270 43 297
498 309 32 10
332 5 25 1022
699 55 16 344
122 264 13 569
686 274 11 513
53 269 3 331
342 85 11 1089
744 162 22 300
80 290 51 1021
332 125 37 1147
628 149 3 340
550 11 13 489
282 2 21 1074
607 296 25 85
73 149 19 340
264 24 10 1174
305 56 49 706
10 142 31 834
432 150 16 515
759 280 37 429
713 15 1 545
478 248 1 104
208 162 41 583
765 144 1 344
24 299 55 799
614 250 26 1056
509 103 1 1005
646 320 31 1134
212 44 7 710
567 210 1 532
218 83 22 822
255 70 59 1081
387 9 17 834
704 39 13 1156
244 141 43 711
43 22 20 39
250 81 37 725
697 291 33 897
679 106 55 417
267 26 10 170
600 276 16 328
139 306 39 452
87 202 1 1124
247 239 21 808
71 227 38 1075
194 128 1 142
546 66 20 226
397 203 37 563
119 21 47 388
257 153 9 699
287 70 31 549
170 164 15 370
700 185 19 333
623 290 49 267
108 114 19 592
62 100 2 799
699 168 27 1196
753 236 52 756
280 2 7 845
506 239 28 409
34 151 35 223
355 319 16 1094
651 55 1 1183
646 120 34 532
149 320 21 787
43 245 34 543
536 213 7 1071
712 162 5 300
424 71 11 1188
696 174 38 614
672 16 10 908
234 231 10 621
289 67 13 1179
539 76 35 33
710 105 3 455
45 312 7 996
62 289 43 1130
112 209 55 976
365 298 31 1147
22 114 27 956
41 175 21 806
105 301 1 1123
335 17 40 111
499 212 49 212
469 107 19 207
232 152 13 393
353 197 13 202
167 122 34 154
354 192 7 1083
625 157 56 577
133 311 13 186
266 127 34 127
797 5 31 854
42 143 17 626
624 124 7 730
704 290 8 199
162 76 38 92
605 251 25 56
235 151 13 503
352 68 4 458
506 12 34 590
290 42 4 1026
148 38 28 810
242 261 37 998
769 266 25 244
482 320 7 781
226 36 22 797
63 227 7 37
323 301 55 764
359 163 31 963
368 182 38 136
735 19 22 975
614 272 50 24
489 255 49 210
335 147 1 213
113 84 43 1183
408 302 31 116
771 296 7 85
448 272 25 532
637 112 19 1199
790 295 13 302
203 173 8 708
640 265 19 875
758 270 43 524
719 157 7 585
311 17 10 302
142 142 14 1055
621 17 44 475
476 6 1 1054
460 176 22 436
171 60 28 201
180 53 10 351
408 145 21 668
288 173 7 604
274 302 33 799
99 70 34 549
202 279 29 644
359 186 40 427
254 217 34 711
134 112 50 359
196 302 31 1075
552 299 45 1036
364 212 15 1017
322 259 13 33
777 186 4 590
511 122 55 535
452 277 1 380
448 164 43 367
381 186 50 349
439 233 1 771
320 179 16 1057
528 30 33 295
590 32 17 643
228 37 55 923
738 191 34 318
210 43 19 765
12 32 49 489
688 153 49 207
253 41 25 1140
577 158 25 978
551 21 47 705
291 248 31 726
773 201 32 96
375 287 13 951
794 198 11 74
678 310 34 877
52 300 28 358
715 140 31 380
108 42 15 526
55 284 49 1035
60 225 25 1059
491 227 49 340
268 304 37 1016
460 311 25 887
110 216 55 1186
184 247 19 612
618 144 1 323
336 265 19 564
581 210 22 410
771 38 57 1162
494 220 43 1054
744 153 9 629
455 125 31 93
739 252 19 933
404 80 23 504
91 252 26 539
267 311 31 245
138 206 19 43
481 300 37 99
172 193 25 153
549 30 8 1095
208 111 53 627
572 65 40 598
362 255 46 357
59 78 35 300
745 91 45 721
170 242 47 655
156 93 41 685
353 40 31 505
253 37 9 819
446 108 25 553
98 179 32 652
280 248 13 726
194 297 34 1200
156 160 49 606
254 63 50 1065
101 146 13 255
346 176 43 974
178 230 39 1129
586 86 10 1128
668 53 4 294
632 141 20 441
567 196 14 145
411 249 15 200
686 276 44 716
209 149 21 340
733 288 51 1017
649 150 53 729
264 10 46 1165
239 143 7 386
437 138 25 1172
691 68 4 559
461 108 19 131
439 46 37 826
88 90 17 251
626 285 21 277
137 144 11 391
198 56 14 860
446 145 22 995
661 235 11 521
190 256 7 783
268 313 25 766
772 224 13 239
216 197 7 1109
303 131 23 773
349 302 19 638
642 18 4 943
381 59 9 29
325 266 25 154
334 56 45 24
710 12 25 403
538 77 37 726
574 288 37 765
393 240 15 18
445 3 35 98
616 194 13 48
201 193 15 672
305 181 22 156
75 78 11 1134
374 153 31 858
555 104 49 374
353 180 34 758
751 178 7 315
174 54 3 679
750 161 43 1077
713 313 19 574
305 148 25 200
258 197 5 198
310 319 55 127
365 149 25 340
74 192 7 1114
296 175 43 619
595 314 13 628
436 86 26 145
672 224 2 971
182 73 13 675
26 106 43 281
483 113 15 1034
244 158 5 309
349 311 43 583
575 285 7 733
710 235 7 53
166 194 20 839
329 12 17 1084
421 263 31 753
348 43 4 991
682 292 19 703
718 110 11 338
177 54 43 1168
453 84 40 992
62 235 11 1004
327 94 31 147
217 264 4 569
761 147 1 221
301 320 26 1153
524 119 19 1175
166 301 27 400
307 90 1 659
372 233 9 1150
173 117 49 956
701 43 56 855
611 206 50 176
776 141 44 907
681 213 40 1031
474 175 55 586
552 75 31 609
137 115 4 645
391 13 8 777
193 203 3 249
346 197 14 1135
429 116 4 97
361 254 19 146
332 218 5 993
398 173 25 806
610 204 40 806
87 164 38 503
145 130 8 560
478 25 7 55
442 152 19 649
556 30 1 522
85 42 3 1061
282 120 13 1025
595 124 31 1086
345 248 44 373
26 103 37 755
507 79 50 45
236 182 37 866
85 124 34 1086
70 187 1 55
360 110 1 41
162 184 34 483
413 140 8 654
60 86 58 338
568 6 26 1058
706 167 43 968
127 108 14 151
752 161 2 466
147 86 50 42
707 247 25 355
395 153 49 296
53 50 7 94
368 77 1 818
387 258 32 845
690 275 31 937
382 251 7 548
567 276 7 540
358 32 35 5
638 186 14 575
100 98 37 906
557 229 19 644
260 224 43 843
556 92 9 101
416 307 33 544
555 134 2 1092
16 48 22 339
351 111 10 627
443 214 9 1005
653 23 31 165
713 304 7 294
333 317 19 1055
334 250 50 423
445 147 1 1191
51 50 37 967
527 312 2 996
314 276 37 912
786 215 11 721
543 176 22 793
9 148 19 259
114 276 34 912
473 112 31 70
564 242 1 566
426 143 17 802
181 67 37 304
172 54 21 86
758 99 32 1157
280 268 11 729
25 237 14 678
231 199 1 921
328 59 49 57
73 245 22 698
586 164 38 605
195 264 13 936
596 202 43 105
772 110 1 904
150 219 37 336
166 275 32 460
384 273 49 1160
447 227 25 568
405 136 44 618
250 154 13 1094
185 166 4 904
181 85 13 1041
702 288 26 791
355 157 26 1114
292 69 15 874
688 186 40 869
479 238 55 733
263 229 15 319
472 232 7 870
443 290 31 419
131 127 1 127
760 193 2 223
370 186 23 858
148 259 17 585
685 61 31 1150
252 287 33 130
202 203 51 1142
249 277 7 1123
187 309 19 713
634 168 43 912
373 16 13 304
667 86 1 553
339 40 19 156
393 47 32 47
493 185 33 45
40 201 19 689
134 132 25 300
757 61 15 355
193 152 1 1179
562 6 32 435
723 298 7 555
597 263 7 372
748 235 31 379
206 237 8 714
612 60 49 718
669 297 41 877
536 242 19 579
654 176 26 727
37 81 45 979
27 174 34 380
715 50 37 444
396 278 34 617
145 220 43 1172
704 211 32 4
214 299 20 411
791 196 9 1178
28 161 44 743
666 229 22 21
500 125 2 462
612 197 9 97
137 31 7 830
674 18 19 453
281 213 16 745
262 70 5 1081
234 3 5 990
158 249 7 200
88 296 34 85
176 263 27 321
504 79 37 995
492 24 58 1040
469 49 33 370
121 104 37 1151
80 267 11 1130
783 33 31 370
275 222 47 926
233 36 37 1011
410 61 50 556
279 307 33 359
325 121 7 1024
696 176 1 673
745 202 32 641
718 68 7 164
33 115 1 351
47 16 1 907
450 313 56 300
241 107 43 649
290 196 19 256
13 203 25 571
742 244 13 229
39 248 7 1055
73 153 31 540
739 92 49 1155
139 146 27 14
329 66 7 854
115 176 7 299
226 200 11 106
672 118 38 746
30 266 34 63
622 64 31 933
330 78 29 1166
310 159 32 156
308 272 13 532
483 24 50 1040
1 175 56 112
403 268 5 177
583 103 43 822
168 290 37 1108
331 17 28 263
159 230 4 1129
300 163 56 454
332 249 34 200
392 29 4 909
5 153 39 268
422 165 44 513
6 171 29 1069
468 179 19 552
314 43 28 154
59 190 43 356
310 236 28 274
451 144 13 252
427 141 49 898
712 175 31 142
375 294 26 1200
659 150 1 400
574 265 49 1141
368 124 55 365
284 288 31 1108
72 41 20 148
121 193 13 223
333 276 1 1084
780 180 19 103
662 30 7 747
56 94 26 531
624 242 29 349
89 256 15 1041
762 254 11 532
388 264 55 936
788 52 49 764
168 260 29 1090
157 128 10 66
165 89 50 920
564 136 38 1087
190 63 13 1142
162 161 27 926
409 152 51 295
198 272 1 298
613 11 7 152
719 42 46 1073
514 250 45 498
92 200 25 273
36 87 43 1149
580 18 21 114
383 213 25 290
679 182 19 866
731 89 31 1058
112 186 3 360
262 230 21 549
308 268 5 112
401 98 15 789
553 101 19 88
636 121 43 290
532 74 34 945
554 92 1 945
796 203 13 884
606 180 5 416
105 200 7 10
210 196 1 695
90 44 7 347
623 193 21 532
276 230 47 1129
546 231 4 614
171 110 19 41
520 212 13 167
14 230 49 1129
302 310 21 397
505 140 4 715
384 4 32 1071
719 3 39 583
736 8 1 286
471 247 16 1188
576 277 10 747
515 3 31 1178
321 291 19 1092
450 246 23 447
285 54 35 342
16 207 7 36
682 75 43 269
84 107 21 896
224 236 4 839
440 5 27 873
507 220 19 59
669 251 43 503
65 309 32 62
141 96 44 639
514 214 14 409
672 53 52 1011
776 303 13 775
283 99 26 965
343 121 13 434
443 319 25 542
239 299 25 723
509 252 45 209
784 130 31 699
673 293 16 260
785 102 17 721
225 312 28 996
788 74 20 882
719 8 29 180
757 187 40 1069
173 14 26 1021
792 192 33 152
151 190 3 1131
113 130 21 284
647 60 7 15
669 55 19 951
186 185 13 898
410 277 32 646
255 67 19 8
628 205 17 208
685 268 39 468
9 56 38 181
310 224 19 762
136 263 31 401
139 113 15 1044
620 201 17 1054
269 33 1 1082
392 122 50 401
475 81 3 110
707 266 19 346
159 235 25 467
223 34 52 410
256 239 55 795
156 312 46 996
304 77 52 596
756 170 19 764
151 155 10 110
230 100 5 476
447 31 19 1073
39 277 1 527
167 41 15 511
175 304 28 389
342 154 20 1059
119 274 31 1097
5 84 7 466
455 115 26 1067
434 181 55 156
519 172 1 262
700 309 38 179
566 251 45 973
248 201 38 94
742 43 39 645
689 232 15 461
387 79 1 362
24 151 8 498
344 112 9 127
773 83 44 676
70 150 47 165
262 122 45 437
488 285 39 113
79 142 21 261
657 270 1 1107
600 250 4 218
478 84 43 965
247 304 28 1066
357 92 40 183
391 244 50 900
741 179 43 552
665 159 31 263
635 43 57 135
770 20 46 715
566 197 5 992
73 312 40 1115
9 174 13 81
275 34 1 1027
520 190 7 60
769 54 47 1172
149 118 3 671
466 241 43 953
270 53 8 842
336 100 5 737
550 95 43 232
275 274 25 1116
175 180 16 827
236 154 8 588
502 311 7 325
711 92 7 953
641 17 32 1068
538 300 4 820
630 41 19 878
293 175 37 758
295 50 55 356
176 280 4 160
702 108 37 733
319 147 7 288
181 37 26 761
223 302 43 720
522 208 51 1081
709 308 19 262
244 174 37 449
171 32 35 930
145 203 49 106
791 140 27 928
389 142 52 46
216 100 51 1096
675 132 13 100
630 69 25 208
761 36 55 797
282 166 16 519
346 70 16 549
560 11 31 998
69 297 7 822
531 254 9 141
236 237 23 1164
644 142 3 378
298 8 11 526
477 312 15 1115
682 207 7 664
636 192 19 694
20 232 43 1017
382 167 37 968
676 119 1 786
216 172 1 1167
769 18 29 901
723 113 1 427
187 27 49 578
124 25 1 1098
49 259 1 758
313 227 44 573
27 179 51 396
724 107 49 282
433 93 3 448
392 301 32 729
80 274 20 1116
333 86 58 429
270 193 14 544
241 150 32 290
7 153 8 9
163 121 55 1083
741 192 1 310
118 176 25 480
488 62 25 391
24 62 45 462
54 150 47 43
141 251 19 503
69 299 10 820
51 145 19 91
449 126 19 507
284 42 16 333
272 149 9 340
15 46 16 459
567 185 19 1188
551 187 22 955
579 178 25 583
31 95 26 232
249 138 1 369
547 33 11 255
509 256 33 256
581 302 26 151
465 178 11 431
140 198 25 222
286 228 32 886
412 122 19 1042
499 56 25 427
194 277 25 1090
217 263 13 321
80 22 3 1168
235 269 15 1147
30 315 23 741
140 68 40 743
67 14 25 1138
401 185 1 1074
183 229 52 1135
721 297 22 522
197 210 34 740
66 232 13 1088
595 140 34 330
525 6 43 762
215 211 56 321
371 59 9 34
230 164 1 756
618 233 13 1052
412 198 34 1172
740 210 20 1044
346 79 19 501
395 50 34 1065
563 176 16 323
427 181 44 180
441 266 50 669
682 272 37 24
45 50 33 1099
346 277 5 358
595 20 7 844
499 117 15 895
253 86 37 387
666 305 41 1151
224 75 1 148
648 240 43 1157
495 229 50 1167
131 12 25 14
198 28 5 1171
207 56 14 22
619 100 23 51
159 68 13 630
798 97 34 503
161 243 31 1128
396 94 37 910
735 275 3 116
776 298 1 118
64 69 5 467
372 33 41 996
279 280 4 429
684 242 39 303
58 6 49 981
560 300 7 1050
789 136 40 45
344 50 33 1145
437 182 31 237
668 63 16 568
773 68 27 981
407 59 43 1182
545 66 41 374
457 100 47 492
215 93 14 468
84 117 45 205
237 99 7 201
435 100 19 925
664 272 3 419
81 69 43 462
787 320 13 217
607 146 19 774
435 71 29 963
144 103 49 659
143 63 19 1173
224 186 7 413
654 32 43 14
61 40 7 249
418 280 52 429
192 224 26 610
303 113 43 481
535 277 2 193
189 316 15 847
490 284 49 74
285 94 19 679
293 158 29 302
539 246 19 209
443 170 1 790
347 224 37 569
386 160 13 632
116 204 21 401
598 165 7 224
3 297 49 853
45 196 15 823
202 274 37 439
708 169 1 982
635 275 25 1014
308 145 49 833
254 46 1 623
319 124 15 611
293 182 25 73
231 168 31 133
383 259 17 1037
100 155 13 1184
559 150 5 338
563 56 7 446
229 158 29 1147
405 191 5 1103
578 106 43 1002
609 59 55 900
316 41 19 1005
393 8 11 337
383 223 32 1003
422 243 14 607
340 201 49 980
726 250 28 218
419 210 13 1188
286 128 4 280
679 14 49 657
121 151 5 1126
252 158 17 572
533 254 9 534
415 207 1 1175
47 235 23 221
722 303 55 1147
702 128 46 1059
633 161 55 926
687 96 44 553
511 127 17 388
122 276 45 271
70 108 19 142
95 79 13 313
49 134 55 553
189 274 11 1102
375 293 19 1027
72 263 51 1070
597 247 28 275
48 169 13 982
716 166 44 600
286 40 34 925
121 105 1 688
49 146 16 1139
57 240 13 219
24 88 53 864
41 92 4 19
463 113 37 211
166 307 13 695
215 108 1 119
455 246 7 191
195 130 43 775
160 107 55 956
458 179 16 464
6 310 21 963
427 288 13 766
554 55 38 626
589 92 28 789
798 231 37 527
128 247 13 1172
371 319 23 568
273 227 13 25
329 284 55 74
200 317 25 469
641 168 44 449
357 162 15 1013
366 37 43 920
587 295 39 551
328 61 56 448
736 178 37 378
714 136 19 698
334 244 21 1023
534 312 4 996
493 295 3 1125
492 13 29 1185
619 247 39 59
687 303 19 979
625 204 22 1120
535 34 4 381
679 63 13 923
252 16 29 13
436 8 7 607
220 41 14 805
531 306 41 979
406 64 43 165
203 64 3 35
578 142 20 860
162 89 50 1157
82 86 19 648
167 239 9 963
239 224 58 1115
491 85 17 798
176 151 7 97
98 282 55 194
516 189 2 787
293 88 47 864
370 13 5 777
466 196 1 1093
351 225 43 109
411 319 53 845
740 190 15 309
184 77 40 1193
236 301 55 1165
405 114 55 629
540 69 10 992
246 40 27 765
105 263 31 56
562 204 20 686
539 247 57 1084
357 131 17 773
517 295 49 399
21 186 37 1153
684 286 27 696
144 308 37 489
188 100 31 1024
59 281 37 161
627 100 51 842
528 135 1 1096
556 199 16 227
408 215 40 607
75 198 29 208
449 3 44 1075
80 151 5 929
101 154 15 894
187 26 32 922
671 214 25 618
63 270 1 12
476 8 5 898
527 97 7 403
321 290 31 364
23 119 21 366
530 13 44 777
44 125 39 116
672 153 31 338
172 317 10 241
513 169 28 677
237 82 49 478
667 17 13 1178
445 46 21 581
675 155 33 177
793 49 45 1009
434 140 9 353
550 187 41 181
73 320 10 1131
141 320 57 309
377 135 19 517
76 97 27 709
321 158 38 229
222 147 32 270
784 238 20 988
619 161 9 1091
363 155 49 505
447 295 49 751
343 304 8 689
49 166 33 806
424 205 39 635
200 68 34 185
599 259 23 588
653 287 50 58
317 288 49 774
7 6 4 205
537 214 13 52
337 203 25 190
383 154 37 1190
704 26 23 779
147 212 26 519
151 140 31 315
28 178 13 635
578 77 13 596
272 255 55 210
552 63 10 375
455 135 44 531
555 246 13 191
599 285 13 482
689 158 25 76
451 126 31 506
413 155 37 894
614 91 7 313
367 158 17 716
209 285 55 1037
576 278 19 279
219 319 49 568
260 296 23 85
518 58 50 29
169 184 55 820
73 74 7 1073
239 49 21 1055
196 212 19 617
3 188 32 826
207 154 37 297
327 18 25 1098
210 149 9 549
154 95 51 996
282 259 11 1151
444 263 3 1015
403 172 31 467
678 293 16 839
561 272 19 448
169 205 13 1083
435 142 15 528
260 310 15 273
154 34 34 1093
431 54 5 114
677 101 37 647
430 212 37 311
698 57 7 192
287 107 44 665
132 72 31 94
240 140 22 645
157 77 1 687
271 98 55 279
685 306 41 452
742 109 31 307
654 89 1 794
135 182 37 939
238 42 55 84
397 284 31 1035
360 223 22 491
464 35 37 1131
636 174 13 614
82 69 8 8
795 237 5 1072
474 25 27 4
204 236 7 679
697 71 5 383
774 64 16 517
235 60 19 201
238 125 13 1187
412 4 25 592
113 124 8 213
768 6 37 271
793 137 25 214
599 4 26 700
164 53 43 862
311 220 19 94
621 214 27 922
358 114 14 1012
86 79 34 861
67 129 40 1152
793 265 55 505
222 146 23 982
47 256 25 256
241 117 27 1106
685 289 37 1083
552 28 4 981
306 223 55 491
578 144 17 192
704 16 20 742
451 204 1 463
642 240 55 816
649 128 31 397
10 184 46 820
403 279 29 698
560 148 4 465
708 213 15 1075
384 26 11 632
269 11 49 594
699 85 23 919
470 223 46 491
717 136 25 120
320 18 34 973
511 53 28 882
343 115 34 307
229 136 51 773
336 190 46 944
260 191 9 211
401 197 27 479
378 204 31 463
325 174 28 551
400 235 11 948
737 18 8 426
442 320 22 855
255 182 1 866
618 131 43 508
625 265 14 230
697 151 1 1051
553 11 32 594
418 118 40 63
118 45 45 950
303 159 1 916
386 123 22 543
551 60 8 316
76 269 44 1167
179 125 15 1152
656 188 16 390
486 118 27 652
80 133 29 173
487 221 7 798
490 225 13 174
256 175 2 391
709 162 32 770
402 86 55 131
773 79 9 1122
212 249 3 235
762 109 46 444
627 113 19 709
743 37 9 920
146 109 1 15
744 293 43 683
664 100 1 747
758 145 57 128
675 293 19 266
56 37 32 1048
145 246 11 573
417 175 19 584
561 144 1 529
224 311 49 186
418 164 9 354
528 246 52 1198
688 211 13 815
740 30 43 899
363 5 33 700
192 177 55 1148
785 57 50 817
741 13 5 208
564 272 7 1062
491 119 31 873
298 188 34 589
442 172 13 724
161 120 3 863
390 102 8 1054
589 140 43 433
240 132 37 462
595 106 46 1091
201 25 5 1172
641 100 28 505
793 2 19 688
147 147 10 82
535 113 9 219
343 204 21 527
679 210 32 333
415 137 7 178
123 98 50 231
500 221 7 981
509 86 7 961
31 4 33 23
512 229 19 543
158 202 15 811
421 46 4 530
160 85 52 645
781 85 7 1122
747 229 4 16
128 273 43 1160
129 268 4 603
690 173 37 708
543 192 37 285
234 256 13 821
214 202 14 94
483 90 19 427
593 270 37 528
264 294 37 1103
689 102 13 800
256 166 32 1136
27 111 11 121
287 5 1 1094
521 302 49 720
590 148 37 1042
705 236 43 839
491 304 25 573
659 122 39 254
629 258 34 644
299 288 7 106
749 126 37 782
140 58 7 359
555 135 15 412
106 135 49 412
95 140 10 366
218 198 34 822
85 48 43 869
454 146 5 960
635 123 49 616
782 136 37 101
739 156 1 539
657 300 40 714
524 60 34 75
96 89 13 917
416 149 39 340
315 134 35 245
197 285 50 385
791 137 3 325
46 141 3 745
636 147 4 288
349 313 4 75
617 38 7 151
289 96 37 537
15 253 55 717
84 190 1 525
696 287 5 1010
271 238 7 252
630 131 16 508
650 291 19 32
202 54 22 299
469 215 15 388
10 139 23 415
696 220 50 193
382 243 26 456
271 195 38 794
101 223 51 491
556 291 31 487
789 78 31 1092
705 307 1 172
604 52 28 277
583 213 10 523
74 289 23 592
488 25 10 79
747 184 49 483
445 120 13 653
665 140 13 5
86 180 31 799
341 24 37 1040
74 99 19 1180
776 42 28 837
149 296 1 353
319 260 1 905
306 134 9 1188
368 283 7 1008
80 37 15 551
754 286 19 782
657 41 37 854
220 103 1 471
209 23 37 783
772 34 39 352
596 286 37 1116
464 3 35 1017
655 45 7 12
237 171 46 189
542 205 11 1109
161 58 8 813
268 317 11 642
457 191 51 503
643 169 28 106
452 59 13 744
485 150 35 428
583 236 13 899
784 221 43 69
124 139 3 255
247 223 49 1003
517 68 22 937
503 26 17 779
766 293 7 286
681 95 45 232
85 246 38 987
64 47 13 509
681 115 19 285
608 231 16 793
697 113 21 382
112 228 41 886
418 143 35 403
38 68 46 937
8 51 31 913
566 206 7 176
360 58 13 541
287 243 33 607
389 264 58 569
95 256 37 924
610 164 49 76
648 133 25 446
163 105 7 14
403 241 9 715
760 292 21 703
546 243 43 574
273 287 26 899
796 82 7 478
479 135 21 708
287 61 38 330
419 25 4 1098
689 105 11 1050
604 276 32 874
180 248 19 1047
341 271 28 699
303 46 16 569
668 263 21 674
288 58 26 712
225 142 13 1140
441 136 4 1197
762 175 33 772
18 123 2 762
741 5 7 1072
201 107 1 374
371 179 1 784
565 279 37 106
765 256 9 653
606 254 19 527
209 155 3 7
724 202 27 674
142 42 39 1026
592 16 31 920
631 16 26 920
505 39 41 729
330 17 37 365
519 212 13 106
651 141 25 349
205 242 5 905
384 244 27 642
94 85 11 744
189 260 17 684
470 317 53 14
579 247 1 332
235 14 9 768
754 179 13 1057
472 189 43 1098
721 68 8 301
291 208 1 518
290 212 26 942
105 89 57 728
17 301 25 1164
633 256 49 237
370 31 13 247
120 175 19 1033
259 290 31 637
290 210 16 1126
580 1 31 1
44 121 1 14
56 124 14 366
513 173 1 647
515 221 2 169
2 193 27 110
161 82 57 831
594 152 34 649
625 79 19 288
388 241 31 512
597 237 49 1088
201 319 13 1125
636 167 40 968
638 290 19 813
122 230 29 1129
321 203 7 895
138 172 31 105
12 212 43 555
514 227 26 984
68 299 43 167
506 173 25 544
510 302 1 1126
132 31 21 467
152 105 17 438
459 300 10 240
12 109 4 53
669 117 27 1098
645 38 19 841
423 203 49 607
257 239 37 953
275 257 22 559
752 178 29 255
739 303 25 672
397 249 23 235
401 155 19 177
11 28 13 31
33 301 7 809
457 12 7 335
712 303 25 23
358 207 7 342
49 298 39 349
732 300 37 806
225 120 25 274
585 74 8 997
368 147 16 349
724 64 7 933
42 31 1 669
743 177 31 248
575 287 28 620
74 36 39 797
515 283 19 54
791 275 37 1188
764 169 7 780
160 63 13 743
513 205 21 455
215 200 11 593
48 74 16 250
475 73 34 634
98 197 19 769
174 114 20 420
277 124 50 213
780 137 1 354
773 277 3 475
573 200 17 441
498 277 13 1095
551 210 33 984
46 246 1 154
30 299 16 563
201 33 35 937
546 110 13 435
505 86 9 1107
326 14 49 347
633 211 25 1115
131 26 33 703
124 12 23 103
454 3 1 543
252 126 19 140
55 202 43 858
397 135 13 77
347 28 35 374
108 235 5 70
445 247 25 631
375 14 43 492
380 271 13 992
341 242 53 1073
732 5 33 1022
448 78 5 169
636 247 49 355
795 220 1 47
733 74 15 503
752 93 45 808
92 78 5 1022
424 103 19 283
710 205 5 738
272 70 25 1081
157 81 25 16
293 279 5 501
218 5 19 945
540 201 34 96
51 172 43 340
432 298 57 921
300 198 33 571
307 288 31 444
67 83 19 545
355 182 43 679
178 247 7 361
517 271 19 934
150 13 5 1185
112 9 11 870
796 290 55 267
8 16 17 13
144 285 7 379
755 189 31 489
378 265 27 293
201 138 8 538
388 33 41 450
409 132 25 329
277 144 22 288
463 32 11 1176
398 226 19 958
311 121 55 644
176 172 40 631
279 63 16 304
389 265 7 283
20 27 25 578
84 130 37 69
251 146 29 774
128 155 21 416
449 18 29 822
556 193 55 680
163 81 26 725
621 227 1 939
518 102 20 842
239 92 14 662
498 130 28 296
242 142 7 373
756 106 45 537
126 12 7 857
719 68 19 559
68 196 13 599
174 295 37 943
48 300 9 321
283 118 34 692
185 196 19 3
22 318 7 685
379 70 13 549
121 244 43 151
102 165 9 553
278 304 37 511
713 251 37 981
276 185 15 814
154 312 59 996
543 156 43 1056
178 98 22 160
115 84 22 166
105 254 5 1035
66 136 22 905
782 119 43 347
276 19 33 975
682 279 35 50
461 110 11 958
486 214 10 687
580 283 1 76
757 67 25 143
737 192 51 302
419 304 52 1090
338 40 23 867
317 62 31 647
35 116 37 97
729 142 10 261
186 255 55 357
335 179 4 69
631 64 5 933
20 105 27 1050
423 176 43 480
734 291 25 625
631 43 19 729
57 294 19 1060
259 91 15 255
624 269 2 788
156 131 39 778
544 184 1 483
233 317 31 1196
750 260 37 551
337 143 23 4
732 63 22 923
311 165 13 403
265 49 1 809
127 227 55 984
113 92 16 645
559 110 17 904
237 103 25 897
57 129 55 520
163 51 13 685
312 148 28 992
773 101 40 44
212 145 50 339
17 208 58 518
296 231 14 1009
722 236 49 409
431 218 15 993
696 156 13 153
549 43 55 969
679 272 7 430
3 141 43 1153
674 278 35 279
505 123 1 299
734 299 10 1070
152 211 33 1131
513 38 13 464
25 292 23 140
576 297 15 1138
548 26 1 729
707 14 37 91
172 120 45 529
747 40 27 249
126 132 44 99
336 116 40 97
58 159 16 959
71 63 25 854
80 296 32 85
547 50 7 63
379 288 7 712
253 5 40 1077
79 94 5 1094
126 189 1 489
206 8 23 428
622 179 33 686
78 167 40 317
137 38 39 189
401 16 32 695
26 164 25 671
786 119 45 657
295 130 9 973
299 165 31 1107
40 175 55 716
477 241 33 953
518 168 38 769
21 255 58 357
533 32 1 183
584 252 19 871
494 265 13 667
476 123 37 466
522 235 5 506
715 6 4 950
312 65 7 374
753 83 16 1140
103 46 38 470
473 155 37 75
435 50 10 38
471 168 31 980
175 312 49 1115
482 204 25 356
558 80 40 504
728 302 13 116
194 233 21 251
256 211 19 104
783 117 33 907
346 108 9 1158
747 154 1 781
55 94 22 394
392 300 1 1102
73 78 13 410
754 293 37 841
494 65 19 181
212 90 9 879
65 102 11 10
236 277 33 1016
183 266 19 553
369 187 7 955
568 17 4 978
243 296 39 353
575 38 13 658
505 23 51 834
388 6 22 1058
221 44 46 794
142 274 22 553
702 81 21 671
410 155 20 1114
760 104 33 867
428 92 13 953
366 22 28 669
726 292 23 703
232 193 32 680
452 194 44 285
109 150 4 642
635 56 21 629
753 25 11 444
761 311 37 557
318 119 56 437
557 88 15 1049
552 305 13 735
653 265 2 690
159 156 31 716
733 188 21 389
658 145 13 1076
778 298 25 455
739 59 9 1021
751 19 37 975
698 55 25 398
633 35 7 762
228 258 31 322
265 315 29 741
114 319 3 1195
621 86 13 568
494 257 22 427
618 161 8 743
21 30 13 38
540 66 7 407
304 46 41 789
315 256 37 689
68 251 2 196
102 97 16 135
192 204 50 701
184 30 25 285
67 245 7 306
426 100 1 1189
97 146 1 330
757 115 19 728
563 280 25 429
593 136 3 157
613 49 50 1187
646 172 16 183
464 124 2 730
134 317 15 1166
684 57 25 406
33 193 43 382
763 38 16 810
216 135 19 911
786 300 2 99
553 188 2 692
444 88 34 864
337 81 51 313
508 238 1 287
215 91 38 182
189 243 1 98
178 75 29 429
603 220 19 960
74 212 13 411
10 307 26 221
270 71 44 981
156 159 1 163
154 244 37 908
669 229 33 454
349 22 35 857
41 276 1 808
414 203 43 888
172 76 19 307
412 263 14 1015
431 50 7 513
419 233 25 369
15 199 7 772
612 273 13 1160
583 79 28 1025
129 19 1 655
623 12 11 830
329 237 15 930
585 69 41 132
521 178 29 693
144 107 31 733
718 270 25 1024
465 42 52 1002
337 137 7 858
661 32 19 1097
7 149 29 340
302 285 31 835
109 54 23 147
428 156 49 440
394 143 10 4
136 145 44 728
124 236 7 380
522 143 23 672
109 195 55 391
770 290 25 267
355 254 35 146
471 242 5 786
339 265 2 1018
703 122 40 402
574 147 55 982
52 263 55 378
26 148 22 14
760 279 11 535
603 310 43 835
638 136 9 1087
786 263 19 1015
54 226 19 919
723 75 43 488
658 163 7 931
186 45 7 267
154 130 7 706
169 219 34 747
696 9 31 136
436 14 37 305
227 23 7 808
146 144 13 199
56 2 49 916
479 297 7 816
391 168 21 257
738 162 11 387
364 276 10 1043
273 267 49 1130
9 37 31 1063
458 18 23 878
521 245 55 208
455 166 16 644
637 59 1 977
645 86 13 28
143 71 7 669
604 134 46 379
573 297 7 1080
252 313 49 1083
652 92 37 540
554 135 43 227
37 300 31 731
473 79 1 282
619 162 7 21
29 134 35 492
775 239 25 779
605 212 7 1136
568 142 7 398
247 226 43 958
292 71 17 673
363 248 40 373
367 91 31 721
5 78 13 930
363 203 20 563
599 50 3 729
454 123 28 751
27 210 44 1084
642 124 19 446
647 156 26 440
226 202 44 155
594 192 9 1110
572 166 3 71
320 226 55 958
595 212 49 1152
422 54 27 485
371 195 31 683
51 97 14 905
410 164 37 201
753 180 20 212
60 271 33 375
505 200 13 621
328 198 7 404
159 124 22 1030
150 250 21 529
692 90 29 310
31 118 43 525
169 188 38 574
387 161 37 736
341 185 32 287
435 151 7 1100
203 19 15 334
355 40 41 867
549 50 1 812
88 13 19 1185
581 57 10 745
640 69 46 1032
313 269 50 70
207 23 7 237
239 166 49 583
604 207 7 610
409 226 55 919
50 207 19 1139
730 215 13 128
121 163 49 258
469 5 37 377
8 117 1 11
761 178 21 774
212 311 25 622
289 69 5 133
506 203 8 461
105 5 9 460
608 26 1 485
313 169 37 982
385 200 22 323
739 155 15 191
683 58 37 437
206 241 25 1047
11 259 11 210
587 153 25 80
657 59 7 274
551 143 26 229
153 176 43 129
631 30 49 622
779 212 37 533
115 148 19 733
26 120 1 164
758 6 4 965
169 9 5 669
174 11 31 354
691 41 9 565
575 74 49 890
360 92 25 737
464 84 22 874
413 71 13 672
334 60 1 395
208 114 19 892
746 198 34 865
25 290 9 887
266 155 25 443
282 229 34 224
587 114 8 179
214 114 43 104
91 93 13 719
94 66 13 1097
478 144 27 158
575 206 37 43
773 244 13 921
442 33 10 238
403 254 19 1183
766 290 40 186
352 15 22 545
789 148 7 619
741 237 23 419
177 297 32 1037
143 190 22 110
19 124 40 1141
145 263 15 941
496 84 2 648
117 176 39 745
371 265 37 283
142 148 1 813
437 60 13 573
305 147 7 160
350 232 38 875
274 273 37 1160
359 67 19 327
436 244 19 415
293 241 1 911
713 143 17 976
743 71 21 781
74 175 45 1062
594 58 25 1162
418 174 1 676
250 39 1 1030
55 18 47 113
4 12 41 759
123 168 13 170
349 121 55 269
625 98 32 347
261 31 9 247
437 13 10 771
458 231 34 560
46 237 13 3
299 176 50 586
296 79 31 1156
369 267 40 1130
425 14 38 1145
523 39 29 1176
485 156 21 15
778 243 7 264
13 56 38 978
564 254 20 26
727 213 55 886
160 308 26 77
487 289 9 436
705 97 32 407
77 90 8 659
187 37 1 920
668 304 13 767
415 255 16 210
96 248 10 104
415 290 45 723
89 310 51 611
498 259 10 666
738 166 25 362
311 144 25 1176
4 282 43 1035
495 28 26 149
523 25 19 81
666 259 13 996
545 203 44 623
682 146 52 1176
82 193 13 1137
796 19 37 1097
342 242 1 1185
181 137 31 416
402 83 33 499
541 76 17 139
495 93 41 543
179 105 5 937
543 279 33 526
99 188 37 599
607 69 16 683
24 215 28 695
753 176 49 1012
609 257 25 139
158 314 32 628
651 224 4 343
366 238 13 636
347 206 19 176
686 236 2 305
562 275 3 460
69 251 37 220
669 137 1 409
691 313 31 781
509 258 10 950
791 40 17 930
122 119 56 16
599 192 19 220
628 180 35 1128
600 197 7 479
416 320 1 531
15 128 4 570
327 23 33 783
672 286 25 666
430 147 27 270
692 55 50 1121
385 3 41 247
35 148 7 756
529 220 38 776
551 237 37 76
775 151 19 816
499 163 32 534
370 193 19 861
783 210 43 546
483 273 25 1160
450 163 31 643
114 24 40 1040
30 158 4 639
191 161 43 522
166 201 25 499
497 113 3 547
360 250 58 802
255 293 15 146
288 36 4 1011
677 166 40 1178
532 236 50 1128
741 159 14 476
612 113 25 931
519 127 23 127
475 207 25 61
68 57 33 559
584 72 52 433
362 240 19 51
508 211 8 434
369 71 9 758
373 179 1 649
277 61 13 1101
703 270 19 1024
76 75 14 16
713 268 4 1087
600 235 25 1083
490 259 1 754
659 110 17 301
37 76 13 433
22 309 31 492
18 163 37 423
792 59 13 829
405 88 31 1049
132 77 4 818
343 56 37 816
701 258 19 223
306 320 37 805
155 287 37 1140
642 117 13 1016
195 72 4 451
342 135 13 220
190 249 41 200
391 264 27 569
651 32 17 530
783 77 1 765
517 207 7 971
772 76 25 240
357 309 49 759
618 266 49 1112
469 140 1 60
665 85 53 1152
49 115 37 1166
204 233 13 1020
525 113 15 439
528 75 27 1130
623 289 9 282
323 3 47 211
492 160 20 983
125 94 29 622
88 235 11 299
444 84 28 1103
392 251 7 150
624 301 37 61
450 44 11 347
513 21 53 388
759 161 43 608
359 178 29 866
225 3 35 777
626 37 37 657
123 227 31 272
330 274 1 999
250 232 43 62
287 265 13 875
632 254 40 690
309 63 8 987
589 275 49 740
694 199 4 532
328 77 31 1054
7 291 34 1070
162 63 1 1134
586 84 33 505
336 213 28 1031
109 92 1 948
386 271 19 1098
653 153 19 1132
315 56 8 663
260 248 50 699
64 289 59 346
679 105 17 829
294 136 40 873
419 316 22 1027
144 157 55 113
302 233 1 251
424 115 29 737
45 250 37 334
667 66 5 374
5 39 17 366
53 186 21 121
197 224 13 1007
549 2 31 481
189 268 9 951
427 140 37 728
219 14 19 734
148 27 46 717
789 9 21 803
662 153 1 338
661 200 35 1148
642 8 17 1189
654 76 5 681
703 59 3 52
659 113 7 612
97 133 9 456
695 143 22 229
19 145 31 728
196 118 55 758
304 283 3 561
434 319 7 330
191 54 9 391
539 26 5 677
763 256 20 754
680 145 1 128
107 16 29 908
622 266 43 636
389 211 37 1024
796 286 25 393
183 182 26 582
694 237 35 660
717 286 15 387
581 158 49 36
519 195 32 225
304 175 33 335
710 97 27 612
559 32 39 345
737 142 10 918
406 293 26 683
292 131 7 541
657 257 25 757
757 271 46 375
665 241 38 662
364 131 13 633
666 205 19 378
747 159 58 164
2 286 31 666
119 229 33 1056
738 84 51 535
202 154 9 209
36 191 56 71
133 244 33 107
181 184 4 483
647 148 2 1042
377 76 17 1160
438 303 43 1170
703 42 52 357
54 4 25 776
448 269 31 129
560 3 56 1145
574 199 1 45
582 93 11 458
746 207 3 188
695 202 37 152
232 315 47 587
655 206 43 176
65 185 19 650
598 183 11 797
790 16 22 900
204 208 44 518
762 77 7 433
259 313 19 1026
345 117 55 659
18 45 7 554
559 174 25 818
654 200 13 323
676 31 33 40
759 142 7 1185
32 122 14 802
57 93 31 719
220 193 26 1137
250 191 3 901
569 22 11 623
580 25 23 821
777 125 37 1054
559 56 1 1157
167 276 3 912
670 162 31 1011
464 20 19 216
593 271 43 154
784 275 39 1094
544 86 26 792
540 146 3 217
721 170 31 27
563 130 33 1187
334 313 55 598
236 291 4 954
463 98 21 377
133 26 17 718
275 294 10 1060
666 41 15 1047
639 74 34 353
694 307 20 172
249 199 26 529
545 9 16 803
17 108 37 1037
608 34 31 410
154 135 1 412
29 302 26 658
125 131 1 583
652 137 3 580
574 172 7 122
117 161 49 929
211 265 20 271
356 61 19 756
337 72 40 666
537 318 51 685
9 40 1 428
797 21 55 388
655 178 11 1058
78 22 13 1079
386 4 39 592
326 45 9 421
322 30 10 665
719 115 41 58
386 201 11 115
200 92 19 908
39 149 59 549
79 168 9 645
27 291 3 216
68 172 52 411
172 257 7 703
766 238 19 707
563 78 1 506
120 258 25 784
794 3 1 1064
221 162 17 999
287 104 7 1111
68 105 8 1022
702 246 43 873
462 193 32 672
319 159 10 311
396 231 19 793
552 213 7 217
686 50 16 1027
688 189 33 787
429 18 49 518
348 20 33 1087
193 183 34 797
393 248 37 1055
298 207 37 81
265 194 13 268
410 261 25 316
469 134 41 175
265 146 53 888
164 45 13 164
663 117 31 1106
113 172 31 214
13 318 55 613
665 96 25 1147
325 230 53 1129
624 84 32 1183
458 122 4 1075
428 20 25 908
51 281 55 1003
58 143 5 646
558 14 45 1022
676 278 55 617
374 220 43 92
375 32 29 183
765 188 16 284
582 3 1 198
760 235 7 1082
330 62 4 1157
229 157 43 644
407 140 49 1023
582 250 33 756
268 110 8 1014
532 109 37 472
754 276 3 583
542 130 20 186
118 38 14 903
138 200 13 490
420 318 9 613
64 218 27 993
520 120 39 235
199 85 19 400
322 276 19 350
157 69 5 640
97 157 49 128
348 131 11 874
651 252 13 429
713 17 43 137
553 164 37 698
285 307 49 370
57 45 26 345
681 98 1 171
551 15 43 320
230 259 26 1049
714 203 15 610
400 148 13 704
439 149 55 549
725 233 49 120
480 320 37 1004
393 56 40 860
646 281 43 1003
707 67 31 554
576 139 40 255
405 247 28 739
696 199 28 444
698 229 28 246
727 143 23 263
155 191 5 885
440 75 11 148
660 220 49 803
320 251 19 5
73 117 43 27
93 225 27 555
625 199 27 950
251 117 31 1073
444 275 13 536
71 211 31 995
19 104 25 934
481 160 19 155
379 255 43 210
251 42 26 820
746 94 10 644
724 196 45 616
23 170 10 1030
538 57 10 192
445 121 45 1166
159 210 1 552
60 299 55 299
39 297 4 519
167 137 55 58
39 320 19 531
84 21 57 388
460 224 4 1049
289 264 58 936
121 42 7 1002
797 166 37 1065
429 214 37 1189
544 286 9 678
194 30 49 522
180 101 40 1082
562 145 7 1019
529 66 19 178
318 217 49 711
318 93 11 995
351 97 7 229
437 134 5 513
562 238 37 707
243 289 11 1143
133 157 44 324
246 46 39 76
16 268 5 1108
696 237 22 1005
364 13 35 622
792 113 26 1117
252 83 3 295
382 274 35 645
680 160 39 1139
530 150 7 1198
233 92 40 1162
542 283 4 764
333 113 7 937
625 91 37 363
390 266 3 575
484 9 20 661
774 130 27 1063
165 54 17 985
66 261 34 265
262 94 11 610
782 42 16 967
302 319 13 1049
248 188 33 433
527 65 16 367
371 222 13 152
290 97 32 208
86 287 17 662
72 150 25 428
573 305 19 1140
47 105 21 880
475 264 43 569
570 232 7 177
283 150 43 1126
327 84 27 1169
177 319 49 532
203 235 23 128
211 220 13 848
433 150 5 560
550 1 56 1
485 139 7 255
517 276 40 444
667 109 10 1047
473 105 13 195
291 236 27 47
12 244 51 141
706 134 5 553
314 290 32 1010
579 83 21 547
544 254 5 74
232 194 3 568
670 128 22 1182
505 119 43 1175
204 219 19 336
15 90 14 626
417 157 37 644
163 266 16 1178
431 319 43 1128
463 182 49 300
327 210 13 67
304 123 28 713
377 310 50 102
192 67 31 553
797 308 51 343
322 146 16 977
570 219 52 336
262 211 31 112
640 12 59 759
523 166 13 32
103 9 4 754
462 257 10 139
678 142 45 622
216 65 31 640
785 207 44 71
96 193 38 889
326 5 28 307
388 158 14 20
728 319 11 662
156 309 55 798
719 74 22 196
640 113 31 736
126 246 16 1117
217 6 9 670
430 188 55 859
537 41 1 548
245 53 19 439
397 157 43 35
399 14 51 635
350 108 44 796
536 218 29 993
662 73 34 675
712 289 13 59
750 93 1 773
609 182 45 658
724 89 21 111
708 31 19 854
314 109 25 392
259 80 22 685
283 130 45 1050
526 290 34 872
792 108 8 119
508 308 19 77
140 317 14 642
63 65 37 633
529 307 25 890
576 120 2 184
199 132 13 892
143 170 9 980
790 268 7 20
631 110 10 467
186 43 34 68
758 123 52 960
75 77 34 967
12 207 26 681
283 266 31 1085
68 231 27 1083
764 11 38 1019
592 147 50 206
644 232 26 168
682 167 45 317
185 144 23 298
475 102 22 136
628 286 43 825
61 71 10 602
245 103 9 386
288 65 50 34
606 135 38 695
746 121 37 759
694 105 25 162
601 69 10 727
678 56 1 989
356 57 13 692
58 165 33 916
392 46 13 931
280 25 17 604
364 299 1 1070
344 154 13 1126
692 205 7 469
374 239 49 950
789 173 4 17
558 67 19 700
766 233 25 1037
607 291 3 819
653 320 16 531
517 76 13 1191
132 134 11 707
196 60 1 220
85 43 10 84
337 129 44 520
72 296 27 85
268 156 19 1050
259 293 49 381
651 260 23 1017
340 175 19 1105
731 160 19 939
37 46 3 275
614 75 41 1044
493 50 37 842
235 194 2 497
616 195 45 859
581 107 56 640
499 294 1 109
282 175 43 934
284 242 25 718
336 137 13 289
794 279 4 948
25 103 25 870
491 54 29 1015
350 121 31 930
223 177 13 1148
585 93 1 385
738 260 13 690
277 236 31 679
701 182 43 930
727 178 1 942
388 185 26 611
307 269 13 385
284 61 20 150
78 93 8 994
640 100 29 476
177 87 37 1149
173 55 40 1025
746 213 43 1165
717 269 37 534
346 148 32 900
173 100 4 1189
499 156 20 351
408 117 44 215
745 254 25 690
673 227 31 528
620 251 49 239
492 43 10 135
353 150 17 411
248 64 21 402
396 308 7 1093
453 29 7 558
478 17 22 1063
38 319 28 365
319 106 40 135
272 106 39 114
287 266 19 669
17 113 1 1044
112 168 25 5
757 296 53 85
283 188 38 1172
318 155 16 241
358 264 46 569
210 102 13 74
413 5 56 460
484 166 10 32
326 265 43 293
167 63 43 854
45 276 40 912
773 109 49 580
181 55 1 614
481 76 11 971
91 275 3 638
443 44 7 771
468 136 15 31
723 257 38 342
674 174 7 51
130 79 16 155
565 112 1 1012
733 161 33 355
633 119 13 1106
591 63 39 1083
566 160 31 774
289 51 55 913
122 148 25 484
30 208 19 518
746 141 13 806
97 311 3 66
619 42 19 676
369 315 27 587
545 190 27 117
600 188 28 1076
637 259 5 424
683 243 20 607
168 309 9 734
329 192 3 562
100 309 25 827
622 142 56 503
63 80 46 685
469 186 13 501
511 61 7 885
168 34 32 985
768 215 43 960
9 70 27 549
357 67 55 554
541 244 13 207
598 42 37 532
626 50 13 149
779 83 22 49
642 102 29 1054
33 45 55 132
570 285 25 385
764 112 19 897
107 244 7 731
259 166 1 70
389 94 13 799
74 55 55 513
741 30 46 171
143 124 43 446
109 170 37 1113
47 194 55 285
145 2 38 405
135 44 23 1037
389 101 20 1049
472 5 25 840
482 224 2 65
165 61 27 1074
315 197 1 774
271 2 13 318
577 61 55 887
637 164 26 646
433 77 13 590
458 214 39 52
782 220 2 365
300 256 44 1141
298 274 1 1155
481 162 25 584
310 232 13 422
270 218 22 838
11 16 9 318
82 118 2 746
524 54 23 1019
602 79 21 287
306 178 5 45
757 265 33 1024
100 114 20 75
458 149 53 549
291 152 17 406
713 99 25 386
297 284 38 74
11 20 4 899
661 300 28 537
764 252 15 933
125 97 10 497
421 210 56 748
521 252 19 1099
398 154 1 798
752 285 31 277
597 157 19 922
652 13 41 106
167 69 13 8
468 114 49 592
774 168 20 618
629 286 20 696
39 199 37 834
75 260 13 1138
361 163 43 231
705 240 49 552
527 172 55 114
196 136 4 101
567 188 10 389
762 259 13 71
447 24 45 1174
75 235 47 661
582 186 7 750
452 245 7 455
430 67 44 984
174 228 5 98
356 291 56 786
413 33 1 733
384 221 37 26
525 103 38 1101
54 36 40 1011
360 117 31 205
474 76 25 710
140 241 51 907
510 12 38 324
8 250 7 529
419 247 1 355
176 70 45 549
36 264 52 936
684 25 7 1098
524 43 25 464
182 247 4 34
565 71 14 383
629 236 1 964
700 229 34 994
748 237 17 106
189 242 13 200
730 224 28 1110
620 269 19 1193
657 32 16 6
645 98 8 418
222 63 4 23
443 139 27 415
92 99 37 1111
207 157 19 290
599 174 49 81
380 104 7 724
116 214 40 1102
690 174 25 545
508 250 16 217
769 215 21 828
32 65 31 68
678 155 49 661
157 158 7 215
76 289 17 302
500 226 25 919
606 14 55 960
356 120 31 274
541 227 21 680
780 122 46 450
132 256 7 284
425 64 59 826
756 279 1 42
652 155 7 401
216 85 43 908
231 254 10 1075
35 13 17 934
381 257 3 720
10 219 34 336
320 84 7 648
320 296 52 353
507 20 25 524
39 93 29 1155
285 129 37 1152
86 314 43 702
139 26 7 416
54 114 31 892
19 318 16 685
777 286 43 374
85 224 25 589
56 236 28 834
221 282 49 194
198 291 40 99
55 217 19 711
139 135 2 245
81 46 23 275
139 16 35 304
497 79 31 1172
677 154 3 588
290 162 38 584
771 241 50 911
136 42 1 838
27 129 7 520
390 56 49 582
396 45 50 530
670 71 7 736
530 272 31 195
552 20 1 524
214 284 31 74
576 192 26 1062
572 123 34 1020
203 179 25 211
748 169 2 886
136 275 19 200
154 47 13 972
234 9 2 704
254 212 27 228
185 274 16 1078
273 43 40 1124
493 228 7 886
325 6 1 706
83 279 37 877
32 42 7 84
230 79 14 1122
166 294 9 249
423 237 53 594
384 42 1 821
331 131 7 136
702 63 7 775
692 142 20 513
790 292 27 703
334 38 4 891
209 239 7 1147
135 283 34 238
323 30 33 264
237 131 11 1003
218 130 16 989
85 317 13 610
131 73 16 675
223 67 7 19
338 91 1 274
280 192 38 1114
85 131 19 1003
103 256 19 576
692 207 44 191
479 63 43 29
311 128 27 500
512 150 43 304
556 189 44 457
528 44 11 1076
419 102 39 1153
432 63 13 1180
160 198 31 503
706 169 16 982
148 212 13 942
310 39 2 107
234 142 19 373
192 268 7 603
184 181 16 156
420 302 37 287
697 30 27 240
154 220 25 36
603 168 55 1196
123 16 46 438
471 132 26 378
771 3 1 727
144 204 4 128
57 6 1 1151
753 17 43 905
210 106 15 128
530 161 27 466
393 9 4 57
133 305 31 217
588 30 46 1185
780 50 40 84
794 301 15 393
91 211 37 622
778 78 2 44
208 90 7 879
405 89 49 979
770 8 17 436
228 271 7 615
262 11 26 1001
692 225 37 1180
375 229 1 416
29 12 10 428
138 149 41 549
723 99 45 562
625 43 3 852
438 112 55 252
568 131 19 918
74 215 26 935
53 154 10 113
472 45 55 364
100 104 56 560
544 73 55 634
627 53 7 1172
39 89 44 73
269 186 23 242
356 179 28 1057
409 140 7 946
747 233 13 2
359 9 23 370
520 96 21 862
270 38 46 789
593 242 16 964
792 136 1 1197
227 215 28 421
227 106 19 247
504 239 32 468
494 105 1 195
254 151 17 198
764 229 44 586
407 63 40 104
652 287 1 1073
496 41 31 352
111 212 13 214
322 107 33 572
130 19 13 105
598 141 1 437
576 64 5 333
599 220 43 786
707 131 29 633
174 319 1 766
173 240 7 840
188 133 22 58
339 245 16 590
306 318 34 613
269 74 8 836
235 70 39 549
596 5 1 595
427 299 19 723
19 283 37 149
81 238 1 234
346 229 26 1075
280 217 31 711
41 318 40 613
286 134 13 622
242 213 1 513
116 220 1 823
614 113 43 439
565 289 29 149
225 310 43 836
462 207 1 396
495 146 1 1080
99 120 22 863
144 56 1 860
799 113 55 858
711 180 5 1036
50 178 11 749
671 224 9 965
311 57 5 507
341 154 25 94
674 194 15 710
146 300 38 784
87 126 19 971
442 43 32 765
798 33 29 238
379 131 2 125
32 208 51 518
369 305 1 550
271 57 5 90
601 153 14 34
81 49 49 367
260 152 7 593
124 89 13 37
271 150 28 914
552 104 25 342
25 235 35 784
91 96 7 784
680 270 25 850
519 299 4 1070
457 130 44 1018
675 244 51 874
734 168 37 940
752 104 7 187
26 199 8 1190
66 146 31 961
194 231 31 450
179 180 25 1196
326 37 37 1126
515 203 7 1163
732 124 10 129
62 113 20 1117
391 275 31 1120
653 181 37 180
460 117 15 621
317 189 37 292
461 263 45 827
241 58 13 988
26 39 5 768
339 59 50 660
508 201 23 636
469 3 5 347
619 89 43 647
622 164 19 984
717 131 13 308
157 62 21 972
577 269 13 492
476 57 11 58
347 71 31 383
131 8 13 828
752 276 55 841
450 126 25 782
106 194 2 186
646 164 25 939
108 177 31 1148
22 246 21 291
412 88 7 864
41 292 53 140
290 165 7 1063
207 193 2 328
462 290 51 917
367 86 50 1125
798 40 55 834
618 260 3 554
681 102 7 905
554 175 26 772
678 74 4 283
776 18 5 1154
605 261 20 783
546 265 39 1018
500 179 22 841
345 34 49 198
210 13 5 693
412 202 1 212
267 29 46 909
408 244 7 16
732 94 53 235
129 243 37 458
547 224 31 981
390 34 37 822
697 175 7 584
286 178 20 691
134 137 19 758
542 38 43 677
557 42 34 947
183 224 1 551
251 64 37 333
225 145 16 288
7 147 26 213
725 28 31 544
429 141 13 640
550 41 19 65
250 165 19 763
637 279 17 84
163 120 46 589
229 240 3 18
765 309 38 948
769 105 1 1176
40 279 22 635
788 235 7 323
675 306 46 452
463 191 19 71
258 211 19 9
617 311 31 276
343 142 44 169
159 190 19 809
325 221 40 844
553 270 13 1051
391 284 37 1035
722 205 2 1187
26 169 19 473
479 158 9 982
72 289 56 965
50 286 1 1116
695 155 7 641
111 142 44 424
704 188 28 390
729 89 25 343
372 319 7 947
556 38 4 1071
101 89 3 814
720 125 4 1029
312 297 5 762
508 263 49 663
116 65 37 893
755 319 17 470
689 152 37 623
276 311 7 100
716 124 40 1086
456 126 37 506
299 212 37 942
68 233 19 120
81 295 7 596
734 205 5 1187
779 66 3 254
440 245 13 1171
648 275 21 1029
17 40 23 328
663 317 37 640
208 113 1 334
724 32 13 975
364 29 7 909
69 51 46 913
276 189 38 965
684 245 32 273
368 269 19 70
96 39 59 126
237 119 31 1164
454 17 33 111
570 77 19 300
168 267 19 1130
55 201 39 497
525 39 47 965
507 181 38 156
508 187 44 415
526 140 9 422
476 99 20 910
463 31 43 669
199 135 39 857
345 35 31 661
624 50 45 244
286 152 7 757
231 276 44 224
294 146 1 64
583 92 56 681
398 290 4 364
671 247 4 641
396 186 32 904
405 207 7 601
140 13 31 160
122 128 3 1182
293 227 7 526
197 70 57 1081
628 251 21 548
541 319 11 1195
758 173 1 206
473 295 15 399
462 154 7 258
75 201 7 428
270 201 20 14
602 107 1 1161
797 138 7 377
370 179 28 968
687 309 31 78
10 83 4 956
371 105 4 1025
4 272 37 382
615 68 44 468
313 190 32 110
430 236 14 768
577 89 27 198
352 277 14 713
532 56 20 381
651 79 49 159
787 169 1 150
723 214 25 1102
392 185 26 287
203 203 19 835
31 33 28 554
152 96 27 1178
750 84 13 867
690 71 9 459
793 313 7 728
91 149 56 340
29 157 1 505
457 43 32 969
569 317 7 1126
1 1 25 1
523 157 44 185
430 224 19 505
772 227 31 164
597 57 37 1125
369 41 13 715
387 11 19 322
112 166 19 747
1 302 13 589
211 106 33 247
362 232 37 1177
419 157 31 171
439 178 5 728
473 251 7 914
249 56 31 22
65 35 37 739
518 67 13 212
482 301 49 154
158 291 38 174
506 42 3 320
102 231 22 1118
774 202 43 94
161 161 13 466
790 294 19 732
312 96 31 785
540 131 25 971
100 312 29 1115
751 154 27 830
598 50 28 1145
238 290 25 512
610 293 9 533
502 288 31 312
673 65 13 1062
19 288 44 1021
28 35 37 701
316 220 55 95
659 232 3 168
37 69 23 992
394 56 28 114
204 248 2 1024
560 151 41 732
486 187 23 220
342 162 29 784
539 197 9 690
318 40 31 328
471 263 43 26
126 157 49 35
664 78 28 923
677 81 49 822
501 33 11 1094
297 90 11 1125
616 12 29 967
720 210 19 748
363 272 13 1121
769 207 15 71
556 169 13 150
667 77 7 930
248 270 55 1024
699 293 46 286
214 305 7 744
175 78 34 169
274 90 11 185
646 147 1 300
421 153 26 459
180 97 14 389
128 262 7 999
38 205 23 929
770 81 10 725
233 213 3 1031
141 166 4 838
534 218 17 993
749 81 7 639
516 11 7 298
440 158 5 971
465 198 40 1199
492 147 44 216
52 265 21 918
507 279 23 42
70 197 28 758
198 81 19 16
34 309 3 713
569 204 1 519
40 77 1 625
767 106 2 946
158 25 1 1171
695 118 31 960
193 248 14 1183
650 92 8 511
406 15 3 545
491 138 19 837
300 150 23 76
704 102 41 740
189 48 55 339
230 95 37 996
176 19 55 819
330 133 35 1000
357 142 22 373
755 125 1 995
590 199 1 956
115 131 4 1073
34 13 53 653
460 232 55 574
52 244 37 886
67 36 44 797
125 242 26 964
481 307 1 111
21 75 47 855
481 50 49 365
332 17 2 88
1 59 7 305
288 192 31 1110
717 134 41 937
100 272 43 1121
554 201 52 497
460 199 31 590
722 271 45 1138
303 125 4 813
89 169 31 1079
381 288 31 400
402 53 1 54
402 142 26 373
715 289 2 86
42 125 9 774
34 12 41 626
487 112 31 905
242 107 43 1178
535 299 45 1134
307 70 47 1081
116 287 5 322
451 89 19 807
461 72 31 5
160 77 9 186
381 145 19 556
143 99 38 384
295 288 19 931
254 134 7 649
309 33 2 433
456 298 25 788
620 270 25 1060
684 93 43 1051
545 20 3 1128
7 150 13 109
540 247 40 240
745 44 19 635
795 291 49 216
687 110 23 734
317 243 25 1119
536 140 22 422
399 252 9 1018
371 104 55 867
798 77 26 543
284 270 49 181
72 200 7 7
632 320 31 28
111 110 37 1128
383 64 28 391
159 75 29 1130
360 210 37 1044
94 235 47 644
262 199 8 760
616 241 1 178
124 53 38 1009
79 43 46 1044
227 288 43 680
37 44 1 767
87 18 17 486
70 82 43 478
87 23 32 163
358 247 37 631
5 161 43 466
102 40 38 370
680 162 15 1065
345 258 1 39
13 254 19 532
340 306 53 452
522 175 14 742
309 320 49 781
580 118 40 400
277 111 35 121
563 20 4 995
261 117 55 154
630 142 43 971
28 77 2 726
11 154 46 515
614 295 55 713
593 198 47 366
794 205 41 88
661 218 25 993
714 137 1 682
34 253 25 943
549 169 49 136
87 311 9 557
781 4 33 848
136 300 28 1102
313 55 14 731
76 257 39 289
207 194 43 1104
183 191 11 833
38 12 5 220
392 42 20 1161
126 159 31 996
221 266 31 1076
690 205 35 419
232 301 49 1123
212 148 15 201
483 78 13 117
90 118 22 633
99 242 7 83
453 311 15 699
735 182 7 658
463 214 16 618
279 205 13 419
588 246 40 885
323 118 38 671
50 46 35 518
666 62 5 647
468 39 29 512
397 83 9 508
661 265 7 934
112 190 31 391
488 265 13 97
766 196 14 95
141 58 37 541
314 125 20 1070
334 93 9 1051
794 16 35 995
90 152 17 975
46 154 22 1098
69 243 14 837
153 227 3 528
752 66 25 902
416 53 7 1173
612 58 31 1055
696 260 19 905
95 83 43 809
550 126 31 19
682 145 16 622
564 220 3 776
300 36 13 1011
388 320 19 204
578 63 7 73
281 160 55 930
29 286 19 198
162 243 20 1128
117 40 1 48
515 160 51 1139
569 97 28 623
255 202 31 615
370 19 56 626
784 146 37 1094
68 66 31 365
119 265 7 855
601 119 43 774
487 298 19 499
232 25 1 540
715 166 20 417
152 39 25 1030
217 75 31 113
129 126 31 308
487 130 49 485
526 289 25 364
192 30 22 388
93 173 19 978
563 137 38 944
275 309 15 179
645 271 37 343
65 295 49 38
143 217 15 578
294 53 22 847
707 111 58 627
152 172 37 214
782 297 31 144
605 153 2 80
760 5 40 13
289 286 26 1053
606 219 25 747
528 14 37 359
315 98 25 60
54 145 37 619
94 170 27 1104
227 76 23 240
200 315 29 587
71 236 4 1135
263 100 11 1096
676 50 16 712
633 84 43 828
671 75 44 881
265 163 19 604
489 179 39 649
327 4 55 776
491 263 56 434
407 261 37 730
509 261 13 752
164 205 32 261
134 150 10 622
567 233 31 120
726 228 5 886
712 8 7 436
550 220 26 268
497 169 26 247
800 283 10 1181
731 313 43 51
77 301 44 322
472 74 16 524
195 313 1 681
411 109 10 640
30 185 39 416
771 304 10 465
676 92 13 236
752 279 13 505
526 35 13 1128
529 81 1 725
459 92 49 378
716 158 5 636
110 251 37 337
366 189 38 926
227 99 37 1132
140 4 1 859
543 42 13 681
58 109 56 1017
399 294 4 1068
556 72 22 451
774 259 7 963
373 201 19 433
60 259 49 996
257 46 21 440
471 163 1 1085
284 251 8 1045
406 49 21 250
755 64 4 816
351 11 26 838
76 303 19 31
300 100 17 842
374 288 56 370
569 194 31 1153
445 111 49 627
131 186 49 503
782 224 13 1164
12 86 38 531
339 60 43 438
83 259 5 834
361 28 14 284
39 52 25 331
243 13 13 1001
88 152 32 490
135 124 50 869
501 289 55 964
778 26 47 210
591 113 27 450
136 307 50 135
11 139 1 255
731 47 13 177
153 110 34 144
510 70 29 549
706 132 25 932
325 276 19 1162
575 140 25 813
17 300 31 837
66 247 19 1138
679 92 1 19
502 191 19 306
20 258 1 1043
763 246 5 43
337 173 37 848
789 128 10 736
572 118 8 525
182 8 35 1152
290 69 23 644
400 298 38 215
557 207 25 664
792 166 22 908
423 115 11 885
455 276 13 1098
519 163 25 136
767 266 37 1178
283 248 3 1055
128 160 49 356
787 268 11 1098
352 3 44 695
262 270 1 272
90 56 19 125
379 317 31 482
659 221 37 352
302 173 49 983
405 315 20 741
26 235 35 53
780 266 16 822
264 226 49 919
441 119 19 468
27 213 37 391
664 52 57 1179
567 120 57 517
638 122 32 632
722 143 13 1181
694 2 31 898
779 147 43 384
456 112 7 551
64 64 2 302
458 239 20 840
193 2 43 826
670 172 44 396
165 78 14 858
585 110 20 46
447 50 38 244
533 52 19 887
269 39 14 513
573 187 35 1153
379 171 33 1069
527 305 49 56
470 111 35 627
584 241 43 1079
548 37 37 761
200 202 50 641
261 276 15 606
783 86 15 42
534 122 26 748
381 132 37 128
68 97 39 612
621 182 38 956
395 18 39 431
404 53 10 54
776 198 22 1075
590 207 43 274
733 270 43 983
516 115 11 27
579 137 49 971
261 227 43 25
442 241 43 532
670 244 13 256
277 100 7 774
152 127 40 388
607 305 43 589
182 271 1 581
280 18 20 1052
472 211 1 686
500 263 31 299
43 5 3 428
207 233 49 632
379 239 39 795
429 178 28 749
216 248 34 290
485 151 19 652
385 85 13 844
228 99 25 1180
329 135 26 412
750 115 11 117
593 112 19 779
717 179 9 798
800 77 38 571
123 23 1 858
693 2 15 879
90 53 55 219
155 201 31 469
316 203 27 1171
318 277 9 503
792 76 19 422
178 107 33 252
399 168 15 1059
560 41 14 548
291 84 51 50
472 302 19 4
313 85 59 23
547 258 34 834
648 5 1 165
507 104 55 661
114 189 49 717
39 194 15 475
294 190 31 54
496 71 43 496
629 270 43 192
587 147 22 677
608 143 4 791
433 119 7 657
471 123 52 602
512 143 22 655
423 22 13 1168
359 76 17 623
361 277 7 941
604 121 37 641
271 305 11 1011
205 182 31 398
425 186 16 172
176 114 13 956
185 23 7 841
748 119 43 746
119 179 25 677
397 32 4 315
656 203 21 895
3 50 2 571
380 239 37 898
208 23 15 740
455 319 29 998
353 218 47 993
461 182 13 624
462 320 25 785
461 69 17 948
151 4 49 691
250 136 34 618
480 160 44 284
375 239 7 776
289 239 1 87
403 22 35 1066
220 291 22 819
746 30 20 1157
344 74 16 292
190 242 27 83
671 313 51 228
313 80 17 504
372 150 4 676
417 164 49 918
242 96 13 467
463 76 8 243
440 100 25 823
755 239 9 507
578 233 32 1032
794 243 7 851
489 32 5 613
246 11 1 998
351 106 55 622
699 9 10 591
490 265 38 501
786 104 37 734
132 33 35 366
732 151 17 640
258 117 13 111
799 205 5 635
61 304 49 1090
308 5 10 13
149 298 15 455
455 22 9 39
352 300 1 464
398 200 7 165
316 254 5 146
149 57 31 1020
32 13 11 175
705 20 20 222
252 132 25 852
737 290 22 19
193 195 7 567
646 68 49 164
267 4 19 1061
791 301 49 1014
177 244 7 1154
387 231 25 967
518 272 25 841
138 15 43 545
264 223 40 491
246 224 34 1190
148 250 57 1065
707 101 15 44
406 76 41 677
450 182 38 33
28 215 49 59
693 214 22 1014
21 23 1 434
221 74 37 882
293 103 20 403
414 292 41 140
288 114 55 618
736 193 25 382
472 290 13 198
342 232 25 574
703 194 31 575
320 140 27 1018
208 130 27 650
728 33 29 1082
434 2 1 748
63 52 28 631
259 299 52 167
233 126 7 309
567 70 55 1081
57 101 33 44
458 187 27 118
65 275 25 496
522 137 1 208
42 233 45 675
83 132 1 31
442 277 7 485
579 298 33 568
725 30 2 384
33 260 29 820
156 40 37 1090
534 58 45 594
547 100 25 487
94 205 21 1109
377 86 28 446
462 131 5 947
759 78 1 563
359 146 4 135
516 290 39 637
4 271 49 1192
123 145 10 933
492 77 49 571
663 271 25 191
533 17 39 1120
137 184 52 483
539 239 21 23
84 162 17 149
566 153 13 910
99 300 4 1188
292 285 55 1063
744 271 19 991
86 112 21 359
611 13 19 175
510 147 14 82
270 173 3 1156
385 144 8 289
393 293 19 281
79 91 1 712
28 240 31 619
744 107 14 813
663 18 23 979
670 20 33 249
552 256 19 87
297 202 49 674
536 164 25 354
568 146 2 888
80 105 13 1200
181 9 9 200
243 75 33 1013
201 134 21 379
787 225 44 1151
711 242 25 794
525 34 31 1190
759 160 25 606
252 69 1 616
455 255 22 210
197 220 21 47
266 261 10 265
715 156 43 369
91 245 43 1019
331 215 5 468
8 204 50 84
581 126 3 308
129 310 43 1083
588 202 1 734
796 158 29 478
496 213 49 1133
132 179 1 955
218 26 7 802
453 256 19 927
613 85 37 119
590 258 31 851
580 29 43 909
229 137 31 926
155 158 1 639
341 5 3 204
67 135 13 394
46 118 34 704
685 42 15 1061
171 264 10 936
763 89 43 766
166 189 43 366
391 16 2 965
324 118 25 796
94 270 43 459
625 268 25 468
431 101 10 276
567 305 39 127
292 90 13 659
580 172 37 1115
385 154 4 1110
305 145 19 58
784 38 3 733
695 317 17 905
163 93 22 555
134 272 43 393
10 181 40 180
286 113 15 494
747 5 10 307
160 219 22 336
179 38 20 610
462 251 13 245
271 250 49 464
177 220 45 164
674 71 23 736
2 52 37 1060
513 259 25 1007
373 117 27 895
603 238 32 77
765 142 13 991
194 305 53 1174
301 104 13 1111
686 57 29 356
162 53 45 812
643 221 32 182
320 120 13 264
13 264 49 569
169 291 31 582
544 17 13 209
465 256 13 1155
572 44 1 934
103 152 10 15
245 133 1 722
281 48 43 339
347 4 55 885
662 136 10 897
32 227 19 726
548 90 25 1084
67 302 49 4
675 286 8 626
432 133 22 88
113 205 19 533
269 49 19 386
615 275 13 812
718 279 1 1186
227 262 55 832
558 92 25 998
487 79 3 811
519 159 19 1034
568 98 37 789
535 237 7 1162
240 6 28 706
248 213 9 1031
699 6 7 721
426 182 19 237
62 317 13 469
167 227 49 689
184 311 31 622
344 310 28 157
410 115 1 1029
236 56 27 22
669 39 5 858
698 169 1 845
137 297 14 278
643 52 2 854
223 13 2 593
484 6 38 374
574 233 44 740
283 234 1 957
548 128 15 453
258 123 44 49
143 243 51 934
173 118 13 282
368 103 31 956
345 243 7 875
709 145 40 532
613 270 1 769
50 236 49 926
223 47 4 49
676 272 50 363
10 37 19 920
370 23 9 906
268 60 40 1159
514 113 7 159
598 229 25 551
471 16 49 845
417 286 13 64
133 300 25 1188
65 112 55 599
54 46 16 778
380 64 41 370
430 60 51 403
416 213 27 1077
582 276 22 762
121 308 25 590
133 64 28 333
718 205 38 929
406 180 29 212
102 150 7 338
333 103 21 646
633 108 37 78
88 49 49 250
44 31 55 387
520 9 58 873
19 227 19 25
269 178 27 325
707 226 1 919
206 47 31 513
94 179 40 790
734 54 28 464
204 69 11 88
656 214 4 123
386 196 7 185
403 294 55 979
519 216 8 1186
414 141 31 1101
213 154 8 536
406 178 35 14
593 245 10 981
558 115 17 3
147 220 13 736
136 281 38 1003
279 126 7 539
18 147 22 747
459 19 38 819
95 175 19 502
758 259 29 729
328 60 13 866
421 104 14 560
150 192 1 1062
99 282 9 1035
446 311 44 1094
250 239 16 579
9 32 11 198
289 92 10 540
186 153 49 31
547 269 43 1024
483 9 21 66
211 294 46 1200
47 180 15 799
540 31 13 254
773 33 1 775
618 100 31 414
485 271 40 1038
643 31 20 387
168 146 5 572
213 254 11 534
512 303 25 1105
265 220 25 370
23 203 50 584
381 238 16 113
130 214 31 1171
341 150 23 200
254 258 31 629
617 43 1 523
202 89 25 814
331 145 13 556
407 189 31 374
364 252 43 663
296 86 40 42
560 271 1 857
672 276 45 806
643 125 50 758
344 263 38 855
279 176 25 1163
670 194 37 839
278 44 23 1054
189 197 31 202
355 269 31 1167
304 207 19 681
446 316 31 1027
797 98 3 906
59 207 1 191
300 102 5 694
149 255 58 210
153 291 13 857
127 82 49 831
67 295 31 596
514 288 31 1052
68 319 17 766
235 76 22 731
104 8 1 1128
629 204 31 472
502 175 55 589
181 259 7 128
61 160 25 463
547 41 4 443
466 22 17 677
476 251 43 217
151 28 25 570
57 100 11 555
237 173 37 467
8 144 14 136
343 243 1 1143
707 254 13 204
253 239 22 338
633 315 35 741
388 64 35 288
533 215 11 277
667 115 35 3
246 205 11 253
328 124 43 967
164 272 37 492
590 30 19 374
654 44 17 786
291 12 41 1027
400 250 44 391
440 156 1 1172
14 135 7 1105
438 237 11 419
511 310 37 793
159 102 17 365
681 135 31 585
391 248 4 432
446 132 49 653
61 245 39 284
110 16 11 374
444 16 1 1036
639 122 31 669
284 85 13 1044
114 275 13 1014
422 56 31 233
524 112 37 729
25 75 21 307
193 131 19 778
521 279 41 393
237 178 13 1075
426 28 40 1065
651 96 55 957
342 144 23 610
165 306 31 979
12 285 13 238
241 108 20 78
663 22 29 724
53 277 29 128
263 4 43 755
715 196 50 492
167 320 26 1004
607 44 7 1171
161 9 17 1187
59 152 13 1169
398 84 31 946
224 60 40 46
550 242 7 1037
627 165 1 817
255 245 52 178
707 55 7 900
792 313 55 228
644 214 50 490
150 87 55 1149
120 148 1 214
503 110 8 22
275 35 37 553
442 104 57 734
716 25 25 432
272 117 19 27
4 26 25 262
699 221 4 182
629 248 38 1192
346 260 23 740
437 301 55 332
729 150 16 595
8 296 5 85
320 299 2 804
28 37 7 799
546 187 11 208
494 308 50 924
607 311 31 442
528 90 25 251
672 311 14 557
138 201 11 222
92 136 43 121
155 105 43 389
591 247 8 59
351 134 31 1125
488 66 23 981
590 33 10 946
754 197 11 690
50 7 37 693
558 77 37 1176
552 99 49 855
559 62 49 768
64 148 7 33
78 135 25 105
494 158 11 114
533 256 13 686
643 102 11 630
352 29 10 558
576 52 7 331
18 315 35 587
98 200 49 885
667 286 55 64
410 105 34 1176
9 195 51 551
130 162 3 1013
6 54 5 808
557 278 58 279
7 230 22 1129
81 42 14 676
374 31 8 748
135 263 25 941
82 115 25 950
378 25 10 1162
480 211 7 1059
230 47 7 623
120 156 31 369
398 298 44 464
738 54 19 863
542 61 31 316
621 90 25 626
754 299 25 764
353 259 22 729
240 36 19 1011
363 126 26 19
459 154 16 297
506 44 20 61
254 289 4 482
428 170 2 980
156 125 7 415
115 98 58 1151
607 46 14 929
138 152 29 532
274 270 43 282
800 74 33 250
683 174 25 995
207 148 25 1168
372 90 35 356
78 69 29 1148
232 47 16 36
479 277 19 287
332 83 22 816
264 231 7 1156
447 196 13 616
653 37 7 111
755 80 46 504
665 65 10 764
722 231 25 786
538 52 13 1089
780 207 32 117
585 218 49 993
575 88 19 864
59 83 8 893
307 165 20 654
218 72 4 1092
217 256 25 927
315 244 20 534
278 202 2 277
213 144 37 344
244 224 16 1167
426 198 29 467
263 45 2 620
399 207 43 662
523 34 25 1142
496 211 19 1168
28 141 20 481
313 309 19 1153
694 300 10 651
422 114 19 1013
654 140 38 7
536 146 58 1026
770 145 20 1094
536 241 13 79
357 103 8 966
571 286 26 859
468 303 25 1170
97 153 37 433
92 30 32 1179
762 86 39 648
494 227 37 366
470 47 9 603
249 163 9 916
507 118 44 1057
58 99 19 230
464 233 25 774
7 224 1 1110
775 302 7 487
800 152 31 521
726 298 1 423
150 172 34 623
757 198 22 266
77 253 58 943
160 231 16 759
588 92 21 516
120 237 4 1088
34 243 44 1143
303 20 19 1075
340 147 43 221
318 166 44 904
100 73 7 675
43 269 49 573
702 68 32 209
421 107 43 543
533 102 23 1061
540 244 19 1151
16 320 19 699
498 303 2 138
329 98 20 347
710 50 31 659
485 273 55 1160
338 44 11 728
194 269 37 385
208 293 31 1083
400 261 4 935
702 277 11 1095
336 84 8 828
257 88 45 1049
286 32 1 16
92 303 1 963
431 299 25 1052
8 126 43 255
723 157 49 577
691 142 15 147
171 5 7 528
237 104 1 322
59 306 55 452
179 108 43 41
643 16 8 572
380 221 5 250
129 133 55 268
160 58 3 1020
503 102 29 1039
197 258 16 764
484 5 4 406
261 297 1 30
129 77 26 822
210 26 23 485
263 287 13 981
573 83 40 870
690 17 14 1063
69 85 5 212
30 35 44 526
474 214 2 1147
3 140 26 422
338 286 13 523
186 49 37 658
203 165 37 224
273 146 34 562
201 191 29 1140
196 116 49 97
671 317 7 241
61 195 43 731
618 311 26 66
93 78 40 1138
234 50 46 967
527 297 11 868
352 96 38 872
474 260 13 270
658 160 1 632
119 201 5 469
520 6 4 1176
212 105 11 31
43 220 14 426
157 22 19 136
82 185 55 555
166 180 55 1062
453 94 31 1151
674 303 31 123
228 49 13 922
205 46 15 852
101 194 37 48
572 50 19 63
669 40 25 156
602 304 37 752
735 288 25 457
744 163 39 1105
316 125 7 497
60 266 15 51
704 291 16 838
377 57 1 567
163 127 43 388
718 44 31 319
615 221 11 26
304 243 14 456
250 113 56 736
482 303 13 138
380 143 21 50
219 203 1 190
703 261 44 752
98 286 43 887
118 307 56 898
161 285 39 195
603 107 49 665
143 154 33 662
224 185 13 796
503 165 19 786
165 60 1 961
257 3 7 507
354 266 25 669
404 231 27 1161
318 192 1 586
76 22 23 144
523 222 16 152
185 289 1 592
751 182 9 939
522 37 31 1061
639 30 39 119
381 169 58 347
28 150 11 878
445 234 41 957
119 220 39 417
27 211 26 104
171 198 13 834
376 291 55 1070
505 185 19 404
765 215 7 1140
234 299 22 1052
102 261 4 1179
583 115 49 403
56 197 4 908
372 198 53 467
493 105 10 55
656 57 25 756
426 302 32 153
638 204 37 971
787 55 7 767
51 161 2 736
544 320 19 785
104 45 13 840
137 285 55 826
640 238 43 932
767 272 31 382
97 66 7 327
741 120 28 863
317 61 1 316
223 149 34 340
754 50 44 108
245 279 28 535
177 288 55 779
129 160 15 54
312 301 51 241
332 110 11 334
154 319 11 845
740 270 27 12
630 276 1 263
470 297 13 646
153 161 39 409
244 168 50 808
351 72 3 1155
74 254 32 887
621 266 19 575
142 12 11 808
31 23 1 281
710 47 40 36
453 288 1 120
714 117 9 1116
454 310 50 273
631 158 2 887
654 153 20 308
721 250 19 1016
199 267 37 935
481 61 31 1103
791 121 31 1166
651 214 8 495
95 286 55 409
720 287 17 693
609 203 13 749
462 97 38 764
221 173 26 604
374 125 1 635
87 272 43 31
480 312 34 996
483 96 31 639
466 233 49 543
183 28 9 1098
693 20 58 28
550 84 37 946
18 12 11 733
600 207 19 664
694 277 43 380
612 301 43 554
608 98 19 60
744 146 5 591
34 88 37 864
185 178 29 689
390 104 33 187
705 227 7 661
628 88 32 864
150 214 9 970
242 18 40 661
255 69 47 411
730 108 31 796
238 71 22 149
446 213 2 486
6 122 31 464
678 282 19 194
36 47 15 646
359 66 7 653
416 261 16 1039
65 81 7 974
794 210 19 1187
738 136 4 836
216 254 25 1002
781 133 28 536
538 310 40 835
784 152 29 290
265 97 38 389
730 252 9 223
547 34 38 1142
133 44 20 622
603 196 26 1093
747 110 23 887
499 273 55 1035
121 238 32 455
133 313 7 1180
627 200 15 165
32 77 25 596
107 137 55 829
658 99 39 750
188 180 3 967
663 168 14 655
637 39 41 918
171 125 31 813
241 70 11 1081
258 289 32 149
181 241 19 1079
255 66 13 859
148 197 34 992
663 320 55 996
482 258 40 1096
609 268 49 603
550 150 46 560
525 16 13 39
666 53 7 123
328 119 25 108
451 91 25 985
781 320 9 803
146 98 26 906
311 81 52 639
575 198 1 132
83 84 9 231
456 18 11 1044
543 180 28 816
262 15 37 320
61 237 29 415
231 90 5 1117
33 6 13 13
555 274 19 23
708 11 25 738
445 242 23 964
489 239 20 163
427 9 35 591
60 22 1 724
777 302 13 670
650 297 5 877
128 45 1 1058
486 14 55 198
286 74 10 1171
701 298 49 3
340 257 16 378
305 191 44 816
697 241 37 951
330 236 13 1004
368 298 43 855
797 180 25 1036
223 19 31 967
693 317 50 209
635 8 5 14
37 72 19 90
111 219 55 747
795 134 7 646
685 30 7 691
113 96 38 486
55 256 26 170
20 90 49 26
795 65 32 885
256 81 38 1071
133 220 1 95
545 144 1 368
534 84 1 231
104 18 8 878
795 221 10 1023
267 33 13 397
424 16 23 572
76 236 9 769
259 61 39 375
247 198 17 409
658 78 17 91
768 153 7 521
799 101 37 858
351 29 37 558
61 78 17 1138
419 62 20 299
634 177 37 248
605 141 31 508
491 91 39 166
793 142 31 915
296 103 7 86
194 317 4 698
81 225 37 632
45 59 21 744
411 93 4 927
732 43 1 417
97 317 34 770
140 70 19 549
232 195 9 300
107 133 1 386
671 289 1 664
475 54 13 932
713 4 55 147
356 221 5 1023
209 31 31 645
258 101 37 762
30 263 27 777
33 174 25 460
558 59 56 660
759 29 51 909
382 271 56 1126
396 317 17 642
672 261 49 989
421 291 7 1113
772 152 22 885
33 149 3 549
652 212 55 771
2 270 13 1107
590 187 55 961
277 177 55 248
763 41 1 102
377 20 44 580
72 46 11 985
67 105 17 533
176 257 37 428
444 25 20 822
504 41 40 878
348 67 7 786
250 163 9 563
44 22 22 669
376 229 13 356
708 97 57 497
756 9 17 66
468 30 10 1157
180 210 44 410
221 130 20 949
688 259 31 665
414 191 3 286
301 124 32 730
80 39 1 517
574 148 31 649
342 211 31 434
228 228 29 98
254 135 43 1105
514 52 37 1027
688 188 1 390
614 168 21 393
326 15 13 320
751 90 25 509
392 102 56 1075
239 38 32 841
681 307 51 619
153 123 7 1153
737 310 58 836
123 100 7 118
434 110 5 778
69 221 2 250
718 169 40 1118
494 236 33 1049
604 71 35 383
337 194 31 76
689 137 55 662
513 309 33 689
187 112 44 252
103 191 26 845
119 94 29 531
448 64 1 512
350 4 2 1095
660 84 16 160
436 204 1 285
266 128 4 803
135 141 19 274
275 105 4 1054
12 81 32 573
134 267 13 1130
776 168 31 838
490 313 43 781
257 5 13 870
420 301 2 393
55 225 13 243
3 5 40 945
744 62 7 184
272 58 13 386
198 265 50 1018
190 57 16 961
713 270 49 277
257 268 19 1198
233 35 33 920
627 198 13 1151
196 295 37 432
487 53 25 843
701 259 5 24
673 113 1 105
198 51 34 685
257 86 16 131
314 196 49 293
787 165 25 269
125 65 40 455
602 190 13 809
423 152 34 667
703 301 56 729
638 125 1 1053
575 277 22 1171
578 58 25 209
705 150 25 411
99 209 25 203
117 45 13 641
727 195 25 550
Điểm tối ưu: 9073
Thời gian: 87.9192 giây
Trạng thái: PARTIAL
