9593
748 58 3 75
640 58 31 75
605 306 1 1032
581 306 25 821
550 306 19 1153
538 306 15 821
521 306 3 821
484 58 3 809
483 306 13 1153
474 58 50 638
464 58 7 75
444 306 49 1032
386 306 19 821
385 58 37 809
364 58 49 75
310 58 19 638
297 306 9 1032
276 58 25 809
263 306 1 1153
246 58 31 638
230 306 49 821
190 58 3 638
162 58 25 638
152 306 25 1153
134 306 37 1153
101 58 19 75
96 306 55 821
87 306 7 821
49 58 43 638
700 8 31 93
677 263 27 918
649 8 49 1028
595 8 55 1028
590 263 7 501
580 263 1 833
573 263 31 918
370 263 31 501
318 263 25 771
221 263 31 833
220 8 25 857
152 263 13 501
93 8 13 1028
63 263 33 771
61 263 25 833
46 8 15 507
5 263 2 501
783 140 25 217
759 228 37 1098
612 228 31 397
572 228 9 1098
429 140 25 643
349 140 14 499
291 140 25 1003
266 140 13 217
220 140 31 765
189 228 37 397
180 228 8 703
173 228 20 703
170 140 25 499
83 228 3 703
14 140 49 499
757 251 1 1157
711 251 1 265
675 251 57 1039
585 212 19 346
516 212 56 1160
414 251 2 968
376 212 19 401
369 212 38 484
356 251 45 1157
284 251 13 484
258 251 2 229
148 212 1 484
132 251 43 484
129 251 44 1101
46 212 2 401
768 32 37 136
586 154 8 640
550 154 37 1166
451 32 38 675
422 32 19 509
302 32 55 509
279 32 43 1057
227 32 7 136
48 154 37 655
683 169 9 283
640 169 3 283
202 169 2 546
748 120 8 328
672 14 56 343
571 14 15 343
530 14 19 343
452 120 37 344
367 14 37 343
349 120 1 453
312 14 44 1117
246 14 19 1117
194 120 25 425
657 257 19 85
633 137 19 1079
457 137 55 1079
339 137 49 373
226 257 8 512
188 137 21 409
659 134 37 207
503 49 55 205
422 134 43 1078
337 134 1 361
335 134 43 60
303 49 1 316
275 49 2 205
122 49 38 316
82 134 43 13
38 134 21 991
638 185 1 435
531 185 2 1160
511 272 25 209
503 129 32 517
475 272 8 901
424 129 37 295
365 42 43 627
363 272 26 165
239 129 13 517
230 42 20 1059
206 129 2 1199
190 272 19 358
188 42 55 406
170 272 13 1003
47 42 32 856
777 305 19 1178
695 63 14 250
526 63 15 688
434 305 19 131
398 305 55 80
266 63 39 528
147 63 33 720
124 305 43 229
46 63 31 290
45 305 32 357
774 313 9 329
624 313 51 329
600 313 43 824
423 313 43 540
128 313 19 466
125 313 55 824
61 211 9 720
605 175 39 987
578 175 43 592
555 175 56 137
185 175 26 137
145 175 37 346
723 240 9 45
694 240 1 244
616 240 13 244
551 240 44 1053
346 240 8 683
25 240 9 479
23 240 37 95
631 53 1 741
608 88 37 1144
519 88 3 961
463 53 25 1007
355 88 43 149
342 53 1 459
114 88 31 15
54 88 7 149
768 187 31 754
765 187 37 442
746 187 55 310
553 187 1 629
249 187 31 658
77 187 43 636
729 177 21 150
721 177 43 658
678 177 55 911
526 177 2 70
91 177 50 349
794 25 14 71
744 267 13 292
698 25 43 914
693 144 2 847
609 144 55 910
598 267 27 804
521 267 26 936
489 144 25 315
427 267 14 1069
411 246 14 255
348 267 9 994
313 144 21 1141
178 25 19 1082
166 25 13 128
117 25 25 631
81 267 27 892
7 25 56 736
604 92 37 1071
527 92 20 138
509 289 55 790
302 92 14 1010
281 92 8 784
138 289 45 851
21 92 3 619
565 298 13 48
192 298 9 477
179 298 49 163
149 298 19 676
697 64 2 1016
515 64 1 690
406 64 19 695
337 64 31 1065
261 64 31 279
40 64 37 572
631 220 21 1169
580 214 31 278
439 220 26 63
270 220 38 722
264 220 19 574
134 220 7 802
623 17 49 54
587 17 1 1142
512 17 7 936
91 17 55 697
773 281 31 263
761 284 55 505
707 281 37 360
693 85 14 515
686 281 44 760
598 284 43 556
471 281 43 861
440 284 25 51
342 281 9 894
283 284 13 823
696 265 7 1052
308 265 21 735
118 265 25 250
663 311 38 855
378 311 1 498
309 311 19 1104
304 311 55 241
297 311 13 855
649 159 25 536
637 133 55 184
597 159 25 109
394 133 13 613
358 133 1 615
28 133 43 762
277 94 15 552
708 197 25 308
305 197 3 505
262 197 19 984
76 197 44 527
760 65 45 970
537 65 43 398
356 65 49 1045
644 151 37 1192
52 151 38 716
642 182 49 135
554 182 1 1124
100 182 49 408
631 123 15 616
36 123 8 788
791 119 9 1181
776 91 13 639
601 91 3 1101
552 91 13 1055
547 119 43 81
492 91 9 639
403 119 19 1037
268 119 7 1045
237 91 37 1188
132 91 1 561
642 62 25 384
475 62 15 807
450 62 43 1091
421 62 20 1091
651 131 51 485
399 131 1 538
382 131 8 119
365 131 39 822
177 131 43 511
141 131 32 967
92 131 37 302
80 131 13 594
753 89 50 365
719 89 2 33
643 89 44 1120
635 89 50 882
198 89 25 292
300 84 20 794
276 84 1 388
565 249 19 1098
345 249 25 101
310 249 32 112
598 43 3 1012
594 43 7 774
588 43 49 336
461 43 13 84
418 43 8 860
350 43 31 755
144 43 25 1154
1 43 37 114
792 259 19 799
732 56 39 170
228 56 20 253
744 153 7 344
564 153 27 96
497 153 8 737
378 153 25 349
213 153 26 686
749 125 9 880
477 125 49 97
292 125 3 835
192 125 49 319
169 125 13 705
57 125 49 108
775 199 15 89
768 199 7 878
353 199 25 1011
335 199 51 708
247 199 9 200
228 199 25 37
130 199 19 98
120 199 1 594
106 199 13 83
698 238 55 773
658 167 1 814
620 162 3 88
599 162 15 1107
406 286 3 272
233 286 8 193
78 162 25 646
49 6 19 273
29 238 9 166
728 216 27 1187
594 216 13 954
296 216 37 780
163 216 19 810
682 7 31 3
583 7 3 739
210 7 7 1078
793 226 13 768
767 226 8 423
693 245 39 626
634 245 31 420
545 245 43 462
537 226 2 899
534 245 19 685
319 226 55 422
155 245 9 711
54 226 14 3
566 290 25 428
418 290 19 320
367 290 19 186
256 290 50 1067
124 290 37 606
696 157 43 467
468 157 38 133
201 157 15 98
192 157 31 834
711 78 27 291
689 78 15 778
628 78 27 426
592 78 14 182
540 78 37 139
510 78 37 502
425 78 27 502
347 161 56 8
339 78 9 622
156 78 13 468
88 161 25 876
538 55 21 364
427 55 25 604
238 55 3 7
790 250 49 18
759 233 55 43
579 250 43 362
515 233 13 151
408 233 32 1000
363 233 33 418
299 233 31 795
194 233 39 873
165 233 7 815
159 233 20 83
789 69 1 763
437 69 15 972
330 69 31 1199
302 69 25 451
743 173 1 172
706 173 37 410
615 173 13 718
460 276 1 666
343 173 19 354
231 276 15 284
183 173 27 745
760 241 39 1138
749 241 3 438
737 241 1 1138
676 241 33 1050
672 241 22 1138
660 241 16 1138
541 59 37 777
504 241 15 1050
479 241 37 438
341 241 14 438
335 241 40 1050
298 59 7 855
290 241 40 438
263 241 19 1138
246 241 13 1138
123 241 19 1050
99 241 37 1050
91 241 4 1138
51 241 28 1050
800 268 34 855
751 268 37 998
669 268 38 256
524 268 27 855
451 268 19 998
442 268 3 855
258 268 22 998
140 268 2 998
112 268 10 937
105 268 13 998
516 244 25 1055
510 244 9 1176
105 244 8 1179
789 174 21 266
781 95 55 566
763 283 15 574
557 95 55 1178
534 174 33 266
469 283 31 975
466 174 37 795
359 283 13 350
352 283 15 408
352 95 1 1052
163 283 49 38
161 95 1 634
96 174 2 483
88 95 1 368
27 95 7 286
2 174 45 795
796 255 38 541
762 273 7 1076
701 255 20 634
683 255 2 529
581 273 51 111
541 255 19 614
404 273 32 365
375 273 39 736
141 273 1 736
40 273 20 287
765 141 56 614
712 198 52 446
696 198 26 446
695 141 31 199
600 307 19 65
597 141 19 907
578 141 19 405
484 307 9 863
452 141 27 772
451 141 43 489
413 141 55 551
380 198 25 635
362 141 8 451
322 141 39 712
288 198 19 178
221 141 13 7
216 198 14 446
96 307 25 994
77 141 19 962
70 307 26 65
777 106 55 76
630 106 33 871
609 106 14 318
507 57 9 900
440 106 2 20
398 57 7 421
365 106 13 566
334 57 32 232
315 106 37 971
147 57 25 60
125 106 13 867
55 57 25 154
19 57 15 1199
639 3 7 500
481 163 56 98
471 163 3 506
758 147 31 323
717 219 19 948
681 252 21 448
644 147 13 555
643 147 49 323
639 219 22 601
611 147 34 1125
493 147 33 555
419 147 34 681
378 219 38 25
70 219 9 1058
33 147 34 323
773 234 44 424
700 234 13 1074
553 234 51 220
463 234 37 718
458 234 1 697
369 234 51 1056
274 176 39 42
74 234 20 808
750 100 19 666
390 100 55 644
335 100 19 1129
213 239 20 241
187 100 19 429
175 239 37 444
136 100 9 116
69 239 50 530
2 100 1 249
214 297 32 496
48 297 20 1045
402 139 44 74
400 139 8 219
320 139 9 90
222 139 20 1088
217 139 49 980
621 260 2 976
609 260 1 124
520 260 38 814
413 260 1 873
357 260 22 1023
354 260 27 976
274 260 49 103
50 260 44 135
18 260 38 695
755 155 57 932
719 155 25 605
428 160 9 88
389 155 33 72
194 160 20 88
141 316 16 1181
100 155 10 1039
98 160 25 1158
36 316 46 1002
772 156 32 1
650 156 39 391
620 210 49 938
568 20 32 939
557 156 3 933
556 20 32 777
464 156 25 49
402 156 19 500
312 156 49 901
258 156 44 754
232 20 16 887
113 210 1 617
39 20 28 580
14 210 39 698
604 99 7 522
570 99 9 456
364 99 10 1053
261 172 49 352
226 99 19 135
225 99 1 1053
188 99 32 408
141 99 37 121
92 99 20 361
83 99 10 212
717 242 58 966
638 171 43 272
509 171 37 173
310 171 49 953
23 171 58 685
613 178 33 672
545 47 1 5
505 178 45 342
457 178 1 842
441 178 14 516
206 178 58 842
147 47 20 339
122 47 28 859
9 47 13 990
655 193 31 109
628 193 7 1123
217 193 15 405
648 118 1 12
199 118 8 913
89 118 22 633
771 122 10 387
777 77 46 374
414 114 34 892
328 114 15 876
466 146 7 525
417 146 37 1148
761 278 19 922
717 278 44 436
685 280 2 765
636 278 39 336
616 278 37 470
431 278 21 1039
287 280 38 711
162 280 32 1067
114 280 4 872
661 29 34 1178
636 29 28 89
635 29 34 337
527 29 10 492
358 29 43 1058
344 29 14 492
298 29 14 67
204 29 39 928
123 29 22 524
741 309 46 608
684 186 56 522
638 142 16 1024
630 186 37 80
621 186 13 860
605 13 22 945
561 142 32 436
549 35 20 951
543 186 50 866
449 35 4 951
441 186 25 509
372 186 33 683
284 142 21 778
267 186 25 866
267 142 32 14
245 309 25 211
217 13 22 758
192 142 44 877
173 142 3 738
127 186 50 41
104 309 19 498
33 186 39 1146
770 232 19 871
414 190 31 1120
328 190 25 1120
315 190 43 915
290 190 55 274
276 232 57 1023
9 190 56 620
552 164 57 307
401 164 33 613
207 164 20 307
794 70 3 870
748 70 43 913
420 70 19 382
184 70 43 917
103 70 27 1142
777 51 13 112
719 51 15 1158
715 51 31 561
682 45 1 869
638 86 20 538
576 229 38 345
576 86 43 814
568 86 25 486
540 86 20 814
498 45 25 905
468 229 10 308
429 229 4 299
347 229 45 1033
295 51 27 225
152 229 44 1103
118 229 3 924
61 45 1 188
12 45 37 516
9 51 25 1198
3 51 1 62
789 39 27 393
702 39 27 577
526 39 7 644
54 39 25 1199
620 105 14 169
422 105 49 169
186 105 3 948
743 292 13 421
553 292 7 945
472 292 51 409
340 292 28 914
681 196 14 1142
70 111 52 950
599 19 7 983
581 19 40 550
485 19 46 177
747 116 46 195
652 116 10 195
612 116 55 1164
582 206 22 722
532 206 19 154
442 206 26 403
404 206 14 373
375 116 45 478
370 206 43 2
309 116 27 1104
218 116 58 318
183 116 7 1164
174 206 20 108
165 116 28 484
139 116 37 523
113 116 31 819
36 116 33 280
11 116 46 766
665 21 46 716
278 21 27 921
656 80 51 999
553 258 26 380
521 258 43 188
487 258 7 764
476 258 14 39
454 258 31 223
433 258 1 394
411 258 20 865
329 258 45 104
198 258 44 903
160 258 2 689
534 135 15 675
169 135 1 187
772 293 1 113
728 293 13 1146
450 293 19 1070
197 293 3 621
782 235 33 990
743 235 21 647
85 235 7 131
28 235 3 360
13 235 19 1196
670 299 57 1071
497 189 2 579
393 299 45 659
273 299 4 943
234 189 9 1151
183 299 57 971
159 299 39 941
63 299 22 615
53 299 31 681
793 166 26 1082
694 166 25 19
672 166 49 24
647 166 22 228
488 300 32 215
365 300 25 117
336 300 37 118
322 166 4 392
169 166 19 391
8 300 25 221
788 102 25 1095
774 225 1 335
667 102 43 167
634 102 49 177
500 102 43 1127
464 102 1 679
386 225 31 694
348 225 56 123
228 102 33 983
153 225 39 267
117 102 13 667
95 225 32 734
91 102 19 437
752 110 4 85
720 266 25 359
680 110 9 766
677 110 13 269
507 320 15 741
498 266 43 102
432 320 27 889
387 110 37 268
367 320 1 1086
335 110 31 894
239 320 4 958
154 266 58 1126
83 320 19 1195
635 170 27 995
511 170 19 558
501 170 33 995
492 170 19 97
542 231 8 729
419 231 13 502
395 231 50 263
273 231 16 233
163 231 44 1001
752 243 16 400
734 243 3 254
665 243 55 463
622 52 9 561
612 52 16 447
607 243 4 1059
588 243 16 1031
470 52 55 526
441 52 55 1002
86 243 9 1173
747 296 31 115
654 296 16 797
592 296 43 974
418 296 16 997
397 296 16 889
328 296 45 329
236 296 51 492
772 24 44 599
755 96 19 993
617 24 1 18
418 96 1 1078
18 24 43 1061
767 191 3 296
713 191 1 339
578 191 40 984
570 191 19 1026
534 191 44 1065
481 73 25 910
317 73 33 45
255 191 16 403
761 113 8 524
708 165 49 776
697 165 7 952
686 30 7 1177
629 30 7 54
598 113 37 891
524 113 2 114
518 30 16 461
460 113 46 1154
450 113 10 24
406 113 31 212
398 30 50 907
389 30 16 348
244 30 49 248
180 30 3 605
175 30 49 1167
120 30 16 979
81 165 14 776
67 30 4 560
27 30 31 1001
4 165 13 757
686 38 25 941
493 38 2 159
357 38 15 1157
276 38 7 404
757 203 27 1021
676 262 50 175
586 203 43 1189
490 262 13 953
487 203 10 440
331 262 7 530
797 9 7 266
317 9 22 1102
263 9 25 705
44 9 1 554
476 227 7 566
441 54 43 769
360 54 22 480
356 227 37 415
152 54 9 92
149 227 4 301
138 54 1 485
69 54 2 558
10 227 49 817
702 230 16 288
636 34 10 55
573 230 25 1115
536 230 16 644
467 230 33 860
373 230 55 860
356 34 27 140
251 230 25 278
85 230 26 375
764 98 43 1144
115 98 28 45
21 98 31 1137
628 82 43 171
577 215 56 675
564 215 39 1196
534 82 7 395
516 215 10 172
475 82 39 519
367 215 44 9
242 270 13 514
218 215 45 535
5 82 19 383
782 75 11 1072
701 74 41 921
697 75 43 1072
689 4 8 1178
680 4 16 1171
664 148 39 448
661 148 10 556
647 75 31 614
575 148 10 475
574 75 19 1072
555 75 8 614
554 4 25 337
540 75 23 1072
434 4 13 424
430 74 31 921
324 74 19 974
321 4 16 25
303 75 21 1072
297 75 7 1072
253 74 33 974
236 75 1 1072
211 74 13 974
181 74 7 921
129 74 7 974
121 148 1 407
102 74 22 974
49 74 1 974
7 75 11 614
700 253 11 662
610 253 5 662
568 253 19 1093
510 18 20 632
482 253 13 1093
479 253 5 1093
425 18 40 3
411 18 25 343
376 253 37 662
364 18 16 437
293 253 22 662
253 18 8 708
197 253 17 180
184 253 10 1093
138 253 21 1093
131 18 34 81
112 253 17 662
86 253 39 662
59 253 7 1093
59 18 4 572
32 18 50 934
28 253 14 662
19 253 25 1093
5 18 55 631
757 222 22 190
606 271 19 723
453 271 11 713
287 271 11 342
256 271 13 342
214 222 4 3
213 222 44 454
123 271 29 767
120 222 34 304
785 277 40 706
707 277 46 340
706 31 19 116
630 279 1 1079
548 115 28 644
507 115 7 606
504 115 29 1055
478 31 52 6
459 115 15 1191
458 279 19 136
365 115 28 606
181 31 16 362
173 115 39 1191
114 279 1 708
92 115 27 1191
85 277 58 976
60 115 1 644
7 115 31 1191
579 50 16 774
366 50 38 1183
243 50 55 909
790 223 32 758
595 223 2 467
585 218 41 526
529 223 2 758
380 218 22 739
376 218 4 616
347 218 5 303
305 223 31 568
240 223 37 1129
219 218 31 739
140 218 25 576
139 223 1 805
101 223 45 113
140 83 38 758
748 179 53 51
497 179 31 698
368 179 59 1095
351 179 2 651
247 101 14 695
200 179 7 166
199 101 37 929
56 179 37 51
712 40 9 1038
616 127 5 361
564 184 4 197
564 40 57 774
541 184 51 133
539 40 51 1150
377 184 27 834
361 127 29 303
358 184 57 462
204 127 25 48
181 184 13 967
647 254 19 1105
534 254 53 296
529 254 7 757
507 254 47 296
338 201 7 648
325 201 38 1083
281 201 14 1186
795 112 15 1068
703 204 49 1194
644 319 29 1195
637 112 32 910
536 126 25 899
506 112 38 804
496 126 19 553
407 112 37 661
404 204 17 729
403 126 1 567
318 204 57 660
288 112 44 664
207 204 25 853
205 319 5 46
195 204 32 590
146 112 32 431
143 319 8 444
69 319 31 444
43 319 31 236
34 126 5 168
16 204 31 1194
609 60 11 744
330 60 2 345
280 60 17 744
223 60 7 68
216 60 7 280
82 60 1 729
772 209 55 748
764 209 14 697
733 46 9 99
636 46 19 157
553 209 34 395
316 28 16 360
281 209 16 787
208 28 1 216
124 46 2 177
656 81 16 368
596 143 21 684
523 61 13 322
378 81 8 852
371 143 40 1076
342 81 31 537
119 81 32 1099
784 256 7 875
736 79 34 799
732 315 22 327
632 256 21 503
471 256 14 1008
417 315 46 182
415 315 16 249
324 79 11 229
147 256 16 369
384 145 22 79
175 145 2 1134
152 145 7 854
151 145 43 138
758 208 40 876
434 208 23 854
318 208 13 319
788 269 14 563
627 269 7 197
613 269 55 1143
495 117 13 30
469 269 23 937
367 269 7 295
361 269 49 859
45 117 15 726
632 152 19 626
434 152 31 630
433 152 49 630
267 152 28 626
737 121 38 1053
677 121 21 1008
509 121 1 246
38 121 55 295
580 195 47 1064
486 195 1 1166
420 195 5 4
255 195 13 699
554 68 28 176
488 68 5 1147
477 68 10 967
134 68 2 510
796 288 7 973
550 288 17 114
203 288 7 1083
82 317 58 634
33 317 19 787
24 317 52 46
2 317 49 298
273 168 10 881
729 318 37 1019
566 318 56 943
346 318 5 816
299 318 27 427
574 302 23 643
99 302 7 1151
603 109 47 1163
533 109 8 1163
453 109 3 412
282 109 14 403
88 109 11 828
71 109 17 434
29 109 23 403
720 22 14 1168
711 22 25 1161
533 22 17 455
499 22 28 218
306 22 25 83
115 22 31 417
785 291 59 1120
678 291 41 693
662 291 10 441
251 291 1 350
109 291 25 814
104 291 11 177
610 132 2 955
472 132 19 955
103 132 34 366
97 132 20 944
652 304 23 1179
106 304 43 836
92 304 9 892
506 237 11 101
424 237 29 424
327 237 23 1174
246 237 5 28
237 237 47 962
591 27 2 231
477 27 29 455
363 27 11 1049
309 27 23 1162
233 27 19 255
158 27 25 896
64 27 53 432
713 275 20 58
654 275 2 782
597 275 7 782
453 275 1 164
439 221 34 639
417 221 26 95
244 221 5 69
228 275 55 1047
96 275 5 313
195 287 20 562
514 107 16 100
391 107 19 1056
317 107 17 621
45 107 7 1056
767 303 33 989
751 303 10 274
591 303 14 1045
540 303 10 990
334 16 5 559
269 16 17 834
158 303 1 846
124 303 11 176
102 16 13 559
60 303 50 996
117 37 23 791
66 37 25 32
449 181 34 549
254 181 7 66
400 192 20 7
559 205 17 920
272 205 33 241
764 264 21 631
754 312 41 283
738 312 31 317
718 312 4 1044
549 312 13 1044
519 264 16 602
516 264 43 839
483 264 43 401
177 264 23 929
108 312 27 835
23 264 21 94
602 282 25 1051
576 282 33 1102
371 282 1 687
360 282 19 100
171 282 25 417
134 282 29 1051
749 90 25 4
697 90 31 312
678 72 32 712
626 72 9 275
528 90 7 992
78 90 11 454
305 294 1 193
175 294 41 614
154 294 37 1160
53 294 35 494
341 183 9 241
121 183 37 935
102 183 9 743
636 93 26 45
618 93 10 230
402 93 31 456
362 93 19 1184
323 93 16 69
186 93 59 69
711 124 31 169
447 124 47 681
657 41 41 991
557 41 1 868
249 41 14 991
176 41 35 525
675 274 55 1197
447 274 3 578
253 274 16 1103
51 274 41 506
8 274 4 637
779 66 28 1053
728 66 16 1025
555 66 19 715
70 66 55 774
44 66 7 1130
1 66 31 494
473 23 7 523
295 23 53 829
229 23 7 294
187 23 7 765
179 23 11 369
752 10 19 1140
700 285 35 145
682 285 5 235
668 10 50 634
614 10 57 271
406 285 1 120
362 285 37 108
257 285 10 803
242 285 35 318
202 10 22 611
757 308 33 861
755 108 13 300
489 308 11 749
172 308 41 207
60 108 47 330
722 76 11 715
392 76 1 932
679 213 8 492
275 213 25 834
253 213 4 641
241 33 4 1006
238 33 13 720
104 33 14 12
50 33 25 980
604 128 23 517
355 128 23 27
325 128 13 732
175 128 17 530
164 128 1 1173
696 236 38 486
68 236 17 796
781 188 19 198
767 188 35 949
656 188 33 487
641 188 52 948
539 158 49 816
300 158 7 135
685 295 44 807
660 295 19 497
496 301 37 509
456 295 11 1170
412 301 19 688
288 295 25 996
54 295 11 296
589 138 31 791
437 138 37 617
50 138 49 168
776 97 31 309
758 2 44 194
715 67 26 669
624 97 7 950
536 97 19 488
465 67 17 830
354 97 34 898
213 97 7 1065
168 97 17 669
153 67 37 735
15 2 35 383
780 44 44 469
579 44 11 422
504 44 13 173
371 247 37 822
322 247 21 120
218 48 3 796
195 44 39 221
178 48 23 320
121 247 4 1109
115 44 7 398
82 44 9 714
79 44 59 856
47 48 22 117
788 5 4 549
751 180 5 320
611 180 59 1056
558 180 11 408
543 180 5 928
463 180 49 566
186 180 1 760
12 5 41 1002
224 150 7 1020
491 261 34 605
437 261 9 151
211 261 38 524
793 36 9 496
770 36 14 603
627 26 2 1105
613 26 5 471
593 26 31 48
164 26 3 102
136 26 38 713
741 71 22 1024
738 71 28 226
690 248 26 330
686 71 51 434
482 248 57 508
406 71 55 483
361 248 11 650
260 71 44 312
63 248 43 11
22 248 28 910
782 310 5 450
764 310 23 272
740 130 31 831
738 310 5 672
735 15 8 705
719 130 55 579
659 310 43 869
624 15 55 837
614 310 21 529
589 104 1 853
477 130 43 887
451 310 29 790
425 104 14 725
406 15 28 1108
392 310 11 147
304 130 14 786
302 12 20 588
294 104 5 1064
280 310 1 42
68 130 25 336
49 104 40 294
28 15 52 123
26 12 31 1059
15 310 17 428
779 87 1 919
523 87 17 559
485 207 23 700
366 207 13 360
354 87 13 470
125 87 11 1148
17 207 41 917
724 200 8 19
708 200 17 667
699 200 1 981
697 200 49 842
115 200 23 62
115 42 13 265
395 213 37 33
179 26 27 832
51 103 38 846
17 137 19 1013
258 248 17 406
229 79 9 799
6 210 1 309
115 250 1 1151
382 59 55 321
425 267 43 936
562 191 7 1028
551 72 5 913
695 9 19 443
775 293 7 104
321 253 27 1093
76 82 20 1200
26 244 20 252
540 319 27 391
99 291 21 776
396 47 7 594
427 256 37 9
204 86 49 669
358 177 13 435
766 74 11 974
249 106 19 180
514 86 19 964
384 203 34 889
752 236 14 738
152 64 49 478
520 201 5 368
52 51 27 182
667 274 37 120
536 279 13 82
442 28 10 1024
45 90 9 808
486 65 14 9
724 195 13 99
496 158 13 808
591 138 16 497
673 3 25 197
586 130 33 244
247 50 37 226
721 5 1 565
166 89 1 365
669 257 19 655
18 59 26 514
442 37 19 331
607 83 2 822
495 37 1 752
626 120 31 453
412 215 1 973
547 84 31 388
621 285 23 905
491 173 7 72
468 242 22 84
478 301 2 158
310 76 5 524
654 66 5 857
54 59 2 248
347 49 19 811
752 219 7 430
146 23 40 650
97 81 22 1108
27 247 41 838
529 138 10 603
562 54 1 352
590 142 25 214
214 173 13 745
11 47 15 122
443 72 15 380
500 164 32 915
358 202 7 473
605 253 37 180
160 116 10 100
395 202 13 463
387 233 49 707
128 34 27 725
787 168 5 741
43 24 9 317
508 290 31 1176
523 64 55 532
119 107 28 415
146 216 7 1187
458 128 5 873
278 18 37 407
638 197 37 630
757 29 7 409
238 280 25 750
787 302 1 774
231 148 10 632
549 306 7 1153
134 92 25 574
716 147 45 323
426 60 11 621
265 265 26 671
742 21 19 1109
295 39 3 648
224 196 9 733
244 98 15 101
735 248 41 655
223 104 1 1012
518 282 2 788
608 37 29 308
674 228 1 397
655 209 16 904
66 67 11 577
445 168 34 881
444 79 16 145
236 91 37 644
784 297 55 400
743 14 8 1117
133 193 7 624
789 47 31 930
171 239 13 57
694 271 13 713
347 46 1 451
24 160 16 663
257 271 43 723
421 19 25 194
139 29 7 928
252 263 13 918
80 65 21 337
679 235 31 210
145 190 25 906
425 37 37 380
280 258 32 104
760 193 31 1149
513 306 31 1153
131 7 7 194
658 182 39 807
639 260 57 103
593 72 25 467
18 228 7 397
754 306 43 1153
503 55 13 578
440 156 13 788
688 181 37 687
150 48 31 1024
531 142 7 738
569 189 25 683
530 58 43 809
348 243 2 482
532 223 17 758
468 58 26 75
689 19 37 1092
677 205 19 1180
616 320 40 1085
417 37 31 730
560 36 10 528
654 162 31 646
467 80 40 588
727 168 25 674
639 94 25 874
210 307 26 110
448 306 25 1032
497 201 33 1031
686 19 1 600
710 172 3 886
50 156 7 907
86 124 7 1189
228 19 15 1004
623 69 45 5
745 201 41 648
31 168 11 738
343 77 33 636
405 168 1 931
466 183 25 919
798 66 43 857
238 249 7 160
448 308 16 297
322 253 1 180
223 305 39 420
147 138 37 196
779 104 13 309
483 78 31 751
637 319 22 391
494 199 37 878
615 241 1 1050
565 319 3 23
253 230 27 370
26 235 43 367
671 93 29 152
652 25 19 1157
1 112 7 762
576 35 16 116
541 116 25 567
714 299 34 251
389 149 11 542
655 255 43 998
797 268 1 937
653 123 43 922
172 113 19 455
58 271 29 342
576 255 1 756
228 217 37 527
85 237 15 795
169 74 31 974
15 315 1 942
563 83 16 24
650 290 7 735
161 145 23 1134
178 47 1 1054
608 175 19 748
286 308 9 1009
570 143 49 700
794 205 1 924
748 11 39 1088
504 125 19 909
44 265 49 203
60 313 25 824
374 2 4 520
258 67 29 466
787 69 37 73
47 271 29 723
456 177 7 813
240 232 16 734
519 121 7 946
641 299 49 14
476 80 28 1022
263 95 7 634
366 8 19 93
381 50 13 33
538 26 4 232
578 6 49 214
405 72 11 202
325 231 10 762
436 169 31 1140
181 143 1 1183
99 299 15 107
51 249 1 149
372 21 3 128
403 263 55 501
782 194 1 1048
548 192 11 531
554 186 31 367
466 44 5 285
212 198 19 219
112 170 4 181
15 78 19 1113
790 273 26 1061
666 102 10 983
727 200 1 733
793 268 50 937
528 120 26 586
259 135 1 264
13 32 49 675
355 147 31 1125
714 269 32 168
137 107 26 1067
542 42 37 856
83 112 13 1072
412 239 21 103
73 154 31 231
312 291 17 612
145 177 8 516
251 219 4 721
27 8 21 1028
215 167 31 162
91 142 7 696
543 56 25 1052
576 7 7 847
56 62 7 527
502 103 7 628
456 294 17 26
64 194 3 989
302 6 37 389
423 44 5 422
298 144 19 449
498 233 20 1142
676 302 17 1046
720 184 34 787
34 140 19 765
340 118 45 882
544 150 17 907
509 204 21 729
305 303 13 977
167 303 23 833
30 31 3 1104
402 114 25 547
612 58 43 75
435 151 49 181
144 84 19 616
800 152 37 149
375 20 19 1084
143 199 21 267
736 310 11 450
619 5 13 1200
20 173 37 673
20 309 2 404
490 187 55 753
70 129 31 563
220 36 11 892
624 29 57 920
128 111 43 848
99 141 9 689
653 320 4 263
239 69 31 677
416 9 4 489
495 62 39 232
614 89 13 479
767 78 25 784
81 243 38 91
7 312 5 327
177 120 31 511
287 49 31 486
16 143 49 317
526 31 33 622
649 224 19 37
373 302 5 702
567 86 10 1183
489 157 31 1069
233 117 46 980
581 97 31 860
674 15 15 144
128 86 46 188
674 255 7 392
726 8 19 507
431 75 4 1072
186 271 29 713
234 90 5 193
569 105 7 242
459 239 1 980
627 247 13 865
584 167 3 1149
604 229 4 991
491 123 2 167
88 138 21 463
197 136 1 884
46 84 8 164
130 26 13 869
157 295 5 743
695 138 40 633
144 315 34 401
459 208 17 319
629 170 16 82
707 284 1 488
290 148 13 147
123 146 31 723
296 184 31 544
226 154 55 90
228 103 50 861
670 88 13 15
467 128 1 152
146 84 1 353
35 180 5 760
782 164 43 386
707 233 20 365
748 9 19 434
198 18 19 388
236 7 3 577
615 255 25 884
675 316 10 755
57 256 1 99
636 139 22 219
16 282 17 179
724 173 55 193
209 212 43 311
93 121 17 637
156 193 37 604
663 116 31 339
472 265 13 38
520 178 10 305
613 273 28 111
395 317 4 860
162 269 7 996
76 147 10 3
796 47 1 949
774 183 7 118
721 283 13 192
730 99 28 599
773 13 25 895
421 248 11 1052
189 212 49 401
721 155 19 708
55 247 1 221
138 93 13 1105
334 82 27 325
362 25 51 1027
260 119 39 888
380 123 43 595
98 143 31 920
458 14 26 1193
656 288 7 840
692 23 19 680
47 274 17 158
45 206 38 917
274 41 11 988
392 45 13 78
583 236 1 658
214 230 56 1012
672 89 7 1114
429 197 32 108
207 82 13 702
51 164 25 491
671 259 49 1100
792 19 25 493
517 65 13 275
289 177 31 491
116 316 13 1181
423 314 27 894
18 17 13 307
654 299 13 261
436 248 5 528
507 244 33 456
36 312 53 1197
462 283 25 564
139 294 13 1150
242 261 41 788
118 204 19 124
409 61 19 965
245 115 43 606
728 157 7 1143
159 318 17 620
25 297 13 544
218 285 7 862
56 312 11 964
359 10 9 381
774 31 25 219
775 205 1 291
174 51 15 426
231 193 2 604
380 135 7 58
370 219 10 601
583 257 13 742
473 162 31 752
446 307 37 1080
35 155 14 34
205 133 13 624
397 55 1 235
633 261 3 1144
119 162 7 658
448 41 13 690
250 144 19 146
706 91 31 347
239 221 46 901
682 65 25 68
791 58 13 638
67 162 13 1173
469 64 55 134
293 9 1 1008
756 36 23 584
252 14 55 1193
28 215 22 455
205 193 22 624
480 159 19 385
758 140 49 765
797 284 43 287
503 186 19 30
330 220 39 581
673 148 31 1188
204 179 37 1065
426 63 37 970
373 186 1 584
526 16 13 500
639 108 31 1195
723 59 13 262
721 97 25 56
198 85 13 907
199 253 17 1093
238 126 19 554
735 224 49 316
557 229 26 341
443 295 17 1150
280 44 4 802
387 244 16 252
371 137 7 1079
780 32 49 1057
746 21 9 679
728 228 39 703
239 296 1 985
227 176 22 1010
522 64 13 773
207 18 37 1062
411 75 23 614
578 90 1 333
304 182 1 591
143 150 19 195
254 317 1 640
570 51 31 405
502 84 26 830
224 310 5 963
281 178 34 6
683 79 49 598
389 228 37 357
395 126 2 797
318 15 8 389
286 22 1 228
648 66 52 173
538 36 13 138
661 268 43 256
474 66 21 1060
630 38 58 170
754 270 16 76
256 62 39 1182
317 37 19 693
307 96 1 1009
117 127 29 587
266 263 43 501
147 220 57 207
50 180 37 566
136 32 13 73
349 24 19 490
346 313 55 598
494 259 55 165
419 77 4 652
635 301 31 1042
334 76 41 173
189 305 43 80
245 312 5 288
506 32 31 704
32 311 55 474
19 62 2 131
440 128 17 1085
615 32 31 675
120 176 13 175
225 296 57 174
381 227 56 589
509 35 28 653
584 228 43 1098
196 284 15 883
509 75 13 614
256 123 32 472
292 299 43 758
13 119 7 1037
187 4 4 1049
404 111 19 779
204 257 56 655
666 143 14 1125
781 36 28 316
461 141 49 1198
670 247 5 101
262 274 23 496
784 168 1 720
143 109 3 150
179 75 3 614
489 58 49 809
695 142 22 911
420 31 1 232
294 33 17 363
248 47 55 339
607 151 25 1110
606 213 28 677
37 160 40 663
400 308 47 861
348 2 5 610
705 300 16 1035
703 179 5 442
225 211 37 720
672 200 1 145
439 150 31 1057
207 317 23 581
554 309 19 1029
251 278 28 548
638 169 49 283
560 46 38 645
211 13 32 823
800 77 31 855
246 101 16 213
95 56 7 537
320 270 21 24
257 241 4 1050
139 112 10 231
272 200 25 593
45 118 19 633
78 18 13 632
189 292 31 344
734 270 27 24
797 109 23 376
622 318 27 1160
163 302 47 396
656 216 20 885
53 279 10 11
747 7 26 448
659 248 45 314
631 269 10 197
336 76 29 518
480 306 43 1032
306 167 1 993
244 302 33 848
170 181 19 667
635 238 37 58
237 306 55 1032
113 92 55 100
424 76 5 554
285 169 55 2
213 316 37 123
541 196 16 732
344 101 37 213
128 168 1 24
720 276 7 159
148 248 19 1133
270 115 7 573
655 9 9 818
479 163 9 374
734 180 13 819
514 314 31 1116
439 59 21 262
135 114 38 163
673 226 49 805
547 154 13 1129
207 310 2 129
232 192 25 199
356 228 55 1098
555 296 4 713
37 13 7 105
761 108 1 135
596 232 43 88
753 3 31 375
51 220 31 1009
425 119 7 812
90 103 7 55
654 295 19 153
275 282 13 883
678 186 34 599
737 142 49 738
731 278 15 470
376 185 43 668
72 130 31 942
450 317 8 228
729 128 7 1062
118 205 32 669
730 212 31 311
168 75 1 614
140 100 19 312
507 245 1 901
580 291 14 749
378 233 19 954
587 283 31 1017
562 218 5 526
736 239 37 612
350 313 13 921
408 80 21 656
500 296 37 198
24 51 4 261
483 76 26 1107
292 44 25 675
575 241 31 1138
463 92 2 222
565 67 23 197
447 192 1 1178
607 193 45 127
553 319 5 391
153 159 19 1150
268 24 28 326
662 109 13 412
554 5 14 1048
726 209 25 1182
333 148 7 352
577 265 49 206
626 259 37 1041
402 221 1 694
263 229 37 601
40 287 13 139
516 28 32 1083
141 192 26 1171
790 86 20 158
237 88 21 209
122 37 25 609
76 148 49 324
454 52 46 189
192 134 55 1078
433 260 14 135
763 222 7 341
360 289 33 838
436 238 49 170
401 120 8 390
328 288 31 329
530 190 31 467
384 284 56 1045
587 104 47 309
95 142 4 1125
645 230 1 370
783 32 19 417
136 124 4 866
215 288 17 443
281 294 25 1043
300 131 37 291
308 278 31 185
242 7 49 639
518 164 13 915
668 215 16 978
212 15 7 144
708 213 37 216
39 238 1 1068
450 28 16 693
314 217 9 218
184 242 26 920
670 52 39 919
86 289 13 838
660 130 13 210
712 158 34 1200
730 147 49 161
89 313 25 406
110 233 43 886
366 179 55 651
149 139 25 1088
798 163 26 694
592 245 7 462
403 214 7 826
736 314 14 483
163 282 34 417
462 73 8 233
288 98 22 931
737 186 9 71
330 283 44 248
373 151 19 751
721 71 7 489
456 258 13 525
607 110 10 332
753 196 37 805
437 302 19 396
224 249 37 87
367 129 13 334
739 139 16 74
454 278 15 590
594 42 19 1179
629 89 25 749
125 229 33 1127
591 286 7 605
464 38 4 766
450 163 50 696
655 102 13 475
565 100 38 913
754 159 27 385
164 313 25 329
327 107 52 1118
651 245 25 1018
197 123 13 871
479 106 43 683
524 37 19 364
249 85 56 40
321 180 25 625
601 248 13 693
172 19 13 333
746 49 1 769
283 239 43 185
43 22 13 842
439 247 10 1102
433 112 39 1175
712 66 22 1006
767 33 23 215
107 194 11 410
101 73 39 433
679 294 17 1090
597 179 3 166
454 268 37 937
781 153 37 1023
440 313 37 794
133 196 27 1170
169 179 4 651
201 193 43 1031
35 229 43 1099
610 177 9 236
622 48 29 271
644 218 51 303
586 237 19 387
26 112 50 1017
157 312 23 385
655 236 7 391
233 245 13 191
709 161 15 110
649 98 9 950
786 2 7 675
476 309 10 17
768 104 5 1197
121 199 43 708
286 68 15 227
473 97 5 201
99 182 43 520
703 136 10 590
647 222 28 123
776 180 35 1011
551 193 16 235
130 291 5 788
86 122 19 1185
67 38 38 1030
259 102 4 289
202 88 31 1159
769 267 13 936
192 25 19 649
474 72 13 110
277 248 20 107
489 220 13 451
642 287 31 680
416 161 43 703
170 163 1 393
396 196 1 732
788 163 55 401
735 269 39 556
682 99 13 599
519 310 19 582
326 46 17 157
147 99 43 1141
127 140 19 1003
442 29 43 166
186 313 31 476
477 301 7 471
786 296 21 582
446 290 1 1106
125 21 21 416
306 182 13 834
315 231 22 728
52 198 10 1139
520 314 55 18
723 21 28 866
185 319 20 804
97 156 39 756
345 239 38 57
750 35 4 653
352 150 13 728
395 102 7 351
428 243 52 728
153 248 33 839
612 69 25 213
499 20 9 120
25 41 7 755
742 179 22 166
42 66 17 539
624 135 43 1200
327 212 2 977
585 3 49 551
548 51 14 716
278 114 34 676
230 89 31 689
251 235 37 335
73 21 19 33
554 235 34 702
704 2 55 693
798 13 55 577
122 207 10 91
776 292 50 98
106 124 19 564
189 188 15 487
702 6 1 1080
361 100 20 223
423 306 13 1032
557 287 19 590
209 210 2 155
376 11 7 836
512 99 3 408
49 253 7 180
749 112 28 1161
372 60 25 345
382 215 13 930
561 180 29 939
137 146 28 726
741 312 1 454
563 234 27 400
527 296 26 1034
113 169 43 926
792 53 55 309
397 293 40 206
320 167 37 773
65 144 1 260
377 16 38 370
604 242 25 503
730 292 1 237
793 153 1 945
606 103 21 232
712 277 20 340
180 138 23 1104
769 18 37 286
38 262 16 975
353 67 19 621
293 85 25 334
590 78 1 1169
539 247 23 1092
394 216 2 829
663 115 13 1191
421 241 49 438
165 57 13 165
754 37 23 41
322 233 13 239
258 253 27 662
499 192 2 1171
777 252 25 121
338 139 9 790
485 216 15 310
552 296 1 997
716 195 43 624
344 156 55 304
451 177 50 813
541 98 31 950
185 130 37 921
28 26 9 756
212 231 22 263
422 189 7 789
551 197 8 690
230 18 46 152
721 26 11 1064
286 146 22 1065
654 270 28 958
761 320 13 411
787 270 28 730
597 277 10 1172
543 260 13 873
114 176 14 859
533 293 49 428
210 310 23 697
449 246 43 1163
37 210 43 617
11 92 31 80
226 284 31 556
203 172 49 506
266 231 50 1131
298 272 31 1094
728 37 11 240
220 213 13 813
789 117 5 658
797 223 29 805
289 170 21 556
130 120 43 453
150 106 26 545
357 263 50 833
36 281 1 293
625 12 23 25
742 295 1 1104
592 165 55 902
524 314 16 19
647 226 33 640
341 151 19 682
759 198 49 178
797 241 34 1138
746 90 16 1056
58 159 49 974
468 10 2 823
94 124 40 310
106 79 53 317
343 264 27 907
166 307 7 110
235 188 2 525
119 28 44 468
112 195 7 710
120 280 25 1114
650 171 50 827
349 251 27 968
284 110 32 912
540 185 3 832
48 187 1 1126
740 117 51 1080
19 209 7 303
502 150 22 568
770 246 49 212
334 3 19 987
104 195 4 1166
568 295 11 105
137 47 7 1159
68 233 27 661
270 23 9 682
634 2 3 668
440 298 19 9
119 27 49 645
480 130 1 792
173 303 31 31
795 49 7 205
180 45 16 20
63 97 19 1170
287 212 49 346
325 31 28 877
671 309 9 103
436 192 14 866
271 63 7 250
257 188 15 949
427 174 1 266
639 199 2 630
697 205 23 242
23 63 25 190
125 270 37 514
383 82 9 548
89 106 1 545
442 232 21 955
284 271 8 342
11 138 13 1196
415 24 20 971
667 53 39 999
708 119 13 1064
691 222 31 1039
2 65 38 684
317 33 5 302
755 49 2 71
183 200 20 302
600 311 7 378
44 56 21 641
567 245 21 342
473 235 37 907
292 173 37 885
773 84 50 679
560 21 7 916
602 290 55 785
184 238 55 628
311 44 23 285
424 31 8 1144
688 228 2 1098
248 274 11 1131
626 51 13 1171
653 43 19 604
430 69 13 63
301 49 32 107
684 66 13 119
759 249 19 711
604 235 10 514
692 2 28 302
272 62 55 680
295 273 10 111
311 278 39 1194
71 131 1 1045
279 223 41 758
182 307 43 863
370 298 55 724
623 176 34 130
250 141 9 544
657 251 25 265
40 2 15 1161
91 307 44 110
83 232 46 773
663 245 2 10
101 268 1 256
98 257 37 85
115 172 49 886
114 7 43 1123
555 97 17 418
727 2 13 289
126 148 55 324
146 160 13 1190
791 247 25 396
435 159 55 82
264 268 13 256
487 154 43 655
699 126 28 554
370 222 46 768
649 47 57 829
586 76 3 818
438 167 1 820
588 245 20 482
155 37 23 380
762 314 15 18
446 245 55 827
428 236 22 738
493 313 49 1165
18 79 11 842
289 197 25 268
423 184 7 81
47 248 5 898
387 214 55 611
391 21 33 606
560 168 5 217
779 30 19 847
72 292 34 122
579 230 31 1002
366 297 49 22
405 92 19 546
771 47 1 122
442 145 13 876
116 287 5 404
130 95 31 738
687 58 31 809
259 35 43 205
210 306 37 821
16 69 1 344
240 122 28 364
212 162 3 850
570 73 1 465
352 298 55 805
43 146 1 874
645 237 16 1034
404 154 43 640
225 258 31 903
636 222 43 1130
343 90 13 310
633 296 44 801
319 172 13 886
233 121 17 1008
215 142 10 466
106 111 7 968
124 7 31 1084
428 244 37 1179
560 13 1 105
538 156 7 616
665 163 20 618
226 8 1 1028
652 209 55 257
164 285 17 48
274 301 37 272
713 97 4 795
593 154 27 1129
493 209 37 498
285 120 31 328
519 14 37 328
505 210 8 87
403 249 49 149
499 98 57 610
51 56 49 749
323 146 49 753
306 168 5 975
506 298 49 94
385 270 27 36
212 274 1 603
391 28 21 435
349 312 52 801
16 153 9 137
332 293 45 899
542 194 25 410
297 147 57 208
90 158 23 1089
583 133 31 594
337 112 45 1175
256 5 9 1103
633 140 33 499
769 108 5 997
713 115 14 606
372 86 20 600
379 271 43 342
350 197 55 392
595 205 41 1086
476 37 19 1073
430 282 5 1127
523 154 7 368
703 143 25 733
550 221 43 508
45 12 11 982
524 312 9 226
303 30 44 576
798 154 37 96
350 20 1 777
461 135 1 1120
215 35 3 116
221 247 40 341
456 39 40 183
34 215 37 734
733 301 13 168
392 84 25 1197
226 216 43 78
636 274 33 598
330 148 25 407
339 251 14 721
502 25 49 315
760 115 29 1191
296 55 14 558
659 144 1 146
759 283 9 27
409 42 13 105
373 52 7 179
143 273 31 736
602 184 10 893
38 39 7 1197
517 316 1 799
604 80 19 890
207 51 40 112
625 83 1 421
787 206 25 342
493 194 29 621
79 231 33 1136
173 95 7 1054
290 249 31 149
531 293 19 477
631 190 28 1143
317 3 56 319
674 135 31 896
84 228 25 1098
653 183 26 1124
46 307 25 891
377 310 5 310
626 41 11 923
30 230 34 137
701 288 1 443
281 94 56 177
354 49 15 316
150 233 13 281
386 147 27 562
457 138 7 1085
762 206 10 949
589 19 50 1065
602 71 2 881
648 72 35 222
517 17 56 950
627 95 25 168
441 272 2 165
764 180 19 190
702 196 20 418
109 243 34 904
477 237 22 768
217 154 1 655
332 65 25 300
145 319 23 472
526 119 56 81
296 157 7 1040
719 159 31 992
142 204 14 423
689 286 25 561
427 213 7 1002
282 268 43 855
486 167 19 274
127 223 5 690
701 59 44 531
28 223 27 196
416 247 11 710
322 107 11 1041
541 37 13 1152
613 62 1 384
650 313 43 971
774 96 46 21
32 250 1 212
52 60 20 543
655 62 1 402
110 181 23 189
92 94 15 851
430 242 21 227
243 64 13 478
4 72 16 260
763 30 19 560
273 81 21 386
736 140 43 1003
544 256 1 16
581 72 20 1007
574 54 1 1004
123 319 49 652
716 230 26 943
649 281 1 48
572 198 27 178
735 284 19 172
318 5 11 915
434 266 40 125
493 269 23 251
13 314 22 531
577 247 45 482
427 289 20 851
43 21 26 716
30 56 25 1009
722 228 19 341
572 56 15 396
706 186 49 684
282 275 23 172
484 247 15 410
472 166 1 996
136 254 28 916
547 156 37 47
109 208 32 1098
800 26 3 840
792 14 1 912
62 105 27 948
668 168 22 720
204 125 13 835
488 43 19 860
633 167 49 507
667 192 2 450
544 224 4 120
666 125 19 370
231 131 25 485
215 122 7 1025
435 269 11 859
287 270 45 1131
15 46 23 893
697 145 11 1165
384 212 2 1022
277 5 29 95
260 310 2 73
96 300 39 319
529 16 20 91
474 11 33 1143
582 234 25 191
671 115 55 1055
401 40 28 21
342 30 21 586
455 157 45 1069
244 274 13 731
385 4 13 268
84 254 1 296
383 179 43 1095
447 69 27 16
738 258 25 944
118 195 1 633
614 136 19 884
687 202 15 465
707 229 9 668
538 39 25 183
590 135 56 445
180 194 1 88
760 289 25 477
714 278 3 424
375 57 13 263
775 139 31 219
756 266 13 903
93 25 37 376
141 157 7 207
412 168 7 839
302 68 51 1146
187 244 32 1179
58 132 1 1103
212 298 51 742
637 263 49 771
610 314 14 1160
257 48 38 228
265 85 43 304
712 210 1 518
783 315 4 592
216 159 55 68
692 236 23 1003
38 119 25 966
137 170 3 916
1 108 44 593
236 260 7 304
57 137 13 351
309 305 44 420
702 142 31 1128
499 232 13 361
440 226 55 975
583 21 19 916
621 62 50 936
71 161 19 1061
533 56 13 489
684 173 49 804
289 62 43 402
593 4 40 672
159 65 55 117
739 95 37 1181
275 23 7 725
39 92 31 766
68 311 1 1003
30 36 47 480
25 160 4 1175
111 292 55 372
326 20 9 190
722 131 43 538
713 199 25 572
690 89 3 1048
8 54 13 386
372 94 55 835
689 149 13 1104
492 232 34 384
142 31 16 377
503 52 7 74
76 190 34 858
451 251 13 1101
654 286 21 49
88 314 56 227
197 161 8 1012
80 108 29 86
295 80 22 1084
530 106 25 1146
399 217 31 1156
518 307 4 863
790 109 29 986
644 295 17 1119
672 47 25 859
740 303 7 374
628 8 13 857
342 89 49 257
763 136 33 891
410 318 25 585
180 169 37 546
546 146 13 567
351 102 13 106
438 52 57 172
540 108 41 19
461 50 7 966
501 24 37 490
763 155 4 1108
178 293 25 648
583 318 11 44
523 262 25 746
675 286 25 158
328 181 13 355
429 172 1 764
96 63 31 571
581 94 1 1061
213 171 10 530
632 106 56 97
618 294 29 193
192 161 37 518
578 162 13 752
301 94 49 564
432 59 49 157
215 155 45 951
569 106 56 992
727 182 55 1053
157 192 10 7
471 2 35 1022
559 38 9 604
785 285 15 70
431 300 33 313
4 214 55 874
42 282 25 1063
298 243 25 1047
104 152 16 626
337 177 25 767
100 57 55 1198
394 153 19 381
647 307 50 994
651 92 37 1104
641 259 1 512
643 58 7 809
52 262 31 906
83 50 22 696
215 248 26 262
132 45 16 1111
169 195 7 163
437 53 21 309
371 179 29 51
64 231 10 252
648 93 22 159
398 88 26 481
18 219 19 721
195 262 22 345
411 315 8 895
103 152 23 514
650 91 13 539
774 295 5 892
490 10 7 34
311 118 14 1151
119 313 1 794
203 250 9 841
88 286 49 96
517 273 37 287
114 202 25 878
319 235 26 131
600 293 25 134
270 124 5 260
678 29 49 548
491 55 25 898
249 93 25 196
147 176 39 859
643 198 1 1139
192 123 25 129
438 184 33 380
758 132 23 212
302 290 1 1164
782 45 21 516
285 316 7 257
563 9 13 109
174 132 10 971
512 170 14 1018
435 270 4 452
770 161 43 46
289 295 35 360
478 312 43 719
574 228 49 703
206 95 8 320
585 16 43 406
503 271 22 767
751 152 7 679
34 204 17 210
457 204 27 1066
109 267 45 940
547 305 7 746
580 305 38 746
596 30 50 924
132 69 25 10
440 172 31 254
220 196 19 622
673 216 13 810
524 205 5 242
385 67 1 1023
190 88 25 922
788 92 49 59
3 198 25 1139
443 182 8 986
199 189 28 954
44 314 25 157
465 86 1 631
704 98 2 136
703 2 28 62
606 266 32 1064
58 168 25 931
82 234 15 1176
766 219 50 721
137 319 1 652
498 20 38 299
778 135 3 185
133 36 13 633
107 164 49 651
459 60 40 543
75 116 37 761
201 38 8 754
286 94 25 546
97 83 25 24
544 295 13 782
470 292 13 809
357 130 1 126
549 118 43 1151
8 12 29 588
587 101 21 213
221 158 19 597
52 284 1 224
270 194 31 374
622 38 38 404
136 264 1 1077
157 181 7 539
511 244 4 1176
662 13 38 823
734 75 35 1072
326 309 49 976
346 11 49 291
56 38 13 1178
617 38 31 1147
714 268 40 937
78 62 49 527
668 206 19 1137
733 191 37 674
466 93 28 703
539 50 26 904
417 242 19 119
316 111 31 415
609 42 7 202
319 277 5 340
180 185 25 668
531 145 11 75
307 223 29 196
710 269 35 168
680 38 13 81
426 85 51 825
41 289 31 877
556 45 8 1128
222 249 37 171
572 194 13 604
305 128 11 1103
6 225 44 557
460 244 25 252
337 291 5 1120
62 205 34 1137
126 156 27 756
19 129 49 955
313 298 31 189
597 165 13 1102
156 112 21 715
174 115 8 1191
374 244 20 1176
17 86 31 1013
432 3 31 931
792 103 28 1196
541 241 7 1050
403 193 39 109
291 54 14 170
449 268 7 937
534 265 55 160
714 223 43 690
694 139 56 224
507 253 13 180
79 286 37 812
419 190 21 792
129 106 19 774
275 105 9 302
204 85 31 248
288 104 35 938
266 225 31 616
433 139 31 74
220 248 7 343
389 313 1 540
733 295 11 637
538 307 38 493
539 101 11 348
201 37 47 1015
628 196 46 828
258 23 25 94
558 133 37 473
72 133 37 881
602 43 38 739
51 171 43 632
479 36 35 537
281 57 3 805
244 126 21 553
461 71 28 1006
122 127 2 587
203 81 55 852
450 237 14 1174
219 101 5 348
90 20 31 299
457 240 43 972
165 148 4 444
99 287 19 521
154 214 19 957
164 146 19 726
74 293 31 206
283 169 31 926
58 287 3 201
247 55 1 660
167 178 43 764
770 281 3 490
211 149 43 715
60 292 19 236
89 125 43 347
785 107 26 1056
657 192 43 482
677 318 31 479
100 224 16 120
501 62 15 691
611 192 22 450
609 290 38 77
254 205 25 924
450 22 4 207
216 96 32 176
123 197 1 657
674 203 43 170
504 120 25 390
651 301 5 669
627 120 37 511
631 300 25 963
665 311 33 474
498 105 46 493
343 188 31 1136
189 12 34 1054
592 264 35 1105
749 132 17 756
374 4 37 538
18 71 49 743
569 155 10 431
86 256 1 952
312 238 19 628
105 286 44 285
455 224 15 822
212 59 13 401
642 211 13 88
371 154 31 96
358 25 25 691
528 110 1 503
39 15 5 257
682 90 17 622
510 281 13 746
402 126 3 553
630 263 7 771
188 156 2 684
42 248 2 330
563 214 19 398
627 151 43 721
484 292 31 714
630 123 13 914
752 166 10 310
489 182 2 953
297 91 43 736
200 168 43 954
30 191 31 979
595 179 21 620
648 303 15 543
596 206 37 115
588 111 13 797
756 126 37 553
407 18 19 789
680 216 32 644
658 44 32 966
531 212 13 346
379 153 56 397
487 163 49 138
403 92 13 750
515 144 57 582
94 44 8 1077
453 272 37 1049
20 57 32 957
682 88 43 942
696 45 2 718
558 126 17 899
488 91 43 744
37 97 5 221
50 297 51 619
564 39 7 938
685 216 31 504
457 301 4 325
542 60 14 984
506 175 25 603
129 111 51 1016
294 302 3 774
739 232 9 495
59 31 14 1030
136 137 55 409
370 91 13 1123
684 55 26 286
659 294 23 1049
3 99 49 1085
661 172 19 946
753 228 7 357
535 166 37 653
371 260 15 399
496 38 31 117
365 298 55 477
725 288 19 883
119 266 51 396
477 12 15 379
182 272 13 1005
623 10 27 559
156 210 25 766
127 40 10 418
142 77 3 104
217 135 45 854
304 21 7 626
351 17 20 623
344 11 19 459
319 175 37 879
401 250 15 849
2 187 19 235
9 173 2 987
747 197 1 723
126 106 19 112
762 127 40 1169
613 13 19 220
63 185 2 570
543 96 20 841
647 260 37 975
709 182 21 839
411 147 1 562
563 193 33 909
567 193 43 245
236 303 33 545
420 155 46 72
593 12 13 739
299 229 45 305
283 157 55 745
151 6 9 370
330 251 14 1039
599 3 1 1185
2 265 25 38
400 66 23 836
388 245 1 310
387 63 43 560
627 129 19 329
53 227 45 306
747 8 55 93
511 226 49 844
578 187 3 969
745 263 13 771
241 18 51 572
549 223 1 1129
16 51 33 859
384 247 16 739
571 217 31 430
188 151 49 835
252 68 28 1112
304 183 19 506
183 149 1 111
34 6 7 903
680 199 49 422
751 207 3 1051
610 92 26 1071
374 291 35 885
591 244 37 1055
579 118 25 261
405 114 13 1118
654 273 51 1098
234 32 25 704
773 22 17 700
445 110 7 334
471 272 7 153
531 162 26 978
468 136 4 83
544 18 55 407
456 162 2 108
393 298 37 326
376 158 40 798
462 224 14 495
313 40 1 813
40 62 7 402
222 244 51 1055
645 294 14 100
495 164 9 831
284 154 55 22
523 271 40 713
744 307 25 1080
135 33 14 393
640 89 55 454
557 255 13 222
708 185 43 42
369 276 31 354
150 74 19 921
423 291 10 885
244 103 1 243
400 154 1 22
373 223 23 196
584 246 31 273
152 240 31 284
476 42 50 15
296 80 3 936
272 285 19 848
380 129 33 1165
761 176 33 362
94 104 43 267
272 168 16 869
318 197 49 125
654 288 25 1155
113 166 25 303
472 190 22 278
185 63 39 399
357 42 37 259
66 133 21 807
245 10 16 174
388 291 16 393
134 146 31 525
747 269 13 295
53 147 21 338
616 181 56 731
42 247 23 631
154 297 14 376
460 241 8 1138
48 269 29 616
318 240 1 551
6 121 41 351
100 275 25 186
311 164 10 712
350 66 8 1160
301 137 3 681
57 111 4 59
168 258 4 394
237 231 1 719
149 300 28 159
790 256 46 1122
444 132 10 922
598 209 51 904
331 196 55 1142
752 270 1 676
549 194 50 1048
661 198 7 446
736 131 20 1198
183 113 37 212
544 117 49 971
501 26 1 240
699 22 3 705
198 80 37 122
324 227 43 162
275 159 37 159
179 9 7 369
75 170 15 893
251 226 13 1047
344 165 49 718
490 214 31 949
297 7 49 822
254 165 4 917
325 28 1 920
656 235 45 1196
260 27 11 616
142 122 10 452
19 289 37 281
95 227 37 995
628 320 32 94
527 215 37 960
441 37 17 469
587 137 49 1079
762 195 35 144
118 192 22 199
704 184 45 583
529 225 27 615
49 266 25 164
167 5 2 1113
694 58 7 638
709 223 5 467
351 192 9 1188
614 143 40 20
764 233 37 906
772 132 59 779
11 161 7 1199
691 237 23 160
504 286 7 918
742 176 3 130
400 36 25 141
709 52 28 179
702 111 13 24
600 265 32 88
724 237 43 795
196 64 19 572
170 283 50 302
314 111 13 730
260 47 27 1054
446 185 20 535
49 127 58 303
586 171 52 251
491 62 20 111
183 286 43 290
562 193 49 405
93 98 9 778
734 210 7 747
394 26 17 617
584 252 13 733
298 40 1 938
714 63 7 693
31 169 25 647
766 302 5 774
778 148 43 201
758 286 14 146
662 29 25 548
340 112 55 434
669 236 1 800
553 315 31 84
692 152 10 1074
723 209 34 1070
463 246 13 347
647 235 25 540
111 41 13 298
527 111 13 367
16 45 38 69
262 25 26 53
249 237 1 28
409 177 31 642
485 313 25 147
461 320 10 843
589 319 17 1116
674 118 34 324
487 112 31 753
193 289 14 532
131 24 22 1118
222 188 29 690
240 114 22 163
300 187 9 748
497 233 55 954
648 217 28 5
138 279 49 321
292 162 49 978
201 250 1 52
110 106 8 20
154 185 1 939
122 152 13 414
784 179 19 442
416 69 37 667
508 263 43 833
474 171 1 57
494 160 43 1190
227 78 31 165
756 113 31 198
239 301 21 1158
234 166 37 582
118 303 7 424
42 61 7 719
492 146 22 124
124 35 26 520
48 203 45 175
521 234 49 285
717 165 49 21
102 22 1 863
741 284 32 157
80 302 46 911
87 170 28 369
165 190 25 383
274 43 31 851
683 170 13 417
365 49 33 811
327 192 10 341
710 121 17 606
342 190 34 659
795 306 19 1032
577 304 1 1179
75 20 7 559
268 185 13 939
359 259 49 512
525 262 25 934
462 136 31 1193
552 187 49 235
512 304 1 1014
130 233 37 169
797 188 11 53
635 51 15 1096
610 318 21 1160
493 246 43 988
188 112 13 881
410 241 7 438
316 201 13 646
667 276 25 557
202 133 13 1159
293 230 51 1041
399 153 8 722
442 53 31 315
412 22 4 602
653 24 1 317
635 222 3 152
715 320 28 865
655 165 25 917
41 275 1 468
535 285 29 15
621 53 38 1187
424 65 15 133
719 260 9 873
21 105 34 1090
372 300 50 240
26 234 15 321
62 316 1 337
574 5 11 1071
640 301 23 37
388 267 43 327
585 79 47 1001
309 128 25 394
329 305 31 229
62 93 25 1086
272 228 49 341
498 239 2 532
637 159 25 254
68 297 32 536
53 55 25 33
737 153 31 964
428 260 25 528
219 37 26 462
126 207 11 747
469 132 5 212
506 235 19 210
673 5 11 943
112 285 25 15
718 259 7 277
209 71 23 892
9 55 43 1191
666 304 3 892
765 52 31 275
646 111 10 989
313 231 10 143
393 111 13 496
610 242 39 966
602 317 49 83
408 203 43 126
31 219 21 947
742 162 44 485
791 226 3 746
382 33 19 1169
495 272 19 165
660 36 1 1170
445 116 49 484
66 242 7 618
143 263 37 501
582 88 13 680
380 181 47 159
329 226 20 64
321 175 51 879
548 301 19 740
299 136 17 995
742 22 57 83
650 253 29 1093
226 115 41 1055
506 249 43 872
98 135 2 275
364 157 1 287
284 184 49 426
746 269 31 233
718 225 1 1175
432 41 57 576
249 108 10 122
460 179 28 620
336 246 13 968
519 83 1 1184
389 304 22 1123
63 225 7 1175
512 86 20 87
127 10 28 34
573 11 55 320
38 54 46 88
646 175 13 455
7 106 27 132
346 57 20 943
140 251 27 721
671 3 25 231
576 247 31 710
287 89 13 315
19 285 13 1112
695 84 49 570
541 235 1 702
599 257 25 630
736 279 27 366
586 141 55 609
702 278 51 920
63 79 13 116
169 13 25 939
181 286 37 6
668 159 1 290
4 106 37 485
694 234 43 394
346 18 28 1120
335 232 55 652
696 282 16 134
771 57 55 347
241 313 43 921
528 263 19 918
344 237 3 406
9 207 23 786
138 264 43 796
208 107 19 373
675 64 37 499
268 168 17 73
10 164 52 539
742 25 38 1027
25 108 2 1021
616 68 45 1147
282 149 5 432
672 317 32 787
14 180 29 315
749 290 19 319
72 269 10 186
129 211 9 654
441 235 31 619
232 91 7 1108
360 24 15 828
211 59 1 239
27 312 19 298
144 273 9 736
564 226 43 1000
8 69 9 360
418 152 23 829
191 36 7 667
646 105 1 721
356 150 4 999
178 23 35 1034
254 35 37 424
144 69 13 872
286 26 37 147
534 274 27 289
470 220 25 119
739 167 19 908
125 177 26 435
572 315 20 367
149 6 14 153
29 285 31 25
168 12 19 839
612 18 13 131
585 19 28 861
48 271 43 713
430 86 1 1145
610 319 35 236
524 315 13 816
645 280 43 103
390 125 25 735
140 126 11 500
692 183 50 28
294 249 38 938
438 14 27 59
21 95 43 66
660 313 31 508
77 293 13 1066
36 244 43 252
448 198 55 1017
9 159 8 806
711 150 5 540
134 215 50 64
21 59 25 908
129 218 23 616
648 203 31 788
168 162 8 272
89 8 31 507
334 42 9 259
337 102 50 797
284 189 3 509
518 176 9 287
370 187 37 868
547 131 19 311
388 12 34 673
282 55 1 430
252 273 31 1076
665 147 13 562
753 119 25 327
321 89 31 343
487 303 34 722
394 257 37 242
53 84 1 827
8 264 2 839
430 181 47 589
436 254 23 296
398 288 11 99
642 280 1 921
570 114 44 892
701 106 8 596
228 317 5 1065
75 242 40 563
322 223 37 690
501 7 25 412
561 202 37 465
521 77 21 578
191 67 32 901
530 41 23 604
279 66 1 1110
539 34 14 504
356 97 19 221
243 216 19 1034
170 300 31 1111
225 290 43 985
504 281 43 763
604 111 43 945
100 158 38 659
305 283 19 350
72 30 25 863
399 297 37 460
62 187 8 1126
224 15 45 650
743 203 16 312
371 119 3 919
731 291 5 393
199 61 25 703
301 57 19 925
110 65 32 691
139 175 25 987
442 60 1 51
223 312 25 868
68 203 37 1009
773 283 13 636
166 288 5 97
296 50 46 214
87 144 37 421
598 153 55 1158
22 163 31 181
183 126 10 554
9 135 16 1186
756 222 39 880
716 62 33 515
605 186 16 1033
126 51 46 1171
69 205 11 1069
621 55 19 300
357 160 26 959
324 297 50 380
727 186 39 682
384 73 13 400
655 247 19 636
452 36 41 474
515 220 31 717
112 5 23 592
144 209 31 121
242 266 22 760
770 12 8 26
496 193 9 127
514 67 2 696
334 110 51 719
475 276 2 1033
457 231 31 349
422 143 34 1004
455 118 7 633
293 104 49 224
142 71 1 871
224 303 43 996
319 41 29 973
6 217 31 1066
58 152 43 1134
256 10 16 1070
512 6 43 151
508 154 14 1166
298 122 4 523
525 210 43 155
126 103 2 1195
640 156 7 676
123 85 25 1140
665 199 37 151
495 260 50 304
196 305 1 1121
108 308 57 189
238 182 37 681
710 210 13 650
795 180 31 892
174 72 1 832
377 148 13 649
239 188 35 413
610 25 49 71
552 3 26 464
265 48 47 448
34 277 25 340
263 139 13 219
426 38 28 912
224 84 49 174
214 81 1 749
164 124 5 989
479 47 40 12
273 124 37 916
10 62 55 230
699 220 44 63
69 142 33 506
501 112 19 938
351 255 49 450
87 44 2 236
160 25 31 376
617 280 4 757
451 280 55 301
548 154 55 96
703 78 1 857
115 16 46 982
337 301 23 477
34 223 35 196
634 257 19 271
773 144 9 216
528 100 31 493
65 131 37 967
247 26 19 10
664 194 26 241
84 91 43 581
423 132 50 1024
742 26 7 1167
26 19 27 980
263 39 16 956
181 281 19 743
670 189 26 1106
757 175 39 455
217 77 19 1033
180 203 46 1125
701 220 37 1078
35 243 32 767
235 310 25 615
429 163 39 367
130 195 9 163
786 105 34 102
745 238 45 733
33 83 17 1184
32 96 7 443
273 191 45 857
667 23 4 650
105 187 49 1182
82 184 31 587
61 102 4 351
326 39 13 901
395 241 55 1138
798 290 45 418
61 309 19 833
10 18 20 286
96 157 19 986
694 144 15 582
750 236 29 58
706 46 22 737
470 230 20 514
562 316 13 751
476 214 2 278
656 167 26 269
44 173 37 148
649 228 13 397
158 162 50 616
278 170 21 1132
640 166 37 600
676 76 29 873
232 70 2 359
214 17 43 197
675 97 1 436
780 122 19 452
226 248 23 861
504 144 1 308
732 146 19 1071
346 259 13 61
607 207 21 96
86 261 32 394
318 303 19 661
33 43 13 225
793 60 43 621
201 86 49 865
463 317 29 1065
368 52 40 778
176 231 1 728
687 180 5 339
155 5 13 948
698 297 38 983
35 283 37 487
366 137 25 1079
221 67 21 359
303 288 32 240
331 48 5 1085
34 203 28 1109
658 304 11 948
317 249 7 171
125 66 19 201
71 280 34 1014
239 259 7 1111
760 69 19 335
720 149 20 812
103 143 31 866
759 287 7 263
82 145 13 575
409 60 49 144
623 81 3 537
595 221 35 399
701 223 27 758
495 89 25 670
225 10 53 552
189 311 9 161
29 210 14 387
286 97 20 846
312 46 28 645
296 188 1 870
348 192 7 1137
576 273 46 1061
360 114 10 876
290 284 2 608
489 175 7 759
158 14 19 1193
736 183 25 172
422 148 10 324
690 21 39 877
343 41 37 732
643 158 4 1083
299 147 37 1125
232 215 50 143
323 189 3 44
666 235 43 97
260 69 21 233
781 255 1 363
459 272 25 449
670 14 20 1048
377 10 23 940
795 275 4 1058
513 193 10 278
579 242 7 227
443 66 47 501
771 133 20 464
24 232 19 445
361 290 33 807
605 225 32 801
565 212 43 173
755 220 31 1058
188 110 39 36
144 175 55 346
144 120 1 81
572 200 7 508
728 42 1 202
55 97 23 458
250 158 43 422
305 92 7 138
777 188 17 1047
10 313 25 260
357 276 55 1128
790 311 13 44
791 311 19 334
323 221 21 476
170 17 43 853
694 142 31 778
553 72 10 823
505 157 1 133
127 49 39 205
231 17 43 228
638 104 26 897
176 24 16 657
583 203 37 379
529 206 46 947
216 86 3 1060
170 190 21 545
552 197 31 326
735 196 27 1180
529 276 13 735
282 205 49 1055
293 35 4 1021
688 76 31 729
528 5 5 102
781 39 7 956
60 277 17 1172
285 137 15 681
421 191 7 837
463 200 17 282
128 26 49 513
719 229 37 305
428 311 1 649
310 223 13 805
692 28 37 858
150 173 55 764
572 186 55 916
67 284 44 831
418 284 31 488
779 245 49 820
76 219 1 392
470 316 9 962
398 241 19 438
380 305 1 449
455 169 25 283
679 181 13 1115
95 143 40 246
494 24 28 255
196 3 25 102
603 134 3 13
243 82 4 144
406 255 37 5
424 302 41 1102
279 167 37 927
208 203 14 711
364 151 39 218
285 12 13 973
763 223 11 467
111 249 26 82
108 143 43 578
353 303 10 1161
766 237 26 1041
748 264 1 552
73 122 7 455
172 187 1 1182
759 277 23 706
601 307 31 65
145 192 5 1146
496 26 5 365
557 206 43 1137
61 247 13 1157
71 20 10 777
490 147 4 338
261 135 3 896
275 81 28 596
385 30 16 422
101 40 49 301
10 109 17 201
151 188 52 352
195 158 26 295
625 164 31 727
452 41 25 1152
691 196 13 648
88 141 7 1075
262 303 13 32
406 87 35 347
248 278 1 517
137 39 44 772
316 94 37 1133
197 194 33 929
143 85 25 469
265 201 23 368
633 36 1 859
95 155 27 72
80 257 7 827
764 181 47 412
138 306 37 1032
199 301 23 97
505 293 27 741
700 89 37 377
675 45 15 900
479 72 25 712
108 32 50 704
23 47 43 697
505 18 13 542
640 257 27 584
308 300 9 155
34 132 40 212
42 185 32 221
276 294 19 607
444 84 21 349
302 147 22 681
503 89 25 458
710 299 10 358
718 111 22 863
521 93 47 354
255 140 19 853
608 140 7 499
488 44 40 945
730 149 17 819
639 143 51 660
338 176 31 425
702 52 40 229
778 6 32 202
583 28 58 496
671 316 19 480
250 226 55 64
273 201 1 1186
473 209 25 107
370 279 7 601
503 128 11 945
46 80 28 553
524 141 45 17
78 189 22 933
360 28 37 733
791 239 50 672
240 316 2 480
122 25 31 914
744 183 20 692
164 7 45 364
679 103 44 827
209 111 19 473
31 243 16 139
274 167 25 354
90 124 1 982
779 94 7 947
137 55 49 68
629 130 37 236
404 116 25 1049
360 16 31 301
500 265 25 761
55 232 10 261
591 282 19 450
723 219 31 392
188 3 44 740
156 230 51 1155
698 19 19 493
502 276 43 618
593 153 2 200
732 212 1 346
68 279 13 331
355 214 3 145
263 213 5 1078
92 257 31 114
586 308 1 297
417 17 7 181
778 315 38 985
276 92 32 864
121 242 34 890
1 263 49 501
468 107 16 579
323 223 1 568
785 214 43 949
734 282 17 212
649 122 45 284
31 301 40 168
697 169 55 314
45 187 49 1126
218 136 25 951
709 193 1 1123
302 93 5 557
622 110 16 205
59 291 41 530
716 263 7 833
44 131 13 462
286 236 11 878
404 136 1 7
156 191 46 1189
547 74 47 921
438 37 25 20
383 184 25 702
498 261 13 97
757 4 19 672
521 129 37 158
131 188 20 413
215 285 1 92
700 69 7 67
742 10 11 36
243 222 1 673
221 155 56 1139
312 155 7 1011
106 125 37 435
311 31 7 627
731 89 19 718
89 172 19 825
351 87 26 591
91 104 10 938
744 222 1 274
316 213 11 294
733 170 19 677
223 93 28 994
718 261 11 392
379 117 17 207
280 274 23 603
175 152 4 626
260 236 13 850
265 224 52 918
542 268 19 855
308 144 37 847
201 211 37 979
496 241 28 438
13 196 25 200
238 262 34 377
75 191 27 997
578 51 32 228
223 106 3 971
239 219 37 714
36 199 25 602
716 30 19 603
40 97 11 599
52 320 7 36
68 55 19 1110
730 163 7 583
267 170 13 961
16 157 13 513
24 122 31 387
361 29 44 61
656 279 13 760
463 232 19 652
745 171 38 595
111 266 31 1040
368 162 1 995
59 146 21 1133
172 159 43 1026
20 76 5 293
688 211 7 1134
593 174 37 965
726 28 13 880
143 51 34 1092
11 46 4 99
527 314 3 531
785 92 49 1111
599 274 13 644
683 225 26 28
193 208 20 525
595 288 17 479
471 9 22 964
14 270 22 1127
383 31 16 1009
166 283 19 454
9 264 35 602
292 153 31 200
561 94 14 1170
494 207 35 1051
715 250 19 61
158 92 7 1118
66 281 15 1075
475 217 43 112
133 195 20 148
166 32 32 73
615 157 43 755
46 246 37 14
644 116 7 325
81 213 5 813
639 89 33 670
322 314 58 972
65 195 23 1125
641 89 25 880
658 17 49 815
396 133 13 11
33 314 43 1116
37 31 13 686
353 138 29 667
85 200 19 591
723 190 19 858
151 197 37 1006
140 292 7 276
704 18 10 242
486 101 8 142
67 124 2 320
629 245 19 196
769 290 43 671
674 221 11 718
711 177 45 236
393 283 26 773
391 105 2 709
524 35 32 205
227 118 13 913
625 293 4 113
315 73 46 916
446 188 7 1169
476 291 17 625
546 185 7 1097
722 128 23 394
573 8 43 93
5 88 7 961
666 301 34 1002
737 303 19 32
675 136 13 1122
504 316 37 751
301 43 7 84
406 49 49 550
278 201 45 348
302 126 7 553
225 280 19 1067
175 168 23 162
596 278 13 464
787 105 20 1077
307 231 10 1021
696 117 13 839
531 256 49 736
99 297 1 990
145 43 13 846
196 42 31 887
593 316 33 480
638 119 7 333
513 281 3 54
107 9 21 653
516 154 13 231
646 198 46 1017
694 181 5 412
566 197 1 527
355 157 7 1158
785 269 13 670
409 48 23 445
151 92 19 870
300 207 13 220
247 145 7 920
615 10 29 387
72 147 3 208
280 114 43 466
778 153 8 1119
556 263 37 833
173 58 55 809
301 72 40 1019
208 112 10 351
157 159 13 1002
223 46 31 1196
725 287 29 504
307 164 13 861
215 59 49 803
339 115 23 1055
695 254 25 758
694 93 41 51
568 127 28 361
403 248 3 268
521 126 1 887
614 141 25 1004
277 234 7 167
626 207 29 70
332 220 37 443
242 16 33 301
565 308 17 1190
22 264 11 154
386 3 37 769
286 204 45 530
99 134 55 13
676 50 25 558
761 67 5 1023
467 210 55 633
789 273 43 111
752 202 21 101
788 41 9 1135
491 206 37 911
486 236 34 32
776 249 2 195
381 143 38 258
369 23 14 985
12 94 1 313
564 319 15 1195
167 226 38 215
75 177 31 285
623 307 40 994
323 101 35 929
269 121 5 827
631 186 31 557
372 120 7 935
155 133 1 252
77 105 51 1006
107 238 32 690
679 55 25 360
219 219 21 392
566 294 17 60
315 178 19 305
776 12 19 26
279 22 3 189
604 86 1 596
313 295 19 807
486 300 49 237
416 70 7 356
663 267 19 487
342 112 37 910
1 225 3 507
617 106 37 920
25 68 19 356
601 87 1 121
691 125 49 699
166 254 17 916
84 52 14 777
47 145 38 1075
765 237 45 709
193 2 7 1087
526 235 49 888
460 167 31 400
539 295 20 834
368 169 31 383
745 213 17 280
133 23 16 837
26 55 33 789
779 298 55 601
624 232 32 533
277 42 39 406
269 67 11 1199
562 291 26 612
196 317 47 505
663 40 43 735
91 157 25 870
742 64 31 134
769 36 17 6
443 117 37 976
101 25 13 736
99 111 25 848
105 200 16 378
577 34 10 134
485 235 19 315
233 185 37 771
655 7 55 365
745 244 4 456
510 275 46 904
605 16 13 598
781 109 21 5
217 211 7 635
387 120 26 414
379 109 1 731
400 48 40 335
248 74 21 921
231 236 13 1001
698 23 7 78
662 41 15 604
374 163 7 620
27 38 16 809
166 171 26 523
780 177 55 416
131 196 3 784
478 278 16 457
421 299 14 444
293 110 19 389
515 84 25 285
563 100 44 443
332 200 29 582
575 131 1 462
65 61 28 379
611 29 3 492
434 170 49 586
369 254 16 549
113 187 49 628
417 135 43 187
339 146 19 492
664 255 43 255
175 80 34 1091
2 91 7 79
116 178 50 32
533 131 37 726
601 67 10 952
186 216 38 463
159 42 49 259
394 214 56 296
600 278 1 922
554 287 7 521
545 237 4 1041
623 139 9 208
471 198 37 1017
25 195 55 1044
770 124 22 558
517 307 8 891
259 210 33 617
409 230 25 883
184 25 37 202
123 288 11 867
215 33 15 577
25 78 50 1129
169 54 40 598
731 146 38 441
135 259 25 310
785 9 3 603
88 207 19 548
738 186 33 1117
303 237 29 962
393 112 4 1024
301 228 45 397
725 166 3 332
481 28 4 890
765 305 25 1169
29 217 28 1056
566 191 19 440
379 54 4 598
482 36 22 136
340 91 33 350
629 153 43 1158
285 225 10 239
386 291 5 612
3 63 55 659
250 250 37 243
191 261 35 139
153 9 45 562
351 41 11 1135
715 203 51 1097
173 155 13 596
521 252 9 773
149 35 43 116
411 13 49 823
83 98 52 280
568 141 39 935
783 137 37 908
624 242 9 312
523 151 1 1152
627 61 31 965
632 57 43 324
163 116 31 1164
175 9 7 659
427 139 43 346
84 297 3 543
128 159 37 664
28 150 29 684
38 205 1 66
363 188 5 830
307 282 17 335
118 153 37 686
707 248 41 346
314 158 1 414
11 265 21 26
488 261 3 458
136 62 31 954
41 31 43 695
359 80 1 713
398 135 31 38
390 79 1 744
294 12 1 60
555 284 13 1042
575 175 25 106
484 253 29 180
160 262 52 1199
263 237 11 207
303 65 50 300
768 10 22 838
434 51 2 1112
66 155 32 1011
7 92 37 750
641 7 37 749
104 64 37 249
626 283 55 362
238 133 55 283
596 20 3 373
689 179 55 1095
177 284 1 8
471 22 1 1168
492 224 49 495
775 4 3 909
24 89 25 689
484 285 1 86
443 67 50 104
407 274 29 845
106 33 17 483
420 258 43 456
541 203 28 228
333 284 1 434
198 169 31 177
402 19 37 107
694 263 19 771
35 102 1 358
135 34 51 159
566 173 37 402
711 136 14 884
315 267 31 82
257 225 40 1047
472 150 7 1171
81 177 43 1094
96 147 13 338
294 79 32 42
235 141 15 459
623 224 15 301
651 302 22 547
90 95 26 719
494 245 19 515
283 119 1 134
696 316 31 159
22 71 44 559
151 288 34 1181
386 138 7 603
702 309 37 710
129 203 38 102
190 83 10 1184
74 30 4 550
13 158 28 112
527 256 32 340
77 6 32 281
217 138 13 461
283 286 37 144
353 65 56 918
117 78 1 487
429 107 49 1056
200 24 31 459
190 33 1 1058
591 201 32 572
349 170 31 183
578 116 37 195
586 261 35 554
459 56 19 1068
60 30 37 1089
390 223 23 1129
276 96 10 920
20 108 23 593
6 312 13 226
466 161 1 160
363 122 2 190
674 38 19 601
321 257 7 114
407 21 33 529
494 230 14 1041
194 174 43 266
198 286 9 911
573 177 13 366
264 178 8 6
448 202 8 269
24 107 2 31
543 53 7 999
100 20 1 1084
636 71 8 804
313 182 38 839
190 9 31 1008
500 186 3 117
332 274 1 957
452 246 20 669
561 96 22 920
622 225 55 183
408 314 1 351
412 15 13 837
465 106 31 186
550 90 35 1162
246 107 52 578
535 215 19 1154
254 90 9 623
667 40 49 1044
543 237 16 1019
385 269 32 802
133 132 33 427
462 155 55 1011
252 234 19 321
219 127 38 587
155 304 7 39
650 245 1 69
707 4 16 1124
73 60 58 144
779 128 26 842
729 278 49 464
119 236 26 958
315 89 7 377
260 291 5 375
397 173 19 940
679 98 10 687
554 291 17 1042
451 144 7 995
281 142 21 989
620 149 29 432
692 235 7 222
556 15 17 171
6 104 10 1190
274 89 43 670
718 223 19 690
475 158 31 599
221 94 49 451
308 115 17 1191
317 104 29 897
621 127 11 428
680 77 22 636
429 205 13 1184
359 96 31 116
772 318 28 496
664 308 37 7
233 56 51 487
122 179 17 651
303 304 11 180
317 23 11 414
789 22 19 322
540 10 7 733
355 7 49 759
176 300 25 313
676 303 46 913
311 177 25 813
648 13 19 895
362 293 21 442
557 299 50 180
556 137 27 900
417 300 15 694
528 200 43 1143
600 314 37 432
265 259 15 748
268 2 4 199
798 257 19 412
493 217 25 753
233 139 34 1005
22 35 50 1152
614 307 9 493
740 74 11 921
55 204 8 590
669 117 41 717
722 120 13 344
137 254 11 697
279 252 8 783
223 190 9 858
338 224 15 1020
105 301 1 959
372 173 43 54
798 297 1 954
383 14 37 1048
602 297 43 620
651 27 59 643
397 93 29 832
795 150 1 772
696 278 55 1174
94 204 47 729
626 205 35 61
276 63 49 158
360 242 28 227
458 278 16 436
650 203 31 57
267 22 1 1161
792 4 13 159
649 113 32 353
200 86 13 26
154 118 49 12
300 178 32 305
736 144 1 103
734 287 25 178
490 250 25 849
511 194 13 382
609 20 49 164
599 70 37 239
320 276 13 277
664 106 8 861
294 122 13 258
304 27 10 1006
423 124 25 1054
397 239 43 1168
62 319 41 804
343 12 39 1165
564 163 49 1081
754 284 7 8
247 88 43 1035
174 186 43 673
725 251 51 1039
315 25 27 39
320 172 2 701
791 194 23 493
37 248 11 852
368 310 7 198
512 91 37 1112
186 107 7 100
130 189 1 539
247 78 25 622
441 286 49 1145
437 60 11 345
193 228 25 357
712 225 37 260
510 310 5 139
374 256 31 908
323 107 14 945
110 82 1 862
85 87 11 327
165 63 31 1130
336 255 49 1184
639 137 37 403
688 160 22 1175
213 16 49 854
695 162 43 747
641 134 7 752
488 77 55 1029
283 173 25 946
569 140 13 643
134 175 55 1096
66 249 1 599
735 67 11 115
722 317 29 46
645 314 4 227
220 214 50 1053
759 86 43 1145
718 246 25 273
483 207 21 10
75 315 10 792
131 302 11 702
122 83 7 1184
177 11 19 836
415 139 55 74
706 24 25 377
364 196 13 784
697 76 19 432
434 217 9 872
12 12 35 594
130 245 49 196
343 179 15 166
356 257 33 85
367 15 41 544
266 78 8 315
102 204 11 124
637 94 7 1133
89 221 10 69
686 227 10 336
246 128 37 30
361 177 25 236
360 196 25 805
205 159 25 513
143 180 1 946
334 141 13 52
503 59 37 285
176 38 56 1051
485 66 5 623
653 146 7 223
170 250 55 374
421 316 37 1002
481 149 7 799
629 193 10 59
601 36 21 460
492 310 39 272
297 238 31 286
748 238 31 666
532 214 55 485
738 174 45 282
245 285 10 1186
210 286 55 1184
433 251 7 721
22 269 47 528
472 118 44 168
340 299 49 1063
41 264 41 769
522 131 3 291
152 259 19 697
254 302 13 64
714 116 22 100
786 311 49 241
679 101 15 45
403 272 43 153
201 109 13 74
391 142 43 1128
571 15 13 1036
55 187 49 162
415 18 33 1144
78 292 1 1180
282 54 9 109
338 142 46 779
664 42 13 1059
8 115 23 1191
230 245 55 126
267 245 8 429
520 101 49 45
300 255 2 354
456 284 43 1042
753 84 13 986
445 86 43 1060
4 302 28 848
242 84 26 388
774 91 38 702
132 214 56 277
788 61 19 1124
59 61 1 241
155 113 15 304
595 218 31 526
65 285 11 267
675 52 3 91
794 29 49 756
760 15 43 642
480 245 55 273
239 150 17 243
428 158 5 141
319 249 32 647
219 138 1 1039
735 28 43 858
131 118 25 633
400 280 33 390
688 49 27 769
516 143 19 744
724 208 1 543
272 247 4 479
342 186 15 1148
229 224 25 401
511 103 39 969
614 2 1 289
163 17 7 474
730 242 4 1200
152 63 37 1114
308 261 19 579
344 22 1 322
246 208 10 1145
673 184 34 68
190 258 13 765
681 282 10 62
692 195 5 196
548 253 1 662
616 185 19 668
560 151 15 354
410 66 19 526
81 227 9 565
654 240 7 981
28 189 19 296
575 144 19 1145
64 83 5 565
40 222 33 1196
127 207 37 436
672 61 15 1113
236 283 21 566
307 264 19 502
59 255 45 738
541 36 5 243
351 4 4 502
470 119 45 723
311 127 44 611
710 247 41 410
407 120 25 344
399 311 43 967
691 140 55 1003
319 79 53 924
775 137 19 202
476 87 25 456
258 201 19 348
36 200 29 688
210 155 15 431
288 163 13 803
284 269 1 563
563 288 51 754
680 87 20 1025
570 15 7 542
569 91 1 900
352 38 8 912
386 150 25 195
534 5 13 246
191 246 49 988
669 86 28 964
17 239 56 510
560 53 25 374
247 206 50 535
797 208 13 183
567 168 29 839
439 74 40 974
54 60 23 68
494 164 25 161
659 196 15 958
799 238 43 722
259 44 11 658
733 60 7 867
20 175 13 420
113 119 13 888
280 81 49 664
575 75 5 614
603 297 50 871
751 224 45 316
389 139 19 1005
543 156 55 1019
114 213 35 774
540 206 43 115
140 62 13 601
381 297 19 376
90 291 10 612
191 61 9 86
106 126 10 553
469 40 39 844
67 80 8 46
509 180 17 954
685 301 13 274
79 13 45 1166
296 77 34 572
733 311 25 365
224 70 21 356
589 206 4 342
276 95 43 775
704 164 22 22
288 207 7 436
590 115 11 606
209 262 32 1043
414 17 37 506
179 148 13 770
705 267 1 292
388 194 7 410
79 128 7 253
111 78 43 85
451 231 2 1136
345 116 33 163
666 176 55 1016
620 9 39 1063
492 311 13 512
590 165 19 1058
342 93 5 981
743 68 34 84
106 100 3 1179
307 183 8 319
139 272 55 1005
562 262 31 345
601 19 16 160
736 22 31 1073
657 216 32 575
308 296 13 1009
515 82 7 572
69 62 19 40
192 16 7 479
345 26 13 717
117 194 16 894
534 120 39 425
354 109 5 906
98 163 19 694
410 89 55 461
692 220 1 284
425 204 11 615
189 172 26 1103
95 244 1 456
341 154 31 655
212 246 43 794
390 135 7 842
558 172 28 352
698 91 9 350
293 112 34 1175
625 148 43 684
626 70 44 239
168 170 21 331
193 222 9 31
266 50 26 505
60 204 9 124
540 173 14 1164
94 316 1 755
71 73 31 63
296 47 27 13
363 199 13 37
680 280 1 301
683 112 43 488
767 283 38 414
365 73 2 400
418 316 49 1002
607 138 29 191
117 272 37 153
392 184 3 864
643 196 13 820
675 225 49 547
290 155 49 932
393 171 1 1090
259 76 47 869
443 175 32 987
378 96 49 453
642 34 7 926
712 164 14 161
64 32 43 509
758 192 25 526
703 307 7 65
755 62 50 272
731 172 25 155
248 193 16 127
572 211 1 837
550 149 23 102
251 181 55 726
344 23 11 972
799 37 1 32
672 313 3 609
473 217 1 661
569 127 45 361
396 15 11 594
785 284 7 51
589 109 20 74
289 134 7 610
737 52 28 447
622 180 14 612
772 150 16 801
179 167 31 631
345 14 2 972
586 253 49 1093
327 151 13 1078
684 303 44 619
146 227 19 380
141 48 44 1135
210 277 2 1172
19 108 31 520
660 196 56 1170
173 188 16 119
354 133 19 318
410 164 21 608
299 21 22 733
686 78 13 875
710 78 20 1147
117 279 55 132
199 69 13 335
65 24 8 828
786 238 1 944
601 13 37 1082
14 301 7 740
65 30 44 1114
493 258 40 525
24 300 45 694
742 91 13 157
339 166 2 1141
665 25 7 376
29 53 38 842
384 179 7 1095
357 302 13 176
546 262 38 231
345 184 15 538
408 266 7 597
104 146 50 845
658 31 19 838
120 262 31 725
270 131 13 51
422 136 25 325
274 128 23 1146
172 188 8 450
349 186 34 97
420 122 31 982
454 159 7 545
725 263 55 771
542 213 5 796
465 310 13 332
722 142 25 85
696 79 5 556
572 218 5 1158
792 304 7 993
280 308 27 1087
729 268 26 256
425 79 17 855
103 226 7 422
155 217 27 2
491 295 17 389
227 211 37 829
739 4 13 160
123 244 58 456
563 315 4 589
94 308 10 887
613 196 7 152
596 248 19 338
379 94 21 713
435 265 27 442
241 216 9 297
526 271 19 713
638 125 55 258
142 29 19 90
628 265 37 38
191 215 13 264
796 103 20 62
151 142 31 538
387 140 1 499
571 270 10 629
499 115 37 1191
267 159 49 1112
713 299 16 358
231 34 7 173
699 175 21 479
39 190 37 792
535 200 17 1117
555 15 23 949
141 247 5 5
521 308 35 328
788 297 43 1028
104 281 26 54
244 272 43 449
107 231 2 1131
522 112 49 65
132 89 49 271
312 54 13 1019
92 291 25 947
587 19 7 41
796 280 4 382
291 35 37 277
283 167 7 631
287 13 21 875
115 282 35 450
556 136 5 846
450 52 55 749
788 178 32 195
206 130 14 473
520 121 19 637
236 89 25 279
506 276 56 313
792 61 31 1139
186 23 9 1189
733 59 31 783
635 285 13 120
597 161 32 662
206 15 35 460
658 18 26 617
606 14 50 712
87 98 46 578
722 85 37 137
152 38 1 830
606 66 37 98
667 17 19 204
537 99 22 408
464 23 23 798
730 65 37 1184
276 144 37 708
743 280 37 382
348 91 45 192
405 51 7 657
714 304 1 469
537 311 26 378
458 248 14 962
561 297 7 254
51 281 7 856
325 148 4 1174
125 31 7 178
584 279 57 242
148 62 8 959
710 113 49 1037
703 208 23 271
508 2 10 1089
216 46 28 551
256 156 1 781
347 99 15 806
772 173 8 944
780 308 31 191
216 225 21 881
313 81 14 841
445 267 26 239
229 179 23 698
479 193 20 499
652 254 14 296
307 68 49 666
250 125 13 49
213 3 13 179
252 33 8 393
799 95 49 357
479 275 17 794
618 312 1 324
634 273 37 1076
121 35 25 3
248 320 44 299
123 169 43 647
211 164 45 844
600 76 13 154
653 303 17 968
677 283 37 820
720 134 56 60
394 210 7 1154
25 231 27 864
329 185 14 241
67 145 11 1075
644 134 44 534
784 53 43 811
799 257 31 512
55 259 37 838
756 203 7 1021
694 111 34 863
485 193 31 624
292 22 27 186
70 38 49 682
21 187 56 831
797 290 15 247
240 285 5 625
265 239 19 914
301 90 1 808
644 98 10 1166
379 214 31 1173
551 84 1 285
555 204 27 206
228 101 11 695
190 135 7 951
556 82 22 1090
544 191 51 600
428 254 40 757
422 50 13 209
221 88 3 1159
613 136 40 507
304 271 5 723
269 144 7 449
167 73 19 910
622 199 19 583
163 12 23 203
738 73 20 886
53 203 55 703
551 181 27 1023
427 185 32 1097
582 155 10 660
173 276 33 805
737 286 13 1084
474 299 25 1091
323 180 41 508
45 236 13 518
413 248 27 324
467 64 43 325
8 4 20 156
452 139 1 790
427 119 55 1127
645 8 39 93
732 24 14 692
234 87 31 129
459 229 31 150
728 120 43 586
590 201 22 348
35 125 7 220
448 166 50 568
752 173 31 632
196 162 7 108
345 157 20 1078
45 286 1 1122
7 267 20 1019
774 137 13 1013
37 178 33 996
35 183 29 173
269 265 43 31
529 102 39 289
450 272 31 270
305 86 26 87
610 47 45 990
306 75 17 614
742 286 49 898
488 56 26 156
369 264 4 463
155 248 31 581
710 51 31 62
569 305 31 449
184 72 7 25
441 23 7 682
18 110 31 307
243 28 28 127
286 145 34 138
519 245 44 626
310 300 27 673
314 317 17 291
460 54 37 386
684 22 2 1073
516 261 8 706
208 23 29 829
771 140 25 765
363 240 19 1168
76 37 17 1152
708 78 1 970
249 252 27 167
303 320 26 299
656 150 37 89
124 116 50 731
151 38 45 38
799 45 15 314
109 112 22 1106
467 206 25 373
758 218 10 1198
733 30 1 541
347 266 38 544
160 80 7 713
295 41 37 866
281 260 31 124
633 107 23 1056
454 194 19 1100
428 86 19 768
415 192 1 530
13 243 37 310
568 17 7 664
687 106 45 389
671 30 31 583
668 54 9 667
492 247 37 892
337 320 19 1096
372 118 37 989
252 20 43 1140
259 118 19 820
741 69 49 213
313 233 26 267
297 227 27 471
410 47 27 339
70 105 45 1004
530 262 50 534
693 127 11 1169
333 61 43 27
751 42 49 516
543 278 1 590
630 90 31 687
96 271 16 767
617 12 45 10
79 81 9 1099
553 243 38 594
680 156 25 55
354 275 25 968
568 255 21 1009
657 57 13 365
482 55 1 398
374 217 43 178
590 296 44 123
230 135 14 398
202 205 20 21
726 194 11 627
617 29 9 1087
338 205 52 58
200 18 1 571
590 5 16 671
322 8 31 1028
449 47 50 990
408 2 11 583
676 57 20 60
7 132 34 1192
426 265 7 330
757 128 5 591
711 141 33 170
47 302 27 1046
79 216 26 1105
422 289 1 1190
719 90 51 297
620 200 19 1173
495 137 3 238
364 172 19 671
110 291 13 425
687 54 50 830
355 299 25 125
491 235 40 551
169 172 22 818
299 185 49 668
776 204 22 210
355 292 28 270
317 161 37 1139
253 63 37 250
790 217 37 112
116 149 11 309
48 160 25 280
176 245 43 310
767 72 29 970
33 205 11 898
672 149 13 432
229 116 31 398
555 188 1 461
328 180 19 611
571 179 34 166
414 12 41 854
528 3 37 375
47 286 7 158
376 3 13 769
85 159 3 228
494 184 31 800
319 185 9 42
618 257 13 286
309 226 7 33
197 94 25 1133
700 19 1 25
345 221 7 513
133 38 1 1030
352 114 37 547
659 42 49 1179
167 29 10 337
597 47 37 535
153 146 52 645
210 267 45 160
326 222 1 547
148 25 37 782
701 84 56 503
101 110 26 105
459 190 37 1015
345 203 43 136
308 268 51 998
142 147 44 338
257 120 20 414
536 99 31 1141
331 164 28 1128
631 58 55 638
213 101 31 695
538 99 1 323
195 169 49 618
617 145 17 510
65 82 20 970
697 72 13 826
618 46 31 737
569 84 19 475
636 282 13 1167
758 40 7 379
759 243 26 233
617 62 19 665
766 143 32 495
155 44 25 159
754 107 31 579
109 270 7 943
346 211 37 419
31 184 50 195
161 53 31 461
206 213 39 33
242 235 2 882
445 59 13 28
4 272 19 901
186 126 26 752
11 82 1 905
793 54 33 661
235 211 57 88
634 175 27 748
370 154 26 368
699 98 25 1111
104 233 7 106
415 147 13 323
533 312 5 226
147 243 13 443
182 229 7 243
9 214 31 196
404 96 22 894
37 190 19 1120
281 288 41 973
242 19 8 44
536 200 1 999
370 201 5 418
644 277 3 843
410 146 16 1154
566 266 22 868
295 293 43 336
300 297 44 273
727 122 43 431
381 261 1 35
475 5 13 1162
362 100 3 443
3 164 21 161
448 128 29 197
93 317 7 371
615 225 7 1109
434 25 44 202
648 140 9 765
416 191 14 679
168 46 34 756
342 44 43 1066
252 310 35 306
683 212 37 311
354 28 31 216
126 77 37 74
565 181 8 613
288 210 9 416
508 165 1 724
279 56 32 674
532 263 37 918
326 78 43 959
273 316 13 58
273 310 7 200
185 163 32 696
723 236 17 1064
59 121 29 246
41 72 22 832
301 73 37 707
220 101 29 142
797 174 25 282
465 314 49 382
763 194 28 493
544 229 19 542
566 78 7 256
14 225 3 508
169 167 9 1017
592 212 21 1022
377 250 7 649
203 100 38 408
634 278 40 411
253 15 31 543
158 164 28 776
537 52 19 728
245 203 20 246
167 254 7 786
525 232 28 537
547 292 1 783
200 67 5 530
187 257 37 1097
683 90 17 150
691 191 28 166
83 169 26 618
109 176 1 175
123 69 7 791
652 250 31 841
693 215 28 696
716 86 37 802
264 67 40 1197
432 168 13 741
633 130 25 423
231 86 40 486
656 294 3 854
516 74 17 921
693 277 34 1172
30 250 19 140
389 284 26 497
388 203 31 133
339 33 7 687
163 46 37 177
304 318 40 1108
134 109 5 37
62 104 5 109
275 64 15 591
629 164 56 383
52 248 5 352
655 32 37 709
379 35 37 558
535 51 13 761
413 312 5 244
426 209 21 659
515 85 43 612
700 170 46 730
208 44 32 253
762 198 19 1139
562 158 28 1162
85 6 37 1150
397 249 31 1106
585 254 23 1105
386 283 13 862
599 22 5 861
799 151 25 957
399 96 55 268
390 243 19 1066
225 195 35 175
451 38 22 92
149 107 1 784
22 48 1 64
115 309 9 760
613 81 25 472
512 152 25 389
339 317 35 174
84 47 50 518
638 44 29 1063
787 196 31 1180
497 308 19 193
43 122 4 258
574 4 8 727
636 137 2 230
641 294 13 294
98 136 11 170
266 281 55 933
383 46 28 899
153 12 31 605
600 202 50 19
739 68 7 510
439 260 49 975
367 87 50 322
487 316 4 643
623 304 25 913
262 289 49 477
785 313 31 260
312 114 37 1118
229 2 1 636
515 160 22 259
603 79 1 971
286 185 39 1160
404 68 11 693
175 234 25 321
455 276 19 897
583 297 25 678
138 52 4 778
218 177 9 491
245 16 29 904
249 115 5 573
713 82 7 1053
589 229 13 1103
250 48 7 850
282 63 26 399
682 163 19 1014
451 155 32 785
325 301 23 176
177 17 37 623
724 100 20 129
722 251 33 1101
386 100 1 493
278 213 4 985
36 53 19 842
549 154 31 1166
677 79 5 1193
182 297 1 675
257 198 1 1176
58 103 21 683
727 93 5 634
497 290 25 247
297 278 3 436
157 34 33 309
39 82 52 184
569 143 28 888
449 33 17 865
70 61 2 1100
584 190 37 557
651 240 8 919
325 38 31 761
678 58 13 75
160 192 5 187
766 79 29 317
749 145 1 575
573 135 22 736
658 19 34 876
536 208 27 1167
511 150 23 772
272 78 43 217
16 28 25 376
721 225 38 508
341 288 7 240
303 200 41 1126
227 167 43 400
782 214 55 1173
754 124 55 917
58 277 27 706
269 35 38 1021
407 197 49 688
502 229 14 917
581 137 33 238
511 112 44 317
256 213 23 289
761 158 22 1096
200 34 34 966
261 20 55 653
87 10 17 340
646 305 37 565
452 38 49 1049
753 68 40 949
189 126 7 279
384 39 40 901
61 120 37 390
480 137 9 681
502 314 37 1156
54 135 28 17
358 246 37 875
510 186 2 963
478 10 23 916
594 163 37 793
78 208 19 1015
724 127 10 1020
190 173 56 37
222 86 31 13
635 146 20 845
500 195 7 1125
314 239 45 838
482 203 10 175
86 202 43 874
424 259 33 509
430 200 10 412
704 34 7 101
729 10 19 355
295 109 1 828
7 303 25 402
373 249 49 1188
52 179 47 698
221 168 11 931
146 70 16 209
217 264 11 1124
306 210 7 761
79 141 49 199
687 117 7 751
383 161 1 1029
434 24 52 692
360 317 13 14
48 189 55 539
675 296 43 492
582 178 32 410
232 270 37 1029
368 157 49 649
254 318 17 191
405 290 3 67
732 272 27 153
436 19 20 25
262 179 38 651
469 9 13 297
286 264 4 124
33 230 21 827
44 72 5 679
393 144 19 541
482 166 7 730
733 55 43 490
689 15 21 427
382 313 37 540
673 225 40 395
790 297 1 514
464 151 56 1110
708 171 40 569
88 237 5 709
71 55 55 348
229 225 43 395
601 48 41 370
611 13 43 1083
567 212 31 1022
746 314 50 1160
373 113 31 524
465 263 43 918
269 120 26 935
518 90 7 488
599 16 19 213
606 15 41 404
177 119 55 1192
259 193 55 281
542 89 43 572
737 312 25 298
706 228 13 1098
517 231 19 615
800 41 23 188
83 70 43 242
80 287 25 201
362 177 39 491
116 67 35 948
548 269 5 295
29 284 33 434
696 127 19 534
300 214 49 277
563 166 57 486
746 249 43 938
359 303 35 176
256 174 25 965
372 227 27 840
432 84 7 1027
418 82 13 1117
681 253 33 1093
135 261 23 1163
27 120 25 511
769 104 11 152
168 180 28 681
270 205 17 298
415 196 38 521
204 40 27 775
431 287 25 977
110 100 19 293
685 173 25 146
589 222 7 440
340 301 11 1042
719 83 7 24
551 64 37 279
381 124 9 215
8 261 16 557
690 203 7 896
593 293 15 452
364 150 23 59
157 50 19 1052
543 143 44 852
106 70 33 698
35 320 22 710
80 167 50 1036
305 45 49 188
211 256 28 124
347 194 7 241
198 74 17 974
415 226 7 407
790 103 34 4
732 302 25 132
109 233 49 897
87 315 31 1123
18 96 2 941
671 281 13 372
425 137 1 409
395 70 32 913
357 226 8 363
798 19 14 188
576 95 49 1105
699 281 55 360
43 136 7 262
522 243 25 697
621 73 43 1167
727 313 32 824
438 69 38 354
26 2 7 1185
437 132 45 536
717 246 37 831
54 5 35 219
71 57 49 729
42 178 39 29
249 301 16 525
226 57 49 1164
68 278 49 1174
590 89 31 33
3 68 9 50
525 159 19 992
118 41 10 607
559 146 46 525
318 176 15 130
681 308 28 295
667 290 7 785
430 320 52 1012
430 277 8 340
261 14 14 912
26 274 1 845
536 249 43 12
496 224 25 151
541 278 34 185
670 265 7 869
324 257 55 114
217 137 25 202
246 312 26 149
120 156 7 1070
412 97 28 510
471 269 41 556
99 99 34 405
179 50 44 944
521 115 19 573
734 312 11 427
682 19 49 571
467 4 51 461
289 285 4 862
796 118 9 1101
303 309 13 211
136 2 26 610
485 238 49 286
263 34 32 128
443 73 44 65
406 203 57 1057
25 295 25 1000
681 99 43 433
510 147 28 555
511 281 31 746
435 245 13 177
50 219 20 714
728 221 37 1138
442 94 55 788
305 85 15 813
194 285 58 455
618 138 19 337
73 143 10 98
567 59 25 803
781 279 10 331
615 253 41 1093
234 78 19 217
244 106 7 318
230 6 1 978
757 131 49 557
326 272 31 1049
309 176 50 689
585 59 14 531
581 254 7 1105
401 77 25 387
566 29 50 114
576 106 25 667
611 195 17 872
391 189 26 216
369 118 44 1188
155 243 20 147
553 263 55 833
560 262 22 560
731 180 43 1052
343 234 8 975
226 7 25 1072
686 117 4 726
523 77 45 208
222 130 14 1197
52 109 17 397
709 133 37 762
282 13 33 577
569 27 37 255
676 77 58 572
771 40 49 423
15 178 8 672
194 76 46 919
299 9 13 422
331 300 20 1086
425 22 52 47
194 214 8 485
87 45 13 964
41 223 19 113
361 153 1 137
609 26 26 430
799 172 22 167
341 167 1 1046
618 47 7 990
172 296 10 361
463 141 31 817
782 17 7 853
81 252 31 625
782 7 37 905
440 194 7 88
726 165 31 933
233 300 31 715
413 173 37 862
187 127 28 1020
614 115 4 606
680 90 4 215
792 98 43 749
161 103 25 115
730 229 55 914
792 101 51 1200
171 12 43 783
574 253 31 1093
40 119 25 843
472 97 5 839
78 192 33 927
415 285 3 336
793 55 21 533
747 194 19 374
766 141 7 405
592 24 32 409
763 301 1 486
132 271 11 723
419 16 16 211
494 153 1 123
698 256 31 296
434 23 25 1189
416 148 1 76
376 164 1 613
47 203 1 1024
72 90 47 454
517 75 17 1072
670 7 31 1087
508 166 7 273
50 293 31 452
260 183 19 593
753 148 43 20
673 297 43 380
1 233 19 960
744 14 31 59
756 309 46 447
595 10 11 618
126 251 31 1157
219 48 19 533
314 313 3 466
333 78 55 563
510 105 31 854
579 177 55 1020
341 21 38 369
118 188 13 1169
330 186 4 627
84 102 7 797
251 168 10 904
485 186 2 41
175 149 53 165
641 311 20 512
148 310 53 306
179 312 5 1177
622 188 23 526
385 41 10 1092
767 317 14 29
350 62 50 665
497 236 5 15
140 39 44 960
409 165 45 215
747 102 22 1007
778 180 16 892
615 80 10 644
241 137 37 351
232 101 14 213
271 50 14 588
230 23 10 32
657 3 1 1107
782 291 28 337
587 35 43 481
643 114 16 992
295 252 14 149
205 126 50 767
712 183 5 687
705 38 37 197
101 72 29 1085
779 265 15 203
656 205 1 61
465 9 56 677
596 117 1 30
730 267 43 292
410 245 31 685
794 50 25 192
725 141 13 199
265 53 7 413
135 6 55 691
264 288 49 99
239 252 25 544
558 189 25 984
557 305 31 1121
66 124 19 698
314 175 37 1107
8 25 37 649
531 290 31 194
522 253 47 180
129 149 26 983
230 29 7 1080
401 112 1 457
278 54 1 261
473 66 16 183
90 12 52 1101
710 71 28 264
55 146 3 1154
146 153 25 452
779 89 3 759
370 270 21 13
524 307 55 994
508 120 37 586
659 247 32 1044
687 267 25 487
602 52 19 517
127 39 7 646
382 107 44 660
418 244 43 1176
419 138 28 608
86 98 27 301
27 19 13 503
432 230 16 81
559 51 37 261
73 104 22 152
559 6 3 1129
306 51 22 1161
161 311 50 294
444 193 2 793
347 214 25 1016
452 174 31 483
602 25 13 631
426 41 19 963
317 105 1 1006
365 31 7 1048
393 193 7 57
732 20 10 939
131 137 37 1013
473 170 50 876
768 36 44 585
267 76 17 544
195 36 9 695
94 273 25 111
554 154 45 96
193 70 55 101
397 126 8 554
660 237 46 1034
323 197 25 474
525 7 13 843
760 90 5 942
493 106 7 1088
662 237 5 1039
350 117 17 692
236 268 55 998
630 225 4 903
353 200 47 595
404 49 3 389
542 99 55 575
432 74 5 974
693 70 45 933
233 89 26 479
188 248 16 1052
235 163 31 98
294 29 19 717
171 47 19 899
412 236 33 46
437 129 1 334
586 209 25 787
1 264 33 552
346 63 44 571
545 166 49 713
741 11 25 296
64 28 19 256
187 151 9 663
304 189 16 1017
128 138 5 976
740 125 25 841
148 4 16 895
142 315 7 589
435 225 1 1047
550 249 7 388
438 79 14 42
147 267 7 353
502 108 47 753
422 190 16 383
116 128 26 169
329 129 49 966
317 302 25 17
201 252 25 429
84 313 19 609
757 62 45 713
634 23 35 964
787 90 17 1028
707 134 49 140
761 55 37 863
41 71 4 312
124 247 9 146
290 202 43 49
394 19 28 263
159 75 45 614
158 293 14 428
49 304 3 574
584 309 19 404
549 285 23 15
459 117 47 658
502 44 10 1168
610 294 33 1122
256 79 11 799
211 223 15 196
206 50 44 257
612 153 19 397
259 265 14 330
362 204 17 1194
693 91 19 137
661 169 13 926
466 227 20 932
652 281 45 401
416 85 31 825
446 198 31 635
405 309 16 423
492 188 29 612
508 160 4 280
561 53 43 413
17 314 25 381
530 40 4 191
358 73 31 179
269 17 1 775
131 189 31 36
480 98 50 70
593 169 7 546
454 124 22 746
17 27 34 818
505 124 31 962
353 307 49 891
33 193 3 1031
20 197 19 149
582 103 2 204
534 47 1 597
571 205 4 920
319 69 1 906
185 64 7 780
635 154 44 22
744 149 5 871
349 267 7 375
42 92 27 1118
73 236 4 1168
321 60 29 11
487 147 40 323
240 173 44 609
388 54 49 763
29 221 26 810
327 8 27 1028
177 224 10 28
376 221 55 244
318 267 31 940
661 143 22 292
148 235 28 318
338 227 26 649
8 162 44 705
438 119 7 467
747 230 8 888
261 317 1 1083
15 216 43 1109
283 137 50 230
222 252 25 960
440 230 10 558
150 184 4 1034
399 201 17 1083
192 47 16 518
20 205 25 61
421 162 43 425
794 3 32 784
240 140 31 853
366 262 44 1133
318 222 21 363
679 219 34 25
778 151 49 1003
709 47 25 847
498 51 31 1092
416 150 27 420
625 65 19 819
4 31 7 365
365 266 20 927
211 24 25 560
270 77 57 778
323 196 10 187
369 88 8 942
140 185 55 221
59 173 51 780
243 257 31 271
646 304 5 399
721 188 35 958
165 306 43 821
146 213 5 689
704 228 14 357
792 262 38 1163
593 237 19 101
676 139 4 90
219 72 29 1060
209 30 14 685
23 111 7 133
769 119 1 801
148 304 5 708
507 99 43 405
562 282 19 250
607 221 13 508
351 33 58 1135
282 64 19 249
405 109 29 576
784 315 34 735
6 211 37 88
30 153 43 1043
438 202 44 473
124 253 53 1093
545 27 23 538
257 25 31 1082
601 256 7 661
768 201 13 348
565 205 31 197
582 140 37 643
49 39 10 671
446 35 40 1152
599 156 43 296
360 88 3 680
207 12 4 568
623 243 22 151
669 94 43 946
518 297 37 786
686 126 37 899
336 214 21 237
688 289 45 1119
162 37 13 352
294 260 55 976
606 20 4 186
640 308 1 588
339 218 33 576
358 288 11 883
22 95 19 686
56 101 43 142
620 59 43 846
108 97 1 504
253 223 11 568
97 34 1 650
174 291 32 173
560 74 52 921
268 176 19 130
731 195 3 729
575 154 14 597
64 197 31 527
170 137 7 238
157 227 1 904
61 67 23 104
285 238 49 430
396 68 25 510
520 194 13 1147
380 172 13 385
592 71 11 999
681 149 17 983
473 44 13 778
105 130 23 404
350 136 43 819
126 37 41 1075
283 44 35 714
750 167 25 234
203 167 25 1017
107 161 25 203
501 261 3 84
78 211 38 193
135 166 1 110
261 25 37 573
608 123 13 370
184 127 46 48
638 37 5 1075
107 213 5 216
307 12 25 480
338 135 22 222
796 101 23 21
668 95 43 678
380 73 38 201
453 41 19 188
348 11 20 243
5 280 28 1148
420 85 27 886
607 150 17 1140
103 176 38 130
478 44 5 420
58 200 31 137
573 276 49 326
707 151 32 663
632 180 29 539
520 96 28 293
630 108 41 830
664 4 22 848
56 211 2 674
458 127 46 303
789 34 34 77
595 2 44 378
581 172 22 671
184 7 19 759
444 90 19 120
723 275 43 1154
15 77 26 623
78 103 7 102
150 300 1 653
67 12 17 771
592 197 49 132
522 283 7 1086
161 190 28 811
769 98 7 380
417 120 55 1148
764 65 31 1016
42 142 14 85
143 11 49 50
232 99 55 212
514 19 22 325
375 172 22 355
236 302 14 549
425 277 50 340
561 214 49 1178
301 89 14 271
727 172 15 560
104 162 43 597
213 307 33 994
270 135 22 247
399 317 50 640
422 287 23 985
423 21 39 646
784 4 50 889
618 61 45 875
333 96 34 293
270 64 1 780
511 54 1 791
253 132 13 1175
608 56 25 31
698 164 1 371
433 202 55 534
619 218 10 303
46 134 55 196
267 275 4 782
221 103 8 643
561 211 55 1134
183 193 13 909
150 304 33 312
701 3 31 332
245 48 13 1035
74 262 56 544
203 147 44 927
352 81 44 1067
432 63 1 693
532 244 22 456
750 97 7 190
495 298 15 317
164 136 23 809
394 101 43 929
470 83 5 833
271 273 25 287
461 66 35 1182
219 214 45 541
391 156 37 1143
331 83 25 590
252 201 10 648
330 98 10 581
715 276 39 251
592 9 4 416
607 164 37 22
117 160 19 132
669 316 25 257
664 290 1 385
84 212 55 484
800 251 25 229
520 167 15 162
762 187 25 658
713 309 49 608
779 116 33 523
209 207 35 70
405 162 49 1107
544 320 25 1085
653 102 40 792
486 292 38 166
454 66 11 619
688 248 20 326
556 10 41 174
708 240 7 1015
290 231 19 705
469 11 1 500
381 156 25 684
573 281 37 449
202 164 25 470
786 310 11 1004
3 269 11 1143
391 295 7 232
313 16 47 762
453 186 25 478
232 114 19 310
800 285 45 1095
567 28 7 533
571 300 22 506
433 79 46 842
298 275 17 585
178 162 50 625
212 30 37 562
156 203 40 924
481 290 19 304
275 185 49 397
755 32 25 709
487 69 19 1171
362 23 27 829
597 133 43 251
445 166 31 770
10 250 8 1003
715 307 14 65
226 110 37 894
124 297 19 1083
113 115 5 1191
494 269 23 1076
402 211 33 419
112 159 37 536
235 22 41 108
453 37 44 331
605 221 5 49
662 303 22 912
220 210 37 531
559 240 49 1015
408 62 13 527
678 277 17 843
12 134 31 935
217 254 32 916
147 250 1 56
394 279 31 136
730 178 21 764
25 63 38 184
267 57 21 353
741 193 19 699
800 220 13 722
515 41 5 330
21 320 15 1012
597 205 1 207
47 246 44 669
559 203 26 797
230 62 37 745
414 62 19 72
353 191 13 1189
198 247 23 1109
684 3 38 808
224 316 32 58
218 126 43 553
747 274 34 651
16 317 7 787
449 114 13 676
319 53 19 461
491 90 58 952
778 131 25 1168
614 11 43 500
796 144 13 216
64 166 13 1165
121 5 7 750
788 236 2 878
539 183 4 66
82 264 20 242
69 41 47 526
478 9 7 734
440 305 49 1121
232 259 27 1172
522 218 1 526
472 62 32 230
288 217 40 1056
562 51 46 974
182 317 11 634
354 106 49 1135
463 292 44 451
309 175 31 879
740 257 13 584
395 94 19 552
326 93 29 788
693 114 31 676
630 59 25 79
773 185 55 435
308 247 4 19
158 280 3 722
167 120 14 453
710 49 44 820
596 220 25 581
287 221 35 513
647 282 55 51
10 49 31 389
436 21 16 757
340 224 25 822
312 194 11 677
340 165 1 897
291 202 1 875
669 87 13 477
11 48 35 1058
378 275 11 968
608 16 23 1058
620 28 21 917
377 295 16 337
197 11 21 291
191 73 3 893
718 31 43 1195
223 118 33 882
30 97 1 104
280 18 37 507
691 137 7 403
154 286 7 1081
629 50 32 386
417 274 13 1079
298 78 43 644
619 201 31 368
566 162 32 978
458 309 37 116
619 19 25 188
227 83 4 822
798 206 10 535
64 303 1 787
278 271 13 723
325 115 21 1191
334 183 3 686
323 296 7 671
763 172 44 58
252 189 25 288
766 14 19 712
366 256 31 1014
266 80 2 585
513 126 13 279
259 220 25 284
538 216 49 843
407 49 1 928
783 206 50 722
250 203 4 810
188 190 7 338
96 200 23 1187
800 225 19 547
67 82 27 819
257 138 13 223
796 200 28 566
368 138 38 422
783 48 2 593
93 16 21 866
653 266 28 249
91 161 13 13
17 285 16 891
154 101 40 213
67 65 32 542
789 84 15 118
627 101 34 695
660 26 43 244
728 320 19 1042
445 111 55 599
786 72 9 805
771 97 5 377
207 139 44 206
567 11 1 798
762 31 4 735
85 40 21 983
542 105 16 831
517 133 31 187
299 264 25 237
727 45 19 1044
648 221 7 399
429 309 7 442
789 261 13 454
504 192 5 511
2 219 13 1058
750 194 9 1073
312 236 33 1057
31 286 32 911
268 276 45 415
95 144 55 1161
492 82 43 134
633 13 13 434
160 109 22 12
720 190 16 915
6 57 15 382
171 154 8 96
431 305 43 131
525 202 31 969
778 28 22 360
346 302 31 702
137 227 37 359
222 292 43 865
353 278 7 185
38 155 10 1125
175 196 13 187
310 158 23 76
82 193 27 793
707 16 5 729
643 275 25 515
185 275 1 618
332 276 13 416
5 113 25 114
563 143 1 306
11 62 26 77
392 159 44 1198
548 140 37 853
255 290 32 193
241 161 31 518
605 36 10 1155
709 19 43 303
614 197 31 705
76 311 13 197
200 284 45 157
287 7 2 305
661 228 1 341
197 109 19 875
532 82 13 879
401 301 23 397
728 227 52 923
229 315 3 834
735 297 2 21
558 78 49 217
655 204 22 206
144 283 39 321
4 108 33 485
570 68 5 267
54 224 51 120
537 297 7 526
159 142 31 1104
353 265 21 869
604 306 55 1153
502 164 19 627
287 193 8 909
359 220 21 201
57 160 31 968
213 85 1 825
401 319 4 472
416 91 51 1156
623 236 20 125
358 262 46 825
242 107 17 1041
410 319 13 987
241 50 25 912
439 44 1 403
762 35 45 759
291 296 8 582
582 10 52 764
151 237 5 868
94 51 37 561
82 132 49 922
508 223 19 758
95 159 19 501
316 134 25 207
670 254 37 1094
193 203 58 986
712 24 25 25
129 85 1 907
800 197 7 268
741 249 39 947
23 101 5 45
762 115 1 606
691 62 19 510
699 235 34 1195
278 84 15 285
243 126 49 752
483 132 51 1192
391 59 50 239
138 284 31 573
181 266 10 5
60 86 40 451
717 45 25 89
610 237 7 962
795 280 25 1014
325 23 16 414
206 138 50 674
461 124 26 369
108 134 31 1078
26 69 9 941
793 201 7 1031
312 133 1 473
259 166 7 1074
658 117 5 30
223 203 13 1109
389 151 43 517
776 288 41 547
379 196 7 504
726 101 16 929
77 305 9 80
562 265 37 160
173 136 37 429
49 88 32 468
380 20 49 939
717 77 32 645
388 297 9 871
743 289 49 1113
102 30 3 1089
558 54 43 544
445 43 1 826
108 164 13 22
80 45 2 1097
110 284 15 505
714 92 25 222
689 211 2 639
580 218 17 526
412 178 25 871
527 104 29 682
691 164 3 946
644 318 35 75
720 163 1 1035
3 5 40 641
145 242 33 1053
32 307 21 1080
760 256 15 103
296 40 43 856
191 120 55 425
120 63 49 560
206 268 31 937
107 27 37 889
565 15 10 543
305 71 23 628
476 247 40 143
133 264 22 261
162 179 23 51
564 146 19 567
143 256 13 657
757 89 13 1040
702 116 45 835
780 30 10 338
689 16 19 1087
791 295 7 632
32 109 17 678
516 208 22 773
131 63 13 158
80 171 43 968
304 241 25 438
227 127 11 611
150 142 38 1111
200 100 9 1063
765 234 9 1136
63 260 15 586
13 28 16 72
93 165 3 753
195 239 43 358
700 64 26 532
464 314 49 381
168 166 14 902
324 230 21 1130
337 55 37 235
346 235 25 1196
66 23 50 1034
432 77 43 261
577 9 14 218
663 254 25 757
652 108 41 679
488 130 1 507
384 122 27 950
496 291 7 988
578 183 17 109
196 164 55 1066
558 70 1 1094
673 187 19 283
255 107 25 666
513 76 15 1044
69 216 37 1190
670 144 50 541
620 294 17 650
276 118 21 1074
397 225 25 693
538 78 31 422
471 102 26 26
630 285 17 864
36 42 13 299
507 53 20 446
229 20 50 777
668 320 37 1096
488 202 7 465
362 134 13 60
70 106 37 145
612 55 2 220
633 312 7 298
179 207 23 992
462 286 49 1116
265 30 1 348
277 214 25 659
680 88 43 232
740 116 4 731
258 92 13 619
587 223 55 758
682 6 9 992
380 178 16 976
415 113 50 926
174 74 29 974
162 289 19 1190
545 30 25 556
530 236 55 206
480 317 17 1065
74 192 50 333
327 258 43 866
764 133 2 762
522 267 19 709
156 151 7 960
483 72 5 25
622 215 45 996
377 166 2 1099
529 73 32 888
464 276 13 666
441 166 37 303
588 159 45 99
225 313 7 794
674 161 27 947
24 66 22 679
546 256 34 952
618 279 49 231
798 131 49 807
646 201 53 418
414 241 25 1050
796 100 45 53
316 4 50 121
567 292 13 167
273 61 39 100
345 74 9 921
235 303 28 1147
130 126 11 899
191 198 16 178
615 218 50 273
550 89 25 1048
97 291 11 425
93 189 26 30
326 94 20 239
669 151 33 835
236 121 19 827
74 203 34 822
115 21 19 207
743 311 25 624
116 127 19 610
195 229 1 1127
369 35 55 116
407 186 9 584
321 33 14 375
544 147 8 555
270 193 19 540
315 93 3 64
650 249 25 160
90 47 16 12
2 169 31 709
444 118 32 83
237 143 28 965
470 13 40 220
218 160 13 490
651 60 32 984
113 282 38 705
291 132 17 779
466 118 56 841
121 168 11 238
613 95 44 1161
704 55 49 727
427 37 46 20
179 119 19 1054
599 231 21 471
519 65 31 239
480 295 4 747
102 59 43 908
537 15 16 655
725 12 37 371
783 199 7 89
436 176 56 569
414 249 50 87
709 81 7 420
355 161 13 947
550 64 49 249
381 159 3 664
149 31 38 1198
114 11 37 418
545 82 32 235
589 22 29 413
181 214 55 235
535 5 5 908
289 165 15 430
216 256 9 787
374 164 25 173
108 315 37 696
455 285 13 821
647 64 13 215
350 287 5 300
502 233 1 206
172 225 16 302
624 239 19 280
44 183 35 1047
80 76 11 729
54 149 33 432
591 199 49 441
451 101 5 695
216 14 49 972
36 13 38 848
771 264 46 523
294 32 7 73
414 49 7 316
39 218 13 273
546 293 25 794
492 153 2 213
797 201 51 418
321 64 37 532
181 296 27 108
142 281 26 783
56 67 17 147
98 92 43 1010
705 8 49 857
6 45 19 425
226 286 13 1145
352 214 25 786
435 122 38 946
120 76 5 484
271 293 37 1128
531 60 17 68
585 320 1 710
542 296 1 445
453 137 31 351
339 192 5 1062
628 151 19 1192
475 219 50 25
751 35 32 481
177 270 13 313
521 105 13 916
107 264 13 796
36 167 55 213
22 225 3 522
288 127 37 361
433 16 43 757
787 155 34 596
111 5 10 704
265 37 13 1154
748 67 25 1174
622 117 25 976
477 165 25 808
194 167 32 1115
264 46 17 138
693 192 37 825
157 276 43 172
684 264 10 779
183 246 3 910
132 63 21 693
601 151 25 145
519 277 22 843
480 176 13 362
19 269 19 556
368 36 19 290
723 7 3 1132
15 130 13 474
662 110 7 625
717 32 8 417
84 5 10 306
24 71 14 184
658 256 14 951
532 303 7 977
564 294 1 1150
442 164 7 651
91 15 1 376
70 82 22 650
329 58 37 638
171 206 1 1118
464 305 37 1039
461 13 55 1166
739 266 43 383
645 136 56 1102
643 102 33 710
632 138 17 1121
337 124 43 698
168 302 25 91
741 81 8 781
770 184 16 1197
473 84 9 669
51 278 22 333
477 313 33 147
30 190 16 906
462 3 38 150
422 27 29 328
43 143 33 962
376 123 49 129
395 112 39 105
453 65 7 932
673 316 1 58
591 316 21 1181
186 112 20 375
726 116 28 1015
435 207 7 1183
505 123 33 1038
539 151 7 979
388 30 37 828
133 295 38 1024
161 180 5 889
62 281 19 48
299 158 4 77
703 231 19 102
640 246 19 14
59 23 25 80
445 274 37 719
128 265 15 556
688 223 16 467
141 204 13 530
549 3 3 740
569 108 5 419
444 41 14 645
47 163 13 1089
652 207 7 91
242 315 55 436
724 310 5 369
357 113 4 755
142 20 31 502
579 217 3 519
4 193 51 57
669 73 3 812
759 199 32 521
576 81 19 152
743 291 31 820
736 188 7 62
349 135 22 164
558 181 32 731
573 198 28 635
98 49 13 550
195 174 56 795
35 49 55 107
380 190 28 338
641 127 16 534
292 62 19 474
148 296 31 304
487 8 13 93
101 296 34 699
754 38 37 945
542 236 22 796
678 89 37 776
355 143 34 502
104 27 1 98
34 162 43 634
117 53 9 1112
795 241 43 1138
403 215 25 1190
753 198 58 219
251 173 31 448
514 2 34 584
398 23 35 766
347 289 49 361
374 80 16 254
598 297 19 410
248 22 35 257
31 178 13 999
750 268 13 937
645 272 31 209
738 173 14 148
371 199 50 878
315 13 49 1038
196 24 43 701
640 107 41 429
685 213 37 633
306 199 37 1011
371 64 43 591
90 190 4 770
603 136 13 590
275 253 41 662
122 8 45 507
377 191 19 175
572 73 39 603
161 120 43 414
799 222 7 898
41 269 47 643
462 176 20 569
782 19 14 90
331 174 38 1016
331 314 10 227
209 179 11 483
791 282 55 52
227 196 1 770
398 55 1 481
580 249 26 796
784 176 37 689
225 315 4 250
794 108 38 753
747 185 38 241
74 286 13 212
661 184 46 544
199 19 1 263
303 108 5 897
489 51 19 716
320 238 25 1024
619 161 43 355
348 232 26 533
271 269 22 802
447 61 37 301
657 281 8 406
396 105 27 126
557 270 21 1189
209 232 56 840
264 182 25 695
527 43 43 320
674 183 13 122
699 173 9 34
701 24 13 326
279 230 51 883
627 279 4 984
148 118 55 110
481 23 34 330
745 282 26 802
609 162 20 978
460 260 14 1023
135 155 4 932
105 295 21 874
40 254 2 786
514 164 13 727
97 307 4 994
103 155 15 932
745 252 20 544
343 39 43 800
480 17 31 816
625 240 13 683
295 265 32 26
625 297 7 217
628 25 49 1138
277 319 11 1116
718 55 49 153
355 293 19 134
344 317 7 1029
741 269 17 670
635 141 8 574
278 229 50 310
554 318 5 1169
645 89 7 214
320 33 7 187
43 176 16 425
741 297 13 529
626 7 1 898
191 241 22 438
671 314 1 447
753 129 1 1019
699 29 37 67
381 190 31 81
601 303 19 1156
255 169 2 383
727 214 7 281
352 138 11 224
46 123 19 856
68 59 55 777
133 83 43 822
651 184 19 205
663 4 15 154
396 312 38 1018
279 130 23 884
606 34 10 54
658 142 7 1007
12 116 28 491
643 314 56 851
354 182 1 807
408 276 49 81
210 3 19 330
533 150 1 915
81 93 50 225
664 23 35 837
585 309 25 498
676 39 1 65
254 209 27 676
744 313 51 260
637 56 1 439
790 3 9 130
46 158 13 1107
375 266 34 603
5 29 37 117
606 171 14 827
660 63 7 290
87 128 44 1062
174 34 3 711
169 190 34 1015
739 96 46 871
203 48 19 1030
670 151 43 1071
321 298 43 450
166 226 43 3
760 66 1 408
500 277 10 706
302 174 9 282
490 27 10 641
580 231 19 55
63 106 27 460
715 87 34 1062
419 282 2 1102
222 296 55 279
644 181 5 236
234 175 1 879
110 170 4 183
359 44 46 225
744 126 11 797
134 182 20 576
797 130 20 200
551 192 25 1062
1 121 13 465
132 269 19 1143
452 194 8 929
573 120 9 453
459 316 43 337
183 138 25 1039
705 255 26 367
171 215 33 1114
740 295 9 652
756 93 5 957
370 169 1 647
334 72 23 913
577 242 26 731
523 267 49 846
7 99 1 806
500 90 1 589
499 245 19 504
799 145 11 79
659 87 11 1080
135 309 32 1171
584 72 17 896
145 290 49 250
611 212 38 977
702 207 49 802
264 45 31 516
172 278 33 457
474 256 55 952
184 277 23 340
458 53 49 603
447 285 17 709
108 42 3 887
627 273 16 1061
255 65 49 838
74 121 17 462
491 217 31 597
240 237 14 1034
135 84 44 1027
517 211 45 720
56 280 33 411
182 32 37 704
391 181 41 378
119 304 5 1123
703 69 13 469
745 259 8 963
3 143 4 343
413 280 21 872
297 286 38 1168
424 61 1 47
750 38 1 1174
712 280 43 727
781 64 43 1182
690 295 13 1134
172 138 58 581
313 86 7 964
386 155 43 349
688 165 39 1068
766 70 1 913
401 25 51 376
716 209 1 257
675 61 19 734
645 109 37 731
402 187 13 1126
672 36 34 634
798 18 7 326
556 100 13 927
161 7 9 825
77 272 25 1094
241 163 13 583
81 208 7 174
221 245 25 685
291 94 55 637
574 129 33 334
120 248 11 383
40 99 44 950
277 230 46 143
771 180 31 1056
505 74 25 921
349 283 43 574
794 130 11 808
291 278 31 424
345 180 29 94
390 308 13 510
799 106 3 867
709 210 56 34
769 275 53 1023
715 185 1 748
749 199 38 409
208 76 21 57
625 238 56 421
527 242 7 731
16 40 19 981
552 211 20 674
557 73 37 478
509 144 7 260
710 99 25 806
327 221 40 735
177 143 16 47
717 98 55 262
611 167 7 419
473 70 40 742
738 252 38 99
72 97 43 937
666 144 49 1141
223 250 20 1069
681 287 19 263
500 149 23 819
186 20 44 502
105 155 4 785
320 197 33 268
706 195 8 4
413 52 33 946
39 97 35 687
726 67 43 441
329 151 1 535
684 256 7 925
692 7 14 847
420 239 7 487
619 178 21 6
507 199 26 27
262 281 15 181
230 231 43 125
114 257 55 286
382 190 25 770
180 164 31 844
764 67 17 220
764 152 8 384
160 243 27 928
375 142 25 1125
140 284 49 339
100 233 27 815
245 60 38 729
605 216 50 575
57 183 10 966
556 124 19 332
340 92 15 766
548 310 22 532
700 255 19 56
634 87 14 678
133 253 4 180
673 196 37 958
73 249 25 720
131 52 28 782
684 195 34 148
55 64 19 1167
146 20 44 164
484 215 49 1175
515 267 39 327
729 261 13 410
533 200 11 1159
551 128 55 389
327 79 8 924
268 218 43 739
168 18 38 632
490 78 43 1184
15 31 32 1148
522 97 29 192
560 78 43 905
51 232 19 755
466 137 49 908
211 314 8 182
705 7 31 998
182 290 32 385
791 203 31 535
749 135 43 1186
145 234 43 808
648 198 56 635
391 49 9 313
79 54 2 223
659 301 25 135
299 169 7 647
665 280 28 476
537 35 56 1088
482 288 29 867
469 134 43 752
435 209 31 257
431 176 1 119
316 27 4 231
135 15 49 796
754 109 14 800
707 56 26 332
516 17 49 750
336 141 3 448
637 99 19 212
213 167 55 908
205 65 7 469
784 158 3 470
475 138 37 698
297 109 1 1163
467 18 9 890
567 8 56 507
660 236 23 343
314 168 49 1143
31 275 5 43
783 213 32 97
9 100 38 676
390 114 37 315
237 65 7 684
468 192 49 825
224 203 1 672
464 32 19 316
594 128 1 865
436 84 25 174
237 167 31 234
513 311 43 1018
238 195 1 410
416 149 17 432
176 33 5 406
717 197 15 480
338 148 4 451
38 98 3 1002
561 90 5 677
484 203 25 801
767 133 43 318
121 192 31 927
454 28 25 751
745 312 49 226
594 278 45 745
324 83 31 822
583 261 35 458
545 319 13 134
512 119 31 333
209 118 7 348
309 30 38 608
624 96 37 957
498 71 34 1191
205 222 37 304
447 48 25 301
322 18 8 576
324 116 40 891
4 63 1 688
771 131 13 573
332 305 19 357
460 13 19 584
27 96 37 262
206 41 20 191
106 296 45 539
618 98 22 422
160 10 14 764
586 187 14 442
222 79 16 278
347 186 32 963
501 267 49 940
536 255 21 906
490 180 39 1113
48 17 32 204
84 66 35 182
96 69 7 715
394 35 25 953
136 181 7 1064
517 59 49 1026
154 47 26 597
401 93 31 369
522 52 31 503
252 175 1 455
549 146 25 1064
15 318 53 75
773 132 22 756
603 47 28 1049
72 44 19 161
411 153 31 245
377 25 31 242
199 262 33 191
228 206 7 2
724 270 26 171
609 289 43 410
515 36 11 631
794 234 19 1081
399 319 27 444
420 299 37 1028
597 51 56 426
585 135 33 371
278 60 8 11
126 262 7 346
417 256 28 358
660 158 37 605
197 30 43 321
448 159 20 99
733 141 49 17
210 109 4 74
17 28 13 302
207 153 7 213
409 10 29 940
18 230 22 690
641 266 56 927
279 166 13 983
237 100 14 493
520 244 25 1176
457 60 25 62
449 303 1 605
405 6 25 454
366 138 4 849
59 269 9 251
223 9 16 930
297 193 19 281
14 155 19 1108
484 249 45 345
257 85 25 1057
112 13 51 875
570 221 23 244
533 83 33 1184
434 178 27 507
775 101 13 142
411 201 41 1031
349 136 5 1122
327 37 34 693
438 309 16 95
73 68 1 279
139 199 43 1113
483 211 37 770
253 33 1 375
603 113 9 77
58 146 16 641
53 183 8 1110
245 270 1 612
587 176 13 689
553 259 19 1017
31 278 1 17
350 250 25 616
348 257 37 584
189 193 19 59
465 289 8 1113
68 50 7 502
496 316 15 545
21 265 19 203
44 145 11 912
701 187 49 629
765 5 7 491
32 151 13 957
193 213 5 988
127 130 59 551
385 172 49 254
393 221 16 938
60 34 13 337
263 138 35 1046
35 278 19 1174
86 32 49 611
227 101 16 695
95 137 14 908
574 58 37 75
331 156 13 844
716 207 31 665
695 251 7 484
193 89 31 18
89 160 37 280
203 129 13 922
686 111 31 938
403 98 33 455
408 148 40 1105
413 259 43 25
582 200 7 1146
88 170 32 1163
407 161 14 8
189 79 5 493
439 314 44 880
251 129 49 643
438 115 50 1191
544 99 46 212
589 235 25 318
561 209 19 257
207 213 27 1189
754 231 2 471
769 11 19 828
23 126 34 553
57 222 39 274
403 12 23 742
12 61 13 55
589 4 40 759
753 208 5 874
756 2 16 1179
245 108 35 1111
329 250 7 264
617 162 25 747
58 319 10 23
587 250 25 701
255 20 7 299
139 317 15 168
102 114 50 576
530 211 8 674
341 226 49 113
330 61 28 585
685 268 46 256
112 156 27 120
187 18 25 152
17 249 1 101
255 51 43 1015
65 156 13 1071
642 36 45 141
652 162 26 1173
196 185 49 42
640 116 13 1090
657 153 55 945
625 318 26 496
277 86 31 768
700 164 52 1172
494 85 8 886
293 144 7 61
518 192 22 115
433 28 25 535
493 141 19 197
783 88 13 481
740 260 56 1093
215 148 28 1174
266 79 37 1085
235 200 44 92
15 274 5 496
508 245 55 915
85 312 13 719
528 22 45 602
508 113 51 3
338 207 35 667
426 318 1 424
433 283 19 625
14 73 34 437
443 87 1 470
310 59 7 723
92 128 29 451
593 209 21 69
363 37 7 803
584 76 1 349
30 227 8 817
519 234 55 408
564 116 31 567
9 248 19 837
371 93 23 879
6 236 22 658
56 126 31 371
271 295 1 632
178 173 7 718
202 150 39 1140
115 109 17 800
247 119 21 1064
780 82 22 143
103 43 1 420
705 132 40 430
53 269 16 937
341 89 55 417
334 288 25 97
562 165 10 753
495 280 44 711
335 88 25 297
546 105 31 660
559 121 21 1030
450 138 23 301
661 307 31 863
364 220 25 443
443 281 21 183
772 177 37 801
63 203 38 616
393 79 23 598
408 168 19 888
176 13 8 726
459 28 34 557
41 283 7 701
777 189 38 284
760 191 7 917
32 11 37 981
474 157 43 496
170 264 37 266
696 110 49 903
269 45 49 549
556 198 45 446
457 210 49 51
150 307 22 891
455 14 39 1117
105 215 31 1135
253 276 20 277
602 206 7 249
780 36 17 28
765 26 4 1114
158 143 37 189
205 170 34 582
783 134 43 834
391 283 13 27
229 132 28 343
456 127 23 48
320 221 41 353
745 202 31 875
333 22 10 189
777 179 1 442
314 48 7 702
436 64 1 695
622 156 2 379
775 61 10 1100
361 156 13 933
330 136 23 412
206 233 25 314
414 81 28 715
174 220 56 201
463 179 51 698
384 252 9 1083
353 6 3 79
491 80 13 46
616 155 32 1108
754 300 19 766
48 312 51 745
200 258 38 355
130 280 25 872
269 13 19 1166
11 18 43 200
126 192 5 161
572 225 51 1047
88 230 13 605
149 30 46 422
332 194 11 382
467 281 19 176
657 286 37 179
698 234 13 1133
690 48 37 230
243 81 37 948
336 202 31 282
665 224 1 795
536 152 39 194
111 16 5 274
490 255 19 208
698 136 5 429
231 177 19 813
344 187 31 951
413 301 10 395
750 202 31 207
241 36 2 528
631 180 13 825
616 239 8 503
374 274 1 598
314 167 19 47
238 44 28 221
203 222 1 472
66 79 13 278
765 230 20 551
731 302 11 404
300 129 55 988
646 306 31 1032
474 12 16 717
691 291 16 1092
43 259 19 1041
327 110 31 269
538 163 45 464
262 210 2 515
278 260 40 124
677 38 33 682
591 157 25 275
157 118 27 882
440 264 44 83
125 124 31 604
114 39 20 979
210 292 32 250
428 173 13 96
290 142 25 570
449 212 25 311
435 41 22 852
138 55 7 536
120 209 40 303
145 118 1 168
10 6 1 112
560 32 31 316
540 56 33 1134
512 31 49 262
729 59 31 611
721 310 4 32
25 18 33 781
546 270 16 817
282 312 7 283
137 220 31 574
628 210 1 234
185 18 45 437
637 287 5 1103
690 130 1 854
498 267 8 292
653 207 31 1126
352 14 49 1117
93 73 55 949
356 240 13 1015
3 79 7 145
2 73 16 142
56 201 23 572
530 301 41 177
386 164 49 1172
309 221 13 450
132 12 5 98
458 232 32 578
368 122 9 258
441 305 19 565
746 97 7 300
33 243 25 364
248 106 49 1030
602 22 4 47
421 33 34 548
668 158 7 775
670 249 1 595
55 240 14 290
167 247 4 525
513 95 27 84
292 265 7 767
786 173 25 333
94 172 19 155
79 70 14 870
787 207 13 1088
704 57 25 1092
338 80 43 637
162 65 43 691
289 195 13 144
482 11 25 50
685 90 5 454
97 214 44 784
493 88 13 874
38 216 31 1047
57 292 19 276
574 30 26 248
168 94 51 874
568 84 49 1180
594 200 43 733
628 87 25 316
530 225 1 556
67 196 20 1199
167 266 25 457
666 320 37 1025
678 48 11 807
735 3 13 491
66 54 39 857
160 277 20 843
78 93 17 1188
4 208 11 174
439 72 7 206
88 281 38 314
24 176 55 175
76 227 7 741
618 132 4 922
608 243 44 277
437 91 33 684
594 69 3 754
210 150 11 357
368 63 27 571
267 107 41 373
55 216 31 152
611 69 49 377
23 183 11 593
112 193 31 699
795 215 37 496
552 67 53 496
453 234 49 909
421 304 47 312
755 165 22 575
776 15 7 1036
399 50 34 1013
322 98 26 35
476 132 22 961
308 147 27 927
227 277 29 706
469 257 19 630
788 280 37 867
8 251 32 265
138 255 25 573
767 201 1 572
241 141 55 71
275 18 20 781
33 99 7 408
559 106 33 976
61 47 15 251
481 224 43 483
611 250 26 998
330 280 7 411
637 30 13 528
128 292 31 569
574 235 14 955
482 265 31 160
761 38 25 328
382 134 32 372
1 173 25 494
439 243 37 146
37 183 17 468
437 64 49 211
111 175 1 95
174 53 25 999
794 17 7 12
726 6 51 43
501 245 7 18
780 298 26 738
160 24 37 457
739 153 1 1140
336 95 25 198
364 138 7 401
538 180 29 508
28 93 1 169
109 186 19 478
522 241 52 438
95 319 49 444
193 284 1 203
526 101 23 142
786 253 56 662
283 262 19 725
185 174 13 266
185 247 43 709
613 83 22 590
157 318 47 822
375 110 49 30
720 311 43 549
109 166 10 10
158 317 11 29
645 16 25 427
401 62 19 673
182 151 55 390
598 241 10 438
732 213 31 580
446 262 9 1150
263 94 43 765
241 94 19 1094
498 61 16 336
545 189 37 973
716 84 13 942
164 65 31 469
21 124 1 1056
470 129 1 880
169 193 44 109
326 81 25 307
355 285 17 494
97 65 7 819
264 223 11 113
746 253 35 1093
14 286 9 399
792 91 9 656
419 150 19 763
607 82 7 970
551 218 13 576
343 167 2 282
603 165 19 430
616 247 27 466
306 35 27 799
150 40 7 21
251 254 20 786
621 8 25 93
603 154 37 640
290 275 7 49
676 155 38 431
17 198 37 446
621 108 5 153
794 295 23 866
367 34 4 1079
563 154 9 1129
418 148 25 1128
178 158 4 618
744 124 29 1110
177 111 49 848
478 94 25 788
632 119 2 357
474 213 9 410
443 6 3 844
708 128 52 88
243 167 43 421
690 252 31 1161
291 118 19 12
481 76 16 996
377 112 44 35
512 65 27 607
159 31 26 800
550 232 2 646
59 136 11 522
477 252 38 783
777 199 33 1170
543 154 31 22
653 172 13 946
289 304 1 844
590 101 14 929
307 193 4 127
444 271 38 767
21 190 50 73
769 51 33 53
65 138 5 521
595 307 14 1080
711 276 55 924
166 233 50 960
399 257 19 1097
585 185 8 221
1 287 23 1111
132 96 13 363
121 303 13 545
477 187 3 628
646 312 23 474
718 82 13 547
726 15 7 650
338 282 1 444
431 164 9 946
119 17 13 935
219 260 40 976
664 5 17 268
143 16 11 316
406 90 14 312
591 240 43 981
598 194 23 1100
176 243 19 879
105 138 11 608
464 189 43 288
794 296 43 445
679 303 4 1008
691 51 40 405
393 236 51 577
780 111 7 1016
674 7 39 282
766 106 13 853
567 96 49 593
495 243 31 724
571 41 20 1134
64 106 25 525
449 197 37 388
235 269 13 233
247 160 16 490
454 227 40 383
580 82 43 403
24 174 8 795
392 137 55 202
311 244 46 456
378 116 16 325
27 83 5 758
75 136 25 915
12 146 58 734
486 285 5 336
588 95 37 325
612 177 7 642
137 197 21 587
531 291 52 177
690 213 17 1078
163 211 2 1091
159 11 1 1074
782 295 25 993
87 232 25 541
786 269 5 251
438 245 19 727
80 111 32 151
273 76 25 534
485 170 9 1132
39 76 25 928
603 101 35 348
466 112 10 247
407 119 55 350
685 35 49 653
86 280 4 476
722 284 1 1095
310 123 43 169
221 230 37 775
330 139 49 190
798 190 32 510
577 283 3 245
5 264 23 1000
102 294 17 933
411 278 37 922
254 19 22 548
348 218 35 1198
481 94 9 199
285 178 25 764
619 66 1 707
575 80 37 358
783 152 11 1134
112 73 1 1082
539 120 32 414
42 311 43 365
208 284 43 221
512 5 52 84
606 260 1 583
400 271 37 723
423 140 32 217
165 85 55 855
474 128 23 759
82 285 5 297
736 264 49 1000
561 263 1 918
397 278 13 1194
158 229 31 991
222 178 2 6
548 225 45 555
177 282 7 1063
429 135 43 513
361 273 51 287
261 289 7 868
144 104 5 676
247 47 55 1049
581 17 14 54
705 126 45 797
624 227 27 565
781 154 49 655
1 223 11 805
53 105 37 53
627 160 10 1175
425 184 32 441
778 31 13 1149
550 176 55 859
329 215 28 675
34 299 1 1027
504 17 32 905
582 187 55 658
23 46 13 899
431 266 13 328
132 189 7 1106
552 136 35 694
447 229 19 145
336 265 44 286
121 186 16 684
385 319 25 804
163 85 25 409
261 96 28 1068
431 227 27 777
332 76 56 715
731 64 55 249
634 109 1 654
577 86 32 403
315 117 25 914
366 115 1 573
671 282 35 689
704 274 35 267
22 77 16 1029
602 19 31 190
775 290 37 624
103 76 59 1178
567 120 37 81
390 59 3 233
134 152 11 866
525 279 1 242
184 246 1 1036
705 114 20 876
487 314 26 1185
70 113 13 923
182 11 19 1101
507 161 39 743
456 56 31 1052
529 319 5 1195
151 280 2 270
298 53 55 811
482 145 20 143
643 153 21 1140
460 116 22 755
484 210 19 45
378 305 44 196
577 264 8 237
359 294 7 1129
190 158 35 1089
532 69 49 171
452 281 13 890
75 40 45 230
791 117 1 550
258 8 7 507
713 34 45 1132
552 210 43 964
372 250 13 359
613 216 14 994
556 173 1 148
90 130 43 1152
176 30 31 118
467 256 28 346
479 259 13 102
28 5 31 693
690 135 46 657
324 216 1 176
533 146 26 1077
70 304 20 844
514 192 25 927
432 26 38 365
100 168 22 741
684 170 15 97
151 296 13 72
190 89 45 1051
571 183 25 5
449 262 19 29
328 69 3 808
383 193 13 540
691 71 11 913
111 207 16 792
292 71 1 743
629 70 1 917
663 192 27 456
246 22 35 186
195 103 13 136
212 38 34 1123
632 313 38 609
295 37 19 850
536 82 3 819
740 136 34 776
398 71 47 357
214 95 49 853
532 12 31 839
242 51 43 561
544 202 31 373
11 282 37 455
124 48 4 16
546 209 28 629
668 71 34 993
462 69 43 923
760 146 55 1133
461 130 23 185
548 221 41 511
321 211 1 979
464 272 31 358
621 178 7 475
121 146 19 1075
212 271 31 342
542 216 50 914
256 40 19 555
262 235 44 260
128 310 13 336
174 76 13 928
768 193 19 228
575 26 43 369
165 62 49 760
237 121 26 754
533 204 3 210
646 22 17 1161
199 121 11 754
76 298 37 317
322 61 46 86
432 206 19 911
583 284 49 221
448 20 39 939
581 279 37 512
485 277 13 976
100 270 4 163
518 171 49 116
32 285 19 92
545 68 8 902
758 309 19 710
652 115 5 644
64 46 29 99
373 165 28 135
218 25 27 215
171 159 27 459
96 224 43 28
179 155 37 1108
240 77 9 874
113 172 34 886
551 239 21 336
529 180 23 155
663 184 58 800
409 310 43 704
383 13 56 520
420 68 13 104
466 139 15 208
677 159 7 933
535 284 1 911
189 42 1 326
579 299 13 436
396 14 49 368
656 312 9 835
652 95 1 374
701 278 3 742
99 90 5 304
341 26 11 83
289 293 50 483
57 157 25 986
523 16 5 1117
386 127 9 587
387 161 19 122
626 302 23 774
498 272 49 697
79 76 5 950
337 54 8 56
352 91 19 264
458 266 7 121
306 201 19 1031
664 57 31 318
29 237 50 424
395 285 17 202
509 7 49 913
667 187 13 628
706 145 4 1134
695 279 3 1187
244 158 35 1064
144 225 45 302
412 318 11 816
153 79 7 971
118 270 15 1169
288 126 29 530
751 184 25 656
71 22 7 700
690 5 10 917
257 34 7 866
231 184 37 1034
141 86 49 768
269 87 13 440
240 193 49 1013
619 204 33 423
723 132 7 261
448 193 44 499
772 111 13 669
531 85 43 250
33 170 51 582
563 2 7 496
216 302 19 1151
800 36 1 1130
725 184 25 1141
731 225 28 569
275 117 33 444
454 212 1 311
359 218 17 303
732 271 35 767
502 81 32 872
770 295 27 232
752 286 49 93
524 158 11 484
64 113 39 715
77 259 55 885
750 248 23 11
660 35 39 307
93 87 31 842
82 54 51 276
437 284 26 831
509 95 31 686
339 313 55 147
504 118 50 989
94 213 4 100
522 92 37 1186
250 300 25 634
486 260 10 1196
182 210 49 1132
700 293 43 779
634 303 11 1008
763 145 31 1165
448 257 31 742
156 103 34 7
526 316 25 1013
479 120 1 328
475 315 34 477
545 200 17 595
427 297 9 800
92 93 23 1158
69 186 15 41
188 61 10 255
597 293 49 957
571 295 37 191
299 196 19 732
799 97 47 1065
777 139 3 111
114 209 7 586
404 255 39 577
260 159 15 1026
360 275 7 532
164 310 11 1153
787 263 43 771
474 78 37 636
588 66 7 210
462 179 5 620
741 19 3 1163
202 9 8 1008
535 21 51 716
717 267 1 804
537 295 11 391
431 271 17 342
81 143 19 1119
212 252 25 1065
763 68 13 415
187 185 13 221
235 115 10 1055
181 83 32 24
677 296 2 381
515 128 17 27
587 162 38 597
604 313 13 476
165 265 19 31
387 123 31 955
535 86 8 914
607 179 19 51
145 28 56 987
74 126 25 554
47 45 19 595
335 238 7 203
631 307 34 110
363 242 37 364
746 92 19 419
707 48 7 871
164 76 8 1107
705 261 14 661
547 247 35 146
588 235 25 371
331 193 2 405
310 232 1 495
149 319 23 1195
565 114 50 101
429 254 16 686
776 216 55 192
98 167 55 453
156 81 3 1005
654 212 37 401
679 158 41 996
262 199 31 319
469 240 49 479
333 260 20 528
460 301 43 181
462 20 1 1181
481 20 13 1140
776 238 9 846
199 140 39 217
243 196 25 1019
153 298 1 601
447 272 31 348
198 87 1 773
383 314 32 447
453 77 14 572
349 254 25 916
194 298 1 9
777 73 50 567
594 88 31 874
446 267 49 1050
332 84 3 441
127 228 33 703
771 44 8 437
681 105 46 917
743 254 55 395
404 308 7 793
609 204 4 691
336 29 7 337
248 218 13 526
646 19 43 773
126 160 14 132
715 280 44 411
777 56 7 156
19 317 29 168
678 3 2 2
50 72 34 1160
534 124 11 488
469 86 9 35
183 86 34 13
167 16 33 105
770 304 29 708
153 294 9 40
546 271 53 713
454 163 51 1169
668 81 13 734
738 123 7 439
222 80 7 53
639 190 13 858
683 262 31 47
664 230 19 470
318 214 43 412
517 156 25 58
389 63 7 184
411 68 5 1042
53 108 13 270
447 111 13 565
383 90 7 239
543 175 37 592
600 236 28 540
704 54 19 423
748 121 28 1030
39 173 19 245
558 276 7 129
778 33 1 416
793 83 31 105
91 277 17 706
111 35 39 953
20 118 10 2
619 279 7 76
331 320 49 695
375 135 31 1061
371 98 19 324
166 87 11 1130
271 102 44 474
450 219 1 714
328 143 34 342
110 117 25 113
156 166 31 786
166 66 39 483
588 117 41 751
401 65 37 607
396 211 19 770
674 318 47 620
184 141 32 586
413 72 29 794
311 18 51 1143
302 40 34 627
137 272 13 198
58 20 13 186
271 221 17 450
10 32 13 509
124 161 13 1049
142 63 49 785
22 319 8 472
749 2 15 1141
545 107 15 445
307 225 21 903
501 136 13 812
123 63 13 1114
795 12 33 320
268 40 22 1071
662 200 34 800
277 301 1 37
692 66 25 1025
686 40 28 774
765 270 1 369
176 31 13 877
171 57 45 1199
632 95 13 381
354 245 37 1135
149 59 32 20
642 144 21 169
351 138 28 633
196 110 40 661
547 240 51 45
191 182 37 288
272 5 22 1085
681 217 7 685
326 136 4 1013
298 136 11 980
482 159 15 1112
235 266 49 515
531 164 22 192
720 277 31 843
90 43 19 347
220 301 15 486
503 134 1 610
773 295 5 246
117 178 44 1181
568 173 2 1135
313 209 4 659
725 120 21 453
392 129 7 563
306 78 55 468
712 2 29 1042
192 312 13 763
267 158 35 422
550 219 13 1163
240 275 7 1049
5 119 15 1037
406 272 7 697
573 111 19 415
714 209 19 496
241 26 7 698
110 249 50 711
402 285 5 494
332 164 32 539
506 64 1 620
109 229 14 243
692 249 31 899
165 93 17 763
685 19 7 32
505 103 49 62
18 122 34 665
154 5 5 328
636 213 47 580
155 41 34 866
452 317 10 1076
619 29 15 1087
793 123 45 679
19 224 55 28
351 32 37 417
750 127 43 361
218 318 32 620
351 302 16 79
284 180 10 192
208 302 23 132
592 227 1 1158
112 38 19 1123
746 181 14 66
773 290 1 418
679 199 20 1062
620 40 25 938
328 110 50 632
553 160 14 811
720 318 23 1044
248 38 31 404
428 72 29 206
518 278 43 623
316 116 7 339
750 242 38 192
105 153 27 979
107 46 9 1090
141 305 19 1121
26 169 37 926
549 60 17 144
598 27 17 1102
516 200 1 680
306 203 34 997
14 66 17 388
709 286 31 272
230 199 25 44
73 198 40 576
575 40 57 895
575 51 49 139
539 57 38 978
368 297 43 1036
555 217 39 129
603 252 31 274
100 51 13 140
69 305 25 1178
489 6 45 884
682 221 7 297
259 23 38 567
751 294 14 854
79 82 21 651
582 315 19 696
689 37 32 32
532 96 1 894
214 76 22 265
468 297 43 920
505 287 19 117
13 224 43 212
87 17 19 54
499 176 4 569
280 138 13 1067
334 248 7 1090
12 260 45 873
285 109 5 828
145 162 19 660
398 97 37 599
778 222 19 802
649 272 37 209
378 44 32 532
284 56 26 6
289 141 37 986
45 30 27 290
729 291 53 264
594 181 56 1115
397 244 50 252
255 92 27 1010
72 281 21 157
162 144 9 770
30 94 50 946
309 104 11 198
127 128 1 903
740 232 1 413
756 227 27 903
690 111 20 797
417 80 1 1057
619 300 4 1057
658 107 23 61
749 20 31 164
41 57 26 989
769 166 28 651
482 193 49 109
293 242 31 1129
362 132 43 343
537 257 38 271
268 146 1 734
69 185 7 832
491 185 43 1160
42 291 5 885
219 25 14 242
646 21 20 995
552 278 7 922
215 153 19 956
252 172 37 155
752 16 55 91
171 168 5 349
234 41 57 607
176 183 11 569
737 84 21 118
575 303 29 619
526 28 28 1190
271 53 3 640
44 218 45 616
535 44 27 100
390 230 10 958
388 46 5 966
786 157 43 6
186 183 14 230
456 290 51 106
634 312 17 1089
486 168 28 1127
269 43 55 513
304 46 22 451
261 129 21 563
385 276 43 943
635 269 1 1066
510 136 35 40
431 167 50 590
125 84 3 715
579 121 1 411
66 301 43 939
356 218 1 303
336 181 1 189
198 16 4 1087
162 60 38 543
29 68 5 214
713 295 11 829
178 197 31 657
159 169 13 709
153 69 13 783
74 77 10 636
455 149 1 664
72 107 16 950
648 83 4 105
483 21 46 788
81 84 1 669
780 233 13 944
114 270 10 716
758 217 58 178
682 148 38 912
559 282 19 444
714 168 38 869
505 92 37 766
119 131 37 292
457 105 13 982
392 216 37 835
264 114 37 876
732 27 46 615
768 293 1 852
721 99 58 433
577 318 17 1044
714 172 13 506
483 86 1 186
611 289 55 1190
342 32 26 611
471 47 32 12
56 313 45 258
588 73 31 364
236 247 10 1109
350 270 19 742
113 296 9 354
280 267 8 107
211 169 50 709
731 2 13 304
347 27 35 231
725 51 10 505
274 60 1 867
638 229 31 773
383 259 49 962
348 239 31 302
41 242 55 1200
713 185 31 435
533 126 20 279
719 32 19 675
328 108 37 897
726 95 1 378
229 139 14 790
50 177 1 642
665 257 49 85
458 209 10 1051
265 134 38 13
17 274 23 211
92 229 49 885
2 30 57 149
42 235 20 913
315 7 13 1137
509 294 25 11
198 279 52 538
49 249 13 345
109 61 28 1139
410 231 38 836
375 56 9 366
469 13 25 736
466 132 32 54
384 24 31 560
447 245 7 196
261 193 25 405
359 285 4 1119
211 187 19 612
729 225 2 247
549 37 11 646
91 283 37 1093
190 41 39 526
630 249 19 530
479 262 28 445
477 76 1 1089
205 184 1 87
566 86 13 1060
61 37 7 428
499 45 32 203
140 278 31 1160
614 46 7 1196
428 53 31 1112
71 151 25 663
202 168 35 738
134 164 15 627
392 141 49 544
92 148 43 1193
685 250 20 52
568 305 43 224
37 211 27 639
624 273 15 111
200 109 27 827
62 103 49 1144
755 292 40 510
291 178 40 32
735 170 52 193
362 195 31 633
187 225 43 692
415 116 43 280
478 208 29 581
721 46 9 957
324 39 7 387
699 230 13 1110
753 174 20 795
365 108 17 702
364 290 55 789
649 200 7 466
206 223 16 805
333 2 41 1041
34 262 13 1086
739 193 52 748
116 192 21 255
214 184 19 224
27 32 49 509
465 191 19 928
41 69 13 460
311 267 2 82
500 167 49 436
732 126 7 899
471 150 19 1128
159 121 9 232
740 26 22 562
129 96 33 812
705 186 7 1039
702 69 7 94
104 89 31 1048
308 320 1 147
644 237 21 221
673 160 8 987
765 223 13 196
764 287 26 139
421 205 29 319
202 309 43 710
796 93 35 15
246 96 1 1007
785 138 11 586
363 2 9 782
244 45 37 65
478 192 19 1149
335 114 13 163
480 247 25 839
650 24 19 133
46 104 23 939
704 303 32 1019
180 310 41 764
584 141 25 208
800 302 39 396
219 24 7 666
412 180 49 636
285 224 37 904
546 195 23 938
333 70 31 101
224 163 25 1131
102 56 25 779
669 122 9 1018
113 123 19 788
609 141 32 178
582 3 43 816
319 67 7 1058
208 275 4 164
408 309 28 760
253 241 46 1138
620 102 31 295
320 317 31 634
357 78 43 867
292 85 13 214
389 317 13 924
21 262 8 1022
551 172 31 155
281 41 19 1063
327 260 19 976
580 44 5 584
631 34 7 291
423 49 20 769
92 125 1 269
178 267 43 1064
118 182 43 461
706 314 28 543
316 18 34 1128
227 14 55 1048
571 4 1 1062
576 204 13 615
666 294 23 82
243 250 7 798
457 254 20 757
44 5 19 683
755 163 15 458
489 117 43 1080
739 125 25 614
509 153 3 607
101 31 8 593
116 158 38 131
258 146 49 1148
470 33 43 363
20 186 7 599
775 244 28 252
409 30 4 596
164 36 37 754
43 129 37 517
717 102 22 437
711 156 7 478
63 105 56 955
205 209 31 1026
287 157 25 901
111 65 21 184
788 16 29 406
449 83 11 822
255 250 38 1022
89 23 41 692
468 30 13 324
68 313 43 476
489 300 37 963
419 55 37 456
419 40 10 41
72 207 1 665
199 196 46 652
734 319 1 391
152 98 4 80
103 2 47 1030
737 314 44 910
729 255 15 200
309 82 15 548
426 299 13 640
248 293 7 612
50 276 27 789
751 41 17 52
555 42 51 265
369 250 19 997
758 35 4 1017
447 292 43 603
409 86 8 538
135 161 7 745
264 134 1 372
396 208 23 113
382 194 5 1100
444 120 25 453
55 190 55 102
194 37 23 141
74 155 7 660
671 280 22 757
414 208 43 348
314 21 31 733
615 129 19 988
688 288 33 475
623 126 7 887
277 70 56 720
71 153 13 1119
505 320 16 885
499 109 7 906
333 210 25 9
731 86 7 13
790 53 55 1185
75 163 20 400
7 30 7 324
761 315 43 145
608 145 5 138
265 208 5 1145
687 214 37 237
470 36 7 460
637 176 37 119
285 24 19 1092
795 267 55 292
191 290 25 67
328 20 7 373
292 307 56 1080
629 110 49 76
381 130 7 236
588 69 1 677
208 146 50 985
518 95 32 750
651 7 13 305
390 20 49 504
313 161 51 735
779 65 43 315
720 131 49 4
385 15 4 294
605 307 43 994
624 85 1 4
250 3 31 1107
756 273 19 736
689 219 40 1058
316 186 22 1156
517 192 5 1015
130 128 7 1103
160 229 40 305
276 290 14 1027
484 69 38 1159
35 67 27 739
209 106 38 683
345 20 46 1192
325 197 43 1110
366 220 7 63
584 63 49 720
305 110 39 719
715 14 8 265
271 150 55 798
478 164 10 1192
572 111 44 977
405 100 39 24
233 77 1 513
662 52 19 254
579 226 39 1099
611 160 14 280
369 162 26 88
503 20 49 448
537 109 13 418
532 242 27 74
697 222 16 1000
783 45 55 905
94 105 15 50
698 291 23 1046
719 258 43 1011
216 26 43 147
651 257 43 630
97 170 13 618
325 318 41 424
684 105 20 230
7 235 15 882
365 258 49 911
568 18 15 1062
382 139 22 224
501 230 44 898
407 175 43 137
455 203 4 964
280 4 19 284
108 121 11 1096
743 147 43 1125
724 107 35 992
67 306 49 1153
48 56 13 1016
519 320 26 1084
759 173 13 193
689 53 49 309
488 246 14 1136
382 320 16 911
173 65 43 876
204 226 1 1194
73 98 43 778
254 55 31 172
596 292 46 975
193 56 37 631
472 157 26 1156
77 314 1 14
238 286 15 829
396 231 4 107
439 96 4 188
730 53 13 91
595 295 19 218
122 262 22 915
372 288 1 840
272 38 7 984
361 106 7 97
374 209 13 69
392 66 16 812
751 163 19 1103
294 231 22 763
520 94 1 319
413 35 13 205
194 46 29 177
170 134 39 60
448 86 1 802
532 3 9 64
633 218 11 739
662 131 49 311
324 130 5 579
93 221 23 297
250 55 49 152
695 143 27 896
173 281 26 181
746 281 25 743
333 3 13 40
81 140 56 853
598 286 13 232
201 313 31 346
37 189 52 973
433 138 4 324
565 173 27 1138
507 22 5 184
631 26 5 869
106 245 25 92
217 225 40 1130
641 99 34 522
369 108 1 142
693 314 25 862
62 204 23 729
85 264 32 393
722 25 49 691
676 106 7 1148
697 152 29 131
514 167 8 851
163 305 13 224
138 15 17 815
452 255 44 641
274 120 13 390
43 276 49 788
40 68 4 279
734 119 37 45
368 299 13 993
367 266 9 262
218 89 38 1040
734 136 19 857
608 35 52 1083
110 3 27 363
323 181 53 1081
430 229 33 526
681 177 1 767
73 287 13 906
312 222 25 1135
304 61 45 879
671 82 38 1195
154 93 11 355
555 218 11 576
495 165 34 438
410 12 2 817
127 151 13 21
594 191 49 917
120 168 20 915
300 150 25 124
214 53 25 309
146 305 50 449
76 126 29 567
272 130 1 210
528 239 9 1084
161 122 13 358
687 236 13 408
205 293 40 741
363 255 43 973
122 15 5 460
150 202 44 19
98 206 7 139
23 120 1 390
772 9 22 820
197 269 29 658
775 184 51 147
248 238 26 418
513 10 25 1101
733 81 15 43
426 304 5 597
13 87 13 688
719 178 28 1181
606 182 44 1124
184 159 15 99
331 296 31 224
430 168 41 869
463 203 7 1057
342 109 7 678
699 201 5 1186
770 87 11 976
589 274 44 802
459 292 9 424
667 128 11 30
523 85 19 214
560 68 13 130
645 148 19 1040
202 223 28 568
101 82 31 779
65 62 31 668
578 248 29 7
633 189 16 30
116 182 57 270
716 256 49 925
591 279 4 255
678 96 26 1031
617 185 13 832
461 75 37 614
513 144 50 216
388 153 26 945
233 311 21 549
526 302 46 774
662 292 1 810
587 74 35 921
75 320 52 9
486 136 32 429
273 159 31 513
89 21 7 1116
508 22 21 218
525 49 55 596
650 42 55 203
643 39 37 648
413 82 7 189
523 40 31 592
376 116 34 38
583 243 7 1166
415 221 23 810
506 283 13 804
455 301 29 740
303 86 8 486
588 71 11 432
393 249 55 388
499 133 39 56
374 283 49 563
167 235 56 678
158 81 40 1170
490 279 1 331
761 194 17 604
343 44 41 642
698 49 26 492
54 190 37 510
20 101 51 681
429 170 21 980
411 103 44 59
359 144 25 517
89 286 14 824
435 142 19 738
402 119 7 426
397 319 5 23
657 20 51 887
570 281 13 201
693 158 9 948
108 54 7 267
759 63 1 184
4 245 43 607
685 207 10 541
237 158 19 762
335 105 2 1196
271 242 28 312
147 312 11 926
192 234 1 170
5 68 31 267
695 192 1 491
207 273 34 1098
209 100 25 116
100 235 31 1146
94 144 31 1145
394 238 49 386
557 94 7 564
395 45 25 78
590 161 38 559
445 42 20 299
131 319 1 1116
787 163 9 400
480 207 29 1169
665 139 43 1005
187 142 1 143
133 75 47 614
467 39 3 800
23 181 15 412
293 31 13 206
768 45 57 834
348 77 14 623
453 69 21 519
525 297 49 1162
57 320 7 1156
767 210 19 185
216 35 37 1197
260 234 7 534
510 179 49 698
37 100 1 1192
270 14 43 912
497 243 14 433
373 135 43 1187
661 177 25 650
38 72 13 1077
98 61 28 851
332 256 7 309
489 40 40 273
424 286 25 660
461 128 17 328
501 37 31 41
56 137 19 403
420 188 16 274
250 35 1 750
26 296 4 1150
290 130 29 474
444 105 56 302
578 190 26 972
442 84 37 308
649 143 22 306
340 83 4 421
93 54 34 643
60 24 22 457
424 269 47 1143
468 191 7 183
407 108 5 103
789 41 25 1078
558 182 19 270
10 114 39 1129
157 254 51 296
218 64 20 1182
525 209 4 815
546 57 1 154
475 63 25 1130
715 124 49 394
288 257 2 286
657 282 5 179
116 77 7 645
102 233 31 50
326 14 55 712
335 171 34 283
328 200 11 97
642 235 33 473
427 18 4 1001
61 71 44 495
155 246 43 442
527 142 40 538
785 186 28 860
45 11 44 1178
506 315 7 382
726 23 5 414
294 135 28 842
547 319 17 652
784 40 15 740
747 43 49 1042
412 249 38 439
668 18 26 1001
388 212 20 484
63 246 45 645
30 69 38 462
77 192 7 456
637 90 17 955
774 315 50 942
32 297 31 227
737 98 52 826
228 166 1 273
12 36 17 583
419 273 7 111
5 148 33 1154
771 29 37 997
476 255 31 628
311 201 29 572
465 309 22 447
249 132 23 125
708 218 20 303
324 95 25 240
340 265 20 599
182 108 5 178
148 155 25 708
381 104 17 44
16 269 29 251
791 151 38 1059
584 105 7 412
632 297 25 1100
763 114 25 163
136 6 43 1104
539 51 1 757
238 296 31 28
266 18 22 882
659 103 19 86
335 12 16 10
268 145 35 912
358 201 49 646
716 10 4 552
268 214 31 391
772 265 49 599
519 169 9 1140
639 179 16 1095
483 113 28 768
665 174 25 795
13 273 31 111
467 283 13 521
443 264 28 495
616 199 1 89
379 193 27 909
136 50 20 783
600 169 15 546
683 113 46 281
642 227 37 90
291 68 5 949
651 87 1 479
535 196 43 622
793 287 5 18
314 259 26 512
98 59 49 715
713 79 23 145
436 20 8 580
603 3 43 1136
281 247 1 892
187 156 49 1114
107 317 7 168
711 286 19 467
513 287 8 567
320 43 45 408
757 312 11 244
566 258 44 706
535 301 32 135
528 124 23 317
282 67 17 578
128 255 7 1182
262 32 7 509
19 151 44 4
220 18 2 934
193 174 44 1016
234 305 49 420
766 276 37 135
74 6 27 467
421 120 1 1148
12 133 8 482
229 91 19 570
21 62 37 680
416 202 21 19
290 145 11 254
367 260 25 583
540 213 25 774
762 141 31 907
346 14 1 1193
728 193 22 540
13 50 2 78
153 313 25 46
398 89 14 1120
445 147 39 161
3 313 14 609
473 78 20 777
234 150 7 540
301 300 55 1107
356 311 7 985
629 113 4 926
310 233 37 50
40 229 52 526
678 281 7 201
337 34 14 1063
296 56 19 173
496 98 1 625
321 57 20 849
722 218 8 1198
46 13 43 434
95 94 43 90
148 72 13 202
385 120 20 390
279 187 19 3
279 123 26 911
367 198 28 219
396 161 31 550
642 317 4 1113
481 238 49 529
548 282 8 883
387 154 7 22
725 3 31 885
641 196 31 648
455 240 33 551
711 230 16 300
457 232 9 445
260 172 33 370
511 177 7 349
789 63 8 688
264 102 44 416
125 130 1 68
756 225 10 183
277 174 4 965
620 246 7 464
642 127 11 610
745 114 1 876
536 233 7 16
514 145 5 1165
525 257 7 271
724 283 31 70
354 89 8 458
472 250 37 611
75 88 1 622
139 94 31 90
559 161 13 439
101 71 17 925
384 82 19 1118
564 274 11 339
599 230 40 65
295 92 49 784
76 102 4 475
52 221 52 95
181 305 51 229
329 279 25 1073
232 160 34 820
197 155 49 34
475 267 19 892
154 306 31 821
559 48 1 1109
50 256 13 494
781 308 17 90
373 256 10 910
71 243 46 931
510 79 53 556
799 133 37 482
503 173 43 158
90 80 13 553
350 239 37 693
659 242 8 662
608 84 1 198
272 77 13 471
444 220 45 333
640 129 45 955
111 172 34 764
650 115 23 573
470 225 16 551
446 187 13 629
430 256 25 128
424 191 43 639
293 40 37 955
485 64 55 695
220 289 45 552
65 97 49 118
402 239 49 612
49 284 49 29
520 187 21 753
424 235 19 436
615 256 37 49
172 64 37 542
628 39 10 1197
774 39 34 1085
768 281 25 490
255 22 11 602
570 120 55 414
580 294 23 354
366 188 11 526
625 121 11 1030
310 81 15 753
378 226 55 220
300 171 16 523
468 268 51 256
571 318 8 822
570 246 25 1163
102 153 37 244
151 157 25 687
291 216 49 519
12 47 19 805
472 67 47 462
181 155 43 932
580 259 7 480
419 62 43 680
214 106 7 38
344 162 25 187
537 252 31 637
246 295 29 1119
577 54 22 303
595 292 7 314
139 84 3 464
194 111 14 785
594 158 17 798
735 270 33 78
552 184 10 1141
738 268 56 256
456 196 26 104
612 106 37 1003
554 173 39 333
283 90 5 333
399 164 13 712
204 123 7 595
77 28 16 456
663 86 7 1013
78 22 35 322
497 195 21 328
513 40 21 1038
617 138 34 711
375 10 17 838
617 205 7 251
514 229 27 526
108 56 20 749
400 236 44 1049
10 229 45 243
48 258 7 415
119 120 19 935
687 234 19 226
706 164 1 161
718 159 31 671
298 178 28 29
274 251 19 968
161 12 16 86
405 128 37 811
38 225 38 1147
284 120 43 390
773 130 20 1115
86 30 22 806
529 121 25 324
431 143 37 799
274 297 7 550
225 182 13 1083
666 230 25 627
663 147 49 927
231 314 33 381
409 19 37 665
39 275 7 186
103 158 5 1148
626 177 19 70
632 30 7 528
341 82 44 391
373 309 25 21
308 214 43 786
22 108 23 790
201 16 23 430
378 2 13 229
142 114 37 128
703 262 51 786
29 108 7 558
596 210 7 1000
547 249 25 439
20 206 55 403
203 198 4 446
107 171 39 827
245 170 7 547
2 117 5 692
748 16 37 859
667 293 33 804
621 236 33 1003
172 259 25 144
232 72 31 380
251 243 40 236
162 277 40 1172
256 303 5 1019
677 104 52 761
285 155 1 72
524 131 38 264
261 39 46 198
724 295 3 930
418 235 4 386
336 26 19 678
178 87 13 523
486 170 45 558
727 179 3 51
796 229 25 305
574 158 46 677
618 270 34 1033
497 20 38 887
514 109 38 434
32 28 44 269
311 234 19 314
518 296 27 32
680 112 37 247
129 32 13 704
234 173 14 724
441 221 9 1033
455 244 55 252
340 17 7 307
755 153 8 301
748 257 14 1097
661 260 56 583
249 77 39 874
287 135 56 925
52 117 13 971
129 130 31 259
14 45 25 869
653 286 51 393
625 219 49 1163
357 281 31 421
379 290 13 207
31 133 43 409
492 288 32 462
755 278 46 1039
224 113 13 652
604 289 31 361
214 147 37 3
596 244 32 1055
225 56 26 434
598 217 7 5
527 82 49 184
333 295 5 877
729 31 40 70
579 43 20 826
681 70 56 381
705 219 10 430
254 21 43 472
182 123 27 73
353 2 1 85
178 172 16 946
460 248 5 453
339 290 26 579
497 231 44 830
204 104 23 491
774 290 21 963
632 60 33 744
97 176 31 175
488 110 50 852
414 276 15 665
3 77 43 1179
156 152 1 332
483 120 7 425
377 286 51 290
418 74 37 974
723 158 1 1051
57 5 22 1180
784 87 10 1147
171 249 39 993
765 81 15 176
465 87 25 133
446 224 34 103
83 183 1 816
6 305 27 224
546 261 11 48
429 183 11 652
171 221 23 490
462 22 11 1009
581 63 56 250
375 11 2 1088
234 307 43 493
28 268 16 256
162 284 1 779
364 167 31 697
239 61 43 301
363 88 50 680
266 138 20 1076
592 283 25 189
703 51 43 139
296 177 49 366
379 55 45 283
341 276 25 81
490 304 16 528
478 318 21 44
647 270 9 476
381 233 43 984
237 90 5 955
17 125 7 511
768 33 15 656
271 277 19 1172
62 216 14 714
647 144 1 768
69 275 13 677
774 90 17 589
718 192 16 187
619 17 39 815
89 53 49 741
573 54 3 1110
356 166 21 762
499 276 43 803
284 242 37 618
185 72 11 714
608 250 31 213
51 114 13 150
228 41 29 827
775 270 25 415
500 30 55 941
117 89 32 158
27 7 1 1137
14 289 13 593
159 72 11 1022
795 183 11 691
262 10 11 940
144 41 17 645
301 157 25 238
202 285 37 806
420 130 22 1184
781 228 13 341
320 287 19 463
165 13 1 53
97 146 16 259
200 120 19 511
54 298 19 420
616 196 50 770
39 313 9 857
683 69 51 1134
361 185 37 748
513 145 1 138
744 316 38 464
558 80 13 254
5 105 40 982
205 172 19 862
437 181 31 1081
387 4 13 402
188 264 19 266
244 319 19 880
762 205 13 534
146 25 55 782
83 209 7 1046
465 267 27 698
688 227 13 579
6 200 53 1030
423 229 1 476
208 296 25 930
487 294 2 366
739 251 31 721
725 33 1 55
456 144 19 260
612 119 49 350
77 126 40 767
786 20 13 190
766 100 55 289
666 209 7 579
390 176 16 287
201 234 19 887
60 18 3 38
231 59 50 205
80 155 38 596
528 169 13 283
752 252 43 628
686 139 19 206
139 182 19 589
29 32 1 611
344 222 44 512
392 92 31 222
32 73 25 1102
446 7 25 790
196 254 29 296
776 224 27 483
723 82 57 254
749 156 50 944
426 223 25 1129
400 263 13 833
687 280 1 717
410 125 49 1161
103 102 19 1127
599 202 33 900
376 170 27 991
62 289 44 532
639 158 19 96
426 143 32 113
687 46 9 551
358 267 19 174
496 13 21 823
85 195 1 196
436 231 37 34
780 276 1 415
672 97 28 913
500 81 19 835
612 253 23 180
600 142 22 640
235 312 20 645
57 150 35 1130
180 273 13 287
141 296 28 558
706 65 43 1045
352 59 31 1029
389 25 50 53
744 177 43 543
683 55 19 1111
677 192 16 77
770 155 34 932
784 175 25 524
669 175 15 1167
530 217 14 406
708 281 32 87
203 216 31 531
195 309 28 450
149 166 9 750
382 25 1 315
31 237 7 311
734 32 21 73
83 54 37 233
258 65 31 300
180 234 19 285
408 72 17 679
116 240 1 1188
400 231 28 679
84 45 37 238
605 176 25 362
162 291 5 1131
185 248 5 852
738 296 1 178
87 11 55 1105
307 144 37 1145
316 301 1 438
481 155 1 785
161 201 19 651
204 203 19 750
484 207 7 1170
511 99 15 1053
61 166 51 1099
Điểm tối ưu: 9593
Thời gian: 136.1975 giây
Trạng thái: PARTIAL
