Iteration,Time_Seconds,Objective_Value,W_Shift,W_Swap,W_Kick
0,0.0,566,100.0,100.0,100.0
8,0.0010027885437011719,566,61.2,65.0,51.2
10,0.0010027885437011719,566,48.96000000000001,53.0,51.2
20,0.0030019283294677734,566,25.067520000000005,28.936000000000007,21.483520000000006
24,0.0030019283294677734,566,30.054016000000004,19.319040000000008,17.186816000000004
30,0.004000663757324219,566,12.310124953600006,14.164185600000009,17.186816000000004
40,0.00500035285949707,566,7.878479970304006,9.052063027200004,5.631775866880002
50,0.00700068473815918,566,14.033781744795652,5.147725015941123,5.0
53,0.00700068473815918,566,21.22702539583652,5.0,5.0
55,0.008000612258911133,566,23.585296253335375,5.0,5.0
57,0.008000612258911133,566,25.09458960213464,5.0,5.0
60,0.008000612258911133,566,20.075671681707714,5.0,5.0
65,0.009000539779663086,566,20.278743901034353,5.0,5.0
66,0.009000539779663086,566,26.222995120827484,5.0,5.0
68,0.009000539779663086,566,26.78271687732959,5.0,5.0
69,0.009000539779663086,566,31.426173501863673,5.0,5.0
70,0.009000539779663086,566,25.14093880149094,5.0,5.0
80,0.010000467300415039,566,8.238182826472553,5.0,5.0
90,0.012000322341918945,566,5.0,5.0,5.0
100,0.013002872467041016,566,5.0,5.0,5.0
110,0.015000104904174805,566,14.0,5.0,5.0
120,0.016000032424926758,566,11.200000000000001,5.0,5.0
126,0.01699995994567871,566,17.168,5.0,5.0
127,0.01699995994567871,566,23.7344,5.0,5.0
128,0.01699995994567871,566,28.98752,5.0,5.0
130,0.01699995994567871,566,18.5520128,5.0,5.0
133,0.018000125885009766,566,24.84161024,5.0,5.0
134,0.018000125885009766,566,29.873288192000004,5.0,5.0
135,0.018000125885009766,566,33.8986305536,5.0,5.0
137,0.018000125885009766,566,37.11890444288,5.0,5.0
140,0.01902031898498535,566,29.004879074754566,5.0,5.0
142,0.01902031898498535,566,28.563122607842924,5.0,5.0
144,0.01902031898498535,566,28.280398469019474,5.0,5.0
148,0.020015716552734375,566,24.479564016137974,5.0,5.0
150,0.020015716552734375,566,15.666920970328306,5.0,5.0
155,0.020015716552734375,566,18.021463536808092,5.0,5.0
159,0.02101445198059082,566,21.53373666355718,5.0,5.0
160,0.02101445198059082,566,21.53373666355718,5.0,5.0
170,0.022014141082763672,566,7.056174829914418,5.0,5.0
171,0.022014141082763672,566,15.644939863931533,5.0,5.0
176,0.023002147674560547,566,16.40816736826636,5.0,5.0
178,0.023002147674560547,566,23.12653389461309,5.0,5.0
180,0.023002147674560547,566,14.800981692552378,5.0,5.0
182,0.024000883102416992,566,19.472628283233526,5.0,5.0
183,0.024000883102416992,566,25.57810262658682,5.0,5.0
185,0.024000883102416992,566,26.369985681015567,5.0,5.0
187,0.024000883102416992,566,26.876790835849967,5.0,5.0
190,0.025000572204589844,566,21.501432668679975,5.0,5.0
193,0.025000572204589844,566,23.760916907955185,5.0,5.0
194,0.025000572204589844,566,29.00873352636415,5.0,5.0
200,0.026018619537353516,566,14.852471565498446,5.0,5.0
205,0.026018619537353516,566,16.083572353228163,5.0,5.0
208,0.027015209197998047,566,18.23478904485282,5.0,5.0
210,0.027015209197998047,566,14.587831235882257,5.0,5.0
213,0.027015209197998047,566,21.670264988705807,5.0,5.0
215,0.027015209197998047,566,27.336211990964646,5.0,5.0
217,0.0280148983001709,566,27.495175674217375,5.0,5.0
220,0.0280148983001709,566,24.077529945199295,5.0,5.0
221,0.0280148983001709,566,29.26202395615944,5.0,5.0
222,0.0280148983001709,566,33.40961916492755,5.0,5.0
225,0.02901458740234375,566,36.727695331942044,5.0,5.0
226,0.02901458740234375,566,39.38215626555363,5.0,5.0
230,0.02901458740234375,566,25.204580009954327,5.0,5.0
232,0.02901458740234375,566,26.13093120637077,5.0,5.0
237,0.030001401901245117,566,23.379036777661838,5.0,5.0
240,0.030001401901245117,566,14.962583537703578,5.0,14.0
250,0.031020641326904297,566,7.6608427713042335,5.0,5.0
251,0.031020641326904297,566,16.128674217043386,5.0,5.0
259,0.03201460838317871,566,16.60630495930097,5.0,5.0
260,0.03201460838317871,566,23.285043967440778,5.0,5.0
261,0.03201460838317871,566,28.62803517395262,5.0,5.0
263,0.03301548957824707,566,32.9024281391621,5.0,5.0
264,0.03301548957824707,566,36.32194251132968,5.0,5.0
265,0.03301548957824707,566,39.05755400906375,5.0,5.0
266,0.03301548957824707,566,41.246043207251006,5.0,5.0
270,0.03301548957824707,566,21.117974122112514,5.0,5.0
273,0.03401446342468262,566,23.51550343815201,5.0,5.0
274,0.03401446342468262,566,28.81240275052161,5.0,5.0
277,0.03401446342468262,566,28.43993776033383,5.0,5.0
280,0.03401446342468262,566,22.751950208267065,5.0,5.0
283,0.03501462936401367,566,21.64899850663274,5.0,5.0
290,0.03501462936401367,566,11.084287235395966,5.0,5.0
300,0.037014007568359375,566,8.867429788316773,5.0,5.0
304,0.037014007568359375,566,15.675155064522736,5.0,5.0
305,0.037014007568359375,566,22.54012405161819,5.0,5.0
310,0.03801465034484863,566,19.232434811542813,5.0,5.0
314,0.03801465034484863,566,19.84700662350992,5.0,5.0
315,0.03901529312133789,566,25.877605298807936,5.0,5.0
317,0.03901529312133789,566,26.56166739123708,5.0,5.0
320,0.03901529312133789,566,21.249333912989666,5.0,5.0
321,0.03901529312133789,566,26.999467130391732,5.0,5.0
330,0.04100632667541504,566,17.077748311429414,5.0,5.0
334,0.04100632667541504,566,20.92975891931483,5.0,5.0
338,0.04200243949890137,566,20.716036566689194,5.0,5.0
339,0.04200243949890137,566,26.572829253351355,5.0,5.0
340,0.04200243949890137,566,31.258263402681084,5.0,5.0
342,0.04200243949890137,566,30.0052885777159,5.0,5.0
344,0.04300093650817871,566,34.00423086217272,5.0,5.0
346,0.04300093650817871,566,31.762707751790543,5.0,5.0
348,0.04300093650817871,566,35.41016620143243,5.0,5.0
350,0.04300093650817871,566,28.328132961145947,5.0,5.0
360,0.04400038719177246,566,11.603203260885383,5.0,5.0
361,0.045000553131103516,566,19.282562608708307,5.0,5.0
364,0.045000553131103516,566,25.426050086966647,5.0,5.0
370,0.04600048065185547,566,16.272672055658656,5.0,5.0
372,0.04600048065185547,566,20.41451011562154,5.0,5.0
374,0.04600048065185547,566,23.065286473997787,5.0,5.0
377,0.04700040817260742,566,28.45222917919823,5.0,5.0
380,0.04700040817260742,566,18.20942667468687,5.0,5.0
382,0.04700040817260742,566,21.654033071799596,5.0,5.0
385,0.04800057411193848,566,23.85858116595174,5.0,5.0
388,0.04800057411193848,566,25.269491946209115,5.0,5.0
389,0.04800057411193848,566,30.215593556967292,5.0,5.0
390,0.04800057411193848,566,30.215593556967292,5.0,5.0
391,0.04800057411193848,566,34.17247484557383,5.0,5.0
396,0.04900026321411133,566,27.496307120933803,5.0,5.0
400,0.04900026321411133,566,14.078109245918109,5.0,5.0
403,0.050000667572021484,566,21.262487396734485,5.0,5.0
406,0.050000667572021484,566,20.88639354712806,5.0,5.0
407,0.050000667572021484,566,26.709114837702447,5.0,5.0
410,0.051000118255615234,566,13.675066796903657,5.0,5.0
414,0.051000118255615234,566,17.001634200014674,5.0,5.0
419,0.051000118255615234,566,18.704836710407513,5.0,5.0
420,0.05200028419494629,566,14.96386936832601,5.0,5.0
422,0.05200028419494629,566,19.576876395728647,5.0,5.0
426,0.05200028419494629,566,22.529200893266335,5.0,5.0
430,0.05200028419494629,566,18.02336071461307,5.0,5.0
434,0.05300021171569824,566,21.534950857352364,5.0,5.0
435,0.05300021171569824,566,27.227960685881893,5.0,5.0
436,0.05300021171569824,566,31.782368548705517,5.0,5.0
440,0.054000139236450195,566,26.272572696937228,5.0,5.0
444,0.054000139236450195,566,23.451557220831862,5.0,5.0
446,0.054000139236450195,566,25.008996621332393,5.0,5.0
450,0.05500030517578125,566,16.005757837652734,5.0,5.0
460,0.0560002326965332,566,5.244766728242048,5.0,5.0
466,0.0560002326965332,566,14.195813382593638,5.0,5.0
470,0.056999921798706055,566,9.085320564859929,5.0,5.0
480,0.05800032615661621,566,5.0,5.0,5.0
482,0.05800032615661621,566,14.0,5.0,5.0
490,0.059000253677368164,566,8.96,5.0,5.0
492,0.059000253677368164,566,17.168,5.0,5.0
497,0.06000018119812012,566,18.790016,5.0,5.0
498,0.06000018119812012,566,25.032012800000004,5.0,5.0
500,0.06000018119812012,566,16.020488192000006,5.0,5.0
502,0.06000018119812012,566,20.253112442880003,5.0,5.0
510,0.06100034713745117,566,10.369593570754564,5.0,5.0
520,0.062000274658203125,566,5.0,5.0,5.0
530,0.06300020217895508,566,5.0,5.0,5.0
532,0.06300020217895508,566,14.0,5.0,5.0
538,0.06400012969970703,566,17.168,5.0,5.0
539,0.06400012969970703,566,23.7344,5.0,5.0
540,0.06400012969970703,566,18.98752,5.0,5.0
550,0.06600022315979004,566,6.221830553600002,5.0,5.0
559,0.06700015068054199,566,14.0,5.0,5.0
560,0.06700015068054199,566,14.0,5.0,5.0
561,0.06700015068054199,566,21.200000000000003,5.0,5.0
564,0.06700015068054199,566,23.568000000000005,5.0,5.0
570,0.06800007820129395,566,9.653452800000004,5.0,5.0
575,0.06800007820129395,566,14.942567833600002,5.0,5.0
580,0.069000244140625,566,14.942567833600002,5.0,5.0
582,0.069000244140625,566,21.95405426688,5.0,5.0
587,0.07000017166137695,566,24.0505947308032,5.0,5.0
590,0.07000017166137695,566,15.39238062771405,5.0,5.0
593,0.07100033760070801,566,17.880898881389594,5.0,5.0
600,0.07100033760070801,566,7.3240161818171785,5.0,5.0
608,0.07200026512145996,566,14.0,5.0,5.0
610,0.07200026512145996,566,11.200000000000001,5.0,5.0
618,0.07300019264221191,566,14.587520000000001,5.0,5.0
620,0.07300019264221191,566,11.670016000000002,5.0,5.0
621,0.07400012016296387,566,19.336012800000002,5.0,5.0
623,0.07400012016296387,566,25.468810240000003,5.0,5.0
625,0.07400012016296387,566,26.300038553600004,5.0,5.0
627,0.07400012016296387,566,26.832024674304005,5.0,5.0
628,0.07400012016296387,566,31.465619739443206,5.0,5.0
629,0.07400012016296387,566,35.17249579155457,5.0,5.0
630,0.07400012016296387,566,28.137996633243656,5.0,5.0
632,0.07500004768371582,566,32.510397306594925,5.0,5.0
640,0.07599997520446777,566,20.806654276220755,5.0,5.0
641,0.07599997520446777,566,26.645323420976606,5.0,5.0
650,0.07699990272521973,566,8.731139578585617,5.0,5.0
654,0.07699990272521973,566,14.470343464235837,5.0,5.0
655,0.07800030708312988,566,21.57627477138867,5.0,5.0
658,0.07800030708312988,566,21.047052682950998,5.0,5.0
660,0.07800030708312988,566,13.47011371708864,5.0,5.0
662,0.07800030708312988,566,20.77609097367091,5.0,5.0
670,0.07900023460388184,566,10.637358578519509,5.0,5.0
674,0.0800008773803711,566,16.807909490252484,5.0,5.0
676,0.0800008773803711,566,23.44632759220199,5.0,5.0
679,0.0800008773803711,566,25.005649659009272,5.0,5.0
680,0.0800008773803711,566,20.00451972720742,5.0,5.0
687,0.08100056648254395,566,18.193851280264163,5.0,5.0
690,0.08100056648254395,566,11.644064819369065,5.0,5.0
691,0.08100056648254395,566,19.315251855495255,5.0,5.0
700,0.0820002555847168,566,9.889408950013573,5.0,5.0
705,0.08300018310546875,566,17.91152716001086,5.0,5.0
710,0.0840003490447998,566,11.463377382406952,5.0,5.0
714,0.0840003490447998,566,17.33656152474045,5.0,5.0
720,0.08500003814697266,566,8.876319500667112,5.0,5.0
724,0.08500003814697266,566,14.544675584341562,5.0,5.0
725,0.08500003814697266,566,21.635740467473248,5.0,5.0
727,0.08500003814697266,566,23.84687389918288,5.0,5.0
730,0.08600020408630371,566,19.077499119346307,5.0,5.0
731,0.08600020408630371,566,25.261999295477047,5.0,5.0
733,0.08600020408630371,566,26.167679549105312,5.0,5.0
740,0.08700037002563477,566,10.718281543313537,5.0,5.0
750,0.08800029754638672,566,5.0,5.0,5.0
754,0.08900022506713867,566,14.0,5.0,5.0
757,0.08900022506713867,566,18.96,5.0,5.0
760,0.09000015258789062,566,15.168000000000001,5.0,5.0
770,0.09100008010864258,566,6.212812800000002,5.0,5.0
780,0.09200024604797363,566,14.0,5.0,5.0
790,0.09299993515014648,566,5.0,5.0,5.0
800,0.09400010108947754,566,5.0,5.0,5.0
810,0.09500002861022949,566,5.0,5.0,5.0
815,0.09600019454956055,566,14.0,5.0,5.0
818,0.09600019454956055,566,21.200000000000003,5.0,5.0
820,0.09600019454956055,566,13.568000000000005,5.0,5.0
829,0.0970001220703125,566,16.946816000000005,5.0,5.0
830,0.0970001220703125,566,16.946816000000005,5.0,5.0
833,0.09800028800964355,566,18.676769792000005,5.0,5.0
836,0.09800028800964355,566,24.941415833600004,5.0,5.0
840,0.09900021553039551,566,15.962506133504005,5.0,5.0
841,0.09900021553039551,566,22.770004906803205,5.0,5.0
842,0.09900021553039551,566,28.216003925442564,5.0,5.0
846,0.09900021553039551,566,21.557275207861277,5.0,5.0
850,0.10000014305114746,566,11.037324906424976,5.0,5.0
853,0.10000014305114746,566,15.651110352089589,5.0,5.0
860,0.10100030899047852,566,6.410694800215897,5.0,5.0
869,0.10200023651123047,566,14.0,5.0,5.0
870,0.10200023651123047,566,11.200000000000001,5.0,5.0
872,0.10200023651123047,566,17.168,5.0,5.0
873,0.10200023651123047,566,23.7344,5.0,5.0
878,0.10300040245056152,566,25.190016,5.0,5.0
880,0.10300040245056152,566,20.1520128,5.0,5.0
890,0.10400056838989258,566,5.0,5.0,5.0
900,0.10500001907348633,566,5.0,5.0,5.0
901,0.10600018501281738,566,14.0,5.0,5.0
906,0.10600018501281738,566,17.168,5.0,5.0
910,0.10700011253356934,566,10.987520000000002,5.0,5.0
914,0.10700011253356934,566,17.0320128,5.0,5.0
920,0.10800027847290039,566,8.720390553600001,5.0,5.0
927,0.10899996757507324,566,15.581049954304001,5.0,5.0
930,0.1100003719329834,566,9.971871970754563,5.0,5.0
937,0.11100006103515625,566,14.08447875922107,5.0,5.0
940,0.11100006103515625,566,11.267583007376857,5.0,5.0
950,0.1120002269744873,566,5.0,5.0,5.0
960,0.11299991607666016,566,5.0,5.0,5.0
970,0.11400032043457031,566,5.0,5.0,5.0
979,0.11500024795532227,566,14.0,5.0,5.0
980,0.11500024795532227,566,14.0,5.0,5.0
990,0.11700010299682617,566,5.734400000000001,5.0,5.0
997,0.11800026893615723,566,14.0,5.0,5.0
1000,0.11800026893615723,566,11.200000000000001,5.0,5.0
1010,0.12000036239624023,566,7.168000000000001,5.0,5.0
1020,0.12100005149841309,566,5.0,5.0,5.0
1026,0.12200021743774414,566,14.0,5.0,5.0
1030,0.12200021743774414,566,8.96,5.0,5.0
1035,0.1230003833770752,566,15.7344,5.0,5.0
1040,0.1230003833770752,566,18.056012800000005,5.0,5.0
1050,0.12400031089782715,566,5.916594274304003,5.0,5.0
1052,0.125,566,14.0,5.0,5.0
1060,0.125,566,8.96,5.0,5.0
1062,0.12600016593933105,566,17.168,5.0,5.0
1063,0.12600016593933105,566,23.7344,5.0,5.0
1065,0.12600016593933105,566,25.190016,5.0,5.0
1070,0.127000093460083,566,16.121610240000003,5.0,5.0
1080,0.12800002098083496,566,16.603411554304003,5.0,5.0
1082,0.12800002098083496,566,23.282729243443203,5.0,5.0
1090,0.12899994850158691,566,17.62928471849147,5.0,5.0
1092,0.12899994850158691,566,21.28274221983454,5.0,5.0
1100,0.13000011444091797,566,18.71741121324423,5.0,5.0
1102,0.13000011444091797,566,24.973928970595384,5.0,5.0
1103,0.13100004196166992,566,29.97914317647631,5.0,5.0
1106,0.13100004196166992,566,25.349321306355876,5.0,5.0
1108,0.13100004196166992,566,26.22356563606776,5.0,5.0
1110,0.13100004196166992,566,16.78308200708337,5.0,5.0
1120,0.13200044631958008,566,15.49948031208108,5.0,5.0
1130,0.13300037384033203,566,5.0,5.0,5.0
1133,0.13400030136108398,566,5.0,5.0,14.0
1140,0.13500022888183594,566,5.0,5.0,7.168000000000001
1150,0.1360001564025879,566,5.0,5.0,5.0
1157,0.1360001564025879,566,14.0,5.0,5.0
1160,0.13700032234191895,566,11.200000000000001,5.0,5.0
1165,0.13700032234191895,566,15.7344,5.0,5.0
1166,0.13700032234191895,566,22.58752,5.0,5.0
1170,0.1380002498626709,566,14.456012800000003,5.0,5.0
1178,0.13900017738342285,566,15.921182842880002,5.0,5.0
1180,0.13900017738342285,566,12.736946274304003,5.0,5.0
1190,0.140000581741333,566,5.2170531939549205,5.0,5.0
1200,0.14100003242492676,566,5.0,5.0,5.0
1210,0.14300012588500977,566,5.0,5.0,5.0
1220,0.14400005340576172,566,5.0,5.0,5.0
1223,0.14400005340576172,566,14.0,5.0,5.0
1227,0.14499998092651367,566,18.96,5.0,5.0
1230,0.14499998092651367,566,15.168000000000001,5.0,5.0
1240,0.14600014686584473,566,5.0,5.0,5.0
1250,0.14700007438659668,566,5.0,5.0,5.0
1257,0.14899992942810059,566,14.0,5.0,5.0
1260,0.14899992942810059,566,7.168000000000001,5.0,5.0
1266,0.15000057220458984,566,14.0,5.0,5.0
1270,0.15000057220458984,566,7.168000000000001,5.0,5.0
1279,0.1510002613067627,566,14.0,5.0,5.0
1280,0.1510002613067627,566,11.200000000000001,5.0,5.0
1290,0.1530001163482666,566,5.0,5.0,5.0
1295,0.1530001163482666,566,14.0,5.0,5.0
1299,0.15400028228759766,566,18.96,5.0,5.0
1300,0.15400028228759766,566,18.96,5.0,5.0
1310,0.1550002098083496,566,5.0,5.0,5.0
1320,0.15600037574768066,566,5.0,5.0,5.0
1330,0.15800023078918457,566,14.0,5.0,5.0
1340,0.15900015830993652,566,7.168000000000001,5.0,5.0
1350,0.16000008583068848,566,5.0,5.0,5.0
1353,0.16100001335144043,566,14.0,5.0,5.0
1356,0.16100001335144043,566,21.200000000000003,5.0,5.0
1360,0.16100001335144043,566,16.960000000000004,5.0,5.0
1370,0.16300010681152344,566,15.557452800000004,5.0,5.0
1371,0.16300010681152344,566,22.445962240000004,5.0,5.0
1373,0.16300010681152344,566,27.956769792000003,5.0,5.0
1375,0.16300010681152344,566,32.365415833600004,5.0,5.0
1380,0.1640002727508545,566,13.256874325442565,5.0,5.0
1390,0.16500020027160645,566,5.430015723701276,5.0,5.0
1400,0.166001558303833,566,5.0,5.0,5.0
1404,0.16700029373168945,566,14.0,5.0,5.0
1410,0.1680002212524414,566,8.96,5.0,5.0
1420,0.1690373420715332,566,5.734400000000001,5.0,5.0
1430,0.17001771926879883,566,5.0,5.0,5.0
1440,0.17201447486877441,566,5.0,5.0,5.0
1450,0.17301464080810547,566,5.0,5.0,5.0
1453,0.17301464080810547,566,14.0,5.0,5.0
1454,0.17301464080810547,566,21.200000000000003,5.0,5.0
1456,0.17301464080810547,566,23.568000000000005,5.0,5.0
1460,0.17401480674743652,566,9.653452800000004,5.0,5.0
1465,0.17401480674743652,566,14.942567833600002,5.0,5.0
1470,0.17501425743103027,566,7.650594730803203,5.0,5.0
1480,0.17601442337036133,566,5.0,5.0,5.0
1490,0.17701458930969238,566,5.0,5.0,5.0
1500,0.1790142059326172,566,5.0,5.0,5.0
1510,0.18001413345336914,566,5.0,5.0,5.0
1514,0.18001413345336914,566,14.0,5.0,5.0
1520,0.1810142993927002,566,8.96,5.0,5.0
1529,0.18300127983093262,566,14.0,5.0,5.0
1530,0.18300127983093262,566,14.0,5.0,5.0
1534,0.18300127983093262,566,21.200000000000003,5.0,5.0
1540,0.18400049209594727,566,6.9468160000000045,5.0,5.0
1546,0.18500041961669922,566,14.445962240000004,5.0,5.0
1550,0.18500041961669922,566,11.556769792000004,5.0,5.0
1556,0.18600058555603027,566,14.0,5.0,5.0
1560,0.18600058555603027,566,8.96,5.0,5.0
1570,0.18700051307678223,566,5.0,5.0,5.0
1580,0.18900036811828613,566,5.0,5.0,5.0
1581,0.18900036811828613,566,14.0,5.0,5.0
1585,0.18900036811828613,566,18.96,5.0,5.0
1590,0.19000029563903809,566,6.212812800000002,5.0,5.0
1591,0.19000029563903809,566,14.970250240000002,5.0,5.0
1595,0.19000029563903809,566,9.580960153600001,5.0,14.0
1596,0.19000029563903809,566,17.66476812288,5.0,14.0
1597,0.19000029563903809,566,24.131814498304003,5.0,14.0
1600,0.19100093841552734,566,15.444361278914563,5.0,11.200000000000001
1601,0.19100093841552734,566,22.355489023131653,5.0,11.200000000000001
1610,0.1920003890991211,566,9.156808303874728,5.0,7.168000000000001
1618,0.19300007820129395,566,14.688285851583862,5.0,5.0
1620,0.19300007820129395,566,11.75062868126709,5.0,5.0
1630,0.194000244140625,566,5.0,5.0,5.0
1640,0.19500017166137695,566,5.0,5.0,5.0
1650,0.1960000991821289,567,5.0,5.0,14.0
1660,0.19800090789794922,567,5.0,5.0,8.96
1670,0.19900035858154297,567,5.0,5.0,5.0
1680,0.20000028610229492,567,5.0,5.0,5.0
1690,0.20100021362304688,567,5.0,5.0,5.0
1700,0.20200014114379883,567,5.0,5.0,5.0
1710,0.20400071144104004,567,5.0,5.0,5.0
1720,0.205000638961792,567,5.0,5.0,5.0
1729,0.20600032806396484,567,14.0,5.0,5.0
1730,0.20600032806396484,567,14.0,5.0,5.0
1733,0.2070004940032959,567,17.168,5.0,5.0
1740,0.2070004940032959,567,7.032012800000001,5.0,5.0
1742,0.20800042152404785,567,15.62561024,5.0,5.0
1743,0.20800042152404785,567,22.500488192,5.0,5.0
1750,0.20800042152404785,567,9.2161999634432,5.0,5.0
1760,0.21000027656555176,567,5.0,5.0,5.0
1763,0.21000027656555176,567,14.0,5.0,5.0
1770,0.21100091934204102,567,7.168000000000001,5.0,5.0
1776,0.21200060844421387,567,5.734400000000001,5.0,14.0
1780,0.21200060844421387,567,5.0,5.0,8.96
1786,0.21300053596496582,567,14.0,5.0,5.0
1790,0.21300053596496582,567,15.7344,5.0,5.0
1795,0.21400022506713867,567,22.58752,5.0,5.0
1800,0.21500039100646973,567,11.564810240000003,5.0,5.0
1810,0.21600031852722168,567,15.921182842880002,5.0,5.0
1815,0.21600031852722168,567,15.217053193954921,5.0,5.0
1820,0.21700024604797363,567,9.73891404413115,5.0,5.0
1830,0.2180006504058838,567,5.0,5.0,5.0
1840,0.2200002670288086,567,5.0,5.0,5.0
1845,0.2200002670288086,567,14.0,5.0,5.0
1848,0.2200002670288086,567,17.168,5.0,5.0
1850,0.22100043296813965,567,13.7344,5.0,5.0
1856,0.22100043296813965,567,17.0320128,5.0,5.0
1860,0.2220001220703125,567,10.900488192000001,5.0,5.0
1868,0.22300028800964355,567,14.4648399634432,5.0,5.0
1869,0.22300028800964355,567,21.57187197075456,5.0,5.0
1870,0.22300028800964355,567,27.25749757660365,5.0,5.0
1880,0.2239999771118164,567,7.1453894447211885,5.0,5.0
1883,0.2239999771118164,567,14.573049244621561,5.0,5.0
1885,0.22500061988830566,567,19.3267515165578,5.0,5.0
1889,0.22500061988830566,567,17.916237421182075,5.0,5.0
1890,0.22500061988830566,567,14.33298993694566,5.0,5.0
1900,0.22600030899047852,567,5.870792678172943,5.0,5.0
1910,0.22800040245056152,567,5.0,5.0,5.0
1920,0.22900080680847168,567,5.0,5.0,5.0
1921,0.22900080680847168,567,14.0,5.0,5.0
1926,0.23000025749206543,567,17.168,5.0,5.0
1930,0.23000025749206543,567,10.987520000000002,5.0,5.0
1940,0.23100042343139648,567,7.032012800000001,5.0,5.0
1947,0.23200035095214844,567,14.0,5.0,5.0
1950,0.23200035095214844,567,8.96,5.0,5.0
1960,0.2330000400543213,567,5.0,5.0,5.0
1962,0.2330000400543213,568,5.0,5.0,14.0
1970,0.23400020599365234,568,5.0,5.0,5.0
1978,0.2350001335144043,568,14.0,5.0,5.0
1979,0.2350001335144043,568,21.200000000000003,5.0,5.0
1980,0.23600029945373535,568,21.200000000000003,5.0,5.0
1990,0.2370002269744873,568,5.557452800000004,5.0,5.0
2000,0.23800015449523926,568,5.0,5.0,5.0
2002,0.23800015449523926,568,14.0,5.0,5.0
2007,0.2390003204345703,568,18.96,5.0,5.0
2010,0.2390003204345703,568,12.134400000000001,5.0,5.0
2020,0.24100017547607422,568,6.212812800000002,5.0,5.0
2025,0.24100017547607422,568,14.0,5.0,5.0
2030,0.24200010299682617,568,7.168000000000001,5.0,5.0
2040,0.24300003051757812,568,5.0,5.0,5.0
2050,0.24400067329406738,568,5.0,5.0,5.0
2053,0.24400067329406738,568,14.0,5.0,5.0
2060,0.24500060081481934,568,8.96,5.0,5.0
2062,0.24500060081481934,568,17.168,5.0,5.0
2070,0.2460002899169922,568,8.790016000000001,5.0,5.0
2075,0.24700021743774414,568,15.62561024,5.0,5.0
2080,0.2480003833770752,568,8.00031244288,5.0,5.0
2083,0.2480003833770752,568,15.120199963443202,5.0,5.0
2090,0.24900031089782715,568,9.67692797660365,5.0,5.0
2096,0.24900031089782715,568,14.0,5.0,5.0
2100,0.2500002384185791,568,7.168000000000001,5.0,5.0
2102,0.2500002384185791,568,14.587520000000001,5.0,5.0
2107,0.25100016593933105,568,19.336012800000002,5.0,5.0
2110,0.25100016593933105,568,12.375048192000003,5.0,5.0
2111,0.25100016593933105,568,19.900038553600005,5.0,5.0
2113,0.25100016593933105,568,22.736024674304005,5.0,5.0
2120,0.252000093460083,568,9.312675706594922,5.0,5.0
2130,0.25300002098083496,568,5.0,5.0,5.0
2138,0.254000186920166,568,14.0,5.0,5.0
2140,0.254000186920166,568,11.200000000000001,5.0,5.0
2150,0.25500011444091797,568,5.734400000000001,5.0,5.0
2151,0.2560000419616699,568,14.587520000000001,5.0,5.0
2153,0.2560000419616699,568,19.336012800000002,5.0,5.0
2160,0.2560000419616699,568,7.920030842880003,5.0,5.0
2165,0.2569999694824219,568,16.336024674304003,5.0,5.0
2170,0.25800013542175293,568,10.455055791554564,5.0,5.0
2175,0.25800013542175293,568,16.69123570659492,5.0,5.0
2179,0.2590000629425049,568,20.68239085222075,5.0,5.0
2180,0.2590000629425049,568,26.5459126817766,5.0,5.0
2190,0.26000094413757324,568,6.958851734051646,5.0,5.0
2200,0.2610001564025879,568,5.0,5.0,5.0
2208,0.26200032234191895,568,14.0,5.0,5.0
2210,0.2630002498626709,568,11.200000000000001,5.0,5.0
2218,0.26400017738342285,568,14.587520000000001,5.0,5.0
2220,0.26400017738342285,568,9.336012800000002,5.0,5.0
2224,0.26400017738342285,568,15.975048192000003,5.0,5.0
2230,0.2650001049041748,568,6.5433797394432025,5.0,5.0
2240,0.26600027084350586,568,5.0,5.0,5.0
2250,0.2670001983642578,568,5.0,5.0,5.0
2260,0.2690000534057617,568,5.0,5.0,5.0
2264,0.2690000534057617,568,14.0,5.0,5.0
2270,0.2700002193450928,568,7.168000000000001,5.0,5.0
2280,0.2710001468658447,568,5.0,5.0,5.0
2282,0.2710001468658447,568,14.0,5.0,5.0
2283,0.2720003128051758,568,21.200000000000003,5.0,5.0
2284,0.2720003128051758,568,26.960000000000004,5.0,5.0
2290,0.2720003128051758,568,13.803520000000004,5.0,5.0
2291,0.2720003128051758,569,13.803520000000004,5.0,14.0
2300,0.2739999294281006,569,15.653921792000002,5.0,8.96
2301,0.2739999294281006,569,22.523137433600002,5.0,8.96
2302,0.2739999294281006,569,28.018509946880002,5.0,8.96
2307,0.2739999294281006,569,24.34547709280256,5.0,7.168000000000001
2310,0.27500009536743164,569,15.58110533939364,5.0,5.734400000000001
2312,0.27500009536743164,569,19.97190741721193,5.0,5.734400000000001
2320,0.2760004997253418,569,8.180493278090008,5.0,5.0
2330,0.27699995040893555,569,5.235515697977606,5.0,5.0
2338,0.2780001163482666,569,14.188412558382085,5.0,5.0
2340,0.2780001163482666,569,11.350730046705669,5.0,5.0
2350,0.27900004386901855,569,5.0,5.0,5.0
2360,0.28100013732910156,569,5.0,5.0,5.0
2370,0.2820005416870117,569,5.0,5.0,5.0
2380,0.28300023078918457,569,5.0,5.0,5.0
2390,0.2840001583099365,569,5.0,5.0,5.0
2400,0.2850000858306885,569,5.0,5.0,5.0
2403,0.28600025177001953,569,14.0,5.0,5.0
2410,0.28600025177001953,569,7.168000000000001,5.0,5.0
2420,0.28800034523010254,569,5.0,5.0,5.0
2430,0.2890000343322754,569,5.0,5.0,5.0
2440,0.29000043869018555,569,5.0,5.0,5.0
2450,0.29200077056884766,569,5.0,5.0,5.0
2460,0.2930002212524414,569,5.0,5.0,5.0
2463,0.2930002212524414,569,14.0,5.0,5.0
2470,0.29400014877319336,569,5.734400000000001,5.0,5.0
2471,0.29400014877319336,569,14.587520000000001,5.0,5.0
2480,0.2950000762939453,569,5.0,5.0,5.0
2485,0.2950000762939453,569,14.0,5.0,5.0
2490,0.29600000381469727,569,7.168000000000001,5.0,5.0
2498,0.2969999313354492,569,14.0,5.0,5.0
2500,0.2969999313354492,569,8.96,5.0,5.0
2503,0.2969999313354492,569,15.7344,5.0,5.0
2510,0.2980000972747803,569,12.587520000000001,5.0,5.0
2520,0.3000001907348633,569,5.0,5.0,5.0
2530,0.30100011825561523,570,5.0,5.0,14.0
2540,0.3020002841949463,570,5.0,5.0,5.734400000000001
2550,0.30300021171569824,570,5.0,5.0,5.0
2560,0.3040001392364502,570,14.0,5.0,5.0
2570,0.3060002326965332,570,5.0,5.0,5.0
2580,0.30700087547302246,570,5.0,5.0,5.0
2590,0.3080003261566162,570,5.0,5.0,5.0
2599,0.30900025367736816,570,14.0,5.0,5.0
2600,0.30900025367736816,570,11.200000000000001,5.0,5.0
2601,0.30900025367736816,570,18.96,5.0,5.0
2605,0.3100001811981201,570,17.766016,5.0,5.0
2607,0.3100001811981201,570,24.212812800000002,5.0,5.0
2610,0.3100001811981201,570,15.496200192000003,5.0,5.0
2615,0.31100010871887207,570,19.917568122880006,5.0,5.0
2620,0.31100010871887207,570,8.158235903131652,5.0,5.0
2622,0.312000036239624,570,15.22127097800426,5.0,5.0
2630,0.312999963760376,570,6.234632592590547,5.0,5.0
2638,0.31400012969970703,570,14.0,5.0,5.0
2640,0.31400012969970703,570,8.96,5.0,5.0
2650,0.315000057220459,570,5.734400000000001,5.0,5.0
2660,0.31599998474121094,570,5.0,5.0,5.0
2670,0.31800031661987305,570,5.0,5.0,5.0
2673,0.31800031661987305,570,14.0,5.0,5.0
2680,0.319000244140625,570,8.96,5.0,5.0
2690,0.32000041007995605,570,5.0,5.0,5.0
2700,0.3210000991821289,570,5.0,5.0,5.0
2705,0.32200050354003906,570,14.0,5.0,5.0
2706,0.32200050354003906,570,21.200000000000003,5.0,5.0
2710,0.32200050354003906,570,10.854400000000005,5.0,5.0
2720,0.3230001926422119,570,5.0,5.0,5.0
2730,0.32400012016296387,570,5.0,5.0,5.0
2740,0.3250002861022949,570,5.0,5.0,5.0
2750,0.32700014114379883,570,5.0,5.0,5.0
2755,0.32700014114379883,570,14.0,5.0,5.0
2758,0.32700014114379883,570,18.96,5.0,5.0
2760,0.3280000686645508,570,15.168000000000001,5.0,5.0
2770,0.32900023460388184,570,9.707520000000002,5.0,5.0
2780,0.3300001621246338,570,14.0,5.0,5.0
2790,0.33100008964538574,570,5.734400000000001,5.0,5.0
2800,0.3320002555847168,570,5.0,5.0,5.0
2810,0.3340001106262207,570,5.0,5.0,5.0
2820,0.33500003814697266,570,5.0,5.0,5.0
2825,0.3359999656677246,570,14.0,5.0,5.0
2828,0.3359999656677246,570,18.96,5.0,5.0
2830,0.3359999656677246,570,12.134400000000001,5.0,5.0
2840,0.33700013160705566,570,5.0,5.0,5.0
2849,0.3380002975463867,570,14.0,5.0,5.0
2850,0.3380002975463867,570,14.0,5.0,5.0
2860,0.3400001525878906,570,5.0,5.0,5.0
2870,0.3410000801086426,570,5.0,5.0,5.0
2880,0.34200024604797363,570,5.0,5.0,5.0
2884,0.34200024604797363,570,14.0,5.0,5.0
2890,0.3430001735687256,570,5.734400000000001,5.0,5.0
2891,0.3430001735687256,570,14.587520000000001,5.0,5.0
2895,0.3430001735687256,570,19.336012800000002,5.0,5.0
2900,0.34400010108947754,570,9.900038553600004,5.0,5.0
2910,0.3450000286102295,570,5.0,5.0,5.0
2912,0.3450000286102295,570,14.0,5.0,5.0
2914,0.3450000286102295,570,18.96,5.0,5.0
2920,0.34600019454956055,570,17.766016,5.0,5.0
2924,0.34600019454956055,570,19.096200192000005,5.0,5.0
2930,0.3470001220703125,570,12.221568122880004,5.0,5.0
2934,0.3470001220703125,570,17.821803598643204,5.0,5.0
2940,0.34800004959106445,570,7.299810754004257,5.0,5.0
2950,0.3490002155303955,570,5.0,5.0,5.0
2960,0.35000038146972656,570,5.0,5.0,5.0
2970,0.3510000705718994,570,5.0,5.0,5.0
2980,0.3529999256134033,570,5.0,5.0,5.0
2990,0.3540008068084717,570,5.0,5.0,5.0
3000,0.35500025749206543,570,5.0,5.0,5.0
3010,0.35700011253356934,570,14.0,5.0,5.0
3020,0.3580002784729004,570,5.734400000000001,5.0,5.0
3030,0.35900020599365234,570,5.0,5.0,5.0
3033,0.3600003719329834,570,14.0,5.0,5.0
3040,0.3600003719329834,570,5.734400000000001,5.0,5.0
3050,0.3620002269744873,570,5.0,5.0,5.0
3060,0.36300015449523926,570,5.0,5.0,5.0
3070,0.3640003204345703,570,5.0,5.0,5.0
3073,0.3640003204345703,570,14.0,5.0,5.0
3080,0.36500024795532227,570,8.96,5.0,5.0
3090,0.3660001754760742,570,5.0,5.0,5.0
3100,0.3680000305175781,570,5.0,5.0,5.0
3103,0.3680000305175781,570,14.0,5.0,5.0
3107,0.3680000305175781,570,17.168,5.0,5.0
3110,0.3690001964569092,570,10.987520000000002,5.0,5.0
3120,0.37000036239624023,570,5.0,5.0,5.0
3130,0.37199997901916504,570,5.0,5.0,5.0
3140,0.372999906539917,570,5.0,5.0,5.0
3150,0.37400031089782715,570,5.0,5.0,5.0
3153,0.37400031089782715,570,14.0,5.0,5.0
3160,0.37600016593933105,570,5.734400000000001,5.0,5.0
3170,0.377000093460083,570,5.0,5.0,5.0
3180,0.37800025939941406,570,5.0,5.0,5.0
3185,0.37800025939941406,570,14.0,5.0,5.0
3190,0.379000186920166,570,18.96,5.0,5.0
3192,0.38000035285949707,570,25.168,5.0,5.0
3196,0.38000035285949707,570,22.886016,5.0,5.0
3200,0.381000280380249,570,14.647050240000002,5.0,14.0
3202,0.381000280380249,570,21.717640192000005,5.0,11.200000000000001
3210,0.382000207901001,570,8.895545422643204,5.0,8.96
3220,0.38300037384033203,570,5.0,5.0,5.0
3230,0.3840000629425049,570,5.0,5.0,5.0
3240,0.38499999046325684,570,5.0,5.0,5.0
3250,0.3860001564025879,570,5.0,5.0,5.0
3260,0.38700032234191895,570,5.0,5.0,5.0
3262,0.3880000114440918,570,14.0,5.0,5.0
3270,0.38900017738342285,570,5.734400000000001,5.0,5.0
3278,0.3900001049041748,570,14.0,5.0,5.0
3279,0.3900001049041748,570,21.200000000000003,5.0,5.0
3280,0.3900001049041748,570,16.960000000000004,5.0,5.0
3290,0.39100003242492676,570,8.683520000000005,5.0,5.0
3300,0.3920004367828369,570,5.0,5.0,5.0
3305,0.39300012588500977,570,14.0,5.0,5.0
3310,0.39300012588500977,570,11.200000000000001,5.0,5.0
3314,0.3940002918243408,570,17.168,5.0,5.0
3320,0.3950002193450928,570,5.625610240000001,5.0,5.0
3330,0.39600038528442383,570,14.0,5.0,5.0
3339,0.3970000743865967,570,14.587520000000001,5.0,5.0
3340,0.3970000743865967,570,11.670016000000002,5.0,5.0
3350,0.39800024032592773,570,5.0,5.0,5.0
3360,0.40000033378601074,570,5.0,5.0,5.0
3370,0.4010002613067627,570,5.0,5.0,5.0
3376,0.4010002613067627,570,14.0,5.0,5.0
3377,0.4010002613067627,570,21.200000000000003,5.0,5.0
3379,0.40200018882751465,570,26.960000000000004,5.0,5.0
3380,0.40200018882751465,570,31.568000000000005,5.0,5.0
3386,0.40200018882751465,570,20.34420224,5.0,5.0
3390,0.4030001163482666,570,10.416231546880002,5.0,5.0
3397,0.40400028228759766,570,16.666388190003204,5.0,5.0
3400,0.40400028228759766,570,8.533190753281643,5.0,5.0
3410,0.4050002098083496,570,5.0,5.0,5.0
3420,0.40600013732910156,570,5.0,5.0,5.0
3425,0.4070000648498535,570,14.0,5.0,5.0
3429,0.4070000648498535,570,17.168,5.0,5.0
3430,0.4070000648498535,570,17.168,5.0,5.0
3432,0.40799999237060547,570,20.987520000000004,5.0,5.0
3440,0.4089999198913574,570,18.596488192000002,5.0,5.0
3450,0.4100008010864258,570,16.093697250754563,5.0,5.0
3460,0.41100025177001953,570,5.273582715127257,5.0,5.0
3470,0.4120001792907715,570,5.0,5.0,5.0
3480,0.41300010681152344,570,5.0,5.0,5.0
3485,0.41300010681152344,570,14.0,5.0,5.0
3490,0.4140002727508545,570,8.96,5.0,5.0
3500,0.41500020027160645,570,5.0,5.0,14.0
3510,0.4160001277923584,570,5.0,5.0,5.734400000000001
3520,0.4180002212524414,570,5.0,5.0,5.0
3530,0.41900014877319336,570,5.0,5.0,5.0
3540,0.4200003147125244,570,5.0,5.0,5.0
3550,0.42100000381469727,570,5.0,5.0,5.0
3560,0.4220001697540283,570,5.0,5.0,5.0
3570,0.4240000247955322,570,5.0,5.0,5.0
3571,0.4240000247955322,570,14.0,5.0,5.0
3577,0.4240000247955322,570,17.168,5.0,5.0
3580,0.4249999523162842,570,10.987520000000002,5.0,5.0
3581,0.4249999523162842,570,18.790016,5.0,5.0
3590,0.42599987983703613,570,7.696390553600003,5.0,5.0
3600,0.4270000457763672,570,14.0,5.0,5.0
3602,0.4270000457763672,570,18.96,5.0,5.0
3610,0.42799997329711914,570,5.0,5.0,5.0
3616,0.4289999008178711,570,14.0,5.0,5.0
3620,0.4289999008178711,570,11.200000000000001,5.0,5.0
3627,0.43000030517578125,570,15.7344,5.0,5.0
3628,0.43000030517578125,570,22.58752,5.0,5.0
3630,0.43000030517578125,570,22.58752,5.0,5.0
3640,0.4310002326965332,570,5.921182842880002,5.0,5.0
3650,0.43200016021728516,570,5.0,5.0,5.0
3660,0.4330000877380371,570,5.0,5.0,5.0
3661,0.43400049209594727,570,5.0,5.0,14.0
3670,0.43400049209594727,570,5.0,5.0,5.734400000000001
3680,0.43600010871887207,570,5.0,5.0,5.0
3690,0.437000036239624,570,5.0,5.0,5.0
3700,0.4380002021789551,570,5.0,5.0,5.0
3710,0.43900012969970703,570,5.0,5.0,5.0
3720,0.44099998474121094,570,5.0,5.0,5.0
3730,0.442000150680542,570,5.0,5.0,5.0
3740,0.44300007820129395,570,5.0,5.0,5.0
3750,0.4440000057220459,570,5.0,5.0,5.0
3754,0.44499993324279785,570,14.0,5.0,5.0
3760,0.44499993324279785,570,8.96,5.0,5.0
3768,0.44700026512145996,570,5.734400000000001,5.0,14.0
3770,0.44700026512145996,570,5.734400000000001,5.0,8.96
3780,0.4480001926422119,570,5.0,5.0,5.734400000000001
3788,0.44900012016296387,570,14.0,5.0,5.0
3790,0.44900012016296387,570,14.0,5.0,5.0
3792,0.44900012016296387,570,18.96,5.0,5.0
3796,0.450000524520874,570,19.707520000000002,5.0,5.0
3800,0.450000524520874,570,10.090250240000003,5.0,5.0
3810,0.451000452041626,570,5.0,5.0,5.0
3820,0.45200109481811523,570,5.0,5.0,5.0
3830,0.45400023460388184,570,5.0,5.0,5.0
3840,0.4550004005432129,570,5.0,5.0,5.0
3850,0.45600008964538574,570,5.0,5.0,5.0
3852,0.45600008964538574,570,14.0,5.0,5.0
3860,0.4570002555847168,570,5.0,5.0,5.0
3870,0.459000825881958,570,5.0,5.0,5.0
3880,0.46000051498413086,570,5.0,5.0,5.0
3890,0.4610002040863037,570,5.0,5.0,5.0
3900,0.46200060844421387,570,5.0,5.0,5.0
3910,0.4630002975463867,570,14.0,5.0,5.0
3918,0.46500062942504883,570,15.7344,5.0,5.0
3920,0.46500062942504883,570,20.070016000000003,5.0,5.0
3930,0.466001033782959,570,5.261234274304002,5.0,5.0
3931,0.466001033782959,570,14.2089874194432,5.0,5.0
3940,0.4680008888244629,570,15.820001247003937,5.0,5.0
3941,0.4680008888244629,570,22.65600099760315,5.0,5.0
3950,0.46900081634521484,570,5.939134725515682,5.0,5.0
3955,0.46900081634521484,570,14.0,5.0,5.0
3960,0.4700005054473877,570,5.734400000000001,5.0,5.0
3969,0.47100019454956055,570,14.0,5.0,5.0
3970,0.47100019454956055,570,14.0,5.0,5.0
3977,0.4720010757446289,570,18.96,5.0,5.0
3980,0.4720010757446289,570,15.168000000000001,5.0,5.0
3990,0.47300100326538086,570,6.212812800000002,5.0,5.0
3997,0.4740002155303955,570,14.0,5.0,5.0
4000,0.4740002155303955,570,7.168000000000001,5.0,5.0
4010,0.47500038146972656,570,5.0,5.0,5.0
4020,0.47700023651123047,570,5.0,5.0,5.0
4030,0.4780001640319824,570,5.0,5.0,5.0
4031,0.4780001640319824,570,14.0,5.0,5.0
4035,0.4780001640319824,570,17.168,5.0,5.0
4036,0.4780001640319824,570,23.7344,5.0,5.0
4040,0.4790003299713135,570,12.152012800000001,5.0,5.0
4041,0.4790003299713135,570,19.721610240000004,5.0,5.0
4050,0.48003482818603516,570,5.169901794754563,5.0,5.0
4060,0.4810020923614502,570,5.0,5.0,5.0
4062,0.4810020923614502,570,14.0,5.0,5.0
4070,0.48200321197509766,570,7.168000000000001,5.0,5.0
4072,0.4830026626586914,570,15.7344,5.0,5.0
4080,0.4830026626586914,570,6.4448102400000025,5.0,5.0
4090,0.48500609397888184,570,5.0,5.0,5.0
4100,0.48600196838378906,570,5.0,5.0,5.0
4110,0.4870340824127197,570,5.0,5.0,5.0
4120,0.48800110816955566,570,5.0,5.0,5.0
4130,0.4900057315826416,570,5.0,5.0,5.0
4131,0.4900057315826416,570,14.0,5.0,5.0
4140,0.49200439453125,570,5.734400000000001,5.0,5.0
4150,0.493009090423584,570,5.0,5.0,5.0
4160,0.49500370025634766,570,5.0,5.0,5.0
4170,0.49601316452026367,570,5.0,5.0,5.0
4180,0.4980030059814453,570,5.0,5.0,5.0
4190,0.49903011322021484,570,5.0,5.0,5.0
4199,0.5000045299530029,570,14.0,5.0,5.0
4200,0.5000045299530029,570,11.200000000000001,5.0,5.0
4210,0.5010044574737549,570,5.734400000000001,5.0,5.0
4220,0.5030150413513184,570,5.0,5.0,5.0
4230,0.5040144920349121,570,5.0,5.0,5.0
4240,0.505014181137085,570,5.0,5.0,5.0
4250,0.5070042610168457,570,5.0,5.0,5.0
4260,0.5080063343048096,570,5.0,5.0,5.0
4270,0.5090019702911377,570,5.0,5.0,5.0
4280,0.5100011825561523,570,5.0,5.0,5.0
4285,0.511000394821167,570,14.0,5.0,5.0
4290,0.511000394821167,570,5.0,5.0,5.0
4291,0.512000322341919,571,5.0,5.0,14.0
4300,0.5130002498626709,571,5.0,5.0,5.734400000000001
4310,0.5140023231506348,571,14.0,5.0,5.0
4320,0.5160024166107178,571,5.0,5.0,5.0
4328,0.517000675201416,571,14.0,5.0,5.0
4330,0.517000675201416,571,8.96,5.0,5.0
4334,0.517000675201416,571,17.168,5.0,5.0
4336,0.5180037021636963,571,20.987520000000004,5.0,5.0
4340,0.5180037021636963,571,16.790016000000005,5.0,5.0
4348,0.5190043449401855,571,16.877190553600002,5.0,5.0
4350,0.5190043449401855,571,13.501752442880003,5.0,5.0
4360,0.5200462341308594,571,14.42425424048292,5.0,5.0
4370,0.5210034847259521,571,5.0,5.0,5.0
4380,0.5230004787445068,571,5.0,5.0,5.0
4390,0.5240004062652588,571,5.0,5.0,5.0
4400,0.5250003337860107,571,5.0,5.0,5.0
4410,0.5260004997253418,571,5.0,5.0,5.0
4420,0.5280067920684814,571,5.0,5.0,5.0
4430,0.5290017127990723,571,5.0,5.0,5.0
4440,0.5310003757476807,571,5.0,5.0,5.0
4444,0.5310003757476807,571,14.0,5.0,5.0
4450,0.5320003032684326,571,7.168000000000001,5.0,5.0
4452,0.5320003032684326,571,15.7344,5.0,5.0
4460,0.5330004692077637,571,6.4448102400000025,5.0,5.0
4470,0.5340003967285156,571,5.0,5.0,5.0
4480,0.537013053894043,571,5.0,5.0,5.0
4490,0.538001298904419,571,5.0,5.0,5.0
4500,0.5390007495880127,571,5.0,5.0,5.0
4507,0.5400006771087646,571,14.0,5.0,5.0
4510,0.5400006771087646,571,18.96,5.0,5.0
4520,0.5420043468475342,571,6.212812800000002,5.0,5.0
4530,0.5440037250518799,571,5.0,5.0,5.0
4540,0.5450024604797363,571,5.0,5.0,5.0
4547,0.5460009574890137,571,14.0,5.0,5.0
4550,0.5470004081726074,571,11.200000000000001,5.0,5.0
4553,0.5470004081726074,571,17.168,5.0,5.0
4560,0.5480005741119385,571,7.032012800000001,5.0,5.0
4570,0.5500063896179199,571,5.0,5.0,5.0
4580,0.5510008335113525,571,5.0,5.0,5.0
4590,0.5520007610321045,571,5.0,5.0,5.0
4597,0.5530009269714355,571,14.0,5.0,5.0
4600,0.5540022850036621,571,8.96,5.0,5.0
4609,0.5550010204315186,571,5.0,5.0,14.0
4610,0.5550010204315186,571,5.0,5.0,11.200000000000001
4620,0.5570015907287598,571,5.0,5.0,5.0
4628,0.5580024719238281,571,14.0,5.0,5.0
4630,0.5580024719238281,571,11.200000000000001,5.0,5.0
4636,0.5580024719238281,571,15.7344,5.0,5.0
4640,0.5590019226074219,571,10.070016000000003,5.0,5.0
4650,0.560002326965332,571,5.0,5.0,5.0
4660,0.563002347946167,571,5.0,5.0,5.0
4670,0.5640029907226562,571,5.0,5.0,5.0
4680,0.56500244140625,571,5.0,5.0,5.0
4690,0.5660011768341064,571,5.0,5.0,5.0
4700,0.5670008659362793,571,5.0,5.0,5.0
4710,0.5680010318756104,571,5.0,5.0,5.0
4720,0.5710041522979736,571,5.0,5.0,5.0
4723,0.5710041522979736,571,14.0,5.0,5.0
4727,0.5720162391662598,571,18.96,5.0,5.0
4730,0.5720162391662598,571,15.168000000000001,5.0,5.0
4740,0.5730047225952148,571,5.0,5.0,5.0
4750,0.575002908706665,571,5.0,5.0,5.0
4760,0.5760011672973633,571,5.0,5.0,5.0
4770,0.5783481597900391,571,5.0,5.0,5.0
4780,0.5799155235290527,571,5.0,5.0,5.0
4790,0.5809154510498047,571,5.0,5.0,5.0
4800,0.5819120407104492,571,5.0,5.0,5.0
4810,0.5839366912841797,571,5.0,5.0,5.0
4820,0.5859344005584717,571,5.0,5.0,5.0
4830,0.5869348049163818,571,5.0,5.0,5.0
4840,0.588935136795044,571,5.0,5.0,5.0
4850,0.5899355411529541,571,5.0,5.0,5.0
4860,0.59194016456604,571,5.0,5.0,5.0
4870,0.5929367542266846,571,5.0,5.0,5.0
4875,0.5939607620239258,571,14.0,5.0,5.0
4880,0.5949487686157227,571,8.96,5.0,5.0
4890,0.5959382057189941,571,5.734400000000001,5.0,5.0
4900,0.5969479084014893,571,5.0,5.0,5.0
4910,0.5989358425140381,571,5.0,5.0,5.0
4920,0.5999362468719482,571,5.0,5.0,5.0
4930,0.6016383171081543,571,5.0,5.0,5.0
4937,0.6026890277862549,571,14.0,5.0,5.0
4940,0.6026890277862549,571,11.200000000000001,5.0,5.0
4943,0.6032683849334717,571,15.7344,5.0,5.0
4950,0.6043946743011475,571,6.4448102400000025,5.0,5.0
4955,0.6056549549102783,571,14.0,5.0,5.0
4960,0.6067874431610107,571,8.96,5.0,5.0
4961,0.6067874431610107,571,17.168,5.0,5.0
4968,0.6074113845825195,571,18.790016,5.0,5.0
4970,0.6080708503723145,571,12.025610240000002,5.0,5.0
4980,0.6086897850036621,571,5.0,5.0,5.0
4990,0.6103529930114746,571,5.0,5.0,5.0
5000,0.612145185470581,571,5.0,5.0,5.0
5005,0.6134006977081299,571,14.0,5.0,5.0
5010,0.6139400005340576,571,8.96,5.0,5.0
5020,0.6156005859375,571,5.0,5.0,5.0
5026,0.6161150932312012,571,14.0,5.0,5.0
5028,0.6161150932312012,571,18.96,5.0,5.0
5030,0.616626501083374,571,15.168000000000001,5.0,5.0
5031,0.616626501083374,572,15.168000000000001,5.0,14.0
5033,0.6172270774841309,572,19.707520000000002,5.0,14.0
5040,0.6178560256958008,572,8.072200192000002,5.0,7.168000000000001
5050,0.619168758392334,572,5.166208122880002,5.0,5.0
5060,0.6210610866546631,572,5.0,5.0,5.0
5070,0.6221239566802979,572,5.0,5.0,5.0
5080,0.6234474182128906,572,5.0,5.0,5.0
5090,0.6246047019958496,572,5.0,5.0,5.0
5100,0.6264536380767822,572,5.0,5.0,5.0
5110,0.6276662349700928,572,5.0,5.0,5.0
5120,0.6289253234863281,572,5.0,5.0,5.0
5128,0.629554271697998,572,14.0,5.0,5.0
5130,0.629554271697998,572,14.0,5.0,5.0
5140,0.6307735443115234,572,5.0,5.0,5.0
5150,0.6320371627807617,572,5.0,5.0,5.0
5160,0.6337869167327881,572,5.0,5.0,5.0
5170,0.6344192028045654,572,5.0,5.0,5.0
5180,0.6359984874725342,572,5.0,5.0,5.0
5190,0.6370272636413574,572,5.0,5.0,5.0
5200,0.6380264759063721,572,5.0,5.0,5.0
5202,0.6380264759063721,572,14.0,5.0,5.0
5206,0.6380264759063721,572,15.7344,5.0,5.0
5210,0.6390149593353271,572,12.587520000000001,5.0,5.0
5220,0.6400175094604492,572,5.155848192000002,5.0,5.0
5230,0.6410281658172607,572,5.0,5.0,5.0
5240,0.6420261859893799,572,5.0,5.0,5.0
5244,0.6420261859893799,572,14.0,5.0,5.0
5250,0.6430253982543945,572,8.96,5.0,5.0
5260,0.6440260410308838,572,5.0,5.0,5.0
5269,0.6450252532958984,572,14.0,5.0,5.0
5270,0.6460156440734863,572,11.200000000000001,5.0,5.0
5280,0.6470174789428711,572,5.734400000000001,5.0,5.0
5290,0.6470174789428711,572,5.0,5.0,5.0
5300,0.6490139961242676,572,5.0,5.0,5.0
5310,0.6500380039215088,572,5.0,5.0,5.0
5320,0.6510274410247803,572,14.0,5.0,5.0
5330,0.6520264148712158,572,5.0,5.0,5.0
5340,0.6530420780181885,572,5.0,5.0,5.0
5344,0.6540179252624512,572,14.0,5.0,5.0
5350,0.6550319194793701,572,7.168000000000001,5.0,5.0
5360,0.6560280323028564,572,5.0,5.0,5.0
5370,0.6570260524749756,572,5.0,5.0,5.0
5380,0.6580257415771484,572,5.0,5.0,5.0
5390,0.6590254306793213,572,5.0,5.0,5.0
5400,0.6610159873962402,572,5.0,5.0,5.0
5410,0.66202712059021,572,5.0,5.0,5.0
5415,0.66202712059021,572,14.0,5.0,5.0
5420,0.6630260944366455,572,11.200000000000001,5.0,5.0
5430,0.6640262603759766,572,5.0,5.0,5.0
5440,0.6660265922546387,572,5.0,5.0,5.0
5450,0.6670148372650146,572,5.0,5.0,5.0
5460,0.6680395603179932,572,5.0,5.0,5.0
5469,0.6690340042114258,572,14.0,5.0,5.0
5470,0.6690340042114258,572,11.200000000000001,5.0,5.0
5480,0.6700360774993896,572,5.0,5.0,5.0
5487,0.6710336208343506,572,14.0,5.0,5.0
5490,0.6720330715179443,572,8.96,5.0,5.0
5500,0.6730329990386963,572,5.734400000000001,5.0,5.0
5510,0.6740272045135498,572,5.0,5.0,5.0
5520,0.6760225296020508,572,5.0,5.0,5.0
5530,0.6770217418670654,572,5.0,5.0,5.0
5539,0.6780214309692383,572,14.0,5.0,5.0
5540,0.6780214309692383,572,14.0,5.0,5.0
5549,0.679046630859375,572,18.96,5.0,5.0
5550,0.679046630859375,572,15.168000000000001,5.0,5.0
5560,0.6810224056243896,572,5.0,5.0,5.0
5570,0.6810224056243896,572,5.0,5.0,5.0
5580,0.6836163997650146,572,5.0,5.0,5.0
5590,0.6846792697906494,572,5.0,5.0,5.0
5600,0.6846792697906494,572,5.0,5.0,5.0
5610,0.6863281726837158,572,5.0,5.0,5.0
5620,0.6883382797241211,572,5.0,5.0,5.0
5626,0.6893723011016846,572,14.0,5.0,5.0
5630,0.6893723011016846,572,11.200000000000001,5.0,5.0
5632,0.6903800964355469,572,17.168,5.0,5.0
5640,0.6913766860961914,572,7.032012800000001,5.0,5.0
5650,0.6923401355743408,572,5.0,5.0,5.0
5660,0.6933562755584717,572,5.0,5.0,5.0
5670,0.6943373680114746,572,5.0,5.0,5.0
5680,0.6953511238098145,572,5.0,5.0,5.0
5690,0.6973822116851807,572,5.0,5.0,5.0
5700,0.6983804702758789,572,5.0,5.0,5.0
5710,0.6993906497955322,572,5.0,5.0,5.0
5720,0.7013380527496338,572,5.0,5.0,5.0
5730,0.7013380527496338,572,5.0,5.0,5.0
5740,0.7037432193756104,572,5.0,5.0,5.0
5750,0.7047638893127441,572,5.0,5.0,5.0
5760,0.7057428359985352,572,5.0,5.0,5.0
5770,0.7067642211914062,572,5.0,5.0,5.0
5771,0.7067642211914062,572,14.0,5.0,5.0
5780,0.7077548503875732,572,5.0,5.0,5.0
5790,0.7097122669219971,572,5.0,5.0,5.0
5792,0.7097122669219971,572,14.0,5.0,5.0
5800,0.7107312679290771,572,5.0,5.0,5.0
5810,0.7117164134979248,572,5.0,5.0,5.0
5820,0.7127375602722168,572,5.0,5.0,5.0
5830,0.7138144969940186,572,5.0,5.0,5.0
5840,0.7147307395935059,572,5.0,5.0,5.0
5850,0.715709924697876,572,5.0,5.0,5.0
5860,0.7167263031005859,572,5.0,5.0,5.0
5863,0.7177064418792725,572,14.0,5.0,5.0
5870,0.7177064418792725,572,8.96,5.0,5.0
5880,0.7187106609344482,572,5.0,5.0,5.0
5890,0.7207105159759521,572,5.0,5.0,5.0
5900,0.7217104434967041,572,5.0,5.0,5.0
5910,0.7227151393890381,572,5.0,5.0,5.0
5920,0.7247138023376465,572,5.0,5.0,5.0
5930,0.7257111072540283,572,5.0,5.0,5.0
5940,0.7267105579376221,572,5.0,5.0,5.0
5950,0.728710412979126,572,5.0,5.0,5.0
5959,0.7297272682189941,572,14.0,5.0,5.0
5960,0.7297272682189941,572,14.0,5.0,5.0
5968,0.7307190895080566,572,14.587520000000001,5.0,5.0
5970,0.7317502498626709,572,9.336012800000002,5.0,5.0
5971,0.7317502498626709,572,17.468810240000003,5.0,5.0
5980,0.7327532768249512,572,5.0,5.0,5.0
5990,0.7342312335968018,572,5.0,5.0,5.0
6000,0.7352306842803955,572,5.0,5.0,5.0
6010,0.7372279167175293,572,5.0,5.0,5.0
6020,0.7382724285125732,572,5.0,5.0,5.0
6028,0.7392497062683105,572,14.0,5.0,5.0
6030,0.7392497062683105,572,11.200000000000001,5.0,5.0
6040,0.740231990814209,572,5.0,5.0,5.0
6050,0.7412281036376953,572,5.0,5.0,5.0
6060,0.7432296276092529,572,5.0,5.0,5.0
6070,0.7442276477813721,572,5.0,5.0,5.0
6080,0.7452273368835449,572,5.0,5.0,5.0
6090,0.7462270259857178,572,5.0,5.0,5.0
6100,0.7472271919250488,572,5.0,5.0,5.0
6110,0.748227596282959,572,5.0,5.0,5.0
6120,0.750230073928833,572,5.0,5.0,5.0
6130,0.7512326240539551,572,5.0,5.0,5.0
6140,0.7522685527801514,572,5.0,5.0,5.0
6141,0.7522685527801514,572,14.0,5.0,5.0
6150,0.7532327175140381,572,7.168000000000001,5.0,5.0
6160,0.7552714347839355,572,7.168000000000001,5.0,5.0
6170,0.7562744617462158,572,5.0,5.0,5.0
6176,0.7572338581085205,572,14.0,5.0,5.0
6180,0.7572338581085205,572,8.96,5.0,5.0
6190,0.7582383155822754,572,5.0,5.0,5.0
6200,0.7593090534210205,572,5.0,5.0,5.0
6210,0.7612717151641846,572,5.0,5.0,5.0
6220,0.7623038291931152,572,5.0,5.0,5.0
6230,0.7632501125335693,572,5.0,5.0,5.0
6240,0.7652323246002197,572,14.0,5.0,5.0
6248,0.7652323246002197,572,14.0,5.0,5.0
6250,0.7652323246002197,572,11.200000000000001,5.0,5.0
6260,0.7672343254089355,572,5.734400000000001,5.0,5.0
6270,0.7682583332061768,572,5.0,5.0,5.0
6280,0.7692687511444092,572,5.0,5.0,5.0
6282,0.7692687511444092,572,14.0,5.0,5.0
6290,0.7702329158782959,572,5.0,5.0,5.0
6300,0.7712318897247314,572,5.0,5.0,5.0
6310,0.7732274532318115,572,5.0,5.0,5.0
6320,0.7742273807525635,572,5.0,5.0,5.0
6330,0.7752273082733154,572,5.0,5.0,5.0
6340,0.7762272357940674,572,5.0,5.0,5.0
6350,0.7782275676727295,572,5.0,5.0,5.0
6360,0.7792272567749023,572,5.0,5.0,5.0
6364,0.7792272567749023,572,14.0,5.0,5.0
6370,0.7802276611328125,572,5.734400000000001,5.0,5.0
6380,0.7812271118164062,572,5.0,5.0,5.0
6390,0.7822270393371582,572,5.0,5.0,5.0
6400,0.7842273712158203,572,5.0,5.0,5.0
6410,0.7852330207824707,572,5.0,5.0,5.0
6414,0.7862739562988281,572,14.0,5.0,5.0
6415,0.7862739562988281,572,21.200000000000003,5.0,5.0
6420,0.7862739562988281,572,8.683520000000005,5.0,5.0
6428,0.7872500419616699,572,14.0,5.0,5.0
6430,0.7882328033447266,572,8.96,5.0,5.0
6438,0.7892711162567139,572,15.7344,5.0,5.0
6440,0.7892711162567139,572,12.587520000000001,5.0,5.0
6444,0.7892711162567139,572,18.056012800000005,5.0,5.0
6450,0.7903039455413818,572,7.395742842880003,5.0,5.0
6460,0.7912325859069824,572,5.0,5.0,5.0
6470,0.7922334671020508,572,5.0,5.0,5.0
6478,0.7933111190795898,572,14.0,5.0,5.0
6480,0.7933111190795898,572,11.200000000000001,5.0,5.0
6490,0.7952353954315186,572,5.0,5.0,5.0
6493,0.7952353954315186,572,14.0,5.0,5.0
6500,0.7962322235107422,572,7.168000000000001,5.0,5.0
6510,0.7972321510314941,572,5.0,5.0,5.0
6520,0.7982635498046875,572,5.0,5.0,5.0
6530,0.7992353439331055,572,5.0,5.0,5.0
6540,0.8002357482910156,572,5.0,5.0,5.0
6550,0.8012728691101074,572,5.0,5.0,5.0
6560,0.8032329082489014,572,5.0,5.0,5.0
6570,0.8042747974395752,572,5.0,5.0,5.0
6580,0.8052465915679932,572,5.0,5.0,5.0
6590,0.8062319755554199,572,5.0,5.0,5.0
6600,0.8072564601898193,572,5.0,5.0,5.0
6610,0.809267520904541,572,5.0,5.0,5.0
6620,0.8103048801422119,572,5.0,5.0,5.0
6630,0.8112306594848633,572,5.0,5.0,5.0
6640,0.8122279644012451,572,5.0,5.0,5.0
6645,0.8132319450378418,572,14.0,5.0,5.0
6650,0.8142869472503662,572,5.734400000000001,5.0,5.0
6660,0.8142869472503662,572,5.0,5.0,5.0
6670,0.8162486553192139,572,5.0,5.0,5.0
6680,0.8172726631164551,572,5.0,5.0,5.0
6690,0.8182704448699951,572,5.0,5.0,5.0
6700,0.8192307949066162,572,5.0,5.0,5.0
6710,0.8202316761016846,572,5.0,5.0,5.0
6720,0.822232723236084,572,5.0,5.0,5.0
6730,0.8232700824737549,572,5.0,5.0,5.0
6740,0.8242993354797363,572,5.0,5.0,5.0
6750,0.825232982635498,572,5.0,5.0,5.0
6760,0.8274633884429932,572,5.0,5.0,5.0
6770,0.8284733295440674,572,5.0,5.0,5.0
6780,0.829472541809082,572,5.0,5.0,5.0
6790,0.830472469329834,572,5.0,5.0,5.0
6800,0.8324713706970215,572,5.0,5.0,5.0
6810,0.8344724178314209,572,5.0,5.0,5.0
6820,0.8354747295379639,572,5.0,5.0,5.0
6830,0.8364737033843994,572,5.0,5.0,5.0
6840,0.8374748229980469,572,5.0,5.0,5.0
6850,0.8385109901428223,572,5.0,5.0,5.0
6860,0.8404736518859863,572,5.0,5.0,5.0
6870,0.8414745330810547,572,5.0,5.0,5.0
6880,0.8434762954711914,572,5.0,5.0,5.0
6890,0.8444764614105225,572,5.0,5.0,5.0
6895,0.8455183506011963,572,14.0,5.0,5.0
6900,0.8455183506011963,572,14.0,5.0,5.0
6910,0.8465569019317627,572,5.0,5.0,5.0
6920,0.8485276699066162,572,5.0,5.0,5.0
6930,0.8494753837585449,572,5.0,5.0,5.0
6940,0.8504996299743652,572,5.0,5.0,5.0
6950,0.8515133857727051,572,5.0,5.0,5.0
6955,0.8524718284606934,572,14.0,5.0,5.0
6960,0.8524718284606934,572,8.96,5.0,5.0
6964,0.8534731864929199,572,15.7344,5.0,5.0
6970,0.8544726371765137,572,8.056012800000003,5.0,5.0
6977,0.8554751873016357,572,15.155848192000002,5.0,5.0
6980,0.8554751873016357,572,9.699742842880003,5.0,5.0
6990,0.8564713001251221,572,5.0,5.0,5.0
7000,0.8574700355529785,572,5.0,5.0,5.0
7010,0.861473798751831,572,5.0,5.0,5.0
7020,0.8624751567840576,572,5.0,5.0,5.0
7024,0.8624751567840576,572,14.0,5.0,5.0
7030,0.8644752502441406,572,8.96,5.0,5.0
7040,0.8664698600769043,572,5.0,5.0,5.0
7050,0.868476152420044,572,5.0,5.0,5.0
7060,0.8694744110107422,572,5.0,5.0,5.0
7070,0.870481014251709,572,5.0,5.0,5.0
7071,0.8714706897735596,572,14.0,5.0,5.0
7080,0.872471809387207,572,5.0,5.0,5.0
7090,0.8744699954986572,572,5.0,5.0,5.0
7098,0.8754758834838867,572,14.0,5.0,5.0
7100,0.876511812210083,572,11.200000000000001,5.0,5.0
7110,0.878474235534668,572,5.0,5.0,5.0
7120,0.8794708251953125,572,5.0,5.0,5.0
7130,0.8814699649810791,572,5.0,5.0,5.0
7140,0.8824858665466309,572,5.0,5.0,5.0
7146,0.8834753036499023,572,14.0,5.0,5.0
7150,0.8844916820526123,572,8.96,5.0,5.0
7151,0.8844916820526123,572,17.168,5.0,5.0
7160,0.8855385780334473,572,7.032012800000001,5.0,5.0
7162,0.8864724636077881,572,15.62561024,5.0,5.0
7170,0.8874707221984863,572,5.120199963443201,5.0,5.0
7180,0.8894741535186768,572,5.0,5.0,5.0
7190,0.8905673027038574,572,5.0,5.0,5.0
7200,0.8924715518951416,572,5.0,5.0,5.0
7210,0.893470048904419,572,5.0,5.0,5.0
7220,0.8960862159729004,572,5.0,5.0,5.0
7230,0.8982930183410645,572,5.0,5.0,5.0
7240,0.8992915153503418,572,5.0,5.0,5.0
7250,0.9002904891967773,572,5.0,5.0,5.0
7260,0.9052910804748535,572,5.0,5.0,5.0
7270,0.9092910289764404,572,14.0,5.0,5.0
7280,0.9112958908081055,572,5.734400000000001,5.0,5.0
7290,0.9122960567474365,572,5.0,5.0,5.0
7300,0.9132943153381348,572,5.0,5.0,5.0
7310,0.9142932891845703,572,5.0,5.0,5.0
7313,0.9152934551239014,572,14.0,5.0,5.0
7315,0.9152934551239014,572,18.96,5.0,5.0
7320,0.9152934551239014,572,15.168000000000001,5.0,5.0
7330,0.9172935485839844,572,6.212812800000002,5.0,5.0
7340,0.9183077812194824,572,5.0,5.0,5.0
7350,0.9202954769134521,572,5.0,5.0,5.0
7360,0.9212949275970459,572,5.0,5.0,5.0
7370,0.9222939014434814,572,5.0,5.0,5.0
7380,0.9232935905456543,572,5.0,5.0,5.0
7390,0.9252884387969971,572,5.0,5.0,5.0
7396,0.9262874126434326,572,14.0,5.0,5.0
7400,0.9262874126434326,572,8.96,5.0,5.0
7409,0.9272873401641846,572,14.0,5.0,5.0
7410,0.9272873401641846,572,11.200000000000001,5.0,5.0
7412,0.9272873401641846,572,17.168,5.0,5.0
7420,0.9282870292663574,572,7.032012800000001,5.0,5.0
7430,0.9292871952056885,572,5.0,5.0,5.0
7440,0.9312880039215088,572,5.0,5.0,5.0
7450,0.9322872161865234,572,5.0,5.0,5.0
7460,0.9342875480651855,572,5.0,5.0,5.0
7470,0.9352872371673584,572,5.0,5.0,5.0
7480,0.9362874031066895,572,5.0,5.0,5.0
7490,0.9382917881011963,572,5.0,5.0,5.0
7496,0.9402902126312256,572,14.0,5.0,5.0
7500,0.9402902126312256,572,7.168000000000001,5.0,5.0
7507,0.9412879943847656,572,14.0,5.0,5.0
7510,0.9412879943847656,572,7.168000000000001,5.0,5.0
7520,0.9432876110076904,572,5.0,5.0,5.0
7530,0.9452896118164062,572,5.0,5.0,5.0
7539,0.9463214874267578,572,14.0,5.0,5.0
7540,0.9463214874267578,572,14.0,5.0,5.0
7550,0.947303056716919,572,5.0,5.0,5.0
7560,0.9483013153076172,572,5.0,5.0,5.0
7570,0.9503023624420166,572,5.0,5.0,5.0
7580,0.951289176940918,572,5.0,5.0,5.0
7590,0.9532918930053711,572,14.0,5.0,5.0
7600,0.954291820526123,572,5.734400000000001,5.0,5.0
7602,0.954291820526123,572,14.0,5.0,5.0
7610,0.9562914371490479,572,7.168000000000001,5.0,5.0
7620,0.9572916030883789,572,5.0,5.0,5.0
7627,0.9582910537719727,572,14.0,5.0,5.0
7630,0.9592931270599365,572,11.200000000000001,5.0,5.0
7640,0.960291862487793,572,5.0,5.0,5.0
7650,0.9622960090637207,572,5.0,5.0,5.0
7660,0.9633030891418457,572,5.0,5.0,5.0
7670,0.965294599533081,572,5.0,5.0,5.0
7680,0.9662919044494629,572,5.0,5.0,5.0
7685,0.967294454574585,572,14.0,5.0,5.0
7690,0.9682927131652832,572,11.200000000000001,5.0,5.0
7700,0.9692893028259277,572,5.0,5.0,5.0
7710,0.97129225730896,572,5.0,5.0,5.0
7720,0.9722907543182373,572,5.0,5.0,5.0
7730,0.9742896556854248,572,14.0,5.0,5.0
7740,0.9752974510192871,572,5.0,5.0,5.0
7750,0.97629714012146,572,5.0,5.0,5.0
7760,0.978290319442749,572,5.0,5.0,5.0
7770,0.9803001880645752,572,5.0,5.0,5.0
7780,0.9812941551208496,572,5.0,5.0,5.0
7790,0.9832909107208252,572,5.0,5.0,5.0
7800,0.9862916469573975,572,5.0,5.0,5.0
7810,0.9872918128967285,572,5.0,5.0,5.0
7820,0.9882886409759521,572,5.0,5.0,5.0
7830,0.990288257598877,572,5.0,5.0,5.0
7840,0.9912877082824707,572,5.0,5.0,5.0
7845,0.9922878742218018,572,14.0,5.0,5.0
7850,0.993288516998291,572,7.168000000000001,5.0,5.0
7860,0.9942882061004639,572,5.0,5.0,5.0
7870,0.9963047504425049,572,14.0,5.0,5.0
7880,0.9972913265228271,572,5.0,5.0,5.0
7890,0.9992942810058594,572,5.0,5.0,5.0
7892,1.0002930164337158,572,5.0,5.0,14.0
7900,1.001293420791626,572,5.0,5.0,5.0
7910,1.0032978057861328,572,5.0,5.0,5.0
7920,1.004293441772461,572,5.0,5.0,5.0
7930,1.0062932968139648,572,5.0,5.0,5.0
7940,1.0072906017303467,572,5.0,5.0,5.0
7950,1.009293556213379,572,5.0,5.0,5.0
7960,1.0102887153625488,572,5.0,5.0,5.0
7970,1.0112884044647217,572,5.0,5.0,5.0
7980,1.013291597366333,572,5.0,5.0,5.0
7990,1.0152912139892578,572,5.0,5.0,5.0
8000,1.016294002532959,572,5.0,5.0,5.0
8010,1.0182909965515137,572,5.0,5.0,5.0
8020,1.0192930698394775,572,5.0,5.0,5.0
8030,1.0223023891448975,572,5.0,5.0,5.0
8040,1.0252912044525146,572,5.0,5.0,5.0
8046,1.026291847229004,572,14.0,5.0,5.0
8050,1.0272936820983887,572,8.96,5.0,5.0
8060,1.029296875,572,5.0,5.0,5.0
8070,1.0322952270507812,572,5.0,5.0,5.0
8080,1.0332958698272705,572,5.0,5.0,5.0
8083,1.0342915058135986,572,14.0,5.0,5.0
8090,1.0352952480316162,572,5.0,5.0,5.0
8100,1.0372953414916992,572,5.0,5.0,5.0
8110,1.0382964611053467,572,5.0,5.0,5.0
8120,1.0412917137145996,572,5.0,5.0,5.0
8130,1.043299674987793,572,5.0,5.0,5.0
8140,1.0452899932861328,572,5.0,5.0,5.0
8150,1.0472924709320068,572,5.0,5.0,5.0
8160,1.051743745803833,572,5.0,5.0,5.0
8170,1.052743911743164,572,5.0,5.0,5.0
8180,1.0555570125579834,572,5.0,5.0,5.0
8190,1.05755615234375,572,5.0,5.0,5.0
8200,1.0595576763153076,572,5.0,5.0,5.0
8210,1.0605583190917969,572,5.0,5.0,5.0
8217,1.0615594387054443,572,14.0,5.0,5.0
8220,1.0625574588775635,572,7.168000000000001,5.0,5.0
8230,1.0645618438720703,572,5.0,5.0,5.0
8240,1.0655598640441895,572,5.0,5.0,5.0
8241,1.0655598640441895,572,14.0,5.0,5.0
8250,1.0675568580627441,572,7.168000000000001,5.0,5.0
8260,1.0695610046386719,572,5.0,5.0,5.0
8270,1.0715577602386475,572,5.0,5.0,5.0
8280,1.0725553035736084,572,5.0,5.0,5.0
8290,1.0745573043823242,572,5.0,5.0,5.0
8300,1.0755553245544434,572,5.0,5.0,5.0
8303,1.076554775238037,572,14.0,5.0,5.0
8310,1.0785584449768066,572,7.168000000000001,5.0,5.0
8320,1.0805573463439941,572,5.0,5.0,5.0
8330,1.0825538635253906,572,5.0,5.0,5.0
8340,1.0865716934204102,572,5.0,5.0,5.0
8350,1.0875556468963623,572,5.0,5.0,5.0
8352,1.0875556468963623,572,14.0,5.0,5.0
8360,1.0885555744171143,572,7.168000000000001,5.0,5.0
8370,1.09055757522583,572,5.0,5.0,5.0
8380,1.0915565490722656,572,5.0,5.0,5.0
8390,1.0935535430908203,572,5.0,5.0,5.0
8400,1.094552993774414,572,5.0,5.0,5.0
8410,1.0955531597137451,572,5.0,5.0,5.0
8420,1.0975532531738281,572,5.0,5.0,5.0
8430,1.0995628833770752,572,14.0,5.0,5.0
8440,1.1005544662475586,572,7.168000000000001,5.0,5.0
8447,1.1015582084655762,572,14.0,5.0,5.0
8450,1.1015582084655762,572,11.200000000000001,5.0,5.0
8460,1.1025545597076416,572,5.0,5.0,5.0
8470,1.1055567264556885,572,5.0,5.0,5.0
8480,1.1065645217895508,572,5.0,5.0,5.0
8490,1.1075565814971924,572,5.0,5.0,5.0
8500,1.1095526218414307,572,14.0,5.0,5.0
8510,1.1105611324310303,572,5.0,5.0,5.0
8520,1.11356520652771,572,5.0,5.0,5.0
8530,1.1155545711517334,572,5.0,5.0,5.0
8540,1.116556167602539,572,5.0,5.0,5.0
8550,1.117553472518921,572,5.0,5.0,5.0
8560,1.1185569763183594,572,5.0,5.0,5.0
8565,1.1195566654205322,572,14.0,5.0,5.0
8567,1.1195566654205322,572,18.96,5.0,5.0
8570,1.1205554008483887,572,9.707520000000002,5.0,5.0
8580,1.121556043624878,572,5.0,5.0,5.0
8590,1.1225535869598389,572,5.0,5.0,5.0
8600,1.1235532760620117,572,5.0,5.0,5.0
8606,1.12455415725708,572,14.0,5.0,5.0
8610,1.1255557537078857,572,7.168000000000001,5.0,5.0
8620,1.1265544891357422,572,5.0,5.0,5.0
8625,1.1275546550750732,572,14.0,5.0,5.0
8630,1.1275546550750732,572,7.168000000000001,5.0,5.0
8640,1.1295537948608398,572,5.0,5.0,5.0
8650,1.130554437637329,572,5.0,5.0,5.0
8660,1.1315553188323975,572,5.0,5.0,5.0
8670,1.1335546970367432,572,5.0,5.0,5.0
8680,1.134554147720337,572,5.0,5.0,5.0
8690,1.1355526447296143,572,5.0,5.0,5.0
8700,1.13655424118042,572,5.0,5.0,5.0
8710,1.137554407119751,572,5.0,5.0,5.0
8720,1.1395533084869385,572,5.0,5.0,5.0
8730,1.1405565738677979,572,5.0,5.0,5.0
8740,1.1415541172027588,572,5.0,5.0,5.0
8744,1.142554521560669,572,14.0,5.0,5.0
8750,1.143552541732788,572,8.96,5.0,5.0
8760,1.1445517539978027,572,5.0,5.0,5.0
8761,1.1445517539978027,572,14.0,5.0,5.0
8770,1.1455516815185547,572,8.96,5.0,5.0
8780,1.1465580463409424,572,5.734400000000001,5.0,5.0
8790,1.1475534439086914,572,5.0,5.0,5.0
8800,1.1485519409179688,572,5.0,5.0,5.0
8809,1.1495544910430908,572,14.0,5.0,5.0
8810,1.1495544910430908,572,11.200000000000001,5.0,5.0
8811,1.1505544185638428,572,18.96,5.0,5.0
8820,1.1505544185638428,572,5.0,5.0,5.0
8830,1.1525554656982422,572,5.0,5.0,5.0
8833,1.1525554656982422,572,14.0,5.0,5.0
8840,1.1535561084747314,572,7.168000000000001,5.0,5.0
8850,1.1545546054840088,572,5.0,5.0,5.0
8860,1.155555009841919,572,5.0,5.0,5.0
8870,1.156554937362671,572,5.0,5.0,5.0
8880,1.1575546264648438,572,5.0,5.0,5.0
8890,1.1585540771484375,572,5.0,5.0,5.0
8900,1.1605556011199951,572,5.0,5.0,5.0
8910,1.161562204360962,572,5.0,5.0,5.0
8920,1.162553310394287,572,5.0,5.0,5.0
8930,1.1635525226593018,572,5.0,5.0,5.0
8940,1.1655519008636475,572,5.0,5.0,5.0
8950,1.1665542125701904,572,5.0,5.0,5.0
8960,1.1685543060302734,572,5.0,5.0,5.0
8970,1.1695518493652344,572,5.0,5.0,5.0
8980,1.1705517768859863,572,5.0,5.0,5.0
8990,1.1725518703460693,572,5.0,5.0,5.0
9000,1.1735522747039795,572,5.0,5.0,5.0
9010,1.175553321838379,572,5.0,5.0,5.0
9020,1.1765539646148682,572,5.0,5.0,5.0
9025,1.1765539646148682,572,14.0,5.0,5.0
9030,1.1775531768798828,572,14.0,5.0,5.0
9040,1.1785528659820557,572,5.0,5.0,5.0
9050,1.1805543899536133,572,5.0,5.0,5.0
9060,1.181553840637207,572,5.0,5.0,5.0
9070,1.1825523376464844,572,5.0,5.0,5.0
9080,1.1835541725158691,572,5.0,5.0,5.0
9084,1.184553623199463,572,14.0,5.0,5.0
9089,1.184553623199463,572,15.7344,5.0,5.0
9090,1.184553623199463,572,12.587520000000001,5.0,5.0
9100,1.1855545043945312,572,5.0,5.0,5.0
9102,1.1865520477294922,572,14.0,5.0,5.0
9110,1.1875548362731934,572,5.0,5.0,5.0
9120,1.1895558834075928,572,5.0,5.0,5.0
9130,1.1905531883239746,572,5.0,5.0,5.0
9140,1.1915526390075684,572,5.0,5.0,5.0
9150,1.192551612854004,572,5.0,5.0,5.0
9160,1.1945521831512451,572,5.0,5.0,5.0
9170,1.195551872253418,572,5.0,5.0,5.0
9180,1.19655179977417,572,5.0,5.0,5.0
9190,1.1975517272949219,572,5.0,5.0,5.0
9200,1.198551893234253,572,5.0,5.0,5.0
9210,1.2005515098571777,572,5.0,5.0,5.0
9220,1.201552391052246,572,5.0,5.0,5.0
9230,1.2035551071166992,572,5.0,5.0,5.0
9240,1.204552412033081,572,5.0,5.0,5.0
9250,1.2055518627166748,572,5.0,5.0,5.0
9260,1.2065517902374268,572,5.0,5.0,5.0
9270,1.207552194595337,572,5.0,5.0,5.0
9280,1.2085516452789307,572,5.0,5.0,5.0
9290,1.2095518112182617,572,5.0,5.0,5.0
9300,1.2105519771575928,572,5.0,5.0,5.0
9310,1.2115519046783447,572,5.0,5.0,5.0
9320,1.2135522365570068,572,5.0,5.0,5.0
9330,1.2145519256591797,572,5.0,5.0,5.0
9340,1.2155544757843018,572,5.0,5.0,5.0
9350,1.2176945209503174,572,5.0,5.0,5.0
9355,1.2176945209503174,572,14.0,5.0,5.0
9360,1.2186944484710693,572,7.168000000000001,5.0,5.0
9370,1.2196767330169678,572,5.0,5.0,5.0
9377,1.2216763496398926,572,14.0,5.0,5.0
9380,1.2216763496398926,572,11.200000000000001,5.0,5.0
9386,1.2236778736114502,572,15.7344,5.0,5.0
9387,1.2236778736114502,572,22.58752,5.0,5.0
9390,1.2246832847595215,572,18.070016000000003,5.0,5.0
9400,1.2256801128387451,572,5.921182842880002,5.0,5.0
9410,1.2276926040649414,572,5.0,5.0,5.0
9420,1.2286906242370605,572,5.0,5.0,5.0
9430,1.2296781539916992,572,5.0,5.0,5.0
9440,1.2306759357452393,572,5.0,5.0,5.0
9450,1.2316746711730957,572,5.0,5.0,5.0
9460,1.2326748371124268,572,5.0,5.0,5.0
9470,1.2336747646331787,572,5.0,5.0,5.0
9472,1.2346746921539307,572,14.0,5.0,5.0
9480,1.2356748580932617,572,5.734400000000001,5.0,5.0
9490,1.2366747856140137,572,5.0,5.0,5.0
9498,1.237675428390503,572,14.0,5.0,5.0
9500,1.238675594329834,572,14.0,5.0,5.0
9510,1.2396750450134277,572,5.0,5.0,5.0
9520,1.2406747341156006,572,5.0,5.0,5.0
9530,1.2416751384735107,572,5.0,5.0,5.0
9540,1.2426748275756836,572,5.0,5.0,5.0
9550,1.2436885833740234,572,5.0,5.0,5.0
9560,1.2456748485565186,572,5.0,5.0,5.0
9570,1.2466745376586914,572,5.0,5.0,5.0
9580,1.2476747035980225,572,5.0,5.0,5.0
9590,1.2486746311187744,572,5.0,5.0,5.0
9600,1.2506766319274902,572,5.0,5.0,5.0
9610,1.2516899108886719,572,5.0,5.0,5.0
9620,1.252690076828003,572,5.0,5.0,5.0
9630,1.2546913623809814,572,5.0,5.0,5.0
9640,1.2556889057159424,572,5.0,5.0,5.0
9641,1.2556889057159424,572,14.0,5.0,5.0
9650,1.2566840648651123,572,5.0,5.0,5.0
9660,1.2576904296875,572,5.0,5.0,5.0
9670,1.258680820465088,572,5.0,5.0,5.0
9680,1.2596759796142578,572,5.0,5.0,5.0
9690,1.2616801261901855,572,5.0,5.0,5.0
9700,1.2626802921295166,572,5.0,5.0,5.0
9709,1.2636761665344238,572,14.0,5.0,5.0
9710,1.2636761665344238,572,11.200000000000001,5.0,5.0
9720,1.2646827697753906,572,5.0,5.0,5.0
9730,1.2656974792480469,572,5.0,5.0,5.0
9740,1.2666900157928467,572,5.0,5.0,5.0
9750,1.2676892280578613,572,5.0,5.0,5.0
9760,1.268688678741455,572,5.0,5.0,5.0
9770,1.270676612854004,572,5.0,5.0,5.0
9780,1.271676778793335,572,5.0,5.0,5.0
9784,1.271676778793335,572,14.0,5.0,5.0
9790,1.2726900577545166,572,5.734400000000001,5.0,5.0
9800,1.2736899852752686,572,5.0,5.0,5.0
9810,1.2756967544555664,572,5.0,5.0,5.0
9820,1.2766900062561035,572,5.0,5.0,5.0
9830,1.2776758670806885,572,5.0,5.0,5.0
9840,1.2796785831451416,572,5.0,5.0,5.0
9850,1.2806758880615234,572,5.0,5.0,5.0
9860,1.282674789428711,572,5.0,5.0,5.0
9870,1.283674716949463,572,5.0,5.0,5.0
9880,1.284674882888794,572,5.0,5.0,5.0
9890,1.2866971492767334,572,5.0,5.0,5.0
9900,1.2876935005187988,572,5.0,5.0,5.0
9910,1.2886886596679688,572,5.0,5.0,5.0
9920,1.2896888256072998,572,5.0,5.0,5.0
9930,1.2906885147094727,572,5.0,5.0,5.0
9940,1.2926993370056152,572,5.0,5.0,5.0
9950,1.2936756610870361,572,5.0,5.0,5.0
9955,1.2946882247924805,572,14.0,5.0,5.0
9959,1.2946882247924805,572,17.168,5.0,5.0
9960,1.2946882247924805,572,17.168,5.0,5.0
9970,1.2956900596618652,572,8.790016000000001,5.0,5.0
9980,1.2966885566711426,572,5.0,5.0,5.0
9990,1.2986774444580078,572,5.0,5.0,5.0
10000,1.2997095584869385,572,5.0,5.0,5.0
10010,1.300675630569458,572,5.0,5.0,5.0
10020,1.301692247390747,572,5.0,5.0,5.0
10030,1.3026893138885498,572,5.0,5.0,5.0
10040,1.3036890029907227,572,5.0,5.0,5.0
10050,1.3056771755218506,572,5.0,5.0,5.0
10060,1.3076889514923096,572,5.0,5.0,5.0
10066,1.3076889514923096,572,14.0,5.0,5.0
10070,1.3086886405944824,572,7.168000000000001,5.0,5.0
10080,1.3096888065338135,572,5.0,5.0,5.0
10090,1.3116884231567383,572,5.0,5.0,5.0
10093,1.3116884231567383,572,14.0,5.0,5.0
10100,1.312678337097168,572,7.168000000000001,5.0,5.0
10110,1.3137094974517822,572,5.0,5.0,5.0
10120,1.3156888484954834,572,5.0,5.0,5.0
10126,1.3156888484954834,572,14.0,5.0,5.0
10130,1.3166892528533936,572,8.96,5.0,5.0
10140,1.3177287578582764,572,5.0,5.0,5.0
10150,1.318774938583374,572,5.0,5.0,5.0
10160,1.320685863494873,572,5.0,5.0,5.0
10170,1.321678876876831,572,5.0,5.0,5.0
10180,1.3226749897003174,572,5.0,5.0,5.0
10189,1.3236768245697021,572,14.0,5.0,5.0
10190,1.3236768245697021,572,21.200000000000003,5.0,5.0
10200,1.3247160911560059,572,6.9468160000000045,5.0,5.0
10210,1.3266792297363281,572,5.0,5.0,5.0
10220,1.327693223953247,572,5.0,5.0,5.0
10230,1.3286817073822021,572,5.0,5.0,5.0
10240,1.3306803703308105,572,5.0,5.0,5.0
10250,1.3316798210144043,572,5.0,5.0,5.0
10260,1.3336870670318604,572,5.0,5.0,5.0
10270,1.3356757164001465,572,5.0,5.0,5.0
10280,1.3366756439208984,572,5.0,5.0,5.0
10290,1.3376755714416504,572,5.0,5.0,5.0
10300,1.3396751880645752,572,5.0,5.0,5.0
10302,1.3396751880645752,572,14.0,5.0,5.0
10310,1.3406803607940674,572,14.587520000000001,5.0,5.0
10320,1.3426802158355713,572,7.4688102400000025,5.0,5.0
10330,1.3437254428863525,572,5.0,5.0,5.0
10340,1.344691514968872,572,5.0,5.0,5.0
10350,1.3467156887054443,572,5.0,5.0,5.0
10360,1.347679853439331,572,5.0,5.0,5.0
10370,1.3497538566589355,572,5.0,5.0,5.0
10380,1.3507461547851562,572,5.0,5.0,5.0
10390,1.3517732620239258,572,5.0,5.0,5.0
10400,1.3527755737304688,572,5.0,5.0,5.0
10410,1.354680061340332,572,5.0,5.0,5.0
10420,1.355776309967041,572,5.0,5.0,5.0
10430,1.356684923171997,572,5.0,5.0,5.0
10440,1.358719825744629,572,5.0,5.0,5.0
10450,1.3597159385681152,572,5.0,5.0,5.0
10460,1.3607196807861328,572,5.0,5.0,5.0
10470,1.3627309799194336,572,5.0,5.0,5.0
10480,1.3636903762817383,572,5.0,5.0,5.0
10490,1.3647174835205078,572,5.0,5.0,5.0
10499,1.3657259941101074,572,14.0,5.0,5.0
10500,1.3667619228363037,572,14.0,5.0,5.0
10510,1.3677830696105957,572,5.0,5.0,5.0
10511,1.3677830696105957,572,14.0,5.0,5.0
10520,1.3686809539794922,572,5.0,5.0,5.0
10530,1.3696818351745605,572,5.0,5.0,5.0
10540,1.3707318305969238,572,5.0,5.0,5.0
10550,1.3717167377471924,572,5.0,5.0,5.0
10553,1.3717167377471924,572,14.0,5.0,5.0
10555,1.372682809829712,572,21.200000000000003,5.0,5.0
10557,1.372682809829712,572,23.568000000000005,5.0,5.0
10560,1.372682809829712,572,12.066816000000005,5.0,5.0
10565,1.373741865158081,572,17.72276224,5.0,5.0
10570,1.373741865158081,572,7.259243413504002,5.0,5.0
10580,1.3756952285766602,572,5.0,5.0,5.0
10590,1.3766796588897705,572,5.0,5.0,5.0
10600,1.377718448638916,572,5.0,5.0,5.0
10610,1.3787217140197754,572,5.0,5.0,5.0
10620,1.380718469619751,572,5.0,5.0,5.0
10630,1.380718469619751,572,5.0,5.0,5.0
10640,1.383082628250122,572,5.0,5.0,5.0
10650,1.3841068744659424,572,5.0,5.0,5.0
10660,1.3851149082183838,572,5.0,5.0,5.0
10670,1.3871376514434814,572,5.0,5.0,5.0
10680,1.3880906105041504,572,5.0,5.0,5.0
10690,1.3900842666625977,572,5.0,5.0,5.0
10700,1.3910884857177734,572,5.0,5.0,5.0
10710,1.3920819759368896,572,5.0,5.0,5.0
10720,1.39308500289917,572,5.0,5.0,5.0
10730,1.394139289855957,572,5.0,5.0,5.0
10740,1.3951659202575684,572,5.0,5.0,5.0
10750,1.3970820903778076,572,5.0,5.0,5.0
10760,1.3981173038482666,572,5.0,5.0,5.0
10770,1.399122714996338,572,5.0,5.0,5.0
10780,1.4010984897613525,572,5.0,5.0,5.0
10790,1.4020822048187256,572,5.0,5.0,5.0
10800,1.403080701828003,572,5.0,5.0,5.0
10810,1.404087781906128,572,5.0,5.0,5.0
10817,1.4050862789154053,572,14.0,5.0,5.0
10820,1.4050862789154053,572,8.96,5.0,5.0
10830,1.40708327293396,572,5.0,5.0,5.0
10840,1.4081034660339355,572,5.0,5.0,5.0
10850,1.4091167449951172,572,5.0,5.0,5.0
10860,1.4111130237579346,572,5.0,5.0,5.0
10870,1.4121184349060059,572,5.0,5.0,5.0
10880,1.4131572246551514,572,5.0,5.0,5.0
10890,1.4141223430633545,572,5.0,5.0,5.0
10900,1.4150826930999756,572,5.0,5.0,5.0
10910,1.4160830974578857,572,5.0,5.0,5.0
10920,1.418081521987915,572,5.0,5.0,5.0
10930,1.4190866947174072,572,5.0,5.0,5.0
10940,1.4210822582244873,572,5.0,5.0,5.0
10950,1.4221291542053223,572,5.0,5.0,5.0
10959,1.4231181144714355,572,14.0,5.0,5.0
10960,1.4231181144714355,572,11.200000000000001,5.0,5.0
10964,1.4231181144714355,572,17.168,5.0,5.0
10970,1.4240829944610596,572,8.790016000000001,5.0,5.0
10975,1.4250974655151367,572,14.500488192000002,5.0,5.0
10980,1.4250974655151367,572,9.280312442880001,5.0,5.0
10990,1.426140308380127,572,14.0,5.0,5.0
11000,1.4281039237976074,572,5.0,5.0,5.0
11006,1.4281039237976074,572,14.0,5.0,5.0
11009,1.429081678390503,572,18.96,5.0,5.0
11010,1.429081678390503,572,18.96,5.0,5.0
11012,1.429081678390503,572,25.168,5.0,5.0
11019,1.4301326274871826,572,18.24705024,5.0,5.0
11020,1.4301326274871826,572,14.597640192,5.0,5.0
11023,1.4310798645019531,572,21.6781121536,5.0,5.0
11030,1.4310798645019531,572,11.099193422643202,5.0,5.0
11040,1.432081937789917,572,7.103483790491651,5.0,5.0
11050,1.4340829849243164,572,5.0,5.0,5.0
11060,1.4351177215576172,572,5.0,5.0,5.0
11070,1.4361531734466553,572,5.0,5.0,5.0
11080,1.4371051788330078,572,5.0,5.0,5.0
11090,1.4390785694122314,572,5.0,5.0,5.0
11100,1.440077304840088,572,5.0,5.0,5.0
11110,1.4410769939422607,572,5.0,5.0,5.0
11113,1.4420769214630127,572,14.0,5.0,5.0
11120,1.4420769214630127,572,17.168,5.0,5.0
11130,1.4430768489837646,572,5.0,5.0,5.0
11140,1.4450788497924805,572,5.0,5.0,5.0
11150,1.4470772743225098,572,5.0,5.0,5.0
11160,1.4480772018432617,572,5.0,5.0,5.0
11170,1.4490768909454346,572,5.0,5.0,5.0
11180,1.4500770568847656,572,5.0,5.0,5.0
11190,1.4510786533355713,572,5.0,5.0,5.0
11200,1.4520783424377441,572,5.0,5.0,5.0
11210,1.4540770053863525,572,5.0,5.0,5.0
11220,1.4550769329071045,572,5.0,5.0,5.0
11230,1.4570772647857666,572,5.0,5.0,5.0
11240,1.4590795040130615,572,5.0,5.0,5.0
11250,1.4610791206359863,572,5.0,5.0,5.0
11260,1.46207857131958,572,5.0,5.0,5.0
11270,1.464078426361084,572,5.0,5.0,5.0
11280,1.467087984085083,572,5.0,5.0,5.0
11290,1.4691076278686523,572,5.0,5.0,5.0
11299,1.471086025238037,572,14.0,5.0,5.0
11300,1.471086025238037,572,14.0,5.0,5.0
11310,1.4730827808380127,572,5.734400000000001,5.0,5.0
11320,1.4750843048095703,572,5.0,5.0,5.0
11330,1.4760870933532715,572,5.0,5.0,5.0
11340,1.478118896484375,572,5.0,5.0,5.0
11350,1.4790832996368408,572,5.0,5.0,5.0
11360,1.4810864925384521,572,5.0,5.0,5.0
11370,1.4820904731750488,572,5.0,5.0,5.0
11380,1.4831337928771973,572,5.0,5.0,5.0
11390,1.484166145324707,572,5.0,5.0,5.0
11392,1.4850826263427734,572,14.0,5.0,5.0
11400,1.4860806465148926,572,8.96,5.0,5.0
11410,1.4870810508728027,572,5.0,5.0,5.0
11420,1.488081932067871,572,5.0,5.0,5.0
11430,1.4891180992126465,572,5.0,5.0,5.0
11439,1.4900879859924316,572,14.0,5.0,5.0
11440,1.4910824298858643,572,14.0,5.0,5.0
11450,1.492079734802246,572,7.168000000000001,5.0,5.0
11457,1.4930791854858398,572,15.7344,5.0,5.0
11460,1.4930791854858398,572,10.070016000000003,5.0,5.0
11470,1.4940822124481201,572,5.0,5.0,5.0
11480,1.4960827827453613,572,5.0,5.0,5.0
11490,1.49708890914917,572,5.0,5.0,5.0
11500,1.4981176853179932,572,5.0,5.0,5.0
11510,1.4990830421447754,572,5.0,5.0,5.0
11520,1.500079870223999,572,5.0,5.0,5.0
11530,1.502089262008667,572,5.0,5.0,5.0
11540,1.503138780593872,572,5.0,5.0,5.0
11550,1.504101037979126,572,5.0,5.0,5.0
11559,1.5051195621490479,572,14.0,5.0,5.0
11560,1.5051195621490479,572,11.200000000000001,5.0,5.0
11570,1.5061485767364502,572,5.0,5.0,5.0
11580,1.5070843696594238,572,5.0,5.0,5.0
11590,1.5091173648834229,572,5.0,5.0,5.0
11600,1.510124683380127,572,5.0,5.0,5.0
11610,1.511091709136963,572,5.0,5.0,5.0
11620,1.5121092796325684,572,5.0,5.0,5.0
11627,1.5130863189697266,572,14.0,5.0,5.0
11630,1.5130863189697266,572,11.200000000000001,5.0,5.0
11640,1.5140795707702637,572,5.734400000000001,5.0,5.0
11650,1.5160777568817139,572,5.0,5.0,5.0
11660,1.5170769691467285,572,5.0,5.0,5.0
11670,1.5180768966674805,572,5.0,5.0,5.0
11680,1.5190770626068115,572,5.0,5.0,5.0
11690,1.5210824012756348,572,5.0,5.0,5.0
11700,1.5221545696258545,572,5.0,5.0,5.0
11710,1.5231668949127197,572,5.0,5.0,5.0
11720,1.5241284370422363,572,5.0,5.0,5.0
11730,1.5260815620422363,572,5.0,5.0,5.0
11740,1.5270795822143555,572,5.0,5.0,5.0
11750,1.5291211605072021,572,5.0,5.0,5.0
11760,1.5300838947296143,572,14.0,5.0,5.0
11770,1.531104326248169,572,7.168000000000001,5.0,5.0
11780,1.5330886840820312,572,5.0,5.0,5.0
11790,1.5340821743011475,572,5.0,5.0,5.0
11800,1.5350799560546875,572,5.0,5.0,5.0
11810,1.5370826721191406,572,5.0,5.0,5.0
11815,1.5370826721191406,572,14.0,5.0,5.0
11820,1.5381269454956055,572,8.96,5.0,5.0
11829,1.5400824546813965,572,14.0,5.0,5.0
11830,1.5400824546813965,572,11.200000000000001,5.0,5.0
11840,1.5410807132720947,572,5.734400000000001,5.0,5.0
11850,1.5430784225463867,572,5.0,5.0,5.0
11860,1.5440781116485596,572,5.0,5.0,5.0
11870,1.5450770854949951,572,5.0,5.0,5.0
11880,1.546077013015747,572,5.0,5.0,5.0
11890,1.5470771789550781,572,5.0,5.0,5.0
11900,1.549083948135376,572,5.0,5.0,5.0
11910,1.5510904788970947,572,5.0,5.0,5.0
11916,1.5521199703216553,572,14.0,5.0,5.0
11920,1.5521199703216553,572,8.96,5.0,5.0
11930,1.553083896636963,572,5.0,5.0,5.0
11940,1.555084228515625,572,5.0,5.0,5.0
11950,1.5570783615112305,572,5.0,5.0,5.0
11960,1.558077335357666,572,5.0,5.0,5.0
11970,1.559077262878418,572,5.0,5.0,5.0
11980,1.5601463317871094,572,5.0,5.0,5.0
11990,1.5621180534362793,572,5.0,5.0,5.0
12000,1.5630903244018555,572,5.0,5.0,5.0
12010,1.5641367435455322,572,5.0,5.0,5.0
12020,1.5650827884674072,572,5.0,5.0,5.0
12030,1.566117525100708,572,5.0,5.0,5.0
12040,1.5681133270263672,572,5.0,5.0,5.0
12046,1.5681133270263672,572,14.0,5.0,5.0
12050,1.569082498550415,572,5.734400000000001,5.0,5.0
12060,1.5701184272766113,572,5.0,5.0,5.0
12070,1.5720775127410889,572,5.0,5.0,5.0
12080,1.5730774402618408,572,5.0,5.0,5.0
12090,1.5740771293640137,572,5.0,5.0,5.0
12100,1.5750772953033447,572,5.0,5.0,5.0
12110,1.5770816802978516,572,5.0,5.0,5.0
12120,1.5781583786010742,572,5.0,5.0,5.0
12130,1.58012056350708,572,5.0,5.0,5.0
12140,1.5810887813568115,572,5.0,5.0,5.0
12150,1.5821166038513184,572,5.0,5.0,5.0
12160,1.5830879211425781,572,5.0,5.0,5.0
12170,1.5841360092163086,572,5.0,5.0,5.0
12180,1.58613920211792,572,5.0,5.0,5.0
12190,1.5871186256408691,572,5.0,5.0,5.0
12200,1.5890955924987793,572,5.0,5.0,5.0
12210,1.5900802612304688,572,5.0,5.0,5.0
12220,1.5910851955413818,572,5.0,5.0,5.0
12230,1.5921297073364258,572,5.0,5.0,5.0
12234,1.5921297073364258,572,14.0,5.0,5.0
12240,1.5931675434112549,572,8.96,5.0,5.0
12250,1.5941190719604492,572,5.734400000000001,5.0,5.0
12260,1.5961182117462158,572,5.0,5.0,5.0
12263,1.5961182117462158,572,14.0,5.0,5.0
12270,1.5970823764801025,572,5.734400000000001,5.0,5.0
12280,1.598078966140747,572,5.0,5.0,5.0
12290,1.5990779399871826,572,5.0,5.0,5.0
12300,1.6000771522521973,572,5.0,5.0,5.0
12310,1.6020770072937012,572,5.0,5.0,5.0
12320,1.6031732559204102,572,5.0,5.0,5.0
12330,1.6040821075439453,572,5.0,5.0,5.0
12340,1.6061177253723145,572,5.0,5.0,5.0
12350,1.607088327407837,572,5.0,5.0,5.0
12360,1.6081175804138184,572,5.0,5.0,5.0
12370,1.6090829372406006,572,5.0,5.0,5.0
12380,1.610137701034546,572,5.0,5.0,5.0
12387,1.6110823154449463,572,14.0,5.0,5.0
12390,1.6110823154449463,572,7.168000000000001,5.0,5.0
12400,1.613102912902832,572,5.0,5.0,5.0
12410,1.614145040512085,572,5.0,5.0,5.0
12413,1.614145040512085,572,14.0,5.0,5.0
12414,1.614145040512085,572,21.200000000000003,5.0,5.0
12420,1.615119457244873,572,10.854400000000005,5.0,5.0
12430,1.6161189079284668,572,8.683520000000005,5.0,5.0
12440,1.6171300411224365,572,5.0,5.0,5.0
12450,1.6190791130065918,572,5.0,5.0,5.0
12460,1.62007737159729,572,5.0,5.0,5.0
12470,1.621077060699463,572,5.0,5.0,5.0
12480,1.6220769882202148,572,5.0,5.0,5.0
12490,1.623077154159546,572,5.0,5.0,5.0
12500,1.6250793933868408,572,5.0,5.0,5.0
12510,1.6271264553070068,572,5.0,5.0,5.0
12520,1.6281242370605469,572,5.0,5.0,5.0
12521,1.6291577816009521,572,14.0,5.0,5.0
12530,1.6300830841064453,572,5.734400000000001,5.0,5.0
12540,1.6311185359954834,572,5.0,5.0,5.0
12550,1.6330790519714355,572,5.0,5.0,5.0
12560,1.634077787399292,572,5.0,5.0,5.0
12570,1.6350784301757812,572,5.0,5.0,5.0
12580,1.6380853652954102,572,5.0,5.0,5.0
12590,1.6390776634216309,572,5.0,5.0,5.0
12600,1.6410777568817139,572,5.0,5.0,5.0
12610,1.643078327178955,572,5.0,5.0,5.0
12620,1.6450798511505127,572,5.0,5.0,5.0
12630,1.6470794677734375,572,5.0,5.0,5.0
12640,1.6490797996520996,572,5.0,5.0,5.0
12650,1.650078296661377,572,5.0,5.0,5.0
12659,1.6514394283294678,572,14.0,5.0,5.0
12660,1.652472972869873,572,14.0,5.0,5.0
12670,1.6544556617736816,572,5.0,5.0,5.0
12680,1.6564583778381348,572,5.0,5.0,5.0
12690,1.6574840545654297,572,5.0,5.0,5.0
12700,1.659498929977417,572,5.0,5.0,5.0
12710,1.6615078449249268,572,5.0,5.0,5.0
12720,1.6635231971740723,572,5.0,5.0,5.0
12730,1.6655323505401611,572,5.0,5.0,5.0
12740,1.6674487590789795,572,5.0,5.0,5.0
12750,1.668447494506836,572,5.0,5.0,5.0
12760,1.6704485416412354,572,5.0,5.0,5.0
12770,1.672447919845581,572,5.0,5.0,5.0
12777,1.6744515895843506,572,14.0,5.0,5.0
12780,1.6744515895843506,572,8.96,5.0,5.0
12783,1.6754491329193115,572,15.7344,5.0,5.0
12790,1.6764483451843262,572,6.4448102400000025,5.0,5.0
12791,1.6764483451843262,572,15.155848192000002,5.0,5.0
12800,1.678447961807251,572,7.759794274304003,5.0,5.0
12810,1.6814539432525635,572,5.0,5.0,5.0
12820,1.683448314666748,572,5.0,5.0,5.0
12830,1.6844472885131836,572,5.0,5.0,5.0
12835,1.6854469776153564,572,14.0,5.0,5.0
12840,1.6864469051361084,572,11.200000000000001,5.0,5.0
12850,1.6874487400054932,572,5.0,5.0,5.0
12860,1.6894874572753906,572,5.0,5.0,5.0
12870,1.6904871463775635,572,5.0,5.0,5.0
12880,1.6924562454223633,572,5.0,5.0,5.0
12886,1.6934552192687988,572,14.0,5.0,5.0
12887,1.6944522857666016,572,21.200000000000003,5.0,5.0
12890,1.6944522857666016,572,10.854400000000005,5.0,5.0
12900,1.6965346336364746,572,5.557452800000004,5.0,5.0
12910,1.698502540588379,572,5.0,5.0,5.0
12920,1.699528455734253,572,5.0,5.0,5.0
12930,1.7014527320861816,572,5.0,5.0,5.0
12940,1.70344877243042,572,5.0,5.0,5.0
12950,1.7054476737976074,572,5.0,5.0,5.0
12960,1.7064476013183594,572,5.0,5.0,5.0
12962,1.7064476013183594,572,14.0,5.0,5.0
12970,1.7084827423095703,572,7.168000000000001,5.0,5.0
12980,1.710496187210083,572,5.0,5.0,5.0
12990,1.7134528160095215,572,5.0,5.0,5.0
13000,1.7154526710510254,572,5.0,5.0,5.0
13010,1.7174584865570068,572,5.0,5.0,5.0
13016,1.718491554260254,572,14.0,5.0,5.0
13020,1.7194929122924805,572,8.96,5.0,5.0
13030,1.7205383777618408,572,5.0,5.0,5.0
13040,1.722452163696289,572,5.0,5.0,5.0
13050,1.724492073059082,572,5.0,5.0,5.0
13060,1.725529432296753,572,5.0,5.0,5.0
13070,1.727499008178711,572,5.0,5.0,5.0
13080,1.7284674644470215,572,5.0,5.0,5.0
13090,1.7304482460021973,572,5.0,5.0,5.0
13100,1.7314472198486328,572,5.0,5.0,5.0
13109,1.7324471473693848,572,14.0,5.0,5.0
13110,1.7324471473693848,572,14.0,5.0,5.0
13120,1.734447956085205,572,5.0,5.0,5.0
13130,1.7374489307403564,572,5.0,5.0,5.0
13140,1.7394485473632812,572,5.0,5.0,5.0
13150,1.741448163986206,572,5.0,5.0,5.0
13160,1.7434484958648682,572,5.0,5.0,5.0
13170,1.7464947700500488,572,5.0,5.0,5.0
13180,1.7484488487243652,572,5.0,5.0,5.0
13190,1.749448537826538,572,5.0,5.0,5.0
13192,1.7504479885101318,572,14.0,5.0,5.0
13198,1.7514960765838623,572,17.168,5.0,5.0
13200,1.7524726390838623,572,13.7344,5.0,5.0
13210,1.754488468170166,572,8.790016000000001,5.0,5.0
13220,1.7574880123138428,572,5.0,5.0,5.0
13230,1.760490894317627,572,5.0,5.0,5.0
13240,1.7634873390197754,572,5.0,5.0,5.0
13250,1.7655282020568848,572,5.0,5.0,5.0
13260,1.7684869766235352,572,5.0,5.0,5.0
13270,1.770486831665039,572,5.0,5.0,5.0
13280,1.772486686706543,572,5.0,5.0,5.0
13290,1.7744858264923096,572,5.0,5.0,5.0
13294,1.7754857540130615,572,14.0,5.0,5.0
13300,1.7764856815338135,572,15.7344,5.0,5.0
13310,1.7784905433654785,572,5.0,5.0,5.0
13320,1.780487060546875,572,5.0,5.0,5.0
13330,1.7824859619140625,572,5.0,5.0,5.0
13340,1.7834854125976562,572,5.0,5.0,5.0
13350,1.785487413406372,572,5.0,5.0,5.0
13360,1.786766529083252,572,5.0,5.0,5.0
13370,1.7887771129608154,572,5.0,5.0,5.0
13380,1.7897768020629883,572,5.0,5.0,5.0
13382,1.790776252746582,572,14.0,5.0,5.0
13386,1.7917771339416504,572,18.96,5.0,5.0
13390,1.7927777767181396,572,7.766016000000002,5.0,5.0
13400,1.7957775592803955,572,5.0,5.0,5.0
13402,1.7967777252197266,572,14.0,5.0,5.0
13410,1.799778938293457,572,18.96,5.0,5.0
13420,1.8027770519256592,572,5.0,5.0,5.0
13430,1.8047771453857422,572,5.0,5.0,5.0
13440,1.8077857494354248,572,5.0,5.0,5.0
13450,1.810776710510254,572,5.0,5.0,5.0
13460,1.8127784729003906,572,5.0,5.0,5.0
13470,1.814812183380127,572,5.0,5.0,5.0
13480,1.81783127784729,572,5.0,5.0,5.0
13490,1.8208801746368408,572,5.0,5.0,5.0
13500,1.823812484741211,572,5.0,5.0,5.0
13510,1.8258256912231445,572,5.0,5.0,5.0
13520,1.8287873268127441,572,5.0,5.0,5.0
13530,1.8308658599853516,572,5.0,5.0,5.0
13540,1.833791732788086,572,5.0,5.0,5.0
13550,1.8357875347137451,572,5.0,5.0,5.0
13560,1.836787223815918,572,5.0,5.0,5.0
13570,1.8388216495513916,572,5.0,5.0,5.0
13580,1.8397834300994873,572,5.0,5.0,5.0
13590,1.8418281078338623,572,5.0,5.0,5.0
13600,1.8427798748016357,572,5.0,5.0,5.0
13604,1.8437836170196533,572,14.0,5.0,5.0
13610,1.8437836170196533,572,8.96,5.0,5.0
13620,1.8447794914245605,572,5.734400000000001,5.0,5.0
13630,1.8468215465545654,572,5.0,5.0,5.0
13640,1.8468215465545654,572,5.0,5.0,5.0
13650,1.8488526344299316,572,5.0,5.0,5.0
13660,1.8498177528381348,572,5.0,5.0,5.0
13663,1.8498177528381348,572,14.0,5.0,5.0
13670,1.8507771492004395,572,7.168000000000001,5.0,5.0
13680,1.8517744541168213,572,5.0,5.0,5.0
13690,1.8527741432189941,572,5.0,5.0,5.0
13700,1.8547742366790771,572,5.0,5.0,5.0
13701,1.8547742366790771,572,14.0,5.0,5.0
13707,1.8557753562927246,572,17.168,5.0,5.0
13710,1.8557753562927246,572,17.168,5.0,5.0
13720,1.8587756156921387,572,5.625610240000001,5.0,5.0
13730,1.8607757091522217,572,5.0,5.0,5.0
13740,1.8617753982543945,572,5.0,5.0,5.0
13750,1.8637759685516357,572,5.0,5.0,5.0
13760,1.8657763004302979,572,5.0,5.0,5.0
13770,1.868776798248291,572,5.0,5.0,5.0
13780,1.871777057647705,572,5.0,5.0,5.0
13790,1.8737757205963135,572,5.0,5.0,5.0
13800,1.8757755756378174,572,5.0,5.0,5.0
13810,1.8777754306793213,572,5.0,5.0,5.0
13820,1.8797755241394043,572,5.0,5.0,5.0
13830,1.881774663925171,572,5.0,5.0,5.0
13840,1.8827745914459229,572,5.0,5.0,5.0
13850,1.8847742080688477,572,5.0,5.0,5.0
13860,1.8857743740081787,572,5.0,5.0,5.0
13870,1.8867745399475098,572,5.0,5.0,5.0
13880,1.8877739906311035,572,5.0,5.0,5.0
13890,1.8887739181518555,572,5.0,5.0,5.0
13900,1.8907740116119385,572,5.0,5.0,5.0
13910,1.8917737007141113,572,5.0,5.0,5.0
13920,1.8927738666534424,572,5.0,5.0,5.0
13921,1.8927738666534424,572,14.0,5.0,5.0
13924,1.8927738666534424,572,18.96,5.0,5.0
13930,1.8937737941741943,572,6.212812800000002,5.0,5.0
13940,1.8947741985321045,572,5.0,5.0,5.0
13950,1.8957741260528564,572,5.0,5.0,5.0
13960,1.8977739810943604,572,5.0,5.0,5.0
13970,1.8987741470336914,572,5.0,5.0,5.0
13980,1.8997738361358643,572,5.0,5.0,5.0
13990,1.9017739295959473,572,5.0,5.0,5.0
14000,1.9027740955352783,572,5.0,5.0,5.0
14010,1.90478515625,572,5.0,5.0,5.0
14020,1.9057905673980713,572,5.0,5.0,5.0
14030,1.9077880382537842,572,5.0,5.0,5.0
14040,1.908787727355957,572,5.0,5.0,5.0
14050,1.9097893238067627,572,5.0,5.0,5.0
14060,1.9117882251739502,572,5.0,5.0,5.0
14070,1.912787675857544,572,5.0,5.0,5.0
14080,1.9137885570526123,572,5.0,5.0,5.0
14090,1.914787769317627,572,5.0,5.0,5.0
14100,1.9167883396148682,572,5.0,5.0,5.0
14110,1.9177882671356201,572,5.0,5.0,5.0
14120,1.918787956237793,572,5.0,5.0,5.0
14130,1.919792652130127,572,5.0,5.0,5.0
14140,1.9217901229858398,572,5.0,5.0,5.0
14150,1.922788143157959,572,5.0,5.0,5.0
14160,1.923788070678711,572,5.0,5.0,5.0
14170,1.9247877597808838,572,5.0,5.0,5.0
14180,1.9267878532409668,572,5.0,5.0,5.0
14189,1.9277880191802979,572,14.0,5.0,5.0
14190,1.9277880191802979,572,11.200000000000001,5.0,5.0
14200,1.9287874698638916,572,5.734400000000001,5.0,5.0
14210,1.9297878742218018,572,5.0,5.0,5.0
14220,1.9317882061004639,572,5.0,5.0,5.0
14230,1.932788372039795,572,5.0,5.0,5.0
14240,1.9337882995605469,572,5.0,5.0,5.0
14250,1.9347877502441406,572,5.0,5.0,5.0
14260,1.9367754459381104,572,5.0,5.0,5.0
14270,1.9377877712249756,572,5.0,5.0,5.0
14280,1.9387884140014648,572,5.0,5.0,5.0
14290,1.9407882690429688,572,5.0,5.0,5.0
14300,1.9417877197265625,572,5.0,5.0,5.0
14310,1.9427883625030518,572,5.0,5.0,5.0
14320,1.9437875747680664,572,5.0,5.0,5.0
14323,1.9437875747680664,572,14.0,5.0,5.0
14330,1.9447879791259766,572,14.587520000000001,5.0,5.0
14334,1.9457898139953613,572,17.468810240000003,5.0,5.0
14340,1.9457898139953613,572,8.944030842880002,5.0,5.0
14350,1.9467880725860596,572,5.0,5.0,5.0
14360,1.9487884044647217,572,5.0,5.0,5.0
14370,1.9497880935668945,572,5.0,5.0,5.0
14380,1.9507880210876465,572,5.0,5.0,5.0
14390,1.9517779350280762,572,5.0,5.0,5.0
14400,1.952789306640625,572,5.0,5.0,5.0
14410,1.9547889232635498,572,5.0,5.0,5.0
14420,1.9558193683624268,572,5.0,5.0,5.0
14430,1.9568531513214111,572,5.0,5.0,5.0
14440,1.957869291305542,572,5.0,5.0,5.0
14450,1.9588220119476318,572,5.0,5.0,5.0
14460,1.9607794284820557,572,5.0,5.0,5.0
14470,1.9618008136749268,572,5.0,5.0,5.0
14476,1.9628231525421143,572,14.0,5.0,5.0
14480,1.9637796878814697,572,7.168000000000001,5.0,5.0
14489,1.9648358821868896,572,14.0,5.0,5.0
14490,1.9648358821868896,572,11.200000000000001,5.0,5.0
14500,1.9658639430999756,572,5.734400000000001,5.0,5.0
14501,1.9658639430999756,572,14.587520000000001,5.0,5.0
14506,1.966799020767212,572,15.975048192000003,5.0,5.0
14510,1.966799020767212,572,12.780038553600003,5.0,5.0
14520,1.9687745571136475,572,8.179224674304002,5.0,5.0
14530,1.9697744846343994,572,5.0,5.0,5.0
14540,1.9707741737365723,572,5.0,5.0,5.0
14547,1.9717738628387451,572,14.0,5.0,5.0
14550,1.9717738628387451,572,11.200000000000001,5.0,5.0
14560,1.9727740287780762,572,5.734400000000001,5.0,5.0
14570,1.9737739562988281,572,5.0,5.0,5.0
14580,1.975773811340332,572,5.0,5.0,5.0
14590,1.976773977279663,572,5.0,5.0,5.0
14600,1.977773904800415,572,5.0,5.0,5.0
14610,1.978773832321167,572,5.0,5.0,5.0
14620,1.979773998260498,572,5.0,5.0,5.0
14630,1.980774164199829,572,5.0,5.0,5.0
14640,1.983778476715088,572,5.0,5.0,5.0
14650,1.9847753047943115,572,5.0,5.0,5.0
14660,1.9867756366729736,572,5.0,5.0,5.0
14670,1.9887759685516357,572,5.0,5.0,5.0
14680,1.9917757511138916,572,5.0,5.0,5.0
14690,1.9937753677368164,572,5.0,5.0,5.0
14693,1.9937753677368164,572,14.0,5.0,5.0
14700,1.9957752227783203,572,7.168000000000001,5.0,5.0
14710,1.9967749118804932,572,5.0,5.0,5.0
14720,1.998774766921997,572,5.0,5.0,5.0
14730,1.999774694442749,572,5.0,5.0,5.0
14740,2.001775026321411,572,5.0,5.0,5.0
14750,2.003774404525757,572,5.0,5.0,5.0
14760,2.004774332046509,572,5.0,5.0,5.0
14770,2.0057740211486816,572,5.0,5.0,5.0
14780,2.0067739486694336,572,5.0,5.0,5.0
14790,2.0077741146087646,572,5.0,5.0,5.0
14800,2.0087738037109375,572,5.0,5.0,5.0
14810,2.0097739696502686,572,5.0,5.0,5.0
14820,2.0117738246917725,572,5.0,5.0,5.0
14830,2.0127737522125244,572,5.0,5.0,5.0
14840,2.0127737522125244,572,5.0,5.0,5.0
14850,2.0147743225097656,572,5.0,5.0,5.0
14860,2.0157740116119385,572,5.0,5.0,5.0
14870,2.0167737007141113,572,5.0,5.0,5.0
14880,2.0187737941741943,572,5.0,5.0,5.0
14890,2.0197737216949463,572,5.0,5.0,5.0
14897,2.0207736492156982,572,14.0,5.0,5.0
14900,2.0207736492156982,572,7.168000000000001,5.0,5.0
14910,2.0217738151550293,572,5.0,5.0,5.0
14920,2.0227737426757812,572,5.0,5.0,5.0
14930,2.023773670196533,572,5.0,5.0,5.0
14940,2.0257740020751953,572,5.0,5.0,5.0
14950,2.0267741680145264,572,5.0,5.0,5.0
14960,2.0277740955352783,572,5.0,5.0,5.0
14970,2.028773784637451,572,5.0,5.0,5.0
14980,2.0307745933532715,572,5.0,5.0,5.0
14990,2.0317740440368652,572,5.0,5.0,5.0
15000,2.033773899078369,572,5.0,5.0,5.0
15010,2.034773826599121,572,5.0,5.0,5.0
15020,2.035773754119873,572,5.0,5.0,5.0
15030,2.036773681640625,572,5.0,5.0,5.0
15040,2.037773847579956,572,5.0,5.0,5.0
15050,2.038773775100708,572,5.0,5.0,5.0
15060,2.03977370262146,572,5.0,5.0,5.0
15070,2.040773630142212,572,5.0,5.0,5.0
15080,2.0417745113372803,572,5.0,5.0,5.0
15090,2.042773962020874,572,5.0,5.0,5.0
15100,2.043773889541626,572,5.0,5.0,5.0
15110,2.044773817062378,572,5.0,5.0,5.0
15120,2.0467748641967773,572,5.0,5.0,5.0
15130,2.047774076461792,572,5.0,5.0,5.0
15140,2.0487747192382812,572,5.0,5.0,5.0
15150,2.049773931503296,572,5.0,5.0,5.0
15160,2.0517737865448,572,5.0,5.0,5.0
15170,2.0527737140655518,572,5.0,5.0,5.0
15180,2.053773880004883,572,5.0,5.0,5.0
15190,2.0547738075256348,572,5.0,5.0,5.0
15200,2.0557737350463867,572,5.0,5.0,5.0
15210,2.0567736625671387,572,5.0,5.0,5.0
15220,2.0587737560272217,572,5.0,5.0,5.0
15230,2.0597739219665527,572,5.0,5.0,5.0
15240,2.0607736110687256,572,5.0,5.0,5.0
15247,2.0617740154266357,572,14.0,5.0,5.0
15250,2.0617740154266357,572,11.200000000000001,5.0,5.0
15254,2.062774181365967,572,15.7344,5.0,5.0
15260,2.062774181365967,572,10.070016000000003,5.0,5.0
15270,2.0647737979888916,572,5.155848192000002,5.0,5.0
15280,2.0657739639282227,572,5.0,5.0,5.0
15290,2.0667741298675537,572,5.0,5.0,5.0
15300,2.0687739849090576,572,5.0,5.0,5.0
15310,2.0697739124298096,572,5.0,5.0,5.0
15313,2.0697739124298096,572,14.0,5.0,5.0
15314,2.0697739124298096,572,21.200000000000003,5.0,5.0
15320,2.0707738399505615,572,8.683520000000005,5.0,5.0
15330,2.0717737674713135,572,5.0,5.0,5.0
15340,2.0727736949920654,572,5.0,5.0,5.0
15350,2.0747737884521484,572,5.0,5.0,5.0
15360,2.0757737159729004,572,5.0,5.0,5.0
15370,2.0767736434936523,572,5.0,5.0,5.0
15380,2.0777738094329834,572,5.0,5.0,5.0
15390,2.0787742137908936,572,5.0,5.0,5.0
15400,2.0797736644744873,572,5.0,5.0,5.0
15406,2.0807740688323975,572,14.0,5.0,5.0
15410,2.0807740688323975,572,8.96,5.0,5.0
15420,2.0817739963531494,572,5.0,5.0,5.0
15430,2.0827739238739014,572,5.0,5.0,5.0
15440,2.0847737789154053,572,5.0,5.0,5.0
15450,2.0857739448547363,572,5.0,5.0,5.0
15460,2.0867741107940674,572,5.0,5.0,5.0
15470,2.0877740383148193,572,5.0,5.0,5.0
15480,2.0887739658355713,572,5.0,5.0,5.0
15490,2.0897741317749023,572,5.0,5.0,5.0
15500,2.0907740592956543,572,5.0,5.0,5.0
15510,2.092773675918579,572,5.0,5.0,5.0
15513,2.092773675918579,572,14.0,5.0,5.0
15520,2.09377384185791,572,5.734400000000001,5.0,5.0
15530,2.094774007797241,572,5.0,5.0,5.0
15540,2.096773862838745,572,5.0,5.0,5.0
15550,2.097773790359497,572,5.0,5.0,5.0
15560,2.098773956298828,572,5.0,5.0,5.0
15570,2.09977388381958,572,5.0,5.0,5.0
15580,2.100773811340332,572,5.0,5.0,5.0
15590,2.101773977279663,572,5.0,5.0,5.0
15600,2.102773904800415,572,5.0,5.0,5.0
15610,2.104773759841919,572,5.0,5.0,5.0
15620,2.10577392578125,572,5.0,5.0,5.0
15630,2.106773853302002,572,5.0,5.0,5.0
15640,2.107773780822754,572,5.0,5.0,5.0
15650,2.108773946762085,572,5.0,5.0,5.0
15660,2.109773635864258,572,5.0,5.0,5.0
15670,2.110773801803589,572,5.0,5.0,5.0
15680,2.111774206161499,572,5.0,5.0,5.0
15690,2.1127736568450928,572,5.0,5.0,5.0
15700,2.113773822784424,572,5.0,5.0,5.0
15710,2.114773750305176,572,5.0,5.0,5.0
15720,2.115773916244507,572,5.0,5.0,5.0
15730,2.11777400970459,572,5.0,5.0,5.0
15732,2.11777400970459,572,14.0,5.0,5.0
15740,2.118774175643921,572,5.734400000000001,5.0,5.0
15750,2.119774103164673,572,5.0,5.0,5.0
15760,2.1207737922668457,572,5.0,5.0,5.0
15770,2.122774124145508,572,5.0,5.0,5.0
15780,2.1237738132476807,572,5.0,5.0,5.0
15790,2.1247737407684326,572,5.0,5.0,5.0
15800,2.1257739067077637,572,5.0,5.0,5.0
15810,2.1277737617492676,572,5.0,5.0,5.0
15820,2.1287736892700195,572,5.0,5.0,5.0
15830,2.1297738552093506,572,5.0,5.0,5.0
15840,2.1307737827301025,572,5.0,5.0,5.0
15850,2.1317737102508545,572,5.0,5.0,5.0
15860,2.1327736377716064,572,5.0,5.0,5.0
15870,2.1337738037109375,572,5.0,5.0,5.0
15880,2.1347737312316895,572,5.0,5.0,5.0
15890,2.1357741355895996,572,5.0,5.0,5.0
15900,2.1367738246917725,572,5.0,5.0,5.0
15910,2.1377739906311035,572,5.0,5.0,5.0
15920,2.1387739181518555,572,5.0,5.0,5.0
15929,2.1397740840911865,572,14.0,5.0,5.0
15930,2.1407737731933594,572,11.200000000000001,5.0,5.0
15940,2.1417739391326904,572,5.734400000000001,5.0,5.0
15945,2.1417739391326904,572,14.0,5.0,5.0
15950,2.1427741050720215,572,8.96,5.0,5.0
15960,2.1447737216949463,572,5.0,5.0,5.0
15970,2.1457738876342773,572,5.0,5.0,5.0
15974,2.1457738876342773,572,14.0,5.0,5.0
15980,2.1467738151550293,572,8.96,5.0,5.0
15990,2.1477737426757812,572,5.734400000000001,5.0,5.0
15996,2.148773670196533,572,14.587520000000001,5.0,5.0
16000,2.1497740745544434,572,9.336012800000002,5.0,5.0
16010,2.150773763656616,572,5.0,5.0,5.0
16020,2.1517739295959473,572,5.0,5.0,5.0
16030,2.15277361869812,572,5.0,5.0,5.0
16040,2.1537740230560303,572,5.0,5.0,5.0
16050,2.1547739505767822,572,5.0,5.0,5.0
16060,2.155773878097534,572,5.0,5.0,5.0
16062,2.156773805618286,572,14.0,5.0,5.0
16070,2.1577742099761963,572,5.734400000000001,5.0,5.0
16080,2.158773899078369,572,5.0,5.0,5.0
16090,2.159773826599121,572,5.0,5.0,5.0
16100,2.160773754119873,572,5.0,5.0,5.0
16110,2.162773847579956,572,5.0,5.0,5.0
16111,2.162773847579956,572,14.0,5.0,5.0
16120,2.163773775100708,572,7.168000000000001,5.0,5.0
16130,2.16477370262146,572,5.0,5.0,5.0
16140,2.165773868560791,572,5.0,5.0,5.0
16145,2.165773868560791,572,14.0,5.0,5.0
16150,2.166773796081543,572,8.96,5.0,5.0
16160,2.167773962020874,572,5.0,5.0,5.0
16170,2.168773651123047,572,5.0,5.0,5.0
16180,2.169773817062378,572,5.0,5.0,5.0
16190,2.17077374458313,572,5.0,5.0,5.0
16200,2.171773672103882,572,5.0,5.0,5.0
16210,2.173774003982544,572,5.0,5.0,5.0
16220,2.174773931503296,572,5.0,5.0,5.0
16230,2.175773859024048,572,5.0,5.0,5.0
16240,2.1767737865448,572,5.0,5.0,5.0
16250,2.177773952484131,572,5.0,5.0,5.0
16260,2.178773880004883,572,5.0,5.0,5.0
16270,2.180773973464966,572,5.0,5.0,5.0
16275,2.180773973464966,572,14.0,5.0,5.0
16280,2.1817739009857178,572,8.96,5.0,5.0
16290,2.1827738285064697,572,5.0,5.0,5.0
16300,2.183773994445801,572,5.0,5.0,5.0
16310,2.1847736835479736,572,5.0,5.0,5.0
16320,2.1857738494873047,572,5.0,5.0,5.0
16330,2.1867737770080566,572,5.0,5.0,5.0
16340,2.1877737045288086,572,5.0,5.0,5.0
16345,2.1887736320495605,572,14.0,5.0,5.0
16350,2.1887736320495605,572,8.96,5.0,5.0
16360,2.18977427482605,572,5.0,5.0,5.0
16370,2.1917738914489746,572,5.0,5.0,5.0
16380,2.1927740573883057,572,5.0,5.0,5.0
16390,2.1937739849090576,572,5.0,5.0,5.0
16400,2.1947739124298096,572,5.0,5.0,5.0
16405,2.1957738399505615,572,14.0,5.0,5.0
16410,2.1957738399505615,572,5.734400000000001,5.0,5.0
16420,2.1977739334106445,572,5.0,5.0,5.0
16430,2.1987738609313965,572,5.0,5.0,5.0
16435,2.1997737884521484,572,14.0,5.0,5.0
16439,2.1997737884521484,572,18.96,5.0,5.0
16440,2.1997737884521484,572,15.168000000000001,5.0,5.0
16446,2.2007739543914795,572,14.970250240000002,5.0,5.0
16450,2.2007739543914795,572,7.664768122880002,5.0,5.0
16460,2.2017738819122314,572,5.0,5.0,5.0
16470,2.2037737369537354,572,5.0,5.0,5.0
16480,2.2047739028930664,572,5.0,5.0,5.0
16490,2.2057738304138184,572,5.0,5.0,5.0
16500,2.2067737579345703,572,5.0,5.0,5.0
16510,2.2077736854553223,572,5.0,5.0,5.0
16520,2.2097742557525635,572,5.0,5.0,5.0
16530,2.2107739448547363,572,5.0,5.0,5.0
16540,2.2117738723754883,572,5.0,5.0,5.0
16550,2.2127737998962402,572,5.0,5.0,5.0
16560,2.2137739658355713,572,5.0,5.0,5.0
16570,2.2147738933563232,572,5.0,5.0,5.0
16580,2.215773820877075,572,5.0,5.0,5.0
16590,2.217773914337158,572,5.0,5.0,5.0
16600,2.21877384185791,572,5.0,5.0,5.0
16610,2.220773696899414,572,5.0,5.0,5.0
16620,2.221773862838745,572,5.0,5.0,5.0
16630,2.222773790359497,572,5.0,5.0,5.0
16638,2.223773956298828,572,14.0,5.0,5.0
16640,2.223773956298828,572,14.0,5.0,5.0
16650,2.22477388381958,572,5.0,5.0,5.0
16660,2.225773811340332,572,5.0,5.0,5.0
16670,2.226773738861084,572,5.0,5.0,5.0
16680,2.228773832321167,572,5.0,5.0,5.0
16690,2.229773998260498,572,5.0,5.0,5.0
16700,2.23077392578125,572,5.0,5.0,5.0
16710,2.231773853302002,572,5.0,5.0,5.0
16720,2.232773780822754,572,5.0,5.0,5.0
16730,2.233773946762085,572,5.0,5.0,5.0
16740,2.235773801803589,572,5.0,5.0,5.0
16750,2.236773729324341,572,5.0,5.0,5.0
16760,2.237773895263672,572,5.0,5.0,5.0
16770,2.238773822784424,572,5.0,5.0,5.0
16780,2.240773916244507,572,5.0,5.0,5.0
16790,2.241773843765259,572,5.0,5.0,5.0
16800,2.2427737712860107,572,5.0,5.0,5.0
16810,2.243773937225342,572,5.0,5.0,5.0
16820,2.2447738647460938,572,5.0,5.0,5.0
16830,2.2467739582061768,572,5.0,5.0,5.0
16840,2.2477738857269287,572,5.0,5.0,5.0
16850,2.2497739791870117,572,5.0,5.0,5.0
16860,2.2507739067077637,572,5.0,5.0,5.0
16870,2.2517740726470947,572,5.0,5.0,5.0
16880,2.2527737617492676,572,5.0,5.0,5.0
16890,2.2537741661071777,572,5.0,5.0,5.0
16900,2.2547740936279297,572,5.0,5.0,5.0
16910,2.2557737827301025,572,5.0,5.0,5.0
16920,2.2577738761901855,572,5.0,5.0,5.0
16930,2.2587740421295166,572,5.0,5.0,5.0
16940,2.2597737312316895,572,5.0,5.0,5.0
16950,2.2607741355895996,572,5.0,5.0,5.0
16960,2.2617738246917725,572,5.0,5.0,5.0
16970,2.2627739906311035,572,5.0,5.0,5.0
16980,2.2637736797332764,572,5.0,5.0,5.0
16990,2.2657740116119385,572,5.0,5.0,5.0
17000,2.2667741775512695,572,5.0,5.0,5.0
17010,2.2677741050720215,572,5.0,5.0,5.0
17020,2.2687742710113525,572,5.0,5.0,5.0
17030,2.2707741260528564,572,5.0,5.0,5.0
17040,2.2717738151550293,572,5.0,5.0,5.0
17042,2.2717738151550293,572,14.0,5.0,5.0
17043,2.2717738151550293,572,21.200000000000003,5.0,5.0
17050,2.2727739810943604,572,8.683520000000005,5.0,5.0
17060,2.2747740745544434,572,5.0,5.0,5.0
17070,2.275773763656616,572,5.0,5.0,5.0
17080,2.2767739295959473,572,5.0,5.0,5.0
17090,2.27777361869812,572,5.0,5.0,5.0
17100,2.278773784637451,572,5.0,5.0,5.0
17110,2.279773712158203,572,5.0,5.0,5.0
17120,2.280773639678955,572,5.0,5.0,5.0
17130,2.282773733139038,572,5.0,5.0,5.0
17140,2.28377366065979,572,5.0,5.0,5.0
17150,2.2847743034362793,572,5.0,5.0,5.0
17160,2.285773992538452,572,5.0,5.0,5.0
17170,2.286773920059204,572,5.0,5.0,5.0
17180,2.287774085998535,572,5.0,5.0,5.0
17188,2.289773941040039,572,14.0,5.0,5.0
17190,2.289773941040039,572,8.96,5.0,5.0
17200,2.290773868560791,572,5.0,5.0,5.0
17210,2.291774034500122,572,5.0,5.0,5.0
17220,2.293773889541626,572,5.0,5.0,5.0
17230,2.294773817062378,572,5.0,5.0,5.0
17240,2.29577374458313,572,5.0,5.0,5.0
17250,2.296773672103882,572,5.0,5.0,5.0
17260,2.297773838043213,572,5.0,5.0,5.0
17267,2.298773765563965,572,14.0,5.0,5.0
17270,2.298773765563965,572,14.0,5.0,5.0
17280,2.299773931503296,572,8.96,5.0,5.0
17290,2.301774024963379,572,5.0,5.0,5.0
17300,2.302773952484131,572,5.0,5.0,5.0
17309,2.303773880004883,572,14.0,5.0,5.0
17310,2.303773880004883,572,14.0,5.0,5.0
17320,2.3047738075256348,572,5.0,5.0,5.0
17330,2.305773973464966,572,5.0,5.0,5.0
17340,2.3067739009857178,572,5.0,5.0,5.0
17350,2.307774066925049,572,5.0,5.0,5.0
17360,2.3097739219665527,572,5.0,5.0,5.0
17370,2.3107738494873047,572,5.0,5.0,5.0
17380,2.3117737770080566,572,5.0,5.0,5.0
17390,2.3127739429473877,572,5.0,5.0,5.0
17400,2.3147737979888916,572,5.0,5.0,5.0
17410,2.3157737255096436,572,5.0,5.0,5.0
17420,2.316774845123291,572,5.0,5.0,5.0
17430,2.317774534225464,572,5.0,5.0,5.0
17440,2.3197741508483887,572,5.0,5.0,5.0
17450,2.3207740783691406,572,5.0,5.0,5.0
17460,2.3217740058898926,572,5.0,5.0,5.0
17470,2.3227739334106445,572,5.0,5.0,5.0
17480,2.3237738609313965,572,5.0,5.0,5.0
17490,2.3257739543914795,572,5.0,5.0,5.0
17491,2.3257739543914795,572,5.0,5.0,14.0
17500,2.3267738819122314,572,5.0,5.0,7.168000000000001
17510,2.3277740478515625,572,5.0,5.0,5.0
17520,2.3287739753723145,572,5.0,5.0,5.0
17530,2.3297741413116455,572,5.0,5.0,5.0
17540,2.3307738304138184,572,5.0,5.0,5.0
17550,2.3317739963531494,572,5.0,5.0,5.0
17560,2.3337738513946533,572,5.0,5.0,5.0
17570,2.3347737789154053,572,5.0,5.0,5.0
17580,2.3357737064361572,572,5.0,5.0,5.0
17590,2.3367741107940674,572,5.0,5.0,5.0
17600,2.3377737998962402,572,5.0,5.0,5.0
17610,2.3397738933563232,572,5.0,5.0,5.0
17620,2.340773820877075,572,5.0,5.0,5.0
17630,2.341773748397827,572,5.0,5.0,5.0
17638,2.342773914337158,572,14.0,5.0,5.0
17640,2.342773914337158,572,8.96,5.0,5.0
17644,2.342773914337158,572,14.587520000000001,5.0,5.0
17650,2.3437740802764893,572,9.336012800000002,5.0,5.0
17660,2.344773769378662,572,5.0,5.0,5.0
17670,2.346773862838745,572,5.0,5.0,5.0
17680,2.347773790359497,572,5.0,5.0,5.0
17690,2.3487741947174072,572,5.0,5.0,5.0
17700,2.34977388381958,572,5.0,5.0,5.0
17710,2.350773811340332,572,5.0,5.0,5.0
17720,2.351773738861084,572,5.0,5.0,5.0
17730,2.353773593902588,572,5.0,5.0,5.0
17740,2.354773759841919,572,5.0,5.0,5.0
17750,2.355773687362671,572,5.0,5.0,5.0
17760,2.357773542404175,572,5.0,5.0,5.0
17770,2.358773946762085,572,5.0,5.0,5.0
17780,2.359774112701416,572,5.0,5.0,5.0
17790,2.360774040222168,572,5.0,5.0,5.0
17800,2.36177396774292,572,5.0,5.0,5.0
17810,2.363774061203003,572,5.0,5.0,5.0
17820,2.364773988723755,572,5.0,5.0,5.0
17830,2.365773916244507,572,5.0,5.0,5.0
17840,2.366773843765259,572,5.0,5.0,5.0
17850,2.3677737712860107,572,5.0,5.0,5.0
17860,2.3697738647460938,572,5.0,5.0,5.0
17870,2.3707737922668457,572,5.0,5.0,5.0
17880,2.3717737197875977,572,5.0,5.0,5.0
17890,2.3727738857269287,572,5.0,5.0,5.0
17900,2.3737735748291016,572,5.0,5.0,5.0
17910,2.3747737407684326,572,5.0,5.0,5.0
17920,2.3757736682891846,572,5.0,5.0,5.0
17930,2.3767740726470947,572,5.0,5.0,5.0
17940,2.3777737617492676,572,5.0,5.0,5.0
17950,2.3797740936279297,572,5.0,5.0,5.0
17960,2.3807737827301025,572,5.0,5.0,5.0
17970,2.3817739486694336,572,5.0,5.0,5.0
17980,2.3827738761901855,572,5.0,5.0,5.0
17990,2.3837738037109375,572,5.0,5.0,5.0
18000,2.3847739696502686,572,5.0,5.0,5.0
18010,2.3857738971710205,572,5.0,5.0,5.0
18020,2.3877737522125244,572,5.0,5.0,5.0
18030,2.3887736797332764,572,5.0,5.0,5.0
18040,2.3897738456726074,572,5.0,5.0,5.0
18049,2.3907737731933594,572,14.0,5.0,5.0
18050,2.3907737731933594,572,14.0,5.0,5.0
18059,2.3917737007141113,572,15.7344,5.0,5.0
18060,2.3917737007141113,572,12.587520000000001,5.0,5.0
18070,2.3927736282348633,572,5.0,5.0,5.0
18080,2.3937737941741943,572,5.0,5.0,5.0
18090,2.3957741260528564,572,5.0,5.0,5.0
18100,2.3967740535736084,572,5.0,5.0,5.0
18110,2.3977739810943604,572,5.0,5.0,5.0
18120,2.3987739086151123,572,5.0,5.0,5.0
18130,2.3997738361358643,572,5.0,5.0,5.0
18140,2.4017739295959473,572,5.0,5.0,5.0
18150,2.402773857116699,572,5.0,5.0,5.0
18160,2.4037740230560303,572,5.0,5.0,5.0
18170,2.4047739505767822,572,5.0,5.0,5.0
18180,2.406773805618286,572,5.0,5.0,5.0
18181,2.406773805618286,572,14.0,5.0,5.0
18190,2.407773733139038,572,5.734400000000001,5.0,5.0
18200,2.40877366065979,572,5.0,5.0,5.0
18210,2.409773826599121,572,5.0,5.0,5.0
18220,2.411773681640625,572,5.0,5.0,5.0
18230,2.412773609161377,572,5.0,5.0,5.0
18240,2.413774013519287,572,14.0,5.0,5.0
18250,2.414773941040039,572,7.168000000000001,5.0,5.0
18260,2.415773868560791,572,5.0,5.0,5.0
18270,2.417773723602295,572,5.0,5.0,5.0
18280,2.418773889541626,572,5.0,5.0,5.0
18290,2.419774055480957,572,5.0,5.0,5.0
18300,2.42077374458313,572,5.0,5.0,5.0
18310,2.422773838043213,572,5.0,5.0,5.0
18320,2.423773765563965,572,5.0,5.0,5.0
18330,2.424773693084717,572,5.0,5.0,5.0
18340,2.425773859024048,572,5.0,5.0,5.0
18350,2.426774024963379,572,5.0,5.0,5.0
18360,2.4277737140655518,572,5.0,5.0,5.0
18370,2.4297738075256348,572,5.0,5.0,5.0
18371,2.4297738075256348,572,14.0,5.0,5.0
18380,2.4307737350463867,572,7.168000000000001,5.0,5.0
18390,2.4317736625671387,572,5.0,5.0,5.0
18400,2.4327738285064697,572,5.0,5.0,5.0
18410,2.433773994445801,572,5.0,5.0,5.0
18420,2.4357738494873047,572,5.0,5.0,5.0
18430,2.4367737770080566,572,5.0,5.0,5.0
18440,2.4377739429473877,572,5.0,5.0,5.0
18450,2.4387738704681396,572,5.0,5.0,5.0
18459,2.4397737979888916,572,14.0,5.0,5.0
18460,2.4397737979888916,572,14.0,5.0,5.0
18462,2.4397737979888916,572,18.96,5.0,5.0
18470,2.4407737255096436,572,7.766016000000002,5.0,5.0
18480,2.4417738914489746,572,5.0,5.0,5.0
18490,2.4427740573883057,572,5.0,5.0,5.0
18500,2.4447736740112305,572,5.0,5.0,5.0
18510,2.4457738399505615,572,5.0,5.0,5.0
18520,2.4467737674713135,572,5.0,5.0,5.0
18527,2.4477736949920654,572,14.0,5.0,5.0
18530,2.4477736949920654,572,8.96,5.0,5.0
18540,2.4487738609313965,572,5.0,5.0,5.0
18550,2.4497742652893066,572,5.0,5.0,5.0
18555,2.4507739543914795,572,14.0,5.0,5.0
18560,2.4517738819122314,572,5.0,5.0,5.0
18570,2.4527738094329834,572,5.0,5.0,5.0
18580,2.4537739753723145,572,5.0,5.0,5.0
18590,2.4547739028930664,572,5.0,5.0,5.0
18600,2.4557738304138184,572,5.0,5.0,5.0
18607,2.4567737579345703,572,14.0,5.0,5.0
18610,2.4567737579345703,572,8.96,5.0,5.0
18620,2.4577739238739014,572,5.0,5.0,5.0
18630,2.4587740898132324,572,5.0,5.0,5.0
18640,2.4597737789154053,572,5.0,5.0,5.0
18650,2.4607737064361572,572,5.0,5.0,5.0
18660,2.4627737998962402,572,5.0,5.0,5.0
18670,2.4637739658355713,572,5.0,5.0,5.0
18680,2.464773654937744,572,5.0,5.0,5.0
18690,2.465773582458496,572,5.0,5.0,5.0
18700,2.466773748397827,572,5.0,5.0,5.0
18710,2.468773603439331,572,5.0,5.0,5.0
18720,2.468773603439331,572,5.0,5.0,5.0
18730,2.470773935317993,572,5.0,5.0,5.0
18738,2.471773862838745,572,14.0,5.0,5.0
18740,2.471773862838745,572,11.200000000000001,5.0,5.0
18750,2.472773790359497,572,5.0,5.0,5.0
18760,2.473773956298828,572,5.0,5.0,5.0
18770,2.47477388381958,572,5.0,5.0,5.0
18780,2.476773738861084,572,5.0,5.0,5.0
18790,2.477773904800415,572,5.0,5.0,5.0
18800,2.478773832321167,572,5.0,5.0,5.0
18810,2.479774236679077,572,5.0,5.0,5.0
18820,2.481773853302002,572,5.0,5.0,5.0
18830,2.482773780822754,572,5.0,5.0,5.0
18840,2.483773708343506,572,5.0,5.0,5.0
18850,2.484773635864258,572,5.0,5.0,5.0
18860,2.485773801803589,572,5.0,5.0,5.0
18870,2.487773895263672,572,5.0,5.0,5.0
18880,2.488773822784424,572,5.0,5.0,5.0
18890,2.489773988723755,572,5.0,5.0,5.0
18900,2.490774154663086,572,14.0,5.0,5.0
18910,2.491774082183838,572,14.587520000000001,5.0,5.0
18920,2.49277400970459,572,5.975048192000003,5.0,5.0
18925,2.493773937225342,572,14.0,5.0,5.0
18930,2.493773937225342,572,11.200000000000001,5.0,5.0
18934,2.493773937225342,572,17.168,5.0,5.0
18940,2.4947738647460938,572,7.032012800000001,5.0,5.0
18950,2.4957737922668457,572,5.0,5.0,5.0
18960,2.4977738857269287,572,5.0,5.0,5.0
18970,2.4987738132476807,572,5.0,5.0,5.0
18980,2.4997737407684326,572,5.0,5.0,5.0
18990,2.5007736682891846,572,5.0,5.0,5.0
18999,2.5017738342285156,572,14.0,5.0,5.0
19000,2.5017738342285156,572,11.200000000000001,5.0,5.0
19010,2.5027737617492676,572,5.0,5.0,5.0
19020,2.5047738552093506,572,5.0,5.0,5.0
19030,2.5057740211486816,572,5.0,5.0,5.0
19040,2.5067741870880127,572,5.0,5.0,5.0
19050,2.5077738761901855,572,5.0,5.0,5.0
19060,2.5087738037109375,572,5.0,5.0,5.0
19070,2.5097742080688477,572,5.0,5.0,5.0
19080,2.5107738971710205,572,5.0,5.0,5.0
19090,2.5117740631103516,572,5.0,5.0,5.0
19100,2.5137739181518555,572,5.0,5.0,5.0
19110,2.5147738456726074,572,5.0,5.0,5.0
19120,2.5157737731933594,572,5.0,5.0,5.0
19130,2.5167737007141113,572,5.0,5.0,5.0
19134,2.5177738666534424,572,14.0,5.0,5.0
19138,2.5177738666534424,572,17.168,5.0,5.0
19140,2.5177738666534424,572,13.7344,5.0,5.0
19150,2.5187737941741943,572,5.625610240000001,5.0,5.0
19160,2.5197737216949463,572,5.0,5.0,5.0
19170,2.5207736492156982,572,5.0,5.0,5.0
19180,2.5227739810943604,572,5.0,5.0,5.0
19190,2.523773670196533,572,5.0,5.0,5.0
19200,2.524773597717285,572,5.0,5.0,5.0
19210,2.5257740020751953,572,5.0,5.0,5.0
19216,2.5267739295959473,572,14.0,5.0,5.0
19218,2.5267739295959473,572,18.96,5.0,5.0
19220,2.5267739295959473,572,15.168000000000001,5.0,5.0
19230,2.528773784637451,572,6.212812800000002,5.0,5.0
19240,2.5297739505767822,572,5.0,5.0,5.0
19250,2.530773878097534,572,5.0,5.0,5.0
19260,2.531773805618286,572,5.0,5.0,5.0
19270,2.533773899078369,572,5.0,5.0,5.0
19280,2.534773826599121,572,5.0,5.0,5.0
19290,2.535773992538452,572,5.0,5.0,5.0
19300,2.536773681640625,572,5.0,5.0,5.0
19310,2.538774013519287,572,5.0,5.0,5.0
19320,2.539774179458618,572,5.0,5.0,5.0
19330,2.540773630142212,572,5.0,5.0,5.0
19340,2.541773796081543,572,5.0,5.0,5.0
19350,2.542773962020874,572,5.0,5.0,5.0
19360,2.543773889541626,572,5.0,5.0,5.0
19370,2.544773817062378,572,5.0,5.0,5.0
19380,2.546773910522461,572,5.0,5.0,5.0
19390,2.547774076461792,572,5.0,5.0,5.0
19400,2.548773765563965,572,5.0,5.0,5.0
19410,2.549773693084717,572,5.0,5.0,5.0
19420,2.550773859024048,572,5.0,5.0,5.0
19430,2.551774024963379,572,5.0,5.0,5.0
19440,2.553774118423462,572,5.0,5.0,5.0
19450,2.554774045944214,572,14.0,5.0,5.0
19460,2.555773973464966,572,5.734400000000001,5.0,5.0
19470,2.5567739009857178,572,5.0,5.0,5.0
19480,2.5577738285064697,572,5.0,5.0,5.0
19490,2.5597736835479736,572,5.0,5.0,5.0
19500,2.5607736110687256,572,5.0,5.0,5.0
19510,2.5617740154266357,572,5.0,5.0,5.0
19520,2.5627739429473877,572,5.0,5.0,5.0
19530,2.5647740364074707,572,5.0,5.0,5.0
19540,2.5657739639282227,572,5.0,5.0,5.0
19550,2.5667738914489746,572,5.0,5.0,5.0
19560,2.5677738189697266,572,5.0,5.0,5.0
19570,2.5687737464904785,572,5.0,5.0,5.0
19580,2.5707738399505615,572,5.0,5.0,5.0
19590,2.5717740058898926,572,5.0,5.0,5.0
19600,2.5727739334106445,572,5.0,5.0,5.0
19610,2.5747737884521484,572,5.0,5.0,5.0
19620,2.5757737159729004,572,5.0,5.0,5.0
19630,2.5767736434936523,572,5.0,5.0,5.0
19640,2.5777738094329834,572,5.0,5.0,5.0
19650,2.5787737369537354,572,5.0,5.0,5.0
19660,2.5807738304138184,572,5.0,5.0,5.0
19670,2.5817739963531494,572,5.0,5.0,5.0
19676,2.5817739963531494,572,14.0,5.0,5.0
19680,2.5827739238739014,572,7.168000000000001,5.0,5.0
19690,2.5827739238739014,572,5.0,5.0,5.0
19700,2.5847737789154053,572,5.0,5.0,5.0
19705,2.5847737789154053,572,14.0,5.0,5.0
19710,2.5857739448547363,572,5.734400000000001,5.0,5.0
19720,2.5867738723754883,572,5.0,5.0,5.0
19730,2.5877737998962402,572,5.0,5.0,5.0
19740,2.5887739658355713,572,5.0,5.0,5.0
19750,2.590773820877075,572,5.0,5.0,5.0
19760,2.591773748397827,572,5.0,5.0,5.0
19770,2.592773675918579,572,5.0,5.0,5.0
19780,2.59377384185791,572,5.0,5.0,5.0
19790,2.594773769378662,572,5.0,5.0,5.0
19800,2.595773696899414,572,5.0,5.0,5.0
19810,2.597773790359497,572,5.0,5.0,5.0
19820,2.598773956298828,572,5.0,5.0,5.0
19830,2.599774122238159,572,5.0,5.0,5.0
19840,2.601773977279663,572,5.0,5.0,5.0
19841,2.601773977279663,572,14.0,5.0,5.0
19850,2.602773904800415,572,5.734400000000001,5.0,5.0
19860,2.603773832321167,572,5.0,5.0,5.0
19870,2.604773998260498,572,5.0,5.0,5.0
19880,2.60577392578125,572,5.0,5.0,5.0
19890,2.607773780822754,572,5.0,5.0,5.0
19900,2.608773708343506,572,5.0,5.0,5.0
19910,2.609773874282837,572,5.0,5.0,5.0
19920,2.610773801803589,572,5.0,5.0,5.0
19921,2.610773801803589,572,14.0,5.0,5.0
19930,2.611773729324341,572,5.0,5.0,5.0
19940,2.613773822784424,572,5.0,5.0,5.0
19950,2.614773750305176,572,5.0,5.0,5.0
19960,2.615773916244507,572,5.0,5.0,5.0
19970,2.6167736053466797,572,5.0,5.0,5.0
19973,2.61777400970459,572,14.0,5.0,5.0
19980,2.618773937225342,572,8.96,5.0,5.0
19985,2.618773937225342,572,15.7344,5.0,5.0
19990,2.6197738647460938,572,10.070016000000003,5.0,5.0
20000,2.620774030685425,572,5.0,5.0,5.0
20010,2.6227738857269287,572,5.0,5.0,5.0
20020,2.6237738132476807,572,5.0,5.0,5.0
20030,2.6247737407684326,572,5.0,5.0,5.0
20040,2.6257736682891846,572,5.0,5.0,5.0
20050,2.6277737617492676,572,5.0,5.0,5.0
20060,2.6287736892700195,572,5.0,5.0,5.0
20070,2.6297740936279297,572,5.0,5.0,5.0
20080,2.6307737827301025,572,5.0,5.0,5.0
20090,2.6327736377716064,572,5.0,5.0,5.0
20100,2.6350696086883545,572,5.0,5.0,5.0
20110,2.636066436767578,572,5.0,5.0,5.0
20120,2.6370654106140137,572,5.0,5.0,5.0
20130,2.6390652656555176,572,5.0,5.0,5.0
20135,2.6390652656555176,572,14.0,5.0,5.0
20140,2.6400651931762695,572,5.734400000000001,5.0,5.0
20150,2.6410651206970215,572,5.0,5.0,5.0
20160,2.6420652866363525,572,5.0,5.0,5.0
20170,2.6440651416778564,572,5.0,5.0,5.0
20180,2.6450650691986084,572,5.0,5.0,5.0
20190,2.6460652351379395,572,5.0,5.0,5.0
20200,2.6480653285980225,572,5.0,5.0,5.0
20210,2.649071455001831,572,5.0,5.0,5.0
20220,2.651153087615967,572,5.0,5.0,5.0
20230,2.652070999145508,572,5.0,5.0,5.0
20240,2.6530704498291016,572,5.0,5.0,5.0
20250,2.654073476791382,572,5.0,5.0,5.0
20260,2.6560709476470947,572,5.0,5.0,5.0
20270,2.657073974609375,572,5.0,5.0,5.0
20280,2.6581203937530518,572,5.0,5.0,5.0
20290,2.659149646759033,572,5.0,5.0,5.0
20300,2.6600706577301025,572,5.0,5.0,5.0
20302,2.6610867977142334,572,14.0,5.0,5.0
20310,2.6621057987213135,572,11.200000000000001,5.0,5.0
20320,2.6631369590759277,572,5.0,5.0,5.0
20325,2.6631369590759277,572,14.0,5.0,5.0
20330,2.6640708446502686,572,8.96,5.0,5.0
20340,2.6650755405426025,572,5.0,5.0,5.0
20350,2.666081666946411,572,5.0,5.0,5.0
20352,2.667088270187378,572,14.0,5.0,5.0
20360,2.667088270187378,572,5.734400000000001,5.0,5.0
20370,2.66907000541687,572,5.0,5.0,5.0
20380,2.6700704097747803,572,5.0,5.0,5.0
20390,2.671082019805908,572,5.0,5.0,5.0
20400,2.6720807552337646,572,5.0,5.0,5.0
20410,2.6730802059173584,572,5.0,5.0,5.0
20420,2.6750807762145996,572,5.0,5.0,5.0
20430,2.67606782913208,572,5.0,5.0,5.0
20440,2.677067279815674,572,5.0,5.0,5.0
20450,2.6790707111358643,572,5.0,5.0,5.0
20460,2.680084228515625,572,5.0,5.0,5.0
20470,2.681392192840576,572,5.0,5.0,5.0
20480,2.6824615001678467,572,5.0,5.0,5.0
20490,2.6834049224853516,572,5.0,5.0,5.0
20500,2.685458183288574,572,5.0,5.0,5.0
20510,2.6864848136901855,572,5.0,5.0,5.0
20520,2.687424659729004,572,5.0,5.0,5.0
20530,2.68843674659729,572,5.0,5.0,5.0
20540,2.690404176712036,572,5.0,5.0,5.0
20550,2.691406011581421,572,5.0,5.0,5.0
20560,2.6924076080322266,572,5.0,5.0,5.0
20570,2.6934423446655273,572,5.0,5.0,5.0
20580,2.6944844722747803,572,5.0,5.0,5.0
20590,2.696404457092285,572,5.0,5.0,5.0
20600,2.697402238845825,572,5.0,5.0,5.0
20610,2.698410749435425,572,5.0,5.0,5.0
20620,2.69946026802063,572,5.0,5.0,5.0
20630,2.700404405593872,572,5.0,5.0,5.0
20640,2.7024424076080322,572,5.0,5.0,5.0
20650,2.7034101486206055,572,5.0,5.0,5.0
20660,2.7044410705566406,572,5.0,5.0,5.0
20670,2.705404281616211,572,5.0,5.0,5.0
20680,2.706442356109619,572,5.0,5.0,5.0
20688,2.7074904441833496,572,14.0,5.0,5.0
20690,2.7074904441833496,572,8.96,5.0,5.0
20700,2.7094507217407227,572,5.0,5.0,5.0
20710,2.710404872894287,572,5.0,5.0,5.0
20718,2.711430311203003,572,14.0,5.0,5.0
20720,2.711430311203003,572,11.200000000000001,5.0,5.0
20730,2.712404251098633,572,5.0,5.0,5.0
20740,2.7134079933166504,572,5.0,5.0,5.0
20750,2.7154042720794678,572,5.0,5.0,5.0
20760,2.716407537460327,572,5.0,5.0,5.0
20770,2.7174367904663086,572,5.0,5.0,5.0
20780,2.7184391021728516,572,5.0,5.0,5.0
20790,2.7194671630859375,572,5.0,5.0,5.0
20800,2.7214221954345703,572,5.0,5.0,5.0
20810,2.722439765930176,572,5.0,5.0,5.0
20820,2.7234060764312744,572,5.0,5.0,5.0
20830,2.7244040966033936,572,5.0,5.0,5.0
20840,2.725452184677124,572,5.0,5.0,5.0
20850,2.727421283721924,572,5.0,5.0,5.0
20860,2.7284023761749268,572,5.0,5.0,5.0
20870,2.729954957962036,572,5.0,5.0,5.0
20880,2.730924606323242,572,5.0,5.0,5.0
20890,2.731949806213379,572,5.0,5.0,5.0
20900,2.7329862117767334,572,5.0,5.0,5.0
20910,2.7339580059051514,572,5.0,5.0,5.0
20917,2.734922409057617,572,14.0,5.0,5.0
20920,2.734922409057617,572,8.96,5.0,5.0
20930,2.735960006713867,572,5.0,5.0,5.0
20940,2.737987518310547,572,5.0,5.0,5.0
20950,2.738936424255371,572,5.0,5.0,5.0
20960,2.7399587631225586,572,5.0,5.0,5.0
20970,2.740997314453125,572,5.0,5.0,5.0
20980,2.7419376373291016,572,5.0,5.0,5.0
20990,2.7439310550689697,572,5.0,5.0,5.0
21000,2.7449209690093994,572,5.0,5.0,5.0
21010,2.745918035507202,572,5.0,5.0,5.0
21020,2.746917963027954,572,5.0,5.0,5.0
21030,2.748917579650879,572,5.0,5.0,5.0
21040,2.749917507171631,572,5.0,5.0,5.0
21050,2.750917434692383,572,5.0,5.0,5.0
21060,2.7519173622131348,572,5.0,5.0,5.0
21070,2.7529172897338867,572,5.0,5.0,5.0
21080,2.7539172172546387,572,5.0,5.0,5.0
21090,2.7549171447753906,572,5.0,5.0,5.0
21100,2.7569172382354736,572,5.0,5.0,5.0
21110,2.7579171657562256,572,5.0,5.0,5.0
21120,2.7589170932769775,572,5.0,5.0,5.0
21130,2.759918689727783,572,5.0,5.0,5.0
21140,2.7609188556671143,572,5.0,5.0,5.0
21150,2.7619175910949707,572,5.0,5.0,5.0
21160,2.7629172801971436,572,5.0,5.0,5.0
21170,2.7649192810058594,572,5.0,5.0,5.0
21180,2.7659175395965576,572,5.0,5.0,5.0
21190,2.7669174671173096,572,5.0,5.0,5.0
21200,2.7689173221588135,572,5.0,5.0,5.0
21210,2.7699224948883057,572,5.0,5.0,5.0
21220,2.770925760269165,572,5.0,5.0,5.0
21230,2.7719204425811768,572,5.0,5.0,5.0
21240,2.7729220390319824,572,5.0,5.0,5.0
21250,2.7739219665527344,572,5.0,5.0,5.0
21257,2.7749245166778564,572,14.0,5.0,5.0
21260,2.7749245166778564,572,7.168000000000001,5.0,5.0
21270,2.775928258895874,572,5.0,5.0,5.0
21280,2.777369260787964,572,5.0,5.0,5.0
21290,2.7783796787261963,572,5.0,5.0,5.0
21300,2.7793827056884766,572,5.0,5.0,5.0
21310,2.7803778648376465,572,5.0,5.0,5.0
21320,2.782379388809204,572,5.0,5.0,5.0
21330,2.7833783626556396,572,5.0,5.0,5.0
21340,2.7843825817108154,572,5.0,5.0,5.0
21350,2.786418914794922,572,5.0,5.0,5.0
21360,2.787379264831543,572,5.0,5.0,5.0
21370,2.7893800735473633,572,5.0,5.0,5.0
21380,2.7903800010681152,572,5.0,5.0,5.0
21390,2.7913804054260254,572,5.0,5.0,5.0
21400,2.7923784255981445,572,5.0,5.0,5.0
21406,2.7933778762817383,572,14.0,5.0,5.0
21410,2.7933778762817383,572,7.168000000000001,5.0,5.0
21420,2.7943782806396484,572,5.734400000000001,5.0,5.0
21430,2.796175956726074,572,5.0,5.0,5.0
21440,2.7977373600006104,572,5.0,5.0,5.0
21450,2.798863649368286,572,5.0,5.0,5.0
21460,2.800105094909668,572,5.0,5.0,5.0
21470,2.801299571990967,572,5.0,5.0,5.0
21480,2.8025569915771484,572,5.0,5.0,5.0
21490,2.803804397583008,572,5.0,5.0,5.0
21496,2.8043787479400635,572,14.0,5.0,5.0
21500,2.8050007820129395,572,8.96,5.0,5.0
21510,2.8056187629699707,572,5.0,5.0,5.0
21520,2.806988000869751,572,5.0,5.0,5.0
21530,2.8088371753692627,572,5.0,5.0,5.0
21540,2.8098502159118652,572,5.0,5.0,5.0
21550,2.810844898223877,572,5.0,5.0,5.0
21560,2.8118512630462646,572,5.0,5.0,5.0
21570,2.8132238388061523,572,5.0,5.0,5.0
21580,2.814383029937744,572,5.0,5.0,5.0
21590,2.8155477046966553,572,5.0,5.0,5.0
21600,2.8169424533843994,572,5.0,5.0,5.0
21607,2.8176164627075195,572,14.0,5.0,5.0
21610,2.818242311477661,572,11.200000000000001,5.0,5.0
21620,2.819366216659546,572,5.0,5.0,5.0
21630,2.8204870223999023,572,5.0,5.0,5.0
21640,2.8216917514801025,572,5.0,5.0,5.0
21650,2.8227810859680176,572,5.0,5.0,5.0
21660,2.8240106105804443,572,5.0,5.0,5.0
21670,2.8247604370117188,572,5.0,5.0,5.0
21680,2.8259830474853516,572,5.0,5.0,5.0
21690,2.8271517753601074,572,5.0,5.0,5.0
21700,2.8277101516723633,572,5.0,5.0,5.0
21710,2.8295509815216064,572,5.0,5.0,5.0
21720,2.8301544189453125,572,5.0,5.0,5.0
21730,2.831913471221924,572,5.0,5.0,5.0
21740,2.832963466644287,572,5.0,5.0,5.0
21750,2.8339273929595947,572,5.0,5.0,5.0
21760,2.834979772567749,572,5.0,5.0,5.0
21770,2.8369252681732178,572,5.0,5.0,5.0
21780,2.837966203689575,572,5.0,5.0,5.0
21790,2.8389317989349365,572,5.0,5.0,5.0
21791,2.8389317989349365,572,14.0,5.0,5.0
21800,2.839953660964966,572,5.0,5.0,5.0
21810,2.8409650325775146,572,5.0,5.0,5.0
21820,2.8419604301452637,572,5.0,5.0,5.0
21830,2.8429346084594727,572,5.0,5.0,5.0
21835,2.843984365463257,572,14.0,5.0,5.0
21840,2.843984365463257,572,8.96,5.0,5.0
21850,2.8459548950195312,572,5.0,5.0,5.0
21860,2.846991777420044,572,5.0,5.0,5.0
21870,2.847923755645752,572,5.0,5.0,5.0
21880,2.8489744663238525,572,5.0,5.0,5.0
21890,2.8499341011047363,572,5.0,5.0,5.0
21892,2.8499341011047363,572,14.0,5.0,5.0
21900,2.8509602546691895,572,5.0,5.0,5.0
21910,2.85192608833313,572,5.0,5.0,5.0
21920,2.8539249897003174,572,5.0,5.0,5.0
21930,2.854997396469116,572,5.0,5.0,5.0
21940,2.855923652648926,572,5.0,5.0,5.0
21950,2.856919527053833,572,5.0,5.0,5.0
21960,2.8579187393188477,572,5.0,5.0,5.0
21970,2.8599188327789307,572,5.0,5.0,5.0
21975,2.8599188327789307,572,14.0,5.0,5.0
21980,2.8609185218811035,572,5.734400000000001,5.0,5.0
21990,2.8619184494018555,572,5.0,5.0,5.0
22000,2.8629183769226074,572,5.0,5.0,5.0
22010,2.8639187812805176,572,5.0,5.0,5.0
22020,2.8649187088012695,572,5.0,5.0,5.0
22030,2.865922689437866,572,5.0,5.0,5.0
22040,2.867922782897949,572,5.0,5.0,5.0
22050,2.868922710418701,572,5.0,5.0,5.0
22059,2.8699233531951904,572,14.0,5.0,5.0
22060,2.8699233531951904,572,14.0,5.0,5.0
22070,2.870922803878784,572,5.0,5.0,5.0
22080,2.872922658920288,572,5.0,5.0,5.0
22090,2.872922658920288,572,5.0,5.0,5.0
22100,2.874922752380371,572,5.0,5.0,5.0
22110,2.875922679901123,572,5.0,5.0,5.0
22120,2.876922607421875,572,5.0,5.0,5.0
22129,2.877922534942627,572,14.0,5.0,5.0
22130,2.877922534942627,572,14.0,5.0,5.0
22140,2.878922462463379,572,5.0,5.0,5.0
22143,2.879922866821289,572,14.0,5.0,5.0
22150,2.8804264068603516,572,5.0,5.0,5.0
22160,2.8814306259155273,572,5.0,5.0,5.0
22170,2.8824305534362793,572,5.0,5.0,5.0
22180,2.8834304809570312,572,5.0,5.0,5.0
22190,2.8850390911102295,572,5.0,5.0,5.0
22200,2.886087656021118,572,5.0,5.0,5.0
22210,2.887056827545166,572,5.0,5.0,5.0
22220,2.8880844116210938,572,5.0,5.0,5.0
22230,2.889115810394287,572,5.0,5.0,5.0
22240,2.890087366104126,572,5.0,5.0,5.0
22250,2.891049861907959,572,5.0,5.0,5.0
22260,2.893087863922119,572,5.0,5.0,5.0
22270,2.894090175628662,572,5.0,5.0,5.0
22280,2.8960518836975098,572,5.0,5.0,5.0
22290,2.897082567214966,572,5.0,5.0,5.0
22291,2.897082567214966,572,14.0,5.0,5.0
22300,2.8980839252471924,572,5.0,5.0,5.0
22310,2.8990514278411865,572,5.0,5.0,5.0
22318,2.901089668273926,572,14.0,5.0,5.0
22320,2.901089668273926,572,11.200000000000001,5.0,5.0
22330,2.902074098587036,572,5.0,5.0,5.0
22340,2.903047800064087,572,5.0,5.0,5.0
22350,2.9045162200927734,572,5.0,5.0,5.0
22360,2.905529260635376,572,5.0,5.0,5.0
22370,2.906567096710205,572,5.0,5.0,5.0
22380,2.9075286388397217,572,5.0,5.0,5.0
22390,2.90853214263916,572,5.0,5.0,5.0
22400,2.9095335006713867,572,5.0,5.0,5.0
22410,2.91058349609375,572,5.0,5.0,5.0
22420,2.912550687789917,572,5.0,5.0,5.0
22430,2.913592576980591,572,5.0,5.0,5.0
22440,2.9145667552948,572,5.0,5.0,5.0
22450,2.9156477451324463,572,5.0,5.0,5.0
22460,2.9170312881469727,572,5.0,5.0,5.0
22470,2.91825008392334,572,5.0,5.0,5.0
22480,2.9192111492156982,572,5.0,5.0,5.0
22490,2.9201760292053223,572,5.0,5.0,5.0
22500,2.9212112426757812,572,5.0,5.0,5.0
22510,2.9232327938079834,572,5.0,5.0,5.0
22520,2.924257516860962,572,5.0,5.0,5.0
22530,2.925262212753296,572,5.0,5.0,5.0
22540,2.9262654781341553,572,5.0,5.0,5.0
22550,2.927190065383911,572,5.0,5.0,5.0
22560,2.929222345352173,572,5.0,5.0,5.0
22565,2.929222345352173,572,14.0,5.0,5.0
22570,2.930253505706787,572,8.96,5.0,5.0
22580,2.9307591915130615,572,5.0,5.0,5.0
22590,2.9327688217163086,572,5.0,5.0,5.0
22600,2.934767007827759,572,5.0,5.0,5.0
22610,2.9357669353485107,572,5.0,5.0,5.0
22620,2.9367644786834717,572,5.0,5.0,5.0
22630,2.9377641677856445,572,5.0,5.0,5.0
22640,2.9397637844085693,572,5.0,5.0,5.0
22650,2.9407637119293213,572,5.0,5.0,5.0
22660,2.9417638778686523,572,5.0,5.0,5.0
22669,2.9427640438079834,572,14.0,5.0,5.0
22670,2.9427640438079834,572,11.200000000000001,5.0,5.0
22680,2.9437639713287354,572,5.0,5.0,5.0
22690,2.9447638988494873,572,5.0,5.0,5.0
22700,2.9457640647888184,572,5.0,5.0,5.0
22710,2.9477648735046387,572,5.0,5.0,5.0
22720,2.9498679637908936,572,5.0,5.0,5.0
22730,2.9507713317871094,572,5.0,5.0,5.0
22740,2.9528043270111084,572,5.0,5.0,5.0
22750,2.9538450241088867,572,5.0,5.0,5.0
22760,2.954806089401245,572,5.0,5.0,5.0
22761,2.954806089401245,572,14.0,5.0,5.0
22770,2.9557809829711914,572,5.0,5.0,5.0
22775,2.9557809829711914,572,14.0,5.0,5.0
22780,2.9568021297454834,572,5.734400000000001,5.0,5.0
22790,2.9577713012695312,572,5.0,5.0,5.0
22800,2.9588046073913574,572,5.0,5.0,5.0
22810,2.9597713947296143,572,5.0,5.0,5.0
22820,2.961838722229004,572,5.0,5.0,5.0
22830,2.9627861976623535,572,5.0,5.0,5.0
22840,2.9642772674560547,572,5.0,5.0,5.0
22850,2.965348482131958,572,5.0,5.0,5.0
22860,2.9663240909576416,572,5.0,5.0,5.0
22870,2.9673616886138916,572,5.0,5.0,5.0
22880,2.9682884216308594,572,5.0,5.0,5.0
22890,2.9693245887756348,572,5.0,5.0,5.0
22900,2.971313714981079,572,5.0,5.0,5.0
22910,2.9722883701324463,572,5.0,5.0,5.0
22920,2.9733381271362305,572,5.0,5.0,5.0
22930,2.9743759632110596,572,5.0,5.0,5.0
22940,2.9753055572509766,572,5.0,5.0,5.0
22950,2.977330207824707,572,5.0,5.0,5.0
22960,2.9783668518066406,572,5.0,5.0,5.0
22970,2.9793078899383545,572,5.0,5.0,5.0
22980,2.9803273677825928,572,5.0,5.0,5.0
22990,2.981290578842163,572,5.0,5.0,5.0
23000,2.982327461242676,572,5.0,5.0,5.0
23010,2.9832890033721924,572,5.0,5.0,5.0
23020,2.9843366146087646,572,5.0,5.0,5.0
23030,2.985325813293457,572,5.0,5.0,5.0
23040,2.9873669147491455,572,5.0,5.0,5.0
23050,2.988326072692871,572,5.0,5.0,5.0
23060,2.9892890453338623,572,5.0,5.0,5.0
23070,2.990312337875366,572,5.0,5.0,5.0
23080,2.991326093673706,572,5.0,5.0,5.0
23090,2.992288827896118,572,5.0,5.0,5.0
23100,2.9943253993988037,572,5.0,5.0,5.0
23110,2.9953246116638184,572,5.0,5.0,5.0
23120,2.996328592300415,572,5.0,5.0,5.0
23130,2.997328042984009,572,5.0,5.0,5.0
23140,2.998291254043579,572,5.0,5.0,5.0
23150,2.9992880821228027,572,5.0,5.0,5.0
23160,3.0012917518615723,572,5.0,5.0,5.0
23170,3.0023515224456787,572,5.0,5.0,5.0
23180,3.004288911819458,572,5.0,5.0,5.0
23190,3.005337953567505,572,5.0,5.0,5.0
23200,3.006326198577881,572,5.0,5.0,5.0
23210,3.007289409637451,572,5.0,5.0,5.0
23220,3.0082900524139404,572,5.0,5.0,5.0
23230,3.009317636489868,572,5.0,5.0,5.0
23240,3.011357069015503,572,5.0,5.0,5.0
23250,3.0122883319854736,572,5.0,5.0,5.0
23260,3.0142881870269775,572,5.0,5.0,5.0
23270,3.0142881870269775,572,5.0,5.0,5.0
23280,3.0162885189056396,572,5.0,5.0,5.0
23290,3.017289638519287,572,5.0,5.0,5.0
23300,3.0183260440826416,572,5.0,5.0,5.0
23310,3.0193235874176025,572,5.0,5.0,5.0
23320,3.0202887058258057,572,5.0,5.0,5.0
23330,3.022324562072754,572,5.0,5.0,5.0
23340,3.0232882499694824,572,5.0,5.0,5.0
23350,3.024291753768921,572,5.0,5.0,5.0
23360,3.025292158126831,572,5.0,5.0,5.0
23370,3.0263140201568604,572,5.0,5.0,5.0
23380,3.027350902557373,572,5.0,5.0,5.0
23387,3.0283262729644775,572,14.0,5.0,5.0
23390,3.029294967651367,572,11.200000000000001,5.0,5.0
23400,3.030324935913086,572,5.0,5.0,5.0
23410,3.0312888622283936,572,5.0,5.0,5.0
23420,3.0323352813720703,572,5.0,5.0,5.0
23430,3.033327341079712,572,5.0,5.0,5.0
23440,3.034332036972046,572,5.0,5.0,5.0
23450,3.0362887382507324,572,5.0,5.0,5.0
23460,3.037334442138672,572,5.0,5.0,5.0
23470,3.0382888317108154,572,5.0,5.0,5.0
23480,3.0393309593200684,572,5.0,5.0,5.0
23490,3.040367364883423,572,5.0,5.0,5.0
23500,3.0412890911102295,572,5.0,5.0,5.0
23510,3.042290449142456,572,5.0,5.0,5.0
23520,3.0443246364593506,572,5.0,5.0,5.0
23530,3.0453286170959473,572,5.0,5.0,5.0
23540,3.046365261077881,572,5.0,5.0,5.0
23550,3.0483198165893555,572,5.0,5.0,5.0
23560,3.0493252277374268,572,5.0,5.0,5.0
23570,3.0503249168395996,572,5.0,5.0,5.0
23580,3.0512897968292236,572,5.0,5.0,5.0
23590,3.0523133277893066,572,5.0,5.0,5.0
23600,3.053325891494751,572,5.0,5.0,5.0
23610,3.054288625717163,572,5.0,5.0,5.0
23620,3.0563769340515137,572,5.0,5.0,5.0
23630,3.0573792457580566,572,5.0,5.0,5.0
23637,3.058289051055908,572,14.0,5.0,5.0
23640,3.058289051055908,572,11.200000000000001,5.0,5.0
23650,3.05930495262146,572,5.0,5.0,5.0
23660,3.0612943172454834,572,5.0,5.0,5.0
23670,3.0612943172454834,572,5.0,5.0,5.0
23680,3.063326120376587,572,5.0,5.0,5.0
23690,3.064330577850342,572,5.0,5.0,5.0
23700,3.065288782119751,572,5.0,5.0,5.0
23710,3.066324234008789,572,5.0,5.0,5.0
23720,3.067288875579834,572,5.0,5.0,5.0
23730,3.068289041519165,572,5.0,5.0,5.0
23740,3.070335865020752,572,5.0,5.0,5.0
23750,3.071293592453003,572,5.0,5.0,5.0
23760,3.0723249912261963,572,5.0,5.0,5.0
23770,3.0732877254486084,572,5.0,5.0,5.0
23780,3.0752878189086914,572,5.0,5.0,5.0
23790,3.0762939453125,572,5.0,5.0,5.0
23800,3.077329158782959,572,5.0,5.0,5.0
23810,3.078289031982422,572,5.0,5.0,5.0
23820,3.0793159008026123,572,5.0,5.0,5.0
23830,3.081289052963257,572,5.0,5.0,5.0
23840,3.082326889038086,572,5.0,5.0,5.0
23850,3.083359718322754,572,5.0,5.0,5.0
23860,3.0853538513183594,572,5.0,5.0,5.0
23870,3.0862972736358643,572,5.0,5.0,5.0
23873,3.0873241424560547,572,14.0,5.0,5.0
23880,3.0873241424560547,572,7.168000000000001,5.0,5.0
23890,3.088324546813965,572,5.0,5.0,5.0
23900,3.090299129486084,572,14.0,5.0,5.0
23910,3.091287612915039,572,7.168000000000001,5.0,5.0
23917,3.0922904014587402,572,14.587520000000001,5.0,5.0
23920,3.0922904014587402,572,11.670016000000002,5.0,5.0
23921,3.0922904014587402,572,19.336012800000002,5.0,5.0
23930,3.093339204788208,572,5.068819739443203,5.0,5.0
23940,3.0952887535095215,572,5.0,5.0,5.0
23950,3.0962891578674316,572,5.0,5.0,5.0
23960,3.0973258018493652,572,5.0,5.0,5.0
23970,3.0983269214630127,572,5.0,5.0,5.0
23980,3.100330114364624,572,5.0,5.0,5.0
23990,3.101339817047119,572,5.0,5.0,5.0
24000,3.102367401123047,572,5.0,5.0,5.0
24010,3.1033260822296143,572,5.0,5.0,5.0
24020,3.1042957305908203,572,5.0,5.0,5.0
24030,3.1053450107574463,572,5.0,5.0,5.0
24040,3.106288194656372,572,5.0,5.0,5.0
24050,3.1082897186279297,572,5.0,5.0,5.0
24058,3.1092889308929443,572,14.0,5.0,5.0
24060,3.1092889308929443,572,11.200000000000001,5.0,5.0
24070,3.1102938652038574,572,7.168000000000001,5.0,5.0
24080,3.111325263977051,572,5.0,5.0,5.0
24090,3.1123251914978027,572,5.0,5.0,5.0
24100,3.114323854446411,572,5.0,5.0,5.0
24110,3.115288496017456,572,5.0,5.0,5.0
24120,3.116323947906494,572,5.0,5.0,5.0
24126,3.116323947906494,572,14.0,5.0,5.0
24130,3.1172847747802734,572,11.200000000000001,5.0,5.0
24134,3.1172847747802734,572,15.7344,5.0,5.0
24140,3.1183958053588867,572,10.070016000000003,5.0,5.0
24150,3.1194393634796143,572,5.155848192000002,5.0,5.0
24153,3.1194393634796143,572,14.0,5.0,5.0
24160,3.120413303375244,572,5.734400000000001,5.0,5.0
24170,3.122407913208008,572,5.734400000000001,5.0,5.0
24180,3.12343168258667,572,5.0,5.0,5.0
24190,3.124405860900879,572,5.0,5.0,5.0
24200,3.1254079341888428,572,5.0,5.0,5.0
24210,3.1264097690582275,572,5.0,5.0,5.0
24220,3.128405809402466,572,5.0,5.0,5.0
24230,3.129434823989868,572,5.0,5.0,5.0
24240,3.1304056644439697,572,5.0,5.0,5.0
24250,3.1324076652526855,572,5.0,5.0,5.0
24254,3.1324076652526855,572,14.0,5.0,5.0
24260,3.1334333419799805,572,5.734400000000001,5.0,5.0
24270,3.1344053745269775,572,5.0,5.0,5.0
24280,3.1354422569274902,572,5.0,5.0,5.0
24290,3.136474370956421,572,5.0,5.0,5.0
24300,3.1374881267547607,572,5.0,5.0,5.0
24310,3.1384201049804688,572,5.0,5.0,5.0
24320,3.1394057273864746,572,5.0,5.0,5.0
24330,3.1404409408569336,572,5.0,5.0,5.0
24340,3.1414074897766113,572,5.0,5.0,5.0
24350,3.1434433460235596,572,5.0,5.0,5.0
24360,3.1444432735443115,572,5.0,5.0,5.0
24370,3.1454055309295654,572,5.0,5.0,5.0
24380,3.14644455909729,572,5.0,5.0,5.0
24390,3.1474738121032715,572,5.0,5.0,5.0
24398,3.1484923362731934,572,14.0,5.0,5.0
24400,3.1484923362731934,572,11.200000000000001,5.0,5.0
24410,3.1504809856414795,572,5.734400000000001,5.0,5.0
24418,3.1504809856414795,572,14.0,5.0,5.0
24420,3.1514170169830322,572,8.96,5.0,5.0
24430,3.1524670124053955,572,5.734400000000001,5.0,5.0
24440,3.1534881591796875,572,5.0,5.0,5.0
24450,3.1544454097747803,572,5.0,5.0,5.0
24460,3.1554791927337646,572,5.0,5.0,5.0
24470,3.156491756439209,572,5.0,5.0,5.0
24480,3.1584479808807373,572,5.0,5.0,5.0
24490,3.1594455242156982,572,5.0,5.0,5.0
24500,3.160412311553955,572,5.0,5.0,5.0
24510,3.16146183013916,572,5.0,5.0,5.0
24520,3.162487745285034,572,5.0,5.0,5.0
24530,3.1634914875030518,572,5.0,5.0,5.0
24540,3.1644203662872314,572,5.0,5.0,5.0
24550,3.1654415130615234,572,5.0,5.0,5.0
24560,3.1664724349975586,572,5.0,5.0,5.0
24570,3.1674060821533203,572,5.0,5.0,5.0
24580,3.169405937194824,572,5.0,5.0,5.0
24590,3.170424222946167,572,5.0,5.0,5.0
24600,3.1714067459106445,572,5.0,5.0,5.0
24610,3.1714067459106445,572,5.0,5.0,5.0
24620,3.1734061241149902,572,5.0,5.0,5.0
24630,3.1744518280029297,572,5.0,5.0,5.0
24640,3.1754064559936523,572,5.0,5.0,5.0
24650,3.176424741744995,572,5.0,5.0,5.0
24660,3.177440643310547,572,5.0,5.0,5.0
24670,3.178447961807251,572,5.0,5.0,5.0
24680,3.1794872283935547,572,5.0,5.0,5.0
24690,3.1804423332214355,572,5.0,5.0,5.0
24700,3.181405782699585,572,5.0,5.0,5.0
24710,3.183415651321411,572,5.0,5.0,5.0
24720,3.1844449043273926,572,5.0,5.0,5.0
24730,3.185405969619751,572,5.0,5.0,5.0
24740,3.1864049434661865,572,5.0,5.0,5.0
24750,3.187445640563965,572,5.0,5.0,5.0
24758,3.1884450912475586,572,14.0,5.0,5.0
24760,3.189415216445923,572,11.200000000000001,5.0,5.0
24763,3.189415216445923,572,17.168,5.0,5.0
24770,3.190459966659546,572,10.987520000000002,5.0,5.0
24780,3.1914901733398438,572,7.032012800000001,5.0,5.0
24790,3.1924424171447754,572,5.0,5.0,5.0
24800,3.193406343460083,572,5.0,5.0,5.0
24810,3.194444179534912,572,5.0,5.0,5.0
24820,3.1954762935638428,572,5.0,5.0,5.0
24830,3.197441577911377,572,5.0,5.0,5.0
24840,3.198406219482422,572,5.0,5.0,5.0
24850,3.1994073390960693,572,5.0,5.0,5.0
24860,3.2004425525665283,572,5.0,5.0,5.0
24870,3.2014477252960205,572,5.0,5.0,5.0
24880,3.202404260635376,572,5.0,5.0,5.0
24890,3.2034010887145996,572,5.0,5.0,5.0
24900,3.2044003009796143,572,5.0,5.0,5.0
24905,3.2054004669189453,572,14.0,5.0,5.0
24910,3.2054004669189453,572,5.734400000000001,5.0,5.0
24920,3.2064003944396973,572,5.0,5.0,5.0
24930,3.2084004878997803,572,5.0,5.0,5.0
24940,3.209400177001953,572,5.0,5.0,5.0
24947,3.209400177001953,572,14.0,5.0,5.0
24950,3.210400342941284,572,11.200000000000001,5.0,5.0
24960,3.211400270462036,572,5.734400000000001,5.0,5.0
24970,3.212400197982788,572,5.0,5.0,5.0
24980,3.21340012550354,572,5.0,5.0,5.0
24990,3.214400291442871,572,5.0,5.0,5.0
25000,3.215399980545044,572,5.0,5.0,5.0
25008,3.217400074005127,572,14.0,5.0,5.0
25010,3.217400074005127,572,11.200000000000001,5.0,5.0
25020,3.2184011936187744,572,5.0,5.0,5.0
25030,3.219400644302368,572,5.0,5.0,5.0
25040,3.22040057182312,572,5.0,5.0,5.0
25050,3.222400426864624,572,5.0,5.0,5.0
25060,3.223400115966797,572,5.0,5.0,5.0
25070,3.224400281906128,572,5.0,5.0,5.0
25080,3.225400447845459,572,5.0,5.0,5.0
25090,3.226400375366211,572,5.0,5.0,5.0
25100,3.227400064468384,572,5.0,5.0,5.0
25110,3.228400230407715,572,5.0,5.0,5.0
25120,3.229400157928467,572,5.0,5.0,5.0
25130,3.2304821014404297,572,5.0,5.0,5.0
25140,3.2324838638305664,572,5.0,5.0,5.0
25150,3.233492136001587,572,5.0,5.0,5.0
25160,3.234424352645874,572,5.0,5.0,5.0
25170,3.2354369163513184,572,5.0,5.0,5.0
25180,3.2374324798583984,572,5.0,5.0,5.0
25190,3.2384445667266846,572,5.0,5.0,5.0
25200,3.239406108856201,572,5.0,5.0,5.0
25210,3.2404112815856934,572,5.0,5.0,5.0
25220,3.2414357662200928,572,5.0,5.0,5.0
25230,3.242406129837036,572,5.0,5.0,5.0
25240,3.2434592247009277,572,5.0,5.0,5.0
25250,3.2454781532287598,572,5.0,5.0,5.0
25260,3.246445417404175,572,5.0,5.0,5.0
25270,3.247406244277954,572,5.0,5.0,5.0
25280,3.248443126678467,572,5.0,5.0,5.0
25290,3.24947452545166,572,5.0,5.0,5.0
25300,3.2504451274871826,572,5.0,5.0,5.0
25310,3.2524454593658447,572,5.0,5.0,5.0
25320,3.253406047821045,572,5.0,5.0,5.0
25330,3.254429578781128,572,5.0,5.0,5.0
25340,3.255405902862549,572,5.0,5.0,5.0
25350,3.2564589977264404,572,5.0,5.0,5.0
25360,3.2574424743652344,572,5.0,5.0,5.0
25370,3.2584102153778076,572,5.0,5.0,5.0
25380,3.2594454288482666,572,5.0,5.0,5.0
25390,3.2615013122558594,572,5.0,5.0,5.0
25400,3.262450933456421,572,5.0,5.0,5.0
25410,3.2634189128875732,572,5.0,5.0,5.0
25420,3.264463424682617,572,5.0,5.0,5.0
25424,3.264463424682617,572,14.0,5.0,5.0
25430,3.2654433250427246,572,7.168000000000001,5.0,5.0
25440,3.2674057483673096,572,5.0,5.0,5.0
25450,3.2684485912323,572,5.0,5.0,5.0
25455,3.2684485912323,572,14.0,5.0,5.0
25460,3.269420862197876,572,5.734400000000001,5.0,5.0
25470,3.2704646587371826,572,5.0,5.0,5.0
25480,3.2714059352874756,572,5.0,5.0,5.0
25490,3.2724404335021973,572,5.0,5.0,5.0
25500,3.2734057903289795,572,5.0,5.0,5.0
25510,3.2754852771759033,572,5.0,5.0,5.0
25520,3.276442527770996,572,5.0,5.0,5.0
25530,3.277442216873169,572,5.0,5.0,5.0
25540,3.2784056663513184,572,5.0,5.0,5.0
25550,3.279407501220703,572,5.0,5.0,5.0
25556,3.2804336547851562,572,14.0,5.0,5.0
25560,3.2804336547851562,572,7.168000000000001,5.0,5.0
25570,3.2824079990386963,572,5.0,5.0,5.0
25580,3.283442974090576,572,5.0,5.0,5.0
25590,3.284410238265991,572,5.0,5.0,5.0
25592,3.284410238265991,572,14.0,5.0,5.0
25600,3.2864413261413574,572,5.734400000000001,5.0,5.0
25610,3.287411689758301,572,5.0,5.0,5.0
25620,3.2884633541107178,572,5.0,5.0,5.0
25630,3.289489507675171,572,5.0,5.0,5.0
25640,3.2904059886932373,572,5.0,5.0,5.0
25650,3.2914419174194336,572,5.0,5.0,5.0
25660,3.2934446334838867,572,5.0,5.0,5.0
25670,3.2944061756134033,572,5.0,5.0,5.0
25680,3.2954323291778564,572,5.0,5.0,5.0
25690,3.2964704036712646,572,5.0,5.0,5.0
25700,3.2974188327789307,572,5.0,5.0,5.0
25710,3.298442840576172,572,5.0,5.0,5.0
25720,3.2994918823242188,572,5.0,5.0,5.0
25730,3.3014092445373535,572,5.0,5.0,5.0
25740,3.302440643310547,572,5.0,5.0,5.0
25750,3.303407907485962,572,5.0,5.0,5.0
25760,3.304441452026367,572,5.0,5.0,5.0
25770,3.305466651916504,572,5.0,5.0,5.0
25780,3.307440757751465,572,5.0,5.0,5.0
25790,3.308408737182617,572,5.0,5.0,5.0
25800,3.3094418048858643,572,5.0,5.0,5.0
25810,3.3104407787323,572,5.0,5.0,5.0
25820,3.3114047050476074,572,5.0,5.0,5.0
25830,3.3124032020568848,572,5.0,5.0,5.0
25840,3.313441038131714,572,5.0,5.0,5.0
25850,3.3154990673065186,572,5.0,5.0,5.0
25860,3.3164403438568115,572,5.0,5.0,5.0
25870,3.317481756210327,572,5.0,5.0,5.0
25880,3.319403648376465,572,5.0,5.0,5.0
25890,3.320603132247925,572,5.0,5.0,5.0
25900,3.321612596511841,572,5.0,5.0,5.0
25910,3.3226356506347656,572,5.0,5.0,5.0
25920,3.323612928390503,572,5.0,5.0,5.0
25930,3.3246512413024902,572,5.0,5.0,5.0
25940,3.326625108718872,572,5.0,5.0,5.0
25950,3.3276126384735107,572,5.0,5.0,5.0
25960,3.328651189804077,572,5.0,5.0,5.0
25970,3.330613136291504,572,5.0,5.0,5.0
25980,3.330613136291504,572,5.0,5.0,5.0
25990,3.3316149711608887,572,5.0,5.0,5.0
26000,3.3326501846313477,572,5.0,5.0,5.0
26010,3.3336129188537598,572,5.0,5.0,5.0
26020,3.3356783390045166,572,5.0,5.0,5.0
26030,3.3366482257843018,572,5.0,5.0,5.0
26040,3.3376147747039795,572,5.0,5.0,5.0
26050,3.3386735916137695,572,5.0,5.0,5.0
26060,3.340662956237793,572,5.0,5.0,5.0
26070,3.3416218757629395,572,5.0,5.0,5.0
26072,3.3416218757629395,572,14.0,5.0,5.0
26080,3.342676877975464,572,5.0,5.0,5.0
26090,3.3436241149902344,572,5.0,5.0,5.0
26100,3.3446128368377686,572,5.0,5.0,5.0
26110,3.3456616401672363,572,5.0,5.0,5.0
26120,3.3466548919677734,572,5.0,5.0,5.0
26130,3.347613573074341,572,5.0,5.0,5.0
26140,3.348649024963379,572,5.0,5.0,5.0
26150,3.3506433963775635,572,5.0,5.0,5.0
26160,3.3516154289245605,572,5.0,5.0,5.0
26170,3.3526511192321777,572,5.0,5.0,5.0
26180,3.3536219596862793,572,5.0,5.0,5.0
26190,3.3546712398529053,572,5.0,5.0,5.0
26200,3.3556134700775146,572,5.0,5.0,5.0
26210,3.3566131591796875,572,5.0,5.0,5.0
26220,3.358699321746826,572,5.0,5.0,5.0
26230,3.3596317768096924,572,5.0,5.0,5.0
26240,3.3606128692626953,572,5.0,5.0,5.0
26250,3.361658811569214,572,5.0,5.0,5.0
26260,3.3626484870910645,572,5.0,5.0,5.0
26270,3.3646132946014404,572,5.0,5.0,5.0
26280,3.365647792816162,572,5.0,5.0,5.0
26290,3.366616725921631,572,5.0,5.0,5.0
26300,3.3676726818084717,572,5.0,5.0,5.0
26310,3.3696579933166504,572,5.0,5.0,5.0
26320,3.3706130981445312,572,5.0,5.0,5.0
26330,3.3716554641723633,572,5.0,5.0,5.0
26340,3.372622013092041,572,5.0,5.0,5.0
26350,3.3736472129821777,572,5.0,5.0,5.0
26360,3.3756215572357178,572,5.0,5.0,5.0
26370,3.376613140106201,572,5.0,5.0,5.0
26380,3.378607988357544,572,5.0,5.0,5.0
26390,3.379607677459717,572,5.0,5.0,5.0
26400,3.380607843399048,572,5.0,5.0,5.0
26410,3.3816075325012207,572,5.0,5.0,5.0
26420,3.383612871170044,572,5.0,5.0,5.0
26430,3.3846182823181152,572,5.0,5.0,5.0
26440,3.385664939880371,572,5.0,5.0,5.0
26450,3.3866522312164307,572,5.0,5.0,5.0
26460,3.3876893520355225,572,5.0,5.0,5.0
26470,3.388655185699463,572,5.0,5.0,5.0
26476,3.389613628387451,572,14.0,5.0,5.0
26480,3.389613628387451,572,8.96,5.0,5.0
26484,3.390624761581421,572,15.7344,5.0,5.0
26490,3.390624761581421,572,6.4448102400000025,5.0,5.0
26500,3.3916501998901367,572,5.0,5.0,5.0
26510,3.3926193714141846,572,5.0,5.0,5.0
26520,3.3946967124938965,572,5.0,5.0,5.0
26530,3.3957035541534424,572,5.0,5.0,5.0
26540,3.396655559539795,572,5.0,5.0,5.0
26550,3.3976123332977295,572,5.0,5.0,5.0
26560,3.3996081352233887,572,5.0,5.0,5.0
26570,3.4006078243255615,572,5.0,5.0,5.0
26580,3.4016079902648926,572,5.0,5.0,5.0
26590,3.4026076793670654,572,5.0,5.0,5.0
26600,3.4036076068878174,572,5.0,5.0,5.0
26610,3.4046084880828857,572,5.0,5.0,5.0
26620,3.4066076278686523,572,5.0,5.0,5.0
26630,3.4076075553894043,572,5.0,5.0,5.0
26640,3.4086077213287354,572,5.0,5.0,5.0
26650,3.40964937210083,572,5.0,5.0,5.0
26660,3.411648988723755,572,5.0,5.0,5.0
26670,3.4126133918762207,572,5.0,5.0,5.0
26680,3.4136643409729004,572,5.0,5.0,5.0
26690,3.4146223068237305,572,5.0,5.0,5.0
26700,3.4156124591827393,572,5.0,5.0,5.0
26710,3.417649269104004,572,5.0,5.0,5.0
26720,3.418652057647705,572,5.0,5.0,5.0
26730,3.4196903705596924,572,5.0,5.0,5.0
26740,3.420630931854248,572,5.0,5.0,5.0
26750,3.4216511249542236,572,5.0,5.0,5.0
26760,3.4226136207580566,572,5.0,5.0,5.0
26770,3.4236631393432617,572,5.0,5.0,5.0
26780,3.4246232509613037,572,5.0,5.0,5.0
26790,3.4266083240509033,572,5.0,5.0,5.0
26800,3.4276082515716553,572,5.0,5.0,5.0
26810,3.428607940673828,572,5.0,5.0,5.0
26820,3.430607795715332,572,5.0,5.0,5.0
26830,3.431608200073242,572,5.0,5.0,5.0
26840,3.432607889175415,572,5.0,5.0,5.0
26850,3.434607982635498,572,5.0,5.0,5.0
26860,3.435608148574829,572,5.0,5.0,5.0
26870,3.43660831451416,572,5.0,5.0,5.0
26880,3.4386086463928223,572,5.0,5.0,5.0
26890,3.440609931945801,572,5.0,5.0,5.0
26900,3.442702054977417,572,5.0,5.0,5.0
26910,3.4447033405303955,572,5.0,5.0,5.0
26920,3.4456162452697754,572,5.0,5.0,5.0
26930,3.4476499557495117,572,5.0,5.0,5.0
26940,3.4497060775756836,572,5.0,5.0,5.0
26950,3.450706958770752,572,5.0,5.0,5.0
26960,3.4526491165161133,572,5.0,5.0,5.0
26970,3.4536499977111816,572,5.0,5.0,5.0
26980,3.4546165466308594,572,5.0,5.0,5.0
26990,3.4556705951690674,572,5.0,5.0,5.0
27000,3.456613779067993,572,5.0,5.0,5.0
27010,3.457632303237915,572,5.0,5.0,5.0
27020,3.4586198329925537,572,5.0,5.0,5.0
27030,3.4606130123138428,572,5.0,5.0,5.0
27040,3.461613178253174,572,5.0,5.0,5.0
27050,3.462644100189209,572,5.0,5.0,5.0
27060,3.4636130332946777,572,5.0,5.0,5.0
27070,3.4646353721618652,572,5.0,5.0,5.0
27080,3.46661376953125,572,5.0,5.0,5.0
27085,3.46661376953125,572,14.0,5.0,5.0
27090,3.4676547050476074,572,5.734400000000001,5.0,5.0
27100,3.468657970428467,572,5.0,5.0,5.0
27110,3.4696133136749268,572,5.0,5.0,5.0
27120,3.4706978797912598,572,5.0,5.0,5.0
27130,3.471613883972168,572,5.0,5.0,5.0
27140,3.473613977432251,572,5.0,5.0,5.0
27150,3.474637985229492,572,5.0,5.0,5.0
27160,3.4756479263305664,572,5.0,5.0,5.0
27170,3.4766132831573486,572,5.0,5.0,5.0
27180,3.477648973464966,572,5.0,5.0,5.0
27190,3.478658676147461,572,5.0,5.0,5.0
27199,3.480698347091675,572,14.0,5.0,5.0
27200,3.480698347091675,572,11.200000000000001,5.0,5.0
27210,3.4816133975982666,572,5.734400000000001,5.0,5.0
27220,3.4826314449310303,572,5.0,5.0,5.0
27230,3.4836127758026123,572,5.0,5.0,5.0
27240,3.484635829925537,572,5.0,5.0,5.0
27250,3.4856135845184326,572,5.0,5.0,5.0
27260,3.487657070159912,572,5.0,5.0,5.0
27270,3.4886136054992676,572,5.0,5.0,5.0
27280,3.489609479904175,572,5.0,5.0,5.0
27290,3.491607427597046,572,5.0,5.0,5.0
27300,3.492607593536377,572,5.0,5.0,5.0
27310,3.493607521057129,572,5.0,5.0,5.0
27320,3.495607376098633,572,5.0,5.0,5.0
27330,3.496607542037964,572,5.0,5.0,5.0
27340,3.4976072311401367,572,5.0,5.0,5.0
27350,3.4996073246002197,572,5.0,5.0,5.0
27360,3.5006072521209717,572,5.0,5.0,5.0
27362,3.5006072521209717,572,14.0,5.0,5.0
27370,3.5016071796417236,572,5.734400000000001,5.0,5.0
27380,3.5026073455810547,572,5.0,5.0,5.0
27390,3.5036072731018066,572,5.0,5.0,5.0
27400,3.5056076049804688,572,5.0,5.0,5.0
27410,3.506608724594116,572,5.0,5.0,5.0
27420,3.5076076984405518,572,5.0,5.0,5.0
27430,3.5086076259613037,572,5.0,5.0,5.0
27440,3.5096075534820557,572,5.0,5.0,5.0
27450,3.5106074810028076,572,5.0,5.0,5.0
27460,3.5116071701049805,572,5.0,5.0,5.0
27470,3.5126078128814697,572,5.0,5.0,5.0
27480,3.5136075019836426,572,5.0,5.0,5.0
27490,3.5146074295043945,572,5.0,5.0,5.0
27500,3.5156073570251465,572,5.0,5.0,5.0
27510,3.516608476638794,572,5.0,5.0,5.0
27520,3.518609046936035,572,5.0,5.0,5.0
27530,3.5196077823638916,572,5.0,5.0,5.0
27540,3.5206074714660645,572,5.0,5.0,5.0
27550,3.521744966506958,572,5.0,5.0,5.0
27560,3.52375864982605,572,5.0,5.0,5.0
27570,3.5248093605041504,572,5.0,5.0,5.0
27580,3.5257697105407715,572,5.0,5.0,5.0
27590,3.5267930030822754,572,5.0,5.0,5.0
27600,3.5277578830718994,572,5.0,5.0,5.0
27610,3.5297958850860596,572,5.0,5.0,5.0
27620,3.530790328979492,572,5.0,5.0,5.0
27630,3.5317959785461426,572,5.0,5.0,5.0
27640,3.5327587127685547,572,5.0,5.0,5.0
27650,3.533813238143921,572,5.0,5.0,5.0
27660,3.5357956886291504,572,5.0,5.0,5.0
27661,3.5357956886291504,572,14.0,5.0,5.0
27670,3.536792516708374,572,5.0,5.0,5.0
27680,3.5377581119537354,572,5.0,5.0,5.0
27690,3.538818359375,572,5.0,5.0,5.0
27700,3.540797710418701,572,5.0,5.0,5.0
27705,3.540797710418701,572,14.0,5.0,5.0
27710,3.541762590408325,572,7.168000000000001,5.0,5.0
27720,3.542790651321411,572,5.0,5.0,5.0
27730,3.5437934398651123,572,5.0,5.0,5.0
27740,3.5447945594787598,572,5.0,5.0,5.0
27750,3.5458316802978516,572,5.0,5.0,5.0
27760,3.547779083251953,572,5.0,5.0,5.0
27770,3.548792600631714,572,5.0,5.0,5.0
27775,3.548792600631714,572,14.0,5.0,5.0
27780,3.549757957458496,572,5.734400000000001,5.0,5.0
27790,3.550792932510376,572,5.0,5.0,5.0
27800,3.551825523376465,572,5.0,5.0,5.0
27810,3.5527572631835938,572,5.0,5.0,5.0
27820,3.5537569522857666,572,5.0,5.0,5.0
27830,3.5547871589660645,572,5.0,5.0,5.0
27840,3.5558271408081055,572,5.0,5.0,5.0
27850,3.5567574501037598,572,5.0,5.0,5.0
27860,3.557806968688965,572,5.0,5.0,5.0
27870,3.5588362216949463,572,5.0,5.0,5.0
27880,3.5597572326660156,572,5.0,5.0,5.0
27890,3.5617573261260986,572,5.0,5.0,5.0
27900,3.5627779960632324,572,5.0,5.0,5.0
27910,3.5637946128845215,572,5.0,5.0,5.0
27920,3.5647945404052734,572,5.0,5.0,5.0
27930,3.565838098526001,572,5.0,5.0,5.0
27940,3.5667948722839355,572,14.0,5.0,5.0
27950,3.5677671432495117,572,5.734400000000001,5.0,5.0
27960,3.5687568187713623,572,5.0,5.0,5.0
27970,3.5697903633117676,572,5.0,5.0,5.0
27980,3.5707948207855225,572,5.0,5.0,5.0
27990,3.572758674621582,572,5.0,5.0,5.0
28000,3.5737931728363037,572,5.0,5.0,5.0
28002,3.5737931728363037,572,14.0,5.0,5.0
28010,3.5747570991516113,572,14.587520000000001,5.0,5.0
28020,3.5757927894592285,572,5.0,5.0,5.0
28030,3.5768330097198486,572,5.0,5.0,5.0
28040,3.5777955055236816,572,5.0,5.0,5.0
28050,3.5788002014160156,572,5.0,5.0,5.0
28060,3.5798492431640625,572,5.0,5.0,5.0
28070,3.5818023681640625,572,5.0,5.0,5.0
28080,3.5828373432159424,572,5.0,5.0,5.0
28090,3.583757162094116,572,5.0,5.0,5.0
28100,3.584812641143799,572,5.0,5.0,5.0
28110,3.585799217224121,572,5.0,5.0,5.0
28120,3.586829662322998,572,5.0,5.0,5.0
28130,3.587757110595703,572,5.0,5.0,5.0
28138,3.588805913925171,572,14.0,5.0,5.0
28140,3.588805913925171,572,11.200000000000001,5.0,5.0
28150,3.5897932052612305,572,5.734400000000001,5.0,5.0
28160,3.591757297515869,572,5.0,5.0,5.0
28170,3.592756986618042,572,5.0,5.0,5.0
28180,3.5938098430633545,572,5.0,5.0,5.0
28190,3.594757318496704,572,5.0,5.0,5.0
28200,3.595804452896118,572,5.0,5.0,5.0
28210,3.59775710105896,572,5.0,5.0,5.0
28220,3.5987601280212402,572,5.0,5.0,5.0
28230,3.599813222885132,572,5.0,5.0,5.0
28240,3.6008434295654297,572,5.0,5.0,5.0
28250,3.6017794609069824,572,5.0,5.0,5.0
28260,3.6037983894348145,572,5.0,5.0,5.0
28270,3.604757070541382,572,5.0,5.0,5.0
28280,3.60579252243042,572,5.0,5.0,5.0
28290,3.6067659854888916,572,5.0,5.0,5.0
28300,3.607757091522217,572,5.0,5.0,5.0
28310,3.6087915897369385,572,5.0,5.0,5.0
28317,3.6097571849823,572,14.0,5.0,5.0
28320,3.6097571849823,572,11.200000000000001,5.0,5.0
28330,3.6108133792877197,572,5.0,5.0,5.0
28340,3.6117939949035645,572,5.0,5.0,5.0
28350,3.6127679347991943,572,5.0,5.0,5.0
28360,3.613795518875122,572,5.0,5.0,5.0
28370,3.6158432960510254,572,5.0,5.0,5.0
28380,3.616769313812256,572,5.0,5.0,5.0
28390,3.6177992820739746,572,5.0,5.0,5.0
28400,3.618757486343384,572,5.0,5.0,5.0
28410,3.6197569370269775,572,5.0,5.0,5.0
28420,3.6207637786865234,572,5.0,5.0,5.0
28430,3.6218161582946777,572,5.0,5.0,5.0
28440,3.6237924098968506,572,5.0,5.0,5.0
28450,3.624798536300659,572,5.0,5.0,5.0
28460,3.625758647918701,572,5.0,5.0,5.0
28463,3.625758647918701,572,14.0,5.0,5.0
28470,3.6267971992492676,572,8.96,5.0,5.0
28480,3.6278045177459717,572,7.168000000000001,5.0,5.0
28490,3.6287992000579834,572,5.0,5.0,5.0
28500,3.6307904720306396,572,5.0,5.0,5.0
28510,3.6307904720306396,572,5.0,5.0,5.0
28520,3.6317577362060547,572,5.0,5.0,5.0
28530,3.632758617401123,572,5.0,5.0,5.0
28540,3.634795904159546,572,5.0,5.0,5.0
28550,3.6357576847076416,572,5.0,5.0,5.0
28560,3.6368134021759033,572,5.0,5.0,5.0
28570,3.6377575397491455,572,5.0,5.0,5.0
28580,3.638805627822876,572,5.0,5.0,5.0
28584,3.6397578716278076,572,14.0,5.0,5.0
28590,3.640779972076416,572,8.96,5.0,5.0
28600,3.641794204711914,572,5.0,5.0,5.0
28610,3.6427645683288574,572,5.0,5.0,5.0
28620,3.6437933444976807,572,5.0,5.0,5.0
28630,3.644761323928833,572,5.0,5.0,5.0
28640,3.645756959915161,572,5.0,5.0,5.0
28650,3.646763324737549,572,5.0,5.0,5.0
28660,3.6477649211883545,572,5.0,5.0,5.0
28664,3.6477649211883545,572,14.0,5.0,5.0
28670,3.648794651031494,572,8.96,5.0,5.0
28680,3.6497573852539062,572,5.0,5.0,5.0
28690,3.6508076190948486,572,5.0,5.0,5.0
28700,3.65280818939209,572,5.0,5.0,5.0
28710,3.6537649631500244,572,5.0,5.0,5.0
28720,3.654792547225952,572,5.0,5.0,5.0
28730,3.655817985534668,572,5.0,5.0,5.0
28740,3.6567654609680176,572,5.0,5.0,5.0
28750,3.657794713973999,572,5.0,5.0,5.0
28760,3.658757448196411,572,5.0,5.0,5.0
28770,3.659762144088745,572,5.0,5.0,5.0
28780,3.661756992340088,572,5.0,5.0,5.0
28790,3.6627800464630127,572,5.0,5.0,5.0
28800,3.663823366165161,572,5.0,5.0,5.0
28810,3.664795398712158,572,5.0,5.0,5.0
28820,3.6657679080963135,572,5.0,5.0,5.0
28830,3.6667909622192383,572,5.0,5.0,5.0
28840,3.6677587032318115,572,5.0,5.0,5.0
28850,3.669757604598999,572,5.0,5.0,5.0
28860,3.6707613468170166,572,5.0,5.0,5.0
28870,3.6717922687530518,572,5.0,5.0,5.0
28880,3.673771381378174,572,5.0,5.0,5.0
28890,3.6747894287109375,572,5.0,5.0,5.0
28900,3.675795078277588,572,5.0,5.0,5.0
28910,3.676754951477051,572,5.0,5.0,5.0
28920,3.67775297164917,572,5.0,5.0,5.0
28930,3.6797566413879395,572,5.0,5.0,5.0
28940,3.680265188217163,572,5.0,5.0,5.0
28950,3.682361364364624,572,5.0,5.0,5.0
28960,3.683311939239502,572,5.0,5.0,5.0
28970,3.6843528747558594,572,5.0,5.0,5.0
28980,3.685277223587036,572,5.0,5.0,5.0
28990,3.686328411102295,572,5.0,5.0,5.0
29000,3.687314987182617,572,5.0,5.0,5.0
29010,3.689276933670044,572,5.0,5.0,5.0
29020,3.69032621383667,572,5.0,5.0,5.0
29030,3.691288948059082,572,5.0,5.0,5.0
29040,3.6922767162323,572,5.0,5.0,5.0
29050,3.6932835578918457,572,5.0,5.0,5.0
29060,3.6943283081054688,572,5.0,5.0,5.0
29070,3.695312738418579,572,5.0,5.0,5.0
29080,3.6963508129119873,572,5.0,5.0,5.0
29087,3.697291135787964,572,14.0,5.0,5.0
29090,3.697291135787964,572,11.200000000000001,5.0,5.0
29100,3.699281930923462,572,5.734400000000001,5.0,5.0
29110,3.7003109455108643,572,5.0,5.0,5.0
29120,3.701313018798828,572,5.0,5.0,5.0
29123,3.701313018798828,572,14.0,5.0,5.0
29130,3.702277183532715,572,11.200000000000001,5.0,5.0
29140,3.70328426361084,572,5.734400000000001,5.0,5.0
29150,3.705277681350708,572,5.0,5.0,5.0
29160,3.70632004737854,572,5.0,5.0,5.0
29170,3.707277297973633,572,5.0,5.0,5.0
29180,3.708326578140259,572,5.0,5.0,5.0
29189,3.709320068359375,572,14.0,5.0,5.0
29190,3.709320068359375,572,14.0,5.0,5.0
29200,3.7103168964385986,572,5.0,5.0,5.0
29210,3.7112882137298584,572,5.0,5.0,5.0
29220,3.7133054733276367,572,5.0,5.0,5.0
29230,3.7143142223358154,572,5.0,5.0,5.0
29240,3.7152774333953857,572,5.0,5.0,5.0
29250,3.716323137283325,572,5.0,5.0,5.0
29260,3.7173149585723877,572,5.0,5.0,5.0
29270,3.7192776203155518,572,5.0,5.0,5.0
29280,3.7192776203155518,572,5.0,5.0,5.0
29290,3.7212748527526855,572,5.0,5.0,5.0
29300,3.7222769260406494,572,5.0,5.0,5.0
29310,3.7233073711395264,572,5.0,5.0,5.0
29320,3.724311351776123,572,5.0,5.0,5.0
29330,3.725313186645508,572,5.0,5.0,5.0
29340,3.7262771129608154,572,5.0,5.0,5.0
29350,3.7273142337799072,572,5.0,5.0,5.0
29360,3.7283129692077637,572,5.0,5.0,5.0
29370,3.729311227798462,572,5.0,5.0,5.0
29377,3.7302770614624023,572,14.0,5.0,5.0
29380,3.7302770614624023,572,7.168000000000001,5.0,5.0
29390,3.7312772274017334,572,5.0,5.0,5.0
29400,3.7323131561279297,572,5.0,5.0,5.0
29410,3.733313798904419,572,5.0,5.0,5.0
29420,3.7352800369262695,572,5.0,5.0,5.0
29430,3.736309766769409,572,5.0,5.0,5.0
29440,3.737312078475952,572,5.0,5.0,5.0
29448,3.738345146179199,572,14.0,5.0,5.0
29450,3.738345146179199,572,11.200000000000001,5.0,5.0
29460,3.7392771244049072,572,5.0,5.0,5.0
29470,3.740312337875366,572,5.0,5.0,5.0
29480,3.741316318511963,572,5.0,5.0,5.0
29490,3.7432851791381836,572,5.0,5.0,5.0
29500,3.7443127632141113,572,5.0,5.0,5.0
29510,3.745277166366577,572,5.0,5.0,5.0
29520,3.746284008026123,572,5.0,5.0,5.0
29530,3.747283458709717,572,5.0,5.0,5.0
29540,3.7483127117156982,572,5.0,5.0,5.0
29550,3.7492847442626953,572,5.0,5.0,5.0
29560,3.7503063678741455,572,5.0,5.0,5.0
29570,3.7522969245910645,572,5.0,5.0,5.0
29580,3.7533373832702637,572,5.0,5.0,5.0
29590,3.7542777061462402,572,5.0,5.0,5.0
29600,3.756303548812866,572,5.0,5.0,5.0
29610,3.757342576980591,572,5.0,5.0,5.0
29620,3.7582907676696777,572,5.0,5.0,5.0
29630,3.759280204772949,572,5.0,5.0,5.0
29640,3.760291576385498,572,5.0,5.0,5.0
29650,3.761287212371826,572,5.0,5.0,5.0
29659,3.7622873783111572,572,14.0,5.0,5.0
29660,3.7622873783111572,572,11.200000000000001,5.0,5.0
29670,3.7632951736450195,572,5.734400000000001,5.0,5.0
29680,3.764312744140625,572,5.0,5.0,5.0
29690,3.76527738571167,572,5.0,5.0,5.0
29700,3.7662787437438965,572,5.0,5.0,5.0
29710,3.7673144340515137,572,5.0,5.0,5.0
29720,3.768277168273926,572,5.0,5.0,5.0
29730,3.7692840099334717,572,5.0,5.0,5.0
29740,3.7713444232940674,572,5.0,5.0,5.0
29750,3.772362232208252,572,5.0,5.0,5.0
29760,3.7733657360076904,572,5.0,5.0,5.0
29770,3.774366855621338,572,5.0,5.0,5.0
29780,3.775277614593506,572,5.0,5.0,5.0
29790,3.7763259410858154,572,5.0,5.0,5.0
29792,3.777277946472168,572,5.0,5.0,14.0
29800,3.7782785892486572,572,5.0,5.0,7.168000000000001
29810,3.7782785892486572,572,5.0,5.0,5.0
29820,3.780349016189575,572,5.0,5.0,5.0
29830,3.781287670135498,572,5.0,5.0,5.0
29840,3.7822768688201904,572,5.0,5.0,5.0
29850,3.783327341079712,572,5.0,5.0,5.0
29860,3.784287452697754,572,5.0,5.0,5.0
29870,3.7853219509124756,572,5.0,5.0,5.0
29880,3.786283254623413,572,5.0,5.0,5.0
29890,3.7882866859436035,572,5.0,5.0,5.0
29900,3.7893152236938477,572,5.0,5.0,5.0
29910,3.7902755737304688,572,5.0,5.0,5.0
29920,3.792271375656128,572,5.0,5.0,5.0
29930,3.793271541595459,572,5.0,5.0,5.0
29940,3.793271541595459,572,5.0,5.0,5.0
29945,3.794271230697632,572,14.0,5.0,5.0
29950,3.794271230697632,572,11.200000000000001,5.0,5.0
29960,3.795271396636963,572,5.0,5.0,5.0
29970,3.797271728515625,572,5.0,5.0,5.0
29980,3.798271417617798,572,5.0,5.0,5.0
29990,3.799271583557129,572,5.0,5.0,5.0
30000,3.800271987915039,572,5.0,5.0,5.0
30010,3.801271677017212,572,5.0,5.0,5.0
30020,3.8022713661193848,572,5.0,5.0,5.0
30030,3.803271532058716,572,5.0,5.0,5.0
30034,3.8042714595794678,572,14.0,5.0,5.0
30040,3.805271625518799,572,7.168000000000001,5.0,5.0
30050,3.806271553039551,572,5.0,5.0,5.0
30054,3.806271553039551,572,14.0,5.0,5.0
30060,3.8072714805603027,572,5.0,5.0,5.0
30070,3.8082714080810547,572,5.0,5.0,5.0
30080,3.8092715740203857,572,14.0,5.0,5.0
30090,3.8102715015411377,572,5.734400000000001,5.0,5.0
30100,3.8112711906433105,572,5.0,5.0,5.0
30110,3.8122713565826416,572,5.0,5.0,5.0
30120,3.813643455505371,572,5.0,5.0,5.0
30130,3.8146541118621826,572,5.0,5.0,5.0
30140,3.8156604766845703,572,5.0,5.0,5.0
30150,3.817722797393799,572,5.0,5.0,5.0
30160,3.8186635971069336,572,5.0,5.0,5.0
30170,3.8196890354156494,572,5.0,5.0,5.0
30180,3.8206539154052734,572,5.0,5.0,5.0
30181,3.8206539154052734,572,14.0,5.0,5.0
30190,3.8216753005981445,572,7.168000000000001,5.0,5.0
30200,3.8226566314697266,572,5.0,5.0,5.0
30210,3.8237054347991943,572,5.0,5.0,5.0
30220,3.8246912956237793,572,5.0,5.0,5.0
30230,3.826690435409546,572,5.0,5.0,5.0
30240,3.8276913166046143,572,5.0,5.0,5.0
30250,3.8287386894226074,572,5.0,5.0,5.0
30260,3.829752206802368,572,5.0,5.0,5.0
30270,3.830753803253174,572,5.0,5.0,5.0
30280,3.83174467086792,572,5.0,5.0,5.0
30290,3.8326914310455322,572,5.0,5.0,5.0
30300,3.833735466003418,572,5.0,5.0,5.0
30310,3.834667921066284,572,5.0,5.0,5.0
30320,3.835716485977173,572,5.0,5.0,5.0
30330,3.8366539478302,572,5.0,5.0,5.0
30340,3.838667869567871,572,5.0,5.0,5.0
30350,3.8396849632263184,572,5.0,5.0,5.0
30360,3.8406925201416016,572,5.0,5.0,5.0
30370,3.841657876968384,572,5.0,5.0,5.0
30380,3.8427090644836426,572,5.0,5.0,5.0
30390,3.8436923027038574,572,5.0,5.0,5.0
30400,3.844660997390747,572,5.0,5.0,5.0
30410,3.8456919193267822,572,5.0,5.0,5.0
30420,3.8467283248901367,572,5.0,5.0,5.0
30430,3.8476722240448,572,5.0,5.0,5.0
30440,3.848653793334961,572,5.0,5.0,5.0
30450,3.8506646156311035,572,5.0,5.0,5.0
30460,3.851712226867676,572,5.0,5.0,5.0
30470,3.8527464866638184,572,5.0,5.0,5.0
30480,3.854670524597168,572,5.0,5.0,5.0
30490,3.8556880950927734,572,5.0,5.0,5.0
30500,3.8567240238189697,572,5.0,5.0,5.0
30510,3.857666015625,572,5.0,5.0,5.0
30520,3.859654188156128,572,5.0,5.0,5.0
30530,3.860670804977417,572,5.0,5.0,5.0
30540,3.8616538047790527,572,5.0,5.0,5.0
30550,3.862675428390503,572,5.0,5.0,5.0
30560,3.863685131072998,572,5.0,5.0,5.0
30570,3.8646552562713623,572,5.0,5.0,5.0
30580,3.865709066390991,572,5.0,5.0,5.0
30590,3.866741180419922,572,5.0,5.0,5.0
30600,3.8687071800231934,572,5.0,5.0,5.0
30610,3.8696954250335693,572,5.0,5.0,5.0
30620,3.870654582977295,572,5.0,5.0,5.0
30630,3.871706008911133,572,5.0,5.0,5.0
30640,3.8727378845214844,572,5.0,5.0,5.0
30645,3.873654842376709,572,14.0,5.0,5.0
30650,3.873654842376709,572,8.96,5.0,5.0
30660,3.874697208404541,572,5.734400000000001,5.0,5.0
30670,3.8756630420684814,572,5.0,5.0,5.0
30680,3.876716375350952,572,5.0,5.0,5.0
30690,3.8786959648132324,572,5.0,5.0,5.0
30697,3.8786959648132324,572,14.0,5.0,5.0
30700,3.8796546459198,572,8.96,5.0,5.0
30710,3.8806912899017334,572,5.0,5.0,5.0
30720,3.881655216217041,572,5.0,5.0,5.0
30730,3.882714033126831,572,5.0,5.0,5.0
30740,3.8836915493011475,572,5.0,5.0,5.0
30750,3.885127305984497,572,5.0,5.0,5.0
30755,3.885634660720825,572,14.0,5.0,5.0
30760,3.885634660720825,572,11.200000000000001,5.0,5.0
30770,3.886652946472168,572,5.0,5.0,5.0
30780,3.887655735015869,572,5.0,5.0,5.0
30790,3.889653444290161,572,5.0,5.0,5.0
30800,3.890657663345337,572,5.0,5.0,5.0
30810,3.8916537761688232,572,5.0,5.0,5.0
30820,3.8926565647125244,572,5.0,5.0,5.0
30830,3.8936541080474854,572,5.0,5.0,5.0
30840,3.8946516513824463,572,5.0,5.0,5.0
30850,3.8956515789031982,572,5.0,5.0,5.0
30860,3.896653890609741,572,5.0,5.0,5.0
30870,3.898653268814087,572,5.0,5.0,5.0
30880,3.8996570110321045,572,5.0,5.0,5.0
30890,3.9006450176239014,572,5.0,5.0,5.0
30900,3.901153564453125,572,5.0,5.0,5.0
30906,3.902174711227417,572,5.0,5.0,14.0
30910,3.902174711227417,572,5.0,5.0,7.168000000000001
30920,3.903172731399536,572,5.0,5.0,5.0
30930,3.905165910720825,572,5.0,5.0,5.0
30940,3.906165838241577,572,5.0,5.0,5.0
30950,3.907165050506592,572,5.0,5.0,5.0
30960,3.9081623554229736,572,5.0,5.0,5.0
30970,3.909162998199463,572,5.0,5.0,5.0
30980,3.910170793533325,572,5.0,5.0,5.0
30990,3.9111714363098145,572,5.0,5.0,5.0
31000,3.9121623039245605,572,5.0,5.0,5.0
31010,3.9141619205474854,572,5.0,5.0,5.0
31020,3.9151618480682373,572,5.0,5.0,5.0
31030,3.916701078414917,572,5.0,5.0,5.0
31040,3.9177072048187256,572,5.0,5.0,5.0
31050,3.918705940246582,572,5.0,5.0,5.0
31060,3.919706106185913,572,5.0,5.0,5.0
31067,3.920705556869507,572,14.0,5.0,5.0
31070,3.921705722808838,572,8.96,5.0,5.0
31080,3.922797918319702,572,7.168000000000001,5.0,5.0
31090,3.9237115383148193,572,5.0,5.0,5.0
31100,3.9247491359710693,572,5.0,5.0,5.0
31110,3.926805257797241,572,5.0,5.0,5.0
31120,3.927751302719116,572,5.0,5.0,5.0
31130,3.9287922382354736,572,5.0,5.0,5.0
31140,3.9297988414764404,572,5.0,5.0,5.0
31150,3.9307117462158203,572,5.0,5.0,5.0
31160,3.9317116737365723,572,5.0,5.0,5.0
31170,3.932748556137085,572,5.0,5.0,5.0
31180,3.9337117671966553,572,5.0,5.0,5.0
31190,3.9357926845550537,572,5.0,5.0,5.0
31200,3.9367117881774902,572,5.0,5.0,5.0
31210,3.937751054763794,572,5.0,5.0,5.0
31220,3.938788652420044,572,5.0,5.0,5.0
31230,3.939711809158325,572,5.0,5.0,5.0
31240,3.940739870071411,572,14.0,5.0,5.0
31250,3.9417498111724854,572,5.0,5.0,5.0
31260,3.9427530765533447,572,5.0,5.0,5.0
31270,3.9437825679779053,572,5.0,5.0,5.0
31280,3.9457147121429443,572,5.0,5.0,5.0
31290,3.9467740058898926,572,5.0,5.0,5.0
31300,3.947720527648926,572,5.0,5.0,5.0
31310,3.948768138885498,572,5.0,5.0,5.0
31320,3.94970965385437,572,5.0,5.0,5.0
31327,3.950752019882202,572,14.0,5.0,5.0
31330,3.950752019882202,572,8.96,5.0,5.0
31340,3.9517199993133545,572,5.0,5.0,5.0
31350,3.953751564025879,572,5.0,5.0,5.0
31360,3.9547505378723145,572,5.0,5.0,5.0
31370,3.955711841583252,572,5.0,5.0,5.0
31380,3.956716537475586,572,5.0,5.0,5.0
31389,3.95774245262146,572,14.0,5.0,5.0
31390,3.95774245262146,572,14.0,5.0,5.0
31400,3.959716320037842,572,5.0,5.0,5.0
31410,3.96077823638916,572,5.0,5.0,5.0
31420,3.961798667907715,572,5.0,5.0,5.0
31427,3.9627509117126465,572,14.0,5.0,5.0
31430,3.9637699127197266,572,11.200000000000001,5.0,5.0
31440,3.9647181034088135,572,5.0,5.0,5.0
31450,3.9657115936279297,572,5.0,5.0,5.0
31460,3.9667158126831055,572,5.0,5.0,5.0
31470,3.967740058898926,572,5.0,5.0,5.0
31480,3.968712568283081,572,5.0,5.0,5.0
31490,3.9707162380218506,572,5.0,5.0,5.0
31500,3.9717113971710205,572,5.0,5.0,5.0
31510,3.972749948501587,572,5.0,5.0,5.0
31520,3.9737117290496826,572,5.0,5.0,5.0
31530,3.9747140407562256,572,5.0,5.0,5.0
31540,3.97674822807312,572,5.0,5.0,5.0
31550,3.977790117263794,572,5.0,5.0,5.0
31560,3.979750633239746,572,5.0,5.0,5.0
31570,3.9807205200195312,572,5.0,5.0,5.0
31580,3.981771230697632,572,5.0,5.0,5.0
31590,3.9827942848205566,572,5.0,5.0,5.0
31600,3.9847288131713867,572,5.0,5.0,5.0
31610,3.985778570175171,572,5.0,5.0,5.0
31620,3.9867515563964844,572,5.0,5.0,5.0
31630,3.9877169132232666,572,5.0,5.0,5.0
31640,3.9887421131134033,572,5.0,5.0,5.0
31650,3.9907145500183105,572,5.0,5.0,5.0
31660,3.9907145500183105,572,5.0,5.0,5.0
31670,3.9927823543548584,572,5.0,5.0,5.0
31680,3.993802309036255,572,5.0,5.0,5.0
31690,3.994710683822632,572,5.0,5.0,5.0
31700,3.995736837387085,572,5.0,5.0,5.0
31710,3.997711420059204,572,5.0,5.0,5.0
31720,3.998751640319824,572,5.0,5.0,5.0
31730,3.999791145324707,572,5.0,5.0,5.0
31740,4.000725269317627,572,5.0,5.0,5.0
31749,4.001711130142212,572,14.0,5.0,5.0
31750,4.001711130142212,572,11.200000000000001,5.0,5.0
31760,4.002765893936157,572,7.168000000000001,5.0,5.0
31770,4.003711462020874,572,5.0,5.0,5.0
31780,4.004765510559082,572,5.0,5.0,5.0
31790,4.005711793899536,572,5.0,5.0,5.0
31800,4.006730079650879,572,5.0,5.0,5.0
31810,4.008714914321899,572,5.0,5.0,5.0
31820,4.0097784996032715,572,5.0,5.0,5.0
31830,4.01075005531311,572,5.0,5.0,5.0
31840,4.011787414550781,572,5.0,5.0,5.0
31850,4.012748718261719,572,5.0,5.0,5.0
31860,4.014711618423462,572,5.0,5.0,5.0
31870,4.015768051147461,572,5.0,5.0,5.0
31880,4.016711473464966,572,5.0,5.0,5.0
31890,4.017751693725586,572,5.0,5.0,5.0
31900,4.018752336502075,572,5.0,5.0,5.0
31910,4.020711183547974,572,5.0,5.0,5.0
31911,4.020711183547974,572,14.0,5.0,5.0
31920,4.0217180252075195,572,7.168000000000001,5.0,5.0
31930,4.022716045379639,572,5.0,5.0,5.0
31940,4.023751735687256,572,5.0,5.0,5.0
31950,4.025720834732056,572,5.0,5.0,5.0
31960,4.026716709136963,572,5.0,5.0,5.0
31970,4.027806997299194,572,5.0,5.0,5.0
31980,4.028732538223267,572,5.0,5.0,5.0
31990,4.0297112464904785,572,5.0,5.0,5.0
32000,4.030765056610107,572,5.0,5.0,5.0
32010,4.032747745513916,572,5.0,5.0,5.0
32020,4.033711671829224,572,5.0,5.0,5.0
32030,4.0347535610198975,572,5.0,5.0,5.0
32040,4.035712003707886,572,5.0,5.0,5.0
32050,4.0377516746521,572,5.0,5.0,5.0
32060,4.0387115478515625,572,5.0,5.0,5.0
32070,4.0397350788116455,572,5.0,5.0,5.0
32080,4.04071307182312,572,5.0,5.0,5.0
32090,4.041749477386475,572,5.0,5.0,5.0
32100,4.042713403701782,572,5.0,5.0,5.0
32110,4.044750452041626,572,5.0,5.0,5.0
32120,4.0457923412323,572,5.0,5.0,5.0
32130,4.046711683273315,572,5.0,5.0,5.0
32140,4.04775071144104,572,5.0,5.0,5.0
32150,4.048714876174927,572,5.0,5.0,5.0
32160,4.0507493019104,572,5.0,5.0,5.0
32170,4.051728248596191,572,5.0,5.0,5.0
32180,4.052711248397827,572,5.0,5.0,5.0
32190,4.053738355636597,572,5.0,5.0,5.0
32200,4.055728197097778,572,5.0,5.0,5.0
32210,4.056777238845825,572,5.0,5.0,5.0
32220,4.057721376419067,572,5.0,5.0,5.0
32230,4.058748960494995,572,5.0,5.0,5.0
32240,4.059751510620117,572,5.0,5.0,5.0
32250,4.060711145401001,572,5.0,5.0,5.0
32260,4.062751293182373,572,5.0,5.0,5.0
32270,4.063753843307495,572,5.0,5.0,5.0
32280,4.064793586730957,572,5.0,5.0,5.0
32290,4.065751791000366,572,5.0,5.0,5.0
32295,4.06672215461731,572,14.0,5.0,5.0
32300,4.06672215461731,572,5.734400000000001,5.0,5.0
32310,4.0687501430511475,572,5.0,5.0,5.0
32320,4.0687501430511475,572,5.0,5.0,5.0
32330,4.070711612701416,572,5.0,5.0,5.0
32340,4.0717315673828125,572,5.0,5.0,5.0
32350,4.072714328765869,572,5.0,5.0,5.0
32360,4.073715448379517,572,5.0,5.0,5.0
32370,4.07474684715271,572,5.0,5.0,5.0
32380,4.075789451599121,572,5.0,5.0,5.0
32390,4.07680082321167,572,5.0,5.0,5.0
32400,4.078764915466309,572,5.0,5.0,5.0
32410,4.079723596572876,572,5.0,5.0,5.0
32420,4.080776929855347,572,5.0,5.0,5.0
32430,4.081723213195801,572,5.0,5.0,5.0
32440,4.0827412605285645,572,5.0,5.0,5.0
32441,4.0827412605285645,572,14.0,5.0,5.0
32450,4.083749055862427,572,5.734400000000001,5.0,5.0
32460,4.084784507751465,572,5.0,5.0,5.0
32470,4.085711717605591,572,5.0,5.0,5.0
32480,4.086751222610474,572,5.0,5.0,5.0
32490,4.0888049602508545,572,5.0,5.0,5.0
32500,4.08971381187439,572,5.0,5.0,5.0
32510,4.090712308883667,572,5.0,5.0,5.0
32520,4.091768264770508,572,5.0,5.0,5.0
32530,4.093711614608765,572,5.0,5.0,5.0
32540,4.094712495803833,572,5.0,5.0,5.0
32550,4.09574031829834,572,5.0,5.0,5.0
32560,4.096710920333862,572,5.0,5.0,5.0
32570,4.0977699756622314,572,5.0,5.0,5.0
32580,4.098711967468262,572,5.0,5.0,5.0
32590,4.099737882614136,572,5.0,5.0,5.0
32600,4.100762128829956,572,5.0,5.0,5.0
32610,4.1027586460113525,572,5.0,5.0,5.0
32620,4.103760004043579,572,5.0,5.0,5.0
32630,4.104712009429932,572,5.0,5.0,5.0
32640,4.105710983276367,572,5.0,5.0,5.0
32650,4.107706785202026,572,5.0,5.0,5.0
32660,4.108706712722778,572,5.0,5.0,5.0
32670,4.109705924987793,572,5.0,5.0,5.0
32680,4.110706567764282,572,5.0,5.0,5.0
32690,4.111706018447876,572,5.0,5.0,5.0
32700,4.112706184387207,572,5.0,5.0,5.0
32710,4.113706111907959,572,5.0,5.0,5.0
32720,4.115705966949463,572,5.0,5.0,5.0
32730,4.116706132888794,572,5.0,5.0,5.0
32740,4.117706298828125,572,5.0,5.0,5.0
32742,4.117706298828125,572,14.0,5.0,5.0
32750,4.118706226348877,572,7.168000000000001,5.0,5.0
32760,4.119706630706787,572,5.0,5.0,5.0
32770,4.120706081390381,572,5.0,5.0,5.0
32780,4.122706413269043,572,5.0,5.0,5.0
32790,4.123706340789795,572,5.0,5.0,5.0
32800,4.124706983566284,572,5.0,5.0,5.0
32810,4.126706838607788,572,5.0,5.0,5.0
32820,4.1287078857421875,572,5.0,5.0,5.0
32830,4.129708528518677,572,5.0,5.0,5.0
32840,4.131708145141602,572,5.0,5.0,5.0
32850,4.134708404541016,572,5.0,5.0,5.0
32860,4.135708808898926,572,5.0,5.0,5.0
32870,4.138707637786865,572,5.0,5.0,5.0
32880,4.140707492828369,572,5.0,5.0,5.0
32890,4.142707109451294,572,5.0,5.0,5.0
32900,4.144706964492798,572,5.0,5.0,5.0
32905,4.144706964492798,572,14.0,5.0,5.0
32908,4.145707368850708,572,18.96,5.0,5.0
32910,4.145707368850708,572,12.134400000000001,5.0,5.0
32920,4.147706747055054,572,5.0,5.0,5.0
32930,4.148706436157227,572,5.0,5.0,5.0
32940,4.149706602096558,572,5.0,5.0,5.0
32950,4.150706052780151,572,5.0,5.0,5.0
32960,4.1517064571380615,572,5.0,5.0,5.0
32970,4.152705907821655,572,5.0,5.0,5.0
32980,4.153709411621094,572,5.0,5.0,5.0
32990,4.155749320983887,572,5.0,5.0,5.0
33000,4.156754493713379,572,5.0,5.0,5.0
33010,4.158802270889282,572,5.0,5.0,5.0
33020,4.15975022315979,572,5.0,5.0,5.0
33030,4.161728858947754,572,5.0,5.0,5.0
33040,4.163780927658081,572,5.0,5.0,5.0
33045,4.164733409881592,572,14.0,5.0,5.0
33050,4.1668102741241455,572,8.96,5.0,5.0
33060,4.169809579849243,572,5.0,5.0,5.0
33070,4.1717369556427,572,5.0,5.0,5.0
33080,4.173760890960693,572,5.0,5.0,5.0
33090,4.175757169723511,572,5.0,5.0,5.0
33100,4.17774772644043,572,5.0,5.0,5.0
33110,4.179783582687378,572,5.0,5.0,5.0
33120,4.180801630020142,572,5.0,5.0,5.0
33130,4.182754993438721,572,5.0,5.0,5.0
33140,4.184717416763306,572,5.0,5.0,5.0
33150,4.186739683151245,572,5.0,5.0,5.0
33160,4.187747955322266,572,5.0,5.0,5.0
33170,4.188791275024414,572,5.0,5.0,5.0
33180,4.189810514450073,572,5.0,5.0,5.0
33190,4.190711736679077,572,5.0,5.0,5.0
33200,4.191767454147339,572,5.0,5.0,5.0
33210,4.193765878677368,572,5.0,5.0,5.0
33220,4.194730281829834,572,5.0,5.0,5.0
33230,4.195781230926514,572,5.0,5.0,5.0
33240,4.19671106338501,572,5.0,5.0,5.0
33250,4.197738170623779,572,5.0,5.0,5.0
33260,4.198751926422119,572,5.0,5.0,5.0
33270,4.199790954589844,572,5.0,5.0,5.0
33280,4.2017083168029785,572,5.0,5.0,5.0
33290,4.20271110534668,572,5.0,5.0,5.0
33300,4.203765153884888,572,5.0,5.0,5.0
33310,4.204711437225342,572,5.0,5.0,5.0
33312,4.204711437225342,572,14.0,5.0,5.0
33320,4.205714702606201,572,8.96,5.0,5.0
33330,4.206742763519287,572,5.0,5.0,5.0
33340,4.2077789306640625,572,5.0,5.0,5.0
33350,4.209751605987549,572,5.0,5.0,5.0
33360,4.210756540298462,572,5.0,5.0,5.0
33370,4.211711645126343,572,5.0,5.0,5.0
33380,4.212741374969482,572,5.0,5.0,5.0
33390,4.213751554489136,572,5.0,5.0,5.0
33400,4.21572470664978,572,5.0,5.0,5.0
33410,4.216747045516968,572,5.0,5.0,5.0
33420,4.217717885971069,572,5.0,5.0,5.0
33430,4.218785285949707,572,5.0,5.0,5.0
33440,4.219805002212524,572,5.0,5.0,5.0
33450,4.221751689910889,572,5.0,5.0,5.0
33460,4.222711801528931,572,5.0,5.0,5.0
33470,4.223712921142578,572,5.0,5.0,5.0
33480,4.224748134613037,572,5.0,5.0,5.0
33490,4.225754261016846,572,5.0,5.0,5.0
33500,4.22679328918457,572,5.0,5.0,5.0
33510,4.227726221084595,572,5.0,5.0,5.0
33520,4.2287516593933105,572,5.0,5.0,5.0
33530,4.230748891830444,572,5.0,5.0,5.0
33540,4.2317118644714355,572,5.0,5.0,5.0
33550,4.232748508453369,572,5.0,5.0,5.0
33560,4.2337517738342285,572,5.0,5.0,5.0
33570,4.235743045806885,572,5.0,5.0,5.0
33580,4.236752271652222,572,5.0,5.0,5.0
33590,4.237753868103027,572,5.0,5.0,5.0
33600,4.238720417022705,572,5.0,5.0,5.0
33610,4.239751577377319,572,5.0,5.0,5.0
33616,4.240784406661987,572,14.0,5.0,5.0
33620,4.240784406661987,572,7.168000000000001,5.0,5.0
33627,4.241751670837402,572,14.0,5.0,5.0
33630,4.241751670837402,572,8.96,5.0,5.0
33640,4.243710994720459,572,5.0,5.0,5.0
33650,4.244718313217163,572,5.0,5.0,5.0
33660,4.245738983154297,572,5.0,5.0,5.0
33670,4.246751308441162,572,5.0,5.0,5.0
33680,4.247750282287598,572,5.0,5.0,5.0
33690,4.248713731765747,572,5.0,5.0,5.0
33700,4.249768495559692,572,5.0,5.0,5.0
33710,4.250723123550415,572,5.0,5.0,5.0
33720,4.251749515533447,572,5.0,5.0,5.0
33730,4.2537243366241455,572,5.0,5.0,5.0
33740,4.254774570465088,572,5.0,5.0,5.0
33750,4.255751609802246,572,5.0,5.0,5.0
33760,4.25675630569458,572,5.0,5.0,5.0
33770,4.25771951675415,572,5.0,5.0,5.0
33780,4.25871205329895,572,5.0,5.0,5.0
33790,4.260796308517456,572,5.0,5.0,5.0
33800,4.2617268562316895,572,5.0,5.0,5.0
33810,4.262750864028931,572,5.0,5.0,5.0
33820,4.263751268386841,572,5.0,5.0,5.0
33830,4.264792442321777,572,5.0,5.0,5.0
33840,4.265759229660034,572,5.0,5.0,5.0
33850,4.267772436141968,572,5.0,5.0,5.0
33860,4.26871132850647,572,5.0,5.0,5.0
33870,4.269760608673096,572,5.0,5.0,5.0
33880,4.271711111068726,572,5.0,5.0,5.0
33890,4.272750377655029,572,5.0,5.0,5.0
33900,4.273711442947388,572,5.0,5.0,5.0
33910,4.2747111320495605,572,5.0,5.0,5.0
33920,4.2757158279418945,572,5.0,5.0,5.0
33930,4.276752471923828,572,5.0,5.0,5.0
33940,4.278749942779541,572,5.0,5.0,5.0
33950,4.279751539230347,572,5.0,5.0,5.0
33960,4.280792236328125,572,5.0,5.0,5.0
33970,4.281745910644531,572,5.0,5.0,5.0
33980,4.283770561218262,572,5.0,5.0,5.0
33990,4.284718751907349,572,5.0,5.0,5.0
34000,4.285711050033569,572,5.0,5.0,5.0
34010,4.286769151687622,572,5.0,5.0,5.0
34020,4.288711786270142,572,5.0,5.0,5.0
34030,4.2897515296936035,572,5.0,5.0,5.0
34040,4.2907164096832275,572,5.0,5.0,5.0
34050,4.2917468547821045,572,5.0,5.0,5.0
34060,4.292722940444946,572,5.0,5.0,5.0
34070,4.293775796890259,572,5.0,5.0,5.0
34080,4.2947282791137695,572,5.0,5.0,5.0
34090,4.295746564865112,572,5.0,5.0,5.0
34100,4.297750473022461,572,5.0,5.0,5.0
34110,4.298757791519165,572,5.0,5.0,5.0
34120,4.299793243408203,572,5.0,5.0,5.0
34130,4.3007283210754395,572,5.0,5.0,5.0
34140,4.301711082458496,572,5.0,5.0,5.0
34150,4.302765846252441,572,5.0,5.0,5.0
34160,4.303711891174316,572,5.0,5.0,5.0
34170,4.3057756423950195,572,5.0,5.0,5.0
34180,4.306711673736572,572,5.0,5.0,5.0
34190,4.307758331298828,572,5.0,5.0,5.0
34200,4.308711767196655,572,5.0,5.0,5.0
34210,4.309751749038696,572,5.0,5.0,5.0
34220,4.310711622238159,572,5.0,5.0,5.0
34230,4.3127806186676025,572,5.0,5.0,5.0
34240,4.313711643218994,572,5.0,5.0,5.0
34250,4.3147218227386475,572,5.0,5.0,5.0
34260,4.31574821472168,572,5.0,5.0,5.0
34270,4.316711902618408,572,5.0,5.0,5.0
34280,4.318753480911255,572,5.0,5.0,5.0
34290,4.319755554199219,572,5.0,5.0,5.0
34300,4.320794105529785,572,5.0,5.0,5.0
34310,4.321732759475708,572,5.0,5.0,5.0
34320,4.32371187210083,572,5.0,5.0,5.0
34330,4.32371187210083,572,5.0,5.0,5.0
34340,4.325804710388184,572,5.0,5.0,5.0
34350,4.326750040054321,572,5.0,5.0,5.0
34360,4.327711582183838,572,5.0,5.0,5.0
34370,4.328713893890381,572,5.0,5.0,5.0
34380,4.329711198806763,572,5.0,5.0,5.0
34390,4.330713272094727,572,5.0,5.0,5.0
34400,4.331743001937866,572,5.0,5.0,5.0
34410,4.332711219787598,572,5.0,5.0,5.0
34420,4.333714246749878,572,5.0,5.0,5.0
34430,4.3347718715667725,572,5.0,5.0,5.0
34440,4.335717678070068,572,5.0,5.0,5.0
34450,4.337728023529053,572,5.0,5.0,5.0
34460,4.337728023529053,572,5.0,5.0,5.0
34470,4.3387486934661865,572,5.0,5.0,5.0
34480,4.339749813079834,572,5.0,5.0,5.0
34490,4.341716051101685,572,5.0,5.0,5.0
34500,4.342750549316406,572,5.0,5.0,5.0
34510,4.343711853027344,572,5.0,5.0,5.0
34520,4.345753192901611,572,5.0,5.0,5.0
34530,4.346711874008179,572,5.0,5.0,5.0
34540,4.347714185714722,572,5.0,5.0,5.0
34550,4.3487162590026855,572,5.0,5.0,5.0
34560,4.350714921951294,572,5.0,5.0,5.0
34570,4.3517773151397705,572,5.0,5.0,5.0
34580,4.35272741317749,572,5.0,5.0,5.0
34590,4.353748083114624,572,5.0,5.0,5.0
34600,4.35474967956543,572,5.0,5.0,5.0
34610,4.355713129043579,572,5.0,5.0,5.0
34620,4.356775999069214,572,5.0,5.0,5.0
34630,4.35876989364624,572,5.0,5.0,5.0
34640,4.359712362289429,572,5.0,5.0,5.0
34650,4.360740661621094,572,5.0,5.0,5.0
34660,4.361752033233643,572,5.0,5.0,5.0
34670,4.362749099731445,572,5.0,5.0,5.0
34680,4.363711595535278,572,5.0,5.0,5.0
34690,4.364739894866943,572,5.0,5.0,5.0
34700,4.366711616516113,572,5.0,5.0,5.0
34710,4.367713928222656,572,5.0,5.0,5.0
34720,4.368710994720459,572,5.0,5.0,5.0
34730,4.369713544845581,572,5.0,5.0,5.0
34740,4.370774269104004,572,5.0,5.0,5.0
34741,4.370774269104004,572,14.0,5.0,5.0
34750,4.371802091598511,572,5.734400000000001,5.0,5.0
34760,4.373751878738403,572,5.0,5.0,5.0
34770,4.37471604347229,572,5.0,5.0,5.0
34780,4.37574315071106,572,5.0,5.0,5.0
34790,4.376750469207764,572,14.0,5.0,5.0
34800,4.3777174949646,572,5.0,5.0,5.0
34810,4.378711462020874,572,5.0,5.0,5.0
34820,4.3807573318481445,572,5.0,5.0,5.0
34830,4.381735563278198,572,5.0,5.0,5.0
34840,4.382709980010986,572,5.0,5.0,5.0
34850,4.383710622787476,572,5.0,5.0,5.0
34860,4.384751558303833,572,5.0,5.0,5.0
34870,4.385711669921875,572,5.0,5.0,5.0
34880,4.386764049530029,572,5.0,5.0,5.0
34890,4.387749671936035,572,5.0,5.0,5.0
34891,4.387749671936035,572,14.0,5.0,5.0
34900,4.38871169090271,572,7.168000000000001,5.0,5.0
34910,4.389752149581909,572,5.0,5.0,5.0
34920,4.391714096069336,572,5.0,5.0,5.0
34930,4.392714738845825,572,5.0,5.0,5.0
34940,4.393741607666016,572,5.0,5.0,5.0
34950,4.395711898803711,572,5.0,5.0,5.0
34960,4.3967649936676025,572,5.0,5.0,5.0
34970,4.3967649936676025,572,5.0,5.0,5.0
34980,4.398711919784546,572,5.0,5.0,5.0
34990,4.3997697830200195,572,5.0,5.0,5.0
35000,4.400748014450073,572,5.0,5.0,5.0
35010,4.401711702346802,572,5.0,5.0,5.0
35020,4.402739763259888,572,5.0,5.0,5.0
35030,4.404749631881714,572,5.0,5.0,5.0
35040,4.405789613723755,572,5.0,5.0,5.0
35050,4.40675163269043,572,5.0,5.0,5.0
35060,4.407711744308472,572,5.0,5.0,5.0
35070,4.4087138175964355,572,5.0,5.0,5.0
35080,4.4097511768341064,572,5.0,5.0,5.0
35090,4.410762310028076,572,5.0,5.0,5.0
35100,4.411711931228638,572,5.0,5.0,5.0
35110,4.413754224777222,572,5.0,5.0,5.0
35120,4.414718151092529,572,5.0,5.0,5.0
35130,4.415751695632935,572,5.0,5.0,5.0
35140,4.416712045669556,572,5.0,5.0,5.0
35150,4.418712615966797,572,5.0,5.0,5.0
35160,4.419735670089722,572,5.0,5.0,5.0
35170,4.420750617980957,572,5.0,5.0,5.0
35180,4.421752214431763,572,5.0,5.0,5.0
35190,4.423750638961792,572,5.0,5.0,5.0
35200,4.424791574478149,572,5.0,5.0,5.0
35210,4.425711631774902,572,5.0,5.0,5.0
35220,4.426711082458496,572,5.0,5.0,5.0
35230,4.427711725234985,572,5.0,5.0,5.0
35240,4.428750276565552,572,5.0,5.0,5.0
35250,4.430750608444214,572,5.0,5.0,5.0
35260,4.431750059127808,572,5.0,5.0,5.0
35270,4.432724237442017,572,5.0,5.0,5.0
35280,4.433748960494995,572,5.0,5.0,5.0
35290,4.435749053955078,572,5.0,5.0,5.0
35300,4.4367921352386475,572,5.0,5.0,5.0
35310,4.437729358673096,572,5.0,5.0,5.0
35320,4.439711570739746,572,5.0,5.0,5.0
35330,4.440750360488892,572,5.0,5.0,5.0
35340,4.441709280014038,572,5.0,5.0,5.0
35350,4.443707227706909,572,5.0,5.0,5.0
35360,4.444706439971924,572,5.0,5.0,5.0
35370,4.445706367492676,572,5.0,5.0,5.0
35380,4.446706533432007,572,5.0,5.0,5.0
35390,4.447706460952759,572,5.0,5.0,5.0
35400,4.449711799621582,572,5.0,5.0,5.0
35410,4.450753927230835,572,5.0,5.0,5.0
35420,4.451711893081665,572,5.0,5.0,5.0
35430,4.4527363777160645,572,5.0,5.0,5.0
35440,4.45374321937561,572,5.0,5.0,5.0
35450,4.454720735549927,572,5.0,5.0,5.0
35460,4.456709623336792,572,5.0,5.0,5.0
35470,4.457711219787598,572,5.0,5.0,5.0
35480,4.458749771118164,572,5.0,5.0,5.0
35490,4.459712028503418,572,5.0,5.0,5.0
35491,4.459712028503418,572,14.0,5.0,5.0
35500,4.460747718811035,572,5.734400000000001,5.0,5.0
35510,4.4617109298706055,572,5.0,5.0,5.0
35520,4.463799953460693,572,5.0,5.0,5.0
35530,4.464711666107178,572,5.0,5.0,5.0
35540,4.4657323360443115,572,5.0,5.0,5.0
35550,4.46677827835083,572,5.0,5.0,5.0
35560,4.4678053855896,572,5.0,5.0,5.0
35570,4.469711542129517,572,5.0,5.0,5.0
35580,4.470712423324585,572,5.0,5.0,5.0
35590,4.4717700481414795,572,5.0,5.0,5.0
35600,4.4727325439453125,572,5.0,5.0,5.0
35610,4.474765300750732,572,5.0,5.0,5.0
35620,4.475719451904297,572,5.0,5.0,5.0
35630,4.476711273193359,572,5.0,5.0,5.0
35640,4.477712631225586,572,5.0,5.0,5.0
35650,4.4797139167785645,572,5.0,5.0,5.0
35660,4.480745315551758,572,5.0,5.0,5.0
35670,4.481779098510742,572,5.0,5.0,5.0
35680,4.482724905014038,572,5.0,5.0,5.0
35690,4.483711242675781,572,5.0,5.0,5.0
35700,4.4857494831085205,572,5.0,5.0,5.0
35710,4.4867517948150635,572,5.0,5.0,5.0
35720,4.487784385681152,572,5.0,5.0,5.0
35730,4.488711595535278,572,5.0,5.0,5.0
35740,4.489736795425415,572,5.0,5.0,5.0
35750,4.490777015686035,572,5.0,5.0,5.0
35760,4.491711378097534,572,5.0,5.0,5.0
35770,4.4927496910095215,572,5.0,5.0,5.0
35780,4.493711948394775,572,5.0,5.0,5.0
35790,4.494751453399658,572,5.0,5.0,5.0
35800,4.495785474777222,572,5.0,5.0,5.0
35810,4.497750759124756,572,5.0,5.0,5.0
35820,4.498779773712158,572,5.0,5.0,5.0
35830,4.499752044677734,572,5.0,5.0,5.0
35840,4.500719785690308,572,5.0,5.0,5.0
35850,4.501742362976074,572,5.0,5.0,5.0
35860,4.502751588821411,572,5.0,5.0,5.0
35870,4.504751920700073,572,5.0,5.0,5.0
35880,4.505711793899536,572,5.0,5.0,5.0
35890,4.506717205047607,572,5.0,5.0,5.0
35900,4.507742881774902,572,5.0,5.0,5.0
35910,4.50874924659729,572,5.0,5.0,5.0
35920,4.510772466659546,572,5.0,5.0,5.0
35930,4.511751413345337,572,5.0,5.0,5.0
35940,4.512759685516357,572,5.0,5.0,5.0
35950,4.513793706893921,572,5.0,5.0,5.0
35960,4.515711784362793,572,5.0,5.0,5.0
35970,4.516757011413574,572,5.0,5.0,5.0
35980,4.517711639404297,572,5.0,5.0,5.0
35990,4.518763542175293,572,5.0,5.0,5.0
36000,4.519726514816284,572,5.0,5.0,5.0
36010,4.5207109451293945,572,5.0,5.0,5.0
36020,4.521752119064331,572,5.0,5.0,5.0
36030,4.522714138031006,572,5.0,5.0,5.0
36040,4.523748397827148,572,5.0,5.0,5.0
36050,4.524781942367554,572,5.0,5.0,5.0
36060,4.526751279830933,572,5.0,5.0,5.0
36070,4.527717351913452,572,5.0,5.0,5.0
36080,4.5287110805511475,572,5.0,5.0,5.0
36090,4.529745817184448,572,5.0,5.0,5.0
36100,4.530747175216675,572,5.0,5.0,5.0
36110,4.531712293624878,572,5.0,5.0,5.0
36120,4.533712387084961,572,5.0,5.0,5.0
36130,4.534712553024292,572,5.0,5.0,5.0
36140,4.5357747077941895,572,5.0,5.0,5.0
36150,4.536709785461426,572,5.0,5.0,5.0
36160,4.5377702713012695,572,5.0,5.0,5.0
36170,4.5387279987335205,572,5.0,5.0,5.0
36180,4.540712118148804,572,5.0,5.0,5.0
36186,4.541738271713257,572,14.0,5.0,5.0
36190,4.541738271713257,572,7.168000000000001,5.0,5.0
36200,4.542748689651489,572,5.0,5.0,5.0
36210,4.543711423873901,572,5.0,5.0,5.0
36220,4.545769214630127,572,5.0,5.0,5.0
36230,4.546802997589111,572,5.0,5.0,5.0
36240,4.5477519035339355,572,5.0,5.0,5.0
36250,4.548718214035034,572,5.0,5.0,5.0
36260,4.549711227416992,572,5.0,5.0,5.0
36270,4.550751686096191,572,5.0,5.0,5.0
36280,4.551711797714233,572,5.0,5.0,5.0
36290,4.552758455276489,572,5.0,5.0,5.0
36300,4.553711891174316,572,5.0,5.0,5.0
36310,4.555715322494507,572,5.0,5.0,5.0
36320,4.5567474365234375,572,5.0,5.0,5.0
36330,4.55771803855896,572,5.0,5.0,5.0
36340,4.558745861053467,572,5.0,5.0,5.0
36350,4.559751272201538,572,5.0,5.0,5.0
36360,4.560711622238159,572,5.0,5.0,5.0
36370,4.561711549758911,572,5.0,5.0,5.0
36380,4.562805414199829,572,5.0,5.0,5.0
36390,4.564814329147339,572,5.0,5.0,5.0
36400,4.56575608253479,572,5.0,5.0,5.0
36410,4.566721439361572,572,5.0,5.0,5.0
36420,4.567749977111816,572,5.0,5.0,5.0
36430,4.56972861289978,572,5.0,5.0,5.0
36440,4.570749282836914,572,5.0,5.0,5.0
36450,4.571712493896484,572,5.0,5.0,5.0
36460,4.572747230529785,572,14.0,5.0,5.0
36470,4.57371187210083,572,5.0,5.0,5.0
36480,4.574735403060913,572,5.0,5.0,5.0
36490,4.575751543045044,572,5.0,5.0,5.0
36500,4.576711416244507,572,5.0,5.0,5.0
36510,4.577741384506226,572,5.0,5.0,5.0
36520,4.579747438430786,572,5.0,5.0,5.0
36530,4.580753803253174,572,5.0,5.0,5.0
36540,4.581716060638428,572,5.0,5.0,5.0
36550,4.58271336555481,572,5.0,5.0,5.0
36560,4.583714962005615,572,5.0,5.0,5.0
36570,4.584709167480469,572,5.0,5.0,5.0
36580,4.58578085899353,572,5.0,5.0,5.0
36590,4.586723804473877,572,5.0,5.0,5.0
36600,4.588792085647583,572,5.0,5.0,5.0
36610,4.589805364608765,572,5.0,5.0,5.0
36620,4.590728998184204,572,5.0,5.0,5.0
36630,4.59177565574646,572,5.0,5.0,5.0
36640,4.59375262260437,572,5.0,5.0,5.0
36650,4.594754695892334,572,5.0,5.0,5.0
36660,4.5957934856414795,572,5.0,5.0,5.0
36670,4.596711874008179,572,5.0,5.0,5.0
36680,4.597750902175903,572,5.0,5.0,5.0
36690,4.599740505218506,572,5.0,5.0,5.0
36700,4.600748300552368,572,5.0,5.0,5.0
36710,4.601711750030518,572,5.0,5.0,5.0
36720,4.602768182754517,572,5.0,5.0,5.0
36722,4.603796720504761,572,14.0,5.0,5.0
36730,4.603796720504761,572,5.734400000000001,5.0,5.0
36740,4.605756521224976,572,5.0,5.0,5.0
36750,4.6067116260528564,572,5.0,5.0,5.0
36760,4.607761859893799,572,5.0,5.0,5.0
36770,4.608725309371948,572,5.0,5.0,5.0
36780,4.6097517013549805,572,5.0,5.0,5.0
36790,4.6107494831085205,572,5.0,5.0,5.0
36800,4.6127166748046875,572,5.0,5.0,5.0
36810,4.613749742507935,572,5.0,5.0,5.0
36820,4.614716291427612,572,5.0,5.0,5.0
36830,4.615769147872925,572,5.0,5.0,5.0
36840,4.616754055023193,572,5.0,5.0,5.0
36850,4.617711305618286,572,5.0,5.0,5.0
36860,4.618711948394775,572,5.0,5.0,5.0
36866,4.6197686195373535,572,14.0,5.0,5.0
36870,4.620711326599121,572,8.96,5.0,5.0
36880,4.621757507324219,572,5.0,5.0,5.0
36890,4.622747182846069,572,5.0,5.0,5.0
36900,4.6247477531433105,572,5.0,5.0,5.0
36910,4.62575101852417,572,5.0,5.0,5.0
36920,4.626787900924683,572,5.0,5.0,5.0
36930,4.627753973007202,572,5.0,5.0,5.0
36940,4.628752946853638,572,5.0,5.0,5.0
36950,4.62978720664978,572,5.0,5.0,5.0
36960,4.630711078643799,572,5.0,5.0,5.0
36970,4.632746934890747,572,5.0,5.0,5.0
36980,4.633749008178711,572,5.0,5.0,5.0
36990,4.634712219238281,572,5.0,5.0,5.0
37000,4.636749505996704,572,5.0,5.0,5.0
37010,4.637747526168823,572,5.0,5.0,5.0
37020,4.638749361038208,572,5.0,5.0,5.0
37030,4.639711141586304,572,5.0,5.0,5.0
37040,4.640761375427246,572,5.0,5.0,5.0
37050,4.641711235046387,572,5.0,5.0,5.0
37060,4.642758846282959,572,5.0,5.0,5.0
37070,4.643725633621216,572,5.0,5.0,5.0
37080,4.645711660385132,572,5.0,5.0,5.0
37090,4.6467506885528564,572,5.0,5.0,5.0
37100,4.6477906703948975,572,5.0,5.0,5.0
37110,4.648804426193237,572,5.0,5.0,5.0
37120,4.649749755859375,572,5.0,5.0,5.0
37130,4.6507110595703125,572,5.0,5.0,5.0
37140,4.651735067367554,572,5.0,5.0,5.0
37150,4.652745723724365,572,5.0,5.0,5.0
37160,4.654711008071899,572,5.0,5.0,5.0
37170,4.655762434005737,572,5.0,5.0,5.0
37180,4.656721830368042,572,5.0,5.0,5.0
37190,4.65774941444397,572,5.0,5.0,5.0
37200,4.659748315811157,572,5.0,5.0,5.0
37210,4.660724401473999,572,5.0,5.0,5.0
37220,4.6617114543914795,572,5.0,5.0,5.0
37230,4.662773847579956,572,5.0,5.0,5.0
37240,4.6637122631073,572,5.0,5.0,5.0
37250,4.664747714996338,572,5.0,5.0,5.0
37260,4.666789531707764,572,5.0,5.0,5.0
37270,4.667728424072266,572,5.0,5.0,5.0
37280,4.668750047683716,572,5.0,5.0,5.0
37290,4.669772148132324,572,5.0,5.0,5.0
37300,4.6707518100738525,572,5.0,5.0,5.0
37310,4.671714544296265,572,5.0,5.0,5.0
37320,4.673751592636108,572,5.0,5.0,5.0
37330,4.674713850021362,572,5.0,5.0,5.0
37336,4.674713850021362,572,14.0,5.0,5.0
37340,4.674713850021362,572,7.168000000000001,5.0,5.0
37350,4.6767096519470215,572,5.0,5.0,5.0
37360,4.677707672119141,572,5.0,5.0,5.0
37370,4.6787073612213135,572,5.0,5.0,5.0
37380,4.679746866226196,572,5.0,5.0,5.0
37390,4.680720329284668,572,5.0,5.0,5.0
37400,4.6817543506622314,572,5.0,5.0,5.0
37410,4.683711051940918,572,5.0,5.0,5.0
37420,4.68476676940918,572,5.0,5.0,5.0
37430,4.685724973678589,572,5.0,5.0,5.0
37440,4.686747312545776,572,5.0,5.0,5.0
37450,4.687748432159424,572,5.0,5.0,5.0
37460,4.6887853145599365,572,5.0,5.0,5.0
37470,4.689727067947388,572,5.0,5.0,5.0
37480,4.690711259841919,572,5.0,5.0,5.0
37490,4.692714691162109,572,5.0,5.0,5.0
37500,4.693711042404175,572,5.0,5.0,5.0
37510,4.694716691970825,572,5.0,5.0,5.0
37520,4.695723056793213,572,5.0,5.0,5.0
37524,4.695723056793213,572,14.0,5.0,5.0
37530,4.696746349334717,572,17.168,5.0,5.0
37540,4.697711229324341,572,8.790016000000001,5.0,5.0
37550,4.698739528656006,572,5.625610240000001,5.0,5.0
37560,4.700711965560913,572,5.0,5.0,5.0
37570,4.700711965560913,572,5.0,5.0,5.0
37580,4.702722787857056,572,5.0,5.0,5.0
37590,4.703748941421509,572,5.0,5.0,5.0
37600,4.704711437225342,572,5.0,5.0,5.0
37610,4.705759763717651,572,5.0,5.0,5.0
37620,4.706793785095215,572,5.0,5.0,5.0
37630,4.707712173461914,572,5.0,5.0,5.0
37640,4.708762884140015,572,5.0,5.0,5.0
37650,4.709795951843262,572,5.0,5.0,5.0
37660,4.711219787597656,572,5.0,5.0,5.0
37670,4.712240934371948,572,5.0,5.0,5.0
37680,4.713330507278442,572,5.0,5.0,5.0
37690,4.714317798614502,572,5.0,5.0,5.0
37700,4.715231895446777,572,5.0,5.0,5.0
37710,4.717285871505737,572,5.0,5.0,5.0
37720,4.718313694000244,572,5.0,5.0,5.0
37730,4.719315528869629,572,5.0,5.0,5.0
37732,4.719315528869629,572,14.0,5.0,5.0
37740,4.7203192710876465,572,5.734400000000001,5.0,5.0
37750,4.721231460571289,572,5.0,5.0,5.0
37760,4.722275495529175,572,5.0,5.0,5.0
37770,4.723273515701294,572,5.0,5.0,5.0
37780,4.725231647491455,572,5.0,5.0,5.0
37790,4.726233005523682,572,5.0,5.0,5.0
37800,4.727259159088135,572,5.0,5.0,5.0
37810,4.728297710418701,572,5.0,5.0,5.0
37820,4.729244232177734,572,5.0,5.0,5.0
37830,4.73128604888916,572,5.0,5.0,5.0
37840,4.732232332229614,572,5.0,5.0,5.0
37850,4.733251094818115,572,5.0,5.0,5.0
37860,4.734264612197876,572,5.0,5.0,5.0
37870,4.736266851425171,572,5.0,5.0,5.0
37880,4.737260580062866,572,5.0,5.0,5.0
37890,4.738271713256836,572,5.0,5.0,5.0
37900,4.739279747009277,572,5.0,5.0,5.0
37910,4.7413246631622314,572,5.0,5.0,5.0
37920,4.74232292175293,572,5.0,5.0,5.0
37930,4.7433249950408936,572,5.0,5.0,5.0
37940,4.744232177734375,572,5.0,5.0,5.0
37950,4.7452781200408936,572,5.0,5.0,5.0
37960,4.746311902999878,572,5.0,5.0,5.0
37970,4.747247934341431,572,5.0,5.0,5.0
37980,4.7482686042785645,572,5.0,5.0,5.0
37990,4.749232292175293,572,5.0,5.0,5.0
38000,4.750232458114624,572,5.0,5.0,5.0
38010,4.751236200332642,572,5.0,5.0,5.0
38020,4.753278732299805,572,5.0,5.0,5.0
38030,4.754238843917847,572,5.0,5.0,5.0
38040,4.755261421203613,572,5.0,5.0,5.0
38050,4.756302833557129,572,5.0,5.0,5.0
38060,4.758230686187744,572,5.0,5.0,5.0
38070,4.759227514266968,572,5.0,5.0,5.0
38080,4.76022744178772,572,5.0,5.0,5.0
38089,4.761227130889893,572,14.0,5.0,5.0
38090,4.761227130889893,572,11.200000000000001,5.0,5.0
38100,4.762226819992065,572,5.0,5.0,5.0
38110,4.763226509094238,572,5.0,5.0,5.0
38120,4.765226364135742,572,5.0,5.0,5.0
38130,4.766226291656494,572,5.0,5.0,5.0
38140,4.767226457595825,572,5.0,5.0,5.0
38150,4.769226312637329,572,5.0,5.0,5.0
38160,4.770226240158081,572,5.0,5.0,5.0
38170,4.771226167678833,572,5.0,5.0,5.0
38180,4.772226095199585,572,5.0,5.0,5.0
38190,4.773226261138916,572,5.0,5.0,5.0
38200,4.775226593017578,572,5.0,5.0,5.0
38210,4.776226758956909,572,5.0,5.0,5.0
38220,4.777227163314819,572,5.0,5.0,5.0
38230,4.779227256774902,572,5.0,5.0,5.0
38240,4.7812278270721436,572,5.0,5.0,5.0
38250,4.783228397369385,572,5.0,5.0,5.0
38260,4.78522801399231,572,5.0,5.0,5.0
38270,4.7862279415130615,572,5.0,5.0,5.0
38280,4.7882280349731445,572,5.0,5.0,5.0
38290,4.790233612060547,572,5.0,5.0,5.0
38300,4.793240308761597,572,5.0,5.0,5.0
38310,4.794275522232056,572,5.0,5.0,5.0
38320,4.797238111495972,572,5.0,5.0,5.0
38330,4.799293518066406,572,5.0,5.0,5.0
38340,4.800274610519409,572,5.0,5.0,5.0
38350,4.802237033843994,572,5.0,5.0,5.0
38360,4.8043129444122314,572,5.0,5.0,5.0
38370,4.806259870529175,572,5.0,5.0,5.0
38380,4.807245969772339,572,5.0,5.0,5.0
38390,4.8092474937438965,572,5.0,5.0,5.0
38400,4.8102805614471436,572,5.0,5.0,5.0
38410,4.811246156692505,572,5.0,5.0,5.0
38420,4.813259840011597,572,5.0,5.0,5.0
38430,4.81425929069519,572,5.0,5.0,5.0
38440,4.815252780914307,572,5.0,5.0,5.0
38450,4.816265106201172,572,5.0,5.0,5.0
38460,4.817264556884766,572,5.0,5.0,5.0
38470,4.818264722824097,572,5.0,5.0,5.0
38471,4.818264722824097,572,14.0,5.0,5.0
38480,4.819258213043213,572,5.0,5.0,5.0
38490,4.820245265960693,572,5.0,5.0,5.0
38500,4.822234869003296,572,5.0,5.0,5.0
38510,4.823230504989624,572,5.0,5.0,5.0
38520,4.8242340087890625,572,5.0,5.0,5.0
38530,4.825254917144775,572,5.0,5.0,5.0
38540,4.826231479644775,572,5.0,5.0,5.0
38550,4.828267812728882,572,5.0,5.0,5.0
38560,4.82923150062561,572,5.0,5.0,5.0
38570,4.8302741050720215,572,5.0,5.0,5.0
38580,4.8312342166900635,572,5.0,5.0,5.0
38590,4.832262277603149,572,5.0,5.0,5.0
38600,4.833296298980713,572,5.0,5.0,5.0
38610,4.835240602493286,572,5.0,5.0,5.0
38620,4.836268186569214,572,5.0,5.0,5.0
38630,4.83727502822876,572,5.0,5.0,5.0
38640,4.838237285614014,572,5.0,5.0,5.0
38650,4.839301824569702,572,5.0,5.0,5.0
38660,4.841265916824341,572,5.0,5.0,5.0
38670,4.84223484992981,572,5.0,5.0,5.0
38680,4.843264579772949,572,5.0,5.0,5.0
38690,4.844268083572388,572,5.0,5.0,5.0
38700,4.8452699184417725,572,5.0,5.0,5.0
38710,4.84723162651062,572,5.0,5.0,5.0
38720,4.848283290863037,572,5.0,5.0,5.0
38730,4.84923791885376,572,5.0,5.0,5.0
38740,4.850231647491455,572,5.0,5.0,5.0
38750,4.851251602172852,572,5.0,5.0,5.0
38760,4.852231502532959,572,5.0,5.0,5.0
38770,4.853230953216553,572,5.0,5.0,5.0
38780,4.854314565658569,572,5.0,5.0,5.0
38790,4.855320930480957,572,5.0,5.0,5.0
38800,4.856232166290283,572,5.0,5.0,5.0
38810,4.858292102813721,572,5.0,5.0,5.0
38820,4.859273910522461,572,5.0,5.0,5.0
38830,4.860303163528442,572,5.0,5.0,5.0
38840,4.861323833465576,572,5.0,5.0,5.0
38850,4.86224627494812,572,5.0,5.0,5.0
38860,4.863231897354126,572,5.0,5.0,5.0
38870,4.865233898162842,572,5.0,5.0,5.0
38880,4.866267681121826,572,5.0,5.0,5.0
38890,4.8672990798950195,572,5.0,5.0,5.0
38900,4.868268966674805,572,5.0,5.0,5.0
38910,4.8692309856414795,572,5.0,5.0,5.0
38920,4.870231628417969,572,5.0,5.0,5.0
38930,4.872300863265991,572,5.0,5.0,5.0
38940,4.87324595451355,572,5.0,5.0,5.0
38950,4.874268293380737,572,5.0,5.0,5.0
38960,4.875297784805298,572,5.0,5.0,5.0
38970,4.876311302185059,572,5.0,5.0,5.0
38980,4.877248525619507,572,5.0,5.0,5.0
38990,4.878273248672485,572,5.0,5.0,5.0
39000,4.880237579345703,572,5.0,5.0,5.0
39010,4.881231784820557,572,5.0,5.0,5.0
39020,4.882280588150024,572,5.0,5.0,5.0
39030,4.883275032043457,572,5.0,5.0,5.0
39040,4.884236097335815,572,5.0,5.0,5.0
39050,4.885270595550537,572,5.0,5.0,5.0
39060,4.886232137680054,572,5.0,5.0,5.0
39070,4.8872761726379395,572,5.0,5.0,5.0
39080,4.889231443405151,572,5.0,5.0,5.0
39090,4.890283584594727,572,5.0,5.0,5.0
39100,4.891232013702393,572,5.0,5.0,5.0
39110,4.892231464385986,572,5.0,5.0,5.0
39120,4.893259525299072,572,5.0,5.0,5.0
39130,4.894263744354248,572,5.0,5.0,5.0
39140,4.895269870758057,572,5.0,5.0,5.0
39150,4.897246360778809,572,5.0,5.0,5.0
39160,4.898263692855835,572,5.0,5.0,5.0
39170,4.9002320766448975,572,5.0,5.0,5.0
39180,4.9012322425842285,572,5.0,5.0,5.0
39190,4.902232885360718,572,5.0,5.0,5.0
39200,4.903269290924072,572,5.0,5.0,5.0
39210,4.904300212860107,572,5.0,5.0,5.0
39220,4.906269073486328,572,5.0,5.0,5.0
39230,4.907314300537109,572,5.0,5.0,5.0
39240,4.908270835876465,572,5.0,5.0,5.0
39250,4.909308433532715,572,5.0,5.0,5.0
39260,4.910316705703735,572,5.0,5.0,5.0
39270,4.912321329116821,572,5.0,5.0,5.0
39280,4.913273334503174,572,5.0,5.0,5.0
39290,4.914308547973633,572,5.0,5.0,5.0
39300,4.915232419967651,572,5.0,5.0,5.0
39310,4.9162328243255615,572,5.0,5.0,5.0
39320,4.918266773223877,572,5.0,5.0,5.0
39330,4.919299364089966,572,5.0,5.0,5.0
39340,4.920231580734253,572,5.0,5.0,5.0
39350,4.921266555786133,572,5.0,5.0,5.0
39360,4.923270225524902,572,5.0,5.0,5.0
39370,4.924269914627075,572,5.0,5.0,5.0
39380,4.925234794616699,572,5.0,5.0,5.0
39390,4.926265478134155,572,5.0,5.0,5.0
39400,4.927232503890991,572,5.0,5.0,5.0
39410,4.928267240524292,572,5.0,5.0,5.0
39420,4.930252552032471,572,5.0,5.0,5.0
39430,4.930252552032471,572,5.0,5.0,5.0
39440,4.932231426239014,572,5.0,5.0,5.0
39450,4.93323278427124,572,5.0,5.0,5.0
39460,4.934259653091431,572,5.0,5.0,5.0
39470,4.935296535491943,572,5.0,5.0,5.0
39480,4.9362709522247314,572,5.0,5.0,5.0
39490,4.937270641326904,572,5.0,5.0,5.0
39500,4.939271926879883,572,5.0,5.0,5.0
39510,4.940236568450928,572,5.0,5.0,5.0
39520,4.941296100616455,572,5.0,5.0,5.0
39521,4.941296100616455,572,14.0,5.0,5.0
39530,4.943234443664551,572,7.168000000000001,5.0,5.0
39540,4.944268465042114,572,5.0,5.0,5.0
39550,4.944268465042114,572,5.0,5.0,5.0
39560,4.9452714920043945,572,5.0,5.0,5.0
39570,4.946230888366699,572,5.0,5.0,5.0
39580,4.947298288345337,572,5.0,5.0,5.0
39590,4.950485944747925,572,5.0,5.0,5.0
39600,4.95248556137085,572,5.0,5.0,5.0
39610,4.9544854164123535,572,5.0,5.0,5.0
39620,4.956489086151123,572,5.0,5.0,5.0
39630,4.958486318588257,572,5.0,5.0,5.0
39640,4.960485458374023,572,5.0,5.0,5.0
39650,4.962485313415527,572,5.0,5.0,5.0
39660,4.964484691619873,572,5.0,5.0,5.0
39670,4.9674835205078125,572,5.0,5.0,5.0
39680,4.96949028968811,572,5.0,5.0,5.0
39690,4.970487356185913,572,5.0,5.0,5.0
39700,4.972483396530151,572,5.0,5.0,5.0
39710,4.973482847213745,572,5.0,5.0,5.0
39720,4.974483013153076,572,5.0,5.0,5.0
39730,4.975482702255249,572,5.0,5.0,5.0
39740,4.9764838218688965,572,5.0,5.0,5.0
39750,4.978482961654663,572,5.0,5.0,5.0
39760,4.979485750198364,572,5.0,5.0,5.0
39770,4.980492115020752,572,5.0,5.0,5.0
39780,4.982487440109253,572,5.0,5.0,5.0
39790,4.98348593711853,572,5.0,5.0,5.0
39800,4.984487056732178,572,5.0,5.0,5.0
39810,4.985527038574219,572,5.0,5.0,5.0
39820,4.9874937534332275,572,5.0,5.0,5.0
39830,4.9884867668151855,572,5.0,5.0,5.0
39840,4.9894859790802,572,5.0,5.0,5.0
39850,4.990485668182373,572,5.0,5.0,5.0
39860,4.992491245269775,572,5.0,5.0,5.0
39870,4.993487358093262,572,5.0,5.0,5.0
39880,4.994485855102539,572,5.0,5.0,5.0
39890,4.9954869747161865,572,5.0,5.0,5.0
39900,4.996527194976807,572,5.0,5.0,5.0
39910,4.997487783432007,572,5.0,5.0,5.0
39920,4.999483108520508,572,5.0,5.0,5.0
39930,5.000483512878418,572,5.0,5.0,5.0
39940,5.0014824867248535,572,5.0,5.0,5.0
39950,5.00317645072937,572,5.0,5.0,5.0
39960,5.0044379234313965,572,5.0,5.0,5.0
39970,5.005007028579712,572,5.0,5.0,5.0
39980,5.006267786026001,572,5.0,5.0,5.0
39990,5.008018732070923,572,5.0,5.0,5.0
40000,5.0092597007751465,572,5.0,5.0,5.0
40010,5.010522127151489,572,5.0,5.0,5.0
40020,5.011626720428467,572,5.0,5.0,5.0
40030,5.01335883140564,572,5.0,5.0,5.0
40040,5.014508962631226,572,5.0,5.0,5.0
40050,5.015656471252441,572,5.0,5.0,5.0
40060,5.0168726444244385,572,5.0,5.0,5.0
40070,5.018117666244507,572,5.0,5.0,5.0
40080,5.018738508224487,572,5.0,5.0,5.0
40090,5.019994258880615,572,5.0,5.0,5.0
40100,5.0212414264678955,572,5.0,5.0,5.0
40110,5.022489786148071,572,5.0,5.0,5.0
40120,5.023765563964844,572,5.0,5.0,5.0
40130,5.02501368522644,572,5.0,5.0,5.0
40140,5.0267653465271,572,5.0,5.0,5.0
40150,5.027929782867432,572,5.0,5.0,5.0
40160,5.029169797897339,572,5.0,5.0,5.0
40170,5.030426502227783,572,5.0,5.0,5.0
40180,5.031741380691528,572,5.0,5.0,5.0
40190,5.032756328582764,572,5.0,5.0,5.0
40200,5.033754110336304,572,5.0,5.0,5.0
40210,5.035798072814941,572,5.0,5.0,5.0
40212,5.035798072814941,572,14.0,5.0,5.0
40220,5.036798000335693,572,5.734400000000001,5.0,5.0
40230,5.037752389907837,572,5.0,5.0,5.0
40240,5.03975248336792,572,5.0,5.0,5.0
40250,5.04075288772583,572,5.0,5.0,5.0
40260,5.041751384735107,572,5.0,5.0,5.0
40270,5.0428078174591064,572,5.0,5.0,5.0
40280,5.0437657833099365,572,5.0,5.0,5.0
40290,5.0447916984558105,572,5.0,5.0,5.0
40300,5.0467612743377686,572,5.0,5.0,5.0
40310,5.0477614402771,572,5.0,5.0,5.0
40320,5.048760890960693,572,5.0,5.0,5.0
40330,5.049761056900024,572,5.0,5.0,5.0
40340,5.051760911941528,572,5.0,5.0,5.0
40350,5.05276083946228,572,5.0,5.0,5.0
40360,5.053760528564453,572,5.0,5.0,5.0
40370,5.054760932922363,572,5.0,5.0,5.0
40380,5.055760622024536,572,5.0,5.0,5.0
40390,5.056761026382446,572,5.0,5.0,5.0
40400,5.05776572227478,572,5.0,5.0,5.0
40408,5.0587615966796875,572,14.0,5.0,5.0
40410,5.059762001037598,572,14.0,5.0,5.0
40420,5.060760974884033,572,5.0,5.0,5.0
40430,5.061760902404785,572,5.0,5.0,5.0
40440,5.062760829925537,572,5.0,5.0,5.0
40450,5.06376051902771,572,5.0,5.0,5.0
40460,5.064785480499268,572,5.0,5.0,5.0
40470,5.065783977508545,572,5.0,5.0,5.0
40480,5.066784858703613,572,5.0,5.0,5.0
40481,5.06778621673584,572,14.0,5.0,5.0
40490,5.068784475326538,572,5.734400000000001,5.0,5.0
40500,5.069783926010132,572,5.0,5.0,5.0
40510,5.070784330368042,572,5.0,5.0,5.0
40520,5.071783781051636,572,5.0,5.0,5.0
40530,5.072784662246704,572,5.0,5.0,5.0
40540,5.0737879276275635,572,5.0,5.0,5.0
40550,5.074785947799683,572,5.0,5.0,5.0
40560,5.075784683227539,572,5.0,5.0,5.0
40570,5.077784061431885,572,5.0,5.0,5.0
40580,5.077784061431885,572,5.0,5.0,5.0
40590,5.080339193344116,572,5.0,5.0,5.0
40600,5.081335544586182,572,5.0,5.0,5.0
40610,5.082335472106934,572,5.0,5.0,5.0
40620,5.083334684371948,572,5.0,5.0,5.0
40630,5.0843346118927,572,5.0,5.0,5.0
40640,5.086334466934204,572,5.0,5.0,5.0
40650,5.087334156036377,572,5.0,5.0,5.0
40660,5.088335037231445,572,5.0,5.0,5.0
40670,5.0888800621032715,572,5.0,5.0,5.0
40680,5.089900970458984,572,5.0,5.0,5.0
40690,5.090900421142578,572,5.0,5.0,5.0
40700,5.091899633407593,572,5.0,5.0,5.0
40710,5.093898773193359,572,5.0,5.0,5.0
40720,5.094898700714111,572,5.0,5.0,5.0
40730,5.09590744972229,572,5.0,5.0,5.0
40740,5.096925497055054,572,5.0,5.0,5.0
40750,5.097928285598755,572,5.0,5.0,5.0
40760,5.099924087524414,572,5.0,5.0,5.0
40770,5.099924087524414,572,5.0,5.0,5.0
40773,5.100955009460449,572,14.0,5.0,5.0
40780,5.101977348327637,572,7.168000000000001,5.0,5.0
40790,5.1028900146484375,572,5.0,5.0,5.0
40800,5.103912115097046,572,5.0,5.0,5.0
40810,5.104907035827637,572,5.0,5.0,5.0
40820,5.1058995723724365,572,5.0,5.0,5.0
40830,5.10692572593689,572,5.0,5.0,5.0
40840,5.107891082763672,572,5.0,5.0,5.0
40850,5.108923673629761,572,5.0,5.0,5.0
40860,5.109927415847778,572,5.0,5.0,5.0
40870,5.110889673233032,572,5.0,5.0,5.0
40880,5.111925363540649,572,5.0,5.0,5.0
40890,5.112900733947754,572,5.0,5.0,5.0
40900,5.114933490753174,572,5.0,5.0,5.0
40910,5.115898847579956,572,5.0,5.0,5.0
40920,5.116901636123657,572,5.0,5.0,5.0
40930,5.117900609970093,572,5.0,5.0,5.0
40931,5.117900609970093,572,14.0,5.0,5.0
40940,5.118952035903931,572,5.734400000000001,5.0,5.0
40950,5.119898796081543,572,5.0,5.0,5.0
40960,5.120936632156372,572,5.0,5.0,5.0
40970,5.122951984405518,572,5.0,5.0,5.0
40980,5.12398362159729,572,5.0,5.0,5.0
40990,5.12491774559021,572,5.0,5.0,5.0
41000,5.125898599624634,572,5.0,5.0,5.0
41010,5.127968788146973,572,5.0,5.0,5.0
41020,5.127968788146973,572,5.0,5.0,5.0
41030,5.129523515701294,572,5.0,5.0,5.0
41040,5.131530046463013,572,5.0,5.0,5.0
41050,5.1325297355651855,572,5.0,5.0,5.0
41060,5.133529186248779,572,5.0,5.0,5.0
41070,5.134919166564941,572,5.0,5.0,5.0
41080,5.135929346084595,572,5.0,5.0,5.0
41090,5.13698673248291,572,5.0,5.0,5.0
41100,5.13795018196106,572,5.0,5.0,5.0
41110,5.138929128646851,572,5.0,5.0,5.0
41120,5.140962839126587,572,5.0,5.0,5.0
41130,5.141964673995972,572,5.0,5.0,5.0
41140,5.142929315567017,572,5.0,5.0,5.0
41150,5.1439759731292725,572,5.0,5.0,5.0
41160,5.144967317581177,572,5.0,5.0,5.0
41170,5.1459643840789795,572,5.0,5.0,5.0
41180,5.147002935409546,572,5.0,5.0,5.0
41190,5.1489481925964355,572,5.0,5.0,5.0
41200,5.149929523468018,572,5.0,5.0,5.0
41210,5.150957822799683,572,5.0,5.0,5.0
41217,5.15199613571167,572,14.0,5.0,5.0
41220,5.15199613571167,572,8.96,5.0,5.0
41230,5.153929710388184,572,8.96,5.0,5.0
41240,5.154967546463013,572,5.0,5.0,5.0
41250,5.155966758728027,572,5.0,5.0,5.0
41260,5.156943082809448,572,5.0,5.0,5.0
41270,5.157971143722534,572,5.0,5.0,5.0
41280,5.15896463394165,572,5.0,5.0,5.0
41290,5.160929441452026,572,5.0,5.0,5.0
41300,5.161963701248169,572,5.0,5.0,5.0
41310,5.1630072593688965,572,5.0,5.0,5.0
41320,5.163968563079834,572,5.0,5.0,5.0
41330,5.164954662322998,572,5.0,5.0,5.0
41340,5.165989637374878,572,5.0,5.0,5.0
41350,5.167008399963379,572,5.0,5.0,5.0
41360,5.167965888977051,572,5.0,5.0,5.0
41370,5.168929576873779,572,5.0,5.0,5.0
41380,5.169954538345337,572,5.0,5.0,5.0
41390,5.170966625213623,572,5.0,5.0,5.0
41400,5.171998500823975,572,5.0,5.0,5.0
41410,5.173965692520142,572,5.0,5.0,5.0
41414,5.173965692520142,572,14.0,5.0,5.0
41420,5.174973249435425,572,8.96,5.0,5.0
41430,5.175929307937622,572,5.0,5.0,5.0
41440,5.176949501037598,572,5.0,5.0,5.0
41450,5.1779656410217285,572,5.0,5.0,5.0
41460,5.178930997848511,572,5.0,5.0,5.0
41470,5.179964303970337,572,5.0,5.0,5.0
41480,5.181929349899292,572,5.0,5.0,5.0
41490,5.182929992675781,572,5.0,5.0,5.0
41500,5.183967590332031,572,5.0,5.0,5.0
41510,5.184972286224365,572,5.0,5.0,5.0
41520,5.185940742492676,572,5.0,5.0,5.0
41530,5.18692946434021,572,5.0,5.0,5.0
41540,5.1879332065582275,572,5.0,5.0,5.0
41550,5.189934253692627,572,5.0,5.0,5.0
41560,5.190967321395874,572,5.0,5.0,5.0
41570,5.191965341567993,572,5.0,5.0,5.0
41580,5.192929029464722,572,5.0,5.0,5.0
41590,5.1939613819122314,572,5.0,5.0,5.0
41600,5.194966077804565,572,5.0,5.0,5.0
41610,5.196930646896362,572,5.0,5.0,5.0
41620,5.197965383529663,572,5.0,5.0,5.0
41630,5.199007749557495,572,5.0,5.0,5.0
41640,5.199930191040039,572,5.0,5.0,5.0
41650,5.200930595397949,572,5.0,5.0,5.0
41660,5.201929330825806,572,5.0,5.0,5.0
41670,5.20399284362793,572,5.0,5.0,5.0
41680,5.204929351806641,572,5.0,5.0,5.0
41690,5.205929756164551,572,5.0,5.0,5.0
41700,5.206928491592407,572,5.0,5.0,5.0
41710,5.207965612411499,572,5.0,5.0,5.0
41720,5.208934307098389,572,5.0,5.0,5.0
41730,5.210966348648071,572,5.0,5.0,5.0
41740,5.211996078491211,572,5.0,5.0,5.0
41750,5.212965250015259,572,5.0,5.0,5.0
41760,5.213931083679199,572,5.0,5.0,5.0
41770,5.214928865432739,572,5.0,5.0,5.0
41780,5.216944694519043,572,5.0,5.0,5.0
41790,5.217936277389526,572,5.0,5.0,5.0
41800,5.218932867050171,572,5.0,5.0,5.0
41810,5.219964504241943,572,5.0,5.0,5.0
41820,5.2209296226501465,572,5.0,5.0,5.0
41830,5.221970319747925,572,5.0,5.0,5.0
41840,5.22299861907959,572,5.0,5.0,5.0
41850,5.223939657211304,572,5.0,5.0,5.0
41860,5.2249650955200195,572,5.0,5.0,5.0
41870,5.225929021835327,572,5.0,5.0,5.0
41880,5.226964712142944,572,5.0,5.0,5.0
41890,5.228965520858765,572,5.0,5.0,5.0
41900,5.229939699172974,572,5.0,5.0,5.0
41910,5.230929136276245,572,5.0,5.0,5.0
41920,5.232924938201904,572,5.0,5.0,5.0
41930,5.233924388885498,572,5.0,5.0,5.0
41940,5.233924388885498,572,5.0,5.0,5.0
41950,5.234924077987671,572,5.0,5.0,5.0
41960,5.236924171447754,572,5.0,5.0,5.0
41970,5.237924098968506,572,5.0,5.0,5.0
41980,5.238924026489258,572,5.0,5.0,5.0
41990,5.239924907684326,572,5.0,5.0,5.0
42000,5.240923881530762,572,5.0,5.0,5.0
42010,5.241923809051514,572,5.0,5.0,5.0
42020,5.242924213409424,572,5.0,5.0,5.0
42030,5.243924140930176,572,5.0,5.0,5.0
42040,5.244924306869507,572,5.0,5.0,5.0
42050,5.24592399597168,572,5.0,5.0,5.0
42060,5.246924161911011,572,5.0,5.0,5.0
42070,5.248931169509888,572,5.0,5.0,5.0
42080,5.249958515167236,572,5.0,5.0,5.0
42090,5.250969409942627,572,5.0,5.0,5.0
42100,5.2519683837890625,572,5.0,5.0,5.0
42110,5.253000736236572,572,5.0,5.0,5.0
42120,5.253929853439331,572,5.0,5.0,5.0
42130,5.2549729347229,572,5.0,5.0,5.0
42140,5.255964994430542,572,5.0,5.0,5.0
42150,5.257941961288452,572,5.0,5.0,5.0
42160,5.2589874267578125,572,5.0,5.0,5.0
42170,5.259929895401001,572,5.0,5.0,5.0
42180,5.260931015014648,572,5.0,5.0,5.0
42190,5.262928247451782,572,5.0,5.0,5.0
42200,5.263962745666504,572,5.0,5.0,5.0
42208,5.26495885848999,572,14.0,5.0,5.0
42210,5.26495885848999,572,8.96,5.0,5.0
42220,5.265965223312378,572,5.0,5.0,5.0
42230,5.266963720321655,572,5.0,5.0,5.0
42240,5.267995119094849,572,5.0,5.0,5.0
42250,5.268943786621094,572,5.0,5.0,5.0
42260,5.270960092544556,572,5.0,5.0,5.0
42270,5.271929979324341,572,5.0,5.0,5.0
42280,5.272952556610107,572,5.0,5.0,5.0
42290,5.273963928222656,572,5.0,5.0,5.0
42300,5.274929761886597,572,5.0,5.0,5.0
42310,5.276929140090942,572,5.0,5.0,5.0
42320,5.277934312820435,572,5.0,5.0,5.0
42325,5.277934312820435,572,14.0,5.0,5.0
42330,5.2789528369903564,572,14.0,5.0,5.0
42340,5.2799811363220215,572,5.0,5.0,5.0
42350,5.280967712402344,572,5.0,5.0,5.0
42360,5.282000780105591,572,5.0,5.0,5.0
42370,5.283932447433472,572,5.0,5.0,5.0
42380,5.284955024719238,572,5.0,5.0,5.0
42390,5.2859947681427,572,5.0,5.0,5.0
42400,5.286930322647095,572,5.0,5.0,5.0
42410,5.287966728210449,572,5.0,5.0,5.0
42420,5.2899298667907715,572,5.0,5.0,5.0
42430,5.290978670120239,572,5.0,5.0,5.0
42438,5.291941165924072,572,14.0,5.0,5.0
42440,5.291941165924072,572,11.200000000000001,5.0,5.0
42450,5.292929649353027,572,7.168000000000001,5.0,5.0
42460,5.2939770221710205,572,5.0,5.0,5.0
42470,5.294965744018555,572,5.0,5.0,5.0
42480,5.296973705291748,572,5.0,5.0,5.0
42490,5.297929286956787,572,5.0,5.0,5.0
42500,5.298982620239258,572,5.0,5.0,5.0
42510,5.299940347671509,572,5.0,5.0,5.0
42520,5.300966024398804,572,5.0,5.0,5.0
42530,5.301967144012451,572,5.0,5.0,5.0
42540,5.304018020629883,572,5.0,5.0,5.0
42550,5.305016040802002,572,5.0,5.0,5.0
42560,5.305929183959961,572,5.0,5.0,5.0
42570,5.306964159011841,572,5.0,5.0,5.0
42580,5.308004856109619,572,5.0,5.0,5.0
42590,5.30895471572876,572,5.0,5.0,5.0
42600,5.309987783432007,572,5.0,5.0,5.0
42610,5.310929298400879,572,5.0,5.0,5.0
42620,5.312930107116699,572,5.0,5.0,5.0
42630,5.3139731884002686,572,5.0,5.0,5.0
42640,5.314929723739624,572,5.0,5.0,5.0
42650,5.31593132019043,572,5.0,5.0,5.0
42660,5.316986560821533,572,5.0,5.0,5.0
42670,5.318978548049927,572,5.0,5.0,5.0
42680,5.319971084594727,572,5.0,5.0,5.0
42690,5.320929527282715,572,5.0,5.0,5.0
42700,5.321965456008911,572,5.0,5.0,5.0
42710,5.322929859161377,572,5.0,5.0,5.0
42720,5.323976516723633,572,5.0,5.0,5.0
42730,5.325009346008301,572,5.0,5.0,5.0
42740,5.3269712924957275,572,5.0,5.0,5.0
42750,5.327927112579346,572,5.0,5.0,5.0
42753,5.327927112579346,572,14.0,5.0,5.0
42760,5.328924179077148,572,5.734400000000001,5.0,5.0
42770,5.329923868179321,572,5.0,5.0,5.0
42780,5.330923795700073,572,5.0,5.0,5.0
42790,5.331923723220825,572,5.0,5.0,5.0
42800,5.333923816680908,572,5.0,5.0,5.0
42810,5.33492374420166,572,5.0,5.0,5.0
42820,5.335923910140991,572,5.0,5.0,5.0
42830,5.336924076080322,572,5.0,5.0,5.0
42840,5.337923765182495,572,5.0,5.0,5.0
42850,5.338924169540405,572,5.0,5.0,5.0
42860,5.339923858642578,572,5.0,5.0,5.0
42870,5.341923713684082,572,5.0,5.0,5.0
42880,5.342923879623413,572,5.0,5.0,5.0
42890,5.343924283981323,572,5.0,5.0,5.0
42900,5.344923973083496,572,5.0,5.0,5.0
42910,5.345923900604248,572,5.0,5.0,5.0
42920,5.346923828125,572,5.0,5.0,5.0
42930,5.348923683166504,572,5.0,5.0,5.0
42940,5.349923849105835,572,5.0,5.0,5.0
42950,5.350929498672485,572,5.0,5.0,5.0
42960,5.351966857910156,572,5.0,5.0,5.0
42970,5.3529651165008545,572,5.0,5.0,5.0
42980,5.3539416790008545,572,5.0,5.0,5.0
42990,5.354965925216675,572,5.0,5.0,5.0
43000,5.355993986129761,572,5.0,5.0,5.0
43010,5.3579535484313965,572,5.0,5.0,5.0
43020,5.358996868133545,572,5.0,5.0,5.0
43030,5.359928131103516,572,5.0,5.0,5.0
43040,5.36092472076416,572,5.0,5.0,5.0
43050,5.361929416656494,572,5.0,5.0,5.0
43060,5.362930774688721,572,5.0,5.0,5.0
43067,5.363933086395264,572,14.0,5.0,5.0
43070,5.363933086395264,572,7.168000000000001,5.0,5.0
43080,5.365967035293579,572,5.0,5.0,5.0
43090,5.366966962814331,572,5.0,5.0,5.0
43100,5.367940902709961,572,5.0,5.0,5.0
43110,5.368929147720337,572,5.0,5.0,5.0
43120,5.369953393936157,572,5.0,5.0,5.0
43130,5.370970964431763,572,5.0,5.0,5.0
43140,5.371992111206055,572,5.0,5.0,5.0
43150,5.372941493988037,572,5.0,5.0,5.0
43160,5.37493634223938,572,5.0,5.0,5.0
43170,5.375966548919678,572,5.0,5.0,5.0
43180,5.376930236816406,572,5.0,5.0,5.0
43190,5.378932476043701,572,5.0,5.0,5.0
43200,5.3799660205841064,572,5.0,5.0,5.0
43210,5.3809356689453125,572,5.0,5.0,5.0
43220,5.381983757019043,572,5.0,5.0,5.0
43230,5.38293981552124,572,5.0,5.0,5.0
43234,5.38396430015564,572,14.0,5.0,5.0
43240,5.38396430015564,572,8.96,5.0,5.0
43250,5.384965896606445,572,5.0,5.0,5.0
43260,5.385943174362183,572,5.0,5.0,5.0
43270,5.386983156204224,572,5.0,5.0,5.0
43280,5.388964891433716,572,5.0,5.0,5.0
43290,5.38996434211731,572,5.0,5.0,5.0
43300,5.391953229904175,572,5.0,5.0,5.0
43310,5.392945289611816,572,5.0,5.0,5.0
43320,5.393937826156616,572,5.0,5.0,5.0
43330,5.394942760467529,572,5.0,5.0,5.0
43340,5.395936489105225,572,5.0,5.0,5.0
43350,5.396941423416138,572,5.0,5.0,5.0
43360,5.398951053619385,572,5.0,5.0,5.0
43370,5.399979829788208,572,5.0,5.0,5.0
43380,5.400930404663086,572,5.0,5.0,5.0
43390,5.401952743530273,572,5.0,5.0,5.0
43400,5.402968406677246,572,5.0,5.0,5.0
43410,5.404930114746094,572,5.0,5.0,5.0
43420,5.405977487564087,572,5.0,5.0,5.0
43430,5.406930923461914,572,5.0,5.0,5.0
43440,5.407929182052612,572,5.0,5.0,5.0
43450,5.408966541290283,572,5.0,5.0,5.0
43460,5.4099297523498535,572,5.0,5.0,5.0
43468,5.410952091217041,572,14.0,5.0,5.0
43470,5.411928653717041,572,11.200000000000001,5.0,5.0
43480,5.412929534912109,572,5.0,5.0,5.0
43490,5.413958549499512,572,5.0,5.0,5.0
43500,5.414930105209351,572,5.0,5.0,5.0
43510,5.415961503982544,572,5.0,5.0,5.0
43520,5.417004346847534,572,5.0,5.0,5.0
43530,5.418016195297241,572,5.0,5.0,5.0
43540,5.419967412948608,572,5.0,5.0,5.0
43550,5.4209303855896,572,5.0,5.0,5.0
43560,5.421926736831665,572,5.0,5.0,5.0
43570,5.422929525375366,572,5.0,5.0,5.0
43580,5.423992872238159,572,5.0,5.0,5.0
43586,5.424929857254028,572,14.0,5.0,5.0
43590,5.424929857254028,572,7.168000000000001,5.0,5.0
43600,5.425931453704834,572,5.0,5.0,5.0
43610,5.427929162979126,572,5.0,5.0,5.0
43620,5.428927898406982,572,5.0,5.0,5.0
43630,5.4299280643463135,572,5.0,5.0,5.0
43640,5.430932998657227,572,5.0,5.0,5.0
43650,5.432021856307983,572,5.0,5.0,5.0
43660,5.433932781219482,572,5.0,5.0,5.0
43670,5.434990644454956,572,5.0,5.0,5.0
43680,5.435966491699219,572,5.0,5.0,5.0
43690,5.436933517456055,572,5.0,5.0,5.0
43700,5.4379661083221436,572,5.0,5.0,5.0
43710,5.438927888870239,572,5.0,5.0,5.0
43720,5.4409661293029785,572,5.0,5.0,5.0
43730,5.441936254501343,572,5.0,5.0,5.0
43740,5.442965030670166,572,5.0,5.0,5.0
43750,5.443995475769043,572,5.0,5.0,5.0
43760,5.445967197418213,572,5.0,5.0,5.0
43770,5.446933031082153,572,5.0,5.0,5.0
43780,5.447929382324219,572,5.0,5.0,5.0
43790,5.448929309844971,572,5.0,5.0,5.0
43800,5.451017141342163,572,5.0,5.0,5.0
43808,5.451017141342163,572,14.0,5.0,5.0
43810,5.451930046081543,572,11.200000000000001,5.0,5.0
43820,5.452929735183716,572,5.0,5.0,5.0
43830,5.45398211479187,572,5.0,5.0,5.0
43840,5.454930067062378,572,5.0,5.0,5.0
43850,5.4559502601623535,572,5.0,5.0,5.0
43860,5.457967042922974,572,5.0,5.0,5.0
43870,5.458929777145386,572,5.0,5.0,5.0
43880,5.459957599639893,572,5.0,5.0,5.0
43890,5.4609293937683105,572,5.0,5.0,5.0
43900,5.4619293212890625,572,5.0,5.0,5.0
43910,5.4629292488098145,572,5.0,5.0,5.0
43920,5.4639294147491455,572,5.0,5.0,5.0
43930,5.4649271965026855,572,5.0,5.0,5.0
43940,5.465969562530518,572,5.0,5.0,5.0
43950,5.467960834503174,572,5.0,5.0,5.0
43960,5.468931198120117,572,5.0,5.0,5.0
43970,5.469951868057251,572,5.0,5.0,5.0
43980,5.47096586227417,572,5.0,5.0,5.0
43990,5.471969366073608,572,5.0,5.0,5.0
44000,5.472937345504761,572,5.0,5.0,5.0
44010,5.47498083114624,572,5.0,5.0,5.0
44020,5.475939989089966,572,5.0,5.0,5.0
44030,5.476987361907959,572,5.0,5.0,5.0
44040,5.477941036224365,572,5.0,5.0,5.0
44050,5.478963136672974,572,5.0,5.0,5.0
44060,5.479967832565308,572,5.0,5.0,5.0
44070,5.48096776008606,572,5.0,5.0,5.0
44080,5.482928514480591,572,5.0,5.0,5.0
44090,5.483927488327026,572,5.0,5.0,5.0
44100,5.484929084777832,572,5.0,5.0,5.0
44110,5.485986709594727,572,5.0,5.0,5.0
44120,5.486993312835693,572,5.0,5.0,5.0
44130,5.48798131942749,572,5.0,5.0,5.0
44140,5.4890336990356445,572,5.0,5.0,5.0
44150,5.4899821281433105,572,5.0,5.0,5.0
44160,5.491949081420898,572,5.0,5.0,5.0
44170,5.492956638336182,572,5.0,5.0,5.0
44180,5.493948221206665,572,5.0,5.0,5.0
44190,5.494967460632324,572,5.0,5.0,5.0
44200,5.495953321456909,572,5.0,5.0,5.0
44210,5.49793004989624,572,5.0,5.0,5.0
44220,5.498969793319702,572,5.0,5.0,5.0
44230,5.499929904937744,572,5.0,5.0,5.0
44240,5.500933885574341,572,5.0,5.0,5.0
44250,5.501939058303833,572,5.0,5.0,5.0
44260,5.503927946090698,572,5.0,5.0,5.0
44270,5.504924297332764,572,5.0,5.0,5.0
44280,5.505924463272095,572,5.0,5.0,5.0
44290,5.506924152374268,572,5.0,5.0,5.0
44300,5.50892448425293,572,5.0,5.0,5.0
44310,5.509929180145264,572,5.0,5.0,5.0
44320,5.510926723480225,572,5.0,5.0,5.0
44330,5.512967348098755,572,5.0,5.0,5.0
44340,5.513927698135376,572,5.0,5.0,5.0
44350,5.51493239402771,572,5.0,5.0,5.0
44360,5.515967130661011,572,5.0,5.0,5.0
44370,5.517928838729858,572,5.0,5.0,5.0
44380,5.5189433097839355,572,5.0,5.0,5.0
44390,5.52002477645874,572,5.0,5.0,5.0
44400,5.521028757095337,572,5.0,5.0,5.0
44410,5.521928787231445,572,5.0,5.0,5.0
44420,5.523965835571289,572,5.0,5.0,5.0
44430,5.524954795837402,572,5.0,5.0,5.0
44440,5.525935888290405,572,5.0,5.0,5.0
44450,5.526931285858154,572,5.0,5.0,5.0
44460,5.528969049453735,572,5.0,5.0,5.0
44470,5.529928684234619,572,5.0,5.0,5.0
44480,5.530949354171753,572,5.0,5.0,5.0
44490,5.53193473815918,572,5.0,5.0,5.0
44500,5.533931493759155,572,5.0,5.0,5.0
44510,5.535031795501709,572,5.0,5.0,5.0
44520,5.535929918289185,572,5.0,5.0,5.0
44530,5.537969350814819,572,5.0,5.0,5.0
44540,5.539002895355225,572,5.0,5.0,5.0
44550,5.539933204650879,572,5.0,5.0,5.0
44560,5.540926694869995,572,5.0,5.0,5.0
44570,5.541934490203857,572,5.0,5.0,5.0
44580,5.542929649353027,572,5.0,5.0,5.0
44590,5.54399299621582,572,5.0,5.0,5.0
44592,5.54399299621582,572,14.0,5.0,5.0
44600,5.5449278354644775,572,5.0,5.0,5.0
44610,5.545942544937134,572,5.0,5.0,5.0
44620,5.547015428543091,572,5.0,5.0,5.0
44630,5.548021078109741,572,5.0,5.0,5.0
44640,5.548936605453491,572,5.0,5.0,5.0
44650,5.549931526184082,572,5.0,5.0,5.0
44660,5.550932168960571,572,5.0,5.0,5.0
44670,5.552934169769287,572,5.0,5.0,5.0
44680,5.5539374351501465,572,5.0,5.0,5.0
44690,5.554930210113525,572,5.0,5.0,5.0
44692,5.554930210113525,572,14.0,5.0,5.0
44700,5.556010723114014,572,5.734400000000001,5.0,5.0
44705,5.556010723114014,572,14.0,5.0,5.0
44710,5.556937217712402,572,8.96,5.0,5.0
44720,5.557929277420044,572,5.0,5.0,5.0
44730,5.55893349647522,572,5.0,5.0,5.0
44740,5.55993914604187,572,5.0,5.0,5.0
44750,5.560974359512329,572,5.0,5.0,5.0
44760,5.5629723072052,572,5.0,5.0,5.0
44770,5.563966274261475,572,5.0,5.0,5.0
44780,5.564928770065308,572,5.0,5.0,5.0
44790,5.566929340362549,572,5.0,5.0,5.0
44800,5.5679755210876465,572,5.0,5.0,5.0
44810,5.568933963775635,572,5.0,5.0,5.0
44820,5.569964647293091,572,5.0,5.0,5.0
44830,5.571930408477783,572,5.0,5.0,5.0
44840,5.57292914390564,572,5.0,5.0,5.0
44850,5.5739357471466064,572,5.0,5.0,5.0
44860,5.574959754943848,572,5.0,5.0,5.0
44870,5.575932502746582,572,5.0,5.0,5.0
44880,5.576968193054199,572,5.0,5.0,5.0
44890,5.57796049118042,572,5.0,5.0,5.0
44900,5.57901930809021,572,5.0,5.0,5.0
44910,5.57996678352356,572,5.0,5.0,5.0
44920,5.580993890762329,572,5.0,5.0,5.0
44930,5.581958532333374,572,5.0,5.0,5.0
44940,5.582953453063965,572,5.0,5.0,5.0
44950,5.583932161331177,572,5.0,5.0,5.0
44960,5.584927558898926,572,5.0,5.0,5.0
44970,5.5869269371032715,572,5.0,5.0,5.0
44980,5.5879271030426025,572,5.0,5.0,5.0
44990,5.588926553726196,572,5.0,5.0,5.0
45000,5.589925527572632,572,5.0,5.0,5.0
45010,5.590925216674805,572,5.0,5.0,5.0
45020,5.591925859451294,572,5.0,5.0,5.0
45030,5.592925548553467,572,5.0,5.0,5.0
45040,5.593925952911377,572,5.0,5.0,5.0
45050,5.594926118850708,572,5.0,5.0,5.0
45060,5.595925331115723,572,5.0,5.0,5.0
45067,5.596928358078003,572,14.0,5.0,5.0
45070,5.597928047180176,572,11.200000000000001,5.0,5.0
45080,5.598957538604736,572,7.168000000000001,5.0,5.0
45090,5.599967002868652,572,5.0,5.0,5.0
45100,5.6010072231292725,572,5.0,5.0,5.0
45110,5.602975368499756,572,5.0,5.0,5.0
45120,5.603967666625977,572,5.0,5.0,5.0
45130,5.605035305023193,572,5.0,5.0,5.0
45140,5.605931282043457,572,5.0,5.0,5.0
45150,5.606965780258179,572,5.0,5.0,5.0
45160,5.608929395675659,572,5.0,5.0,5.0
45170,5.609975576400757,572,5.0,5.0,5.0
45180,5.6109299659729,572,5.0,5.0,5.0
45190,5.611969709396362,572,5.0,5.0,5.0
45200,5.612933158874512,572,5.0,5.0,5.0
45210,5.614023447036743,572,5.0,5.0,5.0
45220,5.614949703216553,572,5.0,5.0,5.0
45230,5.615969657897949,572,5.0,5.0,5.0
45240,5.616933822631836,572,5.0,5.0,5.0
45250,5.617979526519775,572,5.0,5.0,5.0
45260,5.619929790496826,572,5.0,5.0,5.0
45270,5.6209588050842285,572,5.0,5.0,5.0
45280,5.621968746185303,572,5.0,5.0,5.0
45290,5.622964143753052,572,5.0,5.0,5.0
45300,5.624929666519165,572,5.0,5.0,5.0
45310,5.626023054122925,572,5.0,5.0,5.0
45320,5.626950740814209,572,5.0,5.0,5.0
45330,5.627975225448608,572,5.0,5.0,5.0
45340,5.629025459289551,572,5.0,5.0,5.0
45350,5.6305015087127686,572,5.0,5.0,5.0
45360,5.63251256942749,572,5.0,5.0,5.0
45370,5.633556127548218,572,5.0,5.0,5.0
45380,5.634516477584839,572,5.0,5.0,5.0
45390,5.635576963424683,572,5.0,5.0,5.0
45400,5.636549711227417,572,5.0,5.0,5.0
45410,5.63756251335144,572,5.0,5.0,5.0
45420,5.638521909713745,572,5.0,5.0,5.0
45430,5.640572547912598,572,5.0,5.0,5.0
45440,5.64159631729126,572,5.0,5.0,5.0
45450,5.642516851425171,572,5.0,5.0,5.0
45460,5.643519878387451,572,5.0,5.0,5.0
45470,5.644529819488525,572,5.0,5.0,5.0
45480,5.64551305770874,572,5.0,5.0,5.0
45490,5.6475136280059814,572,5.0,5.0,5.0
45500,5.648553848266602,572,5.0,5.0,5.0
45510,5.649549722671509,572,5.0,5.0,5.0
45520,5.650518417358398,572,5.0,5.0,5.0
45530,5.651518106460571,572,5.0,5.0,5.0
45540,5.652619361877441,572,5.0,5.0,5.0
45550,5.653553247451782,572,5.0,5.0,5.0
45560,5.655515670776367,572,5.0,5.0,5.0
45570,5.656550645828247,572,5.0,5.0,5.0
45580,5.6575140953063965,572,5.0,5.0,5.0
45590,5.658514499664307,572,5.0,5.0,5.0
45600,5.6595587730407715,572,5.0,5.0,5.0
45610,5.661593675613403,572,5.0,5.0,5.0
45620,5.66260290145874,572,5.0,5.0,5.0
45630,5.663568019866943,572,5.0,5.0,5.0
45640,5.664514064788818,572,5.0,5.0,5.0
45650,5.664514064788818,572,5.0,5.0,5.0
45660,5.665519952774048,572,5.0,5.0,5.0
45670,5.6675193309783936,572,5.0,5.0,5.0
45680,5.668585538864136,572,5.0,5.0,5.0
45690,5.669550895690918,572,5.0,5.0,5.0
45700,5.670522928237915,572,5.0,5.0,5.0
45710,5.671514272689819,572,5.0,5.0,5.0
45720,5.673513889312744,572,5.0,5.0,5.0
45730,5.674520254135132,572,5.0,5.0,5.0
45740,5.675553560256958,572,5.0,5.0,5.0
45750,5.675553560256958,572,5.0,5.0,5.0
45760,5.678031921386719,572,5.0,5.0,5.0
45770,5.679030895233154,572,5.0,5.0,5.0
45780,5.680053472518921,572,5.0,5.0,5.0
45790,5.681046724319458,572,5.0,5.0,5.0
45800,5.683072090148926,572,5.0,5.0,5.0
45810,5.68412446975708,572,5.0,5.0,5.0
45820,5.685082674026489,572,5.0,5.0,5.0
45830,5.686056137084961,572,5.0,5.0,5.0
45840,5.68809700012207,572,5.0,5.0,5.0
45850,5.689035415649414,572,5.0,5.0,5.0
45860,5.690037250518799,572,5.0,5.0,5.0
45870,5.691045045852661,572,5.0,5.0,5.0
45880,5.692036390304565,572,5.0,5.0,5.0
45890,5.693073749542236,572,5.0,5.0,5.0
45900,5.6941163539886475,572,5.0,5.0,5.0
45910,5.695034980773926,572,5.0,5.0,5.0
45920,5.697042942047119,572,5.0,5.0,5.0
45930,5.698040246963501,572,5.0,5.0,5.0
45940,5.699088096618652,572,5.0,5.0,5.0
45950,5.700035333633423,572,5.0,5.0,5.0
45960,5.70107364654541,572,5.0,5.0,5.0
45970,5.703035116195679,572,5.0,5.0,5.0
45980,5.704036235809326,572,5.0,5.0,5.0
45990,5.705095291137695,572,5.0,5.0,5.0
46000,5.7060770988464355,572,5.0,5.0,5.0
46010,5.707046270370483,572,5.0,5.0,5.0
46020,5.708074331283569,572,5.0,5.0,5.0
46030,5.709071397781372,572,5.0,5.0,5.0
46040,5.71003532409668,572,5.0,5.0,5.0
46041,5.711061954498291,572,14.0,5.0,5.0
46050,5.712072134017944,572,5.734400000000001,5.0,5.0
46060,5.713073015213013,572,5.0,5.0,5.0
46070,5.714125156402588,572,5.0,5.0,5.0
46080,5.715057373046875,572,5.0,5.0,5.0
46090,5.71606707572937,572,5.0,5.0,5.0
46100,5.717076301574707,572,5.0,5.0,5.0
46110,5.7181150913238525,572,5.0,5.0,5.0
46120,5.7200706005096436,572,5.0,5.0,5.0
46130,5.721098184585571,572,5.0,5.0,5.0
46140,5.722079515457153,572,5.0,5.0,5.0
46150,5.723083257675171,572,5.0,5.0,5.0
46160,5.725052356719971,572,5.0,5.0,5.0
46170,5.726038217544556,572,5.0,5.0,5.0
46180,5.727038383483887,572,5.0,5.0,5.0
46190,5.728099822998047,572,5.0,5.0,5.0
46200,5.729077339172363,572,5.0,5.0,5.0
46210,5.7300474643707275,572,5.0,5.0,5.0
46220,5.732073545455933,572,5.0,5.0,5.0
46230,5.733035087585449,572,5.0,5.0,5.0
46240,5.7340617179870605,572,5.0,5.0,5.0
46250,5.735071659088135,572,5.0,5.0,5.0
46260,5.736035108566284,572,5.0,5.0,5.0
46270,5.737071514129639,572,5.0,5.0,5.0
46280,5.738076448440552,572,5.0,5.0,5.0
46290,5.739086151123047,572,5.0,5.0,5.0
46300,5.741035461425781,572,5.0,5.0,5.0
46310,5.742074251174927,572,5.0,5.0,5.0
46320,5.742074251174927,572,5.0,5.0,5.0
46330,5.744069576263428,572,5.0,5.0,5.0
46340,5.74511456489563,572,5.0,5.0,5.0
46350,5.746071815490723,572,5.0,5.0,5.0
46360,5.748088836669922,572,5.0,5.0,5.0
46370,5.74908971786499,572,5.0,5.0,5.0
46380,5.750076770782471,572,5.0,5.0,5.0
46390,5.751035213470459,572,5.0,5.0,5.0
46400,5.752063274383545,572,5.0,5.0,5.0
46410,5.752063274383545,572,5.0,5.0,5.0
46420,5.754132986068726,572,5.0,5.0,5.0
46430,5.755141019821167,572,5.0,5.0,5.0
46440,5.756041526794434,572,5.0,5.0,5.0
46450,5.758073329925537,572,5.0,5.0,5.0
46459,5.7590484619140625,572,14.0,5.0,5.0
46460,5.7590484619140625,572,14.0,5.0,5.0
46469,5.7600343227386475,572,15.7344,5.0,5.0
46470,5.7600343227386475,572,12.587520000000001,5.0,5.0
46480,5.761036157608032,572,5.0,5.0,5.0
46490,5.762067556381226,572,5.0,5.0,5.0
46500,5.764075517654419,572,5.0,5.0,5.0
46510,5.76512336730957,572,5.0,5.0,5.0
46520,5.766035556793213,572,5.0,5.0,5.0
46530,5.767035722732544,572,5.0,5.0,5.0
46540,5.768072128295898,572,5.0,5.0,5.0
46550,5.770034551620483,572,5.0,5.0,5.0
46560,5.7710349559783936,572,5.0,5.0,5.0
46570,5.772061347961426,572,5.0,5.0,5.0
46580,5.7730348110198975,572,5.0,5.0,5.0
46590,5.774071216583252,572,5.0,5.0,5.0
46600,5.77503514289856,572,5.0,5.0,5.0
46610,5.776075124740601,572,5.0,5.0,5.0
46620,5.777034282684326,572,5.0,5.0,5.0
46630,5.778071880340576,572,5.0,5.0,5.0
46640,5.780034065246582,572,5.0,5.0,5.0
46650,5.781074047088623,572,5.0,5.0,5.0
46660,5.781074047088623,572,5.0,5.0,5.0
46670,5.783095598220825,572,5.0,5.0,5.0
46680,5.784116983413696,572,5.0,5.0,5.0
46690,5.78513765335083,572,5.0,5.0,5.0
46700,5.787041664123535,572,5.0,5.0,5.0
46710,5.788034915924072,572,5.0,5.0,5.0
46720,5.789088249206543,572,5.0,5.0,5.0
46730,5.790044546127319,572,5.0,5.0,5.0
46740,5.792039394378662,572,5.0,5.0,5.0
46750,5.793087720870972,572,5.0,5.0,5.0
46760,5.7940733432769775,572,5.0,5.0,5.0
46770,5.795083284378052,572,5.0,5.0,5.0
46780,5.797049283981323,572,5.0,5.0,5.0
46790,5.798070907592773,572,5.0,5.0,5.0
46800,5.799071788787842,572,5.0,5.0,5.0
46810,5.800078630447388,572,5.0,5.0,5.0
46820,5.801042556762695,572,5.0,5.0,5.0
46824,5.802034616470337,572,14.0,5.0,5.0
46830,5.803095817565918,572,7.168000000000001,5.0,5.0
46840,5.804053068161011,572,5.0,5.0,5.0
46850,5.805075645446777,572,5.0,5.0,5.0
46860,5.806035280227661,572,5.0,5.0,5.0
46870,5.807055234909058,572,5.0,5.0,5.0
46880,5.80803370475769,572,5.0,5.0,5.0
46890,5.81007194519043,572,5.0,5.0,5.0
46900,5.811034202575684,572,5.0,5.0,5.0
46910,5.8120341300964355,572,5.0,5.0,5.0
46920,5.814108610153198,572,5.0,5.0,5.0
46930,5.815033674240112,572,5.0,5.0,5.0
46940,5.816032409667969,572,5.0,5.0,5.0
46950,5.8170325756073,572,5.0,5.0,5.0
46960,5.819033145904541,572,5.0,5.0,5.0
46970,5.821038722991943,572,5.0,5.0,5.0
46980,5.824030637741089,572,5.0,5.0,5.0
46990,5.825029611587524,572,5.0,5.0,5.0
47000,5.826030492782593,572,5.0,5.0,5.0
47010,5.830047130584717,572,5.0,5.0,5.0
47020,5.836039304733276,572,5.0,5.0,5.0
47030,5.837035655975342,572,5.0,5.0,5.0
47040,5.83804726600647,572,5.0,5.0,5.0
47050,5.839047193527222,572,5.0,5.0,5.0
47060,5.840050458908081,572,5.0,5.0,5.0
47070,5.841065883636475,572,5.0,5.0,5.0
47080,5.843046426773071,572,5.0,5.0,5.0
47090,5.844035625457764,572,5.0,5.0,5.0
47100,5.845040798187256,572,5.0,5.0,5.0
47110,5.846035480499268,572,5.0,5.0,5.0
47120,5.847117185592651,572,5.0,5.0,5.0
47130,5.848034381866455,572,5.0,5.0,5.0
47140,5.850038051605225,572,5.0,5.0,5.0
47150,5.851073265075684,572,5.0,5.0,5.0
47160,5.8520379066467285,572,5.0,5.0,5.0
47170,5.854032516479492,572,5.0,5.0,5.0
47180,5.855032444000244,572,5.0,5.0,5.0
47190,5.857032537460327,572,5.0,5.0,5.0
47200,5.859039068222046,572,5.0,5.0,5.0
47210,5.860032320022583,572,5.0,5.0,5.0
47220,5.861032009124756,572,5.0,5.0,5.0
47230,5.862031698226929,572,5.0,5.0,5.0
47240,5.864032030105591,572,5.0,5.0,5.0
47250,5.865031719207764,572,5.0,5.0,5.0
47260,5.867034435272217,572,5.0,5.0,5.0
47270,5.869038105010986,572,5.0,5.0,5.0
47280,5.870035171508789,572,5.0,5.0,5.0
47290,5.872030973434448,572,5.0,5.0,5.0
47300,5.873034238815308,572,5.0,5.0,5.0
47310,5.874030590057373,572,5.0,5.0,5.0
47320,5.876033544540405,572,5.0,5.0,5.0
47330,5.8770365715026855,572,5.0,5.0,5.0
47340,5.878032684326172,572,5.0,5.0,5.0
47350,5.879043817520142,572,5.0,5.0,5.0
47360,5.880033254623413,572,5.0,5.0,5.0
47361,5.8810343742370605,572,14.0,5.0,5.0
47370,5.8810343742370605,572,5.0,5.0,5.0
47380,5.884045600891113,572,5.0,5.0,5.0
47390,5.88703989982605,572,5.0,5.0,5.0
47400,5.888037204742432,572,5.0,5.0,5.0
47410,5.88904070854187,572,5.0,5.0,5.0
47420,5.890036344528198,572,5.0,5.0,5.0
47430,5.892037868499756,572,5.0,5.0,5.0
47440,5.893061637878418,572,5.0,5.0,5.0
47450,5.894323825836182,572,5.0,5.0,5.0
47460,5.895353078842163,572,5.0,5.0,5.0
47470,5.89635968208313,572,5.0,5.0,5.0
47480,5.897359609603882,572,5.0,5.0,5.0
47490,5.9003400802612305,572,5.0,5.0,5.0
47500,5.90134072303772,572,5.0,5.0,5.0
47510,5.902338743209839,572,5.0,5.0,5.0
47520,5.904338121414185,572,5.0,5.0,5.0
47530,5.905337572097778,572,5.0,5.0,5.0
47540,5.906337738037109,572,5.0,5.0,5.0
47550,5.90733790397644,572,5.0,5.0,5.0
47560,5.909337997436523,572,5.0,5.0,5.0
47570,5.910337686538696,572,5.0,5.0,5.0
47580,5.912341356277466,572,5.0,5.0,5.0
47590,5.91334342956543,572,5.0,5.0,5.0
47600,5.917646408081055,572,5.0,5.0,5.0
47610,5.920650482177734,572,5.0,5.0,5.0
47620,5.921644449234009,572,5.0,5.0,5.0
47630,5.923646450042725,572,5.0,5.0,5.0
47640,5.924642086029053,572,5.0,5.0,5.0
47650,5.925643444061279,572,5.0,5.0,5.0
47660,5.927638530731201,572,5.0,5.0,5.0
47670,5.928638696670532,572,5.0,5.0,5.0
47680,5.930650234222412,572,5.0,5.0,5.0
47690,5.931647539138794,572,5.0,5.0,5.0
47700,5.9326395988464355,572,5.0,5.0,5.0
47710,5.933727979660034,572,5.0,5.0,5.0
47720,5.934717416763306,572,5.0,5.0,5.0
47730,5.935678482055664,572,5.0,5.0,5.0
47740,5.936638355255127,572,5.0,5.0,5.0
47750,5.93764591217041,572,5.0,5.0,5.0
47760,5.938643217086792,572,5.0,5.0,5.0
47770,5.939640045166016,572,5.0,5.0,5.0
47780,5.941677093505859,572,5.0,5.0,5.0
47790,5.94264030456543,572,5.0,5.0,5.0
47800,5.944640159606934,572,5.0,5.0,5.0
47810,5.945665597915649,572,5.0,5.0,5.0
47820,5.945665597915649,572,5.0,5.0,5.0
47830,5.9477410316467285,572,5.0,5.0,5.0
47840,5.9486403465271,572,5.0,5.0,5.0
47850,5.950639486312866,572,5.0,5.0,5.0
47860,5.951643705368042,572,5.0,5.0,5.0
47870,5.952648162841797,572,5.0,5.0,5.0
47880,5.953669786453247,572,5.0,5.0,5.0
47890,5.954639673233032,572,5.0,5.0,5.0
47900,5.956644535064697,572,5.0,5.0,5.0
47910,5.957693099975586,572,5.0,5.0,5.0
47920,5.958718299865723,572,5.0,5.0,5.0
47930,5.959725856781006,572,5.0,5.0,5.0
47940,5.960655450820923,572,5.0,5.0,5.0
47950,5.962677240371704,572,5.0,5.0,5.0
47960,5.963724613189697,572,5.0,5.0,5.0
47970,5.9646406173706055,572,5.0,5.0,5.0
47980,5.96567702293396,572,5.0,5.0,5.0
47990,5.966711044311523,572,5.0,5.0,5.0
48000,5.967640399932861,572,5.0,5.0,5.0
48010,5.968639612197876,572,5.0,5.0,5.0
48020,5.969666957855225,572,5.0,5.0,5.0
48030,5.971729516983032,572,5.0,5.0,5.0
48040,5.972648620605469,572,5.0,5.0,5.0
48050,5.973701477050781,572,5.0,5.0,5.0
48060,5.975640058517456,572,5.0,5.0,5.0
48070,5.976656675338745,572,5.0,5.0,5.0
48080,5.977725505828857,572,5.0,5.0,5.0
48090,5.97868537902832,572,5.0,5.0,5.0
48100,5.97969388961792,572,5.0,5.0,5.0
48110,5.980690240859985,572,5.0,5.0,5.0
48120,5.9817259311676025,572,5.0,5.0,5.0
48130,5.982696533203125,572,5.0,5.0,5.0
48140,5.983697891235352,572,5.0,5.0,5.0
48150,5.984741449356079,572,5.0,5.0,5.0
48160,5.986684560775757,572,5.0,5.0,5.0
48170,5.987682819366455,572,5.0,5.0,5.0
48180,5.988703966140747,572,5.0,5.0,5.0
48190,5.989713191986084,572,5.0,5.0,5.0
48200,5.9906744956970215,572,5.0,5.0,5.0
48210,5.992638826370239,572,5.0,5.0,5.0
48220,5.99381947517395,572,5.0,5.0,5.0
48230,5.994835615158081,572,5.0,5.0,5.0
48240,5.995890855789185,572,5.0,5.0,5.0
48250,5.996828556060791,572,5.0,5.0,5.0
48260,5.997854232788086,572,5.0,5.0,5.0
48270,5.9998884201049805,572,5.0,5.0,5.0
48280,6.000886678695679,572,5.0,5.0,5.0
48290,6.001893997192383,572,5.0,5.0,5.0
48300,6.0028815269470215,572,5.0,5.0,5.0
48310,6.003854751586914,572,5.0,5.0,5.0
48320,6.004875898361206,572,5.0,5.0,5.0
48330,6.005883693695068,572,5.0,5.0,5.0
48340,6.006887197494507,572,5.0,5.0,5.0
48350,6.008830547332764,572,5.0,5.0,5.0
48360,6.009866952896118,572,5.0,5.0,5.0
48370,6.010871887207031,572,5.0,5.0,5.0
48380,6.011839866638184,572,5.0,5.0,5.0
48390,6.012896299362183,572,5.0,5.0,5.0
48400,6.013850927352905,572,5.0,5.0,5.0
48410,6.0148608684539795,572,5.0,5.0,5.0
48415,6.015867710113525,572,14.0,5.0,5.0
48420,6.015867710113525,572,5.734400000000001,5.0,5.0
48426,6.016870498657227,572,14.0,5.0,5.0
48430,6.016870498657227,572,8.96,5.0,5.0
48440,6.017872095108032,572,5.0,5.0,5.0
48450,6.018877029418945,572,5.0,5.0,5.0
48460,6.019896745681763,572,5.0,5.0,5.0
48470,6.021830320358276,572,5.0,5.0,5.0
48480,6.023830413818359,572,5.0,5.0,5.0
48490,6.024829626083374,572,5.0,5.0,5.0
48500,6.0258262157440186,572,5.0,5.0,5.0
48510,6.026825666427612,572,5.0,5.0,5.0
48520,6.027824640274048,572,5.0,5.0,5.0
48530,6.028824806213379,572,5.0,5.0,5.0
48540,6.03082537651062,572,5.0,5.0,5.0
48550,6.03082537651062,572,5.0,5.0,5.0
48560,6.031824350357056,572,5.0,5.0,5.0
48570,6.033824682235718,572,5.0,5.0,5.0
48580,6.034825086593628,572,5.0,5.0,5.0
48590,6.035824775695801,572,5.0,5.0,5.0
48600,6.037829637527466,572,5.0,5.0,5.0
48603,6.037829637527466,572,14.0,5.0,5.0
48610,6.03883171081543,572,5.0,5.0,5.0
48620,6.040830850601196,572,5.0,5.0,5.0
48630,6.043828725814819,572,5.0,5.0,5.0
48640,6.044825077056885,572,5.0,5.0,5.0
48650,6.045825719833374,572,5.0,5.0,5.0
48658,6.046824932098389,572,14.0,5.0,5.0
48660,6.046824932098389,572,11.200000000000001,5.0,5.0
48670,6.048825025558472,572,5.0,5.0,5.0
48680,6.04982590675354,572,5.0,5.0,5.0
48683,6.04982590675354,572,14.0,5.0,5.0
48690,6.050825357437134,572,8.96,5.0,5.0
48700,6.051825284957886,572,5.0,5.0,5.0
48710,6.052824974060059,572,5.0,5.0,5.0
48720,6.054825067520142,572,5.0,5.0,5.0
48730,6.056337118148804,572,5.0,5.0,5.0
48740,6.057350397109985,572,5.0,5.0,5.0
48750,6.059345960617065,572,5.0,5.0,5.0
48760,6.060345888137817,572,5.0,5.0,5.0
48770,6.06134819984436,572,5.0,5.0,5.0
48780,6.062347650527954,572,5.0,5.0,5.0
48790,6.063345909118652,572,5.0,5.0,5.0
48800,6.064345121383667,572,5.0,5.0,5.0
48810,6.065347194671631,572,5.0,5.0,5.0
48820,6.066347122192383,572,5.0,5.0,5.0
48830,6.068345785140991,572,5.0,5.0,5.0
48840,6.069345951080322,572,5.0,5.0,5.0
48850,6.070347547531128,572,5.0,5.0,5.0
48860,6.072346210479736,572,5.0,5.0,5.0
48870,6.07334566116333,572,5.0,5.0,5.0
48880,6.074348211288452,572,5.0,5.0,5.0
48890,6.075347900390625,572,5.0,5.0,5.0
48900,6.076345920562744,572,5.0,5.0,5.0
48910,6.077345371246338,572,5.0,5.0,5.0
48920,6.078347444534302,572,5.0,5.0,5.0
48930,6.079346656799316,572,5.0,5.0,5.0
48940,6.080347061157227,572,5.0,5.0,5.0
48950,6.081345558166504,572,5.0,5.0,5.0
48960,6.082345485687256,572,5.0,5.0,5.0
48970,6.084347248077393,572,5.0,5.0,5.0
48980,6.085345983505249,572,5.0,5.0,5.0
48990,6.086345195770264,572,5.0,5.0,5.0
49000,6.087345838546753,572,5.0,5.0,5.0
49008,6.08834433555603,572,14.0,5.0,5.0
49010,6.089343547821045,572,8.96,5.0,5.0
49020,6.090343952178955,572,5.0,5.0,5.0
49030,6.091343402862549,572,5.0,5.0,5.0
49040,6.09234356880188,572,5.0,5.0,5.0
49050,6.093343019485474,572,5.0,5.0,5.0
49060,6.095343112945557,572,5.0,5.0,5.0
49061,6.095343112945557,572,14.0,5.0,5.0
49070,6.096343278884888,572,5.734400000000001,5.0,5.0
49080,6.09734320640564,572,5.0,5.0,5.0
49090,6.09834361076355,572,5.0,5.0,5.0
49100,6.099343299865723,572,5.0,5.0,5.0
49110,6.100343704223633,572,5.0,5.0,5.0
49120,6.101343154907227,572,5.0,5.0,5.0
49130,6.103344440460205,572,5.0,5.0,5.0
49140,6.10434365272522,572,5.0,5.0,5.0
49150,6.105343341827393,572,5.0,5.0,5.0
49160,6.106343507766724,572,5.0,5.0,5.0
49170,6.1083433628082275,572,5.0,5.0,5.0
49180,6.1093432903289795,572,5.0,5.0,5.0
49190,6.1103434562683105,572,5.0,5.0,5.0
49200,6.1123433113098145,572,5.0,5.0,5.0
49210,6.113343238830566,572,5.0,5.0,5.0
49220,6.1143434047698975,572,5.0,5.0,5.0
49230,6.11534309387207,572,5.0,5.0,5.0
49240,6.116343259811401,572,5.0,5.0,5.0
49250,6.117343425750732,572,5.0,5.0,5.0
49260,6.11937141418457,572,5.0,5.0,5.0
49270,6.11937141418457,572,5.0,5.0,5.0
49280,6.12138295173645,572,5.0,5.0,5.0
49290,6.12234902381897,572,5.0,5.0,5.0
49300,6.12337851524353,572,5.0,5.0,5.0
49310,6.124419212341309,572,5.0,5.0,5.0
49320,6.126346588134766,572,5.0,5.0,5.0
49330,6.127344369888306,572,5.0,5.0,5.0
49340,6.12834358215332,572,5.0,5.0,5.0
49350,6.130343198776245,572,5.0,5.0,5.0
49360,6.131343126296997,572,5.0,5.0,5.0
49370,6.132343292236328,572,5.0,5.0,5.0
49380,6.133342981338501,572,5.0,5.0,5.0
49390,6.134343147277832,572,5.0,5.0,5.0
49400,6.135343551635742,572,5.0,5.0,5.0
49407,6.136343479156494,572,14.0,5.0,5.0
49410,6.136343479156494,572,8.96,5.0,5.0
49420,6.137343168258667,572,8.96,5.0,5.0
49430,6.138343334197998,572,5.0,5.0,5.0
49440,6.14034366607666,572,5.0,5.0,5.0
49450,6.141343355178833,572,5.0,5.0,5.0
49460,6.142343282699585,572,5.0,5.0,5.0
49470,6.143343210220337,572,5.0,5.0,5.0
49480,6.144343137741089,572,5.0,5.0,5.0
49490,6.145343065261841,572,5.0,5.0,5.0
49500,6.147343158721924,572,5.0,5.0,5.0
49510,6.148343086242676,572,5.0,5.0,5.0
49520,6.149343013763428,572,5.0,5.0,5.0
49530,6.150343179702759,572,5.0,5.0,5.0
49540,6.152356147766113,572,5.0,5.0,5.0
49550,6.15338397026062,572,5.0,5.0,5.0
49560,6.15436577796936,572,5.0,5.0,5.0
49570,6.155357837677002,572,5.0,5.0,5.0
49571,6.155357837677002,572,14.0,5.0,5.0
49580,6.156358003616333,572,5.734400000000001,5.0,5.0
49590,6.157357692718506,572,5.0,5.0,5.0
49591,6.157357692718506,572,14.0,5.0,5.0
49600,6.158357858657837,572,5.734400000000001,5.0,5.0
49610,6.159357309341431,572,5.0,5.0,5.0
49620,6.160357475280762,572,5.0,5.0,5.0
49630,6.162357807159424,572,5.0,5.0,5.0
49640,6.163357496261597,572,5.0,5.0,5.0
49650,6.164357662200928,572,5.0,5.0,5.0
49660,6.1653571128845215,572,5.0,5.0,5.0
49670,6.167362213134766,572,5.0,5.0,5.0
49671,6.167362213134766,572,14.0,5.0,5.0
49680,6.16835880279541,572,5.0,5.0,5.0
49690,6.169358015060425,572,5.0,5.0,5.0
49700,6.170358180999756,572,5.0,5.0,5.0
49710,6.171357154846191,572,5.0,5.0,5.0
49720,6.172357559204102,572,5.0,5.0,5.0
49730,6.1733574867248535,572,5.0,5.0,5.0
49740,6.174357652664185,572,5.0,5.0,5.0
49750,6.175357341766357,572,5.0,5.0,5.0
49760,6.177357196807861,572,5.0,5.0,5.0
49770,6.1783576011657715,572,5.0,5.0,5.0
49780,6.179357528686523,572,5.0,5.0,5.0
49790,6.181357145309448,572,5.0,5.0,5.0
49800,6.182357549667358,572,5.0,5.0,5.0
49810,6.1833484172821045,572,5.0,5.0,5.0
49820,6.184355974197388,572,5.0,5.0,5.0
49830,6.186352252960205,572,5.0,5.0,5.0
49840,6.187350511550903,572,5.0,5.0,5.0
49845,6.187350511550903,572,14.0,5.0,5.0
49850,6.188345432281494,572,7.168000000000001,5.0,5.0
49860,6.189349412918091,572,5.0,5.0,5.0
49870,6.190348863601685,572,5.0,5.0,5.0
49880,6.191352844238281,572,5.0,5.0,5.0
49890,6.192351818084717,572,5.0,5.0,5.0
49900,6.1933488845825195,572,5.0,5.0,5.0
49910,6.194374322891235,572,5.0,5.0,5.0
49920,6.196357250213623,572,5.0,5.0,5.0
49930,6.197357177734375,572,5.0,5.0,5.0
49940,6.199345827102661,572,5.0,5.0,5.0
49950,6.199853420257568,572,5.0,5.0,5.0
49960,6.200866460800171,572,5.0,5.0,5.0
49970,6.202866077423096,572,5.0,5.0,5.0
49980,6.2038679122924805,572,5.0,5.0,5.0
49990,6.204866886138916,572,5.0,5.0,5.0
50000,6.206864833831787,572,5.0,5.0,5.0
