Iteration,Time_Seconds,Objective_Value,W_Shift,W_Swap,W_Kick
0,0.0,11831,100.0,100.0,100.0
3,0.010931730270385742,11831,90.0,65.8,100.0
8,0.019933462142944336,11831,56.080000000000005,65.8,64.0
10,0.023938417434692383,11831,45.891200000000005,65.8,64.0
20,0.0479731559753418,11831,36.71296,29.903680000000005,21.77152000000001
27,0.0639352798461914,11831,29.370368000000003,16.750684160000002,21.14701824000001
30,0.07000207901000977,11831,23.496294400000004,14.400547328000002,16.917614592000007
40,0.08943581581115723,11831,7.699265748992002,11.016350289920002,8.661818671104005
50,0.11144328117370605,11831,5.0,5.152297078751233,5.0
53,0.11844563484191895,11831,14.0,5.121837663000987,5.0
57,0.12744832038879395,11831,18.96,5.097470130400789,5.0
60,0.13148164749145508,11831,15.168000000000001,5.097470130400789,5.0
63,0.13945293426513672,11831,19.707520000000002,5.077976104320632,5.0
64,0.14140534400939941,11831,25.766016,5.077976104320632,5.0
70,0.15444445610046387,11831,20.553760153600003,5.062380883456505,5.0
71,0.15640592575073242,11831,26.443008122880002,5.062380883456505,5.0
72,0.1584923267364502,11831,31.154406498304002,5.062380883456505,5.0
73,0.1604306697845459,11831,34.923525198643205,5.062380883456505,5.0
75,0.16345787048339844,11831,37.93882015891457,5.062380883456505,5.0
80,0.17145133018493652,11831,19.424675921364262,5.062380883456505,5.0
82,0.17545247077941895,11831,22.43179258967313,5.062380883456505,5.0
85,0.1804060935974121,11831,24.3563472573908,5.062380883456505,5.0
88,0.18740582466125488,11831,25.588062244730114,5.049904706765204,5.0
90,0.1904897689819336,11831,16.376359836627273,5.049904706765204,5.0
91,0.19240689277648926,11831,23.10108786930182,5.049904706765204,5.0
95,0.19940638542175293,11831,21.827756989082538,5.049904706765204,5.0
97,0.20544743537902832,11831,27.46220559126603,5.039923765412164,5.0
99,0.20944738388061523,11831,27.575811578410264,5.039923765412164,5.0
100,0.21040630340576172,11831,22.060649262728212,5.039923765412164,5.0
107,0.22644305229187012,11831,21.295052422516846,5.025551209863785,5.0
108,0.22846174240112305,11831,27.03604193801348,5.025551209863785,5.0
109,0.23040771484375,11831,31.628833550410786,5.025551209863785,5.0
110,0.23244714736938477,11831,35.303066840328626,5.025551209863785,5.0
113,0.23744606971740723,11831,32.59396277781032,5.025551209863785,5.0
115,0.24140644073486328,11831,30.86013617779861,5.025551209863785,5.0
116,0.24344682693481445,11831,34.688108942238884,5.025551209863785,5.0
117,0.2454061508178711,11831,37.75048715379111,5.025551209863785,5.0
119,0.25040578842163086,11831,40.20038972303289,5.0204409678910284,5.0
120,0.25246739387512207,11831,42.16031177842631,5.0204409678910284,5.0
121,0.2544076442718506,11831,43.72824942274105,5.0204409678910284,5.0
122,0.25641727447509766,11831,44.982599538192844,5.0204409678910284,5.0
123,0.25844383239746094,11831,45.98607963055428,5.0204409678910284,5.0
130,0.27144312858581543,11831,23.544872770843792,5.016352774312823,5.0
132,0.27748990058898926,11831,28.835898216675034,5.013082219450259,5.0
139,0.29140710830688477,11831,19.448947127640075,5.0,5.0
140,0.2924625873565674,11831,19.448947127640075,5.0,5.0
143,0.29641175270080566,11831,19.957860929351718,5.0,5.0
148,0.3109123706817627,11831,22.773030994785103,5.0,5.0
150,0.3159334659576416,11831,18.21842479582808,5.0,5.0
152,0.31995224952697754,11831,24.574739836662467,5.0,5.0
153,0.3219125270843506,11831,29.659791869329975,5.0,5.0
154,0.32291126251220703,11831,33.72783349546398,5.0,5.0
160,0.3375270366668701,11831,13.81492059974205,5.0,5.0
164,0.34556102752685547,11831,18.841549183834914,5.0,5.0
165,0.3484799861907959,11831,25.073239347067933,5.0,5.0
167,0.35148024559020996,11831,26.046873182123477,5.0,5.0
169,0.35555529594421387,11831,26.669998836559028,5.0,5.0
170,0.35948896408081055,11831,26.669998836559028,5.0,5.0
172,0.3655261993408203,11831,31.335999069247222,5.0,5.0
174,0.36948204040527344,11831,30.055039404318222,5.0,5.0
176,0.37348175048828125,11831,29.235225218763663,5.0,5.0
178,0.3794882297515869,11831,33.38818017501093,5.0,5.0
180,0.38248372077941895,11831,21.368435312006998,5.0,5.0
183,0.39080238342285156,11831,27.094748249605598,5.0,5.0
185,0.3937499523162842,11831,31.67579859968448,5.0,5.0
187,0.39679431915283203,11831,30.27251110379807,5.0,5.0
190,0.40378499031066895,11831,34.21800888303846,5.0,5.0
192,0.40975475311279297,11831,37.374407106430766,5.0,5.0
193,0.4117860794067383,11831,39.89952568514461,5.0,5.0
194,0.4137551784515381,11831,41.91962054811569,5.0,5.0
196,0.416750431060791,11831,36.82855715079404,5.0,5.0
200,0.42375922203063965,11831,15.084977008965243,5.0,5.0
204,0.4327690601348877,11831,22.067981607172193,5.0,5.0
205,0.4347991943359375,11831,27.654385285737757,5.0,5.0
210,0.4467744827270508,11831,17.698806582872166,5.0,5.0
212,0.45078539848327637,11831,21.327236213038187,5.0,5.0
214,0.4537966251373291,11831,23.649431176344443,5.0,5.0
219,0.4647495746612549,11831,19.686807009830687,5.0,5.0
220,0.46675848960876465,11831,25.74944560786455,5.0,5.0
222,0.4708096981048584,11831,26.479645189033317,5.0,5.0
225,0.47580671310424805,11831,26.946972920981324,5.0,5.0
226,0.47778892517089844,11831,31.55757833678506,5.0,5.0
229,0.48281359672546387,11831,26.157480108433955,5.0,5.0
230,0.4847719669342041,11831,20.925984086747164,5.0,5.0
240,0.5047450065612793,11831,6.857026465545312,5.0,5.0
248,0.5217499732971191,11831,14.0,5.0,5.0
250,0.52675461769104,11831,14.0,5.0,5.0
257,0.5407495498657227,11831,17.168,5.0,5.0
259,0.5447695255279541,11831,20.987520000000004,5.0,5.0
260,0.5487639904022217,11831,20.987520000000004,5.0,5.0
262,0.5527493953704834,11831,23.432012800000003,5.0,5.0
266,0.5613100528717041,11831,24.996488192,5.0,5.0
270,0.5672743320465088,11831,12.798201954304004,5.0,5.0
273,0.5732712745666504,11831,18.190849250754564,5.0,5.0
275,0.5782735347747803,11831,24.55267940060365,5.0,5.0
279,0.5852739810943604,11831,22.57097185310907,5.0,5.0
280,0.5872774124145508,11831,18.05677748248726,5.0,5.0
281,0.5893559455871582,11831,24.44542198598981,5.0,5.0
282,0.5912847518920898,11831,29.55633758879185,5.0,5.0
283,0.5933406352996826,11831,33.64507007103348,5.0,5.0
289,0.6043617725372314,11831,27.226275876369144,5.0,5.0
290,0.6052799224853516,11831,27.226275876369144,5.0,5.0
293,0.6102745532989502,11831,27.424816560876252,5.0,5.0
296,0.6153182983398438,11831,27.551882598960802,5.0,5.0
297,0.6172776222229004,11831,32.04150607916864,5.0,5.0
300,0.6242878437042236,11831,20.506563890667934,5.0,5.0
301,0.6262853145599365,11831,26.405251112534348,5.0,5.0
306,0.6385147571563721,11831,23.519488569617586,5.0,5.0
309,0.643543004989624,11831,25.052472684555255,5.0,5.0
310,0.6475429534912109,11831,25.052472684555255,5.0,5.0
314,0.6595041751861572,11831,26.033582518115363,5.0,5.0
317,0.6695399284362793,11831,30.826866014492293,5.0,5.0
320,0.6775548458099365,11831,29.729194249275068,5.0,5.0
321,0.6795423030853271,11831,33.78335539942006,5.0,5.0
327,0.6945428848266602,11831,27.29707796450307,5.0,5.0
330,0.6998491287231445,11831,27.470129897281968,5.0,5.0
333,0.7048120498657227,11831,24.064706507408367,5.0,5.0
335,0.7078258991241455,11831,25.40141216474136,5.0,5.0
340,0.7178211212158203,11831,10.404418422678063,5.0,5.0
341,0.7198200225830078,11831,18.32353473814245,5.0,5.0
344,0.7258152961730957,11831,19.381649785928936,5.0,5.0
349,0.7361927032470703,11831,17.93872375231649,5.0,5.0
350,0.7401928901672363,11831,17.93872375231649,5.0,5.0
357,0.7607052326202393,11831,19.184626561186043,5.0,5.0
359,0.7637050151824951,11831,25.347701248948837,5.0,5.0
360,0.7647051811218262,11831,20.27816099915907,5.0,5.0
365,0.7787060737609863,11831,22.978023039461807,5.0,5.0
370,0.7887065410614014,11831,19.411798236963556,5.0,5.0
374,0.7977185249328613,11831,22.423550871656676,5.0,5.0
375,0.7997262477874756,11831,27.938840697325343,5.0,5.0
378,0.803717851638794,11831,32.35107255786028,5.0,5.0
380,0.8097178936004639,11831,25.880858046288225,5.0,5.0
382,0.8137445449829102,11831,26.563749149624467,5.0,5.0
383,0.8147997856140137,11831,31.250999319699574,5.0,5.0
389,0.8237049579620361,11831,26.000511651686185,5.0,5.0
390,0.8247041702270508,11831,26.000511651686185,5.0,5.0
392,0.8277807235717773,11831,26.640327457079163,5.0,5.0
396,0.8337075710296631,11831,23.639847658024536,5.0,5.0
399,0.8407435417175293,11831,28.91187812641963,5.0,5.0
400,0.8427731990814209,11831,33.129502501135704,5.0,5.0
402,0.8467459678649902,11831,31.202881600726855,5.0,5.0
404,0.8497879505157471,11831,29.96984422446519,5.0,5.0
408,0.8567032814025879,11831,22.275648194340945,5.0,5.0
409,0.8587117195129395,11831,27.820518555472756,5.0,5.0
410,0.8597185611724854,11831,22.256414844378206,5.0,5.0
413,0.864743709564209,11831,24.24410550040205,5.0,5.0
419,0.8777077198028564,11831,17.944308490371746,5.0,5.0
420,0.8787345886230469,11831,14.355446792297398,5.0,5.0
423,0.8887424468994141,11831,21.48435743383792,5.0,5.0
426,0.8937051296234131,11831,20.99999100612502,5.0,5.0
427,0.8957076072692871,11831,26.799992804900015,5.0,5.0
428,0.897705078125,11831,31.43999424392001,5.0,5.0
430,0.9007036685943604,11831,20.12159631610881,5.0,5.0
440,0.9197056293487549,11831,6.593444680862536,5.0,5.0
442,0.9247076511383057,11831,15.27475574469003,5.0,5.0
443,0.9257049560546875,11831,22.219804595752024,5.0,5.0
444,0.9280166625976562,11831,27.77584367660162,5.0,5.0
450,0.9412100315093994,11831,14.221231962420033,5.0,5.0
452,0.9452099800109863,11831,19.10158845594882,5.0,5.0
456,0.9530966281890869,11831,22.22501661180725,5.0,5.0
457,0.954096794128418,11831,27.7800132894458,5.0,5.0
458,0.956096887588501,11831,32.22401063155664,5.0,5.0
460,0.9590990543365479,11831,30.62336680419625,5.0,5.0
462,0.9621000289916992,11831,34.498693443357,5.0,5.0
466,0.9695405960083008,11831,32.079163803748486,5.0,5.0
469,0.9745433330535889,11831,26.424531867519228,5.0,5.0
470,0.9775407314300537,11831,26.424531867519228,5.0,5.0
473,0.9868888854980469,11831,31.139625494015384,5.0,5.0
480,0.999305009841919,11831,15.943488252935879,5.0,5.0
482,1.0033011436462402,11831,20.203832481878962,5.0,5.0
486,1.013303279876709,11831,22.930452788402537,5.0,5.0
488,1.0163021087646484,11831,28.34436223072203,5.0,5.0
489,1.0173027515411377,11831,32.67548978457762,5.0,5.0
490,1.019301414489746,11831,26.1403918276621,5.0,5.0
500,1.0353024005889893,11831,15.482037500216524,5.0,5.0
510,1.0523016452789307,11831,6.341442560088691,5.0,5.0
512,1.056302785873413,11831,15.073154048070954,5.0,5.0
513,1.0583021640777588,11831,22.058523238456765,5.0,5.0
520,1.0744752883911133,11831,11.293963898089865,5.0,5.0
525,1.0839693546295166,11831,17.228136894777514,5.0,5.0
530,1.0940539836883545,11831,18.82080609012609,5.0,5.0
532,1.097106695175171,11831,25.056644872100875,5.0,5.0
533,1.1001427173614502,11831,30.0453158976807,5.0,5.0
540,1.1111187934875488,11831,12.30656139169002,5.0,5.0
547,1.1260521411895752,11831,15.040767546036232,5.0,5.0
550,1.1331286430358887,11831,12.032614036828987,5.0,5.0
553,1.1377649307250977,11831,19.626091229463192,5.0,5.0
554,1.1397621631622314,11831,25.700872983570555,5.0,5.0
556,1.1427617073059082,11831,26.448558709485155,5.0,5.0
558,1.1467618942260742,11831,31.158846967588126,5.0,5.0
560,1.1517620086669922,11831,31.158846967588126,5.0,5.0
561,1.1537492275238037,11831,34.9270775740705,5.0,5.0
563,1.1597485542297363,11831,37.9416620592564,5.0,5.0
564,1.1617484092712402,11831,40.35332964740512,5.0,5.0
565,1.1637487411499023,11831,42.282663717924095,5.0,5.0
566,1.1657545566558838,11831,43.82613097433928,5.0,5.0
568,1.1687562465667725,11831,45.06090477947142,5.0,5.0
570,1.1717538833618164,11831,38.83897905886171,5.0,5.0
571,1.1737542152404785,11831,41.071183247089365,5.0,5.0
574,1.1787538528442383,11831,36.2855572781372,5.0,5.0
575,1.1812646389007568,11831,39.02844582250976,5.0,5.0
576,1.1832644939422607,11831,41.22275665800781,5.0,5.0
577,1.1853182315826416,11831,42.97820532640625,5.0,5.0
580,1.190269947052002,11831,32.00484112712,5.0,5.0
582,1.1963059902191162,11831,35.60387290169601,5.0,5.0
588,1.206346035003662,11831,19.3333416579422,5.0,5.0
590,1.2092671394348145,11831,15.46667332635376,5.0,5.0
600,1.2382667064666748,11831,19.89867092886641,5.0,5.0
610,1.2583062648773193,11831,12.735149394474503,5.0,5.0
613,1.2663047313690186,11831,18.150495612463683,5.0,5.0
614,1.2683029174804688,11831,24.52039648997095,5.0,5.0
617,1.2733030319213867,11831,22.554443002865128,5.0,5.0
620,1.2813456058502197,11831,14.434843521833683,5.0,5.0
624,1.2872748374938965,11831,17.390639883178846,5.0,5.0
630,1.2983062267303467,11831,7.1232060961500565,5.0,5.0
631,1.3003053665161133,11831,15.698564876920045,5.0,5.0
632,1.3022668361663818,11831,22.558851901536038,5.0,5.0
637,1.3152642250061035,11831,21.55013217358645,5.0,5.0
638,1.3183059692382812,11831,27.24010573886916,5.0,5.0
640,1.3223209381103516,11831,21.792084591095332,5.0,5.0
641,1.3253452777862549,11831,27.433667672876265,5.0,5.0
645,1.3362998962402344,11831,27.55754731064081,5.0,5.0
649,1.3452627658843994,11831,24.109464223048096,5.0,5.0
650,1.3492622375488281,11831,24.109464223048096,5.0,5.0
656,1.3593153953552246,11831,17.9001892366084,5.0,5.0
660,1.368262529373169,11831,14.320151389286721,5.0,5.0
661,1.370262622833252,11831,21.456121111429376,5.0,5.0
662,1.3722624778747559,11831,27.164896889143503,5.0,5.0
665,1.3772625923156738,11831,23.908427207241477,5.0,5.0
668,1.3817200660705566,11831,22.24111473010764,5.0,5.0
670,1.3857004642486572,11831,24.23431342726889,5.0,5.0
673,1.3936841487884521,11831,25.509960593452092,5.0,5.0
675,1.3967368602752686,11831,26.32637477980934,5.0,5.0
676,1.3986835479736328,11831,31.06109982384747,5.0,5.0
680,1.408682107925415,11831,19.879103887262385,5.0,5.0
681,1.4117205142974854,11831,25.90328310980991,5.0,5.0
689,1.4286842346191406,11831,18.487987809422513,5.0,5.0
690,1.429724931716919,11831,18.487987809422513,5.0,5.0
697,1.4486961364746094,11831,17.572679806739462,5.0,5.0
699,1.4526841640472412,11831,21.24651507631326,5.0,5.0
700,1.453705072402954,11831,16.997212061050607,5.0,5.0
705,1.4676928520202637,11831,23.597769648840487,5.0,5.0
710,1.474719524383545,11831,19.665646448165063,5.0,5.0
717,1.4906842708587646,11831,22.58601372682564,5.0,5.0
719,1.4947030544281006,11831,24.455048785168408,5.0,5.0
720,1.4957234859466553,11831,24.455048785168408,5.0,5.0
730,1.5180165767669678,11831,10.016787982404983,5.0,14.0
732,1.5213747024536133,11831,16.41074430873919,5.0,14.0
736,1.5303740501403809,11831,20.50287635759308,5.0,11.200000000000001
738,1.536374807357788,11831,26.402301086074466,5.0,11.200000000000001
739,1.5383741855621338,11831,31.121840868859575,5.0,11.200000000000001
740,1.5403735637664795,11831,24.89747269508766,5.0,11.200000000000001
744,1.5463740825653076,11831,25.934382524856105,5.0,7.168000000000001
748,1.5533735752105713,11831,20.62272308218106,5.0,7.168000000000001
749,1.5553734302520752,11831,20.62272308218106,5.0,15.7344
750,1.557373285293579,11831,26.49817846574485,5.0,15.7344
755,1.564373254776001,11831,26.958834218076706,5.0,8.056012800000003
757,1.5704283714294434,11831,31.567067374461367,5.0,8.056012800000003
759,1.5744197368621826,11831,30.202923119655278,5.0,8.056012800000003
760,1.5763781070709229,11831,30.202923119655278,5.0,6.4448102400000025
767,1.593376874923706,11831,22.371117309810806,5.0,5.155848192000002
768,1.595376968383789,11831,27.896893847848645,5.0,5.155848192000002
769,1.5983819961547852,11831,32.317515078278916,5.0,5.155848192000002
770,1.599581241607666,11831,35.854012062623134,5.0,5.155848192000002
772,1.6035881042480469,11831,32.946567720078804,5.0,5.155848192000002
773,1.6055903434753418,11831,36.357254176063044,5.0,5.155848192000002
774,1.607590913772583,11831,39.08580334085043,5.0,5.155848192000002
775,1.609586477279663,11831,41.26864267268034,5.0,5.155848192000002
776,1.6115899085998535,11831,43.01491413814428,5.0,5.155848192000002
777,1.6135902404785156,11831,44.41193131051542,5.0,5.155848192000002
780,1.6195878982543945,11831,22.7389088309839,5.0,5.155848192000002
781,1.6215925216674805,11831,28.19112706478712,5.0,5.155848192000002
783,1.625593662261963,11831,28.04232132146376,5.0,5.155848192000002
784,1.6275928020477295,11831,32.43385705717101,5.0,5.155848192000002
786,1.6315934658050537,11831,30.757668516589447,5.0,5.155848192000002
790,1.6369647979736328,11831,25.7479262804938,5.0,5.0
797,1.6559646129608154,11831,26.47867281951603,5.0,5.0
800,1.6669647693634033,11831,26.47867281951603,5.0,5.0
802,1.6699647903442383,11831,31.182938255612825,5.0,5.0
808,1.6799650192260742,11831,22.772531509499018,5.0,5.0
810,1.684964656829834,11831,18.218025207599215,5.0,5.0
820,1.7079646587371826,11831,5.969682500026113,5.0,5.0
826,1.7199649810791016,11832,5.0,5.0,14.0
830,1.727964162826538,11832,5.0,5.0,7.168000000000001
833,1.7329649925231934,11832,5.0,5.0,14.587520000000001
839,1.7449650764465332,11832,14.0,5.0,5.975048192000003
840,1.748964548110962,11832,14.0,5.0,5.975048192000003
841,1.7509653568267822,11832,21.200000000000003,5.0,5.975048192000003
842,1.7529652118682861,11832,26.960000000000004,5.0,5.975048192000003
848,1.7669651508331299,11832,23.803520000000006,5.0,5.0
849,1.7689645290374756,11832,29.042816000000006,5.0,5.0
850,1.7699651718139648,11832,29.042816000000006,5.0,5.0
852,1.7769651412963867,11832,33.23425280000001,5.0,5.0
853,1.7789652347564697,11832,36.58740224,5.0,5.0
854,1.7809650897979736,11832,39.269921792000005,5.0,5.0
856,1.7839646339416504,11832,41.41593743360001,5.0,5.0
860,1.7929644584655762,11832,26.506199957504005,5.0,5.0
861,1.7949645519256592,11832,31.204959966003205,5.0,5.0
862,1.7969648838043213,11832,34.963967972802564,5.0,5.0
863,1.7989647388458252,11832,37.971174378242054,5.0,5.0
867,1.8049650192260742,11832,29.441241281659934,5.0,5.0
868,1.80696439743042,11832,33.55299302532795,5.0,5.0
869,1.8089649677276611,11832,36.842394420262366,5.0,5.0
870,1.810964822769165,11832,39.473915536209894,5.0,5.0
873,1.816965103149414,11832,30.21064475453947,5.0,5.0
880,1.828965187072754,11832,12.374280091459369,5.0,5.0
882,1.8329646587371826,11832,17.919539258533995,5.0,5.0
883,1.8349647521972656,11832,24.335631406827197,5.0,5.0
888,1.844977855682373,11832,25.57480410036941,5.0,5.0
890,1.848978042602539,11832,16.367874624236425,5.0,5.0
891,1.850978136062622,11832,23.09429969938914,5.0,5.0
899,1.8729894161224365,11832,17.567540125495835,5.0,5.0
900,1.8749783039093018,11832,24.054032100396668,5.0,5.0
901,1.8769779205322266,11832,29.243225680317337,5.0,5.0
902,1.8789777755737305,11832,33.39458054425387,5.0,5.0
909,1.8949646949768066,11832,20.942736152741112,5.0,5.0
910,1.8969645500183105,11832,20.942736152741112,5.0,5.0
920,1.9239649772644043,11832,10.72268091020345,5.0,5.0
923,1.9299652576446533,11832,16.86251578253021,5.0,5.0
928,1.9439647197723389,11832,20.792010100819333,5.0,5.0
929,1.9459645748138428,11832,26.633608080655467,5.0,5.0
930,1.9489641189575195,11832,26.633608080655467,5.0,5.0
935,1.9599652290344238,11832,27.0455091716195,5.0,5.0
936,1.9619653224945068,11832,31.6364073372956,5.0,5.0
939,1.9659647941589355,11832,26.19784055669535,5.0,5.0
940,1.9679648876190186,11832,20.958272445356283,5.0,5.0
944,1.9739649295806885,11832,23.413294365028023,5.0,5.0
950,1.9879648685455322,11832,21.987606714894348,5.0,5.0
953,1.9919650554656982,11832,24.072068297532383,5.0,5.0
956,1.997964859008789,11832,22.324898968336583,5.0,5.0
960,2.00396466255188,11832,24.287935339735416,5.0,5.0
963,2.009965419769287,11832,22.435422893944533,5.0,5.0
969,2.0219645500183105,11832,24.358670652124502,5.0,5.0
970,2.0239644050598145,11832,29.486936521699604,5.0,5.0
971,2.0259640216827393,11832,33.58954921735969,5.0,5.0
972,2.0279645919799805,11832,36.87163937388775,5.0,5.0
978,2.0419647693634033,11832,28.878279359430532,5.0,5.0
979,2.0439653396606445,11832,33.10262348754443,5.0,5.0
980,2.0449647903442383,11832,33.10262348754443,5.0,5.0
981,2.046964645385742,11832,36.48209879003554,5.0,5.0
982,2.0489652156829834,11832,39.18567903202843,5.0,5.0
984,2.05196475982666,11832,35.078834580498196,5.0,5.0
985,2.053964614868164,11832,38.06306766439856,5.0,5.0
989,2.062964677810669,11832,29.488290644172068,5.0,5.0
990,2.064964532852173,11832,33.59063251533766,5.0,5.0
993,2.072965383529663,11832,31.498004809816106,5.0,5.0
999,2.0849645137786865,11832,22.90158277010068,5.0,5.0
1000,2.0869648456573486,11832,28.321266216080545,5.0,5.0
1003,2.0969645977020264,11832,32.657012972864436,5.0,5.0
1004,2.0989646911621094,11832,36.125610378291555,5.0,5.0
1006,2.1019647121429443,11832,33.1203906421066,5.0,5.0
1007,2.1039650440216064,11832,36.49631251368528,5.0,5.0
1009,2.107964515686035,11832,33.35764000875858,5.0,5.0
1010,2.1099648475646973,11832,36.68611200700687,5.0,5.0
1017,2.123964548110962,11832,22.02130518245601,5.0,5.0
1018,2.125964879989624,11832,27.617044145964808,5.0,5.0
1019,2.127964496612549,11832,32.09363531677185,5.0,5.0
1020,2.1319644451141357,11832,32.09363531677185,5.0,5.0
1022,2.134965181350708,11832,30.53992660273399,5.0,5.0
1023,2.136965036392212,11832,34.431941282187196,5.0,5.0
1030,2.155965805053711,11832,21.282658519347102,5.0,5.0
1031,2.157965660095215,11832,27.02612681547768,5.0,5.0
1032,2.1589653491973877,11832,31.620901452382146,5.0,5.0
1034,2.1629645824432373,11832,30.237376929524576,5.0,5.0
1036,2.1659650802612305,11832,29.35192123489573,5.0,5.0
1040,2.1719653606414795,11832,15.028183672266616,5.0,5.0
1047,2.1899688243865967,11832,14.924435225728326,5.0,5.0
1048,2.1909663677215576,11832,21.939548180582662,5.0,5.0
1049,2.192964792251587,11832,27.55163854446613,5.0,5.0
1050,2.196965217590332,11832,27.55163854446613,5.0,5.0
1059,2.2159836292266846,11832,17.222496734600533,5.0,5.0
1060,2.2179653644561768,11832,13.777997387680427,5.0,5.0
1061,2.2189652919769287,11832,13.777997387680427,5.0,14.0
1070,2.2349650859832764,11832,8.817918328115473,5.0,5.0
1072,2.2379648685455322,11832,17.05433466249238,5.0,5.0
1073,2.2399654388427734,11832,17.05433466249238,5.0,14.0
1074,2.240964889526367,11832,23.643467729993905,5.0,14.0
1075,2.24296498298645,11832,28.914774183995124,5.0,14.0
1076,2.244965076446533,11832,33.1318193471961,5.0,14.0
1077,2.246965169906616,11832,33.1318193471961,5.0,21.200000000000003
1080,2.252965211868286,11832,21.204364382205508,5.0,21.200000000000003
1082,2.256965160369873,11832,23.570793204611526,5.0,21.200000000000003
1083,2.258965253829956,11832,28.856634563689223,5.0,21.200000000000003
1085,2.260964870452881,11832,28.468246120761105,5.0,21.200000000000003
1090,2.2719650268554688,11832,18.219677517287106,5.0,16.960000000000004
1096,2.2829651832580566,11832,21.66059361106375,5.0,8.683520000000005
1097,2.2849650382995605,11832,27.328474888851,5.0,8.683520000000005
1098,2.2869656085968018,11832,31.862779911080803,5.0,8.683520000000005
1100,2.2889652252197266,11832,20.392179143091717,5.0,8.683520000000005
1104,2.2939651012420654,11832,26.313743314473374,5.0,5.0
1106,2.2969653606414795,11832,26.84079572126296,5.0,5.0
1108,2.2999653816223145,11832,27.178109261608295,5.0,5.0
1110,2.304966688156128,11832,21.74248740928664,5.0,5.0
1119,2.321964740753174,11832,15.699662619420039,5.0,5.0
1120,2.322964668273926,11832,15.699662619420039,5.0,5.0
1128,2.3389651775360107,11832,18.038227261143064,5.0,5.0
1130,2.340965986251831,11832,14.430581808914452,5.0,5.0
1132,2.344965696334839,11832,19.23557235770525,5.0,5.0
1135,2.3519651889801025,11832,25.388457886164204,5.0,5.0
1136,2.3539650440216064,11832,30.310766308931363,5.0,5.0
1138,2.3569650650024414,11832,29.398890437716076,5.0,5.0
1140,2.359964609146118,11832,18.81528988013829,5.0,5.0
1144,2.3659653663635254,11832,17.706742734904644,5.0,5.0
1150,2.3799655437469482,11832,21.332315350338973,5.0,5.0
1160,2.3999643325805664,11832,6.990173093999077,5.0,5.0
1164,2.4109647274017334,11832,14.473710780159411,5.0,5.0
1166,2.4139647483825684,11832,21.57896862412753,5.0,5.0
1168,2.4199650287628174,11832,27.263174899302026,5.0,5.0
1170,2.4229652881622314,11832,31.810539919441624,5.0,5.0
1173,2.427964925765991,11832,30.35874554844264,5.0,5.0
1179,2.443964719772339,11832,25.543677720802634,5.0,5.0
1180,2.444965124130249,11832,20.43494217664211,5.0,5.0
1188,2.4629650115966797,11832,16.69612185244209,5.0,5.0
1189,2.4649651050567627,11832,23.356897481953673,5.0,5.0
1190,2.4679644107818604,11832,23.356897481953673,5.0,5.0
1196,2.4799652099609375,11832,17.653588166886582,5.0,5.0
1200,2.4869651794433594,11832,7.230909713156745,5.0,5.0
1201,2.488964796066284,11832,7.230909713156745,5.0,14.0
1207,2.49896502494812,11832,14.0,5.0,7.168000000000001
1210,2.507964849472046,11832,11.200000000000001,5.0,7.168000000000001
1216,2.518965005874634,11832,14.587520000000001,5.0,5.0
1220,2.5299649238586426,11832,9.336012800000002,5.0,5.0
1230,2.5499649047851562,11832,5.0,5.0,5.0
1237,2.565965175628662,11832,14.0,5.0,5.0
1240,2.571964979171753,11832,11.200000000000001,5.0,5.0
1244,2.583965539932251,11832,18.96,5.0,5.0
1246,2.587965488433838,11832,22.1344,5.0,5.0
1248,2.5929646492004395,11832,27.70752,5.0,5.0
1250,2.5969645977020264,11832,17.7328128,5.0,5.0
1254,2.6059646606445312,11832,21.349000192000002,5.0,5.0
1255,2.6079647541046143,11832,27.079200153600002,5.0,5.0
1256,2.6099648475646973,11832,31.663360122880004,5.0,5.0
1259,2.6159651279449463,11832,26.211640382914563,5.0,5.0
1260,2.6179656982421875,11832,30.969312306331652,5.0,5.0
1262,2.620964527130127,11832,34.775449845065324,5.0,5.0
1265,2.627964735031128,11832,32.25628790084181,5.0,5.0
1270,2.6379644870758057,11832,16.51521940523101,5.0,5.0
1272,2.643965005874634,11832,23.212175524184808,5.0,5.0
1276,2.653977394104004,11832,24.855792335478277,5.0,5.0
1280,2.660977602005005,11832,19.884633868382622,5.0,5.0
1282,2.6649651527404785,11832,22.72616567576488,5.0,5.0
1284,2.6679651737213135,11832,28.180932540611902,5.0,5.0
1290,2.679965019226074,11832,11.542909968634639,5.0,5.0
1291,2.681964874267578,11832,19.234327974907714,5.0,5.0
1297,2.690964698791504,11832,17.878380738522203,5.0,5.0
1299,2.694965124130249,11832,21.44216367265421,5.0,5.0
1300,2.696964979171753,11832,27.15373093812337,5.0,5.0
1303,2.7029659748077393,11832,27.378387800398958,5.0,5.0
1308,2.711965560913086,11832,21.214187643043417,5.0,5.0
1310,2.7169647216796875,11832,16.971350114434735,5.0,5.0
1316,2.7279646396636963,11832,18.689331258590585,5.0,5.0
1319,2.7349648475646973,11832,21.961172005497975,5.0,5.0
1320,2.736964702606201,11832,17.568937604398382,5.0,5.0
1330,2.75996470451355,11832,7.196236842761578,5.0,5.0
1333,2.767965316772461,11832,15.756989474209263,5.0,5.0
1340,2.7789652347564697,11832,8.067578610795143,5.0,5.0
1350,2.805964708328247,11832,5.163250310908893,5.0,5.0
1360,2.828964948654175,11832,5.0,5.0,5.0
1362,2.83296537399292,11832,14.0,5.0,5.0
1364,2.837965250015259,11832,14.0,5.0,14.0
1366,2.8439650535583496,11832,21.200000000000003,5.0,14.0
1369,2.8519647121429443,11832,23.568000000000005,5.0,14.0
1370,2.8539655208587646,11832,28.854400000000005,5.0,14.0
1372,2.8579654693603516,11832,33.08352000000001,5.0,11.200000000000001
1375,2.8649652004241943,11832,31.173452800000007,5.0,11.200000000000001
1376,2.8669650554656982,11832,34.93876224,5.0,11.200000000000001
1380,2.875964641571045,11832,32.360807833600006,5.0,8.96
1382,2.881964921951294,11832,35.88864626688,5.0,8.96
1385,2.887965679168701,11832,28.374986888642564,5.0,8.96
1388,2.8949646949768066,11832,28.159991608731243,5.0,8.96
1390,2.8989646434783936,11832,22.527993286984994,5.0,7.168000000000001
1400,2.9169647693634033,11832,15.905578272223398,5.0,5.0
1401,2.9191205501556396,11832,22.72446261777872,5.0,5.0
1402,2.921140432357788,11832,28.179570094222978,5.0,5.0
1403,2.923140048980713,11832,32.54365607537838,5.0,5.0
1409,2.9351401329040527,11832,23.32988152847499,5.0,5.0
1410,2.9391398429870605,11832,23.32988152847499,5.0,5.0
1414,2.9481399059295654,11832,24.931124178223996,5.0,5.0
1416,2.9521396160125732,11832,25.955919474063357,5.0,5.0
1418,2.95613956451416,11832,26.61178846340055,5.0,5.0
1420,2.962139368057251,11832,21.289430770720443,5.0,5.0
1423,2.968139886856079,11832,23.625235693261082,5.0,5.0
1424,2.970139980316162,11832,28.900188554608867,5.0,5.0
1430,2.978140354156494,11832,11.837517231967794,5.0,5.0
1440,3.0101804733276367,11832,6.0608088227675125,5.0,5.0
1445,3.0201821327209473,11832,14.0,5.0,5.0
1450,3.0331435203552246,11832,8.96,5.0,5.0
1459,3.0504348278045654,11832,14.0,5.0,5.0
1460,3.051476240158081,11832,11.200000000000001,5.0,5.0
1462,3.0554375648498535,11832,17.168,5.0,5.0
1463,3.0574591159820557,11832,23.7344,5.0,5.0
1464,3.059506416320801,11832,28.98752,5.0,5.0
1465,3.0608086585998535,11832,33.190016,5.0,5.0
1470,3.0748722553253174,11832,16.993288192,5.0,5.0
1471,3.076817274093628,11832,23.594630553600002,5.0,5.0
1474,3.085902452468872,11832,28.875704442880004,5.0,5.0
1475,3.0878539085388184,11832,33.100563554304,5.0,5.0
1478,3.0938198566436768,11832,26.947488539803654,5.0,5.0
1480,3.095853328704834,11832,21.557990831842925,5.0,5.0
1486,3.1088244915008545,11832,18.830153044722863,5.0,5.0
1488,3.111881971359253,11832,22.051297948622633,5.0,5.0
1490,3.1148171424865723,11832,22.051297948622633,5.0,5.0
1491,3.11785888671875,11832,27.641038358898108,5.0,5.0
1492,3.1188971996307373,11832,32.11283068711849,5.0,5.0
1500,3.1318533420562744,11832,13.153415449443736,5.0,5.0
1508,3.152817487716675,11832,16.73454871011519,5.0,5.0
1510,3.156855344772339,11832,23.387638968092155,5.0,5.0
1514,3.162869453430176,11832,19.57957692133055,5.0,5.0
1515,3.1648547649383545,11832,25.663661537064442,5.0,5.0
1520,3.1728522777557373,11832,13.139794706976998,5.0,5.0
1521,3.175827980041504,11832,20.5118357655816,5.0,5.0
1522,3.1778180599212646,11832,26.409468612465282,5.0,5.0
1530,3.193812847137451,11832,18.653854674932624,5.0,5.0
1532,3.196812868118286,11832,24.9230837399461,5.0,5.0
1533,3.198812961578369,11832,29.938466991956883,5.0,5.0
1537,3.205887794494629,11832,22.26279607990554,5.0,5.0
1540,3.2168896198272705,11832,17.810236863924434,5.0,5.0
1541,3.21889066696167,11832,24.24818949113955,5.0,5.0
1545,3.2279932498931885,11832,25.51884127432931,5.0,5.0
1546,3.2299933433532715,11832,30.41507301946345,5.0,5.0
1550,3.235995054244995,11832,19.46564673245661,5.0,5.0
1552,3.2379961013793945,11832,25.572517385965288,5.0,5.0
1553,3.239994525909424,11832,30.45801390877223,5.0,5.0
1554,3.241994619369507,11832,34.366411127017784,5.0,5.0
1558,3.2499940395355225,11832,31.994503121291384,5.0,5.0
1559,3.2519941329956055,11832,35.59560249703311,5.0,5.0
1560,3.253737211227417,11832,38.47648199762649,5.0,5.0
1562,3.257004499435425,11832,40.781185598101196,5.0,5.0
1564,3.260831356048584,11832,36.09995878278477,5.0,5.0
1567,3.267537832260132,11832,33.10397362098226,5.0,5.0
1569,3.27353835105896,11832,36.48317889678581,5.0,5.0
1570,3.2752442359924316,11832,36.48317889678581,5.0,5.0
1576,3.285529375076294,11832,28.679387595154335,5.0,5.0
1580,3.293530225753784,11832,14.683846448719022,5.0,5.0
1590,3.3245463371276855,11832,7.51812938174414,5.0,5.0
1594,3.33172607421875,11832,16.01450350539531,5.0,5.0
1595,3.3337252140045166,11832,22.81160280431625,5.0,5.0
1596,3.3357253074645996,11832,28.249282243453003,5.0,5.0
1599,3.3427252769470215,11832,28.079540635809924,5.0,5.0
1600,3.3447256088256836,11832,28.079540635809924,5.0,5.0
1601,3.346728563308716,11832,32.46363250864794,5.0,5.0
1610,3.3637490272521973,11832,8.510146480347009,5.0,5.0
1613,3.3687493801116943,11832,16.808117184277606,5.0,5.0
1614,3.370748996734619,11832,23.446493747422085,5.0,5.0
1615,3.3727502822875977,11832,28.75719499793767,5.0,5.0
1616,3.3747496604919434,11832,33.00575599835014,5.0,5.0
1617,3.3762710094451904,11832,36.40460479868011,5.0,5.0
1618,3.378704309463501,11832,39.12368383894409,5.0,5.0
1619,3.3807239532470703,11832,41.29894707115527,5.0,5.0
1620,3.3827037811279297,11832,43.03915765692422,5.0,5.0
1622,3.3857033252716064,11832,37.54506090043151,5.0,5.0
1623,3.3877029418945312,11832,40.03604872034521,5.0,5.0
1626,3.3957159519195557,11832,35.62307118102093,5.0,5.0
1630,3.4007155895233154,11832,28.23901244468272,5.0,5.0
1640,3.418705463409424,11832,11.566699497342046,5.0,5.0
1643,3.4257428646087646,11832,17.40268767829891,5.0,5.0
1645,3.429764986038208,11832,21.137720114111303,5.0,5.0
1646,3.4317421913146973,11832,26.910176091289042,5.0,5.0
1648,3.4347424507141113,11832,27.22251269842499,5.0,5.0
1650,3.4427225589752197,11832,27.22251269842499,5.0,5.0
1651,3.4447662830352783,11832,31.778010158739992,5.0,5.0
1652,3.446746349334717,11832,35.422408126991996,5.0,5.0
1656,3.4577062129974365,11832,28.3379265015936,5.0,14.0
1658,3.4617061614990234,11832,28.136272961019905,5.0,14.0
1660,3.464705467224121,11832,32.50901836881593,5.0,11.200000000000001
1662,3.4687328338623047,11832,30.805771756042198,5.0,11.200000000000001
1663,3.4707443714141846,11832,34.64461740483376,5.0,11.200000000000001
1665,3.474745512008667,11832,32.1725551390936,5.0,11.200000000000001
1667,3.477705955505371,11832,35.73804411127489,5.0,8.96
1669,3.480705976486206,11832,32.87234823121593,5.0,8.96
1670,3.482731342315674,11832,26.297878584972747,5.0,8.96
1673,3.4877467155456543,11832,26.83064229438256,5.0,7.168000000000001
1675,3.4927167892456055,11832,26.83064229438256,5.0,15.7344
1676,3.4947617053985596,11832,31.46451383550605,5.0,15.7344
1678,3.4987595081329346,11832,35.17161106840484,5.0,12.587520000000001
1680,3.5027201175689697,11832,32.509831083779105,5.0,12.587520000000001
1683,3.5087907314300537,11832,36.00786486702329,5.0,10.070016000000003
1688,3.5177433490753174,11832,33.04503351489491,5.0,5.155848192000002
1689,3.51975679397583,11832,36.43602681191593,5.0,5.155848192000002
1690,3.521705150604248,11832,39.14882144953275,5.0,5.155848192000002
1693,3.5287439823150635,11832,41.3190571596262,5.0,5.0
1696,3.5347437858581543,11832,36.44419658216077,5.0,5.0
1697,3.536752462387085,11832,39.15535726572862,5.0,5.0
1698,3.53874135017395,11832,41.3242858125829,5.0,5.0
1700,3.5417449474334717,11832,26.44754292005306,5.0,5.0
1701,3.543743133544922,11832,31.158034336042448,5.0,5.0
1702,3.545732259750366,11832,34.926427468833964,5.0,5.0
1704,3.5487451553344727,11832,37.94114197506717,5.0,5.0
1706,3.5527122020721436,11832,34.28233086404299,5.0,5.0
1707,3.554733991622925,11832,37.425864691234395,5.0,5.0
1710,3.5637056827545166,11832,29.94069175298752,5.0,5.0
1712,3.567716121673584,11832,33.952553402390016,5.0,5.0
1714,3.5707225799560547,11832,31.729634177529615,5.0,5.0
1720,3.5827884674072266,11832,16.245572698895167,5.0,5.0
1722,3.5867223739624023,11832,22.996458159116134,5.0,5.0
1724,3.5907058715820312,11832,28.397166527292907,5.0,5.0
1726,3.595775604248047,11832,32.71773322183432,5.0,5.0
1727,3.5977213382720947,11832,36.17418657746746,5.0,5.0
1730,3.605748176574707,11832,33.15147940957918,5.0,5.0
1732,3.609705924987793,11832,31.21694682213068,5.0,5.0
1734,3.612736701965332,11832,34.973557457704544,5.0,5.0
1735,3.6147069931030273,11832,37.97884596616363,5.0,5.0
1736,3.616914987564087,11832,37.97884596616363,5.0,14.0
1737,3.6189823150634766,11832,40.383076772930906,5.0,14.0
1740,3.621915578842163,11832,20.676135307740626,5.0,14.0
1747,3.636000633239746,11832,23.232726596954002,5.0,6.734400000000001
1748,3.638953924179077,11832,28.586181277563202,5.0,6.734400000000001
1749,3.6409149169921875,11832,32.86894502205057,5.0,6.734400000000001
1750,3.6419413089752197,11832,32.86894502205057,5.0,5.387520000000001
1752,3.645953893661499,11832,31.036124814112366,5.0,5.387520000000001
1754,3.6489810943603516,11832,34.82889985128989,5.0,5.0
1755,3.6509175300598145,11832,37.86311988103191,5.0,5.0
1759,3.6579151153564453,11832,25.508733903270674,5.0,5.0
1760,3.6619856357574463,11832,25.508733903270674,5.0,5.0
1762,3.6679131984710693,11832,30.406987122616542,5.0,5.0
1763,3.670912981033325,11832,34.32558969809324,5.0,5.0
1764,3.672913074493408,11832,37.4604717584746,5.0,5.0
1766,3.676913022994995,11832,33.974701925423744,5.0,5.0
1768,3.679913282394409,11832,31.7438092322712,5.0,5.0
1769,3.6829142570495605,11832,35.395047385816966,5.0,5.0
1770,3.685913324356079,11832,38.31603790865357,5.0,5.0
1772,3.6889121532440186,11832,40.65283032692285,5.0,5.0
1777,3.6989142894744873,11832,26.651399301907603,5.0,5.0
1780,3.7063276767730713,11832,26.651399301907603,5.0,5.0
1784,3.7134153842926025,11832,20.916413154061352,5.0,5.0
1787,3.718346118927002,11832,23.386504418599266,5.0,5.0
1790,3.724320411682129,11832,14.967362827903532,5.0,5.0
1794,3.735320806503296,11832,19.57911220985826,5.0,5.0
1795,3.7373194694519043,11832,25.66328976788661,5.0,5.0
1800,3.7473201751708984,11832,13.139604361157945,5.0,5.0
1801,3.7493200302124023,11832,20.51168348892636,5.0,5.0
1807,3.7643203735351562,11832,20.501981946330297,5.0,5.0
1810,3.770320177078247,11832,13.12126844565139,5.0,5.0
1818,3.7853193283081055,11832,14.299577244271049,5.0,5.0
1820,3.791320323944092,11832,21.43966179541684,5.0,5.0
1823,3.7983195781707764,11832,27.151729436333472,5.0,5.0
1828,3.8083198070526123,11832,23.901685471402743,5.0,5.0
1830,3.811319351196289,11832,25.297078701697757,5.0,5.0
1832,3.814319372177124,11832,26.190130369086567,5.0,5.0
1833,3.816319704055786,11832,30.952104295269255,5.0,5.0
1835,3.820319414138794,11832,29.809346748972327,5.0,5.0
1836,3.822349786758423,11832,33.84747739917786,5.0,5.0
1837,3.8243327140808105,11832,37.07798191934229,5.0,5.0
1840,3.8303327560424805,11832,28.983926742703257,5.0,5.0
1844,3.836332321166992,11832,24.839770492264073,5.0,5.0
1847,3.8433327674865723,11832,29.871816393811258,5.0,5.0
1848,3.845332145690918,11832,33.897453115049004,5.0,5.0
1850,3.8503329753875732,11832,27.117962492039204,5.0,5.0
1853,3.8553194999694824,11832,27.355495994905095,5.0,5.0
1857,3.865332841873169,11832,24.00601394939141,5.0,5.0
1860,3.870072841644287,11832,15.363848927610503,5.0,5.0
1861,3.8721046447753906,11832,22.291079142088403,5.0,5.0
1864,3.8810880184173584,11832,27.832863313670725,5.0,5.0
1865,3.8830952644348145,11832,32.26629065093658,5.0,5.0
1866,3.8851478099823,11832,35.81303252074927,5.0,5.0
1867,3.887082576751709,11832,38.65042601659941,5.0,5.0
1869,3.8910951614379883,11832,34.736272650623626,5.0,5.0
1870,3.893118143081665,11832,37.7890181204989,5.0,5.0
1871,3.89516544342041,11832,40.23121449639912,5.0,5.0
1872,3.8971567153930664,11832,42.184971597119294,5.0,5.0
1874,3.9012489318847656,11832,36.99838182215635,5.0,5.0
1878,3.907257318496704,11832,25.154537194355242,5.0,5.0
1879,3.9092984199523926,11832,30.123629755484195,5.0,5.0
1880,3.911275863647461,11832,30.123629755484195,5.0,5.0
1885,3.9215853214263916,11832,22.338638747846332,5.0,5.0
1890,3.9315438270568848,11832,21.437383038897323,5.0,5.0
1893,3.939570426940918,11832,27.14990643111786,5.0,5.0
1897,3.9465787410736084,11832,23.900752092732347,5.0,5.0
1900,3.9515411853790283,11832,15.296481339348702,5.0,5.0
1901,3.953611135482788,11832,22.23718507147896,5.0,5.0
1903,3.959632158279419,11832,27.78974805718317,5.0,5.0
1907,3.970564365386963,11832,24.228351005277787,5.0,5.0
1910,3.974583148956299,11832,15.506144643377787,5.0,5.0
1914,3.9815406799316406,11832,17.939146057409427,5.0,5.0
1920,3.990576982498169,11832,9.184842781393627,5.0,5.0
1921,3.9926252365112305,11832,17.3478742251149,5.0,5.0
1930,4.014190435409546,11832,8.88211160325883,5.0,5.0
1937,4.0352442264556885,11832,17.105689282607063,5.0,5.0
1939,4.037187099456787,11832,20.94764114086852,5.0,5.0
1940,4.0391905307769775,11832,16.758112912694816,5.0,5.0
1945,4.047187328338623,11832,15.49129843923184,5.0,5.0
1947,4.05027174949646,11832,19.91443100110838,5.0,5.0
1950,4.057249546051025,11832,15.931544800886705,5.0,5.0
1960,4.0751872062683105,11832,5.0,5.0,5.0
1964,4.082196235656738,11832,14.0,5.0,5.0
1970,4.096336603164673,11832,8.96,5.0,5.0
1972,4.1023640632629395,11832,17.168,5.0,5.0
1976,4.110361099243164,11832,18.790016,5.0,5.0
1980,4.119328260421753,11832,9.620488192000003,5.0,5.0
1983,4.123779773712158,11832,16.157112442880003,5.0,5.0
1988,4.134741306304932,11832,20.340551963443204,5.0,5.0
1989,4.136781930923462,11832,26.272441570754562,5.0,5.0
1990,4.138744831085205,11832,31.01795325660365,5.0,5.0
1991,4.140744686126709,11832,34.81436260528292,5.0,5.0
1994,4.1457579135894775,11832,32.28119206738107,5.0,5.0
1995,4.147773027420044,11832,35.824953653904856,5.0,5.0
1996,4.1497814655303955,11832,38.659962923123885,5.0,5.0
1997,4.151744604110718,11832,40.92797033849911,5.0,5.0
1998,4.1537463665008545,11832,42.74237627079929,5.0,5.0
1999,4.155744314193726,11832,44.19390101663944,5.0,5.0
2000,4.156783103942871,11832,35.35512081331155,5.0,5.0
2004,4.16478157043457,11832,24.481457485132417,5.0,5.0
2006,4.1677446365356445,11832,25.668132790484748,5.0,5.0
2007,4.1697776317596436,11832,30.5345062323878,5.0,5.0
2008,4.171795129776001,11832,34.427604985910236,5.0,5.0
2010,4.17574405670166,11832,37.542083988728194,5.0,5.0
2012,4.178791761398315,11832,34.02693375278605,5.0,5.0
2013,4.180749416351318,11832,37.221547002228846,5.0,5.0
2014,4.1837451457977295,11832,39.77723760178308,5.0,5.0
2019,4.192781925201416,11832,23.034205217352284,5.0,5.0
2020,4.193744659423828,11832,18.427364173881827,5.0,5.0
2022,4.197781801223755,11832,21.793513071284373,5.0,5.0
2030,4.214781761169434,11832,8.926622953998082,5.0,5.0
2031,4.216797113418579,11832,17.141298363198466,5.0,5.0
2040,4.234247207641602,11832,5.0,5.0,5.0
2044,4.241250514984131,11832,14.0,5.0,5.0
2050,4.253251791000366,11832,7.168000000000001,5.0,5.0
2055,4.266253232955933,11832,14.0,5.0,5.0
2060,4.275252819061279,11832,7.168000000000001,5.0,5.0
2070,4.295344591140747,11832,14.0,5.0,5.0
2078,4.313271999359131,11832,14.587520000000001,5.0,5.0
2080,4.319282293319702,11832,21.670016000000004,5.0,5.0
2082,4.322290897369385,11832,23.868810240000002,5.0,5.0
2088,4.331306219100952,11832,22.220830842880005,5.0,5.0
2089,4.333269834518433,11832,27.776664674304005,5.0,5.0
2090,4.335324287414551,11832,22.221331739443205,5.0,5.0
2095,4.346250534057617,11832,24.221652313243652,5.0,5.0
2096,4.3482506275177,11832,29.377321850594925,5.0,5.0
2099,4.353255748748779,11832,25.041188787504602,5.0,5.0
2100,4.3552656173706055,11832,20.032951030003684,5.0,5.0
2110,4.3713014125823975,11832,8.20549674188951,5.0,5.0
2116,4.38825798034668,11832,14.201214331847432,5.0,5.0
2120,4.395265340805054,11832,19.088777172382358,5.0,5.0
2122,4.399258613586426,11832,22.21681739032471,5.0,5.0
2123,4.400317430496216,11832,27.773453912259768,5.0,5.0
2128,4.410250663757324,11833,11.376006722461604,5.0,14.0
2130,4.413250923156738,11833,9.100805377969284,5.0,11.200000000000001
2132,4.417250871658325,11833,17.28064430237543,5.0,8.96
2133,4.419250726699829,11833,23.824515441900346,5.0,8.96
2134,4.421250820159912,11833,29.059612353520276,5.0,8.96
2140,4.431306600570679,11833,14.878521525002382,5.0,5.734400000000001
2144,4.443294286727905,11833,21.902817220001907,5.0,5.0
2150,4.45231032371521,11833,7.177115146650227,5.0,5.0
2155,4.464291334152222,11833,14.593353693856145,5.0,5.0
2160,4.474324703216553,11833,9.339746364067933,5.0,5.0
2163,4.479294061660767,11833,17.471797091254345,5.0,5.0
2166,4.4863080978393555,11833,23.97743767300348,5.0,5.0
2170,4.4972968101501465,11833,15.345560110722227,5.0,5.0
2180,4.524056673049927,11833,7.8569267766897815,5.0,5.0
2184,4.5335235595703125,11833,16.285541421351827,5.0,5.0
2190,4.544560670852661,11833,8.338197207732136,5.0,5.0
2200,4.564582109451294,11833,5.0,5.0,5.0
2205,4.575666427612305,11833,14.0,5.0,5.0
2206,4.577745199203491,11833,21.200000000000003,5.0,5.0
2210,4.584669351577759,11833,8.683520000000005,5.0,5.0
2212,4.587740659713745,11833,16.946816000000005,5.0,5.0
2214,4.591702938079834,11833,23.557452800000007,5.0,5.0
2220,4.603666305541992,11833,15.076769792000006,5.0,5.0
2223,4.608680486679077,11833,17.719306133504006,5.0,5.0
2226,4.616673231124878,11833,21.340355925442566,5.0,5.0
2230,4.626743793487549,11833,13.657827792283243,5.0,5.0
2232,4.630666494369507,11833,20.926262233826595,5.0,5.0
2234,4.635664939880371,11833,26.741009787061277,5.0,5.0
2240,4.646174192428589,11833,13.691397010975377,5.0,5.0
2241,4.648186922073364,11833,20.953117608780303,5.0,5.0
2250,4.668196439743042,11833,13.409995269619396,5.0,5.0
2251,4.670184373855591,11833,13.409995269619396,5.0,14.0
2256,4.681183338165283,11833,20.72799621569552,5.0,7.168000000000001
2258,4.684269189834595,11833,26.582396972556417,5.0,5.734400000000001
2260,4.690183639526367,11833,26.582396972556417,5.0,5.0
2261,4.6922607421875,11833,31.265917578045133,5.0,5.0
2265,4.6991846561431885,11833,26.00814979995911,5.0,5.0
2267,4.703185319900513,11833,26.645215871973832,5.0,5.0
2270,4.708211183547974,11833,23.642350526450603,5.0,5.0
2273,4.713195323944092,11833,28.91388042116048,5.0,5.0
2280,4.726234197616577,11833,9.47450033640587,5.0,5.0
2290,4.749181270599365,11833,6.063680215299757,5.0,5.0
2291,4.75118088722229,11833,14.850944172239807,5.0,5.0
2300,4.773229598999023,11833,14.866357386359542,5.0,5.0
2306,4.7822065353393555,11833,16.08925998545287,5.0,5.0
2310,4.791179418563843,11833,16.08925998545287,5.0,5.0
2318,4.808293581008911,11833,14.217702969626558,5.0,5.0
2320,4.813321113586426,11833,14.217702969626558,5.0,5.0
2325,4.823325872421265,11833,19.099329900560996,5.0,5.0
2330,4.832282543182373,11833,6.258468421815829,5.0,5.0
2334,4.843320369720459,11833,15.006774737452663,5.0,5.0
2340,4.85932469367981,11833,9.604335831969706,5.0,5.0
2348,4.879292011260986,11833,16.146774932460612,5.0,5.0
2349,4.88128924369812,11833,22.91741994596849,5.0,5.0
2350,4.886280059814453,11833,22.91741994596849,5.0,5.0
2357,4.9052956104278564,11833,21.733719012335868,5.0,5.0
2360,4.912280082702637,11833,11.127664134315966,5.0,5.0
2363,4.917283296585083,11833,18.902131307452773,5.0,5.0
2364,4.919344425201416,11833,25.12170504596222,5.0,5.0
2365,4.921323537826538,11833,30.097364036769775,5.0,5.0
2370,4.9313273429870605,11833,22.3278803094609,5.0,5.0
2374,4.937351226806641,11833,27.862304247568723,5.0,5.0
2375,4.939298629760742,11833,32.289843398054984,5.0,5.0
2377,4.943369626998901,11833,30.66549977475519,5.0,5.0
2379,4.947333812713623,11833,29.625919855843325,5.0,5.0
2380,4.949338912963867,11833,33.70073588467466,5.0,5.0
2381,4.951282501220703,11833,36.96058870773973,5.0,5.0
2384,4.956319332122803,11833,28.923821418362746,5.0,5.0
2390,4.973345518112183,11833,24.808996566201728,5.0,5.0
2395,4.984301567077637,11833,20.16176499351623,5.0,5.0
2400,4.994283199310303,11833,10.32282367668031,5.0,5.0
2404,5.00428318977356,11833,16.606607153075398,5.0,5.0
2406,5.008324146270752,11833,23.28528572246032,5.0,5.0
2409,5.013282775878906,11833,24.902582862374604,5.0,5.0
2410,5.015313386917114,11833,19.922066289899686,5.0,5.0
2411,5.017322540283203,11833,25.93765303191975,5.0,5.0
2412,5.0193190574646,11833,30.750122425535803,5.0,5.0
2413,5.021315097808838,11833,34.60009794042864,5.0,5.0
2417,5.030282735824585,11833,27.715250145499464,5.0,5.0
2420,5.035303354263306,11833,14.190208074495727,5.0,5.0
2422,5.040283203125,11833,21.35216645959658,5.0,5.0
2424,5.043824672698975,11833,23.665386534141817,5.0,5.0
2430,5.0557990074157715,11833,9.69334232438449,5.0,5.0
2432,5.061811685562134,11833,17.75467385950759,5.0,5.0
2436,5.067809581756592,11833,19.09039301606789,5.0,5.0
2440,5.07380747795105,11833,12.21785153028345,5.0,5.0
2441,5.076002836227417,11833,19.774281224226762,5.0,5.0
2442,5.078036546707153,11833,25.81942497938141,5.0,5.0
2443,5.080008268356323,11833,30.65553998350513,5.0,5.0
2448,5.09101128578186,11833,25.69563647155463,5.0,5.0
2450,5.094968318939209,11833,26.445207341794966,5.0,5.0
2453,5.101995229721069,11833,26.92493269874878,5.0,5.0
2457,5.109004020690918,11833,23.785565541759375,5.0,5.0
2460,5.113982677459717,11833,25.222761946726003,5.0,5.0
2461,5.114975214004517,11833,30.178209557380804,5.0,5.0
2463,5.118971824645996,11833,29.314054116723717,5.0,5.0
2470,5.1319873332977295,11833,15.008795707762545,5.0,5.0
2473,5.136001348495483,11833,19.60562925296803,5.0,5.0
2474,5.137968063354492,11833,25.684503402374425,5.0,5.0
2480,5.147968053817749,11833,18.41629807489005,5.0,5.0
2481,5.149967670440674,11833,24.73303845991204,5.0,5.0
2489,5.165016174316406,11833,18.10452204254398,5.0,5.0
2490,5.166967868804932,11833,24.483617634035184,5.0,5.0
2494,5.173973321914673,11833,25.669515285782516,5.0,5.0
2500,5.187974452972412,11833,13.14279182632065,5.0,5.0
2505,5.1989686489105225,11833,18.41138676884522,5.0,5.0
2507,5.2020111083984375,11833,21.78328753206094,5.0,5.0
2510,5.210006952285767,11833,23.941304020519002,5.0,5.0
2520,5.228031396865845,11833,7.845086501443669,5.0,5.0
2523,5.235007286071777,11833,16.276069201154936,5.0,5.0
2524,5.236968040466309,11833,23.02085536092395,5.0,5.0
2530,5.25596809387207,11833,18.41668428873916,5.0,5.0
2535,5.265972137451172,11833,19.42934235583445,5.0,5.0
2540,5.273004055023193,11833,9.94782328618724,5.0,5.0
2544,5.2810046672821045,11833,6.366606903159834,5.0,14.0
2546,5.284968614578247,11833,14.074628418022295,5.0,14.0
2548,5.287970781326294,11833,21.259702734417836,5.0,11.200000000000001
2550,5.291986703872681,11833,17.00776218753427,5.0,11.200000000000001
2560,5.313967943191528,11833,16.966379392014037,5.0,5.734400000000001
2570,5.333965539932251,11833,18.686786248711186,5.0,5.0
2573,5.339967250823975,11833,19.567634559340128,5.0,5.0
2577,5.348964691162109,11833,20.018628894382147,5.0,5.0
2579,5.351964473724365,11833,26.014903115505717,5.0,5.0
2580,5.3529651165008545,11833,20.811922492404577,5.0,5.0
2581,5.354964733123779,11833,26.649537993923662,5.0,5.0
2590,5.3789637088775635,11833,17.055704316111143,5.0,5.0
2592,5.382964134216309,11833,20.91565076231113,5.0,5.0
2600,5.3969645500183105,11833,6.853640441794113,5.0,5.0
2610,5.415964365005493,11833,5.0,5.0,5.0
2620,5.442018747329712,11833,5.0,5.0,5.0
2630,5.460889101028442,11833,5.0,5.0,5.0
2640,5.487886667251587,11833,5.0,5.0,5.0
2641,5.48988676071167,11833,14.0,5.0,5.0
2647,5.5029144287109375,11833,15.7344,5.0,5.0
2649,5.508449077606201,11833,22.58752,5.0,5.0
2650,5.510457515716553,11833,18.070016000000003,5.0,5.0
2651,5.512535572052002,11833,24.456012800000003,5.0,5.0
2652,5.514472007751465,11833,29.564810240000003,5.0,5.0
2653,5.516279220581055,11833,33.651848192,5.0,5.0
2655,5.519294500350952,11833,31.537182842880004,5.0,5.0
2656,5.521291255950928,11833,35.229746274304006,5.0,5.0
2660,5.531305313110352,11833,18.037630092443653,5.0,5.0
2663,5.5353264808654785,11833,19.235266607331152,5.0,5.0
2665,5.539377212524414,11833,25.38821328586492,5.0,5.0
2666,5.541288614273071,11833,30.310570628691938,5.0,5.0
2670,5.547316312789917,11833,24.24845650295355,5.0,5.0
2672,5.552332878112793,11833,29.398765202362842,5.0,5.0
2673,5.554354906082153,11833,33.519012161890274,5.0,5.0
2676,5.559838056564331,11833,31.452167783609777,5.0,5.0
2678,5.563837766647339,11833,30.12938738151026,5.0,5.0
2680,5.5668370723724365,11833,24.10350990520821,5.0,5.0
2681,5.568836450576782,11833,29.28280792416657,5.0,5.0
2683,5.5728371143341064,11833,33.42624633933326,5.0,5.0
2690,5.589836835861206,11833,17.114238125738634,5.0,5.0
2694,5.601836442947388,11833,23.691390500590906,5.0,5.0
2700,5.613836765289307,11833,9.703993549042037,5.0,5.0
2702,5.6178364753723145,11833,16.210555871386905,5.0,5.0
2708,5.629837274551392,11833,16.639843684920077,5.0,5.0
2709,5.631836414337158,11833,23.31187494793606,5.0,5.0
2710,5.635835886001587,11833,23.31187494793606,5.0,5.0
2713,5.642836809158325,11833,24.91959996667908,5.0,5.0
2714,5.644878387451172,11833,29.935679973343266,5.0,5.0
2720,5.654836416244507,11833,12.261654517081405,5.0,5.0
2722,5.660479784011841,11833,19.809323613665125,5.0,5.0
2730,5.679254055023193,11833,15.192895329380633,5.0,5.0
2732,5.686250925064087,11833,22.154316263504505,5.0,5.0
2736,5.695691823959351,11833,21.34300992691431,5.0,5.0
2740,5.705693960189819,11833,23.65952635322516,5.0,5.0
2747,5.719700574874878,11833,22.11367749285128,5.0,5.0
2749,5.723710060119629,11833,24.15275359542482,5.0,5.0
2750,5.728682041168213,11833,24.15275359542482,5.0,5.0
2751,5.730741262435913,11833,29.32220287633986,5.0,5.0
2752,5.7326819896698,11833,33.45776230107189,5.0,5.0
2755,5.738718271255493,11833,27.13037429814881,5.0,5.0
2756,5.740731239318848,11833,31.704299438519048,5.0,5.0
2760,5.7466912269592285,11833,25.36343955081524,5.0,5.0
2765,5.758709192276001,11833,22.986081050017404,5.0,5.0
2770,5.771681785583496,11833,28.388864840013923,5.0,5.0
2772,5.774721145629883,11833,28.16887349760891,5.0,5.0
2774,5.778726816177368,11833,32.535098798087134,5.0,5.0
2775,5.7807395458221436,11833,36.02807903846971,5.0,5.0
2780,5.795681953430176,11833,23.05797058462062,5.0,5.0
2784,5.807717800140381,11833,24.7571011741572,5.0,5.0
2789,5.823682069778442,11833,25.84454475146061,5.0,5.0
2790,5.824731826782227,11833,20.67563580116849,5.0,5.0
2800,5.845690727233887,11833,14.335995097169212,5.0,5.0
2806,5.861460208892822,11833,15.87202359180051,5.0,5.0
2809,5.867457628250122,11833,20.158095098752327,5.0,5.0
2810,5.869459629058838,11833,20.158095098752327,5.0,5.0
2812,5.872461795806885,11833,26.12647607900186,5.0,5.0
2814,5.876500129699707,11833,26.720944690561193,5.0,5.0
2820,5.891472578048706,11833,13.681123681567335,5.0,5.0
2823,5.897514343261719,11833,18.755919156203095,5.0,5.0
2827,5.9074623584747314,11833,22.00378825996998,5.0,5.0
2829,5.910964727401733,11833,24.082424486380788,5.0,5.0
2830,5.9119720458984375,11833,19.265939589104633,5.0,5.0
2837,5.9279961585998535,11833,16.313063084557808,5.0,5.0
2839,5.932013273239136,11833,20.440360374117,5.0,5.0
2840,5.93397331237793,11833,16.3522882992936,5.0,5.0
2844,5.945968389511108,11833,23.081830639434884,5.0,5.0
2848,5.955968379974365,11833,21.817897287390664,5.0,5.0
2850,5.96100115776062,11833,17.454317829912533,5.0,5.0
2851,5.963011741638184,11833,23.963454263930025,5.0,5.0
2854,5.970047235488892,11833,25.33661072891522,5.0,5.0
2860,5.986011981964111,11833,12.972344693204594,5.0,5.0
2869,6.013060092926025,11833,15.313472386336603,5.0,5.0
2870,6.0170066356658936,11833,15.313472386336603,5.0,5.0
2873,6.024974822998047,11833,19.800622327255425,5.0,5.0
2874,6.0270092487335205,11833,25.84049786180434,5.0,5.0
2875,6.028973340988159,11833,30.672398289443475,5.0,5.0
2880,6.040013790130615,11833,12.56341433935605,5.0,5.0
2881,6.041972637176514,11833,20.05073147148484,5.0,5.0
2886,6.0559773445129395,11833,20.26597451340024,5.0,5.0
2890,6.067972660064697,11833,16.212779610720194,5.0,5.0
2891,6.069479703903198,11833,22.970223688576155,5.0,5.0
2897,6.082544565200806,11833,21.760754528550994,5.0,5.0
2899,6.086509943008423,11833,23.926882898272638,5.0,5.0
2900,6.08750057220459,11833,19.14150631861811,5.0,5.0
2902,6.090502500534058,11833,22.250564043915592,5.0,5.0
2904,6.094502210617065,11833,24.24036098810598,5.0,5.0
2905,6.0965001583099365,11833,29.392288790484784,5.0,5.0
2910,6.1065309047698975,11833,25.04885186072821,5.0,5.0
2913,6.114545106887817,11833,26.031265190866055,5.0,5.0
2916,6.118494033813477,11833,26.660009722154278,5.0,5.0
2920,6.124539613723755,11833,13.649924977742993,5.0,5.0
2930,6.148290634155273,11833,10.919939982194395,5.0,5.0
2933,6.153312921524048,11833,18.735951985755516,5.0,5.0
2940,6.169225454330444,11833,7.67424593336546,5.0,5.0
2942,6.173226356506348,11833,16.13939674669237,5.0,5.0
2943,6.175226449966431,11833,22.911517397353897,5.0,5.0
2947,6.185376882553101,11833,28.32921391788312,5.0,5.0
2950,6.190396785736084,11833,14.504557525956159,5.0,5.0
2951,6.192362546920776,11833,21.603646020764927,5.0,5.0
2958,6.2033679485321045,11833,15.663266182467403,5.0,5.0
2960,6.206340074539185,11833,12.530612945973923,5.0,5.0
2965,6.2144129276275635,11833,16.41567382833865,5.0,5.0
2968,6.219340801239014,11833,18.40482500010939,5.0,5.0
2969,6.221345663070679,11833,24.723860000087512,5.0,5.0
2970,6.2253992557525635,11833,24.723860000087512,5.0,5.0
2973,6.229340314865112,11833,25.82327040005601,5.0,5.0
2975,6.233427047729492,11833,30.65861632004481,5.0,5.0
2980,6.240339994430542,11833,19.62151444482868,5.0,5.0
2983,6.246364116668701,11833,22.557769244690355,5.0,5.0
2988,6.257339715957642,11833,19.23966228262517,5.0,5.0
2990,6.263337135314941,11833,15.391729826100136,5.0,5.0
2995,6.272338390350342,11833,15.043562029416494,5.0,5.0
2996,6.274359226226807,11833,22.034849623533198,5.0,5.0
2999,6.279340028762817,11833,24.102303759061247,5.0,5.0
3000,6.281411647796631,11833,19.281843007248998,5.0,5.0
3003,6.288397789001465,11833,22.34037952463936,5.0,5.0
3009,6.303340673446655,11833,19.150619453292286,5.0,5.0
3010,6.307378053665161,11833,19.150619453292286,5.0,5.0
3011,6.309378623962402,11833,25.32049556263383,5.0,5.0
3020,6.326340675354004,11833,15.310092791016867,5.0,5.0
3026,6.339430809020996,11833,17.838767509000636,5.0,5.0
3027,6.341438293457031,11833,24.27101400720051,5.0,5.0
3028,6.343442440032959,11833,29.41681120576041,5.0,5.0
3029,6.345340728759766,11833,33.533448964608326,5.0,5.0
3030,6.3473405838012695,11833,36.82675917168666,5.0,5.0
3031,6.349340200424194,11833,39.46140733734933,5.0,5.0
3032,6.351414442062378,11833,41.569125869879464,5.0,5.0
3036,6.361377000808716,11833,31.283392445378286,5.0,5.0
3040,6.366339683532715,11833,16.017096932033684,5.0,5.0
3041,6.368341445922852,11833,22.81367754562695,5.0,5.0
3042,6.370349884033203,11833,28.25094203650156,5.0,5.0
3047,6.3823401927948,11833,21.571585858151042,5.0,5.0
3050,6.390340089797974,11833,17.257268686520835,5.0,5.0
3052,6.394406080245972,11833,21.044651959373333,5.0,5.0
3054,6.399340867996216,11833,26.835721567498666,5.0,5.0
3056,6.402650833129883,11833,27.174861803199146,5.0,5.0
3057,6.404638290405273,11833,31.739889442559317,5.0,5.0
3060,6.411647081375122,11833,20.313529243237966,5.0,5.0
3061,6.413602828979492,11833,26.250823394590373,5.0,5.0
3063,6.417599678039551,11833,26.800526972537842,5.0,5.0
3066,6.42263388633728,11833,23.721869809939378,5.0,5.0
3069,6.430641412734985,11833,25.1819966783612,5.0,5.0
3070,6.4316606521606445,11833,20.145597342688962,5.0,5.0
3073,6.439642667770386,11833,22.893182299320934,5.0,5.0
3077,6.4518609046936035,11833,24.6516366715654,5.0,5.0
3079,6.454862117767334,11833,25.777047469801857,5.0,5.0
3080,6.456833600997925,11833,20.621637975841487,5.0,5.0
3087,6.4738898277282715,11833,20.558278643630842,5.0,5.0
3088,6.475864887237549,11833,26.446622914904676,5.0,5.0
3089,6.477831840515137,11833,31.15729833192374,5.0,5.0
3090,6.479835033416748,11833,34.92583866553899,5.0,5.0
3096,6.489850282669067,11833,21.44449881392382,5.0,5.0
3097,6.4918670654296875,11833,27.155599051139056,5.0,5.0
3100,6.499880790710449,11833,21.724479240911247,5.0,5.0
3102,6.503876447677612,11833,23.903666714183203,5.0,5.0
3108,6.5178749561309814,11833,22.2386773576618,5.0,5.0
3110,6.521910190582275,11833,24.232753508903556,5.0,5.0
3111,6.52387261390686,11833,29.386202807122846,5.0,5.0
3113,6.527871131896973,11833,33.50896224569828,5.0,5.0
3120,6.538902282714844,11833,7.027338719149066,5.0,5.0
3122,6.541870355606079,11833,14.497496780255403,5.0,5.0
3130,6.563235521316528,11833,7.422718351490767,5.0,5.0
3140,6.587580680847168,11833,5.0,5.0,5.0
3145,6.598719835281372,11833,14.0,5.0,5.0
3150,6.612902879714966,11833,11.200000000000001,5.0,5.0
3155,6.625917911529541,11833,18.96,5.0,5.0
3156,6.627956390380859,11833,25.168,5.0,5.0
3157,6.629912853240967,11833,30.1344,5.0,5.0
3160,6.635882616043091,11833,15.428812800000003,5.0,5.0
3162,6.638887166976929,11833,22.343050240000004,5.0,5.0
3166,6.6449174880981445,11833,19.151713378304002,5.0,5.0
3167,6.64691948890686,11833,25.3213707026432,5.0,5.0
3170,6.651888608932495,11833,20.257096562114562,5.0,5.0
3176,6.663885116577148,11833,18.29730675184213,5.0,5.0
3180,6.672884225845337,11833,11.710276321178965,5.0,5.0
3184,6.682900905609131,11833,19.36822105694317,5.0,5.0
3187,6.689918518066406,11833,22.395661476443628,5.0,5.0
3189,6.693941116333008,11833,27.916529181154903,5.0,5.0
3190,6.6978819370269775,11833,27.916529181154903,5.0,5.0
3191,6.699884414672852,11833,32.33322334492392,5.0,5.0
3192,6.701917409896851,11833,35.86657867593914,5.0,5.0
3194,6.705925226211548,11833,32.95461035260105,5.0,5.0
3200,6.717885971069336,11833,23.49820840042539,5.0,5.0
3203,6.722965240478516,11833,25.03885337627225,5.0,5.0
3205,6.725882530212402,11833,30.0310827010178,5.0,5.0
3208,6.729881286621094,11833,25.375914342921114,5.0,5.0
3210,6.734175443649292,11833,20.300731474336892,5.0,5.0
3211,6.736187219619751,11833,26.240585179469516,5.0,5.0
3213,6.742212533950806,11833,30.992468143575614,5.0,5.0
3214,6.7442052364349365,11833,34.793974514860494,5.0,5.0
3218,6.753204822540283,11833,27.814514951608576,5.0,5.0
3220,6.757209539413452,11833,27.80128956902949,5.0,5.0
3225,6.770230531692505,11833,27.792825324178875,5.0,5.0
3229,6.778228998184204,11833,27.78740820747448,5.0,5.0
3230,6.780182600021362,11833,27.78740820747448,5.0,5.0
3234,6.789247274398804,11833,27.78394125278367,5.0,5.0
3237,6.795188665390015,11833,27.78172240178155,5.0,5.0
3238,6.797205448150635,11833,32.22537792142524,5.0,5.0
3240,6.8002002239227295,11833,20.624241869712158,5.0,5.0
3243,6.805253744125366,11833,20.55961183729263,5.0,5.0
3250,6.819164514541626,11833,8.421217008555061,5.0,5.0
3251,6.821199655532837,11833,16.73697360684405,5.0,5.0
3256,6.831218957901001,11833,20.711663108380193,5.0,5.0
3257,6.833163499832153,11833,26.569330486704157,5.0,5.0
3259,6.83720850944519,11833,27.00437151149066,5.0,5.0
3260,6.839212417602539,11833,31.60349720919253,5.0,5.0
3262,6.843226194381714,11833,35.282797767354026,5.0,5.0
3263,6.8451597690582275,11833,38.22623821388322,5.0,5.0
3265,6.851396083831787,11833,40.58099057110658,5.0,5.0
3269,6.860398292541504,11833,30.777467172406574,5.0,5.0
3270,6.86238956451416,11833,30.777467172406574,5.0,5.0
3279,6.876327037811279,11833,20.08516044305419,5.0,5.0
3280,6.878345251083374,11833,20.08516044305419,5.0,5.0
3282,6.881366968154907,11833,26.068128354443353,5.0,5.0
3284,6.885404109954834,11833,26.68360214684375,5.0,5.0
3289,6.893320560455322,11833,23.662004299183998,5.0,5.0
3290,6.895350456237793,11833,28.9296034393472,5.0,5.0
3294,6.901649713516235,11833,28.51494620118221,5.0,5.0
3295,6.903687953948975,11833,32.811956960945764,5.0,5.0
3296,6.905647039413452,11833,36.24956556875661,5.0,5.0
3299,6.911606788635254,11833,33.19972196400423,5.0,5.0
3300,6.913610935211182,11833,26.559777571203387,5.0,5.0
3302,6.917613744735718,11833,31.24782205696271,5.0,5.0
3304,6.921651840209961,11833,29.998606116456138,5.0,5.0
3306,6.927612066268921,11833,33.99888489316491,5.0,5.0
3307,6.92962384223938,11833,37.199107914531936,5.0,5.0
3310,6.933892250061035,11833,23.80742906530044,5.0,5.0
3311,6.935953855514526,11833,29.045943252240352,5.0,5.0
3320,6.951721906661987,11833,9.517774684894121,5.0,5.0
3326,6.96299934387207,11833,16.091375798332237,5.0,5.0
3330,6.969064712524414,11833,16.091375798332237,5.0,5.0
3333,6.974979877471924,11833,18.238784408746106,5.0,5.0
3336,6.979970216751099,11833,21.67282202159751,5.0,5.0
3338,6.984005928039551,11833,23.87060609382241,5.0,5.0
3340,6.989969730377197,11833,23.87060609382241,5.0,5.0
3342,6.993052005767822,11833,25.277187900046343,5.0,5.0
3346,7.00304651260376,11833,22.94192020482373,5.0,5.0
3350,7.010046005249023,11833,21.74626314486975,5.0,5.0
3354,7.0159666538238525,11833,21.134086730173316,5.0,5.0
3355,7.01796555519104,11833,26.907269384138655,5.0,5.0
3356,7.019965648651123,11833,31.525815507310924,5.0,5.0
3359,7.024965763092041,11833,30.176521924678994,5.0,5.0
3360,7.0290327072143555,11833,30.176521924678994,5.0,5.0
3361,7.030991554260254,11833,34.141217539743195,5.0,5.0
3364,7.036980867385864,11833,27.480303380348516,5.0,5.0
3370,7.051025390625,11833,21.255932264590754,5.0,5.0
3371,7.05300760269165,11833,27.004745811672603,5.0,5.0
3374,7.059020280838013,11833,27.283037319470466,5.0,5.0
3377,7.063971042633057,11833,27.4611438844611,5.0,5.0
3378,7.065980911254883,11833,31.968915107568883,5.0,5.0
3379,7.0679802894592285,11833,35.575132086055106,5.0,5.0
3380,7.069980144500732,11833,28.460105668844086,5.0,5.0
3390,7.094969987869263,11833,9.325807425566833,5.0,5.0
3400,7.124901533126831,11833,5.0,5.0,5.0
3404,7.133876323699951,11833,14.0,5.0,5.0
3406,7.138876438140869,11833,21.200000000000003,5.0,5.0
3409,7.1472015380859375,11833,26.960000000000004,5.0,5.0
3410,7.149200439453125,11833,31.568000000000005,5.0,5.0
3416,7.163616418838501,11833,22.930252800000005,5.0,5.0
3418,7.167643308639526,11833,24.675361792000004,5.0,5.0
3420,7.171651840209961,11833,29.740289433600005,5.0,5.0
3430,7.193131685256958,11833,17.79623843328164,5.0,5.0
3432,7.197163105010986,11833,21.38959259730025,5.0,5.0
3435,7.203139066696167,11833,20.95147140981773,5.0,5.0
3436,7.20513129234314,11833,26.761177127854186,5.0,5.0
3440,7.214193105697632,11833,23.70172268946135,5.0,5.0
3443,7.222222566604614,11833,28.96137815156908,5.0,5.0
3446,7.230179309844971,11833,28.535282017004214,5.0,5.0
3448,7.233166933059692,11833,32.82822561360337,5.0,5.0
3449,7.235175848007202,11833,36.2625804908827,5.0,5.0
3450,7.237131834030151,11833,29.01006439270616,5.0,5.0
3452,7.241197824478149,11833,33.20805151416493,5.0,5.0
3460,7.259177207946777,11833,13.602017900201957,5.0,5.0
3462,7.26313328742981,11833,18.705291456129252,5.0,5.0
3465,7.268131494522095,11833,21.971386531922725,5.0,5.0
3467,7.272175073623657,11833,27.57710922553818,5.0,5.0
3470,7.2761311531066895,11833,27.649349904344437,5.0,5.0
3472,7.28217625617981,11833,32.11947992347555,5.0,5.0
3477,7.295130729675293,11833,26.445173720819486,5.0,5.0
3480,7.299131631851196,11833,21.15613897665559,5.0,5.0
3483,7.304168701171875,11833,20.831943156047664,5.0,5.0
3484,7.306204319000244,11833,26.665554524838132,5.0,5.0
3486,7.310167074203491,11833,27.065954895896407,5.0,5.0
3490,7.317131280899048,11833,23.857768906698965,5.0,5.0
3498,7.333137512207031,11833,17.817713715347118,5.0,5.0
3500,7.336155414581299,11833,14.254170972277695,5.0,14.0
3504,7.345190048217773,11833,19.122669422257726,5.0,11.200000000000001
3506,7.348169565200806,11833,22.23850843024495,5.0,11.200000000000001
3507,7.3511271476745605,11833,27.790806744195958,5.0,11.200000000000001
3509,7.354126930236816,11833,32.23264539535677,5.0,8.96
3510,7.355451583862305,11833,25.786116316285415,5.0,8.96
3514,7.363020420074463,11833,26.503114442422667,5.0,5.734400000000001
3516,7.366031169891357,11833,31.202491553938135,5.0,5.0
3517,7.368000268936157,11833,34.96199324315051,5.0,5.0
3520,7.3749473094940186,11833,22.37567567561633,5.0,5.0
3530,7.391995906829834,11833,5.0,5.0,5.0
3540,7.417208433151245,11833,14.0,5.0,5.0
3542,7.424233675003052,11833,21.200000000000003,5.0,5.0
3545,7.431209564208984,11833,23.568000000000005,5.0,5.0
3550,7.44217586517334,11833,15.083520000000005,5.0,5.0
3554,7.454218626022339,11833,19.653452800000004,5.0,5.0
3560,7.464176416397095,11833,8.050054266880002,5.0,5.0
3570,7.4841718673706055,11833,14.121627784642563,5.0,5.0
3574,7.49521803855896,11833,21.29730222771405,5.0,5.0
3579,7.508245944976807,11833,20.90421874058959,5.0,5.0
3580,7.510176181793213,11833,16.723374992471673,5.0,5.0
3582,7.513176679611206,11833,23.37869999397734,5.0,5.0
3584,7.517176389694214,11833,24.962367996145495,5.0,5.0
3590,7.530184507369995,11833,18.179668744976958,5.0,5.0
3595,7.541186332702637,11833,21.634987996785256,5.0,5.0
3597,7.5471861362457275,11833,27.307990397428206,5.0,5.0
3598,7.549176454544067,11833,31.846392317942566,5.0,5.0
3599,7.5512518882751465,11833,31.846392317942566,5.0,14.0
3600,7.5512518882751465,11833,31.846392317942566,5.0,11.200000000000001
3605,7.56317663192749,11833,26.3053528667866,5.0,8.96
3610,7.570175409317017,11833,23.46834066779474,5.0,5.734400000000001
3612,7.574643611907959,11833,28.774672534235794,5.0,5.0
3614,7.577643632888794,11833,28.41579042191091,5.0,5.0
3615,7.579643249511719,11833,32.73263233752873,5.0,5.0
3616,7.581643342971802,11833,36.186105870022985,5.0,5.0
3618,7.585644245147705,11833,33.15910775681471,5.0,5.0
3620,7.5916430950164795,11833,26.527286205451773,5.0,5.0
3621,7.592643737792969,11833,31.22182896436142,5.0,5.0
3625,7.599645137786865,11833,22.788461143802444,5.0,5.0
3626,7.600735664367676,11833,28.230768915041956,5.0,5.0
3627,7.602644920349121,11833,32.58461513203356,5.0,5.0
3630,7.609644412994385,11833,26.06769210562685,5.0,5.0
3632,7.61309027671814,11833,26.683322947601187,5.0,5.0
3635,7.617651700973511,11833,27.07732668646476,5.0,5.0
3636,7.619434356689453,11833,31.66186134917181,5.0,5.0
3637,7.621780157089233,11833,35.32948907933745,5.0,5.0
3640,7.625597953796387,11833,22.610873010775972,5.0,5.0
3643,7.63286280632019,11833,24.470958726896626,5.0,5.0
3644,7.634555101394653,11833,29.576766981517302,5.0,5.0
3645,7.63608980178833,11833,33.66141358521384,5.0,5.0
3647,7.642138242721558,11833,36.92913086817107,5.0,5.0
3650,7.647101402282715,11833,18.90771500450359,5.0,5.0
3652,7.651127576828003,11833,22.100937602882297,5.0,5.0
3654,7.655095815658569,11833,24.14460006584467,5.0,5.0
3660,7.669156551361084,11833,15.452544042140591,5.0,5.0
3661,7.671196460723877,11833,22.362035233712476,5.0,5.0
3664,7.678120374679565,11833,24.311702549575987,5.0,5.0
3670,7.692638635635376,11833,9.958073364306326,5.0,5.0
3672,7.696401119232178,11833,16.37316695315605,5.0,5.0
3678,7.7074995040893555,11833,18.3830614800159,5.0,5.0
3680,7.710470914840698,11833,14.70644918401272,5.0,5.0
3681,7.712401866912842,11833,21.76515934721018,5.0,5.0
3683,7.7164905071258545,11833,23.929701982214517,5.0,5.0
3684,7.718401670455933,11833,29.143761585771614,5.0,5.0
3688,7.725450754165649,11833,21.937284745532054,5.0,5.0
3689,7.727409362792969,11833,27.549827796425642,5.0,5.0
3690,7.729446887969971,11833,27.549827796425642,5.0,14.0
3691,7.731409311294556,11833,32.03986223714051,5.0,14.0
3696,7.742325782775879,11833,26.404409465415945,5.0,11.200000000000001
3697,7.7444007396698,11833,31.12352757233276,5.0,11.200000000000001
3699,7.74836540222168,11833,29.91905764629297,5.0,11.200000000000001
3700,7.75032901763916,11833,23.935246117034378,5.0,11.200000000000001
3703,7.75534987449646,11833,25.318557514902004,5.0,8.96
3704,7.757413625717163,11833,30.254846011921604,5.0,8.96
3705,7.759334325790405,11833,34.203876809537284,5.0,8.96
3708,7.76740574836731,11833,37.36310144762983,5.0,7.168000000000001
3709,7.769329071044922,11833,39.89048115810387,5.0,7.168000000000001
3710,7.771330118179321,11833,41.9123849264831,5.0,7.168000000000001
3717,7.785372734069824,11833,31.459141082359352,5.0,5.0
3719,7.789350271224976,11833,30.133850292709987,5.0,5.0
3720,7.790365695953369,11833,24.10708023416799,5.0,5.0
3721,7.792414665222168,11833,29.285664187334394,5.0,5.0
3722,7.794329404830933,11833,33.42853134986751,5.0,5.0
3727,7.804367780685425,11833,20.953861152724592,5.0,5.0
3730,7.813366889953613,11833,16.763088922179673,5.0,5.0
3731,7.815329074859619,11833,23.41047113774374,5.0,5.0
3734,7.82132887840271,11833,24.982701528155992,5.0,5.0
3737,7.825328350067139,11833,25.988928978019835,5.0,5.0
3739,7.828328371047974,11833,30.79114318241587,5.0,5.0
3740,7.830328702926636,11833,24.632914545932696,5.0,5.0
3745,7.83939003944397,11833,20.089641798014036,5.0,5.0
3750,7.851328611373901,11833,16.07171343841123,5.0,5.0
3756,7.8636674880981445,11833,18.22871728046655,5.0,5.0
3760,7.870629549026489,11833,11.666379059498594,5.0,5.0
3761,7.872631072998047,11833,19.333103247598878,5.0,5.0
3762,7.874627590179443,11833,25.466482598079104,5.0,5.0
3764,7.880627393722534,11833,30.373186078463284,5.0,5.0
3766,7.886673212051392,11833,34.29854886277063,5.0,5.0
3767,7.888638257980347,11833,37.438839090216504,5.0,5.0
3770,7.893627643585205,11833,19.168685614190853,5.0,5.0
3780,7.917744159698486,11833,6.28119490205806,5.0,5.0
3781,7.920746564865112,11833,15.024955921646448,5.0,5.0
3786,7.931746244430542,11833,16.154221945506386,5.0,5.0
3789,7.936748504638672,11833,18.270961636099273,5.0,5.0
3790,7.940822124481201,11833,18.270961636099273,5.0,5.0
3792,7.944779634475708,11833,21.693415447103536,5.0,5.0
3800,7.962800979614258,11833,11.107028708917014,5.0,5.0
3806,7.976809740066528,11833,17.10849837370689,5.0,5.0
3810,7.985749006271362,11833,13.686798698965513,5.0,5.0
3811,7.987751007080078,11833,20.94943895917241,5.0,5.0
3815,7.994748592376709,11833,23.407640933870344,5.0,5.0
3818,7.999786138534546,11833,14.980890197677022,5.0,14.0
3820,8.0048246383667,11833,11.984712158141619,5.0,14.0
3823,8.009785175323486,11833,19.587769726513294,5.0,8.96
3830,8.022782325744629,11833,10.028938099974809,5.0,5.0
3832,8.026782512664795,11833,16.41852038398388,5.0,5.0
3838,8.036783218383789,11833,18.406282436599746,5.0,5.0
3839,8.038783311843872,11833,24.725025949279797,5.0,5.0
3840,8.039782524108887,11833,29.780020759423838,5.0,5.0
3841,8.04178237915039,11833,29.780020759423838,5.0,14.0
3843,8.045783042907715,11833,33.82401660753907,5.0,11.200000000000001
3846,8.052782773971558,11833,31.64737062882501,5.0,11.200000000000001
3848,8.056782960891724,11833,30.254317202448007,5.0,11.200000000000001
3850,8.061782360076904,11833,24.203453761958407,5.0,11.200000000000001
3860,8.081782579421997,11833,9.913734660898166,5.0,5.0
3862,8.087782144546509,11833,17.930987728718534,5.0,5.0
3864,8.093783140182495,11833,24.344790182974826,5.0,5.0
3870,8.103782415390015,11833,15.58066571710389,5.0,5.0
3872,8.109782457351685,11833,22.464532573683115,5.0,5.0
3875,8.117783069610596,11833,24.377300847157194,5.0,5.0
3876,8.11878228187561,11833,29.501840677725756,5.0,5.0
3878,8.122782230377197,11833,28.881178033744487,5.0,5.0
3879,8.12478256225586,11833,33.10494242699559,5.0,5.0
3880,8.126288175582886,11833,26.483953941596475,5.0,5.0
3883,8.131294250488281,11833,23.559784418097397,5.0,5.0
3885,8.134294271469116,11833,25.078262027582333,5.0,5.0
3886,8.136294841766357,11833,30.062609622065867,5.0,5.0
3889,8.141294240951538,11833,25.392056126497728,5.0,5.0
3890,8.145294427871704,11833,25.392056126497728,5.0,5.0
3893,8.150294065475464,11833,23.00073273676684,5.0,5.0
3894,8.152294874191284,11833,28.40058618941347,5.0,5.0
3900,8.161293983459473,11833,11.63288010318376,5.0,5.0
3908,8.183295726776123,11833,17.445043266037608,5.0,5.0
3910,8.18829345703125,11833,17.445043266037608,5.0,5.0
3912,8.194294214248657,11833,23.956034612830088,5.0,5.0
3914,8.197293996810913,11833,25.331862152211258,5.0,5.0
3916,8.201303482055664,11833,26.212391777415206,5.0,5.0
3917,8.2032949924469,11833,30.969913421932166,5.0,5.0
3920,8.208404779434204,11833,25.856595672029272,5.0,5.0
3921,8.210334777832031,11833,30.68527653762342,5.0,5.0
3924,8.215295553207397,11833,19.63857698407899,5.0,14.0
3926,8.217294692993164,11833,25.710861587263196,5.0,11.200000000000001
3930,8.226295232772827,11833,20.56868926981056,5.0,6.374400000000001
3938,8.250295162200928,11833,16.739948099931524,5.0,5.0
3940,8.255298614501953,11833,10.713566783956177,5.0,5.0
3946,8.270296335220337,11833,15.485346193385563,5.0,5.0
3950,8.278294801712036,11833,7.92849725101341,5.0,5.0
3960,8.29729676246643,11833,5.0,5.0,5.0
3963,8.302297353744507,11833,14.0,5.0,5.0
3966,8.307299613952637,11833,18.96,5.0,5.0
3969,8.31429648399353,11833,25.168,5.0,5.0
3970,8.315295934677124,11833,20.1344,5.0,5.0
3971,8.317296504974365,11833,26.10752,5.0,5.0
3972,8.31929612159729,11833,30.886016,5.0,5.0
3977,8.33129620552063,11833,29.767050240000003,5.0,5.0
3980,8.338296175003052,11833,19.050912153600006,5.0,5.0
3981,8.340297222137451,11833,25.240729722880005,5.0,5.0
3985,8.349295616149902,11833,26.154067022643204,5.0,5.0
3988,8.355301141738892,11833,23.390882315593323,5.0,5.0
3989,8.358250141143799,11833,28.71270585247466,5.0,5.0
3990,8.360258340835571,11833,32.970164681979725,5.0,5.0
3992,8.36325740814209,11833,31.100905396467027,5.0,5.0
3993,8.365302085876465,11833,34.88072431717362,5.0,5.0
4000,8.38425874710083,11833,17.8589308503929,5.0,5.0
4002,8.390256643295288,11833,24.28714468031432,5.0,5.0
4004,8.394257307052612,11833,25.543772595401165,5.0,5.0
4009,8.405256748199463,11833,26.348014461056746,5.0,5.0
4010,8.406256914138794,11833,21.078411568845397,5.0,5.0
4011,8.408257246017456,11833,26.862729255076317,5.0,5.0
4012,8.41025686264038,11833,31.490183404061057,5.0,5.0
4014,8.413256883621216,11833,30.15371737859908,5.0,5.0
4020,8.43026065826416,11833,15.438703297842734,5.0,5.0
4021,8.433311223983765,11833,22.35096263827419,5.0,5.0
4022,8.434259176254272,11833,27.880770110619352,5.0,5.0
4027,8.44525957107544,11833,21.41996343730969,5.0,5.0
4030,8.450256586074829,11833,10.967021279902564,5.0,5.0
4035,8.461256742477417,11833,17.018893619137643,5.0,5.0
4040,8.477258205413818,11833,10.892091916248091,5.0,5.0
4047,8.493270874023438,11833,15.576751061119023,5.0,5.0
4050,8.502270221710205,11833,9.969120679116175,5.0,5.0
4051,8.504259824752808,11833,17.97529654329294,5.0,5.0
4060,8.519280672073364,11833,7.36268146413279,5.0,14.0
4070,8.546258449554443,11833,5.0,5.0,5.734400000000001
4080,8.568273067474365,11833,5.0,5.0,5.0
4090,8.594273328781128,11833,5.0,5.0,5.0
4100,8.609279155731201,11833,5.0,5.0,5.0
4110,8.632270097732544,11833,5.0,5.0,5.0
4117,8.652261972427368,11833,14.0,5.0,5.0
4120,8.660256624221802,11833,11.200000000000001,5.0,5.0
4123,8.668296575546265,11833,17.168,5.0,5.0
4129,8.681259393692017,11833,20.987520000000004,5.0,5.0
4130,8.685256719589233,11833,20.987520000000004,5.0,5.0
4140,8.705259561538696,11833,14.401401954304003,5.0,5.0
4141,8.70835280418396,11833,21.521121563443202,5.0,5.0
4143,8.711256742477417,11833,27.216897250754563,5.0,5.0
4144,8.713257312774658,11833,31.773517800603653,5.0,5.0
4145,8.715256929397583,11833,35.418814240482924,5.0,5.0
4148,8.721257209777832,11833,28.134432891127258,5.0,5.0
4150,8.727256536483765,11833,32.50754631290181,5.0,5.0
4154,8.737257242202759,11833,30.80482964025716,5.0,5.0
4155,8.739257335662842,11833,34.64386371220573,5.0,5.0
4158,8.745258331298828,11833,27.737658220649337,5.0,5.0
4160,8.747258424758911,11833,17.75210126121558,5.0,5.0
4167,8.767257690429688,11833,19.08907584574238,5.0,5.0
4170,8.773256540298462,11833,22.217008541275124,5.0,5.0
4171,8.77525806427002,11833,27.7736068330201,5.0,5.0
4172,8.777276992797852,11833,32.21888546641608,5.0,5.0
4174,8.781258344650269,11833,35.775108373132866,5.0,5.0
4175,8.784269571304321,11833,38.6200866985063,5.0,5.0
4176,8.786269426345825,11833,40.896069358805036,5.0,5.0
4180,8.796258211135864,11833,20.93878751170818,5.0,5.0
4186,8.813264608383179,11833,20.72065920599459,5.0,5.0
4190,8.827269554138184,11833,20.72065920599459,5.0,5.0
4200,8.849259614944458,11833,6.78974560862031,5.0,5.0
4201,8.851258754730225,11833,15.431796486896248,5.0,5.0
4202,8.853256940841675,11833,22.345437189517,5.0,5.0
4209,8.872257947921753,11833,19.152691072826165,5.0,5.0
4210,8.876256465911865,11833,19.152691072826165,5.0,5.0
4220,8.900257110595703,11833,17.844942263429598,5.0,5.0
4221,8.902256727218628,11833,24.27595381074368,5.0,5.0
4222,8.90425729751587,11833,29.420763048594946,5.0,5.0
4225,8.910257577896118,11833,33.536610438875954,5.0,5.0
4226,8.912257432937622,11833,36.829288351100764,5.0,5.0
4230,8.922257661819458,11833,18.856595635763593,5.0,5.0
4240,8.940259456634521,11833,14.943143406341614,5.0,5.0
4241,8.941259622573853,11833,21.95451472507329,5.0,5.0
4242,8.943257331848145,11833,27.563611780058633,5.0,5.0
4243,8.945260047912598,11833,32.05088942404691,5.0,5.0
4244,8.94725751876831,11833,35.64071153923753,5.0,5.0
4246,8.9502592086792,11833,38.512569231390025,5.0,5.0
4248,8.953259229660034,11833,34.648044308089624,5.0,5.0
4250,8.956257820129395,11833,22.174748357177364,5.0,5.0
4252,8.962256908416748,11833,27.739798685741892,5.0,5.0
4253,8.964256763458252,11833,32.191838948593514,5.0,5.0
4255,8.96825647354126,11833,30.602776927099853,5.0,5.0
4259,8.978257179260254,11833,25.668621786675125,5.0,5.0
4260,8.9802565574646,11833,30.534897429340102,5.0,5.0
4267,8.991608142852783,11833,20.00567518964617,5.0,5.0
4269,8.995593547821045,11833,22.803632121373546,5.0,5.0
4270,8.996594667434692,11833,18.242905697098838,5.0,5.0
4271,8.998593091964722,11833,24.594324557679073,5.0,5.0
4273,9.002591848373413,11833,25.74036771691461,5.0,5.0
4275,9.006592035293579,11833,26.47383533882535,5.0,5.0
4277,9.009591817855835,11833,26.943254616848225,5.0,5.0
4280,9.016591548919678,11833,17.243682954782866,5.0,5.0
4290,9.039594650268555,11833,5.0,5.0,5.0
4292,9.043593645095825,11833,14.0,5.0,5.0
4294,9.049593925476074,11833,21.200000000000003,5.0,5.0
4300,9.062594652175903,11833,10.854400000000005,5.0,5.0
4303,9.067595958709717,11833,16.946816000000005,5.0,5.0
4304,9.069592952728271,11833,23.557452800000007,5.0,5.0
4307,9.07759404182434,11833,25.076769792000007,5.0,5.0
4308,9.07859468460083,11833,30.06141583360001,5.0,5.0
4310,9.082594394683838,11833,19.23930613350401,5.0,5.0
4311,9.084594488143921,11833,25.39144490680321,5.0,5.0
4313,9.088595390319824,11833,26.250524740354056,5.0,5.0
4315,9.091593503952026,11833,26.800335833826598,5.0,5.0
4317,9.098606586456299,11833,26.800335833826598,5.0,14.0
4319,9.102593660354614,11833,27.152214933649024,5.0,14.0
4320,9.106592178344727,11833,27.152214933649024,5.0,14.0
4323,9.112595319747925,11833,27.377417557535377,5.0,11.200000000000001
4328,9.123593807220459,11833,24.017237789458115,5.0,8.96
4329,9.125593662261963,11833,29.21379023156649,5.0,8.96
4330,9.127593278884888,11833,29.21379023156649,5.0,7.168000000000001
4331,9.130595445632935,11833,33.3710321852532,5.0,7.168000000000001
4332,9.132593631744385,11833,36.696825748202556,5.0,7.168000000000001
4333,9.134592056274414,11833,39.35746059856204,5.0,7.168000000000001
4335,9.138593435287476,11833,35.18877478307971,5.0,7.168000000000001
4336,9.140593528747559,11833,38.15101982646377,5.0,7.168000000000001
4337,9.142628192901611,11833,40.520815861171016,5.0,7.168000000000001
4339,9.14659333229065,11833,42.416652688936814,5.0,5.734400000000001
4340,9.148593664169312,11833,43.933322151149454,5.0,5.734400000000001
4342,9.15259337425232,11833,38.11732617673565,5.0,5.734400000000001
4343,9.154593467712402,11833,40.49386094138852,5.0,5.734400000000001
4344,9.156594038009644,11833,42.39508875311082,5.0,5.734400000000001
4345,9.158593893051147,11833,43.91607100248866,5.0,5.734400000000001
4350,9.16959285736084,11833,17.988022682619356,5.0,5.734400000000001
4352,9.176595211029053,11833,24.390418146095485,5.0,5.734400000000001
4353,9.179117918014526,11833,29.51233451687639,5.0,5.734400000000001
4357,9.188111066818237,11833,28.88789409080089,5.0,5.0
4358,9.18935775756836,11833,33.11031527264072,5.0,5.0
4360,9.194363117218018,11833,33.11031527264072,5.0,5.0
4365,9.20836329460144,11833,26.95248141959205,5.0,5.0
4370,9.21736216545105,11833,23.799670486831133,5.0,5.0
4371,9.219394207000732,11833,29.039736389464906,5.0,5.0
4380,9.241377592086792,11833,9.515740820099863,5.0,5.0
4382,9.245362520217896,11833,16.09007412486391,5.0,5.0
4384,9.249363422393799,11834,12.872059299891129,5.0,14.0
4387,9.254364013671875,11834,18.238117951930324,5.0,11.200000000000001
4389,9.258363246917725,11834,21.672395489235406,5.0,11.200000000000001
4390,9.260363578796387,11834,17.337916391388326,5.0,11.200000000000001
4392,9.266363859176636,11834,23.87033311311066,5.0,11.200000000000001
4396,9.277364015579224,11834,29.096266490488528,5.0,8.96
4398,9.2803635597229,11834,28.62161055391266,5.0,8.96
4400,9.282363891601562,11834,18.317830754504104,5.0,8.96
4401,9.284363031387329,11834,24.654264603603284,5.0,8.96
4403,9.287363290786743,11834,29.723411682882627,5.0,7.168000000000001
4404,9.289363622665405,11834,33.77872934630611,5.0,7.168000000000001
4408,9.297378778457642,11834,31.618386781635913,5.0,5.734400000000001
4410,9.30336308479309,11834,25.29470942530873,5.0,5.734400000000001
4417,9.316364765167236,11834,18.28857038448517,5.0,5.0
4420,9.323488235473633,11834,11.704685046070509,5.0,5.0
4423,9.328362464904785,11834,15.9927987435881,5.0,5.0
4430,9.344365358352661,11834,6.550650365373688,5.0,5.0
4439,9.370363712310791,11834,14.192416233839161,5.0,5.0
4440,9.372363328933716,11834,14.192416233839161,5.0,5.0
4442,9.37536334991455,11834,21.35393298707133,5.0,5.0
4450,9.391363382339478,11834,18.746570951504417,5.0,5.0
4460,9.413422346115112,11834,17.678595461736208,5.0,5.0
4462,9.416383981704712,11834,21.314301095511176,5.0,5.0
4467,9.423383712768555,11834,18.73033772872138,5.0,5.0
4469,9.427385330200195,11834,24.984270182977106,5.0,5.0
4470,9.429381847381592,11834,19.987416146381687,5.0,5.0
4471,9.431405305862427,11834,25.98993291710535,5.0,5.0
4473,9.434384822845459,11834,30.79194633368428,5.0,5.0
4480,9.450381994247437,11834,15.765476522846354,5.0,5.0
4481,9.452383756637573,11834,22.612381218277086,5.0,5.0
4490,9.469383001327515,11834,5.927700062084032,5.0,5.0
4497,9.492387533187866,11834,14.742160049667227,5.0,5.0
4500,9.496451377868652,11834,7.5479859454296205,5.0,5.0
4510,9.523380756378174,11834,14.0,5.0,5.0
4511,9.525464057922363,11834,21.200000000000003,5.0,5.0
4514,9.532385349273682,11834,23.568000000000005,5.0,5.0
4516,9.538424730300903,11834,28.854400000000005,5.0,5.0
4519,9.544384717941284,11834,24.773452800000005,5.0,5.0
4520,9.545384168624878,11834,19.818762240000005,5.0,5.0
4524,9.555381774902344,11834,20.147206266880005,5.0,5.0
4525,9.557382106781006,11834,26.117765013504005,5.0,5.0
4527,9.560383319854736,11834,26.715369608642565,5.0,5.0
4528,9.562384128570557,11834,31.372295686914054,5.0,5.0
4530,9.565383195877075,11834,20.078269239624998,5.0,5.0
4540,9.582383155822754,11834,10.280073850688002,5.0,5.0
4542,9.585477352142334,11834,10.280073850688002,5.0,14.0
4545,9.590385437011719,11834,16.579247264440323,5.0,11.200000000000001
4546,9.59238314628601,11834,23.26339781155226,5.0,11.200000000000001
4548,9.595385551452637,11834,24.88857459939345,5.0,11.200000000000001
4550,9.598384141921997,11834,29.91085967951476,5.0,8.96
4553,9.60738229751587,11834,33.92868774361181,5.0,8.96
4554,9.609382390975952,11834,37.14295019488945,5.0,8.96
4556,9.613382577896118,11834,33.77148812472925,5.0,8.96
4557,9.614382028579712,11834,37.0171904997834,5.0,8.96
4558,9.616383075714111,11834,39.61375239982672,5.0,8.96
4560,9.619382619857788,11834,25.352801535889103,5.0,8.96
4561,9.621382474899292,11834,30.282241228711285,5.0,8.96
4570,9.639381885528564,11834,19.92288480582412,5.0,5.734400000000001
4572,9.642382144927979,11834,22.750646275727437,5.0,5.734400000000001
4576,9.647382020950317,11834,18.20051702058195,5.0,14.0
4580,9.655381917953491,11834,11.64833089317245,5.0,11.200000000000001
4584,9.661381721496582,11834,17.454931771630367,5.0,7.168000000000001
4585,9.663382053375244,11834,23.963945417304295,5.0,7.168000000000001
4587,9.66738247871399,11834,25.336925067074752,5.0,7.168000000000001
4588,9.668382167816162,11834,30.269540053659803,5.0,7.168000000000001
4590,9.671382188796997,11834,29.372505634342275,5.0,7.168000000000001
4592,9.675474405288696,11834,28.798403605979058,5.0,7.168000000000001
4593,9.6773841381073,11834,33.03872288478325,5.0,7.168000000000001
4595,9.682382345199585,11834,36.4309783078266,5.0,7.168000000000001
4597,9.68639063835144,11834,33.315826117009024,5.0,7.168000000000001
4598,9.688396215438843,11834,36.65266089360722,5.0,7.168000000000001
4600,9.692381143569946,11834,23.457702971908624,5.0,7.168000000000001
4610,9.713382482528687,11834,7.686620109835019,5.0,5.0
4611,9.715382099151611,11834,16.149296087868017,5.0,5.0
4620,9.735382080078125,11834,5.291801342072593,5.0,5.0
4626,9.746382713317871,11834,14.0,5.0,5.0
4630,9.755381345748901,11834,7.168000000000001,5.0,5.0
4640,9.777382612228394,11834,14.0,5.0,5.0
4648,9.794333696365356,11834,17.168,5.0,5.0
4649,9.796464204788208,11834,23.7344,5.0,5.0
4650,9.798098802566528,11834,28.98752,5.0,5.0
4660,9.816749095916748,11834,9.498630553600002,5.0,5.0
4670,9.844749212265015,11834,5.0,5.0,5.0
4673,9.848768949508667,11834,14.0,5.0,5.0
4680,9.86794137954712,11834,8.96,5.0,5.0
4685,9.877939939498901,11834,15.7344,5.0,5.0
4690,9.888974905014038,11834,8.056012800000003,5.0,5.0
4694,9.895942449569702,11834,14.124678553600003,5.0,5.0
4700,9.912494421005249,11834,9.039794274304002,5.0,5.0
4710,9.938493490219116,11834,14.62837466844365,5.0,5.0
4711,9.940494298934937,11834,21.702699734754923,5.0,5.0
4713,9.943493366241455,11834,23.889727830243153,5.0,5.0
4714,9.945493698120117,11834,29.111782264194524,5.0,5.0
4715,9.947498083114624,11834,33.28942581135562,5.0,5.0
4717,9.950493574142456,11834,31.3052325192676,5.0,5.0
4720,9.956492900848389,11834,25.044186015414084,5.0,5.0
4727,9.970496416091919,11834,20.258098591913612,5.0,5.0
4729,9.973495721817017,11834,22.965183098824713,5.0,5.0
4730,9.97749638557434,11834,22.965183098824713,5.0,5.0
4735,9.988492727279663,11834,24.697717183247818,5.0,5.0
4738,9.996494054794312,11834,25.806538997278608,5.0,5.0
4739,9.998496532440186,11834,30.645231197822888,5.0,5.0
4740,9.999493837356567,11834,24.51618495825831,5.0,5.0
4745,10.007510900497437,11834,22.552286698628258,5.0,5.0
4746,10.009495258331299,11834,28.041829358902607,5.0,5.0
4748,10.012492895126343,11834,27.94677078969767,5.0,5.0
4750,10.017495393753052,11834,22.357416631758138,5.0,5.0
4756,10.028507471084595,11834,19.157597852368134,5.0,5.0
4760,10.039507150650024,11834,12.260862625515607,5.0,5.0
4761,10.041513204574585,11834,19.808690100412484,5.0,5.0
4763,10.047507524490356,11834,25.846952080329988,5.0,5.0
4764,10.049492597579956,11834,30.67756166426399,5.0,5.0
4766,10.055493354797363,11834,34.54204933141119,5.0,5.0
4770,10.061492443084717,11834,24.148423406146026,5.0,5.0
4780,10.085503816604614,11834,9.891194227157415,5.0,5.0
4781,10.087504148483276,11834,17.912955381725933,5.0,5.0
4786,10.098522186279297,11834,21.4642914443046,5.0,5.0
4789,10.104506731033325,11834,20.989717219483957,5.0,5.0
4790,10.106498718261719,11834,16.791773775587167,5.0,5.0
4793,10.113493204116821,11834,20.74673521637579,5.0,5.0
4795,10.116496324539185,11834,23.277910538480505,5.0,5.0
4799,10.123508214950562,11834,19.534632156561617,5.0,5.0
4800,10.125510454177856,11834,25.627705725249292,5.0,5.0
4805,10.137495756149292,11834,20.49710826506211,5.0,5.0
4806,10.139493703842163,11834,26.39768661204969,5.0,5.0
4810,10.149509191513062,11834,13.515615545369442,5.0,5.0
4815,10.161534547805786,11834,16.919995159229156,5.0,5.0
4820,10.170494794845581,11834,6.930430017220265,5.0,5.0
4823,10.17855167388916,11834,14.43547521102097,5.0,5.0
4830,10.197550058364868,11834,9.238704135053423,5.0,5.0
4838,10.21755051612854,11834,5.912770646434192,5.0,14.0
4839,10.219550132751465,11834,14.730216517147355,5.0,14.0
4840,10.222549676895142,11834,14.730216517147355,5.0,14.0
4844,10.231550693511963,11834,19.427338570974307,5.0,11.200000000000001
4846,10.234550714492798,11834,25.541870856779447,5.0,8.96
4850,10.243550539016724,11834,16.34679734833885,5.0,7.168000000000001
4852,10.249550819396973,11834,23.07743787867108,5.0,7.168000000000001
4855,10.257550954818726,11834,24.769560242349492,5.0,7.168000000000001
4856,10.259551286697388,11834,29.815648193879596,5.0,7.168000000000001
4860,10.267550706863403,11834,19.082014844082945,5.0,5.734400000000001
4861,10.269550323486328,11834,25.26561187526636,5.0,5.734400000000001
4867,10.279563426971436,11834,22.93599328013638,5.0,5.0
4870,10.285550355911255,11834,11.743228559429827,5.0,5.0
4873,10.293550968170166,11834,19.394582847543862,5.0,5.0
4874,10.295551061630249,11834,25.51566627803509,5.0,5.0
4879,10.30555009841919,11834,20.451216907483175,5.0,5.0
4880,10.307550191879272,11834,26.36097352598654,5.0,5.0
4884,10.314550399780273,11834,20.797454756244086,5.0,5.0
4885,10.316550970077515,11835,20.797454756244086,5.0,14.0
4887,10.320550680160522,11835,23.310371043996216,5.0,14.0
4890,10.327550888061523,11835,14.918637468157579,5.0,14.0
4895,10.339550495147705,11835,19.54792797962085,5.0,11.200000000000001
4897,10.346550941467285,11835,25.63834238369668,5.0,11.200000000000001
4900,10.350550889968872,11835,20.510673906957347,5.0,7.168000000000001
4901,10.353551149368286,11835,26.408539125565877,5.0,7.168000000000001
4902,10.355550765991211,11835,31.126831300452704,5.0,7.168000000000001
4903,10.357551097869873,11835,34.90146504036217,5.0,7.168000000000001
4906,10.362550258636475,11835,32.336937625831794,5.0,5.734400000000001
4907,10.364564418792725,11835,35.869550100665435,5.0,5.734400000000001
4910,10.37255048751831,11835,22.95651206442588,5.0,5.734400000000001
4918,10.386551141738892,11835,17.522389873271074,5.0,5.0
4920,10.389550685882568,11835,11.214329518893488,5.0,5.0
4923,10.396563529968262,11835,17.177170892091834,5.0,5.0
4929,10.407550573348999,11835,15.628615357920655,5.0,5.0
4930,10.410551309585571,11835,22.502892286336525,5.0,5.0
4937,10.426550388336182,11835,11.521480850604302,5.0,14.0
4940,10.4315505027771,11835,7.373747744386754,5.0,11.200000000000001
4950,10.455550193786621,11835,5.0,5.0,5.734400000000001
4954,10.464550495147705,11835,14.0,5.0,5.0
4958,10.471550226211548,11835,17.168,5.0,5.0
4960,10.479549646377563,11835,17.168,5.0,5.0
4961,10.481551170349121,11835,23.7344,5.0,5.0
4964,10.486550569534302,11835,22.1520128,5.0,5.0
4967,10.492550373077393,11835,21.3418305536,5.0,5.0
4970,10.497550249099731,11835,13.658771554304003,5.0,5.0
4979,10.522860527038574,11835,15.59463282864292,5.0,5.0
4980,10.523876905441284,11835,12.475706262914336,5.0,5.0
4982,10.531859397888184,11835,19.980565010331468,5.0,5.0
4983,10.533857345581055,11835,25.984452008265173,5.0,5.0
4988,10.54485821723938,11835,20.64323154258542,5.0,5.0
4990,10.550856828689575,11835,16.514585234068335,5.0,5.0
4996,10.560856580734253,11835,16.76437411187439,5.0,5.0
5000,10.567914485931396,11835,10.72919943159961,5.0,5.0
5007,10.581858396530151,11835,14.0,5.0,5.0
5010,10.589858531951904,11835,8.96,5.0,5.0
5013,10.594858169555664,11835,14.587520000000001,5.0,5.0
5019,10.609857082366943,11835,17.468810240000003,5.0,5.0
5020,10.61085844039917,11835,13.975048192000003,5.0,5.0
5030,10.637858152389526,11835,5.0,5.0,5.0
5034,10.647859334945679,11835,14.0,5.0,5.0
5035,10.649859428405762,11835,21.200000000000003,5.0,5.0
5040,10.657859086990356,11835,18.683520000000005,5.0,5.0
5041,10.659857988357544,11835,24.946816000000005,5.0,5.0
5042,10.661858320236206,11835,29.957452800000006,5.0,5.0
5050,10.681172609329224,11835,9.816458133504007,5.0,5.0
5057,10.704169034957886,11835,16.282533205442565,5.0,5.0
5058,10.706169366836548,11835,23.026026564354055,5.0,5.0
5060,10.710170984268188,11835,24.736657001186593,5.0,5.0
5067,10.72516942024231,11835,18.105707766148825,5.0,5.0
5068,10.727169513702393,11835,24.484566212919063,5.0,5.0
5070,10.73016881942749,11835,15.670122376268203,5.0,5.0
5079,10.748168706893921,11835,16.418482125319457,5.0,5.0
5080,10.749169111251831,11835,16.418482125319457,5.0,5.0
5082,10.75416898727417,11835,20.50782856020445,5.0,5.0
5086,10.764171600341797,11835,20.500008222824682,5.0,5.0
5088,10.769181489944458,11835,26.400006578259745,5.0,5.0
5090,10.772169589996338,11835,16.89600421008624,5.0,5.0
5093,10.780181884765625,11835,20.813442694455194,5.0,5.0
5097,10.786193370819092,11835,23.320603324451326,5.0,5.0
5100,10.793168544769287,11835,23.320603324451326,5.0,5.0
5102,10.800170421600342,11835,28.65648265956106,5.0,5.0
5103,10.802187442779541,11835,32.92518612764885,5.0,5.0
5110,10.816169261932373,11835,23.48615623788497,5.0,5.0
5120,10.836633682250977,11835,9.619929595037684,5.0,5.0
5122,10.841622352600098,11835,16.15675494082412,5.0,5.0
5130,10.86262035369873,11835,6.617806823761559,5.0,5.0
5136,10.875633478164673,11835,14.0,5.0,5.0
5140,10.88463306427002,11835,8.96,5.0,5.0
5149,10.903698444366455,11835,14.0,5.0,5.0
5150,10.90575122833252,11835,11.200000000000001,5.0,5.0
5156,10.917738437652588,11835,15.7344,5.0,5.0
5157,10.919740200042725,11835,22.58752,5.0,5.0
5158,10.921738624572754,11835,28.070016000000003,5.0,5.0
5160,10.924733877182007,11835,22.456012800000003,5.0,5.0
5161,10.927773475646973,11835,27.964810240000002,5.0,5.0
5167,10.940738916397095,11835,19.163509019443204,5.0,5.0
5170,10.947703838348389,11835,15.330807215554564,5.0,5.0
5172,10.950697898864746,11835,22.26464577244365,5.0,5.0
5173,10.953734397888184,11835,27.81171661795492,5.0,5.0
5177,10.96070122718811,11835,21.391679126714337,5.0,5.0
5179,10.965713024139404,11835,27.11334330137147,5.0,5.0
5180,10.9697847366333,11835,27.11334330137147,5.0,5.0
5181,10.971741914749146,11835,31.690674641097175,5.0,5.0
5186,10.981738567352295,11835,22.980500332993408,5.0,5.0
5188,10.984755277633667,11835,24.707520213115785,5.0,5.0
5189,10.987704277038574,11835,29.76601617049263,5.0,5.0
5190,10.988727807998657,11835,23.812812936394106,5.0,5.0
5191,10.991765022277832,11835,29.050250349115284,5.0,5.0
5193,10.995180130004883,11835,28.592160223433783,5.0,5.0
5196,11.001987934112549,11835,22.87372817874703,5.0,14.0
5198,11.008163452148438,11835,28.298982542997624,5.0,14.0
5200,11.011736154556274,11835,18.11134882751848,5.0,14.0
5206,11.026683330535889,11835,21.591263249611828,5.0,11.200000000000001
5207,11.028686285018921,11835,27.273010599689464,5.0,11.200000000000001
5210,11.035896062850952,11835,27.273010599689464,5.0,8.968
5214,11.042922735214233,11835,23.963781427041006,5.0,7.1744
5216,11.045887470245361,11835,29.171025141632807,5.0,5.739520000000001
5220,11.057949542999268,11835,28.669456090644996,5.0,5.739520000000001
5221,11.059928894042969,11835,32.935564872516,5.0,5.739520000000001
5226,11.071959733963013,11835,23.490407371782553,5.0,5.739520000000001
5230,11.077926635742188,11835,15.033860717940835,5.0,5.0
5231,11.079886674880981,11835,22.027088574352668,5.0,5.0
5237,11.091886043548584,11835,19.022295480054854,5.0,5.0
5240,11.096891641616821,11835,9.739415285788088,5.0,5.0
5243,11.104886293411255,11835,17.79153222863047,5.0,5.0
5249,11.119885921478271,11835,21.3865806263235,5.0,5.0
5250,11.121913194656372,11835,17.1092645010588,5.0,5.0
5251,11.123887300491333,11835,23.687411600847042,5.0,5.0
5257,11.138884544372559,11835,22.127954739633687,5.0,5.0
5259,11.141884326934814,11835,27.70236379170695,5.0,5.0
5260,11.14388394355774,11835,32.16189103336556,5.0,5.0
5262,11.146883249282837,11835,30.583610261353964,5.0,5.0
5270,11.163883447647095,11835,22.527046763050585,5.0,5.0
5271,11.165886163711548,11835,28.02163741044047,5.0,5.0
5272,11.167884349822998,11835,32.41730992835238,5.0,5.0
5280,11.186882972717285,11835,10.622504117322514,5.0,5.0
5283,11.19588327407837,11835,18.498003293858012,5.0,5.0
5285,11.199886560440063,11835,24.79840263508641,5.0,5.0
5290,11.208883285522461,11835,12.696782149164244,5.0,5.0
5297,11.222120761871338,11835,15.200601968297676,5.0,5.0
5300,11.233122825622559,11835,22.16048157463814,5.0,5.0
5307,11.25027084350586,11835,21.34616656621473,5.0,5.0
5309,11.25627088546753,11835,27.076933252971784,5.0,5.0
5310,11.25827145576477,11835,21.661546602377427,5.0,5.0
5311,11.260294198989868,11835,27.329237281901943,5.0,5.0
5313,11.264283180236816,11835,31.863389825521555,5.0,5.0
5316,11.27427053451538,11835,35.49071186041725,5.0,5.0
5320,11.284270286560059,11835,18.171244472533637,5.0,5.0
5323,11.291588544845581,11835,24.53699557802691,5.0,5.0
5324,11.293589115142822,11835,29.62959646242153,5.0,5.0
5325,11.295589208602905,11835,33.70367716993722,5.0,5.0
5330,11.306589603424072,11835,26.96294173594978,5.0,5.0
5331,11.308590412139893,11835,31.570353388759827,5.0,5.0
5332,11.310590505599976,11835,35.25628271100786,5.0,5.0
5334,11.313590288162231,11835,38.20502616880629,5.0,5.0
5337,11.321588277816772,11835,34.45121674803603,5.0,5.0
5340,11.325590133666992,11835,27.56097339842883,5.0,5.0
5344,11.340590715408325,11835,27.639022974994454,5.0,5.0
5348,11.35259222984314,11835,21.32094381055773,5.0,5.0
5350,11.361590147018433,11835,21.32094381055773,5.0,5.0
5359,11.385589361190796,11835,16.986446867843558,5.0,5.0
5360,11.386589050292969,11835,23.589157494274847,5.0,5.0
5361,11.388588666915894,11835,28.871325995419877,5.0,5.0
5366,11.400588989257812,11835,28.47764863706872,5.0,5.0
5368,11.404589176177979,11835,28.225695127723984,5.0,5.0
5370,11.407589197158813,11835,18.064444881743352,5.0,5.0
5371,11.409588813781738,11835,24.451555905394684,5.0,5.0
5374,11.416589260101318,11835,29.56124472431575,5.0,5.0
5378,11.425589084625244,11835,25.13535729884967,5.0,5.0
5380,11.430588722229004,11835,30.108285839079738,5.0,5.0
5381,11.432588577270508,11835,34.086628671263796,5.0,5.0
5383,11.436589241027832,11835,37.269302937011034,5.0,5.0
5384,11.437589406967163,11835,39.81544234960883,5.0,5.0
5390,11.457588911056519,11835,25.481883103749652,5.0,5.0
5393,11.467589855194092,11835,30.385506482999723,5.0,5.0
5394,11.470587730407715,11835,34.30840518639978,5.0,5.0
5395,11.47258973121643,11835,37.44672414911983,5.0,5.0
5396,11.474589824676514,11835,39.95737931929587,5.0,5.0
5397,11.476610898971558,11835,41.965903455436695,5.0,5.0
5400,11.481590270996094,11835,21.48654256918359,5.0,5.0
5408,11.494606971740723,11835,17.04071026907008,5.0,5.0
5409,11.496589183807373,11835,23.632568215256065,5.0,5.0
5410,11.498589515686035,11835,28.90605457220485,5.0,5.0
5420,11.520589351654053,11835,9.471935962220087,5.0,5.0
5430,11.542755126953125,11835,14.849631212656686,5.0,5.0
5431,11.543752908706665,11835,21.87970497012535,5.0,5.0
5435,11.553772449493408,11835,24.003011180880225,5.0,5.0
5440,11.56475281715393,11835,12.289541724610679,5.0,5.0
5443,11.569754123687744,11835,17.865306703750836,5.0,5.0
5446,11.577767372131348,11835,24.292245363000667,5.0,5.0
5447,11.579787254333496,11835,29.433796290400537,5.0,5.0
5450,11.589752674102783,11835,33.54703703232043,5.0,5.0
5451,11.591753721237183,11836,33.54703703232043,5.0,14.0
5454,11.599754095077515,11836,31.47010370068508,5.0,14.0
5455,11.601756572723389,11836,35.176082960548065,5.0,14.0
5458,11.60875391960144,11836,32.51269309475076,5.0,14.0
5460,11.611753463745117,11836,30.808123580640487,5.0,14.0
5463,11.620188474655151,11836,34.646498864512395,5.0,11.200000000000001
5464,11.622575521469116,11836,37.71719909160991,5.0,11.200000000000001
5465,11.624575138092041,11836,40.17375927328793,5.0,11.200000000000001
5470,11.63560676574707,11836,20.56896474792342,5.0,8.96
5472,11.641575336456299,11836,26.455171798338736,5.0,8.96
5473,11.643574476242065,11836,31.16413743867099,5.0,8.96
5478,11.651647567749023,11836,25.95603836859955,5.0,5.734400000000001
5479,11.653667449951172,11836,30.76483069487964,5.0,5.734400000000001
5480,11.65564775466919,11836,24.611864555903715,5.0,5.734400000000001
5482,11.658647060394287,11836,25.75159331577838,5.0,5.734400000000001
5487,11.670647859573364,11836,23.18481577767853,5.0,5.0
5490,11.677645444869995,11836,18.547852622142823,5.0,5.0
5494,11.685648679733276,11836,17.597200434029702,5.0,5.0
5500,11.702646732330322,11836,14.077760347223762,5.0,5.0
5510,11.730266332626343,11836,5.766250638222854,5.0,5.0
5520,11.750256061553955,11836,5.0,5.0,5.0
5527,11.766256332397461,11836,14.0,5.0,5.0
5530,11.773256063461304,11836,18.96,5.0,5.0
5532,11.776256322860718,11836,22.1344,5.0,5.0
5533,11.7782564163208,11836,27.70752,5.0,5.0
5536,11.783255815505981,11836,27.7328128,5.0,5.0
5537,11.785256385803223,11836,32.18625024000001,5.0,5.0
5540,11.790255546569824,11836,30.59920015360001,5.0,5.0
5549,11.805254936218262,11836,16.41711738005226,5.0,5.0
5550,11.80725884437561,11836,23.13369390404181,5.0,5.0
5552,11.811272144317627,11836,24.80556409858676,5.0,5.0
5553,11.812270641326904,11836,24.80556409858676,5.0,14.0
5554,11.814270496368408,11836,29.84445127886941,5.0,14.0
5556,11.818255186080933,11836,29.100448818476423,5.0,14.0
5560,11.82425594329834,11836,24.89942979505993,5.0,11.200000000000001
5564,11.831256866455078,11836,22.748508055070687,5.0,8.96
5565,11.833256006240845,11836,28.19880644405655,5.0,8.96
5570,11.840256214141846,11836,14.437788899356958,5.0,6.734400000000001
5577,11.859276533126831,11836,17.392147916470762,5.0,5.387520000000001
5579,11.863256692886353,11836,21.13097466654129,5.0,5.387520000000001
5580,11.864255905151367,11836,16.904779733233035,5.0,5.387520000000001
5582,11.86725640296936,11836,20.81905902926914,5.0,5.387520000000001
5583,11.86928915977478,11836,26.655247223415312,5.0,5.387520000000001
5584,11.87129020690918,11836,31.324197778732252,5.0,5.387520000000001
5585,11.873255014419556,11836,35.05935822298581,5.0,5.387520000000001
5590,11.88325572013855,11836,27.950391410168734,5.0,5.0
5592,11.889256715774536,11836,32.36031312813499,5.0,5.0
5600,11.907442092895508,11836,16.56848032160512,5.0,5.0
5606,11.91944169998169,11836,15.429159631783566,5.0,5.0
5610,11.925440549850464,11836,19.874662164341483,5.0,5.0
5611,11.927586793899536,11836,25.899729731473187,5.0,5.0
5613,11.931586027145386,11836,26.57582702814284,5.0,5.0
5614,11.934585809707642,11836,31.260661622514274,5.0,5.0
5616,11.940585851669312,11836,35.008529298011425,5.0,5.0
5617,11.942586183547974,11836,38.00682343840914,5.0,5.0
5618,11.943585872650146,11836,40.40545875072732,5.0,5.0
5620,11.946585416793823,11836,25.859493600465488,5.0,5.0
5622,11.950586080551147,11836,30.68759488037239,5.0,5.0
5624,11.956607341766357,11836,34.55007590429791,5.0,5.0
5629,11.96743106842041,11836,24.15171109040043,5.0,5.0
5630,11.96900224685669,11836,19.321368872320345,5.0,5.0
5631,11.971134185791016,11836,25.457095097856275,5.0,5.0
5634,11.978540420532227,11836,30.36567607828502,5.0,5.0
5635,11.980712175369263,11836,34.292540862628016,5.0,5.0
5637,11.984585523605347,11836,31.94722615208193,5.0,5.0
5640,11.988481998443604,11836,20.44622473733244,5.0,5.0
5650,12.016480207443237,11836,8.374773652411369,5.0,5.0
5652,12.02248477935791,11836,16.699818921929094,5.0,5.0
5657,12.030503988265991,11836,16.84024583042216,5.0,5.0
5660,12.038046836853027,11836,13.472196664337728,5.0,5.0
5670,12.05655550956726,11836,5.518211753712734,5.0,5.0
5680,12.083652973175049,11836,5.518211753712734,5.0,5.0
5683,12.091158628463745,11836,14.0,5.0,5.0
5690,12.110198974609375,11836,8.96,5.0,5.0
5694,12.119269609451294,11836,14.587520000000001,5.0,5.0
5700,12.133172988891602,11836,11.670016000000002,5.0,5.0
5707,12.14717411994934,11836,14.780038553600003,5.0,5.0
5708,12.14917516708374,11836,21.824030842880003,5.0,5.0
5710,12.151173114776611,11836,13.967379739443203,5.0,5.0
5711,12.15415906906128,11836,21.173903791554565,5.0,5.0
5720,12.172160863876343,11836,8.672830993020751,5.0,5.0
5722,12.179160356521606,11836,16.9382647944166,5.0,5.0
5723,12.181161165237427,11836,23.55061183553328,5.0,5.0
5728,12.196161031723022,11836,22.05791325979304,5.0,5.0
5730,12.202160120010376,11836,17.646330607834432,5.0,5.0
5734,12.209159851074219,11836,17.227937016968983,5.0,5.0
5735,12.21116042137146,11836,23.782349613575185,5.0,5.0
5740,12.224162340164185,11836,12.176563002150495,5.0,5.0
5742,12.230162858963013,11836,19.741250401720396,5.0,5.0
5745,12.23416018486023,11836,22.634400257101056,5.0,5.0
5750,12.245160102844238,11836,9.271050345308595,5.0,5.0
5760,12.267183065414429,11836,5.0,5.0,5.0
5767,12.278160572052002,11836,14.0,5.0,5.0
5770,12.28516173362732,11836,11.200000000000001,5.0,5.0
5774,12.294161081314087,11836,18.96,5.0,5.0
5780,12.306160688400269,11836,9.707520000000002,5.0,5.0
5788,12.326174020767212,11836,14.0,5.0,5.0
5789,12.328173875808716,11836,21.200000000000003,5.0,5.0
5790,12.33117389678955,11836,26.960000000000004,5.0,5.0
5792,12.33415961265564,11836,27.254400000000004,5.0,5.0
5795,12.33916425704956,11836,23.954252800000006,5.0,5.0
5798,12.34417462348938,11836,25.330721792000006,5.0,5.0
5800,12.347161769866943,11836,20.264577433600007,5.0,5.0
5806,12.358160495758057,11836,16.64029673344205,5.0,5.0
5810,12.367160081863403,11836,10.649789909402912,5.0,5.0
5815,12.380526065826416,11836,8.51983192752233,5.0,14.0
5818,12.385059356689453,11836,16.815865542017864,5.0,8.96
5820,12.38804578781128,11836,13.452692433614292,5.0,7.168000000000001
5830,12.408523321151733,11836,5.510222820808416,5.0,5.0
5836,12.426537036895752,11836,14.0,5.0,5.0
5839,12.43256402015686,11836,17.168,5.0,5.0
5840,12.436587810516357,11836,17.168,5.0,5.0
5844,12.445566177368164,11836,18.790016,5.0,5.0
5847,12.451523303985596,11836,19.620488192000003,5.0,5.0
5849,12.455522060394287,11836,22.557112442880005,5.0,5.0
5850,12.460771560668945,11836,22.557112442880005,5.0,5.0
5851,12.46277666091919,11836,28.045689954304006,5.0,5.0
5852,12.464730739593506,11836,32.43655196344321,5.0,5.0
5855,12.468997716903687,11836,26.607514605282926,5.0,5.0
5858,12.479189157485962,11836,27.028809347381074,5.0,5.0
5860,12.48518967628479,11836,21.623047477904862,5.0,5.0
5861,12.488194942474365,11836,27.29843798232389,5.0,5.0
5864,12.494195699691772,11836,23.976800246949836,5.0,5.0
5866,12.500198125839233,11836,29.18144019755987,5.0,5.0
5870,12.514188766479492,11836,23.345152158047895,5.0,5.0
5872,12.51918911933899,11836,24.940897381150656,5.0,5.0
5873,12.52119255065918,11836,29.952717904920526,5.0,5.0
5874,12.523200988769531,11836,33.96217432393642,5.0,5.0
5877,12.528258562088013,11836,27.388633253855453,5.0,5.0
5878,12.530192613601685,11836,31.910906603084364,5.0,5.0
5880,12.53419280052185,11836,20.422980225973994,5.0,5.0
5885,12.544188976287842,11836,20.456565875698686,5.0,5.0
5886,12.546189546585083,11836,26.36525270055895,5.0,5.0
5890,12.553200244903564,11836,13.499009382686186,5.0,5.0
5891,12.5551917552948,11836,20.79920750614895,5.0,5.0
5900,12.573189735412598,11836,5.452387452491912,5.0,5.0
5910,12.597204446792603,11836,5.0,5.0,5.0
5911,12.599190711975098,11836,14.0,5.0,5.0
5913,12.605189085006714,11836,21.200000000000003,5.0,5.0
5915,12.6091890335083,11836,23.568000000000005,5.0,5.0
5920,12.623189687728882,11836,15.083520000000005,5.0,5.0
5922,12.629203796386719,11836,22.066816000000003,5.0,5.0
5923,12.631189823150635,11836,27.653452800000004,5.0,5.0
5929,12.643189191818237,11836,24.158567833600003,5.0,5.0
5930,12.64520812034607,11836,19.326854266880005,5.0,5.0
5934,12.654202699661255,11836,19.895349384642564,5.0,5.0
5935,12.657189130783081,11836,25.91627950771405,5.0,5.0
5939,12.664222478866577,11836,23.269135107949598,5.0,5.0
5940,12.665189981460571,11836,23.269135107949598,5.0,5.0
5943,12.671204805374146,11836,21.913797175270197,5.0,5.0
5950,12.684202432632446,11836,5.744570446714032,5.0,5.0
5951,12.687188386917114,11836,14.595656357371226,5.0,5.0
5953,12.69329571723938,11836,21.676525085896984,5.0,5.0
5954,12.695294618606567,11836,27.341220068717586,5.0,5.0
5955,12.697311401367188,11836,31.87297605497407,5.0,5.0
5958,12.702294111251831,11836,30.39870467518341,5.0,5.0
5960,12.708295345306396,11836,24.318963740146728,5.0,5.0
5970,12.728315353393555,11836,7.968838038371283,5.0,5.0
5978,12.747293710708618,11836,14.080045075646098,5.0,5.0
5980,12.753294944763184,11836,21.26403606051688,5.0,5.0
5982,12.758296489715576,11836,23.608983078730805,5.0,5.0
5983,12.761295318603516,11836,28.887186462984644,5.0,5.0
5984,12.763295650482178,11836,33.109749170387715,5.0,5.0
5988,12.770296812057495,11836,26.952191575238512,5.0,5.0
5990,12.776294946670532,11836,21.561753260190812,5.0,5.0
5992,12.782310485839844,11836,27.24940260815265,5.0,5.0
6000,12.802308797836304,11836,21.161355308299328,5.0,5.0
6005,12.812295913696289,11836,20.834613917849257,5.0,5.0
6008,12.816295385360718,11836,23.334152907423523,5.0,5.0
6010,12.820294857025146,11836,14.933857860751056,5.0,5.0
6018,12.837294816970825,11836,19.557669030880675,5.0,5.0
6020,12.839296817779541,11836,15.64613522470454,5.0,5.0
6023,12.84829568862915,11836,22.516908179763632,5.0,5.0
6026,12.853301525115967,11836,21.528656988038982,5.0,5.0
6027,12.855307579040527,11836,27.222925590431185,5.0,5.0
6028,12.857306480407715,11836,31.77834047234495,5.0,5.0
6030,12.860307693481445,11836,30.338137902300772,5.0,5.0
6036,12.876306295394897,11836,22.426501284782397,5.0,5.0
6040,12.886306285858154,11836,14.352960822260735,5.0,5.0
6042,12.88930892944336,11836,21.48236865780859,5.0,5.0
6044,12.893330335617065,11836,23.7487159409975,5.0,5.0
6046,12.896307468414307,11836,28.998972752798,5.0,5.0
6050,12.903306007385254,11836,14.847474049432577,5.0,5.0
6052,12.909320831298828,11836,21.877979239546065,5.0,5.0
6053,12.911320924758911,11836,27.50238339163685,5.0,5.0
6057,12.919320583343506,11836,21.264976237214455,5.0,5.0
6058,12.92132043838501,11836,27.011980989771565,5.0,5.0
6060,12.925305366516113,11836,17.287667833453806,5.0,5.0
6061,12.92730712890625,11836,23.830134266763046,5.0,5.0
6064,12.935306787490845,11836,29.064107413410436,5.0,5.0
6065,12.938307046890259,11836,33.25128593072835,5.0,5.0
6067,12.941319942474365,11836,36.60102874458268,5.0,5.0
6069,12.947410821914673,11836,39.28082299566614,5.0,5.0
6070,12.951518774032593,11836,39.28082299566614,5.0,5.0
6073,12.957536220550537,11836,30.11178137378107,5.0,5.0
6080,12.974532127380371,11836,12.333785650700731,5.0,5.0
6081,12.977532863616943,11836,19.867028520560588,5.0,5.0
6082,12.979518175125122,11836,25.89362281644847,5.0,5.0
6090,12.994519710540771,11836,16.78785785959507,5.0,5.0
6091,12.997519969940186,11836,23.430286287676058,5.0,5.0
6092,12.99951982498169,11836,28.744229030140847,5.0,5.0
6100,13.01451826095581,11836,19.418908968596554,5.0,5.0
6106,13.025519132614136,11836,19.94248139192144,5.0,5.0
6110,13.032518863677979,11836,18.168440378131024,5.0,5.0
6112,13.036519765853882,11836,24.53475230250482,5.0,5.0
6113,13.038519382476807,11836,29.62780184200386,5.0,5.0
6120,13.054518938064575,11836,12.135547634484782,5.0,5.0
6122,13.05751919746399,11836,19.708438107587824,5.0,5.0
6125,13.063519716262817,11836,22.613400388856206,5.0,5.0
6127,13.066518783569336,11836,24.472576248867973,5.0,5.0
6130,13.078518867492676,11836,24.472576248867973,5.0,5.0
6131,13.080518960952759,11836,29.57806099909438,5.0,5.0
6137,13.091518640518188,11836,17.7537112225466,5.0,5.0
6138,13.09351921081543,11836,24.20296897803728,5.0,5.0
6140,13.096518754959106,11836,15.489900145943862,5.0,5.0
6144,13.109519004821777,11836,19.913536093404073,5.0,5.0
6147,13.115518808364868,11836,22.744663099778606,5.0,5.0
6148,13.11751937866211,11836,28.195730479822885,5.0,5.0
6149,13.120519399642944,11836,32.55658438385831,5.0,5.0
6150,13.124518632888794,11836,32.55658438385831,5.0,5.0
6151,13.126518726348877,11836,36.04526750708665,5.0,5.0
6152,13.12851881980896,11836,38.83621400566932,5.0,5.0
6154,13.132519006729126,11836,34.85517696362837,5.0,5.0
6156,13.13551950454712,11836,37.8841415709027,5.0,5.0
6157,13.137519359588623,11836,40.30731325672216,5.0,5.0
6160,13.142518997192383,11836,20.63734438744175,5.0,5.0
6170,13.17051911354065,11836,6.762445008876914,5.0,5.0
6180,13.197519063949585,11836,5.409956007101531,5.0,5.0
6189,13.21851921081543,11836,14.0,5.0,5.0
6190,13.220519065856934,11836,11.200000000000001,5.0,5.0
6191,13.222519874572754,11836,18.96,5.0,5.0
6193,13.226518392562866,11836,22.1344,5.0,5.0
6194,13.229519605636597,11836,27.70752,5.0,5.0
6200,13.243519306182861,11836,14.186250240000001,5.0,5.0
6210,13.2728431224823,11836,17.26336012288,5.0,5.0
6219,13.292843341827393,11836,17.07107230633165,5.0,5.0
6220,13.293843507766724,11836,17.07107230633165,5.0,5.0
6230,13.319843292236328,11836,5.5938489733387575,5.0,14.0
6232,13.322843074798584,11836,14.475079178671006,5.0,11.200000000000001
6236,13.330843687057495,11836,19.264050674349445,5.0,8.96
6239,13.335843801498413,11836,22.328992431583647,5.0,7.168000000000001
6240,13.335843801498413,11836,22.328992431583647,5.0,5.734400000000001
6242,13.339843034744263,11836,24.290555156213536,5.0,5.734400000000001
6244,13.343867301940918,11836,25.54595529997666,5.0,5.734400000000001
6250,13.360856771469116,11836,26.349411391985065,5.0,5.0
6256,13.370843648910522,11836,20.792718906157084,5.0,5.0
6257,13.372844219207764,11836,26.63417512492567,5.0,5.0
6260,13.376843690872192,11836,13.636697663961943,5.0,5.0
6263,13.384843587875366,11836,20.909358131169554,5.0,5.0
6264,13.386844158172607,11836,26.727486504935644,5.0,5.0
6267,13.392844676971436,11836,27.105591363158815,5.0,5.0
6268,13.394843578338623,11836,31.684473090527053,5.0,5.0
6270,13.399842977523804,11836,30.27806277793732,5.0,5.0
6271,13.40185809135437,11836,34.222450222349856,5.0,5.0
6273,13.40597128868103,11836,31.90236814230391,5.0,5.0
6278,13.417857885360718,11836,23.067209991087687,5.0,5.0
6279,13.419856309890747,11836,28.45376799287015,5.0,5.0
6280,13.421844005584717,11836,32.76301439429612,5.0,5.0
6285,13.43484377861023,11836,26.774663369879615,5.0,5.0
6287,13.438856363296509,11836,27.135784556722957,5.0,5.0
6288,13.440842866897583,11836,31.708627645378368,5.0,5.0
6290,13.446843385696411,11836,35.3669021163027,5.0,5.0
6295,13.46074652671814,11836,28.107853883546984,5.0,5.0
6300,13.473747253417969,11836,24.391221188376058,5.0,5.0
6303,13.481090307235718,11836,25.610381560560675,5.0,5.0
6305,13.485120296478271,11836,26.39064419875883,5.0,5.0
6310,13.497134685516357,11836,13.512009829764523,5.0,5.0
6320,13.518671035766602,11836,14.0,5.0,5.0
6321,13.520670890808105,11836,21.200000000000003,5.0,5.0
6323,13.524672269821167,11836,23.568000000000005,5.0,5.0
6327,13.536670923233032,11836,25.083520000000007,5.0,5.0
6328,13.538670778274536,11836,30.066816000000006,5.0,5.0
6330,13.542671203613281,11836,19.242762240000005,5.0,5.0
6332,13.547671556472778,11836,25.394209792000005,5.0,5.0
6333,13.550671577453613,11836,30.315367833600007,5.0,5.0
6340,13.562671661376953,11836,12.417174664642566,5.0,5.0
6344,13.57067084312439,11836,16.357593428296994,5.0,5.0
6347,13.578671216964722,11836,20.468859794110077,5.0,5.0
6350,13.584671258926392,11836,13.100070268230452,5.0,5.0
6355,13.596670389175415,11836,16.707235977333994,5.0,5.0
6360,13.608673572540283,11836,18.554104820395004,5.0,5.0
6361,13.610671520233154,11836,24.843283856316006,5.0,5.0
6364,13.614906549453735,11836,25.899701668042248,5.0,5.0
6370,13.635998249053955,11836,16.575809067547038,5.0,5.0
6371,13.638026475906372,11836,23.26064725403763,5.0,5.0
6380,13.66169285774231,11836,17.622048892203054,5.0,5.0
6390,13.690716981887817,11836,19.022489032807968,5.0,5.0
6392,13.694716930389404,11836,22.1743929809971,5.0,5.0
6395,13.703718185424805,11836,24.191611507838147,5.0,5.0
6396,13.705718994140625,11836,29.353289206270517,5.0,5.0
6398,13.7117178440094,11836,33.48263136501642,5.0,5.0
6400,13.715717315673828,11836,31.428884073610508,5.0,5.0
6403,13.720717906951904,11836,26.09158864568858,5.0,5.0
6406,13.725717544555664,11836,23.358893386592555,5.0,5.0
6409,13.731716394424438,11836,21.95975341393539,5.0,5.0
6410,13.733717679977417,11836,17.567802731148312,5.0,5.0
6411,13.735717058181763,11836,24.05424218491865,5.0,5.0
6417,13.749717473983765,11836,25.394714998347936,5.0,5.0
6419,13.754717826843262,11836,26.25261759894268,5.0,5.0
6420,13.756717920303345,11836,31.002094079154148,5.0,5.0
6421,13.758717060089111,11836,34.80167526332332,5.0,5.0
6422,13.760717391967773,11836,37.84134021065866,5.0,5.0
6424,13.764716863632202,11836,34.21845773482154,5.0,5.0
6427,13.770718574523926,11836,31.89981295028579,5.0,5.0
6430,13.77571702003479,11836,30.415880288182905,5.0,5.0
6440,13.798717498779297,11836,9.966675652831778,5.0,5.0
6442,13.801717758178711,11836,17.973340522265424,5.0,5.0
6449,13.817717790603638,11836,11.502937934249871,5.0,14.0
6450,13.818718194961548,11836,11.502937934249871,5.0,11.200000000000001
6453,13.823744058609009,11836,17.36188027791992,5.0,8.96
6457,13.83571720123291,11836,23.889504222335937,5.0,7.168000000000001
6460,13.841717004776001,11836,15.289282702295,5.0,5.734400000000001
6462,13.845717668533325,11836,22.231426161836,5.0,5.0
6463,13.847716808319092,11836,27.785140929468803,5.0,5.0
6464,13.849717378616333,11836,32.22811274357504,5.0,5.0
6468,13.859716653823853,11836,26.500793724710423,5.0,5.0
6470,13.863717079162598,11836,16.960507983814672,5.0,5.0
6480,13.890717029571533,11836,5.557619256136394,5.0,5.0
6486,13.906717777252197,11836,14.0,5.0,5.0
6488,13.909716844558716,11836,21.200000000000003,5.0,5.0
6490,13.913717269897461,11836,16.960000000000004,5.0,5.0
6495,13.92371678352356,11836,18.683520000000005,5.0,5.0
6496,13.9257173538208,11836,24.946816000000005,5.0,5.0
6500,13.93471646308899,11836,19.957452800000006,5.0,5.0
6501,13.936716794967651,11836,25.965962240000003,5.0,5.0
6502,13.938716888427734,11836,30.772769792000005,5.0,5.0
6503,13.941717624664307,11836,34.618215833600004,5.0,5.0
6504,13.94371771812439,11836,37.694572666880006,5.0,5.0
6506,13.946717023849487,11836,40.155658133504005,5.0,5.0
6507,13.948716878890991,11836,42.12452650680321,5.0,5.0
6509,13.952717065811157,11836,43.69962120544257,5.0,5.0
6510,13.953717231750488,11836,34.95969696435406,5.0,5.0
6520,13.976717948913574,11836,17.331579840818904,5.0,5.0
6523,13.982717752456665,11836,18.87376887849928,5.0,5.0
6530,14.000717639923096,11836,9.663369665791635,5.0,5.0
6531,14.002717733383179,11836,17.730695732633308,5.0,5.0
6540,14.019717454910278,11836,5.0,5.0,5.0
6546,14.029716730117798,11836,5.0,5.0,14.0
6547,14.03171706199646,11836,14.0,5.0,14.0
6550,14.039717197418213,11836,8.96,5.0,14.0
6551,14.041717052459717,11836,17.168,5.0,14.0
6554,14.047717094421387,11836,20.987520000000004,5.0,11.200000000000001
6556,14.051340341567993,11836,23.432012800000003,5.0,11.200000000000001
6559,14.057471990585327,11836,24.996488192,5.0,9.96
6560,14.059308052062988,11836,24.996488192,5.0,7.968000000000001
6563,14.064307689666748,11836,22.798201954304005,5.0,7.968000000000001
6565,14.068325757980347,11836,24.590849250754566,5.0,7.968000000000001
6570,14.080302715301514,11836,12.59051481638634,5.0,6.374400000000001
6573,14.086301565170288,11836,20.072411853109074,5.0,5.0
6575,14.088303565979004,11836,20.072411853109074,5.0,14.0
6579,14.099352598190308,11836,22.846343585989807,5.0,12.200000000000001
6580,14.10134744644165,11836,28.277074868791846,5.0,12.200000000000001
6584,14.111299753189087,11836,24.477862332821424,5.0,12.200000000000001
6590,14.124300003051758,11836,12.532665514404572,5.0,7.808000000000002
6600,14.14930248260498,11836,5.133379794700113,5.0,5.0
6604,14.16045355796814,11836,14.0,5.0,5.0
6610,14.169509172439575,11836,8.96,5.0,5.0
6619,14.193369388580322,11836,15.7344,5.0,5.0
6620,14.198369264602661,11836,15.7344,5.0,5.0
6621,14.200368881225586,11836,22.58752,5.0,5.0
6625,14.212375402450562,11836,24.456012800000003,5.0,5.0
6627,14.218374729156494,11836,29.564810240000003,5.0,5.0
6630,14.223374366760254,11836,25.13718284288,5.0,5.0
6638,14.241538286209106,11836,16.589561659163937,5.0,5.0
6640,14.245553016662598,11836,10.617319461864922,5.0,5.0
6644,14.252553224563599,11836,18.493855569491938,5.0,5.0
6649,14.264938592910767,11836,17.575083241263897,5.0,5.0
6650,14.264938592910767,11836,17.575083241263897,5.0,5.0
6652,14.269150972366333,11836,21.248053274408896,5.0,5.0
6658,14.285469055175781,11836,23.598754095621693,5.0,5.0
6660,14.28847050666809,11836,15.103202621197884,5.0,5.0
6661,14.290469884872437,11836,22.082562096958306,5.0,5.0
6663,14.294469356536865,11836,24.132839742053314,5.0,5.0
6669,14.307535171508789,11836,22.356013947931295,5.0,5.0
6670,14.308549642562866,11836,22.356013947931295,5.0,5.0
6673,14.31349515914917,11836,24.30784892667603,5.0,5.0
6674,14.315516471862793,11836,29.446279141340824,5.0,5.0
6679,14.32846188545227,11836,25.076494920366507,5.0,5.0
6680,14.330552816390991,11836,30.061195936293206,5.0,5.0
6682,14.336458444595337,11836,34.048956749034566,5.0,5.0
6690,14.349455833435059,11836,11.15716214752365,5.0,5.0
6693,14.355458736419678,11836,7.140583774415136,5.0,14.0
6699,14.365476131439209,11836,14.0,5.0,11.200000000000001
6700,14.367501258850098,11836,14.0,5.0,8.96
6710,14.391526222229004,11836,8.96,5.0,5.0
6714,14.397487163543701,11836,14.587520000000001,5.0,5.0
6718,14.406498670578003,11836,17.468810240000003,5.0,5.0
6719,14.408458709716797,11836,23.975048192000003,5.0,5.0
6720,14.409487962722778,11836,23.975048192000003,5.0,5.0
6727,14.426458835601807,11836,19.820179739443205,5.0,5.0
6730,14.431457757949829,11836,12.684915033243653,5.0,5.0
6731,14.433456182479858,11836,20.147932026594923,5.0,5.0
6733,14.436457633972168,11836,26.11834562127594,5.0,5.0
6736,14.441456317901611,11836,26.715741197616605,5.0,5.0
6737,14.443456411361694,11836,31.372592958093286,5.0,5.0
6740,14.449456214904785,11836,16.062767594543768,5.0,5.0
6741,14.452457189559937,11836,22.850214075635016,5.0,5.0
6746,14.459455728530884,11836,17.487558148304082,5.0,5.0
6750,14.466496467590332,11836,13.990046518643267,5.0,5.0
6753,14.476509809494019,11836,21.192037214914613,5.0,5.0
6760,14.490470170974731,11836,10.850323054036284,5.0,5.0
6763,14.495456457138062,11836,16.94420675458322,5.0,5.0
6765,14.498477935791016,11836,20.844292322933264,5.0,5.0
6767,14.502470254898071,11836,23.34034708667729,5.0,5.0
6770,14.508471965789795,11836,24.937822135473468,5.0,5.0
6776,14.522456169128418,11836,20.214531946689934,5.0,5.0
6780,14.531546354293823,11836,22.93730044588156,5.0,5.0
6782,14.535495519638062,11836,24.6798722853642,5.0,5.0
6787,14.55045771598816,11836,25.79511826263309,5.0,5.0
6789,14.556503057479858,11836,30.636094610106472,5.0,5.0
6790,14.55852484703064,11836,34.50887568808518,5.0,5.0
6791,14.560460567474365,11836,37.60710055046815,5.0,5.0
6794,14.565509796142578,11836,34.06854435229961,5.0,5.0
6800,14.58049750328064,11836,13.954475766701925,5.0,5.0
6810,14.607455730438232,11836,5.715753274041109,5.0,5.0
6820,14.6334969997406,11836,14.0,5.0,5.0
6824,14.643485307693481,11836,17.168,5.0,5.0
6825,14.645474672317505,11836,23.7344,5.0,5.0
6826,14.647530794143677,11836,28.98752,5.0,5.0
6830,14.659469604492188,11836,18.5520128,5.0,5.0
6840,14.681459188461304,11836,6.079123554304002,5.0,5.0
6844,14.692530393600464,11836,14.863298843443202,5.0,5.0
6847,14.699499607086182,11836,19.512511259803652,5.0,5.0
6848,14.701459407806396,11836,25.610009007842923,5.0,5.0
6850,14.705459117889404,11836,26.390405765019473,5.0,5.0
6855,14.719497442245483,11836,23.511887751689972,5.0,5.0
6860,14.731575727462769,11836,12.038086528865268,5.0,5.0
6870,14.755998849868774,11836,6.163500302779018,5.0,5.0
6878,14.772019624710083,11836,14.930800242223214,5.0,5.0
6880,14.77499008178711,11836,11.944640193778572,5.0,5.0
6881,14.776990413665771,11836,19.55571215502286,5.0,5.0
6887,14.789397954940796,11836,20.012524623371707,5.0,5.0
6890,14.797378778457642,11836,16.010019698697366,5.0,5.0
6891,14.799415349960327,11836,22.808015758957893,5.0,5.0
6894,14.805379867553711,11836,21.677704068586443,5.0,5.0
6895,14.807379007339478,11836,27.342163254869156,5.0,5.0
6900,14.817378044128418,11836,13.999187586493008,5.0,5.0
6906,14.833425760269165,11836,17.16758404428442,5.0,5.0
6907,14.83540964126587,11836,23.73406723542754,5.0,5.0
6908,14.837402105331421,11836,28.98725378834203,5.0,5.0
6910,14.841423034667969,11836,18.5518424245389,5.0,5.0
6914,14.847384929656982,11836,11.873179151704898,5.0,14.0
6919,14.85937786102295,11836,7.598834657091135,5.0,18.96
6920,14.861376285552979,11836,7.598834657091135,5.0,15.168000000000001
6930,14.885417222976685,11836,5.0,5.0,5.482250240000003
6933,14.890380620956421,11836,14.0,5.0,5.0
6937,14.896380424499512,11836,17.168,5.0,5.0
6940,14.902472257614136,11836,18.790016,5.0,5.0
6950,14.923429250717163,11836,14.0,5.0,5.0
6953,14.928444385528564,11836,18.96,5.0,5.0
6954,14.930450439453125,11836,25.168,5.0,5.0
6958,14.941546201705933,11836,22.886016,5.0,5.0
6960,14.945947408676147,11836,14.647050240000002,5.0,5.0
6965,14.959954261779785,11836,17.49928972288,5.0,5.0
6970,14.969954490661621,11836,8.959636338114562,5.0,5.0
6980,15.000920534133911,11836,5.73416725639332,5.0,5.0
6985,15.015942811965942,11836,14.0,5.0,5.0
6990,15.029006004333496,11836,8.96,5.0,5.0
6993,15.039983749389648,11836,17.168,5.0,5.0
6995,15.04394268989563,11836,23.7344,5.0,5.0
6996,15.045946598052979,11836,28.98752,5.0,5.0
6999,15.05096173286438,11836,24.84161024,5.0,5.0
7000,15.052940368652344,11836,19.873288192000004,5.0,5.0
7008,15.074409246444702,11836,20.175123554304,5.0,5.0
7010,15.080490350723267,11836,16.1400988434432,5.0,5.0
7018,15.099406242370605,11836,15.28878758901947,5.0,5.0
7019,15.101404190063477,11836,22.231030071215578,5.0,5.0
7020,15.105860948562622,11836,22.231030071215578,5.0,5.0
7030,15.129818201065063,11836,11.38228739646238,5.0,5.0
7032,15.135818719863892,11836,19.105829917169906,5.0,5.0
7037,15.147822856903076,11836,19.782184917590996,5.0,5.0
7040,15.151822566986084,11836,12.660598347258238,5.0,5.0
7043,15.16228985786438,11836,20.12847867780659,5.0,5.0
7044,15.164275884628296,11836,26.102782942245273,5.0,5.0
7048,15.176268815994263,11836,26.705781083036978,5.0,5.0
7050,15.179208278656006,11836,21.364624866429583,5.0,5.0
7051,15.181716918945312,11836,27.091699893143666,5.0,5.0
7057,15.196716547012329,11836,27.338687931611947,5.0,5.0
7060,15.20271611213684,11836,17.496760276231647,5.0,5.0
7063,15.207729578018188,11836,21.197926576788255,5.0,5.0
7070,15.224343061447144,11836,10.853338407315588,5.0,5.0
7080,15.250356674194336,11836,6.946136580681977,5.0,5.0
7081,15.25236964225769,11836,6.946136580681977,5.0,14.0
7090,15.270899057388306,11836,5.0,5.0,5.0
7096,15.286218881607056,11836,14.0,5.0,5.0
7100,15.294243574142456,11836,8.96,5.0,5.0
7110,15.322710990905762,11836,5.0,5.0,5.0
7113,15.330736875534058,11836,14.0,5.0,5.0
7117,15.340723037719727,11836,18.96,5.0,5.0
7118,15.342709302902222,11836,25.168,5.0,5.0
7120,15.346709966659546,11836,30.1344,5.0,5.0
7123,15.35171103477478,11836,25.428812800000003,5.0,5.0
7126,15.357723712921143,11836,26.274440192000004,5.0,5.0
7130,15.36572265625,11836,13.452513378304003,5.0,5.0
7133,15.373708724975586,11836,18.609608562114563,5.0,5.0
7135,15.380722761154175,11836,24.88768684969165,5.0,5.0
7137,15.385743379592896,11836,29.910149479753322,5.0,5.0
7138,15.388708591461182,11836,33.928119583802655,5.0,5.0
7140,15.394709348678589,11836,37.14249566704213,5.0,5.0
7145,15.40272331237793,11836,25.21356622522046,5.0,5.0
7146,15.404708862304688,11836,30.17085298017637,5.0,5.0
7147,15.406723737716675,11836,34.136682384141096,5.0,5.0
7148,15.408708333969116,11836,37.309345907312874,5.0,5.0
7150,15.412739038467407,11836,29.8474767258503,5.0,5.0
7160,15.436635255813599,11836,12.225526466908285,5.0,5.0
7163,15.442639827728271,11836,17.824336938821304,5.0,5.0
7164,15.444639682769775,11836,24.259469551057045,5.0,5.0
7165,15.4466392993927,11836,29.407575640845636,5.0,5.0
7169,15.453625440597534,11836,25.056678728112963,5.0,5.0
7170,15.455625057220459,11836,30.04534298249037,5.0,5.0
7171,15.457625389099121,11836,34.0362743859923,5.0,5.0
7173,15.46371078491211,11836,37.22901950879384,5.0,5.0
7176,15.469769716262817,11836,33.82657248562806,5.0,5.0
7180,15.476663589477539,11836,17.31920511264157,5.0,5.0
7185,15.484625339508057,11836,18.867433017672482,5.0,5.0
7190,15.493688106536865,11836,12.075157131310391,5.0,5.0
7192,15.49765944480896,11836,17.72810056403865,5.0,5.0
7195,15.50569748878479,11836,21.345984360984737,5.0,5.0
7197,15.509645223617554,11836,23.661429991030232,5.0,5.0
7200,15.517661571502686,11836,28.929143992824187,5.0,5.0
7201,15.51966118812561,11836,33.14331519425935,5.0,5.0
7206,15.527657270431519,11836,26.96937737946079,5.0,5.0
7210,15.536624670028687,11836,13.808321218283929,5.0,5.0
7216,15.55153775215149,11836,18.837325579701716,5.0,5.0
7220,15.562502384185791,11836,12.055888371009098,5.0,5.0
7225,15.576550483703613,11836,17.715768557445823,5.0,5.0
7226,15.578569412231445,11836,24.17261484595666,5.0,5.0
7230,15.585569143295288,11836,12.376378801129812,5.0,5.0
7237,15.602625846862793,11836,16.336705946178466,5.0,5.0
7240,15.606590270996094,11836,13.069364756942774,5.0,5.0
7241,15.608555555343628,11836,20.455491805554217,5.0,5.0
7242,15.610549926757812,11836,26.364393444443376,5.0,5.0
7244,15.61463189125061,11836,26.873211804443763,5.0,5.0
7247,15.619551658630371,11836,23.75908444387521,5.0,5.0
7249,15.62379503250122,11836,29.007267555100167,5.0,5.0
7250,15.624819278717041,11836,23.205814044080135,5.0,5.0
7256,15.636881828308105,11836,19.505101432455227,5.0,5.0
7260,15.648834228515625,11836,12.483264916771347,5.0,5.0
7266,15.661795616149902,11836,15.113145309909545,5.0,5.0
7270,15.6700279712677,11836,12.090516247927637,5.0,5.0
7275,15.677474975585938,11836,17.73793039867369,5.0,5.0
7280,15.69147515296936,11836,9.081820364120931,5.0,5.0
7282,15.697482347488403,11836,17.265456291296744,5.0,5.0
7290,15.718585014343262,11836,7.0719308969151475,5.0,5.0
7296,15.730577230453491,11836,14.526035774025695,5.0,5.0
7300,15.738539934158325,11836,11.620828619220557,5.0,5.0
7301,15.740542650222778,11836,19.296662895376446,5.0,5.0
7304,15.745823621749878,11836,22.349864253040927,5.0,5.0
7305,15.747771263122559,11836,27.879891402432744,5.0,5.0
7310,15.7593412399292,11836,14.274504398045565,5.0,5.0
7315,15.772313594818115,11836,19.135682814749163,5.0,5.0
7316,15.774351596832275,11836,25.30854625179933,5.0,5.0
7320,15.7842857837677,11836,22.95797568092126,5.0,5.0
7330,15.801267623901367,11836,6.018295576899424,5.0,5.0
7340,15.826266527175903,11836,5.0,5.0,5.0
7347,15.845264196395874,11836,14.0,5.0,5.0
7348,15.84834337234497,11836,21.200000000000003,5.0,5.0
7350,15.850286722183228,11836,16.960000000000004,5.0,5.0
7351,15.852278709411621,11836,23.568000000000005,5.0,5.0
7355,15.865265369415283,11836,25.083520000000007,5.0,5.0
7359,15.875283479690552,11836,26.053452800000006,5.0,5.0
7360,15.879287242889404,11836,26.053452800000006,5.0,5.0
7370,15.911434173583984,11836,13.339367833600006,5.0,5.0
7376,15.929412364959717,11836,16.829756330803203,5.0,5.0
7377,15.932414531707764,11836,23.463805064642564,5.0,5.0
7380,15.937908172607422,11836,22.013468193096998,5.0,5.0
7386,15.947909832000732,11836,17.213373257514025,5.0,5.0
7390,15.956925868988037,11836,21.01655888480898,5.0,5.0
7400,15.98499083518982,11836,5.509364812299367,5.0,5.0
7401,15.987888097763062,11836,14.407491849839495,5.0,5.0
7402,15.989890575408936,11836,21.525993479871595,5.0,5.0
7408,16.0008864402771,11836,15.64291003478746,5.0,5.0
7410,16.006900310516357,11836,12.514328027829968,5.0,5.0
7416,16.02342200279236,11836,16.407335950248942,5.0,5.0
7420,16.032774448394775,11836,10.500695008159324,5.0,5.0
7423,16.037788152694702,11836,15.376355844177574,5.0,5.0
7429,16.052098751068115,11836,17.87269419221892,5.0,5.0
7430,16.05410122871399,11836,14.298155353775137,5.0,5.0
7435,16.065099716186523,11836,19.15081942641609,5.0,5.0
7438,16.077271938323975,11836,25.320655541132872,5.0,5.0
7440,16.083272457122803,11836,20.2565244329063,5.0,5.0
7450,16.10127305984497,11836,5.310126340939791,5.0,5.0
7460,16.126272439956665,11836,5.0,5.0,5.0
7470,16.153271198272705,11836,5.0,5.0,5.0
7471,16.154272317886353,11836,14.0,5.0,5.0
7476,16.166273593902588,11836,17.168,5.0,5.0
7480,16.17227292060852,11836,8.790016000000001,5.0,5.0
7481,16.17427134513855,11836,17.0320128,5.0,5.0
7482,16.175273418426514,11836,23.62561024,5.0,5.0
7483,16.177271366119385,11836,28.900488192,5.0,5.0
7489,16.18727135658264,11836,19.470111970754566,5.0,5.0
7490,16.189285278320312,11836,25.576089576603653,5.0,5.0
7494,16.196271181106567,11836,20.475966290576856,5.0,5.0
7495,16.19827127456665,11836,26.380773032461487,5.0,5.0
7496,16.200271368026733,11836,31.104618425969193,5.0,5.0
7499,16.208271741867065,11836,29.906955792620284,5.0,5.0
7500,16.210270643234253,11836,23.92556463409623,5.0,5.0
7502,16.213271379470825,11836,25.312361365821587,5.0,5.0
7507,16.22627091407776,11836,26.199911274125817,5.0,5.0
7508,16.228269577026367,11836,30.959929019300656,5.0,5.0
7510,16.231271266937256,11836,24.767943215440525,5.0,5.0
7520,16.25027298927307,11836,5.194214165014754,5.0,5.0
7530,16.270272254943848,11836,5.0,5.0,5.0
7536,16.298272848129272,11836,14.0,5.0,5.0
7538,16.302273511886597,11836,21.200000000000003,5.0,5.0
7540,16.30627155303955,11836,13.568000000000005,5.0,5.0
7541,16.30927324295044,11836,20.854400000000005,5.0,5.0
7544,16.316274881362915,11836,23.346816000000004,5.0,5.0
7547,16.324273824691772,11836,24.941962240000002,5.0,5.0
7548,16.326273202896118,11836,29.953569792000003,5.0,5.0
7550,16.33227777481079,11836,23.962855833600003,5.0,5.0
7551,16.33527636528015,11836,29.170284666880004,5.0,5.0
7553,16.344274044036865,11836,33.336227733504,5.0,5.0
7556,16.35027241706848,11836,27.068148599554053,5.0,5.0
7560,16.356626510620117,11836,13.858892082971678,5.0,5.0
7566,16.371110200881958,11836,18.869690933101875,5.0,5.0
7567,16.373350858688354,11836,25.0957527464815,5.0,5.0
7568,16.374921321868896,11836,30.076602197185203,5.0,5.0
7569,16.378826141357422,11836,34.06128175774816,5.0,5.0
7570,16.380447387695312,11836,27.24902540619853,5.0,5.0
7572,16.383452892303467,11836,27.43937625996706,5.0,5.0
7575,16.38945484161377,11836,27.561200806378917,5.0,5.0
7580,16.39645528793335,11836,24.11133481286601,5.0,5.0
7581,16.398457288742065,11836,29.28906785029281,5.0,5.0
7583,16.401453733444214,11836,28.7450034241874,5.0,5.0
7585,16.404453992843628,11836,28.396802191479935,5.0,5.0
7590,16.41245436668396,11836,19.305064142104147,5.0,5.0
7591,16.414466857910156,11836,25.444051313683318,5.0,5.0
7594,16.422459840774536,11836,26.284192840757324,5.0,5.0
7595,16.424458742141724,11836,31.027354272605862,5.0,5.0
7597,16.427460432052612,11836,29.857506734467755,5.0,5.0
7600,16.43197274208069,11836,15.287043448047493,5.0,5.0
7601,16.43397307395935,11836,22.229634758437996,5.0,5.0
7606,16.44257092475891,11836,21.381572996320255,5.0,5.0
7607,16.44456458091736,11836,27.105258397056204,5.0,5.0
7609,16.447596788406372,11836,27.347365374115974,5.0,5.0
7610,16.449567556381226,11836,31.877892299292782,5.0,5.0
7613,16.458563327789307,11836,30.401851071547384,5.0,5.0
7616,16.46356701850891,11836,29.457184685790327,5.0,5.0
7617,16.465571403503418,11836,33.56574774863226,5.0,5.0
7618,16.467570781707764,11836,36.85259819890581,5.0,5.0
7620,16.4705708026886,11836,23.58566284729972,5.0,5.0
7621,16.472571849822998,11836,28.868530277839778,5.0,5.0
7626,16.480077743530273,11836,19.45964000144254,5.0,5.0
7627,16.482084035873413,11836,25.567712001154035,5.0,5.0
7630,16.4890878200531,11836,16.363335680738583,5.0,5.0
7633,16.495084047317505,11836,20.472534835672697,5.0,5.0
7636,16.49908471107483,11836,23.102422294830525,5.0,5.0
7637,16.501084804534912,11836,28.48193783586442,5.0,5.0
7640,16.50709319114685,11836,18.22844021495323,5.0,5.0
7650,16.529099464416504,11836,7.466369112044845,5.0,5.0
7660,16.548099279403687,11836,5.0,5.0,5.0
7661,16.550084352493286,11836,14.0,5.0,5.0
7670,16.569098234176636,11836,14.587520000000001,5.0,5.0
7671,16.571097373962402,11836,21.670016000000004,5.0,5.0
7672,16.573084115982056,11836,27.336012800000002,5.0,5.0
7675,16.583083868026733,11836,31.868810240000002,5.0,5.0
7679,16.592084407806396,11836,30.396038553600004,5.0,5.0
7680,16.59608292579651,11836,30.396038553600004,5.0,5.0
7681,16.59811282157898,11836,34.31683084288001,5.0,5.0
7684,16.606118202209473,11836,31.96277173944321,5.0,5.0
7685,16.608119249343872,11836,35.570217391554564,5.0,5.0
7687,16.613117694854736,11836,38.45617391324365,5.0,5.0
7690,16.61811852455139,11836,24.61195130447594,5.0,5.0
7695,16.62629008293152,11836,22.601319067891684,5.0,5.0
7696,16.628289699554443,11836,28.08105525431335,5.0,5.0
7699,16.637288808822632,11836,27.971875362760546,5.0,5.0
7700,16.63830852508545,11836,22.377500290208438,5.0,5.0
7702,16.642328023910522,11836,24.321600185733402,5.0,5.0
7703,16.644317626953125,11836,29.457280148586722,5.0,5.0
7704,16.6462881565094,11836,33.56582411886938,5.0,5.0
7706,16.650287866592407,11836,36.852659295095506,5.0,5.0
7710,16.661288261413574,11836,23.58570194886113,5.0,5.0
7711,16.66429090499878,11836,28.868561559088903,5.0,5.0
7712,16.66628909111023,11836,33.09484924727113,5.0,5.0
7720,16.686289072036743,11836,23.555650251682255,5.0,5.0
7721,16.689290523529053,11836,28.844520201345805,5.0,5.0
7728,16.703289270401,11836,21.814715474471242,5.0,5.0
7730,16.708290576934814,11836,23.961417903661598,5.0,5.0
7734,16.719642639160156,11836,22.26824596667474,5.0,5.0
7735,16.72164249420166,11836,27.814596773339794,5.0,5.0
7736,16.723641872406006,11836,32.25167741867183,5.0,5.0
7740,16.7316415309906,11836,16.512858838359982,5.0,5.0
7741,16.734641075134277,11836,23.210287070687986,5.0,5.0
7743,16.740967750549316,11836,28.56822965655039,5.0,5.0
7749,16.752973794937134,11836,19.361237493858432,5.0,5.0
7750,16.75497341156006,11836,15.488989995086747,5.0,5.0
7753,16.763347625732422,11836,19.91295359685552,5.0,5.0
7760,16.78187894821167,11836,18.156345793272024,5.0,5.0
7761,16.78389883041382,11836,24.52507663461762,5.0,5.0
7769,16.802253246307373,11836,20.04547138953938,5.0,5.0
7770,16.807258367538452,11836,20.04547138953938,5.0,5.0
7771,16.8096706867218,11836,26.036377111631506,5.0,5.0
7774,16.81567645072937,11836,26.663281351444166,5.0,5.0
7775,16.818678855895996,11836,31.330625081155333,5.0,5.0
7778,16.826677322387695,11836,30.051600051939417,5.0,5.0
7780,16.831838130950928,11836,19.23302403324123,5.0,5.0
7781,16.833844900131226,11836,25.386419226592984,5.0,5.0
7782,16.836843729019165,11836,30.309135381274388,5.0,5.0
7790,16.85253357887268,11836,7.945357985388796,5.0,5.0
7792,16.859550714492798,11836,16.356286388311037,5.0,5.0
7795,16.865543603897095,11836,20.468023288519063,5.0,5.0
7800,16.87661385536194,11836,23.099534904652202,5.0,5.0
7803,16.882726669311523,11836,24.78370233897741,5.0,5.0
7806,16.89262843132019,11836,29.82696187118193,5.0,5.0
7808,16.895628452301025,11836,33.86156949694555,5.0,5.0
7809,16.897764205932617,11836,37.089255597556445,5.0,5.0
7810,16.900047779083252,11836,39.67140447804516,5.0,5.0
7813,16.906065702438354,11836,30.311759092759125,5.0,5.0
7820,16.92204785346985,11836,15.519620655492673,5.0,5.0
7830,16.944392204284668,11836,5.085469296391841,5.0,5.0
7832,16.948376178741455,11836,14.068375437113474,5.0,5.0
7840,16.969646692276,11836,9.003760279752624,5.0,5.0
7850,16.993685483932495,11836,5.0,5.0,5.0
7859,17.01368236541748,11836,14.0,5.0,5.0
7860,17.017682552337646,11836,14.0,5.0,5.0
7861,17.020700216293335,11836,21.200000000000003,5.0,5.0
7868,17.038684368133545,11836,18.683520000000005,5.0,5.0
7869,17.040682554244995,11836,24.946816000000005,5.0,5.0
7870,17.041682958602905,11836,19.957452800000006,5.0,5.0
7872,17.045684337615967,11836,22.772769792000005,5.0,5.0
7875,17.052682399749756,11836,24.574572666880005,5.0,5.0
7877,17.056684970855713,11836,19.659658133504006,5.0,14.0
7880,17.065683126449585,11836,15.727726506803206,5.0,11.200000000000001
7888,17.08268427848816,11836,15.153661421749277,5.0,7.168000000000001
7890,17.085684061050415,11836,12.122929137399423,5.0,5.734400000000001
7895,17.094696521759033,11836,17.75867464793563,5.0,5.0
7899,17.103684186935425,11836,24.206939718348508,5.0,5.0
7900,17.105684280395508,11836,19.365551774678806,5.0,5.0
7905,17.116689682006836,11836,17.93213000690844,5.0,5.0
7910,17.12968420982361,11836,9.181250563537123,5.0,5.0
7913,17.13968300819397,11836,15.87600036066376,5.0,5.0
7920,17.16168189048767,11836,10.160640230824807,5.0,5.0
7922,17.1646831035614,11836,16.502809747727877,5.0,5.0
7924,17.170682191848755,11836,23.202247798182302,5.0,5.0
7925,17.17268204689026,11836,23.202247798182302,5.0,14.0
7930,17.179683923721313,11836,9.503640698135474,5.0,11.200000000000001
7940,17.19768476486206,11836,5.0,5.0,5.0
7948,17.21868348121643,11836,14.0,5.0,5.0
7950,17.22368335723877,11836,11.200000000000001,5.0,5.0
7952,17.22768473625183,11836,17.168,5.0,5.0
7957,17.24068260192871,11836,18.790016,5.0,5.0
7960,17.24568223953247,11836,22.025610240000002,5.0,5.0
7961,17.24768590927124,11836,27.620488192000003,5.0,5.0
7963,17.250683546066284,11836,32.0963905536,5.0,5.0
7970,17.266683101654053,11836,20.541689954304005,5.0,5.0
7972,17.270684242248535,11836,26.433351963443204,5.0,5.0
7977,17.28168225288391,11836,23.533876205282922,5.0,5.0
7980,17.28668189048767,11836,12.049344617104857,5.0,5.0
7986,17.30069637298584,11836,16.169264443957687,5.0,5.0
7990,17.312683820724487,11836,12.93541155516615,5.0,5.0
7996,17.33168363571167,11836,18.27866339530634,5.0,5.0
7997,17.333683490753174,11836,24.622930716245072,5.0,5.0
7999,17.33768367767334,11836,25.758675658396847,5.0,5.0
8000,17.34068465232849,11836,30.60694052671748,5.0,5.0
8001,17.341683626174927,11836,34.48555242137398,5.0,5.0
8003,17.347683668136597,11836,37.58844193709919,5.0,5.0
8006,17.353684186935425,11836,29.24528227179479,5.0,5.0
8008,17.35768485069275,11836,28.716980653948667,5.0,5.0
8010,17.359684228897095,11836,18.37886761852715,5.0,5.0
8012,17.365689277648926,11836,24.703094094821722,5.0,5.0
8018,17.3786838054657,11836,20.11838734123898,5.0,5.0
8019,17.380682468414307,11836,26.094709872991185,5.0,5.0
8020,17.38168430328369,11836,26.094709872991185,5.0,5.0
8022,17.384683847427368,11836,30.87576789839295,5.0,5.0
8024,17.388683795928955,11836,29.76049145497149,5.0,5.0
8030,17.400683641433716,11836,15.237371624945405,5.0,5.0
8033,17.405684232711792,11836,12.189897299956325,5.0,14.0
8034,17.406683921813965,11836,19.75191783996506,5.0,14.0
8039,17.414684772491455,11836,18.09038554724969,5.0,11.200000000000001
8040,17.416683435440063,11836,14.472308437799752,5.0,11.200000000000001
8050,17.441684007644653,11836,17.409821920153473,5.0,5.734400000000001
8052,17.445683479309082,11836,23.92785753612278,5.0,5.0
8054,17.449706554412842,11836,29.142286028898223,5.0,5.0
8060,17.463697910308838,11836,14.920850446795894,5.0,5.0
8061,17.465698719024658,11836,21.936680357436714,5.0,5.0
8064,17.473682641983032,11836,24.039475428759495,5.0,5.0
8065,17.475685596466064,11836,29.231580343007597,5.0,5.0
8070,17.486683130264282,11836,14.966569135619892,5.0,5.0
8074,17.495683431625366,11836,17.662883397437387,5.0,5.0
8080,17.506683588027954,11836,9.043396299487943,5.0,5.0
8089,17.527683973312378,11836,5.787773631672284,5.0,14.0
8090,17.52868390083313,11836,5.787773631672284,5.0,11.200000000000001
8096,17.545695543289185,11836,14.630218905337827,5.0,5.734400000000001
8100,17.554697275161743,11836,14.630218905337827,5.0,5.0
8105,17.569857120513916,11836,21.704175124270265,5.0,5.0
8106,17.57185697555542,11836,27.363340099416213,5.0,5.0
8108,17.576889753341675,11836,31.890672079532973,5.0,5.0
8109,17.578871488571167,11836,35.512537663626375,5.0,5.0
8110,17.580860137939453,11836,28.410030130901102,5.0,5.0
8111,17.583856105804443,11836,32.72802410472089,5.0,5.0
8119,17.60097861289978,11836,20.72431893863494,5.0,5.0
8120,17.604991912841797,11836,20.72431893863494,5.0,5.0
8122,17.609992742538452,11836,23.263564120726365,5.0,5.0
8128,17.62099313735962,11836,17.623004691079615,5.0,5.0
8130,17.627273559570312,11836,14.098403752863693,5.0,5.0
8139,17.650498867034912,11836,15.77470617717297,5.0,5.0
8140,17.654497146606445,11836,15.77470617717297,5.0,5.0
8145,17.666542768478394,11836,18.07664956271256,5.0,5.0
8148,17.67355704307556,11836,14.461319650170049,5.0,14.0
8150,17.677559852600098,11836,14.461319650170049,5.0,8.96
8152,17.681638956069946,11836,21.569055720136042,5.0,7.168000000000001
8158,17.699557542800903,11836,23.804195660887068,5.0,5.734400000000001
8159,17.701566219329834,11836,29.043356528709655,5.0,5.734400000000001
8160,17.70355772972107,11836,23.234685222967727,5.0,5.734400000000001
8170,17.731557369232178,11836,6.090833323089654,5.0,5.734400000000001
8176,17.742577075958252,11836,14.0,5.0,5.0
8178,17.746565103530884,11836,21.200000000000003,5.0,5.0
8180,17.753543853759766,11836,26.960000000000004,5.0,5.0
8185,17.76557731628418,11836,27.254400000000004,5.0,5.0
8187,17.76854681968689,11836,27.442816000000004,5.0,5.0
8190,17.773547649383545,11836,14.050721792000004,5.0,5.0
8195,17.78501272201538,11836,17.193969557504005,5.0,5.0
8199,17.79869818687439,11836,23.755175646003202,5.0,5.0
8200,17.799625396728516,11836,19.00414051680256,5.0,5.0
8206,17.81566047668457,11836,22.162649930753638,5.0,5.0
8210,17.822624921798706,11836,14.18409595568233,5.0,5.0
8219,17.843661785125732,11836,14.647844562757989,5.0,5.0
8220,17.846040964126587,11836,21.718275650206394,5.0,5.0
8223,17.85407781600952,11836,23.899696416132095,5.0,5.0
8230,17.874054431915283,11836,9.789315652047708,5.0,5.0
8235,17.886041164398193,11836,15.012129613848426,5.0,5.0
8237,17.890079498291016,11836,22.00970369107874,5.0,5.0
8240,17.894075870513916,11836,11.268968289832317,5.0,5.0
8244,17.903084993362427,11836,17.21213970549268,5.0,5.0
8246,17.9070725440979,11836,21.015769411515315,5.0,5.0
8250,17.91706371307373,11836,10.760073938695843,5.0,5.0
8258,17.938065767288208,11836,15.509157856612273,5.0,5.0
8260,17.94603681564331,11836,12.40732628528982,5.0,5.0
8264,17.955036878585815,11836,16.35255105806839,5.0,5.0
8268,17.968038082122803,11836,18.372506141731016,5.0,5.0
8270,17.97404718399048,11836,14.698004913384814,5.0,5.0
8272,17.97804021835327,11836,19.406723144566282,5.0,5.0
8280,18.004082679748535,11836,9.936242250017939,5.0,5.0
8288,18.026414394378662,11836,15.087356032009186,5.0,5.0
8290,18.034413814544678,11836,15.087356032009186,5.0,5.0
8292,18.041414737701416,11836,22.06988482560735,5.0,5.0
8294,18.045414686203003,11836,27.65590786048588,5.0,5.0
8300,18.063427448272705,11836,14.159824824568771,5.0,5.0
8304,18.07442831993103,11836,21.327859859655018,5.0,5.0
8310,18.089415073394775,11836,13.649830310179212,5.0,5.0
8318,18.112414598464966,11836,15.590970495049405,5.0,5.0
8320,18.116414785385132,11836,12.472776396039524,5.0,5.0
8323,18.12241506576538,11836,16.386061514772237,5.0,5.0
8330,18.14143133163452,11836,6.711730796450711,5.0,5.0
8340,18.162161111831665,11836,5.0,5.0,5.0
8343,18.17016839981079,11836,14.0,5.0,5.0
8344,18.173181533813477,11836,21.200000000000003,5.0,5.0
8345,18.175167560577393,11836,26.960000000000004,5.0,5.0
8350,18.186166524887085,11836,17.254400000000004,5.0,5.0
8351,18.188182830810547,11836,23.803520000000006,5.0,5.0
8358,18.205166816711426,11836,19.749921792000002,5.0,5.0
8360,18.21070694923401,11836,15.799937433600002,5.0,5.0
8363,18.21769118309021,11836,18.0895679660032,5.0,5.0
8365,18.223692893981934,11836,24.47165437280256,5.0,5.0
8368,18.22869086265564,11836,25.66185879859364,5.0,5.0
8370,18.232692003250122,11836,16.423589631099933,5.0,5.0
8371,18.234724044799805,11836,23.138871704879946,5.0,5.0
8380,18.25696063041687,11836,19.47768185031883,5.0,5.0
8385,18.26812434196472,11836,25.582145480255065,5.0,5.0
8389,18.27512526512146,11836,20.47844678871248,5.0,5.0
8390,18.27712607383728,11836,16.382757430969985,5.0,5.0
8397,18.30112314224243,11836,18.387971804656633,5.0,5.0
8400,18.306126594543457,11836,11.768301954980245,5.0,5.0
8410,18.335273504257202,11836,7.531713251187357,5.0,5.0
8420,18.36027455329895,11836,5.0,5.0,5.0
8430,18.39027452468872,11836,5.0,5.0,5.0
8440,18.411288022994995,11836,5.0,5.0,5.0
8442,18.415276765823364,11836,14.0,5.0,5.0
8444,18.41829490661621,11836,18.96,5.0,5.0
8449,18.429274559020996,11836,19.707520000000002,5.0,5.0
8450,18.431301593780518,11836,15.766016000000002,5.0,5.0
8456,18.44527506828308,11836,18.072200192000004,5.0,5.0
8459,18.45227551460266,11836,19.252966498304005,5.0,5.0
8460,18.453274488449097,11836,15.402373198643204,5.0,5.0
8462,18.457293272018433,11836,19.85751884713165,5.0,5.0
8470,18.477303504943848,11836,5.205529420662481,5.0,5.0
8472,18.48327612876892,11836,5.205529420662481,5.0,14.0
8480,18.49727511405945,11836,5.0,5.0,5.0
8484,18.506273984909058,11836,14.0,5.0,5.0
8485,18.508272886276245,11836,21.200000000000003,5.0,5.0
8487,18.5112726688385,11836,26.960000000000004,5.0,5.0
8490,18.518274784088135,11836,31.568000000000005,5.0,5.0
8494,18.52827477455139,11836,30.203520000000005,5.0,5.0
8495,18.530273914337158,11836,34.16281600000001,5.0,5.0
8497,18.533825159072876,11836,31.864202240000008,5.0,5.0
8500,18.54365110397339,11836,25.491361792000006,5.0,5.0
8505,18.55659031867981,11836,23.051577237504006,5.0,5.0
8507,18.559780597686768,11836,24.753009432002564,5.0,5.0
8510,18.563780307769775,11836,15.841926036481642,5.0,5.0
8511,18.56578040122986,11836,22.673540829185313,5.0,5.0
8512,18.56778073310852,11836,28.13883266334825,5.0,5.0
8513,18.570781230926514,11836,32.5110661306786,5.0,5.0
8514,18.572781085968018,11836,36.00885290454288,5.0,5.0
8520,18.582780838012695,11836,18.436532687125958,5.0,5.0
8521,18.58478093147278,11836,24.749226149700768,5.0,5.0
8527,18.59778618812561,11836,20.137283030917438,5.0,5.0
8529,18.60178518295288,11836,22.887861139787162,5.0,5.0
8530,18.604784965515137,11836,22.887861139787162,5.0,5.0
8536,18.617939472198486,11836,24.648231129463785,5.0,5.0
8540,18.625945329666138,11836,12.619894338285459,5.0,5.0
8541,18.627944707870483,11836,20.09591547062837,5.0,5.0
8547,18.63994550704956,11836,20.28910872096173,5.0,5.0
8550,18.647965908050537,11836,12.985029581415507,5.0,5.0
8553,18.653958082199097,11836,18.310418932105925,5.0,5.0
8560,18.665467739105225,11836,7.499947594590587,5.0,5.0
8567,18.67846703529358,11836,14.0,5.0,5.0
8568,18.6804678440094,11836,21.200000000000003,5.0,5.0
8570,18.684475898742676,11836,16.960000000000004,5.0,5.0
8576,18.708468198776245,11836,23.568000000000005,5.0,5.0
8577,18.710468292236328,11836,28.854400000000005,5.0,5.0
8579,18.714486837387085,11836,28.466816000000005,5.0,5.0
8580,18.717466592788696,11836,32.7734528,5.0,5.0
8583,18.722466945648193,11836,30.975009792000005,5.0,5.0
8590,18.737467288970947,11836,18.11991296691405,5.0,5.0
8591,18.73946762084961,11836,24.49593037353124,5.0,5.0
8596,18.748480558395386,11836,22.541916351248,5.0,5.0
8597,18.750468254089355,11836,28.0335330809984,5.0,5.0
8600,18.75648045539856,11836,24.35316893747118,5.0,5.0
8602,18.760480880737305,11836,25.586028119981556,5.0,5.0
8606,18.767480611801147,11836,26.375057996788197,5.0,5.0
8608,18.770467281341553,11836,26.88003711794445,5.0,5.0
8610,18.77448058128357,11836,27.20322375548445,5.0,5.0
8615,18.784467697143555,11836,18.913952360197147,5.0,5.0
8618,18.790480136871338,11836,19.68394360842094,5.0,5.0
8619,18.7924702167511,11836,25.74715488673675,5.0,5.0
8620,18.79349184036255,11836,20.5977239093894,5.0,5.0
8624,18.808481454849243,11836,26.47817912751152,5.0,5.0
8626,18.812469005584717,11836,26.946034641607376,5.0,5.0
8629,18.8224675655365,11836,31.5568277132859,5.0,5.0
8630,18.825472593307495,11836,35.24546217062873,5.0,5.0
8640,18.851487159729004,11836,9.2393864352573,5.0,5.0
8647,18.865588426589966,11836,15.913207318564673,5.0,5.0
8650,18.875468730926514,11836,12.73056585485174,5.0,5.0
8660,18.902466773986816,11836,5.214439774147274,5.0,5.0
8661,18.90548300743103,11836,14.17155181931782,5.0,5.0
8662,18.907466650009155,11836,21.337241455454254,5.0,5.0
8670,18.924468278884888,11836,8.739734100154065,5.0,5.0
8672,18.928470611572266,11836,16.99178728012325,5.0,5.0
8680,18.944466590881348,11836,5.0,5.0,5.0
8682,18.948481798171997,11836,14.0,5.0,5.0
8687,18.956480741500854,11836,18.96,5.0,5.0
8690,18.96148180961609,11836,12.134400000000001,5.0,5.0
8694,18.97357702255249,11836,17.766016,5.0,5.0
8696,18.979552030563354,11836,24.212812800000002,5.0,5.0
8699,18.988508939743042,11836,25.496200192000003,5.0,5.0
8700,18.990469932556152,11836,20.396960153600006,5.0,5.0
8710,19.00854468345642,11836,6.683675903131652,5.0,5.0
8717,19.023558855056763,11836,14.277552578004258,5.0,5.0
8718,19.02552318572998,11836,21.422042062403406,5.0,5.0
8719,19.027555227279663,11836,27.137633649922726,5.0,5.0
8720,19.029541492462158,11836,31.710106919938184,5.0,5.0
8725,19.045507669448853,11836,35.36808553595055,5.0,5.0
8727,19.050482511520386,11836,38.29446842876044,5.0,5.0
8728,19.05346989631653,11836,40.63557474300835,5.0,5.0
8730,19.057573318481445,11836,36.00676783552535,5.0,5.0
8740,19.07846999168396,11836,9.438958147475962,5.0,5.0
8746,19.098487377166748,11836,16.040933214384616,5.0,5.0
8748,19.102569818496704,11836,20.266197257206155,5.0,5.0
8750,19.10546588897705,11836,12.970366244611942,5.0,5.0
8751,19.107465744018555,11836,20.376292995689553,5.0,5.0
8752,19.10946559906006,11836,26.301034396551643,5.0,5.0
8755,19.115508556365967,11836,23.46612961103444,5.0,5.0
8758,19.123469829559326,11836,25.01832295106204,5.0,5.0
8760,19.126503467559814,11836,20.014658360849634,5.0,5.0
8763,19.13347053527832,11836,26.01172668867971,5.0,5.0
8770,19.14946722984314,11836,8.523522601346569,5.0,14.0
8779,19.168470859527588,11836,15.455054464861805,5.0,5.0
8780,19.17046594619751,11836,12.364043571889445,5.0,5.0
8782,19.1734778881073,11836,19.891234857511556,5.0,5.0
8790,19.189467430114746,11836,6.517959838109388,5.0,5.0
8797,19.201510429382324,11836,5.0,5.0,14.0
8800,19.20646905899048,11836,5.0,5.0,8.96
8806,19.221468448638916,11836,14.0,5.0,5.0
8808,19.225468158721924,11836,21.200000000000003,5.0,5.0
8809,19.22746729850769,11836,26.960000000000004,5.0,5.0
8810,19.22846817970276,11836,26.960000000000004,5.0,5.0
8820,19.25248074531555,11836,11.042816000000004,5.0,5.0
8830,19.275480270385742,11836,5.0,5.0,5.0
8833,19.28449535369873,11836,14.0,5.0,5.0
8834,19.286481380462646,11836,21.200000000000003,5.0,5.0
8837,19.29446768760681,11836,26.960000000000004,5.0,5.0
8840,19.30255103111267,11836,27.254400000000004,5.0,5.0
8844,19.30954933166504,11836,21.163402240000003,5.0,5.0
8849,19.320549726486206,11836,23.544577433600004,5.0,5.0
8850,19.32254958152771,11836,23.544577433600004,5.0,5.0
8860,19.344576597213745,11836,5.0,5.0,5.0
8861,19.346540212631226,11836,14.0,5.0,5.0
8864,19.354540586471558,11836,18.96,5.0,5.0
8868,19.36755657196045,11836,22.1344,5.0,5.0
8869,19.36955761909485,11836,27.70752,5.0,5.0
8870,19.370574235916138,11836,27.70752,5.0,5.0
8873,19.376539707183838,11836,24.18625024,5.0,5.0
8875,19.380539894104004,11836,25.479200153600004,5.0,5.0
8879,19.389540910720825,11836,26.306688098304004,5.0,5.0
8880,19.390567541122437,11836,21.045350478643204,5.0,5.0
8890,19.41756272315979,11836,8.620175556052258,5.0,5.0
8900,19.445345640182495,11836,5.516912355873446,5.0,5.0
8901,19.447279691696167,11836,14.413529884698757,5.0,5.0
8910,19.46627712249756,11836,14.0,5.0,5.0
8920,19.48829960823059,11836,5.0,5.0,5.0
8930,19.507303476333618,11836,5.0,5.0,5.0
8936,19.528552055358887,11836,14.0,5.0,5.0
8940,19.5375497341156,11836,7.168000000000001,5.0,5.0
8941,19.539548635482788,11836,15.7344,5.0,5.0
8950,19.565635681152344,11836,8.056012800000003,5.0,5.0
8956,19.574548721313477,11836,15.155848192000002,5.0,5.0
8960,19.58660626411438,11836,9.699742842880003,5.0,5.0
8969,19.61362314224243,11836,14.0,5.0,5.0
8970,19.615591764450073,11836,11.200000000000001,5.0,5.0
8980,19.641868829727173,11836,5.0,5.0,5.0
8990,19.667550563812256,11836,5.0,5.0,5.0
8991,19.670514345169067,11836,14.0,5.0,5.0
8997,19.685537576675415,11836,17.168,5.0,5.0
8998,19.687495946884155,11836,23.7344,5.0,5.0
9000,19.691590070724487,11836,18.98752,5.0,5.0
9002,19.697554349899292,11836,25.190016,5.0,5.0
9010,19.71549153327942,11836,10.317830553600004,5.0,5.0
9011,19.717508792877197,11836,18.254264442880004,5.0,5.0
9020,19.737515211105347,11836,7.476946715803651,5.0,5.0
9029,19.75885319709778,11836,14.0,5.0,5.0
9030,19.762864112854004,11836,14.0,5.0,5.0
9034,19.77287006378174,11836,17.168,5.0,5.0
9039,19.785887956619263,11836,18.790016,5.0,5.0
9040,19.787846088409424,11836,25.032012800000004,5.0,5.0
9043,19.792906284332275,11836,26.020488192000006,5.0,5.0
9050,19.808842182159424,11836,10.657991963443203,5.0,5.0
9051,19.810901403427124,11836,18.526393570754564,5.0,5.0
9053,19.815122842788696,11836,21.85689188528292,5.0,5.0
9060,19.826695680618286,11836,8.952582916211886,5.0,5.0
9070,19.86065173149109,11836,5.729653066375608,5.0,5.0
9076,19.877713441848755,11836,14.583722453100487,5.0,5.0
9077,19.88072633743286,11836,21.666977962480388,5.0,5.0
9080,19.888019323349,11836,13.866865895987448,5.0,5.0
9082,19.89206099510193,11836,21.09349271678996,5.0,5.0
9086,19.90011692047119,11836,26.87479417343197,5.0,5.0
9087,19.90211510658264,11836,31.499835338745577,5.0,5.0
9090,19.907151222229004,11836,20.15989461679717,5.0,5.0
9091,19.91015124320984,11836,26.12791569343774,5.0,5.0
9099,19.9291512966156,11836,20.701994268032102,5.0,5.0
9100,19.930150508880615,11836,16.561595414425682,5.0,5.0
9104,19.940194845199585,11836,18.47953685218595,5.0,5.0
9110,19.951268196105957,11836,19.461522868319207,5.0,5.0
9115,19.961294651031494,11836,19.964299708579436,5.0,5.0
9120,19.970224618911743,11836,10.221721450792671,5.0,5.0
9129,19.99058771133423,11836,15.233521382805847,5.0,5.0
9130,19.992555618286133,11836,12.186817106244678,5.0,5.0
9132,19.996590614318848,11836,19.749453684995743,5.0,5.0
9135,20.00057816505432,11836,25.799562947996595,5.0,5.0
9137,20.0076003074646,11836,30.639650358397276,5.0,5.0
9140,20.01761293411255,11836,34.51172028671782,5.0,5.0
9142,20.02161192893982,11836,32.08750098349941,5.0,5.0
9146,20.029587745666504,11836,23.143040402841365,5.0,5.0
9147,20.03155279159546,11836,28.51443232227309,5.0,5.0
9148,20.033589601516724,11836,32.81154585781847,5.0,5.0
9149,20.03555703163147,11836,36.249236686254775,5.0,5.0
9150,20.037087202072144,11836,28.99938934900382,5.0,5.0
9158,20.056678771972656,11836,19.502519901881577,5.0,5.0
9160,20.06268548965454,11836,15.602015921505263,5.0,5.0
9162,20.068678855895996,11836,22.48161273720421,5.0,5.0
9164,20.07267713546753,11836,24.388232151810698,5.0,5.0
9170,20.090644598007202,11836,15.608468577158849,5.0,5.0
9171,20.092670917510986,11836,22.486774861727078,5.0,5.0
9172,20.094683170318604,11836,27.98941988938166,5.0,5.0
9174,20.10164761543274,11836,32.39153591150533,5.0,5.0
9176,20.105660438537598,11836,30.730582983363412,5.0,5.0
9177,20.107682943344116,11836,34.584466386690735,5.0,5.0
9179,20.111672163009644,11836,32.13405848748207,5.0,5.0
9180,20.11472487449646,11836,32.13405848748207,5.0,5.0
9184,20.122647762298584,11836,23.16211035647266,5.0,5.0
9190,20.136645555496216,11836,7.589760321608963,5.0,5.0
9198,20.15564799308777,11836,14.0,5.0,5.0
9200,20.1616473197937,11836,14.0,5.0,5.0
9201,20.163654327392578,11836,21.200000000000003,5.0,5.0
9203,20.167680978775024,11836,23.568000000000005,5.0,5.0
9205,20.170647382736206,11836,28.854400000000005,5.0,5.0
9210,20.17966604232788,11836,14.773452800000005,5.0,5.0
9213,20.184652090072632,11836,17.5640078336,5.0,5.0
9220,20.199647426605225,11836,8.992772010803202,5.0,5.0
9226,20.215208292007446,11836,14.60429926953124,5.0,5.0
9230,20.222219944000244,11836,7.477401225999995,5.0,5.0
9232,20.226189613342285,11836,14.785536784639998,5.0,5.0
9240,20.24116563796997,11836,9.4627435421696,5.0,5.0
9244,20.248188972473145,11836,16.056155866988544,5.0,5.0
9247,20.25317096710205,11836,20.275939754872667,5.0,5.0
9250,20.25816583633423,11836,20.275939754872667,5.0,5.0
9256,20.270671367645264,11836,20.381281154494808,5.0,5.0
9257,20.27370834350586,11836,26.305024923595848,5.0,5.0
9260,20.27772092819214,11836,13.468172760881075,5.0,5.0
9269,20.296671867370605,11836,14.413250850285513,5.0,5.0
9270,20.29866909980774,11836,21.53060068022841,5.0,5.0
9271,20.300708532333374,11836,27.22448054418273,5.0,5.0
9273,20.304741382598877,11836,27.42366754827695,5.0,5.0
9278,20.31767177581787,11836,24.0409177847178,5.0,5.0
9279,20.31971788406372,11836,29.23273422777424,5.0,5.0
9280,20.320743799209595,11836,23.386187382219394,5.0,5.0
9281,20.323673248291016,11836,28.708949905775516,5.0,5.0
9290,20.343767166137695,11836,11.759185881405655,5.0,5.0
9294,20.355671405792236,11836,17.52587896409962,5.0,5.0
9299,20.367711067199707,11836,18.973250029619006,5.0,5.0
9300,20.369701862335205,11836,25.178600023695203,5.0,5.0
9301,20.37168312072754,11836,30.142880018956163,5.0,5.0
9310,20.386712551116943,11836,9.87721892461156,5.0,5.0
9311,20.389671802520752,11836,17.90177513968925,5.0,5.0
9320,20.404706478118896,11836,9.165708871520897,5.0,5.0
9326,20.425041675567627,11836,17.332567097216717,5.0,5.0
9330,20.432005643844604,11836,7.099419483019969,5.0,5.0
9340,20.457024097442627,11836,5.679535586415976,5.0,5.0
9341,20.459017992019653,11836,14.54362846913278,5.0,5.0
9347,20.474318265914917,11836,15.957070220956789,5.0,5.0
9348,20.476306200027466,11836,22.765656176765432,5.0,5.0
9350,20.480305671691895,11836,24.57001995312988,5.0,5.0
9360,20.50191903114319,11836,5.152706648474626,5.0,5.0
9370,20.5260751247406,11836,5.0,5.0,5.0
9371,20.52813744544983,11836,14.0,5.0,5.0
9380,20.547088861465454,11836,5.734400000000001,5.0,5.0
9389,20.565057039260864,11836,14.0,5.0,5.0
9390,20.567124843597412,11836,21.200000000000003,5.0,5.0
9391,20.569151401519775,11836,26.960000000000004,5.0,5.0
9395,20.577125310897827,11836,21.042816000000002,5.0,5.0
9396,20.5790798664093,11836,26.8342528,5.0,5.0
9400,20.58809733390808,11836,13.739137433600002,5.0,5.0
9410,20.613093614578247,11836,8.793047957504001,5.0,5.0
9413,20.61811923980713,11836,14.50204055424205,5.0,5.0
9414,20.620071172714233,11836,21.60163244339364,5.0,5.0
9415,20.62209916114807,11836,27.281305954714913,5.0,5.0
9417,20.626099109649658,11836,27.460035811017544,5.0,5.0
9420,20.634058952331543,11836,17.57442291905123,5.0,5.0
9430,20.655094861984253,11836,5.758786902114709,5.0,5.0
9432,20.659111976623535,11836,14.0,5.0,5.0
9440,20.681071519851685,11836,7.168000000000001,5.0,5.0
9450,20.706489086151123,11836,5.0,5.0,5.0
9460,20.72497057914734,11836,5.0,5.0,5.0
9470,20.74675440788269,11836,5.0,5.0,5.0
9471,20.7498037815094,11836,14.0,5.0,5.0
9472,20.751805543899536,11836,21.200000000000003,5.0,5.0
9479,20.767775297164917,11836,18.683520000000005,5.0,5.0
9480,20.77080202102661,11836,24.946816000000005,5.0,5.0
9481,20.772767305374146,11836,29.957452800000006,5.0,5.0
9485,20.779763221740723,11836,25.338215833600007,5.0,5.0
9488,20.787851810455322,11836,26.216458133504005,5.0,5.0
9490,20.792827129364014,11836,20.973166506803206,5.0,5.0
9493,20.7973473072052,11836,23.422826564354054,5.0,5.0
9499,20.81213355064392,11836,24.9906090011866,5.0,5.0
9500,20.81310534477234,11836,19.99248720094928,5.0,5.0
9501,20.816158294677734,11836,25.993989760759426,5.0,5.0
9509,20.829151153564453,11836,16.814168451844523,5.0,5.0
9510,20.83117365837097,11836,16.814168451844523,5.0,5.0
9514,20.841171741485596,11836,18.608854247344397,5.0,5.0
9515,20.843133449554443,11836,24.887083397875518,5.0,5.0
9520,20.85512685775757,11836,15.927733374640333,5.0,5.0
9523,20.86015820503235,11836,20.193749359769814,5.0,5.0
9525,20.863160848617554,11836,26.154999487815854,5.0,5.0
9526,20.865118741989136,11836,30.923999590252684,5.0,5.0
9529,20.87267231941223,11836,29.79135973776172,5.0,5.0
9530,20.874645948410034,11836,23.833087790209376,5.0,5.0
9535,20.88572645187378,11836,22.2025409485872,5.0,5.0
9536,20.887678146362305,11836,27.76203275886976,5.0,5.0
9540,20.897638082504272,11836,17.76770096567665,5.0,5.0
9546,20.912060260772705,11836,19.097062894426443,5.0,5.0
9550,20.91805911064148,11836,9.777696201946341,5.0,5.0
9553,20.92305088043213,11836,16.257725569245657,5.0,5.0
9554,20.925055980682373,11836,23.006180455396525,5.0,5.0
9557,20.93108820915222,11836,24.72395549145378,5.0,5.0
9558,20.933051824569702,11836,29.779164393163025,5.0,5.0
9560,20.93601679801941,11836,23.823331514530423,5.0,5.0
9565,20.948029041290283,11836,22.19754573543958,5.0,5.0
9568,20.956050872802734,11836,27.758036588351665,5.0,5.0
9569,20.95806574821472,11836,32.20642927068133,5.0,5.0
9570,20.96204400062561,11836,32.20642927068133,5.0,5.0
9571,20.964049100875854,11836,35.76514341654507,5.0,5.0
9572,20.966052293777466,11836,38.612114733236055,5.0,5.0
9578,20.98206615447998,11836,25.81552219473349,5.0,5.0
9580,20.98501491546631,11836,16.521934204629435,5.0,5.0
9585,20.99407410621643,11836,16.767384250216217,5.0,5.0
9590,21.005053520202637,11836,8.584900736110704,5.0,5.0
9600,21.027029991149902,11836,5.0,5.0,5.0
9609,21.054054498672485,11837,5.0,5.0,14.0
9610,21.05707311630249,11837,5.0,5.0,14.0
9616,21.07243824005127,11837,14.0,5.0,8.96
9620,21.083582878112793,11837,8.96,5.0,8.96
9622,21.087639093399048,11837,17.168,5.0,7.168000000000001
9624,21.091603755950928,11837,23.7344,5.0,5.734400000000001
9625,21.093575716018677,11837,28.98752,5.0,5.734400000000001
9627,21.097620010375977,11837,28.5520128,5.0,5.734400000000001
9628,21.10064148902893,11837,32.84161024,5.0,5.734400000000001
9630,21.103600025177002,11837,21.018630553600005,5.0,5.734400000000001
9634,21.11159348487854,11837,18.60923107475456,5.0,5.734400000000001
9637,21.116592407226562,11837,21.90990788784292,5.0,5.0
9640,21.12658929824829,11837,17.527926310274335,5.0,5.0
9641,21.12856125831604,11837,24.022341048219467,5.0,5.0
9643,21.134555101394653,11837,24.022341048219467,5.0,14.0
9650,21.147611141204834,11837,12.299438616688368,5.0,7.168000000000001
9660,21.17101287841797,11837,6.297312571744445,5.0,5.0
9670,21.192047119140625,11837,5.0,5.0,5.0
9671,21.195042610168457,11837,14.0,5.0,5.0
9675,21.2070951461792,11837,21.200000000000003,5.0,5.0
9680,21.223057508468628,11837,13.568000000000005,5.0,5.0
9686,21.236007928848267,11837,16.946816000000005,5.0,5.0
9687,21.23800778388977,11837,23.557452800000007,5.0,5.0
9690,21.246007919311523,11837,25.076769792000007,5.0,5.0
9691,21.248008012771606,11837,30.06141583360001,5.0,5.0
9699,21.267012119293213,11837,22.313155925442565,5.0,5.0
9700,21.268047332763672,11837,17.850524740354054,5.0,5.0
9706,21.284029245376587,11837,19.13946866706128,5.0,5.0
9707,21.286012649536133,11837,25.311574933649027,5.0,5.0
9709,21.290048122406006,11837,26.19940795753538,5.0,5.0
9710,21.292020797729492,11837,30.959526366028307,5.0,5.0
9720,21.31419539451599,11837,8.115854079696128,5.0,5.0
9730,21.335658073425293,11837,5.0,5.0,5.0
9740,21.366652727127075,11837,5.0,5.0,5.0
9742,21.37274193763733,11837,14.0,5.0,5.0
9750,21.396689414978027,11837,5.734400000000001,5.0,5.0
9751,21.398736715316772,11837,14.587520000000001,5.0,5.0
9753,21.40271258354187,11837,21.670016000000004,5.0,5.0
9760,21.416802406311035,11837,7.100830842880002,5.0,5.0
9763,21.425833225250244,11837,15.680664674304001,5.0,5.0
9769,21.44449496269226,11837,18.028500313243647,5.0,5.0
9770,21.4454243183136,11837,18.028500313243647,5.0,5.0
9773,21.450424194335938,11837,21.538240200475933,5.0,5.0
9777,21.458779096603394,11837,21.027578982643682,5.0,5.0
9780,21.463801383972168,11837,10.766120439113566,5.0,5.0
9781,21.466780185699463,11837,18.612896351290853,5.0,5.0
9790,21.48876142501831,11837,9.52980293186092,5.0,5.0
9794,21.498761653900146,11837,16.09907387639099,5.0,5.0
9800,21.50873613357544,11837,10.303407280890234,5.0,5.0
9801,21.510735273361206,11837,18.24272582471219,5.0,5.0
9810,21.532491207122803,11837,5.977776398241692,5.0,5.0
9818,21.551681518554688,11837,14.0,5.0,5.0
9820,21.5556800365448,11837,8.96,5.0,5.0
9830,21.583683967590332,11837,7.168000000000001,5.0,5.0
9831,21.5857412815094,11837,15.7344,5.0,5.0
9833,21.589736938476562,11837,22.58752,5.0,5.0
9836,21.59572958946228,11837,21.564810240000003,5.0,5.0
9840,21.60367703437805,11837,11.041182842880005,5.0,5.0
9850,21.631283283233643,11837,5.653085615554564,5.0,5.0
9859,21.650218725204468,11837,14.0,5.0,5.0
9860,21.652291536331177,11837,21.200000000000003,5.0,5.0
9865,21.662246465682983,11837,18.683520000000005,5.0,5.0
9870,21.669214725494385,11837,9.565962240000005,5.0,5.0
9877,21.683212757110596,11837,14.897772666880003,5.0,5.0
9880,21.68952226638794,11837,7.627659605442563,5.0,5.0
9890,21.721622705459595,11837,5.0,5.0,5.0
9900,21.749743461608887,11837,5.0,5.0,5.0
9902,21.75372314453125,11837,14.0,5.0,5.0
9905,21.759687185287476,11837,18.96,5.0,5.0
9910,21.767751455307007,11837,9.707520000000002,5.0,5.0
9917,21.788686513900757,11837,16.212812800000002,5.0,5.0
9919,21.793686389923096,11837,20.376200192000002,5.0,5.0
9920,21.795695543289185,11837,26.300960153600002,5.0,5.0
9928,21.81468677520752,11837,18.61829862313165,5.0,5.0
9930,21.818702697753906,11837,11.915711118804257,5.0,5.0
9940,21.84369134902954,11837,6.1008440928277805,5.0,5.0
9941,21.845686435699463,11837,14.880675274262224,5.0,5.0
9949,21.865899562835693,11837,16.095124592337807,5.0,5.0
9950,21.867925882339478,11837,22.876099673870247,5.0,5.0
9951,21.869895696640015,11837,28.3008797390962,5.0,5.0
9957,21.88298010826111,11837,17.418905818325634,5.0,5.0
9960,21.889899015426636,11837,13.935124654660507,5.0,5.0
9965,21.901527166366577,11837,15.707827058548947,5.0,5.0
9970,21.91345477104187,11837,18.042407453977063,5.0,5.0
9971,21.91552472114563,11837,24.43392596318165,5.0,5.0
9975,21.92245626449585,11837,20.008136074519207,5.0,5.0
9978,21.92847990989685,11837,22.805207087692295,5.0,5.0
9980,21.934481143951416,11837,18.244165670153837,5.0,5.0
9984,21.941454648971558,11837,19.341012823118767,5.0,5.0
9987,21.94949460029602,11837,25.472810258495016,5.0,5.0
9990,21.95547342300415,11837,13.042078852349452,5.0,5.0
9992,21.96145462989807,11837,20.433663081879562,5.0,5.0
10000,21.983545303344727,11837,8.36962839833787,5.0,5.0
10008,22.00850796699524,11837,14.0,5.0,5.0
10010,22.014466047286987,11837,11.200000000000001,5.0,5.0
10017,22.034507751464844,11837,18.96,5.0,5.0
10018,22.03750729560852,11837,25.168,5.0,5.0
10020,22.044509649276733,11837,25.168,5.0,5.0
10026,22.05647087097168,11837,18.24705024,5.0,5.0
10029,22.06451177597046,11837,24.597640192,5.0,5.0
10030,22.066545963287354,11837,19.6781121536,5.0,5.0
10040,22.085772037506104,11837,6.44812379049165,5.0,5.0
10048,22.107770204544067,11837,15.158499032393319,5.0,5.0
10050,22.111767530441284,11837,9.701439380731726,5.0,5.0
10052,22.11476993560791,11837,17.76115150458538,5.0,5.0
10060,22.134901523590088,11837,17.27496765627817,5.0,5.0
10063,22.142911672592163,11837,23.81997412502254,5.0,5.0
10065,22.14691662788391,11837,25.24478344001443,5.0,5.0
10068,22.15290093421936,11837,22.92532912128739,5.0,5.0
10069,22.154903173446655,11837,28.340263297029914,5.0,5.0
10070,22.156901836395264,11837,22.672210637623934,5.0,5.0
10080,22.18503451347351,11837,7.429229981736613,5.0,5.0
10090,22.212460041046143,11837,5.0,5.0,5.0
10100,22.237462997436523,11837,5.0,5.0,5.0
10110,22.262133598327637,11837,5.0,5.0,5.0
10112,22.266120195388794,11837,14.0,5.0,5.0
10117,22.27811884880066,11837,17.168,5.0,5.0
10120,22.28614854812622,11837,10.987520000000002,5.0,5.0
10121,22.28812026977539,11837,18.790016,5.0,5.0
10130,22.3095543384552,11837,6.157112442880003,5.0,5.0
10138,22.326530933380127,11837,14.0,5.0,5.0
10140,22.32953405380249,11837,11.200000000000001,5.0,5.0
10144,22.34053111076355,11837,15.7344,5.0,5.0
10150,22.35453963279724,11837,20.070016000000003,5.0,5.0
10152,22.359545707702637,11837,22.84481024,5.0,5.0
10155,22.3668315410614,11837,24.6206785536,5.0,5.0
10160,22.383824110031128,11837,15.757234274304004,5.0,5.0
10161,22.385815143585205,11837,22.605787419443203,5.0,5.0
10163,22.38981533050537,11837,24.46770394844365,5.0,5.0
10166,22.396814346313477,11837,22.52746442160315,5.0,5.0
10169,22.406311511993408,11837,24.417577229826016,5.0,5.0
10170,22.408315181732178,11837,19.534061783860814,5.0,5.0
10172,22.4123272895813,11837,25.62724942708865,5.0,5.0
10174,22.416383028030396,11837,26.401439633336736,5.0,5.0
10175,22.418382167816162,11837,31.12115170666939,5.0,5.0
10180,22.428394317626953,11837,15.934029673814733,5.0,5.0
10187,22.439692497253418,11837,16.526578554394515,5.0,5.0
10190,22.44569158554077,11837,10.57701027481249,5.0,5.0
10200,22.472798824310303,11837,14.0,5.0,5.0
10202,22.480798482894897,11837,21.200000000000003,5.0,5.0
10210,22.498275995254517,11837,8.683520000000005,5.0,5.0
10216,22.511826276779175,11837,14.445962240000004,5.0,5.0
10217,22.513829231262207,11837,21.556769792000004,5.0,5.0
10219,22.51882767677307,11837,23.796332666880005,5.0,5.0
10220,22.52282738685608,11837,23.796332666880005,5.0,5.0
10226,22.53528356552124,11837,22.183722325442567,5.0,5.0
10227,22.53729248046875,11837,27.746977860354054,5.0,5.0
10229,22.54229235649109,11837,27.758065830626595,5.0,5.0
10230,22.54430603981018,11837,22.206452664501278,5.0,5.0
10240,22.57048988342285,11837,7.276610409103781,5.0,5.0
10250,22.600812196731567,11837,7.276610409103781,5.0,5.0
10260,22.62685775756836,11837,5.0,5.0,5.0
10267,22.641316652297974,11837,14.0,5.0,5.0
10270,22.647350549697876,11837,8.96,5.0,5.0
10276,22.661307334899902,11837,15.7344,5.0,5.0
10280,22.670310258865356,11837,12.587520000000001,5.0,5.0
10286,22.686603307724,11837,16.444810240000002,5.0,5.0
10290,22.697919130325317,11837,13.155848192000002,5.0,5.0
10296,22.71421980857849,11837,16.735794274304002,5.0,5.0
10300,22.72155523300171,11837,10.710908335554564,5.0,5.0
10303,22.72960638999939,11837,16.85498133475492,5.0,5.0
10304,22.731568574905396,11837,23.483985067803935,5.0,5.0
10308,22.738609075546265,11837,19.61904028377249,5.0,5.0
10309,22.740564823150635,11837,25.695232227017996,5.0,5.0
10310,22.742638111114502,11837,20.5561857816144,5.0,5.0
10320,22.764559745788574,11837,6.735850956919409,5.0,5.0
10327,22.78158164024353,11837,14.0,5.0,5.0
10328,22.783602714538574,11837,21.200000000000003,5.0,5.0
10330,22.785629510879517,11837,16.960000000000004,5.0,5.0
10340,22.810561895370483,11837,5.557452800000004,5.0,5.0
10350,22.837575435638428,11837,5.0,5.0,5.0
10354,22.84956669807434,11837,14.0,5.0,5.0
10356,22.85556435585022,11837,21.200000000000003,5.0,5.0
10358,22.862560987472534,11837,26.960000000000004,5.0,5.0
10360,22.866560220718384,11837,21.568000000000005,5.0,5.0
10361,22.869561195373535,11837,27.254400000000004,5.0,5.0
10364,22.87656044960022,11837,23.954252800000006,5.0,5.0
10366,22.87956213951111,11837,29.163402240000007,5.0,5.0
10370,22.888562440872192,11837,18.664577433600005,5.0,5.0
10375,22.899699449539185,11837,21.945329557504003,5.0,5.0
10378,22.9069721698761,11837,24.04501091680256,5.0,5.0
10380,22.91043758392334,11837,25.38880698675364,5.0,5.0
10381,22.912339210510254,11837,30.311045589402912,5.0,5.0
10382,22.91422176361084,11837,34.24883647152233,5.0,5.0
10388,22.926868200302124,11837,21.222658734988443,5.0,5.0
10390,22.930808782577515,11837,13.582501590392605,5.0,5.0
10393,22.9388644695282,11837,18.692801017851266,5.0,5.0
10400,22.95689821243286,11837,19.57071412113985,5.0,5.0
10404,22.963963270187378,11837,20.020205630023604,5.0,5.0
10410,22.97547197341919,11837,10.250345282572088,5.0,5.0
10415,22.98711895942688,11837,16.560220980846136,5.0,5.0
10416,22.989118814468384,11837,23.248176784676907,5.0,5.0
10420,22.997146368026733,11837,18.598541427741527,5.0,5.0
10428,23.0135018825531,11837,14.875496044033877,5.0,5.0
10429,23.015557765960693,11837,21.900396835227102,5.0,5.0
10430,23.017510414123535,11837,27.520317468181684,5.0,5.0
10433,23.02349305152893,11837,24.090402543709025,5.0,5.0
10440,23.037543535232544,11837,12.334286102379023,5.0,5.0
10450,23.065502166748047,11837,7.893943105522576,5.0,5.0
10460,23.104511260986328,11837,5.0,5.0,5.0
10470,23.142881155014038,11837,5.0,5.0,5.0
10480,23.165183067321777,11837,5.0,5.0,5.0
10486,23.180180311203003,11837,14.0,5.0,5.0
10488,23.18417978286743,11837,18.96,5.0,5.0
10489,23.186180114746094,11837,25.168,5.0,5.0
10490,23.188180208206177,11837,25.168,5.0,5.0
10491,23.19018006324768,11837,30.1344,5.0,5.0
10498,23.20322299003601,11837,22.343050240000004,5.0,5.0
10500,23.206183671951294,11837,27.874440192000005,5.0,5.0
10504,23.21618342399597,11837,24.271713378304003,5.0,5.0
10507,23.22426724433899,11837,29.417370702643204,5.0,5.0
10510,23.229222059249878,11837,18.82711724969165,5.0,5.0
10515,23.2441828250885,11837,19.639484031842127,5.0,5.0
10520,23.25270390510559,11837,12.569269780378962,5.0,5.0
10521,23.254716396331787,11837,20.055415824303168,5.0,5.0
10524,23.262696504592896,11837,22.835466127554028,5.0,5.0
10530,23.27479362487793,11837,11.691758657307663,5.0,5.0
10531,23.276782274246216,11837,19.35340692584613,5.0,5.0
10540,23.29480504989624,11837,7.927155476826576,5.0,5.0
10550,23.316755771636963,11837,5.0,5.0,5.0
10551,23.31875443458557,11837,5.0,5.0,14.0
10560,23.341845273971558,11837,5.0,5.0,6.246400000000001
10565,23.350759744644165,11837,14.0,5.0,5.0
10570,23.358756065368652,11837,5.734400000000001,5.0,5.0
10580,23.383800506591797,11837,5.0,5.0,5.0
10582,23.38779091835022,11837,14.0,5.0,5.0
10585,23.39484167098999,11837,21.200000000000003,5.0,5.0
10589,23.40375590324402,11837,23.568000000000005,5.0,5.0
10590,23.405787229537964,11837,18.854400000000005,5.0,5.0
10598,23.42175269126892,11837,19.653452800000004,5.0,5.0
10600,23.427793979644775,11837,19.653452800000004,5.0,5.0
10610,23.44675588607788,11837,5.0,5.0,5.0
10614,23.45921540260315,11837,14.0,5.0,5.0
10618,23.466223001480103,11837,15.7344,5.0,5.0
10619,23.4682195186615,11837,22.58752,5.0,5.0
10620,23.470221996307373,11837,28.070016000000003,5.0,5.0
10626,23.481221675872803,11837,21.497478553600004,5.0,5.0
10630,23.489211082458496,11837,17.197982842880005,5.0,5.0
10636,23.503211498260498,11837,18.805367215554565,5.0,5.0
10640,23.51521134376526,11837,12.035435017954923,5.0,5.0
10644,23.523241758346558,11837,17.70267841149115,5.0,5.0
10646,23.526212692260742,11837,24.162142729192922,5.0,5.0
10647,23.528210639953613,11837,29.32971418335434,5.0,5.0
10650,23.53321599960327,11837,25.016813661877425,5.0,5.0
10653,23.541284799575806,11837,26.010760743601555,5.0,5.0
10660,23.562216997146606,11837,16.646886875904997,5.0,5.0
10661,23.565245866775513,11837,23.317509500724,5.0,5.0
10665,23.571211099624634,11837,21.93856486437069,5.0,5.0
10666,23.574212551116943,11837,27.550851891496553,5.0,5.0
10670,23.583211421966553,11837,17.632545210557794,5.0,5.0
10676,23.595211505889893,11837,17.222290518244474,5.0,5.0
10678,23.601211547851562,11837,23.77783241459558,5.0,5.0
10680,23.607211589813232,11837,19.022265931676465,5.0,5.0
10690,23.631208658218384,11837,6.233216100491745,5.0,5.0
10700,23.655210971832275,11837,5.0,5.0,5.0
10701,23.657212734222412,11837,14.0,5.0,5.0
10702,23.659210920333862,11837,21.200000000000003,5.0,5.0
10704,23.662286520004272,11837,26.960000000000004,5.0,5.0
10705,23.66424322128296,11837,31.568000000000005,5.0,5.0
10710,23.67421555519104,11837,22.930252800000005,5.0,5.0
10714,23.681211471557617,11837,21.740289433600005,5.0,5.0
10720,23.692217588424683,11837,13.913785237504005,5.0,5.0
10725,23.703247785568237,11837,15.699086433281643,5.0,5.0
10730,23.716247081756592,11837,10.047415317300253,5.0,5.0
10740,23.74600577354431,11837,6.430345803072162,5.0,5.0
10743,23.75704073905945,11837,15.14427664245773,5.0,5.0
10750,23.77400255203247,11837,6.203095712750688,5.0,5.0
10753,23.782007932662964,11837,14.0,5.0,5.0
10759,23.79297971725464,11837,15.7344,5.0,5.0
10760,23.795012712478638,11837,22.58752,5.0,5.0
10763,23.800971508026123,11837,21.564810240000003,5.0,5.0
10765,23.80497121810913,11837,27.251848192000004,5.0,5.0
10770,23.81697177886963,11837,21.162357019443206,5.0,5.0
10778,23.83305287361145,11837,18.66810143516394,5.0,5.0
10780,23.836003303527832,11837,11.947584918504923,5.0,5.0
10781,23.83803153038025,11837,19.558067934803937,5.0,5.0
10783,23.842033863067627,11837,22.51716347827452,5.0,5.0
10786,23.852032899856567,11837,28.013730782619614,5.0,5.0
10790,23.862971305847168,11837,22.410984626095694,5.0,5.0
10793,23.8710675239563,11837,24.343030160701247,5.0,5.0
10794,23.873111248016357,11837,29.474424128560997,5.0,5.0
10798,23.881112813949585,11837,28.86363144227904,5.0,5.0
10800,23.8860764503479,11837,23.090905153823233,5.0,5.0
10809,23.905051946640015,11837,16.05314224064384,5.0,5.0
10810,23.90706729888916,11837,12.842513792515073,5.0,5.0
10815,23.91905903816223,11837,16.575367061767718,5.0,5.0
10816,23.921005249023438,11837,23.260293649414173,5.0,5.0
10820,23.9280526638031,11837,11.909270348500058,5.0,5.0
10822,23.93404221534729,11837,19.527416278800047,5.0,5.0
10823,23.93603229522705,11837,25.621933023040036,5.0,5.0
10824,23.93831992149353,11837,30.49754641843203,5.0,5.0
10826,23.942317724227905,11837,29.5184297077965,5.0,5.0
10830,23.9567129611969,11837,23.6147437662372,5.0,5.0
10832,23.960721969604492,11837,25.11343601039181,5.0,5.0
10834,23.964911699295044,11837,30.09074880831345,5.0,5.0
10836,23.968955993652344,11837,29.25807923732061,5.0,5.0
10839,23.978920936584473,11837,33.40646338985649,5.0,5.0
10840,23.982919931411743,11837,33.40646338985649,5.0,5.0
10841,23.984928369522095,11837,36.7251707118852,5.0,5.0
10843,23.99095892906189,11837,39.38013656950816,5.0,5.0
10847,23.997979879379272,11837,30.16262992358818,5.0,5.0
10850,24.005929470062256,11837,19.30408315109644,5.0,5.0
10852,24.009974002838135,11837,22.354613216701722,5.0,5.0
10853,24.01196026802063,11837,27.883690573361378,5.0,5.0
10855,24.016921520233154,11837,27.845561966951283,5.0,5.0
10860,24.025978326797485,11837,21.40554218166325,5.0,5.0
10870,24.051920413970947,11837,15.611334449669933,5.0,5.0
10872,24.05596113204956,11837,19.991254047788757,5.0,5.0
10880,24.06992220878601,11837,5.240587301103537,5.0,5.0
10890,24.101920127868652,11837,14.0,5.0,5.0
10900,24.124983310699463,11837,7.168000000000001,5.0,5.0
10910,24.144973039627075,11837,5.734400000000001,5.0,5.0
10914,24.15617823600769,11837,14.587520000000001,5.0,5.0
10920,24.172329664230347,11837,9.336012800000002,5.0,5.0
10921,24.174359798431396,11837,17.468810240000003,5.0,5.0
10927,24.191349983215332,11837,21.180038553600003,5.0,5.0
10930,24.199437141418457,11837,16.944030842880004,5.0,5.0
10940,24.225709438323975,11837,8.675343791554564,5.0,5.0
10941,24.227657556533813,11837,16.94027503324365,5.0,5.0
10948,24.243692874908447,11837,18.67342081702075,5.0,5.0
10950,24.250711917877197,11837,24.9387366536166,5.0,5.0
10953,24.257692575454712,11837,29.95098932289328,5.0,5.0
10960,24.271695613861084,11837,19.168633166651702,5.0,5.0
10962,24.27468490600586,11837,22.26792522665709,5.0,5.0
10965,24.281654119491577,11837,24.25147214506054,5.0,5.0
10970,24.290653705596924,11837,12.416753738270998,5.0,5.0
10979,24.311652660369873,11837,14.068721864956641,5.0,5.0
10980,24.316413640975952,11837,14.068721864956641,5.0,5.0
10990,24.343412160873413,11837,5.0,5.0,5.0
10999,24.359448671340942,11837,14.0,5.0,5.0
11000,24.361425399780273,11837,14.0,5.0,5.0
11001,24.363428592681885,11837,21.200000000000003,5.0,5.0
11003,24.367421627044678,11837,26.960000000000004,5.0,5.0
11004,24.369420051574707,11837,31.568000000000005,5.0,5.0
11010,24.381410360336304,11837,18.275361792000005,5.0,5.0
11017,24.396414756774902,11837,17.485588190003202,5.0,5.0
11020,24.400498390197754,11837,11.19077644160205,5.0,5.0
11024,24.41063404083252,11837,15.729677538100251,5.0,5.0
11025,24.4126136302948,11837,22.583742030480202,5.0,5.0
11026,24.41463279724121,11837,28.066993624384164,5.0,5.0
11030,24.42459225654602,11837,22.453594899507333,5.0,5.0
11032,24.427647352218628,11837,27.962875919605867,5.0,5.0
11040,24.448594331741333,11837,14.316992470838205,5.0,5.0
11050,24.47262930870056,11837,5.8642401160553295,5.0,5.0
11052,24.476669788360596,11837,14.0,5.0,5.0
11053,24.479620456695557,11837,21.200000000000003,5.0,5.0
11055,24.483628749847412,11837,23.568000000000005,5.0,5.0
11056,24.485591888427734,11837,28.854400000000005,5.0,5.0
11059,24.493592739105225,11837,28.466816000000005,5.0,5.0
11060,24.495627880096436,11837,32.7734528,5.0,5.0
11066,24.510351181030273,11837,23.424006266880006,5.0,5.0
11067,24.512304544448853,11837,28.739205013504005,5.0,5.0
11070,24.518372774124146,11837,18.393091208642566,5.0,5.0
11078,24.54139733314514,11837,17.533810159059996,5.0,5.0
11080,24.545347452163696,11837,21.2216385017984,5.0,5.0
11086,24.558930158615112,11837,16.953906504269302,5.0,5.0
11087,24.560971975326538,11837,23.563125203415442,5.0,5.0
11090,24.56593680381775,11837,12.06432010414871,5.0,5.0
11100,24.585965633392334,11837,6.1769318933241415,5.0,5.0
11110,24.615930318832397,11837,5.0,5.0,5.0
11120,24.645930767059326,11837,5.0,5.0,5.0
11129,24.662986993789673,11837,14.0,5.0,5.0
11130,24.66497254371643,11837,11.200000000000001,5.0,5.0
11131,24.667930126190186,11837,18.96,5.0,5.0
11133,24.671972274780273,11837,22.1344,5.0,5.0
11140,24.69193744659424,11837,9.06625024,5.0,5.0
11150,24.720930576324463,11837,5.0,5.0,5.0
11160,24.748249530792236,11837,5.0,5.0,5.0
11161,24.75126600265503,11837,14.0,5.0,5.0
11163,24.755263328552246,11837,21.200000000000003,5.0,5.0
11164,24.757298946380615,11837,26.960000000000004,5.0,5.0
11165,24.759294509887695,11837,31.568000000000005,5.0,5.0
11166,24.76133370399475,11837,35.254400000000004,5.0,5.0
11170,24.767347812652588,11837,18.050252800000006,5.0,5.0
11179,24.7912814617157,11837,17.393383546880003,5.0,5.0
11180,24.792282581329346,11837,13.914706837504003,5.0,5.0
11190,24.818279504776,11837,5.0,5.0,5.0
11200,24.846274852752686,11837,5.0,5.0,5.0
11203,24.853274822235107,11837,14.0,5.0,5.0
11206,24.86127495765686,11837,18.96,5.0,5.0
11210,24.869274854660034,11837,17.766016,5.0,5.0
11212,24.87327480316162,11837,24.212812800000002,5.0,5.0
11215,24.879277229309082,11837,25.496200192000003,5.0,5.0
11219,24.890276432037354,11837,23.054054498304005,5.0,5.0
11220,24.892276287078857,11837,18.443243598643203,5.0,5.0
11221,24.89427661895752,11837,24.754594878914563,5.0,5.0
11222,24.897277116775513,11837,29.80367590313165,5.0,5.0
11228,24.908276796340942,11837,17.812854815950544,5.0,5.0
11230,24.915279388427734,11837,14.250283852760436,5.0,5.0
11240,24.945331811904907,11837,9.12018166576668,5.0,5.0
11243,24.953314542770386,11837,17.296145332613342,5.0,5.0
11247,24.960343599319458,11837,21.06953301287254,5.0,5.0
11250,24.9672794342041,11837,13.484501128238428,5.0,5.0
11260,24.991429328918457,11837,5.523251662126461,5.0,5.0
11270,25.02279567718506,11837,5.0,5.0,5.0
11280,25.046793222427368,11837,5.0,5.0,5.0
11290,25.07879328727722,11837,14.0,5.0,5.0
11292,25.08279323577881,11837,18.96,5.0,5.0
11300,25.107537508010864,11837,9.707520000000002,5.0,5.0
11303,25.11465811729431,11837,16.212812800000002,5.0,5.0
11310,25.129247665405273,11837,6.640768122880002,5.0,5.0
11315,25.14524269104004,11837,15.312614498304,5.0,5.0
11316,25.14820671081543,11837,22.250091598643202,5.0,5.0
11320,25.155300617218018,11837,9.113637518804259,5.0,5.0
11323,25.16021466255188,11837,17.29091001504341,5.0,5.0
11327,25.168397665023804,11837,17.08235674216178,5.0,5.0
11330,25.17587184906006,11837,10.932708314983541,5.0,5.0
11333,25.18184494972229,11837,16.996933321589466,5.0,5.0
11340,25.19684410095215,11837,10.87803732581726,5.0,5.0
11343,25.206881284713745,11837,18.702429860653808,5.0,5.0
11347,25.217427492141724,11837,19.57564408865475,5.0,5.0
11350,25.22289800643921,11837,15.660515270923803,5.0,5.0
11354,25.230934381484985,11837,16.41454705497039,5.0,5.0
11360,25.244933605194092,11837,10.505310115181052,5.0,5.0
11369,25.271894454956055,11837,14.30297502317816,5.0,5.0
11370,25.273895025253296,11837,11.44238001854253,5.0,5.0
11372,25.27789545059204,11837,17.32312321186722,5.0,5.0
11380,25.297901391983032,11837,7.095551267580814,5.0,5.0
11385,25.314937114715576,11837,15.67644101406465,5.0,5.0
11390,25.327900648117065,11837,10.032922249001377,5.0,5.0
11400,25.355931758880615,11837,5.0,5.0,5.0
11410,25.380561351776123,11837,5.0,5.0,5.0
11420,25.404552459716797,11837,5.0,5.0,5.0
11427,25.428321599960327,11837,14.0,5.0,5.0
11428,25.43032455444336,11837,21.200000000000003,5.0,5.0
11430,25.434321403503418,11837,16.960000000000004,5.0,5.0
11431,25.436320543289185,11837,23.568000000000005,5.0,5.0
11433,25.440316915512085,11837,25.083520000000007,5.0,5.0
11437,25.448317289352417,11837,22.842762240000006,5.0,5.0
11440,25.45631718635559,11837,14.619367833600004,5.0,5.0
11442,25.4603168964386,11837,19.356395413504003,5.0,5.0
11450,25.476316928863525,11837,7.928379561371242,5.0,5.0
11452,25.481767892837524,11837,15.074162919277594,5.0,5.0
11453,25.483705759048462,11837,22.059330335422075,5.0,5.0
11454,25.485716342926025,11837,27.64746426833766,5.0,5.0
11455,25.487775087356567,11837,32.11797141467013,5.0,5.0
11460,25.49979305267334,11837,16.44440136431111,5.0,5.0
11461,25.50172257423401,11837,23.15552109144889,5.0,5.0
11462,25.503742694854736,11837,28.52441687315911,5.0,5.0
11470,25.523702383041382,11837,9.34688092099678,5.0,5.0
11471,25.525702238082886,11837,17.477504736797425,5.0,5.0
11473,25.530702829360962,11837,21.18560303155035,5.0,5.0
11475,25.534820556640625,11837,23.558785940192227,5.0,5.0
11479,25.543051958084106,11837,19.649678721102738,5.0,5.0
11480,25.54508638381958,11837,25.71974297688219,5.0,5.0
11485,25.55405068397522,11837,16.460635505204603,5.0,14.0
11489,25.56403636932373,11837,20.534806723330945,5.0,11.200000000000001
11490,25.568012714385986,11837,20.534806723330945,5.0,11.200000000000001
11492,25.571484804153442,11837,26.427845378664756,5.0,8.96
11500,25.587490797042847,11837,13.531056833876356,5.0,5.0
11502,25.591448545455933,11837,18.659876373680866,5.0,5.0
11509,25.606460332870483,11837,14.891574632102198,5.0,5.0
11510,25.607460021972656,11837,11.91325970568176,5.0,5.0
11520,25.62481665611267,11837,5.0,5.0,5.0
11522,25.628865480422974,11837,14.0,5.0,5.0
11527,25.63879704475403,11837,21.200000000000003,5.0,5.0
11528,25.640796661376953,11837,26.960000000000004,5.0,5.0
11529,25.64380145072937,11837,31.568000000000005,5.0,5.0
11530,25.645853519439697,11837,35.254400000000004,5.0,5.0
11531,25.648807525634766,11837,38.203520000000005,5.0,5.0
11533,25.652798891067505,11837,34.4502528,5.0,5.0
11539,25.665189743041992,11837,24.110823546880003,5.0,5.0
11540,25.66719126701355,11837,24.110823546880003,5.0,5.0
11541,25.66918969154358,11837,29.288658837504002,5.0,5.0
11545,25.677202224731445,11837,21.99663465984164,5.0,5.0
11548,25.683202028274536,11837,21.26227694583892,5.0,5.0
11550,25.689202308654785,11837,17.009821556671138,5.0,5.0
11553,25.695202350616455,11837,18.709028637015624,5.0,5.0
11560,25.70719289779663,11837,7.663218129721601,5.0,5.0
11570,25.73219656944275,11837,5.0,5.0,5.0
11573,25.7401921749115,11837,14.0,5.0,5.0
11577,25.750191926956177,11837,18.96,5.0,5.0
11580,25.758259296417236,11837,12.134400000000001,5.0,5.0
11588,25.773189544677734,11837,16.212812800000002,5.0,5.0
11590,25.77718997001648,11837,12.970250240000002,5.0,5.0
11593,25.785189867019653,11837,18.300960153600002,5.0,5.0
11595,25.78977394104004,11837,21.712614498304003,5.0,5.0
11597,25.792791843414307,11837,23.896073278914564,5.0,5.0
11600,25.80277705192566,11837,19.11685862313165,5.0,5.0
11610,25.827751636505127,11837,6.264212233627781,5.0,5.0
11620,25.852802753448486,11837,5.0,5.0,5.0
11627,25.87284564971924,11837,14.0,5.0,5.0
11628,25.87479305267334,11837,21.200000000000003,5.0,5.0
11630,25.877804279327393,11837,13.568000000000005,5.0,5.0
11632,25.88078474998474,11837,20.854400000000005,5.0,5.0
11635,25.886757612228394,11837,20.677452800000005,5.0,5.0
11640,25.898799896240234,11837,8.469484666880005,5.0,5.0
11641,25.901766777038574,11837,16.775587733504004,5.0,5.0
11643,25.90575623512268,11837,23.420470186803204,5.0,5.0
11644,25.907756328582764,11837,28.736376149442563,5.0,5.0
11650,25.918753147125244,11837,9.416335736649343,5.0,5.0
11655,25.93375563621521,11837,16.02645487145558,5.0,5.0
11660,25.94577169418335,11837,18.20554489418526,5.0,5.0
11668,25.968790769577026,11837,19.321238985822852,5.0,5.0
11670,25.971758127212524,11837,15.456991188658282,5.0,5.0
11671,25.973793029785156,11837,22.365592950926626,5.0,5.0
11676,25.983980655670166,11837,17.32875749815964,5.0,5.0
11677,25.98592495918274,11837,23.86300599852771,5.0,5.0
11680,25.994192361831665,11837,15.272323839057737,5.0,5.0
11683,25.9991397857666,11837,19.774287256996953,5.0,5.0
11684,26.002206087112427,11837,25.819429805597565,5.0,5.0
11690,26.015174865722656,11837,10.575638448372764,5.0,5.0
11694,26.025192737579346,11837,16.76840860695857,5.0,5.0
11699,26.03722906112671,11837,18.585425206762793,5.0,5.0
11700,26.039284706115723,11837,18.585425206762793,5.0,5.0
11703,26.044416427612305,11837,19.515737705862552,5.0,5.0
11710,26.060404300689697,11837,9.992057705401628,5.0,5.0
11719,26.082372188568115,11837,14.092746836132509,5.0,5.0
11720,26.084441661834717,11837,11.274197468906008,5.0,5.0
11730,26.11245346069336,11837,5.0,5.0,5.0
11739,26.133381605148315,11837,14.0,5.0,5.0
11740,26.135369539260864,11837,11.200000000000001,5.0,5.0
11749,26.158469676971436,11837,7.168000000000001,5.0,14.0
11750,26.159520387649536,11837,7.168000000000001,5.0,11.200000000000001
11754,26.168512105941772,11837,14.587520000000001,5.0,8.96
11759,26.179532051086426,11837,17.468810240000003,5.0,7.168000000000001
11760,26.18156409263611,11837,13.975048192000003,5.0,7.168000000000001
11770,26.208468675613403,11837,8.944030842880002,5.0,5.0
11774,26.21646738052368,11837,15.724179739443201,5.0,5.0
11777,26.22546672821045,11837,22.579343791554564,5.0,5.0
11780,26.23351812362671,11837,14.450780026594922,5.0,5.0
11781,26.236469507217407,11837,21.560624021275938,5.0,5.0
11783,26.239503860473633,11837,23.798799373616603,5.0,5.0
11785,26.24550223350525,11837,29.039039498893285,5.0,5.0
11786,26.248467206954956,11837,33.23123159911463,5.0,5.0
11790,26.259466886520386,11837,21.267988223433363,5.0,5.0
11791,26.26252794265747,11837,27.014390578746692,5.0,5.0
11796,26.27555012702942,11837,27.289209970397884,5.0,5.0
11800,26.285521507263184,11837,17.465094381054648,5.0,5.0
11810,26.308528661727905,11837,17.153702658479986,5.0,5.0
11811,26.310484170913696,11837,23.72296212678399,5.0,5.0
11815,26.319531440734863,11837,22.146156608913408,5.0,5.0
11820,26.329474210739136,11837,11.338832183763667,5.0,5.0
11828,26.34946894645691,11837,14.0,5.0,5.0
11830,26.35546898841858,11837,11.200000000000001,5.0,5.0
11840,26.373472452163696,11837,5.0,5.0,5.0
11842,26.37754988670349,11837,14.0,5.0,5.0
11843,26.37946891784668,11837,21.200000000000003,5.0,5.0
11850,26.39669418334961,11837,8.683520000000005,5.0,5.0
11860,26.42100501060486,11837,5.0,5.0,5.0
11861,26.423006534576416,11837,14.0,5.0,5.0
11863,26.42700505256653,11837,18.96,5.0,5.0
11865,26.431012630462646,11837,25.168,5.0,5.0
11870,26.44301128387451,11837,16.10752,5.0,5.0
11879,26.45903778076172,11837,14.0,5.0,5.0
11880,26.46104145050049,11837,21.200000000000003,5.0,5.0
11882,26.46505308151245,11837,26.960000000000004,5.0,5.0
11886,26.473044633865356,11837,23.803520000000006,5.0,5.0
11890,26.483079433441162,11837,19.042816000000006,5.0,5.0
11895,26.497005224227905,11837,19.749921792000002,5.0,5.0
11897,26.50002694129944,11837,22.63994994688,5.0,5.0
11900,26.507004499435425,11837,18.111959957504002,5.0,5.0
11904,26.514005184173584,11837,21.591654372802562,5.0,5.0
11905,26.51600456237793,11837,27.27332349824205,5.0,5.0
11910,26.52801489830017,11837,21.171153304879944,5.0,5.0
11920,26.553048849105835,11837,5.54989081195445,5.0,5.0
11929,26.57500433921814,11837,14.0,5.0,5.0
11930,26.57701277732849,11837,21.200000000000003,5.0,5.0
11931,26.57908606529236,11837,26.960000000000004,5.0,5.0
11939,26.597367525100708,11837,18.8342528,5.0,5.0
11940,26.59939217567444,11837,25.06740224,5.0,5.0
11950,26.63063931465149,11837,10.267607957504003,5.0,5.0
11960,26.6521098613739,11837,8.214086366003203,5.0,5.0
11966,26.665099620819092,11837,14.0,5.0,5.0
11967,26.667097806930542,11837,21.200000000000003,5.0,5.0
11970,26.672117471694946,11837,13.568000000000005,5.0,5.0
11980,26.696238040924072,11837,5.0,5.0,5.0
11990,26.727251768112183,11837,5.0,5.0,5.0
11997,26.74525260925293,11837,14.0,5.0,5.0
12000,26.75228452682495,11837,11.200000000000001,5.0,5.0
12003,26.758327960968018,11837,17.168,5.0,5.0
12010,26.77250385284424,11837,5.625610240000001,5.0,5.0
12011,26.77554750442505,11837,14.500488192000002,5.0,5.0
12016,26.78754949569702,11837,19.280312442880003,5.0,5.0
12018,26.791504859924316,11837,25.424249954304003,5.0,5.0
12020,26.795692920684814,11837,26.271519970754564,5.0,5.0
12021,26.79796838760376,11837,31.01721597660365,5.0,5.0
12030,26.838977098464966,11837,8.130977064970791,5.0,5.0
12033,26.843998193740845,11837,16.504781651976632,5.0,5.0
12039,26.858022689819336,11837,16.76035856464963,5.0,5.0
12040,26.859976768493652,11837,23.4082868517197,5.0,5.0
12044,26.868977308273315,11837,21.98504286808049,5.0,5.0
12048,26.876005172729492,11837,21.256341948457212,5.0,5.0
12050,26.879987955093384,11837,23.604058847012617,5.0,5.0
12052,26.885987997055054,11837,28.883247077610093,5.0,5.0
12060,26.903974056243896,11837,7.5715699219130235,5.0,5.0
12063,26.911990642547607,11837,14.845804750024335,5.0,5.0
12065,26.91499614715576,11837,21.87664380001947,5.0,5.0
12070,26.929413080215454,11837,14.001052032012462,5.0,5.0
12072,26.932411432266235,11837,21.200841625609968,5.0,5.0
12073,26.934412956237793,11837,26.960673300487976,5.0,5.0
12080,26.951412677764893,11837,13.803864729849847,5.0,5.0
12090,26.979856252670288,11837,5.0,5.0,5.0
12099,26.99884343147278,11837,14.0,5.0,5.0
12100,27.00084924697876,11837,11.200000000000001,5.0,5.0
12104,27.00890350341797,11837,15.7344,5.0,5.0
12107,27.0149028301239,11837,18.056012800000005,5.0,5.0
12110,27.02190351486206,11837,14.444810240000004,5.0,5.0
12113,27.027945518493652,11837,17.395742842880004,5.0,5.0
12119,27.040902614593506,11837,18.906620335554564,5.0,5.0
12120,27.045902967453003,11837,18.906620335554564,5.0,5.0
12125,27.061907529830933,11837,19.68018961180394,5.0,5.0
12130,27.075905561447144,11837,20.076257081243618,5.0,5.0
12132,27.079928874969482,11837,26.061005664994894,5.0,5.0
12140,27.10699725151062,11837,13.343234900477388,5.0,5.0
12146,27.121996879577637,11837,15.465389015235539,5.0,5.0
12150,27.132027864456177,11837,7.918279175800598,5.0,5.0
12160,27.159997701644897,11837,6.334623340640479,5.0,5.0
12162,27.166996955871582,11837,15.067698672512384,5.0,5.0
12166,27.174058437347412,11837,19.643327150407927,5.0,5.0
12167,27.176032781600952,11837,25.71466172032634,5.0,5.0
12170,27.183332443237305,11837,16.45738350100886,5.0,5.0
12173,27.18929147720337,11837,20.53272544064567,5.0,5.0
12177,27.19729471206665,11837,20.512755425610585,5.0,5.0
12179,27.201308488845825,11837,26.41020434048847,5.0,5.0
12180,27.202329635620117,11837,21.128163472390778,5.0,5.0
12190,27.225316762924194,11837,5.0,5.0,5.0
12200,27.25228714942932,11837,5.0,5.0,5.0
12204,27.26930832862854,11837,14.0,5.0,5.0
12210,27.282079935073853,11837,8.96,5.0,5.0
12211,27.284114360809326,11837,17.168,5.0,5.0
12217,27.296847343444824,11837,15.62561024,5.0,5.0
12218,27.298829078674316,11837,22.500488192,5.0,5.0
12220,27.304326057434082,11837,18.0003905536,5.0,5.0
12226,27.31953740119934,11837,17.37295997075456,5.0,5.0
12230,27.329490423202515,11837,11.118694381282921,5.0,5.0
12240,27.357492685317993,11837,8.894955505026337,5.0,5.0
12250,27.380790948867798,11837,5.0,5.0,5.0
12253,27.38879919052124,11837,14.0,5.0,5.0
12257,27.398852348327637,11837,18.96,5.0,5.0
12260,27.406359910964966,11837,12.134400000000001,5.0,5.0
12262,27.410383224487305,11837,17.766016,5.0,5.0
12265,27.415122032165527,11837,24.212812800000002,5.0,5.0
12267,27.419515132904053,11837,25.496200192000003,5.0,5.0
12269,27.42350959777832,11837,26.317568122880004,5.0,5.0
12270,27.425538063049316,11837,26.317568122880004,5.0,5.0
12271,27.427509784698486,11837,31.054054498304005,5.0,5.0
12280,27.44252300262451,11837,12.719740722505321,5.0,5.0
12290,27.460509061813354,11837,5.0,5.0,5.0
12295,27.47550678253174,11837,14.0,5.0,5.0
12300,27.484610080718994,11837,17.168,5.0,5.0
12302,27.49150848388672,11837,23.7344,5.0,5.0
12310,27.5088894367218,11837,12.152012800000001,5.0,5.0
12314,27.51892352104187,11837,17.777288192,5.0,5.0
12315,27.520930767059326,11837,24.2218305536,5.0,5.0
12318,27.529120445251465,11837,25.501971554304,5.0,5.0
12320,27.533188581466675,11837,26.32126179475456,5.0,5.0
12330,27.55717182159424,11837,8.624951064905177,5.0,5.0
12340,27.576146125793457,11837,5.0,5.0,5.0
12344,27.586125373840332,11837,5.0,5.0,14.0
12350,27.602160930633545,11837,5.0,5.0,7.168000000000001
12357,27.613160610198975,11837,14.0,5.0,5.0
12359,27.617199182510376,11837,18.96,5.0,5.0
12360,27.619126319885254,11837,15.168000000000001,5.0,5.0
12364,27.628456115722656,11837,19.707520000000002,5.0,5.0
12365,27.630419969558716,11837,25.766016,5.0,5.0
12370,27.64348864555359,11837,20.6128128,5.0,5.0
12372,27.64750385284424,11837,23.192200192,5.0,5.0
12376,27.654205083847046,11837,21.874406498304005,5.0,5.0
12379,27.659228324890137,11837,27.499525198643205,5.0,5.0
12380,27.66123127937317,11837,31.999620158914567,5.0,5.0
12382,27.667227506637573,11837,35.59969612713165,5.0,5.0
12385,27.67312741279602,11837,28.227044417091406,5.0,5.0
12390,27.686057329177856,11837,14.452246741550802,5.0,5.0
12397,27.70310068130493,11837,15.91964026533921,5.0,5.0
12400,27.71109175682068,11837,22.735712212271366,5.0,5.0
12402,27.71507716178894,11837,24.550855815853673,5.0,5.0
12410,27.737093448638916,11837,12.570038177717082,5.0,5.0
12416,27.76015019416809,11837,18.04482443373893,5.0,5.0
12420,27.775097846984863,11837,19.238950110074335,5.0,5.0
12430,27.800095319747925,11837,15.043375337655329,5.0,5.0
12437,27.814176082611084,11837,14.0,5.0,5.0
12440,27.820132732391357,11837,18.96,5.0,5.0
12448,27.836095809936523,11837,16.212812800000002,5.0,5.0
12450,27.842105865478516,11837,16.212812800000002,5.0,5.0
12454,27.853091955184937,11837,20.376200192000002,5.0,5.0
12457,27.85909342765808,11837,23.040768122880003,5.0,5.0
12460,27.86509895324707,11837,18.432614498304,5.0,5.0
12470,27.891153573989868,11837,9.43749862313165,5.0,5.0
12480,27.92109751701355,11837,6.039999118804257,5.0,5.0
12490,27.946106910705566,11837,5.0,5.0,5.0
12500,27.970093727111816,11837,5.0,5.0,5.0
12510,27.99416470527649,11837,5.0,5.0,5.0
12516,28.009094953536987,11837,14.0,5.0,5.0
12518,28.013123750686646,11837,18.96,5.0,5.0
12520,28.017095804214478,11837,12.134400000000001,5.0,5.0
12530,28.039095163345337,11837,14.970250240000002,5.0,5.0
12538,28.059096574783325,11837,14.905451598643202,5.0,5.0
12540,28.063099145889282,11837,11.924361278914562,5.0,5.0
12542,28.067115783691406,11837,17.63159121850532,5.0,5.0
12547,28.079106092453003,11837,17.22189976309978,5.0,5.0
12549,28.086093187332153,11837,23.777519810479824,5.0,5.0
12550,28.088093042373657,11837,19.02201584838386,5.0,5.0
12554,28.095092058181763,11837,22.17409014296567,5.0,5.0
12560,28.1080961227417,11837,9.08250732255874,5.0,5.0
12562,28.114094257354736,11837,17.26600585804699,5.0,5.0
12570,28.139095544815063,11837,5.65772479956484,5.0,5.0
12580,28.16610550880432,11837,5.0,5.0,5.0
12590,28.193113803863525,11837,5.0,5.0,5.0
12600,28.22609281539917,11837,5.0,5.0,5.0
12603,28.23110580444336,11837,14.0,5.0,5.0
12606,28.23909306526184,11837,21.200000000000003,5.0,5.0
12610,28.24910545349121,11837,13.568000000000005,5.0,5.0
12615,28.261110067367554,11837,15.557452800000004,5.0,5.0
12616,28.264105558395386,11837,22.445962240000004,5.0,5.0
12620,28.27510929107666,11837,14.365415833600004,5.0,5.0
12622,28.280105113983154,11837,19.193866133504002,5.0,5.0
12630,28.302092790603638,11837,16.28944605462659,5.0,5.0
12636,28.317108392715454,11837,18.340196379968816,5.0,5.0
12640,28.32513189315796,11837,11.737725683180043,5.0,5.0
12646,28.3440945148468,11837,16.009715549788183,5.0,5.0
12649,28.350093603134155,11837,20.246217951864438,5.0,5.0
12650,28.352100372314453,11837,16.196974361491552,5.0,5.0
12652,28.356096267700195,11837,20.366063591354596,5.0,5.0
12660,28.37515902519226,11837,6.673551717615076,5.0,5.0
12670,28.403491258621216,11837,14.27107309927365,5.0,5.0
12675,28.411466598510742,11837,17.30678942682811,5.0,5.0
12680,28.422459363937378,11837,11.076345233169992,5.0,5.0
12689,28.443681001663208,11837,14.53687100750643,5.0,5.0
12690,28.44571852684021,11837,21.629496806005143,5.0,5.0
12692,28.45067858695984,11837,23.842877955843292,5.0,5.0
12700,28.47568106651306,11837,9.766042810713413,5.0,5.0
12704,28.484679698944092,11837,15.000213919085269,5.0,5.0
12710,28.49872088432312,11837,6.144087621257327,5.0,5.0
12720,28.525680541992188,11837,5.0,5.0,5.0
12729,28.542678594589233,11837,14.0,5.0,5.0
12730,28.544679880142212,11837,11.200000000000001,5.0,5.0
12731,28.54667901992798,11837,18.96,5.0,5.0
12732,28.548677444458008,11837,25.168,5.0,5.0
12739,28.565678596496582,11837,20.308812800000002,5.0,5.0
12740,28.56867742538452,11837,16.247050240000004,5.0,5.0
12742,28.572678565979004,11837,20.398112153600003,5.0,5.0
12743,28.575682878494263,11837,26.318489722880003,5.0,5.0
12744,28.577677249908447,11837,31.054791778304004,5.0,5.0
12747,28.584678173065186,11837,25.900053390491653,5.0,5.0
12750,28.592780590057373,11837,16.57603416991466,5.0,5.0
12760,28.619686365127563,11837,16.789543595997046,5.0,5.0
12765,28.6317241191864,11837,20.74530790143811,5.0,5.0
12770,28.64869213104248,11837,13.276997056920392,5.0,5.0
12780,28.67867922782898,11837,6.797822493143241,5.0,5.0
12782,28.681678295135498,11837,14.350606395611674,5.0,5.0
12783,28.683679342269897,11837,21.48048511648934,5.0,5.0
12786,28.690110683441162,11837,20.998008379642542,5.0,5.0
12790,28.69710898399353,11837,10.750980290376981,5.0,5.0
12800,28.71613645553589,11837,14.0,5.0,5.0
12803,28.72212243080139,11837,21.200000000000003,5.0,5.0
12806,28.72812271118164,11837,23.568000000000005,5.0,5.0
12809,28.73512363433838,11837,25.083520000000007,5.0,5.0
12810,28.737122535705566,11837,20.066816000000006,5.0,5.0
12814,28.748132944107056,11837,20.274209792000008,5.0,5.0
12815,28.75011157989502,11837,26.219367833600007,5.0,5.0
12819,28.758110284805298,11837,20.739453064642568,5.0,5.0
12820,28.75911045074463,11837,16.591562451714054,5.0,5.0
12822,28.764153242111206,11837,20.618599969096998,5.0,5.0
12830,28.78511333465576,11837,8.44537854734213,5.0,5.0
12832,28.788113117218018,11837,15.405042270298964,5.0,5.0
12840,28.808112621307373,11837,6.309905313914457,5.0,5.0
12844,28.8151752948761,11837,14.038339400905253,5.0,5.0
12846,28.819169759750366,11837,18.984537216579362,5.0,5.0
12850,28.83017873764038,11837,15.18762977326349,5.0,5.0
12853,28.837198972702026,11837,19.720083054888633,5.0,5.0
12860,28.850139141082764,11837,5.169501452340728,5.0,5.0
12870,28.878623247146606,11837,5.0,5.0,5.0
12878,28.895668745040894,11837,14.0,5.0,5.0
12879,28.897666931152344,11837,21.200000000000003,5.0,5.0
12880,28.90166711807251,11837,21.200000000000003,5.0,5.0
12884,28.9098801612854,11837,20.854400000000005,5.0,5.0
12890,28.92788529396057,11837,10.677452800000005,5.0,5.0
12900,28.953880310058594,11837,5.0,5.0,5.0
12910,28.973840951919556,11837,5.0,5.0,5.0
12914,28.986841440200806,11837,14.0,5.0,5.0
12916,28.990911722183228,11837,18.96,5.0,5.0
12920,28.999841451644897,11837,12.134400000000001,5.0,5.0
12921,29.00188159942627,11837,19.707520000000002,5.0,5.0
12928,29.013890981674194,11837,18.072200192000004,5.0,5.0
12930,29.018846035003662,11837,18.072200192000004,5.0,5.0
12940,29.041882753372192,11837,5.921898558914563,5.0,5.0
12941,29.04387664794922,11837,14.73751884713165,5.0,5.0
12942,29.04588007926941,11837,21.79001507770532,5.0,5.0
12945,29.05183982849121,11837,23.94560964973141,5.0,5.0
12950,29.06083846092224,11837,15.325190175828105,5.0,5.0
12960,29.08484125137329,11837,5.021758316815355,5.0,5.0
12970,29.12083864212036,11837,5.0,5.0,5.0
12971,29.123838186264038,11837,14.0,5.0,5.0
12974,29.130838632583618,11837,18.96,5.0,5.0
12975,29.13283920288086,11837,25.168,5.0,5.0
12978,29.136839151382446,11837,26.10752,5.0,5.0
12980,29.14383840560913,11837,20.886016,5.0,5.0
12983,29.150838613510132,11837,20.693640192000004,5.0,5.0
12984,29.153838872909546,11837,26.554912153600004,5.0,5.0
12990,29.16883945465088,11837,16.995143778304005,5.0,5.0
12993,29.178839921951294,11837,23.596115022643204,5.0,5.0
13000,29.197837829589844,11837,12.081210891593322,5.0,5.0
13009,29.223838567733765,11837,14.948463981196626,5.0,5.0
13010,29.225873231887817,11837,11.958771184957302,5.0,5.0
13015,29.237837314605713,11837,16.12289084669814,5.0,5.0
13017,29.24384093284607,11837,22.89831267735851,5.0,5.0
13020,29.24983859062195,11837,11.723936090807559,5.0,5.0
13023,29.25821089744568,11837,17.503319098116837,5.0,5.0
13030,29.277225732803345,11837,5.735487602070927,5.0,5.0
13031,29.279223918914795,11837,14.588390081656742,5.0,5.0
13039,29.29622507095337,11837,14.780323661957283,5.0,5.0
13040,29.29722499847412,11837,14.780323661957283,5.0,5.0
13042,29.30122447013855,11837,19.459407143652662,5.0,5.0
13044,29.305226802825928,11837,25.56752571492213,5.0,5.0
13045,29.30822515487671,11837,30.454020571937704,5.0,5.0
13050,29.320346355438232,11837,19.490573166040136,5.0,5.0
13059,29.345358848571777,11837,17.98333876881004,5.0,5.0
13060,29.34736943244934,11837,14.386671015048032,5.0,5.0
13070,29.370344877243042,11837,7.3659755597045935,5.0,5.0
13080,29.403547763824463,11837,5.0,5.0,5.0
13083,29.40955877304077,11837,14.0,5.0,5.0
13086,29.417532205581665,11837,18.96,5.0,5.0
13088,29.42153310775757,11837,25.168,5.0,5.0
13090,29.42753314971924,11837,25.168,5.0,5.0
13091,29.430532932281494,11837,30.1344,5.0,5.0
13100,29.45977759361267,11837,9.874440192000003,5.0,5.0
13101,29.462769985198975,11837,17.899552153600002,5.0,5.0
13102,29.4647696018219,11837,24.31964172288,5.0,5.0
13107,29.472828149795532,11837,19.96132524969165,5.0,5.0
13110,29.477901220321655,11837,12.775248159802658,5.0,5.0
13118,29.503092765808105,11837,18.176158822273702,5.0,5.0
13120,29.5060932636261,11837,14.540927057818962,5.0,5.0
13123,29.516092777252197,11837,19.306193317004137,5.0,5.0
13130,29.531092405319214,11837,7.907816782644897,5.0,5.0
13140,29.562263250350952,11837,5.0,5.0,5.0
13146,29.577260494232178,11837,14.0,5.0,5.0
13149,29.586292266845703,11837,18.96,5.0,5.0
13150,29.590266227722168,11837,18.96,5.0,5.0
13160,29.60859489440918,11837,14.970250240000002,5.0,5.0
13164,29.619596481323242,11837,17.66476812288,5.0,5.0
13167,29.625596284866333,11837,19.044361278914565,5.0,5.0
13170,29.63259792327881,11837,12.188391218505323,5.0,5.0
13176,29.6495943069458,11837,16.240456303874726,5.0,5.0
13180,29.656609535217285,11837,12.992365043099781,5.0,5.0
13183,29.66359519958496,11837,18.315113627583862,5.0,5.0
13184,29.666597604751587,11837,24.65209090206709,5.0,5.0
13185,29.668595552444458,11837,29.721672721653675,5.0,5.0
13190,29.679595708847046,11837,9.73919771743148,5.0,5.0
13198,29.70161008834839,11837,14.0,5.0,5.0
13200,29.707595586776733,11837,11.200000000000001,5.0,5.0
13201,29.70960831642151,11837,18.96,5.0,5.0
13206,29.719595432281494,11837,25.168,5.0,5.0
13207,29.721596002578735,11837,30.1344,5.0,5.0
13210,29.72959566116333,11837,19.286016000000004,5.0,5.0
13214,29.737596035003662,11837,25.428812800000003,5.0,5.0
13216,29.74159336090088,11837,30.343050240000004,5.0,5.0
13219,29.74660873413086,11837,29.419552153600005,5.0,5.0
13220,29.748594045639038,11837,23.535641722880005,5.0,5.0
13229,29.767594575881958,11837,14.935781811042126,5.0,5.0
13230,29.76959466934204,11837,14.935781811042126,5.0,5.0
13232,29.77559471130371,11837,21.948625448833702,5.0,5.0
13240,29.795607566833496,11837,8.990156983842287,5.0,5.0
13250,29.8166081905365,11837,5.0,5.0,5.0
13260,29.84611487388611,11837,5.0,5.0,5.0
13263,29.85220170021057,11837,14.0,5.0,5.0
13270,29.86911153793335,11837,17.168,5.0,5.0
13278,29.891111612319946,11837,18.790016,5.0,5.0
13280,29.894111156463623,11837,25.032012800000004,5.0,5.0
13283,29.900152921676636,11837,22.816390553600005,5.0,5.0
13290,29.91721200942993,11837,11.681991963443204,5.0,5.0
13300,29.941621780395508,11837,5.981179885282922,5.0,5.0
13303,29.952656507492065,11837,14.784943908226339,5.0,5.0
13310,29.970573902130127,11837,7.569891281011888,5.0,5.0
13318,29.988811254501343,11837,14.844730419847608,5.0,5.0
13320,29.994855403900146,11837,11.875784335878087,5.0,5.0
13321,29.996811628341675,11837,19.50062746870247,5.0,5.0
13330,30.01581859588623,11837,5.111972487155541,5.0,5.0
13331,30.01784634590149,11837,14.089577989724432,5.0,5.0
13338,30.043068647384644,11837,19.017329913423637,5.0,5.0
13340,30.046067237854004,11837,12.171091144591129,5.0,5.0
13350,30.069032192230225,11837,6.23159866603066,5.0,5.0
13357,30.09059500694275,11837,14.0,5.0,5.0
13358,30.092578887939453,11837,21.200000000000003,5.0,5.0
13359,30.094586610794067,11837,26.960000000000004,5.0,5.0
13360,30.0975399017334,11837,31.568000000000005,5.0,5.0
13367,30.11455011367798,11837,20.34420224,5.0,5.0
13370,30.11958885192871,11837,13.020289433600002,5.0,5.0
13380,30.140545129776,11837,5.333110552002562,5.0,5.0
13382,30.147581815719604,11837,14.26648844160205,5.0,5.0
13384,30.15356945991516,11837,21.41319075328164,5.0,5.0
13388,30.164563179016113,11837,20.9635536656802,5.0,5.0
13390,30.16756272315979,11837,16.770842932544163,5.0,5.0
13400,30.19663977622986,11837,6.86933726517009,5.0,5.0
13410,30.22560691833496,11837,5.0,5.0,5.0
13420,30.252673387527466,11837,5.0,5.0,5.0
13423,30.260672092437744,11837,14.0,5.0,5.0
13424,30.263671875,11837,21.200000000000003,5.0,5.0
13428,30.271674156188965,11837,26.960000000000004,5.0,5.0
13430,30.27567172050476,11837,27.254400000000004,5.0,5.0
13440,30.30367660522461,11837,8.930721792000003,5.0,5.0
13447,30.3206729888916,11837,14.0,5.0,5.0
13450,30.331671237945557,11837,21.200000000000003,5.0,5.0
13454,30.342926025390625,11837,20.854400000000005,5.0,5.0
13457,30.353970050811768,11837,26.683520000000005,5.0,5.0
13460,30.358925580978394,11837,17.077452800000003,5.0,5.0
13464,30.365017652511597,11837,20.929569792000002,5.0,5.0
13467,30.37296414375305,11837,23.39492466688,5.0,5.0
13470,30.37892436981201,11837,14.972751786803201,5.0,5.0
13472,30.382922172546387,11837,19.582561143554052,5.0,5.0
13474,30.387922525405884,11837,22.532839131874596,5.0,5.0
13478,30.395922422409058,11837,19.229450908415835,5.0,5.0
13479,30.39792227745056,11837,25.383560726732668,5.0,5.0
13480,30.399967670440674,11837,20.306848581386134,5.0,5.0
13490,30.422924757003784,11837,5.323318514518888,5.0,5.0
13493,30.429925203323364,11837,14.0,5.0,5.0
13496,30.43592381477356,11837,18.96,5.0,5.0
13498,30.44192385673523,11837,25.168,5.0,5.0
13500,30.446933031082153,11837,20.1344,5.0,5.0
13504,30.45793890953064,11837,20.308812800000002,5.0,5.0
13506,30.461939334869385,11837,22.997640192000006,5.0,5.0
13509,30.4709370136261,11837,24.71848972288001,5.0,5.0
13510,30.47293734550476,11837,24.71848972288001,5.0,5.0
13517,30.48829674720764,11837,20.124693390491654,5.0,5.0
13519,30.495677709579468,11837,26.099754712393324,5.0,5.0
13520,30.497676610946655,11837,20.87980376991466,5.0,5.0
13526,30.51867699623108,11837,20.690459530196307,5.0,5.0
13527,30.520676374435425,11837,26.552367624157046,5.0,5.0
13530,30.525716543197632,11837,26.99351527946051,5.0,5.0
13531,30.528717756271362,11837,31.59481222356841,5.0,5.0
13532,30.53070878982544,11837,35.275849778854734,5.0,5.0
13533,30.53370499610901,11837,38.220679823083785,5.0,5.0
13535,30.54092288017273,11837,40.57654385846703,5.0,5.0
13538,30.548003673553467,11837,35.9689880694189,5.0,5.0
13540,30.5520179271698,11837,28.77519045553512,5.0,5.0
13541,30.553947687149048,11837,33.0201523644281,5.0,5.0
13544,30.562013864517212,11837,31.132897513233985,5.0,5.0
13550,30.57194995880127,11837,15.940043526775803,5.0,5.0
13552,30.57697105407715,11837,20.201627857136515,5.0,5.0
13557,30.587974309921265,11837,18.27458677028312,5.0,5.0
13560,30.593931436538696,11837,14.619669416226495,5.0,5.0
13565,30.60893154144287,11837,17.485270741107968,5.0,5.0
13570,30.618931770324707,11837,11.1905732743091,5.0,5.0
13574,30.63193702697754,11837,17.161966895557825,5.0,5.0
13577,30.637945413589478,11837,18.786927050525605,5.0,5.0
13580,30.64593744277954,11837,22.023633312336386,5.0,5.0
13587,30.663947582244873,11837,17.21670416378639,5.0,5.0
13588,30.6659517288208,11837,23.77336333102911,5.0,5.0
13589,30.667930126190186,11837,29.01869066482329,5.0,5.0
13590,30.66951084136963,11837,29.01869066482329,5.0,5.0
13592,30.67344903945923,11837,33.21495253185863,5.0,5.0
13593,30.67645573616028,11837,36.571962025486904,5.0,5.0
13596,30.682449102401733,11837,33.406055696311626,5.0,5.0
13600,30.693483114242554,11837,17.103900516511555,5.0,5.0
13602,30.69762873649597,11837,20.9464963305674,5.0,5.0
13606,30.705649375915527,11837,23.405757651563135,5.0,5.0
13609,30.714600324630737,11837,24.97968489700041,5.0,5.0
13610,30.716634273529053,11837,19.98374791760033,5.0,5.0
13615,30.729623317718506,11837,20.23167893381137,5.0,5.0
13616,30.731627941131592,11837,26.185343147049096,5.0,5.0
13620,30.74163031578064,11837,16.75861961411142,5.0,5.0
13621,30.74363112449646,11837,23.406895691289137,5.0,5.0
13629,30.764620780944824,11837,19.587464475152032,5.0,5.0
13630,30.768594980239868,11837,19.587464475152032,5.0,5.0
13638,30.782593488693237,11837,18.023025449022274,5.0,5.0
13640,30.785627841949463,11837,11.534736287374256,5.0,5.0
13649,30.810630321502686,11837,14.724627983308498,5.0,5.0
13650,30.811593532562256,11837,11.779702386646798,5.0,5.0
13651,30.814648389816284,11837,19.42376190931744,5.0,5.0
13653,30.821593523025513,11837,25.539009527453956,5.0,5.0
13657,30.82862877845764,11837,23.075972878056426,5.0,5.0
13660,30.834627389907837,11837,21.814898113564894,5.0,5.0
13661,30.83666443824768,11837,27.451918490851916,5.0,5.0
13670,30.862590789794922,11837,8.995444651082357,5.0,5.0
13672,30.869590044021606,11837,17.196355720865885,5.0,5.0
13678,30.88359022140503,11837,18.804534129083336,5.0,5.0
13680,30.888633966445923,11837,22.034901842613337,5.0,5.0
13688,30.906546354293823,11837,15.77631730863003,5.0,5.0
13690,30.909546852111816,11837,10.096843077523221,5.0,5.0
13700,30.936546802520752,11837,6.461979569614861,5.0,5.0
13703,30.943548440933228,11837,14.135666924553512,5.0,5.0
13710,30.963602781295776,11837,9.046826831714247,5.0,5.0
13716,30.976592302322388,11837,14.0,5.0,5.0
13718,30.980642080307007,11837,21.200000000000003,5.0,5.0
13720,30.988588571548462,11837,16.960000000000004,5.0,5.0
13729,31.01459002494812,11837,15.557452800000004,5.0,5.0
13730,31.017589569091797,11837,12.445962240000004,5.0,5.0
13735,31.030587911605835,11837,17.9654158336,5.0,5.0
13737,31.034592628479004,11837,24.372332666880002,5.0,5.0
13738,31.0365993976593,11837,29.497866133504004,5.0,5.0
13740,31.04359197616577,11837,23.598292906803206,5.0,5.0
13750,31.065128803253174,11837,7.732688619701276,5.0,5.0
13751,31.06814694404602,11837,16.18615089576102,5.0,5.0
13760,31.08629846572876,11837,8.287309258629644,5.0,5.0
13761,31.088830709457397,11837,16.629847406903714,5.0,5.0
13763,31.092840671539307,11837,20.64310234041838,5.0,5.0
13770,31.110002517700195,11837,10.569268398294213,5.0,5.0
13780,31.141001224517822,11837,6.764331774908297,5.0,5.0
13787,31.16288447380066,11837,14.0,5.0,5.0
13790,31.169906616210938,11837,7.168000000000001,5.0,5.0
13791,31.172904014587402,11837,15.7344,5.0,5.0
13792,31.174904584884644,11837,22.58752,5.0,5.0
13793,31.177905321121216,11837,22.58752,5.0,14.0
13795,31.182905435562134,11837,24.456012800000003,5.0,14.0
13799,31.191149950027466,11837,25.651848192000003,5.0,8.96
13800,31.19318962097168,11837,25.651848192000003,5.0,7.168000000000001
13804,31.20249032974243,11837,23.133746274304006,5.0,5.734400000000001
13807,31.20748496055603,11837,24.805597615554564,5.0,5.0
13810,31.215483903884888,11837,19.84447809244365,5.0,5.0
13820,31.245484113693237,11837,8.12829822666492,5.0,5.0
13823,31.251471042633057,11837,15.20211086506555,5.0,5.0
13829,31.26547360420227,11837,17.783480762913563,5.0,5.0
13830,31.26747179031372,11837,14.226784610330851,5.0,5.0
13839,31.292696237564087,11837,17.284113720489398,5.0,5.0
13840,31.294660091400146,11837,23.827290976391517,5.0,5.0
13841,31.297667741775513,11837,29.061832781113214,5.0,5.0
13842,31.299731731414795,11837,33.24946622489057,5.0,5.0
13850,31.313775062561035,11837,17.023726707143975,5.0,5.0
13852,31.31877613067627,11837,20.895185092572145,5.0,5.0
13853,31.321775197982788,11837,26.716148074057717,5.0,5.0
13860,31.33534288406372,11837,15.602782336580631,5.0,5.0
13867,31.352553606033325,11837,15.112719716050742,5.0,5.0
13869,31.358596086502075,11837,19.67214061827248,5.0,5.0
13870,31.362956762313843,11837,19.67214061827248,5.0,5.0
13874,31.370970010757446,11837,18.05770879724441,5.0,5.0
13877,31.38096857070923,11837,24.446167037795526,5.0,5.0
13880,31.388972759246826,11837,19.556933630236422,5.0,5.0
13890,31.42118215560913,11837,8.010520014944841,5.0,5.0
13900,31.45386266708374,11837,5.126732809564699,5.0,5.0
13910,31.47941827774048,11837,5.0,5.0,5.0
13920,31.50738000869751,11837,5.0,5.0,5.0
13927,31.525424003601074,11837,14.0,5.0,5.0
13930,31.53538155555725,11837,11.200000000000001,5.0,5.0
13940,31.56138253211975,11837,5.0,5.0,5.0
13950,31.58638644218445,11837,5.0,5.0,5.0
13952,31.590380668640137,11837,14.0,5.0,5.0
13960,31.611051082611084,11837,11.200000000000001,5.0,5.0
13961,31.61392378807068,11837,18.96,5.0,5.0
13970,31.644737005233765,11837,6.212812800000002,5.0,5.0
13978,31.671802043914795,11837,14.0,5.0,5.0
13980,31.679824113845825,11837,14.0,5.0,5.0
13982,31.6830632686615,11837,18.96,5.0,5.0
13983,31.684698343276978,11837,25.168,5.0,5.0
13990,31.697113513946533,11837,8.247050240000002,5.0,5.0
14000,31.721536874771118,11837,5.0,5.0,5.0
14002,31.72456407546997,11837,14.0,5.0,5.0
14010,31.742573261260986,11837,8.96,5.0,5.0
14020,31.778111696243286,11837,5.0,5.0,5.0
14030,31.804912567138672,11837,5.0,5.0,5.0
14039,31.822486877441406,11837,14.0,5.0,5.0
14040,31.823459148406982,11837,11.200000000000001,5.0,5.0
14050,31.850451231002808,11837,5.0,5.0,5.0
14057,31.862510681152344,11837,14.0,5.0,5.0
14059,31.86648464202881,11837,21.200000000000003,5.0,5.0
14060,31.870457410812378,11837,21.200000000000003,5.0,5.0
14070,31.889554500579834,11837,5.0,5.0,5.0
14073,31.897642612457275,11837,14.0,5.0,5.0
14076,31.902616500854492,11837,18.96,5.0,5.0
14077,31.905556678771973,11837,25.168,5.0,5.0
14078,31.90755033493042,11837,30.1344,5.0,5.0
14080,31.911550045013428,11837,29.286016000000004,5.0,5.0
14082,31.915549993515015,11837,33.4288128,5.0,5.0
14087,31.92354989051819,11837,23.692441722880005,5.0,5.0
14090,31.93180513381958,11837,15.163162702643204,5.0,5.0
14093,31.937831163406372,11837,19.704424129691652,5.0,5.0
14094,31.939826726913452,11837,25.763539303753323,5.0,5.0
14100,31.949815034866333,11837,10.552745698817363,5.0,5.0
14110,31.971814155578613,11837,5.0,5.0,5.0
14112,31.975813150405884,11837,14.0,5.0,5.0
14115,31.980812072753906,11837,18.96,5.0,5.0
14116,31.983876705169678,11837,25.168,5.0,5.0
14119,31.988815546035767,11837,26.10752,5.0,5.0
14120,31.990814924240112,11837,20.886016,5.0,5.0
14129,32.01081609725952,11837,16.843929722880002,5.0,5.0
14130,32.01281261444092,11837,13.475143778304002,5.0,5.0
14131,32.01483488082886,11837,20.7801150226432,5.0,5.0
14135,32.025814056396484,11837,23.299273614491653,5.0,5.0
14137,32.032814264297485,11837,28.639418891593323,5.0,5.0
14139,32.03782033920288,11837,28.32922809061973,5.0,5.0
14140,32.040812730789185,11837,28.32922809061973,5.0,5.0
14144,32.05283570289612,11837,24.504564782397303,5.0,5.0
14145,32.054856300354004,11837,29.603651825917844,5.0,5.0
14147,32.058815002441406,11837,28.946337168587423,5.0,5.0
14150,32.063814640045166,11837,18.525655787895953,5.0,5.0
14152,32.068862438201904,11837,21.856419704253412,5.0,5.0
14154,32.072816133499146,11837,23.988108610722186,5.0,5.0
14160,32.08381628990173,11837,17.860423429561447,5.0,5.0
14162,32.08788180351257,11837,21.430670994919325,5.0,5.0
14170,32.10981369018555,11837,8.778002839518958,5.0,5.0
14177,32.12185001373291,11837,14.0,5.0,5.0
14179,32.12787866592407,11837,21.200000000000003,5.0,5.0
14180,32.12988543510437,11837,21.200000000000003,5.0,5.0
14185,32.14491295814514,11837,20.854400000000005,5.0,5.0
14190,32.15888571739197,11837,13.346816000000004,5.0,5.0
14196,32.176769733428955,11837,18.541962240000004,5.0,5.0
14198,32.180734157562256,11837,24.833569792000006,5.0,5.0
14200,32.18773174285889,11837,19.866855833600006,5.0,5.0
14201,32.19073748588562,11837,25.893484666880006,5.0,5.0
14204,32.196760416030884,11837,30.714787733504007,5.0,5.0
14207,32.201770305633545,11837,29.657464149442568,5.0,5.0
14209,32.206817626953125,11837,28.980777055643244,5.0,5.0
14210,32.209733963012695,11837,33.18462164451459,5.0,5.0
14211,32.21173405647278,11837,36.54769731561167,5.0,5.0
14215,32.220791816711426,11837,28.712421025593176,5.0,5.0
14218,32.22676920890808,11837,24.70075956510371,5.0,5.0
14220,32.23273468017578,11837,19.760607652082967,5.0,5.0
14222,32.235793352127075,11837,15.808486121666375,5.0,14.0
14230,32.252535820007324,11837,6.475155915434549,5.0,7.168000000000001
14240,32.275495767593384,11837,5.0,5.0,5.0
14250,32.300495862960815,11837,5.0,5.0,5.0
14258,32.32347369194031,11837,14.0,5.0,5.0
14260,32.32547688484192,11837,14.0,5.0,5.0
14261,32.327518939971924,11837,21.200000000000003,5.0,5.0
14264,32.33643627166748,11837,23.568000000000005,5.0,5.0
14270,32.348530530929565,11837,22.066816000000003,5.0,5.0
14271,32.35143685340881,11837,27.653452800000004,5.0,5.0
14273,32.35547232627869,11837,27.698209792000004,5.0,5.0
14278,32.36547040939331,11837,21.345186730803206,5.0,5.0
14280,32.36943745613098,11837,17.076149384642566,5.0,5.0
14290,32.39347529411316,11837,5.5955126303596785,5.0,5.0
14296,32.406476736068726,11837,14.0,5.0,5.0
14297,32.408451795578,11837,21.200000000000003,5.0,5.0
14299,32.414475440979004,11837,26.960000000000004,5.0,5.0
14300,32.41648006439209,11837,21.568000000000005,5.0,5.0
14310,32.4375262260437,11837,11.042816000000004,5.0,5.0
14312,32.44343686103821,11837,18.8342528,5.0,5.0
14320,32.467498540878296,11837,9.643137433600003,5.0,5.0
14322,32.47348475456238,11837,17.714509946880003,5.0,5.0
14330,32.49047589302063,11837,7.25586327424205,5.0,5.0
14331,32.49245619773865,11837,15.80469061939364,5.0,5.0
14336,32.50651025772095,11837,18.092001597129546,5.0,5.0
14340,32.51551127433777,11837,9.263104817730328,5.0,5.0
14350,32.53949213027954,11837,5.0,5.0,5.0
14358,32.55743360519409,11837,14.0,5.0,5.0
14360,32.565463066101074,11837,14.0,5.0,5.0
14370,32.58643579483032,11837,5.0,5.0,5.0
14380,32.621790409088135,11837,5.0,5.0,5.0
14381,32.62379002571106,11837,14.0,5.0,5.0
14390,32.648783683776855,11837,7.168000000000001,5.0,5.0
14395,32.66077923774719,11837,14.0,5.0,5.0
14400,32.673776626586914,11837,11.200000000000001,5.0,5.0
14410,32.69678020477295,11837,14.0,5.0,5.0
14417,32.71378040313721,11837,17.168,5.0,5.0
14420,32.7237913608551,11837,13.7344,5.0,5.0
14421,32.72582983970642,11837,20.987520000000004,5.0,5.0
14422,32.72778367996216,11837,26.790016000000005,5.0,5.0
14423,32.729787826538086,11837,31.432012800000006,5.0,5.0
14430,32.743804693222046,11837,8.239713563443205,5.0,5.0
14436,32.75878119468689,11837,14.0,5.0,5.0
14437,32.76084232330322,11837,21.200000000000003,5.0,5.0
14439,32.76477932929993,11837,23.568000000000005,5.0,5.0
14440,32.7668182849884,11837,23.568000000000005,5.0,5.0
14447,32.784958839416504,11837,17.72276224,5.0,5.0
14448,32.78701400756836,11837,24.178209792000004,5.0,5.0
14450,32.790934562683105,11837,25.474054266880003,5.0,5.0
14451,32.79322934150696,11837,30.379243413504003,5.0,5.0
14453,32.799238204956055,11837,34.303394730803205,5.0,5.0
14460,32.81322693824768,11837,14.050670481736995,5.0,5.0
14465,32.823269844055176,11837,14.60412370345558,5.0,5.0
14470,32.8342707157135,11837,11.683298962764464,5.0,5.0
14474,32.84426259994507,11837,17.477311336169258,5.0,5.0
14478,32.85222625732422,11837,21.185479255148326,5.0,5.0
14479,32.85425329208374,11837,26.948383404118662,5.0,5.0
14480,32.856226682662964,11837,21.558706723294932,5.0,5.0
14482,32.86025834083557,11837,27.246965378635945,5.0,5.0
14487,32.87526869773865,11837,27.43805784232701,5.0,5.0
14490,32.8802547454834,11837,14.048285615271432,5.0,5.0
14491,32.88327074050903,11837,21.238628492217146,5.0,5.0
14500,32.904263973236084,11837,20.87417778801518,5.0,5.0
14510,32.92388319969177,11837,8.55006322197102,5.0,5.0
14511,32.92688727378845,11837,16.840050577576818,5.0,5.0
14517,32.94126915931702,11837,16.897684716575466,5.0,5.0
14519,32.94426918029785,11837,23.518147773260374,5.0,5.0
14520,32.94831371307373,11837,23.518147773260374,5.0,5.0
14524,32.9562726020813,11837,19.63303332792745,5.0,5.0
14530,32.976309061050415,11837,12.565141329873569,5.0,5.0
14538,32.994277238845825,11837,15.146681888716216,5.0,5.0
14540,33.000272035598755,11837,12.117345510972974,5.0,5.0
14550,33.02027225494385,11837,6.2040809016181635,5.0,5.0
14554,33.03027677536011,11837,14.0,5.0,5.0
14556,33.03427314758301,11837,18.96,5.0,5.0
14558,33.04127287864685,11837,25.168,5.0,5.0
14560,33.04526901245117,11837,26.10752,5.0,5.0
14570,33.065268754959106,11837,5.475143778304002,5.0,5.0
14575,33.074289083480835,11837,14.0,5.0,5.0
14578,33.083269357681274,11837,17.168,5.0,5.0
14580,33.09027051925659,11837,13.7344,5.0,5.0
14585,33.107588052749634,11837,18.790016,5.0,5.0
14590,33.1165828704834,11837,7.696390553600003,5.0,5.0
14598,33.13772797584534,11837,14.0,5.0,5.0
14600,33.14169096946716,11837,11.200000000000001,5.0,5.0
14601,33.14370679855347,11837,18.96,5.0,5.0
14606,33.15366291999817,11837,17.766016,5.0,5.0
14610,33.163652420043945,11837,14.212812800000002,5.0,5.0
14613,33.17166066169739,11837,21.370250240000004,5.0,5.0
14615,33.175686836242676,11837,27.096200192000005,5.0,5.0
14620,33.18370175361633,11837,21.676960153600007,5.0,5.0
14624,33.19068717956543,11837,21.098603598643205,5.0,5.0
14626,33.194708824157715,11837,16.878882878914563,5.0,14.0
14627,33.196667194366455,11837,23.503106303131652,5.0,14.0
14630,33.20219111442566,11837,25.041988034004255,5.0,11.200000000000001
14637,33.219255685806274,11837,22.82149787341018,5.0,7.168000000000001
14639,33.22227501869202,11837,28.257198298728145,5.0,5.734400000000001
14640,33.22621035575867,11837,28.257198298728145,5.0,5.734400000000001
14646,33.24023747444153,11837,19.25931873852724,5.0,5.734400000000001
14650,33.252246379852295,11837,15.407454990821794,5.0,5.0
14656,33.26528716087341,11837,17.88861695530076,5.0,5.0
14657,33.267210721969604,11837,24.310893564240608,5.0,5.0
14660,33.275301456451416,11837,19.448714851392488,5.0,5.0
14666,33.28921055793762,11837,16.372954882504292,5.0,5.0
14667,33.2912175655365,11837,23.098363906003435,5.0,5.0
14668,33.29321026802063,11837,28.478691124802747,5.0,5.0
14670,33.29730272293091,11837,18.22636231987376,5.0,5.0
14680,33.321293354034424,11837,14.777931523980989,5.0,5.0
14690,33.3457612991333,11837,6.053040752222614,5.0,5.0
14692,33.34972810745239,11837,14.842432601778093,5.0,5.0
14695,33.355727434158325,11837,19.49915686513798,5.0,5.0
14696,33.35772895812988,11837,25.599325492110385,5.0,5.0
14698,33.361743688583374,11837,26.383568314950647,5.0,5.0
14699,33.363725662231445,11837,31.106854651960518,5.0,5.0
14700,33.36576223373413,11837,24.885483721568416,5.0,5.0
14709,33.38379955291748,11837,18.154475305883544,5.0,5.0
14710,33.38576412200928,11837,24.523580244706835,5.0,5.0
14719,33.40872883796692,11837,20.044858468231922,5.0,5.0
14720,33.410727977752686,11837,16.03588677458554,5.0,5.0
14730,33.43615961074829,11837,5.25463937829619,5.0,5.0
14739,33.46411752700806,11837,14.0,5.0,5.0
14740,33.46609592437744,11837,11.200000000000001,5.0,5.0
14749,33.490177154541016,11837,14.0,5.0,5.0
14750,33.492130279541016,11837,11.200000000000001,5.0,5.0
14760,33.51713585853577,11837,5.0,5.0,5.0
14770,33.54611897468567,11837,5.0,5.0,5.0
14780,33.577863931655884,11837,5.0,5.0,5.0
14790,33.59486198425293,11837,5.0,5.0,5.0
14793,33.60103225708008,11837,14.0,5.0,5.0
14800,33.61703324317932,11837,5.734400000000001,5.0,5.0
14802,33.62112283706665,11837,14.0,5.0,5.0
14810,33.64003539085388,11837,5.734400000000001,5.0,5.0
14815,33.65310835838318,11837,14.587520000000001,5.0,5.0
14820,33.66403865814209,11837,9.336012800000002,5.0,5.0
14830,33.69120144844055,11837,5.0,5.0,5.0
14833,33.69722628593445,11837,14.0,5.0,5.0
14840,33.72126245498657,11837,8.96,5.0,5.0
14850,33.74818778038025,11837,5.734400000000001,5.0,5.0
14858,33.77057671546936,11837,14.587520000000001,5.0,5.0
14860,33.778642416000366,11837,14.587520000000001,5.0,5.0
14864,33.788618326187134,11837,19.336012800000002,5.0,5.0
14870,33.80161094665527,11837,12.375048192000003,5.0,5.0
14873,33.80959868431091,11837,17.920030842880003,5.0,5.0
14880,33.82260012626648,11837,11.468819739443203,5.0,5.0
14884,33.83466386795044,11837,15.872035706594922,5.0,5.0
14887,33.83966255187988,11837,22.697628565275938,5.0,5.0
14890,33.844666719436646,11837,24.5264822817766,5.0,5.0
14892,33.848186016082764,11837,25.69694866033703,5.0,5.0
14900,33.86018371582031,11837,15.389040727692315,5.0,5.0
14903,33.867539167404175,11837,19.848986065723082,5.0,5.0
14905,33.873246908187866,11837,25.879188852578466,5.0,5.0
14908,33.87777805328369,11837,23.250144692520173,5.0,5.0
14909,33.879507541656494,11837,28.60011575401614,5.0,5.0
14910,33.88108205795288,11837,22.880092603212915,5.0,5.0
14911,33.883349657058716,11837,28.304074082570335,5.0,5.0
14912,33.88498902320862,11837,32.64325926605627,5.0,5.0
14916,33.89755368232727,11837,30.891685930276015,5.0,5.0
14920,33.90851902961731,11837,24.713348744220813,5.0,5.0
14930,33.930562019348145,11837,6.478456093205023,5.0,5.0
14935,33.94207000732422,11837,14.146211899651215,5.0,5.0
14940,33.95767641067505,11837,9.053575615776777,5.0,5.0
14950,33.9737823009491,11837,5.0,5.0,5.0
14960,33.995569705963135,11837,14.0,5.0,5.0
14970,34.01957058906555,11837,5.734400000000001,5.0,5.0
14973,34.02757382392883,11837,14.587520000000001,5.0,5.0
14980,34.04057335853577,11837,15.975048192000003,5.0,5.0
14983,34.0465874671936,11837,18.179224674304002,5.0,5.0
14990,34.0625786781311,11837,7.446210426594921,5.0,5.0
14991,34.06461977958679,11837,15.956968341275937,5.0,5.0
15000,34.08461666107178,11837,6.535974232586625,5.0,5.0
15006,34.10257077217102,11837,14.0,5.0,5.0
15010,34.108569622039795,11837,7.168000000000001,5.0,5.0
15011,34.11157536506653,11837,15.7344,5.0,5.0
15020,34.13360524177551,11837,5.155848192000002,5.0,5.0
15030,34.158015966415405,11837,5.0,5.0,5.0
15040,34.1812207698822,11837,5.0,5.0,5.0
15050,34.211477756500244,11837,5.0,5.0,5.0
15055,34.2235426902771,11837,14.0,5.0,5.0
15060,34.232476472854614,11837,7.168000000000001,5.0,5.0
15070,34.25880312919617,11837,5.0,5.0,5.0
15080,34.27873682975769,11837,14.0,5.0,5.0
15082,34.282737016677856,11837,18.96,5.0,5.0
15090,34.299792766571045,11837,5.0,5.0,5.0
15098,34.31974220275879,11837,14.0,5.0,5.0
15100,34.3267765045166,11837,14.0,5.0,5.0
15101,34.32882475852966,11837,21.200000000000003,5.0,5.0
15104,34.336780071258545,11837,23.568000000000005,5.0,5.0
15105,34.33874201774597,11837,28.854400000000005,5.0,5.0
15108,34.34473967552185,11837,24.773452800000005,5.0,5.0
15110,34.34973859786987,11837,24.773452800000005,5.0,5.0
15112,34.35373854637146,11837,25.855009792000004,5.0,5.0
15117,34.36582326889038,11837,23.237765013504006,5.0,5.0
15120,34.37178683280945,11837,21.897735686914054,5.0,5.0
15128,34.387818574905396,11837,18.969312537359997,5.0,5.0
15130,34.39186668395996,11837,22.140360023910397,5.0,5.0
15132,34.3978431224823,11837,27.71228801912832,5.0,5.0
15133,34.39982771873474,11837,32.169830415302656,5.0,5.0
15134,34.40191054344177,11837,35.73586433224213,5.0,5.0
15140,34.41682720184326,11837,18.296762538107973,5.0,5.0
15146,34.43387722969055,11837,21.709928024389104,5.0,5.0
15150,34.44287824630737,11837,13.894353935609027,5.0,5.0
15159,34.468034505844116,11837,17.11390921503182,5.0,5.0
15160,34.4700231552124,11837,13.691127372025457,5.0,5.0
15163,34.47502255439758,11837,18.762321518096293,5.0,5.0
15169,34.49000072479248,11837,17.685046893812242,5.0,5.0
15170,34.49098515510559,11837,14.148037515049793,5.0,5.0
15171,34.493985652923584,11837,21.318430012039833,5.0,5.0
15180,34.51098966598511,11837,8.732028932931518,5.0,5.0
15184,34.523043394088745,11837,15.588498517076172,5.0,5.0
15190,34.535022497177124,11837,6.385048992594402,5.0,5.0
15200,34.55698537826538,11837,14.0,5.0,5.0
15204,34.56802296638489,11837,18.96,5.0,5.0
15206,34.5720272064209,11837,22.1344,5.0,5.0
15207,34.5740385055542,11837,27.70752,5.0,5.0
15210,34.57850003242493,11837,14.186250240000001,5.0,5.0
15213,34.58654165267944,11837,19.079200153600002,5.0,5.0
15217,34.59356689453125,11837,17.81484038291456,5.0,5.0
15220,34.59853959083557,11837,9.121198276052256,5.0,5.0
15230,34.62154531478882,11837,7.296958620841806,5.0,5.0
15240,34.647587299346924,11837,5.0,5.0,5.0
15250,34.673502683639526,11837,5.0,5.0,5.0
15260,34.7045259475708,11837,14.0,5.0,5.0
15263,34.71256899833679,11837,18.96,5.0,5.0
15264,34.71458053588867,11837,25.168,5.0,5.0
15270,34.725531578063965,11837,18.24705024,5.0,5.0
15280,34.75257420539856,11837,5.979193422643202,5.0,5.0
15281,34.75454568862915,11837,14.78335473811456,5.0,5.0
15287,34.771071434020996,11837,19.46134703239332,5.0,5.0
15290,34.779107093811035,11837,22.455262100731726,5.0,5.0
15294,34.78705453872681,11837,19.19767535645972,5.0,5.0
15297,34.79403567314148,11837,25.358140285167778,5.0,5.0
15300,34.80101680755615,11837,26.22920978250738,5.0,5.0
15310,34.82419514656067,11837,10.743484326915024,5.0,5.0
15316,34.839184284210205,11837,15.500663975380494,5.0,5.0
15320,34.84522080421448,11837,7.936339955394814,5.0,5.0
15329,34.86522674560547,11837,14.0,5.0,5.0
15330,34.866265296936035,11837,11.200000000000001,5.0,5.0
15335,34.87725830078125,11837,17.168,5.0,5.0
15340,34.88518404960632,11837,8.790016000000001,5.0,5.0
15347,34.90142893791199,11837,14.0,5.0,5.0
15350,34.90640568733215,11837,7.168000000000001,5.0,5.0
15353,34.916447162628174,11837,15.7344,5.0,5.0
15356,34.92435812950134,11837,20.070016000000003,5.0,5.0
15360,34.9334282875061,11837,10.275848192000002,5.0,5.0
15364,34.940372943878174,11837,15.261234274304002,5.0,5.0
15370,34.95139765739441,11837,19.767189935554562,5.0,5.0
15380,34.97235417366028,11837,6.477312798082521,5.0,5.0
15381,34.97435402870178,11837,15.181850238466017,5.0,5.0
15382,34.976353883743286,11837,22.145480190772815,5.0,5.0
15385,34.98435401916504,11837,24.1731073220946,5.0,5.0
15386,34.986353635787964,11837,29.338485857675682,5.0,5.0
15388,34.990827798843384,11837,28.776630948912437,5.0,5.0
15390,34.993847131729126,11837,18.417043807303962,5.0,5.0
15398,35.01581001281738,11837,19.42952642933963,5.0,5.0
15400,35.01982283592224,11837,22.434896914777365,5.0,5.0
15405,35.028775691986084,11837,19.189333776292813,5.0,5.0
15407,35.03479552268982,11837,25.351467021034253,5.0,5.0
15410,35.039788484573364,11837,26.22493889346192,5.0,5.0
15411,35.041775703430176,11837,30.979951114769538,5.0,5.0
15415,35.04885649681091,11837,25.861734970762008,5.0,5.0
15420,35.05977487564087,11837,13.24120830503015,5.0,5.0
15424,35.069772481918335,11837,20.592966644024123,5.0,5.0
15429,35.07977247238159,11837,18.434879137392283,5.0,5.0
15430,35.081772565841675,11837,14.747903309913827,5.0,5.0
15431,35.08477425575256,11837,21.798322647931062,5.0,5.0
15432,35.08677291870117,11837,27.43865811834485,5.0,5.0
15433,35.08977794647217,11837,31.950926494675883,5.0,5.0
15436,35.09678626060486,11837,26.358874365274055,5.0,5.0
15437,35.098775148391724,11837,31.087099492219245,5.0,5.0
15440,35.106775760650635,11837,24.8696795937754,5.0,5.0
15450,35.12482810020447,11837,8.149296609288326,5.0,5.0
15458,35.14296317100525,11837,14.0,5.0,5.0
15460,35.14700126647949,11837,8.96,5.0,5.0
15463,35.15699863433838,11837,17.168,5.0,5.0
15466,35.162962913513184,11837,20.987520000000004,5.0,5.0
15468,35.16898226737976,11837,26.790016000000005,5.0,5.0
15470,35.171998500823975,11837,21.432012800000006,5.0,5.0
15477,35.18696331977844,11837,15.618273563443203,5.0,5.0
15480,35.19500207901001,11837,12.494618850754563,5.0,5.0
15481,35.196966886520386,11837,19.995695080603653,5.0,5.0
15482,35.19897246360779,11837,25.996556064482924,5.0,5.0
15484,35.20233201980591,11837,26.637795881269074,5.0,5.0
15485,35.20430064201355,11837,31.31023670501526,5.0,5.0
15488,35.21067810058594,11837,30.03855149120977,5.0,5.0
15489,35.212671756744385,11837,34.03084119296781,5.0,5.0
15490,35.21467709541321,11837,37.224672954374256,5.0,5.0
15494,35.223705530166626,11837,33.82379069079953,5.0,5.0
15500,35.233758211135864,11837,11.083379733561191,5.0,5.0
15504,35.242687463760376,11837,15.674690423583332,5.0,5.0
15510,35.25570821762085,11837,6.420353197499735,5.0,5.0
15520,35.28070092201233,11837,5.0,5.0,5.0
15530,35.30569553375244,11837,5.0,5.0,5.0
15533,35.313669204711914,11837,14.0,5.0,5.0
15535,35.316725969314575,11837,21.200000000000003,5.0,5.0
15536,35.31875538825989,11837,26.960000000000004,5.0,5.0
15540,35.329694509506226,11837,21.568000000000005,5.0,5.0
15541,35.33169102668762,11837,27.254400000000004,5.0,5.0
15546,35.338669538497925,11837,23.954252800000006,5.0,5.0
15547,35.34066939353943,11837,29.163402240000007,5.0,5.0
15550,35.34766960144043,11837,23.330721792000006,5.0,5.0
15553,35.35266971588135,11837,21.945329557504003,5.0,5.0
15554,35.35569667816162,11837,27.556263646003202,5.0,5.0
15558,35.36566972732544,11837,27.63600873344205,5.0,5.0
15560,35.371129512786865,11837,22.108806986753642,5.0,5.0
15567,35.385103702545166,11837,19.055767341774292,5.0,5.0
15570,35.39018440246582,11837,9.756552878988439,5.0,5.0
15575,35.401098012924194,11837,17.805242303190752,5.0,5.0
15577,35.40416955947876,11837,21.395355074042083,5.0,5.0
15580,35.410184383392334,11837,13.693027247386935,5.0,5.0
15590,35.43260335922241,11837,5.0,5.0,5.0
15600,35.46565866470337,11837,5.0,5.0,5.0
15601,35.46870303153992,11837,14.0,5.0,5.0
15606,35.48060703277588,11837,17.168,5.0,5.0
15610,35.49160623550415,11837,17.168,5.0,5.0
15614,35.49864315986633,11837,18.790016,5.0,5.0
15615,35.50064182281494,11837,25.032012800000004,5.0,5.0
15619,35.51060676574707,11837,22.816390553600005,5.0,5.0
15620,35.514610052108765,11837,22.816390553600005,5.0,5.0
15621,35.51660680770874,11837,28.253112442880006,5.0,5.0
15630,35.53866624832153,11837,9.257979885282921,5.0,5.0
15636,35.555612087249756,11837,15.925107126581072,5.0,5.0
15640,35.561625242233276,11837,10.192068561011887,5.0,5.0
15650,35.58362531661987,11837,5.0,5.0,5.0
15652,35.589643478393555,11837,14.0,5.0,5.0
15660,35.60802602767944,11837,5.0,5.0,5.0
15662,35.612060546875,11837,14.0,5.0,5.0
15668,35.62709593772888,11837,18.96,5.0,5.0
15669,35.629101514816284,11837,25.168,5.0,5.0
15670,35.631165981292725,11837,20.1344,5.0,5.0
15673,35.63613677024841,11837,22.886016,5.0,5.0
15676,35.641326665878296,11837,24.647050240000002,5.0,5.0
15679,35.6472442150116,11837,25.774112153600004,5.0,5.0
15680,35.649301528930664,11837,30.619289722880005,5.0,5.0
15690,35.67023301124573,11837,6.421330468091729,5.0,5.0
15693,35.678449869155884,11837,15.137064374473383,5.0,5.0
15697,35.68549561500549,11837,19.687721199662967,5.0,5.0
15700,35.690439224243164,11837,12.6001415677843,5.0,5.0
15703,35.69850134849548,11837,20.08011325422744,5.0,5.0
15710,35.71250534057617,11837,8.224814388931561,5.0,5.0
15711,35.714447259902954,11837,16.57985151114525,5.0,5.0
15720,35.73546648025513,11837,8.48888397370637,5.0,5.0
15726,35.7529673576355,11837,16.791107178965095,5.0,5.0
15730,35.762962102890015,11837,13.432885743172077,5.0,5.0
15736,35.7770209312439,11837,16.877637500504104,5.0,5.0
15740,35.78495693206787,11837,13.502110000403285,5.0,5.0
15749,35.80149793624878,11837,14.0,5.0,5.0
15750,35.80350065231323,11837,14.0,5.0,5.0
15752,35.80645513534546,11837,21.200000000000003,5.0,5.0
15760,35.82572937011719,11837,6.9468160000000045,5.0,5.0
15761,35.828720808029175,11837,15.557452800000004,5.0,5.0
15769,35.84672164916992,11837,16.372332666880002,5.0,5.0
15770,35.848708391189575,11837,13.097866133504002,5.0,5.0
15772,35.85472226142883,11837,20.478292906803205,5.0,5.0
15773,35.85667943954468,11837,26.382634325442563,5.0,5.0
15775,35.85968542098999,11837,26.884885968283243,5.0,5.0
15780,35.86768651008606,11837,21.01204929260882,5.0,5.0
15789,35.88769292831421,11837,16.88522831220206,5.0,5.0
15790,35.88968253135681,11837,13.508182649761649,5.0,5.0
15800,35.9117169380188,11837,8.645236895847455,5.0,5.0
15809,35.93677830696106,11837,15.532951613342373,5.0,5.0
15810,35.9377167224884,11837,15.532951613342373,5.0,5.0
15811,35.94071698188782,11837,22.4263612906739,5.0,5.0
15812,35.94275140762329,11837,27.94108903253912,5.0,5.0
15820,35.95975470542908,11837,14.305837584660033,5.0,5.0
15821,35.961754322052,11837,21.444670067728026,5.0,5.0
15823,35.96575403213501,11837,27.155736054182423,5.0,5.0
15826,35.97075152397156,11837,27.379671074676754,5.0,5.0
15830,35.98178791999817,11837,17.522989487793122,5.0,5.0
15835,35.995718240737915,11837,18.97177061775008,5.0,5.0
15838,36.00073575973511,11837,22.141933195360053,5.0,5.0
15840,36.00471210479736,11837,24.170837245030434,5.0,5.0
15849,36.02492904663086,11837,19.90037493556447,5.0,5.0
15850,36.02692914009094,11837,25.92029994845158,5.0,5.0
15851,36.028928995132446,11837,30.736239958761264,5.0,5.0
15854,36.03492879867554,11837,29.671193573607212,5.0,5.0
15860,36.052276849746704,11837,12.153320887749516,5.0,5.0
15865,36.06227922439575,11837,14.978000235622204,5.0,5.0
15870,36.07627868652344,11837,9.585920150798211,5.0,5.0
15872,36.07943296432495,11837,16.134988896510855,5.0,5.0
15873,36.08159852027893,11837,22.907991117208685,5.0,5.0
15874,36.083251953125,11837,28.326392893766947,5.0,5.0
15880,36.09475755691528,11837,11.602490529286944,5.0,5.0
15888,36.11252570152283,11837,15.940475150994917,5.0,5.0
15890,36.11752414703369,11837,12.752380120795934,5.0,5.0
15896,36.13052439689636,11837,15.223374897478015,5.0,5.0
15900,36.139530420303345,11837,7.7943679475087455,5.0,5.0
15907,36.15404224395752,11837,14.0,5.0,5.0
15910,36.16072916984558,11837,21.200000000000003,5.0,5.0
15911,36.162729263305664,11837,26.960000000000004,5.0,5.0
15913,36.16672921180725,11837,27.254400000000004,5.0,5.0
15919,36.177729845047,11837,23.954252800000006,5.0,5.0
15920,36.18072867393494,11837,23.954252800000006,5.0,5.0
15930,36.20223832130432,11837,6.279463646003204,5.0,5.0
15932,36.20549392700195,11837,14.01885673344205,5.0,5.0
15940,36.22546076774597,11837,5.742123718017865,5.0,5.0
15950,36.24747347831726,11837,5.0,5.0,5.0
15960,36.27445912361145,11837,5.0,5.0,5.0
15965,36.284501791000366,11837,14.0,5.0,5.0
15966,36.28649973869324,11837,21.200000000000003,5.0,5.0
15968,36.28950119018555,11837,23.568000000000005,5.0,5.0
15970,36.29250240325928,11837,15.083520000000005,5.0,5.0
15979,36.313467502593994,11837,14.942567833600002,5.0,5.0
15980,36.31547832489014,11837,14.942567833600002,5.0,5.0
15983,36.32246232032776,11837,21.95405426688,5.0,5.0
15987,36.33465266227722,11837,24.0505947308032,5.0,5.0
15988,36.336678981781006,11837,29.240475784642562,5.0,5.0
15990,36.34268093109131,11837,23.39238062771405,5.0,5.0
15998,36.361679553985596,11837,17.665215284089342,5.0,5.0
15999,36.36368274688721,11837,24.132172227271475,5.0,5.0
16000,36.36572027206421,11837,19.305737781817182,5.0,5.0
16010,36.38971495628357,11837,5.060883325076684,5.0,5.0
16012,36.39570140838623,11837,14.048706660061349,5.0,5.0
16020,36.415682554244995,11837,7.192937809951411,5.0,5.0
16024,36.42364478111267,11837,14.0,5.0,5.0
16030,36.437811613082886,11837,17.168,5.0,5.0
16031,36.439847469329834,11837,23.7344,5.0,5.0
16037,36.45277500152588,11837,19.721610240000004,5.0,5.0
16040,36.460774183273315,11837,12.621830553600004,5.0,5.0
16048,36.48180389404297,11837,18.077971554304003,5.0,5.0
16050,36.48482537269592,11837,14.462377243443203,5.0,5.0
16051,36.48681044578552,11837,21.569901794754564,5.0,5.0
16053,36.49276924133301,11837,27.255921435803653,5.0,5.0
16059,36.503769397735596,11837,18.931220336084145,5.0,5.0
16060,36.50776934623718,11837,18.931220336084145,5.0,5.0
16062,36.51377725601196,11837,18.931220336084145,5.0,14.0
16063,36.51580810546875,11837,25.144976268867318,5.0,14.0
16070,36.528804302215576,11837,10.299382279728055,5.0,7.168000000000001
16072,36.532782793045044,11837,16.591604659025954,5.0,7.168000000000001
16075,36.540839433670044,11837,23.273283727220765,5.0,5.734400000000001
16080,36.554813623428345,11837,14.89490158542129,5.0,5.0
16082,36.5587739944458,11837,19.532737014669628,5.0,5.0
16090,36.57777452468872,11837,8.000609081208683,5.0,5.0
16093,36.58580017089844,11837,16.400487264966948,5.0,5.0
16094,36.5887930393219,11837,23.12038981197356,5.0,5.0
16096,36.591779708862305,11837,28.49631184957885,5.0,5.0
16100,36.59878444671631,11837,18.237639583730466,5.0,5.0
16106,36.61278772354126,11837,19.33767146687,5.0,5.0
16109,36.622785568237305,11837,25.470137173496,5.0,5.0
16110,36.62477469444275,11837,30.3761097387968,5.0,5.0
16111,36.62677359580994,11837,34.30088779103744,5.0,5.0
16114,36.63874316215515,11837,37.44071023282996,5.0,5.0
16120,36.64782381057739,11837,12.268571929093723,5.0,5.0
16130,36.66973876953125,11837,6.281508827695987,5.0,5.0
16138,36.68872594833374,11837,15.02520706215679,5.0,5.0
16140,36.69073462486267,11837,12.020165649725433,5.0,5.0
16150,36.71774649620056,11837,6.154324812659422,5.0,5.0
16160,36.74272179603577,11837,5.0,5.0,5.0
16170,36.772719860076904,11837,5.0,5.0,5.0
16180,36.802719831466675,11837,5.0,5.0,5.0
16190,36.824761390686035,11837,5.0,5.0,5.0
16197,36.84273362159729,11837,14.0,5.0,5.0
16200,36.849733114242554,11837,11.200000000000001,5.0,5.0
16201,36.85173320770264,11837,18.96,5.0,5.0
16206,36.86473321914673,11837,19.707520000000002,5.0,5.0
16209,36.86972165107727,11837,20.090250240000003,5.0,5.0
16210,36.871734857559204,11837,16.072200192000004,5.0,5.0
16220,36.89172029495239,11837,5.0,5.0,5.0
16225,36.90472221374512,11837,14.0,5.0,5.0
16230,36.91272020339966,11837,8.96,5.0,5.0
16234,36.91872048377991,11837,15.7344,5.0,5.0
16240,36.92972016334534,11837,6.4448102400000025,5.0,5.0
16250,36.95672011375427,11837,5.0,5.0,5.0
16257,36.97772026062012,11837,14.0,5.0,5.0
16258,36.97971987724304,11837,21.200000000000003,5.0,5.0
16260,36.982720375061035,11837,16.960000000000004,5.0,5.0
16265,36.99272060394287,11837,18.683520000000005,5.0,5.0
16270,37.00572085380554,11837,21.957452800000006,5.0,5.0
16280,37.02471995353699,11837,5.756014506803203,5.0,5.0
16284,37.03172016143799,11837,14.0,5.0,5.0
16290,37.04372000694275,11837,8.96,5.0,5.0
16294,37.054720878601074,11837,17.168,5.0,5.0
16300,37.06971979141235,11837,8.790016000000001,5.0,5.0
16301,37.072721004486084,11837,17.0320128,5.0,5.0
16303,37.07672095298767,11837,20.900488192,5.0,5.0
16304,37.07872033119202,11837,26.7203905536,5.0,5.0
16306,37.08172035217285,11837,27.101049954304003,5.0,5.0
16307,37.08472037315369,11837,31.680839963443205,5.0,5.0
16309,37.08872032165527,11837,30.275737576603653,5.0,5.0
16310,37.090720415115356,11837,34.22059006128292,5.0,5.0
16313,37.09673357009888,11837,31.90117763922107,5.0,5.0
16318,37.10473346710205,11837,23.06672236102495,5.0,5.0
16320,37.10874938964844,11837,18.45337788881996,5.0,5.0
16327,37.12972044944763,11837,21.81016184884478,5.0,5.0
16330,37.1357204914093,11837,13.95850358326066,5.0,5.0
16340,37.166688680648804,11837,5.0,5.0,5.0
16350,37.194647789001465,11837,14.0,5.0,5.0
16360,37.217647552490234,11837,5.734400000000001,5.0,5.0
16366,37.2286479473114,11837,14.0,5.0,5.0
16370,37.24164795875549,11837,8.96,5.0,5.0
16373,37.24664807319641,11837,17.168,5.0,5.0
16377,37.25664758682251,11837,20.987520000000004,5.0,5.0
16379,37.260648250579834,11837,23.432012800000003,5.0,5.0
16380,37.26464772224426,11837,23.432012800000003,5.0,5.0
16390,37.28464865684509,11837,9.597752442880001,5.0,5.0
16400,37.30464839935303,11837,6.142561563443201,5.0,5.0
16408,37.319648027420044,11837,14.0,5.0,5.0
16410,37.32364797592163,11837,11.200000000000001,5.0,5.0
16411,37.325647830963135,11837,18.96,5.0,5.0
16418,37.3436484336853,11837,16.212812800000002,5.0,5.0
16420,37.34764790534973,11837,20.376200192000002,5.0,5.0
16430,37.36364793777466,11837,8.346091598643204,5.0,5.0
16431,37.36564755439758,11837,16.676873278914563,5.0,5.0
16440,37.390647888183594,11837,8.538559118804256,5.0,5.0
16447,37.4066481590271,11837,14.37174226882778,5.0,5.0
16450,37.414647579193115,11837,11.497393815062225,5.0,5.0
16453,37.42364764213562,11838,11.497393815062225,5.0,14.0
16454,37.42564916610718,11838,19.19791505204978,5.0,14.0
16459,37.44065737724304,11838,22.286665633311863,5.0,11.200000000000001
16460,37.4426486492157,11838,17.82933250664949,5.0,11.200000000000001
16462,37.445648193359375,11838,24.263466005319593,5.0,8.96
16463,37.44864869117737,11838,29.410772804255675,5.0,8.96
16469,37.457648038864136,11838,25.058315675778907,5.0,5.0
16470,37.45964813232422,11838,20.04665254062313,5.0,5.0
16477,37.47164797782898,11838,18.211108880639237,5.0,5.0
16480,37.47964811325073,11838,11.655109683609112,5.0,5.0
16481,37.481648206710815,11838,19.32408774688729,5.0,5.0
16487,37.49264860153198,11838,15.065693658320022,5.0,5.0
16490,37.49764847755432,11838,9.642043941324815,5.0,5.0
16494,37.50464868545532,11838,16.170908122447884,5.0,5.0
16497,37.5096480846405,11838,22.936726497958308,5.0,5.0
16500,37.515647649765015,11838,11.743603966954655,5.0,5.0
16509,37.535648345947266,11838,14.810180184864628,5.0,5.0
16510,37.53764843940735,11838,11.848144147891702,5.0,5.0
16511,37.53964805603027,11838,19.478515318313363,5.0,5.0
16512,37.541648149490356,11838,25.58281225465069,5.0,5.0
16514,37.545647859573364,11838,26.372999842976444,5.0,5.0
16516,37.54964828491211,11838,26.878719899504926,5.0,5.0
16520,37.55764818191528,11838,17.202380735683153,5.0,5.0
16521,37.56064796447754,11838,23.76190458854652,5.0,5.0
16522,37.5626482963562,11838,29.00952367083722,5.0,5.0
16524,37.566648960113525,11838,33.207618936669775,5.0,5.0
16528,37.57264828681946,11838,27.00230089557493,5.0,5.0
16529,37.57464814186096,11838,31.601840716459947,5.0,5.0
16530,37.576647996902466,11838,35.28147257316796,5.0,5.0
16532,37.58064794540405,11838,32.580142446827494,5.0,5.0
16540,37.60264825820923,11838,16.68103293277568,5.0,5.0
16546,37.62066149711609,11838,18.54068886158115,5.0,5.0
16550,37.6266610622406,11838,9.492832697129549,5.0,5.0
16560,37.64666390419006,11838,5.0,5.0,5.0
16567,37.665648460388184,11838,14.0,5.0,5.0
16570,37.67064833641052,11838,8.96,5.0,5.0
16571,37.672648429870605,11838,17.168,5.0,5.0
16580,37.69164776802063,11838,5.625610240000001,5.0,5.0
16590,37.72664761543274,11838,5.0,5.0,5.0
16599,37.74464797973633,11838,14.0,5.0,5.0
16600,37.74664807319641,11838,11.200000000000001,5.0,5.0
16607,37.76664876937866,11838,17.168,5.0,5.0
16610,37.773648500442505,11838,13.7344,5.0,5.0
16611,37.77564811706543,11838,20.987520000000004,5.0,5.0
16620,37.79464793205261,11838,6.877190553600004,5.0,5.0
16625,37.8056480884552,11838,14.0,5.0,5.0
16630,37.814647912979126,11838,5.734400000000001,5.0,5.0
16634,37.82464861869812,11838,14.0,5.0,5.0
16635,37.826648473739624,11838,21.200000000000003,5.0,5.0
16639,37.838648557662964,11838,26.960000000000004,5.0,5.0
16640,37.84064793586731,11838,21.568000000000005,5.0,5.0
16650,37.86264777183533,11838,5.0,5.0,5.0
16660,37.892648220062256,11838,5.0,5.0,5.0
16665,37.904648780822754,11838,5.0,5.0,14.0
16666,37.90664887428284,11838,14.0,5.0,14.0
16670,37.915647983551025,11838,8.96,5.0,11.200000000000001
16672,37.91964793205261,11838,15.7344,5.0,11.200000000000001
16673,37.921648025512695,11838,22.58752,5.0,11.200000000000001
16677,37.92964792251587,11838,19.251848192000004,5.0,11.200000000000001
16678,37.93164849281311,11838,25.401478553600004,5.0,11.200000000000001
16680,37.93764781951904,11838,20.321182842880006,5.0,11.200000000000001
16682,37.941648721694946,11838,23.005557019443206,5.0,11.200000000000001
16688,37.9526481628418,11838,19.42307615516394,5.0,8.96
16690,37.95564913749695,11838,15.538460924131153,5.0,7.168000000000001
16695,37.96764826774597,11838,17.955691993155153,5.0,7.168000000000001
16696,37.96964907646179,11838,24.364553594524125,5.0,7.168000000000001
16700,37.97764873504639,11838,12.474651440396356,5.0,7.168000000000001
16710,37.992647886276245,11838,5.109617229986348,5.0,5.0
16712,37.99664926528931,11838,14.0,5.0,5.0
16720,38.01364755630493,11838,11.200000000000001,5.0,5.0
16721,38.01664876937866,11838,18.96,5.0,5.0
16730,38.029648303985596,11838,6.212812800000002,5.0,5.0
16735,38.04264831542969,11838,14.0,5.0,5.0
16738,38.052648067474365,11838,21.200000000000003,5.0,5.0
16740,38.05564832687378,11838,13.568000000000005,5.0,5.0
16745,38.06764793395996,11838,15.557452800000004,5.0,5.0
16747,38.07164764404297,11838,22.445962240000004,5.0,5.0
16750,38.076786518096924,11838,14.365415833600004,5.0,5.0
16751,38.0787832736969,11838,21.492332666880003,5.0,5.0
16756,38.09378504753113,11838,21.004074325442563,5.0,5.0
16758,38.09878349304199,11838,23.442607568283243,5.0,5.0
16760,38.10178303718567,11838,15.003268843701276,5.0,5.0
16764,38.109821796417236,11838,17.681673647975053,5.0,5.0
16770,38.12601971626282,11838,7.242413526210583,5.0,5.0
16780,38.153019428253174,11838,5.0,5.0,5.0
16786,38.17336583137512,11838,14.0,5.0,5.0
16788,38.17736554145813,11838,18.96,5.0,5.0
16790,38.18440556526184,11838,15.168000000000001,5.0,5.0
16792,38.18840265274048,11838,19.707520000000002,5.0,5.0
16794,38.19440507888794,11838,25.766016,5.0,5.0
16799,38.20541477203369,11838,26.49025024,5.0,5.0
16800,38.2073860168457,11838,21.192200192,5.0,5.0
16809,38.22336387634277,11838,15.555408127131649,5.0,5.0
16810,38.22536373138428,11838,12.44432650170532,5.0,5.0
16820,38.24636363983154,11838,5.0,5.0,5.0
16824,38.259066581726074,11838,14.0,5.0,5.0
16829,38.27106761932373,11838,17.168,5.0,5.0
16830,38.2730667591095,11838,23.7344,5.0,5.0
16840,38.297232151031494,11838,19.721610240000004,5.0,5.0
16841,38.29922938346863,11838,25.777288192000004,5.0,5.0
16850,38.31506133079529,11838,16.757361435803652,5.0,5.0
16860,38.34044051170349,11838,18.57976905513147,5.0,5.0
16861,38.34244346618652,11838,24.863815244105176,5.0,5.0
16866,38.3514404296875,11838,18.147374979188385,5.0,5.0
16870,38.360469579696655,11838,11.614319986680568,5.0,5.0
16880,38.378042221069336,11838,5.946531833180451,5.0,5.0
16890,38.40905570983887,11838,5.0,5.0,5.0
16900,38.43789577484131,11838,5.0,5.0,5.0
16910,38.46295499801636,11838,5.0,5.0,5.0
16913,38.47086048126221,11838,14.0,5.0,5.0
16919,38.485896825790405,11838,17.168,5.0,5.0
16920,38.48789930343628,11838,13.7344,5.0,5.0
16922,38.49090099334717,11838,20.987520000000004,5.0,5.0
16925,38.496899127960205,11838,23.432012800000003,5.0,5.0
16927,38.49986028671265,11838,24.996488192,5.0,5.0
16929,38.50390434265137,11838,25.997752442880003,5.0,5.0
16930,38.50586009025574,11838,20.798201954304005,5.0,5.0
16934,38.51488780975342,11838,23.310849250754565,5.0,5.0
16937,38.52186346054077,11838,28.64867940060365,5.0,5.0
16940,38.527859687805176,11838,14.668123853109073,5.0,5.0
16943,38.53391456604004,11838,17.510079412791846,5.0,5.0
16950,38.54788899421692,11838,8.965160659349428,5.0,5.0
16960,38.57646441459656,11838,5.0,5.0,5.0
16970,38.59941267967224,11838,5.0,5.0,5.0
16980,38.62740397453308,11838,5.0,5.0,5.0
16981,38.63039302825928,11838,14.0,5.0,5.0
16987,38.644479274749756,11838,17.168,5.0,5.0
16989,38.648393630981445,11838,20.987520000000004,5.0,5.0
16990,38.65043044090271,11838,26.790016000000005,5.0,5.0
16994,38.662431478500366,11838,27.145610240000007,5.0,5.0
16998,38.672393560409546,11838,27.373190553600008,5.0,5.0
16999,38.6744658946991,11838,31.898552442880007,5.0,5.0
17000,38.676398515701294,11838,35.51884195430401,5.0,5.0
17001,38.67939114570618,11838,38.41507356344321,5.0,5.0
17010,38.693403482437134,11838,12.587851305269075,5.0,5.0
17012,38.699440002441406,11838,20.07028104421526,5.0,5.0
17014,38.703431844711304,11838,26.05622483537221,5.0,5.0
17017,38.709431886672974,11838,23.340787115710576,5.0,5.0
17020,38.714431285858154,11838,14.938103754054769,5.0,5.0
17030,38.733447551727295,11838,5.0,5.0,5.0
17040,38.75839924812317,11838,5.0,5.0,5.0
17041,38.76048445701599,11838,14.0,5.0,5.0
17050,38.786388635635376,11838,14.587520000000001,5.0,5.0
17051,38.78838896751404,11838,21.670016000000004,5.0,5.0
17052,38.79038858413696,11838,27.336012800000002,5.0,5.0
17053,38.79241728782654,11838,31.868810240000002,5.0,5.0
17054,38.79551863670349,11838,35.495048192,5.0,5.0
17056,38.80145239830017,11838,38.3960385536,5.0,5.0
17058,38.80746531486511,11838,40.71683084288,5.0,5.0
17060,38.810463666915894,11838,32.573464674304,5.0,5.0
17067,38.82847547531128,11838,23.342091130594923,5.0,5.0
17069,38.83247518539429,11838,24.93893832358075,5.0,5.0
17070,38.83447623252869,11838,19.951150658864602,5.0,5.0
17079,38.85346531867981,11838,18.17199130987094,5.0,5.0
17080,38.8544659614563,11838,14.537593047896753,5.0,5.0
17090,38.87646174430847,11838,5.0,5.0,5.0
17099,38.8935010433197,11838,14.0,5.0,5.0
17100,38.895512342453,11838,11.200000000000001,5.0,5.0
17103,38.901646852493286,11838,15.7344,5.0,5.0
17110,38.916566371917725,11838,8.056012800000003,5.0,5.0
17118,38.9316029548645,11838,14.0,5.0,5.0
17120,38.934582471847534,11838,11.200000000000001,5.0,5.0
17128,38.95656609535217,11838,15.7344,5.0,5.0
17130,38.959566593170166,11838,10.070016000000003,5.0,5.0
17140,38.98059415817261,11838,5.0,5.0,5.0
17143,38.988577365875244,11838,14.0,5.0,5.0
17148,38.99681091308594,11838,15.7344,5.0,5.0
17150,39.00079560279846,11838,20.070016000000003,5.0,5.0
17157,39.01577115058899,11838,18.220678553600003,5.0,5.0
17160,39.02277088165283,11838,14.576542842880002,5.0,5.0
17170,39.049718618392944,11838,5.0,5.0,5.0
17174,39.058666467666626,11838,14.0,5.0,5.0
17177,39.06569719314575,11838,14.0,5.0,14.0
17178,39.06764626502991,11838,21.200000000000003,5.0,14.0
17180,39.0707151889801,11838,16.960000000000004,5.0,11.200000000000001
17190,39.09899854660034,11838,6.9468160000000045,5.0,8.96
17200,39.12506651878357,11838,14.445962240000004,5.0,5.0
17204,39.13203954696655,11838,19.245415833600006,5.0,5.0
17207,39.136046171188354,11838,15.396332666880006,5.0,14.0
17210,39.14304161071777,11838,12.317066133504007,5.0,11.200000000000001
17220,39.16802668571472,11838,16.306337860354052,5.0,5.734400000000001
17230,39.19602656364441,11838,6.679075987601021,5.0,5.0
17238,39.21802616119385,11838,14.0,5.0,5.0
17240,39.222026109695435,11838,8.96,5.0,5.0
17242,39.22602605819702,11838,15.7344,5.0,5.0
17250,39.246026039123535,11838,15.155848192000002,5.0,5.0
17260,39.27112126350403,11838,9.699742842880003,5.0,5.0
17270,39.30003237724304,11838,16.207835419443203,5.0,5.0
17279,39.31832671165466,11838,14.24878680819452,5.0,5.0
17280,39.32236957550049,11838,14.24878680819452,5.0,5.0
17281,39.32440185546875,11838,21.399029446555616,5.0,5.0
17290,39.34832692146301,11838,8.765042461309182,5.0,5.0
17300,39.370356798172,11838,5.0,5.0,5.0
17301,39.37331295013428,11838,14.0,5.0,5.0
17307,39.385353326797485,11838,11.200000000000001,5.0,14.0
17310,39.38931131362915,11838,11.200000000000001,5.0,7.168000000000001
17311,39.39131164550781,11838,18.96,5.0,7.168000000000001
17320,39.41931676864624,11838,9.707520000000002,5.0,5.734400000000001
17330,39.442336559295654,11838,5.0,5.0,5.0
17333,39.45031189918518,11838,14.0,5.0,5.0
17340,39.47234797477722,11838,8.96,5.0,5.0
17341,39.475311517715454,11838,17.168,5.0,5.0
17344,39.48031282424927,11838,18.790016,5.0,5.0
17349,39.489351749420166,11838,22.025610240000002,5.0,5.0
17350,39.49133777618408,11838,17.620488192000003,5.0,5.0
17351,39.49335169792175,11838,24.096390553600003,5.0,5.0
17360,39.50831055641174,11838,7.895905256603652,5.0,5.0
17368,39.523324728012085,11838,14.0,5.0,5.0
17370,39.5263147354126,11838,8.96,5.0,5.0
17377,39.538307666778564,11838,14.587520000000001,5.0,5.0
17380,39.54730677604675,11838,11.670016000000002,5.0,5.0
17390,39.576313734054565,11838,5.975048192000003,5.0,5.0
17393,39.584311723709106,11838,14.0,5.0,5.0
17400,39.60331630706787,11838,17.168,5.0,5.0
17401,39.606351375579834,11838,23.7344,5.0,5.0
17410,39.62533497810364,11838,6.221830553600002,5.0,5.0
17420,39.64934730529785,11838,5.0,5.0,5.0
17421,39.65137052536011,11838,14.0,5.0,5.0
17425,39.658313274383545,11838,17.168,5.0,5.0
17430,39.67234945297241,11838,8.790016000000001,5.0,5.0
17436,39.68536019325256,11838,14.0,5.0,5.0
17440,39.69735240936279,11838,11.200000000000001,5.0,5.0
17441,39.69931149482727,11838,18.96,5.0,5.0
17450,39.71931171417236,11838,5.0,5.0,5.0
17459,39.74530792236328,11838,14.0,5.0,5.0
17460,39.747308015823364,11838,14.0,5.0,5.0
17470,39.76830792427063,11838,5.734400000000001,5.0,5.0
17473,39.77930808067322,11838,14.587520000000001,5.0,5.0
17474,39.78130793571472,11838,21.670016000000004,5.0,5.0
17475,39.783307790756226,11838,27.336012800000002,5.0,5.0
17478,39.789307594299316,11838,23.996038553600002,5.0,5.0
17479,39.79130816459656,11838,29.19683084288,5.0,5.0
17480,39.79330825805664,11838,23.357464674304,5.0,5.0
17490,39.81940460205078,11838,9.56721753059492,5.0,5.0
17495,39.83431816101074,11838,16.123019219580748,5.0,5.0
17497,39.838406562805176,11838,20.31873230053168,5.0,5.0
17500,39.843353271484375,11838,23.003988672340277,5.0,5.0
17501,39.8463499546051,11838,28.40319093787222,5.0,5.0
17503,39.85032844543457,11838,28.178042200238224,5.0,5.0
17510,39.86448287963867,11838,9.233380868174063,5.0,5.0
17517,39.87946534156799,11838,14.727491004505122,5.0,5.0
17520,39.88449668884277,11838,9.425594242883278,5.0,5.0
17524,39.890488147735596,11838,17.540475394306622,5.0,5.0
17525,39.8925199508667,11838,24.032380315445298,5.0,5.0
17526,39.89455318450928,11838,29.22590425235624,5.0,5.0
17529,39.89950346946716,11838,24.963662977206397,5.0,5.0
17530,39.90149641036987,11838,29.97093038176512,5.0,5.0
17534,39.91145896911621,11838,25.345116355463745,5.0,5.0
17540,39.924500942230225,11838,20.381359659197955,5.0,5.0
17544,39.93456196784973,11838,23.044070181886696,5.0,5.0
17550,39.95049834251404,11838,14.748204916407486,5.0,5.0
17551,39.952460527420044,11838,21.79856393312599,5.0,5.0
17556,39.96550226211548,11838,21.16086473376051,5.0,5.0
17560,39.973519802093506,11838,8.667490194948305,5.0,5.0
17564,39.98349094390869,11838,14.437754979813533,5.0,5.0
17570,39.99446153640747,11838,5.9137044397316245,5.0,5.0
17573,40.0004985332489,11838,14.0,5.0,5.0
17580,40.0184600353241,11838,21.200000000000003,5.0,5.0
17589,40.03145956993103,11838,15.557452800000004,5.0,5.0
17590,40.033464431762695,11838,12.445962240000004,5.0,5.0
17594,40.04246425628662,11838,17.9654158336,5.0,5.0
17600,40.05559968948364,11838,7.358634325442562,5.0,5.0
17610,40.07262349128723,11838,5.0,5.0,5.0
17616,40.08461356163025,11838,14.0,5.0,5.0
17618,40.08832597732544,11838,18.96,5.0,5.0
17619,40.0903434753418,11838,25.168,5.0,5.0
17620,40.094343185424805,11838,25.168,5.0,5.0
17622,40.09734654426575,11838,30.1344,5.0,5.0
17625,40.10584306716919,11838,29.286016000000004,5.0,5.0
17626,40.107842206954956,11838,33.4288128,5.0,5.0
17627,40.10984253883362,11838,36.74305024,5.0,5.0
17628,40.1118426322937,11838,39.394440192000005,5.0,5.0
17630,40.11783289909363,11838,31.515552153600005,5.0,5.0
17639,40.14283299446106,11838,20.32701612969165,5.0,5.0
17640,40.14487671852112,11838,16.26161290375332,5.0,5.0
17650,40.16586756706238,11838,18.325945806721702,5.0,5.0
17652,40.16984248161316,11838,21.728605316301888,5.0,5.0
17660,40.18887400627136,11838,7.120029390045804,5.0,5.0
17670,40.20683288574219,11838,5.0,5.0,5.0
17680,40.234833002090454,11838,5.0,5.0,5.0
17690,40.26032042503357,11838,5.0,5.0,5.0
17694,40.271398067474365,11838,14.0,5.0,5.0
17697,40.27734422683716,11838,18.96,5.0,5.0
17698,40.279393434524536,11838,25.168,5.0,5.0
17700,40.282317876815796,11838,20.1344,5.0,5.0
17701,40.284356117248535,11838,26.10752,5.0,5.0
17706,40.29334616661072,11838,23.36705024,5.0,5.0
17710,40.30236577987671,11838,14.9549121536,5.0,5.0
17715,40.3133180141449,11838,17.6569150226432,5.0,5.0
17716,40.3153178691864,11838,24.125532018114562,5.0,5.0
17720,40.3243305683136,11838,15.440340491593322,5.0,5.0
17723,40.32933521270752,11838,19.881817914619727,5.0,5.0
17724,40.33132863044739,11838,25.905454331695783,5.0,5.0
17728,40.3383526802063,11838,23.263592617828245,5.0,5.0
17729,40.34031867980957,11838,28.610874094262595,5.0,5.0
17730,40.34235382080078,11838,22.888699275410076,5.0,5.0
17732,40.34839367866516,11838,28.31095942032806,5.0,5.0
17735,40.35636758804321,11838,28.11901402900996,5.0,5.0
17740,40.36731743812561,11838,14.396935182853102,5.0,5.0
17742,40.371392250061035,11838,19.214038517025987,5.0,5.0
17750,40.390318393707275,11838,9.837587720717307,5.0,5.0
17751,40.39231896400452,11838,17.870070176573847,5.0,5.0
17752,40.394355058670044,11838,24.29605614125908,5.0,5.0
17755,40.399364709854126,11838,29.436844913007263,5.0,5.0
17760,40.41231870651245,11838,18.83958074432465,5.0,5.0
17761,40.41440010070801,11838,25.071664595459723,5.0,5.0
17762,40.4163179397583,11838,30.05733167636778,5.0,5.0
17770,40.43138551712036,11838,12.311483054640247,5.0,5.0
17774,40.438316822052,11838,16.303479323975807,5.0,5.0
17776,40.44131374359131,11838,23.042783459180647,5.0,5.0
17780,40.44731640815735,11838,9.438324104880394,5.0,5.0
17785,40.46231555938721,11838,16.040527427123454,5.0,5.0
17790,40.478464126586914,11838,16.040527427123454,5.0,5.0
17794,40.485044956207275,11838,18.21275004268721,5.0,5.0
17796,40.48771333694458,11838,24.57020003414977,5.0,5.0
17800,40.49482846260071,11838,15.724928021855854,5.0,5.0
17810,40.51978373527527,11838,8.051163147190199,5.0,5.0
17820,40.54178833961487,11838,14.0,5.0,5.0
17826,40.55729961395264,11838,18.96,5.0,5.0
17830,40.563936948776245,11838,9.707520000000002,5.0,5.0
17837,40.58293700218201,11838,14.970250240000002,5.0,5.0
17840,40.587942123413086,11838,7.664768122880002,5.0,5.0
17849,40.603554010391235,11838,14.0,5.0,5.0
17850,40.604581117630005,11838,11.200000000000001,5.0,5.0
17852,40.60858106613159,11838,18.96,5.0,5.0
17853,40.610546350479126,11838,25.168,5.0,5.0
17860,40.629581689834595,11838,8.247050240000002,5.0,5.0
17866,40.64559030532837,11838,15.278112153600002,5.0,5.0
17867,40.64762616157532,11838,22.222489722880002,5.0,5.0
17870,40.65454339981079,11838,17.777991778304003,5.0,5.0
17880,40.674586057662964,11838,11.377914738114562,5.0,5.0
17882,40.67854380607605,11838,19.10233179049165,5.0,5.0
17883,40.68055701255798,11838,25.28186543239332,5.0,5.0
17885,40.68454384803772,11838,26.180393876731728,5.0,5.0
17890,40.69361066818237,11838,10.72348933190932,5.0,5.0
17900,40.71654534339905,11838,5.0,5.0,5.0
17904,40.72458243370056,11838,14.0,5.0,5.0
17910,40.73875331878662,11838,8.96,5.0,5.0
17912,40.742754220962524,11838,17.168,5.0,5.0
17920,40.76475763320923,11838,7.032012800000001,5.0,5.0
17922,40.76903319358826,11838,14.500488192000002,5.0,5.0
17924,40.77206087112427,11838,19.280312442880003,5.0,5.0
17928,40.782047510147095,11838,19.871519970754562,5.0,5.0
17930,40.785054445266724,11838,12.717772781282921,5.0,5.0
17933,40.79305982589722,11838,18.13937458002107,5.0,5.0
17935,40.797043800354004,11838,24.511499664016856,5.0,5.0
17939,40.80604290962219,11838,25.687359784970788,5.0,5.0
17940,40.808080434799194,11838,20.549887827976633,5.0,5.0
17947,40.82559418678284,11838,18.417234054339232,5.0,5.0
17950,40.83359622955322,11838,14.733787243471387,5.0,5.0
17960,40.857555866241455,11838,5.0,5.0,5.0
17965,40.87232327461243,11838,14.0,5.0,5.0
17967,40.8783233165741,11838,21.200000000000003,5.0,5.0
17970,40.883323192596436,11838,10.854400000000005,5.0,5.0
17980,40.906371116638184,11838,5.557452800000004,5.0,5.0
17990,40.932311058044434,11838,5.0,5.0,5.0
18000,40.95567464828491,11838,5.0,5.0,5.0
18010,40.982605934143066,11838,5.0,5.0,5.0
18017,40.99960708618164,11838,14.0,5.0,5.0
18018,41.001606464385986,11838,21.200000000000003,5.0,5.0
18020,41.006041526794434,11838,23.568000000000005,5.0,5.0
18028,41.023061752319336,11838,17.72276224,5.0,5.0
18030,41.03006100654602,11838,24.178209792000004,5.0,5.0
18040,41.050086975097656,11838,5.070538102171241,5.0,5.0
18050,41.07304644584656,11838,5.0,5.0,5.0
18053,41.07904624938965,11838,14.0,5.0,5.0
18060,41.09106183052063,11838,5.734400000000001,5.0,5.0
18067,41.10605216026306,11838,14.0,5.0,5.0
18070,41.11313843727112,11838,11.200000000000001,5.0,5.0
18080,41.133352518081665,11838,5.734400000000001,5.0,5.0
18085,41.14711356163025,11838,14.0,5.0,5.0
18089,41.15410876274109,11838,17.168,5.0,5.0
18090,41.156073331832886,11838,23.7344,5.0,5.0
18093,41.16612768173218,11838,28.98752,5.0,5.0
18094,41.16816592216492,11838,33.190016,5.0,5.0
18095,41.17009973526001,11838,36.5520128,5.0,5.0
18098,41.17808508872986,11838,33.393288192,5.0,5.0
18100,41.18211841583252,11838,21.371704442880002,5.0,5.0
18110,41.19814324378967,11838,5.0,5.0,5.0
18119,41.21914482116699,11838,14.0,5.0,5.0
18120,41.221092224121094,11838,11.200000000000001,5.0,5.0
18126,41.233168840408325,11838,15.7344,5.0,5.0
18130,41.245070934295654,11838,10.070016000000003,5.0,5.0
18140,41.273069620132446,11838,5.155848192000002,5.0,5.0
18150,41.29307317733765,11838,5.0,5.0,5.0
18151,41.295111417770386,11838,14.0,5.0,5.0
18154,41.30036759376526,11838,21.200000000000003,5.0,5.0
18160,41.31228828430176,11838,18.683520000000005,5.0,5.0
18165,41.32129120826721,11838,19.565962240000005,5.0,5.0
18166,41.32333159446716,11838,25.652769792000004,5.0,5.0
18167,41.325321674346924,11838,30.522215833600004,5.0,5.0
18168,41.32737970352173,11838,34.417772666880005,5.0,5.0
18170,41.33335208892822,11838,27.534218133504005,5.0,5.0
18180,41.35931730270386,11838,5.774344062711421,5.0,5.0
18190,41.383285999298096,11838,5.0,5.0,5.0
18191,41.38536071777344,11838,14.0,5.0,5.0
18200,41.403319120407104,11838,7.168000000000001,5.0,5.0
18208,41.42428159713745,11838,14.0,5.0,5.0
18210,41.42728233337402,11838,8.96,5.0,5.0
18213,41.432764768600464,11838,15.7344,5.0,5.0
18220,41.442771673202515,11838,6.4448102400000025,5.0,5.0
18229,41.464810848236084,11838,14.0,5.0,5.0
18230,41.465818881988525,11838,14.0,5.0,5.0
18240,41.49081826210022,11838,5.734400000000001,5.0,5.0
18242,41.496323347091675,11838,14.587520000000001,5.0,5.0
18250,41.51472520828247,11838,7.4688102400000025,5.0,5.0
18251,41.51672434806824,11838,15.975048192000003,5.0,5.0
18260,41.53191041946411,11838,5.0,5.0,5.0
18264,41.540563106536865,11838,14.0,5.0,5.0
18270,41.55402326583862,11838,7.168000000000001,5.0,5.0
18271,41.556023359298706,11838,15.7344,5.0,5.0
18275,41.56206560134888,11838,20.070016000000003,5.0,5.0
18280,41.57607340812683,11838,16.0560128,5.0,5.0
18281,41.57901167869568,11838,22.84481024,5.0,5.0
18283,41.583056926727295,11838,24.6206785536,5.0,5.0
18290,41.5930438041687,11838,10.084629935554563,5.0,5.0
18292,41.59700894355774,11838,10.084629935554563,5.0,14.0
18297,41.606011390686035,11838,15.163330527003936,5.0,8.96
18300,41.612048625946045,11838,12.13066442160315,5.0,7.168000000000001
18302,41.616061210632324,11838,19.70453153728252,5.0,5.734400000000001
18310,41.63706064224243,11838,12.610900183860814,5.0,5.0
18320,41.6590096950531,11838,6.456780894136738,5.0,5.0
18323,41.66648721694946,11838,14.132339772247512,5.0,5.0
18330,41.68629026412964,11838,5.788606370712582,5.0,5.0
18335,41.702589988708496,11838,14.0,5.0,5.0
18340,41.71158790588379,11838,15.7344,5.0,5.0
18350,41.736865282058716,11838,5.155848192000002,5.0,5.0
18360,41.76697111129761,11838,5.0,5.0,5.0
18370,41.79097270965576,11838,5.0,5.0,5.0
18380,41.81597280502319,11838,5.0,5.0,5.0
18384,41.82597064971924,11838,14.0,5.0,5.0
18390,41.83897304534912,11838,5.734400000000001,5.0,5.0
18400,41.86799883842468,11838,5.0,5.0,5.0
18410,41.89599943161011,11838,5.0,5.0,5.0
18416,41.90799880027771,11838,14.0,5.0,5.0
18420,41.91699767112732,11838,11.200000000000001,5.0,5.0
18423,41.9229998588562,11838,17.168,5.0,5.0
18425,41.92699909210205,11838,23.7344,5.0,5.0
18426,41.927998304367065,11838,28.98752,5.0,5.0
18428,41.93299889564514,11838,28.5520128,5.0,5.0
18430,41.9379985332489,11838,22.84161024,5.0,5.0
18440,41.96899747848511,11838,14.618630553600003,5.0,5.0
18450,41.99299883842468,11838,5.0,5.0,5.0
18456,42.00799798965454,11838,14.0,5.0,5.0
18460,42.020021200180054,11838,8.96,5.0,5.0
18469,42.04499793052673,11838,14.0,5.0,5.0
18470,42.04899740219116,11838,14.0,5.0,5.0
18471,42.051997661590576,11838,21.200000000000003,5.0,5.0
18477,42.06099820137024,11838,18.683520000000005,5.0,5.0
18480,42.068997859954834,11838,11.957452800000006,5.0,5.0
18490,42.09654450416565,11838,5.0,5.0,5.0
18492,42.10151529312134,11838,14.0,5.0,5.0
18497,42.11351442337036,11838,15.7344,5.0,5.0
18500,42.11863827705383,11838,10.070016000000003,5.0,5.0
18510,42.143635988235474,11838,5.0,5.0,5.0
18520,42.17068862915039,11838,5.0,5.0,5.0
18526,42.186697244644165,11838,14.0,5.0,5.0
18530,42.19768953323364,11838,8.96,5.0,5.0
18540,42.21968865394592,11838,5.734400000000001,5.0,5.0
18543,42.22468948364258,11838,14.0,5.0,5.0
18550,42.24168944358826,11838,7.168000000000001,5.0,5.0
18560,42.26269197463989,11838,5.0,5.0,5.0
18563,42.268688440322876,11838,14.0,5.0,5.0
18564,42.27077889442444,11838,21.200000000000003,5.0,5.0
18566,42.27473735809326,11838,23.568000000000005,5.0,5.0
18569,42.27968645095825,11838,25.083520000000007,5.0,5.0
18570,42.28168702125549,11838,20.066816000000006,5.0,5.0
18579,42.303688049316406,11838,18.219367833600003,5.0,5.0
18580,42.30770206451416,11838,18.219367833600003,5.0,5.0
18590,42.33471894264221,11838,7.462653064642563,5.0,5.0
18593,42.343730211257935,11838,15.970122451714051,5.0,5.0
18597,42.35368633270264,11838,20.220878369096994,5.0,5.0
18598,42.355700731277466,11838,26.176702695277594,5.0,5.0
18600,42.35968732833862,11838,20.941362156222077,5.0,5.0
18601,42.36170172691345,11838,26.753089724977663,5.0,5.0
18602,42.363699436187744,11838,31.402471779982132,5.0,5.0
18604,42.36770224571228,11838,30.09758193918857,5.0,5.0
18605,42.36970067024231,11838,34.07806555135086,5.0,5.0
18606,42.372687578201294,11838,37.26245244108069,5.0,5.0
18610,42.38468670845032,11838,39.809961952864555,5.0,5.0
18620,42.406686782836914,11838,13.044928332714662,5.0,5.0
18622,42.410688161849976,11838,18.348754132937387,5.0,5.0
18628,42.43268895149231,11838,19.394562116063945,5.0,5.0
18630,42.43668818473816,11838,22.412519754280925,5.0,5.0
18640,42.46368932723999,11838,17.344134473082775,5.0,5.0
18644,42.47068810462952,11838,21.100246062772975,5.0,5.0
18645,42.47268772125244,11838,26.88019685021838,5.0,5.0
18650,42.479686975479126,11838,17.203325984139763,5.0,5.0
18654,42.48868918418884,11838,21.010128629849447,5.0,5.0
18655,42.49168920516968,11838,26.808102903879558,5.0,5.0
18657,42.495728492736816,11838,27.15718585848292,5.0,5.0
18660,42.502726554870605,11838,21.725748686786336,5.0,5.0
18664,42.510730266571045,11838,18.898866662107686,5.0,5.0
18669,42.52068734169006,11838,16.192780627839447,5.0,5.0
18670,42.524686098098755,11838,16.192780627839447,5.0,5.0
18680,42.55368638038635,11838,6.632562945163038,5.0,5.0
18690,42.58068585395813,11838,5.0,5.0,5.0
18692,42.584686279296875,11838,14.0,5.0,5.0
18697,42.59768724441528,11838,7.168000000000001,5.0,14.0
18700,42.60468649864197,11838,5.734400000000001,5.0,11.200000000000001
18703,42.6126868724823,11838,14.587520000000001,5.0,9.96
18710,42.624685525894165,11838,5.975048192000003,5.0,5.099520000000002
18720,42.64768719673157,11838,5.0,5.0,5.0
18724,42.65668845176697,11838,14.0,5.0,5.0
18725,42.65868806838989,11838,21.200000000000003,5.0,5.0
18727,42.66361689567566,11838,26.960000000000004,5.0,5.0
18730,42.67091965675354,11838,17.254400000000004,5.0,5.0
18731,42.67256736755371,11838,23.803520000000006,5.0,5.0
18733,42.67858672142029,11838,29.042816000000006,5.0,5.0
18736,42.68386483192444,11838,24.869921792000007,5.0,5.0
18740,42.68986439704895,11838,10.186719966003205,5.0,5.0
18741,42.69186353683472,11838,18.149375972802567,5.0,5.0
18743,42.69586396217346,11838,21.615600622593647,5.0,5.0
18748,42.71086406707764,11838,21.067187518767952,5.0,5.0
18750,42.71688961982727,11838,21.067187518767952,5.0,5.0
18752,42.72087478637695,11838,23.48300001201149,5.0,5.0
18758,42.731385469436646,11838,22.023296006149884,5.0,5.0
18760,42.73703145980835,11838,17.61863680491991,5.0,5.0
18770,42.76103162765503,11838,9.020742044118995,5.0,5.0
18772,42.76703643798828,11838,17.216593635295197,5.0,5.0
18776,42.777036905288696,11838,18.814895941271143,5.0,5.0
18777,42.77903699874878,11838,25.051916753016915,5.0,5.0
18780,42.78509449958801,11838,20.041533402413535,5.0,5.0
18786,42.803099155426025,11838,22.826581377544663,5.0,5.0
18790,42.81109976768494,11838,11.68720966530287,5.0,5.0
18794,42.823099851608276,11838,19.3497677322423,5.0,5.0
18796,42.82810044288635,11838,22.383851348635073,5.0,5.0
18798,42.835100412368774,11838,27.90708107890806,5.0,5.0
18800,42.83710050582886,11838,22.32566486312645,5.0,5.0
18802,42.84110140800476,11838,24.288425512400927,5.0,5.0
18808,42.85613942146301,11838,22.435673862349276,5.0,5.0
18809,42.859126567840576,11838,27.94853908987942,5.0,5.0
18810,42.86010026931763,11838,22.35883127190354,5.0,5.0
18815,42.867101192474365,11838,24.30965201401827,5.0,5.0
18816,42.871100664138794,11838,29.447721611214618,5.0,5.0
18820,42.87710952758789,11838,15.077233464941887,5.0,5.0
18823,42.884106159210205,11838,17.719543534050246,5.0,5.0
18830,42.89811372756958,11838,11.340507861792158,5.0,5.0
18840,42.91909980773926,11838,5.806340025237586,5.0,5.0
18850,42.946351051330566,11838,5.0,5.0,5.0
18858,42.96635103225708,11838,14.0,5.0,5.0
18860,42.97335195541382,11838,11.200000000000001,5.0,5.0
18862,42.97736382484436,11838,17.168,5.0,5.0
18866,42.987788915634155,11838,20.987520000000004,5.0,5.0
18867,42.98980116844177,11838,26.790016000000005,5.0,5.0
18869,42.993935108184814,11838,27.145610240000007,5.0,5.0
18870,42.99494242668152,11838,21.716488192000007,5.0,5.0
18873,43.00397229194641,11838,23.898552442880007,5.0,5.0
18875,43.00995373725891,11838,29.118841954304006,5.0,5.0
18880,43.021005153656006,11838,14.908847080603653,5.0,5.0
18882,43.02699518203735,11838,21.927077664482923,5.0,5.0
18887,43.03899598121643,11838,24.03332970526907,5.0,5.0
18890,43.04599595069885,11838,15.38133101137221,5.0,5.0
18900,43.0660240650177,11838,5.040154545806448,5.0,5.0
18905,43.079023122787476,11838,14.03212363664516,5.0,5.0
18910,43.09004855155945,11838,7.184447301962324,5.0,5.0
18911,43.0920627117157,11838,15.74755784156986,5.0,5.0
18920,43.11598563194275,11838,6.450199691907016,5.0,5.0
18930,43.136988162994385,11838,5.0,5.0,5.0
18934,43.14598727226257,11838,14.0,5.0,5.0
18940,43.159996032714844,11838,5.734400000000001,5.0,5.0
18950,43.184988021850586,11838,5.0,5.0,5.0
18960,43.21249341964722,11838,5.0,5.0,5.0
18970,43.23661279678345,11838,5.0,5.0,5.0
18971,43.238659620285034,11838,14.0,5.0,5.0
18972,43.24061989784241,11838,21.200000000000003,5.0,5.0
18980,43.259921073913574,11838,6.9468160000000045,5.0,5.0
18981,43.262991189956665,11838,15.557452800000004,5.0,5.0
18987,43.27601957321167,11838,19.956769792000003,5.0,5.0
18990,43.2819664478302,11838,20.217866133504003,5.0,5.0
18991,43.28393745422363,11838,26.174292906803203,5.0,5.0
18997,43.296966314315796,11838,20.720990374626595,5.0,5.0
19000,43.30492949485779,11838,16.576792299701278,5.0,5.0
19010,43.33392906188965,11838,8.487317657447056,5.0,5.0
19020,43.35492968559265,11838,14.345506640612893,5.0,5.0
19022,43.359018325805664,11838,21.476405312490314,5.0,5.0
19026,43.36700367927551,11838,18.796735615996035,5.0,5.0
19030,43.37697172164917,11838,9.623928635389973,5.0,5.0
19036,43.3890962600708,11838,14.927451461319666,5.0,5.0
19039,43.395018339157104,11838,17.64285514819567,5.0,5.0
19040,43.39707946777344,11838,24.11428411855654,5.0,5.0
19041,43.39910554885864,11838,29.291427294845235,5.0,5.0
19042,43.401127576828,11838,33.433141835876185,5.0,5.0
19049,43.413286447525024,11838,18.764297533423928,5.0,5.0
19050,43.416327714920044,11838,25.011438026739143,5.0,5.0
19051,43.41828632354736,11838,30.009150421391315,5.0,5.0
19060,43.43736720085144,11838,7.866718728065208,5.0,5.0
19061,43.43938422203064,11838,16.293374982452168,5.0,5.0
19070,43.457497119903564,11838,6.67376639281241,5.0,5.0
19072,43.46149659156799,11838,15.339013114249928,5.0,5.0
19080,43.47752857208252,11838,5.0,5.0,5.0
19081,43.479522943496704,11838,14.0,5.0,5.0
19090,43.50349307060242,11838,8.96,5.0,5.0
19095,43.51478099822998,11838,14.0,5.0,5.0
19100,43.52485156059265,11838,14.587520000000001,5.0,5.0
19109,43.5427930355072,11838,14.780038553600003,5.0,5.0
19110,43.54381585121155,11838,11.824030842880003,5.0,5.0
19114,43.553842306137085,11838,17.5673797394432,5.0,5.0
19120,43.568795680999756,11838,11.243123033243648,5.0,5.0
19125,43.58278155326843,11838,15.75647899302075,5.0,5.0
19126,43.5847864151001,11838,22.6051831944166,5.0,5.0
19127,43.58686637878418,11839,22.6051831944166,5.0,14.0
19130,43.59278154373169,11839,21.5738537955413,5.0,14.0
19140,43.6108193397522,11839,7.069320411722974,5.0,5.734400000000001
19143,43.61881637573242,11839,15.65545632937838,5.0,5.0
19150,43.63678526878357,11839,6.412474912513385,5.0,5.0
19152,43.64078116416931,11839,14.103983944008569,5.0,5.0
19160,43.65878343582153,11839,7.221239779332388,5.0,5.0
19163,43.66677951812744,11839,14.621593458772729,5.0,5.0
19165,43.670777559280396,11839,19.357819813614547,5.0,5.0
19168,43.67579174041748,11839,22.389004680713313,5.0,5.0
19170,43.67879104614258,11839,14.328962995656523,5.0,5.0
19172,43.682791233062744,11839,19.170536317220176,5.0,5.0
19173,43.68479132652283,11839,25.336429053776143,5.0,5.0
19174,43.68697810173035,11839,30.269143243020917,5.0,5.0
19180,43.699989557266235,11839,15.497801340426713,5.0,5.0
19185,43.714000940322876,11839,19.918592857873097,5.0,5.0
19190,43.72998857498169,11839,12.747899429038783,5.0,5.0
19200,43.75703501701355,11839,5.221539606134288,5.0,5.0
19210,43.7833251953125,11839,5.0,5.0,5.0
19214,43.79033827781677,11839,14.0,5.0,5.0
19220,43.805569648742676,11839,8.96,5.0,5.0
19223,43.810580253601074,11839,17.168,5.0,5.0
19224,43.81258010864258,11839,23.7344,5.0,5.0
19230,43.82456660270691,11839,16.2218305536,5.0,5.0
19237,43.83984327316284,11839,16.644461794754562,5.0,5.0
19240,43.84684705734253,11839,10.652455548642921,5.0,5.0
19247,43.86287879943848,11839,14.0,5.0,5.0
19250,43.86788845062256,11839,8.96,5.0,5.0
19260,43.89258861541748,11839,7.168000000000001,5.0,5.0
19270,43.91375279426575,11839,5.0,5.0,5.0
19274,43.92370820045471,11839,14.0,5.0,5.0
19280,43.942708015441895,11839,8.96,5.0,5.0
19285,43.95771908760071,11839,17.168,5.0,5.0
19290,43.97174072265625,11839,8.790016000000001,5.0,5.0
19300,43.99203872680664,11839,5.0,5.0,5.0
19310,44.01624917984009,11839,5.0,5.0,5.0
19320,44.038305044174194,11839,5.0,5.0,5.0
19330,44.061296463012695,11839,5.0,5.0,5.0
19340,44.089383363723755,11839,5.0,5.0,5.0
19350,44.11133146286011,11839,5.0,5.0,5.0
19360,44.13233661651611,11839,5.0,5.0,5.0
19370,44.155336141586304,11839,5.0,5.0,5.0
19380,44.18029546737671,11839,5.0,5.0,5.0
19381,44.18232536315918,11839,14.0,5.0,5.0
19390,44.205304861068726,11839,5.734400000000001,5.0,5.0
19400,44.236599922180176,11839,5.0,5.0,5.0
19410,44.25657939910889,11839,5.0,5.0,5.0
19411,44.25957679748535,11839,14.0,5.0,5.0
19412,44.26257658004761,11839,21.200000000000003,5.0,5.0
19419,44.27957582473755,11839,18.683520000000005,5.0,5.0
19420,44.28258800506592,11839,24.946816000000005,5.0,5.0
19423,44.29157638549805,11839,25.965962240000003,5.0,5.0
19430,44.30458474159241,11839,8.508526506803204,5.0,5.0
19440,44.32757616043091,11839,5.0,5.0,5.0
19450,44.35357928276062,11839,5.0,5.0,5.0
19459,44.380576372146606,11839,14.0,5.0,5.0
19460,44.38257670402527,11839,11.200000000000001,5.0,5.0
19468,44.40471434593201,11839,15.7344,5.0,5.0
19470,44.41300582885742,11839,15.7344,5.0,5.0
19476,44.427515745162964,11839,18.056012800000005,5.0,5.0
19477,44.43051481246948,11839,24.444810240000002,5.0,5.0
19480,44.436644554138184,11839,15.644678553600002,5.0,5.0
19484,44.448238134384155,11839,18.010075419443204,5.0,5.0
19486,44.45329785346985,11839,21.52644826844365,5.0,5.0
19490,44.46126747131348,11839,13.776926891803939,5.0,5.0
19493,44.467557191848755,11839,18.817233210754523,5.0,5.0
19494,44.46955680847168,11839,25.05378656860362,5.0,5.0
19500,44.482555866241455,11839,16.567699826240027,5.0,5.0
19508,44.500556230545044,11839,15.428903879062332,5.0,5.0
19510,44.504587173461914,11839,9.874498482599893,5.0,5.0
19520,44.52757287025452,11839,5.0,5.0,5.0
19530,44.549556732177734,11839,5.0,5.0,5.0
19540,44.57366919517517,11839,5.0,5.0,5.0
19550,44.600714445114136,11839,5.0,5.0,5.0
19560,44.62071681022644,11839,5.0,5.0,5.0
19570,44.64594554901123,11839,5.0,5.0,5.0
19572,44.64995813369751,11839,14.0,5.0,5.0
19573,44.65296530723572,11839,21.200000000000003,5.0,5.0
19580,44.66798233985901,11839,13.568000000000005,5.0,5.0
19584,44.68098759651184,11839,18.683520000000005,5.0,5.0
19585,44.68294715881348,11839,24.946816000000005,5.0,5.0
19590,44.695032835006714,11839,25.965962240000003,5.0,5.0
19592,44.69898319244385,11839,26.618215833600004,5.0,5.0
19594,44.703951835632324,11839,27.035658133504004,5.0,5.0
19595,44.70594787597656,11839,31.628526506803205,5.0,5.0
19600,44.717947244644165,11839,12.955044457186597,5.0,5.0
19605,44.72995638847351,11839,15.306386209663632,5.0,5.0
19610,44.73895883560181,11839,7.836869739347782,5.0,5.0
19620,44.76895713806152,11839,5.015596633182581,5.0,5.0
19621,44.77101159095764,11839,14.012477306546065,5.0,5.0
19630,44.789955377578735,11839,17.174388380951587,5.0,5.0
19632,44.793956995010376,11839,20.991608563809017,5.0,5.0
19637,44.8069429397583,11839,26.793286851047213,5.0,5.0
19638,44.808942794799805,11839,31.43462948083777,5.0,5.0
19640,44.81494331359863,11839,25.147703584670218,5.0,5.0
19650,44.839401960372925,11839,10.300499388280922,5.0,5.0
19656,44.8537278175354,11839,16.592319608499793,5.0,5.0
19660,44.863107681274414,11839,10.619084549439869,5.0,5.0
19670,44.88760328292847,11839,5.436971289313214,5.0,5.0
19675,44.89806628227234,11839,14.349577031450572,5.0,5.0
19680,44.90690755844116,11839,9.183729300128368,5.0,5.0
19690,44.93497943878174,11839,5.0,5.0,5.0
19691,44.93698310852051,11839,14.0,5.0,5.0
19695,44.94598174095154,11839,18.96,5.0,5.0
19699,44.95530986785889,11839,19.707520000000002,5.0,5.0
19700,44.956238746643066,11839,15.766016000000002,5.0,5.0
19710,44.98129606246948,11839,5.166208122880002,5.0,5.0
19714,44.98833608627319,11839,14.0,5.0,5.0
19720,45.00491261482239,11839,7.168000000000001,5.0,5.0
19724,45.015846967697144,11839,15.7344,5.0,5.0
19730,45.02985095977783,11839,10.070016000000003,5.0,5.0
19740,45.052884340286255,11839,8.056012800000003,5.0,5.0
19744,45.05991244316101,11839,14.124678553600003,5.0,5.0
19745,45.061840295791626,11839,21.29974284288,5.0,5.0
19747,45.06785202026367,11839,27.039794274304,5.0,5.0
19750,45.07584047317505,11839,17.30546833555456,5.0,5.0
19760,45.10184192657471,11839,11.07549973475492,5.0,5.0
19761,45.103840827941895,11839,18.860399787803935,5.0,5.0
19766,45.11387658119202,11839,22.07065586419452,5.0,5.0
19770,45.120863914489746,11839,21.300175802467596,5.0,5.0
19773,45.12895584106445,11839,23.632112513579262,5.0,5.0
19777,45.13684010505676,11839,19.679713285562066,5.0,5.0
19778,45.139923334121704,11839,25.743770628449653,5.0,5.0
19779,45.14183974266052,11839,30.595016502759723,5.0,5.0
19780,45.142855644226074,11839,24.47601320220778,5.0,5.0
19783,45.149839639663696,11839,29.580810561766228,5.0,5.0
19790,45.16685366630554,11839,9.69304000487956,5.0,5.0
19794,45.17883849143982,11839,17.75443200390365,5.0,5.0
19797,45.18684196472168,11839,21.362836482498338,5.0,5.0
19800,45.19385600090027,11839,13.672215348798938,5.0,5.0
19808,45.21584701538086,11839,15.600139406868047,5.0,5.0
19810,45.21985101699829,11839,12.480111525494438,5.0,5.0
19818,45.23784017562866,11839,15.111853680842524,5.0,5.0
19819,45.23983645439148,11839,22.089482944674018,5.0,5.0
19820,45.24185109138489,11839,17.671586355739215,5.0,5.0
19822,45.244872093200684,11839,24.137269084591374,5.0,5.0
19828,45.25587606430054,11839,17.909300333638903,5.0,5.0
19829,45.25784134864807,11839,24.327440266911125,5.0,5.0
19830,45.25884008407593,11839,19.461952213528903,5.0,5.0
19831,45.26186156272888,11839,25.56956177082312,5.0,5.0
19832,45.26387619972229,11839,30.4556494166585,5.0,5.0
19837,45.27384042739868,11839,25.593292501329152,5.0,5.0
19840,45.27983999252319,11839,13.103765760680526,5.0,5.0
19844,45.28988742828369,11839,16.70912806946843,5.0,5.0
19850,45.30584502220154,11839,8.555073571567837,5.0,5.0
19855,45.31683945655823,11839,14.380197668642733,5.0,5.0
19860,45.327831983566284,11839,11.504158134914187,5.0,5.0
19870,45.34781789779663,11839,5.0,5.0,5.0
19874,45.35681700706482,11839,14.0,5.0,5.0
19880,45.37081789970398,11839,11.200000000000001,5.0,5.0
19887,45.38681721687317,11839,15.7344,5.0,5.0
19890,45.39281702041626,11839,12.587520000000001,5.0,5.0
19891,45.394816875457764,11839,20.070016000000003,5.0,5.0
19900,45.41481685638428,11839,6.576542842880001,5.0,5.0
19910,45.43981695175171,11839,14.0,5.0,5.0
19920,45.46581721305847,11839,5.734400000000001,5.0,5.0
19922,45.47081732749939,11839,14.0,5.0,5.0
19930,45.48881697654724,11839,5.734400000000001,5.0,5.0
19932,45.49581742286682,11839,14.587520000000001,5.0,5.0
19940,45.51081705093384,11839,5.975048192000003,5.0,5.0
19941,45.51381754875183,11839,14.780038553600003,5.0,5.0
19942,45.5158166885376,11839,21.824030842880003,5.0,5.0
19944,45.521817207336426,11839,27.459224674304004,5.0,5.0
19948,45.52881693840027,11839,21.247298426594924,5.0,5.0
19950,45.532816648483276,11839,16.997838741275938,5.0,5.0
19959,45.55683207511902,11839,16.962314748426625,5.0,5.0
19960,45.558818340301514,11839,16.962314748426625,5.0,5.0
19970,45.5802059173584,11839,6.947764120955547,5.0,5.0
19980,45.60119104385376,11839,5.0,5.0,5.0
19982,45.60475134849548,11839,14.0,5.0,5.0
19990,45.62153100967407,11839,5.0,5.0,5.0
19995,45.63278651237488,11839,14.0,5.0,5.0
20000,45.64078617095947,11839,14.0,5.0,5.0
20009,45.66570067405701,11839,15.7344,5.0,5.0
20010,45.66816830635071,11839,22.58752,5.0,5.0
20016,45.68035387992859,11839,19.251848192000004,5.0,5.0
20020,45.6890344619751,11839,12.321182842880004,5.0,5.0
20024,45.69522953033447,11839,17.885557019443205,5.0,5.0
20029,45.701666593551636,11839,21.446756492443654,5.0,5.0
20030,45.70587944984436,11839,21.446756492443654,5.0,5.0
20034,45.71211338043213,11839,20.980739324131154,5.0,5.0
20040,45.7258837223053,11839,10.742138533955153,5.0,5.0
20050,45.749807596206665,11839,5.0,5.0,5.0
20059,45.766807317733765,11839,14.0,5.0,5.0
20060,45.76980781555176,11839,21.200000000000003,5.0,5.0
20070,45.790807247161865,11839,15.557452800000004,5.0,5.0
20071,45.79280686378479,11839,22.445962240000004,5.0,5.0
20075,45.802807569503784,11839,21.492332666880003,5.0,5.0
20078,45.81080770492554,11839,23.755092906803203,5.0,5.0
20080,45.81680727005005,11839,29.004074325442563,5.0,5.0
20082,45.819807291030884,11839,33.20325946035405,5.0,5.0
20085,45.825807332992554,11839,27.000068843701275,5.0,5.0
20086,45.827807664871216,11839,31.60005507496102,5.0,5.0
20090,45.83980894088745,11839,20.224035247975053,5.0,5.0
20091,45.841811180114746,11839,26.17922819838004,5.0,5.0
20095,45.84882307052612,11839,23.403764837570584,5.0,5.0
20098,45.85682535171509,11839,28.723011870056467,5.0,5.0
20100,45.86482501029968,11839,22.978409496045174,5.0,5.0
20110,45.89582133293152,11839,7.529565223664085,5.0,5.0
20112,45.89880657196045,11839,14.818921743145015,5.0,5.0
20114,45.90280747413635,11839,21.855137394516014,5.0,5.0
20120,45.91480803489685,11839,11.1898303459922,5.0,5.0
20124,45.92780780792236,11839,17.16149142143501,5.0,5.0
20126,45.93180751800537,11839,20.98335450971841,5.0,5.0
20128,45.937809228897095,11839,26.78668360777473,5.0,5.0
20130,45.940808057785034,11839,17.14347750897583,5.0,5.0
20132,45.94480752944946,11839,23.714782007180666,5.0,5.0
20140,45.95980715751648,11839,12.141968387676503,5.0,5.0
20150,45.981807231903076,11839,5.0,5.0,5.0
20160,46.004807233810425,11839,5.0,5.0,5.0
20170,46.023807525634766,11839,5.0,5.0,5.0
20176,46.04180717468262,11839,14.0,5.0,5.0
20180,46.04880738258362,11839,5.734400000000001,5.0,5.0
20188,46.06780743598938,11839,14.0,5.0,5.0
20190,46.07380771636963,11839,11.200000000000001,5.0,5.0
20199,46.097808599472046,11839,17.168,5.0,5.0
20200,46.09880781173706,11839,13.7344,5.0,5.0
20210,46.11580753326416,11839,5.0,5.0,5.0
20213,46.12080764770508,11839,14.0,5.0,5.0
20220,46.140809297561646,11839,8.96,5.0,5.0
20221,46.14280939102173,11839,17.168,5.0,5.0
20224,46.1508092880249,11839,20.987520000000004,5.0,5.0
20230,46.16380739212036,11839,8.596488192000004,5.0,5.0
20239,46.183807611465454,11839,15.501752442880004,5.0,5.0
20240,46.184808015823364,11839,12.401401954304005,5.0,5.0
20243,46.18980836868286,11839,19.921121563443204,5.0,5.0
20247,46.20080780982971,11839,22.749517800603652,5.0,5.0
20250,46.20780897140503,11839,14.55969139238634,5.0,5.0
20255,46.220808267593384,11839,19.31820249112726,5.0,5.0
20256,46.22280836105347,11839,25.45456199290181,5.0,5.0
20257,46.22480750083923,11839,30.363649594321448,5.0,5.0
20260,46.23082137107849,11839,15.546188592292584,5.0,5.0
20265,46.23980760574341,11839,16.367718847403044,5.0,5.0
20267,46.24380826950073,11839,20.47534006233795,5.0,5.0
20270,46.24880862236023,11839,20.48337411191703,5.0,5.0
20272,46.25295662879944,11839,23.1093594316269,5.0,5.0
20276,46.25982069969177,11839,24.789990036241214,5.0,5.0
20280,46.267807483673096,11839,20.153979918844403,5.0,5.0
20282,46.2718071937561,11839,26.123183935075524,5.0,5.0
20290,46.28980779647827,11839,6.84803592947644,5.0,5.0
20300,46.31182265281677,11839,5.0,5.0,5.0
20310,46.34580731391907,11839,5.0,5.0,5.0
20313,46.35407280921936,11839,14.0,5.0,5.0
20320,46.372071266174316,11839,5.734400000000001,5.0,5.0
20322,46.37519192695618,11839,14.587520000000001,5.0,5.0
20325,46.38220429420471,11839,21.670016000000004,5.0,5.0
20326,46.38419508934021,11839,27.336012800000002,5.0,5.0
20330,46.3946373462677,11839,17.495048192000002,5.0,5.0
20340,46.4166419506073,11839,5.0,5.0,5.0
20341,46.41864275932312,11839,14.0,5.0,5.0
20350,46.43543791770935,11839,5.0,5.0,5.0
20353,46.443519830703735,11839,14.0,5.0,5.0
20360,46.459519386291504,11839,5.0,5.0,5.0
20366,46.47257351875305,11839,14.0,5.0,5.0
20370,46.481993436813354,11839,11.200000000000001,5.0,5.0
20380,46.512980937957764,11839,5.734400000000001,5.0,5.0
20381,46.515995264053345,11839,14.587520000000001,5.0,5.0
20382,46.51798176765442,11839,21.670016000000004,5.0,5.0
20385,46.52731156349182,11839,27.336012800000002,5.0,5.0
20390,46.54029321670532,11839,23.996038553600002,5.0,5.0
20391,46.5422945022583,11839,29.19683084288,5.0,5.0
20399,46.56030559539795,11839,16.123019219580748,5.0,5.0
20400,46.564335107803345,11839,16.123019219580748,5.0,5.0
20408,46.581294298172,11839,15.28319093787222,5.0,5.0
20410,46.58530902862549,11839,12.226552750297778,5.0,5.0
20412,46.589383602142334,11839,17.82499376019058,5.0,5.0
20420,46.607375383377075,11839,7.301117444174064,5.0,5.0
20423,46.613301515579224,11839,15.84089395533925,5.0,5.0
20425,46.61837434768677,11839,20.13817213141712,5.0,5.0
20427,46.62129497528076,11839,26.110537705133698,5.0,5.0
20428,46.62329292297363,11839,30.88843016410696,5.0,5.0
20430,46.62729501724243,11839,29.768595305028455,5.0,5.0
20437,46.64132499694824,11839,19.75457330955173,5.0,5.0
20440,46.652291774749756,11839,15.803658647641385,5.0,5.0
20450,46.67129397392273,11839,5.17854286565913,5.0,5.0
20460,46.69728970527649,11839,5.0,5.0,5.0
20462,46.70148944854736,11839,14.0,5.0,5.0
20463,46.70350480079651,11839,21.200000000000003,5.0,5.0
20470,46.72048592567444,11839,6.9468160000000045,5.0,5.0
20472,46.72448754310608,11839,15.557452800000004,5.0,5.0
20473,46.72744965553284,11839,22.445962240000004,5.0,5.0
20479,46.74647355079651,11839,21.492332666880003,5.0,5.0
20480,46.74852108955383,11839,17.193866133504002,5.0,5.0
20483,46.753479957580566,11839,21.004074325442563,5.0,5.0
20490,46.776450634002686,11839,10.754086054626596,5.0,5.0
20492,46.78353238105774,11839,18.60326884370128,5.0,5.0
20500,46.80345010757446,11839,6.095919134704037,5.0,5.0
20502,46.80754017829895,11839,14.0,5.0,5.0
20503,46.8094756603241,11839,21.200000000000003,5.0,5.0
20510,46.82444930076599,11839,6.9468160000000045,5.0,5.0
20516,46.845454931259155,11839,15.557452800000004,5.0,5.0
20520,46.85753536224365,11839,9.956769792000003,5.0,5.0
20530,46.88783025741577,11839,6.372332666880002,5.0,5.0
20535,46.89925408363342,11839,14.078292906803203,5.0,5.0
20540,46.91149544715881,11839,11.262634325442562,5.0,5.0
20550,46.95050120353699,11839,5.0,5.0,5.0
20560,46.982539653778076,11839,5.0,5.0,5.0
20570,47.0075044631958,11839,5.0,5.0,5.0
20580,47.028502464294434,11839,5.0,5.0,5.0
20581,47.03053689002991,11839,14.0,5.0,5.0
20584,47.035505056381226,11839,17.168,5.0,5.0
20589,47.04050159454346,11839,23.7344,5.0,5.0
20590,47.042502880096436,11839,18.98752,5.0,5.0
20595,47.05479383468628,11839,19.721610240000004,5.0,5.0
20596,47.056599617004395,11839,25.777288192000004,5.0,5.0
20599,47.06188750267029,11839,26.497464442880005,5.0,5.0
20600,47.06354331970215,11839,21.197971554304004,5.0,5.0
20610,47.08558249473572,11839,8.682689148642922,5.0,5.0
20613,47.09658861160278,11839,16.94615131891434,5.0,5.0
20614,47.09861445426941,11839,23.556921055131472,5.0,5.0
20615,47.10063409805298,11839,28.84553684410518,5.0,5.0
20620,47.111610889434814,11839,14.768914864181852,5.0,5.0
20628,47.13130569458008,11839,16.049347528368887,5.0,5.0
20630,47.136987924575806,11839,16.049347528368887,5.0,5.0
20631,47.138986587524414,11839,22.83947802269511,5.0,5.0
20640,47.15697503089905,11839,14.789785701425112,5.0,5.0
20641,47.158982276916504,11839,21.831828561140092,5.0,5.0
20650,47.18149662017822,11839,8.942316978642983,5.0,5.0
20660,47.21155619621277,11839,5.0,5.0,5.0
20670,47.233540058135986,11839,5.0,5.0,5.0
20673,47.24454140663147,11839,14.0,5.0,5.0
20676,47.24956250190735,11839,18.96,5.0,5.0
20680,47.25750136375427,11839,12.134400000000001,5.0,5.0
20681,47.26053762435913,11839,19.707520000000002,5.0,5.0
20689,47.274497985839844,11839,20.090250240000003,5.0,5.0
20690,47.275498151779175,11839,20.090250240000003,5.0,5.0
20700,47.29649758338928,11839,5.266538558914563,5.0,5.0
20709,47.31850576400757,11839,14.213230847131651,5.0,5.0
20710,47.32349681854248,11839,14.213230847131651,5.0,5.0
20711,47.32550001144409,11839,21.370584677705324,5.0,5.0
20718,47.34349870681763,11839,18.753391483988104,5.0,5.0
20720,47.34849739074707,11839,18.753391483988104,5.0,5.0
20730,47.37049674987793,11839,6.145111321473223,5.0,5.0
20734,47.38249659538269,11839,14.0,5.0,5.0
20740,47.392823934555054,11839,5.0,5.0,5.0
20750,47.4168221950531,11839,5.0,5.0,5.0
20752,47.42382335662842,11839,14.0,5.0,5.0
20760,47.439823150634766,11839,15.7344,5.0,5.0
20761,47.442824363708496,11839,22.58752,5.0,5.0
20763,47.44682431221008,11839,28.070016000000003,5.0,5.0
20765,47.45082426071167,11839,27.964810240000002,5.0,5.0
20767,47.4568235874176,11839,32.371848192,5.0,5.0
20770,47.46582317352295,11839,20.717982842880005,5.0,5.0
20780,47.49222207069397,11839,8.486085772443651,5.0,5.0
20790,47.52233695983887,11839,5.0,5.0,5.0
20800,47.55733633041382,11839,5.0,5.0,5.0
20805,47.567883253097534,11839,14.0,5.0,5.0
20810,47.57686495780945,11839,7.168000000000001,5.0,5.0
20820,47.600866079330444,11839,5.0,5.0,5.0
20830,47.62586545944214,11839,5.0,5.0,5.0
20839,47.649853467941284,11839,14.0,5.0,5.0
20840,47.65385556221008,11839,14.0,5.0,5.0
20847,47.67101216316223,11839,18.96,5.0,5.0
20850,47.67600440979004,11839,12.134400000000001,5.0,5.0
20852,47.68000030517578,11839,19.707520000000002,5.0,5.0
20860,47.698575019836426,11839,10.090250240000003,5.0,5.0
20870,47.71859359741211,11839,5.0,5.0,5.0
20872,47.721603870391846,11839,14.0,5.0,5.0
20874,47.725627422332764,11839,18.96,5.0,5.0
20880,47.739586353302,11839,7.766016000000002,5.0,5.0
20882,47.74358797073364,11839,16.212812800000002,5.0,5.0
20883,47.745591163635254,11839,22.970250240000002,5.0,5.0
20887,47.753628969192505,11839,19.408614498304004,5.0,5.0
20890,47.76058864593506,11839,15.526891598643203,5.0,5.0
20891,47.762629985809326,11839,22.421513278914563,5.0,5.0
20899,47.78458833694458,11839,21.479814798804256,5.0,5.0
20900,47.786656618118286,11839,21.479814798804256,5.0,5.0
20910,47.80859017372131,11839,5.0,5.0,5.0
20920,47.83659219741821,11839,5.0,5.0,5.0
20929,47.858588218688965,11839,14.0,5.0,5.0
20930,47.85962915420532,11839,14.0,5.0,5.0
20931,47.86162972450256,11839,21.200000000000003,5.0,5.0
20932,47.8635950088501,11839,26.960000000000004,5.0,5.0
20936,47.87402820587158,11839,23.803520000000006,5.0,5.0
20940,47.88446044921875,11839,12.187402240000004,5.0,5.0
20941,47.88646054267883,11839,19.749921792000002,5.0,5.0
20950,47.91087198257446,11839,10.111959957504002,5.0,5.0
20953,47.91887140274048,11839,16.47165437280256,5.0,5.0
20958,47.92794132232666,11839,18.433487038874915,5.0,5.0
20960,47.93193173408508,11839,11.797431704879948,5.0,5.0
20961,47.9338698387146,11839,19.437945363903957,5.0,5.0
20964,47.94387149810791,11839,25.550356291123165,5.0,5.0
20966,47.946871757507324,11839,26.352228026318826,5.0,5.0
20968,47.94987487792969,11839,31.081782421055063,5.0,5.0
20969,47.95191812515259,11839,34.86542593684405,5.0,5.0
20970,47.953869581222534,11839,27.89234074947524,5.0,5.0
20976,47.965872049331665,11839,24.280878463731327,5.0,5.0
20978,47.96987009048462,11839,25.539762216788052,5.0,5.0
20980,47.975871562957764,11839,20.431809773430444,5.0,5.0
20984,47.985939741134644,11839,20.461086603996392,5.0,5.0
20990,47.99886965751648,11839,18.38086107299692,5.0,5.0
21000,48.02701926231384,11839,6.023040556399632,5.0,5.0
21002,48.03103756904602,11839,14.0,5.0,5.0
21007,48.04501914978027,11839,18.96,5.0,5.0
21008,48.047032833099365,11839,25.168,5.0,5.0
21010,48.05302047729492,11839,30.1344,5.0,5.0
21020,48.07093858718872,11839,17.899552153600002,5.0,5.0
21021,48.07305645942688,11839,24.31964172288,5.0,5.0
21023,48.07995963096619,11839,29.455713378304,5.0,5.0
21030,48.096956968307495,11839,15.081325249691652,5.0,5.0
21034,48.10429620742798,11839,17.721638527842128,5.0,5.0
21040,48.12126016616821,11839,14.177310822273704,5.0,5.0
21045,48.135334491729736,11839,19.07347892625517,5.0,5.0
21046,48.138344526290894,11839,25.258783141004137,5.0,5.0
21050,48.148340940475464,11839,16.165621210242648,5.0,5.0
21060,48.17601180076599,11839,8.276798059644237,5.0,5.0
21070,48.20527362823486,11839,5.297150758172313,5.0,5.0
21071,48.20735263824463,11839,14.23772060653785,5.0,5.0
21080,48.230353116989136,11839,9.112141188184225,5.0,5.0
21085,48.24128484725952,11839,14.665416288350324,5.0,5.0
21090,48.251272201538086,11839,19.385866424544208,5.0,5.0
21093,48.2572717666626,11839,19.925563609366634,5.0,5.0
21100,48.274659633636475,11839,12.752360709994647,5.0,5.0
21109,48.29564595222473,11839,14.178693557451048,5.0,5.0
21110,48.29965090751648,11839,14.178693557451048,5.0,5.0
21120,48.32377886772156,11839,5.80759288113195,5.0,5.0
21126,48.337777614593506,11839,5.0,5.0,14.0
21130,48.34817385673523,11839,5.0,5.0,8.96
21140,48.375511169433594,11839,5.0,5.0,5.0
21142,48.37954926490784,11839,14.0,5.0,5.0
21150,48.404762268066406,11839,7.168000000000001,5.0,5.0
21160,48.43178129196167,11839,5.0,5.0,5.0
21170,48.454824447631836,11839,5.0,5.0,5.0
21172,48.45880579948425,11839,14.0,5.0,5.0
21180,48.47484374046326,11839,5.734400000000001,5.0,5.0
21184,48.488808393478394,11839,14.587520000000001,5.0,5.0
21185,48.49181795120239,11839,21.670016000000004,5.0,5.0
21189,48.5008430480957,11839,23.868810240000002,5.0,5.0
21190,48.50188612937927,11839,19.095048192000004,5.0,5.0
21191,48.503819942474365,11839,25.276038553600003,5.0,5.0
21192,48.505828857421875,11839,30.220830842880005,5.0,5.0
21193,48.5078067779541,11839,34.17666467430401,5.0,5.0
21195,48.511803150177,11839,31.873065391554565,5.0,5.0
21197,48.515806674957275,11839,30.398761850594923,5.0,5.0
21200,48.52080297470093,11839,24.31900948047594,5.0,5.0
21208,48.540700912475586,11839,16.375082421249886,5.0,5.0
21209,48.54279065132141,11839,23.10006593699991,5.0,5.0
21210,48.54423189163208,11839,18.48005274959993,5.0,5.0
21211,48.547239780426025,11839,24.784042199679945,5.0,5.0
21216,48.559664726257324,11839,22.689429606236132,5.0,5.0
21220,48.56568169593811,11839,11.616987958392901,5.0,5.0
21230,48.59501528739929,11839,5.947897834697166,5.0,5.0
21240,48.61508917808533,11839,5.0,5.0,5.0
21248,48.62801718711853,11839,14.0,5.0,5.0
21250,48.633015394210815,11839,18.96,5.0,5.0
21251,48.63506269454956,11839,25.168,5.0,5.0
21252,48.63706684112549,11839,30.1344,5.0,5.0
21254,48.6440155506134,11839,34.10752,5.0,5.0
21257,48.650017499923706,11839,31.828812800000005,5.0,5.0
21260,48.65803503990173,11839,20.370440192000004,5.0,5.0
21261,48.66003370285034,11839,26.296352153600004,5.0,5.0
21270,48.6800172328949,11839,16.89343093895332,5.0,5.0
21271,48.682048082351685,11839,23.514744751162656,5.0,5.0
21280,48.70701456069946,11839,17.70531156006098,5.0,5.0
21285,48.719402551651,11839,19.065119518751224,5.0,5.0
21286,48.72140622138977,11839,25.252095615000982,5.0,5.0
21290,48.73155975341797,11839,12.929072954880505,5.0,5.0
21291,48.73345756530762,11839,20.343258363904404,5.0,5.0
21293,48.73739409446716,11839,23.01968535289882,5.0,5.0
21300,48.753392457962036,11839,7.543090496437886,5.0,5.0
21302,48.7583909034729,11839,14.827577917720248,5.0,5.0
21304,48.76543974876404,11839,21.8620623341762,5.0,5.0
21310,48.78542137145996,11839,13.99171989387277,5.0,5.0
21311,48.78744840621948,11839,21.193375915098216,5.0,5.0
21320,48.80939507484436,11839,8.680806774824232,5.0,5.0
21324,48.81641721725464,11839,15.55571633588751,5.0,5.0
21330,48.833394289016724,11839,12.444573068710008,5.0,5.0
21336,48.849432945251465,11839,14.077837703154897,5.0,5.0
21337,48.85139513015747,11839,21.26227016252392,5.0,5.0
21339,48.85741639137268,11839,27.009816130019136,5.0,5.0
21340,48.86139488220215,11839,27.009816130019136,5.0,5.0
21347,48.877392292022705,11839,23.8290258585698,5.0,5.0
21348,48.879393100738525,11839,29.06322068685584,5.0,5.0
21350,48.88340353965759,11839,18.60046123958774,5.0,5.0
21352,48.88739490509033,11839,21.904295193336154,5.0,5.0
21357,48.89640712738037,11839,18.97199931119049,5.0,5.0
21360,48.90040683746338,11839,15.177599448952392,5.0,5.0
21364,48.907432556152344,11839,16.216744734290902,5.0,5.0
21370,48.922462701797485,11839,8.302973303956943,5.0,5.0
21380,48.94571614265442,11839,14.0,5.0,5.0
21390,48.970622301101685,11839,15.7344,5.0,5.0
21396,48.98359966278076,11839,18.056012800000005,5.0,5.0
21400,48.994600772857666,11839,14.444810240000004,5.0,5.0
21409,49.01415276527405,11839,17.395742842880004,5.0,5.0
21410,49.01814889907837,11839,17.395742842880004,5.0,5.0
21420,49.04311656951904,11839,5.70023701475492,5.0,5.0
21422,49.04912567138672,11839,14.560189611803937,5.0,5.0
21428,49.067180156707764,11839,19.318521351554523,5.0,5.0
21430,49.07611894607544,11839,19.318521351554523,5.0,5.0
21437,49.091575622558594,11839,19.891082931995918,5.0,5.0
21440,49.09956169128418,11839,22.730293076477388,5.0,5.0
21441,49.101555585861206,11839,28.184234461181912,5.0,5.0
21442,49.10455584526062,11839,32.54738756894553,5.0,5.0
21450,49.119808197021484,11839,8.532102366873659,5.0,5.0
21455,49.138808488845825,11839,15.460545514799144,5.0,5.0
21459,49.14980721473694,11839,19.894749129471453,5.0,5.0
21460,49.151806116104126,11839,15.915799303577163,5.0,5.0
21470,49.1798620223999,11839,8.14888924343151,5.0,5.0
21480,49.21380639076233,11839,5.215289115796168,5.0,5.0
21481,49.21580719947815,11839,14.172231292636933,5.0,5.0
21488,49.23081302642822,11839,14.643956749971272,5.0,5.0
21489,49.2332968711853,11839,21.715165399977018,5.0,5.0
21490,49.23531103134155,11839,27.372132319981613,5.0,5.0
21492,49.23863649368286,11839,31.897705855985294,5.0,5.0
21499,49.25582551956177,11839,20.452240254889265,5.0,5.0
21500,49.25976228713989,11839,20.452240254889265,5.0,5.0
21501,49.261672019958496,11839,26.361792203911413,5.0,5.0
21506,49.275837659835815,11839,23.497237608402646,5.0,5.0
21507,49.277838468551636,11839,28.797790086722117,5.0,5.0
21510,49.2868378162384,11839,18.430585655502156,5.0,5.0
21513,49.291836738586426,11839,19.436459855617105,5.0,5.0
21519,49.30484890937805,11839,19.95146744607596,5.0,5.0
21520,49.30784797668457,11839,19.95146744607596,5.0,5.0
21530,49.33692741394043,11839,5.230157482184139,5.0,5.0
21540,49.3599328994751,11839,14.0,5.0,5.0
21541,49.3619327545166,11839,21.200000000000003,5.0,5.0
21543,49.36618232727051,11839,23.568000000000005,5.0,5.0
21550,49.38018345832825,11839,12.066816000000005,5.0,5.0
21551,49.382182598114014,11839,19.653452800000004,5.0,5.0
21556,49.390182971954346,11839,16.440043413504,5.0,5.0
21560,49.39718270301819,11839,18.41730222771405,5.0,5.0
21561,49.39919710159302,11839,24.73384178217124,5.0,5.0
21562,49.401185035705566,11839,29.787073425736992,5.0,5.0
21570,49.41918396949768,11839,9.760628220145499,5.0,5.0
21580,49.44818305969238,11839,5.0,5.0,5.0
21590,49.472182512283325,11839,5.0,5.0,5.0
21600,49.495184659957886,11839,5.0,5.0,5.0
21601,49.49718356132507,11839,14.0,5.0,5.0
21610,49.51218342781067,11839,5.0,5.0,5.0
21613,49.51818346977234,11839,14.0,5.0,5.0
21620,49.5411856174469,11839,7.168000000000001,5.0,5.0
21622,49.55118489265442,11839,15.7344,5.0,5.0
21626,49.56218910217285,11839,22.58752,5.0,5.0
21630,49.57018423080444,11839,9.251848192000002,5.0,5.0
21640,49.59218978881836,11839,5.0,5.0,5.0
21650,49.619184494018555,11839,5.0,5.0,5.0
21657,49.63718914985657,11839,14.0,5.0,5.0
21660,49.64618444442749,11839,11.200000000000001,5.0,5.0
21663,49.65118432044983,11839,17.168,5.0,5.0
21670,49.67118263244629,11839,17.0320128,5.0,5.0
21673,49.68018317222595,11839,23.62561024,5.0,5.0
21680,49.69618368148804,11839,17.741639963443202,5.0,5.0
21682,49.70018291473389,11839,21.35464957660365,5.0,5.0
21690,49.71318292617798,11839,5.59799325860919,5.0,5.0
21699,49.73518228530884,11839,14.0,5.0,5.0
21700,49.739181995391846,11839,14.0,5.0,5.0
21708,49.75721740722656,11839,14.587520000000001,5.0,5.0
21710,49.764328956604004,11839,11.670016000000002,5.0,5.0
21714,49.77433800697327,11839,17.468810240000003,5.0,5.0
21718,49.78432583808899,11839,18.944030842880004,5.0,5.0
21720,49.788379430770874,11839,12.124179739443203,5.0,5.0
21721,49.79035401344299,11839,19.69934379155456,5.0,5.0
21724,49.800410985946655,11839,25.75947503324365,5.0,5.0
21730,49.810524225234985,11839,23.188851217020748,5.0,5.0
21731,49.81251788139343,11839,28.5510809736166,5.0,5.0
21740,49.8352575302124,11839,14.6181534584917,5.0,5.0
21746,49.85125994682312,11839,19.35561821343469,5.0,5.0
21749,49.857399463653564,11839,22.3875956565982,5.0,5.0
21750,49.85939979553223,11839,17.910076525278562,5.0,5.0
21751,49.862399101257324,11839,17.910076525278562,5.0,14.0
21757,49.876742124557495,11839,21.46244897617828,5.0,7.168000000000001
21760,49.88074445724487,11839,10.98877387580328,5.0,7.168000000000001
21761,49.88474249839783,11839,18.791019100642625,5.0,7.168000000000001
21768,49.900179386138916,11839,16.157441138898577,5.0,5.734400000000001
21769,49.902660608291626,11839,22.925952911118863,5.0,5.734400000000001
21770,49.905635356903076,11839,18.340762328895092,5.0,5.734400000000001
21774,49.91569256782532,11839,19.39047031239429,5.0,5.734400000000001
21779,49.92569971084595,11839,17.942336639956704,5.0,5.0
21780,49.92969846725464,11839,17.942336639956704,5.0,5.0
21782,49.93380308151245,11839,21.48309544957229,5.0,5.0
21790,49.94881057739258,11839,5.63166457353268,5.0,5.0
21794,49.959800004959106,11839,14.0,5.0,5.0
21800,49.977800130844116,11839,7.168000000000001,5.0,5.0
21810,50.001534938812256,11839,5.0,5.0,5.0
21817,50.0215220451355,11839,14.0,5.0,5.0
21818,50.02352213859558,11839,21.200000000000003,5.0,5.0
21820,50.02752208709717,11839,13.568000000000005,5.0,5.0
21830,50.05255746841431,11839,5.557452800000004,5.0,5.0
21833,50.05852651596069,11839,14.0,5.0,5.0
21835,50.06252312660217,11839,18.96,5.0,5.0
21840,50.07353854179382,11839,15.168000000000001,5.0,5.0
21842,50.077537059783936,11839,22.1344,5.0,5.0
21843,50.079521894454956,11839,27.70752,5.0,5.0
21850,50.0956084728241,11839,19.079200153600002,5.0,5.0
21851,50.098591327667236,11839,25.26336012288,5.0,5.0
21853,50.10257029533386,11839,26.168550478643205,5.0,5.0
21856,50.10961389541626,11839,23.398297845065322,5.0,5.0
21860,50.11753964424133,11839,14.974910620841806,5.0,5.0
21861,50.11959218978882,11839,21.979928496673445,5.0,5.0
21870,50.142524003982544,11839,9.002978712237445,5.0,5.0
21871,50.14452528953552,11839,17.202382969789955,5.0,5.0
21880,50.16452145576477,11839,7.046096064425966,5.0,5.0
21882,50.171525955200195,11839,15.636876851540773,5.0,5.0
21884,50.17752242088318,11839,22.50950148123262,5.0,5.0
21890,50.189523220062256,11839,21.524864758391104,5.0,5.0
21893,50.195595502853394,11839,21.020730756296246,5.0,5.0
21898,50.2125289440155,11839,23.453267684029598,5.0,5.0
21900,50.21552276611328,11839,15.010091317778944,5.0,5.0
21901,50.21752047538757,11839,22.008073054223154,5.0,5.0
21905,50.22352051734924,11839,21.268133403762256,5.0,5.0
21910,50.23252081871033,11839,13.611605378407845,5.0,5.0
21920,50.25379133224487,11839,5.0,5.0,5.0
21922,50.25679063796997,11839,14.0,5.0,5.0
21923,50.258790016174316,11839,21.200000000000003,5.0,5.0
21926,50.26381301879883,11839,20.854400000000005,5.0,5.0
21930,50.27493643760681,11839,13.346816000000004,5.0,5.0
21936,50.290945529937744,11839,18.541962240000004,5.0,5.0
21938,50.29692220687866,11839,24.833569792000006,5.0,5.0
21940,50.30092716217041,11839,19.866855833600006,5.0,5.0
21943,50.30695724487305,11839,20.171830186803206,5.0,5.0
21950,50.31992316246033,11839,10.327977055643244,5.0,5.0
21957,50.33899521827698,11839,15.287924252489342,5.0,5.0
21958,50.34096384048462,11839,22.230339401991472,5.0,5.0
21960,50.343923568725586,11839,14.227417217274544,5.0,5.0
21963,50.34892416000366,11839,17.284437615244567,5.0,5.0
21964,50.35092306137085,11839,23.827550092195654,5.0,5.0
21969,50.35992121696472,11839,17.807811614210674,5.0,5.0
21970,50.361921548843384,11839,17.807811614210674,5.0,5.0
21980,50.387020111083984,11839,5.0,5.0,5.0
21990,50.40802192687988,11839,5.0,5.0,5.0
22000,50.43200349807739,11839,5.0,5.0,5.0
22010,50.46400427818298,11839,5.0,5.0,5.0
22020,50.494004249572754,11839,5.0,5.0,5.0
22021,50.49600625038147,11839,14.0,5.0,5.0
22025,50.506003618240356,11839,18.96,5.0,5.0
22030,50.51900339126587,11839,9.707520000000002,5.0,5.0
22040,50.55100631713867,11839,6.212812800000002,5.0,5.0
22046,50.57302641868591,11839,14.970250240000002,5.0,5.0
22050,50.580026149749756,11839,16.131814498304003,5.0,5.0
22053,50.585026025772095,11839,20.324361278914566,5.0,5.0
22058,50.598018407821655,11839,18.32485837984341,5.0,5.0
22060,50.60101079940796,11839,21.727909363099783,5.0,5.0
22061,50.60301947593689,11839,27.382327490479828,5.0,5.0
22064,50.61001753807068,11839,27.52468959390709,5.0,5.0
22066,50.61400508880615,11839,27.615801340100543,5.0,5.0
22070,50.62203669548035,11839,17.67411285766435,5.0,5.0
22072,50.62600374221802,11839,24.139290286131484,5.0,5.0
22080,50.648003816604614,11839,19.887453301199457,5.0,5.0
22089,50.670583724975586,11839,16.51672069773704,5.0,5.0
22090,50.67258286476135,11839,13.213376558189632,5.0,5.0
22093,50.67758345603943,11839,20.570701246551707,5.0,5.0
22095,50.682602882385254,11839,26.456560997241365,5.0,5.0
22100,50.690582036972046,11839,13.545759230587581,5.0,5.0
22110,50.71305823326111,11839,5.548342980848673,5.0,5.0
22115,50.72754955291748,11839,14.43867438467894,5.0,5.0
22120,50.74153447151184,11839,11.550939507743152,5.0,5.0
22130,50.76884984970093,11839,5.0,5.0,5.0
22133,50.775879859924316,11839,14.0,5.0,5.0
22140,50.79586601257324,11839,5.734400000000001,5.0,5.0
22150,50.822046756744385,11839,5.0,5.0,5.0
22151,50.82404661178589,11839,14.0,5.0,5.0
22158,50.83550190925598,11839,15.7344,5.0,5.0
22160,50.83951473236084,11839,12.587520000000001,5.0,5.0
22170,50.85950207710266,11839,5.0,5.0,5.0
22180,50.89350175857544,11839,5.0,5.0,5.0
22189,50.91595983505249,11839,14.0,5.0,5.0
22190,50.91796064376831,11839,11.200000000000001,5.0,5.0
22191,50.91995024681091,11839,18.96,5.0,5.0
22196,50.93194913864136,11839,19.707520000000002,5.0,5.0
22199,50.939966440200806,11839,22.6128128,5.0,5.0
22200,50.94196128845215,11839,18.09025024,5.0,5.0
22203,50.95110058784485,11839,21.577760153600003,5.0,5.0
22210,50.96396088600159,11839,8.838250558914565,5.0,5.0
22217,50.98015832901001,11839,14.0,5.0,5.0
22220,50.985201358795166,11839,11.200000000000001,5.0,5.0
22221,50.987205028533936,11839,18.96,5.0,5.0
22230,51.0041823387146,11839,7.766016000000002,5.0,5.0
22231,51.00718402862549,11839,16.212812800000002,5.0,5.0
22234,51.01419234275818,11839,18.300960153600002,5.0,5.0
22240,51.02619004249573,11839,11.712614498304003,5.0,5.0
22244,51.0361864566803,11839,17.49607327891456,5.0,5.0
22247,51.04375672340393,11839,23.99685862313165,5.0,5.0
22250,51.048726081848145,11839,19.19748689850532,5.0,5.0
22258,51.065847396850586,11839,19.829113292034727,5.0,5.0
22260,51.06885027885437,11839,12.690632506902226,5.0,5.0
22270,51.09288239479065,11839,10.152506005521781,5.0,5.0
22276,51.108882904052734,11839,15.198083074827153,5.0,5.0
22278,51.11484742164612,11839,22.15846645986172,5.0,5.0
22280,51.11784815788269,11839,14.181418534311502,5.0,5.0
22290,51.14484906196594,11839,15.808709031653994,5.0,5.0
22300,51.17088317871094,11839,5.180197775492382,5.0,5.0
22307,51.19349122047424,11839,14.144158220393905,5.0,5.0
22310,51.199522256851196,11839,9.0522612610521,5.0,5.0
22316,51.21255302429199,11839,15.793447207073346,5.0,5.0
22320,51.222487926483154,11839,8.086244970021554,5.0,5.0
22322,51.22948503494263,11839,16.468995976017244,5.0,5.0
22329,51.24593925476074,11839,18.43212593972083,5.0,5.0
22330,51.24803423881531,11839,14.745700751776665,5.0,5.0
22336,51.26697754859924,11839,17.549798784909655,5.0,5.0
22340,51.27498960494995,11839,17.188397582298997,5.0,5.0
22341,51.2769615650177,11839,23.750718065839198,5.0,5.0
22348,51.28897404670715,11839,19.72829411976774,5.0,5.0
22350,51.29296016693115,11839,12.626108236651355,5.0,5.0
22353,51.300960063934326,11839,18.08070927145687,5.0,5.0
22355,51.304959774017334,11839,21.5716539337324,5.0,5.0
22360,51.31696152687073,11839,11.044686814070992,5.0,5.0
22370,51.34209752082825,11839,5.0,5.0,5.0
22380,51.363099813461304,11839,5.0,5.0,5.0
22383,51.371450424194336,11839,14.0,5.0,5.0
22390,51.38745641708374,11839,8.96,5.0,5.0
22400,51.42246103286743,11839,5.0,5.0,5.0
22410,51.4558801651001,11839,14.0,5.0,5.0
22420,51.4798800945282,11839,7.168000000000001,5.0,5.0
22430,51.51108932495117,11839,5.734400000000001,5.0,5.0
22439,51.538102865219116,11839,14.0,5.0,5.0
22440,51.54010224342346,11839,11.200000000000001,5.0,5.0
22442,51.54710149765015,11839,18.96,5.0,5.0
22449,51.56346011161804,11839,19.707520000000002,5.0,5.0
22450,51.5654616355896,11839,15.766016000000002,5.0,5.0
22451,51.56746006011963,11839,22.6128128,5.0,5.0
22457,51.581462383270264,11839,21.577760153600003,5.0,5.0
22460,51.59046173095703,11839,27.262208122880004,5.0,5.0
22461,51.59246015548706,11839,31.809766498304004,5.0,5.0
22463,51.59545969963074,11839,35.4478131986432,5.0,5.0
22466,51.600459814071655,11839,28.149280357705322,5.0,5.0
22469,51.608478307724,11839,28.015539428931408,5.0,5.0
22470,51.61045813560486,11839,22.41243154314513,5.0,5.0
22471,51.612460136413574,11839,27.929945234516104,5.0,5.0
22480,51.63548135757446,11839,9.15208445444624,5.0,5.0
22484,51.649463415145874,11839,17.321667563556993,5.0,5.0
22490,51.66462063789368,11839,11.085867240676476,5.0,5.0
22491,51.66660690307617,11839,18.86869379254118,5.0,5.0
22492,51.66862630844116,11839,25.094955034032942,5.0,5.0
22500,51.68481731414795,11839,6.578491892441534,5.0,5.0
22502,51.68782424926758,11839,15.262793513953227,5.0,5.0
22509,51.706303358078,11839,17.814550279144054,5.0,5.0
22510,51.71030068397522,11839,17.814550279144054,5.0,5.0
22513,51.718316078186035,11839,24.251640223315242,5.0,5.0
22518,51.72731351852417,11839,17.94677746837594,5.0,5.0
22520,51.731300830841064,11839,21.485937579760602,5.0,5.0
22530,51.75650358200073,11839,7.040512026135956,5.0,5.0
22539,51.77352023124695,11839,14.0,5.0,5.0
22540,51.775516510009766,11839,21.200000000000003,5.0,5.0
22548,51.79658579826355,11839,18.683520000000005,5.0,5.0
22550,51.79858469963074,11839,14.946816000000005,5.0,5.0
22560,51.81758403778076,11839,6.122215833600004,5.0,5.0
22563,51.823588132858276,11839,14.0,5.0,5.0
22570,51.84058475494385,11839,8.96,5.0,5.0
22576,51.86459732055664,11839,15.7344,5.0,5.0
22580,51.87161111831665,11839,10.070016000000003,5.0,5.0
22590,51.89659833908081,11839,5.0,5.0,5.0
22600,51.9180543422699,11839,5.0,5.0,5.0
22601,51.9200382232666,11839,14.0,5.0,5.0
22603,51.92504119873047,11839,21.200000000000003,5.0,5.0
22604,51.927061319351196,11839,26.960000000000004,5.0,5.0
22609,51.93903875350952,11839,21.042816000000002,5.0,5.0
22610,51.943053007125854,11839,21.042816000000002,5.0,5.0
22616,51.95504307746887,11839,16.89530994688,5.0,5.0
22620,51.96603989601135,11839,10.812998366003201,5.0,5.0
22630,51.996455907821655,11839,5.53625516339364,5.0,5.0
22640,52.01845622062683,11839,5.0,5.0,5.0
22642,52.02245616912842,11839,14.0,5.0,5.0
22648,52.03494906425476,11839,17.168,5.0,5.0
22650,52.036948442459106,11839,17.168,5.0,5.0
22655,52.04797887802124,11839,15.62561024,5.0,5.0
22658,52.058947801589966,11839,20.0003905536,5.0,5.0
22660,52.06325173377991,11839,16.00031244288,5.0,5.0
22670,52.08958625793457,11839,6.55372797660365,5.0,5.0
22677,52.10358691215515,11839,14.0,5.0,5.0
22680,52.10897445678711,11839,7.168000000000001,5.0,5.0
22681,52.11199235916138,11839,15.7344,5.0,5.0
22682,52.11399507522583,11839,22.58752,5.0,5.0
22686,52.12397289276123,11839,24.456012800000003,5.0,5.0
22690,52.13097381591797,11839,20.017182842880004,5.0,5.0
22692,52.137505769729614,11839,26.013746274304005,5.0,5.0
22697,52.15147805213928,11839,26.648797615554567,5.0,5.0
22700,52.15665888786316,11839,13.64418437916394,5.0,5.0
22710,52.17064094543457,11839,5.588657921705551,5.0,5.0
22720,52.1957893371582,11839,5.0,5.0,5.0
22730,52.220789194107056,11839,5.0,5.0,5.0
22740,52.24978971481323,11839,5.0,5.0,5.0
22750,52.274789571762085,11839,14.0,5.0,5.0
22753,52.28278970718384,11839,18.96,5.0,5.0
22760,52.300788164138794,11839,16.212812800000002,5.0,5.0
22770,52.32284355163574,11839,5.0,5.0,5.0
22780,52.350282192230225,11839,5.0,5.0,5.0
22790,52.37226223945618,11839,14.0,5.0,5.0
22791,52.37526249885559,11839,21.200000000000003,5.0,5.0
22793,52.379262924194336,11839,23.568000000000005,5.0,5.0
22794,52.38126277923584,11839,28.854400000000005,5.0,5.0
22797,52.38526177406311,11839,24.773452800000005,5.0,5.0
22798,52.38826251029968,11839,29.818762240000005,5.0,5.0
22799,52.390262842178345,11839,33.855009792000004,5.0,5.0
22800,52.39226222038269,11839,27.084007833600005,5.0,5.0
22804,52.401262521743774,11839,27.333765013504003,5.0,5.0
22810,52.41126227378845,11839,7.165382495699998,5.0,5.0
22820,52.43326187133789,11839,5.732305996559998,5.0,5.0
22830,52.45734357833862,11839,5.0,5.0,5.0
22840,52.48235750198364,11839,5.0,5.0,5.0
22849,52.50534391403198,11839,14.0,5.0,5.0
22850,52.508344411849976,11839,21.200000000000003,5.0,5.0
22860,52.53334379196167,11839,6.9468160000000045,5.0,5.0
22867,52.55037808418274,11839,14.0,5.0,5.0
22870,52.55842566490173,11839,8.96,5.0,5.0
22880,52.58238363265991,11839,5.0,5.0,5.0
22890,52.60638499259949,11839,5.0,5.0,5.0
22900,52.63372802734375,11839,5.0,5.0,5.0
22902,52.63772964477539,11839,14.0,5.0,5.0
22910,52.65546774864197,11839,5.0,5.0,5.0
22919,52.671952962875366,11839,14.0,5.0,5.0
22920,52.6739616394043,11839,11.200000000000001,5.0,5.0
22923,52.67995524406433,11839,18.96,5.0,5.0
22924,52.68195176124573,11839,25.168,5.0,5.0
22926,52.685967683792114,11839,26.10752,5.0,5.0
22930,52.69293928146362,11839,10.693640192000002,5.0,5.0
22931,52.695939779281616,11839,18.5549121536,5.0,5.0
22932,52.69793939590454,11839,24.84392972288,5.0,5.0
22940,52.71694779396057,11839,10.17607361449165,5.0,5.0
22950,52.74410343170166,11839,5.0,5.0,5.0
22953,52.750136613845825,11839,14.0,5.0,5.0
22955,52.754204511642456,11839,18.96,5.0,5.0
22960,52.766517877578735,11839,9.707520000000002,5.0,5.0
22966,52.777263164520264,11839,14.0,5.0,5.0
22969,52.78626251220703,11839,21.200000000000003,5.0,5.0
22970,52.788262367248535,11839,16.960000000000004,5.0,5.0
22971,52.79026508331299,11839,23.568000000000005,5.0,5.0
22980,52.807289123535156,11839,14.942567833600002,5.0,5.0
22985,52.82087469100952,11839,17.650594730803203,5.0,5.0
22987,52.823893785476685,11839,21.29638062771405,5.0,5.0
22990,52.829893350601196,11839,13.629683601736994,5.0,5.0
23000,52.86126112937927,11839,5.0,5.0,5.0
23009,52.88753581047058,11839,14.0,5.0,5.0
23010,52.89055633544922,11839,21.200000000000003,5.0,5.0
23020,52.91381788253784,11839,8.683520000000005,5.0,5.0
23023,52.92181921005249,11839,16.946816000000005,5.0,5.0
23030,52.93810534477234,11839,5.553132666880003,5.0,5.0
23038,52.953173875808716,11839,14.0,5.0,5.0
23040,52.95709252357483,11839,21.200000000000003,5.0,5.0
23041,52.95909309387207,11839,26.960000000000004,5.0,5.0
23042,52.96211552619934,11840,26.960000000000004,5.0,14.0
23050,52.97969460487366,11840,11.042816000000004,5.0,7.168000000000001
23060,52.999672651290894,11840,5.653921792000003,5.0,5.0
23061,53.00114893913269,11840,14.523137433600002,5.0,5.0
23070,53.02717399597168,11840,5.0,5.0,5.0
23080,53.0451762676239,11840,5.0,5.0,5.0
23089,53.06158494949341,11840,14.0,5.0,5.0
23090,53.0665864944458,11840,14.0,5.0,5.0
23099,53.086923599243164,11840,15.7344,5.0,5.0
23100,53.09095811843872,11840,15.7344,5.0,5.0
23110,53.10995936393738,11840,6.4448102400000025,5.0,5.0
23120,53.1389217376709,11840,5.0,5.0,5.0
23130,53.15800142288208,11840,5.0,5.0,5.0
23131,53.16092133522034,11840,14.0,5.0,5.0
23133,53.16492486000061,11840,18.96,5.0,5.0
23140,53.175920248031616,11840,7.766016000000002,5.0,5.0
23149,53.19898724555969,11840,14.0,5.0,5.0
23150,53.20296502113342,11840,14.0,5.0,5.0
23153,53.21092224121094,11840,18.96,5.0,5.0
23155,53.21392202377319,11840,22.1344,5.0,5.0
23160,53.2242112159729,11840,17.253000192000002,5.0,5.0
23164,53.23126935958862,11840,18.833536098304002,5.0,5.0
23170,53.246259450912476,11840,12.053463102914563,5.0,5.0
23176,53.259281396865845,11840,14.937098486953806,5.0,5.0
23180,53.26930093765259,11840,9.559743031650436,5.0,5.0
23190,53.2922465801239,11840,5.0,5.0,5.0
23200,53.31625175476074,11840,5.0,5.0,5.0
23205,53.32777404785156,11840,14.0,5.0,5.0
23209,53.33673024177551,11840,18.96,5.0,5.0
23210,53.338746547698975,11840,15.168000000000001,5.0,5.0
23220,53.36576724052429,11840,14.970250240000002,5.0,5.0
23222,53.3717679977417,11840,21.976200192,5.0,5.0
23229,53.38780426979065,11840,19.0014515986432,5.0,5.0
23230,53.38973569869995,11840,15.201161278914562,5.0,5.0
23240,53.42144060134888,11840,7.782994574804258,5.0,5.0
23250,53.44944095611572,11840,14.0,5.0,5.0
23252,53.45244479179382,11840,21.200000000000003,5.0,5.0
23256,53.46044397354126,11840,20.854400000000005,5.0,5.0
23260,53.46744346618652,11840,10.677452800000005,5.0,5.0
23270,53.4925799369812,11840,6.833569792000003,5.0,5.0
23280,53.51954126358032,11840,5.0,5.0,5.0
23290,53.55553674697876,11840,5.0,5.0,5.0
23295,53.56553649902344,11840,14.0,5.0,5.0
23297,53.57274508476257,11840,21.200000000000003,5.0,5.0
23300,53.58268213272095,11840,16.960000000000004,5.0,5.0
23310,53.60087466239929,11840,5.0,5.0,5.0
23315,53.61033773422241,11840,14.0,5.0,5.0
23316,53.61299467086792,11840,21.200000000000003,5.0,5.0
23320,53.61919069290161,11840,16.960000000000004,5.0,5.0
23330,53.64918637275696,11840,6.9468160000000045,5.0,5.0
23333,53.657265424728394,11840,14.445962240000004,5.0,5.0
23334,53.659231185913086,11840,21.556769792000004,5.0,5.0
23338,53.66674280166626,11840,23.796332666880005,5.0,5.0
23340,53.67279362678528,11840,29.037066133504005,5.0,5.0
23341,53.6747510433197,11840,33.22965290680321,5.0,5.0
23343,53.67979097366333,11840,31.266977860354057,5.0,5.0
23346,53.68454647064209,11840,26.00869266450128,5.0,5.0
23350,53.69558930397034,11840,20.806954131601024,5.0,5.0
23360,53.720457792282104,11840,5.454418183874421,5.0,5.0
23370,53.73900747299194,11840,5.0,5.0,5.0
23372,53.74196815490723,11840,14.0,5.0,5.0
23380,53.76026129722595,11840,7.168000000000001,5.0,5.0
23382,53.76325178146362,11840,15.7344,5.0,5.0
23390,53.78361439704895,11840,8.056012800000003,5.0,5.0
23400,53.811628580093384,11840,5.155848192000002,5.0,5.0
23410,53.84063506126404,11840,5.0,5.0,5.0
23420,53.86260485649109,11840,5.0,5.0,5.0
23430,53.889643907547,11840,5.0,5.0,5.0
23431,53.8926043510437,11840,14.0,5.0,5.0
23434,53.89768719673157,11840,21.200000000000003,5.0,5.0
23435,53.90061712265015,11840,26.960000000000004,5.0,5.0
23440,53.90881133079529,11840,18.8342528,5.0,5.0
23444,53.918832540512085,11840,22.053921792000004,5.0,5.0
23445,53.920865297317505,11840,27.643137433600003,5.0,5.0
23446,53.92286944389343,11840,32.114509946880005,5.0,5.0
23450,53.933844566345215,11840,20.553286366003206,5.0,5.0
23452,53.93780875205994,11840,23.154103274242054,5.0,5.0
23458,53.95185732841492,11840,21.854900876411932,5.0,5.0
23460,53.95484948158264,11840,17.483920701129545,5.0,5.0
23462,53.9588098526001,11840,21.18970924872291,5.0,5.0
23466,53.96584486961365,11840,23.561413919182662,5.0,5.0
23470,53.97381806373596,11840,19.650755141297218,5.0,5.0
23476,53.98784565925598,11840,22.576483290430218,5.0,5.0
23477,53.98984503746033,11840,28.061186632344175,5.0,5.0
23480,53.99484300613403,11840,17.959159444700273,5.0,5.0
23490,54.01284456253052,11840,5.8848573668393875,5.0,5.0
23500,54.03536915779114,11840,5.0,5.0,5.0
23510,54.064363956451416,11840,5.0,5.0,5.0
23520,54.08632493019104,11840,5.0,5.0,5.0
23530,54.11436057090759,11840,5.0,5.0,5.0
23540,54.13334822654724,11840,5.0,5.0,5.0
23546,54.14636445045471,11840,14.0,5.0,5.0
23548,54.15032482147217,11840,21.200000000000003,5.0,5.0
23550,54.154402017593384,11840,16.960000000000004,5.0,5.0
23560,54.17680549621582,11840,8.683520000000005,5.0,5.0
23570,54.20213270187378,11840,5.0,5.0,5.0
23580,54.23414874076843,11840,14.0,5.0,5.0
23590,54.265164375305176,11840,7.168000000000001,5.0,5.0
23591,54.267168283462524,11840,15.7344,5.0,5.0
23600,54.288137674331665,11840,6.4448102400000025,5.0,5.0
23603,54.296157360076904,11840,15.155848192000002,5.0,5.0
23605,54.30216336250305,11840,22.124678553600003,5.0,5.0
23610,54.31620526313782,11840,11.327835419443204,5.0,5.0
23613,54.324132204055786,11840,17.24981466844365,5.0,5.0
23615,54.331201791763306,11840,23.799851734754924,5.0,5.0
23619,54.34120774269104,11840,22.185524088194526,5.0,5.0
23620,54.34313249588013,11840,27.748419270555623,5.0,5.0
23628,54.356173276901245,11840,24.207190666524482,5.0,5.0
23629,54.35820913314819,11840,29.365752533219588,5.0,5.0
23630,54.36013221740723,11840,33.49260202657567,5.0,5.0
23634,54.371171712875366,11840,36.79408162126053,5.0,5.0
23636,54.37518644332886,11840,33.54821223760675,5.0,5.0
23640,54.384132385253906,11840,17.17668466565466,5.0,5.0
23650,54.40920829772949,11840,10.993078186018984,5.0,5.0
23658,54.425304651260376,11840,17.03557003905215,5.0,5.0
23660,54.430255651474,11840,17.03557003905215,5.0,5.0
23670,54.44995069503784,11840,5.0,5.0,5.0
23680,54.478530406951904,11840,5.0,5.0,5.0
23681,54.48053050041199,11840,14.0,5.0,5.0
23682,54.48256182670593,11840,21.200000000000003,5.0,5.0
23683,54.484564781188965,11840,26.960000000000004,5.0,5.0
23684,54.48653197288513,11840,31.568000000000005,5.0,5.0
23686,54.49157452583313,11840,30.203520000000005,5.0,5.0
23689,54.497568130493164,11840,25.464202240000006,5.0,5.0
23690,54.49955344200134,11840,20.371361792000005,5.0,5.0
23700,54.51753091812134,11840,6.675287832002564,5.0,5.0
23710,54.54060959815979,11840,5.0,5.0,5.0
23720,54.57789444923401,11840,5.0,5.0,5.0
23724,54.59018135070801,11840,14.0,5.0,5.0
23730,54.60171031951904,11840,5.734400000000001,5.0,5.0
23732,54.60869312286377,11840,14.587520000000001,5.0,5.0
23734,54.61516189575195,11840,21.670016000000004,5.0,5.0
23740,54.62712240219116,11840,7.100830842880002,5.0,5.0
23746,54.646178245544434,11840,14.0,5.0,5.0
23749,54.65212154388428,11840,17.168,5.0,5.0
23750,54.65312075614929,11840,17.168,5.0,5.0
23760,54.67755389213562,11840,7.032012800000001,5.0,5.0
23770,54.702757596969604,11840,14.0,5.0,5.0
23771,54.70483756065369,11840,21.200000000000003,5.0,5.0
23773,54.70875692367554,11840,23.568000000000005,5.0,5.0
23775,54.71275591850281,11840,25.083520000000007,5.0,5.0
23779,54.724756956100464,11840,22.842762240000006,5.0,5.0
23780,54.7257559299469,11840,18.274209792000004,5.0,5.0
23786,54.7397837638855,11840,17.4851163308032,5.0,5.0
23789,54.74576997756958,11840,21.190474451714053,5.0,5.0
23790,54.74675512313843,11840,16.95237956137124,5.0,5.0
23794,54.759769678115845,11840,20.849522919277597,5.0,5.0
23800,54.770756006240845,11840,10.67495573467013,5.0,5.0
23810,54.7977557182312,11840,5.0,5.0,5.0
23816,54.811755895614624,11840,14.0,5.0,5.0
23820,54.823755979537964,11840,7.168000000000001,5.0,5.0
23824,54.83477568626404,11840,14.0,5.0,5.0
23830,54.84675478935242,11840,8.96,5.0,5.0
23831,54.84875679016113,11840,17.168,5.0,5.0
23835,54.85875606536865,11840,20.987520000000004,5.0,5.0
23839,54.864755630493164,11840,23.432012800000003,5.0,5.0
23840,54.868754863739014,11840,23.432012800000003,5.0,5.0
23846,54.880754709243774,11840,16.142561563443202,5.0,5.0
23850,54.88877606391907,11840,8.264991520482921,5.0,5.0
23851,54.89076900482178,11840,16.611993216386338,5.0,5.0
23852,54.89277005195618,11840,23.28959457310907,5.0,5.0
23860,54.91475534439087,11840,9.539417937145478,5.0,5.0
23870,54.93875455856323,11840,5.0,5.0,5.0
23880,54.96375560760498,11840,5.0,5.0,5.0
23888,54.984755754470825,11840,14.0,5.0,5.0
23889,54.98675608634949,11840,21.200000000000003,5.0,5.0
23890,54.988755226135254,11840,26.960000000000004,5.0,5.0
23900,55.01175498962402,11840,7.067402240000003,5.0,5.0
23905,55.02175545692444,11840,14.523137433600002,5.0,5.0
23910,55.035770416259766,11840,9.294807957504004,5.0,5.0
23920,55.06075596809387,11840,5.0,5.0,5.0
23930,55.086756229400635,11840,5.0,5.0,5.0
23940,55.11575531959534,11840,5.0,5.0,5.0
23942,55.11975574493408,11840,14.0,5.0,5.0
23950,55.14075589179993,11840,15.7344,5.0,5.0
23960,55.165390968322754,11840,5.155848192000002,5.0,5.0
23970,55.19640517234802,11840,5.0,5.0,5.0
23973,55.20737409591675,11840,14.0,5.0,5.0
23979,55.22445845603943,11840,17.168,5.0,5.0
23980,55.225467681884766,11840,13.7344,5.0,5.0
23988,55.24937605857849,11840,17.0320128,5.0,5.0
23990,55.25237321853638,11840,20.900488192,5.0,5.0
24000,55.27639842033386,11840,16.848671970754562,5.0,5.0
24001,55.2783784866333,11840,23.47893757660365,5.0,5.0
24002,55.28141927719116,11840,28.78315006128292,5.0,5.0
24010,55.297375202178955,11840,9.43166261208119,5.0,5.0
24011,55.29937410354614,11840,17.54533008966495,5.0,5.0
24016,55.311379194259644,11840,17.186567204726764,5.0,5.0
24018,55.31537365913391,11840,20.99940301102513,5.0,5.0
24020,55.32038140296936,11840,23.439617927056084,5.0,5.0
24023,55.32837510108948,11840,22.001084378652717,5.0,5.0
24024,55.33037447929382,11840,27.600867502922174,5.0,5.0
24030,55.34137725830078,11840,14.131644161496155,5.0,5.0
24033,55.3503737449646,11840,21.305315329196922,5.0,5.0
24036,55.35937523841858,11840,23.635401810686034,5.0,5.0
24040,55.36937403678894,11840,15.126657158839064,5.0,5.0
24048,55.387373208999634,11840,16.195878772260482,5.0,5.0
24050,55.39137411117554,11840,10.365362414246711,5.0,5.0
24060,55.424421548843384,11840,6.633831945117895,5.0,5.0
24061,55.4264030456543,11840,15.307065556094315,5.0,5.0
24070,55.44737434387207,11840,5.015819241420987,5.0,5.0
24080,55.47637224197388,11840,5.015819241420987,5.0,5.0
24090,55.49837398529053,11840,5.0,5.0,5.0
24096,55.516427993774414,11840,14.0,5.0,5.0
24099,55.52344298362732,11840,18.96,5.0,5.0
24100,55.52444243431091,11840,15.168000000000001,5.0,5.0
24104,55.53843021392822,11840,19.707520000000002,5.0,5.0
24107,55.54642915725708,11840,20.090250240000003,5.0,5.0
24110,55.55442929267883,11840,16.072200192000004,5.0,5.0
24118,55.572429180145264,11840,15.266538558914563,5.0,5.0
24120,55.57742929458618,11840,15.266538558914563,5.0,5.0
24123,55.585429191589355,11840,19.770584677705322,5.0,5.0
24130,55.60142922401428,11840,10.122539354985127,5.0,5.0
24140,55.62649369239807,11840,5.0,5.0,5.0
24143,55.6388521194458,11840,14.0,5.0,5.0
24148,55.65392208099365,11840,18.96,5.0,5.0
24150,55.656922817230225,11840,12.134400000000001,5.0,5.0
24154,55.66693687438965,11840,17.766016,5.0,5.0
24157,55.67292261123657,11840,21.370250240000004,5.0,5.0
24158,55.674922943115234,11840,27.096200192000005,5.0,5.0
24159,55.67692279815674,11840,31.676960153600007,5.0,5.0
24160,55.6789231300354,11840,25.341568122880005,5.0,5.0
24167,55.699923515319824,11840,22.974882878914563,5.0,5.0
24170,55.7059223651886,11840,11.763140034004259,5.0,5.0
24171,55.707874059677124,11840,19.41051202720341,5.0,5.0
24176,55.72088551521301,11840,19.938182157928146,5.0,5.0
24177,55.72388458251953,11840,25.95054572634252,5.0,5.0
24180,55.73788571357727,11840,20.760436581074018,5.0,5.0
24182,55.74388527870178,11840,23.28667941188737,5.0,5.0
24187,55.75240731239319,11840,17.630579109687254,5.0,5.0
24190,55.7594039440155,11840,24.1044632877498,5.0,5.0
24200,55.77819085121155,11840,7.8985505301298575,5.0,5.0
24205,55.79349732398987,11840,15.05507233928311,5.0,5.0
24210,55.80851125717163,11840,9.635246297141192,5.0,5.0
24220,55.83364176750183,11840,5.0,5.0,5.0
24230,55.85494136810303,11840,5.0,5.0,5.0
24231,55.857940673828125,11840,14.0,5.0,5.0
24235,55.864930629730225,11840,18.96,5.0,5.0
24240,55.87809634208679,11840,9.707520000000002,5.0,5.0
24244,55.89133644104004,11840,16.212812800000002,5.0,5.0
24250,55.90333604812622,11840,8.300960153600002,5.0,5.0
24252,55.90833592414856,11840,15.312614498304,5.0,5.0
24260,55.930335521698,11840,6.27204689850532,5.0,5.0
24265,55.9413366317749,11840,14.014110015043407,5.0,5.0
24270,55.947336196899414,11840,7.175224327702226,5.0,5.0
24275,55.961336612701416,11840,14.0,5.0,5.0
24280,55.97433662414551,11840,11.200000000000001,5.0,5.0
24290,55.997533082962036,11840,5.734400000000001,5.0,5.0
24300,56.0279483795166,11840,5.0,5.0,5.0
24310,56.05600595474243,11840,5.0,5.0,5.0
24311,56.05796146392822,11840,14.0,5.0,5.0
24314,56.06496214866638,11840,17.168,5.0,5.0
24320,56.076961517333984,11840,7.032012800000001,5.0,5.0
24326,56.092872858047485,11840,14.0,5.0,5.0
24330,56.10578966140747,11840,8.96,5.0,5.0
24338,56.121232986450195,11840,14.587520000000001,5.0,5.0
24340,56.12523436546326,11840,21.670016000000004,5.0,5.0
24342,56.13023567199707,11840,23.868810240000002,5.0,5.0
24343,56.1322762966156,11840,29.095048192000004,5.0,5.0
24344,56.13423442840576,11840,33.2760385536,5.0,5.0
24346,56.14123344421387,11840,36.620830842880004,5.0,5.0
24349,56.14929819107056,11840,33.43733173944321,5.0,5.0
24350,56.15023469924927,11840,33.43733173944321,5.0,5.0
24351,56.1522912979126,11840,36.749865391554565,5.0,5.0
24356,56.16226243972778,11840,28.81593108047594,5.0,5.0
24359,56.16732621192932,11840,28.442195891504607,5.0,5.0
24360,56.16927433013916,11840,22.753756713203686,5.0,5.0
24370,56.190271615982056,11840,11.64992343716029,5.0,5.0
24373,56.198275327682495,11840,19.31993874972823,5.0,5.0
24380,56.2152361869812,11840,9.891808639860855,5.0,5.0
24387,56.23031663894653,11840,15.064606023608757,5.0,5.0
24388,56.23223543167114,11840,22.051684818887004,5.0,5.0
24390,56.23527240753174,11840,24.113078284087685,5.0,5.0
24391,56.23824143409729,11840,29.29046262727015,5.0,5.0
24400,56.25631332397461,11840,11.997373492129853,5.0,5.0
24410,56.28023552894592,11840,5.0,5.0,5.0
24420,56.304259300231934,11840,5.0,5.0,5.0
24426,56.31580138206482,11840,14.0,5.0,5.0
24428,56.31978130340576,11840,21.200000000000003,5.0,5.0
24430,56.323765993118286,11840,13.568000000000005,5.0,5.0
24432,56.3307580947876,11840,20.854400000000005,5.0,5.0
24436,56.33975791931152,11840,20.677452800000005,5.0,5.0
24440,56.35275864601135,11840,20.586855833600005,5.0,5.0
24447,56.36775779724121,11840,18.43237614944256,5.0,5.0
24450,56.372758626937866,11840,14.74590091955405,5.0,5.0
24451,56.37476658821106,11840,21.79672073564324,5.0,5.0
24452,56.37775897979736,11840,27.437376588514592,5.0,5.0
24460,56.39075708389282,11840,5.754034918735658,5.0,5.0
24470,56.42175817489624,11840,5.0,5.0,5.0
24480,56.443859815597534,11840,5.0,5.0,5.0
24489,56.469858169555664,11840,14.0,5.0,5.0
24490,56.473860025405884,11840,14.0,5.0,5.0
24491,56.47687220573425,11840,21.200000000000003,5.0,5.0
24500,56.4938747882843,11840,14.445962240000004,5.0,5.0
24503,56.49985337257385,11840,19.245415833600006,5.0,5.0
24510,56.516318559646606,11840,9.853652906803205,5.0,5.0
24520,56.540305852890015,11840,5.0,5.0,5.0
24524,56.54736351966858,11840,14.0,5.0,5.0
24528,56.55736207962036,11840,18.96,5.0,5.0
24530,56.56136417388916,11840,22.1344,5.0,5.0
24540,56.58387017250061,11840,5.802400153600001,5.0,5.0
24550,56.603861570358276,11840,5.0,5.0,5.0
24554,56.616878271102905,11840,14.0,5.0,5.0
24559,56.625874280929565,11840,17.168,5.0,5.0
24560,56.629873514175415,11840,17.168,5.0,5.0
24562,56.63287305831909,11840,20.987520000000004,5.0,5.0
24570,56.653860330581665,11840,10.745610240000005,5.0,5.0
24576,56.665860176086426,11840,14.401401954304003,5.0,5.0
24580,56.67486000061035,11840,9.216897250754561,5.0,5.0
24583,56.68286108970642,11840,17.37351780060365,5.0,5.0
24584,56.684861183166504,11840,23.89881424048292,5.0,5.0
24585,56.68685984611511,11840,29.119051392386336,5.0,5.0
24590,56.702860593795776,11840,18.63619289112726,5.0,5.0
24591,56.704859495162964,11840,24.908954312901805,5.0,5.0
24592,56.707876205444336,11840,29.927163450321444,5.0,5.0
24593,56.7108736038208,11840,33.94173076025716,5.0,5.0
24595,56.71587300300598,11840,31.722707686564583,5.0,5.0
24600,56.7288601398468,11840,12.993621068416857,5.0,5.0
24610,56.753859996795654,11840,5.0,5.0,5.0
24614,56.760859966278076,11840,14.0,5.0,5.0
24617,56.76586055755615,11840,17.168,5.0,5.0
24620,56.77086067199707,11840,10.987520000000002,5.0,5.0
24621,56.772860288619995,11840,18.790016,5.0,5.0
24623,56.77686047554016,11840,22.025610240000002,5.0,5.0
24626,56.78286099433899,11840,21.277112442880004,5.0,5.0
24630,56.791860818862915,11840,10.893881570754566,5.0,5.0
24631,56.793860912323,11840,18.715105256603653,5.0,5.0
24640,56.81085968017578,11840,7.665707113104858,5.0,5.0
24644,56.81786036491394,11840,14.0,5.0,5.0
24645,56.819889307022095,11840,21.200000000000003,5.0,5.0
24650,56.83086061477661,11840,10.854400000000005,5.0,5.0
24653,56.836859941482544,11840,16.946816000000005,5.0,5.0
24658,56.848860025405884,11840,18.676769792000005,5.0,5.0
24660,56.85286211967468,11840,14.941415833600004,5.0,5.0
24662,56.857861280441284,11840,19.562506133504,5.0,5.0
24664,56.86186146736145,11840,25.650004906803204,5.0,5.0
24670,56.876864433288574,11840,13.132802512283243,5.0,5.0
24671,56.879860639572144,11840,20.506242009826593,5.0,5.0
24674,56.88786053657532,11840,26.404993607861275,5.0,5.0
24679,56.89885973930359,11840,23.519356727224974,5.0,5.0
24680,56.90087389945984,11840,18.81548538177998,5.0,5.0
24681,56.90385913848877,11840,25.05238830542398,5.0,5.0
24682,56.90587496757507,11840,30.041910644339186,5.0,5.0
24686,56.91286063194275,11840,29.22682281237708,5.0,5.0
24690,56.91974425315857,11840,18.705166599921334,5.0,5.0
24691,56.92171931266785,11840,24.964133279937066,5.0,5.0
24697,56.934999227523804,11840,18.180247193169784,5.0,5.0
24700,56.94399976730347,11840,11.635358203628662,5.0,5.0
24704,56.95499920845032,11840,15.957303400257876,5.0,5.0
24710,56.97499990463257,11840,18.17013934093203,5.0,5.0
24713,56.98402667045593,11840,19.3031113425572,5.0,5.0
24717,56.99498963356018,11840,19.883193007389288,5.0,5.0
24720,57.0020432472229,11840,12.725243524729144,5.0,5.0
24723,57.00903820991516,11840,18.144155855826654,5.0,5.0
24724,57.01102948188782,11840,24.515324684661323,5.0,5.0
24730,57.022043228149414,11840,18.033181592669827,5.0,5.0
24740,57.0450074672699,11840,5.909112944286051,5.0,5.0
24750,57.07124137878418,11840,5.0,5.0,5.0
24756,57.086772441864014,11840,14.0,5.0,5.0
24757,57.08970022201538,11840,21.200000000000003,5.0,5.0
24760,57.09671998023987,11840,13.568000000000005,5.0,5.0
24770,57.121320724487305,11840,6.9468160000000045,5.0,5.0
24773,57.129154205322266,11840,15.557452800000004,5.0,5.0
24777,57.13615274429321,11840,17.9654158336,5.0,5.0
24780,57.14523768424988,11840,17.9654158336,5.0,5.0
24790,57.173388957977295,11840,7.358634325442562,5.0,5.0
24793,57.18286180496216,11840,15.886907460354049,5.0,5.0
24800,57.20283126831055,11840,10.167620774626592,5.0,5.0
24810,57.235435247421265,11840,5.205821836608815,5.0,5.0
24820,57.25650238990784,11840,5.0,5.0,5.0
24830,57.28443646430969,11840,14.0,5.0,5.0
24840,57.31089782714844,11840,7.168000000000001,5.0,5.0
24850,57.33540987968445,11840,5.0,5.0,5.0
24860,57.359768867492676,11840,5.0,5.0,5.0
24870,57.383766651153564,11840,5.0,5.0,5.0
24878,57.406766414642334,11840,14.0,5.0,5.0
24880,57.41076636314392,11840,11.200000000000001,5.0,5.0
24881,57.412827253341675,11840,18.96,5.0,5.0
24889,57.43080115318298,11840,19.707520000000002,5.0,5.0
24890,57.43276929855347,11840,15.766016000000002,5.0,5.0
24900,57.44976997375488,11840,5.166208122880002,5.0,5.0
24910,57.471790075302124,11840,5.0,5.0,5.0
24916,57.48976969718933,11840,14.0,5.0,5.0
24917,57.49177074432373,11840,21.200000000000003,5.0,5.0
24920,57.4998300075531,11840,16.960000000000004,5.0,5.0
24923,57.50777459144592,11840,20.854400000000005,5.0,5.0
24926,57.51578450202942,11840,23.346816000000004,5.0,5.0
24930,57.52177333831787,11840,9.562855833600002,5.0,5.0
24935,57.534119844436646,11840,14.896182186803202,5.0,5.0
24940,57.54804873466492,11840,9.53355659955405,5.0,5.0
24950,57.574036836624146,11840,5.0,5.0,5.0
24960,57.597036838531494,11840,5.0,5.0,5.0
24970,57.62303638458252,11840,5.0,5.0,5.0
24979,57.64003586769104,11840,14.0,5.0,5.0
24980,57.64503622055054,11840,14.0,5.0,5.0
24982,57.64903688430786,11840,18.96,5.0,5.0
24985,57.65904641151428,11840,25.168,5.0,5.0
24986,57.661036252975464,11840,30.1344,5.0,5.0
24990,57.67003607749939,11840,15.428812800000003,5.0,5.0
24994,57.680039405822754,11840,9.874440192000003,5.0,14.0
25000,57.69403696060181,11840,7.899552153600003,5.0,5.734400000000001
25010,57.71305060386658,11840,6.319641722880003,5.0,5.0
25013,57.72103786468506,11840,15.055713378304002,5.0,5.0
25020,57.74003577232361,11840,9.635656562114562,5.0,5.0
25025,57.753036975860596,11840,14.933456159802656,5.0,5.0
25030,57.764037132263184,11840,11.946764927842125,5.0,5.0
25034,57.776060342788696,11840,17.64592955381896,5.0,5.0
25040,57.8000385761261,11840,11.293394914444136,5.0,5.0
25044,57.8104350566864,11840,15.782218196195398,5.0,5.0
25050,57.82543230056763,11840,10.100619645565056,5.0,5.0
25051,57.82743167877197,11840,18.080495716452045,5.0,5.0
25056,57.83743143081665,11840,19.25721380682345,5.0,5.0
25060,57.84761643409729,11840,19.859693469093607,5.0,5.0
25061,57.8496150970459,11840,25.887754775274885,5.0,5.0
25068,57.86560583114624,11840,20.603624355952597,5.0,5.0
25070,57.8726007938385,11840,16.48289948476208,5.0,5.0
25077,57.88960289955139,11840,18.43924453619819,5.0,5.0
25079,57.89360570907593,11840,24.75139562895855,5.0,5.0
25080,57.89562630653381,11840,19.801116503166842,5.0,5.0
25082,57.90160608291626,11840,25.840893202533472,5.0,5.0
25090,57.92301845550537,11840,10.584429855757714,5.0,5.0
25091,57.925065755844116,11840,18.467543884606172,5.0,5.0
25094,57.93057084083557,11840,19.455382468918362,5.0,5.0
25100,57.943360567092896,11840,9.961155824086203,5.0,5.0
25110,57.97212624549866,11840,5.0,5.0,5.0
25112,57.97612690925598,11840,14.0,5.0,5.0
25118,57.990127086639404,11840,17.168,5.0,5.0
25119,57.99312686920166,11840,23.7344,5.0,5.0
25120,57.99512696266174,11840,18.98752,5.0,5.0
25130,58.023640394210815,11840,9.721610240000002,5.0,5.0
25131,58.025641441345215,11840,17.777288192,5.0,5.0
25140,58.049339056015015,11840,7.281577243443201,5.0,5.0
25150,58.07933187484741,11840,14.66020943580365,5.0,5.0
25154,58.090333461761475,11840,19.382534038914336,5.0,5.0
25157,58.09634852409363,11840,19.92385742792414,5.0,5.0
25160,58.10333061218262,11840,10.201015003097162,5.0,5.0
25164,58.11249566078186,11840,16.528649601982185,5.0,5.0
25169,58.120346784591675,11840,23.22291968158575,5.0,5.0
25170,58.1223566532135,11840,18.5783357452686,5.0,5.0
25171,58.12435817718506,11840,24.86266859621488,5.0,5.0
25179,58.14086198806763,11840,18.146999245607695,5.0,5.0
25180,58.14386248588562,11840,24.517599396486155,5.0,5.0
25190,58.16051530838013,11840,5.141713260953975,5.0,5.0
25200,58.18477177619934,11840,5.0,5.0,5.0
25210,58.20983958244324,11840,5.0,5.0,5.0
25220,58.23989462852478,11840,5.0,5.0,5.0
25226,58.2534077167511,11840,14.0,5.0,5.0
25228,58.25940704345703,11840,21.200000000000003,5.0,5.0
25230,58.26492214202881,11840,16.960000000000004,5.0,5.0
25231,58.266921043395996,11840,23.568000000000005,5.0,5.0
25235,58.273921251297,11840,19.653452800000004,5.0,5.0
25240,58.2834358215332,11840,12.578209792000003,5.0,5.0
25242,58.28743600845337,11840,18.050054266880004,5.0,5.0
25246,58.300435304641724,11840,21.552034730803204,5.0,5.0
25250,58.31343364715576,11840,17.241627784642564,5.0,5.0
25253,58.31943488121033,11840,18.827713425736995,5.0,5.0
25255,58.32543325424194,11840,18.827713425736995,5.0,14.0
25260,58.33743333816528,11840,15.062170740589597,5.0,8.96
25270,58.35843372344971,11840,5.0,5.0,5.734400000000001
25280,58.38043403625488,11840,5.0,5.0,5.0
25290,58.40346837043762,11840,5.0,5.0,5.0
25300,58.429433822631836,11840,5.0,5.0,5.0
25310,58.45735144615173,11840,5.0,5.0,5.0
25320,58.4823522567749,11840,5.0,5.0,5.0
25330,58.508352756500244,11840,5.0,5.0,5.0
25335,58.51935386657715,11840,14.0,5.0,5.0
25340,58.53335380554199,11840,8.96,5.0,5.0
25350,58.55935287475586,11840,5.0,5.0,5.0
25352,58.56635308265686,11840,14.0,5.0,5.0
25360,58.58435297012329,11840,8.96,5.0,5.0
25362,58.58835315704346,11840,15.7344,5.0,5.0
25370,58.60635280609131,11840,6.4448102400000025,5.0,5.0
25375,58.616353273391724,11840,14.0,5.0,5.0
25377,58.62335419654846,11840,21.200000000000003,5.0,5.0
25380,58.63052678108215,11840,21.200000000000003,5.0,5.0
25382,58.637526512145996,11840,26.960000000000004,5.0,5.0
25384,58.64152669906616,11840,27.254400000000004,5.0,5.0
25387,58.64652633666992,11840,27.442816000000004,5.0,5.0
25390,58.6565260887146,11840,21.954252800000006,5.0,5.0
25393,58.66252684593201,11840,21.240577433600002,5.0,5.0
25400,58.682525873184204,11840,10.875175646003203,5.0,5.0
25404,58.69252610206604,11840,18.700140516802563,5.0,5.0
25408,58.6995267868042,11840,19.574471944602912,5.0,5.0
25410,58.7015266418457,11840,15.659577555682331,5.0,5.0
25411,58.70352649688721,11840,22.527662044545863,5.0,5.0
25420,58.7235267162323,11840,7.38186429875679,5.0,5.0
25421,58.726526737213135,11840,15.905491439005432,5.0,5.0
25430,58.74552607536316,11840,5.0,5.0,5.0
25440,58.76852583885193,11840,5.0,5.0,5.0
25449,58.78952598571777,11840,14.0,5.0,5.0
25450,58.791526079177856,11840,14.0,5.0,5.0
25451,58.7935266494751,11840,21.200000000000003,5.0,5.0
25460,58.81852674484253,11840,6.9468160000000045,5.0,5.0
25462,58.82452630996704,11840,15.557452800000004,5.0,5.0
25465,58.83252668380737,11840,19.956769792000003,5.0,5.0
25470,58.84552621841431,11840,12.772332666880004,5.0,5.0
25478,58.86052632331848,11840,15.23154746035405,5.0,5.0
25480,58.863526344299316,11840,12.185237968283241,5.0,5.0
25481,58.8655264377594,11840,19.748190374626596,5.0,5.0
25487,58.87852668762207,11840,20.11107347180882,5.0,5.0
25488,58.880526304244995,11840,26.088858777447054,5.0,5.0
25489,58.8825261592865,11840,30.871087021957646,5.0,5.0
25490,58.884525775909424,11840,24.69686961756612,5.0,5.0
25495,58.895527601242065,11840,20.115837795355084,5.0,5.0
25497,58.89852690696716,11840,22.874136189027254,5.0,5.0
25500,58.90852642059326,11840,18.299308951221803,5.0,5.0
25510,58.93252658843994,11840,9.369246183025565,5.0,5.0
25520,58.95352578163147,11840,5.0,5.0,5.0
25530,58.984527826309204,11840,5.0,5.0,5.0
25540,59.01853895187378,11840,5.0,5.0,5.0
25542,59.022539377212524,11840,14.0,5.0,5.0
25550,59.0435266494751,11840,5.734400000000001,5.0,5.0
25560,59.07452702522278,11840,5.0,5.0,5.0
25562,59.08153295516968,11840,14.0,5.0,5.0
25564,59.08854126930237,11840,18.96,5.0,5.0
25570,59.10452628135681,11840,17.766016,5.0,5.0
25573,59.11052680015564,11840,19.096200192000005,5.0,5.0
25580,59.13552951812744,11840,12.221568122880004,5.0,5.0
25590,59.15252685546875,11840,5.005954303131651,5.0,5.0
25594,59.16152763366699,11840,14.0,5.0,5.0
25600,59.17653179168701,11840,8.96,5.0,5.0
25610,59.199527978897095,11840,5.0,5.0,5.0
25620,59.227527141571045,11840,5.0,5.0,5.0
25622,59.231526374816895,11840,14.0,5.0,5.0
25628,59.26752829551697,11840,18.96,5.0,5.0
25630,59.27252721786499,11840,15.168000000000001,5.0,5.0
25636,59.28852868080139,11840,16.212812800000002,5.0,5.0
25640,59.295528411865234,11840,8.300960153600002,5.0,5.0
25641,59.29752779006958,11840,16.64076812288,5.0,5.0
25648,59.31352996826172,11840,20.6500915986432,5.0,5.0
25650,59.31652808189392,11840,13.216058623131651,5.0,5.0
25660,59.34252858161926,11840,6.766622015043406,5.0,5.0
25664,59.35852789878845,11840,14.0,5.0,5.0
25669,59.37352752685547,11840,18.96,5.0,5.0
25670,59.37652897834778,11840,25.168,5.0,5.0
25680,59.394526958465576,11840,8.247050240000002,5.0,5.0
25682,59.39852499961853,11840,16.597640192,5.0,5.0
25690,59.41752648353577,11840,5.4387147381145615,5.0,5.0
25698,59.4355263710022,11840,14.0,5.0,5.0
25700,59.439549684524536,11840,18.96,5.0,5.0
25703,59.44752621650696,11840,25.168,5.0,5.0
25708,59.45952606201172,11840,22.886016,5.0,5.0
25710,59.46552586555481,11840,18.308812800000002,5.0,5.0
25714,59.475526094436646,11840,21.717640192000005,5.0,5.0
25718,59.481526136398315,11840,27.374112153600006,5.0,5.0
25720,59.48452639579773,11840,21.899289722880006,5.0,5.0
25727,59.50152611732483,11840,21.212436338114564,5.0,5.0
25730,59.5075261592865,11840,10.860767405114657,5.0,5.0
25738,59.52852654457092,11840,14.448570329134963,5.0,5.0
25739,59.53052592277527,11840,21.558856263307973,5.0,5.0
25740,59.534526109695435,11840,21.558856263307973,5.0,5.0
25749,59.55654001235962,11840,17.064406020360757,5.0,5.0
25750,59.55853986740112,11840,13.651524816288607,5.0,5.0
25760,59.58752703666687,11840,6.989580705939767,5.0,5.0
25766,59.600526332855225,11840,14.0,5.0,5.0
25767,59.60352659225464,11840,21.200000000000003,5.0,5.0
25770,59.60852646827698,11840,13.568000000000005,5.0,5.0
25771,59.61152672767639,11840,20.854400000000005,5.0,5.0
25779,59.63353943824768,11840,16.833569792000002,5.0,5.0
25780,59.635539054870605,11840,13.466855833600002,5.0,5.0
25781,59.638540506362915,11840,20.77348466688,5.0,5.0
25790,59.66383981704712,11840,6.8070554556432405,5.0,5.0
25797,59.68383979797363,11840,14.0,5.0,5.0
25800,59.6898398399353,11840,8.96,5.0,5.0
25810,59.71984004974365,11840,7.168000000000001,5.0,5.0
25812,59.72384071350098,11840,14.587520000000001,5.0,5.0
25819,59.73784017562866,11840,19.336012800000002,5.0,5.0
25820,59.739840507507324,11840,15.468810240000003,5.0,5.0
25827,59.75584030151367,11840,16.336024674304003,5.0,5.0
25828,59.758840560913086,11840,23.068819739443203,5.0,5.0
25830,59.76184034347534,11840,18.455055791554564,5.0,5.0
25837,59.7808403968811,11840,19.44898856527594,5.0,5.0
25840,59.78684043884277,11840,9.957882145421282,5.0,5.0
25845,59.798840284347534,11840,15.098435658455696,5.0,5.0
25847,59.80284023284912,11840,19.662998821411648,5.0,5.0
25850,59.811840534210205,11840,12.584319245703455,5.0,5.0
25859,59.83184003829956,11840,14.123629730432109,5.0,5.0
25860,59.833839893341064,11840,14.123629730432109,5.0,5.0
25868,59.85084009170532,11840,15.785038737584994,5.0,5.0
25870,59.85484004020691,11840,10.102424792054398,5.0,5.0
25871,59.8578405380249,11840,18.081939833643517,5.0,5.0
25880,59.88084077835083,11840,15.92509004468831,5.0,5.0
25882,59.88901114463806,11840,22.74007203575065,5.0,5.0
25890,59.911017179489136,11840,9.314333505843468,5.0,5.0
25891,59.91301870346069,11840,17.451466804674773,5.0,5.0
25900,59.93201732635498,11840,5.718496642555832,5.0,5.0
25910,59.95501661300659,11840,5.0,5.0,5.0
25918,59.97203254699707,11840,14.0,5.0,5.0
25920,59.978017807006836,11840,11.200000000000001,5.0,5.0
25923,59.98701763153076,11840,17.168,5.0,5.0
25924,59.98901677131653,11840,23.7344,5.0,5.0
25930,60.00701665878296,11840,15.190016,5.0,5.0
25932,60.010016679763794,11840,22.1520128,5.0,5.0
25933,60.012017250061035,11840,27.72161024,5.0,5.0
25935,60.017029762268066,11840,27.741830553600003,5.0,5.0
25940,60.02402973175049,11840,14.203817243443204,5.0,5.0
25942,60.02901649475098,11840,19.090443035803652,5.0,5.0
25950,60.053016901016235,11840,9.77430683433147,5.0,5.0
25960,60.084017276763916,11840,6.255556373972142,5.0,5.0
25963,60.09701657295227,11840,15.004445099177714,5.0,5.0
25970,60.1220166683197,11840,7.682275890778991,5.0,5.0
25975,60.139018058776855,11840,14.916656570098555,5.0,5.0
25977,60.14246320724487,11840,19.546660204863077,5.0,5.0
25978,60.145132303237915,11840,25.637328163890462,5.0,5.0
25980,60.151098012924194,11840,20.509862531112372,5.0,5.0
25990,60.16930842399597,11840,5.0,5.0,5.0
25998,60.19030833244324,11840,14.0,5.0,5.0
26000,60.19530773162842,11840,14.0,5.0,5.0
26002,60.201313495635986,11840,21.200000000000003,5.0,5.0
26010,60.22282409667969,11840,8.683520000000005,5.0,5.0
26020,60.2493782043457,11840,14.0,5.0,5.0
26022,60.25638437271118,11840,21.200000000000003,5.0,5.0
26023,60.25938320159912,11840,26.960000000000004,5.0,5.0
26030,60.27789783477783,11840,18.8342528,5.0,5.0
26036,60.292110443115234,11840,16.171607957504,5.0,5.0
26040,60.30017161369324,11840,10.349829092802562,5.0,5.0
26048,60.3211715221405,11840,15.299112495514912,5.0,5.0
26050,60.32417058944702,11840,9.791431997129544,5.0,5.0
26057,60.339171409606934,11840,15.013213182530329,5.0,5.0
26058,60.3411705493927,11840,22.01057054602426,5.0,5.0
26060,60.34616947174072,11840,17.60845643681941,5.0,5.0
26063,60.35117197036743,11840,19.015529695651537,5.0,5.0
26070,60.36417078971863,11840,6.231008770671097,5.0,5.0
26076,60.374170541763306,11840,14.0,5.0,5.0
26080,60.383169651031494,11840,7.168000000000001,5.0,5.0
26090,60.40616989135742,11840,5.0,5.0,5.0
26100,60.432169675827026,11840,5.0,5.0,5.0
26110,60.45717000961304,11840,5.0,5.0,5.0
26120,60.487101316452026,11840,5.0,5.0,5.0
26130,60.53410339355469,11840,5.0,5.0,5.0
26140,60.55810308456421,11840,5.0,5.0,5.0
26150,60.58610248565674,11840,5.0,5.0,5.0
26153,60.59510588645935,11840,14.0,5.0,5.0
26160,60.621100664138794,11840,8.96,5.0,5.0
26170,60.64210057258606,11840,5.0,5.0,5.0
26180,60.67010474205017,11840,5.0,5.0,5.0
26184,60.676103353500366,11840,14.0,5.0,5.0
26190,60.690114974975586,11840,7.168000000000001,5.0,5.0
26194,60.69611358642578,11840,5.734400000000001,5.0,14.0
26196,60.6991126537323,11840,14.587520000000001,5.0,11.200000000000001
26200,60.71111297607422,11840,11.670016000000002,5.0,8.96
26202,60.71411323547363,11840,19.336012800000002,5.0,7.168000000000001
26207,60.725114583969116,11840,19.900038553600005,5.0,5.734400000000001
26210,60.73111367225647,11840,10.188819739443204,5.0,5.734400000000001
26211,60.73311233520508,11840,18.151055791554562,5.0,5.734400000000001
26214,60.74111366271973,11840,21.61667570659492,5.0,5.734400000000001
26220,60.757100105285645,11840,21.0677379617766,5.0,5.0
26226,60.7730987071991,11840,23.483352295537024,5.0,5.0
26230,60.78309869766235,11840,15.029345469143696,5.0,5.0
26240,60.80509924888611,11840,6.156019904161258,5.0,5.0
26250,60.829509973526,11840,5.0,5.0,5.0
26257,60.8504433631897,11840,14.0,5.0,5.0
26260,60.857436656951904,11840,17.168,5.0,5.0
26270,60.88067007064819,11840,7.032012800000001,5.0,5.0
26280,60.899733781814575,11840,5.0,5.0,5.0
26288,60.918633699417114,11840,14.0,5.0,5.0
26290,60.9226336479187,11840,11.200000000000001,5.0,5.0
26300,60.95063543319702,11840,5.0,5.0,5.0
26301,60.95266842842102,11840,14.0,5.0,5.0
26310,60.98605799674988,11840,7.168000000000001,5.0,5.0
26320,61.020057678222656,11840,5.734400000000001,5.0,5.0
26330,61.053059101104736,11840,5.0,5.0,5.0
26340,61.0861542224884,11840,5.0,5.0,5.0
26350,61.116389989852905,11840,5.0,5.0,5.0
26360,61.14389085769653,11840,5.0,5.0,5.0
26364,61.157952547073364,11840,14.0,5.0,5.0
26367,61.1689236164093,11840,21.200000000000003,5.0,5.0
26370,61.173922300338745,11840,13.568000000000005,5.0,5.0
26380,61.19392395019531,11840,18.683520000000005,5.0,5.0
26384,61.2089569568634,11840,24.946816000000005,5.0,5.0
26390,61.22192311286926,11840,8.174572666880005,5.0,5.0
26394,61.237844705581665,11840,16.539658133504005,5.0,5.0
26400,61.24784469604492,11840,6.7746439714832425,5.0,5.0
26403,61.25984597206116,11840,15.419715177186594,5.0,5.0
26408,61.271888971328735,11840,19.868617713399424,5.0,5.0
26410,61.27784585952759,11840,15.894894170719539,5.0,5.0
26420,61.30684471130371,11840,8.138185815408406,5.0,5.0
26421,61.3089120388031,11840,16.510548652326726,5.0,5.0
26425,61.316874504089355,11840,20.566751137489106,5.0,5.0
26429,61.330843687057495,11840,26.453400909991284,5.0,5.0
26430,61.33284521102905,11840,26.453400909991284,5.0,5.0
26432,61.3369345664978,11840,31.16272072799303,5.0,5.0
26435,61.342896461486816,11840,25.955313012732432,5.0,5.0
26437,61.34684681892395,11840,30.764250410185948,5.0,5.0
26440,61.35284423828125,11840,15.75129621001521,5.0,5.0
26445,61.36684465408325,11840,16.45173092762223,5.0,5.0
26450,61.380844593048096,11840,8.423286234942584,5.0,5.0
26460,61.405844926834106,11840,5.0,5.0,5.0
26470,61.431955099105835,11840,5.0,5.0,5.0
26480,61.462955713272095,11840,5.0,5.0,5.0
26481,61.464956521987915,11840,14.0,5.0,5.0
26490,61.49015021324158,11840,11.200000000000001,5.0,5.0
26491,61.492146730422974,11840,18.96,5.0,5.0
26494,61.49914789199829,11840,22.1344,5.0,5.0
26497,61.50515031814575,11840,24.166016,5.0,5.0
26499,61.50920629501343,11840,25.46625024,5.0,5.0
26500,61.511160135269165,11840,20.373000192000003,5.0,5.0
26510,61.53414964675903,11840,14.0,5.0,5.0
26513,61.54014992713928,11840,18.96,5.0,5.0
26520,61.560232639312744,11840,7.766016000000002,5.0,5.0
26530,61.59519338607788,11840,5.0,5.0,5.0
26536,61.61319589614868,11840,14.0,5.0,5.0
26540,61.624200105667114,11840,7.168000000000001,5.0,5.0
26550,61.64987659454346,11840,5.0,5.0,5.0
26554,61.66391444206238,11840,14.0,5.0,5.0
26555,61.66688418388367,11840,21.200000000000003,5.0,5.0
26560,61.688366651535034,11840,10.854400000000005,5.0,5.0
26570,61.723719358444214,11840,5.557452800000004,5.0,5.0
26579,61.746721029281616,11840,14.0,5.0,5.0
26580,61.74872398376465,11840,14.0,5.0,5.0
26584,61.75671863555908,11840,17.168,5.0,5.0
26587,61.76171684265137,11840,20.987520000000004,5.0,5.0
26590,61.76971960067749,11840,16.790016000000005,5.0,5.0
26600,61.79471683502197,11840,6.877190553600004,5.0,5.0
26610,61.817588090896606,11840,5.0,5.0,5.0
26616,61.84258723258972,11840,14.0,5.0,5.0
26618,61.84658741950989,11840,21.200000000000003,5.0,5.0
26620,61.85260009765625,11840,16.960000000000004,5.0,5.0
26622,61.85673642158508,11840,20.854400000000005,5.0,5.0
26630,61.876774311065674,11840,8.541962240000004,5.0,5.0
26640,61.90577435493469,11840,5.0,5.0,5.0
26647,61.92984676361084,11840,14.0,5.0,5.0
26648,61.931849241256714,11840,21.200000000000003,5.0,5.0
26650,61.93885350227356,11840,16.960000000000004,5.0,5.0
26660,61.96984648704529,11840,6.9468160000000045,5.0,5.0
26668,61.99184513092041,11840,14.0,5.0,5.0
26670,61.99824333190918,11840,11.200000000000001,5.0,5.0
26676,62.01423168182373,11840,17.168,5.0,5.0
26679,62.02019381523132,11840,20.987520000000004,5.0,5.0
26680,62.02420353889465,11840,20.987520000000004,5.0,5.0
26685,62.03419518470764,11840,18.596488192000002,5.0,5.0
26690,62.04538869857788,11840,9.521401954304002,5.0,5.0
26696,62.0615930557251,11840,14.87495780060365,5.0,5.0
26700,62.07059621810913,11840,7.615978393909069,5.0,5.0
26710,62.0899441242218,11840,5.0,5.0,5.0
26720,62.12208437919617,11840,5.0,5.0,5.0
26730,62.156081438064575,11840,5.0,5.0,5.0
26734,62.16313433647156,11840,14.0,5.0,5.0
26740,62.17760157585144,11840,5.0,5.0,5.0
26749,62.201589584350586,11840,14.0,5.0,5.0
26750,62.20362877845764,11840,11.200000000000001,5.0,5.0
26760,62.22862911224365,11840,5.0,5.0,5.0
26764,62.238590478897095,11840,14.0,5.0,5.0
26767,62.24658751487732,11840,18.96,5.0,5.0
26770,62.2580509185791,11840,15.168000000000001,5.0,5.0
26780,62.28505253791809,11840,5.0,5.0,5.0
26785,62.300565242767334,11840,14.0,5.0,5.0
26790,62.31156587600708,11840,7.168000000000001,5.0,5.0
26793,62.31656742095947,11840,14.587520000000001,5.0,5.0
26800,62.32987689971924,11840,7.4688102400000025,5.0,5.0
26810,62.35714673995972,11840,5.975048192000003,5.0,5.0
26820,62.39015173912048,11840,5.0,5.0,5.0
26830,62.41853356361389,11840,5.0,5.0,5.0
26840,62.45004892349243,11840,5.0,5.0,5.0
26850,62.479567527770996,11840,5.0,5.0,5.0
26856,62.490644693374634,11840,14.0,5.0,5.0
26860,62.50064492225647,11840,7.168000000000001,5.0,5.0
26864,62.51263999938965,11840,14.587520000000001,5.0,5.0
26866,62.51667618751526,11840,19.336012800000002,5.0,5.0
26870,62.52490019798279,11840,12.375048192000003,5.0,5.0
26880,62.55310940742493,11840,5.068819739443203,5.0,5.0
26890,62.57705354690552,11840,5.0,5.0,5.0
26900,62.604103803634644,11840,5.0,5.0,5.0
26903,62.6100492477417,11840,14.0,5.0,5.0
26904,62.61205577850342,11840,21.200000000000003,5.0,5.0
26907,62.62110710144043,11840,23.568000000000005,5.0,5.0
26910,62.626086950302124,11840,15.083520000000005,5.0,5.0
26916,62.64052748680115,11840,16.178209792000004,5.0,5.0
26920,62.649423599243164,11840,10.354054266880004,5.0,5.0
26922,62.65238285064697,11840,18.283243413504003,5.0,5.0
26926,62.66238307952881,11840,19.36102062771405,5.0,5.0
26930,62.67118000984192,11840,12.391053201736995,5.0,5.0
26937,62.6871771812439,11840,16.34421923928934,5.0,5.0
26940,62.69317674636841,11840,8.368240250516143,5.0,5.0
26949,62.715176820755005,11840,14.0,5.0,5.0
26950,62.71717715263367,11840,11.200000000000001,5.0,5.0
26960,62.7414333820343,11840,8.96,5.0,5.0
26970,62.77242350578308,11840,5.734400000000001,5.0,5.0
26980,62.794437408447266,11840,5.0,5.0,5.0
26989,62.8185019493103,11840,14.0,5.0,5.0
26990,62.82044076919556,11840,11.200000000000001,5.0,5.0
27000,62.8465793132782,11840,7.168000000000001,5.0,5.0
27003,62.85785984992981,11840,15.7344,5.0,5.0
27008,62.86985731124878,11840,16.444810240000002,5.0,5.0
27009,62.87181806564331,11840,23.155848192,5.0,5.0
27010,62.874820709228516,11840,28.5246785536,5.0,5.0
27011,62.876890897750854,11840,32.819742842880004,5.0,5.0
27013,62.880849838256836,11840,31.004635419443204,5.0,5.0
27020,62.89682960510254,11840,20.15959893424315,5.0,5.0
27030,62.91911315917969,11840,5.0,5.0,5.0
27040,62.9434494972229,11840,5.0,5.0,5.0
27050,62.97141408920288,11840,5.0,5.0,5.0
27060,63.00041365623474,11840,5.0,5.0,5.0
27070,63.022414445877075,11840,5.0,5.0,5.0
27077,63.04246187210083,11840,14.0,5.0,5.0
27080,63.04873085021973,11840,11.200000000000001,5.0,5.0
27082,63.05170822143555,11840,18.96,5.0,5.0
27083,63.05503702163696,11840,25.168,5.0,5.0
27084,63.05705785751343,11840,30.1344,5.0,5.0
27085,63.05901908874512,11840,34.10752,5.0,5.0
27090,63.070016384124756,11840,13.970440192000005,5.0,5.0
27100,63.094016313552856,11840,7.152865378304004,5.0,5.0
27105,63.10401773452759,11840,14.577833842114565,5.0,5.0
27110,63.11802816390991,11840,11.662267073691652,5.0,5.0
27116,63.129034996032715,11840,15.971080741730127,5.0,5.0
27120,63.13902139663696,11840,10.221491674707282,5.0,5.0
27130,63.16705131530762,11840,5.233403737450129,5.0,5.0
27138,63.18401885032654,11840,14.0,5.0,5.0
27140,63.18810772895813,11840,8.96,5.0,5.0
27150,63.20905685424805,11840,5.734400000000001,5.0,5.0
27154,63.22207164764404,11840,14.587520000000001,5.0,5.0
27160,63.23407697677612,11840,5.975048192000003,5.0,5.0
27167,63.25187563896179,11840,5.0,5.0,14.0
27170,63.259127378463745,11840,5.0,5.0,8.96
27180,63.28961801528931,11840,5.0,5.0,5.0
27183,63.29461884498596,11840,14.0,5.0,5.0
27190,63.31356716156006,11840,15.7344,5.0,5.0
27200,63.335620403289795,11840,5.0,5.0,5.0
27210,63.3602614402771,11840,5.0,5.0,5.0
27213,63.36731672286987,11840,14.0,5.0,5.0
27215,63.37122559547424,11840,21.200000000000003,5.0,5.0
27217,63.37522315979004,11840,26.960000000000004,5.0,5.0
27219,63.37822246551514,11840,31.568000000000005,5.0,5.0
27220,63.37922167778015,11840,31.568000000000005,5.0,5.0
27221,63.382221698760986,11840,35.254400000000004,5.0,5.0
27229,63.39922213554382,11840,24.440202240000005,5.0,5.0
27230,63.40022110939026,11840,19.552161792000007,5.0,5.0
27235,63.41573119163513,11840,20.010706837504003,5.0,5.0
27239,63.42681288719177,11840,26.0085654700032,5.0,5.0
27240,63.42877554893494,11840,26.0085654700032,5.0,5.0
27248,63.44380974769592,11840,16.81798938656852,5.0,5.0
27250,63.44780969619751,11840,10.763513207403854,5.0,5.0
27260,63.46980953216553,11840,5.0,5.0,5.0
27270,63.4898624420166,11840,5.0,5.0,5.0
27273,63.49580907821655,11840,14.0,5.0,5.0
27275,63.49981117248535,11840,18.96,5.0,5.0
27280,63.50981640815735,11840,12.134400000000001,5.0,5.0
27283,63.51577425003052,11840,17.766016,5.0,5.0
27288,63.52380990982056,11840,21.370250240000004,5.0,5.0
27289,63.52580952644348,11840,27.096200192000005,5.0,5.0
27290,63.527827739715576,11840,31.676960153600007,5.0,5.0
27291,63.529792070388794,11840,35.341568122880005,5.0,5.0
27300,63.544853925704956,11840,7.411664027203407,5.0,5.0
27302,63.5518102645874,11840,15.929331221762727,5.0,5.0
27310,63.569803953170776,11840,6.524654068434015,5.0,5.0
27320,63.595847845077515,11840,5.0,5.0,5.0
27326,63.610811948776245,11840,14.0,5.0,5.0
27330,63.62081718444824,11840,8.96,5.0,5.0
27331,63.622780084609985,11840,17.168,5.0,5.0
27340,63.64781093597412,11840,10.987520000000002,5.0,5.0
27350,63.67477107048035,11840,5.0,5.0,5.0
27360,63.700791358947754,11840,5.0,5.0,5.0
27370,63.72883486747742,11840,5.0,5.0,5.0
27371,63.73181080818176,11840,14.0,5.0,5.0
27379,63.75482511520386,11840,18.96,5.0,5.0
27380,63.756773710250854,11840,15.168000000000001,5.0,5.0
27390,63.78077411651611,11840,5.0,5.0,5.0
27393,63.79180908203125,11840,14.0,5.0,5.0
27396,63.79786705970764,11840,18.96,5.0,5.0
27400,63.80481171607971,11840,7.766016000000002,5.0,5.0
27402,63.81078791618347,11840,16.212812800000002,5.0,5.0
27410,63.829869747161865,11840,15.312614498304,5.0,5.0
27420,63.851773500442505,11840,5.017637518804257,5.0,5.0
27425,63.86381387710571,11840,14.0,5.0,5.0
27426,63.86586403846741,11840,21.200000000000003,5.0,5.0
27430,63.87277269363403,11840,16.960000000000004,5.0,5.0
27431,63.87477397918701,11840,23.568000000000005,5.0,5.0
27432,63.877779722213745,11840,28.854400000000005,5.0,5.0
27433,63.87981033325195,11840,33.08352000000001,5.0,5.0
27436,63.88777494430542,11840,31.173452800000007,5.0,5.0
27438,63.890812158584595,11840,34.93876224,5.0,5.0
27439,63.892773389816284,11840,37.95100979200001,5.0,5.0
27440,63.89486813545227,11840,30.360807833600006,5.0,5.0
27446,63.90877723693848,11840,22.435786888642568,5.0,5.0
27450,63.92183256149292,11840,14.358903608731246,5.0,5.0
27454,63.931808948516846,11840,19.189698309588,5.0,5.0
27460,63.94477391242981,11840,9.825125534509057,5.0,5.0
27463,63.95579552650452,11840,17.860100427607247,5.0,5.0
27464,63.957812786102295,11840,24.2880803420858,5.0,5.0
27468,63.96576905250549,11840,19.948397708118346,5.0,5.0
27470,63.96976900100708,11840,19.948397708118346,5.0,5.0
27473,63.9767689704895,11840,22.766974533195743,5.0,5.0
27476,63.982826471328735,11840,24.570863701245276,5.0,5.0
27480,63.990822553634644,11840,10.064225772030069,5.0,5.0
27482,63.99477791786194,11840,16.441104494099243,5.0,5.0
27483,63.99681210517883,11840,23.152883595279395,5.0,5.0
27490,64.0127763748169,11840,9.483421120626442,5.0,5.0
27500,64.03486585617065,11840,6.069389517200924,5.0,5.0
27510,64.06180834770203,11840,5.0,5.0,5.0
27520,64.08380389213562,11840,5.0,5.0,5.0
27522,64.08785057067871,11840,14.0,5.0,5.0
27524,64.09180068969727,11840,18.96,5.0,5.0
27525,64.09477233886719,11840,25.168,5.0,5.0
27528,64.10281157493591,11840,26.10752,5.0,5.0
27530,64.10578966140747,11840,20.886016,5.0,5.0
27533,64.1118655204773,11840,13.367050240000001,5.0,14.0
27537,64.11883091926575,11840,18.5549121536,5.0,8.96
27540,64.12584233283997,11840,11.875143778304,5.0,8.96
27542,64.12981152534485,11840,17.60009201811456,5.0,8.96
27550,64.14581179618835,11840,5.0,5.0,7.168000000000001
27560,64.16577363014221,11840,5.0,5.0,5.0
27565,64.17779874801636,11840,14.0,5.0,5.0
27569,64.18805885314941,11840,17.168,5.0,5.0
27570,64.1890754699707,11840,13.7344,5.0,5.0
27571,64.19208836555481,11840,20.987520000000004,5.0,5.0
27576,64.20222544670105,11840,20.745610240000005,5.0,5.0
27580,64.2132637500763,11840,16.596488192000006,5.0,5.0
27590,64.23770499229431,11840,5.4383372507545635,5.0,5.0
27591,64.23961782455444,11840,14.35066980060365,5.0,5.0
27592,64.2427020072937,11840,21.480535840482922,5.0,5.0
27597,64.2546546459198,11840,18.798427480261807,5.0,5.0
27600,64.26261973381042,11840,12.030993587367558,5.0,5.0
27602,64.2666642665863,11840,19.624794869894046,5.0,5.0
27605,64.2726845741272,11840,22.55986871673219,5.0,5.0
27606,64.27469778060913,11840,28.047894973385752,5.0,5.0
27610,64.28291893005371,11840,11.488417781098804,5.0,5.0
27611,64.28493022918701,11840,19.190734224879044,5.0,5.0
27612,64.28696656227112,11840,25.352587379903234,5.0,5.0
27620,64.30247139930725,11840,12.98052473851046,5.0,5.0
27627,64.31941342353821,11840,15.316822932893885,5.0,5.0
27630,64.32745003700256,11840,22.253458346315107,5.0,5.0
27634,64.3404130935669,11840,24.242213341641673,5.0,5.0
27639,64.34812116622925,11840,17.943688467789144,5.0,5.0
27640,64.35014009475708,11840,14.354950774231316,5.0,5.0
27647,64.36460423469543,11840,19.187168495508043,5.0,5.0
27649,64.36852145195007,11840,22.27978783712515,5.0,5.0
27650,64.37258267402649,11840,22.27978783712515,5.0,5.0
27657,64.38758301734924,11840,19.125801098086463,5.0,5.0
27658,64.39052152633667,11840,25.30064087846917,5.0,5.0
27660,64.39559483528137,11840,25.30064087846917,5.0,5.0
27670,64.4185905456543,11840,8.29051400305678,5.0,5.0
27680,64.43755984306335,11840,5.0,5.0,5.0
27684,64.44855809211731,11840,14.0,5.0,5.0
27687,64.45555830001831,11840,18.96,5.0,5.0
27690,64.46155714988708,11840,9.707520000000002,5.0,5.0
27700,64.48951721191406,11840,7.766016000000002,5.0,5.0
27710,64.5202534198761,11840,5.0,5.0,5.0
27720,64.54679870605469,11840,5.0,5.0,5.0
27730,64.57580351829529,11840,5.0,5.0,5.0
27737,64.59597039222717,11840,14.0,5.0,5.0
27740,64.60097026824951,11840,8.96,5.0,5.0
27750,64.63097524642944,11840,5.0,5.0,5.0
27760,64.6614978313446,11840,5.0,5.0,5.0
27761,64.66348552703857,11840,14.0,5.0,5.0
27764,64.6725218296051,11840,18.96,5.0,5.0
27768,64.68048596382141,11840,19.707520000000002,5.0,5.0
27770,64.68351745605469,11840,15.766016000000002,5.0,5.0
27773,64.69049549102783,11840,22.6128128,5.0,5.0
27776,64.69654393196106,11840,24.472200192000003,5.0,5.0
27778,64.70252084732056,11840,29.577760153600003,5.0,5.0
27780,64.70552039146423,11840,18.929766498304,5.0,5.0
27785,64.71448993682861,11840,17.75363235770532,5.0,5.0
27790,64.72659134864807,11840,17.75363235770532,5.0,5.0
27792,64.73059582710266,11840,21.362324708931407,5.0,5.0
27796,64.73958992958069,11840,27.089859767145125,5.0,5.0
27800,64.74559617042542,11840,11.096006560622644,5.0,5.0
27801,64.74759554862976,11840,18.876805248498115,5.0,5.0
27810,64.76760268211365,11840,7.7319394297848305,5.0,5.0
27816,64.77863311767578,11840,14.0,5.0,5.0
27820,64.78859281539917,11840,7.168000000000001,5.0,5.0
27824,64.79762816429138,11840,14.587520000000001,5.0,5.0
27830,64.80759263038635,11840,5.0,5.0,5.0
27837,64.82362866401672,11840,14.0,5.0,5.0
27840,64.83062767982483,11840,11.200000000000001,5.0,5.0
27842,64.83562874794006,11840,18.96,5.0,5.0
27844,64.84159255027771,11840,25.168,5.0,5.0
27850,64.85564374923706,11840,10.308812800000002,5.0,5.0
27856,64.8671977519989,11840,14.0,5.0,5.0
27860,64.8762423992157,11840,7.168000000000001,5.0,5.0
27863,64.88261342048645,11840,14.587520000000001,5.0,5.0
27870,64.9020345211029,11840,9.336012800000002,5.0,5.0
27873,64.90808391571045,11840,15.975048192000003,5.0,5.0
27874,64.91008114814758,11840,22.7800385536,5.0,5.0
27879,64.92304277420044,11840,21.6633797394432,5.0,5.0
27880,64.92707824707031,11840,21.6633797394432,5.0,5.0
27882,64.93109345436096,11840,23.86456303324365,5.0,5.0
27890,64.95449161529541,11840,9.774925018416601,5.0,5.0
27900,64.97548031806946,11840,5.0,5.0,5.0
27903,64.9814248085022,11840,14.0,5.0,5.0
27905,64.98542356491089,11840,21.200000000000003,5.0,5.0
27910,64.99943900108337,11840,13.568000000000005,5.0,5.0
27919,65.0194251537323,11840,14.445962240000004,5.0,5.0
27920,65.0214250087738,11840,14.445962240000004,5.0,5.0
27930,65.04442524909973,11840,5.0,5.0,5.0
27934,65.05542778968811,11840,14.0,5.0,5.0
27935,65.05746150016785,11840,21.200000000000003,5.0,5.0
27939,65.06848239898682,11840,20.854400000000005,5.0,5.0
27940,65.0705177783966,11840,16.683520000000005,5.0,5.0
27943,65.0784649848938,11840,20.677452800000005,5.0,5.0
27945,65.08348298072815,11840,23.233569792000004,5.0,5.0
27950,65.09542512893677,11840,9.516470186803204,5.0,5.0
27951,65.09842371940613,11840,17.613176149442562,5.0,5.0
27956,65.10998678207397,11840,21.272432735643243,5.0,5.0
27960,65.11799192428589,11840,13.614356950811677,5.0,5.0
27961,65.12000274658203,11840,20.891485560649343,5.0,5.0
27963,65.12300705909729,11840,26.713188448519475,5.0,5.0
27970,65.14322280883789,11840,13.677152485641976,5.0,5.0
27971,65.1451644897461,11840,20.94172198851358,5.0,5.0
27972,65.14716506004333,11840,26.753377590810867,5.0,5.0
27974,65.15220165252686,11840,27.122161658118955,5.0,5.0
27975,65.15424275398254,11840,31.697729326495164,5.0,5.0
27980,65.169193983078,11840,16.229237415165528,5.0,5.0
27983,65.17526078224182,11840,20.38671194570594,5.0,5.0
27988,65.18560886383057,11840,20.437996516201444,5.0,5.0
27990,65.1915831565857,11840,16.350397212961155,5.0,5.0
27991,65.19359755516052,11840,23.080317770368925,5.0,5.0
27992,65.19658184051514,11840,28.464254216295142,5.0,5.0
27993,65.19862961769104,11840,32.771403373036115,5.0,5.0
27999,65.21255779266357,11840,23.4231668215956,5.0,5.0
28000,65.2146110534668,11840,23.4231668215956,5.0,5.0
28010,65.2315890789032,11840,6.140242643280359,5.0,5.0
28018,65.2486937046051,11840,14.0,5.0,5.0
28020,65.25266027450562,11840,8.96,5.0,5.0
28030,65.28173422813416,11840,5.0,5.0,5.0
28031,65.28365635871887,11840,14.0,5.0,5.0
28032,65.2866575717926,11840,21.200000000000003,5.0,5.0
28033,65.2886610031128,11840,26.960000000000004,5.0,5.0
28037,65.2956554889679,11840,23.803520000000006,5.0,5.0
28040,65.3021628856659,11840,15.234252800000005,5.0,5.0
28050,65.32672119140625,11840,5.0,5.0,5.0
28060,65.34471893310547,11840,5.0,5.0,5.0
28061,65.34675073623657,11840,14.0,5.0,5.0
28064,65.35372972488403,11840,18.96,5.0,5.0
28070,65.36987137794495,11840,9.707520000000002,5.0,5.0
28071,65.37194466590881,11840,17.766016,5.0,5.0
28074,65.37788105010986,11840,21.370250240000004,5.0,5.0
28080,65.3888373374939,11840,17.096200192000005,5.0,5.0
28090,65.41090798377991,11840,14.0,5.0,5.0
28092,65.41690158843994,11840,21.200000000000003,5.0,5.0
28093,65.41985058784485,11840,26.960000000000004,5.0,5.0
28096,65.42585039138794,11840,23.803520000000006,5.0,5.0
28100,65.43685054779053,11840,12.187402240000004,5.0,5.0
28110,65.45887804031372,11840,6.239949946880003,5.0,5.0
28120,65.47986626625061,11840,14.0,5.0,5.0
28130,65.50285840034485,11840,5.0,5.0,5.0
28132,65.50986647605896,11840,14.0,5.0,5.0
28134,65.51386547088623,11840,21.200000000000003,5.0,5.0
28137,65.51986503601074,11840,23.568000000000005,5.0,5.0
28140,65.52690100669861,11840,18.854400000000005,5.0,5.0
28150,65.5472195148468,11840,7.722762240000003,5.0,5.0
28160,65.57526636123657,11840,5.0,5.0,5.0
28165,65.59037852287292,11840,14.0,5.0,5.0
28170,65.5983395576477,11840,7.168000000000001,5.0,5.0
28180,65.62739610671997,11840,5.734400000000001,5.0,5.0
28190,65.65036678314209,11840,14.0,5.0,5.0
28200,65.67233610153198,11840,5.0,5.0,5.0
28201,65.67442488670349,11840,14.0,5.0,5.0
28202,65.6763379573822,11840,21.200000000000003,5.0,5.0
28210,65.6983630657196,11840,8.683520000000005,5.0,5.0
28213,65.70733904838562,11840,16.946816000000005,5.0,5.0
28220,65.72251057624817,11840,6.941415833600004,5.0,5.0
28230,65.74751949310303,11840,5.0,5.0,5.0
28238,65.77255940437317,11840,14.0,5.0,5.0
28240,65.77558994293213,11840,8.96,5.0,5.0
28250,65.80387043952942,11840,14.587520000000001,5.0,5.0
28260,65.83192276954651,11840,7.4688102400000025,5.0,5.0
28270,65.8589186668396,11840,5.0,5.0,5.0
28280,65.88614392280579,11840,5.0,5.0,5.0
28282,65.89013051986694,11840,14.0,5.0,5.0
28290,65.90918135643005,11840,8.96,5.0,5.0
28298,65.92862153053284,11840,14.0,5.0,5.0
28300,65.93269228935242,11840,21.200000000000003,5.0,5.0
28305,65.94609379768372,11840,23.568000000000005,5.0,5.0
28310,65.95818758010864,11840,9.653452800000004,5.0,5.0
28311,65.96019840240479,11840,17.72276224,5.0,5.0
28320,65.9772367477417,11840,5.0,5.0,5.0
28326,65.9892041683197,11840,14.0,5.0,5.0
28328,65.99423742294312,11840,18.96,5.0,5.0
28330,65.99919843673706,11840,18.96,5.0,5.0
28331,66.0022029876709,11840,25.168,5.0,5.0
28339,66.01919531822205,11840,12.886016000000001,5.0,14.0
28340,66.02119660377502,11840,10.308812800000002,5.0,14.0
28344,66.03519535064697,11840,16.597640192,5.0,14.0
28347,66.04119491577148,11840,10.622489722880001,5.0,21.200000000000003
28350,66.05221724510193,11840,10.622489722880001,5.0,13.568000000000005
28351,66.05423164367676,11840,18.497991778304,5.0,13.568000000000005
28355,66.06623721122742,11840,19.47097179049165,5.0,13.568000000000005
28360,66.07719850540161,11840,15.576777432393321,5.0,6.9468160000000045
28370,66.09819793701172,11840,6.380248036308306,5.0,5.0
28380,66.12635707855225,11840,5.0,5.0,5.0
28390,66.15069389343262,11840,5.0,5.0,5.0
28400,66.18073964118958,11840,5.0,5.0,5.0
28402,66.18676948547363,11840,14.0,5.0,5.0
28407,66.19573760032654,11840,15.7344,5.0,5.0
28410,66.20522713661194,11840,15.7344,5.0,5.0
28414,66.21445727348328,11840,20.070016000000003,5.0,5.0
28415,66.21648073196411,11840,26.0560128,5.0,5.0
28420,66.23051857948303,11840,13.3406785536,5.0,5.0
28421,66.23348426818848,11840,20.67254284288,5.0,5.0
28425,66.24046540260315,11840,18.46747354844365,5.0,5.0
28430,66.25252628326416,11840,7.564277165442521,5.0,5.0
28433,66.26046061515808,11840,16.051421732354015,5.0,5.0
28440,66.27945685386658,11840,8.218327926965257,5.0,5.0
28450,66.30649280548096,11840,5.0,5.0,5.0
28458,66.32990670204163,11840,14.0,5.0,5.0
28460,66.33584809303284,11840,14.0,5.0,5.0
28470,66.35747838020325,11840,5.734400000000001,5.0,5.0
28472,66.36147809028625,11840,14.587520000000001,5.0,5.0
28480,66.38447976112366,11840,5.0,5.0,5.0
28481,66.38752150535583,11840,14.0,5.0,5.0
28485,66.40153813362122,11840,21.200000000000003,5.0,5.0
28490,66.41777658462524,11840,13.568000000000005,5.0,5.0
28500,66.44534468650818,11840,5.0,5.0,5.0
28510,66.46938991546631,11840,5.0,5.0,5.0
28520,66.4964234828949,11840,5.0,5.0,5.0
28530,66.52138710021973,11840,14.0,5.0,5.0
28531,66.5243923664093,11840,21.200000000000003,5.0,5.0
28532,66.52641654014587,11840,26.960000000000004,5.0,5.0
28533,66.52839064598083,11840,31.568000000000005,5.0,5.0
28540,66.54339075088501,11840,12.930252800000003,5.0,5.0
28550,66.57154607772827,11840,5.296231546880003,5.0,5.0
28560,66.59566164016724,11840,5.0,5.0,5.0
28564,66.60337090492249,11840,14.0,5.0,5.0
28565,66.60537147521973,11840,21.200000000000003,5.0,5.0
28570,66.6174156665802,11840,8.683520000000005,5.0,5.0
28580,66.64481902122498,11840,5.0,5.0,5.0
28590,66.663818359375,11840,5.0,5.0,5.0
28592,66.66981935501099,11840,14.0,5.0,5.0
28594,66.67281913757324,11840,21.200000000000003,5.0,5.0
28600,66.68281865119934,11840,10.854400000000005,5.0,5.0
28610,66.70965528488159,11840,5.557452800000004,5.0,5.0
28616,66.72358083724976,11840,14.445962240000004,5.0,5.0
28620,66.73058104515076,11840,7.396332666880004,5.0,5.0
28630,66.75159311294556,11840,5.0,5.0,5.0
28634,66.76166439056396,11840,14.0,5.0,5.0
28635,66.76366949081421,11840,21.200000000000003,5.0,5.0
28636,66.76564311981201,11840,26.960000000000004,5.0,5.0
28640,66.77513527870178,11840,17.254400000000004,5.0,5.0
28641,66.7771348953247,11840,23.803520000000006,5.0,5.0
28650,66.7988212108612,11840,7.799937433600004,5.0,5.0
28660,66.82131791114807,11840,5.0,5.0,5.0
28670,66.84931707382202,11840,5.0,5.0,5.0
28680,66.87535881996155,11840,5.0,5.0,5.0
28686,66.8892810344696,11840,14.0,5.0,5.0
28690,66.89628100395203,11840,7.168000000000001,5.0,5.0
28694,66.90631866455078,11840,14.587520000000001,5.0,5.0
28700,66.9175431728363,11840,9.336012800000002,5.0,5.0
28710,66.94656801223755,11840,14.0,5.0,5.0
28720,66.97474312782288,11840,5.734400000000001,5.0,5.0
28730,67.00270438194275,11840,5.0,5.0,5.0
28740,67.03074145317078,11840,5.0,5.0,5.0
28750,67.05372548103333,11840,5.0,5.0,5.0
28754,67.06373500823975,11840,14.0,5.0,5.0
28758,67.07174372673035,11840,17.168,5.0,5.0
28760,67.07777404785156,11840,13.7344,5.0,5.0
28762,67.08174514770508,11840,18.790016,5.0,5.0
28770,67.10777235031128,11840,12.025610240000002,5.0,5.0
28780,67.13670611381531,11840,6.157112442880003,5.0,5.0
28781,67.13870596885681,11840,14.925689954304001,5.0,5.0
28787,67.1517436504364,11840,19.55244157075456,5.0,5.0
28789,67.15674781799316,11840,22.51356260528292,5.0,5.0
28790,67.15770649909973,11840,22.51356260528292,5.0,5.0
28791,67.15974259376526,11840,28.010850084226337,5.0,5.0
28792,67.16186738014221,11840,32.40868006738107,5.0,5.0
28797,67.17188787460327,11840,23.27459535559929,5.0,5.0
28799,67.1760470867157,11840,24.895741027583547,5.0,5.0
28800,67.17809677124023,11840,19.91659282206684,5.0,5.0
28810,67.20104837417603,11840,6.526269135934864,5.0,5.0
28820,67.22546887397766,11840,5.221015308747892,5.0,5.0
28825,67.23946976661682,11840,14.176812246998313,5.0,5.0
28828,67.24677443504333,11840,19.073159838078922,5.0,5.0
28830,67.25478339195251,11840,19.073159838078922,5.0,5.0
28837,67.27378106117249,11840,17.812366269677128,5.0,5.0
28840,67.27878546714783,11840,9.119931530074691,5.0,5.0
28841,67.28083038330078,11840,17.295945224059754,5.0,5.0
28844,67.28774452209473,11840,18.855523954718596,5.0,5.0
28845,67.28982329368591,11840,25.084419163774875,5.0,5.0
28847,67.29379987716675,11840,26.054028264815923,5.0,5.0
28850,67.30174541473389,11840,16.674578089482193,5.0,5.0
28857,67.32278966903687,11840,20.671729977268605,5.0,5.0
28860,67.32879519462585,11840,10.583925748361526,5.0,5.0
28870,67.35404896736145,11840,5.0,5.0,5.0
28879,67.37831330299377,11840,14.0,5.0,5.0
28880,67.3802900314331,11840,11.200000000000001,5.0,5.0
28881,67.38231348991394,11840,18.96,5.0,5.0
28888,67.3972909450531,11840,17.766016,5.0,5.0
28890,67.40130972862244,11840,11.370250240000003,5.0,5.0
28897,67.41935110092163,11840,15.821568122880002,5.0,5.0
28899,67.42433762550354,11840,20.125803598643202,5.0,5.0
28900,67.42634010314941,11840,26.100642878914563,5.0,5.0
28902,67.43330883979797,11840,30.88051430313165,5.0,5.0
28906,67.44127106666565,11840,25.810823323203408,5.0,5.0
28910,67.44830822944641,11840,13.215141541480145,5.0,5.0
28916,67.4613447189331,11840,18.457690586547294,5.0,5.0
28920,67.46883082389832,11840,9.450337580312215,5.0,5.0
28930,67.49283289909363,11840,5.0,5.0,5.0
28939,67.5111300945282,11840,14.0,5.0,5.0
28940,67.51418805122375,11840,21.200000000000003,5.0,5.0
28950,67.53314304351807,11840,6.9468160000000045,5.0,5.0
28960,67.55713701248169,11840,5.0,5.0,5.0
28970,67.58294248580933,11840,5.0,5.0,5.0
28971,67.58593893051147,11840,14.0,5.0,5.0
28976,67.59993886947632,11840,18.96,5.0,5.0
28980,67.60636973381042,11840,9.707520000000002,5.0,5.0
28990,67.63243293762207,11840,14.970250240000002,5.0,5.0
28992,67.63667964935303,11840,19.580960153600003,5.0,5.0
28999,67.64769196510315,11840,20.0254515986432,5.0,5.0
29000,67.64871788024902,11840,16.02036127891456,5.0,5.0
29002,67.654217004776,11840,22.81628902313165,5.0,5.0
29010,67.66920828819275,11840,9.345551983874726,5.0,5.0
29013,67.67620873451233,11840,17.47644158709978,5.0,5.0
29014,67.67824339866638,11840,23.981153269679826,5.0,5.0
29020,67.69321727752686,11840,15.34793809259509,5.0,5.0
29026,67.71020793914795,11840,17.858144303408686,5.0,5.0
29028,67.71420764923096,11840,24.28651544272695,5.0,5.0
29030,67.7172532081604,11840,19.429212354181562,5.0,5.0
29040,67.73939085006714,11840,7.958205380272769,5.0,5.0
29042,67.74539685249329,11840,16.366564304218215,5.0,5.0
29050,67.76262283325195,11840,15.362995791206226,5.0,5.0
29060,67.7866747379303,11840,6.292683076078071,5.0,5.0
29067,67.80311632156372,11840,14.027317168689965,5.0,5.0
29070,67.81113338470459,11840,8.977482987961578,5.0,5.0
29080,67.83814930915833,11840,5.0,5.0,5.0
29090,67.8601541519165,11840,5.0,5.0,5.0
29098,67.88416242599487,11840,14.0,5.0,5.0
29099,67.88619661331177,11840,21.200000000000003,5.0,5.0
29100,67.89024615287781,11840,21.200000000000003,5.0,5.0
29101,67.89216160774231,11840,26.960000000000004,5.0,5.0
29102,67.89417576789856,11840,31.568000000000005,5.0,5.0
29103,67.89622092247009,11840,35.254400000000004,5.0,5.0
29110,67.91228485107422,11840,11.552161792000005,5.0,5.0
29111,67.91432094573975,11840,19.241729433600007,5.0,5.0
29120,67.92928433418274,11840,5.0,5.0,5.0
29121,67.93143606185913,11840,14.0,5.0,5.0
29130,67.94843339920044,11840,5.734400000000001,5.0,5.0
29140,67.97802662849426,11840,5.0,5.0,5.0
29143,67.98344874382019,11840,14.0,5.0,5.0
29150,67.99645328521729,11840,5.734400000000001,5.0,5.0
29153,68.00253462791443,11840,14.0,5.0,5.0
29158,68.0134596824646,11840,11.200000000000001,5.0,14.0
29160,68.01645970344543,11840,11.200000000000001,5.0,8.96
29170,68.04046154022217,11840,5.0,5.0,5.0
29171,68.04244661331177,11840,14.0,5.0,5.0
29174,68.05346655845642,11840,21.200000000000003,5.0,5.0
29180,68.06945657730103,11840,10.854400000000005,5.0,5.0
29190,68.0914478302002,11840,6.9468160000000045,5.0,5.0
29200,68.11854720115662,11840,5.0,5.0,5.0
29210,68.14673662185669,11840,5.0,5.0,5.0
29220,68.17275071144104,11840,5.0,5.0,5.0
29222,68.17875003814697,11840,14.0,5.0,5.0
29223,68.18074989318848,11840,21.200000000000003,5.0,5.0
29227,68.19173884391785,11840,23.568000000000005,5.0,5.0
29230,68.1967420578003,11840,12.066816000000005,5.0,5.0
29238,68.215740442276,11840,17.72276224,5.0,5.0
29240,68.21873903274536,11840,14.178209792000002,5.0,5.0
29242,68.22274613380432,11840,21.3425678336,5.0,5.0
29245,68.22977542877197,11840,20.9273947308032,5.0,5.0
29250,68.23877310752869,11840,18.571860881736995,5.0,5.0
29251,68.24073958396912,11840,24.8574887053896,5.0,5.0
29252,68.24277639389038,11840,29.88599096431168,5.0,5.0
29259,68.25377440452576,11840,25.301627373727584,5.0,5.0
29260,68.25575256347656,11840,20.24130189898207,5.0,5.0
29264,68.26577758789062,11840,22.954433215348523,5.0,5.0
29270,68.27873611450195,11840,16.017366940804326,5.0,5.0
29280,68.30376553535461,11840,5.0,5.0,5.0
29288,68.32898736000061,11840,14.0,5.0,5.0
29290,68.33294868469238,11840,11.200000000000001,5.0,5.0
29291,68.33491253852844,11840,18.96,5.0,5.0
29296,68.34692311286926,11840,19.707520000000002,5.0,5.0
29300,68.35694813728333,11840,12.612812800000002,5.0,5.0
29302,68.36395359039307,11840,20.090250240000003,5.0,5.0
29303,68.3660020828247,11840,26.072200192000004,5.0,5.0
29305,68.36995244026184,11840,26.686208122880004,5.0,5.0
29310,68.38431549072266,11840,13.663338558914564,5.0,5.0
29320,68.40689635276794,11840,5.0,5.0,5.0
29327,68.42885088920593,11840,14.0,5.0,5.0
29330,68.4339189529419,11840,7.168000000000001,5.0,5.0
29340,68.45634603500366,11840,5.0,5.0,5.0
29350,68.4882218837738,11840,14.0,5.0,5.0
29355,68.49724006652832,11840,15.7344,5.0,5.0
29357,68.50127243995667,11840,20.070016000000003,5.0,5.0
29359,68.50529360771179,11840,22.84481024,5.0,5.0
29360,68.50922417640686,11840,22.84481024,5.0,5.0
29365,68.52025198936462,11840,24.6206785536,5.0,5.0
29369,68.5302529335022,11840,22.605787419443203,5.0,5.0
29370,68.53220963478088,11840,18.084629935554563,5.0,5.0
29380,68.55420565605164,11840,5.925971537282521,5.0,5.0
29390,68.58965396881104,11840,5.925971537282521,5.0,5.0
29395,68.59868955612183,11840,14.0,5.0,5.0
29400,68.61067390441895,11840,5.734400000000001,5.0,5.0
29410,68.62969136238098,11840,5.0,5.0,5.0
29416,68.64569664001465,11840,14.0,5.0,5.0
29420,68.65567564964294,11840,8.96,5.0,5.0
29421,68.65872240066528,11840,17.168,5.0,5.0
29430,68.68074250221252,11840,7.032012800000001,5.0,5.0
29440,68.71172332763672,11840,5.0,5.0,5.0
29442,68.71870946884155,11840,14.0,5.0,5.0
29447,68.72691011428833,11840,17.168,5.0,5.0
29450,68.73294067382812,11840,17.168,5.0,5.0
29451,68.73494601249695,11840,23.7344,5.0,5.0
29457,68.74994564056396,11840,19.721610240000004,5.0,5.0
29460,68.7549569606781,11840,12.621830553600004,5.0,5.0
29462,68.76094603538513,11840,20.097464442880003,5.0,5.0
29468,68.7749445438385,11840,16.58553714864292,5.0,5.0
29470,68.77794575691223,11840,10.61474377513147,5.0,5.0
29480,68.80129098892212,11840,5.0,5.0,5.0
29487,68.81728887557983,11840,14.0,5.0,5.0
29490,68.82226037979126,11840,7.168000000000001,5.0,5.0
29500,68.84523057937622,11840,7.168000000000001,5.0,5.0
29510,68.87726283073425,11840,5.0,5.0,5.0
29520,68.89561343193054,11840,5.0,5.0,5.0
29521,68.897789478302,11840,14.0,5.0,5.0
29528,68.91668224334717,11840,17.168,5.0,5.0
29530,68.9207227230072,11840,10.987520000000002,5.0,5.0
29540,68.94269132614136,11840,5.0,5.0,5.0
29550,68.97227621078491,11840,5.0,5.0,5.0
29560,69.00129055976868,11840,5.0,5.0,5.0
29561,69.00327682495117,11840,14.0,5.0,5.0
29570,69.01897192001343,11840,5.0,5.0,5.0
29574,69.02953791618347,11840,14.0,5.0,5.0
29580,69.04248595237732,11840,8.96,5.0,5.0
29582,69.04650139808655,11840,15.7344,5.0,5.0
29590,69.07266759872437,11840,12.587520000000001,5.0,5.0
29593,69.0806655883789,11840,18.056012800000005,5.0,5.0
29594,69.08272981643677,11840,24.444810240000002,5.0,5.0
29600,69.09571743011475,11840,19.555848192000003,5.0,5.0
29602,69.09966206550598,11840,25.644678553600002,5.0,5.0
29610,69.11670255661011,11840,10.504060335554563,5.0,5.0
29617,69.13174247741699,11840,15.378078891803938,5.0,5.0
29620,69.13910150527954,11840,12.302463113443151,5.0,5.0
29630,69.16708612442017,11840,5.039088891266315,5.0,5.0
29638,69.183584690094,11840,14.0,5.0,5.0
29640,69.1895489692688,11840,11.200000000000001,5.0,5.0
29646,69.20656991004944,11840,17.168,5.0,5.0
29648,69.21099972724915,11840,20.987520000000004,5.0,5.0
29650,69.21704292297363,11840,16.790016000000005,5.0,5.0
29654,69.22399973869324,11840,20.745610240000005,5.0,5.0
29656,69.22799968719482,11840,23.277190553600008,5.0,5.0
29660,69.23703598976135,11840,14.897401954304005,5.0,5.0
29667,69.26008939743042,11840,19.534337250754565,5.0,5.0
29668,69.2630364894867,11840,25.627469800603652,5.0,5.0
29669,69.2650363445282,11840,30.501975840482924,5.0,5.0
29670,69.26708745956421,11840,24.40158067238634,5.0,5.0
29676,69.28005170822144,11840,17.99590995472756,5.0,5.0
29680,69.28810811042786,11840,9.213905896820512,5.0,5.0
29681,69.29014945030212,11840,17.37112471745641,5.0,5.0
29690,69.30810165405273,11840,14.0,5.0,5.0
29700,69.33032536506653,11840,5.0,5.0,5.0
29704,69.34434938430786,11840,14.0,5.0,5.0
29707,69.35429739952087,11840,21.200000000000003,5.0,5.0
29710,69.3593258857727,11840,16.960000000000004,5.0,5.0
29718,69.38229036331177,11840,16.946816000000005,5.0,5.0
29720,69.38634872436523,11840,10.845962240000006,5.0,5.0
29724,69.39659190177917,11840,16.941415833600004,5.0,5.0
29730,69.41159749031067,11840,20.842506133504003,5.0,5.0
29740,69.43260073661804,11840,6.829672409826593,5.0,5.0
29750,69.46654534339905,11840,5.0,5.0,5.0
29751,69.46854496002197,11840,14.0,5.0,5.0
29759,69.49354863166809,11840,17.168,5.0,5.0
29760,69.49457049369812,11840,13.7344,5.0,5.0
29763,69.50384497642517,11840,18.790016,5.0,5.0
29768,69.51635885238647,11840,19.620488192000003,5.0,5.0
29770,69.52041006088257,11840,12.557112442880005,5.0,5.0
29776,69.53235864639282,11840,18.036551963443202,5.0,5.0
29780,69.53935933113098,11840,11.54339325660365,5.0,5.0
29787,69.5543692111969,11840,15.91021734738107,5.0,5.0
29790,69.56035923957825,11840,10.182539102323886,5.0,5.0
29796,69.57239699363708,11840,16.516825025487286,5.0,5.0
29800,69.58236169815063,11840,8.456614413049492,5.0,5.0
29804,69.59441065788269,11840,16.765291530439594,5.0,5.0
29810,69.6048424243927,11840,10.729786579481342,5.0,5.0
29812,69.60888314247131,11840,18.583829263585073,5.0,5.0
29820,69.63384199142456,11840,11.893650728694448,5.0,5.0
29830,69.65992784500122,11840,6.089549173091559,5.0,5.0
29836,69.67485022544861,11840,14.0,5.0,5.0
29839,69.68288016319275,11840,18.96,5.0,5.0
29840,69.68486881256104,11840,15.168000000000001,5.0,5.0
29850,69.71087121963501,11840,9.707520000000002,5.0,5.0
29852,69.71484470367432,11840,16.212812800000002,5.0,5.0
29860,69.730886220932,11840,6.640768122880002,5.0,5.0
29862,69.73484587669373,11840,14.250091598643202,5.0,5.0
29869,69.74784541130066,11840,14.669470015043405,5.0,5.0
29870,69.74990463256836,11840,11.735576012034725,5.0,5.0
29878,69.77084851264954,11841,5.0,5.0,14.0
29880,69.77285194396973,11841,5.0,5.0,8.96
29890,69.798912525177,11841,5.0,5.0,5.0
29896,69.81324315071106,11841,14.0,5.0,5.0
29900,69.82367777824402,11841,18.96,5.0,5.0
29909,69.84817743301392,11841,14.970250240000002,5.0,5.0
29910,69.84913730621338,11841,11.976200192000002,5.0,5.0
29911,69.85114097595215,11841,19.580960153600003,5.0,5.0
29913,69.8581874370575,11841,25.664768122880005,5.0,5.0
29920,69.87562441825867,11841,16.425451598643203,5.0,5.0
29921,69.87762427330017,11841,23.14036127891456,5.0,5.0
29930,69.89856028556824,11841,9.478291979843407,5.0,5.0
29932,69.90456032752991,11841,17.582633583874724,5.0,5.0
29934,69.9095630645752,11841,21.252885493679827,5.0,5.0
29940,69.92056488990784,11841,17.002308394943864,5.0,5.0
29944,69.92888832092285,11841,16.96414551856901,5.0,5.0
29950,69.94288754463196,11841,8.685642505507333,5.0,5.0
29956,69.9548876285553,11841,14.0,5.0,5.0
29960,69.96490097045898,11841,17.168,5.0,5.0
29967,69.98390126228333,11841,17.0320128,5.0,5.0
29970,69.99590039253235,11841,17.0320128,5.0,5.0
29971,69.99890041351318,11841,23.62561024,5.0,5.0
29980,70.0189254283905,11841,9.677049954304003,5.0,5.0
29990,70.04897284507751,11841,5.0,5.0,5.0
29998,70.07091546058655,11841,14.0,5.0,5.0
29999,70.07389068603516,11841,21.200000000000003,5.0,5.0
30000,70.07589077949524,11841,26.960000000000004,5.0,5.0
30002,70.07996392250061,11841,27.254400000000004,5.0,5.0
30010,70.09688591957092,11841,8.930721792000003,5.0,5.0
30013,70.10743641853333,11841,17.144577433600002,5.0,5.0
30015,70.11438226699829,11841,23.715661946880005,5.0,5.0
30020,70.1263747215271,11841,12.142418916802564,5.0,5.0
30021,70.12834739685059,11841,19.71393513344205,5.0,5.0
30022,70.13034343719482,11841,25.771148106753643,5.0,5.0
30029,70.14740586280823,11841,23.194827830657864,5.0,5.0
30030,70.14938759803772,11841,18.555862264526294,5.0,5.0
30032,70.15638732910156,11841,24.844689811621038,5.0,5.0
30036,70.16334319114685,11841,22.720481183549975,5.0,5.0
30040,70.17138195037842,11841,9.306309092782072,5.0,5.0
30050,70.19934296607971,11841,5.956037819380526,5.0,5.0
30060,70.22834300994873,11841,5.0,5.0,5.0
30070,70.25439548492432,11841,5.0,5.0,5.0
30080,70.27666211128235,11841,5.0,5.0,5.0
30090,70.3026716709137,11841,5.0,5.0,5.0
30100,70.3327124118805,11841,5.0,5.0,5.0
30110,70.35971260070801,11841,5.0,5.0,5.0
30111,70.36171269416809,11841,14.0,5.0,5.0
30114,70.3697121143341,11841,21.200000000000003,5.0,5.0
30120,70.38470697402954,11841,16.960000000000004,5.0,5.0
30130,70.40567588806152,11841,5.557452800000004,5.0,5.0
30140,70.43399262428284,11841,5.0,5.0,5.0
30150,70.46609234809875,11841,5.0,5.0,5.0
30160,70.48699498176575,11841,5.0,5.0,5.0
30169,70.5089955329895,11841,14.0,5.0,5.0
30170,70.51099634170532,11841,14.0,5.0,5.0
30174,70.52399206161499,11841,18.96,5.0,5.0
30177,70.5326292514801,11841,22.1344,5.0,5.0
30178,70.53572368621826,11841,27.70752,5.0,5.0
30180,70.53862929344177,11841,22.166016,5.0,5.0
30189,70.56063055992126,11841,14.648550478643202,5.0,5.0
30190,70.5646333694458,11841,14.648550478643202,5.0,5.0
30200,70.58563041687012,11841,5.0,5.0,5.0
30203,70.59366583824158,11841,14.0,5.0,5.0
30210,70.61163234710693,11841,7.168000000000001,5.0,5.0
30218,70.63211965560913,11841,14.0,5.0,5.0
30220,70.6361837387085,11841,8.96,5.0,5.0
30230,70.65812301635742,11841,5.0,5.0,5.0
30233,70.6671302318573,11841,14.0,5.0,5.0
30240,70.68712425231934,11841,7.168000000000001,5.0,5.0
30243,70.69317507743835,11841,14.587520000000001,5.0,5.0
30247,70.70812606811523,11841,21.670016000000004,5.0,5.0
30250,70.71718668937683,11841,23.868810240000002,5.0,5.0
30260,70.74115943908691,11841,9.776664674304003,5.0,5.0
30270,70.77421140670776,11841,5.00565231324365,5.0,5.0
30272,70.77812218666077,11841,14.0,5.0,5.0
30280,70.79816007614136,11841,7.168000000000001,5.0,5.0
30287,70.82215094566345,11841,15.7344,5.0,5.0
30290,70.82918953895569,11841,15.7344,5.0,5.0
30294,70.84214115142822,11841,20.070016000000003,5.0,5.0
30300,70.85430479049683,11841,16.576542842880002,5.0,5.0
30302,70.85826659202576,11841,23.261234274304,5.0,5.0
30310,70.87933707237244,11841,6.09779299760315,5.0,5.0
30320,70.9075984954834,11841,5.0,5.0,5.0
30330,70.92320942878723,11841,5.0,5.0,5.0
30340,70.94914436340332,11841,5.0,5.0,5.0
30350,70.97152853012085,11841,5.0,5.0,5.0
30354,70.98652744293213,11841,14.0,5.0,5.0
30360,71.0045063495636,11841,8.96,5.0,5.0
30370,71.0335054397583,11841,5.0,5.0,5.0
30380,71.06431365013123,11841,5.0,5.0,5.0
30390,71.08823776245117,11841,5.0,5.0,5.0
30400,71.11183094978333,11841,5.0,5.0,5.0
30405,71.12383127212524,11841,14.0,5.0,5.0
30406,71.12583088874817,11841,21.200000000000003,5.0,5.0
30410,71.13483619689941,11841,13.568000000000005,5.0,5.0
30420,71.16449427604675,11841,5.0,5.0,5.0
30430,71.19349932670593,11841,5.0,5.0,5.0
30440,71.22225666046143,11841,14.0,5.0,5.0
30450,71.24825644493103,11841,5.734400000000001,5.0,5.0
30460,71.27157998085022,11841,5.0,5.0,5.0
30470,71.30475759506226,11841,5.0,5.0,5.0
30480,71.34076952934265,11841,5.0,5.0,5.0
30490,71.3647689819336,11841,14.0,5.0,5.0
30491,71.36775755882263,11841,21.200000000000003,5.0,5.0
30492,71.36975717544556,11841,26.960000000000004,5.0,5.0
30500,71.38485336303711,11841,8.834252800000003,5.0,5.0
30510,71.40686774253845,11841,5.0,5.0,5.0
30512,71.41186666488647,11841,14.0,5.0,5.0
30517,71.42389130592346,11841,17.168,5.0,5.0
30518,71.42685770988464,11841,23.7344,5.0,5.0
30520,71.43082118034363,11841,15.190016,5.0,5.0
30527,71.44882035255432,11841,16.2218305536,5.0,5.0
30530,71.45381808280945,11841,8.305577243443201,5.0,5.0
30540,71.47982048988342,11841,14.25245554864292,5.0,5.0
30546,71.49533724784851,11841,17.297257240905175,5.0,5.0
30550,71.50533771514893,11841,11.070244634179312,5.0,5.0
30558,71.52434039115906,11841,17.084956565874762,5.0,5.0
30560,71.53037762641907,11841,13.66796525269981,5.0,5.0
30561,71.53333687782288,11841,20.93437220215985,5.0,5.0
30562,71.53533744812012,11841,26.74749776172788,5.0,5.0
30567,71.54534816741943,11841,18.764620066562994,5.0,5.0
30570,71.55642867088318,11841,15.011696053250397,5.0,5.0
30577,71.57212281227112,11841,16.148790703411365,5.0,5.0
30580,71.57908320426941,11841,12.919032562729093,5.0,5.0
30582,71.58608102798462,11841,20.335226050183273,5.0,5.0
30590,71.60608124732971,11841,8.32930859015507,5.0,5.0
30600,71.6360809803009,11841,5.330757497699246,5.0,5.0
30610,71.66715788841248,11841,5.0,5.0,5.0
30615,71.68111872673035,11841,14.0,5.0,5.0
30620,71.69310259819031,11841,5.734400000000001,5.0,5.0
30630,71.7150809764862,11841,5.0,5.0,5.0
30640,71.73911595344543,11841,14.0,5.0,5.0
30643,71.74811720848083,11841,18.96,5.0,5.0
30645,71.75135898590088,11841,25.168,5.0,5.0
30648,71.75736021995544,11841,26.10752,5.0,5.0
30650,71.76436018943787,11841,20.886016,5.0,5.0
30660,71.78337788581848,11841,5.475143778304002,5.0,5.0
30670,71.80739951133728,11841,5.0,5.0,5.0
30674,71.82035946846008,11841,14.0,5.0,5.0
30680,71.83735990524292,11841,17.168,5.0,5.0
30681,71.839359998703,11841,23.7344,5.0,5.0
30685,71.85039258003235,11841,22.1520128,5.0,5.0
30690,71.86385250091553,11841,14.177288192,5.0,5.0
30696,71.87889051437378,11841,19.073464442880002,5.0,5.0
30700,71.88888716697693,11841,12.207017243443204,5.0,5.0
30706,71.90685367584229,11841,14.999994262914338,5.0,5.0
30710,71.91688299179077,11841,7.679997062612142,5.0,5.0
30720,71.94085097312927,11841,5.0,5.0,5.0
30725,71.95488810539246,11841,14.0,5.0,5.0
30730,71.96988368034363,11841,7.168000000000001,5.0,5.0
30739,71.98786234855652,11841,14.0,5.0,5.0
30740,71.98988795280457,11841,21.200000000000003,5.0,5.0
30741,71.99187898635864,11841,26.960000000000004,5.0,5.0
30742,71.99484777450562,11841,31.568000000000005,5.0,5.0
30747,72.0038845539093,11841,22.930252800000005,5.0,5.0
30749,72.00784802436829,11841,24.675361792000004,5.0,5.0
30750,72.01044487953186,11841,29.740289433600005,5.0,5.0
30751,72.0133638381958,11841,33.792231546880004,5.0,5.0
30760,72.02976775169373,11841,11.073038433281644,5.0,5.0
30770,72.05372023582458,11841,5.669395677840202,5.0,5.0
30780,72.07168793678284,11841,5.0,5.0,14.0
30790,72.09275531768799,11841,5.0,5.0,5.734400000000001
30800,72.1176769733429,11841,5.0,5.0,5.0
30810,72.14568138122559,11841,5.0,5.0,5.0
30812,72.15267539024353,11841,14.0,5.0,5.0
30814,72.16068029403687,11841,21.200000000000003,5.0,5.0
30817,72.16867446899414,11841,20.854400000000005,5.0,5.0
30820,72.17367434501648,11841,16.683520000000005,5.0,5.0
30826,72.18667769432068,11841,16.833569792000002,5.0,5.0
30829,72.1916778087616,11841,20.77348466688,5.0,5.0
30830,72.19367742538452,11841,16.618787733504004,5.0,5.0
30837,72.21067810058594,11841,14.356515491611674,5.0,5.0
30840,72.21475958824158,11841,11.48521239328934,5.0,5.0
30841,72.21673965454102,11841,19.188169914631473,5.0,5.0
30846,72.22971510887146,11841,17.859474397033054,5.0,5.0
30847,72.23170495033264,11841,24.287579517626444,5.0,5.0
30850,72.23967742919922,11841,15.544050891280927,5.0,5.0
30852,72.24468874931335,11841,19.948192570419792,5.0,5.0
30860,72.2696738243103,11841,10.213474596054937,5.0,5.0
30861,72.27167391777039,11841,18.17077967684395,5.0,5.0
30868,72.29067635536194,11841,21.62929899318013,5.0,5.0
30870,72.29374384880066,11841,13.842751355635285,5.0,5.0
30874,72.30371928215027,11841,21.07420108450823,5.0,5.0
30880,72.32077503204346,11841,13.487488694085267,5.0,5.0
30890,72.33970808982849,11841,5.0,5.0,5.0
30896,72.3516776561737,11841,14.0,5.0,5.0
30900,72.36370182037354,11841,11.200000000000001,5.0,5.0
30910,72.38269805908203,11841,5.734400000000001,5.0,5.0
30914,72.3906774520874,11841,14.0,5.0,5.0
30917,72.39571380615234,11841,18.96,5.0,5.0
30920,72.40273976325989,11841,15.168000000000001,5.0,5.0
30930,72.42067742347717,11841,5.0,5.0,5.0
30940,72.44867658615112,11841,5.0,5.0,5.0
30946,72.46268844604492,11841,14.0,5.0,5.0
30950,72.47267770767212,11841,7.168000000000001,5.0,5.0
30959,72.49169588088989,11841,14.0,5.0,5.0
30960,72.49367594718933,11841,14.0,5.0,5.0
30966,72.50767421722412,11841,18.96,5.0,5.0
30970,72.51867389678955,11841,9.707520000000002,5.0,5.0
30980,72.5526750087738,11841,6.212812800000002,5.0,5.0
30990,72.58371663093567,11841,5.0,5.0,5.0
30991,72.58567786216736,11841,14.0,5.0,5.0
30998,72.60569477081299,11841,17.168,5.0,5.0
30999,72.60867762565613,11841,23.7344,5.0,5.0
31000,72.60970044136047,11841,18.98752,5.0,5.0
31002,72.616708278656,11841,25.190016,5.0,5.0
31010,72.63668894767761,11841,8.254264442880004,5.0,5.0
31020,72.65867853164673,11841,14.0,5.0,5.0
31030,72.68567657470703,11841,5.734400000000001,5.0,5.0
31040,72.71168351173401,11841,5.0,5.0,5.0
31043,72.7207133769989,11841,14.0,5.0,5.0
31045,72.72572231292725,11841,18.96,5.0,5.0
31050,72.73467755317688,11841,12.134400000000001,5.0,5.0
31051,72.73671388626099,11841,19.707520000000002,5.0,5.0
31060,72.75667762756348,11841,6.457760153600002,5.0,5.0
31063,72.7647135257721,11841,15.166208122880002,5.0,5.0
31070,72.78567481040955,11841,19.706373198643202,5.0,5.0
31080,72.81767439842224,11841,8.071730462164258,5.0,5.0
31082,72.82167410850525,11841,15.165907495785126,5.0,5.0
31090,72.84273219108582,11841,16.21195571027359,5.0,5.0
31100,72.86579418182373,11841,5.0,5.0,5.0
31110,72.884770154953,11841,5.0,5.0,5.0
31120,72.90901589393616,11841,5.0,5.0,5.0
31130,72.93500971794128,11841,5.0,5.0,5.0
31140,72.96234703063965,11841,5.0,5.0,5.0
31150,72.98638892173767,11841,5.0,5.0,5.0
31160,73.00732135772705,11841,5.0,5.0,5.0
31169,73.0307068824768,11841,14.0,5.0,5.0
31170,73.03164458274841,11841,11.200000000000001,5.0,5.0
31180,73.0620665550232,11841,7.168000000000001,5.0,5.0
31190,73.0909993648529,11841,5.0,5.0,5.0
31194,73.10003733634949,11841,14.0,5.0,5.0
31200,73.11203527450562,11841,11.200000000000001,5.0,5.0
31210,73.13899421691895,11841,7.168000000000001,5.0,5.0
31213,73.14599418640137,11841,15.7344,5.0,5.0
31215,73.15104818344116,11841,20.070016000000003,5.0,5.0
31220,73.1670548915863,11841,12.844810240000001,5.0,5.0
31230,73.1970317363739,11841,5.261234274304002,5.0,5.0
31240,73.21699595451355,11841,5.0,5.0,5.0
31250,73.25024819374084,11841,5.0,5.0,5.0
31260,73.28070211410522,11841,5.0,5.0,5.0
31270,73.30270290374756,11841,5.0,5.0,5.0
31276,73.31870746612549,11841,14.0,5.0,5.0
31280,73.3312177658081,11841,11.200000000000001,5.0,5.0
31281,73.33391284942627,11841,18.96,5.0,5.0
31287,73.3489601612091,11841,22.1344,5.0,5.0
31290,73.35595512390137,11841,24.166016,5.0,5.0
31298,73.37674283981323,11841,17.91872012288,5.0,5.0
31300,73.38303208351135,11841,14.334976098304,5.0,5.0
31307,73.40104413032532,11841,15.87160620986532,5.0,5.0
31309,73.40502953529358,11841,22.69728496789226,5.0,5.0
31310,73.40704274177551,11841,22.69728496789226,5.0,5.0
31314,73.41404914855957,11841,21.62100990356084,5.0,5.0
31320,73.4241213798523,11841,7.084772525198817,5.0,5.0
31322,73.43109941482544,11841,15.667818020159054,5.0,5.0
31324,73.43708610534668,11841,22.534254416127244,5.0,5.0
31330,73.45107007026672,11841,9.230030608845722,5.0,5.0
31331,73.45407247543335,11841,17.384024487076577,5.0,5.0
31340,73.47503280639648,11841,5.696397143925253,5.0,5.0
31350,73.49921751022339,11841,5.0,5.0,5.0
31358,73.52186393737793,11841,14.0,5.0,5.0
31360,73.52838778495789,11841,11.200000000000001,5.0,5.0
31370,73.55341291427612,11841,5.0,5.0,5.0
31380,73.58572363853455,11841,5.0,5.0,5.0
31390,73.61273217201233,11841,5.0,5.0,5.0
31400,73.6387586593628,11841,5.0,5.0,5.0
31410,73.66775035858154,11841,5.0,5.0,5.0
31419,73.68669390678406,11841,14.0,5.0,5.0
31420,73.68869543075562,11841,14.0,5.0,5.0
31421,73.69074773788452,11841,21.200000000000003,5.0,5.0
31427,73.70478081703186,11841,16.946816000000005,5.0,5.0
31430,73.71173286437988,11841,10.845962240000006,5.0,5.0
31437,73.72887349128723,11841,16.941415833600004,5.0,5.0
31440,73.73396587371826,11841,10.842506133504003,5.0,5.0
31450,73.76094937324524,11841,6.939203925442563,5.0,5.0
31460,73.787912607193,11841,5.0,5.0,5.0
31469,73.812912940979,11841,14.0,5.0,5.0
31470,73.81787419319153,11841,14.0,5.0,5.0
31479,73.83987998962402,11841,14.587520000000001,5.0,5.0
31480,73.84090232849121,11841,11.670016000000002,5.0,5.0
31490,73.86203455924988,11841,5.0,5.0,5.0
31496,73.87596797943115,11841,14.0,5.0,5.0
31500,73.88496804237366,11841,8.96,5.0,5.0
31504,73.89196801185608,11841,7.168000000000001,5.0,14.0
31510,73.90501022338867,11841,5.0,5.0,7.168000000000001
31515,73.91397309303284,11841,14.0,5.0,5.0
31520,73.92512202262878,11841,5.734400000000001,5.0,5.0
31530,73.9531512260437,11841,5.0,5.0,5.0
31540,73.97115993499756,11841,5.0,5.0,5.0
31550,73.99716806411743,11841,5.0,5.0,5.0
31560,74.0251886844635,11841,5.0,5.0,5.0
31569,74.0512342453003,11841,14.0,5.0,5.0
31570,74.05514597892761,11841,14.0,5.0,5.0
31575,74.06422138214111,11841,15.7344,5.0,5.0
31580,74.07315683364868,11841,6.4448102400000025,5.0,5.0
31585,74.08716082572937,11841,14.124678553600003,5.0,5.0
31590,74.10220193862915,11841,7.231835419443202,5.0,5.0
31600,74.1381447315216,11841,5.785468335554562,5.0,5.0
31605,74.14815640449524,11841,14.62837466844365,5.0,5.0
31610,74.16214990615845,11841,9.362159787803938,5.0,5.0
31618,74.18015909194946,11841,14.0,5.0,5.0
31620,74.18418431282043,11841,8.96,5.0,5.0
31622,74.18815851211548,11841,15.7344,5.0,5.0
31630,74.2051613330841,11841,5.155848192000002,5.0,5.0
31636,74.2231855392456,11841,14.0,5.0,5.0
31640,74.23214364051819,11841,8.96,5.0,5.0
31650,74.25414299964905,11841,5.0,5.0,5.0
31660,74.28518152236938,11841,5.0,5.0,5.0
31670,74.31714200973511,11841,5.0,5.0,5.0
31680,74.34715962409973,11841,5.0,5.0,5.0
31690,74.37414526939392,11841,5.0,5.0,5.0
31700,74.39614367485046,11841,5.0,5.0,5.0
31710,74.4172215461731,11841,5.0,5.0,5.0
31720,74.44222569465637,11841,5.0,5.0,5.0
31730,74.46725606918335,11841,5.0,5.0,5.0
31733,74.47328472137451,11841,14.0,5.0,5.0
31740,74.49146580696106,11841,8.96,5.0,5.0
31742,74.49545359611511,11841,15.7344,5.0,5.0
31750,74.51143217086792,11841,5.155848192000002,5.0,5.0
31760,74.53746557235718,11841,5.0,5.0,5.0
31770,74.56393361091614,11841,5.0,5.0,5.0
31773,74.57193303108215,11841,14.0,5.0,5.0
31780,74.59296131134033,11841,8.96,5.0,5.0
31781,74.59496760368347,11841,17.168,5.0,5.0
31783,74.59893679618835,11841,20.987520000000004,5.0,5.0
31790,74.6190013885498,11841,10.745610240000005,5.0,5.0
31800,74.6369743347168,11841,5.0,5.0,5.0
31810,74.6613380908966,11841,5.0,5.0,5.0
31812,74.6673378944397,11841,14.0,5.0,5.0
31820,74.68885087966919,11841,8.96,5.0,5.0
31830,74.71691584587097,11841,5.0,5.0,5.0
31838,74.7440710067749,11841,14.0,5.0,5.0
31840,74.74908256530762,11841,14.0,5.0,5.0
31842,74.75201559066772,11841,21.200000000000003,5.0,5.0
31849,74.76701617240906,11841,18.683520000000005,5.0,5.0
31850,74.76906776428223,11841,18.683520000000005,5.0,5.0
31860,74.79309129714966,11841,6.122215833600004,5.0,5.0
31861,74.79503273963928,11841,14.897772666880003,5.0,5.0
31870,74.81806063652039,11841,5.0,5.0,5.0
31880,74.83905339241028,11841,5.0,5.0,5.0
31882,74.8430564403534,11841,14.0,5.0,5.0
31883,74.84501433372498,11841,21.200000000000003,5.0,5.0
31890,74.86601138114929,11841,13.568000000000005,5.0,5.0
31900,74.88701128959656,11841,8.683520000000005,5.0,5.0
31910,74.90701651573181,11841,5.0,5.0,5.0
31920,74.93703532218933,11841,5.0,5.0,5.0
31930,74.96205949783325,11841,5.0,5.0,5.0
31932,74.96603465080261,11841,14.0,5.0,5.0
31934,74.97201633453369,11841,21.200000000000003,5.0,5.0
31937,74.97701692581177,11841,23.568000000000005,5.0,5.0
31940,74.98503184318542,11841,15.083520000000005,5.0,5.0
31950,75.00401568412781,11841,5.0,5.0,5.0
31960,75.02304792404175,11841,5.0,5.0,5.0
31970,75.04107689857483,11841,5.0,5.0,5.0
31980,75.06405329704285,11841,5.0,5.0,5.0
31982,75.07101583480835,11841,14.0,5.0,5.0
31990,75.08605432510376,11841,5.734400000000001,5.0,5.0
32000,75.10902643203735,11841,5.0,5.0,5.0
32007,75.12701630592346,11841,14.0,5.0,5.0
32010,75.13901662826538,11841,14.0,5.0,5.0
32020,75.16002130508423,11841,7.168000000000001,5.0,5.0
32030,75.18310070037842,11841,5.734400000000001,5.0,5.0
32032,75.18605780601501,11841,14.587520000000001,5.0,5.0
32035,75.19205951690674,11841,19.336012800000002,5.0,5.0
32039,75.20001649856567,11841,19.900038553600005,5.0,5.0
32040,75.20204997062683,11841,19.900038553600005,5.0,5.0
32045,75.21501612663269,11841,20.188819739443204,5.0,5.0
32047,75.21901559829712,11841,22.920844633243654,5.0,5.0
32050,75.22702264785767,11841,18.336675706594924,5.0,5.0
32057,75.23901867866516,11841,16.008561895537028,5.0,5.0
32060,75.24407839775085,11841,8.19638369051496,5.0,5.0
32068,75.26403474807739,11841,14.19654844954366,5.0,5.0
32070,75.27002263069153,11841,11.357238759634928,5.0,5.0
32080,75.29601502418518,11841,5.0,5.0,5.0
32090,75.32001566886902,11841,5.0,5.0,5.0
32091,75.3220157623291,11841,14.0,5.0,5.0
32093,75.32601737976074,11841,21.200000000000003,5.0,5.0
32095,75.33007621765137,11841,26.960000000000004,5.0,5.0
32100,75.34005069732666,11841,17.254400000000004,5.0,5.0
32106,75.35405206680298,11841,8.834252800000003,5.0,14.0
32110,75.364098072052,11841,8.834252800000003,5.0,8.96
32117,75.37907242774963,11841,14.523137433600002,5.0,5.0
32120,75.38402056694031,11841,9.294807957504004,5.0,5.0
32130,75.41003131866455,11841,5.0,5.0,5.0
32135,75.42105078697205,11841,14.0,5.0,5.0
32140,75.4318015575409,11841,5.734400000000001,5.0,5.0
32150,75.45043730735779,11841,14.0,5.0,5.0
32155,75.46544694900513,11841,17.168,5.0,5.0
32158,75.47044849395752,11841,20.987520000000004,5.0,5.0
32159,75.4724452495575,11841,26.790016000000005,5.0,5.0
32160,75.47744750976562,11841,26.790016000000005,5.0,5.0
32163,75.48445200920105,11841,31.432012800000006,5.0,5.0
32165,75.49045252799988,11841,35.14561024000001,5.0,5.0
32170,75.50196719169617,11841,17.994552442880007,5.0,5.0
32172,75.50596714019775,11841,21.516513563443205,5.0,5.0
32180,75.51963496208191,11841,7.050531164469071,5.0,5.0
32190,75.54920554161072,11841,5.640424931575257,5.0,5.0
32200,75.57223725318909,11841,5.0,5.0,5.0
32210,75.59823727607727,11841,14.0,5.0,5.0
32220,75.62326788902283,11841,5.0,5.0,5.0
32230,75.64630961418152,11841,5.0,5.0,5.0
32240,75.66825199127197,11841,5.0,5.0,5.0
32247,75.68822193145752,11841,14.0,5.0,5.0
32250,75.69323348999023,11841,11.200000000000001,5.0,5.0
32260,75.71722507476807,11841,5.734400000000001,5.0,5.0
32266,75.73523998260498,11841,14.587520000000001,5.0,5.0
32270,75.74231314659119,11841,7.4688102400000025,5.0,5.0
32276,75.75631141662598,11841,14.0,5.0,5.0
32280,75.76722192764282,11841,11.200000000000001,5.0,5.0
32281,75.77025079727173,11841,18.96,5.0,5.0
32290,75.78724241256714,11841,5.0,5.0,5.0
32300,75.8112211227417,11841,5.0,5.0,5.0
32302,75.81727743148804,11841,14.0,5.0,5.0
32310,75.8302698135376,11841,8.96,5.0,5.0
32315,75.84323716163635,11841,14.0,5.0,5.0
32319,75.85425853729248,11841,21.200000000000003,5.0,5.0
32320,75.85626411437988,11841,16.960000000000004,5.0,5.0
32329,75.88122248649597,11841,15.557452800000004,5.0,5.0
32330,75.88326048851013,11841,12.445962240000004,5.0,5.0
32340,75.90928673744202,11841,5.097866133504002,5.0,5.0
32350,75.92923593521118,11841,5.0,5.0,5.0
32357,75.94822072982788,11841,14.0,5.0,5.0
32360,75.95322751998901,11841,11.200000000000001,5.0,5.0
32364,75.96027612686157,11841,17.168,5.0,5.0
32370,75.97527885437012,11841,8.790016000000001,5.0,5.0
32372,75.98026013374329,11841,15.62561024,5.0,5.0
32376,75.98723411560059,11841,18.000312442880002,5.0,5.0
32377,75.9892225265503,11841,24.400249954304,5.0,5.0
32380,75.99524450302124,11841,15.616159970754564,5.0,5.0
32381,75.99722504615784,11841,22.492927976603653,5.0,5.0
32384,76.00326013565063,11841,21.51637912402107,5.0,5.0
32386,76.00729084014893,11841,27.213103299216858,5.0,5.0
32390,76.01426005363464,11841,11.146487111359228,5.0,5.0
32392,76.01830840110779,11841,17.133751751269905,5.0,5.0
32400,76.03522181510925,11841,5.0,5.0,5.0
32402,76.04122424125671,11841,14.0,5.0,5.0
32404,76.04822206497192,11841,21.200000000000003,5.0,5.0
32410,76.06229019165039,11841,13.568000000000005,5.0,5.0
32417,76.0822241306305,11841,15.557452800000004,5.0,5.0
32420,76.09121966362,11841,15.557452800000004,5.0,5.0
32425,76.10521984100342,11841,19.956769792000003,5.0,5.0
32430,76.11622190475464,11841,8.174292906803203,5.0,5.0
32433,76.12122106552124,11841,14.185237968283241,5.0,5.0
32440,76.13522124290466,11841,7.262841839761021,5.0,5.0
32442,76.13823580741882,11841,14.648218777447052,5.0,5.0
32443,76.14026069641113,11841,21.71857502195764,5.0,5.0
32450,76.15224957466125,11841,7.116742663195082,5.0,5.0
32460,76.17722487449646,11841,7.116742663195082,5.0,5.0
32465,76.18821930885315,11841,14.0,5.0,5.0
32470,76.20030498504639,11841,11.200000000000001,5.0,5.0
32476,76.21828985214233,11841,15.7344,5.0,5.0
32480,76.22727847099304,11841,10.070016000000003,5.0,5.0
32490,76.25025629997253,11841,16.444810240000002,5.0,5.0
32491,76.25222325325012,11841,23.155848192,5.0,5.0
32492,76.2542793750763,11841,28.5246785536,5.0,5.0
32496,76.26229810714722,11841,21.683708335554563,5.0,5.0
32500,76.26923871040344,11841,8.88164693424315,5.0,5.0
32502,76.27526783943176,11841,17.10531754739452,5.0,5.0
32508,76.28825831413269,11841,17.0063380674128,5.0,5.0
32509,76.29022264480591,11841,23.60507045393024,5.0,5.0
32510,76.2912757396698,11841,23.60507045393024,5.0,5.0
32520,76.31123971939087,11841,7.734909486343864,5.0,5.0
32530,76.34022736549377,11841,5.0,5.0,5.0
32532,76.34422612190247,11841,14.0,5.0,5.0
32540,76.35722255706787,11841,17.168,5.0,5.0
32545,76.37222170829773,11841,18.790016,5.0,5.0
32550,76.38222193717957,11841,7.696390553600003,5.0,5.0
32554,76.39022183418274,11841,14.0,5.0,5.0
32555,76.39222168922424,11841,21.200000000000003,5.0,5.0
32560,76.40422177314758,11841,13.568000000000005,5.0,5.0
32563,76.41122198104858,11841,18.683520000000005,5.0,5.0
32566,76.41923713684082,11841,24.946816000000005,5.0,5.0
32567,76.42223763465881,11841,29.957452800000006,5.0,5.0
32568,76.42423725128174,11841,33.96596224000001,5.0,5.0
32570,76.42723751068115,11841,27.17276979200001,5.0,5.0
32571,76.42923736572266,11841,31.73821583360001,5.0,5.0
32580,76.445237159729,11841,16.655986281186596,5.0,5.0
32590,76.47523736953735,11841,13.324789024949277,5.0,5.0
32600,76.49522566795349,11841,5.0,5.0,5.0
32610,76.52726149559021,11841,5.0,5.0,5.0
32611,76.52922296524048,11841,14.0,5.0,5.0
32620,76.55327916145325,11841,5.734400000000001,5.0,5.0
32623,76.55925989151001,11841,14.0,5.0,5.0
32626,76.56526041030884,11841,18.96,5.0,5.0
32627,76.56722259521484,11841,18.96,5.0,14.0
32630,76.57122826576233,11841,18.96,5.0,7.168000000000001
32635,76.58323001861572,11841,19.707520000000002,5.0,5.734400000000001
32640,76.59326457977295,11841,12.612812800000002,5.0,5.0
32650,76.61422204971313,11841,5.0,5.0,5.0
32651,76.61727929115295,11841,14.0,5.0,5.0
32655,76.62922263145447,11841,21.200000000000003,5.0,5.0
32660,76.6392617225647,11841,10.854400000000005,5.0,5.0
32661,76.641273021698,11841,18.683520000000005,5.0,5.0
32670,76.66128611564636,11841,7.652769792000004,5.0,5.0
32680,76.68122172355652,11841,14.0,5.0,5.0
32681,76.68326163291931,11841,21.200000000000003,5.0,5.0
32687,76.6962583065033,11841,18.683520000000005,5.0,5.0
32690,76.7012939453125,11841,11.957452800000006,5.0,5.0
32696,76.71222186088562,11841,14.897772666880003,5.0,5.0
32698,76.71623301506042,11841,19.534574506803203,5.0,5.0
32700,76.71922254562378,11841,19.534574506803203,5.0,5.0
32710,76.74522233009338,11841,10.001702147483241,5.0,5.0
32720,76.76723170280457,11841,5.0,5.0,5.0
32730,76.79026055335999,11841,5.0,5.0,5.0
32731,76.79322290420532,11841,14.0,5.0,5.0
32736,76.80222868919373,11841,18.96,5.0,5.0
32740,76.8112268447876,11841,9.707520000000002,5.0,5.0
32750,76.83722519874573,11841,14.970250240000002,5.0,5.0
32753,76.84524130821228,11841,19.580960153600003,5.0,5.0
32760,76.86024260520935,11841,10.025451598643203,5.0,5.0
32761,76.86222553253174,11841,18.020361278914564,5.0,5.0
32763,76.86922526359558,11841,24.416289023131654,5.0,5.0
32769,76.88223767280579,11841,18.000729587099784,5.0,5.0
32770,76.88423752784729,11841,14.400583669679827,5.0,5.0
32779,76.90622234344482,11841,14.718783256880688,5.0,5.0
32780,76.90724778175354,11841,14.718783256880688,5.0,5.0
32781,76.9092345237732,11841,21.77502660550455,5.0,5.0
32783,76.91323280334473,11841,23.936017027522915,5.0,5.0
32785,76.91723251342773,11841,25.319050897614666,5.0,5.0
32790,76.92723774909973,11841,12.963354059578712,5.0,5.0
32800,76.94623708724976,11841,5.0,5.0,5.0
32802,76.95222282409668,11841,14.0,5.0,5.0
32803,76.95425915718079,11841,21.200000000000003,5.0,5.0
32810,76.97128176689148,11841,6.9468160000000045,5.0,5.0
32812,76.97729158401489,11841,15.557452800000004,5.0,5.0
32820,76.99422287940979,11841,6.372332666880002,5.0,5.0
32826,77.00722646713257,11841,14.0,5.0,5.0
32830,77.01927590370178,11841,11.200000000000001,5.0,5.0
32834,77.03026485443115,11841,18.96,5.0,5.0
32837,77.03630566596985,11841,19.707520000000002,5.0,5.0
32838,77.03822207450867,11841,25.766016,5.0,5.0
32839,77.0402340888977,11841,30.6128128,5.0,5.0
32840,77.0422580242157,11841,24.49025024,5.0,5.0
32850,77.06722712516785,11841,8.024965198643203,5.0,5.0
32860,77.08825755119324,11841,5.0,5.0,5.0
32870,77.10724544525146,11841,5.0,5.0,5.0
32880,77.13925981521606,11841,5.0,5.0,5.0
32890,77.15729475021362,11841,5.0,5.0,5.0
32900,77.1832971572876,11841,5.0,5.0,5.0
32910,77.20822358131409,11841,5.0,5.0,5.0
32920,77.23222398757935,11841,5.0,5.0,5.0
32930,77.27127146720886,11841,5.0,5.0,5.0
32940,77.29623246192932,11841,5.0,5.0,5.0
32943,77.30123686790466,11841,14.0,5.0,5.0
32950,77.31522250175476,11841,8.96,5.0,5.0
32951,77.31722235679626,11841,17.168,5.0,5.0
32960,77.34031438827515,11841,5.625610240000001,5.0,5.0
32970,77.3602225780487,11841,5.0,5.0,5.0
32977,77.37922263145447,11841,14.0,5.0,5.0
32980,77.38322281837463,11841,8.96,5.0,5.0
32982,77.38726162910461,11841,15.7344,5.0,5.0
32985,77.39326071739197,11841,18.056012800000005,5.0,5.0
32990,77.40326952934265,11841,9.244678553600004,5.0,5.0
32996,77.42023921012878,11841,14.0,5.0,5.0
33000,77.4262228012085,11841,7.168000000000001,5.0,5.0
33007,77.4472222328186,11841,14.0,5.0,5.0
33010,77.45426440238953,11841,8.96,5.0,5.0
33020,77.48329734802246,11841,14.0,5.0,5.0
33022,77.48925757408142,11841,21.200000000000003,5.0,5.0
33028,77.5072340965271,11841,23.568000000000005,5.0,5.0
33030,77.51126003265381,11841,15.083520000000005,5.0,5.0
33040,77.52925753593445,11841,5.0,5.0,5.0
33050,77.55130219459534,11841,5.0,5.0,5.0
33060,77.57822012901306,11841,5.0,5.0,5.0
33065,77.59222507476807,11841,14.0,5.0,5.0
33067,77.59822201728821,11841,21.200000000000003,5.0,5.0
33070,77.60823249816895,11841,21.200000000000003,5.0,5.0
33074,77.61522221565247,11841,18.683520000000005,5.0,5.0
33080,77.62324714660645,11841,7.652769792000004,5.0,5.0
33083,77.63053464889526,11841,16.122215833600002,5.0,5.0
33090,77.64328098297119,11841,16.603659605442562,5.0,5.0
33100,77.66563105583191,11841,6.800858974389275,5.0,5.0
33105,77.68363809585571,11841,15.440687179511421,5.0,5.0
33110,77.6936366558075,11841,12.352549743609138,5.0,5.0
33120,77.71581840515137,11841,6.324505468727881,5.0,5.0
33127,77.72981834411621,11841,14.0,5.0,5.0
33130,77.73782396316528,11841,8.96,5.0,5.0
33131,77.73982381820679,11841,17.168,5.0,5.0
33137,77.75541377067566,11841,17.0320128,5.0,5.0
33138,77.75838804244995,11841,23.62561024,5.0,5.0
33140,77.76338791847229,11841,18.900488192,5.0,5.0
33150,77.78738784790039,11841,7.741639963443203,5.0,5.0
33155,77.7983889579773,11841,16.193311970754564,5.0,5.0
33160,77.80938816070557,11841,8.290975729026338,5.0,5.0
33170,77.8414056301117,11841,5.3062244665768565,5.0,5.0
33175,77.85140538215637,11841,14.0,5.0,5.0
33180,77.86040568351746,11841,8.96,5.0,5.0
33181,77.8624176979065,11841,17.168,5.0,5.0
33186,77.87243270874023,11841,18.790016,5.0,5.0
33190,77.8784511089325,11841,9.620488192000003,5.0,5.0
33194,77.88739347457886,11841,16.157112442880003,5.0,5.0
33200,77.89845967292786,11841,10.340551963443204,5.0,5.0
33210,77.91840100288391,11841,5.0,5.0,5.0
33213,77.92939066886902,11841,14.0,5.0,5.0
33216,77.93643069267273,11841,18.96,5.0,5.0
33219,77.9413902759552,11841,22.1344,5.0,5.0
33220,77.94339084625244,11841,22.1344,5.0,5.0
33228,77.96238994598389,11841,19.066250240000002,5.0,5.0
33230,77.96746301651001,11841,15.253000192000002,5.0,5.0
33240,77.99239444732666,11841,5.0,5.0,5.0
33250,78.01539611816406,11841,5.0,5.0,5.0
33254,78.02343010902405,11841,14.0,5.0,5.0
33256,78.02939081192017,11841,21.200000000000003,5.0,5.0
33260,78.0354106426239,11841,10.854400000000005,5.0,5.0
33270,78.06239080429077,11841,5.557452800000004,5.0,5.0
33279,78.09247255325317,11841,14.0,5.0,5.0
33280,78.09439039230347,11841,11.200000000000001,5.0,5.0
33286,78.10739064216614,11841,15.7344,5.0,5.0
33290,78.12138795852661,11841,12.587520000000001,5.0,5.0
33294,78.13138794898987,11841,16.444810240000002,5.0,5.0
33300,78.14338827133179,11841,8.419742842880003,5.0,5.0
33310,78.16841864585876,11841,5.0,5.0,5.0
33320,78.19239091873169,11841,5.0,5.0,5.0
33325,78.20539021492004,11841,14.0,5.0,5.0
33330,78.21640110015869,11841,8.96,5.0,5.0
33340,78.23843216896057,11841,5.0,5.0,5.0
33346,78.25447845458984,11841,14.0,5.0,5.0
33350,78.26339030265808,11841,11.200000000000001,5.0,5.0
33360,78.2814199924469,11841,5.0,5.0,5.0
33363,78.28740811347961,11841,14.0,5.0,5.0
33370,78.30543088912964,11841,5.734400000000001,5.0,5.0
33376,78.31947135925293,11841,14.587520000000001,5.0,5.0
33380,78.32739186286926,11841,9.336012800000002,5.0,5.0
33384,78.33542728424072,11841,14.0,5.0,5.0
33390,78.35142350196838,11841,8.96,5.0,5.0
33400,78.37439012527466,11841,5.0,5.0,5.0
33409,78.39543843269348,11841,14.0,5.0,5.0
33410,78.3994288444519,11841,14.0,5.0,5.0
33414,78.4094648361206,11841,17.168,5.0,5.0
33420,78.42746210098267,11841,13.7344,5.0,5.0
33430,78.45639038085938,11841,7.032012800000001,5.0,5.0
33440,78.4824595451355,11841,5.0,5.0,5.0
33442,78.48842978477478,11841,14.0,5.0,5.0
33450,78.51039123535156,11841,7.168000000000001,5.0,5.0
33460,78.53841423988342,11841,5.0,5.0,5.0
33466,78.5543909072876,11841,14.0,5.0,5.0
33470,78.5634286403656,11841,11.200000000000001,5.0,5.0
33471,78.5654296875,11841,18.96,5.0,5.0
33473,78.5693941116333,11841,25.168,5.0,5.0
33480,78.59339094161987,11841,20.1344,5.0,5.0
33487,78.60643196105957,11841,15.278112153600002,5.0,5.0
33490,78.61139583587646,11841,9.777991778304003,5.0,5.0
33500,78.63748216629028,11841,5.0,5.0,5.0
33507,78.65345287322998,11841,14.0,5.0,5.0
33510,78.65748524665833,11841,8.96,5.0,5.0
33512,78.66242980957031,11841,15.7344,5.0,5.0
33513,78.6643922328949,11841,22.58752,5.0,5.0
33520,78.6813907623291,11841,19.251848192000004,5.0,5.0
33530,78.70539045333862,11841,7.885557019443204,5.0,5.0
33540,78.72740316390991,11841,5.0,5.0,5.0
33542,78.73339104652405,11841,14.0,5.0,5.0
33548,78.74441981315613,11841,14.587520000000001,5.0,5.0
33550,78.74843192100525,11841,19.336012800000002,5.0,5.0
33560,78.77742767333984,11841,7.920030842880003,5.0,5.0
33561,78.78040432929993,11841,16.336024674304003,5.0,5.0
33565,78.79044771194458,11841,18.36404463324365,5.0,5.0
33570,78.80141830444336,11841,7.521912681776602,5.0,5.0
33580,78.82438969612122,11841,5.0,5.0,5.0
33590,78.84943056106567,11841,5.0,5.0,5.0
33597,78.86339068412781,11841,14.0,5.0,5.0
33600,78.8684310913086,11841,8.96,5.0,5.0
33601,78.87046194076538,11841,17.168,5.0,5.0
33610,78.89338994026184,11841,8.790016000000001,5.0,5.0
33611,78.89539003372192,11841,17.0320128,5.0,5.0
33620,78.91847395896912,11841,6.976312442880001,5.0,5.0
33630,78.9414656162262,11841,5.0,5.0,5.0
33640,78.97039294242859,11841,5.0,5.0,5.0
33650,78.99344992637634,11841,5.0,5.0,5.0
33660,79.01742649078369,11841,5.0,5.0,5.0
33662,79.02340650558472,11841,14.0,5.0,5.0
33670,79.04242992401123,11841,7.168000000000001,5.0,5.0
33680,79.07243180274963,11841,5.0,5.0,5.0
33687,79.09139013290405,11841,14.0,5.0,5.0
33690,79.09642887115479,11841,11.200000000000001,5.0,5.0
33700,79.12240481376648,11841,5.0,5.0,5.0
33710,79.14540576934814,11841,5.0,5.0,5.0
33711,79.14739346504211,11841,14.0,5.0,5.0
33720,79.16639018058777,11841,5.734400000000001,5.0,5.0
33730,79.19239091873169,11841,5.0,5.0,5.0
33740,79.21740484237671,11841,5.0,5.0,5.0
33750,79.24238801002502,11841,5.0,5.0,5.0
33760,79.26247954368591,11841,5.0,5.0,5.0
33762,79.26940965652466,11841,14.0,5.0,5.0
33768,79.28939485549927,11841,21.200000000000003,5.0,5.0
33770,79.29243111610413,11841,21.200000000000003,5.0,5.0
33778,79.30643033981323,11841,20.854400000000005,5.0,5.0
33780,79.31048035621643,11841,23.346816000000004,5.0,5.0
33789,79.33642029762268,11841,17.65028466688,5.0,5.0
33790,79.33842873573303,11841,24.120227733504002,5.0,5.0
33791,79.34043169021606,11841,29.296182186803204,5.0,5.0
33795,79.34839129447937,11841,24.99964527964324,5.0,5.0
33800,79.35745024681091,11841,15.999772978971675,5.0,5.0
33803,79.36245822906494,11841,20.239854706541873,5.0,5.0
33810,79.37743043899536,11841,10.36280560974944,5.0,5.0
33817,79.39439082145691,11841,14.244605177753371,5.0,5.0
33818,79.39640617370605,11841,21.395684142202697,5.0,5.0
33820,79.4004316329956,11841,23.693237851009727,5.0,5.0
33822,79.40543365478516,11841,25.163672224646227,5.0,5.0
33830,79.42244625091553,11841,8.245632114572079,5.0,5.0
33840,79.4463906288147,11841,5.0,5.0,5.0
33850,79.46839022636414,11841,5.0,5.0,5.0
33860,79.49942636489868,11841,5.0,5.0,5.0
33868,79.52343845367432,11841,14.0,5.0,5.0
33870,79.52748489379883,11841,11.200000000000001,5.0,5.0
33880,79.55643153190613,11841,8.96,5.0,5.0
33890,79.5814299583435,11841,14.0,5.0,5.0
33895,79.59248518943787,11841,18.96,5.0,5.0
33898,79.6014313697815,11841,22.1344,5.0,5.0
33900,79.60643172264099,11841,22.1344,5.0,5.0
33910,79.6314287185669,11841,9.06625024,5.0,5.0
33920,79.65447473526001,11841,14.0,5.0,5.0
33923,79.66245579719543,11841,21.200000000000003,5.0,5.0
33930,79.67941284179688,11841,8.683520000000005,5.0,5.0
33932,79.68540120124817,11841,16.946816000000005,5.0,5.0
33940,79.70239353179932,11841,5.553132666880003,5.0,5.0
33945,79.71542096138,11841,14.442506133504004,5.0,5.0
33946,79.71843123435974,11841,21.554004906803204,5.0,5.0
33950,79.72342467308044,11841,8.828520409826593,5.0,5.0
33953,79.73139095306396,11841,15.650253062289021,5.0,5.0
33959,79.742436170578,11841,16.410343654313582,5.0,5.0
33960,79.74648594856262,11841,16.410343654313582,5.0,5.0
33961,79.7483901977539,11841,23.128274923450867,5.0,5.0
33970,79.76838803291321,11841,11.841676760806847,5.0,5.0
33971,79.77138829231262,11841,19.473341408645478,5.0,5.0
33980,79.7903962135315,11841,6.381024512784953,5.0,5.0
33983,79.79839062690735,11841,14.083855688182371,5.0,5.0
33985,79.80439162254333,11841,21.267084550545896,5.0,5.0
33987,79.80839323997498,11841,23.610934112349376,5.0,5.0
33989,79.81139707565308,11841,28.8887472898795,5.0,5.0
33990,79.81242346763611,11841,23.110997831903603,5.0,5.0
33993,79.82067441940308,11841,24.79103861241831,5.0,5.0
34000,79.83386826515198,11841,12.693011769558176,5.0,5.0
34010,79.86032748222351,11841,5.0,5.0,5.0
34020,79.89189910888672,11841,5.0,5.0,5.0
34022,79.89489984512329,11841,14.0,5.0,5.0
34030,79.91489720344543,11841,5.734400000000001,5.0,5.0
34039,79.93990683555603,11841,14.0,5.0,5.0
34040,79.94241046905518,11841,11.200000000000001,5.0,5.0
34050,79.96144437789917,11841,14.0,5.0,5.0
34060,79.98140525817871,11841,5.0,5.0,5.0
34063,79.98940539360046,11841,14.0,5.0,5.0
34070,80.00644969940186,11841,7.168000000000001,5.0,5.0
34074,80.01340556144714,11841,14.0,5.0,5.0
34077,80.02248787879944,11841,18.96,5.0,5.0
34080,80.02644467353821,11841,12.134400000000001,5.0,5.0
34090,80.0474123954773,11841,6.212812800000002,5.0,5.0
34100,80.07664632797241,11841,5.0,5.0,5.0
34110,80.10144400596619,11841,5.0,5.0,5.0
34116,80.11340951919556,11841,14.0,5.0,5.0
34118,80.1194441318512,11841,21.200000000000003,5.0,5.0
34120,80.12341451644897,11841,21.200000000000003,5.0,5.0
34125,80.13349533081055,11841,20.854400000000005,5.0,5.0
34129,80.14340448379517,11841,20.677452800000005,5.0,5.0
34130,80.14540410041809,11841,16.541962240000004,5.0,5.0
34134,80.15344452857971,11841,18.469484666880007,5.0,5.0
34140,80.16840553283691,11841,11.820470186803206,5.0,5.0
34150,80.19343304634094,11841,6.0520807356432424,5.0,5.0
34155,80.20640873908997,11841,14.0,5.0,5.0
34160,80.21740484237671,11841,7.168000000000001,5.0,5.0
34170,80.24244475364685,11841,14.0,5.0,5.0
34172,80.24640560150146,11841,21.200000000000003,5.0,5.0
34174,80.24941968917847,11841,23.568000000000005,5.0,5.0
34175,80.25144290924072,11841,28.854400000000005,5.0,5.0
34180,80.2594301700592,11841,9.455009792000004,5.0,5.0
34190,80.28140497207642,11841,5.0,5.0,5.0
34197,80.29844093322754,11841,14.0,5.0,5.0
34200,80.30344247817993,11841,11.200000000000001,5.0,5.0
34202,80.30740451812744,11841,17.168,5.0,5.0
34210,80.33140659332275,11841,8.790016000000001,5.0,5.0
34213,80.33847332000732,11841,15.62561024,5.0,5.0
34215,80.34241437911987,11841,20.0003905536,5.0,5.0
34220,80.35440587997437,11841,8.192159970754561,5.0,5.0
34222,80.36045837402344,11841,16.55372797660365,5.0,5.0
34230,80.37946033477783,11841,8.47550872402107,5.0,5.0
34240,80.40144491195679,11841,5.0,5.0,5.0
34250,80.42343354225159,11841,5.0,5.0,5.0
34256,80.43945121765137,11841,14.0,5.0,5.0
34260,80.4464955329895,11841,8.96,5.0,5.0
34270,80.46848464012146,11841,5.0,5.0,5.0
34280,80.49640560150146,11841,5.0,5.0,5.0
34290,80.51540541648865,11841,5.0,5.0,5.0
34300,80.54140448570251,11841,5.0,5.0,5.0
34310,80.56649804115295,11841,5.0,5.0,5.0
34313,80.57340550422668,11841,14.0,5.0,5.0
34316,80.58140778541565,11841,18.96,5.0,5.0
34317,80.5844407081604,11841,25.168,5.0,5.0
34319,80.5874719619751,11841,30.1344,5.0,5.0
34320,80.58944320678711,11841,24.10752,5.0,5.0
34328,80.60544419288635,11841,17.899552153600002,5.0,5.0
34330,80.60944509506226,11841,11.455713378304003,5.0,5.0
34332,80.61341166496277,11841,17.33165656211456,5.0,5.0
34335,80.61949753761292,11841,23.86532524969165,5.0,5.0
34340,80.63040542602539,11841,19.775237222273702,5.0,5.0
34341,80.63241863250732,11841,25.82018977781896,5.0,5.0
34343,80.63848757743835,11841,30.65615182225517,5.0,5.0
34350,80.65849232673645,11841,24.524921457804137,5.0,5.0
34360,80.68141007423401,11841,16.42906101063461,5.0,5.0
34367,80.69840669631958,11841,16.729343389955936,5.0,5.0
34370,80.70442056655884,11841,13.38347471196475,5.0,5.0
34378,80.72843670845032,11841,15.481871242020762,5.0,5.0
34380,80.73444509506226,11841,12.385496993616611,5.0,5.0
34381,80.73641729354858,11841,19.908397594893287,5.0,5.0
34390,80.76140236854553,11841,8.154479654868293,5.0,5.0
34391,80.76440238952637,11841,16.523583723894635,5.0,5.0
34400,80.78844332695007,11841,13.21886697911571,5.0,5.0
34410,80.80845999717712,11841,5.0,5.0,5.0
34420,80.83248543739319,11841,5.0,5.0,5.0
34421,80.835444688797,11841,14.0,5.0,5.0
34422,80.83750104904175,11841,21.200000000000003,5.0,5.0
34430,80.85741353034973,11841,10.854400000000005,5.0,5.0
34432,80.86441016197205,11841,18.683520000000005,5.0,5.0
34438,80.87641835212708,11841,17.652769792000004,5.0,5.0
34440,80.87943315505981,11841,11.297772666880004,5.0,5.0
34441,80.88244843482971,11841,19.038218133504003,5.0,5.0
34449,80.8984055519104,11841,19.747567684354053,5.0,5.0
34450,80.90044093132019,11841,25.798054147483242,5.0,5.0
34453,80.90840458869934,11841,26.510754654389277,5.0,5.0
34455,80.91246199607849,11841,31.208603723511423,5.0,5.0
34460,80.92447352409363,11841,15.97880510643785,5.0,5.0
34470,80.9524085521698,11841,6.544918571596945,5.0,5.0
34480,80.97540521621704,11841,5.0,5.0,5.0
34490,81.00044298171997,11841,5.0,5.0,5.0
34500,81.02540469169617,11841,5.0,5.0,5.0
34510,81.04740262031555,11841,5.0,5.0,5.0
34518,81.06740403175354,11841,5.0,5.0,14.0
34520,81.07140445709229,11841,5.0,5.0,18.96
34530,81.09540486335754,11841,5.0,5.0,6.212812800000002
34533,81.10440611839294,11841,14.0,5.0,5.0
34540,81.11840558052063,11841,7.168000000000001,5.0,5.0
34550,81.14141654968262,11841,5.0,5.0,5.0
34551,81.1434154510498,11841,14.0,5.0,5.0
34560,81.16540575027466,11841,7.168000000000001,5.0,5.0
34564,81.176509141922,11841,14.0,5.0,5.0
34570,81.19141054153442,11841,8.96,5.0,5.0
34571,81.19347286224365,11841,17.168,5.0,5.0
34576,81.20144462585449,11841,18.790016,5.0,5.0
34579,81.20640540122986,11841,19.620488192000003,5.0,5.0
34580,81.2074601650238,11841,19.620488192000003,5.0,5.0
34582,81.21142792701721,11841,22.557112442880005,5.0,5.0
34590,81.22944712638855,11841,19.239393256603655,5.0,5.0
34600,81.2534167766571,11841,5.0434915058591105,5.0,5.0
34610,81.27540612220764,11841,5.0,5.0,5.0
34620,81.2974100112915,11841,5.0,5.0,5.0
34629,81.32443857192993,11841,14.0,5.0,5.0
34630,81.32540941238403,11841,14.0,5.0,5.0
34631,81.3284056186676,11841,21.200000000000003,5.0,5.0
34632,81.33041334152222,11841,26.960000000000004,5.0,5.0
34633,81.33240413665771,11841,31.568000000000005,5.0,5.0
34640,81.35040473937988,11841,10.344202240000003,5.0,5.0
34645,81.35940480232239,11841,14.236985237504003,5.0,5.0
34650,81.36940431594849,11841,5.0,5.0,5.0
34660,81.39140462875366,11841,5.0,5.0,5.0
34661,81.39340424537659,11841,14.0,5.0,5.0
34665,81.40448522567749,11841,17.168,5.0,5.0
34669,81.41146469116211,11841,18.790016,5.0,5.0
34670,81.41340708732605,11841,15.032012800000002,5.0,5.0
34680,81.437429189682,11841,6.157112442880003,5.0,5.0
34690,81.46740460395813,11841,5.0,5.0,5.0
34700,81.48944425582886,11841,5.0,5.0,5.0
34705,81.50146341323853,11841,14.0,5.0,5.0
34710,81.51143503189087,11841,8.96,5.0,5.0
34714,81.52544212341309,11841,17.168,5.0,5.0
34720,81.53943085670471,11841,5.625610240000001,5.0,5.0
34730,81.55644989013672,11841,5.0,5.0,5.0
34740,81.58044505119324,11841,5.0,5.0,5.0
34746,81.5974051952362,11841,14.0,5.0,5.0
34750,81.60648703575134,11841,8.96,5.0,5.0
34760,81.6294105052948,11841,5.0,5.0,5.0
34770,81.65540528297424,11841,5.0,5.0,5.0
34780,81.6804428100586,11841,5.0,5.0,5.0
34790,81.7084436416626,11841,5.0,5.0,5.0
34796,81.72449779510498,11841,14.0,5.0,5.0
34799,81.7324469089508,11841,18.96,5.0,5.0
34800,81.7334053516388,11841,15.168000000000001,5.0,5.0
34802,81.73742961883545,11841,22.1344,5.0,5.0
34810,81.75740504264832,11841,9.06625024,5.0,5.0
34814,81.77044463157654,11841,15.8024001536,5.0,5.0
34815,81.77240443229675,11841,22.641920122880002,5.0,5.0
34819,81.78043484687805,11841,19.27413048233165,5.0,5.0
34820,81.78240609169006,11841,19.27413048233165,5.0,5.0
34829,81.802414894104,11841,14.042078128928281,5.0,5.0
34830,81.80440545082092,11841,11.233662503142625,5.0,5.0
34840,81.8304054737091,11841,5.0,5.0,5.0
34842,81.83541893959045,11841,14.0,5.0,5.0
34850,81.85348129272461,11841,8.96,5.0,5.0
34859,81.88145518302917,11841,14.587520000000001,5.0,5.0
34860,81.88644456863403,11841,14.587520000000001,5.0,5.0
34867,81.89840459823608,11841,14.780038553600003,5.0,5.0
34870,81.90640616416931,11841,11.824030842880003,5.0,5.0
34880,81.93740487098694,11841,6.0539037915545615,5.0,5.0
34887,81.95140814781189,11841,14.84312303324365,5.0,5.0
34890,81.95940256118774,11841,11.87449842659492,5.0,5.0
34900,81.98740530014038,11841,7.59967899302075,5.0,5.0
34907,82.00140643119812,11841,14.863794555533282,5.0,5.0
34910,82.00929713249207,11841,21.891035644426626,5.0,5.0
34918,82.02760243415833,11841,17.173254559965716,5.0,5.0
34920,82.02999186515808,11841,13.738603647972575,5.0,5.0
34921,82.03199982643127,11841,20.990882918378063,5.0,5.0
34928,82.05300164222717,11841,18.597865643367655,5.0,5.0
34930,82.05699944496155,11841,11.9026340117553,5.0,5.0
34932,82.06300735473633,11841,19.52210720940424,5.0,5.0
34940,82.08352303504944,11841,15.617685767523392,5.0,5.0
34945,82.09328365325928,11841,16.39700409037758,5.0,5.0
34946,82.09536671638489,11841,23.117603272302066,5.0,5.0
34947,82.09828686714172,11841,28.494082617841652,5.0,5.0
34948,82.10028076171875,11841,32.79526609427332,5.0,5.0
34950,82.10327696800232,11841,26.23621287541866,5.0,5.0
34960,82.12632417678833,11841,5.502132630411001,5.0,5.0
34970,82.15288639068604,11841,5.0,5.0,5.0
34980,82.17884755134583,11841,5.0,5.0,5.0
34990,82.20684719085693,11841,5.0,5.0,5.0
35000,82.22984743118286,11841,5.0,5.0,5.0
35004,82.24284815788269,11841,14.0,5.0,5.0
35007,82.24788188934326,11841,18.96,5.0,5.0
35010,82.2588849067688,11841,15.168000000000001,5.0,5.0
35016,82.27485799789429,11841,16.212812800000002,5.0,5.0
35019,82.28184771537781,11841,18.300960153600002,5.0,5.0
35020,82.2828483581543,11841,18.300960153600002,5.0,5.0
35022,82.28884720802307,11841,24.640768122880004,5.0,5.0
35024,82.29484701156616,11841,29.712614498304006,5.0,5.0
35030,82.30684661865234,11841,9.736229518804258,5.0,5.0
35031,82.30884742736816,11841,17.788983615043406,5.0,5.0
35037,82.32284545898438,11841,19.107959610902228,5.0,5.0
35040,82.33087229728699,11841,12.229094150977426,5.0,5.0
35050,82.35884833335876,11841,5.009036964240355,5.0,5.0
35060,82.38384771347046,11841,5.0,5.0,5.0
35070,82.40384817123413,11841,5.0,5.0,5.0
35080,82.42688465118408,11841,5.0,5.0,5.0
35090,82.45291113853455,11841,5.0,5.0,5.0
35100,82.48684859275818,11841,5.0,5.0,5.0
35103,82.49693083763123,11841,14.0,5.0,5.0
35110,82.51184844970703,11841,5.0,5.0,5.0
35113,82.52086281776428,11841,14.0,5.0,5.0
35115,82.52484822273254,11841,11.200000000000001,5.0,14.0
35120,82.53688597679138,11841,7.168000000000001,5.0,11.200000000000001
35130,82.56388354301453,11841,5.734400000000001,5.0,5.0
35131,82.56585788726807,11841,14.587520000000001,5.0,5.0
35140,82.5888819694519,11841,5.975048192000003,5.0,5.0
35150,82.61584830284119,11841,5.975048192000003,5.0,5.0
35160,82.63986992835999,11841,5.0,5.0,5.0
35167,82.65987539291382,11841,14.0,5.0,5.0
35170,82.6678957939148,11841,8.96,5.0,5.0
35180,82.69285154342651,11841,5.0,5.0,5.0
35187,82.70793676376343,11841,14.0,5.0,5.0
35190,82.71384835243225,11841,8.96,5.0,5.0
35200,82.73684763908386,11841,5.0,5.0,5.0
35210,82.76184797286987,11841,5.0,5.0,5.0
35220,82.78484845161438,11841,5.0,5.0,5.0
35230,82.80885553359985,11841,5.0,5.0,5.0
35240,82.83590650558472,11841,5.0,5.0,5.0
35241,82.8379373550415,11841,14.0,5.0,5.0
35243,82.84088611602783,11841,21.200000000000003,5.0,5.0
35250,82.86284732818604,11841,8.683520000000005,5.0,5.0
35260,82.88984942436218,11841,14.0,5.0,5.0
35262,82.89384722709656,11841,18.96,5.0,5.0
35266,82.90284895896912,11841,17.766016,5.0,5.0
35270,82.90988278388977,11841,11.370250240000003,5.0,5.0
35277,82.92688727378845,11841,15.821568122880002,5.0,5.0
35280,82.93490219116211,11841,12.657254498304003,5.0,5.0
35290,82.95384860038757,11841,5.0,5.0,5.0
35300,82.97584867477417,11841,5.0,5.0,5.0
35310,82.99984788894653,11841,5.0,5.0,5.0
35318,83.02189683914185,11841,14.0,5.0,5.0
35320,83.0268623828888,11841,14.0,5.0,5.0
35325,83.03687810897827,11841,14.587520000000001,5.0,5.0
35330,83.04688262939453,11841,11.670016000000002,5.0,5.0
35333,83.05388474464417,11841,15.975048192000003,5.0,5.0
35337,83.06087732315063,11841,18.179224674304002,5.0,5.0
35340,83.06890726089478,11841,11.634703791554564,5.0,5.0
35350,83.09088397026062,11841,5.0,5.0,5.0
35357,83.11285161972046,11841,14.0,5.0,5.0
35360,83.11886882781982,11841,8.96,5.0,5.0
35367,83.1388463973999,11841,14.0,5.0,5.0
35369,83.14484524726868,11841,21.200000000000003,5.0,5.0
35370,83.14984560012817,11841,21.200000000000003,5.0,5.0
35376,83.16384530067444,11841,18.683520000000005,5.0,5.0
35380,83.17386794090271,11841,9.565962240000005,5.0,5.0
35389,83.19784784317017,11841,14.897772666880003,5.0,5.0
35390,83.2018473148346,11841,14.897772666880003,5.0,5.0
35400,83.22884941101074,11841,6.102127684354051,5.0,5.0
35403,83.23786878585815,11841,14.0,5.0,5.0
35410,83.25984764099121,11841,7.168000000000001,5.0,5.0
35420,83.27890968322754,11841,5.0,5.0,5.0
35429,83.3008484840393,11841,14.0,5.0,5.0
35430,83.30492854118347,11841,14.0,5.0,5.0
35440,83.32587671279907,11841,5.0,5.0,5.0
35450,83.35284757614136,11841,5.0,5.0,5.0
35457,83.36588454246521,11841,14.0,5.0,5.0
35460,83.37088418006897,11841,11.200000000000001,5.0,5.0
35468,83.38691067695618,11841,15.7344,5.0,5.0
35469,83.38884830474854,11841,22.58752,5.0,5.0
35470,83.3909044265747,11841,18.070016000000003,5.0,5.0
35480,83.41384792327881,11841,5.0,5.0,5.0
35487,83.43284916877747,11841,14.0,5.0,5.0
35490,83.44092512130737,11841,18.96,5.0,5.0
35493,83.44688177108765,11841,19.707520000000002,5.0,5.0
35500,83.46092677116394,11841,8.072200192000002,5.0,5.0
35510,83.48491024971008,11841,5.0,5.0,5.0
35520,83.50984954833984,11841,5.0,5.0,5.0
35525,83.52188324928284,11841,14.0,5.0,5.0
35530,83.53384780883789,11841,18.96,5.0,5.0
35540,83.55390357971191,11841,5.0,5.0,5.0
35550,83.58388423919678,11841,5.0,5.0,5.0
35560,83.61388325691223,11841,5.0,5.0,5.0
35565,83.62690091133118,11841,14.0,5.0,5.0
35570,83.63693714141846,11841,15.7344,5.0,5.0
35571,83.63888144493103,11841,22.58752,5.0,5.0
35572,83.64088582992554,11841,28.070016000000003,5.0,5.0
35574,83.64492869377136,11841,27.964810240000002,5.0,5.0
35580,83.65589690208435,11841,11.454386274304003,5.0,5.0
35583,83.66384792327881,11841,19.163509019443204,5.0,5.0
35590,83.6838481426239,11841,7.849373294363938,5.0,5.0
35595,83.69291639328003,11841,14.018879126714337,5.0,5.0
35599,83.700936794281,11841,17.17766611287774,5.0,5.0
35600,83.70186161994934,11841,13.742132890302194,5.0,5.0
35610,83.721848487854,11841,5.0,5.0,5.0
35620,83.74284768104553,11841,5.0,5.0,5.0
35630,83.76585865020752,11841,5.0,5.0,5.0
35638,83.7858624458313,11841,14.0,5.0,5.0
35640,83.789883852005,11841,8.96,5.0,5.0
35641,83.79184770584106,11841,17.168,5.0,5.0
35642,83.79489850997925,11841,23.7344,5.0,5.0
35650,83.813884973526,11841,9.721610240000002,5.0,5.0
35658,83.83789372444153,11841,14.977464442880002,5.0,5.0
35660,83.84084510803223,11841,11.981971554304003,5.0,5.0
35667,83.85484552383423,11841,14.0,5.0,5.0
35669,83.8588478565216,11841,21.200000000000003,5.0,5.0
35670,83.86092877388,11841,16.960000000000004,5.0,5.0
35680,83.88285636901855,11841,5.557452800000004,5.0,5.0
35683,83.89091610908508,11841,5.0,5.0,14.0
35686,83.90191411972046,11841,14.0,5.0,14.0
35690,83.91084861755371,11841,14.0,5.0,7.168000000000001
35692,83.91486740112305,11841,18.96,5.0,7.168000000000001
35695,83.9198887348175,11841,25.168,5.0,5.0
35698,83.92493629455566,11841,26.10752,5.0,5.0
35700,83.93189787864685,11841,20.886016,5.0,5.0
35707,83.94385814666748,11841,15.475143778304002,5.0,5.0
35710,83.95185971260071,11841,9.904092018114563,5.0,5.0
35720,83.98184823989868,11841,5.0,5.0,5.0
35722,83.98584771156311,11841,14.0,5.0,5.0
35728,83.99985671043396,11841,17.168,5.0,5.0
35730,84.0029125213623,11841,13.7344,5.0,5.0
35740,84.02886390686035,11841,14.500488192000002,5.0,5.0
35750,84.04489731788635,11841,5.0,5.0,5.0
35760,84.08284950256348,11841,14.0,5.0,5.0
35770,84.10686826705933,11841,5.734400000000001,5.0,5.0
35780,84.13888597488403,11841,5.0,5.0,5.0
35788,84.16284823417664,11841,14.0,5.0,5.0
35790,84.16785287857056,11841,14.0,5.0,5.0
35793,84.17385053634644,11841,17.168,5.0,5.0
35800,84.18684792518616,11841,17.0320128,5.0,5.0
35810,84.20949935913086,11841,6.976312442880001,5.0,5.0
35812,84.21203017234802,11841,15.581049954304001,5.0,5.0
35820,84.23084235191345,11841,6.381998061282921,5.0,5.0
35830,84.25884962081909,11841,5.0,5.0,5.0
35840,84.28898763656616,11841,5.0,5.0,5.0
35846,84.30096530914307,11841,14.0,5.0,5.0
35850,84.31198072433472,11841,8.96,5.0,5.0
35852,84.31850242614746,11841,17.168,5.0,5.0
35860,84.33153748512268,11841,7.032012800000001,5.0,5.0
35870,84.35750317573547,11841,5.0,5.0,5.0
35880,84.37857055664062,11841,5.0,5.0,5.0
35884,84.3885440826416,11841,14.0,5.0,5.0
35890,84.40153765678406,11841,7.168000000000001,5.0,5.0
35891,84.40349841117859,11841,15.7344,5.0,5.0
35900,84.42153525352478,11841,5.155848192000002,5.0,5.0
35910,84.44651484489441,11841,5.0,5.0,5.0
35913,84.45155191421509,11841,14.0,5.0,5.0
35920,84.4715359210968,11841,5.734400000000001,5.0,5.0
35924,84.48249554634094,11841,14.0,5.0,5.0
35930,84.4924955368042,11841,7.168000000000001,5.0,5.0
35931,84.4944953918457,11841,15.7344,5.0,5.0
35937,84.51249837875366,11841,18.056012800000005,5.0,5.0
35940,84.5215163230896,11841,11.555848192000004,5.0,5.0
35942,84.52653670310974,11841,19.244678553600004,5.0,5.0
35946,84.53354239463806,11841,19.853275419443204,5.0,5.0
35950,84.54149866104126,11841,10.164877014754921,5.0,5.0
35960,84.56550145149231,11841,5.0,5.0,5.0
35970,84.59651255607605,11841,5.0,5.0,5.0
35980,84.62356352806091,11841,5.0,5.0,5.0
35981,84.6264979839325,11841,14.0,5.0,5.0
35990,84.64749789237976,11841,5.0,5.0,5.0
35991,84.64950633049011,11841,14.0,5.0,5.0
36000,84.6734983921051,11841,5.734400000000001,5.0,5.0
36010,84.6974983215332,11841,5.0,5.0,5.0
36011,84.69949913024902,11841,14.0,5.0,5.0
36013,84.70350909233093,11841,18.96,5.0,5.0
36018,84.71152186393738,11841,19.707520000000002,5.0,5.0
36020,84.71653461456299,11841,19.707520000000002,5.0,5.0
36030,84.73953413963318,11841,5.166208122880002,5.0,5.0
36040,84.75954675674438,11841,5.0,5.0,5.0
36050,84.78949809074402,11841,5.0,5.0,5.0
36054,84.79953598976135,11841,14.0,5.0,5.0
36060,84.81249833106995,11841,7.168000000000001,5.0,5.0
36070,84.83353853225708,11841,5.0,5.0,5.0
36077,84.84653282165527,11841,14.0,5.0,5.0
36078,84.84852027893066,11841,21.200000000000003,5.0,5.0
36080,84.85250186920166,11841,16.960000000000004,5.0,5.0
36090,84.874502658844,11841,5.0,5.0,5.0
36095,84.8875789642334,11841,14.0,5.0,5.0
36100,84.89953589439392,11841,7.168000000000001,5.0,5.0
36110,84.9245023727417,11841,5.0,5.0,5.0
36111,84.92653799057007,11841,14.0,5.0,5.0
36117,84.9354977607727,11841,17.168,5.0,5.0
36120,84.94155359268188,11841,10.987520000000002,5.0,5.0
36125,84.95549774169922,11841,17.0320128,5.0,5.0
36130,84.9645025730133,11841,5.581049954304001,5.0,5.0
36134,84.97153568267822,11841,14.0,5.0,5.0
36140,84.98549747467041,11841,8.96,5.0,5.0
36150,85.01550793647766,11841,5.0,5.0,5.0
36160,85.03957629203796,11841,5.0,5.0,5.0
36170,85.07049751281738,11841,5.0,5.0,5.0
36173,85.08050560951233,11841,14.0,5.0,5.0
36179,85.09157681465149,11841,14.587520000000001,5.0,5.0
36180,85.09349846839905,11841,14.587520000000001,5.0,5.0
36183,85.09954023361206,11841,17.468810240000003,5.0,5.0
36190,85.11150002479553,11841,5.0,5.0,5.0
36200,85.13151454925537,11841,5.0,5.0,5.0
36206,85.14454007148743,11841,14.0,5.0,5.0
36210,85.15652298927307,11841,11.200000000000001,5.0,5.0
36213,85.16453623771667,11841,17.168,5.0,5.0
36220,85.18152284622192,11841,8.790016000000001,5.0,5.0
36223,85.19053840637207,11841,15.62561024,5.0,5.0
36230,85.20849847793579,11841,5.120199963443201,5.0,5.0
36240,85.22753572463989,11841,5.0,5.0,5.0
36246,85.24359035491943,11841,14.0,5.0,5.0
36250,85.25549840927124,11841,8.96,5.0,5.0
36253,85.26250982284546,11841,17.168,5.0,5.0
36254,85.26549816131592,11841,23.7344,5.0,5.0
36257,85.27053666114807,11841,25.190016,5.0,5.0
36260,85.27653694152832,11841,12.897288192000003,5.0,5.0
36270,85.29753637313843,11841,5.0,5.0,5.0
36272,85.30157661437988,11841,14.0,5.0,5.0
36280,85.32149767875671,11841,5.734400000000001,5.0,5.0
36290,85.34353470802307,11841,5.0,5.0,5.0
36292,85.34753441810608,11841,14.0,5.0,5.0
36300,85.36649513244629,11841,5.0,5.0,5.0
36310,85.38459372520447,11841,5.0,5.0,5.0
36320,85.41249895095825,11841,5.0,5.0,5.0
36330,85.44050478935242,11841,5.0,5.0,5.0
36340,85.46952605247498,11841,5.0,5.0,5.0
36350,85.48951125144958,11841,5.0,5.0,5.0
36360,85.51353526115417,11841,5.0,5.0,5.0
36361,85.51551294326782,11841,14.0,5.0,5.0
36363,85.52049827575684,11841,18.96,5.0,5.0
36370,85.53753638267517,11841,9.707520000000002,5.0,5.0
36371,85.54049921035767,11841,17.766016,5.0,5.0
36380,85.5655882358551,11841,7.276960153600003,5.0,14.0
36390,85.59349918365479,11841,5.0,5.0,8.168000000000001
36400,85.61753797531128,11841,5.0,5.0,5.0
36405,85.62557244300842,11841,14.0,5.0,5.0
36410,85.64052629470825,11841,7.168000000000001,5.0,5.0
36414,85.64950180053711,11841,14.587520000000001,5.0,5.0
36420,85.66250395774841,11841,7.4688102400000025,5.0,5.0
36424,85.6714997291565,11841,14.780038553600003,5.0,5.0
36425,85.67350053787231,11841,21.824030842880003,5.0,5.0
36426,85.67553567886353,11841,27.459224674304004,5.0,5.0
36429,85.68152785301208,11841,24.05912303324365,5.0,5.0
36430,85.68356657028198,11841,19.247298426594924,5.0,5.0
36440,85.70552277565002,11841,5.0,5.0,5.0
36441,85.707594871521,11841,14.0,5.0,5.0
36449,85.73149847984314,11841,17.168,5.0,5.0
36450,85.73349809646606,11841,17.168,5.0,5.0
36451,85.73650050163269,11841,23.7344,5.0,5.0
36452,85.73950409889221,11841,28.98752,5.0,5.0
36460,85.76749730110168,11841,19.4986305536,5.0,5.0
36470,85.7924964427948,11841,6.389311259803651,5.0,5.0
36478,85.81657218933105,11841,15.111449007842921,5.0,5.0
36480,85.8204984664917,11841,9.671327365019472,5.0,5.0
36490,85.84549832344055,11841,5.0,5.0,5.0
36500,85.87249898910522,11841,5.0,5.0,5.0
36510,85.89549899101257,11841,5.0,5.0,5.0
36520,85.92449903488159,11841,5.0,5.0,5.0
36530,85.94949913024902,11841,5.0,5.0,5.0
36538,85.96949791908264,11841,14.0,5.0,5.0
36540,85.97549891471863,11841,11.200000000000001,5.0,5.0
36541,85.97749853134155,11841,18.96,5.0,5.0
36547,85.9905104637146,11841,16.212812800000002,5.0,5.0
36548,85.99350833892822,11841,22.970250240000002,5.0,5.0
36549,85.99550867080688,11841,28.376200192000002,5.0,5.0
36550,85.99951934814453,11841,28.376200192000002,5.0,5.0
36557,86.01649928092957,11841,21.622891598643204,5.0,5.0
36558,86.01854968070984,11841,27.298313278914563,5.0,5.0
36560,86.02253365516663,11841,17.470920498505322,5.0,5.0
36561,86.02550768852234,11841,23.976736398804256,5.0,5.0
36568,86.04049873352051,11841,19.820871228950224,5.0,5.0
36570,86.04453802108765,11841,22.685357586528145,5.0,5.0
36580,86.06657457351685,11841,7.433537973953545,5.0,5.0
36590,86.08853602409363,11841,5.0,5.0,5.0
36600,86.11454820632935,11841,5.0,5.0,5.0
36610,86.13754630088806,11841,5.0,5.0,5.0
36620,86.16450238227844,11841,5.0,5.0,5.0
36630,86.18653464317322,11841,5.0,5.0,5.0
36638,86.20556783676147,11841,14.0,5.0,5.0
36640,86.20958971977234,11841,11.200000000000001,5.0,5.0
36650,86.23653769493103,11841,5.0,5.0,5.0
36656,86.251549243927,11841,14.0,5.0,5.0
36660,86.26349687576294,11841,8.96,5.0,5.0
36664,86.27549719810486,11841,15.7344,5.0,5.0
36667,86.28158926963806,11841,20.070016000000003,5.0,5.0
36670,86.28549838066101,11841,12.844810240000001,5.0,5.0
36671,86.28757619857788,11841,20.275848192,5.0,5.0
36680,86.31052279472351,11841,6.643989935554562,5.0,5.0
36684,86.32252907752991,11841,15.315191948443651,5.0,5.0
36685,86.32453560829163,11841,22.25215355875492,5.0,5.0
36690,86.33549547195435,11841,14.24137827760315,5.0,5.0
36695,86.34949564933777,11841,21.393102622082523,5.0,5.0
36697,86.3524956703186,11841,23.691585678132817,5.0,5.0
36700,86.35749530792236,11841,18.953268542506255,5.0,5.0
36708,86.3744957447052,11841,16.21060703600845,5.0,5.0
36709,86.37649536132812,11841,22.96848562880676,5.0,5.0
36710,86.37749934196472,11841,18.37478850304541,5.0,5.0
36717,86.39249801635742,11841,16.02105069667792,5.0,5.0
36718,86.39449787139893,11841,22.81684055734234,5.0,5.0
36720,86.40050220489502,11841,18.25347244587387,5.0,5.0
36730,86.42293286323547,11841,5.981297851063952,5.0,5.0
36740,86.444669008255,11841,5.0,5.0,5.0
36750,86.46566820144653,11841,5.0,5.0,5.0
36760,86.48919153213501,11841,5.0,5.0,5.0
36770,86.51085805892944,11841,14.0,5.0,5.0
36771,86.51385807991028,11841,21.200000000000003,5.0,5.0
36772,86.51585793495178,11841,26.960000000000004,5.0,5.0
36780,86.53486371040344,11841,8.834252800000003,5.0,5.0
36783,86.54239511489868,11841,17.067402240000003,5.0,5.0
36784,86.54437494277954,11841,23.653921792000006,5.0,5.0
36790,86.55637311935425,11841,9.688646366003205,5.0,5.0
36800,86.58737277984619,11841,5.0,5.0,5.0
36809,86.61137318611145,11841,14.0,5.0,5.0
36810,86.61337327957153,11841,11.200000000000001,5.0,5.0
36811,86.61537313461304,11841,18.96,5.0,5.0
36820,86.64237308502197,11841,9.707520000000002,5.0,5.0
36823,86.64837336540222,11841,16.212812800000002,5.0,5.0
36825,86.65337324142456,11841,20.376200192000002,5.0,5.0
36826,86.65537285804749,11841,26.300960153600002,5.0,5.0
36828,86.65937280654907,11841,26.832614498304004,5.0,5.0
36830,86.66337299346924,11841,21.466091598643203,5.0,5.0
36832,86.6673731803894,11841,23.738298623131648,5.0,5.0
36836,86.6743733882904,11841,22.154008895043404,5.0,5.0
36840,86.68137311935425,11841,11.342852554262226,5.0,5.0
36843,86.69237327575684,11841,19.07428204340978,5.0,5.0
36846,86.69837260246277,11841,19.76603240622581,5.0,5.0
36850,86.7063729763031,11841,18.096166873590093,5.0,5.0
36851,86.7093734741211,11841,24.476933498872075,5.0,5.0
36860,86.73037314414978,11841,6.416481255128324,5.0,5.0
36867,86.75337290763855,11841,14.106548003282128,5.0,5.0
36870,86.76037240028381,11841,11.285238402625703,5.0,5.0
36873,86.76737332344055,11841,15.778042062144362,5.0,5.0
36875,86.77337288856506,11841,22.62243364971549,5.0,5.0
36877,86.78037357330322,11841,28.097946919772394,5.0,5.0
36880,86.7853729724884,11841,22.478357535817917,5.0,5.0
36886,86.79937291145325,11841,21.508919058338776,5.0,5.0
36890,86.81137323379517,11841,21.012566557869455,5.0,5.0
36900,86.8333728313446,11841,8.60674726210333,5.0,5.0
36902,86.84037351608276,11841,16.885397809682665,5.0,5.0
36910,86.86037230491638,11841,8.645323678557526,5.0,5.0
36920,86.8843731880188,11841,14.0,5.0,5.0
36927,86.8993730545044,11841,17.168,5.0,5.0
36930,86.90537309646606,11841,10.987520000000002,5.0,5.0
36940,86.9303731918335,11841,5.0,5.0,5.0
36941,86.93337345123291,11841,14.0,5.0,5.0
36950,86.96138620376587,11841,7.168000000000001,5.0,5.0
36957,86.97538614273071,11841,14.587520000000001,5.0,5.0
36960,86.98537635803223,11841,14.587520000000001,5.0,5.0
36970,87.01039147377014,11841,5.0,5.0,5.0
36980,87.05137276649475,11841,5.0,5.0,5.0
36990,87.07739162445068,11841,5.0,5.0,5.0
37000,87.09746265411377,11841,5.0,5.0,5.0
37005,87.11252784729004,11841,14.0,5.0,5.0
37007,87.11751556396484,11841,18.96,5.0,5.0
37010,87.12750244140625,11841,12.134400000000001,5.0,5.0
37019,87.14646482467651,11841,14.0,5.0,5.0
37020,87.14847993850708,11841,14.0,5.0,5.0
37028,87.17080664634705,11841,5.734400000000001,5.0,14.0
37030,87.17680430412292,11841,5.734400000000001,5.0,11.200000000000001
37031,87.17883920669556,11841,14.587520000000001,5.0,11.200000000000001
37037,87.19288873672485,11841,15.975048192000003,5.0,8.96
37038,87.19483399391174,11841,22.7800385536,5.0,8.96
37040,87.19782614707947,11841,14.579224674304001,5.0,8.96
37042,87.20184135437012,11841,21.6633797394432,5.0,7.168000000000001
37050,87.2198417186737,11841,7.09865627302075,5.0,5.734400000000001
37052,87.22424864768982,11841,15.6789250184166,5.0,5.0
37060,87.24374985694885,11841,15.137670150034753,5.0,5.0
37070,87.27174258232117,11841,5.0,5.0,5.0
37076,87.28974318504333,11841,14.0,5.0,5.0
37080,87.30178213119507,11841,8.96,5.0,5.0
37085,87.31474542617798,11841,15.7344,5.0,5.0
37090,87.32675790786743,11841,8.056012800000003,5.0,5.0
37100,87.34674835205078,11841,5.0,5.0,5.0
37110,87.37579035758972,11841,5.0,5.0,5.0
37120,87.40074515342712,11841,5.0,5.0,5.0
37130,87.43043732643127,11841,14.0,5.0,5.0
37140,87.45297980308533,11841,7.168000000000001,5.0,5.0
37150,87.48197627067566,11841,5.0,5.0,5.0
37153,87.4929792881012,11841,14.0,5.0,5.0
37160,87.51198148727417,11841,11.200000000000001,5.0,5.0
37169,87.53698086738586,11841,14.587520000000001,5.0,5.0
37170,87.54104995727539,11841,14.587520000000001,5.0,5.0
37180,87.56819248199463,11841,15.975048192000003,5.0,5.0
37184,87.57520294189453,11841,16.543379739443203,5.0,5.0
37190,87.5882019996643,11841,8.470210426594923,5.0,5.0
37200,87.61516523361206,11841,5.0,5.0,5.0
37210,87.64751243591309,11841,5.0,5.0,5.0
37220,87.67459654808044,11841,5.0,5.0,5.0
37228,87.69855332374573,11841,14.0,5.0,5.0
37230,87.70752835273743,11841,14.0,5.0,5.0
37240,87.73456192016602,11841,5.734400000000001,5.0,5.0
37250,87.75753927230835,11841,5.0,5.0,5.0
37260,87.78079509735107,11841,5.0,5.0,5.0
37266,87.79676651954651,11841,14.0,5.0,5.0
37267,87.79875707626343,11841,21.200000000000003,5.0,5.0
37270,87.80475616455078,11841,13.568000000000005,5.0,5.0
37280,87.83177995681763,11841,8.683520000000005,5.0,5.0
37284,87.84179902076721,11841,15.557452800000004,5.0,5.0
37285,87.84480237960815,11841,22.445962240000004,5.0,5.0
37289,87.85475659370422,11841,21.492332666880003,5.0,5.0
37290,87.8567898273468,11841,17.193866133504002,5.0,5.0
37291,87.85876107215881,11841,23.755092906803203,5.0,5.0
37299,87.87675905227661,11841,19.730086054626597,5.0,5.0
37300,87.87779211997986,11841,15.784068843701277,5.0,5.0
37310,87.90179443359375,11841,8.081443247975056,5.0,5.0
37316,87.92001676559448,11841,15.172123678704036,5.0,5.0
37317,87.92297792434692,11841,22.13769894296323,5.0,5.0
37320,87.92994332313538,11841,17.710159154370583,5.0,5.0
37322,87.93394327163696,11841,21.334501858797175,5.0,5.0
37324,87.93794274330139,11841,23.654081189630194,5.0,5.0
37330,87.95199871063232,11841,9.688711655272527,5.0,5.0
37331,87.95394253730774,11841,17.750969324218023,5.0,5.0
37338,87.96899890899658,11841,15.816637628159764,5.0,5.0
37340,87.97294330596924,11841,10.12264808202225,5.0,5.0
37344,87.97997951507568,11841,16.47849477249424,5.0,5.0
37347,87.98794341087341,11841,20.546236654396317,5.0,5.0
37350,87.99906301498413,11841,16.436989323517054,5.0,5.0
37360,88.01457738876343,11841,5.386072661530069,5.0,5.0
37362,88.02176642417908,11841,14.308858129224056,5.0,5.0
37370,88.03773832321167,11841,5.0,5.0,5.0
37380,88.06672263145447,11841,5.0,5.0,5.0
37384,88.07272291183472,11841,14.0,5.0,5.0
37389,88.08176589012146,11841,15.7344,5.0,5.0
37390,88.0837619304657,11841,12.587520000000001,5.0,5.0
37400,88.10772800445557,11841,15.155848192000002,5.0,5.0
37401,88.10973739624023,11841,22.124678553600003,5.0,5.0
37403,88.11373281478882,11841,24.159794274304005,5.0,5.0
37410,88.13072323799133,11841,19.89585173475492,5.0,5.0
37416,88.14171886444092,11841,18.14934087055562,5.0,5.0
37420,88.15171813964844,11841,9.292462525724478,5.0,5.0
37429,88.1737220287323,11841,14.0,5.0,5.0
37430,88.17671918869019,11841,14.0,5.0,5.0
37440,88.19676494598389,11841,5.0,5.0,5.0
37450,88.22022938728333,11841,5.0,5.0,5.0
37460,88.25027418136597,11841,5.0,5.0,5.0
37470,88.26872396469116,11841,5.0,5.0,5.0
37479,88.28970980644226,11841,14.0,5.0,5.0
37480,88.29172372817993,11841,11.200000000000001,5.0,5.0
37486,88.30421495437622,11841,15.7344,5.0,5.0
37490,88.3112096786499,11841,8.056012800000003,5.0,5.0
37495,88.32457327842712,11841,15.155848192000002,5.0,5.0
37500,88.33657050132751,11841,7.759794274304003,5.0,5.0
37505,88.34957027435303,11841,14.966268335554563,5.0,5.0
37510,88.35857081413269,11841,5.0,5.0,5.0
37520,88.38260793685913,11841,5.0,5.0,5.0
37526,88.39961838722229,11841,14.0,5.0,5.0
37530,88.41156888008118,11841,8.96,5.0,5.0
37536,88.42356872558594,11841,17.168,5.0,5.0
37537,88.4255690574646,11841,23.7344,5.0,5.0
37540,88.4338071346283,11841,18.98752,5.0,5.0
37550,88.45476508140564,11841,6.221830553600002,5.0,5.0
37553,88.46078824996948,11841,14.0,5.0,5.0
37560,88.47877359390259,11841,5.734400000000001,5.0,5.0
37562,88.48277473449707,11841,14.587520000000001,5.0,5.0
37570,88.49632692337036,11841,5.0,5.0,5.0
37574,88.5032844543457,11841,14.0,5.0,5.0
37576,88.50936222076416,11841,21.200000000000003,5.0,5.0
37578,88.51432299613953,11841,23.568000000000005,5.0,5.0
37580,88.51729989051819,11841,18.854400000000005,5.0,5.0
37590,88.54153180122375,11841,6.178209792000003,5.0,5.0
37599,88.5645260810852,11841,14.0,5.0,5.0
37600,88.56652665138245,11841,11.200000000000001,5.0,5.0
37601,88.56852746009827,11841,18.96,5.0,5.0
37610,88.59107947349548,11841,19.707520000000002,5.0,5.0
37616,88.60349726676941,11841,18.072200192000004,5.0,5.0
37619,88.6090772151947,11841,19.252966498304005,5.0,5.0
37620,88.61279034614563,11841,19.252966498304005,5.0,5.0
37630,88.63562440872192,11841,16.308812062164257,5.0,5.0
37636,88.65162515640259,11841,16.68008942066248,5.0,5.0
37640,88.66263961791992,11841,10.675257229223988,5.0,5.0
37650,88.69022512435913,11841,5.0,5.0,5.0
37660,88.72498798370361,11841,14.0,5.0,5.0
37666,88.73895907402039,11841,17.168,5.0,5.0
37670,88.74599838256836,11841,20.987520000000004,5.0,5.0
37677,88.76604390144348,11841,20.745610240000005,5.0,5.0
37680,88.77000164985657,11841,13.277190553600006,5.0,5.0
37683,88.7759621143341,11841,18.497401954304003,5.0,5.0
37684,88.77800130844116,11841,24.797921563443204,5.0,5.0
37690,88.79296231269836,11841,10.157228672386339,5.0,5.0
37694,88.80701184272766,11841,18.125782937909072,5.0,5.0
37700,88.81896758079529,11841,7.424320691367557,5.0,5.0
37702,88.82499885559082,11841,15.939456553094047,5.0,5.0
37710,88.84400177001953,11841,15.22304112331786,5.0,5.0
37714,88.85097980499268,11841,19.74274631892343,5.0,5.0
37720,88.86538982391357,11841,12.635357644110996,5.0,5.0
37730,88.88741612434387,11841,6.469303113784831,5.0,5.0
37739,88.91363739967346,11841,14.140353992822293,5.0,5.0
37740,88.91562867164612,11841,11.312283194257835,5.0,5.0
37750,88.93568706512451,11841,5.791888995460012,5.0,5.0
37752,88.9396288394928,11841,14.63351119636801,5.0,5.0
37760,88.95966815948486,11841,9.365447165675528,5.0,5.0
37770,88.98166370391846,11841,5.0,5.0,5.0
37780,89.00962901115417,11841,5.0,5.0,5.0
37790,89.03018999099731,11841,5.0,5.0,5.0
37798,89.05120611190796,11841,14.0,5.0,5.0
37800,89.05523443222046,11841,8.96,5.0,5.0
37801,89.05721259117126,11841,17.168,5.0,5.0
37810,89.07720303535461,11841,8.790016000000001,5.0,5.0
37820,89.10219669342041,11841,5.0,5.0,5.0
37821,89.10420274734497,11841,14.0,5.0,5.0
37830,89.12516736984253,11841,5.734400000000001,5.0,5.0
37834,89.13516330718994,11841,14.0,5.0,5.0
37840,89.1472053527832,11841,7.168000000000001,5.0,5.0
37843,89.15519213676453,11841,14.587520000000001,5.0,5.0
37844,89.15816402435303,11841,21.670016000000004,5.0,5.0
37847,89.16616344451904,11841,23.868810240000002,5.0,5.0
37850,89.17317700386047,11841,15.276038553600003,5.0,5.0
37854,89.18325638771057,11841,22.220830842880005,5.0,5.0
37860,89.19625210762024,11841,19.101652313243655,5.0,5.0
37864,89.20323920249939,11841,22.22505748047594,5.0,5.0
37868,89.21022510528564,11841,27.780045984380752,5.0,5.0
37870,89.21424889564514,11841,27.77922943000368,5.0,5.0
37880,89.24116730690002,11841,11.37837237452951,5.0,5.0
37882,89.24817943572998,11841,19.102697899623607,5.0,5.0
37888,89.26224851608276,11841,22.22572665575911,5.0,5.0
37890,89.26516437530518,11841,17.78058132460729,5.0,5.0
37896,89.28163027763367,11841,17.282926110559146,5.0,5.0
37897,89.28358912467957,11841,23.82634088844732,5.0,5.0
37900,89.29161858558655,11841,15.248858168606285,5.0,5.0
37910,89.32161974906921,11841,7.807415382326418,5.0,5.0
37915,89.33864736557007,11841,14.99674584468891,5.0,5.0
37918,89.34362745285034,11841,21.997396675751126,5.0,5.0
37920,89.34762692451477,11841,17.5979173406009,5.0,5.0
37930,89.36758756637573,11841,5.766485554168105,5.0,5.0
37940,89.39361691474915,11841,5.0,5.0,5.0
37941,89.39659190177917,11841,14.0,5.0,5.0
37945,89.40461254119873,11841,15.7344,5.0,5.0
37948,89.41061425209045,11841,18.056012800000005,5.0,5.0
37950,89.41365480422974,11841,14.444810240000004,5.0,5.0
37960,89.43791484832764,11841,5.916594274304003,5.0,5.0
37967,89.45389938354492,11841,14.0,5.0,5.0
37970,89.45889210700989,11841,11.200000000000001,5.0,5.0
37978,89.47797656059265,11841,15.7344,5.0,5.0
37980,89.48291635513306,11841,12.587520000000001,5.0,5.0
37981,89.48593354225159,11841,20.070016000000003,5.0,5.0
37990,89.50488710403442,11841,15.261234274304002,5.0,5.0
37991,89.50688695907593,11841,22.208987419443204,5.0,5.0
37996,89.51688694953918,11841,21.371001558754923,5.0,5.0
37998,89.52088713645935,11841,27.09680124700394,5.0,5.0
38000,89.52388715744019,11841,21.677440997603153,5.0,5.0
38010,89.54752898216248,11841,5.682611092875684,5.0,5.0
38015,89.5625262260437,11841,14.546088874300548,5.0,5.0
38016,89.56554913520813,11841,21.63687109944044,5.0,5.0
38020,89.57457280158997,11841,21.078078002913507,5.0,5.0
38025,89.5875403881073,11841,23.489969921864645,5.0,5.0
38030,89.60452580451965,11841,18.791975937491717,5.0,5.0
38040,89.62855410575867,11841,7.697193343996609,5.0,5.0
38050,89.66160845756531,11841,14.0,5.0,5.0
38053,89.66956806182861,11841,18.96,5.0,5.0
38054,89.67157220840454,11841,25.168,5.0,5.0
38057,89.68006730079651,11841,26.10752,5.0,5.0
38060,89.68506646156311,11841,16.7088128,5.0,5.0
38068,89.70210194587708,11841,16.843929722880002,5.0,5.0
38070,89.70514583587646,11841,13.475143778304002,5.0,5.0
38080,89.73710370063782,11841,6.8992736144916496,5.0,5.0
38090,89.7551040649414,11841,5.0,5.0,5.0
38100,89.77815985679626,11841,5.0,5.0,5.0
38103,89.78407096862793,11841,14.0,5.0,5.0
38110,89.79906725883484,11841,7.168000000000001,5.0,5.0
38120,89.82307481765747,11841,5.0,5.0,5.0
38130,89.84512329101562,11841,5.0,5.0,5.0
38140,89.87237691879272,11841,5.0,5.0,5.0
38148,89.89118146896362,11841,14.0,5.0,5.0
38150,89.89515709877014,11841,8.96,5.0,5.0
38152,89.90239548683167,11841,17.168,5.0,5.0
38160,89.92743754386902,11841,13.7344,5.0,5.0
38166,89.94339036941528,11841,17.0320128,5.0,5.0
38167,89.94539046287537,11841,23.62561024,5.0,5.0
38170,89.95043420791626,11841,15.120390553600002,5.0,5.0
38180,89.97243309020996,11841,5.0,5.0,5.0
38185,89.98244643211365,11841,14.0,5.0,5.0
38190,89.99649143218994,11841,11.200000000000001,5.0,5.0
38192,90.00043296813965,11841,18.96,5.0,5.0
38200,90.0204713344574,11841,15.168000000000001,5.0,5.0
38210,90.04795408248901,11841,7.766016000000002,5.0,5.0
38212,90.0549418926239,11841,16.212812800000002,5.0,5.0
38220,90.06798124313354,11841,8.300960153600002,5.0,5.0
38230,90.08876657485962,11841,5.312614498304002,5.0,5.0
38240,90.1177921295166,11841,5.0,5.0,5.0
38246,90.13184332847595,11841,14.0,5.0,5.0
38248,90.13475799560547,11841,21.200000000000003,5.0,5.0
38250,90.1408178806305,11841,16.960000000000004,5.0,5.0
38251,90.14282512664795,11841,23.568000000000005,5.0,5.0
38255,90.15280055999756,11841,25.083520000000007,5.0,5.0
38260,90.16375708580017,11841,12.842762240000006,5.0,5.0
38270,90.18276071548462,11841,5.260395413504003,5.0,5.0
38275,90.19579243659973,11841,14.0,5.0,5.0
38277,90.20285081863403,11841,21.200000000000003,5.0,5.0
38280,90.20776033401489,11841,10.854400000000005,5.0,5.0
38282,90.21381187438965,11841,18.683520000000005,5.0,5.0
38290,90.22983050346375,11841,7.652769792000004,5.0,5.0
38300,90.25280594825745,11841,5.0,5.0,5.0
38308,90.26976156234741,11841,14.0,5.0,5.0
38310,90.27384305000305,11841,8.96,5.0,5.0
38317,90.2917993068695,11841,14.0,5.0,5.0
38320,90.30035352706909,11841,11.200000000000001,5.0,5.0
38330,90.31739163398743,11841,5.0,5.0,5.0
38340,90.3433575630188,11841,14.0,5.0,5.0
38346,90.35635209083557,11841,15.7344,5.0,5.0
38350,90.36835646629333,11841,15.7344,5.0,5.0
38355,90.37735295295715,11841,16.444810240000002,5.0,5.0
38359,90.38939666748047,11841,20.524678553600005,5.0,5.0
38360,90.39235138893127,11841,26.419742842880005,5.0,5.0
38370,90.41745018959045,11841,5.540621654243151,5.0,5.0
38380,90.43835020065308,11841,5.0,5.0,5.0
38387,90.45549631118774,11841,14.0,5.0,5.0
38390,90.46449899673462,11841,14.0,5.0,5.0
38395,90.4774956703186,11841,17.168,5.0,5.0
38400,90.49049520492554,11841,10.987520000000002,5.0,5.0
38404,90.50150775909424,11841,17.0320128,5.0,5.0
38410,90.51450824737549,11841,10.900488192000001,5.0,5.0
38412,90.52053499221802,11841,18.7203905536,5.0,5.0
38420,90.53749752044678,11841,6.134297576603649,5.0,5.0
38430,90.56049537658691,11841,5.0,5.0,5.0
38440,90.58349585533142,11841,5.0,5.0,5.0
38450,90.61249446868896,11841,5.0,5.0,5.0
38451,90.6155035495758,11841,14.0,5.0,5.0
38458,90.63750290870667,11841,15.7344,5.0,5.0
38459,90.63949751853943,11841,22.58752,5.0,5.0
38460,90.64153861999512,11841,18.070016000000003,5.0,5.0
38462,90.64654779434204,11841,21.564810240000003,5.0,5.0
38466,90.65353631973267,11841,21.041182842880005,5.0,5.0
38470,90.66249823570251,11841,10.773085615554564,5.0,5.0
38480,90.69449830055237,11841,10.773085615554564,5.0,5.0
38490,90.72266864776611,11841,5.0,5.0,5.0
38499,90.74562573432922,11841,5.0,5.0,14.0
38500,90.7476258277893,11841,14.0,5.0,14.0
38509,90.77372241020203,11841,17.168,5.0,5.734400000000001
38510,90.7797224521637,11841,17.168,5.0,5.734400000000001
38520,90.81054091453552,11841,8.790016000000001,5.0,5.0
38521,90.81235408782959,11841,8.790016000000001,5.0,14.0
38526,90.82278680801392,11841,15.62561024,5.0,8.96
38530,90.82831025123596,11841,10.0003905536,5.0,5.734400000000001
38540,90.85144376754761,11841,5.0,5.0,5.0
38550,90.87744879722595,11841,5.0,5.0,5.0
38552,90.88462114334106,11841,14.0,5.0,5.0
38553,90.88662600517273,11841,21.200000000000003,5.0,5.0
38559,90.90062689781189,11841,20.854400000000005,5.0,5.0
38560,90.9016273021698,11841,16.683520000000005,5.0,5.0
38570,90.92363023757935,11841,5.0,5.0,5.0
38580,90.94817757606506,11841,5.0,5.0,5.0
38590,90.97428941726685,11841,5.0,5.0,5.0
38600,90.99728870391846,11841,5.0,5.0,5.0
38610,91.02528858184814,11841,5.0,5.0,5.0
38616,91.04728865623474,11841,14.0,5.0,5.0
38620,91.05428862571716,11841,11.200000000000001,5.0,5.0
38630,91.08528876304626,11841,5.0,5.0,5.0
38635,91.09730315208435,11841,14.0,5.0,5.0
38640,91.11528825759888,11841,8.96,5.0,5.0
38648,91.13028836250305,11841,14.0,5.0,5.0
38650,91.13428854942322,11841,11.200000000000001,5.0,5.0
38652,91.13828897476196,11841,17.168,5.0,5.0
38660,91.15428876876831,11841,5.625610240000001,5.0,5.0
38663,91.15928840637207,11841,14.500488192000002,5.0,5.0
38670,91.17628860473633,11841,7.424249954304002,5.0,5.0
38672,91.18328857421875,11841,15.9393999634432,5.0,5.0
38673,91.18528866767883,11841,22.75151997075456,5.0,5.0
38680,91.19828867912292,11841,9.31902258002107,5.0,5.0
38690,91.22428846359253,11841,5.0,5.0,5.0
38700,91.25428414344788,11841,5.0,5.0,5.0
38703,91.26328349113464,11841,14.0,5.0,5.0
38706,91.27228617668152,11841,18.96,5.0,5.0
38710,91.28429245948792,11841,12.134400000000001,5.0,5.0
38720,91.30235600471497,11841,5.0,5.0,5.0
38730,91.32728672027588,11841,5.0,5.0,5.0
38731,91.32936882972717,11841,14.0,5.0,5.0
38735,91.34030604362488,11841,17.168,5.0,5.0
38740,91.3502869606018,11841,7.032012800000001,5.0,5.0
38750,91.37728691101074,11841,5.0,5.0,5.0
38752,91.38128662109375,11841,14.0,5.0,5.0
38760,91.39828324317932,11841,7.168000000000001,5.0,5.0
38765,91.4115514755249,11841,14.587520000000001,5.0,5.0
38767,91.41554093360901,11841,21.670016000000004,5.0,5.0
38770,91.42354393005371,11841,13.868810240000002,5.0,5.0
38780,91.45200252532959,11841,5.680664674304002,5.0,5.0
38782,91.45899748802185,11841,14.544531739443201,5.0,5.0
38790,91.4800021648407,11841,7.4468002505949205,5.0,5.0
38800,91.50603771209717,11841,5.957440200475936,5.0,5.0
38810,91.5299985408783,11841,5.0,5.0,5.0
38811,91.53199911117554,11841,14.0,5.0,5.0
38820,91.55904293060303,11841,5.0,5.0,5.0
38830,91.58701419830322,11841,5.0,5.0,5.0
38832,91.59101414680481,11841,14.0,5.0,5.0
38840,91.60917448997498,11841,8.96,5.0,5.0
38841,91.6111536026001,11841,17.168,5.0,5.0
38850,91.63317584991455,11841,5.625610240000001,5.0,5.0
38858,91.65209484100342,11841,14.0,5.0,5.0
38860,91.65809512138367,11841,14.0,5.0,5.0
38861,91.66112208366394,11841,21.200000000000003,5.0,5.0
38863,91.66509485244751,11841,23.568000000000005,5.0,5.0
38870,91.68135452270508,11841,12.066816000000005,5.0,5.0
38873,91.68639278411865,11841,19.653452800000004,5.0,5.0
38878,91.69635438919067,11841,16.440043413504,5.0,5.0
38880,91.70235443115234,11841,13.152034730803202,5.0,5.0
38890,91.72483158111572,11841,5.0,5.0,5.0
38900,91.75312662124634,11841,5.0,5.0,5.0
38901,91.75508546829224,11841,14.0,5.0,5.0
38903,91.75905323028564,11841,21.200000000000003,5.0,5.0
38910,91.77405309677124,11841,10.854400000000005,5.0,5.0
38911,91.7760534286499,11841,18.683520000000005,5.0,5.0
38920,91.79406070709229,11841,16.122215833600002,5.0,5.0
38923,91.80505299568176,11841,20.318218133504004,5.0,5.0
38924,91.80705308914185,11841,26.254574506803205,5.0,5.0
38928,91.81505608558655,11841,23.442342147483245,5.0,5.0
38930,91.81909418106079,11841,15.003098974389278,5.0,5.0
38940,91.84234476089478,11841,5.0,5.0,5.0
38945,91.85136866569519,11841,14.0,5.0,5.0
38949,91.86134457588196,11841,18.96,5.0,5.0
38950,91.86339831352234,11841,15.168000000000001,5.0,5.0
38959,91.8783278465271,11841,14.0,5.0,5.0
38960,91.88036632537842,11841,11.200000000000001,5.0,5.0
38970,91.90650773048401,11841,5.0,5.0,5.0
38980,91.93501138687134,11841,5.0,5.0,5.0
38990,91.96697163581848,11841,5.0,5.0,5.0
38999,91.99295926094055,11841,14.0,5.0,5.0
39000,91.99500155448914,11841,21.200000000000003,5.0,5.0
39009,92.02001023292542,11841,15.557452800000004,5.0,5.0
39010,92.02196741104126,11841,12.445962240000004,5.0,5.0
39014,92.02993249893188,11841,17.9654158336,5.0,5.0
39020,92.04301953315735,11841,7.358634325442562,5.0,5.0
39022,92.0499324798584,11841,15.886907460354049,5.0,5.0
39030,92.06597328186035,11841,5.205821836608815,5.0,5.0
39040,92.09249949455261,11841,5.0,5.0,5.0
39048,92.11245012283325,11841,14.0,5.0,5.0
39050,92.11744809150696,11841,11.200000000000001,5.0,5.0
39051,92.12048864364624,11841,18.96,5.0,5.0
39060,92.13825631141663,11841,6.212812800000002,5.0,5.0
39062,92.14320063591003,11841,14.970250240000002,5.0,5.0
39070,92.16020584106445,11841,7.664768122880002,5.0,5.0
39080,92.18716263771057,11841,5.0,5.0,5.0
39085,92.20116257667542,11841,14.0,5.0,5.0
39090,92.21217560768127,11841,8.96,5.0,5.0
39100,92.23564004898071,11841,5.0,5.0,5.0
39104,92.24565505981445,11841,14.0,5.0,5.0
39110,92.25976252555847,11841,7.168000000000001,5.0,5.0
39113,92.26769161224365,11841,15.7344,5.0,5.0
39116,92.27369141578674,11841,18.056012800000005,5.0,5.0
39120,92.28699207305908,11841,14.444810240000004,5.0,5.0
39130,92.31094622612,11841,5.0,5.0,5.0
39134,92.32097935676575,11841,14.0,5.0,5.0
39140,92.3349859714508,11841,8.96,5.0,5.0
39150,92.3610098361969,11841,5.734400000000001,5.0,5.0
39160,92.38794994354248,11841,5.0,5.0,5.0
39170,92.41410422325134,11841,5.0,5.0,5.0
39172,92.41710424423218,11841,14.0,5.0,5.0
39180,92.4361047744751,11841,5.734400000000001,5.0,5.0
39190,92.45210385322571,11841,5.0,5.0,5.0
39193,92.46010422706604,11841,14.0,5.0,5.0
39200,92.47610402107239,11841,7.168000000000001,5.0,5.0
39210,92.50010418891907,11841,5.0,5.0,5.0
39220,92.53040432929993,11841,5.0,5.0,5.0
39230,92.55372524261475,11841,5.0,5.0,5.0
39240,92.58173322677612,11841,5.0,5.0,5.0
39245,92.60113978385925,11841,14.0,5.0,5.0
39246,92.60309433937073,11841,21.200000000000003,5.0,5.0
39249,92.60909485816956,11841,23.568000000000005,5.0,5.0
39250,92.61309814453125,11841,23.568000000000005,5.0,5.0
39251,92.61513757705688,11841,28.854400000000005,5.0,5.0
39260,92.63609480857849,11841,7.564007833600003,5.0,5.0
39263,92.64410948753357,11841,14.840965013504004,5.0,5.0
39266,92.65213108062744,11841,21.872772010803203,5.0,5.0
39270,92.6621322631836,11841,21.19885926953124,5.0,5.0
39280,92.68515038490295,11841,5.557153764352,5.0,5.0
39290,92.70812058448792,11841,5.0,5.0,5.0
39300,92.73412656784058,11841,5.0,5.0,5.0
39310,92.75441479682922,11841,5.0,5.0,5.0
39314,92.76759910583496,11841,14.0,5.0,5.0
39316,92.77362561225891,11841,21.200000000000003,5.0,5.0
39320,92.78555417060852,11841,16.960000000000004,5.0,5.0
39330,92.80557584762573,11841,5.557452800000004,5.0,5.0
39336,92.81964135169983,11841,14.0,5.0,5.0
39340,92.83359479904175,11841,14.0,5.0,5.0
39342,92.83958864212036,11841,21.200000000000003,5.0,5.0
39345,92.84656262397766,11841,26.960000000000004,5.0,5.0
39350,92.8555920124054,11841,13.803520000000004,5.0,5.0
39354,92.86560225486755,11841,18.8342528,5.0,5.0
39356,92.86956143379211,11841,22.053921792000004,5.0,5.0
39360,92.87855362892151,11841,17.643137433600003,5.0,5.0
39364,92.88987612724304,11841,21.291607957504006,5.0,5.0
39370,92.90310788154602,11841,8.721042619393643,5.0,5.0
39380,92.92106819152832,11841,5.0,5.0,5.0
39390,92.95006656646729,11841,5.0,5.0,5.0
39399,92.97338318824768,11841,14.0,5.0,5.0
39400,92.97737836837769,11841,14.0,5.0,5.0
39405,92.99137854576111,11841,17.168,5.0,5.0
39406,92.99337887763977,11841,23.7344,5.0,5.0
39410,92.99945569038391,11841,9.721610240000002,5.0,5.0
39420,93.02014756202698,11841,5.0,5.0,5.0
39430,93.04314756393433,11841,5.0,5.0,5.0
39440,93.06315159797668,11841,5.0,5.0,5.0
39441,93.06515145301819,11841,14.0,5.0,5.0
39442,93.0676634311676,11841,21.200000000000003,5.0,5.0
39450,93.0843186378479,11841,8.683520000000005,5.0,5.0
39457,93.1034688949585,11841,15.557452800000004,5.0,5.0
39460,93.11348009109497,11841,15.557452800000004,5.0,5.0
39470,93.13907980918884,11841,9.956769792000003,5.0,5.0
39480,93.16504120826721,11841,5.097866133504002,5.0,5.0
39484,93.17504119873047,11841,14.0,5.0,5.0
39490,93.18704104423523,11841,8.96,5.0,5.0
39500,93.21004223823547,11841,5.734400000000001,5.0,5.0
39510,93.24004101753235,11841,5.0,5.0,5.0
39520,93.27109575271606,11841,5.0,5.0,5.0
39530,93.30807852745056,11841,5.0,5.0,5.0
39534,93.31912016868591,11841,14.0,5.0,5.0
39540,93.33608150482178,11841,5.734400000000001,5.0,5.0
39550,93.35942912101746,11841,5.0,5.0,5.0
39559,93.38840913772583,11841,14.0,5.0,5.0
39560,93.3924548625946,11841,14.0,5.0,5.0
39569,93.41161251068115,11841,14.0,5.0,5.0
39570,93.4136164188385,11841,11.200000000000001,5.0,5.0
39577,93.4295744895935,11841,15.7344,5.0,5.0
39580,93.43483066558838,11841,10.070016000000003,5.0,5.0
39590,93.45988249778748,11841,14.124678553600003,5.0,5.0
39600,93.48885607719421,11841,5.785468335554562,5.0,5.0
39610,93.52636313438416,11841,5.0,5.0,5.0
39616,93.54335689544678,11841,14.0,5.0,5.0
39620,93.55336833000183,11841,7.168000000000001,5.0,5.0
39630,93.58339524269104,11841,5.734400000000001,5.0,5.0
39640,93.607430934906,11841,5.0,5.0,5.0
39650,93.63637208938599,11841,5.0,5.0,5.0
39656,93.65037035942078,11841,14.0,5.0,5.0
39660,93.65942740440369,11841,8.96,5.0,5.0
39668,93.68536806106567,11841,15.7344,5.0,5.0
39669,93.68735933303833,11841,22.58752,5.0,5.0
39670,93.68944334983826,11841,28.070016000000003,5.0,5.0
39680,93.71144890785217,11841,14.371848192000002,5.0,5.0
39690,93.73344874382019,11841,5.886709019443202,5.0,5.0
39700,93.7514488697052,11841,5.0,5.0,5.0
39710,93.77989220619202,11841,5.0,5.0,5.0
39718,93.80188369750977,11841,14.0,5.0,5.0
39719,93.80489611625671,11841,21.200000000000003,5.0,5.0
39720,93.80688571929932,11841,16.960000000000004,5.0,5.0
39730,93.83286571502686,11841,5.557452800000004,5.0,5.0
39733,93.84286832809448,11841,14.445962240000004,5.0,5.0
39740,93.86185789108276,11841,9.245415833600005,5.0,5.0
39750,93.87986397743225,11841,14.0,5.0,5.0
39751,93.88135504722595,11841,21.200000000000003,5.0,5.0
39752,93.88354921340942,11841,26.960000000000004,5.0,5.0
39757,93.8965585231781,11841,21.042816000000002,5.0,5.0
39760,93.9045467376709,11841,13.467402240000002,5.0,5.0
39762,93.9085488319397,11841,18.619137433600002,5.0,5.0
39769,93.92660284042358,11841,17.626398692802564,5.0,5.0
39770,93.9315083026886,11841,17.626398692802564,5.0,5.0
39773,93.93650841712952,11841,21.280895163393645,5.0,5.0
39780,93.9525134563446,11841,8.71665465892604,5.0,5.0
39785,93.96653270721436,11841,15.578658981712666,5.0,5.0
39786,93.96860027313232,11841,22.462927185370134,5.0,5.0
39790,93.97656536102295,11841,9.200814975127608,5.0,5.0
39800,94.00659775733948,11841,5.0,5.0,5.0
39810,94.03651738166809,11841,5.0,5.0,5.0
39820,94.0605788230896,11841,5.0,5.0,5.0
39830,94.0895643234253,11841,5.0,5.0,5.0
39840,94.11278009414673,11841,5.0,5.0,5.0
39850,94.13331413269043,11841,5.0,5.0,5.0
39855,94.14534211158752,11841,14.0,5.0,5.0
39860,94.15633511543274,11841,8.96,5.0,5.0
39870,94.18667221069336,11841,5.734400000000001,5.0,5.0
39871,94.18864464759827,11841,14.587520000000001,5.0,5.0
39872,94.19168376922607,11841,21.670016000000004,5.0,5.0
39880,94.20969367027283,11841,11.095048192000002,5.0,5.0
39890,94.23162746429443,11841,5.0,5.0,5.0
39898,94.24770784378052,11841,14.0,5.0,5.0
39900,94.25465631484985,11841,11.200000000000001,5.0,5.0
39906,94.26862144470215,11841,17.168,5.0,5.0
39910,94.27769541740417,11841,13.7344,5.0,5.0
39920,94.29965782165527,11841,5.0,5.0,5.0
39927,94.31565713882446,11841,5.0,5.0,14.0
39930,94.32265949249268,11841,5.0,5.0,8.96
39940,94.34462141990662,11841,5.0,5.0,5.0
39946,94.35865664482117,11841,14.0,5.0,5.0
39950,94.3656222820282,11841,8.96,5.0,5.0
39951,94.3676221370697,11841,17.168,5.0,5.0
39960,94.39462089538574,11841,8.790016000000001,5.0,5.0
39970,94.4267475605011,11841,5.0,5.0,5.0
39980,94.45099210739136,11841,5.0,5.0,5.0
39984,94.46302890777588,11841,14.0,5.0,5.0
39985,94.46502876281738,11841,21.200000000000003,5.0,5.0
39990,94.47806334495544,11841,20.854400000000005,5.0,5.0
40000,94.5029878616333,11841,8.541962240000004,5.0,5.0
40010,94.53198885917664,11841,6.833569792000003,5.0,5.0
40016,94.54955554008484,11841,14.373484666880003,5.0,5.0
40018,94.5526282787323,11841,21.498787733504003,5.0,5.0
40020,94.55663919448853,11841,13.759224149442563,5.0,5.0
40030,94.58075213432312,11841,15.635778211611676,5.0,5.0
40040,94.60932064056396,11841,10.006898055431474,5.0,5.0
40046,94.62725949287415,11841,16.404414755476143,5.0,5.0
40050,94.63724780082703,11841,10.498825443504733,5.0,5.0
40060,94.66130781173706,11841,5.0,5.0,5.0
40070,94.68538618087769,11841,5.0,5.0,5.0
40077,94.69735836982727,11841,14.0,5.0,5.0
40080,94.7053964138031,11841,18.96,5.0,5.0
40090,94.72836995124817,11841,7.766016000000002,5.0,5.0
40100,94.75430154800415,11841,14.0,5.0,5.0
40105,94.7633011341095,11841,17.168,5.0,5.0
40110,94.77334022521973,11841,5.625610240000001,5.0,5.0
40120,94.79330825805664,11841,5.0,5.0,5.0
40124,94.8042984008789,11841,14.0,5.0,5.0
40125,94.80629920959473,11841,21.200000000000003,5.0,5.0
40130,94.82181763648987,11841,8.683520000000005,5.0,5.0
40140,94.84888958930969,11841,5.0,5.0,5.0
40145,94.86283206939697,11841,14.0,5.0,5.0
40150,94.87181258201599,11841,8.96,5.0,5.0
40160,94.89784574508667,11841,5.734400000000001,5.0,5.0
40170,94.92381238937378,11841,5.0,5.0,5.0
40180,94.94281244277954,11841,5.0,5.0,5.0
40188,94.95685863494873,11841,14.0,5.0,5.0
40190,94.96583986282349,11841,14.0,5.0,5.0
40191,94.9678521156311,11841,21.200000000000003,5.0,5.0
40200,94.99084258079529,11841,8.683520000000005,5.0,5.0
40201,94.99286913871765,11841,16.946816000000005,5.0,5.0
40210,95.00881266593933,11841,5.0,5.0,5.0
40220,95.03585028648376,11841,5.0,5.0,5.0
40230,95.0568528175354,11841,14.0,5.0,5.0
40234,95.0639066696167,11841,18.96,5.0,5.0
40240,95.0738091468811,11841,7.766016000000002,5.0,5.0
40250,95.10280895233154,11841,5.0,5.0,5.0
40260,95.13180899620056,11841,5.0,5.0,5.0
40262,95.13580918312073,11841,14.0,5.0,5.0
40270,95.15281224250793,11841,7.168000000000001,5.0,5.0
40276,95.1668119430542,11841,14.587520000000001,5.0,5.0
40280,95.17282962799072,11841,9.336012800000002,5.0,5.0
40290,95.19905853271484,11841,5.0,5.0,5.0
40300,95.22909688949585,11841,5.0,5.0,5.0
40310,95.25722169876099,11841,5.0,5.0,5.0
40320,95.28828954696655,11841,5.0,5.0,5.0
40330,95.32000255584717,11841,5.0,5.0,5.0
40332,95.32501411437988,11841,14.0,5.0,5.0
40339,95.34197282791138,11841,15.7344,5.0,5.0
40340,95.34400844573975,11841,12.587520000000001,5.0,5.0
40341,95.34603071212769,11841,20.070016000000003,5.0,5.0
40342,95.34899091720581,11841,26.0560128,5.0,5.0
40350,95.3699722290039,11841,10.67254284288,5.0,5.0
40360,95.39114880561829,11841,5.464341935554561,5.0,5.0
40366,95.41376256942749,11841,14.37147354844365,5.0,5.0
40370,95.42678880691528,11841,9.197743071003936,5.0,5.0
40372,95.43280410766602,11841,17.358194456803147,5.0,5.0
40380,95.44814991950989,11841,8.887395561883213,5.0,5.0
40388,95.46813368797302,11841,14.550346527684205,5.0,5.0
40390,95.47109007835388,11841,11.640277222147365,5.0,5.0
40394,95.47913551330566,11841,17.449777422174314,5.0,5.0
40395,95.48108792304993,11841,23.959821937739452,5.0,5.0
40400,95.49513244628906,11841,15.334286040153252,5.0,5.0
40406,95.50611710548401,11841,15.02473884963742,5.0,5.0
40408,95.51012444496155,11841,22.019791079709936,5.0,5.0
40410,95.51617193222046,11841,17.61583286376795,5.0,5.0
40420,95.54037523269653,11841,5.772356112799484,5.0,5.0
40425,95.5513482093811,11841,14.0,5.0,5.0
40430,95.56534838676453,11841,7.168000000000001,5.0,5.0
40433,95.57338619232178,11841,14.587520000000001,5.0,5.0
40440,95.59036779403687,11841,7.4688102400000025,5.0,5.0
40450,95.60837316513062,11841,5.0,5.0,5.0
40460,95.63683843612671,11841,5.0,5.0,5.0
40470,95.66278076171875,11841,5.0,5.0,5.0
40480,95.69242238998413,11841,5.0,5.0,5.0
40490,95.72142148017883,11841,5.0,5.0,5.0
40500,95.75348544120789,11841,5.0,5.0,5.0
40502,95.7574200630188,11841,14.0,5.0,5.0
40510,95.77645945549011,11841,7.168000000000001,5.0,5.0
40517,95.79169750213623,11841,14.0,5.0,5.0
40520,95.79970717430115,11841,8.96,5.0,5.0
40530,95.82496523857117,11841,5.0,5.0,5.0
40540,95.85200691223145,11841,5.0,5.0,5.0
40550,95.87896585464478,11841,5.0,5.0,5.0
40560,95.90817189216614,11841,5.0,5.0,5.0
40570,95.93144536018372,11841,5.0,5.0,5.0
40580,95.95648097991943,11841,5.0,5.0,5.0
40590,95.98208451271057,11841,5.0,5.0,5.0
40600,96.00306916236877,11841,5.0,5.0,5.0
40610,96.02798676490784,11841,5.0,5.0,5.0
40611,96.02998661994934,11841,5.0,5.0,14.0
40620,96.05353879928589,11841,5.0,5.0,5.0
40630,96.08458232879639,11841,5.0,5.0,5.0
40640,96.10755610466003,11841,5.0,5.0,5.0
40650,96.13261222839355,11841,5.0,5.0,5.0
40651,96.13453316688538,11841,14.0,5.0,5.0
40660,96.15711617469788,11841,5.734400000000001,5.0,5.0
40670,96.1810884475708,11841,5.0,5.0,5.0
40680,96.21156048774719,11841,5.0,5.0,5.0
40690,96.23767948150635,11841,5.0,5.0,5.0
40697,96.25278639793396,11841,14.0,5.0,5.0
40700,96.26077675819397,11841,18.96,5.0,5.0
40702,96.26687932014465,11841,25.168,5.0,5.0
40703,96.26987862586975,11841,30.1344,5.0,5.0
40710,96.28492975234985,11841,7.899552153600003,5.0,5.0
40720,96.31890797615051,11841,6.319641722880003,5.0,5.0
40730,96.34586262702942,11841,5.0,5.0,5.0
40733,96.35490393638611,11841,14.0,5.0,5.0
40740,96.36992239952087,11841,5.734400000000001,5.0,5.0
40745,96.38590431213379,11841,14.587520000000001,5.0,5.0
40750,96.3948986530304,11841,5.975048192000003,5.0,5.0
40756,96.41186237335205,11841,14.0,5.0,5.0
40760,96.4248640537262,11841,8.96,5.0,5.0
40763,96.43294548988342,11841,15.7344,5.0,5.0
40770,96.4458577632904,11841,8.056012800000003,5.0,5.0
40780,96.46890497207642,11841,5.0,5.0,5.0
40790,96.4958815574646,11841,5.0,5.0,5.0
40793,96.50386309623718,11841,14.0,5.0,5.0
40800,96.52088856697083,11841,7.168000000000001,5.0,5.0
40810,96.54789805412292,11841,5.734400000000001,5.0,5.0
40813,96.55395126342773,11841,14.0,5.0,5.0
40816,96.56290483474731,11841,21.200000000000003,5.0,5.0
40817,96.5649106502533,11841,26.960000000000004,5.0,5.0
40820,96.57289290428162,11841,27.254400000000004,5.0,5.0
40821,96.57491755485535,11841,31.803520000000006,5.0,5.0
40824,96.58391809463501,11841,30.35425280000001,5.0,5.0
40830,96.59714770317078,11841,12.433101946880008,5.0,5.0
40840,96.62013673782349,11841,14.0,5.0,5.0
40841,96.62213778495789,11841,21.200000000000003,5.0,5.0
40849,96.64009761810303,11841,16.946816000000005,5.0,5.0
40850,96.64204382896423,11841,13.557452800000005,5.0,5.0
40851,96.64409279823303,11841,20.845962240000006,5.0,5.0
40854,96.654052734375,11841,26.676769792000005,5.0,5.0
40860,96.66711902618408,11841,10.926804906803206,5.0,5.0
40870,96.69208288192749,11841,5.594524112283242,5.0,5.0
40874,96.70108366012573,11841,14.475619289826593,5.0,5.0
40877,96.70709228515625,11841,17.411517076391217,5.0,5.0
40880,96.71711206436157,11841,13.929213661112975,5.0,5.0
40890,96.74205303192139,11841,5.0,5.0,5.0
40891,96.74408864974976,11841,14.0,5.0,5.0
40893,96.7501151561737,11841,21.200000000000003,5.0,5.0
40900,96.76205253601074,11841,6.9468160000000045,5.0,5.0
40910,96.78305339813232,11841,5.0,5.0,5.0
40920,96.81208729743958,11841,5.0,5.0,5.0
40930,96.8460521697998,11841,5.0,5.0,5.0
40940,96.87140679359436,11841,5.0,5.0,5.0
40945,96.88735127449036,11841,14.0,5.0,5.0
40950,96.89745664596558,11841,7.168000000000001,5.0,5.0
40960,96.92345309257507,11841,5.0,5.0,5.0
40970,96.94750833511353,11841,5.0,5.0,5.0
40976,96.96147894859314,11841,14.0,5.0,5.0
40977,96.96441626548767,11841,21.200000000000003,5.0,5.0
40979,96.96845650672913,11841,23.568000000000005,5.0,5.0
40980,96.97041606903076,11841,23.568000000000005,5.0,5.0
40981,96.97241711616516,11841,28.854400000000005,5.0,5.0
40982,96.97450160980225,11841,33.08352000000001,5.0,5.0
40990,96.99942827224731,11841,16.938762240000006,5.0,5.0
41000,97.02442598342896,11841,5.550493610803204,5.0,5.0
41010,97.05441665649414,11841,5.0,5.0,5.0
41020,97.08363771438599,11841,5.0,5.0,5.0
41030,97.10963416099548,11841,5.0,5.0,5.0
41040,97.13563108444214,11841,5.0,5.0,5.0
41050,97.15803813934326,11841,5.0,5.0,5.0
41055,97.17301201820374,11841,14.0,5.0,5.0
41060,97.1840033531189,11841,8.96,5.0,5.0
41063,97.19000339508057,11841,15.7344,5.0,5.0
41070,97.2040023803711,11841,5.0,5.0,5.0
41078,97.22514128684998,11841,14.0,5.0,5.0
41080,97.22917938232422,11841,8.96,5.0,5.0
41088,97.24761748313904,11841,14.587520000000001,5.0,5.0
41089,97.24965405464172,11841,21.670016000000004,5.0,5.0
41090,97.25261664390564,11841,27.336012800000002,5.0,5.0
41100,97.2736165523529,11841,5.732777391554563,5.0,5.0
41102,97.27761673927307,11841,14.586221913243651,5.0,5.0
41103,97.27962875366211,11841,21.668977530594923,5.0,5.0
41107,97.28776049613953,11841,21.0945164956646,5.0,5.0
41110,97.2938323020935,11841,10.800392445780277,5.0,5.0
41116,97.30983662605286,11841,15.529800932239503,5.0,5.0
41120,97.31883645057678,11841,16.3610064618453,5.0,5.0
41127,97.33383893966675,11841,14.288939677933975,5.0,5.0
41129,97.33683848381042,11841,21.431151742347183,5.0,5.0
41130,97.34083962440491,11841,21.431151742347183,5.0,5.0
41140,97.3618414402008,11841,5.618047842345863,5.0,5.0
41141,97.36383867263794,11841,14.49443827387669,5.0,5.0
41150,97.38369679450989,11841,5.0,5.0,5.0
41156,97.39653205871582,11841,14.0,5.0,5.0
41157,97.39853167533875,11841,21.200000000000003,5.0,5.0
41160,97.40657830238342,11841,13.568000000000005,5.0,5.0
41170,97.42962527275085,11841,8.683520000000005,5.0,5.0
41171,97.43256163597107,11841,16.946816000000005,5.0,5.0
41175,97.44055724143982,11841,16.941415833600004,5.0,5.0
41180,97.45414161682129,11841,20.842506133504003,5.0,5.0
41190,97.47749400138855,11841,5.463737927861274,5.0,5.0
41191,97.47953391075134,11841,14.37099034228902,5.0,5.0
41192,97.48249244689941,11841,21.49679227383122,5.0,5.0
41193,97.48451566696167,11841,27.197433819064976,5.0,5.0
41197,97.49746966362,11841,27.406357644201588,5.0,5.0
41198,97.49950408935547,11841,31.92508611536127,5.0,5.0
41200,97.50247120857239,11841,20.432055113831215,5.0,5.0
41209,97.52251291275024,11841,14.284912524608139,5.0,5.0
41210,97.52447414398193,11841,11.427930019686512,5.0,5.0
41220,97.54646897315979,11841,5.0,5.0,5.0
41229,97.57146525382996,11841,14.0,5.0,5.0
41230,97.57546544075012,11841,14.0,5.0,5.0
41240,97.60299134254456,11841,5.0,5.0,5.0
41250,97.6271162033081,11841,5.0,5.0,5.0
41260,97.6560926437378,11841,14.0,5.0,5.0
41268,97.67111110687256,11841,15.7344,5.0,5.0
41269,97.67307353019714,11841,22.58752,5.0,5.0
41270,97.6750807762146,11841,18.070016000000003,5.0,5.0
41280,97.70307660102844,11841,7.401478553600002,5.0,5.0
41290,97.72807550430298,11841,5.0,5.0,5.0
41300,97.74844980239868,11841,5.0,5.0,5.0
41306,97.76641273498535,11841,14.0,5.0,5.0
41310,97.78171157836914,11841,21.200000000000003,5.0,5.0
41320,97.80271172523499,11841,5.0,5.0,5.0
41327,97.81772685050964,11841,14.0,5.0,5.0
41330,97.82376599311829,11841,14.0,5.0,5.0
41331,97.82671189308167,11841,21.200000000000003,5.0,5.0
41334,97.83175325393677,11841,20.854400000000005,5.0,5.0
41335,97.83375191688538,11841,26.683520000000005,5.0,5.0
41340,97.84371185302734,11841,8.743655833600002,5.0,5.0
41341,97.84676790237427,11841,16.994924666880003,5.0,5.0
41350,97.87273263931274,11841,6.961121143554052,5.0,5.0
41360,97.90077614784241,11841,5.0,5.0,5.0
41361,97.90273189544678,11841,14.0,5.0,5.0
41370,97.92413449287415,11841,5.734400000000001,5.0,5.0
41380,97.95106363296509,11841,5.0,5.0,5.0
41383,97.95913648605347,11841,14.0,5.0,5.0
41388,97.96712303161621,11841,18.96,5.0,5.0
41390,97.97113466262817,11841,12.134400000000001,5.0,5.0
41391,97.97305035591125,11841,19.707520000000002,5.0,5.0
41394,97.97905349731445,11841,20.090250240000003,5.0,5.0
41400,97.99006819725037,11841,10.286208122880005,5.0,5.0
41410,98.01505899429321,11841,6.583173198643204,5.0,5.0
41415,98.02408909797668,11841,14.213230847131651,5.0,5.0
41420,98.03805112838745,11841,7.2771741937314065,5.0,5.0
41422,98.04408645629883,11841,15.821739354985127,5.0,5.0
41427,98.05706810951233,11841,20.125913187190484,5.0,5.0
41430,98.0640480518341,11841,16.100730549752388,5.0,5.0
41431,98.06704950332642,11841,22.88058443980191,5.0,5.0
41440,98.08688855171204,11841,5.998007927387434,5.0,5.0
41450,98.10908269882202,11841,5.0,5.0,5.0
41460,98.13407778739929,11841,5.0,5.0,5.0
41470,98.15315985679626,11841,5.0,5.0,5.0
41480,98.17907667160034,11841,5.0,5.0,5.0
41490,98.20218968391418,11841,5.0,5.0,5.0
41499,98.2284734249115,11841,14.0,5.0,5.0
41500,98.2305040359497,11841,11.200000000000001,5.0,5.0
41510,98.25501251220703,11841,7.168000000000001,5.0,5.0
41520,98.27990865707397,11841,5.0,5.0,5.0
41530,98.30950212478638,11841,5.0,5.0,5.0
41532,98.3135666847229,11841,14.0,5.0,5.0
41540,98.33602213859558,11841,7.168000000000001,5.0,5.0
41550,98.36602807044983,11841,14.0,5.0,5.0
41560,98.3871078491211,11841,5.0,5.0,5.0
41570,98.41064238548279,11841,14.0,5.0,5.0
41580,98.4376163482666,11841,5.734400000000001,5.0,5.0
41588,98.45264101028442,11841,14.0,5.0,5.0
41590,98.45664191246033,11841,11.200000000000001,5.0,5.0
41600,98.47869610786438,11841,5.734400000000001,5.0,5.0
41610,98.50596809387207,11841,14.0,5.0,5.0
41611,98.50790548324585,11841,21.200000000000003,5.0,5.0
41614,98.51389718055725,11841,20.854400000000005,5.0,5.0
41616,98.51792073249817,11841,23.346816000000004,5.0,5.0
41620,98.52592992782593,11841,9.562855833600002,5.0,5.0
41630,98.55209827423096,11841,5.0,5.0,5.0
41640,98.5781180858612,11841,5.0,5.0,5.0
41650,98.6010799407959,11841,5.0,5.0,5.0
41659,98.61711812019348,11841,14.0,5.0,5.0
41660,98.61909985542297,11841,14.0,5.0,5.0
41663,98.62707948684692,11841,21.200000000000003,5.0,5.0
41670,98.64316582679749,11841,10.854400000000005,5.0,5.0
41680,98.67411804199219,11841,5.0,5.0,5.0
41685,98.68914365768433,11841,14.0,5.0,5.0
41686,98.69109725952148,11841,21.200000000000003,5.0,5.0
41690,98.69811987876892,11841,20.854400000000005,5.0,5.0
41695,98.71312022209167,11841,23.346816000000004,5.0,5.0
41700,98.72411966323853,11841,18.677452800000005,5.0,5.0
41706,98.73615670204163,11841,17.65028466688,5.0,5.0
41710,98.74612021446228,11841,9.036945749442562,5.0,5.0
41715,98.76308989524841,11841,17.22955659955405,5.0,5.0
41720,98.7751190662384,11841,11.026916223714593,5.0,5.0
41730,98.79808211326599,11841,5.645781106541873,5.0,5.0
41740,98.82611680030823,11841,5.0,5.0,5.0
41741,98.82808017730713,11841,14.0,5.0,5.0
41750,98.85210990905762,11841,5.0,5.0,5.0
41760,98.87611651420593,11841,5.0,5.0,5.0
41761,98.87807965278625,11841,14.0,5.0,5.0
41763,98.88109254837036,11841,21.200000000000003,5.0,5.0
41770,98.90215563774109,11841,8.683520000000005,5.0,5.0
41780,98.92608523368835,11841,5.0,5.0,5.0
41788,98.94234347343445,11841,14.0,5.0,5.0
41790,98.9463427066803,11841,21.200000000000003,5.0,5.0
41800,98.97234296798706,11841,6.9468160000000045,5.0,5.0
41810,98.99540209770203,11841,5.0,5.0,5.0
41820,99.02734375,11841,5.0,5.0,5.0
41830,99.05134773254395,11841,5.0,5.0,5.0
41840,99.07441425323486,11841,5.0,5.0,5.0
41842,99.07837080955505,11841,14.0,5.0,5.0
41843,99.0803861618042,11841,21.200000000000003,5.0,5.0
41845,99.0843460559845,11841,26.960000000000004,5.0,5.0
41850,99.09634280204773,11841,13.803520000000004,5.0,5.0
41856,99.11023306846619,11841,17.067402240000003,5.0,5.0
41859,99.11875176429749,11841,20.923137433600004,5.0,5.0
41860,99.12075138092041,11841,16.738509946880004,5.0,5.0
41870,99.1402645111084,11841,5.0,5.0,5.0
41880,99.16986107826233,11841,5.0,5.0,5.0
41890,99.19922137260437,11841,5.0,5.0,5.0
41896,99.21521592140198,11841,14.0,5.0,5.0
41900,99.22322082519531,11841,8.96,5.0,5.0
41910,99.25483632087708,11841,5.734400000000001,5.0,5.0
41920,99.28086161613464,11841,5.0,5.0,5.0
41930,99.30387282371521,11841,5.0,5.0,5.0
41931,99.30587458610535,11841,14.0,5.0,5.0
41940,99.32791686058044,11841,5.0,5.0,5.0
41950,99.3509042263031,11841,5.0,5.0,5.0
41951,99.35286569595337,11841,14.0,5.0,5.0
41960,99.36892294883728,11841,5.0,5.0,5.0
41970,99.39589881896973,11841,5.0,5.0,5.0
41975,99.40991139411926,11841,14.0,5.0,5.0
41977,99.41587615013123,11841,21.200000000000003,5.0,5.0
41980,99.42288589477539,11841,13.568000000000005,5.0,5.0
41990,99.44886589050293,11841,6.9468160000000045,5.0,5.0
41994,99.46087837219238,11841,5.557452800000004,5.0,14.0
42000,99.47386574745178,11841,5.0,5.0,7.168000000000001
42010,99.50385785102844,11841,5.0,5.0,5.0
42020,99.5258584022522,11841,5.0,5.0,5.0
42030,99.55385160446167,11841,5.0,5.0,5.0
42040,99.57324409484863,11841,5.0,5.0,5.0
42050,99.60524845123291,11841,5.0,5.0,5.0
42054,99.61775827407837,11841,14.0,5.0,5.0
42060,99.63374829292297,11841,7.168000000000001,5.0,5.0
42070,99.6692624092102,11841,5.734400000000001,5.0,5.0
42071,99.67126202583313,11841,14.587520000000001,5.0,5.0
42080,99.69626235961914,11841,7.4688102400000025,5.0,5.0
42088,99.717280626297,11841,14.0,5.0,5.0
42090,99.72437858581543,11841,11.200000000000001,5.0,5.0
42100,99.75347399711609,11841,5.0,5.0,5.0
42110,99.78038740158081,11841,5.0,5.0,5.0
42119,99.80424475669861,11841,14.0,5.0,5.0
42120,99.80823373794556,11841,14.0,5.0,5.0
42128,99.82847690582275,11841,15.7344,5.0,5.0
42130,99.8324544429779,11841,12.587520000000001,5.0,5.0
42136,99.85044384002686,11841,16.444810240000002,5.0,5.0
42138,99.85446071624756,11841,23.155848192,5.0,5.0
42140,99.85843968391418,11841,14.819742842880002,5.0,5.0
42150,99.88547539710999,11841,5.0,5.0,5.0
42158,99.90662741661072,11841,14.0,5.0,5.0
42160,99.90964245796204,11841,8.96,5.0,5.0
42170,99.9337112903595,11841,5.0,5.0,5.0
42174,99.94070148468018,11841,14.0,5.0,5.0
42180,99.95366263389587,11841,5.734400000000001,5.0,5.0
42187,99.96763134002686,11841,14.0,5.0,5.0
42188,99.96962261199951,11841,21.200000000000003,5.0,5.0
42190,99.97365975379944,11841,13.568000000000005,5.0,5.0
42200,100.00707697868347,11841,15.557452800000004,5.0,5.0
42205,100.01807594299316,11841,17.9654158336,5.0,5.0
42210,100.02711939811707,11841,9.198292906803202,5.0,5.0
42220,100.05113649368286,11841,14.0,5.0,5.0
42222,100.05707573890686,11841,21.200000000000003,5.0,5.0
42230,100.07310271263123,11841,8.683520000000005,5.0,5.0
42240,100.10107707977295,11841,8.683520000000005,5.0,5.0
42250,100.13122487068176,11841,5.0,5.0,5.0
42252,100.1382372379303,11841,14.0,5.0,5.0
42253,100.14023184776306,11841,21.200000000000003,5.0,5.0
42260,100.1525559425354,11841,6.9468160000000045,5.0,5.0
42264,100.16458940505981,11841,15.557452800000004,5.0,5.0
42270,100.18054127693176,11841,9.956769792000003,5.0,5.0
42280,100.20250582695007,11841,5.0,5.0,5.0
42290,100.2335057258606,11841,5.0,5.0,5.0
42291,100.23657822608948,11841,14.0,5.0,5.0
42292,100.23857092857361,11841,21.200000000000003,5.0,5.0
42300,100.25551080703735,11841,8.683520000000005,5.0,5.0
42310,100.27806115150452,11841,5.0,5.0,5.0
42317,100.29609084129333,11841,14.0,5.0,5.0
42320,100.30352210998535,11841,11.200000000000001,5.0,5.0
42330,100.32793498039246,11841,5.0,5.0,5.0
42332,100.3318817615509,11841,14.0,5.0,5.0
42340,100.354975938797,11841,7.168000000000001,5.0,5.0
42350,100.3779685497284,11841,5.0,5.0,5.0
42360,100.40401291847229,11841,5.0,5.0,5.0
42370,100.41992998123169,11841,5.0,5.0,5.0
42380,100.4409658908844,11841,5.0,5.0,5.0
42385,100.44992733001709,11841,14.0,5.0,5.0
42388,100.45492720603943,11841,18.96,5.0,5.0
42390,100.46193051338196,11841,15.168000000000001,5.0,5.0
42392,100.46792793273926,11841,19.707520000000002,5.0,5.0
42396,100.4789650440216,11841,20.090250240000003,5.0,5.0
42400,100.4879698753357,11841,12.857760153600005,5.0,5.0
42406,100.50399780273438,11841,16.583173198643202,5.0,5.0
42408,100.50799870491028,11841,20.61323084713165,5.0,5.0
42410,100.51193356513977,11841,16.49058467770532,5.0,5.0
42417,100.52693676948547,11841,15.40363478719048,5.0,5.0
42420,100.5349669456482,11841,12.322907829752385,5.0,5.0
42430,100.5589964389801,11841,6.309328808833222,5.0,5.0
42440,100.5839352607727,11841,5.0,5.0,5.0
42442,100.58696842193604,11841,14.0,5.0,5.0
42450,100.60892534255981,11841,5.734400000000001,5.0,5.0
42454,100.61792540550232,11841,14.0,5.0,5.0
42460,100.6319305896759,11841,5.0,5.0,5.0
42470,100.66196131706238,11841,5.0,5.0,5.0
42480,100.68396854400635,11841,5.0,5.0,5.0
42490,100.71292662620544,11841,5.0,5.0,5.0
42500,100.73917317390442,11841,5.0,5.0,5.0
42510,100.77040934562683,11841,5.0,5.0,5.0
42520,100.79945516586304,11841,14.0,5.0,5.0
42523,100.81041121482849,11841,21.200000000000003,5.0,5.0
42530,100.82495427131653,11841,6.9468160000000045,5.0,5.0
42540,100.84747242927551,11841,5.0,5.0,5.0
42550,100.87373542785645,11841,5.0,5.0,5.0
42560,100.90675497055054,11841,5.0,5.0,5.0
42563,100.91172909736633,11841,14.0,5.0,5.0
42570,100.92576456069946,11841,7.168000000000001,5.0,5.0
42580,100.94872546195984,11841,5.0,5.0,5.0
42581,100.95076012611389,11841,14.0,5.0,5.0
42584,100.9567608833313,11841,17.168,5.0,5.0
42585,100.95976161956787,11841,23.7344,5.0,5.0
42590,100.97072434425354,11841,18.98752,5.0,5.0
42597,100.98676633834839,11841,17.777288192,5.0,5.0
42598,100.98976516723633,11841,24.2218305536,5.0,5.0
42600,100.99272584915161,11841,15.501971554304001,5.0,5.0
42610,101.01687216758728,11841,7.93700943580365,5.0,5.0
42611,101.01893067359924,11841,16.349607548642922,5.0,5.0
42619,101.03695678710938,11841,14.285951521231452,5.0,5.0
42620,101.0389084815979,11841,11.428761216985162,5.0,5.0
42628,101.05991673469543,11841,14.0,5.0,5.0
42630,101.06486558914185,11841,14.0,5.0,5.0
42640,101.09491896629333,11841,5.734400000000001,5.0,5.0
42644,101.10590410232544,11841,14.587520000000001,5.0,5.0
42645,101.1089072227478,11841,21.670016000000004,5.0,5.0
42650,101.12086391448975,11841,11.095048192000002,5.0,5.0
42651,101.12386417388916,11841,18.876038553600004,5.0,5.0
42660,101.14736342430115,11841,6.185300313243651,5.0,5.0
42670,101.17341184616089,11841,5.0,5.0,5.0
42680,101.19443464279175,11841,5.0,5.0,5.0
42690,101.2156457901001,11841,5.0,5.0,5.0
42691,101.21863198280334,11841,14.0,5.0,5.0
42700,101.23963189125061,11841,7.168000000000001,5.0,5.0
42710,101.27484130859375,11841,5.0,5.0,5.0
42712,101.27888107299805,11841,14.0,5.0,5.0
42720,101.29380106925964,11841,5.734400000000001,5.0,5.0
42730,101.32337713241577,11841,5.0,5.0,5.0
42735,101.33388090133667,11841,14.0,5.0,5.0
42740,101.3470413684845,11841,7.168000000000001,5.0,5.0
42750,101.37208533287048,11841,5.0,5.0,5.0
42760,101.40606832504272,11841,5.0,5.0,5.0
42770,101.42805933952332,11841,5.0,5.0,5.0
42780,101.44905066490173,11841,5.0,5.0,5.0
42790,101.47704577445984,11841,5.0,5.0,5.0
42799,101.5060863494873,11841,14.0,5.0,5.0
42800,101.50807523727417,11841,11.200000000000001,5.0,5.0
42810,101.5340883731842,11841,5.734400000000001,5.0,5.0
42816,101.54908657073975,11841,14.587520000000001,5.0,5.0
42819,101.55808591842651,11841,21.670016000000004,5.0,5.0
42820,101.55905055999756,11841,17.336012800000002,5.0,5.0
42824,101.57007765769958,11841,18.876038553600004,5.0,5.0
42830,101.58409023284912,11841,6.185300313243651,5.0,5.0
42837,101.60117387771606,11841,14.0,5.0,5.0
42840,101.6111969947815,11841,14.0,5.0,5.0
42847,101.63416934013367,11841,17.168,5.0,5.0
42850,101.64217329025269,11841,10.987520000000002,5.0,5.0
42851,101.64417338371277,11841,18.790016,5.0,5.0
42860,101.66824889183044,11841,7.696390553600003,5.0,5.0
42869,101.69015312194824,11841,14.0,5.0,5.0
42870,101.6921534538269,11841,11.200000000000001,5.0,5.0
42880,101.7151551246643,11841,14.0,5.0,5.0
42890,101.7321572303772,11841,5.0,5.0,5.0
42900,101.75633502006531,11841,5.0,5.0,5.0
42903,101.7623872756958,11841,14.0,5.0,5.0
42910,101.77306294441223,11841,5.734400000000001,5.0,5.0
42920,101.79906821250916,11841,14.0,5.0,5.0
42930,101.82823729515076,11841,5.734400000000001,5.0,5.0
42936,101.8422372341156,11841,14.0,5.0,5.0
42940,101.85324311256409,11841,8.96,5.0,5.0
42950,101.87875151634216,11841,5.0,5.0,5.0
42954,101.88776588439941,11841,14.0,5.0,5.0
42960,101.8987648487091,11841,5.0,5.0,5.0
42970,101.9238383769989,11841,5.0,5.0,5.0
42980,101.95086431503296,11841,5.0,5.0,5.0
42990,101.97282814979553,11841,5.0,5.0,5.0
43000,102.0001220703125,11841,14.0,5.0,5.0
43008,102.02016019821167,11841,17.168,5.0,5.0
43010,102.02608799934387,11841,17.168,5.0,5.0
43013,102.0351197719574,11841,20.987520000000004,5.0,5.0
43020,102.05209469795227,11841,10.745610240000005,5.0,5.0
43021,102.05409336090088,11841,18.596488192000002,5.0,5.0
43025,102.06109166145325,11841,21.901752442880003,5.0,5.0
43030,102.07408690452576,11841,11.213697250754564,5.0,5.0
43031,102.07612299919128,11841,18.97095780060365,5.0,5.0
43036,102.09014844894409,11841,19.71313039390907,5.0,5.0
43040,102.10110688209534,11841,10.093122761681444,5.0,5.0
43050,102.11908626556396,11841,5.167678853980901,5.0,5.0
43060,102.1441125869751,11841,5.0,5.0,5.0
43068,102.16209363937378,11841,14.0,5.0,5.0
43070,102.16508483886719,11841,11.200000000000001,5.0,5.0
43080,102.1916344165802,11841,5.0,5.0,5.0
43087,102.2036349773407,11841,14.0,5.0,5.0
43090,102.20962691307068,11841,7.168000000000001,5.0,5.0
43100,102.23569178581238,11841,14.0,5.0,5.0
43110,102.26062822341919,11841,7.168000000000001,5.0,5.0
43111,102.26259589195251,11841,15.7344,5.0,5.0
43115,102.27159380912781,11841,16.444810240000002,5.0,5.0
43116,102.27359294891357,11841,23.155848192,5.0,5.0
43120,102.28364300727844,11841,14.819742842880002,5.0,5.0
43130,102.30867743492126,11841,5.0,5.0,5.0
43136,102.32259631156921,11841,14.0,5.0,5.0
43140,102.33264112472534,11841,11.200000000000001,5.0,5.0
43150,102.35363864898682,11841,5.0,5.0,5.0
43158,102.36815524101257,11841,14.0,5.0,5.0
43160,102.37211394309998,11841,11.200000000000001,5.0,5.0
43170,102.39829730987549,11841,14.587520000000001,5.0,5.0
43172,102.40530371665955,11841,21.670016000000004,5.0,5.0
43174,102.4079155921936,11841,23.868810240000002,5.0,5.0
43180,102.41891646385193,11841,9.776664674304003,5.0,5.0
43190,102.44569540023804,11841,5.00565231324365,5.0,5.0
43200,102.47666311264038,11841,5.00565231324365,5.0,5.0
43201,102.47969651222229,11841,14.00452185059492,5.0,5.0
43208,102.49470138549805,11841,15.73625215000368,5.0,5.0
43210,102.50069451332092,11841,12.589001720002944,5.0,5.0
43211,102.50366544723511,11841,20.071201376002357,5.0,5.0
43212,102.50566053390503,11841,26.056961100801885,5.0,5.0
43220,102.52269220352173,11841,8.538345013510762,5.0,5.0
43230,102.54765963554382,11841,5.0,5.0,5.0
43231,102.55067038536072,11841,14.0,5.0,5.0
43235,102.56069445610046,11841,17.168,5.0,5.0
43240,102.57495427131653,11841,13.7344,5.0,5.0
43250,102.60247373580933,11841,5.625610240000001,5.0,5.0
43260,102.63447690010071,11841,5.0,5.0,5.0
43261,102.63644909858704,11841,14.0,5.0,5.0
43270,102.65545606613159,11841,7.168000000000001,5.0,5.0
43280,102.68244671821594,11841,14.0,5.0,5.0
43290,102.70748138427734,11841,7.168000000000001,5.0,5.0
43300,102.73848056793213,11841,5.0,5.0,5.0
43307,102.76248574256897,11841,14.0,5.0,5.0
43309,102.76744723320007,11841,18.96,5.0,5.0
43310,102.76847100257874,11841,15.168000000000001,5.0,5.0
43320,102.80056834220886,11841,7.766016000000002,5.0,5.0
43321,102.80305981636047,11841,16.212812800000002,5.0,5.0
43324,102.81117606163025,11841,20.376200192000002,5.0,5.0
43330,102.82858729362488,11841,10.432614498304003,5.0,5.0
43340,102.8584930896759,11841,5.0,5.0,5.0
43342,102.8645076751709,11841,14.0,5.0,5.0
43350,102.88449692726135,11841,7.168000000000001,5.0,5.0
43356,102.90157055854797,11841,14.587520000000001,5.0,5.0
43360,102.90858554840088,11841,5.975048192000003,5.0,5.0
43370,102.93049430847168,11841,5.0,5.0,5.0
43380,102.95449352264404,11841,5.0,5.0,5.0
43389,102.97849798202515,11841,14.0,5.0,5.0
43390,102.9805417060852,11841,14.0,5.0,5.0
43391,102.98253583908081,11841,21.200000000000003,5.0,5.0
43400,103.00649642944336,11841,6.9468160000000045,5.0,5.0
43402,103.01049709320068,11841,15.557452800000004,5.0,5.0
43410,103.03063607215881,11841,15.097866133504002,5.0,5.0
43415,103.05027055740356,11841,22.078292906803203,5.0,5.0
43418,103.05925869941711,11841,24.130107460354054,5.0,5.0
43420,103.06325888633728,11841,15.443268774626597,5.0,5.0
43423,103.07339334487915,11841,19.88369201576102,5.0,5.0
43430,103.0893931388855,11841,5.21239055977966,5.0,5.0
43431,103.09239315986633,11841,14.169912447823728,5.0,5.0
43438,103.11039280891418,11841,17.25499517328575,5.0,5.0
43440,103.11339282989502,11841,17.25499517328575,5.0,5.0
43443,103.11939358711243,11841,18.834557528722307,5.0,5.0
43450,103.13039302825928,11841,9.643293454705823,5.0,5.0
43460,103.15184879302979,11841,5.0,5.0,5.0
43470,103.17407727241516,11841,5.0,5.0,5.0
43480,103.20934104919434,11841,5.0,5.0,5.0
43484,103.21634697914124,11841,14.0,5.0,5.0
43490,103.23213219642639,11841,5.734400000000001,5.0,5.0
43498,103.25130939483643,11841,14.0,5.0,5.0
43500,103.25432324409485,11841,11.200000000000001,5.0,5.0
43505,103.26654624938965,11841,15.7344,5.0,5.0
43510,103.2783932685852,11841,8.056012800000003,5.0,5.0
43511,103.28038787841797,11841,16.444810240000002,5.0,5.0
43520,103.30691909790039,11841,6.735794274304003,5.0,5.0
43530,103.3420958518982,11841,5.388635419443203,5.0,5.0
43539,103.36475014686584,11841,14.0,5.0,5.0
43540,103.36827802658081,11841,14.0,5.0,5.0
43550,103.39528393745422,11841,5.734400000000001,5.0,5.0
43560,103.42230224609375,11841,14.0,5.0,5.0
43570,103.44527649879456,11841,7.168000000000001,5.0,5.0
43574,103.4542543888092,11841,14.587520000000001,5.0,5.0
43580,103.47325873374939,11841,7.4688102400000025,5.0,5.0
43588,103.49757266044617,11841,14.0,5.0,5.0
43590,103.50357580184937,11841,11.200000000000001,5.0,5.0
43600,103.52543044090271,11841,5.0,5.0,5.0
43609,103.54741215705872,11841,14.0,5.0,5.0
43610,103.5514132976532,11841,14.0,5.0,5.0
43620,103.57540225982666,11841,7.168000000000001,5.0,5.0
43630,103.5934042930603,11841,5.0,5.0,5.0
43631,103.5964949131012,11841,14.0,5.0,5.0
43632,103.59840607643127,11841,21.200000000000003,5.0,5.0
43633,103.60045647621155,11841,26.960000000000004,5.0,5.0
43640,103.62240147590637,11841,17.254400000000004,5.0,5.0
43647,103.64240217208862,11841,17.067402240000003,5.0,5.0
43650,103.64747643470764,11841,10.923137433600004,5.0,5.0
43660,103.67544388771057,11841,6.990807957504003,5.0,5.0
43662,103.67944145202637,11841,15.592646366003203,5.0,5.0
43665,103.69041323661804,11841,22.474117092802565,5.0,5.0
43669,103.69943928718567,11841,27.979293674242054,5.0,5.0
43670,103.7004120349884,11841,27.979293674242054,5.0,5.0
43677,103.71443891525269,11841,21.460318688969547,5.0,5.0
43680,103.72240233421326,11841,13.734603960940511,5.0,5.0
43690,103.74444079399109,11841,5.625693782401235,5.0,5.0
43700,103.76544260978699,11841,5.0,5.0,5.0
43707,103.783442735672,11841,14.0,5.0,5.0
43710,103.7914023399353,11841,8.96,5.0,5.0
43712,103.7974021434784,11841,17.168,5.0,5.0
43718,103.80940198898315,11841,17.0320128,5.0,5.0
43720,103.81245374679565,11841,10.900488192000001,5.0,5.0
43725,103.82640504837036,11841,16.97631244288,5.0,5.0
43730,103.83845472335815,11841,6.95349757660365,5.0,5.0
43740,103.85939979553223,11841,5.0,5.0,5.0
43743,103.86540126800537,11841,14.0,5.0,5.0
43750,103.88239765167236,11841,7.168000000000001,5.0,5.0
43760,103.90441250801086,11841,5.0,5.0,5.0
43770,103.92843437194824,11841,5.0,5.0,5.0
43780,103.94876217842102,11841,5.0,5.0,5.0
43790,103.97534108161926,11841,5.0,5.0,5.0
43800,103.997385263443,11841,5.0,5.0,5.0
43810,104.02480173110962,11841,5.0,5.0,5.0
43815,104.03779673576355,11841,14.0,5.0,5.0
43820,104.0477933883667,11841,8.96,5.0,5.0
43828,104.06530714035034,11841,14.587520000000001,5.0,5.0
43830,104.06930661201477,11841,11.670016000000002,5.0,5.0
43833,104.0753071308136,11841,17.468810240000003,5.0,5.0
43837,104.0893063545227,11841,23.975048192000003,5.0,5.0
43840,104.09430646896362,11841,15.344030842880002,5.0,5.0
43850,104.11430621147156,11841,6.28491503324365,5.0,5.0
43853,104.12230610847473,11841,15.027932026594922,5.0,5.0
43856,104.13030624389648,11841,19.617876497020752,5.0,5.0
43858,104.13630676269531,11841,25.694301197616603,5.0,5.0
43860,104.14030623435974,11841,20.555440958093286,5.0,5.0
43864,104.15230703353882,11841,23.155482213179702,5.0,5.0
43866,104.15830659866333,11841,28.524385770543763,5.0,5.0
43870,104.16430687904358,11841,14.604485514518409,5.0,5.0
43880,104.18530607223511,11841,5.0,5.0,5.0
43890,104.20736455917358,11841,5.0,5.0,5.0
43900,104.23739504814148,11841,14.0,5.0,5.0
43910,104.26234221458435,11841,5.0,5.0,5.0
43912,104.2673487663269,11841,14.0,5.0,5.0
43920,104.2846794128418,11841,11.200000000000001,5.0,5.0
43925,104.29668045043945,11841,15.7344,5.0,5.0
43926,104.2986569404602,11841,22.58752,5.0,5.0
43927,104.30164122581482,11841,28.070016000000003,5.0,5.0
43930,104.30767774581909,11841,14.371848192000002,5.0,5.0
43940,104.33272504806519,11841,5.0,5.0,5.0
43945,104.34466171264648,11841,14.0,5.0,5.0
43950,104.35568451881409,11841,7.168000000000001,5.0,5.0
43955,104.37167406082153,11841,14.587520000000001,5.0,5.0
43958,104.37868309020996,11841,19.336012800000002,5.0,5.0
43960,104.38267135620117,11841,15.468810240000003,5.0,5.0
43962,104.3862292766571,11841,19.900038553600005,5.0,5.0
43970,104.40526533126831,11841,8.151055791554564,5.0,5.0
43980,104.42491936683655,11841,5.216675706594922,5.0,5.0
43983,104.43597173690796,11841,14.173340565275938,5.0,5.0
43987,104.44392848014832,11841,15.805400295537025,5.0,5.0
43988,104.44600915908813,11841,22.64432023642962,5.0,5.0
43990,104.4499306678772,11841,14.492364951314958,5.0,5.0
44000,104.47486567497253,11841,5.0,5.0,5.0
44010,104.50088882446289,11841,5.0,5.0,5.0
44018,104.52182984352112,11841,14.0,5.0,5.0
44019,104.52482461929321,11841,21.200000000000003,5.0,5.0
44020,104.52582454681396,11841,16.960000000000004,5.0,5.0
44029,104.54782962799072,11841,18.683520000000005,5.0,5.0
44030,104.54983425140381,11841,14.946816000000005,5.0,5.0
44031,104.55183362960815,11841,21.957452800000006,5.0,5.0
44040,104.57293152809143,11841,7.1950181335040035,5.0,5.0
44050,104.59891319274902,11841,5.0,5.0,5.0
44052,104.60291457176208,11841,14.0,5.0,5.0
44053,104.60591435432434,11841,21.200000000000003,5.0,5.0
44057,104.61291360855103,11841,23.568000000000005,5.0,5.0
44059,104.61791396141052,11841,25.083520000000007,5.0,5.0
44060,104.61899209022522,11841,20.066816000000006,5.0,5.0
44062,104.62391686439514,11841,22.842762240000006,5.0,5.0
44064,104.6309175491333,11841,28.274209792000004,5.0,5.0
44070,104.64691710472107,11841,14.476395413504006,5.0,5.0
44079,104.67091703414917,11841,14.743625249096993,5.0,5.0
44080,104.67195057868958,11841,14.743625249096993,5.0,5.0
44083,104.67892074584961,11841,19.435920159422075,5.0,5.0
44090,104.69596600532532,11841,7.960952897299284,5.0,5.0
44100,104.71895575523376,11841,5.0,5.0,5.0
44110,104.7519178390503,11841,5.0,5.0,5.0
44120,104.77894735336304,11841,5.0,5.0,5.0
44130,104.80392479896545,11841,5.0,5.0,5.0
44140,104.82894372940063,11841,5.0,5.0,5.0
44143,104.83691763877869,11841,14.0,5.0,5.0
44150,104.85196280479431,11841,5.0,5.0,5.0
44160,104.87396907806396,11841,5.0,5.0,5.0
44162,104.87796354293823,11841,14.0,5.0,5.0
44165,104.88899946212769,11841,21.200000000000003,5.0,5.0
44167,104.89496421813965,11841,26.960000000000004,5.0,5.0
44170,104.9049756526947,11841,21.568000000000005,5.0,5.0
44171,104.90704846382141,11841,27.254400000000004,5.0,5.0
44172,104.91003680229187,11841,31.803520000000006,5.0,5.0
44174,104.91400098800659,11841,35.44281600000001,5.0,5.0
44180,104.92702770233154,11841,18.146721792000005,5.0,5.0
44190,104.95306205749512,11841,5.0,5.0,5.0
44200,104.978999376297,11841,5.0,5.0,5.0
44201,104.98102521896362,11841,14.0,5.0,5.0
44210,105.00205063819885,11841,5.734400000000001,5.0,5.0
44215,105.01498413085938,11841,14.0,5.0,5.0
44216,105.01801347732544,11841,21.200000000000003,5.0,5.0
44220,105.02598667144775,11841,18.683520000000005,5.0,5.0
44230,105.04496455192566,11841,5.0,5.0,5.0
44240,105.07703590393066,11841,5.0,5.0,5.0
44250,105.09549188613892,11841,5.0,5.0,5.0
44260,105.11281943321228,11841,5.0,5.0,5.0
44261,105.11485576629639,11841,14.0,5.0,5.0
44270,105.13583636283875,11841,5.734400000000001,5.0,5.0
44280,105.15585613250732,11841,5.0,5.0,5.0
44290,105.18081498146057,11841,5.0,5.0,5.0
44300,105.19991326332092,11841,5.0,5.0,5.0
44310,105.22285580635071,11841,5.0,5.0,5.0
44317,105.24190187454224,11841,14.0,5.0,5.0
44320,105.25282144546509,11841,11.200000000000001,5.0,5.0
44322,105.25882768630981,11841,18.96,5.0,5.0
44323,105.26185607910156,11841,25.168,5.0,5.0
44327,105.27184915542603,11841,26.10752,5.0,5.0
44330,105.27683281898499,11841,16.7088128,5.0,5.0
44332,105.28188920021057,11841,20.693640192000004,5.0,5.0
44340,105.29587244987488,11841,6.780892018114564,5.0,5.0
44344,105.30685901641846,11841,14.0,5.0,5.0
44350,105.32781958580017,11841,8.96,5.0,5.0
44360,105.352285861969,11841,5.0,5.0,5.0
44370,105.37525582313538,11841,5.0,5.0,5.0
44380,105.39525580406189,11841,5.0,5.0,5.0
44390,105.42425560951233,11841,5.0,5.0,5.0
44398,105.44529914855957,11841,14.0,5.0,5.0
44400,105.44834494590759,11841,8.96,5.0,5.0
44410,105.47134757041931,11841,5.0,5.0,5.0
44420,105.49926662445068,11841,5.0,5.0,5.0
44430,105.52832055091858,11841,5.0,5.0,5.0
44440,105.55825757980347,11841,5.0,5.0,5.0
44450,105.58072304725647,11841,5.0,5.0,5.0
44456,105.59373354911804,11841,14.0,5.0,5.0
44460,105.59942436218262,11841,8.96,5.0,5.0
44470,105.62268090248108,11841,5.0,5.0,5.0
44480,105.64479184150696,11841,5.0,5.0,5.0
44483,105.64979243278503,11841,14.0,5.0,5.0
44489,105.66205620765686,11841,15.7344,5.0,5.0
44490,105.66453456878662,11841,22.58752,5.0,5.0
44500,105.6919777393341,11841,7.401478553600002,5.0,5.0
44501,105.69372272491455,11841,15.921182842880002,5.0,5.0
44510,105.72034692764282,11841,12.736946274304003,5.0,5.0
44512,105.72464966773987,11841,20.189557019443203,5.0,5.0
44520,105.74024248123169,11841,18.26964255516394,5.0,5.0
44530,105.76924252510071,11841,5.986596472476121,5.0,5.0
44540,105.79325532913208,11841,5.0,5.0,5.0
44550,105.81825637817383,11841,5.0,5.0,5.0
44553,105.82925295829773,11841,14.0,5.0,5.0
44560,105.84430885314941,11841,5.734400000000001,5.0,5.0
44570,105.86228823661804,11841,5.0,5.0,5.0
44575,105.87726831436157,11841,14.0,5.0,5.0
44580,105.89026594161987,11841,8.96,5.0,5.0
44583,105.8963189125061,11841,15.7344,5.0,5.0
44584,105.89830803871155,11841,22.58752,5.0,5.0
44590,105.91571426391602,11841,9.251848192000002,5.0,5.0
44593,105.925710439682,11841,17.4014785536,5.0,5.0
44600,105.94067478179932,11841,5.7021164924436505,5.0,5.0
44610,105.96363115310669,11841,5.0,5.0,5.0
44611,105.96663069725037,11841,14.0,5.0,5.0
44614,105.97263050079346,11841,18.96,5.0,5.0
44620,105.98475217819214,11841,9.707520000000002,5.0,5.0
44630,106.01075577735901,11841,5.0,5.0,5.0
44640,106.03877925872803,11841,5.0,5.0,5.0
44641,106.0417754650116,11841,14.0,5.0,5.0
44647,106.05680823326111,11841,18.96,5.0,5.0
44650,106.06480431556702,11841,12.134400000000001,5.0,5.0
44660,106.08881902694702,11841,5.0,5.0,5.0
44670,106.11355423927307,11841,5.0,5.0,5.0
44680,106.13755631446838,11841,14.0,5.0,5.0
44687,106.15054655075073,11841,15.7344,5.0,5.0
44690,106.15554666519165,11841,10.070016000000003,5.0,5.0
44700,106.17757606506348,11841,5.0,5.0,5.0
44703,106.18320894241333,11841,14.0,5.0,5.0
44710,106.2017331123352,11841,17.168,5.0,5.0
44711,106.20375275611877,11841,23.7344,5.0,5.0
44716,106.21270871162415,11841,17.777288192,5.0,5.0
44720,106.22277879714966,11841,9.101971554304,5.0,5.0
44730,106.24336004257202,11841,5.0,5.0,5.0
44734,106.2553596496582,11841,14.0,5.0,5.0
44740,106.2693600654602,11841,5.734400000000001,5.0,5.0
44749,106.29136037826538,11841,14.0,5.0,5.0
44750,106.29336023330688,11841,14.0,5.0,5.0
44751,106.29535984992981,11841,21.200000000000003,5.0,5.0
44760,106.31536054611206,11841,6.9468160000000045,5.0,5.0
44770,106.35436391830444,11841,5.557452800000004,5.0,5.0
44771,106.35636234283447,11841,14.445962240000004,5.0,5.0
44780,106.37537837028503,11841,9.245415833600005,5.0,5.0
44790,106.39787983894348,11841,5.0,5.0,5.0
44796,106.41187620162964,11841,14.0,5.0,5.0
44800,106.41887545585632,11841,11.200000000000001,5.0,5.0
44809,106.43887567520142,11841,14.587520000000001,5.0,5.0
44810,106.44087624549866,11841,11.670016000000002,5.0,5.0
44812,106.44687509536743,11841,19.336012800000002,5.0,5.0
44814,106.45087504386902,11841,22.375048192,5.0,5.0
44820,106.46487498283386,11841,9.164819739443201,5.0,5.0
44825,106.47687602043152,11841,14.692387706594921,5.0,5.0
44830,106.48387503623962,11841,9.40312813222075,5.0,5.0
44840,106.50287461280823,11841,5.0,5.0,5.0
44850,106.52887511253357,11841,5.0,5.0,5.0
44860,106.55087518692017,11841,5.0,5.0,5.0
44870,106.57389211654663,11841,5.0,5.0,5.0
44877,106.58891344070435,11841,14.0,5.0,5.0
44880,106.5969717502594,11841,8.96,5.0,5.0
44890,106.61888933181763,11841,5.0,5.0,5.0
44900,106.64691710472107,11841,5.0,5.0,5.0
44910,106.66787838935852,11841,5.0,5.0,5.0
44920,106.6899471282959,11841,5.0,5.0,5.0
44924,106.70288896560669,11841,14.0,5.0,5.0
44927,106.70892310142517,11841,18.96,5.0,5.0
44930,106.71887350082397,11841,18.96,5.0,5.0
44935,106.72787356376648,11841,19.707520000000002,5.0,5.0
44940,106.74091958999634,11841,12.612812800000002,5.0,5.0
44950,106.76996207237244,11841,5.166208122880002,5.0,5.0
44960,106.79194951057434,11841,5.0,5.0,5.0
44964,106.79887890815735,11841,14.0,5.0,5.0
44969,106.80791521072388,11841,15.7344,5.0,5.0
44970,106.81288290023804,11841,15.7344,5.0,5.0
44980,106.83591794967651,11841,5.155848192000002,5.0,5.0
44990,106.8608808517456,11841,5.0,5.0,5.0
45000,106.89296293258667,11841,5.0,5.0,5.0
45010,106.91587424278259,11841,5.0,5.0,5.0
45017,106.93892812728882,11841,14.0,5.0,5.0
45020,106.9449462890625,11841,8.96,5.0,5.0
45023,106.95291781425476,11841,15.7344,5.0,5.0
45027,106.96088004112244,11841,18.056012800000005,5.0,5.0
45030,106.96891522407532,11841,11.555848192000004,5.0,5.0
45040,106.99793696403503,11841,5.0,5.0,5.0
45044,107.0048897266388,11841,14.0,5.0,5.0
45050,107.01487994194031,11841,7.168000000000001,5.0,5.0
45052,107.0208797454834,11841,15.7344,5.0,5.0
45060,107.04092025756836,11841,8.056012800000003,5.0,5.0
45070,107.06487464904785,11841,5.0,5.0,5.0
45080,107.09387516975403,11841,5.0,5.0,5.0
45090,107.11987519264221,11841,5.0,5.0,5.0
45099,107.1458752155304,11841,14.0,5.0,5.0
45100,107.14687514305115,11841,11.200000000000001,5.0,5.0
45105,107.15887498855591,11841,17.168,5.0,5.0
45110,107.1698751449585,11841,8.790016000000001,5.0,5.0
45112,107.1768753528595,11841,17.0320128,5.0,5.0
45113,107.17887473106384,11841,23.62561024,5.0,5.0
45120,107.19691562652588,11841,15.120390553600002,5.0,5.0
45121,107.19887781143188,11841,22.096312442880002,5.0,5.0
45130,107.22387456893921,11841,9.050649576603652,5.0,5.0
45135,107.24188804626465,11841,15.792415729026338,5.0,5.0
45137,107.24788808822632,11841,20.10714606657686,5.0,5.0
45140,107.2548885345459,11841,12.868573482609191,5.0,5.0
45147,107.27087616920471,11841,16.588709623095905,5.0,5.0
45150,107.27736949920654,11841,8.493419327025105,5.0,5.0
45152,107.28137612342834,11841,16.794735461620085,5.0,5.0
45160,107.30037450790405,11841,6.87912364507959,5.0,5.0
45168,107.32235598564148,11841,14.0,5.0,5.0
45170,107.3293628692627,11841,11.200000000000001,5.0,5.0
45180,107.35139870643616,11841,5.0,5.0,5.0
45190,107.37336421012878,11841,5.0,5.0,5.0
45200,107.40078997612,11841,5.0,5.0,5.0
45204,107.4107894897461,11841,14.0,5.0,5.0
45210,107.42682695388794,11841,18.96,5.0,5.0
45213,107.43279552459717,11841,19.707520000000002,5.0,5.0
45215,107.43781924247742,11841,22.6128128,5.0,5.0
45220,107.4488275051117,11841,9.262208122880002,5.0,5.0
45230,107.47079348564148,11841,5.0,5.0,5.0
45231,107.47283101081848,11841,14.0,5.0,5.0
45234,107.47779130935669,11841,17.168,5.0,5.0
45240,107.49079060554504,11841,5.625610240000001,5.0,5.0
45250,107.51782608032227,11841,5.0,5.0,5.0
45259,107.53993535041809,11841,14.0,5.0,5.0
45260,107.54197216033936,11841,11.200000000000001,5.0,5.0
45262,107.54499888420105,11841,18.96,5.0,5.0
45265,107.55097246170044,11841,25.168,5.0,5.0
45270,107.56095385551453,11841,10.308812800000002,5.0,5.0
45273,107.56697630882263,11841,16.597640192,5.0,5.0
45280,107.58497500419617,11841,6.798393422643201,5.0,5.0
45290,107.60696959495544,11841,5.0,5.0,5.0
45300,107.63200378417969,11841,5.0,5.0,5.0
45301,107.63501644134521,11841,14.0,5.0,5.0
45310,107.65997099876404,11841,7.168000000000001,5.0,5.0
45320,107.68698453903198,11841,5.0,5.0,5.0
45330,107.70997381210327,11841,5.0,5.0,5.0
45340,107.73393535614014,11841,14.0,5.0,5.0
45350,107.7570333480835,11841,5.0,5.0,5.0
45360,107.78594017028809,11841,5.0,5.0,5.0
45366,107.7989354133606,11841,14.0,5.0,5.0
45370,107.80695724487305,11841,8.96,5.0,5.0
45380,107.83202123641968,11841,5.0,5.0,5.0
45383,107.83702683448792,11841,14.0,5.0,5.0
45390,107.85693144798279,11841,7.168000000000001,5.0,5.0
45395,107.87102365493774,11841,14.587520000000001,5.0,5.0
45398,107.87893009185791,11841,19.336012800000002,5.0,5.0
45400,107.88493084907532,11841,19.336012800000002,5.0,5.0
45404,107.89593029022217,11841,19.900038553600005,5.0,5.0
45405,107.89793014526367,11841,25.920030842880003,5.0,5.0
45410,107.90695023536682,11841,10.616844633243653,5.0,5.0
45420,107.92593026161194,11841,5.0,5.0,5.0
45430,107.95693922042847,11841,5.0,5.0,5.0
45440,107.9839301109314,11841,5.0,5.0,5.0
45447,108.00693202018738,11841,14.0,5.0,5.0
45450,108.01193237304688,11841,11.200000000000001,5.0,5.0
45460,108.0409324169159,11841,5.0,5.0,5.0
45469,108.05593228340149,11841,14.0,5.0,5.0
45470,108.06093168258667,11841,14.0,5.0,5.0
45480,108.08293271064758,11841,5.0,5.0,5.0
45490,108.11402916908264,11841,5.0,5.0,5.0
45500,108.14202928543091,11841,5.0,5.0,5.0
45504,108.14902925491333,11841,14.0,5.0,5.0
45509,108.16306447982788,11841,17.168,5.0,5.0
45510,108.16501903533936,11841,17.168,5.0,5.0
45511,108.16701912879944,11841,23.7344,5.0,5.0
45513,108.17103266716003,11841,25.190016,5.0,5.0
45520,108.18605446815491,11841,18.254264442880004,5.0,5.0
45530,108.21101903915405,11841,11.682729243443204,5.0,5.0
45533,108.21710705757141,11841,17.47694671580365,5.0,5.0
45537,108.22402238845825,11841,21.18524589811434,5.0,5.0
45540,108.22909188270569,11841,13.558557374793176,5.0,5.0
45542,108.23401689529419,11841,18.677476719867634,5.0,5.0
45544,108.2380142211914,11841,24.94198137589411,5.0,5.0
45549,108.25201439857483,11841,22.770294464457784,5.0,5.0
45550,108.25301599502563,11841,18.216235571566227,5.0,5.0
45553,108.26101493835449,11841,24.572988457252983,5.0,5.0
45560,108.27301669120789,11841,10.065096072090824,5.0,5.0
45570,108.29301929473877,11841,5.0,5.0,5.0
45577,108.30877828598022,11841,14.0,5.0,5.0
45580,108.31602954864502,11841,11.200000000000001,5.0,5.0
45590,108.3411033153534,11841,5.734400000000001,5.0,5.0
45595,108.35216760635376,11841,14.0,5.0,5.0
45600,108.3646981716156,11841,11.200000000000001,5.0,5.0
45607,108.38738179206848,11841,17.168,5.0,5.0
45610,108.39538335800171,11841,10.987520000000002,5.0,5.0
45616,108.41040992736816,11841,14.500488192000002,5.0,5.0
45620,108.4199960231781,11841,7.424249954304002,5.0,5.0
45628,108.44199442863464,11841,14.0,5.0,5.0
45630,108.44899487495422,11841,11.200000000000001,5.0,5.0
45633,108.45499515533447,11841,18.96,5.0,5.0
45638,108.46599507331848,11841,19.707520000000002,5.0,5.0
45640,108.46999478340149,11841,12.612812800000002,5.0,5.0
45650,108.49199485778809,11841,5.0,5.0,5.0
45660,108.51699447631836,11841,5.0,5.0,5.0
45670,108.54499411582947,11841,5.0,5.0,5.0
45680,108.56702661514282,11841,5.0,5.0,5.0
45690,108.59599447250366,11841,5.0,5.0,5.0
45693,108.60199499130249,11841,14.0,5.0,5.0
45700,108.62399506568909,11841,7.168000000000001,5.0,5.0
45710,108.64899516105652,11841,5.0,5.0,5.0
45720,108.67499494552612,11841,5.0,5.0,5.0
45730,108.70500802993774,11841,5.0,5.0,5.0
45733,108.71400833129883,11841,14.0,5.0,5.0
45740,108.73599815368652,11841,8.96,5.0,5.0
45741,108.73907613754272,11841,17.168,5.0,5.0
45750,108.75902438163757,11841,5.0,5.0,5.0
45760,108.78499817848206,11841,5.0,5.0,5.0
45770,108.8119945526123,11841,5.0,5.0,5.0
45780,108.83599472045898,11841,5.0,5.0,5.0
45790,108.8640353679657,11841,5.0,5.0,5.0
45800,108.89109086990356,11841,5.0,5.0,5.0
45803,108.90207171440125,11841,14.0,5.0,5.0
45805,108.90603709220886,11841,21.200000000000003,5.0,5.0
45810,108.91899800300598,11841,8.683520000000005,5.0,5.0
45820,108.94814777374268,11841,5.0,5.0,5.0
45830,108.9742329120636,11841,5.0,5.0,5.0
45840,108.99914145469666,11841,5.0,5.0,5.0
45842,109.00313997268677,11841,14.0,5.0,5.0
45848,109.02013945579529,11841,17.168,5.0,5.0
45850,109.02413964271545,11841,10.987520000000002,5.0,5.0
45851,109.02613878250122,11841,18.790016,5.0,5.0
45854,109.03213953971863,11841,22.025610240000002,5.0,5.0
45860,109.04413938522339,11841,7.217351963443203,5.0,5.0
45870,109.06713938713074,11841,5.0,5.0,5.0
45880,109.09313988685608,11841,5.0,5.0,5.0
45890,109.11613917350769,11841,5.0,5.0,5.0
45900,109.1341392993927,11841,5.0,5.0,5.0
45903,109.1411395072937,11841,14.0,5.0,5.0
45907,109.14813899993896,11841,17.168,5.0,5.0
45910,109.15413880348206,11841,10.987520000000002,5.0,5.0
45920,109.17913913726807,11841,5.0,5.0,5.0
45930,109.20713877677917,11841,5.0,5.0,5.0
45940,109.22857928276062,11841,5.0,5.0,5.0
45950,109.26291179656982,11841,5.0,5.0,5.0
45960,109.28094744682312,11841,5.0,5.0,5.0
45965,109.29396677017212,11841,14.0,5.0,5.0
45967,109.29694151878357,11841,21.200000000000003,5.0,5.0
45970,109.30394053459167,11841,16.960000000000004,5.0,5.0
45973,109.31194067001343,11841,23.568000000000005,5.0,5.0
45976,109.31894111633301,11841,25.083520000000007,5.0,5.0
45977,109.3209400177002,11841,30.066816000000006,5.0,5.0
45980,109.32693982124329,11841,29.242762240000005,5.0,5.0
45990,109.3499402999878,11841,9.582268330803204,5.0,5.0
46000,109.37794017791748,11841,5.0,5.0,5.0
46002,109.38194060325623,11841,14.0,5.0,5.0
46010,109.39693999290466,11841,5.0,5.0,5.0
46020,109.42595148086548,11841,5.0,5.0,5.0
46027,109.4609854221344,11841,14.0,5.0,5.0
46030,109.46798634529114,11841,11.200000000000001,5.0,5.0
46032,109.47194266319275,11841,17.168,5.0,5.0
46034,109.47597980499268,11841,20.987520000000004,5.0,5.0
46035,109.47796702384949,11841,26.790016000000005,5.0,5.0
46040,109.48795580863953,11841,17.145610240000007,5.0,5.0
46050,109.51502275466919,11841,7.0228419543040035,5.0,5.0
46052,109.51999044418335,11841,15.618273563443203,5.0,5.0
46060,109.53797316551208,11841,5.11779588126907,5.0,5.0
46070,109.56420063972473,11841,5.0,5.0,5.0
46080,109.587238073349,11841,5.0,5.0,5.0
46090,109.6132001876831,11841,5.0,5.0,5.0
46100,109.6292016506195,11841,5.0,5.0,5.0
46110,109.65424394607544,11841,14.0,5.0,5.0
46120,109.67524027824402,11841,14.0,5.0,5.0
46130,109.70123219490051,11841,5.734400000000001,5.0,5.0
46140,109.72833180427551,11841,5.0,5.0,5.0
46150,109.75631666183472,11841,5.0,5.0,5.0
46160,109.78439784049988,11841,5.0,5.0,5.0
46169,109.8063805103302,11841,14.0,5.0,5.0
46170,109.81032919883728,11841,14.0,5.0,5.0
46180,109.83435821533203,11841,5.0,5.0,5.0
46186,109.84732151031494,11841,14.0,5.0,5.0
46190,109.8543210029602,11841,8.96,5.0,5.0
46195,109.86236190795898,11841,15.7344,5.0,5.0
46200,109.87338209152222,11841,12.587520000000001,5.0,5.0
46210,109.89235591888428,11841,5.0,5.0,5.0
46211,109.89433336257935,11841,14.0,5.0,5.0
46218,109.91032671928406,11841,15.7344,5.0,5.0
46220,109.91435718536377,11841,10.070016000000003,5.0,5.0
46230,109.9393265247345,11841,6.4448102400000025,5.0,5.0
46240,109.95632028579712,11841,5.0,5.0,5.0
46242,109.96232080459595,11841,14.0,5.0,5.0
46250,109.98633813858032,11841,11.200000000000001,5.0,5.0
46260,110.01660871505737,11841,7.168000000000001,5.0,5.0
46270,110.03865146636963,11841,14.0,5.0,5.0
46273,110.04465651512146,11841,17.168,5.0,5.0
46280,110.06361389160156,11841,7.032012800000001,5.0,5.0
46286,110.07460856437683,11841,14.0,5.0,5.0
46288,110.08061408996582,11841,21.200000000000003,5.0,5.0
46289,110.08261370658875,11841,26.960000000000004,5.0,5.0
46290,110.08461689949036,11841,21.568000000000005,5.0,5.0
46300,110.10187768936157,11841,5.0,5.0,5.0
46310,110.12387990951538,11841,5.0,5.0,5.0
46320,110.15288090705872,11841,5.0,5.0,5.0
46327,110.16688013076782,11841,14.0,5.0,5.0
46330,110.17411375045776,11841,8.96,5.0,5.0
46339,110.19112062454224,11841,14.0,5.0,5.0
46340,110.19315075874329,11841,11.200000000000001,5.0,5.0
46350,110.22211384773254,11841,5.734400000000001,5.0,5.0
46360,110.25060153007507,11841,5.0,5.0,5.0
46364,110.2625982761383,11841,14.0,5.0,5.0
46370,110.27684807777405,11841,5.0,5.0,5.0
46376,110.29384660720825,11841,14.0,5.0,5.0
46378,110.29788374900818,11841,18.96,5.0,5.0
46380,110.3019208908081,11841,12.134400000000001,5.0,5.0
46387,110.313880443573,11841,14.0,5.0,5.0
46390,110.32187938690186,11841,8.96,5.0,5.0
46391,110.3238799571991,11841,17.168,5.0,5.0
46398,110.33587980270386,11841,17.0320128,5.0,5.0
46400,110.34187936782837,11841,13.62561024,5.0,5.0
46409,110.36287832260132,11841,16.97631244288,5.0,5.0
46410,110.36387968063354,11841,13.581049954304001,5.0,5.0
46420,110.3888795375824,11841,6.95349757660365,5.0,5.0
46430,110.40788006782532,11841,5.0,5.0,5.0
46436,110.42087936401367,11841,14.0,5.0,5.0
46440,110.42987942695618,11841,11.200000000000001,5.0,5.0
46447,110.44688129425049,11841,14.0,5.0,5.0
46450,110.45489478111267,11841,11.200000000000001,5.0,5.0
46453,110.46488428115845,11841,17.168,5.0,5.0
46460,110.47962641716003,11841,7.032012800000001,5.0,5.0
46466,110.491623878479,11841,14.0,5.0,5.0
46470,110.49771046638489,11841,7.168000000000001,5.0,5.0
46480,110.5293972492218,11841,14.0,5.0,5.0
46490,110.54742169380188,11841,5.734400000000001,5.0,5.0
46500,110.57874870300293,11841,5.0,5.0,5.0
46508,110.59824252128601,11841,14.0,5.0,5.0
46510,110.60326623916626,11841,11.200000000000001,5.0,5.0
46512,110.61033010482788,11841,18.96,5.0,5.0
46520,110.63028883934021,11841,6.212812800000002,5.0,5.0
46530,110.65828943252563,11841,5.0,5.0,5.0
46540,110.67934322357178,11841,5.0,5.0,5.0
46546,110.69630122184753,11841,14.0,5.0,5.0
46547,110.69825148582458,11841,21.200000000000003,5.0,5.0
46550,110.705251455307,11841,21.200000000000003,5.0,5.0
46553,110.71125292778015,11841,23.568000000000005,5.0,5.0
46560,110.72431182861328,11841,9.653452800000004,5.0,5.0
46565,110.73525094985962,11841,16.178209792000004,5.0,5.0
46570,110.7472882270813,11841,10.354054266880004,5.0,5.0
46577,110.76725149154663,11841,14.24102062771405,5.0,5.0
46580,110.77525067329407,11841,9.114253201736993,5.0,5.0
46581,110.77826476097107,11841,17.291402561389596,5.0,5.0
46590,110.80025172233582,11841,5.0,5.0,5.0
46597,110.82425141334534,11841,14.0,5.0,5.0
46600,110.82925128936768,11841,11.200000000000001,5.0,5.0
46610,110.85525131225586,11841,5.0,5.0,5.0
46613,110.86331415176392,11841,14.0,5.0,5.0
46620,110.88125443458557,11841,5.734400000000001,5.0,5.0
46624,110.89028835296631,11841,14.587520000000001,5.0,5.0
46630,110.90825152397156,11841,9.336012800000002,5.0,5.0
46639,110.92867493629456,11841,14.780038553600003,5.0,5.0
46640,110.93267345428467,11841,14.780038553600003,5.0,5.0
46644,110.94270086288452,11841,19.459224674304004,5.0,5.0
46650,110.95671319961548,11841,9.963123033243653,5.0,5.0
46658,110.97774457931519,11841,14.080895194416602,5.0,5.0
46660,110.98067045211792,11841,11.264716155533282,5.0,5.0
46670,111.00053215026855,11841,5.0,5.0,5.0
46680,111.0285415649414,11841,5.0,5.0,5.0
46687,111.04694175720215,11841,14.0,5.0,5.0
46690,111.05197763442993,11841,8.96,5.0,5.0
46700,111.07500624656677,11841,5.0,5.0,5.0
46710,111.10498142242432,11841,5.0,5.0,5.0
46716,111.12198114395142,11841,14.0,5.0,5.0
46720,111.12903118133545,11841,7.168000000000001,5.0,5.0
46728,111.14895296096802,11841,14.0,5.0,5.0
46730,111.15395259857178,11841,11.200000000000001,5.0,5.0
46734,111.16396117210388,11841,15.7344,5.0,5.0
46737,111.16793823242188,11841,20.070016000000003,5.0,5.0
46740,111.17795252799988,11841,20.070016000000003,5.0,5.0
46750,111.20092105865479,11841,5.261234274304002,5.0,5.0
46758,111.2170467376709,11841,14.0,5.0,5.0
46760,111.220046043396,11841,14.0,5.0,5.0
46770,111.24004817008972,11841,5.0,5.0,5.0
46779,111.26005101203918,11841,14.0,5.0,5.0
46780,111.2610547542572,11841,11.200000000000001,5.0,5.0
46788,111.27612137794495,11841,14.587520000000001,5.0,5.0
46790,111.28203248977661,11841,11.670016000000002,5.0,5.0
46800,111.30503153800964,11841,5.0,5.0,5.0
46803,111.31103420257568,11841,14.0,5.0,5.0
46810,111.32715582847595,11841,7.168000000000001,5.0,5.0
46812,111.3322422504425,11841,14.587520000000001,5.0,5.0
46815,111.33819532394409,11841,17.468810240000003,5.0,5.0
46819,111.35017013549805,11841,21.180038553600003,5.0,5.0
46820,111.35219430923462,11841,16.944030842880004,5.0,5.0
46821,111.35517311096191,11841,23.555224674304004,5.0,5.0
46822,111.35719633102417,11841,28.844179739443202,5.0,5.0
46830,111.37117218971252,11841,11.814576021275938,5.0,5.0
46832,111.37518358230591,11841,17.5613286536166,5.0,5.0
46840,111.39319658279419,11841,7.193120216521361,5.0,5.0
46850,111.42114925384521,11841,5.0,5.0,5.0
46860,111.44418859481812,11841,5.0,5.0,5.0
46863,111.4512197971344,11841,14.0,5.0,5.0
46870,111.46719241142273,11841,7.168000000000001,5.0,5.0
46874,111.47343182563782,11841,14.587520000000001,5.0,5.0
46880,111.48886799812317,11841,9.336012800000002,5.0,5.0
46881,111.49102425575256,11841,17.468810240000003,5.0,5.0
46890,111.51467657089233,11841,8.944030842880002,5.0,5.0
46897,111.53167510032654,11841,15.724179739443201,5.0,5.0
46900,111.53567385673523,11841,10.06347503324365,5.0,5.0
46903,111.5416738986969,11841,16.440624021275937,5.0,5.0
46910,111.5576741695404,11841,5.387263679291701,5.0,5.0
46920,111.58567476272583,11841,14.0,5.0,5.0
46921,111.58767414093018,11841,21.200000000000003,5.0,5.0
46924,111.59567427635193,11841,23.568000000000005,5.0,5.0
46930,111.60667419433594,11841,15.083520000000005,5.0,5.0
46933,111.61267399787903,11841,19.653452800000004,5.0,5.0
46940,111.62667465209961,11841,10.062567833600003,5.0,5.0
46949,111.64867353439331,11841,14.121627784642563,5.0,5.0
46950,111.65067410469055,11841,11.29730222771405,5.0,5.0
46960,111.67635154724121,11841,5.0,5.0,5.0
46966,111.69165635108948,11841,14.0,5.0,5.0
46970,111.701486825943,11841,8.96,5.0,5.0
46977,111.72353863716125,11841,14.587520000000001,5.0,5.0
46980,111.72954750061035,11841,11.670016000000002,5.0,5.0
46990,111.75151228904724,11841,5.975048192000003,5.0,5.0
47000,111.76849889755249,11841,5.0,5.0,5.0
47010,111.79218459129333,11841,5.0,5.0,5.0
47012,111.79666018486023,11841,5.0,5.0,14.0
47020,111.81990551948547,11841,5.0,5.0,5.734400000000001
47030,111.84590077400208,11841,5.0,5.0,5.0
47040,111.87490034103394,11841,5.0,5.0,5.0
47042,111.8789005279541,11841,14.0,5.0,5.0
47050,111.89790081977844,11841,7.168000000000001,5.0,5.0
47051,111.90090036392212,11841,15.7344,5.0,5.0
47055,111.91090035438538,11841,20.070016000000003,5.0,5.0
47058,111.91990041732788,11841,26.0560128,5.0,5.0
47060,111.92390036582947,11841,20.84481024,5.0,5.0
47065,111.93690061569214,11841,18.538034274304003,5.0,5.0
47070,111.94992899894714,11841,14.830427419443204,5.0,5.0
47080,111.97290349006653,11841,6.074543071003937,5.0,5.0
47090,112.00190210342407,11841,5.0,5.0,5.0
47100,112.03194284439087,11841,5.0,5.0,5.0
47106,112.04690718650818,11841,14.0,5.0,5.0
47110,112.05395269393921,11841,7.168000000000001,5.0,5.0
47120,112.079904794693,11841,5.0,5.0,5.0
47130,112.10290479660034,11841,5.0,5.0,5.0
47137,112.12095475196838,11841,14.0,5.0,5.0
47140,112.12594389915466,11841,11.200000000000001,5.0,5.0
47143,112.13199400901794,11841,17.168,5.0,5.0
47149,112.14696025848389,11841,15.62561024,5.0,5.0
47150,112.1489052772522,11841,12.500488192,5.0,5.0
47153,112.15490508079529,11841,18.000312442880002,5.0,5.0
47160,112.16998887062073,11841,7.37292797660365,5.0,5.0
47164,112.17991900444031,11841,14.0,5.0,5.0
47169,112.19290852546692,11841,18.96,5.0,5.0
47170,112.19492959976196,11841,15.168000000000001,5.0,5.0
47180,112.21590399742126,11841,7.766016000000002,5.0,5.0
47188,112.23690390586853,11841,14.0,5.0,5.0
47190,112.24190425872803,11841,11.200000000000001,5.0,5.0
47200,112.2719578742981,11841,5.0,5.0,5.0
47210,112.2979154586792,11841,5.0,5.0,5.0
47220,112.33190083503723,11841,5.0,5.0,5.0
47230,112.35690069198608,11841,5.0,5.0,5.0
47234,112.36790108680725,11841,14.0,5.0,5.0
47236,112.37190103530884,11841,18.96,5.0,5.0
47240,112.37890100479126,11841,7.766016000000002,5.0,5.0
47250,112.40390038490295,11841,5.0,5.0,5.0
47260,112.4329001903534,11841,5.0,5.0,5.0
47270,112.45690083503723,11841,5.0,5.0,5.0
47280,112.4819004535675,11841,5.0,5.0,5.0
47288,112.49990057945251,11841,14.0,5.0,5.0
47289,112.5019006729126,11841,21.200000000000003,5.0,5.0
47290,112.5039005279541,11841,16.960000000000004,5.0,5.0
47300,112.53090047836304,11841,5.0,5.0,5.0
47309,112.55690097808838,11841,14.0,5.0,5.0
47310,112.55790090560913,11841,14.0,5.0,5.0
47320,112.57990074157715,11841,5.0,5.0,5.0
47330,112.60690093040466,11841,5.0,5.0,14.0
47340,112.63238048553467,11841,5.0,5.0,5.0
47350,112.65859484672546,11841,5.0,5.0,5.0
47360,112.68356513977051,11841,5.0,5.0,5.0
47370,112.70156502723694,11841,5.0,5.0,5.0
47377,112.71657013893127,11841,14.0,5.0,5.0
47378,112.71857047080994,11841,21.200000000000003,5.0,5.0
47380,112.72407937049866,11841,16.960000000000004,5.0,5.0
47390,112.7447292804718,11841,5.0,5.0,5.0
47400,112.76673436164856,11841,5.0,5.0,5.0
47410,112.79324412345886,11841,14.0,5.0,5.0
47420,112.8222439289093,11841,7.168000000000001,5.0,5.0
47430,112.8512442111969,11841,5.0,5.0,5.0
47436,112.86824417114258,11841,14.0,5.0,5.0
47440,112.87324476242065,11841,11.200000000000001,5.0,5.0
47444,112.88324403762817,11841,15.7344,5.0,5.0
47450,112.89724397659302,11841,16.444810240000002,5.0,5.0
47452,112.90324425697327,11841,23.155848192,5.0,5.0
47460,112.92324376106262,11841,11.855794274304003,5.0,5.0
47470,112.95224404335022,11841,6.070166668443651,5.0,5.0
47476,112.96324396133423,11841,14.0,5.0,5.0
47480,112.97124409675598,11841,5.734400000000001,5.0,5.0
47486,112.98525714874268,11841,14.0,5.0,5.0
47490,112.99426078796387,11841,8.96,5.0,5.0
47500,113.02025747299194,11841,7.168000000000001,5.0,5.0
47504,113.03025841712952,11841,14.587520000000001,5.0,5.0
47507,113.03624439239502,11841,19.336012800000002,5.0,5.0
47510,113.04300355911255,11841,12.375048192000003,5.0,5.0
47520,113.07011818885803,11841,5.068819739443203,5.0,5.0
47530,113.0987753868103,11841,5.0,5.0,5.0
47538,113.12077689170837,11841,14.0,5.0,5.0
47540,113.12385940551758,11841,8.96,5.0,5.0
47541,113.12682104110718,11841,17.168,5.0,5.0
47545,113.13583087921143,11841,18.790016,5.0,5.0
47550,113.14578127861023,11841,17.696390553600004,5.0,5.0
47551,113.14878058433533,11841,24.157112442880006,5.0,5.0
47560,113.1677839756012,11841,9.894753256603654,5.0,5.0
47570,113.19279932975769,11841,5.066113667381072,5.0,5.0
47572,113.19677519798279,11841,14.052890933904859,5.0,5.0
47580,113.21677350997925,11841,7.195080158159289,5.0,5.0
47590,113.24077320098877,11841,5.0,5.0,5.0
47600,113.26477336883545,11841,5.0,5.0,5.0
47610,113.29377269744873,11841,5.0,5.0,5.0
47620,113.31679081916809,11841,5.0,5.0,5.0
47630,113.34379053115845,11841,5.0,5.0,5.0
47634,113.3507912158966,11841,14.0,5.0,5.0
47640,113.36479115486145,11841,7.168000000000001,5.0,5.0
47650,113.38980460166931,11841,14.0,5.0,5.0
47652,113.39480423927307,11841,11.200000000000001,5.0,14.0
47660,113.4179425239563,11841,5.734400000000001,5.0,8.96
47670,113.43999290466309,11841,5.0,5.0,5.0
47676,113.45522952079773,11841,14.0,5.0,5.0
47680,113.46222877502441,11841,14.0,5.0,5.0
47685,113.47618913650513,11841,18.96,5.0,5.0
47690,113.49126482009888,11841,19.707520000000002,5.0,5.0
47692,113.49527382850647,11841,22.6128128,5.0,5.0
47699,113.51149892807007,11841,17.409766498304002,5.0,5.0
47700,113.51657581329346,11841,17.409766498304002,5.0,5.0
47704,113.52681064605713,11841,18.91380044713165,5.0,5.0
47710,113.53985714912415,11841,6.1976741305161,5.0,5.0
47720,113.57084965705872,11841,5.0,5.0,5.0
47730,113.59994268417358,11841,5.0,5.0,5.0
47740,113.6225209236145,11841,5.0,5.0,5.0
47750,113.64870834350586,11841,5.0,5.0,5.0
47760,113.66978883743286,11841,5.0,5.0,5.0
47761,113.67170763015747,11841,14.0,5.0,5.0
47762,113.67470741271973,11841,21.200000000000003,5.0,5.0
47770,113.69976735115051,11841,10.854400000000005,5.0,5.0
47780,113.73176908493042,11841,5.557452800000004,5.0,5.0
47790,113.75874519348145,11841,5.0,5.0,5.0
47794,113.77178430557251,11841,14.0,5.0,5.0
47800,113.7908980846405,11841,8.96,5.0,5.0
47801,113.79290056228638,11841,17.168,5.0,5.0
47810,113.81386137008667,11841,7.032012800000001,5.0,5.0
47820,113.84614562988281,11841,5.0,5.0,5.0
47830,113.86931562423706,11841,5.0,5.0,5.0
47840,113.89639663696289,11841,5.0,5.0,5.0
47850,113.92885255813599,11841,5.0,5.0,5.0
47854,113.93685412406921,11841,14.0,5.0,5.0
47860,113.95483350753784,11841,7.168000000000001,5.0,5.0
47870,113.98681282997131,11841,14.0,5.0,5.0
47880,114.01082015037537,11841,7.168000000000001,5.0,5.0
47890,114.03381681442261,11841,5.0,5.0,5.0
47892,114.03786659240723,11841,14.0,5.0,5.0
47896,114.04885411262512,11841,18.96,5.0,5.0
47900,114.05681657791138,11841,17.766016,5.0,5.0
47910,114.08116173744202,11841,14.657254498304003,5.0,5.0
47917,114.09919285774231,11841,14.802889154004257,5.0,5.0
47919,114.10422110557556,11841,19.473849058562728,5.0,5.0
47920,114.10620999336243,11841,25.579079246850185,5.0,5.0
47922,114.11116099357605,11841,26.370610717984118,5.0,5.0
47930,114.12715697288513,11841,6.912897376055231,5.0,5.0
47940,114.15534019470215,11841,5.0,5.0,5.0
47950,114.18431687355042,11841,5.0,5.0,5.0
47960,114.21733283996582,11841,5.0,5.0,5.0
47970,114.24230027198792,11841,5.0,5.0,5.0
47980,114.26733875274658,11841,14.0,5.0,5.0
47990,114.29129552841187,11841,14.0,5.0,5.0
48000,114.31449723243713,11841,5.0,5.0,5.0
48005,114.33249711990356,11841,14.0,5.0,5.0
48010,114.34553837776184,11841,11.200000000000001,5.0,5.0
48020,114.37853360176086,11841,5.734400000000001,5.0,5.0
48030,114.40049076080322,11841,5.0,5.0,5.0
48040,114.42766952514648,11841,5.0,5.0,5.0
48050,114.4466724395752,11841,5.0,5.0,5.0
48060,114.47517681121826,11841,5.0,5.0,5.0
48070,114.49713730812073,11841,5.0,5.0,5.0
48080,114.53013706207275,11841,5.0,5.0,5.0
48087,114.55113673210144,11841,14.0,5.0,5.0
48090,114.55913209915161,11841,8.96,5.0,5.0
48092,114.56313228607178,11841,17.168,5.0,5.0
48099,114.58016109466553,11841,17.0320128,5.0,5.0
48100,114.58217215538025,11841,13.62561024,5.0,5.0
48102,114.58620190620422,11841,20.900488192,5.0,5.0
48110,114.60817646980286,11841,8.560839963443202,5.0,5.0
48113,114.61315274238586,11841,15.47893757660365,5.0,5.0
48119,114.62521862983704,11841,15.072138265101486,5.0,5.0
48120,114.62623453140259,11841,12.05771061208119,5.0,5.0
48130,114.64777302742004,11841,5.0,5.0,5.0
48137,114.66377878189087,11841,14.0,5.0,5.0
48140,114.67281818389893,11841,8.96,5.0,5.0
48144,114.67879557609558,11841,17.168,5.0,5.0
48150,114.6907868385315,11841,7.032012800000001,5.0,5.0
48152,114.69578313827515,11841,15.62561024,5.0,5.0
48160,114.717848777771,11841,6.400249954304001,5.0,5.0
48169,114.74282002449036,11841,14.0,5.0,5.0
48170,114.74485731124878,11841,11.200000000000001,5.0,5.0
48180,114.76180815696716,11841,5.0,5.0,5.0
48181,114.76381945610046,11841,14.0,5.0,5.0
48183,114.76879501342773,11841,18.96,5.0,5.0
48187,114.77630829811096,11841,19.707520000000002,5.0,5.0
48188,114.77936792373657,11841,25.766016,5.0,5.0
48190,114.78334474563599,11841,16.49025024,5.0,5.0
48200,114.8135039806366,11841,10.553760153600003,5.0,5.0
48204,114.82576775550842,11841,18.443008122880002,5.0,5.0
48206,114.82975959777832,11841,21.8035251986432,5.0,5.0
48210,114.83997201919556,11841,21.8035251986432,5.0,5.0
48219,114.85665798187256,11841,15.715663309673126,5.0,5.0
48220,114.85789155960083,11841,12.572530647738501,5.0,5.0
48230,114.87891221046448,11841,5.0,5.0,5.0
48240,114.90491652488708,11841,5.0,5.0,5.0
48250,114.9311010837555,11841,5.0,5.0,5.0
48254,114.9381012916565,11841,14.0,5.0,5.0
48255,114.94110178947449,11841,21.200000000000003,5.0,5.0
48260,114.95311975479126,11841,10.854400000000005,5.0,5.0
48262,114.95911908149719,11841,18.683520000000005,5.0,5.0
48269,114.97400856018066,11841,17.652769792000004,5.0,5.0
48270,114.97500848770142,11841,17.652769792000004,5.0,5.0
48280,115.00502157211304,11841,5.0,5.0,5.0
48287,115.0240216255188,11841,14.0,5.0,5.0
48290,115.03202152252197,11841,8.96,5.0,5.0
48293,115.04102110862732,11841,17.168,5.0,5.0
48299,115.05405163764954,11841,17.0320128,5.0,5.0
48300,115.05904722213745,11841,17.0320128,5.0,5.0
48306,115.07539129257202,11841,18.7203905536,5.0,5.0
48310,115.08540368080139,11841,9.584839963443201,5.0,5.0
48317,115.10735130310059,11841,17.66787197075456,5.0,5.0
48320,115.11238956451416,11841,14.13429757660365,5.0,5.0
48330,115.13839077949524,11841,5.789408287376856,5.0,5.0
48331,115.14039921760559,11841,14.631526629901487,5.0,5.0
48340,115.1593508720398,11841,5.0,5.0,5.0
48350,115.19241833686829,11841,5.0,5.0,5.0
48360,115.2194447517395,11841,5.0,5.0,5.0
48361,115.2213888168335,11841,14.0,5.0,5.0
48370,115.24339127540588,11841,5.734400000000001,5.0,5.0
48372,115.24739170074463,11841,14.587520000000001,5.0,5.0
48373,115.24944806098938,11841,21.670016000000004,5.0,5.0
48374,115.25249147415161,11841,27.336012800000002,5.0,5.0
48375,115.25443458557129,11841,31.868810240000002,5.0,5.0
48379,115.26339387893677,11841,23.053464674304003,5.0,5.0
48380,115.26771450042725,11841,23.053464674304003,5.0,5.0
48390,115.2888696193695,11841,9.44269913059492,5.0,5.0
48400,115.31712365150452,11841,5.0,5.0,5.0
48409,115.34613633155823,11841,14.0,5.0,5.0
48410,115.34714913368225,11841,11.200000000000001,5.0,5.0
48411,115.34910249710083,11841,18.96,5.0,5.0
48417,115.36606049537659,11841,19.707520000000002,5.0,5.0
48420,115.37409019470215,11841,12.612812800000002,5.0,5.0
48430,115.3990957736969,11841,5.0,5.0,5.0
48440,115.42958784103394,11841,5.0,5.0,5.0
48450,115.45751595497131,11841,5.0,5.0,5.0
48460,115.48666071891785,11841,5.0,5.0,5.0
48470,115.51369190216064,11841,5.0,5.0,5.0
48480,115.53269720077515,11841,5.0,5.0,5.0
48482,115.53865623474121,11841,14.0,5.0,5.0
48490,115.55567598342896,11841,5.0,5.0,5.0
48500,115.58165526390076,11841,14.0,5.0,5.0
48501,115.5837345123291,11841,21.200000000000003,5.0,5.0
48502,115.5867166519165,11841,26.960000000000004,5.0,5.0
48510,115.60572242736816,11841,11.042816000000004,5.0,5.0
48516,115.62169122695923,11841,15.653921792000002,5.0,5.0
48519,115.62665581703186,11841,18.014807957504004,5.0,5.0
48520,115.62969136238098,11841,24.411846366003203,5.0,5.0
48530,115.6486964225769,11841,5.119535243015638,5.0,5.0
48535,115.6596884727478,11841,14.0,5.0,5.0
48540,115.67323708534241,11841,7.168000000000001,5.0,5.0
48550,115.69910502433777,11841,5.0,5.0,5.0
48560,115.73539543151855,11841,5.0,5.0,5.0
48565,115.74491310119629,11841,14.0,5.0,5.0
48570,115.76391077041626,11841,11.200000000000001,5.0,5.0
48580,115.78690338134766,11841,5.0,5.0,5.0
48590,115.81293773651123,11841,14.0,5.0,5.0
48600,115.84493899345398,11841,5.0,5.0,5.0
48602,115.8511381149292,11841,14.0,5.0,5.0
48607,115.86411833763123,11841,17.168,5.0,5.0
48610,115.8701319694519,11841,8.790016000000001,5.0,5.0
48620,115.89952445030212,11841,5.625610240000001,5.0,5.0
48624,115.90948128700256,11841,14.500488192000002,5.0,5.0
48630,115.91956400871277,11841,5.9393999634432015,5.0,5.0
48640,115.94855070114136,11841,5.0,5.0,5.0
48646,115.97251296043396,11841,14.0,5.0,5.0
48650,115.98047852516174,11841,8.96,5.0,5.0
48652,115.9854781627655,11841,15.7344,5.0,5.0
48658,116.00447845458984,11841,18.056012800000005,5.0,5.0
48660,116.00948214530945,11841,14.444810240000004,5.0,5.0
48670,116.03752088546753,11841,5.0,5.0,5.0
48677,116.05550336837769,11841,14.0,5.0,5.0
48678,116.05751824378967,11841,21.200000000000003,5.0,5.0
48680,116.06453585624695,11841,16.960000000000004,5.0,5.0
48682,116.06852388381958,11841,20.854400000000005,5.0,5.0
48690,116.08351635932922,11841,8.541962240000004,5.0,5.0
48696,116.0975227355957,11841,14.373484666880003,5.0,5.0
48700,116.1068606376648,11841,11.498787733504003,5.0,5.0
48710,116.12884020805359,11841,5.88737931955405,5.0,5.0
48720,116.15489745140076,11841,5.0,5.0,5.0
48730,116.17883920669556,11841,5.0,5.0,5.0
48740,116.20284342765808,11841,5.0,5.0,5.0
48750,116.22978782653809,11841,5.0,5.0,5.0
48760,116.25371241569519,11841,5.0,5.0,5.0
48763,116.2627124786377,11841,5.0,5.0,14.0
48770,116.27771234512329,11841,5.0,5.0,5.734400000000001
48780,116.3107647895813,11841,5.0,5.0,5.0
48790,116.3397843837738,11841,5.0,5.0,5.0
48795,116.35476422309875,11841,14.0,5.0,5.0
48800,116.36476421356201,11841,8.96,5.0,5.0
48807,116.38476467132568,11841,14.587520000000001,5.0,5.0
48810,116.39079713821411,11841,9.336012800000002,5.0,5.0
48820,116.41804957389832,11841,5.0,5.0,5.0
48829,116.43604397773743,11841,14.0,5.0,5.0
48830,116.43804717063904,11841,14.0,5.0,5.0
48837,116.46207213401794,11841,17.168,5.0,5.0
48840,116.47206449508667,11841,13.7344,5.0,5.0
48850,116.50235319137573,11841,5.0,5.0,5.0
48860,116.53525447845459,11841,5.0,5.0,5.0
48864,116.54529595375061,11841,14.0,5.0,5.0
48870,116.563227891922,11841,8.96,5.0,5.0
48875,116.57522797584534,11841,14.587520000000001,5.0,5.0
48880,116.59122800827026,11841,11.670016000000002,5.0,5.0
48890,116.61822772026062,11841,7.4688102400000025,5.0,5.0
48898,116.63425707817078,11841,14.0,5.0,5.0
48900,116.64126014709473,11841,11.200000000000001,5.0,5.0
48905,116.65326428413391,11841,18.96,5.0,5.0
48910,116.66222715377808,11841,12.134400000000001,5.0,5.0
48916,116.67480301856995,11841,16.212812800000002,5.0,5.0
48918,116.67878985404968,11841,20.376200192000002,5.0,5.0
48920,116.68478870391846,11841,16.300960153600002,5.0,5.0
48930,116.70474481582642,11841,5.341498623131651,5.0,5.0
48938,116.72674536705017,11841,14.0,5.0,5.0
48940,116.73316192626953,11841,11.200000000000001,5.0,5.0
48950,116.7641761302948,11841,5.0,5.0,5.0
48960,116.79212260246277,11841,5.0,5.0,5.0
48970,116.81936764717102,11841,5.0,5.0,5.0
48971,116.82237195968628,11841,14.0,5.0,5.0
48980,116.83845233917236,11841,7.168000000000001,5.0,5.0
48982,116.84541082382202,11841,15.7344,5.0,5.0
48983,116.8474063873291,11841,22.58752,5.0,5.0
48985,116.85143661499023,11841,28.070016000000003,5.0,5.0
48990,116.85936760902405,11841,11.497478553600002,5.0,5.0
48995,116.87240624427795,11841,14.709367215554561,5.0,5.0
49000,116.88343811035156,11841,9.413995017954921,5.0,5.0
49010,116.91040563583374,11841,6.02495681149115,5.0,5.0
49020,116.93687653541565,11841,5.0,5.0,5.0
49022,116.94087433815002,11841,14.0,5.0,5.0
49030,116.95493960380554,11841,5.0,5.0,5.0
49040,116.97584748268127,11841,5.0,5.0,5.0
49045,116.98884749412537,11841,14.0,5.0,5.0
49049,117.00785374641418,11841,18.96,5.0,5.0
49050,117.01184940338135,11841,18.96,5.0,5.0
49060,117.0352075099945,11841,6.212812800000002,5.0,5.0
49070,117.05917882919312,11841,5.0,5.0,5.0
49080,117.08917880058289,11841,5.0,5.0,5.0
49081,117.09118342399597,11841,14.0,5.0,5.0
49090,117.1153359413147,11841,5.734400000000001,5.0,5.0
49100,117.15038061141968,11841,5.0,5.0,5.0
49110,117.17989253997803,11841,5.0,5.0,5.0
49114,117.19189286231995,11841,14.0,5.0,5.0
49120,117.20689225196838,11841,5.734400000000001,5.0,5.0
49130,117.2308931350708,11841,5.0,5.0,5.0
49140,117.26790738105774,11841,5.0,5.0,5.0
49150,117.28990626335144,11841,5.0,5.0,5.0
49160,117.31689548492432,11841,5.0,5.0,5.0
49164,117.32289290428162,11841,14.0,5.0,5.0
49170,117.34089231491089,11841,8.96,5.0,5.0
49172,117.34489226341248,11841,17.168,5.0,5.0
49174,117.35089254379272,11841,23.7344,5.0,5.0
49180,117.36589312553406,11841,7.777288192000002,5.0,5.0
49190,117.38389253616333,11841,5.0,5.0,5.0
49200,117.40589237213135,11841,5.0,5.0,5.0
49206,117.42489242553711,11841,14.0,5.0,5.0
49210,117.43489265441895,11841,8.96,5.0,5.0
49214,117.44389319419861,11841,15.7344,5.0,5.0
49218,117.4508924484253,11841,16.444810240000002,5.0,5.0
49220,117.45489239692688,11841,13.155848192000002,5.0,5.0
49225,117.46689295768738,11841,16.735794274304002,5.0,5.0
49227,117.47189283370972,11841,20.710908335554564,5.0,5.0
49230,117.47889280319214,11841,16.568726668443652,5.0,5.0
49240,117.50489258766174,11841,6.786550443394522,5.0,5.0
49244,117.51089239120483,11841,14.343392283772495,5.0,5.0
49250,117.53089261054993,11841,17.343816849291517,5.0,5.0
49252,117.53490567207336,11841,23.875053479433213,5.0,5.0
49257,117.54824018478394,11841,22.224027381469806,5.0,5.0
49258,117.55023980140686,11841,27.779221905175845,5.0,5.0
49260,117.55623984336853,11841,22.223377524140677,5.0,5.0
49261,117.55933117866516,11841,27.778702019312544,5.0,5.0
49270,117.57749676704407,11841,9.102525077688336,5.0,5.0
49272,117.584547996521,11841,17.282020062150668,5.0,5.0
49280,117.60347485542297,11841,8.848394271821144,5.0,5.0
49284,117.61651301383972,11841,15.662972333965534,5.0,5.0
49290,117.62646794319153,11841,5.1324427743938275,5.0,5.0
49300,117.65646767616272,11841,5.0,5.0,5.0
49310,117.68150758743286,11841,5.0,5.0,5.0
49320,117.70931887626648,11841,5.0,5.0,5.0
49330,117.73143196105957,11841,5.0,5.0,5.0
49340,117.75960278511047,11841,5.0,5.0,5.0
49349,117.78264379501343,11841,14.0,5.0,5.0
49350,117.78460764884949,11841,14.0,5.0,5.0
49356,117.80265760421753,11841,17.168,5.0,5.0
49360,117.81468677520752,11841,10.987520000000002,5.0,5.0
49370,117.8396418094635,11841,5.625610240000001,5.0,5.0
49375,117.84860253334045,11841,14.0,5.0,5.0
49380,117.85869073867798,11841,5.734400000000001,5.0,5.0
49390,117.88463759422302,11841,5.0,5.0,5.0
49400,117.9128315448761,11841,5.0,5.0,5.0
49405,117.9253191947937,11841,14.0,5.0,5.0
49410,117.93971371650696,11841,11.200000000000001,5.0,5.0
49419,117.965749502182,11841,14.587520000000001,5.0,5.0
49420,117.96671414375305,11841,11.670016000000002,5.0,5.0
49430,117.99074935913086,11841,5.0,5.0,5.0
49440,118.02276635169983,11841,5.0,5.0,5.0
49449,118.05188179016113,11841,5.0,5.0,14.0
49450,118.05388069152832,11841,5.0,5.0,11.200000000000001
49459,118.0748701095581,11841,14.0,5.0,5.0
49460,118.07695078849792,11841,11.200000000000001,5.0,5.0
49470,118.1058783531189,11841,14.587520000000001,5.0,5.0
49480,118.12687468528748,11841,5.975048192000003,5.0,5.0
49490,118.15831089019775,11841,5.0,5.0,5.0
49500,118.18340516090393,11841,5.0,5.0,5.0
49510,118.20535707473755,11841,5.0,5.0,5.0
49511,118.207359790802,11841,14.0,5.0,5.0
49512,118.21031475067139,11841,21.200000000000003,5.0,5.0
49515,118.21831488609314,11841,23.568000000000005,5.0,5.0
49517,118.22431540489197,11841,28.854400000000005,5.0,5.0
49520,118.2303147315979,11841,14.773452800000005,5.0,5.0
49522,118.23431468009949,11841,19.455009792000006,5.0,5.0
49530,118.25635719299316,11841,9.960965013504005,5.0,5.0
49540,118.28335094451904,11841,5.0,5.0,5.0
49550,118.31272292137146,11841,5.0,5.0,5.0
49560,118.33569145202637,11841,5.0,5.0,5.0
49564,118.34570503234863,11841,14.0,5.0,5.0
49567,118.35370206832886,11841,18.96,5.0,5.0
49570,118.35870409011841,11841,19.707520000000002,5.0,5.0
49571,118.36070322990417,11841,25.766016,5.0,5.0
49577,118.37073302268982,11841,20.553760153600003,5.0,5.0
49580,118.3767397403717,11841,20.523525198643203,5.0,5.0
49590,118.3996901512146,11841,5.380118989673125,5.0,5.0
49600,118.4237277507782,11841,5.0,5.0,5.0
49610,118.44576215744019,11841,5.0,5.0,5.0
49620,118.47876405715942,11841,14.0,5.0,5.0
49630,118.50180101394653,11841,5.0,5.0,5.0
49640,118.52574038505554,11841,5.0,5.0,5.0
49650,118.55172729492188,11841,5.0,5.0,5.0
49660,118.57698941230774,11841,5.0,5.0,5.0
49670,118.60199213027954,11841,5.0,5.0,5.0
49680,118.6250262260437,11841,5.0,5.0,5.0
49690,118.64195251464844,11841,5.0,5.0,5.0
49694,118.64895296096802,11841,14.0,5.0,5.0
49700,118.66199040412903,11841,18.96,5.0,5.0
49703,118.66795349121094,11841,19.707520000000002,5.0,5.0
49707,118.67599034309387,11841,20.090250240000003,5.0,5.0
49710,118.68102788925171,11841,12.857760153600005,5.0,5.0
49720,118.70595145225525,11841,5.0,5.0,5.0
49728,118.72951602935791,11841,14.0,5.0,5.0
49730,118.7375214099884,11841,14.0,5.0,5.0
49740,118.76002550125122,11841,5.734400000000001,5.0,5.0
49750,118.78358840942383,11841,5.0,5.0,5.0
49754,118.79555058479309,11841,14.0,5.0,5.0
49760,118.81058597564697,11841,8.96,5.0,5.0
49770,118.83961391448975,11841,5.0,5.0,5.0
49773,118.84658813476562,11841,14.0,5.0,5.0
49776,118.85258603096008,11841,17.168,5.0,5.0
49778,118.85659527778625,11841,20.987520000000004,5.0,5.0
49780,118.8595678806305,11841,13.432012800000004,5.0,5.0
49790,118.88561081886292,11841,5.0,5.0,5.0
49800,118.91007542610168,11841,5.0,5.0,5.0
49804,118.9250316619873,11841,14.0,5.0,5.0
49807,118.93003153800964,11841,18.96,5.0,5.0
49809,118.93603181838989,11841,25.168,5.0,5.0
49810,118.9380316734314,11841,20.1344,5.0,5.0
49812,118.94172167778015,11841,22.886016,5.0,5.0
49820,118.96164083480835,11841,5.999431778304002,5.0,5.0
49830,118.99171280860901,11841,5.0,5.0,5.0
49840,119.00865030288696,11841,5.0,5.0,5.0
49846,119.02064609527588,11841,14.0,5.0,5.0
49848,119.02364253997803,11841,18.96,5.0,5.0
49850,119.03064060211182,11841,18.96,5.0,5.0
49860,119.04864478111267,11841,7.766016000000002,5.0,5.0
49870,119.07563948631287,11841,5.0,5.0,5.0
49871,119.07764005661011,11841,14.0,5.0,5.0
49880,119.09864020347595,11841,8.96,5.0,5.0
49890,119.1216402053833,11841,5.0,5.0,5.0
49900,119.14763927459717,11841,5.0,5.0,5.0
49910,119.17182803153992,11841,5.0,5.0,5.0
49918,119.18737554550171,11841,14.0,5.0,5.0
49920,119.1913754940033,11841,11.200000000000001,5.0,5.0
49922,119.19703435897827,11841,18.96,5.0,5.0
49924,119.19904565811157,11841,25.168,5.0,5.0
49930,119.21086263656616,11841,10.308812800000002,5.0,5.0
49931,119.21286344528198,11841,18.24705024,5.0,5.0
49940,119.22918510437012,11841,5.0,5.0,5.0
49950,119.25308728218079,11841,5.0,5.0,5.0
49960,119.26908779144287,11841,5.0,5.0,5.0
49970,119.29460906982422,11841,5.0,5.0,5.0
49980,119.32020568847656,11841,5.0,5.0,5.0
49983,119.32921123504639,11841,14.0,5.0,5.0
49990,119.34272003173828,11841,5.734400000000001,5.0,5.0
49994,119.35273337364197,11841,14.0,5.0,5.0
50000,119.36607503890991,11841,5.734400000000001,5.0,5.0
