Iteration,Time_Seconds,Objective_Value,W_Shift,W_Swap,W_Kick
0,0.0,2399,100.0,100.0,100.0
9,0.003308534622192383,2399,77.9,81.95,65.61000000000001
10,0.0036039352416992188,2399,75.11000000000001,81.95,65.61000000000001
14,0.005554676055908203,2399,65.83910000000002,67.32950000000001,65.61000000000001
20,0.008301496505737305,2399,59.25519000000001,49.988205500000014,53.144100000000016
24,0.009200334548950195,2399,52.996703900000014,49.988205500000014,43.496721000000015
30,0.011579513549804688,2399,47.69703351000001,41.440446455000014,31.709109609000013
37,0.015134334564208984,2399,39.77113742879001,28.90857691912551,31.709109609000013
40,0.016376733779907227,2399,37.21462131731992,26.51771922721296,31.709109609000013
44,0.017847061157226562,2399,35.14384326702914,24.365947304491666,28.53819864810001
49,0.01971268653869629,2399,30.619861741664245,22.4293525740425,25.68437878329001
50,0.02042388916015625,2399,30.619861741664245,20.686417316638252,25.68437878329001
56,0.02276778221130371,2399,32.55787556749782,17.255998026476984,18.72391213301842
60,0.024246692657470703,2399,34.30208801074804,16.030398223829287,15.16636882774492
62,0.024657487869262695,2399,35.87187920967324,16.030398223829287,13.649731944970428
69,0.02628469467163086,2399,26.181985954519956,16.030398223829287,11.056282875426046
70,0.026997804641723633,2399,26.181985954519956,14.927358401446359,11.056282875426046
74,0.02849411964416504,2399,24.08666776084505,13.934622561301722,11.056282875426046
80,0.02986621856689453,2399,21.678000984760544,13.934622561301722,6.528624475110326
90,0.03418612480163574,2399,12.800642801491254,10.86200586247006,5.8757620275992934
94,0.03596949577331543,2399,15.368520669207916,9.248224748600748,5.8757620275992934
96,0.03697681427001953,2399,18.831668602287124,8.823402273740674,5.8757620275992934
99,0.03822827339172363,2399,21.94850174205841,8.441062046366607,5.288185824839364
100,0.03894305229187012,2399,21.94850174205841,8.096955841729947,5.288185824839364
102,0.03995513916015625,2399,24.75365156785257,7.7872602575569525,5.288185824839364
106,0.04099392890930176,2399,21.240870793668073,7.7872602575569525,5.288185824839364
108,0.04189872741699219,2399,24.116783714301267,7.008534231801257,5.288185824839364
110,0.04279899597167969,2399,21.70510534287114,6.807680808621131,5.288185824839364
111,0.04306912422180176,2399,24.534594808584025,6.807680808621131,5.288185824839364
115,0.04407024383544922,2399,22.885719615457756,6.807680808621131,5.0
116,0.0443425178527832,2399,25.597147653911982,6.807680808621131,5.0
118,0.044854164123535156,2399,25.733689599668704,6.807680808621131,5.0
120,0.045818328857421875,2399,25.733689599668704,6.626912727759018,5.0
125,0.04717111587524414,2399,23.759859718158484,6.626912727759018,5.0
130,0.04946589469909668,2399,19.245486371708374,6.317799309484805,5.0
137,0.053183555603027344,2399,20.588843961083782,5.864608126952982,5.0
138,0.053476810455322266,2399,23.529959564975403,5.864608126952982,5.0
140,0.05445981025695801,2399,21.176963608477863,5.778147314257684,5.0
141,0.05473065376281738,2399,24.05926724763008,5.778147314257684,5.0
143,0.05522608757019043,2399,24.488006470580366,5.778147314257684,5.0
149,0.05769157409667969,2399,22.85175671705309,5.630299324548724,5.0
150,0.05793166160583496,2399,20.56658104534778,5.630299324548724,5.0
157,0.06063055992126465,2399,17.144360441467413,5.510542452884466,5.0
160,0.06133294105529785,2399,12.498238761829745,5.510542452884466,5.0
162,0.06175041198730469,2399,16.24841488564677,5.510542452884466,5.0
168,0.06467700004577637,2399,18.161216057373885,5.372185448152776,5.0
169,0.06494688987731934,2399,21.3450944516365,5.372185448152776,5.0
170,0.06565523147583008,2399,21.3450944516365,5.334966903337499,5.0
172,0.06619596481323242,2399,22.289526505825567,5.334966903337499,5.0
180,0.06946539878845215,2399,16.24906482274684,5.0,5.0
181,0.06972861289978027,2399,19.624158340472157,5.0,5.0
182,0.07001781463623047,2399,22.661742506424943,5.0,5.0
184,0.07098913192749023,2399,25.39556825578245,5.0,5.0
185,0.07126760482788086,2399,27.856011430204205,5.0,5.0
190,0.07305169105529785,2399,23.276329099356982,5.0,5.0
192,0.07404637336730957,2399,25.948696189421284,5.0,5.0
199,0.07572150230407715,2399,18.79020105160224,5.0,5.0
200,0.07600021362304688,2399,21.911180946442016,5.0,5.0
203,0.07681655883789062,2399,20.973250909956235,5.0,5.0
208,0.07848596572875977,2399,20.2894999133581,5.0,5.0
210,0.0790407657623291,2399,21.43449492982006,5.0,5.0
212,0.0796060562133789,2399,22.36194089315425,5.0,5.0
214,0.08013033866882324,2399,23.113172123454945,5.0,5.0
215,0.0803978443145752,2399,25.80185491110945,5.0,5.0
216,0.080657958984375,2399,28.221669419998506,5.0,5.0
217,0.08092141151428223,2399,30.399502477998656,5.0,5.0
218,0.08119821548461914,2399,32.35955223019879,5.0,5.0
220,0.08171319961547852,2399,26.21123730646102,5.0,5.0
223,0.08295035362243652,2399,28.590113575814918,5.0,5.0
224,0.08323168754577637,2399,30.731102218233428,5.0,5.0
227,0.0840303897857666,2399,29.892192796769077,5.0,5.0
230,0.08481454849243164,2399,21.79140854884466,5.0,5.0
231,0.08508920669555664,2399,24.612267693960195,5.0,5.0
239,0.0875396728515625,2399,16.77197133999131,5.0,5.0
240,0.0883030891418457,2399,16.77197133999131,5.0,5.0
248,0.09016680717468262,2399,13.913313220896322,5.0,5.0
250,0.09113073348999023,2399,13.913313220896322,5.0,5.0
254,0.09253716468811035,2399,15.142805338033419,5.0,5.0
260,0.09436964988708496,2399,13.628524804230077,5.0,5.0
262,0.09489130973815918,2399,16.039105091426364,5.0,5.0
263,0.09518265724182129,2399,19.435194582283728,5.0,5.0
264,0.09546375274658203,2399,22.491675124055355,5.0,5.0
270,0.09807658195495605,2399,25.24250761164982,5.0,5.0
278,0.10063433647155762,2399,19.905448319603103,5.0,5.0
280,0.10112380981445312,2399,17.914903487642793,5.0,5.0
282,0.10167407989501953,2399,19.511071824990665,5.0,5.0
289,0.10411500930786133,2399,16.52109280193874,5.0,5.0
290,0.1043391227722168,2399,16.52109280193874,5.0,5.0
294,0.10571837425231934,2399,18.38208516957038,5.0,5.0
297,0.10697126388549805,2399,19.88948898735201,5.0,5.0
299,0.10753703117370605,2399,21.11048607975513,5.0,5.0
300,0.10778641700744629,2399,18.99943747177962,5.0,5.0
310,0.11124444007873535,2399,9.08737204449603,5.0,5.0
312,0.11225461959838867,2399,13.178634840046428,5.0,5.0
314,0.11276841163635254,2399,16.860771356041788,5.0,5.0
319,0.11503219604492188,2399,17.291502318554464,5.0,5.0
320,0.11532044410705566,2399,15.562352086699018,5.0,5.0
322,0.11585450172424316,2399,19.00611687802912,5.0,5.0
323,0.11614489555358887,2399,22.105505190226207,5.0,5.0
325,0.11777806282043457,2399,22.90545920408323,5.0,5.0
328,0.1188974380493164,2399,23.553421955307414,5.0,5.0
329,0.11928534507751465,2399,26.19807975977667,5.0,5.0
330,0.11958551406860352,2399,23.578271783799003,5.0,5.0
333,0.12031102180480957,2399,24.098400144877193,5.0,5.0
339,0.1218264102935791,2399,20.810960335053927,5.0,5.0
340,0.12210416793823242,2399,18.729864301548535,5.0,5.0
341,0.12241482734680176,2399,21.85687787139368,5.0,5.0
343,0.12290596961975098,2399,24.671190084254313,5.0,5.0
348,0.12422752380371094,2399,19.56809103285133,5.0,5.0
350,0.12473440170288086,2399,15.850153736609581,5.0,5.0
353,0.1258244514465332,2399,17.83862452665376,5.0,5.0
355,0.12635254859924316,2399,21.054762073988385,5.0,5.0
356,0.1266169548034668,2399,23.94928586658955,5.0,5.0
358,0.1276073455810547,2399,26.554357279930596,5.0,5.0
359,0.12787389755249023,2399,28.898921551937537,5.0,5.0
360,0.1281108856201172,2399,28.898921551937537,5.0,5.0
365,0.1293494701385498,2399,22.0645241872036,5.0,5.0
366,0.1296236515045166,2399,24.85807176848324,5.0,5.0
370,0.13085007667541504,2399,22.372264591634917,5.0,5.0
374,0.13193082809448242,2399,21.309380887301856,5.0,5.0
378,0.13340044021606445,2399,22.260598518714502,5.0,5.0
380,0.13390421867370605,2399,18.031084800158748,5.0,5.0
384,0.13487529754638672,2399,16.830194737384154,5.0,5.0
390,0.1373133659362793,2399,17.269211963553047,5.0,5.0
395,0.13854312896728516,2399,18.98806169047797,5.0,5.0
400,0.1397252082824707,2399,16.21226054761034,5.0,5.0
409,0.14374804496765137,2399,18.13193104356438,5.0,5.0
410,0.1439964771270752,2399,16.318737939207942,5.0,5.0
412,0.14453363418579102,2399,19.686864145287146,5.0,5.0
413,0.1448042392730713,2399,22.71817773075843,5.0,5.0
419,0.14662551879882812,2399,18.41485676823555,5.0,5.0
420,0.14734792709350586,2399,18.41485676823555,5.0,5.0
421,0.14762401580810547,2399,21.573371091411992,5.0,5.0
430,0.1502387523651123,2399,14.154288773075407,5.0,5.0
431,0.15052223205566406,2399,17.738859895767867,5.0,5.0
433,0.15108036994934082,2399,19.36847651557197,5.0,5.0
440,0.15336918830871582,2399,16.436891697680093,5.0,5.0
444,0.154876708984375,2399,16.98249404760879,5.0,5.0
450,0.15771818161010742,2399,13.75582017856312,5.0,5.0
452,0.1582491397857666,2399,17.38023816070681,5.0,5.0
457,0.1614217758178711,2399,20.64221434463613,5.0,5.0
458,0.16169261932373047,2399,23.57799291017252,5.0,5.0
459,0.16196632385253906,2399,26.220193619155268,5.0,5.0
460,0.16219782829284668,2399,26.220193619155268,5.0,5.0
468,0.16520905494689941,2399,20.482762130174997,5.0,5.0
470,0.1658024787902832,2399,21.59103732544175,5.0,5.0
472,0.16678524017333984,2399,24.431933592897575,5.0,5.0
477,0.16810989379882812,2399,21.029791630300103,5.0,5.0
480,0.16936182975769043,2399,17.034131220543085,5.0,5.0
481,0.1696484088897705,2399,20.330718098488777,5.0,5.0
483,0.17018437385559082,2399,21.46788165977591,5.0,5.0
486,0.17148256301879883,2399,22.388984144418487,5.0,5.0
490,0.17305636405944824,2399,18.135077156978976,5.0,5.0
491,0.1733570098876953,2399,21.321569441281078,5.0,5.0
494,0.17406034469604492,2399,22.270471247437676,5.0,5.0
497,0.17484426498413086,2399,21.235173539382068,5.0,5.0
499,0.1753852367401123,2399,22.20049056689948,5.0,5.0
500,0.17560791969299316,2399,22.20049056689948,5.0,5.0
502,0.1761784553527832,2399,22.982397359188578,5.0,5.0
509,0.17785429954528809,2399,18.570875816627264,5.0,5.0
510,0.17857646942138672,2399,18.570875816627264,5.0,5.0
518,0.18147540092468262,2399,15.965916460960235,5.0,5.0
520,0.1819782257080078,2399,12.932392333377791,5.0,5.0
521,0.18229126930236816,2399,16.639153100040012,5.0,5.0
524,0.1829972267150879,2399,17.12994260992917,5.0,5.0
530,0.18458199501037598,2399,10.115059811737076,5.0,5.0
533,0.18798279762268066,2399,14.103553830563369,5.0,5.0
535,0.188734769821167,2399,16.423878602756332,5.0,5.0
536,0.18906354904174805,2399,19.7814907424807,5.0,5.0
538,0.18954038619995117,2399,21.023007501409367,5.0,5.0
539,0.1898345947265625,2399,23.92070675126843,5.0,5.0
540,0.19010257720947266,2399,21.528636076141588,5.0,5.0
541,0.19042325019836426,2399,24.37577246852743,5.0,5.0
542,0.1907052993774414,2399,26.938195221674686,5.0,5.0
544,0.19125890731811523,2399,26.819938129556494,5.0,5.0
546,0.19181346893310547,2399,26.72414988494076,5.0,5.0
547,0.19213080406188965,2399,29.051734896446685,5.0,5.0
550,0.19341540336608887,2399,28.531905266121818,5.0,5.0
554,0.19451665878295898,2399,23.719783045102528,5.0,5.0
560,0.19699573516845703,2399,22.29172183987974,5.0,5.0
564,0.19798612594604492,2399,21.250665221272335,5.0,5.0
567,0.19864845275878906,2399,24.1255986991451,5.0,5.0
570,0.19951820373535156,2399,17.58756145167678,5.0,5.0
575,0.20166969299316406,2399,17.821332298272374,5.0,5.0
576,0.201951265335083,2399,21.039199068445136,5.0,5.0
578,0.2025160789489746,2399,23.935279161600622,5.0,5.0
580,0.2035071849822998,2399,21.54175124544056,5.0,5.0
582,0.204085111618042,2399,22.448818508806855,5.0,5.0
585,0.20543599128723145,2399,23.183542992133553,5.0,5.0
590,0.20880484580993652,2399,21.900802841265364,5.0,5.0
591,0.20931363105773926,2399,24.710722557138826,5.0,5.0
593,0.2101442813873291,2399,25.01568527128245,5.0,5.0
599,0.2128610610961914,2399,23.23643456276491,5.0,5.0
600,0.2131340503692627,2399,20.91279110648842,5.0,5.0
603,0.21387147903442383,2399,21.93936079625562,5.0,5.0
604,0.2141711711883545,2399,24.74542471663006,5.0,5.0
606,0.2146918773651123,2399,27.27088224496705,5.0,5.0
609,0.21555161476135254,2399,24.880473156580983,5.0,5.0
610,0.21577906608581543,2399,24.880473156580983,5.0,5.0
617,0.21855473518371582,2399,25.153183256830598,5.0,5.0
620,0.2197427749633789,2399,20.374078438032786,5.0,5.0
628,0.22229623794555664,2399,17.03068957687398,5.0,5.0
630,0.22275853157043457,2399,17.03068957687398,5.0,5.0
631,0.2230527400970459,2399,20.327620619186582,5.0,5.0
634,0.2242441177368164,2399,21.465372701541135,5.0,5.0
635,0.22453641891479492,2399,24.318835431387022,5.0,5.0
637,0.22561264038085938,2399,26.88695188824832,5.0,5.0
639,0.2261807918548584,2399,29.19825669942349,5.0,5.0
640,0.22646141052246094,2399,26.27843102948114,5.0,5.0
647,0.22878146171569824,2399,18.965435664738493,5.0,5.0
650,0.23000288009643555,2399,17.068892098264644,5.0,5.0
660,0.23342370986938477,2399,11.198900105671434,5.0,5.0
661,0.23371171951293945,2399,15.079010095104291,5.0,5.0
662,0.23398566246032715,2399,18.57110908559386,5.0,5.0
665,0.23523569107055664,2399,20.04259835933103,5.0,5.0
668,0.23602986335754395,2399,19.61105420395232,5.0,5.0
669,0.23630714416503906,2399,22.64994878355709,5.0,5.0
670,0.23653864860534668,2399,22.64994878355709,5.0,5.0
678,0.2392408847808838,2399,19.86063139689181,5.0,5.0
680,0.24021029472351074,2399,19.86063139689181,5.0,5.0
684,0.24120545387268066,2399,22.874568257202633,5.0,5.0
688,0.24213314056396484,2399,20.00800423355065,5.0,5.0
689,0.24242711067199707,2399,23.007203810195588,5.0,5.0
690,0.24256467819213867,2399,23.007203810195588,5.0,5.0
697,0.24522995948791504,2399,21.772251577632584,5.0,5.0
698,0.24553227424621582,2399,24.595026419869328,5.0,5.0
700,0.24602627754211426,2399,22.135523777882394,5.0,5.0
702,0.24658989906311035,2399,24.921971400094154,5.0,5.0
710,0.24875688552856445,2399,13.24455740283744,5.0,5.0
720,0.25223326683044434,2399,8.689754112001646,5.0,5.0
730,0.25570225715637207,2399,5.0,5.0,5.0
740,0.25998830795288086,2399,5.0,5.0,5.0
741,0.2602963447570801,2399,9.5,5.0,5.0
743,0.26124119758605957,2399,13.55,5.0,5.0
749,0.2631847858428955,2399,13.0011395,5.0,5.0
750,0.26389384269714355,2399,13.0011395,5.0,5.0
751,0.2641875743865967,2399,16.70102555,5.0,5.0
753,0.2652091979980469,2399,20.030922995,5.0,5.0
754,0.2655014991760254,2399,23.0278306955,5.0,5.0
758,0.26662755012512207,2399,20.108559719317554,5.0,5.0
760,0.26712512969970703,2399,18.0977037473858,5.0,5.0
762,0.267702579498291,2399,19.6591400353825,5.0,5.0
766,0.26923298835754395,2399,20.923903428659827,5.0,5.0
767,0.26951169967651367,2399,23.831513085793844,5.0,5.0
770,0.2703077793121338,2399,17.373173039543715,5.0,5.0
773,0.27112317085266113,2399,17.66504314582737,5.0,5.0
780,0.27317190170288086,2399,10.431031327179603,5.0,5.0
790,0.2764472961425781,2399,7.604221837513932,5.0,5.0
797,0.2791612148284912,2399,11.159419688386286,5.0,5.0
800,0.279982328414917,2399,13.135216952833604,5.0,5.0
807,0.28269147872924805,2399,13.61801584275413,5.0,5.0
808,0.2829630374908447,2399,17.256214258478717,5.0,5.0
810,0.2834510803222656,2399,18.977533549367763,5.0,5.0
812,0.2839024066925049,2399,20.37180217498789,5.0,5.0
815,0.28526997566223145,2399,21.50115976174019,5.0,5.0
817,0.285813570022583,2399,24.351043785566173,5.0,5.0
820,0.28699684143066406,2399,19.724345466308602,5.0,5.0
822,0.2875528335571289,2399,20.976719827709967,5.0,5.0
830,0.2891538143157959,2399,13.76282587896051,5.0,5.0
831,0.28953051567077637,2399,17.38654329106446,5.0,5.0
839,0.2930431365966797,2399,16.407311053267392,5.0,5.0
840,0.2932918071746826,2399,14.766579947940654,5.0,5.0
841,0.2935771942138672,2399,18.28992195314659,5.0,5.0
842,0.29384922981262207,2399,21.46092975783193,5.0,5.0
844,0.29444217681884766,2399,22.383353103843863,5.0,5.0
845,0.2947230339050293,2399,25.145017793459477,5.0,5.0
846,0.2949984073638916,2399,27.630516014113528,5.0,5.0
850,0.296480655670166,2399,20.142646174288764,5.0,5.0
860,0.2998840808868408,2399,18.21559015495086,5.0,5.0
863,0.3007090091705322,2399,18.27916522295918,5.0,5.0
864,0.3010430335998535,2399,21.45124870066326,5.0,5.0
865,0.3013288974761963,2399,24.306123830596935,5.0,5.0
868,0.30270957946777344,2399,24.68796030278352,5.0,5.0
869,0.302980899810791,2399,27.219164272505168,5.0,5.0
870,0.30370497703552246,2399,27.219164272505168,5.0,5.0
877,0.30725526809692383,2399,19.465379880144418,5.0,5.0
880,0.30811548233032227,2399,15.76695770291698,5.0,5.0
890,0.3122894763946533,2399,14.310230853995447,5.0,5.0
891,0.3125920295715332,2399,17.879207768595904,5.0,5.0
895,0.3135643005371094,2399,18.033942463306417,5.0,5.0
900,0.314727783203125,2399,13.14674405575038,5.0,5.0
901,0.3150200843811035,2399,16.83206965017534,5.0,5.0
908,0.3185255527496338,2399,14.93916880773204,5.0,5.0
910,0.3191499710083008,2399,12.100726734262953,5.0,5.0
911,0.3195044994354248,2399,15.890654060836658,5.0,5.0
916,0.3218202590942383,2399,17.87142978927769,5.0,5.0
918,0.3224029541015625,2399,19.47585812931493,5.0,5.0
920,0.32292795181274414,2399,22.528272316383436,5.0,5.0
922,0.32349276542663574,2399,23.247900576270585,5.0,5.0
929,0.3257267475128174,2399,20.25294756809113,5.0,5.0
930,0.3259766101837158,2399,18.227652811282017,5.0,5.0
932,0.3265657424926758,2399,19.76439877713843,5.0,5.0
934,0.3275907039642334,2399,22.787958899424588,5.0,5.0
940,0.33042168617248535,2399,18.458246708533917,5.0,5.0
945,0.3318061828613281,2399,15.899410098922193,5.0,5.0
949,0.33371925354003906,2399,17.87852218012698,5.0,5.0
950,0.333967924118042,2399,16.09066996211428,5.0,5.0
959,0.33667492866516113,2399,14.501379705928862,5.0,5.0
960,0.3369612693786621,2399,18.051241735335978,5.0,5.0
965,0.3387608528137207,2399,13.15935522505993,5.0,9.5
970,0.3400459289550781,2399,9.593169959068689,5.0,7.695000000000001
971,0.34035634994506836,2399,13.63385296316182,5.0,7.695000000000001
977,0.342360258102417,2399,13.050653836217423,5.0,7.695000000000001
979,0.3433516025543213,2399,16.745588452595683,5.0,7.695000000000001
980,0.34412097930908203,2399,16.745588452595683,5.0,7.695000000000001
982,0.3446919918060303,2399,18.563926646602503,5.0,7.695000000000001
985,0.34598302841186523,2399,21.707533981942255,5.0,6.925500000000001
986,0.34627652168273926,2399,24.53678058374803,5.0,6.925500000000001
990,0.3476841449737549,2399,17.887313045552315,5.0,6.925500000000001
1000,0.3506348133087158,2399,9.50605153224137,5.0,5.048689500000002
1010,0.3541536331176758,2399,6.236920410303563,5.0,5.0
1011,0.3544735908508301,2399,10.613228369273207,5.0,5.0
1020,0.35766100883483887,2399,7.737043481200168,5.0,5.0
1021,0.3579421043395996,2399,11.96333913308015,5.0,5.0
1023,0.3584103584289551,2399,14.690304697794922,5.0,5.0
1030,0.36064958572387695,2399,10.709232124692498,5.0,5.0
1036,0.3639869689941406,2399,14.638308912223248,5.0,5.0
1040,0.36551880836486816,2399,11.857030218900832,5.0,5.0
1045,0.3677799701690674,2399,13.643775029578707,5.0,5.0
1050,0.36999058723449707,2399,12.279397526620837,5.0,5.0
1060,0.3744230270385742,2399,9.946311996562878,5.0,5.0
1061,0.3747444152832031,2399,13.95168079690659,5.0,5.0
1062,0.3750588893890381,2399,17.55651271721593,5.0,5.0
1066,0.3771703243255615,2399,19.220775300944904,5.0,5.0
1070,0.3786637783050537,2399,15.568827993765373,5.0,5.0
1080,0.38276052474975586,2399,7.446522166051199,5.0,5.0
1085,0.3845939636230469,2399,9.885663193146193,5.0,5.0
1087,0.38515233993530273,2399,13.007387186448417,5.0,5.0
1090,0.38602733612060547,2399,14.482385258920896,5.0,5.0
1100,0.38878750801086426,2399,10.557658853753335,5.0,5.0
1107,0.3915414810180664,2399,11.926879973947564,5.0,5.0
1110,0.3932497501373291,2399,10.734191976552808,5.0,5.0
1112,0.3937876224517822,2399,14.660772778897528,5.0,5.0
1117,0.39552736282348633,2399,14.61893302023467,5.0,5.0
1119,0.39609289169311523,2399,16.84133574639008,5.0,5.0
1120,0.3963172435760498,2399,16.84133574639008,5.0,5.0
1129,0.40051865577697754,2399,16.04960038320653,5.0,5.0
1130,0.40081000328063965,2399,19.444640344885876,5.0,5.0
1133,0.4016692638397217,2399,19.175142811421807,5.0,5.0
1140,0.4044628143310547,2399,17.580811198573848,5.0,5.0
1141,0.40474557876586914,2399,20.82273007871646,5.0,5.0
1144,0.40584802627563477,2399,21.866411363760335,5.0,5.0
1145,0.40615272521972656,2399,24.679770227384303,5.0,5.0
1146,0.40646815299987793,2399,27.211793204645872,5.0,5.0
1149,0.407712459564209,2399,29.490613884181286,5.0,5.0
1150,0.40853047370910645,2399,29.490613884181286,5.0,5.0
1152,0.40923261642456055,2399,28.887397246186843,5.0,5.0
1154,0.4097938537597656,2399,28.398791769411343,5.0,5.0
1160,0.41124773025512695,2399,18.63244727991078,5.0,5.0
1163,0.41191744804382324,2399,21.769202551919705,5.0,5.0
1164,0.41220760345458984,2399,24.592282296727735,5.0,5.0
1166,0.4127528667449951,2399,24.919748660349466,5.0,5.0
1167,0.41303515434265137,2399,27.42777379431452,5.0,5.0
1170,0.4137096405029297,2399,22.21649677339476,5.0,5.0
1174,0.41580748558044434,2399,22.995362386449756,5.0,5.0
1175,0.4161262512207031,2399,25.69582614780478,5.0,5.0
1179,0.41921043395996094,2399,25.813619179721876,5.0,5.0
1180,0.41956424713134766,2399,23.232257261749687,5.0,5.0
1189,0.4224820137023926,2399,20.24268398943397,5.0,5.0
1190,0.422802209854126,2399,23.218415590490576,5.0,5.0
1196,0.4257993698120117,2399,21.92622496546763,5.0,5.0
1198,0.4263951778411865,2399,22.760242222028783,5.0,5.0
1200,0.4269230365753174,2399,23.435796199843313,5.0,5.0
1204,0.42798376083374023,2399,22.084695429685773,5.0,5.0
1210,0.4296085834503174,2399,18.040791804275155,5.0,5.0
1216,0.4315657615661621,2399,18.151737225316587,5.0,5.0
1220,0.4329562187194824,2399,14.702907152506437,5.0,5.0
1227,0.4353213310241699,2399,13.681919644483527,5.0,5.0
1228,0.43561673164367676,2399,17.313727680035175,5.0,5.0
1230,0.43706703186035156,2399,17.313727680035175,5.0,5.0
1232,0.43764281272888184,2399,19.02411942082849,5.0,5.0
1237,0.4389657974243164,2399,20.409536730871075,5.0,5.0
1238,0.4393043518066406,2399,23.36858305778397,5.0,5.0
1240,0.4397768974304199,2399,23.36858305778397,5.0,5.0
1241,0.44008541107177734,2399,26.031724752005573,5.0,5.0
1242,0.4403693675994873,2399,28.428552276805018,5.0,5.0
1250,0.4428579807281494,2399,13.597288425483786,5.0,5.0
1258,0.44593238830566406,2399,13.029062842363922,5.0,5.0
1260,0.44653868675231934,2399,10.553540902314777,5.0,5.0
1261,0.44687318801879883,2399,14.4981868120833,5.0,5.0
1268,0.4491920471191406,2399,15.569178186008726,5.0,5.0
1269,0.4494948387145996,2399,19.012260367407855,5.0,5.0
1270,0.44978857040405273,2399,22.11103433066707,5.0,5.0
1271,0.45009779930114746,2399,24.899930897600363,5.0,5.0
1275,0.4512641429901123,2399,21.336844661915602,5.0,5.0
1276,0.45155906677246094,2399,24.203160195724042,5.0,5.0
1279,0.4527091979980469,2399,26.782844176151638,5.0,5.0
1280,0.452974796295166,2399,24.104559758536475,5.0,5.0
1283,0.45369553565979004,2399,24.524693404414545,5.0,5.0
1285,0.4542856216430664,2399,24.86500165757578,5.0,5.0
1290,0.4569737911224365,2399,22.378501491818206,5.0,5.0
1292,0.4575502872467041,2399,23.126586208372746,5.0,5.0
1298,0.45955681800842285,2399,20.17335321131336,5.0,5.0
1299,0.45984649658203125,2399,23.156017890182024,5.0,5.0
1300,0.46013498306274414,2399,25.84041610116382,5.0,5.0
1306,0.46204686164855957,2399,21.953897003973584,5.0,5.0
1310,0.463977575302124,2399,17.782656573218606,5.0,5.0
1315,0.4662494659423828,2399,19.40395182430707,5.0,5.0
1318,0.46710968017578125,2399,19.14548087991986,5.0,5.0
1320,0.4680173397064209,2399,17.230932791927874,5.0,5.0
1324,0.46912193298339844,2399,16.30521500478388,5.0,5.0
1330,0.4719810485839844,2399,16.88650173848745,5.0,5.0
1335,0.4737706184387207,2399,17.31025976735735,5.0,5.0
1337,0.47435569763183594,2399,19.021310411559455,5.0,5.0
1340,0.47514867782592773,2399,15.40726143336316,5.0,5.0
1350,0.48093271255493164,2399,8.188050423407953,5.0,5.0
1357,0.48484277725219727,2399,11.632320842960443,5.0,5.0
1360,0.4856753349304199,2399,8.479961894518164,5.0,5.0
1363,0.4869542121887207,2399,12.631965705066348,5.0,5.0
1369,0.48840928077697754,2399,15.231892221103742,5.0,5.0
1370,0.48866772651672363,2399,13.708702998993369,5.0,5.0
1374,0.4902384281158447,2399,16.104049429184627,5.0,5.0
1377,0.4911017417907715,2399,18.04428003763955,5.0,5.0
1378,0.49140000343322754,2399,21.239852033875593,5.0,5.0
1380,0.4919464588165283,2399,22.20428014743923,5.0,5.0
1390,0.49593234062194824,2399,11.800264845835256,5.0,5.0
1397,0.49881577491760254,2399,12.742153765352512,5.0,5.0
1400,0.4996650218963623,2399,9.289030094941982,5.0,5.0
1403,0.501408576965332,2399,13.360127085447784,5.0,5.0
1410,0.5046591758728027,2399,13.765579380762292,5.0,5.0
1420,0.5095593929290771,2399,10.035107368575712,5.0,5.0
1426,0.511404275894165,2399,13.128436968546328,5.0,5.0
1430,0.5124411582946777,2399,14.570630550070273,5.0,5.0
1432,0.51296067237854,2399,18.113567495063247,5.0,5.0
1433,0.5132699012756348,2399,21.302210745556923,5.0,5.0
1438,0.5155322551727295,2399,22.254790703901108,5.0,5.0
1440,0.5160412788391113,2399,20.029311633510996,5.0,5.0
1444,0.517101526260376,2399,19.601368180829517,5.0,5.0
1450,0.5200271606445312,2399,14.289397403824719,5.0,5.0
1458,0.5235903263092041,2399,14.375273636649398,5.0,5.0
1459,0.5238840579986572,2399,17.93774627298446,5.0,5.0
1460,0.5241522789001465,2399,16.143971645686012,5.0,5.0
1466,0.5264332294464111,2399,18.076617033005668,5.0,5.0
1467,0.526747465133667,2399,21.2689553297051,5.0,5.0
1469,0.5274307727813721,2399,22.227853817061135,5.0,5.0
1470,0.5277302265167236,2399,25.00506843535502,5.0,5.0
1471,0.528024435043335,2399,27.50456159181952,5.0,5.0
1475,0.5291168689727783,2399,23.045742860392792,5.0,5.0
1477,0.5301527976989746,2399,25.741168574353512,5.0,5.0
1479,0.5307652950286865,2399,25.850346545226348,5.0,5.0
1480,0.531029224395752,2399,23.265311890703714,5.0,5.0
1483,0.5322751998901367,2399,23.84490263147001,5.0,5.0
1485,0.5328402519226074,2399,24.31437113149071,5.0,5.0
1486,0.5331494808197021,2399,26.88293401834164,5.0,5.0
1490,0.5347151756286621,2399,19.59765889937106,5.0,5.0
1496,0.5373003482818604,2399,17.858024003877354,5.0,5.0
1498,0.5378625392913818,2399,19.46499944314066,5.0,5.0
1500,0.5383245944976807,2399,15.766649548943933,5.0,5.0
1508,0.541823148727417,2399,15.344498769062115,5.0,5.0
1510,0.5423355102539062,2399,15.344498769062115,5.0,5.0
1513,0.5432074069976807,2399,16.186139602646282,5.0,5.0
1518,0.5446064472198486,2399,14.557753573966602,5.0,5.0
1520,0.5456147193908691,2399,13.101978216569941,5.0,5.0
1528,0.5481812953948975,2399,11.962928405392148,5.0,5.0
1530,0.5487558841705322,2399,14.68997200836764,5.0,5.0
1534,0.550311803817749,2399,15.70898959410001,5.0,5.0
1535,0.5505931377410889,2399,19.13809063469001,5.0,5.0
1537,0.5511598587036133,2399,20.50185341409891,5.0,5.0
1540,0.551938533782959,2399,16.606501265420118,5.0,5.0
1543,0.5532453060150146,2399,18.451266024990296,5.0,5.0
1548,0.5550801753997803,2399,18.45097293221793,5.0,5.0
1549,0.5553805828094482,2399,21.60587563899614,5.0,5.0
1550,0.5556337833404541,2399,19.445288075096524,5.0,5.0
1551,0.5559291839599609,2399,22.500759267586872,5.0,5.0
1552,0.5562286376953125,2399,25.250683340828186,5.0,5.0
1554,0.5567781925201416,2399,25.45305350607083,5.0,5.0
1560,0.558819055557251,2399,16.69974840533307,5.0,5.0
1564,0.5599832534790039,2399,17.17411658748781,5.0,5.0
1565,0.5602927207946777,2399,20.45670492873903,5.0,5.0
1568,0.5611598491668701,2399,19.912937893050753,5.0,5.0
1570,0.562124490737915,2399,19.912937893050753,5.0,5.0
1580,0.5673167705535889,2399,13.0648785516306,5.0,5.0
1587,0.5696146488189697,2399,12.714680135952353,5.0,5.0
1590,0.5712082386016846,2399,12.714680135952353,5.0,5.0
1593,0.5728657245635986,2399,16.443212122357117,5.0,5.0
1600,0.5756032466888428,2399,10.788391473478505,5.0,5.0
1605,0.5773138999938965,2399,12.864737384165831,5.0,5.0
1606,0.5776023864746094,2399,16.57826364574925,5.0,5.0
1610,0.5795269012451172,2399,13.428393553056893,5.0,5.0
1618,0.5822012424468994,2399,12.13639889823011,5.0,5.0
1620,0.5831823348999023,2399,12.13639889823011,5.0,5.0
1627,0.5850589275360107,2399,12.962691317128776,5.0,5.0
1628,0.5853564739227295,2399,16.666422185415897,5.0,5.0
1630,0.5857772827148438,2399,14.999779966874307,5.0,5.0
1633,0.5870788097381592,2399,17.14982177316819,5.0,5.0
1640,0.5903499126434326,2399,17.50222007263961,5.0,5.0
1646,0.5925047397613525,2399,16.48320658965885,5.0,5.0
1648,0.5930664539337158,2399,19.834885930692963,5.0,5.0
1650,0.5936083793640137,2399,22.851397337623666,5.0,5.0
1651,0.5938994884490967,2399,25.5662576038613,5.0,5.0
1655,0.5953891277313232,2399,25.708668659127653,5.0,5.0
1659,0.5969488620758057,2399,23.74161945250406,5.0,5.0
1660,0.5972545146942139,2399,26.367457507253654,5.0,5.0
1664,0.5982503890991211,2399,24.221876522787916,5.0,5.0
1668,0.5994312763214111,2399,20.891973186601156,5.0,5.0
1670,0.5999400615692139,2399,18.80277586794104,5.0,5.0
1671,0.6002650260925293,2399,21.922498281146936,5.0,5.0
1675,0.601292610168457,2399,19.383351122260507,5.0,5.0
1678,0.6019940376281738,2399,20.700514409031012,5.0,5.0
1680,0.6025304794311523,2399,16.76741667131512,5.0,5.0
1684,0.6039016246795654,2399,18.581607503765248,5.0,5.0
1685,0.6041979789733887,2399,21.723446753388725,5.0,5.0
1687,0.6047654151916504,2399,22.595991870244866,5.0,5.0
1688,0.6050665378570557,2399,25.33639268322038,5.0,5.0
1690,0.6056215763092041,2399,25.52247807340851,5.0,5.0
1695,0.6069726943969727,2399,21.745297863963323,5.0,5.0
1700,0.6091582775115967,2399,17.613691269810293,5.0,5.0
1701,0.6094954013824463,2399,20.852322142829266,5.0,5.0
1708,0.6116971969604492,2399,21.890380935691706,5.0,5.0
1709,0.6119914054870605,2399,24.701342842122536,5.0,5.0
1710,0.612297773361206,2399,27.231208557910282,5.0,5.0
1711,0.6125845909118652,2399,29.508087702119255,5.0,5.0
1712,0.6128714084625244,2399,31.55727893190733,5.0,5.0
1714,0.6134092807769775,2399,33.4015510387166,5.0,5.0
1715,0.6136932373046875,2399,35.06139593484494,5.0,5.0
1716,0.6139764785766602,2399,36.55525634136045,5.0,5.0
1720,0.6150248050689697,2399,29.609757636501968,5.0,5.0
1726,0.6172361373901367,2399,24.426961985308942,5.0,5.0
1730,0.6193032264709473,2399,21.98426578677805,5.0,5.0
1732,0.6198763847351074,2399,22.80725528729022,5.0,5.0
1734,0.6204228401184082,2399,25.5265297585612,5.0,5.0
1736,0.6210167407989502,2399,25.676489104434573,5.0,5.0
1737,0.6213061809539795,2399,28.108840193991117,5.0,5.0
1739,0.622326135635376,2399,30.297956174592006,5.0,5.0
1740,0.6226117610931396,2399,32.2681605571328,5.0,5.0
1748,0.6252806186676025,2399,24.05402612738135,5.0,5.0
1750,0.6258628368377686,2399,24.483761163178894,5.0,5.0
1753,0.6266646385192871,2399,27.035385046861006,5.0,5.0
1756,0.6274821758270264,2399,26.898661887957413,5.0,5.0
1759,0.6281805038452148,2399,26.787916129245506,5.0,5.0
1760,0.6284499168395996,2399,24.109124516320957,5.0,5.0
1768,0.6308648586273193,2399,20.81799659515818,5.0,5.0
1770,0.6313867568969727,2399,18.736196935642365,5.0,5.0
1771,0.631699800491333,2399,21.862577242078128,5.0,5.0
1778,0.633887529373169,2399,17.909633235674715,5.0,5.0
1780,0.6349143981933594,2399,16.118669912107244,5.0,5.0
1782,0.6359508037567139,2399,19.50680292089652,5.0,5.0
1789,0.6387097835540771,2399,17.798413396400207,5.0,5.0
1790,0.6390283107757568,2399,21.01857205676019,5.0,5.0
1794,0.640141487121582,2399,20.322539029378177,5.0,5.0
1797,0.6414592266082764,2399,21.461256613796323,5.0,5.0
1798,0.6417531967163086,2399,24.31513095241669,5.0,5.0
1800,0.6422815322875977,2399,21.88361785717502,5.0,5.0
1804,0.6433024406433105,2399,20.953157417880593,5.0,5.0
1805,0.6436381340026855,2399,23.857841676092534,5.0,5.0
1807,0.6442182064056396,2399,24.324851757634953,5.0,5.0
1810,0.6450791358947754,2399,22.73281693131588,5.0,5.0
1820,0.6495311260223389,2399,16.57222354292928,5.0,5.0
1823,0.650367021560669,2399,18.423501069772716,5.0,5.0
1830,0.6526784896850586,2399,13.43073227986431,5.0,5.0
1837,0.6555368900299072,2399,14.791003832021083,5.0,5.0
1838,0.6558418273925781,2399,18.311903448818974,5.0,5.0
1840,0.6563432216644287,2399,18.311903448818974,5.0,5.0
1841,0.6566472053527832,2399,21.480713103937077,5.0,5.0
1842,0.656944990158081,2399,24.33264179354337,5.0,5.0
1850,0.6606359481811523,2399,15.964646280743807,5.0,5.0
1859,0.6643564701080322,2399,14.426963982316412,5.0,5.0
1860,0.6646311283111572,2399,12.98426758408477,5.0,5.0
1861,0.6649563312530518,2399,16.685840825676294,5.0,5.0
1862,0.6652998924255371,2399,20.017256743108668,5.0,5.0
1870,0.6677477359771729,2399,10.637990940814415,5.0,5.0
1871,0.668067216873169,2399,14.574191846732974,5.0,5.0
1873,0.6690995693206787,2399,18.116772662059677,5.0,5.0
1880,0.6714985370635986,2399,10.69777308921962,5.0,5.0
1884,0.6726071834564209,2399,12.798676582041104,5.0,5.0
1890,0.6751279830932617,2399,8.39721170547717,5.0,5.0
1900,0.6790695190429688,2399,5.0,5.0,5.0
1910,0.6840810775756836,2399,5.0,5.0,5.0
1920,0.6880769729614258,2399,5.0,5.0,5.0
1925,0.6898131370544434,2399,9.5,5.0,5.0
1930,0.6916656494140625,2399,6.925500000000001,5.0,5.0
1933,0.6929686069488525,2399,11.232950000000002,5.0,5.0
1940,0.6957211494445801,2399,8.188820550000003,5.0,5.0
1945,0.6975390911102295,2399,11.632944645500002,5.0,5.0
1950,0.6992602348327637,2399,15.469650180950001,5.0,5.0
1960,0.7033061981201172,2399,9.134673735349168,5.0,5.0
1962,0.7038815021514893,2399,12.399085725632826,5.0,5.0
1966,0.7064025402069092,2399,16.159177153069542,5.0,5.0
1970,0.7079510688781738,2399,13.08893349398633,5.0,5.0
1974,0.7094776630401611,2399,14.541832517116035,5.0,5.0
1975,0.7097699642181396,2399,18.08764926540443,5.0,5.0
1978,0.7106363773345947,2399,18.18589631447983,5.0,5.0
1979,0.7109315395355225,2399,21.36730668303185,5.0,5.0
1980,0.7112076282501221,2399,19.230576014728666,5.0,5.0
1984,0.7123456001281738,2399,19.019089914737197,5.0,5.0
1987,0.7136578559875488,2399,20.405462830937132,5.0,5.0
1990,0.7145123481750488,2399,14.875582403753171,5.0,5.0
1992,0.7155728340148926,2399,18.388024163377857,5.0,5.0
1993,0.7158615589141846,2399,21.54922174704007,5.0,5.0
1999,0.7175381183624268,2399,16.452139954468727,5.0,5.0
2000,0.717832088470459,2399,19.806925959021854,5.0,5.0
2003,0.7190701961517334,2399,21.043610026807702,5.0,5.0
2010,0.721440315246582,2399,15.340791709542817,5.0,5.0
2018,0.7254869937896729,2399,15.065093440631042,5.0,5.0
2020,0.7269496917724609,2399,15.065093440631042,5.0,5.0
2023,0.7278032302856445,2399,17.202725686911144,5.0,5.0
2026,0.7286906242370605,2399,17.540787025758227,5.0,5.0
2029,0.729569673538208,2399,17.787233741777747,5.0,5.0
2030,0.7298266887664795,2399,16.008510367599975,5.0,5.0
2032,0.7304189205169678,2399,17.96689339775598,5.0,5.0
2035,0.731616735458374,2399,19.553183652182348,5.0,5.0
2036,0.7319071292877197,2399,22.597865286964115,5.0,5.0
2038,0.7323651313781738,2399,25.338078758267706,5.0,5.0
2040,0.7328710556030273,2399,22.804270882440935,5.0,5.0
2046,0.7344613075256348,2399,18.465693913372547,5.0,5.0
2050,0.7360336780548096,2399,13.461490862848587,5.0,5.0
2053,0.736870288848877,2399,15.903807598907356,5.0,5.0
2056,0.7377300262451172,2399,16.59387573960346,5.0,5.0
2060,0.7396848201751709,2399,16.59387573960346,5.0,5.0
2070,0.7427189350128174,2399,9.798517685478448,5.0,5.0
2071,0.7430500984191895,2399,13.818665916930604,5.0,5.0
2078,0.7454893589019775,2399,13.159784037288354,5.0,5.0
2080,0.7459397315979004,2399,10.659425070203568,5.0,5.0
2082,0.7465367317199707,2399,13.63413430686489,5.0,5.0
2083,0.7468295097351074,2399,17.2707208761784,5.0,5.0
2088,0.7486429214477539,2399,17.590355518734057,5.0,5.0
2090,0.749157190322876,2399,15.831319966860653,5.0,5.0
2092,0.7501916885375977,2399,19.248187970174587,5.0,5.0
2093,0.7504982948303223,2399,22.32336917315713,5.0,5.0
2095,0.7515435218811035,2399,25.091032255841416,5.0,5.0
2100,0.7528612613677979,2399,18.291362514508393,5.0,5.0
2110,0.7564330101013184,2399,9.720779986072857,5.0,5.0
2120,0.7614336013793945,2399,7.873831788719015,5.0,5.0
2129,0.7647848129272461,2399,9.5,5.0,5.0
2130,0.7650387287139893,2399,9.5,5.0,5.0
2138,0.7680599689483643,2399,11.925500000000001,5.0,5.0
2139,0.7683908939361572,2399,15.73295,5.0,5.0
2140,0.7686679363250732,2399,14.159655,5.0,5.0
2150,0.7735435962677002,2399,9.2901496455,5.0,5.0
2156,0.7763979434967041,2399,12.525021212855,5.0,5.0
2160,0.777446985244751,2399,10.14526718241255,5.0,5.0
2169,0.7808148860931396,2399,10.391610936688508,5.0,5.0
2170,0.7810962200164795,2399,9.352449843019658,5.0,5.0
2176,0.7831194400787354,2399,11.136142342005197,5.0,5.0
2177,0.7834105491638184,2399,15.022528107804678,5.0,5.0
2180,0.7845468521118164,2399,13.520275297024211,5.0,5.0
2186,0.7862076759338379,2399,13.870652622377586,5.0,5.0
2187,0.7865114212036133,2399,17.48358736013983,5.0,5.0
2190,0.7882571220397949,2399,15.735228624125847,5.0,5.0
2198,0.7911942005157471,2399,15.32388350028897,5.0,5.0
2200,0.7918012142181396,2399,17.412345635234065,5.0,5.0
2205,0.7941267490386963,2399,19.103999964539593,5.0,5.0
2209,0.7955782413482666,2399,22.193599968085636,5.0,5.0
2210,0.7958667278289795,2399,24.974239971277072,5.0,5.0
2216,0.7979912757873535,2399,19.7470389606394,5.0,5.0
2219,0.7988376617431641,2399,19.395591402306124,5.0,5.0
2220,0.7991127967834473,2399,17.456032262075514,5.0,5.0
2224,0.800734281539917,2399,17.72544751905305,5.0,5.0
2230,0.8032999038696289,2399,11.629666117250705,5.0,5.0
2234,0.8043615818023682,2399,15.466699505525636,5.0,5.0
2235,0.804656982421875,2399,18.920029554973073,5.0,5.0
2237,0.8056120872497559,2399,22.028026599475766,5.0,5.0
2240,0.8064169883728027,2399,17.84270154557537,5.0,5.0
2243,0.8076446056365967,2399,21.058431391017834,5.0,5.0
2245,0.8082244396209717,2399,22.057329426724447,5.0,5.0
2247,0.808795690536499,2399,22.8664368356468,5.0,5.0
2250,0.8095834255218506,2399,18.52181383687391,5.0,5.0
2253,0.8104732036590576,2399,18.502402287081082,5.0,5.0
2255,0.8110601902008057,2399,19.98694585253568,5.0,5.0
2259,0.812157392501831,2399,19.570483526498514,5.0,5.0
2260,0.8124396800994873,2399,17.613435173848664,5.0,5.0
2263,0.813277006149292,2399,19.26688249081742,5.0,5.0
2265,0.8143117427825928,2399,22.340194241735677,5.0,5.0
2266,0.814612865447998,2399,25.10617481756211,5.0,5.0
2268,0.8152105808258057,2399,25.33600160222531,5.0,5.0
2270,0.8162527084350586,2399,22.80240144200278,5.0,5.0
2276,0.8178763389587402,2399,19.960655586098024,5.0,5.0
2278,0.8189194202423096,2399,22.96459002748822,5.0,5.0
2280,0.8194119930267334,2399,18.60131792226546,5.0,5.0
2281,0.8197431564331055,2399,21.741186130038912,5.0,5.0
2287,0.8214066028594971,2399,16.554157698134013,5.0,5.0
2290,0.8226799964904785,2399,13.40886773548855,5.0,5.0
2295,0.8249640464782715,2399,14.775064579171154,5.0,5.0
2299,0.8269257545471191,2399,16.967802309128636,5.0,5.0
2300,0.8272135257720947,2399,16.967802309128636,5.0,5.0
2305,0.8286440372467041,2399,18.743919870394194,5.0,5.0
2308,0.8295111656188965,2399,18.664317585517367,5.0,5.0
2310,0.8304979801177979,2399,18.664317585517367,5.0,5.0
2315,0.8318312168121338,2399,17.245658767857947,5.0,5.0
2316,0.8321323394775391,2399,20.52109289107215,5.0,5.0
2320,0.8334953784942627,2399,16.622085241768442,5.0,5.0
2325,0.835282564163208,2399,18.46388904583244,5.0,5.0
2330,0.8364989757537842,2399,14.955750127124276,5.0,5.0
2337,0.8393046855926514,2399,15.902741842673597,5.0,5.0
2339,0.8399038314819336,2399,17.881220892565615,5.0,5.0
2340,0.8402271270751953,2399,21.093098803309054,5.0,5.0
2343,0.8419189453125,2399,23.98378892297815,5.0,5.0
2344,0.8422424793243408,2399,26.585410030680336,5.0,5.0
2345,0.8425452709197998,2399,28.9268690276123,5.0,5.0
2350,0.843888521194458,2399,18.97891876901643,5.0,5.0
2352,0.8444736003875732,2399,20.37292420290331,5.0,5.0
2355,0.8453330993652344,2399,19.851861743916515,5.0,5.0
2360,0.8475337028503418,2399,17.866675569524865,5.0,5.0
2363,0.8483972549438477,2399,19.47200721131514,5.0,5.0
2364,0.8486995697021484,2399,22.52480649018363,5.0,5.0
2370,0.8506214618682861,2399,14.77852553820948,5.0,5.0
2373,0.8514046669006348,2399,15.773545117354711,5.0,5.0
2378,0.8527810573577881,2399,16.498914390551583,5.0,5.0
2380,0.8533151149749756,2399,14.849022951496424,5.0,5.0
2381,0.8536179065704346,2399,18.364120656346785,5.0,5.0
2383,0.8542001247406006,2399,19.874937731640895,5.0,5.0
2390,0.8558483123779297,2399,14.488829606366213,5.0,5.0
2400,0.8605713844299316,2399,7.699958094836869,5.0,5.0
2403,0.8614263534545898,2399,11.236966056817863,5.0,5.0
2409,0.8638525009155273,2399,13.191748255420222,5.0,5.0
2410,0.864600658416748,2399,13.191748255420222,5.0,5.0
2417,0.8668348789215088,2399,15.68531608689038,5.0,5.0
2419,0.8674132823944092,2399,17.70510603038121,5.0,5.0
2420,0.8676798343658447,2399,15.934595427343089,5.0,5.0
2423,0.868476390838623,2399,19.341135884608782,5.0,5.0
2430,0.8713748455047607,2399,17.689719253891823,5.0,5.0
2438,0.8738613128662109,2399,15.445602322230584,5.0,5.0
2440,0.8748855590820312,2399,13.901042090007527,5.0,5.0
2442,0.8754861354827881,2399,16.2598440929061,5.0,5.0
2450,0.8793506622314453,2399,9.601275338420125,5.0,5.0
2451,0.879662275314331,2399,13.641147804578113,5.0,5.0
2456,0.8811056613922119,2399,14.944396749537445,5.0,5.0
2458,0.8816025257110596,2399,17.10496136712533,5.0,5.0
2460,0.8821597099304199,2399,13.855018707371519,5.0,5.0
2461,0.8824760913848877,2399,17.46951683663437,5.0,5.0
2464,0.8832814693450928,2399,20.722565152970933,5.0,5.0
2467,0.8841226100921631,2399,21.785277773906458,5.0,5.0
2470,0.884943962097168,2399,15.881467497177809,5.0,5.0
2475,0.8868160247802734,2399,16.577589805442624,5.0,5.0
2476,0.8871369361877441,2399,19.919830824898362,5.0,5.0
2478,0.8877310752868652,2399,21.135062968167674,5.0,5.0
2480,0.8882246017456055,2399,17.119401004215817,5.0,5.0
2481,0.8885476589202881,2399,20.407460903794238,5.0,5.0
2489,0.8912343978881836,2399,17.050401589081464,5.0,5.0
2490,0.8918576240539551,2399,17.050401589081464,5.0,5.0
2498,0.8945553302764893,2399,15.068091634336716,5.0,5.0
2500,0.8950934410095215,2399,13.561282470903045,5.0,5.0
2502,0.8961551189422607,2399,17.20515422381274,5.0,5.0
2510,0.8997042179107666,2399,16.288301686243543,5.0,5.0
2520,0.9027621746063232,2399,9.618079262709951,5.0,5.0
2530,0.9065344333648682,2399,7.011579782515555,5.0,5.0
2531,0.9068691730499268,2399,11.310421804264,5.0,5.0
2538,0.9101247787475586,2399,13.245297495308456,5.0,5.0
2540,0.9106073379516602,2399,10.728690971199851,5.0,5.0
2549,0.9144730567932129,2399,12.821215718004693,5.0,5.0
2550,0.9151015281677246,2399,12.821215718004693,5.0,5.0
2558,0.9186933040618896,2399,12.570799669324593,5.0,5.0
2560,0.9196207523345947,2399,12.570799669324593,5.0,5.0
2569,0.9221479892730713,2399,11.680638347065532,5.0,5.0
2570,0.92242431640625,2399,10.512574512358979,5.0,5.0
2580,0.9270298480987549,2399,6.8973001375587275,5.0,5.0
2583,0.9278891086578369,2399,10.586813111422568,5.0,5.0
2589,0.9295878410339355,2399,11.251407274163913,5.0,5.0
2590,0.9298298358917236,2399,11.251407274163913,5.0,5.0
2595,0.9312839508056641,2399,12.382048312578943,5.0,5.0
2598,0.9320809841156006,2399,14.02651321987005,5.0,5.0
2600,0.9330928325653076,2399,12.623861897883046,5.0,5.0
2607,0.9355552196502686,2399,13.28251579120107,5.0,5.0
2610,0.9373209476470947,2399,11.954264212080963,5.0,5.0
2620,0.9408745765686035,2399,6.35298612713252,5.0,5.0
2630,0.946303129196167,2399,5.145918762977341,5.0,5.0
2632,0.9474499225616455,2399,9.631326886679606,5.0,5.0
2640,0.9506325721740723,2399,6.31911357035049,5.0,5.0
2648,0.9537122249603271,2399,9.606633792785507,5.0,5.0
2650,0.9542934894561768,2399,7.781373372156262,5.0,5.0
2654,0.9558072090148926,2399,10.672621188301914,5.0,5.0
2656,0.95639967918396,2399,13.64482316252455,5.0,5.0
2660,0.957402229309082,2399,16.052306761644886,5.0,5.0
2663,0.9587488174438477,2399,18.002368476932357,5.0,5.0
2664,0.9590663909912109,2399,21.202131629239123,5.0,5.0
2669,0.9608829021453857,2399,20.456353957715322,5.0,5.0
2670,0.9611685276031494,2399,18.410718561943792,5.0,5.0
2673,0.9625320434570312,2399,19.91268203517447,5.0,5.0
2676,0.963850736618042,2399,21.12927244849132,5.0,5.0
2680,0.9648635387420654,2399,15.403239614950174,5.0,5.0
2688,0.9687740802764893,2399,17.476624088109638,5.0,5.0
2689,0.9691104888916016,2399,20.728961679298674,5.0,5.0
2690,0.9694015979766846,2399,18.65606551136881,5.0,5.0
2691,0.9697127342224121,2399,21.790458960231927,5.0,5.0
2700,0.9725732803344727,2399,11.580343300284614,5.0,5.0
2708,0.9755368232727051,2399,13.442070265907486,5.0,5.0
2710,0.9765758514404297,2399,12.097863239316737,5.0,5.0
2716,0.9786276817321777,2399,13.819342301461903,5.0,5.0
2717,0.9789259433746338,2399,17.437408071315716,5.0,5.0
2720,0.9797370433807373,2399,15.693667264184144,5.0,5.0
2721,0.9800565242767334,2399,19.12430053776573,5.0,5.0
2726,0.9818320274353027,2399,18.94161509203122,5.0,5.0
2727,0.9821600914001465,2399,22.047453582828098,5.0,5.0
2728,0.9824695587158203,2399,24.842708224545287,5.0,5.0
2730,0.9830582141876221,2399,25.122593661881684,5.0,5.0
2740,0.9862875938415527,2399,18.351176298264065,5.0,5.0
2747,0.9886331558227539,2399,15.83618609236195,5.0,5.0
2750,0.9893264770507812,2399,14.252567483125755,5.0,5.0
2752,0.9899022579193115,2399,16.544579661331863,5.0,5.0
2754,0.9904870986938477,2399,18.40110952567881,5.0,5.0
2760,0.9921145439147949,2399,17.072967959797868,5.0,5.0
2763,0.9934208393096924,2399,20.36567116381808,5.0,5.0
2770,0.9958066940307617,2399,12.025725165522942,5.0,5.0
2771,0.9961295127868652,2399,15.823152648970648,5.0,5.0
2774,0.9974825382232666,2399,17.816753645666225,5.0,5.0
2780,1.0012867450714111,2399,16.035078281099604,5.0,5.0
2784,1.002274751663208,2399,15.520614860229452,5.0,5.0
2787,1.00307035446167,2399,18.968553374206508,5.0,5.0
2788,1.0033740997314453,2399,22.071698036785858,5.0,5.0
2790,1.0047426223754883,2399,22.071698036785858,5.0,5.0
2798,1.0079073905944824,2399,18.033116973741684,5.0,5.0
2800,1.0084514617919922,2399,14.606824748730766,5.0,5.0
2806,1.0101277828216553,2399,14.583537717642256,5.0,5.0
2810,1.011695384979248,2399,10.631398996161206,5.0,5.0
2820,1.0152361392974854,2399,7.75028986820152,5.0,5.0
2821,1.0155713558197021,2399,11.975260881381368,5.0,5.0
2830,1.0189964771270752,2399,7.071271797846884,5.0,5.0
2831,1.0193495750427246,2399,11.364144618062195,5.0,5.0
2837,1.0218327045440674,2399,15.227730156255976,5.0,5.0
2840,1.0231006145477295,2399,13.704957140630379,5.0,5.0
2843,1.0244455337524414,2399,16.101015283910606,5.0,5.0
2844,1.0247530937194824,2399,19.490913755519543,5.0,5.0
2850,1.0273289680480957,2399,19.20887612777375,5.0,5.0
2860,1.03126859664917,2399,12.602943627432358,5.0,5.0
2861,1.031585454940796,2399,16.342649264689122,5.0,5.0
2862,1.0318987369537354,2399,19.70838433822021,5.0,5.0
2868,1.0338847637176514,2399,19.367412182562532,5.0,5.0
2870,1.0344679355621338,2399,15.687603867875653,5.0,5.0
2872,1.0350749492645264,2399,17.70695913297928,5.0,5.0
2874,1.0356628894805908,2399,19.342636897713216,5.0,5.0
2877,1.0365443229675293,2399,19.10078229843294,5.0,5.0
2880,1.0378353595733643,2399,15.471633661730682,5.0,5.0
2881,1.0381577014923096,2399,18.92447029555761,5.0,5.0
2883,1.0387485027313232,2399,20.328820939401666,5.0,5.0
2884,1.0390524864196777,2399,23.2959388454615,5.0,5.0
2886,1.03957200050354,2399,23.869710464823815,5.0,5.0
2890,1.0406746864318848,2399,17.401018928856562,5.0,5.0
2897,1.0435917377471924,2399,15.275127667300511,5.0,5.0
2899,1.0441827774047852,2399,17.372853410513414,5.0,5.0
2900,1.0444583892822266,2399,15.635568069462073,5.0,5.0
2904,1.0465667247772217,2399,17.66481013626428,5.0,5.0
2905,1.0468769073486328,2399,20.898329122637854,5.0,5.0
2910,1.0481548309326172,2399,15.234881930402999,5.0,5.0
2911,1.0485241413116455,2399,18.711393737362698,5.0,5.0
2920,1.0526139736175537,2399,12.276545431083667,5.0,5.0
2925,1.0544068813323975,2399,13.949601619259994,5.0,5.0
2930,1.056612253189087,2399,12.554641457333995,5.0,5.0
2940,1.0613439083099365,2399,6.672051210727036,5.0,5.0
2948,1.0658016204833984,2399,10.404361480688898,5.0,5.0
2950,1.0663201808929443,2399,10.404361480688898,5.0,5.0
2960,1.0705139636993408,2399,5.0,5.0,5.0
2961,1.070826530456543,2399,9.5,5.0,5.0
2970,1.0745558738708496,2399,7.695000000000001,5.0,5.0
2973,1.0753767490386963,2399,11.925500000000001,5.0,5.0
2980,1.0781290531158447,2399,7.824320550000001,5.0,5.0
2990,1.0820410251617432,2399,5.0,5.0,5.0
3000,1.087113380432129,2399,5.0,5.0,5.0
3005,1.0899221897125244,2399,9.5,5.0,5.0
3009,1.0916235446929932,2399,11.925500000000001,5.0,5.0
3010,1.0923831462860107,2399,11.925500000000001,5.0,5.0
3020,1.0969860553741455,2399,7.824320550000001,5.0,5.0
3022,1.0980703830718994,2399,12.041888495000002,5.0,5.0
3028,1.100675106048584,2399,13.778536712855002,5.0,5.0
3030,1.1016888618469238,2399,13.778536712855002,5.0,5.0
3032,1.1021897792816162,2399,16.16061473741255,5.0,5.0
3035,1.1030585765838623,2399,18.090097937304165,5.0,5.0
3040,1.105367660522461,2399,14.652979329216375,5.0,5.0
3050,1.109849452972412,2399,7.787193987698082,5.0,5.0
3053,1.1111218929290771,2399,11.307627130035446,5.0,5.0
3057,1.1132371425628662,2399,14.159177975328712,5.0,5.0
3060,1.1150312423706055,2399,12.743260177795841,5.0,5.0
3065,1.1177854537963867,2399,15.322040744014632,5.0,5.0
3070,1.1201872825622559,2399,16.169767702386668,5.0,5.0
3071,1.1204893589019775,2399,19.552790932148,5.0,5.0
3075,1.121507167816162,2399,20.83776065503988,5.0,5.0
3080,1.1237189769744873,2399,16.878586130582303,5.0,5.0
3081,1.1240601539611816,2399,20.190727517524074,5.0,5.0
3085,1.1256253719329834,2399,21.3544892891945,5.0,5.0
3087,1.1266815662384033,2399,24.219040360275052,5.0,5.0
3090,1.1274375915527344,2399,17.655680422640515,5.0,5.0
3100,1.1311147212982178,2399,8.44465721353965,5.0,5.0
3101,1.1314430236816406,2399,12.600191492185685,5.0,5.0
3110,1.1349074840545654,2399,7.440287074220725,5.0,5.0
3113,1.1357955932617188,2399,11.026632530118789,5.0,5.0
3120,1.1402254104614258,2399,9.923969277106911,5.0,5.0
3126,1.1418943405151367,2399,11.511116242709845,5.0,5.0
3128,1.1424050331115723,2399,14.324004156594976,5.0,5.0
3130,1.1429619789123535,2399,17.89160374093548,5.0,5.0
3131,1.1432881355285645,2399,21.102443366841932,5.0,5.0
3140,1.1462385654449463,2399,18.845313092984995,5.0,5.0
3150,1.1489474773406982,2399,13.738233244786063,5.0,5.0
3151,1.1492831707000732,2399,17.36440992030746,5.0,5.0
3158,1.1527113914489746,2399,16.392789348713723,5.0,5.0
3160,1.153745174407959,2399,16.392789348713723,5.0,5.0
3166,1.1570539474487305,2399,16.950343435212304,5.0,5.0
3168,1.157637357711792,2399,20.255309091691075,5.0,5.0
3170,1.1581909656524658,2399,18.22977818252197,5.0,5.0
3180,1.1619467735290527,2399,8.719246392387893,5.0,5.0
3181,1.1622822284698486,2399,12.847321753149103,5.0,5.0
3182,1.162583827972412,2399,16.562589577834196,5.0,5.0
3185,1.1639330387115479,2399,18.4156975580457,5.0,5.0
3190,1.1657416820526123,2399,12.082539167833785,5.0,5.0
3200,1.1704111099243164,2399,9.786856725945366,5.0,5.0
3203,1.1713595390319824,2399,12.134618553214171,5.0,5.0
3204,1.171677589416504,2399,15.921156697892755,5.0,5.0
3206,1.1722617149353027,2399,19.329041028103482,5.0,5.0
3210,1.1737456321716309,2399,15.656523232763822,5.0,5.0
3212,1.174264907836914,2399,17.681783818538698,5.0,5.0
3218,1.1759438514709473,2399,16.60101836334324,5.0,5.0
3220,1.1765809059143066,2399,13.446824874308025,5.0,5.0
3222,1.1770966053009033,2399,15.8919281481895,5.0,5.0
3224,1.1776795387268066,2399,17.8724618000335,5.0,5.0
3230,1.1796891689300537,2399,10.55350996830178,5.0,5.0
3233,1.1805264949798584,2399,14.498158971471602,5.0,5.0
3236,1.1818697452545166,2399,18.048343074324443,5.0,5.0
3240,1.1834537982940674,2399,14.6191578902028,5.0,5.0
3248,1.1867876052856445,2399,12.769219888327267,5.0,5.0
3250,1.187347412109375,2399,11.492297899494542,5.0,5.0
3260,1.1898908615112305,2399,13.377885168731522,5.0,5.0
3262,1.1909518241882324,2399,17.04009665185837,5.0,5.0
3264,1.1915555000305176,2399,18.802478288005283,5.0,5.0
3270,1.1931936740875244,2399,12.336306004760267,5.0,5.0
3280,1.1972956657409668,2399,8.093850369723214,5.0,5.0
3283,1.1986172199249268,2399,12.284465332750893,5.0,5.0
3284,1.1989212036132812,2399,16.0560187994758,5.0,5.0
3290,1.2004990577697754,2399,14.450416919528221,5.0,5.0
3300,1.2037696838378906,2399,8.53282668681222,5.0,5.0
3306,1.2073802947998047,2399,12.679544018130997,5.0,5.0
3309,1.2083213329315186,2399,14.243387589217496,5.0,5.0
3310,1.2085950374603271,2399,12.819048830295747,5.0,5.0
3315,1.210456371307373,2399,15.383429552539557,5.0,5.0
3320,1.2118752002716064,2399,9.083761316479084,5.0,5.0
3330,1.2160513401031494,2399,5.959855799741928,5.0,5.0
3340,1.2197091579437256,2399,5.0,5.0,5.0
3348,1.2228899002075195,2399,9.5,5.0,5.0
3350,1.2239015102386475,2399,9.5,5.0,5.0
3352,1.2249817848205566,2399,13.55,5.0,5.0
3358,1.2276155948638916,2399,14.87795,5.0,5.0
3360,1.2281973361968994,2399,12.0511395,5.0,5.0
3369,1.231492042541504,2399,13.785280695500001,5.0,5.0
3370,1.2317423820495605,2399,13.785280695500001,5.0,5.0
3373,1.2331233024597168,2399,16.166077363355,5.0,5.0
3374,1.2334229946136475,2399,19.5494696270195,5.0,5.0
3380,1.2363879680633545,2399,15.835070397885797,5.0,5.0
3383,1.2372610569000244,2399,17.826407022287498,5.0,5.0
3390,1.240551471710205,2399,12.995450719247586,5.0,5.0
3398,1.243621587753296,2399,13.526315216898343,5.0,5.0
3400,1.2441916465759277,2399,10.95631532568766,5.0,5.0
3410,1.248917818069458,2399,6.469594636665307,5.0,5.0
3416,1.2505722045898438,2399,9.5,5.0,5.0
3420,1.2521758079528809,2399,7.695000000000001,5.0,5.0
3421,1.2524971961975098,2399,11.925500000000001,5.0,5.0
3422,1.2528018951416016,2399,15.73295,5.0,5.0
3430,1.2568824291229248,2399,10.322388495,5.0,5.0
3440,1.2602605819702148,2399,7.525021212855,5.0,5.0
3448,1.2624762058258057,2399,9.937166417754167,5.0,5.0
3450,1.263504981994629,2399,9.937166417754167,5.0,5.0
3452,1.2645981311798096,2399,13.94344977597875,5.0,5.0
3460,1.2676725387573242,2399,9.148297398019658,5.0,5.0
3463,1.2694075107574463,2399,13.233467658217693,5.0,5.0
3470,1.2718026638031006,2399,9.647197922840698,5.0,5.0
3480,1.2759077548980713,2399,6.329526557175782,5.0,5.0
3490,1.2806801795959473,2399,5.0,5.0,5.0
3493,1.2820298671722412,2399,9.5,5.0,5.0
3496,1.2833139896392822,2399,12.695,5.0,5.0
3500,1.2846927642822266,2399,12.695,5.0,5.0
3507,1.2876520156860352,2399,13.329189500000002,5.0,5.0
3510,1.288520097732544,2399,9.716979145500002,5.0,5.0
3512,1.289039134979248,2399,12.870753107855002,5.0,5.0
3513,1.2893495559692383,2399,16.5836777970695,5.0,5.0
3520,1.2922930717468262,2399,10.8805510026573,5.0,5.0
3530,1.295947551727295,2399,7.931921680937172,5.0,5.0
3534,1.2970938682556152,2399,10.782370905403198,5.0,5.0
3538,1.2982361316680908,2399,13.733720433376591,5.0,5.0
3540,1.2987468242645264,2399,13.733720433376591,5.0,5.0
3546,1.300915241241455,2399,15.011882195931538,5.0,5.0
3548,1.30153489112854,2399,17.159624578704545,5.0,5.0
3550,1.3021256923675537,2399,13.899295908750682,5.0,5.0
3554,1.30372953414917,2399,16.258429686088054,5.0,5.0
3560,1.3061254024505615,2399,10.667155717042373,5.0,5.0
3562,1.3067467212677002,2399,13.640396130804323,5.0,5.0
3563,1.3070619106292725,2399,17.27635651772389,5.0,5.0
3567,1.3090262413024902,2399,20.548720865951502,5.0,5.0
3570,1.3103723526000977,2399,16.644463901420718,5.0,5.0
3577,1.3133618831634521,2399,14.82838948914992,5.0,5.0
3579,1.31386399269104,2399,17.010995486211435,5.0,5.0
3580,1.314159870147705,2399,15.309895937590293,5.0,5.0
3582,1.3147668838500977,2399,18.778906343831263,5.0,5.0
3585,1.3156909942626953,2399,18.68982272465299,5.0,5.0
3587,1.316298484802246,2399,20.138756406968923,5.0,5.0
3590,1.3176159858703613,2399,16.312392689644827,5.0,5.0
3595,1.3191583156585693,2399,14.632304759308376,5.0,5.0
3600,1.3205432891845703,2399,11.852166855039785,5.0,5.0
3606,1.3237125873565674,2399,13.640229637324005,5.0,5.0
3610,1.324859857559204,2399,14.9437274056092,5.0,5.0
3617,1.3267550468444824,2399,13.824121595738179,5.0,5.0
3620,1.3280508518218994,2399,12.441709436164361,5.0,5.0
3629,1.3315787315368652,2399,13.16300556106744,5.0,5.0
3630,1.3323485851287842,2399,13.16300556106744,5.0,5.0
3640,1.336082935333252,2399,13.636247948616349,5.0,5.0
3650,1.339878797531128,2399,6.52217512145456,5.0,5.0
3655,1.3420803546905518,2399,10.282961848378193,5.0,5.0
3660,1.3444180488586426,2399,9.254665663540374,5.0,5.0
3663,1.3458046913146973,2399,12.496279187467703,5.0,5.0
3669,1.3474810123443604,2399,12.378927897407806,5.0,5.0
3670,1.3481135368347168,2399,12.378927897407806,5.0,5.0
3680,1.3518133163452148,2399,11.141035107667026,5.0,5.0
3682,1.3528826236724854,2399,15.026931596900324,5.0,5.0
3690,1.3549904823303223,2399,9.859169820726304,5.0,5.0
3691,1.3553156852722168,2399,13.873252838653674,5.0,5.0
3693,1.3559134006500244,2399,16.237334799309476,5.0,5.0
3700,1.3589212894439697,2399,10.653315361826948,5.0,5.0
3710,1.363163948059082,2399,7.766266898771846,5.0,5.0
3718,1.368093729019165,2399,10.095447712284209,5.0,5.0
3720,1.3686444759368896,2399,10.095447712284209,5.0,5.0
3722,1.3692820072174072,2399,14.085902941055789,5.0,5.0
3730,1.3720722198486328,2399,9.241760919626703,5.0,5.0
3740,1.3772389888763428,2399,7.48582634489763,5.0,5.0
3746,1.37935209274292,2399,9.911450664887337,5.0,5.0
3750,1.3813776969909668,2399,8.028275038558743,5.0,5.0
3754,1.3824727535247803,2399,10.852612503109324,5.0,5.0
3759,1.3843779563903809,2399,12.911554514766697,5.0,5.0
3760,1.384669542312622,2399,11.620399063290028,5.0,5.0
3766,1.3867030143737793,2399,13.471270917138431,5.0,5.0
3767,1.3869991302490234,2399,17.12414382542459,5.0,5.0
3770,1.387784481048584,2399,15.41172944288213,5.0,5.0
3774,1.3889575004577637,2399,15.111635687474966,5.0,5.0
3780,1.3910939693450928,2399,9.914744174552325,5.0,5.0
3782,1.392164945602417,2399,13.923269757097094,5.0,5.0
3790,1.3951199054718018,2399,12.530942781387385,5.0,5.0
3793,1.3959717750549316,2399,14.135057287631405,5.0,5.0
3794,1.3962771892547607,2399,17.721551558868263,5.0,5.0
3800,1.3993759155273438,2399,12.919011086414963,5.0,5.0
3808,1.4038240909576416,2399,14.417959081996509,5.0,5.0
3810,1.4044060707092285,2399,11.678546856417173,5.0,5.0
3812,1.405369758605957,2399,15.510692170775455,5.0,5.0
3820,1.4078941345214844,2399,7.418715982136172,5.0,5.0
3821,1.4082043170928955,2399,11.676844383922555,5.0,5.0
3830,1.4114511013031006,2399,7.661177600291588,5.0,5.0
3834,1.4134926795959473,2399,11.89505984026243,5.0,5.0
3840,1.4156489372253418,2399,7.804348761196181,5.0,5.0
3850,1.4202115535736084,2399,5.689370246912016,5.0,5.0
3856,1.4234020709991455,2399,9.608389899998734,5.0,5.0
3860,1.4249658584594727,2399,7.782795818998975,5.0,5.0
3870,1.429053783416748,2399,5.106292336845228,5.0,5.0
3880,1.432924747467041,2399,5.0,5.0,5.0
3888,1.4359970092773438,2399,9.5,5.0,5.0
3890,1.4370574951171875,2399,8.55,5.0,5.0
3900,1.4428489208221436,2399,10.048689500000002,5.0,5.0
3910,1.4470858573913574,2399,5.933650662855002,5.0,5.0
3916,1.4500210285186768,2399,9.5,5.0,5.0
3920,1.450981855392456,2399,8.55,5.0,5.0
3930,1.4545879364013672,2399,5.0,5.0,5.0
3940,1.4593455791473389,2399,5.0,5.0,5.0
3950,1.4629158973693848,2399,5.0,5.0,5.0
3960,1.4682326316833496,2399,9.5,5.0,5.0
3970,1.4738152027130127,2399,7.695000000000001,5.0,5.0
3973,1.4756412506103516,2399,11.925500000000001,5.0,5.0
3974,1.4759511947631836,2399,15.73295,5.0,5.0
3980,1.478590965270996,2399,12.7436895,5.0,5.0
3990,1.4837887287139893,2399,6.7725190915695,5.0,5.0
4000,1.4880447387695312,2399,5.0,5.0,5.0
4001,1.4883747100830078,2399,9.5,5.0,5.0
4003,1.4889624118804932,2399,13.55,5.0,5.0
4009,1.492170810699463,2399,14.87795,5.0,5.0
4010,1.4924612045288086,2399,13.390155,5.0,5.0
4014,1.4946033954620361,2399,15.84602555,5.0,5.0
4015,1.4949193000793457,2399,19.261422995,5.0,5.0
4020,1.4981989860534668,2399,14.041577363355001,5.0,5.0
4027,1.5006566047668457,2399,15.236309897885796,5.0,5.0
4029,1.5012311935424805,2399,18.712678908097217,5.0,5.0
4030,1.5015244483947754,2399,16.841411017287495,5.0,5.0
4037,1.504030704498291,2399,13.950216312438284,5.0,5.0
4040,1.5048866271972656,2399,12.555194681194456,5.0,5.0
4050,1.5085515975952148,2399,9.152736922590758,5.0,5.0
4053,1.5094506740570068,2399,12.413716907298515,5.0,5.0
4060,1.5118420124053955,2399,9.049599625420617,5.0,5.0
4061,1.512176513671875,2399,13.144639662878555,5.0,5.0
4067,1.5138309001922607,2399,12.76177827453316,5.0,5.0
4070,1.5151786804199219,2399,10.33704040237186,5.0,5.0
4080,1.5197412967681885,2399,6.782132207996178,5.0,5.0
4081,1.520129919052124,2399,11.103918987196561,5.0,5.0
4090,1.5238127708435059,2399,12.285281247499666,5.0,5.0
4091,1.5241491794586182,2399,16.0567531227497,5.0,5.0
4093,1.5251877307891846,2399,19.45107781047473,5.0,5.0
4095,1.5257952213287354,2399,20.75537302648453,5.0,5.0
4100,1.5272376537322998,2399,13.6176002426765,5.0,5.0
4101,1.527578592300415,2399,17.25584021840885,5.0,5.0
4109,1.5304124355316162,2399,13.253414883360277,5.0,5.0
4110,1.530668020248413,2399,13.253414883360277,5.0,5.0
4120,1.5343952178955078,2399,12.826008954475412,5.0,5.0
4130,1.5386629104614258,2399,8.415144475031319,5.0,5.0
4136,1.5405161380767822,2399,10.521176290068048,5.0,5.0
4140,1.5421500205993652,2399,7.6699375154596074,5.0,5.0
4148,1.5447440147399902,2399,11.212649387522282,5.0,5.0
4149,1.5450754165649414,2399,15.091384448770054,5.0,5.0
4150,1.5453646183013916,2399,13.582246003893049,5.0,5.0
4160,1.5500996112823486,2399,9.901457336838034,5.0,5.0
4161,1.5504333972930908,2399,13.91131160315423,5.0,5.0
4170,1.5543279647827148,2399,10.141346158699434,5.0,5.0
4174,1.555816650390625,2399,13.214490388546542,5.0,5.0
4178,1.556990623474121,2399,14.63336349325043,5.0,5.0
4179,1.5573217868804932,2399,18.170027143925388,5.0,5.0
4180,1.5575947761535645,2399,16.35302442953285,5.0,5.0
4181,1.557910442352295,2399,19.71772198657957,5.0,5.0
4184,1.5593080520629883,2399,20.97135480912945,5.0,5.0
4187,1.560685157775879,2399,21.98679739539486,5.0,5.0
4189,1.561286449432373,2399,24.788117655855373,5.0,5.0
4190,1.5615627765655518,2399,22.309305890269837,5.0,5.0
4194,1.562744379043579,2399,21.263483994006712,5.0,5.0
4197,1.5636436939239502,2399,20.501079831630896,5.0,5.0
4200,1.5644962787628174,2399,16.60587466362103,5.0,5.0
4203,1.56550931930542,2399,18.450758477533036,5.0,5.0
4210,1.5679805278778076,2399,17.105542637109423,5.0,5.0
4213,1.5692412853240967,2399,20.394988373398483,5.0,5.0
4214,1.5695085525512695,2399,23.355489536058634,5.0,5.0
4220,1.5709774494171143,2399,15.32353668460807,5.0,5.0
4223,1.5717628002166748,2399,16.170858243079284,5.0,5.0
4227,1.5727670192718506,2399,16.788555659204796,5.0,5.0
4230,1.57350754737854,2399,13.598730083955886,5.0,5.0
4231,1.5737764835357666,2399,17.238857075560297,5.0,5.0
4240,1.5768768787384033,2399,15.179372714547602,5.0,5.0
4241,1.5771629810333252,2399,18.66143544309284,5.0,5.0
4250,1.5793616771697998,2399,8.033136049783288,5.0,5.0
4252,1.5803699493408203,2399,12.22982244480496,5.0,5.0
4256,1.581810474395752,2399,14.906156180292017,5.0,5.0
4260,1.5833215713500977,2399,10.866587855432881,5.0,5.0
4264,1.585294485092163,2399,14.779929069889594,5.0,5.0
4265,1.5855653285980225,2399,18.301936162900635,5.0,5.0
4270,1.5877978801727295,2399,13.342111462754563,5.0,5.0
4277,1.589961051940918,2399,13.75375933071327,5.0,5.0
4278,1.5902655124664307,2399,17.378383397641944,5.0,5.0
4280,1.591141939163208,2399,15.64054505787775,5.0,5.0
4290,1.5950608253479004,2399,10.261761612473592,5.0,5.0
4294,1.5960981845855713,2399,11.732741793943926,5.0,5.0
4299,1.5973896980285645,2399,11.928066701905951,5.0,5.0
4300,1.5976266860961914,2399,10.735260031715356,5.0,5.0
4305,1.5992674827575684,2399,14.66173402854382,5.0,5.0
4309,1.6011793613433838,2399,15.688404106808445,5.0,5.0
4310,1.6015067100524902,2399,14.119563696127601,5.0,5.0
4318,1.6044857501983643,2399,14.26384574102932,5.0,5.0
4320,1.6050195693969727,2399,11.55371505023375,5.0,5.0
4330,1.608464002609253,2399,11.822353200012529,5.0,5.0
4331,1.6087336540222168,2399,15.640117880011276,5.0,5.0
4335,1.6097562313079834,2399,16.40164593452822,5.0,5.0
4337,1.6103012561798096,2399,18.285333206967856,5.0,5.0
4340,1.611022710800171,2399,16.45679988627107,5.0,5.0
4348,1.6135327816009521,2399,13.745818188359786,5.0,5.0
4350,1.6144754886627197,2399,13.745818188359786,5.0,5.0
4360,1.6177804470062256,2399,9.018631313382857,5.0,5.0
4361,1.6180739402770996,2399,13.116768182044572,5.0,5.0
4369,1.621089220046997,2399,12.745320443815501,5.0,5.0
4370,1.6213562488555908,2399,11.470788399433951,5.0,5.0
4379,1.6249570846557617,2399,12.525984268868616,5.0,5.0
4380,1.6252717971801758,2399,16.273385841981757,5.0,5.0
4390,1.6283578872680664,2399,8.648344445248627,5.0,5.0
4392,1.6293468475341797,2399,12.783510000723766,5.0,5.0
4400,1.6317901611328125,2399,6.793681338294639,5.0,5.0
4410,1.635509967803955,2399,5.502881884018658,5.0,5.0
4420,1.640211582183838,2399,5.0,5.0,5.0
4422,1.6412174701690674,2399,9.5,5.0,5.0
4430,1.645409107208252,2399,7.695000000000001,5.0,5.0
4431,1.6456940174102783,2399,11.925500000000001,5.0,5.0
4435,1.6474058628082275,2399,14.659655,5.0,5.0
4440,1.648775577545166,2399,9.618199645500003,5.0,5.0
4444,1.6498208045959473,2399,12.011667541569503,5.0,5.0
4450,1.651717185974121,2399,8.756505637804167,5.0,5.0
4456,1.6536784172058105,2399,10.745143348963316,5.0,5.0
4460,1.6561741828918457,2399,10.745143348963316,5.0,5.0
4462,1.6567199230194092,2399,14.670629014066984,5.0,5.0
4470,1.659287452697754,2399,10.69488855125483,5.0,5.0
4480,1.6626992225646973,2399,5.683702266567419,5.0,5.0
4484,1.6636228561401367,2399,9.603798835919608,5.0,5.0
4488,1.665158987045288,2399,12.001169351385396,5.0,5.0
4490,1.667081356048584,2399,9.720947174622172,5.0,5.0
4500,1.6712925434112549,2399,7.0865704902995645,5.0,5.0
4510,1.676889181137085,2399,6.377913441269608,5.0,5.0
4520,1.6799402236938477,2399,5.0,5.0,5.0
4529,1.6831161975860596,2399,9.5,5.0,5.0
4530,1.6833617687225342,2399,8.55,5.0,5.0
4540,1.6861207485198975,2399,5.0,5.0,5.0
4543,1.6868717670440674,2399,9.5,5.0,5.0
4545,1.6874070167541504,2399,12.695,5.0,5.0
4547,1.6883809566497803,2399,16.4255,5.0,5.0
4550,1.6892063617706299,2399,11.974189500000001,5.0,5.0
4551,1.6895010471343994,2399,15.776770550000002,5.0,5.0
4554,1.6906864643096924,2399,19.199093495,5.0,5.0
4555,1.6909759044647217,2399,22.2791841455,5.0,5.0
4559,1.6925880908966064,2399,23.046139157855002,5.0,5.0
4560,1.6928553581237793,2399,25.741525242069503,5.0,5.0
4568,1.6959433555603027,2399,20.200113240189623,5.0,5.0
4570,1.6964805126190186,2399,16.362091724553594,5.0,5.0
4571,1.696763038635254,2399,19.725882552098234,5.0,5.0
4572,1.6970343589782715,2399,22.753294296888413,5.0,5.0
4576,1.6980290412902832,2399,21.587151542431652,5.0,5.0
4580,1.6993978023529053,2399,15.737033474432677,5.0,5.0
4581,1.6997110843658447,2399,19.163330126989408,5.0,5.0
4583,1.7002594470977783,2399,20.522297402861422,5.0,5.0
4584,1.700542688369751,2399,23.470067662575282,5.0,5.0
4590,1.7020361423492432,2399,20.39871139341564,5.0,5.0
4596,1.7039463520050049,2399,21.52295622866667,5.0,5.0
4600,1.7054455280303955,2399,15.690235090698,5.0,5.0
4603,1.7060964107513428,2399,19.121211581628202,5.0,5.0
4604,1.7063679695129395,2399,22.209090423465383,5.0,5.0
4610,1.7082176208496094,2399,19.57138422683564,5.0,5.0
4620,1.7126710414886475,2399,12.840785191226864,5.0,5.0
4627,1.7147822380065918,2399,13.424839163963947,5.0,5.0
4630,1.7158381938934326,2399,10.874119722810796,5.0,5.0
4640,1.719667911529541,2399,6.421058955122547,5.0,5.0
4650,1.7235627174377441,2399,5.778953059610292,5.0,5.0
4653,1.7243387699127197,2399,9.680951978284337,5.0,5.0
4658,1.726222038269043,2399,12.057413992169284,5.0,5.0
4660,1.727168083190918,2399,12.057413992169284,5.0,5.0
4661,1.7274754047393799,2399,15.851672592952356,5.0,5.0
4670,1.7296922206878662,2399,7.581805861024075,5.0,5.0
4680,1.7335121631622314,2399,5.0,5.0,5.0
4690,1.737313985824585,2399,5.0,5.0,5.0
4700,1.7413716316223145,2399,5.0,5.0,5.0
4710,1.7444519996643066,2399,5.0,5.0,5.0
4720,1.748734712600708,2399,5.0,5.0,5.0
4728,1.75168776512146,2399,9.5,5.0,5.0
4730,1.7523353099822998,2399,7.695000000000001,5.0,5.0
4740,1.7552666664123535,2399,9.543820550000003,5.0,5.0
4750,1.7588896751403809,2399,5.635530596569502,5.0,5.0
4753,1.7597103118896484,2399,9.564779783221297,5.0,5.0
4754,1.759988784790039,2399,13.608301804899169,5.0,5.0
4756,1.7605390548706055,2399,16.022724461968327,5.0,5.0
4760,1.7615389823913574,2399,11.680566132774912,5.0,5.0
4763,1.7624309062957764,2399,13.515132710792912,5.0,5.0
4765,1.7629804611206055,2399,15.947257495742258,5.0,5.0
4770,1.7647171020507812,2399,12.91727857155123,5.0,5.0
4780,1.7695696353912354,2399,9.416696078660847,5.0,5.0
4790,1.7738533020019531,2399,6.178294297209383,5.0,5.0
4792,1.7748560905456543,2399,10.560464867488445,5.0,5.0
4800,1.7782278060913086,2399,6.92872099955917,5.0,5.0
4804,1.7797536849975586,2399,10.612264009642928,5.0,5.0
4806,1.78029465675354,2399,13.595933847810771,5.0,5.0
4810,1.7817533016204834,2399,11.012706416726726,5.0,5.0
4819,1.785407543182373,2399,13.028262977793785,5.0,5.0
4820,1.7856688499450684,2399,11.725436680014408,5.0,5.0
4824,1.786726474761963,2399,14.49760371081167,5.0,5.0
4828,1.7886700630187988,2399,18.047843339730505,5.0,5.0
4830,1.7896568775177002,2399,16.243059005757456,5.0,5.0
4833,1.7904729843139648,2399,16.841190015197185,5.0,5.0
4838,1.7918577194213867,2399,16.049504768970873,5.0,5.0
4840,1.792842149734497,2399,16.049504768970873,5.0,5.0
4850,1.796252727508545,2399,8.52936486392665,5.0,5.0
4860,1.8011746406555176,2399,5.596116287222276,5.0,5.0
4863,1.8019931316375732,2399,9.532854192650044,5.0,5.0
4870,1.8039169311523438,2399,5.629055072217925,5.0,5.0
4877,1.8071296215057373,2399,9.5,5.0,5.0
4880,1.8084313869476318,2399,8.55,5.0,5.0
4888,1.8108460903167725,2399,10.609655000000002,5.0,5.0
4889,1.8111388683319092,2399,14.548689500000002,5.0,5.0
4890,1.8114216327667236,2399,18.093820550000004,5.0,5.0
4897,1.8141186237335205,2399,18.190395180950006,5.0,5.0
4900,1.8148829936981201,2399,13.260798086912555,5.0,5.0
4908,1.816946029663086,2399,12.047331796106898,5.0,5.0
4910,1.8174986839294434,2399,14.758338754846587,5.0,5.0
4914,1.8185205459594727,2399,15.758828952283162,5.0,5.0
4920,1.8205609321594238,2399,11.488186306214427,5.0,5.0
4925,1.8222475051879883,2399,13.374887817230318,5.0,5.0
4928,1.8235056400299072,2399,15.833659131956558,5.0,5.0
4929,1.8237805366516113,2399,19.250293218760902,5.0,5.0
4930,1.8240480422973633,2399,17.325263896884813,5.0,5.0
4940,1.8279736042022705,2399,10.230395078471515,5.0,5.0
4950,1.8333148956298828,2399,7.457958012205735,5.0,5.0
4960,1.839353322982788,2399,6.712162210985161,5.0,5.0
4970,1.8447215557098389,2399,5.0,5.0,5.0
4980,1.8483378887176514,2399,5.0,5.0,5.0
4990,1.8527283668518066,2399,9.5,5.0,5.0
4994,1.8542921543121338,2399,11.925500000000001,5.0,5.0
5000,1.8576557636260986,2399,9.659655,5.0,5.0
5009,1.8606207370758057,2399,10.133536712855001,5.0,5.0
5010,1.8608510494232178,2399,10.133536712855001,5.0,5.0
5020,1.8642330169677734,2399,7.387348263671296,5.0,5.0
5027,1.8663740158081055,2399,10.385376884216374,5.0,5.0
5030,1.8676624298095703,2399,8.412155276215262,5.0,5.0
5035,1.8689606189727783,2399,11.813845773734363,5.0,5.0
5037,1.870048999786377,2399,15.632461196360927,5.0,5.0
5040,1.8712522983551025,2399,14.069215076724834,5.0,5.0
5048,1.8732686042785645,2399,12.476957729589724,5.0,5.0
5050,1.874281644821167,2399,16.22926195663075,5.0,5.0
5060,1.8778295516967773,2399,9.583216892770892,5.0,5.0
5064,1.8794059753417969,2399,12.762405683144422,5.0,5.0
5067,1.8805711269378662,2399,16.48616511482998,5.0,5.0
5070,1.8813707828521729,2399,12.018414368711056,5.0,5.0
5077,1.883666753768921,2399,12.096753500580194,5.0,5.0
5080,1.884462833404541,2399,8.818533301922962,5.0,5.0
5090,1.8887577056884766,2399,5.785839699391656,5.0,5.0
5096,1.8907718658447266,2399,10.207255729452491,5.0,5.0
5100,1.8925344944000244,2399,8.267877140856518,5.0,5.0
5110,1.8975117206573486,2399,6.027282435684402,5.0,5.0
5120,1.9003942012786865,2399,5.0,5.0,5.0
5127,1.9031155109405518,2399,9.5,5.0,5.0
5130,1.9038074016571045,2399,6.925500000000001,5.0,5.0
5140,1.9073395729064941,2399,9.5,5.0,5.0
5150,1.910656213760376,2399,6.2329500000000015,5.0,5.0
5160,1.9146835803985596,2399,5.0,5.0,5.0
5169,1.9182960987091064,2399,9.5,5.0,5.0
5170,1.918555736541748,2399,8.55,5.0,5.0
5180,1.9223062992095947,2399,6.2329500000000015,5.0,5.0
5187,1.9250013828277588,2399,9.543820550000003,5.0,5.0
5190,1.9261157512664795,2399,9.543820550000003,5.0,5.0
5200,1.9293591976165771,2399,5.635530596569502,5.0,5.0
5210,1.931861162185669,2399,5.0,5.0,5.0
5220,1.9362869262695312,2399,5.0,5.0,5.0
5224,1.9374110698699951,2399,9.5,5.0,5.0
5227,1.9386992454528809,2399,13.55,5.0,5.0
5229,1.9397423267364502,2399,17.195,5.0,5.0
5230,1.9400465488433838,2399,15.4755,5.0,5.0
5231,1.9403469562530518,2399,18.927950000000003,5.0,5.0
5233,1.9409258365631104,2399,20.3316395,5.0,5.0
5238,1.942277193069458,2399,18.339588675950004,5.0,5.0
5240,1.9427855014801025,2399,14.855066827519503,5.0,5.0
5246,1.9447286128997803,2399,14.746409345535547,5.0,5.0
5250,1.9461603164672852,2399,10.750132412895415,5.0,5.0
5255,1.947380781173706,2399,12.836846529000757,5.0,5.0
5260,1.9492874145507812,2399,8.422255007677398,5.0,5.0
5270,1.9523053169250488,2399,5.0,5.0,5.0
5272,1.9533109664916992,2399,9.5,5.0,5.0
5275,1.9546167850494385,2399,13.55,5.0,5.0
5280,1.9559001922607422,2399,8.890155,5.0,5.0
5287,1.9580707550048828,2399,12.20102555,5.0,5.0
5288,1.9583520889282227,2399,15.980922995,5.0,5.0
5290,1.958918571472168,2399,12.944547625950001,5.0,5.0
5292,1.9599254131317139,2399,16.650092863355,5.0,5.0
5293,1.9602148532867432,2399,19.985083577019502,5.0,5.0
5300,1.962247371673584,2399,13.112213334882496,5.0,5.0
5308,1.9646756649017334,2399,12.742630852114766,5.0,5.0
5309,1.9649741649627686,2399,16.46836776690329,5.0,5.0
5310,1.965203046798706,2399,16.46836776690329,5.0,5.0
5320,1.9684278964996338,2399,8.751965834410854,5.0,5.0
5322,1.9689679145812988,2399,12.876769250969769,5.0,5.0
5330,1.9727122783660889,2399,10.430183093285514,5.0,5.0
5335,1.9755468368530273,2399,13.448448305561268,5.0,5.0
5340,1.9777402877807617,2399,9.803918814754164,5.0,5.0
5343,1.9784364700317383,2399,13.823526933278748,5.0,5.0
5350,1.9807207584381104,2399,7.346388976948592,5.0,5.0
5351,1.9810688495635986,2399,11.611750079253733,5.0,5.0
5360,1.9834296703338623,2399,5.553864066481817,5.0,5.0
5368,1.9862768650054932,2399,9.5,5.0,5.0
5370,1.9868032932281494,2399,7.695000000000001,5.0,5.0
5374,1.9883019924163818,2399,11.232950000000002,5.0,5.0
5376,1.9888396263122559,2399,14.098689500000003,5.0,5.0
5377,1.9891250133514404,2399,17.688820550000003,5.0,5.0
5380,1.990363597869873,2399,14.327944645500002,5.0,5.0
5381,1.9906651973724365,2399,17.895150180950004,5.0,5.0
5383,1.9916555881500244,2399,21.105635162855005,5.0,5.0
5390,1.9944322109222412,2399,13.847407230349171,5.0,5.0
5396,1.9964914321899414,2399,14.085283883832094,5.0,5.0
5397,1.9967787265777588,2399,17.676755495448887,5.0,5.0
5400,1.9975333213806152,2399,14.3181719513136,5.0,5.0
5402,1.9980897903442383,2399,16.597719280564014,5.0,5.0
5408,1.9998555183410645,2399,13.820708532182222,5.0,5.0
5410,2.0013298988342285,2399,12.438637678964,5.0,5.0
5415,2.004992723464966,2399,15.07529651996084,5.0,5.0
5420,2.0080394744873047,2399,14.890902046746309,5.0,5.0
5430,2.014111042022705,2399,8.792928749583231,5.0,5.0
5440,2.0197372436523438,2399,5.192136497341402,5.0,5.0
5446,2.022915840148926,2399,9.5,5.0,5.0
5450,2.024442672729492,2399,7.695000000000001,5.0,5.0
5460,2.02778959274292,2399,5.609655000000002,5.0,5.0
5470,2.032305955886841,2399,5.0,5.0,5.0
5473,2.0344979763031006,2399,9.5,5.0,5.0
5480,2.037874937057495,2399,11.232950000000002,5.0,5.0
5481,2.0383355617523193,2399,15.109655000000002,5.0,5.0
5483,2.039980888366699,2399,18.598689500000003,5.0,5.0
5487,2.0424962043762207,2399,20.064938495000003,5.0,5.0
5489,2.043416976928711,2399,21.252600180950004,5.0,5.0
5490,2.043839454650879,2399,19.127340162855006,5.0,5.0
5499,2.0499155521392822,2399,18.9438309787213,5.0,5.0
5500,2.050184726715088,2399,18.9438309787213,5.0,5.0
5501,2.0504775047302246,2399,22.049447880849172,5.0,5.0
5503,2.0510449409484863,2399,22.86005278348783,5.0,5.0
5510,2.0545289516448975,2399,13.498632568121732,5.0,5.0
5520,2.0613081455230713,2399,12.14876931130956,5.0,5.0
5524,2.0625038146972656,2399,13.85645282794467,5.0,5.0
5527,2.0638656616210938,2399,16.223726790635183,5.0,5.0
5528,2.064272403717041,2399,19.601354111571666,5.0,5.0
5530,2.06516170501709,2399,15.877096830373052,5.0,5.0
5532,2.065739631652832,2399,17.860448432602173,5.0,5.0
5535,2.066742420196533,2399,18.020266907366985,5.0,5.0
5536,2.0670697689056396,2399,21.218240216630285,5.0,5.0
5540,2.068697929382324,2399,15.468097117923481,5.0,5.0
5550,2.075509548187256,2399,10.148618519069595,5.0,5.0
5551,2.0758163928985596,2399,14.133756667162636,5.0,5.0
5560,2.0803003311157227,2399,9.273157749325406,5.0,5.0
5563,2.0824456214904785,2399,13.345841974392867,5.0,5.0
5567,2.083831787109375,2399,14.7291187993324,5.0,5.0
5570,2.085193157196045,2399,14.7291187993324,5.0,5.0
5580,2.0891354084014893,2399,10.737527604713321,5.0,5.0
5581,2.0894384384155273,2399,14.66377484424199,5.0,5.0
5585,2.090376377105713,2399,16.877657623836015,5.0,5.0
5590,2.0922088623046875,2399,12.303812407776457,5.0,5.0
5600,2.095797538757324,2399,6.538750369801128,5.0,5.0
5605,2.098104476928711,2399,10.296387799538913,5.0,5.0
5610,2.100374698638916,2399,7.5060667058638675,5.0,5.0
5619,2.103221893310547,2399,9.5,5.0,5.0
5620,2.1034493446350098,2399,9.5,5.0,5.0
5630,2.106894016265869,2399,5.609655000000002,5.0,5.0
5636,2.1088969707489014,2399,9.543820550000003,5.0,5.0
5640,2.1104564666748047,2399,6.957445180950002,5.0,5.0
5650,2.113877058029175,2399,5.0,5.0,5.0
5660,2.117389678955078,2399,9.5,5.0,5.0
5670,2.1218326091766357,2399,11.232950000000002,5.0,5.0
5678,2.1244213581085205,2399,13.188820550000003,5.0,5.0
5680,2.1249687671661377,2399,16.869938495000003,5.0,5.0
5685,2.127197742462158,2399,17.298185162855003,5.0,5.0
5686,2.127485513687134,2399,20.5683666465695,5.0,5.0
5690,2.1294798851013184,2399,18.511529981912553,5.0,5.0
5691,2.129770278930664,2399,21.6603769837213,5.0,5.0
5698,2.132591724395752,2399,17.790236005117592,5.0,5.0
5700,2.133118152618408,2399,21.011212404605832,5.0,5.0
5701,2.1334171295166016,2399,23.91009116414525,5.0,5.0
5703,2.133969306945801,2399,24.367173842957655,5.0,5.0
5706,2.1347641944885254,2399,22.76366973151613,5.0,5.0
5708,2.1352901458740234,2399,25.487302758364518,5.0,5.0
5710,2.136263132095337,2399,22.938572482528066,5.0,5.0
5720,2.141493082046509,2399,15.049997405786666,5.0,5.0
5730,2.144923686981201,2399,7.998185671328674,5.0,5.0
5740,2.1485602855682373,2399,5.247609618958744,5.0,5.0
5746,2.150151491165161,2399,9.5,5.0,5.0
5750,2.1520583629608154,2399,8.55,5.0,5.0
5760,2.15628719329834,2399,6.925500000000001,5.0,5.0
5761,2.156583070755005,2399,11.232950000000002,5.0,5.0
5762,2.1568713188171387,2399,15.109655000000002,5.0,5.0
5770,2.159242630004883,2399,9.913444645500002,5.0,5.0
5771,2.159531593322754,2399,13.922100180950002,5.0,5.0
5780,2.1636455059051514,2399,9.134289928721296,5.0,5.0
5790,2.16811203956604,2399,5.0,5.0,5.0
5794,2.170623540878296,2399,9.5,5.0,5.0
5795,2.1709234714508057,2399,13.55,5.0,5.0
5800,2.173229455947876,2399,9.87795,5.0,5.0
5810,2.1775310039520264,2399,6.480922995000001,5.0,5.0
5820,2.182490110397339,2399,5.0,5.0,5.0
5830,2.186856985092163,2399,5.0,5.0,5.0
5833,2.188143491744995,2399,9.5,5.0,5.0
5838,2.189828634262085,2399,12.695,5.0,5.0
5840,2.1903278827667236,2399,11.425500000000001,5.0,5.0
5848,2.193157911300659,2399,15.282950000000001,5.0,5.0
5850,2.19364857673645,2399,15.282950000000001,5.0,5.0
5860,2.197249174118042,2399,8.121986230950002,5.0,5.0
5870,2.201251983642578,2399,6.578808847069502,5.0,5.0
5880,2.206177234649658,2399,5.328835166126297,5.0,5.0
5888,2.209289312362671,2399,9.5,5.0,5.0
5890,2.210270881652832,2399,8.55,5.0,5.0
5900,2.214186906814575,2399,6.925500000000001,5.0,5.0
5903,2.216118097305298,2399,10.609655000000002,5.0,5.0
5904,2.216495990753174,2399,14.548689500000002,5.0,5.0
5905,2.216804027557373,2399,18.093820550000004,5.0,5.0
5910,2.2186594009399414,2399,18.190395180950006,5.0,5.0
5920,2.222381114959717,2399,10.74124645039917,5.0,5.0
5921,2.2227048873901367,2399,14.667121805359255,5.0,5.0
5924,2.22353458404541,2399,15.692331796106897,5.0,5.0
5929,2.2253763675689697,2399,15.295738891425737,5.0,5.0
5930,2.226114511489868,2399,15.295738891425737,5.0,5.0
5940,2.22957444190979,2399,13.128782772198186,5.0,5.0
5950,2.2325024604797363,2399,12.752414939155308,5.0,5.0
5955,2.234353542327881,2399,14.29651049064422,5.0,5.0
5960,2.23598313331604,2399,12.866859441579798,5.0,5.0
5970,2.23941707611084,2399,6.837976648492612,5.0,5.0
5980,2.243428945541382,2399,5.0,5.0,5.0
5990,2.2481160163879395,2399,5.0,5.0,5.0
5999,2.252484083175659,2399,9.5,5.0,5.0
6000,2.2527365684509277,2399,8.55,5.0,5.0
6003,2.2540574073791504,2399,11.925500000000001,5.0,5.0
6010,2.2567696571350098,2399,8.693689500000001,5.0,5.0
6013,2.2576065063476562,2399,12.041888495000002,5.0,5.0
6015,2.2581534385681152,2399,15.837699645500003,5.0,5.0
6017,2.2591731548309326,2399,19.25392968095,5.0,5.0
6019,2.2597177028656006,2399,22.328536712855,5.0,5.0
6020,2.2599759101867676,2399,20.0956830415695,5.0,5.0
6022,2.2604761123657227,2399,21.277503263671296,5.0,5.0
6026,2.262525796890259,2399,22.23477764357375,5.0,5.0
6027,2.2628307342529297,2399,25.011299879216377,5.0,5.0
6030,2.2635576725006104,2399,20.259152902165265,5.0,5.0
6032,2.2640433311462402,2399,21.409913850753863,5.0,5.0
6033,2.264333486557007,2399,24.26892246567848,5.0,5.0
6034,2.2646329402923584,2399,26.842030219110633,5.0,5.0
6040,2.2670629024505615,2399,17.611056026758487,5.0,5.0
6050,2.271036386489868,2399,10.399152473240623,5.0,5.0
6051,2.2713751792907715,2399,14.35923722591656,5.0,5.0
6053,2.271967887878418,2399,16.630982152992413,5.0,5.0
6060,2.2746365070343018,2399,9.82042865152049,5.0,5.0
6061,2.2749223709106445,2399,13.838385786368441,5.0,5.0
6063,2.2759249210357666,2399,17.454547207731597,5.0,5.0
6065,2.2764720916748047,2399,20.70909248695844,5.0,5.0
6070,2.278733968734741,2399,16.774364914436337,5.0,5.0
6078,2.2821044921875,2399,16.005660820361683,5.0,5.0
6080,2.2830970287323,2399,14.405094738325515,5.0,5.0
6082,2.284125804901123,2399,17.964585264492964,5.0,5.0
6090,2.287602424621582,2399,18.09618265781537,5.0,5.0
6093,2.288895606994629,2399,19.65790795283045,5.0,5.0
6100,2.2920548915863037,2399,14.3306148976134,5.0,5.0
6102,2.2930753231048584,2399,17.897553407852058,5.0,5.0
6106,2.294637680053711,2399,18.047316434324152,5.0,5.0
6107,2.2949166297912598,2399,21.242584790891737,5.0,5.0
6110,2.2961277961730957,2399,22.206493680622305,5.0,5.0
6112,2.2966861724853516,2399,22.98725988130407,5.0,5.0
6120,2.299307346343994,2399,17.216372378580118,5.0,5.0
6123,2.3005876541137695,2399,18.945261626649895,5.0,5.0
6124,2.300886392593384,2399,22.050735463984907,5.0,5.0
6130,2.3034911155700684,2399,14.467487537920498,5.0,5.0
6135,2.3053090572357178,2399,15.546798415144044,5.0,5.0
6136,2.305605173110962,2399,18.99211857362964,5.0,5.0
6140,2.307173728942871,2399,13.845254440176008,5.0,5.0
6147,2.30954909324646,2399,14.083871438199479,5.0,5.0
6150,2.310715675354004,2399,11.407935864941578,5.0,5.0
6154,2.3123199939727783,2399,13.316385245542412,5.0,5.0
6160,2.3144021034240723,2399,7.86319232364034,5.0,5.0
6161,2.3147244453430176,2399,12.076873091276306,5.0,5.0
6163,2.3156676292419434,2399,15.869185782148676,5.0,5.0
6164,2.3159451484680176,2399,19.28226720393381,5.0,5.0
6170,2.318042755126953,2399,19.056772791667747,5.0,5.0
6172,2.319042205810547,2399,22.151095512500973,5.0,5.0
6178,2.3206627368927,2399,19.53333376575189,5.0,5.0
6179,2.3209614753723145,2399,22.580000389176703,5.0,5.0
6180,2.3212029933929443,2399,22.580000389176703,5.0,5.0
6183,2.3220839500427246,2399,21.460820283709822,5.0,5.0
6184,2.322376012802124,2399,24.314738255338842,5.0,5.0
6190,2.323807954788208,2399,22.725444188142014,5.0,5.0
6192,2.324408769607544,2399,23.407609792395032,5.0,5.0
6200,2.327500343322754,2399,13.821959506311345,5.0,5.0
6207,2.3297529220581055,2399,14.068587632090873,5.0,5.0
6209,2.3303680419921875,2399,16.39555598199361,5.0,5.0
6210,2.3306283950805664,2399,14.75600038379425,5.0,5.0
6216,2.332728862762451,2399,13.713270666626666,5.0,5.0
6220,2.3346877098083496,2399,11.107749239967601,5.0,5.0
6230,2.3386642932891846,2399,7.287794276342744,5.0,5.0
6231,2.3389623165130615,2399,11.55901484870847,5.0,5.0
6232,2.33929443359375,2399,15.403113363837623,5.0,5.0
6240,2.3427505493164062,2399,12.476521824708474,5.0,5.0
6242,2.3437864780426025,2399,16.228869642237626,5.0,5.0
6250,2.3458292484283447,2399,14.582985235044898,5.0,5.0
6260,2.3502728939056396,2399,9.567896612712959,5.0,5.0
6268,2.352935552597046,2399,10.649747270840876,5.0,5.0
6270,2.353837013244629,2399,10.649747270840876,5.0,5.0
6277,2.3570313453674316,2399,12.763665760443,5.0,5.0
6280,2.3582870960235596,2399,11.487299184398701,5.0,5.0
6283,2.3596174716949463,2399,14.304712339362949,5.0,5.0
6285,2.3601632118225098,2399,17.874241105426655,5.0,5.0
6290,2.361943244934082,2399,14.47813529539559,5.0,5.0
6292,2.362522840499878,2399,16.727289589270427,5.0,5.0
6300,2.364954710006714,2399,9.877297229568297,5.0,5.0
6305,2.3673348426818848,2399,13.000610755950321,5.0,5.0
6310,2.3691461086273193,2399,14.477445241087784,5.0,5.0
6313,2.36995005607605,2399,16.726730645281105,5.0,5.0
6320,2.371852159500122,2399,8.000343414772953,5.0,5.0
6323,2.3725523948669434,2399,12.200309073295657,5.0,5.0
6330,2.3747904300689697,2399,8.004622782989282,5.0,5.0
6340,2.378680944442749,2399,5.835370008799186,5.0,5.0
6342,2.3792977333068848,2399,9.726649707127342,5.0,5.0
6350,2.382767677307129,2399,6.38165487284625,5.0,5.0
6351,2.383176565170288,2399,10.743489385561624,5.0,5.0
6360,2.385648488998413,2399,6.343923047280284,5.0,5.0
6361,2.3859565258026123,2399,10.709530742552255,5.0,5.0
6364,2.386827230453491,2399,13.674719901467327,5.0,5.0
6370,2.3901689052581787,2399,12.307247911320594,5.0,5.0
6380,2.394031047821045,2399,7.2673068191556975,5.0,5.0
6390,2.3978474140167236,2399,9.768080004048054,5.0,5.0
6397,2.402249574661255,2399,12.912144803278924,5.0,5.0
6400,2.4031567573547363,2399,15.45883729065593,5.0,5.0
6403,2.4044768810272217,2399,18.912953561590335,5.0,5.0
6409,2.4074010848999023,2399,20.31949238488817,5.0,5.0
6410,2.4076735973358154,2399,18.287543146399354,5.0,5.0
6419,2.4110429286956787,2399,16.99845705835262,5.0,5.0
6420,2.4113333225250244,2399,20.29861135251736,5.0,5.0
6430,2.415085792541504,2399,11.986127017547977,5.0,5.0
6440,2.4188029766082764,2399,5.1596346559495005,5.0,5.0
6445,2.421095609664917,2399,9.5,5.0,5.0
6450,2.4223594665527344,2399,7.695000000000001,5.0,5.0
6460,2.4266397953033447,2399,5.609655000000002,5.0,5.0
6470,2.4309439659118652,2399,5.0,5.0,5.0
6480,2.43586802482605,2399,9.5,5.0,5.0
6490,2.4399712085723877,2399,6.925500000000001,5.0,5.0
6500,2.444854974746704,2399,5.048689500000002,5.0,5.0
6506,2.447108268737793,2399,9.5,5.0,5.0
6510,2.4491336345672607,2399,8.55,5.0,5.0
6517,2.4512457847595215,2399,11.925500000000001,5.0,5.0
6520,2.452563762664795,2399,14.659655,5.0,5.0
6530,2.4574341773986816,2399,9.618199645500003,5.0,5.0
6540,2.461498975753784,2399,5.111505637804168,5.0,5.0
6550,2.4666099548339844,2399,5.0,5.0,5.0
6551,2.467104196548462,2399,9.5,5.0,5.0
6556,2.4714105129241943,2399,13.55,5.0,5.0
6560,2.4729037284851074,2399,9.87795,5.0,5.0
6568,2.4752049446105957,2399,11.480922995,5.0,5.0
6570,2.4762065410614014,2399,15.3328306955,5.0,5.0
6575,2.47765851020813,2399,15.05987021931755,5.0,5.0
6580,2.4789159297943115,2399,15.978645389882494,5.0,5.0
6590,2.4847826957702637,2399,10.483589240301905,5.0,5.0
6600,2.4898133277893066,2399,6.878282900562081,5.0,5.0
6601,2.490187168121338,2399,11.190454610505874,5.0,5.0
6610,2.493363618850708,2399,7.342057269952905,5.0,5.0
6620,2.4976186752319336,2399,5.0,5.0,5.0
6630,2.501573085784912,2399,5.0,5.0,5.0
6638,2.5051140785217285,2399,9.5,5.0,5.0
6640,2.5061745643615723,2399,13.55,5.0,5.0
6644,2.5077526569366455,2399,15.9755,5.0,5.0
6646,2.508341073989868,2399,17.940155,5.0,5.0
6649,2.5096640586853027,2399,19.53152555,5.0,5.0
6650,2.5099265575408936,2399,17.578372995000002,5.0,5.0
6655,2.5112884044647217,2399,15.37985346981755,5.0,5.0
6660,2.5129716396331787,2399,11.211913179496996,5.0,5.0
6664,2.514483690261841,2399,14.081649675392567,5.0,5.0
6665,2.514780044555664,2399,17.673484707853312,5.0,5.0
6666,2.5150816440582275,2399,20.906136237067983,5.0,5.0
6670,2.517483711242676,2399,18.815522613361185,5.0,5.0
6673,2.518341064453125,2399,18.716515985140305,5.0,5.0
6674,2.518639326095581,2399,21.844864386626274,5.0,5.0
6677,2.5199646949768066,2399,22.694340153167282,5.0,5.0
6680,2.5211875438690186,2399,18.3824155240655,5.0,5.0
6687,2.5236687660217285,2399,14.769169288524893,5.0,5.0
6690,2.5253570079803467,2399,13.292252359672403,5.0,5.0
6700,2.529874086380005,2399,8.721046773181065,5.0,5.0
6710,2.5334978103637695,2399,6.357643097648997,5.0,5.0
6717,2.5358197689056396,2399,9.5,5.0,5.0
6720,2.5370662212371826,2399,9.5,5.0,5.0
6724,2.538153648376465,2399,11.232950000000002,5.0,5.0
6730,2.540548324584961,2399,9.098689500000003,5.0,5.0
6736,2.5419960021972656,2399,10.969650180950001,5.0,5.0
6737,2.5423262119293213,2399,14.872685162855001,5.0,5.0
6739,2.5429036617279053,2399,17.046874981912552,5.0,5.0
6740,2.5431604385375977,2399,17.046874981912552,5.0,5.0
6746,2.5452053546905518,2399,17.42717186181425,5.0,5.0
6750,2.5467958450317383,2399,12.70440828726259,5.0,5.0
6753,2.5476441383361816,2399,15.2905707126827,5.0,5.0
6760,2.5505857467651367,2399,9.028929100132009,5.0,5.0
6761,2.5508909225463867,2399,13.126036190118809,5.0,5.0
6762,2.551206111907959,2399,16.81343257110693,5.0,5.0
6764,2.5517733097076416,2399,20.13208931399624,5.0,5.0
6770,2.5542876720428467,2399,13.208663798912934,5.0,5.0
6771,2.554593086242676,2399,16.88779741902164,5.0,5.0
6772,2.554884195327759,2399,20.19901767711948,5.0,5.0
6774,2.555480480194092,2399,21.36120431846678,5.0,5.0
6775,2.5557727813720703,2399,24.2250838866201,5.0,5.0
6780,2.557988166809082,2399,19.622317948162284,5.0,5.0
6782,2.55859637260437,2399,20.89407753801145,5.0,5.0
6790,2.5646486282348633,2399,18.804669784210308,5.0,5.0
6791,2.5651051998138428,2399,21.924202805789278,5.0,5.0
6800,2.568732261657715,2399,10.486278236980317,5.0,5.0
6810,2.5719046592712402,2399,5.572838192539056,5.0,5.0
6820,2.5764729976654053,2399,5.0,5.0,5.0
6830,2.58056640625,2399,5.0,5.0,5.0
6840,2.584663152694702,2399,5.0,5.0,5.0
6850,2.5882232189178467,2399,5.0,5.0,5.0
6860,2.592040538787842,2399,5.0,5.0,5.0
6870,2.596081256866455,2399,5.0,5.0,5.0
6880,2.599672317504883,2399,5.0,5.0,5.0
6884,2.6012868881225586,2399,9.5,5.0,5.0
6890,2.6033804416656494,2399,8.55,5.0,5.0
6897,2.6071043014526367,2399,12.695,5.0,5.0
6898,2.607424020767212,2399,16.4255,5.0,5.0
6900,2.6079485416412354,2399,14.78295,5.0,5.0
6910,2.611375331878662,2399,9.699093495000001,5.0,5.0
6916,2.6135194301605225,2399,10.727217717862551,5.0,5.0
6920,2.6144535541534424,2399,9.654495946076297,5.0,5.0
6930,2.6183760166168213,2399,5.700883311198593,5.0,5.0
6933,2.619713306427002,2399,10.130794980078734,5.0,5.0
6940,2.6224234104156494,2399,8.205943933863775,5.0,5.0
6950,2.62493634223938,2399,5.383919815008023,5.0,5.0
6953,2.6256885528564453,2399,9.5,5.0,5.0
6954,2.625988006591797,2399,13.55,5.0,5.0
6960,2.6279661655426025,2399,9.87795,5.0,5.0
6970,2.6316328048706055,2399,6.480922995000001,5.0,5.0
6980,2.6356961727142334,2399,5.832830695500001,5.0,5.0
6990,2.641252040863037,2399,5.0,5.0,5.0
7000,2.6453280448913574,2399,5.0,5.0,5.0
7010,2.650585412979126,2399,5.0,5.0,5.0
7020,2.6536710262298584,2399,5.0,5.0,5.0
7030,2.657181739807129,2399,5.0,5.0,5.0
7031,2.65753173828125,2399,9.5,5.0,5.0
7038,2.6600444316864014,2399,11.232950000000002,5.0,5.0
7040,2.6605374813079834,2399,11.232950000000002,5.0,5.0
7043,2.661860704421997,2399,14.098689500000003,5.0,5.0
7050,2.663618803024292,2399,8.325135162855002,5.0,5.0
7052,2.6641976833343506,2399,11.743359481912552,5.0,5.0
7060,2.667196750640869,2399,7.704818156082827,5.0,5.0
7070,2.6707711219787598,2399,5.055131192205943,5.0,5.0
7074,2.6723811626434326,2399,9.5,5.0,5.0
7080,2.67497181892395,2399,6.925500000000001,5.0,5.0
7090,2.6779563426971436,2399,5.0,5.0,5.0
7100,2.6831376552581787,2399,5.0,5.0,5.0
7110,2.68692946434021,2399,5.0,5.0,5.0
7115,2.6896793842315674,2399,9.5,5.0,5.0
7120,2.6914913654327393,2399,8.55,5.0,5.0
7127,2.6934103965759277,2399,10.609655000000002,5.0,5.0
7130,2.6941964626312256,2399,9.548689500000002,5.0,5.0
7136,2.696352958679199,2399,11.960994645500001,5.0,5.0
7140,2.6978845596313477,2399,9.688405662855,5.0,5.0
7144,2.699458360671997,2399,13.7195650965695,5.0,5.0
7150,2.7011168003082275,2399,10.001562955399166,5.0,5.0
7160,2.705275058746338,2399,11.562025455037393,5.0,5.0
7170,2.709834098815918,2399,12.585844901050034,5.0,5.0
7180,2.7133407592773438,2399,8.257572839578927,5.0,5.0
7189,2.7177135944366455,2399,11.019770600053038,5.0,5.0
7190,2.7184481620788574,2399,11.019770600053038,5.0,5.0
7191,2.718768358230591,2399,14.917793540047734,5.0,5.0
7200,2.7215633392333984,2399,8.808807907462787,5.0,5.0
7203,2.723369836807251,2399,12.927927116716509,5.0,5.0
7210,2.726321220397949,2399,8.482012981277702,5.0,5.0
7213,2.7271409034729004,2399,12.633811683149933,5.0,5.0
7220,2.7295103073120117,2399,8.289043845314673,5.0,5.0
7225,2.731436014175415,2399,11.042712963234397,5.0,5.0
7230,2.7337639331817627,2399,8.944597500219862,5.0,5.0
7240,2.737210750579834,2399,5.2816953779048275,5.0,5.0
7248,2.7398011684417725,2399,9.5,5.0,5.0
7250,2.7403340339660645,2399,8.55,5.0,5.0
7253,2.7416234016418457,2399,12.695,5.0,5.0
7260,2.7434864044189453,2399,9.254655000000001,5.0,5.0
7270,2.746567964553833,2399,6.071979145500001,5.0,5.0
7280,2.7498135566711426,2399,5.0,5.0,5.0
7290,2.753793478012085,2399,5.0,5.0,5.0
7298,2.7568352222442627,2399,9.5,5.0,5.0
7300,2.7573463916778564,2399,9.5,5.0,5.0
7310,2.7614963054656982,2399,6.2329500000000015,5.0,5.0
7320,2.764047861099243,2399,5.0,5.0,5.0
7330,2.767461061477661,2399,5.0,5.0,5.0
7340,2.7718703746795654,2399,9.5,5.0,5.0
7344,2.7735226154327393,2399,11.925500000000001,5.0,5.0
7350,2.776493549346924,2399,8.693689500000001,5.0,5.0
7358,2.7783303260803223,2399,12.041888495000002,5.0,5.0
7360,2.779278039932251,2399,10.837699645500003,5.0,5.0
7362,2.7798879146575928,2399,13.778536712855002,5.0,5.0
7370,2.7829666137695312,2399,7.322479329216378,5.0,5.0
7371,2.783308506011963,2399,11.59023139629474,5.0,5.0
7373,2.783886194229126,2399,14.38808743099874,5.0,5.0
7380,2.787163496017456,2399,11.65435081910898,5.0,5.0
7382,2.7877817153930664,2399,14.440024163478274,5.0,5.0
7390,2.7907192707061768,2399,9.474099853658096,5.0,5.0
7393,2.791959762573242,2399,12.674020881463058,5.0,5.0
7396,2.7928431034088135,2399,14.23936122258657,5.0,5.0
7400,2.7948555946350098,2399,11.533882590295123,5.0,5.0
7406,2.7974655628204346,2399,13.408200408325145,5.0,5.0
7407,2.797767162322998,2399,17.067380367492632,5.0,5.0
7410,2.7995197772979736,2399,15.360642330743369,5.0,5.0
7419,2.80271577835083,2399,16.19790825911192,5.0,5.0
7420,2.8029913902282715,2399,14.578117433200728,5.0,5.0
7430,2.8074772357940674,2399,10.627447608803331,5.0,5.0
7433,2.8087971210479736,2399,13.608232563130699,5.0,5.0
7440,2.8114423751831055,2399,11.022668376135865,5.0,5.0
7449,2.815295696258545,2399,13.928361384670051,5.0,5.0
7450,2.816038131713867,2399,13.928361384670051,5.0,5.0
7451,2.8163647651672363,2399,17.535525246203047,5.0,5.0
7457,2.819424867630005,2399,20.781972721582743,5.0,5.0
7460,2.820554733276367,2399,16.833397904482023,5.0,5.0
7463,2.8213844299316406,2399,20.150058114033822,5.0,5.0
7470,2.8238043785095215,2399,11.898407815755833,5.0,5.0
7480,2.827065944671631,2399,6.323301748013097,5.0,5.0
7490,2.831026792526245,2399,5.0,5.0,5.0
7500,2.835095167160034,2399,5.0,5.0,5.0
7510,2.8385226726531982,2399,5.0,5.0,5.0
7520,2.841932535171509,2399,5.0,5.0,5.0
7527,2.8447265625,2399,9.5,5.0,5.0
7530,2.8458738327026367,2399,9.5,5.0,5.0
7531,2.8461902141571045,2399,13.55,5.0,5.0
7535,2.8476762771606445,2399,15.9755,5.0,5.0
7540,2.8501195907592773,2399,11.6461395,5.0,5.0
7550,2.8537349700927734,2399,6.189236022019502,5.0,5.0
7553,2.855109691619873,2399,10.013281177835797,5.0,5.0
7560,2.8576393127441406,2399,12.299681978642298,5.0,5.0
7561,2.857940435409546,2399,16.069713780778066,5.0,5.0
7567,2.859959363937378,2399,18.016468162430236,5.0,5.0
7569,2.860445499420166,2399,21.214821346187215,5.0,5.0
7570,2.8607122898101807,2399,19.093339211568495,5.0,5.0
7574,2.8623297214508057,2399,18.919044285233433,5.0,5.0
7580,2.8638808727264404,2399,11.171506459987489,5.0,5.0
7590,2.8678112030029297,2399,8.14402820933088,5.0,5.0
7600,2.8727455139160156,2399,5.343296908141991,5.0,5.0
7607,2.8754923343658447,2399,9.5,5.0,5.0
7610,2.8775579929351807,2399,9.5,5.0,5.0
7620,2.881552219390869,2399,5.609655000000002,5.0,5.0
7627,2.883471727371216,2399,9.5,5.0,5.0
7630,2.885215997695923,2399,8.55,5.0,5.0
7640,2.88839054107666,2399,10.609655000000002,5.0,5.0
7650,2.892656087875366,2399,11.264895180950003,5.0,5.0
7660,2.8973214626312256,2399,12.390897728221297,5.0,5.0
7670,2.9010510444641113,2399,6.585031079583655,5.0,5.0
7673,2.9018852710723877,2399,10.333875174462761,5.0,5.0
7674,2.9022202491760254,2399,14.300487657016486,5.0,5.0
7676,2.9033291339874268,2399,17.870438891314837,5.0,5.0
7680,2.9044742584228516,2399,13.027549951768519,5.0,5.0
7685,2.9073023796081543,2399,16.724794956591666,5.0,5.0
7690,2.9092204570770264,2399,17.192375523355324,5.0,5.0
7694,2.9103782176971436,2399,17.53324175652603,5.0,5.0
7695,2.9106802940368652,2399,20.77991758087343,5.0,5.0
7700,2.912034511566162,2399,15.148559916456732,5.0,5.0
7710,2.9153285026550293,2399,6.520958322754963,5.0,5.0
7720,2.9194650650024414,2399,5.0,5.0,5.0
7725,2.921797513961792,2399,9.5,5.0,5.0
7730,2.9240639209747314,2399,6.925500000000001,5.0,5.0
7740,2.9278721809387207,2399,5.048689500000002,5.0,5.0
7744,2.9295127391815186,2399,9.5,5.0,5.0
7750,2.9309167861938477,2399,5.609655000000002,5.0,5.0
7760,2.9352200031280518,2399,5.0,5.0,5.0
7761,2.935530662536621,2399,9.5,5.0,5.0
7770,2.9390487670898438,2399,7.695000000000001,5.0,5.0
7780,2.9431517124176025,2399,5.0,5.0,5.0
7787,2.9470012187957764,2399,9.5,5.0,5.0
7790,2.948944330215454,2399,8.55,5.0,5.0
7800,2.9528706073760986,2399,6.2329500000000015,5.0,5.0
7809,2.9569005966186523,2399,9.5,5.0,5.0
7810,2.957641839981079,2399,9.5,5.0,5.0
7815,2.9596009254455566,2399,11.925500000000001,5.0,5.0
7820,2.9615063667297363,2399,12.824320550000001,5.0,5.0
7830,2.9651947021484375,2399,6.815369737412553,5.0,5.0
7831,2.9655282497406006,2399,11.133832763671297,5.0,5.0
7840,2.969193458557129,2399,8.116564084716376,5.0,5.0
7850,2.9722800254821777,2399,9.792749926384175,5.0,5.0
7855,2.975092649459839,2399,13.813474933745757,5.0,5.0
7860,2.9773781299591064,2399,12.432127440371183,5.0,5.0
7866,2.9790947437286377,2399,12.341046932264781,5.0,5.0
7867,2.9794702529907227,2399,16.106942239038304,5.0,5.0
7870,2.9806716442108154,2399,14.496248015134475,5.0,5.0
7873,2.9815545082092285,2399,15.567764803033032,5.0,5.0
7874,2.9818737506866455,2399,19.01098832272973,5.0,5.0
7876,2.982868194580078,2399,22.10988949045676,5.0,5.0
7880,2.984907627105713,2399,17.909010487269978,5.0,5.0
7890,2.989315986633301,2399,13.055668645219814,5.0,5.0
7900,2.9932916164398193,2399,7.709241778315848,5.0,5.0
7904,2.9953818321228027,2399,11.938317600484263,5.0,5.0
7910,2.9984965324401855,2399,8.703033530753029,5.0,5.0
7914,3.000114679336548,2399,12.832730177677725,5.0,5.0
7920,3.002695083618164,2399,10.394511443918958,5.0,5.0
7925,3.0041487216949463,2399,12.577598842616922,5.0,5.0
7930,3.006019353866577,2399,10.187855062519708,5.0,5.0
7934,3.0079739093780518,2399,14.169069556267736,5.0,5.0
7940,3.0111355781555176,2399,10.32925170651918,5.0,5.0
7948,3.01483416557312,2399,11.777022044647234,5.0,5.0
7950,3.015363931655884,2399,11.777022044647234,5.0,5.0
7960,3.0201399326324463,2399,13.585449070547835,5.0,5.0
7970,3.023391008377075,2399,6.4978781755509125,5.0,5.0
7980,3.027554988861084,2399,5.0,5.0,5.0
7990,3.0323216915130615,2399,5.0,5.0,5.0
8000,3.03637433052063,2399,5.0,5.0,5.0
8010,3.039612293243408,2399,5.0,5.0,5.0
8011,3.0399420261383057,2399,9.5,5.0,5.0
8020,3.0433011054992676,2399,6.2329500000000015,5.0,5.0
8023,3.044645071029663,2399,10.609655000000002,5.0,5.0
8030,3.0469608306884766,2399,7.734438495000002,5.0,5.0
8033,3.0483479499816895,2399,11.264895180950003,5.0,5.0
8036,3.0497303009033203,2399,14.124565096569503,5.0,5.0
8040,3.0508575439453125,2399,10.296807955399169,5.0,5.0
8050,3.0550012588500977,2399,10.47214591662529,5.0,5.0
8060,3.059572219848633,2399,8.482438192466486,5.0,5.0
8070,3.0638437271118164,2399,10.565327698077262,5.0,5.0
8074,3.0659098625183105,2399,14.508794928269536,5.0,5.0
8080,3.0674660205841064,2399,10.576911502708493,5.0,5.0
8082,3.068087100982666,2399,13.56729831719388,5.0,5.0
8090,3.0708703994750977,2399,13.011353983319815,5.0,5.0
8096,3.0731449127197266,2399,12.68307441361052,5.0,5.0
8097,3.0734620094299316,2399,16.414766972249467,5.0,5.0
8098,3.073765993118286,2399,19.77329027502452,5.0,5.0
8100,3.074373960494995,2399,16.016365122769862,5.0,5.0
8101,3.0746970176696777,2399,19.414728610492876,5.0,5.0
8110,3.0771021842956543,2399,13.357404057866047,5.0,5.0
8118,3.0797863006591797,2399,14.73754755818435,5.0,5.0
8120,3.08038592338562,2399,11.937413522129324,5.0,5.0
8123,3.081287145614624,2399,13.702374457632278,5.0,5.0
8127,3.0823171138763428,2399,16.098923310682146,5.0,5.0
8130,3.0836212635040283,2399,14.489030979613931,5.0,5.0
8140,3.088374614715576,2399,7.700065112837007,5.0,5.0
8150,3.0931026935577393,2399,5.613347467258179,5.0,5.0
8160,3.0977139472961426,2399,5.0,5.0,5.0
8170,3.101792573928833,2399,5.0,5.0,5.0
8171,3.1021366119384766,2399,9.5,5.0,5.0
8176,3.1039042472839355,2399,12.695,5.0,5.0
8177,3.104231834411621,2399,16.4255,5.0,5.0
8180,3.1050264835357666,2399,13.304655,5.0,5.0
8190,3.109295606613159,2399,7.070639157855002,5.0,5.0
8200,3.1145434379577637,2399,10.154495946076297,5.0,5.0
8210,3.119302988052368,2399,5.996128311198593,5.0,5.0
8220,3.123835563659668,2399,5.0,5.0,5.0
8227,3.126835584640503,2399,9.5,5.0,5.0
8230,3.1282379627227783,2399,8.55,5.0,5.0
8240,3.132070779800415,2399,5.609655000000002,5.0,5.0
8246,3.1347875595092773,2399,9.5,5.0,5.0
8250,3.1363332271575928,2399,6.925500000000001,5.0,5.0
8260,3.1409034729003906,2399,5.0,5.0,5.0
8270,3.1461048126220703,2399,5.0,5.0,5.0
8280,3.1512956619262695,2399,9.5,5.0,5.0
8287,3.15358829498291,2399,11.925500000000001,5.0,5.0
8290,3.154473304748535,2399,9.659655,5.0,5.0
8297,3.1562719345092773,2399,12.041888495000002,5.0,5.0
8300,3.157113790512085,2399,9.753929680950003,5.0,5.0
8308,3.1604998111724854,2399,11.399553263671297,5.0,5.0
8310,3.161541700363159,2399,11.399553263671297,5.0,5.0
8320,3.1657297611236572,2399,7.479246896294739,5.0,5.0
8326,3.168004035949707,2399,9.907133888658977,5.0,5.0
8330,3.1699745655059814,2399,9.907133888658977,5.0,5.0
8340,3.173297882080078,2399,6.500070544349157,5.0,5.0
8342,3.1738853454589844,2399,10.850063489914241,5.0,5.0
8345,3.1748790740966797,2399,12.909696284147483,5.0,5.0
8347,3.1755149364471436,2399,15.45685399015946,5.0,5.0
8350,3.17635440826416,2399,12.520051732029163,5.0,5.0
8352,3.176950454711914,2399,15.141241902943623,5.0,5.0
8360,3.180267333984375,2399,14.934168812521312,5.0,5.0
8361,3.1805946826934814,2399,18.440751931269183,5.0,5.0
8370,3.183964967727661,2399,13.443308157895235,5.0,5.0
8371,3.1843068599700928,2399,17.098977342105712,5.0,5.0
8380,3.1887192726135254,2399,11.218639034155558,5.0,5.0
8390,3.192922353744507,2399,6.624494163278517,5.0,5.0
8395,3.1949048042297363,2399,9.829256245030038,5.0,5.0
8400,3.1971516609191895,2399,8.846330620527034,5.0,5.0
8404,3.199312686920166,2399,12.165527802626897,5.0,5.0
8410,3.2014780044555664,2399,8.868669768115009,5.0,5.0
8411,3.201817274093628,2399,12.981802791303508,5.0,5.0
8420,3.205740213394165,2399,9.463734234860258,5.0,5.0
8430,3.210326671600342,2399,8.517360811374232,5.0,5.0
8439,3.2137413024902344,2399,10.588240428342633,5.0,5.0
8440,3.2145044803619385,2399,10.588240428342633,5.0,5.0
8450,3.21762752532959,2399,6.252250090532042,5.0,5.0
8460,3.22074556350708,2399,5.064322573330955,5.0,5.0
8470,3.225416660308838,2399,5.0,5.0,5.0
8480,3.229912519454956,2399,5.0,5.0,5.0
8490,3.233522653579712,2399,5.0,5.0,5.0
8500,3.240987539291382,2399,5.0,5.0,5.0
8510,3.2468366622924805,2399,5.0,5.0,5.0
8514,3.248999834060669,2399,9.5,5.0,5.0
8517,3.250389814376831,2399,12.695,5.0,5.0
8520,3.2517788410186768,2399,11.425500000000001,5.0,5.0
8527,3.2537307739257812,2399,11.071979145500002,5.0,5.0
8530,3.2545721530914307,2399,8.968303107855002,5.0,5.0
8538,3.256880521774292,2399,10.884103669063668,5.0,5.0
8539,3.2571969032287598,2399,14.795693302157302,5.0,5.0
8540,3.257948875427246,2399,14.795693302157302,5.0,5.0
8550,3.2617108821868896,2399,9.707454375545407,5.0,5.0
8560,3.264979124069214,2399,5.732154734215808,5.0,5.0
8567,3.2677676677703857,2399,9.5,5.0,5.0
8570,3.268589973449707,2399,11.925500000000001,5.0,5.0
8580,3.273555278778076,2399,7.824320550000001,5.0,5.0
8590,3.2772772312164307,2399,5.133536712855001,5.0,5.0
8600,3.2814676761627197,2399,5.0,5.0,5.0
8603,3.2828526496887207,2399,9.5,5.0,5.0
8610,3.286332368850708,2399,6.2329500000000015,5.0,5.0
8620,3.2900733947753906,2399,5.0,5.0,5.0
8630,3.294154644012451,2399,5.0,5.0,5.0
8640,3.3000001907348633,2399,5.0,5.0,5.0
8642,3.3006579875946045,2399,9.5,5.0,5.0
8650,3.3053324222564697,2399,6.925500000000001,5.0,5.0
8660,3.309083938598633,2399,9.5,5.0,5.0
8670,3.3147428035736084,2399,6.2329500000000015,5.0,5.0
8671,3.315112590789795,2399,10.609655000000002,5.0,5.0
8678,3.317467212677002,2399,13.593820550000002,5.0,5.0
8680,3.318028211593628,2399,12.234438495000003,5.0,5.0
8690,3.322598934173584,2399,9.909895180950002,5.0,5.0
8700,3.326366662979126,2399,5.851694005399167,5.0,5.0
8703,3.327155113220215,2399,10.26652460485925,5.0,5.0
8710,3.330456256866455,2399,10.26652460485925,5.0,5.0
8720,3.3365120887756348,2399,7.484296436942393,5.0,5.0
8730,3.341921329498291,2399,5.456052102531005,5.0,5.0
8737,3.3442955017089844,2399,9.5,5.0,5.0
8740,3.345524787902832,2399,8.55,5.0,5.0
8746,3.348144054412842,2399,11.232950000000002,5.0,5.0
8750,3.3502695560455322,2399,9.098689500000003,5.0,5.0
8760,3.354621171951294,2399,6.632944645500002,5.0,5.0
8770,3.359424352645874,2399,5.0,5.0,5.0
8780,3.3655335903167725,2399,5.0,5.0,5.0
8790,3.37125563621521,2399,5.0,5.0,5.0
8791,3.371591567993164,2399,9.5,5.0,5.0
8800,3.3760387897491455,2399,6.925500000000001,5.0,5.0
8810,3.3804547786712646,2399,5.048689500000002,5.0,5.0
8820,3.3849446773529053,2399,5.0,5.0,5.0
8825,3.3874006271362305,2399,9.5,5.0,5.0
8826,3.3877322673797607,2399,13.55,5.0,5.0
8830,3.389406204223633,2399,10.9755,5.0,5.0
8840,3.3930599689483643,2399,7.201025550000001,5.0,5.0
8850,3.3976998329162598,2399,9.724592863355001,5.0,5.0
8857,3.4001824855804443,2399,12.089228197385797,5.0,5.0
8860,3.400975227355957,2399,12.089228197385797,5.0,5.0
8870,3.404604196548462,2399,7.13856835827434,5.0,5.0
8877,3.4065542221069336,2399,9.5,5.0,5.0
8880,3.407792806625366,2399,7.695000000000001,5.0,5.0
8884,3.409461498260498,2399,10.609655000000002,5.0,5.0
8890,3.4115848541259766,2399,6.960994645500001,5.0,5.0
8896,3.4132683277130127,2399,10.638405662855002,5.0,5.0
8900,3.414187431335449,2399,8.617108586912552,5.0,5.0
8910,3.4183740615844727,2399,5.088316449485994,5.0,5.0
8911,3.4187114238739014,2399,9.579484804537394,5.0,5.0
8916,3.4206976890563965,2399,11.98344442250776,5.0,5.0
8919,3.4216206073760986,2399,14.706589982231288,5.0,5.0
8920,3.4223873615264893,2399,14.706589982231288,5.0,5.0
8921,3.4227051734924316,2399,18.235930984008156,5.0,5.0
8922,3.4230504035949707,2399,21.412337885607343,5.0,5.0
8925,3.4244534969329834,2399,22.34399368734195,5.0,5.0
8930,3.4264140129089355,2399,14.659894258265053,5.0,5.0
8940,3.432415008544922,2399,8.656520960562933,5.0,5.0
8950,3.4369397163391113,2399,5.111589062002807,5.0,5.0
8960,3.4412200450897217,2399,5.0,5.0,5.0
8970,3.4453234672546387,2399,5.0,5.0,5.0
8980,3.4511029720306396,2399,5.0,5.0,5.0
8983,3.4517972469329834,2399,9.5,5.0,5.0
8989,3.454294204711914,2399,11.232950000000002,5.0,5.0
8990,3.45499587059021,2399,11.232950000000002,5.0,5.0
8991,3.455267906188965,2399,15.109655000000002,5.0,5.0
9000,3.459644317626953,2399,14.913444645500002,5.0,5.0
9006,3.461602210998535,2399,14.78471103191255,5.0,5.0
9010,3.4626619815826416,2399,10.77805434226425,5.0,5.0
9017,3.4654150009155273,2399,12.071481453959574,5.0,5.0
9020,3.4661710262298584,2399,8.80010997993653,5.0,5.0
9030,3.4699788093566895,2399,5.773752157836358,5.0,5.0
9040,3.4732067584991455,2399,5.0,5.0,5.0
9046,3.4752020835876465,2399,9.5,5.0,5.0
9050,3.4766385555267334,2399,7.695000000000001,5.0,5.0
9052,3.4776206016540527,2399,11.925500000000001,5.0,5.0
9060,3.481065511703491,2399,7.041888495000001,5.0,5.0
9070,3.4837377071380615,2399,5.0,5.0,5.0
9080,3.48930287361145,2399,5.0,5.0,5.0
9090,3.4934287071228027,2399,5.0,5.0,5.0
9100,3.496591567993164,2399,5.0,5.0,5.0
9102,3.4971117973327637,2399,9.5,5.0,5.0
9110,3.4989099502563477,2399,6.925500000000001,5.0,5.0
9120,3.502748489379883,2399,5.0,5.0,5.0
9130,3.506505012512207,2399,5.0,5.0,5.0
9140,3.5112125873565674,2399,5.0,5.0,5.0
9141,3.511523723602295,2399,9.5,5.0,5.0
9144,3.5126540660858154,2399,13.55,5.0,5.0
9150,3.514004707336426,2399,9.87795,5.0,5.0
9160,3.519160032272339,2399,6.480922995000001,5.0,5.0
9170,3.522732734680176,2399,5.0,5.0,5.0
9180,3.525761604309082,2399,5.0,5.0,5.0
9190,3.5294792652130127,2399,5.0,5.0,5.0
9200,3.532874345779419,2399,5.0,5.0,5.0
9210,3.536947250366211,2399,5.0,5.0,5.0
9215,3.5391085147857666,2399,9.5,5.0,5.0
9216,3.5394084453582764,2399,13.55,5.0,5.0
9218,3.539931535720825,2399,15.9755,5.0,5.0
9220,3.5404515266418457,2399,12.940155,5.0,5.0
9221,3.540740966796875,2399,16.6461395,5.0,5.0
9230,3.543698787689209,2399,9.829378913355002,5.0,5.0
9234,3.5450243949890137,2399,12.961796919817553,5.0,5.0
9240,3.5464062690734863,2399,10.499055505052217,5.0,5.0
9248,3.5488524436950684,2399,11.199587285178286,5.0,5.0
9250,3.5497829914093018,2399,11.199587285178286,5.0,5.0
9260,3.5544724464416504,2399,8.16449913089497,5.0,5.0
9262,3.554898500442505,2399,12.348049217805475,5.0,5.0
9270,3.557316303253174,2399,8.101555091802174,5.0,5.0
9275,3.5586297512054443,2399,10.906033661923786,5.0,5.0
9280,3.5608038902282715,2399,9.815430295731408,5.0,5.0
9284,3.5622150897979736,2399,12.95049853954244,5.0,5.0
9290,3.5637269020080566,2399,8.496822091793796,5.0,5.0
9296,3.566138982772827,2399,11.194183304917678,5.0,5.0
9300,3.5679500102996826,2399,10.07476497442591,5.0,5.0
9310,3.57244873046875,2399,6.610053299720841,5.0,5.0
9320,3.576601982116699,2399,5.0,5.0,5.0
9330,3.5817630290985107,2399,5.0,5.0,5.0
9340,3.586120367050171,2399,5.0,5.0,5.0
9346,3.5885462760925293,2399,9.5,5.0,5.0
9350,3.589338779449463,2399,7.695000000000001,5.0,5.0
9360,3.592714786529541,2399,10.048689500000002,5.0,5.0
9369,3.5968148708343506,2399,12.325494645500001,5.0,5.0
9370,3.5970914363861084,2399,16.092945180950004,5.0,5.0
9374,3.598111629486084,2399,16.731757036912555,5.0,5.0
9380,3.6000514030456543,2399,10.977705791918329,5.0,5.0
9390,3.6035168170928955,2399,6.482225493069855,5.0,5.0
9396,3.6058716773986816,2399,9.725542384447923,5.0,5.0
9400,3.607842445373535,2399,7.877689331402818,5.0,5.0
9410,3.6111502647399902,2399,5.0,5.0,5.0
9413,3.611894130706787,2399,9.5,5.0,5.0
9420,3.615147590637207,2399,11.232950000000002,5.0,5.0
9422,3.616147994995117,2399,15.109655000000002,5.0,5.0
9427,3.6179299354553223,2399,14.913444645500002,5.0,5.0
9430,3.619723081588745,2399,14.913444645500002,5.0,5.0
9440,3.623255968093872,2399,7.133054342264249,5.0,5.0
9450,3.62819766998291,2399,5.1999966155106385,5.0,5.0
9460,3.6310958862304688,2399,5.0,5.0,5.0
9470,3.635514736175537,2399,5.0,5.0,5.0
9472,3.6365232467651367,2399,9.5,5.0,5.0
9477,3.6387431621551514,2399,12.695,5.0,5.0
9480,3.639892101287842,2399,11.425500000000001,5.0,5.0
9485,3.6416690349578857,2399,13.329189500000002,5.0,5.0
9490,3.643190622329712,2399,10.796643495000001,5.0,5.0
9494,3.644699811935425,2399,12.870753107855002,5.0,5.0
9496,3.645219564437866,2399,16.5836777970695,5.0,5.0
9500,3.646211624145508,2399,13.432779015626297,5.0,5.0
9507,3.6483309268951416,2399,12.931921680937172,5.0,5.0
9510,3.6495330333709717,2399,12.931921680937172,5.0,5.0
9520,3.653921604156494,2399,9.427370905403201,5.0,5.0
9530,3.65816068649292,2399,7.636170433376594,5.0,5.0
9540,3.661418914794922,2399,5.010091421338384,5.0,5.0
9546,3.663907289505005,2399,9.5,5.0,5.0
9550,3.6659719944000244,2399,7.695000000000001,5.0,5.0
9560,3.669334888458252,2399,5.609655000000002,5.0,5.0
9570,3.672701835632324,2399,5.0,5.0,5.0
9577,3.6745009422302246,2399,9.5,5.0,5.0
9580,3.675252914428711,2399,7.695000000000001,5.0,5.0
9590,3.6791129112243652,2399,5.048689500000002,5.0,5.0
9600,3.6838150024414062,2399,5.0,5.0,5.0
9610,3.6867661476135254,2399,5.0,5.0,5.0
9620,3.691117763519287,2399,5.0,5.0,5.0
9630,3.6945910453796387,2399,9.5,5.0,5.0
9632,3.6951262950897217,2399,13.55,5.0,5.0
9640,3.697706699371338,2399,13.890155,5.0,5.0
9650,3.701526165008545,2399,8.201997625950002,5.0,5.0
9660,3.7063405513763428,2399,5.381330642385796,5.0,5.0
9670,3.7098445892333984,2399,5.0,5.0,5.0
9671,3.7101492881774902,2399,9.5,5.0,5.0
9680,3.714324712753296,2399,7.695000000000001,5.0,5.0
9683,3.7155325412750244,2399,11.232950000000002,5.0,5.0
9687,3.7166025638580322,2399,12.369938495000003,5.0,5.0
9690,3.7172882556915283,2399,10.019650180950004,5.0,5.0
9700,3.7207417488098145,2399,10.916503235349168,5.0,5.0
9708,3.7241785526275635,2399,12.958130858569547,5.0,5.0
9710,3.7247023582458496,2399,10.496085995441334,5.0,5.0
9712,3.7252233028411865,2399,14.446477395897201,5.0,5.0
9720,3.727928638458252,2399,10.53148202160906,5.0,5.0
9730,3.73107647895813,2399,11.218734818939936,5.0,5.0
9733,3.7322630882263184,2399,14.087175203341348,5.0,5.0
9735,3.7327959537506104,2399,16.410611914706493,5.0,5.0
9740,3.7340734004974365,2399,18.29259565091226,5.0,5.0
9750,3.737513303756714,2399,13.33530222951504,5.0,5.0
9760,3.741431951522827,2399,8.749291792784819,5.0,5.0
9762,3.7419981956481934,2399,12.086926352155704,5.0,5.0
9770,3.7449374198913574,2399,7.930232379649359,5.0,5.0
9773,3.7457242012023926,2399,11.423488227515982,5.0,5.0
9780,3.7485806941986084,2399,11.745455563465914,5.0,5.0
9790,3.752847909927368,2399,8.562437105766653,5.0,5.0
9795,3.75464129447937,2399,11.93557405567099,5.0,5.0
9800,3.756359100341797,2399,8.701033486584153,5.0,5.0
9810,3.7593791484832764,2399,5.137873263493077,5.0,5.0
9820,3.763658285140991,2399,5.0,5.0,5.0
9830,3.766659736633301,2399,5.0,5.0,5.0
9840,3.770103931427002,2399,5.0,5.0,5.0
9845,3.7718372344970703,2399,9.5,5.0,5.0
9850,3.77376651763916,2399,6.2329500000000015,5.0,5.0
9860,3.7791314125061035,2399,10.048689500000002,5.0,5.0
9867,3.78239107131958,2399,11.592945180950002,5.0,5.0
9870,3.7831826210021973,2399,8.451257036912551,5.0,5.0
9871,3.7834763526916504,2399,12.606131333221295,5.0,5.0
9874,3.7842304706573486,2399,16.345518199899168,5.0,5.0
9880,3.786221981048584,2399,11.915882767726494,5.0,5.0
9886,3.789102792739868,2399,14.65186504185846,5.0,5.0
9890,3.789961338043213,2399,13.186678537672615,5.0,5.0
9894,3.791416883468628,2399,15.681209615514819,5.0,5.0
9900,3.793452262878418,2399,10.288441628739273,5.0,5.0
9910,3.7976622581481934,2399,8.333637719278812,5.0,5.0
9920,3.8011035919189453,2399,9.920929736856948,5.0,5.0
9930,3.8041369915008545,2399,5.272388820284995,5.0,5.0
9933,3.8058485984802246,2399,9.745149938256496,5.0,5.0
9934,3.806140661239624,2399,13.770634944430848,5.0,5.0
9940,3.8081085681915283,2399,9.03491358704108,5.0,5.0
9950,3.8119144439697266,2399,6.586452004952949,5.0,5.0
9960,3.816352367401123,2399,5.0,5.0,5.0
9970,3.8215417861938477,2399,5.0,5.0,5.0
9980,3.826878309249878,2399,5.0,5.0,5.0
9990,3.830331802368164,2399,5.0,5.0,5.0
10000,3.8351807594299316,2399,5.0,5.0,5.0
10010,3.838529109954834,2399,5.0,5.0,5.0
10011,3.838822364807129,2399,9.5,5.0,5.0
10013,3.8393821716308594,2399,13.55,5.0,5.0
10016,3.840639352798462,2399,17.195,5.0,5.0
10020,3.842179536819458,2399,12.535155000000001,5.0,5.0
10023,3.8429715633392334,2399,15.153475550000001,5.0,5.0
10030,3.845961093902588,2399,17.2743151955,5.0,5.0
10039,3.8484153747558594,2399,12.43602626686749,5.0,5.0
10040,3.8486599922180176,2399,11.192423640180742,5.0,5.0
10050,3.8519368171691895,2399,6.609014235290329,5.0,5.0
10060,3.855907678604126,2399,5.0,5.0,5.0
10064,3.857032537460327,2399,9.5,5.0,5.0
10068,3.8583247661590576,2399,12.695,5.0,5.0
10070,3.859389066696167,2399,11.425500000000001,5.0,5.0
10080,3.8627936840057373,2399,6.071979145500001,5.0,5.0
10090,3.866525173187256,2399,5.0,5.0,5.0
10099,3.8702821731567383,2399,9.5,5.0,5.0
10100,3.8706305027008057,2399,8.55,5.0,5.0
10110,3.8737828731536865,2399,5.609655000000002,5.0,5.0
10120,3.878098726272583,2399,5.0,5.0,5.0
10130,3.8820717334747314,2399,5.0,5.0,5.0
10140,3.8856658935546875,2399,5.0,5.0,5.0
10147,3.8882393836975098,2399,9.5,5.0,5.0
10150,3.889359474182129,2399,8.55,5.0,5.0
10160,3.892275094985962,2399,5.609655000000002,5.0,5.0
10170,3.8965389728546143,2399,5.0,5.0,5.0
10180,3.90140700340271,2399,5.0,5.0,5.0
10190,3.906698703765869,2399,5.0,5.0,5.0
10200,3.909616231918335,2399,5.0,5.0,5.0
10210,3.912426471710205,2399,5.0,5.0,5.0
10211,3.9127256870269775,2399,9.5,5.0,5.0
10214,3.914520263671875,2399,13.55,5.0,5.0
10220,3.915983200073242,2399,9.87795,5.0,5.0
10222,3.916533946990967,2399,13.0011395,5.0,5.0
10230,3.9194157123565674,2399,9.477830695500002,5.0,5.0
10234,3.9209187030792236,2399,13.53004762595,5.0,5.0
10240,3.9230446815490723,2399,8.877064247385798,5.0,5.0
10250,3.926727056503296,2399,6.471379836344247,5.0,5.0
10255,3.929027795791626,2399,9.717635900694956,5.0,5.0
10256,3.9293041229248047,2399,13.745872310625462,5.0,5.0
10260,3.9308459758758545,2399,15.020740914445964,5.0,5.0
10270,3.9337878227233887,2399,7.982637572314079,5.0,5.0
10276,3.935715436935425,2399,10.237408511195268,5.0,5.0
10278,3.9362590312957764,2399,13.292300894068166,5.0,5.0
10280,3.9368128776550293,2399,15.766763724195215,5.0,5.0
10290,3.9416658878326416,2399,10.344573679444482,5.0,5.0
10300,3.9451711177825928,2399,6.787074791083525,5.0,5.0
10302,3.946181058883667,2399,11.108367311975172,5.0,5.0
10304,3.946735143661499,2399,14.997530580777655,5.0,5.0
10306,3.9472901821136475,2399,17.1479997704299,5.0,5.0
10310,3.9492526054382324,2399,15.433199793386912,5.0,5.0
10316,3.9518253803253174,2399,15.125722384441154,5.0,5.0
10320,3.9538121223449707,2399,12.251835131397335,5.0,5.0
10322,3.9544131755828857,2399,14.923986456431843,5.0,5.0
10324,3.9554367065429688,2399,18.431587810788656,5.0,5.0
10330,3.9568674564361572,2399,10.883668286392595,5.0,5.0
10340,3.960049629211426,2399,6.426697286431963,5.0,5.0
10350,3.963872194290161,2399,5.0,5.0,5.0
10360,3.968184471130371,2399,5.0,5.0,5.0
10370,3.9725146293640137,2399,5.0,5.0,5.0
10380,3.976409435272217,2399,5.0,5.0,5.0
10382,3.976893901824951,2399,9.5,5.0,5.0
10389,3.9795989990234375,2399,11.232950000000002,5.0,5.0
10390,3.979851245880127,2399,10.109655000000002,5.0,5.0
10400,3.9842491149902344,2399,5.969650180950002,5.0,5.0
10410,3.9886109828948975,2399,5.0,5.0,5.0
10420,3.993253707885742,2399,5.0,5.0,5.0
10430,3.9967100620269775,2399,5.0,5.0,5.0
10431,3.996995210647583,2399,9.5,5.0,5.0
10436,3.99928617477417,2399,12.695,5.0,5.0
10440,4.00087571144104,2399,15.282950000000001,5.0,5.0
10450,4.004343032836914,2399,7.309787607855002,5.0,5.0
10453,4.005644083023071,2399,10.920927962362551,5.0,5.0
10457,4.0071656703948975,2399,13.845951649513667,5.0,5.0
10458,4.00745415687561,2399,17.4613564845623,5.0,5.0
10460,4.0079827308654785,2399,14.143698752495466,5.0,5.0
10461,4.008341550827026,2399,17.72932887724592,5.0,5.0
10464,4.009181261062622,2399,19.360756390569193,5.0,5.0
10470,4.01148796081543,2399,17.424680751512273,5.0,5.0
10476,4.013072967529297,2399,15.289099736960484,5.0,5.0
10480,4.014436960220337,2399,13.760189763264435,5.0,5.0
10488,4.0169243812561035,2399,14.028060503677798,5.0,5.0
10490,4.017504453659058,2399,11.362729007979016,5.0,5.0
10491,4.017834424972534,2399,15.226456107181114,5.0,5.0
10500,4.021482467651367,2399,11.100086502135033,5.0,5.0
10509,4.0242533683776855,2399,11.554490078645717,5.0,5.0
10510,4.02454686164856,2399,15.399041070781145,5.0,5.0
10520,4.028573989868164,2399,13.183681785697004,5.0,5.0
10530,4.031607389450073,2399,7.784832257636225,5.0,5.0
10540,4.035743951797485,2399,5.675142715816809,5.0,5.0
10550,4.038496494293213,2399,5.0,5.0,5.0
10560,4.043461799621582,2399,5.0,5.0,5.0
10564,4.045274257659912,2399,9.5,5.0,5.0
10570,4.047120094299316,2399,6.925500000000001,5.0,5.0
10579,4.049983024597168,2399,9.5,5.0,5.0
10580,4.050222873687744,2399,9.5,5.0,5.0
10590,4.053184747695923,2399,5.609655000000002,5.0,5.0
10600,4.057931661605835,2399,5.0,5.0,5.0
10607,4.060197591781616,2399,9.5,5.0,5.0
10610,4.061916828155518,2399,8.55,5.0,5.0
10620,4.066380739212036,2399,6.2329500000000015,5.0,5.0
10630,4.072601318359375,2399,5.609655000000002,5.0,5.0
10634,4.073689699172974,2399,9.5,5.0,5.0
10640,4.076678276062012,2399,6.925500000000001,5.0,5.0
10650,4.079674482345581,2399,5.048689500000002,5.0,5.0
10660,4.083163261413574,2399,5.0,5.0,5.0
10670,4.086960792541504,2399,5.0,5.0,5.0
10680,4.090946435928345,2399,5.0,5.0,5.0
10681,4.091260194778442,2399,9.5,5.0,5.0
10687,4.094644784927368,2399,13.55,5.0,5.0
10690,4.095412731170654,2399,12.195,5.0,5.0
10700,4.098736047744751,2399,8.0011395,5.0,5.0
10710,4.102258920669556,2399,5.249547625950001,5.0,5.0
10714,4.104541301727295,2399,9.5,5.0,5.0
10715,4.105026483535767,2399,13.55,5.0,5.0
10717,4.105799674987793,2399,15.9755,5.0,5.0
10720,4.107195854187012,2399,12.940155,5.0,5.0
10730,4.111229181289673,2399,7.641032125950002,5.0,5.0
10731,4.111551284790039,2399,11.876928913355002,5.0,5.0
10732,4.111870288848877,2399,15.689236022019502,5.0,5.0
10733,4.112181901931763,2399,19.12031241981755,5.0,5.0
10740,4.114337921142578,2399,12.544836978642296,5.0,5.0
10741,4.114636659622192,2399,16.290353280778067,5.0,5.0
10744,4.115500211715698,2399,16.87566754168721,5.0,5.0
10750,4.11745810508728,2399,12.302361637889978,5.0,5.0
10760,4.121526479721069,2399,7.264421523557655,5.0,5.0
10769,4.126261949539185,2399,10.29576329067353,5.0,5.0
10770,4.12650465965271,2399,10.29576329067353,5.0,5.0
10771,4.12681770324707,2399,14.266186961606177,5.0,5.0
10774,4.1276164054870605,2399,15.400050295010905,5.0,5.0
10780,4.1300578117370605,2399,10.103972998556657,5.0,5.0
10790,4.134556770324707,2399,5.966295015917721,5.0,5.0
10800,4.1398303508758545,2399,5.0,5.0,5.0
10810,4.143111705780029,2399,5.0,5.0,5.0
10813,4.143953084945679,2399,9.5,5.0,5.0
10820,4.147150993347168,2399,7.695000000000001,5.0,5.0
10830,4.1505818367004395,2399,5.0,5.0,5.0
10840,4.1545250415802,2399,5.0,5.0,5.0
10841,4.154829502105713,2399,9.5,5.0,5.0
10846,4.1571290493011475,2399,11.925500000000001,5.0,5.0
10850,4.158965110778809,2399,10.73295,5.0,5.0
10860,4.162950754165649,2399,5.703929680950001,5.0,5.0
10868,4.166598558425903,2399,9.6201830415695,5.0,5.0
10870,4.166886568069458,2399,9.6201830415695,5.0,5.0
10880,4.171705722808838,2399,7.013113437304168,5.0,5.0
10885,4.173551321029663,2399,10.112559695794738,5.0,5.0
10890,4.175321817398071,2399,13.191173353593738,5.0,5.0
10900,4.180200815200806,2399,9.616365374769835,5.0,5.0
10903,4.181513071060181,2399,12.789255953563568,5.0,5.0
10910,4.184103965759277,2399,9.323367590147841,5.0,5.0
10920,4.187204599380493,2399,5.0,5.0,5.0
10924,4.188796520233154,2399,9.5,5.0,5.0
10929,4.190660238265991,2399,12.695,5.0,5.0
10930,4.191395044326782,2399,12.695,5.0,5.0
10940,4.195377588272095,2399,7.496270550000002,5.0,5.0
10950,4.199355363845825,2399,5.0,5.0,5.0
10960,4.202682256698608,2399,5.0,5.0,5.0
10970,4.205966949462891,2399,5.0,5.0,5.0
10979,4.209092378616333,2399,9.5,5.0,5.0
10980,4.209814548492432,2399,9.5,5.0,5.0
10990,4.2123425006866455,2399,5.048689500000002,5.0,5.0
10997,4.2151525020599365,2399,9.5,5.0,5.0
11000,4.216271638870239,2399,9.5,5.0,5.0
11010,4.219745635986328,2399,6.925500000000001,5.0,5.0
11020,4.224291801452637,2399,5.048689500000002,5.0,5.0
11030,4.2276856899261475,2399,5.0,5.0,5.0
11031,4.227985143661499,2399,9.5,5.0,5.0
11040,4.231339454650879,2399,5.048689500000002,5.0,5.0
11050,4.235017538070679,2399,5.0,5.0,5.0
11057,4.2383270263671875,2399,9.5,5.0,5.0
11059,4.239384412765503,2399,13.55,5.0,5.0
11060,4.2396650314331055,2399,12.195,5.0,5.0
11070,4.242559432983398,2399,7.201025550000001,5.0,5.0
11080,4.2473673820495605,2399,7.201025550000001,5.0,5.0
11090,4.250367879867554,2399,5.0,5.0,5.0
11100,4.2552454471588135,2399,5.0,5.0,5.0
11107,4.258134603500366,2399,9.5,5.0,5.0
11110,4.259761810302734,2399,9.5,5.0,5.0
11120,4.263834714889526,2399,6.2329500000000015,5.0,5.0
11130,4.267483472824097,2399,5.0,5.0,5.0
11131,4.267784595489502,2399,9.5,5.0,5.0
11140,4.271088600158691,2399,5.609655000000002,5.0,5.0
11141,4.271385669708252,2399,10.048689500000002,5.0,5.0
11150,4.274956226348877,2399,6.592945180950002,5.0,5.0
11160,4.2779059410095215,2399,5.0,5.0,5.0
11165,4.280160903930664,2399,9.5,5.0,5.0
11170,4.282397985458374,2399,7.695000000000001,5.0,5.0
11180,4.28587532043457,2399,5.609655000000002,5.0,5.0
11184,4.287880182266235,2399,10.048689500000002,5.0,5.0
11190,4.289902210235596,2399,8.139438495000002,5.0,5.0
11192,4.29046368598938,2399,12.325494645500001,5.0,5.0
11200,4.293789386749268,2399,8.985285596569502,5.0,5.0
11210,4.297306776046753,2399,5.305721291918325,5.0,5.0
11220,4.302196264266968,2399,5.0,5.0,5.0
11230,4.307250499725342,2399,9.5,5.0,5.0
11240,4.310716390609741,2399,5.609655000000002,5.0,5.0
11250,4.315809488296509,2399,5.0,5.0,5.0
11260,4.320242166519165,2399,5.0,5.0,5.0
11270,4.325310707092285,2399,5.0,5.0,5.0
11280,4.329230785369873,2399,5.0,5.0,5.0
11290,4.333142995834351,2399,5.0,5.0,5.0
11299,4.3367393016815186,2399,9.5,5.0,5.0
11300,4.336976528167725,2399,9.5,5.0,5.0
11310,4.340996026992798,2399,6.925500000000001,5.0,5.0
11318,4.343934059143066,2399,9.543820550000003,5.0,5.0
11320,4.344923257827759,2399,9.543820550000003,5.0,5.0
11330,4.3485517501831055,2399,11.957445180950003,5.0,5.0
11340,4.351856708526611,2399,7.060751804899168,5.0,5.0
11350,4.3566882610321045,2399,5.0,5.0,5.0
11360,4.361185073852539,2399,5.0,5.0,5.0
11370,4.3660523891448975,2399,5.0,5.0,5.0
11373,4.367621183395386,2399,9.5,5.0,5.0
11380,4.37162971496582,2399,7.695000000000001,5.0,5.0
11385,4.372987270355225,2399,11.232950000000002,5.0,5.0
11390,4.374756336212158,2399,9.098689500000003,5.0,5.0
11400,4.378840684890747,2399,5.0,5.0,5.0
11410,4.382732391357422,2399,5.0,5.0,5.0
11420,4.386806488037109,2399,5.0,5.0,5.0
11422,4.387844800949097,2399,9.5,5.0,5.0
11423,4.388162851333618,2399,13.55,5.0,5.0
11430,4.390466213226318,2399,8.890155,5.0,5.0
11435,4.39234185218811,2399,10.8328306955,5.0,5.0
11440,4.3945934772491455,2399,14.749547625950001,5.0,5.0
11450,4.398437023162842,2399,8.709460377647217,5.0,5.0
11460,4.4019153118133545,2399,5.714276953774339,5.0,5.0
11464,4.403851509094238,2399,9.628564332557215,5.0,5.0
11470,4.406313896179199,2399,9.628564332557215,5.0,5.0
11476,4.408348083496094,2399,11.31730105859079,5.0,5.0
11477,4.408644676208496,2399,15.18557095273171,5.0,5.0
11480,4.4093546867370605,2399,12.300312471712687,5.0,5.0
11490,4.4133031368255615,2399,8.96692779187855,5.0,5.0
11497,4.4159276485443115,2399,10.883201324251518,5.0,5.0
11500,4.41765570640564,2399,9.794881191826367,5.0,5.0
11502,4.418688535690308,2399,13.81539307264373,5.0,5.0
11510,4.4217140674591064,2399,8.157851455465398,5.0,5.0
11520,4.425939559936523,2399,5.352366339930848,5.0,5.0
11530,4.429401636123657,2399,5.0,5.0,5.0
11540,4.433445453643799,2399,9.5,5.0,5.0
11550,4.438591480255127,2399,6.925500000000001,5.0,5.0
11553,4.439480781555176,2399,10.048689500000002,5.0,5.0
11560,4.4421327114105225,2399,8.139438495000002,5.0,5.0
11566,4.444740056991577,2399,10.933650662855001,5.0,5.0
11568,4.445196866989136,2399,14.840285596569501,5.0,5.0
11570,4.446211814880371,2399,13.35625703691255,5.0,5.0
11580,4.451895475387573,2399,12.098062595953843,5.0,5.0
11590,4.456155300140381,2399,7.143784982284786,5.0,5.0
11600,4.460588455200195,2399,5.0,5.0,5.0
11603,4.461879730224609,2399,9.5,5.0,5.0
11610,4.4637932777404785,2399,6.2329500000000015,5.0,5.0
11620,4.467859268188477,2399,5.0,5.0,5.0
11630,4.471101999282837,2399,5.0,5.0,5.0
11640,4.475324869155884,2399,5.0,5.0,5.0
11643,4.476552248001099,2399,9.5,5.0,5.0
11650,4.4807822704315186,2399,8.55,5.0,5.0
11660,4.4848456382751465,2399,5.609655000000002,5.0,5.0
11669,4.488221883773804,2399,9.5,5.0,5.0
11670,4.488662004470825,2399,8.55,5.0,5.0
11680,4.49355411529541,2399,6.2329500000000015,5.0,5.0
11684,4.494631052017212,2399,9.543820550000003,5.0,5.0
11690,4.496764183044434,2399,6.957445180950002,5.0,5.0
11696,4.499444961547852,2399,10.635530596569502,5.0,5.0
11700,4.501458406448364,2399,14.571977536912552,5.0,5.0
11710,4.504936695098877,2399,8.604607015771494,5.0,5.0
11713,4.506364345550537,2399,12.744146314194346,5.0,5.0
11720,4.508652210235596,2399,7.525290957068621,5.0,5.0
11721,4.508953809738159,2399,11.772761861361758,5.0,5.0
11725,4.510562181472778,2399,13.582343396932721,5.0,5.0
11730,4.511830568313599,2399,14.901528336363954,5.0,5.0
11740,4.517302989959717,2399,7.9192831206055985,5.0,5.0
11748,4.520618438720703,2399,10.195841655429334,5.0,5.0
11750,4.521684169769287,2399,14.176257489886401,5.0,5.0
11751,4.521991014480591,2399,17.758631740897762,5.0,5.0
11757,4.52404260635376,2399,17.94604253911447,5.0,5.0
11760,4.524880886077881,2399,13.082665011014448,5.0,5.0
11770,4.529541015625,2399,7.725182862353922,5.0,5.0
11780,4.5339508056640625,2399,5.63165830665601,5.0,5.0
11790,4.537454128265381,2399,5.0,5.0,5.0
11791,4.537817001342773,2399,9.5,5.0,5.0
11800,4.542624235153198,2399,6.925500000000001,5.0,5.0
11810,4.546722650527954,2399,5.0,5.0,5.0
11812,4.547322750091553,2399,9.5,5.0,5.0
11819,4.549604415893555,2399,11.925500000000001,5.0,5.0
11820,4.549868106842041,2399,10.73295,5.0,5.0
11830,4.554191589355469,2399,7.041888495000001,5.0,5.0
11840,4.557986497879028,2399,5.0,5.0,5.0
11850,4.562808275222778,2399,5.0,5.0,5.0
11860,4.568388223648071,2399,5.0,5.0,5.0
11870,4.573878049850464,2399,5.0,5.0,5.0
11874,4.575462579727173,2399,9.5,5.0,5.0
11877,4.5768232345581055,2399,13.55,5.0,5.0
11880,4.577661037445068,2399,9.87795,5.0,5.0
11890,4.582242488861084,2399,5.832830695500001,5.0,5.0
11900,4.58764910697937,2399,9.724592863355001,5.0,5.0
11910,4.591458082199097,2399,7.089228197385796,5.0,5.0
11920,4.596163511276245,2399,5.0,5.0,5.0
11925,4.598037242889404,2399,9.5,5.0,5.0
11927,4.599139451980591,2399,13.55,5.0,5.0
11930,4.600475311279297,2399,10.9755,5.0,5.0
11940,4.604073524475098,2399,11.480922995,5.0,5.0
11943,4.60497784614563,2399,13.369592863355,5.0,5.0
11950,4.607202768325806,2399,9.746433197385796,5.0,5.0
11960,4.61018443107605,2399,7.105149800894246,5.0,5.0
11970,4.613232374191284,2399,9.5,5.0,5.0
11980,4.616940259933472,2399,5.048689500000002,5.0,5.0
11990,4.621027946472168,2399,5.0,5.0,5.0
11995,4.623832702636719,2399,9.5,5.0,5.0
12000,4.625663995742798,2399,6.925500000000001,5.0,5.0
12010,4.6294190883636475,2399,5.0,5.0,5.0
12015,4.63190484046936,2399,9.5,5.0,5.0
12020,4.6346235275268555,2399,9.5,5.0,5.0
12025,4.636531591415405,2399,11.925500000000001,5.0,5.0
12030,4.637924671173096,2399,7.041888495000001,5.0,5.0
12040,4.642561435699463,2399,5.0,5.0,5.0
12050,4.6481475830078125,2399,5.0,5.0,5.0
12060,4.652631759643555,2399,5.0,5.0,5.0
12070,4.657711029052734,2399,5.0,5.0,5.0
12080,4.661888122558594,2399,5.0,5.0,5.0
12090,4.665845155715942,2399,5.0,5.0,5.0
12099,4.669496059417725,2399,9.5,5.0,5.0
12100,4.669776678085327,2399,8.55,5.0,5.0
12110,4.673320770263672,2399,5.609655000000002,5.0,5.0
12120,4.677885055541992,2399,5.0,5.0,5.0
12130,4.683026552200317,2399,5.0,5.0,5.0
12133,4.684861898422241,2399,9.5,5.0,5.0
12140,4.687706232070923,2399,6.925500000000001,5.0,5.0
12150,4.690625429153442,2399,5.0,5.0,5.0
12160,4.695803165435791,2399,5.0,5.0,5.0
12163,4.69675087928772,2399,9.5,5.0,5.0
12170,4.69913125038147,2399,6.2329500000000015,5.0,5.0
12180,4.702803611755371,2399,5.0,5.0,5.0
12190,4.707366466522217,2399,5.0,5.0,5.0
12192,4.708417892456055,2399,9.5,5.0,5.0
12196,4.710479974746704,2399,13.55,5.0,5.0
12197,4.710794687271118,2399,17.195,5.0,5.0
12200,4.711660385131836,2399,13.927950000000001,5.0,5.0
12205,4.7130584716796875,2399,14.138127995000001,5.0,5.0
12210,4.7147908210754395,2399,11.45188367595,5.0,5.0
12220,4.719202995300293,2399,8.348423199767552,5.0,5.0
12230,4.7243876457214355,2399,6.762222791811717,5.0,5.0
12240,4.728954076766968,2399,5.0,5.0,5.0
12250,4.7344560623168945,2399,5.0,5.0,5.0
12260,4.7382166385650635,2399,5.0,5.0,5.0
12270,4.742928743362427,2399,5.0,5.0,5.0
12280,4.746988534927368,2399,5.0,5.0,5.0
12290,4.751624822616577,2399,5.0,5.0,5.0
12300,4.756579875946045,2399,5.0,5.0,5.0
12310,4.76077127456665,2399,5.0,5.0,5.0
12320,4.765336036682129,2399,5.0,5.0,5.0
12330,4.770437240600586,2399,5.0,5.0,5.0
12339,4.77399206161499,2399,9.5,5.0,5.0
12340,4.774319648742676,2399,13.55,5.0,5.0
12346,4.776949405670166,2399,14.87795,5.0,5.0
12348,4.777560234069824,2399,17.051139499999998,5.0,5.0
12350,4.778023958206177,2399,15.346025549999998,5.0,5.0
12360,4.781146287918091,2399,10.068527363354999,5.0,5.0
12370,4.785215616226196,2399,6.605960803097216,5.0,5.0
12376,4.78780198097229,2399,9.5,5.0,5.0
12380,4.789881706237793,2399,7.695000000000001,5.0,5.0
12384,4.791050434112549,2399,10.048689500000002,5.0,5.0
12385,4.79135799407959,2399,14.043820550000001,5.0,5.0
12390,4.793130159378052,2399,9.214150662855001,5.0,5.0
12400,4.796783208847046,2399,5.440863824909251,5.0,5.0
12410,4.801390647888184,2399,5.0,5.0,5.0
12420,4.8055243492126465,2399,5.0,5.0,5.0
12430,4.809537172317505,2399,5.0,5.0,5.0
12435,4.811471223831177,2399,9.5,5.0,5.0
12440,4.814317464828491,2399,8.55,5.0,5.0
12450,4.818886756896973,2399,5.048689500000002,5.0,5.0
12456,4.821480751037598,2399,9.5,5.0,5.0
12460,4.822629690170288,2399,6.925500000000001,5.0,5.0
12470,4.827627182006836,2399,5.609655000000002,5.0,5.0
12480,4.832108736038208,2399,5.0,5.0,5.0
12490,4.836594820022583,2399,5.0,5.0,5.0
12500,4.840041637420654,2399,5.0,5.0,5.0
12510,4.844296932220459,2399,5.0,5.0,5.0
12520,4.848345994949341,2399,5.0,5.0,5.0
12530,4.8530497550964355,2399,5.0,5.0,5.0
12540,4.856409311294556,2399,5.0,5.0,5.0
12549,4.859974384307861,2399,9.5,5.0,5.0
12550,4.8607237339019775,2399,9.5,5.0,5.0
12560,4.866816997528076,2399,7.695000000000001,5.0,5.0
12570,4.871920108795166,2399,5.048689500000002,5.0,5.0
12580,4.876942157745361,2399,5.048689500000002,5.0,5.0
12590,4.880361318588257,2399,5.0,5.0,5.0
12593,4.881586790084839,2399,9.5,5.0,5.0
12600,4.884503364562988,2399,6.925500000000001,5.0,5.0
12610,4.888991355895996,2399,5.609655000000002,5.0,5.0
12620,4.892559051513672,2399,5.0,5.0,5.0
12630,4.895779371261597,2399,5.0,5.0,5.0
12640,4.900440454483032,2399,5.0,5.0,5.0
12649,4.903452634811401,2399,9.5,5.0,5.0
12650,4.9037439823150635,2399,8.55,5.0,5.0
12660,4.9082300662994385,2399,5.609655000000002,5.0,5.0
12670,4.912314414978027,2399,5.0,5.0,5.0
12680,4.9163079261779785,2399,5.0,5.0,5.0
12690,4.9208824634552,2399,5.0,5.0,5.0
12700,4.924274921417236,2399,5.0,5.0,5.0
12710,4.928390741348267,2399,5.0,5.0,5.0
12712,4.9288976192474365,2399,9.5,5.0,5.0
12713,4.929215908050537,2399,13.55,5.0,5.0
12719,4.931437015533447,2399,13.0011395,5.0,5.0
12720,4.931718587875366,2399,11.70102555,5.0,5.0
12730,4.934627532958984,2399,6.909338577019501,5.0,5.0
12740,4.937814474105835,2399,9.5,5.0,5.0
12750,4.940178871154785,2399,5.609655000000002,5.0,5.0
12760,4.944743871688843,2399,5.0,5.0,5.0
12770,4.949288606643677,2399,5.0,5.0,5.0
12780,4.952398300170898,2399,5.0,5.0,5.0
12783,4.9537389278411865,2399,9.5,5.0,5.0
12790,4.956130504608154,2399,6.925500000000001,5.0,5.0
12800,4.961717367172241,2399,5.0,5.0,5.0
12806,4.96502423286438,2399,9.5,5.0,5.0
12808,4.9656829833984375,2399,12.695,5.0,5.0
12810,4.966288089752197,2399,12.695,5.0,5.0
12820,4.969868183135986,2399,7.496270550000002,5.0,5.0
12824,4.971955060958862,2399,11.746643495,5.0,5.0
12830,4.974558353424072,2399,9.51478123095,5.0,5.0
12840,4.978693008422852,2399,10.618383169063666,5.0,5.0
12850,4.982897043228149,2399,7.740801330247414,5.0,5.0
12860,4.986600875854492,2399,5.0,5.0,5.0
12870,4.990683555603027,2399,5.0,5.0,5.0
12878,4.995340585708618,2399,9.5,5.0,5.0
12880,4.996370077133179,2399,9.5,5.0,5.0
12890,4.9994916915893555,2399,6.925500000000001,5.0,5.0
12900,5.004973649978638,2399,5.048689500000002,5.0,5.0
12907,5.007818222045898,2399,9.5,5.0,5.0
12910,5.009488344192505,2399,8.55,5.0,5.0
12920,5.013948917388916,2399,6.2329500000000015,5.0,5.0
12930,5.018136739730835,2399,5.0,5.0,5.0
12940,5.021960020065308,2399,5.0,5.0,5.0
12950,5.025730848312378,2399,5.0,5.0,5.0
12960,5.0310797691345215,2399,5.0,5.0,5.0
12963,5.03288197517395,2399,9.5,5.0,5.0
12969,5.0354835987091064,2399,11.232950000000002,5.0,5.0
12970,5.035810232162476,2399,15.109655000000002,5.0,5.0
12980,5.0394580364227295,2399,7.226901146569502,5.0,5.0
12990,5.043421506881714,2399,5.853789928721297,5.0,5.0
12999,5.046860456466675,2399,9.5,5.0,5.0
13000,5.047153949737549,2399,8.55,5.0,5.0
13010,5.051900625228882,2399,5.609655000000002,5.0,5.0
13014,5.054090261459351,2399,9.543820550000003,5.0,5.0
13020,5.056494235992432,2399,7.730494645500003,5.0,5.0
13021,5.056810617446899,2399,11.957445180950003,5.0,5.0
13030,5.060736179351807,2399,9.685530596569503,5.0,5.0
13038,5.063798666000366,2399,11.354676624409251,5.0,5.0
13040,5.0648252964019775,2399,10.219208961968326,5.0,5.0
13050,5.069282293319702,2399,7.44980333327491,5.0,5.0
13051,5.06960654258728,2399,11.70482299994742,5.0,5.0
13057,5.071434259414673,2399,12.679534370265502,5.0,5.0
13060,5.073360204696655,2399,16.41158093323895,5.0,5.0
13063,5.074283838272095,2399,16.964042500331196,5.0,5.0
13069,5.076423406600952,2399,18.74087442526827,5.0,5.0
13070,5.076701402664185,2399,16.866786982741445,5.0,5.0
13080,5.080570697784424,2399,8.963702140895098,5.0,5.0
13090,5.08577561378479,2399,5.881084974641274,5.0,5.0
13100,5.091403245925903,2399,5.0,5.0,5.0
13110,5.095654726028442,2399,5.0,5.0,5.0
13120,5.101281404495239,2399,5.0,5.0,5.0
13127,5.104686975479126,2399,9.5,5.0,5.0
13129,5.105305194854736,2399,13.55,5.0,5.0
13130,5.1055943965911865,2399,12.195,5.0,5.0
13140,5.109681129455566,2399,8.890155,5.0,5.0
13145,5.112615585327148,2399,12.20102555,5.0,5.0
13150,5.114084720611572,2399,8.89454762595,5.0,5.0
13160,5.119204759597778,2399,6.484125219317551,5.0,5.0
13170,5.124420404434204,2399,5.0,5.0,5.0
13180,5.127628564834595,2399,9.5,5.0,5.0
13190,5.131581783294678,2399,7.695000000000001,5.0,5.0
13200,5.135412931442261,2399,5.048689500000002,5.0,5.0
13206,5.137967586517334,2399,9.5,5.0,5.0
13209,5.138837575912476,2399,11.925500000000001,5.0,5.0
13210,5.139139413833618,2399,10.73295,5.0,5.0
13220,5.142176628112793,2399,8.693689500000001,5.0,5.0
13228,5.145356893539429,2399,11.3376996455,5.0,5.0
13230,5.145907878875732,2399,10.20392968095,5.0,5.0
13238,5.149716377258301,2399,11.025318437304168,5.0,5.0
13240,5.1507408618927,2399,11.025318437304168,5.0,5.0
13247,5.153941869735718,2399,12.233711426715265,5.0,5.0
13250,5.155280351638794,2399,9.909306255639365,5.0,5.0
13253,5.156513690948486,2399,13.91837563007543,5.0,5.0
13254,5.156827211380005,2399,17.526538067067886,5.0,5.0
13260,5.158448934555054,2399,10.349245463222918,5.0,5.0
13270,5.162593364715576,2399,9.314320916900627,5.0,5.0
13280,5.1666741371154785,2399,6.790139948420557,5.0,5.0
13281,5.166995048522949,2399,11.111125953578501,5.0,5.0
13290,5.169793128967285,2399,7.290009738142855,5.0,5.0
13300,5.173626184463501,2399,5.0,5.0,5.0
13310,5.178389549255371,2399,5.0,5.0,5.0
13320,5.183242559432983,2399,5.0,5.0,5.0
13330,5.188661813735962,2399,5.0,5.0,5.0
13340,5.193750858306885,2399,5.0,5.0,5.0
13350,5.199038505554199,2399,5.0,5.0,5.0
13353,5.199975252151489,2399,9.5,5.0,5.0
13360,5.202878713607788,2399,7.695000000000001,5.0,5.0
13370,5.207465887069702,2399,5.048689500000002,5.0,5.0
13380,5.211471080780029,2399,5.0,5.0,5.0
13384,5.213974714279175,2399,9.5,5.0,5.0
13390,5.215677976608276,2399,5.048689500000002,5.0,5.0
13391,5.216022968292236,2399,9.543820550000003,5.0,5.0
13395,5.217061281204224,2399,11.957445180950003,5.0,5.0
13400,5.2184929847717285,2399,13.716977536912554,5.0,5.0
13408,5.222281455993652,2399,13.999708961968329,5.0,5.0
13410,5.223313331604004,2399,13.999708961968329,5.0,5.0
13420,5.226532936096191,2399,8.266688144952681,5.0,5.0
13425,5.227996349334717,2399,11.026415657670505,5.0,5.0
13430,5.230384826660156,2399,8.0382570144418,5.0,5.0
13440,5.235132217407227,2399,5.859889363528073,5.0,5.0
13450,5.24004340171814,2399,5.0,5.0,5.0
13460,5.245198011398315,2399,5.0,5.0,5.0
13461,5.245546340942383,2399,9.5,5.0,5.0
13470,5.250287055969238,2399,6.2329500000000015,5.0,5.0
13480,5.255485534667969,2399,5.0,5.0,5.0
13484,5.256652593612671,2399,9.5,5.0,5.0
13490,5.258300065994263,2399,6.2329500000000015,5.0,5.0
13499,5.261237144470215,2399,9.543820550000003,5.0,5.0
13500,5.261523485183716,2399,8.589438495000003,5.0,5.0
13510,5.2667014598846436,2399,5.635530596569502,5.0,5.0
13519,5.270809173583984,2399,9.5,5.0,5.0
13520,5.270956993103027,2399,9.5,5.0,5.0
13530,5.27672553062439,2399,6.925500000000001,5.0,5.0
13534,5.279367208480835,2399,11.232950000000002,5.0,5.0
13535,5.27969217300415,2399,15.109655000000002,5.0,5.0
13539,5.280847072601318,2399,17.238820550000003,5.0,5.0
13540,5.281119346618652,2399,17.238820550000003,5.0,5.0
13550,5.284447908401489,2399,14.161416031912553,5.0,5.0
13556,5.286719083786011,2399,13.362174552684046,5.0,5.0
13560,5.288795709609985,2399,10.823361387674078,5.0,5.0
13570,5.29355788230896,2399,6.391086665807667,5.0,5.0
13580,5.298577547073364,2399,6.391086665807667,5.0,5.0
13581,5.298900842666626,2399,10.7519779992269,5.0,5.0
13590,5.301798582077026,2399,6.348935488763494,5.0,5.0
13600,5.305980920791626,2399,5.0,5.0,5.0
13610,5.311676979064941,2399,5.0,5.0,5.0
13620,5.316828966140747,2399,5.0,5.0,5.0
13630,5.320935249328613,2399,5.0,5.0,5.0
13635,5.322222948074341,2399,9.5,5.0,5.0
13640,5.324592113494873,2399,8.55,5.0,5.0
13641,5.324915409088135,2399,12.695,5.0,5.0
13644,5.3257365226745605,2399,14.254655000000001,5.0,5.0
13650,5.327348947525024,2399,9.352479145500002,5.0,5.0
13660,5.330394268035889,2399,6.817957297069501,5.0,5.0
13670,5.336000680923462,2399,5.522545410626297,5.0,5.0
13672,5.3367016315460205,2399,9.970290869563666,5.0,5.0
13680,5.340287923812866,2399,6.541507839520721,5.0,5.0
13690,5.344898223876953,2399,5.0,5.0,5.0
13700,5.348751544952393,2399,5.0,5.0,5.0
13703,5.349524259567261,2399,9.5,5.0,5.0
13710,5.352092266082764,2399,5.048689500000002,5.0,5.0
13720,5.35813570022583,2399,5.0,5.0,5.0
13730,5.365580081939697,2399,5.0,5.0,5.0
13740,5.3697350025177,2399,5.0,5.0,5.0
13746,5.372968435287476,2399,9.5,5.0,5.0
13750,5.3746559619903564,2399,7.695000000000001,5.0,5.0
13758,5.377401113510132,2399,10.609655000000002,5.0,5.0
13760,5.378441095352173,2399,10.609655000000002,5.0,5.0
13770,5.383067846298218,2399,6.264895180950002,5.0,5.0
13780,5.387292861938477,2399,5.0745650965695015,5.0,5.0
13782,5.388301372528076,2399,9.567108586912552,5.0,5.0
13783,5.388577938079834,2399,13.610397728221297,5.0,5.0
13785,5.3895909786224365,2399,17.24935795539917,5.0,5.0
13790,5.3913280963897705,2399,12.574781949485995,5.0,5.0
13800,5.395584583282471,2399,8.250314437057762,5.0,5.0
13810,5.3999927043914795,2399,5.413031302153597,5.0,5.0
13820,5.404046297073364,2399,5.0,5.0,5.0
13829,5.407420873641968,2399,9.5,5.0,5.0
13830,5.407666206359863,2399,8.55,5.0,5.0
13832,5.4086809158325195,2399,12.695,5.0,5.0
13838,5.410297155380249,2399,11.746643495,5.0,5.0
13840,5.410782814025879,2399,10.5719791455,5.0,5.0
13848,5.413321495056152,2399,11.242647965626295,5.0,5.0
13850,5.413829803466797,2399,9.106544852157299,5.0,5.0
13860,5.416770935058594,2399,5.0,5.0,5.0
13868,5.420380592346191,2399,9.5,5.0,5.0
13870,5.420873641967773,2399,8.55,5.0,5.0
13877,5.422978162765503,2399,12.695,5.0,5.0
13879,5.423558950424194,2399,15.282950000000001,5.0,5.0
13880,5.423811912536621,2399,13.754655000000001,5.0,5.0
13883,5.424633026123047,2399,15.027143495000002,5.0,5.0
13884,5.4248950481414795,2399,18.5244291455,5.0,5.0
13886,5.425372123718262,2399,20.004787607855,5.0,5.0
13890,5.4268388748168945,2399,14.5834901661263,5.0,5.0
13892,5.427430868148804,2399,16.812627034562304,5.0,5.0
13900,5.429430723190308,2399,9.927688137638697,5.0,5.0
13910,5.433302164077759,2399,6.513556187104751,5.0,5.0
13912,5.434309482574463,2399,10.862200568394275,5.0,5.0
13920,5.437645196914673,2399,7.918544214359429,5.0,5.0
13930,5.441408634185791,2399,6.414020813631137,5.0,5.0
13940,5.4461729526519775,2399,5.195356859041222,5.0,5.0
13950,5.449845790863037,2399,5.0,5.0,5.0
13957,5.453445196151733,2399,9.5,5.0,5.0
13960,5.454171419143677,2399,8.55,5.0,5.0
13970,5.458495140075684,2399,7.695000000000001,5.0,5.0
13980,5.462783336639404,2399,6.2329500000000015,5.0,5.0
13983,5.4636008739471436,2399,9.543820550000003,5.0,5.0
13986,5.464850664138794,2399,12.730494645500002,5.0,5.0
13987,5.465127229690552,2399,16.457445180950003,5.0,5.0
13989,5.466100454330444,2399,19.811700662855003,5.0,5.0
13990,5.466375827789307,2399,22.830530596569503,5.0,5.0
14000,5.468736886978149,2399,13.481200011968326,5.0,5.0
14010,5.472744941711426,2399,7.960513795067177,5.0,5.0
14020,5.4760777950286865,2399,5.803214556603972,5.0,5.0
14030,5.478890419006348,2399,5.0,5.0,5.0
14037,5.481871843338013,2399,9.5,5.0,5.0
14039,5.482478380203247,2399,12.695,5.0,5.0
14040,5.482611417770386,2399,12.695,5.0,5.0
14047,5.484421014785767,2399,12.496270550000002,5.0,5.0
14050,5.485110521316528,2399,10.121979145500003,5.0,5.0
14060,5.489001750946045,2399,6.641030517362553,5.0,5.0
14069,5.492085695266724,2399,9.5,5.0,5.0
14070,5.492391586303711,2399,8.55,5.0,5.0
14080,5.497748613357544,2399,6.2329500000000015,5.0,5.0
14081,5.498066663742065,2399,10.609655000000002,5.0,5.0
14084,5.499406814575195,2399,14.548689500000002,5.0,5.0
14090,5.50149393081665,2399,8.590855662855,5.0,5.0
14091,5.501773357391357,2399,12.731770096569502,5.0,5.0
14100,5.505902051925659,2399,8.353314360359251,5.0,5.0
14110,5.508970260620117,2399,5.480609551831705,5.0,5.0
14120,5.512790679931641,2399,5.0,5.0,5.0
14121,5.513097524642944,2399,9.5,5.0,5.0
14130,5.516366958618164,2399,10.048689500000002,5.0,5.0
14137,5.518980979919434,2399,12.325494645500001,5.0,5.0
14140,5.520282030105591,2399,11.092945180950002,5.0,5.0
14150,5.5242919921875,2399,6.550273199899167,5.0,5.0
14160,5.528663158416748,2399,9.5,5.0,5.0
14170,5.533644914627075,2399,6.2329500000000015,5.0,5.0
14180,5.5375144481658936,2399,5.048689500000002,5.0,5.0
14190,5.543610095977783,2399,5.048689500000002,5.0,5.0
14191,5.54392671585083,2399,9.543820550000003,5.0,5.0
14198,5.546692848205566,2399,11.261700662855002,5.0,5.0
14200,5.547214031219482,2399,9.121977536912553,5.0,5.0
14210,5.551088571548462,2399,5.984929461968327,5.0,5.0
14220,5.556561708450317,2399,5.0,5.0,5.0
14230,5.559602499008179,2399,5.0,5.0,5.0
14240,5.564514398574829,2399,5.0,5.0,5.0
14250,5.569640398025513,2399,5.0,5.0,5.0
14260,5.5748066902160645,2399,5.0,5.0,5.0
14270,5.578286170959473,2399,5.0,5.0,5.0
14280,5.582187652587891,2399,5.0,5.0,5.0
14290,5.58720588684082,2399,5.0,5.0,5.0
14300,5.591562032699585,2399,5.0,5.0,5.0
14310,5.595327138900757,2399,5.0,5.0,5.0
14320,5.59907865524292,2399,5.0,5.0,5.0
14326,5.601563215255737,2399,9.5,5.0,5.0
14328,5.6021342277526855,2399,12.695,5.0,5.0
14330,5.602615594863892,2399,12.695,5.0,5.0
14340,5.606548070907593,2399,6.746643495000002,5.0,5.0
14341,5.606832265853882,2399,11.071979145500002,5.0,5.0
14350,5.610326766967773,2399,7.264325517362552,5.0,5.0
14360,5.614417791366577,2399,5.0,5.0,5.0
14370,5.619327783584595,2399,5.0,5.0,5.0
14380,5.62198281288147,2399,5.0,5.0,5.0
14390,5.6267616748809814,2399,5.0,5.0,5.0
14393,5.628073215484619,2399,9.5,5.0,5.0
14400,5.631632328033447,2399,6.925500000000001,5.0,5.0
14401,5.631921052932739,2399,11.232950000000002,5.0,5.0
14403,5.632472276687622,2399,14.098689500000003,5.0,5.0
14409,5.634052753448486,2399,13.325135162855002,5.0,5.0
14410,5.634786605834961,2399,13.325135162855002,5.0,5.0
14420,5.637540578842163,2399,5.16243038078438,5.0,5.0
14430,5.64143180847168,2399,5.0,5.0,5.0
14438,5.644859313964844,2399,9.5,5.0,5.0
14440,5.645975828170776,2399,8.55,5.0,5.0
14445,5.648382186889648,2399,11.232950000000002,5.0,5.0
14450,5.6499950885772705,2399,9.098689500000003,5.0,5.0
14460,5.654273509979248,2399,8.188820550000003,5.0,5.0
14462,5.654830455780029,2399,11.632944645500002,5.0,5.0
14470,5.65690279006958,2399,5.564001361814251,5.0,5.0
14480,5.660770893096924,2399,5.0,5.0,5.0
14487,5.663475751876831,2399,9.5,5.0,5.0
14490,5.664642095565796,2399,8.55,5.0,5.0
14491,5.664914608001709,2399,12.695,5.0,5.0
14500,5.668538570404053,2399,8.329189500000002,5.0,5.0
14510,5.672274112701416,2399,6.071979145500001,5.0,5.0
14520,5.677472352981567,2399,5.464781230950001,5.0,5.0
14530,5.681524038314819,2399,5.0,5.0,5.0
14540,5.684737205505371,2399,5.0,5.0,5.0
14550,5.6890599727630615,2399,5.0,5.0,5.0
14560,5.693807125091553,2399,5.0,5.0,5.0
14567,5.695980787277222,2399,9.5,5.0,5.0
14570,5.696727991104126,2399,8.55,5.0,5.0
14580,5.7006425857543945,2399,6.2329500000000015,5.0,5.0
14590,5.704956531524658,2399,5.0,5.0,5.0
14600,5.709274768829346,2399,5.0,5.0,5.0
14604,5.710310697555542,2399,9.5,5.0,5.0
14610,5.712218284606934,2399,6.2329500000000015,5.0,5.0
14620,5.715996503829956,2399,5.609655000000002,5.0,5.0
14630,5.7198426723480225,2399,5.0,5.0,5.0
14640,5.724276781082153,2399,5.0,5.0,5.0
14650,5.728569269180298,2399,5.0,5.0,5.0
14660,5.731482028961182,2399,5.0,5.0,5.0
14663,5.73227334022522,2399,9.5,5.0,5.0
14670,5.733990430831909,2399,6.925500000000001,5.0,5.0
14671,5.734280586242676,2399,11.232950000000002,5.0,5.0
14673,5.734837532043457,2399,14.098689500000003,5.0,5.0
14675,5.73585319519043,2399,17.688820550000003,5.0,5.0
14679,5.736954689025879,2399,16.605635162855002,5.0,5.0
14680,5.737222909927368,2399,14.945071646569502,5.0,5.0
14686,5.739410161972046,2399,14.805461507314252,5.0,5.0
14690,5.741414785385132,2399,13.324915356582828,5.0,5.0
14700,5.746379137039185,2399,9.713863294948883,5.0,5.0
14710,5.750657081604004,2399,7.081406342017737,5.0,5.0
14720,5.754343748092651,2399,6.373265707815963,5.0,5.0
14730,5.757817983627319,2399,5.0,5.0,5.0
14737,5.760632753372192,2399,9.5,5.0,5.0
14739,5.761634111404419,2399,13.55,5.0,5.0
14740,5.761894226074219,2399,12.195,5.0,5.0
14748,5.7649922370910645,2399,13.0011395,5.0,5.0
14750,5.7655065059661865,2399,11.70102555,5.0,5.0
14760,5.768428087234497,2399,6.218404719317551,5.0,5.0
14770,5.772421360015869,2399,5.0,5.0,5.0
14780,5.776986360549927,2399,5.0,5.0,5.0
14782,5.777560710906982,2399,9.5,5.0,5.0
14790,5.781277894973755,2399,6.2329500000000015,5.0,5.0
14795,5.7838966846466064,2399,10.609655000000002,5.0,5.0
14797,5.784471273422241,2399,14.548689500000002,5.0,5.0
14800,5.7852466106414795,2399,11.784438495000002,5.0,5.0
14804,5.786790370941162,2399,13.590855662855,5.0,5.0
14810,5.788388729095459,2399,8.916960400399164,5.0,5.0
14820,5.792237281799316,2399,5.850417718701892,5.0,5.0
14830,5.796360015869141,2399,5.0,5.0,5.0
14840,5.800672292709351,2399,5.0,5.0,5.0
14850,5.804315090179443,2399,5.0,5.0,5.0
14860,5.808130979537964,2399,5.0,5.0,5.0
14870,5.812516689300537,2399,5.0,5.0,5.0
14872,5.81304144859314,2399,9.5,5.0,5.0
14874,5.813564300537109,2399,13.55,5.0,5.0
14880,5.815556049346924,2399,12.195,5.0,5.0
14890,5.819777488708496,2399,9.87795,5.0,5.0
14900,5.823981761932373,2399,10.249547625950001,5.0,5.0
14907,5.826295375823975,2399,11.724728197385797,5.0,5.0
14910,5.827068328857422,2399,8.547326855894246,5.0,5.0
14920,5.830575942993164,2399,5.0,5.0,5.0
14930,5.8349902629852295,2399,5.0,5.0,5.0
14940,5.83782172203064,2399,5.0,5.0,5.0
14950,5.841705560684204,2399,5.0,5.0,5.0
14958,5.844672918319702,2399,9.5,5.0,5.0
14960,5.8456525802612305,2399,8.55,5.0,5.0
14970,5.849238634109497,2399,5.0,5.0,5.0
14980,5.854049444198608,2399,5.0,5.0,5.0
14990,5.858479022979736,2399,5.0,5.0,5.0
15000,5.862667083740234,2399,5.0,5.0,5.0
15010,5.866583347320557,2399,5.0,5.0,5.0
15020,5.870030879974365,2399,5.0,5.0,5.0
15025,5.87273383140564,2399,9.5,5.0,5.0
15030,5.8742969036102295,2399,8.55,5.0,5.0
15040,5.8776774406433105,2399,5.609655000000002,5.0,5.0
15050,5.881130933761597,2399,9.5,5.0,5.0
15060,5.885088205337524,2399,5.609655000000002,5.0,5.0
15070,5.889810800552368,2399,5.0,5.0,5.0
15080,5.893126726150513,2399,5.0,5.0,5.0
15090,5.896929502487183,2399,5.0,5.0,5.0
15100,5.9007954597473145,2399,5.0,5.0,5.0
15110,5.906092643737793,2399,5.0,5.0,5.0
15120,5.912813901901245,2399,5.0,5.0,5.0
15130,5.917751789093018,2399,5.0,5.0,5.0
15140,5.922750234603882,2399,5.0,5.0,5.0
15150,5.926804780960083,2399,5.0,5.0,5.0
15160,5.930574655532837,2399,5.0,5.0,5.0
15170,5.93353009223938,2399,5.0,5.0,5.0
15180,5.938232421875,2399,5.0,5.0,5.0
15190,5.943639755249023,2399,5.0,5.0,5.0
15200,5.946930646896362,2399,5.0,5.0,5.0
15207,5.9497761726379395,2399,9.5,5.0,5.0
15210,5.950505971908569,2399,9.5,5.0,5.0
15220,5.954126834869385,2399,5.048689500000002,5.0,5.0
15230,5.958502292633057,2399,5.0,5.0,5.0
15233,5.959291934967041,2399,9.5,5.0,5.0
15240,5.962053060531616,2399,7.695000000000001,5.0,5.0
15249,5.964917421340942,2399,10.048689500000002,5.0,5.0
15250,5.96519923210144,2399,9.043820550000001,5.0,5.0
15260,5.968184232711792,2399,5.933650662855002,5.0,5.0
15270,5.971919536590576,2399,5.0,5.0,5.0
15280,5.975877285003662,2399,5.0,5.0,5.0
15290,5.979848861694336,2399,5.0,5.0,5.0
15300,5.985407114028931,2399,5.0,5.0,5.0
15310,5.98891544342041,2399,5.0,5.0,5.0
15313,5.989781141281128,2399,9.5,5.0,5.0
15320,5.9929115772247314,2399,8.55,5.0,5.0
15330,5.996466636657715,2399,5.0,5.0,5.0
15340,6.001941680908203,2399,5.0,5.0,5.0
15350,6.0082666873931885,2399,5.0,5.0,5.0
15356,6.011242866516113,2399,9.5,5.0,5.0
15360,6.012813568115234,2399,7.695000000000001,5.0,5.0
15370,6.016308784484863,2399,5.0,5.0,5.0
15380,6.020793914794922,2399,5.0,5.0,5.0
15390,6.024886608123779,2399,5.0,5.0,5.0
15400,6.028909206390381,2399,5.0,5.0,5.0
15401,6.029260635375977,2399,9.5,5.0,5.0
15410,6.033506155014038,2399,6.2329500000000015,5.0,5.0
15420,6.039342164993286,2399,5.048689500000002,5.0,5.0
15430,6.044336795806885,2399,5.0,5.0,5.0
15440,6.049466848373413,2399,5.0,5.0,5.0
15444,6.0505897998809814,2399,9.5,5.0,5.0
15450,6.0526769161224365,2399,6.2329500000000015,5.0,5.0
15460,6.05713415145874,2399,5.048689500000002,5.0,5.0
15463,6.057968378067017,2399,9.5,5.0,5.0
15465,6.059020519256592,2399,13.55,5.0,5.0
15470,6.060682773590088,2399,12.195,5.0,5.0
15478,6.064253568649292,2399,13.890155,5.0,5.0
15480,6.064778566360474,2399,11.251025550000001,5.0,5.0
15490,6.06816554069519,2399,7.381797863355001,5.0,5.0
15491,6.068471431732178,2399,11.6436180770195,5.0,5.0
15500,6.072028398513794,2399,6.875440038299246,5.0,5.0
15502,6.073092937469482,2399,11.187896034469322,5.0,5.0
15507,6.074427843093872,2399,13.155976209128136,5.0,5.0
15510,6.075192451477051,2399,10.656340729393792,5.0,5.0
15520,6.0790627002716064,2399,6.292462637299741,5.0,5.0
15528,6.081218957901001,2399,9.5,5.0,5.0
15530,6.082179307937622,2399,9.5,5.0,5.0
15540,6.086963891983032,2399,7.695000000000001,5.0,5.0
15546,6.0890820026397705,2399,10.048689500000002,5.0,5.0
15550,6.0905256271362305,2399,8.139438495000002,5.0,5.0
15552,6.091104745864868,2399,11.592945180950002,5.0,5.0
15560,6.0946266651153564,2399,6.845518199899167,5.0,5.0
15569,6.098405838012695,2399,9.5,5.0,5.0
15570,6.098666429519653,2399,8.55,5.0,5.0
15571,6.09895920753479,2399,12.695,5.0,5.0
15580,6.102205753326416,2399,7.496270550000002,5.0,5.0
15590,6.1077561378479,2399,6.071979145500001,5.0,5.0
15600,6.112766265869141,2399,5.0,5.0,5.0
15610,6.116917133331299,2399,5.0,5.0,5.0
15613,6.117783784866333,2399,9.5,5.0,5.0
15616,6.118661165237427,2399,11.925500000000001,5.0,5.0
15620,6.119704008102417,2399,9.659655,5.0,5.0
15630,6.1230995655059814,2399,7.824320550000001,5.0,5.0
15640,6.128403902053833,2399,5.703929680950001,5.0,5.0
15650,6.1321539878845215,2399,5.0,5.0,5.0
15660,6.137159585952759,2399,5.0,5.0,5.0
15670,6.141078472137451,2399,5.0,5.0,5.0
15680,6.146754741668701,2399,5.0,5.0,5.0
15690,6.151451826095581,2399,5.0,5.0,5.0
15700,6.155841112136841,2399,5.0,5.0,5.0
15710,6.16032600402832,2399,5.0,5.0,5.0
15720,6.165136814117432,2399,5.0,5.0,5.0
15730,6.170657396316528,2399,5.0,5.0,5.0
15740,6.175787687301636,2399,5.0,5.0,5.0
15750,6.179467439651489,2399,5.0,5.0,5.0
15760,6.183631658554077,2399,5.0,5.0,5.0
15770,6.188601732254028,2399,5.0,5.0,5.0
15780,6.192518711090088,2399,5.0,5.0,5.0
15781,6.192834854125977,2399,9.5,5.0,5.0
15790,6.1966392993927,2399,6.2329500000000015,5.0,5.0
15800,6.199637413024902,2399,5.0,5.0,5.0
15810,6.203526496887207,2399,5.0,5.0,5.0
15813,6.20430326461792,2399,9.5,5.0,5.0
15818,6.205657720565796,2399,11.232950000000002,5.0,5.0
15820,6.206152677536011,2399,10.109655000000002,5.0,5.0
15830,6.210054397583008,2399,6.632944645500002,5.0,5.0
15840,6.214459180831909,2399,5.0,5.0,5.0
15850,6.217872381210327,2399,5.0,5.0,5.0
15860,6.222256660461426,2399,5.0,5.0,5.0
15870,6.227108001708984,2399,5.0,5.0,5.0
15880,6.229438543319702,2399,5.0,5.0,5.0
15890,6.232525110244751,2399,5.0,5.0,5.0
15891,6.232821226119995,2399,9.5,5.0,5.0
15900,6.235734462738037,2399,5.0,5.0,5.0
15910,6.239714860916138,2399,9.5,5.0,5.0
15920,6.242779493331909,2399,5.048689500000002,5.0,5.0
15930,6.2483069896698,2399,5.0,5.0,5.0
15940,6.252088308334351,2399,5.0,5.0,5.0
15948,6.25525975227356,2399,9.5,5.0,5.0
15950,6.255811929702759,2399,7.695000000000001,5.0,5.0
15960,6.259307384490967,2399,10.609655000000002,5.0,5.0
15970,6.263152599334717,2399,7.734438495000002,5.0,5.0
15971,6.263458251953125,2399,11.960994645500001,5.0,5.0
15974,6.265225887298584,2399,15.76489518095,5.0,5.0
15980,6.267264366149902,2399,10.343347728221296,5.0,5.0
15990,6.2708399295806885,2399,6.107643400037394,5.0,5.0
16000,6.274660587310791,2399,5.0,5.0,5.0
16010,6.279632568359375,2399,5.0,5.0,5.0
16018,6.283689975738525,2399,9.5,5.0,5.0
16020,6.284238576889038,2399,7.695000000000001,5.0,5.0
16030,6.287669897079468,2399,5.048689500000002,5.0,5.0
16038,6.2908875942230225,2399,9.5,5.0,5.0
16040,6.291325807571411,2399,8.55,5.0,5.0
16050,6.297069549560547,2399,6.2329500000000015,5.0,5.0
16058,6.300261735916138,2399,9.5,5.0,5.0
16060,6.300840854644775,2399,7.695000000000001,5.0,5.0
16070,6.304829120635986,2399,5.609655000000002,5.0,5.0
16076,6.306908845901489,2399,9.5,5.0,5.0
16077,6.3072216510772705,2399,13.55,5.0,5.0
16080,6.30839729309082,2399,12.195,5.0,5.0
16090,6.313371181488037,2399,9.87795,5.0,5.0
16093,6.314170598983765,2399,13.0011395,5.0,5.0
16100,6.316908597946167,2399,10.530922995000001,5.0,5.0
16110,6.320512294769287,2399,6.218404719317551,5.0,5.0
16120,6.324686050415039,2399,5.0,5.0,5.0
16130,6.329073905944824,2399,5.0,5.0,5.0
16136,6.331084489822388,2399,9.5,5.0,5.0
16140,6.332634210586548,2399,7.695000000000001,5.0,5.0
16150,6.337261199951172,2399,5.0,5.0,5.0
16160,6.342714071273804,2399,5.0,5.0,5.0
16170,6.345958232879639,2399,5.0,5.0,5.0
16180,6.350449085235596,2399,5.0,5.0,5.0
16190,6.355422258377075,2399,5.0,5.0,5.0
16200,6.359374284744263,2399,5.0,5.0,5.0
16210,6.363701581954956,2399,5.0,5.0,5.0
16217,6.366034030914307,2399,9.5,5.0,5.0
16218,6.366342306137085,2399,13.55,5.0,5.0
16220,6.366882085800171,2399,10.9755,5.0,5.0
16224,6.3694775104522705,2399,13.0011395,5.0,5.0
16230,6.3724541664123535,2399,16.70102555,5.0,5.0
16240,6.375675201416016,2399,12.988048747385795,5.0,5.0
16250,6.380087852478027,2399,7.669312904843839,5.0,5.0
16258,6.382540941238403,2399,10.590929107631158,5.0,5.0
16260,6.383985996246338,2399,10.590929107631158,5.0,5.0
16270,6.387426376342773,2399,6.253837728765123,5.0,5.0
16279,6.390170335769653,2399,10.06560856029975,5.0,5.0
16280,6.390411376953125,2399,10.06560856029975,5.0,5.0
16290,6.394487142562866,2399,5.349277078894262,5.0,5.0
16300,6.39794921875,2399,5.0,5.0,5.0
16302,6.398422002792358,2399,9.5,5.0,5.0
16310,6.401769399642944,2399,6.2329500000000015,5.0,5.0
16320,6.406683683395386,2399,5.0,5.0,5.0
16330,6.4107749462127686,2399,5.0,5.0,5.0
16340,6.415160179138184,2399,5.0,5.0,5.0
16344,6.416666746139526,2399,9.5,5.0,5.0
16349,6.418917417526245,2399,12.695,5.0,5.0
16350,6.4192304611206055,2399,16.4255,5.0,5.0
16360,6.422269582748413,2399,8.729184145500001,5.0,5.0
16362,6.422837495803833,2399,12.070639157855002,5.0,5.0
16370,6.426755905151367,2399,13.799495946076297,5.0,5.0
16375,6.428962469100952,2399,16.1775917163218,5.0,5.0
16376,6.429274320602417,2399,19.55983254468962,5.0,5.0
16380,6.430185794830322,2399,17.60384929022066,5.0,5.0
16390,6.433760643005371,2399,7.577879889221769,5.0,5.0
16400,6.438307762145996,2399,5.0,5.0,5.0
16410,6.442759037017822,2399,5.0,5.0,5.0
16420,6.447142601013184,2399,5.0,5.0,5.0
16430,6.451921224594116,2399,5.0,5.0,5.0
16440,6.45659327507019,2399,5.0,5.0,5.0
16448,6.459697008132935,2399,9.5,5.0,5.0
16450,6.460304260253906,2399,12.695,5.0,5.0
16460,6.464590072631836,2399,6.746643495000002,5.0,5.0
16461,6.464887857437134,2399,11.071979145500002,5.0,5.0
16466,6.467219352722168,2399,13.071472797069502,5.0,5.0
16470,6.469234228134155,2399,10.587892965626297,5.0,5.0
16476,6.472160577774048,2399,13.576193302157302,5.0,5.0
16480,6.473140001296997,2399,9.897044917272673,5.0,5.0
16490,6.477113246917725,2399,6.4934511702226025,5.0,5.0
16500,6.482068300247192,2399,5.0,5.0,5.0
16510,6.486799716949463,2399,5.0,5.0,5.0
16519,6.492201328277588,2399,9.5,5.0,5.0
16520,6.492580413818359,2399,8.55,5.0,5.0
16530,6.497565984725952,2399,5.048689500000002,5.0,5.0
16540,6.50170111656189,2399,5.0,5.0,5.0
16550,6.504642963409424,2399,5.0,5.0,5.0
16560,6.509361505508423,2399,5.0,5.0,5.0
16561,6.5096917152404785,2399,9.5,5.0,5.0
16570,6.513780117034912,2399,6.925500000000001,5.0,5.0
16574,6.5148773193359375,2399,10.048689500000002,5.0,5.0
16575,6.515249729156494,2399,14.043820550000001,5.0,5.0
16577,6.515814781188965,2399,16.3754946455,5.0,5.0
16579,6.516838788986206,2399,19.73794518095,5.0,5.0
16580,6.517563581466675,2399,19.73794518095,5.0,5.0
16590,6.5219011306762695,2399,11.655059249899168,5.0,5.0
16600,6.525697469711304,2399,11.882195936472959,5.0,5.0
16610,6.528645753860474,2399,5.683217481607613,5.0,5.0
16620,6.5329368114471436,2399,5.0,5.0,5.0
16630,6.536818504333496,2399,5.0,5.0,5.0
16640,6.541388511657715,2399,5.0,5.0,5.0
16650,6.547231435775757,2399,5.0,5.0,5.0
16660,6.551241159439087,2399,5.0,5.0,5.0
16670,6.554869174957275,2399,5.0,5.0,5.0
16677,6.557369947433472,2399,9.5,5.0,5.0
16678,6.557665586471558,2399,13.55,5.0,5.0
16680,6.558209180831909,2399,10.9755,5.0,5.0
16690,6.562844276428223,2399,7.201025550000001,5.0,5.0
16697,6.564438104629517,2399,10.249547625950001,5.0,5.0
16700,6.5652735233306885,2399,7.471920219317552,5.0,5.0
16710,6.5693418979644775,2399,5.0,5.0,5.0
16720,6.575244903564453,2399,5.0,5.0,5.0
16730,6.57886528968811,2399,5.0,5.0,5.0
16740,6.582770824432373,2399,5.0,5.0,5.0
16750,6.585808038711548,2399,5.0,5.0,5.0
16752,6.5864622592926025,2399,9.5,5.0,5.0
16760,6.590035676956177,2399,6.2329500000000015,5.0,5.0
16766,6.593508243560791,2399,10.048689500000002,5.0,5.0
16770,6.59458065032959,2399,7.325494645500002,5.0,5.0
16780,6.598098039627075,2399,5.0,5.0,5.0
16790,6.6026201248168945,2399,5.0,5.0,5.0
16800,6.608025312423706,2399,5.0,5.0,5.0
16810,6.611177206039429,2399,5.0,5.0,5.0
16820,6.615123271942139,2399,5.0,5.0,5.0
16830,6.618720293045044,2399,5.0,5.0,5.0
16834,6.620170831680298,2399,9.5,5.0,5.0
16836,6.620769500732422,2399,12.695,5.0,5.0
16840,6.6228392124176025,2399,11.425500000000001,5.0,5.0
16847,6.6256232261657715,2399,13.329189500000002,5.0,5.0
16850,6.626865386962891,2399,11.996270550000002,5.0,5.0
16860,6.629963636398315,2399,7.083677797069503,5.0,5.0
16870,6.632843494415283,2399,5.164001114063668,5.0,5.0
16880,6.637017488479614,2399,5.0,5.0,5.0
16881,6.6373231410980225,2399,9.5,5.0,5.0
16890,6.6410722732543945,2399,6.2329500000000015,5.0,5.0
16891,6.641396522521973,2399,10.609655000000002,5.0,5.0
16900,6.645963430404663,2399,9.548689500000002,5.0,5.0
16907,6.6485373973846436,2399,10.638405662855002,5.0,5.0
16910,6.649278163909912,2399,8.617108586912552,5.0,5.0
16920,6.654271602630615,2399,5.088316449485994,5.0,5.0
16930,6.658357620239258,2399,5.0,5.0,5.0
16940,6.6614861488342285,2399,5.0,5.0,5.0
16943,6.662314176559448,2399,9.5,5.0,5.0
16950,6.665116310119629,2399,6.2329500000000015,5.0,5.0
16960,6.66845178604126,2399,5.0,5.0,5.0
16970,6.67306923866272,2399,5.0,5.0,5.0
16980,6.677440643310547,2399,5.0,5.0,5.0
16989,6.680896282196045,2399,9.5,5.0,5.0
16990,6.6811842918396,2399,8.55,5.0,5.0
16995,6.682509183883667,2399,11.232950000000002,5.0,5.0
17000,6.683667182922363,2399,10.109655000000002,5.0,5.0
17004,6.685220003128052,2399,14.098689500000003,5.0,5.0
17008,6.686710357666016,2399,16.419938495000004,5.0,5.0
17010,6.687232732772827,2399,14.777944645500003,5.0,5.0
17012,6.687817811965942,2399,16.970135162855,5.0,5.0
17014,6.688381910324097,2399,20.2731216465695,5.0,5.0
17020,6.690362930297852,2399,14.779105680349168,5.0,5.0
17021,6.690667390823364,2399,18.301195112314254,5.0,5.0
17030,6.693547487258911,2399,8.75340488851506,5.0,5.0
17040,6.698103666305542,2399,5.168798052619259,5.0,5.0
17042,6.699240684509277,2399,9.651918247357333,5.0,5.0
17050,6.70283842086792,2399,7.036248402323496,5.0,5.0
17060,6.708261013031006,2399,5.129425085293829,5.0,5.0
17068,6.711110591888428,2399,9.616482576764447,5.0,5.0
17070,6.711640357971191,2399,8.654834319088003,5.0,5.0
17080,6.715151786804199,2399,5.6784367967536395,5.0,5.0
17090,6.719112157821655,2399,5.0,5.0,5.0
17099,6.723245143890381,2399,9.5,5.0,5.0
17100,6.7239768505096436,2399,9.5,5.0,5.0
17110,6.728502511978149,2399,6.2329500000000015,5.0,5.0
17120,6.732811450958252,2399,5.048689500000002,5.0,5.0
17130,6.736785650253296,2399,5.0,5.0,5.0
17140,6.740625619888306,2399,5.0,5.0,5.0
17150,6.744810104370117,2399,5.0,5.0,5.0
17160,6.749254941940308,2399,5.0,5.0,5.0
17165,6.751943111419678,2399,9.5,5.0,5.0
17170,6.754712820053101,2399,8.55,5.0,5.0
17180,6.757747411727905,2399,5.609655000000002,5.0,5.0
17190,6.76179575920105,2399,5.0,5.0,5.0
17198,6.765420913696289,2399,9.5,5.0,5.0
17200,6.766464471817017,2399,9.5,5.0,5.0
17209,6.77023458480835,2399,11.232950000000002,5.0,5.0
17210,6.7709596157073975,2399,11.232950000000002,5.0,5.0
17220,6.775230884552002,2399,5.969650180950002,5.0,5.0
17230,6.780313491821289,2399,5.0,5.0,5.0
17238,6.783036708831787,2399,9.5,5.0,5.0
17240,6.784081220626831,2399,8.55,5.0,5.0
17250,6.786680459976196,2399,5.0,5.0,5.0
17260,6.790243148803711,2399,5.0,5.0,5.0
17270,6.795644044876099,2399,5.0,5.0,5.0
17280,6.7992026805877686,2399,5.0,5.0,5.0
17290,6.8047192096710205,2399,5.0,5.0,5.0
17300,6.808300018310547,2399,5.0,5.0,5.0
17310,6.812694072723389,2399,5.0,5.0,5.0
17320,6.816667556762695,2399,5.0,5.0,5.0
17330,6.822049140930176,2399,5.0,5.0,5.0
17340,6.825639963150024,2399,5.0,5.0,5.0
17350,6.830140113830566,2399,5.0,5.0,5.0
17360,6.833343267440796,2399,5.0,5.0,5.0
17370,6.838498115539551,2399,5.0,5.0,5.0
17374,6.839959144592285,2399,9.5,5.0,5.0
17380,6.843024015426636,2399,12.695,5.0,5.0
17384,6.844158172607422,2399,14.254655000000001,5.0,5.0
17386,6.8452067375183105,2399,17.829189500000002,5.0,5.0
17389,6.846439361572266,2399,19.441643495,5.0,5.0
17390,6.847177982330322,2399,19.441643495,5.0,5.0
17400,6.850880146026611,2399,9.298877814563669,5.0,5.0
17401,6.851196765899658,2399,13.368990033107302,5.0,5.0
17410,6.85462498664856,2399,9.745993734135224,5.0,5.0
17411,6.854938268661499,2399,13.771394360721702,5.0,5.0
17420,6.858238458633423,2399,10.039346488966121,5.0,5.0
17430,6.861249685287476,2399,5.9281337082696055,5.0,5.0
17440,6.865945816040039,2399,9.5,5.0,5.0
17447,6.868355989456177,2399,11.232950000000002,5.0,5.0
17449,6.8689539432525635,2399,14.098689500000003,5.0,5.0
17450,6.869702100753784,2399,14.098689500000003,5.0,5.0
17460,6.873576402664185,2399,6.7433594819125515,5.0,5.0
17469,6.878118276596069,2399,9.915909062314249,5.0,5.0
17470,6.878418684005737,2399,8.924318156082824,5.0,5.0
17475,6.879884481430054,2399,10.269720627985347,5.0,5.0
17480,6.882193565368652,2399,7.486626337801319,5.0,5.0
17490,6.885879278182983,2399,5.0,5.0,5.0
17500,6.889896392822266,2399,5.0,5.0,5.0
17510,6.89443564414978,2399,5.0,5.0,5.0
17512,6.895102262496948,2399,9.5,5.0,5.0
17513,6.895459175109863,2399,13.55,5.0,5.0
17520,6.897867918014526,2399,8.890155,5.0,5.0
17530,6.901607990264893,2399,5.0,5.0,5.0
17539,6.903967380523682,2399,9.5,5.0,5.0
17540,6.904243230819702,2399,8.55,5.0,5.0
17550,6.907398462295532,2399,6.925500000000001,5.0,5.0
17554,6.908799409866333,2399,10.609655000000002,5.0,5.0
17560,6.911381244659424,2399,7.734438495000002,5.0,5.0
17570,6.9159836769104,2399,5.0745650965695015,5.0,5.0
17580,6.9210205078125,2399,5.0,5.0,5.0
17590,6.926695823669434,2399,5.0,5.0,5.0
17600,6.9307591915130615,2399,5.0,5.0,5.0
17607,6.933059453964233,2399,9.5,5.0,5.0
17610,6.93437647819519,2399,7.695000000000001,5.0,5.0
17620,6.9374096393585205,2399,5.048689500000002,5.0,5.0
17630,6.941470146179199,2399,5.0,5.0,5.0
17640,6.944930791854858,2399,5.0,5.0,5.0
17647,6.948169708251953,2399,9.5,5.0,5.0
17650,6.9490439891815186,2399,6.925500000000001,5.0,5.0
17660,6.9532082080841064,2399,5.048689500000002,5.0,5.0
17670,6.9568047523498535,2399,5.0,5.0,5.0
17680,6.961047172546387,2399,5.0,5.0,5.0
17690,6.965500831604004,2399,5.0,5.0,5.0
17700,6.969338417053223,2399,5.0,5.0,5.0
17710,6.974697589874268,2399,5.0,5.0,5.0
17720,6.9798197746276855,2399,5.0,5.0,5.0
17730,6.985105514526367,2399,5.0,5.0,5.0
17740,6.988384485244751,2399,5.0,5.0,5.0
17746,6.991558313369751,2399,9.5,5.0,5.0
17750,6.993042707443237,2399,8.55,5.0,5.0
17760,6.996630907058716,2399,5.609655000000002,5.0,5.0
17764,6.999261379241943,2399,10.048689500000002,5.0,5.0
17770,7.0013203620910645,2399,13.139438495000002,5.0,5.0
17777,7.0033628940582275,2399,13.620785596569503,5.0,5.0
17780,7.004194736480713,2399,11.032836333221297,5.0,5.0
17790,7.007373332977295,2399,7.238643918226493,5.0,5.0
17800,7.012211322784424,2399,5.0,5.0,5.0
17805,7.013965845108032,2399,9.5,5.0,5.0
17810,7.0158116817474365,2399,8.55,5.0,5.0
17820,7.02008581161499,2399,5.048689500000002,5.0,5.0
17830,7.023935794830322,2399,5.0,5.0,5.0
17840,7.0286290645599365,2399,5.0,5.0,5.0
17848,7.032798767089844,2399,9.5,5.0,5.0
17850,7.033440113067627,2399,12.695,5.0,5.0
17859,7.0368733406066895,2399,13.329189500000002,5.0,5.0
17860,7.037177562713623,2399,11.996270550000002,5.0,5.0
17870,7.040950298309326,2399,7.083677797069503,5.0,5.0
17880,7.045075178146362,2399,5.164001114063668,5.0,5.0
17890,7.0493316650390625,2399,5.0,5.0,5.0
17900,7.054636478424072,2399,5.0,5.0,5.0
17910,7.059406280517578,2399,5.0,5.0,5.0
17915,7.0617146492004395,2399,9.5,5.0,5.0
17920,7.06389307975769,2399,8.55,5.0,5.0
17930,7.067112684249878,2399,5.609655000000002,5.0,5.0
17940,7.071176767349243,2399,5.0,5.0,5.0
17950,7.07586669921875,2399,5.0,5.0,5.0
17958,7.078362941741943,2399,9.5,5.0,5.0
17960,7.079429626464844,2399,8.55,5.0,5.0
17970,7.083205699920654,2399,5.048689500000002,5.0,5.0
17980,7.087846279144287,2399,5.0,5.0,5.0
17981,7.088191032409668,2399,9.5,5.0,5.0
17990,7.09167218208313,2399,5.609655000000002,5.0,5.0
18000,7.096736669540405,2399,5.0,5.0,5.0
18010,7.100635051727295,2399,5.0,5.0,5.0
18020,7.104951858520508,2399,5.0,5.0,5.0
18030,7.108687162399292,2399,5.0,5.0,5.0
18031,7.109027862548828,2399,9.5,5.0,5.0
18040,7.113104820251465,2399,6.2329500000000015,5.0,5.0
18047,7.116343021392822,2399,10.048689500000002,5.0,5.0
18050,7.118125915527344,2399,9.043820550000001,5.0,5.0
18060,7.121894359588623,2399,5.933650662855002,5.0,5.0
18070,7.125042915344238,2399,9.5,5.0,5.0
18080,7.129143476486206,2399,6.2329500000000015,5.0,5.0
18090,7.132150650024414,2399,5.0,5.0,5.0
18100,7.1363794803619385,2399,5.0,5.0,5.0
18110,7.140615701675415,2399,5.0,5.0,5.0
18120,7.146418571472168,2399,5.0,5.0,5.0
18130,7.150080919265747,2399,5.0,5.0,5.0
18136,7.15272068977356,2399,9.5,5.0,5.0
18137,7.153059482574463,2399,13.55,5.0,5.0
18140,7.154455900192261,2399,10.9755,5.0,5.0
18142,7.15511679649353,2399,13.890155,5.0,5.0
18150,7.158182382583618,2399,9.113330695500002,5.0,5.0
18160,7.163920164108276,2399,5.381330642385796,5.0,5.0
18170,7.168168067932129,2399,5.0,5.0,5.0
18180,7.171866178512573,2399,5.0,5.0,5.0
18185,7.174168825149536,2399,9.5,5.0,5.0
18190,7.175997257232666,2399,8.55,5.0,5.0
18200,7.180143594741821,2399,5.609655000000002,5.0,5.0
18210,7.184237480163574,2399,5.0,5.0,5.0
18211,7.184588193893433,2399,9.5,5.0,5.0
18219,7.186831474304199,2399,11.232950000000002,5.0,5.0
18220,7.187688827514648,2399,11.232950000000002,5.0,5.0
18230,7.191899299621582,2399,5.969650180950002,5.0,5.0
18240,7.196051359176636,2399,5.372685162855002,5.0,5.0
18242,7.1970250606536865,2399,9.835416646569502,5.0,5.0
18250,7.201074838638306,2399,7.170018735349167,5.0,5.0
18259,7.204837322235107,2399,10.226943658069544,5.0,5.0
18260,7.205122947692871,2399,9.20424929226259,5.0,5.0
18270,7.208357810974121,2399,9.891515448129324,5.0,5.0
18280,7.213568687438965,2399,7.210914761686277,5.0,5.0
18290,7.2191314697265625,2399,5.840840956965885,5.0,5.0
18300,7.223269701004028,2399,5.0,5.0,5.0
18305,7.226116895675659,2399,9.5,5.0,5.0
18310,7.227797269821167,2399,6.925500000000001,5.0,5.0
18312,7.228849172592163,2399,11.232950000000002,5.0,5.0
18316,7.23004412651062,2399,13.188820550000003,5.0,5.0
18320,7.232110023498535,2399,11.869938495000003,5.0,5.0
18330,7.239171028137207,2399,7.009079981912553,5.0,5.0
18340,7.244305372238159,2399,5.0,5.0,5.0
18350,7.248420238494873,2399,5.0,5.0,5.0
18360,7.2518205642700195,2399,5.0,5.0,5.0
18363,7.253242015838623,2399,9.5,5.0,5.0
18370,7.255443811416626,2399,5.609655000000002,5.0,5.0
18373,7.2567222118377686,2399,10.048689500000002,5.0,5.0
18380,7.260189771652222,2399,7.325494645500002,5.0,5.0
18390,7.266115427017212,2399,5.933650662855002,5.0,5.0
18395,7.268052339553833,2399,9.5,5.0,5.0
18400,7.26948094367981,2399,6.925500000000001,5.0,5.0
18402,7.270578384399414,2399,11.232950000000002,5.0,5.0
18406,7.272236108779907,2399,13.188820550000003,5.0,5.0
18407,7.272579908370972,2399,16.869938495000003,5.0,5.0
18410,7.273510694503784,2399,12.298185162855003,5.0,5.0
18420,7.276630401611328,2399,8.068839285349169,5.0,5.0
18430,7.280362606048584,2399,7.261955356814252,5.0,5.0
18440,7.284667491912842,2399,5.0,5.0,5.0
18449,7.28918981552124,2399,9.5,5.0,5.0
18450,7.289485454559326,2399,8.55,5.0,5.0
18458,7.293077707290649,2399,11.925500000000001,5.0,5.0
18459,7.293397665023804,2399,15.73295,5.0,5.0
18460,7.293675661087036,2399,14.159655,5.0,5.0
18470,7.298752307891846,2399,9.2901496455,5.0,5.0
18480,7.302340745925903,2399,5.485740464171296,5.0,5.0
18484,7.303962230682373,2399,9.5,5.0,5.0
18490,7.30601692199707,2399,6.925500000000001,5.0,5.0
18500,7.310446262359619,2399,5.609655000000002,5.0,5.0
18503,7.311870098114014,2399,9.543820550000003,5.0,5.0
18506,7.3132171630859375,2399,12.730494645500002,5.0,5.0
18510,7.3146586418151855,2399,10.311700662855001,5.0,5.0
18520,7.319666624069214,2399,5.0,5.0,5.0
18526,7.322405576705933,2399,9.5,5.0,5.0
18529,7.3233513832092285,2399,12.695,5.0,5.0
18530,7.3236494064331055,2399,11.425500000000001,5.0,5.0
18540,7.327546834945679,2399,5.464781230950001,5.0,5.0
18550,7.332967042922974,2399,5.0,5.0,5.0
18559,7.335885047912598,2399,9.5,5.0,5.0
18560,7.33622407913208,2399,13.55,5.0,5.0
18561,7.336580753326416,2399,17.195,5.0,5.0
18567,7.338335037231445,2399,16.2816395,5.0,5.0
18570,7.340143918991089,2399,16.2816395,5.0,5.0
18577,7.343185186386108,2399,15.682383675950001,5.0,5.0
18580,7.344071865081787,2399,11.43245769976755,5.0,5.0
18590,7.348819017410278,2399,7.5008354968174915,5.0,5.0
18600,7.352685928344727,2399,5.0,5.0,5.0
18610,7.357259035110474,2399,5.0,5.0,5.0
18620,7.361405611038208,2399,5.0,5.0,5.0
18630,7.365630626678467,2399,5.0,5.0,5.0
18640,7.369463682174683,2399,5.0,5.0,5.0
18649,7.373961687088013,2399,9.5,5.0,5.0
18650,7.374714136123657,2399,9.5,5.0,5.0
18660,7.379591464996338,2399,6.2329500000000015,5.0,5.0
18670,7.384495496749878,2399,5.0,5.0,5.0
18675,7.387017011642456,2399,9.5,5.0,5.0
18680,7.389431476593018,2399,6.925500000000001,5.0,5.0
18682,7.390568017959595,2399,11.232950000000002,5.0,5.0
18690,7.394767999649048,2399,6.632944645500002,5.0,5.0
18695,7.396737098693848,2399,10.969650180950001,5.0,5.0
18700,7.398695707321167,2399,8.885416646569501,5.0,5.0
18702,7.399341344833374,2399,12.197187483721297,5.0,5.0
18710,7.402172327041626,2399,7.202317237262591,5.0,5.0
18715,7.403923749923706,2399,10.8338769621827,5.0,5.0
18719,7.404946565628052,2399,12.897896305431189,5.0,5.0
18720,7.4052348136901855,2399,16.60810667488807,5.0,5.0
18721,7.405519723892212,2399,19.947296007399263,5.0,5.0
18730,7.408779144287109,2399,11.778678819409192,5.0,5.0
18740,7.41257643699646,2399,6.955192056072934,5.0,5.0
18749,7.416289329528809,2399,9.5,5.0,5.0
18750,7.416565418243408,2399,8.55,5.0,5.0
18760,7.421027898788452,2399,6.2329500000000015,5.0,5.0
18770,7.424299716949463,2399,5.609655000000002,5.0,5.0
18774,7.426308631896973,2399,9.543820550000003,5.0,5.0
18780,7.42885422706604,2399,6.261700662855002,5.0,5.0
18790,7.432655572891235,2399,5.0,5.0,5.0
18800,7.435889005661011,2399,5.0,5.0,5.0
18810,7.4396750926971436,2399,5.0,5.0,5.0
18820,7.444161415100098,2399,5.0,5.0,5.0
18830,7.448250770568848,2399,5.0,5.0,5.0
18840,7.452087163925171,2399,5.0,5.0,5.0
18850,7.4558515548706055,2399,5.0,5.0,5.0
18860,7.4628119468688965,2399,5.0,5.0,5.0
18870,7.4657793045043945,2399,5.0,5.0,5.0
18874,7.467759847640991,2399,9.5,5.0,5.0
18880,7.470161199569702,2399,7.695000000000001,5.0,5.0
18885,7.471333265304565,2399,10.609655000000002,5.0,5.0
18890,7.472400426864624,2399,7.734438495000002,5.0,5.0
18900,7.476898193359375,2399,5.0,5.0,5.0
18901,7.477186441421509,2399,9.5,5.0,5.0
18910,7.48129415512085,2399,6.925500000000001,5.0,5.0
18914,7.4833824634552,2399,10.609655000000002,5.0,5.0
18920,7.485313415527344,2399,8.593820550000002,5.0,5.0
18930,7.48967981338501,2399,6.264895180950002,5.0,5.0
18931,7.489969968795776,2399,10.638405662855002,5.0,5.0
18940,7.493203639984131,2399,6.281872159859251,5.0,5.0
18944,7.4956443309783936,2399,10.653684943873326,5.0,5.0
18950,7.499546051025391,2399,8.629484804537395,5.0,5.0
18960,7.502350807189941,2399,5.661804980256985,5.0,5.0
18970,7.507239818572998,2399,5.0,5.0,5.0
18980,7.511631965637207,2399,5.0,5.0,5.0
18990,7.515398025512695,2399,5.0,5.0,5.0
18996,7.51733922958374,2399,9.5,5.0,5.0
19000,7.519375562667847,2399,8.55,5.0,5.0
19010,7.523786544799805,2399,5.048689500000002,5.0,5.0
19020,7.528476715087891,2399,5.0,5.0,5.0
19021,7.528758764266968,2399,9.5,5.0,5.0
19030,7.531886577606201,2399,6.925500000000001,5.0,5.0
19040,7.536202430725098,2399,5.0,5.0,5.0
19050,7.539604187011719,2399,5.0,5.0,5.0
19060,7.541973829269409,2399,5.0,5.0,5.0
19066,7.544995546340942,2399,9.5,5.0,5.0
19070,7.5461084842681885,2399,6.925500000000001,5.0,5.0
19071,7.546400308609009,2399,11.232950000000002,5.0,5.0
19080,7.548396110534668,2399,7.369938495000002,5.0,5.0
19090,7.551244497299194,2399,5.372685162855002,5.0,5.0
19091,7.55153751373291,2399,9.835416646569502,5.0,5.0
19100,7.5546555519104,2399,5.807715175632826,5.0,5.0
19110,7.560112714767456,2399,5.0,5.0,5.0
19120,7.563641309738159,2399,5.0,5.0,5.0
19130,7.566784381866455,2399,5.0,5.0,5.0
19140,7.571105480194092,2399,5.0,5.0,5.0
19150,7.574439525604248,2399,5.0,5.0,5.0
19160,7.578531742095947,2399,9.5,5.0,5.0
19170,7.581326723098755,2399,6.2329500000000015,5.0,5.0
19180,7.585190057754517,2399,5.0,5.0,5.0
19190,7.5883567333221436,2399,5.0,5.0,5.0
19200,7.593554973602295,2399,5.0,5.0,5.0
19210,7.597731828689575,2399,5.0,5.0,5.0
19215,7.600414752960205,2399,9.5,5.0,5.0
19220,7.602037668228149,2399,6.925500000000001,5.0,5.0
19230,7.6063172817230225,2399,9.5,5.0,5.0
19237,7.608625173568726,2399,10.048689500000002,5.0,5.0
19240,7.609678506851196,2399,9.043820550000001,5.0,5.0
19250,7.613057374954224,2399,5.340285596569502,5.0,5.0
19260,7.616504192352295,2399,9.5,5.0,5.0
19270,7.619542598724365,2399,6.925500000000001,5.0,5.0
19280,7.622758865356445,2399,5.0,5.0,5.0
19290,7.627494812011719,2399,5.0,5.0,5.0
19300,7.632339239120483,2399,5.0,5.0,5.0
19301,7.632620573043823,2399,9.5,5.0,5.0
19310,7.637517690658569,2399,7.695000000000001,5.0,5.0
19320,7.642888784408569,2399,5.609655000000002,5.0,5.0
19330,7.645977258682251,2399,5.0,5.0,5.0
19331,7.646295547485352,2399,9.5,5.0,5.0
19336,7.647502899169922,2399,11.925500000000001,5.0,5.0
19340,7.648950099945068,2399,9.659655,5.0,5.0
19342,7.649498462677002,2399,12.824320550000001,5.0,5.0
19343,7.649778366088867,2399,16.541888495000002,5.0,5.0
19348,7.6521265506744385,2399,15.853133041569501,5.0,5.0
19350,7.653264284133911,2399,14.267819737412552,5.0,5.0
19360,7.656667470932007,2399,8.425004876744739,5.0,5.0
19363,7.657939434051514,2399,12.582504389070266,5.0,5.0
19370,7.6607348918914795,2399,8.255381129669003,5.0,5.0
19372,7.661284923553467,2399,11.686858715031892,5.0,5.0
19380,7.663795709609985,2399,7.667748002932425,5.0,5.0
19390,7.667639970779419,2399,5.030809464723965,5.0,5.0
19393,7.6684160232543945,2399,9.527728518251568,5.0,5.0
19400,7.671473979949951,2399,7.717460099783771,5.0,5.0
19410,7.675254583358765,2399,5.0,5.0,5.0
19420,7.680588483810425,2399,5.0,5.0,5.0
19430,7.68450927734375,2399,5.0,5.0,5.0
19440,7.690544366836548,2399,5.0,5.0,5.0
19447,7.69319224357605,2399,9.5,5.0,5.0
19450,7.694060325622559,2399,7.695000000000001,5.0,5.0
19460,7.697509765625,2399,5.0,5.0,5.0
19470,7.7001564502716064,2399,5.0,5.0,5.0
19480,7.703823566436768,2399,5.0,5.0,5.0
19490,7.70815110206604,2399,9.5,5.0,5.0
19500,7.712570667266846,2399,6.2329500000000015,5.0,5.0
19510,7.718259811401367,2399,5.609655000000002,5.0,5.0
19520,7.721202373504639,2399,5.0,5.0,5.0
19530,7.726606130599976,2399,5.0,5.0,5.0
19540,7.7312986850738525,2399,5.0,5.0,5.0
19545,7.733900308609009,2399,9.5,5.0,5.0
19550,7.736034631729126,2399,7.695000000000001,5.0,5.0
19558,7.739035606384277,2399,9.543820550000003,5.0,5.0
19560,7.739482164382935,2399,8.589438495000003,5.0,5.0
19570,7.742511034011841,2399,5.071977536912552,5.0,5.0
19580,7.747773885726929,2399,5.0,5.0,5.0
19590,7.751755952835083,2399,5.0,5.0,5.0
19600,7.755168437957764,2399,5.0,5.0,5.0
19610,7.759078502655029,2399,5.0,5.0,5.0
19619,7.761378526687622,2399,9.5,5.0,5.0
19620,7.761637449264526,2399,8.55,5.0,5.0
19621,7.76192831993103,2399,12.695,5.0,5.0
19629,7.764946460723877,2399,14.254655000000001,5.0,5.0
19630,7.765215158462524,2399,12.829189500000002,5.0,5.0
19640,7.769237279891968,2399,7.5755081078550015,5.0,5.0
19650,7.773615598678589,2399,6.136161567362551,5.0,5.0
19660,7.776113510131836,2399,5.0,5.0,5.0
19670,7.779709339141846,2399,5.0,5.0,5.0
19680,7.783794641494751,2399,5.0,5.0,5.0
19690,7.787637233734131,2399,5.0,5.0,5.0
19700,7.792410850524902,2399,5.0,5.0,5.0
19710,7.7963690757751465,2399,5.0,5.0,5.0
19713,7.797177076339722,2399,9.5,5.0,5.0
19715,7.798182249069214,2399,13.55,5.0,5.0
19720,7.7994184494018555,2399,8.0011395,5.0,5.0
19730,7.803398132324219,2399,5.249547625950001,5.0,5.0
19740,7.8082897663116455,2399,5.0,5.0,5.0
19750,7.811843156814575,2399,5.0,5.0,5.0
19760,7.81673002243042,2399,5.0,5.0,5.0
19761,7.817017555236816,2399,9.5,5.0,5.0
19770,7.820270538330078,2399,6.2329500000000015,5.0,5.0
19780,7.82372260093689,2399,5.0,5.0,5.0
19790,7.82796573638916,2399,5.0,5.0,5.0
19794,7.829493045806885,2399,9.5,5.0,5.0
19800,7.832756280899048,2399,8.55,5.0,5.0
19801,7.8330676555633545,2399,12.695,5.0,5.0
19810,7.838018417358398,2399,7.496270550000002,5.0,5.0
19819,7.842651605606079,2399,11.071979145500002,5.0,5.0
19820,7.843418836593628,2399,11.071979145500002,5.0,5.0
19830,7.847809791564941,2399,6.537892965626297,5.0,5.0
19840,7.8509838581085205,2399,5.0,5.0,5.0
19843,7.851752758026123,2399,9.5,5.0,5.0
19845,7.852282762527466,2399,13.55,5.0,5.0
19850,7.854994535446167,2399,12.195,5.0,5.0
19853,7.856247663497925,2399,15.9755,5.0,5.0
19860,7.858476161956787,2399,9.433372995000001,5.0,5.0
19861,7.858760118484497,2399,13.490035695500001,5.0,5.0
19864,7.860045671463013,2399,15.926928913355002,5.0,5.0
19870,7.862132549285889,2399,12.900812419817553,5.0,5.0
19880,7.866485595703125,2399,8.464223028642298,5.0,5.0
19890,7.870846509933472,2399,6.170418587880236,5.0,5.0
19900,7.876134395599365,2399,5.0,5.0,5.0
19910,7.8803112506866455,2399,5.0,5.0,5.0
19920,7.884609699249268,2399,5.0,5.0,5.0
19930,7.887858152389526,2399,5.0,5.0,5.0
19940,7.891335725784302,2399,5.0,5.0,5.0
19950,7.897487163543701,2399,5.0,5.0,5.0
19960,7.9018635749816895,2399,5.0,5.0,5.0
19962,7.902460336685181,2399,9.5,5.0,5.0
19970,7.905985355377197,2399,6.2329500000000015,5.0,5.0
19980,7.909064769744873,2399,5.0,5.0,5.0
19983,7.909875392913818,2399,9.5,5.0,5.0
19990,7.9119977951049805,2399,7.695000000000001,5.0,5.0
20000,7.915822744369507,2399,5.048689500000002,5.0,5.0
20010,7.918825626373291,2399,5.0,5.0,5.0
20020,7.922444581985474,2399,5.0,5.0,5.0
20030,7.926644802093506,2399,5.0,5.0,5.0
20040,7.931150674819946,2399,5.0,5.0,5.0
20047,7.933544874191284,2399,9.5,5.0,5.0
20049,7.934560537338257,2399,13.55,5.0,5.0
20050,7.9348249435424805,2399,12.195,5.0,5.0
20060,7.9388415813446045,2399,8.0011395,5.0,5.0
20070,7.942481994628906,2399,7.201025550000001,5.0,5.0
20080,7.945890426635742,2399,5.0,5.0,5.0
20090,7.95076322555542,2399,5.0,5.0,5.0
20100,7.9556403160095215,2399,5.0,5.0,5.0
20107,7.957218408584595,2399,9.5,5.0,5.0
20110,7.95806097984314,2399,7.695000000000001,5.0,5.0
20120,7.961977958679199,2399,5.0,5.0,5.0
20130,7.966343641281128,2399,5.0,5.0,5.0
20140,7.96987509727478,2399,5.0,5.0,5.0
20150,7.972875118255615,2399,5.0,5.0,5.0
20160,7.977816820144653,2399,5.0,5.0,5.0
20170,7.981204271316528,2399,5.0,5.0,5.0
20180,7.985590219497681,2399,5.0,5.0,5.0
20190,7.9895288944244385,2399,5.0,5.0,5.0
20200,7.993872404098511,2399,5.0,5.0,5.0
20208,7.996474981307983,2399,9.5,5.0,5.0
20210,7.997452020645142,2399,9.5,5.0,5.0
20220,8.002334833145142,2399,6.925500000000001,5.0,5.0
20228,8.00603461265564,2399,10.609655000000002,5.0,5.0
20230,8.007065057754517,2399,9.548689500000002,5.0,5.0
20240,8.009971380233765,2399,5.638405662855002,5.0,5.0
20248,8.013439893722534,2399,9.5,5.0,5.0
20250,8.013962984085083,2399,13.55,5.0,5.0
20260,8.017897367477417,2399,9.87795,5.0,5.0
20270,8.022984504699707,2399,5.832830695500001,5.0,5.0
20280,8.026040315628052,2399,5.0,5.0,5.0
20290,8.030913591384888,2399,5.0,5.0,5.0
20291,8.031245946884155,2399,9.5,5.0,5.0
20300,8.033496618270874,2399,6.2329500000000015,5.0,5.0
20310,8.038545846939087,2399,5.0,5.0,5.0
20314,8.03954029083252,2399,9.5,5.0,5.0
20320,8.04101824760437,2399,6.2329500000000015,5.0,5.0
20330,8.045871019363403,2399,5.609655000000002,5.0,5.0
20338,8.048275232315063,2399,9.5,5.0,5.0
20340,8.050122261047363,2399,9.5,5.0,5.0
20345,8.05265212059021,2399,13.55,5.0,5.0
20350,8.054900407791138,2399,10.9755,5.0,5.0
20357,8.057724714279175,2399,13.890155,5.0,5.0
20360,8.05859088897705,2399,16.25102555,5.0,5.0
20370,8.061662435531616,2399,10.662297863355,5.0,5.0
20380,8.064672946929932,2399,6.295980265332495,5.0,5.0
20390,8.068391799926758,2399,5.0,5.0,5.0
20400,8.071431398391724,2399,9.5,5.0,5.0
20410,8.075291156768799,2399,6.925500000000001,5.0,5.0
20420,8.079742908477783,2399,5.048689500000002,5.0,5.0
20426,8.081809043884277,2399,9.5,5.0,5.0
20429,8.083103895187378,2399,12.695,5.0,5.0
20430,8.083333969116211,2399,12.695,5.0,5.0
20440,8.086453914642334,2399,6.746643495000002,5.0,5.0
20450,8.091607093811035,2399,5.0,5.0,5.0
20460,8.095137119293213,2399,5.0,5.0,5.0
20466,8.096671104431152,2399,9.5,5.0,5.0
20470,8.098605871200562,2399,7.695000000000001,5.0,5.0
20480,8.103262186050415,2399,6.2329500000000015,5.0,5.0
20490,8.106846809387207,2399,5.048689500000002,5.0,5.0
20500,8.111310243606567,2399,5.0,5.0,5.0
20510,8.115224123001099,2399,5.0,5.0,5.0
20520,8.118751764297485,2399,5.0,5.0,5.0
20528,8.121346950531006,2399,9.5,5.0,5.0
20530,8.121857166290283,2399,9.5,5.0,5.0
20540,8.125205993652344,2399,6.2329500000000015,5.0,5.0
20550,8.129649639129639,2399,5.0,5.0,5.0
20560,8.132433652877808,2399,5.0,5.0,5.0
20570,8.136613368988037,2399,5.0,5.0,5.0
20580,8.142496109008789,2399,5.0,5.0,5.0
20590,8.145502090454102,2399,5.0,5.0,5.0
20600,8.148966073989868,2399,5.0,5.0,5.0
20610,8.15343451499939,2399,5.0,5.0,5.0
20620,8.158422946929932,2399,5.0,5.0,5.0
20630,8.162059307098389,2399,9.5,5.0,5.0
20635,8.163403511047363,2399,11.232950000000002,5.0,5.0
20640,8.1652090549469,2399,9.098689500000003,5.0,5.0
20650,8.169650793075562,2399,5.969650180950002,5.0,5.0
20660,8.174453020095825,2399,5.0,5.0,5.0
20664,8.177205085754395,2399,9.5,5.0,5.0
20670,8.180355072021484,2399,7.695000000000001,5.0,5.0
20680,8.184915781021118,2399,6.2329500000000015,5.0,5.0
20682,8.185960054397583,2399,10.609655000000002,5.0,5.0
20690,8.188576221466064,2399,6.960994645500001,5.0,5.0
20700,8.19343900680542,2399,5.0,5.0,5.0
20710,8.196871757507324,2399,5.0,5.0,5.0
20720,8.200197696685791,2399,5.0,5.0,5.0
20730,8.20358681678772,2399,5.0,5.0,5.0
20731,8.203893184661865,2399,9.5,5.0,5.0
20740,8.207493305206299,2399,6.925500000000001,5.0,5.0
20750,8.212021827697754,2399,5.0,5.0,5.0
20760,8.21619462966919,2399,5.0,5.0,5.0
20770,8.220683574676514,2399,5.0,5.0,5.0
20780,8.224700927734375,2399,5.0,5.0,5.0
20790,8.23088788986206,2399,5.0,5.0,5.0
20800,8.234317779541016,2399,5.0,5.0,5.0
20810,8.239244937896729,2399,5.0,5.0,5.0
20820,8.2435142993927,2399,5.0,5.0,5.0
20830,8.248949527740479,2399,5.0,5.0,5.0
20840,8.25259780883789,2399,5.0,5.0,5.0
20842,8.25317907333374,2399,9.5,5.0,5.0
20849,8.256686925888062,2399,11.925500000000001,5.0,5.0
20850,8.257042169570923,2399,10.73295,5.0,5.0
20860,8.260289192199707,2399,7.041888495000001,5.0,5.0
20863,8.261569023132324,2399,10.70392968095,5.0,5.0
20870,8.26341986656189,2399,11.320563437304166,5.0,5.0
20874,8.264999866485596,2399,14.169656384216374,5.0,5.0
20880,8.267503023147583,2399,11.477421671215264,5.0,5.0
20890,8.27089786529541,2399,10.489615205335081,5.0,5.0
20900,8.275471687316895,2399,6.882236536220347,5.0,5.0
20910,8.27963662147522,2399,5.0,5.0,5.0
20920,8.28427505493164,2399,5.0,5.0,5.0
20930,8.288629531860352,2399,5.0,5.0,5.0
20931,8.288967370986938,2399,9.5,5.0,5.0
20940,8.29170823097229,2399,6.2329500000000015,5.0,5.0
20950,8.294768810272217,2399,5.0,5.0,5.0
20960,8.299657344818115,2399,5.0,5.0,5.0
20970,8.304682970046997,2399,5.0,5.0,5.0
20971,8.30500054359436,2399,9.5,5.0,5.0
20980,8.307753324508667,2399,5.0,5.0,5.0
20990,8.311269044876099,2399,5.0,5.0,5.0
21000,8.314891338348389,2399,5.0,5.0,5.0
21010,8.31764006614685,2399,5.0,5.0,5.0
21020,8.321325302124023,2399,5.0,5.0,5.0
21030,8.3253653049469,2399,5.0,5.0,5.0
21040,8.329489707946777,2399,5.0,5.0,5.0
21050,8.333567380905151,2399,5.0,5.0,5.0
21060,8.337789535522461,2399,5.0,5.0,5.0
21070,8.341354608535767,2399,5.0,5.0,5.0
21080,8.3453950881958,2399,5.0,5.0,5.0
21090,8.349292755126953,2399,9.5,5.0,5.0
21100,8.354668378829956,2399,6.925500000000001,5.0,5.0
21110,8.357760667800903,2399,5.0,5.0,5.0
21115,8.359501361846924,2399,9.5,5.0,5.0
21120,8.36158537864685,2399,6.925500000000001,5.0,5.0
21122,8.362620115280151,2399,11.232950000000002,5.0,5.0
21130,8.365655660629272,2399,6.632944645500002,5.0,5.0
21140,8.370497941970825,2399,5.0,5.0,5.0
21142,8.371543884277344,2399,9.5,5.0,5.0
21143,8.37183427810669,2399,13.55,5.0,5.0
21150,8.374118328094482,2399,8.0011395,5.0,5.0
21160,8.379760503768921,2399,5.249547625950001,5.0,5.0
21163,8.380481719970703,2399,9.724592863355001,5.0,5.0
21170,8.382866621017456,2399,5.742274839882495,5.0,5.0
21180,8.386532306671143,2399,9.5,5.0,5.0
21190,8.39034652709961,2399,6.2329500000000015,5.0,5.0
21200,8.39388632774353,2399,5.0,5.0,5.0
21206,8.395443677902222,2399,9.5,5.0,5.0
21210,8.396961450576782,2399,7.695000000000001,5.0,5.0
21220,8.400630712509155,2399,6.2329500000000015,5.0,5.0
21230,8.404923439025879,2399,5.0,5.0,5.0
21240,8.410233736038208,2399,5.0,5.0,5.0
21250,8.414753913879395,2399,5.0,5.0,5.0
21260,8.420140027999878,2399,5.0,5.0,5.0
21270,8.425716638565063,2399,5.0,5.0,5.0
21278,8.42823338508606,2399,9.5,5.0,5.0
21280,8.429260730743408,2399,13.55,5.0,5.0
21281,8.429584264755249,2399,17.195,5.0,5.0
21290,8.433755874633789,2399,12.535155000000001,5.0,5.0
21292,8.434382438659668,2399,15.153475550000001,5.0,5.0
21300,8.438361644744873,2399,11.046883675950001,5.0,5.0
21310,8.441685199737549,2399,5.870766907630546,5.0,5.0
21320,8.445377349853516,2399,5.0,5.0,5.0
21323,8.446694135665894,2399,9.5,5.0,5.0
21330,8.451000213623047,2399,7.695000000000001,5.0,5.0
21337,8.45344352722168,2399,10.609655000000002,5.0,5.0
21340,8.454219579696655,2399,7.734438495000002,5.0,5.0
21350,8.459144115447998,2399,5.638405662855002,5.0,5.0
21360,8.46465277671814,2399,5.0745650965695015,5.0,5.0
21365,8.465869426727295,2399,9.567108586912552,5.0,5.0
21367,8.466486930847168,2399,12.749357955399168,5.0,5.0
21370,8.468231678009033,2399,11.474422159859252,5.0,5.0
21380,8.472317934036255,2399,8.364853754537396,5.0,5.0
21390,8.476942539215088,2399,6.097978387057762,5.0,5.0
21400,8.481093883514404,2399,5.0,5.0,5.0
21410,8.486135482788086,2399,5.0,5.0,5.0
21420,8.490154027938843,2399,5.0,5.0,5.0
21421,8.490481853485107,2399,9.5,5.0,5.0
21430,8.49388074874878,2399,6.2329500000000015,5.0,5.0
21440,8.49767017364502,2399,5.0,5.0,5.0
21446,8.501068592071533,2399,9.5,5.0,5.0
21450,8.502578020095825,2399,8.55,5.0,5.0
21452,8.503614664077759,2399,12.695,5.0,5.0
21460,8.506212949752808,2399,8.329189500000002,5.0,5.0
21470,8.510311841964722,2399,5.0,5.0,5.0
21480,8.51553988456726,2399,5.0,5.0,5.0
21490,8.520040273666382,2399,5.0,5.0,5.0
21500,8.523402214050293,2399,5.0,5.0,5.0
21510,8.527786493301392,2399,5.0,5.0,5.0
21520,8.532546281814575,2399,5.0,5.0,5.0
21526,8.535000562667847,2399,9.5,5.0,5.0
21530,8.53696894645691,2399,7.695000000000001,5.0,5.0
21540,8.540955305099487,2399,5.048689500000002,5.0,5.0
21550,8.544573068618774,2399,9.5,5.0,5.0
21560,8.547729253768921,2399,5.048689500000002,5.0,5.0
21570,8.551204681396484,2399,5.0,5.0,5.0
21580,8.555684566497803,2399,5.0,5.0,5.0
21589,8.561936378479004,2399,9.5,5.0,5.0
21590,8.562212705612183,2399,9.5,5.0,5.0
21600,8.566081762313843,2399,5.609655000000002,5.0,5.0
21610,8.570059299468994,2399,5.0,5.0,5.0
21620,8.574931621551514,2399,5.0,5.0,5.0
21630,8.578965187072754,2399,5.0,5.0,5.0
21640,8.582363605499268,2399,5.0,5.0,5.0
21650,8.586377620697021,2399,5.0,5.0,5.0
21660,8.5909264087677,2399,5.0,5.0,5.0
21667,8.595164775848389,2399,9.5,5.0,5.0
21670,8.596564531326294,2399,8.55,5.0,5.0
21680,8.601042985916138,2399,6.2329500000000015,5.0,5.0
21688,8.603739023208618,2399,9.5,5.0,5.0
21690,8.60426950454712,2399,8.55,5.0,5.0
21700,8.60837435722351,2399,5.048689500000002,5.0,5.0
21703,8.609496355056763,2399,9.543820550000003,5.0,5.0
21710,8.611917734146118,2399,7.730494645500003,5.0,5.0
21720,8.616625547409058,2399,10.071977536912552,5.0,5.0
21725,8.617985963821411,2399,12.342471624409251,5.0,5.0
21726,8.618329286575317,2399,16.108224461968327,5.0,5.0
21730,8.619408369064331,2399,13.047661814194344,5.0,5.0
21736,8.621922016143799,2399,14.511745462547676,5.0,5.0
21739,8.622729539871216,2399,15.579062442197257,5.0,5.0
21740,8.623480319976807,2399,15.579062442197257,5.0,5.0
21750,8.627366781234741,2399,7.451417271009377,5.0,5.0
21760,8.63097071647644,2399,5.0,5.0,5.0
21770,8.634496927261353,2399,5.0,5.0,5.0
21780,8.6389799118042,2399,5.0,5.0,5.0
21790,8.642352819442749,2399,5.0,5.0,5.0
21797,8.644777059555054,2399,9.5,5.0,5.0
21800,8.646088600158691,2399,8.55,5.0,5.0
21810,8.649942636489868,2399,5.0,5.0,5.0
21820,8.654844760894775,2399,5.0,5.0,5.0
21830,8.659152030944824,2399,5.0,5.0,5.0
21840,8.663326025009155,2399,5.0,5.0,5.0
21842,8.663925409317017,2399,9.5,5.0,5.0
21850,8.66752815246582,2399,8.55,5.0,5.0
21853,8.668410539627075,2399,11.925500000000001,5.0,5.0
21860,8.670690298080444,2399,7.824320550000001,5.0,5.0
21865,8.672890901565552,2399,12.041888495000002,5.0,5.0
21870,8.675684690475464,2399,9.753929680950003,5.0,5.0
21875,8.677046298980713,2399,10.759597937304168,5.0,5.0
21880,8.679812669754028,2399,9.683638143573752,5.0,5.0
21889,8.684019088745117,2399,12.059372206665266,5.0,5.0
21890,8.684303998947144,2399,10.85343498599874,5.0,5.0
21900,8.687930345535278,2399,6.408844824882397,5.0,5.0
21905,8.690225601196289,2399,10.191164308154743,5.0,5.0
21909,8.691833019256592,2399,12.429358780644808,5.0,5.0
21910,8.692121028900146,2399,11.186422902580327,5.0,5.0
21920,8.696726560592651,2399,7.3394120663829545,5.0,5.0
21930,8.699579000473022,2399,6.605470859744659,5.0,5.0
21940,8.703166484832764,2399,5.0,5.0,5.0
21950,8.706224918365479,2399,5.0,5.0,5.0
21960,8.710171461105347,2399,5.0,5.0,5.0
21970,8.714321374893188,2399,5.0,5.0,5.0
21980,8.717765092849731,2399,5.0,5.0,5.0
21985,8.719602823257446,2399,9.5,5.0,5.0
21990,8.721861839294434,2399,9.5,5.0,5.0
22000,8.727543592453003,2399,6.925500000000001,5.0,5.0
22010,8.73082447052002,2399,5.0,5.0,5.0
22020,8.734954595565796,2399,5.0,5.0,5.0
22030,8.73919129371643,2399,5.0,5.0,5.0
22040,8.744236469268799,2399,5.0,5.0,5.0
22050,8.748392581939697,2399,5.0,5.0,5.0
22052,8.749474048614502,2399,9.5,5.0,5.0
22055,8.751038312911987,2399,12.695,5.0,5.0
22060,8.753744840621948,2399,10.282950000000001,5.0,5.0
22070,8.757759809494019,2399,7.496270550000002,5.0,5.0
22080,8.762406826019287,2399,6.071979145500001,5.0,5.0
22090,8.766621112823486,2399,5.0,5.0,5.0
22100,8.770625591278076,2399,5.0,5.0,5.0
22110,8.776488304138184,2399,5.0,5.0,5.0
22120,8.780136346817017,2399,5.0,5.0,5.0
22130,8.785381555557251,2399,9.5,5.0,5.0
22140,8.791777610778809,2399,5.609655000000002,5.0,5.0
22150,8.796458959579468,2399,5.0,5.0,5.0
22152,8.797552108764648,2399,9.5,5.0,5.0
22160,8.800742864608765,2399,6.925500000000001,5.0,5.0
22170,8.804686784744263,2399,5.0,5.0,5.0
22180,8.809207916259766,2399,5.0,5.0,5.0
22187,8.812120914459229,2399,9.5,5.0,5.0
22190,8.813563346862793,2399,7.695000000000001,5.0,5.0
22196,8.815600633621216,2399,10.609655000000002,5.0,5.0
22200,8.816763639450073,2399,8.593820550000002,5.0,5.0
22209,8.820141792297363,2399,10.638405662855002,5.0,5.0
22210,8.820438623428345,2399,9.574565096569502,5.0,5.0
22220,8.82502555847168,2399,6.281872159859251,5.0,5.0
22230,8.830425024032593,2399,5.0,5.0,5.0
22240,8.834502696990967,2399,5.0,5.0,5.0
22250,8.837962627410889,2399,5.0,5.0,5.0
22260,8.842062950134277,2399,5.0,5.0,5.0
22270,8.845872163772583,2399,5.0,5.0,5.0
22273,8.847715616226196,2399,9.5,5.0,5.0
22280,8.850428342819214,2399,7.695000000000001,5.0,5.0
22290,8.854268550872803,2399,5.609655000000002,5.0,5.0
22300,8.85871934890747,2399,5.0,5.0,5.0
22310,8.862200260162354,2399,5.0,5.0,5.0
22320,8.868714570999146,2399,5.0,5.0,5.0
22330,8.872848510742188,2399,5.0,5.0,5.0
22338,8.876532077789307,2399,9.5,5.0,5.0
22340,8.877689838409424,2399,8.55,5.0,5.0
22350,8.881344079971313,2399,5.609655000000002,5.0,5.0
22360,8.885095357894897,2399,5.0,5.0,5.0
22370,8.88919472694397,2399,5.0,5.0,5.0
22380,8.89445185661316,2399,5.0,5.0,5.0
22384,8.89569354057312,2399,9.5,5.0,5.0
22388,8.896811246871948,2399,12.695,5.0,5.0
22390,8.897868156433105,2399,16.4255,5.0,5.0
22394,8.899032354354858,2399,16.9741895,5.0,5.0
22400,8.901602506637573,2399,11.136765730950003,5.0,5.0
22410,8.905850410461426,2399,5.918533916821801,5.0,5.0
22420,8.91078519821167,2399,5.326680525139621,5.0,5.0
22430,8.915771722793579,2399,5.0,5.0,5.0
22440,8.919750690460205,2399,5.0,5.0,5.0
22442,8.920394659042358,2399,9.5,5.0,5.0
22450,8.92410159111023,2399,6.925500000000001,5.0,5.0
22460,8.92814040184021,2399,5.609655000000002,5.0,5.0
22468,8.931433916091919,2399,9.543820550000003,5.0,5.0
22470,8.932031869888306,2399,7.730494645500003,5.0,5.0
22478,8.934697151184082,2399,9.564779783221297,5.0,5.0
22480,8.935275316238403,2399,7.747471624409252,5.0,5.0
22490,8.938807010650635,2399,5.0831161327749115,5.0,5.0
22500,8.942426204681396,2399,5.0,5.0,5.0
22510,8.947831869125366,2399,5.0,5.0,5.0
22520,8.951801538467407,2399,5.0,5.0,5.0
22521,8.952170133590698,2399,9.5,5.0,5.0
22530,8.955702781677246,2399,6.2329500000000015,5.0,5.0
22540,8.959813833236694,2399,5.0,5.0,5.0
22550,8.963842391967773,2399,5.0,5.0,5.0
22560,8.967931985855103,2399,5.0,5.0,5.0
22564,8.970094203948975,2399,9.5,5.0,5.0
22567,8.970995903015137,2399,12.695,5.0,5.0
22570,8.971797466278076,2399,11.425500000000001,5.0,5.0
22580,8.976520776748657,2399,7.496270550000002,5.0,5.0
22590,8.980681896209717,2399,6.746643495000002,5.0,5.0
22600,8.98462462425232,2399,5.0,5.0,5.0
22610,8.989629983901978,2399,5.0,5.0,5.0
22620,8.992308139801025,2399,5.0,5.0,5.0
22630,8.996916770935059,2399,5.0,5.0,5.0
22640,9.001105546951294,2399,5.0,5.0,5.0
22650,9.004712104797363,2399,5.0,5.0,5.0
22660,9.008320569992065,2399,9.5,5.0,5.0
22670,9.01345944404602,2399,12.695,5.0,5.0
22680,9.01887321472168,2399,9.254655000000001,5.0,5.0
22689,9.022686958312988,2399,11.746643495,5.0,5.0
22690,9.022965908050537,2399,10.5719791455,5.0,5.0
22700,9.026242971420288,2399,5.056544852157299,5.0,5.0
22701,9.026603698730469,2399,9.55089036694157,5.0,5.0
22710,9.030434370040894,2399,6.962599077500405,5.0,5.0
22711,9.030742406845093,2399,11.266339169750365,5.0,5.0
22720,9.034507751464844,2399,7.391845129273216,5.0,5.0
22730,9.038966417312622,2399,5.0,5.0,5.0
22740,9.043741226196289,2399,5.0,5.0,5.0
22746,9.04685664176941,2399,9.5,5.0,5.0
22750,9.0485680103302,2399,6.925500000000001,5.0,5.0
22753,9.049466609954834,2399,10.609655000000002,5.0,5.0
22760,9.052299737930298,2399,8.593820550000002,5.0,5.0
22770,9.056370258331299,2399,6.264895180950002,5.0,5.0
22780,9.06121277809143,2399,5.0745650965695015,5.0,5.0
22790,9.065281391143799,2399,5.0,5.0,5.0
22800,9.068424940109253,2399,5.0,5.0,5.0
22807,9.071785688400269,2399,9.5,5.0,5.0
22810,9.073577165603638,2399,8.55,5.0,5.0
22818,9.076666831970215,2399,10.609655000000002,5.0,5.0
22820,9.077234745025635,2399,8.593820550000002,5.0,5.0
22830,9.08096194267273,2399,5.0,5.0,5.0
22840,9.08599042892456,2399,5.0,5.0,5.0
22841,9.086341142654419,2399,9.5,5.0,5.0
22850,9.091035842895508,2399,6.925500000000001,5.0,5.0
22856,9.09423542022705,2399,10.609655000000002,5.0,5.0
22860,9.09589433670044,2399,8.593820550000002,5.0,5.0
22870,9.0997633934021,2399,5.0745650965695015,5.0,5.0
22880,9.104455709457397,2399,5.0,5.0,5.0
22890,9.109917640686035,2399,5.0,5.0,5.0
22896,9.112914085388184,2399,9.5,5.0,5.0
22900,9.114875078201294,2399,8.55,5.0,5.0
22901,9.115262746810913,2399,12.695,5.0,5.0
22909,9.117960691452026,2399,14.254655000000001,5.0,5.0
22910,9.118226289749146,2399,14.254655000000001,5.0,5.0
22911,9.118583917617798,2399,17.829189500000002,5.0,5.0
22920,9.120938301086426,2399,14.475162297069502,5.0,5.0
22930,9.125138759613037,2399,8.54743858479657,5.0,5.0
22940,9.130058526992798,2399,5.047177009936527,5.0,5.0
22950,9.135366439819336,2399,5.0,5.0,5.0
22952,9.13608431816101,2399,9.5,5.0,5.0
22960,9.141316890716553,2399,7.695000000000001,5.0,5.0
22970,9.145190238952637,2399,5.0,5.0,5.0
22980,9.149659633636475,2399,5.0,5.0,5.0
22990,9.152694702148438,2399,5.0,5.0,5.0
23000,9.156346559524536,2399,5.0,5.0,5.0
23010,9.160773992538452,2399,5.0,5.0,5.0
23011,9.161131381988525,2399,9.5,5.0,5.0
23013,9.161833047866821,2399,13.55,5.0,5.0
23020,9.164761781692505,2399,9.87795,5.0,5.0
23030,9.167940139770508,2399,5.249547625950001,5.0,5.0
23033,9.168863296508789,2399,9.5,5.0,5.0
23038,9.171198606491089,2399,13.55,5.0,5.0
23040,9.171776056289673,2399,10.9755,5.0,5.0
23050,9.176364421844482,2399,8.890155,5.0,5.0
23060,9.180783748626709,2399,5.0,5.0,5.0
23070,9.184785604476929,2399,5.0,5.0,5.0
23080,9.188729524612427,2399,5.0,5.0,5.0
23090,9.192472457885742,2399,5.0,5.0,5.0
23100,9.196624755859375,2399,5.0,5.0,5.0
23103,9.19747281074524,2399,9.5,5.0,5.0
23110,9.199870586395264,2399,6.925500000000001,5.0,5.0
23117,9.202358484268188,2399,9.543820550000003,5.0,5.0
23120,9.20366883277893,2399,7.730494645500003,5.0,5.0
23130,9.207791090011597,2399,6.957445180950002,5.0,5.0
23140,9.213279962539673,2399,5.071977536912552,5.0,5.0
23150,9.216734647750854,2399,5.0,5.0,5.0
23160,9.221347570419312,2399,5.0,5.0,5.0
23170,9.227490425109863,2399,5.0,5.0,5.0
23180,9.23071551322937,2399,5.0,5.0,5.0
23190,9.236178636550903,2399,5.0,5.0,5.0
23191,9.236520290374756,2399,9.5,5.0,5.0
23200,9.240057468414307,2399,5.609655000000002,5.0,5.0
23210,9.24422574043274,2399,5.0,5.0,5.0
23220,9.248866558074951,2399,5.0,5.0,5.0
23226,9.25208592414856,2399,9.5,5.0,5.0
23230,9.254149198532104,2399,7.695000000000001,5.0,5.0
23240,9.258574962615967,2399,6.2329500000000015,5.0,5.0
23250,9.26354455947876,2399,5.048689500000002,5.0,5.0
23260,9.268900632858276,2399,5.0,5.0,5.0
23270,9.273001432418823,2399,5.0,5.0,5.0
23275,9.274942874908447,2399,9.5,5.0,5.0
23280,9.277265310287476,2399,8.55,5.0,5.0
23287,9.280824661254883,2399,11.232950000000002,5.0,5.0
23290,9.282143592834473,2399,11.232950000000002,5.0,5.0
23294,9.283790111541748,2399,14.098689500000003,5.0,5.0
23300,9.285989999771118,2399,8.325135162855002,5.0,5.0
23306,9.288884162902832,2399,11.743359481912552,5.0,5.0
23310,9.290529489517212,2399,8.560909062314252,5.0,5.0
23320,9.294674158096313,2399,5.616812435784381,5.0,5.0
23329,9.29804015159607,2399,9.5,5.0,5.0
23330,9.298287868499756,2399,9.5,5.0,5.0
23338,9.302032232284546,2399,11.232950000000002,5.0,5.0
23340,9.303423166275024,2399,11.232950000000002,5.0,5.0
23345,9.304883480072021,2399,12.369938495000003,5.0,5.0
23350,9.306394100189209,2399,12.304324981912554,5.0,5.0
23360,9.309718370437622,2399,8.072867620632827,5.0,5.0
23370,9.31372880935669,2399,5.0,5.0,5.0
23380,9.319681167602539,2399,5.0,5.0,5.0
23390,9.324409246444702,2399,5.0,5.0,5.0
23400,9.329463958740234,2399,5.0,5.0,5.0
23410,9.334096670150757,2399,5.0,5.0,5.0
23413,9.335042953491211,2399,9.5,5.0,5.0
23415,9.335641145706177,2399,13.55,5.0,5.0
23420,9.337927341461182,2399,10.9755,5.0,5.0
23424,9.339639663696289,2399,13.890155,5.0,5.0
23430,9.34174633026123,2399,9.113330695500002,5.0,5.0
23437,9.34482192993164,2399,12.381797863355,5.0,5.0
23440,9.346199750900269,2399,10.02925626931755,5.0,5.0
23449,9.349694013595581,2399,10.922175534469321,5.0,5.0
23450,9.349983215332031,2399,9.829957981022389,5.0,5.0
23460,9.35403323173523,2399,5.804491888213911,5.0,5.0
23470,9.357847452163696,2399,9.5,5.0,5.0
23480,9.362061500549316,2399,6.925500000000001,5.0,5.0
23482,9.363177061080933,2399,11.232950000000002,5.0,5.0
23490,9.366795539855957,2399,7.369938495000002,5.0,5.0
23500,9.371114730834961,2399,5.0,5.0,5.0
23510,9.374433755874634,2399,5.0,5.0,5.0
23520,9.378726243972778,2399,5.0,5.0,5.0
23530,9.383290767669678,2399,5.0,5.0,5.0
23540,9.387059926986694,2399,5.0,5.0,5.0
23541,9.38740611076355,2399,9.5,5.0,5.0
23549,9.390466928482056,2399,10.609655000000002,5.0,5.0
23550,9.391237735748291,2399,10.609655000000002,5.0,5.0
23560,9.394531726837158,2399,5.0745650965695015,5.0,5.0
23570,9.398586988449097,2399,5.0,5.0,5.0
23580,9.4045090675354,2399,5.0,5.0,5.0
23590,9.408053874969482,2399,5.0,5.0,5.0
23600,9.41345477104187,2399,5.0,5.0,5.0
23610,9.418111562728882,2399,5.0,5.0,5.0
23620,9.421776056289673,2399,5.0,5.0,5.0
23630,9.426039695739746,2399,5.0,5.0,5.0
23640,9.430734634399414,2399,5.0,5.0,5.0
23650,9.43527603149414,2399,5.0,5.0,5.0
23660,9.439452409744263,2399,5.0,5.0,5.0
23670,9.445248126983643,2399,5.0,5.0,5.0
23680,9.451375722885132,2399,5.0,5.0,5.0
23690,9.455526113510132,2399,5.0,5.0,5.0
23692,9.456523895263672,2399,9.5,5.0,5.0
23700,9.45947813987732,2399,6.925500000000001,5.0,5.0
23710,9.463192224502563,2399,5.0,5.0,5.0
23720,9.467886686325073,2399,5.0,5.0,5.0
23730,9.473748207092285,2399,5.0,5.0,5.0
23740,9.476944923400879,2399,5.0,5.0,5.0
23750,9.48160457611084,2399,5.0,5.0,5.0
23760,9.486242532730103,2399,5.0,5.0,5.0
23762,9.487431049346924,2399,9.5,5.0,5.0
23770,9.490925550460815,2399,6.925500000000001,5.0,5.0
23780,9.495418310165405,2399,5.0,5.0,5.0
23790,9.500100135803223,2399,5.0,5.0,5.0
23800,9.505096912384033,2399,5.0,5.0,5.0
23803,9.50612187385559,2399,9.5,5.0,5.0
23810,9.509479522705078,2399,6.925500000000001,5.0,5.0
23815,9.511277914047241,2399,10.048689500000002,5.0,5.0
23820,9.512908935546875,2399,8.139438495000002,5.0,5.0
23830,9.517127513885498,2399,5.340285596569502,5.0,5.0
23840,9.522226810455322,2399,5.0,5.0,5.0
23850,9.525691747665405,2399,5.0,5.0,5.0
23854,9.527062177658081,2399,9.5,5.0,5.0
23860,9.52853012084961,2399,5.609655000000002,5.0,5.0
23861,9.528791904449463,2399,10.048689500000002,5.0,5.0
23870,9.532232284545898,2399,8.139438495000002,5.0,5.0
23874,9.533740520477295,2399,11.592945180950002,5.0,5.0
23880,9.536204099655151,2399,7.606131333221296,5.0,5.0
23890,9.539917469024658,2399,5.544869741918325,5.0,5.0
23900,9.543301820755005,2399,5.0,5.0,5.0
23910,9.548781156539917,2399,5.0,5.0,5.0
23920,9.552896499633789,2399,5.0,5.0,5.0
23929,9.55765986442566,2399,9.5,5.0,5.0
23930,9.557926177978516,2399,13.55,5.0,5.0
23940,9.562705516815186,2399,9.87795,5.0,5.0
23948,9.565275192260742,2399,10.8328306955,5.0,5.0
23950,9.566712141036987,2399,10.8328306955,5.0,5.0
23951,9.566995620727539,2399,14.749547625950001,5.0,5.0
23953,9.56755018234253,2399,16.9471335770195,5.0,5.0
23960,9.570361375808716,2399,11.119014339882495,5.0,5.0
23968,9.574832439422607,2399,14.006401615304823,5.0,5.0
23970,9.575675010681152,2399,14.006401615304823,5.0,5.0
23978,9.578586101531982,2399,14.189600099801496,5.0,5.0
23980,9.579097747802734,2399,11.493576080839212,5.0,5.0
23990,9.582574129104614,2399,6.108157565977272,5.0,5.0
24000,9.586906671524048,2399,5.0,5.0,5.0
24002,9.587894201278687,2399,9.5,5.0,5.0
24010,9.590717315673828,2399,7.695000000000001,5.0,5.0
24020,9.594972848892212,2399,10.609655000000002,5.0,5.0
24030,9.599685907363892,2399,7.734438495000002,5.0,5.0
24040,9.60384464263916,2399,5.0745650965695015,5.0,5.0
24050,9.607720613479614,2399,5.0,5.0,5.0
24055,9.609392881393433,2399,9.5,5.0,5.0
24060,9.61193585395813,2399,7.695000000000001,5.0,5.0
24070,9.616536855697632,2399,5.609655000000002,5.0,5.0
24080,9.62136197090149,2399,5.0,5.0,5.0
24090,9.625281572341919,2399,5.0,5.0,5.0
24100,9.629964351654053,2399,5.0,5.0,5.0
24101,9.63029670715332,2399,9.5,5.0,5.0
24110,9.634047269821167,2399,6.925500000000001,5.0,5.0
24120,9.63814115524292,2399,5.609655000000002,5.0,5.0
24127,9.63985800743103,2399,9.543820550000003,5.0,5.0
24130,9.640666961669922,2399,7.730494645500003,5.0,5.0
24139,9.643748044967651,2399,11.261700662855002,5.0,5.0
24140,9.64400029182434,2399,10.135530596569502,5.0,5.0
24150,9.647917747497559,2399,5.386436515771495,5.0,5.0
24160,9.652987957000732,2399,5.0,5.0,5.0
24170,9.657729625701904,2399,5.0,5.0,5.0
24180,9.663128137588501,2399,5.0,5.0,5.0
24190,9.66790771484375,2399,5.0,5.0,5.0
24200,9.670732021331787,2399,5.0,5.0,5.0
24210,9.674465417861938,2399,5.0,5.0,5.0
24220,9.67832326889038,2399,5.0,5.0,5.0
24230,9.6834077835083,2399,5.0,5.0,5.0
24240,9.687532186508179,2399,5.0,5.0,5.0
24244,9.689024448394775,2399,9.5,5.0,5.0
24250,9.691665649414062,2399,6.925500000000001,5.0,5.0
24260,9.69553542137146,2399,5.048689500000002,5.0,5.0
24270,9.701292276382446,2399,5.0,5.0,5.0
24280,9.706082582473755,2399,5.0,5.0,5.0
24290,9.709395408630371,2399,5.0,5.0,5.0
24299,9.712426900863647,2399,9.5,5.0,5.0
24300,9.712653875350952,2399,9.5,5.0,5.0
24310,9.716310977935791,2399,7.695000000000001,5.0,5.0
24320,9.719733476638794,2399,5.048689500000002,5.0,5.0
24330,9.724918842315674,2399,5.048689500000002,5.0,5.0
24340,9.728576421737671,2399,5.0,5.0,5.0
24350,9.731584310531616,2399,5.0,5.0,5.0
24360,9.734511852264404,2399,5.0,5.0,5.0
24370,9.737858533859253,2399,5.0,5.0,5.0
24376,9.740365982055664,2399,9.5,5.0,5.0
24380,9.741892337799072,2399,7.695000000000001,5.0,5.0
24390,9.745208263397217,2399,5.609655000000002,5.0,5.0
24400,9.750426769256592,2399,5.0,5.0,5.0
24410,9.754268884658813,2399,5.0,5.0,5.0
24414,9.755960702896118,2399,9.5,5.0,5.0
24420,9.758449077606201,2399,8.55,5.0,5.0
24430,9.761483907699585,2399,5.0,5.0,5.0
24440,9.765350341796875,2399,5.0,5.0,5.0
24450,9.769139766693115,2399,5.0,5.0,5.0
24460,9.773485898971558,2399,5.0,5.0,5.0
24467,9.776179075241089,2399,9.5,5.0,5.0
24470,9.776881694793701,2399,9.5,5.0,5.0
24480,9.780667543411255,2399,6.2329500000000015,5.0,5.0
24489,9.783668518066406,2399,9.5,5.0,5.0
24490,9.784404516220093,2399,9.5,5.0,5.0
24496,9.786532402038574,2399,11.232950000000002,5.0,5.0
24500,9.788464784622192,2399,9.098689500000003,5.0,5.0
24506,9.790348768234253,2399,11.632944645500002,5.0,5.0
24510,9.791815519332886,2399,9.422685162855002,5.0,5.0
24520,9.796683073043823,2399,6.182223735349168,5.0,5.0
24530,9.80106234550476,2399,5.0076012256328255,5.0,5.0
24540,9.805015087127686,2399,9.5,5.0,5.0
24550,9.807987451553345,2399,5.609655000000002,5.0,5.0
24560,9.8125638961792,2399,5.0,5.0,5.0
24570,9.817464351654053,2399,5.0,5.0,5.0
24580,9.821772575378418,2399,5.0,5.0,5.0
24590,9.824057340621948,2399,5.0,5.0,5.0
24600,9.828490734100342,2399,5.0,5.0,5.0
24610,9.83323049545288,2399,5.0,5.0,5.0
24620,9.838399410247803,2399,5.0,5.0,5.0
24630,9.843114376068115,2399,5.0,5.0,5.0
24640,9.846793413162231,2399,5.0,5.0,5.0
24650,9.851176738739014,2399,5.0,5.0,5.0
24660,9.855573177337646,2399,9.5,5.0,5.0
24670,9.860030174255371,2399,5.048689500000002,5.0,5.0
24680,9.863939046859741,2399,5.0,5.0,5.0
24690,9.868350267410278,2399,5.0,5.0,5.0
24700,9.872579097747803,2399,5.0,5.0,5.0
24710,9.877795219421387,2399,5.0,5.0,5.0
24720,9.883599519729614,2399,5.0,5.0,5.0
24722,9.884177684783936,2399,9.5,5.0,5.0
24730,9.886004447937012,2399,7.695000000000001,5.0,5.0
24740,9.8897385597229,2399,5.048689500000002,5.0,5.0
24749,9.892510414123535,2399,9.5,5.0,5.0
24750,9.892760276794434,2399,8.55,5.0,5.0
24751,9.893049955368042,2399,12.695,5.0,5.0
24760,9.896255254745483,2399,11.746643495,5.0,5.0
24770,9.90054202079773,2399,6.93627551736255,5.0,5.0
24780,9.90397572517395,2399,5.618383169063666,5.0,5.0
24785,9.906147480010986,2399,9.5,5.0,5.0
24790,9.908720016479492,2399,8.55,5.0,5.0
24796,9.910794973373413,2399,10.609655000000002,5.0,5.0
24800,9.912253856658936,2399,9.548689500000002,5.0,5.0
24810,9.915732383728027,2399,5.0745650965695015,5.0,5.0
24816,9.917761325836182,2399,9.5,5.0,5.0
24817,9.918065309524536,2399,13.55,5.0,5.0
24820,9.918806314468384,2399,12.195,5.0,5.0
24824,9.920722484588623,2399,14.87795,5.0,5.0
24830,9.9221773147583,2399,8.785280695500001,5.0,5.0
24840,9.9255850315094,2399,5.187620397885796,5.0,5.0
24850,9.931399583816528,2399,5.0,5.0,5.0
24852,9.931968450546265,2399,9.5,5.0,5.0
24860,9.936187982559204,2399,8.55,5.0,5.0
24870,9.939717054367065,2399,5.0,5.0,5.0
24880,9.944775819778442,2399,5.0,5.0,5.0
24888,9.947199583053589,2399,9.5,5.0,5.0
24890,9.948171138763428,2399,9.5,5.0,5.0
24900,9.951359033584595,2399,5.609655000000002,5.0,5.0
24910,9.957371950149536,2399,5.0,5.0,5.0
24920,9.963201761245728,2399,5.0,5.0,5.0
24930,9.968018293380737,2399,5.0,5.0,5.0
24940,9.971300601959229,2399,5.0,5.0,5.0
24950,9.974199771881104,2399,5.0,5.0,5.0
24960,9.979199647903442,2399,5.0,5.0,5.0
24970,9.984699726104736,2399,5.0,5.0,5.0
24971,9.985044479370117,2399,9.5,5.0,5.0
24980,9.989375829696655,2399,6.925500000000001,5.0,5.0
24986,9.991488218307495,2399,9.5,5.0,5.0
24988,9.992055654525757,2399,12.695,5.0,5.0
24990,9.992621898651123,2399,10.282950000000001,5.0,5.0
25000,9.997257471084595,2399,7.496270550000002,5.0,5.0
25010,10.000824451446533,2399,5.0,5.0,5.0
25020,10.004576683044434,2399,5.0,5.0,5.0
25030,10.010036706924438,2399,5.0,5.0,5.0
25040,10.013652086257935,2399,5.0,5.0,5.0
25044,10.01611614227295,2399,9.5,5.0,5.0
25046,10.016686201095581,2399,12.695,5.0,5.0
25050,10.017786026000977,2399,9.254655000000001,5.0,5.0
25060,10.021251916885376,2399,5.0,5.0,5.0
25070,10.025001764297485,2399,5.0,5.0,5.0
25080,10.028528690338135,2399,5.0,5.0,5.0
25090,10.031672716140747,2399,5.0,5.0,5.0
25100,10.035482168197632,2399,5.0,5.0,5.0
25110,10.040730714797974,2399,5.0,5.0,5.0
25120,10.046114683151245,2399,5.0,5.0,5.0
25130,10.05089545249939,2399,5.0,5.0,5.0
25140,10.05470895767212,2399,5.0,5.0,5.0
25150,10.058677434921265,2399,5.0,5.0,5.0
25160,10.06192946434021,2399,5.0,5.0,5.0
25170,10.065764665603638,2399,5.0,5.0,5.0
25180,10.070027589797974,2399,5.0,5.0,5.0
25190,10.074167728424072,2399,5.0,5.0,5.0
25200,10.076801300048828,2399,5.0,5.0,5.0
25210,10.08121132850647,2399,5.0,5.0,5.0
25220,10.084502458572388,2399,5.0,5.0,5.0
25230,10.087421655654907,2399,5.0,5.0,5.0
25239,10.090593338012695,2399,9.5,5.0,5.0
25240,10.091337442398071,2399,9.5,5.0,5.0
25250,10.094674110412598,2399,5.048689500000002,5.0,5.0
25260,10.099147319793701,2399,5.0,5.0,5.0
25270,10.102591037750244,2399,5.0,5.0,5.0
25280,10.106725692749023,2399,5.0,5.0,5.0
25290,10.111168384552002,2399,5.0,5.0,5.0
25300,10.115079402923584,2399,5.0,5.0,5.0
25307,10.11780858039856,2399,9.5,5.0,5.0
25310,10.118566751480103,2399,8.55,5.0,5.0
25320,10.122507333755493,2399,6.2329500000000015,5.0,5.0
25330,10.126351356506348,2399,5.0,5.0,5.0
25335,10.128217220306396,2399,9.5,5.0,5.0
25340,10.130366325378418,2399,7.695000000000001,5.0,5.0
25350,10.133852243423462,2399,5.609655000000002,5.0,5.0
25360,10.13744568824768,2399,5.0,5.0,5.0
25370,10.141432762145996,2399,5.0,5.0,5.0
25380,10.146528959274292,2399,5.0,5.0,5.0
25390,10.150710344314575,2399,5.0,5.0,5.0
25400,10.154160737991333,2399,9.5,5.0,5.0
25401,10.154480695724487,2399,13.55,5.0,5.0
25410,10.15730881690979,2399,8.0011395,5.0,5.0
25420,10.162311553955078,2399,5.249547625950001,5.0,5.0
25430,10.166850328445435,2399,5.0,5.0,5.0
25431,10.167155265808105,2399,9.5,5.0,5.0
25432,10.16745138168335,2399,13.55,5.0,5.0
25433,10.167724370956421,2399,17.195,5.0,5.0
25435,10.168292760848999,2399,18.927950000000003,5.0,5.0
25439,10.16939377784729,2399,18.798475550000003,5.0,5.0
25440,10.169644594192505,2399,16.918627995,5.0,5.0
25450,10.172766923904419,2399,7.282914590035547,5.0,5.0
25460,10.177401065826416,2399,5.0,5.0,5.0
25470,10.181448936462402,2399,5.0,5.0,5.0
25480,10.185204029083252,2399,5.0,5.0,5.0
25490,10.189069986343384,2399,5.0,5.0,5.0
25500,10.192950963973999,2399,5.0,5.0,5.0
25501,10.193267822265625,2399,9.5,5.0,5.0
25510,10.197037696838379,2399,6.2329500000000015,5.0,5.0
25520,10.200974225997925,2399,5.0,5.0,5.0
25530,10.203604221343994,2399,5.0,5.0,5.0
25540,10.207191228866577,2399,5.0,5.0,5.0
25550,10.21209168434143,2399,5.0,5.0,5.0
25560,10.216183185577393,2399,5.0,5.0,5.0
25570,10.221383094787598,2399,5.0,5.0,5.0
25580,10.225380182266235,2399,5.0,5.0,5.0
25582,10.225920915603638,2399,9.5,5.0,5.0
25590,10.228345155715942,2399,6.925500000000001,5.0,5.0
25597,10.23004150390625,2399,10.048689500000002,5.0,5.0
25600,10.230815649032593,2399,8.139438495000002,5.0,5.0
25610,10.234287977218628,2399,5.340285596569502,5.0,5.0
25620,10.238089561462402,2399,5.0,5.0,5.0
25630,10.241550922393799,2399,5.0,5.0,5.0
25640,10.2447030544281,2399,5.0,5.0,5.0
25650,10.247339248657227,2399,5.0,5.0,5.0
25653,10.2481529712677,2399,9.5,5.0,5.0
25659,10.25071406364441,2399,11.232950000000002,5.0,5.0
25660,10.25143027305603,2399,11.232950000000002,5.0,5.0
25669,10.25505256652832,2399,10.969650180950001,5.0,5.0
25670,10.255300998687744,2399,10.969650180950001,5.0,5.0
25680,10.259633779525757,2399,9.872685162855001,5.0,5.0
25690,10.263699054718018,2399,5.246749675632826,5.0,5.0
25692,10.2643301486969,2399,9.722074708069544,5.0,5.0
25700,10.267804861068726,2399,5.740787894367986,5.0,5.0
25710,10.27188777923584,2399,5.0,5.0,5.0
25720,10.275341749191284,2399,5.0,5.0,5.0
25729,10.27893614768982,2399,9.5,5.0,5.0
25730,10.279691696166992,2399,9.5,5.0,5.0
25740,10.283618211746216,2399,6.925500000000001,5.0,5.0
25750,10.287726640701294,2399,5.0,5.0,5.0
25760,10.291667938232422,2399,5.0,5.0,5.0
25770,10.295031785964966,2399,5.0,5.0,5.0
25776,10.29798674583435,2399,9.5,5.0,5.0
25780,10.298811435699463,2399,7.695000000000001,5.0,5.0
25790,10.303812980651855,2399,6.2329500000000015,5.0,5.0
25800,10.30715012550354,2399,5.0,5.0,5.0
25810,10.31103229522705,2399,5.0,5.0,5.0
25820,10.315285205841064,2399,5.0,5.0,5.0
25830,10.318743705749512,2399,5.0,5.0,5.0
25840,10.322142124176025,2399,5.0,5.0,5.0
25848,10.325391054153442,2399,9.5,5.0,5.0
25850,10.32640552520752,2399,8.55,5.0,5.0
25860,10.330870389938354,2399,5.048689500000002,5.0,5.0
25870,10.335942268371582,2399,5.0,5.0,5.0
25880,10.34222412109375,2399,5.0,5.0,5.0
25890,10.346787452697754,2399,5.0,5.0,5.0
25900,10.350950002670288,2399,5.0,5.0,5.0
25910,10.355461359024048,2399,5.0,5.0,5.0
25913,10.3567373752594,2399,9.5,5.0,5.0
25920,10.360030889511108,2399,6.2329500000000015,5.0,5.0
25930,10.363134860992432,2399,10.048689500000002,5.0,5.0
25940,10.368581295013428,2399,8.139438495000002,5.0,5.0
25945,10.370484352111816,2399,10.933650662855001,5.0,5.0
25950,10.373088359832764,2399,10.933650662855001,5.0,5.0
25959,10.376936435699463,2399,11.456211379909249,5.0,5.0
25960,10.377182006835938,2399,11.456211379909249,5.0,5.0
25970,10.3802330493927,2399,5.479470388755317,5.0,5.0
25975,10.38208556175232,2399,9.5,5.0,5.0
25980,10.384854316711426,2399,7.695000000000001,5.0,5.0
25986,10.38693356513977,2399,10.609655000000002,5.0,5.0
25990,10.38846755027771,2399,9.548689500000002,5.0,5.0
25994,10.390498399734497,2399,12.734438495000003,5.0,5.0
26000,10.392160892486572,2399,7.519558586912552,5.0,5.0
26010,10.395870685577393,2399,5.481758209859251,5.0,5.0
26020,10.399680376052856,2399,5.0,5.0,5.0
26030,10.405118942260742,2399,5.0,5.0,5.0
26040,10.409573793411255,2399,5.0,5.0,5.0
26050,10.41489839553833,2399,5.0,5.0,5.0
26060,10.418639659881592,2399,5.0,5.0,5.0
26070,10.422909259796143,2399,5.0,5.0,5.0
26080,10.427204132080078,2399,5.0,5.0,5.0
26088,10.43013310432434,2399,9.5,5.0,5.0
26090,10.431288719177246,2399,8.55,5.0,5.0
26100,10.434499025344849,2399,5.048689500000002,5.0,5.0
26110,10.438425064086914,2399,9.5,5.0,5.0
26120,10.441967487335205,2399,6.2329500000000015,5.0,5.0
26127,10.44525694847107,2399,9.543820550000003,5.0,5.0
26130,10.446022987365723,2399,7.730494645500003,5.0,5.0
26131,10.446319580078125,2399,11.957445180950003,5.0,5.0
26140,10.449572086334229,2399,6.354676624409252,5.0,5.0
26150,10.453110218048096,2399,5.0,5.0,5.0
26159,10.457752227783203,2399,9.5,5.0,5.0
26160,10.458028078079224,2399,8.55,5.0,5.0
26162,10.458644390106201,2399,11.925500000000001,5.0,5.0
26170,10.462480783462524,2399,7.824320550000001,5.0,5.0
26180,10.468611478805542,2399,5.133536712855001,5.0,5.0
26190,10.473052024841309,2399,5.0,5.0,5.0
26200,10.476549625396729,2399,5.0,5.0,5.0
26205,10.478788375854492,2399,9.5,5.0,5.0
26210,10.481083869934082,2399,7.695000000000001,5.0,5.0
26220,10.484720706939697,2399,5.0,5.0,5.0
26230,10.490145206451416,2399,5.0,5.0,5.0
26240,10.494640350341797,2399,9.5,5.0,5.0
26250,10.498167514801025,2399,5.609655000000002,5.0,5.0
26258,10.501863479614258,2399,9.5,5.0,5.0
26260,10.502302408218384,2399,8.55,5.0,5.0
26270,10.506880760192871,2399,5.609655000000002,5.0,5.0
26275,10.509450912475586,2399,9.5,5.0,5.0
26280,10.512634515762329,2399,8.55,5.0,5.0
26290,10.517394781112671,2399,5.609655000000002,5.0,5.0
26293,10.518627166748047,2399,9.543820550000003,5.0,5.0
26300,10.520978689193726,2399,6.957445180950002,5.0,5.0
26310,10.525866270065308,2399,5.635530596569502,5.0,5.0
26320,10.529679775238037,2399,5.0,5.0,5.0
26330,10.533641576766968,2399,5.0,5.0,5.0
26340,10.536606073379517,2399,5.0,5.0,5.0
26341,10.536914587020874,2399,9.5,5.0,5.0
26350,10.541147232055664,2399,6.925500000000001,5.0,5.0
26360,10.544646263122559,2399,5.0,5.0,5.0
26363,10.545459747314453,2399,9.5,5.0,5.0
26370,10.547929525375366,2399,6.925500000000001,5.0,5.0
26380,10.5506911277771,2399,5.048689500000002,5.0,5.0
26390,10.555134296417236,2399,5.0,5.0,5.0
26400,10.558757305145264,2399,5.0,5.0,5.0
26410,10.56317687034607,2399,5.0,5.0,5.0
26420,10.568090438842773,2399,5.0,5.0,5.0
26430,10.571564197540283,2399,5.0,5.0,5.0
26440,10.575656414031982,2399,5.0,5.0,5.0
26450,10.579065084457397,2399,5.0,5.0,5.0
26457,10.581276416778564,2399,9.5,5.0,5.0
26460,10.583380937576294,2399,9.5,5.0,5.0
26467,10.585223913192749,2399,11.232950000000002,5.0,5.0
26470,10.586512327194214,2399,9.098689500000003,5.0,5.0
26480,10.59067440032959,2399,5.0,5.0,5.0
26482,10.591249942779541,2399,9.5,5.0,5.0
26490,10.594795227050781,2399,5.609655000000002,5.0,5.0
26500,10.599749565124512,2399,5.0,5.0,5.0
26505,10.601946830749512,2399,9.5,5.0,5.0
26510,10.603309392929077,2399,6.2329500000000015,5.0,5.0
26520,10.607346057891846,2399,5.0,5.0,5.0
26530,10.612874031066895,2399,5.0,5.0,5.0
26540,10.616806268692017,2399,5.0,5.0,5.0
26550,10.622209310531616,2399,5.0,5.0,5.0
26552,10.62326431274414,2399,9.5,5.0,5.0
26560,10.62784481048584,2399,12.695,5.0,5.0
26570,10.631294012069702,2399,9.254655000000001,5.0,5.0
26580,10.63515591621399,2399,7.496270550000002,5.0,5.0
26590,10.638766050338745,2399,5.464781230950001,5.0,5.0
26600,10.644261360168457,2399,5.0,5.0,5.0
26602,10.644815444946289,2399,9.5,5.0,5.0
26605,10.646146774291992,2399,12.695,5.0,5.0
26610,10.64791989326477,2399,9.254655000000001,5.0,5.0
26620,10.652692794799805,2399,7.496270550000002,5.0,5.0
26621,10.652988910675049,2399,11.746643495,5.0,5.0
26630,10.656349182128906,2399,6.242647965626295,5.0,5.0
26640,10.660856246948242,2399,5.056544852157299,5.0,5.0
26650,10.664810419082642,2399,5.0,5.0,5.0
26659,10.668728828430176,2399,9.5,5.0,5.0
26660,10.668973684310913,2399,9.5,5.0,5.0
26664,10.67090916633606,2399,13.55,5.0,5.0
26670,10.673015832901001,2399,8.890155,5.0,5.0
26680,10.677600145339966,2399,6.480922995000001,5.0,5.0
26690,10.682206153869629,2399,5.0,5.0,5.0
26700,10.68631100654602,2399,5.0,5.0,5.0
26710,10.690930604934692,2399,5.0,5.0,5.0
26720,10.693459272384644,2399,5.0,5.0,5.0
26729,10.697842836380005,2399,9.5,5.0,5.0
26730,10.698118448257446,2399,8.55,5.0,5.0
26740,10.70289421081543,2399,7.695000000000001,5.0,5.0
26750,10.706091165542603,2399,5.0,5.0,5.0
26760,10.710000038146973,2399,5.0,5.0,5.0
26770,10.71439504623413,2399,5.0,5.0,5.0
26780,10.71931004524231,2399,5.0,5.0,5.0
26790,10.723787307739258,2399,5.0,5.0,5.0
26800,10.72830319404602,2399,9.5,5.0,5.0
26810,10.73285174369812,2399,10.609655000000002,5.0,5.0
26816,10.734987258911133,2399,12.734438495000003,5.0,5.0
26820,10.736523389816284,2399,10.314895180950003,5.0,5.0
26827,10.739143133163452,2399,12.519558586912552,5.0,5.0
26830,10.739990234375,2399,9.12675820985925,5.0,5.0
26840,10.743804454803467,2399,9.850333509805811,5.0,5.0
26850,10.747406005859375,2399,5.0,5.0,5.0
26860,10.752350330352783,2399,5.0,5.0,5.0
26870,10.756275653839111,2399,5.0,5.0,5.0
26880,10.760366678237915,2399,5.0,5.0,5.0
26890,10.763379335403442,2399,5.0,5.0,5.0
26900,10.766573190689087,2399,5.0,5.0,5.0
26910,10.770106077194214,2399,5.0,5.0,5.0
26920,10.772942304611206,2399,5.0,5.0,5.0
26930,10.778059244155884,2399,5.0,5.0,5.0
26931,10.778390884399414,2399,9.5,5.0,5.0
26940,10.782834768295288,2399,5.609655000000002,5.0,5.0
26950,10.787239074707031,2399,5.0,5.0,5.0
26960,10.791596412658691,2399,9.5,5.0,5.0
26970,10.794624328613281,2399,6.925500000000001,5.0,5.0
26972,10.79522967338562,2399,10.609655000000002,5.0,5.0
26980,10.798050880432129,2399,7.734438495000002,5.0,5.0
26990,10.80303144454956,2399,5.638405662855002,5.0,5.0
26993,10.803890228271484,2399,9.5,5.0,5.0
27000,10.806061267852783,2399,6.925500000000001,5.0,5.0
27003,10.807382345199585,2399,10.609655000000002,5.0,5.0
27004,10.807676076889038,2399,14.548689500000002,5.0,5.0
27010,10.80926251411438,2399,10.605994645500001,5.0,5.0
27011,10.80958366394043,2399,14.54539518095,5.0,5.0
27020,10.81368899345398,2399,10.60359308691255,5.0,5.0
27030,10.818167448043823,2399,7.73001936035925,5.0,5.0
27039,10.822020769119263,2399,10.635184113701893,5.0,5.0
27040,10.822638988494873,2399,10.635184113701893,5.0,5.0
27050,10.827353715896606,2399,7.75304921888868,5.0,5.0
27059,10.831138849258423,2399,10.651972880569849,5.0,5.0
27060,10.83187985420227,2399,10.651972880569849,5.0,5.0
27070,10.835118293762207,2399,6.289883466247691,5.0,5.0
27080,10.838452816009521,2399,5.660895119622922,5.0,5.0
27083,10.839875936508179,2399,9.585325046894567,5.0,5.0
27090,10.843214750289917,2399,8.626792542205111,5.0,5.0
27093,10.844531774520874,2399,11.98770195918614,5.0,5.0
27097,10.846133708953857,2399,14.710038586940772,5.0,5.0
27100,10.847460746765137,2399,11.915131255422025,5.0,5.0
27110,10.850927352905273,2399,7.035765855014152,5.0,5.0
27115,10.852330923080444,2399,10.129073308305317,5.0,5.0
27120,10.854169130325317,2399,7.384094441754577,5.0,5.0
27130,10.857212781906128,2399,5.0,5.0,5.0
27139,10.86070728302002,2399,9.5,5.0,5.0
27140,10.860941886901855,2399,9.5,5.0,5.0
27150,10.864364385604858,2399,6.925500000000001,5.0,5.0
27160,10.868430614471436,2399,5.048689500000002,5.0,5.0
27170,10.872800827026367,2399,5.0,5.0,5.0
27179,10.876095294952393,2399,9.5,5.0,5.0
27180,10.876477241516113,2399,13.55,5.0,5.0
27190,10.880069732666016,2399,9.87795,5.0,5.0
27200,10.884702682495117,2399,6.480922995000001,5.0,5.0
27210,10.888543128967285,2399,5.0,5.0,5.0
27212,10.88913369178772,2399,9.5,5.0,5.0
27220,10.892212152481079,2399,7.695000000000001,5.0,5.0
27230,10.896279335021973,2399,5.048689500000002,5.0,5.0
27231,10.896592378616333,2399,9.543820550000003,5.0,5.0
27240,10.901034832000732,2399,6.261700662855002,5.0,5.0
27250,10.90579891204834,2399,5.0,5.0,5.0
27260,10.909780025482178,2399,5.0,5.0,5.0
27270,10.913265943527222,2399,5.0,5.0,5.0
27279,10.916559934616089,2399,9.5,5.0,5.0
27280,10.916830778121948,2399,8.55,5.0,5.0
27282,10.917895793914795,2399,12.695,5.0,5.0
27290,10.921563386917114,2399,8.329189500000002,5.0,5.0
27300,10.926484823226929,2399,6.746643495000002,5.0,5.0
27310,10.929657936096191,2399,9.5,5.0,5.0
27320,10.933917045593262,2399,10.048689500000002,5.0,5.0
27330,10.937999248504639,2399,12.325494645500001,5.0,5.0
27337,10.941356182098389,2399,13.086757036912552,5.0,5.0
27340,10.942177057266235,2399,10.600273199899167,5.0,5.0
27350,10.946519374847412,2399,7.727599162726493,5.0,5.0
27360,10.950608730316162,2399,5.070077810664852,5.0,5.0
27370,10.9536771774292,2399,5.0,5.0,5.0
27380,10.958120346069336,2399,5.0,5.0,5.0
27390,10.961246490478516,2399,5.0,5.0,5.0
27393,10.9625883102417,2399,9.5,5.0,5.0
27400,10.965318202972412,2399,6.925500000000001,5.0,5.0
27410,10.969178199768066,2399,5.0,5.0,5.0
27420,10.974146842956543,2399,5.0,5.0,5.0
27430,10.977630376815796,2399,5.0,5.0,5.0
27440,10.98232126235962,2399,5.0,5.0,5.0
27450,10.987791776657104,2399,5.0,5.0,5.0
27460,10.992186069488525,2399,5.0,5.0,5.0
27470,10.996362447738647,2399,5.0,5.0,5.0
27480,10.999789237976074,2399,5.0,5.0,5.0
27490,11.00426697731018,2399,5.0,5.0,5.0
27500,11.010870218276978,2399,5.0,5.0,5.0
27510,11.015124082565308,2399,5.0,5.0,5.0
27520,11.01856803894043,2399,5.0,5.0,5.0
27530,11.022523880004883,2399,5.0,5.0,5.0
27540,11.026617527008057,2399,5.0,5.0,5.0
27550,11.030155420303345,2399,5.0,5.0,5.0
27560,11.034734964370728,2399,5.0,5.0,5.0
27570,11.03886342048645,2399,5.0,5.0,5.0
27578,11.042072534561157,2399,9.5,5.0,5.0
27580,11.04264235496521,2399,9.5,5.0,5.0
27590,11.046242237091064,2399,5.609655000000002,5.0,5.0
27600,11.05085039138794,2399,5.0,5.0,5.0
27601,11.051164627075195,2399,9.5,5.0,5.0
27610,11.054422855377197,2399,6.925500000000001,5.0,5.0
27620,11.059906244277954,2399,5.048689500000002,5.0,5.0
27630,11.063875436782837,2399,5.0,5.0,5.0
27640,11.067763090133667,2399,5.0,5.0,5.0
27650,11.071183204650879,2399,5.0,5.0,5.0
27660,11.07566237449646,2399,5.0,5.0,5.0
27670,11.080037117004395,2399,5.0,5.0,5.0
27678,11.083146810531616,2399,9.5,5.0,5.0
27680,11.083717584609985,2399,7.695000000000001,5.0,5.0
27690,11.088206768035889,2399,5.609655000000002,5.0,5.0
27700,11.090761661529541,2399,5.0,5.0,5.0
27710,11.094255447387695,2399,5.0,5.0,5.0
27720,11.097365617752075,2399,5.0,5.0,5.0
27730,11.101334810256958,2399,5.0,5.0,5.0
27740,11.10497522354126,2399,5.0,5.0,5.0
27750,11.109564542770386,2399,5.0,5.0,5.0
27760,11.114173412322998,2399,5.0,5.0,5.0
27770,11.117579221725464,2399,5.0,5.0,5.0
27780,11.12175726890564,2399,5.0,5.0,5.0
27790,11.125893354415894,2399,5.0,5.0,5.0
27800,11.128803491592407,2399,5.0,5.0,5.0
27808,11.131942987442017,2399,9.5,5.0,5.0
27810,11.13298511505127,2399,8.55,5.0,5.0
27820,11.136180400848389,2399,5.048689500000002,5.0,5.0
27821,11.136488676071167,2399,9.543820550000003,5.0,5.0
27826,11.138846397399902,2399,11.957445180950003,5.0,5.0
27830,11.141375541687012,2399,10.761700662855004,5.0,5.0
27839,11.144334077835083,2399,10.719208961968327,5.0,5.0
27840,11.144613981246948,2399,9.647288065771495,5.0,5.0
27850,11.148177146911621,2399,5.696627129957411,5.0,5.0
27860,11.151231527328491,2399,5.0,5.0,5.0
27863,11.152443647384644,2399,9.5,5.0,5.0
27870,11.155134439468384,2399,7.695000000000001,5.0,5.0
27875,11.157471656799316,2399,11.232950000000002,5.0,5.0
27880,11.159862041473389,2399,8.188820550000003,5.0,5.0
27890,11.16391897201538,2399,5.969650180950002,5.0,5.0
27900,11.167496681213379,2399,5.0,5.0,5.0
27910,11.171628475189209,2399,5.0,5.0,5.0
27920,11.176182985305786,2399,5.0,5.0,5.0
27930,11.180916547775269,2399,5.0,5.0,5.0
27933,11.181764841079712,2399,9.5,5.0,5.0
27940,11.184617757797241,2399,6.925500000000001,5.0,5.0
27942,11.185227632522583,2399,10.609655000000002,5.0,5.0
27950,11.18864917755127,2399,7.734438495000002,5.0,5.0
27959,11.191753387451172,2399,10.0745650965695,5.0,5.0
27960,11.19203233718872,2399,9.067108586912552,5.0,5.0
27970,11.196728229522705,2399,6.60992215985925,5.0,5.0
27980,11.200236320495605,2399,5.0,5.0,5.0
27990,11.206319570541382,2399,5.0,5.0,5.0
27991,11.206637144088745,2399,9.5,5.0,5.0
27999,11.210299730300903,2399,12.695,5.0,5.0
28000,11.210934162139893,2399,12.695,5.0,5.0
28010,11.21584177017212,2399,7.496270550000002,5.0,5.0
28018,11.218486547470093,2399,10.46478123095,5.0,5.0
28020,11.219407081604004,2399,9.418303107855001,5.0,5.0
28030,11.223029613494873,2399,6.865942965626296,5.0,5.0
28038,11.22617506980896,2399,9.504745179747413,5.0,5.0
28040,11.227194547653198,2399,8.554270661772673,5.0,5.0
28050,11.231150388717651,2399,5.0,5.0,5.0
28051,11.231469631195068,2399,9.5,5.0,5.0
28060,11.23485779762268,2399,5.048689500000002,5.0,5.0
28070,11.239905834197998,2399,5.0,5.0,5.0
28080,11.244398832321167,2399,5.0,5.0,5.0
28090,11.24799656867981,2399,5.0,5.0,5.0
28100,11.252453565597534,2399,5.0,5.0,5.0
28105,11.255302906036377,2399,9.5,5.0,5.0
28110,11.256677150726318,2399,6.925500000000001,5.0,5.0
28120,11.260311603546143,2399,5.0,5.0,5.0
28130,11.2641282081604,2399,5.0,5.0,5.0
28140,11.269450426101685,2399,5.0,5.0,5.0
28150,11.274585723876953,2399,5.0,5.0,5.0
28160,11.279559135437012,2399,5.0,5.0,5.0
28164,11.280826330184937,2399,9.5,5.0,5.0
28170,11.282886743545532,2399,6.925500000000001,5.0,5.0
28180,11.286994457244873,2399,5.048689500000002,5.0,5.0
28187,11.289912223815918,2399,9.5,5.0,5.0
28190,11.291196823120117,2399,8.55,5.0,5.0
28200,11.293898105621338,2399,5.0,5.0,5.0
28202,11.294972896575928,2399,9.5,5.0,5.0
28210,11.299264669418335,2399,7.695000000000001,5.0,5.0
28220,11.302832126617432,2399,5.048689500000002,5.0,5.0
28221,11.303160429000854,2399,9.543820550000003,5.0,5.0
28230,11.305532217025757,2399,6.261700662855002,5.0,5.0
28240,11.310822486877441,2399,5.635530596569502,5.0,5.0
28250,11.315845251083374,2399,5.0,5.0,5.0
28260,11.319510698318481,2399,5.0,5.0,5.0
28270,11.323974847793579,2399,5.0,5.0,5.0
28280,11.327164649963379,2399,5.0,5.0,5.0
28290,11.330141544342041,2399,5.0,5.0,5.0
28300,11.334879159927368,2399,5.0,5.0,5.0
28310,11.338431358337402,2399,5.0,5.0,5.0
28312,11.339025259017944,2399,9.5,5.0,5.0
28320,11.34272050857544,2399,5.609655000000002,5.0,5.0
28330,11.346827983856201,2399,5.0,5.0,5.0
28340,11.352491617202759,2399,5.0,5.0,5.0
28349,11.355379343032837,2399,9.5,5.0,5.0
28350,11.355649709701538,2399,8.55,5.0,5.0
28360,11.360328912734985,2399,5.609655000000002,5.0,5.0
28362,11.362506866455078,2399,10.048689500000002,5.0,5.0
28367,11.364707469940186,2399,13.139438495000002,5.0,5.0
28370,11.366089344024658,2399,10.642945180950003,5.0,5.0
28380,11.37037706375122,2399,6.284552699899168,5.0,5.0
28390,11.374026536941528,2399,5.0,5.0,5.0
28394,11.375295162200928,2399,9.5,5.0,5.0
28397,11.377152681350708,2399,13.55,5.0,5.0
28400,11.379980325698853,2399,12.195,5.0,5.0
28410,11.383479595184326,2399,8.0011395,5.0,5.0
28420,11.387751817703247,2399,5.249547625950001,5.0,5.0
28430,11.391313791275024,2399,5.0,5.0,5.0
28440,11.395258903503418,2399,5.0,5.0,5.0
28450,11.399252891540527,2399,5.0,5.0,5.0
28460,11.402883052825928,2399,5.0,5.0,5.0
28470,11.407183647155762,2399,9.5,5.0,5.0
28480,11.410845518112183,2399,6.2329500000000015,5.0,5.0
28487,11.414337635040283,2399,9.543820550000003,5.0,5.0
28490,11.415639638900757,2399,8.589438495000003,5.0,5.0
28493,11.416977643966675,2399,11.957445180950003,5.0,5.0
28500,11.418666362762451,2399,8.716977536912554,5.0,5.0
28510,11.42295241355896,2399,5.0,5.0,5.0
28520,11.42690920829773,2399,5.0,5.0,5.0
28530,11.430945634841919,2399,5.0,5.0,5.0
28540,11.434979677200317,2399,5.0,5.0,5.0
28550,11.439594030380249,2399,5.0,5.0,5.0
28560,11.444141387939453,2399,5.0,5.0,5.0
28570,11.450635194778442,2399,5.0,5.0,5.0
28580,11.453699350357056,2399,5.0,5.0,5.0
28590,11.45821237564087,2399,5.0,5.0,5.0
28600,11.46241283416748,2399,5.0,5.0,5.0
28610,11.466658353805542,2399,5.0,5.0,5.0
28620,11.470533609390259,2399,5.0,5.0,5.0
28621,11.470877170562744,2399,9.5,5.0,5.0
28630,11.47509503364563,2399,5.609655000000002,5.0,5.0
28640,11.478907823562622,2399,9.543820550000003,5.0,5.0
28644,11.480687141418457,2399,11.957445180950003,5.0,5.0
28650,11.482747554779053,2399,9.685530596569503,5.0,5.0
28660,11.48811960220337,2399,8.716977536912554,5.0,5.0
28668,11.49042010307312,2399,9.632559259194345,5.0,5.0
28670,11.491036653518677,2399,7.80237299994742,5.0,5.0
28673,11.492789268493652,2399,12.022135699952678,5.0,5.0
28680,11.49568223953247,2399,8.764136925265502,5.0,5.0
28690,11.500417232513428,2399,7.0989509094650565,5.0,5.0
28700,11.503926992416382,2399,5.0,5.0,5.0
28710,11.508594989776611,2399,5.0,5.0,5.0
28720,11.513742923736572,2399,5.0,5.0,5.0
28730,11.519312381744385,2399,5.0,5.0,5.0
28738,11.523487329483032,2399,9.5,5.0,5.0
28740,11.52450680732727,2399,8.55,5.0,5.0
28750,11.53018069267273,2399,6.925500000000001,5.0,5.0
28760,11.534295797348022,2399,5.0,5.0,5.0
28770,11.538397312164307,2399,5.0,5.0,5.0
28780,11.54252815246582,2399,5.0,5.0,5.0
28787,11.545817852020264,2399,9.5,5.0,5.0
28790,11.546614646911621,2399,8.55,5.0,5.0
28800,11.549943208694458,2399,5.0,5.0,5.0
28810,11.553488492965698,2399,5.0,5.0,5.0
28820,11.557093143463135,2399,5.0,5.0,5.0
28829,11.561156749725342,2399,9.5,5.0,5.0
28830,11.561410188674927,2399,9.5,5.0,5.0
28840,11.565646648406982,2399,5.609655000000002,5.0,5.0
28841,11.565955400466919,2399,10.048689500000002,5.0,5.0
28850,11.569416284561157,2399,7.325494645500002,5.0,5.0
28860,11.573104619979858,2399,5.0,5.0,5.0
28870,11.57719087600708,2399,5.0,5.0,5.0
28880,11.579814910888672,2399,5.0,5.0,5.0
28890,11.583465337753296,2399,5.0,5.0,5.0
28900,11.587939262390137,2399,5.0,5.0,5.0
28910,11.592578649520874,2399,5.0,5.0,5.0
28917,11.595097064971924,2399,9.5,5.0,5.0
28920,11.596848011016846,2399,9.5,5.0,5.0
28930,11.600394487380981,2399,5.0,5.0,5.0
28940,11.604460716247559,2399,5.0,5.0,5.0
28950,11.608625650405884,2399,5.0,5.0,5.0
28960,11.613204956054688,2399,5.0,5.0,5.0
28970,11.618257284164429,2399,5.0,5.0,5.0
28980,11.622934341430664,2399,5.0,5.0,5.0
28990,11.627047300338745,2399,5.0,5.0,5.0
28992,11.627654075622559,2399,9.5,5.0,5.0
29000,11.629788160324097,2399,5.048689500000002,5.0,5.0
29010,11.63451886177063,2399,5.0,5.0,5.0
29020,11.637748003005981,2399,5.0,5.0,5.0
29030,11.64181923866272,2399,5.0,5.0,5.0
29040,11.646435022354126,2399,5.0,5.0,5.0
29043,11.647801160812378,2399,9.5,5.0,5.0
29050,11.650028467178345,2399,6.925500000000001,5.0,5.0
29060,11.654959440231323,2399,5.0,5.0,5.0
29070,11.660532712936401,2399,5.0,5.0,5.0
29072,11.661096811294556,2399,9.5,5.0,5.0
29080,11.663923025131226,2399,11.925500000000001,5.0,5.0
29090,11.667657613754272,2399,8.693689500000001,5.0,5.0
29100,11.671557664871216,2399,5.133536712855001,5.0,5.0
29110,11.674455404281616,2399,5.0,5.0,5.0
29120,11.678041219711304,2399,5.0,5.0,5.0
29130,11.682705640792847,2399,5.0,5.0,5.0
29140,11.687078714370728,2399,5.0,5.0,5.0
29150,11.6908438205719,2399,5.0,5.0,5.0
29154,11.691883325576782,2399,9.5,5.0,5.0
29160,11.696120977401733,2399,6.2329500000000015,5.0,5.0
29167,11.698533773422241,2399,9.5,5.0,5.0
29170,11.699798822402954,2399,7.695000000000001,5.0,5.0
29180,11.703993558883667,2399,5.0,5.0,5.0
29181,11.704281330108643,2399,9.5,5.0,5.0
29190,11.706982851028442,2399,5.048689500000002,5.0,5.0
29200,11.711748600006104,2399,5.0,5.0,5.0
29210,11.714920282363892,2399,5.0,5.0,5.0
29220,11.718571901321411,2399,5.0,5.0,5.0
29230,11.723160982131958,2399,5.0,5.0,5.0
29240,11.726641178131104,2399,5.0,5.0,5.0
29250,11.730459213256836,2399,5.0,5.0,5.0
29260,11.735065698623657,2399,5.0,5.0,5.0
29268,11.73837947845459,2399,9.5,5.0,5.0
29270,11.738763570785522,2399,8.55,5.0,5.0
29280,11.741846561431885,2399,5.048689500000002,5.0,5.0
29290,11.744494438171387,2399,5.0,5.0,5.0
29296,11.746803760528564,2399,9.5,5.0,5.0
29298,11.747298240661621,2399,13.55,5.0,5.0
29300,11.747937440872192,2399,10.9755,5.0,5.0
29310,11.751644134521484,2399,8.0011395,5.0,5.0
29320,11.75452995300293,2399,5.0,5.0,5.0
29330,11.757784605026245,2399,5.0,5.0,5.0
29340,11.761261463165283,2399,5.0,5.0,5.0
29345,11.76250672340393,2399,9.5,5.0,5.0
29350,11.764064073562622,2399,8.55,5.0,5.0
29360,11.768367290496826,2399,5.609655000000002,5.0,5.0
29370,11.772180557250977,2399,5.0,5.0,5.0
29376,11.773996591567993,2399,9.5,5.0,5.0
29380,11.775907516479492,2399,8.55,5.0,5.0
29390,11.779808044433594,2399,5.048689500000002,5.0,5.0
29400,11.785367012023926,2399,5.048689500000002,5.0,5.0
29410,11.789477109909058,2399,5.0,5.0,5.0
29420,11.79416275024414,2399,5.0,5.0,5.0
29422,11.795193910598755,2399,9.5,5.0,5.0
29430,11.798175573348999,2399,5.609655000000002,5.0,5.0
29440,11.801492691040039,2399,5.0,5.0,5.0
29450,11.805103302001953,2399,5.0,5.0,5.0
29460,11.810872554779053,2399,5.0,5.0,5.0
29470,11.813216209411621,2399,5.0,5.0,5.0
29480,11.81737995147705,2399,9.5,5.0,5.0
29490,11.820709228515625,2399,5.609655000000002,5.0,5.0
29498,11.823238372802734,2399,9.5,5.0,5.0
29500,11.823623418807983,2399,8.55,5.0,5.0
29503,11.824257612228394,2399,12.695,5.0,5.0
29510,11.826870918273926,2399,7.496270550000002,5.0,5.0
29520,11.830263137817383,2399,5.0,5.0,5.0
29530,11.835113048553467,2399,5.0,5.0,5.0
29540,11.838927030563354,2399,5.0,5.0,5.0
29550,11.846211433410645,2399,5.0,5.0,5.0
29558,11.849798202514648,2399,9.5,5.0,5.0
29560,11.850318908691406,2399,8.55,5.0,5.0
29570,11.855321407318115,2399,6.2329500000000015,5.0,5.0
29580,11.859362363815308,2399,5.0,5.0,5.0
29590,11.863767385482788,2399,5.0,5.0,5.0
29600,11.868990898132324,2399,5.0,5.0,5.0
29610,11.871586561203003,2399,5.0,5.0,5.0
29620,11.875784635543823,2399,5.0,5.0,5.0
29630,11.880878925323486,2399,5.0,5.0,5.0
29640,11.88618516921997,2399,5.0,5.0,5.0
29650,11.889967679977417,2399,5.0,5.0,5.0
29660,11.893646478652954,2399,5.0,5.0,5.0
29666,11.895211219787598,2399,9.5,5.0,5.0
29670,11.897623777389526,2399,8.55,5.0,5.0
29678,11.900679111480713,2399,9.543820550000003,5.0,5.0
29680,11.90098261833191,2399,8.589438495000003,5.0,5.0
29683,11.901758432388306,2399,11.957445180950003,5.0,5.0
29690,11.904562711715698,2399,7.845279783221298,5.0,5.0
29700,11.908849716186523,2399,5.719208961968326,5.0,5.0
29706,11.910841703414917,2399,9.632559259194345,5.0,5.0
29710,11.913270711898804,2399,8.669303333274911,5.0,5.0
29720,11.917663812637329,2399,5.68792991696167,5.0,5.0
29725,11.918946504592896,2399,9.5,5.0,5.0
29730,11.92021369934082,2399,6.925500000000001,5.0,5.0
29740,11.923644065856934,2399,5.0,5.0,5.0
29750,11.927398443222046,2399,5.0,5.0,5.0
29757,11.930955410003662,2399,9.5,5.0,5.0
29760,11.932149648666382,2399,7.695000000000001,5.0,5.0
29765,11.933879137039185,2399,10.048689500000002,5.0,5.0
29769,11.935381174087524,2399,13.139438495000002,5.0,5.0
29770,11.935616970062256,2399,13.139438495000002,5.0,5.0
29777,11.93840479850769,2399,12.758707036912552,5.0,5.0
29780,11.939775466918945,2399,10.334552699899167,5.0,5.0
29787,11.942048072814941,2399,11.10245002376346,5.0,5.0
29790,11.942790746688843,2399,8.992984519248404,5.0,5.0
29800,11.946151733398438,2399,5.900297143078879,5.0,5.0
29810,11.948923110961914,2399,5.0,5.0,5.0
29820,11.952818155288696,2399,5.0,5.0,5.0
29830,11.957510471343994,2399,5.0,5.0,5.0
29840,11.961489915847778,2399,5.0,5.0,5.0
29850,11.96589207649231,2399,5.0,5.0,5.0
29860,11.968593835830688,2399,5.0,5.0,5.0
29870,11.972451448440552,2399,5.0,5.0,5.0
29880,11.977528095245361,2399,5.0,5.0,5.0
29890,11.98167610168457,2399,5.0,5.0,5.0
29900,11.986470699310303,2399,5.0,5.0,5.0
29910,11.990384578704834,2399,5.0,5.0,5.0
29911,11.990681171417236,2399,9.5,5.0,5.0
29920,11.99425745010376,2399,7.695000000000001,5.0,5.0
29922,11.994826078414917,2399,11.232950000000002,5.0,5.0
29930,11.998442888259888,2399,7.369938495000002,5.0,5.0
29940,12.002710103988647,2399,5.0,5.0,5.0
29950,12.010074138641357,2399,5.0,5.0,5.0
29952,12.011026382446289,2399,9.5,5.0,5.0
29960,12.016471147537231,2399,6.2329500000000015,5.0,5.0
29963,12.018618822097778,2399,10.609655000000002,5.0,5.0
29970,12.023066997528076,2399,6.264895180950002,5.0,5.0
29980,12.027735471725464,2399,5.0,5.0,5.0
29990,12.032204151153564,2399,5.0,5.0,5.0
29993,12.034099578857422,2399,9.5,5.0,5.0
30000,12.038412094116211,2399,6.2329500000000015,5.0,5.0
30007,12.043590545654297,2399,9.543820550000003,5.0,5.0
30010,12.046288251876831,2399,8.589438495000003,5.0,5.0
30020,12.053287744522095,2399,5.0,5.0,5.0
30026,12.057502269744873,2399,9.5,5.0,5.0
30030,12.059921264648438,2399,8.55,5.0,5.0
30040,12.06414008140564,2399,5.048689500000002,5.0,5.0
30050,12.06740117073059,2399,9.5,5.0,5.0
30053,12.069043397903442,2399,13.55,5.0,5.0
30060,12.07297682762146,2399,9.87795,5.0,5.0
30070,12.080778121948242,2399,5.832830695500001,5.0,5.0
30080,12.087992191314697,2399,5.0,5.0,5.0
30090,12.093944549560547,2399,5.0,5.0,5.0
30100,12.09755277633667,2399,5.0,5.0,5.0
30109,12.10088586807251,2399,9.5,5.0,5.0
30110,12.101133346557617,2399,9.5,5.0,5.0
30120,12.104583978652954,2399,5.609655000000002,5.0,5.0
30130,12.109459638595581,2399,5.0,5.0,5.0
30134,12.111483097076416,2399,9.5,5.0,5.0
30140,12.11380386352539,2399,8.55,5.0,5.0
30150,12.118151187896729,2399,6.925500000000001,5.0,5.0
30160,12.123191118240356,2399,5.0,5.0,5.0
30170,12.127050161361694,2399,5.0,5.0,5.0
30180,12.130839347839355,2399,5.0,5.0,5.0
30190,12.134813070297241,2399,5.0,5.0,5.0
30192,12.135818481445312,2399,9.5,5.0,5.0
30200,12.139765739440918,2399,6.2329500000000015,5.0,5.0
30210,12.144184350967407,2399,5.0,5.0,5.0
30220,12.14866018295288,2399,5.0,5.0,5.0
30224,12.150150060653687,2399,9.5,5.0,5.0
30230,12.152475833892822,2399,8.55,5.0,5.0
30240,12.155434131622314,2399,5.0,5.0,5.0
30250,12.15972638130188,2399,5.0,5.0,5.0
30260,12.16463851928711,2399,5.0,5.0,5.0
30270,12.167484045028687,2399,5.0,5.0,5.0
30280,12.171677350997925,2399,5.0,5.0,5.0
30290,12.175173044204712,2399,5.0,5.0,5.0
30300,12.1818106174469,2399,5.0,5.0,5.0
30310,12.185402154922485,2399,5.0,5.0,5.0
30316,12.188445329666138,2399,9.5,5.0,5.0
30320,12.189458131790161,2399,7.695000000000001,5.0,5.0
30330,12.193784952163696,2399,5.609655000000002,5.0,5.0
30340,12.197385311126709,2399,5.048689500000002,5.0,5.0
30350,12.20203709602356,2399,5.0,5.0,5.0
30351,12.202367305755615,2399,9.5,5.0,5.0
30360,12.204955816268921,2399,6.925500000000001,5.0,5.0
30370,12.20957088470459,2399,5.0,5.0,5.0
30380,12.213285684585571,2399,5.0,5.0,5.0
30390,12.21773386001587,2399,5.0,5.0,5.0
30400,12.221227169036865,2399,5.0,5.0,5.0
30410,12.22510552406311,2399,5.0,5.0,5.0
30420,12.22893500328064,2399,5.0,5.0,5.0
30430,12.232704877853394,2399,5.0,5.0,5.0
30440,12.237143993377686,2399,5.0,5.0,5.0
30450,12.241096496582031,2399,5.0,5.0,5.0
30453,12.2423677444458,2399,9.5,5.0,5.0
30460,12.246537446975708,2399,7.695000000000001,5.0,5.0
30470,12.25053858757019,2399,5.0,5.0,5.0
30480,12.253748416900635,2399,5.0,5.0,5.0
30490,12.257766485214233,2399,5.0,5.0,5.0
30500,12.263129234313965,2399,5.0,5.0,5.0
30502,12.26430344581604,2399,9.5,5.0,5.0
30510,12.268728256225586,2399,7.695000000000001,5.0,5.0
30520,12.271857976913452,2399,5.0,5.0,5.0
30530,12.274892330169678,2399,5.0,5.0,5.0
30540,12.27983808517456,2399,5.0,5.0,5.0
30550,12.283771514892578,2399,5.0,5.0,5.0
30560,12.289090633392334,2399,5.0,5.0,5.0
30570,12.29404616355896,2399,5.0,5.0,5.0
30580,12.298478364944458,2399,5.0,5.0,5.0
30590,12.303189754486084,2399,5.0,5.0,5.0
30600,12.306063652038574,2399,5.0,5.0,5.0
30610,12.309630632400513,2399,5.0,5.0,5.0
30620,12.313425064086914,2399,5.0,5.0,5.0
30630,12.316681861877441,2399,9.5,5.0,5.0
30640,12.320363759994507,2399,5.048689500000002,5.0,5.0
30650,12.32435941696167,2399,5.0,5.0,5.0
30657,12.32809591293335,2399,9.5,5.0,5.0
30660,12.329225301742554,2399,9.5,5.0,5.0
30668,12.332793235778809,2399,11.232950000000002,5.0,5.0
30670,12.33376431465149,2399,11.232950000000002,5.0,5.0
30680,12.337379217147827,2399,5.969650180950002,5.0,5.0
30690,12.339837789535522,2399,5.0,5.0,5.0
30700,12.343607902526855,2399,5.0,5.0,5.0
30708,12.347062349319458,2399,9.5,5.0,5.0
30710,12.34758472442627,2399,8.55,5.0,5.0
30720,12.35199499130249,2399,6.925500000000001,5.0,5.0
30730,12.356503248214722,2399,5.0,5.0,5.0
30740,12.360940217971802,2399,5.0,5.0,5.0
30750,12.364826202392578,2399,5.0,5.0,5.0
30760,12.369912385940552,2399,5.0,5.0,5.0
30770,12.374387264251709,2399,5.0,5.0,5.0
30780,12.378333806991577,2399,5.0,5.0,5.0
30790,12.382078170776367,2399,5.0,5.0,5.0
30800,12.3879075050354,2399,5.0,5.0,5.0
30810,12.391770362854004,2399,5.0,5.0,5.0
30820,12.396204471588135,2399,5.0,5.0,5.0
30830,12.400191068649292,2399,5.0,5.0,5.0
30840,12.40534782409668,2399,5.0,5.0,5.0
30850,12.40919828414917,2399,5.0,5.0,5.0
30860,12.41384744644165,2399,5.0,5.0,5.0
30870,12.417716979980469,2399,5.0,5.0,5.0
30880,12.42081093788147,2399,5.0,5.0,5.0
30890,12.425140619277954,2399,5.0,5.0,5.0
30892,12.426092624664307,2399,9.5,5.0,5.0
30900,12.429569005966187,2399,5.609655000000002,5.0,5.0
30910,12.432835578918457,2399,5.0,5.0,5.0
30920,12.437924861907959,2399,5.0,5.0,5.0
30930,12.44234037399292,2399,5.0,5.0,5.0
30940,12.447284460067749,2399,5.0,5.0,5.0
30950,12.452354907989502,2399,9.5,5.0,5.0
30960,12.457784414291382,2399,6.925500000000001,5.0,5.0
30970,12.460465431213379,2399,5.0,5.0,5.0
30980,12.46396017074585,2399,5.0,5.0,5.0
30990,12.468425512313843,2399,5.0,5.0,5.0
31000,12.471827507019043,2399,5.0,5.0,5.0
31010,12.47483777999878,2399,5.0,5.0,5.0
31020,12.479336500167847,2399,5.0,5.0,5.0
31030,12.482808828353882,2399,5.0,5.0,5.0
31040,12.487212419509888,2399,5.0,5.0,5.0
31041,12.487523317337036,2399,9.5,5.0,5.0
31050,12.492557525634766,2399,8.55,5.0,5.0
31060,12.496078252792358,2399,5.048689500000002,5.0,5.0
31070,12.499930143356323,2399,5.0,5.0,5.0
31075,12.501128435134888,2399,9.5,5.0,5.0
31080,12.5027334690094,2399,8.55,5.0,5.0
31090,12.506629467010498,2399,5.048689500000002,5.0,5.0
31100,12.510836839675903,2399,5.0,5.0,5.0
31110,12.516236782073975,2399,5.0,5.0,5.0
31120,12.520397901535034,2399,5.0,5.0,5.0
31130,12.524151802062988,2399,5.0,5.0,5.0
31140,12.528576135635376,2399,5.0,5.0,5.0
31141,12.528897762298584,2399,9.5,5.0,5.0
31150,12.532750368118286,2399,6.2329500000000015,5.0,5.0
31160,12.536978006362915,2399,5.609655000000002,5.0,5.0
31170,12.541487693786621,2399,5.0,5.0,5.0
31174,12.54299545288086,2399,9.5,5.0,5.0
31180,12.545865774154663,2399,6.925500000000001,5.0,5.0
31190,12.549878358840942,2399,5.0,5.0,5.0
31191,12.55019474029541,2399,9.5,5.0,5.0
31200,12.552508115768433,2399,5.0,5.0,5.0
31210,12.557245254516602,2399,5.0,5.0,5.0
31220,12.561688661575317,2399,5.0,5.0,5.0
31230,12.566062211990356,2399,5.0,5.0,5.0
31240,12.569513082504272,2399,5.0,5.0,5.0
31250,12.572969198226929,2399,5.0,5.0,5.0
31260,12.577574491500854,2399,5.0,5.0,5.0
31270,12.581277847290039,2399,5.0,5.0,5.0
31280,12.585580348968506,2399,5.0,5.0,5.0
31290,12.589706420898438,2399,5.0,5.0,5.0
31300,12.59352731704712,2399,5.0,5.0,5.0
31310,12.597808122634888,2399,5.0,5.0,5.0
31320,12.602071762084961,2399,5.0,5.0,5.0
31322,12.602712392807007,2399,9.5,5.0,5.0
31330,12.606229305267334,2399,6.925500000000001,5.0,5.0
31340,12.60906171798706,2399,5.0,5.0,5.0
31350,12.612540006637573,2399,5.0,5.0,5.0
31360,12.618216037750244,2399,5.0,5.0,5.0
31370,12.621107578277588,2399,5.0,5.0,5.0
31380,12.625619173049927,2399,5.0,5.0,5.0
31390,12.629063129425049,2399,5.0,5.0,5.0
31400,12.632887363433838,2399,5.0,5.0,5.0
31410,12.637276887893677,2399,5.0,5.0,5.0
31420,12.641675472259521,2399,5.0,5.0,5.0
31430,12.645726680755615,2399,5.0,5.0,5.0
31436,12.647854804992676,2399,9.5,5.0,5.0
31440,12.650398254394531,2399,9.5,5.0,5.0
31445,12.651779174804688,2399,12.695,5.0,5.0
31449,12.652860641479492,2399,14.254655000000001,5.0,5.0
31450,12.65314531326294,2399,12.829189500000002,5.0,5.0
31460,12.656167268753052,2399,8.417231230950001,5.0,5.0
31470,12.660037517547607,2399,6.817957297069501,5.0,5.0
31480,12.663926601409912,2399,5.0,5.0,5.0
31488,12.666804552078247,2399,9.5,5.0,5.0
31490,12.667330980300903,2399,8.55,5.0,5.0
31500,12.67176079750061,2399,6.2329500000000015,5.0,5.0
31510,12.675350427627563,2399,5.0,5.0,5.0
31520,12.67918086051941,2399,5.0,5.0,5.0
31530,12.683420658111572,2399,5.0,5.0,5.0
31540,12.688230514526367,2399,5.0,5.0,5.0
31550,12.692967653274536,2399,5.0,5.0,5.0
31560,12.696280241012573,2399,5.0,5.0,5.0
31570,12.69898509979248,2399,5.0,5.0,5.0
31580,12.702806234359741,2399,5.0,5.0,5.0
31590,12.706747770309448,2399,5.0,5.0,5.0
31600,12.710294485092163,2399,5.0,5.0,5.0
31610,12.714858293533325,2399,9.5,5.0,5.0
31620,12.71906566619873,2399,7.695000000000001,5.0,5.0
31630,12.722452640533447,2399,5.048689500000002,5.0,5.0
31640,12.72689437866211,2399,5.0,5.0,5.0
31650,12.731141567230225,2399,5.0,5.0,5.0
31660,12.73611855506897,2399,5.0,5.0,5.0
31670,12.74011754989624,2399,5.0,5.0,5.0
31680,12.743723154067993,2399,5.0,5.0,5.0
31690,12.747554540634155,2399,5.0,5.0,5.0
31700,12.751451253890991,2399,5.0,5.0,5.0
31710,12.755245685577393,2399,5.0,5.0,5.0
31719,12.759588718414307,2399,9.5,5.0,5.0
31720,12.7598557472229,2399,8.55,5.0,5.0
31730,12.76387333869934,2399,6.2329500000000015,5.0,5.0
31740,12.768265724182129,2399,5.048689500000002,5.0,5.0
31750,12.772802114486694,2399,5.0,5.0,5.0
31760,12.776232957839966,2399,5.0,5.0,5.0
31770,12.78113579750061,2399,5.0,5.0,5.0
31780,12.784109354019165,2399,5.0,5.0,5.0
31790,12.788668155670166,2399,5.0,5.0,5.0
31791,12.788971900939941,2399,9.5,5.0,5.0
31800,12.792646884918213,2399,7.695000000000001,5.0,5.0
31810,12.796460151672363,2399,5.048689500000002,5.0,5.0
31814,12.797484874725342,2399,9.543820550000003,5.0,5.0
31816,12.798040390014648,2399,13.589438495000003,5.0,5.0
31820,12.799104452133179,2399,11.007445180950004,5.0,5.0
31830,12.802083730697632,2399,7.221984783221299,5.0,5.0
31840,12.807494878768921,2399,5.264826906968327,5.0,5.0
31843,12.80879831314087,2399,9.738344216271495,5.0,5.0
31850,12.811480045318604,2399,7.09925293366192,5.0,5.0
31855,12.812686681747437,2399,10.750394876266157,5.0,5.0
31859,12.814779281616211,2399,13.707819849775587,5.0,5.0
31860,12.815024852752686,2399,13.707819849775587,5.0,5.0
31870,12.819559097290039,2399,8.993700603437764,5.0,5.0
31880,12.824561834335327,2399,6.556407739906131,5.0,5.0
31890,12.828989267349243,2399,5.0,5.0,5.0
31900,12.833456039428711,2399,5.0,5.0,5.0
31910,12.837469339370728,2399,5.0,5.0,5.0
31912,12.838501214981079,2399,9.5,5.0,5.0
31920,12.842475175857544,2399,6.925500000000001,5.0,5.0
31930,12.847001314163208,2399,5.0,5.0,5.0
31931,12.84731149673462,2399,9.5,5.0,5.0
31940,12.850718259811401,2399,5.048689500000002,5.0,5.0
31950,12.854226350784302,2399,5.0,5.0,5.0
31954,12.855324506759644,2399,9.5,5.0,5.0
31960,12.857724905014038,2399,8.55,5.0,5.0
31961,12.858047723770142,2399,12.695,5.0,5.0
31970,12.862151384353638,2399,10.282950000000001,5.0,5.0
31979,12.865947008132935,2399,11.746643495,5.0,5.0
31980,12.866222143173218,2399,10.5719791455,5.0,5.0
31990,12.8703134059906,2399,10.618383169063666,5.0,5.0
32000,12.873753309249878,2399,6.966721197222673,5.0,5.0
32010,12.876325368881226,2399,5.0,5.0,5.0
32020,12.880577325820923,2399,5.0,5.0,5.0
32022,12.881608247756958,2399,9.5,5.0,5.0
32030,12.885427713394165,2399,6.925500000000001,5.0,5.0
32040,12.889604806900024,2399,5.0,5.0,5.0
32050,12.892542600631714,2399,5.0,5.0,5.0
32060,12.896435737609863,2399,5.0,5.0,5.0
32070,12.900367975234985,2399,5.0,5.0,5.0
32080,12.905652284622192,2399,5.0,5.0,5.0
32090,12.90915846824646,2399,5.0,5.0,5.0
32100,12.91343092918396,2399,5.0,5.0,5.0
32110,12.91935920715332,2399,5.0,5.0,5.0
32120,12.922789335250854,2399,5.0,5.0,5.0
32124,12.923776388168335,2399,9.5,5.0,5.0
32130,12.926341772079468,2399,7.695000000000001,5.0,5.0
32140,12.92985224723816,2399,5.609655000000002,5.0,5.0
32150,12.933295249938965,2399,5.0,5.0,5.0
32160,12.938060760498047,2399,5.0,5.0,5.0
32170,12.943748474121094,2399,5.0,5.0,5.0
32180,12.948146104812622,2399,5.0,5.0,5.0
32190,12.951230764389038,2399,5.0,5.0,5.0
32200,12.954834222793579,2399,5.0,5.0,5.0
32210,12.95842456817627,2399,5.0,5.0,5.0
32220,12.961968183517456,2399,5.0,5.0,5.0
32227,12.966065883636475,2399,9.5,5.0,5.0
32230,12.967256307601929,2399,8.55,5.0,5.0
32240,12.97079610824585,2399,5.048689500000002,5.0,5.0
32250,12.975799083709717,2399,5.0,5.0,5.0
32260,12.980181217193604,2399,5.0,5.0,5.0
32270,12.98444414138794,2399,5.0,5.0,5.0
32280,12.988838911056519,2399,5.0,5.0,5.0
32290,12.99173903465271,2399,5.0,5.0,5.0
32300,12.995721817016602,2399,5.0,5.0,5.0
32310,12.999880075454712,2399,9.5,5.0,5.0
32320,13.003391981124878,2399,6.2329500000000015,5.0,5.0
32330,13.007317543029785,2399,5.0,5.0,5.0
32340,13.012712955474854,2399,5.0,5.0,5.0
32350,13.017752885818481,2399,5.0,5.0,5.0
32360,13.022255182266235,2399,5.0,5.0,5.0
32370,13.026706457138062,2399,5.0,5.0,5.0
32380,13.030826807022095,2399,5.0,5.0,5.0
32387,13.033570528030396,2399,9.5,5.0,5.0
32390,13.0348801612854,2399,7.695000000000001,5.0,5.0
32400,13.038922548294067,2399,5.048689500000002,5.0,5.0
32410,13.043350219726562,2399,5.0,5.0,5.0
32413,13.045120000839233,2399,9.5,5.0,5.0
32420,13.047338485717773,2399,6.925500000000001,5.0,5.0
32430,13.051181554794312,2399,5.048689500000002,5.0,5.0
32440,13.055233716964722,2399,5.0,5.0,5.0
32450,13.058807849884033,2399,5.0,5.0,5.0
32460,13.062896251678467,2399,5.0,5.0,5.0
32470,13.06714391708374,2399,5.0,5.0,5.0
32480,13.070642232894897,2399,5.0,5.0,5.0
32490,13.07515001296997,2399,5.0,5.0,5.0
32500,13.079140663146973,2399,5.0,5.0,5.0
32510,13.08362627029419,2399,5.0,5.0,5.0
32520,13.087703227996826,2399,5.0,5.0,5.0
32530,13.092667818069458,2399,5.0,5.0,5.0
32540,13.096628427505493,2399,5.0,5.0,5.0
32550,13.101165294647217,2399,5.0,5.0,5.0
32560,13.1049964427948,2399,5.0,5.0,5.0
32570,13.10835862159729,2399,5.0,5.0,5.0
32580,13.111535787582397,2399,5.0,5.0,5.0
32583,13.112773656845093,2399,9.5,5.0,5.0
32590,13.115646123886108,2399,6.925500000000001,5.0,5.0
32595,13.11801266670227,2399,10.048689500000002,5.0,5.0
32600,13.119741439819336,2399,8.139438495000002,5.0,5.0
32610,13.124071598052979,2399,5.0,5.0,5.0
32620,13.128207206726074,2399,5.0,5.0,5.0
32630,13.131981134414673,2399,5.0,5.0,5.0
32640,13.137839317321777,2399,5.0,5.0,5.0
32650,13.141457557678223,2399,5.0,5.0,5.0
32660,13.145589351654053,2399,5.0,5.0,5.0
32670,13.148689031600952,2399,5.0,5.0,5.0
32680,13.152894496917725,2399,5.0,5.0,5.0
32690,13.15756106376648,2399,5.0,5.0,5.0
32696,13.159260511398315,2399,9.5,5.0,5.0
32700,13.161369323730469,2399,8.55,5.0,5.0
32710,13.166311264038086,2399,6.2329500000000015,5.0,5.0
32720,13.169942617416382,2399,5.0,5.0,5.0
32730,13.173753499984741,2399,5.0,5.0,5.0
32740,13.178759336471558,2399,5.0,5.0,5.0
32741,13.179085969924927,2399,9.5,5.0,5.0
32747,13.1816246509552,2399,12.695,5.0,5.0
32750,13.183379888534546,2399,11.425500000000001,5.0,5.0
32760,13.187824487686157,2399,9.254655000000001,5.0,5.0
32770,13.19240140914917,2399,6.071979145500001,5.0,5.0
32780,13.199152708053589,2399,5.0,5.0,5.0
32790,13.20333218574524,2399,5.0,5.0,5.0
32793,13.204699516296387,2399,9.5,5.0,5.0
32800,13.206586599349976,2399,6.925500000000001,5.0,5.0
32810,13.210058689117432,2399,5.0,5.0,5.0
32820,13.214003324508667,2399,5.0,5.0,5.0
32830,13.218120336532593,2399,5.0,5.0,5.0
32840,13.222589492797852,2399,5.0,5.0,5.0
32849,13.226402044296265,2399,9.5,5.0,5.0
32850,13.226678133010864,2399,8.55,5.0,5.0
32860,13.230847358703613,2399,5.0,5.0,5.0
32870,13.234806060791016,2399,5.0,5.0,5.0
32880,13.239242553710938,2399,5.0,5.0,5.0
32890,13.24356484413147,2399,5.0,5.0,5.0
32900,13.246126651763916,2399,5.0,5.0,5.0
32910,13.250834465026855,2399,5.0,5.0,5.0
32914,13.252495527267456,2399,9.5,5.0,5.0
32920,13.254590034484863,2399,6.925500000000001,5.0,5.0
32924,13.25571870803833,2399,10.048689500000002,5.0,5.0
32930,13.259171724319458,2399,8.139438495000002,5.0,5.0
32940,13.2632417678833,2399,5.933650662855002,5.0,5.0
32941,13.2635657787323,2399,10.340285596569501,5.0,5.0
32950,13.265861749649048,2399,6.78426137990925,5.0,5.0
32959,13.268762111663818,2399,9.5,5.0,5.0
32960,13.26904559135437,2399,8.55,5.0,5.0
32970,13.272115230560303,2399,5.609655000000002,5.0,5.0
32980,13.27556324005127,2399,5.0,5.0,5.0
32988,13.279057741165161,2399,9.5,5.0,5.0
32990,13.279955387115479,2399,9.5,5.0,5.0
33000,13.28331208229065,2399,6.2329500000000015,5.0,5.0
33010,13.287796258926392,2399,5.0,5.0,5.0
33020,13.29233455657959,2399,5.0,5.0,5.0
33030,13.296924829483032,2399,5.0,5.0,5.0
33040,13.300947904586792,2399,5.0,5.0,5.0
33050,13.304091215133667,2399,5.0,5.0,5.0
33060,13.30758285522461,2399,5.0,5.0,5.0
33070,13.310823917388916,2399,5.0,5.0,5.0
33080,13.314683198928833,2399,5.0,5.0,5.0
33090,13.317609786987305,2399,5.0,5.0,5.0
33100,13.32414174079895,2399,5.0,5.0,5.0
33110,13.329201221466064,2399,5.0,5.0,5.0
33120,13.332613229751587,2399,5.0,5.0,5.0
33130,13.336661338806152,2399,5.0,5.0,5.0
33140,13.342150211334229,2399,5.0,5.0,5.0
33150,13.346645593643188,2399,5.0,5.0,5.0
33160,13.351789951324463,2399,5.0,5.0,5.0
33169,13.35654354095459,2399,9.5,5.0,5.0
33170,13.356823444366455,2399,8.55,5.0,5.0
33180,13.360417127609253,2399,5.609655000000002,5.0,5.0
33190,13.365478515625,2399,5.0,5.0,5.0
33197,13.367780447006226,2399,9.5,5.0,5.0
33200,13.368973970413208,2399,8.55,5.0,5.0
33210,13.372421979904175,2399,5.609655000000002,5.0,5.0
33220,13.375441789627075,2399,5.0,5.0,5.0
33229,13.379814386367798,2399,9.5,5.0,5.0
33230,13.380578994750977,2399,9.5,5.0,5.0
33238,13.382829427719116,2399,10.609655000000002,5.0,5.0
33240,13.383367538452148,2399,9.548689500000002,5.0,5.0
33250,13.386313676834106,2399,6.960994645500001,5.0,5.0
33260,13.38984751701355,2399,5.0,5.0,5.0
33270,13.392438650131226,2399,5.0,5.0,5.0
33277,13.395337343215942,2399,9.5,5.0,5.0
33280,13.39668083190918,2399,8.55,5.0,5.0
33290,13.400826215744019,2399,6.925500000000001,5.0,5.0
33300,13.404712915420532,2399,5.048689500000002,5.0,5.0
33310,13.411381244659424,2399,5.0,5.0,5.0
33320,13.41495966911316,2399,5.0,5.0,5.0
33330,13.418622016906738,2399,5.0,5.0,5.0
33340,13.423482179641724,2399,5.0,5.0,5.0
33350,13.427748203277588,2399,5.0,5.0,5.0
33360,13.431808233261108,2399,5.0,5.0,5.0
33370,13.43624997138977,2399,5.0,5.0,5.0
33380,13.439733982086182,2399,5.0,5.0,5.0
33390,13.444372415542603,2399,5.0,5.0,5.0
33400,13.448498725891113,2399,5.0,5.0,5.0
33405,13.450838088989258,2399,9.5,5.0,5.0
33410,13.453121423721313,2399,8.55,5.0,5.0
33419,13.457033634185791,2399,10.609655000000002,5.0,5.0
33420,13.457272291183472,2399,10.609655000000002,5.0,5.0
33430,13.460365295410156,2399,6.264895180950002,5.0,5.0
33440,13.464494466781616,2399,5.0,5.0,5.0
33450,13.468146562576294,2399,5.0,5.0,5.0
33460,13.474113941192627,2399,5.0,5.0,5.0
33470,13.48029088973999,2399,5.0,5.0,5.0
33480,13.485998630523682,2399,5.0,5.0,5.0
33490,13.490545749664307,2399,5.0,5.0,5.0
33500,13.494070053100586,2399,5.0,5.0,5.0
33510,13.498486757278442,2399,5.0,5.0,5.0
33520,13.502898931503296,2399,5.0,5.0,5.0
33530,13.507160425186157,2399,9.5,5.0,5.0
33540,13.510918855667114,2399,5.048689500000002,5.0,5.0
33542,13.512128353118896,2399,9.543820550000003,5.0,5.0
33550,13.516692399978638,2399,6.957445180950002,5.0,5.0
33560,13.52095103263855,2399,5.635530596569502,5.0,5.0
33570,13.525528192520142,2399,5.0,5.0,5.0
33580,13.53030776977539,2399,5.0,5.0,5.0
33590,13.535606145858765,2399,5.0,5.0,5.0
33600,13.5388925075531,2399,5.0,5.0,5.0
33610,13.543416500091553,2399,5.0,5.0,5.0
33620,13.548039674758911,2399,5.0,5.0,5.0
33623,13.549336194992065,2399,9.5,5.0,5.0
33630,13.552575826644897,2399,7.695000000000001,5.0,5.0
33640,13.557767868041992,2399,5.0,5.0,5.0
33647,13.561204195022583,2399,9.5,5.0,5.0
33650,13.562368631362915,2399,8.55,5.0,5.0
33660,13.566933155059814,2399,5.609655000000002,5.0,5.0
33670,13.57091760635376,2399,5.0,5.0,5.0
33680,13.574079036712646,2399,5.0,5.0,5.0
33690,13.578023672103882,2399,5.0,5.0,5.0
33700,13.581950426101685,2399,5.0,5.0,5.0
33710,13.58784556388855,2399,5.0,5.0,5.0
33720,13.592616558074951,2399,5.0,5.0,5.0
33730,13.596296548843384,2399,5.0,5.0,5.0
33740,13.600021839141846,2399,5.0,5.0,5.0
33750,13.603474140167236,2399,5.0,5.0,5.0
33760,13.608630895614624,2399,5.0,5.0,5.0
33770,13.61274242401123,2399,5.0,5.0,5.0
33780,13.61568284034729,2399,5.0,5.0,5.0
33790,13.619395971298218,2399,5.0,5.0,5.0
33800,13.622912645339966,2399,5.0,5.0,5.0
33810,13.626579284667969,2399,5.0,5.0,5.0
33820,13.631114959716797,2399,5.0,5.0,5.0
33830,13.636804580688477,2399,5.0,5.0,5.0
33840,13.640474319458008,2399,5.0,5.0,5.0
33850,13.644672155380249,2399,5.0,5.0,5.0
33860,13.648391962051392,2399,5.0,5.0,5.0
33870,13.651918649673462,2399,5.0,5.0,5.0
33880,13.656747579574585,2399,5.0,5.0,5.0
33884,13.657771110534668,2399,9.5,5.0,5.0
33890,13.659734010696411,2399,6.925500000000001,5.0,5.0
33900,13.66344928741455,2399,5.0,5.0,5.0
33910,13.66814374923706,2399,5.0,5.0,5.0
33920,13.672215461730957,2399,5.0,5.0,5.0
33927,13.674754858016968,2399,9.5,5.0,5.0
33930,13.676088571548462,2399,8.55,5.0,5.0
33940,13.681571006774902,2399,6.925500000000001,5.0,5.0
33950,13.684322357177734,2399,5.0,5.0,5.0
33960,13.690199375152588,2399,5.0,5.0,5.0
33970,13.693772792816162,2399,5.0,5.0,5.0
33980,13.696766376495361,2399,5.0,5.0,5.0
33990,13.701573610305786,2399,5.0,5.0,5.0
33993,13.702306270599365,2399,9.5,5.0,5.0
34000,13.705594539642334,2399,6.925500000000001,5.0,5.0
34010,13.709330320358276,2399,5.0,5.0,5.0
34018,13.711951732635498,2399,9.5,5.0,5.0
34020,13.712537288665771,2399,7.695000000000001,5.0,5.0
34030,13.715737581253052,2399,9.5,5.0,5.0
34040,13.718882083892822,2399,5.609655000000002,5.0,5.0
34050,13.722445249557495,2399,5.0,5.0,5.0
34060,13.726645708084106,2399,5.0,5.0,5.0
34070,13.72953176498413,2399,5.0,5.0,5.0
34080,13.73426103591919,2399,5.0,5.0,5.0
34090,13.738190412521362,2399,5.0,5.0,5.0
34100,13.74457335472107,2399,5.0,5.0,5.0
34110,13.748644828796387,2399,5.0,5.0,5.0
34120,13.751784086227417,2399,5.0,5.0,5.0
34130,13.755593061447144,2399,5.0,5.0,5.0
34140,13.758633136749268,2399,5.0,5.0,5.0
34150,13.76332974433899,2399,5.0,5.0,5.0
34152,13.764310598373413,2399,9.5,5.0,5.0
34160,13.767459869384766,2399,6.925500000000001,5.0,5.0
34167,13.770082712173462,2399,11.232950000000002,5.0,5.0
34170,13.771421909332275,2399,9.098689500000003,5.0,5.0
34180,13.774544715881348,2399,5.969650180950002,5.0,5.0
34190,13.777610540390015,2399,5.0,5.0,5.0
34200,13.782942533493042,2399,5.0,5.0,5.0
34208,13.785131454467773,2399,9.5,5.0,5.0
34210,13.786064147949219,2399,8.55,5.0,5.0
34220,13.790642261505127,2399,6.2329500000000015,5.0,5.0
34221,13.791076898574829,2399,10.609655000000002,5.0,5.0
34230,13.79470682144165,2399,6.264895180950002,5.0,5.0
34240,13.798940181732178,2399,9.5,5.0,5.0
34249,13.801485538482666,2399,9.543820550000003,5.0,5.0
34250,13.802117109298706,2399,9.543820550000003,5.0,5.0
34260,13.805961847305298,2399,5.0,5.0,5.0
34270,13.81017017364502,2399,5.0,5.0,5.0
34277,13.81305456161499,2399,9.5,5.0,5.0
34280,13.813931703567505,2399,6.925500000000001,5.0,5.0
34290,13.818384408950806,2399,5.0,5.0,5.0
34300,13.821624279022217,2399,5.0,5.0,5.0
34310,13.826094627380371,2399,5.0,5.0,5.0
34320,13.829603433609009,2399,5.0,5.0,5.0
34330,13.833879232406616,2399,5.0,5.0,5.0
34340,13.838135242462158,2399,5.0,5.0,5.0
34347,13.84059739112854,2399,9.5,5.0,5.0
34350,13.841778993606567,2399,8.55,5.0,5.0
34360,13.845936298370361,2399,6.2329500000000015,5.0,5.0
34370,13.850375413894653,2399,5.0,5.0,5.0
34376,13.852497100830078,2399,9.5,5.0,5.0
34380,13.85394835472107,2399,7.695000000000001,5.0,5.0
34390,13.857572793960571,2399,6.2329500000000015,5.0,5.0
34400,13.86024260520935,2399,5.0,5.0,5.0
34410,13.865299940109253,2399,5.0,5.0,5.0
34420,13.868862628936768,2399,5.0,5.0,5.0
34430,13.873787879943848,2399,5.0,5.0,5.0
34440,13.877153158187866,2399,5.0,5.0,5.0
34450,13.881794452667236,2399,5.0,5.0,5.0
34460,13.886577844619751,2399,5.0,5.0,5.0
34470,13.889811277389526,2399,5.0,5.0,5.0
34480,13.894218444824219,2399,5.0,5.0,5.0
34490,13.898017406463623,2399,5.0,5.0,5.0
34491,13.898337841033936,2399,9.5,5.0,5.0
34500,13.90213918685913,2399,6.2329500000000015,5.0,5.0
34510,13.90497899055481,2399,5.0,5.0,5.0
34520,13.908847332000732,2399,5.0,5.0,5.0
34530,13.912414312362671,2399,5.0,5.0,5.0
34540,13.9167320728302,2399,5.0,5.0,5.0
34550,13.920949935913086,2399,5.0,5.0,5.0
34560,13.924762964248657,2399,5.0,5.0,5.0
34570,13.928560495376587,2399,5.0,5.0,5.0
34580,13.93150520324707,2399,5.0,5.0,5.0
34590,13.934826374053955,2399,5.0,5.0,5.0
34600,13.93914794921875,2399,5.0,5.0,5.0
34610,13.94293475151062,2399,5.0,5.0,5.0
34620,13.94675612449646,2399,5.0,5.0,5.0
34630,13.949699878692627,2399,5.0,5.0,5.0
34640,13.952993154525757,2399,5.0,5.0,5.0
34650,13.955594778060913,2399,5.0,5.0,5.0
34660,13.959025621414185,2399,5.0,5.0,5.0
34670,13.963927984237671,2399,5.0,5.0,5.0
34679,13.9664945602417,2399,9.5,5.0,5.0
34680,13.967100143432617,2399,9.5,5.0,5.0
34688,13.969533205032349,2399,10.609655000000002,5.0,5.0
34690,13.970034837722778,2399,9.548689500000002,5.0,5.0
34700,13.973967790603638,2399,6.960994645500001,5.0,5.0
34710,13.978523015975952,2399,6.264895180950002,5.0,5.0
34720,13.981707334518433,2399,5.0745650965695015,5.0,5.0
34730,13.984648942947388,2399,5.0,5.0,5.0
34740,13.988211154937744,2399,5.0,5.0,5.0
34750,13.99393081665039,2399,5.0,5.0,5.0
34760,13.99964427947998,2399,5.0,5.0,5.0
34770,14.004778861999512,2399,5.0,5.0,5.0
34772,14.005364179611206,2399,9.5,5.0,5.0
34780,14.008423089981079,2399,6.2329500000000015,5.0,5.0
34790,14.012691736221313,2399,5.0,5.0,5.0
34794,14.0137038230896,2399,9.5,5.0,5.0
34800,14.016098976135254,2399,6.925500000000001,5.0,5.0
34810,14.020708322525024,2399,10.609655000000002,5.0,5.0
34820,14.024560451507568,2399,6.960994645500001,5.0,5.0
34830,14.028059959411621,2399,5.0,5.0,5.0
34833,14.028733491897583,2399,9.5,5.0,5.0
34840,14.031385898590088,2399,6.2329500000000015,5.0,5.0
34848,14.03432559967041,2399,9.5,5.0,5.0
34850,14.03576922416687,2399,9.5,5.0,5.0
34860,14.039775609970093,2399,5.609655000000002,5.0,5.0
34863,14.041191101074219,2399,10.048689500000002,5.0,5.0
34870,14.04334568977356,2399,8.139438495000002,5.0,5.0
34880,14.046125173568726,2399,5.933650662855002,5.0,5.0
34890,14.049906492233276,2399,5.0,5.0,5.0
34900,14.053382873535156,2399,5.0,5.0,5.0
34910,14.056686162948608,2399,5.0,5.0,5.0
34920,14.05985713005066,2399,5.0,5.0,5.0
34930,14.064335823059082,2399,5.0,5.0,5.0
34940,14.068812131881714,2399,5.0,5.0,5.0
34950,14.07399320602417,2399,5.0,5.0,5.0
34960,14.078144788742065,2399,5.0,5.0,5.0
34970,14.081690788269043,2399,5.0,5.0,5.0
34980,14.08660888671875,2399,5.0,5.0,5.0
34990,14.0922212600708,2399,5.0,5.0,5.0
35000,14.096551895141602,2399,5.0,5.0,5.0
35010,14.099928379058838,2399,5.0,5.0,5.0
35020,14.10310435295105,2399,5.0,5.0,5.0
35030,14.107425928115845,2399,5.0,5.0,5.0
35040,14.111655235290527,2399,5.0,5.0,5.0
35045,14.113482475280762,2399,9.5,5.0,5.0
35050,14.117094993591309,2399,8.55,5.0,5.0
35060,14.121365070343018,2399,5.609655000000002,5.0,5.0
35070,14.125650405883789,2399,5.0,5.0,5.0
35080,14.12882113456726,2399,5.0,5.0,5.0
35090,14.133672952651978,2399,5.0,5.0,5.0
35100,14.137867212295532,2399,5.0,5.0,5.0
35110,14.141792058944702,2399,5.0,5.0,5.0
35120,14.145724296569824,2399,5.0,5.0,5.0
35124,14.147272109985352,2399,9.5,5.0,5.0
35130,14.148693561553955,2399,7.695000000000001,5.0,5.0
35140,14.153960704803467,2399,6.2329500000000015,5.0,5.0
35150,14.156829833984375,2399,5.0,5.0,5.0
35160,14.161785125732422,2399,5.0,5.0,5.0
35166,14.16475796699524,2399,9.5,5.0,5.0
35170,14.165716648101807,2399,8.55,5.0,5.0
35176,14.168233394622803,2399,11.232950000000002,5.0,5.0
35180,14.169251441955566,2399,8.188820550000003,5.0,5.0
35190,14.173765420913696,2399,5.372685162855002,5.0,5.0
35195,14.175466537475586,2399,9.5,5.0,5.0
35200,14.177198886871338,2399,8.55,5.0,5.0
35210,14.18235182762146,2399,6.2329500000000015,5.0,5.0
35218,14.186031103134155,2399,9.5,5.0,5.0
35220,14.187021970748901,2399,8.55,5.0,5.0
35224,14.189001321792603,2399,12.695,5.0,5.0
35230,14.191470384597778,2399,8.329189500000002,5.0,5.0
35240,14.195863723754883,2399,5.0,5.0,5.0
35250,14.200583934783936,2399,5.0,5.0,5.0
35260,14.204384565353394,2399,5.0,5.0,5.0
35270,14.207212686538696,2399,9.5,5.0,5.0
35280,14.210590839385986,2399,6.925500000000001,5.0,5.0
35290,14.21336030960083,2399,5.048689500000002,5.0,5.0
35296,14.215336561203003,2399,9.5,5.0,5.0
35300,14.21684217453003,2399,6.925500000000001,5.0,5.0
35307,14.218961477279663,2399,10.609655000000002,5.0,5.0
35310,14.219755411148071,2399,8.593820550000002,5.0,5.0
35311,14.220045804977417,2399,12.734438495000003,5.0,5.0
35315,14.222058296203613,2399,16.4609946455,5.0,5.0
35320,14.223891258239746,2399,10.800058586912552,5.0,5.0
35330,14.227805852890015,2399,6.377326594985994,5.0,5.0
35340,14.232178211212158,2399,5.0,5.0,5.0
35350,14.236232995986938,2399,5.0,5.0,5.0
35360,14.240772724151611,2399,5.0,5.0,5.0
35370,14.245054244995117,2399,5.0,5.0,5.0
35380,14.248842477798462,2399,5.0,5.0,5.0
35390,14.25271224975586,2399,5.0,5.0,5.0
35400,14.25624966621399,2399,5.0,5.0,5.0
35410,14.261518001556396,2399,5.0,5.0,5.0
35420,14.264960765838623,2399,5.0,5.0,5.0
35430,14.26929783821106,2399,5.0,5.0,5.0
35440,14.273094654083252,2399,5.0,5.0,5.0
35443,14.273871183395386,2399,9.5,5.0,5.0
35450,14.277155637741089,2399,6.2329500000000015,5.0,5.0
35460,14.281659841537476,2399,5.0,5.0,5.0
35470,14.28586220741272,2399,5.0,5.0,5.0
35471,14.28619384765625,2399,9.5,5.0,5.0
35473,14.287271738052368,2399,13.55,5.0,5.0
35479,14.28935980796814,2399,13.0011395,5.0,5.0
35480,14.289626359939575,2399,11.70102555,5.0,5.0
35490,14.29399037361145,2399,8.53004762595,5.0,5.0
35500,14.298121929168701,2399,5.0,5.0,5.0
35510,14.301738977432251,2399,5.0,5.0,5.0
35520,14.3055100440979,2399,5.0,5.0,5.0
35521,14.305797815322876,2399,9.5,5.0,5.0
35530,14.308319568634033,2399,7.695000000000001,5.0,5.0
35540,14.311354160308838,2399,5.048689500000002,5.0,5.0
35550,14.31530237197876,2399,5.0,5.0,5.0
35560,14.31859302520752,2399,5.0,5.0,5.0
35570,14.32205080986023,2399,5.0,5.0,5.0
35580,14.325835227966309,2399,5.0,5.0,5.0
35581,14.32612919807434,2399,9.5,5.0,5.0
35590,14.329705953598022,2399,8.55,5.0,5.0
35600,14.332907438278198,2399,5.048689500000002,5.0,5.0
35610,14.337432384490967,2399,9.5,5.0,5.0
35620,14.341524362564087,2399,5.048689500000002,5.0,5.0
35630,14.345898628234863,2399,5.0,5.0,5.0
35640,14.349775075912476,2399,5.0,5.0,5.0
35650,14.352365016937256,2399,5.0,5.0,5.0
35660,14.356316566467285,2399,5.0,5.0,5.0
35670,14.359607934951782,2399,5.0,5.0,5.0
35680,14.362387895584106,2399,5.0,5.0,5.0
35690,14.367123365402222,2399,5.0,5.0,5.0
35700,14.372349500656128,2399,5.0,5.0,5.0
35710,14.376978397369385,2399,5.0,5.0,5.0
35720,14.381418228149414,2399,5.0,5.0,5.0
35730,14.38479495048523,2399,5.0,5.0,5.0
35737,14.38785696029663,2399,9.5,5.0,5.0
35740,14.388615608215332,2399,8.55,5.0,5.0
35750,14.393335580825806,2399,7.695000000000001,5.0,5.0
35754,14.394820213317871,2399,11.925500000000001,5.0,5.0
35760,14.397337913513184,2399,13.693689500000001,5.0,5.0
35769,14.39999508857727,2399,13.085986712855002,5.0,5.0
35770,14.40026330947876,2399,11.777388041569502,5.0,5.0
35780,14.404140949249268,2399,8.585715882304166,5.0,5.0
35790,14.408174753189087,2399,5.0,5.0,5.0
35800,14.412882328033447,2399,5.0,5.0,5.0
35810,14.416920185089111,2399,5.0,5.0,5.0
35820,14.421234607696533,2399,5.0,5.0,5.0
35828,14.424885034561157,2399,9.5,5.0,5.0
35830,14.425801753997803,2399,8.55,5.0,5.0
35840,14.431277751922607,2399,6.2329500000000015,5.0,5.0
35850,14.43641710281372,2399,5.0,5.0,5.0
35860,14.439666032791138,2399,5.0,5.0,5.0
35869,14.442335367202759,2399,9.5,5.0,5.0
35870,14.443068027496338,2399,9.5,5.0,5.0
35880,14.447610139846802,2399,6.2329500000000015,5.0,5.0
35890,14.45101547241211,2399,5.0,5.0,5.0
35900,14.458496809005737,2399,5.0,5.0,5.0
35910,14.46404218673706,2399,5.0,5.0,5.0
35920,14.468581199645996,2399,5.0,5.0,5.0
35930,14.473316669464111,2399,5.0,5.0,5.0
35940,14.477153062820435,2399,5.0,5.0,5.0
35950,14.480579137802124,2399,5.0,5.0,5.0
35960,14.483978033065796,2399,5.0,5.0,5.0
35964,14.485538244247437,2399,9.5,5.0,5.0
35970,14.488063097000122,2399,6.925500000000001,5.0,5.0
35980,14.491902828216553,2399,6.925500000000001,5.0,5.0
35990,14.496842622756958,2399,5.609655000000002,5.0,5.0
36000,14.501566410064697,2399,5.048689500000002,5.0,5.0
36010,14.505608320236206,2399,5.0,5.0,5.0
36020,14.509671211242676,2399,5.0,5.0,5.0
36021,14.509970903396606,2399,9.5,5.0,5.0
36027,14.511545419692993,2399,12.695,5.0,5.0
36030,14.512829780578613,2399,11.425500000000001,5.0,5.0
36036,14.51491117477417,2399,13.329189500000002,5.0,5.0
36040,14.51669955253601,2399,11.996270550000002,5.0,5.0
36041,14.517185926437378,2399,15.796643495000001,5.0,5.0
36050,14.522459268569946,2399,11.515753107855002,5.0,5.0
36059,14.526570796966553,2399,13.394984015626298,5.0,5.0
36060,14.52684235572815,2399,12.055485614063668,5.0,5.0
36070,14.530298233032227,2399,8.788449012652416,5.0,5.0
36080,14.533724069595337,2399,5.766101397201251,5.0,5.0
36090,14.536780834197998,2399,5.0,5.0,5.0
36100,14.539893388748169,2399,5.0,5.0,5.0
36110,14.544864416122437,2399,5.0,5.0,5.0
36120,14.549384355545044,2399,5.0,5.0,5.0
36130,14.553321838378906,2399,5.0,5.0,5.0
36140,14.556936740875244,2399,5.0,5.0,5.0
36150,14.560994625091553,2399,5.0,5.0,5.0
36160,14.566054344177246,2399,5.0,5.0,5.0
36163,14.567286014556885,2399,9.5,5.0,5.0
36170,14.569627285003662,2399,5.609655000000002,5.0,5.0
36180,14.57603931427002,2399,5.048689500000002,5.0,5.0
36190,14.580122470855713,2399,5.048689500000002,5.0,5.0
36200,14.584858179092407,2399,5.0,5.0,5.0
36210,14.58926248550415,2399,5.0,5.0,5.0
36220,14.59369707107544,2399,5.0,5.0,5.0
36230,14.59718918800354,2399,5.0,5.0,5.0
36240,14.600589036941528,2399,5.0,5.0,5.0
36250,14.604974269866943,2399,5.0,5.0,5.0
36260,14.609567165374756,2399,5.0,5.0,5.0
36270,14.614435911178589,2399,5.0,5.0,5.0
36280,14.616869449615479,2399,5.0,5.0,5.0
36290,14.622487783432007,2399,5.0,5.0,5.0
36300,14.626053094863892,2399,5.0,5.0,5.0
36310,14.629530429840088,2399,5.0,5.0,5.0
36316,14.631641387939453,2399,9.5,5.0,5.0
36320,14.633136987686157,2399,6.925500000000001,5.0,5.0
36330,14.637106657028198,2399,5.048689500000002,5.0,5.0
36340,14.641613245010376,2399,5.0,5.0,5.0
36350,14.645502805709839,2399,5.0,5.0,5.0
36360,14.648706436157227,2399,5.0,5.0,5.0
36370,14.652179956436157,2399,5.0,5.0,5.0
36372,14.653209447860718,2399,9.5,5.0,5.0
36380,14.656839847564697,2399,6.925500000000001,5.0,5.0
36390,14.661359548568726,2399,5.0,5.0,5.0
36400,14.666302919387817,2399,5.0,5.0,5.0
36410,14.6704740524292,2399,5.0,5.0,5.0
36411,14.670795917510986,2399,9.5,5.0,5.0
36420,14.674274921417236,2399,6.2329500000000015,5.0,5.0
36430,14.677955865859985,2399,5.0,5.0,5.0
36440,14.683926105499268,2399,5.0,5.0,5.0
36450,14.688866138458252,2399,5.0,5.0,5.0
36460,14.693610906600952,2399,5.0,5.0,5.0
36470,14.697557926177979,2399,5.0,5.0,5.0
36480,14.700564622879028,2399,5.0,5.0,5.0
36490,14.70651626586914,2399,5.0,5.0,5.0
36500,14.711136817932129,2399,5.0,5.0,5.0
36510,14.717583417892456,2399,5.0,5.0,5.0
36518,14.721190214157104,2399,9.5,5.0,5.0
36520,14.721776008605957,2399,7.695000000000001,5.0,5.0
36530,14.72622275352478,2399,5.609655000000002,5.0,5.0
36540,14.730186939239502,2399,5.0,5.0,5.0
36550,14.734020233154297,2399,5.0,5.0,5.0
36560,14.737539052963257,2399,5.0,5.0,5.0
36566,14.739903926849365,2399,9.5,5.0,5.0
36570,14.741416692733765,2399,8.55,5.0,5.0
36580,14.746989965438843,2399,6.2329500000000015,5.0,5.0
36590,14.749922275543213,2399,5.0,5.0,5.0
36600,14.753337621688843,2399,5.0,5.0,5.0
36610,14.758772134780884,2399,5.0,5.0,5.0
36620,14.761321783065796,2399,5.0,5.0,5.0
36630,14.766265392303467,2399,5.0,5.0,5.0
36640,14.771172523498535,2399,5.0,5.0,5.0
36650,14.774972438812256,2399,5.0,5.0,5.0
36660,14.778814315795898,2399,5.0,5.0,5.0
36670,14.783168315887451,2399,5.0,5.0,5.0
36680,14.78769040107727,2399,5.0,5.0,5.0
36690,14.792717218399048,2399,5.0,5.0,5.0
36700,14.79570460319519,2399,5.0,5.0,5.0
36706,14.797308444976807,2399,9.5,5.0,5.0
36710,14.798260688781738,2399,7.695000000000001,5.0,5.0
36720,14.802768230438232,2399,5.048689500000002,5.0,5.0
36730,14.806777477264404,2399,5.0,5.0,5.0
36740,14.810955047607422,2399,5.0,5.0,5.0
36750,14.815137386322021,2399,5.0,5.0,5.0
36760,14.819448471069336,2399,5.0,5.0,5.0
36770,14.822622776031494,2399,5.0,5.0,5.0
36780,14.82616925239563,2399,5.0,5.0,5.0
36790,14.828970432281494,2399,5.0,5.0,5.0
36800,14.832912921905518,2399,5.0,5.0,5.0
36810,14.836674690246582,2399,5.0,5.0,5.0
36820,14.840632438659668,2399,5.0,5.0,5.0
36830,14.845024585723877,2399,5.0,5.0,5.0
36840,14.84899091720581,2399,5.0,5.0,5.0
36842,14.850053787231445,2399,9.5,5.0,5.0
36850,14.852123737335205,2399,5.609655000000002,5.0,5.0
36857,14.85442042350769,2399,9.5,5.0,5.0
36860,14.855576992034912,2399,8.55,5.0,5.0
36870,14.859663486480713,2399,6.2329500000000015,5.0,5.0
36880,14.865221500396729,2399,5.0,5.0,5.0
36890,14.869744300842285,2399,5.0,5.0,5.0
36900,14.874116897583008,2399,5.0,5.0,5.0
36910,14.878535747528076,2399,5.0,5.0,5.0
36919,14.883328437805176,2399,9.5,5.0,5.0
36920,14.88406491279602,2399,9.5,5.0,5.0
36930,14.88792896270752,2399,6.2329500000000015,5.0,5.0
36940,14.89217495918274,2399,5.048689500000002,5.0,5.0
36950,14.895995378494263,2399,5.0,5.0,5.0
36960,14.899744510650635,2399,5.0,5.0,5.0
36970,14.905116319656372,2399,5.0,5.0,5.0
36980,14.910228252410889,2399,5.0,5.0,5.0
36983,14.91159462928772,2399,9.5,5.0,5.0
36990,14.914735078811646,2399,6.925500000000001,5.0,5.0
37000,14.917428970336914,2399,5.0,5.0,5.0
37010,14.922332286834717,2399,5.0,5.0,5.0
37020,14.927191019058228,2399,5.0,5.0,5.0
37030,14.931671857833862,2399,5.0,5.0,5.0
37040,14.935900211334229,2399,5.0,5.0,5.0
37050,14.941450834274292,2399,5.0,5.0,5.0
37060,14.945502519607544,2399,5.0,5.0,5.0
37070,14.949931859970093,2399,5.0,5.0,5.0
37080,14.95280933380127,2399,5.0,5.0,5.0
37090,14.956465005874634,2399,5.0,5.0,5.0
37100,14.962127685546875,2399,5.0,5.0,5.0
37110,14.964845180511475,2399,5.0,5.0,5.0
37120,14.969356060028076,2399,5.0,5.0,5.0
37130,14.973889350891113,2399,5.0,5.0,5.0
37140,14.977948665618896,2399,5.0,5.0,5.0
37149,14.981738328933716,2399,9.5,5.0,5.0
37150,14.982046842575073,2399,8.55,5.0,5.0
37160,14.985153913497925,2399,5.0,5.0,5.0
37170,14.99024510383606,2399,5.0,5.0,5.0
37180,14.99344253540039,2399,5.0,5.0,5.0
37190,14.996729373931885,2399,5.0,5.0,5.0
37200,15.001221418380737,2399,5.0,5.0,5.0
37210,15.005863189697266,2399,5.0,5.0,5.0
37220,15.010745286941528,2399,5.0,5.0,5.0
37223,15.011580228805542,2399,9.5,5.0,5.0
37230,15.013917922973633,2399,6.2329500000000015,5.0,5.0
37240,15.018157243728638,2399,5.0,5.0,5.0
37250,15.02370309829712,2399,5.0,5.0,5.0
37253,15.025047540664673,2399,9.5,5.0,5.0
37260,15.028175592422485,2399,6.925500000000001,5.0,5.0
37270,15.0329430103302,2399,5.609655000000002,5.0,5.0
37280,15.037264585494995,2399,5.0,5.0,5.0
37290,15.041165113449097,2399,5.0,5.0,5.0
37300,15.045916318893433,2399,5.0,5.0,5.0
37310,15.049509048461914,2399,9.5,5.0,5.0
37320,15.053410768508911,2399,7.695000000000001,5.0,5.0
37330,15.057921409606934,2399,5.0,5.0,5.0
37333,15.058751821517944,2399,9.5,5.0,5.0
37340,15.062103748321533,2399,7.695000000000001,5.0,5.0
37350,15.06670880317688,2399,5.048689500000002,5.0,5.0
37360,15.070310115814209,2399,5.0,5.0,5.0
37370,15.07379674911499,2399,5.0,5.0,5.0
37379,15.076030969619751,2399,9.5,5.0,5.0
37380,15.076776266098022,2399,9.5,5.0,5.0
37390,15.081150531768799,2399,6.925500000000001,5.0,5.0
37400,15.085723161697388,2399,6.2329500000000015,5.0,5.0
37410,15.089288234710693,2399,5.0,5.0,5.0
37420,15.092468023300171,2399,5.0,5.0,5.0
37430,15.097507953643799,2399,5.0,5.0,5.0
37440,15.101528406143188,2399,5.0,5.0,5.0
37450,15.105965852737427,2399,5.0,5.0,5.0
37460,15.109890699386597,2399,5.0,5.0,5.0
37470,15.114460229873657,2399,5.0,5.0,5.0
37480,15.118394136428833,2399,5.0,5.0,5.0
37490,15.122701168060303,2399,5.0,5.0,5.0
37500,15.126126050949097,2399,5.0,5.0,5.0
37510,15.130695104598999,2399,5.0,5.0,5.0
37520,15.134241819381714,2399,5.0,5.0,5.0
37530,15.13826298713684,2399,9.5,5.0,5.0
37540,15.14231276512146,2399,6.2329500000000015,5.0,5.0
37550,15.14620566368103,2399,5.609655000000002,5.0,5.0
37560,15.15015435218811,2399,5.0,5.0,5.0
37570,15.154752492904663,2399,5.0,5.0,5.0
37580,15.159080266952515,2399,5.0,5.0,5.0
37590,15.16271686553955,2399,5.0,5.0,5.0
37600,15.16636061668396,2399,5.0,5.0,5.0
37610,15.17038345336914,2399,5.0,5.0,5.0
37620,15.17432451248169,2399,5.0,5.0,5.0
37625,15.175742149353027,2399,9.5,5.0,5.0
37630,15.177053213119507,2399,7.695000000000001,5.0,5.0
37640,15.181200981140137,2399,5.0,5.0,5.0
37650,15.184741258621216,2399,9.5,5.0,5.0
37656,15.186827898025513,2399,11.232950000000002,5.0,5.0
37660,15.18777346611023,2399,9.098689500000003,5.0,5.0
37670,15.192112684249878,2399,5.372685162855002,5.0,5.0
37680,15.196596622467041,2399,5.0,5.0,5.0
37690,15.20083212852478,2399,5.0,5.0,5.0
37700,15.205114603042603,2399,5.0,5.0,5.0
37704,15.206292152404785,2399,9.5,5.0,5.0
37710,15.207857370376587,2399,6.2329500000000015,5.0,5.0
37720,15.211159229278564,2399,5.0,5.0,5.0
37730,15.215821743011475,2399,5.0,5.0,5.0
37740,15.219746112823486,2399,5.0,5.0,5.0
37750,15.224529027938843,2399,5.0,5.0,5.0
37760,15.228626012802124,2399,5.0,5.0,5.0
37770,15.232821941375732,2399,5.0,5.0,5.0
37780,15.236840724945068,2399,5.0,5.0,5.0
37785,15.239283084869385,2399,9.5,5.0,5.0
37790,15.241058588027954,2399,6.925500000000001,5.0,5.0
37800,15.244754076004028,2399,5.0,5.0,5.0
37801,15.245080471038818,2399,9.5,5.0,5.0
37810,15.249231576919556,2399,6.925500000000001,5.0,5.0
37820,15.253488302230835,2399,5.0,5.0,5.0
37830,15.256956100463867,2399,5.0,5.0,5.0
37840,15.260223388671875,2399,5.0,5.0,5.0
37850,15.263662099838257,2399,5.0,5.0,5.0
37851,15.263996362686157,2399,9.5,5.0,5.0
37860,15.267308473587036,2399,6.925500000000001,5.0,5.0
37870,15.272469997406006,2399,5.609655000000002,5.0,5.0
37880,15.275924682617188,2399,5.0,5.0,5.0
37881,15.276254892349243,2399,9.5,5.0,5.0
37890,15.28057336807251,2399,6.2329500000000015,5.0,5.0
37900,15.285207748413086,2399,5.0,5.0,5.0
37910,15.290250778198242,2399,5.0,5.0,5.0
37920,15.293581485748291,2399,5.0,5.0,5.0
37930,15.298289775848389,2399,5.0,5.0,5.0
37940,15.303066492080688,2399,5.0,5.0,5.0
37950,15.30757737159729,2399,5.0,5.0,5.0
37960,15.312262535095215,2399,5.0,5.0,5.0
37970,15.316540002822876,2399,5.0,5.0,5.0
37980,15.321326971054077,2399,5.0,5.0,5.0
37990,15.326092958450317,2399,5.0,5.0,5.0
38000,15.33243203163147,2399,5.0,5.0,5.0
38010,15.337234497070312,2399,5.0,5.0,5.0
38020,15.342121362686157,2399,5.0,5.0,5.0
38030,15.346235275268555,2399,5.0,5.0,5.0
38040,15.34952163696289,2399,5.0,5.0,5.0
38050,15.354415655136108,2399,5.0,5.0,5.0
38060,15.357683897018433,2399,5.0,5.0,5.0
38070,15.361465454101562,2399,5.0,5.0,5.0
38080,15.365003108978271,2399,5.0,5.0,5.0
38090,15.36953592300415,2399,5.0,5.0,5.0
38097,15.371933460235596,2399,9.5,5.0,5.0
38100,15.373706817626953,2399,8.55,5.0,5.0
38110,15.3776695728302,2399,6.925500000000001,5.0,5.0
38120,15.381834745407104,2399,5.0,5.0,5.0
38130,15.385892629623413,2399,5.0,5.0,5.0
38137,15.38918137550354,2399,9.5,5.0,5.0
38140,15.389972448348999,2399,8.55,5.0,5.0
38150,15.394756555557251,2399,5.609655000000002,5.0,5.0
38160,15.39873480796814,2399,5.0,5.0,5.0
38170,15.401880025863647,2399,5.0,5.0,5.0
38180,15.406639099121094,2399,5.0,5.0,5.0
38190,15.410240888595581,2399,5.0,5.0,5.0
38200,15.413672924041748,2399,5.0,5.0,5.0
38210,15.418205499649048,2399,5.0,5.0,5.0
38220,15.422910928726196,2399,5.0,5.0,5.0
38230,15.426517724990845,2399,5.0,5.0,5.0
38239,15.429482221603394,2399,9.5,5.0,5.0
38240,15.430209159851074,2399,9.5,5.0,5.0
38250,15.43412709236145,2399,7.695000000000001,5.0,5.0
38260,15.438989639282227,2399,6.2329500000000015,5.0,5.0
38266,15.441932201385498,2399,9.543820550000003,5.0,5.0
38270,15.44353985786438,2399,7.730494645500003,5.0,5.0
38280,15.446995496749878,2399,5.0,5.0,5.0
38290,15.450209379196167,2399,5.0,5.0,5.0
38300,15.45419192314148,2399,5.0,5.0,5.0
38310,15.458107471466064,2399,5.0,5.0,5.0
38320,15.463334321975708,2399,5.0,5.0,5.0
38329,15.466854095458984,2399,9.5,5.0,5.0
38330,15.467000007629395,2399,9.5,5.0,5.0
38340,15.472526550292969,2399,6.925500000000001,5.0,5.0
38350,15.476836919784546,2399,5.0,5.0,5.0
38360,15.479918956756592,2399,5.0,5.0,5.0
38368,15.482914447784424,2399,9.5,5.0,5.0
38369,15.483235120773315,2399,13.55,5.0,5.0
38370,15.483511924743652,2399,12.195,5.0,5.0
38380,15.486889123916626,2399,8.0011395,5.0,5.0
38390,15.490431070327759,2399,5.0,5.0,5.0
38400,15.494478225708008,2399,5.0,5.0,5.0
38410,15.498968601226807,2399,5.0,5.0,5.0
38420,15.502958536148071,2399,5.0,5.0,5.0
38430,15.507122039794922,2399,5.0,5.0,5.0
38440,15.510668516159058,2399,5.0,5.0,5.0
38450,15.515164852142334,2399,5.0,5.0,5.0
38460,15.518608808517456,2399,5.0,5.0,5.0
38470,15.523775577545166,2399,5.0,5.0,5.0
38480,15.528435707092285,2399,5.0,5.0,5.0
38490,15.53279995918274,2399,5.0,5.0,5.0
38500,15.536981105804443,2399,5.0,5.0,5.0
38510,15.541272163391113,2399,5.0,5.0,5.0
38513,15.54258131980896,2399,9.5,5.0,5.0
38520,15.545350313186646,2399,7.695000000000001,5.0,5.0
38530,15.549499273300171,2399,5.0,5.0,5.0
38538,15.553173065185547,2399,9.5,5.0,5.0
38540,15.553728580474854,2399,8.55,5.0,5.0
38550,15.557857513427734,2399,6.2329500000000015,5.0,5.0
38560,15.562565088272095,2399,5.0,5.0,5.0
38570,15.56714653968811,2399,5.0,5.0,5.0
38580,15.571682453155518,2399,5.0,5.0,5.0
38590,15.575521469116211,2399,5.0,5.0,5.0
38598,15.578793287277222,2399,9.5,5.0,5.0
38600,15.57976222038269,2399,9.5,5.0,5.0
38610,15.583683252334595,2399,6.2329500000000015,5.0,5.0
38614,15.584863662719727,2399,9.543820550000003,5.0,5.0
38620,15.587026834487915,2399,6.261700662855002,5.0,5.0
38630,15.591126918792725,2399,5.0,5.0,5.0
38635,15.59305214881897,2399,9.5,5.0,5.0
38640,15.595383405685425,2399,8.55,5.0,5.0
38650,15.59905457496643,2399,5.0,5.0,5.0
38660,15.603628158569336,2399,5.0,5.0,5.0
38670,15.60817265510559,2399,5.0,5.0,5.0
38680,15.611827611923218,2399,5.0,5.0,5.0
38683,15.613095045089722,2399,9.5,5.0,5.0
38690,15.615477800369263,2399,6.925500000000001,5.0,5.0
38697,15.618421792984009,2399,9.543820550000003,5.0,5.0
38700,15.619287490844727,2399,7.730494645500003,5.0,5.0
38710,15.622363567352295,2399,5.071977536912552,5.0,5.0
38720,15.62837839126587,2399,5.0,5.0,5.0
38723,15.629236221313477,2399,9.5,5.0,5.0
38730,15.632030963897705,2399,7.695000000000001,5.0,5.0
38740,15.635016918182373,2399,6.2329500000000015,5.0,5.0
38750,15.638705015182495,2399,5.0,5.0,5.0
38760,15.642401933670044,2399,5.0,5.0,5.0
38770,15.645657777786255,2399,5.0,5.0,5.0
38780,15.651992321014404,2399,5.0,5.0,5.0
38790,15.656512975692749,2399,5.0,5.0,5.0
38800,15.659803628921509,2399,5.0,5.0,5.0
38810,15.663414478302002,2399,5.0,5.0,5.0
38820,15.66825532913208,2399,5.0,5.0,5.0
38830,15.67297077178955,2399,5.0,5.0,5.0
38840,15.677374362945557,2399,5.0,5.0,5.0
38850,15.680976629257202,2399,5.0,5.0,5.0
38860,15.685054779052734,2399,5.0,5.0,5.0
38870,15.687802791595459,2399,5.0,5.0,5.0
38880,15.691816806793213,2399,5.0,5.0,5.0
38888,15.695203065872192,2399,9.5,5.0,5.0
38890,15.696593999862671,2399,9.5,5.0,5.0
38897,15.700003623962402,2399,11.232950000000002,5.0,5.0
38900,15.700870752334595,2399,8.188820550000003,5.0,5.0
38910,15.705564737319946,2399,5.969650180950002,5.0,5.0
38920,15.708993911743164,2399,5.0,5.0,5.0
38930,15.713167190551758,2399,5.0,5.0,5.0
38939,15.716199398040771,2399,9.5,5.0,5.0
38940,15.716841697692871,2399,9.5,5.0,5.0
38950,15.721041917800903,2399,5.609655000000002,5.0,5.0
38960,15.726122379302979,2399,5.048689500000002,5.0,5.0
38970,15.730226755142212,2399,5.0,5.0,5.0
38980,15.734042406082153,2399,5.0,5.0,5.0
38989,15.738107442855835,2399,9.5,5.0,5.0
38990,15.738391160964966,2399,8.55,5.0,5.0
39000,15.742109298706055,2399,5.0,5.0,5.0
39010,15.747462749481201,2399,5.0,5.0,5.0
39020,15.751528263092041,2399,5.0,5.0,5.0
39030,15.755751371383667,2399,5.0,5.0,5.0
39035,15.759082078933716,2399,9.5,5.0,5.0
39040,15.761456966400146,2399,7.695000000000001,5.0,5.0
39050,15.7668297290802,2399,5.609655000000002,5.0,5.0
39060,15.77135682106018,2399,5.0,5.0,5.0
39070,15.774328231811523,2399,5.0,5.0,5.0
39080,15.778687000274658,2399,5.0,5.0,5.0
39090,15.782466173171997,2399,5.0,5.0,5.0
39100,15.78701663017273,2399,5.0,5.0,5.0
39110,15.792621374130249,2399,5.0,5.0,5.0
39120,15.797601699829102,2399,5.0,5.0,5.0
39130,15.801087379455566,2399,5.0,5.0,5.0
39140,15.804758548736572,2399,9.5,5.0,5.0
39150,15.807770729064941,2399,6.2329500000000015,5.0,5.0
39160,15.811928510665894,2399,5.0,5.0,5.0
39170,15.816468715667725,2399,5.0,5.0,5.0
39180,15.821049690246582,2399,5.0,5.0,5.0
39190,15.82513976097107,2399,5.0,5.0,5.0
39200,15.828850984573364,2399,5.0,5.0,5.0
39210,15.833276271820068,2399,5.0,5.0,5.0
39220,15.837883949279785,2399,5.0,5.0,5.0
39230,15.8434157371521,2399,5.0,5.0,5.0
39240,15.84825873374939,2399,5.0,5.0,5.0
39250,15.851481676101685,2399,5.0,5.0,5.0
39260,15.856648445129395,2399,5.0,5.0,5.0
39270,15.861097812652588,2399,5.0,5.0,5.0
39280,15.864314079284668,2399,5.0,5.0,5.0
39290,15.867779016494751,2399,5.0,5.0,5.0
39300,15.872114896774292,2399,5.0,5.0,5.0
39310,15.875946998596191,2399,5.0,5.0,5.0
39320,15.881332159042358,2399,5.0,5.0,5.0
39330,15.888712167739868,2399,5.0,5.0,5.0
39340,15.892685651779175,2399,5.0,5.0,5.0
39350,15.899051666259766,2399,5.0,5.0,5.0
39360,15.905970573425293,2399,5.0,5.0,5.0
39363,15.907001256942749,2399,9.5,5.0,5.0
39370,15.910509824752808,2399,7.695000000000001,5.0,5.0
39374,15.912092447280884,2399,11.925500000000001,5.0,5.0
39380,15.914798259735107,2399,8.693689500000001,5.0,5.0
39390,15.918963432312012,2399,6.337699645500001,5.0,5.0
39400,15.922998189926147,2399,5.133536712855001,5.0,5.0
39410,15.928271770477295,2399,5.0,5.0,5.0
39414,15.929383277893066,2399,9.5,5.0,5.0
39420,15.931466341018677,2399,6.2329500000000015,5.0,5.0
39430,15.935816526412964,2399,5.0,5.0,5.0
39440,15.939683437347412,2399,5.0,5.0,5.0
39450,15.944529294967651,2399,5.0,5.0,5.0
39460,15.949788093566895,2399,5.0,5.0,5.0
39470,15.955925941467285,2399,5.0,5.0,5.0
39480,15.959292888641357,2399,5.0,5.0,5.0
39490,15.962746858596802,2399,5.0,5.0,5.0
39500,15.96816611289978,2399,5.0,5.0,5.0
39510,15.97209119796753,2399,5.0,5.0,5.0
39520,15.975286960601807,2399,5.0,5.0,5.0
39530,15.980844259262085,2399,5.0,5.0,5.0
39536,15.984473466873169,2399,9.5,5.0,5.0
39540,15.986037969589233,2399,6.925500000000001,5.0,5.0
39550,15.990184783935547,2399,5.048689500000002,5.0,5.0
39558,15.992470502853394,2399,9.5,5.0,5.0
39560,15.993491411209106,2399,9.5,5.0,5.0
39570,15.996179342269897,2399,5.048689500000002,5.0,5.0
39578,16.00061273574829,2399,9.5,5.0,5.0
39580,16.001211643218994,2399,7.695000000000001,5.0,5.0
39590,16.00461483001709,2399,5.0,5.0,5.0
39600,16.00922918319702,2399,5.0,5.0,5.0
39610,16.012328624725342,2399,5.0,5.0,5.0
39620,16.017574787139893,2399,5.0,5.0,5.0
39630,16.021763801574707,2399,5.0,5.0,5.0
39640,16.025649309158325,2399,5.0,5.0,5.0
39650,16.029889822006226,2399,5.0,5.0,5.0
39660,16.034566640853882,2399,5.0,5.0,5.0
39665,16.036643028259277,2399,9.5,5.0,5.0
39670,16.03890085220337,2399,8.55,5.0,5.0
39680,16.042898893356323,2399,6.2329500000000015,5.0,5.0
39690,16.04623508453369,2399,5.0,5.0,5.0
39700,16.049749851226807,2399,5.0,5.0,5.0
39706,16.051448822021484,2399,9.5,5.0,5.0
39710,16.052517414093018,2399,6.925500000000001,5.0,5.0
39720,16.055647134780884,2399,5.048689500000002,5.0,5.0
39730,16.060208082199097,2399,5.0,5.0,5.0
39740,16.063873529434204,2399,5.0,5.0,5.0
39750,16.068506479263306,2399,5.0,5.0,5.0
39751,16.068849086761475,2399,9.5,5.0,5.0
39757,16.072028636932373,2399,11.925500000000001,5.0,5.0
39760,16.072916984558105,2399,8.693689500000001,5.0,5.0
39770,16.077794790267944,2399,7.041888495000001,5.0,5.0
39780,16.082093715667725,2399,5.0,5.0,5.0
39790,16.086302042007446,2399,5.0,5.0,5.0
39800,16.08994221687317,2399,5.0,5.0,5.0
39810,16.096220016479492,2399,5.0,5.0,5.0
39820,16.100498914718628,2399,5.0,5.0,5.0
39822,16.101036071777344,2399,9.5,5.0,5.0
39830,16.104854583740234,2399,7.695000000000001,5.0,5.0
39834,16.106855630874634,2399,11.232950000000002,5.0,5.0
39840,16.10882067680359,2399,8.188820550000003,5.0,5.0
39850,16.112791538238525,2399,5.372685162855002,5.0,5.0
39860,16.117881298065186,2399,5.0,5.0,5.0
39870,16.12080669403076,2399,5.0,5.0,5.0
39874,16.121769666671753,2399,9.5,5.0,5.0
39880,16.125057458877563,2399,8.55,5.0,5.0
39890,16.128765106201172,2399,5.0,5.0,5.0
39900,16.131993532180786,2399,5.0,5.0,5.0
39910,16.13482403755188,2399,5.0,5.0,5.0
39920,16.14012050628662,2399,5.0,5.0,5.0
39926,16.142850399017334,2399,9.5,5.0,5.0
39930,16.144162893295288,2399,6.925500000000001,5.0,5.0
39940,16.149051189422607,2399,5.048689500000002,5.0,5.0
39950,16.15396022796631,2399,5.0,5.0,5.0
39960,16.15857982635498,2399,5.0,5.0,5.0
39970,16.163341283798218,2399,5.0,5.0,5.0
39980,16.16728115081787,2399,5.0,5.0,5.0
39990,16.17120623588562,2399,5.0,5.0,5.0
39992,16.171791553497314,2399,9.5,5.0,5.0
40000,16.176240921020508,2399,7.695000000000001,5.0,5.0
40009,16.17847990989685,2399,9.5,5.0,5.0
40010,16.178707599639893,2399,9.5,5.0,5.0
40013,16.179912567138672,2399,12.695,5.0,5.0
40020,16.1826810836792,2399,8.329189500000002,5.0,5.0
40030,16.1858868598938,2399,6.071979145500001,5.0,5.0
40040,16.190561056137085,2399,5.0,5.0,5.0
40050,16.19449257850647,2399,5.0,5.0,5.0
40060,16.197866201400757,2399,5.0,5.0,5.0
40070,16.20287275314331,2399,5.0,5.0,5.0
40080,16.206259965896606,2399,5.0,5.0,5.0
40090,16.21076202392578,2399,5.0,5.0,5.0
40100,16.214595556259155,2399,5.0,5.0,5.0
40110,16.21986174583435,2399,5.0,5.0,5.0
40120,16.224185943603516,2399,5.0,5.0,5.0
40130,16.22804832458496,2399,5.0,5.0,5.0
40140,16.232964277267456,2399,5.0,5.0,5.0
40142,16.233530521392822,2399,9.5,5.0,5.0
40150,16.236398935317993,2399,6.2329500000000015,5.0,5.0
40155,16.238596439361572,2399,10.048689500000002,5.0,5.0
40160,16.240850925445557,2399,7.325494645500002,5.0,5.0
40166,16.243300437927246,2399,10.933650662855001,5.0,5.0
40170,16.244302988052368,2399,8.85625703691255,5.0,5.0
40180,16.24797558784485,2399,5.810590241918325,5.0,5.0
40190,16.251564502716064,2399,5.2295312177264925,5.0,5.0
40200,16.255073308944702,2399,5.0,5.0,5.0
40207,16.257387399673462,2399,9.5,5.0,5.0
40210,16.25849485397339,2399,8.55,5.0,5.0
40220,16.261770009994507,2399,6.2329500000000015,5.0,5.0
40230,16.26560401916504,2399,5.0,5.0,5.0
40236,16.267671585083008,2399,9.5,5.0,5.0
40239,16.269327402114868,2399,13.55,5.0,5.0
40240,16.26955485343933,2399,13.55,5.0,5.0
40242,16.270113229751587,2399,15.9755,5.0,5.0
40250,16.273576736450195,2399,11.6461395,5.0,5.0
40260,16.277143716812134,2399,5.570312419817552,5.0,5.0
40270,16.281957864761353,2399,5.0,5.0,5.0
40280,16.286466121673584,2399,5.0,5.0,5.0
40290,16.291346549987793,2399,5.0,5.0,5.0
40300,16.2956326007843,2399,5.0,5.0,5.0
40310,16.299111366271973,2399,5.0,5.0,5.0
40320,16.302664279937744,2399,5.0,5.0,5.0
40330,16.30710458755493,2399,5.0,5.0,5.0
40340,16.31256341934204,2399,5.0,5.0,5.0
40350,16.318668842315674,2399,5.0,5.0,5.0
40360,16.323042154312134,2399,5.0,5.0,5.0
40370,16.32690453529358,2399,5.0,5.0,5.0
40380,16.330829620361328,2399,5.0,5.0,5.0
40390,16.334345817565918,2399,5.0,5.0,5.0
40398,16.33793544769287,2399,9.5,5.0,5.0
40400,16.338799953460693,2399,9.5,5.0,5.0
40410,16.343459129333496,2399,6.925500000000001,5.0,5.0
40420,16.347046852111816,2399,5.0,5.0,5.0
40430,16.350757837295532,2399,5.0,5.0,5.0
40440,16.355372190475464,2399,5.0,5.0,5.0
40442,16.356234550476074,2399,9.5,5.0,5.0
40449,16.359086990356445,2399,11.232950000000002,5.0,5.0
40450,16.359370946884155,2399,10.109655000000002,5.0,5.0
40451,16.359667778015137,2399,14.098689500000003,5.0,5.0
40460,16.362968683242798,2399,7.492621646569502,5.0,5.0
40470,16.367332458496094,2399,5.4621211803491665,5.0,5.0
40480,16.370699167251587,2399,5.0,5.0,5.0
40490,16.375178337097168,2399,9.5,5.0,5.0
40500,16.380109310150146,2399,7.695000000000001,5.0,5.0
40510,16.383816242218018,2399,5.609655000000002,5.0,5.0
40520,16.388925552368164,2399,5.0,5.0,5.0
40530,16.392966508865356,2399,5.0,5.0,5.0
40540,16.398367881774902,2399,5.0,5.0,5.0
40550,16.40310788154602,2399,5.0,5.0,5.0
40560,16.4075288772583,2399,5.0,5.0,5.0
40570,16.41220259666443,2399,5.0,5.0,5.0
40580,16.41567635536194,2399,5.0,5.0,5.0
40590,16.41963028907776,2399,5.0,5.0,5.0
40598,16.422520399093628,2399,9.5,5.0,5.0
40600,16.42351984977722,2399,8.55,5.0,5.0
40602,16.424554586410522,2399,12.695,5.0,5.0
40610,16.42750072479248,2399,8.329189500000002,5.0,5.0
40620,16.431413650512695,2399,5.464781230950001,5.0,5.0
40630,16.434866428375244,2399,5.0,5.0,5.0
40640,16.4386146068573,2399,5.0,5.0,5.0
40650,16.443177938461304,2399,5.0,5.0,5.0
40660,16.447612524032593,2399,5.0,5.0,5.0
40670,16.45331835746765,2399,5.0,5.0,5.0
40680,16.45613718032837,2399,5.0,5.0,5.0
40690,16.459123134613037,2399,5.0,5.0,5.0
40700,16.46333956718445,2399,5.0,5.0,5.0
40710,16.46645426750183,2399,5.0,5.0,5.0
40720,16.470542430877686,2399,5.0,5.0,5.0
40730,16.475509643554688,2399,5.0,5.0,5.0
40740,16.478551149368286,2399,5.0,5.0,5.0
40750,16.482234954833984,2399,5.0,5.0,5.0
40760,16.486194372177124,2399,5.0,5.0,5.0
40770,16.488940477371216,2399,5.0,5.0,5.0
40780,16.493818998336792,2399,5.0,5.0,5.0
40781,16.494131565093994,2399,9.5,5.0,5.0
40790,16.49693465232849,2399,5.609655000000002,5.0,5.0
40800,16.50037431716919,2399,5.0,5.0,5.0
40810,16.50512957572937,2399,5.0,5.0,5.0
40820,16.509765148162842,2399,5.0,5.0,5.0
40830,16.51369619369507,2399,5.0,5.0,5.0
40840,16.51762580871582,2399,5.0,5.0,5.0
40850,16.522947311401367,2399,5.0,5.0,5.0
40860,16.527508974075317,2399,5.0,5.0,5.0
40870,16.531055688858032,2399,5.0,5.0,5.0
40880,16.535236835479736,2399,5.0,5.0,5.0
40890,16.53923463821411,2399,5.0,5.0,5.0
40900,16.542763471603394,2399,5.0,5.0,5.0
40910,16.54677176475525,2399,5.0,5.0,5.0
40920,16.551682949066162,2399,5.0,5.0,5.0
40925,16.554002285003662,2399,9.5,5.0,5.0
40928,16.55481266975403,2399,13.55,5.0,5.0
40930,16.555358409881592,2399,10.9755,5.0,5.0
40940,16.55842614173889,2399,6.480922995000001,5.0,5.0
40950,16.564346075057983,2399,5.832830695500001,5.0,5.0
40960,16.56920313835144,2399,5.0,5.0,5.0
40970,16.572700262069702,2399,5.0,5.0,5.0
40980,16.576688528060913,2399,5.0,5.0,5.0
40990,16.581976175308228,2399,5.0,5.0,5.0
41000,16.586475133895874,2399,5.0,5.0,5.0
41010,16.591262817382812,2399,5.0,5.0,5.0
41020,16.595199823379517,2399,5.0,5.0,5.0
41021,16.59552836418152,2399,9.5,5.0,5.0
41030,16.599858045578003,2399,6.2329500000000015,5.0,5.0
41040,16.603357315063477,2399,5.0,5.0,5.0
41050,16.608097791671753,2399,5.0,5.0,5.0
41060,16.611639976501465,2399,5.0,5.0,5.0
41070,16.61562204360962,2399,5.0,5.0,5.0
41080,16.61957287788391,2399,5.0,5.0,5.0
41090,16.62258815765381,2399,5.0,5.0,5.0
41100,16.62725329399109,2399,5.0,5.0,5.0
41110,16.63179302215576,2399,5.0,5.0,5.0
41120,16.63735795021057,2399,5.0,5.0,5.0
41130,16.64283537864685,2399,5.0,5.0,5.0
41140,16.64778447151184,2399,5.0,5.0,5.0
41150,16.651775360107422,2399,5.0,5.0,5.0
41160,16.655142784118652,2399,5.0,5.0,5.0
41170,16.65998148918152,2399,5.0,5.0,5.0
41180,16.664506673812866,2399,5.0,5.0,5.0
41182,16.665565729141235,2399,9.5,5.0,5.0
41190,16.66753649711609,2399,6.2329500000000015,5.0,5.0
41200,16.67278242111206,2399,5.048689500000002,5.0,5.0
41210,16.676288843154907,2399,5.0,5.0,5.0
41220,16.681559801101685,2399,5.0,5.0,5.0
41230,16.685887336730957,2399,5.0,5.0,5.0
41240,16.690263271331787,2399,5.0,5.0,5.0
41248,16.69327664375305,2399,9.5,5.0,5.0
41250,16.694284915924072,2399,8.55,5.0,5.0
41260,16.698784351348877,2399,5.609655000000002,5.0,5.0
41270,16.70266556739807,2399,5.0,5.0,5.0
41280,16.706490993499756,2399,5.0,5.0,5.0
41290,16.710957050323486,2399,5.0,5.0,5.0
41300,16.71626925468445,2399,5.0,5.0,5.0
41310,16.720685482025146,2399,5.0,5.0,5.0
41312,16.721227169036865,2399,9.5,5.0,5.0
41320,16.723695039749146,2399,7.695000000000001,5.0,5.0
41330,16.72848606109619,2399,5.609655000000002,5.0,5.0
41338,16.732382774353027,2399,9.5,5.0,5.0
41340,16.73291850090027,2399,7.695000000000001,5.0,5.0
41350,16.73638343811035,2399,5.0,5.0,5.0
41360,16.739827156066895,2399,5.0,5.0,5.0
41370,16.74360418319702,2399,5.0,5.0,5.0
41380,16.747391939163208,2399,5.0,5.0,5.0
41390,16.753233909606934,2399,5.0,5.0,5.0
41400,16.757399797439575,2399,5.0,5.0,5.0
41404,16.758344650268555,2399,9.5,5.0,5.0
41410,16.760696172714233,2399,6.925500000000001,5.0,5.0
41420,16.76418709754944,2399,5.0,5.0,5.0
41430,16.767747402191162,2399,5.0,5.0,5.0
41440,16.772574186325073,2399,5.0,5.0,5.0
41450,16.77657437324524,2399,5.0,5.0,5.0
41460,16.78203773498535,2399,5.0,5.0,5.0
41470,16.784478187561035,2399,5.0,5.0,5.0
41480,16.78826117515564,2399,5.0,5.0,5.0
41490,16.79375123977661,2399,5.0,5.0,5.0
41500,16.797064781188965,2399,5.0,5.0,5.0
41510,16.800888776779175,2399,5.0,5.0,5.0
41520,16.805891036987305,2399,5.0,5.0,5.0
41530,16.810133695602417,2399,5.0,5.0,5.0
41540,16.813331604003906,2399,5.0,5.0,5.0
41550,16.816844701766968,2399,5.0,5.0,5.0
41556,16.81890058517456,2399,9.5,5.0,5.0
41560,16.820308208465576,2399,8.55,5.0,5.0
41570,16.824493408203125,2399,5.609655000000002,5.0,5.0
41580,16.828928470611572,2399,5.0,5.0,5.0
41590,16.83292317390442,2399,5.0,5.0,5.0
41600,16.837749481201172,2399,5.0,5.0,5.0
41610,16.84304165840149,2399,5.0,5.0,5.0
41612,16.844091176986694,2399,9.5,5.0,5.0
41620,16.847118377685547,2399,6.2329500000000015,5.0,5.0
41630,16.852805852890015,2399,5.609655000000002,5.0,5.0
41640,16.856299877166748,2399,5.0,5.0,5.0
41650,16.860260248184204,2399,5.0,5.0,5.0
41651,16.86056876182556,2399,9.5,5.0,5.0
41660,16.863882541656494,2399,5.609655000000002,5.0,5.0
41670,16.867810487747192,2399,5.0,5.0,5.0
41672,16.86838388442993,2399,9.5,5.0,5.0
41680,16.872400522232056,2399,6.925500000000001,5.0,5.0
41690,16.876821994781494,2399,5.0,5.0,5.0
41700,16.880939960479736,2399,5.0,5.0,5.0
41710,16.88539481163025,2399,5.0,5.0,5.0
41720,16.889809370040894,2399,5.0,5.0,5.0
41730,16.89484214782715,2399,5.0,5.0,5.0
41740,16.898440837860107,2399,5.0,5.0,5.0
41745,16.901190996170044,2399,9.5,5.0,5.0
41750,16.903374671936035,2399,7.695000000000001,5.0,5.0
41760,16.908207416534424,2399,6.925500000000001,5.0,5.0
41770,16.912328243255615,2399,5.0,5.0,5.0
41780,16.916947841644287,2399,5.0,5.0,5.0
41790,16.921354055404663,2399,5.0,5.0,5.0
41800,16.926344633102417,2399,5.0,5.0,5.0
41810,16.928741693496704,2399,5.0,5.0,5.0
41820,16.933070421218872,2399,5.0,5.0,5.0
41830,16.937874794006348,2399,5.0,5.0,5.0
41840,16.941827297210693,2399,5.0,5.0,5.0
41850,16.94709801673889,2399,5.0,5.0,5.0
41860,16.95154094696045,2399,5.0,5.0,5.0
41862,16.95257019996643,2399,9.5,5.0,5.0
41870,16.957219123840332,2399,6.925500000000001,5.0,5.0
41880,16.96241545677185,2399,5.048689500000002,5.0,5.0
41890,16.96666169166565,2399,5.0,5.0,5.0
41900,16.97105312347412,2399,5.0,5.0,5.0
41910,16.97541356086731,2399,5.0,5.0,5.0
41917,16.978229761123657,2399,9.5,5.0,5.0
41920,16.979602336883545,2399,8.55,5.0,5.0
41930,16.983163118362427,2399,5.609655000000002,5.0,5.0
41940,16.987175703048706,2399,5.0,5.0,5.0
41941,16.98748254776001,2399,9.5,5.0,5.0
41947,16.989161491394043,2399,10.048689500000002,5.0,5.0
41950,16.99040150642395,2399,10.048689500000002,5.0,5.0
41960,16.99504017829895,2399,5.933650662855002,5.0,5.0
41970,16.999632120132446,2399,5.0,5.0,5.0
41974,17.001103162765503,2399,9.5,5.0,5.0
41980,17.00365924835205,2399,6.2329500000000015,5.0,5.0
41990,17.006624460220337,2399,5.0,5.0,5.0
42000,17.0121967792511,2399,5.0,5.0,5.0
42001,17.012508392333984,2399,9.5,5.0,5.0
42010,17.015568256378174,2399,6.925500000000001,5.0,5.0
42015,17.017895221710205,2399,10.609655000000002,5.0,5.0
42020,17.02047562599182,2399,9.548689500000002,5.0,5.0
42030,17.024449586868286,2399,5.638405662855002,5.0,5.0
42036,17.02695608139038,2399,9.5,5.0,5.0
42040,17.028852462768555,2399,9.5,5.0,5.0
42050,17.03289222717285,2399,6.925500000000001,5.0,5.0
42060,17.036813020706177,2399,5.0,5.0,5.0
42061,17.037151098251343,2399,9.5,5.0,5.0
42070,17.041480779647827,2399,6.2329500000000015,5.0,5.0
42080,17.04591417312622,2399,5.0,5.0,5.0
42090,17.05029273033142,2399,5.0,5.0,5.0
42100,17.053266286849976,2399,5.0,5.0,5.0
42110,17.0566143989563,2399,5.0,5.0,5.0
42120,17.061729669570923,2399,5.0,5.0,5.0
42130,17.066283702850342,2399,5.0,5.0,5.0
42140,17.071183681488037,2399,5.0,5.0,5.0
42150,17.07423686981201,2399,5.0,5.0,5.0
42160,17.079607725143433,2399,5.0,5.0,5.0
42170,17.084253072738647,2399,5.0,5.0,5.0
42180,17.086899280548096,2399,5.0,5.0,5.0
42184,17.088990449905396,2399,9.5,5.0,5.0
42190,17.091564178466797,2399,6.2329500000000015,5.0,5.0
42200,17.096346616744995,2399,5.0,5.0,5.0
42210,17.099360704421997,2399,5.0,5.0,5.0
42220,17.10436749458313,2399,5.0,5.0,5.0
42230,17.108000993728638,2399,5.0,5.0,5.0
42240,17.11117148399353,2399,5.0,5.0,5.0
42250,17.118090867996216,2399,5.0,5.0,5.0
42260,17.121647834777832,2399,5.0,5.0,5.0
42270,17.1257107257843,2399,5.0,5.0,5.0
42280,17.129339456558228,2399,5.0,5.0,5.0
42290,17.134777545928955,2399,5.0,5.0,5.0
42300,17.13814353942871,2399,5.0,5.0,5.0
42309,17.141303777694702,2399,9.5,5.0,5.0
42310,17.141467332839966,2399,9.5,5.0,5.0
42320,17.145221710205078,2399,6.2329500000000015,5.0,5.0
42330,17.148836374282837,2399,5.0,5.0,5.0
42340,17.152570247650146,2399,5.0,5.0,5.0
42350,17.156453847885132,2399,5.0,5.0,5.0
42360,17.160792350769043,2399,5.0,5.0,5.0
42368,17.164307355880737,2399,9.5,5.0,5.0
42370,17.16577172279358,2399,9.5,5.0,5.0
42376,17.16872549057007,2399,11.925500000000001,5.0,5.0
42380,17.1701602935791,2399,9.659655,5.0,5.0
42390,17.17524766921997,2399,7.824320550000001,5.0,5.0
42400,17.179327726364136,2399,5.0,5.0,5.0
42402,17.17991042137146,2399,9.5,5.0,5.0
42410,17.18243980407715,2399,6.2329500000000015,5.0,5.0
42420,17.188084602355957,2399,5.048689500000002,5.0,5.0
42430,17.19108486175537,2399,5.0,5.0,5.0
42440,17.194955825805664,2399,5.0,5.0,5.0
42450,17.199339389801025,2399,5.0,5.0,5.0
42460,17.202926635742188,2399,5.0,5.0,5.0
42470,17.20710015296936,2399,5.0,5.0,5.0
42480,17.212090492248535,2399,5.0,5.0,5.0
42490,17.21583580970764,2399,5.0,5.0,5.0
42500,17.22164535522461,2399,5.0,5.0,5.0
42510,17.225088596343994,2399,5.0,5.0,5.0
42520,17.2294180393219,2399,5.0,5.0,5.0
42523,17.230299949645996,2399,9.5,5.0,5.0
42530,17.231954097747803,2399,7.695000000000001,5.0,5.0
42534,17.235156774520874,2399,10.609655000000002,5.0,5.0
42540,17.237651109695435,2399,7.734438495000002,5.0,5.0
42543,17.238516807556152,2399,10.638405662855002,5.0,5.0
42550,17.24087357521057,2399,8.617108586912552,5.0,5.0
42560,17.24440836906433,2399,5.088316449485994,5.0,5.0
42570,17.24952745437622,2399,5.0,5.0,5.0
42572,17.250585079193115,2399,9.5,5.0,5.0
42579,17.253498792648315,2399,10.609655000000002,5.0,5.0
42580,17.253774166107178,2399,9.548689500000002,5.0,5.0
42590,17.25819730758667,2399,6.960994645500001,5.0,5.0
42600,17.2622127532959,2399,5.0,5.0,5.0
42607,17.264983892440796,2399,9.5,5.0,5.0
42610,17.266247749328613,2399,8.55,5.0,5.0
42614,17.26783013343811,2399,11.925500000000001,5.0,5.0
42620,17.26973032951355,2399,10.73295,5.0,5.0
42630,17.273261308670044,2399,6.337699645500001,5.0,5.0
42640,17.27775001525879,2399,5.0,5.0,5.0
42650,17.282618761062622,2399,5.0,5.0,5.0
42660,17.287065744400024,2399,5.0,5.0,5.0
42670,17.290948390960693,2399,5.0,5.0,5.0
42680,17.295579433441162,2399,5.0,5.0,5.0
42690,17.299734354019165,2399,5.0,5.0,5.0
42700,17.304468631744385,2399,5.0,5.0,5.0
42710,17.308419227600098,2399,5.0,5.0,5.0
42713,17.309861660003662,2399,9.5,5.0,5.0
42720,17.313504934310913,2399,7.695000000000001,5.0,5.0
42730,17.316694498062134,2399,5.0,5.0,5.0
42740,17.321144819259644,2399,5.0,5.0,5.0
42750,17.325588941574097,2399,5.0,5.0,5.0
42760,17.32839822769165,2399,5.0,5.0,5.0
42770,17.33263874053955,2399,5.0,5.0,5.0
42774,17.333545207977295,2399,9.5,5.0,5.0
42780,17.335938453674316,2399,8.55,5.0,5.0
42790,17.34058928489685,2399,5.048689500000002,5.0,5.0
42792,17.34118151664734,2399,9.5,5.0,5.0
42800,17.345280647277832,2399,6.925500000000001,5.0,5.0
42810,17.350271701812744,2399,5.609655000000002,5.0,5.0
42820,17.35569953918457,2399,5.0,5.0,5.0
42830,17.35856604576111,2399,5.0,5.0,5.0
42840,17.36169695854187,2399,5.0,5.0,5.0
42850,17.3646297454834,2399,5.0,5.0,5.0
42853,17.365458965301514,2399,9.5,5.0,5.0
42860,17.369378328323364,2399,6.925500000000001,5.0,5.0
42870,17.372983932495117,2399,5.0,5.0,5.0
42880,17.378618240356445,2399,5.0,5.0,5.0
42890,17.383233308792114,2399,5.0,5.0,5.0
42900,17.38774800300598,2399,5.0,5.0,5.0
42910,17.392773628234863,2399,5.0,5.0,5.0
42920,17.39768695831299,2399,5.0,5.0,5.0
42930,17.403120040893555,2399,5.0,5.0,5.0
42940,17.407084465026855,2399,5.0,5.0,5.0
42950,17.412139892578125,2399,5.0,5.0,5.0
42960,17.41614580154419,2399,5.0,5.0,5.0
42970,17.419066905975342,2399,5.0,5.0,5.0
42980,17.42277455329895,2399,5.0,5.0,5.0
42990,17.426249265670776,2399,5.0,5.0,5.0
43000,17.42940855026245,2399,5.0,5.0,5.0
43010,17.434447765350342,2399,5.0,5.0,5.0
43020,17.439170598983765,2399,5.0,5.0,5.0
43030,17.445857524871826,2399,5.0,5.0,5.0
43040,17.449126482009888,2399,5.0,5.0,5.0
43050,17.45244264602661,2399,5.0,5.0,5.0
43060,17.45592188835144,2399,5.0,5.0,5.0
43070,17.460402965545654,2399,5.0,5.0,5.0
43080,17.464553833007812,2399,5.0,5.0,5.0
43090,17.466901302337646,2399,5.0,5.0,5.0
43100,17.47128176689148,2399,5.0,5.0,5.0
43110,17.475066900253296,2399,5.0,5.0,5.0
43120,17.47951340675354,2399,5.0,5.0,5.0
43130,17.483638763427734,2399,5.0,5.0,5.0
43140,17.4876606464386,2399,5.0,5.0,5.0
43150,17.4926700592041,2399,5.0,5.0,5.0
43160,17.49596905708313,2399,5.0,5.0,5.0
43170,17.50160837173462,2399,5.0,5.0,5.0
43180,17.505784034729004,2399,5.0,5.0,5.0
43190,17.509931325912476,2399,5.0,5.0,5.0
43200,17.51291561126709,2399,5.0,5.0,5.0
43210,17.51734972000122,2399,5.0,5.0,5.0
43220,17.52012586593628,2399,5.0,5.0,5.0
43230,17.5240318775177,2399,5.0,5.0,5.0
43232,17.52512550354004,2399,9.5,5.0,5.0
43240,17.52974843978882,2399,6.925500000000001,5.0,5.0
43250,17.534231185913086,2399,5.0,5.0,5.0
43260,17.53679609298706,2399,5.0,5.0,5.0
43266,17.538464069366455,2399,9.5,5.0,5.0
43270,17.54007887840271,2399,6.925500000000001,5.0,5.0
43280,17.54493284225464,2399,5.048689500000002,5.0,5.0
43290,17.549465656280518,2399,5.0,5.0,5.0
43300,17.553988218307495,2399,5.0,5.0,5.0
43310,17.558661460876465,2399,5.0,5.0,5.0
43314,17.560152530670166,2399,9.5,5.0,5.0
43320,17.562678813934326,2399,6.925500000000001,5.0,5.0
43330,17.56641912460327,2399,5.0,5.0,5.0
43340,17.57044005393982,2399,5.0,5.0,5.0
43349,17.574745893478394,2399,9.5,5.0,5.0
43350,17.57502317428589,2399,9.5,5.0,5.0
43358,17.577691316604614,2399,11.232950000000002,5.0,5.0
43360,17.579070806503296,2399,11.232950000000002,5.0,5.0
43370,17.58309555053711,2399,8.188820550000003,5.0,5.0
43380,17.587578773498535,2399,5.372685162855002,5.0,5.0
43390,17.593125581741333,2399,5.0,5.0,5.0
43400,17.597291946411133,2399,5.0,5.0,5.0
43410,17.60232901573181,2399,5.0,5.0,5.0
43420,17.60659408569336,2399,5.0,5.0,5.0
43430,17.61112642288208,2399,5.0,5.0,5.0
43440,17.615182161331177,2399,5.0,5.0,5.0
43450,17.61929440498352,2399,5.0,5.0,5.0
43460,17.625811100006104,2399,5.0,5.0,5.0
43470,17.628930807113647,2399,5.0,5.0,5.0
43480,17.632599353790283,2399,5.0,5.0,5.0
43490,17.637038469314575,2399,5.0,5.0,5.0
43496,17.63874578475952,2399,9.5,5.0,5.0
43500,17.640913009643555,2399,8.55,5.0,5.0
43510,17.64426040649414,2399,6.925500000000001,5.0,5.0
43520,17.647915363311768,2399,5.0,5.0,5.0
43530,17.653021574020386,2399,5.0,5.0,5.0
43540,17.65793490409851,2399,5.0,5.0,5.0
43542,17.658551454544067,2399,9.5,5.0,5.0
43550,17.66175365447998,2399,6.925500000000001,5.0,5.0
43560,17.665799856185913,2399,5.048689500000002,5.0,5.0
43570,17.670334815979004,2399,5.0,5.0,5.0
43580,17.675178289413452,2399,9.5,5.0,5.0
43590,17.67978835105896,2399,6.2329500000000015,5.0,5.0
43599,17.683992385864258,2399,10.048689500000002,5.0,5.0
43600,17.684743881225586,2399,10.048689500000002,5.0,5.0
43610,17.68867516517639,2399,5.933650662855002,5.0,5.0
43620,17.692688703536987,2399,5.0,5.0,5.0
43630,17.69691038131714,2399,5.0,5.0,5.0
43640,17.701409101486206,2399,5.0,5.0,5.0
43648,17.704930305480957,2399,9.5,5.0,5.0
43650,17.70639419555664,2399,9.5,5.0,5.0
43660,17.70983624458313,2399,6.2329500000000015,5.0,5.0
43670,17.715165615081787,2399,5.609655000000002,5.0,5.0
43674,17.716798067092896,2399,9.5,5.0,5.0
43680,17.719147205352783,2399,7.695000000000001,5.0,5.0
43690,17.72325110435486,2399,5.0,5.0,5.0
43700,17.728607654571533,2399,5.0,5.0,5.0
43710,17.733157873153687,2399,5.0,5.0,5.0
43720,17.73721742630005,2399,5.0,5.0,5.0
43730,17.740635633468628,2399,5.0,5.0,5.0
43740,17.743083477020264,2399,5.0,5.0,5.0
43750,17.747636556625366,2399,5.0,5.0,5.0
43752,17.74822688102722,2399,9.5,5.0,5.0
43760,17.751165628433228,2399,6.2329500000000015,5.0,5.0
43770,17.75507116317749,2399,5.0,5.0,5.0
43780,17.75919818878174,2399,5.0,5.0,5.0
43790,17.762739419937134,2399,5.0,5.0,5.0
43800,17.767131805419922,2399,5.0,5.0,5.0
43810,17.771236419677734,2399,5.0,5.0,5.0
43820,17.776265144348145,2399,5.0,5.0,5.0
43830,17.779850482940674,2399,5.0,5.0,5.0
43840,17.785217761993408,2399,5.0,5.0,5.0
43849,17.78839659690857,2399,9.5,5.0,5.0
43850,17.78904700279236,2399,9.5,5.0,5.0
43860,17.793200254440308,2399,5.048689500000002,5.0,5.0
43870,17.79685926437378,2399,5.0,5.0,5.0
43880,17.80094289779663,2399,9.5,5.0,5.0
43890,17.80406379699707,2399,5.048689500000002,5.0,5.0
43896,17.806559085845947,2399,9.543820550000003,5.0,5.0
43900,17.80811858177185,2399,7.730494645500003,5.0,5.0
43910,17.81168007850647,2399,5.635530596569502,5.0,5.0
43920,17.81618905067444,2399,5.0,5.0,5.0
43930,17.81965208053589,2399,5.0,5.0,5.0
43940,17.823927402496338,2399,5.0,5.0,5.0
43950,17.827999114990234,2399,5.0,5.0,5.0
43960,17.831931114196777,2399,5.0,5.0,5.0
43965,17.834306955337524,2399,9.5,5.0,5.0
43970,17.83570671081543,2399,6.2329500000000015,5.0,5.0
43980,17.840617418289185,2399,5.048689500000002,5.0,5.0
43990,17.844475507736206,2399,5.0,5.0,5.0
44000,17.848655939102173,2399,5.0,5.0,5.0
44010,17.852787017822266,2399,5.0,5.0,5.0
44020,17.856305360794067,2399,5.0,5.0,5.0
44025,17.858531951904297,2399,9.5,5.0,5.0
44030,17.861837148666382,2399,8.55,5.0,5.0
44040,17.86670708656311,2399,6.925500000000001,5.0,5.0
44050,17.87041711807251,2399,5.0,5.0,5.0
44060,17.87397074699402,2399,5.0,5.0,5.0
44070,17.87828230857849,2399,5.0,5.0,5.0
44080,17.88153338432312,2399,5.0,5.0,5.0
44090,17.88586926460266,2399,5.0,5.0,5.0
44100,17.889905214309692,2399,5.0,5.0,5.0
44110,17.893913745880127,2399,5.0,5.0,5.0
44117,17.896332263946533,2399,9.5,5.0,5.0
44120,17.897460222244263,2399,8.55,5.0,5.0
44130,17.902854442596436,2399,6.925500000000001,5.0,5.0
44140,17.906646728515625,2399,5.0,5.0,5.0
44150,17.914244651794434,2399,5.0,5.0,5.0
44160,17.91862201690674,2399,5.0,5.0,5.0
44170,17.92276167869568,2399,5.0,5.0,5.0
44180,17.927221059799194,2399,5.0,5.0,5.0
44190,17.93037223815918,2399,5.0,5.0,5.0
44200,17.934611558914185,2399,5.0,5.0,5.0
44210,17.938714265823364,2399,5.0,5.0,5.0
44220,17.942611694335938,2399,5.0,5.0,5.0
44230,17.946205377578735,2399,5.0,5.0,5.0
44237,17.94910216331482,2399,9.5,5.0,5.0
44240,17.950315237045288,2399,8.55,5.0,5.0
44246,17.953084230422974,2399,11.232950000000002,5.0,5.0
44250,17.954222202301025,2399,7.369938495000002,5.0,5.0
44260,17.958303451538086,2399,5.372685162855002,5.0,5.0
44262,17.958948135375977,2399,9.5,5.0,5.0
44270,17.962135076522827,2399,6.2329500000000015,5.0,5.0
44272,17.963208436965942,2399,10.609655000000002,5.0,5.0
44280,17.965835571289062,2399,6.960994645500001,5.0,5.0
44290,17.96888518333435,2399,5.0,5.0,5.0
44300,17.973095655441284,2399,5.0,5.0,5.0
44310,17.977161407470703,2399,5.0,5.0,5.0
44320,17.98247766494751,2399,5.0,5.0,5.0
44322,17.983068704605103,2399,9.5,5.0,5.0
44330,17.986804962158203,2399,6.925500000000001,5.0,5.0
44340,17.990972995758057,2399,5.0,5.0,5.0
44350,17.99422860145569,2399,9.5,5.0,5.0
44360,17.997776746749878,2399,7.695000000000001,5.0,5.0
44366,17.999855995178223,2399,9.543820550000003,5.0,5.0
44370,18.001821756362915,2399,8.589438495000003,5.0,5.0
44375,18.004600048065186,2399,11.957445180950003,5.0,5.0
44380,18.006883144378662,2399,9.685530596569503,5.0,5.0
44390,18.011040687561035,2399,5.719208961968326,5.0,5.0
44400,18.016655683517456,2399,5.0,5.0,5.0
44410,18.0213942527771,2399,5.0,5.0,5.0
44420,18.024186611175537,2399,5.0,5.0,5.0
44430,18.028798580169678,2399,5.0,5.0,5.0
44440,18.03447461128235,2399,5.0,5.0,5.0
44450,18.0405912399292,2399,5.0,5.0,5.0
44460,18.045292615890503,2399,5.0,5.0,5.0
44468,18.048561811447144,2399,9.5,5.0,5.0
44470,18.049504280090332,2399,8.55,5.0,5.0
44480,18.052724361419678,2399,5.048689500000002,5.0,5.0
44490,18.056456089019775,2399,5.0,5.0,5.0
44500,18.06054949760437,2399,5.0,5.0,5.0
44510,18.064919233322144,2399,5.0,5.0,5.0
44520,18.07044243812561,2399,5.0,5.0,5.0
44530,18.074793338775635,2399,5.0,5.0,5.0
44531,18.075127601623535,2399,9.5,5.0,5.0
44540,18.080222129821777,2399,9.5,5.0,5.0
44550,18.084107398986816,2399,7.695000000000001,5.0,5.0
44555,18.08581233024597,2399,10.609655000000002,5.0,5.0
44560,18.088713884353638,2399,8.593820550000002,5.0,5.0
44570,18.092865228652954,2399,5.0745650965695015,5.0,5.0
44580,18.097114324569702,2399,5.0,5.0,5.0
44590,18.101285696029663,2399,5.0,5.0,5.0
44600,18.107285976409912,2399,5.0,5.0,5.0
44610,18.11313033103943,2399,5.0,5.0,5.0
44620,18.118072748184204,2399,5.0,5.0,5.0
44630,18.123038291931152,2399,5.0,5.0,5.0
44640,18.126383543014526,2399,5.0,5.0,5.0
44650,18.12976336479187,2399,5.0,5.0,5.0
44660,18.134525775909424,2399,5.0,5.0,5.0
44670,18.13996911048889,2399,5.0,5.0,5.0
44680,18.144814014434814,2399,5.0,5.0,5.0
44690,18.149478435516357,2399,5.0,5.0,5.0
44700,18.154120922088623,2399,5.0,5.0,5.0
44710,18.15845537185669,2399,5.0,5.0,5.0
44720,18.16378402709961,2399,5.0,5.0,5.0
44730,18.168203592300415,2399,5.0,5.0,5.0
44740,18.173800468444824,2399,5.0,5.0,5.0
44749,18.17753291130066,2399,9.5,5.0,5.0
44750,18.177833080291748,2399,8.55,5.0,5.0
44760,18.182032108306885,2399,6.925500000000001,5.0,5.0
44770,18.186426162719727,2399,5.0,5.0,5.0
44780,18.189905643463135,2399,5.0,5.0,5.0
44790,18.19395875930786,2399,5.0,5.0,5.0
44800,18.19876766204834,2399,5.0,5.0,5.0
44810,18.203864812850952,2399,5.0,5.0,5.0
44820,18.208373546600342,2399,5.0,5.0,5.0
44830,18.212562561035156,2399,5.0,5.0,5.0
44840,18.216150045394897,2399,5.0,5.0,5.0
44850,18.220266819000244,2399,5.0,5.0,5.0
44852,18.220767736434937,2399,9.5,5.0,5.0
44860,18.223133325576782,2399,7.695000000000001,5.0,5.0
44870,18.2269344329834,2399,5.0,5.0,5.0
44880,18.23106050491333,2399,5.0,5.0,5.0
44890,18.236873388290405,2399,5.0,5.0,5.0
44900,18.240987539291382,2399,5.0,5.0,5.0
44910,18.244823932647705,2399,5.0,5.0,5.0
44920,18.250468730926514,2399,5.0,5.0,5.0
44929,18.253398895263672,2399,9.5,5.0,5.0
44930,18.254152297973633,2399,9.5,5.0,5.0
44940,18.258329153060913,2399,6.2329500000000015,5.0,5.0
44950,18.26305866241455,2399,5.0,5.0,5.0
44960,18.267292022705078,2399,5.0,5.0,5.0
44970,18.271586418151855,2399,5.0,5.0,5.0
44980,18.278035879135132,2399,5.0,5.0,5.0
44989,18.28167152404785,2399,9.5,5.0,5.0
44990,18.281936168670654,2399,8.55,5.0,5.0
44992,18.282514095306396,2399,11.925500000000001,5.0,5.0
45000,18.284925937652588,2399,5.703929680950001,5.0,5.0
45010,18.289499282836914,2399,5.0,5.0,5.0
45020,18.293928861618042,2399,5.0,5.0,5.0
45022,18.29438042640686,2399,9.5,5.0,5.0
45030,18.296680688858032,2399,6.2329500000000015,5.0,5.0
45040,18.301218032836914,2399,5.0,5.0,5.0
45050,18.3054838180542,2399,5.0,5.0,5.0
45060,18.309458017349243,2399,5.0,5.0,5.0
45070,18.31267499923706,2399,5.0,5.0,5.0
45080,18.316746711730957,2399,5.0,5.0,5.0
45090,18.32085156440735,2399,5.0,5.0,5.0
45100,18.32454490661621,2399,5.0,5.0,5.0
45110,18.32878279685974,2399,5.0,5.0,5.0
45120,18.333141088485718,2399,5.0,5.0,5.0
45130,18.336527347564697,2399,5.0,5.0,5.0
45140,18.340792179107666,2399,5.0,5.0,5.0
45150,18.345423698425293,2399,5.0,5.0,5.0
45160,18.35022783279419,2399,5.0,5.0,5.0
45170,18.353825569152832,2399,5.0,5.0,5.0
45180,18.357913970947266,2399,5.0,5.0,5.0
45190,18.362144470214844,2399,5.0,5.0,5.0
45200,18.366572618484497,2399,5.0,5.0,5.0
45210,18.370474576950073,2399,5.0,5.0,5.0
45212,18.371050357818604,2399,9.5,5.0,5.0
45220,18.374358892440796,2399,7.695000000000001,5.0,5.0
45230,18.37821865081787,2399,5.048689500000002,5.0,5.0
45240,18.38279128074646,2399,5.0,5.0,5.0
45250,18.38714098930359,2399,5.0,5.0,5.0
45260,18.391359567642212,2399,5.0,5.0,5.0
45268,18.395374298095703,2399,9.5,5.0,5.0
45270,18.39637303352356,2399,8.55,5.0,5.0
45280,18.40267300605774,2399,5.609655000000002,5.0,5.0
45281,18.403074026107788,2399,10.048689500000002,5.0,5.0
45290,18.406386852264404,2399,7.325494645500002,5.0,5.0
45300,18.410282611846924,2399,5.0,5.0,5.0
45310,18.41603112220764,2399,5.0,5.0,5.0
45320,18.420384407043457,2399,5.0,5.0,5.0
45330,18.424217462539673,2399,5.0,5.0,5.0
45340,18.429243803024292,2399,5.0,5.0,5.0
45349,18.432932376861572,2399,9.5,5.0,5.0
45350,18.433202743530273,2399,8.55,5.0,5.0
45360,18.437638521194458,2399,6.2329500000000015,5.0,5.0
45370,18.441970825195312,2399,5.048689500000002,5.0,5.0
45380,18.44532823562622,2399,5.0,5.0,5.0
45390,18.449868202209473,2399,5.0,5.0,5.0
45400,18.453646421432495,2399,5.0,5.0,5.0
45410,18.457613945007324,2399,5.0,5.0,5.0
45420,18.461555242538452,2399,5.0,5.0,5.0
45430,18.466567039489746,2399,5.0,5.0,5.0
45440,18.470274925231934,2399,5.0,5.0,5.0
45450,18.475988149642944,2399,9.5,5.0,5.0
45460,18.480483293533325,2399,5.609655000000002,5.0,5.0
45470,18.48477864265442,2399,5.0,5.0,5.0
45480,18.48951530456543,2399,5.0,5.0,5.0
45490,18.492863178253174,2399,5.0,5.0,5.0
45494,18.49486804008484,2399,9.5,5.0,5.0
45500,18.49687099456787,2399,7.695000000000001,5.0,5.0
45510,18.50118136405945,2399,6.2329500000000015,5.0,5.0
45520,18.505073308944702,2399,5.0,5.0,5.0
45530,18.509496450424194,2399,5.0,5.0,5.0
45540,18.5124671459198,2399,5.0,5.0,5.0
45542,18.513023138046265,2399,9.5,5.0,5.0
45550,18.515952110290527,2399,6.925500000000001,5.0,5.0
45560,18.51970648765564,2399,5.0,5.0,5.0
45565,18.522466897964478,2399,9.5,5.0,5.0
45570,18.524340867996216,2399,6.925500000000001,5.0,5.0
45580,18.52770233154297,2399,5.609655000000002,5.0,5.0
45590,18.532724618911743,2399,5.0,5.0,5.0
45600,18.536688804626465,2399,5.0,5.0,5.0
45610,18.540971994400024,2399,5.0,5.0,5.0
45620,18.545240879058838,2399,5.0,5.0,5.0
45630,18.549057245254517,2399,5.0,5.0,5.0
45640,18.553730010986328,2399,5.0,5.0,5.0
45641,18.55404806137085,2399,9.5,5.0,5.0
45650,18.55803680419922,2399,6.2329500000000015,5.0,5.0
45660,18.562766075134277,2399,5.0,5.0,5.0
45670,18.566060066223145,2399,5.0,5.0,5.0
45680,18.56981873512268,2399,5.0,5.0,5.0
45690,18.573190212249756,2399,5.0,5.0,5.0
45700,18.576382398605347,2399,5.0,5.0,5.0
45710,18.5807683467865,2399,5.0,5.0,5.0
45720,18.58560609817505,2399,5.0,5.0,5.0
45730,18.589699268341064,2399,5.0,5.0,5.0
45740,18.59354257583618,2399,5.0,5.0,5.0
45748,18.596474409103394,2399,9.5,5.0,5.0
45750,18.59724497795105,2399,9.5,5.0,5.0
45760,18.602946758270264,2399,5.609655000000002,5.0,5.0
45770,18.60744547843933,2399,5.0,5.0,5.0
45780,18.6129252910614,2399,5.0,5.0,5.0
45790,18.617376565933228,2399,5.0,5.0,5.0
45793,18.618196725845337,2399,9.5,5.0,5.0
45800,18.620187282562256,2399,5.048689500000002,5.0,5.0
45810,18.624229431152344,2399,5.0,5.0,5.0
45820,18.63087558746338,2399,5.0,5.0,5.0
45830,18.633963108062744,2399,5.0,5.0,5.0
45840,18.638639211654663,2399,5.0,5.0,5.0
45850,18.6430606842041,2399,5.0,5.0,5.0
45860,18.64903473854065,2399,5.0,5.0,5.0
45870,18.653400897979736,2399,5.0,5.0,5.0
45880,18.657516717910767,2399,5.0,5.0,5.0
45890,18.66059446334839,2399,5.0,5.0,5.0
45900,18.665528059005737,2399,5.0,5.0,5.0
45910,18.669981002807617,2399,5.0,5.0,5.0
45920,18.675015449523926,2399,5.0,5.0,5.0
45930,18.67785930633545,2399,5.0,5.0,5.0
45940,18.682106256484985,2399,5.0,5.0,5.0
45950,18.686962842941284,2399,5.0,5.0,5.0
45960,18.69164538383484,2399,5.0,5.0,5.0
45970,18.69447922706604,2399,5.0,5.0,5.0
45980,18.69880723953247,2399,5.0,5.0,5.0
45990,18.703720569610596,2399,5.0,5.0,5.0
46000,18.707449913024902,2399,5.0,5.0,5.0
46010,18.712194442749023,2399,5.0,5.0,5.0
46020,18.716214418411255,2399,5.0,5.0,5.0
46030,18.72116994857788,2399,5.0,5.0,5.0
46040,18.726441860198975,2399,5.0,5.0,5.0
46050,18.732338428497314,2399,5.0,5.0,5.0
46060,18.735477685928345,2399,5.0,5.0,5.0
46070,18.74018430709839,2399,5.0,5.0,5.0
46080,18.744535446166992,2399,5.0,5.0,5.0
46090,18.749364852905273,2399,5.0,5.0,5.0
46100,18.753845930099487,2399,5.0,5.0,5.0
46110,18.75880527496338,2399,5.0,5.0,5.0
46120,18.762835264205933,2399,9.5,5.0,5.0
46130,18.7673499584198,2399,6.2329500000000015,5.0,5.0
46140,18.77172589302063,2399,5.0,5.0,5.0
46150,18.777695178985596,2399,5.0,5.0,5.0
46160,18.78327202796936,2399,5.0,5.0,5.0
46170,18.78867745399475,2399,5.0,5.0,5.0
46171,18.788981199264526,2399,9.5,5.0,5.0
46180,18.79472279548645,2399,6.2329500000000015,5.0,5.0
46190,18.79886293411255,2399,5.0,5.0,5.0
46200,18.802302598953247,2399,5.0,5.0,5.0
46208,18.8048734664917,2399,9.5,5.0,5.0
46210,18.805391311645508,2399,8.55,5.0,5.0
46220,18.809821367263794,2399,5.048689500000002,5.0,5.0
46230,18.813064098358154,2399,5.0,5.0,5.0
46240,18.81676435470581,2399,5.0,5.0,5.0
46250,18.821096658706665,2399,5.0,5.0,5.0
46260,18.826120376586914,2399,5.0,5.0,5.0
46270,18.828789234161377,2399,5.0,5.0,5.0
46280,18.832696199417114,2399,5.0,5.0,5.0
46290,18.836784839630127,2399,5.0,5.0,5.0
46300,18.840778350830078,2399,5.0,5.0,5.0
46305,18.84258270263672,2399,9.5,5.0,5.0
46310,18.844781637191772,2399,7.695000000000001,5.0,5.0
46314,18.84595012664795,2399,10.048689500000002,5.0,5.0
46320,18.84939193725586,2399,9.043820550000001,5.0,5.0
46330,18.855298042297363,2399,5.933650662855002,5.0,5.0
46340,18.859771013259888,2399,5.0,5.0,5.0
46350,18.86366558074951,2399,5.0,5.0,5.0
46360,18.867784023284912,2399,5.0,5.0,5.0
46370,18.873165607452393,2399,5.0,5.0,5.0
46380,18.877578735351562,2399,5.0,5.0,5.0
46390,18.881600379943848,2399,5.0,5.0,5.0
46400,18.884897232055664,2399,5.0,5.0,5.0
46410,18.887869596481323,2399,5.0,5.0,5.0
46420,18.890814781188965,2399,5.0,5.0,5.0
46430,18.894848346710205,2399,5.0,5.0,5.0
46440,18.898712396621704,2399,5.0,5.0,5.0
46450,18.90206217765808,2399,5.0,5.0,5.0
46460,18.907294273376465,2399,5.0,5.0,5.0
46470,18.911303281784058,2399,5.0,5.0,5.0
46480,18.917335510253906,2399,5.0,5.0,5.0
46490,18.92114019393921,2399,5.0,5.0,5.0
46500,18.92448401451111,2399,5.0,5.0,5.0
46510,18.92757797241211,2399,5.0,5.0,5.0
46520,18.93113923072815,2399,5.0,5.0,5.0
46530,18.935091495513916,2399,5.0,5.0,5.0
46540,18.938445568084717,2399,5.0,5.0,5.0
46550,18.942739248275757,2399,5.0,5.0,5.0
46560,18.946131944656372,2399,5.0,5.0,5.0
46570,18.94964337348938,2399,5.0,5.0,5.0
46580,18.952454328536987,2399,5.0,5.0,5.0
46590,18.955816507339478,2399,5.0,5.0,5.0
46594,18.957819938659668,2399,9.5,5.0,5.0
46600,18.96013045310974,2399,7.695000000000001,5.0,5.0
46605,18.96195125579834,2399,11.232950000000002,5.0,5.0
46610,18.963682413101196,2399,8.188820550000003,5.0,5.0
46618,18.967143058776855,2399,10.969650180950001,5.0,5.0
46620,18.967674255371094,2399,8.885416646569501,5.0,5.0
46630,18.973026752471924,2399,6.4774687353491665,5.0,5.0
46640,18.976941108703613,2399,5.0,5.0,5.0
46641,18.97724461555481,2399,9.5,5.0,5.0
46650,18.980996131896973,2399,5.048689500000002,5.0,5.0
46660,18.984039545059204,2399,5.0,5.0,5.0
46670,18.98776149749756,2399,5.0,5.0,5.0
46680,18.99115514755249,2399,5.0,5.0,5.0
46690,18.99471163749695,2399,5.0,5.0,5.0
46700,18.998924016952515,2399,5.0,5.0,5.0
46704,19.000470876693726,2399,9.5,5.0,5.0
46710,19.002835988998413,2399,7.695000000000001,5.0,5.0
46720,19.00679636001587,2399,5.048689500000002,5.0,5.0
46730,19.012214183807373,2399,5.0,5.0,5.0
46740,19.016682624816895,2399,5.0,5.0,5.0
46750,19.02057456970215,2399,5.0,5.0,5.0
46760,19.025346755981445,2399,5.0,5.0,5.0
46765,19.02718496322632,2399,9.5,5.0,5.0
46766,19.027512311935425,2399,13.55,5.0,5.0
46770,19.028560638427734,2399,9.87795,5.0,5.0
46780,19.03307819366455,2399,8.0011395,5.0,5.0
46790,19.037420511245728,2399,5.832830695500001,5.0,5.0
46800,19.041587114334106,2399,5.0,5.0,5.0
46802,19.04216241836548,2399,9.5,5.0,5.0
46810,19.044615030288696,2399,7.695000000000001,5.0,5.0
46820,19.0495548248291,2399,5.609655000000002,5.0,5.0
46830,19.05262279510498,2399,5.0,5.0,5.0
46840,19.05647850036621,2399,5.0,5.0,5.0
46845,19.058191776275635,2399,9.5,5.0,5.0
46850,19.060327291488647,2399,6.925500000000001,5.0,5.0
46860,19.064730167388916,2399,5.0,5.0,5.0
46870,19.068682432174683,2399,5.0,5.0,5.0
46880,19.072383880615234,2399,5.0,5.0,5.0
46890,19.077247619628906,2399,5.0,5.0,5.0
46900,19.08165216445923,2399,5.0,5.0,5.0
46910,19.086055040359497,2399,5.0,5.0,5.0
46920,19.09026551246643,2399,5.0,5.0,5.0
46930,19.0941481590271,2399,5.0,5.0,5.0
46940,19.09822988510132,2399,5.0,5.0,5.0
46950,19.10128664970398,2399,5.0,5.0,5.0
46960,19.105576515197754,2399,5.0,5.0,5.0
46970,19.10823917388916,2399,5.0,5.0,5.0
46980,19.11215901374817,2399,5.0,5.0,5.0
46990,19.11607789993286,2399,5.0,5.0,5.0
47000,19.119532346725464,2399,5.0,5.0,5.0
47010,19.12493896484375,2399,5.0,5.0,5.0
47020,19.129371166229248,2399,5.0,5.0,5.0
47022,19.130451679229736,2399,9.5,5.0,5.0
47030,19.133132457733154,2399,6.925500000000001,5.0,5.0
47040,19.13754940032959,2399,5.048689500000002,5.0,5.0
47050,19.140051126480103,2399,5.0,5.0,5.0
47058,19.142579078674316,2399,9.5,5.0,5.0
47060,19.14356517791748,2399,9.5,5.0,5.0
47066,19.146124124526978,2399,11.925500000000001,5.0,5.0
47070,19.147436141967773,2399,9.659655,5.0,5.0
47080,19.150404453277588,2399,5.703929680950001,5.0,5.0
47090,19.154872179031372,2399,5.0,5.0,5.0
47100,19.159093856811523,2399,5.0,5.0,5.0
47110,19.16353487968445,2399,5.0,5.0,5.0
47120,19.167468786239624,2399,5.0,5.0,5.0
47130,19.17146944999695,2399,5.0,5.0,5.0
47132,19.172060251235962,2399,9.5,5.0,5.0
47140,19.174535036087036,2399,6.2329500000000015,5.0,5.0
47150,19.17900013923645,2399,5.0,5.0,5.0
47160,19.183969259262085,2399,5.0,5.0,5.0
47170,19.187463998794556,2399,5.0,5.0,5.0
47180,19.191792488098145,2399,5.0,5.0,5.0
47190,19.197673082351685,2399,5.0,5.0,5.0
47200,19.20163869857788,2399,5.0,5.0,5.0
47201,19.201969146728516,2399,9.5,5.0,5.0
47206,19.20367455482483,2399,11.925500000000001,5.0,5.0
47210,19.205297470092773,2399,14.659655,5.0,5.0
47220,19.20858383178711,2399,7.790741712855003,5.0,5.0
47230,19.212305545806885,2399,5.0,5.0,5.0
47233,19.21357750892639,2399,9.5,5.0,5.0
47240,19.218537092208862,2399,8.55,5.0,5.0
47250,19.22170376777649,2399,5.048689500000002,5.0,5.0
47260,19.225303888320923,2399,5.0,5.0,5.0
47270,19.228916883468628,2399,5.0,5.0,5.0
47280,19.233606100082397,2399,5.0,5.0,5.0
47284,19.235122680664062,2399,9.5,5.0,5.0
47290,19.237688064575195,2399,6.925500000000001,5.0,5.0
47300,19.241384267807007,2399,5.0,5.0,5.0
47310,19.24451494216919,2399,5.0,5.0,5.0
47320,19.248557806015015,2399,5.0,5.0,5.0
47330,19.25243377685547,2399,5.0,5.0,5.0
47340,19.256300926208496,2399,5.0,5.0,5.0
47350,19.261291027069092,2399,5.0,5.0,5.0
47360,19.266358852386475,2399,5.0,5.0,5.0
47370,19.271520376205444,2399,5.0,5.0,5.0
47380,19.276672840118408,2399,5.0,5.0,5.0
47390,19.280786275863647,2399,5.0,5.0,5.0
47400,19.285316228866577,2399,5.0,5.0,5.0
47410,19.289661407470703,2399,5.0,5.0,5.0
47420,19.294108390808105,2399,5.0,5.0,5.0
47430,19.299041748046875,2399,5.0,5.0,5.0
47440,19.303974390029907,2399,5.0,5.0,5.0
47450,19.309134244918823,2399,5.0,5.0,5.0
47460,19.31466770172119,2399,5.0,5.0,5.0
47470,19.318999767303467,2399,5.0,5.0,5.0
47480,19.32413673400879,2399,5.0,5.0,5.0
47490,19.32856011390686,2399,5.0,5.0,5.0
47500,19.33249831199646,2399,5.0,5.0,5.0
47510,19.33746337890625,2399,5.0,5.0,5.0
47520,19.342744827270508,2399,5.0,5.0,5.0
47530,19.346845626831055,2399,5.0,5.0,5.0
47540,19.350830078125,2399,5.0,5.0,5.0
47550,19.354693174362183,2399,5.0,5.0,5.0
47560,19.359041213989258,2399,5.0,5.0,5.0
47570,19.363924026489258,2399,5.0,5.0,5.0
47580,19.367961883544922,2399,5.0,5.0,5.0
47583,19.36932396888733,2399,9.5,5.0,5.0
47590,19.372639894485474,2399,6.925500000000001,5.0,5.0
47600,19.376422882080078,2399,5.0,5.0,5.0
47610,19.38003706932068,2399,5.0,5.0,5.0
47620,19.38450026512146,2399,5.0,5.0,5.0
47630,19.38755464553833,2399,5.0,5.0,5.0
47640,19.39154601097107,2399,5.0,5.0,5.0
47650,19.39505171775818,2399,5.0,5.0,5.0
47660,19.39948844909668,2399,5.0,5.0,5.0
47670,19.40402841567993,2399,5.0,5.0,5.0
47680,19.4091215133667,2399,5.0,5.0,5.0
47690,19.414122104644775,2399,5.0,5.0,5.0
47700,19.41872262954712,2399,5.0,5.0,5.0
47710,19.42415952682495,2399,5.0,5.0,5.0
47720,19.42989182472229,2399,5.0,5.0,5.0
47730,19.43498945236206,2399,5.0,5.0,5.0
47740,19.440112590789795,2399,5.0,5.0,5.0
47750,19.444468021392822,2399,5.0,5.0,5.0
47760,19.448869705200195,2399,5.0,5.0,5.0
47770,19.45297861099243,2399,5.0,5.0,5.0
47778,19.455698251724243,2399,9.5,5.0,5.0
47780,19.456265449523926,2399,7.695000000000001,5.0,5.0
47784,19.457837343215942,2399,11.232950000000002,5.0,5.0
47790,19.46037721633911,2399,9.098689500000003,5.0,5.0
47800,19.46409320831299,2399,5.372685162855002,5.0,5.0
47805,19.46598768234253,2399,9.5,5.0,5.0
47810,19.467791318893433,2399,7.695000000000001,5.0,5.0
47814,19.469724655151367,2399,11.925500000000001,5.0,5.0
47820,19.47128176689148,2399,7.041888495000001,5.0,5.0
47830,19.474722385406494,2399,5.703929680950001,5.0,5.0
47833,19.47606587409973,2399,9.6201830415695,5.0,5.0
47840,19.477809190750122,2399,5.680621884216376,5.0,5.0
47850,19.482388734817505,2399,5.0,5.0,5.0
47860,19.486883878707886,2399,5.0,5.0,5.0
47870,19.490269422531128,2399,5.0,5.0,5.0
47880,19.494722366333008,2399,5.0,5.0,5.0
47890,19.49969172477722,2399,5.0,5.0,5.0
47900,19.502899408340454,2399,5.0,5.0,5.0
47910,19.50702476501465,2399,5.0,5.0,5.0
47920,19.512907028198242,2399,5.0,5.0,5.0
47930,19.515455722808838,2399,5.0,5.0,5.0
47936,19.51784348487854,2399,9.5,5.0,5.0
47940,19.51941704750061,2399,7.695000000000001,5.0,5.0
47950,19.52332592010498,2399,6.925500000000001,5.0,5.0
47960,19.52781343460083,2399,5.0,5.0,5.0
47970,19.531752586364746,2399,5.0,5.0,5.0
47978,19.536750555038452,2399,9.5,5.0,5.0
47980,19.53779911994934,2399,8.55,5.0,5.0
47990,19.542321920394897,2399,5.048689500000002,5.0,5.0
47993,19.54413080215454,2399,9.543820550000003,5.0,5.0
48000,19.547272443771362,2399,7.730494645500003,5.0,5.0
48010,19.550780296325684,2399,5.0,5.0,5.0
48020,19.553319454193115,2399,5.0,5.0,5.0
48030,19.557339668273926,2399,5.0,5.0,5.0
48040,19.56076431274414,2399,5.0,5.0,5.0
48050,19.565812349319458,2399,5.0,5.0,5.0
48060,19.56955862045288,2399,5.0,5.0,5.0
48061,19.56987500190735,2399,9.5,5.0,5.0
48067,19.572002172470093,2399,11.232950000000002,5.0,5.0
48070,19.573172330856323,2399,10.109655000000002,5.0,5.0
48080,19.57706046104431,2399,6.632944645500002,5.0,5.0
48090,19.58100152015686,2399,5.0,5.0,5.0
48100,19.584977388381958,2399,5.0,5.0,5.0
48101,19.58532953262329,2399,9.5,5.0,5.0
48110,19.58863377571106,2399,6.2329500000000015,5.0,5.0
48120,19.591728448867798,2399,5.0,5.0,5.0
48130,19.597615480422974,2399,5.0,5.0,5.0
48140,19.601248502731323,2399,5.0,5.0,5.0
48150,19.606210708618164,2399,5.0,5.0,5.0
48160,19.61018681526184,2399,5.0,5.0,5.0
48170,19.61513042449951,2399,5.0,5.0,5.0
48180,19.620261430740356,2399,5.0,5.0,5.0
48190,19.624337196350098,2399,5.0,5.0,5.0
48200,19.62823176383972,2399,9.5,5.0,5.0
48210,19.631883144378662,2399,5.609655000000002,5.0,5.0
48220,19.63583755493164,2399,5.0,5.0,5.0
48230,19.63985252380371,2399,5.0,5.0,5.0
48240,19.643988847732544,2399,5.0,5.0,5.0
48250,19.647566080093384,2399,5.0,5.0,5.0
48260,19.65104579925537,2399,5.0,5.0,5.0
48270,19.654082536697388,2399,5.0,5.0,5.0
48280,19.65741753578186,2399,5.0,5.0,5.0
48290,19.663414239883423,2399,5.0,5.0,5.0
48300,19.66899299621582,2399,5.0,5.0,5.0
48310,19.672785997390747,2399,5.0,5.0,5.0
48320,19.677387714385986,2399,5.0,5.0,5.0
48330,19.68160653114319,2399,5.0,5.0,5.0
48337,19.68440842628479,2399,9.5,5.0,5.0
48340,19.685693979263306,2399,8.55,5.0,5.0
48350,19.689359426498413,2399,5.0,5.0,5.0
48360,19.693487644195557,2399,5.0,5.0,5.0
48370,19.700079441070557,2399,5.0,5.0,5.0
48380,19.705456256866455,2399,5.0,5.0,5.0
48390,19.710235357284546,2399,5.0,5.0,5.0
48400,19.715380907058716,2399,5.0,5.0,5.0
48410,19.71903371810913,2399,5.0,5.0,5.0
48420,19.723772525787354,2399,5.0,5.0,5.0
48427,19.727628469467163,2399,9.5,5.0,5.0
48430,19.728814125061035,2399,8.55,5.0,5.0
48440,19.732410430908203,2399,5.609655000000002,5.0,5.0
48450,19.734979391098022,2399,5.0,5.0,5.0
48460,19.738898992538452,2399,5.0,5.0,5.0
48470,19.744935512542725,2399,5.0,5.0,5.0
48480,19.748531341552734,2399,5.0,5.0,5.0
48486,19.750283241271973,2399,9.5,5.0,5.0
48490,19.752361297607422,2399,8.55,5.0,5.0
48500,19.755506992340088,2399,5.609655000000002,5.0,5.0
48510,19.76061749458313,2399,5.0,5.0,5.0
48520,19.763902187347412,2399,5.0,5.0,5.0
48522,19.764981746673584,2399,9.5,5.0,5.0
48530,19.768231630325317,2399,6.2329500000000015,5.0,5.0
48540,19.77262783050537,2399,5.0,5.0,5.0
48550,19.777528762817383,2399,5.0,5.0,5.0
48554,19.778682708740234,2399,9.5,5.0,5.0
48560,19.781769037246704,2399,8.55,5.0,5.0
48570,19.785672664642334,2399,6.925500000000001,5.0,5.0
48571,19.78598403930664,2399,11.232950000000002,5.0,5.0
48580,19.789333820343018,2399,6.632944645500002,5.0,5.0
48590,19.79409098625183,2399,5.0,5.0,5.0
48598,19.798330307006836,2399,9.5,5.0,5.0
48600,19.79936957359314,2399,9.5,5.0,5.0
48602,19.799976110458374,2399,12.695,5.0,5.0
48610,19.80266284942627,2399,8.329189500000002,5.0,5.0
48620,19.806516647338867,2399,6.746643495000002,5.0,5.0
48630,19.809635877609253,2399,5.0,5.0,5.0
48640,19.813749313354492,2399,5.0,5.0,5.0
48645,19.816001653671265,2399,9.5,5.0,5.0
48650,19.818225145339966,2399,8.55,5.0,5.0
48660,19.82278800010681,2399,5.609655000000002,5.0,5.0
48670,19.827024459838867,2399,5.0,5.0,5.0
48676,19.82949137687683,2399,9.5,5.0,5.0
48680,19.8314266204834,2399,9.5,5.0,5.0
48690,19.835018157958984,2399,6.2329500000000015,5.0,5.0
48700,19.839111804962158,2399,5.0,5.0,5.0
48710,19.844087600708008,2399,5.0,5.0,5.0
48720,19.847400188446045,2399,5.0,5.0,5.0
48730,19.850780248641968,2399,5.0,5.0,5.0
48740,19.856201648712158,2399,5.0,5.0,5.0
48750,19.86041259765625,2399,5.0,5.0,5.0
48760,19.864774703979492,2399,5.0,5.0,5.0
48770,19.870020389556885,2399,5.0,5.0,5.0
48780,19.875344038009644,2399,5.0,5.0,5.0
48790,19.878670692443848,2399,5.0,5.0,5.0
48800,19.884661197662354,2399,5.0,5.0,5.0
48803,19.885432481765747,2399,9.5,5.0,5.0
48810,19.888821601867676,2399,6.2329500000000015,5.0,5.0
48815,19.890204191207886,2399,10.048689500000002,5.0,5.0
48820,19.89257526397705,2399,7.325494645500002,5.0,5.0
48830,19.895743131637573,2399,5.340285596569502,5.0,5.0
48840,19.89958667755127,2399,5.0,5.0,5.0
48850,19.903788566589355,2399,5.0,5.0,5.0
48860,19.90733289718628,2399,5.0,5.0,5.0
48870,19.9114727973938,2399,5.0,5.0,5.0
48880,19.91429090499878,2399,5.0,5.0,5.0
48890,19.91747498512268,2399,5.0,5.0,5.0
48900,19.921061515808105,2399,5.0,5.0,5.0
48910,19.927000522613525,2399,5.0,5.0,5.0
48920,19.932143688201904,2399,5.0,5.0,5.0
48930,19.937723875045776,2399,5.0,5.0,5.0
48940,19.941066026687622,2399,5.0,5.0,5.0
48948,19.944762706756592,2399,9.5,5.0,5.0
48950,19.94580388069153,2399,8.55,5.0,5.0
48960,19.950434684753418,2399,5.048689500000002,5.0,5.0
48970,19.955104112625122,2399,5.0,5.0,5.0
48980,19.959156274795532,2399,5.0,5.0,5.0
48990,19.964415788650513,2399,5.0,5.0,5.0
49000,19.968430757522583,2399,5.0,5.0,5.0
49010,19.971380472183228,2399,5.0,5.0,5.0
49020,19.97607421875,2399,5.0,5.0,5.0
49030,19.98019552230835,2399,5.0,5.0,5.0
49040,19.983896732330322,2399,5.0,5.0,5.0
49050,19.98883295059204,2399,5.0,5.0,5.0
49060,19.993027925491333,2399,5.0,5.0,5.0
49070,19.99821925163269,2399,5.0,5.0,5.0
49080,20.00216794013977,2399,5.0,5.0,5.0
49090,20.00538969039917,2399,5.0,5.0,5.0
49100,20.008474349975586,2399,5.0,5.0,5.0
49110,20.013083457946777,2399,5.0,5.0,5.0
49120,20.01744556427002,2399,5.0,5.0,5.0
49130,20.024373531341553,2399,5.0,5.0,5.0
49140,20.02715563774109,2399,5.0,5.0,5.0
49150,20.031476736068726,2399,5.0,5.0,5.0
49156,20.033610343933105,2399,9.5,5.0,5.0
49160,20.035189390182495,2399,8.55,5.0,5.0
49170,20.038583993911743,2399,5.609655000000002,5.0,5.0
49180,20.043439388275146,2399,5.0,5.0,5.0
49190,20.047913312911987,2399,5.0,5.0,5.0
49200,20.051899433135986,2399,5.0,5.0,5.0
49207,20.055593252182007,2399,9.5,5.0,5.0
49210,20.05655837059021,2399,7.695000000000001,5.0,5.0
49220,20.06260061264038,2399,6.925500000000001,5.0,5.0
49230,20.067116737365723,2399,5.609655000000002,5.0,5.0
49239,20.071516513824463,2399,9.5,5.0,5.0
49240,20.071764945983887,2399,9.5,5.0,5.0
49250,20.076265811920166,2399,5.609655000000002,5.0,5.0
49260,20.081152200698853,2399,5.048689500000002,5.0,5.0
49270,20.085031270980835,2399,5.048689500000002,5.0,5.0
49272,20.08611488342285,2399,9.543820550000003,5.0,5.0
49280,20.089749813079834,2399,5.635530596569502,5.0,5.0
49290,20.094116687774658,2399,5.0,5.0,5.0
49300,20.100078105926514,2399,5.0,5.0,5.0
49310,20.10425043106079,2399,5.0,5.0,5.0
49320,20.10896921157837,2399,5.0,5.0,5.0
49330,20.112676858901978,2399,5.0,5.0,5.0
49340,20.116357564926147,2399,9.5,5.0,5.0
49350,20.12175416946411,2399,6.925500000000001,5.0,5.0
49360,20.127211809158325,2399,5.609655000000002,5.0,5.0
49370,20.13191843032837,2399,5.0,5.0,5.0
49380,20.13556218147278,2399,5.0,5.0,5.0
49390,20.139857053756714,2399,5.0,5.0,5.0
49400,20.14474630355835,2399,5.0,5.0,5.0
49410,20.148235321044922,2399,5.0,5.0,5.0
49420,20.151764631271362,2399,5.0,5.0,5.0
49430,20.15691113471985,2399,5.0,5.0,5.0
49440,20.1611647605896,2399,5.0,5.0,5.0
49450,20.166890382766724,2399,5.0,5.0,5.0
49460,20.170194387435913,2399,5.0,5.0,5.0
49470,20.17647695541382,2399,5.0,5.0,5.0
49473,20.178220510482788,2399,9.5,5.0,5.0
49480,20.181225538253784,2399,6.925500000000001,5.0,5.0
49490,20.185518264770508,2399,5.0,5.0,5.0
49500,20.189268350601196,2399,5.0,5.0,5.0
49510,20.19354271888733,2399,5.0,5.0,5.0
49520,20.198288202285767,2399,5.0,5.0,5.0
49530,20.20438814163208,2399,5.0,5.0,5.0
49538,20.208200216293335,2399,9.5,5.0,5.0
49540,20.20876693725586,2399,8.55,5.0,5.0
49550,20.21347212791443,2399,5.048689500000002,5.0,5.0
49560,20.217214345932007,2399,5.0,5.0,5.0
49570,20.222284078598022,2399,5.0,5.0,5.0
49580,20.22636890411377,2399,5.0,5.0,5.0
49590,20.229827642440796,2399,5.0,5.0,5.0
49600,20.23358917236328,2399,5.0,5.0,5.0
49610,20.237337112426758,2399,5.0,5.0,5.0
49620,20.24111247062683,2399,5.0,5.0,5.0
49630,20.246286392211914,2399,5.0,5.0,5.0
49640,20.250495195388794,2399,5.0,5.0,5.0
49650,20.25527596473694,2399,5.0,5.0,5.0
49660,20.259870767593384,2399,5.0,5.0,5.0
49670,20.26456356048584,2399,5.0,5.0,5.0
49680,20.269219160079956,2399,5.0,5.0,5.0
49690,20.27300262451172,2399,5.0,5.0,5.0
49700,20.276743412017822,2399,5.0,5.0,5.0
49710,20.2815043926239,2399,5.0,5.0,5.0
49720,20.285759925842285,2399,5.0,5.0,5.0
49730,20.28912115097046,2399,5.0,5.0,5.0
49740,20.294084548950195,2399,5.0,5.0,5.0
49750,20.297874689102173,2399,5.0,5.0,5.0
49760,20.302499055862427,2399,5.0,5.0,5.0
49770,20.306201219558716,2399,5.0,5.0,5.0
49780,20.31027388572693,2399,5.0,5.0,5.0
49790,20.31372094154358,2399,5.0,5.0,5.0
49800,20.318233251571655,2399,5.0,5.0,5.0
49810,20.32296085357666,2399,5.0,5.0,5.0
49820,20.326732397079468,2399,5.0,5.0,5.0
49830,20.33045268058777,2399,5.0,5.0,5.0
49832,20.331113815307617,2399,9.5,5.0,5.0
49840,20.334812879562378,2399,6.2329500000000015,5.0,5.0
49842,20.335466146469116,2399,10.048689500000002,5.0,5.0
49850,20.33778166770935,2399,5.340285596569502,5.0,5.0
49860,20.341376543045044,2399,5.0,5.0,5.0
49870,20.347151517868042,2399,5.0,5.0,5.0
49880,20.350919008255005,2399,5.0,5.0,5.0
49890,20.355557680130005,2399,5.0,5.0,5.0
49898,20.35885763168335,2399,9.5,5.0,5.0
49900,20.359981775283813,2399,13.55,5.0,5.0
49910,20.364033460617065,2399,8.0011395,5.0,5.0
49920,20.3674738407135,2399,5.832830695500001,5.0,5.0
49930,20.371227502822876,2399,5.0,5.0,5.0
49940,20.3756160736084,2399,5.0,5.0,5.0
49950,20.3801429271698,2399,5.0,5.0,5.0
49960,20.384169101715088,2399,5.0,5.0,5.0
49970,20.389246940612793,2399,5.0,5.0,5.0
49980,20.393279552459717,2399,5.0,5.0,5.0
49990,20.397002696990967,2399,5.0,5.0,5.0
50000,20.402463674545288,2399,5.0,5.0,5.0
