Iteration,Time_Seconds,Objective_Value,W_Shift,W_Swap,W_Kick
0,0.0,2397,100.0,100.0,100.0
1,0.0003859996795654297,2397,95.0,100.0,100.0
10,0.004578828811645508,2397,69.25500000000001,67.32950000000001,81.5
14,0.006022214889526367,2397,61.09655000000001,61.09655000000001,73.35000000000001
17,0.006814479827880859,2397,54.488205500000014,61.09655000000001,66.01500000000001
20,0.008083581924438477,2397,49.135446455000015,55.48689500000001,66.01500000000001
21,0.008382797241210938,2397,49.22190180950001,55.48689500000001,66.01500000000001
24,0.009514808654785156,2397,49.299711628550014,49.93820550000001,59.41350000000001
25,0.009794950485229492,2397,49.36974046569502,49.93820550000001,59.41350000000001
30,0.011466503143310547,2397,49.36974046569502,45.44438495000001,39.48119735000001
38,0.014990091323852539,2397,40.99054079949167,34.48395662855001,31.97976985350001
40,0.016397714614868164,2397,40.99054079949167,28.882004869125513,31.97976985350001
41,0.016679048538208008,2397,41.891486719542506,28.882004869125513,31.97976985350001
42,0.016969919204711914,2397,42.702338047588256,28.882004869125513,31.97976985350001
46,0.017996788024902344,2397,43.43210424282943,28.882004869125513,23.718252223201507
50,0.01983165740966797,2397,39.08889381854649,23.894423943991665,21.346427000881356
56,0.022241830825805664,2397,36.66200399302265,20.30448339463325,17.290605870713897
57,0.022508621215820312,2397,37.99580359372039,20.30448339463325,17.290605870713897
59,0.023029327392578125,2397,39.19622323434835,20.30448339463325,15.561545283642507
60,0.02373814582824707,2397,39.19622323434835,18.77403505516993,15.561545283642507
62,0.024253368377685547,2397,40.276600910913515,18.77403505516993,14.005390755278256
69,0.027113914489746094,2397,31.425477857650364,16.156968394687645,12.60485167975043
70,0.027336835861206055,2397,31.425477857650364,16.156968394687645,11.344366511775387
71,0.02762889862060547,2397,33.28293007188533,16.156968394687645,11.344366511775387
74,0.02932453155517578,2397,34.9546370646968,16.156968394687645,9.188936874538065
76,0.030231475830078125,2397,33.3132560224044,16.156968394687645,9.188936874538065
77,0.03057122230529785,2397,34.98193042016396,16.156968394687645,9.188936874538065
79,0.031226158142089844,2397,33.335363640332815,16.156968394687645,9.188936874538065
80,0.031978607177734375,2397,33.335363640332815,15.04127155521888,9.188936874538065
85,0.0341029167175293,2397,29.301480093802624,13.133429959727295,9.188936874538065
90,0.03573298454284668,2397,19.224701089543906,12.320086963754566,9.188936874538065
91,0.036039113998413086,2397,22.302230980589517,12.320086963754566,9.188936874538065
93,0.03705286979675293,2397,25.072007882530567,11.58807826737911,9.188936874538065
100,0.04021310806274414,2397,22.564807094277512,9.802709056919372,7.19873498153825
101,0.04048633575439453,2397,25.30832638484976,9.802709056919372,7.19873498153825
103,0.041045188903808594,2397,25.499744371728305,9.802709056919372,7.19873498153825
110,0.04462099075317383,2397,18.58931364698994,8.501174902494222,6.478861483384425
114,0.047028303146362305,2397,20.05734405406185,8.1510574122448,5.8309753350459825
115,0.04731416702270508,2397,23.051609648655667,8.1510574122448,5.8309753350459825
120,0.04844474792480469,2397,16.80462343386998,8.1510574122448,5.0
124,0.05004429817199707,2397,17.25057048329122,7.83595167102032,5.0
126,0.05056118965148926,2397,18.972962091465888,7.83595167102032,5.0
130,0.052031755447387695,2397,15.36809929408737,7.552356503918288,5.0
134,0.05402565002441406,2397,17.44816042821077,7.067408768173814,5.0
140,0.05702400207519531,2397,14.133009946850724,6.50714099199871,5.0
146,0.06010103225708008,2397,15.302964251254178,6.09870578316706,5.0
149,0.060880184173583984,2397,16.155860939164295,6.09870578316706,5.0
150,0.061057329177856445,2397,14.540274845247867,6.09870578316706,5.0
154,0.06313800811767578,2397,16.777622624650775,5.889951684365319,5.0
155,0.06341719627380371,2397,20.099860362185698,5.889951684365319,5.0
156,0.06370258331298828,2397,23.089874325967127,5.889951684365319,5.0
157,0.06398272514343262,2397,25.780886893370415,5.889951684365319,5.0
160,0.06519341468811035,2397,20.88251838363004,5.800956515928787,5.0
163,0.06592869758605957,2397,20.2233559016663,5.800956515928787,5.0
170,0.06924986839294434,2397,13.268543807083262,5.720860864335909,5.0
180,0.07276272773742676,2397,7.051448189380137,5.583897300112087,5.0
184,0.07429957389831543,2397,11.346303370442124,5.525507570100878,5.0
187,0.0755620002746582,2397,14.19050573005812,5.47295681309079,5.0
190,0.07725191116333008,2397,12.771455157052308,5.383095018603541,5.0
194,0.07880830764770508,2397,16.49430964134708,5.344785516743187,5.0
199,0.08105921745300293,2397,17.024351728542022,5.279276268561982,5.0
200,0.08134245872497559,2397,20.32191655568782,5.279276268561982,5.0
201,0.08162569999694824,2397,23.28972490011904,5.279276268561982,5.0
210,0.0849602222442627,2397,11.139403221579748,5.2262137775352056,5.0
213,0.08636641502380371,2397,14.022916609479596,5.2035923997816855,5.0
220,0.08913707733154297,2397,10.222706208310626,5.164909843823166,5.0
221,0.08943462371826172,2397,14.200435587479564,5.164909843823166,5.0
226,0.09160566329956055,2397,15.352117543272604,5.133576973496765,5.0
230,0.09403634071350098,2397,13.816905788945343,5.097377613679142,5.0
231,0.09432315826416016,2397,17.435215210050806,5.097377613679142,5.0
239,0.0973198413848877,2397,15.2953202293829,5.0788758670801055,5.0
240,0.09761929512023926,2397,18.76578820644461,5.0788758670801055,5.0
244,0.09914827346801758,2397,18.680259602498122,5.070988280372095,5.0
248,0.10028195381164551,2397,18.617909250221132,5.070988280372095,5.0
250,0.1009209156036377,2397,15.080506492679117,5.070988280372095,5.0
254,0.10318613052368164,2397,17.215210259070084,5.0,5.0
256,0.10374236106872559,2397,18.944320309846766,5.0,5.0
260,0.10518121719360352,2397,17.049888278862092,5.0,5.0
262,0.10577607154846191,2397,18.810409505878294,5.0,5.0
263,0.10607695579528809,2397,21.929368555290466,5.0,5.0
264,0.10635519027709961,2397,24.73643169976142,5.0,5.0
266,0.10691547393798828,2397,25.03650967680675,5.0,5.0
268,0.10737061500549316,2397,25.279572838213472,5.0,5.0
270,0.10832428932189941,2397,27.751615554392124,5.0,5.0
272,0.10893368721008301,2397,27.478808599057622,5.0,5.0
273,0.10921049118041992,2397,29.73092773915186,5.0,5.0
279,0.11106467247009277,2397,26.673846321841708,5.0,5.0
280,0.11133670806884766,2397,29.006461689657538,5.0,5.0
281,0.11161613464355469,2397,31.105815520691785,5.0,5.0
290,0.11407303810119629,2397,21.530905706131968,5.0,5.0
300,0.11655974388122559,2397,11.442406059372482,5.0,5.0
310,0.12244749069213867,2397,11.442406059372482,5.0,5.0
315,0.12465953826904297,2397,14.26834890809171,5.0,5.0
319,0.12569379806518555,2397,15.401626353998857,5.0,5.0
320,0.12596344947814941,2397,13.861463718598971,5.0,5.0
324,0.12702560424804688,2397,14.094506345772785,5.0,5.0
326,0.12752795219421387,2397,17.68505571119551,5.0,5.0
329,0.12880730628967285,2397,19.324895126068363,5.0,5.0
330,0.1290605068206787,2397,19.324895126068363,5.0,5.0
331,0.12937378883361816,2397,22.392405613461527,5.0,5.0
339,0.13239169120788574,2397,19.691657322992114,5.0,5.0
340,0.13265466690063477,2397,17.722491590692904,5.0,5.0
348,0.13609838485717773,2397,17.919696369615128,5.0,5.0
350,0.137129545211792,2397,21.127726732653617,5.0,5.0
352,0.13764023780822754,2397,24.014954059388256,5.0,5.0
357,0.13938641548156738,2397,20.756211358364638,5.0,5.0
358,0.139695405960083,2397,23.680590222528174,5.0,5.0
359,0.13999581336975098,2397,26.31253120027536,5.0,5.0
360,0.14028120040893555,2397,28.681278080247825,5.0,5.0
365,0.14204645156860352,2397,23.817786548450602,5.0,5.0
369,0.14296960830688477,2397,24.292407104244987,5.0,5.0
370,0.14322447776794434,2397,21.86316639382049,5.0,5.0
372,0.14379072189331055,2397,22.709164778994595,5.0,5.0
380,0.14608168601989746,2397,18.409534710348517,5.0,5.0
381,0.14637303352355957,2397,21.568581239313666,5.0,5.0
383,0.14679312705993652,2397,24.4117231153823,5.0,5.0
388,0.1480109691619873,2397,22.796146151113703,5.0,5.0
389,0.14827775955200195,2397,25.516531536002333,5.0,5.0
390,0.14853978157043457,2397,22.9648783824021,5.0,5.0
391,0.14884686470031738,2397,25.66839054416189,5.0,5.0
394,0.15013670921325684,2397,25.791396340771133,5.0,5.0
395,0.15041589736938477,2397,28.21225670669402,5.0,5.0
397,0.15099716186523438,2397,27.851927932422157,5.0,5.0
398,0.15126752853393555,2397,30.066735139179944,5.0,5.0
400,0.15225744247436523,2397,27.060061625261948,5.0,5.0
410,0.15566420555114746,2397,14.380826210190838,5.0,5.0
414,0.15769553184509277,2397,17.942743589171755,5.0,5.0
415,0.15799570083618164,2397,21.14846923025458,5.0,5.0
416,0.15827345848083496,2397,24.033622307229123,5.0,5.0
420,0.15939617156982422,2397,20.76845959577303,5.0,5.0
422,0.16034412384033203,2397,23.69161363619573,5.0,5.0
426,0.16179394721984863,2397,24.19020704531854,5.0,5.0
427,0.16210699081420898,2397,26.771186340786688,5.0,5.0
430,0.1629314422607422,2397,19.516194842433496,5.0,5.0
432,0.1635141372680664,2397,20.80811782237113,5.0,5.0
435,0.1648099422454834,2397,21.854575436120616,5.0,5.0
440,0.16655397415161133,2397,17.7022061032577,5.0,5.0
442,0.16712594032287598,2397,19.338786943638738,5.0,5.0
443,0.16740798950195312,2397,22.404908249274865,5.0,5.0
449,0.16989469528198242,2397,21.333178113721377,5.0,5.0
450,0.17014741897583008,2397,19.19986030234924,5.0,5.0
453,0.17096900939941406,2397,20.551886844902885,5.0,5.0
457,0.17249369621276855,2397,19.982325509934203,5.0,5.0
458,0.17278003692626953,2397,22.98409295894078,5.0,5.0
460,0.17332911491394043,2397,18.617115296742032,5.0,5.0
461,0.17363190650939941,2397,21.75540376706783,5.0,5.0
462,0.17395925521850586,2397,24.579863390361048,5.0,5.0
469,0.17725014686584473,2397,22.918720411573208,5.0,5.0
470,0.17748141288757324,2397,22.918720411573208,5.0,5.0
473,0.17832541465759277,2397,21.707747180036872,5.0,5.0
475,0.17893052101135254,2397,22.583275215829865,5.0,5.0
480,0.1801133155822754,2397,18.335198182195377,5.0,5.0
486,0.18257999420166016,2397,19.851510527578256,5.0,5.0
488,0.18309903144836426,2397,22.86635947482043,5.0,5.0
490,0.1836686134338379,2397,23.52175117460455,5.0,5.0
491,0.18396425247192383,2397,26.169576057144095,5.0,5.0
493,0.1849822998046875,2397,28.552618451429687,5.0,5.0
496,0.1857738494873047,2397,28.127620945658048,5.0,5.0
497,0.18607163429260254,2397,30.314858851092243,5.0,5.0
498,0.18636703491210938,2397,32.28337296598302,5.0,5.0
499,0.1866621971130371,2397,34.05503566938472,5.0,5.0
500,0.1869487762451172,2397,35.64953210244625,5.0,5.0
501,0.1872239112854004,2397,37.08457889220163,5.0,5.0
506,0.18860626220703125,2397,29.331192211173487,5.0,5.0
508,0.18915009498596191,2397,31.39807299005614,5.0,5.0
509,0.1894373893737793,2397,33.258265691050525,5.0,5.0
510,0.18957209587097168,2397,33.258265691050525,5.0,5.0
514,0.1912064552307129,2397,29.245275688775834,5.0,5.0
516,0.19179224967956543,2397,28.688673307908427,5.0,5.0
517,0.1920926570892334,2397,30.819805977117586,5.0,5.0
520,0.1928880214691162,2397,22.46763855731872,5.0,5.0
524,0.19397258758544922,2397,19.741017657456815,5.0,5.0
525,0.1942462921142578,2397,22.766915891711136,5.0,5.0
526,0.19453001022338867,2397,25.490224302540025,5.0,5.0
529,0.1953582763671875,2397,23.58237351655168,5.0,5.0
530,0.19598627090454102,2397,23.58237351655168,5.0,5.0
532,0.19701838493347168,2397,26.224136164896514,5.0,5.0
533,0.19730758666992188,2397,28.601722548406862,5.0,5.0
535,0.19790911674499512,2397,28.16739526420956,5.0,5.0
540,0.19925427436828613,2397,25.534031147608772,5.0,5.0
543,0.20055603981018066,2397,25.682565229563107,5.0,5.0
546,0.20139098167419434,2397,25.802877835946116,5.0,5.0
547,0.201704740524292,2397,28.222590052351507,5.0,5.0
548,0.20201468467712402,2397,30.400331047116357,5.0,5.0
550,0.20300507545471191,2397,27.36029794240472,5.0,5.0
560,0.20784378051757812,2397,21.155982332010563,5.0,5.0
562,0.20840716361999512,2397,22.136345688928557,5.0,5.0
570,0.2118394374847412,2397,14.523656406506028,5.0,5.0
571,0.21213245391845703,2397,18.071290765855423,5.0,5.0
573,0.21306347846984863,2397,21.26416168926988,5.0,5.0
580,0.21504926681518555,2397,12.556274835896971,5.0,5.0
590,0.21958303451538086,2397,15.170582617076548,5.0,5.0
591,0.21990299224853516,2397,18.653524355368894,5.0,5.0
598,0.2221050262451172,2397,17.238577329557536,5.0,5.0
600,0.22309637069702148,2397,15.514719596601783,5.0,5.0
610,0.2261054515838623,2397,9.161286774597388,5.0,5.0
613,0.22800421714782715,2397,11.678578058681495,5.0,5.0
620,0.23192763328552246,2397,12.66231506430093,5.0,5.0
621,0.23223137855529785,2397,16.39608355787084,5.0,5.0
628,0.23439693450927734,2397,15.75747042231906,5.0,5.0
629,0.2346971035003662,2397,19.181723380087156,5.0,5.0
630,0.23494482040405273,2397,17.26355104207844,5.0,5.0
632,0.2354738712310791,2397,20.537195937870596,5.0,5.0
634,0.23607373237609863,2397,21.635128709675186,5.0,5.0
640,0.238999605178833,2397,12.775327151776102,5.0,5.0
645,0.24309563636779785,2397,16.49779443659849,5.0,5.0
646,0.24338507652282715,2397,19.84801499293864,5.0,5.0
650,0.24423718452453613,2397,16.0768921442803,5.0,5.0
652,0.24525094032287598,2397,19.469202929852273,5.0,5.0
656,0.24638009071350098,2397,17.77374404227608,5.0,5.0
658,0.24690580368041992,2397,20.99636963804847,5.0,5.0
659,0.24718618392944336,2397,23.896732674243623,5.0,5.0
660,0.247938871383667,2397,23.896732674243623,5.0,5.0
661,0.24822998046875,2397,26.507059406819263,5.0,5.0
668,0.2509956359863281,2397,22.39128167681412,5.0,5.0
670,0.25142502784729004,2397,18.13693815821944,5.0,5.0
672,0.25200390815734863,2397,19.69091990815775,5.0,5.0
680,0.25494885444641113,2397,17.9192125517423,5.0,5.0
681,0.25524306297302246,2397,21.12729129656807,5.0,5.0
682,0.2555201053619385,2397,24.014562166911265,5.0,5.0
690,0.2576436996459961,2397,14.180358813939433,5.0,5.0
691,0.2579479217529297,2397,17.76232293254549,5.0,5.0
693,0.2589731216430664,2397,20.986090639290943,5.0,5.0
700,0.2612628936767578,2397,12.39207666159491,5.0,5.0
701,0.2615630626678467,2397,16.15286899543542,5.0,5.0
703,0.26206398010253906,2397,18.08382388630269,5.0,5.0
706,0.26349854469299316,2397,18.18310761311466,5.0,5.0
709,0.2655003070831299,2397,21.364796851803195,5.0,5.0
710,0.26589393615722656,2397,24.228317166622876,5.0,5.0
720,0.26900601387023926,2397,19.306579003719143,5.0,5.0
723,0.27028751373291016,2397,20.638328993012507,5.0,5.0
725,0.27086377143859863,2397,21.71704648434013,5.0,5.0
727,0.27143263816833496,2397,22.590807652315508,5.0,5.0
730,0.2726469039916992,2397,18.298554198375562,5.0,5.0
736,0.2746741771697998,2397,17.005681409554207,5.0,5.0
739,0.27548837661743164,2397,17.397141747565016,5.0,5.0
740,0.27579569816589355,2397,20.657427572808515,5.0,5.0
741,0.276104211807251,2397,23.591684815527664,5.0,5.0
742,0.276381254196167,2397,26.2325163339749,5.0,5.0
743,0.27668213844299316,2397,28.60926470057741,5.0,5.0
744,0.2770261764526367,2397,30.748338230519668,5.0,5.0
749,0.27834129333496094,2397,23.156586241739557,5.0,5.0
750,0.27860569953918457,2397,20.8409276175656,5.0,5.0
753,0.279921293258667,2397,21.88115137022814,5.0,5.0
755,0.2804689407348633,2397,22.723732609884795,5.0,5.0
756,0.2807586193084717,2397,25.451359348896315,5.0,5.0
758,0.28184938430786133,2397,27.906223414006682,5.0,5.0
760,0.2829005718231201,2397,27.906223414006682,5.0,5.0
761,0.2832221984863281,2397,30.115601072606015,5.0,5.0
762,0.2835428714752197,2397,32.10404096534542,5.0,5.0
763,0.2838563919067383,2397,33.89363686881087,5.0,5.0
764,0.28415846824645996,2397,35.50427318192979,5.0,5.0
766,0.2847156524658203,2397,33.75846127736313,5.0,5.0
770,0.28632307052612305,2397,24.609918271197724,5.0,5.0
776,0.2883117198944092,2397,21.146567377732826,5.0,5.0
778,0.28888511657714844,2397,22.12871957596359,5.0,5.0
780,0.29046130180358887,2397,22.12871957596359,5.0,5.0
781,0.2907712459564209,2397,24.91584761836723,5.0,5.0
782,0.29107165336608887,2397,27.424262856530508,5.0,5.0
790,0.2940981388092041,2397,19.992287622410743,5.0,5.0
793,0.2948324680328369,2397,21.1937529741527,5.0,5.0
800,0.2969849109649658,2397,11.263229274336688,5.0,5.0
808,0.3014335632324219,2397,15.13690634690302,5.0,5.0
810,0.30243563652038574,2397,13.623215712212717,5.0,5.0
818,0.3058962821960449,2397,16.034804726892304,5.0,5.0
820,0.30644869804382324,2397,19.431324254203076,5.0,5.0
822,0.30753207206726074,2397,22.48819182878277,5.0,5.0
825,0.3087949752807617,2397,25.239372645904496,5.0,5.0
830,0.310497522354126,2397,16.559552392977945,5.0,5.0
831,0.3108057975769043,2397,19.903597153680153,5.0,5.0
836,0.31203126907348633,2397,18.05875009252955,5.0,5.0
838,0.3125770092010498,2397,19.627587574948937,5.0,5.0
840,0.31319642066955566,2397,22.664828817454044,5.0,5.0
842,0.31424927711486816,2397,25.39834593570864,5.0,5.0
845,0.31512951850891113,2397,25.572660207924,5.0,5.0
850,0.31688928604125977,2397,18.642469291576596,5.0,5.0
851,0.31717824935913086,2397,21.778222362418937,5.0,5.0
853,0.3182189464569092,2397,24.600400126177043,5.0,5.0
854,0.3184971809387207,2397,27.14036011355934,5.0,5.0
858,0.319535493850708,2397,22.806790270506283,5.0,5.0
859,0.3198230266571045,2397,25.526111243455656,5.0,5.0
860,0.32009029388427734,2397,22.973500119110092,5.0,5.0
862,0.3206608295440674,2397,23.608535096479176,5.0,5.0
870,0.3234388828277588,2397,20.489559876799987,5.0,5.0
878,0.3258204460144043,2397,19.93688915018719,5.0,5.0
880,0.32634758949279785,2397,22.943200235168472,5.0,5.0
883,0.3274850845336914,2397,25.648880211651626,5.0,5.0
890,0.331010103225708,2397,20.775592971437817,5.0,5.0
893,0.33225035667419434,2397,23.698033674294035,5.0,5.0
894,0.33254408836364746,2397,26.328230306864633,5.0,5.0
895,0.332843542098999,2397,28.69540727617817,5.0,5.0
897,0.3338816165924072,2397,30.825866548560352,5.0,5.0
899,0.33481287956237793,2397,32.74327989370432,5.0,5.0
900,0.33505678176879883,2397,32.74327989370432,5.0,5.0
908,0.3376150131225586,2397,20.66100926899111,5.0,5.0
910,0.33858680725097656,2397,18.594908342091998,5.0,5.0
913,0.3394434452056885,2397,18.555688181385065,5.0,5.0
914,0.33974123001098633,2397,21.70011936324656,5.0,5.0
919,0.3410651683807373,2397,20.819387015806747,5.0,5.0
920,0.34134721755981445,2397,23.73744831422607,5.0,5.0
923,0.34220433235168457,2397,22.30459982107081,5.0,5.0
930,0.343996524810791,2397,14.634047942604557,5.0,5.0
935,0.3458414077758789,2397,15.668220950158723,5.0,5.0
940,0.3480210304260254,2397,11.422133072665709,5.0,5.0
941,0.34834909439086914,2397,15.279919765399137,5.0,5.0
950,0.3539133071899414,2397,9.022639822270538,5.0,5.0
960,0.3584175109863281,2397,6.577504430435223,5.0,5.0
965,0.3602619171142578,2397,9.795000729787278,5.0,5.0
970,0.36195945739746094,2397,7.9339505911276955,5.0,5.0
973,0.36274051666259766,2397,11.426499978813434,5.0,5.0
975,0.36332058906555176,2397,14.255464982838882,5.0,5.0
980,0.3655722141265869,2397,10.392233972489546,5.0,5.0
990,0.36950111389160156,2397,6.136510238415354,5.0,5.0
991,0.36983680725097656,2397,10.522859214573819,5.0,5.0
995,0.37145090103149414,2397,12.671164367424314,5.0,5.0
1000,0.37268590927124023,2397,8.313550941467094,5.0,5.0
1006,0.37520670890808105,2397,11.733976262588346,5.0,5.0
1010,0.3766968250274658,2397,9.50452077269656,5.0,5.0
1020,0.38213062286376953,2397,6.235916078966214,5.0,5.0
1030,0.38713502883911133,2397,10.051092023962633,5.0,5.0
1033,0.38854265213012695,2397,14.045982821566371,5.0,5.0
1040,0.3938736915588379,2397,10.239521476921885,5.0,5.0
1041,0.3941915035247803,2397,14.215569329229696,5.0,5.0
1046,0.396059513092041,2397,14.326835036907605,5.0,5.0
1050,0.3971531391143799,2397,9.39983646771508,5.0,5.0
1054,0.3991847038269043,2397,13.459852820943572,5.0,5.0
1057,0.40000057220458984,2397,17.113867538849213,5.0,5.0
1060,0.4006693363189697,2397,15.402480784964292,5.0,5.0
1065,0.4025259017944336,2397,15.105567643015073,5.0,5.0
1067,0.4035530090332031,2397,18.595010878713566,5.0,5.0
1068,0.4038515090942383,2397,21.73550979084221,5.0,5.0
1070,0.4043879508972168,2397,17.60576293058219,5.0,5.0
1072,0.40541934967041016,2397,20.845186637523973,5.0,5.0
1074,0.4059169292449951,2397,21.88460117639442,5.0,5.0
1080,0.4078555107116699,2397,12.922638148649144,5.0,5.0
1082,0.40886712074279785,2397,16.630374333784232,5.0,5.0
1089,0.41167783737182617,2397,15.911188600395837,5.0,5.0
1090,0.4123959541320801,2397,15.911188600395837,5.0,5.0
1091,0.412691593170166,2397,19.320069740356253,5.0,5.0
1093,0.41324353218078613,2397,20.649256489688568,5.0,5.0
1097,0.4143238067626953,2397,20.053307980982964,5.0,5.0
1099,0.4148852825164795,2397,23.04797718288467,5.0,5.0
1100,0.4151608943939209,2397,20.743179464596203,5.0,5.0
1101,0.41546154022216797,2397,23.668861518136584,5.0,5.0
1110,0.41847825050354004,2397,11.320743090654023,5.0,5.0
1111,0.4187965393066406,2397,15.188668781588621,5.0,5.0
1113,0.4201209545135498,2397,18.669801903429757,5.0,5.0
1120,0.4233875274658203,2397,13.610285587600295,5.0,5.0
1123,0.42426466941833496,2397,16.02433132595624,5.0,5.0
1124,0.424562931060791,2397,19.42189819336062,5.0,5.0
1127,0.425875186920166,2397,20.731737536622102,5.0,5.0
1130,0.4270188808441162,2397,20.731737536622102,5.0,5.0
1131,0.42732810974121094,2397,23.65856378295989,5.0,5.0
1134,0.42815661430358887,2397,24.163436664197516,5.0,5.0
1136,0.42868852615356445,2397,26.747092997777763,5.0,5.0
1137,0.4289722442626953,2397,29.07238369799999,5.0,5.0
1139,0.42951488494873047,2397,28.548630795379992,5.0,5.0
1140,0.4298207759857178,2397,30.693767715841993,5.0,5.0
1142,0.43082308769226074,2397,32.6243909442578,5.0,5.0
1146,0.43283653259277344,2397,31.425756664848816,5.0,5.0
1147,0.43312621116638184,2397,33.28318099836393,5.0,5.0
1148,0.43340539932250977,2397,34.95486289852754,5.0,5.0
1150,0.43394923210144043,2397,28.313438947807306,5.0,5.0
1157,0.4362773895263672,2397,21.718802564290737,5.0,5.0
1160,0.43718457221984863,2397,20.83300706936795,5.0,5.0
1161,0.43746089935302734,2397,23.74970636243116,5.0,5.0
1162,0.4377603530883789,2397,26.374735726188042,5.0,5.0
1166,0.4387335777282715,2397,24.227182344391085,5.0,5.0
1168,0.4392662048339844,2397,26.804464109951976,5.0,5.0
1169,0.4395420551300049,2397,29.124017698956777,5.0,5.0
1170,0.44025588035583496,2397,29.124017698956777,5.0,5.0
1171,0.4405388832092285,2397,31.2116159290611,5.0,5.0
1178,0.4423048496246338,2397,23.43014708995129,5.0,5.0
1180,0.4428262710571289,2397,18.97841914286055,5.0,5.0
1184,0.44478774070739746,2397,20.372519505717044,5.0,5.0
1190,0.44630002975463867,2397,18.366410047700953,5.0,5.0
1192,0.4468560218811035,2397,19.876792138637775,5.0,5.0
1193,0.4471704959869385,2397,22.889112924773997,5.0,5.0
1195,0.44760799407958984,2397,25.6002016322966,5.0,5.0
1196,0.44788360595703125,2397,28.04018146906694,5.0,5.0
1198,0.44837045669555664,2397,27.712546989944222,5.0,5.0
1199,0.4486985206604004,2397,29.9412922909498,5.0,5.0
1200,0.449540376663208,2397,29.9412922909498,5.0,5.0
1210,0.452622652053833,2397,15.912030316394656,5.0,5.0
1220,0.45658445358276367,2397,9.39589478152788,5.0,5.0
1230,0.4608497619628906,2397,8.456305303375093,5.0,5.0
1234,0.46250009536743164,2397,11.164646566160442,5.0,5.0
1239,0.46504950523376465,2397,14.043363718589958,5.0,5.0
1240,0.4653337001800537,2397,17.639027346730963,5.0,5.0
1249,0.4700915813446045,2397,16.572965842190186,5.0,5.0
1250,0.4703516960144043,2397,14.915669257971167,5.0,5.0
1257,0.4725492000579834,2397,13.807553540139395,5.0,5.0
1260,0.47427821159362793,2397,12.426798186125456,5.0,5.0
1267,0.47710490226745605,2397,12.337900060925222,5.0,5.0
1270,0.47904086112976074,2397,11.1041100548327,5.0,5.0
1280,0.48303723335266113,2397,7.285406606975736,5.0,5.0
1282,0.4835677146911621,2397,11.556865946278162,5.0,5.0
1287,0.485332727432251,2397,12.582459747353102,5.0,5.0
1290,0.48658108711242676,2397,10.191792395356014,5.0,5.0
1293,0.4873785972595215,2397,13.255351840238372,5.0,5.0
1297,0.4893918037414551,2397,15.736834990593083,5.0,5.0
1300,0.49005746841430664,2397,14.163151491533775,5.0,5.0
1302,0.4910726547241211,2397,17.746836342380398,5.0,5.0
1305,0.49178147315979004,2397,19.37493743732812,5.0,5.0
1310,0.49402880668640137,2397,14.1243293918122,5.0,5.0
1311,0.4943263530731201,2397,17.71189645263098,5.0,5.0
1316,0.4971582889556885,2397,19.346636126631097,5.0,5.0
1320,0.49863648414611816,2397,19.10369773631407,5.0,5.0
1321,0.49892711639404297,2397,22.193327962682666,5.0,5.0
1326,0.5012032985687256,2397,21.178936084795666,5.0,5.0
1330,0.5038309097290039,2397,21.178936084795666,5.0,5.0
1331,0.504138708114624,2397,24.0610424763161,5.0,5.0
1335,0.5052521228790283,2397,20.786449968710997,5.0,5.0
1338,0.5060482025146484,2397,21.83702447465591,5.0,5.0
1339,0.5063300132751465,2397,24.653322027190317,5.0,5.0
1340,0.5066163539886475,2397,27.187989824471284,5.0,5.0
1350,0.5099582672119141,2397,16.054236111452052,5.0,5.0
1351,0.5102756023406982,2397,19.448812500306847,5.0,5.0
1352,0.5105628967285156,2397,22.503931250276164,5.0,5.0
1360,0.5134861469268799,2397,16.405365881451324,5.0,5.0
1361,0.5137946605682373,2397,19.764829293306192,5.0,5.0
1370,0.5172133445739746,2397,11.670934049404375,5.0,5.0
1378,0.5208745002746582,2397,12.65729982981421,5.0,5.0
1380,0.521353006362915,2397,12.65729982981421,5.0,5.0
1388,0.5244336128234863,2397,12.474008976506994,5.0,5.0
1390,0.5248777866363525,2397,12.474008976506994,5.0,5.0
1392,0.5254795551300049,2397,16.226608078856295,5.0,5.0
1396,0.5265426635742188,2397,16.82919728948624,5.0,5.0
1399,0.5277092456817627,2397,20.146277560537612,5.0,5.0
1400,0.52842116355896,2397,20.146277560537612,5.0,5.0
1402,0.5294454097747803,2397,23.131649804483853,5.0,5.0
1405,0.5307588577270508,2397,23.73663634163192,5.0,5.0
1410,0.5324718952178955,2397,17.304007893049672,5.0,5.0
1419,0.5363204479217529,2397,15.217843620766903,5.0,5.0
1420,0.5365827083587646,2397,13.696059258690212,5.0,5.0
1421,0.5369107723236084,2397,17.326453332821192,5.0,5.0
1423,0.5379116535186768,2397,20.593807999539074,5.0,5.0
1425,0.5384538173675537,2397,21.68098447962665,5.0,5.0
1426,0.538754940032959,2397,24.51288603166399,5.0,5.0
1430,0.5402495861053467,2397,19.855437685647832,5.0,5.0
1432,0.5408210754394531,2397,21.082904525374747,5.0,5.0
1434,0.5413789749145508,2397,23.974614072837273,5.0,5.0
1435,0.5416982173919678,2397,26.577152665553545,5.0,5.0
1440,0.543626070022583,2397,17.43726986386968,5.0,5.0
1450,0.5466873645782471,2397,8.340192120352292,5.0,5.0
1460,0.5511174201965332,2397,5.472000050163139,5.0,5.0
1461,0.5514333248138428,2397,9.924800045146824,5.0,5.0
1470,0.5557379722595215,2397,13.039088036568929,5.0,5.0
1475,0.5585043430328369,2397,16.73517923291204,5.0,5.0
1479,0.5605130195617676,2397,20.061661309620835,5.0,5.0
1480,0.561265230178833,2397,20.061661309620835,5.0,5.0
1482,0.5618667602539062,2397,21.24994566079288,5.0,5.0
1490,0.5649850368499756,2397,12.547880413241588,5.0,5.0
1496,0.5668411254882812,2397,13.232664339127806,5.0,5.0
1500,0.5682587623596191,2397,11.909397905215027,5.0,5.0
1502,0.5688686370849609,2397,15.718458114693524,5.0,5.0
1504,0.5694293975830078,2397,17.731951072901754,5.0,5.0
1506,0.570002555847168,2397,19.362880369050423,5.0,5.0
1510,0.5724437236785889,2397,19.362880369050423,5.0,5.0
1516,0.5748903751373291,2397,16.43358722912059,5.0,5.0
1520,0.5762407779693604,2397,13.31120565558768,5.0,5.0
1521,0.5765531063079834,2397,16.98008509002891,5.0,5.0
1530,0.5793869495391846,2397,8.12152206029705,5.0,5.0
1540,0.5826072692871094,2397,5.920589581956549,5.0,5.0
1550,0.5870614051818848,2397,5.0,5.0,5.0
1556,0.5892329216003418,2397,9.5,5.0,5.0
1560,0.5917046070098877,2397,8.55,5.0,5.0
1570,0.5962491035461426,2397,6.2329500000000015,5.0,5.0
1580,0.6016683578491211,2397,10.609655000000002,5.0,5.0
1582,0.6027381420135498,2397,14.548689500000002,5.0,5.0
1586,0.6044578552246094,2397,15.605994645500001,5.0,5.0
1590,0.6053338050842285,2397,12.640855662855001,5.0,5.0
1596,0.608461856842041,2397,16.3767700965695,5.0,5.0
1598,0.6095149517059326,2397,19.739093086912554,5.0,5.0
1600,0.6105117797851562,2397,17.7651837782213,5.0,5.0
1602,0.6111171245574951,2397,19.389798860359253,5.0,5.0
1604,0.6116743087768555,2397,22.45081897432333,5.0,5.0
1607,0.6124310493469238,2397,21.36664703228171,5.0,5.0
1608,0.6127433776855469,2397,24.229982329053538,5.0,5.0
1610,0.6136462688446045,2397,21.806984096148184,5.0,5.0
1614,0.6151082515716553,2397,22.66365711788003,5.0,5.0
1620,0.6185669898986816,2397,18.357562265482827,5.0,5.0
1622,0.6191568374633789,2397,19.869625435041094,5.0,5.0
1623,0.619452953338623,2397,22.882662891536985,5.0,5.0
1624,0.6197671890258789,2397,25.594396602383288,5.0,5.0
1630,0.621859073638916,2397,18.65831512313742,5.0,5.0
1631,0.6221761703491211,2397,21.79248361082368,5.0,5.0
1640,0.6252381801605225,2397,12.868243647355277,5.0,5.0
1643,0.6259760856628418,2397,15.423277354357774,5.0,5.0
1646,0.6268270015716553,2397,16.24356919132682,5.0,5.0
1650,0.6286993026733398,2397,14.619212272194138,5.0,5.0
1660,0.6321847438812256,2397,6.992323910232414,5.0,5.0
1663,0.6330549716949463,2397,10.097404130559429,5.0,5.0
1670,0.6368417739868164,2397,9.087663717503487,5.0,5.0
1672,0.6380424499511719,2397,13.178897345753139,5.0,5.0
1676,0.6401050090789795,2397,16.861007611177826,5.0,5.0
1680,0.6418535709381104,2397,13.65741616505404,5.0,5.0
1681,0.6421668529510498,2397,17.291674548548635,5.0,5.0
1690,0.6454856395721436,2397,15.210560904172485,5.0,5.0
1697,0.6472878456115723,2397,13.981684108304812,5.0,5.0
1699,0.6483113765716553,2397,17.583515697474333,5.0,5.0
1700,0.6486008167266846,2397,20.8251641277269,5.0,5.0
1703,0.6493127346038818,2397,21.86838294345879,5.0,5.0
1706,0.6500203609466553,2397,22.71339018420162,5.0,5.0
1708,0.6505820751190186,2397,23.397846049203316,5.0,5.0
1710,0.6511335372924805,2397,18.952255299854688,5.0,5.0
1718,0.653174877166748,2397,15.072005508810078,5.0,5.0
1719,0.6534583568572998,2397,18.56480495792907,5.0,5.0
1720,0.6537280082702637,2397,16.708324462136165,5.0,5.0
1721,0.6540279388427734,2397,20.03749201592255,5.0,5.0
1725,0.6554439067840576,2397,21.230368532897266,5.0,5.0
1727,0.6561176776885986,2397,24.10733167960754,5.0,5.0
1730,0.6568725109100342,2397,22.5742447944339,5.0,5.0
1735,0.6580345630645752,2397,19.810962009628085,5.0,5.0
1736,0.6583132743835449,2397,22.82986580866528,5.0,5.0
1740,0.6598241329193115,2397,16.64297217451699,5.0,5.0
1750,0.6638507843017578,2397,9.827508639330539,5.0,5.0
1760,0.6677308082580566,2397,6.447828418264766,5.0,5.0
1770,0.6712779998779297,2397,9.700466916915016,5.0,5.0
1780,0.6749770641326904,2397,5.1552258387922345,5.0,5.0
1781,0.6752710342407227,2397,9.639703254913012,5.0,5.0
1790,0.679868221282959,2397,7.027343672831586,5.0,5.0
1796,0.6815135478973389,2397,9.610640183744804,5.0,5.0
1800,0.6830551624298096,2397,7.784618548833291,5.0,5.0
1810,0.6879143714904785,2397,5.674986922099469,5.0,5.0
1816,0.6904582977294922,2397,9.5,5.0,5.0
1818,0.6909687519073486,2397,12.695,5.0,5.0
1820,0.6919658184051514,2397,11.425500000000001,5.0,5.0
1821,0.6922597885131836,2397,15.282950000000001,5.0,5.0
1823,0.6928586959838867,2397,17.379189500000003,5.0,5.0
1826,0.6941685676574707,2397,19.077143495,5.0,5.0
1830,0.6956195831298828,2397,13.907237607855,5.0,5.0
1835,0.6977779865264893,2397,17.5165138470695,5.0,5.0
1840,0.6997485160827637,2397,12.769538594513666,5.0,5.0
1849,0.7034361362457275,2397,12.540284844674376,5.0,5.0
1850,0.7037465572357178,2397,16.28625636020694,5.0,5.0
1860,0.7073674201965332,2397,8.65518436632474,5.0,5.0
1862,0.7084071636199951,2397,12.789665929692266,5.0,5.0
1870,0.7115483283996582,2397,9.323666462745663,5.0,5.0
1872,0.71213698387146,2397,12.552169834823989,5.0,5.0
1874,0.7127101421356201,2397,15.167257566207432,5.0,5.0
1880,0.715726375579834,2397,11.05693076576522,5.0,5.0
1882,0.7163126468658447,2397,13.956113920269829,5.0,5.0
1887,0.7185988426208496,2397,16.304452275418562,5.0,5.0
1890,0.7197818756103516,2397,18.206606343089035,5.0,5.0
1892,0.7202937602996826,2397,19.74735113790212,5.0,5.0
1900,0.7242467403411865,2397,12.956237081577582,5.0,5.0
1907,0.727485179901123,2397,15.494552036077842,5.0,5.0
1910,0.7283227443695068,2397,17.550587149223055,5.0,5.0
1911,0.7286210060119629,2397,20.79552843430075,5.0,5.0
1913,0.729201078414917,2397,21.844378031783606,5.0,5.0
1916,0.7301540374755859,2397,22.693946205744723,5.0,5.0
1920,0.7322366237640381,2397,23.382096426653227,5.0,5.0
1922,0.7327759265899658,2397,26.043886783987904,5.0,5.0
1924,0.7333481311798096,2397,26.095548295030202,5.0,5.0
1925,0.7336492538452148,2397,28.485993465527184,5.0,5.0
1927,0.7346072196960449,2397,30.637394118974466,5.0,5.0
1930,0.735443115234375,2397,22.334660312732385,5.0,5.0
1940,0.7391343116760254,2397,13.188393568065347,5.0,5.0
1950,0.7437193393707275,2397,8.652905020007674,5.0,5.0
1959,0.7474284172058105,2397,10.677170983627036,5.0,5.0
1960,0.7476856708526611,2397,10.677170983627036,5.0,5.0
1970,0.7524893283843994,2397,6.30476269412193,5.0,5.0
1980,0.7561399936676025,2397,9.5,5.0,5.0
1982,0.756767988204956,2397,12.695,5.0,5.0
1983,0.7570858001708984,2397,16.4255,5.0,5.0
1990,0.7594449520111084,2397,15.776770550000002,5.0,5.0
1993,0.7608366012573242,2397,17.779184145500004,5.0,5.0
2000,0.764103889465332,2397,14.401139157855003,5.0,5.0
2001,0.7644355297088623,2397,17.961025242069503,5.0,5.0
2002,0.7647545337677002,2397,21.164922717862552,5.0,5.0
2003,0.7650487422943115,2397,24.0484304460763,5.0,5.0
2008,0.7663257122039795,2397,20.778175215670657,5.0,5.0
2010,0.7669215202331543,2397,16.830321924693234,5.0,5.0
2012,0.7675201892852783,2397,18.63256075900152,5.0,5.0
2016,0.7685778141021729,2397,20.092374214791235,5.0,5.0
2017,0.768885612487793,2397,23.08313679331211,5.0,5.0
2019,0.7694442272186279,2397,23.69734080258281,5.0,5.0
2020,0.7697322368621826,2397,26.327606722324532,5.0,5.0
2021,0.7700290679931641,2397,28.694846050092078,5.0,5.0
2022,0.7703249454498291,2397,30.82536144508287,5.0,5.0
2029,0.772761344909668,2397,23.20206767970699,5.0,5.0
2030,0.7730698585510254,2397,20.88186091173629,5.0,5.0
2040,0.7760825157165527,2397,9.98772934031464,5.0,5.0
2041,0.776378870010376,2397,13.988956406283176,5.0,5.0
2050,0.780186653137207,2397,9.178154298162392,5.0,5.0
2052,0.7807366847991943,2397,13.260338868346153,5.0,5.0
2055,0.7815585136413574,2397,15.740874483360384,5.0,5.0
2060,0.783858060836792,2397,15.740874483360384,5.0,5.0
2063,0.7851645946502686,2397,17.75010833152191,5.0,5.0
2070,0.7888014316558838,2397,14.377587748532749,5.0,5.0
2071,0.789104700088501,2397,17.939828973679475,5.0,5.0
2076,0.7904894351959229,2397,15.593289610667995,5.0,5.0
2079,0.7912399768829346,2397,17.63056458464108,5.0,5.0
2080,0.7915232181549072,2397,20.867508126176972,5.0,5.0
2083,0.792374849319458,2397,20.212413423983012,5.0,5.0
2086,0.7933380603790283,2397,21.37205487342624,5.0,5.0
2090,0.7947251796722412,2397,17.311364447475256,5.0,5.0
2094,0.7956087589263916,2397,19.022205202454955,5.0,5.0
2097,0.796933650970459,2397,20.407986213988515,5.0,5.0
2100,0.797694206237793,2397,18.367187592589666,5.0,5.0
2110,0.8019497394561768,2397,9.761076541393447,5.0,5.0
2118,0.8044459819793701,2397,11.40424231880824,5.0,5.0
2120,0.8054690361022949,2397,11.40424231880824,5.0,5.0
2121,0.8057994842529297,2397,15.263818086927417,5.0,5.0
2124,0.8076598644256592,2397,18.737436278234675,5.0,5.0
2128,0.8092563152313232,2397,18.65959104683308,5.0,5.0
2130,0.8101484775543213,2397,18.65959104683308,5.0,5.0
2136,0.8119223117828369,2397,14.91647172552002,5.0,5.0
2138,0.8129594326019287,2397,18.42482455296802,5.0,5.0
2139,0.8132550716400146,2397,21.58234209767122,5.0,5.0
2140,0.8135383129119873,2397,24.424107887904096,5.0,5.0
2143,0.814368724822998,2397,22.805174650282087,5.0,5.0
2148,0.8155457973480225,2397,19.96247508805008,5.0,5.0
2150,0.8159832954406738,2397,17.96622757924507,5.0,5.0
2156,0.8190722465515137,2397,18.09737990526966,5.0,5.0
2160,0.8200359344482422,2397,13.19298995094158,5.0,5.0
2162,0.8206009864807129,2397,15.68632186026268,5.0,5.0
2170,0.8245642185211182,2397,12.705920706812773,5.0,5.0
2171,0.8248820304870605,2397,16.435328636131494,5.0,5.0
2173,0.8255116939544678,2397,18.31261619526651,5.0,5.0
2175,0.8265354633331299,2397,21.48135457573986,5.0,5.0
2176,0.826829195022583,2397,24.333219118165875,5.0,5.0
2180,0.8288335800170898,2397,19.70990748571436,5.0,5.0
2182,0.8293721675872803,2397,22.738916737142926,5.0,5.0
2183,0.8296654224395752,2397,25.465025063428634,5.0,5.0
2184,0.8299553394317627,2397,27.918522557085772,5.0,5.0
2187,0.8307929039001465,2397,25.352602944115528,5.0,5.0
2188,0.8310904502868652,2397,27.817342649703974,5.0,5.0
2189,0.831387996673584,2397,30.035608384733578,5.0,5.0
2190,0.8317282199859619,2397,32.032047546260216,5.0,5.0
2192,0.8327591419219971,2397,33.828842791634194,5.0,5.0
2195,0.8340716361999512,2397,32.4013626612237,5.0,5.0
2199,0.8351953029632568,2397,28.62059338003208,5.0,5.0
2200,0.8354604244232178,2397,25.758534042028874,5.0,5.0
2206,0.8380961418151855,2397,21.900174184975146,5.0,5.0
2210,0.8395540714263916,2397,15.965226980846882,5.0,5.0
2213,0.8404214382171631,2397,16.63865046903738,5.0,5.0
2216,0.8411927223205566,2397,17.12957619192825,5.0,5.0
2220,0.8432061672210693,2397,13.874956715461884,5.0,5.0
2223,0.8444797992706299,2397,17.487461043915694,5.0,5.0
2230,0.8467648029327393,2397,10.32617087182178,5.0,5.0
2231,0.8470759391784668,2397,14.293553784639602,5.0,5.0
2238,0.849895715713501,2397,15.420000709002272,5.0,5.0
2240,0.8504374027252197,2397,12.49020057429184,5.0,5.0
2241,0.850750207901001,2397,16.241180516862656,5.0,5.0
2242,0.8510451316833496,2397,19.61706246517639,5.0,5.0
2243,0.8513319492340088,2397,22.65535621865875,5.0,5.0
2250,0.8534317016601562,2397,18.350838537113585,5.0,5.0
2260,0.8565356731414795,2397,12.899434266231768,5.0,5.0
2270,0.8599731922149658,2397,9.403687580082961,5.0,5.0
2271,0.8602709770202637,2397,13.463318822074665,5.0,5.0
2273,0.8608417510986328,2397,15.905288245880481,5.0,5.0
2278,0.863694429397583,2397,19.314759421292433,5.0,5.0
2280,0.8647110462188721,2397,17.38328347916319,5.0,5.0
2283,0.8660051822662354,2397,20.64495513124687,5.0,5.0
2290,0.8681974411010742,2397,12.190639555449966,5.0,5.0
2296,0.8707599639892578,2397,13.886976235923028,5.0,5.0
2300,0.8727877140045166,2397,11.248450751097653,5.0,5.0
2307,0.8761143684387207,2397,13.20012059755019,5.0,5.0
2310,0.8773784637451172,2397,16.880108537795174,5.0,5.0
2314,0.8784823417663574,2397,17.305599124052684,5.0,5.0
2320,0.8820662498474121,2397,14.017535290482675,5.0,5.0
2323,0.8834118843078613,2397,16.354203585290968,5.0,5.0
2330,0.8853611946105957,2397,13.691294307570619,5.0,5.0
2332,0.8859469890594482,2397,16.089948389132203,5.0,5.0
2334,0.8870518207550049,2397,19.480953550218985,5.0,5.0
2337,0.8878524303436279,2397,22.532858195197086,5.0,5.0
2340,0.888690710067749,2397,18.251615138109642,5.0,5.0
2343,0.8895168304443359,2397,19.78380826186881,5.0,5.0
2344,0.8898186683654785,2397,22.805427435681928,5.0,5.0
2349,0.8912239074707031,2397,18.466376846495827,5.0,5.0
2350,0.8915183544158936,2397,21.619739161846244,5.0,5.0
2352,0.8921124935150146,2397,22.51198872109546,5.0,5.0
2356,0.893212080001831,2397,19.770115799910734,5.0,5.0
2360,0.894282341003418,2397,14.412414418134928,5.0,5.0
2361,0.8945748805999756,2397,17.971172976321434,5.0,5.0
2370,0.897322416305542,2397,14.556650110820364,5.0,5.0
2373,0.898533821105957,2397,18.100985099738327,5.0,5.0
2380,0.9012289047241211,2397,19.661797930788044,5.0,5.0
2389,0.9044103622436523,2397,17.900105622390036,5.0,5.0
2390,0.9051909446716309,2397,17.900105622390036,5.0,5.0
2396,0.9072449207305908,2397,16.744259298850103,5.0,5.0
2398,0.9082727432250977,2397,20.069833368965092,5.0,5.0
2400,0.9088141918182373,2397,16.256565028861726,5.0,5.0
2407,0.9117741584777832,2397,15.66593231543618,5.0,5.0
2409,0.9123575687408447,2397,17.689405175503307,5.0,5.0
2410,0.9130949974060059,2397,17.689405175503307,5.0,5.0
2413,0.9144265651702881,2397,19.328418192157677,5.0,5.0
2416,0.9152953624725342,2397,19.090416862082947,5.0,5.0
2420,0.9162344932556152,2397,17.181375175874653,5.0,5.0
2421,0.9165287017822266,2397,20.463237658287188,5.0,5.0
2427,0.918137788772583,2397,15.875003484357803,5.0,5.0
2430,0.918968915939331,2397,12.858752822329821,5.0,5.0
2438,0.9215240478515625,2397,12.592964954057535,5.0,5.0
2440,0.9225811958312988,2397,11.333668458651783,5.0,5.0
2442,0.923168420791626,2397,15.200301612786605,5.0,5.0
2443,0.9234540462493896,2397,18.680271451507945,5.0,5.0
2444,0.9237537384033203,2397,21.81224430635715,5.0,5.0
2445,0.9240517616271973,2397,24.631019875721435,5.0,5.0
2450,0.9252109527587891,2397,16.160412140460835,5.0,5.0
2453,0.925978422164917,2397,16.78094045039595,5.0,5.0
2458,0.9278295040130615,2397,17.233305588338645,5.0,5.0
2460,0.9283769130706787,2397,13.958977526554303,5.0,5.0
2463,0.9291412830352783,2397,15.176094616858087,5.0,5.0
2466,0.9304475784301758,2397,18.65848515517228,5.0,5.0
2469,0.9321811199188232,2397,21.79263663965505,5.0,5.0
2470,0.9324681758880615,2397,19.613372975689547,5.0,5.0
2472,0.9335124492645264,2397,22.652035678120594,5.0,5.0
2474,0.9340815544128418,2397,23.348148899277682,5.0,5.0
2475,0.9343655109405518,2397,26.013334009349915,5.0,5.0
2480,0.9356553554534912,2397,22.06734844353448,5.0,5.0
2486,0.9371328353881836,2397,24.860613599181033,5.0,5.0
2487,0.9374325275421143,2397,27.37455223926293,5.0,5.0
2490,0.9382915496826172,2397,24.956048582422675,5.0,5.0
2496,0.940274715423584,2397,21.37366347492752,5.0,5.0
2500,0.941838264465332,2397,17.31266741469129,5.0,5.0
2501,0.9421572685241699,2397,20.581400673222163,5.0,5.0
2503,0.9432029724121094,2397,23.523260605899946,5.0,5.0
2509,0.9452662467956543,2397,20.433611283530954,5.0,5.0
2510,0.9455480575561523,2397,18.39025015517786,5.0,5.0
2520,0.9489877223968506,2397,7.916399675501483,5.0,5.0
2530,0.9525456428527832,2397,5.193949827096524,5.0,5.0
2540,0.9559979438781738,2397,5.0,5.0,5.0
2541,0.9562902450561523,2397,5.0,5.0,9.5
2550,0.9600903987884521,2397,5.0,5.0,6.925500000000001
2560,0.9632062911987305,2397,5.0,5.0,5.0
2570,0.9668123722076416,2397,5.0,5.0,5.0
2573,0.9686250686645508,2397,9.5,5.0,5.0
2580,0.9710581302642822,2397,6.2329500000000015,5.0,5.0
2581,0.971362829208374,2397,10.609655000000002,5.0,5.0
2583,0.9718103408813477,2397,14.548689500000002,5.0,5.0
2587,0.9728810787200928,2397,16.784438495000003,5.0,5.0
2590,0.9736881256103516,2397,13.595395180950003,5.0,5.0
2591,0.9739954471588135,2397,17.235855662855002,5.0,5.0
2592,0.9742846488952637,2397,20.5122700965695,5.0,5.0
2594,0.9747762680053711,2397,21.614938778221298,5.0,5.0
2596,0.9758293628692627,2397,24.45344490039917,5.0,5.0
2600,0.977360725402832,2397,22.008100410359255,5.0,5.0
2601,0.9776880741119385,2397,24.80729036932333,5.0,5.0
2603,0.9782760143280029,2397,25.093905199151898,5.0,5.0
2610,0.9805393218994141,2397,16.46411120116356,5.0,5.0
2620,0.985100507736206,2397,14.817700081047205,5.0,5.0
2630,0.9887354373931885,2397,7.874733348771811,5.0,5.0
2634,0.9908432960510254,2397,11.378534012505167,5.0,5.0
2640,0.9939661026000977,2397,13.294951295116267,5.0,5.0
2642,0.9946675300598145,2397,15.768910549044177,5.0,5.0
2648,0.9984390735626221,2397,14.311383990105096,5.0,5.0
2650,0.9995036125183105,2397,14.311383990105096,5.0,5.0
2658,1.0021865367889404,2397,13.450729132317159,5.0,5.0
2660,1.0027480125427246,2397,12.105656219085443,5.0,5.0
2670,1.0061399936676025,2397,5.79009784205429,5.0,5.0
2673,1.007965326309204,2397,10.211088057848862,5.0,5.0
2674,1.0082716941833496,2397,14.189979252063976,5.0,5.0
2678,1.0093984603881836,2397,16.493883194171822,5.0,5.0
2680,1.0098731517791748,2397,13.360045387279175,5.0,5.0
2683,1.0107390880584717,2397,15.821636763696134,5.0,5.0
2690,1.014206886291504,2397,11.533973200734483,5.0,5.0
2692,1.0148894786834717,2397,15.380575880661034,5.0,5.0
2694,1.015960454940796,2397,18.84251829259493,5.0,5.0
2696,1.016528606414795,2397,21.958266463335438,5.0,5.0
2700,1.0177388191223145,2397,22.786195835301704,5.0,5.0
2705,1.0201141834259033,2397,21.611136763934947,5.0,5.0
2710,1.0215082168579102,2397,14.179066830817721,5.0,5.0
2714,1.0225684642791748,2397,16.485044132962358,5.0,5.0
2717,1.023517370223999,2397,17.01759717292956,5.0,5.0
2719,1.0241060256958008,2397,20.315837455636604,5.0,5.0
2720,1.0243825912475586,2397,18.284253710072946,5.0,5.0
2723,1.0252799987792969,2397,18.329220954643176,5.0,5.0
2725,1.0259177684783936,2397,19.846668973260975,5.0,5.0
2730,1.02772855758667,2397,14.468221681507252,5.0,5.0
2734,1.0291438102722168,2397,18.021399513356528,5.0,5.0
2736,1.0298480987548828,2397,19.59733360581879,5.0,5.0
2740,1.0308353900909424,2397,17.63760024523691,5.0,5.0
2750,1.034677267074585,2397,14.37334391192895,5.0,5.0
2759,1.0380833148956299,2397,13.487315846554926,5.0,5.0
2760,1.0388319492340088,2397,13.487315846554926,5.0,5.0
2762,1.0394151210784912,2397,17.13858426189943,5.0,5.0
2770,1.0426890850067139,2397,11.24462513423222,5.0,5.0
2780,1.04679536819458,2397,7.37759855056976,5.0,5.0
2783,1.0476949214935303,2397,11.639838695512784,5.0,5.0
2790,1.0511391162872314,2397,7.6368981681259385,5.0,5.0
2800,1.0549476146697998,2397,5.0,5.0,5.0
2810,1.059948205947876,2397,5.0,5.0,5.0
2819,1.063830852508545,2397,9.5,5.0,5.0
2820,1.0641539096832275,2397,13.55,5.0,5.0
2825,1.0656538009643555,2397,13.890155,5.0,5.0
2826,1.0659692287445068,2397,17.5011395,5.0,5.0
2828,1.066554069519043,2397,20.75102555,5.0,5.0
2830,1.0675837993621826,2397,18.675922995,5.0,5.0
2831,1.0679082870483398,2397,21.8083306955,5.0,5.0
2838,1.0702564716339111,2397,19.30844576931755,5.0,5.0
2840,1.0708062648773193,2397,17.377601192385796,5.0,5.0
2841,1.071122646331787,2397,20.639841073147217,5.0,5.0
2842,1.0714366436004639,2397,23.575856965832497,5.0,5.0
2844,1.072500228881836,2397,26.218271269249247,5.0,5.0
2845,1.0728137493133545,2397,28.596444142324323,5.0,5.0
2850,1.0740885734558105,2397,20.846807779754435,5.0,5.0
2856,1.0767362117767334,2397,18.677590584296887,5.0,5.0
2858,1.077331304550171,2397,20.12884837328048,5.0,5.0
2860,1.078352451324463,2397,18.11596353595243,5.0,5.0
2862,1.0789566040039062,2397,19.67393046412147,5.0,5.0
2864,1.080059289932251,2397,22.706537417709324,5.0,5.0
2866,1.0806641578674316,2397,23.392295308344554,5.0,5.0
2870,1.0816500186920166,2397,23.392295308344554,5.0,5.0
2874,1.082901954650879,2397,20.347684951804865,5.0,5.0
2877,1.0842235088348389,2397,21.481624810961943,5.0,5.0
2879,1.085176944732666,2397,24.33346232986575,5.0,5.0
2880,1.0854511260986328,2397,21.900116096879174,5.0,5.0
2890,1.0883255004882812,2397,11.638619598641567,5.0,5.0
2891,1.0886585712432861,2397,15.47475763877741,5.0,5.0
2900,1.091658353805542,2397,8.223920674309507,5.0,5.0
2902,1.092726230621338,2397,12.401528606878557,5.0,5.0
2910,1.0966951847076416,2397,10.045238171571631,5.0,5.0
2911,1.0970234870910645,2397,14.040714354414469,5.0,5.0
2920,1.1006436347961426,2397,15.23568076436815,5.0,5.0
2922,1.1012115478515625,2397,18.712112687931334,5.0,5.0
2930,1.1039373874664307,2397,9.944383878986917,5.0,5.0
2932,1.1045339107513428,2397,13.054950941979403,5.0,5.0
2936,1.106586217880249,2397,16.749455847781462,5.0,5.0
2938,1.1072413921356201,2397,18.567059236702985,5.0,5.0
2940,1.1076610088348389,2397,18.567059236702985,5.0,5.0
2943,1.1084685325622559,2397,18.535386183556476,5.0,5.0
2947,1.1096365451812744,2397,17.161066875031405,5.0,5.0
2950,1.111053228378296,2397,18.90046416877544,5.0,5.0
2951,1.1113646030426025,2397,22.010417751897897,5.0,5.0
2960,1.1143298149108887,2397,12.99693157831819,5.0,5.0
2968,1.117072343826294,2397,12.674558127681111,5.0,5.0
2970,1.1181020736694336,2397,12.674558127681111,5.0,5.0
2976,1.1202056407928467,2397,15.266392083421701,5.0,5.0
2980,1.1213428974151611,2397,11.129199828814421,5.0,5.0
2983,1.1225879192352295,2397,15.01627984593298,5.0,5.0
2985,1.123703956604004,2397,18.51465186133968,5.0,5.0
2990,1.1249754428863525,2397,15.932716777602469,5.0,5.0
3000,1.1284821033477783,2397,8.467298937005836,5.0,5.0
3009,1.1315042972564697,2397,5.5553948325695295,5.0,9.5
3010,1.1317720413208008,2397,5.5553948325695295,5.0,8.55
3020,1.1353087425231934,2397,5.0,5.0,5.0
3030,1.1389493942260742,2397,5.0,5.0,5.0
3040,1.143564224243164,2397,5.0,5.0,5.0
3047,1.1462817192077637,2397,9.5,5.0,5.0
3050,1.1479244232177734,2397,9.5,5.0,5.0
3058,1.1511647701263428,2397,10.609655000000002,5.0,5.0
3060,1.1516847610473633,2397,10.609655000000002,5.0,5.0
3066,1.153787612915039,2397,11.960994645500001,5.0,5.0
3070,1.1548793315887451,2397,9.688405662855,5.0,5.0
3080,1.1586554050445557,2397,6.356562955399166,5.0,5.0
3087,1.1614868640899658,2397,10.72090665985925,5.0,5.0
3090,1.162855863571167,2397,8.683934394485991,5.0,5.0
3100,1.1671550273895264,2397,5.127776420600034,5.0,5.0
3104,1.1687037944793701,2397,9.5,5.0,5.0
3110,1.1708106994628906,2397,7.695000000000001,5.0,5.0
3120,1.1759190559387207,2397,6.2329500000000015,5.0,5.0
3124,1.1776123046875,2397,9.543820550000003,5.0,5.0
3130,1.1802418231964111,2397,7.730494645500003,5.0,5.0
3140,1.1850440502166748,2397,10.071977536912552,5.0,5.0
3147,1.1880090236663818,2397,12.342471624409251,5.0,5.0
3150,1.1898252964019775,2397,12.342471624409251,5.0,5.0
3155,1.1921544075012207,2397,14.997402015771494,5.0,5.0
3160,1.1939611434936523,2397,10.93310606949742,5.0,5.0
3164,1.195617914199829,2397,12.970234324663622,5.0,5.0
3166,1.196700096130371,2397,16.67321089219726,5.0,5.0
3167,1.197007179260254,2397,20.005889802977535,5.0,5.0
3170,1.1982944011688232,2397,18.005300822679782,5.0,5.0
3177,1.2005631923675537,2397,14.568755074505766,5.0,5.0
3178,1.200878381729126,2397,18.11187956705519,5.0,5.0
3180,1.2018842697143555,2397,18.11187956705519,5.0,5.0
3183,1.2028193473815918,2397,18.203560204383237,5.0,5.0
3185,1.203909158706665,2397,21.383204183944915,5.0,5.0
3186,1.2042107582092285,2397,24.244883765550423,5.0,5.0
3190,1.2054574489593506,2397,15.907068238577633,5.0,5.0
3200,1.2106306552886963,2397,11.596252745923094,5.0,5.0
3203,1.211972713470459,2397,14.392964724197705,5.0,5.0
3205,1.2131035327911377,2397,17.953668251777934,5.0,5.0
3210,1.2145671844482422,2397,16.779401739991503,5.0,5.0
3211,1.2148866653442383,2397,20.101461565992352,5.0,5.0
3215,1.2159802913665771,2397,18.188568933447584,5.0,5.0
3217,1.2165660858154297,2397,19.732740836092546,5.0,5.0
3220,1.2173266410827637,2397,14.385168069511465,5.0,5.0
3221,1.2176592350006104,2397,17.94665126256032,5.0,5.0
3230,1.2203660011291504,2397,9.53758629362632,5.0,5.0
3233,1.221588134765625,2397,13.583827664263689,5.0,5.0
3234,1.2219176292419434,2397,17.22544489783732,5.0,5.0
3240,1.224088430404663,2397,12.557349330523408,5.0,5.0
3243,1.2259254455566406,2397,16.30161439747107,5.0,5.0
3250,1.2282185554504395,2397,9.625940285562692,5.0,5.0
3251,1.228529453277588,2397,13.663346257006422,5.0,5.0
3260,1.232365369796753,2397,8.964521479221915,5.0,5.0
3270,1.2376408576965332,2397,5.881622542517499,5.0,5.0
3280,1.2412657737731934,2397,9.5,5.0,5.0
3282,1.2419185638427734,2397,13.55,5.0,5.0
3290,1.245713710784912,2397,9.87795,5.0,5.0
3295,1.2486095428466797,2397,13.0011395,5.0,5.0
3300,1.250859260559082,2397,10.530922995000001,5.0,5.0
3310,1.2544431686401367,2397,6.909338577019501,5.0,5.0
3320,1.2590374946594238,2397,6.218404719317551,5.0,5.0
3328,1.263606309890747,2397,10.036907822647215,5.0,5.0
3329,1.2639217376708984,2397,14.033217040382494,5.0,5.0
3330,1.2641956806182861,2397,12.629895336344244,5.0,5.0
3332,1.2652761936187744,2397,16.36690580270982,5.0,5.0
3334,1.2663757801055908,2397,19.730215222438837,5.0,5.0
3337,1.2672128677368164,2397,22.757193700194954,5.0,5.0
3340,1.2683746814727783,2397,22.757193700194954,5.0,5.0
3350,1.2712082862854004,2397,8.81660311159725,5.0,5.0
3357,1.274139165878296,2397,11.427303668354394,5.0,5.0
3360,1.275449514389038,2397,11.427303668354394,5.0,5.0
3361,1.2757823467254639,2397,15.284573301518956,5.0,5.0
3370,1.2792954444885254,2397,10.028208543126588,5.0,5.0
3380,1.2836418151855469,2397,7.310564027939285,5.0,5.0
3383,1.2845401763916016,2397,10.329401176367739,5.0,5.0
3390,1.2904162406921387,2397,8.366814952857869,5.0,5.0
3400,1.295628547668457,2397,5.489467290570048,5.0,5.0
3401,1.2960190773010254,2397,9.940520561513043,5.0,5.0
3405,1.2981772422790527,2397,13.051821654825567,5.0,5.0
3410,1.3004975318908691,2397,9.51477798636784,5.0,5.0
3420,1.3037984371185303,2397,6.936273152062155,5.0,5.0
3430,1.3089733123779297,2397,9.55088881506798,5.0,5.0
3440,1.3131978511810303,2397,6.962597946184557,5.0,5.0
3443,1.3141837120056152,2397,10.075733902768542,5.0,5.0
3444,1.3145084381103516,2397,14.068160512491689,5.0,5.0
3446,1.315154790878296,2397,16.395210015118266,5.0,5.0
3450,1.3168938159942627,2397,16.952108101021217,5.0,5.0
3460,1.3212082386016846,2397,17.35808680564447,5.0,5.0
3465,1.3239719867706299,2397,20.622278125080022,5.0,5.0
3468,1.3248741626739502,2397,20.033640753183338,5.0,5.0
3470,1.3254573345184326,2397,16.227249010078506,5.0,5.0
3474,1.327204704284668,2397,16.82966452834723,5.0,5.0
3480,1.3287761211395264,2397,11.041942897048617,5.0,5.0
3482,1.3293418884277344,2397,14.937748607343757,5.0,5.0
3490,1.3316497802734375,2397,7.938532057635376,5.0,5.0
3500,1.3356902599334717,2397,5.0,5.0,5.0
3502,1.3362629413604736,2397,9.5,5.0,5.0
3510,1.3404719829559326,2397,7.695000000000001,5.0,5.0
3516,1.3421578407287598,2397,11.232950000000002,5.0,5.0
3517,1.342470407485962,2397,15.109655000000002,5.0,5.0
3520,1.3438935279846191,2397,17.238820550000003,5.0,5.0
3525,1.34523606300354,2397,16.310390162855004,5.0,5.0
3530,1.347536325454712,2397,13.211416031912554,5.0,5.0
3540,1.3519041538238525,2397,9.631122287264253,5.0,5.0
3548,1.3555212020874023,2397,10.687081399406669,5.0,5.0
3550,1.3560874462127686,2397,9.618373259466003,5.0,5.0
3552,1.3566899299621582,2397,13.656535933519402,5.0,5.0
3553,1.3569965362548828,2397,17.290882340167464,5.0,5.0
3557,1.3582003116607666,2397,17.605053225982083,5.0,5.0
3560,1.3588993549346924,2397,12.834083801740938,5.0,5.0
3568,1.3610272407531738,2397,12.578398144090007,5.0,5.0
3570,1.362074613571167,2397,11.320558329681006,5.0,5.0
3580,1.3666975498199463,2397,8.252687022337454,5.0,5.0
3582,1.3673124313354492,2397,12.427418320103708,5.0,5.0
3588,1.3693253993988037,2397,16.184676488093338,5.0,5.0
3590,1.3698112964630127,2397,13.109587955355604,5.0,5.0
3591,1.3701307773590088,2397,16.798629159820045,5.0,5.0
3596,1.3729426860809326,2397,18.606889619454236,5.0,5.0
3598,1.3734915256500244,2397,21.746200657508812,5.0,5.0
3600,1.3745131492614746,2397,19.571580591757932,5.0,5.0
3603,1.3753037452697754,2397,20.852980279323926,5.0,5.0
3610,1.3793385028839111,2397,15.201822623627145,5.0,5.0
3620,1.3843638896942139,2397,16.082128692624188,5.0,5.0
3630,1.3898749351501465,2397,11.723871816923033,5.0,5.0
3638,1.3938913345336914,2397,12.692032299083204,5.0,5.0
3640,1.3949906826019287,2397,11.422829069174883,5.0,5.0
3644,1.3961117267608643,2397,12.494518152285641,5.0,5.0
3646,1.3967137336730957,2397,15.12055970335137,5.0,5.0
3650,1.3988487720489502,2397,13.608503733016233,5.0,5.0
3653,1.400312900543213,2397,16.02288802374315,5.0,5.0
3655,1.400909423828125,2397,17.978539299231954,5.0,5.0
3660,1.4022414684295654,2397,13.106355149140095,5.0,5.0
3664,1.4033856391906738,2397,14.554532903723128,5.0,5.0
3668,1.4049084186553955,2397,16.78917165201573,5.0,5.0
3670,1.4053354263305664,2397,15.110254486814158,5.0,5.0
3673,1.40673828125,2397,17.23930613431947,5.0,5.0
3680,1.4094431400299072,2397,12.567454171918895,5.0,5.0
3690,1.4144926071166992,2397,8.24550668219599,5.0,5.0
3691,1.4148266315460205,2397,12.42095601397639,5.0,5.0
3695,1.4158940315246582,2397,14.054876934188789,5.0,5.0
3700,1.417233943939209,2397,9.221404756521265,5.0,5.0
3707,1.4191937446594238,2397,10.445147294678243,5.0,5.0
3710,1.4199638366699219,2397,7.61451237782044,5.0,5.0
3720,1.4249529838562012,2397,6.167755026034556,5.0,5.0
3723,1.4267587661743164,2397,10.550979523431101,5.0,5.0
3730,1.4300708770751953,2397,9.495881571087992,5.0,5.0
3732,1.4307124614715576,2397,13.546293413979193,5.0,5.0
3736,1.4324021339416504,2397,15.972497665323147,5.0,5.0
3740,1.4340252876281738,2397,12.937723108911749,5.0,5.0
3750,1.4392950534820557,2397,13.488440131756999,5.0,5.0
3760,1.4423902034759521,2397,7.964789013401192,5.0,5.0
3764,1.4440555572509766,2397,11.451479100854964,5.0,5.0
3765,1.4443819522857666,2397,15.306331190769468,5.0,5.0
3770,1.4467964172363281,2397,12.398128264523269,5.0,5.0
3780,1.449460744857788,2397,5.336987683251475,5.0,5.0
3783,1.4508516788482666,2397,9.5,5.0,5.0
3786,1.4516346454620361,2397,12.695,5.0,5.0
3790,1.4531018733978271,2397,11.425500000000001,5.0,5.0
3800,1.4578704833984375,2397,7.496270550000002,5.0,5.0
3810,1.4612305164337158,2397,5.464781230950001,5.0,5.0
3815,1.462453842163086,2397,9.5,5.0,5.0
3820,1.4643409252166748,2397,6.925500000000001,5.0,5.0
3830,1.4690101146697998,2397,10.609655000000002,5.0,5.0
3840,1.4727678298950195,2397,5.638405662855002,5.0,5.0
3845,1.475621223449707,2397,10.0745650965695,5.0,5.0
3849,1.4784998893737793,2397,14.067108586912552,5.0,5.0
3850,1.4788930416107178,2397,17.660397728221298,5.0,5.0
3852,1.4798915386199951,2397,20.89435795539917,5.0,5.0
3855,1.4807724952697754,2397,21.924429943873328,5.0,5.0
3857,1.4812803268432617,2397,22.758788254537397,5.0,5.0
3860,1.482254981994629,2397,21.591156637557763,5.0,5.0
3861,1.482562780380249,2397,24.432040973801985,5.0,5.0
3862,1.4829046726226807,2397,26.988836876421786,5.0,5.0
3864,1.4834823608398438,2397,26.86095786990165,5.0,5.0
3867,1.484997034072876,2397,26.757375874620337,5.0,5.0
3870,1.4868826866149902,2397,26.757375874620337,5.0,5.0
3875,1.488670825958252,2397,24.506127012598228,5.0,5.0
3876,1.4889492988586426,2397,27.055514311338406,5.0,5.0
3878,1.4894664287567139,2397,26.914966592184108,5.0,5.0
3879,1.4897501468658447,2397,29.2234699329657,5.0,5.0
3880,1.489999532699585,2397,26.30112293966913,5.0,5.0
3884,1.490877389907837,2397,22.25616676071692,5.0,5.0
3889,1.4930760860443115,2397,21.224745568562636,5.0,5.0
3890,1.4933152198791504,2397,19.10227101170637,5.0,5.0
3898,1.4956698417663574,2397,15.151730008732248,5.0,5.0
3899,1.495945930480957,2397,18.636557007859025,5.0,5.0
3900,1.4961872100830078,2397,16.772901307073123,5.0,5.0
3907,1.498878002166748,2397,16.00470054757068,5.0,5.0
3908,1.4991405010223389,2397,19.40423049281361,5.0,5.0
3910,1.4997169971466064,2397,22.46380744353225,5.0,5.0
3915,1.5019230842590332,2397,23.195684029261123,5.0,5.0
3918,1.5024983882904053,2397,23.78850406370151,5.0,5.0
3920,1.5030672550201416,2397,19.268688291598224,5.0,5.0
3922,1.50357985496521,2397,20.60763751619456,5.0,5.0
3927,1.5048081874847412,2397,18.520670974375257,5.0,5.0
3930,1.5055599212646484,2397,13.501569140319562,5.0,5.0
3936,1.5074336528778076,2397,12.972541561667299,5.0,5.0
3940,1.508432388305664,2397,9.456982798455462,5.0,5.0
3945,1.5111594200134277,2397,13.511284518609916,5.0,5.0
3949,1.5131018161773682,2397,17.160156066748925,5.0,5.0
3950,1.513810634613037,2397,17.160156066748925,5.0,5.0
3960,1.5172903537750244,2397,11.25877839539397,5.0,5.0
3969,1.5205461978912354,2397,12.386884505217985,5.0,5.0
3970,1.5207836627960205,2397,12.386884505217985,5.0,5.0
3978,1.5236499309539795,2397,15.03337644922657,5.0,5.0
3979,1.5239408016204834,2397,18.530038804303913,5.0,5.0
3980,1.5242104530334473,2397,21.677034923873524,5.0,5.0
3982,1.5247507095336914,2397,22.558398288337553,5.0,5.0
3984,1.5256686210632324,2397,23.27230261355342,5.0,5.0
3990,1.5273852348327637,2397,15.2689577447524,5.0,5.0
3991,1.5276737213134766,2397,18.742061970277163,5.0,5.0
3996,1.528975009918213,2397,17.29666685869885,5.0,5.0
3997,1.5292387008666992,2397,20.567000172828962,5.0,5.0
4000,1.5300133228302002,2397,16.65927013999146,5.0,5.0
4003,1.531310796737671,2397,19.993343125992315,5.0,5.0
4010,1.5338799953460693,2397,18.11763242496356,5.0,5.0
4015,1.5361912250518799,2397,18.207754037798438,5.0,5.0
4016,1.53645920753479,2397,21.386978634018593,5.0,5.0
4020,1.5374937057495117,2397,15.591107424199556,5.0,5.0
4030,1.5402534008026123,2397,8.285753720624037,5.0,5.0
4040,1.5446059703826904,2397,6.040314462334923,5.0,5.0
4050,1.5493943691253662,2397,5.0,5.0,5.0
4060,1.5536608695983887,2397,5.0,5.0,5.0
4070,1.5579428672790527,2397,5.0,5.0,5.0
4080,1.5621364116668701,2397,5.0,5.0,5.0
4090,1.5659549236297607,2397,5.0,5.0,5.0
4100,1.5699138641357422,2397,5.0,5.0,5.0
4110,1.5729303359985352,2397,5.0,5.0,5.0
4118,1.5773332118988037,2397,9.5,5.0,5.0
4120,1.578331708908081,2397,9.5,5.0,5.0
4122,1.5789070129394531,2397,13.55,5.0,5.0
4125,1.5802524089813232,2397,15.9755,5.0,5.0
4130,1.582430124282837,2397,14.37795,5.0,5.0
4133,1.5837464332580566,2397,16.6461395,5.0,5.0
4136,1.5850005149841309,2397,18.483372995000003,5.0,5.0
4139,1.5857336521148682,2397,19.971532125950006,5.0,5.0
4140,1.586057424545288,2397,19.971532125950006,5.0,5.0
4143,1.5868330001831055,2397,21.176941022019506,5.0,5.0
4146,1.5874054431915283,2397,22.1533222278358,5.0,5.0
4150,1.588376760482788,2397,16.1497719040923,5.0,5.0
4160,1.5912432670593262,2397,9.536278811647465,5.0,5.0
4162,1.5922715663909912,2397,13.58265093048272,5.0,5.0
4170,1.5945525169372559,2397,8.911577275489712,5.0,5.0
4177,1.5961856842041016,2397,10.262197265403922,5.0,5.0
4179,1.5967235565185547,2397,13.312379784977177,5.0,5.0
4180,1.5974431037902832,2397,13.312379784977177,5.0,5.0
4190,1.6021273136138916,2397,9.704724863248362,5.0,5.0
4191,1.6025149822235107,2397,13.734252376923527,5.0,5.0
4195,1.6057384014129639,2397,16.12474442530806,5.0,5.0
4197,1.6063594818115234,2397,18.06104298449953,5.0,5.0
4200,1.607297658920288,2397,13.166500335700158,5.0,5.0
4202,1.6078627109527588,2397,13.166500335700158,5.0,9.5
4210,1.61075758934021,2397,10.66486527191713,5.0,6.2329500000000015
4215,1.612473487854004,2397,13.638540870252877,5.0,5.048689500000002
4216,1.6127755641937256,2397,17.274686783227587,5.0,5.048689500000002
4217,1.6139111518859863,2397,20.54721810490483,5.0,5.048689500000002
4220,1.6163408756256104,2397,20.54721810490483,5.0,5.048689500000002
4230,1.6213748455047607,2397,10.919634136888728,5.0,5.0
4240,1.6258041858673096,2397,7.164371957212694,5.0,5.0
4242,1.626340389251709,2397,11.447934761491425,5.0,5.0
4244,1.6273629665374756,2397,15.303141285342283,5.0,5.0
4250,1.6297619342803955,2397,11.155989997014526,5.0,5.0
4255,1.6315195560455322,2397,14.036351897581767,5.0,5.0
4260,1.633756160736084,2397,10.232500533337108,5.0,5.0
4262,1.6343367099761963,2397,13.288325432003058,5.0,5.0
4263,1.634648323059082,2397,16.95949288880275,5.0,5.0
4270,1.636779546737671,2397,9.012969860318224,5.0,5.0
4277,1.6395738124847412,2397,12.300505586857762,5.0,5.0
4278,1.6399319171905518,2397,16.070455028171985,5.0,5.0
4279,1.6402132511138916,2397,19.463409525354784,5.0,5.0
4280,1.6404693126678467,2397,17.517068572819305,5.0,5.0
4284,1.641568660736084,2397,16.492948690626747,5.0,5.0
4285,1.6418960094451904,2397,19.843653821564075,5.0,5.0
4290,1.6440529823303223,2397,14.46602363592021,5.0,5.0
4291,1.6443450450897217,2397,18.019421272328188,5.0,5.0
4294,1.6451358795166016,2397,19.595731230585834,5.0,5.0
4295,1.6453869342803955,2397,19.595731230585834,5.0,9.5
4296,1.645677089691162,2397,22.63615810752725,5.0,9.5
4298,1.6462376117706299,2397,23.335288067097075,5.0,9.5
4300,1.64674973487854,2397,21.001759260387367,5.0,8.55
4302,1.6477465629577637,2397,23.90158333434863,5.0,8.55
4306,1.6487929821014404,2397,22.424254250740155,5.0,7.695000000000001
4310,1.650808572769165,2397,20.18182882566614,5.0,6.925500000000001
4320,1.6538376808166504,2397,9.652906163646756,5.0,5.609655000000002
4328,1.6572988033294678,2397,11.333271733968637,5.0,5.048689500000002
4330,1.6578702926635742,2397,14.179950104514598,5.0,5.048689500000002
4333,1.6590986251831055,2397,17.76195509406314,5.0,5.0
4336,1.659902572631836,2397,17.94846526357203,5.0,5.0
4340,1.66184401512146,2397,16.153618737214828,5.0,5.0
4343,1.6631355285644531,2397,18.084431177144012,5.0,5.0
4344,1.6634085178375244,2397,21.27598805942961,5.0,5.0
4346,1.6643929481506348,2397,24.148389253486652,5.0,5.0
4348,1.6663689613342285,2397,26.733550328137987,5.0,5.0
4350,1.667698621749878,2397,24.06019529532419,5.0,5.0
4357,1.6701109409332275,2397,17.786574247942383,5.0,5.0
4360,1.6709258556365967,2397,12.96641262675,5.0,5.0
4370,1.6744484901428223,2397,6.8908832927726476,5.0,5.0
4376,1.677978515625,2397,10.023453920431262,5.0,5.0
4380,1.6803104877471924,2397,10.023453920431262,5.0,5.0
4390,1.6846349239349365,2397,5.918749305475457,5.0,5.0
4400,1.6882593631744385,2397,5.0,5.0,5.0
4402,1.689323902130127,2397,9.5,5.0,5.0
4405,1.690577507019043,2397,13.55,5.0,5.0
4410,1.6927785873413086,2397,12.195,5.0,5.0
4418,1.6947424411773682,2397,11.480922995,5.0,5.0
4420,1.6957371234893799,2397,10.3328306955,5.0,5.0
4422,1.6962697505950928,2397,13.369592863355,5.0,5.0
4424,1.6972498893737793,2397,17.032633577019503,5.0,5.0
4425,1.6975245475769043,2397,20.329370219317553,5.0,5.0
4426,1.6978280544281006,2397,23.2964331973858,5.0,5.0
4428,1.6988434791564941,2397,25.96678987764722,5.0,5.0
4430,1.6994519233703613,2397,21.03309980089425,5.0,5.0
4431,1.699824571609497,2397,23.929789820804825,5.0,5.0
4440,1.7036454677581787,2397,12.71727143215834,5.0,5.0
4450,1.7085895538330078,2397,8.343801786639087,5.0,5.0
4452,1.7091524600982666,2397,11.75847944717766,5.0,5.0
4460,1.71256685256958,2397,8.571931516992516,5.0,5.0
4463,1.714313268661499,2397,12.714738365293265,5.0,5.0
4465,1.7148621082305908,2397,15.298938075887545,5.0,5.0
4470,1.7165203094482422,2397,12.39213984146891,5.0,5.0
4472,1.7169897556304932,2397,15.037633271589817,5.0,5.0
4476,1.7187838554382324,2397,17.180482949987752,5.0,5.0
4480,1.7207324504852295,2397,13.91619118949008,5.0,5.0
4490,1.7251842021942139,2397,8.217371735481999,5.0,5.0
4500,1.730010747909546,2397,5.39141759564974,5.0,5.0
4510,1.7352821826934814,2397,5.0,5.0,5.0
4520,1.7394194602966309,2397,5.0,5.0,5.0
4527,1.7414567470550537,2397,9.5,5.0,5.0
4530,1.7427582740783691,2397,7.695000000000001,5.0,5.0
4540,1.7459146976470947,2397,5.0,5.0,5.0
4550,1.7505831718444824,2397,5.0,5.0,5.0
4560,1.7534594535827637,2397,5.0,5.0,5.0
4570,1.7577157020568848,2397,5.0,5.0,5.0
4580,1.762864112854004,2397,5.0,5.0,5.0
4590,1.7666666507720947,2397,5.0,5.0,5.0
4591,1.7671747207641602,2397,9.5,5.0,5.0
4600,1.7713603973388672,2397,6.925500000000001,5.0,5.0
4610,1.775273323059082,2397,5.048689500000002,5.0,5.0
4617,1.7780406475067139,2397,9.5,5.0,5.0
4620,1.7792398929595947,2397,8.55,5.0,5.0
4623,1.7800390720367432,2397,11.925500000000001,5.0,5.0
4624,1.7803115844726562,2397,15.73295,5.0,5.0
4625,1.7805888652801514,2397,19.159655,5.0,5.0
4630,1.7824430465698242,2397,17.243689500000002,5.0,5.0
4632,1.7830076217651367,2397,18.967388495,5.0,5.0
4635,1.7842671871185303,2397,20.36358468095,5.0,5.0
4636,1.7845425605773926,2397,23.327226212855003,5.0,5.0
4639,1.7853140830993652,2397,23.895053232412554,5.0,5.0
4640,1.7855761051177979,2397,21.505547909171298,5.0,5.0
4648,1.7881014347076416,2397,16.428929886397903,5.0,5.0
4650,1.7886219024658203,2397,14.786036897758112,5.0,5.0
4652,1.7892181873321533,2397,16.976689887184072,5.0,5.0
4657,1.790546178817749,2397,16.13840623498147,5.0,5.0
4659,1.7910714149475098,2397,18.07210905033499,5.0,5.0
4660,1.7913591861724854,2397,21.26489814530149,5.0,5.0
4670,1.7965672016143799,2397,12.556709705819076,5.0,5.0
4674,1.797882318496704,2397,15.170934861713452,5.0,5.0
4675,1.7982172966003418,2397,18.653841375542108,5.0,5.0
4676,1.7985167503356934,2397,21.7884572379879,5.0,5.0
4680,1.8004791736602783,2397,17.648650362770198,5.0,5.0
4681,1.8007993698120117,2397,20.88378532649318,5.0,5.0
4684,1.8021421432495117,2397,21.915866114459476,5.0,5.0
4687,1.803009033203125,2397,20.97666639744096,5.0,5.0
4688,1.8032987117767334,2397,23.878999757696867,5.0,5.0
4689,1.8036139011383057,2397,26.491099781927183,5.0,5.0
4690,1.803875207901001,2397,23.841989803734464,5.0,5.0
4691,1.8041653633117676,2397,26.45779082336102,5.0,5.0
4693,1.8047761917114258,2397,26.43081056692243,5.0,5.0
4694,1.8050711154937744,2397,28.787729510230186,5.0,5.0
4700,1.8080925941467285,2397,23.318060903286455,5.0,5.0
4710,1.8105535507202148,2397,11.152956244053113,5.0,5.0
4720,1.8141160011291504,2397,7.317454591723248,5.0,5.0
4724,1.8155310153961182,2397,11.585709132550924,5.0,5.0
4730,1.817995548248291,2397,9.38442439736625,5.0,5.0
4737,1.819887399673462,2397,9.987267886160717,5.0,5.0
4740,1.8206677436828613,2397,8.08968698779018,5.0,5.0
4745,1.822476863861084,2397,10.897381814099042,5.0,5.0
4746,1.8227622509002686,2397,14.807643632689137,5.0,5.0
4750,1.824280023574829,2397,10.79477220823038,5.0,5.0
4760,1.8282051086425781,2397,7.082450045819954,5.0,5.0
4770,1.8334722518920898,2397,6.374205041237959,5.0,5.0
4780,1.8382914066314697,2397,5.163106083402747,5.0,5.0
4790,1.8407936096191406,2397,5.0,5.0,5.0
4800,1.8436448574066162,2397,5.0,5.0,5.0
4810,1.848062515258789,2397,5.0,5.0,5.0
4820,1.851759672164917,2397,5.0,5.0,5.0
4830,1.8556411266326904,2397,5.0,5.0,5.0
4840,1.8604023456573486,2397,9.5,5.0,5.0
4847,1.8640224933624268,2397,12.695,5.0,5.0
4849,1.8645641803741455,2397,15.282950000000001,5.0,5.0
4850,1.8648676872253418,2397,18.754655,5.0,5.0
4860,1.868192434310913,2397,11.074436230949999,5.0,5.0
4870,1.8715744018554688,2397,7.265937611126295,5.0,5.0
4880,1.8778502941131592,2397,5.0,5.0,5.0
4884,1.8791260719299316,2397,9.5,5.0,5.0
4890,1.8816518783569336,2397,7.695000000000001,5.0,5.0
4891,1.8820445537567139,2397,11.925500000000001,5.0,5.0
4892,1.8823275566101074,2397,15.73295,5.0,5.0
4899,1.8846423625946045,2397,14.2901496455,5.0,5.0
4900,1.8853490352630615,2397,14.2901496455,5.0,5.0
4903,1.8861818313598633,2397,15.4175190915695,5.0,5.0
4905,1.8867578506469727,2397,13.87576718241255,5.0,9.5
4910,1.889338731765747,2397,13.87576718241255,5.0,7.695000000000001
4912,1.8899459838867188,2397,16.239371417754167,5.0,7.695000000000001
4920,1.8922817707061768,2397,10.65465158718851,5.0,5.609655000000002
4930,1.8951785564422607,2397,6.291465215718944,5.0,5.0
4933,1.8964669704437256,2397,10.096086824732344,5.0,5.0
4940,1.8991763591766357,2397,7.360047295229881,5.0,5.0
4942,1.90018892288208,2397,11.624042565706894,5.0,5.0
4946,1.9017455577850342,2397,13.473927030400327,5.0,5.0
4947,1.9020705223083496,2397,17.126534327360297,5.0,5.0
4950,1.903306484222412,2397,15.413880894624267,5.0,5.0
4953,1.9045538902282715,2397,18.87249280516184,5.0,5.0
4960,1.9066052436828613,2397,12.382242529466685,5.0,5.0
4970,1.9096753597259521,2397,8.123989323583093,5.0,5.0
4973,1.910440444946289,2397,11.580431352102305,5.0,5.0
4978,1.9121778011322021,2397,13.442134455682583,5.0,5.0
4980,1.9126908779144287,2397,12.097921010114325,5.0,5.0
4982,1.913238525390625,2397,14.799316018192604,5.0,5.0
4989,1.9157946109771729,2397,15.78870137726241,5.0,5.0
4990,1.9160633087158203,2397,14.209831239536168,5.0,5.0
4997,1.9193909168243408,2397,15.358966973621866,5.0,5.0
4998,1.9197001457214355,2397,18.823070276259678,5.0,5.0
5000,1.9207055568695068,2397,16.94076324863371,5.0,5.0
5005,1.9224247932434082,2397,18.722018231393307,5.0,5.0
5010,1.9251959323883057,2397,18.722018231393307,5.0,5.0
5011,1.9255270957946777,2397,21.849816408253975,5.0,5.0
5018,1.9272563457489014,2397,17.902098090909888,5.0,5.0
5020,1.9282383918762207,2397,16.1118882818189,5.0,5.0
5027,1.9299860000610352,2397,14.513908911531242,5.0,5.0
5028,1.9302756786346436,2397,18.062518020378118,5.0,5.0
5030,1.9312620162963867,2397,16.256266218340308,5.0,5.0
5037,1.933892011642456,2397,16.850818073170085,5.0,5.0
5040,1.9351065158843994,2397,16.850818073170085,5.0,5.0
5046,1.9371190071105957,2397,16.055821737806895,5.0,5.0
5048,1.937676191329956,2397,18.005215607623583,5.0,5.0
5049,1.9380648136138916,2397,21.204694046861224,5.0,5.0
5050,1.9383211135864258,2397,19.0842246421751,5.0,5.0
5051,1.938629150390625,2397,22.175802177957593,5.0,5.0
5060,1.9414033889770508,2397,10.606617436730366,5.0,5.0
5067,1.9437060356140137,2397,13.591360123751597,5.0,5.0
5070,1.944488286972046,2397,9.908101530214916,5.0,5.0
5080,1.9484076499938965,2397,6.500705413974007,5.0,5.0
5083,1.9495532512664795,2397,10.850634872576606,5.0,5.0
5088,1.9520938396453857,2397,13.789014246787051,5.0,5.0
5090,1.9525322914123535,2397,12.410112822108346,5.0,5.0
5100,1.9565503597259521,2397,8.142275022585284,5.0,5.0
5103,1.957731008529663,2397,11.595242768294082,5.0,5.0
5105,1.9582736492156982,2397,15.435718491464673,5.0,5.0
5109,1.960263967514038,2397,18.892146642318206,5.0,5.0
5110,1.9604358673095703,2397,17.002931978086387,5.0,5.0
5118,1.9639856815338135,2397,17.395137412024976,5.0,5.0
5120,1.9650025367736816,2397,15.655623670822479,5.0,5.0
5122,1.9655482769012451,2397,17.68105517336621,5.0,5.0
5129,1.9679269790649414,2397,17.88948922138397,5.0,5.0
5130,1.9682152271270752,2397,21.100540299245573,5.0,5.0
5133,1.969477653503418,2397,22.091437642388918,5.0,5.0
5137,1.9705324172973633,2397,21.10465804130152,5.0,5.0
5140,1.9712226390838623,2397,17.094773013454233,5.0,5.0
5150,1.9737720489501953,2397,10.094292516714592,5.0,5.0
5153,1.974546194076538,2397,14.084863265043133,5.0,5.0
5160,1.9767704010009766,2397,8.31697090937532,5.0,5.0
5170,1.980095386505127,2397,5.0,5.0,5.0
5178,1.982970952987671,2397,9.5,5.0,5.0
5180,1.9838590621948242,2397,8.55,5.0,5.0
5182,1.9844131469726562,2397,12.695,5.0,5.0
5185,1.9857685565948486,2397,15.282950000000001,5.0,5.0
5190,1.987442970275879,2397,11.141270550000002,5.0,5.0
5199,1.9907691478729248,2397,10.920927962362551,5.0,5.0
5200,1.9910368919372559,2397,9.828835166126296,5.0,5.0
5207,1.9937987327575684,2397,12.961356484562302,5.0,5.0
5210,1.9945287704467773,2397,11.665220836106071,5.0,5.0
5215,1.9963665008544922,2397,13.503945989521325,5.0,5.0
5220,1.9990761280059814,2397,10.938196251512274,5.0,5.0
5221,1.9993741512298584,2397,14.844376626361047,5.0,5.0
5228,2.0015335083007812,2397,17.02394506735245,5.0,5.0
5230,2.002007246017456,2397,13.789395504555486,5.0,5.0
5231,2.002290725708008,2397,17.410455954099938,5.0,5.0
5233,2.002748966217041,2397,20.669410358689944,5.0,5.0
5237,2.00382661819458,2397,18.561200136336474,5.0,5.0
5240,2.004988193511963,2397,15.034572110432546,5.0,5.0
5245,2.0062928199768066,2397,15.960203068505326,5.0,5.0
5250,2.008638620376587,2397,12.927764485489314,5.0,5.0
5251,2.0089309215545654,2397,16.634988036940385,5.0,5.0
5260,2.01155161857605,2397,9.82279408593293,5.0,5.0
5265,2.013345241546631,2397,12.956463209605673,5.0,5.0
5270,2.0144948959350586,2397,10.494735199780596,5.0,5.0
5274,2.0155551433563232,2397,12.650661960640054,5.0,5.0
5280,2.017652988433838,2397,8.30009931237594,5.0,5.0
5287,2.0210468769073486,2397,10.445695158849855,5.0,5.0
5290,2.0224874019622803,2397,8.461013078668383,5.0,5.0
5291,2.022812604904175,2397,12.614911770801545,5.0,5.0
5293,2.0239152908325195,2397,16.35342059372139,5.0,5.0
5300,2.0260746479034424,2397,11.921643612822892,5.0,5.0
5303,2.0279266834259033,2397,15.729479251540603,5.0,5.0
5306,2.0292584896087646,2397,17.74087819374789,5.0,5.0
5310,2.0307936668395996,2397,12.933100203242212,5.0,5.0
5315,2.0330474376678467,2397,14.428230048163574,5.0,5.0
5317,2.0341103076934814,2397,17.985407043347216,5.0,5.0
5320,2.035440683364868,2397,19.56817970511125,5.0,5.0
5321,2.03574275970459,2397,22.611361734600123,5.0,5.0
5323,2.036304473876953,2397,23.3152030050261,5.0,5.0
5324,2.036586284637451,2397,25.98368270452349,5.0,5.0
5327,2.0374720096588135,2397,23.942104691597624,5.0,5.0
5330,2.038329601287842,2397,19.393104800194077,5.0,5.0
5340,2.0419063568115234,2397,10.30629100811994,5.0,5.0
5350,2.0452516078948975,2397,8.348095716577152,5.0,5.0
5356,2.04807448387146,2397,11.761957530427495,5.0,5.0
5357,2.048381805419922,2397,15.585761777384745,5.0,5.0
5360,2.049607753753662,2397,15.585761777384745,5.0,5.0
5370,2.0558035373687744,2397,10.225818302142132,5.0,5.0
5377,2.058742046356201,2397,13.282912824735128,5.0,5.0
5380,2.060051202774048,2397,11.954621542261615,5.0,5.0
5381,2.060351848602295,2397,15.759159388035453,5.0,5.0
5388,2.0626745223999023,2397,15.33958447449006,5.0,5.0
5390,2.0636823177337646,2397,13.805626027041054,5.0,5.0
5394,2.0648200511932373,2397,14.057871236341636,5.0,5.0
5400,2.0668561458587646,2397,11.386875701436727,5.0,5.0
5404,2.0684382915496826,2397,14.22336931816375,5.0,5.0
5410,2.07094407081604,2397,11.520929147712637,5.0,5.0
5420,2.0739433765411377,2397,6.802993452432837,5.0,5.0
5426,2.076054811477661,2397,9.5,5.0,5.0
5427,2.0763442516326904,2397,13.55,5.0,5.0
5430,2.07753324508667,2397,10.9755,5.0,5.0
5440,2.0809597969055176,2397,8.0011395,5.0,5.0
5443,2.082324981689453,2397,11.480922995,5.0,5.0
5444,2.082667589187622,2397,15.3328306955,5.0,5.0
5450,2.08475661277771,2397,10.05987021931755,5.0,5.0
5460,2.088236093521118,2397,5.940252765804821,5.0,5.0
5470,2.0916430950164795,2397,5.0,5.0,5.0
5480,2.094724655151367,2397,5.0,5.0,5.0
5488,2.0986764430999756,2397,9.5,5.0,5.0
5490,2.0996744632720947,2397,8.55,5.0,5.0
5491,2.1000006198883057,2397,12.695,5.0,5.0
5500,2.1038286685943604,2397,13.329189500000002,5.0,5.0
5506,2.1063766479492188,2397,14.716979145500002,5.0,5.0
5507,2.1067206859588623,2397,18.245281230950003,5.0,5.0
5510,2.1074776649475098,2397,16.420753107855003,5.0,5.0
5511,2.107788324356079,2397,19.778677797069502,5.0,5.0
5517,2.1094348430633545,2397,17.976790502657302,5.0,5.0
5520,2.110234498977661,2397,16.179111452391574,5.0,5.0
5530,2.1153037548065186,2397,10.615115023914113,5.0,5.0
5531,2.1156444549560547,2397,14.553603521522701,5.0,5.0
5540,2.120945453643799,2397,11.788418852433388,5.0,5.0
5541,2.121274948120117,2397,15.60957696719005,5.0,5.0
5549,2.1247010231018066,2397,16.37938160908155,5.0,5.0
5550,2.1254115104675293,2397,16.37938160908155,5.0,5.0
5559,2.1288161277770996,2397,12.834207447540718,5.0,5.0
5560,2.1290624141693115,2397,12.834207447540718,5.0,5.0
5568,2.1331753730773926,2397,15.395708032507983,5.0,5.0
5570,2.134185314178467,2397,13.856137229257184,5.0,5.0
5572,2.1352293491363525,2397,17.470523506331467,5.0,5.0
5580,2.137225389480591,2397,9.284552482728303,5.0,5.0
5583,2.138042449951172,2397,13.356097234455474,5.0,5.0
5585,2.1386332511901855,2397,15.818438759908934,5.0,5.0
5590,2.1403415203094482,2397,10.378477670376252,5.0,5.0
5593,2.141688585281372,2397,13.406566913004765,5.0,5.0
5600,2.143503189086914,2397,7.916443696460186,5.0,5.0
5608,2.1460330486297607,2397,10.771087454719476,5.0,5.0
5610,2.14644718170166,2397,9.693978709247528,5.0,5.0
5611,2.1467676162719727,2397,13.724580838322776,5.0,5.0
5620,2.1511168479919434,2397,9.004697488023574,5.0,5.0
5623,2.1524481773376465,2397,12.293804965299095,5.0,5.0
5630,2.156654119491577,2397,9.957982021892267,5.0,5.0
5632,2.157242774963379,2397,13.065965437732737,5.0,5.0
5640,2.160382032394409,2397,6.943789738194125,5.0,5.0
5650,2.1648483276367188,2397,5.062022719143518,5.0,5.0
5653,2.165661334991455,2397,9.555820447229166,5.0,5.0
5660,2.1683361530303955,2397,8.60023840250625,5.0,5.0
5670,2.1732335090637207,2397,7.740214562255625,5.0,5.0
5672,2.1738009452819824,2397,11.966193106030062,5.0,5.0
5673,2.1741180419921875,2397,15.769573795427055,5.0,5.0
5680,2.1767578125,2397,12.773354774295916,5.0,5.0
5683,2.178079843521118,2397,15.346417367179692,5.0,5.0
5685,2.1786744594573975,2397,17.430598067415552,5.0,5.0
5686,2.1790008544921875,2397,20.687538260673996,5.0,5.0
5688,2.1794793605804443,2397,21.75690599114594,5.0,5.0
5690,2.180063247680664,2397,22.623093852828212,5.0,5.0
5695,2.182480573654175,2397,21.492235418711772,5.0,5.0
5700,2.1847918033599854,2397,15.667839620240882,5.0,5.0
5702,2.185351848602295,2397,19.101055658216794,5.0,5.0
5710,2.1887319087982178,2397,15.471855083155605,5.0,5.0
5720,2.1923420429229736,2397,9.135975708052554,5.0,5.0
5730,2.1978042125701904,2397,7.400140323522569,5.0,5.0
5740,2.2041988372802734,2397,6.660126291170313,5.0,5.0
5750,2.2081851959228516,2397,5.0,5.0,5.0
5760,2.2137482166290283,2397,5.0,5.0,5.0
5770,2.218794584274292,2397,5.0,5.0,5.0
5780,2.2240748405456543,2397,5.0,5.0,5.0
5783,2.225431203842163,2397,9.5,5.0,5.0
5786,2.2272236347198486,2397,13.55,5.0,5.0
5787,2.2275307178497314,2397,17.195,5.0,5.0
5790,2.2283339500427246,2397,12.535155000000001,5.0,5.0
5800,2.232389450073242,2397,8.224315195500001,5.0,5.0
5810,2.236372947692871,2397,6.661695308355001,5.0,5.0
5820,2.2394182682037354,2397,10.39597319976755,5.0,5.0
5830,2.244985818862915,2397,8.420738291811716,5.0,5.0
5840,2.2517271041870117,2397,11.82079801636749,5.0,5.0
5841,2.2521045207977295,2397,15.638718214730742,5.0,5.0
5850,2.2555413246154785,2397,11.400625578538714,5.0,5.0
5856,2.2580652236938477,2397,14.234506718616357,5.0,5.0
5859,2.258923053741455,2397,15.376955397871324,5.0,5.0
5860,2.2591941356658936,2397,13.839259858084192,5.0,5.0
5870,2.2644851207733154,2397,8.171944553600136,5.0,5.0
5880,2.2679827213287354,2397,5.36161282161705,5.0,5.0
5882,2.2684829235076904,2397,9.5,5.0,5.0
5885,2.269796848297119,2397,12.695,5.0,5.0
5887,2.2704052925109863,2397,15.282950000000001,5.0,5.0
5890,2.2711760997772217,2397,12.3791895,5.0,5.0
5895,2.2739715576171875,2397,15.027143495000002,5.0,5.0
5900,2.275362730026245,2397,10.954787607855003,5.0,5.0
5910,2.280123710632324,2397,6.468692534562302,5.0,5.0
5912,2.280693769454956,2397,10.239640952995465,5.0,5.0
5916,2.2828633785247803,2397,13.294109171926328,5.0,5.0
5920,2.284484386444092,2397,9.691405586334293,5.0,5.0
5930,2.2878167629241943,2397,10.150410276207083,5.0,5.0
5934,2.289325475692749,2397,12.399649091354966,5.0,5.0
5936,2.2898945808410645,2397,15.043715763997524,5.0,5.0
5940,2.2914366722106934,2397,10.966868791954195,5.0,5.0
5950,2.2956345081329346,2397,8.883163721482898,5.0,5.0
5960,2.2992610931396484,2397,5.82824371766493,5.0,5.0
5970,2.304309606552124,2397,5.0,5.0,5.0
5972,2.3053719997406006,2397,9.5,5.0,5.0
5979,2.307464122772217,2397,11.232950000000002,5.0,5.0
5980,2.3077988624572754,2397,10.109655000000002,5.0,5.0
5990,2.3118369579315186,2397,6.632944645500002,5.0,5.0
6000,2.3165009021759033,2397,5.0,5.0,5.0
6010,2.321361541748047,2397,5.0,5.0,5.0
6020,2.3274638652801514,2397,5.0,5.0,5.0
6030,2.3305606842041016,2397,5.0,5.0,5.0
6040,2.3342316150665283,2397,5.0,5.0,5.0
6050,2.33795166015625,2397,5.0,5.0,5.0
6060,2.3429086208343506,2397,5.0,5.0,5.0
6061,2.343229055404663,2397,9.5,5.0,5.0
6065,2.3452975749969482,2397,12.695,5.0,5.0
6070,2.346510648727417,2397,8.329189500000002,5.0,5.0
6080,2.351057529449463,2397,6.071979145500001,5.0,5.0
6087,2.3543760776519775,2397,9.5,5.0,5.0
6090,2.3562581539154053,2397,8.55,5.0,5.0
6100,2.3601696491241455,2397,6.925500000000001,5.0,5.0
6108,2.363933563232422,2397,9.543820550000003,5.0,5.0
6110,2.364473342895508,2397,8.589438495000003,5.0,5.0
6120,2.368077516555786,2397,5.635530596569502,5.0,5.0
6129,2.3730456829071045,2397,9.564779783221297,5.0,5.0
6130,2.3733205795288086,2397,8.608301804899169,5.0,5.0
6137,2.376757860183716,2397,10.647906814194346,5.0,5.0
6140,2.3785641193389893,2397,10.647906814194346,5.0,5.0
6150,2.382159471511841,2397,6.98609166079291,5.0,5.0
6158,2.3848860263824463,2397,10.092860820718032,5.0,5.0
6159,2.3852107524871826,2397,14.083574738646229,5.0,5.0
6160,2.385969400405884,2397,14.083574738646229,5.0,5.0
6167,2.388617992401123,2397,14.240233386025793,5.0,5.0
6170,2.38999080657959,2397,12.816210047423214,5.0,5.0
6173,2.3908443450927734,2397,14.343017124571524,5.0,5.0
6180,2.3935794830322266,2397,10.456059483812641,5.0,5.0
6187,2.397517442703247,2397,12.622467363699418,5.0,5.0
6190,2.3988449573516846,2397,16.360220627329475,5.0,5.0
6200,2.4026999473571777,2397,9.660546678231784,5.0,5.0
6210,2.406704902648926,2397,7.0425385284309705,5.0,5.0
6220,2.4110941886901855,2397,5.134010587226178,5.0,5.0
6230,2.4151370525360107,2397,5.0,5.0,5.0
6235,2.4169747829437256,2397,9.5,5.0,5.0
6240,2.4187259674072266,2397,11.232950000000002,5.0,5.0
6250,2.423738479614258,2397,8.188820550000003,5.0,5.0
6254,2.425079107284546,2397,11.632944645500002,5.0,5.0
6257,2.426177501678467,2397,13.480416646569502,5.0,5.0
6260,2.427152633666992,2397,10.919137483721297,5.0,5.0
6267,2.429652690887451,2397,12.960051225632828,5.0,5.0
6270,2.430476665496826,2397,9.447877343486333,5.0,5.0
6275,2.4325335025787354,2397,11.198752325061383,5.0,5.0
6279,2.4346938133239746,2397,14.070989383299722,5.0,5.0
6280,2.434943914413452,2397,14.070989383299722,5.0,5.0
6290,2.4385318756103516,2397,8.308778520944653,5.0,5.0
6298,2.441279649734497,2397,9.906250628832609,5.0,5.0
6300,2.4422683715820312,2397,13.915625565949348,5.0,5.0
6302,2.442847728729248,2397,16.271656708418973,5.0,5.0
6307,2.444152593612671,2397,14.60825056975432,5.0,5.0
6310,2.446367025375366,2397,14.60825056975432,5.0,5.0
6316,2.4485082626342773,2397,14.584473198815811,5.0,5.0
6320,2.4500181674957275,2397,10.632080961936728,5.0,5.0
6321,2.4503142833709717,2397,14.568872865743055,5.0,5.0
6329,2.453784465789795,2397,15.620708319126688,5.0,5.0
6330,2.4540576934814453,2397,14.05863748721402,5.0,5.0
6336,2.4565346240997314,2397,17.65277373849262,5.0,5.0
6340,2.4576165676116943,2397,11.581984849825009,5.0,5.0
6347,2.459460496902466,2397,13.44326695552243,5.0,5.0
6350,2.460263252258301,2397,10.88904623397317,5.0,5.0
6359,2.463819742202759,2397,10.786885619628935,5.0,5.0
6360,2.4641096591949463,2397,9.708197057666041,5.0,5.0
6370,2.469663381576538,2397,7.863639616709494,5.0,5.0
6371,2.469994306564331,2397,12.077275655038544,5.0,5.0
6374,2.4713704586029053,2397,14.782593280581223,5.0,5.0
6380,2.473130226135254,2397,13.728973506250407,5.0,5.0
6390,2.4768130779266357,2397,8.106821565705806,5.0,5.0
6400,2.480241537094116,2397,5.909872921399533,5.0,5.0
6410,2.4852232933044434,2397,5.0,5.0,5.0
6413,2.4868693351745605,2397,9.5,5.0,5.0
6420,2.4918551445007324,2397,8.55,5.0,5.0
6428,2.4962551593780518,2397,10.609655000000002,5.0,5.0
6430,2.496837854385376,2397,9.548689500000002,5.0,5.0
6433,2.497689962387085,2397,11.960994645500001,5.0,5.0
6436,2.4990181922912598,2397,14.688405662855,5.0,5.0
6439,2.4997847080230713,2397,15.707847728221296,5.0,5.0
6440,2.500030279159546,2397,15.707847728221296,5.0,5.0
6449,2.5040717124938965,2397,15.305918894485995,5.0,5.0
6450,2.5048060417175293,2397,15.305918894485995,5.0,5.0
6451,2.505124807357788,2397,18.775327005037397,5.0,5.0
6460,2.5086770057678223,2397,9.97797855888408,5.0,5.0
6467,2.5117311477661133,2397,11.546551732483845,5.0,5.0
6470,2.5134923458099365,2397,10.39189655923546,5.0,5.0
6480,2.519172430038452,2397,6.136310999262949,5.0,5.0
6484,2.521021842956543,2397,9.5,5.0,5.0
6490,2.524085521697998,2397,7.695000000000001,5.0,5.0
6498,2.52661395072937,2397,10.609655000000002,5.0,5.0
6500,2.5277063846588135,2397,14.548689500000002,5.0,5.0
6503,2.529409408569336,2397,18.093820550000004,5.0,5.0
6510,2.5328285694122314,2397,13.190395180950004,5.0,5.0
6520,2.5369672775268555,2397,8.654218278221299,5.0,5.0
6530,2.5404746532440186,2397,6.308925124823327,5.0,5.0
6532,2.5415589809417725,2397,10.678032612340996,5.0,5.0
6540,2.545239210128784,2397,12.784285774396587,5.0,5.0
6544,2.546391248703003,2397,14.319744329535112,5.0,5.0
6550,2.5483944416046143,2397,9.395184254607987,5.0,5.0
6552,2.549020767211914,2397,12.610099246232469,5.0,5.0
6560,2.5524935722351074,2397,8.273486115453123,5.0,5.0
6570,2.5559182167053223,2397,5.0,5.0,5.0
6580,2.5594990253448486,2397,5.0,5.0,5.0
6590,2.5636394023895264,2397,5.0,5.0,5.0
6593,2.565006971359253,2397,9.5,5.0,5.0
6600,2.568253517150879,2397,11.925500000000001,5.0,5.0
6610,2.5718259811401367,2397,7.041888495000001,5.0,5.0
6620,2.576870918273926,2397,5.133536712855001,5.0,5.0
6629,2.581742763519287,2397,9.5,5.0,5.0
6630,2.5819623470306396,2397,9.5,5.0,5.0
6635,2.5834248065948486,2397,11.925500000000001,5.0,5.0
6636,2.5837433338165283,2397,15.73295,5.0,5.0
6640,2.585169792175293,2397,14.159655,5.0,5.0
6648,2.588628053665161,2397,14.2901496455,5.0,5.0
6650,2.5891964435577393,2397,17.861134680950002,5.0,5.0
6655,2.591045379638672,2397,18.020767182412555,5.0,5.0
6660,2.5932512283325195,2397,18.137139275978754,5.0,5.0
6663,2.594541311264038,2397,19.691082813542792,5.0,5.0
6666,2.5958609580993652,2397,20.949777078969664,5.0,5.0
6670,2.597295045852661,2397,16.969319433965428,5.0,5.0
6674,2.5989041328430176,2397,18.745148741511997,5.0,5.0
6675,2.5991947650909424,2397,21.870633867360798,5.0,5.0
6677,2.5997910499572754,2397,24.68357048062472,5.0,5.0
6680,2.601073980331421,2397,22.215213432562248,5.0,5.0
6690,2.6041383743286133,2397,13.117861379793684,5.0,5.0
6691,2.604548931121826,2397,16.806075241814316,5.0,5.0
6700,2.609100103378296,2397,12.251628851282637,5.0,5.0
6710,2.6137609481811523,2397,7.234464320393885,5.0,5.0
6720,2.617366075515747,2397,5.859916099519047,5.0,5.0
6730,2.622891664505005,2397,5.273924489567142,5.0,5.0
6740,2.6259467601776123,2397,5.0,5.0,5.0
6744,2.627558469772339,2397,9.5,5.0,5.0
6750,2.6301991939544678,2397,11.925500000000001,5.0,5.0
6751,2.630495309829712,2397,15.73295,5.0,5.0
6755,2.63213849067688,2397,17.743689500000002,5.0,5.0
6760,2.6349592208862305,2397,14.372388495000003,5.0,5.0
6761,2.635251760482788,2397,17.935149645500005,5.0,5.0
6770,2.63863468170166,2397,9.53147386275417,5.0,5.0
6780,2.6428496837615967,2397,7.720493828830879,5.0,5.0
6790,2.6468007564544678,2397,5.06541600109594,5.0,5.0
6800,2.649582862854004,2397,5.0,5.0,5.0
6803,2.650930643081665,2397,9.5,5.0,5.0
6810,2.6538491249084473,2397,6.2329500000000015,5.0,5.0
6818,2.656123638153076,2397,9.5,5.0,5.0
6820,2.65669846534729,2397,7.695000000000001,5.0,5.0
6827,2.659517526626587,2397,10.048689500000002,5.0,5.0
6830,2.66031551361084,2397,9.043820550000001,5.0,5.0
6840,2.664381980895996,2397,6.592945180950002,5.0,5.0
6841,2.664701223373413,2397,10.933650662855001,5.0,5.0
6849,2.668297290802002,2397,11.456211379909249,5.0,5.0
6850,2.6690521240234375,2397,11.456211379909249,5.0,5.0
6860,2.672755479812622,2397,6.764778257722614,5.0,5.0
6870,2.677025318145752,2397,9.5,5.0,5.0
6880,2.681748867034912,2397,6.925500000000001,5.0,5.0
6890,2.686035394668579,2397,5.0,5.0,5.0
6895,2.688021659851074,2397,9.5,5.0,5.0
6900,2.690267324447632,2397,6.925500000000001,5.0,5.0
6905,2.691549301147461,2397,10.048689500000002,5.0,5.0
6906,2.691887140274048,2397,14.043820550000001,5.0,5.0
6910,2.69340181350708,2397,10.237945180950002,5.0,5.0
6916,2.6955301761627197,2397,11.717115833221296,5.0,5.0
6917,2.6958560943603516,2397,15.545404249899168,5.0,5.0
6920,2.696653127670288,2397,12.591777442418326,5.0,5.0
6922,2.697235345840454,2397,15.199339728358845,5.0,5.0
6923,2.6975269317626953,2397,18.67940575552296,5.0,5.0
6930,2.700941324234009,2397,12.255558116198616,5.0,5.0
6940,2.7047574520111084,2397,8.040871680037913,5.0,5.0
6941,2.705105781555176,2397,12.236784512034122,5.0,5.0
6943,2.7057008743286133,2397,14.911795454747638,5.0,5.0
6948,2.707627296447754,2397,15.87069888651103,5.0,5.0
6950,2.7081899642944336,2397,19.28362899785993,5.0,5.0
6960,2.714003562927246,2397,12.6519889854959,5.0,5.0
6970,2.7184102535247803,2397,8.300969973383861,5.0,5.0
6973,2.719224691390991,2397,11.723785678440926,5.0,5.0
6975,2.7203283309936523,2397,15.551407110596834,5.0,5.0
6980,2.7220921516418457,2397,13.99626639953715,5.0,5.0
6981,2.722410202026367,2397,17.596639759583436,5.0,5.0
6990,2.725904703140259,2397,9.351575830472784,5.0,5.0
7000,2.7290701866149902,2397,5.522012012135875,5.0,5.0
7006,2.731755018234253,2397,9.5,5.0,5.0
7010,2.734280824661255,2397,8.55,5.0,5.0
7018,2.7385053634643555,2397,11.232950000000002,5.0,5.0
7020,2.739513397216797,2397,11.232950000000002,5.0,5.0
7030,2.7445850372314453,2397,8.188820550000003,5.0,5.0
7040,2.7491488456726074,2397,5.0,5.0,5.0
7050,2.7522385120391846,2397,5.0,5.0,5.0
7060,2.756575107574463,2397,5.0,5.0,5.0
7067,2.759028434753418,2397,9.5,5.0,5.0
7070,2.761319637298584,2397,8.55,5.0,5.0
7074,2.7624852657318115,2397,11.925500000000001,5.0,5.0
7080,2.7661585807800293,2397,9.659655,5.0,5.0
7083,2.7671077251434326,2397,12.824320550000001,5.0,5.0
7085,2.767726182937622,2397,15.387699645500001,5.0,5.0
7089,2.7693731784820557,2397,16.217633041569503,5.0,5.0
7090,2.769651412963867,2397,14.595869737412553,5.0,5.0
7098,2.773418426513672,2397,15.640389038573751,5.0,5.0
7100,2.773998260498047,2397,12.66871512124474,5.0,5.0
7105,2.7754178047180176,2397,14.235493323387415,5.0,5.0
7110,2.777346611022949,2397,9.339907169474483,5.0,5.0
7115,2.778853416442871,2397,10.515121784502988,5.0,5.0
7118,2.780195474624634,2397,13.51724864544742,5.0,5.0
7120,2.7812488079071045,2397,12.165523780902678,5.0,5.0
7129,2.784822702407837,2397,12.981800152650248,5.0,5.0
7130,2.7855746746063232,2397,12.981800152650248,5.0,5.0
7137,2.788895606994629,2397,14.463732311282032,5.0,5.0
7140,2.7902231216430664,2397,13.01735908015383,5.0,5.0
7143,2.7910783290863037,2397,15.544060854924602,5.0,5.0
7150,2.7940361499786377,2397,11.331620363240036,5.0,5.0
7160,2.798229932785034,2397,8.260751244801988,5.0,5.0
7166,2.800987482070923,2397,11.69120850828961,5.0,5.0
7170,2.802551031112671,2397,10.522087657460649,5.0,5.0
7171,2.8028829097747803,2397,14.469878891714584,5.0,5.0
7180,2.8066673278808594,2397,10.548541712059933,5.0,5.0
7183,2.807612180709839,2397,12.689886908091694,5.0,5.0
7187,2.8087501525878906,2397,15.278808395554274,5.0,5.0
7190,2.8100547790527344,2397,15.278808395554274,5.0,5.0
7200,2.813814401626587,2397,8.11978521254176,5.0,5.0
7210,2.818481206893921,2397,7.307806691287585,5.0,5.0
7212,2.8190090656280518,2397,10.919323419942945,5.0,5.0
7220,2.822263717651367,2397,7.164168095824566,5.0,5.0
7230,2.826430320739746,2397,5.802976157617898,5.0,5.0
7239,2.8304495811462402,2397,9.5,5.0,5.0
7240,2.830747604370117,2397,8.55,5.0,5.0
7242,2.8319153785705566,2397,12.695,5.0,5.0
7244,2.8330159187316895,2397,16.4255,5.0,5.0
7250,2.8356733322143555,2397,10.776770550000002,5.0,5.0
7253,2.836622953414917,2397,13.729184145500001,5.0,5.0
7256,2.8376214504241943,2397,15.0085752420695,5.0,5.0
7260,2.838611125946045,2397,12.156945946076297,5.0,5.0
7270,2.843228578567505,2397,7.178555011698593,5.0,5.0
7275,2.845280885696411,2397,9.709849943175445,5.0,5.0
7280,2.8475613594055176,2397,8.738864948857902,5.0,5.0
7286,2.849799156188965,2397,10.73356929294567,5.0,5.0
7290,2.851253032684326,2397,9.660212363651103,5.0,5.0
7300,2.855586051940918,2397,5.70425879861234,5.0,5.0
7304,2.8566412925720215,2397,9.620449626875995,5.0,5.0
7310,2.858736753463745,2397,7.792564197769557,5.0,5.0
7320,2.864093542098999,2397,7.013307777992601,5.0,5.0
7330,2.868544578552246,2397,5.0,5.0,5.0
7335,2.870967149734497,2397,9.5,5.0,5.0
7340,2.873202323913574,2397,7.695000000000001,5.0,5.0
7341,2.873544216156006,2397,11.925500000000001,5.0,5.0
7342,2.873863935470581,2397,15.73295,5.0,5.0
7343,2.874169111251831,2397,19.159655,5.0,5.0
7344,2.874483346939087,2397,22.243689500000002,5.0,5.0
7350,2.8770363330841064,2397,16.2156496455,5.0,5.0
7360,2.8812429904937744,2397,9.575178959171296,5.0,5.0
7369,2.885131359100342,2397,12.75589495692875,5.0,5.0
7370,2.8853774070739746,2397,12.75589495692875,5.0,5.0
7380,2.8888490200042725,2397,6.101105014624655,5.0,5.0
7390,2.8950657844543457,2397,5.0,5.0,5.0
7400,2.8986287117004395,2397,5.0,5.0,5.0
7410,2.9028916358947754,2397,5.0,5.0,5.0
7417,2.905710220336914,2397,9.5,5.0,5.0
7420,2.9065568447113037,2397,8.55,5.0,5.0
7427,2.9099326133728027,2397,11.925500000000001,5.0,5.0
7430,2.9112701416015625,2397,9.659655,5.0,5.0
7440,2.9163193702697754,2397,7.041888495000001,5.0,5.0
7450,2.920527696609497,2397,5.703929680950001,5.0,5.0
7460,2.925570011138916,2397,5.0,5.0,5.0
7470,2.92941951751709,2397,9.5,5.0,5.0
7477,2.933232307434082,2397,12.695,5.0,5.0
7480,2.934530258178711,2397,11.425500000000001,5.0,5.0
7490,2.9383559226989746,2397,7.496270550000002,5.0,5.0
7500,2.9429807662963867,2397,6.071979145500001,5.0,5.0
7510,2.9471983909606934,2397,5.0,5.0,5.0
7516,2.9501631259918213,2397,9.5,5.0,5.0
7519,2.950949192047119,2397,12.695,5.0,5.0
7520,2.9512553215026855,2397,11.425500000000001,5.0,5.0
7521,2.951571226119995,2397,15.282950000000001,5.0,5.0
7523,2.952622890472412,2397,18.754655,5.0,5.0
7524,2.9529359340667725,2397,21.8791895,5.0,5.0
7527,2.9538052082061768,2397,20.9499291455,5.0,5.0
7530,2.955287218093872,2397,16.969442607855004,5.0,5.0
7532,2.9563474655151367,2397,20.272498347069504,5.0,5.0
7540,2.9592063426971436,2397,13.300786165512303,5.0,5.0
7543,2.960158348083496,2397,15.773636794064966,5.0,5.0
7545,2.9613146781921387,2397,19.19627311465847,5.0,5.0
7550,2.9636878967285156,2397,17.276645803192626,5.0,5.0
7560,2.967456340789795,2397,9.181517922294493,5.0,5.0
7561,2.9678003787994385,2397,13.263366130065045,5.0,5.0
7570,2.9722506999969482,2397,10.743326565352687,5.0,5.0
7575,2.9745750427246094,2397,12.83188506614211,5.0,5.0
7580,2.9769930839538574,2397,10.393826903575109,5.0,5.0
7581,2.9773128032684326,2397,14.354444213217597,5.0,5.0
7584,2.9781997203826904,2397,15.464389831435629,5.0,5.0
7590,2.980696439743042,2397,11.273540187116573,5.0,5.0
7600,2.9853272438049316,2397,7.396569716767184,5.0,5.0
7607,2.9881033897399902,2397,10.991221470581419,5.0,5.0
7610,2.989415168762207,2397,8.90288939117095,5.0,5.0
7620,2.9933955669403076,2397,5.0,5.0,5.0
7621,2.9937422275543213,2397,9.5,5.0,5.0
7630,2.998278856277466,2397,6.2329500000000015,5.0,5.0
7640,3.0052602291107178,2397,5.0,5.0,5.0
7645,3.0077831745147705,2397,9.5,5.0,5.0
7647,3.0083298683166504,2397,12.695,5.0,5.0
7650,3.0091476440429688,2397,14.254655000000001,5.0,5.0
7660,3.01278018951416,2397,9.352479145500002,5.0,5.0
7669,3.0162951946258545,2397,9.970290869563666,5.0,5.0
7670,3.016549825668335,2397,9.970290869563666,5.0,5.0
7680,3.0201683044433594,2397,6.541507839520721,5.0,5.0
7690,3.0235838890075684,2397,5.0,5.0,5.0
7700,3.028864860534668,2397,5.0,5.0,5.0
7710,3.0338432788848877,2397,5.0,5.0,5.0
7720,3.040289878845215,2397,5.0,5.0,5.0
7723,3.0416619777679443,2397,9.5,5.0,5.0
7724,3.042025089263916,2397,13.55,5.0,5.0
7730,3.044645309448242,2397,8.890155,5.0,5.0
7738,3.047914743423462,2397,10.8328306955,5.0,5.0
7740,3.0483860969543457,2397,9.749547625950001,5.0,5.0
7750,3.0535340309143066,2397,8.774592863355002,5.0,5.0
7760,3.057234764099121,2397,5.181309339882496,5.0,5.0
7770,3.0632400512695312,2397,9.663178405894246,5.0,5.0
7780,3.0711309909820557,2397,7.044457057896906,5.0,5.0
7784,3.0730230808258057,2397,11.340011352107215,5.0,5.0
7788,3.074295997619629,2397,13.266868275686162,5.0,5.0
7790,3.0749001502990723,2397,11.940181448117546,5.0,5.0
7791,3.075223684310913,2397,15.746163303305792,5.0,5.0
7794,3.0764596462249756,2397,17.75439227567769,5.0,5.0
7799,3.0792486667633057,2397,17.942951968969037,5.0,5.0
7800,3.0797371864318848,2397,16.148656772072133,5.0,5.0
7810,3.08591365814209,2397,10.595133708156528,5.0,5.0
7819,3.090068817138672,2397,12.723852473246108,5.0,5.0
7820,3.090841293334961,2397,12.723852473246108,5.0,5.0
7830,3.0956544876098633,2397,9.275688452996413,5.0,5.0
7832,3.09627366065979,2397,13.348119607696772,5.0,5.0
7839,3.099334478378296,2397,13.757701274609852,5.0,5.0
7840,3.099588394165039,2397,13.757701274609852,5.0,5.0
7850,3.104991912841797,2397,14.026427806271524,5.0,5.0
7852,3.1056253910064697,2397,17.623785025644374,5.0,5.0
7860,3.1090002059936523,2397,11.562965355325275,5.0,5.0
7863,3.110388994216919,2397,14.366001937813472,5.0,5.0
7870,3.113217353820801,2397,12.929401744032125,5.0,5.0
7880,3.117022752761841,2397,6.8712141922501795,5.0,5.0
7890,3.1223342418670654,2397,5.565683495722646,5.0,5.0
7900,3.1260697841644287,2397,5.0,5.0,5.0
7908,3.12939453125,2397,9.5,5.0,5.0
7910,3.129971742630005,2397,9.5,5.0,5.0
7915,3.1328530311584473,2397,12.695,5.0,5.0
7920,3.134702205657959,2397,10.282950000000001,5.0,5.0
7928,3.1390669345855713,2397,11.746643495,5.0,5.0
7930,3.1401495933532715,2397,10.5719791455,5.0,5.0
7940,3.1434218883514404,2397,5.618383169063666,5.0,5.0
7950,3.1481549739837646,2397,5.0,5.0,5.0
7960,3.152352809906006,2397,5.0,5.0,5.0
7969,3.156284809112549,2397,9.5,5.0,5.0
7970,3.1570544242858887,2397,9.5,5.0,5.0
7980,3.160965919494629,2397,6.925500000000001,5.0,5.0
7988,3.1641032695770264,2397,10.048689500000002,5.0,5.0
7990,3.165170192718506,2397,9.043820550000001,5.0,5.0
8000,3.1704869270324707,2397,10.933650662855001,5.0,5.0
8007,3.174323320388794,2397,13.85625703691255,5.0,5.0
8010,3.1760096549987793,2397,13.85625703691255,5.0,5.0
8017,3.178468704223633,2397,14.091090241918325,5.0,5.0
8020,3.179745674133301,2397,14.091090241918325,5.0,5.0
8022,3.1803689002990723,2397,16.413783095953846,5.0,5.0
8025,3.1812593936920166,2397,18.295164307722615,5.0,5.0
8028,3.18225359916687,2397,18.33717478032979,5.0,5.0
8029,3.1825664043426514,2397,21.503457302296813,5.0,5.0
8030,3.1828887462615967,2397,19.35311157206713,5.0,5.0
8034,3.184095859527588,2397,17.697576502433247,5.0,5.0
8040,3.1860594749450684,2397,12.901533270273838,5.0,5.0
8050,3.189682960510254,2397,13.464695978626667,5.0,5.0
8060,3.193033456802368,2397,9.815763368418839,5.0,5.0
8068,3.196199893951416,2397,12.155691495577335,5.0,5.0
8070,3.196789026260376,2397,9.84611011141764,5.0,5.0
8080,3.1999590396881104,2397,5.814029559691003,5.0,5.0
8087,3.202322244644165,2397,9.709363943349713,5.0,5.0
8090,3.203143358230591,2397,8.738427549014741,5.0,5.0
8100,3.208501100540161,2397,5.159954083417715,5.0,5.0
8110,3.2120702266693115,2397,9.5,5.0,5.0
8120,3.216240406036377,2397,5.609655000000002,5.0,5.0
8122,3.216878890991211,2397,10.048689500000002,5.0,5.0
8130,3.220665693283081,2397,7.325494645500002,5.0,5.0
8140,3.226062774658203,2397,5.340285596569502,5.0,5.0
8150,3.2313127517700195,2397,5.0,5.0,5.0
8158,3.2341325283050537,2397,9.5,5.0,5.0
8160,3.234752893447876,2397,7.695000000000001,5.0,5.0
8170,3.2393414974212646,2397,5.0,5.0,5.0
8180,3.243358850479126,2397,5.0,5.0,5.0
8187,3.2462306022644043,2397,9.5,5.0,5.0
8190,3.247389316558838,2397,8.55,5.0,5.0
8191,3.247714042663574,2397,12.695,5.0,5.0
8200,3.2519242763519287,2397,13.329189500000002,5.0,5.0
8205,3.253582000732422,2397,14.716979145500002,5.0,5.0
8210,3.2563071250915527,2397,11.920753107855003,5.0,5.0
8219,3.2600502967834473,2397,11.33517695239157,5.0,5.0
8220,3.260305881500244,2397,10.201659257152414,5.0,5.0
8223,3.2615809440612793,2397,13.263343998293456,5.0,5.0
8229,3.2632076740264893,2397,13.702079997280338,5.0,5.0
8230,3.2633779048919678,2397,12.331871997552303,5.0,5.0
8233,3.2646477222442627,2397,14.988816318017367,5.0,5.0
8234,3.264932632446289,2397,18.48993468621563,5.0,5.0
8240,3.267530679702759,2397,18.479162386251197,5.0,5.0
8250,3.2720155715942383,2397,17.124178441619414,5.0,5.0
8260,3.2749462127685547,2397,10.111656127991848,5.0,5.0
8264,3.2769618034362793,2397,13.190441463673398,5.0,5.0
8270,3.279406785964966,2397,11.871397317306059,5.0,5.0
8280,3.2825582027435303,2397,7.0099414018960555,5.0,5.0
8283,3.2838141918182373,2397,11.30894726170645,5.0,5.0
8284,3.2840991020202637,2397,15.178052535535805,5.0,5.0
8290,3.287128448486328,2397,11.0648002984056,5.0,5.0
8300,3.290830373764038,2397,8.962488241708536,5.0,5.0
8303,3.2915751934051514,2397,11.533653928205522,5.0,5.0
8309,3.2935900688171387,2397,14.342259681846473,5.0,5.0
8310,3.2938592433929443,2397,12.908033713661826,5.0,5.0
8313,3.2955267429351807,2397,16.61723034229564,5.0,5.0
8315,3.2966418266296387,2397,19.95550730806608,5.0,5.0
8317,3.2971978187561035,2397,21.163960919533526,5.0,5.0
8320,3.2983856201171875,2397,21.163960919533526,5.0,5.0
8322,3.2988030910491943,2397,24.047564827580175,5.0,5.0
8327,3.3000710010528564,2397,22.530674759305946,5.0,5.0
8328,3.3003439903259277,2397,25.277607283375353,5.0,5.0
8330,3.3012173175811768,2397,22.74984655503782,5.0,5.0
8340,3.3047432899475098,2397,12.090201203055853,5.0,5.0
8346,3.30662202835083,2397,14.793062974475243,5.0,5.0
8350,3.308501720428467,2397,11.982381009324948,5.0,5.0
8352,3.3091092109680176,2397,15.784142908392454,5.0,5.0
8360,3.312500238418579,2397,9.320378545976661,5.0,5.0
8363,3.3132684230804443,2397,13.388340691378994,5.0,5.0
8370,3.316500186920166,2397,9.760100364015289,5.0,5.0
8374,3.3179214000701904,2397,13.78409032761376,5.0,5.0
8380,3.3203296661376953,2397,12.405681294852384,5.0,5.0
8387,3.3231558799743652,2397,13.13936749755265,5.0,5.0
8390,3.323948860168457,2397,9.578598905715882,5.0,5.0
8391,3.324239730834961,2397,13.620739015144295,5.0,5.0
8400,3.3275699615478516,2397,13.936566867836174,5.0,5.0
8405,3.3304078578948975,2397,17.542910181052555,5.0,5.0
8410,3.3326492309570312,2397,12.788781521987314,5.0,5.0
8420,3.3373868465423584,2397,9.323021729528753,5.0,5.0
8423,3.3386423587799072,2397,13.390719556575878,5.0,5.0
8427,3.340070962905884,2397,14.761834556743816,5.0,5.0
8430,3.341298818588257,2397,11.957085990962492,5.0,5.0
8439,3.3445608615875244,2397,10.719037162510789,5.0,5.0
8440,3.345297336578369,2397,10.719037162510789,5.0,5.0
8449,3.3474960327148438,2397,11.329484254090996,5.0,5.0
8450,3.348227024078369,2397,11.329484254090996,5.0,5.0
8460,3.351663112640381,2397,7.433274619109104,5.0,5.0
8467,3.3542115688323975,2397,10.418857197330539,5.0,5.0
8469,3.354749917984009,2397,14.376971477597484,5.0,5.0
8470,3.3550333976745605,2397,17.939274329837737,5.0,5.0
8480,3.360157012939453,2397,16.76995788780654,5.0,5.0
8487,3.362529993057251,2397,16.002769370189874,5.0,5.0
8489,3.3630847930908203,2397,17.962243189853798,5.0,5.0
8490,3.363797187805176,2397,17.962243189853798,5.0,5.0
8500,3.367443561553955,2397,9.545872483059094,5.0,5.0
8503,3.3682637214660645,2397,12.732156711277867,5.0,5.0
8506,3.3695051670074463,2397,15.313046936135072,5.0,5.0
8510,3.3710145950317383,2397,12.403568018269409,5.0,5.0
8515,3.3722190856933594,2397,15.046890094798222,5.0,5.0
8520,3.3738772869110107,2397,10.969182879107905,5.0,5.0
8530,3.3778610229492188,2397,5.829473518455984,5.0,5.0
8531,3.3781425952911377,2397,10.246526166610387,5.0,5.0
8537,3.3805453777313232,2397,14.221873549949349,5.0,5.0
8540,3.381734848022461,2397,11.519717575458973,5.0,5.0
8543,3.3835103511810303,2397,14.330971236121767,5.0,5.0
8550,3.386418342590332,2397,8.462295205217542,5.0,5.0
8560,3.391364097595215,2397,6.854459116226209,5.0,5.0
8570,3.3949904441833496,2397,5.0,5.0,5.0
8580,3.4003164768218994,2397,5.0,5.0,5.0
8585,3.4014902114868164,2397,9.5,5.0,5.0
8590,3.4036943912506104,2397,7.695000000000001,5.0,5.0
8600,3.407421112060547,2397,5.609655000000002,5.0,5.0
8610,3.41172194480896,2397,5.0,5.0,5.0
8611,3.412008762359619,2397,9.5,5.0,5.0
8618,3.4147160053253174,2397,11.925500000000001,5.0,5.0
8620,3.4155702590942383,2397,11.925500000000001,5.0,5.0
8629,3.4188637733459473,2397,10.70392968095,5.0,5.0
8630,3.4190938472747803,2397,10.70392968095,5.0,5.0
8637,3.4218883514404297,2397,12.022848263671296,5.0,5.0
8640,3.423586845397949,2397,12.022848263671296,5.0,5.0
8648,3.425994396209717,2397,11.389434504093739,5.0,5.0
8650,3.4264988899230957,2397,9.225441948315929,5.0,5.0
8660,3.428934335708618,2397,6.052812462290082,5.0,5.0
8670,3.432947874069214,2397,5.0,5.0,5.0
8674,3.4344236850738525,2397,9.5,5.0,5.0
8680,3.436920642852783,2397,7.695000000000001,5.0,5.0
8683,3.437682628631592,2397,11.925500000000001,5.0,5.0
8690,3.4403295516967773,2397,7.824320550000001,5.0,5.0
8700,3.444770097732544,2397,6.337699645500001,5.0,5.0
8710,3.4480297565460205,2397,5.133536712855001,5.0,5.0
8716,3.4499011039733887,2397,9.5,5.0,5.0
8720,3.4519741535186768,2397,7.695000000000001,5.0,5.0
8726,3.455294132232666,2397,11.232950000000002,5.0,5.0
8730,3.4562361240386963,2397,8.188820550000003,5.0,5.0
8737,3.4584405422210693,2397,10.372685162855003,5.0,5.0
8739,3.4590611457824707,2397,13.401874981912552,5.0,5.0
8740,3.4592299461364746,2397,12.061687483721297,5.0,5.0
8744,3.4602112770080566,2397,13.792970175632828,5.0,5.0
8747,3.461024284362793,2397,15.055075258036332,5.0,5.0
8749,3.461566925048828,2397,17.19461095900943,5.0,5.0
8750,3.461845636367798,2397,15.475149863108488,5.0,5.0
8752,3.462843894958496,2397,18.92763487679764,5.0,5.0
8760,3.466733455657959,2397,13.798245825185482,5.0,5.0
8762,3.46720027923584,2397,16.17657911840024,5.0,5.0
8764,3.467822790145874,2397,18.103029085904197,5.0,5.0
8770,3.4697179794311523,2397,13.197108203624161,5.0,5.0
8779,3.4734957218170166,2397,12.792760423158033,5.0,5.0
8780,3.473766565322876,2397,11.513484380842229,5.0,5.0
8785,3.475161552429199,2397,14.325922348482207,5.0,5.0
8790,3.4767253398895264,2397,11.603997102270588,5.0,5.0
8796,3.4789180755615234,2397,13.45931388755526,5.0,5.0
8800,3.4805116653442383,2397,9.811839824027786,5.0,5.0
8803,3.482372283935547,2397,13.830655841625008,5.0,5.0
8810,3.4845046997070312,2397,10.082548108544632,5.0,5.0
8816,3.4864983558654785,2397,12.350177571129038,5.0,5.0
8820,3.48753023147583,2397,9.00327944935307,5.0,5.0
8830,3.4899725914001465,2397,6.563390718578389,5.0,5.0
8833,3.4907796382904053,2397,9.784711833843646,5.0,5.0
8840,3.493518590927124,2397,7.925616585413354,5.0,5.0
8850,3.4976799488067627,2397,5.199997041689702,5.0,5.0
8855,3.4988627433776855,2397,9.5,5.0,5.0
8860,3.501343250274658,2397,8.55,5.0,5.0
8870,3.506136655807495,2397,6.2329500000000015,5.0,5.0
8880,3.5119943618774414,2397,5.0,5.0,5.0
8890,3.5165517330169678,2397,5.0,5.0,5.0
8900,3.521533727645874,2397,9.5,5.0,5.0
8903,3.5228350162506104,2397,13.55,5.0,5.0
8910,3.524914503097534,2397,9.87795,5.0,5.0
8920,3.5278308391571045,2397,5.832830695500001,5.0,5.0
8930,3.531726121902466,2397,5.0,5.0,5.0
8940,3.535290002822876,2397,5.0,5.0,5.0
8941,3.535578489303589,2397,9.5,5.0,5.0
8950,3.5392346382141113,2397,6.925500000000001,5.0,5.0
8958,3.5416080951690674,2397,9.543820550000003,5.0,5.0
8959,3.541921377182007,2397,13.589438495000003,5.0,5.0
8960,3.5422098636627197,2397,17.230494645500002,5.0,5.0
8964,3.5432991981506348,2397,16.30492753691255,5.0,5.0
8970,3.546389102935791,2397,13.206991304899166,5.0,5.0
8972,3.54740309715271,2397,16.88629217440925,5.0,5.0
8974,3.548407554626465,2397,20.197662956968323,5.0,5.0
8978,3.5498616695404053,2397,21.360106995144342,5.0,5.0
8980,3.5503735542297363,2397,19.22409629562991,5.0,5.0
8990,3.554805278778076,2397,11.351636621606506,5.0,5.0
9000,3.5596816539764404,2397,8.275343097151143,5.0,5.0
9010,3.563807964324951,2397,6.703027908692427,5.0,5.0
9020,3.569422960281372,2397,6.032725117823184,5.0,5.0
9023,3.5710525512695312,2397,9.88650734543678,5.0,5.0
9030,3.5740668773651123,2397,8.008070949803793,5.0,5.0
9040,3.577007532119751,2397,5.25409535016627,5.0,5.0
9042,3.5775558948516846,2397,9.5,5.0,5.0
9050,3.5809736251831055,2397,6.925500000000001,5.0,5.0
9060,3.584916830062866,2397,5.048689500000002,5.0,5.0
9070,3.5893282890319824,2397,5.0,5.0,5.0
9080,3.5933525562286377,2397,5.0,5.0,5.0
9090,3.5967392921447754,2397,5.0,5.0,5.0
9100,3.602553367614746,2397,5.0,5.0,5.0
9110,3.60699462890625,2397,5.0,5.0,5.0
9112,3.607578992843628,2397,9.5,5.0,5.0
9120,3.611487865447998,2397,8.55,5.0,5.0
9126,3.613382577896118,2397,11.925500000000001,5.0,5.0
9130,3.614366054534912,2397,7.824320550000001,5.0,5.0
9140,3.6183722019195557,2397,5.0,5.0,5.0
9150,3.6226699352264404,2397,5.0,5.0,5.0
9153,3.623396158218384,2397,9.5,5.0,5.0
9160,3.62600040435791,2397,7.695000000000001,5.0,5.0
9161,3.6262810230255127,2397,11.925500000000001,5.0,5.0
9167,3.6278798580169678,2397,12.041888495000002,5.0,5.0
9170,3.6291146278381348,2397,9.753929680950003,5.0,5.0
9180,3.632519006729126,2397,5.759597937304168,5.0,5.0
9190,3.6366560459136963,2397,5.0,5.0,5.0
9191,3.6369667053222656,2397,9.5,5.0,5.0
9200,3.640662670135498,2397,5.609655000000002,5.0,5.0
9210,3.644991397857666,2397,5.0,5.0,5.0
9218,3.6468660831451416,2397,9.5,5.0,5.0
9220,3.647886037826538,2397,9.5,5.0,5.0
9230,3.6527254581451416,2397,6.2329500000000015,5.0,5.0
9240,3.6571056842803955,2397,5.0,5.0,5.0
9244,3.6585464477539062,2397,9.5,5.0,5.0
9250,3.66131854057312,2397,7.695000000000001,5.0,5.0
9260,3.6643292903900146,2397,5.0,5.0,5.0
9264,3.6663196086883545,2397,9.5,5.0,5.0
9270,3.6686906814575195,2397,7.695000000000001,5.0,5.0
9279,3.6729443073272705,2397,10.048689500000002,5.0,5.0
9280,3.6731956005096436,2397,9.043820550000001,5.0,5.0
9290,3.676499843597412,2397,6.592945180950002,5.0,5.0
9292,3.677565336227417,2397,10.933650662855001,5.0,5.0
9300,3.6801095008850098,2397,5.810590241918325,5.0,5.0
9310,3.6830689907073975,2397,5.0,5.0,5.0
9320,3.6876285076141357,2397,5.0,5.0,5.0
9330,3.6915454864501953,2397,9.5,5.0,5.0
9340,3.696087121963501,2397,5.048689500000002,5.0,5.0
9350,3.700106143951416,2397,5.0,5.0,5.0
9352,3.701197624206543,2397,9.5,5.0,5.0
9360,3.7042367458343506,2397,5.609655000000002,5.0,5.0
9366,3.7067885398864746,2397,5.0,5.0,9.5
9370,3.7077887058258057,2397,5.0,5.0,6.925500000000001
9380,3.7113919258117676,2397,5.0,5.0,5.0
9384,3.71292781829834,2397,9.5,5.0,5.0
9390,3.7149901390075684,2397,7.695000000000001,5.0,5.0
9400,3.71928071975708,2397,5.048689500000002,5.0,5.0
9410,3.7231502532958984,2397,5.0,5.0,5.0
9411,3.7234625816345215,2397,9.5,5.0,5.0
9412,3.723766565322876,2397,13.55,5.0,5.0
9420,3.726795196533203,2397,7.201025550000001,5.0,5.0
9424,3.728203296661377,2397,11.480922995,5.0,5.0
9425,3.7284953594207764,2397,15.3328306955,5.0,5.0
9430,3.7311060428619385,2397,13.79954762595,5.0,5.0
9438,3.733184576034546,2397,13.148494877647217,5.0,5.0
9440,3.7336061000823975,2397,11.833645389882495,5.0,5.0
9443,3.7344326972961426,2397,13.62672748922434,5.0,5.0
9445,3.735006093978882,2397,16.037649266271714,5.0,5.0
9450,3.736166000366211,2397,11.69144631511208,5.0,5.0
9460,3.7395145893096924,2397,8.523064363716708,5.0,5.0
9470,3.7430579662323,2397,5.0,5.0,5.0
9480,3.7470643520355225,2397,5.0,5.0,5.0
9481,3.7473599910736084,2397,9.5,5.0,5.0
9483,3.7479779720306396,2397,12.695,5.0,5.0
9490,3.75060772895813,2397,9.254655000000001,5.0,5.0
9500,3.753891706466675,2397,6.746643495000002,5.0,5.0
9501,3.754190444946289,2397,11.071979145500002,5.0,5.0
9505,3.7557435035705566,2397,13.968303107855002,5.0,5.0
9510,3.7570972442626953,2397,8.2481433021573,5.0,5.0
9520,3.7609505653381348,2397,5.411606820545406,5.0,5.0
9530,3.765397071838379,2397,5.0,5.0,5.0
9540,3.7693464756011963,2397,5.0,5.0,5.0
9545,3.7705323696136475,2397,9.5,5.0,5.0
9550,3.7723464965820312,2397,11.925500000000001,5.0,5.0
9554,3.7743442058563232,2397,15.73295,5.0,5.0
9560,3.7763278484344482,2397,12.7436895,5.0,5.0
9570,3.78039288520813,2397,7.525021212855,5.0,5.0
9580,3.7845375537872314,2397,5.0,5.0,5.0
9585,3.7864224910736084,2397,9.5,5.0,5.0
9590,3.7895145416259766,2397,9.5,5.0,5.0
9600,3.792422294616699,2397,6.925500000000001,5.0,5.0
9610,3.796855926513672,2397,5.0,5.0,5.0
9620,3.8008718490600586,2397,5.0,5.0,5.0
9630,3.8057761192321777,2397,5.0,5.0,5.0
9631,3.8060805797576904,2397,9.5,5.0,5.0
9640,3.809736490249634,2397,11.232950000000002,5.0,5.0
9650,3.812769889831543,2397,5.372685162855002,5.0,5.0
9660,3.8166279792785645,2397,5.0,5.0,5.0
9670,3.821497917175293,2397,5.0,5.0,5.0
9680,3.826411485671997,2397,5.0,5.0,5.0
9689,3.830359697341919,2397,9.5,5.0,5.0
9690,3.8311052322387695,2397,9.5,5.0,5.0
9700,3.8349449634552,2397,6.2329500000000015,5.0,5.0
9710,3.8384292125701904,2397,5.0,5.0,5.0
9713,3.839268445968628,2397,9.5,5.0,5.0
9720,3.841531753540039,2397,5.609655000000002,5.0,5.0
9730,3.8450353145599365,2397,5.0,5.0,5.0
9740,3.848536968231201,2397,5.0,5.0,5.0
9748,3.8510522842407227,2397,9.5,5.0,5.0
9750,3.8516476154327393,2397,7.695000000000001,5.0,5.0
9753,3.8529322147369385,2397,11.925500000000001,5.0,5.0
9760,3.8566782474517822,2397,9.659655,5.0,5.0
9763,3.8574962615966797,2397,12.824320550000001,5.0,5.0
9770,3.860218048095703,2397,9.348929680950002,5.0,5.0
9779,3.8633995056152344,2397,11.133832763671297,5.0,5.0
9780,3.8636374473571777,2397,11.133832763671297,5.0,5.0
9789,3.866269111633301,2397,12.304907676244738,5.0,5.0
9790,3.8670132160186768,2397,12.304907676244738,5.0,5.0
9795,3.8686647415161133,2397,13.970277695982414,5.0,5.0
9797,3.8696959018707275,2397,17.57324992638417,5.0,5.0
9800,3.870497226715088,2397,12.810899196334063,5.0,5.0
9810,3.873960256576538,2397,9.339145514127534,5.0,5.0
9816,3.875556230545044,2397,11.127413371819074,5.0,5.0
9820,3.8770594596862793,2397,10.014672034637167,5.0,5.0
9822,3.8780932426452637,2397,14.01320483117345,5.0,5.0
9830,3.8806424140930176,2397,8.27465732075961,5.0,5.0
9840,3.8865418434143066,2397,8.27465732075961,5.0,5.0
9850,3.8910701274871826,2397,6.032225186833757,5.0,5.0
9859,3.8939590454101562,2397,9.5,5.0,5.0
9860,3.894690990447998,2397,9.5,5.0,5.0
9866,3.8968138694763184,2397,10.609655000000002,5.0,5.0
9868,3.897352695465088,2397,14.548689500000002,5.0,5.0
9870,3.897900342941284,2397,11.784438495000002,5.0,5.0
9874,3.899015426635742,2397,12.731770096569502,5.0,5.0
9877,3.8998093605041504,2397,15.312733778221297,5.0,5.0
9878,3.9001004695892334,2397,18.78146040039917,5.0,5.0
9880,3.900603771209717,2397,16.903314360359253,5.0,5.0
9890,3.904644250869751,2397,9.981238096648536,5.0,5.0
9900,3.9080214500427246,2397,7.276322572456784,5.0,5.0
9910,3.9114298820495605,2397,9.773995239788896,5.0,5.0
9912,3.9120090007781982,2397,12.916936144229005,5.0,5.0
9920,3.9153809547424316,2397,9.416446449142946,5.0,5.0
9930,3.918720006942749,2397,5.004285717378977,5.0,5.0
9940,3.92337965965271,2397,5.0,5.0,5.0
9947,3.9260730743408203,2397,9.5,5.0,5.0
9950,3.92789626121521,2397,9.5,5.0,5.0
9954,3.9289584159851074,2397,11.232950000000002,5.0,5.0
9960,3.930893898010254,2397,8.188820550000003,5.0,5.0
9969,3.9357051849365234,2397,10.969650180950001,5.0,5.0
9970,3.9359817504882812,2397,10.969650180950001,5.0,5.0
9971,3.936278820037842,2397,14.872685162855001,5.0,5.0
9980,3.9395437240600586,2397,9.757968735349168,5.0,5.0
9983,3.940380811691284,2397,12.113559208069544,5.0,5.0
9990,3.9432191848754883,2397,9.811982958536332,5.0,5.0
9994,3.944889783859253,2397,12.152935576772986,5.0,5.0
10000,3.947481155395508,2397,8.859490035467507,5.0,5.0
10010,3.951059103012085,2397,5.231440271043208,5.0,5.0
10020,3.9550063610076904,2397,5.0,5.0,5.0
10030,3.9592623710632324,2397,5.0,5.0,5.0
10040,3.962742567062378,2397,5.0,5.0,5.0
10045,3.964562177658081,2397,9.5,5.0,5.0
10048,3.9657938480377197,2397,12.695,5.0,5.0
10050,3.966886043548584,2397,11.425500000000001,5.0,5.0
10060,3.9723870754241943,2397,6.746643495000002,5.0,5.0
10068,3.9755711555480957,2397,9.918303107855001,5.0,5.0
10069,3.9759557247161865,2397,13.9264727970695,5.0,5.0
10070,3.9762518405914307,2397,12.533825517362551,5.0,5.0
10071,3.976565361022949,2397,16.280442965626296,5.0,5.0
10080,3.981799364089966,2397,14.613438766772672,5.0,5.0
10089,3.986384391784668,2397,14.587877174879551,5.0,5.0
10090,3.9880387783050537,2397,14.587877174879551,5.0,5.0
10100,3.992440700531006,2397,6.977336430325648,5.0,5.0
10101,3.992816925048828,2397,11.279602787293083,5.0,5.0
10110,3.997298240661621,2397,7.400547388742992,5.0,5.0
10120,4.002197980880737,2397,5.0,5.0,5.0
10130,4.0058276653289795,2397,5.0,5.0,5.0
10138,4.008378982543945,2397,9.5,5.0,5.0
10140,4.009477376937866,2397,8.55,5.0,5.0
10147,4.012397527694702,2397,11.232950000000002,5.0,5.0
10150,4.013214826583862,2397,9.098689500000003,5.0,5.0
10160,4.017544746398926,2397,7.369938495000002,5.0,5.0
10170,4.02286171913147,2397,5.0,5.0,5.0
10176,4.025420665740967,2397,9.5,5.0,5.0
10180,4.026470184326172,2397,13.55,5.0,5.0
10181,4.026778936386108,2397,17.195,5.0,5.0
10185,4.028556823730469,2397,16.2816395,5.0,5.0
10190,4.031254529953003,2397,11.869315195500002,5.0,5.0
10200,4.034111499786377,2397,6.307840736811717,5.0,5.0
10201,4.0344133377075195,2397,10.677056663130546,5.0,5.0
10209,4.037521839141846,2397,12.78357430742217,5.0,5.0
10210,4.038262128829956,2397,12.78357430742217,5.0,5.0
10218,4.041775465011597,2397,13.387303103099686,5.0,5.0
10220,4.042414665222168,2397,15.843715513510746,5.0,5.0
10230,4.046067476272583,2397,11.550068609349335,5.0,5.0
10236,4.048737049102783,2397,12.5780000145941,5.0,5.0
10240,4.050163984298706,2397,10.18818001182122,5.0,5.0
10248,4.052809238433838,2397,11.016018415180312,5.0,5.0
10250,4.053781509399414,2397,11.016018415180312,5.0,5.0
10258,4.058359622955322,2397,13.030677424666449,5.0,5.0
10260,4.059161186218262,2397,16.727609682199805,5.0,5.0
10270,4.0633673667907715,2397,10.974984712491292,5.0,5.0
10280,4.066648960113525,2397,7.200687469865539,5.0,5.0
10285,4.068115472793579,2397,10.249301165531978,5.0,5.0
10290,4.070459842681885,2397,12.471740549672813,5.0,5.0
10293,4.071199655532837,2397,15.102109845234978,5.0,5.0
10299,4.073087692260742,2397,14.90849426945867,5.0,5.0
10300,4.073832750320435,2397,14.90849426945867,5.0,5.0
10310,4.077723026275635,2397,10.868292322435371,5.0,5.0
10312,4.078314781188965,2397,13.803316781172652,5.0,5.0
10313,4.078614711761475,2397,17.42298510305539,5.0,5.0
10320,4.081325054168701,2397,11.431220526114641,5.0,5.0
10323,4.082236289978027,2397,13.333359763537574,5.0,5.0
10330,4.08413290977478,2397,7.8732156067713035,5.0,5.0
10335,4.085509777069092,2397,10.165616759602653,5.0,5.0
10340,4.087982892990112,2397,7.410734617750334,5.0,5.0
10350,4.092025995254517,2397,5.402425536339994,5.0,5.0
10351,4.092341661453247,2397,9.862182982705995,5.0,5.0
10352,4.092645168304443,2397,13.875964684435397,5.0,5.0
10353,4.092939376831055,2397,17.488368215991855,5.0,5.0
10360,4.096544981002808,2397,11.474118386512256,5.0,5.0
10370,4.100756406784058,2397,6.775352166051624,5.0,5.0
10376,4.103588819503784,2397,9.5,5.0,5.0
10380,4.105134725570679,2397,8.55,5.0,5.0
10383,4.106984853744507,2397,12.695,5.0,5.0
10387,4.108502149581909,2397,14.254655000000001,5.0,5.0
10390,4.109673976898193,2397,12.829189500000002,5.0,5.0
10400,4.112746000289917,2397,6.817957297069501,5.0,5.0
10401,4.113071441650391,2397,11.136161567362551,5.0,5.0
10410,4.11618971824646,2397,8.1182617826073,5.0,5.0
10420,4.120789051055908,2397,5.918212839520723,5.0,5.0
10426,4.123456954956055,2397,9.5,5.0,5.0
10430,4.125828981399536,2397,8.55,5.0,5.0
10438,4.129899740219116,2397,11.925500000000001,5.0,5.0
10440,4.13048791885376,2397,14.659655,5.0,5.0
10445,4.131771564483643,2397,14.618199645500003,5.0,5.0
10450,4.133973598480225,2397,10.656667541569503,5.0,5.0
10453,4.13485860824585,2397,13.631900708671298,5.0,5.0
10459,4.137420177459717,2397,11.04183957402375,5.0,9.5
10460,4.13774847984314,2397,9.937655616621376,5.0,9.5
10470,4.14174222946167,2397,6.520095850065285,5.0,6.925500000000001
10471,4.142939567565918,2397,10.868086265058757,5.0,6.925500000000001
10480,4.148157596588135,2397,8.803149874697594,5.0,5.048689500000002
10490,4.1523518562316895,2397,5.198171969510182,5.0,5.0
10500,4.15643048286438,2397,5.0,5.0,5.0
10510,4.160176753997803,2397,5.0,5.0,5.0
10520,4.164028882980347,2397,5.0,5.0,5.0
10530,4.167559623718262,2397,5.0,5.0,5.0
10534,4.169218063354492,2397,9.5,5.0,5.0
10540,4.171346426010132,2397,8.55,5.0,5.0
10550,4.176058053970337,2397,6.2329500000000015,5.0,5.0
10560,4.179571628570557,2397,5.048689500000002,5.0,5.0
10570,4.183881521224976,2397,5.0,5.0,5.0
10580,4.189007997512817,2397,5.0,5.0,5.0
10590,4.1944580078125,2397,5.0,5.0,5.0
10591,4.194819450378418,2397,9.5,5.0,5.0
10600,4.19842791557312,2397,6.2329500000000015,5.0,5.0
10610,4.2015862464904785,2397,5.0,5.0,5.0
10620,4.206778526306152,2397,5.0,5.0,5.0
10622,4.2078611850738525,2397,9.5,5.0,5.0
10624,4.208470106124878,2397,12.695,5.0,5.0
10630,4.210662841796875,2397,7.496270550000002,5.0,5.0
10640,4.214602708816528,2397,5.464781230950001,5.0,5.0
10643,4.21586799621582,2397,9.5,5.0,5.0
10650,4.2192041873931885,2397,12.695,5.0,5.0
10660,4.222842693328857,2397,7.496270550000002,5.0,5.0
10670,4.227506637573242,2397,5.0,5.0,5.0
10680,4.231980323791504,2397,5.0,5.0,5.0
10690,4.23867654800415,2397,5.0,5.0,5.0
10700,4.242983102798462,2397,5.0,5.0,5.0
10710,4.247056484222412,2397,5.0,5.0,5.0
10715,4.2493040561676025,2397,9.5,5.0,5.0
10720,4.251577615737915,2397,8.55,5.0,5.0
10730,4.2556822299957275,2397,5.609655000000002,5.0,5.0
10739,4.259490489959717,2397,9.5,5.0,5.0
10740,4.259765625,2397,8.55,5.0,5.0
10749,4.262472152709961,2397,10.609655000000002,5.0,5.0
10750,4.262752532958984,2397,9.548689500000002,5.0,5.0
10760,4.265994071960449,2397,5.0745650965695015,5.0,5.0
10764,4.268080234527588,2397,9.5,5.0,5.0
10770,4.2707459926605225,2397,6.925500000000001,5.0,5.0
10780,4.274714708328247,2397,5.048689500000002,5.0,5.0
10790,4.277902841567993,2397,9.5,5.0,5.0
10800,4.281377792358398,2397,11.925500000000001,5.0,5.0
10810,4.285126686096191,2397,7.041888495000001,5.0,5.0
10820,4.287588596343994,2397,5.0,5.0,5.0
10823,4.288466691970825,2397,9.5,5.0,5.0
10830,4.292194604873657,2397,7.695000000000001,5.0,5.0
10837,4.2945051193237305,2397,10.609655000000002,5.0,5.0
10839,4.295100212097168,2397,13.593820550000002,5.0,5.0
10840,4.295367240905762,2397,12.234438495000003,5.0,5.0
10850,4.299125671386719,2397,6.501882228221296,5.0,5.0
10860,4.303826332092285,2397,5.0,5.0,5.0
10870,4.308460235595703,2397,5.0,5.0,5.0
10873,4.30979323387146,2397,9.5,5.0,5.0
10880,4.312540292739868,2397,8.55,5.0,5.0
10890,4.316490411758423,2397,6.2329500000000015,5.0,5.0
10891,4.316811800003052,2397,10.609655000000002,5.0,5.0
10900,4.3199098110198975,2397,7.734438495000002,5.0,5.0
10910,4.32456374168396,2397,5.0745650965695015,5.0,5.0
10918,4.328326463699341,2397,9.5,5.0,5.0
10920,4.32891845703125,2397,7.695000000000001,5.0,5.0
10928,4.332058429718018,2397,10.609655000000002,5.0,5.0
10930,4.332532167434692,2397,8.593820550000002,5.0,5.0
10940,4.335697412490845,2397,5.0745650965695015,5.0,5.0
10950,4.340131998062134,2397,5.0,5.0,5.0
10960,4.343571901321411,2397,5.0,5.0,5.0
10962,4.344208478927612,2397,9.5,5.0,5.0
10970,4.3469016551971436,2397,6.2329500000000015,5.0,5.0
10973,4.348197937011719,2397,10.609655000000002,5.0,5.0
10980,4.35044527053833,2397,7.734438495000002,5.0,5.0
10986,4.353338956832886,2397,11.264895180950003,5.0,5.0
10990,4.354466676712036,2397,13.212108586912553,5.0,5.0
10992,4.355064392089844,2397,15.701807955399168,5.0,5.0
10993,4.355382919311523,2397,19.13162715985925,5.0,5.0
11000,4.358268737792969,2397,12.552260579583658,5.0,5.0
11002,4.359404802322388,2397,16.297034521625292,5.0,5.0
11005,4.360260009765625,2397,18.20059796251649,5.0,5.0
11009,4.361751556396484,2397,18.268235914674523,5.0,5.0
11010,4.361953020095825,2397,16.44141232320707,5.0,5.0
11020,4.36501932144165,2397,8.737640606457493,5.0,5.0
11022,4.3655595779418945,2397,12.863876545811744,5.0,5.0
11030,4.36971116065979,2397,10.419740002107513,5.0,5.0
11031,4.370023488998413,2397,14.377766001896763,5.0,5.0
11033,4.370467901229858,2397,17.939989401707088,5.0,5.0
11040,4.373315095901489,2397,11.77042704646002,5.0,5.0
11050,4.377256870269775,2397,8.580641316869354,5.0,5.0
11060,4.381914377212524,2397,5.0,5.0,5.0
11070,4.385972499847412,2397,5.0,5.0,5.0
11080,4.390722751617432,2397,5.0,5.0,5.0
11090,4.395132303237915,2397,5.0,5.0,5.0
11100,4.400155305862427,2397,5.0,5.0,5.0
11110,4.40439772605896,2397,5.0,5.0,5.0
11120,4.408390998840332,2397,5.0,5.0,5.0
11130,4.412628650665283,2397,5.0,5.0,5.0
11140,4.4175567626953125,2397,5.0,5.0,5.0
11143,4.418853521347046,2397,9.5,5.0,5.0
11144,4.41917085647583,2397,13.55,5.0,5.0
11150,4.421794652938843,2397,8.890155,5.0,5.0
11151,4.422186851501465,2397,13.0011395,5.0,5.0
11160,4.426172256469727,2397,8.53004762595,5.0,5.0
11163,4.427050352096558,2397,11.9093385770195,5.0,5.0
11170,4.42990517616272,2397,8.681907822647217,5.0,5.0
11180,4.43540620803833,2397,5.1265797501949555,5.0,5.0
11190,4.440420866012573,2397,5.0,5.0,5.0
11200,4.4446165561676025,2397,5.0,5.0,5.0
11210,4.448793649673462,2397,5.0,5.0,5.0
11220,4.4522788524627686,2397,5.0,5.0,5.0
11230,4.457784414291382,2397,5.0,5.0,5.0
11240,4.46175217628479,2397,5.0,5.0,5.0
11250,4.465811252593994,2397,5.0,5.0,5.0
11253,4.466709852218628,2397,9.5,5.0,5.0
11260,4.469423055648804,2397,7.695000000000001,5.0,5.0
11270,4.473418951034546,2397,5.609655000000002,5.0,5.0
11273,4.474294424057007,2397,9.543820550000003,5.0,5.0
11280,4.4775166511535645,2397,7.730494645500003,5.0,5.0
11284,4.479509115219116,2397,10.635530596569502,5.0,5.0
11290,4.483178615570068,2397,9.571977536912552,5.0,5.0
11300,4.488018751144409,2397,6.280174461968326,5.0,5.0
11310,4.491388320922852,2397,5.0,5.0,5.0
11320,4.495014429092407,2397,5.0,5.0,5.0
11330,4.499705791473389,2397,5.0,5.0,5.0
11340,4.50494647026062,2397,5.0,5.0,5.0
11345,4.507830858230591,2397,9.5,5.0,5.0
11350,4.510818243026733,2397,13.55,5.0,5.0
11353,4.512200593948364,2397,17.195,5.0,5.0
11360,4.5147011280059814,2397,15.153475550000001,5.0,5.0
11368,4.517625331878662,2397,13.053178199767553,5.0,5.0
11370,4.518677711486816,2397,11.747860379790797,5.0,5.0
11380,4.522315740585327,2397,6.936994075662669,5.0,5.0
11390,4.527896404266357,2397,5.618965201286763,5.0,5.0
11400,4.531378507614136,2397,5.0,5.0,5.0
11410,4.535096168518066,2397,5.0,5.0,5.0
11420,4.540035724639893,2397,5.0,5.0,5.0
11430,4.543677091598511,2397,5.0,5.0,5.0
11431,4.544014930725098,2397,9.5,5.0,5.0
11440,4.547572612762451,2397,6.925500000000001,5.0,5.0
11450,4.552962064743042,2397,5.048689500000002,5.0,5.0
11460,4.558089733123779,2397,5.0,5.0,5.0
11470,4.563722610473633,2397,5.0,5.0,5.0
11480,4.567419052124023,2397,5.0,5.0,5.0
11482,4.567957401275635,2397,9.5,5.0,5.0
11488,4.570052623748779,2397,11.925500000000001,5.0,5.0
11490,4.571104288101196,2397,15.73295,5.0,5.0
11500,4.574333906173706,2397,8.36113468095,5.0,5.0
11503,4.57617974281311,2397,12.525021212855,5.0,5.0
11509,4.579791784286499,2397,15.14526718241255,5.0,5.0
11510,4.580074787139893,2397,13.630740464171295,5.0,5.0
11516,4.5827131271362305,2397,16.04089977597875,5.0,5.0
11517,4.58302903175354,2397,19.436809798380878,5.0,5.0
11518,4.583325147628784,2397,22.49312881854279,5.0,5.0
11520,4.583920001983643,2397,18.21943434301966,5.0,5.0
11530,4.587099313735962,2397,10.758393785209682,5.0,5.0
11531,4.587417364120483,2397,14.682554406688714,5.0,5.0
11534,4.5886828899383545,2397,16.89286906941786,5.0,5.0
11540,4.590827465057373,2397,9.975070256800553,5.0,5.0
11550,4.595271348953247,2397,5.301161312344344,5.0,5.0
11560,4.5988147258758545,2397,5.0,5.0,5.0
11570,4.604030609130859,2397,5.0,5.0,5.0
11580,4.607699394226074,2397,5.0,5.0,5.0
11589,4.612242221832275,2397,5.0,5.0,9.5
11590,4.612494230270386,2397,5.0,5.0,8.55
11599,4.61595344543457,2397,9.5,5.0,6.2329500000000015
11600,4.616201162338257,2397,9.5,5.0,5.609655000000002
11604,4.617838621139526,2397,12.695,5.0,5.048689500000002
11607,4.618694067001343,2397,15.282950000000001,5.0,5.0
11610,4.6199774742126465,2397,13.754655000000001,5.0,5.0
11614,4.621089696884155,2397,16.14127055,5.0,5.0
11620,4.623236894607544,2397,10.590287607855002,5.0,5.0
11630,4.628357172012329,2397,7.720319666126297,5.0,5.0
11640,4.6324708461761475,2397,5.065301732945464,5.0,5.0
11650,4.637590408325195,2397,5.0,5.0,5.0
11651,4.637929201126099,2397,9.5,5.0,5.0
11660,4.642205715179443,2397,6.925500000000001,5.0,5.0
11667,4.644777059555054,2397,9.543820550000003,5.0,5.0
11669,4.6458420753479,2397,13.589438495000003,5.0,5.0
11670,4.6461262702941895,2397,12.230494645500004,5.0,5.0
11674,4.64772367477417,2397,16.007445180950004,5.0,5.0
11675,4.648035764694214,2397,19.406700662855002,5.0,5.0
11676,4.648353576660156,2397,22.466030596569503,5.0,5.0
11680,4.650003910064697,2397,16.37773630489917,5.0,5.0
11683,4.65093207359314,2397,16.939369766271497,5.0,5.0
11688,4.652227401733398,2397,17.348800559611924,5.0,5.0
11690,4.6525843143463135,2397,15.613920503650732,5.0,5.0
11692,4.653220891952515,2397,17.64727560795709,5.0,5.0
11694,4.653695821762085,2397,20.882548047161382,5.0,5.0
11700,4.656908273696899,2397,16.914863918200723,5.0,5.0
11710,4.661000490188599,2397,9.988057995058346,5.0,5.0
11720,4.66416335105896,2397,5.897848365502004,5.0,5.0
11730,4.670859098434448,2397,5.0,5.0,5.0
11732,4.672063827514648,2397,9.5,5.0,5.0
11740,4.6749022006988525,2397,5.609655000000002,5.0,5.0
11750,4.678811073303223,2397,5.0,5.0,5.0
11760,4.6836936473846436,2397,5.0,5.0,5.0
11770,4.6883299350738525,2397,5.0,5.0,5.0
11775,4.690333127975464,2397,9.5,5.0,5.0
11780,4.691762208938599,2397,6.2329500000000015,5.0,5.0
11786,4.695540428161621,2397,9.5,5.0,5.0
11790,4.696570158004761,2397,7.695000000000001,5.0,5.0
11800,4.701102018356323,2397,5.048689500000002,5.0,5.0
11805,4.703550338745117,2397,9.5,5.0,5.0
11810,4.704923868179321,2397,7.695000000000001,5.0,5.0
11820,4.709887742996216,2397,5.609655000000002,5.0,5.0
11830,4.715888977050781,2397,5.0,5.0,5.0
11840,4.721208333969116,2397,5.0,5.0,5.0
11844,4.722768783569336,2397,9.5,5.0,5.0
11845,4.723111629486084,2397,13.55,5.0,5.0
11849,4.724313974380493,2397,13.890155,5.0,5.0
11850,4.724609136581421,2397,12.5011395,5.0,5.0
11859,4.727924108505249,2397,14.113330695500002,5.0,5.0
11860,4.728072881698608,2397,14.113330695500002,5.0,5.0
11867,4.731423854827881,2397,14.25975626931755,5.0,5.0
11870,4.7327306270599365,2397,12.833780642385795,5.0,5.0
11880,4.735963582992554,2397,5.524521746879821,5.0,5.0
11881,4.736281871795654,2397,9.972069572191838,5.0,5.0
11890,4.74014949798584,2397,7.26963871812785,5.0,5.0
11900,4.744285345077515,2397,5.299566625515203,5.0,5.0
11902,4.744932651519775,2397,9.769609962963683,5.0,5.0
11910,4.747049331665039,2397,10.768856987030427,5.0,5.0
11920,4.751774549484253,2397,6.358902362271597,5.0,5.0
11922,4.752841234207153,2397,10.723012126044438,5.0,5.0
11930,4.755955934524536,2397,7.817075839886396,5.0,5.0
11939,4.759915113449097,2397,10.128783458549464,5.0,5.0
11940,4.7606589794158936,2397,10.128783458549464,5.0,5.0
11950,4.765219211578369,2397,6.645494827154304,5.0,5.0
11956,4.766880512237549,2397,9.844565728995487,5.0,5.0
11960,4.768476486206055,2397,12.974098240486345,5.0,5.0
11961,4.768783092498779,2397,16.676688416437713,5.0,5.0
11962,4.769104480743408,2397,20.009019574793943,5.0,5.0
11970,4.771084547042847,2397,11.815125968720077,5.0,5.0
11974,4.7725865840911865,2397,13.613226831196936,5.0,5.0
11980,4.774176836013794,2397,11.026713733269519,5.0,5.0
11986,4.776294231414795,2397,13.03847431155348,5.0,5.0
11989,4.777142524719238,2397,15.561164192358321,5.0,5.0
11990,4.777321815490723,2397,14.00504777312249,5.0,5.0
11991,4.777705669403076,2397,17.60454299581024,5.0,5.0
11996,4.779137372970581,2397,16.5503406595511,5.0,5.0
12000,4.780676364898682,2397,14.89530659359599,5.0,5.0
12005,4.783420562744141,2397,18.40577593423639,5.0,5.0
12010,4.78525185585022,2397,14.908678506731478,5.0,5.0
12017,4.787171840667725,2397,13.80342557143987,5.0,5.0
12020,4.788481712341309,2397,12.423083014295884,5.0,5.0
12030,4.79102897644043,2397,13.15078476567953,5.0,5.0
12039,4.794399261474609,2397,15.65213566020042,5.0,5.0
12040,4.79516077041626,2397,15.65213566020042,5.0,5.0
12050,4.798846483230591,2397,8.318186627392574,5.0,5.0
12056,4.8010337352752686,2397,11.737731168187985,5.0,5.0
12060,4.802187442779541,2397,9.507562246232267,5.0,5.0
12070,4.807368755340576,2397,7.701125419448136,5.0,5.0
12075,4.809324502944946,2397,10.052708387699923,5.0,5.0
12080,4.811148166656494,2397,8.142693794036939,5.0,5.0
12090,4.815190076828003,2397,5.3424213982676365,5.0,5.0
12094,4.816377401351929,2397,9.5,5.0,5.0
12096,4.816988468170166,2397,12.695,5.0,5.0
12100,4.818449020385742,2397,10.282950000000001,5.0,5.0
12110,4.824779510498047,2397,9.254655000000001,5.0,5.0
12115,4.826671361923218,2397,11.746643495,5.0,5.0
12120,4.828961133956909,2397,8.563303107855,5.0,5.0
12121,4.829273223876953,2397,12.7069727970695,5.0,5.0
12130,4.832573175430298,2397,6.7530063302474135,5.0,5.0
12132,4.833166599273682,2397,11.077705697222672,5.0,5.0
12140,4.837890625,2397,7.268082707947797,5.0,5.0
12150,4.841742038726807,2397,5.887146993437716,5.0,5.0
12160,4.846467733383179,2397,5.0,5.0,5.0
12170,4.850662708282471,2397,9.5,5.0,5.0
12171,4.850991487503052,2397,13.55,5.0,5.0
12175,4.852669954299927,2397,15.9755,5.0,5.0
12180,4.853940486907959,2397,11.6461395,5.0,5.0
12190,4.857602834701538,2397,6.876928913355002,5.0,5.0
12200,4.862180948257446,2397,5.0,5.0,5.0
12210,4.8663928508758545,2397,5.0,5.0,5.0
12216,4.868537187576294,2397,9.5,5.0,5.0
12219,4.869406223297119,2397,12.695,5.0,5.0
12220,4.869690179824829,2397,11.425500000000001,5.0,5.0
12227,4.872942924499512,2397,14.254655000000001,5.0,5.0
12230,4.873800277709961,2397,11.546270550000003,5.0,5.0
12240,4.878342151641846,2397,7.5755081078550015,5.0,5.0
12250,4.88314151763916,2397,9.970290869563666,5.0,5.0
12260,4.887894153594971,2397,5.887357055568649,5.0,5.0
12270,4.892066478729248,2397,5.0,5.0,5.0
12278,4.895228624343872,2397,9.5,5.0,5.0
12280,4.896897315979004,2397,9.5,5.0,5.0
12290,4.900630235671997,2397,5.048689500000002,5.0,5.0
12300,4.9053943157196045,2397,5.0,5.0,5.0
12310,4.909799098968506,2397,5.0,5.0,5.0
12316,4.91253662109375,2397,9.5,5.0,5.0
12320,4.914190769195557,2397,8.55,5.0,5.0
12325,4.915541172027588,2397,11.232950000000002,5.0,5.0
12330,4.918200969696045,2397,9.098689500000003,5.0,5.0
12334,4.919349670410156,2397,12.369938495000003,5.0,5.0
12340,4.921948432922363,2397,11.132944645500004,5.0,5.0
12350,4.926501274108887,2397,8.115916646569504,5.0,5.0
12358,4.929605722427368,2397,10.324852911814252,5.0,5.0
12360,4.930628538131714,2397,10.324852911814252,5.0,5.0
12362,4.931240797042847,2397,14.292367620632827,5.0,5.0
12365,4.932089328765869,2397,17.863130858569544,5.0,5.0
12370,4.933543920516968,2397,11.72000015630748,5.0,5.0
12378,4.937215805053711,2397,11.920542892298005,5.0,5.0
12380,4.937767028808594,2397,10.728488603068206,5.0,5.0
12390,4.942047357559204,2397,6.335065235225746,5.0,5.0
12400,4.947049856185913,2397,5.1314028405328544,5.0,5.0
12410,4.951818227767944,2397,9.5,5.0,5.0
12413,4.9531848430633545,2397,12.695,5.0,5.0
12420,4.956163167953491,2397,9.254655000000001,5.0,5.0
12430,4.961416959762573,2397,8.329189500000002,5.0,5.0
12440,4.965296983718872,2397,5.0,5.0,5.0
12450,4.97052264213562,2397,5.0,5.0,5.0
12460,4.974024772644043,2397,5.0,5.0,5.0
12466,4.975626230239868,2397,9.5,5.0,5.0
12470,4.97775936126709,2397,8.55,5.0,5.0
12478,4.9823901653289795,2397,11.925500000000001,5.0,5.0
12480,4.982985258102417,2397,10.73295,5.0,5.0
12483,4.98437762260437,2397,13.693689500000001,5.0,5.0
12490,4.98676872253418,2397,11.091888495000001,5.0,5.0
12493,4.988138675689697,2397,14.9826996455,5.0,5.0
12500,4.99078106880188,2397,9.830149237412552,5.0,5.0
12501,4.991129159927368,2397,13.847134313671297,5.0,5.0
12510,4.9941301345825195,2397,8.176594340879765,5.0,5.0
12520,5.000144004821777,2397,6.62304141611261,5.0,5.0
12530,5.005762100219727,2397,5.960737274501349,5.0,5.0
12540,5.010375022888184,2397,5.0,5.0,5.0
12550,5.014495134353638,2397,5.0,5.0,5.0
12560,5.018526792526245,2397,5.0,5.0,5.0
12567,5.0210044384002686,2397,9.5,5.0,5.0
12570,5.022383689880371,2397,7.695000000000001,5.0,5.0
12580,5.026228666305542,2397,6.2329500000000015,5.0,5.0
12590,5.030321359634399,2397,5.0,5.0,5.0
12600,5.034968376159668,2397,5.0,5.0,5.0
12610,5.038156032562256,2397,5.0,5.0,5.0
12620,5.042382717132568,2397,5.0,5.0,5.0
12630,5.048355579376221,2397,5.0,5.0,5.0
12636,5.050189971923828,2397,9.5,5.0,5.0
12640,5.052257776260376,2397,8.55,5.0,5.0
12650,5.055854797363281,2397,6.925500000000001,5.0,5.0
12660,5.06149697303772,2397,5.048689500000002,5.0,5.0
12670,5.06744384765625,2397,5.0,5.0,5.0
12674,5.069238185882568,2397,9.5,5.0,5.0
12680,5.071889162063599,2397,7.695000000000001,5.0,5.0
12685,5.07438588142395,2397,10.609655000000002,5.0,5.0
12690,5.075896978378296,2397,13.593820550000002,5.0,5.0
12700,5.08058500289917,2397,8.027015096569501,5.0,5.0
12710,5.086097002029419,2397,5.26652460485925,5.0,5.0
12720,5.090732097625732,2397,5.0,5.0,5.0
12730,5.094461917877197,2397,5.0,5.0,5.0
12740,5.098807334899902,2397,5.0,5.0,5.0
12750,5.103105783462524,2397,5.0,5.0,5.0
12760,5.106213331222534,2397,5.0,5.0,5.0
12770,5.110259771347046,2397,5.0,5.0,5.0
12780,5.115538120269775,2397,5.0,5.0,5.0
12788,5.11899995803833,2397,9.5,5.0,5.0
12790,5.120479583740234,2397,9.5,5.0,5.0
12800,5.124850273132324,2397,5.609655000000002,5.0,5.0
12810,5.129271745681763,2397,5.0,5.0,5.0
12820,5.132831335067749,2397,5.0,5.0,5.0
12830,5.135653495788574,2397,9.5,5.0,5.0
12840,5.139952659606934,2397,6.2329500000000015,5.0,5.0
12848,5.142793655395508,2397,9.543820550000003,5.0,5.0
12849,5.143079519271851,2397,13.589438495000003,5.0,5.0
12850,5.143800497055054,2397,13.589438495000003,5.0,5.0
12851,5.144086122512817,2397,17.230494645500002,5.0,5.0
12857,5.146575927734375,2397,16.30492753691255,5.0,5.0
12860,5.147327661514282,2397,13.206991304899166,5.0,5.0
12870,5.1512627601623535,2397,7.018736666066919,5.0,5.0
12880,5.155437469482422,2397,5.0,5.0,5.0
12884,5.156973838806152,2397,9.5,5.0,5.0
12890,5.158347845077515,2397,5.609655000000002,5.0,5.0
12893,5.159124851226807,2397,9.543820550000003,5.0,5.0
12899,5.161642551422119,2397,12.730494645500002,5.0,5.0
12900,5.161902189254761,2397,12.730494645500002,5.0,5.0
12910,5.164843320846558,2397,8.352477536912552,5.0,5.0
12920,5.168147325515747,2397,6.0889561244092505,5.0,5.0
12930,5.1728835105896,2397,5.0,5.0,5.0
12940,5.176297903060913,2397,5.0,5.0,5.0
12950,5.179717302322388,2397,5.0,5.0,5.0
12960,5.184013605117798,2397,5.0,5.0,5.0
12970,5.188271760940552,2397,5.0,5.0,5.0
12971,5.188554048538208,2397,9.5,5.0,5.0
12980,5.191143751144409,2397,10.048689500000002,5.0,5.0
12983,5.192288875579834,2397,14.043820550000001,5.0,5.0
12990,5.194949626922607,2397,11.375494645500002,5.0,5.0
12994,5.196437120437622,2397,13.292735596569502,5.0,5.0
12997,5.198146820068359,2397,16.963462036912553,5.0,5.0
12998,5.1984312534332275,2397,20.267115833221297,5.0,5.0
13000,5.198803186416626,2397,16.41636382490925,5.0,5.0
13003,5.1996169090271,2397,18.297254698176495,5.0,5.0
13010,5.202324628829956,2397,17.0048288074736,5.0,5.0
13013,5.203119993209839,2397,17.396520200648254,5.0,5.0
13020,5.204944849014282,2397,10.272471213280788,5.0,5.0
13022,5.205476760864258,2397,13.320701682757438,5.0,5.0
13030,5.208324193954468,2397,14.710791526730173,5.0,5.0
13040,5.2115678787231445,2397,8.686575288618902,5.0,5.0
13044,5.212542533874512,2397,12.817917759757012,5.0,5.0
13047,5.213677883148193,2397,16.53612598378131,5.0,5.0
13050,5.214924335479736,2397,19.88251338540318,5.0,5.0
13060,5.218308687210083,2397,9.50974451644685,5.0,5.0
13063,5.219120502471924,2397,12.702893058321948,5.0,5.0
13065,5.2196574211120605,2397,15.289343377240778,5.0,5.0
13070,5.221400260925293,2397,11.145931322008527,5.0,5.0
13075,5.223581075668335,2397,14.028204370826908,5.0,5.0
13080,5.2247819900512695,2397,12.625383933744217,5.0,5.0
13090,5.228049278259277,2397,9.203904887699535,5.0,5.0
13100,5.232374429702759,2397,6.038681996819665,5.0,5.0
13104,5.2338879108428955,2397,9.891332417423929,5.0,5.0
13110,5.236783027648926,2397,8.011979258113383,5.0,5.0
13119,5.240741968154907,2397,12.210781332302044,5.0,5.0
13120,5.241008520126343,2397,10.98970319907184,5.0,5.0
13130,5.245473146438599,2397,7.210344268911037,5.0,5.0
13140,5.248837232589722,2397,5.0,5.0,5.0
13150,5.252113342285156,2397,5.0,5.0,5.0
13159,5.258352994918823,2397,9.5,5.0,5.0
13160,5.2586188316345215,2397,9.5,5.0,5.0
13170,5.262651681900024,2397,6.925500000000001,5.0,5.0
13180,5.2674400806427,2397,6.2329500000000015,5.0,5.0
13190,5.270948648452759,2397,10.048689500000002,5.0,5.0
13200,5.2745208740234375,2397,5.0,5.0,5.0
13210,5.2778918743133545,2397,5.0,5.0,5.0
13219,5.281108140945435,2397,9.5,5.0,5.0
13220,5.281357765197754,2397,8.55,5.0,5.0
13230,5.2849814891815186,2397,5.609655000000002,5.0,5.0
13240,5.287838459014893,2397,5.0,5.0,5.0
13250,5.292675733566284,2397,5.0,5.0,5.0
13258,5.295602321624756,2397,9.5,5.0,5.0
13260,5.296026706695557,2397,8.55,5.0,5.0
13270,5.298991441726685,2397,5.0,5.0,5.0
13280,5.301980972290039,2397,5.0,5.0,5.0
13282,5.302523612976074,2397,9.5,5.0,5.0
13284,5.303066253662109,2397,13.55,5.0,5.0
13290,5.305027008056641,2397,9.87795,5.0,5.0
13300,5.3094964027404785,2397,5.832830695500001,5.0,5.0
13310,5.313440799713135,2397,5.0,5.0,5.0
13318,5.316342353820801,2397,9.5,5.0,5.0
13320,5.316767930984497,2397,9.5,5.0,5.0
13330,5.320749998092651,2397,6.2329500000000015,5.0,5.0
13340,5.323956251144409,2397,5.0,5.0,5.0
13346,5.326493740081787,2397,9.5,5.0,5.0
13350,5.3274712562561035,2397,7.695000000000001,5.0,5.0
13360,5.331318140029907,2397,5.0,5.0,5.0
13370,5.334248065948486,2397,5.0,5.0,5.0
13380,5.337687730789185,2397,5.0,5.0,5.0
13389,5.340851783752441,2397,5.0,5.0,9.5
13390,5.341085910797119,2397,5.0,5.0,8.55
13400,5.344879865646362,2397,5.0,5.0,6.2329500000000015
13410,5.349978923797607,2397,5.0,5.0,5.048689500000002
13420,5.353935480117798,2397,5.0,5.0,5.0
13430,5.357685327529907,2397,5.0,5.0,5.0
13440,5.362884521484375,2397,5.0,5.0,5.0
13444,5.3653271198272705,2397,9.5,5.0,5.0
13449,5.367584705352783,2397,13.55,5.0,5.0
13450,5.367864370346069,2397,12.195,5.0,5.0
13455,5.369725942611694,2397,13.890155,5.0,5.0
13456,5.370018482208252,2397,17.5011395,5.0,5.0
13459,5.370833873748779,2397,17.7583306955,5.0,5.0
13460,5.371566534042358,2397,17.7583306955,5.0,5.0
13470,5.374544858932495,2397,10.486116692385796,5.0,5.0
13480,5.379637241363525,2397,8.493754520832496,5.0,5.0
13490,5.382279872894287,2397,5.0,5.0,5.0
13493,5.385058403015137,2397,9.5,5.0,5.0
13495,5.385584831237793,2397,13.55,5.0,5.0
13500,5.387163400650024,2397,12.195,5.0,5.0
13501,5.387453079223633,2397,15.9755,5.0,5.0
13510,5.389678478240967,2397,8.490035695500001,5.0,5.0
13520,5.3945677280426025,2397,6.189236022019502,5.0,5.0
13530,5.400046110153198,2397,5.013281177835797,5.0,5.0
13538,5.403043508529663,2397,9.5,5.0,5.0
13540,5.403565883636475,2397,7.695000000000001,5.0,5.0
13550,5.406895160675049,2397,5.609655000000002,5.0,5.0
13560,5.411126375198364,2397,5.0,5.0,5.0
13570,5.414851427078247,2397,5.0,5.0,5.0
13572,5.415394067764282,2397,9.5,5.0,5.0
13580,5.419978857040405,2397,6.925500000000001,5.0,5.0
13590,5.424110651016235,2397,5.048689500000002,5.0,5.0
13600,5.428023815155029,2397,5.0,5.0,5.0
13610,5.431633710861206,2397,5.0,5.0,5.0
13620,5.435730934143066,2397,5.0,5.0,5.0
13630,5.438784837722778,2397,5.0,5.0,5.0
13640,5.443181753158569,2397,5.0,5.0,5.0
13650,5.447199821472168,2397,5.0,5.0,5.0
13660,5.4516496658325195,2397,5.0,5.0,5.0
13670,5.456679582595825,2397,5.0,5.0,5.0
13680,5.4612932205200195,2397,5.0,5.0,5.0
13687,5.46420955657959,2397,9.5,5.0,5.0
13690,5.465509653091431,2397,7.695000000000001,5.0,5.0
13700,5.469541788101196,2397,5.0,5.0,5.0
13710,5.473013639450073,2397,5.0,5.0,5.0
13715,5.4753100872039795,2397,9.5,5.0,5.0
13720,5.477108955383301,2397,6.925500000000001,5.0,5.0
13724,5.478715658187866,2397,10.609655000000002,5.0,5.0
13730,5.480485200881958,2397,8.593820550000002,5.0,5.0
13740,5.484475135803223,2397,5.0745650965695015,5.0,5.0
13743,5.485301971435547,2397,9.5,5.0,5.0
13750,5.489145278930664,2397,7.695000000000001,5.0,5.0
13760,5.492776155471802,2397,5.609655000000002,5.0,5.0
13762,5.49379301071167,2397,10.048689500000002,5.0,5.0
13764,5.494354724884033,2397,13.139438495000002,5.0,5.0
13770,5.496904134750366,2397,8.620785596569503,5.0,5.0
13780,5.501271724700928,2397,5.090487686918326,5.0,5.0
13790,5.506017684936523,2397,5.0,5.0,5.0
13800,5.51070499420166,2397,5.0,5.0,5.0
13804,5.512163162231445,2397,9.5,5.0,5.0
13809,5.513963222503662,2397,11.925500000000001,5.0,5.0
13810,5.51423454284668,2397,10.73295,5.0,5.0
13818,5.516718864440918,2397,14.659655,5.0,5.0
13820,5.517220735549927,2397,13.193689500000001,5.0,5.0
13830,5.5208375453948975,2397,6.310500787412553,5.0,5.0
13840,5.526355743408203,2397,5.111505637804168,5.0,5.0
13845,5.528209209442139,2397,9.5,5.0,5.0
13850,5.5299296379089355,2397,6.925500000000001,5.0,5.0
13859,5.533189296722412,2397,9.543820550000003,5.0,5.0
13860,5.533426284790039,2397,9.543820550000003,5.0,5.0
13862,5.53392481803894,2397,12.730494645500002,5.0,5.0
13870,5.536552906036377,2397,6.765506804899167,5.0,5.0
13880,5.540835380554199,2397,5.0,5.0,5.0
13890,5.545224189758301,2397,5.0,5.0,5.0
13900,5.548929452896118,2397,5.0,5.0,5.0
13910,5.553505897521973,2397,5.0,5.0,5.0
13920,5.557504177093506,2397,5.0,5.0,5.0
13930,5.5618696212768555,2397,5.0,5.0,5.0
13940,5.566350936889648,2397,5.0,5.0,5.0
13949,5.570794582366943,2397,9.5,5.0,5.0
13950,5.571038007736206,2397,9.5,5.0,5.0
13954,5.5726141929626465,2397,11.925500000000001,5.0,5.0
13960,5.575150966644287,2397,9.659655,5.0,5.0
13967,5.577507972717285,2397,11.3376996455,5.0,5.0
13970,5.578238248825073,2397,11.3376996455,5.0,5.0
13980,5.582270383834839,2397,7.438664737412552,5.0,5.0
13990,5.585711479187012,2397,5.0,5.0,5.0
14000,5.592522621154785,2397,5.0,5.0,5.0
14001,5.592870235443115,2397,9.5,5.0,5.0
14007,5.595508813858032,2397,11.232950000000002,5.0,5.0
14010,5.596796751022339,2397,14.098689500000003,5.0,5.0
14020,5.599960088729858,2397,7.492621646569502,5.0,5.0
14030,5.604961156845093,2397,5.0,5.0,5.0
14031,5.605268478393555,2397,9.5,5.0,5.0
14033,5.605836391448975,2397,12.695,5.0,5.0
14040,5.608379125595093,2397,10.282950000000001,5.0,5.0
14042,5.60901951789856,2397,13.329189500000002,5.0,5.0
14047,5.610895395278931,2397,14.716979145500002,5.0,5.0
14050,5.611634016036987,2397,16.920753107855003,5.0,5.0
14056,5.613654613494873,2397,16.101706114063667,5.0,5.0
14058,5.6142120361328125,2397,18.042381952391572,5.0,5.0
14060,5.6151885986328125,2397,18.042381952391572,5.0,5.0
14061,5.615481615066528,2397,21.238143757152415,5.0,5.0
14070,5.619433879852295,2397,12.540911507160933,5.0,5.0
14080,5.62336802482605,2397,9.142324488720321,5.0,5.0
14090,5.62697172164917,2397,5.998279097049404,5.0,5.0
14095,5.628843307495117,2397,10.398451187344463,5.0,5.0
14099,5.629972219467163,2397,12.580470915574114,5.0,5.0
14100,5.630228757858276,2397,11.322423824016703,5.0,5.0
14110,5.634323596954346,2397,6.685778043843624,5.0,5.0
14120,5.6387786865234375,2397,5.0,5.0,5.0
14130,5.641761302947998,2397,5.0,5.0,5.0
14140,5.646306991577148,2397,5.0,5.0,5.0
14150,5.650058031082153,2397,5.0,5.0,5.0
14152,5.65060567855835,2397,9.5,5.0,5.0
14160,5.653969049453735,2397,6.2329500000000015,5.0,5.0
14170,5.658031702041626,2397,5.0,5.0,5.0
14180,5.662844657897949,2397,5.0,5.0,5.0
14190,5.666462659835815,2397,5.0,5.0,5.0
14200,5.670458078384399,2397,5.0,5.0,5.0
14210,5.673838138580322,2397,9.5,5.0,5.0
14220,5.67740273475647,2397,10.048689500000002,5.0,5.0
14230,5.681516170501709,2397,7.325494645500002,5.0,5.0
14240,5.685641765594482,2397,5.340285596569502,5.0,5.0
14250,5.690160036087036,2397,5.0,5.0,5.0
14260,5.693365097045898,2397,5.0,5.0,5.0
14263,5.695274114608765,2397,9.5,5.0,5.0
14270,5.698486089706421,2397,6.925500000000001,5.0,5.0
14280,5.7030346393585205,2397,5.048689500000002,5.0,5.0
14290,5.70699143409729,2397,5.0,5.0,5.0
14300,5.711949348449707,2397,5.0,5.0,5.0
14310,5.716242790222168,2397,5.0,5.0,5.0
14318,5.719307899475098,2397,9.5,5.0,5.0
14320,5.719655513763428,2397,8.55,5.0,5.0
14322,5.7206878662109375,2397,12.695,5.0,5.0
14330,5.72475004196167,2397,8.329189500000002,5.0,5.0
14337,5.728067874908447,2397,11.746643495,5.0,5.0
14340,5.7289183139801025,2397,8.563303107855,5.0,5.0
14341,5.729228973388672,2397,12.7069727970695,5.0,5.0
14344,5.72996187210083,2397,15.292647965626296,5.0,5.0
14350,5.7318503856658936,2397,13.763383169063667,5.0,5.0
14354,5.733445644378662,2397,15.033506330247414,5.0,5.0
14360,5.736041784286499,2397,10.959426114750366,5.0,5.0
14362,5.736577987670898,2397,14.86348350327533,5.0,5.0
14370,5.739051103591919,2397,7.899064536464146,5.0,5.0
14380,5.743431329727173,2397,5.758418047082363,5.0,5.0
14390,5.746067523956299,2397,5.0,5.0,5.0
14400,5.751917123794556,2397,5.0,5.0,5.0
14410,5.756465673446655,2397,5.0,5.0,5.0
14420,5.760362386703491,2397,5.0,5.0,5.0
14430,5.765359401702881,2397,5.0,5.0,5.0
14440,5.769014835357666,2397,5.0,5.0,5.0
14450,5.772033929824829,2397,5.0,5.0,5.0
14460,5.775428056716919,2397,5.0,5.0,5.0
14470,5.7784743309021,2397,5.0,5.0,5.0
14478,5.781613111495972,2397,9.5,5.0,5.0
14480,5.782127857208252,2397,8.55,5.0,5.0
14487,5.785403251647949,2397,11.925500000000001,5.0,5.0
14490,5.786211252212524,2397,9.659655,5.0,5.0
14497,5.788430213928223,2397,12.041888495000002,5.0,5.0
14500,5.7892906665802,2397,9.753929680950003,5.0,5.0
14510,5.794229745864868,2397,7.900683041569502,5.0,5.0
14514,5.795362234115601,2397,10.759597937304168,5.0,5.0
14520,5.796988487243652,2397,12.059372206665266,5.0,5.0
14522,5.797542095184326,2397,14.768091487398866,5.0,5.0
14530,5.800664663314819,2397,9.689344824882397,5.0,5.0
14540,5.804168462753296,2397,6.357179139605342,5.0,5.0
14550,5.80819845199585,2397,5.0,5.0,5.0
14558,5.810990333557129,2397,9.5,5.0,5.0
14560,5.812008380889893,2397,8.55,5.0,5.0
14570,5.815589666366577,2397,6.2329500000000015,5.0,5.0
14580,5.819576978683472,2397,5.0,5.0,5.0
14590,5.823775053024292,2397,5.0,5.0,5.0
14600,5.827731370925903,2397,5.0,5.0,5.0
14610,5.831157445907593,2397,5.0,5.0,5.0
14617,5.835389137268066,2397,9.5,5.0,5.0
14620,5.837143898010254,2397,8.55,5.0,5.0
14621,5.837445259094238,2397,12.695,5.0,5.0
14630,5.841139078140259,2397,9.254655000000001,5.0,5.0
14640,5.8457231521606445,2397,6.746643495000002,5.0,5.0
14650,5.849109411239624,2397,5.0,5.0,5.0
14660,5.855151414871216,2397,5.0,5.0,5.0
14662,5.85576319694519,2397,9.5,5.0,5.0
14667,5.857673406600952,2397,11.232950000000002,5.0,5.0
14670,5.858365297317505,2397,10.109655000000002,5.0,5.0
14680,5.862940788269043,2397,5.969650180950002,5.0,5.0
14685,5.866187810897827,2397,10.372685162855003,5.0,5.0
14690,5.868034362792969,2397,6.805518735349168,5.0,5.0
14700,5.871947765350342,2397,5.0,5.0,5.0
14710,5.876490116119385,2397,5.0,5.0,5.0
14720,5.88100004196167,2397,5.0,5.0,5.0
14721,5.88132643699646,2397,9.5,5.0,5.0
14730,5.884390354156494,2397,5.048689500000002,5.0,5.0
14740,5.889336585998535,2397,5.0,5.0,5.0
14744,5.890813827514648,2397,9.5,5.0,5.0
14745,5.891120433807373,2397,13.55,5.0,5.0
14750,5.893418312072754,2397,9.87795,5.0,5.0
14751,5.893718957901001,2397,13.890155,5.0,5.0
14754,5.895072937011719,2397,16.25102555,5.0,5.0
14760,5.897153615951538,2397,11.846997625950001,5.0,5.0
14770,5.900601387023926,2397,6.295980265332495,5.0,5.0
14780,5.905673503875732,2397,5.0,5.0,5.0
14783,5.906476736068726,2397,9.5,5.0,5.0
14790,5.909895420074463,2397,6.925500000000001,5.0,5.0
14791,5.910208702087402,2397,11.232950000000002,5.0,5.0
14800,5.914130449295044,2397,7.369938495000002,5.0,5.0
14810,5.918903589248657,2397,5.0,5.0,5.0
14820,5.92335319519043,2397,9.5,5.0,5.0
14827,5.925828695297241,2397,10.609655000000002,5.0,5.0
14830,5.92756986618042,2397,9.548689500000002,5.0,5.0
14840,5.932122230529785,2397,6.264895180950002,5.0,5.0
14850,5.936112642288208,2397,5.0745650965695015,5.0,5.0
14855,5.937988758087158,2397,9.5,5.0,5.0
14860,5.940088748931885,2397,8.55,5.0,5.0
14870,5.945080995559692,2397,7.695000000000001,5.0,5.0
14880,5.949756860733032,2397,5.609655000000002,5.0,5.0
14890,5.952812910079956,2397,5.0,5.0,5.0
14900,5.9559056758880615,2397,5.0,5.0,5.0
14902,5.956955909729004,2397,9.5,5.0,5.0
14910,5.960541486740112,2397,6.2329500000000015,5.0,5.0
14920,5.963916063308716,2397,5.0,5.0,5.0
14921,5.964223623275757,2397,9.5,5.0,5.0
14930,5.967350482940674,2397,6.925500000000001,5.0,5.0
14932,5.968618869781494,2397,11.232950000000002,5.0,5.0
14940,5.973055839538574,2397,11.232950000000002,5.0,5.0
14950,5.977255582809448,2397,7.369938495000002,5.0,5.0
14960,5.982336521148682,2397,5.0,5.0,5.0
14970,5.987926006317139,2397,5.0,5.0,5.0
14980,5.991244792938232,2397,5.0,5.0,5.0
14990,5.995126962661743,2397,5.0,5.0,5.0
15000,6.003144264221191,2397,5.0,5.0,5.0
15010,6.00776481628418,2397,5.0,5.0,5.0
15020,6.011775493621826,2397,5.0,5.0,5.0
15030,6.015554666519165,2397,5.0,5.0,5.0
15040,6.019846677780151,2397,5.0,5.0,5.0
15050,6.024381399154663,2397,5.0,5.0,5.0
15060,6.029089450836182,2397,5.0,5.0,5.0
15064,6.031041860580444,2397,9.5,5.0,5.0
15070,6.0340001583099365,2397,7.695000000000001,5.0,5.0
15080,6.037348985671997,2397,9.5,5.0,5.0
15086,6.040046691894531,2397,11.232950000000002,5.0,5.0
15090,6.042077302932739,2397,11.232950000000002,5.0,5.0
15100,6.0457093715667725,2397,5.372685162855002,5.0,5.0
15110,6.049914360046387,2397,5.0,5.0,5.0
15120,6.053959846496582,2397,5.0,5.0,5.0
15130,6.057743787765503,2397,5.0,5.0,5.0
15140,6.060951471328735,2397,5.0,5.0,5.0
15150,6.066455841064453,2397,5.0,5.0,5.0
15156,6.06915020942688,2397,9.5,5.0,5.0
15160,6.070834636688232,2397,6.925500000000001,5.0,5.0
15167,6.073578596115112,2397,10.609655000000002,5.0,5.0
15170,6.07485556602478,2397,9.548689500000002,5.0,5.0
15180,6.080045700073242,2397,5.638405662855002,5.0,5.0
15185,6.081655740737915,2397,9.567108586912552,5.0,5.0
15188,6.082608699798584,2397,11.974422159859252,5.0,5.0
15190,6.083156108856201,2397,11.974422159859252,5.0,5.0
15200,6.0859763622283936,2397,7.856418379083657,5.0,5.0
15209,6.090017795562744,2397,9.639136488665109,5.0,5.0
15210,6.090328693389893,2397,13.675222839798598,5.0,5.0
15213,6.091105222702026,2397,14.96923745021318,5.0,5.0
15220,6.092959403991699,2397,8.839185021976382,5.0,5.0
15230,6.096519947052002,2397,5.219450363626835,5.0,5.0
15239,6.099283933639526,2397,9.5,5.0,5.0
15240,6.100012302398682,2397,9.5,5.0,5.0
15250,6.104971647262573,2397,6.925500000000001,5.0,5.0
15260,6.110776901245117,2397,5.048689500000002,5.0,5.0
15261,6.111119985580444,2397,9.543820550000003,5.0,5.0
15270,6.113941669464111,2397,7.730494645500003,5.0,5.0
15274,6.11544132232666,2397,11.261700662855002,5.0,5.0
15280,6.118550062179565,2397,10.135530596569502,5.0,5.0
15283,6.119328022003174,2397,13.209779783221299,5.0,5.0
15290,6.122122049331665,2397,10.699921624409251,5.0,5.0
15300,6.125746011734009,2397,7.0202185777749095,5.0,5.0
15309,6.12956166267395,2397,10.11773934319791,5.0,5.0
15310,6.129858493804932,2397,9.105965408878118,5.0,5.0
15314,6.13102126121521,2397,11.63824878307215,5.0,5.0
15320,6.132630348205566,2397,8.484283362859596,5.0,5.0
15330,6.13785719871521,2397,6.185042571524646,5.0,5.0
15340,6.142011642456055,2397,5.0,5.0,5.0
15343,6.14338755607605,2397,9.5,5.0,5.0
15349,6.145575761795044,2397,13.55,5.0,5.0
15350,6.146197557449341,2397,13.55,5.0,5.0
15360,6.1499035358428955,2397,13.0011395,5.0,5.0
15370,6.154778957366943,2397,6.909338577019501,5.0,5.0
15380,6.15918493270874,2397,5.036907822647216,5.0,5.0
15390,6.162928581237793,2397,5.0,5.0,5.0
15391,6.163262367248535,2397,9.5,5.0,5.0
15400,6.16710638999939,2397,6.2329500000000015,5.0,5.0
15407,6.17027473449707,2397,10.048689500000002,5.0,5.0
15410,6.171570539474487,2397,9.043820550000001,5.0,5.0
15418,6.174319744110107,2397,10.340285596569501,5.0,5.0
15420,6.175409555435181,2397,10.340285596569501,5.0,5.0
15424,6.176977157592773,2397,13.375631333221296,5.0,5.0
15428,6.178529500961304,2397,15.83426137990925,5.0,5.0
15430,6.179076194763184,2397,14.250835241918326,5.0,5.0
15438,6.182690143585205,2397,14.349973002222614,5.0,5.0
15440,6.183225631713867,2397,12.914975702000353,5.0,5.0
15450,6.187397241592407,2397,7.62616400227419,5.0,5.0
15455,6.189314365386963,2397,10.559473557657885,5.0,5.0
15460,6.191679239273071,2397,7.697856223532599,5.0,5.0
15470,6.1963300704956055,2397,5.0,5.0,5.0
15480,6.199872255325317,2397,5.0,5.0,5.0
15490,6.203336954116821,2397,5.0,5.0,5.0
15492,6.203917503356934,2397,9.5,5.0,5.0
15500,6.20709753036499,2397,7.695000000000001,5.0,5.0
15510,6.210795879364014,2397,5.048689500000002,5.0,5.0
15520,6.214874744415283,2397,5.0,5.0,5.0
15526,6.2175374031066895,2397,9.5,5.0,5.0
15530,6.219613790512085,2397,8.55,5.0,5.0
15540,6.222279071807861,2397,6.2329500000000015,5.0,5.0
15550,6.226881742477417,2397,5.0,5.0,5.0
15552,6.22793436050415,2397,9.5,5.0,5.0
15560,6.232528924942017,2397,6.925500000000001,5.0,5.0
15570,6.238237142562866,2397,5.048689500000002,5.0,5.0
15577,6.241171360015869,2397,9.5,5.0,5.0
15580,6.242013692855835,2397,9.5,5.0,5.0
15585,6.243472576141357,2397,10.609655000000002,5.0,5.0
15590,6.245846748352051,2397,8.593820550000002,5.0,5.0
15597,6.249646186828613,2397,11.264895180950003,5.0,5.0
15600,6.251422166824341,2397,10.138405662855003,5.0,5.0
15610,6.255923748016357,2397,8.212108586912553,5.0,5.0
15620,6.259908676147461,2397,5.9866271598592515,5.0,5.0
15630,6.265883922576904,2397,5.0,5.0,5.0
15640,6.270299434661865,2397,9.5,5.0,5.0
15648,6.273077726364136,2397,9.543820550000003,5.0,5.0
15650,6.274138689041138,2397,8.589438495000003,5.0,5.0
15656,6.276835918426514,2397,11.261700662855002,5.0,5.0
15660,6.278877019882202,2397,9.121977536912553,5.0,5.0
15670,6.284333229064941,2397,7.388801804899169,5.0,5.0
15680,6.289871692657471,2397,6.649921624409252,5.0,5.0
15690,6.294256687164307,2397,5.0,5.0,5.0
15700,6.298377990722656,2397,5.0,5.0,5.0
15710,6.30249547958374,2397,5.0,5.0,5.0
15720,6.3073506355285645,2397,5.0,5.0,5.0
15730,6.311480283737183,2397,5.0,5.0,5.0
15740,6.316093683242798,2397,5.0,5.0,5.0
15750,6.3201823234558105,2397,5.0,5.0,5.0
15760,6.324792385101318,2397,5.0,5.0,5.0
15770,6.328957557678223,2397,5.0,5.0,5.0
15780,6.334136486053467,2397,5.0,5.0,5.0
15790,6.337536096572876,2397,5.0,5.0,5.0
15800,6.342164039611816,2397,5.0,5.0,5.0
15807,6.344908714294434,2397,9.5,5.0,5.0
15810,6.345641851425171,2397,7.695000000000001,5.0,5.0
15815,6.34698748588562,2397,11.232950000000002,5.0,5.0
15820,6.349759340286255,2397,9.098689500000003,5.0,5.0
15830,6.353556394577026,2397,5.0,5.0,5.0
15834,6.355137348175049,2397,9.5,5.0,5.0
15840,6.3571953773498535,2397,6.2329500000000015,5.0,5.0
15846,6.360827922821045,2397,10.048689500000002,5.0,5.0
15848,6.361432313919067,2397,14.043820550000001,5.0,5.0
15850,6.3619396686553955,2397,11.375494645500002,5.0,5.0
15853,6.363154649734497,2397,15.237945180950002,5.0,5.0
15855,6.363746643066406,2397,17.3427355965695,5.0,5.0
15860,6.365929841995239,2397,15.60846203691255,5.0,5.0
15863,6.367283821105957,2397,17.642854249899166,5.0,5.0
15870,6.369210243225098,2397,11.575476673358844,5.0,5.0
15872,6.36981463432312,2397,14.376136105420665,5.0,5.0
15880,6.3730857372283936,2397,9.4321828987665,5.0,5.0
15881,6.373409032821655,2397,13.48896460888985,5.0,5.0
15890,6.376720666885376,2397,7.965098711903368,5.0,5.0
15900,6.380897521972656,2397,5.2259012648798,5.0,5.0
15902,6.381462097167969,2397,9.70331113839182,5.0,5.0
15910,6.384124517440796,2397,7.0737138198876375,5.0,5.0
15920,6.388268947601318,2397,5.0,5.0,5.0
15930,6.392954111099243,2397,5.0,5.0,5.0
15940,6.396098852157593,2397,5.0,5.0,5.0
15950,6.400625467300415,2397,5.0,5.0,5.0
15960,6.404613256454468,2397,5.0,5.0,5.0
15967,6.407475471496582,2397,9.5,5.0,5.0
15970,6.40820837020874,2397,8.55,5.0,5.0
15980,6.411870241165161,2397,9.543820550000003,5.0,5.0
15985,6.414217233657837,2397,12.730494645500002,5.0,5.0
15987,6.415266752243042,2397,16.457445180950003,5.0,5.0
15990,6.416605710983276,2397,14.811700662855003,5.0,5.0
15996,6.421005725860596,2397,14.717956804899169,5.0,5.0
16000,6.422661781311035,2397,11.921545011968327,5.0,5.0
16007,6.426663875579834,2397,13.690806313724911,5.0,5.0
16009,6.427282333374023,2397,16.08955311411718,5.0,5.0
16010,6.42755126953125,2397,16.08955311411718,5.0,5.0
16019,6.431890487670898,2397,16.729284220191424,5.0,5.0
16020,6.432641267776489,2397,16.729284220191424,5.0,5.0
16024,6.434651136398315,2397,18.550720218355053,5.0,5.0
16030,6.43715500831604,2397,13.523475039180836,5.0,5.0
16040,6.44119668006897,2397,9.85861330356283,5.0,5.0
16050,6.446354389190674,2397,5.821412569620816,5.0,5.0
16055,6.448615550994873,2397,9.715344181392862,5.0,5.0
16060,6.450475215911865,2397,12.869428786928218,5.0,5.0
16070,6.454643964767456,2397,6.83934210395392,5.0,5.0
16071,6.454951763153076,2397,11.155407893558529,5.0,5.0
16080,6.458648681640625,2397,8.132292354404168,5.0,5.0
16083,6.459929704666138,2397,12.31906311896375,5.0,5.0
16090,6.463710784912109,2397,9.97844112636064,5.0,5.0
16100,6.468203067779541,2397,6.546855223005218,5.0,5.0
16110,6.4732301235198975,2397,5.302952730634226,5.0,5.0
16117,6.476638555526733,2397,9.5,5.0,5.0
16120,6.477364778518677,2397,7.695000000000001,5.0,5.0
16122,6.477930307388306,2397,11.925500000000001,5.0,5.0
16130,6.482732057571411,2397,9.659655,5.0,5.0
16140,6.486504793167114,2397,5.133536712855001,5.0,5.0
16150,6.491161346435547,2397,5.0,5.0,5.0
16160,6.493875980377197,2397,5.0,5.0,5.0
16170,6.498259544372559,2397,5.0,5.0,5.0
16180,6.501856565475464,2397,5.0,5.0,5.0
16190,6.506974935531616,2397,5.0,5.0,5.0
16200,6.511835098266602,2397,5.0,5.0,5.0
16209,6.515193462371826,2397,9.5,5.0,5.0
16210,6.5154688358306885,2397,8.55,5.0,5.0
16211,6.515810012817383,2397,12.695,5.0,5.0
16220,6.519588947296143,2397,7.496270550000002,5.0,5.0
16230,6.5233354568481445,2397,5.0,5.0,5.0
16234,6.524958372116089,2397,9.5,5.0,5.0
16240,6.527666807174683,2397,7.695000000000001,5.0,5.0
16246,6.5307090282440186,2397,11.232950000000002,5.0,5.0
16249,6.531551361083984,2397,15.109655000000002,5.0,5.0
16250,6.531836032867432,2397,13.598689500000003,5.0,5.0
16260,6.5359861850738525,2397,8.922100180950002,5.0,5.0
16266,6.537994861602783,2397,12.226901146569503,5.0,5.0
16268,6.538461208343506,2397,16.004211031912554,5.0,5.0
16270,6.539018154144287,2397,12.963410935849168,5.0,5.0
16280,6.542071104049683,2397,6.200359264042758,5.0,5.0
16290,6.546492099761963,2397,5.580323337638482,5.0,5.0
16292,6.547077178955078,2397,10.022291003874635,5.0,5.0
16296,6.549170255661011,2397,13.118055713138455,5.0,5.0
16300,6.550305604934692,2397,9.563062614877934,5.0,5.0
16310,6.554993152618408,2397,6.274325381621413,5.0,5.0
16311,6.555337429046631,2397,10.646892843459272,5.0,5.0
16320,6.5587451457977295,2397,6.286883755134265,5.0,5.0
16330,6.563444137573242,2397,5.092375841658755,5.0,5.0
16334,6.564635753631592,2397,9.5,5.0,5.0
16340,6.5670506954193115,2397,6.925500000000001,5.0,5.0
16350,6.5716729164123535,2397,5.048689500000002,5.0,5.0
16360,6.5742027759552,2397,5.0,5.0,5.0
16361,6.574569940567017,2397,9.5,5.0,5.0
16370,6.5785231590271,2397,5.048689500000002,5.0,5.0
16380,6.582666397094727,2397,5.0,5.0,5.0
16390,6.586699962615967,2397,5.0,5.0,5.0
16400,6.590813636779785,2397,5.0,5.0,5.0
16410,6.594835996627808,2397,5.0,5.0,5.0
16420,6.599267244338989,2397,5.0,5.0,5.0
16430,6.602912664413452,2397,5.0,5.0,5.0
16440,6.6079466342926025,2397,5.0,5.0,5.0
16450,6.612099647521973,2397,5.0,5.0,5.0
16458,6.61662745475769,2397,9.5,5.0,5.0
16460,6.617203235626221,2397,7.695000000000001,5.0,5.0
16470,6.621703863143921,2397,5.609655000000002,5.0,5.0
16480,6.62639856338501,2397,5.0,5.0,5.0
16490,6.631033420562744,2397,5.0,5.0,5.0
16500,6.635777950286865,2397,5.0,5.0,5.0
16510,6.6419243812561035,2397,5.0,5.0,5.0
16520,6.64621901512146,2397,5.0,5.0,5.0
16523,6.647133111953735,2397,9.5,5.0,5.0
16525,6.647772550582886,2397,13.55,5.0,5.0
16530,6.649175405502319,2397,8.890155,5.0,5.0
16540,6.654250860214233,2397,5.832830695500001,5.0,5.0
16550,6.659562826156616,2397,5.0,5.0,5.0
16560,6.664813041687012,2397,5.0,5.0,5.0
16561,6.665148973464966,2397,9.5,5.0,5.0
16565,6.666257619857788,2397,13.55,5.0,5.0
16570,6.667735576629639,2397,8.890155,5.0,5.0
16580,6.671756029129028,2397,5.249547625950001,5.0,5.0
16590,6.675890684127808,2397,5.0,5.0,5.0
16597,6.678307771682739,2397,9.5,5.0,5.0
16600,6.679155111312866,2397,7.695000000000001,5.0,5.0
16610,6.682862997055054,2397,5.048689500000002,5.0,5.0
16618,6.6870667934417725,2397,9.5,5.0,5.0
16620,6.688138008117676,2397,8.55,5.0,5.0
16630,6.6922852993011475,2397,5.0,5.0,5.0
16640,6.696411609649658,2397,5.0,5.0,5.0
16642,6.697031259536743,2397,9.5,5.0,5.0
16650,6.7002785205841064,2397,7.695000000000001,5.0,5.0
16660,6.703985929489136,2397,5.0,5.0,5.0
16670,6.708298444747925,2397,5.0,5.0,5.0
16673,6.709644556045532,2397,9.5,5.0,5.0
16677,6.711265325546265,2397,11.925500000000001,5.0,5.0
16680,6.713059425354004,2397,10.73295,5.0,5.0
16681,6.713382005691528,2397,14.659655,5.0,5.0
16690,6.7163989543914795,2397,7.790741712855003,5.0,5.0
16700,6.720520496368408,2397,5.0,5.0,5.0
16710,6.7251975536346436,2397,5.0,5.0,5.0
16720,6.728853702545166,2397,5.0,5.0,5.0
16721,6.729186058044434,2397,9.5,5.0,5.0
16730,6.733622074127197,2397,6.925500000000001,5.0,5.0
16740,6.737877130508423,2397,5.048689500000002,5.0,5.0
16750,6.741645812988281,2397,5.0,5.0,5.0
16752,6.742645502090454,2397,9.5,5.0,5.0
16753,6.742956876754761,2397,13.55,5.0,5.0
16760,6.746174097061157,2397,12.195,5.0,5.0
16763,6.747095108032227,2397,13.890155,5.0,5.0
16770,6.7496254444122314,2397,8.201997625950002,5.0,5.0
16777,6.751879453659058,2397,10.97925626931755,5.0,5.0
16780,6.75304102897644,2397,10.97925626931755,5.0,5.0
16790,6.756811857223511,2397,6.4831410344693206,5.0,5.0
16800,6.761076927185059,2397,5.0,5.0,5.0
16810,6.766418695449829,2397,5.0,5.0,5.0
16815,6.769195318222046,2397,9.5,5.0,5.0
16819,6.77135157585144,2397,12.695,5.0,5.0
16820,6.772108316421509,2397,12.695,5.0,5.0
16830,6.775883674621582,2397,6.746643495000002,5.0,5.0
16840,6.780956506729126,2397,5.0,5.0,5.0
16848,6.785775899887085,2397,9.5,5.0,5.0
16850,6.786372184753418,2397,7.695000000000001,5.0,5.0
16858,6.789694786071777,2397,10.048689500000002,5.0,5.0
16860,6.790264844894409,2397,8.139438495000002,5.0,5.0
16870,6.793582916259766,2397,5.340285596569502,5.0,5.0
16880,6.799350023269653,2397,9.5,5.0,5.0
16890,6.803093910217285,2397,5.048689500000002,5.0,5.0
16895,6.80441951751709,2397,9.5,5.0,5.0
16900,6.80681037902832,2397,7.695000000000001,5.0,5.0
16905,6.809570074081421,2397,11.925500000000001,5.0,5.0
16910,6.811878442764282,2397,9.659655,5.0,5.0
16911,6.812190055847168,2397,13.693689500000001,5.0,5.0
16920,6.815610885620117,2397,8.085986712855002,5.0,5.0
16930,6.819145202636719,2397,5.305215882304167,5.0,5.0
16932,6.820216178894043,2397,9.77469429407375,5.0,5.0
16936,6.82126522064209,2397,12.917502378199739,5.0,5.0
16940,6.823281526565552,2397,10.463176926341788,5.0,5.0
16946,6.825405597686768,2397,12.627655979303164,5.0,5.0
16950,6.827013969421387,2397,10.228401343235562,5.0,5.0
16955,6.828962326049805,2397,11.710854121296855,5.0,5.0
16960,6.831376791000366,2397,9.485791838250453,5.0,5.0
16967,6.834741592407227,2397,11.915142250084582,5.0,5.0
16970,6.83558988571167,2397,10.723628025076124,5.0,5.0
16980,6.839847803115845,2397,7.035772347252445,5.0,5.0
16990,6.843111753463745,2397,5.0,5.0,5.0
17000,6.8473076820373535,2397,5.0,5.0,5.0
17010,6.85157585144043,2397,9.5,5.0,5.0
17020,6.855813980102539,2397,5.609655000000002,5.0,5.0
17030,6.86052680015564,2397,5.0,5.0,5.0
17040,6.8639373779296875,2397,5.0,5.0,5.0
17050,6.867634534835815,2397,5.0,5.0,5.0
17060,6.871782541275024,2397,5.0,5.0,5.0
17064,6.87348484992981,2397,9.5,5.0,5.0
17070,6.875665664672852,2397,6.925500000000001,5.0,5.0
17074,6.87734055519104,2397,10.048689500000002,5.0,5.0
17080,6.8797926902771,2397,6.592945180950002,5.0,5.0
17090,6.884390354156494,2397,9.806257036912552,5.0,5.0
17100,6.888690710067749,2397,6.433885241918326,5.0,5.0
17110,6.893069744110107,2397,5.0,5.0,5.0
17120,6.897435903549194,2397,5.0,5.0,5.0
17121,6.8977861404418945,2397,9.5,5.0,5.0
17130,6.901401996612549,2397,5.609655000000002,5.0,5.0
17131,6.901745557785034,2397,10.048689500000002,5.0,5.0
17140,6.904758930206299,2397,6.592945180950002,5.0,5.0
17150,6.908746242523193,2397,5.340285596569502,5.0,5.0
17159,6.91125226020813,2397,9.5,5.0,5.0
17160,6.911519289016724,2397,9.5,5.0,5.0
17170,6.914503574371338,2397,5.609655000000002,5.0,5.0
17180,6.919219017028809,2397,5.0,5.0,5.0
17183,6.921136856079102,2397,9.5,5.0,5.0
17189,6.923438549041748,2397,11.232950000000002,5.0,5.0
17190,6.923733234405518,2397,10.109655000000002,5.0,5.0
17200,6.9271204471588135,2397,8.188820550000003,5.0,5.0
17210,6.93139123916626,2397,5.0,5.0,5.0
17220,6.935029029846191,2397,5.0,5.0,5.0
17230,6.937962770462036,2397,5.0,5.0,5.0
17240,6.942225694656372,2397,5.0,5.0,5.0
17242,6.9429402351379395,2397,9.5,5.0,5.0
17248,6.945669889450073,2397,11.925500000000001,5.0,5.0
17250,6.947176218032837,2397,11.925500000000001,5.0,5.0
17260,6.950985670089722,2397,7.041888495000001,5.0,5.0
17269,6.954952001571655,2397,9.6201830415695,5.0,5.0
17270,6.955212831497192,2397,9.6201830415695,5.0,5.0
17272,6.956300735473633,2397,13.658164737412552,5.0,5.0
17280,6.959551095962524,2397,8.065009695794739,5.0,5.0
17290,6.9644775390625,2397,5.291452861410929,5.0,5.0
17300,6.968843460083008,2397,9.5,5.0,5.0
17310,6.971773386001587,2397,5.0,5.0,5.0
17320,6.975404977798462,2397,5.0,5.0,5.0
17330,6.979493141174316,2397,5.0,5.0,5.0
17340,6.985430002212524,2397,5.0,5.0,5.0
17344,6.988053321838379,2397,9.5,5.0,5.0
17347,6.989307641983032,2397,13.55,5.0,5.0
17350,6.990508794784546,2397,13.55,5.0,5.0
17353,6.991756439208984,2397,17.195,5.0,5.0
17360,6.995253562927246,2397,11.2816395,5.0,5.0
17370,6.999000787734985,2397,6.661695308355001,5.0,5.0
17380,7.002817153930664,2397,5.0,5.0,5.0
17390,7.008559703826904,2397,5.0,5.0,5.0
17397,7.012798547744751,2397,9.5,5.0,5.0
17400,7.013669967651367,2397,8.55,5.0,5.0
17410,7.018115997314453,2397,6.2329500000000015,5.0,5.0
17420,7.021429061889648,2397,5.048689500000002,5.0,5.0
17430,7.02562689781189,2397,5.0,5.0,5.0
17431,7.025950193405151,2397,9.5,5.0,5.0
17440,7.029232740402222,2397,5.609655000000002,5.0,5.0
17450,7.0332746505737305,2397,5.0,5.0,5.0
17460,7.037914514541626,2397,5.0,5.0,5.0
17470,7.042975425720215,2397,5.0,5.0,5.0
17480,7.045392990112305,2397,5.0,5.0,5.0
17487,7.049158573150635,2397,9.5,5.0,5.0
17489,7.049694776535034,2397,13.55,5.0,5.0
17490,7.049894332885742,2397,12.195,5.0,5.0
17500,7.053412914276123,2397,6.480922995000001,5.0,5.0
17508,7.05588960647583,2397,9.5,5.0,5.0
17510,7.056824445724487,2397,9.5,5.0,5.0
17520,7.060869455337524,2397,6.2329500000000015,5.0,5.0
17523,7.062166452407837,2397,10.048689500000002,5.0,5.0
17530,7.064381122589111,2397,6.592945180950002,5.0,5.0
17535,7.065922498703003,2397,9.5,5.0,5.0
17540,7.069257736206055,2397,7.695000000000001,5.0,5.0
17541,7.0695555210113525,2397,11.925500000000001,5.0,5.0
17550,7.0731282234191895,2397,9.659655,5.0,5.0
17556,7.076188802719116,2397,12.824320550000001,5.0,5.0
17557,7.076476812362671,2397,16.541888495000002,5.0,5.0
17560,7.077243804931641,2397,13.398929680950001,5.0,5.0
17570,7.082051753997803,2397,7.911933987304167,5.0,5.0
17580,7.086513519287109,2397,5.1910198890702635,5.0,5.0
17590,7.09032678604126,2397,5.0,5.0,5.0
17600,7.094264030456543,2397,5.0,5.0,5.0
17607,7.097308158874512,2397,9.5,5.0,5.0
17610,7.098088264465332,2397,7.695000000000001,5.0,5.0
17619,7.102252721786499,2397,10.609655000000002,5.0,5.0
17620,7.10249924659729,2397,9.548689500000002,5.0,5.0
17630,7.1068785190582275,2397,6.960994645500001,5.0,5.0
17640,7.11060905456543,2397,5.0,5.0,5.0
17650,7.11524510383606,2397,5.0,5.0,5.0
17660,7.121653318405151,2397,5.0,5.0,5.0
17664,7.123331069946289,2397,9.5,5.0,5.0
17670,7.1249754428863525,2397,7.695000000000001,5.0,5.0
17672,7.125414848327637,2397,11.925500000000001,5.0,5.0
17674,7.125950813293457,2397,15.73295,5.0,5.0
17680,7.127575635910034,2397,10.322388495,5.0,5.0
17688,7.1318347454071045,2397,12.525021212855,5.0,5.0
17690,7.132338523864746,2397,11.2725190915695,5.0,5.0
17700,7.135132551193237,2397,7.395899775978749,5.0,5.0
17710,7.140104055404663,2397,5.391610936688508,5.0,5.0
17720,7.143130302429199,2397,5.0,5.0,5.0
17730,7.146936655044556,2397,5.0,5.0,5.0
17740,7.151242017745972,2397,5.0,5.0,5.0
17750,7.155153512954712,2397,5.0,5.0,5.0
17760,7.159525394439697,2397,5.0,5.0,5.0
17770,7.1630024909973145,2397,5.0,5.0,5.0
17780,7.167119979858398,2397,5.0,5.0,5.0
17786,7.170003652572632,2397,9.5,5.0,5.0
17790,7.171435356140137,2397,8.55,5.0,5.0
17800,7.175399303436279,2397,6.2329500000000015,5.0,5.0
17810,7.180668354034424,2397,5.048689500000002,5.0,5.0
17820,7.1850011348724365,2397,5.0,5.0,5.0
17830,7.18767237663269,2397,9.5,5.0,5.0
17835,7.189424276351929,2397,11.925500000000001,5.0,5.0
17840,7.191147327423096,2397,8.693689500000001,5.0,5.0
17848,7.195187568664551,2397,11.3376996455,5.0,5.0
17850,7.195686340332031,2397,10.20392968095,5.0,5.0
17851,7.19597315788269,2397,14.183536712855002,5.0,5.0
17852,7.196243047714233,2397,17.7651830415695,5.0,5.0
17860,7.199687242507935,2397,10.490162934216375,5.0,5.0
17862,7.200149059295654,2397,13.497031976715265,5.0,5.0
17865,7.200825929641724,2397,17.14732877904374,5.0,5.0
17870,7.202026128768921,2397,12.500402679922887,5.0,5.0
17880,7.2049877643585205,2397,6.643226500620899,5.0,5.0
17890,7.2094502449035645,2397,5.381013465502928,5.0,5.0
17893,7.210719585418701,2397,9.5,5.0,5.0
17900,7.212983131408691,2397,5.609655000000002,5.0,5.0
17910,7.216776132583618,2397,5.0,5.0,5.0
17915,7.21842360496521,2397,9.5,5.0,5.0
17920,7.220480680465698,2397,8.55,5.0,5.0
17930,7.224821090698242,2397,5.609655000000002,5.0,5.0
17940,7.227778196334839,2397,5.0,5.0,5.0
17950,7.232086658477783,2397,5.0,5.0,5.0
17960,7.236412048339844,2397,5.0,5.0,5.0
17970,7.240686416625977,2397,5.0,5.0,5.0
17980,7.2456793785095215,2397,5.0,5.0,5.0
17990,7.2505528926849365,2397,5.0,5.0,5.0
18000,7.2560319900512695,2397,5.0,5.0,5.0
18010,7.259824275970459,2397,5.0,5.0,5.0
18020,7.264340877532959,2397,5.0,5.0,5.0
18027,7.266510963439941,2397,9.5,5.0,5.0
18030,7.2682225704193115,2397,8.55,5.0,5.0
18040,7.272231340408325,2397,5.048689500000002,5.0,5.0
18050,7.274808168411255,2397,5.0,5.0,5.0
18060,7.277783632278442,2397,5.0,5.0,5.0
18070,7.281528949737549,2397,5.0,5.0,5.0
18080,7.286891222000122,2397,5.0,5.0,5.0
18090,7.290968656539917,2397,5.0,5.0,5.0
18100,7.294482231140137,2397,5.0,5.0,5.0
18110,7.298677206039429,2397,5.0,5.0,5.0
18111,7.299021244049072,2397,9.5,5.0,5.0
18120,7.304283142089844,2397,6.925500000000001,5.0,5.0
18121,7.304921627044678,2397,11.232950000000002,5.0,5.0
18122,7.305385589599609,2397,15.109655000000002,5.0,5.0
18130,7.308202743530273,2397,9.913444645500002,5.0,5.0
18140,7.312159776687622,2397,6.504211031912552,5.0,5.0
18150,7.317881107330322,2397,5.853789928721297,5.0,5.0
18160,7.323808908462524,2397,5.0,5.0,5.0
18170,7.3282387256622314,2397,5.0,5.0,5.0
18180,7.331345796585083,2397,9.5,5.0,5.0
18190,7.335906505584717,2397,5.609655000000002,5.0,5.0
18200,7.340277671813965,2397,5.0,5.0,5.0
18210,7.343334913253784,2397,5.0,5.0,5.0
18220,7.347632646560669,2397,5.0,5.0,5.0
18230,7.351362228393555,2397,5.0,5.0,5.0
18240,7.356778860092163,2397,5.0,5.0,5.0
18250,7.361732006072998,2397,5.0,5.0,5.0
18260,7.365586757659912,2397,5.0,5.0,5.0
18263,7.366903066635132,2397,9.5,5.0,5.0
18268,7.369201183319092,2397,11.925500000000001,5.0,5.0
18270,7.36970067024231,2397,10.73295,5.0,5.0
18280,7.374692678451538,2397,7.041888495000001,5.0,5.0
18290,7.380227088928223,2397,10.70392968095,5.0,5.0
18300,7.385045766830444,2397,7.803164737412551,5.0,5.0
18310,7.3899524211883545,2397,7.022848263671296,5.0,5.0
18320,7.394973039627075,2397,5.0,5.0,5.0
18330,7.39861798286438,2397,9.5,5.0,5.0
18333,7.399867057800293,2397,13.55,5.0,5.0
18340,7.402188539505005,2397,8.0011395,5.0,5.0
18350,7.4064671993255615,2397,6.480922995000001,5.0,5.0
18360,7.41120719909668,2397,5.0,5.0,5.0
18370,7.414978981018066,2397,5.0,5.0,5.0
18376,7.417266607284546,2397,9.5,5.0,5.0
18380,7.421894788742065,2397,9.5,5.0,5.0
18390,7.4253363609313965,2397,6.2329500000000015,5.0,5.0
18400,7.428401231765747,2397,5.0,5.0,5.0
18410,7.433303594589233,2397,5.0,5.0,5.0
18420,7.437873363494873,2397,5.0,5.0,5.0
18425,7.439750909805298,2397,9.5,5.0,5.0
18430,7.441465616226196,2397,6.925500000000001,5.0,5.0
18431,7.441772222518921,2397,11.232950000000002,5.0,5.0
18434,7.443086862564087,2397,14.098689500000003,5.0,5.0
18436,7.443633556365967,2397,16.419938495000004,5.0,5.0
18439,7.4444029331207275,2397,18.300150180950006,5.0,5.0
18440,7.444585084915161,2397,16.470135162855005,5.0,5.0
18443,7.445417165756226,2397,17.0067285337213,5.0,5.0
18444,7.445737361907959,2397,20.30605568034917,5.0,5.0
18450,7.448666334152222,2397,16.447905101082828,5.0,5.0
18460,7.452285051345825,2397,7.866982021342103,5.0,5.0
18464,7.4542396068573,2397,11.372255437287105,5.0,5.0
18466,7.455281019210815,2397,15.235029893558394,5.0,5.0
18470,7.457728147506714,2397,13.711526904202556,5.0,5.0
18480,7.461778163909912,2397,8.09651952166257,5.0,5.0
18485,7.464186906814575,2397,10.902362731292014,5.0,5.0
18490,7.466448783874512,2397,13.83091381234653,5.0,5.0
18496,7.468548536300659,2397,14.07446255228056,5.0,5.0
18500,7.469587087631226,2397,11.400314667347253,5.0,5.0
18510,7.47478461265564,2397,8.31082939249615,5.0,5.0
18520,7.478828191757202,2397,5.0,5.0,5.0
18530,7.483418703079224,2397,5.0,5.0,5.0
18540,7.487912654876709,2397,5.0,5.0,5.0
18550,7.491287469863892,2397,5.0,5.0,5.0
18560,7.495714426040649,2397,5.0,5.0,5.0
18570,7.50110387802124,2397,5.0,5.0,5.0
18580,7.505083799362183,2397,5.0,5.0,5.0
18590,7.509507894515991,2397,5.0,5.0,5.0
18600,7.5141682624816895,2397,5.0,5.0,5.0
18610,7.518704414367676,2397,5.0,5.0,5.0
18620,7.522356033325195,2397,5.0,5.0,5.0
18630,7.526360750198364,2397,5.0,5.0,5.0
18640,7.5309717655181885,2397,5.0,5.0,5.0
18645,7.53324818611145,2397,9.5,5.0,5.0
18650,7.535495758056641,2397,6.925500000000001,5.0,5.0
18660,7.538876056671143,2397,6.2329500000000015,5.0,5.0
18662,7.539438724517822,2397,10.609655000000002,5.0,5.0
18670,7.543429374694824,2397,6.960994645500001,5.0,5.0
18680,7.547528505325317,2397,5.0,5.0,5.0
18690,7.552988290786743,2397,5.0,5.0,5.0
18700,7.5564727783203125,2397,5.0,5.0,5.0
18702,7.557028293609619,2397,9.5,5.0,5.0
18710,7.559972286224365,2397,6.2329500000000015,5.0,5.0
18720,7.563549518585205,2397,5.0,5.0,5.0
18730,7.5685811042785645,2397,5.0,5.0,5.0
18740,7.577322959899902,2397,5.0,5.0,5.0
18750,7.581139326095581,2397,5.0,5.0,5.0
18760,7.586398124694824,2397,5.0,5.0,5.0
18770,7.590512752532959,2397,5.0,5.0,5.0
18780,7.594959735870361,2397,5.0,5.0,5.0
18787,7.598639488220215,2397,9.5,5.0,5.0
18790,7.59993052482605,2397,7.695000000000001,5.0,5.0
18800,7.605079174041748,2397,5.0,5.0,5.0
18810,7.609096527099609,2397,5.0,5.0,5.0
18817,7.61281681060791,2397,9.5,5.0,5.0
18820,7.614560842514038,2397,9.5,5.0,5.0
18830,7.619091033935547,2397,6.925500000000001,5.0,5.0
18840,7.6235880851745605,2397,5.0,5.0,5.0
18850,7.628905296325684,2397,5.0,5.0,5.0
18860,7.633070230484009,2397,5.0,5.0,5.0
18870,7.637638092041016,2397,5.0,5.0,5.0
18872,7.638169765472412,2397,9.5,5.0,5.0
18880,7.64166522026062,2397,6.2329500000000015,5.0,5.0
18890,7.6454432010650635,2397,5.048689500000002,5.0,5.0
18900,7.649421215057373,2397,5.0,5.0,5.0
18910,7.65321946144104,2397,5.0,5.0,5.0
18920,7.6595048904418945,2397,5.0,5.0,5.0
18930,7.6638500690460205,2397,5.0,5.0,5.0
18940,7.6684181690216064,2397,5.0,5.0,5.0
18948,7.6720054149627686,2397,9.5,5.0,5.0
18950,7.673503398895264,2397,9.5,5.0,5.0
18960,7.678507328033447,2397,7.695000000000001,5.0,5.0
18970,7.683284282684326,2397,5.609655000000002,5.0,5.0
18980,7.687389850616455,2397,5.0,5.0,5.0
18990,7.693327903747559,2397,5.0,5.0,5.0
18993,7.694687366485596,2397,9.5,5.0,5.0
19000,7.6984453201293945,2397,7.695000000000001,5.0,5.0
19010,7.702780723571777,2397,5.0,5.0,5.0
19020,7.7062458992004395,2397,5.0,5.0,5.0
19030,7.709618806838989,2397,5.0,5.0,5.0
19040,7.712611198425293,2397,5.0,5.0,5.0
19050,7.716139316558838,2397,5.0,5.0,5.0
19060,7.720106363296509,2397,5.0,5.0,5.0
19070,7.723426818847656,2397,5.0,5.0,5.0
19080,7.727838516235352,2397,5.0,5.0,5.0
19090,7.732723712921143,2397,5.0,5.0,5.0
19100,7.7362446784973145,2397,5.0,5.0,5.0
19110,7.739732503890991,2397,5.0,5.0,5.0
19120,7.744386196136475,2397,5.0,5.0,5.0
19130,7.747834205627441,2397,5.0,5.0,5.0
19140,7.752840518951416,2397,5.0,5.0,5.0
19148,7.755516529083252,2397,9.5,5.0,5.0
19150,7.756044864654541,2397,8.55,5.0,5.0
19152,7.756603717803955,2397,12.695,5.0,5.0
19160,7.759612321853638,2397,7.496270550000002,5.0,5.0
19170,7.764029026031494,2397,5.464781230950001,5.0,5.0
19177,7.767427444458008,2397,9.5,5.0,5.0
19180,7.768298864364624,2397,11.925500000000001,5.0,5.0
19190,7.771276950836182,2397,6.337699645500001,5.0,5.0
19200,7.77481484413147,2397,5.0,5.0,5.0
19210,7.780290842056274,2397,5.0,5.0,5.0
19220,7.783911228179932,2397,9.5,5.0,5.0
19226,7.786562442779541,2397,11.925500000000001,5.0,5.0
19230,7.787930727005005,2397,10.73295,5.0,5.0
19240,7.791603326797485,2397,5.133536712855001,5.0,5.0
19243,7.792903423309326,2397,9.5,5.0,5.0
19250,7.796153783798218,2397,7.695000000000001,5.0,5.0
19260,7.799695014953613,2397,5.0,5.0,5.0
19266,7.803750038146973,2397,9.5,5.0,5.0
19270,7.805205583572388,2397,7.695000000000001,5.0,5.0
19280,7.810321092605591,2397,5.048689500000002,5.0,5.0
19281,7.8106560707092285,2397,9.543820550000003,5.0,5.0
19290,7.814064264297485,2397,5.071977536912552,5.0,5.0
19300,7.818144083023071,2397,5.0,5.0,5.0
19310,7.822254657745361,2397,5.0,5.0,5.0
19320,7.825263738632202,2397,9.5,5.0,5.0
19330,7.828862905502319,2397,5.048689500000002,5.0,5.0
19340,7.833394765853882,2397,5.0,5.0,5.0
19342,7.834461450576782,2397,9.5,5.0,5.0
19350,7.837616443634033,2397,5.609655000000002,5.0,5.0
19360,7.842587471008301,2397,5.0,5.0,5.0
19370,7.847656965255737,2397,9.5,5.0,5.0
19379,7.850963354110718,2397,11.232950000000002,5.0,5.0
19380,7.851246118545532,2397,10.109655000000002,5.0,5.0
19390,7.85480809211731,2397,5.969650180950002,5.0,5.0
19400,7.858478546142578,2397,5.0,5.0,5.0
19405,7.860370874404907,2397,9.5,5.0,5.0
19410,7.861664295196533,2397,6.2329500000000015,5.0,5.0
19420,7.865391969680786,2397,9.5,5.0,5.0
19430,7.869998931884766,2397,6.2329500000000015,5.0,5.0
19431,7.87031888961792,2397,10.609655000000002,5.0,5.0
19440,7.874136209487915,2397,7.734438495000002,5.0,5.0
19441,7.87444543838501,2397,11.960994645500001,5.0,5.0
19450,7.8782196044921875,2397,8.7195650965695,5.0,5.0
19460,7.8819990158081055,2397,5.72090665985925,5.0,5.0
19470,7.886417627334595,2397,5.148815993873325,5.0,5.0
19476,7.8886308670043945,2397,9.5,5.0,5.0
19480,7.890578269958496,2397,7.695000000000001,5.0,5.0
19490,7.893569469451904,2397,5.0,5.0,5.0
19500,7.897544622421265,2397,5.0,5.0,5.0
19510,7.901602506637573,2397,5.0,5.0,5.0
19520,7.905932903289795,2397,5.0,5.0,5.0
19530,7.9103617668151855,2397,5.0,5.0,5.0
19540,7.914049863815308,2397,5.0,5.0,5.0
19548,7.916242599487305,2397,9.5,5.0,5.0
19550,7.917272090911865,2397,8.55,5.0,5.0
19560,7.922364234924316,2397,5.609655000000002,5.0,5.0
19567,7.925099611282349,2397,9.5,5.0,5.0
19570,7.926314830780029,2397,7.695000000000001,5.0,5.0
19580,7.931168079376221,2397,5.048689500000002,5.0,5.0
19581,7.931478977203369,2397,9.543820550000003,5.0,5.0
19590,7.935850143432617,2397,7.730494645500003,5.0,5.0
19600,7.9408183097839355,2397,5.635530596569502,5.0,5.0
19610,7.9444804191589355,2397,5.0,5.0,5.0
19620,7.949626445770264,2397,5.0,5.0,5.0
19630,7.953986644744873,2397,5.0,5.0,5.0
19640,7.959132671356201,2397,5.0,5.0,5.0
19650,7.963120937347412,2397,5.0,5.0,5.0
19660,7.968163967132568,2397,5.0,5.0,5.0
19670,7.972148895263672,2397,5.0,5.0,5.0
19680,7.977849245071411,2397,5.0,5.0,5.0
19690,7.981672763824463,2397,5.0,5.0,5.0
19700,7.988168239593506,2397,5.0,5.0,5.0
19710,7.993741512298584,2397,5.0,5.0,5.0
19711,7.9940667152404785,2397,9.5,5.0,5.0
19713,7.995105743408203,2397,13.55,5.0,5.0
19715,7.995612621307373,2397,15.9755,5.0,5.0
19719,8.000357389450073,2397,17.940155,5.0,5.0
19720,8.000713586807251,2397,16.1461395,5.0,5.0
19726,8.002547979354858,2397,15.593482125950002,5.0,5.0
19730,8.00415849685669,2397,12.630720522019503,5.0,5.0
19735,8.005536556243896,2397,15.230883622835798,5.0,5.0
19740,8.007397413253784,2397,13.707795260552219,5.0,5.0
19750,8.010912418365479,2397,8.094316023403481,5.0,5.0
19760,8.013895273208618,2397,5.310680742955024,5.0,5.0
19770,8.017894744873047,2397,5.310680742955024,5.0,5.0
19780,8.021431922912598,2397,5.0,5.0,5.0
19790,8.026541948318481,2397,5.0,5.0,5.0
19800,8.02948546409607,2397,5.0,5.0,5.0
19810,8.036310911178589,2397,5.0,5.0,5.0
19820,8.040660619735718,2397,5.0,5.0,5.0
19821,8.041003704071045,2397,9.5,5.0,5.0
19830,8.045304536819458,2397,6.925500000000001,5.0,5.0
19840,8.048733949661255,2397,5.0,5.0,5.0
19842,8.049309968948364,2397,9.5,5.0,5.0
19850,8.05240273475647,2397,6.925500000000001,5.0,5.0
19860,8.0563383102417,2397,5.0,5.0,5.0
19863,8.058152198791504,2397,9.5,5.0,5.0
19870,8.06081223487854,2397,7.695000000000001,5.0,5.0
19880,8.06404995918274,2397,6.2329500000000015,5.0,5.0
19890,8.067519903182983,2397,5.0,5.0,5.0
19899,8.072779417037964,2397,9.5,5.0,5.0
19900,8.073076725006104,2397,8.55,5.0,5.0
19910,8.076900959014893,2397,5.0,5.0,5.0
19920,8.081633806228638,2397,5.0,5.0,5.0
19930,8.085243701934814,2397,5.0,5.0,5.0
19940,8.090777397155762,2397,5.0,5.0,5.0
19950,8.094942808151245,2397,5.0,5.0,5.0
19958,8.098427057266235,2397,9.5,5.0,5.0
19960,8.098976135253906,2397,8.55,5.0,5.0
19967,8.101154565811157,2397,12.695,5.0,5.0
19970,8.102410793304443,2397,12.695,5.0,5.0
19980,8.105530977249146,2397,9.918303107855001,5.0,5.0
19990,8.109131097793579,2397,6.507398669063667,5.0,5.0
20000,8.113653659820557,2397,5.8566588021573,5.0,5.0
20010,8.117882251739502,2397,5.0,5.0,5.0
20020,8.12249493598938,2397,5.0,5.0,5.0
20030,8.126194715499878,2397,5.0,5.0,5.0
20040,8.130674600601196,2397,5.0,5.0,5.0
20050,8.133804321289062,2397,5.0,5.0,5.0
20060,8.137137413024902,2397,5.0,5.0,5.0
20067,8.14098334312439,2397,9.5,5.0,5.0
20070,8.142176866531372,2397,8.55,5.0,5.0
20080,8.14574933052063,2397,5.609655000000002,5.0,5.0
20090,8.149394989013672,2397,5.0,5.0,5.0
20100,8.154364824295044,2397,5.0,5.0,5.0
20107,8.157399415969849,2397,9.5,5.0,5.0
20110,8.159155130386353,2397,8.55,5.0,5.0
20120,8.163004875183105,2397,6.925500000000001,5.0,5.0
20130,8.167557716369629,2397,5.609655000000002,5.0,5.0
20140,8.170605897903442,2397,5.0,5.0,5.0
20146,8.172759294509888,2397,9.5,5.0,5.0
20150,8.174794435501099,2397,8.55,5.0,5.0
20160,8.178360939025879,2397,6.925500000000001,5.0,5.0
20170,8.182003021240234,2397,5.0,5.0,5.0
20180,8.186432361602783,2397,5.0,5.0,5.0
20190,8.19002890586853,2397,5.0,5.0,5.0
20199,8.19401741027832,2397,9.5,5.0,5.0
20200,8.194284439086914,2397,8.55,5.0,5.0
20210,8.198537349700928,2397,5.0,5.0,5.0
20220,8.203684568405151,2397,5.0,5.0,5.0
20230,8.20847463607788,2397,5.0,5.0,5.0
20240,8.211663484573364,2397,9.5,5.0,5.0
20241,8.211970329284668,2397,13.55,5.0,5.0
20250,8.215733051300049,2397,8.890155,5.0,5.0
20260,8.220144510269165,2397,5.832830695500001,5.0,5.0
20264,8.2222580909729,2397,9.724592863355001,5.0,5.0
20270,8.224250316619873,2397,7.089228197385796,5.0,5.0
20280,8.229060411453247,2397,5.742274839882495,5.0,5.0
20290,8.232543706893921,2397,5.0,5.0,5.0
20300,8.23611831665039,2397,5.0,5.0,5.0
20310,8.242073774337769,2397,5.0,5.0,5.0
20320,8.245935916900635,2397,5.0,5.0,5.0
20330,8.2500479221344,2397,5.0,5.0,5.0
20340,8.254868507385254,2397,5.0,5.0,5.0
20344,8.256447076797485,2397,9.5,5.0,5.0
20350,8.258116006851196,2397,5.609655000000002,5.0,5.0
20355,8.26002049446106,2397,9.5,5.0,5.0
20359,8.261197328567505,2397,11.925500000000001,5.0,5.0
20360,8.26198673248291,2397,11.925500000000001,5.0,5.0
20370,8.268078804016113,2397,7.041888495000001,5.0,5.0
20380,8.272140502929688,2397,6.337699645500001,5.0,5.0
20390,8.275556087493896,2397,5.0,5.0,5.0
20400,8.281527996063232,2397,5.0,5.0,5.0
20410,8.285128116607666,2397,5.0,5.0,5.0
20420,8.289383172988892,2397,5.0,5.0,5.0
20430,8.293852806091309,2397,9.5,5.0,5.0
20440,8.298332452774048,2397,5.0,5.0,5.0
20449,8.30323839187622,2397,9.5,5.0,5.0
20450,8.303982734680176,2397,9.5,5.0,5.0
20460,8.307905912399292,2397,5.048689500000002,5.0,5.0
20470,8.31255841255188,2397,5.0,5.0,5.0
20474,8.313743829727173,2397,9.5,5.0,5.0
20480,8.315853118896484,2397,6.925500000000001,5.0,5.0
20490,8.319404602050781,2397,5.0,5.0,5.0
20494,8.3209969997406,2397,9.5,5.0,5.0
20500,8.323258638381958,2397,6.925500000000001,5.0,5.0
20510,8.32879376411438,2397,6.2329500000000015,5.0,5.0
20520,8.33194375038147,2397,5.0,5.0,5.0
20530,8.336076021194458,2397,5.0,5.0,5.0
20539,8.340411186218262,2397,9.5,5.0,5.0
20540,8.340698957443237,2397,8.55,5.0,5.0
20550,8.344894886016846,2397,5.048689500000002,5.0,5.0
20560,8.349786281585693,2397,5.0,5.0,5.0
20570,8.354560375213623,2397,5.0,5.0,5.0
20575,8.35637640953064,2397,9.5,5.0,5.0
20580,8.358145475387573,2397,6.2329500000000015,5.0,5.0
20590,8.362332820892334,2397,5.0,5.0,5.0
20600,8.368043184280396,2397,5.0,5.0,5.0
20603,8.36891794204712,2397,9.5,5.0,5.0
20610,8.371076345443726,2397,6.925500000000001,5.0,5.0
20620,8.375986099243164,2397,5.609655000000002,5.0,5.0
20621,8.376296997070312,2397,10.048689500000002,5.0,5.0
20630,8.379698514938354,2397,5.933650662855002,5.0,5.0
20640,8.384891271591187,2397,5.0,5.0,5.0
20642,8.38562560081482,2397,9.5,5.0,5.0
20646,8.386689186096191,2397,12.695,5.0,5.0
20650,8.389224290847778,2397,11.425500000000001,5.0,5.0
20652,8.390269756317139,2397,15.282950000000001,5.0,5.0
20660,8.392306327819824,2397,11.141270550000002,5.0,5.0
20663,8.393144369125366,2397,14.024429145500003,5.0,5.0
20670,8.395529985427856,2397,10.223808847069503,5.0,5.0
20678,8.398670673370361,2397,11.037056886106072,5.0,5.0
20680,8.399250268936157,2397,8.94001607774592,5.0,5.0
20684,8.400883913040161,2397,12.241413022974196,5.0,5.0
20689,8.402270793914795,2397,13.92399009374819,5.0,5.0
20690,8.402510166168213,2397,13.92399009374819,5.0,5.0
20700,8.405436277389526,2397,8.22197691045737,5.0,5.0
20710,8.409539937973022,2397,7.3997792194116325,5.0,5.0
20713,8.410935401916504,2397,10.993821167723421,5.0,5.0
20719,8.41256594657898,2397,12.213046068143338,5.0,5.0
20720,8.412761211395264,2397,10.991741461329005,5.0,5.0
20730,8.420805215835571,2397,8.012979525308845,5.0,5.0
20740,8.424176692962646,2397,5.0,5.0,5.0
20750,8.428651332855225,2397,5.0,5.0,5.0
20754,8.430145025253296,2397,9.5,5.0,5.0
20760,8.432116508483887,2397,8.55,5.0,5.0
20768,8.435374975204468,2397,10.048689500000002,5.0,5.0
20770,8.435956001281738,2397,8.139438495000002,5.0,5.0
20780,8.438887357711792,2397,5.933650662855002,5.0,5.0
20790,8.442920446395874,2397,5.0,5.0,5.0
20800,8.446704626083374,2397,5.0,5.0,5.0
20810,8.450719833374023,2397,5.0,5.0,5.0
20820,8.455628633499146,2397,5.0,5.0,5.0
20830,8.45922040939331,2397,5.0,5.0,5.0
20837,8.462105512619019,2397,9.5,5.0,5.0
20840,8.462950468063354,2397,7.695000000000001,5.0,5.0
20850,8.468709707260132,2397,5.609655000000002,5.0,5.0
20860,8.473799467086792,2397,5.0,5.0,5.0
20870,8.478052854537964,2397,5.0,5.0,5.0
20880,8.483941555023193,2397,5.0,5.0,5.0
20890,8.487584829330444,2397,5.0,5.0,5.0
20900,8.491691589355469,2397,5.0,5.0,5.0
20910,8.496231317520142,2397,5.0,5.0,5.0
20917,8.499919891357422,2397,9.5,5.0,5.0
20919,8.500996112823486,2397,13.55,5.0,5.0
20920,8.501728773117065,2397,13.55,5.0,5.0
20930,8.506443738937378,2397,8.890155,5.0,5.0
20940,8.510181427001953,2397,5.249547625950001,5.0,5.0
20950,8.513833045959473,2397,5.0,5.0,5.0
20960,8.518332958221436,2397,5.0,5.0,5.0
20970,8.52447772026062,2397,5.0,5.0,5.0
20980,8.528960466384888,2397,5.0,5.0,5.0
20990,8.534464359283447,2397,5.0,5.0,5.0
21000,8.538693904876709,2397,5.0,5.0,5.0
21010,8.543328762054443,2397,5.0,5.0,5.0
21020,8.547524452209473,2397,5.0,5.0,5.0
21030,8.55163860321045,2397,5.0,5.0,5.0
21040,8.555647611618042,2397,5.0,5.0,5.0
21048,8.559349775314331,2397,9.5,5.0,5.0
21050,8.560391426086426,2397,8.55,5.0,5.0
21060,8.564728498458862,2397,10.609655000000002,5.0,5.0
21070,8.569540977478027,2397,8.593820550000002,5.0,5.0
21080,8.573726892471313,2397,5.0745650965695015,5.0,5.0
21090,8.578537940979004,2397,5.0,5.0,5.0
21100,8.582727193832397,2397,5.0,5.0,5.0
21110,8.586833953857422,2397,5.0,5.0,5.0
21120,8.591397285461426,2397,5.0,5.0,5.0
21130,8.59605097770691,2397,5.0,5.0,5.0
21135,8.598430156707764,2397,9.5,5.0,5.0
21140,8.601333618164062,2397,7.695000000000001,5.0,5.0
21150,8.605114459991455,2397,5.0,5.0,5.0
21154,8.606834888458252,2397,9.5,5.0,5.0
21160,8.608505010604858,2397,5.609655000000002,5.0,5.0
21161,8.608826637268066,2397,10.048689500000002,5.0,5.0
21170,8.611712217330933,2397,5.933650662855002,5.0,5.0
21180,8.614656686782837,2397,5.0,5.0,5.0
21190,8.618854761123657,2397,5.0,5.0,5.0
21200,8.623503684997559,2397,5.0,5.0,5.0
21204,8.62510347366333,2397,9.5,5.0,5.0
21210,8.627338886260986,2397,5.609655000000002,5.0,5.0
21220,8.631341218948364,2397,5.048689500000002,5.0,5.0
21230,8.634079694747925,2397,5.0,5.0,5.0
21240,8.637104749679565,2397,5.0,5.0,5.0
21250,8.639745235443115,2397,5.0,5.0,5.0
21260,8.644166469573975,2397,5.0,5.0,5.0
21270,8.648770570755005,2397,5.0,5.0,5.0
21280,8.65350341796875,2397,5.0,5.0,5.0
21290,8.658016204833984,2397,5.0,5.0,5.0
21295,8.660702228546143,2397,9.5,5.0,5.0
21300,8.663716554641724,2397,8.55,5.0,5.0
21310,8.669480085372925,2397,5.0,5.0,5.0
21312,8.670741558074951,2397,9.5,5.0,5.0
21320,8.674838066101074,2397,7.695000000000001,5.0,5.0
21327,8.677313327789307,2397,10.048689500000002,5.0,5.0
21330,8.679155826568604,2397,9.043820550000001,5.0,5.0
21333,8.680097818374634,2397,12.325494645500001,5.0,5.0
21340,8.68344235420227,2397,8.985285596569502,5.0,5.0
21350,8.688257694244385,2397,5.89524587990925,5.0,5.0
21360,8.693403959274292,2397,5.0,5.0,5.0
21366,8.69569182395935,2397,9.5,5.0,5.0
21370,8.697283029556274,2397,7.695000000000001,5.0,5.0
21380,8.703068733215332,2397,6.2329500000000015,5.0,5.0
21390,8.706969022750854,2397,5.0,5.0,5.0
21400,8.712487936019897,2397,5.0,5.0,5.0
21410,8.717126607894897,2397,5.0,5.0,5.0
21420,8.721280813217163,2397,5.0,5.0,5.0
21430,8.725872039794922,2397,5.0,5.0,5.0
21434,8.727860689163208,2397,9.5,5.0,5.0
21440,8.729501008987427,2397,6.925500000000001,5.0,5.0
21444,8.731175899505615,2397,10.609655000000002,5.0,5.0
21450,8.734248876571655,2397,8.593820550000002,5.0,5.0
21460,8.738357782363892,2397,5.638405662855002,5.0,5.0
21470,8.742160558700562,2397,5.0,5.0,5.0
21471,8.742480039596558,2397,9.5,5.0,5.0
21480,8.746521234512329,2397,5.609655000000002,5.0,5.0
21490,8.75132441520691,2397,5.0,5.0,5.0
21500,8.756853103637695,2397,5.0,5.0,5.0
21510,8.761421918869019,2397,5.0,5.0,5.0
21520,8.765087604522705,2397,5.0,5.0,5.0
21530,8.771223545074463,2397,5.0,5.0,5.0
21540,8.77599310874939,2397,5.0,5.0,5.0
21544,8.777068614959717,2397,9.5,5.0,5.0
21550,8.780635356903076,2397,7.695000000000001,5.0,5.0
21560,8.785537481307983,2397,5.609655000000002,5.0,5.0
21570,8.79063081741333,2397,5.0,5.0,5.0
21580,8.794370889663696,2397,5.0,5.0,5.0
21585,8.796782732009888,2397,9.5,5.0,5.0
21590,8.799214363098145,2397,7.695000000000001,5.0,5.0
21600,8.803044557571411,2397,5.0,5.0,5.0
21610,8.80771279335022,2397,5.0,5.0,5.0
21620,8.811547040939331,2397,9.5,5.0,5.0
21630,8.817343950271606,2397,6.925500000000001,5.0,5.0
21632,8.818424940109253,2397,11.232950000000002,5.0,5.0
21638,8.821187019348145,2397,13.188820550000003,5.0,5.0
21640,8.82186222076416,2397,13.188820550000003,5.0,5.0
21650,8.827251195907593,2397,11.869938495000003,5.0,5.0
21660,8.834391117095947,2397,9.614650180950003,5.0,5.0
21670,8.84168267250061,2397,7.009079981912553,5.0,5.0
21680,8.844903230667114,2397,5.0,5.0,5.0
21689,8.849561214447021,2397,9.5,5.0,5.0
21690,8.849901914596558,2397,9.5,5.0,5.0
21700,8.854560852050781,2397,6.2329500000000015,5.0,5.0
21710,8.862444877624512,2397,5.048689500000002,5.0,5.0
21715,8.866144895553589,2397,9.5,5.0,5.0
21720,8.869581937789917,2397,6.925500000000001,5.0,5.0
21721,8.87015175819397,2397,11.232950000000002,5.0,5.0
21728,8.875498056411743,2397,13.188820550000003,5.0,5.0
21730,8.876729488372803,2397,16.869938495000003,5.0,5.0
21731,8.877076148986816,2397,20.1829446455,5.0,5.0
21740,8.882314682006836,2397,14.713366646569503,5.0,5.0
21750,8.8877272605896,2397,8.688095871132825,5.0,5.0
21760,8.891339540481567,2397,5.700259701050247,5.0,5.0
21770,8.896329879760742,2397,5.0,5.0,5.0
21780,8.902649879455566,2397,5.0,5.0,5.0
21790,8.909102201461792,2397,5.0,5.0,5.0
21800,8.91539978981018,2397,5.0,5.0,5.0
21810,8.921333312988281,2397,5.0,5.0,5.0
21820,8.92586350440979,2397,5.0,5.0,5.0
21830,8.93001103401184,2397,5.0,5.0,5.0
21840,8.93512773513794,2397,5.0,5.0,5.0
21850,8.938980102539062,2397,5.0,5.0,5.0
21860,8.94351863861084,2397,9.5,5.0,5.0
21870,8.946562767028809,2397,6.2329500000000015,5.0,5.0
21880,8.950129985809326,2397,5.0,5.0,5.0
21890,8.954288005828857,2397,5.0,5.0,5.0
21892,8.95494294166565,2397,9.5,5.0,5.0
21900,8.958147287368774,2397,6.2329500000000015,5.0,5.0
21910,8.964449882507324,2397,5.048689500000002,5.0,5.0
21912,8.965097904205322,2397,9.543820550000003,5.0,5.0
21920,8.968352556228638,2397,6.261700662855002,5.0,5.0
21930,8.972173929214478,2397,5.0,5.0,5.0
21940,8.97631049156189,2397,5.0,5.0,5.0
21950,8.98146677017212,2397,5.0,5.0,5.0
21960,8.98609709739685,2397,5.0,5.0,5.0
21970,8.99143099784851,2397,5.0,5.0,5.0
21980,8.9963538646698,2397,5.0,5.0,5.0
21990,9.000808238983154,2397,9.5,5.0,5.0
22000,9.004063606262207,2397,6.2329500000000015,5.0,5.0
22010,9.007508993148804,2397,5.0,5.0,5.0
22015,9.00915002822876,2397,9.5,5.0,5.0
22019,9.011088371276855,2397,13.55,5.0,5.0
22020,9.011335134506226,2397,12.195,5.0,5.0
22030,9.014804601669312,2397,6.480922995000001,5.0,5.0
22040,9.019307374954224,2397,5.0,5.0,5.0
22043,9.02063775062561,2397,9.5,5.0,5.0
22050,9.022926092147827,2397,9.5,5.0,5.0
22060,9.025899410247803,2397,5.609655000000002,5.0,5.0
22070,9.02928900718689,2397,5.0,5.0,5.0
22080,9.03304409980774,2397,5.0,5.0,5.0
22090,9.036861658096313,2397,5.0,5.0,5.0
22100,9.040785312652588,2397,5.0,5.0,5.0
22110,9.044049739837646,2397,5.0,5.0,5.0
22120,9.048713684082031,2397,5.0,5.0,5.0
22130,9.05317735671997,2397,5.0,5.0,5.0
22140,9.056001901626587,2397,5.0,5.0,5.0
22150,9.059743165969849,2397,5.0,5.0,5.0
22160,9.063984632492065,2397,5.0,5.0,5.0
22170,9.067304134368896,2397,5.0,5.0,5.0
22180,9.072145700454712,2397,5.0,5.0,5.0
22183,9.074759721755981,2397,9.5,5.0,5.0
22190,9.078019618988037,2397,6.925500000000001,5.0,5.0
22200,9.080950736999512,2397,5.048689500000002,5.0,5.0
22208,9.08492136001587,2397,9.543820550000003,5.0,5.0
22210,9.085434436798096,2397,7.730494645500003,5.0,5.0
22220,9.088739395141602,2397,5.071977536912552,5.0,5.0
22229,9.092895984649658,2397,9.5,5.0,5.0
22230,9.09312391281128,2397,9.5,5.0,5.0
22240,9.095848083496094,2397,7.695000000000001,5.0,5.0
22250,9.099684000015259,2397,5.048689500000002,5.0,5.0
22260,9.105050563812256,2397,5.0,5.0,5.0
22270,9.10926365852356,2397,5.0,5.0,5.0
22280,9.114631414413452,2397,5.0,5.0,5.0
22286,9.116175174713135,2397,9.5,5.0,5.0
22287,9.116448402404785,2397,13.55,5.0,5.0
22290,9.117122173309326,2397,10.9755,5.0,5.0
22300,9.120511293411255,2397,6.480922995000001,5.0,5.0
22310,9.124426364898682,2397,5.0,5.0,5.0
22320,9.127641201019287,2397,5.0,5.0,5.0
22325,9.128950595855713,2397,9.5,5.0,5.0
22330,9.131187677383423,2397,7.695000000000001,5.0,5.0
22331,9.13148283958435,2397,11.925500000000001,5.0,5.0
22340,9.135347843170166,2397,12.041888495000002,5.0,5.0
22350,9.138346672058105,2397,6.399553263671297,5.0,5.0
22360,9.143555402755737,2397,5.759597937304168,5.0,5.0
22370,9.14788556098938,2397,5.0,5.0,5.0
22380,9.15271806716919,2397,5.0,5.0,5.0
22382,9.153252363204956,2397,9.5,5.0,5.0
22390,9.156694889068604,2397,6.925500000000001,5.0,5.0
22400,9.159626960754395,2397,5.0,5.0,5.0
22410,9.163029670715332,2397,5.0,5.0,5.0
22420,9.16592264175415,2397,5.0,5.0,5.0
22430,9.16965389251709,2397,5.0,5.0,5.0
22440,9.175034046173096,2397,5.0,5.0,5.0
22450,9.178999423980713,2397,5.0,5.0,5.0
22459,9.182482242584229,2397,9.5,5.0,5.0
22460,9.182758808135986,2397,8.55,5.0,5.0
22462,9.183769941329956,2397,12.695,5.0,5.0
22469,9.187427520751953,2397,15.282950000000001,5.0,5.0
22470,9.18770146369934,2397,13.754655000000001,5.0,5.0
22479,9.19087815284729,2397,13.121986230950002,5.0,5.0
22480,9.191104412078857,2397,13.121986230950002,5.0,5.0
22490,9.194539070129395,2397,6.973561484562302,5.0,5.0
22500,9.197825193405151,2397,5.0,5.0,5.0
22510,9.202278852462769,2397,5.0,5.0,5.0
22520,9.207231044769287,2397,5.0,5.0,5.0
22521,9.207521915435791,2397,9.5,5.0,5.0
22530,9.211726903915405,2397,7.695000000000001,5.0,5.0
22540,9.21566390991211,2397,5.609655000000002,5.0,5.0
22550,9.21983289718628,2397,5.0,5.0,5.0
22560,9.2266366481781,2397,5.0,5.0,5.0
22570,9.231701374053955,2397,9.5,5.0,5.0
22573,9.233006954193115,2397,12.695,5.0,5.0
22577,9.23547649383545,2397,16.4255,5.0,5.0
22578,9.23577070236206,2397,19.78295,5.0,5.0
22580,9.236315965652466,2397,16.024189500000002,5.0,5.0
22590,9.240338563919067,2397,8.515911292069502,5.0,5.0
22600,9.244218826293945,2397,5.587289398726801,5.0,5.0
22610,9.247432947158813,2397,5.0,5.0,5.0
22614,9.249068975448608,2397,9.5,5.0,5.0
22620,9.250680685043335,2397,5.048689500000002,5.0,5.0
22630,9.254987001419067,2397,5.0,5.0,5.0
22640,9.258901357650757,2397,5.0,5.0,5.0
22650,9.262315034866333,2397,5.0,5.0,5.0
22660,9.267281293869019,2397,5.0,5.0,5.0
22670,9.269747257232666,2397,5.0,5.0,5.0
22680,9.273653268814087,2397,5.0,5.0,5.0
22690,9.278211832046509,2397,5.0,5.0,5.0
22700,9.281997203826904,2397,5.0,5.0,5.0
22710,9.285983324050903,2397,5.0,5.0,5.0
22718,9.289038181304932,2397,9.5,5.0,5.0
22720,9.289540767669678,2397,8.55,5.0,5.0
22730,9.293943881988525,2397,6.2329500000000015,5.0,5.0
22740,9.297798871994019,2397,5.0,5.0,5.0
22749,9.301936149597168,2397,9.5,5.0,5.0
22750,9.3021719455719,2397,9.5,5.0,5.0
22760,9.308052778244019,2397,7.695000000000001,5.0,5.0
22770,9.312456607818604,2397,5.609655000000002,5.0,5.0
22774,9.314478397369385,2397,10.048689500000002,5.0,5.0
22779,9.316222906112671,2397,12.325494645500001,5.0,5.0
22780,9.316969871520996,2397,12.325494645500001,5.0,5.0
22790,9.32003140449524,2397,6.550273199899167,5.0,5.0
22800,9.32288646697998,2397,5.0,5.0,5.0
22810,9.327313423156738,2397,5.0,5.0,5.0
22820,9.331116199493408,2397,5.0,5.0,5.0
22830,9.335059404373169,2397,5.0,5.0,5.0
22838,9.337202310562134,2397,9.5,5.0,5.0
22840,9.337713241577148,2397,8.55,5.0,5.0
22850,9.341736793518066,2397,5.048689500000002,5.0,5.0
22860,9.346226692199707,2397,5.0,5.0,5.0
22870,9.350158452987671,2397,5.0,5.0,5.0
22880,9.35636305809021,2397,5.0,5.0,5.0
22887,9.35921573638916,2397,9.5,5.0,5.0
22890,9.359973669052124,2397,8.55,5.0,5.0
22900,9.364293813705444,2397,5.609655000000002,5.0,5.0
22903,9.365023851394653,2397,9.543820550000003,5.0,5.0
22910,9.367748498916626,2397,11.261700662855002,5.0,5.0
22912,9.368292570114136,2397,14.121977536912553,5.0,5.0
22920,9.371570825576782,2397,10.294921624409252,5.0,5.0
22930,9.376073122024536,2397,7.504997864194346,5.0,5.0
22940,9.381421327590942,2397,6.079048269997421,5.0,5.0
22950,9.387340307235718,2397,5.0,5.0,5.0
22960,9.390910148620605,2397,5.0,5.0,5.0
22970,9.397213220596313,2397,5.0,5.0,5.0
22980,9.402079343795776,2397,5.0,5.0,5.0
22988,9.405688762664795,2397,9.5,5.0,5.0
22990,9.40619421005249,2397,8.55,5.0,5.0
22998,9.408732175827026,2397,10.609655000000002,5.0,5.0
23000,9.409771203994751,2397,9.548689500000002,5.0,5.0
23010,9.413314580917358,2397,6.264895180950002,5.0,5.0
23020,9.417340278625488,2397,5.0,5.0,5.0
23030,9.421730518341064,2397,5.0,5.0,5.0
23040,9.425082445144653,2397,5.0,5.0,5.0
23050,9.430226802825928,2397,5.0,5.0,5.0
23057,9.433916330337524,2397,9.5,5.0,5.0
23060,9.434634685516357,2397,12.695,5.0,5.0
23070,9.438358783721924,2397,13.329189500000002,5.0,5.0
23074,9.439398527145386,2397,14.716979145500002,5.0,5.0
23077,9.441154479980469,2397,18.245281230950003,5.0,5.0
23080,9.442419052124023,2397,14.778677797069502,5.0,5.0
23090,9.446497201919556,2397,8.726661452391571,5.0,5.0
23100,9.449950933456421,2397,5.72556257891411,5.0,5.0
23103,9.450753927230835,2397,9.637705688920429,5.0,5.0
23105,9.451326370239258,2397,12.806541608025547,5.0,5.0
23106,9.451624393463135,2397,16.525887447222992,5.0,5.0
23110,9.45305347442627,2397,12.047371949025562,5.0,5.0
23120,9.457357406616211,2397,8.782534150839636,5.0,5.0
23130,9.461434125900269,2397,5.0,5.0,5.0
23140,9.465153694152832,2397,5.0,5.0,5.0
23150,9.469039678573608,2397,5.0,5.0,5.0
23160,9.472305536270142,2397,5.0,5.0,5.0
23170,9.476622581481934,2397,5.0,5.0,5.0
23175,9.477930784225464,2397,9.5,5.0,5.0
23176,9.478232860565186,2397,13.55,5.0,5.0
23180,9.479840278625488,2397,9.87795,5.0,5.0
23189,9.482962131500244,2397,9.724592863355001,5.0,5.0
23190,9.48324728012085,2397,13.752133577019501,5.0,5.0
23200,9.487723112106323,2397,10.025305377647216,5.0,5.0
23210,9.491074085235596,2397,6.57760285827434,5.0,5.0
23220,9.495903730392456,2397,5.327858315202215,5.0,5.0
23227,9.49852728843689,2397,9.5,5.0,5.0
23230,9.500241994857788,2397,8.55,5.0,5.0
23240,9.504781246185303,2397,5.048689500000002,5.0,5.0
23250,9.508604288101196,2397,5.0,5.0,5.0
23260,9.513021230697632,2397,5.0,5.0,5.0
23270,9.517511367797852,2397,5.0,5.0,5.0
23280,9.523725986480713,2397,5.0,5.0,5.0
23290,9.527514934539795,2397,9.5,5.0,5.0
23300,9.53189992904663,2397,6.2329500000000015,5.0,5.0
23310,9.535802841186523,2397,5.0,5.0,5.0
23316,9.53841781616211,2397,9.5,5.0,5.0
23320,9.540285348892212,2397,8.55,5.0,5.0
23330,9.543256521224976,2397,5.0,5.0,5.0
23340,9.548771858215332,2397,5.0,5.0,5.0
23342,9.549800395965576,2397,9.5,5.0,5.0
23345,9.550639629364014,2397,12.695,5.0,5.0
23350,9.553343534469604,2397,10.282950000000001,5.0,5.0
23360,9.557703018188477,2397,6.071979145500001,5.0,5.0
23369,9.560750961303711,2397,9.5,5.0,5.0
23370,9.56104850769043,2397,13.55,5.0,5.0
23380,9.565449237823486,2397,8.890155,5.0,5.0
23390,9.569811820983887,2397,6.480922995000001,5.0,5.0
23400,9.574190616607666,2397,5.0,5.0,5.0
23410,9.579132556915283,2397,5.0,5.0,5.0
23420,9.583178520202637,2397,5.0,5.0,5.0
23430,9.587113857269287,2397,5.0,5.0,5.0
23440,9.590826749801636,2397,5.0,5.0,5.0
23450,9.595622777938843,2397,5.0,5.0,5.0
23460,9.598475933074951,2397,5.0,5.0,5.0
23470,9.60230040550232,2397,5.0,5.0,5.0
23480,9.605738878250122,2397,5.0,5.0,5.0
23490,9.61106252670288,2397,5.0,5.0,5.0
23500,9.615517139434814,2397,5.0,5.0,5.0
23501,9.615894556045532,2397,9.5,5.0,5.0
23510,9.62010145187378,2397,7.695000000000001,5.0,5.0
23520,9.624575138092041,2397,5.609655000000002,5.0,5.0
23528,9.627671957015991,2397,9.5,5.0,5.0
23530,9.628166198730469,2397,9.5,5.0,5.0
23533,9.629467964172363,2397,12.695,5.0,5.0
23538,9.631283044815063,2397,14.254655000000001,5.0,5.0
23540,9.63181447982788,2397,11.546270550000003,5.0,5.0
23550,9.639286518096924,2397,6.817957297069501,5.0,5.0
23560,9.64340353012085,2397,5.0,5.0,5.0
23570,9.648066997528076,2397,5.0,5.0,5.0
23580,9.651652812957764,2397,5.0,5.0,5.0
23590,9.655468463897705,2397,5.0,5.0,5.0
23600,9.658871173858643,2397,5.0,5.0,5.0
23610,9.662836790084839,2397,5.0,5.0,5.0
23620,9.666313886642456,2397,5.0,5.0,5.0
23630,9.670335292816162,2397,5.0,5.0,5.0
23640,9.67410135269165,2397,5.0,5.0,5.0
23650,9.677533388137817,2397,5.0,5.0,5.0
23660,9.681762218475342,2397,9.5,5.0,5.0
23670,9.684808492660522,2397,6.925500000000001,5.0,5.0
23671,9.68511962890625,2397,11.232950000000002,5.0,5.0
23672,9.685412645339966,2397,15.109655000000002,5.0,5.0
23673,9.685703992843628,2397,18.598689500000003,5.0,5.0
23680,9.688174724578857,2397,15.982340162855003,5.0,5.0
23690,9.691651582717896,2397,14.437412042764251,5.0,5.0
23700,9.69527530670166,2397,6.9053694240768095,5.0,5.0
23710,9.698843479156494,2397,5.0,5.0,5.0
23720,9.704185962677002,2397,5.0,5.0,5.0
23730,9.707314729690552,2397,5.0,5.0,5.0
23732,9.708356857299805,2397,9.5,5.0,5.0
23740,9.711390495300293,2397,6.2329500000000015,5.0,5.0
23750,9.715391635894775,2397,5.0,5.0,5.0
23760,9.719412803649902,2397,5.0,5.0,5.0
23770,9.723807096481323,2397,5.0,5.0,5.0
23780,9.72780179977417,2397,5.0,5.0,5.0
23790,9.730741500854492,2397,5.0,5.0,5.0
23800,9.73454213142395,2397,5.0,5.0,5.0
23808,9.737140417098999,2397,9.5,5.0,5.0
23810,9.737691402435303,2397,7.695000000000001,5.0,5.0
23820,9.743057489395142,2397,5.609655000000002,5.0,5.0
23827,9.744924783706665,2397,9.5,5.0,5.0
23830,9.746195316314697,2397,7.695000000000001,5.0,5.0
23836,9.748777866363525,2397,10.609655000000002,5.0,5.0
23840,9.750266551971436,2397,8.593820550000002,5.0,5.0
23850,9.753838300704956,2397,5.0,5.0,5.0
23860,9.758740663528442,2397,5.0,5.0,5.0
23862,9.759681701660156,2397,9.5,5.0,5.0
23870,9.762661933898926,2397,6.2329500000000015,5.0,5.0
23880,9.767261981964111,2397,5.0,5.0,5.0
23882,9.767836809158325,2397,9.5,5.0,5.0
23890,9.770352840423584,2397,6.925500000000001,5.0,5.0
23900,9.774251222610474,2397,6.2329500000000015,5.0,5.0
23910,9.777769565582275,2397,5.0,5.0,5.0
23920,9.78170895576477,2397,5.0,5.0,5.0
23930,9.785614490509033,2397,5.0,5.0,5.0
23940,9.79003119468689,2397,5.0,5.0,5.0
23950,9.79455852508545,2397,9.5,5.0,5.0
23960,9.79874038696289,2397,7.695000000000001,5.0,5.0
23970,9.802671194076538,2397,5.048689500000002,5.0,5.0
23980,9.806469678878784,2397,5.0,5.0,5.0
23990,9.810297012329102,2397,5.0,5.0,5.0
24000,9.815390586853027,2397,5.0,5.0,5.0
24010,9.819704532623291,2397,5.0,5.0,5.0
24015,9.821047306060791,2397,9.5,5.0,5.0
24020,9.82326078414917,2397,8.55,5.0,5.0
24030,9.826642990112305,2397,5.048689500000002,5.0,5.0
24040,9.831008434295654,2397,5.0,5.0,5.0
24050,9.834991455078125,2397,5.0,5.0,5.0
24060,9.839494943618774,2397,5.0,5.0,5.0
24070,9.84437870979309,2397,5.0,5.0,5.0
24080,9.848878145217896,2397,5.0,5.0,5.0
24090,9.852880954742432,2397,5.0,5.0,5.0
24092,9.853412866592407,2397,9.5,5.0,5.0
24100,9.856295824050903,2397,5.609655000000002,5.0,5.0
24110,9.860734939575195,2397,5.0,5.0,5.0
24120,9.86616826057434,2397,5.0,5.0,5.0
24130,9.871610403060913,2397,5.0,5.0,5.0
24140,9.876732349395752,2397,5.0,5.0,5.0
24150,9.880893230438232,2397,5.0,5.0,5.0
24160,9.886143922805786,2397,5.0,5.0,5.0
24161,9.886458158493042,2397,9.5,5.0,5.0
24170,9.891233205795288,2397,6.925500000000001,5.0,5.0
24179,9.895986557006836,2397,10.048689500000002,5.0,5.0
24180,9.89624285697937,2397,9.043820550000001,5.0,5.0
24190,9.90041184425354,2397,5.0,5.0,5.0
24200,9.904497146606445,2397,5.0,5.0,5.0
24207,9.906224966049194,2397,9.5,5.0,5.0
24210,9.906965255737305,2397,8.55,5.0,5.0
24220,9.911009073257446,2397,5.048689500000002,5.0,5.0
24230,9.91562795639038,2397,5.0,5.0,5.0
24240,9.919646263122559,2397,5.0,5.0,5.0
24250,9.924119710922241,2397,5.0,5.0,5.0
24260,9.92907977104187,2397,5.0,5.0,5.0
24270,9.931610107421875,2397,5.0,5.0,5.0
24280,9.934546709060669,2397,5.0,5.0,5.0
24290,9.939745903015137,2397,5.0,5.0,5.0
24300,9.94377088546753,2397,5.0,5.0,5.0
24310,9.948205471038818,2397,5.0,5.0,5.0
24320,9.951770067214966,2397,5.0,5.0,5.0
24324,9.952910661697388,2397,9.5,5.0,5.0
24330,9.956255912780762,2397,9.5,5.0,5.0
24340,9.961152791976929,2397,5.609655000000002,5.0,5.0
24350,9.966180086135864,2397,5.0,5.0,5.0
24357,9.968878507614136,2397,9.5,5.0,5.0
24360,9.969559669494629,2397,7.695000000000001,5.0,5.0
24370,9.972156286239624,2397,5.0,5.0,5.0
24376,9.975287914276123,2397,9.5,5.0,5.0
24380,9.976752281188965,2397,7.695000000000001,5.0,5.0
24390,9.9803147315979,2397,5.048689500000002,5.0,5.0
24400,9.984724283218384,2397,5.0,5.0,5.0
24409,9.98783826828003,2397,9.5,5.0,5.0
24410,9.988122940063477,2397,8.55,5.0,5.0
24420,9.991730213165283,2397,5.0,5.0,5.0
24430,9.995262861251831,2397,5.0,5.0,5.0
24440,9.999381065368652,2397,5.0,5.0,5.0
24450,10.003637552261353,2397,5.0,5.0,5.0
24460,10.008184432983398,2397,5.0,5.0,5.0
24470,10.01366400718689,2397,5.0,5.0,5.0
24480,10.018181562423706,2397,5.0,5.0,5.0
24481,10.0184907913208,2397,9.5,5.0,5.0
24490,10.022410869598389,2397,5.048689500000002,5.0,5.0
24498,10.025553941726685,2397,9.5,5.0,5.0
24500,10.026113748550415,2397,8.55,5.0,5.0
24508,10.03079628944397,2397,11.232950000000002,5.0,5.0
24510,10.031348943710327,2397,9.098689500000003,5.0,5.0
24511,10.031660795211792,2397,13.188820550000003,5.0,5.0
24520,10.03385305404663,2397,8.653185162855003,5.0,5.0
24530,10.03931736946106,2397,6.308171983721298,5.0,5.0
24540,10.043860912322998,2397,5.0,5.0,5.0
24548,10.047005653381348,2397,9.5,5.0,5.0
24550,10.047842264175415,2397,9.5,5.0,5.0
24556,10.049488306045532,2397,11.232950000000002,5.0,5.0
24560,10.05052399635315,2397,9.098689500000003,5.0,5.0
24570,10.054493427276611,2397,6.632944645500002,5.0,5.0
24580,10.059230089187622,2397,5.0,5.0,5.0
24590,10.063819408416748,2397,5.0,5.0,5.0
24600,10.067106008529663,2397,5.0,5.0,5.0
24610,10.069973945617676,2397,5.0,5.0,5.0
24620,10.073639869689941,2397,5.0,5.0,5.0
24630,10.080067157745361,2397,5.0,5.0,5.0
24637,10.084489822387695,2397,9.5,5.0,5.0
24640,10.08632516860962,2397,9.5,5.0,5.0
24645,10.088829517364502,2397,11.925500000000001,5.0,5.0
24650,10.091129302978516,2397,9.659655,5.0,5.0
24660,10.094179630279541,2397,7.824320550000001,5.0,5.0
24670,10.099111080169678,2397,6.337699645500001,5.0,5.0
24680,10.103167533874512,2397,5.133536712855001,5.0,5.0
24690,10.107843399047852,2397,5.0,5.0,5.0
24696,10.110412120819092,2397,9.5,5.0,5.0
24700,10.111857414245605,2397,8.55,5.0,5.0
24710,10.114838361740112,2397,5.609655000000002,5.0,5.0
24712,10.115403413772583,2397,10.048689500000002,5.0,5.0
24720,10.118434429168701,2397,7.325494645500002,5.0,5.0
24730,10.121699094772339,2397,5.0,5.0,5.0
24740,10.126339197158813,2397,5.0,5.0,5.0
24750,10.13029146194458,2397,5.0,5.0,5.0
24760,10.134294271469116,2397,5.0,5.0,5.0
24770,10.139283418655396,2397,5.0,5.0,5.0
24780,10.143855810165405,2397,5.0,5.0,5.0
24790,10.147737264633179,2397,5.0,5.0,5.0
24800,10.15186095237732,2397,5.0,5.0,5.0
24810,10.156447410583496,2397,5.0,5.0,5.0
24820,10.160938501358032,2397,5.0,5.0,5.0
24830,10.16556978225708,2397,5.0,5.0,5.0
24833,10.1663978099823,2397,9.5,5.0,5.0
24840,10.170271396636963,2397,8.55,5.0,5.0
24850,10.174434185028076,2397,5.609655000000002,5.0,5.0
24860,10.179109334945679,2397,5.0,5.0,5.0
24870,10.183130502700806,2397,5.0,5.0,5.0
24880,10.187016248703003,2397,5.0,5.0,5.0
24890,10.19185757637024,2397,5.0,5.0,5.0
24895,10.194766759872437,2397,9.5,5.0,5.0
24900,10.197745084762573,2397,7.695000000000001,5.0,5.0
24910,10.200958967208862,2397,5.0,5.0,5.0
24920,10.204968214035034,2397,5.0,5.0,5.0
24930,10.208889484405518,2397,5.0,5.0,5.0
24940,10.21279001235962,2397,5.0,5.0,5.0
24950,10.217891216278076,2397,9.5,5.0,5.0
24960,10.221907138824463,2397,6.925500000000001,5.0,5.0
24970,10.226979970932007,2397,5.609655000000002,5.0,5.0
24980,10.230950593948364,2397,5.0,5.0,5.0
24990,10.234609603881836,2397,5.0,5.0,5.0
25000,10.239234685897827,2397,5.0,5.0,5.0
25010,10.242793083190918,2397,9.5,5.0,5.0
25020,10.248505592346191,2397,5.048689500000002,5.0,5.0
25030,10.254342555999756,2397,5.0,5.0,5.0
25040,10.25886607170105,2397,5.0,5.0,5.0
25041,10.259305477142334,2397,9.5,5.0,5.0
25050,10.26341462135315,2397,7.695000000000001,5.0,5.0
25060,10.267463207244873,2397,6.925500000000001,5.0,5.0
25070,10.27223801612854,2397,5.0,5.0,5.0
25080,10.277950525283813,2397,5.0,5.0,5.0
25090,10.283056735992432,2397,5.0,5.0,5.0
25100,10.286230087280273,2397,5.0,5.0,5.0
25110,10.290785551071167,2397,5.0,5.0,5.0
25120,10.294131517410278,2397,5.0,5.0,5.0
25130,10.297768354415894,2397,5.0,5.0,5.0
25140,10.302345991134644,2397,5.0,5.0,5.0
25150,10.307023286819458,2397,5.0,5.0,5.0
25160,10.310059547424316,2397,5.0,5.0,5.0
25170,10.313892126083374,2397,5.0,5.0,5.0
25180,10.318126440048218,2397,5.0,5.0,5.0
25190,10.321720838546753,2397,5.0,5.0,5.0
25195,10.323426961898804,2397,9.5,5.0,5.0
25200,10.326161623001099,2397,8.55,5.0,5.0
25208,10.329315423965454,2397,11.232950000000002,5.0,5.0
25209,10.329634189605713,2397,15.109655000000002,5.0,5.0
25210,10.330384731292725,2397,15.109655000000002,5.0,5.0
25220,10.334272384643555,2397,8.922100180950002,5.0,5.0
25230,10.337886095046997,2397,10.853789928721298,5.0,5.0
25240,10.34191370010376,2397,7.1211715722340445,5.0,5.0
25249,10.344369411468506,2397,9.5,5.0,5.0
25250,10.344623804092407,2397,9.5,5.0,5.0
25260,10.3491792678833,2397,6.2329500000000015,5.0,5.0
25270,10.353458881378174,2397,5.0,5.0,5.0
25280,10.357145547866821,2397,5.0,5.0,5.0
25290,10.361196756362915,2397,5.0,5.0,5.0
25300,10.365324020385742,2397,5.0,5.0,5.0
25310,10.369426488876343,2397,5.0,5.0,5.0
25320,10.372886419296265,2397,5.0,5.0,5.0
25330,10.376902341842651,2397,5.0,5.0,5.0
25339,10.380765199661255,2397,9.5,5.0,5.0
25340,10.38104772567749,2397,8.55,5.0,5.0
25350,10.38581371307373,2397,6.2329500000000015,5.0,5.0
25360,10.390252590179443,2397,5.0,5.0,5.0
25370,10.394402503967285,2397,5.0,5.0,5.0
25380,10.398950576782227,2397,5.0,5.0,5.0
25390,10.404524326324463,2397,5.0,5.0,5.0
25399,10.408412218093872,2397,9.5,5.0,5.0
25400,10.409162521362305,2397,9.5,5.0,5.0
25410,10.4135422706604,2397,6.925500000000001,5.0,5.0
25413,10.414410591125488,2397,10.609655000000002,5.0,5.0
25420,10.416157245635986,2397,8.593820550000002,5.0,5.0
25430,10.420647382736206,2397,6.264895180950002,5.0,5.0
25440,10.424307823181152,2397,5.0,5.0,5.0
25450,10.429805517196655,2397,5.0,5.0,5.0
25460,10.433640480041504,2397,5.0,5.0,5.0
25470,10.438204765319824,2397,5.0,5.0,5.0
25475,10.440037250518799,2397,9.5,5.0,5.0
25480,10.442336082458496,2397,8.55,5.0,5.0
25490,10.446901559829712,2397,5.609655000000002,5.0,5.0
25500,10.450100421905518,2397,5.0,5.0,5.0
25508,10.453614473342896,2397,9.5,5.0,5.0
25510,10.454622745513916,2397,8.55,5.0,5.0
25520,10.459187984466553,2397,5.609655000000002,5.0,5.0
25530,10.463218212127686,2397,5.0,5.0,5.0
25534,10.4642174243927,2397,9.5,5.0,5.0
25540,10.466790199279785,2397,7.695000000000001,5.0,5.0
25550,10.47080111503601,2397,5.048689500000002,5.0,5.0
25560,10.475045680999756,2397,5.0,5.0,5.0
25570,10.478557348251343,2397,5.0,5.0,5.0
25580,10.483000755310059,2397,5.0,5.0,5.0
25590,10.48737907409668,2397,5.0,5.0,5.0
25600,10.492493629455566,2397,5.0,5.0,5.0
25610,10.49654769897461,2397,5.0,5.0,5.0
25618,10.499766111373901,2397,9.5,5.0,5.0
25620,10.50032353401184,2397,7.695000000000001,5.0,5.0
25630,10.504384517669678,2397,5.048689500000002,5.0,5.0
25640,10.509329795837402,2397,5.0,5.0,5.0
25650,10.51445460319519,2397,5.0,5.0,5.0
25660,10.518091917037964,2397,5.0,5.0,5.0
25670,10.522232055664062,2397,5.0,5.0,5.0
25674,10.52322006225586,2397,9.5,5.0,5.0
25680,10.525431156158447,2397,6.925500000000001,5.0,5.0
25690,10.53061294555664,2397,5.0,5.0,5.0
25700,10.534668445587158,2397,5.0,5.0,5.0
25710,10.538301944732666,2397,5.0,5.0,5.0
25720,10.54217791557312,2397,5.0,5.0,5.0
25730,10.545414209365845,2397,5.0,5.0,5.0
25740,10.550657987594604,2397,5.0,5.0,5.0
25744,10.55216908454895,2397,9.5,5.0,5.0
25750,10.554302453994751,2397,7.695000000000001,5.0,5.0
25760,10.557268381118774,2397,5.048689500000002,5.0,5.0
25770,10.56121039390564,2397,5.0,5.0,5.0
25780,10.563858270645142,2397,5.0,5.0,5.0
25790,10.568036556243896,2397,5.0,5.0,5.0
25800,10.573030948638916,2397,5.0,5.0,5.0
25803,10.57424521446228,2397,9.5,5.0,5.0
25810,10.576464653015137,2397,8.55,5.0,5.0
25820,10.579848289489746,2397,5.609655000000002,5.0,5.0
25830,10.583772420883179,2397,5.0,5.0,5.0
25840,10.587857484817505,2397,5.0,5.0,5.0
25850,10.592463493347168,2397,5.0,5.0,5.0
25860,10.59602665901184,2397,5.0,5.0,5.0
25870,10.601589679718018,2397,5.0,5.0,5.0
25880,10.60528039932251,2397,5.0,5.0,5.0
25884,10.606443881988525,2397,9.5,5.0,5.0
25890,10.608881711959839,2397,6.925500000000001,5.0,5.0
25900,10.612698793411255,2397,5.0,5.0,5.0
25901,10.613570928573608,2397,9.5,5.0,5.0
25910,10.617763757705688,2397,5.048689500000002,5.0,5.0
25920,10.623271703720093,2397,5.048689500000002,5.0,5.0
25930,10.628092288970947,2397,5.0,5.0,5.0
25940,10.631263017654419,2397,5.0,5.0,5.0
25950,10.634750604629517,2397,5.0,5.0,5.0
25960,10.63877272605896,2397,5.0,5.0,5.0
25970,10.64274287223816,2397,5.0,5.0,5.0
25975,10.64508605003357,2397,9.5,5.0,5.0
25980,10.646456718444824,2397,7.695000000000001,5.0,5.0
25981,10.646831512451172,2397,11.925500000000001,5.0,5.0
25990,10.65081000328064,2397,7.824320550000001,5.0,5.0
25998,10.654021978378296,2397,10.133536712855001,5.0,5.0
26000,10.655070304870605,2397,9.1201830415695,5.0,5.0
26010,10.658844709396362,2397,5.0,5.0,5.0
26020,10.663607358932495,2397,5.0,5.0,5.0
26030,10.667732954025269,2397,5.0,5.0,5.0
26040,10.671785116195679,2397,5.0,5.0,5.0
26050,10.675827741622925,2397,5.0,5.0,5.0
26058,10.679503679275513,2397,9.5,5.0,5.0
26060,10.68012547492981,2397,8.55,5.0,5.0
26068,10.68428111076355,2397,11.232950000000002,5.0,5.0
26070,10.685205698013306,2397,14.098689500000003,5.0,5.0
26080,10.689956903457642,2397,7.492621646569502,5.0,5.0
26090,10.69378113746643,2397,5.0,5.0,5.0
26100,10.698304653167725,2397,5.0,5.0,5.0
26110,10.70216965675354,2397,5.0,5.0,5.0
26117,10.70438838005066,2397,9.5,5.0,5.0
26120,10.705211400985718,2397,6.925500000000001,5.0,5.0
26130,10.70911979675293,2397,5.0,5.0,5.0
26140,10.71349811553955,2397,5.0,5.0,5.0
26150,10.717972755432129,2397,5.0,5.0,5.0
26160,10.721061706542969,2397,5.0,5.0,5.0
26170,10.725636959075928,2397,5.0,5.0,5.0
26180,10.729803085327148,2397,5.0,5.0,5.0
26190,10.734302043914795,2397,5.0,5.0,5.0
26200,10.739475965499878,2397,5.0,5.0,5.0
26210,10.743945121765137,2397,5.0,5.0,5.0
26220,10.74866271018982,2397,5.0,5.0,5.0
26230,10.752289533615112,2397,5.0,5.0,5.0
26240,10.756650447845459,2397,5.0,5.0,5.0
26250,10.759761333465576,2397,5.0,5.0,5.0
26260,10.76383662223816,2397,5.0,5.0,5.0
26270,10.769369840621948,2397,5.0,5.0,5.0
26277,10.772233009338379,2397,9.5,5.0,5.0
26280,10.773666381835938,2397,7.695000000000001,5.0,5.0
26290,10.778295516967773,2397,5.048689500000002,5.0,5.0
26300,10.782330989837646,2397,5.0,5.0,5.0
26310,10.785992622375488,2397,5.0,5.0,5.0
26320,10.789125204086304,2397,5.0,5.0,5.0
26326,10.791707754135132,2397,9.5,5.0,5.0
26330,10.793358325958252,2397,6.925500000000001,5.0,5.0
26334,10.794929504394531,2397,10.609655000000002,5.0,5.0
26340,10.797024250030518,2397,8.593820550000002,5.0,5.0
26343,10.797919750213623,2397,11.960994645500001,5.0,5.0
26350,10.801333904266357,2397,8.7195650965695,5.0,5.0
26360,10.804855585098267,2397,6.356562955399166,5.0,5.0
26370,10.808202743530273,2397,5.0,5.0,5.0
26380,10.812494993209839,2397,5.0,5.0,5.0
26390,10.817260026931763,2397,5.0,5.0,5.0
26400,10.820800542831421,2397,5.0,5.0,5.0
26410,10.826168775558472,2397,5.0,5.0,5.0
26420,10.829201698303223,2397,5.0,5.0,5.0
26430,10.833271980285645,2397,5.0,5.0,5.0
26440,10.837489604949951,2397,5.0,5.0,5.0
26450,10.84103512763977,2397,5.0,5.0,5.0
26460,10.845723390579224,2397,5.0,5.0,5.0
26464,10.84792184829712,2397,9.5,5.0,5.0
26470,10.850128650665283,2397,6.2329500000000015,5.0,5.0
26480,10.854161739349365,2397,5.0,5.0,5.0
26490,10.858623027801514,2397,5.0,5.0,5.0
26500,10.86280632019043,2397,5.0,5.0,5.0
26510,10.867024183273315,2397,5.0,5.0,5.0
26514,10.868193626403809,2397,9.5,5.0,5.0
26520,10.870270729064941,2397,6.925500000000001,5.0,5.0
26530,10.875211715698242,2397,5.609655000000002,5.0,5.0
26540,10.878872156143188,2397,5.0,5.0,5.0
26543,10.879733800888062,2397,9.5,5.0,5.0
26550,10.882192373275757,2397,7.695000000000001,5.0,5.0
26560,10.887300491333008,2397,5.0,5.0,5.0
26570,10.891132354736328,2397,5.0,5.0,5.0
26580,10.89583134651184,2397,5.0,5.0,5.0
26585,10.898395299911499,2397,9.5,5.0,5.0
26590,10.900460720062256,2397,7.695000000000001,5.0,5.0
26600,10.904551267623901,2397,5.048689500000002,5.0,5.0
26610,10.909197330474854,2397,5.0,5.0,5.0
26620,10.914240837097168,2397,5.0,5.0,5.0
26624,10.915390729904175,2397,9.5,5.0,5.0
26630,10.917524099349976,2397,7.695000000000001,5.0,5.0
26640,10.922315835952759,2397,5.048689500000002,5.0,5.0
26650,10.925687074661255,2397,5.0,5.0,5.0
26660,10.930838108062744,2397,5.0,5.0,5.0
26670,10.93450140953064,2397,5.0,5.0,5.0
26680,10.940540075302124,2397,5.0,5.0,5.0
26690,10.94470500946045,2397,5.0,5.0,5.0
26700,10.949363231658936,2397,5.0,5.0,5.0
26710,10.954077005386353,2397,5.0,5.0,5.0
26720,10.958884477615356,2397,5.0,5.0,5.0
26730,10.963419914245605,2397,5.0,5.0,5.0
26740,10.968401432037354,2397,5.0,5.0,5.0
26750,10.972302913665771,2397,5.0,5.0,5.0
26751,10.972678184509277,2397,9.5,5.0,5.0
26760,10.975683689117432,2397,5.609655000000002,5.0,5.0
26770,10.979300260543823,2397,5.0,5.0,5.0
26780,10.98397445678711,2397,5.0,5.0,5.0
26790,10.988193035125732,2397,5.0,5.0,5.0
26800,10.992068529129028,2397,5.0,5.0,5.0
26810,10.998010635375977,2397,5.0,5.0,5.0
26820,11.001866340637207,2397,5.0,5.0,5.0
26829,11.004949808120728,2397,9.5,5.0,5.0
26830,11.005270957946777,2397,13.55,5.0,5.0
26840,11.009819269180298,2397,8.890155,5.0,5.0
26850,11.013684272766113,2397,5.832830695500001,5.0,5.0
26860,11.018784761428833,2397,5.0,5.0,5.0
26870,11.022128820419312,2397,5.0,5.0,5.0
26880,11.026463270187378,2397,5.0,5.0,5.0
26890,11.030649900436401,2397,5.0,5.0,5.0
26900,11.034420490264893,2397,5.0,5.0,5.0
26910,11.039030075073242,2397,5.0,5.0,5.0
26920,11.042881488800049,2397,5.0,5.0,5.0
26930,11.045918226242065,2397,5.0,5.0,5.0
26940,11.050291299819946,2397,5.0,5.0,5.0
26950,11.054046392440796,2397,5.0,5.0,5.0
26960,11.057930946350098,2397,5.0,5.0,5.0
26970,11.060989141464233,2397,5.0,5.0,5.0
26980,11.065796375274658,2397,5.0,5.0,5.0
26990,11.070178985595703,2397,5.0,5.0,5.0
27000,11.07435154914856,2397,5.0,5.0,5.0
27010,11.078824758529663,2397,5.0,5.0,5.0
27020,11.083209991455078,2397,5.0,5.0,5.0
27030,11.088239431381226,2397,5.0,5.0,5.0
27040,11.092668533325195,2397,5.0,5.0,5.0
27050,11.096688747406006,2397,5.0,5.0,5.0
27060,11.100723505020142,2397,5.0,5.0,5.0
27065,11.103469610214233,2397,9.5,5.0,5.0
27070,11.105089664459229,2397,6.925500000000001,5.0,5.0
27080,11.110297203063965,2397,5.048689500000002,5.0,5.0
27090,11.113001108169556,2397,5.0,5.0,5.0
27096,11.11601185798645,2397,9.5,5.0,5.0
27100,11.117525577545166,2397,7.695000000000001,5.0,5.0
27110,11.12244725227356,2397,5.609655000000002,5.0,5.0
27120,11.12643313407898,2397,5.0,5.0,5.0
27130,11.130227088928223,2397,5.0,5.0,5.0
27140,11.13495135307312,2397,5.0,5.0,5.0
27150,11.13933515548706,2397,5.0,5.0,5.0
27160,11.144334077835083,2397,5.0,5.0,5.0
27170,11.148157119750977,2397,5.0,5.0,5.0
27180,11.152716159820557,2397,5.0,5.0,5.0
27190,11.157485485076904,2397,5.0,5.0,5.0
27200,11.164407968521118,2397,5.0,5.0,5.0
27210,11.169423580169678,2397,5.0,5.0,5.0
27220,11.172772407531738,2397,5.0,5.0,5.0
27230,11.176687240600586,2397,5.0,5.0,5.0
27240,11.181466817855835,2397,5.0,5.0,5.0
27250,11.184335947036743,2397,5.0,5.0,5.0
27260,11.189772605895996,2397,5.0,5.0,5.0
27270,11.19457197189331,2397,5.0,5.0,5.0
27280,11.197938442230225,2397,5.0,5.0,5.0
27290,11.201562404632568,2397,5.0,5.0,5.0
27300,11.204524993896484,2397,5.0,5.0,5.0
27310,11.209644317626953,2397,5.0,5.0,5.0
27320,11.212743043899536,2397,9.5,5.0,5.0
27327,11.215128898620605,2397,10.609655000000002,5.0,5.0
27330,11.21581244468689,2397,10.609655000000002,5.0,5.0
27340,11.218756437301636,2397,6.960994645500001,5.0,5.0
27350,11.221769571304321,2397,5.0,5.0,5.0
27360,11.225620031356812,2397,5.0,5.0,5.0
27370,11.229947328567505,2397,5.0,5.0,5.0
27380,11.233790874481201,2397,5.0,5.0,5.0
27390,11.237203598022461,2397,5.0,5.0,5.0
27400,11.24252462387085,2397,5.0,5.0,5.0
27410,11.246435642242432,2397,5.0,5.0,5.0
27420,11.250588178634644,2397,9.5,5.0,5.0
27421,11.250888586044312,2397,13.55,5.0,5.0
27430,11.254791975021362,2397,8.890155,5.0,5.0
27440,11.258615255355835,2397,5.832830695500001,5.0,5.0
27445,11.260843276977539,2397,9.724592863355001,5.0,5.0
27450,11.262572288513184,2397,7.089228197385796,5.0,5.0
27460,11.265740633010864,2397,5.0,5.0,5.0
27470,11.272095680236816,2397,5.0,5.0,5.0
27480,11.277435302734375,2397,5.0,5.0,5.0
27490,11.281606912612915,2397,5.0,5.0,5.0
27500,11.286478281021118,2397,5.0,5.0,5.0
27510,11.29049015045166,2397,5.0,5.0,5.0
27520,11.294922828674316,2397,5.0,5.0,5.0
27523,11.296091079711914,2397,9.5,5.0,5.0
27525,11.296667337417603,2397,12.695,5.0,5.0
27530,11.298003673553467,2397,8.329189500000002,5.0,5.0
27540,11.304054975509644,2397,7.496270550000002,5.0,5.0
27550,11.308103561401367,2397,5.0,5.0,5.0
27560,11.312506914138794,2397,5.0,5.0,5.0
27570,11.318012237548828,2397,5.0,5.0,5.0
27580,11.32146668434143,2397,5.0,5.0,5.0
27590,11.325761079788208,2397,5.0,5.0,5.0
27599,11.32858943939209,2397,9.5,5.0,5.0
27600,11.329325437545776,2397,9.5,5.0,5.0
27603,11.330173254013062,2397,12.695,5.0,5.0
27610,11.332796573638916,2397,9.254655000000001,5.0,5.0
27620,11.3372802734375,2397,6.746643495000002,5.0,5.0
27630,11.342113494873047,2397,5.0,5.0,5.0
27640,11.346424579620361,2397,5.0,5.0,5.0
27650,11.34936261177063,2397,5.0,5.0,5.0
27660,11.352662563323975,2397,5.0,5.0,5.0
27670,11.356628894805908,2397,5.0,5.0,5.0
27680,11.360536098480225,2397,5.0,5.0,5.0
27687,11.364271640777588,2397,9.5,5.0,5.0
27690,11.365447282791138,2397,7.695000000000001,5.0,5.0
27700,11.36923336982727,2397,5.609655000000002,5.0,5.0
27710,11.372512578964233,2397,5.0,5.0,5.0
27715,11.373807907104492,2397,9.5,5.0,5.0
27720,11.37601613998413,2397,8.55,5.0,5.0
27726,11.378491640090942,2397,12.695,5.0,5.0
27730,11.380490779876709,2397,11.425500000000001,5.0,5.0
27740,11.384041547775269,2397,11.746643495,5.0,5.0
27742,11.384614944458008,2397,14.51478123095,5.0,5.0
27746,11.38663649559021,2397,16.7569727970695,5.0,5.0
27750,11.387732028961182,2397,12.215833169063666,5.0,5.0
27760,11.39137053489685,2397,6.491994595200364,5.0,5.0
27770,11.395857334136963,2397,5.0,5.0,5.0
27772,11.396902561187744,2397,9.5,5.0,5.0
27779,11.399680376052856,2397,11.925500000000001,5.0,5.0
27780,11.399915218353271,2397,11.925500000000001,5.0,5.0
27790,11.403377056121826,2397,7.041888495000001,5.0,5.0
27800,11.407103538513184,2397,5.0,5.0,5.0
27810,11.411895751953125,2397,5.0,5.0,5.0
27820,11.416194677352905,2397,9.5,5.0,5.0
27829,11.419432640075684,2397,11.232950000000002,5.0,5.0
27830,11.419699668884277,2397,10.109655000000002,5.0,5.0
27840,11.422682523727417,2397,5.969650180950002,5.0,5.0
27850,11.427402257919312,2397,5.0,5.0,5.0
27856,11.42922043800354,2397,9.5,5.0,5.0
27860,11.431687593460083,2397,8.55,5.0,5.0
27870,11.434143543243408,2397,5.048689500000002,5.0,5.0
27871,11.43444013595581,2397,9.543820550000003,5.0,5.0
27880,11.439522981643677,2397,7.730494645500003,5.0,5.0
27890,11.443705558776855,2397,5.0,5.0,5.0
27900,11.447540760040283,2397,5.0,5.0,5.0
27910,11.452983379364014,2397,5.0,5.0,5.0
27911,11.453292608261108,2397,9.5,5.0,5.0
27920,11.456489324569702,2397,5.609655000000002,5.0,5.0
27930,11.459949254989624,2397,5.0,5.0,5.0
27940,11.46388578414917,2397,5.0,5.0,5.0
27950,11.469351291656494,2397,5.0,5.0,5.0
27960,11.472323894500732,2397,5.0,5.0,5.0
27970,11.476194858551025,2397,5.0,5.0,5.0
27980,11.479665040969849,2397,5.0,5.0,5.0
27985,11.481647968292236,2397,9.5,5.0,5.0
27990,11.484124422073364,2397,7.695000000000001,5.0,5.0
27994,11.485212564468384,2397,10.609655000000002,5.0,5.0
28000,11.4885995388031,2397,9.548689500000002,5.0,5.0
28010,11.491649627685547,2397,6.264895180950002,5.0,5.0
28020,11.49550724029541,2397,5.0,5.0,5.0
28030,11.498937845230103,2397,5.0,5.0,5.0
28040,11.502935886383057,2397,5.0,5.0,5.0
28050,11.505957126617432,2397,5.0,5.0,5.0
28060,11.510302305221558,2397,5.0,5.0,5.0
28070,11.515848636627197,2397,5.0,5.0,5.0
28079,11.520148515701294,2397,9.5,5.0,5.0
28080,11.520774364471436,2397,9.5,5.0,5.0
28090,11.523826837539673,2397,5.609655000000002,5.0,5.0
28100,11.530049800872803,2397,5.609655000000002,5.0,5.0
28110,11.534919023513794,2397,5.048689500000002,5.0,5.0
28120,11.539072036743164,2397,5.0,5.0,5.0
28130,11.543612241744995,2397,5.0,5.0,5.0
28140,11.546707391738892,2397,5.0,5.0,5.0
28150,11.54957103729248,2397,5.0,5.0,5.0
28160,11.553778648376465,2397,5.0,5.0,5.0
28170,11.556810855865479,2397,5.0,5.0,5.0
28177,11.558558940887451,2397,9.5,5.0,5.0
28180,11.559373617172241,2397,6.925500000000001,5.0,5.0
28181,11.559664726257324,2397,11.232950000000002,5.0,5.0
28190,11.56497311592102,2397,9.098689500000003,5.0,5.0
28200,11.569613695144653,2397,9.098689500000003,5.0,5.0
28210,11.574234962463379,2397,5.372685162855002,5.0,5.0
28220,11.577828168869019,2397,5.0,5.0,5.0
28225,11.580115795135498,2397,9.5,5.0,5.0
28230,11.581921100616455,2397,6.925500000000001,5.0,5.0
28232,11.582499504089355,2397,10.609655000000002,5.0,5.0
28240,11.585989713668823,2397,7.734438495000002,5.0,5.0
28250,11.590733766555786,2397,6.960994645500001,5.0,5.0
28260,11.594695329666138,2397,5.0,5.0,5.0
28270,11.600107669830322,2397,5.0,5.0,5.0
28278,11.603151798248291,2397,9.5,5.0,5.0
28280,11.603681087493896,2397,8.55,5.0,5.0
28290,11.607807397842407,2397,5.609655000000002,5.0,5.0
28292,11.608381509780884,2397,9.543820550000003,5.0,5.0
28300,11.611248016357422,2397,11.261700662855002,5.0,5.0
28310,11.614397287368774,2397,5.0,5.0,5.0
28320,11.6175537109375,2397,5.0,5.0,5.0
28330,11.621478080749512,2397,5.0,5.0,5.0
28340,11.624972343444824,2397,5.0,5.0,5.0
28350,11.628881692886353,2397,5.0,5.0,5.0
28360,11.633028030395508,2397,5.0,5.0,5.0
28370,11.637524604797363,2397,5.0,5.0,5.0
28375,11.639712810516357,2397,9.5,5.0,5.0
28380,11.641420841217041,2397,6.925500000000001,5.0,5.0
28389,11.644856691360474,2397,9.5,5.0,5.0
28390,11.645100593566895,2397,9.5,5.0,5.0
28400,11.649466276168823,2397,6.925500000000001,5.0,5.0
28410,11.652051448822021,2397,5.0,5.0,5.0
28420,11.65647840499878,2397,5.0,5.0,5.0
28430,11.66129183769226,2397,5.0,5.0,5.0
28440,11.66622018814087,2397,5.0,5.0,5.0
28450,11.670758247375488,2397,5.0,5.0,5.0
28459,11.674163579940796,2397,9.5,5.0,5.0
28460,11.67442798614502,2397,8.55,5.0,5.0
28470,11.679073333740234,2397,6.2329500000000015,5.0,5.0
28480,11.683462619781494,2397,5.0,5.0,5.0
28490,11.68826174736023,2397,5.0,5.0,5.0
28500,11.692402839660645,2397,5.0,5.0,5.0
28510,11.696377515792847,2397,5.0,5.0,5.0
28520,11.699679374694824,2397,5.0,5.0,5.0
28530,11.704087734222412,2397,5.0,5.0,5.0
28540,11.709067821502686,2397,5.0,5.0,5.0
28550,11.712585210800171,2397,5.0,5.0,5.0
28560,11.717519760131836,2397,5.0,5.0,5.0
28569,11.720297574996948,2397,9.5,5.0,5.0
28570,11.720577239990234,2397,8.55,5.0,5.0
28580,11.724103212356567,2397,5.0,5.0,5.0
28590,11.727667808532715,2397,5.0,5.0,5.0
28600,11.731238842010498,2397,5.0,5.0,5.0
28610,11.734962701797485,2397,5.0,5.0,5.0
28620,11.739291191101074,2397,5.0,5.0,5.0
28625,11.740623712539673,2397,9.5,5.0,5.0
28630,11.74240779876709,2397,7.695000000000001,5.0,5.0
28633,11.743704080581665,2397,11.925500000000001,5.0,5.0
28640,11.745906829833984,2397,7.824320550000001,5.0,5.0
28650,11.751441240310669,2397,5.133536712855001,5.0,5.0
28660,11.755331993103027,2397,5.0,5.0,5.0
28670,11.759280681610107,2397,5.0,5.0,5.0
28673,11.760578155517578,2397,9.5,5.0,5.0
28680,11.764097213745117,2397,6.2329500000000015,5.0,5.0
28690,11.76960277557373,2397,5.048689500000002,5.0,5.0
28700,11.774733066558838,2397,5.0,5.0,5.0
28710,11.77927565574646,2397,5.0,5.0,5.0
28720,11.78278660774231,2397,5.0,5.0,5.0
28730,11.78572964668274,2397,5.0,5.0,5.0
28740,11.789104223251343,2397,5.0,5.0,5.0
28750,11.794040203094482,2397,5.0,5.0,5.0
28760,11.798810243606567,2397,5.0,5.0,5.0
28770,11.801828622817993,2397,5.0,5.0,5.0
28772,11.802883863449097,2397,9.5,5.0,5.0
28780,11.807021379470825,2397,6.2329500000000015,5.0,5.0
28790,11.811700582504272,2397,5.0,5.0,5.0
28800,11.815620183944702,2397,5.0,5.0,5.0
28810,11.81960654258728,2397,5.0,5.0,5.0
28820,11.82426142692566,2397,5.0,5.0,5.0
28830,11.8278067111969,2397,5.0,5.0,5.0
28840,11.83182406425476,2397,5.0,5.0,5.0
28850,11.834733724594116,2397,5.0,5.0,5.0
28860,11.838195562362671,2397,5.0,5.0,5.0
28870,11.843266487121582,2397,5.0,5.0,5.0
28880,11.84706425666809,2397,5.0,5.0,5.0
28890,11.850698947906494,2397,5.0,5.0,5.0
28900,11.855474472045898,2397,5.0,5.0,5.0
28903,11.856849431991577,2397,9.5,5.0,5.0
28910,11.8591890335083,2397,6.925500000000001,5.0,5.0
28920,11.862058401107788,2397,5.0,5.0,5.0
28922,11.863104820251465,2397,9.5,5.0,5.0
28930,11.865673780441284,2397,6.925500000000001,5.0,5.0
28940,11.869728803634644,2397,5.0,5.0,5.0
28950,11.87423825263977,2397,5.0,5.0,5.0
28952,11.875290632247925,2397,9.5,5.0,5.0
28960,11.878459453582764,2397,5.048689500000002,5.0,5.0
28963,11.879774332046509,2397,9.543820550000003,5.0,5.0
28970,11.882418632507324,2397,7.730494645500003,5.0,5.0
28975,11.883678197860718,2397,11.261700662855002,5.0,5.0
28980,11.886008501052856,2397,9.121977536912553,5.0,5.0
28990,11.889102697372437,2397,5.0,5.0,5.0
29000,11.893553495407104,2397,5.0,5.0,5.0
29010,11.897989749908447,2397,5.0,5.0,5.0
29020,11.902437210083008,2397,5.0,5.0,5.0
29030,11.90629243850708,2397,5.0,5.0,5.0
29040,11.912207126617432,2397,5.0,5.0,5.0
29050,11.916628122329712,2397,5.0,5.0,5.0
29059,11.920542240142822,2397,9.5,5.0,5.0
29060,11.92079472541809,2397,9.5,5.0,5.0
29070,11.925148010253906,2397,8.55,5.0,5.0
29080,11.93131709098816,2397,5.609655000000002,5.0,5.0
29090,11.936438798904419,2397,5.0,5.0,5.0
29100,11.93990445137024,2397,5.0,5.0,5.0
29110,11.94530725479126,2397,5.0,5.0,5.0
29120,11.948747873306274,2397,5.0,5.0,5.0
29130,11.952308654785156,2397,5.0,5.0,5.0
29132,11.952897071838379,2397,9.5,5.0,5.0
29140,11.956138849258423,2397,6.2329500000000015,5.0,5.0
29150,11.960298776626587,2397,5.0,5.0,5.0
29160,11.964706182479858,2397,5.0,5.0,5.0
29170,11.968765497207642,2397,5.0,5.0,5.0
29177,11.971423149108887,2397,9.5,5.0,5.0
29178,11.97176480293274,2397,13.55,5.0,5.0
29180,11.972090482711792,2397,13.55,5.0,5.0
29184,11.973711252212524,2397,14.87795,5.0,5.0
29190,11.97569465637207,2397,10.84602555,5.0,5.0
29200,11.981197118759155,2397,7.906752625950001,5.0,5.0
29210,11.985311508178711,2397,5.187620397885796,5.0,5.0
29220,11.988611459732056,2397,5.0,5.0,5.0
29230,11.99194598197937,2397,5.0,5.0,5.0
29240,11.996187686920166,2397,5.0,5.0,5.0
29248,11.998342037200928,2397,9.5,5.0,5.0
29250,11.998879194259644,2397,8.55,5.0,5.0
29252,12.000092506408691,2397,12.695,5.0,5.0
29255,12.001329183578491,2397,16.4255,5.0,5.0
29260,12.003210544586182,2397,10.776770550000002,5.0,5.0
29270,12.007181882858276,2397,7.070639157855002,5.0,5.0
29280,12.010615587234497,2397,5.0,5.0,5.0
29286,12.012781858444214,2397,9.5,5.0,5.0
29290,12.01388692855835,2397,6.925500000000001,5.0,5.0
29300,12.017371416091919,2397,5.0,5.0,5.0
29310,12.021838903427124,2397,5.0,5.0,5.0
29320,12.025846719741821,2397,5.0,5.0,5.0
29330,12.031015157699585,2397,5.0,5.0,5.0
29337,12.033910036087036,2397,9.5,5.0,5.0
29340,12.034746885299683,2397,7.695000000000001,5.0,5.0
29350,12.037848711013794,2397,5.0,5.0,5.0
29360,12.042927265167236,2397,5.0,5.0,5.0
29370,12.047462701797485,2397,5.0,5.0,5.0
29375,12.049435377120972,2397,9.5,5.0,5.0
29380,12.05118727684021,2397,6.925500000000001,5.0,5.0
29390,12.05557656288147,2397,5.0,5.0,5.0
29400,12.060467958450317,2397,5.0,5.0,5.0
29410,12.064570903778076,2397,5.0,5.0,5.0
29420,12.068797826766968,2397,5.0,5.0,5.0
29421,12.069131135940552,2397,9.5,5.0,5.0
29430,12.073013544082642,2397,6.2329500000000015,5.0,5.0
29440,12.076423645019531,2397,5.0,5.0,5.0
29450,12.080068111419678,2397,5.0,5.0,5.0
29460,12.084953784942627,2397,5.0,5.0,5.0
29470,12.090983867645264,2397,5.0,5.0,5.0
29480,12.094259262084961,2397,5.0,5.0,5.0
29487,12.097626686096191,2397,9.5,5.0,5.0
29490,12.099356412887573,2397,9.5,5.0,5.0
29494,12.100934982299805,2397,12.695,5.0,5.0
29500,12.103022813796997,2397,9.254655000000001,5.0,5.0
29510,12.107484579086304,2397,6.071979145500001,5.0,5.0
29520,12.111321449279785,2397,5.0,5.0,5.0
29530,12.1159029006958,2397,5.0,5.0,5.0
29533,12.1167893409729,2397,9.5,5.0,5.0
29538,12.119198560714722,2397,11.232950000000002,5.0,5.0
29540,12.119729280471802,2397,10.109655000000002,5.0,5.0
29550,12.123403787612915,2397,5.372685162855002,5.0,5.0
29552,12.123903751373291,2397,9.5,5.0,5.0
29560,12.127133846282959,2397,8.55,5.0,5.0
29570,12.131983518600464,2397,6.925500000000001,5.0,5.0
29580,12.135931253433228,2397,5.609655000000002,5.0,5.0
29590,12.139789581298828,2397,5.0,5.0,5.0
29600,12.14437198638916,2397,5.0,5.0,5.0
29610,12.148419857025146,2397,5.0,5.0,5.0
29613,12.149288177490234,2397,9.5,5.0,5.0
29620,12.151994705200195,2397,11.925500000000001,5.0,5.0
29624,12.153462171554565,2397,13.693689500000001,5.0,5.0
29630,12.155133962631226,2397,7.277388041569502,5.0,5.0
29639,12.15856647491455,2397,9.77469429407375,5.0,5.0
29640,12.158731937408447,2397,9.77469429407375,5.0,5.0
29643,12.159651517868042,2397,12.125752140379763,5.0,5.0
29647,12.160770416259766,2397,12.955705979303165,5.0,5.0
29650,12.161529302597046,2397,11.660135381372848,5.0,5.0
29653,12.162410020828247,2397,14.444709658912007,5.0,5.0
29660,12.164534091949463,2397,10.530193341346854,5.0,5.0
29662,12.16514539718628,2397,13.529456606490951,5.0,5.0
29670,12.167530536651611,2397,8.876676479518714,5.0,5.0
29680,12.171656608581543,2397,5.241588694391005,5.0,5.0
29690,12.17665719985962,2397,5.0,5.0,5.0
29694,12.17824649810791,2397,9.5,5.0,5.0
29700,12.18119502067566,2397,8.55,5.0,5.0
29710,12.185356616973877,2397,10.609655000000002,5.0,5.0
29720,12.18989109992981,2397,6.960994645500001,5.0,5.0
29730,12.194040060043335,2397,5.0,5.0,5.0
29738,12.197490692138672,2397,9.5,5.0,5.0
29740,12.198524713516235,2397,8.55,5.0,5.0
29741,12.198859453201294,2397,12.695,5.0,5.0
29742,12.199158668518066,2397,16.4255,5.0,5.0
29745,12.199995040893555,2397,18.304655,5.0,5.0
29750,12.201420068740845,2397,12.009684145500001,5.0,5.0
29756,12.203589916229248,2397,12.0915983910763,5.0,5.0
29760,12.204660654067993,2397,9.794194696771804,5.0,5.0
29770,12.20928144454956,2397,12.139967933946647,5.0,5.0
29780,12.212859392166138,2397,12.168529665316157,5.0,5.0
29790,12.216850757598877,2397,7.18539508207254,5.0,5.0
29800,12.221397399902344,2397,5.238153014830882,5.0,5.0
29802,12.22199296951294,2397,9.714337713347794,5.0,5.0
29810,12.22460150718689,2397,6.373576973727489,5.0,5.0
29820,12.229788780212402,2397,5.0,5.0,5.0
29830,12.236131191253662,2397,5.0,5.0,5.0
29840,12.240697145462036,2397,5.0,5.0,5.0
29850,12.24430537223816,2397,5.0,5.0,5.0
29860,12.249285221099854,2397,5.0,5.0,5.0
29870,12.25442910194397,2397,5.0,5.0,5.0
29880,12.259109020233154,2397,5.0,5.0,5.0
29890,12.263638257980347,2397,5.0,5.0,5.0
29898,12.266243934631348,2397,9.5,5.0,5.0
29900,12.266809225082397,2397,8.55,5.0,5.0
29910,12.271451234817505,2397,5.048689500000002,5.0,5.0
29920,12.276712894439697,2397,5.0,5.0,5.0
29930,12.281707763671875,2397,5.0,5.0,5.0
29940,12.286023378372192,2397,5.0,5.0,5.0
29945,12.288416147232056,2397,9.5,5.0,5.0
29950,12.290322065353394,2397,7.695000000000001,5.0,5.0
29960,12.293524742126465,2397,5.048689500000002,5.0,5.0
29970,12.300602674484253,2397,5.0,5.0,5.0
29980,12.304250240325928,2397,5.0,5.0,5.0
29990,12.309784889221191,2397,5.0,5.0,5.0
30000,12.313756227493286,2397,5.0,5.0,5.0
30003,12.314523220062256,2397,9.5,5.0,5.0
30010,12.317737579345703,2397,7.695000000000001,5.0,5.0
30011,12.318085670471191,2397,11.925500000000001,5.0,5.0
30020,12.320399761199951,2397,8.693689500000001,5.0,5.0
30030,12.323269844055176,2397,5.0,5.0,5.0
30040,12.328728199005127,2397,5.0,5.0,5.0
30050,12.332313776016235,2397,5.0,5.0,5.0
30060,12.336304903030396,2397,5.0,5.0,5.0
30070,12.339380979537964,2397,5.0,5.0,5.0
30077,12.342156648635864,2397,9.5,5.0,5.0
30080,12.343791484832764,2397,8.55,5.0,5.0
30090,12.347481727600098,2397,6.2329500000000015,5.0,5.0
30100,12.352070569992065,2397,5.0,5.0,5.0
30110,12.355641603469849,2397,5.0,5.0,5.0
30120,12.35971212387085,2397,5.0,5.0,5.0
30130,12.363710165023804,2397,5.0,5.0,5.0
30140,12.367277383804321,2397,5.0,5.0,5.0
30150,12.370237350463867,2397,5.0,5.0,5.0
30160,12.374675273895264,2397,5.0,5.0,5.0
30170,12.380051374435425,2397,5.0,5.0,5.0
30180,12.38412594795227,2397,5.0,5.0,5.0
30190,12.387291431427002,2397,5.0,5.0,5.0
30200,12.391186475753784,2397,5.0,5.0,5.0
30210,12.394789218902588,2397,5.0,5.0,5.0
30220,12.399343967437744,2397,5.0,5.0,5.0
30230,12.402955532073975,2397,5.0,5.0,5.0
30240,12.408015012741089,2397,5.0,5.0,5.0
30250,12.412582159042358,2397,5.0,5.0,5.0
30260,12.417160987854004,2397,5.0,5.0,5.0
30270,12.420807838439941,2397,5.0,5.0,5.0
30280,12.426192998886108,2397,5.0,5.0,5.0
30290,12.43074917793274,2397,5.0,5.0,5.0
30300,12.434644937515259,2397,5.0,5.0,5.0
30310,12.440085649490356,2397,5.0,5.0,5.0
30320,12.444243669509888,2397,5.0,5.0,5.0
30330,12.449491024017334,2397,9.5,5.0,5.0
30334,12.451569557189941,2397,13.55,5.0,5.0
30340,12.453101396560669,2397,9.87795,5.0,5.0
30350,12.457210540771484,2397,5.0,5.0,5.0
30360,12.460750102996826,2397,5.0,5.0,5.0
30363,12.46177625656128,2397,9.5,5.0,5.0
30370,12.46362018585205,2397,5.609655000000002,5.0,5.0
30380,12.468275785446167,2397,5.0,5.0,5.0
30383,12.46956205368042,2397,9.5,5.0,5.0
30390,12.472379207611084,2397,6.925500000000001,5.0,5.0
30394,12.473548650741577,2397,10.048689500000002,5.0,5.0
30400,12.475630521774292,2397,7.325494645500002,5.0,5.0
30410,12.479263305664062,2397,5.340285596569502,5.0,5.0
30420,12.484160661697388,2397,5.0,5.0,5.0
30430,12.48909854888916,2397,5.0,5.0,5.0
30440,12.494319677352905,2397,5.0,5.0,5.0
30450,12.497903108596802,2397,5.0,5.0,5.0
30460,12.503236055374146,2397,5.0,5.0,5.0
30466,12.505205869674683,2397,9.5,5.0,5.0
30470,12.507229089736938,2397,8.55,5.0,5.0
30480,12.510177612304688,2397,5.609655000000002,5.0,5.0
30490,12.515724182128906,2397,5.0,5.0,5.0
30500,12.519896030426025,2397,5.0,5.0,5.0
30510,12.52420163154602,2397,5.0,5.0,5.0
30520,12.528416395187378,2397,5.0,5.0,5.0
30530,12.532684326171875,2397,5.0,5.0,5.0
30540,12.53613567352295,2397,5.0,5.0,5.0
30550,12.54014277458191,2397,5.0,5.0,5.0
30560,12.544352054595947,2397,5.0,5.0,5.0
30570,12.547940731048584,2397,5.0,5.0,5.0
30580,12.55253791809082,2397,5.0,5.0,5.0
30590,12.55811882019043,2397,5.0,5.0,5.0
30600,12.561830997467041,2397,5.0,5.0,5.0
30610,12.56674838066101,2397,5.0,5.0,5.0
30620,12.570950508117676,2397,5.0,5.0,5.0
30621,12.571285009384155,2397,9.5,5.0,5.0
30630,12.574528694152832,2397,6.925500000000001,5.0,5.0
30640,12.579143524169922,2397,5.048689500000002,5.0,5.0
30641,12.57944107055664,2397,9.543820550000003,5.0,5.0
30650,12.583681583404541,2397,6.261700662855002,5.0,5.0
30660,12.5901780128479,2397,5.071977536912552,5.0,5.0
30670,12.595483779907227,2397,5.0,5.0,5.0
30680,12.599474430084229,2397,5.0,5.0,5.0
30690,12.604336500167847,2397,5.0,5.0,5.0
30700,12.608997821807861,2397,5.0,5.0,5.0
30710,12.613899946212769,2397,5.0,5.0,5.0
30711,12.614239931106567,2397,9.5,5.0,5.0
30715,12.615387439727783,2397,12.695,5.0,5.0
30720,12.617799520492554,2397,9.254655000000001,5.0,5.0
30730,12.622360229492188,2397,5.464781230950001,5.0,5.0
30740,12.625853538513184,2397,5.0,5.0,5.0
30750,12.630791902542114,2397,5.0,5.0,5.0
30760,12.636531352996826,2397,5.0,5.0,5.0
30770,12.640721321105957,2397,5.0,5.0,5.0
30778,12.643953800201416,2397,9.5,5.0,5.0
30780,12.644854307174683,2397,9.5,5.0,5.0
30790,12.648568153381348,2397,5.609655000000002,5.0,5.0
30798,12.653247117996216,2397,9.543820550000003,5.0,5.0
30800,12.654262065887451,2397,8.589438495000003,5.0,5.0
30810,12.66034746170044,2397,6.957445180950002,5.0,5.0
30820,12.664811611175537,2397,5.071977536912552,5.0,5.0
30830,12.670360326766968,2397,5.0,5.0,5.0
30840,12.674809455871582,2397,5.0,5.0,5.0
30850,12.680895328521729,2397,5.0,5.0,5.0
30860,12.685713529586792,2397,5.0,5.0,5.0
30870,12.690237283706665,2397,5.0,5.0,5.0
30880,12.694491147994995,2397,5.0,5.0,5.0
30890,12.697980403900146,2397,5.0,5.0,5.0
30900,12.702497243881226,2397,5.0,5.0,5.0
30910,12.708628177642822,2397,5.0,5.0,5.0
30920,12.714834690093994,2397,5.0,5.0,5.0
30930,12.719828128814697,2397,5.0,5.0,5.0
30940,12.725151300430298,2397,5.0,5.0,5.0
30950,12.729390621185303,2397,5.0,5.0,5.0
30954,12.73062515258789,2397,9.5,5.0,5.0
30960,12.733304738998413,2397,6.925500000000001,5.0,5.0
30967,12.735868453979492,2397,9.543820550000003,5.0,5.0
30970,12.737091541290283,2397,8.589438495000003,5.0,5.0
30978,12.74027156829834,2397,10.635530596569502,5.0,5.0
30980,12.740869045257568,2397,8.614779783221298,5.0,5.0
30990,12.744069814682007,2397,5.086941314194345,5.0,5.0
31000,12.747612237930298,2397,5.0,5.0,5.0
31010,12.752868413925171,2397,5.0,5.0,5.0
31020,12.756236553192139,2397,5.0,5.0,5.0
31030,12.761713027954102,2397,5.0,5.0,5.0
31040,12.764913320541382,2397,5.0,5.0,5.0
31050,12.769784212112427,2397,5.0,5.0,5.0
31060,12.774733781814575,2397,5.0,5.0,5.0
31070,12.779149770736694,2397,5.0,5.0,5.0
31080,12.783427238464355,2397,5.0,5.0,5.0
31088,12.786757469177246,2397,9.5,5.0,5.0
31090,12.787307977676392,2397,8.55,5.0,5.0
31092,12.787941455841064,2397,11.925500000000001,5.0,5.0
31100,12.791241884231567,2397,7.824320550000001,5.0,5.0
31110,12.796932458877563,2397,7.041888495000001,5.0,5.0
31116,12.79917049407959,2397,9.6201830415695,5.0,5.0
31120,12.800658702850342,2397,8.658164737412552,5.0,5.0
31130,12.804396152496338,2397,7.013113437304168,5.0,5.0
31140,12.808743000030518,2397,5.0,5.0,5.0
31150,12.812915563583374,2397,5.0,5.0,5.0
31160,12.818112850189209,2397,5.0,5.0,5.0
31167,12.820910453796387,2397,9.5,5.0,5.0
31170,12.821853637695312,2397,7.695000000000001,5.0,5.0
31180,12.825634717941284,2397,5.048689500000002,5.0,5.0
31190,12.829900026321411,2397,5.0,5.0,5.0
31200,12.834187984466553,2397,9.5,5.0,5.0
31210,12.837432384490967,2397,5.048689500000002,5.0,5.0
31220,12.840995073318481,2397,5.0,5.0,5.0
31230,12.844480514526367,2397,5.0,5.0,5.0
31236,12.846676349639893,2397,9.5,5.0,5.0
31240,12.848809480667114,2397,7.695000000000001,5.0,5.0
31250,12.854401350021362,2397,6.2329500000000015,5.0,5.0
31251,12.85481595993042,2397,10.609655000000002,5.0,5.0
31260,12.858243465423584,2397,6.960994645500001,5.0,5.0
31270,12.864284038543701,2397,5.638405662855002,5.0,5.0
31280,12.869009733200073,2397,5.0,5.0,5.0
31290,12.87242579460144,2397,5.0,5.0,5.0
31300,12.87751317024231,2397,5.0,5.0,5.0
31310,12.88276219367981,2397,5.0,5.0,5.0
31320,12.887369394302368,2397,5.0,5.0,5.0
31330,12.891281604766846,2397,5.0,5.0,5.0
31340,12.896999597549438,2397,5.0,5.0,5.0
31350,12.901322364807129,2397,5.0,5.0,5.0
31357,12.905337810516357,2397,9.5,5.0,5.0
31360,12.906269550323486,2397,6.925500000000001,5.0,5.0
31370,12.910469055175781,2397,5.609655000000002,5.0,5.0
31380,12.914557218551636,2397,5.0,5.0,5.0
31390,12.91887640953064,2397,5.0,5.0,5.0
31400,12.923998355865479,2397,5.0,5.0,5.0
31410,12.929466009140015,2397,5.0,5.0,5.0
31420,12.933077335357666,2397,5.0,5.0,5.0
31427,12.936424970626831,2397,9.5,5.0,5.0
31430,12.937308073043823,2397,8.55,5.0,5.0
31440,12.941038370132446,2397,6.925500000000001,5.0,5.0
31442,12.94164228439331,2397,11.232950000000002,5.0,5.0
31450,12.945213556289673,2397,9.098689500000003,5.0,5.0
31460,12.949044942855835,2397,5.372685162855002,5.0,5.0
31461,12.949365377426147,2397,9.835416646569502,5.0,5.0
31470,12.952860116958618,2397,6.453016861814251,5.0,5.0
31480,12.957611560821533,2397,5.0,5.0,5.0
31482,12.95826244354248,2397,9.5,5.0,5.0
31490,12.961952924728394,2397,6.925500000000001,5.0,5.0
31500,12.966642618179321,2397,5.0,5.0,5.0
31510,12.970423460006714,2397,5.0,5.0,5.0
31520,12.974148511886597,2397,5.0,5.0,5.0
31530,12.978586912155151,2397,5.0,5.0,5.0
31540,12.982800245285034,2397,5.0,5.0,5.0
31550,12.986885786056519,2397,5.0,5.0,5.0
31560,12.99249529838562,2397,5.0,5.0,5.0
31570,12.99716591835022,2397,5.0,5.0,5.0
31580,13.000845909118652,2397,5.0,5.0,5.0
31590,13.006553411483765,2397,5.0,5.0,5.0
31600,13.011875867843628,2397,5.0,5.0,5.0
31607,13.014809131622314,2397,9.5,5.0,5.0
31610,13.016149282455444,2397,7.695000000000001,5.0,5.0
31619,13.0201096534729,2397,10.048689500000002,5.0,5.0
31620,13.020406007766724,2397,9.043820550000001,5.0,5.0
31630,13.023733377456665,2397,5.340285596569502,5.0,5.0
31640,13.028952598571777,2397,5.0,5.0,5.0
31650,13.032221555709839,2397,5.0,5.0,5.0
31660,13.036628723144531,2397,5.0,5.0,5.0
31661,13.036988019943237,2397,9.5,5.0,5.0
31670,13.041574954986572,2397,6.925500000000001,5.0,5.0
31674,13.042819499969482,2397,10.048689500000002,5.0,5.0
31680,13.044518947601318,2397,7.325494645500002,5.0,5.0
31690,13.049170970916748,2397,5.0,5.0,5.0
31700,13.05451250076294,2397,5.0,5.0,5.0
31710,13.058289051055908,2397,5.0,5.0,5.0
31720,13.061422348022461,2397,5.0,5.0,5.0
31730,13.064479351043701,2397,5.0,5.0,5.0
31740,13.068208456039429,2397,5.0,5.0,5.0
31750,13.072548389434814,2397,9.5,5.0,5.0
31760,13.07769227027893,2397,7.695000000000001,5.0,5.0
31763,13.078500509262085,2397,11.232950000000002,5.0,5.0
31770,13.082847356796265,2397,9.098689500000003,5.0,5.0
31780,13.086818218231201,2397,9.5,5.0,5.0
31790,13.090378046035767,2397,6.2329500000000015,5.0,5.0
31800,13.095747470855713,2397,5.0,5.0,5.0
31810,13.099069356918335,2397,5.0,5.0,5.0
31820,13.103817462921143,2397,5.0,5.0,5.0
31830,13.109061241149902,2397,5.0,5.0,5.0
31840,13.113625049591064,2397,5.0,5.0,5.0
31850,13.117401599884033,2397,5.0,5.0,5.0
31860,13.120731353759766,2397,5.0,5.0,5.0
31870,13.123699188232422,2397,5.0,5.0,5.0
31880,13.12889051437378,2397,5.0,5.0,5.0
31890,13.133353471755981,2397,9.5,5.0,5.0
31894,13.134990453720093,2397,11.925500000000001,5.0,5.0
31897,13.135781049728394,2397,13.693689500000001,5.0,5.0
31898,13.136061906814575,2397,17.324320550000003,5.0,5.0
31900,13.136536598205566,2397,15.591888495000003,5.0,5.0
31910,13.14085078239441,2397,9.206854237412552,5.0,5.0
31920,13.144651412963867,2397,5.436555358649739,5.0,5.0
31930,13.148100137710571,2397,5.0,5.0,5.0
31940,13.151755332946777,2397,9.5,5.0,5.0
31950,13.155099391937256,2397,5.048689500000002,5.0,5.0
31960,13.158004760742188,2397,9.5,5.0,5.0
31970,13.162020921707153,2397,5.048689500000002,5.0,5.0
31980,13.166320085525513,2397,5.0,5.0,5.0
31990,13.169989585876465,2397,5.0,5.0,5.0
32000,13.173441410064697,2397,5.0,5.0,5.0
32008,13.176998615264893,2397,9.5,5.0,5.0
32010,13.17750096321106,2397,7.695000000000001,5.0,5.0
32015,13.179730653762817,2397,10.609655000000002,5.0,5.0
32020,13.181395769119263,2397,6.960994645500001,5.0,5.0
32030,13.185932874679565,2397,5.0,5.0,5.0
32040,13.190141201019287,2397,5.0,5.0,5.0
32050,13.193496704101562,2397,5.0,5.0,5.0
32051,13.193792819976807,2397,9.5,5.0,5.0
32058,13.196186304092407,2397,11.925500000000001,5.0,5.0
32060,13.1966872215271,2397,10.73295,5.0,5.0
32065,13.197986602783203,2397,12.041888495000002,5.0,5.0
32070,13.200642824172974,2397,10.837699645500003,5.0,5.0
32080,13.204055547714233,2397,7.110614737412552,5.0,5.0
32090,13.207265853881836,2397,5.183638143573751,5.0,5.0
32100,13.211485147476196,2397,5.0,5.0,5.0
32110,13.214210033416748,2397,5.0,5.0,5.0
32120,13.21949577331543,2397,5.0,5.0,5.0
32130,13.22252345085144,2397,5.0,5.0,5.0
32140,13.22743034362793,2397,5.0,5.0,5.0
32150,13.231058120727539,2397,5.0,5.0,5.0
32160,13.235759973526001,2397,5.0,5.0,5.0
32170,13.239057779312134,2397,5.0,5.0,5.0
32180,13.24295449256897,2397,5.0,5.0,5.0
32190,13.245875358581543,2397,5.0,5.0,5.0
32200,13.249098777770996,2397,5.0,5.0,5.0
32210,13.25292706489563,2397,5.0,5.0,5.0
32220,13.25793719291687,2397,5.0,5.0,5.0
32230,13.261019706726074,2397,5.0,5.0,5.0
32240,13.263557434082031,2397,5.0,5.0,5.0
32250,13.267801284790039,2397,5.0,5.0,5.0
32253,13.269099473953247,2397,9.5,5.0,5.0
32260,13.272010326385498,2397,6.2329500000000015,5.0,5.0
32270,13.276633501052856,2397,5.048689500000002,5.0,5.0
32280,13.279573678970337,2397,5.0,5.0,5.0
32290,13.284999132156372,2397,5.0,5.0,5.0
32294,13.287060737609863,2397,9.5,5.0,5.0
32296,13.287621974945068,2397,12.695,5.0,5.0
32300,13.288673639297485,2397,8.329189500000002,5.0,5.0
32310,13.293132066726685,2397,5.0,5.0,5.0
32320,13.297776937484741,2397,5.0,5.0,5.0
32330,13.302039384841919,2397,5.0,5.0,5.0
32340,13.305453777313232,2397,5.0,5.0,5.0
32347,13.307729482650757,2397,9.5,5.0,5.0
32350,13.308469533920288,2397,7.695000000000001,5.0,5.0
32360,13.3132963180542,2397,6.2329500000000015,5.0,5.0
32370,13.31723690032959,2397,5.0,5.0,5.0
32380,13.321607828140259,2397,5.0,5.0,5.0
32390,13.326054811477661,2397,5.0,5.0,5.0
32400,13.329345941543579,2397,5.0,5.0,5.0
32410,13.333467245101929,2397,5.0,5.0,5.0
32420,13.337425231933594,2397,5.0,5.0,5.0
32430,13.34189248085022,2397,5.0,5.0,5.0
32436,13.343915224075317,2397,9.5,5.0,5.0
32440,13.344944477081299,2397,7.695000000000001,5.0,5.0
32450,13.34833288192749,2397,5.0,5.0,5.0
32459,13.352444887161255,2397,9.5,5.0,5.0
32460,13.35270881652832,2397,8.55,5.0,5.0
32470,13.3572416305542,2397,5.048689500000002,5.0,5.0
32480,13.36191701889038,2397,5.0,5.0,5.0
32489,13.36429214477539,2397,9.5,5.0,5.0
32490,13.36454725265503,2397,8.55,5.0,5.0
32500,13.367665767669678,2397,9.5,5.0,5.0
32510,13.372601509094238,2397,6.2329500000000015,5.0,5.0
32520,13.377321243286133,2397,5.609655000000002,5.0,5.0
32530,13.38199758529663,2397,5.0,5.0,5.0
32540,13.38607406616211,2397,5.0,5.0,5.0
32541,13.38637661933899,2397,9.5,5.0,5.0
32550,13.389727592468262,2397,6.925500000000001,5.0,5.0
32554,13.39127802848816,2397,11.232950000000002,5.0,5.0
32560,13.393335819244385,2397,7.369938495000002,5.0,5.0
32570,13.397359609603882,2397,5.0,5.0,5.0
32579,13.40155816078186,2397,9.5,5.0,5.0
32580,13.402313232421875,2397,9.5,5.0,5.0
32587,13.404539346694946,2397,10.048689500000002,5.0,5.0
32590,13.405766248703003,2397,9.043820550000001,5.0,5.0
32600,13.410815954208374,2397,5.933650662855002,5.0,5.0
32610,13.415588140487671,2397,5.340285596569502,5.0,5.0
32613,13.416836500167847,2397,9.806257036912552,5.0,5.0
32620,13.419589519500732,2397,5.790496717726493,5.0,5.0
32630,13.423373699188232,2397,5.0,5.0,5.0
32640,13.42821478843689,2397,5.0,5.0,5.0
32650,13.432142496109009,2397,5.0,5.0,5.0
32660,13.434963464736938,2397,5.0,5.0,5.0
32670,13.438416957855225,2397,5.0,5.0,5.0
32680,13.444300413131714,2397,5.0,5.0,5.0
32690,13.448708534240723,2397,5.0,5.0,5.0
32700,13.452799320220947,2397,5.0,5.0,5.0
32710,13.456884622573853,2397,5.0,5.0,5.0
32720,13.460220336914062,2397,5.0,5.0,5.0
32730,13.464367866516113,2397,5.0,5.0,5.0
32740,13.468249559402466,2397,5.0,5.0,5.0
32750,13.472752332687378,2397,5.0,5.0,5.0
32760,13.476255416870117,2397,5.0,5.0,5.0
32770,13.479760646820068,2397,5.0,5.0,5.0
32780,13.485129594802856,2397,5.0,5.0,5.0
32790,13.489179134368896,2397,5.0,5.0,5.0
32800,13.49302077293396,2397,5.0,5.0,5.0
32810,13.49591064453125,2397,5.0,5.0,5.0
32820,13.499011278152466,2397,5.0,5.0,5.0
32830,13.503548860549927,2397,5.0,5.0,5.0
32840,13.508358240127563,2397,5.0,5.0,5.0
32850,13.512803077697754,2397,5.0,5.0,5.0
32860,13.517492294311523,2397,5.0,5.0,5.0
32866,13.52011251449585,2397,9.5,5.0,5.0
32870,13.521612644195557,2397,7.695000000000001,5.0,5.0
32873,13.522433280944824,2397,11.232950000000002,5.0,5.0
32880,13.524772644042969,2397,6.632944645500002,5.0,5.0
32890,13.529062747955322,2397,5.0,5.0,5.0
32900,13.532661199569702,2397,5.0,5.0,5.0
32910,13.536570310592651,2397,5.0,5.0,5.0
32920,13.542038440704346,2397,5.0,5.0,5.0
32930,13.54718279838562,2397,5.0,5.0,5.0
32940,13.551680564880371,2397,5.0,5.0,5.0
32950,13.557118654251099,2397,5.0,5.0,5.0
32960,13.56105089187622,2397,5.0,5.0,5.0
32970,13.564393520355225,2397,5.0,5.0,5.0
32980,13.568356037139893,2397,5.0,5.0,5.0
32990,13.572221279144287,2397,5.0,5.0,5.0
32995,13.574508905410767,2397,9.5,5.0,5.0
33000,13.577400207519531,2397,7.695000000000001,5.0,5.0
33010,13.580897331237793,2397,5.0,5.0,5.0
33020,13.58474063873291,2397,5.0,5.0,5.0
33030,13.58906626701355,2397,5.0,5.0,5.0
33040,13.593477964401245,2397,5.0,5.0,5.0
33050,13.598343133926392,2397,5.0,5.0,5.0
33060,13.603783369064331,2397,5.0,5.0,5.0
33063,13.604565382003784,2397,9.5,5.0,5.0
33070,13.607927799224854,2397,6.2329500000000015,5.0,5.0
33080,13.611352920532227,2397,5.0,5.0,5.0
33085,13.613142013549805,2397,9.5,5.0,5.0
33090,13.61486291885376,2397,8.55,5.0,5.0
33100,13.619254350662231,2397,5.048689500000002,5.0,5.0
33110,13.62217116355896,2397,5.0,5.0,5.0
33120,13.625706672668457,2397,5.0,5.0,5.0
33130,13.629549264907837,2397,5.0,5.0,5.0
33140,13.632165431976318,2397,5.0,5.0,5.0
33150,13.635133504867554,2397,5.0,5.0,5.0
33160,13.63890027999878,2397,5.0,5.0,5.0
33170,13.643522262573242,2397,9.5,5.0,5.0
33180,13.648519039154053,2397,8.55,5.0,5.0
33187,13.65135908126831,2397,10.048689500000002,5.0,5.0
33190,13.652137041091919,2397,8.139438495000002,5.0,5.0
33200,13.655498027801514,2397,5.933650662855002,5.0,5.0
33210,13.659000873565674,2397,5.0,5.0,5.0
33220,13.663585424423218,2397,5.0,5.0,5.0
33230,13.668293476104736,2397,5.0,5.0,5.0
33240,13.67186164855957,2397,9.5,5.0,5.0
33250,13.674122095108032,2397,5.048689500000002,5.0,5.0
33260,13.677644491195679,2397,5.0,5.0,5.0
33270,13.682798624038696,2397,5.0,5.0,5.0
33275,13.685398578643799,2397,9.5,5.0,5.0
33280,13.687212705612183,2397,6.925500000000001,5.0,5.0
33290,13.69104266166687,2397,5.048689500000002,5.0,5.0
33300,13.693801641464233,2397,5.0,5.0,5.0
33310,13.698221445083618,2397,5.0,5.0,5.0
33317,13.700661182403564,2397,9.5,5.0,5.0
33320,13.701951026916504,2397,7.695000000000001,5.0,5.0
33324,13.7034912109375,2397,10.609655000000002,5.0,5.0
33330,13.70577883720398,2397,9.548689500000002,5.0,5.0
33340,13.710350036621094,2397,5.638405662855002,5.0,5.0
33350,13.713865995407104,2397,5.0,5.0,5.0
33358,13.716910600662231,2397,9.5,5.0,5.0
33360,13.71743893623352,2397,7.695000000000001,5.0,5.0
33370,13.721445798873901,2397,5.048689500000002,5.0,5.0
33380,13.7249596118927,2397,5.0,5.0,5.0
33390,13.72921895980835,2397,5.0,5.0,5.0
33400,13.734528541564941,2397,5.0,5.0,5.0
33410,13.737488508224487,2397,5.0,5.0,5.0
33420,13.74139666557312,2397,5.0,5.0,5.0
33430,13.74673843383789,2397,5.0,5.0,5.0
33440,13.750581502914429,2397,5.0,5.0,5.0
33450,13.754544258117676,2397,5.0,5.0,5.0
33460,13.759040117263794,2397,9.5,5.0,5.0
33470,13.762417316436768,2397,5.609655000000002,5.0,5.0
33480,13.765363454818726,2397,5.0,5.0,5.0
33490,13.76875376701355,2397,5.0,5.0,5.0
33500,13.774413585662842,2397,5.0,5.0,5.0
33510,13.778656959533691,2397,5.0,5.0,5.0
33520,13.782348871231079,2397,5.0,5.0,5.0
33521,13.782661437988281,2397,9.5,5.0,5.0
33528,13.785000324249268,2397,11.232950000000002,5.0,5.0
33530,13.785871028900146,2397,11.232950000000002,5.0,5.0
33540,13.789387702941895,2397,5.372685162855002,5.0,5.0
33550,13.793306112289429,2397,5.0,5.0,5.0
33560,13.79818081855774,2397,5.0,5.0,5.0
33570,13.803016185760498,2397,5.0,5.0,5.0
33571,13.803317546844482,2397,9.5,5.0,5.0
33580,13.808078527450562,2397,7.695000000000001,5.0,5.0
33590,13.811574220657349,2397,5.048689500000002,5.0,5.0
33600,13.816531896591187,2397,5.0,5.0,5.0
33610,13.820002317428589,2397,5.0,5.0,5.0
33612,13.82044243812561,2397,9.5,5.0,5.0
33620,13.823777437210083,2397,8.55,5.0,5.0
33623,13.824647426605225,2397,11.232950000000002,5.0,5.0
33630,13.82633900642395,2397,8.188820550000003,5.0,5.0
33640,13.831103086471558,2397,6.632944645500002,5.0,5.0
33650,13.834557294845581,2397,5.0,5.0,5.0
33660,13.838956832885742,2397,5.0,5.0,5.0
33669,13.843240976333618,2397,9.5,5.0,5.0
33670,13.843505620956421,2397,8.55,5.0,5.0
33680,13.84809684753418,2397,6.2329500000000015,5.0,5.0
33690,13.85279655456543,2397,5.048689500000002,5.0,5.0
33699,13.856022357940674,2397,9.5,5.0,5.0
33700,13.856287002563477,2397,8.55,5.0,5.0
33710,13.859241724014282,2397,5.048689500000002,5.0,5.0
33720,13.864669799804688,2397,5.0,5.0,5.0
33730,13.868568181991577,2397,5.0,5.0,5.0
33740,13.872582912445068,2397,9.5,5.0,5.0
33750,13.876478672027588,2397,7.695000000000001,5.0,5.0
33760,13.88125491142273,2397,6.2329500000000015,5.0,5.0
33770,13.885225772857666,2397,5.0,5.0,5.0
33780,13.89009165763855,2397,5.0,5.0,5.0
33790,13.894940853118896,2397,5.0,5.0,5.0
33800,13.897942781448364,2397,5.0,5.0,5.0
33810,13.900821924209595,2397,5.0,5.0,5.0
33820,13.904786348342896,2397,5.0,5.0,5.0
33830,13.910122156143188,2397,5.0,5.0,5.0
33840,13.915870904922485,2397,5.0,5.0,5.0
33850,13.919297218322754,2397,5.0,5.0,5.0
33860,13.922849416732788,2397,5.0,5.0,5.0
33870,13.926186800003052,2397,5.0,5.0,5.0
33880,13.930137157440186,2397,5.0,5.0,5.0
33890,13.933465003967285,2397,5.0,5.0,5.0
33900,13.939225912094116,2397,5.0,5.0,5.0
33910,13.943665504455566,2397,5.0,5.0,5.0
33920,13.946776866912842,2397,5.0,5.0,5.0
33930,13.950985670089722,2397,5.0,5.0,5.0
33940,13.956420421600342,2397,5.0,5.0,5.0
33950,13.960259437561035,2397,5.0,5.0,5.0
33960,13.964624881744385,2397,5.0,5.0,5.0
33970,13.968972206115723,2397,5.0,5.0,5.0
33980,13.973349332809448,2397,5.0,5.0,5.0
33990,13.977912664413452,2397,5.0,5.0,5.0
34000,13.982725143432617,2397,5.0,5.0,5.0
34010,13.986484050750732,2397,5.0,5.0,5.0
34020,13.99092960357666,2397,5.0,5.0,5.0
34030,13.99444031715393,2397,5.0,5.0,5.0
34040,13.998584508895874,2397,5.0,5.0,5.0
34050,14.002981424331665,2397,5.0,5.0,5.0
34059,14.006369352340698,2397,9.5,5.0,5.0
34060,14.006510019302368,2397,9.5,5.0,5.0
34070,14.01006555557251,2397,5.0,5.0,5.0
34080,14.013519048690796,2397,5.0,5.0,5.0
34090,14.017003774642944,2397,5.0,5.0,5.0
34100,14.02199912071228,2397,5.0,5.0,5.0
34110,14.027476787567139,2397,5.0,5.0,5.0
34120,14.032621622085571,2397,5.0,5.0,5.0
34121,14.032947301864624,2397,9.5,5.0,5.0
34130,14.036286115646362,2397,5.609655000000002,5.0,5.0
34140,14.040318727493286,2397,5.0,5.0,5.0
34150,14.044925451278687,2397,5.0,5.0,5.0
34160,14.048468351364136,2397,5.0,5.0,5.0
34170,14.053557872772217,2397,5.0,5.0,5.0
34180,14.057474374771118,2397,5.0,5.0,5.0
34190,14.061959743499756,2397,5.0,5.0,5.0
34198,14.065974950790405,2397,9.5,5.0,5.0
34200,14.066962242126465,2397,9.5,5.0,5.0
34210,14.071775197982788,2397,7.695000000000001,5.0,5.0
34220,14.075644254684448,2397,5.048689500000002,5.0,5.0
34230,14.079767227172852,2397,5.0,5.0,5.0
34240,14.085354804992676,2397,5.0,5.0,5.0
34242,14.086191892623901,2397,9.5,5.0,5.0
34250,14.088981866836548,2397,6.925500000000001,5.0,5.0
34251,14.089293003082275,2397,11.232950000000002,5.0,5.0
34260,14.091967105865479,2397,8.188820550000003,5.0,5.0
34266,14.094144105911255,2397,10.372685162855003,5.0,5.0
34270,14.095199346542358,2397,8.401874981912552,5.0,5.0
34280,14.099972009658813,2397,7.561687483721298,5.0,5.0
34281,14.100281476974487,2397,11.805518735349168,5.0,5.0
34290,14.104076147079468,2397,6.971040758036332,5.0,5.0
34300,14.108261823654175,2397,5.081888712608486,5.0,5.0
34305,14.110961675643921,2397,9.5,5.0,5.0
34310,14.113232851028442,2397,7.695000000000001,5.0,5.0
34318,14.115901231765747,2397,9.543820550000003,5.0,5.0
34320,14.117354154586792,2397,9.543820550000003,5.0,5.0
34330,14.123311996459961,2397,7.730494645500003,5.0,5.0
34340,14.12743091583252,2397,6.261700662855002,5.0,5.0
34350,14.131444692611694,2397,5.0,5.0,5.0
34354,14.132837057113647,2397,9.5,5.0,5.0
34360,14.134900331497192,2397,6.925500000000001,5.0,5.0
34370,14.138951301574707,2397,5.0,5.0,5.0
34380,14.142771244049072,2397,5.0,5.0,5.0
34390,14.146367311477661,2397,5.0,5.0,5.0
34400,14.150685787200928,2397,5.0,5.0,5.0
34406,14.15316367149353,2397,9.5,5.0,5.0
34410,14.15471076965332,2397,8.55,5.0,5.0
34420,14.159869194030762,2397,5.048689500000002,5.0,5.0
34430,14.164299011230469,2397,5.0,5.0,5.0
34440,14.16792345046997,2397,5.0,5.0,5.0
34450,14.17342233657837,2397,5.0,5.0,5.0
34460,14.178204774856567,2397,5.0,5.0,5.0
34470,14.180909872055054,2397,5.0,5.0,5.0
34480,14.185341358184814,2397,5.0,5.0,5.0
34490,14.19030213356018,2397,5.0,5.0,5.0
34500,14.195795059204102,2397,5.0,5.0,5.0
34510,14.199338912963867,2397,5.0,5.0,5.0
34520,14.202173709869385,2397,5.0,5.0,5.0
34530,14.207174301147461,2397,5.0,5.0,5.0
34540,14.211268424987793,2397,5.0,5.0,5.0
34546,14.21375322341919,2397,9.5,5.0,5.0
34550,14.215355634689331,2397,7.695000000000001,5.0,5.0
34560,14.219824075698853,2397,5.0,5.0,5.0
34562,14.220383405685425,2397,9.5,5.0,5.0
34564,14.220857381820679,2397,13.55,5.0,5.0
34570,14.223480701446533,2397,9.87795,5.0,5.0
34580,14.227166414260864,2397,6.480922995000001,5.0,5.0
34590,14.231042861938477,2397,5.0,5.0,5.0
34600,14.235957145690918,2397,5.0,5.0,5.0
34605,14.237801790237427,2397,9.5,5.0,5.0
34610,14.239047288894653,2397,6.925500000000001,5.0,5.0
34620,14.243510484695435,2397,5.0,5.0,5.0
34622,14.244018077850342,2397,9.5,5.0,5.0
34630,14.247170686721802,2397,5.048689500000002,5.0,5.0
34640,14.25029730796814,2397,5.0,5.0,5.0
34650,14.25374698638916,2397,5.0,5.0,5.0
34660,14.258148908615112,2397,5.0,5.0,5.0
34670,14.261074304580688,2397,5.0,5.0,5.0
34679,14.265164375305176,2397,9.5,5.0,5.0
34680,14.265437602996826,2397,8.55,5.0,5.0
34690,14.268311262130737,2397,5.048689500000002,5.0,5.0
34697,14.270907163619995,2397,9.543820550000003,5.0,5.0
34700,14.27158784866333,2397,8.589438495000003,5.0,5.0
34703,14.273391485214233,2397,12.730494645500002,5.0,5.0
34710,14.276215314865112,2397,10.311700662855001,5.0,5.0
34719,14.281250476837158,2397,12.517229783221296,5.0,5.0
34720,14.281524896621704,2397,11.265506804899166,5.0,5.0
34728,14.284752130508423,2397,12.391299014694344,5.0,5.0
34730,14.285300254821777,2397,10.036952201902418,5.0,5.0
34740,14.290571451187134,2397,5.926719905701359,5.0,5.0
34750,14.295253276824951,2397,5.0,5.0,5.0
34760,14.299483299255371,2397,5.0,5.0,5.0
34770,14.303993701934814,2397,5.0,5.0,5.0
34780,14.308815479278564,2397,5.0,5.0,5.0
34782,14.309430360794067,2397,9.5,5.0,5.0
34790,14.312527894973755,2397,6.2329500000000015,5.0,5.0
34792,14.31314754486084,2397,10.609655000000002,5.0,5.0
34800,14.315823793411255,2397,5.638405662855002,5.0,5.0
34810,14.318957567214966,2397,5.0,5.0,5.0
34816,14.321998596191406,2397,9.5,5.0,5.0
34820,14.323541402816772,2397,7.695000000000001,5.0,5.0
34830,14.327444076538086,2397,5.609655000000002,5.0,5.0
34840,14.330482482910156,2397,5.0,5.0,5.0
34850,14.334470510482788,2397,5.0,5.0,5.0
34851,14.334882974624634,2397,9.5,5.0,5.0
34860,14.338179349899292,2397,6.2329500000000015,5.0,5.0
34870,14.342487335205078,2397,5.0,5.0,5.0
34880,14.346989154815674,2397,5.0,5.0,5.0
34882,14.347559690475464,2397,9.5,5.0,5.0
34890,14.351127624511719,2397,6.2329500000000015,5.0,5.0
34900,14.356469869613647,2397,5.0,5.0,5.0
34910,14.362438201904297,2397,5.0,5.0,5.0
34918,14.364624261856079,2397,9.5,5.0,5.0
34920,14.365168571472168,2397,7.695000000000001,5.0,5.0
34930,14.368793964385986,2397,5.048689500000002,5.0,5.0
34940,14.374165534973145,2397,5.0,5.0,5.0
34943,14.375456809997559,2397,9.5,5.0,5.0
34950,14.37739109992981,2397,6.2329500000000015,5.0,5.0
34960,14.381159782409668,2397,5.048689500000002,5.0,5.0
34970,14.386239528656006,2397,5.0,5.0,5.0
34971,14.38654112815857,2397,9.5,5.0,5.0
34980,14.390879154205322,2397,6.2329500000000015,5.0,5.0
34990,14.394299983978271,2397,5.0,5.0,5.0
35000,14.399879217147827,2397,5.0,5.0,5.0
35004,14.4014573097229,2397,9.5,5.0,5.0
35010,14.403048276901245,2397,5.609655000000002,5.0,5.0
35019,14.406277179718018,2397,9.5,5.0,5.0
35020,14.406519412994385,2397,9.5,5.0,5.0
35030,14.41069483757019,2397,6.2329500000000015,5.0,5.0
35036,14.413085222244263,2397,10.048689500000002,5.0,5.0
35040,14.414153575897217,2397,7.325494645500002,5.0,5.0
35042,14.414708614349365,2397,11.592945180950002,5.0,5.0
35046,14.416253089904785,2397,14.390285596569502,5.0,5.0
35050,14.417313814163208,2397,10.490518199899167,5.0,5.0
35060,14.422909259796143,2397,7.6475877677264945,5.0,5.0
35070,14.427369356155396,2397,5.575091482672615,5.0,5.0
35080,14.432181119918823,2397,5.0,5.0,5.0
35090,14.43599820137024,2397,5.0,5.0,5.0
35100,14.439577102661133,2397,5.0,5.0,5.0
35110,14.443565845489502,2397,5.0,5.0,5.0
35112,14.444635152816772,2397,9.5,5.0,5.0
35120,14.44769287109375,2397,6.2329500000000015,5.0,5.0
35130,14.452702760696411,2397,5.0,5.0,5.0
35140,14.456528902053833,2397,5.0,5.0,5.0
35150,14.46200680732727,2397,5.0,5.0,5.0
35152,14.46312403678894,2397,9.5,5.0,5.0
35160,14.466143131256104,2397,6.2329500000000015,5.0,5.0
35170,14.470283269882202,2397,5.0,5.0,5.0
35180,14.473984003067017,2397,5.0,5.0,5.0
35190,14.47767686843872,2397,5.0,5.0,5.0
35196,14.480726718902588,2397,9.5,5.0,5.0
35197,14.481042861938477,2397,13.55,5.0,5.0
35198,14.481338024139404,2397,17.195,5.0,5.0
35200,14.481898546218872,2397,15.4755,5.0,5.0
35210,14.486040830612183,2397,9.138127995000001,5.0,5.0
35220,14.491125583648682,2397,6.661695308355001,5.0,5.0
35230,14.495685577392578,2397,5.0,5.0,5.0
35240,14.499637126922607,2397,5.0,5.0,5.0
35250,14.503644704818726,2397,5.0,5.0,5.0
35258,14.507806062698364,2397,9.5,5.0,5.0
35260,14.508344173431396,2397,8.55,5.0,5.0
35264,14.509680271148682,2397,10.609655000000002,5.0,5.0
35270,14.511963844299316,2397,7.734438495000002,5.0,5.0
35280,14.516624927520752,2397,5.638405662855002,5.0,5.0
35290,14.5207200050354,2397,5.0,5.0,5.0
35300,14.524475574493408,2397,5.0,5.0,5.0
35310,14.528621435165405,2397,5.0,5.0,5.0
35315,14.530505895614624,2397,9.5,5.0,5.0
35320,14.53223466873169,2397,7.695000000000001,5.0,5.0
35330,14.535793542861938,2397,5.048689500000002,5.0,5.0
35340,14.541668176651001,2397,5.0,5.0,5.0
35350,14.545798778533936,2397,5.0,5.0,5.0
35360,14.54900312423706,2397,5.0,5.0,5.0
35370,14.55344820022583,2397,5.0,5.0,5.0
35380,14.557110786437988,2397,5.0,5.0,5.0
35382,14.557722568511963,2397,9.5,5.0,5.0
35390,14.560396909713745,2397,5.609655000000002,5.0,5.0
35400,14.564139366149902,2397,5.0,5.0,5.0
35410,14.569309711456299,2397,5.0,5.0,5.0
35420,14.573333263397217,2397,5.0,5.0,5.0
35430,14.57936954498291,2397,5.0,5.0,5.0
35434,14.580442428588867,2397,9.5,5.0,5.0
35440,14.583042860031128,2397,8.55,5.0,5.0
35450,14.587768077850342,2397,5.0,5.0,5.0
35456,14.591300249099731,2397,9.5,5.0,5.0
35460,14.593369245529175,2397,8.55,5.0,5.0
35470,14.597332000732422,2397,5.0,5.0,5.0
35480,14.601375818252563,2397,5.0,5.0,5.0
35490,14.606505870819092,2397,5.0,5.0,5.0
35500,14.611069917678833,2397,5.0,5.0,5.0
35510,14.614492177963257,2397,5.0,5.0,5.0
35520,14.619566440582275,2397,5.0,5.0,5.0
35530,14.623106956481934,2397,5.0,5.0,5.0
35532,14.624204635620117,2397,9.5,5.0,5.0
35540,14.62895655632019,2397,7.695000000000001,5.0,5.0
35550,14.63353180885315,2397,5.609655000000002,5.0,5.0
35560,14.638703346252441,2397,5.0,5.0,5.0
35570,14.643514394760132,2397,5.0,5.0,5.0
35580,14.648008108139038,2397,5.0,5.0,5.0
35588,14.651803731918335,2397,9.5,5.0,5.0
35590,14.652373313903809,2397,8.55,5.0,5.0
35600,14.656736135482788,2397,9.543820550000003,5.0,5.0
35610,14.662149906158447,2397,6.261700662855002,5.0,5.0
35620,14.668200969696045,2397,5.0,5.0,5.0
35630,14.673848152160645,2397,5.0,5.0,5.0
35631,14.674200534820557,2397,9.5,5.0,5.0
35640,14.677544355392456,2397,6.2329500000000015,5.0,5.0
35650,14.681822061538696,2397,5.0,5.0,5.0
35660,14.686553001403809,2397,5.0,5.0,5.0
35670,14.690229415893555,2397,5.0,5.0,5.0
35677,14.693389892578125,2397,9.5,5.0,5.0
35679,14.694046258926392,2397,12.695,5.0,5.0
35680,14.694320678710938,2397,11.425500000000001,5.0,5.0
35690,14.699313879013062,2397,9.254655000000001,5.0,5.0
35700,14.703489542007446,2397,6.746643495000002,5.0,5.0
35710,14.709049463272095,2397,5.0,5.0,5.0
35720,14.714162588119507,2397,5.0,5.0,5.0
35730,14.718116521835327,2397,5.0,5.0,5.0
35735,14.721001863479614,2397,9.5,5.0,5.0
35740,14.722495555877686,2397,6.925500000000001,5.0,5.0
35750,14.726146221160889,2397,5.0,5.0,5.0
35760,14.731817245483398,2397,5.0,5.0,5.0
35763,14.732714176177979,2397,9.5,5.0,5.0
35770,14.735539674758911,2397,6.925500000000001,5.0,5.0
35780,14.740151643753052,2397,5.0,5.0,5.0
35782,14.74074935913086,2397,9.5,5.0,5.0
35790,14.745725870132446,2397,9.5,5.0,5.0
35800,14.750312566757202,2397,6.925500000000001,5.0,5.0
35810,14.753846406936646,2397,5.0,5.0,5.0
35820,14.758265733718872,2397,5.0,5.0,5.0
35830,14.761887550354004,2397,5.0,5.0,5.0
35840,14.76534104347229,2397,5.0,5.0,5.0
35850,14.76851487159729,2397,5.0,5.0,5.0
35860,14.77184009552002,2397,5.0,5.0,5.0
35870,14.777211427688599,2397,5.0,5.0,5.0
35880,14.78135895729065,2397,5.0,5.0,5.0
35890,14.785918474197388,2397,5.0,5.0,5.0
35900,14.790938377380371,2397,5.0,5.0,5.0
35910,14.79554009437561,2397,5.0,5.0,5.0
35920,14.799580812454224,2397,5.0,5.0,5.0
35930,14.804670810699463,2397,5.0,5.0,5.0
35940,14.808586835861206,2397,5.0,5.0,5.0
35950,14.813053607940674,2397,5.0,5.0,5.0
35956,14.815037727355957,2397,9.5,5.0,5.0
35960,14.816637992858887,2397,6.925500000000001,5.0,5.0
35970,14.819785118103027,2397,5.048689500000002,5.0,5.0
35980,14.823763132095337,2397,5.0,5.0,5.0
35990,14.828195571899414,2397,5.0,5.0,5.0
35992,14.829256772994995,2397,9.5,5.0,5.0
36000,14.832919120788574,2397,11.925500000000001,5.0,5.0
36004,14.834068536758423,2397,13.693689500000001,5.0,5.0
36008,14.835222482681274,2397,13.98442968095,5.0,5.0
36010,14.836710214614868,2397,13.98442968095,5.0,5.0
36020,14.840362548828125,2397,6.688709364666376,5.0,5.0
36030,14.844926357269287,2397,5.417854585379764,5.0,5.0
36040,14.848549365997314,2397,5.0,5.0,5.0
36050,14.852301836013794,2397,5.0,5.0,5.0
36060,14.85693097114563,2397,5.0,5.0,5.0
36070,14.860148429870605,2397,5.0,5.0,5.0
36080,14.865368604660034,2397,5.0,5.0,5.0
36090,14.868871212005615,2397,5.0,5.0,5.0
36100,14.872521877288818,2397,5.0,5.0,5.0
36104,14.874042987823486,2397,9.5,5.0,5.0
36110,14.876512289047241,2397,8.55,5.0,5.0
36120,14.881053447723389,2397,6.2329500000000015,5.0,5.0
36124,14.88303518295288,2397,10.609655000000002,5.0,5.0
36130,14.885194778442383,2397,6.960994645500001,5.0,5.0
36132,14.885794878005981,2397,10.638405662855002,5.0,5.0
36140,14.888743162155151,2397,6.979857955399168,5.0,5.0
36150,14.892978429794312,2397,5.653684943873326,5.0,5.0
36153,14.894335746765137,2397,9.579484804537394,5.0,5.0
36155,14.894958734512329,2397,12.75938269167529,5.0,5.0
36160,14.896840572357178,2397,9.301589982231286,5.0,5.0
36170,14.900951147079468,2397,5.492495868607754,5.0,5.0
36180,14.904839992523193,2397,5.0,5.0,5.0
36190,14.909136295318604,2397,5.0,5.0,5.0
36200,14.913360834121704,2397,5.0,5.0,5.0
36210,14.918542861938477,2397,5.0,5.0,5.0
36220,14.922206163406372,2397,5.0,5.0,5.0
36230,14.925851345062256,2397,5.0,5.0,5.0
36240,14.930453062057495,2397,5.0,5.0,5.0
36250,14.934658765792847,2397,5.0,5.0,5.0
36260,14.939324855804443,2397,5.0,5.0,5.0
36270,14.944058656692505,2397,5.0,5.0,5.0
36280,14.947469472885132,2397,5.0,5.0,5.0
36290,14.951036930084229,2397,5.0,5.0,5.0
36300,14.955353021621704,2397,5.0,5.0,5.0
36310,14.959421873092651,2397,5.0,5.0,5.0
36320,14.963163614273071,2397,5.0,5.0,5.0
36329,14.966171503067017,2397,9.5,5.0,5.0
36330,14.966487169265747,2397,13.55,5.0,5.0
36339,14.9703688621521,2397,13.890155,5.0,5.0
36340,14.970669746398926,2397,12.5011395,5.0,5.0
36350,14.974478006362915,2397,7.381797863355001,5.0,5.0
36360,14.97909951210022,2397,5.979256269317551,5.0,5.0
36370,14.982478141784668,2397,5.0,5.0,5.0
36380,14.988308906555176,2397,5.0,5.0,5.0
36390,14.992838859558105,2397,5.0,5.0,5.0
36400,14.996304273605347,2397,5.0,5.0,5.0
36410,15.000067710876465,2397,5.0,5.0,5.0
36420,15.004973411560059,2397,5.0,5.0,5.0
36430,15.010546445846558,2397,5.0,5.0,5.0
36439,15.014924049377441,2397,9.5,5.0,5.0
36440,15.015683650970459,2397,9.5,5.0,5.0
36450,15.019051313400269,2397,5.0,5.0,5.0
36460,15.023921966552734,2397,5.0,5.0,5.0
36470,15.029130697250366,2397,5.0,5.0,5.0
36480,15.033691644668579,2397,5.0,5.0,5.0
36490,15.037760257720947,2397,9.5,5.0,5.0
36500,15.04229211807251,2397,7.695000000000001,5.0,5.0
36510,15.046077013015747,2397,5.048689500000002,5.0,5.0
36520,15.049766302108765,2397,5.0,5.0,5.0
36524,15.050857782363892,2397,9.5,5.0,5.0
36530,15.053550958633423,2397,6.925500000000001,5.0,5.0
36531,15.053908348083496,2397,11.232950000000002,5.0,5.0
36533,15.054733753204346,2397,14.098689500000003,5.0,5.0
36540,15.058115482330322,2397,11.419938495000002,5.0,5.0
36550,15.061685562133789,2397,6.7433594819125515,5.0,5.0
36552,15.062790393829346,2397,11.069023533721296,5.0,5.0
36560,15.065641403198242,2397,7.262386340474543,5.0,5.0
36570,15.06894302368164,2397,5.0,5.0,5.0
36580,15.073044061660767,2397,5.0,5.0,5.0
36590,15.078917741775513,2397,5.0,5.0,5.0
36600,15.084760427474976,2397,5.0,5.0,5.0
36610,15.08909010887146,2397,5.0,5.0,5.0
36620,15.093209743499756,2397,5.0,5.0,5.0
36630,15.097868204116821,2397,5.0,5.0,5.0
36640,15.10189962387085,2397,5.0,5.0,5.0
36650,15.106281518936157,2397,5.0,5.0,5.0
36660,15.111569881439209,2397,5.0,5.0,5.0
36670,15.114912986755371,2397,5.0,5.0,5.0
36680,15.118732452392578,2397,5.0,5.0,5.0
36690,15.123422384262085,2397,5.0,5.0,5.0
36700,15.128408908843994,2397,5.0,5.0,5.0
36710,15.132283210754395,2397,9.5,5.0,5.0
36718,15.136152744293213,2397,10.609655000000002,5.0,5.0
36720,15.137325048446655,2397,10.609655000000002,5.0,5.0
36724,15.138999700546265,2397,13.593820550000002,5.0,5.0
36730,15.140872240066528,2397,9.909895180950002,5.0,5.0
36740,15.144325733184814,2397,6.501882228221296,5.0,5.0
36750,15.148733377456665,2397,5.0,5.0,5.0
36760,15.152645826339722,2397,5.0,5.0,5.0
36770,15.155949115753174,2397,5.0,5.0,5.0
36780,15.159713745117188,2397,5.0,5.0,5.0
36790,15.163665771484375,2397,5.0,5.0,5.0
36800,15.168038606643677,2397,5.0,5.0,5.0
36810,15.171963930130005,2397,5.0,5.0,5.0
36820,15.177277565002441,2397,5.0,5.0,5.0
36830,15.181014060974121,2397,5.0,5.0,5.0
36840,15.184391736984253,2397,5.0,5.0,5.0
36850,15.188831567764282,2397,5.0,5.0,5.0
36860,15.19313097000122,2397,5.0,5.0,5.0
36870,15.19816517829895,2397,5.0,5.0,5.0
36880,15.202214479446411,2397,5.0,5.0,5.0
36890,15.206468343734741,2397,5.0,5.0,5.0
36900,15.210436344146729,2397,5.0,5.0,5.0
36910,15.215767860412598,2397,5.0,5.0,5.0
36920,15.219445705413818,2397,5.0,5.0,5.0
36930,15.223365068435669,2397,5.0,5.0,5.0
36940,15.22770094871521,2397,5.0,5.0,5.0
36950,15.232680797576904,2397,5.0,5.0,5.0
36960,15.235510110855103,2397,5.0,5.0,5.0
36970,15.240720987319946,2397,5.0,5.0,5.0
36980,15.246490716934204,2397,5.0,5.0,5.0
36990,15.249897480010986,2397,5.0,5.0,5.0
37000,15.254019021987915,2397,5.0,5.0,5.0
37010,15.257370471954346,2397,5.0,5.0,5.0
37020,15.260567426681519,2397,5.0,5.0,5.0
37030,15.264156103134155,2397,5.0,5.0,5.0
37040,15.268019676208496,2397,5.0,5.0,5.0
37050,15.27245807647705,2397,5.0,5.0,5.0
37060,15.277172088623047,2397,5.0,5.0,5.0
37070,15.282131671905518,2397,5.0,5.0,5.0
37080,15.285376787185669,2397,5.0,5.0,5.0
37090,15.289589405059814,2397,5.0,5.0,5.0
37100,15.293916702270508,2397,5.0,5.0,5.0
37110,15.297793865203857,2397,5.0,5.0,5.0
37120,15.300743341445923,2397,5.0,5.0,5.0
37130,15.305456638336182,2397,5.0,5.0,5.0
37140,15.310361862182617,2397,5.0,5.0,5.0
37150,15.313853025436401,2397,9.5,5.0,5.0
37160,15.316754341125488,2397,5.609655000000002,5.0,5.0
37170,15.320500612258911,2397,5.0,5.0,5.0
37180,15.324974536895752,2397,5.0,5.0,5.0
37190,15.329561471939087,2397,5.0,5.0,5.0
37200,15.333575248718262,2397,5.0,5.0,5.0
37210,15.337257146835327,2397,5.0,5.0,5.0
37220,15.340933799743652,2397,5.0,5.0,5.0
37223,15.342271089553833,2397,9.5,5.0,5.0
37230,15.343874454498291,2397,5.609655000000002,5.0,5.0
37240,15.347689628601074,2397,5.0,5.0,5.0
37250,15.350699424743652,2397,5.0,5.0,5.0
37260,15.354435920715332,2397,5.0,5.0,5.0
37261,15.354733943939209,2397,9.5,5.0,5.0
37269,15.357160329818726,2397,10.609655000000002,5.0,5.0
37270,15.357388496398926,2397,10.609655000000002,5.0,5.0
37280,15.361348867416382,2397,6.264895180950002,5.0,5.0
37290,15.36499834060669,2397,5.0,5.0,5.0
37300,15.369688749313354,2397,5.0,5.0,5.0
37310,15.37348747253418,2397,5.0,5.0,5.0
37316,15.376450061798096,2397,9.5,5.0,5.0
37320,15.378014087677002,2397,8.55,5.0,5.0
37330,15.381833791732788,2397,5.609655000000002,5.0,5.0
37340,15.385361194610596,2397,5.0,5.0,5.0
37341,15.385703563690186,2397,9.5,5.0,5.0
37343,15.38629698753357,2397,12.695,5.0,5.0
37350,15.38963532447815,2397,10.282950000000001,5.0,5.0
37360,15.394601583480835,2397,8.329189500000002,5.0,5.0
37370,15.398783445358276,2397,5.0,5.0,5.0
37371,15.399112701416016,2397,9.5,5.0,5.0
37380,15.402486085891724,2397,5.0,5.0,5.0
37390,15.40743613243103,2397,5.0,5.0,5.0
37400,15.410940408706665,2397,5.0,5.0,5.0
37410,15.414813995361328,2397,5.0,5.0,5.0
37420,15.419292688369751,2397,5.0,5.0,5.0
37430,15.42240858078003,2397,5.0,5.0,5.0
37440,15.42718505859375,2397,5.0,5.0,5.0
37450,15.431485652923584,2397,5.0,5.0,5.0
37455,15.433290481567383,2397,9.5,5.0,5.0
37460,15.434627294540405,2397,6.2329500000000015,5.0,5.0
37470,15.439582586288452,2397,5.0,5.0,5.0
37480,15.44402527809143,2397,5.0,5.0,5.0
37490,15.44800066947937,2397,5.0,5.0,5.0
37500,15.452454805374146,2397,5.0,5.0,5.0
37510,15.455537557601929,2397,5.0,5.0,5.0
37520,15.460024356842041,2397,5.0,5.0,5.0
37530,15.464059829711914,2397,5.0,5.0,5.0
37540,15.468533277511597,2397,5.0,5.0,5.0
37541,15.46885085105896,2397,9.5,5.0,5.0
37550,15.47120976448059,2397,5.609655000000002,5.0,5.0
37560,15.475643634796143,2397,5.0,5.0,5.0
37570,15.478604316711426,2397,5.0,5.0,5.0
37580,15.481606245040894,2397,5.0,5.0,5.0
37590,15.486411333084106,2397,5.0,5.0,5.0
37600,15.490290880203247,2397,5.0,5.0,5.0
37608,15.49489164352417,2397,9.5,5.0,5.0
37609,15.495182514190674,2397,13.55,5.0,5.0
37610,15.495441436767578,2397,12.195,5.0,5.0
37620,15.498419523239136,2397,6.480922995000001,5.0,5.0
37630,15.502988815307617,2397,5.0,5.0,5.0
37640,15.5064537525177,2397,5.0,5.0,5.0
37650,15.510879516601562,2397,5.0,5.0,5.0
37660,15.515833616256714,2397,5.0,5.0,5.0
37670,15.519580841064453,2397,5.0,5.0,5.0
37680,15.523674964904785,2397,5.0,5.0,5.0
37690,15.526472568511963,2397,5.0,5.0,5.0
37700,15.530848503112793,2397,5.0,5.0,5.0
37710,15.535198211669922,2397,5.0,5.0,5.0
37720,15.53790545463562,2397,5.0,5.0,5.0
37730,15.542456865310669,2397,5.0,5.0,5.0
37737,15.544623136520386,2397,9.5,5.0,5.0
37740,15.545364141464233,2397,8.55,5.0,5.0
37750,15.548462629318237,2397,5.609655000000002,5.0,5.0
37760,15.552303314208984,2397,5.0,5.0,5.0
37770,15.55619502067566,2397,5.0,5.0,5.0
37780,15.560255527496338,2397,5.0,5.0,5.0
37790,15.565269708633423,2397,5.0,5.0,5.0
37800,15.568574905395508,2397,5.0,5.0,5.0
37810,15.572930335998535,2397,5.0,5.0,5.0
37812,15.573493957519531,2397,9.5,5.0,5.0
37820,15.57658076286316,2397,7.695000000000001,5.0,5.0
37830,15.579998254776001,2397,5.609655000000002,5.0,5.0
37840,15.584323406219482,2397,5.0,5.0,5.0
37850,15.588154315948486,2397,5.0,5.0,5.0
37860,15.593053340911865,2397,5.0,5.0,5.0
37870,15.5969398021698,2397,5.0,5.0,5.0
37880,15.6000394821167,2397,5.0,5.0,5.0
37886,15.603114366531372,2397,9.5,5.0,5.0
37889,15.603749990463257,2397,13.55,5.0,5.0
37890,15.604015827178955,2397,12.195,5.0,5.0
37900,15.60792088508606,2397,8.0011395,5.0,5.0
37902,15.608445882797241,2397,12.20102555,5.0,5.0
37910,15.61135721206665,2397,9.882830695500001,5.0,5.0
37916,15.615833759307861,2397,11.484125219317551,5.0,5.0
37920,15.617635011672974,2397,8.371927284882494,5.0,5.0
37926,15.619743824005127,2397,11.78126110075482,5.0,5.0
37930,15.621280670166016,2397,8.588539342450265,5.0,5.0
37932,15.621845006942749,2397,12.729685408205238,5.0,5.0
37940,15.62515926361084,2397,8.351946596323458,5.0,5.0
37950,15.629864692687988,2397,6.765076743022001,5.0,5.0
37960,15.632954835891724,2397,5.0,5.0,5.0
37970,15.636930465698242,2397,5.0,5.0,5.0
37980,15.641696453094482,2397,5.0,5.0,5.0
37990,15.645631551742554,2397,5.0,5.0,5.0
38000,15.648948669433594,2397,5.0,5.0,5.0
38009,15.652615785598755,2397,9.5,5.0,5.0
38010,15.652879476547241,2397,8.55,5.0,5.0
38020,15.656502485275269,2397,5.609655000000002,5.0,5.0
38030,15.661289930343628,2397,5.048689500000002,5.0,5.0
38040,15.666285753250122,2397,5.0,5.0,5.0
38044,15.66999363899231,2397,9.5,5.0,5.0
38050,15.673348665237427,2397,8.55,5.0,5.0
38051,15.673665046691895,2397,12.695,5.0,5.0
38060,15.676915407180786,2397,7.496270550000002,5.0,5.0
38066,15.679078578948975,2397,9.5,5.0,5.0
38070,15.680533409118652,2397,6.925500000000001,5.0,5.0
38072,15.681543350219727,2397,11.232950000000002,5.0,5.0
38080,15.684212684631348,2397,6.632944645500002,5.0,5.0
38090,15.689272165298462,2397,5.0,5.0,5.0
38096,15.691834688186646,2397,9.5,5.0,5.0
38100,15.693778991699219,2397,8.55,5.0,5.0
38110,15.697834253311157,2397,5.0,5.0,5.0
38120,15.702769041061401,2397,5.0,5.0,5.0
38125,15.70449185371399,2397,9.5,5.0,5.0
38130,15.707263231277466,2397,7.695000000000001,5.0,5.0
38140,15.713030338287354,2397,6.2329500000000015,5.0,5.0
38150,15.716448307037354,2397,5.0,5.0,5.0
38160,15.719803810119629,2397,5.0,5.0,5.0
38170,15.724028825759888,2397,5.0,5.0,5.0
38178,15.728057384490967,2397,9.5,5.0,5.0
38180,15.729036569595337,2397,8.55,5.0,5.0
38190,15.733905553817749,2397,5.609655000000002,5.0,5.0
38191,15.734204769134521,2397,10.048689500000002,5.0,5.0
38199,15.738162517547607,2397,12.325494645500001,5.0,5.0
38200,15.738430500030518,2397,11.092945180950002,5.0,5.0
38210,15.740886449813843,2397,9.983650662855002,5.0,5.0
38220,15.74543046951294,2397,6.550273199899167,5.0,5.0
38230,15.748399496078491,2397,5.0,5.0,5.0
38240,15.753175735473633,2397,5.0,5.0,5.0
38250,15.757995843887329,2397,5.0,5.0,5.0
38260,15.76140284538269,2397,5.0,5.0,5.0
38265,15.763328075408936,2397,9.5,5.0,5.0
38270,15.76548433303833,2397,7.695000000000001,5.0,5.0
38280,15.76943564414978,2397,5.048689500000002,5.0,5.0
38290,15.77388620376587,2397,5.0,5.0,5.0
38300,15.777266502380371,2397,5.0,5.0,5.0
38310,15.782274961471558,2397,5.0,5.0,5.0
38320,15.786712169647217,2397,5.0,5.0,5.0
38330,15.7909996509552,2397,5.0,5.0,5.0
38340,15.794129371643066,2397,5.0,5.0,5.0
38342,15.79472541809082,2397,9.5,5.0,5.0
38350,15.799373865127563,2397,7.695000000000001,5.0,5.0
38360,15.80283784866333,2397,5.048689500000002,5.0,5.0
38370,15.807128429412842,2397,5.0,5.0,5.0
38380,15.809648990631104,2397,5.0,5.0,5.0
38387,15.813358068466187,2397,9.5,5.0,5.0
38389,15.813992500305176,2397,12.695,5.0,5.0
38390,15.814261436462402,2397,11.425500000000001,5.0,5.0
38392,15.815300464630127,2397,15.282950000000001,5.0,5.0
38400,15.81843614578247,2397,8.121986230950002,5.0,5.0
38410,15.823288917541504,2397,6.578808847069502,5.0,5.0
38420,15.827296018600464,2397,5.0,5.0,5.0
38422,15.82823896408081,2397,9.5,5.0,5.0
38430,15.8326416015625,2397,7.695000000000001,5.0,5.0
38440,15.836742162704468,2397,5.048689500000002,5.0,5.0
38446,15.838826656341553,2397,9.5,5.0,5.0
38450,15.84085726737976,2397,7.695000000000001,5.0,5.0
38460,15.845655679702759,2397,5.609655000000002,5.0,5.0
38470,15.84906530380249,2397,5.0,5.0,5.0
38480,15.852850198745728,2397,5.0,5.0,5.0
38490,15.85715651512146,2397,5.0,5.0,5.0
38495,15.858540296554565,2397,9.5,5.0,5.0
38500,15.860280990600586,2397,7.695000000000001,5.0,5.0
38510,15.86374282836914,2397,5.0,5.0,5.0
38520,15.868151903152466,2397,5.0,5.0,5.0
38530,15.872005224227905,2397,5.0,5.0,5.0
38540,15.87635087966919,2397,5.0,5.0,5.0
38550,15.879677057266235,2397,5.0,5.0,5.0
38560,15.882826566696167,2397,5.0,5.0,5.0
38570,15.885893821716309,2397,5.0,5.0,5.0
38580,15.890509128570557,2397,5.0,5.0,5.0
38590,15.894508123397827,2397,5.0,5.0,5.0
38600,15.89944863319397,2397,5.0,5.0,5.0
38610,15.902858257293701,2397,5.0,5.0,5.0
38620,15.907761335372925,2397,5.0,5.0,5.0
38630,15.912169456481934,2397,5.0,5.0,5.0
38640,15.917530298233032,2397,5.0,5.0,5.0
38650,15.921703100204468,2397,5.0,5.0,5.0
38660,15.92720079421997,2397,5.0,5.0,5.0
38670,15.931195735931396,2397,5.0,5.0,5.0
38679,15.933501243591309,2397,9.5,5.0,5.0
38680,15.93378496170044,2397,8.55,5.0,5.0
38684,15.93540620803833,2397,11.925500000000001,5.0,5.0
38690,15.937089204788208,2397,8.693689500000001,5.0,5.0
38700,15.941081047058105,2397,5.133536712855001,5.0,5.0
38710,15.946382522583008,2397,5.0,5.0,5.0
38720,15.949706315994263,2397,5.0,5.0,5.0
38730,15.954350709915161,2397,5.0,5.0,5.0
38740,15.958880424499512,2397,5.0,5.0,5.0
38750,15.96339750289917,2397,5.0,5.0,5.0
38752,15.96394968032837,2397,9.5,5.0,5.0
38760,15.96750020980835,2397,6.925500000000001,5.0,5.0
38770,15.972114086151123,2397,5.0,5.0,5.0
38774,15.974144697189331,2397,9.5,5.0,5.0
38780,15.977055788040161,2397,8.55,5.0,5.0
38783,15.97837519645691,2397,11.925500000000001,5.0,5.0
38790,15.982473373413086,2397,9.659655,5.0,5.0
38800,15.986334562301636,2397,5.0,5.0,5.0
38810,15.990326166152954,2397,5.0,5.0,5.0
38820,15.994627475738525,2397,5.0,5.0,5.0
38830,15.99856185913086,2397,5.0,5.0,5.0
38840,16.002175092697144,2397,5.0,5.0,5.0
38850,16.00514817237854,2397,5.0,5.0,5.0
38860,16.01205348968506,2397,5.0,5.0,5.0
38863,16.012927532196045,2397,9.5,5.0,5.0
38870,16.015761852264404,2397,6.925500000000001,5.0,5.0
38880,16.02028489112854,2397,5.0,5.0,5.0
38890,16.023284912109375,2397,5.0,5.0,5.0
38900,16.02730703353882,2397,5.0,5.0,5.0
38910,16.03133726119995,2397,5.0,5.0,5.0
38920,16.034565687179565,2397,5.0,5.0,5.0
38930,16.038574934005737,2397,5.0,5.0,5.0
38940,16.042922973632812,2397,5.0,5.0,5.0
38950,16.047280311584473,2397,5.0,5.0,5.0
38960,16.051109075546265,2397,5.0,5.0,5.0
38970,16.05567717552185,2397,5.0,5.0,5.0
38980,16.060189723968506,2397,5.0,5.0,5.0
38990,16.06388020515442,2397,5.0,5.0,5.0
38999,16.067177772521973,2397,9.5,5.0,5.0
39000,16.06744909286499,2397,8.55,5.0,5.0
39010,16.072699069976807,2397,6.2329500000000015,5.0,5.0
39013,16.07399559020996,2397,10.609655000000002,5.0,5.0
39020,16.076375722885132,2397,6.264895180950002,5.0,5.0
39022,16.07740044593811,2397,10.638405662855002,5.0,5.0
39030,16.080371379852295,2397,6.979857955399168,5.0,5.0
39040,16.08443570137024,2397,5.0,5.0,5.0
39050,16.088090658187866,2397,5.0,5.0,5.0
39060,16.09285879135132,2397,5.0,5.0,5.0
39070,16.098886489868164,2397,5.0,5.0,5.0
39080,16.10270071029663,2397,5.0,5.0,5.0
39090,16.108039379119873,2397,5.0,5.0,5.0
39100,16.111152410507202,2397,5.0,5.0,5.0
39110,16.11480689048767,2397,5.0,5.0,5.0
39120,16.118192434310913,2397,5.0,5.0,5.0
39130,16.12197971343994,2397,5.0,5.0,5.0
39140,16.125367403030396,2397,5.0,5.0,5.0
39150,16.13033890724182,2397,5.0,5.0,5.0
39160,16.134521484375,2397,5.0,5.0,5.0
39170,16.138185024261475,2397,5.0,5.0,5.0
39180,16.144052267074585,2397,5.0,5.0,5.0
39184,16.145646810531616,2397,9.5,5.0,5.0
39190,16.147170305252075,2397,6.2329500000000015,5.0,5.0
39200,16.150171041488647,2397,5.0,5.0,5.0
39210,16.154767751693726,2397,5.0,5.0,5.0
39212,16.155852794647217,2397,9.5,5.0,5.0
39220,16.15939950942993,2397,7.695000000000001,5.0,5.0
39230,16.164546966552734,2397,5.609655000000002,5.0,5.0
39240,16.17016863822937,2397,5.0,5.0,5.0
39241,16.17049217224121,2397,9.5,5.0,5.0
39250,16.174196481704712,2397,7.695000000000001,5.0,5.0
39260,16.17875051498413,2397,5.0,5.0,5.0
39270,16.18227744102478,2397,5.0,5.0,5.0
39279,16.18703293800354,2397,9.5,5.0,5.0
39280,16.187294483184814,2397,9.5,5.0,5.0
39290,16.191835403442383,2397,5.609655000000002,5.0,5.0
39300,16.196540594100952,2397,5.0,5.0,5.0
39310,16.20203971862793,2397,5.0,5.0,5.0
39320,16.207432746887207,2397,5.0,5.0,5.0
39327,16.210674047470093,2397,9.5,5.0,5.0
39330,16.211983680725098,2397,7.695000000000001,5.0,5.0
39340,16.21553063392639,2397,5.0,5.0,5.0
39350,16.219424962997437,2397,5.0,5.0,5.0
39353,16.220775604248047,2397,9.5,5.0,5.0
39355,16.22134518623352,2397,12.695,5.0,5.0
39360,16.223165035247803,2397,9.254655000000001,5.0,5.0
39370,16.226773262023926,2397,6.071979145500001,5.0,5.0
39374,16.22787380218506,2397,9.5,5.0,5.0
39380,16.231309175491333,2397,8.55,5.0,5.0
39390,16.234879732131958,2397,6.2329500000000015,5.0,5.0
39400,16.237627744674683,2397,5.048689500000002,5.0,5.0
39404,16.238770723342896,2397,9.5,5.0,5.0
39410,16.24146866798401,2397,6.925500000000001,5.0,5.0
39420,16.246365547180176,2397,5.609655000000002,5.0,5.0
39430,16.250912189483643,2397,5.0,5.0,5.0
39440,16.254569053649902,2397,5.0,5.0,5.0
39450,16.25871443748474,2397,5.0,5.0,5.0
39460,16.265175819396973,2397,5.0,5.0,5.0
39470,16.269612073898315,2397,5.0,5.0,5.0
39471,16.269946813583374,2397,9.5,5.0,5.0
39478,16.272286653518677,2397,11.232950000000002,5.0,5.0
39480,16.2727370262146,2397,10.109655000000002,5.0,5.0
39490,16.27679681777954,2397,6.632944645500002,5.0,5.0
39500,16.279908180236816,2397,5.0,5.0,5.0
39510,16.284268856048584,2397,5.0,5.0,5.0
39520,16.288211822509766,2397,5.0,5.0,5.0
39530,16.29279375076294,2397,5.0,5.0,5.0
39540,16.29679775238037,2397,5.0,5.0,5.0
39550,16.300366163253784,2397,5.0,5.0,5.0
39560,16.30514359474182,2397,5.0,5.0,5.0
39570,16.30988121032715,2397,5.0,5.0,5.0
39573,16.31169629096985,2397,9.5,5.0,5.0
39580,16.314509630203247,2397,6.925500000000001,5.0,5.0
39590,16.31844162940979,2397,5.609655000000002,5.0,5.0
39600,16.321411848068237,2397,5.0,5.0,5.0
39610,16.325512886047363,2397,5.0,5.0,5.0
39620,16.33012104034424,2397,5.0,5.0,5.0
39630,16.335237503051758,2397,5.0,5.0,5.0
39640,16.340830087661743,2397,5.0,5.0,5.0
39647,16.343072175979614,2397,9.5,5.0,5.0
39650,16.34441637992859,2397,7.695000000000001,5.0,5.0
39660,16.349045515060425,2397,5.048689500000002,5.0,5.0
39670,16.352408170700073,2397,5.0,5.0,5.0
39680,16.356926202774048,2397,5.0,5.0,5.0
39690,16.359742641448975,2397,5.0,5.0,5.0
39700,16.363688707351685,2397,5.0,5.0,5.0
39710,16.368135690689087,2397,5.0,5.0,5.0
39720,16.373168468475342,2397,5.0,5.0,5.0
39730,16.378705501556396,2397,5.0,5.0,5.0
39740,16.381486892700195,2397,5.0,5.0,5.0
39750,16.384936332702637,2397,9.5,5.0,5.0
39760,16.38914203643799,2397,5.048689500000002,5.0,5.0
39770,16.392521381378174,2397,5.0,5.0,5.0
39777,16.395305395126343,2397,9.5,5.0,5.0
39780,16.396474838256836,2397,8.55,5.0,5.0
39790,16.4002206325531,2397,5.048689500000002,5.0,5.0
39800,16.404213428497314,2397,5.0,5.0,5.0
39810,16.408520221710205,2397,5.0,5.0,5.0
39820,16.413054704666138,2397,5.0,5.0,5.0
39830,16.418076753616333,2397,5.0,5.0,5.0
39840,16.422683000564575,2397,5.0,5.0,5.0
39850,16.428061723709106,2397,5.0,5.0,5.0
39859,16.43246054649353,2397,9.5,5.0,5.0
39860,16.432735681533813,2397,8.55,5.0,5.0
39870,16.436861276626587,2397,5.609655000000002,5.0,5.0
39880,16.440549850463867,2397,5.0,5.0,5.0
39890,16.444099187850952,2397,5.0,5.0,5.0
39900,16.448563814163208,2397,5.0,5.0,5.0
39910,16.452994108200073,2397,5.0,5.0,5.0
39920,16.457624197006226,2397,5.0,5.0,5.0
39930,16.462553024291992,2397,5.0,5.0,5.0
39940,16.466620445251465,2397,5.0,5.0,5.0
39950,16.469687700271606,2397,5.0,5.0,5.0
39960,16.474275588989258,2397,5.0,5.0,5.0
39970,16.477832078933716,2397,9.5,5.0,5.0
39980,16.48296093940735,2397,6.925500000000001,5.0,5.0
39990,16.487337589263916,2397,5.0,5.0,5.0
40000,16.491023778915405,2397,5.0,5.0,5.0
40010,16.49637484550476,2397,5.0,5.0,5.0
40020,16.500082969665527,2397,5.0,5.0,5.0
40023,16.500957250595093,2397,9.5,5.0,5.0
40030,16.50426721572876,2397,6.925500000000001,5.0,5.0
40040,16.5077006816864,2397,5.609655000000002,5.0,5.0
40050,16.511666774749756,2397,5.0,5.0,5.0
40060,16.51527738571167,2397,5.0,5.0,5.0
40070,16.520998239517212,2397,5.0,5.0,5.0
40080,16.52414894104004,2397,5.0,5.0,5.0
40090,16.52761960029602,2397,5.0,5.0,5.0
40100,16.531559705734253,2397,5.0,5.0,5.0
40110,16.534509897232056,2397,5.0,5.0,5.0
40114,16.536558866500854,2397,9.5,5.0,5.0
40120,16.539164066314697,2397,6.925500000000001,5.0,5.0
40123,16.540359497070312,2397,11.232950000000002,5.0,5.0
40128,16.542731523513794,2397,13.188820550000003,5.0,5.0
40130,16.543309688568115,2397,11.869938495000003,5.0,5.0
40140,16.547356367111206,2397,7.787866646569503,5.0,5.0
40150,16.551364421844482,2397,5.0,5.0,5.0
40160,16.55494236946106,2397,5.0,5.0,5.0
40170,16.558148860931396,2397,5.0,5.0,5.0
40180,16.56265091896057,2397,5.0,5.0,5.0
40181,16.56297254562378,2397,9.5,5.0,5.0
40190,16.566256999969482,2397,5.609655000000002,5.0,5.0
40200,16.570859909057617,2397,5.0,5.0,5.0
40210,16.574413061141968,2397,5.0,5.0,5.0
40211,16.57490062713623,2397,9.5,5.0,5.0
40220,16.57795548439026,2397,5.048689500000002,5.0,5.0
40229,16.581297874450684,2397,9.5,5.0,5.0
40230,16.58144235610962,2397,9.5,5.0,5.0
40240,16.584545850753784,2397,11.232950000000002,5.0,5.0
40250,16.5875506401062,2397,5.969650180950002,5.0,5.0
40260,16.591619729995728,2397,5.0,5.0,5.0
40270,16.595252990722656,2397,5.0,5.0,5.0
40280,16.599697828292847,2397,5.0,5.0,5.0
40290,16.604204654693604,2397,5.0,5.0,5.0
40300,16.608343839645386,2397,5.0,5.0,5.0
40310,16.61339282989502,2397,5.0,5.0,5.0
40320,16.617148876190186,2397,5.0,5.0,5.0
40322,16.61776351928711,2397,9.5,5.0,5.0
40330,16.62117648124695,2397,8.55,5.0,5.0
40340,16.624842882156372,2397,5.609655000000002,5.0,5.0
40350,16.62934112548828,2397,5.0,5.0,5.0
40360,16.635337352752686,2397,5.0,5.0,5.0
40364,16.63684582710266,2397,9.5,5.0,5.0
40370,16.639500617980957,2397,7.695000000000001,5.0,5.0
40380,16.643134593963623,2397,5.048689500000002,5.0,5.0
40390,16.647364139556885,2397,5.0,5.0,5.0
40400,16.6500084400177,2397,5.0,5.0,5.0
40410,16.654091835021973,2397,5.0,5.0,5.0
40412,16.655175924301147,2397,9.5,5.0,5.0
40420,16.658203840255737,2397,6.2329500000000015,5.0,5.0
40430,16.66201949119568,2397,5.0,5.0,5.0
40440,16.66764187812805,2397,5.0,5.0,5.0
40450,16.67065691947937,2397,5.0,5.0,5.0
40460,16.6747727394104,2397,5.0,5.0,5.0
40470,16.67987370491028,2397,5.0,5.0,5.0
40480,16.684106826782227,2397,5.0,5.0,5.0
40490,16.68930983543396,2397,5.0,5.0,5.0
40500,16.695379972457886,2397,5.0,5.0,5.0
40510,16.699387788772583,2397,5.0,5.0,5.0
40520,16.702718257904053,2397,5.0,5.0,5.0
40530,16.707841396331787,2397,5.0,5.0,5.0
40537,16.711616277694702,2397,9.5,5.0,5.0
40540,16.712890625,2397,9.5,5.0,5.0
40550,16.71693778038025,2397,6.2329500000000015,5.0,5.0
40551,16.717253923416138,2397,10.609655000000002,5.0,5.0
40560,16.721609830856323,2397,6.960994645500001,5.0,5.0
40570,16.72530245780945,2397,5.0745650965695015,5.0,5.0
40580,16.732218503952026,2397,5.0,5.0,5.0
40587,16.73511815071106,2397,9.5,5.0,5.0
40590,16.73620629310608,2397,8.55,5.0,5.0
40600,16.74078941345215,2397,6.2329500000000015,5.0,5.0
40610,16.744463205337524,2397,5.0,5.0,5.0
40620,16.749494791030884,2397,5.0,5.0,5.0
40630,16.75279426574707,2397,5.0,5.0,5.0
40640,16.758139848709106,2397,5.0,5.0,5.0
40650,16.763273239135742,2397,5.0,5.0,5.0
40660,16.767860889434814,2397,5.0,5.0,5.0
40670,16.773553371429443,2397,5.0,5.0,5.0
40680,16.77671766281128,2397,5.0,5.0,5.0
40682,16.777316570281982,2397,9.5,5.0,5.0
40690,16.77971911430359,2397,8.55,5.0,5.0
40700,16.784499406814575,2397,5.0,5.0,5.0
40710,16.78725528717041,2397,5.0,5.0,5.0
40719,16.790167808532715,2397,9.5,5.0,5.0
40720,16.790937185287476,2397,9.5,5.0,5.0
40730,16.794523239135742,2397,6.2329500000000015,5.0,5.0
40740,16.799227476119995,2397,5.0,5.0,5.0
40750,16.803354740142822,2397,5.0,5.0,5.0
40760,16.80745530128479,2397,5.0,5.0,5.0
40770,16.811524629592896,2397,5.0,5.0,5.0
40780,16.81546664237976,2397,5.0,5.0,5.0
40786,16.81813383102417,2397,9.5,5.0,5.0
40790,16.819737672805786,2397,7.695000000000001,5.0,5.0
40800,16.82391119003296,2397,5.0,5.0,5.0
40810,16.827009201049805,2397,5.0,5.0,5.0
40820,16.831026792526245,2397,5.0,5.0,5.0
40830,16.835083961486816,2397,5.0,5.0,5.0
40840,16.840122938156128,2397,5.0,5.0,5.0
40850,16.84524893760681,2397,5.0,5.0,5.0
40852,16.845880270004272,2397,9.5,5.0,5.0
40860,16.849967002868652,2397,7.695000000000001,5.0,5.0
40870,16.854644536972046,2397,5.048689500000002,5.0,5.0
40880,16.860025882720947,2397,5.0,5.0,5.0
40890,16.86518096923828,2397,5.0,5.0,5.0
40900,16.87001132965088,2397,5.0,5.0,5.0
40910,16.87368106842041,2397,5.0,5.0,5.0
40912,16.874753713607788,2397,9.5,5.0,5.0
40920,16.877761363983154,2397,7.695000000000001,5.0,5.0
40930,16.882399082183838,2397,5.609655000000002,5.0,5.0
40940,16.886252403259277,2397,5.0,5.0,5.0
40950,16.890682220458984,2397,5.0,5.0,5.0
40960,16.894803285598755,2397,5.0,5.0,5.0
40966,16.89747381210327,2397,9.5,5.0,5.0
40970,16.899064540863037,2397,7.695000000000001,5.0,5.0
40980,16.90443992614746,2397,7.695000000000001,5.0,5.0
40990,16.909069776535034,2397,6.2329500000000015,5.0,5.0
41000,16.91278910636902,2397,5.609655000000002,5.0,5.0
41010,16.917677402496338,2397,5.609655000000002,5.0,5.0
41020,16.92227816581726,2397,5.0,5.0,5.0
41030,16.927983045578003,2397,5.0,5.0,5.0
41040,16.93235445022583,2397,5.0,5.0,5.0
41042,16.93302011489868,2397,9.5,5.0,5.0
41045,16.933804750442505,2397,12.695,5.0,5.0
41050,16.93566370010376,2397,9.254655000000001,5.0,5.0
41060,16.94041633605957,2397,6.071979145500001,5.0,5.0
41070,16.946089506149292,2397,5.464781230950001,5.0,5.0
41080,16.948889017105103,2397,9.5,5.0,5.0
41090,16.95310091972351,2397,5.609655000000002,5.0,5.0
41100,16.956816911697388,2397,5.0,5.0,5.0
41110,16.961364030838013,2397,5.0,5.0,5.0
41111,16.961708307266235,2397,9.5,5.0,5.0
41120,16.965163469314575,2397,5.609655000000002,5.0,5.0
41126,16.967363595962524,2397,9.543820550000003,5.0,5.0
41130,16.96956706047058,2397,6.957445180950002,5.0,5.0
41140,16.973932027816772,2397,5.0,5.0,5.0
41150,16.97746205329895,2397,5.0,5.0,5.0
41160,16.98058533668518,2397,5.0,5.0,5.0
41170,16.98611307144165,2397,5.0,5.0,5.0
41179,16.991269826889038,2397,9.5,5.0,5.0
41180,16.991553783416748,2397,8.55,5.0,5.0
41190,16.994892358779907,2397,5.048689500000002,5.0,5.0
41200,16.99898862838745,2397,5.0,5.0,5.0
41210,17.00467610359192,2397,5.0,5.0,5.0
41220,17.009403944015503,2397,5.0,5.0,5.0
41230,17.014570951461792,2397,5.0,5.0,5.0
41235,17.01700448989868,2397,9.5,5.0,5.0
41240,17.020143747329712,2397,6.925500000000001,5.0,5.0
41250,17.02506709098816,2397,5.048689500000002,5.0,5.0
41260,17.028234481811523,2397,5.0,5.0,5.0
41270,17.033918857574463,2397,5.0,5.0,5.0
41280,17.038469552993774,2397,5.0,5.0,5.0
41290,17.04363703727722,2397,5.0,5.0,5.0
41300,17.04843258857727,2397,5.0,5.0,5.0
41302,17.049054622650146,2397,9.5,5.0,5.0
41310,17.051642656326294,2397,6.925500000000001,5.0,5.0
41320,17.058370351791382,2397,6.2329500000000015,5.0,5.0
41330,17.06206440925598,2397,5.0,5.0,5.0
41336,17.065202951431274,2397,9.5,5.0,5.0
41340,17.06635093688965,2397,6.925500000000001,5.0,5.0
41348,17.06913685798645,2397,9.5,5.0,5.0
41350,17.069689512252808,2397,8.55,5.0,5.0
41360,17.073232173919678,2397,5.609655000000002,5.0,5.0
41370,17.07749366760254,2397,5.0,5.0,5.0
41380,17.081546306610107,2397,5.0,5.0,5.0
41390,17.08465337753296,2397,5.0,5.0,5.0
41400,17.08829402923584,2397,5.0,5.0,5.0
41410,17.09177875518799,2397,5.0,5.0,5.0
41420,17.096928596496582,2397,5.0,5.0,5.0
41430,17.101908445358276,2397,5.0,5.0,5.0
41431,17.102286338806152,2397,9.5,5.0,5.0
41440,17.105308532714844,2397,6.2329500000000015,5.0,5.0
41450,17.110451698303223,2397,5.0,5.0,5.0
41460,17.114185094833374,2397,5.0,5.0,5.0
41470,17.11980676651001,2397,5.0,5.0,5.0
41480,17.124481439590454,2397,5.0,5.0,5.0
41481,17.124834060668945,2397,9.5,5.0,5.0
41490,17.128841876983643,2397,8.55,5.0,5.0
41500,17.133285999298096,2397,6.2329500000000015,5.0,5.0
41510,17.13708782196045,2397,5.048689500000002,5.0,5.0
41520,17.14196753501892,2397,5.0,5.0,5.0
41527,17.146440505981445,2397,9.5,5.0,5.0
41530,17.147682189941406,2397,8.55,5.0,5.0
41540,17.15244722366333,2397,5.609655000000002,5.0,5.0
41550,17.15707039833069,2397,5.0,5.0,5.0
41560,17.16295862197876,2397,5.0,5.0,5.0
41570,17.16679072380066,2397,5.0,5.0,5.0
41580,17.171269178390503,2397,5.0,5.0,5.0
41590,17.1759614944458,2397,5.0,5.0,5.0
41600,17.180281162261963,2397,5.0,5.0,5.0
41610,17.184410572052002,2397,5.0,5.0,5.0
41620,17.188233375549316,2397,5.0,5.0,5.0
41630,17.19291591644287,2397,5.0,5.0,5.0
41640,17.196834802627563,2397,5.0,5.0,5.0
41650,17.201719045639038,2397,5.0,5.0,5.0
41651,17.20207452774048,2397,9.5,5.0,5.0
41660,17.20577836036682,2397,5.609655000000002,5.0,5.0
41670,17.209736824035645,2397,5.0,5.0,5.0
41680,17.212687253952026,2397,5.0,5.0,5.0
41690,17.21624779701233,2397,5.0,5.0,5.0
41700,17.2202250957489,2397,5.0,5.0,5.0
41710,17.224066734313965,2397,5.0,5.0,5.0
41720,17.228291511535645,2397,5.0,5.0,5.0
41730,17.233689308166504,2397,5.0,5.0,5.0
41740,17.236645221710205,2397,5.0,5.0,5.0
41750,17.240915775299072,2397,5.0,5.0,5.0
41760,17.245370626449585,2397,5.0,5.0,5.0
41770,17.249714612960815,2397,5.0,5.0,5.0
41780,17.254421949386597,2397,5.0,5.0,5.0
41790,17.25885581970215,2397,5.0,5.0,5.0
41800,17.26281452178955,2397,5.0,5.0,5.0
41810,17.267183303833008,2397,5.0,5.0,5.0
41820,17.27209448814392,2397,5.0,5.0,5.0
41830,17.274226903915405,2397,5.0,5.0,5.0
41840,17.27720284461975,2397,5.0,5.0,5.0
41850,17.28008794784546,2397,5.0,5.0,5.0
41860,17.283578157424927,2397,5.0,5.0,5.0
41870,17.28737735748291,2397,5.0,5.0,5.0
41880,17.292197465896606,2397,5.0,5.0,5.0
41890,17.296175718307495,2397,5.0,5.0,5.0
41900,17.29955291748047,2397,5.0,5.0,5.0
41910,17.30592370033264,2397,5.0,5.0,5.0
41920,17.309568166732788,2397,5.0,5.0,5.0
41930,17.312422513961792,2397,5.0,5.0,5.0
41940,17.31632900238037,2397,5.0,5.0,5.0
41950,17.320582389831543,2397,5.0,5.0,5.0
41960,17.32394242286682,2397,5.0,5.0,5.0
41970,17.328335762023926,2397,5.0,5.0,5.0
41974,17.3298761844635,2397,9.5,5.0,5.0
41980,17.331904411315918,2397,6.2329500000000015,5.0,5.0
41990,17.335352897644043,2397,5.0,5.0,5.0
42000,17.3388352394104,2397,5.0,5.0,5.0
42001,17.339126586914062,2397,9.5,5.0,5.0
42010,17.343860387802124,2397,6.2329500000000015,5.0,5.0
42020,17.347477912902832,2397,5.0,5.0,5.0
42030,17.351081371307373,2397,5.0,5.0,5.0
42040,17.355370044708252,2397,5.0,5.0,5.0
42050,17.358784198760986,2397,5.0,5.0,5.0
42060,17.361581325531006,2397,5.0,5.0,5.0
42070,17.364893198013306,2397,5.0,5.0,5.0
42080,17.369211673736572,2397,5.0,5.0,5.0
42090,17.372904062271118,2397,5.0,5.0,5.0
42100,17.377730131149292,2397,5.0,5.0,5.0
42110,17.383299112319946,2397,5.0,5.0,5.0
42120,17.387802124023438,2397,5.0,5.0,5.0
42130,17.39121723175049,2397,5.0,5.0,5.0
42140,17.393998384475708,2397,5.0,5.0,5.0
42150,17.396774530410767,2397,5.0,5.0,5.0
42160,17.400879383087158,2397,5.0,5.0,5.0
42163,17.402188062667847,2397,9.5,5.0,5.0
42170,17.40530300140381,2397,7.695000000000001,5.0,5.0
42180,17.4102144241333,2397,6.2329500000000015,5.0,5.0
42190,17.414791107177734,2397,5.048689500000002,5.0,5.0
42200,17.417768001556396,2397,9.5,5.0,5.0
42210,17.422672748565674,2397,6.925500000000001,5.0,5.0
42220,17.427058935165405,2397,5.0,5.0,5.0
42230,17.431056022644043,2397,5.0,5.0,5.0
42240,17.435446739196777,2397,5.0,5.0,5.0
42250,17.43837022781372,2397,5.0,5.0,5.0
42260,17.442340850830078,2397,5.0,5.0,5.0
42270,17.446247816085815,2397,5.0,5.0,5.0
42280,17.45018458366394,2397,5.0,5.0,5.0
42290,17.454394102096558,2397,5.0,5.0,5.0
42300,17.45880150794983,2397,5.0,5.0,5.0
42310,17.46229314804077,2397,5.0,5.0,5.0
42320,17.46564531326294,2397,5.0,5.0,5.0
42330,17.469260215759277,2397,5.0,5.0,5.0
42339,17.4722261428833,2397,9.5,5.0,5.0
42340,17.47245144844055,2397,9.5,5.0,5.0
42350,17.4764347076416,2397,6.2329500000000015,5.0,5.0
42360,17.47980546951294,2397,5.0,5.0,5.0
42370,17.483580350875854,2397,5.0,5.0,5.0
42380,17.48679542541504,2397,5.0,5.0,5.0
42390,17.4900381565094,2397,5.0,5.0,5.0
42399,17.49372148513794,2397,9.5,5.0,5.0
42400,17.493946075439453,2397,9.5,5.0,5.0
42410,17.498892307281494,2397,6.925500000000001,5.0,5.0
42420,17.502836227416992,2397,5.048689500000002,5.0,5.0
42430,17.50745916366577,2397,5.0,5.0,5.0
42440,17.51227068901062,2397,5.0,5.0,5.0
42441,17.512562036514282,2397,9.5,5.0,5.0
42442,17.512856483459473,2397,13.55,5.0,5.0
42450,17.515472173690796,2397,7.201025550000001,5.0,5.0
42460,17.519431114196777,2397,5.249547625950001,5.0,5.0
42470,17.522114753723145,2397,5.0,5.0,5.0
42480,17.525628805160522,2397,5.0,5.0,5.0
42490,17.53024935722351,2397,5.0,5.0,5.0
42493,17.53201460838318,2397,9.5,5.0,5.0
42500,17.535165309906006,2397,6.925500000000001,5.0,5.0
42510,17.539710998535156,2397,9.543820550000003,5.0,5.0
42520,17.543656826019287,2397,5.635530596569502,5.0,5.0
42530,17.547565937042236,2397,5.0,5.0,5.0
42540,17.55169916152954,2397,5.0,5.0,5.0
42550,17.555640935897827,2397,5.0,5.0,5.0
42560,17.559661149978638,2397,5.0,5.0,5.0
42570,17.56309485435486,2397,5.0,5.0,5.0
42580,17.56690526008606,2397,5.0,5.0,5.0
42590,17.57099151611328,2397,5.0,5.0,5.0
42600,17.576563119888306,2397,5.0,5.0,5.0
42610,17.58048915863037,2397,5.0,5.0,5.0
42620,17.585809230804443,2397,5.0,5.0,5.0
42630,17.58906054496765,2397,5.0,5.0,5.0
42631,17.589367389678955,2397,9.5,5.0,5.0
42640,17.59149670600891,2397,5.048689500000002,5.0,5.0
42650,17.596844911575317,2397,5.0,5.0,5.0
42660,17.600807666778564,2397,5.0,5.0,5.0
42670,17.605260610580444,2397,5.0,5.0,5.0
42680,17.609201908111572,2397,5.0,5.0,5.0
42690,17.613726377487183,2397,5.0,5.0,5.0
42697,17.61765718460083,2397,9.5,5.0,5.0
42700,17.618924140930176,2397,8.55,5.0,5.0
42705,17.620250940322876,2397,11.232950000000002,5.0,5.0
42710,17.621925830841064,2397,9.098689500000003,5.0,5.0
42720,17.626153230667114,2397,6.632944645500002,5.0,5.0
42730,17.630971431732178,2397,5.0,5.0,5.0
42737,17.63289999961853,2397,9.5,5.0,5.0
42740,17.634506225585938,2397,9.5,5.0,5.0
42750,17.637587785720825,2397,7.695000000000001,5.0,5.0
42756,17.63918900489807,2397,10.048689500000002,5.0,5.0
42760,17.640694618225098,2397,8.139438495000002,5.0,5.0
42770,17.645690441131592,2397,5.933650662855002,5.0,5.0
42780,17.649146795272827,2397,5.0,5.0,5.0
42790,17.65278720855713,2397,5.0,5.0,5.0
42793,17.653599739074707,2397,9.5,5.0,5.0
42800,17.65692162513733,2397,6.2329500000000015,5.0,5.0
42810,17.66131281852722,2397,5.0,5.0,5.0
42820,17.66527771949768,2397,5.0,5.0,5.0
42830,17.670678853988647,2397,5.0,5.0,5.0
42840,17.67456364631653,2397,5.0,5.0,5.0
42850,17.679671049118042,2397,5.0,5.0,5.0
42860,17.683619022369385,2397,5.0,5.0,5.0
42870,17.68781566619873,2397,5.0,5.0,5.0
42880,17.6922447681427,2397,5.0,5.0,5.0
42887,17.695393323898315,2397,9.5,5.0,5.0
42889,17.696003198623657,2397,12.695,5.0,5.0
42890,17.696268558502197,2397,11.425500000000001,5.0,5.0
42900,17.699336767196655,2397,6.071979145500001,5.0,5.0
42910,17.70298957824707,2397,5.0,5.0,5.0
42920,17.706985473632812,2397,5.0,5.0,5.0
42921,17.707289218902588,2397,9.5,5.0,5.0
42930,17.710832118988037,2397,5.609655000000002,5.0,5.0
42940,17.71681499481201,2397,5.048689500000002,5.0,5.0
42946,17.719403505325317,2397,9.5,5.0,5.0
42950,17.72134017944336,2397,8.55,5.0,5.0
42960,17.725477695465088,2397,5.609655000000002,5.0,5.0
42970,17.729872703552246,2397,5.0,5.0,5.0
42980,17.732825994491577,2397,5.0,5.0,5.0
42990,17.736818552017212,2397,5.0,5.0,5.0
43000,17.740410327911377,2397,5.0,5.0,5.0
43010,17.745388984680176,2397,5.0,5.0,5.0
43020,17.749531507492065,2397,5.0,5.0,5.0
43030,17.753364086151123,2397,5.0,5.0,5.0
43040,17.7568416595459,2397,5.0,5.0,5.0
43050,17.760789394378662,2397,5.0,5.0,5.0
43060,17.76446008682251,2397,5.0,5.0,5.0
43070,17.76949119567871,2397,5.0,5.0,5.0
43080,17.773930072784424,2397,5.0,5.0,5.0
43090,17.776793479919434,2397,5.0,5.0,5.0
43100,17.78076410293579,2397,5.0,5.0,5.0
43103,17.782554864883423,2397,9.5,5.0,5.0
43110,17.78519296646118,2397,6.2329500000000015,5.0,5.0
43120,17.78942608833313,2397,5.0,5.0,5.0
43130,17.794086456298828,2397,5.0,5.0,5.0
43132,17.79510259628296,2397,9.5,5.0,5.0
43140,17.798093557357788,2397,6.925500000000001,5.0,5.0
43150,17.802172422409058,2397,5.0,5.0,5.0
43160,17.8055682182312,2397,5.0,5.0,5.0
43170,17.810559034347534,2397,5.0,5.0,5.0
43180,17.81540036201477,2397,5.0,5.0,5.0
43190,17.81938076019287,2397,5.0,5.0,5.0
43192,17.819958209991455,2397,9.5,5.0,5.0
43200,17.822526931762695,2397,6.2329500000000015,5.0,5.0
43210,17.826590061187744,2397,5.0,5.0,5.0
43220,17.83015537261963,2397,5.0,5.0,5.0
43230,17.834147214889526,2397,5.0,5.0,5.0
43236,17.83618140220642,2397,9.5,5.0,5.0
43240,17.837583303451538,2397,7.695000000000001,5.0,5.0
43250,17.841947317123413,2397,6.2329500000000015,5.0,5.0
43260,17.844888925552368,2397,5.0,5.0,5.0
43270,17.848183393478394,2397,5.0,5.0,5.0
43280,17.852131843566895,2397,5.0,5.0,5.0
43290,17.85663676261902,2397,5.0,5.0,5.0
43300,17.860623121261597,2397,5.0,5.0,5.0
43310,17.86654829978943,2397,5.0,5.0,5.0
43320,17.870868921279907,2397,5.0,5.0,5.0
43330,17.875752925872803,2397,5.0,5.0,5.0
43333,17.877048015594482,2397,9.5,5.0,5.0
43340,17.879802465438843,2397,6.2329500000000015,5.0,5.0
43350,17.88512921333313,2397,5.048689500000002,5.0,5.0
43360,17.888837337493896,2397,5.0,5.0,5.0
43370,17.892684936523438,2397,5.0,5.0,5.0
43380,17.898205041885376,2397,5.0,5.0,5.0
43390,17.902246713638306,2397,5.0,5.0,5.0
43400,17.90720009803772,2397,5.0,5.0,5.0
43410,17.9109103679657,2397,5.0,5.0,5.0
43420,17.914976835250854,2397,5.0,5.0,5.0
43430,17.919424772262573,2397,5.0,5.0,5.0
43440,17.92499542236328,2397,5.0,5.0,5.0
43450,17.928357362747192,2397,5.0,5.0,5.0
43460,17.931718349456787,2397,5.0,5.0,5.0
43470,17.934831380844116,2397,5.0,5.0,5.0
43472,17.935890674591064,2397,9.5,5.0,5.0
43480,17.939160108566284,2397,7.695000000000001,5.0,5.0
43490,17.942647695541382,2397,5.609655000000002,5.0,5.0
43500,17.946669101715088,2397,5.0,5.0,5.0
43507,17.949798345565796,2397,9.5,5.0,5.0
43510,17.95102047920227,2397,7.695000000000001,5.0,5.0
43520,17.954638957977295,2397,5.048689500000002,5.0,5.0
43530,17.957546949386597,2397,5.0,5.0,5.0
43540,17.961435556411743,2397,5.0,5.0,5.0
43550,17.964995622634888,2397,5.0,5.0,5.0
43560,17.96831226348877,2397,5.0,5.0,5.0
43570,17.973180770874023,2397,5.0,5.0,5.0
43580,17.977208614349365,2397,5.0,5.0,5.0
43590,17.98055124282837,2397,5.0,5.0,5.0
43600,17.985180616378784,2397,5.0,5.0,5.0
43610,17.988872051239014,2397,5.0,5.0,5.0
43613,17.990180492401123,2397,9.5,5.0,5.0
43618,17.991584062576294,2397,10.609655000000002,5.0,5.0
43620,17.99210023880005,2397,9.548689500000002,5.0,5.0
43630,17.995286464691162,2397,5.0745650965695015,5.0,5.0
43640,17.999187707901,2397,5.0,5.0,5.0
43650,18.003785133361816,2397,5.0,5.0,5.0
43660,18.0070641040802,2397,5.0,5.0,5.0
43670,18.011558771133423,2397,5.0,5.0,5.0
43680,18.015011072158813,2397,5.0,5.0,5.0
43684,18.016472339630127,2397,9.5,5.0,5.0
43690,18.019002437591553,2397,7.695000000000001,5.0,5.0
43700,18.023340940475464,2397,5.609655000000002,5.0,5.0
43710,18.026405811309814,2397,5.0,5.0,5.0
43720,18.030312061309814,2397,5.0,5.0,5.0
43730,18.03308081626892,2397,5.0,5.0,5.0
43733,18.033901929855347,2397,9.5,5.0,5.0
43740,18.036137104034424,2397,5.609655000000002,5.0,5.0
43750,18.040053129196167,2397,5.0,5.0,5.0
43760,18.04439377784729,2397,5.0,5.0,5.0
43770,18.047441720962524,2397,5.0,5.0,5.0
43771,18.047763109207153,2397,9.5,5.0,5.0
43780,18.050660848617554,2397,5.048689500000002,5.0,5.0
43790,18.056230545043945,2397,5.0,5.0,5.0
43795,18.058127403259277,2397,9.5,5.0,5.0
43800,18.05944561958313,2397,6.925500000000001,5.0,5.0
43810,18.063891410827637,2397,5.0,5.0,5.0
43820,18.06797981262207,2397,5.0,5.0,5.0
43830,18.071671724319458,2397,5.0,5.0,5.0
43840,18.076589822769165,2397,5.0,5.0,5.0
43850,18.081550359725952,2397,5.0,5.0,5.0
43860,18.084722995758057,2397,5.0,5.0,5.0
43870,18.09018039703369,2397,5.0,5.0,5.0
43880,18.09420680999756,2397,5.0,5.0,5.0
43890,18.100316286087036,2397,5.0,5.0,5.0
43900,18.10469627380371,2397,5.0,5.0,5.0
43906,18.107715129852295,2397,9.5,5.0,5.0
43910,18.10977578163147,2397,7.695000000000001,5.0,5.0
43920,18.115863800048828,2397,6.2329500000000015,5.0,5.0
43930,18.120259284973145,2397,5.0,5.0,5.0
43936,18.121862173080444,2397,9.5,5.0,5.0
43939,18.1227023601532,2397,12.695,5.0,5.0
43940,18.122934341430664,2397,12.695,5.0,5.0
43950,18.127095699310303,2397,6.746643495000002,5.0,5.0
43960,18.13163113594055,2397,5.0,5.0,5.0
43961,18.131929636001587,2397,9.5,5.0,5.0
43970,18.13518500328064,2397,6.925500000000001,5.0,5.0
43980,18.138538360595703,2397,5.0,5.0,5.0
43990,18.142340421676636,2397,5.0,5.0,5.0
44000,18.14600968360901,2397,5.0,5.0,5.0
44010,18.14953112602234,2397,5.0,5.0,5.0
44020,18.152688026428223,2397,9.5,5.0,5.0
44030,18.15669345855713,2397,5.609655000000002,5.0,5.0
44040,18.160279750823975,2397,5.0,5.0,5.0
44050,18.16472887992859,2397,5.0,5.0,5.0
44051,18.165045976638794,2397,9.5,5.0,5.0
44054,18.165906190872192,2397,11.925500000000001,5.0,5.0
44060,18.16844153404236,2397,8.693689500000001,5.0,5.0
44070,18.171990394592285,2397,5.0,5.0,5.0
44080,18.176637649536133,2397,5.0,5.0,5.0
44083,18.177468061447144,2397,9.5,5.0,5.0
44090,18.17972421646118,2397,6.925500000000001,5.0,5.0
44100,18.183291912078857,2397,5.0,5.0,5.0
44110,18.187345504760742,2397,5.0,5.0,5.0
44116,18.190358877182007,2397,9.5,5.0,5.0
44120,18.191449403762817,2397,6.925500000000001,5.0,5.0
44130,18.196215629577637,2397,5.0,5.0,5.0
44140,18.199031352996826,2397,5.0,5.0,5.0
44150,18.203025817871094,2397,5.0,5.0,5.0
44160,18.20810580253601,2397,5.0,5.0,5.0
44170,18.212551593780518,2397,5.0,5.0,5.0
44180,18.217035055160522,2397,5.0,5.0,5.0
44190,18.221637964248657,2397,5.0,5.0,5.0
44191,18.221983671188354,2397,9.5,5.0,5.0
44200,18.225624322891235,2397,6.2329500000000015,5.0,5.0
44210,18.230067491531372,2397,5.0,5.0,5.0
44220,18.234882831573486,2397,5.0,5.0,5.0
44230,18.237788200378418,2397,5.0,5.0,5.0
44240,18.243067026138306,2397,5.0,5.0,5.0
44250,18.247173070907593,2397,5.0,5.0,5.0
44260,18.25176191329956,2397,5.0,5.0,5.0
44270,18.255778551101685,2397,5.0,5.0,5.0
44280,18.259185791015625,2397,5.0,5.0,5.0
44290,18.26309061050415,2397,5.0,5.0,5.0
44300,18.267035722732544,2397,5.0,5.0,5.0
44310,18.272741317749023,2397,5.0,5.0,5.0
44320,18.27661895751953,2397,5.0,5.0,5.0
44330,18.281259775161743,2397,5.0,5.0,5.0
44339,18.28606343269348,2397,9.5,5.0,5.0
44340,18.28680109977722,2397,9.5,5.0,5.0
44349,18.290178060531616,2397,10.048689500000002,5.0,5.0
44350,18.290326356887817,2397,10.048689500000002,5.0,5.0
44360,18.29477858543396,2397,7.325494645500002,5.0,5.0
44370,18.298400402069092,2397,5.0,5.0,5.0
44371,18.298714637756348,2397,9.5,5.0,5.0
44380,18.301440000534058,2397,5.609655000000002,5.0,5.0
44390,18.307436227798462,2397,5.0,5.0,5.0
44400,18.311960458755493,2397,5.0,5.0,5.0
44410,18.31634831428528,2397,5.0,5.0,5.0
44420,18.31986141204834,2397,5.0,5.0,5.0
44428,18.322477340698242,2397,9.5,5.0,5.0
44430,18.32303023338318,2397,7.695000000000001,5.0,5.0
44440,18.327211618423462,2397,5.0,5.0,5.0
44450,18.331446647644043,2397,5.0,5.0,5.0
44460,18.336952924728394,2397,5.0,5.0,5.0
44470,18.339956521987915,2397,5.0,5.0,5.0
44471,18.340272188186646,2397,9.5,5.0,5.0
44480,18.34298872947693,2397,5.609655000000002,5.0,5.0
44490,18.34843611717224,2397,5.0,5.0,5.0
44500,18.351877450942993,2397,5.0,5.0,5.0
44510,18.355937242507935,2397,5.0,5.0,5.0
44520,18.358860731124878,2397,5.0,5.0,5.0
44530,18.3617844581604,2397,5.0,5.0,5.0
44540,18.364895820617676,2397,5.0,5.0,5.0
44550,18.369425058364868,2397,5.0,5.0,5.0
44560,18.374074697494507,2397,5.0,5.0,5.0
44570,18.37771201133728,2397,5.0,5.0,5.0
44580,18.381285905838013,2397,5.0,5.0,5.0
44590,18.388437032699585,2397,5.0,5.0,5.0
44592,18.389081954956055,2397,9.5,5.0,5.0
44600,18.391450881958008,2397,5.0,5.0,5.0
44610,18.39507818222046,2397,5.0,5.0,5.0
44620,18.398648977279663,2397,5.0,5.0,5.0
44629,18.40170383453369,2397,9.5,5.0,5.0
44630,18.402005910873413,2397,8.55,5.0,5.0
44640,18.40532898902893,2397,5.609655000000002,5.0,5.0
44650,18.40935707092285,2397,5.0,5.0,5.0
44660,18.413795709609985,2397,5.0,5.0,5.0
44670,18.418309450149536,2397,5.0,5.0,5.0
44680,18.42275333404541,2397,5.0,5.0,5.0
44690,18.426128149032593,2397,5.0,5.0,5.0
44700,18.42975115776062,2397,5.0,5.0,5.0
44710,18.434069871902466,2397,5.0,5.0,5.0
44720,18.438136100769043,2397,5.0,5.0,5.0
44730,18.443342208862305,2397,5.0,5.0,5.0
44740,18.44696307182312,2397,5.0,5.0,5.0
44750,18.450475454330444,2397,5.0,5.0,5.0
44760,18.454547882080078,2397,5.0,5.0,5.0
44770,18.458966970443726,2397,5.0,5.0,5.0
44771,18.459314346313477,2397,9.5,5.0,5.0
44780,18.46176290512085,2397,5.609655000000002,5.0,5.0
44790,18.46672010421753,2397,5.0,5.0,5.0
44800,18.470186948776245,2397,5.0,5.0,5.0
44810,18.474200010299683,2397,5.0,5.0,5.0
44820,18.479273557662964,2397,5.0,5.0,5.0
44825,18.48067283630371,2397,9.5,5.0,5.0
44830,18.483469486236572,2397,8.55,5.0,5.0
44840,18.48895287513733,2397,5.048689500000002,5.0,5.0
44850,18.492470264434814,2397,5.0,5.0,5.0
44860,18.495754957199097,2397,5.0,5.0,5.0
44870,18.499740839004517,2397,5.0,5.0,5.0
44880,18.504276514053345,2397,5.0,5.0,5.0
44890,18.509397268295288,2397,5.0,5.0,5.0
44900,18.514358043670654,2397,5.0,5.0,5.0
44910,18.51788353919983,2397,5.0,5.0,5.0
44913,18.519073724746704,2397,9.5,5.0,5.0
44920,18.521294832229614,2397,6.925500000000001,5.0,5.0
44930,18.52417540550232,2397,5.048689500000002,5.0,5.0
44940,18.530158281326294,2397,5.0,5.0,5.0
44950,18.534621000289917,2397,5.0,5.0,5.0
44960,18.53831124305725,2397,5.0,5.0,5.0
44970,18.543875455856323,2397,5.0,5.0,5.0
44980,18.547943115234375,2397,5.0,5.0,5.0
44990,18.55245065689087,2397,5.0,5.0,5.0
45000,18.557008028030396,2397,5.0,5.0,5.0
45010,18.560941696166992,2397,5.0,5.0,5.0
45020,18.56508708000183,2397,5.0,5.0,5.0
45030,18.568458080291748,2397,5.0,5.0,5.0
45040,18.57242250442505,2397,5.0,5.0,5.0
45050,18.576875925064087,2397,5.0,5.0,5.0
45060,18.581545114517212,2397,5.0,5.0,5.0
45070,18.585641622543335,2397,5.0,5.0,5.0
45080,18.59014630317688,2397,5.0,5.0,5.0
45090,18.593921661376953,2397,5.0,5.0,5.0
45096,18.596078395843506,2397,9.5,5.0,5.0
45100,18.598003149032593,2397,7.695000000000001,5.0,5.0
45110,18.601994514465332,2397,5.0,5.0,5.0
45120,18.60492491722107,2397,5.0,5.0,5.0
45130,18.609666347503662,2397,5.0,5.0,5.0
45140,18.61324691772461,2397,5.0,5.0,5.0
45146,18.61482834815979,2397,9.5,5.0,5.0
45149,18.61570906639099,2397,12.695,5.0,5.0
45150,18.615957498550415,2397,12.695,5.0,5.0
45160,18.618907928466797,2397,8.329189500000002,5.0,5.0
45170,18.623263120651245,2397,6.071979145500001,5.0,5.0
45177,18.626670360565186,2397,9.5,5.0,5.0
45180,18.62795639038086,2397,8.55,5.0,5.0
45190,18.63149380683899,2397,5.609655000000002,5.0,5.0
45200,18.635520696640015,2397,5.0,5.0,5.0
45210,18.640215158462524,2397,5.0,5.0,5.0
45220,18.643808603286743,2397,5.0,5.0,5.0
45230,18.647437572479248,2397,5.0,5.0,5.0
45240,18.651344299316406,2397,5.0,5.0,5.0
45250,18.65498638153076,2397,5.0,5.0,5.0
45260,18.660295009613037,2397,5.0,5.0,5.0
45270,18.665870189666748,2397,5.0,5.0,5.0
45280,18.67092227935791,2397,5.0,5.0,5.0
45288,18.673505067825317,2397,9.5,5.0,5.0
45290,18.673982620239258,2397,8.55,5.0,5.0
45300,18.678687810897827,2397,5.609655000000002,5.0,5.0
45310,18.68283700942993,2397,5.0,5.0,5.0
45320,18.686381578445435,2397,5.0,5.0,5.0
45330,18.691884994506836,2397,5.0,5.0,5.0
45340,18.69771933555603,2397,5.0,5.0,5.0
45350,18.70255470275879,2397,5.0,5.0,5.0
45360,18.706088304519653,2397,5.0,5.0,5.0
45370,18.709980010986328,2397,5.0,5.0,5.0
45380,18.7136173248291,2397,5.0,5.0,5.0
45390,18.71847128868103,2397,5.0,5.0,5.0
45400,18.72264337539673,2397,5.0,5.0,5.0
45410,18.727360248565674,2397,5.0,5.0,5.0
45420,18.731940269470215,2397,5.0,5.0,5.0
45430,18.736506938934326,2397,5.0,5.0,5.0
45440,18.74177861213684,2397,5.0,5.0,5.0
45450,18.74679160118103,2397,5.0,5.0,5.0
45460,18.750311851501465,2397,5.0,5.0,5.0
45470,18.75301241874695,2397,5.0,5.0,5.0
45480,18.757194757461548,2397,5.0,5.0,5.0
45490,18.76305913925171,2397,5.0,5.0,5.0
45500,18.767698526382446,2397,5.0,5.0,5.0
45506,18.770748615264893,2397,9.5,5.0,5.0
45510,18.773762464523315,2397,9.5,5.0,5.0
45520,18.777413368225098,2397,6.925500000000001,5.0,5.0
45530,18.780431509017944,2397,5.0,5.0,5.0
45540,18.784550666809082,2397,5.0,5.0,5.0
45543,18.78596568107605,2397,9.5,5.0,5.0
45550,18.78927183151245,2397,7.695000000000001,5.0,5.0
45557,18.792131900787354,2397,11.925500000000001,5.0,5.0
45560,18.79426646232605,2397,11.925500000000001,5.0,5.0
45570,18.798274517059326,2397,7.824320550000001,5.0,5.0
45580,18.803043127059937,2397,6.337699645500001,5.0,5.0
45582,18.80362606048584,2397,10.70392968095,5.0,5.0
45590,18.80731964111328,2397,6.320563437304167,5.0,5.0
45600,18.81235098838806,2397,5.0,5.0,5.0
45608,18.815157890319824,2397,9.5,5.0,5.0
45610,18.816696643829346,2397,9.5,5.0,5.0
45620,18.821526050567627,2397,6.2329500000000015,5.0,5.0
45627,18.82625102996826,2397,10.048689500000002,5.0,5.0
45630,18.828125953674316,2397,10.048689500000002,5.0,5.0
45640,18.83332896232605,2397,5.0,5.0,5.0
45650,18.840168714523315,2397,5.0,5.0,5.0
45655,18.843289375305176,2397,9.5,5.0,5.0
45660,18.84683609008789,2397,8.55,5.0,5.0
45662,18.847463607788086,2397,11.925500000000001,5.0,5.0
45670,18.85322117805481,2397,7.824320550000001,5.0,5.0
45680,18.858750343322754,2397,5.703929680950001,5.0,5.0
45690,18.86471939086914,2397,5.0,5.0,5.0
45700,18.872793197631836,2397,5.0,5.0,5.0
45704,18.875132083892822,2397,9.5,5.0,5.0
45710,18.8787739276886,2397,6.2329500000000015,5.0,5.0
45720,18.88332486152649,2397,5.0,5.0,5.0
45730,18.88996148109436,2397,5.0,5.0,5.0
45734,18.891804695129395,2397,9.5,5.0,5.0
45740,18.89416766166687,2397,6.925500000000001,5.0,5.0
45750,18.90273690223694,2397,5.609655000000002,5.0,5.0
45760,18.91044020652771,2397,5.048689500000002,5.0,5.0
45769,18.915539503097534,2397,9.5,5.0,5.0
45770,18.91590690612793,2397,8.55,5.0,5.0
45780,18.920241355895996,2397,5.0,5.0,5.0
45790,18.925100564956665,2397,5.0,5.0,5.0
45800,18.93004846572876,2397,5.0,5.0,5.0
45810,18.934215545654297,2397,5.0,5.0,5.0
45820,18.93850541114807,2397,5.0,5.0,5.0
45830,18.943449020385742,2397,5.0,5.0,5.0
45840,18.9471435546875,2397,5.0,5.0,5.0
45850,18.950976848602295,2397,5.0,5.0,5.0
45860,18.95604419708252,2397,5.0,5.0,5.0
45870,18.959742546081543,2397,5.0,5.0,5.0
45880,18.96353530883789,2397,5.0,5.0,5.0
45890,18.9686758518219,2397,5.0,5.0,5.0
45900,18.971333503723145,2397,5.0,5.0,5.0
45910,18.97442054748535,2397,5.0,5.0,5.0
45920,18.978615760803223,2397,5.0,5.0,5.0
45930,18.982367038726807,2397,5.0,5.0,5.0
45940,18.986114263534546,2397,5.0,5.0,5.0
45950,18.99065351486206,2397,5.0,5.0,5.0
45960,18.9951753616333,2397,5.0,5.0,5.0
45970,18.9989173412323,2397,5.0,5.0,5.0
45972,18.999505519866943,2397,9.5,5.0,5.0
45980,19.00276279449463,2397,6.925500000000001,5.0,5.0
45988,19.00548243522644,2397,9.543820550000003,5.0,5.0
45990,19.00604510307312,2397,8.589438495000003,5.0,5.0
46000,19.010381937026978,2397,5.071977536912552,5.0,5.0
46010,19.015146255493164,2397,5.0,5.0,5.0
46020,19.020148277282715,2397,5.0,5.0,5.0
46024,19.021693468093872,2397,9.5,5.0,5.0
46028,19.023396253585815,2397,11.925500000000001,5.0,5.0
46030,19.02397632598877,2397,10.73295,5.0,5.0
46040,19.028125286102295,2397,7.041888495000001,5.0,5.0
46050,19.033368349075317,2397,6.337699645500001,5.0,5.0
46056,19.036458492279053,2397,10.133536712855001,5.0,5.0
46060,19.038432359695435,2397,9.1201830415695,5.0,5.0
46070,19.042531967163086,2397,6.648613437304166,5.0,5.0
46080,19.046775102615356,2397,5.0,5.0,5.0
46090,19.050737142562866,2397,5.0,5.0,5.0
46100,19.055310010910034,2397,5.0,5.0,5.0
46110,19.059389114379883,2397,5.0,5.0,5.0
46120,19.06446647644043,2397,5.0,5.0,5.0
46130,19.06772518157959,2397,5.0,5.0,5.0
46140,19.07289218902588,2397,5.0,5.0,5.0
46150,19.07808780670166,2397,5.0,5.0,5.0
46160,19.08238697052002,2397,5.0,5.0,5.0
46170,19.08630394935608,2397,5.0,5.0,5.0
46180,19.091004848480225,2397,5.0,5.0,5.0
46190,19.09449052810669,2397,5.0,5.0,5.0
46200,19.09918975830078,2397,5.0,5.0,5.0
46210,19.105041027069092,2397,5.0,5.0,5.0
46220,19.10904026031494,2397,5.0,5.0,5.0
46230,19.113178491592407,2397,5.0,5.0,5.0
46240,19.1170654296875,2397,9.5,5.0,5.0
46243,19.117992639541626,2397,12.695,5.0,5.0
46250,19.12043309211731,2397,8.329189500000002,5.0,5.0
46260,19.126054048538208,2397,6.746643495000002,5.0,5.0
46270,19.130157232284546,2397,5.464781230950001,5.0,5.0
46280,19.1344256401062,2397,5.0,5.0,5.0
46290,19.139617204666138,2397,5.0,5.0,5.0
46300,19.14332675933838,2397,5.0,5.0,5.0
46310,19.147244215011597,2397,5.0,5.0,5.0
46320,19.15302538871765,2397,5.0,5.0,5.0
46330,19.156174659729004,2397,5.0,5.0,5.0
46337,19.15893292427063,2397,9.5,5.0,5.0
46340,19.1602680683136,2397,7.695000000000001,5.0,5.0
46350,19.163877725601196,2397,5.0,5.0,5.0
46360,19.16645884513855,2397,5.0,5.0,5.0
46370,19.170782327651978,2397,5.0,5.0,5.0
46380,19.17454242706299,2397,5.0,5.0,5.0
46390,19.17811346054077,2397,5.0,5.0,5.0
46399,19.18309187889099,2397,9.5,5.0,5.0
46400,19.183374404907227,2397,8.55,5.0,5.0
46410,19.188177824020386,2397,5.048689500000002,5.0,5.0
46420,19.193934679031372,2397,5.0,5.0,5.0
46430,19.197988271713257,2397,5.0,5.0,5.0
46440,19.20220422744751,2397,5.0,5.0,5.0
46445,19.204649686813354,2397,9.5,5.0,5.0
46450,19.207515239715576,2397,8.55,5.0,5.0
46460,19.212473154067993,2397,9.543820550000003,5.0,5.0
46470,19.215436220169067,2397,6.261700662855002,5.0,5.0
46480,19.219664335250854,2397,5.0,5.0,5.0
46490,19.224262237548828,2397,5.0,5.0,5.0
46500,19.228914260864258,2397,5.0,5.0,5.0
46510,19.232492685317993,2397,5.0,5.0,5.0
46520,19.23655652999878,2397,5.0,5.0,5.0
46530,19.241859197616577,2397,5.0,5.0,5.0
46539,19.24635601043701,2397,9.5,5.0,5.0
46540,19.246656894683838,2397,8.55,5.0,5.0
46550,19.25094962120056,2397,5.609655000000002,5.0,5.0
46560,19.25390934944153,2397,9.5,5.0,5.0
46570,19.257346868515015,2397,6.925500000000001,5.0,5.0
46580,19.262243270874023,2397,6.2329500000000015,5.0,5.0
46590,19.26531744003296,2397,5.0,5.0,5.0
46592,19.265974283218384,2397,9.5,5.0,5.0
46600,19.269662380218506,2397,11.232950000000002,5.0,5.0
46610,19.27593493461609,2397,6.632944645500002,5.0,5.0
46620,19.280833959579468,2397,5.0,5.0,5.0
46630,19.28598976135254,2397,5.0,5.0,5.0
46640,19.291199922561646,2397,5.0,5.0,5.0
46650,19.295209407806396,2397,5.0,5.0,5.0
46660,19.299483060836792,2397,5.0,5.0,5.0
46670,19.30325412750244,2397,5.0,5.0,5.0
46680,19.30856442451477,2397,5.0,5.0,5.0
46687,19.31200933456421,2397,9.5,5.0,5.0
46690,19.31296992301941,2397,6.925500000000001,5.0,5.0
46700,19.317643880844116,2397,5.048689500000002,5.0,5.0
46710,19.322917699813843,2397,5.0,5.0,5.0
46720,19.327630043029785,2397,5.0,5.0,5.0
46730,19.332456588745117,2397,5.0,5.0,5.0
46740,19.337098121643066,2397,5.0,5.0,5.0
46750,19.341147899627686,2397,5.0,5.0,5.0
46760,19.345473289489746,2397,5.0,5.0,5.0
46770,19.348716735839844,2397,5.0,5.0,5.0
46780,19.35242009162903,2397,5.0,5.0,5.0
46790,19.356716632843018,2397,5.0,5.0,5.0
46794,19.357773303985596,2397,9.5,5.0,5.0
46800,19.36062240600586,2397,7.695000000000001,5.0,5.0
46810,19.36346435546875,2397,5.048689500000002,5.0,5.0
46815,19.36628293991089,2397,9.5,5.0,5.0
46820,19.367985010147095,2397,7.695000000000001,5.0,5.0
46828,19.371448278427124,2397,10.048689500000002,5.0,5.0
46830,19.37184429168701,2397,10.048689500000002,5.0,5.0
46836,19.374685287475586,2397,13.139438495000002,5.0,5.0
46840,19.376142740249634,2397,9.578650662855003,5.0,5.0
46850,19.380460500717163,2397,5.656097429909251,5.0,5.0
46860,19.384050607681274,2397,5.0,5.0,5.0
46870,19.389477014541626,2397,5.0,5.0,5.0
46880,19.393473386764526,2397,9.5,5.0,5.0
46890,19.39676308631897,2397,5.048689500000002,5.0,5.0
46900,19.399881601333618,2397,5.0,5.0,5.0
46910,19.404295682907104,2397,5.0,5.0,5.0
46920,19.409693002700806,2397,5.0,5.0,5.0
46930,19.413854360580444,2397,5.0,5.0,5.0
46940,19.41908550262451,2397,5.0,5.0,5.0
46950,19.423563718795776,2397,5.0,5.0,5.0
46960,19.42858362197876,2397,5.0,5.0,5.0
46967,19.430370807647705,2397,9.5,5.0,5.0
46970,19.431151628494263,2397,7.695000000000001,5.0,5.0
46980,19.434374570846558,2397,6.2329500000000015,5.0,5.0
46990,19.43768858909607,2397,5.0,5.0,5.0
47000,19.44225001335144,2397,5.0,5.0,5.0
47009,19.446266412734985,2397,9.5,5.0,5.0
47010,19.44645357131958,2397,8.55,5.0,5.0
47020,19.450865507125854,2397,5.609655000000002,5.0,5.0
47029,19.454025506973267,2397,9.5,5.0,5.0
47030,19.454814910888672,2397,9.5,5.0,5.0
47040,19.458799362182617,2397,6.2329500000000015,5.0,5.0
47044,19.460337162017822,2397,9.543820550000003,5.0,5.0
47050,19.46277928352356,2397,8.589438495000003,5.0,5.0
47060,19.466694355010986,2397,5.071977536912552,5.0,5.0
47070,19.471097946166992,2397,5.0,5.0,5.0
47080,19.474729776382446,2397,5.0,5.0,5.0
47090,19.478713274002075,2397,5.0,5.0,5.0
47100,19.482537031173706,2397,5.0,5.0,5.0
47110,19.486117839813232,2397,5.0,5.0,5.0
47120,19.4904727935791,2397,5.0,5.0,5.0
47130,19.493988752365112,2397,5.0,5.0,5.0
47140,19.497859239578247,2397,5.0,5.0,5.0
47150,19.502216339111328,2397,5.0,5.0,5.0
47160,19.50587224960327,2397,5.0,5.0,5.0
47170,19.51014256477356,2397,5.0,5.0,5.0
47180,19.51386857032776,2397,5.0,5.0,5.0
47190,19.51874303817749,2397,5.0,5.0,5.0
47200,19.521478414535522,2397,5.0,5.0,5.0
47210,19.525920629501343,2397,5.0,5.0,5.0
47220,19.5289466381073,2397,5.0,5.0,5.0
47230,19.53334355354309,2397,5.0,5.0,5.0
47240,19.53807258605957,2397,5.0,5.0,5.0
47250,19.542238235473633,2397,5.0,5.0,5.0
47260,19.54602813720703,2397,5.0,5.0,5.0
47270,19.54947304725647,2397,5.0,5.0,5.0
47280,19.553419828414917,2397,5.0,5.0,5.0
47290,19.557154893875122,2397,5.0,5.0,5.0
47296,19.559571743011475,2397,9.5,5.0,5.0
47300,19.561545372009277,2397,9.5,5.0,5.0
47310,19.56510019302368,2397,5.609655000000002,5.0,5.0
47320,19.56954789161682,2397,5.0,5.0,5.0
47330,19.57291054725647,2397,5.0,5.0,5.0
47340,19.577099084854126,2397,5.0,5.0,5.0
47350,19.581801176071167,2397,5.0,5.0,5.0
47360,19.584768056869507,2397,5.0,5.0,5.0
47370,19.5882670879364,2397,5.0,5.0,5.0
47380,19.592508554458618,2397,5.0,5.0,5.0
47390,19.59555983543396,2397,5.0,5.0,5.0
47400,19.599777936935425,2397,5.0,5.0,5.0
47410,19.603808164596558,2397,5.0,5.0,5.0
47420,19.609397411346436,2397,5.0,5.0,5.0
47430,19.61207866668701,2397,5.0,5.0,5.0
47440,19.61640167236328,2397,5.0,5.0,5.0
47450,19.621780395507812,2397,5.0,5.0,5.0
47460,19.626227378845215,2397,5.0,5.0,5.0
47470,19.629555463790894,2397,5.0,5.0,5.0
47480,19.634094715118408,2397,5.0,5.0,5.0
47490,19.639069080352783,2397,5.0,5.0,5.0
47500,19.643914699554443,2397,5.0,5.0,5.0
47510,19.648233652114868,2397,5.0,5.0,5.0
47520,19.651118516921997,2397,5.0,5.0,5.0
47530,19.655428409576416,2397,5.0,5.0,5.0
47540,19.658883094787598,2397,9.5,5.0,5.0
47550,19.663729906082153,2397,6.2329500000000015,5.0,5.0
47560,19.669511795043945,2397,5.609655000000002,5.0,5.0
47570,19.672032117843628,2397,5.0,5.0,5.0
47580,19.676559925079346,2397,5.0,5.0,5.0
47590,19.680674076080322,2397,5.0,5.0,5.0
47600,19.685265064239502,2397,5.0,5.0,5.0
47610,19.68931484222412,2397,5.0,5.0,5.0
47620,19.693276166915894,2397,5.0,5.0,5.0
47630,19.697705030441284,2397,5.0,5.0,5.0
47640,19.701932907104492,2397,5.0,5.0,5.0
47650,19.705007791519165,2397,5.0,5.0,5.0
47652,19.705588340759277,2397,9.5,5.0,5.0
47660,19.70854878425598,2397,7.695000000000001,5.0,5.0
47670,19.711508989334106,2397,5.609655000000002,5.0,5.0
47680,19.71558165550232,2397,5.0,5.0,5.0
47690,19.719207763671875,2397,5.0,5.0,5.0
47700,19.723670959472656,2397,5.0,5.0,5.0
47710,19.729500770568848,2397,5.0,5.0,5.0
47720,19.73492455482483,2397,5.0,5.0,5.0
47730,19.738905906677246,2397,5.0,5.0,5.0
47740,19.741962432861328,2397,5.0,5.0,5.0
47750,19.745007753372192,2397,5.0,5.0,5.0
47760,19.748993396759033,2397,5.0,5.0,5.0
47770,19.752822399139404,2397,5.0,5.0,5.0
47773,19.753557682037354,2397,9.5,5.0,5.0
47780,19.756831884384155,2397,6.925500000000001,5.0,5.0
47790,19.76121997833252,2397,6.925500000000001,5.0,5.0
47800,19.765287160873413,2397,5.048689500000002,5.0,5.0
47810,19.769673347473145,2397,5.0,5.0,5.0
47820,19.77414870262146,2397,5.0,5.0,5.0
47830,19.77774477005005,2397,5.0,5.0,5.0
47840,19.78204107284546,2397,5.0,5.0,5.0
47850,19.785330533981323,2397,5.0,5.0,5.0
47860,19.788623094558716,2397,5.0,5.0,5.0
47870,19.79252004623413,2397,5.0,5.0,5.0
47880,19.796444416046143,2397,5.0,5.0,5.0
47890,19.800278902053833,2397,5.0,5.0,5.0
47900,19.804651975631714,2397,5.0,5.0,5.0
47910,19.808247327804565,2397,5.0,5.0,5.0
47920,19.81134271621704,2397,5.0,5.0,5.0
47930,19.815606594085693,2397,5.0,5.0,5.0
47940,19.818998098373413,2397,5.0,5.0,5.0
47950,19.823770999908447,2397,5.0,5.0,5.0
47960,19.82827663421631,2397,5.0,5.0,5.0
47970,19.83267903327942,2397,5.0,5.0,5.0
47980,19.836053609848022,2397,5.0,5.0,5.0
47990,19.840896606445312,2397,5.0,5.0,5.0
48000,19.843863487243652,2397,5.0,5.0,5.0
48010,19.848854303359985,2397,5.0,5.0,5.0
48020,19.852680206298828,2397,5.0,5.0,5.0
48030,19.85743021965027,2397,5.0,5.0,5.0
48037,19.861015558242798,2397,9.5,5.0,5.0
48040,19.86180019378662,2397,6.925500000000001,5.0,5.0
48050,19.865726709365845,2397,5.048689500000002,5.0,5.0
48060,19.870312690734863,2397,5.0,5.0,5.0
48070,19.874691009521484,2397,5.0,5.0,5.0
48080,19.878448486328125,2397,5.0,5.0,5.0
48083,19.879244327545166,2397,9.5,5.0,5.0
48090,19.882042407989502,2397,6.2329500000000015,5.0,5.0
48100,19.8862566947937,2397,5.048689500000002,5.0,5.0
48110,19.888967990875244,2397,5.0,5.0,5.0
48120,19.89339327812195,2397,5.0,5.0,5.0
48130,19.896872520446777,2397,5.0,5.0,5.0
48140,19.901201963424683,2397,5.0,5.0,5.0
48150,19.906973123550415,2397,5.0,5.0,5.0
48160,19.91120958328247,2397,5.0,5.0,5.0
48170,19.916913986206055,2397,5.0,5.0,5.0
48180,19.920962810516357,2397,5.0,5.0,5.0
48190,19.924010753631592,2397,5.0,5.0,5.0
48200,19.927836179733276,2397,5.0,5.0,5.0
48210,19.932613849639893,2397,5.0,5.0,5.0
48220,19.937113761901855,2397,5.0,5.0,5.0
48230,19.939927101135254,2397,5.0,5.0,5.0
48237,19.942609786987305,2397,9.5,5.0,5.0
48240,19.944901943206787,2397,9.5,5.0,5.0
48250,19.949496746063232,2397,5.609655000000002,5.0,5.0
48260,19.953518867492676,2397,5.0,5.0,5.0
48263,19.954208612442017,2397,9.5,5.0,5.0
48270,19.956963777542114,2397,6.925500000000001,5.0,5.0
48280,19.959957361221313,2397,9.5,5.0,5.0
48285,19.961731910705566,2397,12.695,5.0,5.0
48290,19.963487148284912,2397,10.282950000000001,5.0,5.0
48300,19.96740961074829,2397,8.329189500000002,5.0,5.0
48310,19.970954179763794,2397,5.464781230950001,5.0,5.0
48320,19.974847078323364,2397,5.0,5.0,5.0
48330,19.978211641311646,2397,5.0,5.0,5.0
48340,19.983683824539185,2397,5.0,5.0,5.0
48350,19.989169597625732,2397,5.0,5.0,5.0
48360,19.993605852127075,2397,5.0,5.0,5.0
48368,19.99757695198059,2397,9.5,5.0,5.0
48370,19.99894618988037,2397,7.695000000000001,5.0,5.0
48374,20.001827239990234,2397,11.925500000000001,5.0,5.0
48380,20.004908084869385,2397,9.659655,5.0,5.0
48390,20.00973415374756,2397,5.703929680950001,5.0,5.0
48400,20.014655590057373,2397,5.0,5.0,5.0
48410,20.019094944000244,2397,5.0,5.0,5.0
48420,20.02514123916626,2397,5.0,5.0,5.0
48430,20.028679847717285,2397,9.5,5.0,5.0
48432,20.029279947280884,2397,12.695,5.0,5.0
48440,20.031748056411743,2397,8.329189500000002,5.0,5.0
48450,20.034677267074585,2397,5.0,5.0,5.0
48460,20.03918480873108,2397,5.0,5.0,5.0
48470,20.043617486953735,2397,5.0,5.0,5.0
48480,20.04733443260193,2397,5.0,5.0,5.0
48490,20.052004098892212,2397,5.0,5.0,5.0
48500,20.056527614593506,2397,5.0,5.0,5.0
48510,20.060059785842896,2397,5.0,5.0,5.0
48520,20.064855098724365,2397,5.0,5.0,5.0
48530,20.068986892700195,2397,5.0,5.0,5.0
48540,20.07288098335266,2397,5.0,5.0,5.0
48550,20.07679295539856,2397,5.0,5.0,5.0
48560,20.080894470214844,2397,5.0,5.0,5.0
48570,20.08446478843689,2397,5.0,5.0,5.0
48580,20.08811378479004,2397,5.0,5.0,5.0
48590,20.09211039543152,2397,5.0,5.0,5.0
48600,20.0974440574646,2397,5.0,5.0,5.0
48610,20.101202964782715,2397,5.0,5.0,5.0
48617,20.10562777519226,2397,9.5,5.0,5.0
48620,20.107094526290894,2397,8.55,5.0,5.0
48630,20.110751152038574,2397,5.609655000000002,5.0,5.0
48640,20.116042613983154,2397,5.048689500000002,5.0,5.0
48650,20.120863914489746,2397,5.0,5.0,5.0
48660,20.12436008453369,2397,5.0,5.0,5.0
48670,20.127703189849854,2397,5.0,5.0,5.0
48680,20.131372690200806,2397,5.0,5.0,5.0
48690,20.135865688323975,2397,5.0,5.0,5.0
48700,20.142343044281006,2397,5.0,5.0,5.0
48710,20.147534608840942,2397,5.0,5.0,5.0
48720,20.15229296684265,2397,5.0,5.0,5.0
48730,20.157232761383057,2397,5.0,5.0,5.0
48740,20.161572456359863,2397,5.0,5.0,5.0
48750,20.16602659225464,2397,5.0,5.0,5.0
48760,20.172466278076172,2397,5.0,5.0,5.0
48763,20.173874139785767,2397,9.5,5.0,5.0
48770,20.177091598510742,2397,7.695000000000001,5.0,5.0
48780,20.18073272705078,2397,5.0,5.0,5.0
48790,20.184746742248535,2397,9.5,5.0,5.0
48800,20.188740968704224,2397,6.2329500000000015,5.0,5.0
48810,20.19376516342163,2397,5.0,5.0,5.0
48820,20.197571516036987,2397,5.0,5.0,5.0
48830,20.201164722442627,2397,5.0,5.0,5.0
48836,20.20380687713623,2397,9.5,5.0,5.0
48840,20.205662727355957,2397,7.695000000000001,5.0,5.0
48850,20.20966649055481,2397,6.2329500000000015,5.0,5.0
48860,20.213675260543823,2397,5.0,5.0,5.0
48870,20.217219591140747,2397,5.0,5.0,5.0
48880,20.220951557159424,2397,5.0,5.0,5.0
48890,20.22629737854004,2397,5.0,5.0,5.0
48900,20.232235193252563,2397,5.0,5.0,5.0
48910,20.236079692840576,2397,5.0,5.0,5.0
48920,20.240577220916748,2397,5.0,5.0,5.0
48930,20.24451446533203,2397,5.0,5.0,5.0
48940,20.24801993370056,2397,5.0,5.0,5.0
48950,20.25249171257019,2397,5.0,5.0,5.0
48954,20.253608226776123,2397,9.5,5.0,5.0
48959,20.255436420440674,2397,13.55,5.0,5.0
48960,20.25569438934326,2397,13.55,5.0,5.0
48970,20.259203672409058,2397,7.201025550000001,5.0,5.0
48980,20.262375593185425,2397,5.0,5.0,5.0
48987,20.265293836593628,2397,9.5,5.0,5.0
48990,20.266414165496826,2397,9.5,5.0,5.0
49000,20.270272254943848,2397,6.925500000000001,5.0,5.0
49010,20.274718761444092,2397,5.048689500000002,5.0,5.0
49017,20.27753448486328,2397,9.5,5.0,5.0
49020,20.27880859375,2397,7.695000000000001,5.0,5.0
49027,20.28101897239685,2397,10.048689500000002,5.0,5.0
49030,20.282286643981934,2397,9.043820550000001,5.0,5.0
49040,20.286195039749146,2397,5.340285596569502,5.0,5.0
49050,20.290984392166138,2397,5.0,5.0,5.0
49060,20.295166969299316,2397,5.0,5.0,5.0
49070,20.299470901489258,2397,5.0,5.0,5.0
49072,20.300092697143555,2397,9.5,5.0,5.0
49080,20.3032488822937,2397,5.609655000000002,5.0,5.0
49090,20.307937383651733,2397,5.0,5.0,5.0
49100,20.31276822090149,2397,5.0,5.0,5.0
49110,20.31675386428833,2397,5.0,5.0,5.0
49120,20.320878982543945,2397,5.0,5.0,5.0
49130,20.325546264648438,2397,5.0,5.0,5.0
49140,20.330716609954834,2397,5.0,5.0,5.0
49150,20.335145950317383,2397,5.0,5.0,5.0
49160,20.33901810646057,2397,5.0,5.0,5.0
49170,20.343572854995728,2397,5.0,5.0,5.0
49180,20.347140312194824,2397,5.0,5.0,5.0
49190,20.352708101272583,2397,5.0,5.0,5.0
49200,20.35627007484436,2397,5.0,5.0,5.0
49210,20.360732078552246,2397,9.5,5.0,5.0
49220,20.365404844284058,2397,5.609655000000002,5.0,5.0
49230,20.370046377182007,2397,5.0,5.0,5.0
49240,20.374868869781494,2397,5.0,5.0,5.0
49250,20.378938674926758,2397,5.0,5.0,5.0
49260,20.38408899307251,2397,5.0,5.0,5.0
49270,20.389341115951538,2397,5.0,5.0,5.0
49280,20.39441180229187,2397,5.0,5.0,5.0
49290,20.398954391479492,2397,5.0,5.0,5.0
49300,20.40367317199707,2397,9.5,5.0,5.0
49310,20.40739679336548,2397,5.0,5.0,5.0
49320,20.411009311676025,2397,5.0,5.0,5.0
49330,20.415587186813354,2397,5.0,5.0,5.0
49340,20.41986894607544,2397,5.0,5.0,5.0
49350,20.42339825630188,2397,5.0,5.0,5.0
49360,20.426953315734863,2397,5.0,5.0,5.0
49370,20.432007312774658,2397,5.0,5.0,5.0
49380,20.43711495399475,2397,5.0,5.0,5.0
49383,20.438350677490234,2397,9.5,5.0,5.0
49390,20.44002079963684,2397,8.55,5.0,5.0
49400,20.444023847579956,2397,6.925500000000001,5.0,5.0
49404,20.44518256187439,2397,9.543820550000003,5.0,5.0
49410,20.448280572891235,2397,6.957445180950002,5.0,5.0
49420,20.452436685562134,2397,6.261700662855002,5.0,5.0
49430,20.45803189277649,2397,5.635530596569502,5.0,5.0
49440,20.46142601966858,2397,5.0,5.0,5.0
49450,20.465953588485718,2397,5.0,5.0,5.0
49460,20.47012758255005,2397,5.0,5.0,5.0
49470,20.473735094070435,2397,5.0,5.0,5.0
49480,20.47866988182068,2397,5.0,5.0,5.0
49483,20.48008918762207,2397,9.5,5.0,5.0
49490,20.483566284179688,2397,7.695000000000001,5.0,5.0
49500,20.487508535385132,2397,5.0,5.0,5.0
49510,20.4924955368042,2397,5.0,5.0,5.0
49520,20.49663734436035,2397,5.0,5.0,5.0
49528,20.499197244644165,2397,9.5,5.0,5.0
49530,20.499744415283203,2397,8.55,5.0,5.0
49540,20.50367307662964,2397,6.2329500000000015,5.0,5.0
49550,20.507940769195557,2397,5.048689500000002,5.0,5.0
49560,20.512312173843384,2397,5.0,5.0,5.0
49570,20.5158531665802,2397,5.0,5.0,5.0
49580,20.520880699157715,2397,5.0,5.0,5.0
49590,20.524393320083618,2397,5.0,5.0,5.0
49600,20.52852773666382,2397,5.0,5.0,5.0
49610,20.53257155418396,2397,5.0,5.0,5.0
49620,20.53662610054016,2397,5.0,5.0,5.0
49630,20.539716482162476,2397,5.0,5.0,5.0
49640,20.543442010879517,2397,5.0,5.0,5.0
49650,20.548156261444092,2397,5.0,5.0,5.0
49660,20.552950620651245,2397,5.0,5.0,5.0
49670,20.556991815567017,2397,5.0,5.0,5.0
49680,20.560502290725708,2397,5.0,5.0,5.0
49690,20.564497470855713,2397,5.0,5.0,5.0
49700,20.569095611572266,2397,5.0,5.0,5.0
49710,20.573647499084473,2397,5.0,5.0,5.0
49720,20.57814383506775,2397,5.0,5.0,5.0
49730,20.581113815307617,2397,5.0,5.0,5.0
49740,20.585068225860596,2397,5.0,5.0,5.0
49750,20.59002423286438,2397,5.0,5.0,5.0
49760,20.595056295394897,2397,5.0,5.0,5.0
49770,20.598480939865112,2397,5.0,5.0,5.0
49780,20.60306477546692,2397,5.0,5.0,5.0
49790,20.606520891189575,2397,5.0,5.0,5.0
49796,20.610122680664062,2397,9.5,5.0,5.0
49800,20.611170291900635,2397,7.695000000000001,5.0,5.0
49810,20.61744976043701,2397,6.2329500000000015,5.0,5.0
49820,20.622087240219116,2397,5.048689500000002,5.0,5.0
49830,20.62677311897278,2397,5.0,5.0,5.0
49839,20.6297709941864,2397,9.5,5.0,5.0
49840,20.630053520202637,2397,8.55,5.0,5.0
49850,20.633976221084595,2397,6.925500000000001,5.0,5.0
49860,20.63807725906372,2397,5.0,5.0,5.0
49870,20.641672372817993,2397,5.0,5.0,5.0
49880,20.645334005355835,2397,5.0,5.0,5.0
49884,20.64692258834839,2397,9.5,5.0,5.0
49890,20.648399353027344,2397,5.609655000000002,5.0,5.0
49900,20.653972864151,2397,5.0,5.0,5.0
49910,20.65792679786682,2397,5.0,5.0,5.0
49920,20.662458658218384,2397,5.0,5.0,5.0
49930,20.666752576828003,2397,5.0,5.0,5.0
49936,20.66828680038452,2397,9.5,5.0,5.0
49940,20.669346809387207,2397,7.695000000000001,5.0,5.0
49950,20.67313861846924,2397,5.0,5.0,5.0
49960,20.67755365371704,2397,5.0,5.0,5.0
49970,20.683183431625366,2397,5.0,5.0,5.0
49980,20.68767809867859,2397,5.0,5.0,5.0
49990,20.693333387374878,2397,5.0,5.0,5.0
50000,20.698002099990845,2397,5.0,5.0,5.0
