14366
1 40 25 423
1 42 13 957
1 49 21 845
1 60 15 356
1 119 11 83
1 141 1 326
1 187 27 522
1 192 19 531
1 204 31 79
1 213 43 484
1 217 53 1410
1 261 55 20
1 265 3 1285
1 292 7 107
1 306 49 1467
2 4 47 619
2 33 51 1126
2 34 43 356
2 35 25 653
2 45 40 542
2 144 55 506
2 149 37 900
2 151 13 111
2 159 32 711
2 185 1 1021
2 193 19 746
2 213 3 484
2 332 7 22
2 375 16 193
2 386 28 489
3 23 11 436
3 30 58 683
3 76 4 294
3 109 43 60
3 150 47 1049
3 189 37 1047
3 232 53 192
3 249 21 1265
3 256 35 1291
3 299 25 1092
3 300 49 403
3 315 28 1393
3 326 13 972
3 328 1 1034
3 349 17 1017
4 24 57 123
4 31 50 150
4 32 15 1099
4 83 19 122
4 202 25 1163
4 205 43 1357
4 218 7 960
4 265 22 655
4 266 3 485
4 269 35 1024
4 287 5 1084
4 288 41 1404
4 305 32 1034
4 319 37 527
4 320 9 821
5 21 23 1026
5 105 1 116
5 127 4 519
5 147 19 1031
5 176 7 903
5 190 34 958
5 211 31 396
5 221 39 1065
5 229 27 1121
5 245 13 823
5 320 49 595
5 329 55 57
5 332 43 22
5 353 37 1375
5 355 11 196
6 66 43 700
6 91 23 1295
6 115 10 1235
6 194 37 573
6 196 17 1267
6 202 2 1163
6 214 55 1027
6 265 19 1285
6 270 7 425
6 315 47 1393
6 338 25 115
6 356 14 299
6 369 41 816
6 398 33 914
7 4 47 333
7 23 11 986
7 35 19 1226
7 50 1 350
7 83 43 427
7 127 55 519
7 156 37 927
7 190 34 36
7 193 4 746
7 205 27 1266
7 239 17 1124
7 252 52 1309
7 311 15 1415
7 334 13 871
7 358 8 810
8 64 7 1299
8 90 14 682
8 93 56 826
8 102 31 26
8 216 33 1451
8 227 43 210
8 241 49 1030
8 245 25 578
8 256 17 1281
8 265 40 655
8 266 53 738
8 274 20 1270
8 298 47 139
8 388 4 969
9 55 2 1494
9 81 11 485
9 93 7 146
9 98 46 107
9 118 22 1228
9 127 49 1399
9 128 26 263
9 193 19 387
9 212 33 985
9 306 55 1404
9 313 31 169
9 334 41 842
9 335 43 776
9 381 53 245
9 385 37 614
10 48 13 252
10 107 55 510
10 145 57 810
10 155 1 75
10 175 16 476
10 190 31 1403
10 208 22 1347
10 296 4 1102
10 304 37 611
10 322 34 987
10 338 7 370
10 355 43 1046
10 358 45 718
10 367 49 394
11 41 21 999
11 109 55 248
11 110 16 891
11 121 38 367
11 152 25 679
11 170 13 899
11 177 10 1292
11 228 43 737
11 249 31 486
11 251 7 1158
11 258 1 1184
11 263 52 786
11 277 46 52
11 317 5 150
11 353 19 802
12 1 26 533
12 28 4 809
12 50 13 467
12 121 31 1022
12 177 19 143
12 190 58 921
12 202 1 1007
12 228 55 1381
12 236 52 1423
12 245 7 360
12 249 43 1082
12 261 17 889
12 289 37 780
12 342 22 1283
13 27 13 1025
13 76 1 294
13 84 16 48
13 101 35 968
13 121 19 1022
13 138 51 697
13 145 7 1023
13 154 31 186
13 186 11 542
13 202 37 1163
13 222 26 981
13 326 57 972
13 344 43 995
13 355 55 1046
14 6 19 1115
14 31 7 198
14 44 25 1231
14 46 3 151
14 49 40 404
14 58 29 973
14 69 53 662
14 166 1 682
14 167 13 658
14 186 11 783
14 216 57 1473
14 278 23 112
14 320 31 580
14 376 43 388
15 44 55 1231
15 53 43 379
15 76 46 294
15 114 16 392
15 116 10 699
15 178 22 754
15 179 39 935
15 184 52 334
15 206 59 963
15 263 13 546
15 283 20 526
15 314 7 1400
15 319 1 874
15 374 25 743
15 376 31 1154
16 4 53 553
16 33 55 951
16 37 29 797
16 47 41 24
16 52 9 82
16 57 19 250
16 130 46 393
16 216 1 337
16 225 13 629
16 230 43 948
16 267 11 476
16 336 31 943
16 341 25 1381
16 398 39 914
17 51 26 50
17 59 49 781
17 69 1 1120
17 88 9 1229
17 99 11 383
17 119 23 1298
17 162 7 868
17 165 13 137
17 212 37 579
17 235 21 457
17 347 3 400
17 363 53 422
17 369 5 816
17 372 45 334
17 383 31 1112
18 34 5 1270
18 57 50 261
18 64 31 221
18 92 10 836
18 98 43 107
18 106 20 156
18 125 1 296
18 201 13 791
18 236 37 1423
18 265 16 655
18 282 35 1486
18 285 7 831
18 306 26 304
18 330 55 111
18 394 39 228
19 33 25 1126
19 73 43 91
19 105 52 116
19 111 59 1417
19 112 34 1108
19 129 9 320
19 202 37 1007
19 239 7 1048
19 282 4 309
19 286 55 311
19 312 1 475
19 317 17 383
19 342 31 978
19 365 49 1279
19 382 13 1362
20 3 26 1263
20 11 49 1045
20 69 41 662
20 116 37 502
20 143 55 119
20 153 7 1011
20 173 53 832
20 197 45 1200
20 228 10 720
20 229 13 487
20 292 31 710
20 329 1 57
20 355 21 1046
20 398 5 914
21 22 49 1439
21 53 23 379
21 146 7 1326
21 150 53 765
21 186 27 1127
21 195 34 820
21 237 40 634
21 244 5 1317
21 295 19 838
21 314 46 637
21 320 55 891
21 333 1 1436
21 349 29 1366
21 378 25 200
21 381 11 551
22 54 56 1339
22 64 21 1299
22 148 50 1434
22 150 29 689
22 166 53 1325
22 182 43 173
22 185 31 1337
22 244 9 595
22 262 25 1471
22 298 19 455
22 316 1 651
22 353 33 802
22 369 7 816
22 375 13 193
22 378 11 95
23 2 10 411
23 36 5 1399
23 59 43 182
23 70 55 1348
23 83 7 122
23 87 17 1219
23 124 25 1398
23 159 1 788
23 201 22 791
23 233 47 622
23 244 19 1317
23 266 34 485
23 289 38 357
23 341 49 233
23 388 31 1041
24 23 57 1256
24 47 29 826
24 113 1 180
24 199 37 348
24 233 23 338
24 237 16 1356
24 245 31 397
24 252 49 134
24 260 25 117
24 263 19 805
24 282 5 1486
24 294 14 951
24 308 52 710
24 317 43 1104
24 354 7 219
25 5 43 873
25 92 2 1323
25 130 25 989
25 132 38 224
25 185 31 585
25 194 47 689
25 199 16 923
25 203 20 469
25 307 28 1479
25 326 50 328
25 386 55 489
25 394 33 553
25 395 7 1016
26 10 7 521
26 65 19 747
26 76 57 1369
26 102 17 1172
26 163 37 161
26 226 31 937
26 273 21 694
26 278 27 1131
26 331 5 993
26 342 40 171
26 348 1 188
26 351 13 1258
26 383 43 1458
26 395 50 1016
27 20 37 912
27 26 4 1175
27 30 1 477
27 56 40 647
27 141 52 326
27 227 25 1320
27 230 19 964
27 245 44 578
27 307 8 483
27 317 11 756
27 323 57 459
27 360 34 1189
27 373 16 1119
27 385 49 10
27 389 13 1330
28 53 1 379
28 89 3 1095
28 122 13 381
28 134 17 533
28 135 28 1079
28 171 34 1352
28 199 31 348
28 204 15 79
28 239 41 1124
28 251 10 736
28 269 5 1024
28 333 44 1436
28 379 7 60
28 380 49 212
28 390 19 987
29 49 10 261
29 58 47 51
29 81 35 179
29 98 16 664
29 114 25 1390
29 120 19 1183
29 155 29 995
29 191 49 179
29 251 55 1265
29 285 58 831
29 286 43 497
29 297 37 70
29 310 7 1277
29 312 22 680
29 314 13 774
30 10 7 730
30 18 28 942
30 86 41 1000
30 96 37 288
30 137 13 1313
30 211 25 555
30 232 16 718
30 244 47 1317
30 285 4 831
30 298 11 139
30 304 49 517
30 324 19 1086
30 339 2 1052
30 353 23 802
30 399 43 851
31 25 4 1490
31 26 26 1062
31 49 37 261
31 69 13 1120
31 85 31 970
31 119 7 1352
31 163 43 610
31 203 19 1017
31 258 52 1184
31 261 11 1390
31 296 1 48
31 331 29 1232
31 335 58 1047
31 342 40 1051
31 362 55 394
32 78 41 295
32 109 55 343
32 135 22 1079
32 136 43 523
32 147 50 55
32 165 7 1192
32 169 47 738
32 191 1 1300
32 210 59 240
32 213 19 111
32 248 25 799
32 259 11 879
32 262 14 515
32 295 28 515
32 338 37 78
33 13 13 1154
33 21 32 1026
33 36 35 640
33 74 55 252
33 112 22 762
33 117 44 657
33 158 52 320
33 202 19 1007
33 208 7 1347
33 214 37 1027
33 259 5 645
33 315 17 1393
33 333 1 1357
33 396 27 181
34 28 31 1088
34 91 15 1316
34 98 25 354
34 129 13 166
34 141 59 1048
34 181 57 35
34 281 28 610
34 294 35 668
34 300 5 1449
34 306 21 1439
34 319 39 136
34 325 7 1383
34 351 49 1388
34 358 45 810
34 392 37 271
35 84 1 1082
35 85 14 970
35 123 37 500
35 148 4 778
35 152 43 999
35 157 31 592
35 172 19 524
35 196 49 1267
35 218 11 94
35 226 26 1018
35 290 55 278
35 355 9 1046
35 391 23 1397
35 399 51 851
36 12 15 40
36 44 38 377
36 133 28 300
36 139 25 1199
36 218 59 960
36 241 49 1497
36 253 35 612
36 281 55 190
36 283 13 130
36 292 1 1110
36 294 19 951
36 299 21 1092
36 304 46 222
36 316 7 624
36 365 43 243
37 15 31 344
37 19 27 191
37 48 37 1021
37 76 10 294
37 84 57 48
37 128 46 263
37 165 49 1192
37 211 40 1189
37 221 43 904
37 242 13 936
37 264 55 262
37 294 19 668
37 304 22 222
37 313 35 169
37 340 3 1176
38 44 7 377
38 84 25 1406
38 104 13 517
38 158 1 325
38 184 55 328
38 188 16 1340
38 199 43 923
38 218 29 904
38 283 51 130
38 296 46 839
38 325 38 556
38 351 20 708
38 363 5 93
38 399 31 556
39 1 22 533
39 3 55 1394
39 9 19 1185
39 39 27 456
39 41 35 138
39 59 44 1006
39 61 11 1163
39 103 40 1130
39 110 4 577
39 266 49 638
39 270 1 425
39 289 13 488
39 340 9 1176
39 347 7 400
39 374 31 743
40 2 16 411
40 29 31 19
40 53 39 379
40 60 13 1270
40 62 55 1486
40 71 28 1448
40 128 52 263
40 203 7 1008
40 248 49 799
40 294 21 951
40 295 25 291
40 302 43 422
40 337 3 584
41 15 37 344
41 25 7 10
41 107 19 738
41 122 29 381
41 144 31 409
41 181 16 35
41 187 57 770
41 251 1 736
41 305 22 36
41 319 45 874
41 321 25 1349
41 361 49 561
41 363 41 422
41 368 13 1076
42 10 55 834
42 40 3 123
42 46 7 151
42 77 34 1215
42 137 31 29
42 138 37 652
42 216 13 962
42 217 17 1417
42 274 20 249
42 301 59 849
42 307 52 483
42 337 27 584
42 349 49 584
42 380 43 1403
43 18 19 942
43 36 23 1013
43 52 44 82
43 64 49 762
43 86 59 1241
43 141 35 770
43 155 3 75
43 171 46 863
43 233 5 434
43 264 53 262
43 302 37 422
43 328 28 763
43 351 31 1388
43 370 13 1081
43 393 7 1398
44 10 37 1138
44 25 1 1413
44 42 57 813
44 62 43 145
44 84 4 374
44 110 25 891
44 121 31 554
44 187 13 608
44 239 23 213
44 257 27 248
44 280 9 103
44 283 21 130
44 344 49 1359
45 22 25 1080
45 38 37 760
45 89 1 1095
45 123 50 619
45 154 31 1205
45 156 57 927
45 163 40 1368
45 199 22 923
45 216 10 1473
45 228 19 1027
45 247 44 664
45 277 15 52
45 318 3 1158
45 355 35 1046
46 8 11 164
46 30 49 683
46 63 7 535
46 71 58 513
46 76 16 1369
46 122 21 381
46 140 29 1265
46 175 31 1427
46 206 13 925
46 221 46 536
46 229 39 1121
46 290 25 1412
46 302 1 1070
46 386 43 489
47 15 55 772
47 39 28 614
47 42 40 813
47 44 15 1231
47 72 1 368
47 159 32 788
47 187 7 770
47 194 5 689
47 196 26 91
47 257 37 867
47 320 49 821
47 328 22 1034
47 331 13 194
47 348 46 188
48 8 13 855
48 35 7 375
48 68 10 345
48 79 17 1192
48 189 28 755
48 212 25 579
48 236 53 296
48 297 49 69
48 322 43 1465
48 323 38 227
48 331 1 993
48 341 31 346
48 381 5 551
48 384 58 795
48 394 20 553
49 10 25 730
49 19 19 191
49 22 49 97
49 36 29 938
49 119 11 1310
49 147 43 55
49 152 31 889
49 163 22 1368
49 215 37 157
49 295 1 838
49 345 4 1111
49 367 55 947
49 395 7 61
49 399 13 1374
50 36 11 664
50 41 50 999
50 74 3 40
50 78 28 295
50 99 1 185
50 112 16 386
50 154 46 186
50 157 38 938
50 158 31 20
50 185 53 585
50 199 34 923
50 220 43 439
50 266 9 1209
50 337 19 893
50 351 56 1258
51 21 45 1026
51 35 25 1226
51 39 58 329
51 49 37 404
51 99 13 383
51 154 16 1205
51 183 55 850
51 193 1 53
51 241 19 1319
51 305 40 314
51 354 31 1000
51 379 51 191
51 384 7 1353
51 388 10 969
52 12 56 384
52 26 52 1062
52 40 25 238
52 85 19 1051
52 122 11 1234
52 123 37 226
52 127 2 1399
52 170 41 989
52 176 7 96
52 178 5 780
52 179 43 426
52 250 27 170
52 270 14 832
52 359 34 1262
53 27 22 1025
53 31 55 354
53 85 50 383
53 107 59 980
53 167 7 93
53 168 40 1005
53 181 3 936
53 209 13 528
53 211 19 1026
53 302 32 422
53 313 37 805
53 336 45 967
53 354 25 1275
53 364 43 108
54 16 43 572
54 38 28 1209
54 233 47 434
54 256 31 206
54 279 39 674
54 303 10 895
54 312 4 475
54 320 33 406
54 322 1 1352
54 329 49 434
54 353 15 1375
54 360 19 1189
54 373 22 860
54 395 56 635
54 400 7 1467
55 40 43 423
55 64 33 619
55 66 19 1039
55 71 4 289
55 76 28 294
55 102 59 1172
55 108 23 78
55 122 31 1234
55 131 17 66
55 136 13 437
55 208 55 1347
55 299 10 1092
55 313 25 805
55 394 49 228
56 32 55 588
56 94 38 857
56 187 7 1319
56 227 49 430
56 228 22 720
56 256 11 122
56 280 35 103
56 291 43 600
56 306 13 1404
56 355 46 1046
56 391 3 1275
56 392 5 271
56 398 59 914
57 4 22 333
57 24 7 959
57 52 5 711
57 60 46 659
57 82 3 1221
57 107 13 1053
57 153 16 1430
57 160 27 1117
57 171 58 863
57 185 53 1021
57 197 31 424
57 214 37 1172
57 296 19 1102
57 301 1 556
57 376 49 934
58 8 1 542
58 39 52 329
58 77 49 1207
58 100 7 757
58 103 43 1164
58 163 16 161
58 168 13 1212
58 224 5 492
58 255 40 1277
58 276 3 1337
58 278 25 112
58 289 19 780
58 317 35 150
58 336 10 967
58 396 46 535
59 15 25 585
59 23 59 986
59 55 7 622
59 63 15 142
59 82 13 241
59 140 53 542
59 143 19 867
59 158 31 218
59 175 43 1427
59 196 39 1267
59 235 11 864
59 305 22 314
59 306 1 587
60 2 19 411
60 52 41 1471
60 117 22 657
60 192 35 730
60 229 13 1056
60 232 7 718
60 245 49 397
60 246 31 279
60 248 10 799
60 283 28 130
60 313 17 169
60 317 53 1104
60 345 25 448
60 356 47 1319
60 359 37 962
61 51 43 172
61 56 7 124
61 58 59 280
61 90 10 536
61 100 52 814
61 104 31 1123
61 121 25 554
61 143 34 749
61 172 37 461
61 173 23 221
61 220 16 223
61 244 3 595
61 246 19 279
61 282 29 1256
61 327 55 645
62 23 29 986
62 28 19 10
62 40 13 123
62 65 1 525
62 80 7 796
62 110 17 594
62 157 38 444
62 181 5 35
62 204 45 79
62 259 15 171
62 278 31 1131
62 284 49 149
62 289 25 357
62 373 10 1481
63 30 1 683
63 83 16 1454
63 108 25 383
63 124 31 8
63 128 4 131
63 145 8 564
63 158 13 1238
63 180 47 1440
63 187 19 1151
63 229 27 604
63 286 38 497
63 325 43 278
63 349 23 1022
63 365 55 1279
64 19 29 191
64 36 23 773
64 40 7 423
64 46 19 1075
64 69 50 1120
64 82 33 280
64 99 5 16
64 186 41 1127
64 193 10 746
64 239 55 1048
64 247 25 1329
64 286 43 815
64 374 1 837
64 377 13 1318
65 42 31 813
65 64 19 410
65 122 39 1234
65 132 43 224
65 143 49 749
65 171 55 1352
65 228 52 720
65 264 34 262
65 275 13 787
65 281 26 190
65 351 1 1258
65 353 10 802
65 391 7 1397
66 23 11 727
66 89 5 1015
66 100 58 823
66 120 16 1131
66 164 29 600
66 179 37 1124
66 218 35 960
66 277 55 1479
66 313 2 820
66 316 31 595
66 327 7 645
66 359 19 358
66 371 50 164
66 378 27 200
67 14 7 1038
67 39 31 614
67 100 1 871
67 103 50 1164
67 134 45 533
67 136 37 1122
67 158 4 171
67 163 25 1368
67 307 16 483
67 311 59 966
67 326 55 1303
67 330 47 959
67 363 23 422
67 364 19 331
67 368 28 979
68 23 35 226
68 59 37 182
68 123 19 500
68 135 51 236
68 141 59 326
68 171 16 863
68 250 47 170
68 314 10 637
68 328 4 109
68 337 29 893
68 339 23 1052
68 360 13 1376
68 367 31 383
68 380 55 1403
68 394 25 704
69 39 14 259
69 101 25 968
69 121 44 367
69 136 31 733
69 155 9 995
69 161 19 128
69 186 7 1127
69 190 49 1246
69 192 58 875
69 201 4 583
69 228 27 720
69 247 37 200
69 257 55 1417
69 381 41 1487
69 400 21 758
70 5 37 873
70 56 1 98
70 72 25 529
70 158 43 898
70 224 29 492
70 227 8 430
70 257 50 605
70 259 4 597
70 263 22 805
70 279 13 20
70 282 47 1486
70 317 59 383
70 331 17 1232
70 344 31 403
70 346 41 1085
71 22 31 97
71 35 46 1226
71 39 7 614
71 44 49 1306
71 47 53 764
71 103 39 1164
71 136 26 1122
71 154 1 285
71 199 19 923
71 225 14 1424
71 253 23 1288
71 294 5 951
71 303 37 642
71 359 10 484
71 394 55 228
72 36 59 938
72 65 21 747
72 110 11 577
72 112 13 386
72 136 49 756
72 158 16 1406
72 187 55 522
72 226 1 937
72 237 53 634
72 239 26 1478
72 253 23 612
72 255 37 307
72 306 31 1001
72 349 29 1017
72 392 35 271
73 22 13 97
73 70 49 1348
73 86 35 1000
73 95 29 488
73 131 47 66
73 138 25 697
73 170 55 1337
73 190 7 921
73 206 22 925
73 230 4 964
73 284 37 179
73 305 19 1034
73 308 1 710
73 335 31 776
74 29 15 19
74 30 43 1327
74 45 34 220
74 110 19 577
74 149 22 537
74 174 4 77
74 186 13 783
74 231 28 865
74 233 7 467
74 242 31 722
74 244 59 1317
74 250 57 170
74 339 1 636
74 374 49 837
74 377 40 946
75 15 7 772
75 24 43 123
75 39 13 614
75 63 1 729
75 103 22 1164
75 108 29 307
75 118 49 108
75 212 56 325
75 213 25 838
75 214 38 700
75 233 53 1099
75 267 5 1122
75 278 35 112
75 304 31 611
76 51 13 172
76 56 4 1314
76 58 47 119
76 59 43 1039
76 69 11 662
76 84 58 689
76 90 40 682
76 169 55 1316
76 197 25 1430
76 263 31 786
76 274 50 241
76 339 9 1052
76 357 19 932
77 34 52 1465
77 47 41 764
77 52 25 82
77 85 27 970
77 94 37 208
77 99 11 973
77 109 13 60
77 114 34 392
77 163 55 1368
77 187 7 1472
77 190 49 985
77 254 43 1251
77 310 4 342
77 365 58 1313
78 38 13 753
78 68 31 345
78 87 5 62
78 185 41 93
78 214 43 1172
78 230 16 964
78 246 55 238
78 275 37 477
78 279 51 674
78 319 1 136
78 328 9 1034
78 352 25 343
78 358 29 810
78 366 35 1048
78 375 22 193
79 3 37 1394
79 25 13 10
79 27 4 1025
79 30 28 1327
79 36 47 938
79 41 9 999
79 82 31 280
79 105 20 116
79 143 52 1406
79 230 33 343
79 251 25 736
79 322 1 749
79 336 57 352
79 373 44 1481
79 377 16 1318
80 6 31 405
80 51 49 50
80 58 53 1436
80 123 7 619
80 127 28 519
80 150 47 142
80 203 43 1017
80 205 4 47
80 240 17 1059
80 241 20 1030
80 246 37 279
80 298 1 455
80 315 11 1393
80 361 55 240
80 366 25 259
81 60 28 356
81 91 5 1295
81 143 25 660
81 154 7 1205
81 161 32 128
81 172 13 461
81 236 45 1423
81 240 17 1253
81 257 34 867
81 261 3 668
81 262 19 120
81 310 10 1277
82 118 39 1228
82 120 7 311
82 141 25 326
82 158 43 20
82 160 13 261
82 166 47 1325
82 201 1 1457
82 205 31 1266
82 208 19 46
82 239 17 277
82 260 52 117
82 285 34 831
82 308 28 710
82 313 37 169
82 338 55 1187
83 17 53 1349
83 28 1 1088
83 42 14 813
83 64 25 1452
83 80 23 55
83 116 32 502
83 150 59 1095
83 157 49 145
83 216 4 1137
83 240 37 1059
83 264 47 262
83 310 7 342
83 322 19 1465
83 379 55 280
84 142 45 638
84 146 13 495
84 227 3 430
84 231 22 865
84 245 7 397
84 274 33 241
84 308 40 221
84 313 43 805
84 336 19 943
84 344 25 403
84 369 1 816
84 399 50 896
85 4 31 182
85 27 34 62
85 32 19 588
85 35 55 1226
85 36 37 552
85 45 43 394
85 91 13 1295
85 93 1 421
85 102 11 1172
85 134 5 641
85 165 50 478
85 195 16 435
85 220 58 1013
85 333 7 1460
85 389 40 277
86 39 22 1183
86 56 55 647
86 103 28 1130
86 124 37 1289
86 136 45 437
86 148 16 1434
86 162 43 868
86 176 32 796
86 216 8 1250
86 246 49 1191
86 255 13 822
86 280 41 103
86 317 53 51
86 347 19 400
86 399 2 851
87 17 11 1096
87 51 7 765
87 70 13 1348
87 95 47 1238
87 149 28 900
87 162 51 868
87 193 31 1353
87 248 55 799
87 265 37 213
87 272 22 324
87 300 5 527
87 309 43 636
87 320 1 1260
87 358 20 810
87 398 49 914
88 32 8 588
88 50 13 347
88 75 55 35
88 122 29 1234
88 136 20 437
88 213 59 1189
88 218 53 904
88 224 35 622
88 256 44 206
88 261 5 1051
88 262 31 1471
88 264 1 1067
88 307 40 1479
88 315 49 1393
88 391 37 1397
89 30 52 1327
89 43 49 866
89 84 45 1139
89 119 29 1262
89 121 15 953
89 130 37 326
89 138 55 1114
89 151 19 1383
89 161 9 128
89 168 40 409
89 220 25 427
89 237 3 1310
89 241 31 855
89 310 22 342
89 378 13 200
90 64 50 169
90 115 26 1235
90 139 58 244
90 150 13 142
90 151 40 280
90 177 22 1292
90 203 8 148
90 206 29 925
90 211 43 1189
90 215 1 1336
90 279 5 20
90 298 17 1023
90 304 19 611
90 374 31 837
90 396 37 181
91 3 55 1411
91 10 25 834
91 22 1 760
91 69 59 295
91 94 49 857
91 99 43 973
91 122 53 381
91 144 19 551
91 184 37 1108
91 220 46 970
91 265 31 1285
91 288 41 1275
91 309 7 636
91 315 23 156
92 13 19 822
92 45 39 594
92 57 43 1047
92 141 25 720
92 150 53 873
92 169 17 8
92 186 3 542
92 203 55 469
92 204 1 779
92 295 28 291
92 341 49 1381
92 367 7 531
92 374 13 593
92 386 34 489
92 391 47 1397
93 18 44 1241
93 60 40 845
93 97 2 199
93 126 49 622
93 140 29 717
93 163 7 1368
93 221 55 1065
93 231 37 292
93 249 19 1118
93 254 25 940
93 284 31 1055
93 306 14 1439
93 353 35 1375
94 79 29 2
94 96 55 288
94 100 46 814
94 110 23 577
94 143 19 660
94 186 1 1127
94 199 4 1271
94 204 53 79
94 314 8 774
94 323 49 1298
94 330 27 111
94 333 37 1436
94 342 33 832
94 395 13 1016
95 25 49 320
95 40 35 423
95 44 37 885
95 53 46 379
95 55 14 622
95 84 25 1139
95 177 19 1292
95 210 41 240
95 217 59 1330
95 235 9 457
95 246 55 476
95 251 28 736
95 254 31 1251
95 365 1 243
96 3 19 1065
96 10 37 834
96 26 25 1175
96 43 55 1494
96 92 28 1323
96 95 11 749
96 127 58 1399
96 136 13 1122
96 187 49 608
96 201 34 583
96 286 7 973
96 293 43 37
96 301 3 556
96 307 31 1005
97 6 13 1446
97 67 52 56
97 106 34 156
97 126 37 809
97 134 49 641
97 165 19 1192
97 167 43 658
97 188 28 1340
97 233 11 1023
97 249 55 1118
97 256 4 863
97 272 31 192
97 300 41 403
97 394 7 783
98 23 7 1256
98 68 28 345
98 69 37 1120
98 70 39 1348
98 76 33 1369
98 78 31 530
98 147 14 1031
98 149 43 537
98 233 9 467
98 238 46 216
98 303 23 642
98 316 49 1135
98 330 25 634
98 338 1 115
98 395 19 61
99 20 22 378
99 41 13 999
99 88 19 1229
99 104 4 376
99 113 37 1005
99 142 55 591
99 149 46 537
99 202 31 1163
99 219 7 1035
99 279 15 20
99 334 40 396
99 372 34 334
99 384 1 208
99 394 50 783
99 400 28 1467
100 12 31 1056
100 33 43 1126
100 51 19 172
100 64 55 1299
100 76 13 294
100 80 41 1016
100 88 23 822
100 92 10 100
100 142 25 1225
100 166 51 1325
100 180 7 119
100 228 1 580
100 281 4 610
100 297 37 201
100 310 16 884
101 20 49 912
101 69 53 1120
101 81 59 1130
101 91 17 1316
101 176 13 796
101 179 43 1124
101 186 11 1127
101 190 28 985
101 264 57 262
101 282 47 309
101 306 37 304
101 309 7 352
101 337 23 584
101 364 4 329
102 4 23 182
102 18 13 942
102 29 7 1195
102 46 2 994
102 48 49 604
102 84 27 898
102 107 39 510
102 136 55 1122
102 195 44 770
102 205 16 1257
102 278 41 599
102 286 33 815
102 303 21 642
102 334 25 120
102 385 53 1183
103 29 45 1104
103 47 11 1212
103 50 31 347
103 55 50 592
103 123 55 511
103 140 37 485
103 173 35 851
103 176 19 796
103 236 39 1423
103 261 5 406
103 316 25 624
103 318 1 917
103 330 29 338
103 391 15 1397
103 400 7 918
104 4 59 1065
104 31 37 198
104 91 29 1295
104 104 34 376
104 118 13 108
104 138 20 652
104 141 46 326
104 175 31 476
104 208 49 1347
104 215 25 157
104 216 4 963
104 228 16 720
104 283 41 526
104 302 8 954
104 325 55 247
105 2 46 411
105 9 16 1185
105 37 35 797
105 41 33 138
105 79 9 1403
105 95 37 1238
105 128 1 131
105 155 7 75
105 185 5 903
105 225 55 448
105 309 26 481
105 329 19 434
105 358 39 810
105 390 49 623
106 2 31 411
106 6 25 1446
106 51 21 325
106 104 1 517
106 124 43 1289
106 156 7 534
106 172 57 1290
106 210 47 240
106 212 37 714
106 230 52 964
106 252 49 545
106 313 15 805
106 349 5 1017
106 358 34 810
107 67 38 56
107 85 55 561
107 88 41 659
107 108 4 1108
107 131 19 1045
107 171 49 1352
107 179 32 935
107 199 25 348
107 204 7 779
107 227 43 86
107 242 13 722
107 266 29 344
107 279 23 674
107 347 59 475
107 377 10 946
108 7 1 169
108 30 22 683
108 60 16 845
108 62 7 1486
108 63 26 535
108 101 49 968
108 167 37 93
108 170 59 50
108 178 20 754
108 259 31 985
108 268 43 1451
108 305 51 314
108 311 5 1415
108 322 46 987
108 336 34 981
109 74 37 1344
109 164 7 278
109 180 11 119
109 193 28 387
109 202 58 1007
109 221 46 1065
109 231 13 865
109 248 43 799
109 264 41 262
109 276 5 776
109 314 19 637
109 332 49 897
109 339 32 1052
109 353 3 1375
110 32 25 83
110 38 16 1209
110 62 39 640
110 66 7 1014
110 98 13 664
110 177 45 1292
110 226 55 121
110 263 31 1262
110 298 23 139
110 328 34 15
110 341 1 1381
110 354 19 1275
110 383 49 1112
111 6 49 405
111 27 19 62
111 73 25 661
111 130 22 989
111 187 7 412
111 224 53 526
111 229 15 770
111 232 46 841
111 283 44 526
111 296 4 48
111 298 35 1023
111 355 13 425
111 364 31 108
111 375 57 34
111 387 1 1222
112 14 25 1038
112 21 5 704
112 23 53 226
112 32 57 1099
112 54 46 1339
112 63 1 535
112 100 40 663
112 188 19 1340
112 213 23 111
112 237 55 1310
112 274 9 1151
112 287 29 405
112 296 31 1102
112 340 15 1176
113 30 58 1327
113 33 1 842
113 50 7 347
113 114 51 1390
113 150 56 342
113 162 13 868
113 227 19 430
113 338 31 1187
113 342 43 832
113 361 15 564
113 376 37 488
113 385 47 291
113 388 28 1041
114 32 19 83
114 39 31 329
114 125 25 211
114 128 55 131
114 169 23 692
114 175 34 476
114 181 41 35
114 198 44 854
114 314 49 637
114 341 7 952
114 363 11 1263
114 364 5 331
114 374 13 366
114 395 37 1016
114 396 1 181
115 125 13 663
115 167 19 93
115 176 43 96
115 207 23 1004
115 234 25 1002
115 283 39 526
115 289 31 780
115 307 49 483
115 314 4 1400
115 324 7 167
115 338 55 370
115 355 52 425
115 377 1 946
116 5 49 873
116 7 13 95
116 43 25 564
116 67 28 875
116 74 31 40
116 76 7 294
116 95 11 1238
116 115 22 4
116 169 35 8
116 252 19 134
116 275 37 787
116 292 43 1302
116 338 1 78
116 373 55 860
117 14 15 1211
117 40 7 238
117 63 49 142
117 69 22 1120
117 113 28 180
117 143 25 393
117 173 32 1329
117 179 55 426
117 190 9 985
117 244 13 595
117 245 43 823
117 268 4 1451
117 284 37 149
117 304 1 267
117 315 41 210
118 73 31 88
118 92 15 1323
118 111 29 279
118 131 44 1045
118 239 35 277
118 247 55 664
118 251 10 883
118 284 19 149
118 292 1 1456
118 322 7 1465
118 334 5 317
118 369 39 816
118 380 50 1403
119 17 59 1271
119 34 23 116
119 107 57 510
119 111 5 279
119 118 25 763
119 129 43 1142
119 195 46 820
119 237 37 1310
119 256 31 1369
119 261 17 1279
119 263 10 1262
119 272 28 187
119 274 49 1291
119 356 35 605
119 378 19 200
120 13 43 268
120 80 58 556
120 92 1 100
120 112 28 386
120 130 37 661
120 235 56 864
120 271 8 506
120 302 20 1387
120 315 10 786
120 317 53 756
120 325 13 436
120 345 31 448
120 348 25 188
120 377 4 946
121 10 13 1138
121 14 7 1211
121 31 25 692
121 48 40 1256
121 114 31 392
121 173 17 851
121 192 35 531
121 218 19 960
121 238 1 634
121 257 46 835
121 308 49 710
121 366 11 1048
121 370 37 1081
121 385 23 614
121 396 43 181
122 27 43 62
122 31 31 150
122 127 22 519
122 140 35 717
122 145 56 1023
122 150 47 765
122 160 49 1197
122 163 10 161
122 183 26 1180
122 208 7 1142
122 241 38 1497
122 331 3 194
122 354 14 1000
122 363 29 1191
122 400 19 1467
123 32 44 83
123 36 9 664
123 83 52 1454
123 106 49 156
123 119 23 83
123 130 16 989
123 136 1 733
123 161 59 636
123 214 19 399
123 230 13 343
123 240 32 1253
123 351 55 991
123 379 5 561
123 394 26 783
124 21 53 432
124 46 14 184
124 47 47 1263
124 63 38 535
124 141 1 148
124 156 7 927
124 158 55 218
124 173 58 47
124 175 49 1229
124 176 25 796
124 205 43 47
124 212 22 985
124 222 19 981
124 262 31 112
124 283 3 130
125 14 37 878
125 29 7 19
125 34 47 1380
125 42 16 813
125 128 49 131
125 165 31 1192
125 171 4 1196
125 192 45 531
125 194 35 573
125 231 52 865
125 285 13 1334
125 287 1 638
125 309 25 636
125 323 20 227
125 371 55 1085
126 20 45 378
126 43 4 866
126 56 13 124
126 71 1 1351
126 94 25 1218
126 143 19 749
126 153 22 1011
126 166 17 1325
126 211 55 841
126 221 52 889
126 277 59 640
126 286 7 659
126 314 38 637
126 379 41 83
126 387 43 682
127 35 10 1226
127 71 45 631
127 76 7 1369
127 78 43 530
127 94 31 208
127 150 35 873
127 161 28 128
127 174 58 77
127 182 20 1157
127 236 14 1423
127 242 16 722
127 265 4 655
127 306 37 1404
127 359 52 484
127 362 2 394
128 14 55 1038
128 93 43 421
128 133 31 300
128 135 25 1079
128 155 35 140
128 173 5 1329
128 182 49 1157
128 234 19 1002
128 281 38 610
128 303 47 642
128 309 7 240
128 316 13 624
128 361 1 564
128 369 29 816
129 28 25 1088
129 33 49 926
129 55 3 622
129 58 1 1393
129 67 16 56
129 111 29 1281
129 126 19 809
129 165 37 137
129 169 41 692
129 186 47 259
129 211 55 500
129 273 43 1113
129 314 58 327
129 345 10 221
129 377 31 946
130 31 43 276
130 70 7 1462
130 108 59 1108
130 129 5 320
130 157 25 1096
130 176 50 317
130 179 1 935
130 250 29 170
130 255 21 307
130 286 55 815
130 296 34 839
130 335 39 805
130 386 13 1407
131 25 31 333
131 30 40 1327
131 41 19 999
131 85 43 383
131 95 15 326
131 102 11 26
131 124 7 165
131 134 55 533
131 188 58 1340
131 274 1 552
131 284 27 149
131 287 49 1316
131 363 17 314
131 364 23 108
131 387 5 600
132 1 19 72
132 11 31 197
132 43 28 564
132 47 47 1122
132 56 16 306
132 108 9 1108
132 113 13 1005
132 142 43 496
132 147 37 1031
132 149 55 1014
132 160 3 358
132 196 49 91
132 244 1 595
132 295 51 291
132 300 23 123
133 17 29 1349
133 44 25 1306
133 58 19 1481
133 60 7 356
133 100 43 814
133 108 59 78
133 193 52 387
133 210 11 788
133 232 3 455
133 287 47 405
133 306 37 1150
133 328 34 763
133 339 41 1076
133 342 49 171
134 24 55 959
134 27 15 62
134 36 1 1285
134 110 35 891
134 156 19 374
134 216 49 755
134 229 43 1121
134 234 25 1284
134 235 3 457
134 248 52 799
134 304 10 611
134 314 32 637
134 342 37 605
134 375 7 34
135 3 13 1065
135 41 29 138
135 70 31 185
135 78 1 295
135 96 37 763
135 186 53 259
135 249 3 1265
135 274 56 985
135 293 25 779
135 321 7 1349
135 329 19 57
135 341 49 952
135 351 43 991
135 366 47 1048
136 14 19 1038
136 54 16 1339
136 67 44 56
136 74 25 1344
136 87 7 1500
136 108 23 867
136 121 38 1022
136 135 55 236
136 194 4 573
136 212 1 579
136 217 49 1330
136 258 33 988
136 263 13 692
136 288 53 1086
136 389 10 277
137 52 17 82
137 177 46 143
137 181 1 936
137 188 19 321
137 205 28 47
137 234 3 1002
137 252 38 545
137 274 49 1383
137 275 55 787
137 324 13 167
137 344 33 995
137 365 25 1279
137 369 44 978
137 374 7 743
138 15 56 344
138 81 3 1086
138 192 43 531
138 199 19 348
138 223 10 1440
138 226 38 966
138 227 31 86
138 285 7 1334
138 288 53 1275
138 304 28 611
138 318 49 309
138 323 13 227
138 330 47 1340
138 337 22 893
138 355 26 1046
139 12 43 1049
139 48 55 604
139 87 35 1219
139 96 37 577
139 119 16 1310
139 181 19 35
139 221 50 536
139 243 29 1385
139 289 7 780
139 294 3 951
139 301 11 849
139 314 13 327
139 343 25 181
139 352 58 200
139 372 22 1282
140 57 13 898
140 70 19 955
140 98 1 469
140 100 25 385
140 107 59 510
140 113 56 180
140 170 5 50
140 228 39 1095
140 276 50 776
140 299 43 1092
140 308 28 221
140 353 9 1375
140 359 52 546
140 394 31 704
141 11 55 1045
141 39 49 329
141 47 1 826
141 56 19 647
141 57 25 337
141 142 7 638
141 172 43 1141
141 176 37 96
141 184 22 158
141 232 4 718
141 268 52 1427
141 309 31 963
141 383 13 1112
142 29 31 1104
142 80 23 1221
142 94 37 1206
142 122 45 381
142 148 28 778
142 155 26 140
142 183 16 1180
142 195 50 435
142 217 35 1417
142 256 11 544
142 302 1 954
142 328 7 109
142 330 5 1499
142 350 19 984
142 393 55 550
143 19 9 191
143 23 29 436
143 98 16 354
143 114 46 1390
143 116 2 699
143 131 41 1045
143 237 49 1356
143 242 37 936
143 268 25 527
143 299 58 1092
143 330 23 1499
143 335 43 1407
143 346 53 1075
143 362 11 638
143 371 32 1085
144 10 13 834
144 43 37 1442
144 44 7 1306
144 70 1 1462
144 81 31 561
144 109 55 716
144 123 43 511
144 136 19 523
144 166 33 1325
144 167 25 658
144 243 40 1073
144 244 17 1317
144 245 50 360
144 256 59 1281
144 334 23 871
145 1 7 24
145 55 55 115
145 68 43 345
145 147 25 55
145 157 49 1096
145 186 47 783
145 297 19 289
145 318 31 1393
145 337 13 584
145 342 1 249
145 344 37 1359
145 346 23 1075
145 359 10 358
145 380 15 1288
145 400 4 758
146 77 37 1215
146 79 17 1403
146 104 26 36
146 106 40 156
146 154 10 1205
146 156 43 888
146 183 13 1180
146 222 7 981
146 269 23 1024
146 289 50 488
146 330 31 634
146 332 19 897
146 340 34 1176
146 385 57 10
146 392 29 1196
147 79 13 2
147 90 20 898
147 110 2 594
147 126 49 1222
147 133 25 300
147 151 37 1273
147 213 29 1497
147 243 23 1385
147 261 57 259
147 266 45 191
147 303 11 642
147 317 17 756
147 328 4 125
147 349 41 1366
147 383 7 1112
148 40 22 238
148 82 40 1221
148 118 1 763
148 120 13 1183
148 123 31 226
148 127 16 519
148 134 11 166
148 173 19 654
148 215 7 698
148 240 5 1059
148 256 29 645
148 310 25 884
148 339 57 1052
148 342 49 1344
148 376 43 934
149 43 1 1416
149 47 5 764
149 54 10 1339
149 57 49 337
149 70 37 955
149 91 23 1316
149 97 25 199
149 180 17 367
149 185 57 1337
149 208 32 689
149 214 13 1172
149 237 41 1356
149 245 19 578
149 318 43 309
149 349 35 1366
150 15 25 772
150 17 46 1271
150 20 31 912
150 82 7 1221
150 130 9 326
150 131 5 66
150 135 38 236
150 163 52 1368
150 168 19 871
150 198 1 854
150 235 35 864
150 257 49 148
150 287 17 405
150 362 59 1169
150 388 13 969
151 11 25 218
151 18 4 337
151 33 43 1281
151 46 31 994
151 56 1 1314
151 168 50 1212
151 180 57 367
151 184 16 1108
151 200 9 1107
151 238 13 634
151 267 59 1406
151 330 41 111
151 393 37 1365
151 397 19 773
152 22 3 1256
152 26 7 1175
152 35 43 1226
152 36 59 664
152 91 35 1295
152 148 40 778
152 186 17 1127
152 201 19 791
152 211 55 781
152 225 13 287
152 268 46 527
152 288 22 546
152 330 53 1499
152 335 31 805
152 354 49 1499
153 28 51 1088
153 42 21 813
153 46 3 184
153 57 37 250
153 87 1 62
153 88 35 525
153 134 59 533
153 141 17 148
153 160 43 1493
153 175 31 1229
153 216 55 1451
153 244 23 595
153 253 47 612
153 306 7 722
153 361 25 240
154 12 33 465
154 40 9 423
154 46 25 151
154 56 1 124
154 101 57 968
154 116 49 699
154 167 13 93
154 192 4 938
154 196 31 1267
154 197 43 94
154 210 47 855
154 300 11 527
154 354 19 1487
154 385 17 1348
154 400 40 918
155 44 55 885
155 73 9 556
155 130 28 412
155 134 7 166
155 136 37 437
155 186 25 1127
155 201 19 583
155 217 3 765
155 252 43 545
155 302 31 772
155 311 13 1415
155 314 52 327
155 385 5 1348
155 387 47 600
156 5 25 592
156 21 5 432
156 36 59 1195
156 52 21 82
156 74 45 252
156 88 43 822
156 148 52 1187
156 191 1 101
156 226 55 966
156 332 37 897
156 360 7 1376
156 374 15 837
156 396 31 181
157 43 58 1494
157 59 25 781
157 75 7 334
157 88 23 837
157 145 49 951
157 161 17 95
157 169 11 8
157 185 33 1337
157 250 41 483
157 288 47 1404
157 344 19 995
157 350 37 1449
157 370 14 893
157 381 35 409
157 389 4 1330
158 27 46 62
158 46 7 1075
158 50 40 350
158 66 1 872
158 67 52 875
158 134 35 641
158 168 28 1051
158 201 43 791
158 218 17 904
158 230 49 964
158 243 19 1073
158 275 31 477
158 309 13 481
158 327 21 1418
158 374 55 361
159 20 1 768
159 26 8 1062
159 34 27 1440
159 38 4 1151
159 58 52 144
159 163 49 1368
159 216 46 1451
159 220 43 970
159 225 55 412
159 243 23 1073
159 264 59 262
159 266 17 344
159 290 31 237
159 361 19 561
159 383 37 1143
160 14 19 1211
160 56 58 124
160 90 7 144
160 102 35 1172
160 151 49 1273
160 170 23 19
160 208 52 1347
160 232 41 738
160 237 45 1310
160 300 17 527
160 336 10 943
160 338 13 78
160 364 55 331
160 373 1 1481
160 383 37 1112
161 87 13 1219
161 103 55 1130
161 116 7 699
161 117 3 349
161 180 1 555
161 202 46 1163
161 240 34 1059
161 261 59 192
161 326 19 328
161 335 52 776
161 361 37 1117
161 375 31 34
161 387 10 1222
161 396 16 948
162 27 31 1025
162 33 49 1281
162 67 34 56
162 84 25 48
162 116 55 699
162 155 59 995
162 200 39 1107
162 217 41 1410
162 221 22 536
162 260 9 117
162 262 13 1471
162 295 4 291
162 304 43 222
162 353 46 1375
162 398 17 704
163 13 55 1154
163 70 38 185
163 104 44 1123
163 144 8 1244
163 180 50 555
163 224 3 492
163 233 47 467
163 281 22 190
163 325 25 436
163 366 19 1048
163 374 31 593
163 387 15 1222
164 3 7 1263
164 40 5 238
164 86 11 772
164 111 41 279
164 118 2 1228
164 149 13 900
164 197 57 94
164 262 37 120
164 265 28 213
164 312 46 680
164 314 16 327
164 318 49 1158
164 324 31 1274
164 332 19 315
164 400 25 918
165 10 49 1138
165 19 29 299
165 21 11 932
165 36 19 640
165 58 47 1195
165 92 22 836
165 93 7 338
165 121 25 953
165 147 13 323
165 152 2 1068
165 181 37 35
165 210 17 437
165 214 43 1027
165 312 40 475
165 340 33 1132
166 86 29 1000
166 94 21 1206
166 168 37 409
166 181 13 35
166 193 31 387
166 200 5 1107
166 230 9 1029
166 235 7 864
166 317 59 1104
166 355 15 1046
166 356 41 577
166 387 47 554
166 395 25 635
166 399 1 1287
167 40 16 238
167 55 49 172
167 62 31 1486
167 64 37 1013
167 92 22 1323
167 116 19 699
167 161 26 128
167 192 9 938
167 221 13 1159
167 228 1 720
167 232 43 1285
167 233 28 467
167 237 35 1356
167 249 55 758
167 357 4 237
168 84 15 716
168 94 31 857
168 111 29 94
168 121 37 554
168 215 25 698
168 234 7 1002
168 235 3 864
168 237 13 1310
168 242 22 722
168 278 11 599
168 302 49 1070
168 304 46 611
168 340 59 1176
168 387 5 554
169 1 52 24
169 20 34 378
169 43 22 866
169 68 19 975
169 71 13 1351
169 88 16 659
169 100 49 757
169 152 37 679
169 179 7 426
169 240 25 1059
169 298 11 546
169 299 28 1092
169 302 44 1070
169 355 2 931
170 93 49 382
170 98 26 664
170 114 58 392
170 122 11 381
170 175 13 476
170 238 16 634
170 246 43 238
170 276 5 1275
170 300 53 658
170 338 7 1223
170 341 37 233
170 349 19 1309
170 400 22 1467
171 43 1 348
171 77 4 543
171 127 52 1399
171 145 45 951
171 161 11 128
171 182 55 1410
171 185 17 903
171 250 37 660
171 265 8 655
171 302 19 422
171 303 59 642
171 353 43 1375
171 380 13 37
171 387 26 537
171 388 40 969
172 1 14 533
172 41 23 999
172 76 19 1369
172 91 43 1295
172 104 4 517
172 108 39 1024
172 125 56 66
172 129 17 320
172 208 31 1347
172 231 1 865
172 250 37 170
172 251 45 1265
172 277 49 119
172 279 25 674
172 296 8 1102
173 3 31 1263
173 20 40 378
173 23 9 1256
173 25 4 333
173 62 13 1486
173 139 19 1473
173 165 25 807
173 269 59 288
173 288 35 1086
173 297 55 308
173 353 43 802
173 365 46 243
173 375 52 34
173 388 1 1041
174 24 19 544
174 44 25 377
174 66 37 1039
174 74 33 1344
174 109 3 612
174 140 41 584
174 153 10 1049
174 154 55 1205
174 189 46 685
174 240 29 198
174 264 7 262
174 346 17 1191
174 384 13 155
175 33 49 1494
175 37 55 797
175 58 41 488
175 117 25 657
175 164 11 82
175 205 19 47
175 211 28 1151
175 263 38 786
175 287 35 1053
175 307 2 1479
175 308 58 710
175 310 44 342
175 321 31 1346
175 330 9 634
175 338 13 370
176 7 26 961
176 29 19 19
176 39 39 614
176 118 43 1228
176 131 59 1041
176 147 31 1031
176 189 2 685
176 194 49 573
176 207 5 1327
176 236 11 619
176 256 46 206
176 262 55 112
176 316 7 651
176 399 51 1374
177 101 47 968
177 104 19 517
177 146 1 819
177 196 35 1267
177 225 25 1424
177 247 43 977
177 275 8 787
177 302 49 75
177 336 22 967
177 347 53 400
177 349 29 1022
177 352 16 798
177 375 37 193
178 11 13 1045
178 12 55 184
178 35 37 653
178 46 7 184
178 70 19 1348
178 84 25 716
178 170 11 19
178 211 1 1092
178 222 45 484
178 254 49 940
178 287 5 405
178 339 17 636
178 354 31 1499
178 366 53 179
179 8 15 855
179 69 5 1120
179 89 17 1095
179 114 58 1390
179 131 55 925
179 137 37 29
179 152 45 552
179 193 34 746
179 211 7 1026
179 245 1 397
179 256 13 863
179 257 25 206
179 261 49 515
179 353 52 1375
179 397 19 1490
180 11 55 592
180 30 20 1327
180 43 51 880
180 63 39 142
180 96 43 577
180 119 17 1298
180 147 13 55
180 162 49 868
180 172 1 1290
180 216 7 755
180 246 25 727
180 270 10 425
180 278 29 1131
180 283 37 526
180 332 31 315
181 7 13 169
181 13 25 740
181 19 53 191
181 24 7 544
181 25 4 1413
181 28 43 1088
181 34 1 216
181 40 20 423
181 85 31 590
181 167 49 1071
181 295 22 838
181 300 29 123
181 316 37 989
181 322 58 43
181 328 55 763
182 12 31 1404
182 77 58 1215
182 105 46 116
182 128 49 263
182 161 17 128
182 169 29 8
182 216 19 1414
182 218 41 904
182 246 13 1191
182 291 7 600
182 304 22 611
182 309 25 963
182 336 37 1221
182 358 11 718
182 400 2 966
183 1 40 72
183 34 7 1380
183 69 56 1120
183 80 23 796
183 127 19 1399
183 172 49 1290
183 175 4 476
183 206 10 963
183 215 43 698
183 243 27 1385
183 308 13 221
183 340 38 1176
183 349 59 506
183 377 16 946
183 380 31 750
184 53 4 379
184 77 52 1207
184 137 10 1313
184 146 13 819
184 174 1 77
184 185 35 1337
184 229 31 770
184 247 44 200
184 250 23 294
184 276 49 1148
184 330 41 959
184 370 28 1081
184 374 37 837
184 380 19 212
185 72 51 693
185 80 17 524
185 122 47 1234
185 163 58 1368
185 193 7 746
185 213 41 484
185 233 23 935
185 252 55 134
185 263 27 546
185 288 31 884
185 308 10 1475
185 324 2 167
185 327 13 645
185 333 19 1460
185 358 25 810
186 77 4 1215
186 113 25 180
186 141 23 883
186 158 52 16
186 163 46 610
186 187 33 109
186 267 1 65
186 276 31 1277
186 286 19 815
186 292 37 204
186 303 17 895
186 327 13 516
186 358 41 810
186 379 59 854
186 392 7 1196
187 29 49 575
187 34 11 1270
187 40 27 423
187 69 15 1120
187 99 20 185
187 100 46 663
187 199 57 348
187 206 5 173
187 266 33 738
187 298 25 139
187 306 7 304
187 326 1 328
187 367 37 522
188 87 13 1500
188 121 38 40
188 131 53 925
188 182 15 1410
188 188 4 44
188 191 19 101
188 203 49 469
188 215 7 1336
188 216 1 761
188 252 56 1309
188 319 31 317
188 355 45 425
188 359 28 439
188 375 25 193
189 5 31 873
189 15 1 772
189 17 40 1271
189 34 17 1440
189 100 14 814
189 159 7 65
189 217 11 765
189 238 44 927
189 250 49 170
189 273 25 694
189 282 47 1478
189 315 52 1393
189 390 22 987
190 35 51 653
190 62 1 204
190 103 37 1130
190 129 46 166
190 157 55 938
190 182 8 1410
190 208 28 1142
190 210 43 437
190 306 31 916
190 347 13 400
190 356 59 1127
190 357 16 1021
190 364 41 424
190 370 22 1081
191 15 55 585
191 20 37 768
191 51 13 50
191 53 33 379
191 113 19 1005
191 124 7 8
191 126 43 762
191 173 17 1266
191 200 25 1107
191 233 35 1099
191 240 3 1059
191 248 22 799
191 250 5 1274
191 296 49 839
191 392 27 271
192 8 19 855
192 20 16 768
192 30 46 1327
192 48 51 1256
192 105 10 116
192 111 1 435
192 157 55 444
192 184 7 158
192 283 27 526
192 301 31 849
192 308 4 710
192 325 21 278
192 345 43 221
192 347 40 400
192 355 13 1046
193 4 23 430
193 20 55 378
193 38 31 760
193 74 19 1412
193 78 13 295
193 92 10 1323
193 110 27 577
193 113 4 1478
193 130 34 661
193 155 47 140
193 206 2 925
193 231 37 865
193 288 49 546
193 367 43 1336
193 394 15 553
194 52 19 82
194 67 22 875
194 95 31 1238
194 115 34 1235
194 121 43 554
194 138 2 697
194 174 10 77
194 176 25 96
194 184 58 969
194 301 8 849
194 325 38 1151
194 329 15 957
194 350 50 984
194 353 13 1375
195 60 22 356
195 81 31 542
195 111 35 435
195 128 16 263
195 149 1 900
195 177 13 143
195 190 19 23
195 250 33 170
195 300 47 687
195 353 29 802
195 361 7 363
195 373 4 1481
195 382 55 1074
195 388 49 1041
196 45 58 611
196 50 43 895
196 56 19 98
196 76 13 1369
196 95 16 1238
196 99 23 973
196 130 4 1281
196 197 31 1200
196 255 40 496
196 258 28 1027
196 259 35 879
196 289 8 488
196 314 1 774
196 386 46 1407
197 49 58 261
197 53 21 379
197 108 7 1108
197 151 16 1273
197 152 1 889
197 156 49 376
197 193 44 387
197 195 10 435
197 205 55 706
197 241 27 855
197 251 37 1158
197 267 41 65
197 294 33 668
197 301 14 849
198 18 10 942
198 33 37 926
198 84 46 337
198 89 53 1015
198 96 31 986
198 122 35 381
198 144 19 1197
198 230 49 343
198 278 3 112
198 291 43 1029
198 306 13 587
198 375 25 34
198 397 55 906
199 3 19 1263
199 6 37 1446
199 11 43 1024
199 29 55 1022
199 37 41 797
199 136 13 733
199 142 25 638
199 147 9 323
199 182 1 1410
199 236 23 1380
199 267 7 1406
199 269 29 288
199 288 47 343
199 313 5 169
199 323 49 459
200 23 5 436
200 50 46 347
200 59 55 899
200 69 3 1120
200 77 7 1215
200 118 10 763
200 132 33 224
200 152 26 889
200 194 39 573
200 243 1 1385
200 272 43 187
200 344 13 1359
200 374 20 361
200 382 49 1297
201 15 19 344
201 34 37 1270
201 42 59 813
201 52 35 1471
201 122 31 381
201 161 5 210
201 188 1 1340
201 192 11 938
201 203 55 1008
201 250 51 170
201 308 16 221
201 321 26 1084
201 337 33 893
201 359 7 484
202 29 57 125
202 114 28 392
202 179 20 1268
202 236 33 1423
202 243 25 1073
202 265 10 213
202 280 55 103
202 292 13 710
202 328 49 763
202 342 37 978
202 343 17 1265
202 371 43 1085
202 372 4 334
203 19 11 191
203 25 22 10
203 28 13 809
203 31 55 276
203 83 19 1413
203 87 31 1219
203 146 43 1326
203 201 33 791
203 210 47 1306
203 243 9 1073
203 310 1 868
203 355 5 1046
203 384 28 155
204 18 20 1111
204 19 5 191
204 24 37 959
204 80 35 556
204 93 1 338
204 116 31 699
204 127 13 1399
204 129 41 166
204 196 43 1267
204 208 16 1142
204 221 25 125
204 239 11 1124
204 273 7 1113
204 313 23 820
204 362 47 1320
205 5 25 1053
205 99 1 973
205 107 3 738
205 111 31 1281
205 150 47 342
205 162 5 397
205 184 7 308
205 195 40 435
205 211 43 171
205 212 49 579
205 255 52 1277
205 325 33 278
205 386 22 489
205 400 16 918
206 3 31 1394
206 190 16 921
206 197 27 424
206 228 13 720
206 262 56 515
206 270 22 832
206 278 25 1131
206 296 40 839
206 310 52 884
206 321 7 1346
206 334 5 692
206 390 1 987
206 395 43 635
207 19 47 191
207 87 28 1219
207 116 13 502
207 126 43 809
207 137 16 1313
207 145 31 1291
207 161 7 128
207 274 39 1383
207 277 35 52
207 292 49 399
207 294 11 668
207 300 37 510
207 307 22 1479
207 367 1 531
208 11 27 486
208 23 59 727
208 87 45 1219
208 89 51 1015
208 129 57 166
208 134 25 641
208 135 4 236
208 164 15 278
208 175 8 476
208 212 19 579
208 306 37 895
208 335 34 1047
208 339 13 669
208 355 55 425
208 396 1 948
209 19 25 299
209 25 51 10
209 38 37 363
209 82 9 241
209 98 27 1493
209 118 13 763
209 165 31 137
209 230 20 343
209 283 7 130
209 290 1 646
209 325 55 1184
209 343 23 496
209 373 45 860
209 389 16 934
209 392 49 271
210 13 51 822
210 54 31 1339
210 103 19 1164
210 124 43 8
210 131 1 1045
210 139 14 244
210 161 49 128
210 167 37 1071
210 195 28 820
210 207 35 1327
210 227 55 1320
210 241 8 51
210 362 59 247
210 396 25 948
211 2 25 411
211 13 19 883
211 31 37 692
211 135 7 236
211 183 46 417
211 231 31 292
211 253 55 612
211 264 13 262
211 278 43 599
211 319 15 317
211 341 49 687
211 359 34 358
211 385 5 1263
212 59 25 182
212 62 1 145
212 71 55 513
212 75 13 1229
212 80 17 796
212 90 37 682
212 100 20 814
212 111 33 1417
212 131 10 1045
212 164 7 1099
212 200 53 1107
212 238 40 619
212 275 49 477
212 365 46 1313
212 392 15 1196
213 124 1 1289
213 145 33 432
213 150 37 142
213 178 31 754
213 182 43 1410
213 193 25 746
213 211 10 171
213 230 7 279
213 247 55 485
213 283 17 526
213 285 40 831
213 286 13 815
213 374 19 593
214 3 37 1263
214 25 27 10
214 117 20 349
214 151 52 1273
214 228 56 1157
214 244 15 1317
214 276 13 776
214 289 8 357
214 294 25 668
214 312 43 680
214 325 1 436
214 352 32 299
214 390 46 1080
214 392 41 1196
214 396 49 181
215 17 22 52
215 75 59 984
215 103 51 1130
215 106 16 156
215 139 10 244
215 181 35 35
215 187 44 1287
215 201 25 583
215 240 41 198
215 260 28 117
215 280 13 103
215 330 7 1340
215 336 19 933
215 342 55 436
215 370 31 91
216 18 43 942
216 32 15 83
216 68 4 1354
216 77 19 543
216 106 31 156
216 118 46 1228
216 178 13 754
216 233 53 459
216 237 34 1310
216 272 49 187
216 275 7 1118
216 291 26 1029
216 333 37 1357
216 344 55 1359
217 4 29 619
217 33 19 1281
217 53 11 1231
217 62 50 1486
217 69 58 1120
217 98 37 107
217 143 7 867
217 199 31 1271
217 211 55 396
217 212 4 985
217 241 25 904
217 253 35 1288
217 331 15 1232
217 362 1 144
217 383 43 1112
218 47 37 1011
218 95 39 1238
218 101 9 968
218 152 19 220
218 184 28 455
218 185 43 951
218 205 25 47
218 236 31 1423
218 251 51 1265
218 261 41 1279
218 264 17 262
218 270 46 832
218 324 1 1274
218 342 14 978
218 353 49 802
219 50 43 350
219 87 29 1500
219 104 4 36
219 149 40 537
219 187 49 1472
219 188 7 321
219 212 31 579
219 227 19 1329
219 242 34 936
219 261 55 320
219 293 25 277
219 295 46 838
219 315 38 1393
219 327 13 1418
219 400 10 918
220 13 51 1118
220 41 7 999
220 80 17 55
220 82 5 280
220 133 58 300
220 136 25 523
220 146 1 879
220 175 34 1427
220 234 19 246
220 300 29 687
220 334 31 842
220 370 40 1081
220 383 9 1143
221 28 10 1088
221 87 3 62
221 91 19 1316
221 123 32 500
221 199 51 348
221 202 13 1163
221 238 43 216
221 252 37 1309
221 288 29 1404
221 294 16 668
221 344 55 995
221 345 40 506
221 360 25 1376
221 362 49 883
221 400 22 918
222 33 21 147
222 88 19 659
222 106 44 156
222 203 3 148
222 221 40 536
222 233 35 459
222 249 49 758
222 276 11 776
222 303 1 895
222 319 7 136
222 336 31 967
222 350 27 984
222 369 56 816
222 383 14 1143
222 392 25 271
223 22 44 97
223 28 7 1088
223 45 34 760
223 71 10 1351
223 110 22 891
223 170 53 50
223 208 13 689
223 213 59 1497
223 227 37 210
223 257 16 605
223 268 4 1487
223 327 55 764
223 352 31 200
223 353 51 802
223 362 25 1113
224 2 16 1259
224 21 41 1026
224 23 5 986
224 69 27 1120
224 73 19 556
224 100 34 814
224 139 31 244
224 145 51 810
224 158 7 171
224 162 23 1180
224 182 55 173
224 188 10 321
224 338 44 1187
224 345 13 406
224 382 37 1362
225 5 56 1053
225 45 25 287
225 77 1 1215
225 80 29 55
225 124 19 393
225 165 31 478
225 170 4 989
225 186 7 542
225 191 49 1300
225 210 23 1306
225 218 41 94
225 234 14 246
225 242 37 722
225 255 10 187
225 313 47 99
226 39 16 614
226 44 49 377
226 60 43 659
226 68 46 345
226 76 1 1369
226 79 4 1403
226 205 34 846
226 302 7 1387
226 303 29 642
226 308 13 1475
226 340 22 1132
226 346 59 1254
226 352 25 977
226 354 37 1275
226 364 57 331
227 9 22 1185
227 11 32 1045
227 12 13 555
227 25 8 1490
227 37 59 797
227 83 37 1413
227 96 43 763
227 101 11 968
227 120 19 1169
227 124 1 393
227 213 5 233
227 265 50 655
227 320 25 821
227 322 40 987
227 352 55 200
228 26 46 1062
228 61 37 1092
228 82 17 280
228 88 53 872
228 153 49 1011
228 177 40 1292
228 186 23 1127
228 196 33 1267
228 204 35 79
228 285 4 1155
228 327 19 764
228 341 7 687
228 386 25 489
228 394 13 704
229 51 1 781
229 75 53 706
229 83 49 122
229 108 11 708
229 135 55 1079
229 150 37 689
229 154 28 186
229 169 59 594
229 174 25 77
229 199 44 348
229 230 13 964
229 245 31 360
229 267 5 1497
229 281 40 190
229 394 7 228
230 5 1 821
230 55 25 622
230 68 40 345
230 70 51 185
230 85 45 1051
230 87 43 1219
230 103 16 1130
230 151 34 111
230 153 10 1011
230 185 5 304
230 203 19 148
230 253 57 612
230 308 37 221
230 355 7 1046
230 381 55 747
231 26 37 1062
231 40 53 238
231 52 23 1471
231 67 25 56
231 78 31 295
231 83 28 1454
231 167 19 1334
231 216 55 430
231 227 13 439
231 266 7 344
231 280 11 360
231 288 46 546
231 300 1 403
231 308 40 710
231 384 43 795
232 24 49 544
232 28 1 809
232 35 58 653
232 60 46 948
232 100 43 663
232 141 5 770
232 166 55 324
232 172 25 524
232 190 38 23
232 205 7 706
232 241 31 1497
232 254 13 1251
232 255 20 496
232 267 29 65
232 378 35 200
233 76 31 294
233 81 5 485
233 94 14 1218
233 113 34 1478
233 114 49 392
233 121 55 554
233 148 10 1434
233 175 52 476
233 193 22 387
233 268 7 1135
233 294 43 668
233 321 1 980
233 323 25 540
233 327 37 1418
233 362 47 624
234 12 26 1056
234 14 49 1038
234 64 32 1013
234 65 20 525
234 70 43 955
234 126 13 709
234 152 7 552
234 183 22 417
234 184 40 308
234 204 3 779
234 218 47 960
234 315 17 210
234 347 38 400
234 382 56 1362
235 8 25 164
235 23 39 1417
235 99 17 1123
235 102 41 26
235 126 44 1374
235 143 13 1406
235 194 27 573
235 195 31 820
235 227 8 210
235 233 5 459
235 292 19 204
235 309 1 481
235 376 55 388
235 396 49 962
236 35 28 653
236 55 2 592
236 57 49 250
236 106 22 1148
236 113 13 180
236 189 16 667
236 223 19 88
236 237 55 634
236 247 7 1082
236 249 43 467
236 283 34 526
236 344 37 403
236 390 58 1080
236 398 41 1034
237 76 51 361
237 108 17 708
237 110 57 594
237 133 22 300
237 172 1 461
237 255 40 307
237 283 5 130
237 295 7 838
237 310 10 868
237 315 15 1393
237 354 43 1487
237 385 49 291
237 392 59 1196
237 397 25 773
237 399 31 851
238 6 7 359
238 18 4 1241
238 25 38 333
238 66 31 1039
238 80 53 1221
238 100 43 385
238 123 20 511
238 161 13 128
238 171 46 1352
238 238 15 914
238 258 26 988
238 314 1 637
238 384 58 155
238 399 49 556
239 47 17 826
239 57 13 250
239 107 49 510
239 122 5 1234
239 142 51 638
239 148 40 1434
239 184 25 158
239 190 10 1246
239 267 23 1122
239 301 43 849
239 327 1 645
239 336 19 268
239 356 47 605
239 381 59 409
240 4 5 619
240 8 11 855
240 19 46 299
240 22 7 760
240 73 19 927
240 81 23 179
240 89 3 1015
240 93 25 338
240 113 40 180
240 217 29 765
240 255 15 187
240 305 34 314
240 313 1 805
240 342 51 978
240 396 58 962
241 7 43 95
241 67 10 56
241 78 38 530
241 113 7 180
241 133 16 582
241 156 19 534
241 242 25 722
241 255 4 187
241 273 31 960
241 342 1 47
241 354 49 1275
241 385 35 1183
241 389 56 1330
242 46 37 1075
242 94 43 857
242 95 35 604
242 121 7 1022
242 137 55 29
242 167 19 658
242 188 51 321
242 212 58 579
242 284 1 1055
242 338 25 1187
242 352 16 299
242 392 13 1196
242 394 31 228
243 23 53 436
243 32 1 83
243 48 19 1021
243 52 15 82
243 100 22 385
243 128 58 263
243 142 49 542
243 151 34 1273
243 158 43 1383
243 159 7 530
243 253 11 612
243 261 17 338
243 272 46 187
243 302 25 508
243 342 55 1018
244 38 39 1209
244 87 37 1219
244 134 33 641
244 141 5 182
244 148 19 778
244 165 13 478
244 196 29 1267
244 197 1 1499
244 213 47 963
244 222 22 484
244 294 7 668
244 319 9 933
244 328 56 109
244 341 43 952
244 373 52 1481
245 12 37 1056
245 21 19 432
245 38 13 1209
245 40 27 238
245 68 7 1354
245 89 10 1015
245 129 25 166
245 153 1 1430
245 164 17 278
245 213 23 1497
245 316 50 989
245 324 43 1274
245 345 56 16
245 376 32 388
246 4 59 619
246 44 3 1231
246 72 7 609
246 77 52 1215
246 80 47 1221
246 95 11 578
246 112 43 386
246 162 17 868
246 168 22 1212
246 197 13 94
246 212 19 985
246 226 31 121
246 229 55 165
246 348 28 188
246 374 37 593
247 49 52 404
247 61 9 718
247 121 1 367
247 145 39 951
247 154 34 1205
247 191 43 101
247 197 13 424
247 217 37 1417
247 250 5 170
247 258 19 988
247 344 55 403
247 362 7 1394
247 375 49 193
247 383 26 1143
247 386 22 1407
248 108 31 867
248 131 17 1041
248 207 7 1004
248 220 28 427
248 229 13 1234
248 261 41 20
248 268 1 1487
248 276 11 1275
248 288 43 10
248 295 55 291
248 338 19 370
248 347 9 400
248 349 59 1309
248 386 25 1407
249 53 29 1231
249 74 9 245
249 99 7 185
249 116 16 707
249 122 23 1234
249 222 13 981
249 236 21 1423
249 278 19 112
249 285 37 831
249 287 47 1053
249 300 35 403
249 326 1 972
249 337 55 584
249 387 59 554
249 394 49 553
250 37 7 1438
250 122 17 381
250 125 32 685
250 178 5 754
250 183 10 1180
250 184 37 1099
250 212 21 855
250 225 55 91
250 268 25 1451
250 282 47 444
250 293 13 277
250 302 43 772
250 328 28 125
250 380 1 1288
250 386 52 489
251 53 23 1231
251 91 49 1295
251 99 15 1123
251 131 4 624
251 156 7 888
251 184 55 334
251 195 51 770
251 200 37 1107
251 213 27 307
251 233 1 964
251 269 13 288
251 289 31 488
251 349 35 1022
251 362 11 1113
251 384 39 155
252 64 13 1299
252 134 39 641
252 156 57 888
252 159 19 788
252 168 1 1212
252 177 43 143
252 180 52 555
252 224 9 492
252 237 25 1310
252 250 47 1274
252 260 4 117
252 282 55 942
252 331 23 194
252 367 31 1494
252 397 27 139
253 3 25 1394
253 9 46 1185
253 41 7 138
253 65 51 747
253 79 9 2
253 172 55 524
253 214 1 1172
253 258 13 1027
253 268 16 1135
253 273 37 960
253 305 43 660
253 317 11 523
253 319 19 136
253 350 31 984
253 385 5 107
254 15 9 344
254 62 1 347
254 80 5 1016
254 82 7 241
254 92 25 836
254 93 37 421
254 152 49 1366
254 163 28 1368
254 235 21 864
254 260 32 117
254 281 46 190
254 341 13 1381
254 348 58 188
254 398 53 1034
255 6 1 1115
255 39 13 456
255 73 9 661
255 193 16 1353
255 237 47 634
255 260 40 117
255 267 23 65
255 276 7 776
255 300 5 510
255 310 34 342
255 329 43 957
255 338 19 115
255 354 55 1487
255 370 31 1081
256 19 49 299
256 29 55 19
256 50 43 347
256 90 7 536
256 101 33 968
256 114 3 1390
256 134 1 166
256 243 25 1385
256 283 29 526
256 305 46 314
256 330 23 959
256 340 19 1176
256 341 13 952
256 383 37 1458
257 13 55 1126
257 41 14 138
257 57 25 141
257 77 7 1207
257 85 44 109
257 120 10 1169
257 129 49 166
257 219 1 953
257 278 38 112
257 290 51 590
257 292 20 176
257 317 35 383
257 347 5 252
257 359 16 484
257 366 31 259
258 34 26 646
258 39 58 614
258 40 20 238
258 45 55 611
258 72 37 609
258 81 5 179
258 89 49 1015
258 105 43 116
258 116 34 699
258 247 51 664
258 258 46 988
258 313 41 99
258 338 13 1187
258 385 23 1411
258 389 10 1330
259 6 55 1446
259 53 16 379
259 58 47 1121
259 67 7 875
259 83 22 1413
259 118 25 108
259 141 4 326
259 171 28 863
259 252 52 545
259 288 49 923
259 312 40 680
259 321 31 980
259 333 43 99
260 95 41 604
260 125 8 66
260 127 34 1399
260 135 1 236
260 138 13 1114
260 148 22 757
260 233 31 350
260 339 47 1052
260 350 25 1458
260 362 17 144
260 367 49 947
260 375 43 193
260 376 37 1478
260 396 4 181
260 398 29 914
261 31 31 198
261 38 37 1287
261 62 21 640
261 66 43 1262
261 75 35 467
261 85 50 970
261 107 1 738
261 152 8 679
261 175 40 1427
261 186 13 1127
261 190 25 921
261 233 59 622
261 261 17 1022
261 334 55 810
261 339 4 1052
262 6 43 405
262 48 37 1256
262 57 55 337
262 63 13 535
262 88 25 822
262 130 9 309
262 174 49 77
262 204 33 79
262 216 52 1137
262 291 22 1029
262 318 27 1158
262 340 31 1176
262 359 40 962
262 385 35 1263
262 394 1 704
263 45 37 1246
263 49 55 83
263 69 59 662
263 90 25 682
263 119 5 83
263 155 43 140
263 159 19 711
263 185 7 1337
263 201 28 791
263 256 1 122
263 290 45 237
263 323 49 227
263 325 14 1117
263 331 9 1232
263 333 31 1357
264 39 25 614
264 40 21 123
264 42 5 957
264 47 17 1001
264 124 1 1398
264 125 7 685
264 133 28 582
264 145 57 564
264 162 55 868
264 176 49 96
264 243 15 1073
264 382 37 1297
264 383 31 1458
264 398 45 914
265 8 5 164
265 35 37 1226
265 166 3 1325
265 175 26 476
265 179 43 1268
265 190 19 828
265 235 58 864
265 262 7 120
265 267 41 1406
265 291 55 1029
265 299 34 1254
265 301 1 849
265 314 51 774
265 335 22 776
265 369 49 1130
266 34 59 1380
266 59 13 1006
266 110 46 891
266 188 22 1340
266 192 41 531
266 193 34 387
266 258 43 988
266 323 37 540
266 327 49 764
266 351 7 991
266 355 3 1046
266 359 31 962
266 361 25 809
266 388 56 1041
267 2 7 1259
267 43 10 1494
267 46 43 184
267 124 13 165
267 170 17 50
267 203 38 469
267 228 49 737
267 281 58 190
267 319 1 527
267 336 52 933
267 346 23 315
267 373 27 1481
267 375 19 193
267 395 31 1016
268 16 1 572
268 40 29 423
268 80 23 1016
268 83 43 1413
268 150 51 342
268 182 7 173
268 256 5 544
268 267 53 65
268 292 31 1110
268 294 41 668
268 297 37 1314
268 322 25 439
268 366 20 259
268 394 14 1067
269 17 19 52
269 145 13 432
269 168 31 1051
269 211 34 1316
269 241 25 1497
269 255 56 1277
269 271 3 506
269 290 7 646
269 292 43 399
269 311 21 1415
269 317 1 51
269 336 37 981
269 340 51 1176
269 342 40 1454
270 10 13 730
270 75 1 1229
270 110 7 577
270 144 26 68
270 172 37 1141
270 174 55 77
270 177 31 1292
270 181 47 35
270 206 17 963
270 246 49 279
270 277 23 679
270 280 4 103
270 298 35 361
270 359 58 439
270 378 10 200
271 11 43 1068
271 61 37 136
271 83 7 1092
271 140 17 717
271 145 26 1023
271 190 22 921
271 261 20 181
271 264 11 262
271 265 13 1285
271 277 5 315
271 305 34 660
271 309 55 636
271 367 39 947
271 368 1 1076
271 384 49 795
272 33 25 1281
272 76 43 294
272 83 4 206
272 88 29 659
272 114 31 1390
272 127 1 1452
272 150 49 342
272 187 57 1151
272 193 37 746
272 215 19 157
272 223 34 597
272 285 10 1155
272 363 52 1108
272 384 16 155
273 10 1 834
273 23 11 226
273 67 40 875
273 112 37 654
273 120 20 311
273 166 47 324
273 172 26 1141
273 173 55 669
273 177 58 143
273 194 51 573
273 262 13 112
273 310 43 884
273 338 7 115
273 396 32 948
274 23 17 727
274 50 31 947
274 77 56 1207
274 86 53 444
274 92 19 836
274 116 25 699
274 159 37 65
274 194 15 573
274 197 49 424
274 212 7 627
274 323 1 459
274 346 41 361
274 357 10 237
274 396 22 181
274 400 46 918
275 3 7 1065
275 56 45 124
275 71 2 1448
275 110 5 891
275 125 25 685
275 153 19 1049
275 185 41 903
275 203 15 1008
275 224 37 669
275 235 52 864
275 244 43 1317
275 300 49 527
275 320 55 737
275 353 59 802
275 369 13 816
276 26 52 1175
276 27 40 62
276 31 32 354
276 36 47 1191
276 78 55 52
276 100 57 814
276 166 5 682
276 175 37 476
276 192 11 730
276 208 13 1142
276 214 1 399
276 259 43 879
276 297 25 70
276 362 29 638
276 375 21 34
277 55 9 102
277 60 55 1013
277 68 58 345
277 115 40 1235
277 121 49 367
277 189 1 934
277 271 37 58
277 278 7 112
277 280 19 103
277 299 46 1092
277 314 4 637
277 331 28 993
277 332 13 315
277 395 32 635
278 33 2 929
278 41 32 999
278 43 13 866
278 83 10 971
278 130 19 627
278 202 16 1163
278 221 7 420
278 238 34 634
278 284 43 149
278 314 55 637
278 329 25 957
278 342 58 832
278 347 22 400
278 376 37 934
278 380 49 750
279 14 37 599
279 41 27 138
279 133 15 300
279 138 1 652
279 158 19 218
279 209 49 528
279 223 46 597
279 224 11 597
279 296 43 839
279 309 7 1110
279 311 32 1415
279 334 29 1229
279 355 5 931
279 362 13 187
279 365 34 243
280 34 29 1380
280 110 21 577
280 121 25 1022
280 197 7 1200
280 208 2 689
280 274 33 1383
280 277 17 315
280 281 13 610
280 295 58 291
280 299 55 1092
280 330 31 467
280 373 40 860
280 393 49 1365
281 51 31 50
281 93 19 338
281 124 8 1289
281 146 37 879
281 152 55 1366
281 174 16 77
281 180 35 502
281 188 4 321
281 282 53 1478
281 304 13 611
281 321 44 980
281 338 25 78
281 344 49 995
281 392 1 271
282 40 22 423
282 51 57 1221
282 87 9 1219
282 95 55 1238
282 116 45 707
282 129 14 320
282 154 49 1205
282 201 16 583
282 203 25 1008
282 224 7 492
282 262 37 515
282 288 11 1404
282 321 1 586
282 338 31 1223
282 373 19 860
283 29 49 1022
283 82 5 1221
283 119 25 1121
283 144 7 551
283 184 31 308
283 185 47 1059
283 193 13 746
283 233 40 867
283 252 58 545
283 254 43 591
283 279 16 674
283 309 19 636
283 353 27 802
283 384 1 795
284 24 38 544
284 39 1 259
284 102 20 26
284 123 43 500
284 154 27 285
284 186 13 542
284 226 51 966
284 250 11 170
284 258 16 1027
284 330 25 111
284 362 31 247
284 368 4 979
284 376 55 1478
284 383 7 1458
284 396 22 948
285 1 22 24
285 48 1 798
285 63 55 656
285 176 9 796
285 247 51 111
285 281 13 190
285 300 17 687
285 309 43 481
285 327 25 764
285 334 47 692
285 372 31 1282
285 377 19 1318
285 380 37 1403
286 3 44 1411
286 18 1 942
286 43 7 1494
286 66 37 629
286 87 11 1500
286 205 27 706
286 256 35 122
286 289 13 780
286 293 19 779
286 323 31 1298
286 333 55 99
286 336 4 943
286 385 23 1348
286 396 49 948
287 31 19 692
287 62 27 145
287 69 1 845
287 124 55 8
287 129 23 16
287 155 11 995
287 156 7 662
287 178 15 754
287 217 13 1417
287 238 37 619
287 333 49 1357
287 353 35 802
287 368 43 1076
287 370 4 1081
288 21 10 432
288 32 37 83
288 39 49 614
288 71 34 513
288 87 21 1219
288 106 58 1148
288 110 4 594
288 143 44 119
288 199 28 1271
288 231 25 292
288 268 52 527
288 292 13 1302
288 356 23 605
288 379 1 358
289 9 13 1185
289 12 38 555
289 18 16 942
289 51 43 1221
289 77 22 1215
289 90 19 536
289 107 7 738
289 156 1 927
289 162 53 397
289 178 27 754
289 253 25 612
289 291 34 600
289 328 31 535
289 344 49 1223
289 372 9 334
290 5 27 556
290 21 11 815
290 62 7 145
290 87 23 1219
290 94 19 857
290 138 55 697
290 162 25 868
290 188 14 44
290 213 31 555
290 249 2 486
290 370 39 1184
290 382 49 1362
290 388 46 1041
291 19 41 299
291 30 10 1327
291 39 1 614
291 45 49 867
291 67 37 875
291 93 43 826
291 133 55 300
291 137 20 1313
291 252 34 545
291 273 13 1113
291 300 47 403
291 335 58 1407
291 361 25 561
292 61 35 497
292 62 55 145
292 82 2 241
292 87 51 1219
292 131 17 1045
292 154 40 186
292 216 4 1250
292 319 25 1374
292 338 13 115
292 344 31 382
292 374 43 743
292 389 19 1330
292 390 22 1010
292 392 10 271
293 40 4 423
293 49 13 845
293 83 46 1413
293 98 22 107
293 158 28 469
293 180 9 119
293 221 43 125
293 233 11 338
293 243 52 1385
293 338 37 1223
293 350 55 984
293 355 59 425
293 371 31 164
293 400 1 1467
294 66 57 1262
294 74 2 1344
294 91 17 1295
294 93 13 826
294 94 51 1206
294 111 23 426
294 146 7 819
294 235 37 864
294 268 43 1387
294 305 31 36
294 345 34 347
294 353 21 802
294 373 28 311
294 390 25 987
295 10 44 730
295 28 10 809
295 52 37 82
295 113 52 180
295 177 49 143
295 195 20 820
295 262 27 120
295 266 39 638
295 275 32 787
295 310 13 884
295 362 23 247
295 395 57 1016
295 400 1 758
296 3 9 1394
296 17 29 779
296 38 25 1151
296 41 34 999
296 54 19 1339
296 86 23 772
296 115 13 1235
296 155 3 140
296 204 7 79
296 244 41 1317
296 250 53 170
296 295 16 838
296 296 46 197
296 307 43 483
297 43 3 14
297 53 13 1231
297 87 47 1219
297 88 1 822
297 121 43 1022
297 131 37 243
297 137 58 29
297 146 26 1326
297 193 50 746
297 204 55 79
297 208 10 1142
297 228 16 737
297 274 39 552
297 366 34 259
298 34 41 646
298 54 25 1339
298 87 1 1219
298 117 28 349
298 128 34 263
298 207 15 1004
298 232 21 738
298 237 51 1310
298 245 44 360
298 259 23 228
298 277 31 679
298 308 37 710
298 350 3 984
298 364 11 424
299 2 46 1259
299 3 49 1394
299 40 14 238
299 42 53 957
299 43 16 880
299 60 55 356
299 66 1 1023
299 120 43 1169
299 140 25 841
299 187 31 1287
299 207 23 1327
299 211 58 1356
299 220 10 427
299 373 7 1481
299 375 40 34
300 7 37 95
300 15 33 585
300 26 16 1175
300 91 26 1295
300 126 43 622
300 151 58 1273
300 220 7 970
300 226 19 121
300 238 49 1266
300 280 31 103
300 292 1 1302
300 377 28 946
300 387 5 1222
301 50 10 347
301 62 13 145
301 104 40 1123
301 119 47 1262
301 129 55 166
301 152 19 679
301 162 35 397
301 181 43 35
301 207 3 1004
301 232 49 326
301 242 52 722
301 304 7 222
301 333 31 99
302 70 31 1348
302 75 35 984
302 81 59 542
302 95 51 1238
302 96 20 986
302 103 4 1130
302 133 7 300
302 166 57 324
302 179 13 1268
302 187 37 1183
302 197 26 557
302 204 17 1014
302 268 1 1451
302 288 47 1275
302 364 44 331
303 9 4 1185
303 12 55 192
303 91 11 1295
303 135 19 236
303 149 49 537
303 233 25 467
303 234 37 1284
303 276 53 588
303 282 27 669
303 285 22 1155
303 300 17 658
303 323 7 540
303 332 13 22
303 338 43 78
303 397 32 139
304 26 34 1175
304 30 13 683
304 75 47 984
304 125 25 296
304 126 39 709
304 138 7 697
304 241 49 1289
304 335 58 776
304 348 31 188
304 358 37 810
304 360 3 1376
304 377 43 1318
304 387 1 537
304 397 19 906
305 83 13 206
305 133 34 582
305 162 5 276
305 177 52 143
305 236 16 1423
305 245 37 397
305 265 20 213
305 275 25 374
305 280 11 103
305 286 1 659
305 296 43 1102
305 333 7 1357
305 360 46 1189
305 384 55 795
306 44 37 1231
306 55 45 102
306 112 31 386
306 140 43 1265
306 191 7 179
306 196 59 1267
306 275 25 922
306 277 5 679
306 296 22 1102
306 333 14 1436
306 335 55 776
306 338 49 78
306 340 11 1176
306 386 19 489
306 395 1 635
307 18 55 1439
307 19 21 299
307 60 58 948
307 61 35 1092
307 69 1 662
307 75 5 1299
307 76 40 294
307 87 49 1500
307 205 37 47
307 236 25 1423
307 261 3 1051
307 306 8 1001
307 313 33 169
307 333 13 1357
307 381 47 1487
308 2 7 411
308 155 29 140
308 159 31 65
308 166 5 324
308 175 49 476
308 250 3 170
308 253 53 612
308 276 15 776
308 291 26 600
308 303 13 642
308 315 1 786
308 331 10 194
308 345 40 16
308 350 44 317
309 31 31 276
309 152 19 1366
309 159 25 65
309 177 52 681
309 179 55 1268
309 182 7 1157
309 216 14 337
309 220 49 427
309 226 37 1018
309 237 59 1310
309 241 3 51
309 293 43 779
309 349 1 1038
310 62 13 640
310 88 29 837
310 107 5 738
310 157 19 592
310 158 34 171
310 176 1 317
310 191 56 101
310 208 10 1347
310 256 23 743
310 279 8 20
310 351 25 1258
310 359 52 358
310 368 43 1178
310 378 41 95
310 390 49 1010
311 87 15 1219
311 141 47 815
311 142 37 1493
311 159 25 711
311 160 21 958
311 170 41 19
311 215 43 157
311 249 56 1289
311 269 19 1024
311 303 7 642
311 308 4 221
311 318 50 981
311 331 32 194
311 346 17 1394
311 378 29 200
312 14 45 1038
312 50 7 350
312 55 19 102
312 80 1 796
312 118 28 108
312 134 41 533
312 156 14 374
312 292 33 976
312 300 43 575
312 321 49 1349
312 331 3 993
312 340 31 1132
312 368 10 1076
312 375 37 34
312 397 56 36
313 23 11 1256
313 51 44 50
313 129 13 16
313 135 34 236
313 212 15 627
313 214 49 1027
313 233 23 459
313 261 1 668
313 262 3 120
313 298 55 169
313 310 19 1277
313 317 29 523
313 375 40 193
313 381 53 747
313 384 7 155
314 3 13 1411
314 27 10 62
314 56 31 306
314 64 26 1013
314 77 34 1207
314 112 37 386
314 117 55 349
314 154 1 186
314 169 23 738
314 219 49 1035
314 220 4 427
314 252 44 134
314 298 7 455
314 316 19 651
314 336 40 352
315 46 49 184
315 91 29 1316
315 92 31 1323
315 120 4 1169
315 121 55 953
315 167 7 1071
315 184 43 773
315 193 1 1353
315 212 13 943
315 236 11 296
315 267 17 1122
315 318 25 883
315 351 38 1258
315 371 19 1085
316 68 26 1354
316 80 59 350
316 145 19 1291
316 174 40 77
316 187 45 412
316 211 33 555
316 248 1 799
316 249 55 1082
316 263 4 546
316 332 49 22
316 346 17 1085
316 350 13 1449
316 395 8 635
316 398 43 1038
317 12 19 384
317 30 34 683
317 49 45 261
317 125 7 296
317 168 16 1212
317 170 43 124
317 172 49 461
317 221 58 926
317 243 11 1385
317 267 41 1122
317 344 37 995
317 375 31 193
317 389 13 150
317 397 2 773
318 59 21 842
318 60 3 356
318 66 25 872
318 82 19 1221
318 119 1 1310
318 143 32 1150
318 149 52 537
318 221 37 125
318 223 43 595
318 262 56 120
318 279 29 674
318 321 14 1349
318 342 46 1454
318 351 7 708
318 369 11 978
319 12 1 384
319 57 19 337
319 71 51 289
319 84 31 48
319 123 27 226
319 135 43 236
319 161 5 128
319 193 40 387
319 299 46 1254
319 311 49 1415
319 313 11 169
319 330 13 564
319 337 25 584
320 23 47 226
320 51 33 1221
320 145 49 1023
320 147 1 1031
320 152 25 220
320 164 9 1099
320 169 7 1029
320 215 19 698
320 235 31 864
320 268 15 1451
320 315 45 1393
320 318 55 309
320 336 40 967
320 386 37 1407
321 63 49 656
321 146 7 879
321 191 31 1300
321 222 28 672
321 243 17 1073
321 288 53 1404
321 318 37 883
321 323 56 1298
321 337 21 584
321 342 25 455
321 350 2 465
321 380 13 212
321 397 43 36
322 23 23 727
322 85 56 970
322 112 40 386
322 137 4 1313
322 185 49 304
322 221 13 536
322 228 44 1095
322 231 20 292
322 238 31 845
322 261 11 692
322 265 51 1285
322 270 28 425
322 299 25 1254
322 390 34 1011
323 30 28 683
323 53 55 379
323 68 14 1354
323 90 19 682
323 119 53 1298
323 159 1 711
323 171 40 436
323 185 17 93
323 205 22 47
323 245 57 360
323 296 25 1102
323 352 31 798
323 362 47 1095
323 375 9 193
324 24 14 959
324 25 27 320
324 112 58 386
324 120 40 1169
324 168 37 1212
324 170 23 899
324 201 10 583
324 244 8 1317
324 249 49 1452
324 302 19 75
324 304 32 222
324 368 4 1178
324 374 43 593
324 381 53 409
325 22 7 48
325 30 32 1327
325 75 25 706
325 102 45 26
325 134 27 641
325 158 52 171
325 171 49 863
325 182 37 1410
325 219 55 1035
325 221 4 536
325 255 1 1026
325 282 21 394
325 358 14 810
326 3 25 1411
326 25 16 333
326 35 13 653
326 40 49 423
326 50 33 350
326 113 4 1005
326 177 22 143
326 201 38 791
326 284 7 1055
326 291 52 1029
326 303 31 642
326 354 57 219
326 393 43 1365
327 4 59 182
327 30 4 683
327 51 19 50
327 122 23 381
327 138 49 652
327 150 41 765
327 159 14 788
327 163 28 161
327 219 37 1110
327 222 25 623
327 276 11 1148
327 298 32 546
327 307 34 1479
327 361 44 561
327 382 7 1074
328 38 3 1209
328 75 29 16
328 90 55 144
328 152 25 1068
328 167 43 93
328 216 34 1414
328 250 17 170
328 257 52 1417
328 288 11 1086
328 295 31 291
328 338 7 78
328 351 19 1388
328 368 13 1178
328 376 37 1154
328 385 1 10
329 108 29 708
329 154 10 186
329 175 43 1229
329 190 58 23
329 197 3 413
329 205 7 709
329 223 31 597
329 241 49 904
329 287 23 638
329 290 13 191
329 336 19 967
329 355 1 196
329 356 35 1001
329 360 40 292
330 18 49 1241
330 31 7 43
330 35 4 653
330 46 43 151
330 69 11 1120
330 92 27 100
330 142 57 102
330 149 19 900
330 168 22 409
330 174 52 77
330 259 55 597
330 262 37 1471
330 263 1 546
330 302 31 1070
330 344 13 403
331 27 55 1025
331 59 1 1006
331 90 13 1440
331 128 46 131
331 129 52 166
331 181 19 656
331 195 58 435
331 222 21 261
331 274 25 1270
331 279 41 674
331 300 5 687
331 321 8 980
331 351 37 708
331 365 31 243
331 381 49 747
332 44 13 1306
332 59 37 1006
332 67 7 56
332 76 25 294
332 119 17 1262
332 129 59 166
332 152 31 1366
332 186 49 259
332 188 44 1340
332 297 51 913
332 307 22 483
332 308 1 1475
332 311 47 798
332 351 55 708
332 385 5 1383
333 15 49 585
333 38 19 760
333 39 40 329
333 78 7 295
333 126 31 1374
333 128 10 131
333 211 28 536
333 216 13 963
333 254 55 1251
333 256 17 151
333 312 25 475
333 351 45 1388
333 353 4 802
333 356 2 299
334 33 9 929
334 41 31 138
334 42 1 813
334 44 37 1306
334 68 34 345
334 71 43 513
334 91 7 1316
334 127 13 519
334 241 19 51
334 269 41 1024
334 313 23 169
334 327 55 167
334 335 3 921
334 336 52 967
334 351 25 708
335 54 52 1339
335 56 7 1314
335 83 22 122
335 106 28 156
335 107 17 738
335 122 37 1234
335 146 13 1326
335 166 58 1325
335 203 43 1008
335 244 31 1317
335 259 11 228
335 299 55 1254
335 307 19 483
335 321 1 1084
335 390 39 1011
336 50 25 347
336 67 19 56
336 116 28 699
336 140 47 978
336 152 8 392
336 157 31 1096
336 188 14 321
336 204 17 79
336 205 49 47
336 212 22 579
336 267 3 1406
336 296 52 1102
336 319 39 1059
336 393 43 1177
336 394 56 553
337 6 37 1115
337 43 32 133
337 68 1 975
337 146 44 819
337 170 59 1337
337 172 13 524
337 229 55 1121
337 231 4 865
337 243 19 1385
337 250 17 660
337 286 25 497
337 319 49 1059
337 323 7 459
337 361 21 1454
338 3 1 1065
338 17 35 1349
338 30 19 683
338 63 55 1380
338 76 46 1369
338 88 29 525
338 97 13 199
338 114 43 1390
338 166 8 682
338 179 38 426
338 211 22 309
338 239 5 1124
338 255 10 307
338 349 53 1017
338 382 49 1074
339 10 57 521
339 18 7 942
339 32 39 932
339 100 49 823
339 122 43 1234
339 130 19 309
339 154 28 1205
339 221 34 904
339 255 45 307
339 303 5 642
339 321 13 980
339 360 10 1189
339 362 55 638
340 8 19 164
340 17 5 1096
340 27 28 62
340 71 22 513
340 136 57 733
340 189 13 685
340 294 49 668
340 323 1 540
340 324 51 167
340 325 7 247
340 346 41 1075
340 347 55 400
340 360 46 292
340 392 44 271
340 400 16 1467
341 32 43 333
341 75 1 984
341 83 28 1413
341 89 47 1015
341 109 19 60
341 152 49 552
341 155 16 140
341 160 7 1197
341 163 4 1368
341 208 39 689
341 230 55 948
341 257 31 1126
341 311 23 966
341 337 53 584
341 363 11 314
342 14 37 1038
342 18 49 942
342 56 4 124
342 73 7 384
342 104 57 1123
342 122 34 1234
342 141 11 770
342 148 22 778
342 157 43 938
342 162 31 1180
342 246 13 279
342 255 1 187
342 356 47 148
342 396 52 962
343 22 44 1256
343 43 1 133
343 75 11 437
343 109 37 612
343 165 7 478
343 193 31 746
343 206 26 925
343 233 41 459
343 254 15 522
343 271 13 506
343 272 34 187
343 289 51 357
343 368 22 979
343 375 28 34
343 390 58 1011
344 1 31 24
344 3 51 1263
344 27 34 1025
344 102 47 1172
344 118 2 108
344 133 13 582
344 142 7 487
344 154 43 186
344 170 55 989
344 260 16 117
344 330 59 1499
344 349 23 1366
344 361 26 363
344 364 21 331
344 391 49 1397
345 51 19 765
345 58 29 1189
345 60 49 356
345 66 43 872
345 100 1 814
345 138 32 652
345 168 55 1212
345 218 11 904
345 237 39 1310
345 248 4 799
345 282 7 394
345 298 9 455
345 311 47 966
345 366 37 1048
346 5 7 1303
346 63 1 559
346 76 28 1369
346 138 55 652
346 146 37 1326
346 159 19 65
346 196 45 1267
346 222 13 308
346 255 52 496
346 287 47 94
346 351 31 708
346 360 49 1189
346 392 16 271
347 102 33 26
347 106 16 1148
347 160 25 938
347 197 49 94
347 198 55 854
347 208 4 1347
347 228 46 737
347 267 9 1406
347 272 43 192
347 296 19 839
347 304 13 222
347 307 1 483
347 388 40 1041
348 35 46 653
348 114 31 1462
348 119 53 1262
348 140 29 23
348 161 43 128
348 192 17 938
348 255 1 496
348 290 39 278
348 293 25 37
348 295 19 291
348 340 9 1132
348 364 35 424
348 365 22 86
348 371 55 999
348 379 59 561
349 13 7 1126
349 20 28 378
349 63 19 729
349 88 47 15
349 99 32 16
349 141 41 182
349 164 1 1099
349 173 11 1266
349 193 37 387
349 256 23 151
349 259 17 985
349 264 49 262
349 273 55 65
349 384 52 795
349 399 3 896
350 1 34 533
350 99 1 16
350 101 29 968
350 116 4 502
350 133 46 582
350 165 25 478
350 166 39 324
350 170 11 50
350 199 22 1271
350 200 31 1107
350 223 52 597
350 235 37 457
350 263 43 786
350 364 49 331
350 365 14 1279
351 101 31 968
351 129 23 166
351 149 50 900
351 183 13 417
351 198 25 854
351 203 33 469
351 229 2 604
351 241 19 904
351 244 11 595
351 246 43 1191
351 308 55 710
351 333 7 1436
351 338 37 370
352 50 19 347
352 52 17 1471
352 90 22 144
352 102 41 1172
352 175 49 1427
352 180 59 502
352 187 55 1183
352 193 43 746
352 207 33 1004
352 236 5 296
352 243 11 1073
352 307 46 483
352 314 52 637
352 356 27 299
352 394 37 553
353 6 13 1115
353 96 49 288
353 102 47 26
353 126 21 709
353 144 8 97
353 154 44 1205
353 178 33 754
353 245 56 397
353 279 19 674
353 286 25 659
353 333 37 99
353 341 1 952
353 378 29 1164
354 4 55 1099
354 35 1 653
354 67 49 56
354 84 28 48
354 109 31 60
354 146 37 819
354 156 13 662
354 175 52 1229
354 212 4 325
354 240 11 198
354 262 43 112
354 276 9 776
354 285 19 1155
354 343 7 206
355 95 25 749
355 115 4 4
355 118 28 1228
355 162 59 1427
355 181 52 35
355 184 19 158
355 203 32 148
355 304 38 222
355 305 1 624
355 312 10 680
355 316 43 1135
355 319 13 136
355 366 41 1048
355 387 7 554
355 395 55 61
356 7 26 169
356 33 33 1281
356 44 20 885
356 52 5 1471
356 55 43 1494
356 113 16 1478
356 181 31 35
356 202 49 1007
356 205 40 47
356 220 13 427
356 338 1 370
356 356 9 299
356 364 38 331
356 384 58 236
357 51 55 765
357 66 31 700
357 83 13 1454
357 97 43 199
357 142 25 487
357 176 1 96
357 180 59 367
357 245 37 823
357 276 53 1150
357 325 49 1127
357 343 41 164
357 349 29 1014
357 374 19 837
357 385 11 107
358 6 55 405
358 17 1 484
358 41 17 999
358 73 44 556
358 98 22 943
358 123 13 500
358 210 53 240
358 214 8 700
358 222 19 484
358 282 59 1478
358 323 25 1298
358 340 5 1132
358 351 31 1258
358 373 40 1481
358 392 3 271
359 11 7 374
359 35 22 1226
359 50 16 350
359 69 43 1120
359 85 33 158
359 141 13 326
359 184 40 623
359 249 45 758
359 264 31 262
359 288 5 1086
359 311 25 1415
359 343 11 496
359 369 49 816
359 390 2 1010
360 83 14 1413
360 92 7 100
360 100 4 814
360 126 25 709
360 212 10 579
360 237 59 634
360 254 55 410
360 265 49 213
360 302 19 1070
360 329 37 774
360 363 1 791
360 375 34 193
360 390 46 1011
360 400 52 918
361 6 49 1115
361 80 11 75
361 86 47 1209
361 110 37 891
361 128 1 263
361 182 31 1157
361 191 26 1300
361 211 58 356
361 227 7 1329
361 272 39 187
361 275 43 922
361 348 4 188
361 383 19 1112
361 386 16 489
361 387 53 1222
362 59 31 899
362 70 13 955
362 84 49 1406
362 101 1 968
362 140 37 1265
362 151 55 1273
362 155 40 140
362 183 8 417
362 284 25 1055
362 314 52 168
362 349 11 1366
362 373 58 860
362 380 19 1288
362 382 43 1362
362 383 3 1458
363 40 10 238
363 81 37 542
363 90 40 1104
363 92 4 836
363 117 7 349
363 122 53 1234
363 146 31 1326
363 154 19 1205
363 189 22 755
363 324 49 1086
363 331 1 194
363 333 13 1460
363 341 25 687
363 358 17 810
364 32 45 588
364 35 40 653
364 37 43 797
364 59 33 182
364 79 25 2
364 186 37 783
364 219 15 1035
364 235 13 457
364 255 9 587
364 276 59 588
364 295 1 977
364 313 7 805
364 362 49 247
365 52 27 82
365 61 59 497
365 138 50 1114
365 146 45 879
365 150 33 1095
365 192 55 531
365 199 13 348
365 230 10 279
365 233 37 935
365 237 57 1310
365 238 16 216
365 282 29 1486
365 285 1 831
365 350 19 317
365 387 41 554
366 89 31 1015
366 100 49 385
366 122 40 381
366 123 19 226
366 124 13 1398
366 147 55 55
366 152 25 552
366 165 1 807
366 172 45 1290
366 179 7 1124
366 287 17 94
366 295 33 838
366 373 37 1481
366 390 52 623
367 5 25 873
367 37 39 797
367 59 55 182
367 89 13 1095
367 114 19 1390
367 152 15 220
367 166 10 682
367 172 31 1141
367 280 29 103
367 302 1 1387
367 335 46 805
367 354 49 1487
367 370 43 1081
367 386 7 1407
368 27 40 1025
368 63 8 142
368 113 16 1005
368 156 31 534
368 167 43 1071
368 187 26 1319
368 202 19 567
368 228 49 720
368 257 22 206
368 285 13 831
368 318 3 1393
368 330 35 57
368 371 55 762
369 29 49 1195
369 42 41 300
369 49 9 845
369 63 31 142
369 64 44 940
369 89 37 1015
369 103 22 1130
369 105 4 116
369 111 59 343
369 311 35 1415
369 324 13 1086
369 334 7 842
369 353 39 1375
369 354 55 1499
369 367 25 737
370 14 19 878
370 55 31 102
370 70 55 955
370 82 23 241
370 117 16 349
370 148 10 757
370 153 13 1430
370 166 50 682
370 172 25 461
370 182 1 173
370 266 29 1320
370 339 41 636
370 343 5 496
370 347 53 475
370 364 7 331
371 41 11 999
371 116 43 502
371 122 9 381
371 130 34 627
371 148 46 1434
371 216 1 963
371 217 55 24
371 231 4 292
371 279 27 674
371 285 31 831
371 286 21 659
371 314 16 637
371 323 49 540
371 340 7 1132
371 355 19 1046
372 89 27 1015
372 102 23 1172
372 120 13 1169
372 128 16 131
372 150 58 342
372 169 43 1316
372 188 31 1340
372 202 20 1163
372 215 49 157
372 216 7 963
372 266 25 485
372 290 37 841
372 303 5 895
372 359 55 347
373 50 49 350
373 53 26 379
373 56 4 647
373 93 13 338
373 95 23 1238
373 146 19 879
373 156 43 662
373 165 7 807
373 267 47 1497
373 271 28 506
373 313 17 99
373 339 11 1052
373 358 57 718
373 360 31 1189
374 35 40 1226
374 40 55 423
374 71 37 513
374 141 59 492
374 186 4 1127
374 193 46 746
374 202 32 1007
374 239 29 1124
374 255 9 822
374 268 25 1135
374 315 13 786
374 328 16 125
374 347 51 475
374 357 1 354
375 49 1 891
375 68 4 975
375 82 7 280
375 106 52 156
375 147 19 55
375 148 25 757
375 162 11 397
375 169 29 692
375 214 38 319
375 219 13 1096
375 246 55 1191
375 250 44 170
375 255 49 204
375 294 9 668
375 309 31 1350
376 73 49 661
376 86 47 1241
376 166 45 1325
376 211 25 1316
376 229 8 396
376 239 53 1124
376 241 31 51
376 283 1 526
376 289 19 357
376 300 29 510
376 310 40 884
376 340 23 1176
376 374 3 743
376 380 55 750
376 393 13 1080
377 25 50 333
377 68 10 975
377 70 39 1462
377 82 31 241
377 110 23 594
377 179 25 1268
377 204 37 79
377 243 21 1385
377 254 1 522
377 265 56 1285
377 317 5 756
377 342 7 654
377 377 34 946
377 394 43 228
377 397 14 139
378 31 19 198
378 54 37 1339
378 58 17 1195
378 137 28 29
378 138 43 697
378 146 1 495
378 163 31 1368
378 178 53 582
378 236 5 846
378 272 13 324
378 324 49 1274
378 374 7 593
378 394 55 783
379 42 10 813
379 91 38 1295
379 102 17 26
379 131 35 66
379 135 19 1079
379 142 27 846
379 187 44 1151
379 197 13 438
379 204 2 79
379 228 55 720
379 233 41 338
379 260 22 117
379 291 49 1029
379 310 31 342
379 353 25 802
380 4 5 1065
380 19 39 191
380 51 13 781
380 77 1 543
380 112 31 1108
380 129 35 166
380 173 49 851
380 243 45 1385
380 279 43 674
380 331 19 194
380 365 7 86
380 366 37 259
380 377 51 946
380 380 25 1288
380 398 41 1038
381 14 31 1038
381 33 38 929
381 44 43 377
381 48 25 1021
381 78 5 52
381 89 29 1015
381 99 17 973
381 110 19 891
381 123 55 226
381 146 1 1326
381 154 22 1205
381 173 7 820
381 258 10 988
381 309 49 481
381 328 13 125
382 47 59 144
382 72 43 693
382 140 53 841
382 175 10 1427
382 188 4 1340
382 193 25 387
382 206 47 173
382 250 1 170
382 271 14 58
382 281 7 190
382 297 19 308
382 320 38 737
382 352 56 299
382 364 17 424
383 59 7 899
383 96 33 577
383 98 52 943
383 107 41 980
383 126 44 709
383 135 26 236
383 152 13 1068
383 158 58 320
383 167 1 1071
383 224 29 661
383 268 37 1451
383 305 55 314
383 369 19 816
383 390 21 1080
383 398 31 914
384 16 56 572
384 47 29 764
384 61 53 497
384 77 19 1215
384 143 16 867
384 144 31 551
384 176 44 796
384 197 1 438
384 219 25 608
384 242 10 936
384 275 49 787
384 280 37 103
384 291 39 1029
384 313 14 820
384 315 5 786
385 9 26 1185
385 78 21 295
385 85 55 1051
385 93 37 338
385 122 23 120
385 142 7 496
385 175 34 1229
385 185 17 304
385 196 14 91
385 268 43 527
385 290 50 646
385 339 19 1052
385 351 2 991
386 47 5 857
386 59 49 899
386 140 19 1265
386 141 47 182
386 147 37 1014
386 150 53 1049
386 153 21 1430
386 227 43 954
386 245 25 823
386 246 31 1191
386 286 7 815
386 329 1 957
386 349 29 1038
386 362 59 638
386 393 13 1365
387 2 43 411
387 63 37 729
387 71 19 513
387 83 1 206
387 100 7 814
387 163 22 161
387 193 4 53
387 217 41 1417
387 231 14 292
387 240 59 198
387 286 31 659
387 290 49 841
387 323 26 459
387 346 11 857
387 372 46 1282
388 11 3 1045
388 90 22 1104
388 110 13 577
388 112 34 386
388 122 1 381
388 145 7 23
388 155 53 995
388 157 37 592
388 173 41 851
388 197 15 1200
388 264 19 262
388 283 57 526
388 290 27 278
388 353 25 1375
388 392 46 271
389 22 19 1302
389 32 1 352
389 58 55 1481
389 93 8 826
389 107 17 1053
389 112 40 1108
389 122 59 381
389 157 44 1475
389 214 13 399
389 228 52 1095
389 288 37 546
389 342 31 171
389 355 57 425
389 362 35 1113
389 385 25 107
390 14 1 1211
390 72 21 693
390 88 49 525
390 103 16 1164
390 114 34 1390
390 119 59 1121
390 131 40 925
390 172 44 461
390 188 25 44
390 263 28 805
390 303 13 895
390 325 7 436
390 333 55 1436
390 366 53 1048
391 60 28 845
391 108 33 1024
391 144 43 551
391 152 8 220
391 153 4 1011
391 189 19 685
391 224 59 526
391 236 35 1184
391 243 1 1073
391 253 47 1288
391 276 37 588
391 284 50 1055
391 339 13 1052
391 378 23 95
391 381 17 551
392 60 45 356
392 114 34 1462
392 120 37 311
392 130 16 309
392 133 1 582
392 176 55 96
392 180 53 319
392 190 40 1246
392 236 29 296
392 240 13 393
392 292 49 280
392 311 43 1415
392 338 19 1223
392 346 11 1075
392 356 59 511
393 7 19 961
393 15 44 344
393 30 25 683
393 45 4 841
393 62 32 145
393 121 49 554
393 131 53 66
393 177 7 1292
393 200 23 1107
393 204 39 79
393 235 29 864
393 240 15 1059
393 307 1 1005
393 384 10 155
393 397 55 773
394 26 13 1062
394 94 7 857
394 122 45 1234
394 185 26 1337
394 190 52 1246
394 197 37 94
394 202 28 1007
394 251 57 736
394 260 19 117
394 341 31 1381
394 354 1 1000
394 372 16 334
394 373 49 860
394 381 35 245
395 7 19 169
395 19 59 191
395 26 49 1175
395 78 52 530
395 158 7 316
395 177 10 143
395 233 17 459
395 241 43 51
395 246 13 727
395 268 56 527
395 319 32 136
395 341 37 1381
395 344 1 1359
395 381 29 334
395 382 25 1297
396 21 7 839
396 24 25 717
396 90 34 682
396 118 10 108
396 120 31 1169
396 149 13 537
396 252 3 1309
396 282 23 1486
396 309 19 963
396 322 37 1465
396 328 46 125
396 371 55 1010
396 379 53 561
396 389 16 150
396 393 49 1398
397 16 37 572
397 91 31 1295
397 111 11 528
397 127 1 519
397 157 7 444
397 177 55 1292
397 240 19 1253
397 254 33 1158
397 282 53 394
397 291 22 600
397 318 13 883
397 322 4 1352
397 340 28 1176
397 367 43 594
397 370 49 1081
398 8 41 961
398 27 52 1025
398 58 47 488
398 99 7 1123
398 183 9 850
398 192 5 531
398 193 28 746
398 273 19 1113
398 282 23 669
398 297 43 70
398 305 1 314
398 375 13 34
398 385 31 307
398 386 34 1407
399 2 25 1259
399 13 13 1126
399 148 44 778
399 164 4 1099
399 224 41 669
399 234 19 1284
399 239 53 213
399 268 10 1451
399 273 31 1113
399 277 29 679
399 324 37 1086
399 368 1 979
399 389 7 1330
399 392 50 1196
399 398 35 747
400 1 37 533
400 5 25 943
400 65 5 747
400 177 58 1292
400 179 49 1124
400 208 19 1347
400 216 16 1414
400 241 43 1030
400 269 9 1024
400 312 13 680
400 343 7 841
400 380 1 37
400 396 55 962
401 32 31 83
401 51 55 50
401 131 46 1045
401 181 49 35
401 187 19 608
401 210 53 437
401 229 13 604
401 234 25 246
401 278 43 1131
401 298 17 361
401 306 1 304
401 340 40 1132
401 347 23 252
401 384 10 795
401 392 29 271
402 47 59 1001
402 140 31 320
402 143 52 749
402 219 44 608
402 249 13 846
402 291 34 1029
402 304 28 517
402 312 7 680
402 313 41 169
402 322 19 1195
402 328 1 109
402 332 37 315
402 335 4 433
402 359 22 358
402 376 55 934
403 20 49 378
403 41 5 138
403 69 7 1120
403 110 40 891
403 115 37 1235
403 120 10 1131
403 128 55 263
403 158 31 487
403 207 45 1004
403 222 58 484
403 327 13 828
403 348 34 188
403 376 25 934
403 381 53 551
403 382 1 1362
404 20 56 912
404 71 1 289
404 75 25 984
404 111 53 279
404 133 10 582
404 135 38 1079
404 137 4 29
404 186 15 542
404 191 49 101
404 196 19 91
404 199 46 923
404 253 28 612
404 267 32 1406
404 270 7 832
404 276 13 1337
405 15 2 344
405 26 49 1062
405 35 28 1226
405 36 35 938
405 43 25 14
405 69 9 1120
405 70 19 1462
405 141 13 770
405 160 37 20
405 205 52 58
405 278 33 1131
405 297 15 70
405 324 55 1034
405 355 31 1046
406 40 39 238
406 80 7 556
406 89 29 1095
406 172 25 1290
406 199 13 1271
406 226 49 937
406 267 35 65
406 268 19 1135
406 288 55 884
406 339 1 669
406 345 46 506
406 390 4 987
406 391 31 1397
407 3 19 1411
407 34 37 1380
407 176 25 317
407 183 7 1180
407 199 40 923
407 214 13 700
407 234 55 1284
407 257 1 605
407 314 4 774
407 315 23 210
407 329 49 57
407 359 31 358
407 388 43 969
408 64 20 96
408 80 47 1016
408 114 43 392
408 140 35 978
408 152 25 1366
408 178 11 754
408 198 37 854
408 224 1 622
408 240 17 198
408 242 55 722
408 323 31 540
408 329 7 434
408 349 5 1366
408 355 13 196
408 387 29 554
409 26 21 1062
409 30 46 683
409 58 34 333
409 77 31 1215
409 96 55 986
409 204 43 79
409 227 49 1320
409 301 41 849
409 323 13 459
409 325 1 247
409 360 37 1376
409 361 7 314
409 362 11 247
409 377 25 1318
410 2 50 1259
410 76 43 1369
410 127 19 519
410 136 7 437
410 158 28 325
410 163 25 161
410 178 58 754
410 187 31 1183
410 283 15 130
410 289 2 488
410 299 39 1092
410 349 35 826
410 359 46 773
410 362 11 624
411 17 47 779
411 55 38 1439
411 81 29 179
411 96 43 288
411 136 7 523
411 148 13 757
411 156 3 662
411 190 16 1246
411 199 19 1271
411 263 22 1262
411 294 56 668
411 331 27 194
411 341 49 346
411 365 31 1279
411 366 25 1048
412 9 34 1185
412 13 27 1399
412 24 7 717
412 164 4 82
412 193 58 746
412 249 50 467
412 269 11 1024
412 270 1 832
412 302 43 75
412 303 41 188
412 310 19 342
412 351 37 991
412 357 16 932
413 2 19 1259
413 10 56 730
413 31 37 354
413 151 46 280
413 161 23 128
413 167 14 1071
413 172 51 1141
413 208 34 1142
413 227 25 954
413 291 31 1029
413 390 43 987
413 397 7 773
413 400 4 918
414 4 55 333
414 27 49 62
414 40 33 238
414 77 46 1215
414 134 5 166
414 140 58 867
414 147 1 55
414 181 28 35
414 246 19 476
414 264 37 262
414 272 25 324
414 275 7 922
414 315 43 1393
414 365 39 243
414 373 13 1481
415 8 7 855
415 51 37 50
415 56 31 124
415 68 44 975
415 96 13 986
415 133 25 582
415 221 52 125
415 249 19 1452
415 277 41 119
415 303 5 699
415 309 55 963
415 373 1 860
415 386 10 1407
416 58 41 1291
416 59 26 899
416 60 49 46
416 152 20 889
416 165 1 1192
416 171 10 863
416 181 33 35
416 211 55 921
416 231 46 865
416 314 7 637
416 345 13 1088
416 369 58 816
416 376 37 323
416 388 43 1041
417 41 3 999
417 116 22 707
417 150 53 142
417 244 13 1317
417 249 7 486
417 283 19 130
417 301 17 849
417 306 25 895
417 331 15 993
417 354 31 219
417 374 37 361
418 33 13 1281
418 79 35 2
418 94 1 1206
418 116 25 707
418 118 50 1228
418 120 55 26
418 155 9 75
418 168 19 409
418 244 5 595
418 333 37 1460
418 349 41 1017
418 352 44 798
418 381 59 1487
418 383 31 1143
418 384 28 1353
419 21 31 238
419 90 1 536
419 144 43 846
419 173 11 851
419 174 28 77
419 185 9 164
419 217 15 1417
419 262 50 112
419 266 22 485
419 280 59 103
419 292 33 204
419 320 55 1260
419 368 19 979
419 395 37 61
420 11 19 1337
420 14 1 878
420 18 57 942
420 39 8 259
420 74 44 245
420 93 50 826
420 189 37 755
420 227 13 210
420 268 40 1451
420 278 5 112
420 298 23 1023
420 353 11 1375
420 394 31 783
420 399 25 947
421 62 33 1155
421 85 15 1051
421 162 53 868
421 208 58 1347
421 219 49 1473
421 240 13 1253
421 256 41 1369
421 259 47 985
421 279 8 674
421 283 31 130
421 291 19 600
421 330 11 959
421 338 2 1223
421 349 23 344
422 80 7 55
422 98 31 664
422 110 21 594
422 129 38 166
422 170 23 50
422 181 53 936
422 223 40 88
422 248 16 799
422 256 5 122
422 262 49 1471
422 269 47 288
422 307 10 1479
422 362 3 144
422 369 58 978
423 1 1 72
423 33 44 929
423 70 25 955
423 121 19 554
423 167 31 658
423 169 11 448
423 189 40 755
423 204 9 79
423 240 7 393
423 258 4 988
423 275 49 922
423 283 15 526
423 292 56 107
423 310 37 342
424 19 7 299
424 67 31 56
424 68 4 345
424 75 17 706
424 111 29 528
424 148 13 778
424 173 25 851
424 190 10 921
424 192 23 730
424 200 56 1107
424 252 58 134
424 328 34 535
424 379 53 157
424 397 49 906
425 24 43 544
425 27 25 62
425 44 31 1306
425 84 37 758
425 89 49 1095
425 144 13 551
425 173 35 221
425 180 23 119
425 189 52 1253
425 202 40 1007
425 203 55 1017
425 244 3 1317
425 305 28 660
425 326 7 328
426 79 23 1192
426 81 1 485
426 90 55 525
426 140 17 552
426 170 35 989
426 220 13 455
426 227 43 430
426 235 11 457
426 245 27 397
426 249 19 1082
426 294 59 668
426 297 31 1314
426 322 4 749
426 331 25 194
426 352 7 200
427 30 55 1327
427 38 31 1209
427 116 19 707
427 121 1 1022
427 164 7 82
427 166 5 1325
427 183 37 417
427 202 52 1163
427 216 44 1473
427 271 10 506
427 294 13 668
427 296 34 1102
427 364 15 329
427 379 17 157
427 381 41 551
428 4 17 747
428 13 1 883
428 23 5 226
428 77 10 1207
428 90 37 1104
428 118 7 108
428 143 58 749
428 154 40 1205
428 181 25 35
428 274 13 706
428 318 19 1393
428 366 23 1048
428 399 27 851
429 32 45 435
429 45 31 220
429 73 13 556
429 118 37 108
429 123 1 500
429 134 9 641
429 224 7 661
429 228 19 720
429 276 17 1150
429 291 49 600
429 314 22 637
429 354 27 219
429 360 58 292
429 386 52 1407
430 56 50 124
430 108 21 1108
430 202 25 1007
430 235 39 457
430 237 19 1356
430 272 1 192
430 282 23 444
430 300 35 658
430 326 43 328
430 345 4 448
430 350 7 667
430 359 28 1253
430 371 13 164
430 380 31 212
430 398 37 914
431 2 28 411
431 89 37 1095
431 101 40 968
431 111 23 279
431 125 13 66
431 134 17 641
431 152 8 1068
431 164 1 278
431 179 33 1268
431 183 20 1180
431 322 50 987
431 331 31 1232
431 345 43 448
431 377 25 946
432 124 25 1155
432 135 14 1079
432 144 49 551
432 166 39 1325
432 175 56 1229
432 197 1 1200
432 203 19 1008
432 213 17 555
432 314 8 327
432 366 41 179
432 380 31 1288
432 394 43 553
433 32 49 932
433 76 37 294
433 134 41 641
433 185 29 585
433 188 9 1340
433 190 1 640
433 200 7 1107
433 235 19 457
433 243 21 1073
433 254 43 1158
433 330 53 338
433 336 4 967
433 340 57 1176
433 343 13 841
433 370 34 91
434 58 41 1222
434 73 31 605
434 81 7 485
434 84 10 337
434 96 15 288
434 204 13 1014
434 218 29 727
434 227 55 210
434 230 2 1029
434 244 39 1317
434 250 23 1274
434 297 51 70
434 316 44 100
434 380 19 750
435 18 22 942
435 25 40 10
435 75 3 1229
435 79 1 1403
435 103 19 1130
435 110 26 594
435 113 28 1478
435 134 55 641
435 136 32 437
435 213 43 307
435 218 46 904
435 241 7 1030
435 323 13 1298
435 352 37 798
436 6 31 1115
436 36 22 664
436 68 19 345
436 81 11 179
436 92 37 1323
436 94 1 857
436 108 35 773
436 167 50 1334
436 179 44 935
436 182 27 173
436 221 40 420
436 244 25 1317
436 285 14 1155
436 333 7 99
436 369 56 978
437 24 13 717
437 26 58 1175
437 36 29 552
437 45 40 394
437 63 25 729
437 112 1 386
437 141 47 720
437 160 7 958
437 173 23 1266
437 276 5 588
437 319 19 527
437 329 31 434
437 334 35 871
437 346 11 1191
437 351 49 708
438 34 35 1440
438 43 4 1161
438 71 7 1448
438 73 55 1131
438 114 25 392
438 123 14 619
438 129 47 1142
438 152 31 552
438 162 23 868
438 244 52 1317
438 319 19 1374
438 352 40 798
438 368 1 1178
438 381 29 245
439 1 1 24
439 49 4 845
439 68 14 345
439 80 17 1016
439 118 20 763
439 134 11 641
439 183 46 1180
439 238 55 619
439 241 25 51
439 294 23 668
439 311 29 966
439 316 37 624
439 350 31 1449
439 369 9 816
440 48 19 1068
440 58 49 973
440 67 22 56
440 107 1 1053
440 117 34 349
440 142 43 542
440 149 9 537
440 202 52 1007
440 203 37 148
440 248 28 799
440 280 5 360
440 306 55 304
440 359 13 484
440 385 17 1263
441 12 49 40
441 50 56 148
441 80 35 1016
441 93 20 826
441 98 40 107
441 128 7 263
441 167 25 1334
441 237 10 1356
441 268 32 1135
441 315 17 786
441 317 59 756
441 371 43 1010
441 395 13 61
441 400 4 1467
442 5 37 1053
442 12 8 1056
442 17 41 779
442 36 59 1285
442 106 56 156
442 149 49 1271
442 194 35 689
442 270 19 832
442 271 28 58
442 284 13 1055
442 324 31 1086
442 363 1 422
442 365 22 1279
442 370 25 1081
442 399 3 1266
443 51 15 325
443 102 35 26
443 113 7 1005
443 118 10 1228
443 140 53 717
443 162 21 868
443 167 56 658
443 196 13 1267
443 239 47 1124
443 254 1 510
443 257 43 546
443 265 40 213
443 306 31 304
443 340 5 1176
443 342 25 978
444 2 22 411
444 82 19 241
444 86 7 1241
444 100 55 823
444 113 58 138
444 154 4 186
444 185 43 1337
444 225 45 917
444 241 37 904
444 262 51 515
444 268 31 527
444 285 28 831
444 365 25 243
445 27 28 1025
445 49 4 261
445 56 33 647
445 60 37 356
445 131 23 1313
445 134 49 533
445 160 14 958
445 163 58 610
445 166 21 1325
445 211 25 768
445 250 9 170
445 267 1 1406
445 298 47 348
445 328 51 15
445 379 11 157
446 117 10 349
446 118 25 1228
446 122 17 1234
446 148 1 778
446 165 31 807
446 223 4 68
446 250 55 170
446 298 20 835
446 308 50 221
446 330 35 1475
446 345 46 448
446 351 13 1388
446 354 37 1499
446 360 28 1376
447 43 28 847
447 111 3 435
447 120 25 311
447 136 7 756
447 144 37 551
447 160 51 20
447 271 16 506
447 274 43 706
447 281 31 190
447 283 11 130
447 328 34 125
447 331 1 1232
447 358 47 810
447 365 19 243
447 377 13 946
448 12 19 1067
448 28 58 1088
448 47 17 764
448 80 53 75
448 114 55 1390
448 129 31 166
448 169 47 594
448 233 41 467
448 265 1 655
448 272 4 192
448 281 34 190
448 325 13 247
448 329 7 57
448 351 26 1388
448 353 45 802
449 34 29 1270
449 63 55 142
449 92 1 836
449 96 49 1073
449 153 31 1011
449 219 37 608
449 220 19 223
449 227 25 86
449 237 53 1310
449 244 15 595
449 252 22 134
449 283 46 526
449 374 8 837
449 398 43 914
450 14 8 878
450 39 22 329
450 83 19 206
450 109 49 591
450 122 58 1234
450 216 31 1250
450 241 13 1030
450 257 40 605
450 318 43 1127
450 341 1 346
450 387 35 554
450 397 26 906
451 7 31 95
451 61 26 718
451 90 58 682
451 94 7 1206
451 121 13 554
451 125 43 296
451 160 39 58
451 214 49 319
451 234 1 246
451 238 55 914
451 261 35 20
451 297 21 1222
451 303 19 642
451 357 28 354
452 10 21 521
452 38 55 1209
452 70 43 1348
452 85 1 250
452 90 13 916
452 108 47 78
452 133 34 300
452 207 51 1004
452 228 58 720
452 271 19 58
452 276 25 588
452 292 27 107
452 322 37 43
452 388 16 969
452 396 10 948
453 42 47 957
453 78 49 295
453 111 5 57
453 134 3 166
453 151 19 1273
453 216 34 399
453 229 57 922
453 232 25 1285
453 272 28 324
453 278 1 112
453 299 52 1092
453 302 7 1070
453 371 37 164
453 372 13 334
453 381 17 409
454 40 11 423
454 62 25 640
454 66 7 629
454 136 49 523
454 184 31 334
454 212 1 985
454 242 19 936
454 253 41 612
454 276 17 588
454 278 29 599
454 296 22 839
454 321 37 1346
454 362 59 1113
454 369 34 816
454 384 46 795
455 20 19 378
455 30 7 1327
455 44 49 1235
455 54 28 1339
455 80 35 55
455 82 1 1221
455 157 43 444
455 176 31 96
455 183 3 850
455 207 56 1004
455 272 25 192
455 282 11 1486
455 296 13 1102
455 356 17 167
455 380 37 37
456 37 57 797
456 42 5 37
456 46 25 994
456 62 37 943
456 94 19 1218
456 107 29 1053
456 108 17 773
456 156 13 376
456 157 43 1005
456 180 55 367
456 227 49 86
456 304 10 222
456 308 7 710
456 310 1 342
456 323 31 227
457 34 21 646
457 46 37 151
457 80 5 556
457 189 31 667
457 222 16 1151
457 224 41 597
457 234 7 1284
457 241 49 1319
457 253 29 1288
457 265 34 655
457 306 55 1001
457 358 27 810
457 374 1 593
457 386 13 489
458 2 28 1259
458 29 13 1195
458 34 5 935
458 82 38 241
458 90 45 682
458 111 11 426
458 166 43 1325
458 180 35 367
458 195 32 435
458 200 19 1107
458 319 7 527
458 353 41 1375
458 384 21 1353
458 389 25 150
459 14 55 1211
459 28 40 1088
459 37 22 1438
459 69 31 1120
459 109 49 60
459 123 13 511
459 177 4 143
459 197 7 94
459 213 17 376
459 216 25 962
459 233 59 434
459 257 33 206
459 259 53 1434
459 290 43 646
459 364 1 1327
460 7 1 95
460 63 38 656
460 66 55 872
460 100 25 814
460 104 10 1123
460 190 28 1246
460 197 43 1430
460 203 13 1017
460 231 7 1423
460 293 49 779
460 295 22 291
460 301 33 849
460 352 19 1350
461 58 31 144
461 104 25 517
461 106 43 1148
461 136 2 437
461 222 33 484
461 257 13 605
461 273 49 65
461 276 23 1277
461 302 37 508
461 318 56 981
461 323 19 459
461 336 16 981
461 354 7 1499
461 400 28 918
462 12 31 1490
462 71 49 513
462 111 11 57
462 123 25 714
462 125 19 663
462 136 55 523
462 145 13 23
462 245 7 578
462 246 43 727
462 261 39 668
462 380 1 750
462 396 52 948
463 1 57 24
463 51 49 765
463 78 33 295
463 83 10 1454
463 89 25 1015
463 110 44 891
463 212 4 579
463 217 46 24
463 238 19 634
463 243 13 1073
463 291 39 600
463 303 1 642
463 305 28 314
463 324 15 1034
463 365 22 243
464 33 49 929
464 53 31 379
464 69 40 1120
464 135 2 1079
464 142 19 846
464 151 16 111
464 167 33 1071
464 225 56 58
464 280 45 103
464 304 10 267
464 336 37 967
464 349 47 826
464 362 23 1113
464 388 25 969
465 21 8 432
465 61 4 1092
465 85 38 970
465 113 49 180
465 119 1 1121
465 152 56 220
465 171 34 436
465 175 19 1427
465 177 52 1292
465 280 15 103
465 341 25 346
465 369 45 816
465 381 17 1487
466 55 27 1439
466 56 43 1314
466 71 1 631
466 107 23 980
466 128 52 131
466 192 39 531
466 248 58 799
466 273 7 759
466 286 19 973
466 307 4 483
466 339 25 1052
466 357 16 237
466 374 31 361
466 400 13 758
467 31 13 198
467 38 40 753
467 52 56 82
467 98 49 663
467 100 4 757
467 101 7 968
467 128 22 131
467 187 25 770
467 214 32 319
467 225 45 1424
467 264 43 262
467 282 19 394
467 304 58 517
467 311 2 97
467 339 38 1052
468 44 1 377
468 73 49 88
468 127 10 519
468 152 38 889
468 153 7 1049
468 168 55 659
468 186 21 1127
468 189 58 685
468 311 17 1415
468 313 5 99
468 326 13 1303
468 366 45 1048
468 367 31 394
468 390 26 1010
469 21 5 815
469 24 43 717
469 41 47 999
469 71 52 513
469 88 59 1229
469 96 19 288
469 127 16 1399
469 141 23 148
469 142 31 1299
469 144 55 551
469 158 25 20
469 202 7 567
469 247 1 200
469 256 41 206
469 330 49 959
470 41 3 138
470 65 1 747
470 130 40 1030
470 133 37 582
470 139 50 244
470 149 55 537
470 230 58 964
470 243 17 1385
470 249 7 846
470 333 13 99
470 338 31 78
470 349 11 1017
470 374 45 836
470 386 28 1407
470 387 23 554
471 24 25 123
471 28 19 1088
471 58 43 1347
471 65 47 747
471 74 49 916
471 76 58 294
471 116 34 707
471 187 7 753
471 196 15 1267
471 217 3 1417
471 253 17 645
471 259 41 985
471 300 55 687
471 338 37 1187
471 379 5 157
472 47 15 144
472 84 4 1082
472 110 25 577
472 157 19 1096
472 161 40 128
472 187 7 608
472 195 37 435
472 197 55 1430
472 232 43 326
472 265 27 1285
472 283 35 130
472 287 53 94
472 336 1 981
472 339 45 1052
473 45 55 1246
473 81 29 561
473 151 40 219
473 166 23 1325
473 179 25 935
473 191 14 101
473 199 58 923
473 226 19 1018
473 253 47 1281
473 275 1 922
473 279 37 674
473 290 31 841
473 315 35 1393
473 358 5 810
473 397 7 906
474 21 2 171
474 26 28 1175
474 108 11 78
474 142 49 1299
474 149 40 900
474 173 25 1266
474 179 55 1124
474 235 13 864
474 257 19 427
474 320 15 1260
474 329 7 957
474 341 43 687
474 345 22 1045
474 396 34 181
475 25 28 333
475 79 33 2
475 150 5 899
475 156 37 662
475 187 49 753
475 189 22 685
475 201 7 791
475 235 15 457
475 258 56 988
475 262 1 1471
475 288 35 546
475 299 10 1254
475 303 41 642
475 323 45 459
475 365 19 1279
476 87 7 1219
476 89 58 1015
476 107 23 510
476 135 10 236
476 149 34 900
476 170 38 1337
476 179 13 426
476 280 27 103
476 312 19 475
476 317 41 383
476 339 3 669
476 362 25 247
476 369 5 497
476 377 55 1318
476 400 31 918
477 47 35 764
477 58 46 144
477 91 1 1316
477 99 9 383
477 143 16 119
477 148 13 1434
477 173 3 654
477 200 11 1107
477 259 41 52
477 305 19 314
477 328 25 15
477 330 5 959
477 331 31 993
477 348 38 188
477 380 49 1288
478 58 41 1436
478 82 11 280
478 129 45 1142
478 138 13 697
478 178 43 754
478 188 55 1340
478 192 21 531
478 211 58 171
478 230 25 964
478 276 17 776
478 277 53 679
478 304 34 611
478 356 47 577
478 358 37 718
478 386 3 1407
479 6 1 1446
479 18 34 1241
479 33 39 1281
479 35 7 1226
479 51 43 765
479 53 37 379
479 57 49 1047
479 67 10 875
479 156 25 492
479 226 14 121
479 244 57 1317
479 338 19 78
479 373 31 1481
480 3 13 1263
480 66 37 1262
480 72 31 609
480 86 45 1209
480 187 50 1151
480 191 19 1300
480 261 17 60
480 265 25 213
480 322 8 989
480 334 29 871
480 339 11 636
480 358 1 810
480 365 4 243
481 9 55 1185
481 64 15 762
481 79 7 1403
481 162 13 276
481 184 28 308
481 189 25 1253
481 193 4 387
481 196 2 1267
481 228 31 720
481 284 19 1055
481 290 49 237
481 296 9 839
481 321 43 1084
481 334 35 317
481 362 23 1320
482 24 1 717
482 61 17 136
482 77 31 1207
482 100 55 385
482 107 43 510
482 110 49 891
482 202 22 1007
482 229 51 1316
482 246 37 1191
482 263 34 786
482 286 45 311
482 292 13 1110
482 311 29 1415
482 351 25 991
482 390 8 987
483 9 31 1185
483 37 10 1438
483 55 19 601
483 112 7 386
483 119 5 1121
483 154 49 186
483 171 46 436
483 189 25 667
483 193 40 746
483 276 2 776
483 304 43 611
483 327 55 729
483 331 13 1232
483 363 59 422
483 398 17 1068
484 9 7 1185
484 25 43 320
484 68 22 345
484 98 1 1039
484 99 29 1123
484 136 25 733
484 168 58 1212
484 176 31 903
484 213 53 1189
484 269 35 288
484 274 13 985
484 286 37 815
484 290 49 388
484 315 41 1393
484 390 4 1117
485 121 1 554
485 122 56 1234
485 144 7 851
485 186 59 783
485 203 49 1017
485 210 5 220
485 222 31 981
485 246 44 476
485 261 17 20
485 275 37 922
485 295 13 838
485 320 26 406
485 345 19 16
485 384 22 795
485 398 53 914
486 6 50 1446
486 14 56 599
486 36 25 1399
486 37 27 797
486 107 35 980
486 151 9 111
486 161 45 128
486 182 13 1157
486 225 19 412
486 276 1 1337
486 295 32 977
486 331 23 993
486 352 4 343
486 380 37 750
486 385 47 614
487 21 47 1026
487 63 51 1380
487 68 13 975
487 70 43 185
487 73 1 406
487 174 34 77
487 184 16 623
487 204 19 79
487 237 49 1310
487 277 59 119
487 301 39 849
487 303 55 642
487 312 28 475
487 322 31 43
487 347 57 400
488 5 55 802
488 37 37 797
488 76 13 361
488 111 39 52
488 123 7 226
488 166 49 1325
488 181 11 35
488 211 32 1356
488 237 22 1356
488 264 5 262
488 293 43 277
488 301 27 849
488 322 16 1465
489 34 25 1440
489 54 49 1339
489 95 11 604
489 98 52 663
489 159 7 711
489 161 47 128
489 223 57 597
489 245 13 397
489 247 39 485
489 258 4 1184
489 293 20 994
489 330 29 959
489 339 43 1052
489 366 27 259
489 387 33 1277
490 20 10 768
490 33 21 1494
490 73 25 927
490 77 2 1207
490 86 47 1000
490 103 31 1164
490 118 16 108
490 137 34 29
490 153 7 1430
490 186 45 259
490 236 55 1423
490 242 40 722
490 247 57 660
490 314 13 637
490 315 19 786
491 12 49 384
491 28 34 1088
491 33 13 1350
491 46 44 1075
491 67 55 875
491 82 27 280
491 111 53 99
491 221 1 904
491 281 20 610
491 331 17 194
491 334 41 120
491 344 7 1359
491 360 31 1376
491 362 37 187
491 366 11 259
492 41 11 138
492 80 5 55
492 88 59 822
492 117 43 349
492 202 8 1007
492 206 16 925
492 209 37 528
492 210 31 929
492 246 1 727
492 258 13 988
492 261 49 20
492 327 21 516
492 330 29 1499
492 363 19 1108
493 30 10 683
493 66 1 1014
493 68 49 975
493 92 7 1323
493 106 13 1148
493 166 37 1325
493 173 39 1329
493 182 26 1410
493 185 47 304
493 213 41 233
493 261 5 668
493 285 16 1334
493 301 19 849
493 302 32 1387
493 321 21 1084
494 10 1 730
494 11 49 218
494 12 43 1173
494 49 55 261
494 60 58 328
494 71 26 513
494 103 32 1130
494 152 8 889
494 169 29 1029
494 187 37 1472
494 223 16 343
494 309 19 481
494 334 53 120
494 373 13 860
495 48 31 1068
495 104 10 376
495 144 25 1197
495 177 4 1292
495 192 51 531
495 204 13 79
495 208 1 1142
495 221 57 904
495 237 7 1356
495 240 23 1253
495 247 43 46
495 254 19 510
495 300 17 403
495 303 49 642
496 7 50 961
496 17 3 252
496 46 13 151
496 49 22 404
496 56 19 124
496 133 38 300
496 167 31 1334
496 185 35 481
496 192 47 531
496 238 25 216
496 254 8 1251
496 284 43 179
496 341 57 687
496 358 55 718
496 364 5 424
497 72 1 529
497 74 37 916
497 141 49 1048
497 159 43 65
497 179 13 935
497 214 19 319
497 217 5 1410
497 265 31 213
497 294 59 951
497 335 52 805
497 345 28 448
497 382 55 1297
497 389 25 1330
497 393 7 1080
498 44 55 946
498 80 41 796
498 114 28 1390
498 136 1 523
498 139 22 244
498 148 7 1434
498 169 59 448
498 206 31 832
498 208 16 1347
498 235 25 457
498 254 37 1251
498 255 13 307
498 310 10 884
498 361 33 561
498 395 50 635
499 31 45 43
499 96 38 986
499 129 11 320
499 133 19 582
499 148 22 1434
499 156 32 662
499 182 25 1157
499 189 55 1253
499 234 50 1002
499 284 14 149
499 336 58 1070
499 351 1 708
499 366 29 259
499 382 7 545
500 4 53 430
500 23 41 727
500 73 43 661
500 94 55 1218
500 100 49 814
500 116 16 502
500 135 22 236
500 150 5 142
500 156 25 888
500 258 37 988
500 332 1 897
500 355 33 1046
500 357 13 237
500 372 19 1282
500 394 7 704
501 26 13 1175
501 40 31 423
501 71 46 513
501 73 37 406
501 103 10 1164
501 111 49 426
501 190 43 921
501 347 25 400
501 352 22 798
501 363 57 584
501 364 2 329
501 368 52 1076
501 376 33 323
501 378 59 95
501 399 27 1111
502 8 1 164
502 17 23 779
502 19 3 191
502 149 33 537
502 202 49 1163
502 231 7 292
502 235 5 864
502 251 16 736
502 266 29 1273
502 312 55 680
502 320 37 821
502 341 25 233
502 344 19 1359
502 347 46 400
502 359 10 197
503 11 9 218
503 21 51 1026
503 29 37 1195
503 59 1 182
503 142 56 627
503 166 49 324
503 204 15 1014
503 206 17 292
503 233 41 1023
503 273 43 694
503 308 31 1475
503 319 25 136
503 331 19 1232
503 338 21 1187
503 378 5 200
504 20 19 912
504 28 3 10
504 45 28 287
504 62 37 145
504 83 34 427
504 104 16 36
504 135 43 1079
504 156 55 492
504 177 7 143
504 180 59 319
504 187 49 1287
504 210 53 929
504 271 22 506
504 279 47 674
504 312 31 680
505 5 13 821
505 25 33 320
505 32 44 932
505 84 55 689
505 129 31 1142
505 159 1 530
505 164 49 82
505 172 7 1141
505 180 23 319
505 219 19 1035
505 267 11 65
505 292 25 204
505 306 51 304
505 323 37 459
506 2 34 411
506 46 19 184
506 87 55 1219
506 90 37 525
506 109 13 590
506 114 2 392
506 134 29 533
506 160 57 534
506 248 31 799
506 252 40 1309
506 254 25 1251
506 307 46 1479
506 356 50 577
506 357 7 932
507 12 56 555
507 18 37 942
507 24 19 959
507 40 15 423
507 47 41 826
507 56 4 803
507 79 11 1403
507 93 50 508
507 113 1 1478
507 175 46 1229
507 213 35 19
507 224 23 492
507 262 7 1471
507 331 25 1232
507 400 28 758
508 38 28 1383
508 49 19 404
508 57 7 1047
508 91 51 1295
508 113 37 180
508 137 46 29
508 152 13 889
508 206 53 963
508 246 1 1191
508 250 59 170
508 262 33 120
508 329 55 434
508 337 5 584
508 347 31 400
508 358 41 718
509 25 10 333
509 151 28 1183
509 158 4 898
509 163 37 1368
509 183 55 1180
509 216 7 1137
509 256 59 206
509 324 20 167
509 331 26 993
509 333 31 1460
509 372 1 1282
509 375 46 193
509 376 49 1478
510 24 37 123
510 70 26 185
510 165 56 137
510 203 43 148
510 228 7 720
510 243 13 1385
510 282 35 669
510 305 51 660
510 306 21 304
510 310 16 342
510 314 4 168
510 322 1 989
510 382 31 1074
510 391 19 1397
511 4 29 430
511 13 37 1399
511 44 19 1306
511 57 55 250
511 77 46 1207
511 82 16 241
511 148 31 1434
511 163 13 1368
511 173 41 832
511 177 7 681
511 306 25 1150
511 365 52 1279
511 368 10 1178
511 387 3 1222
512 65 4 525
512 78 55 530
512 151 31 111
512 167 25 1071
512 181 23 35
512 209 19 528
512 228 39 165
512 231 1 1423
512 243 37 1385
512 251 49 736
512 273 14 694
512 274 43 58
512 331 11 993
512 389 7 277
513 16 19 572
513 82 9 280
513 151 31 1273
513 159 45 530
513 162 15 276
513 169 5 1029
513 171 55 863
513 178 7 754
513 206 59 278
513 243 38 1073
513 247 1 664
513 350 25 1449
513 370 34 1081
513 397 49 773
514 5 43 1053
514 27 37 62
514 35 13 1226
514 84 49 898
514 107 29 738
514 181 53 656
514 196 19 1267
514 199 22 348
514 273 31 44
514 288 16 546
514 327 25 645
514 358 47 718
514 392 55 271
514 394 1 494
515 44 19 1231
515 74 55 1424
515 130 16 661
515 141 59 883
515 147 31 1014
515 148 13 811
515 171 7 519
515 208 45 1347
515 252 10 1309
515 273 38 694
515 318 1 1246
515 321 49 1346
515 329 25 434
515 363 29 822
516 12 19 40
516 23 1 1256
516 25 16 10
516 57 33 250
516 82 13 1221
516 114 37 1390
516 155 58 140
516 156 50 492
516 221 43 889
516 291 46 1029
516 292 25 1457
516 326 7 972
516 364 31 331
516 372 4 1139
517 28 37 1088
517 30 14 1327
517 46 25 184
517 91 57 1316
517 107 5 1053
517 121 31 367
517 129 1 320
517 149 43 1271
517 178 9 754
517 331 22 1232
517 339 50 669
517 352 46 1490
517 377 19 946
517 379 29 854
518 9 37 1185
518 31 44 198
518 43 25 847
518 60 13 659
518 68 1 1354
518 88 17 822
518 102 4 26
518 114 8 1390
518 144 19 1244
518 170 11 989
518 229 55 1189
518 329 32 957
518 392 52 271
519 35 19 653
519 71 22 1448
519 184 52 969
519 196 9 1267
519 197 25 413
519 216 58 430
519 253 1 612
519 262 13 120
519 279 56 674
519 302 3 422
519 326 31 972
519 340 17 1176
519 345 49 16
519 393 37 1177
519 394 43 704
520 16 7 572
520 45 34 594
520 55 37 601
520 58 53 1195
520 93 14 421
520 110 29 577
520 135 46 1079
520 145 1 432
520 146 25 879
520 202 43 1007
520 299 19 1254
520 328 31 15
520 362 55 187
520 383 49 1458
521 34 19 1440
521 95 7 1238
521 99 3 383
521 109 9 591
521 112 25 386
521 176 13 903
521 183 58 1180
521 207 21 1004
521 229 32 1121
521 253 1 1107
521 274 37 1291
521 327 49 729
521 335 28 776
521 356 23 1319
521 393 43 301
522 12 9 555
522 15 13 344
522 39 20 614
522 45 49 611
522 69 47 1120
522 116 25 502
522 122 55 381
522 142 43 1299
522 173 7 47
522 206 41 963
522 216 52 1451
522 223 58 1021
522 249 37 15
522 384 2 155
523 40 13 423
523 57 9 898
523 108 31 1024
523 147 57 1031
523 149 43 900
523 150 35 142
523 170 1 19
523 186 23 783
523 207 25 1004
523 235 50 864
523 236 19 1423
523 269 47 1024
523 295 37 291
523 353 27 1375
523 391 33 1397
524 44 51 885
524 45 4 223
524 56 55 124
524 87 1 1500
524 104 16 517
524 108 35 78
524 197 27 1200
524 271 25 58
524 287 21 1316
524 357 13 1021
524 379 58 427
524 380 7 212
524 388 46 969
524 396 40 181
525 2 40 1259
525 11 21 1351
525 20 7 378
525 67 13 56
525 93 50 421
525 123 31 511
525 148 10 778
525 152 56 552
525 185 35 304
525 187 1 770
525 216 37 1473
525 245 43 397
525 306 25 916
525 356 19 299
526 37 5 1438
526 52 29 82
526 147 25 1031
526 182 38 1157
526 196 23 1267
526 222 49 48
526 272 2 324
526 290 19 170
526 312 13 475
526 320 7 737
526 329 31 774
526 353 56 1375
526 368 52 1178
526 390 43 1011
527 31 37 150
527 32 43 1099
527 42 29 957
527 91 3 1295
527 121 25 367
527 181 7 35
527 224 1 492
527 230 22 964
527 233 35 964
527 245 55 578
527 262 31 515
527 272 10 192
527 322 52 1352
527 373 13 647
527 396 19 948
528 7 55 95
528 11 37 1045
528 55 43 592
528 136 1 1122
528 172 32 1290
528 249 27 1082
528 263 7 1262
528 267 47 65
528 287 41 638
528 300 59 403
528 313 13 805
528 325 19 436
528 393 15 1177
528 394 50 704
529 21 11 655
529 26 40 1062
529 32 31 932
529 48 25 252
529 62 50 640
529 125 1 66
529 140 13 329
529 203 7 1017
529 233 5 338
529 251 22 1068
529 272 57 187
529 282 35 394
529 379 47 358
530 11 39 218
530 25 3 923
530 35 58 1226
530 88 29 872
530 90 22 682
530 172 13 1290
530 227 49 210
530 255 55 307
530 292 31 1302
530 295 43 838
530 314 19 774
530 321 7 1084
530 378 37 1164
530 394 25 228
531 19 43 191
531 26 31 1062
531 32 1 588
531 55 26 1336
531 65 15 525
531 91 59 1295
531 111 17 57
531 143 10 867
531 202 55 1007
531 262 45 1471
531 324 49 1034
531 330 39 111
531 337 34 584
531 385 37 1411
531 388 22 969
532 4 31 553
532 9 1 1185
532 109 39 888
532 111 43 435
532 120 16 1183
532 130 55 326
532 138 7 652
532 169 37 448
532 186 19 542
532 197 49 1430
532 222 4 981
532 236 29 1423
532 250 25 170
532 345 46 221
532 357 13 932
533 26 34 1062
533 34 11 216
533 41 47 138
533 48 49 519
533 143 40 749
533 159 55 788
533 165 3 478
533 166 9 1325
533 261 53 1022
533 282 31 1478
533 305 43 314
533 318 13 1158
533 343 1 1265
533 380 26 212
534 18 52 1241
534 49 34 261
534 67 31 875
534 75 17 682
534 87 9 1500
534 114 43 1462
534 172 19 1141
534 173 23 1329
534 201 1 910
534 233 11 434
534 289 25 488
534 320 55 406
534 344 13 995
534 356 49 511
534 399 37 851
535 1 16 24
535 17 53 779
535 53 29 379
535 63 43 729
535 155 22 140
535 156 25 662
535 183 31 850
535 214 7 1172
535 248 19 799
535 272 34 324
535 274 37 706
535 280 49 103
535 333 2 1460
535 371 56 828
536 2 31 1259
536 108 56 867
536 118 52 108
536 130 49 393
536 166 15 1325
536 190 45 1246
536 202 4 567
536 266 13 638
536 283 39 130
536 295 25 515
536 322 58 1352
536 345 19 506
536 350 7 1449
536 366 43 259
536 368 22 1076
537 41 23 138
537 42 19 813
537 51 13 765
537 105 32 116
537 163 55 610
537 172 7 461
537 225 43 1273
537 260 1 117
537 267 5 1406
537 271 17 58
537 280 21 103
537 285 50 831
537 331 27 1232
537 394 37 494
538 16 49 572
538 76 38 1369
538 79 3 2
538 88 53 659
538 106 31 1148
538 108 11 1108
538 121 19 367
538 136 7 1122
538 232 35 738
538 237 47 1310
538 274 55 1291
538 351 13 708
538 354 43 1499
538 383 26 1389
539 31 7 692
539 47 43 144
539 87 5 1500
539 98 34 943
539 157 19 444
539 179 13 1124
539 183 37 1180
539 214 25 399
539 243 3 1385
539 277 11 315
539 297 49 613
539 336 55 1070
539 337 45 584
539 349 53 1366
539 352 40 1490
540 50 19 350
540 53 41 379
540 69 17 1120
540 71 49 631
540 126 25 1222
540 155 31 140
540 190 7 1246
540 203 13 148
540 236 47 296
540 296 1 839
540 317 23 383
540 328 10 109
540 329 56 957
540 364 5 108
540 372 43 1282
541 20 15 912
541 23 13 1256
541 51 1 50
541 74 31 245
541 93 44 338
541 122 19 381
541 128 10 263
541 131 23 66
541 200 27 1107
541 201 50 791
541 302 37 772
541 346 5 1006
541 391 21 1397
541 392 41 271
542 6 1 405
542 34 5 1380
542 56 10 124
542 73 26 971
542 74 13 245
542 110 19 594
542 115 46 1235
542 187 49 1183
542 205 21 48
542 215 56 157
542 242 31 936
542 265 34 213
542 285 43 831
542 321 37 980
542 328 7 656
543 7 31 961
543 69 37 295
543 113 10 1005
543 140 35 1265
543 207 17 1327
543 252 28 545
543 285 4 1334
543 295 1 291
543 299 7 1254
543 334 13 842
543 350 43 984
543 383 19 1143
543 394 39 783
543 400 25 758
544 25 10 10
544 48 31 519
544 51 49 733
544 54 34 1339
544 112 20 386
544 164 53 746
544 208 4 1142
544 238 7 914
544 267 59 1006
544 273 55 960
544 279 1 674
544 311 37 1415
544 324 26 1086
544 353 17 1375
544 397 39 36
545 31 55 150
545 48 19 1256
545 99 38 1123
545 116 52 699
545 145 44 23
545 164 59 600
545 170 23 1337
545 184 49 334
545 213 17 233
545 246 7 727
545 298 31 455
545 322 13 1465
545 336 25 967
545 341 1 233
545 349 5 392
546 4 17 1065
546 11 51 1356
546 79 29 1192
546 94 25 857
546 105 40 116
546 155 7 995
546 250 11 483
546 274 13 1383
546 277 47 1403
546 282 57 394
546 333 1 99
546 343 19 841
546 382 31 1297
546 391 5 1397
547 69 45 1120
547 75 41 706
547 78 51 295
547 99 5 383
547 134 3 641
547 158 28 383
547 168 58 659
547 199 9 923
547 239 23 1124
547 270 15 425
547 277 34 119
547 293 19 37
547 307 55 483
547 308 25 710
547 393 37 301
548 34 7 1440
548 52 17 711
548 66 13 1262
548 106 37 156
548 167 49 93
548 247 43 485
548 252 55 545
548 255 25 496
548 267 47 1406
548 314 22 774
548 355 3 196
548 366 41 683
548 389 10 934
548 398 59 1038
549 55 38 102
549 63 13 1380
549 73 57 605
549 88 5 872
549 148 49 1187
549 161 53 128
549 233 33 467
549 289 1 357
549 306 25 1001
549 334 17 842
549 347 55 475
549 371 8 1253
549 399 44 1398
550 18 52 942
550 37 16 1438
550 59 19 899
550 66 25 1039
550 126 31 709
550 134 47 641
550 152 1 1366
550 177 13 1292
550 229 37 487
550 235 43 864
550 243 5 1073
550 302 55 1387
550 327 7 516
551 19 37 299
551 48 34 1484
551 53 1 1231
551 90 31 682
551 122 15 381
551 181 5 936
551 216 7 1414
551 224 17 492
551 260 49 117
551 282 19 669
551 300 11 687
551 331 21 993
551 354 55 1275
551 383 25 1112
551 398 59 1034
552 12 31 866
552 57 26 261
552 69 20 1120
552 73 49 1021
552 86 1 1209
552 107 3 1053
552 113 46 180
552 201 43 583
552 225 37 1424
552 298 5 139
552 303 8 895
552 332 57 897
552 355 23 425
552 382 13 1074
553 65 13 747
553 76 25 1369
553 90 28 144
553 112 40 517
553 172 19 461
553 175 37 1229
553 209 7 528
553 224 53 661
553 252 16 1309
553 302 55 422
553 316 1 1096
553 327 32 645
553 337 11 584
553 358 51 718
554 11 19 197
554 12 25 541
554 78 41 530
554 96 31 288
554 144 1 551
554 152 14 1366
554 183 52 1180
554 272 7 324
554 285 55 831
554 293 37 779
554 352 43 1490
554 368 46 1178
554 381 35 646
554 386 58 489
554 391 10 1397
555 68 25 975
555 71 13 631
555 97 7 199
555 144 49 409
555 199 28 923
555 216 16 761
555 298 53 455
555 303 22 895
555 304 40 611
555 332 1 315
555 340 20 1132
555 342 37 1454
555 380 31 37
555 395 43 61
556 46 49 1075
556 108 53 1024
556 140 41 1265
556 169 45 738
556 171 37 863
556 177 32 143
556 187 13 1472
556 233 29 964
556 265 7 213
556 273 25 960
556 289 55 780
556 310 10 342
556 320 21 1056
556 362 19 247
556 395 1 61
557 18 1 1241
557 43 25 1416
557 48 22 604
557 74 7 252
557 79 11 2
557 106 52 1148
557 110 15 594
557 139 46 244
557 148 19 757
557 155 5 995
557 184 28 716
557 186 55 259
557 234 39 1002
557 279 57 20
557 343 13 181
558 32 57 333
558 37 32 797
558 52 13 82
558 80 41 55
558 82 11 241
558 120 34 1169
558 124 37 1155
558 143 7 660
558 185 53 1059
558 228 46 508
558 276 17 1277
558 281 43 190
558 303 15 895
558 329 49 957
558 379 23 561
559 42 25 813
559 65 44 747
559 95 47 604
559 113 22 1478
559 115 4 1235
559 133 19 300
559 166 28 1325
559 169 2 8
559 195 55 820
559 229 37 604
559 270 10 832
559 293 32 1380
559 377 7 1318
559 380 13 750
559 400 49 918
560 43 37 1494
560 79 41 2
560 89 25 1095
560 115 1 1235
560 116 22 502
560 133 49 300
560 134 9 166
560 232 7 326
560 263 19 546
560 270 4 832
560 271 11 58
560 300 59 527
560 302 13 1387
560 305 46 660
560 317 29 756
561 20 52 378
561 63 26 142
561 84 55 700
561 115 19 1235
561 158 37 171
561 181 9 35
561 183 16 417
561 251 46 736
561 257 34 1126
561 286 1 311
561 300 23 403
561 310 43 1277
561 315 59 786
561 340 49 1176
561 378 5 95
562 82 44 241
562 100 46 385
562 128 37 263
562 145 15 933
562 156 1 534
562 186 59 259
562 195 22 435
562 207 27 1004
562 240 55 1059
562 256 29 743
562 268 50 582
562 361 8 561
562 381 35 551
562 384 19 155
563 45 9 394
563 46 38 994
563 69 29 1120
563 85 43 522
563 94 13 857
563 102 22 26
563 129 3 320
563 158 57 52
563 172 31 524
563 179 25 1124
563 235 47 864
563 281 19 190
563 303 17 642
563 317 35 523
563 322 49 439
564 20 25 912
564 36 53 938
564 51 7 50
564 61 11 717
564 98 16 107
564 149 4 900
564 205 34 1266
564 206 29 963
564 223 37 1490
564 235 1 457
564 364 59 331
564 365 40 1313
564 386 31 489
564 398 13 1034
565 42 5 300
565 61 59 1163
565 79 19 1403
565 136 39 733
565 168 1 409
565 173 9 1266
565 210 35 240
565 277 13 356
565 327 44 764
565 343 11 181
565 362 21 247
565 369 37 816
565 370 52 1081
565 379 23 854
565 393 25 1177
566 14 1 599
566 46 14 1075
566 49 52 891
566 92 7 248
566 104 21 1123
566 128 40 263
566 131 19 925
566 142 31 638
566 181 46 936
566 185 29 903
566 241 25 1030
566 315 59 156
566 324 55 1086
566 360 43 1376
567 27 31 62
567 77 26 1215
567 78 19 295
567 147 43 1014
567 149 7 900
567 164 37 600
567 178 56 754
567 225 39 412
567 256 35 743
567 273 21 960
567 286 51 973
567 307 14 1479
567 312 10 475
567 368 58 1178
567 376 1 388
568 24 38 717
568 32 25 1099
568 67 4 875
568 95 59 1238
568 113 13 1478
568 116 46 502
568 216 22 1473
568 273 49 2
568 328 19 15
568 337 1 584
568 339 34 636
568 354 7 1487
568 373 16 860
568 374 55 743
569 4 41 553
569 63 43 1380
569 87 25 1219
569 91 7 1295
569 114 19 392
569 126 55 1222
569 169 59 1316
569 190 37 958
569 208 1 1347
569 244 10 1317
569 289 32 357
569 302 50 772
569 398 47 914
569 399 13 1266
570 13 44 883
570 120 22 1131
570 137 37 1313
570 146 13 879
570 153 25 1049
570 165 7 137
570 196 57 1267
570 204 4 79
570 205 49 58
570 235 41 864
570 272 28 192
570 294 11 951
570 371 31 768
571 20 28 912
571 47 37 144
571 55 20 622
571 76 51 1369
571 86 35 772
571 100 7 971
571 169 47 770
571 184 58 334
571 212 25 985
571 252 31 134
571 278 4 1131
571 354 14 1275
571 360 10 1376
571 378 41 200
572 8 3 164
572 32 31 1099
572 37 47 797
572 75 5 1229
572 155 7 140
572 157 37 1096
572 171 52 863
572 185 17 370
572 215 19 1336
572 221 10 926
572 254 13 591
572 278 28 112
572 318 55 1127
572 340 45 1176
573 23 47 1127
573 63 1 656
573 88 41 822
573 103 34 1164
573 131 59 925
573 147 19 323
573 230 28 948
573 231 51 292
573 237 25 1356
573 250 23 170
573 351 14 991
573 357 7 237
573 385 37 309
573 390 10 1010
573 397 43 781
574 55 25 102
574 66 31 872
574 149 16 900
574 163 46 1368
574 169 53 8
574 241 1 1030
574 269 13 1024
574 293 9 779
574 334 5 842
574 339 55 1052
574 362 41 247
574 368 19 1076
574 387 7 1222
574 393 57 172
575 19 53 636
575 37 1 1438
575 62 37 1486
575 117 58 349
575 162 34 868
575 180 29 319
575 200 21 1107
575 208 13 1347
575 273 49 960
575 277 47 640
575 279 32 674
575 306 25 1404
575 328 43 535
575 337 7 893
575 347 5 400
576 23 5 727
576 35 34 653
576 109 43 837
576 112 10 386
576 120 7 1169
576 141 59 65
576 154 37 186
576 165 1 137
576 179 51 426
576 194 31 573
576 195 40 820
576 283 17 130
576 291 19 1029
576 302 27 75
576 381 47 551
577 23 53 727
577 50 49 347
577 69 7 845
577 103 13 1130
577 115 43 1235
577 120 46 1169
577 149 56 900
577 165 38 1192
577 170 29 988
577 184 34 623
577 185 11 304
577 258 1 988
577 259 59 999
577 298 16 455
577 346 4 1254
578 41 15 999
578 131 51 925
578 134 31 641
578 153 4 1430
578 171 19 863
578 201 25 791
578 204 47 79
578 227 33 430
578 264 28 262
578 280 7 103
578 327 38 516
578 343 1 1407
578 376 43 1323
578 380 9 750
578 400 58 918
579 40 39 423
579 62 56 1376
579 78 5 295
579 79 1 2
579 83 43 1454
579 121 7 953
579 122 50 381
579 173 53 221
579 207 37 1004
579 252 28 134
579 318 31 309
579 332 20 22
579 341 13 687
579 388 25 1041
580 36 5 664
580 53 35 379
580 83 7 1413
580 131 47 925
580 153 40 1430
580 171 32 863
580 177 1 143
580 186 53 1127
580 191 19 179
580 208 28 1347
580 211 58 841
580 310 25 342
580 346 23 597
581 10 31 730
581 76 4 361
581 96 56 577
581 111 17 279
581 128 40 131
581 142 25 542
581 189 13 667
581 202 1 567
581 226 49 1018
581 301 29 849
581 311 10 1415
581 326 43 972
581 334 7 218
581 399 19 1287
582 21 53 1026
582 116 1 502
582 183 49 1180
582 229 7 1234
582 240 15 1253
582 241 32 1030
582 247 43 1329
582 259 23 171
582 268 4 1135
582 298 39 169
582 300 13 575
582 329 19 957
582 363 41 791
582 394 25 553
582 397 56 139
583 2 13 1259
583 29 39 197
583 47 49 144
583 73 43 406
583 154 34 186
583 194 11 573
583 199 1 1271
583 202 8 1163
583 214 19 1172
583 232 37 455
583 250 31 170
583 270 25 832
583 365 28 243
583 368 16 1076
583 391 53 1397
584 12 39 184
584 39 34 614
584 115 1 4
584 142 15 496
584 176 50 796
584 213 37 111
584 261 47 36
584 294 28 951
584 333 55 1460
584 337 9 584
584 340 26 1176
584 367 43 1118
584 377 22 946
584 385 19 307
585 8 5 855
585 82 3 280
585 88 35 872
585 89 15 1095
585 127 10 1399
585 224 13 661
585 241 38 51
585 270 31 425
585 296 58 1102
585 319 43 1059
585 328 22 125
585 341 26 952
585 370 19 1184
585 391 51 1397
586 52 29 1471
586 60 19 926
586 113 16 180
586 143 3 660
586 180 1 119
586 197 55 1200
586 211 49 1413
586 256 31 660
586 275 25 787
586 280 33 103
586 292 43 204
586 298 47 169
586 300 23 658
586 310 37 884
586 330 11 634
587 5 20 873
587 16 13 572
587 38 31 1225
587 84 1 1139
587 170 41 50
587 197 7 413
587 231 34 865
587 282 11 444
587 296 55 1102
587 300 47 658
587 320 49 406
587 355 17 1046
587 377 58 1318
587 381 29 646
588 26 1 1062
588 122 17 120
588 140 55 717
588 144 50 506
588 158 46 171
588 164 41 82
588 205 58 706
588 228 31 737
588 232 13 738
588 233 43 459
588 264 39 262
588 331 7 194
588 365 28 1279
588 384 25 155
589 20 45 912
589 69 29 662
589 74 55 245
589 99 19 1123
589 111 59 99
589 115 16 1235
589 144 33 1197
589 178 53 754
589 203 38 1008
589 208 21 689
589 245 49 578
589 281 10 610
589 283 43 130
589 321 25 980
589 375 4 34
590 4 53 333
590 19 41 191
590 34 19 646
590 64 1 1013
590 94 49 208
590 99 13 1123
590 141 17 815
590 192 31 531
590 200 58 1107
590 204 22 79
590 235 7 457
590 292 9 1302
590 312 34 680
590 337 25 893
591 2 1 1259
591 40 16 123
591 47 11 250
591 76 4 1369
591 97 19 199
591 140 23 1281
591 187 31 1319
591 188 13 1340
591 192 25 531
591 217 47 485
591 219 51 711
591 222 37 623
591 226 7 937
591 347 49 400
591 367 56 738
592 79 15 2
592 164 25 278
592 213 53 1497
592 214 31 1027
592 216 58 1451
592 217 43 967
592 233 11 622
592 243 35 1385
592 258 22 1027
592 263 55 786
592 264 45 262
592 275 1 787
592 294 9 951
592 301 50 849
592 393 27 1365
593 14 49 1211
593 42 28 813
593 82 1 280
593 101 43 968
593 145 3 1291
593 167 45 1334
593 190 55 23
593 201 58 583
593 209 31 528
593 267 35 1122
593 275 19 477
593 310 13 1277
593 359 40 773
593 386 9 489
594 23 17 986
594 27 7 1025
594 47 59 1222
594 100 10 814
594 107 15 1053
594 131 55 243
594 209 43 528
594 235 5 457
594 246 19 1191
594 275 31 922
594 312 25 680
594 327 37 645
594 339 29 636
594 362 41 144
594 382 1 1074
595 14 7 599
595 38 58 15
595 98 13 107
595 155 45 140
595 205 55 47
595 216 22 1250
595 224 29 669
595 225 1 1273
595 247 51 485
595 268 34 527
595 277 17 1479
595 308 19 1475
595 317 5 523
595 336 31 706
595 373 25 860
596 38 49 842
596 48 52 604
596 73 43 1021
596 75 17 984
596 81 47 1086
596 106 25 156
596 116 7 502
596 154 2 1205
596 194 56 573
596 232 39 738
596 267 31 537
596 298 59 361
596 313 11 99
596 320 33 1260
596 355 41 1046
597 2 13 411
597 10 19 730
597 31 1 692
597 38 34 223
597 65 11 747
597 112 46 1108
597 119 5 1262
597 136 25 756
597 140 53 552
597 152 49 679
597 198 7 854
597 297 56 1314
597 339 23 636
597 389 31 1330
597 390 43 1080
598 2 34 1259
598 7 49 95
598 21 17 432
598 26 1 1175
598 140 53 1191
598 173 11 654
598 189 46 1253
598 197 7 424
598 225 19 1424
598 241 56 855
598 284 25 179
598 322 13 1241
598 384 39 795
598 389 4 934
599 20 34 912
599 28 7 809
599 34 49 1380
599 61 59 136
599 63 1 142
599 81 13 485
599 117 25 349
599 126 43 1222
599 183 52 417
599 243 29 1073
599 308 56 1475
599 324 37 1274
599 347 15 400
599 373 10 1119
599 388 19 969
600 5 31 1053
600 36 51 1048
600 65 3 747
600 88 11 1229
600 125 19 296
600 158 28 20
600 186 15 1127
600 211 37 874
600 233 47 1023
600 253 17 612
600 259 53 228
600 266 9 485
600 304 43 517
600 392 1 1196
600 400 25 1467
601 47 23 515
601 95 55 778
601 122 57 381
601 128 28 131
601 143 7 1150
601 145 49 432
601 168 40 1212
601 171 37 436
601 273 2 960
601 294 21 668
601 336 10 1484
601 342 25 605
601 371 43 164
601 388 14 1041
601 397 31 773
602 31 27 1113
602 50 46 350
602 60 31 636
602 79 21 1403
602 150 23 765
602 170 5 1246
602 256 53 1281
602 277 39 119
602 294 37 668
602 357 7 1021
602 359 16 347
602 400 13 918
603 16 32 572
603 55 1 1439
603 65 7 747
603 78 58 530
603 83 40 122
603 111 5 528
603 115 55 4
603 126 9 1374
603 134 53 533
603 216 16 1473
603 258 50 988
603 312 37 680
603 366 27 1048
603 392 19 271
603 399 43 1266
604 67 4 56
604 100 37 663
604 124 26 1289
604 130 49 412
604 155 52 140
604 156 43 492
604 183 19 417
604 188 1 44
604 203 7 469
604 220 13 1013
604 223 58 1490
604 235 33 864
604 363 31 791
604 372 55 1282
604 377 40 1318
605 45 25 1246
605 68 7 975
605 125 19 66
605 131 59 1045
605 139 1 1199
605 142 15 1225
605 146 55 879
605 163 4 225
605 174 43 77
605 211 46 555
605 225 49 220
605 240 13 1059
605 256 39 206
605 325 33 247
606 14 37 1211
606 77 13 1207
606 89 22 1095
606 91 41 1295
606 130 10 627
606 134 19 641
606 151 45 219
606 177 16 143
606 215 1 698
606 246 25 279
606 272 31 324
606 281 34 610
606 303 43 642
606 393 49 1177
606 398 29 747
607 30 25 1327
607 55 37 622
607 85 2 970
607 88 7 1229
607 117 13 349
607 124 19 1398
607 137 52 29
607 189 16 685
607 243 33 1073
607 311 10 966
607 314 49 327
607 321 43 1346
607 351 55 1474
608 46 26 1075
608 47 13 144
608 49 45 404
608 56 49 647
608 71 31 1351
608 103 4 1164
608 168 19 1212
608 211 15 841
608 223 22 88
608 280 57 103
608 313 9 805
608 347 1 400
608 355 11 1046
609 43 31 1416
609 73 55 88
609 85 27 247
609 138 37 1114
609 151 13 1273
609 162 9 276
609 235 25 864
609 244 22 1317
609 303 19 895
609 315 7 1393
609 317 59 523
609 327 51 645
609 359 16 962
609 385 35 309
609 397 1 906
610 7 37 961
610 141 23 326
610 144 13 851
610 163 43 1368
610 221 46 889
610 231 31 865
610 233 55 459
610 256 53 206
610 310 7 884
610 332 25 22
610 338 49 370
610 359 34 439
610 360 4 1189
610 382 19 1362
610 400 10 758
611 8 1 961
611 31 33 692
611 87 11 1219
611 100 4 871
611 109 43 716
611 111 55 94
611 146 19 495
611 256 49 1369
611 294 53 668
611 331 9 993
611 339 27 1052
611 355 37 1046
611 357 13 354
611 361 39 564
611 366 17 259
612 9 43 1185
612 74 19 252
612 76 28 361
612 84 31 1082
612 85 55 601
612 100 34 385
612 148 16 757
612 162 23 397
612 219 39 1035
612 264 9 262
612 272 52 187
612 286 1 815
612 294 7 951
612 317 47 383
612 365 13 243
613 40 19 123
613 86 59 1000
613 102 39 26
613 127 25 519
613 135 8 1079
613 136 55 756
613 143 28 867
613 174 13 77
613 243 33 1385
613 252 21 1309
613 327 49 516
613 333 43 1460
613 350 1 1449
613 368 16 979
614 46 55 1075
614 60 37 948
614 79 23 1403
614 117 19 657
614 136 43 1122
614 143 31 749
614 177 34 1292
614 233 47 1099
614 235 9 864
614 263 13 1412
614 281 25 610
614 291 16 1029
614 298 49 348
614 301 5 849
614 364 11 331
615 47 41 815
615 83 22 427
615 95 43 1238
615 97 37 199
615 104 1 376
615 110 7 594
615 157 49 938
615 175 13 1427
615 205 56 1266
615 223 10 1465
615 343 59 1288
615 354 25 1000
615 369 32 816
615 388 19 1041
615 391 17 1397
616 2 10 1259
616 35 55 653
616 93 49 338
616 120 1 1169
616 127 22 1399
616 130 31 326
616 168 34 1212
616 197 37 424
616 223 26 88
616 280 53 103
616 288 17 1404
616 295 4 838
616 323 43 227
616 363 47 422
616 371 13 1085
617 37 7 797
617 39 4 614
617 63 25 656
617 95 9 1238
617 118 58 108
617 142 31 496
617 150 11 798
617 178 17 244
617 184 21 455
617 194 19 573
617 316 13 926
617 320 49 1260
617 338 43 370
617 389 37 277
617 400 1 601
618 35 7 653
618 47 5 144
618 55 25 172
618 134 53 641
618 141 29 770
618 171 43 436
618 194 58 573
618 211 31 1316
618 252 16 134
618 277 21 119
618 315 47 156
618 344 1 382
618 379 10 60
619 2 49 411
619 43 7 866
619 57 25 1047
619 106 4 156
619 143 1 1150
619 148 37 778
619 156 55 662
619 164 10 278
619 171 40 1352
619 185 35 903
619 276 29 1277
619 331 33 993
619 395 13 635
619 397 43 906
620 23 16 1256
620 39 44 614
620 43 19 866
620 64 1 1299
620 68 10 1354
620 88 35 659
620 97 31 199
620 153 52 1011
620 234 56 1002
620 295 40 291
620 358 49 718
620 395 25 61
620 398 7 1034
621 1 34 24
621 54 43 1339
621 107 17 980
621 141 32 883
621 147 7 1031
621 178 3 754
621 266 41 344
621 279 21 674
621 287 5 638
621 302 13 75
621 335 28 921
621 349 59 1017
621 357 25 932
621 376 37 388
621 383 55 1112
622 11 49 1068
622 17 17 1096
622 23 41 226
622 94 13 1206
622 119 57 1415
622 141 53 182
622 150 25 689
622 173 59 851
622 183 19 850
622 196 11 1267
622 202 28 1163
622 225 32 1424
622 332 37 22
622 355 47 425
622 388 7 969
623 48 19 604
623 112 25 1108
623 114 40 392
623 115 43 4
623 122 11 120
623 171 7 863
623 176 56 903
623 189 34 1253
623 201 49 583
623 224 53 622
623 247 14 249
623 342 28 249
623 361 3 1454
623 375 46 34
623 391 1 1397
624 5 13 873
624 24 51 959
624 40 45 423
624 83 9 206
624 122 43 381
624 162 1 276
624 164 5 278
624 166 41 324
624 185 59 987
624 204 49 79
624 210 35 1306
624 286 55 973
624 293 31 277
624 299 22 1254
625 8 25 855
625 56 16 124
625 88 11 872
625 128 43 131
625 148 7 778
625 160 27 958
625 167 38 658
625 272 22 192
625 301 3 849
625 322 13 15
625 333 49 1436
625 373 34 1481
625 383 56 1458
626 17 57 1271
626 28 16 1088
626 53 50 379
626 71 34 1351
626 92 39 100
626 117 10 657
626 184 52 955
626 212 7 943
626 220 45 1131
626 242 25 936
626 298 5 455
626 301 21 849
626 310 2 884
626 368 28 1178
627 5 55 1241
627 28 4 1088
627 66 37 1023
627 104 31 376
627 123 49 500
627 140 35 552
627 146 26 819
627 158 20 171
627 175 1 476
627 223 10 917
627 228 44 720
627 253 53 1266
627 336 7 967
627 399 14 1287
628 11 43 249
628 18 31 942
628 19 59 299
628 44 19 377
628 50 56 350
628 78 17 52
628 121 13 367
628 143 10 660
628 148 34 778
628 156 25 534
628 162 23 349
628 286 49 497
628 325 37 247
628 377 1 1318
628 384 7 795
629 8 59 961
629 39 22 259
629 207 49 1004
629 226 43 1018
629 287 17 1320
629 297 1 613
629 310 19 884
629 327 7 764
629 342 26 171
629 348 13 188
629 360 55 292
629 369 53 816
629 396 34 962
630 1 7 533
630 26 56 1062
630 44 43 946
630 49 10 404
630 71 25 289
630 72 19 529
630 96 2 288
630 112 28 1108
630 150 34 1049
630 194 41 573
630 234 49 1284
630 247 15 200
630 359 37 358
630 368 31 1076
631 10 31 834
631 52 11 1471
631 75 53 1212
631 142 20 1493
631 205 37 846
631 208 16 689
631 245 7 823
631 259 47 645
631 272 13 192
631 287 57 638
631 294 1 951
631 306 3 1404
631 319 43 136
631 335 40 776
631 398 35 914
632 12 55 954
632 14 31 599
632 38 37 268
632 71 4 631
632 92 19 1323
632 109 14 248
632 137 22 29
632 181 45 35
632 212 28 579
632 240 35 198
632 340 25 1132
632 353 40 802
632 397 50 1490
632 400 1 918
633 19 32 191
633 29 49 19
633 40 29 238
633 45 34 287
633 98 58 1493
633 100 20 1386
633 124 25 8
633 136 37 756
633 191 8 101
633 212 44 579
633 319 1 933
633 354 13 1487
633 391 55 1397
634 6 31 1446
634 76 10 361
634 95 40 326
634 115 52 4
634 119 5 1310
634 147 43 1031
634 155 13 140
634 217 1 765
634 241 56 51
634 257 25 867
634 258 7 988
634 264 3 262
634 306 19 1150
634 310 28 884
634 328 49 535
635 3 7 1411
635 65 13 525
635 132 55 224
635 145 26 432
635 212 16 579
635 257 40 1126
635 273 2 694
635 283 23 526
635 297 19 1314
635 299 32 1092
635 326 45 1303
635 363 35 863
635 372 52 1282
636 79 5 1192
636 80 17 75
636 163 7 225
636 184 19 334
636 191 31 179
636 211 13 1151
636 295 10 838
636 313 25 1070
636 314 27 637
636 315 59 210
636 316 50 624
636 325 1 158
636 350 55 317
636 394 43 783
636 395 38 635
637 1 49 955
637 75 17 1490
637 102 26 26
637 115 34 4
637 149 28 537
637 165 20 807
637 179 1 426
637 214 55 319
637 262 43 515
637 265 10 1285
637 273 13 960
637 277 5 1479
637 308 7 1475
637 341 38 346
638 17 59 1349
638 22 13 46
638 43 37 880
638 50 20 467
638 54 40 1339
638 61 27 1356
638 62 31 640
638 87 53 1219
638 139 1 1473
638 195 55 435
638 233 29 622
638 234 49 246
638 309 8 481
638 316 44 989
638 339 5 669
639 49 22 150
639 55 13 1494
639 87 59 1219
639 88 7 822
639 116 10 502
639 125 43 66
639 144 25 551
639 242 40 936
639 263 4 805
639 313 53 831
639 321 55 980
639 327 31 1418
639 347 35 400
639 359 1 1164
639 369 51 816
640 11 19 1173
640 21 55 1026
640 48 14 1484
640 116 58 699
640 124 37 8
640 143 1 867
640 216 49 1451
640 227 25 210
640 253 5 1288
640 275 43 787
640 310 32 129
640 317 17 51
640 356 29 511
640 371 7 1085
640 375 52 193
641 3 31 1411
641 15 50 344
641 36 26 333
641 95 17 488
641 119 29 1298
641 137 13 29
641 148 57 778
641 153 37 1430
641 166 35 1325
641 212 46 714
641 263 7 546
641 331 5 194
641 353 1 802
641 377 22 1318
641 398 41 914
642 39 19 329
642 111 29 426
642 135 49 1079
642 167 55 1071
642 178 17 780
642 183 43 1180
642 194 46 573
642 199 10 348
642 227 39 86
642 236 27 1423
642 288 1 923
642 310 13 342
642 312 22 475
642 331 7 1232
642 379 35 157
643 10 31 1138
643 12 3 555
643 27 10 1025
643 42 17 37
643 66 57 629
643 95 7 749
643 126 50 809
643 147 25 323
643 152 13 552
643 164 46 82
643 189 43 1253
643 190 22 23
643 257 37 1126
643 368 19 1178
644 57 19 1047
644 61 46 884
644 84 57 399
644 98 25 412
644 109 37 60
644 159 7 788
644 163 1 1368
644 168 4 409
644 189 43 755
644 203 51 1008
644 233 55 467
644 327 31 516
644 359 28 962
644 369 11 492
644 397 13 906
645 65 53 525
645 72 55 609
645 86 59 444
645 118 7 1228
645 142 2 385
645 155 10 140
645 168 37 1051
645 172 31 461
645 195 25 820
645 241 15 1319
645 278 13 1131
645 313 35 805
645 361 43 1406
645 385 41 1263
645 394 20 704
646 24 20 717
646 40 37 423
646 98 16 943
646 100 39 385
646 201 1 583
646 202 55 567
646 206 35 963
646 209 25 528
646 227 49 954
646 280 47 103
646 351 43 1258
646 377 32 1318
646 385 59 1183
646 394 7 553
647 42 23 813
647 96 7 986
647 123 25 511
647 148 40 757
647 173 35 47
647 239 29 277
647 242 19 722
647 243 47 1073
647 254 31 669
647 257 52 427
647 305 14 314
647 313 11 805
647 355 5 196
647 382 56 595
647 394 1 783
648 10 19 1138
648 49 7 404
648 121 13 1022
648 136 55 437
648 166 25 1325
648 186 51 259
648 219 1 1035
648 221 40 125
648 256 5 883
648 269 27 1024
648 301 23 849
648 375 10 34
648 388 34 1041
648 393 43 550
649 13 19 1352
649 21 59 432
649 49 1 261
649 72 43 609
649 76 34 294
649 84 49 738
649 116 10 707
649 142 13 385
649 211 40 1413
649 224 17 669
649 254 25 510
649 269 29 1024
649 315 55 936
649 388 37 969
650 2 22 1259
650 9 50 1185
650 82 57 280
650 114 7 1279
650 151 43 111
650 155 5 75
650 163 19 1368
650 195 26 435
650 201 16 791
650 202 46 1007
650 241 37 1319
650 281 1 610
650 287 11 405
650 358 34 718
651 1 25 24
651 76 10 1369
651 92 34 1323
651 119 59 83
651 140 5 1074
651 186 29 1127
651 193 55 746
651 195 37 820
651 245 19 823
651 272 40 192
651 283 23 130
651 314 43 637
651 317 47 523
651 353 13 802
651 394 1 553
652 40 10 123
652 67 49 875
652 74 55 432
652 88 59 872
652 113 34 180
652 116 43 699
652 185 47 1021
652 193 22 746
652 231 7 865
652 259 13 597
652 329 26 57
652 330 4 634
652 375 16 34
652 382 37 1074
653 64 19 1013
653 70 8 955
653 83 16 427
653 146 31 879
653 210 35 855
653 278 2 1131
653 292 49 1110
653 312 43 475
653 320 25 420
653 330 41 1499
653 341 56 346
653 343 23 841
653 362 47 1113
653 363 5 1191
653 367 37 1118
654 24 49 717
654 72 1 693
654 141 29 883
654 154 14 186
654 179 7 1268
654 203 43 469
654 211 58 781
654 226 25 937
654 230 40 948
654 259 17 879
654 314 37 327
654 345 22 448
654 353 31 1375
654 384 19 208
655 61 19 497
655 77 16 1215
655 90 46 525
655 95 21 1238
655 111 53 435
655 123 8 511
655 171 31 436
655 178 40 754
655 179 55 935
655 180 23 367
655 316 49 219
655 319 1 1493
655 327 25 516
655 369 43 816
656 14 25 599
656 75 11 467
656 112 46 386
656 128 13 263
656 129 16 166
656 144 55 1244
656 183 1 1180
656 184 37 308
656 189 31 755
656 227 19 439
656 297 49 201
656 298 35 455
656 323 7 1298
656 363 23 1108
657 5 3 873
657 27 19 1025
657 79 7 2
657 83 44 122
657 122 37 381
657 165 13 807
657 190 34 921
657 229 55 536
657 244 1 1317
657 333 26 1436
657 342 49 436
657 366 31 1048
657 369 9 978
657 379 53 83
657 381 41 245
658 10 50 521
658 11 39 249
658 28 46 1088
658 48 10 1021
658 163 34 161
658 185 59 585
658 227 1 210
658 269 37 1024
658 291 56 600
658 307 31 483
658 315 15 786
658 338 26 1223
658 367 19 947
658 390 7 1010
659 48 7 798
659 65 37 747
659 71 15 1448
659 91 4 1316
659 106 1 156
659 164 59 82
659 189 22 934
659 212 44 985
659 232 13 718
659 246 55 727
659 258 10 1027
659 263 25 786
659 306 32 895
659 358 39 718
659 374 49 240
660 20 7 768
660 23 17 226
660 29 13 409
660 51 39 172
660 93 31 421
660 94 25 1206
660 123 1 511
660 141 53 815
660 145 19 564
660 161 47 95
660 192 29 531
660 218 23 904
660 263 49 786
660 283 59 130
660 332 55 315
661 38 10 1287
661 81 59 1086
661 105 37 116
661 106 7 156
661 115 31 1235
661 134 1 641
661 194 29 573
661 258 22 988
661 275 13 477
661 277 17 679
661 288 25 10
661 289 49 780
661 293 3 277
661 336 34 967
661 362 41 624
662 31 20 276
662 43 13 880
662 72 55 693
662 112 49 1108
662 119 11 1298
662 131 38 925
662 162 31 868
662 179 25 426
662 184 40 158
662 247 33 1244
662 270 4 425
662 353 47 802
662 355 53 1046
662 359 8 962
662 375 1 34
663 50 44 1155
663 87 49 1219
663 92 22 100
663 128 19 131
663 135 31 236
663 139 40 244
663 140 47 717
663 146 51 879
663 193 16 387
663 199 28 348
663 204 5 779
663 300 34 510
663 316 55 624
663 337 37 893
663 373 10 647
664 51 26 1221
664 84 13 48
664 101 55 968
664 114 49 1462
664 125 37 296
664 141 11 182
664 156 19 888
664 220 1 223
664 240 53 198
664 278 35 599
664 282 23 394
664 302 31 75
664 344 43 1359
664 368 7 1178
665 38 4 363
665 41 38 138
665 67 43 875
665 105 7 116
665 118 16 763
665 136 49 437
665 221 1 420
665 248 13 799
665 252 25 1309
665 260 56 117
665 267 29 476
665 288 41 1086
665 311 59 1415
665 354 19 219
666 25 10 1413
666 58 47 56
666 111 5 435
666 138 25 652
666 148 1 1434
666 199 16 1271
666 205 13 47
666 226 19 937
666 244 45 1317
666 259 23 879
666 294 29 668
666 322 31 1465
666 327 55 1418
666 339 7 669
666 363 49 314
667 9 10 1185
667 17 25 52
667 44 49 1231
667 81 29 485
667 115 58 4
667 147 31 55
667 161 19 1454
667 225 39 448
667 237 27 634
667 259 37 228
667 274 1 706
667 290 13 646
667 300 53 123
667 325 43 669
667 328 22 15
668 13 55 883
668 35 31 653
668 50 52 148
668 55 13 592
668 116 4 707
668 130 34 326
668 144 8 68
668 184 37 773
668 254 27 591
668 272 46 192
668 297 19 70
668 346 25 360
668 355 50 425
668 366 41 259
669 31 2 1113
669 67 13 875
669 71 40 513
669 77 43 1215
669 82 29 280
669 113 22 1005
669 161 11 1274
669 170 59 865
669 181 47 656
669 241 55 1497
669 254 25 828
669 287 17 624
669 306 7 1404
669 348 52 188
669 390 34 1080
670 54 7 1339
670 56 10 1314
670 111 35 279
670 112 37 517
670 148 49 778
670 151 43 280
670 153 13 1011
670 168 46 409
670 226 31 966
670 227 55 86
670 243 40 1385
670 254 1 444
670 296 28 839
670 341 19 1381
670 366 16 1048
671 1 46 72
671 64 37 1299
671 110 15 577
671 111 17 528
671 121 7 367
671 148 31 778
671 179 19 426
671 212 34 579
671 230 55 964
671 231 43 865
671 245 1 578
671 286 25 973
671 303 51 642
672 3 31 1065
672 51 37 765
672 122 27 381
672 204 5 1014
672 266 59 485
672 269 25 1024
672 293 14 779
672 337 43 584
672 350 55 1449
672 353 7 1375
672 357 21 237
672 368 10 979
672 379 19 1310
672 392 35 1196
672 397 1 139
673 47 35 1222
673 77 16 1207
673 88 11 659
673 156 38 492
673 222 44 623
673 311 27 1415
673 322 13 1352
673 331 19 993
673 336 8 268
673 339 50 1052
673 356 53 299
673 363 5 1273
673 364 23 331
673 371 55 164
673 379 1 60
674 100 52 385
674 113 26 1005
674 120 56 1169
674 124 31 1289
674 162 29 1180
674 175 7 1427
674 229 43 604
674 236 59 1423
674 237 37 634
674 297 13 940
674 323 19 1298
674 355 39 1046
674 396 1 1412
675 31 50 276
675 35 2 1226
675 103 58 1164
675 122 33 381
675 193 16 746
675 214 25 700
675 241 43 855
675 245 19 397
675 251 10 710
675 373 37 647
675 391 29 1397
676 6 43 1446
676 33 31 926
676 48 4 798
676 95 29 326
676 101 59 968
676 103 1 309
676 164 13 278
676 180 11 367
676 185 17 481
676 195 37 770
676 275 19 922
676 284 55 1055
676 331 7 993
676 339 41 1052
676 398 51 914
677 24 31 717
677 43 10 133
677 56 40 124
677 76 49 294
677 133 52 300
677 138 43 652
677 225 19 1225
677 229 1 1234
677 271 8 58
677 272 16 324
677 287 37 1316
677 334 29 842
677 355 23 1046
677 359 58 358
678 3 2 1411
678 20 16 378
678 27 43 1025
678 61 29 497
678 110 9 891
678 116 19 502
678 132 25 224
678 229 55 1295
678 236 41 1423
678 251 46 710
678 265 13 655
678 286 37 659
678 317 35 1104
678 329 31 57
678 333 49 99
679 34 23 646
679 55 1 172
679 59 43 899
679 83 55 122
679 136 25 437
679 175 16 1229
679 185 11 585
679 220 7 427
679 221 49 889
679 237 21 1310
679 318 37 1127
679 343 29 206
679 379 35 854
679 388 52 1041
680 19 29 832
680 40 1 123
680 59 19 182
680 121 50 953
680 128 43 263
680 140 11 1102
680 191 37 101
680 200 3 1107
680 227 7 439
680 228 34 737
680 235 27 864
680 323 13 540
680 344 55 1223
680 386 31 1407
681 14 49 599
681 30 55 683
681 95 25 1238
681 116 46 699
681 125 31 66
681 134 43 533
681 145 13 1023
681 162 37 276
681 276 35 1277
681 293 1 1380
681 295 7 291
681 312 28 680
681 327 20 645
681 392 39 271
682 47 11 764
682 78 22 530
682 89 20 1095
682 103 46 1130
682 139 25 244
682 199 7 348
682 206 32 925
682 236 1 846
682 253 59 612
682 313 35 99
682 329 37 57
682 339 29 1052
682 356 4 299
682 381 41 747
683 80 41 75
683 98 52 107
683 108 5 78
683 163 31 161
683 214 13 319
683 262 7 515
683 272 19 324
683 300 57 575
683 320 43 821
683 340 3 1132
683 352 37 343
683 355 34 425
683 375 49 34
683 380 25 1403
684 23 25 226
684 46 31 1075
684 55 49 115
684 79 35 1192
684 116 1 707
684 150 17 765
684 161 53 95
684 228 19 165
684 259 27 597
684 261 41 515
684 276 29 1150
684 290 13 971
684 302 37 1387
684 359 58 546
684 360 43 292
685 20 4 378
685 44 55 1235
685 62 43 640
685 92 19 100
685 115 49 4
685 151 1 111
685 206 17 832
685 259 25 597
685 270 38 832
685 311 47 1415
685 314 28 327
685 324 7 1274
685 358 32 718
685 397 13 773
686 29 37 19
686 37 4 797
686 91 13 1316
686 110 29 891
686 120 25 1169
686 145 21 432
686 165 43 807
686 188 49 1340
686 238 56 216
686 243 47 1385
686 268 1 1135
686 336 9 672
686 364 7 329
686 369 19 978
686 378 53 1164
687 27 25 1025
687 32 49 1099
687 48 43 519
687 50 10 350
687 75 41 437
687 90 46 1357
687 207 39 1004
687 226 14 937
687 250 35 1274
687 283 37 130
687 322 31 1352
687 337 29 584
687 354 55 1000
687 362 53 1320
687 370 1 893
688 5 19 1241
688 33 25 929
688 58 5 1195
688 80 29 796
688 149 58 537
688 153 55 1011
688 161 3 128
688 165 43 137
688 177 39 143
688 214 49 1172
688 280 23 103
688 321 31 1084
688 328 16 15
688 376 7 388
688 400 13 1467
689 4 23 747
689 7 7 169
689 71 4 513
689 85 51 1051
689 122 49 1234
689 136 31 1122
689 201 37 583
689 236 57 1423
689 262 19 1471
689 276 1 356
689 315 59 1393
689 316 26 926
689 365 43 1313
690 15 1 585
690 16 26 572
690 36 34 664
690 85 55 871
690 97 51 199
690 107 10 738
690 136 43 733
690 185 47 903
690 217 19 1417
690 224 39 669
690 235 31 457
690 259 37 52
690 313 59 820
690 354 13 1499
690 368 7 1076
691 7 7 95
691 20 25 378
691 44 31 377
691 56 1 647
691 122 4 381
691 134 47 533
691 192 37 730
691 227 19 1320
691 243 49 1385
691 277 59 679
691 297 13 289
691 299 43 1254
691 325 51 247
691 362 39 144
691 392 56 1196
692 53 57 379
692 65 10 525
692 93 31 826
692 136 13 756
692 156 43 534
692 240 52 393
692 254 38 1001
692 269 1 1024
692 285 7 1155
692 308 4 1475
692 330 35 959
692 357 22 932
692 360 19 1376
692 371 27 222
693 20 58 378
693 55 43 1439
693 80 47 75
693 104 7 376
693 120 10 1183
693 123 49 226
693 194 13 573
693 223 28 1021
693 244 17 595
693 277 31 52
693 364 15 331
693 380 1 212
693 387 53 600
693 391 35 1397
694 5 37 1241
694 12 31 384
694 42 13 300
694 48 58 604
694 51 7 325
694 58 11 1195
694 129 49 1142
694 160 25 358
694 163 16 1368
694 180 5 319
694 221 51 1065
694 229 43 487
694 312 1 680
694 328 19 125
695 15 43 585
695 88 5 659
695 90 28 682
695 106 19 1148
695 118 7 763
695 172 14 1141
695 181 3 35
695 222 10 623
695 234 37 246
695 274 55 241
695 282 41 1478
695 303 26 642
695 306 50 1001
695 341 31 233
696 35 10 653
696 64 43 619
696 71 13 513
696 117 1 657
696 129 28 166
696 151 4 111
696 196 16 91
696 228 40 720
696 252 7 1309
696 296 55 839
696 305 31 314
696 317 35 51
696 321 19 980
696 355 37 196
696 391 25 1397
697 18 40 942
697 25 37 320
697 41 26 999
697 58 19 1222
697 122 51 1234
697 133 10 300
697 181 1 35
697 197 55 424
697 221 31 125
697 240 7 1059
697 250 29 1274
697 297 13 1314
697 312 34 475
698 3 43 1263
698 8 23 961
698 11 31 249
698 36 29 664
698 94 37 1218
698 100 7 385
698 102 52 26
698 130 10 1281
698 148 58 544
698 166 41 1325
698 173 15 669
698 223 55 1021
698 225 25 1273
698 254 1 1251
699 1 13 72
699 67 1 56
699 130 40 661
699 152 33 679
699 172 7 1290
699 202 4 1007
699 213 59 307
699 268 28 1451
699 280 51 103
699 337 31 584
699 394 19 783
699 396 37 248
700 26 43 1062
700 34 5 646
700 91 11 1316
700 151 2 1383
700 153 31 1049
700 156 37 534
700 167 7 658
700 232 35 841
700 273 49 1113
700 315 29 210
700 324 56 1274
700 344 19 403
700 369 16 816
700 399 25 896
701 54 13 1339
701 57 31 337
701 204 11 1014
701 218 4 904
701 236 29 1184
701 253 21 612
701 255 1 307
701 265 16 1285
701 271 44 506
701 274 25 816
701 295 49 838
701 365 58 1279
701 369 23 816
701 399 37 384
701 400 7 758
702 24 27 544
702 31 55 198
702 41 25 138
702 116 31 707
702 170 10 1158
702 180 53 502
702 185 47 585
702 208 34 1347
702 246 19 727
702 252 40 134
702 276 5 1337
702 281 7 610
702 292 49 1302
702 321 13 1346
702 338 1 1187
703 14 25 878
703 44 7 1231
703 74 49 1424
703 118 40 108
703 138 31 697
703 174 19 77
703 184 16 308
703 201 13 583
703 265 45 655
703 270 37 425
703 303 3 642
703 311 23 1415
703 340 1 1176
703 399 55 1398
704 21 49 1026
704 45 46 394
704 105 55 116
704 109 37 597
704 139 1 244
704 162 17 397
704 205 10 47
704 207 58 1004
704 208 25 1142
704 217 13 1410
704 239 4 1048
704 287 41 1053
704 308 7 221
704 379 35 83
705 29 13 1104
705 130 31 661
705 150 11 873
705 155 56 140
705 201 8 853
705 232 2 718
705 233 4 467
705 237 27 1310
705 314 43 327
705 330 41 57
705 339 53 1052
705 343 17 206
705 367 20 737
705 369 47 816
705 371 37 1085
706 12 49 1049
706 14 45 599
706 29 1 1195
706 61 53 136
706 78 39 295
706 110 10 594
706 174 7 77
706 192 14 938
706 216 16 1137
706 259 20 597
706 298 5 835
706 310 28 342
706 361 55 1406
706 388 34 969
707 26 37 1175
707 41 20 138
707 77 49 1215
707 151 40 1273
707 152 43 679
707 207 11 1004
707 223 22 1021
707 241 55 1319
707 243 5 1385
707 245 1 823
707 254 13 588
707 319 7 317
707 345 25 1045
707 400 32 758
708 44 43 885
708 93 7 508
708 95 19 1238
708 139 34 244
708 197 51 1200
708 211 16 1026
708 223 37 88
708 231 4 1423
708 240 21 1059
708 252 13 134
708 279 49 674
708 294 25 951
708 304 57 222
708 306 27 587
709 73 43 15
709 76 25 361
709 90 34 144
709 117 50 349
709 121 19 953
709 138 37 697
709 163 7 161
709 210 17 1306
709 247 3 46
709 259 47 228
709 279 1 20
709 285 10 831
709 307 58 483
709 331 15 194
709 357 28 932
710 11 49 594
710 18 25 942
710 23 47 986
710 33 33 929
710 105 13 116
710 110 31 891
710 163 1 161
710 192 16 531
710 269 7 288
710 298 53 1023
710 322 22 1195
710 356 55 605
710 385 41 1183
710 393 57 1177
710 399 9 947
711 19 51 299
711 68 37 345
711 87 40 1219
711 95 35 1238
711 148 28 757
711 162 5 868
711 168 31 1212
711 196 7 1267
711 211 13 309
711 213 21 111
711 270 25 425
711 315 47 210
711 320 55 1056
711 336 1 967
711 370 9 893
712 20 13 378
712 78 10 52
712 150 41 1049
712 159 55 711
712 178 25 754
712 196 52 1267
712 201 3 791
712 239 1 1048
712 252 28 1309
712 260 37 117
712 272 7 192
712 322 22 1465
712 386 16 122
712 392 19 1196
713 48 1 1244
713 59 31 781
713 181 49 936
713 201 52 583
713 223 43 1467
713 239 19 277
713 276 35 1150
713 313 5 916
713 314 58 637
713 330 47 1499
713 337 27 893
713 345 37 506
713 347 17 400
713 348 22 188
713 389 10 150
714 65 22 525
714 73 44 88
714 93 25 421
714 100 31 814
714 185 19 304
714 187 7 522
714 225 39 1225
714 237 29 634
714 243 58 1385
714 279 13 674
714 286 49 815
714 306 1 1001
714 342 34 1051
714 365 16 243
715 10 7 1138
715 13 51 883
715 14 26 1211
715 42 37 813
715 56 1 306
715 100 40 814
715 133 43 300
715 138 21 697
715 156 13 534
715 168 46 439
715 180 4 119
715 213 35 307
715 235 19 864
715 245 31 578
715 335 55 1407
716 32 49 588
716 48 34 519
716 66 56 1039
716 110 1 577
716 111 14 122
716 172 43 524
716 184 4 623
716 196 47 1267
716 213 53 19
716 224 29 597
716 251 19 736
716 285 16 831
716 304 7 267
716 371 39 999
716 385 23 1263
717 40 33 423
717 41 5 999
717 42 49 813
717 59 20 1006
717 85 37 383
717 111 35 426
717 162 28 868
717 232 51 455
717 258 10 1184
717 262 56 1471
717 293 15 994
717 327 43 1418
717 341 1 687
717 385 25 307
718 4 23 1065
718 7 8 961
718 94 31 1218
718 141 17 182
718 179 1 1124
718 182 13 173
718 196 21 91
718 212 40 579
718 222 28 484
718 224 50 597
718 301 52 849
718 311 19 1415
718 334 5 218
718 359 55 358
719 50 13 350
719 115 22 1235
719 123 1 226
719 130 43 1472
719 156 31 888
719 177 25 1292
719 241 7 904
719 287 35 1320
719 300 11 658
719 306 55 1150
719 350 38 317
719 367 51 564
719 369 49 978
719 379 29 358
720 19 37 191
720 60 43 845
720 79 59 1192
720 100 31 385
720 130 20 326
720 139 55 244
720 163 34 1368
720 166 13 1325
720 229 15 396
720 259 11 645
720 292 1 107
720 295 52 838
720 316 39 651
720 332 26 315
720 346 9 597
721 36 7 664
721 100 1 757
721 104 22 517
721 107 26 738
721 142 57 487
721 185 46 1337
721 229 49 1121
721 257 43 867
721 266 35 344
721 282 55 1256
721 290 31 646
721 307 13 483
721 315 9 1393
721 326 38 972
721 381 53 1487
722 13 31 822
722 90 19 144
722 103 13 1164
722 117 37 349
722 131 53 1045
722 136 9 733
722 155 47 995
722 231 1 292
722 282 17 394
722 285 22 831
722 293 25 1380
722 340 7 1176
722 344 43 1223
722 346 55 360
722 373 4 1396
723 3 45 1394
723 36 59 773
723 57 7 1310
723 74 31 252
723 126 50 709
723 129 43 166
723 172 55 461
723 192 29 730
723 268 13 1135
723 317 41 150
723 318 37 898
723 340 21 1176
723 356 35 638
723 368 25 1178
723 389 16 1330
724 5 45 943
724 41 1 999
724 56 25 1314
724 66 13 1039
724 102 8 26
724 120 28 1169
724 203 31 1017
724 208 37 1142
724 229 50 487
724 295 55 838
724 330 11 1499
724 355 43 425
724 373 3 1119
724 384 19 795
724 391 23 1275
725 27 55 62
725 78 19 530
725 99 1 383
725 147 49 1014
725 153 28 1049
725 154 25 186
725 210 59 1306
725 234 32 1002
725 261 23 1163
725 267 53 1122
725 294 37 951
725 328 7 15
725 337 17 893
725 370 46 1081
725 391 3 1397
726 49 13 404
726 51 32 765
726 62 1 1486
726 71 19 1448
726 76 52 294
726 175 16 1427
726 199 55 923
726 227 25 430
726 247 39 664
726 261 5 515
726 327 7 1418
726 337 47 584
726 384 22 155
726 391 58 1397
727 5 50 1053
727 61 13 497
727 71 7 631
727 75 29 350
727 81 35 1130
727 99 10 185
727 108 17 78
727 164 19 278
727 188 1 321
727 189 4 755
727 197 37 1200
727 249 43 937
727 318 21 1246
727 372 26 334
728 3 49 1411
728 27 22 62
728 28 28 1088
728 67 19 875
728 113 10 180
728 176 56 796
728 192 7 938
728 198 13 854
728 263 31 1412
728 306 1 916
728 322 37 219
728 362 35 624
728 382 43 1074
729 56 25 124
729 86 19 237
729 123 8 500
729 165 43 1192
729 185 53 987
729 189 58 1253
729 227 37 954
729 247 49 706
729 249 13 486
729 264 21 262
729 317 17 523
729 338 31 370
729 345 1 448
729 384 28 795
729 396 55 181
730 63 43 656
730 79 31 2
730 84 1 374
730 95 41 1238
730 128 4 263
730 207 35 1004
730 227 19 210
730 249 37 467
730 257 16 835
730 283 55 526
730 291 13 600
730 318 57 1158
730 365 50 243
730 376 26 1154
730 384 8 208
731 4 47 430
731 14 43 1211
731 33 13 929
731 35 49 1226
731 70 57 1462
731 78 17 530
731 82 19 280
731 89 10 1095
731 184 22 623
731 226 31 1018
731 323 38 1298
731 342 1 978
731 355 28 1046
731 358 53 718
731 362 5 247
732 8 47 961
732 37 19 797
732 89 8 1095
732 97 55 199
732 104 10 517
732 110 33 891
732 143 43 749
732 176 1 903
732 228 52 737
732 281 16 190
732 331 21 194
732 360 26 1189
732 380 37 212
732 389 13 934
733 27 7 62
733 45 31 594
733 47 29 1001
733 48 34 1068
733 50 37 350
733 120 1 1183
733 196 27 1267
733 268 22 1451
733 300 11 403
733 341 13 346
733 343 47 164
733 345 19 448
733 380 55 37
734 29 7 1104
734 30 37 1327
734 45 4 394
734 84 40 1082
734 102 43 26
734 176 19 903
734 213 59 19
734 228 1 737
734 229 45 1316
734 247 49 1244
734 266 55 191
734 329 13 57
734 332 31 897
734 373 28 860
735 43 34 1416
735 93 3 826
735 104 19 36
735 134 14 641
735 149 16 537
735 172 37 524
735 188 26 321
735 220 22 223
735 289 55 357
735 291 31 600
735 304 7 611
735 311 51 1415
735 331 11 1232
735 347 1 252
735 380 43 1288
736 8 17 164
736 114 14 1390
736 138 31 1114
736 160 55 958
736 171 22 863
736 217 35 1410
736 218 29 960
736 235 1 864
736 269 7 1024
736 295 44 291
736 296 4 839
736 363 27 822
736 365 19 86
736 373 9 860
736 379 37 1121
737 38 10 223
737 137 49 1313
737 169 41 8
737 186 7 860
737 198 31 854
737 228 13 737
737 265 25 655
737 324 44 1034
737 333 20 1436
737 347 29 400
737 349 5 1022
737 351 55 1388
737 388 37 1041
738 74 19 916
738 106 28 1148
738 111 35 185
738 118 16 1228
738 149 52 1271
738 193 49 387
738 213 11 233
738 304 4 611
738 307 37 1479
738 323 44 1298
738 371 7 762
738 383 56 1143
738 384 32 155
738 391 13 1397
739 15 37 585
739 21 2 23
739 96 9 288
739 118 31 763
739 132 13 224
739 140 21 978
739 161 35 128
739 183 27 417
739 206 17 173
739 210 41 855
739 255 4 307
739 283 49 130
739 322 56 987
739 332 43 315
739 398 47 241
740 19 11 299
740 91 9 1295
740 140 35 932
740 162 59 868
740 164 3 278
740 170 13 19
740 186 55 128
740 198 50 854
740 237 31 1310
740 259 57 798
740 271 1 58
740 323 37 807
740 369 23 978
740 380 45 750
741 6 25 405
741 103 43 1130
741 154 58 1205
741 161 15 128
741 191 31 101
741 236 41 296
741 258 4 1027
741 284 37 1055
741 318 20 1158
741 340 1 1132
741 344 51 403
741 350 7 984
741 364 46 331
741 379 55 427
742 14 20 599
742 39 34 329
742 64 44 1013
742 69 57 295
742 75 59 437
742 136 49 1122
742 140 53 960
742 149 31 900
742 203 26 148
742 309 9 1350
742 339 7 1052
742 376 3 1154
742 398 39 747
742 399 14 384
743 19 25 191
743 63 7 729
743 86 43 1209
743 89 35 1015
743 114 22 1390
743 128 32 131
743 166 2 1189
743 233 29 935
743 254 45 510
743 266 11 1209
743 302 49 422
743 319 57 1059
743 337 19 584
743 357 4 354
744 40 2 423
744 64 49 216
744 79 37 2
744 80 23 75
744 103 10 1130
744 106 13 156
744 179 19 935
744 189 43 685
744 214 25 1172
744 297 32 940
744 306 55 1467
744 312 7 475
744 313 16 820
744 381 59 747
744 384 4 208
745 5 37 1398
745 42 51 813
745 127 4 1452
745 128 25 131
745 233 11 935
745 240 23 198
745 246 31 727
745 261 1 1279
745 303 9 642
745 320 19 406
745 337 35 893
745 363 55 1108
745 364 13 331
745 380 43 212
745 396 58 181
746 3 13 1394
746 12 31 761
746 37 45 797
746 38 3 1225
746 60 7 926
746 94 55 857
746 105 28 116
746 107 37 738
746 136 19 1122
746 230 40 964
746 238 50 845
746 240 1 1253
746 328 10 125
746 379 17 854
747 1 3 533
747 37 52 797
747 76 55 294
747 151 7 1273
747 164 31 82
747 198 19 854
747 207 47 1004
747 212 43 714
747 241 14 1497
747 244 50 1317
747 288 23 343
747 295 34 291
747 308 26 1475
747 309 37 963
747 400 10 1467
748 20 4 768
748 27 49 1025
748 52 53 1471
748 86 58 1209
748 90 55 682
748 103 1 1130
748 117 46 349
748 130 22 661
748 133 43 582
748 191 37 1300
748 195 19 770
748 285 25 831
748 291 16 600
748 370 28 91
749 20 1 912
749 27 58 1025
749 30 7 683
749 89 43 1015
749 95 45 1238
749 100 19 385
749 163 13 161
749 217 22 1417
749 227 37 1320
749 282 29 394
749 287 41 405
749 292 25 1302
749 305 4 1034
749 378 49 1318
750 32 32 588
750 73 1 661
750 82 17 1221
750 85 38 561
750 99 53 1123
750 142 55 542
750 183 43 417
750 222 25 484
750 226 19 966
750 234 13 1002
750 271 5 58
750 273 49 694
750 336 10 981
750 337 7 584
750 389 28 1330
751 31 19 354
751 45 52 867
751 157 13 444
751 168 4 1212
751 210 1 240
751 213 35 1497
751 237 23 1310
751 286 45 973
751 292 38 1302
751 299 49 1254
751 306 31 495
751 350 8 465
751 357 58 237
751 387 55 496
751 398 29 93
752 4 1 430
752 6 7 1115
752 48 58 519
752 56 25 98
752 82 28 241
752 115 31 4
752 154 34 285
752 166 3 682
752 289 43 488
752 298 55 348
752 302 13 954
752 312 37 475
752 319 49 136
752 351 20 1258
753 13 55 100
753 19 49 191
753 55 31 1439
753 142 19 487
753 171 28 1352
753 233 23 467
753 242 46 722
753 252 7 466
753 278 10 112
753 280 25 103
753 312 52 680
753 346 5 1075
753 382 1 545
753 383 13 1391
754 28 4 1244
754 93 57 421
754 114 52 392
754 147 9 55
754 164 13 1099
754 166 55 1325
754 178 1 754
754 213 7 111
754 231 49 865
754 240 29 1059
754 274 25 1291
754 316 31 989
754 321 44 1349
754 324 19 1274
754 334 15 842
755 2 43 1259
755 24 15 544
755 25 1 333
755 29 25 19
755 37 13 1438
755 54 22 1339
755 114 46 1462
755 123 51 511
755 139 7 1473
755 259 5 879
755 265 19 655
755 311 49 966
755 321 56 1346
756 3 1 1263
756 44 55 1306
756 88 47 872
756 98 34 107
756 122 25 381
756 125 49 66
756 224 53 669
756 243 43 1385
756 266 27 485
756 329 38 957
756 342 16 47
756 353 5 1375
756 372 7 1282
756 385 59 309
756 398 23 1038
757 46 19 151
757 58 47 1222
757 98 49 107
757 113 31 180
757 125 55 663
757 148 43 1434
757 230 7 343
757 291 13 1029
757 306 1 722
757 317 41 756
757 354 37 1487
757 372 28 1282
757 373 10 311
757 389 34 1330
758 4 17 430
758 33 44 926
758 34 11 646
758 48 28 252
758 82 22 280
758 85 55 383
758 104 7 517
758 113 34 1005
758 134 59 641
758 139 4 1473
758 169 53 594
758 171 25 863
758 181 39 35
758 187 13 412
758 218 41 960
759 5 19 1303
759 94 43 1206
759 151 25 1383
759 159 13 711
759 183 2 417
759 213 29 19
759 220 31 427
759 309 37 636
759 324 7 1086
759 325 57 669
759 334 53 396
759 336 49 1484
759 349 35 1017
760 10 25 521
760 12 8 40
760 39 37 329
760 50 58 895
760 59 50 1006
760 79 13 1403
760 148 55 757
760 152 1 679
760 155 5 140
760 174 22 77
760 264 15 262
760 277 47 679
760 317 29 1104
760 361 43 564
760 397 31 906
761 12 20 1404
761 27 46 1025
761 34 28 216
761 111 17 426
761 123 1 619
761 167 49 658
761 227 13 1329
761 279 10 20
761 296 31 839
761 335 25 776
761 342 34 248
761 372 58 1282
761 397 37 139
761 400 43 918
762 51 7 781
762 77 40 1215
762 110 27 891
762 157 31 938
762 183 4 1180
762 194 45 689
762 253 13 1288
762 254 55 940
762 255 19 187
762 281 50 190
762 345 37 16
762 356 35 299
762 387 17 554
762 391 43 1397
763 5 39 627
763 49 34 845
763 76 1 361
763 81 29 542
763 90 26 525
763 114 13 392
763 192 19 938
763 200 17 1107
763 240 37 393
763 273 55 694
763 288 47 10
763 294 23 951
763 346 11 903
763 349 51 584
763 358 49 810
764 58 1 914
764 74 37 252
764 91 46 1295
764 118 4 763
764 160 50 958
764 165 55 1192
764 177 28 1292
764 222 22 981
764 227 13 430
764 243 7 1385
764 300 41 687
764 315 25 1393
764 321 31 1349
764 341 9 346
764 398 35 1034
765 46 50 994
765 75 17 467
765 106 37 1148
765 108 41 78
765 115 46 4
765 148 25 778
765 175 22 1427
765 202 56 1163
765 204 59 79
765 245 13 360
765 252 43 1309
765 284 33 149
765 304 19 222
765 311 1 1415
765 382 8 1362
766 42 53 813
766 46 1 443
766 61 5 1163
766 64 38 940
766 70 14 185
766 81 47 542
766 104 50 1123
766 203 31 1008
766 236 35 1423
766 250 55 660
766 268 7 1451
766 338 26 370
766 347 44 400
766 373 21 1481
766 375 57 193
767 13 25 1490
767 78 47 295
767 79 15 1403
767 82 11 1221
767 101 4 968
767 108 57 1024
767 135 32 1079
767 143 37 749
767 153 1 1011
767 163 49 610
767 196 55 1267
767 210 41 1306
767 278 21 112
767 287 9 1053
767 315 7 786
768 88 3 822
768 95 25 604
768 124 13 8
768 193 8 53
768 210 5 772
768 242 28 936
768 246 55 279
768 255 49 1277
768 279 59 674
768 327 43 645
768 341 37 687
768 345 34 16
768 361 19 1117
769 58 10 914
769 110 13 594
769 114 28 1462
769 151 22 1273
769 158 4 469
769 201 7 583
769 219 43 1096
769 245 39 360
769 277 19 119
769 299 16 1254
769 301 37 849
769 322 1 43
769 347 33 400
769 398 47 185
770 14 13 599
770 120 58 26
770 141 41 786
770 146 7 495
770 155 19 140
770 161 21 128
770 222 46 981
770 260 43 117
770 290 37 646
770 339 29 1076
770 341 31 952
770 343 50 496
770 352 55 1490
770 353 1 1375
770 364 17 329
771 70 13 1462
771 81 17 485
771 100 28 385
771 130 25 309
771 135 58 1079
771 164 37 278
771 188 7 44
771 204 22 1014
771 266 47 1273
771 297 43 308
771 300 55 123
771 361 31 240
771 366 39 259
771 386 4 489
772 41 1 138
772 129 52 1142
772 145 19 1023
772 158 46 16
772 171 43 1352
772 193 58 387
772 252 31 1309
772 269 3 1024
772 304 49 222
772 321 38 1349
772 335 34 776
772 336 13 967
772 339 55 1076
772 364 9 331
772 374 26 593
773 2 4 411
773 17 55 1271
773 57 37 921
773 80 17 556
773 95 47 778
773 129 7 320
773 145 25 23
773 173 9 820
773 191 13 1300
773 195 22 770
773 254 43 410
773 268 57 582
773 336 49 967
773 338 31 115
773 352 52 798
774 45 52 611
774 49 58 952
774 210 11 240
774 224 23 250
774 244 7 595
774 249 25 1265
774 253 5 680
774 284 1 179
774 306 31 1467
774 324 37 1034
774 330 35 1499
774 343 13 496
774 363 29 422
774 384 16 795
774 390 55 1080
775 13 43 958
775 17 35 779
775 43 1 880
775 73 38 519
775 110 29 594
775 167 25 93
775 239 47 213
775 267 11 1406
775 323 7 227
775 360 22 1376
775 361 31 1454
775 363 14 1108
775 366 4 259
775 393 55 1365
776 25 40 320
776 36 37 664
776 42 44 813
776 60 52 356
776 74 19 1344
776 75 47 706
776 130 7 1281
776 164 33 82
776 206 11 173
776 243 15 1385
776 266 59 1320
776 275 55 477
776 284 1 149
776 317 5 722
776 358 31 810
777 77 13 1215
777 78 5 530
777 92 25 1323
777 101 53 968
777 114 22 392
777 207 43 1004
777 214 55 1172
777 216 7 337
777 217 59 180
777 278 35 1131
777 290 37 216
777 291 10 600
777 298 28 835
777 308 16 1475
777 390 31 623
778 5 55 873
778 10 43 834
778 34 17 646
778 71 7 289
778 99 10 16
778 123 2 714
778 137 28 1313
778 152 20 552
778 156 13 888
778 190 31 958
778 205 52 47
778 303 34 642
778 339 25 669
778 369 47 492
779 17 11 1349
779 20 37 378
779 37 17 797
779 58 1 1291
779 75 41 984
779 78 50 530
779 85 43 601
779 106 55 1148
779 117 13 657
779 172 19 1290
779 265 4 213
779 281 31 610
779 302 7 422
779 310 25 1277
780 10 25 1138
780 17 55 779
780 31 43 692
780 51 7 172
780 157 49 444
780 166 11 1325
780 173 59 221
780 179 13 113
780 185 47 623
780 210 17 929
780 222 38 484
780 237 29 1356
780 311 53 1415
780 316 1 926
780 369 21 816
781 37 1 797
781 92 16 100
781 114 52 1462
781 158 13 612
781 171 40 863
781 192 23 531
781 197 19 94
781 199 25 923
781 204 28 79
781 225 31 917
781 238 37 396
781 297 55 204
781 303 11 188
781 323 3 1298
781 393 7 1365
782 13 19 1126
782 37 3 1438
782 42 55 813
782 88 44 757
782 166 59 324
782 192 1 938
782 200 49 1107
782 287 35 405
782 290 51 278
782 313 11 820
782 321 37 1084
782 330 17 1499
782 333 26 99
782 349 47 1022
782 366 13 1048
783 25 37 10
783 89 19 1015
783 137 1 29
783 156 13 492
783 163 4 161
783 177 25 143
783 180 43 555
783 193 7 387
783 206 41 173
783 255 56 822
783 293 21 277
783 306 49 1404
783 358 10 810
783 376 31 934
783 398 29 1034
784 37 25 797
784 79 34 1403
784 131 43 925
784 151 46 1383
784 175 40 1229
784 222 55 842
784 241 7 1497
784 245 20 360
784 250 53 1274
784 300 29 575
784 370 4 893
784 376 49 1323
784 386 37 489
784 398 27 747
785 20 10 378
785 25 32 10
785 49 28 150
785 53 52 379
785 62 3 796
785 136 44 756
785 178 38 754
785 189 49 1253
785 199 25 1271
785 234 13 1284
785 242 58 722
785 276 41 1150
785 330 23 57
785 346 35 360
785 396 7 181
786 30 43 683
786 42 46 813
786 55 25 1494
786 101 51 968
786 118 20 108
786 177 1 1292
786 183 40 1180
786 187 55 608
786 195 13 435
786 205 10 706
786 206 59 173
786 237 4 590
786 313 17 261
786 368 34 1178
786 373 7 1119
787 4 31 430
787 6 37 405
787 35 43 653
787 44 7 885
787 144 49 1150
787 217 23 1410
787 244 33 1317
787 269 41 288
787 309 25 595
787 359 58 347
787 370 19 1081
787 386 16 1407
787 395 1 1016
788 18 31 1241
788 62 55 640
788 67 34 875
788 94 13 208
788 156 25 376
788 180 7 555
788 237 23 590
788 257 46 1417
788 271 21 58
788 279 3 674
788 293 9 1380
788 313 17 805
788 317 41 523
788 368 37 1178
788 380 50 37
789 67 55 56
789 104 26 1123
789 130 1 627
789 192 5 730
789 197 19 1200
789 232 43 378
789 233 17 935
789 234 45 1002
789 248 7 799
789 249 13 1265
789 294 51 668
789 355 58 1046
789 373 34 860
789 381 32 747
789 397 37 456
790 23 49 986
790 49 25 845
790 57 39 337
790 58 13 1393
790 77 20 1207
790 85 1 561
790 127 31 1399
790 134 37 641
790 140 47 1068
790 157 55 1005
790 158 16 651
790 176 43 903
790 191 8 1300
790 369 5 1319
790 375 28 193
791 13 43 19
791 20 1 378
791 107 7 1053
791 153 28 1011
791 164 40 1099
791 199 37 923
791 258 16 988
791 288 25 546
791 290 9 590
791 299 49 1092
791 301 35 849
791 326 20 972
791 332 31 22
791 373 13 1119
791 379 5 1026
792 9 58 1185
792 12 49 192
792 83 7 1454
792 86 41 1241
792 125 37 66
792 129 33 166
792 150 23 142
792 180 53 367
792 183 13 850
792 223 4 88
792 225 19 629
792 263 46 786
792 357 25 237
792 375 1 571
792 381 17 245
793 32 21 1099
793 47 59 1122
793 62 7 640
793 83 31 1413
793 143 28 119
793 164 39 82
793 240 3 1253
793 243 35 1073
793 253 44 612
793 258 13 1184
793 277 17 640
793 314 46 327
793 327 49 1418
793 341 55 233
794 35 52 1226
794 68 49 345
794 75 23 706
794 123 43 226
794 154 25 1205
794 201 40 583
794 221 33 536
794 236 17 296
794 244 28 1317
794 250 14 170
794 271 1 506
794 294 31 951
794 338 55 78
794 341 7 1381
794 342 4 605
795 5 9 592
795 7 43 961
795 24 31 123
795 46 1 1075
795 49 40 261
795 88 35 822
795 111 29 435
795 122 47 381
795 156 49 662
795 251 13 736
795 278 7 1131
795 361 20 240
795 362 16 638
795 374 56 837
795 385 37 1383
796 5 1 1303
796 8 35 164
796 116 56 502
796 150 59 142
796 156 19 376
796 165 13 1192
796 177 28 143
796 254 49 1251
796 282 37 394
796 284 43 1055
796 326 31 328
796 351 8 1388
796 366 39 1048
796 373 25 647
797 61 47 497
797 116 50 502
797 142 7 1225
797 172 1 1141
797 182 20 173
797 208 37 1347
797 214 31 1172
797 220 13 223
797 223 40 343
797 246 25 1191
797 280 43 103
797 309 56 481
797 378 35 1318
797 387 5 977
798 1 10 533
798 23 22 1256
798 61 19 718
798 89 13 1015
798 131 34 925
798 134 45 641
798 152 56 889
798 264 26 262
798 288 7 923
798 314 40 327
798 349 53 845
798 360 16 1189
798 368 4 1076
798 383 49 1143
799 2 55 1259
799 24 1 959
799 29 49 1104
799 74 37 245
799 82 21 241
799 93 32 338
799 219 25 1473
799 225 7 448
799 233 5 867
799 358 59 718
799 368 16 1178
799 389 44 1330
800 36 59 798
800 55 20 557
800 87 33 1219
800 96 25 986
800 104 13 36
800 195 49 820
800 197 1 424
800 240 5 393
800 246 43 279
800 251 16 575
800 254 8 510
800 273 38 1113
800 288 29 1275
800 307 52 1479
800 380 55 1288
801 2 40 411
801 4 5 553
801 58 59 488
801 68 25 345
801 123 32 714
801 126 55 622
801 132 19 224
801 146 49 819
801 174 37 77
801 209 1 528
801 242 43 722
801 252 46 545
801 378 29 1475
801 385 53 309
801 394 14 228
802 71 16 513
802 85 44 247
802 90 1 898
802 91 21 1295
802 120 38 1131
802 127 7 1399
802 180 23 555
802 199 31 923
802 205 34 706
802 224 51 526
802 229 55 994
802 278 59 112
802 279 19 20
802 362 53 1113
803 8 1 855
803 31 49 198
803 47 59 764
803 77 10 1215
803 89 33 1015
803 185 17 585
803 191 43 1300
803 200 29 1107
803 216 4 761
803 243 31 1073
803 278 47 112
803 300 41 123
803 305 37 314
803 321 20 1349
803 368 25 979
804 11 44 947
804 66 49 872
804 70 8 1348
804 87 57 1219
804 102 29 1172
804 122 41 1234
804 136 20 733
804 185 16 1337
804 266 31 485
804 326 25 328
804 327 37 167
804 331 4 1232
804 343 59 1265
804 372 13 1282
804 391 1 1275
805 10 19 834
805 44 43 1306
805 53 7 379
805 84 58 700
805 119 3 1121
805 161 35 95
805 171 16 1352
805 210 5 788
805 217 1 1417
805 340 13 1132
805 376 9 1154
805 377 51 1318
805 389 40 1330
805 392 33 271
806 30 16 683
806 33 57 929
806 58 11 1436
806 115 26 4
806 125 31 663
806 190 52 985
806 205 38 1266
806 210 29 1306
806 234 43 1284
806 263 19 1262
806 305 4 314
806 311 55 1415
806 314 1 327
806 342 8 605
807 130 1 1281
807 148 16 778
807 150 37 1049
807 153 10 1430
807 199 34 1271
807 222 43 981
807 244 55 1317
807 251 4 736
807 286 50 311
807 290 39 237
807 365 57 243
807 381 47 646
807 384 25 1353
807 399 20 851
808 29 26 409
808 39 43 329
808 46 31 184
808 170 53 1337
808 185 41 585
808 201 46 583
808 203 37 1017
808 220 16 1013
808 244 21 595
808 284 55 179
808 299 13 1254
808 344 7 403
808 371 49 1085
808 375 1 193
809 19 23 191
809 28 16 809
809 116 40 502
809 152 43 1366
809 153 13 1049
809 229 19 1234
809 240 59 393
809 272 34 192
809 287 53 405
809 331 29 194
809 336 25 672
809 366 57 1048
809 374 2 366
809 382 7 1297
810 64 7 216
810 66 49 700
810 78 3 295
810 80 31 1221
810 102 29 26
810 123 25 500
810 158 13 218
810 183 33 1180
810 196 1 91
810 265 58 655
810 296 16 1102
810 299 38 1254
810 350 43 1449
810 353 22 1375
811 5 19 1053
811 23 49 1256
811 80 35 75
811 91 53 1295
811 92 13 100
811 107 23 1053
811 114 3 1279
811 115 7 4
811 141 59 815
811 196 10 91
811 229 31 604
811 250 41 170
811 353 16 802
811 365 43 1279
811 390 28 987
812 27 1 1025
812 31 43 354
812 41 40 138
812 78 13 52
812 147 49 1031
812 156 20 662
812 162 38 868
812 206 4 925
812 208 10 689
812 221 34 420
812 228 25 43
812 252 31 545
812 328 7 125
812 368 55 1178
812 370 16 1184
813 7 15 961
813 22 55 97
813 43 40 1494
813 72 25 609
813 105 49 116
813 167 31 93
813 173 47 1266
813 175 21 1229
813 180 13 119
813 276 29 929
813 288 59 10
813 310 37 1277
813 339 1 140
813 353 19 1375
813 354 7 1275
814 13 31 268
814 67 22 185
814 143 44 1150
814 177 49 1292
814 201 57 791
814 265 28 655
814 280 39 103
814 281 16 610
814 282 5 444
814 292 8 204
814 296 13 839
814 313 52 820
814 387 35 496
814 399 1 1374
815 10 1 1138
815 44 55 377
815 52 23 82
815 79 5 2
815 124 14 1289
815 159 33 530
815 179 7 935
815 241 19 1497
815 302 25 422
815 307 49 1479
815 308 37 1475
815 329 43 434
815 346 59 1075
816 59 13 182
816 99 41 973
816 130 19 661
816 173 47 669
816 182 43 1157
816 230 7 964
816 242 22 936
816 283 53 130
816 295 10 291
816 315 3 786
816 370 58 1081
816 386 49 489
816 390 31 987
816 393 37 1080
817 15 20 585
817 20 31 378
817 43 40 348
817 133 46 300
817 152 13 679
817 169 37 1029
817 185 59 304
817 201 28 583
817 250 17 1274
817 271 34 506
817 273 55 2
817 286 49 659
817 298 8 139
817 394 2 228
818 55 13 601
818 75 5 706
818 81 19 485
818 100 52 823
818 131 41 66
818 134 57 533
818 175 26 1229
818 228 37 720
818 283 3 526
818 297 7 940
818 356 47 511
818 362 17 1113
818 365 34 1279
818 399 43 384
819 44 2 1306
819 81 17 179
819 140 49 1265
819 257 28 1417
819 292 55 1110
819 320 7 406
819 322 13 989
819 326 31 1303
819 334 59 692
819 335 40 1407
819 339 21 1052
819 340 53 1176
819 384 25 795
820 7 3 961
820 37 15 797
820 44 26 885
820 51 49 1221
820 79 20 2
820 88 1 15
820 145 38 432
820 148 55 544
820 186 34 542
820 235 17 457
820 266 22 1209
820 345 43 16
820 350 8 1208
820 373 31 860
821 20 4 912
821 29 55 1104
821 58 53 280
821 62 20 145
821 181 17 656
821 199 10 1271
821 265 34 1285
821 279 45 674
821 280 2 103
821 286 37 973
821 289 13 357
821 373 49 1481
821 374 25 837
822 24 31 959
822 38 46 320
822 86 37 1209
822 94 49 1218
822 98 4 412
822 153 16 1011
822 207 9 1004
822 213 29 376
822 229 39 1316
822 233 23 434
822 250 35 170
822 300 53 687
822 336 56 967
822 370 1 1081
822 391 27 1397
823 1 10 72
823 37 13 797
823 55 15 102
823 94 25 208
823 126 1 709
823 140 29 1068
823 149 46 900
823 180 5 367
823 212 55 579
823 257 19 605
823 258 7 1184
823 293 50 277
823 302 31 508
823 386 40 489
824 26 16 1062
824 33 1 1126
824 34 35 116
824 99 5 185
824 109 7 612
824 145 31 23
824 176 25 903
824 231 56 865
824 265 22 1285
824 289 45 357
824 306 37 1467
824 340 43 1176
824 381 11 1487
824 396 52 181
825 2 58 1259
825 14 31 1211
825 27 16 1025
825 47 11 515
825 73 7 1442
825 92 28 836
825 160 45 1117
825 193 4 1353
825 195 19 435
825 223 1 1440
825 266 51 1209
825 352 25 798
825 359 22 962
825 361 37 240
826 40 7 123
826 58 35 973
826 123 38 511
826 139 28 244
826 150 5 1049
826 182 31 1410
826 196 3 91
826 226 9 1018
826 230 44 964
826 289 55 488
826 305 25 314
826 341 13 233
826 362 17 247
826 399 19 1266
827 38 58 842
827 48 19 798
827 61 47 136
827 93 7 421
827 107 52 510
827 116 37 699
827 124 1 165
827 131 23 233
827 184 28 623
827 236 50 1423
827 273 43 960
827 294 35 951
827 350 13 984
828 1 10 24
828 26 40 1175
828 51 31 172
828 103 26 1164
828 133 7 582
828 194 21 573
828 215 1 157
828 226 14 966
828 233 5 1023
828 310 49 884
828 324 43 1086
828 335 55 1047
828 346 23 1085
828 372 37 580
829 45 31 223
829 57 25 250
829 136 1 756
829 141 23 815
829 181 5 656
829 210 17 855
829 267 29 1406
829 274 7 1291
829 276 47 1150
829 327 37 764
829 332 55 22
829 363 15 16
829 385 53 124
829 395 19 635
830 21 31 432
830 22 1 1080
830 111 47 426
830 125 25 663
830 134 51 533
830 185 53 903
830 190 19 921
830 265 55 655
830 266 49 485
830 273 7 694
830 323 39 341
830 328 58 763
830 350 43 465
830 372 16 1282
830 397 33 456
831 24 49 123
831 32 39 588
831 69 35 1120
831 82 5 241
831 83 25 1413
831 92 57 836
831 166 37 324
831 202 16 1007
831 210 53 1306
831 239 55 277
831 268 10 1135
831 349 47 1366
831 374 19 743
831 382 1 1297
832 52 35 82
832 60 58 845
832 86 5 1000
832 115 10 4
832 142 49 1225
832 146 31 819
832 147 1 323
832 219 43 1110
832 238 19 914
832 268 28 527
832 282 7 309
832 303 13 699
832 308 25 221
832 374 37 836
832 394 15 783
833 101 21 968
833 108 59 1024
833 118 31 1228
833 143 34 1406
833 165 25 137
833 195 40 770
833 220 7 1013
833 286 3 973
833 292 55 1302
833 304 16 222
833 328 10 15
833 361 43 240
833 369 23 764
833 372 49 1282
834 45 10 841
834 89 17 1015
834 92 7 836
834 115 37 4
834 142 25 627
834 154 20 186
834 160 43 358
834 175 40 476
834 188 34 1340
834 218 15 904
834 234 1 1284
834 253 53 1288
834 346 59 476
834 359 49 484
834 392 23 271
835 23 23 436
835 31 2 198
835 55 43 115
835 88 49 822
835 205 31 47
835 211 38 1356
835 232 53 900
835 237 13 1356
835 255 28 496
835 267 17 65
835 276 59 1150
835 300 47 123
835 325 55 1484
835 342 25 1454
835 354 8 1000
836 12 25 384
836 19 7 191
836 59 49 182
836 136 37 523
836 166 1 1325
836 219 32 1035
836 226 43 966
836 236 47 1423
836 256 55 1369
836 271 3 58
836 303 53 642
836 362 22 187
836 377 10 1318
836 383 13 1389
836 396 58 805
837 39 55 329
837 87 19 1219
837 100 52 757
837 118 45 108
837 126 37 1222
837 158 58 1383
837 275 25 477
837 302 21 954
837 316 31 624
837 324 13 1274
837 339 17 1052
837 340 11 1132
837 392 43 1196
837 400 7 966
838 56 34 124
838 57 45 822
838 74 38 1412
838 83 58 1454
838 91 15 1295
838 98 19 664
838 113 52 138
838 130 55 1030
838 137 7 1313
838 216 31 1473
838 229 25 1234
838 241 1 1497
838 308 22 1475
838 317 17 1104
839 33 19 929
839 50 25 350
839 55 49 102
839 77 43 1207
839 81 17 1086
839 137 7 29
839 143 10 1150
839 145 31 564
839 243 3 1073
839 286 13 311
839 287 5 94
839 340 40 1176
839 342 28 978
839 385 56 1383
840 23 27 1256
840 66 43 1023
840 90 10 144
840 120 19 1131
840 138 1 1114
840 148 56 1434
840 156 49 888
840 222 40 981
840 228 22 43
840 259 25 1434
840 286 31 497
840 319 13 1493
840 379 5 854
840 388 7 1041
840 389 37 1330
841 23 17 436
841 31 49 354
841 59 1 899
841 60 19 356
841 85 31 1452
841 103 46 1164
841 123 7 714
841 156 13 927
841 157 55 1096
841 183 40 417
841 186 35 783
841 222 25 842
841 363 53 791
841 378 23 292
842 11 19 945
842 14 13 1038
842 40 41 423
842 102 37 26
842 128 31 263
842 178 47 754
842 189 58 590
842 212 7 579
842 226 25 121
842 289 1 780
842 356 11 605
842 372 34 1282
842 374 49 836
842 376 43 1478
842 387 17 1222
843 1 31 533
843 26 10 1175
843 126 55 809
843 149 19 537
843 253 49 612
843 272 44 324
843 286 13 973
843 320 1 1056
843 330 59 623
843 352 34 798
843 354 37 1000
843 359 52 347
843 368 26 1076
843 370 7 1081
843 388 22 1041
844 18 16 1241
844 20 13 768
844 28 22 1088
844 31 44 150
844 66 49 1039
844 68 7 345
844 150 59 765
844 161 38 128
844 204 11 79
844 223 40 1021
844 234 31 246
844 277 4 640
844 290 27 841
844 335 19 776
844 376 55 323
845 18 46 942
845 31 50 692
845 38 43 760
845 106 34 1148
845 185 59 164
845 213 23 780
845 255 7 307
845 262 1 515
845 266 15 485
845 289 25 780
845 299 31 1254
845 366 21 1048
845 385 11 1411
845 397 37 781
846 61 53 86
846 71 39 289
846 72 7 368
846 123 14 714
846 134 23 641
846 157 49 1475
846 175 25 1427
846 196 5 91
846 242 43 936
846 268 46 1387
846 315 29 786
846 323 55 227
846 354 19 1000
846 364 3 1327
846 367 31 525
847 28 55 1088
847 29 3 19
847 74 25 245
847 86 35 1209
847 106 40 1148
847 143 13 749
847 162 46 868
847 227 31 954
847 228 43 508
847 232 59 455
847 255 37 496
847 302 50 1387
847 310 22 884
847 319 7 1493
847 400 16 758
848 39 52 614
848 47 19 1001
848 52 43 1471
848 55 55 714
848 75 23 350
848 119 41 1262
848 144 8 409
848 173 47 277
848 204 25 79
848 225 1 220
848 266 49 361
848 283 5 526
848 301 45 849
848 312 16 680
848 356 29 167
849 53 10 379
849 60 25 356
849 170 57 989
849 214 20 700
849 237 1 590
849 238 43 396
849 252 46 1309
849 254 13 410
849 281 3 190
849 288 55 10
849 309 49 963
849 354 32 1275
849 355 40 425
849 396 7 948
850 20 22 912
850 81 17 561
850 99 15 383
850 131 28 1045
850 152 37 1366
850 173 7 1266
850 189 31 1047
850 206 9 925
850 218 55 904
850 287 59 624
850 296 52 839
850 346 41 1254
850 390 19 1010
850 392 11 1196
851 4 41 333
851 32 27 588
851 60 55 926
851 143 31 119
851 162 25 397
851 169 49 770
851 250 39 170
851 277 11 640
851 284 7 149
851 296 58 839
851 297 1 70
851 354 19 1499
851 364 52 331
851 383 14 1458
852 36 49 1285
852 64 3 216
852 68 52 975
852 102 1 26
852 129 41 1142
852 130 19 1121
852 248 34 799
852 281 37 190
852 293 57 779
852 322 16 987
852 327 25 1418
852 362 29 624
852 365 10 86
852 382 44 1297
853 1 19 24
853 20 2 268
853 95 17 604
853 162 28 276
853 169 23 8
853 187 49 522
853 207 53 1004
853 210 59 788
853 219 44 1035
853 237 56 1356
853 240 10 1059
853 294 33 951
853 302 13 1070
853 377 37 1318
854 23 59 1256
854 66 25 1262
854 160 31 58
854 206 35 173
854 215 7 157
854 222 4 308
854 272 16 192
854 274 19 706
854 277 29 640
854 296 1 1102
854 304 52 517
854 306 43 916
854 334 11 871
854 371 37 1010
854 380 55 212
855 12 43 1404
855 19 21 191
855 20 52 912
855 120 16 1169
855 166 7 1325
855 171 9 1352
855 177 55 143
855 202 40 1163
855 205 31 846
855 210 29 437
855 296 1 197
855 307 25 1479
855 315 58 936
855 368 34 1076
856 10 7 834
856 30 38 683
856 60 33 356
856 70 1 1348
856 74 19 245
856 94 43 1218
856 105 58 116
856 156 51 374
856 162 11 276
856 199 13 923
856 236 23 1423
856 259 29 228
856 367 25 394
857 18 25 1241
857 24 43 959
857 41 52 999
857 93 37 826
857 108 55 1024
857 128 20 263
857 131 57 925
857 207 17 1004
857 279 3 20
857 286 8 497
857 292 31 1457
857 337 15 584
857 347 49 475
857 385 29 1411
857 398 35 1038
858 50 22 347
858 83 34 1413
858 98 19 107
858 108 57 1108
858 207 29 1004
858 225 7 1424
858 237 43 1310
858 265 13 213
858 296 37 1102
858 354 25 1499
858 360 16 1376
858 369 3 816
858 388 49 969
859 7 55 961
859 30 52 683
859 119 45 1415
859 153 22 1049
859 157 32 444
859 176 37 903
859 194 1 573
859 224 47 661
859 252 4 134
859 268 19 1451
859 283 11 526
859 311 41 1415
859 333 25 1357
859 352 49 798
859 390 13 987
860 41 28 999
860 48 40 1068
860 69 15 295
860 91 33 1295
860 143 25 119
860 164 11 1099
860 201 22 583
860 218 35 94
860 231 19 865
860 308 56 221
860 322 37 987
860 349 17 1038
860 383 2 1143
860 384 46 155
860 387 13 1222
861 25 21 320
861 34 32 1440
861 75 11 984
861 79 53 1192
861 143 13 867
861 159 26 788
861 188 37 1340
861 211 55 171
861 228 4 720
861 260 46 117
861 336 16 967
861 341 7 233
861 388 1 969
862 26 19 1175
862 44 32 885
862 61 5 136
862 68 16 975
862 73 43 605
862 129 23 1142
862 151 57 111
862 157 7 1009
862 176 37 796
862 207 41 1004
862 245 27 360
862 253 51 612
862 301 25 849
862 340 47 1132
862 364 2 331
863 15 13 585
863 50 52 350
863 63 19 142
863 71 8 513
863 78 17 295
863 90 58 525
863 201 55 583
863 227 43 1320
863 230 31 964
863 238 25 914
863 261 49 1390
863 285 1 1155
863 298 11 455
863 360 37 1189
863 377 4 1318
864 1 4 72
864 23 25 1256
864 69 55 295
864 95 1 1238
864 111 27 122
864 169 17 448
864 233 11 459
864 245 13 578
864 265 44 213
864 272 52 324
864 320 19 1260
864 338 37 115
864 348 49 188
864 380 7 1288
864 381 59 245
865 17 17 252
865 26 22 1175
865 44 13 377
865 71 25 631
865 72 50 609
865 87 3 1500
865 111 59 279
865 127 43 1399
865 141 29 815
865 169 55 770
865 254 37 591
865 287 1 1320
865 332 7 897
865 348 19 188
865 395 32 61
866 10 50 730
866 49 10 541
866 99 3 185
866 113 7 1478
866 146 55 819
866 162 1 349
866 184 40 455
866 219 25 1035
866 227 13 1320
866 262 19 515
866 275 45 477
866 298 43 455
866 327 31 167
866 353 38 802
866 363 5 1436
867 81 35 948
867 89 5 1095
867 95 49 1238
867 121 38 953
867 154 13 1205
867 158 21 1406
867 169 53 448
867 199 16 348
867 211 25 1026
867 222 56 623
867 244 19 595
867 293 7 994
867 304 2 222
867 309 31 481
867 351 44 708
868 2 4 1259
868 77 25 1207
868 86 49 1209
868 110 14 891
868 129 19 320
868 172 9 524
868 187 31 412
868 196 7 91
868 223 1 88
868 261 16 181
868 262 43 120
868 269 23 288
868 322 51 119
868 384 55 155
869 58 3 914
869 85 19 383
869 86 11 1038
869 111 5 426
869 137 55 1313
869 158 43 651
869 174 46 77
869 266 15 738
869 282 17 1486
869 287 41 1320
869 345 37 280
869 354 50 1000
869 355 1 1046
869 359 28 347
869 366 33 1048
870 52 53 82
870 76 7 361
870 123 13 226
870 162 3 276
870 165 19 137
870 178 51 754
870 186 31 1127
870 226 25 966
870 237 41 1310
870 259 1 597
870 298 49 455
870 339 34 1052
870 366 29 1048
870 371 37 1253
870 375 43 34
871 31 25 198
871 35 16 1226
871 45 58 1246
871 109 37 590
871 145 44 432
871 200 13 1107
871 211 52 1413
871 291 2 600
871 307 7 1479
871 334 31 692
871 347 11 400
871 360 22 1189
871 364 29 331
872 39 46 329
872 80 55 1016
872 89 1 1015
872 126 37 1374
872 129 19 166
872 132 7 224
872 183 43 850
872 235 16 864
872 269 21 1024
872 288 35 10
872 357 3 932
872 371 25 1085
872 382 31 1362
872 398 53 1038
873 12 19 555
873 77 40 1207
873 90 43 525
873 138 14 652
873 180 29 555
873 203 25 1017
873 223 34 1021
873 238 46 845
873 240 23 1059
873 252 7 134
873 317 59 150
873 349 11 23
873 365 52 1313
873 375 4 571
874 4 41 430
874 19 39 299
874 88 5 822
874 96 25 288
874 170 51 1337
874 203 1 1008
874 256 57 206
874 261 47 515
874 303 45 642
874 306 13 304
874 309 31 352
874 343 7 1265
874 365 10 1279
874 378 21 200
875 8 3 855
875 40 5 123
875 96 51 986
875 102 49 26
875 114 25 1462
875 123 19 714
875 174 31 77
875 202 43 1163
875 212 13 579
875 259 16 597
875 265 37 1285
875 283 9 130
875 288 1 1404
875 290 56 646
876 38 25 223
876 60 10 1013
876 63 13 656
876 101 37 968
876 119 8 1121
876 182 49 173
876 236 23 296
876 240 17 393
876 249 57 467
876 257 39 546
876 263 2 1262
876 273 32 694
876 311 5 966
876 341 45 233
876 400 19 918
877 9 40 1185
877 21 10 1026
877 53 19 379
877 83 1 427
877 84 7 358
877 131 45 925
877 137 31 1313
877 152 55 679
877 154 52 1205
877 171 25 1352
877 217 43 24
877 223 28 760
877 306 21 1001
877 372 37 1282
877 376 13 388
878 65 57 747
878 75 4 23
878 101 19 968
878 116 22 699
878 183 32 417
878 194 43 573
878 217 7 1417
878 230 1 343
878 238 49 634
878 252 52 134
878 289 45 780
878 295 37 838
878 324 25 1034
878 327 13 764
878 353 29 1375
879 56 7 647
879 85 20 970
879 95 5 1238
879 119 35 1298
879 136 13 523
879 182 31 173
879 242 28 722
879 248 46 799
879 283 1 130
879 303 3 895
879 312 58 680
879 326 37 328
879 330 49 111
879 372 25 1282
880 43 16 866
880 56 4 98
880 57 49 921
880 78 29 530
880 114 40 1390
880 141 59 148
880 162 1 1427
880 190 13 1246
880 194 7 573
880 226 9 121
880 243 55 1385
880 256 23 1291
880 290 19 590
880 333 25 1460
881 113 22 180
881 146 49 1326
881 191 26 101
881 193 10 387
881 196 4 1267
881 215 13 698
881 241 43 1497
881 330 17 1297
881 335 37 776
881 341 32 687
881 348 55 188
881 353 8 802
881 400 40 758
882 89 41 1015
882 119 23 1352
882 124 9 393
882 128 37 131
882 130 58 661
882 159 43 711
882 191 13 179
882 192 33 531
882 193 1 746
882 288 31 343
882 299 52 1254
882 328 4 15
882 354 26 1487
882 386 19 1407
883 49 31 261
883 58 26 144
883 62 43 1486
883 80 11 1016
883 91 9 1316
883 106 1 1148
883 111 59 426
883 143 16 749
883 144 37 1452
883 205 4 516
883 218 23 94
883 279 34 674
883 351 49 991
884 10 13 521
884 67 58 56
884 100 28 814
884 132 1 224
884 167 19 1071
884 197 43 424
884 206 23 963
884 207 31 1004
884 217 5 1417
884 225 9 287
884 241 37 855
884 362 7 883
884 368 49 1076
884 384 34 795
885 2 1 411
885 8 13 961
885 38 52 363
885 63 43 142
885 82 25 241
885 93 19 421
885 120 37 1169
885 146 27 495
885 156 31 492
885 178 35 754
885 183 57 417
885 208 40 1347
885 221 49 125
885 363 55 791
886 72 7 693
886 100 58 385
886 125 13 296
886 155 17 995
886 163 1 225
886 221 46 420
886 279 11 674
886 283 25 130
886 286 31 973
886 295 27 838
886 314 4 327
886 323 20 540
886 356 44 299
886 364 41 331
886 368 38 1076
887 19 1 191
887 72 31 529
887 86 29 157
887 149 25 900
887 179 8 113
887 192 22 938
887 199 4 348
887 216 19 962
887 226 15 1018
887 283 13 526
887 304 52 222
887 350 37 984
887 381 59 551
888 42 4 813
888 102 13 26
888 111 25 122
888 183 49 417
888 199 7 1271
888 229 31 651
888 234 43 246
888 251 52 736
888 252 10 134
888 258 1 1027
888 286 15 497
888 321 19 1346
888 339 59 1052
888 378 23 200
888 379 57 191
889 1 4 24
889 6 7 405
889 35 22 653
889 78 29 52
889 110 37 594
889 115 14 4
889 123 25 619
889 137 34 1313
889 163 19 161
889 200 45 1107
889 267 11 1497
889 280 17 103
889 287 59 405
889 293 39 1380
889 368 31 1178
890 19 23 299
890 40 50 238
890 41 37 999
890 70 25 1348
890 107 11 1053
890 109 55 60
890 120 32 311
890 134 21 641
890 182 1 1157
890 185 35 93
890 188 52 1340
890 295 13 291
890 338 7 1187
890 365 46 1279
891 32 55 932
891 73 51 1131
891 81 47 179
891 90 40 525
891 141 29 182
891 142 25 1299
891 145 14 1291
891 181 10 656
891 207 5 1004
891 214 1 319
891 216 7 761
891 231 34 292
891 247 43 1111
891 264 23 262
891 382 19 1297
892 10 39 730
892 42 23 957
892 63 19 1380
892 180 29 367
892 190 31 921
892 254 14 510
892 256 37 206
892 307 34 483
892 309 43 963
892 316 57 128
892 330 7 634
892 347 51 400
892 358 3 810
892 365 10 243
892 383 25 1125
893 1 7 72
893 58 35 1436
893 66 49 1262
893 91 19 1295
893 210 55 929
893 288 59 1404
893 296 16 839
893 305 28 1241
893 309 21 1110
893 317 11 722
893 351 31 991
893 389 2 150
894 109 31 612
894 110 17 577
894 120 40 311
894 220 10 970
894 251 7 736
894 252 25 134
894 254 1 940
894 284 55 149
894 289 44 574
894 307 19 1479
894 321 13 782
894 356 35 1319
894 367 49 1116
894 381 23 245
895 26 55 1175
895 40 58 423
895 49 13 401
895 60 22 926
895 72 31 693
895 121 9 554
895 122 7 381
895 189 40 1047
895 216 2 962
895 232 29 1291
895 241 50 855
895 278 17 599
895 380 25 750
895 391 45 1397
896 28 33 1127
896 34 31 356
896 61 11 136
896 89 22 1015
896 107 5 980
896 111 47 279
896 138 7 1114
896 162 57 868
896 173 41 1266
896 179 49 1268
896 221 25 536
896 297 13 204
896 307 38 483
896 352 28 798
896 385 45 10
897 47 35 515
897 57 7 250
897 89 27 1095
897 92 4 100
897 129 21 166
897 163 52 610
897 208 55 1142
897 211 1 841
897 213 29 513
897 253 11 1288
897 260 13 117
897 268 37 1135
897 334 16 871
897 344 31 1359
897 356 41 148
898 18 9 1241
898 43 34 348
898 81 59 1275
898 110 7 891
898 140 39 1265
898 156 44 376
898 166 31 1325
898 184 56 455
898 213 5 484
898 286 1 497
898 298 13 835
898 307 28 483
898 326 49 972
898 349 19 845
898 385 17 1411
899 68 40 975
899 129 25 320
899 142 57 496
899 165 49 137
899 187 27 753
899 220 45 455
899 275 13 922
899 277 37 119
899 340 55 1176
899 341 20 687
899 351 7 1258
899 358 43 810
899 371 31 1010
899 386 1 489
900 12 43 40
900 46 31 151
900 71 1 513
900 137 16 29
900 149 37 537
900 166 19 1325
900 167 55 93
900 214 7 399
900 252 13 1309
900 273 21 1203
900 277 41 679
900 297 49 308
900 310 4 1277
900 393 26 590
901 21 38 1026
901 98 25 469
901 170 49 1337
901 180 47 319
901 197 1 94
901 200 51 1107
901 211 40 356
901 252 34 1309
901 259 7 597
901 306 13 1001
901 308 20 221
901 317 23 51
901 336 31 1059
901 364 9 329
902 112 55 386
902 144 19 68
902 158 27 1260
902 162 7 276
902 194 4 1307
902 231 40 865
902 239 25 747
902 243 9 1385
902 276 11 1306
902 283 33 130
902 302 13 422
902 350 49 1449
902 352 1 1490
902 358 43 718
902 364 17 331
903 17 5 1349
903 25 7 333
903 99 3 16
903 113 10 1478
903 125 49 296
903 129 58 1142
903 148 19 1434
903 161 29 95
903 304 16 611
903 314 55 327
903 335 13 921
903 349 47 1017
903 359 32 587
903 398 22 914
904 38 25 1209
904 124 19 1289
904 126 55 709
904 128 7 131
904 156 38 374
904 175 3 1427
904 194 33 573
904 207 1 1004
904 214 43 319
904 242 49 722
904 305 13 660
904 330 29 111
905 63 56 535
905 113 49 138
905 141 35 492
905 148 27 1434
905 156 19 492
905 164 1 82
905 181 8 936
905 194 53 573
905 228 4 737
905 267 11 1122
905 271 25 506
905 296 37 839
905 316 43 624
905 333 31 1436
905 374 14 743
906 38 1 245
906 63 33 729
906 75 23 984
906 113 55 138
906 121 43 953
906 125 37 685
906 138 19 1114
906 150 17 873
906 172 51 524
906 246 7 1191
906 294 31 668
906 295 58 838
906 340 13 1176
906 379 41 854
906 388 4 1041
907 15 13 772
907 61 47 1356
907 64 43 169
907 69 26 295
907 98 31 107
907 104 10 36
907 113 19 1478
907 115 40 4
907 117 7 657
907 133 2 300
907 194 23 573
907 232 5 942
907 280 17 360
907 359 55 484
907 376 50 323
908 24 31 544
908 37 23 797
908 82 21 1221
908 92 14 836
908 95 9 749
908 96 1 986
908 116 28 502
908 137 25 29
908 167 55 1334
908 182 37 173
908 296 49 1102
908 322 52 439
908 340 47 1176
908 397 43 139
909 22 37 97
909 83 57 1413
909 118 13 1228
909 143 27 749
909 153 16 1049
909 172 1 524
909 206 25 173
909 213 47 19
909 249 31 1265
909 251 43 736
909 256 55 206
909 297 8 70
909 321 49 1084
909 358 21 718
909 387 53 376
910 22 13 1244
910 67 25 875
910 84 31 399
910 90 19 1104
910 168 28 1212
910 175 55 1427
910 208 7 689
910 276 43 588
910 278 41 1131
910 302 37 1070
910 346 2 1254
910 384 4 795
910 389 51 1330
910 396 46 181
911 47 47 1001
911 66 7 872
911 72 26 693
911 94 43 208
911 237 1 1356
911 248 39 799
911 257 34 835
911 314 20 327
911 372 4 1282
911 373 57 1481
911 382 13 1297
911 384 31 795
911 390 50 1080
912 66 14 872
912 68 52 345
912 98 49 1493
912 111 37 1281
912 140 5 717
912 157 26 444
912 191 55 1300
912 245 32 823
912 273 43 2
912 278 40 112
912 315 23 1393
912 321 1 1346
912 343 47 496
912 347 59 400
913 24 25 959
913 47 29 1222
913 56 1 803
913 63 31 656
913 181 35 656
913 242 16 936
913 261 59 20
913 277 50 52
913 288 23 1086
913 289 19 488
913 306 43 304
913 329 37 434
913 335 55 805
913 345 7 1045
913 388 10 1041
914 69 25 1120
914 79 27 2
914 89 15 1015
914 134 51 641
914 173 59 1266
914 192 49 531
914 200 33 1107
914 224 43 597
914 241 1 1319
914 273 55 1113
914 292 20 1129
914 306 8 916
914 312 46 475
914 380 38 1288
915 4 31 619
915 14 3 1038
915 26 46 1175
915 36 41 1399
915 62 25 1486
915 65 51 525
915 177 16 1292
915 182 19 1410
915 213 23 376
915 313 1 533
915 341 37 952
915 365 7 243
915 384 43 155
915 387 53 554
915 392 13 271
916 21 7 835
916 67 28 56
916 70 31 955
916 100 37 814
916 139 13 1473
916 173 11 1329
916 179 1 113
916 181 59 35
916 185 5 585
916 186 9 1127
916 199 51 923
916 285 46 831
916 304 16 267
916 370 55 1081
917 1 43 72
917 40 47 423
917 82 15 1221
917 190 32 1246
917 226 49 121
917 238 21 216
917 240 19 1059
917 246 37 727
917 275 7 477
917 297 3 201
917 300 41 510
917 344 26 1359
917 353 58 1375
917 359 55 546
918 53 14 379
918 94 1 1218
918 115 7 1235
918 133 22 582
918 136 32 756
918 155 25 75
918 200 41 1107
918 206 53 173
918 231 10 292
918 235 45 864
918 272 19 192
918 302 27 1387
918 312 16 475
918 333 49 1460
919 51 37 325
919 114 46 392
919 155 31 995
919 168 43 1212
919 223 10 343
919 321 50 980
919 324 25 1274
919 331 17 993
919 351 1 1388
919 353 33 1375
919 377 7 946
919 381 35 1487
919 382 20 545
919 385 29 309
920 12 56 1049
920 31 39 276
920 78 23 295
920 106 4 1148
920 134 7 641
920 225 45 220
920 239 1 277
920 240 29 393
920 243 43 1073
920 273 9 960
920 282 17 444
920 356 53 605
920 393 31 1365
920 394 19 228
921 44 1 885
921 90 52 682
921 93 56 338
921 94 7 1218
921 106 46 1148
921 131 49 925
921 135 14 236
921 178 17 754
921 270 20 425
921 274 37 985
921 282 41 1486
921 304 25 611
921 314 43 774
921 319 31 1493
921 352 28 343
922 10 1 521
922 44 13 885
922 82 25 280
922 173 5 820
922 177 37 1292
922 206 17 978
922 217 31 1417
922 231 28 292
922 237 57 634
922 249 51 1082
922 253 19 612
922 266 7 1209
922 335 46 921
922 357 9 354
922 360 34 1376
923 59 25 1006
923 95 33 1238
923 99 7 16
923 117 40 349
923 137 19 29
923 171 37 1352
923 181 29 656
923 186 51 128
923 231 10 1423
923 243 31 1385
923 293 57 277
923 320 43 1056
923 359 16 916
923 369 4 978
923 372 22 334
924 80 59 55
924 106 10 156
924 124 31 393
924 127 46 1399
924 146 19 1326
924 159 50 788
924 167 39 1334
924 168 25 1212
924 196 37 1267
924 263 16 692
924 277 29 1403
924 344 1 995
924 398 13 914
924 400 55 918
925 19 17 191
925 21 43 655
925 23 23 226
925 37 49 797
925 57 37 822
925 64 19 940
925 99 7 383
925 108 2 1108
925 188 25 1340
925 210 4 240
925 224 41 622
925 231 10 865
925 296 46 1102
925 314 31 327
926 30 31 683
926 57 43 250
926 61 23 136
926 65 9 747
926 118 34 1228
926 134 57 641
926 271 5 506
926 301 55 849
926 316 37 595
926 341 19 233
926 357 1 237
926 363 17 422
926 365 14 86
926 388 28 969
927 17 52 52
927 38 37 1197
927 72 14 609
927 93 1 508
927 120 7 1183
927 195 43 820
927 224 21 669
927 235 34 457
927 252 25 545
927 267 19 1406
927 312 31 475
927 316 56 651
927 377 28 1318
928 29 55 409
928 43 32 14
928 82 9 1221
928 135 52 1079
928 158 25 16
928 210 29 240
928 249 19 486
928 250 7 170
928 263 49 805
928 265 16 213
928 326 37 1303
928 329 43 57
928 345 13 448
928 362 3 638
929 15 19 772
929 68 1 345
929 86 23 1000
929 87 4 1219
929 159 13 65
929 232 35 889
929 265 31 655
929 296 28 1102
929 302 37 75
929 341 44 1381
929 363 11 422
929 379 49 358
929 392 8 271
930 37 9 797
930 67 1 875
930 101 45 968
930 113 19 180
930 148 4 1434
930 178 29 754
930 204 51 79
930 265 37 655
930 299 16 1092
930 319 55 136
930 326 25 1303
930 331 33 1232
930 359 40 358
930 381 23 551
931 21 59 1026
931 105 16 116
931 120 50 1169
931 199 37 1271
931 203 1 1017
931 210 23 788
931 220 46 427
931 244 35 1317
931 277 44 52
931 295 40 838
931 298 33 455
931 351 19 991
931 358 28 718
931 363 11 93
931 379 13 1121
932 67 46 875
932 69 33 1120
932 113 43 138
932 178 49 754
932 204 20 1014
932 217 9 1417
932 229 25 396
932 234 55 246
932 258 40 988
932 279 53 674
932 292 1 566
932 303 15 642
932 334 31 120
932 364 23 424
932 379 29 1310
933 72 1 609
933 74 49 245
933 102 53 1172
933 140 5 552
933 170 35 50
933 176 13 96
933 255 7 187
933 283 46 130
933 299 28 1254
933 320 39 334
933 341 20 346
933 362 43 1394
933 372 10 1282
933 374 31 836
933 388 55 969
934 6 25 1115
934 19 34 191
934 61 5 884
934 80 47 55
934 171 58 436
934 188 40 1340
934 215 13 1336
934 300 29 403
934 307 31 1479
934 315 56 1393
934 354 43 1000
934 371 1 1085
934 377 37 946
934 379 11 854
934 389 19 150
935 8 5 542
935 10 7 1224
935 12 25 40
935 151 22 1383
935 169 59 8
935 200 35 1107
935 238 43 634
935 245 37 578
935 251 32 736
935 286 55 497
935 306 13 1150
935 323 1 227
935 360 51 1376
935 378 49 200
936 26 43 1175
936 30 49 1327
936 38 37 486
936 100 1 971
936 144 19 97
936 155 23 995
936 193 55 387
936 196 25 1267
936 201 46 791
936 206 7 925
936 224 9 669
936 237 4 1356
936 243 27 1073
936 297 31 70
936 361 14 240
937 8 22 164
937 22 37 48
937 63 15 729
937 69 10 295
937 92 43 248
937 132 49 224
937 153 19 1011
937 164 29 1099
937 166 8 1189
937 207 13 1004
937 219 25 1110
937 272 31 187
937 278 5 599
937 321 1 1349
937 376 57 1323
938 3 19 1394
938 11 55 1068
938 57 49 448
938 82 14 280
938 83 40 427
938 110 31 577
938 119 29 83
938 139 7 244
938 211 10 356
938 231 16 865
938 235 23 457
938 304 1 611
938 324 25 167
938 339 4 636
938 373 37 860
939 36 49 664
939 39 19 456
939 65 17 525
939 71 10 1448
939 76 22 1369
939 103 7 1130
939 107 31 738
939 173 55 832
939 175 37 1427
939 197 25 94
939 203 13 469
939 226 1 121
939 310 33 884
939 332 43 897
939 347 57 475
940 3 25 1065
940 29 43 1195
940 36 29 1195
940 48 55 1139
940 72 37 693
940 83 49 206
940 106 8 1148
940 113 4 180
940 140 41 978
940 200 15 1107
940 221 52 420
940 288 35 1404
940 315 23 786
940 354 31 1487
940 395 19 1016
941 46 55 151
941 55 31 622
941 59 37 899
941 78 11 530
941 95 28 1238
941 120 25 1183
941 146 20 819
941 171 43 863
941 205 46 47
941 233 2 467
941 246 49 727
941 294 16 951
941 360 13 1189
941 368 7 979
942 2 52 411
942 94 56 1206
942 105 25 116
942 110 11 891
942 140 23 1191
942 200 47 1107
942 225 39 917
942 244 37 1317
942 265 7 1285
942 300 35 123
942 326 1 1465
942 336 28 967
942 342 49 832
942 354 13 219
942 392 21 271
943 59 33 1006
943 62 39 347
943 72 13 693
943 83 49 1454
943 93 55 508
943 194 9 573
943 225 1 1424
943 278 17 112
943 285 19 831
943 314 25 327
943 322 28 989
943 328 52 763
943 344 43 403
943 389 22 1330
943 392 31 271
944 35 16 653
944 39 28 329
944 71 4 1351
944 89 45 1015
944 94 31 1206
944 104 1 36
944 115 19 4
944 155 41 995
944 157 7 1096
944 208 25 1347
944 212 52 579
944 237 56 590
944 251 22 736
944 252 49 1309
944 374 37 743
945 42 7 813
945 57 1 1047
945 79 39 2
945 102 15 26
945 107 31 510
945 118 33 108
945 136 20 756
945 143 55 749
945 148 52 778
945 186 17 542
945 211 44 1356
945 281 10 190
945 371 27 164
946 2 37 1259
946 29 25 1104
946 51 19 781
946 73 9 88
946 78 7 52
946 137 1 1313
946 194 17 573
946 259 35 228
946 265 40 1285
946 305 58 314
946 317 29 51
946 352 52 343
946 376 43 323
946 381 4 245
947 38 16 760
947 84 34 374
947 176 49 903
947 201 31 583
947 208 20 1142
947 210 23 929
947 224 5 661
947 277 37 640
947 292 7 1212
947 302 56 75
947 303 39 642
947 308 43 710
947 332 1 22
947 335 46 776
947 344 25 995
948 70 1 955
948 77 55 1215
948 83 58 122
948 101 27 968
948 110 52 577
948 196 39 91
948 228 34 720
948 273 14 759
948 279 5 674
948 332 7 315
948 368 22 1178
948 369 11 816
948 374 44 361
948 388 31 969
949 48 33 1256
949 66 7 1039
949 86 19 1209
949 89 39 1015
949 108 37 360
949 143 22 749
949 159 44 788
949 232 41 841
949 247 51 200
949 323 56 540
949 327 1 1418
949 338 13 1223
949 382 25 1362
950 1 28 24
950 3 56 1263
950 56 22 124
950 58 41 56
950 92 1 248
950 125 32 296
950 140 11 552
950 223 13 760
950 264 51 262
950 266 37 638
950 269 16 1024
950 274 43 1270
950 364 25 331
950 373 4 860
950 389 7 150
951 7 19 95
951 32 49 83
951 43 16 14
951 66 37 872
951 112 43 1108
951 186 5 783
951 193 13 1353
951 206 11 925
951 209 55 528
951 227 32 210
951 266 53 1209
951 348 8 188
951 372 1 334
951 382 26 1074
952 23 25 1417
952 36 41 1195
952 76 16 294
952 118 55 108
952 143 4 1150
952 179 19 1124
952 193 13 387
952 215 31 698
952 309 49 636
952 315 53 210
952 320 7 1260
952 334 47 120
952 364 11 329
952 396 43 962
953 6 19 1446
953 15 25 344
953 24 57 717
953 58 53 1291
953 99 55 1123
953 116 7 707
953 126 31 1222
953 148 37 757
953 153 2 1049
953 255 46 1277
953 287 23 405
953 312 49 680
953 343 10 1265
953 373 16 1481
954 6 13 405
954 31 55 692
954 40 52 423
954 42 11 957
954 69 47 662
954 140 17 960
954 169 41 304
954 221 43 1065
954 237 22 634
954 257 28 605
954 259 7 985
954 283 31 526
954 310 1 1277
954 330 59 959
954 361 37 1406
955 10 49 834
955 15 7 585
955 117 4 657
955 129 17 16
955 227 37 430
955 228 56 1095
955 239 35 1124
955 283 25 526
955 293 31 779
955 297 43 289
955 326 13 328
955 343 21 841
955 364 27 331
956 46 43 994
956 90 37 536
956 93 19 508
956 101 14 968
956 128 58 131
956 173 47 851
956 202 34 1163
956 223 55 1465
956 241 49 51
956 264 1 262
956 296 40 1102
956 326 25 1465
956 365 3 86
956 370 10 1081
957 38 58 268
957 50 4 350
957 66 20 872
957 79 17 2
957 148 31 757
957 149 10 900
957 243 56 1073
957 286 25 815
957 292 37 976
957 326 49 1303
957 328 1 125
957 345 34 448
957 384 13 795
957 395 43 1016
958 8 7 489
958 40 2 238
958 42 35 813
958 45 43 841
958 54 4 1339
958 59 9 1006
958 70 55 185
958 84 46 898
958 109 37 24
958 116 15 699
958 131 53 243
958 326 25 972
958 358 23 718
958 389 19 934
958 394 31 939
959 22 56 420
959 39 25 329
959 46 50 151
959 86 23 1241
959 155 33 140
959 181 21 35
959 185 29 1337
959 202 13 1007
959 205 16 413
959 246 1 279
959 276 10 1337
959 306 43 1001
959 311 8 1415
959 337 39 584
960 36 13 333
960 48 52 519
960 53 35 1231
960 58 59 1436
960 79 22 2
960 108 29 78
960 145 31 1023
960 179 37 1268
960 187 43 1319
960 217 47 1330
960 226 2 1018
960 257 10 709
960 283 41 130
960 348 16 188
960 364 25 424
961 45 14 394
961 58 23 488
961 113 40 912
961 124 19 8
961 133 31 582
961 157 49 1005
961 168 43 409
961 169 4 8
961 186 9 542
961 228 34 165
961 252 37 134
961 294 46 668
961 307 25 483
961 322 28 43
961 394 56 704
962 25 14 1490
962 27 37 1025
962 37 19 1438
962 100 10 385
962 102 5 1172
962 153 25 1011
962 170 17 250
962 179 1 1268
962 211 28 1026
962 236 43 1423
962 247 49 249
962 258 7 1027
962 286 21 497
962 316 57 271
962 368 46 1076
963 39 4 456
963 43 20 847
963 51 25 765
963 89 7 1015
963 99 47 1123
963 118 57 1228
963 150 53 342
963 156 38 376
963 215 13 157
963 283 55 130
963 287 11 1320
963 323 43 540
963 332 49 315
963 349 23 1017
963 390 1 623
964 1 19 533
964 6 9 1446
964 34 17 1270
964 49 55 845
964 56 28 124
964 64 49 1013
964 167 1 93
964 251 38 736
964 269 53 288
964 291 58 1029
964 352 13 798
964 361 31 927
964 369 7 978
964 396 46 962
965 41 17 138
965 42 33 813
965 79 47 1192
965 83 55 1454
965 112 51 386
965 139 43 244
965 144 1 958
965 193 10 1353
965 214 25 319
965 217 59 900
965 310 40 342
965 373 37 1119
965 382 13 545
965 397 19 139
966 59 15 899
966 78 44 295
966 91 5 311
966 106 25 1148
966 125 7 663
966 130 1 1472
966 154 37 1205
966 175 46 1427
966 192 13 531
966 205 40 846
966 233 59 935
966 267 23 476
966 268 28 1135
966 355 50 1046
966 399 55 851
967 4 35 1065
967 44 44 1231
967 81 1 1086
967 126 31 809
967 158 13 651
967 159 3 65
967 180 23 1151
967 194 25 573
967 197 19 424
967 214 8 319
967 300 29 658
967 368 40 1178
967 373 16 647
967 374 56 593
967 397 50 139
968 11 49 1024
968 18 7 1111
968 56 37 124
968 57 13 1047
968 118 19 1228
968 141 27 326
968 165 56 807
968 173 1 1266
968 179 31 1124
968 189 40 667
968 229 3 487
968 305 22 660
968 383 43 1143
968 385 17 307
969 4 11 1065
969 6 43 1115
969 44 31 1231
969 78 2 52
969 87 13 62
969 103 55 1164
969 112 4 386
969 147 37 55
969 150 29 873
969 196 21 1267
969 222 7 623
969 240 27 1059
969 300 19 575
969 361 15 363
969 395 49 61
970 40 17 423
970 71 31 513
970 162 19 868
970 187 43 1183
970 192 11 531
970 193 1 387
970 251 34 883
970 292 55 1457
970 302 13 508
970 335 49 1407
970 337 37 584
970 366 9 1048
970 372 40 1282
970 376 21 388
970 387 7 537
971 68 22 1354
971 96 43 986
971 116 40 699
971 139 37 244
971 162 47 397
971 217 5 765
971 224 53 708
971 228 58 531
971 252 34 134
971 322 19 989
971 325 49 68
971 329 1 434
971 356 11 1319
971 383 13 1152
971 389 7 934
972 18 34 942
972 49 31 404
972 79 11 1192
972 125 55 296
972 159 25 530
972 178 45 754
972 211 40 309
972 220 7 740
972 241 13 51
972 272 37 192
972 297 50 1314
972 327 1 764
972 356 5 1001
972 382 19 1074
973 20 9 912
973 59 2 1123
973 98 57 943
973 117 31 349
973 164 19 1099
973 169 55 594
973 271 23 58
973 283 7 526
973 332 25 897
973 343 37 964
973 346 35 1075
973 374 50 593
973 390 13 623
974 8 35 961
974 13 56 937
974 69 17 662
974 114 37 392
974 120 22 1169
974 139 19 244
974 154 7 186
974 227 31 1320
974 255 52 307
974 294 27 668
974 319 13 527
974 381 29 551
974 389 1 1330
974 391 40 1397
975 2 37 411
975 85 7 1051
975 104 33 517
975 134 43 641
975 138 25 1114
975 162 15 868
975 185 41 1337
975 254 19 1251
975 255 49 307
975 285 1 1334
975 307 57 1479
975 341 45 346
975 353 31 802
975 375 4 193
976 1 13 24
976 29 55 1195
976 37 11 797
976 93 25 826
976 148 34 757
976 151 46 111
976 152 7 1366
976 167 2 658
976 221 16 536
976 309 37 481
976 333 20 99
976 363 59 584
976 366 43 1048
976 374 49 743
977 13 14 740
977 29 9 575
977 43 37 847
977 45 21 542
977 65 7 525
977 77 28 1207
977 137 49 29
977 153 33 1430
977 204 57 79
977 265 1 213
977 301 47 849
977 373 52 860
977 387 5 537
978 61 19 1092
978 63 21 656
978 64 25 762
978 68 55 345
978 95 53 1238
978 110 9 577
978 159 38 788
978 179 31 426
978 213 11 513
978 214 2 700
978 243 7 1073
978 295 16 291
978 323 49 807
978 345 58 884
978 348 43 188
979 89 31 1095
979 122 1 120
979 137 43 29
979 149 22 900
979 151 10 1273
979 160 14 358
979 216 19 1137
979 217 49 24
979 278 53 599
979 352 28 1287
979 357 3 1021
979 365 38 1279
979 368 57 1076
979 377 46 1318
980 3 39 1411
980 49 4 404
980 54 1 1339
980 104 7 36
980 130 55 661
980 165 25 1192
980 170 59 989
980 207 19 1004
980 230 13 948
980 271 31 506
980 347 51 252
980 350 21 1458
980 393 44 1405
980 400 34 918
981 53 59 379
981 59 7 182
981 91 1 1295
981 95 57 1238
981 101 16 968
981 125 26 66
981 142 19 638
981 217 11 1417
981 262 49 120
981 323 31 459
981 354 43 1275
981 356 35 511
981 396 4 948
981 397 37 906
982 26 4 1062
982 89 55 1015
982 108 11 773
982 124 49 8
982 197 31 94
982 222 19 623
982 268 22 1135
982 283 9 526
982 290 44 590
982 311 39 1415
982 323 25 227
982 339 15 1052
982 342 57 169
983 63 20 535
983 133 4 582
983 163 10 1368
983 181 59 656
983 182 49 1410
983 195 7 435
983 211 13 1026
983 216 40 1473
983 217 47 1410
983 239 17 1390
983 252 1 134
983 266 43 638
983 303 57 642
983 325 25 1484
983 364 34 331
984 8 9 855
984 69 35 295
984 128 13 131
984 144 49 846
984 155 37 140
984 185 23 903
984 192 27 531
984 221 31 904
984 235 39 864
984 236 59 296
984 257 43 1417
984 346 5 1013
984 362 53 1169
984 367 19 522
984 370 16 1081
985 21 53 655
985 35 32 1226
985 39 55 614
985 88 41 872
985 141 17 326
985 156 49 534
985 158 46 20
985 200 43 1107
985 221 13 420
985 227 3 1320
985 321 25 1346
985 339 11 669
985 350 19 1449
985 380 7 37
986 14 13 878
986 29 32 1195
986 62 19 1486
986 103 25 1130
986 107 29 980
986 119 55 1262
986 156 3 888
986 169 47 8
986 185 53 424
986 186 1 128
986 196 41 1267
986 235 23 864
986 297 57 289
986 307 43 1479
986 381 7 245
987 29 2 1104
987 64 56 213
987 76 20 294
987 89 35 1095
987 108 53 78
987 147 25 1014
987 230 44 343
987 234 31 1284
987 257 37 427
987 298 41 139
987 315 51 936
987 321 13 1084
987 349 11 1022
987 379 17 1121
987 385 47 1183
988 21 57 1026
988 55 25 601
988 67 16 875
988 125 1 663
988 126 43 374
988 164 51 82
988 168 10 1121
988 216 13 1250
988 221 31 420
988 242 34 722
988 282 59 394
988 341 19 952
988 373 7 1396
988 400 37 918
989 26 31 1175
989 33 55 1281
989 140 59 1366
989 143 46 749
989 159 13 530
989 223 4 1440
989 234 8 246
989 256 2 863
989 275 19 787
989 320 51 1056
989 375 34 34
989 394 37 704
989 395 26 1016
989 396 43 1412
990 21 35 1026
990 59 55 1006
990 60 7 1270
990 121 31 953
990 137 40 29
990 192 17 730
990 227 1 439
990 276 23 1150
990 285 10 1334
990 299 13 1092
990 316 25 651
990 327 43 167
990 333 19 1357
990 351 51 1258
991 83 31 122
991 113 43 180
991 135 46 236
991 137 25 1313
991 155 49 140
991 175 28 1427
991 208 51 689
991 216 34 1473
991 217 59 1410
991 292 38 399
991 316 20 624
991 354 1 219
991 356 5 511
991 371 13 1010
992 8 7 164
992 21 43 1026
992 23 31 1256
992 38 49 486
992 48 46 519
992 64 21 619
992 69 53 295
992 95 3 1238
992 133 40 582
992 148 37 1434
992 186 19 1127
992 259 59 228
992 277 33 52
992 309 13 636
992 329 26 774
993 12 20 541
993 22 25 97
993 34 17 1380
993 41 9 138
993 104 34 1123
993 184 43 828
993 290 37 220
993 321 55 1084
993 334 29 396
993 344 3 403
993 349 1 1309
993 361 13 561
993 368 49 1178
993 386 46 489
993 390 31 1080
994 3 1 1394
994 29 25 1195
994 72 19 609
994 100 7 1386
994 114 55 392
994 179 50 935
994 180 17 319
994 219 31 608
994 247 39 393
994 272 10 324
994 331 13 993
994 349 59 1022
994 358 23 810
994 400 46 1467
995 7 25 95
995 24 1 544
995 32 7 83
995 48 31 1021
995 59 37 842
995 65 15 747
995 84 43 337
995 148 34 1434
995 158 22 20
995 218 13 904
995 224 49 526
995 250 41 1274
995 301 57 849
995 312 19 680
996 4 11 553
996 120 4 1183
996 127 55 1399
996 136 31 523
996 138 44 1114
996 162 41 397
996 172 37 1290
996 192 53 531
996 225 7 604
996 231 25 865
996 308 1 221
996 311 35 966
996 368 13 979
996 370 22 1184
996 384 50 155
997 23 35 986
997 73 13 88
997 92 51 100
997 137 10 29
997 156 56 376
997 159 37 711
997 168 46 1212
997 204 41 79
997 272 25 187
997 292 19 710
997 311 3 1415
997 327 31 764
997 337 17 584
997 381 23 1487
998 23 35 727
998 37 21 797
998 77 37 1207
998 100 31 1398
998 101 23 968
998 108 49 1088
998 134 29 641
998 139 4 244
998 194 19 689
998 227 7 1320
998 232 43 738
998 235 27 457
998 274 45 1291
998 305 40 660
998 332 13 897
999 23 47 727
999 25 19 333
999 80 55 1221
999 103 7 1164
999 104 51 36
999 162 40 868
999 168 22 1121
999 201 10 791
999 221 43 420
999 238 37 845
999 240 1 1059
999 314 34 327
999 329 13 434
999 347 27 400
999 387 3 537
1000 5 7 873
1000 6 19 405
1000 13 14 433
1000 27 52 62
1000 82 35 280
1000 144 39 1244
1000 192 37 531
1000 215 31 157
1000 217 50 1417
1000 245 1 360
1000 265 45 1285
1000 276 23 588
1000 296 25 839
1000 317 11 1104
1000 321 55 1349
Điểm tối ưu/tốt nhất tìm được: 14366
Thời gian: 900.646200 giây
Trạng thái: VALID
