11409
1 2 27 1003
1 12 55 933
1 31 43 781
1 38 25 13
1 87 47 777
1 94 31 796
1 105 19 658
1 132 1 724
1 148 13 379
1 205 37 380
1 228 49 886
1 239 21 819
1 255 7 698
1 260 57 492
1 314 40 255
2 104 47 685
2 111 37 153
2 114 1 77
2 144 45 228
2 157 58 603
2 169 31 666
2 190 19 799
2 201 25 1048
2 226 10 398
2 249 53 542
2 260 43 1043
2 303 7 154
2 312 14 695
2 320 49 295
3 80 13 328
3 81 3 1125
3 118 34 977
3 143 16 279
3 158 27 617
3 195 8 670
3 219 55 86
3 223 19 1011
3 253 23 203
3 260 25 244
3 268 49 218
3 269 53 790
3 291 31 810
3 301 51 679
3 317 37 338
4 62 43 70
4 71 4 470
4 81 35 1125
4 93 39 720
4 96 59 1170
4 103 17 420
4 117 22 563
4 168 13 406
4 180 25 929
4 186 46 153
4 232 55 786
4 282 7 401
4 289 11 1043
4 315 31 143
4 318 50 877
5 13 19 159
5 92 43 848
5 99 34 1069
5 113 13 318
5 131 31 207
5 136 40 1047
5 149 25 297
5 156 55 644
5 249 1 129
5 284 49 1059
5 298 3 13
5 305 52 432
5 312 8 929
6 13 43 532
6 37 13 58
6 48 7 513
6 64 55 46
6 114 33 205
6 134 4 47
6 135 11 807
6 165 25 722
6 175 19 33
6 219 39 218
6 230 23 895
6 236 49 870
6 239 1 819
6 279 28 1023
7 11 10 829
7 13 27 1017
7 38 53 1114
7 64 55 603
7 71 19 997
7 83 58 292
7 88 4 769
7 101 7 622
7 149 39 179
7 151 14 392
7 205 1 841
7 237 49 255
7 258 25 832
7 279 22 851
7 286 43 1183
8 4 25 105
8 16 5 988
8 110 52 312
8 135 59 807
8 167 49 130
8 177 45 45
8 192 13 626
8 196 3 989
8 237 55 304
8 238 43 1015
8 267 37 974
8 278 10 71
8 295 22 653
8 303 34 502
9 60 31 57
9 88 49 163
9 117 28 563
9 148 19 554
9 169 43 485
9 182 7 347
9 226 13 254
9 227 37 12
9 232 25 544
9 250 41 378
9 263 2 96
9 267 15 974
9 300 23 251
9 311 55 1132
9 314 10 459
10 44 9 780
10 67 13 184
10 90 7 834
10 139 27 959
10 159 43 1175
10 169 51 446
10 184 49 461
10 185 2 764
10 210 19 722
10 226 29 254
10 229 56 368
10 265 47 621
10 280 22 460
10 312 31 120
10 313 37 1137
11 4 25 28
11 19 37 172
11 73 47 457
11 83 49 696
11 91 43 570
11 93 3 1142
11 118 10 977
11 158 55 931
11 187 31 24
11 205 7 841
11 212 1 1004
11 226 5 418
11 256 35 333
11 292 15 234
11 306 20 328
12 30 31 365
12 48 17 513
12 56 4 350
12 106 37 280
12 156 13 812
12 178 7 765
12 200 49 985
12 209 23 129
12 233 11 1003
12 256 35 912
12 259 55 4
12 276 1 378
12 286 19 1183
12 288 26 333
12 299 43 211
13 14 44 1008
13 70 26 305
13 82 17 706
13 93 1 1142
13 105 47 77
13 137 3 469
13 162 49 1064
13 202 11 179
13 236 37 1187
13 240 7 1024
13 248 32 112
13 255 13 407
13 284 57 430
13 314 22 255
14 7 13 474
14 38 34 13
14 88 28 793
14 133 39 404
14 143 25 288
14 155 5 834
14 164 41 1094
14 179 49 722
14 189 44 953
14 217 19 83
14 239 55 621
14 268 23 610
14 279 31 1159
14 294 51 409
14 315 1 143
15 46 13 792
15 63 51 24
15 71 4 5
15 88 10 163
15 95 29 519
15 111 19 327
15 136 1 1047
15 137 43 606
15 153 40 211
15 154 35 213
15 207 58 622
15 233 7 508
15 245 25 543
15 267 31 642
15 284 15 1059
16 55 34 508
16 64 7 603
16 68 10 206
16 81 19 1125
16 85 55 525
16 96 59 857
16 136 46 307
16 139 31 428
16 145 1 567
16 177 25 978
16 211 17 486
16 265 51 719
16 277 13 86
16 294 38 325
17 23 43 711
17 49 31 1109
17 69 55 735
17 76 5 542
17 98 23 288
17 99 13 1108
17 103 11 317
17 118 52 447
17 127 7 943
17 159 19 862
17 166 38 1058
17 182 46 688
17 192 25 626
17 274 35 1037
17 309 1 49
18 12 16 300
18 27 56 677
18 30 46 244
18 36 28 1193
18 106 19 57
18 138 51 531
18 149 3 297
18 164 53 255
18 170 11 1156
18 210 13 1021
18 212 43 810
18 221 7 625
18 231 31 657
18 263 38 400
19 20 19 523
19 87 7 279
19 95 17 131
19 122 31 1107
19 161 9 840
19 176 58 97
19 180 44 1056
19 181 55 772
19 237 26 1106
19 253 53 227
19 254 3 798
19 267 13 1001
19 290 37 705
19 304 1 399
19 306 49 598
20 5 7 1104
20 45 49 650
20 61 25 52
20 154 29 213
20 156 14 207
20 160 19 822
20 183 46 324
20 191 53 1050
20 196 41 149
20 221 3 1194
20 238 1 127
20 252 37 463
20 265 23 672
20 306 31 328
21 31 11 72
21 35 37 746
21 58 1 584
21 89 41 285
21 106 19 280
21 126 8 267
21 139 35 959
21 162 47 223
21 176 31 97
21 215 25 1045
21 226 53 254
21 240 55 384
21 251 13 776
21 307 50 998
21 312 43 1158
22 15 7 487
22 30 13 559
22 79 47 875
22 88 22 1084
22 89 11 285
22 96 56 857
22 108 29 929
22 119 1 8
22 168 16 406
22 208 33 268
22 226 5 254
22 240 51 1092
22 242 43 1094
22 294 25 639
23 41 22 488
23 44 31 263
23 57 43 1036
23 71 8 997
23 88 25 793
23 90 11 528
23 91 55 1114
23 116 19 1086
23 153 4 209
23 186 16 190
23 214 52 1169
23 218 1 346
23 259 13 576
23 279 49 153
23 305 39 323
24 27 7 528
24 36 1 1053
24 44 57 263
24 46 39 512
24 54 23 930
24 86 49 213
24 97 35 999
24 205 4 380
24 209 19 129
24 240 43 1024
24 244 17 764
24 283 29 693
24 317 13 338
24 318 31 457
25 19 49 172
25 45 33 375
25 48 4 892
25 70 37 194
25 101 47 1031
25 125 27 938
25 148 55 379
25 169 13 459
25 174 7 880
25 192 43 686
25 252 19 272
25 253 59 227
25 258 31 1184
25 261 1 976
25 301 11 450
26 29 35 1051
26 45 25 375
26 50 7 171
26 79 5 147
26 80 13 833
26 124 9 663
26 135 17 26
26 141 31 634
26 174 19 150
26 226 23 1139
26 235 49 493
26 294 55 639
26 312 1 590
27 6 11 1183
27 21 13 145
27 50 32 746
27 118 4 977
27 126 1 267
27 183 58 140
27 196 51 149
27 206 26 418
27 218 34 1056
27 228 37 886
27 229 55 50
27 258 21 832
27 284 8 430
27 294 43 1155
28 50 13 425
28 60 55 497
28 65 11 1028
28 72 51 604
28 73 59 457
28 77 41 756
28 109 26 977
28 129 4 457
28 171 34 1199
28 202 49 179
28 206 37 344
28 218 46 473
28 245 7 543
28 266 19 560
28 295 15 367
29 17 15 777
29 24 8 230
29 37 49 1143
29 43 59 1076
29 45 37 519
29 53 5 283
29 171 46 1199
29 181 43 639
29 198 31 133
29 199 21 777
29 291 1 565
29 302 55 185
29 318 26 877
30 15 25 719
30 36 51 1193
30 82 29 706
30 107 3 760
30 117 34 339
30 125 15 938
30 155 55 834
30 157 37 37
30 158 7 722
30 173 19 338
30 203 53 164
30 267 57 550
30 310 43 212
31 15 43 37
31 80 10 166
31 156 55 400
31 204 31 565
31 212 7 669
31 213 19 421
31 230 27 95
31 233 5 508
31 272 37 1005
31 284 16 803
31 287 29 605
31 302 22 814
31 304 41 399
31 311 1 851
32 2 7 870
32 9 19 38
32 15 13 1037
32 49 25 1109
32 124 47 152
32 180 49 542
32 181 22 876
32 193 55 1151
32 195 37 1198
32 234 43 497
32 283 3 885
32 287 59 605
32 288 32 78
32 296 28 562
32 300 10 705
33 25 47 134
33 64 49 209
33 89 53 285
33 93 34 769
33 99 22 1108
33 114 43 433
33 128 13 1152
33 155 37 438
33 166 56 273
33 180 39 729
33 187 11 517
33 210 4 1143
33 216 7 134
33 243 19 102
33 284 1 982
34 1 17 886
34 68 7 310
34 75 31 1081
34 111 34 980
34 119 45 180
34 140 55 521
34 144 59 404
34 154 43 726
34 175 26 425
34 192 37 653
34 198 1 275
34 207 13 337
34 210 52 1018
34 302 10 185
34 310 19 283
35 6 47 1183
35 71 10 5
35 75 52 673
35 117 37 477
35 138 55 531
35 139 35 1066
35 205 7 380
35 212 4 810
35 232 15 786
35 240 31 188
35 247 13 772
35 257 19 1077
35 280 22 632
35 287 59 907
35 309 25 801
36 15 26 1059
36 71 1 470
36 85 39 525
36 92 31 354
36 116 58 251
36 139 15 959
36 182 4 108
36 203 53 192
36 217 7 83
36 231 55 980
36 248 35 985
36 306 43 875
36 312 19 398
36 320 49 664
37 98 33 288
37 110 35 1031
37 113 25 711
37 124 53 766
37 137 55 887
37 147 3 316
37 167 19 628
37 180 21 542
37 191 59 1050
37 222 1 1036
37 256 47 333
37 274 5 860
37 291 11 776
37 293 16 326
38 37 58 1007
38 70 7 1068
38 75 1 1081
38 80 28 528
38 90 25 1094
38 121 16 69
38 168 22 406
38 203 4 192
38 218 13 473
38 227 50 975
38 264 35 116
38 281 37 48
38 298 19 780
39 9 34 41
39 24 7 372
39 28 22 663
39 38 1 13
39 95 5 670
39 126 39 732
39 154 47 746
39 159 49 1075
39 165 31 838
39 178 55 687
39 180 43 97
39 194 29 1159
39 249 14 542
39 251 25 776
39 298 19 62
40 9 9 1175
40 32 19 499
40 37 43 387
40 68 25 206
40 115 15 95
40 125 13 483
40 135 57 509
40 179 51 26
40 229 28 50
40 237 31 832
40 238 7 1015
40 254 37 1103
40 295 4 427
41 20 43 1062
41 21 55 679
41 47 7 750
41 63 25 585
41 68 10 438
41 97 35 538
41 188 40 628
41 191 2 1050
41 234 31 140
41 257 49 421
41 265 37 719
41 280 21 316
41 292 4 370
41 301 47 921
41 311 13 1191
42 6 4 1007
42 39 13 540
42 42 39 751
42 90 53 528
42 134 34 47
42 148 9 669
42 154 7 760
42 155 28 834
42 159 49 862
42 167 21 628
42 254 56 14
42 258 16 1184
42 274 37 860
42 296 19 1008
42 312 43 929
43 11 4 829
43 15 13 487
43 16 19 988
43 56 27 476
43 74 22 763
43 78 41 12
43 90 25 724
43 108 2 701
43 110 7 368
43 136 43 1164
43 149 55 179
43 158 57 722
43 170 17 999
43 223 11 673
43 245 49 816
44 45 31 1171
44 84 14 173
44 96 47 1170
44 104 23 830
44 113 53 318
44 152 43 131
44 179 59 77
44 210 39 722
44 214 55 1166
44 243 19 127
44 250 9 1075
44 304 37 224
44 308 1 990
44 310 26 502
44 315 49 166
45 27 55 96
45 52 26 420
45 123 4 1019
45 163 44 1006
45 166 7 1058
45 214 40 495
45 217 32 106
45 225 49 1069
45 250 37 378
45 279 20 1023
45 302 1 185
45 317 13 458
46 9 49 91
46 15 26 1143
46 26 39 355
46 39 56 540
46 58 20 584
46 78 11 765
46 86 7 60
46 116 52 587
46 156 43 22
46 230 59 11
46 235 1 1145
46 248 35 872
46 254 13 1121
46 286 31 338
47 1 59 1140
47 3 1 535
47 48 56 513
47 63 51 585
47 100 25 371
47 110 49 605
47 122 13 1107
47 157 44 603
47 201 28 1048
47 219 7 78
47 242 37 422
47 248 11 99
47 256 5 118
47 300 35 303
47 310 19 212
48 26 7 842
48 43 27 1076
48 45 55 650
48 46 10 499
48 62 49 199
48 79 23 729
48 93 17 720
48 120 47 998
48 162 25 1064
48 168 4 406
48 200 13 567
48 229 1 50
48 252 38 272
48 266 31 976
48 283 29 924
49 10 58 1105
49 13 1 159
49 44 7 451
49 68 19 206
49 113 22 102
49 118 40 826
49 157 31 603
49 163 49 846
49 166 25 1058
49 235 13 412
49 243 46 942
49 277 34 298
49 291 56 565
50 18 49 933
50 57 13 1027
50 91 25 1196
50 127 31 5
50 168 10 1196
50 181 43 876
50 194 40 1159
50 201 46 38
50 241 55 222
50 253 37 227
50 259 1 4
50 291 53 776
50 312 21 6
51 17 19 777
51 35 15 267
51 37 40 1007
51 46 13 351
51 91 43 156
51 137 31 1093
51 148 21 379
51 189 49 953
51 205 34 841
51 222 59 1036
51 240 2 188
51 241 25 222
51 279 7 851
51 305 10 1135
51 319 55 364
52 20 37 753
52 35 49 59
52 48 11 892
52 159 7 718
52 181 31 876
52 195 2 555
52 202 47 179
52 242 55 885
52 290 20 655
52 293 25 326
52 299 43 685
52 302 28 1057
52 303 34 523
52 304 53 224
53 3 43 835
53 7 7 203
53 17 32 409
53 27 37 24
53 30 52 967
53 41 3 683
53 55 13 1093
53 108 35 1071
53 157 19 37
53 226 29 398
53 240 55 1024
53 312 25 590
54 16 29 459
54 21 43 164
54 44 37 780
54 60 49 1156
54 90 11 1030
54 113 21 711
54 126 13 142
54 168 16 1030
54 169 25 459
54 171 31 803
54 187 53 1041
54 206 7 293
54 274 23 687
54 317 1 1135
54 320 56 226
55 7 37 145
55 25 23 953
55 99 13 734
55 118 4 640
55 145 25 567
55 151 31 383
55 167 35 655
55 174 19 880
55 228 7 886
55 229 1 368
55 249 11 542
55 257 16 386
55 260 43 244
55 269 47 97
55 300 29 705
56 63 13 24
56 95 53 725
56 106 7 11
56 108 33 1071
56 139 31 959
56 151 40 392
56 189 55 790
56 199 5 915
56 207 1 337
56 223 3 869
56 230 59 51
56 238 23 972
56 278 43 1132
56 306 49 1122
56 313 19 675
57 3 7 314
57 13 49 1017
57 52 13 453
57 92 25 848
57 108 4 701
57 126 22 486
57 144 1 474
57 165 19 659
57 199 53 580
57 208 31 695
57 234 37 161
57 237 55 891
57 258 35 832
57 280 43 632
58 13 1 1017
58 53 29 283
58 66 59 696
58 69 55 726
58 86 7 23
58 112 43 218
58 122 19 693
58 188 37 538
58 200 25 693
58 210 40 46
58 287 35 715
58 304 47 619
58 311 31 227
59 4 31 105
59 13 49 508
59 20 13 430
59 29 56 294
59 108 28 1071
59 112 44 170
59 137 58 887
59 154 35 726
59 246 1 492
59 253 23 227
59 273 3 664
59 283 41 924
59 290 7 655
59 299 19 535
59 312 37 590
60 4 55 28
60 25 17 677
60 78 45 347
60 109 1 937
60 113 31 711
60 129 33 488
60 130 52 672
60 136 7 1047
60 176 13 1115
60 188 49 1023
60 189 19 679
60 203 59 192
60 216 25 1085
60 258 47 832
60 302 39 814
61 6 55 144
61 18 37 853
61 90 29 883
61 115 17 1172
61 135 23 447
61 146 58 289
61 192 49 653
61 207 15 337
61 215 19 341
61 240 1 1024
61 252 25 836
61 282 31 51
61 289 5 1043
61 294 7 805
61 310 43 58
62 24 49 549
62 30 7 244
62 36 25 1193
62 51 32 686
62 61 28 808
62 81 59 1125
62 132 43 736
62 160 39 254
62 176 46 144
62 178 3 687
62 183 56 587
62 222 10 1036
62 289 21 1043
62 292 19 142
63 59 19 775
63 69 45 726
63 93 15 1142
63 105 23 658
63 145 31 373
63 177 49 978
63 199 59 1092
63 204 4 362
63 232 13 544
63 242 8 1094
63 256 17 118
63 257 37 386
63 294 25 289
63 295 1 367
63 313 55 984
64 1 23 886
64 35 32 71
64 117 10 477
64 118 3 605
64 124 17 766
64 203 15 192
64 223 19 379
64 236 55 784
64 241 37 222
64 268 47 610
64 274 1 1057
64 275 25 983
64 278 52 1132
64 303 7 502
65 30 19 1042
65 81 45 1125
65 117 40 563
65 121 22 58
65 151 28 392
65 158 49 931
65 213 31 421
65 228 13 866
65 250 17 378
65 251 7 111
65 264 35 147
65 268 11 218
65 274 5 1057
65 283 1 885
66 20 55 1106
66 71 43 997
66 88 28 163
66 124 23 152
66 140 52 1013
66 160 31 822
66 164 14 887
66 195 19 670
66 222 9 553
66 234 37 1018
66 259 25 576
66 269 41 790
66 295 4 422
66 298 1 1044
67 1 29 91
67 32 45 698
67 36 31 1193
67 112 1 118
67 126 25 300
67 158 7 38
67 176 33 929
67 202 11 800
67 211 23 822
67 219 19 797
67 250 43 378
67 261 56 1158
67 305 16 161
67 306 38 875
67 317 49 304
68 22 1 14
68 38 37 13
68 90 47 1030
68 96 53 857
68 102 31 924
68 109 55 817
68 120 59 749
68 126 13 551
68 143 50 279
68 144 23 474
68 147 27 930
68 172 39 129
68 185 16 439
68 188 44 538
68 293 3 157
69 32 32 990
69 33 25 325
69 41 47 488
69 63 14 534
69 73 53 606
69 98 29 512
69 100 22 371
69 116 1 587
69 151 49 471
69 182 43 207
69 196 4 1155
69 204 40 1173
69 265 56 988
69 317 7 458
70 24 13 549
70 49 55 158
70 58 49 1127
70 95 35 670
70 161 1 840
70 214 45 499
70 239 20 621
70 267 7 616
70 277 40 971
70 278 37 607
70 289 5 1175
70 312 25 398
70 320 31 189
71 12 29 474
71 93 11 720
71 117 40 477
71 128 55 881
71 159 2 1101
71 233 53 508
71 237 19 251
71 242 31 811
71 254 25 529
71 257 13 386
71 277 16 971
71 281 50 48
71 288 44 142
71 304 59 530
71 309 7 1032
72 20 45 523
72 23 31 760
72 37 25 535
72 47 58 75
72 87 29 912
72 106 49 11
72 150 53 247
72 169 2 446
72 175 37 641
72 197 13 784
72 210 34 722
72 248 9 234
72 263 19 400
72 302 55 1057
73 18 49 1018
73 23 33 711
73 61 52 231
73 69 43 735
73 96 13 857
73 137 1 1093
73 202 37 179
73 210 4 438
73 226 27 254
73 227 19 975
73 256 17 333
73 280 8 818
73 300 57 303
73 301 41 608
74 40 15 550
74 45 19 779
74 69 51 735
74 109 46 977
74 131 7 207
74 137 43 512
74 185 55 907
74 196 38 149
74 197 33 207
74 221 27 249
74 229 9 368
74 260 59 244
74 273 13 287
74 320 1 719
75 38 43 749
75 51 26 262
75 56 1 613
75 74 4 763
75 75 37 1081
75 76 59 728
75 95 49 1057
75 198 14 1040
75 200 7 985
75 242 21 666
75 245 55 543
75 254 32 878
75 274 19 860
75 292 11 799
75 306 51 1093
76 49 7 1109
76 52 31 420
76 65 1 809
76 71 10 470
76 110 3 1031
76 161 38 1088
76 197 43 445
76 224 13 449
76 235 26 93
76 253 35 190
76 278 20 1083
76 297 49 859
76 303 58 502
77 12 40 300
77 25 53 953
77 40 9 1129
77 74 31 763
77 91 25 1114
77 93 7 720
77 98 47 835
77 106 49 875
77 209 1 443
77 220 21 242
77 230 13 95
77 240 3 1092
77 297 55 443
78 20 13 523
78 28 58 876
78 54 17 930
78 71 1 997
78 79 50 729
78 116 40 587
78 164 25 608
78 181 4 876
78 185 22 116
78 207 37 392
78 234 31 1105
78 246 35 258
78 254 43 545
78 284 10 1059
79 35 37 935
79 50 23 746
79 57 19 580
79 79 52 203
79 113 31 318
79 126 43 295
79 145 56 567
79 153 11 1071
79 166 1 303
79 171 34 486
79 236 13 870
79 242 25 399
79 317 7 781
80 10 22 942
80 15 7 598
80 51 51 1163
80 70 31 305
80 79 5 203
80 132 55 1042
80 161 25 231
80 166 37 858
80 173 1 78
80 185 19 116
80 232 17 544
80 267 43 616
80 296 49 1008
80 310 13 608
81 6 52 1007
81 27 43 1184
81 37 16 1143
81 53 47 283
81 86 37 60
81 162 41 1064
81 193 34 370
81 195 25 1198
81 209 11 443
81 213 58 1047
81 227 1 654
81 238 5 972
81 239 13 924
81 308 7 1101
82 5 22 80
82 15 1 487
82 31 45 781
82 66 29 460
82 74 37 763
82 90 47 883
82 92 55 981
82 137 19 512
82 139 41 959
82 165 13 146
82 177 50 827
82 208 16 12
82 237 32 251
82 266 25 1102
82 307 10 998
83 23 19 16
83 31 35 781
83 34 47 532
83 56 22 613
83 58 37 1107
83 75 49 210
83 83 7 33
83 88 1 793
83 90 4 1094
83 165 26 38
83 185 58 116
83 201 55 129
83 227 13 1158
83 247 31 772
83 260 29 210
84 44 38 1034
84 73 23 1158
84 75 49 1081
84 77 35 1190
84 123 58 822
84 126 55 295
84 164 53 608
84 173 19 967
84 189 31 834
84 214 10 495
84 218 7 69
84 238 26 887
84 276 1 1020
84 284 13 982
84 289 43 1159
85 1 1 91
85 6 53 41
85 22 47 14
85 43 22 1076
85 114 3 433
85 131 55 351
85 140 25 1013
85 179 59 930
85 190 7 986
85 191 17 663
85 242 49 811
85 279 19 851
85 299 37 257
85 308 43 1101
85 310 13 270
86 17 11 292
86 75 22 732
86 93 20 720
86 121 31 483
86 139 4 1066
86 142 49 445
86 168 39 1030
86 192 7 1178
86 214 46 1169
86 218 43 284
86 242 13 885
86 258 17 1048
86 294 55 805
86 301 35 679
86 318 26 625
87 66 47 926
87 73 5 606
87 98 7 610
87 118 40 617
87 178 26 687
87 179 17 943
87 188 37 628
87 209 33 203
87 219 1 807
87 222 56 1036
87 253 49 701
87 274 35 1057
87 276 58 1020
87 298 13 13
87 304 23 399
88 25 11 407
88 66 41 926
88 105 53 391
88 129 13 507
88 136 25 1047
88 155 17 834
88 163 7 217
88 169 56 446
88 188 19 1191
88 192 32 1178
88 226 23 398
88 247 37 1131
88 251 44 111
88 260 29 30
88 318 1 877
89 2 45 492
89 14 1 30
89 20 37 523
89 86 55 30
89 92 21 382
89 116 4 331
89 148 7 224
89 153 19 209
89 194 47 1159
89 209 53 1077
89 211 35 820
89 263 49 530
89 269 41 479
89 317 13 1187
90 3 13 835
90 17 28 724
90 26 10 842
90 30 49 1191
90 32 32 499
90 148 55 224
90 152 2 86
90 162 20 223
90 281 26 48
90 289 17 1043
90 299 37 685
90 320 43 664
91 23 51 760
91 24 13 842
91 45 31 519
91 86 43 213
91 143 28 513
91 172 25 915
91 187 5 517
91 191 35 1101
91 194 17 1159
91 214 37 495
91 228 55 31
91 284 7 1059
91 303 1 1128
91 304 19 224
92 10 7 518
92 16 47 257
92 52 19 820
92 53 17 1033
92 63 43 534
92 114 37 433
92 147 3 551
92 149 11 719
92 183 31 587
92 212 59 669
92 220 13 1130
92 234 49 606
92 246 35 255
92 274 27 860
92 279 55 1080
93 19 25 1054
93 21 7 150
93 31 1 826
93 87 11 400
93 114 31 77
93 160 37 783
93 164 29 9
93 176 52 276
93 188 46 1191
93 247 17 772
93 248 49 99
93 275 13 983
93 280 43 818
93 303 4 11
94 34 19 819
94 41 37 683
94 44 13 263
94 47 7 398
94 90 40 724
94 129 28 99
94 140 1 521
94 171 52 486
94 183 43 324
94 212 47 669
94 262 49 607
94 267 31 1001
94 276 21 10
94 305 4 323
95 41 17 413
95 45 21 650
95 46 15 792
95 70 37 180
95 83 25 33
95 143 49 337
95 148 2 669
95 149 19 719
95 213 7 421
95 228 43 31
95 282 55 1162
95 308 31 262
96 1 11 91
96 10 19 518
96 29 43 1051
96 38 17 812
96 61 4 808
96 90 59 978
96 112 13 118
96 124 23 298
96 147 45 551
96 169 38 666
96 204 34 362
96 230 9 95
96 231 31 980
96 286 25 853
97 51 13 704
97 88 16 793
97 92 55 354
97 107 43 585
97 140 7 521
97 147 5 894
97 156 1 784
97 157 22 458
97 189 37 851
97 201 34 1007
97 235 25 1055
97 280 51 818
97 296 19 562
98 24 43 767
98 34 59 386
98 55 19 404
98 71 25 997
98 82 53 706
98 89 11 560
98 112 7 127
98 179 37 722
98 181 49 876
98 184 29 461
98 189 13 953
98 215 55 341
98 216 32 9
98 256 23 1034
98 266 1 1102
99 30 49 1016
99 38 34 749
99 68 52 206
99 97 29 538
99 117 56 681
99 118 10 605
99 145 25 708
99 148 14 636
99 193 7 869
99 236 43 994
99 245 20 816
99 312 37 398
99 314 4 255
100 1 35 886
100 54 13 930
100 82 55 706
100 135 47 391
100 138 25 866
100 203 9 192
100 210 27 1021
100 217 39 106
100 272 31 681
100 286 43 912
100 291 7 1176
100 301 57 608
100 303 1 11
100 305 52 1135
101 8 9 581
101 96 7 1170
101 106 49 883
101 110 21 312
101 120 58 982
101 129 34 99
101 138 16 531
101 144 19 228
101 148 43 224
101 157 13 279
101 187 31 517
101 198 37 586
101 216 1 9
101 239 55 314
101 297 25 252
102 27 25 610
102 79 47 1165
102 96 35 1170
102 98 5 835
102 106 43 659
102 109 22 1081
102 117 10 563
102 123 7 953
102 168 1 276
102 201 13 129
102 205 19 380
102 210 31 1021
102 250 41 1075
102 276 16 329
102 291 29 776
103 17 28 777
103 40 1 1015
103 45 13 650
103 83 10 442
103 85 39 947
103 92 51 382
103 96 19 857
103 163 55 578
103 201 25 786
103 234 31 606
103 249 37 468
103 257 4 1077
103 292 49 818
103 308 43 1157
103 319 21 1169
104 15 55 512
104 51 46 1072
104 55 43 740
104 57 39 715
104 95 29 670
104 118 49 977
104 147 10 930
104 149 7 297
104 233 4 853
104 243 25 781
104 254 13 14
104 297 20 199
104 313 31 252
104 314 1 255
105 8 25 581
105 18 32 853
105 50 59 626
105 101 49 622
105 125 4 938
105 127 7 1128
105 136 46 34
105 172 43 2
105 226 17 1191
105 231 40 471
105 263 27 317
105 276 1 1090
105 281 52 48
105 290 20 705
106 7 25 658
106 53 49 1033
106 65 29 809
106 108 59 211
106 112 31 170
106 157 37 458
106 158 51 722
106 165 55 146
106 169 7 795
106 249 41 456
106 267 1 616
106 282 43 152
106 289 16 1175
106 318 20 495
107 5 28 80
107 12 9 300
107 47 40 895
107 68 16 206
107 91 1 1196
107 118 49 447
107 127 19 515
107 128 55 407
107 143 31 900
107 196 53 149
107 214 37 1169
107 233 26 393
107 240 44 188
107 265 23 634
108 12 14 120
108 25 35 159
108 27 26 331
108 72 43 604
108 77 23 756
108 80 31 166
108 87 37 26
108 117 1 477
108 118 46 984
108 176 4 144
108 198 50 1040
108 254 7 545
108 313 19 634
108 315 55 1140
108 316 16 957
109 26 43 842
109 27 13 677
109 44 1 451
109 56 19 613
109 110 47 792
109 178 38 687
109 197 49 533
109 205 22 597
109 225 57 1069
109 248 5 541
109 252 7 463
109 262 27 727
109 271 55 716
109 312 31 10
110 20 50 159
110 27 31 1057
110 52 7 420
110 128 19 881
110 150 43 247
110 160 55 83
110 164 11 1034
110 215 26 782
110 222 13 1036
110 236 37 88
110 239 45 216
110 241 1 1115
110 289 41 974
110 296 15 869
111 5 22 1118
111 29 11 281
111 36 1 1193
111 45 7 1171
111 54 47 106
111 61 19 52
111 65 57 1028
111 106 37 972
111 118 43 984
111 186 50 190
111 188 4 1023
111 224 31 869
111 313 13 1160
112 12 11 1062
112 57 49 715
112 59 13 775
112 60 55 1156
112 72 47 796
112 90 5 883
112 129 40 457
112 135 53 513
112 141 43 634
112 160 1 783
112 166 31 858
112 181 37 766
112 224 19 449
112 307 28 998
113 6 41 41
113 23 1 379
113 29 33 1051
113 35 55 746
113 76 11 813
113 157 13 37
113 194 21 1159
113 243 16 1021
113 253 29 270
113 262 43 806
113 273 37 287
113 277 7 86
113 308 49 262
113 317 25 921
114 18 52 933
114 41 11 683
114 47 1 895
114 48 15 892
114 85 37 193
114 157 31 458
114 175 7 16
114 185 49 315
114 214 58 499
114 223 5 869
114 244 23 51
114 280 28 818
114 295 34 422
114 309 19 801
115 20 31 740
115 61 13 52
115 74 55 763
115 108 53 807
115 117 4 477
115 148 43 559
115 162 1 805
115 178 49 923
115 194 7 1159
115 202 47 1101
115 225 37 872
115 231 9 823
115 240 19 188
115 256 17 217
115 257 26 386
116 114 19 205
116 121 49 483
116 122 13 428
116 128 31 881
116 131 35 297
116 132 52 1011
116 138 57 531
116 166 7 273
116 211 5 483
116 213 28 1047
116 231 1 570
116 235 43 493
116 244 55 1086
116 307 37 998
117 6 11 931
117 47 31 75
117 52 1 820
117 81 38 1125
117 87 29 400
117 88 58 163
117 188 55 1102
117 228 7 31
117 232 40 1067
117 255 25 962
117 274 47 1037
117 283 35 924
117 290 51 926
117 292 45 234
117 307 22 637
118 20 37 610
118 29 11 294
118 37 26 257
118 44 55 451
118 75 52 935
118 88 16 1084
118 97 41 999
118 131 29 207
118 143 49 477
118 166 20 273
118 179 13 722
118 195 7 1198
118 206 2 447
118 242 31 885
118 258 59 832
119 13 43 159
119 60 25 1018
119 114 13 433
119 118 52 977
119 139 20 959
119 147 1 316
119 152 37 86
119 171 4 486
119 181 22 766
119 189 7 790
119 190 31 741
119 208 49 154
119 294 55 409
120 1 27 91
120 50 41 425
120 94 31 1150
120 101 15 622
120 117 4 563
120 129 7 507
120 169 43 872
120 175 19 41
120 196 10 149
120 201 55 880
120 250 1 1075
120 280 37 818
120 281 47 48
120 293 49 39
121 29 31 1051
121 36 17 1193
121 37 19 257
121 102 33 91
121 116 10 587
121 117 50 563
121 130 26 473
121 169 55 678
121 192 1 686
121 207 53 392
121 219 43 797
121 229 22 368
121 231 37 980
121 287 41 410
121 303 13 154
122 107 31 116
122 122 1 428
122 127 13 943
122 137 56 234
122 151 39 769
122 161 19 231
122 205 28 380
122 219 7 807
122 250 35 621
122 259 25 501
122 267 49 974
122 297 43 859
123 44 1 787
123 51 19 704
123 53 50 283
123 71 46 997
123 76 5 728
123 82 55 718
123 105 29 391
123 147 31 551
123 186 34 367
123 188 52 1023
123 206 25 447
123 211 16 822
123 213 10 1056
123 289 22 1175
124 14 1 312
124 67 10 307
124 68 43 206
124 72 4 604
124 86 57 213
124 129 25 99
124 143 28 120
124 147 19 930
124 192 37 686
124 207 21 337
124 258 15 832
124 264 53 811
124 278 46 1083
124 290 31 597
124 314 7 459
125 26 34 842
125 65 21 934
125 72 49 604
125 75 52 379
125 97 5 861
125 100 16 371
125 171 31 486
125 176 37 144
125 194 23 1159
125 207 46 1016
125 219 55 797
125 234 1 497
125 235 25 412
125 280 10 632
125 302 43 185
126 10 7 966
126 30 34 1016
126 32 49 8
126 73 41 1158
126 113 13 711
126 118 31 984
126 123 58 953
126 134 22 47
126 181 4 111
126 189 37 790
126 192 25 653
126 196 15 989
126 208 19 728
126 232 2 544
126 276 43 329
127 9 31 1031
127 107 50 972
127 143 43 860
127 149 16 297
127 169 25 940
127 173 7 338
127 187 11 39
127 205 1 380
127 220 21 1130
127 239 37 621
127 281 19 48
127 295 13 427
127 296 34 1008
127 300 5 303
127 312 55 590
128 19 7 1054
128 38 13 749
128 90 27 1030
128 97 19 538
128 99 1 1108
128 100 15 1073
128 231 4 657
128 236 31 994
128 265 21 719
128 286 43 456
128 307 58 998
128 309 37 391
128 318 49 892
129 1 41 1033
129 26 1 1181
129 34 17 338
129 35 37 876
129 74 46 112
129 78 25 347
129 87 59 984
129 126 4 874
129 153 29 211
129 218 22 1056
129 226 35 418
129 231 49 980
129 247 11 1100
129 290 55 655
129 318 7 877
130 36 7 1193
130 78 29 328
130 89 25 695
130 101 3 622
130 125 10 938
130 129 43 488
130 169 13 1165
130 191 53 1101
130 192 19 641
130 247 50 1100
130 257 58 1077
130 261 46 1071
130 292 35 142
130 301 23 608
131 20 49 474
131 54 29 106
131 61 1 52
131 92 32 382
131 164 47 1034
131 173 25 817
131 176 10 502
131 182 22 347
131 205 16 841
131 223 41 463
131 228 43 74
131 243 13 127
131 284 4 982
131 293 7 418
131 312 37 560
132 7 45 658
132 44 25 451
132 57 20 715
132 65 35 809
132 91 7 156
132 97 40 706
132 109 4 937
132 139 37 1066
132 147 17 894
132 188 49 226
132 259 52 4
132 282 13 51
132 285 31 1183
132 308 55 262
133 4 15 105
133 32 25 737
133 69 20 726
133 77 13 1190
133 78 49 328
133 130 37 1015
133 131 40 120
133 132 52 724
133 172 1 2
133 261 9 1085
133 263 32 530
133 268 59 218
133 311 55 39
133 312 44 706
133 314 4 1051
134 1 43 819
134 12 11 300
134 31 47 708
134 75 4 379
134 100 56 64
134 168 22 276
134 179 7 26
134 184 19 461
134 188 32 226
134 206 39 418
134 207 59 1145
134 235 13 493
134 246 1 795
134 261 52 118
134 267 26 46
135 3 43 258
135 49 34 1109
135 71 40 5
135 85 13 947
135 110 23 189
135 118 7 605
135 119 25 180
135 137 37 469
135 162 17 1064
135 163 55 846
135 171 49 475
135 186 52 367
135 219 2 582
135 277 10 298
135 315 19 447
136 3 20 258
136 26 43 355
136 50 59 171
136 61 13 119
136 68 28 438
136 158 49 370
136 203 46 192
136 242 7 725
136 271 35 716
136 274 5 1037
136 278 25 1132
136 280 2 818
136 308 38 248
136 319 31 534
137 13 13 159
137 36 59 1193
137 60 27 568
137 63 43 552
137 83 22 367
137 85 37 1049
137 116 19 326
137 130 3 1015
137 133 1 206
137 154 41 746
137 180 55 1027
137 183 31 669
137 243 52 127
137 293 10 418
137 304 47 224
138 17 37 777
138 19 1 172
138 23 52 1030
138 88 13 1084
138 101 41 622
138 123 7 362
138 135 35 305
138 152 27 131
138 168 49 1030
138 171 10 486
138 173 56 370
138 250 25 621
138 265 21 988
138 317 44 1135
139 47 34 75
139 72 17 604
139 76 11 711
139 96 19 1170
139 120 37 1041
139 126 46 637
139 134 52 47
139 138 22 866
139 139 3 959
139 147 7 316
139 186 39 541
139 250 55 378
139 279 13 150
139 298 27 907
139 305 31 1135
140 3 13 314
140 28 28 933
140 31 17 781
140 41 47 683
140 66 35 460
140 94 1 796
140 106 39 915
140 138 37 866
140 139 53 428
140 150 5 1133
140 152 43 86
140 206 19 344
140 234 55 606
140 307 49 637
140 310 7 399
141 17 19 724
141 42 49 751
141 47 32 895
141 86 25 30
141 114 55 77
141 175 37 41
141 178 13 687
141 186 3 190
141 195 21 1198
141 203 9 164
141 233 1 1003
141 269 46 1173
141 287 53 715
141 304 29 224
142 5 25 1118
142 22 43 14
142 99 55 934
142 133 59 568
142 134 28 47
142 137 37 887
142 138 40 531
142 175 49 33
142 183 34 988
142 226 7 1019
142 246 31 492
142 261 2 1071
142 276 10 1090
142 284 22 818
142 291 53 223
143 41 22 683
143 51 16 1072
143 58 25 584
143 102 43 619
143 157 40 603
143 178 1 42
143 209 29 129
143 224 55 34
143 225 7 872
143 237 49 428
143 244 11 1086
143 261 31 1085
143 269 34 97
143 272 19 681
144 29 5 552
144 35 25 935
144 37 16 551
144 70 7 792
144 90 11 883
144 91 31 570
144 132 55 724
144 137 40 298
144 145 1 220
144 172 58 2
144 234 49 813
144 240 43 721
145 3 26 835
145 41 11 488
145 43 57 1076
145 69 19 735
145 119 13 561
145 124 1 280
145 126 34 267
145 166 44 858
145 201 31 786
145 206 37 176
145 217 7 106
145 239 3 130
145 264 17 362
146 5 37 1118
146 37 1 1007
146 64 45 252
146 95 53 519
146 163 15 557
146 177 31 147
146 188 50 628
146 206 7 447
146 208 22 728
146 226 13 398
146 239 28 130
146 253 41 736
146 303 4 919
146 312 56 10
147 8 23 1140
147 15 43 487
147 42 31 1098
147 76 59 679
147 94 14 796
147 113 29 318
147 115 55 95
147 119 19 813
147 166 25 303
147 205 10 380
147 234 49 140
147 241 1 12
147 297 37 857
147 307 7 998
148 15 7 719
148 24 43 432
148 30 19 244
148 59 49 775
148 71 14 5
148 74 55 112
148 103 5 485
148 105 29 658
148 110 41 605
148 158 25 59
148 194 3 1159
148 205 22 841
148 245 37 816
148 254 31 1103
149 1 5 1140
149 21 13 619
149 80 1 910
149 83 37 442
149 88 19 793
149 102 55 728
149 110 49 312
149 119 31 813
149 177 43 978
149 198 7 275
149 235 25 493
149 251 51 1151
149 261 40 849
149 295 22 427
150 26 1 355
150 47 10 607
150 59 44 775
150 65 4 809
150 75 16 1079
150 98 59 204
150 143 40 337
150 182 7 554
150 192 50 686
150 197 25 533
150 214 22 66
150 250 20 378
150 254 55 798
150 287 13 907
151 7 43 474
151 53 59 1033
151 72 25 604
151 78 47 12
151 80 28 443
151 90 19 1030
151 97 11 706
151 106 7 280
151 148 49 224
151 150 37 247
151 189 15 680
151 193 39 1068
151 232 13 1067
151 276 55 329
152 2 47 492
152 21 31 679
152 39 43 540
152 47 2 1187
152 69 13 726
152 119 25 813
152 145 49 708
152 172 7 2
152 187 23 24
152 209 5 443
152 240 39 1092
152 253 17 701
152 269 11 479
152 284 20 982
152 319 55 1066
153 13 55 532
153 32 31 797
153 89 29 695
153 119 19 8
153 161 1 231
153 164 7 255
153 197 25 890
153 209 23 1077
153 217 43 106
153 218 52 473
153 267 37 616
153 268 5 610
153 281 15 48
153 299 9 935
154 7 13 203
154 128 19 1152
154 132 31 1011
154 148 43 576
154 156 7 784
154 216 26 134
154 230 11 95
154 251 37 776
154 266 49 1164
154 268 1 218
154 283 41 1027
154 293 3 736
154 300 17 88
155 53 11 283
155 77 43 1190
155 130 34 673
155 150 32 247
155 162 15 562
155 167 5 628
155 177 38 978
155 185 49 116
155 193 52 253
155 210 22 780
155 218 19 69
155 272 7 1114
155 286 45 701
155 319 55 450
156 60 2 57
156 62 26 423
156 70 49 305
156 84 7 173
156 193 13 370
156 218 43 69
156 227 39 288
156 245 55 816
156 249 11 536
156 256 47 912
156 290 31 655
156 300 35 705
156 302 22 910
157 54 46 930
157 57 55 111
157 71 20 5
157 80 43 443
157 107 49 469
157 122 8 428
157 141 37 185
157 174 13 880
157 178 2 923
157 214 25 499
157 287 17 1115
157 295 28 367
157 296 35 562
157 308 31 643
158 15 55 487
158 36 39 1193
158 44 7 1034
158 62 22 468
158 71 28 997
158 88 25 1084
158 121 19 568
158 170 53 10
158 174 31 880
158 204 50 222
158 286 3 1064
158 310 44 399
158 320 13 226
159 52 1 1139
159 91 37 584
159 116 8 1086
159 155 29 483
159 156 55 207
159 157 49 37
159 193 52 644
159 197 19 1131
159 221 25 752
159 233 11 535
159 237 43 832
159 308 31 1101
159 311 13 1048
160 16 47 1158
160 43 49 1076
160 55 34 1093
160 63 27 1041
160 113 5 711
160 121 1 58
160 136 31 1047
160 150 41 247
160 200 43 322
160 221 8 1194
160 290 55 358
160 300 53 251
160 308 37 232
160 310 13 283
160 320 21 664
161 19 19 172
161 24 37 432
161 49 58 1109
161 66 35 926
161 149 1 179
161 170 23 999
161 186 13 190
161 208 45 993
161 228 3 1192
161 258 28 1184
161 279 31 1080
161 302 7 1189
161 320 49 189
162 14 40 283
162 36 44 1193
162 46 21 351
162 108 23 833
162 122 33 428
162 139 59 428
162 147 1 551
162 156 25 22
162 181 37 1179
162 235 55 536
162 241 7 1115
162 246 29 258
162 262 52 607
162 268 15 218
162 300 3 1198
163 7 7 658
163 10 25 993
163 41 53 683
163 76 35 728
163 104 21 685
163 120 1 145
163 157 37 603
163 166 13 273
163 167 47 576
163 173 56 393
163 211 11 37
163 223 28 1011
163 224 31 34
163 268 19 218
163 276 4 329
164 8 5 1069
164 15 20 487
164 25 55 711
164 36 53 1193
164 42 32 830
164 113 17 711
164 123 7 464
164 136 46 1164
164 163 26 217
164 180 49 1027
164 222 3 1036
164 257 40 386
164 286 13 1023
164 293 10 326
164 303 57 1128
165 11 55 829
165 64 37 209
165 101 9 622
165 155 31 1072
165 159 25 718
165 178 19 765
165 181 1 1179
165 192 33 1039
165 203 29 164
165 210 58 632
165 242 50 1021
165 263 13 317
165 269 17 479
165 303 4 523
165 312 43 398
166 1 5 886
166 13 13 508
166 42 43 751
166 75 10 379
166 100 28 371
166 119 1 813
166 186 7 190
166 188 25 1023
166 189 37 834
166 192 49 1178
166 224 55 60
166 234 19 1033
166 267 31 788
167 5 34 1118
167 6 7 328
167 68 25 438
167 108 23 929
167 136 28 368
167 146 1 289
167 179 45 26
167 180 13 532
167 210 40 632
167 223 47 463
167 228 19 31
167 244 10 764
167 284 49 982
167 291 4 1176
168 25 23 134
168 39 49 540
168 66 55 213
168 108 29 586
168 160 43 783
168 193 52 1083
168 196 21 149
168 224 14 516
168 226 19 418
168 268 11 975
168 280 37 316
168 294 7 639
168 298 3 907
168 320 31 295
169 5 40 1118
169 30 37 244
169 38 53 13
169 63 49 534
169 100 1 1073
169 105 59 658
169 194 10 916
169 239 4 314
169 248 29 1127
169 266 19 1102
169 279 7 1080
169 288 43 280
169 290 55 926
169 305 25 1153
169 310 31 58
170 10 10 518
170 16 17 581
170 52 26 820
170 60 31 817
170 61 37 52
170 72 55 604
170 120 7 145
170 132 13 736
170 173 1 967
170 192 43 641
170 197 19 784
170 213 40 421
170 253 35 203
170 260 59 492
170 282 51 51
171 6 5 931
171 10 34 993
171 60 55 377
171 75 7 210
171 114 26 433
171 129 10 507
171 176 1 97
171 177 37 304
171 201 16 38
171 202 23 335
171 211 47 10
171 227 43 900
171 234 19 140
171 265 53 986
171 272 13 1114
172 40 47 550
172 55 40 508
172 65 55 1028
172 130 34 753
172 185 7 116
172 209 17 129
172 210 43 722
172 233 10 324
172 235 1 93
172 267 13 616
172 278 31 607
172 308 19 643
172 309 25 437
172 312 49 706
173 30 58 1191
173 78 31 729
173 111 37 721
173 121 55 69
173 180 33 729
173 192 43 626
173 203 25 192
173 210 16 693
173 211 47 820
173 250 23 621
173 267 7 788
173 277 4 971
173 278 40 607
173 283 49 693
173 298 20 907
174 6 17 1007
174 13 1 532
174 17 13 409
174 45 49 519
174 87 29 279
174 121 58 170
174 138 37 531
174 141 7 497
174 188 43 1191
174 211 11 822
174 235 31 1145
174 282 19 152
174 316 40 957
174 317 25 1080
175 18 4 37
175 37 55 1007
175 43 29 1076
175 56 34 613
175 77 11 1190
175 80 58 833
175 120 52 749
175 150 7 247
175 165 49 1072
175 179 38 930
175 206 13 293
175 212 9 1173
175 231 31 469
175 290 25 705
175 301 41 921
176 48 1 513
176 73 59 606
176 87 31 26
176 170 47 459
176 184 21 461
176 200 14 985
176 207 33 337
176 237 7 802
176 262 28 1199
176 292 50 142
176 293 44 894
176 314 55 1179
176 317 3 338
176 320 37 226
177 57 44 580
177 83 55 292
177 112 49 204
177 132 7 636
177 169 25 446
177 181 31 111
177 199 34 146
177 213 19 66
177 232 3 786
177 278 40 1132
177 302 10 923
177 319 13 216
178 4 49 105
178 52 37 820
178 91 25 570
178 102 43 1079
178 118 31 826
178 123 10 953
178 147 1 930
178 268 56 218
178 290 3 926
178 300 29 251
178 303 34 1128
178 306 19 1122
178 317 13 315
179 12 17 474
179 80 7 910
179 105 23 77
179 114 13 756
179 129 46 507
179 132 57 736
179 177 1 45
179 187 49 276
179 190 19 986
179 234 26 1033
179 278 10 1132
179 291 5 688
179 294 31 805
179 307 43 998
179 317 37 781
180 23 57 760
180 34 44 425
180 37 52 1143
180 44 3 1034
180 53 11 28
180 82 29 121
180 126 31 267
180 137 22 512
180 156 25 644
180 186 19 190
180 201 34 827
180 216 14 9
180 224 37 1151
180 263 7 530
181 5 16 1104
181 12 23 370
181 33 50 325
181 34 39 425
181 52 1 453
181 73 13 606
181 168 10 750
181 209 35 495
181 216 55 134
181 224 31 163
181 241 19 377
181 261 25 509
181 279 46 1023
181 305 28 1153
182 24 49 230
182 69 31 735
182 89 17 1162
182 148 26 669
182 168 40 1081
182 179 11 722
182 185 55 1011
182 224 7 449
182 257 37 1077
182 259 46 4
182 270 13 115
182 301 5 450
182 303 43 154
182 316 1 957
182 320 19 226
183 1 46 91
183 58 19 1107
183 62 7 70
183 67 10 184
183 96 1 857
183 118 16 977
183 124 13 915
183 129 3 99
183 132 43 636
183 215 38 341
183 306 25 328
183 308 56 1157
183 313 51 984
184 41 20 488
184 72 23 796
184 115 49 95
184 120 56 982
184 123 40 464
184 152 7 284
184 192 32 626
184 204 52 1173
184 207 11 1016
184 235 44 536
184 239 58 819
184 264 5 811
184 266 13 227
184 274 3 860
185 8 11 811
185 30 49 967
185 35 13 59
185 73 35 606
185 78 46 860
185 85 31 947
185 118 25 826
185 126 28 486
185 209 1 203
185 226 44 254
185 239 37 147
185 244 7 764
185 248 23 872
185 288 57 33
185 302 4 185
186 19 55 1054
186 20 32 942
186 79 5 1165
186 93 13 720
186 108 19 701
186 109 52 316
186 110 7 692
186 227 27 900
186 243 15 715
186 254 1 1121
186 264 25 696
186 294 9 445
186 302 37 910
186 319 21 534
187 41 11 413
187 83 13 696
187 88 22 793
187 120 31 982
187 141 49 497
187 145 7 220
187 164 41 9
187 174 43 880
187 230 20 95
187 241 37 390
187 254 26 1103
187 271 16 716
187 294 33 445
187 318 55 495
187 320 1 295
188 1 37 91
188 4 21 429
188 34 19 425
188 79 59 875
188 91 39 1196
188 98 4 288
188 144 13 609
188 170 53 459
188 234 43 553
188 252 15 272
188 264 47 696
188 276 28 1020
188 277 55 971
188 278 34 607
188 291 8 565
189 19 3 1054
189 53 1 1033
189 74 49 723
189 124 41 152
189 135 47 305
189 161 27 1088
189 170 11 69
189 200 43 693
189 201 58 129
189 204 7 990
189 241 37 377
189 244 25 1086
189 263 31 317
189 291 15 565
189 320 19 189
190 53 23 283
190 56 8 476
190 66 49 926
190 80 19 166
190 82 43 121
190 104 34 685
190 147 47 894
190 161 26 756
190 203 37 164
190 205 55 380
190 218 4 69
190 243 40 1021
190 249 16 542
190 298 31 13
190 308 51 233
191 45 43 779
191 65 21 809
191 92 7 382
191 148 25 281
191 150 19 247
191 167 49 655
191 191 59 813
191 194 37 916
191 244 17 51
191 246 35 492
191 258 40 832
191 299 31 636
191 313 1 1137
191 318 13 877
192 6 23 259
192 11 13 829
192 23 40 760
192 55 25 508
192 91 49 937
192 121 55 170
192 144 53 609
192 148 43 554
192 151 10 769
192 153 17 211
192 204 19 565
192 228 31 31
192 253 35 227
192 314 4 1179
193 52 50 1139
193 65 29 1028
193 68 55 959
193 87 33 777
193 107 25 972
193 125 59 483
193 188 37 1023
193 189 1 1105
193 213 40 1171
193 219 14 797
193 232 22 786
193 257 19 749
193 290 43 705
193 319 7 1169
194 65 33 1028
194 73 41 606
194 94 43 1150
194 156 19 644
194 171 25 475
194 194 14 916
194 232 58 1067
194 246 28 492
194 256 53 333
194 261 7 1158
194 269 4 479
194 271 51 716
194 274 37 1193
194 291 35 776
195 3 27 314
195 17 11 409
195 71 34 470
195 77 7 1190
195 103 19 485
195 136 46 368
195 149 25 179
195 189 49 790
195 200 37 985
195 202 41 972
195 213 1 421
195 258 23 832
195 277 13 298
195 301 4 921
195 317 55 921
196 49 33 158
196 51 43 1072
196 55 13 740
196 62 51 843
196 103 47 485
196 108 23 57
196 109 16 937
196 111 4 980
196 148 38 427
196 149 59 685
196 194 1 745
196 266 26 1156
196 288 55 227
196 313 19 1160
196 315 7 912
197 8 5 449
197 13 13 1017
197 80 49 560
197 149 23 180
197 165 43 910
197 172 52 2
197 191 17 813
197 200 56 322
197 231 10 570
197 245 37 543
197 277 1 971
197 279 25 368
197 282 31 401
198 13 19 532
198 20 56 523
198 104 35 1079
198 110 41 312
198 132 13 921
198 175 43 16
198 210 37 1021
198 233 31 1003
198 282 7 800
198 283 11 16
198 292 1 456
198 293 4 326
198 299 25 211
198 301 17 608
198 311 50 406
199 4 43 28
199 9 7 609
199 71 28 5
199 95 19 1057
199 121 13 69
199 132 1 1200
199 162 39 562
199 178 31 886
199 191 59 942
199 202 5 284
199 223 41 379
199 237 21 891
199 238 47 887
199 279 55 1023
199 305 52 323
200 27 25 140
200 29 5 294
200 32 19 895
200 56 39 613
200 57 7 85
200 88 31 793
200 126 13 300
200 179 45 565
200 181 34 876
200 183 16 365
200 238 52 1015
200 271 49 716
200 272 55 1005
200 294 1 639
201 8 14 581
201 56 16 476
201 66 1 926
201 137 58 1093
201 153 19 1001
201 162 45 149
201 173 37 78
201 176 22 144
201 177 26 1179
201 180 31 737
201 248 41 872
201 252 49 463
201 276 7 174
201 279 3 1080
202 26 10 1181
202 35 19 746
202 70 13 305
202 72 37 604
202 75 34 1081
202 79 5 468
202 96 1 432
202 104 41 610
202 113 47 102
202 160 55 254
202 227 43 288
202 231 31 307
202 243 7 715
202 253 23 736
203 25 5 677
203 36 11 1053
203 44 25 787
203 99 31 1069
203 143 7 97
203 150 17 1133
203 171 37 297
203 179 34 26
203 183 19 587
203 199 29 140
203 237 43 255
203 243 1 331
203 255 13 962
203 293 22 326
203 294 49 805
204 3 1 258
204 17 59 724
204 67 13 189
204 96 25 432
204 104 43 610
204 112 7 170
204 114 50 77
204 178 45 765
204 191 35 813
204 196 27 149
204 213 37 421
204 219 20 807
204 273 40 287
204 305 32 1153
205 18 55 1018
205 27 43 331
205 29 40 281
205 31 35 72
205 103 5 317
205 130 13 753
205 131 47 120
205 136 16 1164
205 143 58 314
205 221 1 752
205 240 49 721
205 254 19 878
205 271 53 716
205 281 33 48
205 310 9 270
206 6 23 1183
206 19 55 172
206 26 19 1181
206 50 41 626
206 63 7 585
206 77 50 1190
206 121 52 170
206 125 43 505
206 132 16 736
206 172 13 2
206 233 59 853
206 240 25 1024
206 246 35 795
206 302 45 814
206 307 2 998
207 113 5 318
207 121 50 69
207 139 13 1066
207 140 31 521
207 156 1 644
207 164 35 608
207 165 40 1072
207 176 7 861
207 218 15 1056
207 246 43 1131
207 262 22 806
207 284 10 803
207 294 45 409
207 313 55 1137
208 2 52 1003
208 8 47 603
208 9 49 1031
208 34 23 425
208 41 59 683
208 118 40 977
208 143 33 622
208 159 55 1175
208 174 43 463
208 244 5 1086
208 282 19 1115
208 296 26 869
208 301 11 679
209 3 43 535
209 27 19 1184
209 125 8 938
209 163 13 217
209 183 4 587
209 200 49 567
209 214 58 66
209 224 25 34
209 244 29 51
209 259 55 501
209 311 31 851
209 315 38 912
210 29 7 294
210 60 39 1003
210 76 58 711
210 122 44 428
210 124 35 875
210 157 9 279
210 159 31 862
210 211 5 822
210 240 14 1092
210 264 37 143
210 280 52 632
210 307 28 637
210 308 20 990
210 310 1 270
211 87 31 777
211 99 28 259
211 119 55 1004
211 153 25 1071
211 163 7 533
211 183 37 988
211 192 19 686
211 210 34 1021
211 222 51 1036
211 237 43 891
211 251 1 776
211 256 23 532
211 277 40 691
211 317 13 1135
212 15 19 497
212 20 44 42
212 38 51 1114
212 53 8 1033
212 60 37 1156
212 65 49 809
212 66 1 460
212 76 11 150
212 123 32 528
212 124 59 280
212 132 4 1011
212 157 26 279
212 241 55 388
212 288 13 671
212 301 23 1043
213 26 22 355
213 30 27 244
213 38 41 857
213 46 10 351
213 64 4 226
213 69 37 735
213 89 47 1162
213 113 35 325
213 263 56 317
213 268 1 610
213 274 17 687
213 279 19 1080
213 285 43 113
213 309 31 1032
214 27 13 140
214 68 34 206
214 92 57 382
214 93 29 1142
214 94 43 796
214 105 1 186
214 107 25 760
214 140 31 1013
214 167 53 628
214 254 19 545
214 259 49 576
214 271 11 716
214 277 4 896
214 285 37 1043
214 289 47 1175
215 59 1 775
215 61 7 1172
215 97 53 999
215 123 43 811
215 129 13 99
215 168 10 276
215 179 5 659
215 180 25 97
215 193 49 72
215 236 32 755
215 272 40 1114
215 278 16 71
215 310 57 378
216 24 13 372
216 33 44 877
216 73 17 1158
216 98 35 204
216 103 23 485
216 201 58 298
216 229 19 368
216 252 31 72
216 260 40 658
216 304 52 509
216 308 7 643
216 311 25 1191
216 314 1 1051
217 120 40 982
217 126 37 84
217 142 32 461
217 168 8 1030
217 178 19 687
217 184 3 461
217 218 56 473
217 233 17 508
217 250 15 378
217 256 53 1034
217 265 23 549
217 287 13 715
217 316 46 957
217 320 25 559
218 65 16 809
218 68 31 206
218 87 13 26
218 108 40 807
218 120 25 1041
218 134 44 47
218 140 28 1013
218 157 19 603
218 167 59 655
218 172 22 2
218 186 1 153
218 204 10 565
218 238 8 887
218 277 37 971
219 1 23 91
219 41 1 488
219 65 19 809
219 66 27 696
219 98 21 288
219 100 58 371
219 120 17 1041
219 172 40 1071
219 179 13 810
219 180 43 542
219 196 35 149
219 236 8 1102
219 264 3 696
219 280 37 460
220 74 28 763
220 113 23 711
220 114 55 756
220 123 25 528
220 149 41 685
220 211 53 483
220 214 7 495
220 241 1 390
220 258 49 832
220 259 16 576
220 266 43 560
220 274 51 1057
220 285 19 113
220 286 31 333
220 290 37 926
221 3 7 835
221 31 41 72
221 43 53 1076
221 165 46 910
221 174 14 81
221 178 49 687
221 192 25 641
221 210 22 722
221 212 35 1004
221 238 37 127
221 239 31 621
221 283 2 934
221 319 55 1169
222 1 9 1140
222 11 40 829
222 23 45 760
222 30 33 1042
222 47 4 895
222 51 13 871
222 67 52 307
222 111 27 1067
222 161 56 231
222 207 31 337
222 239 37 819
222 248 1 99
222 256 7 333
222 279 16 1080
222 317 20 1187
223 8 1 978
223 20 55 1050
223 37 16 58
223 56 10 350
223 126 7 486
223 181 19 1179
223 185 13 439
223 187 40 517
223 207 5 337
223 251 49 1128
223 265 37 634
223 277 31 298
223 290 44 655
223 310 25 1073
224 6 29 144
224 58 43 1107
224 63 13 222
224 115 47 530
224 133 7 404
224 156 9 812
224 163 25 846
224 169 1 401
224 187 17 39
224 194 49 916
224 197 38 784
224 247 22 772
224 271 5 716
224 290 55 597
224 307 31 998
225 16 52 581
225 94 3 322
225 133 9 568
225 135 11 1164
225 160 20 783
225 168 34 406
225 175 13 41
225 183 56 669
225 217 25 106
225 289 41 1043
225 290 37 655
225 292 1 370
225 302 49 1189
225 317 43 338
226 18 25 933
226 86 7 30
226 111 37 1067
226 115 23 1172
226 135 5 807
226 147 19 316
226 154 41 880
226 159 50 718
226 173 1 817
226 185 46 1011
226 227 32 677
226 240 55 939
226 244 28 1086
226 277 16 298
226 283 59 924
227 58 1 672
227 60 13 401
227 77 17 756
227 85 45 193
227 90 43 1030
227 119 7 665
227 124 53 280
227 139 23 428
227 189 25 953
227 224 19 60
227 234 55 161
227 239 40 147
227 299 49 1131
227 301 29 479
227 311 32 1191
228 21 37 870
228 39 19 540
228 42 32 751
228 44 49 780
228 51 10 704
228 105 7 821
228 108 25 701
228 138 13 531
228 172 16 2
228 180 27 267
228 199 41 580
228 223 5 643
228 234 55 553
228 310 45 378
229 37 51 786
229 61 19 808
229 65 13 1028
229 67 25 189
229 128 44 243
229 138 7 866
229 159 1 1126
229 169 31 446
229 205 10 841
229 244 17 1086
229 259 58 501
229 298 28 13
229 299 37 220
230 26 15 355
230 50 47 626
230 52 49 501
230 62 19 270
230 139 5 959
230 177 1 268
230 186 28 190
230 203 22 164
230 212 34 669
230 234 39 234
230 252 8 437
230 258 13 832
230 261 43 509
230 287 25 715
230 301 53 450
231 5 25 80
231 17 17 1127
231 38 19 812
231 45 13 779
231 61 28 1172
231 108 53 211
231 112 1 468
231 136 43 368
231 140 31 376
231 145 21 292
231 194 41 916
231 208 7 993
231 223 58 1011
231 254 49 1103
231 284 34 1059
232 2 23 1145
232 10 49 518
232 16 4 257
232 43 7 1076
232 47 26 541
232 71 14 470
232 82 33 121
232 111 1 577
232 113 47 318
232 135 17 305
232 264 53 143
232 288 43 671
232 294 39 409
232 319 9 534
233 6 29 999
233 20 19 1050
233 26 4 355
233 27 25 736
233 39 37 540
233 61 10 1172
233 129 7 457
233 199 47 1092
233 200 55 725
233 249 53 468
233 261 13 1050
233 263 43 530
233 285 49 1043
233 312 31 706
234 6 53 324
234 12 22 300
234 20 55 285
234 28 34 746
234 34 59 34
234 51 13 686
234 52 7 1139
234 155 47 980
234 185 28 442
234 201 4 129
234 233 31 1075
234 246 11 492
234 280 16 460
234 282 49 152
234 289 1 634
235 12 31 1062
235 102 25 728
235 113 17 496
235 116 46 326
235 119 13 8
235 171 7 475
235 192 55 626
235 204 37 990
235 216 50 134
235 221 3 249
235 229 40 368
235 250 43 621
235 277 10 86
235 287 1 907
235 299 19 935
236 53 9 283
236 67 16 184
236 91 55 1196
236 123 37 464
236 124 11 152
236 163 43 557
236 172 49 2
236 177 1 147
236 240 19 1092
236 264 29 116
236 285 25 883
236 297 31 857
236 304 41 619
237 26 37 842
237 48 59 513
237 50 17 626
237 74 13 112
237 129 55 99
237 147 26 551
237 171 22 803
237 187 47 24
237 248 43 234
237 265 1 986
237 284 7 982
237 289 19 853
237 295 31 422
237 301 11 608
237 304 53 190
238 27 43 708
238 31 37 318
238 38 28 812
238 47 34 750
238 91 20 570
238 96 7 432
238 100 9 371
238 113 15 318
238 115 25 95
238 148 39 810
238 189 55 680
238 192 1 626
238 222 17 553
238 228 49 600
238 269 13 479
239 91 55 584
239 139 39 959
239 151 31 769
239 160 49 822
239 178 43 687
239 186 34 153
239 188 7 226
239 202 59 179
239 265 29 549
239 273 16 287
239 287 37 907
239 292 47 234
239 302 13 185
239 303 1 502
240 4 49 429
240 18 19 933
240 53 35 283
240 71 37 997
240 155 11 89
240 171 4 475
240 181 25 609
240 188 40 1023
240 198 31 1040
240 203 59 164
240 216 43 134
240 231 7 659
240 276 28 1090
240 295 55 367
240 301 17 679
241 6 11 41
241 23 51 711
241 27 43 430
241 40 32 550
241 77 19 1190
241 95 23 670
241 113 9 711
241 130 13 1015
241 144 27 474
241 157 16 37
241 180 38 542
241 226 59 130
241 234 55 813
241 240 1 939
241 253 29 203
242 10 22 518
242 18 58 1042
242 23 25 16
242 52 13 820
242 53 1 283
242 54 19 6
242 60 7 721
242 105 29 77
242 124 17 280
242 138 5 531
242 150 49 247
242 195 44 670
242 276 37 10
242 284 52 982
242 289 41 1175
243 5 16 1118
243 19 31 1054
243 25 29 407
243 27 25 677
243 93 3 720
243 132 37 724
243 144 52 404
243 167 1 509
243 188 55 538
243 212 11 1004
243 276 49 378
243 313 7 984
243 314 40 163
243 316 20 957
244 3 56 258
244 5 49 80
244 11 34 829
244 15 43 598
244 53 7 283
244 94 9 322
244 113 5 325
244 117 40 681
244 133 29 975
244 198 25 1040
244 201 52 38
244 212 3 1173
244 242 19 1094
244 303 31 502
244 309 13 391
245 12 35 474
245 36 57 1193
245 62 16 468
245 64 1 740
245 89 41 1162
245 132 38 736
245 136 52 1152
245 148 25 224
245 154 47 213
245 204 13 362
245 207 49 294
245 215 7 341
245 258 29 832
245 260 59 30
245 297 31 1137
246 21 25 6
246 42 50 1098
246 62 55 270
246 68 7 438
246 97 5 1062
246 111 31 1106
246 117 58 339
246 142 43 461
246 143 34 900
246 163 20 557
246 206 1 418
246 213 10 1047
246 263 37 96
246 312 15 130
247 2 55 1003
247 24 27 372
247 27 45 1059
247 83 10 33
247 97 43 999
247 104 17 643
247 113 19 711
247 123 7 617
247 135 23 159
247 138 31 531
247 154 25 880
247 158 33 38
247 195 13 670
247 215 1 341
247 254 57 1103
248 35 57 267
248 38 55 749
248 49 46 158
248 51 13 548
248 52 8 820
248 125 35 938
248 132 16 921
248 163 38 533
248 169 31 459
248 205 43 841
248 236 1 870
248 251 25 1151
248 294 21 409
248 308 49 1157
249 18 33 1072
249 36 9 1053
249 65 31 934
249 73 11 1187
249 80 1 560
249 82 47 718
249 110 23 312
249 111 4 721
249 144 7 228
249 158 55 929
249 159 19 718
249 231 51 657
249 248 59 872
249 281 41 48
249 306 25 1093
250 3 50 258
250 24 31 230
250 60 7 1018
250 79 35 468
250 102 37 728
250 105 41 391
250 143 55 337
250 165 58 146
250 219 44 807
250 247 11 1131
250 248 21 234
250 262 13 806
250 274 17 1037
250 290 25 358
250 313 1 984
251 23 40 189
251 25 35 407
251 31 17 292
251 39 10 540
251 49 1 1109
251 124 53 152
251 148 19 669
251 164 47 78
251 206 43 479
251 208 4 399
251 223 59 869
251 224 55 869
251 261 37 976
251 305 31 323
251 316 28 957
252 3 7 258
252 35 3 71
252 52 25 453
252 58 55 975
252 81 1 1125
252 82 59 706
252 108 11 701
252 132 13 724
252 162 23 805
252 177 51 45
252 218 34 284
252 233 43 421
252 272 31 1005
252 305 16 323
253 21 25 150
253 54 17 106
253 60 13 817
253 63 7 222
253 88 43 163
253 103 41 485
253 104 29 1068
253 115 34 95
253 198 1 133
253 202 23 179
253 208 31 12
253 222 47 1036
253 235 37 536
253 258 19 832
253 277 49 298
254 64 28 603
254 95 41 519
254 107 19 972
254 135 7 509
254 151 10 392
254 163 31 846
254 188 25 968
254 215 37 782
254 229 44 50
254 231 15 657
254 239 4 819
254 246 23 492
254 248 47 872
254 254 49 798
254 293 1 326
255 10 13 993
255 40 1 1129
255 45 19 375
255 70 31 180
255 107 37 116
255 135 41 305
255 144 3 474
255 151 52 471
255 172 57 915
255 177 25 827
255 179 9 26
255 187 49 517
255 223 55 463
255 243 16 942
256 87 39 26
256 89 27 695
256 117 43 477
256 135 59 1164
256 150 11 247
256 162 9 1064
256 164 3 456
256 210 13 693
256 222 1 553
256 247 53 1131
256 262 16 806
256 283 25 885
256 308 31 253
256 313 19 561
257 14 57 312
257 20 3 285
257 76 47 150
257 99 10 1108
257 116 14 587
257 119 49 561
257 121 25 580
257 157 39 279
257 180 31 542
257 183 7 142
257 222 19 1036
257 243 22 127
257 262 43 1199
257 304 29 399
258 7 43 777
258 15 25 1037
258 35 13 692
258 61 4 119
258 74 37 155
258 78 49 51
258 79 11 203
258 96 9 1170
258 126 40 295
258 167 35 509
258 204 19 362
258 252 55 72
258 256 2 333
258 268 23 975
258 306 31 688
259 52 49 420
259 60 32 410
259 69 38 726
259 77 59 756
259 106 7 456
259 126 4 267
259 155 23 89
259 167 11 115
259 190 13 741
259 198 43 586
259 200 26 927
259 210 19 1056
259 305 55 1135
260 17 5 817
260 31 29 708
260 54 55 930
260 57 1 715
260 63 37 156
260 85 31 1049
260 116 43 587
260 131 16 120
260 176 13 144
260 206 49 293
260 212 25 810
260 237 19 364
260 285 57 1183
260 302 7 923
261 4 3 429
261 16 37 1016
261 49 20 158
261 52 39 453
261 66 57 696
261 78 59 12
261 79 47 729
261 148 49 669
261 171 44 475
261 184 1 461
261 191 29 1050
261 224 25 806
261 231 34 469
261 297 7 1020
261 308 13 643
262 12 17 933
262 22 33 14
262 35 43 827
262 48 9 513
262 93 47 769
262 103 41 650
262 105 5 186
262 133 13 404
262 204 22 565
262 226 29 185
262 246 11 1081
262 282 37 1115
262 290 1 597
262 294 57 325
262 305 49 1153
263 37 49 257
263 46 26 792
263 103 55 485
263 117 52 737
263 131 47 297
263 136 4 1047
263 160 57 783
263 188 1 1023
263 196 29 149
263 197 13 70
263 224 43 60
263 282 7 152
263 305 22 1135
263 317 38 1135
263 318 31 791
264 3 31 258
264 42 15 837
264 56 52 613
264 101 57 386
264 131 43 120
264 181 46 876
264 209 49 203
264 238 41 885
264 244 1 70
264 246 13 492
264 275 37 983
264 287 55 605
264 304 3 509
264 311 7 227
265 16 45 988
265 26 25 355
265 47 52 398
265 84 33 173
265 94 1 1172
265 103 59 650
265 138 47 531
265 162 31 562
265 177 55 978
265 194 13 1159
265 231 40 1179
265 247 17 1131
265 263 19 96
265 278 37 1132
265 289 29 1175
266 38 43 1114
266 39 31 540
266 65 51 809
266 74 34 763
266 101 1 622
266 205 16 380
266 209 39 203
266 216 55 1085
266 259 19 576
266 262 22 1199
266 266 25 144
266 277 13 896
266 303 10 523
266 313 3 634
266 318 45 101
267 18 43 853
267 28 4 663
267 56 13 476
267 90 59 1094
267 116 46 587
267 190 25 741
267 197 20 533
267 211 2 37
267 230 57 95
267 258 38 832
267 272 10 1005
267 274 7 1037
267 311 31 1048
268 26 31 355
268 48 40 513
268 52 19 453
268 126 37 295
268 133 23 404
268 142 7 461
268 148 43 730
268 174 1 248
268 180 55 542
268 195 50 670
268 211 17 10
268 233 14 853
268 263 26 530
269 33 14 605
269 37 45 379
269 63 55 156
269 66 19 213
269 85 1 947
269 123 34 953
269 130 40 473
269 155 5 984
269 209 7 129
269 246 43 1081
269 250 29 1075
269 254 50 545
269 320 25 242
270 1 11 819
270 24 25 230
270 28 50 663
270 37 55 1105
270 60 31 518
270 87 3 777
270 89 9 695
270 96 23 857
270 128 37 429
270 174 43 96
270 182 13 554
270 203 19 164
270 212 1 1173
270 300 59 303
271 41 15 488
271 61 55 119
271 70 1 180
271 86 33 757
271 98 8 204
271 101 11 622
271 149 31 297
271 187 13 517
271 272 22 681
271 277 28 971
271 289 37 1175
271 290 43 597
271 296 53 562
271 302 40 910
271 311 49 335
272 3 7 535
272 9 1 609
272 92 55 271
272 99 37 259
272 101 59 1031
272 137 46 606
272 142 31 281
272 144 13 228
272 198 25 586
272 245 50 543
272 257 22 749
272 260 5 244
272 272 16 681
272 273 43 287
273 10 28 993
273 15 37 1037
273 64 25 209
273 68 46 959
273 82 35 706
273 93 16 769
273 116 49 121
273 183 13 220
273 186 43 190
273 206 31 479
273 234 19 606
273 240 55 1104
273 264 5 339
273 313 1 1160
274 10 40 966
274 27 19 430
274 31 17 72
274 54 7 6
274 70 49 194
274 171 37 1199
274 180 25 542
274 181 13 968
274 198 43 133
274 212 23 1004
274 224 31 329
274 234 55 242
274 248 11 234
274 287 35 907
274 317 1 315
275 15 55 719
275 44 43 780
275 45 1 650
275 46 8 351
275 65 16 934
275 147 41 930
275 151 34 392
275 167 23 628
275 199 11 530
275 236 37 755
275 239 31 819
275 254 49 878
275 255 19 177
275 297 25 799
276 5 28 1118
276 9 31 41
276 12 49 120
276 27 19 736
276 35 55 1094
276 66 7 213
276 88 34 793
276 93 23 1142
276 97 1 999
276 104 47 885
276 125 25 938
276 155 13 834
276 193 3 1083
276 214 43 495
277 3 39 314
277 22 25 14
277 40 28 1015
277 78 5 51
277 86 14 60
277 93 37 720
277 111 34 1139
277 116 49 582
277 117 55 563
277 170 53 1156
277 194 3 916
277 238 32 887
277 276 10 174
277 317 43 986
278 24 13 767
278 74 10 763
278 75 49 673
278 83 20 696
278 95 17 519
278 122 1 772
278 127 43 301
278 132 7 1011
278 195 31 670
278 230 59 95
278 271 25 716
278 285 27 45
278 310 55 1055
278 314 40 459
279 31 29 72
279 40 19 550
279 71 56 997
279 98 35 288
279 140 43 376
279 148 31 730
279 153 47 211
279 163 15 846
279 170 37 312
279 197 9 207
279 223 23 463
279 248 7 234
279 285 25 912
279 300 53 1056
279 315 39 143
280 8 41 811
280 46 5 499
280 70 19 180
280 90 46 724
280 94 37 796
280 116 33 1086
280 129 58 99
280 147 13 316
280 189 7 1105
280 194 15 1159
280 207 43 916
280 217 1 106
280 230 53 11
280 242 49 740
280 247 55 1131
281 24 25 767
281 65 37 1028
281 76 5 150
281 135 17 447
281 149 31 719
281 151 22 392
281 168 19 276
281 175 13 33
281 181 34 720
281 183 10 142
281 213 55 1047
281 244 29 876
281 276 2 10
281 316 43 957
282 1 17 1140
282 81 7 1125
282 84 2 173
282 85 43 525
282 108 35 586
282 153 40 209
282 177 49 387
282 197 31 890
282 201 25 318
282 220 57 516
282 250 10 621
282 286 19 657
282 312 13 590
283 12 53 300
283 21 44 679
283 43 51 1076
283 44 1 263
283 69 27 735
283 77 49 1028
283 79 25 146
283 135 17 5
283 136 19 365
283 198 7 556
283 212 23 669
283 223 37 1011
283 298 55 1044
283 299 31 211
283 312 39 130
284 4 1 28
284 12 47 370
284 39 34 540
284 49 52 1109
284 89 15 285
284 103 5 650
284 179 11 943
284 202 21 179
284 206 37 447
284 229 31 368
284 261 56 477
284 267 25 974
284 308 7 253
284 309 43 1032
285 30 56 244
285 53 5 28
285 57 1 580
285 70 19 792
285 77 31 1190
285 80 7 833
285 111 34 721
285 122 37 428
285 151 25 769
285 157 10 577
285 166 50 303
285 218 14 538
285 293 28 294
285 303 46 154
286 44 7 898
286 54 49 930
286 185 28 931
286 193 40 297
286 194 53 1159
286 205 31 969
286 208 1 728
286 209 13 443
286 224 55 449
286 230 35 11
286 234 15 606
286 285 19 912
286 295 4 1020
287 2 17 870
287 8 59 811
287 18 19 1018
287 38 10 13
287 51 37 1072
287 99 34 259
287 134 31 47
287 144 1 228
287 172 40 976
287 206 25 479
287 207 51 622
287 231 43 657
287 259 7 501
287 291 5 565
287 297 13 859
288 10 4 1122
288 53 58 880
288 71 52 997
288 80 1 328
288 97 13 1062
288 114 43 236
288 119 25 665
288 124 35 280
288 131 11 120
288 168 7 276
288 179 47 26
288 182 16 554
288 187 22 590
288 289 55 1118
288 304 29 509
289 46 59 792
289 78 41 765
289 87 17 777
289 99 10 259
289 107 3 617
289 132 31 1176
289 147 1 894
289 161 55 840
289 167 13 130
289 185 26 116
289 203 29 192
289 246 52 853
289 263 45 738
289 320 19 1039
290 7 49 728
290 10 1 993
290 55 19 1093
290 117 56 705
290 139 39 1066
290 161 31 840
290 169 25 588
290 198 45 275
290 208 22 993
290 212 41 669
290 218 4 1056
290 275 13 766
290 296 9 562
291 31 41 781
291 46 11 640
291 59 31 775
291 68 43 517
291 80 7 166
291 85 49 947
291 89 28 285
291 131 37 207
291 183 20 324
291 192 1 505
291 205 14 969
291 214 25 1169
291 244 53 1086
291 276 46 1020
291 287 17 907
292 21 31 553
292 32 55 8
292 37 46 639
292 49 37 158
292 99 40 1108
292 114 19 433
292 122 3 1107
292 248 23 1127
292 264 17 784
292 279 10 851
292 289 7 853
292 302 14 814
292 304 1 619
292 315 25 166
292 317 49 458
293 4 19 28
293 28 37 1019
293 38 35 812
293 50 11 171
293 58 1 975
293 83 46 442
293 86 51 757
293 153 49 1071
293 177 57 387
293 189 7 679
293 215 31 1045
293 233 55 456
293 237 13 1106
293 282 25 51
294 2 19 492
294 70 25 195
294 98 21 610
294 99 45 934
294 104 17 885
294 139 5 428
294 155 29 980
294 162 37 223
294 189 31 680
294 197 39 890
294 213 52 421
294 227 57 288
294 276 14 10
294 280 2 632
294 319 7 450
295 32 25 8
295 66 23 696
295 105 35 821
295 106 19 11
295 110 55 312
295 131 59 207
295 143 16 477
295 205 13 380
295 207 29 505
295 209 5 1085
295 217 43 83
295 224 50 329
295 242 7 811
295 256 1 217
295 310 31 283
296 33 55 877
296 64 52 603
296 76 13 679
296 77 47 756
296 85 1 525
296 133 5 568
296 148 38 636
296 181 34 609
296 195 19 498
296 220 43 595
296 244 23 72
296 265 10 988
296 271 7 716
296 272 28 1005
296 285 15 912
297 7 13 211
297 15 20 1037
297 28 46 663
297 123 1 953
297 135 53 1164
297 138 35 866
297 168 31 750
297 178 49 187
297 185 25 931
297 193 40 253
297 292 17 370
297 295 28 422
297 302 58 1057
297 305 10 323
298 44 49 451
298 62 10 199
298 80 31 164
298 95 41 670
298 117 7 563
298 126 1 84
298 139 23 959
298 141 56 634
298 142 25 406
298 221 14 752
298 234 37 606
298 260 34 244
298 294 43 289
298 317 19 781
299 6 11 339
299 27 37 331
299 48 13 892
299 62 46 70
299 65 22 1028
299 70 3 194
299 75 19 1081
299 83 7 292
299 106 55 968
299 125 27 483
299 130 43 753
299 205 31 380
299 292 1 142
299 308 50 643
300 7 43 609
300 12 28 300
300 13 9 508
300 35 31 1084
300 36 7 1053
300 65 16 1028
300 115 41 1172
300 126 25 142
300 133 53 568
300 151 37 383
300 179 57 26
300 200 19 322
300 218 4 473
300 232 13 786
301 48 11 513
301 100 34 371
301 101 22 1031
301 106 49 280
301 172 58 1071
301 173 37 370
301 183 16 669
301 207 5 392
301 229 7 50
301 234 1 140
301 284 31 818
301 306 43 449
301 318 25 862
302 24 49 842
302 42 19 1098
302 60 26 518
302 67 1 445
302 87 43 26
302 158 31 171
302 182 4 347
302 195 55 670
302 210 14 1018
302 234 45 833
302 253 17 270
302 270 7 115
302 283 35 693
302 319 38 364
303 24 31 549
303 43 17 1076
303 57 9 212
303 71 37 5
303 116 28 587
303 158 44 617
303 173 13 628
303 196 59 149
303 254 55 1121
303 268 25 218
303 269 5 790
303 287 35 605
303 290 51 655
303 304 49 619
303 314 20 459
304 25 5 407
304 40 11 550
304 69 1 735
304 102 20 870
304 111 57 153
304 129 28 457
304 141 7 934
304 175 43 33
304 176 16 97
304 199 32 146
304 255 49 698
304 265 53 719
304 278 25 598
304 293 40 326
304 300 37 1056
305 5 43 1104
305 26 19 842
305 30 1 1191
305 73 35 800
305 105 11 77
305 107 49 849
305 121 38 673
305 169 26 485
305 192 13 505
305 218 46 284
305 231 7 570
305 275 55 983
305 278 32 1132
305 292 53 370
306 11 19 829
306 12 46 300
306 51 1 548
306 54 57 930
306 72 29 604
306 83 40 367
306 154 34 760
306 159 7 1126
306 185 37 931
306 222 22 1036
306 235 50 536
306 250 59 1075
306 297 15 857
306 320 25 226
307 23 55 189
307 47 3 75
307 54 17 6
307 97 1 538
307 175 37 113
307 188 58 1102
307 192 7 1039
307 193 50 869
307 204 22 1173
307 252 43 437
307 284 34 982
307 286 25 154
307 290 13 597
308 8 23 581
308 10 1 942
308 72 53 604
308 75 28 379
308 83 25 367
308 127 43 943
308 149 34 657
308 161 13 1088
308 173 55 338
308 176 4 976
308 200 19 985
308 208 40 695
308 251 49 776
308 291 59 776
309 61 7 808
309 70 43 194
309 78 3 51
309 122 55 1182
309 133 34 404
309 140 37 1013
309 152 49 284
309 154 53 726
309 170 23 459
309 171 15 908
309 201 31 1007
309 215 19 1045
309 295 10 427
309 304 13 224
309 315 26 143
310 20 7 474
310 37 14 257
310 52 49 820
310 54 11 6
310 90 53 978
310 98 44 204
310 105 35 391
310 118 31 977
310 130 28 673
310 140 25 521
310 145 19 708
310 174 55 150
310 178 38 187
310 210 4 1021
311 34 27 532
311 56 4 613
311 74 49 112
311 76 23 150
311 108 9 701
311 203 47 164
311 227 43 12
311 228 19 74
311 247 7 772
311 257 37 749
311 273 11 287
311 309 13 1032
312 36 25 1053
312 46 51 351
312 54 53 106
312 93 27 720
312 115 22 95
312 133 35 568
312 143 55 97
312 145 44 115
312 191 29 1101
312 235 8 1145
312 268 13 218
312 274 16 860
312 302 19 1189
312 308 37 1101
312 309 1 1032
313 3 50 314
313 11 46 829
313 45 55 375
313 50 35 171
313 58 19 672
313 77 7 756
313 100 3 371
313 136 13 1164
313 182 39 207
313 193 28 370
313 195 31 1170
313 230 17 895
313 236 9 870
313 243 25 102
313 276 43 583
314 12 59 120
314 22 49 14
314 31 4 781
314 33 43 1037
314 80 25 910
314 124 41 280
314 129 51 99
314 137 19 887
314 173 37 967
314 203 7 164
314 236 31 1102
314 257 16 1077
314 274 9 860
314 312 55 464
315 68 43 959
315 72 41 604
315 92 13 981
315 94 49 796
315 110 21 915
315 123 38 953
315 129 8 99
315 178 25 187
315 232 11 786
315 236 55 88
315 262 4 607
315 277 1 896
315 280 34 818
316 5 13 1118
316 6 17 1183
316 21 25 619
316 42 19 837
316 66 5 213
316 83 40 33
316 106 45 793
316 160 7 822
316 199 35 580
316 227 56 89
316 274 1 1037
316 288 49 671
316 293 37 1008
316 303 31 523
317 62 22 270
317 80 58 910
317 87 11 984
317 100 31 371
317 121 34 69
317 145 50 220
317 148 37 379
317 170 17 1156
317 172 28 2
317 194 45 1190
317 222 15 1036
317 228 1 886
317 275 7 766
317 278 25 1083
318 42 39 830
318 43 1 1076
318 49 4 158
318 57 27 715
318 96 47 432
318 102 13 728
318 153 35 211
318 172 7 942
318 188 10 226
318 192 19 505
318 197 55 42
318 239 44 389
318 241 49 812
318 292 37 1084
318 310 31 835
319 41 17 683
319 92 1 848
319 126 19 300
319 135 29 807
319 141 37 294
319 165 49 253
319 200 57 985
319 205 52 380
319 228 31 866
319 250 13 378
319 282 7 51
319 289 27 1159
319 301 15 679
319 318 43 457
320 16 43 1016
320 20 55 610
320 28 28 753
320 32 13 446
320 46 31 351
320 58 39 672
320 93 37 769
320 95 11 725
320 182 19 347
320 187 4 276
320 219 7 797
320 260 59 580
320 303 46 881
320 316 34 957
321 45 19 519
321 65 7 809
321 77 33 1190
321 78 5 729
321 82 1 706
321 116 49 1086
321 117 52 339
321 143 55 120
321 173 13 967
321 203 17 164
321 226 59 398
321 227 37 89
321 241 25 1115
321 283 11 1152
322 1 53 819
322 11 25 829
322 67 7 184
322 82 1 121
322 107 19 1106
322 108 55 701
322 123 10 1019
322 154 28 880
322 155 50 834
322 162 5 805
322 170 57 999
322 191 41 1050
322 195 31 1198
322 245 44 543
322 263 14 223
323 23 4 16
323 73 25 800
323 99 1 734
323 113 7 318
323 114 56 433
323 126 27 383
323 166 31 1058
323 181 16 609
323 183 40 497
323 210 22 1018
323 233 19 1003
323 254 49 1121
323 257 10 749
323 274 14 860
323 288 43 209
324 47 39 159
324 81 26 1125
324 99 4 734
324 127 44 774
324 135 17 159
324 138 20 866
324 147 35 930
324 166 31 273
324 176 57 144
324 179 28 26
324 232 2 1067
324 238 22 887
324 240 8 188
324 304 37 509
324 313 13 984
325 8 21 581
325 30 7 1016
325 38 58 812
325 71 16 997
325 80 37 211
325 121 26 1000
325 194 1 916
325 207 19 1016
325 234 44 1105
325 243 10 715
325 253 53 736
325 259 4 576
325 295 33 1020
325 307 55 998
325 320 49 559
326 10 13 518
326 16 29 38
326 24 9 767
326 33 37 605
326 50 7 425
326 77 41 1190
326 142 19 464
326 188 25 870
326 193 2 253
326 213 43 66
326 268 52 119
326 288 55 78
326 318 31 495
327 62 25 199
327 139 1 959
327 172 51 1071
327 179 3 26
327 186 55 190
327 193 9 370
327 194 23 916
327 198 31 275
327 204 28 565
327 205 19 841
327 243 37 387
327 277 58 971
327 283 5 885
327 317 43 921
327 318 13 862
328 30 4 1191
328 44 25 898
328 47 55 1170
328 114 43 77
328 120 53 998
328 146 22 289
328 161 13 840
328 164 29 78
328 169 49 459
328 185 7 442
328 206 39 293
328 226 37 254
328 243 10 102
328 282 31 142
328 304 1 190
329 3 25 258
329 28 40 204
329 77 5 756
329 88 19 163
329 90 37 1030
329 105 11 821
329 113 59 102
329 126 31 300
329 127 13 515
329 176 52 144
329 208 34 393
329 298 7 13
329 299 55 257
329 311 1 823
330 7 57 777
330 22 35 14
330 27 45 528
330 85 15 193
330 86 1 213
330 87 13 912
330 114 31 236
330 187 41 276
330 200 25 402
330 215 50 1045
330 224 19 937
330 238 43 887
330 277 10 971
330 300 55 251
330 306 37 1093
331 33 8 325
331 52 31 820
331 54 29 6
331 57 37 475
331 83 46 292
331 128 3 1152
331 134 25 47
331 141 49 185
331 240 19 939
331 285 55 45
331 290 13 926
331 300 23 88
331 303 43 881
332 11 22 829
332 29 29 281
332 88 9 793
332 154 5 726
332 164 35 34
332 192 56 641
332 197 25 70
332 205 37 841
332 216 13 134
332 239 19 314
332 244 3 1086
332 266 45 1156
332 281 31 48
332 289 53 1118
332 317 49 921
333 22 17 14
333 39 22 540
333 57 49 111
333 76 41 728
333 78 19 12
333 88 55 1084
333 91 2 156
333 97 8 538
333 127 37 943
333 170 10 999
333 177 13 811
333 190 43 600
333 219 25 78
333 301 31 1043
334 16 29 988
334 24 50 767
334 35 43 746
334 64 1 559
334 72 5 796
334 111 13 577
334 114 33 756
334 119 56 561
334 149 31 38
334 151 16 471
334 159 9 439
334 187 7 39
334 203 39 192
334 276 25 329
335 50 9 425
335 88 58 1084
335 96 17 432
335 133 11 568
335 145 21 654
335 162 19 1064
335 178 43 187
335 203 37 192
335 223 40 869
335 235 2 493
335 237 33 24
335 266 25 1164
335 298 49 907
335 304 31 619
335 305 13 161
336 7 31 933
336 51 19 262
336 60 49 401
336 63 44 692
336 65 4 1028
336 110 35 189
336 147 22 894
336 149 13 657
336 181 58 772
336 197 37 276
336 214 7 499
336 296 1 869
336 304 17 619
337 5 4 1118
337 42 19 830
337 49 1 158
337 55 43 508
337 77 53 1190
337 104 10 685
337 106 26 57
337 153 31 622
337 197 33 70
337 239 7 621
337 249 51 129
337 279 46 371
337 288 13 826
337 307 57 637
337 316 37 957
338 6 55 1183
338 16 35 581
338 45 1 1171
338 68 16 438
338 74 7 112
338 167 5 464
338 196 19 149
338 200 26 985
338 204 13 1173
338 232 38 786
338 244 40 1086
338 255 21 962
338 259 52 550
338 291 59 565
338 315 43 1140
339 33 21 605
339 44 1 780
339 46 25 351
339 67 40 307
339 79 29 729
339 85 7 947
339 135 53 217
339 147 15 316
339 188 58 538
339 208 34 12
339 221 44 1194
339 230 17 95
339 269 37 323
339 294 49 1155
339 296 27 1008
340 13 31 1017
340 46 19 351
340 113 29 711
340 140 22 521
340 172 10 942
340 175 25 113
340 190 2 799
340 213 16 1047
340 242 43 666
340 250 35 1075
340 258 8 1184
340 269 58 479
340 303 39 11
340 318 50 495
341 2 23 1003
341 76 53 679
341 108 13 929
341 119 31 665
341 128 55 210
341 150 45 247
341 163 1 533
341 164 29 34
341 179 17 77
341 201 49 38
341 221 19 752
341 294 25 409
341 310 37 608
341 312 7 590
342 99 7 1108
342 101 19 622
342 102 43 915
342 145 31 567
342 175 25 41
342 198 55 1040
342 203 3 164
342 215 13 1045
342 242 51 885
342 244 49 70
342 255 37 698
342 276 10 329
342 312 21 1176
343 6 46 328
343 46 23 1107
343 96 35 432
343 101 44 1031
343 155 17 980
343 168 20 493
343 216 13 1085
343 241 50 1115
343 252 7 72
343 264 1 170
343 278 28 1083
343 284 3 803
343 287 33 715
343 289 31 974
343 294 38 289
344 17 55 777
344 25 41 711
344 30 22 244
344 51 58 432
344 66 29 926
344 70 8 194
344 105 5 658
344 126 46 295
344 168 43 750
344 190 37 799
344 211 53 822
344 226 34 254
344 254 25 545
344 290 49 597
344 302 1 1189
345 2 23 1105
345 79 1 146
345 96 41 1170
345 148 7 730
345 162 43 223
345 195 37 670
345 217 49 106
345 223 17 463
345 256 11 333
345 266 13 976
345 269 5 258
345 293 28 199
345 300 19 1198
346 18 20 730
346 29 16 294
346 40 26 550
346 65 11 809
346 76 29 150
346 81 5 1125
346 106 43 628
346 108 47 57
346 119 7 813
346 130 13 673
346 149 37 38
346 153 23 211
346 200 50 927
346 302 58 185
346 313 1 561
347 29 59 281
347 38 3 749
347 113 41 318
347 129 20 99
347 143 49 383
347 144 9 404
347 174 31 248
347 177 14 45
347 183 27 1162
347 185 52 116
347 197 37 559
347 242 55 486
347 254 45 878
348 2 55 492
348 21 49 75
348 27 44 1057
348 48 23 1116
348 72 8 796
348 87 53 279
348 122 38 693
348 127 1 667
348 143 13 262
348 189 57 834
348 241 32 423
348 257 16 919
348 268 29 218
348 271 19 716
348 304 11 625
349 10 4 993
349 11 28 829
349 17 23 777
349 57 31 580
349 61 25 1172
349 164 11 9
349 182 52 347
349 190 55 986
349 192 7 641
349 208 37 695
349 251 14 339
349 310 43 423
349 319 19 1066
350 35 55 315
350 42 31 837
350 49 4 1109
350 142 43 464
350 145 13 292
350 152 25 284
350 181 50 609
350 198 37 275
350 231 7 657
350 248 22 112
350 264 29 696
350 292 11 818
350 302 1 814
351 14 10 312
351 17 5 1127
351 42 1 751
351 63 31 692
351 90 35 528
351 103 47 420
351 113 23 325
351 116 49 326
351 128 25 498
351 181 52 639
351 212 19 1004
351 234 43 161
351 251 13 393
351 279 58 1023
352 45 45 375
352 49 37 1109
352 77 25 1190
352 94 19 796
352 98 31 288
352 158 50 929
352 200 27 1197
352 207 13 1016
352 209 9 129
352 224 1 60
352 268 7 218
352 288 55 209
352 296 17 869
353 11 58 829
353 12 5 120
353 17 11 1127
353 50 23 626
353 60 13 721
353 128 7 243
353 145 37 708
353 200 44 725
353 210 19 438
353 244 31 70
353 248 55 985
353 255 25 177
353 283 3 924
353 297 50 443
354 20 25 790
354 21 37 75
354 112 55 118
354 189 19 953
354 190 31 986
354 201 49 1007
354 231 1 657
354 248 41 985
354 249 23 473
354 262 7 806
354 274 29 860
354 290 15 705
354 295 43 367
355 5 37 1104
355 27 49 96
355 42 14 1098
355 46 3 792
355 83 43 696
355 98 19 288
355 99 46 734
355 128 21 243
355 130 58 1173
355 182 10 688
355 218 33 473
355 243 40 157
355 270 25 115
355 280 7 632
356 27 55 331
356 30 10 244
356 46 3 499
356 58 45 472
356 70 20 1068
356 79 29 468
356 145 15 708
356 202 59 335
356 211 35 822
356 242 25 811
356 273 41 664
356 274 7 1057
356 275 49 766
356 278 31 1083
357 20 15 1062
357 34 25 532
357 61 1 808
357 125 59 938
357 127 49 683
357 155 29 984
357 231 37 570
357 232 9 786
357 279 34 1159
357 298 46 907
357 303 4 502
357 310 55 212
357 312 19 929
358 13 9 532
358 37 43 89
358 53 3 283
358 54 7 930
358 60 55 568
358 101 31 386
358 165 22 838
358 176 15 224
358 179 38 659
358 193 52 72
358 196 13 149
358 209 46 443
358 215 26 341
358 250 19 1075
358 279 34 368
359 66 55 696
359 70 49 1068
359 71 13 997
359 82 31 718
359 95 53 1057
359 115 35 1172
359 125 33 938
359 140 16 521
359 154 23 880
359 223 10 1011
359 251 43 1128
359 254 37 14
359 261 1 1158
359 286 57 456
359 309 25 391
360 5 40 1104
360 24 49 372
360 33 31 605
360 34 15 819
360 51 8 1072
360 67 37 189
360 86 25 1127
360 97 3 538
360 147 29 930
360 236 19 994
360 251 55 776
360 265 35 549
360 289 53 974
360 310 43 502
361 16 35 1158
361 20 37 285
361 28 46 753
361 49 49 1109
361 72 33 604
361 79 11 267
361 93 41 1142
361 103 1 485
361 129 16 99
361 159 3 121
361 207 19 337
361 214 55 499
361 240 7 1092
361 241 21 12
361 242 27 885
362 9 55 609
362 35 39 1011
362 46 1 377
362 49 43 1109
362 95 35 725
362 96 53 1170
362 140 19 1013
362 175 13 794
362 193 49 644
362 227 9 654
362 236 31 1187
362 259 28 576
362 276 25 378
362 301 7 1043
362 303 4 154
363 61 16 119
363 76 23 813
363 77 5 1190
363 81 10 1125
363 106 31 280
363 115 25 1030
363 151 7 392
363 216 19 9
363 225 1 1069
363 228 43 886
363 231 40 980
363 240 49 188
363 265 59 719
363 283 47 693
363 306 55 875
364 24 2 549
364 82 15 121
364 126 40 66
364 132 22 163
364 177 7 45
364 200 55 693
364 222 53 1036
364 244 35 51
364 250 13 1075
364 259 28 501
364 263 49 223
364 283 38 934
364 287 31 907
364 296 11 1008
364 315 45 1041
365 10 52 1105
365 15 44 719
365 24 31 767
365 38 7 812
365 75 25 1079
365 120 23 982
365 162 17 562
365 169 1 666
365 233 35 456
365 271 9 716
365 283 11 885
365 297 19 1020
365 307 14 637
365 310 38 270
366 2 5 924
366 7 45 203
366 17 43 409
366 41 15 683
366 48 2 1116
366 51 22 704
366 61 10 52
366 81 51 1125
366 100 55 878
366 139 8 959
366 197 31 559
366 260 49 581
366 281 17 48
366 305 19 161
367 2 40 492
367 7 49 71
367 24 25 549
367 94 31 322
367 117 19 737
367 126 4 142
367 129 46 99
367 134 37 47
367 135 35 447
367 143 1 288
367 198 13 133
367 214 57 1118
367 273 55 664
367 285 8 331
368 26 25 1181
368 29 47 1051
368 44 49 1034
368 72 45 604
368 92 14 848
368 114 37 77
368 140 10 1013
368 147 41 316
368 200 31 985
368 248 1 541
368 258 35 1184
368 261 20 118
368 281 28 48
368 299 55 938
369 23 28 189
369 46 11 792
369 80 4 166
369 99 25 259
369 100 7 1073
369 124 31 663
369 147 21 551
369 194 34 916
369 216 37 134
369 244 41 876
369 250 16 621
369 262 46 806
369 266 49 227
369 280 13 632
370 11 52 829
370 16 47 1021
370 48 23 513
370 64 4 559
370 86 39 213
370 104 17 685
370 180 13 729
370 202 35 179
370 221 7 752
370 227 55 199
370 256 59 333
370 282 26 81
370 311 19 1132
370 313 43 1137
370 316 31 957
371 33 49 1037
371 35 43 59
371 56 7 613
371 69 31 726
371 86 21 213
371 89 4 560
371 118 55 447
371 123 10 1083
371 187 59 590
371 193 38 1083
371 204 25 565
371 288 13 333
372 10 46 518
372 16 5 263
372 20 25 1050
372 30 31 244
372 65 53 1028
372 118 1 640
372 134 19 47
372 150 14 247
372 182 49 347
372 192 55 1178
372 234 8 161
372 293 16 418
372 315 37 166
373 9 31 902
373 35 43 312
373 38 35 857
373 168 10 493
373 175 49 41
373 186 25 190
373 226 23 130
373 244 41 70
373 247 7 1131
373 251 1 89
373 292 29 234
373 293 37 39
373 302 14 910
373 310 19 608
374 16 37 1184
374 25 39 711
374 27 56 528
374 44 43 1034
374 74 7 763
374 82 11 718
374 89 23 1162
374 148 1 224
374 178 25 765
374 192 19 484
374 263 49 317
374 280 13 460
374 289 47 974
374 297 33 199
374 314 16 255
375 2 41 1145
375 5 16 80
375 40 23 550
375 43 43 1076
375 54 13 6
375 55 45 27
375 63 19 692
375 74 1 112
375 110 53 692
375 119 37 884
375 142 25 461
375 162 33 562
375 224 8 34
375 259 4 4
375 317 55 1187
376 1 39 91
376 23 16 16
376 25 13 477
376 42 7 830
376 46 1 792
376 72 31 604
376 188 22 538
376 212 37 1004
376 225 26 872
376 235 33 493
376 254 43 1121
376 276 3 174
376 298 55 780
377 10 49 1105
377 35 44 267
377 68 13 206
377 79 53 875
377 109 58 817
377 153 37 622
377 155 10 834
377 164 4 887
377 179 41 943
377 205 22 380
377 269 29 323
377 276 7 10
377 278 16 1083
377 281 35 48
377 293 32 326
378 2 5 870
378 28 33 1019
378 40 17 550
378 86 1 973
378 99 13 934
378 120 31 1041
378 127 19 943
378 128 25 243
378 130 40 1015
378 209 23 8
378 278 7 163
378 279 52 851
378 282 55 401
378 308 43 248
379 12 59 474
379 25 37 159
379 28 51 993
379 52 9 453
379 56 4 476
379 72 35 796
379 103 13 485
379 153 7 1071
379 154 16 213
379 160 55 704
379 202 23 284
379 203 33 192
379 227 43 1021
379 235 19 93
379 279 40 150
380 13 26 159
380 29 2 281
380 50 5 626
380 52 37 1139
380 67 55 307
380 121 58 673
380 132 21 724
380 146 16 289
380 169 43 459
380 186 7 1153
380 265 53 988
380 285 49 999
380 293 31 736
380 305 34 1135
381 16 56 1191
381 105 1 391
381 120 11 1041
381 121 3 170
381 128 49 881
381 148 37 669
381 157 25 603
381 167 59 115
381 175 13 75
381 256 29 1034
381 274 41 1037
381 283 31 971
381 295 43 1020
381 316 7 957
382 38 59 1114
382 46 3 377
382 58 13 1127
382 68 49 438
382 70 32 792
382 76 11 728
382 95 5 519
382 120 46 982
382 179 43 930
382 185 55 143
382 187 1 39
382 213 37 1171
382 237 7 1100
382 290 25 655
382 318 19 791
383 50 16 171
383 87 43 279
383 106 19 875
383 114 25 236
383 124 29 152
383 129 33 507
383 146 13 289
383 164 59 1034
383 176 38 929
383 183 10 140
383 233 57 1003
383 281 45 48
383 295 1 422
383 300 8 705
383 318 50 625
384 2 37 492
384 33 51 605
384 45 8 650
384 96 23 432
384 149 41 179
384 150 39 247
384 164 5 9
384 178 19 1069
384 215 1 1045
384 224 13 34
384 241 55 1115
384 256 45 333
384 282 25 152
384 289 29 1043
384 294 31 639
385 10 1 518
385 27 7 677
385 98 35 835
385 103 11 485
385 177 55 1068
385 181 31 1000
385 198 37 862
385 200 19 567
385 220 25 516
385 252 13 72
385 256 23 118
385 269 4 97
385 273 53 664
385 289 17 853
386 9 16 765
386 13 31 159
386 29 38 281
386 57 21 1027
386 70 43 305
386 129 25 457
386 175 57 113
386 187 19 1041
386 192 50 626
386 203 35 164
386 231 40 210
386 252 1 437
386 277 28 896
386 316 10 957
387 6 1 41
387 17 43 499
387 29 27 1051
387 38 3 1114
387 61 40 119
387 68 16 563
387 86 57 757
387 114 7 433
387 123 46 1019
387 144 23 228
387 169 49 588
387 178 31 765
387 208 37 66
387 226 11 886
387 315 19 1140
388 2 41 562
388 4 19 105
388 44 55 787
388 48 34 513
388 72 27 604
388 79 23 875
388 89 29 560
388 91 7 937
388 101 16 1031
388 119 37 813
388 172 1 915
388 202 45 146
388 314 4 459
388 316 13 957
389 21 43 820
389 35 37 1094
389 46 49 351
389 57 55 85
389 111 31 1067
389 145 19 354
389 153 47 1001
389 198 13 556
389 199 7 1140
389 213 1 66
389 230 35 895
389 232 17 786
389 242 51 1094
389 282 9 612
389 313 26 634
390 4 43 105
390 27 32 1077
390 76 29 728
390 93 50 1142
390 112 37 118
390 114 19 77
390 138 53 866
390 173 56 967
390 175 1 641
390 237 7 304
390 246 5 715
390 250 47 1075
390 311 25 851
391 26 46 355
391 38 23 812
391 64 10 559
391 109 34 833
391 110 59 692
391 120 5 145
391 128 37 881
391 136 55 894
391 149 13 719
391 177 25 268
391 181 16 876
391 230 41 655
391 252 49 272
391 266 1 1156
391 305 7 1135
392 21 49 164
392 58 7 672
392 75 16 673
392 87 55 26
392 116 43 1033
392 126 34 551
392 140 46 521
392 173 25 967
392 178 19 42
392 203 57 192
392 212 1 695
392 259 31 501
392 261 38 1050
392 282 3 1162
393 1 45 819
393 27 31 331
393 63 55 404
393 79 40 146
393 85 7 1049
393 90 5 528
393 177 1 811
393 178 13 187
393 191 43 362
393 216 19 1085
393 247 47 519
393 249 17 203
393 260 27 581
393 298 50 13
394 4 55 429
394 8 11 581
394 92 2 382
394 99 43 1108
394 102 7 728
394 127 19 667
394 130 32 1173
394 138 40 866
394 144 23 609
394 191 15 663
394 207 28 1016
394 214 46 66
394 279 37 368
394 307 25 998
394 319 49 450
395 13 55 159
395 37 7 379
395 51 52 1072
395 54 5 930
395 58 32 584
395 96 27 857
395 101 47 386
395 129 10 457
395 166 13 1058
395 174 1 150
395 180 43 729
395 254 19 1121
395 259 37 550
395 271 41 716
396 1 4 91
396 15 13 1089
396 27 43 140
396 38 49 1114
396 125 11 505
396 134 55 47
396 155 23 980
396 178 31 187
396 186 52 153
396 200 7 485
396 260 29 790
396 273 1 287
396 320 37 664
397 2 43 492
397 18 58 730
397 29 53 281
397 104 34 803
397 112 7 640
397 135 38 807
397 150 19 1133
397 183 31 988
397 217 49 83
397 225 13 1069
397 255 1 177
397 263 21 317
397 276 40 10
397 298 28 780
397 315 45 166
398 25 41 134
398 41 31 488
398 62 10 70
398 74 43 763
398 91 21 1196
398 103 19 650
398 145 33 754
398 219 37 530
398 231 58 570
398 235 49 1145
398 263 1 400
398 298 25 780
398 311 13 851
399 23 37 760
399 29 16 1051
399 46 28 792
399 99 7 259
399 108 41 701
399 118 51 617
399 166 19 303
399 172 46 2
399 203 23 192
399 227 1 852
399 257 55 1077
399 265 59 621
399 266 31 560
399 291 5 776
400 45 25 519
400 91 13 571
400 103 1 420
400 123 31 978
400 128 37 1152
400 149 34 719
400 185 10 116
400 187 41 24
400 195 44 1198
400 239 52 621
400 242 19 1021
400 264 17 143
400 268 4 218
400 272 49 1005
400 278 7 71
401 28 16 993
401 98 53 204
401 105 26 821
401 108 59 57
401 111 40 721
401 121 13 568
401 123 7 1162
401 157 19 577
401 194 45 1159
401 245 1 816
401 280 32 460
401 287 37 715
401 288 55 280
401 298 22 13
401 316 49 957
402 5 55 80
402 12 5 474
402 18 58 1018
402 26 28 355
402 89 9 285
402 130 25 1015
402 131 11 297
402 136 52 1047
402 178 14 923
402 224 37 806
402 264 1 116
402 286 19 826
402 290 31 705
402 291 7 810
402 309 43 391
403 19 27 172
403 98 11 204
403 108 31 1071
403 138 3 531
403 145 43 754
403 154 1 760
403 162 5 562
403 175 7 113
403 190 57 799
403 203 21 192
403 204 37 1173
403 222 25 1036
403 231 13 570
403 295 16 427
403 310 49 608
404 1 29 886
404 91 49 156
404 96 8 857
404 136 56 1152
404 139 13 959
404 152 15 284
404 161 31 231
404 205 46 841
404 229 37 50
404 239 10 924
404 252 3 414
404 271 1 716
404 292 35 234
404 296 41 1008
404 319 19 450
405 4 13 429
405 24 45 549
405 44 31 780
405 48 43 513
405 79 11 146
405 113 3 711
405 129 37 99
405 135 19 1164
405 165 49 1048
405 187 55 1041
405 210 7 1021
405 254 25 1121
405 263 57 738
405 265 1 988
405 317 21 304
406 55 16 1093
406 66 10 696
406 99 26 734
406 116 43 568
406 125 1 938
406 190 3 986
406 191 19 663
406 202 23 994
406 246 7 492
406 255 56 698
406 268 47 119
406 269 14 97
406 275 32 983
406 286 37 701
406 305 49 161
407 9 52 1031
407 15 55 459
407 29 23 294
407 39 4 540
407 50 37 425
407 67 10 189
407 135 59 159
407 166 13 303
407 187 1 517
407 195 19 555
407 261 49 118
407 267 45 46
407 292 17 142
407 311 25 227
407 313 39 634
408 15 55 1037
408 25 31 477
408 44 49 787
408 46 1 499
408 61 22 119
408 149 25 685
408 187 3 517
408 242 43 1080
408 247 47 772
408 250 7 1075
408 253 5 270
408 264 27 362
408 265 11 672
408 302 38 1057
409 20 55 474
409 46 23 499
409 54 21 930
409 62 39 468
409 64 13 209
409 85 49 525
409 130 25 753
409 143 28 622
409 150 9 247
409 152 31 86
409 184 16 461
409 201 45 129
409 212 11 810
409 240 2 1104
410 15 14 497
410 34 55 819
410 97 1 861
410 116 46 1086
410 125 5 505
410 150 3 1133
410 201 21 1048
410 206 49 479
410 212 19 695
410 219 37 582
410 242 57 900
410 251 7 89
410 253 43 203
410 260 31 210
410 263 26 223
411 33 56 468
411 64 19 559
411 67 16 189
411 90 23 1094
411 125 41 483
411 147 9 316
411 158 31 617
411 201 28 1007
411 220 37 1130
411 236 1 994
411 258 7 832
411 276 13 174
411 277 25 971
412 32 50 895
412 104 11 1068
412 127 39 683
412 150 22 247
412 151 43 392
412 173 25 338
412 191 58 663
412 192 2 1178
412 197 31 42
412 287 15 907
412 291 47 776
412 299 7 257
413 26 32 1181
413 46 15 351
413 51 55 233
413 53 5 1033
413 109 46 1081
413 135 11 305
413 140 58 521
413 152 7 131
413 156 37 812
413 237 1 304
413 240 19 1104
413 268 23 248
413 296 13 1008
413 310 25 58
413 313 49 252
414 6 35 1183
414 12 49 300
414 21 37 619
414 37 1 387
414 74 19 112
414 170 17 459
414 181 52 876
414 186 22 190
414 187 9 39
414 193 44 370
414 214 4 66
414 230 11 895
414 246 41 258
414 269 55 479
414 311 26 39
415 8 13 1140
415 69 9 735
415 70 3 1068
415 99 43 734
415 162 35 223
415 164 59 78
415 179 19 26
415 183 25 324
415 222 17 1036
415 233 7 1003
415 240 31 1024
415 252 37 72
415 256 1 1034
415 303 21 154
416 26 46 842
416 72 10 604
416 80 28 910
416 124 4 280
416 127 55 683
416 129 40 99
416 165 43 38
416 169 19 401
416 177 31 45
416 209 17 528
416 251 13 111
416 267 49 788
416 269 53 97
416 307 1 637
417 12 25 1062
417 38 29 1114
417 88 55 793
417 91 15 484
417 121 37 69
417 132 8 736
417 139 11 1066
417 140 22 1013
417 148 45 281
417 153 13 1071
417 186 40 190
417 206 49 344
417 268 35 218
417 301 53 479
417 318 2 791
418 21 39 164
418 34 47 425
418 68 3 206
418 106 7 57
418 160 43 822
418 168 28 276
418 185 25 442
418 189 19 1105
418 226 11 1139
418 244 31 1086
418 247 59 1131
418 260 49 492
418 273 1 664
418 307 52 637
418 316 55 957
419 23 58 9
419 36 5 1053
419 37 31 387
419 46 11 1107
419 75 7 377
419 98 41 835
419 127 37 795
419 128 43 210
419 139 17 428
419 188 52 1191
419 211 55 37
419 226 1 1083
419 263 25 400
419 291 3 565
419 304 47 509
420 28 19 97
420 30 43 924
420 140 40 521
420 144 53 474
420 148 49 730
420 158 2 59
420 162 25 562
420 176 31 427
420 185 34 1011
420 191 17 1101
420 272 7 681
420 273 11 664
420 289 56 853
420 290 27 597
420 300 14 251
421 8 7 581
421 28 25 663
421 40 41 550
421 111 52 980
421 116 49 587
421 123 46 811
421 148 37 554
421 210 58 46
421 249 29 536
421 253 17 227
421 254 1 878
421 257 9 1077
421 280 19 460
421 311 31 1079
421 314 13 1051
422 23 46 800
422 30 13 244
422 34 41 34
422 67 22 307
422 82 5 706
422 120 11 145
422 122 37 1182
422 170 35 459
422 177 7 268
422 192 31 641
422 203 17 192
422 218 19 346
422 275 26 766
422 308 1 262
422 310 49 184
423 3 55 1060
423 46 28 351
423 132 19 921
423 156 1 207
423 157 40 458
423 160 15 254
423 193 25 253
423 222 7 1036
423 257 9 386
423 287 33 907
423 300 23 303
423 302 37 923
423 309 49 391
423 313 43 561
424 5 40 80
424 8 35 449
424 53 15 1033
424 57 55 791
424 77 9 756
424 88 25 163
424 91 43 1165
424 112 31 118
424 114 1 756
424 151 19 392
424 164 47 608
424 167 49 509
424 182 28 688
424 226 59 254
424 276 22 378
425 45 13 519
425 51 22 1072
425 63 31 156
425 75 25 379
425 98 17 835
425 140 40 376
425 181 28 937
425 197 45 276
425 201 9 1007
425 224 1 34
425 277 37 298
425 280 49 316
425 305 19 1135
425 308 56 643
426 13 8 55
426 52 55 820
426 68 37 563
426 100 50 1073
426 142 13 1178
426 214 31 66
426 226 59 486
426 236 45 755
426 262 1 607
426 269 35 479
426 272 4 681
426 276 22 329
426 314 19 1148
426 319 25 1136
427 17 35 817
427 18 22 339
427 33 31 806
427 61 49 119
427 87 59 26
427 98 28 204
427 117 19 339
427 174 1 880
427 193 56 253
427 202 5 179
427 214 7 219
427 216 15 464
427 230 52 95
427 238 11 644
427 311 39 227
428 37 31 259
428 40 34 550
428 80 55 328
428 94 19 1150
428 128 2 210
428 143 37 337
428 157 40 37
428 163 13 533
428 169 49 872
428 178 9 42
428 192 25 505
428 199 23 580
428 219 43 102
428 264 17 170
429 2 51 492
429 86 37 757
429 104 5 1079
429 112 55 204
429 119 31 561
429 170 1 69
429 194 9 1159
429 209 3 203
429 211 28 10
429 251 19 89
429 273 15 664
429 299 43 1077
430 44 37 787
430 60 20 817
430 64 49 603
430 71 31 997
430 104 1 830
430 146 34 289
430 193 25 370
430 204 16 1173
430 227 7 288
430 258 52 832
430 264 59 518
430 280 46 818
430 298 55 13
430 314 4 163
431 7 31 728
431 15 37 1143
431 63 49 1041
431 105 4 821
431 111 22 327
431 151 1 769
431 240 25 1092
431 242 55 420
431 266 43 720
431 273 29 664
431 276 19 1090
431 299 7 976
431 300 59 1056
431 320 13 764
432 9 7 91
432 23 49 102
432 29 57 281
432 54 15 6
432 68 20 517
432 77 11 756
432 79 4 146
432 142 25 1178
432 167 17 115
432 170 31 312
432 176 1 144
432 180 33 477
432 284 38 393
432 320 43 189
433 21 1 679
433 22 5 14
433 29 34 294
433 97 47 538
433 166 37 273
433 190 25 986
433 209 55 203
433 235 13 536
433 238 11 972
433 243 31 894
433 266 19 227
433 267 49 1001
433 276 58 1090
433 298 7 907
433 299 43 257
434 14 7 312
434 17 19 409
434 37 37 1007
434 41 29 488
434 93 22 769
434 96 5 857
434 228 43 1192
434 236 25 755
434 269 17 790
434 276 55 1090
434 282 49 720
434 289 15 1043
434 295 10 422
434 302 40 923
434 312 32 398
435 18 37 730
435 24 1 767
435 33 31 1037
435 82 15 706
435 101 57 1031
435 106 43 883
435 124 7 663
435 133 5 404
435 138 27 531
435 143 19 823
435 151 9 343
435 204 40 565
435 248 23 234
435 254 51 14
435 265 17 672
436 54 31 6
436 56 22 350
436 61 26 119
436 65 58 934
436 125 41 505
436 160 37 350
436 187 17 590
436 252 1 72
436 254 7 1121
436 262 19 1199
436 265 11 986
436 286 49 456
436 304 29 619
436 306 43 1093
437 6 29 362
437 48 17 892
437 64 8 740
437 75 40 1077
437 91 25 156
437 97 5 538
437 116 52 582
437 122 44 1182
437 204 37 362
437 233 1 508
437 237 55 24
437 254 33 798
437 288 13 166
437 299 19 211
438 20 7 1050
438 41 52 488
438 54 33 930
438 70 37 792
438 86 2 757
438 98 14 610
438 115 47 95
438 125 23 505
438 203 19 192
438 212 11 695
438 235 55 1145
438 245 43 816
438 262 49 1199
438 272 16 1114
439 28 22 204
439 32 56 552
439 42 25 751
439 48 32 513
439 107 7 972
439 114 1 236
439 121 43 483
439 149 19 297
439 157 34 603
439 160 14 783
439 242 49 392
439 277 46 839
439 297 38 443
440 26 58 355
440 34 29 338
440 47 52 355
440 66 5 696
440 103 35 420
440 131 9 297
440 176 22 502
440 181 13 937
440 188 46 1145
440 198 25 275
440 223 11 643
440 232 39 544
440 295 31 653
440 296 37 562
440 297 1 859
441 15 19 598
441 25 11 677
441 43 3 1076
441 47 49 1051
441 52 26 124
441 62 37 199
441 126 43 300
441 135 41 1164
441 152 13 131
441 166 32 419
441 192 55 653
441 249 59 542
441 264 5 784
441 302 7 814
442 22 11 14
442 23 58 189
442 41 25 488
442 42 7 751
442 46 17 351
442 67 19 307
442 85 13 525
442 108 22 701
442 117 55 339
442 153 53 209
442 160 1 254
442 164 5 78
442 175 31 16
442 282 27 800
442 319 43 1066
443 1 47 886
443 49 28 1109
443 57 37 1027
443 79 53 146
443 80 55 833
443 95 9 1057
443 134 16 47
443 140 58 1013
443 169 31 872
443 232 45 786
443 259 4 501
443 288 20 120
443 289 13 974
443 303 49 544
443 307 25 637
444 81 49 1125
444 144 11 474
444 159 31 194
444 172 4 2
444 186 13 153
444 191 59 1101
444 209 57 203
444 245 7 816
444 278 46 1132
444 280 40 818
444 289 35 1175
444 291 16 810
444 303 37 154
444 307 43 637
445 7 49 777
445 70 7 180
445 74 25 723
445 109 40 833
445 151 58 471
445 155 5 1072
445 193 37 253
445 207 23 337
445 232 43 786
445 238 28 887
445 246 17 328
445 271 45 716
445 290 1 358
445 298 19 13
445 303 14 1128
446 25 46 254
446 50 4 171
446 73 41 1187
446 88 1 163
446 135 11 447
446 155 23 984
446 189 7 680
446 207 17 337
446 218 19 590
446 223 35 379
446 235 25 1145
446 238 43 972
446 245 13 543
446 257 31 749
446 292 29 456
447 21 43 870
447 100 58 878
447 118 55 977
447 128 33 210
447 129 4 507
447 160 25 704
447 161 7 1088
447 180 13 513
447 204 22 362
447 205 37 969
447 276 1 329
447 279 40 371
447 301 47 450
447 309 49 437
448 10 52 518
448 28 7 326
448 81 33 1125
448 82 19 706
448 110 40 1019
448 114 21 236
448 138 17 866
448 143 37 513
448 156 26 784
448 243 46 157
448 263 13 400
448 277 43 971
448 282 1 81
448 288 55 166
448 289 11 1118
449 14 32 438
449 44 49 263
449 57 37 580
449 85 25 947
449 110 17 692
449 117 45 563
449 121 1 302
449 130 4 753
449 167 11 153
449 192 55 149
449 205 13 841
449 295 21 422
449 308 7 262
450 45 37 650
450 46 23 351
450 103 35 317
450 106 1 972
450 107 43 116
450 133 25 568
450 147 5 551
450 160 49 783
450 186 31 153
450 212 14 669
450 229 16 368
450 232 11 1067
450 236 7 755
450 262 19 806
451 13 19 508
451 32 50 499
451 55 37 27
451 70 25 1068
451 74 4 112
451 82 40 718
451 116 57 1086
451 117 46 732
451 128 14 881
451 153 2 211
451 165 34 910
451 168 31 1030
451 179 11 26
451 208 43 393
451 259 7 576
452 2 53 492
452 14 4 30
452 25 29 953
452 34 21 425
452 67 25 307
452 87 41 26
452 108 11 586
452 137 46 298
452 189 49 680
452 211 9 37
452 214 14 499
452 284 31 1059
452 299 55 685
452 301 7 608
452 308 37 1157
453 16 3 988
453 17 11 817
453 33 7 468
453 114 13 236
453 123 31 953
453 128 50 407
453 131 1 297
453 156 19 22
453 158 43 335
453 167 5 1156
453 173 55 890
453 239 34 314
453 286 39 333
453 299 27 179
454 26 31 842
454 38 44 857
454 55 7 1093
454 64 10 327
454 85 19 525
454 91 49 584
454 102 55 1079
454 149 5 297
454 158 1 931
454 184 14 461
454 190 38 986
454 303 16 502
454 308 25 643
455 2 3 492
455 9 31 577
455 39 28 540
455 43 41 1076
455 91 56 484
455 140 49 1013
455 160 43 648
455 212 53 669
455 254 7 878
455 258 26 1184
455 259 13 4
455 291 17 549
455 292 22 456
455 309 37 1032
456 9 31 609
456 10 56 518
456 11 7 829
456 27 37 528
456 61 28 52
456 99 20 259
456 116 34 224
456 132 46 736
456 166 14 858
456 174 49 880
456 257 25 1077
456 281 3 48
456 298 10 1044
457 1 31 91
457 2 29 1003
457 4 37 28
457 5 8 1118
457 7 14 658
457 20 43 826
457 72 11 796
457 84 25 173
457 108 5 586
457 142 55 406
457 221 19 625
457 224 1 449
457 227 51 89
457 232 49 786
457 296 35 869
458 4 7 28
458 31 13 708
458 38 55 812
458 64 1 226
458 89 23 285
458 108 11 57
458 109 52 475
458 138 59 531
458 156 43 812
458 171 15 475
458 216 26 464
458 224 19 34
458 243 4 942
458 253 47 270
458 310 38 423
459 10 10 993
459 52 55 1139
459 106 1 1085
459 125 23 483
459 127 44 795
459 134 40 47
459 187 5 24
459 208 31 993
459 228 13 886
459 252 25 272
459 276 19 329
459 291 35 1176
459 300 17 251
459 320 49 764
460 28 58 753
460 42 3 830
460 52 19 1139
460 55 55 1093
460 57 25 1027
460 60 43 57
460 96 1 1170
460 97 29 861
460 98 49 835
460 120 37 982
460 125 17 938
460 170 53 69
460 314 7 1179
460 319 13 364
461 14 37 283
461 25 35 134
461 67 4 189
461 120 1 1041
461 135 49 26
461 143 43 337
461 163 27 557
461 169 57 485
461 173 7 817
461 196 25 149
461 203 11 164
461 252 51 836
461 277 22 971
461 282 31 152
461 286 13 1183
462 8 7 978
462 46 3 351
462 51 43 704
462 86 49 30
462 117 46 339
462 118 13 617
462 122 37 772
462 128 31 407
462 147 53 930
462 197 25 207
462 198 20 586
462 221 55 625
462 261 10 1158
462 298 16 13
463 6 29 1183
463 27 20 331
463 32 7 552
463 44 37 451
463 96 25 857
463 105 35 77
463 126 4 84
463 194 46 916
463 225 55 872
463 261 43 1050
463 268 59 610
463 291 41 776
463 301 17 450
463 309 51 801
463 310 31 184
464 16 59 473
464 47 16 541
464 51 10 686
464 70 32 125
464 90 1 1094
464 103 23 420
464 153 19 1071
464 175 25 75
464 178 55 187
464 267 38 1001
464 268 3 610
464 276 46 1090
464 278 7 1132
464 293 13 157
464 298 43 13
465 12 25 120
465 20 37 1106
465 48 7 1116
465 49 28 158
465 150 51 247
465 152 19 284
465 153 5 1071
465 196 3 149
465 215 43 782
465 234 9 606
465 261 16 1050
465 276 13 329
465 291 1 688
466 10 10 1122
466 22 3 14
466 34 5 532
466 44 19 1034
466 53 17 28
466 62 52 199
466 72 39 604
466 74 25 763
466 78 37 729
466 99 7 734
466 116 34 409
466 159 13 1101
466 188 28 870
466 209 59 495
466 285 55 1043
467 7 57 933
467 23 1 16
467 75 8 1081
467 94 13 1172
467 102 32 915
467 109 37 977
467 116 40 224
467 166 49 273
467 195 21 1170
467 233 29 853
467 288 43 608
467 299 25 764
467 307 4 637
468 16 23 1021
468 56 31 613
468 89 35 560
468 109 37 196
468 125 17 505
468 137 28 606
468 147 3 930
468 165 50 174
468 180 7 542
468 181 14 1179
468 185 25 204
468 194 5 1159
468 198 43 1040
468 252 55 272
468 295 19 653
469 9 19 91
469 17 5 409
469 38 31 787
469 58 45 584
469 71 49 997
469 78 40 347
469 197 13 1131
469 213 22 1047
469 232 43 1067
469 247 29 1131
469 249 17 456
469 258 56 1184
469 274 7 860
469 287 10 907
469 311 1 335
470 8 4 581
470 61 25 808
470 90 8 724
470 100 55 371
470 157 31 37
470 160 43 350
470 169 20 795
470 211 28 37
470 255 13 698
470 286 37 581
470 296 1 1008
470 302 34 185
470 309 49 1032
471 41 28 683
471 58 8 584
471 62 19 468
471 67 55 390
471 75 13 1079
471 76 49 679
471 82 22 121
471 89 26 285
471 98 53 288
471 102 32 972
471 103 16 485
471 115 40 95
471 172 37 2
471 209 3 443
471 312 43 10
472 25 5 134
472 54 25 930
472 61 22 808
472 99 57 259
472 121 49 170
472 134 1 47
472 140 19 521
472 147 29 894
472 151 37 471
472 176 31 144
472 250 27 1075
472 264 41 116
472 269 35 1173
472 282 13 152
472 303 7 523
473 36 35 1193
473 116 32 568
473 132 1 1011
473 150 55 247
473 166 14 419
473 193 20 78
473 197 49 42
473 199 29 1092
473 210 46 1143
473 255 7 962
473 264 11 170
473 278 43 1169
473 282 37 1162
473 284 4 430
474 50 15 746
474 101 17 392
474 115 5 95
474 118 58 447
474 130 49 473
474 138 55 866
474 141 25 185
474 153 47 209
474 178 19 923
474 187 41 39
474 218 7 1056
474 243 52 102
474 261 38 1158
474 296 3 562
474 312 43 130
475 3 20 835
475 21 13 164
475 58 25 672
475 108 43 833
475 124 17 1135
475 135 29 447
475 179 47 565
475 185 7 1031
475 204 37 565
475 222 35 553
475 259 52 576
475 282 31 800
475 292 1 234
475 305 4 161
475 309 57 391
476 8 35 978
476 20 51 442
476 60 37 58
476 68 22 206
476 69 1 726
476 140 28 521
476 155 41 834
476 248 5 234
476 252 43 272
476 269 11 1173
476 311 13 1132
476 316 25 957
476 318 31 625
476 319 7 1066
477 3 50 535
477 114 37 236
477 153 23 1001
477 171 10 1199
477 189 43 294
477 197 1 890
477 219 31 582
477 256 35 532
477 261 55 1051
477 267 25 616
477 284 7 393
477 320 19 295
478 12 5 300
478 22 45 14
478 80 10 328
478 88 7 1084
478 105 35 658
478 113 37 711
478 140 55 1013
478 141 49 612
478 161 20 1088
478 163 39 557
478 209 31 129
478 218 25 1056
478 236 13 88
478 274 1 860
478 304 33 619
479 29 9 294
479 51 43 262
479 58 31 975
479 74 16 112
479 94 37 1172
479 104 11 830
479 133 5 598
479 156 1 450
479 161 49 840
479 164 35 1102
479 166 19 1058
479 213 13 66
479 229 25 50
479 238 59 1015
480 38 59 13
480 92 37 354
480 98 45 610
480 112 31 204
480 138 7 531
480 139 41 1066
480 158 19 335
480 193 28 253
480 211 47 37
480 221 13 625
480 239 1 314
480 272 52 1005
480 291 43 565
480 308 9 248
481 125 37 938
481 187 52 39
481 195 25 670
481 213 16 188
481 219 31 807
481 228 2 866
481 238 35 1015
481 240 39 188
481 273 13 664
481 277 7 298
481 296 29 1008
481 311 43 406
482 5 52 1104
482 24 7 549
482 27 31 430
482 45 57 779
482 76 1 711
482 139 25 959
482 151 13 383
482 159 19 1101
482 199 35 1092
482 217 27 83
482 257 49 1077
482 262 3 1199
482 267 43 550
482 284 16 982
482 300 47 303
483 39 1 540
483 60 49 268
483 78 41 51
483 80 22 166
483 97 4 999
483 100 44 1073
483 116 16 916
483 126 19 267
483 160 37 822
483 168 13 1030
483 190 7 799
483 268 27 218
483 312 31 590
483 320 55 1034
484 31 47 826
484 46 34 512
484 50 29 626
484 62 22 70
484 74 52 112
484 124 17 152
484 125 20 938
484 141 43 669
484 201 13 38
484 203 7 192
484 210 1 1143
484 214 49 1169
484 242 25 605
484 253 11 227
484 311 38 1191
485 26 40 842
485 67 4 307
485 85 31 525
485 97 1 636
485 123 25 822
485 153 16 209
485 200 43 985
485 234 7 242
485 237 49 364
485 268 35 1036
485 275 56 766
485 278 28 1132
485 285 19 999
485 314 37 255
486 8 29 581
486 12 7 300
486 29 4 281
486 36 23 1193
486 41 35 683
486 56 25 350
486 106 38 1085
486 109 10 833
486 140 14 1013
486 167 1 628
486 194 19 916
486 267 43 1001
486 305 49 1135
487 4 7 429
487 33 31 468
487 42 2 1098
487 45 49 375
487 65 41 809
487 109 13 196
487 111 19 1067
487 130 16 753
487 131 35 120
487 159 55 1075
487 166 43 273
487 177 37 811
487 199 11 580
487 204 28 1173
487 246 25 492
488 10 13 942
488 16 53 532
488 20 49 826
488 58 7 472
488 78 59 729
488 96 3 857
488 104 5 685
488 121 28 580
488 122 55 1107
488 168 34 1030
488 170 17 1187
488 203 44 192
488 234 37 140
488 253 41 203
488 271 31 716
489 5 19 80
489 15 57 37
489 56 28 350
489 91 49 1196
489 107 13 972
489 117 37 339
489 129 22 507
489 166 31 303
489 196 1 989
489 213 8 66
489 233 3 508
489 295 25 1020
489 300 55 303
489 309 43 801
490 21 55 164
490 25 20 477
490 43 11 1076
490 53 41 28
490 55 4 740
490 57 13 580
490 82 27 706
490 125 22 938
490 136 43 34
490 152 31 131
490 154 29 760
490 190 7 741
490 247 53 772
490 274 47 687
490 289 35 853
491 50 11 746
491 51 19 1072
491 58 56 1127
491 83 52 696
491 86 32 30
491 91 43 1196
491 116 22 224
491 165 1 1048
491 175 7 794
491 185 39 1031
491 199 37 1092
491 242 25 725
491 280 49 632
491 311 13 335
492 36 55 1193
492 45 49 1171
492 72 47 604
492 147 17 316
492 159 13 718
492 166 26 419
492 186 7 541
492 232 11 544
492 247 57 1131
492 267 20 616
492 282 43 1162
492 289 1 1175
492 292 41 142
492 312 37 6
493 2 9 492
493 8 1 581
493 16 58 988
493 35 49 692
493 159 3 718
493 171 40 1199
493 173 19 370
493 196 33 149
493 242 13 725
493 254 43 1103
493 258 11 1184
493 289 29 974
493 317 25 980
494 9 49 1067
494 34 11 425
494 50 9 746
494 102 55 849
494 110 29 692
494 117 1 563
494 158 43 171
494 167 35 628
494 186 37 190
494 188 4 534
494 213 13 421
494 226 47 130
494 267 20 974
494 285 31 912
494 302 25 1057
495 9 43 91
495 38 41 812
495 83 58 152
495 106 13 280
495 116 37 326
495 135 35 263
495 144 31 228
495 163 1 557
495 214 28 499
495 215 49 341
495 233 11 456
495 251 19 1128
495 269 17 258
496 16 59 532
496 84 19 173
496 92 25 271
496 138 43 531
496 140 45 1013
496 167 29 628
496 168 1 406
496 191 41 663
496 211 7 37
496 215 49 782
496 223 35 463
496 243 37 942
496 253 53 270
496 262 16 1199
496 301 9 1043
497 8 47 978
497 35 27 1039
497 42 13 830
497 49 55 1109
497 78 25 12
497 100 37 371
497 117 19 563
497 136 43 307
497 230 7 95
497 233 4 324
497 253 11 262
497 281 1 48
497 291 17 776
497 300 9 88
498 5 31 1118
498 51 7 704
498 85 55 1049
498 93 5 720
498 110 29 312
498 119 49 665
498 141 1 300
498 178 25 42
498 210 37 46
498 259 20 501
498 304 11 619
498 308 43 233
498 320 13 295
499 2 49 1003
499 22 41 14
499 38 57 749
499 63 25 692
499 114 33 433
499 206 19 479
499 207 29 337
499 227 7 900
499 236 1 755
499 248 53 872
499 250 31 378
499 280 13 818
499 298 16 62
499 299 43 938
500 21 39 212
500 58 44 1127
500 78 52 729
500 81 57 1125
500 142 13 23
500 189 32 790
500 209 1 617
500 211 5 10
500 232 7 1067
500 277 25 298
500 283 10 1048
500 291 3 688
500 309 19 391
501 20 7 1062
501 26 43 1181
501 30 28 640
501 38 25 812
501 58 13 975
501 75 58 1081
501 100 37 1073
501 110 1 692
501 115 3 95
501 157 34 632
501 189 19 294
501 206 49 418
501 268 17 218
501 280 40 460
501 289 5 567
502 31 11 781
502 38 1 749
502 46 56 792
502 49 13 1109
502 55 43 404
502 56 58 613
502 94 50 1172
502 106 31 875
502 182 16 347
502 197 3 70
502 200 37 485
502 250 25 645
502 286 20 333
502 318 7 791
503 37 57 58
503 40 7 550
503 47 4 442
503 105 1 658
503 150 9 1133
503 169 32 588
503 176 49 144
503 182 52 207
503 187 11 590
503 206 43 30
503 209 23 443
503 254 14 1103
503 266 19 1156
503 296 55 562
504 61 7 119
504 68 33 563
504 85 45 947
504 104 1 685
504 122 55 428
504 127 49 5
504 163 3 217
504 186 40 153
504 187 59 39
504 199 23 1092
504 231 37 307
504 244 43 1086
504 247 15 772
504 291 13 565
504 310 25 270
505 20 25 523
505 44 14 1034
505 52 43 420
505 56 22 476
505 90 47 1094
505 91 1 665
505 138 29 531
505 169 39 446
505 175 57 41
505 208 34 399
505 223 11 463
505 235 7 536
505 272 31 1114
505 296 51 1008
505 307 19 637
506 61 55 808
506 70 43 1068
506 87 11 912
506 89 35 285
506 92 19 848
506 110 53 792
506 115 38 95
506 127 49 943
506 142 14 306
506 171 28 475
506 178 7 687
506 219 1 797
506 248 58 112
506 250 5 1075
506 312 31 130
507 22 28 14
507 29 55 281
507 61 44 119
507 81 47 1125
507 90 35 834
507 105 38 658
507 111 19 536
507 130 1 753
507 172 40 2
507 212 50 1004
507 224 31 449
507 258 58 1184
507 262 52 806
507 273 9 287
507 287 23 1115
508 3 43 314
508 6 41 1183
508 64 7 209
508 82 47 121
508 91 37 1165
508 126 28 295
508 143 25 513
508 146 10 289
508 183 55 140
508 273 35 664
508 292 5 818
508 305 1 323
508 306 13 1122
508 313 19 984
508 315 31 447
509 10 37 993
509 15 9 1089
509 36 13 1053
509 91 51 570
509 102 15 915
509 130 56 1015
509 139 29 1160
509 159 33 718
509 162 7 1064
509 172 25 2
509 190 3 741
509 248 41 1127
509 254 21 14
509 287 1 605
510 6 59 931
510 16 55 1016
510 49 16 1109
510 77 53 756
510 106 19 883
510 123 10 362
510 130 49 1015
510 165 7 493
510 199 1 1092
510 223 13 869
510 240 25 188
510 264 34 696
510 267 3 1001
510 282 37 152
510 291 45 810
511 17 50 817
511 23 34 616
511 56 28 613
511 75 25 673
511 80 16 833
511 130 9 1015
511 147 52 894
511 192 19 626
511 197 38 42
511 233 23 421
511 242 55 102
511 276 45 174
511 281 43 48
511 285 1 844
512 9 37 849
512 87 1 912
512 89 31 285
512 119 44 813
512 136 51 517
512 154 49 760
512 157 55 458
512 198 14 586
512 201 33 129
512 207 3 337
512 218 25 538
512 224 19 869
512 261 7 118
512 279 10 1023
512 303 28 11
513 30 31 640
513 58 43 672
513 113 49 711
513 133 41 568
513 135 23 5
513 157 34 37
513 160 51 350
513 182 37 347
513 186 4 153
513 193 57 1083
513 200 19 725
513 202 17 335
513 257 27 749
513 265 47 634
514 31 23 318
514 58 32 1127
514 83 39 696
514 93 17 1142
514 97 13 706
514 106 55 924
514 116 46 89
514 118 4 826
514 120 25 749
514 135 51 807
514 141 7 1155
514 150 53 1133
514 194 21 916
514 206 27 293
514 257 1 386
515 3 57 835
515 12 51 300
515 31 5 72
515 103 53 420
515 133 46 568
515 136 34 1164
515 139 29 428
515 150 16 247
515 181 1 111
515 220 7 516
515 222 40 1036
515 229 19 50
515 248 37 234
515 250 11 378
515 276 13 1090
516 91 19 665
516 97 5 636
516 105 11 391
516 121 40 170
516 132 7 921
516 135 29 1164
516 193 16 78
516 204 49 362
516 212 23 695
516 234 1 606
516 241 25 377
516 252 31 463
516 260 47 210
516 276 37 174
517 42 15 751
517 61 37 119
517 62 31 843
517 97 13 999
517 104 23 643
517 126 19 486
517 144 46 404
517 192 7 653
517 199 5 140
517 211 59 820
517 223 53 869
517 232 28 544
517 276 25 10
517 289 1 853
517 308 55 248
518 27 49 528
518 29 13 294
518 68 7 206
518 109 25 937
518 119 15 665
518 123 28 1019
518 125 31 938
518 128 19 210
518 150 23 1133
518 161 2 1088
518 163 55 533
518 243 10 671
518 267 33 974
518 296 45 562
519 6 7 1007
519 27 19 174
519 29 23 281
519 42 49 830
519 55 1 404
519 61 37 808
519 102 55 399
519 107 9 760
519 127 31 683
519 159 25 145
519 176 40 144
519 258 4 1184
519 288 13 442
519 319 43 450
520 29 59 294
520 42 7 1098
520 55 25 404
520 78 57 729
520 85 19 947
520 157 45 279
520 163 31 533
520 207 17 1145
520 230 11 11
520 255 49 962
520 257 4 386
520 258 41 1184
520 273 23 287
520 307 37 637
521 10 16 518
521 14 25 312
521 36 33 1193
521 42 43 1098
521 55 28 508
521 167 11 628
521 184 5 461
521 192 55 686
521 230 23 11
521 235 37 1145
521 244 31 764
521 246 50 853
521 255 1 586
521 272 7 1005
521 283 35 885
522 1 7 819
522 9 19 1175
522 71 34 997
522 78 11 729
522 93 29 720
522 179 5 26
522 194 51 1159
522 238 17 972
522 240 37 939
522 244 15 1086
522 255 25 407
522 283 49 885
522 303 1 154
522 320 55 764
523 35 43 471
523 109 1 977
523 131 53 351
523 137 7 295
523 142 31 464
523 157 37 632
523 158 25 335
523 207 11 337
523 231 40 657
523 233 59 1003
523 250 29 621
523 264 55 1083
523 266 19 473
523 308 13 253
523 313 49 1160
524 11 37 829
524 29 17 281
524 45 55 911
524 76 29 813
524 104 23 885
524 121 43 673
524 161 33 1088
524 162 40 223
524 195 25 1170
524 198 49 586
524 203 31 192
524 242 13 399
524 255 19 407
524 262 10 806
524 300 2 1056
525 5 46 1118
525 18 40 853
525 29 25 294
525 62 56 423
525 105 43 658
525 113 15 711
525 135 17 1196
525 159 50 1175
525 200 27 155
525 209 23 617
525 241 1 423
525 251 19 776
525 265 5 672
525 272 7 1078
525 319 31 1066
526 53 13 1033
526 54 33 6
526 79 29 875
526 142 20 1178
526 167 17 655
526 181 1 212
526 187 15 517
526 205 25 380
526 210 10 1021
526 220 44 516
526 250 5 621
526 263 37 317
526 272 7 896
526 273 31 287
526 275 49 983
527 32 38 737
527 59 55 775
527 73 23 606
527 85 50 1049
527 127 7 683
527 144 11 228
527 163 43 533
527 165 32 174
527 214 13 495
527 220 1 595
527 248 5 872
527 252 25 667
527 257 16 421
527 278 19 607
528 34 47 1077
528 46 17 792
528 72 23 604
528 108 1 1199
528 112 33 1018
528 114 49 236
528 135 11 159
528 157 26 458
528 193 13 1083
528 228 19 886
528 240 3 384
528 253 29 227
528 271 39 716
528 275 43 766
528 297 7 443
529 7 50 658
529 74 10 112
529 91 38 171
529 101 47 392
529 105 8 186
529 113 3 318
529 118 58 977
529 137 55 9
529 154 19 760
529 189 25 679
529 215 31 341
529 224 15 935
529 250 45 621
529 258 13 1184
530 5 32 80
530 18 22 161
530 88 1 1084
530 108 27 701
530 123 52 1162
530 177 43 147
530 206 13 447
530 214 4 495
530 220 56 1130
530 265 35 634
530 277 19 971
530 313 7 634
530 319 38 450
531 10 1 1122
531 21 51 371
531 45 37 798
531 55 34 27
531 122 25 428
531 157 56 279
531 169 43 446
531 170 22 69
531 188 31 538
531 276 4 1090
531 293 19 894
531 301 13 1043
531 306 8 875
531 308 15 248
532 4 1 105
532 27 49 677
532 34 59 425
532 52 43 1139
532 79 5 875
532 116 13 89
532 175 19 75
532 200 31 725
532 258 47 1184
532 260 11 658
532 276 40 1090
532 280 25 460
532 281 55 48
533 3 37 258
533 8 17 399
533 9 10 1031
533 36 19 1053
533 78 1 51
533 101 22 622
533 103 31 485
533 137 13 512
533 187 47 590
533 203 49 192
533 207 57 1016
533 213 34 66
533 249 29 542
533 274 3 1037
533 310 25 283
534 43 47 1076
534 44 25 1034
534 46 59 351
534 47 56 895
534 67 34 307
534 120 3 145
534 150 1 1133
534 174 19 463
534 181 43 1179
534 185 51 120
534 199 23 1132
534 209 37 203
534 227 13 654
534 230 31 95
534 283 11 693
535 31 58 318
535 50 53 425
535 76 17 728
535 90 3 834
535 110 35 692
535 118 25 640
535 125 39 483
535 140 10 521
535 144 29 404
535 150 1 247
535 177 20 387
535 206 13 344
535 246 5 1031
535 265 47 988
535 295 7 422
536 5 43 1118
536 45 32 779
536 47 37 895
536 77 23 1190
536 91 1 1165
536 104 49 993
536 120 11 982
536 166 25 273
536 189 51 294
536 193 19 253
536 195 13 1198
536 208 58 1179
536 214 40 499
536 239 7 130
536 246 47 255
537 26 19 355
537 27 49 331
537 35 25 746
537 58 43 975
537 78 31 347
537 91 33 1196
537 104 47 1079
537 181 4 609
537 231 55 570
537 281 22 48
537 304 11 509
537 305 13 323
538 6 2 1183
538 7 25 607
538 37 13 1143
538 54 11 106
538 57 19 475
538 105 5 77
538 116 43 326
538 142 37 406
538 158 55 990
538 161 7 231
538 265 17 986
538 281 59 48
538 300 53 705
538 317 31 315
539 18 46 853
539 20 55 283
539 72 19 604
539 76 1 542
539 103 21 485
539 119 31 1004
539 139 59 1066
539 171 3 1089
539 223 16 1011
539 236 49 994
539 248 23 985
539 249 41 75
539 283 37 885
539 300 7 88
539 306 25 875
540 42 55 751
540 46 23 792
540 51 16 686
540 115 5 1172
540 162 1 1064
540 205 31 841
540 209 11 129
540 218 43 473
540 226 59 418
540 257 13 1077
540 282 37 800
540 292 53 234
540 300 41 251
541 25 35 1094
541 28 55 663
541 61 13 808
541 93 31 1142
541 142 39 445
541 146 7 289
541 147 10 894
541 157 4 603
541 167 17 1068
541 204 1 362
541 231 58 657
541 236 49 88
541 280 19 818
541 288 25 671
541 298 43 907
542 17 49 724
542 44 15 787
542 45 43 650
542 48 21 513
542 94 37 1150
542 163 55 557
542 171 52 1199
542 203 13 192
542 211 5 211
542 237 7 1106
542 272 34 1114
542 275 1 766
542 283 11 934
542 285 25 999
542 300 59 705
543 7 55 658
543 16 37 333
543 71 26 470
543 112 39 127
543 117 31 339
543 120 43 1041
543 128 45 1152
543 163 9 557
543 261 21 1071
543 273 7 287
543 274 53 1037
543 295 34 653
543 297 1 199
543 306 49 16
544 1 41 91
544 16 49 988
544 66 7 460
544 122 9 1182
544 133 35 975
544 167 47 628
544 172 37 1071
544 176 19 144
544 178 56 923
544 179 51 930
544 184 53 461
544 221 43 752
544 271 22 716
544 303 4 1128
545 1 35 1033
545 32 1 835
545 36 17 1053
545 67 31 390
545 156 49 400
545 168 58 1030
545 189 44 834
545 220 19 595
545 230 29 895
545 238 9 1071
545 248 25 112
545 268 37 218
545 276 40 329
545 286 13 701
545 305 55 534
546 2 37 1003
546 8 19 978
546 26 1 842
546 37 21 142
546 38 11 291
546 136 28 365
546 143 58 337
546 156 13 644
546 183 25 587
546 185 40 931
546 196 5 149
546 207 53 1145
546 237 7 364
546 296 17 1008
546 320 49 1054
547 51 16 704
547 76 47 711
547 92 43 271
547 131 13 297
547 137 25 606
547 147 31 316
547 165 40 174
547 198 19 133
547 205 28 841
547 212 5 695
547 228 33 74
547 237 7 891
547 255 1 407
547 276 55 1020
547 300 11 1198
548 2 33 492
548 32 7 895
548 40 5 550
548 76 53 30
548 111 37 639
548 155 11 1072
548 191 55 362
548 227 1 900
548 236 13 1102
548 240 43 1092
548 241 20 390
548 242 27 891
548 278 49 1132
548 287 25 907
548 300 17 303
549 19 44 1054
549 91 49 1165
549 148 1 730
549 193 28 869
549 232 9 1067
549 239 16 924
549 255 55 962
549 256 5 333
549 265 40 988
549 288 19 680
549 291 23 776
549 293 13 418
550 24 37 549
550 33 44 605
550 36 13 1193
550 49 49 158
550 103 17 650
550 129 31 99
550 144 25 228
550 145 8 708
550 157 22 603
550 164 55 608
550 170 4 312
550 204 19 1173
550 210 1 1021
550 226 15 398
551 4 13 28
551 75 55 1081
551 96 11 1170
551 108 43 701
551 150 58 247
551 151 19 383
551 161 49 756
551 162 3 805
551 208 25 1200
551 248 23 99
551 259 34 576
551 272 37 681
551 290 7 597
551 301 1 1043
552 24 19 767
552 33 31 325
552 37 58 1135
552 73 53 457
552 105 55 391
552 119 45 8
552 132 50 736
552 169 9 666
552 201 1 891
552 202 29 335
552 239 16 233
552 292 7 370
552 293 13 39
552 313 37 252
553 26 13 1181
553 29 35 281
553 32 31 8
553 88 28 769
553 91 56 1165
553 98 47 288
553 125 17 483
553 177 20 811
553 206 43 418
553 254 37 545
553 258 3 832
553 268 49 1036
553 276 25 174
553 306 51 328
553 313 7 561
554 12 35 300
554 31 5 27
554 51 25 1072
554 80 43 328
554 85 7 525
554 95 59 725
554 120 11 512
554 139 41 428
554 192 14 653
554 219 49 797
554 235 31 412
554 278 2 1132
554 307 22 998
554 308 37 233
555 15 49 487
555 20 1 1151
555 38 5 749
555 72 41 796
555 86 25 23
555 102 37 883
555 136 7 894
555 151 10 471
555 153 59 209
555 171 55 1199
555 174 31 96
555 201 22 1007
555 221 13 1194
555 294 44 325
555 305 19 884
556 2 17 492
556 32 25 895
556 34 37 532
556 43 19 1076
556 46 59 512
556 50 7 746
556 92 49 271
556 111 31 1139
556 136 34 1047
556 139 15 1066
556 175 44 75
556 255 55 177
556 267 1 46
556 299 39 938
557 25 23 407
557 66 7 926
557 97 17 512
557 98 10 610
557 128 38 243
557 178 19 187
557 205 51 841
557 234 2 833
557 239 56 130
557 264 35 784
557 269 15 479
557 270 31 115
557 305 25 24
557 318 43 784
558 14 10 921
558 16 53 1158
558 56 25 613
558 58 1 1127
558 69 13 735
558 131 5 351
558 153 22 209
558 157 19 632
558 179 17 722
558 181 7 876
558 185 56 442
558 198 49 133
558 205 34 969
558 243 28 942
558 312 43 695
559 27 49 610
559 32 55 737
559 65 47 809
559 82 13 121
559 112 25 127
559 163 19 846
559 237 31 255
559 242 37 399
559 243 1 102
559 278 44 607
559 285 7 883
559 297 15 199
559 298 4 1044
560 7 43 84
560 43 31 1076
560 125 47 505
560 127 49 795
560 133 37 404
560 161 13 231
560 177 55 811
560 186 19 153
560 237 7 24
560 272 1 681
560 273 25 287
560 284 39 803
560 301 27 608
560 320 33 764
561 5 31 1104
561 30 52 244
561 86 25 757
561 89 13 285
561 151 44 769
561 154 16 760
561 198 55 133
561 199 35 1132
561 220 3 516
561 232 1 786
561 238 22 1015
561 250 39 378
561 304 11 224
561 307 7 637
562 18 22 1042
562 85 7 193
562 87 49 984
562 99 44 259
562 137 26 512
562 144 4 228
562 155 52 834
562 167 37 130
562 171 1 486
562 228 31 600
562 237 55 832
562 258 39 1184
562 266 13 1156
562 291 11 549
563 21 31 150
563 99 50 259
563 104 28 1079
563 113 7 102
563 131 5 207
563 164 23 9
563 181 10 876
563 195 55 1198
563 201 25 129
563 205 40 841
563 246 47 258
563 262 1 806
563 272 13 681
563 308 19 248
564 40 50 550
564 63 43 24
564 114 13 77
564 130 52 753
564 138 10 531
564 185 7 1196
564 211 3 822
564 224 31 60
564 267 55 974
564 285 25 1183
564 290 19 926
564 311 37 1079
565 9 46 849
565 19 31 172
565 31 23 708
565 47 1 398
565 88 43 1084
565 104 28 685
565 107 7 337
565 109 20 977
565 115 4 1030
565 119 55 182
565 130 49 753
565 221 38 625
565 238 17 887
565 280 25 316
565 299 13 179
566 24 19 549
566 45 7 519
566 60 13 276
566 89 35 695
566 118 25 1131
566 136 49 1152
566 150 47 247
566 167 23 509
566 209 43 129
566 217 1 83
566 222 5 1036
566 263 31 223
566 268 29 610
566 287 39 907
566 288 55 671
567 2 11 1105
567 8 55 581
567 24 3 432
567 57 49 580
567 66 1 696
567 81 40 1125
567 88 13 793
567 105 17 391
567 107 45 972
567 212 21 1004
567 228 25 1192
567 231 37 657
567 250 34 378
567 262 7 1199
567 283 43 934
568 20 33 610
568 89 17 560
568 96 50 432
568 126 28 551
568 130 55 673
568 143 25 622
568 208 46 1179
568 210 20 46
568 226 23 1083
568 240 2 82
568 259 13 501
568 272 43 681
568 276 10 10
568 289 39 1175
568 298 7 62
569 57 37 449
569 84 51 173
569 151 7 383
569 173 31 967
569 203 1 192
569 228 13 31
569 247 46 1131
569 248 3 234
569 259 22 576
569 260 11 30
569 282 55 800
569 308 26 990
570 37 34 257
570 42 25 1098
570 57 56 715
570 67 1 307
570 99 7 1069
570 110 39 312
570 120 10 659
570 161 43 1088
570 165 4 38
570 176 50 97
570 230 47 895
570 266 19 859
570 268 29 119
570 308 13 990
571 4 43 429
571 25 17 953
571 67 14 307
571 72 29 796
571 76 47 30
571 104 59 1079
571 165 31 910
571 179 5 943
571 185 55 116
571 210 1 438
571 219 51 218
571 223 23 1011
571 246 21 492
571 255 7 177
571 276 37 329
572 5 1 313
572 29 7 1051
572 37 16 89
572 64 13 603
572 65 19 1028
572 115 44 95
572 122 51 693
572 125 47 938
572 142 21 629
572 154 29 726
572 164 10 887
572 231 4 570
572 275 31 766
572 286 37 456
573 23 50 800
573 35 27 347
573 37 32 1143
573 61 19 119
573 80 13 528
573 117 39 206
573 141 1 294
573 201 22 688
573 246 59 921
573 259 10 576
573 263 43 317
573 278 7 1083
573 312 55 398
574 34 17 425
574 89 1 1162
574 94 25 1150
574 129 56 488
574 135 59 509
574 138 10 866
574 146 31 289
574 158 19 931
574 165 43 1145
574 168 7 406
574 189 37 1105
574 200 49 251
574 250 3 621
575 12 47 933
575 45 25 1171
575 50 29 746
575 68 49 206
575 71 40 997
575 72 53 796
575 104 23 1079
575 135 55 509
575 147 15 930
575 159 43 718
575 186 10 541
575 192 31 505
575 203 35 192
575 221 2 625
575 295 7 427
576 46 33 351
576 85 55 947
576 96 21 857
576 136 46 1047
576 182 7 688
576 185 40 442
576 221 50 752
576 223 29 463
576 238 35 127
576 257 1 1077
576 259 16 501
576 289 5 974
576 296 25 1008
577 5 46 1104
577 29 58 1051
577 63 13 1041
577 79 43 146
577 135 35 807
577 136 7 890
577 140 40 1013
577 191 11 1050
577 202 23 800
577 206 31 344
577 241 1 222
577 250 17 1075
577 268 19 610
577 283 5 693
577 308 25 233
578 33 25 468
578 45 1 519
578 94 13 1150
578 95 23 519
578 97 10 538
578 106 43 11
578 120 29 145
578 135 5 305
578 174 51 248
578 193 31 370
578 200 37 251
578 216 55 666
578 249 17 400
578 283 49 934
578 320 19 764
579 15 49 234
579 23 21 760
579 59 7 775
579 76 41 813
579 79 17 146
579 99 34 734
579 127 57 943
579 140 43 521
579 171 31 1199
579 194 19 1159
579 238 55 972
579 248 11 985
579 285 37 1183
579 302 25 1189
579 313 13 1137
580 6 4 1183
580 11 31 829
580 17 29 409
580 18 58 438
580 40 55 550
580 68 46 704
580 83 34 442
580 86 19 757
580 92 50 848
580 95 11 519
580 104 43 1003
580 132 1 921
580 158 13 931
580 166 38 303
581 50 59 746
581 51 4 704
581 81 28 1125
581 99 40 259
581 134 13 47
581 137 1 512
581 140 34 521
581 182 49 207
581 183 37 324
581 196 31 149
581 198 8 133
581 258 17 832
581 268 23 859
581 306 55 860
581 315 44 143
582 12 47 474
582 27 38 677
582 35 43 895
582 82 57 706
582 91 7 1165
582 129 50 457
582 181 3 1000
582 232 34 786
582 239 25 130
582 242 13 1094
582 243 31 102
582 252 19 72
582 291 55 549
583 38 1 1114
583 50 52 171
583 80 25 833
583 117 49 681
583 127 8 920
583 139 37 959
583 142 55 461
583 207 41 753
583 226 5 398
583 230 47 11
583 238 29 127
583 271 3 716
583 289 14 1175
583 294 19 1155
583 320 43 1039
584 95 29 725
584 106 55 11
584 176 43 144
584 186 10 190
584 206 25 344
584 241 13 423
584 271 33 716
584 295 4 367
584 306 49 449
584 313 38 984
584 317 21 315
585 32 13 737
585 96 29 1170
585 102 44 728
585 131 39 351
585 139 35 858
585 153 1 1001
585 177 56 268
585 184 23 461
585 198 7 862
585 203 5 164
585 223 53 463
585 232 41 786
585 242 31 1094
585 250 11 1075
585 288 19 671
586 10 40 518
586 67 1 189
586 76 35 150
586 94 56 1150
586 120 4 1041
586 167 17 628
586 228 7 1192
586 234 25 323
586 255 31 586
586 266 43 1102
586 274 11 860
586 288 13 750
586 302 19 910
586 312 50 590
587 46 41 792
587 54 43 6
587 63 33 552
587 97 1 1062
587 99 22 734
587 123 28 822
587 126 25 916
587 165 4 910
587 168 19 750
587 181 13 876
587 198 7 586
587 205 56 841
587 256 11 217
587 264 31 362
587 302 16 1057
588 6 23 41
588 45 43 798
588 63 38 692
588 77 27 1190
588 127 55 795
588 137 31 512
588 162 13 562
588 171 34 908
588 205 20 969
588 222 15 553
588 264 17 166
588 266 9 582
588 289 3 1175
588 296 7 562
588 299 49 211
589 59 37 775
589 83 1 442
589 101 17 622
589 119 13 813
589 153 53 622
589 161 43 756
589 169 25 666
589 170 31 931
589 230 59 895
589 232 47 786
589 251 7 776
589 257 33 386
589 273 19 664
589 297 55 252
589 311 21 39
590 29 15 281
590 60 19 721
590 65 53 809
590 70 7 305
590 77 1 1190
590 89 41 560
590 98 11 288
590 118 37 826
590 158 33 931
590 190 43 741
590 198 25 133
590 209 31 443
590 224 55 937
590 248 13 234
590 250 3 1075
591 14 19 1151
591 43 34 1076
591 54 23 106
591 68 28 517
591 70 49 734
591 71 1 5
591 107 55 1122
591 155 8 483
591 207 4 1016
591 216 43 1085
591 278 13 71
591 320 38 764
592 91 19 1165
592 97 25 706
592 99 10 734
592 104 32 685
592 113 17 325
592 117 46 477
592 132 43 1011
592 133 1 598
592 190 13 986
592 210 55 438
592 236 3 88
592 266 49 1080
592 268 23 218
592 308 37 262
593 9 52 91
593 16 59 1016
593 18 34 585
593 21 19 619
593 23 31 616
593 24 37 230
593 40 45 1015
593 70 13 194
593 91 55 586
593 115 47 9
593 132 49 1011
593 167 3 628
593 186 8 153
593 228 25 600
594 49 25 158
594 93 11 1142
594 94 7 1150
594 108 38 204
594 111 43 153
594 128 51 63
594 141 55 300
594 165 28 174
594 171 1 475
594 190 19 741
594 223 5 463
594 235 13 1145
594 251 32 1151
594 256 41 118
594 258 23 1184
595 9 40 609
595 16 11 257
595 21 43 933
595 49 58 158
595 88 16 163
595 92 25 382
595 110 3 692
595 125 29 938
595 172 34 2
595 180 7 729
595 183 55 324
595 186 19 367
595 213 13 188
595 266 49 976
596 15 31 487
596 98 20 204
596 118 10 617
596 122 49 1107
596 125 35 483
596 131 1 120
596 135 47 159
596 170 59 1156
596 201 14 1007
596 202 41 800
596 210 55 632
596 257 43 386
596 271 37 716
596 290 25 926
596 296 22 562
597 7 31 658
597 10 4 518
597 65 23 934
597 109 40 339
597 123 49 1019
597 132 19 1200
597 136 58 307
597 151 1 471
597 176 16 607
597 186 37 1153
597 191 35 140
597 193 13 78
597 202 45 179
597 267 26 1001
597 286 7 1183
598 15 13 1042
598 16 17 407
598 41 50 488
598 79 11 468
598 93 25 1142
598 106 56 628
598 147 19 551
598 177 21 268
598 182 4 554
598 192 37 505
598 206 45 344
598 214 1 1169
598 221 31 752
598 300 35 88
598 313 7 1137
599 8 46 581
599 14 49 338
599 27 21 677
599 75 7 673
599 85 3 1049
599 90 1 834
599 120 52 512
599 150 13 1133
599 190 37 741
599 209 15 443
599 217 31 83
599 243 28 102
599 272 25 681
599 289 11 974
600 31 47 72
600 46 37 351
600 47 49 398
600 65 14 809
600 110 17 312
600 112 1 585
600 132 43 724
600 181 34 1000
600 204 40 990
600 228 27 866
600 259 31 576
600 294 7 409
600 309 19 437
600 320 57 664
601 25 53 477
601 56 55 613
601 92 13 382
601 130 19 673
601 151 1 392
601 152 37 131
601 155 5 89
601 200 25 322
601 267 49 46
601 272 10 1114
601 276 7 329
601 307 33 637
601 312 43 590
602 4 31 28
602 9 13 765
602 103 59 420
602 126 25 295
602 168 1 1030
602 180 21 541
602 183 10 1162
602 187 19 39
602 201 28 786
602 210 52 438
602 224 37 34
602 233 35 324
602 242 43 885
602 261 4 1050
603 28 19 1019
603 40 29 550
603 46 8 512
603 96 13 1170
603 102 51 619
603 126 38 267
603 127 1 515
603 128 25 881
603 137 10 295
603 165 22 38
603 182 46 422
603 188 56 870
603 190 15 799
603 209 32 860
603 281 5 48
604 31 43 1176
604 43 55 1076
604 55 58 508
604 76 53 728
604 82 17 718
604 95 41 725
604 119 37 8
604 164 29 608
604 174 25 96
604 196 1 1155
604 237 19 24
604 255 31 962
604 290 13 655
604 301 3 1043
604 302 10 814
605 3 15 535
605 10 19 966
605 29 10 1051
605 34 29 532
605 53 3 1033
605 77 39 1190
605 128 49 243
605 134 7 47
605 155 37 483
605 162 5 223
605 187 34 1041
605 218 31 284
605 223 13 1011
605 236 25 994
605 311 56 1062
606 25 19 677
606 44 21 263
606 54 4 6
606 87 25 26
606 89 38 718
606 111 58 980
606 114 7 77
606 153 45 622
606 166 27 858
606 226 31 1019
606 259 1 576
606 263 14 530
606 307 40 998
606 314 52 163
607 9 37 609
607 18 21 853
607 42 45 837
607 46 43 351
607 51 13 1072
607 53 17 283
607 69 7 726
607 85 26 525
607 151 1 383
607 156 49 22
607 260 5 580
607 273 34 287
607 300 53 1198
607 302 31 1189
607 303 40 154
608 5 9 80
608 23 16 800
608 41 7 488
608 88 28 1084
608 137 43 298
608 143 46 657
608 177 37 268
608 197 2 1131
608 244 23 840
608 245 31 543
608 282 19 800
608 300 13 1056
608 309 55 437
608 315 49 143
609 3 13 258
609 35 51 267
609 104 17 830
609 117 7 477
609 118 43 977
609 131 1 351
609 140 3 376
609 146 19 289
609 154 55 760
609 189 25 1105
609 222 22 553
609 265 49 621
609 270 38 115
609 286 57 581
610 6 55 999
610 16 25 1021
610 26 22 842
610 39 52 540
610 77 37 1190
610 90 17 1094
610 105 1 821
610 140 34 1013
610 165 49 146
610 196 7 149
610 211 3 483
610 213 19 1047
610 250 27 621
610 304 41 530
610 307 10 637
611 6 5 328
611 21 55 619
611 88 19 1084
611 94 31 1172
611 133 1 568
611 149 23 657
611 162 3 223
611 173 44 890
611 189 13 1105
611 199 17 1132
611 210 10 1143
611 237 49 802
611 284 7 803
611 292 28 142
611 306 37 1122
612 14 19 30
612 20 37 474
612 27 1 677
612 34 41 338
612 75 28 1077
612 131 35 351
612 161 43 231
612 166 7 303
612 185 58 143
612 194 5 916
612 215 13 341
612 239 55 355
612 243 32 671
612 272 22 1114
612 286 51 701
613 30 52 1016
613 84 37 173
613 120 31 145
613 171 13 1199
613 173 7 628
613 202 5 335
613 203 1 164
613 216 43 199
613 260 3 244
613 272 22 1005
613 277 28 298
613 280 16 818
613 284 19 1059
613 285 33 1043
613 296 57 562
614 71 25 5
614 83 58 119
614 93 32 720
614 96 28 432
614 115 45 1030
614 149 49 719
614 174 1 463
614 178 7 187
614 190 13 600
614 233 21 1003
614 242 51 377
614 288 37 142
614 304 35 619
614 305 55 1153
615 9 28 1031
615 20 43 285
615 37 58 535
615 49 10 158
615 64 25 740
615 82 21 706
615 90 23 883
615 165 52 1048
615 175 13 113
615 194 39 916
615 226 41 886
615 255 32 177
615 281 7 48
615 295 49 422
615 302 55 305
616 29 25 1051
616 35 37 59
616 87 59 279
616 88 19 769
616 122 43 772
616 140 7 1013
616 177 14 978
616 237 32 304
616 240 55 188
616 242 3 725
616 261 28 976
616 279 10 1080
616 299 51 685
616 302 22 1057
617 34 5 34
617 47 38 45
617 92 8 848
617 111 1 721
617 112 31 127
617 173 27 680
617 178 43 923
617 209 17 443
617 223 21 1011
617 232 19 786
617 233 25 1003
617 236 50 1187
617 239 13 621
617 287 23 907
617 305 55 323
618 17 41 817
618 92 51 354
618 136 1 750
618 139 11 959
618 145 31 620
618 153 47 622
618 160 7 254
618 182 56 347
618 216 43 9
618 249 35 1140
618 261 16 509
618 264 37 696
618 272 19 1005
618 300 13 705
618 310 25 212
619 2 5 492
619 9 2 765
619 14 52 338
619 17 37 409
619 25 15 890
619 45 25 650
619 51 57 1072
619 68 39 438
619 87 10 777
619 93 13 1142
619 161 19 840
619 183 7 140
619 207 35 337
619 249 17 75
620 8 35 811
620 21 3 619
620 28 37 97
620 83 22 442
620 107 49 1106
620 118 19 617
620 128 7 881
620 161 43 840
620 213 31 1056
620 217 55 106
620 244 1 1086
620 258 27 832
620 272 40 1005
620 319 13 450
621 16 51 988
621 30 39 1016
621 41 19 683
621 42 55 1098
621 100 4 1073
621 117 25 477
621 124 23 280
621 136 43 1047
621 151 10 383
621 177 13 268
621 249 49 129
621 301 53 1043
621 304 33 509
621 305 28 24
622 17 1 409
622 47 55 75
622 50 11 626
622 106 13 456
622 113 7 711
622 116 22 1086
622 121 58 380
622 139 33 959
622 181 40 766
622 186 46 190
622 219 50 78
622 232 25 1067
622 287 31 715
623 1 47 819
623 8 43 581
623 29 13 281
623 67 7 307
623 85 19 193
623 113 55 325
623 145 49 292
623 159 31 1175
623 169 15 666
623 182 25 422
623 207 29 1145
623 231 37 210
623 263 2 530
623 280 57 316
623 300 11 303
624 16 17 257
624 50 1 746
624 52 3 420
624 76 53 813
624 95 41 1057
624 124 47 280
624 183 28 324
624 208 31 399
624 216 7 9
624 234 55 147
624 252 37 667
624 261 19 509
624 266 13 560
624 302 22 1189
625 21 7 619
625 66 17 926
625 83 55 152
625 90 11 978
625 99 33 934
625 187 41 590
625 201 58 786
625 220 1 588
625 236 49 755
625 241 43 222
625 255 37 407
625 257 19 386
625 268 31 610
625 274 29 1037
625 305 22 323
626 17 49 409
626 30 52 924
626 49 7 158
626 119 37 561
626 183 31 497
626 238 47 127
626 242 56 1021
626 279 25 1108
626 285 1 113
626 293 34 736
626 296 43 562
626 306 21 860
626 318 13 791
627 5 37 80
627 24 25 842
627 61 1 119
627 67 7 189
627 122 19 1182
627 134 49 47
627 144 47 609
627 172 55 2
627 176 10 97
627 180 43 541
627 182 33 347
627 211 14 822
627 212 5 1004
627 276 16 1090
628 17 53 1127
628 53 59 283
628 60 7 1156
628 80 50 833
628 87 34 279
628 95 1 725
628 102 55 91
628 110 47 312
628 118 16 617
628 147 11 551
628 212 3 1004
628 232 5 786
628 308 43 253
628 317 19 980
628 319 26 1066
629 12 23 933
629 78 17 729
629 89 21 695
629 96 47 857
629 98 37 288
629 132 10 724
629 133 41 404
629 161 49 1088
629 186 31 190
629 249 5 536
629 278 28 1169
629 282 43 401
629 300 57 1056
629 303 13 502
630 50 13 746
630 77 21 1190
630 116 34 587
630 119 25 561
630 123 31 1162
630 126 56 475
630 149 11 38
630 158 15 929
630 162 23 149
630 241 50 423
630 259 1 501
630 263 7 400
630 290 38 597
630 318 43 862
631 39 16 540
631 64 52 226
631 88 40 1084
631 91 25 171
631 113 29 325
631 133 11 404
631 136 37 517
631 138 1 531
631 156 43 400
631 166 19 858
631 200 31 693
631 202 23 1101
631 224 3 935
631 239 7 924
631 286 56 912
632 17 17 817
632 33 13 325
632 35 19 827
632 61 58 808
632 125 53 938
632 144 9 228
632 145 32 708
632 153 7 211
632 207 41 294
632 216 37 9
632 268 47 218
632 288 25 147
632 292 5 1115
632 295 2 653
632 297 49 1137
633 7 25 203
633 18 1 933
633 57 55 580
633 95 8 919
633 140 10 376
633 166 43 303
633 176 22 976
633 196 47 149
633 201 4 1048
633 224 49 60
633 226 35 130
633 238 33 1015
633 268 13 367
633 279 16 150
633 288 37 671
634 6 46 362
634 19 7 172
634 30 40 244
634 35 49 763
634 51 28 1072
634 71 4 997
634 106 13 875
634 130 25 1173
634 140 37 521
634 182 43 422
634 223 17 379
634 239 19 147
634 254 31 1121
634 282 55 51
635 25 29 677
635 70 19 194
635 100 14 64
635 112 25 908
635 121 58 69
635 130 55 1173
635 187 35 590
635 198 37 1040
635 209 41 528
635 232 5 1067
635 257 46 749
635 266 7 1164
635 303 50 523
635 318 1 862
635 319 31 1169
636 56 1 476
636 58 19 1127
636 62 38 70
636 79 53 1165
636 96 41 432
636 107 31 1122
636 117 46 681
636 121 4 58
636 137 10 1093
636 172 7 915
636 196 17 149
636 200 49 322
636 224 13 1151
636 236 55 994
636 261 43 118
637 17 15 409
637 43 9 1076
637 52 43 501
637 72 59 604
637 83 49 367
637 99 40 734
637 141 20 185
637 164 53 9
637 175 55 425
637 178 31 923
637 231 28 657
637 262 25 1199
637 267 1 974
637 279 37 1080
638 1 17 91
638 42 56 830
638 44 37 263
638 78 10 347
638 117 22 477
638 135 41 362
638 141 49 634
638 174 13 96
638 183 25 988
638 219 31 218
638 251 43 776
638 259 7 4
638 295 19 427
638 315 1 1140
639 55 16 740
639 75 10 210
639 77 8 836
639 104 35 643
639 128 43 407
639 130 1 673
639 164 59 608
639 195 49 1170
639 219 55 807
639 222 5 553
639 226 29 1139
639 254 37 1121
639 315 21 1041
640 1 25 91
640 55 19 27
640 69 49 726
640 82 3 706
640 89 23 560
640 96 15 432
640 119 43 1004
640 148 31 379
640 161 37 840
640 175 7 41
640 196 11 989
640 219 55 545
640 226 17 398
640 260 35 518
640 273 5 287
641 35 55 692
641 44 13 780
641 56 37 476
641 57 7 580
641 87 35 777
641 108 5 929
641 124 2 152
641 154 11 726
641 161 25 840
641 183 40 324
641 227 49 1198
641 267 31 46
641 282 19 51
641 296 47 562
641 320 43 318
642 21 19 849
642 65 31 1028
642 94 45 1172
642 124 11 280
642 139 17 1066
642 149 5 719
642 190 1 600
642 192 37 626
642 220 7 1130
642 226 25 254
642 241 55 12
642 291 49 565
642 303 33 154
642 319 13 1169
643 5 34 1104
643 34 32 425
643 47 22 607
643 52 13 420
643 71 19 470
643 82 9 706
643 106 55 883
643 147 11 316
643 148 27 1062
643 198 1 1040
643 211 43 486
643 214 46 495
643 252 38 437
643 266 49 1102
644 4 7 105
644 6 43 1007
644 17 3 409
644 43 45 1076
644 47 22 71
644 53 47 880
644 77 57 1190
644 104 15 685
644 151 34 383
644 172 49 915
644 219 25 582
644 264 17 116
644 265 39 719
644 272 19 1114
645 26 34 355
645 41 27 488
645 58 13 584
645 70 37 305
645 100 31 1073
645 181 55 876
645 200 7 567
645 212 25 1004
645 225 19 872
645 237 1 24
645 291 17 565
645 297 49 1020
645 317 43 980
646 27 49 1184
646 81 43 1125
646 89 33 285
646 101 55 622
646 120 40 749
646 126 37 300
646 137 58 295
646 148 25 730
646 186 4 1153
646 226 29 1191
646 230 1 95
646 247 9 1131
646 254 13 545
646 302 46 185
646 303 19 502
647 27 37 1059
647 42 26 830
647 52 50 453
647 62 44 270
647 73 23 457
647 86 13 30
647 168 19 406
647 186 58 190
647 209 5 1139
647 226 41 185
647 227 31 1158
647 263 7 96
647 280 55 460
647 314 1 459
648 1 13 819
648 2 17 1105
648 72 7 604
648 108 58 701
648 129 43 99
648 132 32 724
648 145 49 115
648 160 25 783
648 179 15 26
648 199 5 1132
648 206 9 344
648 228 37 31
648 277 46 971
648 300 29 303
648 308 1 643
649 19 37 1054
649 96 13 432
649 125 21 483
649 155 1 483
649 158 55 617
649 166 51 858
649 174 31 217
649 194 49 1159
649 233 19 456
649 256 9 333
649 264 47 116
649 272 3 1005
649 276 43 1090
649 319 25 364
650 98 4 204
650 110 23 692
650 116 37 1086
650 123 55 822
650 126 10 874
650 143 1 279
650 151 25 392
650 160 51 704
650 199 49 1079
650 208 58 993
650 211 41 822
650 298 7 1044
650 305 19 323
650 315 31 1140
651 20 31 644
651 26 49 355
651 61 52 808
651 74 37 112
651 83 3 33
651 86 21 973
651 91 13 1196
651 104 19 685
651 122 25 772
651 127 55 5
651 205 40 380
651 233 1 324
651 241 7 423
651 255 43 962
652 37 19 1007
652 56 13 613
652 57 31 1036
652 68 25 517
652 139 23 1066
652 144 35 228
652 166 7 858
652 169 50 666
652 196 43 149
652 226 1 130
652 231 16 469
652 237 55 255
652 295 46 367
652 301 29 921
652 303 38 1128
653 10 7 1122
653 13 31 532
653 20 43 790
653 99 10 1069
653 136 58 517
653 157 28 577
653 170 17 931
653 194 1 1159
653 214 25 66
653 258 5 832
653 274 3 1193
653 286 49 912
653 303 13 11
653 311 37 704
653 318 19 877
654 23 13 800
654 137 49 887
654 151 7 471
654 196 1 149
654 204 10 990
654 215 55 1045
654 221 19 249
654 226 32 254
654 233 47 456
654 243 3 127
654 252 25 72
654 264 35 143
654 265 41 719
654 266 37 1164
654 283 23 924
655 16 29 473
655 49 46 1109
655 50 15 425
655 64 1 209
655 95 17 670
655 98 55 288
655 111 22 536
655 165 19 146
655 188 37 1178
655 193 34 1083
655 203 27 192
655 242 49 725
655 296 31 1008
655 301 4 608
655 309 7 391
656 36 19 1193
656 37 28 387
656 75 10 1079
656 90 16 724
656 93 41 720
656 99 46 1108
656 110 57 605
656 162 49 562
656 180 32 1027
656 227 37 975
656 265 53 634
656 289 59 974
656 295 7 367
656 296 51 562
657 21 38 679
657 31 49 781
657 60 33 1003
657 82 11 121
657 106 1 883
657 130 55 753
657 177 7 147
657 211 19 10
657 219 25 797
657 229 22 50
657 277 52 971
657 295 58 367
657 313 13 634
657 318 43 791
658 25 47 407
658 29 29 1051
658 85 25 1049
658 110 5 692
658 127 13 795
658 140 1 1013
658 156 31 22
658 170 23 1156
658 187 17 517
658 227 19 900
658 258 10 832
658 260 41 30
658 261 55 1172
658 276 7 1090
659 21 25 849
659 43 39 1076
659 62 58 270
659 75 49 379
659 90 29 978
659 97 15 999
659 124 35 152
659 128 31 1152
659 158 44 931
659 167 5 509
659 175 20 1143
659 182 52 422
659 189 1 790
659 201 55 318
659 297 7 859
660 8 17 41
660 26 7 1181
660 42 19 751
660 74 1 763
660 91 43 937
660 99 4 1108
660 122 49 772
660 171 31 475
660 212 47 810
660 223 38 869
660 233 14 1003
660 254 25 878
660 296 10 869
660 308 55 1101
661 12 11 933
661 63 19 222
661 70 1 305
661 76 23 679
661 86 13 757
661 161 38 231
661 233 5 456
661 235 55 493
661 236 7 994
661 242 43 377
661 286 25 456
661 310 49 270
661 311 32 39
662 25 49 1094
662 26 7 355
662 42 51 837
662 58 55 672
662 80 10 211
662 107 13 116
662 145 2 708
662 154 17 726
662 159 25 1175
662 252 43 72
662 290 37 878
662 304 59 619
662 307 19 998
662 310 31 608
663 17 7 777
663 21 13 933
663 88 4 793
663 89 1 285
663 91 31 1165
663 177 55 184
663 183 49 1162
663 206 37 479
663 214 52 66
663 247 41 1131
663 264 35 170
663 267 43 974
663 291 22 810
663 313 25 1137
663 314 10 1179
664 38 39 13
664 64 43 327
664 77 3 1190
664 115 23 530
664 144 29 228
664 152 49 86
664 215 31 782
664 219 13 807
664 233 17 1003
664 242 55 392
664 255 7 407
664 274 11 1057
664 308 25 1101
664 309 19 1032
665 31 35 826
665 93 5 1142
665 106 31 11
665 117 43 737
665 130 19 727
665 137 52 887
665 144 17 228
665 157 22 279
665 239 49 819
665 276 58 329
665 288 1 671
665 307 40 637
665 313 7 252
665 319 26 450
665 320 13 598
666 18 55 730
666 21 7 933
666 90 35 724
666 99 4 934
666 101 1 1031
666 111 22 1075
666 114 49 433
666 173 25 111
666 181 13 1000
666 199 41 1079
666 222 11 553
666 241 31 222
666 271 58 716
666 303 38 502
667 44 7 787
667 46 57 351
667 47 43 1187
667 53 11 880
667 70 27 125
667 94 1 1150
667 100 19 1073
667 109 46 817
667 144 25 474
667 149 22 297
667 199 49 1092
667 265 41 549
667 285 31 999
667 294 13 445
667 301 53 921
668 29 39 1051
668 31 59 72
668 75 13 1081
668 94 49 1150
668 138 53 531
668 164 2 887
668 207 46 337
668 208 16 212
668 209 37 129
668 213 4 421
668 219 25 86
668 242 7 885
668 263 31 400
668 281 57 48
668 310 19 184
669 61 49 808
669 74 46 763
669 97 19 1062
669 127 25 943
669 129 1 457
669 133 7 568
669 154 43 760
669 167 9 509
669 202 41 335
669 229 4 368
669 237 33 364
669 249 53 456
669 268 21 218
669 294 13 639
669 295 38 1020
670 48 3 513
670 51 25 686
670 56 16 613
670 104 41 351
670 110 11 915
670 117 8 339
670 151 43 383
670 211 1 822
670 212 5 1173
670 214 37 499
670 236 19 88
670 244 29 70
670 261 46 1050
670 267 55 1001
671 2 35 1145
671 10 43 518
671 30 39 1102
671 63 13 156
671 104 7 685
671 109 28 1081
671 124 37 663
671 129 19 507
671 139 5 858
671 208 46 268
671 228 55 886
671 231 52 210
671 249 3 542
671 264 17 696
671 288 31 1033
672 53 23 1033
672 60 25 401
672 81 55 1125
672 107 57 972
672 124 5 152
672 131 45 120
672 164 9 608
672 172 19 2
672 176 40 97
672 179 29 810
672 188 1 968
672 220 15 588
672 243 49 127
672 281 13 48
672 317 32 1116
673 6 45 999
673 8 17 811
673 58 7 1127
673 90 23 528
673 111 26 721
673 155 29 89
673 163 1 846
673 165 57 174
673 167 11 130
673 169 19 446
673 182 13 347
673 235 37 493
673 241 31 812
673 265 47 672
673 296 5 1008
674 19 45 172
674 30 49 924
674 104 3 685
674 110 11 692
674 118 37 617
674 120 59 1041
674 122 19 428
674 145 25 220
674 201 31 827
674 243 7 671
674 272 52 681
674 309 55 1032
674 313 13 252
675 13 13 55
675 16 23 1016
675 30 46 924
675 87 53 777
675 121 10 483
675 128 1 881
675 155 17 984
675 165 37 146
675 183 40 1178
675 240 55 1092
675 273 33 664
675 274 59 687
675 285 25 164
675 297 19 443
676 26 57 842
676 34 4 425
676 64 1 369
676 80 37 833
676 86 25 213
676 97 7 999
676 163 45 846
676 171 40 486
676 187 29 590
676 236 13 994
676 243 19 942
676 265 23 719
676 302 51 910
676 311 32 335
677 61 31 119
677 121 46 483
677 140 4 521
677 144 41 228
677 145 25 354
677 159 37 1075
677 176 16 144
677 264 23 143
677 265 7 988
677 267 55 616
677 268 53 610
677 277 1 298
677 290 9 926
677 294 19 639
677 295 13 422
678 35 49 746
678 61 58 1172
678 93 22 720
678 103 34 485
678 164 45 887
678 193 1 874
678 194 29 916
678 243 55 127
678 261 19 976
678 268 9 218
678 285 37 999
678 294 25 805
678 303 16 11
678 316 4 957
679 1 9 819
679 3 25 714
679 31 2 781
679 91 57 665
679 99 19 734
679 108 13 204
679 109 52 817
679 126 22 267
679 188 49 538
679 199 47 146
679 232 7 786
679 243 4 102
679 265 17 988
679 283 39 885
680 15 9 1037
680 82 23 706
680 109 43 817
680 117 58 563
680 135 17 807
680 140 50 521
680 145 31 292
680 178 37 765
680 241 19 423
680 254 13 878
680 255 1 962
680 266 25 560
680 296 47 1008
680 304 5 224
681 8 4 41
681 16 31 1016
681 29 45 1051
681 36 41 1193
681 55 37 508
681 72 57 604
681 90 25 834
681 91 20 156
681 162 11 562
681 192 7 626
681 210 1 1018
681 241 27 12
681 260 53 860
681 262 49 806
681 277 33 971
682 22 31 14
682 34 7 1077
682 74 34 112
682 95 59 670
682 118 13 640
682 123 4 953
682 143 26 337
682 170 23 931
682 202 9 146
682 240 19 1024
682 246 43 347
682 266 37 577
682 280 16 632
682 287 41 907
682 296 57 1008
683 17 29 659
683 74 43 112
683 87 23 912
683 106 25 924
683 131 8 120
683 179 34 565
683 202 17 637
683 213 37 1047
683 227 19 1158
683 229 13 368
683 253 5 227
683 301 2 608
683 303 31 1128
683 318 55 457
684 1 59 91
684 11 43 829
684 70 49 792
684 82 7 706
684 116 13 326
684 124 39 663
684 157 46 632
684 190 55 600
684 206 1 344
684 234 25 234
684 266 9 473
684 293 16 157
684 297 19 1137
684 305 34 323
685 17 25 777
685 18 22 37
685 51 2 1072
685 60 37 401
685 72 35 604
685 82 17 121
685 100 19 371
685 103 53 485
685 215 8 1045
685 233 5 1003
685 251 31 89
685 252 13 463
685 276 28 329
685 298 46 13
686 1 15 91
686 17 59 409
686 30 49 244
686 38 5 1114
686 65 35 1028
686 126 52 142
686 211 17 820
686 231 25 657
686 234 31 234
686 264 29 811
686 266 55 560
686 270 19 115
686 301 23 921
686 311 45 39
686 313 1 252
687 66 23 926
687 78 5 12
687 98 16 288
687 145 7 354
687 149 49 657
687 164 29 255
687 184 47 461
687 200 43 251
687 212 2 810
687 230 37 11
687 246 11 258
687 263 19 530
687 304 31 509
687 319 25 534
688 16 25 1016
688 35 27 1094
688 44 31 451
688 84 43 173
688 99 1 259
688 111 58 721
688 136 55 365
688 157 4 458
688 167 11 655
688 188 52 538
688 200 7 251
688 303 49 502
688 306 13 900
688 311 19 1079
688 318 37 877
689 2 35 870
689 10 43 942
689 13 7 159
689 32 49 990
689 41 13 488
689 43 15 1076
689 49 19 1109
689 55 31 404
689 63 39 534
689 75 46 673
689 95 23 725
689 190 55 741
689 248 17 234
689 311 25 823
690 35 57 59
690 45 38 779
690 47 31 442
690 101 13 622
690 116 22 587
690 162 1 223
690 169 49 485
690 210 45 1067
690 220 7 595
690 225 26 1069
690 237 15 891
690 273 19 287
690 276 4 378
690 295 34 427
691 16 19 263
691 25 17 134
691 54 1 6
691 65 26 1028
691 77 59 1190
691 101 43 622
691 113 11 318
691 133 3 568
691 211 49 486
691 228 45 866
691 264 5 143
691 277 55 298
691 292 41 370
691 296 9 1008
691 315 13 143
692 2 5 1105
692 6 53 931
692 15 25 487
692 32 7 737
692 60 37 817
692 76 19 542
692 127 1 943
692 146 50 289
692 159 21 1064
692 171 14 486
692 214 55 66
692 264 11 143
692 280 46 316
692 319 31 450
693 16 41 257
693 19 13 172
693 30 1 1016
693 33 19 325
693 50 23 171
693 92 37 382
693 103 29 650
693 143 33 517
693 165 55 38
693 181 26 876
693 201 52 298
693 232 7 544
693 262 4 806
693 267 9 1001
693 320 44 226
694 50 19 171
694 65 8 1028
694 73 59 1158
694 107 3 116
694 116 52 326
694 127 31 943
694 135 1 1164
694 138 25 531
694 140 13 521
694 149 16 719
694 174 37 880
694 179 22 26
694 194 55 1159
694 224 27 449
694 265 35 986
695 15 55 767
695 27 13 331
695 42 37 1098
695 43 25 1076
695 62 7 199
695 138 49 531
695 157 27 632
695 187 43 39
695 216 1 464
695 244 5 840
695 248 17 872
695 249 21 129
695 266 51 781
695 285 45 1043
696 5 58 80
696 43 37 1076
696 52 19 420
696 63 49 973
696 64 1 327
696 77 9 1190
696 119 43 665
696 121 16 568
696 191 23 1050
696 201 39 38
696 238 35 887
696 257 55 421
696 299 31 179
696 318 26 495
697 23 55 1030
697 29 23 1051
697 42 45 830
697 73 59 800
697 91 31 571
697 93 8 1142
697 95 35 519
697 158 1 929
697 169 26 795
697 195 15 1170
697 210 10 22
697 216 49 9
697 281 39 48
697 282 19 1162
698 8 19 581
698 24 37 767
698 93 9 720
698 139 29 959
698 174 43 217
698 203 1 1009
698 212 3 695
698 214 49 66
698 227 25 1158
698 231 16 210
698 260 21 658
698 285 31 113
698 299 56 636
699 39 25 540
699 67 28 184
699 91 19 755
699 112 13 170
699 152 38 284
699 175 49 425
699 181 10 609
699 226 53 185
699 252 31 437
699 278 55 607
699 306 1 875
699 317 43 315
700 32 13 895
700 44 44 451
700 60 37 568
700 89 25 1162
700 92 31 848
700 106 19 924
700 139 50 959
700 163 7 846
700 172 52 942
700 174 55 217
700 203 41 192
700 228 3 31
700 273 17 664
700 274 1 687
701 82 1 718
701 106 49 57
701 118 7 977
701 145 13 354
701 175 56 1143
701 177 3 978
701 182 39 688
701 200 25 251
701 210 43 1143
701 217 19 106
701 253 29 701
701 256 17 532
702 6 47 999
702 12 59 300
702 17 17 499
702 32 43 990
702 36 5 1193
702 81 53 1125
702 111 55 721
702 130 10 753
702 145 37 292
702 208 19 993
702 245 31 816
702 277 7 971
702 279 13 1080
702 293 22 157
702 301 29 679
703 28 55 993
703 34 25 819
703 51 32 704
703 75 7 1079
703 111 52 1067
703 117 27 339
703 120 41 512
703 148 19 281
703 168 10 406
703 171 46 387
703 217 13 106
703 220 37 595
703 235 1 536
703 260 59 210
704 18 25 37
704 61 10 119
704 66 14 213
704 78 1 729
704 175 44 41
704 206 37 30
704 213 49 1056
704 218 28 1056
704 231 16 570
704 242 19 885
704 246 59 255
704 272 34 681
704 309 3 391
704 316 52 957
705 16 1 257
705 45 55 1171
705 51 16 262
705 73 35 457
705 94 25 796
705 129 37 457
705 138 19 531
705 154 59 726
705 202 22 146
705 208 13 12
705 216 49 1085
705 254 7 14
705 273 31 664
705 296 3 1008
705 300 41 705
706 6 55 386
706 43 5 1076
706 54 59 106
706 88 37 793
706 102 13 883
706 122 1 1182
706 135 53 305
706 137 25 859
706 180 49 513
706 193 43 1083
706 208 10 393
706 232 22 1067
706 236 31 870
706 244 7 840
707 22 19 14
707 31 59 781
707 32 1 737
707 53 53 1033
707 57 44 715
707 78 55 729
707 80 25 443
707 88 10 1084
707 206 31 418
707 207 21 1016
707 268 17 975
707 293 28 326
707 295 37 367
707 312 49 10
707 317 13 781
708 5 45 80
708 36 49 1193
708 49 40 1109
708 62 51 70
708 75 2 1079
708 85 19 1049
708 94 14 322
708 112 25 118
708 164 23 78
708 165 10 910
708 194 56 916
708 256 59 217
708 273 5 664
708 307 34 998
709 3 51 835
709 14 22 1008
709 81 17 1125
709 99 13 259
709 101 55 1031
709 132 25 1011
709 135 5 159
709 151 19 471
709 174 44 81
709 202 11 127
709 207 58 916
709 265 41 621
709 272 37 1114
710 28 43 663
710 44 7 263
710 57 32 212
710 58 37 1127
710 97 4 387
710 100 13 371
710 136 46 517
710 183 49 324
710 188 22 1191
710 192 25 4
710 253 29 736
710 258 1 1184
710 261 16 1071
710 263 56 223
711 5 4 80
711 11 1 829
711 31 47 781
711 49 43 158
711 58 25 975
711 87 37 279
711 89 17 285
711 107 39 902
711 112 19 170
711 127 31 795
711 148 13 730
711 150 58 1133
711 158 7 59
711 233 23 324
711 298 49 62
712 11 16 829
712 38 4 372
712 40 13 550
712 42 37 837
712 60 31 1156
712 61 20 1172
712 82 23 718
712 139 47 1066
712 144 43 228
712 171 10 475
712 183 55 220
712 203 51 192
712 245 25 816
712 269 29 97
712 301 2 479
713 25 59 477
713 44 25 263
713 55 31 508
713 89 7 695
713 111 9 980
713 129 16 457
713 138 49 866
713 147 29 316
713 177 21 978
713 206 55 344
713 222 37 1036
713 271 13 716
713 273 3 287
713 308 43 643
714 24 45 230
714 55 22 1093
714 62 58 70
714 116 34 501
714 145 25 292
714 149 29 297
714 155 19 834
714 157 31 632
714 189 39 680
714 206 7 479
714 262 13 607
714 271 43 716
714 276 16 174
714 290 1 655
714 302 49 814
715 3 37 835
715 37 52 257
715 40 47 1015
715 41 13 683
715 58 7 975
715 65 19 934
715 86 1 23
715 106 55 57
715 187 17 24
715 206 21 418
715 247 5 772
715 284 28 982
715 290 43 926
715 318 31 784
716 74 19 723
716 102 37 924
716 111 14 980
716 130 43 1173
716 170 33 312
716 194 8 916
716 219 25 807
716 251 1 339
716 257 22 386
716 278 58 607
716 299 51 179
716 300 11 251
716 301 35 450
717 9 46 577
717 23 43 800
717 83 7 696
717 99 31 1108
717 112 13 582
717 153 34 209
717 186 22 153
717 202 29 146
717 246 52 1081
717 248 59 234
717 281 11 48
717 288 25 750
717 318 37 791
717 319 1 364
718 11 49 829
718 16 59 257
718 39 46 540
718 40 21 550
718 86 9 213
718 87 1 777
718 94 37 322
718 128 3 243
718 135 41 447
718 148 55 576
718 233 16 324
718 240 31 1092
718 253 35 701
718 273 7 664
718 284 25 982
719 4 49 28
719 8 11 449
719 17 17 409
719 34 40 819
719 90 9 978
719 92 55 848
719 114 19 198
719 128 25 210
719 131 3 120
719 157 43 458
719 196 15 149
719 269 23 479
719 280 33 316
719 300 47 705
719 301 59 450
720 7 39 777
720 28 57 326
720 41 25 683
720 90 35 883
720 113 17 102
720 127 43 683
720 156 2 812
720 198 19 275
720 233 10 853
720 241 31 377
720 243 28 781
720 248 47 812
720 267 13 46
720 302 7 185
720 311 51 1079
721 16 41 581
721 68 25 563
721 101 5 622
721 105 23 391
721 111 10 861
721 129 13 457
721 162 16 805
721 171 37 486
721 179 53 26
721 188 7 1191
721 195 1 670
721 257 49 386
721 282 44 51
722 24 57 549
722 34 52 386
722 77 16 1190
722 122 25 1107
722 129 20 457
722 132 31 921
722 162 49 149
722 201 45 1007
722 213 13 1047
722 214 40 1169
722 231 37 823
722 257 7 749
722 291 34 810
722 298 1 62
723 28 28 663
723 39 40 540
723 89 59 695
723 91 55 171
723 119 8 8
723 154 5 880
723 184 37 461
723 198 13 275
723 199 17 580
723 212 53 695
723 223 23 673
723 234 19 833
723 237 31 891
723 279 49 851
723 282 43 1075
724 17 5 777
724 24 31 372
724 27 19 528
724 33 49 468
724 35 43 283
724 41 59 488
724 45 55 519
724 57 37 111
724 75 13 210
724 153 10 209
724 170 35 10
724 211 41 820
724 261 7 686
724 295 1 427
725 9 25 1031
725 26 4 842
725 36 15 1193
725 38 53 812
725 68 7 517
725 125 35 505
725 152 56 284
725 156 43 644
725 181 1 876
725 199 29 817
725 241 49 12
725 260 22 30
725 273 47 664
725 286 31 456
725 287 19 605
726 12 35 933
726 45 44 1171
726 81 22 1125
726 95 17 725
726 99 52 934
726 127 26 1128
726 128 7 1152
726 155 15 483
726 190 31 799
726 261 39 509
726 266 1 227
726 278 49 1083
726 312 55 695
726 314 19 255
727 4 31 429
727 36 21 1193
727 83 10 367
727 120 57 1041
727 147 7 551
727 176 25 976
727 200 44 567
727 213 28 66
727 220 49 595
727 247 39 1131
727 273 53 287
727 282 2 800
727 314 13 255
728 41 1 683
728 54 31 930
728 80 39 328
728 93 20 1142
728 103 37 420
728 130 26 814
728 158 7 931
728 162 45 223
728 191 35 1050
728 232 16 1067
728 256 53 912
728 265 43 988
728 280 3 460
728 314 13 163
729 25 53 677
729 40 9 550
729 92 37 848
729 127 3 795
729 142 55 445
729 143 28 288
729 150 34 247
729 151 13 471
729 202 19 179
729 203 11 192
729 234 44 323
729 250 1 621
729 266 21 582
729 272 16 1005
729 306 49 860
730 17 13 777
730 36 9 1193
730 41 4 488
730 49 16 158
730 87 35 400
730 106 26 280
730 154 53 880
730 157 31 279
730 209 7 1085
730 218 46 69
730 222 37 553
730 299 55 211
730 303 1 523
730 304 23 619
731 50 2 171
731 133 5 975
731 153 28 209
731 155 7 980
731 173 44 967
731 181 10 772
731 200 37 927
731 236 57 755
731 242 49 765
731 254 31 545
731 307 13 998
731 313 19 252
732 39 7 540
732 45 13 1171
732 51 1 704
732 66 47 398
732 132 10 1027
732 175 49 641
732 183 34 1162
732 193 43 869
732 210 4 1018
732 216 25 9
732 227 37 900
732 266 55 976
732 302 31 185
732 312 19 130
733 6 11 144
733 21 37 933
733 30 15 1016
733 74 19 763
733 90 29 1030
733 104 59 885
733 110 13 312
733 113 27 711
733 122 7 1107
733 163 55 1006
733 205 44 380
733 218 31 69
733 222 3 553
733 236 49 784
733 272 34 1005
734 2 9 1003
734 27 44 677
734 55 49 404
734 76 35 542
734 99 4 259
734 111 31 721
734 160 13 350
734 218 37 473
734 221 55 752
734 233 59 324
734 251 19 393
734 287 52 907
734 302 26 923
735 5 1 80
735 34 7 532
735 38 41 13
735 56 49 613
735 78 11 12
735 83 43 442
735 174 37 217
735 207 5 1145
735 219 55 582
735 240 26 1104
735 253 47 227
735 297 13 1020
735 304 53 530
735 315 19 318
736 2 1 924
736 37 22 257
736 92 43 382
736 110 47 189
736 121 25 69
736 138 35 531
736 169 7 446
736 185 37 120
736 200 3 985
736 216 55 346
736 228 13 74
736 248 11 872
736 291 51 688
736 317 31 781
737 35 31 471
737 56 58 350
737 60 49 568
737 62 19 70
737 75 16 1081
737 89 7 285
737 110 9 692
737 142 26 445
737 145 1 292
737 148 37 576
737 151 13 345
737 272 45 1114
737 279 22 1080
737 280 55 818
738 28 34 663
738 41 39 488
738 63 56 585
738 85 13 1049
738 104 43 993
738 105 41 77
738 138 22 531
738 153 32 209
738 166 1 273
738 172 10 2
738 199 17 140
738 222 27 1036
738 226 20 254
738 250 53 1075
738 271 29 716
739 1 28 819
739 93 25 720
739 117 13 563
739 121 22 568
739 137 4 1093
739 142 49 281
739 159 57 718
739 171 1 908
739 181 19 876
739 189 43 851
739 200 33 927
739 253 31 203
739 263 8 223
739 271 47 716
739 311 37 1048
740 1 13 91
740 87 4 279
740 160 49 254
740 183 37 497
740 189 19 790
740 190 8 600
740 197 31 1131
740 207 47 294
740 209 53 129
740 252 57 463
740 259 40 501
740 265 29 719
740 302 16 185
741 29 9 281
741 31 11 1176
741 32 25 698
741 70 32 1068
741 83 46 207
741 109 43 339
741 123 1 166
741 131 23 207
741 132 4 724
741 146 55 289
741 177 13 147
741 181 19 766
741 195 37 1170
741 201 58 38
741 308 49 1101
742 27 39 420
742 70 20 305
742 101 37 1031
742 113 35 102
742 119 7 1004
742 138 33 531
742 149 17 179
742 157 27 1004
742 190 50 799
742 192 55 505
742 194 31 916
742 216 13 702
742 225 43 1069
742 273 25 664
742 279 1 169
743 3 31 535
743 7 19 203
743 29 7 281
743 41 5 683
743 73 53 800
743 92 1 354
743 150 29 1133
743 166 49 1058
743 191 11 663
743 200 55 927
743 214 16 495
743 220 25 595
743 277 13 971
743 314 37 459
743 319 43 364
744 52 13 124
744 75 4 1081
744 108 53 833
744 126 1 732
744 164 35 1034
744 168 31 406
744 180 19 729
744 181 58 609
744 190 37 600
744 209 25 617
744 220 7 588
744 226 47 418
744 231 55 657
744 311 43 227
744 319 49 1066
745 13 7 1017
745 19 19 1054
745 34 1 425
745 53 51 1033
745 103 11 420
745 136 3 1164
745 161 55 1088
745 170 28 69
745 172 31 2
745 223 46 869
745 246 59 347
745 282 37 51
745 284 43 982
746 2 15 492
746 36 21 1053
746 50 13 171
746 56 44 613
746 62 40 199
746 123 55 953
746 150 28 247
746 154 17 880
746 168 4 750
746 204 49 1173
746 209 34 443
746 265 11 634
746 289 25 1159
746 291 19 688
747 9 19 609
747 18 44 1018
747 32 37 346
747 59 25 775
747 64 52 327
747 72 15 604
747 89 47 285
747 123 2 528
747 187 49 24
747 241 31 1115
747 288 7 560
747 311 55 803
748 6 29 386
748 54 5 106
748 70 55 194
748 71 46 5
748 104 13 685
748 133 16 404
748 158 31 59
748 167 59 576
748 168 21 1030
748 231 40 570
748 243 25 942
748 259 37 501
748 266 7 144
748 270 1 115
748 312 49 1158
749 5 52 80
749 15 37 487
749 24 19 432
749 52 25 1139
749 118 34 984
749 121 31 673
749 122 7 693
749 179 1 26
749 199 11 1092
749 229 13 50
749 257 49 749
749 272 58 1005
749 284 3 393
749 302 16 1189
749 306 43 1122
750 14 52 1051
750 49 22 1109
750 54 37 106
750 65 40 934
750 76 17 30
750 86 43 757
750 106 31 628
750 113 1 318
750 141 25 934
750 153 7 1001
750 186 13 1153
750 226 11 254
750 230 35 329
750 300 3 705
750 302 58 305
751 9 28 609
751 25 41 953
751 37 25 1007
751 41 37 488
751 62 46 468
751 78 53 765
751 83 43 292
751 94 56 796
751 150 5 247
751 187 23 517
751 217 13 83
751 220 19 588
751 267 7 974
751 304 11 399
751 310 32 270
752 21 7 849
752 50 3 746
752 71 43 5
752 83 31 367
752 88 55 769
752 110 59 368
752 150 26 247
752 181 34 111
752 186 16 1153
752 188 40 538
752 248 1 985
752 255 20 698
752 299 49 938
753 41 13 413
753 90 17 883
753 96 29 857
753 145 43 220
753 167 5 655
753 187 11 24
753 220 1 233
753 242 49 891
753 250 15 1075
753 253 55 736
753 262 58 1199
753 309 7 801
753 315 39 1041
754 24 1 230
754 31 23 781
754 53 35 28
754 73 7 606
754 78 29 765
754 79 17 875
754 143 19 279
754 160 9 783
754 173 25 628
754 174 43 150
754 198 37 133
754 231 49 307
754 251 31 776
754 272 13 1005
754 286 55 333
755 4 37 105
755 20 19 285
755 25 11 134
755 176 34 144
755 183 49 365
755 205 4 841
755 208 52 399
755 219 43 582
755 261 13 509
755 262 7 607
755 267 55 788
755 268 16 610
755 271 27 716
755 305 1 534
756 9 57 1159
756 20 19 474
756 26 40 1181
756 46 5 792
756 52 13 1139
756 69 25 726
756 91 31 937
756 105 3 658
756 124 35 766
756 215 44 341
756 222 7 553
756 224 50 34
756 238 17 127
756 259 10 501
756 265 23 988
757 61 10 808
757 70 13 1068
757 160 32 783
757 181 19 772
757 214 1 495
757 215 37 1045
757 228 49 31
757 233 46 508
757 251 25 89
757 273 29 287
757 293 56 418
757 301 5 679
757 305 7 323
758 29 43 281
758 38 21 812
758 43 13 1076
758 72 1 604
758 74 7 155
758 79 23 34
758 98 11 835
758 108 35 57
758 110 15 312
758 121 37 170
758 174 49 150
758 226 41 398
758 236 25 88
758 261 4 1158
758 266 55 1164
759 20 49 285
759 41 9 488
759 45 19 1171
759 68 55 517
759 81 13 1125
759 83 31 696
759 97 17 538
759 121 40 69
759 147 23 551
759 184 11 461
759 185 25 315
759 205 34 380
759 208 43 268
759 250 53 378
759 277 4 298
760 16 29 257
760 49 10 1109
760 60 19 111
760 74 40 112
760 109 31 833
760 150 15 1133
760 165 7 1048
760 171 45 486
760 204 51 565
760 205 25 841
760 225 1 872
760 279 37 150
760 312 55 483
761 29 19 1051
761 63 7 1041
761 71 22 997
761 81 15 1125
761 100 2 64
761 153 17 1001
761 163 49 217
761 169 55 588
761 179 5 722
761 202 43 179
761 246 13 1031
761 247 29 772
761 254 25 798
761 294 45 805
761 311 37 335
762 49 52 158
762 74 15 763
762 93 58 769
762 132 49 1042
762 159 31 1064
762 180 25 729
762 191 13 663
762 194 37 1159
762 215 44 1045
762 218 39 1056
762 245 1 543
762 247 23 1131
762 275 19 983
762 289 7 1175
762 314 9 255
763 5 19 1118
763 24 9 432
763 48 5 513
763 103 3 485
763 132 34 921
763 136 31 1164
763 143 22 97
763 178 13 42
763 199 41 140
763 253 7 270
763 297 37 859
763 300 1 1198
763 303 52 502
763 305 49 323
763 309 26 1032
764 20 55 942
764 28 1 663
764 60 14 57
764 67 28 307
764 136 21 1164
764 143 49 900
764 156 37 644
764 160 31 350
764 171 25 486
764 191 41 1101
764 222 19 553
764 227 43 1170
764 302 10 1189
765 100 7 64
765 107 37 585
765 111 34 1067
765 144 41 474
765 148 26 421
765 172 10 1191
765 197 19 445
765 219 43 78
765 225 13 872
765 229 4 50
765 231 1 980
765 277 49 971
765 316 58 957
766 36 11 1193
766 40 16 1015
766 58 31 672
766 76 5 813
766 114 25 77
766 118 22 750
766 120 1 659
766 199 29 1140
766 236 7 1187
766 244 13 1086
766 262 55 806
766 283 59 693
766 306 39 860
766 312 51 130
766 320 43 764
767 20 31 1050
767 34 17 819
767 79 27 146
767 89 47 695
767 99 19 1108
767 177 49 147
767 183 7 324
767 189 13 790
767 202 53 335
767 208 4 968
767 211 23 820
767 253 11 736
767 284 1 430
768 5 13 80
768 37 7 1143
768 44 33 787
768 53 11 1033
768 60 37 598
768 64 1 603
768 65 23 809
768 75 25 1081
768 81 31 1125
768 151 4 471
768 178 55 765
768 184 59 461
768 228 19 1192
768 238 29 972
768 285 50 1183
769 20 31 474
769 40 1 550
769 50 53 746
769 121 4 673
769 180 49 532
769 228 25 31
769 235 19 1145
769 243 58 127
769 244 17 70
769 246 47 347
769 267 7 46
769 295 43 427
769 309 13 437
769 317 37 921
770 24 31 432
770 108 53 57
770 152 1 131
770 190 43 799
770 208 49 399
770 211 47 822
770 242 37 725
770 261 55 1071
770 272 10 681
770 277 20 298
770 284 13 803
770 296 7 1008
770 317 26 1135
771 12 23 1062
771 18 4 933
771 37 40 639
771 88 7 769
771 93 15 720
771 130 31 753
771 152 19 131
771 159 56 862
771 168 34 276
771 250 25 1075
771 269 47 479
771 273 27 664
772 8 17 449
772 25 59 134
772 90 15 834
772 97 13 861
772 117 28 477
772 132 37 163
772 150 11 1133
772 152 49 131
772 173 7 967
772 186 25 153
772 187 4 39
772 227 31 654
772 242 55 422
772 245 19 543
772 283 23 693
773 10 40 993
773 26 37 1181
773 77 31 756
773 85 45 1049
773 95 59 519
773 118 13 977
773 143 52 337
773 158 19 59
773 165 16 838
773 191 11 1101
773 200 2 251
773 210 55 1067
773 224 7 1151
773 247 34 772
773 318 25 791
774 5 50 1118
774 31 41 708
774 114 13 334
774 163 43 808
774 171 55 1089
774 185 1 204
774 210 58 780
774 222 29 1036
774 224 37 937
774 252 25 463
774 273 21 287
774 281 9 48
774 286 31 581
775 29 21 1051
775 45 13 375
775 50 9 171
775 70 43 792
775 89 59 285
775 139 2 1066
775 183 31 324
775 190 49 986
775 200 37 567
775 214 4 1169
775 233 23 508
775 248 27 112
775 249 11 338
775 252 55 667
775 292 19 234
776 56 10 613
776 86 13 973
776 95 1 919
776 104 23 685
776 130 7 753
776 174 25 248
776 190 19 600
776 219 37 102
776 227 49 288
776 233 5 535
776 274 3 1057
776 279 43 1023
776 305 58 323
777 31 53 708
777 48 19 513
777 79 7 146
777 95 14 1057
777 138 45 531
777 145 56 708
777 149 2 38
777 151 49 769
777 153 39 622
777 186 16 153
777 198 9 1040
777 215 21 782
777 300 5 705
777 313 25 1160
778 14 52 283
778 18 31 161
778 23 13 760
778 47 19 442
778 80 28 833
778 84 55 173
778 137 40 887
778 162 1 562
778 180 45 513
778 212 7 1173
778 243 34 894
778 254 3 545
778 284 25 818
778 310 9 58
779 10 37 518
779 16 15 988
779 20 20 753
779 34 40 532
779 57 50 212
779 62 55 70
779 72 13 604
779 86 7 757
779 107 25 1122
779 140 4 1013
779 194 11 1159
779 209 59 443
779 274 35 860
779 275 43 983
779 286 31 1023
780 15 25 497
780 34 17 34
780 49 13 158
780 56 7 350
780 185 46 204
780 188 58 534
780 191 53 663
780 197 19 207
780 233 3 1003
780 247 1 1100
780 279 43 371
780 285 31 883
780 297 49 857
780 308 37 643
781 20 49 1050
781 47 37 706
781 60 45 1003
781 92 13 271
781 116 31 224
781 154 17 746
781 201 34 318
781 223 29 643
781 241 7 12
781 275 2 983
781 280 58 818
781 284 25 803
781 302 55 910
781 315 19 143
782 18 52 37
782 62 43 468
782 77 47 1190
782 107 13 688
782 124 29 655
782 145 19 220
782 150 3 247
782 167 41 576
782 183 37 587
782 213 49 1047
782 237 25 255
782 252 7 272
782 265 17 634
782 282 56 720
782 296 23 869
783 18 46 1193
783 33 1 325
783 37 31 257
783 38 11 787
783 68 58 959
783 70 25 194
783 90 22 834
783 109 43 316
783 184 51 461
783 213 16 66
783 225 37 1069
783 258 53 1184
783 273 9 664
784 5 49 1104
784 65 2 1028
784 134 10 47
784 139 52 959
784 145 31 220
784 186 28 153
784 189 55 851
784 193 22 253
784 219 13 102
784 220 43 588
784 255 37 962
784 296 59 562
785 42 8 837
785 45 33 650
785 91 25 1165
785 99 16 259
785 115 29 95
785 199 59 1132
785 216 19 134
785 238 31 1015
785 265 13 672
785 266 55 781
785 276 46 329
785 290 49 705
785 302 4 1189
785 315 37 1140
786 6 7 386
786 7 37 805
786 50 5 746
786 62 13 468
786 79 3 729
786 86 31 213
786 113 41 102
786 128 25 1152
786 145 55 115
786 210 9 547
786 218 16 473
786 247 35 1131
786 258 1 832
786 285 20 45
786 286 43 127
787 41 17 488
787 45 43 519
787 55 55 508
787 61 40 808
787 82 29 718
787 114 25 334
787 118 22 640
787 130 49 672
787 151 13 769
787 157 19 458
787 170 35 312
787 189 3 680
787 216 31 134
787 300 1 705
787 311 8 335
788 4 25 429
788 18 49 339
788 19 14 1054
788 25 3 134
788 45 38 375
788 51 43 871
788 114 19 756
788 132 52 1200
788 147 5 316
788 198 55 275
788 202 47 335
788 260 1 244
788 299 7 179
788 318 31 877
789 2 47 870
789 10 40 942
789 71 7 5
789 98 16 204
789 119 43 653
789 146 4 289
789 162 22 223
789 170 59 999
789 176 19 1031
789 178 32 687
789 183 13 324
789 228 26 74
789 284 1 1059
789 288 49 113
789 297 55 859
790 51 55 432
790 61 34 119
790 96 4 1170
790 134 58 47
790 139 17 959
790 161 37 756
790 174 43 555
790 177 9 826
790 192 13 641
790 218 1 473
790 242 19 399
790 249 47 542
790 253 7 701
790 303 25 11
790 312 49 695
791 16 13 988
791 44 15 451
791 60 49 58
791 64 10 603
791 72 21 604
791 78 53 12
791 93 1 720
791 163 38 846
791 224 25 60
791 226 59 886
791 252 3 272
791 283 29 934
791 286 31 701
791 299 44 935
791 303 55 502
792 20 49 430
792 44 43 787
792 46 41 1107
792 48 53 720
792 96 10 857
792 119 14 1004
792 152 1 284
792 187 5 590
792 226 22 254
792 255 32 698
792 263 55 530
792 264 29 166
792 305 19 1153
792 312 37 665
792 313 25 984
793 48 47 720
793 135 49 807
793 151 4 383
793 156 7 644
793 171 34 475
793 182 1 347
793 209 59 203
793 228 25 886
793 229 51 368
793 234 55 1033
793 245 14 816
793 247 41 772
793 269 11 790
793 294 19 805
793 318 43 625
794 16 43 333
794 25 1 134
794 26 10 355
794 95 25 131
794 125 13 938
794 208 45 351
794 212 19 810
794 234 37 1033
794 250 28 378
794 260 23 210
794 264 53 784
794 276 7 378
794 290 31 926
794 307 16 998
794 315 3 912
795 10 49 942
795 15 43 1089
795 37 19 58
795 41 41 488
795 44 31 1034
795 112 26 170
795 120 5 512
795 151 52 769
795 157 16 603
795 158 55 335
795 166 1 858
795 183 13 1162
795 221 37 752
795 315 7 143
796 1 47 1033
796 34 34 819
796 60 38 57
796 87 5 400
796 125 19 483
796 143 13 288
796 181 21 1000
796 202 3 179
796 220 7 233
796 238 43 1071
796 284 31 393
796 286 55 935
796 295 16 422
796 318 49 791
796 319 25 101
797 80 13 755
797 104 49 685
797 117 28 681
797 120 16 749
797 130 19 1015
797 142 51 464
797 145 43 354
797 175 7 75
797 217 37 83
797 235 31 536
797 255 1 698
797 272 25 1005
797 288 56 142
798 18 40 730
798 29 37 1051
798 40 3 550
798 46 1 1107
798 78 5 765
798 110 19 312
798 125 25 483
798 149 10 657
798 179 50 659
798 198 21 1040
798 260 16 244
798 266 43 976
798 279 7 1023
798 293 13 894
798 317 27 1187
799 77 29 1190
799 80 16 755
799 122 1 693
799 142 39 461
799 149 57 179
799 163 19 217
799 183 7 587
799 235 25 536
799 264 23 170
799 280 10 460
799 288 49 333
799 289 59 1175
799 306 44 447
799 309 31 391
800 5 1 1118
800 41 4 413
800 44 44 263
800 50 34 425
800 61 31 808
800 73 29 1158
800 113 17 318
800 166 55 858
800 222 26 553
800 236 37 994
800 244 11 51
800 267 51 616
800 272 22 1078
800 275 7 983
800 304 59 224
Điểm tối ưu/tốt nhất tìm được: 11409
Thời gian: 900.457323 giây
Trạng thái: VALID
