Iteration,Time_Seconds,Objective_Value,W_Shift,W_Swap,W_Kick
0,0.0,11944,100.0,100.0,100.0
1,0.002280712127685547,11944,90.0,100.0,100.0
10,0.02016425132751465,11944,36.864000000000004,65.8,51.2
20,0.053195953369140625,11944,23.592960000000005,20.938355200000004,32.76800000000001
24,0.06476020812988281,11944,25.099494400000005,15.200547328000003,32.76800000000001
27,0.07202482223510742,11944,30.079595520000005,13.160437862400002,26.21440000000001
30,0.07617354393005371,11944,24.063676416000007,13.160437862400002,16.777216000000006
36,0.09516453742980957,11944,25.400752906240008,9.1781441855488,13.421772800000006
38,0.1015024185180664,11944,30.32060232499201,8.34251534843904,13.421772800000006
39,0.10328888893127441,11944,34.25648185999361,8.34251534843904,13.421772800000006
40,0.10501551628112793,11944,37.40518548799489,8.34251534843904,13.421772800000006
42,0.1081075668334961,11944,33.939318712316734,8.34251534843904,13.421772800000006
44,0.11116671562194824,11944,31.721163975882714,8.34251534843904,13.421772800000006
48,0.12265849113464355,11944,30.301544944564938,7.139209823000986,13.421772800000006
50,0.1255512237548828,11944,24.241235955651952,7.139209823000986,10.737418240000006
51,0.12726426124572754,11944,29.39298876452156,7.139209823000986,10.737418240000006
54,0.1344923973083496,11944,33.51439101161725,6.711367858400789,8.589934592000004
56,0.1402597427368164,11944,36.8115128092938,6.369094286720632,8.589934592000004
57,0.14496374130249023,11944,39.44921024743505,6.369094286720632,8.589934592000004
58,0.14807796478271484,11944,41.55936819794804,6.369094286720632,8.589934592000004
60,0.15121078491210938,11944,26.597995646686748,6.369094286720632,8.589934592000004
62,0.1576840877532959,11944,31.2783965173494,6.095275429376506,8.589934592000004
66,0.17065978050231934,11944,30.01817377110362,5.700976274800964,8.589934592000004
68,0.17404413223266602,11944,29.21163121350632,5.700976274800964,8.589934592000004
70,0.17721199989318848,11944,28.695443976644047,5.700976274800964,8.589934592000004
71,0.1788792610168457,11944,32.95635518131524,5.700976274800964,8.589934592000004
72,0.18051815032958984,11944,36.365084145052194,5.700976274800964,8.589934592000004
77,0.19179701805114746,11944,28.618923082266726,5.560781019840771,6.871947673600004
80,0.19816827774047852,11944,18.316110772650706,5.448624815872617,6.871947673600004
84,0.20959901809692383,11944,24.652888618120564,5.0,5.497558138880003
90,0.2271573543548584,11944,19.722310894496452,5.0,5.0
92,0.23043203353881836,11944,22.62227897247773,5.0,5.0
93,0.232208251953125,11944,28.097823177982185,5.0,5.0
94,0.23387789726257324,11944,32.478258542385745,5.0,5.0
100,0.24284076690673828,11944,13.303094698961203,5.0,5.0
102,0.2460007667541504,11944,20.642475759168963,5.0,5.0
103,0.24763011932373047,11944,26.51398060733517,5.0,5.0
104,0.24930739402770996,11944,31.211184485868138,5.0,5.0
105,0.25092267990112305,11944,34.96894758869451,5.0,5.0
106,0.25253748893737793,11944,37.975158070955615,5.0,5.0
110,0.25831103324890137,11944,19.443280932329277,5.0,5.0
112,0.26141881942749023,11944,25.55462474586342,5.0,5.0
120,0.2826416492462158,11944,16.35495983735259,5.0,5.0
121,0.28431200981140137,11944,23.083967869882073,5.0,5.0
126,0.29200291633605957,11944,19.4551932395037,5.0,5.0
129,0.3037905693054199,11944,25.56415459160296,5.0,5.0
130,0.3053100109100342,11944,20.45132367328237,5.0,5.0
132,0.3084893226623535,11944,16.3610589386259,5.0,14.0
139,0.31827688217163086,11944,16.70148974126117,5.0,7.168000000000001
140,0.32001209259033203,11944,23.361191793008935,5.0,7.168000000000001
141,0.3217127323150635,11944,28.68895343440715,5.0,7.168000000000001
142,0.32337069511413574,11944,32.95116274752572,5.0,7.168000000000001
144,0.3265981674194336,11944,31.088744158416464,5.0,7.168000000000001
146,0.32987356185913086,11944,29.89679626138654,5.0,7.168000000000001
147,0.3316648006439209,11944,33.917437009109236,5.0,7.168000000000001
149,0.33434391021728516,11944,31.707159685829915,5.0,7.168000000000001
150,0.3356664180755615,11944,31.707159685829915,5.0,5.734400000000001
153,0.34364938735961914,11944,30.292582198931147,5.0,5.734400000000001
157,0.3492894172668457,11944,25.509802085852748,5.0,5.0
158,0.3508927822113037,11944,30.4078416686822,5.0,5.0
159,0.3524787425994873,11944,34.32627333494576,5.0,5.0
160,0.3532907962799072,11944,34.32627333494576,5.0,5.0
161,0.3549354076385498,11944,37.46101866795661,5.0,5.0
162,0.35649657249450684,11944,39.968814934365284,5.0,5.0
163,0.3581552505493164,11944,41.97505194749223,5.0,5.0
164,0.35983705520629883,11944,43.58004155799379,5.0,5.0
166,0.36295437812805176,11944,44.86403324639503,5.0,5.0
167,0.3647024631500244,11944,45.891226597116024,5.0,5.0
168,0.366351842880249,11944,46.71298127769282,5.0,5.0
170,0.3721635341644287,11944,46.71298127769282,5.0,5.0
173,0.3768916130065918,11944,39.89630801772341,5.0,5.0
175,0.38007402420043945,11944,35.533637131342985,5.0,5.0
176,0.3817756175994873,11944,38.426909705074394,5.0,5.0
180,0.3871164321899414,11944,24.593222211247614,5.0,5.0
181,0.3888983726501465,11944,29.67457776899809,5.0,5.0
188,0.4089663028717041,11944,22.15470705418162,5.0,5.0
190,0.41428637504577637,11944,22.15470705418162,5.0,5.0
193,0.42221879959106445,11944,24.179012514676238,5.0,5.0
198,0.42903637886047363,11944,25.474568009392797,5.0,5.0
200,0.43584680557250977,11944,20.379654407514238,5.0,5.0
201,0.43763256072998047,11944,26.303723526011392,5.0,5.0
202,0.4392814636230469,11944,31.042978820809115,5.0,5.0
204,0.4423394203186035,11944,29.867506445317836,5.0,5.0
210,0.45606160163879395,11944,19.115204125003416,5.0,5.0
213,0.46407556533813477,11944,22.233730640002186,5.0,5.0
220,0.48011207580566406,11944,24.2295876096014,5.0,5.0
221,0.4817044734954834,11944,29.38367008768112,5.0,5.0
223,0.4843587875366211,11944,28.80554885611592,5.0,5.0
225,0.48751354217529297,11944,28.43555126791419,5.0,5.0
226,0.48920726776123047,11944,32.74844101433135,5.0,5.0
227,0.4908006191253662,11944,36.198752811465084,5.0,5.0
229,0.49387145042419434,11944,33.16720179933766,5.0,5.0
230,0.4982261657714844,11944,33.16720179933766,5.0,5.0
233,0.5019407272338867,11944,26.981607321260885,5.0,5.0
237,0.5107767581939697,11944,23.814582948485572,5.0,5.0
238,0.5127246379852295,11944,29.05166635878846,5.0,5.0
240,0.516185998916626,11944,28.593066469624613,5.0,5.0
241,0.5181620121002197,11944,32.87445317569969,5.0,5.0
248,0.5389714241027832,11944,23.4653760207666,5.0,5.0
250,0.5464715957641602,11944,28.772300816613278,5.0,5.0
251,0.5484118461608887,11944,33.01784065329062,5.0,5.0
260,0.5714080333709717,11944,23.524107531587845,5.0,5.0
261,0.5730993747711182,11944,28.819286025270276,5.0,5.0
262,0.5747182369232178,11944,33.05542882021622,5.0,5.0
264,0.5778512954711914,11944,31.155474444938385,5.0,5.0
265,0.5795202255249023,11944,34.92437955595071,5.0,5.0
266,0.5811693668365479,11944,37.93950364476056,5.0,5.0
269,0.5859415531158447,11944,29.425025866117412,5.0,5.0
270,0.5873584747314453,11944,23.540020692893933,5.0,5.0
275,0.6030564308166504,11944,25.06561324345212,5.0,5.0
277,0.606290340423584,11944,26.04199247580936,5.0,5.0
280,0.6096236705780029,11944,16.66687518451799,5.0,5.0
284,0.6258256435394287,11944,23.333500147614394,5.0,5.0
285,0.6280500888824463,11944,28.666800118091516,5.0,5.0
286,0.6298017501831055,11944,32.93344009447321,5.0,5.0
288,0.6331124305725098,11944,31.077401660462858,5.0,5.0
290,0.6401588916778564,11944,34.861921328370286,5.0,5.0
293,0.6443779468536377,11944,32.31162965015699,5.0,5.0
300,0.654329776763916,11944,10.587874803763444,5.0,5.0
308,0.6681780815124512,11944,14.336793519621509,5.0,5.0
310,0.6748614311218262,11944,11.469434815697207,5.0,5.0
315,0.6965229511260986,11944,19.175547852557767,5.0,5.0
316,0.6990950107574463,11944,25.340438282046215,5.0,5.0
320,0.7128870487213135,11944,30.272350625636975,5.0,5.0
326,0.7454407215118408,11944,25.499443520326132,5.0,5.0
327,0.7475123405456543,11944,30.399554816260906,5.0,5.0
330,0.7569231986999512,11944,29.455715082406982,5.0,5.0
332,0.7617721557617188,11944,28.85165765274047,5.0,5.0
333,0.764258861541748,11944,33.08132612219238,5.0,5.0
336,0.77089524269104,11944,26.9376389745625,5.0,5.0
338,0.776679277420044,11944,27.240088943720004,5.0,5.0
339,0.780095100402832,11944,31.792071154976004,5.0,5.0
340,0.7818174362182617,11944,25.433656923980806,5.0,5.0
342,0.7884571552276611,11944,30.346925539184646,5.0,5.0
347,0.7964856624603271,11944,19.944080560680028,5.0,5.0
349,0.7991902828216553,11944,22.76421155883522,5.0,5.0
350,0.8009397983551025,11944,28.211369247068177,5.0,5.0
352,0.8036730289459229,11944,28.055276318123635,5.0,5.0
353,0.8053390979766846,11944,32.44422105449891,5.0,5.0
357,0.8134140968322754,11944,35.955376843599126,5.0,5.0
360,0.8180029392242432,11944,33.01144117990344,5.0,5.0
361,0.8196530342102051,11944,36.409152943922756,5.0,5.0
362,0.8213002681732178,11944,39.127322355138205,5.0,5.0
370,0.8361279964447021,11944,12.821240989331692,5.0,5.0
371,0.8379373550415039,11944,20.256992791465354,5.0,5.0
372,0.8395371437072754,11944,26.205594233172285,5.0,5.0
373,0.8411338329315186,11944,30.964475386537828,5.0,5.0
380,0.8555057048797607,11944,8.117151435728575,5.0,5.0
382,0.8619978427886963,11944,16.49372114858286,5.0,5.0
389,0.891951322555542,11944,23.19497691886629,5.0,5.0
390,0.8937709331512451,11944,28.555981535093032,5.0,5.0
391,0.8955917358398438,11944,32.84478522807443,5.0,5.0
392,0.8973755836486816,11944,36.27582818245955,5.0,5.0
393,0.8991765975952148,11944,39.02066254596764,5.0,5.0
397,0.9056992530822754,11944,25.98286337882835,5.0,5.0
399,0.9089717864990234,11944,26.629032562450146,5.0,5.0
400,0.9105961322784424,11944,31.303226049960116,5.0,5.0
410,0.9290103912353516,11944,12.821801390063667,5.0,5.0
418,0.9492547512054443,11944,14.201447879496063,5.0,5.0
420,0.9522199630737305,11944,9.088926642877482,5.0,5.0
422,0.954862117767334,11944,17.271141314301985,5.0,5.0
423,0.9565956592559814,11944,23.81691305144159,5.0,5.0
425,0.9636220932006836,11944,29.05353044115327,5.0,5.0
426,0.9654111862182617,11944,33.24282435292262,5.0,5.0
428,0.9686434268951416,11944,31.27540758587048,5.0,5.0
429,0.975977897644043,11944,31.27540758587048,5.0,14.0
430,0.9780251979827881,11944,31.27540758587048,5.0,11.200000000000001
431,0.9798762798309326,11944,35.020326068696384,5.0,11.200000000000001
438,0.9890727996826172,11944,21.475460446190436,5.0,7.168000000000001
439,0.9907381534576416,11944,27.18036835695235,5.0,7.168000000000001
440,0.9924490451812744,11944,31.744294685561883,5.0,7.168000000000001
445,1.004441738128662,11944,35.39543574844951,5.0,5.0
446,1.0061523914337158,11944,38.3163485987596,5.0,5.0
447,1.007821798324585,11944,40.65307887900768,5.0,5.0
448,1.0094845294952393,11944,42.52246310320614,5.0,5.0
450,1.0126407146453857,11944,37.21437638605193,5.0,5.0
454,1.0192220211029053,11944,25.243008567726875,5.0,5.0
457,1.0237207412719727,11944,26.1555254833452,5.0,5.0
460,1.0285706520080566,11944,23.391629047472748,5.0,5.0
470,1.0482656955718994,11944,16.131975205020698,5.0,5.0
472,1.0514674186706543,11944,20.324464131213247,5.0,5.0
474,1.0539805889129639,11944,26.2595713049706,5.0,5.0
475,1.0556042194366455,11944,31.00765704397648,5.0,5.0
477,1.0589418411254883,11944,29.84490050814495,5.0,5.0
478,1.060567855834961,11944,33.87592040651596,5.0,5.0
480,1.0635743141174316,11944,37.100736325212765,5.0,5.0
481,1.065176248550415,11944,39.68058906017021,5.0,5.0
482,1.0667734146118164,11944,41.74447124813617,5.0,5.0
483,1.0684773921966553,11944,43.395576998508936,5.0,5.0
484,1.0700180530548096,11944,44.71646159880715,5.0,5.0
490,1.0807716846466064,11944,18.31586267087141,5.0,5.0
497,1.1036102771759033,11944,11.722152109357705,5.0,14.0
499,1.106926441192627,11944,17.50217734998893,5.0,14.0
500,1.1083931922912598,11944,14.001741879991144,5.0,14.0
501,1.110119104385376,11944,21.201393503992918,5.0,14.0
502,1.111706018447876,11944,26.961114803194334,5.0,14.0
503,1.113337755203247,11944,31.56889184255547,5.0,14.0
510,1.125554084777832,11944,12.930618098710724,5.0,8.96
513,1.1331887245178223,11944,20.344494478968578,5.0,7.168000000000001
515,1.1361985206604004,11944,26.275595583174862,5.0,5.734400000000001
517,1.139540433883667,11944,26.816381173231914,5.0,5.734400000000001
518,1.1412367820739746,11944,31.453104938585533,5.0,5.734400000000001
520,1.1479384899139404,11944,35.16248395086843,5.0,5.734400000000001
527,1.1575021743774414,11944,24.40255342627571,5.0,5.0
529,1.1607089042663574,11944,25.617634192816457,5.0,5.0
530,1.1623408794403076,11944,30.494107354253167,5.0,5.0
532,1.1687469482421875,11944,34.395285883402536,5.0,5.0
535,1.173445224761963,11944,27.610386372302102,5.0,5.0
537,1.1766605377197266,11944,32.08830909784169,5.0,5.0
538,1.1784422397613525,11944,35.67064727827335,5.0,5.0
540,1.181532382965088,11944,32.82921425809495,5.0,5.0
541,1.183199167251587,11944,36.26337140647596,5.0,5.0
544,1.1878950595855713,11944,33.20855770014462,5.0,5.0
548,1.199899435043335,11944,31.253476928092557,5.0,5.0
549,1.2016880512237549,11944,35.00278154247405,5.0,5.0
550,1.203334093093872,11944,38.00222523397924,5.0,5.0
552,1.205948829650879,11944,34.32142414974672,5.0,5.0
560,1.228410243988037,11944,11.246444265389009,5.0,5.0
563,1.233431339263916,11944,15.758179463879173,5.0,5.0
567,1.239454746246338,11944,18.068187885506138,5.0,5.0
570,1.246903896331787,11944,11.56364024672393,5.0,5.0
578,1.2614281177520752,11944,15.920583806322654,5.0,5.0
580,1.2640764713287354,11944,10.1891736360465,5.0,5.0
581,1.2657744884490967,11944,18.1513389088372,5.0,5.0
582,1.2673919200897217,11944,24.52107112706976,5.0,5.0
583,1.2689604759216309,11944,29.616856901655808,5.0,5.0
588,1.2801392078399658,11944,22.13106458691822,5.0,5.0
590,1.282952070236206,11944,22.13106458691822,5.0,5.0
591,1.2846174240112305,11944,27.704851669534577,5.0,5.0
593,1.2872974872589111,11944,27.73110506850213,5.0,5.0
595,1.29384183883667,11944,32.18488405480171,5.0,5.0
600,1.304340124130249,11944,16.478660636058475,5.0,5.0
601,1.3060963153839111,11944,23.18292850884678,5.0,5.0
603,1.309342622756958,11944,24.837074245661938,5.0,5.0
607,1.319117546081543,11944,22.716582013778915,5.0,5.0
610,1.3239109516143799,11944,24.538612488818508,5.0,5.0
614,1.3338031768798828,11944,25.704711992843848,5.0,5.0
615,1.3355200290679932,11944,30.56376959427508,5.0,5.0
616,1.3371734619140625,11944,34.45101567542007,5.0,5.0
620,1.3426933288574219,11944,17.63892002581508,5.0,5.0
621,1.3446133136749268,11944,24.11113602065206,5.0,5.0
622,1.34639310836792,11944,29.28890881652165,5.0,5.0
625,1.3511199951171875,11944,28.74490164257386,5.0,5.0
630,1.3610408306121826,11944,14.717389640997817,5.0,5.0
633,1.3744022846221924,11944,19.419129370238604,5.0,5.0
640,1.3892064094543457,11944,17.954075390049734,5.0,5.0
643,1.3986952304840088,11944,21.490608249631833,5.0,5.0
645,1.4047765731811523,11944,27.192486599705468,5.0,5.0
646,1.4064843654632568,11944,31.753989279764376,5.0,5.0
647,1.4081170558929443,11944,35.403191423811506,5.0,5.0
649,1.414186716079712,11944,38.322553139049205,5.0,5.0
650,1.4156239032745361,11944,30.658042511239366,5.0,5.0
652,1.4218389987945557,11944,34.526434008991494,5.0,5.0
653,1.4234967231750488,11944,37.6211472071932,5.0,5.0
654,1.425135612487793,11944,40.096917765754554,5.0,5.0
656,1.4310433864593506,11944,42.077534212603645,5.0,5.0
658,1.4369902610778809,11944,43.66202737008292,5.0,5.0
659,1.4386048316955566,11944,44.92962189606634,5.0,5.0
660,1.4400503635406494,11944,35.94369751685307,5.0,5.0
661,1.4417345523834229,11944,38.75495801348246,5.0,5.0
664,1.4458606243133545,11944,29.84253850290302,5.0,5.0
665,1.447525978088379,11944,33.87403080232242,5.0,5.0
666,1.4491596221923828,11944,37.099224641857944,5.0,5.0
670,1.4539661407470703,11944,23.743503770789086,5.0,5.0
671,1.4557278156280518,11944,28.99480301663127,5.0,5.0
672,1.4573602676391602,11944,33.195842413305016,5.0,5.0
673,1.459038257598877,11944,36.55667393064401,5.0,5.0
677,1.4649319648742676,11944,33.39627131561217,5.0,5.0
680,1.4687716960906982,11944,17.098890913593433,5.0,5.0
682,1.474574327468872,11944,23.67911273087475,5.0,5.0
685,1.4821131229400635,11944,25.15463214775984,5.0,5.0
687,1.4851789474487305,11944,26.0989645745663,5.0,5.0
688,1.4868144989013672,11944,30.87917165965304,5.0,5.0
689,1.4883711338043213,11944,34.70333732772244,5.0,5.0
690,1.489945411682129,11944,37.76266986217795,5.0,5.0
691,1.4915497303009033,11944,40.21013588974236,5.0,5.0
692,1.493072509765625,11944,42.16810871179389,5.0,5.0
695,1.4976427555084229,11944,31.59007166043848,5.0,5.0
698,1.5021820068359375,11944,26.1741166901445,5.0,5.0
700,1.5051922798156738,11944,30.9392933521156,5.0,5.0
706,1.5247218608856201,11944,22.67273455702655,5.0,5.0
710,1.540656566619873,11944,22.67273455702655,5.0,5.0
711,1.5425357818603516,11944,28.13818764562124,5.0,5.0
714,1.5471506118774414,11944,28.008440093197596,5.0,5.0
715,1.5489089488983154,11944,32.40675207455808,5.0,5.0
719,1.5550918579101562,11944,23.273805649738993,5.0,5.0
720,1.5606558322906494,11944,23.273805649738993,5.0,5.0
727,1.5777757167816162,11944,17.626360635306476,5.0,5.0
728,1.5794813632965088,11944,24.101088508245184,5.0,5.0
730,1.5853087902069092,11944,19.28087080659615,5.0,5.0
732,1.5884723663330078,11944,22.339757316221537,5.0,5.0
734,1.5915932655334473,11944,24.297444682381784,5.0,5.0
737,1.5993854999542236,11944,25.550364596724343,5.0,5.0
738,1.6010546684265137,11944,30.440291677379477,5.0,5.0
739,1.6026875972747803,11944,34.352233341903585,5.0,5.0
740,1.6035206317901611,11944,34.352233341903585,5.0,5.0
741,1.6051428318023682,11944,37.48178667352287,5.0,5.0
745,1.6109254360198975,11944,25.35253982147497,5.0,5.0
748,1.6188530921936035,11944,30.282031857179977,5.0,5.0
750,1.625314474105835,11944,24.225625485743983,5.0,5.0
751,1.627445936203003,11944,29.380500388595188,5.0,5.0
752,1.6292266845703125,11944,33.50440031087615,5.0,5.0
754,1.63592529296875,11944,36.80352024870092,5.0,5.0
756,1.6391627788543701,11944,33.55425295916859,5.0,5.0
758,1.6424376964569092,11944,31.4747218938679,5.0,5.0
760,1.6485323905944824,11944,25.179777515094322,5.0,5.0
762,1.6518375873565674,11944,26.11505760966037,5.0,5.0
763,1.6535096168518066,11944,30.892046087728296,5.0,5.0
764,1.6551799774169922,11944,34.71363687018264,5.0,5.0
767,1.6598362922668457,11944,27.773382077533515,5.0,5.0
770,1.668172836303711,11944,27.774964529621453,5.0,5.0
771,1.6699163913726807,11944,32.21997162369716,5.0,5.0
775,1.6865618228912354,11944,26.496625471332948,5.0,5.0
777,1.6907541751861572,11944,26.95784030165309,5.0,5.0
779,1.6937923431396484,11944,31.566272241322473,5.0,5.0
780,1.6952691078186035,11944,25.25301779305798,5.0,5.0
785,1.7087035179138184,11944,22.929545110045687,5.0,5.0
787,1.712066411972046,11944,24.674908870429242,5.0,5.0
788,1.7136969566345215,11944,29.739927096343393,5.0,5.0
790,1.7166521549224854,11944,19.033553341659776,5.0,5.0
795,1.7306277751922607,11944,19.745179310929807,5.0,5.0
797,1.7333037853240967,11944,25.796143448743848,5.0,5.0
798,1.7350471019744873,11944,30.63691475899508,5.0,5.0
800,1.7409169673919678,11944,24.509531807196066,5.0,5.0
803,1.7457365989685059,11944,25.686100356605483,5.0,5.0
808,1.7532579898834229,11944,23.151283382582008,5.0,5.0
809,1.754925012588501,11944,28.52102670606561,5.0,5.0
810,1.756659746170044,11944,32.81682136485249,5.0,5.0
811,1.7583470344543457,11944,36.25345709188199,5.0,5.0
812,1.7600605487823486,11944,39.00276567350559,5.0,5.0
813,1.7616956233978271,11944,41.202212538804474,5.0,5.0
815,1.7646965980529785,11944,42.96177003104358,5.0,5.0
816,1.7663500308990479,11944,44.36941602483486,5.0,5.0
817,1.7679946422576904,11944,45.49553281986789,5.0,5.0
819,1.771254062652588,11944,39.11714100471545,5.0,5.0
820,1.7727148532867432,11944,31.29371280377236,5.0,5.0
828,1.7901315689086914,11944,20.254323811540132,5.0,5.0
829,1.791825771331787,11944,26.203459049232105,5.0,5.0
830,1.7935426235198975,11944,30.962767239385684,5.0,5.0
832,1.7967097759246826,11944,29.816171033206842,5.0,5.0
833,1.7993876934051514,11944,33.852936826565475,5.0,5.0
837,1.8115079402923584,11944,31.665879569001905,5.0,5.0
839,1.821495771408081,11944,31.665879569001905,5.0,14.0
840,1.8231689929962158,11944,31.665879569001905,5.0,11.200000000000001
841,1.8251311779022217,11944,35.33270365520153,5.0,11.200000000000001
844,1.8336865901947021,11944,38.26616292416122,5.0,8.96
846,1.8370070457458496,11944,34.49034427146319,5.0,8.96
848,1.8401734828948975,11944,37.592275417170555,5.0,7.168000000000001
849,1.8418753147125244,11944,40.07382033373645,5.0,7.168000000000001
850,1.8435347080230713,11944,42.05905626698916,5.0,7.168000000000001
853,1.8481864929199219,11944,36.91779601087306,5.0,5.734400000000001
855,1.8515119552612305,11944,33.62738944695876,5.0,5.734400000000001
856,1.8532013893127441,11944,36.901911557567004,5.0,5.734400000000001
860,1.8594725131988525,11944,28.89377871747431,5.0,5.0
861,1.8612525463104248,11944,33.11502297397945,5.0,5.0
866,1.868035078048706,11944,23.563913410141986,5.0,5.0
867,1.8697450160980225,11944,28.85113072811359,5.0,5.0
870,1.8744549751281738,11944,18.4647236659927,5.0,5.0
872,1.8775911331176758,11944,24.771778932794163,5.0,5.0
873,1.8793797492980957,11944,29.81742314623533,5.0,5.0
880,1.8973839282989502,11944,19.083150813590613,5.0,14.0
886,1.9056222438812256,11944,22.213216520697994,5.0,5.734400000000001
887,1.907367467880249,11944,27.770573216558397,5.0,5.734400000000001
888,1.9090123176574707,11944,32.21645857324672,5.0,5.734400000000001
890,1.9120910167694092,11944,20.618533486877904,5.0,5.734400000000001
892,1.9154746532440186,11944,23.19586143160186,5.0,5.734400000000001
896,1.924546718597412,11944,21.876281052980154,5.0,5.734400000000001
897,1.926285743713379,11944,27.501024842384123,5.0,5.734400000000001
898,1.927978754043579,11944,32.000819873907304,5.0,5.734400000000001
900,1.9299571514129639,11944,20.480524719300675,5.0,5.734400000000001
903,1.9346346855163574,11944,20.486028656281945,5.0,5.734400000000001
904,1.9364380836486816,11944,26.388822925025558,5.0,5.734400000000001
908,1.9420039653778076,11944,20.80886187009047,5.0,5.734400000000001
910,1.948131799697876,11944,26.64708949607238,5.0,5.734400000000001
915,1.9585096836090088,11944,23.643309821989064,5.0,5.0
916,1.9601836204528809,11944,28.914647857591252,5.0,5.0
920,1.9696638584136963,11944,18.5053746288584,5.0,5.0
922,1.9729022979736328,11944,21.84343976246938,5.0,5.0
923,1.9746007919311523,11944,27.474751809975505,5.0,5.0
924,1.9762132167816162,11944,31.979801447980407,5.0,5.0
925,1.9778823852539062,11944,35.58384115838433,5.0,5.0
929,1.9871418476104736,11944,28.218926673092778,5.0,5.0
930,1.9918391704559326,11944,28.218926673092778,5.0,5.0
933,2.0002880096435547,11944,28.06011307077938,5.0,5.0
939,2.0252671241760254,11944,27.958472365298803,5.0,5.0
940,2.0270776748657227,11944,32.36677789223904,5.0,5.0
943,2.0318443775177,11944,26.57179028082639,5.0,5.0
945,2.0388431549072266,11944,31.257432224661116,5.0,5.0
949,2.04791259765625,11944,26.003805299026492,5.0,5.0
950,2.052335262298584,11944,26.003805299026492,5.0,5.0
957,2.0656347274780273,11944,20.651158650481253,5.0,5.0
960,2.0692827701568604,11944,23.216741536308007,5.0,5.0
962,2.072450876235962,11944,24.858714583237123,5.0,5.0
964,2.079784870147705,11944,29.8869716665897,5.0,5.0
969,2.089761257171631,11944,25.302129493293933,5.0,5.0
970,2.0914790630340576,11944,30.241703594635148,5.0,5.0
974,2.099618673324585,11944,25.4837522404532,5.0,5.0
980,2.116706609725952,11944,16.309601433890048,5.0,5.0
981,2.118516445159912,11944,23.047681147112037,5.0,5.0
983,2.127139091491699,11944,24.750515934151707,5.0,5.0
987,2.1333677768707275,11944,25.840330197857092,5.0,5.0
989,2.136601209640503,11944,26.53781132662854,5.0,5.0
990,2.1380455493927,11944,21.230249061302832,5.0,5.0
996,2.155287742614746,11944,20.86988751938705,5.0,5.0
1000,2.1608054637908936,11944,23.356728012407714,5.0,5.0
1004,2.1662797927856445,11944,21.958644742352753,5.0,5.0
1010,2.182870388031006,11944,8.99426088646769,5.0,5.0
1011,2.1845576763153076,11944,17.195408709174153,5.0,5.0
1014,2.1893632411956787,11944,18.80404925909717,5.0,5.0
1015,2.1909730434417725,11944,25.04323940727774,5.0,5.0
1017,2.193955898284912,11944,30.034591525822194,5.0,5.0
1020,2.1980931758880615,11944,29.222138576526206,5.0,5.0
1021,2.1998040676116943,11944,33.37771086122096,5.0,5.0
1026,2.20691180229187,11944,23.67151036875611,5.0,5.0
1027,2.208627462387085,11944,28.93720829500489,5.0,5.0
1028,2.210188388824463,11944,33.14976663600392,5.0,5.0
1029,2.211752414703369,11944,36.51981330880314,5.0,5.0
1030,2.2133426666259766,11944,39.215850647042515,5.0,5.0
1040,2.2306647300720215,11944,10.280199952018316,5.0,5.0
1042,2.233307123184204,11944,16.57932796929172,5.0,5.0
1044,2.2363173961639404,11944,23.263462375433377,5.0,5.0
1050,2.2471981048583984,11944,9.528714188977514,5.0,5.0
1053,2.2546193599700928,11944,17.62297135118201,5.0,5.0
1056,2.259087324142456,11944,21.27870166475649,5.0,5.0
1058,2.2623467445373535,11944,23.618369065444156,5.0,5.0
1060,2.2684836387634277,11944,28.894695252355326,5.0,5.0
1061,2.270113706588745,11944,33.11575620188427,5.0,5.0
1070,2.289057970046997,11944,16.944877435029404,5.0,5.0
1074,2.3002147674560547,11944,20.84472155841882,5.0,5.0
1076,2.3034780025482178,11944,23.340621797388046,5.0,5.0
1078,2.3066494464874268,11944,24.937997950328352,5.0,5.0
1079,2.308241128921509,11944,29.95039836026268,5.0,5.0
1080,2.309880256652832,11944,33.96031868821015,5.0,5.0
1081,2.3114919662475586,11944,37.16825495056813,5.0,5.0
1090,2.339437246322632,11944,15.224117227752707,5.0,5.0
1094,2.3484089374542236,11944,17.794748020609386,5.0,5.0
1097,2.3558342456817627,11944,21.388638733190007,5.0,5.0
1098,2.3575007915496826,11944,27.110910986552007,5.0,5.0
1100,2.36059832572937,11944,27.350983031393287,5.0,5.0
1103,2.3653485774993896,11944,24.003703312073362,5.0,5.0
1105,2.3685848712921143,11944,25.362370119726954,5.0,5.0
1106,2.3701930046081543,11944,30.289896095781565,5.0,5.0
1110,2.3756868839263916,11944,25.508426801040162,5.0,5.0
1112,2.378683567047119,11944,26.325393152665708,5.0,5.0
1117,2.3912320137023926,11944,23.478601294164847,5.0,5.0
1119,2.3943395614624023,11944,25.026304828265502,5.0,5.0
1120,2.3959271907806396,11944,30.0210438626124,5.0,5.0
1121,2.3975000381469727,11944,34.01683509008993,5.0,5.0
1123,2.40010142326355,11944,31.770774457657556,5.0,5.0
1130,2.413191556930542,11944,8.328517899428185,5.0,5.0
1133,2.4178993701934814,11944,15.330251455634038,5.0,5.0
1135,2.420969247817993,11944,19.811360931605783,5.0,5.0
1140,2.430478572845459,11944,20.143416796982162,5.0,5.0
1147,2.4446635246276855,11944,20.31342940005487,5.0,5.0
1150,2.4521753787994385,11944,13.000594816035116,5.0,5.0
1151,2.4538140296936035,11944,20.400475852828095,5.0,5.0
1153,2.459716320037842,11944,26.320380682262478,5.0,5.0
1155,2.4627761840820312,11944,26.845043636647986,5.0,5.0
1157,2.4658310413360596,11944,27.18082792745471,5.0,5.0
1159,2.4712882041931152,11944,31.74466234196377,5.0,5.0
1160,2.4729385375976562,11944,35.395729873571014,5.0,5.0
1161,2.4745607376098633,11944,38.31658389885681,5.0,5.0
1163,2.477724552154541,11944,34.52261369526836,5.0,5.0
1164,2.4793684482574463,11944,37.61809095621469,5.0,5.0
1165,2.480950117111206,11944,40.094472764971755,5.0,5.0
1169,2.487018585205078,11944,26.422696044532437,5.0,5.0
1170,2.488370656967163,11944,26.422696044532437,5.0,5.0
1174,2.493971347808838,11944,20.82273629984049,5.0,5.0
1175,2.4955615997314453,11944,26.658189039872394,5.0,5.0
1177,2.498687982559204,11944,27.061240985518335,5.0,5.0
1178,2.5003116130828857,11944,31.64899278841467,5.0,5.0
1180,2.505948781967163,11944,25.31919423073174,5.0,5.0
1182,2.508613348007202,11944,26.204284307668313,5.0,5.0
1183,2.510214328765869,11944,30.963427446134652,5.0,5.0
1184,2.5117862224578857,11944,34.77074195690773,5.0,5.0
1185,2.513427734375,11944,37.81659356552618,5.0,5.0
1186,2.515033483505249,11944,40.253274852420944,5.0,5.0
1190,2.520490884780884,11944,30.609676724439524,5.0,5.0
1191,2.5220565795898438,11944,34.48774137955162,5.0,5.0
1195,2.5307250022888184,11944,22.07215448291304,5.0,14.0
1196,2.532341718673706,11944,27.65772358633043,5.0,14.0
1197,2.5339789390563965,11944,32.12617886906435,5.0,14.0
1200,2.541821241378784,11944,35.700943095251475,5.0,11.200000000000001
1203,2.5494041442871094,11944,32.84860358096095,5.0,11.200000000000001
1204,2.5510659217834473,11944,36.27888286476876,5.0,11.200000000000001
1208,2.557204008102417,11944,24.85983042140929,5.0,11.200000000000001
1210,2.5603525638580322,11944,25.910291469701946,5.0,11.200000000000001
1212,2.5629689693450928,11944,26.58258654060925,5.0,11.200000000000001
1216,2.5721192359924316,11944,27.01285538598992,5.0,8.96
1220,2.5774900913238525,11944,13.83058195762684,5.0,7.168000000000001
1229,2.595688819885254,11944,17.081257962304942,5.0,5.0
1230,2.5971710681915283,11944,13.665006369843955,5.0,5.0
1235,2.6134941577911377,11944,18.745604076700133,5.0,5.0
1240,2.6238036155700684,11944,17.678199429816374,5.0,5.0
1243,2.628305196762085,11944,21.31404763508248,5.0,5.0
1244,2.6299362182617188,11944,27.051238108065984,5.0,5.0
1248,2.639277935028076,11944,23.850233911329788,5.0,5.0
1250,2.650078058242798,11944,19.08018712906383,5.0,5.0
1254,2.655773639678955,11944,15.264149703251064,5.0,14.0
1260,2.667229175567627,11944,12.211319762600851,5.0,5.734400000000001
1261,2.669158458709717,11944,19.76905581008068,5.0,5.734400000000001
1262,2.670974016189575,11944,25.815244648064542,5.0,5.734400000000001
1264,2.677809715270996,11944,30.652195718451637,5.0,5.734400000000001
1265,2.6795780658721924,11944,34.52175657476131,5.0,5.734400000000001
1270,2.690293550491333,11944,14.140111493022236,5.0,5.734400000000001
1278,2.7133076190948486,11944,7.239737084427386,5.0,14.0
1279,2.7150635719299316,11944,15.79178966754191,5.0,14.0
1280,2.7164418697357178,11944,15.79178966754191,5.0,11.200000000000001
1290,2.736990213394165,11944,8.085396309781459,5.0,5.0
1291,2.738821268081665,11944,16.468317047825167,5.0,5.0
1300,2.766291379928589,11944,10.539722910608107,5.0,5.0
1302,2.769833564758301,11944,16.74542266278919,5.0,5.0
1303,2.7716386318206787,11944,23.39633813023135,5.0,5.0
1310,2.7881956100463867,11944,9.583140098142763,5.0,5.0
1314,2.7986390590667725,11944,17.66651207851421,5.0,5.0
1318,2.812783718109131,11944,21.306567730249093,5.0,5.0
1320,2.8162121772766113,11944,23.63620334735942,5.0,5.0
1321,2.817913055419922,11944,28.908962677887537,5.0,5.0
1324,2.826767683029175,11944,28.501736113848025,5.0,5.0
1325,2.8285508155822754,11944,32.80138889107842,5.0,5.0
1328,2.8373048305511475,11944,30.99288889029019,5.0,5.0
1330,2.8405654430389404,11944,29.835448889785724,5.0,5.0
1333,2.856977939605713,11944,33.86835911182858,5.0,5.0
1336,2.8662571907043457,11944,31.675749831570297,5.0,5.0
1338,2.8725907802581787,11944,35.34059986525624,5.0,5.0
1340,2.8762454986572266,11944,32.61798391376399,5.0,5.0
1344,2.8926894664764404,11944,36.094387131011196,5.0,5.0
1347,2.901364803314209,11944,38.87550970480896,5.0,5.0
1350,2.910243511199951,11944,34.880326211077744,5.0,5.0
1352,2.913778781890869,11944,32.32340877508976,5.0,5.0
1354,2.9165689945220947,11944,30.68698161605745,5.0,5.0
1357,2.9209306240081787,11944,25.711734587421418,5.0,5.0
1358,2.9225804805755615,11944,30.569387669937136,5.0,5.0
1360,2.9259378910064697,11944,29.564408108759768,5.0,5.0
1361,2.927644729614258,11944,33.651526487007814,5.0,5.0
1362,2.9294140338897705,11944,36.92122118960626,5.0,5.0
1364,2.9325990676879883,11944,33.629581561348004,5.0,5.0
1367,2.940598249435425,11944,31.522932199262726,5.0,5.0
1370,2.9447455406188965,11944,20.17467660752815,5.0,5.0
1374,2.953561782836914,11944,20.329434423054416,5.0,5.0
1376,2.956815004348755,11944,23.010838030754826,5.0,5.0
1377,2.9585161209106445,11944,28.408670424603862,5.0,5.0
1379,2.9617326259613037,11944,28.181549071746474,5.0,5.0
1380,2.9634296894073486,11944,32.545239257397185,5.0,5.0
1381,2.9650871753692627,11944,36.03619140591775,5.0,5.0
1385,2.974625825881958,11944,28.45052999982989,5.0,5.0
1390,2.985588788986206,11944,24.566671359912906,5.0,5.0
1399,3.008355140686035,11944,18.05000687121626,5.0,5.0
1400,3.010085105895996,11944,24.440005496973008,5.0,5.0
1405,3.026099443435669,11944,20.010626251560147,5.0,5.0
1407,3.0290231704711914,11944,22.806800800998495,5.0,5.0
1408,3.030733585357666,11944,28.245440640798797,5.0,5.0
1409,3.0324573516845703,11944,32.596352512639044,5.0,5.0
1410,3.034109354019165,11944,36.07708201011124,5.0,5.0
1411,3.0357894897460938,11944,38.861665608089,5.0,5.0
1413,3.042127847671509,11944,41.0893324864712,5.0,5.0
1416,3.047004461288452,11944,36.297172791341566,5.0,5.0
1419,3.051358461380005,11944,33.230190586458605,5.0,5.0
1420,3.053068161010742,11944,36.58415246916688,5.0,5.0
1422,3.0558664798736572,11944,33.41385758026681,5.0,5.0
1430,3.068537950515747,11944,15.605915060173738,5.0,5.0
1439,3.093466281890869,11944,17.990228510808954,5.0,5.0
1440,3.094975709915161,11944,14.392182808647163,5.0,5.0
1450,3.123851776123047,11944,9.210996997534187,5.0,5.0
1457,3.1438698768615723,11944,15.89503807842188,5.0,5.0
1460,3.149907112121582,11944,15.89503807842188,5.0,5.0
1461,3.1517016887664795,11944,22.716030462737507,5.0,5.0
1463,3.154874801635742,11944,24.53825949615201,5.0,5.0
1467,3.1609246730804443,11944,25.704486077537286,5.0,5.0
1468,3.162592649459839,11944,30.56358886202983,5.0,5.0
1470,3.1657297611236572,11944,29.560696871699093,5.0,5.0
1478,3.178203821182251,11944,17.74915932073469,5.0,5.0
1480,3.1845741271972656,11944,14.199327456587753,5.0,5.0
1484,3.1937038898468018,11944,19.08756957221616,5.0,5.0
1486,3.196422576904297,11944,22.216044526218344,5.0,5.0
1488,3.1989152431488037,11944,27.772835620974675,5.0,5.0
1490,3.202155351638794,11944,27.774614797423794,5.0,5.0
1500,3.232348918914795,11944,21.376482221024787,5.0,5.0
1502,3.235445022583008,11944,27.10118577681983,5.0,5.0
1509,3.248227596282959,11944,18.880516555348322,5.0,5.0
1510,3.2497718334198,11944,15.104413244278659,5.0,5.0
1517,3.2668285369873047,11944,16.18676766485654,5.0,5.0
1518,3.268568277359009,11944,22.949414131885234,5.0,5.0
1520,3.2748279571533203,11944,18.359531305508188,5.0,5.0
1526,3.2860255241394043,11944,17.520064022736157,5.0,5.0
1529,3.2904841899871826,11944,24.016051218188927,5.0,5.0
1530,3.2914865016937256,11944,19.212840974551142,5.0,5.0
1531,3.29313325881958,11944,25.370272779640914,5.0,5.0
1533,3.300427198410034,11944,30.29621822371273,5.0,5.0
1534,3.3021469116210938,11944,34.23697457897019,5.0,5.0
1535,3.3038647174835205,11944,37.38957966317615,5.0,5.0
1539,3.313903331756592,11944,29.14346478754619,5.0,5.0
1540,3.3191170692443848,11944,29.14346478754619,5.0,5.0
1542,3.3221113681793213,11944,28.651817464029563,5.0,5.0
1544,3.324861764907837,11944,28.337163176978923,5.0,5.0
1548,3.33394193649292,11944,24.508627546613212,5.0,5.0
1550,3.3409159183502197,11944,29.60690203729057,5.0,5.0
1552,3.3481626510620117,11944,33.68552162983246,5.0,5.0
1555,3.3527462482452393,11944,36.948417303865966,5.0,5.0
1557,3.3561413288116455,11944,33.646987074474225,5.0,5.0
1559,3.3588247299194336,11944,31.534071727663505,5.0,5.0
1560,3.3604884147644043,11944,25.227257382130805,5.0,5.0
1566,3.377159595489502,11944,22.916355779650974,5.0,5.0
1569,3.381885051727295,11944,24.666467698976625,5.0,5.0
1570,3.384154796600342,11944,19.733174159181303,5.0,5.0
1571,3.3858842849731445,11944,25.786539327345043,5.0,5.0
1572,3.387606143951416,11944,30.629231461876035,5.0,5.0
1577,3.4048569202423096,11944,29.602708135600665,5.0,5.0
1579,3.4076194763183594,11944,28.94573320678443,5.0,5.0
1580,3.409242868423462,11944,33.156586565427546,5.0,5.0
1584,3.4184069633483887,11944,31.22021540187363,5.0,5.0
1585,3.420153856277466,11944,34.97617232149891,5.0,5.0
1586,3.4217491149902344,11944,37.98093785719912,5.0,5.0
1587,3.423581123352051,11944,40.384750285759296,5.0,5.0
1588,3.4253389835357666,11944,42.30780022860744,5.0,5.0
1589,3.4269416332244873,11944,43.84624018288596,5.0,5.0
1590,3.427905559539795,11944,35.07699214630877,5.0,5.0
1592,3.4311940670013428,11944,32.449274973637614,5.0,5.0
1598,3.447394847869873,11944,26.61402878650246,5.0,5.0
1600,3.4528748989105225,11944,21.29122302920197,5.0,5.0
1601,3.454598903656006,11944,27.032978423361577,5.0,5.0
1602,3.4563515186309814,11944,31.626382738689262,5.0,5.0
1606,3.462580442428589,11944,26.192707962208907,5.0,5.0
1608,3.465778350830078,11944,30.954166369767126,5.0,5.0
1610,3.473196506500244,11944,24.763333095813703,5.0,5.0
1617,3.497189998626709,11944,18.114448988836237,5.0,5.0
1618,3.4989709854125977,11944,24.49155919106899,5.0,5.0
1620,3.502004623413086,11944,29.593247352855194,5.0,5.0
1621,3.5036609172821045,11944,33.67459788228416,5.0,5.0
1630,3.5191543102264404,11944,21.034492234066875,5.0,5.0
1632,3.5219154357910156,11944,23.462075029802804,5.0,5.0
1640,3.540515184402466,11944,7.688052745765787,5.0,5.0
1646,3.5563342571258545,11944,14.0,5.0,5.0
1648,3.563516616821289,11944,21.200000000000003,5.0,5.0
1650,3.566575288772583,11944,13.568000000000005,5.0,5.0
1654,3.578324317932129,11944,20.854400000000005,5.0,5.0
1660,3.600759744644165,11944,13.346816000000004,5.0,5.0
1668,3.6295313835144043,11944,16.833569792000002,5.0,5.0
1670,3.632131814956665,11944,13.466855833600002,5.0,5.0
1672,3.635408401489258,11944,20.77348466688,5.0,5.0
1675,3.6403985023498535,11944,20.636024149442562,5.0,5.0
1676,3.642153739929199,11944,26.50881931955405,5.0,5.0
1677,3.6439156532287598,11944,31.207055455643243,5.0,5.0
1678,3.6456334590911865,11944,34.965644364514596,5.0,5.0
1679,3.647376298904419,11944,37.972515491611674,5.0,5.0
1680,3.6487672328948975,11944,37.972515491611674,5.0,5.0
1681,3.6506083011627197,11944,40.37801239328934,5.0,5.0
1682,3.65238094329834,11944,42.302409914631475,5.0,5.0
1683,3.654111385345459,11944,43.84192793170518,5.0,5.0
1684,3.6558945178985596,11944,45.073542345364146,5.0,5.0
1690,3.669124126434326,11944,18.462122944661157,5.0,5.0
1693,3.677185535430908,11944,21.815758684583145,5.0,5.0
1694,3.679009199142456,11944,27.452606947666517,5.0,5.0
1695,3.680694818496704,11944,31.962085558133214,5.0,5.0
1700,3.6940488815307617,11944,26.36458780576421,5.0,5.0
1705,3.7134807109832764,11944,20.798935165241023,5.0,5.0
1707,3.7168569564819336,11944,23.311318505754258,5.0,5.0
1710,3.720900058746338,11944,14.919243843682725,5.0,5.0
1712,3.7242369651794434,11944,19.548316059956946,5.0,5.0
1714,3.727510929107666,11944,22.510922278372448,5.0,5.0
1720,3.7429773807525635,11944,9.220473765221357,5.0,5.0
1725,3.7582502365112305,11944,15.90110320974167,5.0,5.0
1727,3.761415481567383,11944,22.72088256779334,5.0,5.0
1730,3.7662222385406494,11944,21.63309187471019,5.0,5.0
1732,3.769644260406494,11944,23.845178799814523,5.0,5.0
1738,3.781109094619751,11944,19.766985236404032,5.0,5.0
1739,3.782824754714966,11944,25.813588189123227,5.0,5.0
1740,3.784550428390503,11944,30.65087055129858,5.0,5.0
1741,3.786283016204834,11944,34.520696441038865,5.0,5.0
1746,3.7977519035339355,11944,22.093245722264875,5.0,14.0
1750,3.8029301166534424,11944,17.6745965778119,5.0,7.168000000000001
1755,3.810248851776123,11944,19.049393447839694,5.0,5.387520000000001
1756,3.8119328022003174,11944,25.239514758271756,5.0,5.387520000000001
1757,3.813570499420166,11944,30.191611806617406,5.0,5.387520000000001
1760,3.818107843399048,11944,15.458105244988113,5.0,5.387520000000001
1761,3.819929599761963,11944,22.36648419599049,5.0,5.387520000000001
1763,3.823214292526245,11944,24.314549885433912,5.0,5.387520000000001
1766,3.827592134475708,11944,22.449049541342166,5.0,5.387520000000001
1767,3.829270124435425,11944,27.959239633073732,5.0,5.387520000000001
1768,3.830967426300049,11944,32.36739170645899,5.0,5.387520000000001
1770,3.8339197635650635,11944,25.893913365167194,5.0,5.0
1771,3.835648536682129,11944,30.715130692133755,5.0,5.0
1774,3.8494155406951904,11944,29.65768364296561,5.0,5.0
1780,3.859762668609619,11944,15.184734025198393,5.0,5.0
1781,3.8615529537200928,11944,22.147787220158715,5.0,5.0
1784,3.8699536323547363,11944,24.174583820901578,5.0,5.0
1790,3.893451452255249,11944,24.174583820901578,5.0,5.0
1793,3.8987064361572266,11944,22.37738691630161,5.0,5.0
1795,3.9021828174591064,11944,24.32152762643303,5.0,5.0
1796,3.903822183609009,11944,24.32152762643303,5.0,14.0
1800,3.910020589828491,11944,12.452622144733716,5.0,11.200000000000001
1804,3.946805000305176,11944,12.452622144733716,5.0,18.96
1806,3.9579660892486572,11944,19.962097715786975,5.0,15.168000000000001
1809,3.9689090251922607,11944,22.775742538103664,5.0,12.134400000000001
1810,3.971303701400757,11944,22.775742538103664,5.0,9.707520000000002
1811,3.9764113426208496,11944,28.220594030482932,5.0,9.707520000000002
1814,3.992429733276367,11944,28.061180179509076,5.0,9.707520000000002
1815,3.9942870140075684,11944,32.448944143607264,5.0,9.707520000000002
1816,3.996018886566162,11944,35.95915531488581,5.0,9.707520000000002
1820,4.0037806034088135,11944,18.41108752122154,5.0,9.707520000000002
1822,4.008848428726196,11944,21.783096013581787,5.0,9.707520000000002
1824,4.014182806015015,11944,27.42647681086543,5.0,7.766016000000002
1830,4.026661396026611,11944,11.233884901730484,5.0,6.212812800000002
1838,4.063810348510742,11944,15.751749069686008,5.0,5.0
1839,4.065597057342529,11944,22.60139925574881,5.0,5.0
1840,4.067110300064087,11944,18.081119404599047,5.0,5.0
1848,4.085131645202637,11944,17.406026508123773,5.0,5.0
1849,4.08691143989563,11944,23.92482120649902,5.0,5.0
1850,4.088464021682739,11944,19.139856965199215,5.0,5.0
1851,4.090290307998657,11944,25.311885572159373,5.0,5.0
1853,4.093628644943237,11944,26.199606766182,5.0,5.0
1859,4.102524518966675,11944,18.585087145142523,5.0,5.0
1860,4.104020118713379,11944,14.86806971611402,5.0,5.0
1866,4.1230669021606445,11944,16.089961355720305,5.0,5.0
1867,4.124841690063477,11944,22.871969084576243,5.0,5.0
1870,4.129533052444458,11944,11.710448171303039,5.0,5.0
1874,4.135351896286011,11944,15.995749463707156,5.0,5.0
1878,4.141081094741821,11944,18.189823725418066,5.0,5.0
1880,4.143544435501099,11944,14.551858980334453,5.0,5.0
1890,4.173022270202637,11944,7.45055179793124,5.0,5.0
1899,4.1999523639678955,11944,14.768353150675996,5.0,5.0
1900,4.201486349105835,11944,11.814682520540797,5.0,5.0
1901,4.203286170959473,11944,19.451746016432637,5.0,5.0
1910,4.229419231414795,11944,9.959293960413511,5.0,5.0
1912,4.2328386306762695,11944,16.373948134664648,5.0,5.0
1920,4.248377323150635,11944,5.365415324766913,5.0,5.0
1922,4.255371332168579,11944,14.29233225981353,5.0,5.0
1925,4.260169506072998,11944,19.14709264628066,5.0,5.0
1926,4.261924505233765,11944,25.31767411702453,5.0,5.0
1928,4.264739751815796,11944,26.203311434895703,5.0,5.0
1930,4.267239570617676,11944,20.962649147916565,5.0,5.0
1932,4.2705981731414795,11944,23.416095454666603,5.0,5.0
1934,4.278752088546753,11944,28.732876363733283,5.0,5.0
1935,4.2805657386779785,11944,32.98630109098663,5.0,5.0
1938,4.289666414260864,11944,36.38904087278931,5.0,5.0
1940,4.292323112487793,11944,23.28898615858516,5.0,5.0
1942,4.295531272888184,11944,28.63118892686813,5.0,5.0
1943,4.297271966934204,11944,32.90495114149451,5.0,5.0
1950,4.311119556427002,11944,23.477867987556152,5.0,5.0
1951,4.3128955364227295,11944,28.78229439004492,5.0,5.0
1953,4.320934057235718,11944,33.02583551203594,5.0,5.0
1957,4.331247091293335,11944,26.909227782162404,5.0,5.0
1960,4.338735103607178,11944,17.22190578058394,5.0,5.0
1966,4.346853733062744,11944,18.817615759658977,5.0,5.0
1968,4.3531506061553955,11944,25.054092607727185,5.0,5.0
1970,4.3592774868011475,11944,20.04327408618175,5.0,5.0
1974,4.368649959564209,11944,22.82769541515632,5.0,5.0
1975,4.37037205696106,11944,28.262156332125056,5.0,5.0
1980,4.377917528152466,11944,9.260943386910741,5.0,5.0
1988,4.391999959945679,11944,15.927003767622875,5.0,5.0
1990,4.40226149559021,11944,15.927003767622875,5.0,5.0
1992,4.405683994293213,11944,22.741603014098303,5.0,5.0
1994,4.409076929092407,11944,24.55462592902291,5.0,5.0
1998,4.41485333442688,11944,22.571968475659734,5.0,5.0
2000,4.421935796737671,11944,22.571968475659734,5.0,5.0
2004,4.427190065383911,11944,24.44605982442223,5.0,5.0
2007,4.4314117431640625,11944,25.645478287630226,5.0,5.0
2010,4.436134338378906,11944,23.13048488326668,5.0,5.0
2015,4.442888498306274,11944,21.842808260232538,5.0,5.0
2018,4.453938007354736,11944,27.474246608186032,5.0,5.0
2020,4.460442543029785,11944,21.979397286548828,5.0,5.0
2026,4.476004362106323,11944,21.253451410713,5.0,5.0
2030,4.49636697769165,11944,17.002761128570402,5.0,5.0
2031,4.498255014419556,11944,23.602208902856322,5.0,5.0
2035,4.50466251373291,11944,19.667464766609953,5.0,5.0
2036,4.506394386291504,11944,25.733971813287965,5.0,5.0
2037,4.508082866668701,11944,30.587177450630374,5.0,5.0
2040,4.518500089645386,11944,34.4697419605043,5.0,5.0
2041,4.520247220993042,11944,37.57579356840344,5.0,5.0
2045,4.525859594345093,11944,34.0485078837782,5.0,5.0
2047,4.529057025909424,11944,31.79104504561805,5.0,5.0
2048,4.530644655227661,11944,35.432836036494436,5.0,5.0
2049,4.532337665557861,11944,38.34626882919555,5.0,5.0
2050,4.5340657234191895,11944,40.67701506335644,5.0,5.0
2059,4.551665306091309,11944,20.663235436768513,5.0,5.0
2060,4.553114414215088,11944,20.663235436768513,5.0,5.0
2061,4.554915904998779,11944,26.53058834941481,5.0,5.0
2063,4.558326244354248,11944,26.97957654362548,5.0,5.0
2065,4.561497211456299,11944,27.26692898792031,5.0,5.0
2068,4.566468715667725,11944,23.9606676418152,5.0,5.0
2070,4.569132328033447,11944,25.33482729076173,5.0,5.0
2071,4.570782423019409,11944,30.267861832609384,5.0,5.0
2074,4.575819492340088,11944,25.49714525829601,5.0,5.0
2077,4.5807294845581055,11944,23.054538372247556,5.0,5.0
2079,4.583553314208984,11944,24.754904558238437,5.0,5.0
2080,4.588018894195557,11944,24.754904558238437,5.0,5.0
2087,4.602209568023682,11944,20.139608907054466,5.0,5.0
2089,4.60532021522522,11944,26.111687125643574,5.0,5.0
2090,4.606863737106323,11944,20.88934970051486,5.0,5.0
2091,4.608625173568726,11944,26.711479760411887,5.0,5.0
2097,4.616943836212158,11944,23.676277637330887,5.0,5.0
2099,4.619736671447754,11944,25.15281768789177,5.0,5.0
2100,4.621235370635986,11944,20.122254150313417,5.0,5.0
2103,4.6255152225494385,11944,20.30259412496047,5.0,5.0
2107,4.631746530532837,11944,20.394928191979762,5.0,5.0
2110,4.635530471801758,11944,20.394928191979762,5.0,5.0
2112,4.638759136199951,11944,23.05275404286705,5.0,5.0
2117,4.6495068073272705,11944,24.753762587434913,5.0,5.0
2120,4.654118299484253,11944,25.842408055958344,5.0,5.0
2121,4.655796766281128,11944,30.67392644476668,5.0,5.0
2124,4.660598039627075,11944,29.631312924650675,5.0,5.0
2127,4.665337562561035,11944,25.17123221742115,5.0,5.0
2128,4.667009592056274,11944,30.13698577393692,5.0,5.0
2130,4.672506093978882,11944,24.109588619149537,5.0,5.0
2131,4.674255609512329,11944,29.287670895319632,5.0,5.0
2132,4.675928831100464,11944,33.4301367162557,5.0,5.0
2136,4.681769609451294,11944,23.692983998978338,5.0,5.0
2140,4.691314697265625,11944,22.130807807476913,5.0,5.0
2144,4.703608989715576,11944,24.163716996785226,5.0,5.0
2145,4.705402374267578,11944,29.330973597428184,5.0,5.0
2147,4.708593130111694,11944,28.77182310235404,5.0,5.0
2148,4.710265636444092,11944,33.01745848188324,5.0,5.0
2150,4.713322639465332,11944,36.41396678550659,5.0,5.0
2154,4.722600698471069,11944,28.643950994179374,5.0,5.0
2160,4.734561443328857,11944,24.665702909019842,5.0,5.0
2170,4.770312070846558,11944,12.62883988941816,5.0,5.0
2180,4.80332088470459,11944,5.172772818705679,5.0,5.0
2190,4.8322930335998535,11944,5.0,5.0,5.0
2200,4.854738712310791,11944,14.0,5.0,5.0
2204,4.863666296005249,11944,17.168,5.0,5.0
2207,4.867509126663208,11944,18.790016,5.0,5.0
2208,4.869199514389038,11944,25.032012800000004,5.0,5.0
2210,4.877716064453125,11944,25.032012800000004,5.0,5.0
2212,4.883519172668457,11944,30.025610240000006,5.0,5.0
2213,4.885236740112305,11944,34.020488192,5.0,5.0
2217,4.891575574874878,11944,23.934791963443203,5.0,5.0
2220,4.895662307739258,11944,12.254613485282922,5.0,5.0
2222,4.898312330245972,11944,19.80369078822634,5.0,5.0
2229,4.914570331573486,11944,20.139489683571888,5.0,5.0
2230,4.91602897644043,11944,20.139489683571888,5.0,5.0
2234,4.927440881729126,11944,22.889273397486008,5.0,5.0
2240,4.950457572937012,11944,21.719307979512838,5.0,5.0
2245,4.958521604537964,11944,18.89622854840846,5.0,5.0
2250,4.9742431640625,11944,12.093586270981415,5.0,5.0
2260,5.006621360778809,11944,6.191916170742485,5.0,5.0
2262,5.015567064285278,11944,14.953532936593987,5.0,5.0
2266,5.0264012813568115,11944,17.656208863536122,5.0,5.0
2267,5.0281219482421875,11944,24.124967090828896,5.0,5.0
2269,5.030747175216675,11944,29.299973672663118,5.0,5.0
2270,5.0322370529174805,11944,29.299973672663118,5.0,5.0
2271,5.034045934677124,11944,33.439978938130494,5.0,5.0
2272,5.035890579223633,11944,36.7519831505044,5.0,5.0
2273,5.037651062011719,11944,39.40158652040353,5.0,5.0
2275,5.040954828262329,11944,35.21701537305826,5.0,5.0
2276,5.042798757553101,11944,38.17361229844661,5.0,5.0
2279,5.047380447387695,11944,29.54488949680467,5.0,5.0
2280,5.049131870269775,11944,33.63591159744374,5.0,5.0
2290,5.077505826950073,11944,11.021815512250368,5.0,5.0
2291,5.079278469085693,11944,18.817452409800296,5.0,5.0
2294,5.08685302734375,11944,22.04316954227219,5.0,5.0
2295,5.088560342788696,11944,27.63453563381775,5.0,5.0
2297,5.094507217407227,11944,32.1076285070542,5.0,5.0
2298,5.096198320388794,11944,35.68610280564336,5.0,5.0
2299,5.097873687744141,11944,38.54888224451469,5.0,5.0
2300,5.099613189697266,11944,40.83910579561175,5.0,5.0
2301,5.101223945617676,11944,42.6712846364894,5.0,5.0
2305,5.106801986694336,11944,31.847697733882576,5.0,5.0
2310,5.116844415664673,11944,16.30602123974788,5.0,5.0
2311,5.118574619293213,11944,23.044816991798307,5.0,5.0
2312,5.120263338088989,11944,28.435853593438647,5.0,5.0
2315,5.127750396728516,11944,28.198946299800735,5.0,5.0
2320,5.140849351882935,11944,18.04732563187247,5.0,5.0
2326,5.15256667137146,11944,19.240230723518707,5.0,5.0
2327,5.154201984405518,11944,25.392184578814966,5.0,5.0
2328,5.155809164047241,11944,30.313747663051974,5.0,5.0
2329,5.158465623855591,11944,34.25099813044158,5.0,5.0
2330,5.161447048187256,11944,27.400798504353265,5.0,5.0
2332,5.165579319000244,11944,27.536511042786092,5.0,5.0
2335,5.170163154602051,11944,24.09869365390648,5.0,5.0
2339,5.180001974105835,11944,22.33853115080012,5.0,5.0
2340,5.181567430496216,11944,17.870824920640096,5.0,5.0
2341,5.18334436416626,11944,24.29665993651208,5.0,5.0
2350,5.206423759460449,11944,9.95191190999535,5.0,5.0
2352,5.209245204925537,11944,17.96152952799628,5.0,5.0
2359,5.223829030990601,11944,19.196303118334097,5.0,5.0
2360,5.225403070449829,11944,15.357042494667278,5.0,5.0
2368,5.237781047821045,11944,16.29024460581572,5.0,5.0
2370,5.244877338409424,11944,23.032195684652578,5.0,5.0
2380,5.27268123626709,11944,9.433987352433697,5.0,5.0
2382,5.2755749225616455,11944,17.547189881946956,5.0,5.0
2388,5.288097381591797,11944,17.187328975645475,5.0,5.0
2390,5.294929265975952,11944,23.74986318051638,5.0,5.0
2394,5.301572561264038,11944,19.72794395873951,5.0,5.0
2397,5.309636116027832,11944,22.62588413359329,5.0,5.0
2398,5.311435222625732,11944,28.100707306874632,5.0,5.0
2399,5.313368320465088,11944,32.48056584549971,5.0,5.0
2400,5.315171003341675,11944,35.98445267639977,5.0,5.0
2405,5.322085618972778,11944,24.73923181625335,5.0,5.0
2406,5.323928594589233,11944,29.791385453002682,5.0,5.0
2410,5.3375303745269775,11944,29.066486689921717,5.0,5.0
2411,5.33942985534668,11944,33.25318935193738,5.0,5.0
2415,5.354190826416016,11944,27.02563294819194,5.0,5.0
2417,5.357387542724609,11944,31.620506358553556,5.0,5.0
2418,5.359003067016602,11944,35.296405086842846,5.0,5.0
2420,5.361865997314453,11944,28.237124069474277,5.0,5.0
2423,5.366505146026611,11944,28.07175940446354,5.0,5.0
2424,5.368302822113037,11944,32.457407523570836,5.0,5.0
2428,5.3809287548065186,11944,35.96592601885667,5.0,5.0
2430,5.3842527866363525,11944,33.01819265206827,5.0,5.0
2431,5.385921955108643,11944,36.41455412165462,5.0,5.0
2433,5.391925573348999,11944,39.13164329732369,5.0,5.0
2434,5.393650054931641,11944,41.305314637858956,5.0,5.0
2438,5.402630567550659,11944,36.43540136822973,5.0,5.0
2440,5.405824184417725,11944,29.14832109458379,5.0,5.0
2441,5.407638072967529,11944,33.31865687566703,5.0,5.0
2450,5.432663679122925,11944,13.647321856273217,5.0,5.0
2452,5.435398578643799,11944,20.917857485018573,5.0,5.0
2456,5.441907167434692,11944,18.56795442586361,5.0,5.0
2457,5.443633794784546,11944,24.85436354069089,5.0,5.0
2460,5.450469732284546,11944,19.883490832552713,5.0,5.0
2466,5.46572208404541,11944,18.144277845013594,5.0,5.0
2467,5.467433929443359,11944,24.515422276010874,5.0,5.0
2470,5.4721455574035645,11944,12.55189620531757,5.0,5.0
2477,5.488099575042725,11944,16.4265708571226,5.0,5.0
2480,5.498485088348389,11944,13.14125668569808,5.0,5.0
2481,5.500339984893799,11944,20.513005348558465,5.0,5.0
2488,5.516497611999512,11944,20.502658738461935,5.0,5.0
2490,5.519525527954102,11944,16.40212699076955,5.0,5.0
2493,5.527232885360718,11944,20.497361274092512,5.0,5.0
2500,5.541040658950806,11944,16.716575342294636,5.0,5.0
2504,5.562666654586792,11944,23.37326027383571,5.0,5.0
2505,5.564582347869873,11944,28.69860821906857,5.0,5.0
2508,5.569073677062988,11944,24.693687408163107,5.0,5.0
2510,5.572293281555176,11944,15.80395994122439,5.0,5.0
2520,5.5872962474823,11944,5.0,5.0,5.0
2525,5.602620840072632,11944,14.0,5.0,5.0
2526,5.604436159133911,11944,21.200000000000003,5.0,5.0
2528,5.60779333114624,11944,26.960000000000004,5.0,5.0
2530,5.61429762840271,11944,31.568000000000005,5.0,5.0
2540,5.647676944732666,11944,8.275361792000004,5.0,5.0
2550,5.676046848297119,11944,5.296231546880003,5.0,5.0
2553,5.687068700790405,11944,14.236985237504003,5.0,5.0
2554,5.689020156860352,11944,21.389588190003202,5.0,5.0
2556,5.692494630813599,11944,23.68933644160205,5.0,5.0
2557,5.694185733795166,11944,28.951469153281643,5.0,5.0
2560,5.70531702041626,11944,18.528940258100253,5.0,5.0
2564,5.711686849594116,11944,21.858521765184165,5.0,5.0
2570,5.726511716842651,11944,13.989453929717866,5.0,5.0
2572,5.729857444763184,11944,21.191563143774296,5.0,5.0
2579,5.746418714523315,11944,18.680064263689953,5.0,5.0
2580,5.748399257659912,11944,24.944051410951964,5.0,5.0
2583,5.752077341079712,11944,25.964192903009256,5.0,5.0
2584,5.753854513168335,11944,30.771354322407404,5.0,5.0
2585,5.7555999755859375,11944,34.61708345792593,5.0,5.0
2586,5.757370471954346,11944,37.69366676634074,5.0,5.0
2588,5.76357889175415,11944,40.1549334130726,5.0,5.0
2589,5.765261888504028,11944,42.12394673045808,5.0,5.0
2590,5.766774892807007,11944,33.699157384366465,5.0,5.0
2592,5.7702553272247314,11944,31.56746072599454,5.0,5.0
2593,5.772061347961426,11944,35.25396858079563,5.0,5.0
2595,5.775313377380371,11944,32.56253989170921,5.0,5.0
2596,5.777009010314941,11944,36.05003191336736,5.0,5.0
2598,5.7801125049591064,11944,38.84002553069389,5.0,5.0
2600,5.783190011978149,11944,24.857616339644096,5.0,5.0
2601,5.785003900527954,11944,29.88609307171528,5.0,5.0
2603,5.787856578826904,11944,29.12709956589778,5.0,5.0
2607,5.79718542098999,11944,28.64134372217458,5.0,5.0
2608,5.798943996429443,11944,32.91307497773967,5.0,5.0
2610,5.805263519287109,11944,36.33045998219174,5.0,5.0
2611,5.8070502281188965,11944,39.06436798575339,5.0,5.0
2614,5.81527042388916,11944,35.00119551088217,5.0,5.0
2615,5.817070007324219,11944,38.00095640870573,5.0,5.0
2618,5.8215718269348145,11944,29.456489681257338,5.0,5.0
2620,5.827272176742554,11944,29.456489681257338,5.0,5.0
2622,5.830609083175659,11944,28.8521533960047,5.0,5.0
2627,5.838169813156128,11944,24.77230253875441,5.0,5.0
2628,5.839905738830566,11944,29.81784203100353,5.0,5.0
2629,5.841596364974976,11944,33.85427362480283,5.0,5.0
2630,5.8430750370025635,11944,27.083418899842265,5.0,5.0
2640,5.860942363739014,11944,8.874694705100316,5.0,5.0
2643,5.867603302001953,11945,8.874694705100316,5.0,14.0
2647,5.873653888702393,11945,15.679804611264203,5.0,8.96
2650,5.878331661224365,11945,18.028059960967273,5.0,8.96
2652,5.881749629974365,11945,21.537958375019056,5.0,8.96
2653,5.88346791267395,11945,27.230366700015246,5.0,8.96
2659,5.892579793930054,11945,23.94194775040781,5.0,5.0
2660,5.8940770626068115,11945,19.15355820032625,5.0,5.0
2662,5.901903867721558,11945,22.2582772482088,5.0,5.0
2666,5.909374237060547,11945,21.39623795108291,5.0,5.0
2668,5.912747383117676,11945,27.11699036086633,5.0,5.0
2670,5.920369386672974,11945,21.693592288693065,5.0,5.0
2672,5.929490089416504,11945,27.354873830954453,5.0,5.0
2676,5.939683675765991,11945,27.507119251810852,5.0,5.0
2679,5.944610834121704,11945,27.60455632115895,5.0,5.0
2680,5.946376800537109,11945,32.08364505692716,5.0,5.0
2682,5.9495463371276855,11945,35.666916045541726,5.0,5.0
2690,5.96363639831543,11945,18.261461015317366,5.0,5.0
2697,5.98586368560791,11945,17.479894431873994,5.0,5.0
2700,5.990429401397705,11945,13.983915545499196,5.0,5.0
2705,6.0015387535095215,11945,15.727811807436472,5.0,5.0
2708,6.006489992141724,11945,20.065799556759345,5.0,5.0
2710,6.013816833496094,11945,20.065799556759345,5.0,5.0
2720,6.052002906799316,11945,20.273689373060787,5.0,5.0
2729,6.070462465286255,11945,15.314626027011649,5.0,5.0
2730,6.0713629722595215,11945,15.314626027011649,5.0,5.0
2736,6.0839385986328125,11945,17.841088525829964,5.0,5.0
2740,6.0967817306518555,11945,11.418296656531178,5.0,5.0
2742,6.1000657081604,11945,19.134637325224944,5.0,5.0
2743,6.101751089096069,11945,25.307709860179955,5.0,5.0
2746,6.106743812561035,11945,22.957547448412136,5.0,5.0
2749,6.114853382110596,11945,24.69283036698377,5.0,5.0
2750,6.11642050743103,11945,19.754264293587017,5.0,5.0
2751,6.118160963058472,11945,25.803411434869616,5.0,5.0
2753,6.121616840362549,11945,30.642729147895693,5.0,5.0
2760,6.141298294067383,11945,15.689077323722598,5.0,5.0
2762,6.144134283065796,11945,22.55126185897808,5.0,5.0
2763,6.145840406417847,11945,28.041009487182464,5.0,5.0
2767,6.154249906539917,11945,24.356996857437423,5.0,5.0
2770,6.160050392150879,11945,15.588477988759951,5.0,5.0
2774,6.16491174697876,11945,19.97662591280637,5.0,5.0
2777,6.168945074081421,11945,20.22803246735686,5.0,5.0
2778,6.17064094543457,11945,26.18242597388549,5.0,5.0
2779,6.172379970550537,11945,30.945940779108394,5.0,5.0
2780,6.173913240432739,11945,24.756752623286715,5.0,5.0
2782,6.1772377490997314,11945,25.844321678903498,5.0,5.0
2785,6.185808897018433,11945,30.6754573431228,5.0,5.0
2787,6.193892478942871,11945,34.54036587449824,5.0,5.0
2790,6.198695421218872,11945,22.105834159678878,5.0,5.0
2795,6.210387229919434,11945,24.147733862194485,5.0,5.0
2796,6.212280035018921,11945,29.31818708975559,5.0,5.0
2798,6.2158191204071045,11945,28.76363973744358,5.0,5.0
2799,6.217625856399536,11945,33.01091178995486,5.0,5.0
2800,6.219256639480591,11945,26.40872943196389,5.0,5.0
2803,6.231252193450928,11945,31.126983545571115,5.0,5.0
2810,6.246469020843506,11945,10.199689968212745,5.0,5.0
2818,6.267439126968384,11945,15.222241263724927,5.0,5.0
2820,6.274592638015747,11945,12.177793010979942,5.0,5.0
2821,6.276518106460571,11945,19.742234408783954,5.0,5.0
2830,6.2983927726745605,11945,6.469135371070327,5.0,5.0
2831,6.300474405288696,11945,15.175308296856262,5.0,5.0
2833,6.30733323097229,11945,22.14024663748501,5.0,5.0
2834,6.309110641479492,11945,27.71219730998801,5.0,5.0
2838,6.3189308643341064,11945,27.735806278392328,5.0,5.0
2839,6.320818901062012,11945,32.188645022713864,5.0,5.0
2840,6.322391510009766,11945,25.750916018171093,5.0,5.0
2848,6.341497898101807,11945,26.4805862516295,5.0,5.0
2849,6.343327522277832,11945,31.1844690013036,5.0,5.0
2850,6.344387054443359,11945,24.94757520104288,5.0,5.0
2851,6.34615683555603,11945,29.958060160834307,5.0,5.0
2853,6.35306715965271,11945,33.96644812866745,5.0,5.0
2860,6.370434999465942,11945,21.73852680234717,5.0,5.0
2861,6.3723225593566895,11945,27.390821441877737,5.0,5.0
2866,6.38280463218689,11945,21.219280462593122,5.0,5.0
2867,6.384543418884277,11945,26.9754243700745,5.0,5.0
2868,6.386228322982788,11945,31.5803394960596,5.0,5.0
2870,6.392824172973633,11945,25.26427159684768,5.0,5.0
2873,6.40489649772644,11945,30.211417277478148,5.0,5.0
2876,6.413637399673462,11945,34.16913382198252,5.0,5.0
2879,6.42252254486084,11945,31.868245646068814,5.0,5.0
2880,6.424140930175781,11945,25.494596516855054,5.0,5.0
2881,6.42596697807312,11945,30.395677213484046,5.0,5.0
2886,6.4373557567596436,11945,22.45006938664307,5.0,5.0
2887,6.439154863357544,11945,27.960055509314454,5.0,5.0
2888,6.440859317779541,11945,32.36804440745156,5.0,5.0
2890,6.443499326705933,11945,35.894435525961256,5.0,5.0
2894,6.452994346618652,11945,28.377950989292167,5.0,5.0
2900,6.468478441238403,11945,28.161888633146987,5.0,5.0
2901,6.470251798629761,11945,32.52951090651759,5.0,5.0
2902,6.4719157218933105,11945,36.023608725214075,5.0,5.0
2905,6.476810693740845,11945,28.44408766730961,5.0,5.0
2907,6.479588747024536,11945,28.20421610707815,5.0,5.0
2908,6.481295585632324,11945,32.56337288566252,5.0,5.0
2909,6.483053207397461,11945,36.050698308530016,5.0,5.0
2910,6.484620094299316,11945,28.840558646824014,5.0,5.0
2919,6.50260591506958,11945,21.81309282173912,5.0,5.0
2920,6.506958246231079,11945,21.81309282173912,5.0,5.0
2921,6.5087714195251465,11945,27.450474257391296,5.0,5.0
2922,6.510477781295776,11945,31.960379405913038,5.0,5.0
2929,6.530041217803955,11945,23.090971404661985,5.0,5.0
2930,6.532073736190796,11945,28.47277712372959,5.0,5.0
2933,6.544844150543213,11945,32.77822169898367,5.0,5.0
2934,6.546669006347656,11945,36.22257735918694,5.0,5.0
2935,6.548460483551025,11945,38.978061887349554,5.0,5.0
2939,6.554919719696045,11945,29.956767686322976,5.0,5.0
2940,6.5559165477752686,11945,23.965414149058383,5.0,5.0
2942,6.559758901596069,11945,25.337865055397366,5.0,5.0
2944,6.562599182128906,11945,26.216233635454316,5.0,5.0
2948,6.569233417510986,11945,20.738169297082088,5.0,5.0
2949,6.5710649490356445,11945,26.59053543766567,5.0,5.0
2950,6.5720226764678955,11945,26.59053543766567,5.0,5.0
2952,6.575029373168945,11945,27.01794268010603,5.0,5.0
2954,6.578394651412964,11945,27.291483315267865,5.0,5.0
2957,6.586647033691406,11945,27.466549321771435,5.0,5.0
2958,6.588447093963623,11945,31.97323945741715,5.0,5.0
2960,6.591536998748779,11945,20.462873252746977,5.0,5.0
2961,6.593390941619873,11945,26.370298602197582,5.0,5.0
2962,6.5952231884002686,11945,31.09623888175807,5.0,5.0
2964,6.598694562911987,11945,29.90159288432517,5.0,5.0
2966,6.602126598358154,11945,29.13701944596811,5.0,5.0
2968,6.604998588562012,11945,28.64769244541959,5.0,5.0
2970,6.608118295669556,11945,22.918153956335672,5.0,5.0
2980,6.630543231964111,11945,9.387275860515093,5.0,5.0
2990,6.643763303756714,11945,5.0,5.0,5.0
2993,6.655180931091309,11945,14.0,5.0,5.0
2995,6.65803599357605,11945,18.96,5.0,5.0
2997,6.6643524169921875,11945,25.168,5.0,5.0
3000,6.6721203327178955,11945,16.10752,5.0,5.0
3002,6.685197591781616,11945,22.886016,5.0,5.0
3004,6.6884377002716064,11945,28.308812800000002,5.0,5.0
3010,6.69771671295166,11945,9.276231778304004,5.0,5.0
3011,6.699522256851196,11945,17.420985422643202,5.0,5.0
3014,6.70438551902771,11945,21.14943067049165,5.0,5.0
3020,6.713385820388794,11945,10.828508503291728,5.0,5.0
3027,6.728662967681885,11945,14.0,5.0,5.0
3030,6.735672473907471,11945,8.96,5.0,5.0
3032,6.73824405670166,11945,17.168,5.0,5.0
3038,6.764079332351685,11945,18.790016,5.0,5.0
3039,6.765895128250122,11945,25.032012800000004,5.0,5.0
3040,6.767355918884277,11945,25.032012800000004,5.0,5.0
3042,6.7707178592681885,11945,26.020488192000006,5.0,5.0
3048,6.78301739692688,11945,18.526393570754564,5.0,5.0
3049,6.7847912311553955,11945,24.82111485660365,5.0,5.0
3050,6.790303945541382,11945,24.82111485660365,5.0,5.0
3052,6.797665119171143,11945,29.85689188528292,5.0,5.0
3053,6.799570798873901,11945,33.88551350822634,5.0,5.0
3054,6.801320552825928,11945,37.10841080658108,5.0,5.0
3055,6.8030290603637695,11945,39.686728645264864,5.0,5.0
3056,6.80482292175293,11945,41.74938291621189,5.0,5.0
3058,6.808190822601318,11945,36.719605066375614,5.0,5.0
3059,6.80997371673584,11945,39.37568405310049,5.0,5.0
3060,6.8113861083984375,11945,39.37568405310049,5.0,5.0
3066,6.824383020401001,11945,22.902624150519973,5.0,5.0
3067,6.826236724853516,11945,28.32209932041598,5.0,5.0
3070,6.831187725067139,11945,24.500914852052986,5.0,5.0
3080,6.865553855895996,11945,12.54446840425113,5.0,5.0
3082,6.873175144195557,11945,20.035574723400906,5.0,5.0
3084,6.87934684753418,11945,26.028459778720727,5.0,5.0
3088,6.891485929489136,11945,26.658214258381268,5.0,5.0
3090,6.8970091342926025,11945,21.326571406705014,5.0,5.0
3092,6.903160333633423,11945,27.061257125364012,5.0,5.0
3093,6.904887914657593,11945,31.649005700291212,5.0,5.0
3096,6.920298337936401,11945,30.25536364818638,5.0,5.0
3098,6.9236438274383545,11945,34.204290918549106,5.0,5.0
3099,6.925430059432983,11945,37.363432734839286,5.0,5.0
3100,6.927145957946777,11945,39.89074618787143,5.0,5.0
3102,6.929862976074219,11945,41.91259695029714,5.0,5.0
3103,6.931563138961792,11945,43.530077560237714,5.0,5.0
3110,6.946391582489014,11945,24.263935814938698,5.0,5.0
3113,6.950680255889893,11945,25.528918921560766,5.0,5.0
3120,6.9647016525268555,11945,10.456645190271292,5.0,5.0
3121,6.966722249984741,11945,18.365316152217034,5.0,5.0
3124,6.9717631340026855,11945,19.403041869935123,5.0,5.0
3126,6.975339889526367,11945,22.41794679675848,5.0,5.0
3130,6.9850311279296875,11945,21.477988759940345,5.0,5.0
3131,6.986837863922119,11945,27.182391007952276,5.0,5.0
3134,6.990662574768066,11945,23.917384196071566,5.0,5.0
3135,6.9933929443359375,11945,29.133907356857254,5.0,5.0
3138,6.99864387512207,11945,33.3071258854858,5.0,5.0
3140,7.001220464706421,11945,26.645700708388645,5.0,5.0
3142,7.004445552825928,11945,31.31656056671092,5.0,5.0
3144,7.0078511238098145,11945,30.042598762694993,5.0,5.0
3145,7.00957465171814,11945,34.03407901015599,5.0,5.0
3150,7.02561092376709,11945,27.425448453199873,5.0,5.0
3154,7.031678915023804,11945,21.233463686430667,5.0,5.0
3159,7.054091930389404,11945,20.871533407452503,5.0,5.0
3160,7.059244394302368,11945,20.871533407452503,5.0,5.0
3168,7.0894598960876465,11945,20.686225104615684,5.0,5.0
3170,7.092772483825684,11945,13.239184066954039,5.0,5.0
3180,7.1222639083862305,11945,5.0,5.0,5.0
3184,7.128916025161743,11945,14.0,5.0,5.0
3189,7.139971733093262,11945,17.168,5.0,5.0
3190,7.141718149185181,11945,23.7344,5.0,5.0
3191,7.143446683883667,11945,28.98752,5.0,5.0
3193,7.146663188934326,11945,33.190016,5.0,5.0
3197,7.1557536125183105,11945,31.24161024,5.0,5.0
3200,7.160359621047974,11945,15.995704442880005,5.0,5.0
3204,7.1694865226745605,11945,20.237250843443206,5.0,5.0
3205,7.171183109283447,11945,26.189800674754565,5.0,5.0
3209,7.180931091308594,11945,26.761472431842925,5.0,5.0
3210,7.181933164596558,11945,21.40917794547434,5.0,5.0
3212,7.184847831726074,11945,23.70187388510358,5.0,5.0
3214,7.191185712814331,11945,28.961499108082865,5.0,5.0
3220,7.2063281536102295,11945,14.828287543338432,5.0,5.0
3221,7.2083823680877686,11945,21.862630034670744,5.0,5.0
3224,7.216168403625488,11945,23.99208322218928,5.0,5.0
3226,7.219661474227905,11945,25.354933262201143,5.0,5.0
3228,7.2229554653167725,11945,26.227157287808733,5.0,5.0
3230,7.226078987121582,11945,16.78538066419759,5.0,5.0
3231,7.227863550186157,11945,23.428304531358073,5.0,5.0
3236,7.242218255996704,11945,24.994114900069167,5.0,5.0
3240,7.251047611236572,11945,12.796986828835417,5.0,5.0
3244,7.256826400756836,11945,16.552057256363735,5.0,5.0
3250,7.274293422698975,11945,10.593316644072793,5.0,5.0
3251,7.275998592376709,11945,18.474653315258237,5.0,5.0
3259,7.297445058822632,11945,19.45902249741222,5.0,5.0
3260,7.298497676849365,11945,15.567217997929777,5.0,5.0
3261,7.300377607345581,11945,22.453774398343825,5.0,5.0
3262,7.302110910415649,11945,27.96301951867506,5.0,5.0
3264,7.304783344268799,11945,27.89633249195204,5.0,5.0
3268,7.311165809631348,11945,21.426337788703556,5.0,5.0
3269,7.312885284423828,11945,27.141070230962846,5.0,5.0
3270,7.314378023147583,11945,21.712856184770278,5.0,5.0
3273,7.321979999542236,11945,27.370284947816224,5.0,5.0
3274,7.323888301849365,11945,31.89622795825298,5.0,5.0
3280,7.334755897521973,11945,20.41358589328191,5.0,5.0
3281,7.336510419845581,11945,26.330868714625527,5.0,5.0
3288,7.346720457077026,11945,18.628099060408495,5.0,5.0
3290,7.349706411361694,11945,14.902479248326797,5.0,5.0
3292,7.355905771255493,11945,21.92198339866144,5.0,5.0
3293,7.3576202392578125,11945,27.537586718929152,5.0,5.0
3296,7.36559271812439,11945,27.62405550011466,5.0,5.0
3300,7.373546361923218,11945,14.14351641605871,5.0,5.0
3301,7.375322341918945,11945,21.314813132846968,5.0,5.0
3310,7.3922436237335205,11945,5.587550373897038,5.0,5.0
3320,7.412928819656372,11945,5.0,5.0,5.0
3325,7.431004285812378,11945,14.0,5.0,5.0
3330,7.4416539669036865,11945,17.168,5.0,5.0
3340,7.467056035995483,11945,5.625610240000001,5.0,5.0
3350,7.493116140365601,11945,5.0,5.0,5.0
3360,7.517551898956299,11945,5.0,5.0,5.0
3363,7.528685808181763,11945,14.0,5.0,5.0
3369,7.551188707351685,11945,17.168,5.0,5.0
3370,7.552969217300415,11945,23.7344,5.0,5.0
3372,7.55944299697876,11945,28.98752,5.0,5.0
3376,7.568272590637207,11945,28.5520128,5.0,5.0
3380,7.579739093780518,11945,22.84161024,5.0,5.0
3390,7.6009602546691895,11945,5.987791074754562,5.0,5.0
3400,7.614363431930542,11945,5.0,5.0,5.0
3401,7.61616849899292,11945,14.0,5.0,5.0
3410,7.6401355266571045,11945,17.168,5.0,5.0
3414,7.6536009311676025,11945,18.790016,5.0,5.0
3415,7.655490875244141,11945,25.032012800000004,5.0,5.0
3417,7.658375978469849,11945,26.020488192000006,5.0,5.0
3418,7.660169363021851,11945,30.816390553600005,5.0,5.0
3420,7.662315845489502,11945,19.722489954304006,5.0,5.0
3427,7.672341346740723,11945,16.462665508226337,5.0,5.0
3430,7.6816511154174805,11945,10.536105925264856,5.0,5.0
3435,7.689033508300781,11945,14.315588986988486,5.0,5.0
3440,7.7029194831848145,11945,11.452471189590788,5.0,5.0
3445,7.717093229293823,11945,15.863665249070486,5.0,5.0
3446,7.718828916549683,11945,22.690932199256387,5.0,5.0
3448,7.722085475921631,11945,24.522196607524087,5.0,5.0
3449,7.72380518913269,11945,29.61775728601927,5.0,5.0
3450,7.725516319274902,11945,33.69420582881541,5.0,5.0
3460,7.743575811386108,11945,18.83273389278899,5.0,5.0
3468,7.767270803451538,11945,16.171110241989098,5.0,5.0
3470,7.77411961555481,11945,22.93688819359128,5.0,5.0
3472,7.777390003204346,11945,28.349510554873024,5.0,5.0
3473,7.779114246368408,11945,32.67960844389842,5.0,5.0
3476,7.787263870239258,11945,30.91494940409499,5.0,5.0
3480,7.807544946670532,11945,19.785567618620796,5.0,5.0
3483,7.815309524536133,11945,22.66276327591731,5.0,5.0
3486,7.820399045944214,11945,24.504168496587077,5.0,5.0
3487,7.822183132171631,11945,29.603334797269664,5.0,5.0
3489,7.828973770141602,11945,33.68266783781573,5.0,5.0
3490,7.830528497695923,11945,26.946134270252585,5.0,5.0
3498,7.848056077957153,11945,18.829709277676372,5.0,5.0
3499,7.849782705307007,11945,25.063767422141098,5.0,5.0
3500,7.851121187210083,11945,25.063767422141098,5.0,5.0
3506,7.862887144088745,11945,20.266119136108998,5.0,5.0
3510,7.871951341629028,11945,12.970316247109759,5.0,5.0
3511,7.873717308044434,11945,20.376252997687807,5.0,5.0
3512,7.875488996505737,11945,26.301002398150246,5.0,5.0
3513,7.87723708152771,11945,31.0408019185202,5.0,5.0
3515,7.880650281906128,11945,29.86611322785293,5.0,5.0
3519,7.88921856880188,11945,29.11431246582588,5.0,5.0
3520,7.8909125328063965,11945,33.2914499726607,5.0,5.0
3522,7.894130229949951,11945,31.30652798250285,5.0,5.0
3526,7.900605201721191,11945,22.823153861633166,5.0,5.0
3527,7.902294158935547,11945,28.258523089306532,5.0,5.0
3529,7.905527830123901,11945,28.085454777156183,5.0,5.0
3530,7.909873962402344,11945,28.085454777156183,5.0,5.0
3533,7.914906024932861,11945,24.37975284590397,5.0,5.0
3537,7.925233364105225,11945,22.482433457102836,5.0,5.0
3540,7.9299211502075195,11945,21.511005930036653,5.0,5.0
3545,7.946488618850708,11945,23.767043795223458,5.0,5.0
3550,7.961784839630127,11945,12.16872642315441,5.0,5.0
3558,7.981152772903442,11945,14.0,5.0,5.0
3560,7.983518123626709,11945,14.0,5.0,5.0
3562,7.9861180782318115,11945,21.200000000000003,5.0,5.0
3565,7.9937803745269775,11945,23.568000000000005,5.0,5.0
3568,8.001180410385132,11945,25.083520000000007,5.0,5.0
3570,8.004378080368042,11945,30.066816000000006,5.0,5.0
3580,8.031028270721436,11945,19.852294266880005,5.0,5.0
3584,8.040569543838501,11945,20.164374664642565,5.0,5.0
3588,8.049846887588501,11945,20.324159828297,5.0,5.0
3590,8.055882692337036,11945,16.2593278626376,5.0,5.0
3596,8.068254947662354,11945,16.659820692536364,5.0,5.0
3597,8.070087909698486,11945,23.32785655402909,5.0,5.0
3600,8.074708700180054,11945,14.929828194578619,5.0,5.0
3601,8.076417446136475,11945,21.943862555662896,5.0,5.0
3606,8.083780527114868,11945,18.988206102799523,5.0,5.0
3609,8.088589429855347,11945,22.152451905791697,5.0,5.0
3610,8.090092897415161,11945,17.721961524633357,5.0,5.0
3611,8.091864347457886,11945,24.177569219706687,5.0,5.0
3618,8.111714363098145,11945,19.903132352391864,5.0,5.0
3619,8.113502740859985,11945,25.922505881913494,5.0,5.0
3620,8.114509105682373,11945,20.7380047055308,5.0,5.0
3621,8.116258144378662,11945,26.59040376442464,5.0,5.0
3622,8.117954969406128,11945,31.27232301153971,5.0,5.0
3623,8.1196129322052,11945,35.01785840923177,5.0,5.0
3630,8.140219688415527,11945,11.474651843537067,5.0,5.0
3631,8.144097089767456,11945,19.179721474829655,5.0,5.0
3632,8.146060705184937,11945,25.343777179863725,5.0,5.0
3637,8.158923625946045,11945,26.220017395112787,5.0,5.0
3639,8.163215160369873,11945,26.780811132872184,5.0,5.0
3640,8.164710521697998,11945,21.424648906297747,5.0,5.0
3645,8.1781907081604,11945,20.969420240024448,5.0,5.0
3647,8.181580066680908,11945,23.420428953615648,5.0,5.0
3649,8.184284448623657,11945,28.73634316289252,5.0,5.0
3650,8.185355424880981,11945,22.989074530314017,5.0,5.0
3655,8.19265341758728,11945,21.770406159520782,5.0,5.0
3660,8.20302939414978,11945,13.933059942093301,5.0,5.0
3665,8.21425199508667,11945,15.706981352281417,5.0,5.0
3668,8.219038248062134,11945,20.052468065460108,5.0,5.0
3669,8.220755338668823,11945,26.041974452368088,5.0,5.0
3670,8.222289085388184,11945,20.83357956189447,5.0,5.0
3675,8.231889009475708,11945,23.333490919612462,5.0,5.0
3680,8.242519855499268,11945,14.933434188551978,5.0,5.0
3682,8.245781183242798,11945,19.557397880673268,5.0,5.0
3684,8.249101400375366,11945,22.51673464363089,5.0,5.0
3685,8.250828981399536,11945,28.013387714904713,5.0,5.0
3686,8.252504348754883,11945,32.41071017192377,5.0,5.0
3690,8.264649391174316,11945,35.92856813753902,5.0,5.0
3691,8.266391277313232,11945,38.742854510031215,5.0,5.0
3698,8.280188083648682,11945,22.69525856584703,5.0,5.0
3700,8.283153533935547,11945,18.156206852677624,5.0,5.0
3701,8.284912347793579,11945,24.5249654821421,5.0,5.0
3703,8.288130044937134,11945,25.695977908570946,5.0,5.0
3704,8.289795160293579,11945,30.55678232685676,5.0,5.0
3707,8.297313690185547,11945,29.55634068918833,5.0,5.0
3710,8.304607152938843,11945,18.916058041080532,5.0,5.0
3712,8.310655355453491,11945,25.132846432864426,5.0,5.0
3715,8.314848184585571,11945,16.085021717033236,5.0,14.0
3720,8.327460527420044,11945,16.085021717033236,5.0,7.168000000000001
3726,8.340196132659912,11945,15.270739916237453,5.0,7.168000000000001
3728,8.346270561218262,11945,22.216591932989964,5.0,7.168000000000001
3729,8.347966194152832,11945,27.773273546391973,5.0,7.168000000000001
3730,8.349319458007812,11945,27.773273546391973,5.0,5.734400000000001
3731,8.351075887680054,11945,32.21861883711358,5.0,5.734400000000001
3736,8.36426305770874,11945,26.49593284460216,5.0,5.734400000000001
3737,8.366025924682617,11945,31.19674627568173,5.0,5.734400000000001
3740,8.370835304260254,11945,25.97273409314905,5.0,5.734400000000001
3747,8.381436347961426,11945,23.298039855692316,5.0,5.0
3750,8.388262748718262,11945,18.638431884553853,5.0,5.0
3754,8.397246360778809,11945,21.928596406114465,5.0,5.0
3760,8.409273862838745,11945,8.981953087944486,5.0,5.0
3763,8.416071653366089,11945,17.18556247035559,5.0,5.0
3767,8.430576801300049,11945,23.74844997628447,5.0,5.0
3768,8.432338953018188,11945,28.998759981027575,5.0,5.0
3770,8.435673475265503,11945,28.55920638785765,5.0,5.0
3777,8.45589280128479,11945,21.697850936466494,5.0,5.0
3778,8.457655668258667,11945,27.358280749173197,5.0,5.0
3780,8.463767766952515,11945,21.88662459933856,5.0,5.0
3781,8.46567440032959,11945,27.50929967947085,5.0,5.0
3784,8.470513820648193,11945,27.605951794861348,5.0,5.0
3785,8.472423553466797,11945,32.08476143588908,5.0,5.0
3786,8.474148035049438,11945,35.667809148711264,5.0,5.0
3790,8.488659620285034,11945,24.609534627312136,5.0,5.0
3791,8.490543365478516,11945,29.68762770184971,5.0,5.0
3794,8.495010614395142,11945,25.200065383347052,5.0,5.0
3795,8.496748208999634,11945,30.160052306677642,5.0,5.0
3798,8.501575946807861,11945,29.30243347627369,5.0,5.0
3800,8.508018732070923,11945,23.441946781018956,5.0,5.0
3802,8.511579513549805,11945,25.002845939852136,5.0,5.0
3805,8.516539335250854,11945,26.001821401505367,5.0,5.0
3807,8.519940376281738,11945,26.641165696963437,5.0,5.0
3810,8.531668901443481,11945,21.31293255757075,5.0,5.0
3812,8.535386800765991,11945,23.64027683684528,5.0,5.0
3814,8.538746118545532,11945,25.129777175580983,5.0,5.0
3817,8.543059349060059,11945,26.08305739237183,5.0,5.0
3818,8.544781923294067,11945,30.866445913897465,5.0,5.0
3820,8.55168604850769,11945,24.693156731117973,5.0,5.0
3824,8.562747240066528,11945,22.642896246332405,5.0,5.0
3827,8.567508935928345,11945,28.114316997065924,5.0,5.0
3830,8.572463274002075,11945,24.394530302497756,5.0,5.0
3837,8.590699672698975,11945,19.991999611903083,5.0,5.0
3840,8.60194182395935,11945,15.993599689522467,5.0,5.0
3841,8.60384225845337,11945,22.794879751617977,5.0,5.0
3844,8.608695030212402,11945,24.588723041035507,5.0,5.0
3848,8.618708372116089,11945,22.589426197010184,5.0,5.0
3850,8.62212085723877,11945,24.45723276608652,5.0,5.0
3852,8.62543249130249,11945,25.652628970295375,5.0,5.0
3860,8.649467706680298,11945,6.724682768789113,5.0,5.0
3864,8.659973382949829,11945,14.303796972025033,5.0,5.0
3870,8.671212911605835,11945,7.323544049676818,5.0,5.0
3873,8.682524919509888,11945,15.858835239741456,5.0,5.0
3874,8.684345006942749,11945,22.687068191793166,5.0,5.0
3877,8.692610740661621,11945,24.51972364274763,5.0,5.0
3880,8.696846008300781,11945,12.554098505086786,5.0,5.0
3882,8.700309038162231,11945,20.04327880406943,5.0,5.0
3886,8.70561170578003,11945,22.827698434604436,5.0,5.0
3890,8.7154541015625,11945,14.60972699814684,5.0,5.0
3891,8.717196702957153,11945,14.60972699814684,5.0,14.0
3892,8.718945264816284,11945,21.687781598517475,5.0,14.0
3897,8.73231315612793,11945,21.104144178440947,5.0,8.96
3900,8.73657774925232,11945,13.506652274202208,5.0,7.168000000000001
3901,8.738449335098267,11945,20.805321819361765,5.0,7.168000000000001
3908,8.758536338806152,11945,20.652324771513225,5.0,5.734400000000001
3910,8.761921882629395,11945,23.217487853768464,5.0,5.734400000000001
3915,8.775050640106201,11945,24.85919222641182,5.0,5.0
3920,8.782089948654175,11945,20.182325135938285,5.0,5.0
3926,8.791181564331055,11945,18.266680375680323,5.0,5.0
3927,8.792998552322388,11945,24.61334430054426,5.0,5.0
3930,8.801238059997559,11945,15.752540352348328,5.0,5.0
3932,8.804752588272095,11945,20.081625825502933,5.0,5.0
3940,8.839374542236328,11945,16.065300660402347,5.0,5.0
3942,8.846193552017212,11945,22.85224052832188,5.0,5.0
3944,8.852337837219238,11945,28.281792422657503,5.0,5.0
3945,8.854260683059692,11945,32.62543393812601,5.0,5.0
3947,8.85762882232666,11945,30.88027772040065,5.0,5.0
3949,8.860873460769653,11945,29.763377741056416,5.0,5.0
3950,8.862427711486816,11945,23.810702192845135,5.0,5.0
3955,8.880342960357666,11945,19.752863618189366,5.0,5.0
3957,8.887441396713257,11945,25.802290894551493,5.0,5.0
3959,8.890899896621704,11945,26.51346617251296,5.0,5.0
3960,8.89264702796936,11945,31.21077293801037,5.0,5.0
3965,8.913475513458252,11945,22.78393259540905,5.0,5.0
3967,8.91645884513855,11945,24.581716861061793,5.0,5.0
3970,8.924041986465454,11945,15.73229879107955,5.0,5.0
3975,8.935394048690796,11945,10.068671226290913,5.0,14.0
3980,8.952295780181885,11945,8.05493698103273,5.0,11.200000000000001
3984,8.958872079849243,11945,14.12412773428876,5.0,8.96
3990,8.974339246749878,11945,5.785242719964677,5.0,7.168000000000001
3995,8.995376110076904,11945,14.0,5.0,5.734400000000001
3996,8.997209548950195,11945,21.200000000000003,5.0,5.734400000000001
3998,9.000358819961548,11945,23.568000000000005,5.0,5.734400000000001
4000,9.006673812866211,11945,28.854400000000005,5.0,5.734400000000001
4001,9.008576154708862,11945,33.08352000000001,5.0,5.734400000000001
4002,9.010419368743896,11945,36.46681600000001,5.0,5.734400000000001
4006,9.028170347213745,11945,39.17345280000001,5.0,5.734400000000001
4010,9.041065692901611,11945,35.07100979200001,5.0,5.734400000000001
4011,9.0428626537323,11945,38.05680783360001,5.0,5.734400000000001
4012,9.044806957244873,11945,40.44544626688001,5.0,5.734400000000001
4013,9.046528577804565,11945,42.35635701350401,5.0,5.734400000000001
4017,9.05626106262207,11945,31.686454790914055,5.0,5.734400000000001
4020,9.06041955947876,11945,20.279331066184998,5.0,5.0
4030,9.087430000305176,11945,8.306414004709376,5.0,5.0
4031,9.089400291442871,11945,16.6451312037675,5.0,5.0
4032,9.091172218322754,11945,23.316104963014002,5.0,5.0
4033,9.092878818511963,11945,28.652883970411203,5.0,5.0
4035,9.096269845962524,11945,28.337845741063173,5.0,5.0
4040,9.110275745391846,11945,11.60718161553948,5.0,5.0
4044,9.121773958206177,11945,17.428596233945267,5.0,5.0
4046,9.125060081481934,11945,23.942876987156215,5.0,5.0
4048,9.128568410873413,11945,25.323441271779977,5.0,5.0
4050,9.131644248962402,11945,16.20700241393919,5.0,5.0
4054,9.136885166168213,11945,20.372481544921083,5.0,5.0
4055,9.138566255569458,11945,26.297985235936867,5.0,5.0
4060,9.151832580566406,11945,23.464568440799674,5.0,5.0
4063,9.15666127204895,11945,22.013859041689436,5.0,5.0
4065,9.162724494934082,11945,27.61108723335155,5.0,5.0
4066,9.16448974609375,11945,32.088869786681244,5.0,5.0
4068,9.170623064041138,11945,35.67109582934499,5.0,5.0
4070,9.173757553100586,11945,22.829501330780797,5.0,5.0
4072,9.179931402206421,11945,28.263601064624638,5.0,5.0
4076,9.18970537185669,11945,24.470963745087815,5.0,5.0
4080,9.196101665496826,11945,10.02330674998797,5.0,5.0
4088,9.217680215835571,11945,15.13193305599384,5.0,5.0
4090,9.220788478851318,11945,12.105546444795074,5.0,5.0
4092,9.224176406860352,11945,17.747549724668847,5.0,5.0
4094,9.22751784324646,11945,21.358431823788063,5.0,5.0
4095,9.22926640510559,11945,27.08674545903045,5.0,5.0
4096,9.2308988571167,11945,31.669396367224362,5.0,5.0
4100,9.240010738372803,11945,26.214730940018878,5.0,5.0
4105,9.250442266464233,11945,20.737553793031736,5.0,5.0
4106,9.252257823944092,11945,26.59004303442539,5.0,5.0
4109,9.259996175765991,11945,27.01762754203225,5.0,5.0
4110,9.261520862579346,11945,21.6141020336258,5.0,5.0
4120,9.290733575820923,11945,7.082508954378504,5.0,5.0
4130,9.314383029937744,11945,5.0,5.0,5.0
4132,9.317618608474731,11945,14.0,5.0,5.0
4134,9.320875644683838,11945,18.96,5.0,5.0
4137,9.328619956970215,11945,22.1344,5.0,5.0
4140,9.339808225631714,11945,17.70752,5.0,5.0
4142,9.343377351760864,11945,21.3328128,5.0,5.0
4150,9.359474897384644,11945,8.737920122880002,5.0,5.0
4153,9.364356517791748,11945,15.592268878643203,5.0,5.0
4154,9.366289138793945,11945,22.473815102914564,5.0,5.0
4155,9.368068218231201,11945,27.979052082331652,5.0,5.0
4156,9.369741201400757,11945,32.38324166586533,5.0,5.0
4160,9.384864091873169,11945,35.90659333269227,5.0,5.0
4161,9.38659381866455,11945,38.725274666153815,5.0,5.0
4163,9.389856815338135,11945,34.784175786338444,5.0,5.0
4170,9.409602165222168,11945,17.809498002605288,5.0,5.0
4171,9.411579608917236,11945,24.24759840208423,5.0,5.0
4175,9.42142105102539,11945,22.41477038186713,5.0,5.0
4178,9.429461240768433,11945,24.345453044394965,5.0,5.0
4180,9.432775735855103,11945,25.58108994841278,5.0,5.0
4184,9.438064098358154,11945,23.09751805358735,5.0,5.0
4185,9.439803123474121,11945,28.47801444286988,5.0,5.0
4187,9.443143367767334,11945,28.225929243436724,5.0,5.0
4190,9.44803261756897,11945,24.451675772639604,5.0,5.0
4200,9.474072933197021,11945,10.015406396473185,5.0,5.0
4204,9.483437776565552,11945,16.40986009374284,5.0,5.0
4205,9.485140800476074,11945,23.127888074994274,5.0,5.0
4209,9.495176792144775,11945,21.84147869439707,5.0,5.0
4210,9.496243000030518,11945,17.473182955517654,5.0,5.0
4214,9.50517749786377,11945,21.182837091531297,5.0,5.0
4216,9.508483171463013,11945,26.94626967322504,5.0,5.0
4217,9.510238647460938,11945,31.557015738580034,5.0,5.0
4220,9.518183469772339,11945,20.196490072691223,5.0,5.0
4223,9.523146152496338,11945,22.925753646522384,5.0,5.0
4226,9.530771255493164,11945,24.672482333774326,5.0,5.0
4230,9.536261081695557,11945,15.790388693615569,5.0,5.0
4231,9.538069009780884,11945,22.632310954892453,5.0,5.0
4233,9.541440963745117,11945,24.48467901113117,5.0,5.0
4236,9.54914402961731,11945,25.67019456712395,5.0,5.0
4237,9.550878524780273,11945,30.53615565369916,5.0,5.0
4240,9.555293321609497,11945,25.634511694693973,5.0,5.0
4243,9.562560796737671,11945,26.406087484604143,5.0,5.0
4247,9.569172382354736,11945,20.815933433693857,5.0,5.0
4250,9.580103874206543,11945,16.652746746955085,5.0,5.0
4251,9.582054615020752,11945,23.322197397564068,5.0,5.0
4254,9.586042642593384,11945,24.926206334441005,5.0,5.0
4255,9.58776330947876,11945,29.940965067552806,5.0,5.0
4257,9.591107845306396,11945,29.1622176432338,5.0,5.0
4260,9.598788022994995,11945,23.32977411458704,5.0,5.0
4263,9.6043701171875,11945,21.944844346668567,5.0,5.0
4264,9.606332302093506,11945,27.555875477334855,5.0,5.0
4266,9.610266923904419,11945,32.044700381867884,5.0,5.0
4268,9.613728284835815,11945,30.508608244395447,5.0,5.0
4270,9.616674661636353,11945,30.508608244395447,5.0,5.0
4273,9.6218900680542,11945,25.620407421130473,5.0,5.0
4275,9.624816179275513,11945,26.397060749523504,5.0,5.0
4280,9.646670818328857,11945,13.515295103756035,5.0,5.0
4282,9.653486251831055,11945,20.812236083004827,5.0,5.0
4290,9.673736095428467,11945,18.52469189959878,5.0,5.0
4300,9.700242280960083,11945,16.07017104166053,5.0,5.0
4305,9.711838245391846,11945,18.22792757333019,5.0,5.0
4307,9.715281248092651,11945,21.665873646931324,5.0,5.0
4309,9.721649646759033,11945,27.33269891754506,5.0,5.0
4310,9.72328805923462,11945,21.86615913403605,5.0,5.0
4311,9.725137710571289,11945,27.49292730722884,5.0,5.0
4317,9.743549823760986,11945,21.261103025040935,5.0,5.0
4320,9.751616954803467,11945,23.6071059360262,5.0,5.0
4330,9.773788690567017,11945,9.669470591396333,5.0,5.0
4337,9.791589498519897,11945,14.950768942794923,5.0,5.0
4340,9.803783655166626,11945,21.96061515423594,5.0,5.0
4341,9.805682897567749,11945,27.56849212338875,5.0,5.0
4342,9.807476997375488,11945,32.054793698711,5.0,5.0
4350,9.820722579956055,11945,18.402971839354898,5.0,5.0
4357,9.841580390930176,11945,17.537857265399765,5.0,5.0
4359,9.845134019851685,11945,21.224228649855853,5.0,5.0
4360,9.846593856811523,11945,21.224228649855853,5.0,5.0
4368,9.861969947814941,11945,16.954755243984767,5.0,5.0
4370,9.864905834197998,11945,16.954755243984767,5.0,5.0
4372,9.86818528175354,11945,23.563804195187814,5.0,5.0
4374,9.871273756027222,11945,23.563804195187814,5.0,14.0
4378,9.88633108139038,11945,28.851043356150253,5.0,8.96
4380,9.889832735061646,11945,28.464667747936165,5.0,8.96
4381,9.891580820083618,11945,32.77173419834894,5.0,8.96
4382,9.893247127532959,11945,36.21738735867915,5.0,8.96
4385,9.898123264312744,11945,38.97390988694332,5.0,5.734400000000001
4390,9.905566215515137,11945,25.963713489691987,5.0,5.0
4400,9.932812213897705,11945,8.507789636302274,5.0,5.0
4410,9.95709753036499,11945,5.444985367233456,5.0,5.0
4411,9.958924055099487,11945,14.355988293786766,5.0,5.0
4412,9.960708379745483,11945,21.484790635029412,5.0,5.0
4413,9.962514638900757,11945,27.18783250802353,5.0,5.0
4414,9.964273929595947,11945,31.750266006418826,5.0,5.0
4420,9.981362342834473,11945,16.25613619528644,5.0,5.0
4421,9.983319282531738,11945,23.00490895622915,5.0,5.0
4422,9.985162019729614,11945,28.403927164983322,5.0,5.0
4426,9.991627931594849,11945,21.63424856677717,5.0,5.0
4430,10.004628419876099,11945,17.307398853421738,5.0,5.0
4432,10.007888078689575,11945,23.84591908273739,5.0,5.0
4440,10.030358076095581,11945,9.767288456289236,5.0,5.0
4450,10.056822538375854,11945,5.00085168962009,5.0,5.0
4460,10.083555459976196,11945,5.0,5.0,5.0
4467,10.109421491622925,11945,14.0,5.0,5.0
4470,10.116771697998047,11945,18.96,5.0,5.0
4479,10.151235580444336,11945,17.766016,5.0,5.0
4480,10.155327796936035,11945,17.766016,5.0,5.0
4490,10.191098690032959,11945,7.276960153600003,5.0,5.0
4497,10.20651626586914,11945,14.0,5.0,5.0
4499,10.209812641143799,11945,21.200000000000003,5.0,5.0
4500,10.211622953414917,11945,26.960000000000004,5.0,5.0
4510,10.23380994796753,11945,8.834252800000003,5.0,5.0
4517,10.253456115722656,11945,15.653921792000002,5.0,5.0
4520,10.262357950210571,11945,12.523137433600002,5.0,5.0
4521,10.264406442642212,11945,20.018509946880002,5.0,5.0
4530,10.291627883911133,11945,10.249477092802563,5.0,5.0
4532,10.295324802398682,11945,18.19958167424205,5.0,5.0
4540,10.321807861328125,11945,7.454548653769546,5.0,5.0
4542,10.333807229995728,11945,15.963638923015637,5.0,5.0
4544,10.338818311691284,11945,22.770911138412508,5.0,5.0
4546,10.341912984848022,11945,28.21672891073001,5.0,5.0
4550,10.357953786849976,11945,22.57338312858401,5.0,5.0
4551,10.362438917160034,11945,28.058706502867206,5.0,5.0
4559,10.392918109893799,11945,24.36605772946801,5.0,5.0
4560,10.394809484481812,11945,19.49284618357441,5.0,5.0
4563,10.40395212173462,11945,22.475421557487625,5.0,5.0
4566,10.409125804901123,11945,21.507415837433665,5.0,5.0
4568,10.412647008895874,11945,23.764746135957544,5.0,5.0
4570,10.419934272766113,11945,19.011796908766037,5.0,5.0
4573,10.425316333770752,11945,19.734040017288216,5.0,5.0
4577,10.431575059890747,11945,18.083062791081254,5.0,5.0
4580,10.435826063156128,11945,14.466450232865004,5.0,5.0
4583,10.443971872329712,11945,19.2585281490336,5.0,5.0
4584,10.445797443389893,11945,25.406822519226882,5.0,5.0
4585,10.447577953338623,11945,30.325458015381507,5.0,5.0
4589,10.461398124694824,11945,29.408293129844168,5.0,5.0
4590,10.46665358543396,11945,29.408293129844168,5.0,5.0
4597,10.48263669013977,11945,22.04563686598417,5.0,5.0
4598,10.4844388961792,11945,27.636509492787336,5.0,5.0
4600,10.487712621688843,11945,27.6873660753839,5.0,5.0
4606,10.500102758407593,11945,24.175931430596556,5.0,5.0
4610,10.50853180885315,11945,12.378076892465439,5.0,5.0
4612,10.516022682189941,11945,19.90246151397235,5.0,5.0
4614,10.51911473274231,11945,25.92196921117788,5.0,5.0
4615,10.521567583084106,11945,30.737575368942306,5.0,5.0
4619,10.52979850769043,11945,22.59011087111877,5.0,5.0
4620,10.531275510787964,11945,22.59011087111877,5.0,5.0
4621,10.53318190574646,11945,28.07208869689502,5.0,5.0
4628,10.562288522720337,11945,19.198662024198562,5.0,5.0
4630,10.564804315567017,11945,15.35892961935885,5.0,5.0
4631,10.566575765609741,11945,22.28714369548708,5.0,5.0
4632,10.568281650543213,11945,27.829714956389665,5.0,5.0
4639,10.57941222190857,11945,17.295392797527814,5.0,5.0
4640,10.58089566230774,11945,13.836314238022252,5.0,5.0
4643,10.588017463684082,11945,18.85524111233424,5.0,5.0
4644,10.589840412139893,11945,25.084192889867396,5.0,5.0
4645,10.591556787490845,11945,30.06735431189392,5.0,5.0
4646,10.593347072601318,11945,34.05388344951514,5.0,5.0
4650,10.59970998764038,11945,17.435588326151755,5.0,5.0
4652,10.603171348571777,11945,21.158776528737125,5.0,5.0
4654,10.606755256652832,11945,23.54161697839176,5.0,5.0
4657,10.61124038696289,11945,22.053307892936584,5.0,5.0
4660,10.621659517288208,11945,14.114117051479415,5.0,5.0
4663,10.632104396820068,11945,19.033034912946825,5.0,5.0
4666,10.636624813079834,11945,19.744913875428775,5.0,5.0
4667,10.638391733169556,11945,25.79593110034302,5.0,5.0
4670,10.646965265274048,11945,26.509395904219534,5.0,5.0
4673,10.651430130004883,11945,26.966013378700506,5.0,5.0
4678,10.663494110107422,11945,27.258248562368326,5.0,5.0
4680,10.666442155838013,11945,27.445279079915732,5.0,5.0
4681,10.668238639831543,11945,31.956223263932586,5.0,5.0
4683,10.671631813049316,11945,35.564978611146074,5.0,5.0
4684,10.673813104629517,11945,38.45198288891686,5.0,5.0
4690,10.68851637840271,11945,22.59994575304028,5.0,5.0
4696,10.705075740814209,11945,19.256937780445302,5.0,5.0
4700,10.7254958152771,11945,12.324440179484995,5.0,5.0
4701,10.729264259338379,11945,19.859552143587997,5.0,5.0
4702,10.732305765151978,11945,25.887641714870398,5.0,5.0
4710,10.755744457244873,11945,10.603578046410917,5.0,5.0
4717,10.785266637802124,11945,16.786289949702986,5.0,5.0
4718,10.787603378295898,11945,23.42903195976239,5.0,5.0
4720,10.80043077468872,11945,18.743225567809912,5.0,5.0
4721,10.803530931472778,11945,24.99458045424793,5.0,5.0
4722,10.805495738983154,11945,29.995664363398348,5.0,5.0
4727,10.813809156417847,11945,22.286224123247965,5.0,5.0
4730,10.824458599090576,11945,24.2631834388787,5.0,5.0
4731,10.826396703720093,11945,29.41054675110296,5.0,5.0
4733,10.829927444458008,11945,28.822749920705895,5.0,5.0
4737,10.840595960617065,11945,24.75724795940142,5.0,5.0
4738,10.842450857162476,11945,29.805798367521135,5.0,5.0
4739,10.84416675567627,11945,33.84463869401691,5.0,5.0
4740,10.845717430114746,11945,27.075710955213527,5.0,5.0
4749,10.86629843711853,11945,21.090211207255464,5.0,5.0
4750,10.867891073226929,11945,16.872168965804374,5.0,5.0
4754,10.879939794540405,11945,18.63855051049184,5.0,5.0
4756,10.88364315032959,11945,21.92867232671478,5.0,5.0
4757,10.88551926612854,11945,27.542937861371822,5.0,5.0
4759,10.888478994369507,11945,27.627480231277968,5.0,5.0
4760,10.889427661895752,11945,27.627480231277968,5.0,5.0
4763,10.893832445144653,11945,27.6815873480179,5.0,5.0
4766,10.898507118225098,11945,24.17297272218517,5.0,5.0
4770,10.909393548965454,11945,22.37656203375881,5.0,5.0
4780,10.928298711776733,11945,5.86588147777767,5.0,5.0
4782,10.931297540664673,11945,14.692705182222136,5.0,5.0
4785,10.935938596725464,11945,19.403331316622168,5.0,5.0
4790,10.945701122283936,11945,12.41813204263819,5.0,5.0
4791,10.947588205337524,11945,19.93450563411055,5.0,5.0
4792,10.949437856674194,11945,25.94760450728844,5.0,5.0
4800,10.965697765350342,11945,8.502511044948278,5.0,5.0
4806,10.98310899734497,11945,14.353285655013519,5.0,5.0
4810,10.993755102157593,11945,9.186102819208653,5.0,5.0
4813,11.00297236442566,11945,15.879105804293538,5.0,5.0
4814,11.004852056503296,11945,22.70328464343483,5.0,5.0
4817,11.014365911483765,11945,24.530102171798294,5.0,5.0
4818,11.01627802848816,11945,29.624081737438637,5.0,5.0
4820,11.019651174545288,11945,18.95941231196073,5.0,5.0
4825,11.036291360855103,11945,19.707219103723894,5.0,5.0
4830,11.044443607330322,11945,10.090096181106635,5.0,5.0
4835,11.055523872375488,11945,15.166129244726598,5.0,5.0
4836,11.05740213394165,11945,22.132903395781277,5.0,5.0
4840,11.069849252700806,11945,14.165058173300018,5.0,5.0
4850,11.089372396469116,11945,5.0,5.0,5.0
4858,11.114052534103394,11945,14.0,5.0,5.0
4860,11.120014190673828,11945,11.200000000000001,5.0,5.0
4864,11.12611436843872,11945,15.7344,5.0,5.0
4865,11.128061056137085,11945,22.58752,5.0,5.0
4870,11.14600157737732,11945,9.251848192000002,5.0,5.0
4872,11.149183750152588,11945,17.4014785536,5.0,5.0
4875,11.154181241989136,11945,21.136946274304,5.0,5.0
4877,11.157567501068115,11945,23.52764561555456,5.0,5.0
4880,11.165702819824219,11945,15.057693193954922,5.0,5.0
4885,11.186639785766602,11945,22.046154555163938,5.0,5.0
4889,11.195381879806519,11945,21.287631132243938,5.0,5.0
4890,11.197133541107178,11945,27.030104905795152,5.0,5.0
4893,11.205083847045898,11945,27.2992671397089,5.0,5.0
4895,11.20821213722229,11945,31.839413711767122,5.0,5.0
4896,11.210092782974243,11945,35.4715309694137,5.0,5.0
4897,11.211882591247559,11945,38.37722477553096,5.0,5.0
4900,11.21603536605835,11945,19.649139085071855,5.0,5.0
4901,11.217844724655151,11945,25.719311268057485,5.0,5.0
4903,11.221131324768066,11945,26.460359211556792,5.0,5.0
4910,11.231008529663086,11945,6.936424405154345,5.0,5.0
4915,11.238569736480713,11945,14.0,5.0,5.0
4919,11.24827790260315,11945,18.96,5.0,5.0
4920,11.249818801879883,11945,15.168000000000001,5.0,5.0
4930,11.270581483840942,11945,17.766016,5.0,5.0
4933,11.275476455688477,11945,19.096200192000005,5.0,5.0
4939,11.28794813156128,11945,17.821803598643204,5.0,5.0
4940,11.289680004119873,11945,24.257442878914564,5.0,5.0
4943,11.294524908065796,11945,25.52476344250532,5.0,5.0
4945,11.297130107879639,11945,30.41981075400426,5.0,5.0
4950,11.310235023498535,11945,19.468678882562727,5.0,5.0
4952,11.313708543777466,11945,22.459954484840146,5.0,5.0
4959,11.327148199081421,11945,19.199597356990523,5.0,5.0
4960,11.328914880752563,11945,25.35967788559242,5.0,5.0
4961,11.33075499534607,11945,30.287742308473938,5.0,5.0
4962,11.33255386352539,11945,34.23019384677915,5.0,5.0
4963,11.334623575210571,11945,37.38415507742332,5.0,5.0
4964,11.336576700210571,11945,39.90732406193866,5.0,5.0
4965,11.338348388671875,11945,41.925859249550925,5.0,5.0
4970,11.34887409210205,11945,17.17283194861606,5.0,5.0
4975,11.359276294708252,11945,17.03399196615314,5.0,5.0
4980,11.372842073440552,11945,10.901754858338009,5.0,5.0
4984,11.37831997871399,11945,16.977123109336326,5.0,5.0
4986,11.384339570999146,11945,23.581698487469062,5.0,5.0
4987,11.38607144355774,11945,28.86535878997525,5.0,5.0
4990,11.393682479858398,11945,18.473829625584163,5.0,5.0
5000,11.416955709457397,11945,6.053504491711419,5.0,5.0
5010,11.438749074935913,11945,5.0,5.0,5.0
5011,11.44057035446167,11945,14.0,5.0,5.0
5012,11.442276954650879,11945,21.200000000000003,5.0,5.0
5014,11.4455246925354,11945,23.568000000000005,5.0,5.0
5018,11.454888105392456,11945,25.083520000000007,5.0,5.0
5020,11.45843505859375,11945,16.053452800000006,5.0,5.0
5021,11.460215091705322,11945,22.842762240000006,5.0,5.0
5030,11.483381986618042,11945,11.695494266880004,5.0,5.0
5032,11.489661455154419,11945,19.356395413504003,5.0,5.0
5034,11.49309515953064,11945,22.38809306464256,5.0,5.0
5035,11.494795322418213,11945,27.910474451714048,5.0,5.0
5037,11.498018741607666,11945,32.328379561371236,5.0,5.0
5038,11.499712944030762,11945,35.862703649096986,5.0,5.0
5040,11.50291657447815,11945,22.952130335422073,5.0,5.0
5050,11.521662712097168,11945,9.401192585388882,5.0,5.0
5052,11.527575969696045,11945,17.520954068311106,5.0,5.0
5054,11.530995607376099,11945,21.21341060371911,5.0,5.0
5060,11.54555082321167,11945,10.861266229104187,5.0,5.0
5061,11.54734754562378,11945,18.689012983283348,5.0,5.0
5066,11.5585355758667,11945,19.568774647441074,5.0,5.0
5068,11.561326026916504,11945,22.52401577436229,5.0,5.0
5069,11.563036918640137,11945,28.01921261948983,5.0,5.0
5070,11.567535638809204,11945,28.01921261948983,5.0,5.0
5074,11.573426723480225,11945,27.932296076473495,5.0,5.0
5080,11.587992191314697,11945,17.876669488943037,5.0,5.0
5088,11.60685682296753,11945,19.152854778338835,5.0,5.0
5090,11.609732389450073,11945,19.152854778338835,5.0,5.0
5093,11.617572546005249,11945,22.257827058136854,5.0,5.0
5099,11.62997317314148,11945,17.293444770410286,5.0,5.0
5100,11.631000518798828,11945,13.83475581632823,5.0,5.0
5109,11.650091886520386,11945,17.083394977960054,5.0,5.0
5110,11.654457569122314,11945,17.083394977960054,5.0,5.0
5114,11.660755395889282,11945,20.933372785894434,5.0,5.0
5119,11.67809796333313,11945,23.397358582972437,5.0,5.0
5120,11.679818391799927,11945,28.71788686637795,5.0,5.0
5130,11.703611135482788,11945,11.76284646046841,5.0,5.0
5135,11.717339277267456,11945,17.528221734699784,5.0,5.0
5138,11.725184917449951,11945,21.218061910207865,5.0,5.0
5139,11.726937055587769,11945,26.974449528166293,5.0,5.0
5140,11.728656530380249,11945,31.579559622533036,5.0,5.0
5141,11.732555866241455,11945,35.26364769802643,5.0,5.0
5142,11.734660148620605,11945,38.21091815842115,5.0,5.0
5147,11.742626667022705,11945,22.520953662151445,5.0,5.0
5148,11.744399309158325,11945,28.016762929721157,5.0,5.0
5150,11.746561288833618,11945,17.930728275021544,5.0,5.0
5152,11.749863386154175,11945,14.344582620017235,5.0,14.0
5153,11.751615285873413,11945,21.47566609601379,5.0,14.0
5158,11.762251377105713,11945,23.744426301448826,5.0,8.96
5159,11.764027833938599,11945,28.99554104115906,5.0,8.96
5160,11.765797853469849,11945,33.19643283292725,5.0,8.96
5163,11.770571231842041,11945,36.5571462663418,5.0,5.734400000000001
5164,11.77231764793396,11945,39.245717013073445,5.0,5.734400000000001
5166,11.778629064559937,11945,41.39657361045876,5.0,5.734400000000001
5170,11.791694641113281,11945,26.49380711069361,5.0,5.734400000000001
5172,11.795312881469727,11945,26.956036550843912,5.0,5.734400000000001
5178,11.810193061828613,11945,23.801490714032084,5.0,5.0
5180,11.813549041748047,11945,29.041192571225668,5.0,5.0
5182,11.817257165908813,11945,28.58636324558443,5.0,5.0
5190,11.844228506088257,11945,11.708974385391384,5.0,5.0
5197,11.855677843093872,11945,14.795995908256312,5.0,5.0
5199,11.861798524856567,11945,21.83679672660505,5.0,5.0
5200,11.863575458526611,11945,27.469437381284042,5.0,5.0
5203,11.87146782875061,11945,27.58043992402179,5.0,5.0
5204,11.873338222503662,11945,32.06435193921743,5.0,5.0
5210,11.885391473770142,11945,20.506846843442773,5.0,5.0
5213,11.89360523223877,11945,23.124381979803374,5.0,5.0
5216,11.902605772018433,11945,24.79960446707416,5.0,5.0
5220,11.909097671508789,11945,12.697397487141972,5.0,5.0
5230,11.927663326263428,11945,6.50106751341669,5.0,5.0
5240,11.961780786514282,11945,5.0,5.0,5.0
5244,11.974365472793579,11945,14.0,5.0,5.0
5250,11.994373798370361,11945,7.168000000000001,5.0,5.0
5252,12.00448226928711,11945,14.587520000000001,5.0,5.0
5256,12.01663064956665,11945,19.336012800000002,5.0,5.0
5260,12.023081064224243,11945,12.375048192000003,5.0,5.0
5266,12.036365270614624,11945,16.336024674304003,5.0,5.0
5270,12.056650638580322,11945,10.455055791554564,5.0,5.0
5274,12.066672801971436,11945,16.69123570659492,5.0,5.0
5280,12.078674793243408,11945,6.83673014542128,5.0,5.0
5282,12.082109689712524,11945,15.469384116337025,5.0,5.0
5288,12.093615293502808,11945,17.920324667564557,5.0,5.0
5290,12.096707105636597,11945,21.469007787241317,5.0,5.0
5291,12.098603248596191,11945,27.175206229793055,5.0,5.0
5300,12.133705615997314,11945,7.1238172619028735,5.0,5.0
5310,12.167315483093262,11945,5.699053809522299,5.0,5.0
5320,12.203053951263428,11945,5.0,5.0,5.0
5330,12.238930463790894,11945,5.0,5.0,5.0
5336,12.2619469165802,11945,14.0,5.0,5.0
5338,12.264726161956787,11945,21.200000000000003,5.0,5.0
5340,12.27099895477295,11945,16.960000000000004,5.0,5.0
5350,12.291917562484741,11945,5.0,5.0,5.0
5358,12.317866563796997,11945,14.0,5.0,5.0
5359,12.321722745895386,11945,21.200000000000003,5.0,5.0
5360,12.332621812820435,11945,21.200000000000003,5.0,5.0
5364,12.343507766723633,11945,23.568000000000005,5.0,5.0
5365,12.345331192016602,11945,28.854400000000005,5.0,5.0
5366,12.347096681594849,11945,33.08352000000001,5.0,5.0
5367,12.348823070526123,11945,36.46681600000001,5.0,5.0
5370,12.35592794418335,11945,18.671009792000007,5.0,5.0
5374,12.367419242858887,11945,24.936807833600007,5.0,5.0
5380,12.393359899520874,11945,12.767645610803205,5.0,5.0
5381,12.395755052566528,11945,20.214116488642567,5.0,5.0
5383,12.4066641330719,11945,26.171293190914053,5.0,5.0
5390,12.435444355010986,11945,13.399702113747999,5.0,5.0
5396,12.459682941436768,11945,16.860647482238974,5.0,5.0
5397,12.461523056030273,11945,23.48851798579118,5.0,5.0
5399,12.464976072311401,11945,25.032651510906355,5.0,5.0
5400,12.466740131378174,11945,30.026121208725087,5.0,5.0
5408,12.483572959899902,11945,22.2986992470938,5.0,5.0
5409,12.485468626022339,11945,27.83895939767504,5.0,5.0
5410,12.487068176269531,11945,22.271167518140032,5.0,5.0
5412,12.493894815444946,11945,27.816934014512025,5.0,5.0
5420,12.510225534439087,11945,15.833633880240194,5.0,5.0
5430,12.530645847320557,11945,16.485456437346386,5.0,5.0
5435,12.538519620895386,11945,16.75244295673708,5.0,5.0
5440,12.552860975265503,11945,8.577250793849386,5.0,5.0
5450,12.570457696914673,11945,5.489440508063607,5.0,5.0
5457,12.583745241165161,11945,14.0,5.0,5.0
5460,12.591312170028687,11945,11.200000000000001,5.0,5.0
5465,12.602208614349365,11945,18.96,5.0,5.0
5466,12.604063749313354,11945,25.168,5.0,5.0
5469,12.609122514724731,11945,22.886016,5.0,5.0
5470,12.610697984695435,11945,18.308812800000002,5.0,5.0
5471,12.612584829330444,11945,24.647050240000002,5.0,5.0
5473,12.61544919013977,11945,25.774112153600004,5.0,5.0
5475,12.618789434432983,11945,26.495431778304006,5.0,5.0
5477,12.622010231018066,11945,31.196345422643205,5.0,5.0
5480,12.629595756530762,11945,29.965661070491652,5.0,5.0
5484,12.639923810958862,11945,25.34241846809173,5.0,5.0
5487,12.64794659614563,11945,26.21914781957871,5.0,5.0
5489,12.651331901550293,11945,26.780254604530377,5.0,5.0
5490,12.65286135673523,11945,21.424203683624302,5.0,5.0
5500,12.670435190200806,11945,5.616226450440011,5.0,5.0
5503,12.68166184425354,11945,14.49298116035201,5.0,5.0
5505,12.68786096572876,11945,21.594384928281606,5.0,5.0
5507,12.691252946853638,11945,23.82040635410023,5.0,5.0
5510,12.695966005325317,11945,15.245060066624147,5.0,5.0
5512,12.699367046356201,11945,19.756838442639456,5.0,5.0
5517,12.70729923248291,11945,20.115501282631403,5.0,5.0
5520,12.715595006942749,11945,22.8739208208841,5.0,5.0
5524,12.722172975540161,11945,21.71144746029266,5.0,5.0
5525,12.723911046981812,11945,27.36915796823413,5.0,5.0
5527,12.727460384368896,11945,31.895326374587306,5.0,5.0
5530,12.736571788787842,11945,30.41300887973588,5.0,5.0
5539,12.753954648971558,11945,17.972587799769485,5.0,5.0
5540,12.755783557891846,11945,24.37807023981559,5.0,5.0
5541,12.757606744766235,11945,29.502456191852474,5.0,5.0
5543,12.760369300842285,11945,28.881571962785586,5.0,5.0
5550,12.776662826538086,11945,11.82989187595698,5.0,5.0
5553,12.784732103347778,11945,17.571130800612465,5.0,5.0
5560,12.80715537071228,11945,8.996418969913583,5.0,5.0
5562,12.81014633178711,11945,17.197135175930867,5.0,5.0
5564,12.813143253326416,11945,21.006166512595755,5.0,5.0
5570,12.823169946670532,11945,6.88330064284738,5.0,5.0
5572,12.825945854187012,11945,15.506640514277905,5.0,5.0
5575,12.833332061767578,11945,19.924249929137858,5.0,5.0
5580,12.841234683990479,11945,8.160972770974869,5.0,5.0
5581,12.843112230300903,11945,16.528778216779894,5.0,5.0
5584,12.850853681564331,11945,20.578418058739132,5.0,5.0
5590,12.859214782714844,11945,8.42892003685955,5.0,5.0
5599,12.883333921432495,11945,14.31560705887209,5.0,5.0
5600,12.888647556304932,11945,14.31560705887209,5.0,5.0
5604,12.903493881225586,11945,19.16198851767814,5.0,5.0
5605,12.9054696559906,11945,25.329590814142513,5.0,5.0
5607,12.908994197845459,11945,26.21093812105121,5.0,5.0
5610,12.914055585861206,11945,13.420000317978221,5.0,5.0
5612,12.91684627532959,11945,20.736000254382578,5.0,5.0
5614,12.923389434814453,11945,26.588800203506064,5.0,5.0
5616,12.927006006240845,11945,27.01683213024388,5.0,5.0
5620,12.938342809677124,11945,23.83261805068487,5.0,5.0
5621,12.940208673477173,11945,29.066094440547896,5.0,5.0
5622,12.94199538230896,11945,33.25287555243832,5.0,5.0
5630,12.962559938430786,11945,18.717041808818394,5.0,5.0
5635,12.973565816879272,11945,24.973633447054716,5.0,5.0
5639,12.98325252532959,11945,22.786500324892017,5.0,5.0
5640,12.984789371490479,11945,18.229200259913615,5.0,5.0
5643,12.989100456237793,11945,24.583360207930895,5.0,5.0
5650,13.003743410110474,11945,20.069344341168495,5.0,5.0
5651,13.005600214004517,11945,26.0554754729348,5.0,5.0
5653,13.012266159057617,11945,30.84438037834784,5.0,5.0
5654,13.014094352722168,11945,34.67550430267828,5.0,5.0
5655,13.015868902206421,11945,37.74040344214262,5.0,5.0
5656,13.01770281791687,11945,40.192322753714095,5.0,5.0
5657,13.019641876220703,11945,42.15385820297128,5.0,5.0
5659,13.022505760192871,11945,36.97846924990162,5.0,5.0
5660,13.02410626411438,11945,29.5827753999213,5.0,5.0
5662,13.030946493148804,11945,33.66622031993704,5.0,5.0
5663,13.03268575668335,11945,36.93297625594963,5.0,5.0
5664,13.03443956375122,11945,39.54638100475971,5.0,5.0
5668,13.047292947769165,11945,30.247747074436973,5.0,5.0
5670,13.050851106643677,11945,19.358558127639665,5.0,5.0
5671,13.052720546722412,11945,25.48684650211173,5.0,5.0
5680,13.071039915084839,11945,16.68122388944958,5.0,5.0
5686,13.093249559402466,11945,20.675983289247732,5.0,5.0
5688,13.099828243255615,11945,26.540786631398188,5.0,5.0
5689,13.101608753204346,11945,31.23262930511855,5.0,5.0
5690,13.103332996368408,11945,34.98610344409484,5.0,5.0
5693,13.108178853988647,11945,27.91288496337656,5.0,5.0
5695,13.11139178276062,11945,32.33030797070125,5.0,5.0
5700,13.125255107879639,11945,16.55311768099904,5.0,5.0
5701,13.127164363861084,11945,23.24249414479923,5.0,5.0
5705,13.14200472831726,11945,21.900157002137206,5.0,5.0
5707,13.148248672485352,11945,27.520125601709765,5.0,5.0
5709,13.155059814453125,11945,32.016100481367815,5.0,5.0
5710,13.156999826431274,11945,35.61288038509426,5.0,5.0
5711,13.158811092376709,11945,38.49030430807541,5.0,5.0
5713,13.161613941192627,11945,40.79224344646033,5.0,5.0
5715,13.168176174163818,11945,42.63379475716827,5.0,5.0
5720,13.18140983581543,11945,21.828502915670157,5.0,5.0
5730,13.202513456344604,11945,7.152763835406798,5.0,5.0
5737,13.232633113861084,11945,15.72221106832544,5.0,5.0
5740,13.243768215179443,11945,12.577768854660352,5.0,5.0
5750,13.270744562149048,11945,5.0,5.0,5.0
5754,13.280409574508667,11945,14.0,5.0,5.0
5756,13.28376841545105,11945,21.200000000000003,5.0,5.0
5758,13.289839506149292,11945,26.960000000000004,5.0,5.0
5760,13.295674324035645,11945,21.568000000000005,5.0,5.0
5767,13.306087970733643,11945,17.067402240000003,5.0,5.0
5770,13.310726642608643,11945,13.653921792000004,5.0,5.0
5777,13.322602987289429,11945,14.0,5.0,5.0
5780,13.330358743667603,11945,11.200000000000001,5.0,5.0
5787,13.34731125831604,11945,15.7344,5.0,5.0
5790,13.351980209350586,11945,10.070016000000003,5.0,5.0
5800,13.380940198898315,11945,15.155848192000002,5.0,5.0
5805,13.388883590698242,11945,19.699742842880003,5.0,5.0
5807,13.391606569290161,11945,25.759794274304003,5.0,5.0
5809,13.395054340362549,11945,26.486268335554566,5.0,5.0
5810,13.396826982498169,11945,31.189014668443654,5.0,5.0
5811,13.398587703704834,11945,34.95121173475492,5.0,5.0
5813,13.404996156692505,11945,37.96096938780394,5.0,5.0
5819,13.41499638557434,11945,19.95124035919648,5.0,5.0
5820,13.41656494140625,11945,15.960992287357184,5.0,5.0
5825,13.424972772598267,11945,20.2150350639086,5.0,5.0
5830,13.432472705841064,11945,8.280078362176965,5.0,5.0
5835,13.44733476638794,11945,14.239400121434606,5.0,5.0
5839,13.457027196884155,11945,19.11321607771815,5.0,5.0
5840,13.458446741104126,11945,19.11321607771815,5.0,5.0
5842,13.462090492248535,11945,25.29057286217452,5.0,5.0
5843,13.463857650756836,11945,30.23245828973962,5.0,5.0
5847,13.473891258239746,11945,25.479018644346688,5.0,5.0
5848,13.475691795349121,11945,30.383214915477353,5.0,5.0
5850,13.479138135910034,11945,29.44525754590551,5.0,5.0
5859,13.511158466339111,11945,22.0607774908029,5.0,5.0
5860,13.512318849563599,11945,17.64862199264232,5.0,5.0
5870,13.532962083816528,11945,9.036094460232869,5.0,5.0
5872,13.540233373641968,11945,17.228875568186297,5.0,5.0
5873,13.542145490646362,11945,23.783100454549036,5.0,5.0
5879,13.565106868743896,11945,25.221184290911385,5.0,5.0
5880,13.566070795059204,11945,25.221184290911385,5.0,5.0
5881,13.567930936813354,11945,30.176947432729108,5.0,5.0
5882,13.569809436798096,11945,34.14155794618328,5.0,5.0
5883,13.571645736694336,11945,37.31324635694663,5.0,5.0
5888,13.582852363586426,11945,25.28350570780534,5.0,5.0
5890,13.586414575576782,11945,30.226804566244272,5.0,5.0
5900,13.605868816375732,11945,7.923775456213541,5.0,5.0
5903,13.610902309417725,11945,15.071216291976667,5.0,5.0
5904,13.612712383270264,11945,22.056973033581336,5.0,5.0
5910,13.622284173965454,11945,11.293170193193646,5.0,5.0
5911,13.624176263809204,11945,19.034536154554917,5.0,5.0
5918,13.635773181915283,11945,16.237236807124557,5.0,5.0
5919,13.63761281967163,11945,22.989789445699646,5.0,5.0
5920,13.642518520355225,11945,22.989789445699646,5.0,5.0
5921,13.645408630371094,11945,28.39183155655972,5.0,5.0
5924,13.654394626617432,11945,28.17077219619822,5.0,5.0
5928,13.664934873580933,11945,28.029294205566863,5.0,5.0
5930,13.668813228607178,11945,27.938748291562796,5.0,5.0
5936,13.685779094696045,11945,24.304639125280154,5.0,5.0
5940,13.695224285125732,11945,15.5549690401793,5.0,5.0
5942,13.698960781097412,11945,19.955180185714752,5.0,5.0
5945,13.704172134399414,11945,22.771315318857443,5.0,5.0
5946,13.706047773361206,11945,28.217052255085957,5.0,5.0
5950,13.716482877731323,11945,24.44713075460401,5.0,5.0
5960,13.735459566116333,11945,16.408668644534917,5.0,5.0
5970,13.763352870941162,11945,8.401238346001879,5.0,5.0
5980,13.779022216796875,11945,5.0,5.0,5.0
5981,13.7809739112854,11945,14.0,5.0,5.0
5985,13.790343999862671,11945,21.200000000000003,5.0,5.0
5990,13.805893898010254,11945,16.960000000000004,5.0,5.0
5992,13.813121795654297,11945,23.568000000000005,5.0,5.0
6000,13.828803300857544,11945,9.653452800000004,5.0,5.0
6007,13.843204259872437,11945,16.178209792000004,5.0,5.0
6010,13.851691246032715,11945,12.942567833600004,5.0,5.0
6011,13.85362982749939,11945,20.354054266880006,5.0,5.0
6015,13.868040561676025,11945,26.283243413504007,5.0,5.0
6016,13.86990237236023,11945,31.026594730803208,5.0,5.0
6017,13.871746063232422,11945,34.821275784642566,5.0,5.0
6020,13.87602710723877,11945,22.285616502171244,5.0,5.0
6029,13.896802186965942,11945,17.302550815431474,5.0,5.0
6030,13.898442506790161,11945,13.84204065234518,5.0,5.0
6036,13.915395498275757,11945,15.669699851200587,5.0,5.0
6040,13.925997495651245,11945,8.022886323814701,5.0,5.0
6041,13.92797565460205,11945,16.41830905905176,5.0,5.0
6042,13.929872989654541,11945,23.13464724724141,5.0,5.0
6050,13.955237627029419,11945,7.5807612099760675,5.0,5.0
6060,13.990031242370605,11945,5.0,5.0,5.0
6070,14.015480279922485,11945,5.0,5.0,5.0
6077,14.039038896560669,11945,14.0,5.0,5.0
6078,14.04096794128418,11945,21.200000000000003,5.0,5.0
6080,14.049550294876099,11945,16.960000000000004,5.0,5.0
6088,14.07389521598816,11945,16.946816000000005,5.0,5.0
6090,14.081521272659302,11945,13.557452800000005,5.0,5.0
6093,14.086308240890503,11945,18.676769792000005,5.0,5.0
6094,14.08837342262268,11945,24.941415833600004,5.0,5.0
6100,14.102208614349365,11945,15.962506133504005,5.0,5.0
6101,14.105295419692993,11945,22.770004906803205,5.0,5.0
6110,14.124964237213135,11945,17.461275207861277,5.0,5.0
6111,14.127348184585571,11945,23.96902016628902,5.0,5.0
6117,14.142273902893066,11945,19.817710660111985,5.0,5.0
6118,14.144098997116089,11945,25.854168528089588,5.0,5.0
6120,14.146912813186646,11945,30.68333482247167,5.0,5.0
6127,14.16372537612915,11945,22.5678939432844,5.0,5.0
6130,14.170897006988525,11945,18.05431515462752,5.0,5.0
6140,14.196006298065186,11945,5.916037989868347,5.0,5.0
6150,14.219410181045532,11945,5.0,5.0,5.0
6151,14.2213134765625,11945,14.0,5.0,5.0
6154,14.229811191558838,11945,18.96,5.0,5.0
6155,14.231621980667114,11945,25.168,5.0,5.0
6156,14.233440637588501,11945,30.1344,5.0,5.0
6160,14.239681959152222,11945,19.286016000000004,5.0,5.0
6163,14.244811773300171,11945,12.343050240000004,5.0,14.0
6169,14.257083177566528,11945,17.899552153600002,5.0,7.168000000000001
6170,14.258861541748047,11945,24.31964172288,5.0,7.168000000000001
6171,14.26062297821045,11945,29.455713378304,5.0,7.168000000000001
6175,14.26590347290039,11945,28.851656562114563,5.0,5.0
6178,14.273946046829224,11945,28.46506019975332,5.0,5.0
6179,14.275735855102539,11945,32.77204815980266,5.0,5.0
6180,14.277485609054565,11945,36.21763852784213,5.0,5.0
6182,14.28083324432373,11945,38.9741108222737,5.0,5.0
6189,14.290939092636108,11945,22.77103663424265,5.0,5.0
6190,14.292027711868286,11945,18.216829307394118,5.0,5.0
6200,14.327693223953247,11945,7.4616132843086325,5.0,5.0
6202,14.334238052368164,11945,15.969290627446906,5.0,5.0
6210,14.366567611694336,11945,16.541021441002254,5.0,5.0
6214,14.373422145843506,11945,18.469002977793156,5.0,5.0
6215,14.37522554397583,11945,24.775202382234525,5.0,5.0
6216,14.377023696899414,11945,29.82016190578762,5.0,5.0
6220,14.38712191581726,11945,19.08490361970408,5.0,5.0
6230,14.409101486206055,11945,15.002992974483707,5.0,5.0
6239,14.435362339019775,11945,17.68153240293566,5.0,5.0
6240,14.43718671798706,11945,24.14522592234853,5.0,5.0
6241,14.438997507095337,11945,29.316180737878824,5.0,5.0
6243,14.442578792572021,11945,28.76235567224245,5.0,5.0
6245,14.445997953414917,11945,33.009884537793965,5.0,5.0
6250,14.454011917114258,11945,13.52084870668041,5.0,5.0
6251,14.455870389938354,11945,20.81667896534433,5.0,5.0
6256,14.467776536941528,11945,20.6581396302563,5.0,5.0
6257,14.46956205368042,11945,26.526511704205042,5.0,5.0
6258,14.471321105957031,11945,31.221209363364036,5.0,5.0
6260,14.477612733840942,11945,24.97696749069123,5.0,5.0
6261,14.4795081615448,11945,29.981573992552985,5.0,5.0
6264,14.484377145767212,11945,29.18820735523391,5.0,5.0
6265,14.48622989654541,11945,33.350565884187134,5.0,5.0
6266,14.487991333007812,11945,36.68045270734971,5.0,5.0
6270,14.49461579322815,11945,25.024313428930444,5.0,5.0
6273,14.499591588973999,11945,26.015560594515488,5.0,5.0
6277,14.506513118743896,11945,23.319967024391932,5.0,5.0
6279,14.51388430595398,11945,28.655973619513546,5.0,5.0
6280,14.518554210662842,11945,28.655973619513546,5.0,5.0
6283,14.523670673370361,11945,28.33982311648867,5.0,5.0
6286,14.528254270553589,11945,28.137486794552753,5.0,5.0
6287,14.530174016952515,11945,32.509989435642204,5.0,5.0
6290,14.53899621963501,11945,26.007991548513765,5.0,5.0
6293,14.546765089035034,11945,26.64511459104881,5.0,5.0
6295,14.550195693969727,11945,27.05287333827124,5.0,5.0
6297,14.55366325378418,11945,27.313838936493596,5.0,5.0
6299,14.560630559921265,11945,31.85107114919488,5.0,5.0
6300,14.566103219985962,11945,31.85107114919488,5.0,5.0
6307,14.58499789237976,11945,26.30774842838778,5.0,5.0
6310,14.591583967208862,11945,21.046198742710224,5.0,5.0
6319,14.614376544952393,11945,16.89641840401129,5.0,5.0
6320,14.616026163101196,11945,13.517134723209033,5.0,5.0
6328,14.635808229446411,11945,16.920772978283026,5.0,5.0
6330,14.639041900634766,11945,10.829294706101138,5.0,5.0
6340,14.66800856590271,11945,5.544598889523783,5.0,5.0
6350,14.698956727981567,11945,14.0,5.0,5.0
6352,14.702994108200073,11945,18.96,5.0,5.0
6357,14.711296558380127,11945,19.707520000000002,5.0,5.0
6360,14.719499111175537,11945,12.612812800000002,5.0,5.0
6365,14.731650352478027,11945,18.072200192000004,5.0,5.0
6370,14.748465538024902,11945,14.457760153600004,5.0,5.0
6373,14.756016731262207,11945,21.566208122880006,5.0,5.0
6378,14.76353931427002,11945,23.802373198643203,5.0,5.0
6380,14.766965389251709,11945,25.233518847131652,5.0,5.0
6381,14.768754243850708,11945,30.186815077705322,5.0,5.0
6389,14.790419578552246,11945,22.364519455828102,5.0,5.0
6390,14.794989824295044,11945,22.364519455828102,5.0,5.0
6391,14.796959400177002,11945,27.891615564662484,5.0,5.0
6393,14.803370237350464,11945,32.31329245172999,5.0,5.0
6400,14.821812629699707,11945,16.54440573528576,5.0,5.0
6407,14.841429233551025,11945,20.588419670582887,5.0,5.0
6410,14.8547842502594,11945,20.588419670582887,5.0,5.0
6415,14.86977505683899,11945,23.17658858917305,5.0,5.0
6418,14.874391794204712,11945,24.833016697070754,5.0,5.0
6419,14.87619662284851,11945,29.866413357656604,5.0,5.0
6420,14.877841711044312,11945,23.893130686125286,5.0,5.0
6422,14.8814218044281,11945,25.291603639120183,5.0,5.0
6424,14.888141870498657,11945,30.233282911296147,5.0,5.0
6425,14.889949798583984,11945,34.18662632903692,5.0,5.0
6427,14.893344402313232,11945,31.87944085058363,5.0,5.0
6430,14.909836292266846,11945,20.402842144373526,5.0,5.0
6440,14.933397769927979,11945,8.357004142335397,5.0,5.0
6443,14.938189506530762,11945,15.348482651094654,5.0,5.0
6446,14.950695276260376,11945,22.278786120875722,5.0,5.0
6450,14.957008123397827,11945,19.125390795110697,5.0,5.0
6460,14.9915452003479,11945,7.833760069677343,5.0,5.0
6465,15.00243091583252,11945,15.0136064445935,5.0,5.0
6468,15.010194540023804,11945,19.608708124539838,5.0,5.0
6470,15.016515970230103,11945,25.686966499631872,5.0,5.0
6479,15.037020444869995,11945,20.521381478249218,5.0,5.0
6480,15.03881573677063,11945,26.417105182599375,5.0,5.0
6489,15.055383682250977,11945,15.540068496789868,5.0,5.0
6490,15.056909084320068,11945,12.432054797431896,5.0,5.0
6491,15.058699131011963,11945,19.945643837945518,5.0,5.0
6498,15.072427034378052,11945,16.53578857281799,5.0,5.0
6500,15.078459024429321,11945,13.228630858254391,5.0,5.0
6501,15.08028507232666,11945,20.582904686603513,5.0,5.0
6502,15.082022428512573,11945,26.46632374928281,5.0,5.0
6503,15.083812952041626,11945,31.17305899942625,5.0,5.0
6505,15.087133169174194,11945,29.950757759632804,5.0,5.0
6506,15.088837146759033,11945,33.96060620770625,5.0,5.0
6507,15.09053635597229,11945,37.168484966164996,5.0,5.0
6508,15.092259645462036,11945,39.734787972932,5.0,5.0
6510,15.095318078994751,11945,25.43026430267648,5.0,5.0
6516,15.110248327255249,11945,23.020295322970362,5.0,5.0
6518,15.12399935722351,11945,28.41623625837629,5.0,5.0
6520,15.126994848251343,11945,18.186391205360827,5.0,5.0
6524,15.133104801177979,11945,19.311432297144748,5.0,5.0
6525,15.13515043258667,11945,25.449145837715797,5.0,5.0
6530,15.141894102096558,11945,10.423970135128393,5.0,5.0
6535,15.149928331375122,11945,18.339176108102713,5.0,5.0
6536,15.151762008666992,11945,24.67134088648217,5.0,5.0
6540,15.168204069137573,11945,19.73707270918574,5.0,5.0
6542,15.171464920043945,11945,22.631726533878876,5.0,5.0
6549,15.186957836151123,11945,15.932771320497146,5.0,5.0
6550,15.188647747039795,11945,12.746217056397718,5.0,5.0
6554,15.205475330352783,11945,20.196973645118177,5.0,5.0
6558,15.211385488510132,11945,22.926063132875633,5.0,5.0
6560,15.217953443527222,11945,18.34085050630051,5.0,5.0
6562,15.221576690673828,11945,24.67268040504041,5.0,5.0
6563,15.223429918289185,11945,29.73814432403233,5.0,5.0
6564,15.225170135498047,11945,33.790515459225865,5.0,5.0
6566,15.228559255599976,11945,31.625929893904555,5.0,5.0
6570,15.242591619491577,11945,30.240595132098917,5.0,5.0
6574,15.24888825416565,11945,22.386547766107718,5.0,5.0
6575,15.250661849975586,11945,27.909238212886176,5.0,5.0
6580,15.265577793121338,11945,14.289529964997724,5.0,5.0
6590,15.301581621170044,11945,7.316239342078835,5.0,5.0
6596,15.317149639129639,11945,14.0,5.0,5.0
6600,15.322179317474365,11945,11.200000000000001,5.0,5.0
6610,15.349353790283203,11945,7.168000000000001,5.0,5.0
6611,15.35125184059143,11945,15.7344,5.0,5.0
6612,15.353009939193726,11945,22.58752,5.0,5.0
6614,15.355747699737549,11945,28.070016000000003,5.0,5.0
6620,15.36512017250061,11945,7.358386274304002,5.0,5.0
6630,15.392416715621948,11945,5.0,5.0,5.0
6635,15.406222343444824,11945,5.0,5.0,14.0
6636,15.408050775527954,11945,14.0,5.0,14.0
6638,15.411243200302124,11946,11.200000000000001,5.0,21.200000000000003
6640,15.41432785987854,11946,8.96,5.0,16.960000000000004
6644,15.420799493789673,11946,17.168,5.0,8.683520000000005
6645,15.42264723777771,11946,23.7344,5.0,8.683520000000005
6650,15.432435512542725,11946,12.152012800000001,5.0,6.9468160000000045
6657,15.443556785583496,11946,14.0,5.0,5.557452800000004
6660,15.451332092285156,11946,11.200000000000001,5.0,5.0
6667,15.475086688995361,11946,17.168,5.0,5.0
6670,15.480150699615479,11946,18.790016,5.0,5.0
6675,15.488651990890503,11946,17.696390553600004,5.0,5.0
6680,15.505311727523804,11946,11.325689954304003,5.0,5.0
6681,15.507225751876831,11946,19.060551963443203,5.0,5.0
6690,15.530254125595093,11946,7.807202084226339,5.0,5.0
6700,15.555007219314575,11946,5.0,5.0,5.0
6710,15.595346927642822,11946,5.0,5.0,5.0
6713,15.599753379821777,11946,14.0,5.0,5.0
6720,15.617384433746338,11946,5.734400000000001,5.0,5.0
6725,15.631838321685791,11946,14.0,5.0,5.0
6730,15.64907431602478,11946,17.168,5.0,5.0
6738,15.667809009552002,11946,15.62561024,5.0,5.0
6740,15.673455238342285,11946,12.500488192,5.0,5.0
6743,15.677740335464478,11946,20.0003905536,5.0,5.0
6750,15.697684526443481,11946,10.240199963443201,5.0,5.0
6753,15.705867052078247,11946,18.19215997075456,5.0,5.0
6756,15.714048862457275,11946,21.64298238128292,5.0,5.0
6760,15.726093530654907,11946,17.314385905026338,5.0,5.0
6767,15.744258403778076,11946,18.86496558337349,5.0,5.0
6768,15.746100664138794,11946,25.091972466698792,5.0,5.0
6770,15.749218225479126,11946,20.073577973359036,5.0,5.0
6771,15.751046180725098,11946,26.05886237868723,5.0,5.0
6772,15.753000974655151,11946,30.847089902949786,5.0,5.0
6776,15.762878894805908,11946,29.742137537887867,5.0,5.0
6777,15.764670610427856,11946,33.793710030310294,5.0,5.0
6780,15.769507646560669,11946,17.302379535518874,5.0,5.0
6783,15.77395248413086,11946,23.8419036284151,5.0,5.0
6788,15.79177212715149,11946,25.258818322185665,5.0,5.0
6790,15.794683694839478,11946,25.258818322185665,5.0,5.0
6791,15.796528100967407,11946,30.207054657748532,5.0,5.0
6797,15.80910038948059,11946,19.89824767025104,5.0,5.0
6800,15.817275524139404,11946,15.918598136200831,5.0,5.0
6802,15.824398279190063,11946,22.734878508960666,5.0,5.0
6805,15.83194613456726,11946,28.187902807168534,5.0,5.0
6806,15.833790063858032,11946,32.55032224573483,5.0,5.0
6808,15.837268114089966,11946,30.832206237270295,5.0,5.0
6809,15.83911657333374,11946,34.66576498981624,5.0,5.0
6810,15.840684175491333,11946,27.73261199185299,5.0,5.0
6814,15.847323179244995,11946,24.199097339828732,5.0,5.0
6816,15.850188493728638,11946,25.48742229749039,5.0,5.0
6820,15.860339164733887,11946,13.049560216315081,5.0,5.0
6830,15.889328479766846,11946,6.681374830753322,5.0,5.0
6836,15.902307033538818,11946,14.0,5.0,5.0
6840,15.919634819030762,11946,14.0,5.0,5.0
6845,15.933950901031494,11946,18.96,5.0,5.0
6850,15.941582679748535,11946,7.766016000000002,5.0,5.0
6855,15.951971530914307,11946,14.0,5.0,5.0
6856,15.953752756118774,11946,21.200000000000003,5.0,5.0
6857,15.955543041229248,11946,26.960000000000004,5.0,5.0
6860,15.96373200416565,11946,17.254400000000004,5.0,5.0
6870,15.993671417236328,11946,5.653921792000003,5.0,5.0
6878,16.017064332962036,11946,14.0,5.0,5.0
6880,16.02318811416626,11946,14.0,5.0,5.0
6881,16.025085926055908,11946,21.200000000000003,5.0,5.0
6888,16.03571081161499,11946,18.683520000000005,5.0,5.0
6889,16.037496328353882,11946,24.946816000000005,5.0,5.0
6890,16.039055109024048,11946,19.957452800000006,5.0,5.0
6897,16.06514811515808,11946,20.218215833600006,5.0,5.0
6900,16.069082975387573,11946,10.351726506803205,5.0,5.0
6907,16.086366415023804,11946,15.300083971483241,5.0,5.0
6910,16.10096049308777,11946,22.240067177186596,5.0,5.0
6920,16.12403631210327,11946,9.109531515775632,5.0,5.0
6926,16.139729499816895,11946,14.664080136077125,5.0,5.0
6928,16.143833875656128,11946,19.385011287089362,5.0,5.0
6929,16.145674467086792,11946,25.50800902967149,5.0,5.0
6930,16.14749574661255,11946,30.406407223737194,5.0,5.0
6937,16.171669244766235,11946,25.568080498553446,5.0,5.0
6938,16.1735782623291,11946,30.45446439884276,5.0,5.0
6939,16.175467014312744,11946,34.36357151907421,5.0,5.0
6940,16.177085399627686,11946,27.49085721525937,5.0,5.0
6941,16.17899990081787,11946,31.992685772207498,5.0,5.0
6949,16.19423508644104,11946,20.483363273836957,5.0,5.0
6950,16.195966720581055,11946,26.386690619069565,5.0,5.0
6959,16.21724271774292,11946,16.917112625645373,5.0,5.0
6960,16.219163179397583,11946,23.5336901005163,5.0,5.0
6968,16.231341123580933,11946,17.711519572137185,5.0,5.0
6970,16.237908601760864,11946,14.16921565770975,5.0,5.0
6980,16.259406328201294,11946,9.068298020934241,5.0,5.0
6985,16.27071261405945,11946,15.803710733397915,5.0,5.0
6988,16.277615070343018,11946,22.642968586718332,5.0,5.0
6990,16.28089928627014,11946,28.114374869374668,5.0,5.0
6996,16.28993272781372,11946,21.515647946495868,5.0,5.0
7000,16.30002522468567,11946,21.016011748605887,5.0,5.0
7009,16.316667318344116,11946,15.509221383826542,5.0,5.0
7010,16.322312593460083,11946,15.509221383826542,5.0,5.0
7011,16.324342966079712,11946,22.407377107061237,5.0,5.0
7019,16.351425647735596,11946,19.178061663052283,5.0,5.0
7020,16.353320598602295,11946,25.342449330441827,5.0,5.0
7024,16.36261558532715,11946,22.975334057186217,5.0,5.0
7030,16.377930164337158,11946,11.763371037279345,5.0,5.0
7040,16.398914337158203,11946,5.0,5.0,5.0
7050,16.423280239105225,11946,14.0,5.0,5.0
7052,16.426700353622437,11946,18.96,5.0,5.0
7060,16.441659450531006,11946,5.0,5.0,5.0
7068,16.459761381149292,11946,14.0,5.0,5.0
7070,16.462007522583008,11946,8.96,5.0,5.0
7073,16.46681547164917,11946,17.168,5.0,5.0
7080,16.480808973312378,11946,5.625610240000001,5.0,5.0
7087,16.49430251121521,11946,14.0,5.0,5.0
7090,16.498303413391113,11946,11.200000000000001,5.0,5.0
7095,16.50582528114319,11946,15.7344,5.0,5.0
7098,16.51310968399048,11946,20.070016000000003,5.0,5.0
7100,16.51613998413086,11946,22.84481024,5.0,5.0
7105,16.529227256774902,11946,28.275848192,5.0,5.0
7110,16.53612780570984,11946,14.477234274304003,5.0,5.0
7115,16.54666781425476,11946,19.265429935554565,5.0,5.0
7120,16.56041669845581,11946,12.329875158754923,5.0,5.0
7130,16.58991026878357,11946,6.312896081282521,5.0,5.0
7140,16.621874809265137,11946,5.0,5.0,5.0
7143,16.629820823669434,11946,14.0,5.0,5.0
7148,16.646678924560547,11946,21.200000000000003,5.0,5.0
7150,16.64935040473938,11946,16.960000000000004,5.0,5.0
7160,16.677382946014404,11946,6.9468160000000045,5.0,5.0
7162,16.68366765975952,11946,15.557452800000004,5.0,5.0
7166,16.69327425956726,11946,19.956769792000003,5.0,5.0
7169,16.70100736618042,11946,22.772332666880004,5.0,5.0
7170,16.705464124679565,11946,22.772332666880004,5.0,5.0
7171,16.707289695739746,11946,28.217866133504003,5.0,5.0
7173,16.710922241210938,11946,28.059434325442563,5.0,5.0
7180,16.724146842956543,11946,17.958037968283243,5.0,5.0
7187,16.741910219192505,11946,19.194515439761023,5.0,5.0
7188,16.743834018707275,11946,25.35561235180882,5.0,5.0
7190,16.746927499771118,11946,20.28448988144706,5.0,5.0
7193,16.752015352249146,11946,22.982073524126122,5.0,5.0
7196,16.756787300109863,11946,21.766821644352575,5.0,5.0
7200,16.76619839668274,11946,11.14461268190852,5.0,5.0
7207,16.779796600341797,11946,15.706041693137163,5.0,5.0
7210,16.788042306900024,11946,10.051866683607784,5.0,5.0
7213,16.793195724487305,11946,16.433194677508983,5.0,5.0
7216,16.801357984542847,11946,20.517244593605753,5.0,5.0
7220,16.810731887817383,11946,13.131036539907683,5.0,5.0
7230,16.858314752578735,11946,8.403863385540918,5.0,5.0
7233,16.86453104019165,11946,14.30277805339695,5.0,5.0
7234,16.866632223129272,11946,21.44222244271756,5.0,5.0
7239,16.88271951675415,11946,18.782734312537116,5.0,5.0
7240,16.88414168357849,11946,18.782734312537116,5.0,5.0
7250,16.912564992904663,11946,6.154726379532164,5.0,5.0
7251,16.91571831703186,11946,14.923781103625732,5.0,5.0
7258,16.939144372940063,11946,16.1127807400451,5.0,5.0
7259,16.941303730010986,11946,22.89022459203608,5.0,5.0
7260,16.943210124969482,11946,28.312179673628865,5.0,5.0
7262,16.951162099838257,11946,32.6497437389031,5.0,5.0
7270,16.96997308731079,11946,16.71666879431839,5.0,5.0
7273,16.979307413101196,11946,23.373335035454716,5.0,5.0
7275,16.983142137527466,11946,24.95893442269102,5.0,5.0
7280,16.99196720123291,11946,20.223179539534243,5.0,5.0
7283,16.996544361114502,11946,26.178543631627395,5.0,5.0
7285,17.000239849090576,11946,26.754267924241535,5.0,5.0
7288,17.005747318267822,11946,23.69818517721167,5.0,5.0
7290,17.009368419647217,11946,28.958548141769338,5.0,5.0
7294,17.02032995223999,11946,24.826776648585906,5.0,5.0
7300,17.037612915039062,11946,12.711309644075985,5.0,5.0
7310,17.05710482597351,11946,8.13523817220863,5.0,5.0
7317,17.080235242843628,11946,14.16524194417082,5.0,5.0
7318,17.082180976867676,11946,21.33219355533666,5.0,5.0
7320,17.084774494171143,11946,17.06575484426933,5.0,5.0
7321,17.086640119552612,11946,23.652603875415465,5.0,5.0
7322,17.088525533676147,11946,28.922083100332372,5.0,5.0
7323,17.090389728546143,11946,33.1376664802659,5.0,5.0
7324,17.092276334762573,11946,36.51013318421272,5.0,5.0
7329,17.10803198814392,11946,28.693188190316913,5.0,5.0
7330,17.109748363494873,11946,22.954550552253533,5.0,5.0
7331,17.111652135849,11946,28.363640441802826,5.0,5.0
7336,17.126121282577515,11946,24.522183906203047,5.0,5.0
7340,17.13568949699402,11946,22.55535815997596,5.0,5.0
7350,17.165870428085327,11946,9.238674702326156,5.0,5.0
7352,17.172058820724487,11946,17.390939761860924,5.0,5.0
7353,17.173845767974854,11946,23.91275180948874,5.0,5.0
7355,17.17729687690735,11946,25.304161158072795,5.0,5.0
7357,17.18343448638916,11946,30.243328926458236,5.0,5.0
7358,17.18522357940674,11946,34.194663141166586,5.0,5.0
7360,17.19115138053894,11946,34.194663141166586,5.0,5.0
7366,17.20052409172058,11946,21.204907218097468,5.0,5.0
7368,17.204124212265015,11946,23.57114061958238,5.0,5.0
7369,17.205857276916504,11946,28.856912495665906,5.0,5.0
7370,17.207441806793213,11946,23.085529996532728,5.0,5.0
7373,17.212517976760864,11946,24.774739197780946,5.0,5.0
7374,17.214301586151123,11946,29.81979135822476,5.0,5.0
7375,17.216009855270386,11946,33.85583308657981,5.0,5.0
7377,17.21948742866516,11946,31.66773317541108,5.0,5.0
7380,17.230668306350708,11946,20.267349232263093,5.0,5.0
7381,17.233067274093628,11946,26.213879385810475,5.0,5.0
7390,17.259056329727173,11946,13.421506245534966,5.0,5.0
7391,17.261008501052856,11946,20.737204996427973,5.0,5.0
7392,17.262880325317383,11946,26.58976399714238,5.0,5.0
7397,17.273028135299683,11946,20.89116733322952,5.0,5.0
7400,17.2771897315979,11946,16.71293386658362,5.0,5.0
7404,17.283488035202026,11946,18.557022139690815,5.0,5.0
7410,17.300270080566406,11946,7.6009562684173595,5.0,5.0
7413,17.312293529510498,11946,16.08076501473389,5.0,5.0
7414,17.314189434051514,11946,22.86461201178711,5.0,5.0
7417,17.31947922706604,11946,24.63335168754375,5.0,5.0
7418,17.32137703895569,11946,29.706681350035,5.0,5.0
7420,17.324750423431396,11946,19.0122760640224,5.0,5.0
7427,17.343295097351074,11946,16.229942620658864,5.0,5.0
7430,17.348422050476074,11946,20.387163277221674,5.0,5.0
7440,17.36419939994812,11946,5.0,5.0,5.0
7450,17.394267320632935,11946,14.0,5.0,5.0
7460,17.419044971466064,11946,5.0,5.0,5.0
7468,17.440354108810425,11946,14.0,5.0,5.0
7469,17.44219136238098,11946,21.200000000000003,5.0,5.0
7470,17.443880319595337,11946,16.960000000000004,5.0,5.0
7474,17.4557785987854,11946,23.568000000000005,5.0,5.0
7480,17.47289800643921,11946,15.083520000000005,5.0,5.0
7485,17.48775863647461,11946,19.653452800000004,5.0,5.0
7490,17.495413780212402,11946,8.050054266880002,5.0,5.0
7496,17.508092403411865,11946,15.152034730803202,5.0,5.0
7500,17.526841402053833,11946,15.152034730803202,5.0,5.0
7501,17.528777837753296,11946,22.121627784642563,5.0,5.0
7510,17.548994302749634,11946,5.799051993977341,5.0,5.0
7520,17.57832956314087,11946,5.0,5.0,5.0
7530,17.603630542755127,11946,14.0,5.0,5.0
7533,17.61165952682495,11946,18.96,5.0,5.0
7537,17.61724281311035,11946,19.707520000000002,5.0,5.0
7540,17.62578511238098,11946,10.090250240000003,5.0,5.0
7549,17.663715839385986,11946,16.457760153600002,5.0,5.0
7550,17.665520906448364,11946,13.166208122880002,5.0,5.0
7552,17.672600030899048,11946,20.532966498304003,5.0,5.0
7554,17.68036460876465,11946,26.4263731986432,5.0,5.0
7555,17.682331562042236,11946,31.141098558914564,5.0,5.0
7557,17.68601632118225,11946,29.93030307770532,5.0,5.0
7559,17.689512252807617,11946,29.155393969731406,5.0,5.0
7560,17.69134545326233,11946,33.32431517578513,5.0,5.0
7570,17.711480617523193,11946,16.988615421952815,5.0,5.0
7572,17.715090036392212,11946,20.8727138700498,5.0,5.0
7580,17.738202810287476,11946,13.358536876831872,5.0,5.0
7581,17.740220546722412,11946,20.686829501465496,5.0,5.0
7583,17.747819900512695,11946,26.5494636011724,5.0,5.0
7590,17.764853715896606,11946,10.874660291040216,5.0,5.0
7595,17.775644302368164,11946,16.95978258626574,5.0,5.0
7597,17.779261350631714,11946,20.85426085521007,5.0,5.0
7600,17.784223079681396,11946,10.677381557867557,5.0,5.0
7604,17.793967485427856,11946,15.46681935762819,5.0,5.0
7607,17.798522233963013,11946,19.898764388882043,5.0,5.0
7608,17.800363779067993,11946,25.919011511105637,5.0,5.0
7610,17.808215618133545,11946,20.735209208884513,5.0,5.0
7611,17.810502290725708,11946,26.588167367107612,5.0,5.0
7614,17.815709829330444,11946,27.016427114948875,5.0,5.0
7618,17.826883554458618,11946,27.29051335356728,5.0,5.0
7620,17.829702377319336,11946,17.465928546283063,5.0,5.0
7626,17.84348773956299,11946,17.154044332557543,5.0,5.0
7629,17.848856687545776,11946,20.97858837283683,5.0,5.0
7630,17.853604316711426,11946,20.97858837283683,5.0,5.0
7633,17.862122297286987,11946,26.782870698269463,5.0,5.0
7639,17.875240564346313,11946,20.970263838011178,5.0,5.0
7640,17.877100467681885,11946,26.776211070408944,5.0,5.0
7645,17.888145923614502,11946,23.709420068049383,5.0,5.0
7647,17.891929149627686,11946,25.174028843551604,5.0,5.0
7648,17.893770933151245,11946,30.139223074841283,5.0,5.0
7649,17.895609855651855,11946,34.11137845987302,5.0,5.0
7650,17.8973126411438,11946,27.28910276789842,5.0,5.0
7651,17.899291038513184,11946,31.831282214318737,5.0,5.0
7652,17.901198863983154,11946,35.46502577145499,5.0,5.0
7655,17.90573501586914,11946,32.697616493731196,5.0,5.0
7660,17.914344549179077,11946,13.3929437158323,5.0,5.0
7665,17.922812461853027,11946,16.857187182506138,5.0,5.0
7668,17.931719541549683,11946,20.78859979680393,5.0,5.0
7670,17.938842296600342,11946,20.78859979680393,5.0,5.0
7671,17.940930366516113,11946,26.630879837443143,5.0,5.0
7680,17.973411560058594,11946,10.908008381416714,5.0,5.0
7689,18.002822637557983,11946,15.584900291285358,5.0,5.0
7690,18.00429105758667,11946,15.584900291285358,5.0,5.0
7691,18.00635075569153,11946,22.467920233028288,5.0,5.0
7699,18.030151844024658,11946,19.20286012744839,5.0,5.0
7700,18.032103538513184,11946,25.36228810195871,5.0,5.0
7705,18.044342517852783,11946,20.38839320656229,5.0,5.0
7706,18.04627776145935,11946,26.310714565249835,5.0,5.0
7707,18.048126220703125,11946,31.04857165219987,5.0,5.0
7710,18.063225984573364,11946,24.838857321759896,5.0,5.0
7720,18.088370323181152,11946,6.511357413755428,5.0,5.0
7724,18.101667165756226,11946,14.167268744803476,5.0,5.0
7727,18.106327056884766,11946,19.067051996674223,5.0,5.0
7730,18.11713719367981,11946,15.25364159733938,5.0,5.0
7731,18.11909580230713,11946,22.202913277871502,5.0,5.0
7734,18.124546766281128,11946,24.209864497837764,5.0,5.0
7738,18.13114857673645,11946,25.49431327861617,5.0,5.0
7740,18.134681701660156,11946,26.31636049831435,5.0,5.0
7742,18.14088726043701,11946,31.053088398651482,5.0,5.0
7750,18.159803867340088,11946,10.17547600647012,5.0,5.0
7760,18.189780473709106,11946,5.209843715312703,5.0,5.0
7768,18.20857000350952,11946,14.0,5.0,5.0
7769,18.210448026657104,11946,21.200000000000003,5.0,5.0
7770,18.21135687828064,11946,21.200000000000003,5.0,5.0
7772,18.215022087097168,11946,23.568000000000005,5.0,5.0
7774,18.221468210220337,11946,28.854400000000005,5.0,5.0
7780,18.237004041671753,11946,18.466816000000005,5.0,5.0
7787,18.254732608795166,11946,19.455009792000006,5.0,5.0
7790,18.26276421546936,11946,22.451206266880007,5.0,5.0
7796,18.275744915008545,11946,21.495017608642563,5.0,5.0
7798,18.279258251190186,11946,23.75681126953124,5.0,5.0
7800,18.282036542892456,11946,15.204359212499995,5.0,5.0
7806,18.294612884521484,11946,16.227705533439998,5.0,5.0
7807,18.296473741531372,11946,22.982164426752,5.0,5.0
7808,18.298388957977295,11946,28.3857315414016,5.0,5.0
7809,18.300206661224365,11946,32.70858523312128,5.0,5.0
7810,18.30175805091858,11946,26.166868186497027,5.0,5.0
7813,18.310206651687622,11946,26.746795639358098,5.0,5.0
7820,18.32321810722351,11946,10.95548749388108,5.0,5.0
7824,18.33244776725769,11946,17.01151199608389,5.0,5.0
7826,18.3388454914093,11946,23.60920959686711,5.0,5.0
7827,18.34065890312195,11946,28.88736767749369,5.0,5.0
7828,18.342451333999634,11946,33.10989414199496,5.0,5.0
7829,18.344207048416138,11946,36.48791531359596,5.0,5.0
7830,18.345771312713623,11946,29.19033225087677,5.0,5.0
7831,18.34764075279236,11946,33.35226580070142,5.0,5.0
7833,18.351029634475708,11946,31.34545011244891,5.0,5.0
7835,18.354496240615845,11946,30.061088071967305,5.0,5.0
7840,18.368359327316284,11946,19.239096366059076,5.0,5.0
7844,18.378010749816895,11946,15.391277092847261,5.0,14.0
7850,18.38720178604126,11946,5.0434136777841925,5.0,11.200000000000001
7860,18.4138023853302,11946,5.0,5.0,5.0
7870,18.441872119903564,11946,5.0,5.0,5.0
7880,18.47396683692932,11946,5.0,5.0,5.0
7881,18.475913524627686,11946,14.0,5.0,5.0
7889,18.49308133125305,11946,15.7344,5.0,5.0
7890,18.494625329971313,11946,12.587520000000001,5.0,5.0
7895,18.505994081497192,11946,16.444810240000002,5.0,5.0
7896,18.507807731628418,11946,23.155848192,5.0,5.0
7900,18.514435291290283,11946,9.484635419443203,5.0,5.0
7903,18.523032665252686,11946,7.587708335554563,5.0,14.0
7910,18.53938364982605,11946,6.070166668443651,5.0,5.734400000000001
7915,18.550999402999878,11946,14.0,5.0,5.0
7917,18.55749011039734,11946,21.200000000000003,5.0,5.0
7920,18.562705755233765,11946,20.854400000000005,5.0,5.0
7921,18.564563035964966,11946,26.683520000000005,5.0,5.0
7928,18.584978818893433,11946,20.929569792000002,5.0,5.0
7929,18.586965799331665,11946,26.743655833600002,5.0,5.0
7930,18.5886127948761,11946,21.39492466688,5.0,5.0
7932,18.591713428497314,11946,23.692751786803203,5.0,5.0
7933,18.593547105789185,11946,28.954201429442563,5.0,5.0
7940,18.607280492782593,11946,9.48771272439974,5.0,5.0
7941,18.60917854309082,11946,17.59017017951979,5.0,5.0
7950,18.630358457565308,11946,9.006167131914134,5.0,5.0
7955,18.658698081970215,11946,17.204933705531307,5.0,5.0
7960,18.66901659965515,11946,11.011157571540037,5.0,5.0
7963,18.677408695220947,11946,18.80892605723203,5.0,5.0
7968,18.689396142959595,11946,17.70413611304224,5.0,5.0
7970,18.692274570465088,11946,11.330647112347034,5.0,5.0
7979,18.712135076522827,11946,17.251614151902103,5.0,5.0
7980,18.71654224395752,11946,17.251614151902103,5.0,5.0
7988,18.733880043029785,11946,14.522407140236226,5.0,5.0
7990,18.737165212631226,11946,21.61792571218898,5.0,5.0
7991,18.739073753356934,11946,27.294340569751185,5.0,5.0
7994,18.747650146484375,11946,27.468377964640762,5.0,5.0
7997,18.75292181968689,11946,27.579761897370087,5.0,5.0
7998,18.754895448684692,11946,32.063809517896075,5.0,5.0
8000,18.75828981399536,11946,20.52083809145349,5.0,5.0
8008,18.7822368144989,11946,20.50666910282419,5.0,5.0
8010,18.78513264656067,11946,13.124268225807484,5.0,5.0
8020,18.80644416809082,11946,10.499414580645988,5.0,5.0
8025,18.81941866874695,11946,15.375700265290746,5.0,5.0
8027,18.830400466918945,11946,22.300560212232597,5.0,5.0
8030,18.83944320678711,11946,17.84044816978608,5.0,5.0
8031,18.84258222579956,11946,24.272358535828864,5.0,5.0
8033,18.84579062461853,11946,25.534309462930473,5.0,5.0
8040,18.859846353530884,11946,10.458853156016325,5.0,5.0
8044,18.875175714492798,11946,18.36708252481306,5.0,5.0
8050,18.893508195877075,11946,9.403946252704287,5.0,5.0
8060,18.931361198425293,11946,6.018525601730744,5.0,5.0
8064,18.94191288948059,11946,14.0,5.0,5.0
8070,18.953856229782104,11946,8.96,5.0,5.0
8077,18.981868982315063,11946,14.587520000000001,5.0,5.0
8080,18.991252660751343,11946,11.670016000000002,5.0,5.0
8088,19.012993574142456,11946,14.780038553600003,5.0,5.0
8089,19.014882564544678,11946,21.824030842880003,5.0,5.0
8090,19.020413637161255,11946,21.824030842880003,5.0,5.0
8100,19.043479204177856,11946,17.15129842659492,5.0,5.0
8102,19.046618461608887,11946,20.976830993020748,5.0,5.0
8105,19.05207633972168,11946,23.42517183553328,5.0,5.0
8110,19.074119329452515,11946,14.9921099747413,5.0,5.0
8111,19.076465845108032,11946,21.99368797979304,5.0,5.0
8120,19.097436666488647,11946,7.206891677218585,5.0,5.0
8130,19.122056484222412,11946,5.0,5.0,5.0
8132,19.12578797340393,11946,14.0,5.0,5.0
8133,19.127679347991943,11946,21.200000000000003,5.0,5.0
8140,19.13812279701233,11946,10.854400000000005,5.0,5.0
8144,19.154226541519165,11946,16.946816000000005,5.0,5.0
8150,19.17413902282715,11946,8.676769792000005,5.0,5.0
8154,19.181045293807983,11946,16.941415833600004,5.0,5.0
8158,19.19093680381775,11946,20.842506133504003,5.0,5.0
8160,19.193074703216553,11946,16.6740049068032,5.0,5.0
8161,19.194938898086548,11946,23.33920392544256,5.0,5.0
8165,19.20462155342102,11946,24.93709051228324,5.0,5.0
8167,19.211000442504883,11946,29.949672409826594,5.0,5.0
8168,19.212854385375977,11946,33.959737927861276,5.0,5.0
8170,19.216116905212402,11946,21.73423227383122,5.0,5.0
8177,19.236921310424805,11946,21.12792692420159,5.0,5.0
8179,19.24070644378662,11946,23.521873231489018,5.0,5.0
8180,19.24552893638611,11946,23.521873231489018,5.0,5.0
8183,19.250686168670654,11946,25.053998868152974,5.0,5.0
8187,19.260205268859863,11946,22.827647420494323,5.0,5.0
8188,19.262123584747314,11946,28.26211793639546,5.0,5.0
8189,19.26392674446106,11946,32.60969434911637,5.0,5.0
8190,19.265016794204712,11946,26.087755479293094,5.0,5.0
8193,19.27310276031494,11946,26.69616350674758,5.0,5.0
8195,19.276661157608032,11946,27.085544644318453,5.0,5.0
8198,19.28111481666565,11946,27.33474857236381,5.0,5.0
8200,19.28453779220581,11946,17.49423908631284,5.0,5.0
8205,19.299705505371094,11946,18.957050412192174,5.0,5.0
8206,19.30159068107605,11946,25.165640329753742,5.0,5.0
8209,19.309901475906372,11946,26.106009811042394,5.0,5.0
8210,19.311516046524048,11946,20.884807848833916,5.0,5.0
8212,19.319451808929443,11946,26.707846279067134,5.0,5.0
8220,19.34212064743042,11946,7.001301654979777,5.0,5.0
8230,19.367894887924194,11946,5.0,5.0,5.0
8237,19.385640859603882,11946,5.0,5.0,14.0
8240,19.389132499694824,11946,5.0,5.0,7.168000000000001
8247,19.406071424484253,11946,14.0,5.0,5.0
8250,19.413108348846436,11946,11.200000000000001,5.0,5.0
8251,19.415090799331665,11946,18.96,5.0,5.0
8252,19.416947603225708,11946,25.168,5.0,5.0
8256,19.42716670036316,11946,22.886016,5.0,5.0
8258,19.43354082107544,11946,28.308812800000002,5.0,5.0
8259,19.43541979789734,11946,32.64705024,5.0,5.0
8260,19.437034368515015,11946,26.117640192,5.0,5.0
8262,19.44011616706848,11946,26.71528972288,5.0,5.0
8263,19.441965341567993,11946,31.372231778304002,5.0,5.0
8264,19.443904161453247,11946,35.0977854226432,5.0,5.0
8267,19.44914412498474,11946,27.97006613639332,5.0,5.0
8270,19.454015970230103,11946,17.900842327291727,5.0,5.0
8272,19.45702886581421,11946,24.320673861833384,5.0,5.0
8280,19.477907419204712,11946,9.961748013806956,5.0,5.0
8284,19.49070167541504,11946,16.375518728836454,5.0,5.0
8287,19.495742559432983,11946,23.100414983069165,5.0,5.0
8290,19.504014492034912,11946,24.784265589164267,5.0,5.0
8291,19.50630760192871,11946,29.827412471331414,5.0,5.0
8292,19.508185386657715,11946,33.86192997706513,5.0,5.0
8300,19.52746868133545,11946,13.86984651860588,5.0,5.0
8305,19.53911280632019,11946,18.876701771907765,5.0,5.0
8307,19.542845964431763,11946,22.08108913402097,5.0,5.0
8308,19.544864416122437,11946,27.664871307216778,5.0,5.0
8310,19.548253536224365,11946,22.131897045773425,5.0,5.0
8320,19.56814980506897,11946,5.801744019167231,5.0,5.0
8323,19.57668423652649,11946,14.641395215333784,5.0,5.0
8325,19.58035683631897,11946,19.370492937813623,5.0,5.0
8330,19.595486402511597,11946,15.496394350250899,5.0,5.0
8332,19.598519325256348,11946,22.397115480200718,5.0,5.0
8334,19.602335929870605,11946,24.33415390732846,5.0,5.0
8340,19.619942903518677,11946,22.45908680055217,5.0,5.0
8350,19.642754316329956,11946,9.19924195350617,5.0,5.0
8354,19.65340542793274,11946,15.88751485024395,5.0,5.0
8358,19.663574934005737,11946,20.16800950415613,5.0,5.0
8359,19.665480852127075,11946,26.134407603324906,5.0,5.0
8360,19.667030334472656,11946,26.134407603324906,5.0,5.0
8361,19.66896653175354,11946,30.907526082659928,5.0,5.0
8368,19.68447518348694,11946,20.12777814676601,5.0,5.0
8369,19.68620538711548,11946,20.12777814676601,5.0,14.0
8370,19.687840938568115,11946,16.10222251741281,5.0,14.0
8376,19.701907634735107,11946,18.24433792891536,5.0,8.96
8377,19.703763723373413,11946,24.59547034313229,5.0,8.96
8378,19.70573377609253,11946,29.676376274505834,5.0,8.96
8380,19.709140062332153,11946,18.992880815683737,5.0,8.96
8383,19.713690280914307,11946,22.155443722037592,5.0,7.168000000000001
8387,19.724650859832764,11946,27.724354977630075,5.0,5.0
8390,19.730661630630493,11946,17.74358718568325,5.0,5.0
8392,19.734499216079712,11946,21.35589579883728,5.0,5.0
8400,19.755282163619995,11946,8.747374919203752,5.0,5.0
8406,19.781475067138672,11946,14.478655958632322,5.0,5.0
8407,19.783830404281616,11946,21.582924766905858,5.0,5.0
8408,19.785873413085938,11946,27.266339813524688,5.0,5.0
8410,19.79195213317871,11946,21.813071850819753,5.0,5.0
8411,19.79399538040161,11946,27.450457480655803,5.0,5.0
8412,19.795917749404907,11946,31.960365984524643,5.0,5.0
8414,19.80254340171814,11946,35.56829278761971,5.0,5.0
8420,19.815125942230225,11946,11.655018180647229,5.0,5.0
8424,19.82232427597046,11946,15.967369308491381,5.0,5.0
8425,19.82421875,11946,22.773895446793105,5.0,5.0
8429,19.83044672012329,11946,24.575293085947585,5.0,5.0
8430,19.832083225250244,11946,19.66023446875807,5.0,5.0
8432,19.839561223983765,11946,25.72818757500646,5.0,5.0
8439,19.856820344924927,11946,18.43061250457812,5.0,5.0
8440,19.861456155776978,11946,18.43061250457812,5.0,5.0
8441,19.863487720489502,11946,24.7444900036625,5.0,5.0
8450,19.88402009010315,11946,8.10827448440013,5.0,5.0
8460,19.91506314277649,11946,5.0,5.0,5.0
8465,19.936594009399414,11946,14.0,5.0,5.0
8466,19.938547134399414,11946,21.200000000000003,5.0,5.0
8470,19.947479486465454,11946,13.568000000000005,5.0,5.0
8476,19.96634793281555,11946,20.854400000000005,5.0,5.0
8480,19.979782819747925,11946,16.683520000000005,5.0,5.0
8486,19.994399785995483,11946,16.833569792000002,5.0,5.0
8490,20.00736403465271,11946,10.773484666880002,5.0,5.0
8491,20.00942349433899,11946,18.618787733504,5.0,5.0
8497,20.031188488006592,11946,19.53281931955405,5.0,5.0
8500,20.042805671691895,11946,15.626255455643241,5.0,5.0
8501,20.04480481147766,11946,22.501004364514593,5.0,5.0
8502,20.046799898147583,11946,28.000803491611673,5.0,5.0
8507,20.054712057113647,11946,11.469129110164143,5.0,14.0
8510,20.06541419029236,11946,7.3402426305050525,5.0,14.0
8513,20.073126316070557,11946,15.872194104404041,5.0,11.200000000000001
8518,20.084595918655396,11946,20.15820422681859,5.0,8.168000000000001
8520,20.09110927581787,11946,16.126563381454872,5.0,8.168000000000001
8523,20.10483193397522,11946,22.901250705163896,5.0,6.5344000000000015
8528,20.114845275878906,11946,19.380352288835134,5.0,5.227520000000002
8530,20.121315002441406,11946,15.504281831068107,5.0,5.227520000000002
8535,20.1358425617218,11946,19.92274037188359,5.0,5.0
8540,20.14676809310913,11946,8.160354456323521,5.0,5.0
8550,20.171159744262695,11946,5.222626852047054,5.0,5.0
8560,20.205583572387695,11946,5.0,5.0,5.0
8566,20.222557067871094,11946,14.0,5.0,5.0
8570,20.228835821151733,11946,7.168000000000001,5.0,5.0
8572,20.23536467552185,11946,15.7344,5.0,5.0
8574,20.24218225479126,11946,22.58752,5.0,5.0
8579,20.256420135498047,11946,21.564810240000003,5.0,5.0
8580,20.2579984664917,11946,17.251848192000004,5.0,5.0
8587,20.273245811462402,11946,15.653085615554563,5.0,5.0
8590,20.28559160232544,11946,12.52246849244365,5.0,5.0
8600,20.309051513671875,11946,14.0,5.0,5.0
8606,20.323066234588623,11946,17.168,5.0,5.0
8610,20.339651823043823,11946,13.7344,5.0,5.0
8612,20.346930027008057,11946,20.987520000000004,5.0,5.0
8616,20.357322692871094,11946,20.745610240000005,5.0,5.0
8619,20.362637042999268,11946,20.621752442880005,5.0,5.0
8620,20.36438822746277,11946,16.497401954304006,5.0,5.0
8629,20.391222953796387,11946,18.44666980060365,5.0,5.0
8630,20.393192052841187,11946,24.757335840482924,5.0,5.0
8631,20.39510703086853,11946,29.80586867238634,5.0,5.0
8634,20.400238037109375,11946,29.07575595032726,5.0,5.0
8636,20.40316677093506,11946,28.60848380820945,5.0,5.0
8638,20.40930962562561,11946,32.88678704656756,5.0,5.0
8640,20.41208791732788,11946,21.047543709803243,5.0,5.0
8649,20.429394960403442,11946,15.517487298262662,5.0,5.0
8650,20.431022882461548,11946,12.41398983861013,5.0,5.0
8656,20.447787284851074,11946,16.355962797368388,5.0,5.0
8657,20.44971537590027,11946,23.08477023789471,5.0,5.0
8658,20.451570749282837,11946,28.46781619031577,5.0,5.0
8660,20.458419799804688,11946,22.774252952252617,5.0,5.0
8662,20.465455532073975,11946,28.219402361802093,5.0,5.0
8666,20.47567868232727,11946,24.44833400924267,5.0,5.0
8668,20.47909188270569,11946,29.558667207394137,5.0,5.0
8670,20.48278570175171,11946,28.91754701273225,5.0,5.0
8676,20.49548864364624,11946,24.805784070518914,5.0,5.0
8677,20.49734377861023,11946,29.844627256415134,5.0,5.0
8678,20.499146461486816,11946,33.87570180513211,5.0,5.0
8680,20.501898765563965,11946,21.680449155284553,5.0,5.0
8682,20.50534963607788,11946,27.344359324227643,5.0,5.0
8687,20.516595125198364,11946,24.000311974004553,5.0,5.0
8690,20.536765813827515,11946,29.200249579203643,5.0,5.0
8697,20.551959991455078,11946,21.960422227641814,5.0,5.0
8698,20.553879022598267,11946,27.568337782113453,5.0,5.0
8699,20.555800437927246,11946,32.054670225690764,5.0,5.0
8700,20.5574791431427,11946,25.64373618055261,5.0,5.0
8703,20.562896013259888,11946,23.12959292444294,5.0,5.0
8705,20.566348552703857,11946,28.50367433955435,5.0,5.0
8707,20.56981873512268,11946,32.802939471643484,5.0,5.0
8708,20.571760416030884,11946,36.24235157731479,5.0,5.0
8710,20.575295209884644,11946,38.99388126185184,5.0,5.0
8711,20.577239513397217,11946,41.19510500948147,5.0,5.0
8714,20.582498788833618,11946,36.36486720606815,5.0,5.0
8715,20.58445692062378,11946,39.09189376485452,5.0,5.0
8720,20.591569423675537,11946,20.01504960760552,5.0,5.0
8721,20.593621730804443,11946,26.012039686084417,5.0,5.0
8730,20.625059843063354,11946,16.64770539909403,5.0,5.0
8731,20.627163410186768,11946,23.318164319275226,5.0,5.0
8734,20.636139631271362,11946,24.923625164336144,5.0,5.0
8735,20.638120651245117,11946,29.938900131468916,5.0,5.0
8739,20.64520263671875,11946,25.32871686731209,5.0,5.0
8740,20.646892786026,11946,20.26297349384967,5.0,5.0
8745,20.663009881973267,11946,18.299713943080825,5.0,5.0
8747,20.66643214225769,11946,24.63977115446466,5.0,5.0
8750,20.6753249168396,11946,15.769453538857386,5.0,5.0
8759,20.710464000701904,11946,20.09245026486873,5.0,5.0
8760,20.71282935142517,11946,16.073960211894985,5.0,5.0
8765,20.730783462524414,11946,20.287334535612793,5.0,5.0
8767,20.735249042510986,11946,22.983894102792192,5.0,5.0
8768,20.738033294677734,11946,28.387115282233754,5.0,5.0
8770,20.74138593673706,11946,32.70969222578701,5.0,5.0
8771,20.743632793426514,11946,36.16775378062961,5.0,5.0
8773,20.751126050949097,11946,38.93420302450369,5.0,5.0
8780,20.769925117492676,11946,10.2063677176555,5.0,5.0
8788,20.79492211341858,11946,14.180528217151693,5.0,5.0
8790,20.798855543136597,11946,19.075538058977084,5.0,5.0
8791,20.800864458084106,11946,25.26043044718167,5.0,5.0
8799,20.823737144470215,11946,20.346672311165612,5.0,5.0
8800,20.82561945915222,11946,16.27733784893249,5.0,5.0
8801,20.827716588974,11946,23.021870279145993,5.0,5.0
8804,20.837523937225342,11946,24.733996978653437,5.0,5.0
8810,20.851051568984985,11946,10.13104516245645,5.0,5.0
8816,20.865004777908325,11946,16.48386890397213,5.0,5.0
8817,20.867002487182617,11946,23.187095123177706,5.0,5.0
8818,20.869049072265625,11946,28.549676098542164,5.0,5.0
8820,20.87243914604187,11946,18.27179270306699,5.0,5.0
8821,20.87447690963745,11946,24.61743416245359,5.0,5.0
8822,20.876422882080078,11946,29.693947329962874,5.0,5.0
8830,20.894242763519287,11946,19.730112661082238,5.0,5.0
8840,20.925150156021118,11946,6.465163316783429,5.0,5.0
8850,20.963977098464966,11946,5.0,5.0,5.0
8856,20.980746269226074,11946,14.0,5.0,5.0
8860,20.994450569152832,11946,8.96,5.0,5.0
8861,20.996429204940796,11946,17.168,5.0,5.0
8862,20.998291730880737,11946,23.7344,5.0,5.0
8864,21.00166654586792,11946,28.98752,5.0,5.0
8867,21.00637197494507,11946,24.84161024,5.0,5.0
8870,21.01421093940735,11946,15.898630553600004,5.0,5.0
8871,21.016159534454346,11946,22.718904442880003,5.0,5.0
8880,21.038393259048462,11946,5.9556244862743375,5.0,5.0
8885,21.054023265838623,11946,14.76449958901947,5.0,5.0
8889,21.07418704032898,11946,19.449279736972464,5.0,5.0
8890,21.07872772216797,11946,19.449279736972464,5.0,5.0
8892,21.08232831954956,11946,22.44753903166238,5.0,5.0
8900,21.097894430160522,11946,5.884487671916105,5.0,5.0
8910,21.137537240982056,11946,5.0,5.0,5.0
8912,21.141374111175537,11946,14.0,5.0,5.0
8916,21.152129650115967,11946,18.96,5.0,5.0
8919,21.161330938339233,11946,22.1344,5.0,5.0
8920,21.163331270217896,11946,27.70752,5.0,5.0
8925,21.17476797103882,11946,24.18625024,5.0,5.0
8930,21.18687915802002,11946,15.479200153600003,5.0,5.0
8940,21.21561098098755,11946,6.340280382914562,5.0,5.0
8945,21.231155157089233,11946,15.07222430633165,5.0,5.0
8946,21.233007192611694,11946,22.05777944506532,5.0,5.0
8949,21.237583875656128,11946,21.29358307587345,5.0,5.0
8950,21.239176511764526,11946,17.034866460698762,5.0,5.0
8956,21.25248408317566,11946,20.902314534847207,5.0,5.0
8958,21.259076595306396,11946,26.721851627877765,5.0,5.0
8959,21.261039972305298,11946,31.377481302302215,5.0,5.0
8960,21.262691974639893,11946,25.101985041841772,5.0,5.0
8964,21.276615619659424,11946,26.065270426778735,5.0,5.0
8970,21.289499759674072,11946,10.676334766808573,5.0,5.0
8971,21.29149341583252,11946,18.54106781344686,5.0,5.0
8973,21.295090436935425,11946,21.86628340060599,5.0,5.0
8976,21.299940586090088,11946,21.19553710111027,5.0,5.0
8980,21.309818267822266,11946,16.956429680888217,5.0,5.0
8981,21.311835765838623,11946,23.565143744710575,5.0,5.0
8984,21.31726837158203,11946,25.08169199661477,5.0,5.0
8990,21.327338457107544,11946,8.21876883345073,5.0,5.0
8994,21.33352255821228,11946,16.575015066760585,5.0,5.0
9000,21.350224018096924,11946,8.486407714181421,5.0,5.0
9004,21.356316804885864,11946,15.43130093707611,5.0,5.0
9006,21.35976505279541,11946,22.34504074966089,5.0,5.0
9008,21.366173028945923,11946,27.876032599728713,5.0,5.0
9009,21.368091821670532,11946,32.30082607978297,5.0,5.0
9010,21.36958384513855,11946,32.30082607978297,5.0,5.0
9013,21.374998807907104,11946,26.538022952848884,5.0,5.0
9020,21.38853645324707,11946,10.869974201486906,5.0,5.0
9030,21.413556575775146,11946,14.452341432929039,5.0,5.0
9040,21.431811094284058,11946,5.0,5.0,5.0
9050,21.466107606887817,11946,5.0,5.0,5.0
9052,21.469762802124023,11946,14.0,5.0,5.0
9053,21.47170639038086,11946,21.200000000000003,5.0,5.0
9058,21.48733925819397,11946,18.683520000000005,5.0,5.0
9060,21.493469953536987,11946,18.683520000000005,5.0,5.0
9063,21.50108289718628,11946,24.946816000000005,5.0,5.0
9065,21.504008293151855,11946,29.957452800000006,5.0,5.0
9070,21.514379739761353,11946,15.338215833600007,5.0,5.0
9072,21.51808190345764,11946,19.816458133504007,5.0,5.0
9077,21.526371002197266,11946,18.116821251483245,5.0,5.0
9078,21.528249502182007,11946,24.4934570011866,5.0,5.0
9080,21.531087160110474,11946,15.675812480759426,5.0,5.0
9084,21.537639141082764,11946,18.026015990148828,5.0,5.0
9086,21.541311740875244,11946,21.53665023369525,5.0,5.0
9087,21.543225288391113,11946,27.2293201869562,5.0,5.0
9088,21.545071363449097,11946,31.783456149564962,5.0,5.0
9090,21.548741817474365,11946,20.34141193572158,5.0,5.0
9092,21.555448293685913,11946,26.273129548577266,5.0,5.0
9095,21.56006669998169,11946,26.814802911089455,5.0,5.0
9096,21.56185007095337,11946,31.451842328871564,5.0,5.0
9098,21.56526780128479,11946,30.129179090477805,5.0,5.0
9100,21.571537971496582,11946,24.103343272382247,5.0,5.0
9101,21.573474168777466,11946,29.282674617905798,5.0,5.0
9102,21.575461387634277,11946,33.42613969432464,5.0,5.0
9108,21.59827160835266,11946,27.114183523494216,5.0,5.0
9110,21.600950956344604,11946,21.691346818795374,5.0,5.0
9115,21.60961127281189,11946,18.88477565697859,5.0,5.0
9120,21.62039089202881,11946,7.735204109098432,5.0,5.0
9127,21.642383575439453,11946,14.0,5.0,5.0
9128,21.644248485565186,11946,21.200000000000003,5.0,5.0
9130,21.64735221862793,11946,16.960000000000004,5.0,5.0
9132,21.653711080551147,11946,23.568000000000005,5.0,5.0
9134,21.657304048538208,11946,25.083520000000007,5.0,5.0
9136,21.660743713378906,11946,30.066816000000006,5.0,5.0
9140,21.667019844055176,11946,24.053452800000006,5.0,5.0
9141,21.669039011001587,11946,29.242762240000005,5.0,5.0
9144,21.67693591117859,11946,28.715367833600006,5.0,5.0
9147,21.68216562271118,11946,24.702268330803207,5.0,5.0
9150,21.687375783920288,11946,22.647561385371247,5.0,5.0
9151,21.689253091812134,11946,28.118049108296997,5.0,5.0
9155,21.695517539978027,11946,24.396441143448065,5.0,5.0
9158,21.70076870918274,11946,22.490977865445412,5.0,5.0
9160,21.70414900779724,11946,14.394225833885066,5.0,5.0
9161,21.706093072891235,11946,21.515380667108055,5.0,5.0
9167,21.721548557281494,11946,21.01587490155933,5.0,5.0
9168,21.723417282104492,11946,26.812699921247464,5.0,5.0
9170,21.726285219192505,11946,17.16012794959838,5.0,5.0
9180,21.74783754348755,11946,5.0,5.0,5.0
9187,21.764595985412598,11946,14.0,5.0,5.0
9189,21.768232345581055,11946,18.96,5.0,5.0
9190,21.76987338066101,11946,18.96,5.0,14.0
9194,21.77917790412903,11946,22.1344,5.0,11.200000000000001
9198,21.78590989112854,11946,24.166016,5.0,7.168000000000001
9199,21.787742376327515,11946,29.3328128,5.0,7.168000000000001
9200,21.789381980895996,11946,23.46625024,5.0,7.168000000000001
9210,21.81551504135132,11946,7.689420878643202,5.0,5.0
9216,21.838302850723267,11946,16.151536702914562,5.0,5.0
9217,21.84012508392334,11946,22.92122936233165,5.0,5.0
9220,21.851062297821045,11946,28.33698348986532,5.0,5.0
9226,21.860648155212402,11946,21.60682843744884,5.0,5.0
9230,21.869762420654297,11946,17.285462749959073,5.0,5.0
9232,21.872706651687622,11946,23.82837019996726,5.0,5.0
9233,21.874608755111694,11946,29.062696159973807,5.0,5.0
9238,21.882498025894165,11946,21.904080347125273,5.0,5.0
9240,21.885287046432495,11946,14.018611422160175,5.0,5.0
9244,21.894715785980225,11946,17.17752904814601,5.0,5.0
9245,21.896595001220703,11946,23.742023238516808,5.0,5.0
9248,21.9019193649292,11946,22.155915898120607,5.0,5.0
9250,21.90466856956482,11946,14.17978617479719,5.0,5.0
9253,21.91644287109375,11946,21.343828939837753,5.0,5.0
9254,21.92011523246765,11946,27.075063151870204,5.0,5.0
9256,21.924261569976807,11946,27.32804041719693,5.0,5.0
9258,21.928205013275146,11946,27.48994586700604,5.0,5.0
9260,21.942564487457275,11946,17.593565354883868,5.0,5.0
9263,21.951926231384277,11946,24.074852283907095,5.0,5.0
9270,21.972553730010986,11946,19.861059495488348,5.0,5.0
9272,21.976149559020996,11946,22.711078077112546,5.0,5.0
9273,21.977992057800293,11946,28.168862461690036,5.0,5.0
9278,21.98920464515686,11946,21.53796606430824,5.0,5.0
9280,21.992870807647705,11946,13.784298281157275,5.0,5.0
9287,22.003819227218628,11946,14.0,5.0,5.0
9290,22.008925199508667,11946,18.96,5.0,5.0
9300,22.042855978012085,11946,9.707520000000002,5.0,5.0
9301,22.04491686820984,11946,17.766016,5.0,5.0
9302,22.04684853553772,11946,24.212812800000002,5.0,5.0
9304,22.05045747756958,11946,25.496200192000003,5.0,5.0
9305,22.052337646484375,11946,30.396960153600006,5.0,5.0
9310,22.06795620918274,11946,12.450594878914565,5.0,5.0
9317,22.082555055618286,11946,14.079810929922726,5.0,5.0
9319,22.085460662841797,11946,21.263848743938183,5.0,5.0
9320,22.087165594100952,11946,17.011078995150548,5.0,5.0
9330,22.119698524475098,11946,10.887090556896352,5.0,5.0
9331,22.121705532073975,11946,18.709672445517082,5.0,5.0
9333,22.125346660614014,11946,21.974190365130934,5.0,5.0
9334,22.127222299575806,11946,27.579352292104748,5.0,5.0
9340,22.13675546646118,11946,21.296502698846105,5.0,5.0
9343,22.141199111938477,11946,27.037202159076884,5.0,5.0
9348,22.152753829956055,11946,27.30380938180921,5.0,5.0
9350,22.15611696243286,11946,17.474438004357896,5.0,5.0
9353,22.164283752441406,11946,21.183640322789053,5.0,5.0
9360,22.18159580230713,11946,16.946912258231244,5.0,5.0
9367,22.200823068618774,11946,20.846023845267997,5.0,5.0
9369,22.20443844795227,11946,23.341455260971518,5.0,5.0
9370,22.206024169921875,11946,18.673164208777216,5.0,5.0
9378,22.22126793861389,11946,17.64852805991515,5.0,5.0
9380,22.224369764328003,11946,17.64852805991515,5.0,5.0
9381,22.226433277130127,11946,24.11882244793212,5.0,5.0
9384,22.23481559753418,11946,25.436046366676557,5.0,5.0
9386,22.23829960823059,11946,26.279069674672996,5.0,5.0
9390,22.248639583587646,11946,23.454883673432576,5.0,5.0
9397,22.26197123527527,11946,16.148557025688312,5.0,5.0
9400,22.271958827972412,11946,12.91884562055065,5.0,5.0
9410,22.296716690063477,11946,8.268061197152418,5.0,5.0
9420,22.318910837173462,11946,5.0,5.0,5.0
9427,22.332583904266357,11946,14.0,5.0,5.0
9428,22.334471702575684,11946,21.200000000000003,5.0,5.0
9430,22.337739944458008,11946,13.568000000000005,5.0,5.0
9432,22.340838193893433,11946,18.683520000000005,5.0,5.0
9435,22.345895767211914,11946,21.957452800000006,5.0,5.0
9437,22.349631786346436,11946,24.052769792000007,5.0,5.0
9439,22.352935314178467,11946,29.242215833600007,5.0,5.0
9440,22.354504108428955,11946,23.393772666880007,5.0,5.0
9442,22.357446432113647,11946,24.972014506803205,5.0,5.0
9443,22.35923194885254,11946,29.977611605442565,5.0,5.0
9446,22.364258766174316,11946,29.185671427483243,5.0,5.0
9450,22.370750188827515,11946,14.943063770871422,5.0,5.0
9452,22.374260902404785,11946,21.95445101669714,5.0,5.0
9453,22.376055240631104,11946,27.56356081335771,5.0,5.0
9456,22.383852005004883,11946,27.640678920548936,5.0,5.0
9457,22.385693550109863,11946,32.11254313643915,5.0,5.0
9460,22.392757177352905,11946,25.69003450915132,5.0,5.0
9470,22.41749119758606,11946,6.734488406366966,5.0,5.0
9480,22.44806671142578,11946,5.0,5.0,5.0
9481,22.450026512145996,11946,14.0,5.0,5.0
9487,22.46319890022278,11946,15.7344,5.0,5.0
9488,22.46505856513977,11946,22.58752,5.0,5.0
9490,22.467796087265015,11946,18.070016000000003,5.0,5.0
9495,22.481812953948975,11946,19.251848192000004,5.0,5.0
9500,22.49285864830017,11946,7.885557019443204,5.0,5.0
9505,22.502858638763428,11946,15.046756492443652,5.0,5.0
9508,22.507426977157593,11946,19.62992415516394,5.0,5.0
9510,22.51375985145569,11946,19.62992415516394,5.0,5.0
9520,22.539219617843628,11946,6.432333547164122,5.0,5.0
9524,22.549919843673706,11946,14.116693470185037,5.0,5.0
9528,22.56239104270935,11946,21.29335477614803,5.0,5.0
9530,22.57721471786499,11946,21.29335477614803,5.0,5.0
9532,22.582481861114502,11946,23.62774705673474,5.0,5.0
9533,22.58450937271118,11946,28.902197645387794,5.0,5.0
9539,22.596882104873657,11946,24.79792519443855,5.0,5.0
9540,22.598716259002686,11946,19.838340155550842,5.0,5.0
9541,22.600584030151367,11946,19.838340155550842,5.0,14.0
9543,22.607696294784546,11946,25.870672124440674,5.0,14.0
9550,22.622836589813232,11946,13.245784127713627,5.0,7.168000000000001
9557,22.63388419151306,11946,15.425473178711503,5.0,5.0
9558,22.63580894470215,11946,22.340378542969205,5.0,5.0
9560,22.639161109924316,11946,14.297842267500293,5.0,5.0
9562,22.642900228500366,11946,19.150619051200188,5.0,5.0
9570,22.66450262069702,11946,9.805116954214498,5.0,5.0
9580,22.685302019119263,11946,5.020219880557824,5.0,5.0
9587,22.71024227142334,11946,14.01617590444626,5.0,5.0
9590,22.723483562469482,11946,21.21294072355701,5.0,5.0
9593,22.728291988372803,11946,23.57628206307649,5.0,5.0
9594,22.73030662536621,11946,28.861025650461194,5.0,5.0
9600,22.742513179779053,11946,11.821476106428907,5.0,5.0
9603,22.74802803993225,11946,17.5657447081145,5.0,5.0
9608,22.75940990447998,11946,17.1949290324437,5.0,5.0
9610,22.767133235931396,11946,23.755943225954958,5.0,5.0
9614,22.774322748184204,11946,22.163042931688942,5.0,5.0
9615,22.776211500167847,11946,27.730434345351153,5.0,5.0
9619,22.79172706604004,11946,27.74747798102474,5.0,5.0
9620,22.793798446655273,11946,32.197982384819795,5.0,5.0
9622,22.79757070541382,11946,30.606708726284673,5.0,5.0
9629,22.81360173225403,11946,20.029206315428965,5.0,5.0
9630,22.815638542175293,11946,26.023365052343173,5.0,5.0
9632,22.81932544708252,11946,26.654953633499634,5.0,5.0
9638,22.82956075668335,11946,23.647336260351814,5.0,5.0
9640,22.8333158493042,11946,25.13429520662516,5.0,5.0
9643,22.842408180236816,11946,26.085948932240104,5.0,5.0
9650,22.85850739479065,11946,8.54784374611644,5.0,5.0
9651,22.86049771308899,11946,16.83827499689315,5.0,5.0
9655,22.869966745376587,11946,18.621196798409294,5.0,5.0
9659,22.884970903396606,11946,24.896957438727433,5.0,5.0
9660,22.88656759262085,11946,24.896957438727433,5.0,5.0
9670,22.906269550323486,11946,16.52658801081777,5.0,5.0
9674,22.91310691833496,11946,16.769290449230958,5.0,5.0
9676,22.916741609573364,11946,23.415432359384766,5.0,5.0
9680,22.927244424819946,11946,24.985876710006252,5.0,5.0
9682,22.934439182281494,11946,29.988701368005003,5.0,5.0
9684,22.937450885772705,11946,33.990961094404,5.0,5.0
9690,22.954602241516113,11946,17.40337208033485,5.0,5.0
9694,22.96105933189392,11946,21.138158131414308,5.0,5.0
9700,22.974607229232788,11946,13.528421204105157,5.0,5.0
9704,22.98682403564453,11946,18.6581895706273,5.0,5.0
9709,22.999107837677002,11946,21.941241325201474,5.0,5.0
9710,23.000864505767822,11946,17.55299306016118,5.0,5.0
9711,23.002917528152466,11946,24.042394448128945,5.0,5.0
9714,23.014660835266113,11946,29.233915558503156,5.0,5.0
9717,23.02002739906311,11946,24.967764765953618,5.0,5.0
9720,23.02466368675232,11946,19.974211812762896,5.0,5.0
9730,23.05134892463684,11946,16.545149726806148,5.0,5.0
9737,23.071569442749023,11946,15.42151466247984,5.0,5.0
9738,23.073668241500854,11946,22.33721172998387,5.0,5.0
9740,23.076829195022583,11946,22.33721172998387,5.0,5.0
9743,23.086432933807373,11946,24.29581550718968,5.0,5.0
9745,23.09005308151245,11946,29.436652405751744,5.0,5.0
9748,23.099491119384766,11946,28.839457539681117,5.0,5.0
9750,23.102205276489258,11946,23.071566031744894,5.0,5.0
9760,23.127622604370117,11946,6.048072605825735,5.0,5.0
9768,23.14402937889099,11946,14.0,5.0,5.0
9770,23.150162935256958,11946,11.200000000000001,5.0,5.0
9772,23.156857013702393,11946,18.96,5.0,5.0
9774,23.163601875305176,11946,25.168,5.0,5.0
9775,23.165559768676758,11946,30.1344,5.0,5.0
9776,23.167460441589355,11946,34.10752,5.0,5.0
9780,23.17786741256714,11946,21.828812800000005,5.0,5.0
9786,23.190750122070312,11946,18.941081722880007,5.0,5.0
9790,23.201008558273315,11946,12.122292302643206,5.0,5.0
9796,23.21860694885254,11946,16.206613658953323,5.0,5.0
9800,23.22912859916687,11946,10.372232741730128,5.0,5.0
9804,23.245334148406982,11946,16.638228954707284,5.0,5.0
9809,23.260754823684692,11946,18.518773224810133,5.0,5.0
9810,23.26246929168701,11946,14.815018579848108,5.0,5.0
9816,23.28858518600464,11946,21.852014863878487,5.0,5.0
9820,23.298211574554443,11946,11.188231610305786,5.0,5.0
9824,23.307380199432373,11946,17.160468230595704,5.0,5.0
9827,23.316310167312622,11946,20.98269966758125,5.0,5.0
9829,23.31987953186035,11946,26.786159734065002,5.0,5.0
9830,23.321526527404785,11946,21.428927787252004,5.0,5.0
9831,23.32361078262329,11946,27.143142229801605,5.0,5.0
9833,23.327232122421265,11946,27.371611027073026,5.0,5.0
9834,23.329087734222412,11946,31.89728882165842,5.0,5.0
9840,23.347641468048096,11946,16.331411876689113,5.0,5.0
9841,23.3497416973114,11946,23.065129501351294,5.0,5.0
9850,23.368486166000366,11946,9.447477043753493,5.0,5.0
9854,23.374330282211304,11946,14.83710824640179,5.0,5.0
9860,23.389095306396484,11946,9.495749277697147,5.0,5.0
9861,23.391189098358154,11946,17.596599422157716,5.0,5.0
9870,23.415955543518066,11946,9.009458904144752,5.0,5.0
9873,23.423931121826172,11946,17.2075671233158,5.0,5.0
9875,23.42985463142395,11946,23.76605369865264,5.0,5.0
9880,23.436710119247437,11946,15.210274367137693,5.0,5.0
9884,23.4493305683136,11946,22.168219493710154,5.0,5.0
9886,23.45275354385376,11946,27.734575594968124,5.0,5.0
9890,23.465685606002808,11946,17.7501283807796,5.0,5.0
9891,23.467695713043213,11946,24.20010270462368,5.0,5.0
9900,23.502135753631592,11946,9.912362067813863,5.0,5.0
9902,23.506000995635986,11946,16.343911723400872,5.0,5.0
9905,23.51487684249878,11946,20.46010350297656,5.0,5.0
9910,23.52728772163391,11946,10.475572993524,5.0,5.0
9920,23.568594932556152,11946,6.704366715855361,5.0,5.0
9921,23.572880744934082,11946,15.363493372684289,5.0,5.0
9930,23.598438262939453,11946,7.866108606814357,5.0,5.0
9936,23.615247011184692,11946,14.0,5.0,5.0
9938,23.61884617805481,11946,21.200000000000003,5.0,5.0
9939,23.621086597442627,11946,26.960000000000004,5.0,5.0
9940,23.622674465179443,11946,26.960000000000004,5.0,5.0
9942,23.633370637893677,11946,27.254400000000004,5.0,5.0
9947,23.64285945892334,11946,21.163402240000003,5.0,5.0
9950,23.65119481086731,11946,21.163402240000003,5.0,5.0
9958,23.680158615112305,11946,23.544577433600004,5.0,5.0
9960,23.682937145233154,11946,18.835661946880006,5.0,5.0
9962,23.690190315246582,11946,25.068529557504007,5.0,5.0
9964,23.694029808044434,11946,26.043858916802566,5.0,5.0
9965,23.695968627929688,11946,30.835087133442055,5.0,5.0
9967,23.699709177017212,11946,29.734455765402917,5.0,5.0
9968,23.701555490493774,11946,33.787564612322335,5.0,5.0
9970,23.704877376556396,11946,21.624041351886298,5.0,5.0
9977,23.723562717437744,11946,17.085765870186105,5.0,5.0
9980,23.728244066238403,11946,17.085765870186105,5.0,5.0
9990,23.749009370803833,11946,5.598663760342584,5.0,5.0
9999,23.783368587493896,11946,14.0,5.0,5.0
10000,23.788568258285522,11946,14.0,5.0,5.0
10003,23.798476696014404,11946,18.96,5.0,5.0
10008,23.806803226470947,11946,19.707520000000002,5.0,5.0
10010,23.810251235961914,11946,12.612812800000002,5.0,5.0
10020,23.837364435195923,11946,5.0,5.0,5.0
10030,23.864190816879272,11946,5.0,5.0,5.0
10035,23.898016214370728,11946,14.0,5.0,5.0
10040,23.93021583557129,11946,11.200000000000001,5.0,5.0
10050,23.9634108543396,11946,14.0,5.0,5.0
10051,23.96554923057556,11946,21.200000000000003,5.0,5.0
10054,23.96981167793274,11946,23.568000000000005,5.0,5.0
10057,23.982203006744385,11946,22.066816000000003,5.0,5.0
10060,23.991208791732788,11946,24.122762240000004,5.0,5.0
10069,24.011091947555542,11946,19.880683413504002,5.0,5.0
10070,24.012911319732666,11946,25.904546730803204,5.0,5.0
10079,24.032374143600464,11946,18.4884018727496,5.0,5.0
10080,24.0339937210083,11946,14.79072149819968,5.0,5.0
10081,24.035892248153687,11946,21.832577198559747,5.0,5.0
10084,24.044147491455078,11946,23.972849407078236,5.0,5.0
10087,24.04927945137024,11946,25.34262362053007,5.0,5.0
10089,24.05274772644043,11946,26.219279117139248,5.0,5.0
10090,24.057131052017212,11946,26.219279117139248,5.0,5.0
10094,24.063838243484497,11946,20.73941672638024,5.0,5.0
10095,24.06570792198181,11946,26.591533381104195,5.0,5.0
10097,24.06920623779297,11946,27.018581363906687,5.0,5.0
10098,24.07145881652832,11946,31.614865091125353,5.0,5.0
10100,24.075321435928345,11946,25.291892072900282,5.0,5.0
10101,24.07727885246277,11946,30.233513658320227,5.0,5.0
10110,24.094470500946045,11946,17.9255342044467,5.0,5.0
10114,24.103477239608765,11946,21.47234189084589,5.0,5.0
10120,24.118595600128174,11946,10.993839048113097,5.0,5.0
10130,24.147357940673828,11946,14.503076474107125,5.0,5.0
10136,24.169920682907104,11946,15.94046012379428,5.0,5.0
10138,24.177667140960693,11946,22.752368099035422,5.0,5.0
10140,24.185312509536743,11946,18.20189447922834,5.0,5.0
10143,24.190110445022583,11946,24.561515583382672,5.0,5.0
10146,24.19481134414673,11946,25.719369973364913,5.0,5.0
10149,24.200546979904175,11946,23.16831742636284,5.0,5.0
10150,24.20203137397766,11946,23.16831742636284,5.0,5.0
10151,24.204087734222412,11946,28.534653941090273,5.0,5.0
10158,24.22739291191101,11946,19.350235403416463,5.0,5.0
10160,24.230289697647095,11946,12.384150658186536,5.0,5.0
10170,24.249613285064697,11946,5.0,5.0,5.0
10180,24.274214029312134,11946,14.0,5.0,5.0
10183,24.279167413711548,11946,21.200000000000003,5.0,5.0
10186,24.284345149993896,11946,23.568000000000005,5.0,5.0
10189,24.288931846618652,11946,25.083520000000007,5.0,5.0
10190,24.293291568756104,11946,25.083520000000007,5.0,5.0
10191,24.29521870613098,11946,30.066816000000006,5.0,5.0
10195,24.31095004081726,11946,34.0534528,5.0,5.0
10199,24.323949337005615,11946,23.948294266880005,5.0,5.0
10200,24.325663089752197,11946,19.158635413504005,5.0,5.0
10210,24.349436283111572,11946,7.8473770653712425,5.0,5.0
10218,24.383296489715576,11946,15.022321321837595,5.0,5.0
10219,24.385437965393066,11946,22.017857057470074,5.0,5.0
10220,24.38717794418335,11946,17.61428564597606,5.0,5.0
10221,24.38931703567505,11946,24.09142851678085,5.0,5.0
10225,24.396377563476562,11946,22.334811400591796,5.0,5.0
10230,24.411174058914185,11946,11.435423437103001,5.0,5.0
10232,24.415104150772095,11946,17.31867099974592,5.0,5.0
10235,24.420696020126343,11946,18.86715955186991,5.0,5.0
10237,24.424209594726562,11946,25.09372764149593,5.0,5.0
10240,24.4290931224823,11946,22.84798855244592,5.0,5.0
10246,24.44266986846924,11946,19.35853611108185,5.0,5.0
10250,24.454366445541382,11946,9.91157048887391,5.0,5.0
10260,24.477222442626953,11946,5.074724090303443,5.0,5.0
10266,24.49165177345276,11946,14.059779272242753,5.0,5.0
10267,24.4936203956604,11946,21.2478234177942,5.0,5.0
10269,24.497287034988403,11946,26.99825873423536,5.0,5.0
10270,24.49896216392517,11946,21.59860698738829,5.0,5.0
10275,24.511159896850586,11946,21.058486777542804,5.0,5.0
10280,24.52286648750305,11946,23.477431537627396,5.0,5.0
10286,24.5330011844635,11946,17.693084766249747,5.0,5.0
10289,24.542757749557495,11946,24.154467812999798,5.0,5.0
10290,24.54477286338806,11946,29.32357425039984,5.0,5.0
10300,24.56692361831665,11946,7.686999048296818,5.0,5.0
10302,24.575074195861816,11946,16.149599238637457,5.0,5.0
10303,24.577181816101074,11946,22.919679390909966,5.0,5.0
10305,24.580894231796265,11946,28.335743512727973,5.0,5.0
10308,24.59091281890869,11946,28.134875848145906,5.0,5.0
10309,24.593246936798096,11946,32.50790067851673,5.0,5.0
10310,24.594937562942505,11946,26.006320542813384,5.0,5.0
10320,24.634370803833008,11946,18.521751115469094,5.0,5.0
10322,24.63808250427246,11946,21.853920713900223,5.0,5.0
10329,24.6550395488739,11946,17.16109273953083,5.0,5.0
10330,24.656941890716553,11946,23.728874191624662,5.0,5.0
10335,24.665663957595825,11946,19.719346868889467,5.0,5.0
10340,24.681580305099487,11946,12.62038199608926,5.0,5.0
10344,24.69203209877014,11946,16.4616355819977,5.0,5.0
10346,24.699486017227173,11946,23.169308465598164,5.0,5.0
10350,24.71631646156311,11946,24.82835741798283,5.0,5.0
10352,24.720052242279053,11946,29.862685934386263,5.0,5.0
10355,24.725574493408203,11946,25.28969519840577,5.0,5.0
10360,24.736119985580444,11946,16.185404926979697,5.0,5.0
10365,24.748047590255737,11946,18.286927322613607,5.0,5.0
10368,24.75630784034729,11946,24.62954185809089,5.0,5.0
10370,24.75996708869934,11946,25.762906789178167,5.0,5.0
10379,24.786717414855957,11946,18.441989296677903,5.0,5.0
10380,24.79116463661194,11946,18.441989296677903,5.0,5.0
10383,24.79925298690796,11946,21.80287314987386,5.0,5.0
10390,24.816470623016357,11946,13.953838815919273,5.0,5.0
10391,24.818440675735474,11946,21.163071052735418,5.0,5.0
10398,24.833490133285522,11946,18.66839390320043,5.0,5.0
10400,24.839617490768433,11946,18.66839390320043,5.0,5.0
10406,24.851441621780396,11946,17.646574142750897,5.0,5.0
10410,24.868479013442993,11946,9.03504596108846,5.0,5.0
10418,24.89769721031189,11946,17.22803676887077,5.0,5.0
10420,24.904210567474365,11946,23.782429415096615,5.0,5.0
10424,24.913978099822998,11946,22.176603860529468,5.0,5.0
10430,24.927969455718994,11946,11.354421176591089,5.0,5.0
10436,24.94097590446472,11946,15.81346364241464,5.0,5.0
10440,24.95378804206848,11946,20.12061673114537,5.0,5.0
10441,24.955737829208374,11946,26.096493384916297,5.0,5.0
10444,24.960888385772705,11946,26.701755766346434,5.0,5.0
10447,24.966331005096436,11946,23.671298952369376,5.0,5.0
10450,24.975339651107788,11946,25.149631329516403,5.0,5.0
10455,24.987114191055298,11946,26.0957640508905,5.0,5.0
10460,25.001684188842773,11946,13.36103119405594,5.0,5.0
10468,25.01808214187622,11946,15.472678377085314,5.0,5.0
10470,25.021477699279785,11946,9.902514161334603,5.0,5.0
10480,25.066848278045654,11946,5.070087250603318,5.0,5.0
10481,25.06899905204773,11946,14.056069800482653,5.0,5.0
10482,25.070947647094727,11946,21.244855840386123,5.0,5.0
10483,25.072932243347168,11946,26.9958846723089,5.0,5.0
10484,25.07567024230957,11946,31.596707737847122,5.0,5.0
10486,25.079484224319458,11946,30.221892952222163,5.0,5.0
10487,25.08149790763855,11946,34.17751436177773,5.0,5.0
10490,25.085978507995605,11946,21.873609191537753,5.0,5.0
10494,25.09612488746643,11946,23.999109882584165,5.0,5.0
10498,25.107847690582275,11946,22.287544259883095,5.0,5.0
10500,25.11479353904724,11946,27.830035407906475,5.0,5.0
10507,25.131720304489136,11946,24.248978128848115,5.0,5.0
10508,25.13340711593628,11946,24.248978128848115,5.0,14.0
10510,25.136539459228516,11946,19.399182503078492,5.0,11.200000000000001
10513,25.14449715614319,11946,25.519346002462797,5.0,8.96
10517,25.15108823776245,11946,20.452724122608764,5.0,8.96
10519,25.154872179031372,11946,26.36217929808701,5.0,7.168000000000001
10520,25.15647292137146,11946,21.08974343846961,5.0,7.168000000000001
10523,25.16155982017517,11946,23.49743580062055,5.0,5.734400000000001
10530,25.171806812286377,11946,7.699639763147343,5.0,5.0
10533,25.175649166107178,11946,16.159711810517877,5.0,5.0
10535,25.179223775863647,11946,20.342215558731443,5.0,5.0
10538,25.184575080871582,11946,20.4152143660705,5.0,5.0
10540,25.18804383277893,11946,23.06573719428512,5.0,5.0
10550,25.210747957229614,11946,7.558180763823349,5.0,5.0
10553,25.221707105636597,11946,16.04654461105868,5.0,5.0
10556,25.226191759109497,11946,20.269788551077554,5.0,5.0
10560,25.23675537109375,11946,12.972664672689636,5.0,5.0
10564,25.252306938171387,11946,20.37813173815171,5.0,5.0
10570,25.267000436782837,11946,23.042004312417095,5.0,5.0
10572,25.270387411117554,11946,28.433603449933678,5.0,5.0
10580,25.286452770233154,11946,9.31712317847427,5.0,5.0
10590,25.314115047454834,11946,5.0,5.0,5.0
10592,25.318485021591187,11946,14.0,5.0,5.0
10600,25.335957765579224,11946,5.734400000000001,5.0,5.0
10601,25.338024616241455,11946,14.587520000000001,5.0,5.0
10603,25.344890356063843,11946,21.670016000000004,5.0,5.0
10604,25.346962928771973,11946,27.336012800000002,5.0,5.0
10605,25.349061012268066,11946,31.868810240000002,5.0,5.0
10610,25.3571355342865,11946,20.442771739443202,5.0,5.0
10611,25.359155893325806,11946,26.354217391554563,5.0,5.0
10614,25.36466145515442,11946,23.493359304475938,5.0,5.0
10619,25.37730574607849,11946,19.62287997111335,5.0,5.0
10620,25.37877655029297,11946,19.62287997111335,5.0,5.0
10622,25.388108491897583,11946,22.558643181512544,5.0,5.0
10630,25.40184473991394,11946,14.73089036653954,5.0,5.0
10635,25.41515326499939,11946,17.542215867668247,5.0,5.0
10640,25.42386531829834,11946,7.185291619396915,5.0,5.0
10642,25.42773151397705,11946,14.598586636414026,5.0,5.0
10650,25.44948983192444,11946,5.979581086275187,5.0,5.0
10660,25.471325397491455,11946,5.0,5.0,5.0
10668,25.49681258201599,11946,5.0,5.0,14.0
10670,25.502341270446777,11946,5.0,5.0,11.200000000000001
10672,25.508949756622314,11946,14.0,5.0,11.200000000000001
10676,25.514771938323975,11946,18.96,5.0,7.168000000000001
10680,25.52550745010376,11946,9.707520000000002,5.0,7.168000000000001
10681,25.527628421783447,11946,17.766016,5.0,7.168000000000001
10690,25.55655264854431,11946,5.821568122880002,5.0,5.734400000000001
10700,25.591453313827515,11946,5.0,5.0,5.0
10702,25.595263481140137,11946,14.0,5.0,5.0
10708,25.608444690704346,11946,15.7344,5.0,5.0
10710,25.614801168441772,11946,12.587520000000001,5.0,5.0
10719,25.631603002548218,11946,15.155848192000002,5.0,5.0
10720,25.636310338974,11946,15.155848192000002,5.0,5.0
10722,25.64295530319214,11946,22.124678553600003,5.0,5.0
10730,25.662689447402954,11946,9.062268335554563,5.0,5.0
10738,25.689595460891724,11946,14.0,5.0,5.0
10740,25.692787885665894,11946,14.0,5.0,5.0
10742,25.69658637046814,11946,18.96,5.0,5.0
10743,25.698505401611328,11946,25.168,5.0,5.0
10750,25.711251974105835,11946,18.24705024,5.0,5.0
10756,25.72188901901245,11946,15.979193422643203,5.0,5.0
10760,25.733598232269287,11946,15.979193422643203,5.0,5.0
10763,25.738957166671753,11946,20.22668379049165,5.0,5.0
10765,25.742610931396484,11946,22.945077625914656,5.0,5.0
10766,25.74451732635498,11946,28.356062100731727,5.0,5.0
10770,25.753931283950806,11946,18.14787974446831,5.0,5.0
10780,25.78662347793579,11946,5.0,5.0,5.0
10782,25.794387817382812,11946,14.0,5.0,5.0
10783,25.796438932418823,11946,21.200000000000003,5.0,5.0
10786,25.80184268951416,11946,20.854400000000005,5.0,5.0
10789,25.806490659713745,11946,26.683520000000005,5.0,5.0
10790,25.808141946792603,11946,21.346816000000004,5.0,5.0
10791,25.810194492340088,11946,27.077452800000003,5.0,5.0
10796,25.818902254104614,11946,21.090924666880007,5.0,5.0
10798,25.82185935974121,11946,26.872739733504005,5.0,5.0
10800,25.82474184036255,11946,17.198553429442565,5.0,5.0
10803,25.834256172180176,11946,23.758842743554055,5.0,5.0
10805,25.838054656982422,11946,25.205659355874594,5.0,5.0
10809,25.85050129890442,11946,30.164527484699676,5.0,5.0
10810,25.852198600769043,11946,24.131621987759743,5.0,5.0
10817,25.869511604309082,11946,19.884312366186393,5.0,5.0
10819,25.873475074768066,11946,22.725959914359294,5.0,5.0
10820,25.8745596408844,11946,22.725959914359294,5.0,5.0
10827,25.892881155014038,11946,24.54461434518995,5.0,5.0
10830,25.897637128829956,11946,12.566842544737256,5.0,5.0
10831,25.89967966079712,11946,20.053474035789804,5.0,5.0
10834,25.905165672302246,11946,20.26737870632438,5.0,5.0
10836,25.908790826797485,11946,22.971122372047603,5.0,5.0
10838,25.912548303604126,11946,24.701518318110466,5.0,5.0
10839,25.91445231437683,11946,29.761214654488374,5.0,5.0
10840,25.916096687316895,11946,23.8089717235907,5.0,5.0
10844,25.923485040664673,11946,22.190193522478438,5.0,5.0
10850,25.943686962127686,11946,14.201723854386202,5.0,5.0
10852,25.946959257125854,11946,21.361379083508965,5.0,5.0
10854,25.953848123550415,11946,27.08910326680717,5.0,5.0
10859,25.962384700775146,11946,21.095696698084218,5.0,5.0
10860,25.96347165107727,11946,16.876557358467377,5.0,5.0
10861,25.96542477607727,11946,23.5012458867739,5.0,5.0
10865,25.972232818603516,11946,25.040797367535298,5.0,5.0
10866,25.97412633895874,11946,30.03263789402824,5.0,5.0
10870,25.983729600906372,11946,15.376710601742463,5.0,5.0
10871,25.98591661453247,11946,22.301368481393972,5.0,5.0
10880,26.01290202140808,11946,11.418300662473715,5.0,5.0
10881,26.01505732536316,11946,19.134640529978974,5.0,5.0
10890,26.043315887451172,11946,5.016031207090809,5.0,5.0
10894,26.053974628448486,11946,14.012824965672648,5.0,5.0
10900,26.074548959732056,11946,11.210259972538118,5.0,5.0
10910,26.10385251045227,11946,5.0,5.0,5.0
10920,26.141204833984375,11946,5.0,5.0,5.0
10921,26.143287181854248,11946,14.0,5.0,5.0
10923,26.147109746932983,11946,21.200000000000003,5.0,5.0
10924,26.149137258529663,11946,26.960000000000004,5.0,5.0
10925,26.151039838790894,11946,31.568000000000005,5.0,5.0
10930,26.16514778137207,11946,30.203520000000005,5.0,5.0
10937,26.178556442260742,11946,19.897089433600005,5.0,5.0
10940,26.183542251586914,11946,15.917671546880005,5.0,5.0
10943,26.19767427444458,11946,20.187309790003205,5.0,5.0
10947,26.20444893836975,11946,20.33590261248164,5.0,5.0
10950,26.212598085403442,11946,23.01497767198825,5.0,5.0
10951,26.21452760696411,11946,28.411982137590602,5.0,5.0
10952,26.216378927230835,11946,32.729585710072485,5.0,5.0
10953,26.218372106552124,11946,36.18366856805799,5.0,5.0
10959,26.231290340423584,11946,21.856664516381244,5.0,5.0
10960,26.23254418373108,11946,17.485331613104997,5.0,5.0
10966,26.24902892112732,11946,21.1906122323872,5.0,5.0
10970,26.26213550567627,11946,23.561991828727805,5.0,5.0
10980,26.285704612731934,11946,17.72079348243753,5.0,5.0
10989,26.313552856445312,11946,17.25843701040641,5.0,5.0
10990,26.315810441970825,11946,17.25843701040641,5.0,5.0
11000,26.341010093688965,11946,5.0,5.0,5.0
11010,26.367183923721313,11946,5.0,5.0,5.0
11020,26.39695167541504,11946,5.0,5.0,5.0
11030,26.426246643066406,11946,5.0,5.0,5.0
11040,26.450363397598267,11946,5.0,5.0,5.0
11050,26.468639373779297,11946,5.0,5.0,5.0
11055,26.479743242263794,11946,14.0,5.0,5.0
11059,26.488976001739502,11946,17.168,5.0,5.0
11060,26.490437984466553,11946,17.168,5.0,5.0
11061,26.492364645004272,11946,23.7344,5.0,5.0
11070,26.50880718231201,11946,7.777288192000002,5.0,5.0
11080,26.545921802520752,11946,5.0,5.0,5.0
11082,26.553996562957764,11946,14.0,5.0,5.0
11087,26.571126699447632,11946,17.168,5.0,5.0
11090,26.58371663093567,11946,13.7344,5.0,5.0
11094,26.595893621444702,11946,17.0320128,5.0,5.0
11095,26.598058938980103,11946,23.62561024,5.0,5.0
11099,26.604867458343506,11946,22.096312442880002,5.0,5.0
11100,26.60661506652832,11946,17.677049954304003,5.0,5.0
11101,26.608703136444092,11946,24.141639963443204,5.0,5.0
11105,26.61972212791443,11946,22.360519661282922,5.0,5.0
11106,26.621720552444458,11946,27.888415729026338,5.0,5.0
11110,26.63615083694458,11946,14.278868853261486,5.0,5.0
11111,26.638530492782593,11946,21.423095082609187,5.0,5.0
11112,26.640509366989136,11946,27.13847606608735,5.0,5.0
11115,26.645116090774536,11946,31.71078085286988,5.0,5.0
11120,26.653661727905273,11946,10.390988669868406,5.0,5.0
11124,26.663573265075684,11946,16.65023274871578,5.0,5.0
11130,26.67566680908203,11946,8.52491916734248,5.0,5.0
11140,26.703383684158325,11946,15.455948267099188,5.0,5.0
11150,26.725504875183105,11946,5.0646051281630635,5.0,5.0
11155,26.739624500274658,11946,14.0,5.0,5.0
11160,26.756773948669434,11946,8.96,5.0,5.0
11165,26.766884565353394,11946,17.168,5.0,5.0
11170,26.78046464920044,11946,10.987520000000002,5.0,5.0
11180,26.8137149810791,11946,7.032012800000001,5.0,5.0
11190,26.833671808242798,11946,5.0,5.0,5.0
11192,26.840189695358276,11946,14.0,5.0,5.0
11198,26.856051921844482,11946,18.96,5.0,5.0
11200,26.862048864364624,11946,18.96,5.0,5.0
11210,26.903483152389526,11946,6.212812800000002,5.0,5.0
11213,26.912808895111084,11946,14.970250240000002,5.0,5.0
11220,26.935949563980103,11946,9.580960153600001,5.0,5.0
11225,26.94506049156189,11946,16.131814498304003,5.0,5.0
11226,26.94715642929077,11946,22.905451598643204,5.0,5.0
11229,26.952770709991455,11946,21.72759121850532,5.0,5.0
11230,26.958243370056152,11946,21.72759121850532,5.0,5.0
11231,26.961055755615234,11946,27.382072974804256,5.0,5.0
11235,26.97321319580078,11946,31.905658379843405,5.0,5.0
11240,26.98400592803955,11946,16.335697090479826,5.0,5.0
11243,26.992610454559326,11946,20.45484613790709,5.0,5.0
11245,26.996203422546387,11946,26.363876910325672,5.0,5.0
11246,26.998154878616333,11946,31.091101528260538,5.0,5.0
11250,27.003328800201416,11946,15.918643982469398,5.0,5.0
11257,27.018668174743652,11946,18.150345719024333,5.0,5.0
11260,27.030598402023315,11946,14.520276575219468,5.0,5.0
11261,27.03268790245056,11946,21.616221260175575,5.0,5.0
11262,27.034691095352173,11946,27.29297700814046,5.0,5.0
11263,27.036611318588257,11946,31.83438160651237,5.0,5.0
11268,27.04866361618042,11946,23.039362706027468,5.0,5.0
11270,27.05638551712036,11946,23.039362706027468,5.0,5.0
11280,27.08663320541382,11946,6.039630697208867,5.0,5.0
11290,27.13413643836975,11946,6.039630697208867,5.0,5.0
11291,27.13796353340149,11946,14.831704557767093,5.0,5.0
11300,27.16947317123413,11946,6.075066186861402,5.0,5.0
11302,27.174003839492798,11946,14.860052949489123,5.0,5.0
11306,27.18117380142212,11946,16.086677688110747,5.0,5.0
11310,27.195287227630615,11946,10.29547372039088,5.0,5.0
11320,27.217616319656372,11946,5.0,5.0,5.0
11330,27.244786024093628,11946,5.0,5.0,5.0
11339,27.274418830871582,11946,14.0,5.0,5.0
11340,27.276358366012573,11946,11.200000000000001,5.0,5.0
11347,27.301252365112305,11946,15.7344,5.0,5.0
11350,27.310973405838013,11946,12.587520000000001,5.0,5.0
11351,27.314247131347656,11946,20.070016000000003,5.0,5.0
11352,27.316778659820557,11946,26.0560128,5.0,5.0
11354,27.320780515670776,11946,26.675848192,5.0,5.0
11360,27.34824776649475,11946,13.658034274304,5.0,5.0
11364,27.36060643196106,11946,16.99291354844365,5.0,5.0
11370,27.385249376296997,11946,10.875464671003938,5.0,5.0
11380,27.4166316986084,11946,5.0,5.0,5.0
11382,27.42001962661743,11946,14.0,5.0,5.0
11390,27.441182374954224,11946,5.734400000000001,5.0,5.0
11398,27.461888790130615,11946,14.0,5.0,5.0
11400,27.46532368659973,11946,8.96,5.0,5.0
11402,27.4796142578125,11946,15.7344,5.0,5.0
11409,27.50061845779419,11946,20.070016000000003,5.0,5.0
11410,27.502601623535156,11946,26.0560128,5.0,5.0
11414,27.517704963684082,11946,26.675848192,5.0,5.0
11420,27.531240463256836,11946,13.658034274304,5.0,5.0
11421,27.533334732055664,11946,20.9264274194432,5.0,5.0
11422,27.535359382629395,11946,26.741141935554563,5.0,5.0
11430,27.57639718055725,11946,20.95317173680315,5.0,5.0
11433,27.5820255279541,11946,20.728023929243214,5.0,5.0
11437,27.589364290237427,11946,18.490198601418022,5.0,5.0
11439,27.598315000534058,11946,21.83372710490754,5.0,5.0
11440,27.606282711029053,11946,27.466981683926033,5.0,5.0
11450,27.634225845336914,11946,9.000380558188885,5.0,5.0
11454,27.644858837127686,11946,15.760243557240887,5.0,5.0
11456,27.648705005645752,11946,20.08655587663417,5.0,5.0
11457,27.650606870651245,11946,26.069244701307337,5.0,5.0
11460,27.6552255153656,11946,13.347453287069357,5.0,5.0
11465,27.66287326812744,11946,16.83389608297951,5.0,5.0
11468,27.671597003936768,11946,23.46711686638361,5.0,5.0
11470,27.675408124923706,11946,25.01895479448551,5.0,5.0
11477,27.69411039352417,11946,20.247763883821268,5.0,5.0
11480,27.698498010635376,11946,16.198211107057016,5.0,5.0
11487,27.710137367248535,11946,15.307829815560444,5.0,5.0
11490,27.715485334396362,11946,9.797011081958686,5.0,5.0
11493,27.721309185028076,11946,16.270087092453558,5.0,5.0
11500,27.735220432281494,11946,10.412855739170277,5.0,5.0
11506,27.7485671043396,11946,14.265105710764146,5.0,5.0
11507,27.750565767288208,11946,21.41208456861132,5.0,5.0
11508,27.752540111541748,11946,27.129667654889058,5.0,5.0
11509,27.754446506500244,11946,31.703734123911246,5.0,5.0
11510,27.756128549575806,11946,25.362987299129,5.0,5.0
11519,27.774653434753418,11946,16.648754942542872,5.0,5.0
11520,27.776386499404907,11946,13.319003954034299,5.0,5.0
11530,27.823862075805664,11946,8.524162530581952,5.0,5.0
11531,27.826106071472168,11946,16.81933002446556,5.0,5.0
11532,27.828206300735474,11946,23.45546401957245,5.0,5.0
11537,27.840996980667114,11946,22.009197578021094,5.0,5.0
11540,27.855541944503784,11946,22.009197578021094,5.0,5.0
11541,27.857616186141968,11946,27.607358062416875,5.0,5.0
11550,27.899353504180908,11946,11.307973862365953,5.0,5.0
11556,27.91522789001465,11946,15.78968261753137,5.0,5.0
11560,27.922011375427246,11946,8.084317500176063,5.0,5.0
11561,27.924063205718994,11946,16.46745400014085,5.0,5.0
11569,27.940128564834595,11946,15.396055326766156,5.0,5.0
11570,27.941781044006348,11946,12.316844261412925,5.0,5.0
11573,27.94679307937622,11946,17.88278032730427,5.0,5.0
11575,27.950403690338135,11946,24.30622426184342,5.0,5.0
11580,27.958190441131592,11946,15.55598352757979,5.0,5.0
11590,27.981906414031982,11946,14.077907745853878,5.0,5.0
11597,28.000104427337646,11946,19.009860957346483,5.0,5.0
11599,28.00396203994751,11946,22.166311012701748,5.0,5.0
11600,28.005722999572754,11946,17.7330488101614,5.0,5.0
11601,28.007665395736694,11946,24.18643904812912,5.0,5.0
11605,28.01723337173462,11946,22.38345679264211,5.0,5.0
11610,28.025328874588013,11946,9.16826390226621,5.0,5.0
11617,28.044061183929443,11946,14.694151117960299,5.0,5.0
11620,28.051968812942505,11946,11.75532089436824,5.0,5.0
11622,28.05554437637329,11946,19.40425671549459,5.0,5.0
11623,28.057522296905518,11946,25.523405372395672,5.0,5.0
11630,28.07338309288025,11946,8.363509472426616,5.0,5.0
11637,28.092177152633667,11946,14.0,5.0,5.0
11640,28.100936889648438,11946,8.96,5.0,5.0
11643,28.112414360046387,11946,15.7344,5.0,5.0
11646,28.1208279132843,11946,22.58752,5.0,5.0
11650,28.13362216949463,11946,14.456012800000003,5.0,5.0
11660,28.155487775802612,11946,5.921182842880002,5.0,5.0
11662,28.15865397453308,11946,14.736946274304003,5.0,5.0
11664,28.161579132080078,11946,21.7895570194432,5.0,5.0
11665,28.163661003112793,11946,27.43164561555456,5.0,5.0
11668,28.1686749458313,11946,24.04500255516394,5.0,5.0
11670,28.175257205963135,11946,19.236002044131155,5.0,5.0
11678,28.197265625,11946,17.879066437276123,5.0,5.0
11680,28.200806617736816,11946,11.44260251985672,5.0,5.0
11688,28.21680998802185,11946,14.686889992133313,5.0,5.0
11689,28.218719959259033,11946,21.74951199370665,5.0,5.0
11690,28.220335245132446,11946,21.74951199370665,5.0,5.0
11694,28.232666492462158,11946,27.399609594965323,5.0,5.0
11695,28.23464608192444,11946,31.91968767597226,5.0,5.0
11697,28.2415714263916,11946,35.53575014077781,5.0,5.0
11698,28.24354887008667,11946,38.42860011262225,5.0,5.0
11700,28.24973177909851,11946,38.42860011262225,5.0,5.0
11707,28.260879516601562,11946,25.740354606130076,5.0,5.0
11710,28.265125274658203,11946,20.59228368490406,5.0,5.0
11720,28.293644189834595,11946,5.398143614295492,5.0,5.0
11725,28.304619789123535,11946,14.0,5.0,5.0
11726,28.30675721168518,11946,21.200000000000003,5.0,5.0
11730,28.3165500164032,11946,10.854400000000005,5.0,5.0
11738,28.33911681175232,11946,14.445962240000004,5.0,5.0
11740,28.34220004081726,11946,14.445962240000004,5.0,5.0
11745,28.35333251953125,11946,19.245415833600006,5.0,5.0
11748,28.361950635910034,11946,22.317066133504007,5.0,5.0
11749,28.363993883132935,11946,27.853652906803205,5.0,5.0
11750,28.365883111953735,11946,32.28292232544257,5.0,5.0
11751,28.367772817611694,11946,35.82633786035406,5.0,5.0
11756,28.37896227836609,11946,24.674467987601027,5.0,5.0
11760,28.385886907577515,11946,12.633327609651728,5.0,5.0
11763,28.391021490097046,11946,20.106662087721382,5.0,5.0
11770,28.4085693359375,11946,10.294610988913348,5.0,5.0
11780,28.437269926071167,11946,14.216672661058908,5.0,5.0
11784,28.4502694606781,11946,19.098670503077702,5.0,5.0
11790,28.46963381767273,11946,12.223149121969731,5.0,5.0
11793,28.47829270362854,11946,19.778519297575784,5.0,5.0
11797,28.48504376411438,11946,20.126601880358805,5.0,5.0
11800,28.48962140083313,11946,10.30482016274371,5.0,5.0
11805,28.507073402404785,11946,18.24385613019497,5.0,5.0
11810,28.519076347351074,11946,11.676067923324782,5.0,5.0
11817,28.540390253067017,11946,17.472683470927862,5.0,5.0
11818,28.5423686504364,11946,23.978146776742292,5.0,5.0
11820,28.548784732818604,11946,23.978146776742292,5.0,5.0
11826,28.560006856918335,11946,16.285727308642333,5.0,5.0
11828,28.56326174736023,11946,20.422865477531094,5.0,5.0
11830,28.56690001487732,11946,23.0706339056199,5.0,5.0
11832,28.57055640220642,11946,24.765205699596738,5.0,5.0
11835,28.578808307647705,11946,25.849731647741912,5.0,5.0
11837,28.582471132278442,11946,26.543828254554825,5.0,5.0
11840,28.58761501312256,11946,13.590440066332073,5.0,5.0
11846,28.597654819488525,11946,18.69788164245253,5.0,5.0
11848,28.601272583007812,11946,24.958305313962022,5.0,5.0
11850,28.6046199798584,11946,15.973315400935697,5.0,5.0
11856,28.620121717453003,11946,18.17833748527908,5.0,5.0
11860,28.629616022109985,11946,9.30730879246289,5.0,5.0
11864,28.636457204818726,11946,15.956677627176251,5.0,5.0
11868,28.6465425491333,11946,20.2122736813928,5.0,5.0
11870,28.649401903152466,11946,12.935855156091392,5.0,5.0
11880,28.676368951797485,11946,5.298526271935035,5.0,5.0
11890,28.70486354827881,11946,5.0,5.0,5.0
11900,28.740784406661987,11946,5.0,5.0,5.0
11904,28.750863552093506,11946,14.0,5.0,5.0
11910,28.760666370391846,11946,17.168,5.0,5.0
11913,28.768973112106323,11946,23.7344,5.0,5.0
11914,28.77090048789978,11946,28.98752,5.0,5.0
11918,28.77744770050049,11946,21.873288192000004,5.0,5.0
11919,28.779417037963867,11946,27.498630553600005,5.0,5.0
11920,28.780652284622192,11946,21.998904442880004,5.0,5.0
11928,28.803616523742676,11946,19.010751259803655,5.0,5.0
11930,28.807325839996338,11946,22.166880806274342,5.0,5.0
11940,28.839279890060425,11946,9.079554378249973,5.0,5.0
11947,28.851397037506104,11946,14.0,5.0,5.0
11950,28.856668710708618,11946,7.168000000000001,5.0,5.0
11953,28.861940622329712,11946,14.587520000000001,5.0,5.0
11955,28.865001678466797,11946,21.670016000000004,5.0,5.0
11958,28.870421409606934,11946,21.095048192,5.0,5.0
11960,28.873115301132202,11946,16.8760385536,5.0,5.0
11969,28.894104480743408,11946,15.52994031324365,5.0,5.0
11970,28.904914617538452,11946,15.52994031324365,5.0,5.0
11973,28.91189193725586,11946,19.939161800475937,5.0,5.0
11980,28.92764711380005,11946,8.167080673474945,5.0,5.0
11984,28.94191002845764,11946,15.226931631023966,5.0,5.0
11985,28.943907976150513,11946,22.181545304819174,5.0,5.0
11986,28.94585919380188,11946,27.74523624385534,5.0,5.0
11988,28.94957685470581,11946,27.75695119606742,5.0,5.0
11990,28.956366300582886,11946,22.205560956853937,5.0,5.0
11991,28.95852255821228,11946,27.76444876548315,5.0,5.0
12000,28.98087739944458,11946,11.3723182143419,5.0,5.0
12008,29.000425100326538,11946,14.658101540594444,5.0,5.0
12010,29.003164529800415,11946,11.726481232475557,5.0,5.0
12020,29.034926652908325,11946,6.003958391027485,5.0,5.0
12027,29.056435108184814,11946,14.0,5.0,5.0
12029,29.06365180015564,11946,21.200000000000003,5.0,5.0
12030,29.065463066101074,11946,16.960000000000004,5.0,5.0
12034,29.075671911239624,11946,23.568000000000005,5.0,5.0
12038,29.094780683517456,11946,25.083520000000007,5.0,5.0
12039,29.096903324127197,11946,30.066816000000006,5.0,5.0
12040,29.0986270904541,11946,24.053452800000006,5.0,5.0
12044,29.10594415664673,11946,19.852294266880005,5.0,5.0
12045,29.107988834381104,11946,25.881835413504007,5.0,5.0
12050,29.11892318725586,11946,16.564374664642568,5.0,5.0
12054,29.12886095046997,11946,20.601199785371243,5.0,5.0
12056,29.13526725769043,11946,26.480959828296996,5.0,5.0
12060,29.144978284835815,11946,13.558251432088065,5.0,5.0
12064,29.157599925994873,11946,20.846601145670455,5.0,5.0
12066,29.164165496826172,11946,26.677280916536365,5.0,5.0
12069,29.169341325759888,11946,27.073459786583275,5.0,5.0
12070,29.17119312286377,11946,31.658767829266623,5.0,5.0
12076,29.190279483795166,11946,26.209289128584512,5.0,5.0
12077,29.192184925079346,11946,30.96743130286761,5.0,5.0
12080,29.197246551513672,11946,15.855324827068216,5.0,5.0
12081,29.199256896972656,11946,22.684259861654574,5.0,5.0
12084,29.20712637901306,11946,28.14740788932366,5.0,5.0
12089,29.21806263923645,11946,28.014341049167143,5.0,5.0
12090,29.219536781311035,11946,28.014341049167143,5.0,5.0
12095,29.236368417739868,11946,27.929178271466974,5.0,5.0
12100,29.24662137031555,11946,17.874674093738864,5.0,5.0
12101,29.248608350753784,11946,24.29973927499109,5.0,5.0
12110,29.264999628067017,11946,7.962538565629082,5.0,5.0
12120,29.286972522735596,11946,5.0,5.0,5.0
12122,29.29000210762024,11946,14.0,5.0,5.0
12130,29.308359384536743,11946,7.168000000000001,5.0,5.0
12132,29.31429958343506,11946,15.7344,5.0,5.0
12140,29.331238508224487,11946,15.155848192000002,5.0,5.0
12150,29.358957290649414,11946,14.0,5.0,5.0
12157,29.373926401138306,11946,14.587520000000001,5.0,5.0
12158,29.375823259353638,11946,21.670016000000004,5.0,5.0
12160,29.3846492767334,11946,27.336012800000002,5.0,5.0
12164,29.395739793777466,11946,23.996038553600002,5.0,5.0
12170,29.41756772994995,11946,12.285971739443202,5.0,5.0
12171,29.41968584060669,11946,19.82877739155456,5.0,5.0
12173,29.42335867881775,11946,25.86302191324365,5.0,5.0
12176,29.431607007980347,11946,26.552334024475936,5.0,5.0
12180,29.443406343460083,11946,13.59479502053168,5.0,5.0
12189,29.458890199661255,11946,14.0,5.0,5.0
12190,29.460579872131348,11946,11.200000000000001,5.0,5.0
12196,29.47921395301819,11946,17.168,5.0,5.0
12200,29.488557815551758,11946,13.7344,5.0,5.0
12202,29.492387056350708,11946,18.790016,5.0,5.0
12210,29.511887788772583,11946,6.157112442880003,5.0,5.0
12220,29.540677070617676,11946,5.0,5.0,5.0
12222,29.550726175308228,11946,14.0,5.0,5.0
12226,29.558112621307373,11946,17.168,5.0,5.0
12229,29.5694522857666,11946,23.7344,5.0,5.0
12230,29.570645809173584,11946,18.98752,5.0,5.0
12231,29.57272171974182,11946,25.190016,5.0,5.0
12240,29.590496063232422,11946,10.317830553600004,5.0,5.0
12241,29.59258532524109,11946,18.254264442880004,5.0,5.0
12243,29.596460342407227,11946,21.682729243443205,5.0,5.0
12244,29.598461866378784,11946,27.346183394754565,5.0,5.0
12250,29.61760711669922,11946,14.001245898114341,5.0,5.0
12257,29.63625741004944,11946,15.734910319867634,5.0,5.0
12258,29.638371467590332,11946,22.587928255894106,5.0,5.0
12260,29.642254114151,11946,14.456274083772229,5.0,5.0
12261,29.644323587417603,11946,21.56501926701778,5.0,5.0
12267,29.65811562538147,11946,18.83303189177049,5.0,5.0
12269,29.661365032196045,11946,22.053140410733114,5.0,5.0
12270,29.662351608276367,11946,22.053140410733114,5.0,5.0
12280,29.685096979141235,11946,7.226373049789029,5.0,5.0
12290,29.72189736366272,11946,5.0,5.0,5.0
12292,29.726081371307373,11946,14.0,5.0,5.0
12293,29.728217363357544,11946,21.200000000000003,5.0,5.0
12295,29.735434532165527,11946,26.960000000000004,5.0,5.0
12297,29.739359617233276,11946,27.254400000000004,5.0,5.0
12299,29.743085145950317,11946,31.803520000000006,5.0,5.0
12300,29.744860410690308,11946,25.442816000000008,5.0,5.0
12301,29.746914625167847,11946,30.35425280000001,5.0,5.0
12308,29.758683919906616,11946,17.957185246003206,5.0,5.0
12310,29.762309312820435,11946,11.492598557442053,5.0,5.0
12314,29.77640676498413,11946,15.884210461410332,5.0,5.0
12317,29.782365560531616,11946,18.132715756242092,5.0,5.0
12318,29.784613132476807,11946,24.506172604993672,5.0,5.0
12320,29.78863835334778,11946,25.68395046719595,5.0,5.0
12323,29.79446291923523,11946,26.43772829900541,5.0,5.0
12330,29.82407784461975,11946,10.828893511272618,5.0,5.0
12334,29.83508014678955,11946,16.930491847214476,5.0,5.0
12340,29.856046438217163,11946,13.544393477771582,5.0,5.0
12341,29.85834527015686,11946,20.835514782217267,5.0,5.0
12343,29.86222743988037,11946,26.668411825773813,5.0,5.0
12347,29.86955213546753,11946,23.654226854796192,5.0,5.0
12349,29.87350106239319,11946,25.138705187069565,5.0,5.0
12350,29.878877639770508,11946,25.138705187069565,5.0,5.0
12354,29.88702917098999,11946,22.87101705577962,5.0,5.0
12360,29.901145696640015,11946,9.367968586047335,5.0,5.0
12369,29.927170753479004,11946,14.0,5.0,5.0
12370,29.930853128433228,11946,21.200000000000003,5.0,5.0
12371,29.938544034957886,11946,26.960000000000004,5.0,5.0
12380,29.974575996398926,11946,11.042816000000004,5.0,5.0
12389,29.992698669433594,11946,14.0,5.0,5.0
12390,29.994317770004272,11946,14.0,5.0,5.0
12400,30.03201460838318,11946,7.168000000000001,5.0,5.0
12410,30.05978536605835,11946,5.0,5.0,5.0
12411,30.061733722686768,11946,14.0,5.0,5.0
12420,30.095399379730225,11946,5.734400000000001,5.0,5.0
12422,30.103251218795776,11946,14.587520000000001,5.0,5.0
12424,30.106876611709595,11946,21.670016000000004,5.0,5.0
12427,30.11190438270569,11946,21.095048192,5.0,5.0
12429,30.115615606307983,11946,23.50083084288,5.0,5.0
12430,30.120556831359863,11946,23.50083084288,5.0,5.0
12433,30.129337310791016,11946,25.0405317394432,5.0,5.0
12437,30.1368567943573,11946,20.256601800475934,5.0,5.0
12440,30.141901969909668,11946,16.205281440380748,5.0,5.0
12448,30.164026260375977,11946,16.637683277979956,5.0,5.0
12450,30.17291831970215,11946,16.637683277979956,5.0,5.0
12453,30.18392562866211,11946,23.310146622383968,5.0,5.0
12456,30.189321756362915,11946,21.93479507066059,5.0,5.0
12460,30.196037530899048,11946,11.230615076178225,5.0,5.0
12466,30.209415435791016,11946,14.600059935202601,5.0,5.0
12470,30.219295978546143,11946,17.475230686823732,5.0,5.0
12476,30.232136726379395,11946,17.157854489323,5.0,5.0
12478,30.235182762145996,11946,20.98102687316672,5.0,5.0
12480,30.241708278656006,11946,16.784821498533375,5.0,5.0
12488,30.26042675971985,11946,18.593828607249087,5.0,5.0
12490,30.266849517822266,11946,24.87506288579927,5.0,5.0
12500,30.292012453079224,11946,20.188825758023384,5.0,5.0
12505,30.30097222328186,11946,18.269343030486382,5.0,5.0
12509,30.30758571624756,11946,19.35390363160903,5.0,5.0
12510,30.309696912765503,11946,25.483122905287225,5.0,5.0
12511,30.311599731445312,11946,30.38649832422978,5.0,5.0
12520,30.33780837059021,11946,15.557887142005649,5.0,5.0
12526,30.35145354270935,11946,17.965638216706893,5.0,5.0
12528,30.358338356018066,11946,24.372510573365517,5.0,5.0
12530,30.36131453514099,11946,15.598406766953932,5.0,5.0
12533,30.366816997528076,11946,19.982980330850516,5.0,5.0
12535,30.37018609046936,11946,22.789107411744332,5.0,5.0
12540,30.38335371017456,11946,9.33441839585048,5.0,5.0
12546,30.40013837814331,11946,15.974027773344307,5.0,5.0
12548,30.407018899917603,11946,22.779222218675446,5.0,5.0
12550,30.41355276107788,11946,28.223377774940356,5.0,5.0
12557,30.424975395202637,11946,19.24823642929246,5.0,5.0
12560,30.428893566131592,11946,12.318871314747177,5.0,5.0
12570,30.453673839569092,11946,5.0,5.0,5.0
12575,30.464696168899536,11946,14.0,5.0,5.0
12577,30.467737197875977,11946,21.200000000000003,5.0,5.0
12580,30.472092866897583,11946,10.854400000000005,5.0,5.0
12581,30.47413992881775,11946,18.683520000000005,5.0,5.0
12590,30.49888777732849,11946,6.122215833600004,5.0,5.0
12600,30.528855800628662,11946,14.0,5.0,5.0
12610,30.554800987243652,11946,5.0,5.0,5.0
12613,30.566827058792114,11946,14.0,5.0,5.0
12620,30.582078218460083,11946,15.7344,5.0,5.0
12621,30.58405041694641,11946,22.58752,5.0,5.0
12622,30.58604669570923,11946,28.070016000000003,5.0,5.0
12624,30.58999514579773,11946,27.964810240000002,5.0,5.0
12629,30.606233835220337,11946,24.317982842880003,5.0,5.0
12630,30.607966899871826,11946,19.454386274304003,5.0,5.0
12634,30.61531352996826,11946,19.960645772443648,5.0,5.0
12640,30.63270616531372,11946,19.960645772443648,5.0,5.0
12643,30.63840627670288,11946,20.21985063549115,5.0,5.0
12647,30.648621320724487,11946,20.35256352537147,5.0,5.0
12650,30.65384292602539,11946,10.420512524990194,5.0,5.0
12651,30.655893087387085,11946,18.336410019992158,5.0,5.0
12660,30.677547693252563,11946,7.51059354418879,5.0,5.0
12662,30.685181379318237,11946,16.00847483535103,5.0,5.0
12664,30.69480061531067,11946,22.806779868280827,5.0,5.0
12670,30.71192765235901,11946,11.677071292559784,5.0,5.0
12676,30.73003649711609,11946,15.97866050179061,5.0,5.0
12680,30.740307807922363,11946,10.226342721145992,5.0,5.0
12685,30.7534441947937,11946,16.544859341533435,5.0,5.0
12686,30.75547504425049,11946,23.235887473226747,5.0,5.0
12689,30.762595176696777,11946,24.870967982865118,5.0,5.0
12690,30.76993155479431,11946,24.870967982865118,5.0,5.0
12692,30.77463436126709,11946,29.896774386292094,5.0,5.0
12700,30.79115128517151,11946,9.796575030900195,5.0,5.0
12708,30.804646968841553,11946,14.0,5.0,5.0
12710,30.81094741821289,11946,14.0,5.0,5.0
12716,30.82009792327881,11946,17.168,5.0,5.0
12717,30.82209038734436,11946,23.7344,5.0,5.0
12718,30.824098348617554,11946,28.98752,5.0,5.0
12720,30.827808380126953,11946,28.5520128,5.0,5.0
12725,30.839572429656982,11946,24.618630553600003,5.0,5.0
12730,30.8514621257782,11946,12.604738843443203,5.0,5.0
12738,30.87066674232483,11946,15.162901030274337,5.0,5.0
12740,30.873141288757324,11946,9.704256659375577,5.0,5.0
12746,30.895841598510742,11946,17.76340532750046,5.0,5.0
12750,30.90549349784851,11946,11.368579409600295,5.0,5.0
12751,30.907549619674683,11946,19.09486352768024,5.0,5.0
12752,30.90951108932495,11946,25.27589082214419,5.0,5.0
12760,30.934707164764404,11946,26.176570126172283,5.0,5.0
12761,30.936702966690063,11946,30.941256100937828,5.0,5.0
12769,30.956934690475464,11946,20.138830799155308,5.0,5.0
12770,30.95850372314453,11946,20.138830799155308,5.0,5.0
12771,30.96054482460022,11946,26.111064639324248,5.0,5.0
12773,30.96430277824402,11946,26.71108136916752,5.0,5.0
12775,30.967389583587646,11946,31.368865095334016,5.0,5.0
12777,30.971294403076172,11946,30.076073661013773,5.0,5.0
12778,30.97326970100403,11946,34.060858928811015,5.0,5.0
12780,30.976768493652344,11946,21.79894971443905,5.0,5.0
12784,30.986653566360474,11946,23.951327817240994,5.0,5.0
12790,31.012488842010498,11946,15.328849803034238,5.0,5.0
12800,31.059792280197144,11946,9.810463873941913,5.0,5.0
12806,31.08265209197998,11946,16.278696879322826,5.0,5.0
12808,31.090559482574463,11946,23.02295750345826,5.0,5.0
12809,31.093279123306274,11946,28.41836600276661,5.0,5.0
12810,31.095091581344604,11946,28.41836600276661,5.0,5.0
12811,31.097201347351074,11946,32.73469280221329,5.0,5.0
12815,31.104301691055298,11946,26.76016271473321,5.0,5.0
12818,31.109734058380127,11946,23.701203309943402,5.0,5.0
12820,31.113213539123535,11946,18.960962647954723,5.0,5.0
12830,31.142747402191162,11946,7.766410300602257,5.0,5.0
12831,31.14485740661621,11946,16.213128240481808,5.0,5.0
12835,31.162086009979248,11946,18.301121659126686,5.0,5.0
12838,31.171037673950195,11946,24.64089732730135,5.0,5.0
12840,31.1821506023407,11946,19.71271786184108,5.0,5.0
12850,31.202174425125122,11946,6.459463388968088,5.0,5.0
12851,31.204196453094482,11946,15.16757071117447,5.0,5.0
12854,31.211738348007202,11946,22.134056568939577,5.0,5.0
12855,31.21363615989685,11946,27.707245255151662,5.0,5.0
12857,31.217096090316772,11946,32.165796204121335,5.0,5.0
12860,31.221899032592773,11946,26.468887656510127,5.0,5.0
12865,31.232686281204224,11946,26.940088100166484,5.0,5.0
12867,31.23646330833435,11946,27.24165638410655,5.0,5.0
12870,31.2443425655365,11946,17.434660085828195,5.0,5.0
12874,31.254026889801025,11946,21.158182454930046,5.0,5.0
12875,31.2559757232666,11946,26.926545963944037,5.0,5.0
12877,31.259653568267822,11946,27.232989416924184,5.0,5.0
12878,31.26155114173889,11946,31.786391533539348,5.0,5.0
12880,31.267699480056763,11946,25.42911322683148,5.0,5.0
12890,31.294095754623413,11946,10.415764777710175,5.0,5.0
12899,31.326419591903687,11946,14.266297252950089,5.0,5.0
12900,31.33312439918518,11946,14.266297252950089,5.0,5.0
12905,31.34189224243164,11946,17.304344193510445,5.0,5.0
12908,31.34753680229187,11946,21.074780283846685,5.0,5.0
12910,31.35068702697754,11946,26.85982422707735,5.0,5.0
12913,31.356033325195312,11946,27.190287505329504,5.0,5.0
12916,31.365995407104492,11946,27.401784003410885,5.0,5.0
12920,31.372362852096558,11946,14.029713409746373,5.0,5.0
12921,31.37447166442871,11946,21.2237707277971,5.0,5.0
12924,31.38709592819214,11946,20.866570612632117,5.0,5.0
12930,31.401190280914307,11946,18.546947322934116,5.0,5.0
12931,31.403335571289062,11946,24.837557858347296,5.0,5.0
12934,31.409095287322998,11946,22.716829623473817,5.0,5.0
12939,31.421422958374023,11946,21.631016767218597,5.0,5.0
12940,31.422969341278076,11946,21.631016767218597,5.0,5.0
12942,31.430439710617065,11946,27.304813413774877,5.0,5.0
12943,31.432554483413696,11946,31.843850731019902,5.0,5.0
12950,31.455254554748535,11946,16.304051574282195,5.0,5.0
12954,31.46280527114868,11946,18.347674406032485,5.0,5.0
12960,31.476510047912598,11946,19.394009295888637,5.0,5.0
12970,31.499696016311646,11946,9.929732759494982,5.0,5.0
12973,31.505350351333618,11946,15.084023172861432,5.0,5.0
12980,31.528251886367798,11946,9.653774830631319,5.0,5.0
12988,31.551873922348022,11946,14.0,5.0,5.0
12990,31.55508780479431,11946,14.0,5.0,5.0
12991,31.55752396583557,11946,21.200000000000003,5.0,5.0
12992,31.559643030166626,11946,26.960000000000004,5.0,5.0
12994,31.563627004623413,11946,27.254400000000004,5.0,5.0
12995,31.565602779388428,11946,31.803520000000006,5.0,5.0
12999,31.575660943984985,11946,26.283402240000008,5.0,5.0
13000,31.577333688735962,11946,21.026721792000007,5.0,5.0
13002,31.581135749816895,11946,23.457101946880005,5.0,5.0
13003,31.5830717086792,11946,28.765681557504006,5.0,5.0
13007,31.59005069732666,11946,28.410036196802565,5.0,5.0
13009,31.593740701675415,11946,28.182423165953644,5.0,5.0
13010,31.595569133758545,11946,22.545938532762918,5.0,5.0
13012,31.602299690246582,11946,28.036750826210334,5.0,5.0
13013,31.604243516921997,11946,32.42940066096827,5.0,5.0
13019,31.614437103271484,11946,20.626466008586085,5.0,5.0
13020,31.616159677505493,11946,16.50117280686887,5.0,5.0
13023,31.62192726135254,11946,18.448600477116862,5.0,5.0
13028,31.63362145423889,11946,17.556546755427068,5.0,5.0
13029,31.635533809661865,11946,24.045237404341655,5.0,5.0
13030,31.637047052383423,11946,24.045237404341655,5.0,5.0
13032,31.640846729278564,11946,25.38895193877866,5.0,5.0
13040,31.657127857208252,11946,8.319451771298993,5.0,5.0
13050,31.68928599357605,11946,8.319451771298993,5.0,5.0
13059,31.71742033958435,11946,15.324449133631356,5.0,5.0
13060,31.719369649887085,11946,12.259559306905086,5.0,5.0
13064,31.729584217071533,11946,17.846117956419256,5.0,5.0
13070,31.749443769454956,11946,11.421515492108325,5.0,5.0
13075,31.762539625167847,11946,15.847815931959463,5.0,5.0
13080,31.78406596183777,11946,12.67825274556757,5.0,5.0
13090,31.811283349990845,11946,14.154409859667584,5.0,5.0
13100,31.84092688560486,11946,15.797646278519844,5.0,5.0
13110,31.874120473861694,11946,5.1765727325453845,5.0,5.0
13120,31.900224924087524,11946,5.0,5.0,5.0
13127,31.931781768798828,11946,14.0,5.0,5.0
13130,31.951727151870728,11946,18.96,5.0,5.0
13131,31.95392918586731,11946,25.168,5.0,5.0
13132,31.95599365234375,11946,30.1344,5.0,5.0
13137,31.964555978775024,11946,19.874440192,5.0,5.0
13140,31.9699227809906,11946,10.175713378304003,5.0,5.0
13147,31.98813247680664,11946,14.16797219975332,5.0,5.0
13150,31.993289709091187,11946,9.067502207842125,5.0,5.0
13160,32.0125367641449,11946,14.0,5.0,5.0
13170,32.04184007644653,11946,5.0,5.0,5.0
13173,32.05141878128052,11946,14.0,5.0,5.0
13180,32.07429122924805,11946,8.96,5.0,5.0
13184,32.08851218223572,11946,17.168,5.0,5.0
13185,32.090633153915405,11946,23.7344,5.0,5.0
13186,32.09268593788147,11946,28.98752,5.0,5.0
13187,32.09481596946716,11946,33.190016,5.0,5.0
13190,32.10119295120239,11946,31.24161024,5.0,5.0
13193,32.10935592651367,11946,34.993288192,5.0,5.0
13200,32.12409281730652,11946,11.466600674754563,5.0,5.0
13210,32.16229557991028,11946,5.0,5.0,5.0
13220,32.19122266769409,11946,5.0,5.0,5.0
13230,32.214027643203735,11946,5.0,5.0,5.0
13231,32.21614623069763,11946,14.0,5.0,5.0
13232,32.21800494194031,11946,14.0,5.0,14.0
13240,32.23139262199402,11946,5.0,5.0,7.168000000000001
13242,32.235393047332764,11946,14.0,5.0,7.168000000000001
13249,32.25097060203552,11946,17.168,5.0,5.0
13250,32.25283885002136,11946,13.7344,5.0,5.0
13260,32.27284574508667,11946,5.0,5.0,5.0
13267,32.29088115692139,11946,14.0,5.0,5.0
13270,32.295695304870605,11946,14.0,5.0,5.0
13280,32.327744007110596,11946,7.168000000000001,5.0,5.0
13281,32.32993793487549,11946,15.7344,5.0,5.0
13283,32.333667278289795,11946,22.58752,5.0,5.0
13290,32.348891496658325,11946,9.251848192000002,5.0,5.0
13294,32.35566329956055,11946,14.736946274304003,5.0,5.0
13300,32.36880159378052,11946,14.829002555163937,5.0,5.0
13308,32.38535523414612,11946,17.592449308243935,5.0,5.0
13310,32.39147353172302,11946,17.592449308243935,5.0,5.0
13311,32.39360427856445,11946,24.073959446595147,5.0,5.0
13320,32.412256956100464,11946,6.31084402516824,5.0,5.0
13324,32.42223310470581,11946,15.048675220134593,5.0,5.0
13326,32.42537546157837,11946,22.038940176107673,5.0,5.0
13330,32.43605852127075,11946,21.28393737016713,5.0,5.0
13333,32.44119668006897,11946,20.897375933525574,5.0,5.0
13335,32.44441199302673,11946,26.717900746820458,5.0,5.0
13340,32.45219874382019,11946,8.75492171671813,5.0,5.0
13346,32.47348737716675,11946,14.482519918959683,5.0,5.0
13347,32.47570848464966,11946,21.586015935167747,5.0,5.0
13350,32.481011629104614,11946,11.052040158805887,5.0,5.0
13360,32.50459909439087,11946,5.0,5.0,5.0
13361,32.5068564414978,11946,14.0,5.0,5.0
13364,32.51913905143738,11946,21.200000000000003,5.0,5.0
13365,32.521236419677734,11946,26.960000000000004,5.0,5.0
13367,32.525123834609985,11946,27.254400000000004,5.0,5.0
13370,32.530683279037476,11946,23.954252800000006,5.0,5.0
13372,32.53448820114136,11946,25.330721792000006,5.0,5.0
13379,32.55521059036255,11946,18.300370916802564,5.0,5.0
13380,32.56076169013977,11946,18.300370916802564,5.0,5.0
13388,32.58261799812317,11946,17.49583192752233,5.0,5.0
13390,32.58541798591614,11946,13.996665542017865,5.0,5.0
13400,32.61839318275452,11946,14.0,5.0,5.0
13404,32.62914562225342,11946,17.168,5.0,5.0
13410,32.64342427253723,11946,13.7344,5.0,5.0
13412,32.6474130153656,11946,18.790016,5.0,5.0
13413,32.64942193031311,11946,25.032012800000004,5.0,5.0
13419,32.66341710090637,11946,18.202489954304006,5.0,5.0
13420,32.66547346115112,11946,24.561991963443205,5.0,5.0
13422,32.669405698776245,11946,25.719674856603653,5.0,5.0
13423,32.671483278274536,11946,30.575739885282925,5.0,5.0
13425,32.67542839050293,11946,29.568473526581073,5.0,5.0
13428,32.68465065956116,11946,33.654778821264856,5.0,5.0
13429,32.686752796173096,11946,36.92382305701189,5.0,5.0
13430,32.692638635635376,11946,36.92382305701189,5.0,5.0
13439,32.71167516708374,11946,22.09919833932166,5.0,5.0
13440,32.712888956069946,11946,17.67935867145733,5.0,5.0
13441,32.71499443054199,11946,24.143486937165864,5.0,5.0
13444,32.727784156799316,11946,29.314789549732694,5.0,5.0
13450,32.74591898918152,11946,15.009172249463141,5.0,5.0
13452,32.75432252883911,11946,22.007337799570514,5.0,5.0
13453,32.7563591003418,11946,27.60587023965641,5.0,5.0
13458,32.773345947265625,11946,21.307364450163266,5.0,5.0
13460,32.77769160270691,11946,13.636713248104492,5.0,5.0
13470,32.814762353897095,11946,5.585597746423601,5.0,5.0
13478,32.84399461746216,11946,14.468478197138882,5.0,5.0
13480,32.85004234313965,11946,11.574782557711107,5.0,5.0
13484,32.863006591796875,11946,19.259826046168886,5.0,5.0
13486,32.86691689491272,11946,22.326288669548088,5.0,5.0
13489,32.87247180938721,11946,24.288824748510777,5.0,5.0
13490,32.881056785583496,11946,24.288824748510777,5.0,5.0
13491,32.88453507423401,11946,29.431059798808622,5.0,5.0
13496,32.896058559417725,11946,25.068702616990016,5.0,5.0
13497,32.89805603027344,11946,30.054962093592014,5.0,5.0
13498,32.90016436576843,11946,34.04396967487361,5.0,5.0
13499,32.90206336975098,11946,37.23517573989889,5.0,5.0
13500,32.90411138534546,11946,39.78814059191912,5.0,5.0
13503,32.90970420837402,11946,30.37152798306259,5.0,5.0
13510,32.92122435569763,11946,9.952142289489954,5.0,5.0
13511,32.92326998710632,11946,17.961713831591965,5.0,5.0
13512,32.92545700073242,11946,24.369371065273572,5.0,5.0
13514,32.92936611175537,11946,25.59639748177509,5.0,5.0
13516,32.93320989608765,11946,26.381694388336058,5.0,5.0
13518,32.93713688850403,11946,26.884284408535077,5.0,5.0
13520,32.943702936172485,11946,21.507427526828064,5.0,5.0
13524,32.95064973831177,11946,18.80944231498878,5.0,5.0
13530,32.959676027297974,11946,9.630434465274256,5.0,5.0
13540,32.98203730583191,11946,5.0,5.0,5.0
13548,33.002140522003174,11946,14.0,5.0,5.0
13550,33.01167178153992,11946,14.0,5.0,5.0
13560,33.046080112457275,11946,7.168000000000001,5.0,5.0
13562,33.04941153526306,11946,14.587520000000001,5.0,5.0
13570,33.069063663482666,11946,9.336012800000002,5.0,5.0
13572,33.07243585586548,11946,15.975048192000003,5.0,5.0
13580,33.10046601295471,11946,16.543379739443203,5.0,5.0
13582,33.10452222824097,11946,20.587763033243654,5.0,5.0
13590,33.12855005264282,11946,8.432747738416602,5.0,5.0
13597,33.148112773895264,11946,14.0,5.0,5.0
13598,33.15015006065369,11946,21.200000000000003,5.0,5.0
13600,33.15739440917969,11946,26.960000000000004,5.0,5.0
13606,33.167848348617554,11946,23.803520000000006,5.0,5.0
13607,33.16981840133667,11946,29.042816000000006,5.0,5.0
13609,33.173624753952026,11946,28.587402240000007,5.0,5.0
13610,33.175318002700806,11946,22.869921792000007,5.0,5.0
13611,33.177401304244995,11946,28.295937433600006,5.0,5.0
13613,33.18106150627136,11946,28.109399957504007,5.0,5.0
13614,33.18295168876648,11946,32.487519966003205,5.0,5.0
13617,33.188395977020264,11946,26.633610222593642,5.0,5.0
13618,33.19038105010986,11946,31.306888178074914,5.0,5.0
13620,33.19389081001282,11946,20.03640843396795,5.0,5.0
13625,33.20920205116272,11946,20.25864111819159,5.0,5.0
13630,33.222702741622925,11946,8.297939402011277,5.0,5.0
13631,33.22490358352661,11946,16.63835152160902,5.0,5.0
13634,33.2367148399353,11946,23.310681217287218,5.0,5.0
13636,33.24066758155823,11946,24.91883597906382,5.0,5.0
13640,33.2481484413147,11946,12.75844402128068,5.0,5.0
13650,33.272597551345825,11946,5.225858671116566,5.0,5.0
13660,33.29587531089783,11946,5.0,5.0,5.0
13670,33.32909178733826,11946,5.0,5.0,5.0
13678,33.34253406524658,11946,14.0,5.0,5.0
13680,33.349615812301636,11946,11.200000000000001,5.0,5.0
13681,33.351680755615234,11946,18.96,5.0,5.0
13683,33.355324029922485,11946,25.168,5.0,5.0
13685,33.36242914199829,11946,30.1344,5.0,5.0
13686,33.36440372467041,11946,34.10752,5.0,5.0
13689,33.37323236465454,11946,31.828812800000005,5.0,5.0
13690,33.374760150909424,11946,31.828812800000005,5.0,5.0
13695,33.38705849647522,11946,23.037081722880004,5.0,5.0
13697,33.390368700027466,11946,24.743732302643203,5.0,5.0
13700,33.397839307785034,11946,19.794985842114563,5.0,5.0
13701,33.399975538253784,11946,25.835988673691652,5.0,5.0
13708,33.41901206970215,11946,20.582420960744102,5.0,5.0
13710,33.422571420669556,11946,13.172749414876225,5.0,5.0
13713,33.42825508117676,11946,16.74444770041663,5.0,5.0
13717,33.438069105148315,11946,20.716446528266644,5.0,5.0
13718,33.44009232521057,11946,26.573157222613315,5.0,5.0
13720,33.446961641311646,11946,21.258525778090654,5.0,5.0
13728,33.46407127380371,11946,15.572794981571798,5.0,5.0
13730,33.46801495552063,11946,19.966588788205954,5.0,5.0
13731,33.47002840042114,11946,25.973271030564764,5.0,5.0
13732,33.4719603061676,11946,30.778616824451813,5.0,5.0
13735,33.47765803337097,11946,25.758651814119332,5.0,5.0
13738,33.483094215393066,11946,26.485537161036373,5.0,5.0
13740,33.486517667770386,11946,21.1884297288291,5.0,5.0
13745,33.4951229095459,11946,16.94302465354272,5.0,5.0
13748,33.500680685043335,11946,18.674828622613873,5.0,5.0
13750,33.50697469711304,11946,14.9398628980911,5.0,5.0
13754,33.51702523231506,11946,19.561512254778307,5.0,5.0
13756,33.523698568344116,11946,25.649209803822647,5.0,5.0
13760,33.530274868011475,11946,13.132395419557199,5.0,5.0
13770,33.548019886016846,11946,14.0,5.0,5.0
13771,33.549954414367676,11946,21.200000000000003,5.0,5.0
13780,33.57593011856079,11946,15.557452800000004,5.0,5.0
13781,33.57796621322632,11946,22.445962240000004,5.0,5.0
13789,33.604130029678345,11946,17.3550929068032,5.0,5.0
13790,33.60578656196594,11946,17.3550929068032,5.0,5.0
13796,33.6191885471344,11946,18.88580756828324,5.0,5.0
13800,33.626062870025635,11946,12.086916843701275,5.0,5.0
13810,33.64804005622864,11946,5.0,5.0,5.0
13812,33.65188765525818,11946,14.0,5.0,5.0
13814,33.65844511985779,11946,21.200000000000003,5.0,5.0
13815,33.660377502441406,11946,26.960000000000004,5.0,5.0
13819,33.67024326324463,11946,23.803520000000006,5.0,5.0
13820,33.674715757369995,11946,23.803520000000006,5.0,5.0
13821,33.67667889595032,11946,29.042816000000006,5.0,5.0
13824,33.68500375747681,11946,28.587402240000007,5.0,5.0
13826,33.688748598098755,11946,28.295937433600006,5.0,5.0
13829,33.69426727294922,11946,24.487519966003205,5.0,5.0
13830,33.69617295265198,11946,29.590015972802565,5.0,5.0
13835,33.70422673225403,11946,25.150088178074917,5.0,5.0
13836,33.70614457130432,11946,30.120070542459935,5.0,5.0
13837,33.70805549621582,11946,34.096056433967945,5.0,5.0
13840,33.71280217170715,11946,17.45718089419159,5.0,5.0
13850,33.738208532333374,11946,5.7203690354087025,5.0,5.0
13854,33.75048542022705,11946,14.576295228326963,5.0,5.0
13858,33.75967788696289,11946,19.328828946129256,5.0,5.0
13860,33.763442277908325,11946,22.370450525522728,5.0,5.0
13861,33.76534700393677,11946,27.896360420418183,5.0,5.0
13870,33.794830083847046,11946,9.141079382562634,5.0,5.0
13873,33.80359768867493,11946,17.312863506050107,5.0,5.0
13874,33.80579948425293,11946,23.850290804840085,5.0,5.0
13880,33.82058882713318,11946,19.7690791136625,5.0,5.0
13888,33.833367586135864,11946,18.097414804956163,5.0,5.0
13889,33.840577602386475,11946,24.47793184396493,5.0,5.0
13890,33.844008445739746,11946,29.582345475171948,5.0,5.0
13894,33.860241174697876,11946,28.93270110411005,5.0,5.0
13895,33.86258625984192,11946,33.14616088328804,5.0,5.0
13900,33.87094855308533,11946,16.97083437224348,5.0,5.0
13903,33.88101649284363,11946,20.86133399823583,5.0,5.0
13908,33.89046907424927,11946,18.544802405677398,5.0,5.0
13910,33.89383935928345,11946,21.868673539633534,5.0,5.0
13911,33.89588689804077,11946,27.49493883170683,5.0,5.0
13917,33.91028094291687,11946,21.26192694546712,5.0,5.0
13920,33.9174542427063,11946,10.886106596079168,5.0,5.0
13927,33.94944667816162,11946,15.573686577192536,5.0,5.0
13929,33.956767082214355,11946,22.45894926175403,5.0,5.0
13930,33.962050437927246,11946,22.45894926175403,5.0,5.0
13937,33.97829055786133,11946,17.359348494091563,5.0,5.0
13940,33.98680567741394,11946,13.887478795273251,5.0,5.0
13941,33.988943576812744,11946,21.1099830362186,5.0,5.0
13943,33.99278998374939,11946,23.510389143179907,5.0,5.0
13948,34.00836491584778,11946,22.03731924130811,5.0,5.0
13949,34.01032781600952,11946,27.62985539304649,5.0,5.0
13950,34.01210975646973,11946,22.103884314437195,5.0,5.0
13958,34.0306921005249,11946,19.053751015193477,5.0,5.0
13960,34.03354048728943,11946,15.243000812154783,5.0,5.0
13964,34.04745936393738,11946,19.75552051977906,5.0,5.0
13965,34.04951810836792,11946,25.804416415823248,5.0,5.0
13970,34.0618999004364,11946,10.569488963921204,5.0,5.0
13972,34.068872690200806,11946,18.455591171136966,5.0,5.0
13980,34.09168791770935,11946,17.559410143697704,5.0,5.0
13990,34.116949796676636,11946,5.0,5.0,5.0
14000,34.145758390426636,11946,5.0,5.0,5.0
14007,34.16297483444214,11946,14.0,5.0,5.0
14008,34.165154218673706,11946,21.200000000000003,5.0,5.0
14009,34.16716027259827,11946,26.960000000000004,5.0,5.0
14010,34.1688392162323,11946,21.568000000000005,5.0,5.0
14013,34.17747640609741,11946,23.803520000000006,5.0,5.0
14017,34.18427014350891,11946,25.234252800000007,5.0,5.0
14020,34.18942737579346,11946,16.149921792000008,5.0,5.0
14021,34.19149899482727,11946,22.919937433600005,5.0,5.0
14022,34.193567991256714,11946,28.335949946880003,5.0,5.0
14027,34.2056679725647,11946,24.508006372802562,5.0,5.0
14030,34.21094298362732,11946,12.548099262874914,5.0,5.0
14040,34.236319065093994,11946,8.030783528239946,5.0,5.0
14043,34.250016927719116,11946,16.424626822591957,5.0,5.0
14050,34.26773977279663,11946,8.409408933167084,5.0,5.0
14052,34.274351835250854,11946,16.727527146533667,5.0,5.0
14057,34.289267778396606,11946,18.564493899025237,5.0,5.0
14060,34.29756283760071,11946,21.88127609537615,5.0,5.0
14062,34.304035902023315,11946,27.50502087630092,5.0,5.0
14064,34.30840492248535,11946,27.603213360832594,5.0,5.0
14066,34.31596374511719,11946,32.08257068866608,5.0,5.0
14070,34.32293939590454,11946,20.532845240746294,5.0,5.0
14080,34.349815130233765,11946,5.382562182790199,5.0,5.0
14083,34.35554909706116,11946,14.0,5.0,5.0
14090,34.37669634819031,11946,7.168000000000001,5.0,5.0
14093,34.38511943817139,11946,14.587520000000001,5.0,5.0
14100,34.40614604949951,11946,9.336012800000002,5.0,5.0
14107,34.42911148071289,11946,14.780038553600003,5.0,5.0
14108,34.43120718002319,11946,21.824030842880003,5.0,5.0
14110,34.43980360031128,11946,21.824030842880003,5.0,5.0
14120,34.461434841156006,11946,8.939123033243652,5.0,5.0
14130,34.49116539955139,11946,5.721038741275938,5.0,5.0
14132,34.49739384651184,11946,14.57683099302075,5.0,5.0
14140,34.52090835571289,11946,7.463337468426625,5.0,5.0
14145,34.53554654121399,11946,14.77653597979304,5.0,5.0
14148,34.54038667678833,11946,19.456983027067547,5.0,5.0
14149,34.54211497306824,11946,25.56558642165404,5.0,5.0
14150,34.54375410079956,11946,20.452469137323234,5.0,5.0
14158,34.5633647441864,11946,20.471664198309497,5.0,5.0
14160,34.566797733306885,11946,23.10186508691808,5.0,5.0
14161,34.56851553916931,11946,28.481492069534465,5.0,5.0
14163,34.57462000846863,11946,32.78519365562757,5.0,5.0
14164,34.57638692855835,11946,36.228154924502064,5.0,5.0
14165,34.57813024520874,11946,38.98252393960165,5.0,5.0
14170,34.58923673629761,11946,19.95905225707605,5.0,5.0
14173,34.597140073776245,11946,22.77379344452867,5.0,5.0
14180,34.61731004714966,11946,9.328145794878948,5.0,5.0
14184,34.62667274475098,11946,15.970013308722528,5.0,5.0
14186,34.629480838775635,11946,20.22080851758242,5.0,5.0
14190,34.63497567176819,11946,12.94131745125275,5.0,5.0
14193,34.640140533447266,11946,16.62595453504141,5.0,5.0
14200,34.650717973709106,11946,8.512488721941201,5.0,5.0
14201,34.652605056762695,11946,16.80999097755296,5.0,5.0
14204,34.65706133842468,11946,20.758394225633896,5.0,5.0
14207,34.6611864566803,11946,26.60671538050712,5.0,5.0
14209,34.66426157951355,11946,31.285372304405698,5.0,5.0
14210,34.665966510772705,11946,35.028297843524555,5.0,5.0
14214,34.67233371734619,11946,27.934488495884576,5.0,5.0
14215,34.67397403717041,11946,32.347590796707664,5.0,5.0
14219,34.68042755126953,11946,23.24957319033146,5.0,5.0
14220,34.682161808013916,11946,28.59965855226517,5.0,5.0
14230,34.695679664611816,11946,7.497228891525002,5.0,5.0
14240,34.71668243408203,11946,5.0,5.0,5.0
14250,34.74800229072571,11946,5.0,5.0,5.0
14260,34.779019832611084,11946,5.0,5.0,5.0
14270,34.80376696586609,11946,5.0,5.0,5.0
14272,34.81079626083374,11946,14.0,5.0,5.0
14273,34.81437373161316,11946,21.200000000000003,5.0,5.0
14278,34.827786445617676,11946,20.854400000000005,5.0,5.0
14280,34.83086371421814,11946,16.683520000000005,5.0,5.0
14287,34.847930908203125,11946,15.466855833600004,5.0,5.0
14290,34.85280108451843,11946,9.898787733504003,5.0,5.0
14298,34.87449765205383,11946,14.054543455643241,5.0,5.0
14299,34.87626767158508,11946,21.243634764514596,5.0,5.0
14300,34.87766695022583,11946,21.243634764514596,5.0,5.0
14310,34.90718722343445,11946,6.961114239636145,5.0,5.0
14320,34.937660217285156,11946,5.0,5.0,5.0
14330,34.958943605422974,11946,14.0,5.0,5.0
14334,34.96461296081543,11946,17.168,5.0,5.0
14335,34.96637535095215,11946,23.7344,5.0,5.0
14336,34.96810531616211,11946,28.98752,5.0,5.0
14340,34.97458791732788,11946,21.873288192000004,5.0,5.0
14342,34.977949142456055,11946,23.998904442880004,5.0,5.0
14345,34.99187922477722,11946,25.359298843443206,5.0,5.0
14346,34.99376153945923,11946,30.287439074754566,5.0,5.0
14350,35.002843379974365,11946,15.507168806274343,5.0,5.0
14360,35.039122104644775,11946,7.939670428812466,5.0,5.0
14365,35.0575475692749,11946,16.35173634304997,5.0,5.0
14369,35.06977987289429,11946,20.465111259551982,5.0,5.0
14370,35.07130432128906,11946,16.372089007641588,5.0,5.0
14380,35.089879512786865,11946,14.0,5.0,5.0
14382,35.09261631965637,11946,18.96,5.0,5.0
14387,35.102947473526,11946,19.707520000000002,5.0,5.0
14390,35.107927083969116,11946,12.612812800000002,5.0,5.0
14393,35.11274600028992,11946,18.072200192000004,5.0,5.0
14400,35.12513470649719,11946,9.252966498304003,5.0,5.0
14408,35.149296045303345,11946,14.73751884713165,5.0,5.0
14410,35.15245962142944,11946,11.79001507770532,5.0,5.0
14412,35.16468667984009,11946,19.432012062164254,5.0,5.0
14413,35.16739296913147,11946,25.545609649731404,5.0,5.0
14418,35.17504620552063,11946,20.463481712529983,5.0,5.0
14419,35.17680382728577,11946,26.370785370023988,5.0,5.0
14420,35.18124485015869,11946,26.370785370023988,5.0,5.0
14421,35.183059215545654,11946,31.09662829601919,5.0,5.0
14425,35.19282627105713,11946,25.92147368756183,5.0,5.0
14427,35.19619345664978,11946,26.58974316003957,5.0,5.0
14428,35.1980881690979,11946,31.27179452803166,5.0,5.0
14430,35.204378604888916,11946,25.017435622425328,5.0,5.0
14432,35.21134352684021,11946,30.013948497940262,5.0,5.0
14440,35.22528338432312,11946,9.83497064380507,5.0,5.0
14450,35.24491333961487,11946,5.0,5.0,5.0
14460,35.26695799827576,11946,5.0,5.0,5.0
14462,35.27323031425476,11946,14.0,5.0,5.0
14464,35.276471853256226,11946,18.96,5.0,5.0
14465,35.27809190750122,11946,25.168,5.0,5.0
14470,35.28590273857117,11946,10.308812800000002,5.0,5.0
14475,35.29634761810303,11946,18.24705024,5.0,5.0
14480,35.309966802597046,11946,21.6781121536,5.0,5.0
14481,35.311691761016846,11946,27.34248972288,5.0,5.0
14482,35.313398122787476,11946,31.873991778304003,5.0,5.0
14485,35.31814694404602,11946,26.319483790491653,5.0,5.0
14490,35.32742881774902,11946,16.84446962591466,5.0,5.0
14491,35.329131841659546,11946,23.475575700731728,5.0,5.0
14497,35.34072160720825,11946,19.615595807019716,5.0,5.0
14498,35.34251832962036,11946,25.692476645615773,5.0,5.0
14500,35.345600605010986,11946,16.443185053194096,5.0,5.0
14505,35.35877561569214,11946,18.41891074723538,5.0,5.0
14507,35.36174559593201,11946,18.41891074723538,5.0,14.0
14510,35.36585092544556,11946,9.430482302584515,5.0,14.0
14520,35.391499280929565,11946,6.03550867365409,5.0,5.734400000000001
14523,35.3985321521759,11946,14.828406938923273,5.0,5.0
14530,35.41622352600098,11946,7.592144352728717,5.0,5.0
14540,35.43599271774292,11946,5.0,5.0,5.0
14550,35.45791840553284,11946,5.0,5.0,5.0
14560,35.48830509185791,11946,5.0,5.0,5.0
14566,35.50006723403931,11946,14.0,5.0,5.0
14567,35.50178027153015,11946,21.200000000000003,5.0,5.0
14570,35.50915551185608,11946,13.568000000000005,5.0,5.0
14580,35.54944038391113,11946,6.9468160000000045,5.0,5.0
14581,35.55133819580078,11946,15.557452800000004,5.0,5.0
14583,35.55475640296936,11946,19.956769792000003,5.0,5.0
14585,35.558351278305054,11946,22.772332666880004,5.0,5.0
14587,35.56114935874939,11946,28.217866133504003,5.0,5.0
14588,35.562923192977905,11946,32.57429290680321,5.0,5.0
14590,35.568259477615356,11946,26.059434325442567,5.0,5.0
14594,35.577608585357666,11946,26.678037968283245,5.0,5.0
14596,35.58098006248474,11946,27.073944299701278,5.0,5.0
14600,35.590577840805054,11946,21.659155439761022,5.0,5.0
14607,35.60173439979553,11946,17.09727205450089,5.0,5.0
14610,35.612048864364624,11946,17.09727205450089,5.0,5.0
14615,35.62655782699585,11946,20.94225411488057,5.0,5.0
14620,35.6426203250885,11946,13.403042633523567,5.0,5.0
14627,35.66811442375183,11946,18.577947285455082,5.0,5.0
14630,35.68128967285156,11946,18.577947285455082,5.0,5.0
14635,35.68930435180664,11946,16.08762176649792,5.0,5.0
14638,35.69709920883179,11946,22.870097413198337,5.0,5.0
14639,35.69880676269531,11946,28.29607793055867,5.0,5.0
14640,35.70033383369446,11946,22.63686234444694,5.0,5.0
14642,35.703702211380005,11946,24.48759190044604,5.0,5.0
14648,35.715572357177734,11946,18.024094113938162,5.0,5.0
14650,35.72649884223938,11946,14.41927529115053,5.0,5.0
14653,35.73260235786438,11946,17.38266894906907,5.0,5.0
14655,35.73600959777832,11946,21.124908127404204,5.0,5.0
14660,35.74693846702576,11946,8.652762368984765,5.0,5.0
14669,35.76710486412048,11946,14.0,5.0,5.0
14670,35.76853823661804,11946,14.0,5.0,5.0
14674,35.77784037590027,11946,17.168,5.0,5.0
14677,35.782952308654785,11946,20.987520000000004,5.0,5.0
14680,35.787352561950684,11946,10.745610240000005,5.0,5.0
14682,35.79077219963074,11946,16.877190553600002,5.0,5.0
14683,35.792513847351074,11946,23.501752442880004,5.0,5.0
14685,35.79583263397217,11946,25.041121563443205,5.0,5.0
14688,35.800750732421875,11946,26.026317800603653,5.0,5.0
14689,35.802576541900635,11946,30.821054240482923,5.0,5.0
14690,35.80413365364075,11946,24.65684339238634,5.0,5.0
14700,35.829955101013184,11946,10.099443053521448,5.0,5.0
14704,35.835649490356445,11946,8.079554442817159,5.0,14.0
14710,35.844661712646484,11946,5.170914843402983,5.0,5.734400000000001
14715,35.859498262405396,11946,14.136731874722386,5.0,5.0
14720,35.86972522735596,11946,9.047508399822329,5.0,5.0
14721,35.87138557434082,11946,9.047508399822329,5.0,14.0
14730,35.89666700363159,11946,5.790405375886291,5.0,5.734400000000001
14735,35.909414529800415,11946,14.0,5.0,5.0
14739,35.915624141693115,11946,17.168,5.0,5.0
14740,35.91713738441467,11946,17.168,5.0,5.0
14741,35.91903758049011,11946,23.7344,5.0,5.0
14746,35.930909395217896,11946,19.721610240000004,5.0,5.0
14750,35.9400897026062,11946,15.777288192000004,5.0,5.0
14753,35.945091009140015,11946,20.097464442880003,5.0,5.0
14754,35.946940183639526,11946,26.077971554304003,5.0,5.0
14760,35.95876145362854,11946,13.351921435803654,5.0,5.0
14762,35.96164035797119,11946,18.545229718914342,5.0,5.0
14770,35.977593183517456,11946,7.5961260928673155,5.0,5.0
14779,35.99379110336304,11946,14.0,5.0,5.0
14780,35.99523043632507,11946,14.0,5.0,5.0
14790,36.012824296951294,11946,5.0,5.0,5.0
14798,36.031333684921265,11946,14.0,5.0,5.0
14800,36.0347626209259,11946,18.96,5.0,5.0
14806,36.046666860580444,11946,17.766016,5.0,5.0
14810,36.055808305740356,11946,9.096200192000003,5.0,5.0
14815,36.06684184074402,11946,15.821568122880002,5.0,5.0
14817,36.07305884361267,11946,22.657254498304003,5.0,5.0
14819,36.07633090019226,11946,24.50064287891456,5.0,5.0
14820,36.07781219482422,11946,19.60051430313165,5.0,5.0
14830,36.09650230407715,11946,15.138157221480146,5.0,5.0
14835,36.11642932891846,11946,17.750736497397835,5.0,5.0
14840,36.12326169013977,11946,19.08837708666769,5.0,5.0
14843,36.131351947784424,11946,22.216561335467325,5.0,5.0
14850,36.14719796180725,11946,11.374879403759273,5.0,5.0
14855,36.16086220741272,11946,17.279922818405936,5.0,5.0
14858,36.16607069969177,11946,18.847320483023843,5.0,5.0
14860,36.17562246322632,11946,18.847320483023843,5.0,5.0
14870,36.203652143478394,11946,9.649828087308208,5.0,14.0
14878,36.222071409225464,11946,16.175889975877254,5.0,5.734400000000001
14880,36.22509145736694,11946,10.352569584561444,5.0,5.734400000000001
14890,36.248663663864136,11946,6.625644534119324,5.0,5.0
14894,36.26481914520264,11946,15.30051562729546,5.0,5.0
14895,36.26667523384094,11946,22.240412501836367,5.0,5.0
14899,36.27354097366333,11946,19.109672960752178,5.0,5.0
14900,36.27834987640381,11946,19.109672960752178,5.0,5.0
14910,36.29468631744385,11946,9.784152555905116,5.0,5.0
14920,36.31944489479065,11946,5.0,5.0,5.0
14921,36.321248292922974,11946,14.0,5.0,5.0
14922,36.323062896728516,11946,21.200000000000003,5.0,5.0
14930,36.34184002876282,11946,15.557452800000004,5.0,5.0
14934,36.34754276275635,11946,22.445962240000004,5.0,5.0
14939,36.361111640930176,11946,21.492332666880003,5.0,5.0
14940,36.36565160751343,11946,21.492332666880003,5.0,5.0
14947,36.37953519821167,11946,17.04260756828324,5.0,5.0
14950,36.38800811767578,11946,10.907268843701274,5.0,5.0
14955,36.39494705200195,11946,16.980652059968815,5.0,5.0
14959,36.40441417694092,11946,18.694093854704036,5.0,5.0
14960,36.40592098236084,11946,14.95527508376323,5.0,5.0
14961,36.40771508216858,11946,21.964220067010586,5.0,5.0
14965,36.41399788856506,11946,21.245680674309423,5.0,5.0
14968,36.42232799530029,11946,23.59723563155803,5.0,5.0
14970,36.42528772354126,11946,18.877788505246425,5.0,5.0
14971,36.42702031135559,11946,25.10223080419714,5.0,5.0
14976,36.43483114242554,11946,20.281873737399152,5.0,5.0
14980,36.44124412536621,11946,18.307455482838698,5.0,5.0
14984,36.44728875160217,11946,17.49873376577073,5.0,5.0
14987,36.4553484916687,11946,21.19918961009327,5.0,5.0
14988,36.45703649520874,11946,26.959351688074616,5.0,5.0
14990,36.4599552154541,11946,21.567481350459694,5.0,5.0
14996,36.46917462348938,11946,18.83404036114829,5.0,5.0
15000,36.48142766952515,11946,12.053785831134906,5.0,5.0
15003,36.48931550979614,11946,17.71442293192634,5.0,5.0
15008,36.500086307525635,11946,19.06978454114629,5.0,5.0
15010,36.50642800331116,11946,15.255827632917033,5.0,5.0
15011,36.50819802284241,11946,22.20466210633363,5.0,5.0
15020,36.52534604072571,11946,15.820818943202724,5.0,5.0
15022,36.52854609489441,11946,22.65665515456218,5.0,5.0
15026,36.53817796707153,11946,28.125324123649744,5.0,5.0
15028,36.5411274433136,11946,28.00020743913584,5.0,5.0
15030,36.550997734069824,11946,28.00020743913584,5.0,5.0
15040,36.573046922683716,11946,11.468884967070043,5.0,5.0
15044,36.581812143325806,11946,17.340086378924827,5.0,5.0
15045,36.58361315727234,11946,23.872069103139864,5.0,5.0
15047,36.586259603500366,11946,25.278124226009513,5.0,5.0
15049,36.58894944190979,11946,26.177999504646092,5.0,5.0
15050,36.590314865112305,11946,26.177999504646092,5.0,5.0
15055,36.597129583358765,11946,23.4031357463788,5.0,5.0
15060,36.61459994316101,11946,14.978006877682432,5.0,5.0
15063,36.6196551322937,11946,17.668739521373407,5.0,5.0
15064,36.621331214904785,11946,24.134991617098727,5.0,5.0
15070,36.629334688186646,11946,9.885692566363641,5.0,5.0
15075,36.63649559020996,11946,15.061474593978186,5.0,5.0
15076,36.63817501068115,11946,22.04917967518255,5.0,5.0
15077,36.63981103897095,11946,27.639343740146042,5.0,5.0
15080,36.64760732650757,11946,22.111474992116836,5.0,5.0
15082,36.65102505683899,11946,24.151343994954775,5.0,5.0
15087,36.6653618812561,11946,22.365488125416846,5.0,5.0
15090,36.67242741584778,11946,14.313912400266782,5.0,5.0
15093,36.67710638046265,11946,19.16090393617074,5.0,5.0
15097,36.68713426589966,11946,19.81038281531942,5.0,5.0
15099,36.69072413444519,11946,22.678645001804433,5.0,5.0
15100,36.692307472229004,11946,18.14291600144355,5.0,5.0
15101,36.69404172897339,11946,24.51433280115484,5.0,5.0
15110,36.71238684654236,11946,10.041070715353026,5.0,5.0
15112,36.7157769203186,11946,16.42628525782594,5.0,5.0
15120,36.73994302749634,11946,18.41025805200688,5.0,5.0
15125,36.75348472595215,11946,19.426052122627524,5.0,5.0
15127,36.75681972503662,11946,25.54084169810202,5.0,5.0
15130,36.76671028137207,11946,25.54084169810202,5.0,5.0
15135,36.77474880218506,11946,23.07691094942824,5.0,5.0
15140,36.788100719451904,11946,11.81537840610726,5.0,5.0
15144,36.7970507144928,11946,16.049473743926917,5.0,5.0
15145,36.79870367050171,11946,22.839578995141537,5.0,5.0
15147,36.80489802360535,11946,28.27166319611323,5.0,5.0
15150,36.8157012462616,11946,18.09386444551247,5.0,5.0
15155,36.83114004135132,11946,19.264058596102387,5.0,5.0
15160,36.84921360015869,11946,12.32899750150553,5.0,5.0
15170,36.867828130722046,11946,6.312446720770832,5.0,5.0
15180,36.90577268600464,11946,5.0,5.0,5.0
15181,36.90780282020569,11946,14.0,5.0,5.0
15185,36.916890382766724,11946,18.96,5.0,5.0
15188,36.92173886299133,11946,25.168,5.0,5.0
15190,36.92802023887634,11946,20.1344,5.0,5.0
15192,36.93473815917969,11946,26.10752,5.0,5.0
15197,36.942766189575195,11946,23.36705024,5.0,5.0
15200,36.94786810874939,11946,21.963929722880003,5.0,5.0
15205,36.960076093673706,11946,21.245532018114563,5.0,5.0
15208,36.96483659744263,11946,23.597140491593322,5.0,5.0
15210,36.96736288070679,11946,18.87771239327466,5.0,5.0
15214,36.97811317443848,11946,19.66538874535663,5.0,5.0
15219,36.989046573638916,11946,20.068679037622594,5.0,5.0
15220,36.99083065986633,11946,26.054943230098075,5.0,5.0
15230,37.012176513671875,11946,10.672104747048174,5.0,5.0
15232,37.015578746795654,11946,18.53768379763854,5.0,5.0
15236,37.021897315979004,11946,19.49129410439093,5.0,5.0
15237,37.02359366416931,11946,25.593035283512748,5.0,5.0
15240,37.031014919281006,11946,16.37954258144816,5.0,5.0
15244,37.04072284698486,11946,18.38632580170146,5.0,5.0
15248,37.0500123500824,11946,21.767248513088937,5.0,5.0
15250,37.053446531295776,11946,23.93103904837692,5.0,5.0
15260,37.074958086013794,11946,9.80215359421519,5.0,5.0
15270,37.107712268829346,11946,5.018702640238178,5.0,5.0
15274,37.11935830116272,11946,14.0,5.0,5.0
15278,37.1340696811676,11946,17.168,5.0,5.0
15280,37.13831067085266,11946,13.7344,5.0,5.0
15285,37.14632773399353,11946,18.790016,5.0,5.0
15290,37.16141676902771,11946,22.025610240000002,5.0,5.0
15294,37.1681923866272,11946,19.021689954304,5.0,5.0
15300,37.17793011665344,11946,6.233027364226337,5.0,5.0
15310,37.20774435997009,11946,14.0,5.0,5.0
15312,37.21101379394531,11946,21.200000000000003,5.0,5.0
15320,37.23167943954468,11946,8.683520000000005,5.0,5.0
15330,37.250468730926514,11946,5.0,5.0,5.0
15340,37.27297568321228,11946,14.0,5.0,5.0
15342,37.27982759475708,11946,21.200000000000003,5.0,5.0
15349,37.30155324935913,11946,23.568000000000005,5.0,5.0
15350,37.30307936668396,11946,18.854400000000005,5.0,5.0
15356,37.3151650428772,11946,22.066816000000003,5.0,5.0
15360,37.32504487037659,11946,11.298209792000003,5.0,5.0
15366,37.34201431274414,11946,15.784683413504002,5.0,5.0
15370,37.355313777923584,11946,10.102197384642563,5.0,5.0
15371,37.35728096961975,11946,18.08175790771405,5.0,5.0
15380,37.39153742790222,11946,11.572325060936993,5.0,5.0
15387,37.410173416137695,11946,15.92503043119974,5.0,5.0
15390,37.414857149124146,11946,10.192019475967834,5.0,5.0
15400,37.437681674957275,11946,5.218313971695532,5.0,5.0
15405,37.45055913925171,11946,14.174651177356427,5.0,5.0
15408,37.457367181777954,11946,21.33972094188514,5.0,5.0
15410,37.460333585739136,11946,17.071776753508114,5.0,5.0
15411,37.46211528778076,11946,23.65742140280649,5.0,5.0
15417,37.471638441085815,11946,17.752063845271632,5.0,5.0
15419,37.47505283355713,11946,14.201651076217306,5.0,14.0
15420,37.47673797607422,11946,11.361320860973846,5.0,14.0
15424,37.48563313484192,11946,17.27124535102326,5.0,11.200000000000001
15426,37.48892855644226,11946,23.816996280818607,5.0,8.96
15428,37.495163917541504,11946,29.053597024654888,5.0,8.96
15430,37.50133228302002,11946,23.242877619723913,5.0,8.96
15431,37.50313138961792,11946,28.59430209577913,5.0,8.96
15432,37.50492334365845,11946,32.87544167662331,5.0,8.96
15435,37.50979208946228,11946,26.832226138431135,5.0,8.96
15436,37.511584520339966,11946,31.46578091074491,5.0,8.96
15437,37.51329040527344,11946,35.172624728595935,5.0,8.96
15440,37.53002738952637,11946,35.172624728595935,5.0,7.168000000000001
15442,37.53559494018555,11946,38.13809978287675,5.0,5.734400000000001
15445,37.54015350341797,11946,34.40838386104112,5.0,5.0
15450,37.55113768577576,11946,14.093674029482447,5.0,5.0
15451,37.553123235702515,11946,21.27493922358596,5.0,5.0
15453,37.55658936500549,11946,23.615961103095017,5.0,5.0
15460,37.57061791419983,11946,12.091372084784652,5.0,5.0
15461,37.57250785827637,11946,19.673097667827722,5.0,5.0
15470,37.586129903793335,11946,8.058100804742237,5.0,5.0
15473,37.592979192733765,11946,16.44648064379379,5.0,5.0
15480,37.610952854156494,11946,6.736478471697938,5.0,5.0
15490,37.635854721069336,11946,5.0,5.0,5.0
15493,37.64777946472168,11946,14.0,5.0,5.0
15495,37.65106129646301,11946,21.200000000000003,5.0,5.0
15496,37.65289878845215,11946,26.960000000000004,5.0,5.0
15500,37.66227126121521,11946,13.803520000000004,5.0,5.0
15510,37.67901277542114,11946,5.0,5.0,5.0
15520,37.70985293388367,11946,5.0,5.0,5.0
15525,37.720863342285156,11946,14.0,5.0,5.0
15527,37.72416591644287,11946,18.96,5.0,5.0
15530,37.732614517211914,11946,15.168000000000001,5.0,5.0
15532,37.73904800415039,11946,22.1344,5.0,5.0
15535,37.74384784698486,11946,24.166016,5.0,5.0
15540,37.75852155685425,11946,12.373000192000001,5.0,5.0
15541,37.76060748100281,11946,19.8984001536,5.0,5.0
15550,37.77571678161621,11946,10.187980878643202,5.0,5.0
15560,37.80103349685669,11946,5.0,5.0,5.0
15565,37.80859684944153,11946,14.0,5.0,5.0
15566,37.8104202747345,11946,21.200000000000003,5.0,5.0
15570,37.82587242126465,11946,13.568000000000005,5.0,5.0
15580,37.86538815498352,11946,6.9468160000000045,5.0,5.0
15588,37.89282512664795,11946,14.0,5.0,5.0
15590,37.89863324165344,11946,14.0,5.0,5.0
15596,37.91060781478882,11946,15.7344,5.0,5.0
15599,37.921351194381714,11946,22.58752,5.0,5.0
15600,37.9228355884552,11946,18.070016000000003,5.0,5.0
15601,37.92458629608154,11946,24.456012800000003,5.0,5.0
15610,37.94129657745361,11946,6.410997019443203,5.0,5.0
15616,37.956536293029785,11946,14.10303809244365,5.0,5.0
15620,37.965160846710205,11946,9.025944379163937,5.0,5.0
15630,37.985538482666016,11946,5.0,5.0,5.0
15631,37.987292766571045,11946,14.0,5.0,5.0
15638,38.00447106361389,11946,17.168,5.0,5.0
15639,38.00616240501404,11946,23.7344,5.0,5.0
15640,38.0105459690094,11946,23.7344,5.0,5.0
15645,38.01846957206726,11946,19.721610240000004,5.0,5.0
15650,38.0256872177124,11946,10.097464442880003,5.0,5.0
15658,38.04398059844971,11946,15.169901794754562,5.0,5.0
15660,38.04699683189392,11946,12.13592143580365,5.0,5.0
15670,38.079827547073364,11946,5.0,5.0,5.0
15674,38.08958959579468,11946,14.0,5.0,5.0
15680,38.098846435546875,11946,5.734400000000001,5.0,5.0
15681,38.10064077377319,11946,14.587520000000001,5.0,5.0
15689,38.12394618988037,11946,14.780038553600003,5.0,5.0
15690,38.12547206878662,11946,11.824030842880003,5.0,5.0
15698,38.14116311073303,11946,14.0,5.0,5.0
15700,38.14420175552368,11946,11.200000000000001,5.0,5.0
15708,38.16618347167969,11946,17.168,5.0,5.0
15710,38.169514894485474,11946,20.987520000000004,5.0,5.0
15712,38.172842264175415,11946,23.432012800000003,5.0,5.0
15715,38.18074560165405,11946,24.996488192,5.0,5.0
15720,38.19634532928467,11946,24.996488192,5.0,5.0
15730,38.21596026420593,11946,8.190849250754564,5.0,5.0
15735,38.23027467727661,11946,15.242143520482921,5.0,5.0
15736,38.23212695121765,11946,22.19371481638634,5.0,5.0
15737,38.23384881019592,11946,27.754971853109073,5.0,5.0
15740,38.23853087425232,11946,17.76318198598981,5.0,5.0
15745,38.249138593673706,11946,19.094749176826785,5.0,5.0
15750,38.26288676261902,11946,9.776511578535315,5.0,5.0
15751,38.26472234725952,11946,17.82120926282825,5.0,5.0
15753,38.271504402160645,11946,24.256967410262604,5.0,5.0
15758,38.28030228614807,11946,22.419567314054454,5.0,5.0
15760,38.28349494934082,11946,14.348523080994852,5.0,5.0
15770,38.304240703582764,11946,7.346443817469366,5.0,5.0
15780,38.32951498031616,11946,5.877155053975493,5.0,5.0
15790,38.34904098510742,11946,5.0,5.0,5.0
15791,38.35085940361023,11946,14.0,5.0,5.0
15798,38.368090867996216,11946,17.168,5.0,5.0
15800,38.37417197227478,11946,13.7344,5.0,5.0
15801,38.375978231430054,11946,20.987520000000004,5.0,5.0
15808,38.3912353515625,11946,20.745610240000005,5.0,5.0
15810,38.40012168884277,11946,20.745610240000005,5.0,5.0
15813,38.404977321624756,11946,20.621752442880005,5.0,5.0
15820,38.41796135902405,11946,8.446669800603653,5.0,5.0
15830,38.44218969345093,11946,14.0,5.0,5.0
15832,38.44533443450928,11946,21.200000000000003,5.0,5.0
15833,38.44706177711487,11946,26.960000000000004,5.0,5.0
15840,38.46277451515198,11946,13.803520000000004,5.0,5.0
15850,38.48779106140137,11946,5.0,5.0,5.0
15860,38.5253541469574,11946,5.0,5.0,5.0
15861,38.52731442451477,11946,14.0,5.0,5.0
15870,38.54889273643494,11946,7.168000000000001,5.0,5.0
15880,38.564645290374756,11946,14.0,5.0,5.0
15883,38.56963086128235,11946,17.168,5.0,5.0
15885,38.57287788391113,11946,20.987520000000004,5.0,5.0
15887,38.579028844833374,11946,26.790016000000005,5.0,5.0
15888,38.58073949813843,11946,31.432012800000006,5.0,5.0
15890,38.58597373962402,11946,25.145610240000007,5.0,5.0
15894,38.59807562828064,11946,26.093190553600007,5.0,5.0
15900,38.61029505729675,11946,8.550216680603652,5.0,5.0
15909,38.640692949295044,11946,14.0,5.0,5.0
15910,38.6451358795166,11946,14.0,5.0,5.0
15913,38.65928339958191,11946,18.96,5.0,5.0
15918,38.67525911331177,11946,19.707520000000002,5.0,5.0
15920,38.67873692512512,11946,15.766016000000002,5.0,5.0
15922,38.68504333496094,11946,22.6128128,5.0,5.0
15924,38.688551902770996,11946,24.472200192000003,5.0,5.0
15926,38.69191217422485,11946,29.577760153600003,5.0,5.0
15928,38.69520449638367,11946,33.66220812288,5.0,5.0
15930,38.70147347450256,11946,36.929766498304005,5.0,5.0
15931,38.703248023986816,11946,39.54381319864321,5.0,5.0
15939,38.72168588638306,11946,30.246432357705327,5.0,5.0
15940,38.72332954406738,11946,24.197145886164265,5.0,5.0
15943,38.731659173965454,11946,25.48617336714513,5.0,5.0
15950,38.74493169784546,11946,20.439136611182647,5.0,5.0
15956,38.75751829147339,11946,18.371870355940416,5.0,5.0
15958,38.76367473602295,11946,24.697496284752333,5.0,5.0
15960,38.76622223854065,11946,19.757997027801867,5.0,5.0
15970,38.78917980194092,11946,5.0,5.0,5.0
15979,38.81702256202698,11946,14.0,5.0,5.0
15980,38.81850576400757,11946,14.0,5.0,5.0
15987,38.839855670928955,11946,17.168,5.0,5.0
15990,38.84697365760803,11946,13.7344,5.0,5.0
15993,38.85535526275635,11946,18.790016,5.0,5.0
16000,38.876299142837524,11946,7.696390553600003,5.0,5.0
16001,38.87822866439819,11946,16.157112442880003,5.0,5.0
16010,38.91206693649292,11946,8.272441570754564,5.0,5.0
16012,38.91563177108765,11946,15.294362605282922,5.0,5.0
16020,38.935529470443726,11946,7.830713653904858,5.0,5.0
16030,38.96250319480896,11946,5.011656738499109,5.0,5.0
16032,38.965954542160034,11946,14.0,5.0,5.0
16033,38.96774983406067,11946,21.200000000000003,5.0,5.0
16034,38.969501972198486,11946,26.960000000000004,5.0,5.0
16036,38.972928047180176,11946,27.254400000000004,5.0,5.0
16040,38.97904849052429,11946,23.954252800000006,5.0,5.0
16041,38.98080348968506,11946,29.163402240000007,5.0,5.0
16049,38.998225688934326,11946,24.931661946880006,5.0,5.0
16050,39.00281071662903,11946,24.931661946880006,5.0,5.0
16052,39.00637936592102,11946,25.956263646003208,5.0,5.0
16055,39.010722398757935,11946,26.612008733442053,5.0,5.0
16060,39.018577337265015,11946,13.625348471522333,5.0,5.0
16064,39.028177976608276,11946,18.720223021774295,5.0,5.0
16070,39.03870391845703,11946,14.976178417419437,5.0,5.0
16078,39.05503845214844,11946,14.907394143820003,5.0,5.0
16080,39.05834698677063,11946,9.540732252044803,5.0,5.0
16090,39.075775384902954,11946,5.0,5.0,5.0
16095,39.08971190452576,11946,14.0,5.0,5.0
16100,39.10019135475159,11946,8.96,5.0,5.0
16110,39.11894392967224,11946,5.734400000000001,5.0,5.0
16113,39.12697458267212,11946,14.0,5.0,5.0
16114,39.128793478012085,11946,21.200000000000003,5.0,5.0
16118,39.139227628707886,11946,26.960000000000004,5.0,5.0
16120,39.14220309257507,11946,26.960000000000004,5.0,5.0
16130,39.163063049316406,11946,11.042816000000004,5.0,5.0
16132,39.165998458862305,11946,17.067402240000003,5.0,5.0
16136,39.17540884017944,11946,23.653921792000006,5.0,5.0
16140,39.184032917022705,11946,15.138509946880005,5.0,5.0
16142,39.18735980987549,11946,22.110807957504004,5.0,5.0
16150,39.20240759849548,11946,19.056586939393643,5.0,5.0
16153,39.20741558074951,11946,19.756972512969547,5.0,5.0
16158,39.21805715560913,11946,18.09245594131233,5.0,5.0
16160,39.22124934196472,11946,14.473964753049865,5.0,5.0
16165,39.23567819595337,11946,19.263337441951915,5.0,5.0
16170,39.247111082077026,11946,9.862828770279382,5.0,5.0
16180,39.276896476745605,11946,5.0,5.0,5.0
16187,39.29576277732849,11946,14.0,5.0,5.0
16188,39.297513008117676,11946,21.200000000000003,5.0,5.0
16190,39.30078935623169,11946,23.568000000000005,5.0,5.0
16192,39.30415177345276,11946,25.083520000000007,5.0,5.0
16200,39.31872844696045,11946,10.274209792000006,5.0,5.0
16210,39.33865022659302,11946,5.0,5.0,5.0
16220,39.37189602851868,11946,5.0,5.0,5.0
16230,39.394147634506226,11946,5.0,5.0,5.0
16237,39.410829067230225,11946,14.0,5.0,5.0
16240,39.41846752166748,11946,11.200000000000001,5.0,5.0
16250,39.43953537940979,11946,5.0,5.0,5.0
16255,39.44684410095215,11946,14.0,5.0,5.0
16257,39.45370531082153,11946,21.200000000000003,5.0,5.0
16260,39.46508550643921,11946,26.960000000000004,5.0,5.0
16265,39.47217345237732,11946,21.042816000000002,5.0,5.0
16270,39.48230814933777,11946,8.619137433600002,5.0,5.0
16280,39.507734537124634,11946,5.516247957504002,5.0,5.0
16283,39.515281438827515,11946,14.412998366003201,5.0,5.0
16286,39.5200936794281,11946,21.530398692802564,5.0,5.0
16287,39.52183747291565,11946,27.22431895424205,5.0,5.0
16288,39.52390670776367,11946,31.779455163393642,5.0,5.0
16289,39.52567768096924,11946,35.423564130714915,5.0,5.0
16290,39.52729821205139,11946,28.338851304571932,5.0,5.0
16300,39.548762798309326,11946,17.42885983638571,5.0,5.0
16304,39.55547618865967,11946,17.138860988983588,5.0,5.0
16307,39.56035041809082,11946,23.71108879118687,5.0,5.0
16309,39.56639575958252,11946,28.968871032949497,5.0,5.0
16310,39.56731939315796,11946,28.968871032949497,5.0,5.0
16315,39.579031229019165,11946,21.865649575096114,5.0,5.0
16320,39.58667826652527,11946,13.994015728061513,5.0,5.0
16321,39.5884313583374,11946,21.19521258244921,5.0,5.0
16325,39.60070276260376,11946,23.564936052767493,5.0,5.0
16330,39.61472678184509,11946,18.851948842213996,5.0,5.0
16332,39.61816883087158,11946,25.081559073771196,5.0,5.0
16334,39.62161898612976,11946,26.052197807213567,5.0,5.0
16340,39.63274574279785,11946,13.338725277293348,5.0,5.0
16350,39.65249514579773,11946,14.370833498863485,5.0,5.0
16358,39.671489000320435,11946,14.709034720907589,5.0,5.0
16360,39.674139738082886,11946,11.767227776726072,5.0,5.0
16370,39.692328691482544,11946,5.0,5.0,5.0
16380,39.71746897697449,11946,14.0,5.0,5.0
16389,39.73114085197449,11946,14.587520000000001,5.0,5.0
16390,39.73287773132324,11946,11.670016000000002,5.0,5.0
16400,39.76410460472107,11946,5.0,5.0,5.0
16403,39.76940631866455,11946,14.0,5.0,5.0
16407,39.77931261062622,11946,18.96,5.0,5.0
16408,39.78123950958252,11946,25.168,5.0,5.0
16409,39.7830650806427,11946,30.1344,5.0,5.0
16410,39.784539461135864,11946,30.1344,5.0,5.0
16414,39.79751753807068,11946,29.286016000000004,5.0,5.0
16419,39.81215977668762,11946,24.994440192000003,5.0,5.0
16420,39.81379675865173,11946,19.995552153600002,5.0,5.0
16426,39.82716202735901,11946,20.237722702643204,5.0,5.0
16430,39.841578245162964,11946,12.95214252969165,5.0,5.0
16440,39.86849331855774,11946,14.244158064129362,5.0,5.0
16446,39.89251112937927,11946,19.116261161042793,5.0,5.0
16450,39.90569543838501,11946,15.293008928834235,5.0,5.0
16452,39.91262674331665,11946,22.234407143067386,5.0,5.0
16455,39.921531200408936,11946,24.23002057156313,5.0,5.0
16460,39.929280519485474,11946,12.405770532640325,5.0,5.0
16468,39.95460629463196,11946,17.93969314088981,5.0,5.0
16470,39.957929372787476,11946,17.93969314088981,5.0,5.0
16478,39.97810673713684,11946,19.185122888135584,5.0,5.0
16480,39.9814395904541,11946,12.278478648406775,5.0,5.0
16490,40.000197410583496,11946,5.0,5.0,5.0
16500,40.02786660194397,11946,5.0,5.0,5.0
16510,40.060091972351074,11946,5.0,5.0,5.0
16514,40.06922483444214,11946,14.0,5.0,5.0
16518,40.08653998374939,11946,21.200000000000003,5.0,5.0
16520,40.092525243759155,11946,16.960000000000004,5.0,5.0
16524,40.10183262825012,11946,20.854400000000005,5.0,5.0
16530,40.113826513290405,11946,8.541962240000004,5.0,5.0
16535,40.12527871131897,11946,14.373484666880003,5.0,5.0
16537,40.1286735534668,11946,21.498787733504003,5.0,5.0
16540,40.13617277145386,11946,17.199030186803203,5.0,5.0
16544,40.1463508605957,11946,18.80590345564324,5.0,5.0
16547,40.15151524543762,11946,19.62862256928934,5.0,5.0
16550,40.15565872192383,11946,12.56231844434518,5.0,5.0
16552,40.16247749328613,11946,20.049854755476147,5.0,5.0
16557,40.17079758644104,11946,16.569936406274426,5.0,5.0
16560,40.177693605422974,11946,16.569936406274426,5.0,5.0
16570,40.196349143981934,11946,14.343709409286404,5.0,5.0
16580,40.22307300567627,11946,5.0,5.0,5.0
16581,40.224897384643555,11946,14.0,5.0,5.0
16583,40.23102521896362,11946,21.200000000000003,5.0,5.0
16590,40.244696617126465,11946,6.9468160000000045,5.0,5.0
16600,40.27046275138855,11946,5.0,5.0,5.0
16605,40.28425931930542,11946,14.0,5.0,5.0
16610,40.2981858253479,11946,8.96,5.0,5.0
16620,40.31831336021423,11946,5.0,5.0,5.0
16624,40.33074617385864,11946,14.0,5.0,5.0
16629,40.341712474823,11946,17.168,5.0,5.0
16630,40.34330081939697,11946,13.7344,5.0,5.0
16631,40.34503436088562,11946,20.987520000000004,5.0,5.0
16633,40.348299980163574,11946,23.432012800000003,5.0,5.0
16638,40.36196160316467,11946,21.9971905536,5.0,5.0
16639,40.3637478351593,11946,27.59775244288,5.0,5.0
16640,40.365455865859985,11946,32.07820195430401,5.0,5.0
16645,40.38234496116638,11946,30.530049250754566,5.0,5.0
16650,40.39305257797241,11946,12.505108173109074,5.0,5.0
16660,40.41574239730835,11946,5.0,5.0,5.0
16664,40.43223810195923,11946,14.0,5.0,5.0
16665,40.43403649330139,11946,21.200000000000003,5.0,5.0
16670,40.44489502906799,11946,8.683520000000005,5.0,5.0
16680,40.472331523895264,11946,14.445962240000004,5.0,5.0
16681,40.474133253097534,11946,21.556769792000004,5.0,5.0
16682,40.47583222389221,11946,27.245415833600003,5.0,5.0
16684,40.479050636291504,11946,27.437066133504004,5.0,5.0
16686,40.48240327835083,11946,27.559722325442564,5.0,5.0
16690,40.491002321243286,11946,14.110577830626594,5.0,5.0
16693,40.499040603637695,11946,21.288462264501277,5.0,5.0
16700,40.509392738342285,11946,5.0,5.0,5.0
16710,40.547311544418335,11946,5.0,5.0,5.0
16720,40.571773052215576,11946,5.0,5.0,5.0
16730,40.59265756607056,11946,5.0,5.0,5.0
16731,40.59443783760071,11946,14.0,5.0,5.0
16740,40.61382579803467,11946,5.734400000000001,5.0,5.0
16741,40.61574363708496,11946,14.587520000000001,5.0,5.0
16744,40.62076115608215,11946,19.336012800000002,5.0,5.0
16746,40.62484669685364,11946,22.375048192,5.0,5.0
16748,40.63016104698181,11946,24.32003084288,5.0,5.0
16750,40.635637044906616,11946,19.456024674304004,5.0,5.0
16758,40.65901017189026,11946,19.96148463324365,5.0,5.0
16760,40.66217517852783,11946,12.775350165275938,5.0,5.0
16762,40.66822266578674,11946,20.22028013222075,5.0,5.0
16769,40.682546615600586,11946,16.625781393726097,5.0,5.0
16770,40.68475532531738,11946,13.300625114980878,5.0,5.0
16780,40.712435245513916,11946,6.809920058870211,5.0,5.0
16781,40.715084075927734,11946,15.447936047096169,5.0,5.0
16787,40.73188543319702,11946,17.90934325611324,5.0,5.0
16790,40.73769426345825,11946,9.16958374712998,5.0,5.0
16794,40.752689361572266,11946,17.335666997703985,5.0,5.0
16795,40.75482511520386,11946,23.86853359816319,5.0,5.0
16796,40.75667095184326,11946,29.09482687853055,5.0,5.0
16800,40.76538896560669,11946,11.917241089446115,5.0,5.0
16805,40.77505350112915,11946,14.88130195023713,5.0,5.0
16806,40.77695941925049,11946,21.905041560189705,5.0,5.0
16807,40.77875065803528,11946,27.524033248151763,5.0,5.0
16810,40.78870987892151,11946,22.019226598521414,5.0,5.0
16813,40.79675006866455,11946,24.092305023053704,5.0,5.0
16820,40.81123423576355,11946,19.8682081374428,5.0,5.0
16825,40.82852292060852,11946,22.715653207963392,5.0,5.0
16828,40.83359146118164,11946,21.63041444247726,5.0,5.0
16830,40.836782693862915,11946,13.843465243185447,5.0,5.0
16833,40.84744215011597,11946,21.07477219454836,5.0,5.0
16840,40.86524486541748,11946,8.63222669088701,5.0,5.0
16843,40.87274527549744,11946,16.905781352709607,5.0,5.0
16848,40.87979459762573,11946,18.65576005258732,5.0,5.0
16850,40.882829427719116,11946,14.924608042069856,5.0,5.0
16860,40.91221499443054,11946,5.0,5.0,5.0
16863,40.91728615760803,11946,14.0,5.0,5.0
16869,40.932605028152466,11946,17.168,5.0,5.0
16870,40.9341299533844,11946,13.7344,5.0,5.0
16871,40.936074018478394,11946,20.987520000000004,5.0,5.0
16880,40.95837426185608,11946,8.596488192000004,5.0,5.0
16881,40.96025800704956,11946,16.877190553600002,5.0,5.0
16882,40.9619677066803,11946,23.501752442880004,5.0,5.0
16886,40.968844175338745,11946,22.032897250754566,5.0,5.0
16890,40.977436542510986,11946,14.101054240482924,5.0,5.0
16891,40.97929835319519,11946,21.280843392386338,5.0,5.0
16900,40.999677419662476,11946,8.716633453521444,5.0,5.0
16907,41.01450276374817,11946,14.46291632820298,5.0,5.0
16910,41.01897597312927,11946,11.570333062562383,5.0,5.0
16914,41.02864909172058,11946,15.92401052803194,5.0,5.0
16915,41.03051710128784,11946,22.739208422425556,5.0,5.0
16920,41.04958915710449,11946,21.64247471228189,5.0,5.0
16924,41.05651926994324,11946,21.08094705268833,5.0,5.0
16928,41.06356358528137,11946,18.63475591278114,5.0,5.0
16930,41.0669322013855,11946,11.926243784179931,5.0,5.0
16934,41.07659196853638,11946,16.106236817500125,5.0,5.0
16940,41.09281516075134,11946,10.307991563200082,5.0,5.0
16950,41.12211632728577,11946,5.277691680358443,5.0,5.0
16956,41.13541007041931,11946,14.0,5.0,5.0
16958,41.13831543922424,11946,18.96,5.0,5.0
16959,41.140103340148926,11946,25.168,5.0,5.0
16960,41.141868352890015,11946,30.1344,5.0,5.0
16964,41.14881086349487,11946,22.343050240000004,5.0,5.0
16970,41.15882658958435,11946,7.321370702643204,5.0,5.0
16974,41.16565442085266,11946,14.0,5.0,5.0
16976,41.169182777404785,11946,18.96,5.0,5.0
16980,41.179434299468994,11946,12.134400000000001,5.0,5.0
16984,41.18628478050232,11946,16.212812800000002,5.0,5.0
16990,41.19950199127197,11946,5.312614498304002,5.0,5.0
16991,41.20141315460205,11946,14.250091598643202,5.0,5.0
16996,41.209145069122314,11946,15.836837518804256,5.0,5.0
16997,41.21085214614868,11946,22.669470015043405,5.0,5.0
17000,41.21973252296448,11946,24.50846080962778,5.0,5.0
17003,41.22496557235718,11946,25.685414918161783,5.0,5.0
17004,41.22690558433533,11946,30.54833193452943,5.0,5.0
17006,41.23049259185791,11946,29.550932438098837,5.0,5.0
17010,41.244874000549316,11946,23.640745950479072,5.0,5.0
17020,41.26828169822693,11946,5.0,5.0,5.0
17022,41.27178597450256,11946,14.0,5.0,5.0
17030,41.2893762588501,11946,5.0,5.0,5.0
17038,41.31725597381592,11946,14.0,5.0,5.0
17040,41.32427930831909,11946,11.200000000000001,5.0,5.0
17047,41.34512376785278,11946,15.7344,5.0,5.0
17050,41.352211236953735,11946,12.587520000000001,5.0,5.0
17053,41.360212087631226,11946,18.056012800000005,5.0,5.0
17055,41.36345839500427,11946,21.555848192000006,5.0,5.0
17060,41.373971462249756,11946,11.036594274304006,5.0,5.0
17070,41.39958834648132,11946,5.0,5.0,5.0
17080,41.427021741867065,11946,5.0,5.0,5.0
17090,41.45600080490112,11946,5.0,5.0,5.0
17092,41.462345361709595,11946,14.0,5.0,5.0
17094,41.46577477455139,11946,18.96,5.0,5.0
17100,41.48511505126953,11946,15.168000000000001,5.0,5.0
17106,41.501063108444214,11946,17.766016,5.0,5.0
17110,41.50725340843201,11946,11.370250240000003,5.0,5.0
17117,41.51813626289368,11946,15.821568122880002,5.0,5.0
17119,41.524266481399536,11946,22.657254498304003,5.0,5.0
17120,41.525808572769165,11946,18.125803598643202,5.0,5.0
17123,41.530619382858276,11946,21.60051430313165,5.0,5.0
17125,41.533920764923096,11946,27.280411442505322,5.0,5.0
17127,41.537365436553955,11946,27.45946332320341,5.0,5.0
17130,41.545170068740845,11946,17.574056526850182,5.0,5.0
17132,41.54854941368103,11946,24.059245221480147,5.0,5.0
17133,41.550368785858154,11946,29.247396177184118,5.0,5.0
17140,41.566643953323364,11946,11.979733474174617,5.0,5.0
17143,41.574321269989014,11946,19.583786779339697,5.0,5.0
17147,41.58101725578308,11946,18.02151906481754,5.0,5.0
17148,41.5827476978302,11946,24.41721525185403,5.0,5.0
17150,41.58587408065796,11946,15.627017761186583,5.0,5.0
17160,41.61361360549927,11946,5.120661179985621,5.0,5.0
17169,41.63917088508606,11946,14.0,5.0,5.0
17170,41.640801668167114,11946,11.200000000000001,5.0,5.0
17173,41.6521737575531,11946,18.96,5.0,5.0
17180,41.6684787273407,11946,7.766016000000002,5.0,5.0
17186,41.688642501831055,11946,14.970250240000002,5.0,5.0
17187,41.69053673744202,11946,21.976200192,5.0,5.0
17190,41.69856405258179,11946,14.06476812288,5.0,5.0
17191,41.700462102890015,11946,21.251814498304,5.0,5.0
17194,41.70879578590393,11946,23.60116127891456,5.0,5.0
17200,41.71845841407776,11946,9.667035659843407,5.0,5.0
17210,41.74862766265869,11946,7.733628527874726,5.0,5.0
17213,41.75400447845459,11946,14.0,5.0,5.0
17220,41.77436447143555,11946,11.200000000000001,5.0,5.0
17226,41.79107069969177,11946,14.587520000000001,5.0,5.0
17227,41.79302144050598,11946,21.670016000000004,5.0,5.0
17228,41.79479742050171,11946,27.336012800000002,5.0,5.0
17230,41.80249834060669,11946,31.868810240000002,5.0,5.0
17231,41.80438852310181,11946,35.495048192,5.0,5.0
17236,41.816243410110474,11946,28.173464674304,5.0,5.0
17240,41.822577714920044,11946,18.031017391554563,5.0,5.0
17246,41.835264921188354,11946,19.231880904475936,5.0,5.0
17250,41.841384172439575,11946,9.846723023091682,5.0,5.0
17260,41.86796045303345,11946,5.0,5.0,5.0
17262,41.8715283870697,11946,14.0,5.0,5.0
17270,41.8862202167511,11946,14.587520000000001,5.0,5.0
17275,41.9075825214386,11946,17.468810240000003,5.0,5.0
17280,41.92561864852905,11946,11.180038553600003,5.0,5.0
17283,41.93109631538391,11946,17.155224674304,5.0,5.0
17286,41.93965458869934,11946,20.979343791554562,5.0,5.0
17290,41.957690477371216,11946,16.78347503324365,5.0,5.0
17300,41.97724676132202,11946,5.499609098893281,5.0,5.0
17305,41.987929582595825,11946,14.0,5.0,5.0
17310,42.005260944366455,11946,8.96,5.0,5.0
17315,42.01708102226257,11946,15.7344,5.0,5.0
17316,42.01889705657959,11946,22.58752,5.0,5.0
17320,42.03101849555969,11946,14.456012800000003,5.0,5.0
17329,42.05167078971863,11946,14.736946274304003,5.0,5.0
17330,42.05314350128174,11946,14.736946274304003,5.0,5.0
17335,42.06425857543945,11946,19.431645615554565,5.0,5.0
17337,42.070812702178955,11946,25.545316492443654,5.0,5.0
17338,42.072686433792114,11946,30.436253193954926,5.0,5.0
17340,42.07585644721985,11946,19.479202044131156,5.0,5.0
17345,42.08341932296753,11946,19.973351446595153,5.0,5.0
17346,42.085200548172,11946,25.97868115727612,5.0,5.0
17350,42.093616008758545,11946,13.301084752525377,5.0,5.0
17356,42.1023473739624,11946,16.810155393292995,5.0,5.0
17360,42.1121187210083,11946,10.758499451707518,5.0,5.0
17361,42.11396551132202,11946,18.606799561366017,5.0,5.0
17370,42.13501238822937,11946,6.097076080268418,5.0,5.0
17374,42.14452528953552,11946,14.0,5.0,5.0
17376,42.14808416366577,11946,18.96,5.0,5.0
17379,42.152955532073975,11946,22.1344,5.0,5.0
17380,42.15443205833435,11946,22.1344,5.0,5.0
17384,42.17033648490906,11946,27.70752,5.0,5.0
17390,42.18241739273071,11946,11.349000192000002,5.0,5.0
17400,42.19932150840759,11946,5.0,5.0,5.0
17408,42.21519684791565,11946,14.0,5.0,5.0
17410,42.21821737289429,11946,11.200000000000001,5.0,5.0
17420,42.241963148117065,11946,5.0,5.0,5.0
17424,42.25407266616821,11946,14.0,5.0,5.0
17428,42.260698080062866,11946,17.168,5.0,5.0
17430,42.26397180557251,11946,10.987520000000002,5.0,5.0
17440,42.29433059692383,11946,5.0,5.0,5.0
17450,42.32748746871948,11946,5.0,5.0,5.0
17452,42.33378219604492,11946,14.0,5.0,5.0
17458,42.34717273712158,11946,15.7344,5.0,5.0
17460,42.35048508644104,11946,10.070016000000003,5.0,5.0
17464,42.359771490097046,11946,15.155848192000002,5.0,5.0
17470,42.38104748725891,11946,19.699742842880003,5.0,5.0
17477,42.3976309299469,11946,18.06901466844365,5.0,5.0
17480,42.40515661239624,11946,14.45521173475492,5.0,5.0
17486,42.41704487800598,11946,17.40106840819452,5.0,5.0
17490,42.42613482475281,11946,11.136683781244493,5.0,5.0
17495,42.43732213973999,11946,15.701982095997181,5.0,5.0
17500,42.4481086730957,11946,12.561585676797746,5.0,5.0
17507,42.46551299095154,11946,16.431531866520444,5.0,5.0
17509,42.46873593330383,11946,23.14522549321636,5.0,5.0
17510,42.47057127952576,11946,28.516180394573087,5.0,5.0
17511,42.47238230705261,11946,32.81294431565847,5.0,5.0
17512,42.47414231300354,11946,36.250355452526776,5.0,5.0
17519,42.49171781539917,11946,21.878516474683977,5.0,5.0
17520,42.49278283119202,11946,17.502813179747182,5.0,5.0
17527,42.50910210609436,11946,17.16915227842445,5.0,5.0
17530,42.516934871673584,11946,20.988257458191647,5.0,5.0
17539,42.540055990219116,11946,16.87743220390024,5.0,5.0
17540,42.54180669784546,11946,23.501945763120194,5.0,5.0
17550,42.566153049468994,11946,7.701117587659228,5.0,5.0
17553,42.573798418045044,11946,16.160894070127384,5.0,5.0
17560,42.59248423576355,11946,12.928715256101908,5.0,5.0
17570,42.610270500183105,11946,15.295601768899342,5.0,5.0
17571,42.61211824417114,11946,22.236481415119474,5.0,5.0
17573,42.615344762802124,11946,27.78918513209558,5.0,5.0
17575,42.61867928504944,11946,27.78507848454117,5.0,5.0
17580,42.627830028533936,11946,14.22596018408508,5.0,5.0
17582,42.63103890419006,11946,21.380768147268064,5.0,5.0
17583,42.632729291915894,11946,27.10461451781445,5.0,5.0
17584,42.634443521499634,11946,31.68369161425156,5.0,5.0
17590,42.645965576171875,11946,12.977640085197443,5.0,5.0
17593,42.65373468399048,11946,18.305689654526365,5.0,5.0
17600,42.67318296432495,11946,7.498010482494,5.0,5.0
17610,42.69656419754028,11946,5.0,5.0,5.0
17618,42.720279693603516,11946,14.0,5.0,5.0
17620,42.726187229156494,11946,11.200000000000001,5.0,5.0
17622,42.72892785072327,11946,18.96,5.0,5.0
17624,42.73235726356506,11946,22.1344,5.0,5.0
17629,42.7406542301178,11946,19.066250240000002,5.0,5.0
17630,42.7425000667572,11946,25.253000192000002,5.0,5.0
17632,42.74889945983887,11946,30.202400153600003,5.0,5.0
17640,42.767569065093994,11946,22.370903102914564,5.0,5.0
17641,42.76936149597168,11946,27.89672248233165,5.0,5.0
17644,42.77380299568176,11946,24.28312191095381,5.0,5.0
17650,42.786091566085815,11946,9.946366734726684,5.0,5.0
17653,42.79122066497803,11946,15.092539768180064,5.0,5.0
17659,42.813538789749146,11946,19.659225451635244,5.0,5.0
17660,42.8150155544281,11946,19.659225451635244,5.0,5.0
17670,42.8376944065094,11946,5.1535479967934705,5.0,5.0
17671,42.83965587615967,11946,14.122838397434776,5.0,5.0
17677,42.85553812980652,11946,17.230893259486606,5.0,5.0
17680,42.86367464065552,11946,21.027771686071432,5.0,5.0
17690,42.885183811187744,11946,6.890380226091889,5.0,5.0
17693,42.89002466201782,11946,14.40984334469881,5.0,5.0
17694,42.89186716079712,11946,21.52787467575905,5.0,5.0
17697,42.900113582611084,11946,23.777839792485793,5.0,5.0
17700,42.9111864566803,11946,19.022271833988636,5.0,5.0
17705,42.92071223258972,11946,19.73940317900218,5.0,5.0
17710,42.93453645706177,11946,20.106574427649118,5.0,5.0
17713,42.94666624069214,11946,26.085259542119296,5.0,5.0
17714,42.948572397232056,11946,30.868207633695437,5.0,5.0
17718,42.96400451660156,11946,25.804522308452068,5.0,5.0
17720,42.96739220619202,11946,16.514894277409326,5.0,5.0
17724,42.9734160900116,11946,20.569532337541972,5.0,5.0
17729,42.99184799194336,11946,26.45562587003358,5.0,5.0
17730,42.9934196472168,11946,21.164500696026863,5.0,5.0
17732,43.00057411193848,11946,26.93160055682149,5.0,5.0
17738,43.01407480239868,11946,18.82494687045927,5.0,5.0
17740,43.01743721961975,11946,12.047965997093934,5.0,5.0
17747,43.034772872924805,11946,14.934846872409675,5.0,5.0
17750,43.0394549369812,11946,11.947877497927742,5.0,5.0
17751,43.04150032997131,11946,19.558301998342195,5.0,5.0
17754,43.04669713973999,11946,20.013850623151207,5.0,5.0
17755,43.04844379425049,11946,26.011080498520965,5.0,5.0
17760,43.06104564666748,11946,16.64709151905342,5.0,5.0
17761,43.062888622283936,11946,23.317673215242735,5.0,5.0
17768,43.07742762565613,11946,19.550918948963428,5.0,5.0
17770,43.080647468566895,11946,12.512588127336596,5.0,5.0
17779,43.103880882263184,11946,16.406445121196338,5.0,5.0
17780,43.10499453544617,11946,13.12515609695707,5.0,5.0
17781,43.10697054862976,11946,20.500124877565657,5.0,5.0
17783,43.10973858833313,11946,26.400099902052528,5.0,5.0
17789,43.12454438209534,11946,23.516851149850897,5.0,5.0
17790,43.12672829627991,11946,18.813480919880718,5.0,5.0
17796,43.14111304283142,11946,17.706001784783144,5.0,5.0
17800,43.15620827674866,11946,11.331841142261213,5.0,5.0
17810,43.17324662208557,11946,5.0,5.0,5.0
17817,43.192768812179565,11946,14.0,5.0,5.0
17820,43.20291352272034,11946,11.200000000000001,5.0,5.0
17830,43.2242214679718,11946,7.168000000000001,5.0,5.0
17840,43.248692750930786,11946,5.0,5.0,14.0
17850,43.272228956222534,11946,5.0,5.0,5.0
17855,43.28576445579529,11946,14.0,5.0,5.0
17860,43.29633545875549,11946,8.96,5.0,5.0
17866,43.309000968933105,11946,14.587520000000001,5.0,5.0
17870,43.31529521942139,11946,9.336012800000002,5.0,5.0
17880,43.34016966819763,11946,14.0,5.0,5.0
17883,43.34751844406128,11946,21.200000000000003,5.0,5.0
17884,43.34931683540344,11946,26.960000000000004,5.0,5.0
17885,43.35105895996094,11946,31.568000000000005,5.0,5.0
17886,43.35276460647583,11946,35.254400000000004,5.0,5.0
17887,43.35453128814697,11946,38.203520000000005,5.0,5.0
17890,43.36231327056885,11946,30.562816000000005,5.0,5.0
17891,43.364173889160156,11946,34.4502528,5.0,5.0
17892,43.3659405708313,11946,37.56020224,5.0,5.0
17897,43.373523235321045,11946,25.384658837504006,5.0,5.0
17898,43.375261306762695,11946,30.307727070003207,5.0,5.0
17900,43.37839341163635,11946,24.246181656002566,5.0,5.0
17903,43.38352060317993,11946,22.414045007873316,5.0,5.0
17906,43.38849854469299,11946,21.47599104403114,5.0,5.0
17910,43.39491820335388,11946,13.744634268179931,5.0,5.0
17917,43.41118621826172,11946,8.796565931635156,5.0,14.0
17920,43.41533541679382,11946,5.629802196246501,5.0,11.200000000000001
17930,43.43505263328552,11946,5.0,5.0,5.0
17940,43.47975206375122,11946,5.0,5.0,5.0
17950,43.504215717315674,11946,5.0,5.0,5.0
17953,43.514979124069214,11946,14.0,5.0,5.0
17960,43.53913474082947,11946,8.96,5.0,5.0
17970,43.55865788459778,11946,5.0,5.0,5.0
17972,43.56238865852356,11946,14.0,5.0,5.0
17974,43.56882357597351,11946,21.200000000000003,5.0,5.0
17975,43.57072997093201,11946,26.960000000000004,5.0,5.0
17979,43.58082962036133,11946,23.803520000000006,5.0,5.0
17980,43.585668087005615,11946,23.803520000000006,5.0,5.0
17982,43.58934998512268,11946,25.234252800000007,5.0,5.0
17987,43.605225563049316,11946,22.919937433600005,5.0,5.0
17990,43.609761476516724,11946,24.668759957504,5.0,5.0
17994,43.61676383018494,11946,20.104324078593642,5.0,5.0
18000,43.63066911697388,11946,8.234731142591958,5.0,5.0
18010,43.665120363235474,11946,5.0,5.0,5.0
18020,43.68847894668579,11946,5.0,5.0,5.0
18030,43.709699869155884,11946,5.0,5.0,5.0
18040,43.75245904922485,11946,14.0,5.0,5.0
18049,43.77271771430969,11946,14.0,5.0,5.0
18050,43.77746295928955,11946,14.0,5.0,5.0
18051,43.77937340736389,11946,21.200000000000003,5.0,5.0
18055,43.789101362228394,11946,20.854400000000005,5.0,5.0
18058,43.79415488243103,11946,23.346816000000004,5.0,5.0
18060,43.796722173690796,11946,18.677452800000005,5.0,5.0
18062,43.80006265640259,11946,24.941962240000002,5.0,5.0
18069,43.81761360168457,11946,18.172982186803203,5.0,5.0
18070,43.81932711601257,11946,14.538385749442563,5.0,5.0
18072,43.822792768478394,11946,21.63070859955405,5.0,5.0
18075,43.82769846916199,11946,23.843653503714595,5.0,5.0
18078,43.83895468711853,11946,29.074922802971678,5.0,5.0
18079,43.840930223464966,11946,33.259938242377345,5.0,5.0
18080,43.842557191848755,11946,26.607950593901876,5.0,5.0
18082,43.84597706794739,11946,27.029088380097203,5.0,5.0
18083,43.847769021987915,11946,31.623270704077765,5.0,5.0
18086,43.85565114021301,11946,30.238893250609774,5.0,5.0
18089,43.860625982284546,11946,25.482313344312207,5.0,5.0
18090,43.86544704437256,11946,25.482313344312207,5.0,5.0
18091,43.86742925643921,11946,30.385850675449767,5.0,5.0
18093,43.870802879333496,11946,29.446944432287854,5.0,5.0
18094,43.87256360054016,11946,33.55755554583028,5.0,5.0
18099,43.880850076675415,11946,23.745174751572087,5.0,5.0
18100,43.882513761520386,11946,18.99613980125767,5.0,5.0
18103,43.898014307022095,11946,22.15752947280491,5.0,5.0
18109,43.91728758811951,11946,21.344655090076117,5.0,5.0
18110,43.91890811920166,11946,17.075724072060893,5.0,5.0
18117,43.94079041481018,11946,16.99421657991614,5.0,5.0
18120,43.951494455337524,11946,13.595373263932913,5.0,5.0
18125,43.96570563316345,11946,16.960831111133654,5.0,5.0
18130,43.9730007648468,11946,10.85493191112554,5.0,5.0
18135,43.983407497406006,11946,16.947156423120347,5.0,5.0
18138,43.99414873123169,11946,16.947156423120347,5.0,14.0
18140,44.0002818107605,11946,16.947156423120347,5.0,11.200000000000001
18150,44.02904748916626,11946,13.557725138496279,5.0,5.0
18152,44.031874656677246,11946,20.84618011079702,5.0,5.0
18155,44.03655672073364,11946,26.67694408863762,5.0,5.0
18156,44.03841161727905,11946,31.341555270910096,5.0,5.0
18158,44.04690384864807,11946,35.07324421672808,5.0,5.0
18160,44.050930976867676,11946,22.446876298705973,5.0,5.0
18165,44.06476140022278,11946,21.492800664937462,5.0,5.0
18167,44.06821608543396,11946,23.755392425559975,5.0,5.0
18170,44.07255506515503,11946,12.16276092188671,5.0,5.0
18172,44.076042890548706,11946,17.784166990007495,5.0,5.0
18180,44.0910530090332,11946,7.284394799107073,5.0,5.0
18190,44.11554431915283,11946,5.0,5.0,5.0
18200,44.143280029296875,11946,5.0,5.0,5.0
18210,44.17272233963013,11946,5.0,5.0,5.0
18215,44.19138169288635,11946,14.0,5.0,5.0
18220,44.207576751708984,11946,7.168000000000001,5.0,5.0
18230,44.22670912742615,11946,5.0,5.0,5.0
18238,44.24512505531311,11946,14.0,5.0,5.0
18240,44.248635053634644,11946,8.96,5.0,5.0
18242,44.25199007987976,11946,17.168,5.0,5.0
18250,44.26407289505005,11946,5.625610240000001,5.0,5.0
18258,44.282583475112915,11946,14.500488192000002,5.0,5.0
18260,44.28861045837402,11946,14.500488192000002,5.0,5.0
18270,44.319807291030884,11946,9.280312442880001,5.0,5.0
18273,44.331650495529175,11946,17.424249954304003,5.0,5.0
18280,44.35314345359802,11946,11.151519970754563,5.0,5.0
18281,44.35509705543518,11946,18.92121597660365,5.0,5.0
18289,44.37679648399353,11946,22.10957822502634,5.0,5.0
18290,44.38104176521301,11946,22.10957822502634,5.0,5.0
18292,44.38499665260315,11946,24.150130064016857,5.0,5.0
18298,44.39777421951294,11946,19.89189327422131,5.0,5.0
18300,44.40127468109131,11946,12.73081169550164,5.0,5.0
18310,44.438236951828,11946,8.14771948512105,5.0,5.0
18312,44.4450945854187,11946,16.518175588096838,5.0,5.0
18316,44.454132318496704,11946,23.214540470477473,5.0,5.0
18319,44.459500551223755,11946,21.88584472088447,5.0,5.0
18320,44.464067697525024,11946,21.88584472088447,5.0,5.0
18330,44.48091387748718,11946,5.0,5.0,5.0
18340,44.510430335998535,11946,5.0,5.0,5.0
18348,44.53231143951416,11946,14.0,5.0,5.0
18350,44.534356117248535,11946,11.200000000000001,5.0,5.0
18360,44.562833309173584,11946,5.734400000000001,5.0,5.0
18366,44.58264923095703,11946,14.0,5.0,5.0
18369,44.59522891044617,11946,21.200000000000003,5.0,5.0
18370,44.600208044052124,11946,21.200000000000003,5.0,5.0
18371,44.606268644332886,11946,26.960000000000004,5.0,5.0
18374,44.61308455467224,11946,23.803520000000006,5.0,5.0
18376,44.616737604141235,11946,25.234252800000007,5.0,5.0
18380,44.62841534614563,11946,12.919937433600007,5.0,5.0
18383,44.63735270500183,11946,18.268759957504006,5.0,5.0
18384,44.63932275772095,11946,24.615007966003205,5.0,5.0
18388,44.64628720283508,11946,20.082307262874917,5.0,5.0
18390,44.65302133560181,11946,20.082307262874917,5.0,5.0
18391,44.65493392944336,11946,26.065845810299933,5.0,5.0
18395,44.66178297996521,11946,26.68214131859196,5.0,5.0
18396,44.66361165046692,11946,31.34571305487357,5.0,5.0
18400,44.67406868934631,11946,26.04900508409527,5.0,5.0
18407,44.68937706947327,11946,20.669672482445424,5.0,5.0
18408,44.69131278991699,11946,26.53573798595634,5.0,5.0
18410,44.694594860076904,11946,16.98287231101206,5.0,5.0
18420,44.72531032562256,11946,6.956184498590542,5.0,5.0
18427,44.74631142616272,11946,14.0,5.0,5.0
18430,44.756797552108765,11946,11.200000000000001,5.0,5.0
18431,44.75875115394592,11946,18.96,5.0,5.0
18432,44.7630341053009,11946,25.168,5.0,5.0
18434,44.76701498031616,11946,30.1344,5.0,5.0
18438,44.78074383735657,11946,25.428812800000003,5.0,5.0
18440,44.787007331848145,11946,20.343050240000004,5.0,5.0
18443,44.7955596446991,11946,23.019552153600003,5.0,5.0
18450,44.80651068687439,11946,7.543046849691651,5.0,5.0
18454,44.81985855102539,11946,14.827549983802658,5.0,5.0
18457,44.82441687583923,11946,19.4896319896337,5.0,5.0
18460,44.833523750305176,11946,22.47336447336557,5.0,5.0
18466,44.84606194496155,11946,19.20509008829054,5.0,5.0
18469,44.85116791725159,11946,22.291257656505948,5.0,5.0
18470,44.85276651382446,11946,17.833006125204758,5.0,5.0
18480,44.88564348220825,11946,5.843519447107096,5.0,5.0
18481,44.887755155563354,11946,14.674815557685676,5.0,5.0
18484,44.895787715911865,11946,19.391881956918834,5.0,5.0
18485,44.89762783050537,11946,25.51350556553507,5.0,5.0
18490,44.90884017944336,11946,16.328643561942446,5.0,5.0
18491,44.91089081764221,11946,23.062914849553955,5.0,5.0
18500,44.93718361854553,11946,9.446569922377302,5.0,5.0
18504,44.94465398788452,11946,16.045804750321473,5.0,5.0
18509,44.959214210510254,11946,20.269315040205743,5.0,5.0
18510,44.964616537094116,11946,20.269315040205743,5.0,5.0
18516,44.97926187515259,11946,16.64184915237462,5.0,5.0
18520,44.98604965209961,11946,6.816501412812646,5.0,5.0
18530,45.01994705200195,11946,14.0,5.0,5.0
18532,45.02342224121094,11946,21.200000000000003,5.0,5.0
18537,45.03697633743286,11946,20.854400000000005,5.0,5.0
18540,45.04336142539978,11946,13.346816000000004,5.0,5.0
18547,45.067888498306274,11946,16.833569792000002,5.0,5.0
18550,45.07665705680847,11946,13.466855833600002,5.0,5.0
18551,45.07867956161499,11946,20.77348466688,5.0,5.0
18552,45.080785512924194,11946,26.618787733504004,5.0,5.0
18555,45.086023807525635,11946,27.036024149442564,5.0,5.0
18560,45.094818353652954,11946,11.073955491611677,5.0,5.0
18565,45.107341289520264,11946,17.087331514631472,5.0,5.0
18570,45.119572162628174,11946,10.935892169364145,5.0,5.0
18575,45.141889810562134,11946,15.599176790714443,5.0,5.0
18578,45.14779329299927,11946,17.986778516845796,5.0,5.0
18580,45.15123772621155,11946,11.51153825078131,5.0,5.0
18590,45.17171120643616,11946,5.893907584400032,5.0,5.0
18600,45.193183183670044,11946,5.0,5.0,5.0
18601,45.195218086242676,11946,14.0,5.0,5.0
18607,45.21050143241882,11946,18.96,5.0,5.0
18610,45.21542954444885,11946,9.707520000000002,5.0,5.0
18615,45.22696113586426,11946,16.212812800000002,5.0,5.0
18616,45.228649616241455,11946,16.212812800000002,5.0,14.0
18620,45.24243760108948,11946,12.970250240000002,5.0,11.200000000000001
18630,45.271265506744385,11946,6.640768122880002,5.0,5.734400000000001
18640,45.290191888809204,11946,14.0,5.0,5.0
18642,45.2929527759552,11946,21.200000000000003,5.0,5.0
18645,45.29797887802124,11946,23.568000000000005,5.0,5.0
18649,45.30724382400513,11946,25.083520000000007,5.0,5.0
18650,45.30887222290039,11946,20.066816000000006,5.0,5.0
18656,45.322720766067505,11946,18.219367833600003,5.0,5.0
18657,45.32462120056152,11946,24.575494266880003,5.0,5.0
18660,45.32967495918274,11946,22.582653064642564,5.0,5.0
18666,45.34193015098572,11946,21.562318369096992,5.0,5.0
18670,45.35148525238037,11946,13.799883756222076,5.0,5.0
18674,45.3615288734436,11946,17.065540483185703,5.0,5.0
18680,45.37310981750488,11946,8.73755672739108,5.0,5.0
18685,45.38031005859375,11946,14.473629044424234,5.0,5.0
18688,45.38552403450012,11946,19.26312258843151,5.0,5.0
18690,45.388813972473145,11946,25.41049807074521,5.0,5.0
18693,45.393951416015625,11946,23.010175012221552,5.0,5.0
18700,45.40842342376709,11946,6.031979318403808,5.0,5.0
18707,45.429017305374146,11946,14.0,5.0,5.0
18710,45.433804512023926,11946,8.96,5.0,5.0
18714,45.44673275947571,11946,15.7344,5.0,5.0
18720,45.46279573440552,11946,20.070016000000003,5.0,5.0
18722,45.46971797943115,11946,26.0560128,5.0,5.0
18730,45.48849034309387,11946,8.538034274304001,5.0,5.0
18733,45.493526220321655,11946,15.464341935554561,5.0,5.0
18740,45.51671385765076,11946,9.89717883875492,5.0,5.0
18742,45.52010655403137,11946,17.917743071003937,5.0,5.0
18748,45.541935205459595,11946,24.33419445680315,5.0,5.0
18750,45.545236349105835,11946,15.573884452354017,5.0,5.0
18756,45.55881667137146,11946,17.973828839605257,5.0,5.0
18758,45.56579041481018,11946,24.379063071684207,5.0,5.0
18760,45.56911611557007,11946,15.602600365877894,5.0,5.0
18762,45.57278299331665,11946,19.985664234161852,5.0,5.0
18765,45.581541776657104,11946,22.790825109863587,5.0,5.0
18770,45.58955383300781,11946,9.335121965000127,5.0,5.0
18771,45.591482639312744,11946,17.4680975720001,5.0,5.0
18777,45.60330772399902,11946,18.943665956864052,5.0,5.0
18779,45.60628914833069,11946,22.123946212392994,5.0,5.0
18780,45.61168575286865,11946,22.123946212392994,5.0,5.0
18781,45.61367058753967,11946,27.699156969914394,5.0,5.0
18784,45.62207293510437,11946,27.727460460745217,5.0,5.0
18785,45.62391519546509,11946,32.18196836859617,5.0,5.0
18786,45.62566089630127,11946,35.745574694876936,5.0,5.0
18790,45.63169765472412,11946,14.641387395021594,5.0,5.0
18800,45.660502910614014,11946,5.997112277000847,5.0,5.0
18810,45.69464826583862,11946,5.0,5.0,5.0
18817,45.714136362075806,11946,14.0,5.0,5.0
18820,45.72515058517456,11946,11.200000000000001,5.0,5.0
18830,45.753084897994995,11946,7.168000000000001,5.0,5.0
18840,45.77029275894165,11946,5.0,5.0,5.0
18844,45.77707839012146,11946,14.0,5.0,5.0
18845,45.778974771499634,11946,21.200000000000003,5.0,5.0
18850,45.79759955406189,11946,8.683520000000005,5.0,5.0
18854,45.807536125183105,11946,15.557452800000004,5.0,5.0
18859,45.82244610786438,11946,17.9654158336,5.0,5.0
18860,45.824100971221924,11946,14.372332666880002,5.0,5.0
18866,45.84036636352539,11946,17.358634325442562,5.0,5.0
18870,45.849207401275635,11946,8.887620774626594,5.0,5.0
18880,45.87535381317139,11946,5.0,5.0,5.0
18890,45.900861740112305,11946,5.0,5.0,5.0
18897,45.93346691131592,11946,14.0,5.0,5.0
18899,45.93768930435181,11946,21.200000000000003,5.0,5.0
18900,45.94275164604187,11946,21.200000000000003,5.0,5.0
18904,45.94963812828064,11946,23.568000000000005,5.0,5.0
18907,45.959503412246704,11946,25.083520000000007,5.0,5.0
18908,45.961546659469604,11946,30.066816000000006,5.0,5.0
18910,45.965004205703735,11946,19.242762240000005,5.0,5.0
18911,45.96701121330261,11946,25.394209792000005,5.0,5.0
18914,45.972294330596924,11946,23.001835413504004,5.0,5.0
18917,45.9817259311676,11946,24.721174664642565,5.0,5.0
18920,45.98709797859192,11946,22.65724142829699,5.0,5.0
18925,45.99965143203735,11946,19.28040608903045,5.0,5.0
18929,46.01010704040527,11946,25.42432487122436,5.0,5.0
18930,46.011573791503906,11946,25.42432487122436,5.0,5.0
18940,46.039429664611816,11946,6.664834219042241,5.0,5.0
18950,46.06342840194702,11946,5.0,5.0,5.0
18956,46.08478879928589,11946,14.0,5.0,5.0
18960,46.103442668914795,11946,8.96,5.0,5.0
18970,46.138771295547485,11946,5.734400000000001,5.0,5.0
18980,46.17364716529846,11946,5.0,5.0,5.0
18990,46.20773935317993,11946,14.0,5.0,5.0
18991,46.209702253341675,11946,21.200000000000003,5.0,5.0
18999,46.22652864456177,11946,15.557452800000004,5.0,5.0
19000,46.228426456451416,11946,22.445962240000004,5.0,5.0
19010,46.262306213378906,11946,11.492332666880003,5.0,5.0
19011,46.264187812805176,11946,19.193866133504002,5.0,5.0
19017,46.27721285820007,11946,17.86180756828324,5.0,5.0
19020,46.28147077560425,11946,11.431556843701275,5.0,5.0
19027,46.29896521568298,11946,14.0,5.0,5.0
19030,46.303422927856445,11946,8.96,5.0,5.0
19032,46.30701923370361,11946,17.168,5.0,5.0
19040,46.322208642959595,11946,7.032012800000001,5.0,5.0
19050,46.35065245628357,11946,5.0,5.0,5.0
19060,46.38547468185425,11946,5.0,5.0,5.0
19066,46.39751076698303,11946,14.0,5.0,5.0
19070,46.40428686141968,11946,18.96,5.0,5.0
19080,46.43522596359253,11946,7.766016000000002,5.0,5.0
19084,46.44532537460327,11946,14.970250240000002,5.0,5.0
19090,46.464147329330444,11946,19.580960153600003,5.0,5.0
19094,46.47742223739624,11946,22.531814498304,5.0,5.0
19095,46.479252338409424,11946,28.0254515986432,5.0,5.0
19100,46.490010499954224,11946,14.34903121850532,5.0,5.0
19103,46.49553823471069,11946,17.346703983874725,5.0,5.0
19110,46.509472370147705,11946,8.881512439743862,5.0,5.0
19111,46.511412143707275,11946,17.10520995179509,5.0,5.0
19117,46.521368741989136,11946,17.00629399625527,5.0,5.0
19118,46.5231659412384,11946,23.605035197004216,5.0,5.0
19120,46.52636456489563,11946,18.884028157603375,5.0,5.0
19130,46.544312953948975,11946,5.0,5.0,5.0
19139,46.56962251663208,11946,14.0,5.0,5.0
19140,46.57125401496887,11946,11.200000000000001,5.0,5.0
19143,46.583165645599365,11946,18.96,5.0,5.0
19146,46.58950424194336,11946,25.168,5.0,5.0
19150,46.5996527671814,11946,16.10752,5.0,5.0
19158,46.619640588760376,11946,16.597640192,5.0,5.0
19160,46.62264013290405,11946,20.62248972288,5.0,5.0
19161,46.624443769454956,11946,26.497991778304,5.0,5.0
19163,46.62790632247925,11946,26.958714738114562,5.0,5.0
19167,46.637473821640015,11946,27.25357743239332,5.0,5.0
19170,46.64191389083862,11946,17.442289556731726,5.0,5.0
19175,46.6558997631073,11946,21.163065316308305,5.0,5.0
19180,46.66974639892578,11946,13.544361802437317,5.0,5.0
19182,46.67313575744629,11946,20.835489441949854,5.0,5.0
19190,46.68503665924072,11946,8.53421647542266,5.0,5.0
19200,46.715571641922,11946,5.461898544270503,5.0,5.0
19206,46.73139429092407,11946,14.0,5.0,5.0
19208,46.73865246772766,11946,21.200000000000003,5.0,5.0
19209,46.740681171417236,11946,26.960000000000004,5.0,5.0
19210,46.746824741363525,11946,26.960000000000004,5.0,5.0
19211,46.74893403053284,11946,31.568000000000005,5.0,5.0
19220,46.78200125694275,11946,16.162816000000003,5.0,5.0
19226,46.80396914482117,11946,22.930252800000005,5.0,5.0
19230,46.81004810333252,11946,11.740289433600005,5.0,5.0
19232,46.816604137420654,11946,19.392231546880005,5.0,5.0
19235,46.82205414772034,11946,19.928822552002565,5.0,5.0
19236,46.82397699356079,11946,25.94305804160205,5.0,5.0
19238,46.82759356498718,11946,26.603557146625317,5.0,5.0
19240,46.83085823059082,11946,17.026276573840203,5.0,5.0
19241,46.83291792869568,11946,23.621021259072165,5.0,5.0
19244,46.83803844451904,11946,28.896817007257734,5.0,5.0
19245,46.83988118171692,11946,33.11745360580619,5.0,5.0
19247,46.84333848953247,11946,31.195170307715966,5.0,5.0
19250,46.848352909088135,11946,15.971927197550578,5.0,5.0
19255,46.857024908065796,11946,18.1776267251459,5.0,5.0
19260,46.86421823501587,11946,7.445555906619761,5.0,5.0
19264,46.8741340637207,11946,14.765155780236647,5.0,5.0
19270,46.89321041107178,11946,7.559759759481164,5.0,5.0
19273,46.89709496498108,11946,16.04780780758493,5.0,5.0
19277,46.90253186225891,11946,20.27059699685436,5.0,5.0
19280,46.90740346908569,11946,26.216477597483486,5.0,5.0
19289,46.92536735534668,11946,16.872492303314715,5.0,5.0
19290,46.9270544052124,11946,13.497993842651773,5.0,5.0
19294,46.937076568603516,11946,16.91097284743771,5.0,5.0
19296,46.94055986404419,11946,20.823022622360135,5.0,5.0
19297,46.94242787361145,11946,26.65841809788811,5.0,5.0
19298,46.945061445236206,11946,31.326734478310488,5.0,5.0
19300,46.94859480857849,11946,20.049110066118715,5.0,5.0
19310,46.97059607505798,11946,6.569692386465782,5.0,5.0
19315,46.98628568649292,11946,14.2046031273381,5.0,5.0
19320,47.00100803375244,11946,19.090946001496384,5.0,5.0
19330,47.0316104888916,11946,7.819651482212921,5.0,5.0
19340,47.06197714805603,11946,5.0,5.0,5.0
19341,47.06395173072815,11946,14.0,5.0,5.0
19348,47.08119225502014,11946,17.168,5.0,5.0
19349,47.083162784576416,11946,23.7344,5.0,5.0
19350,47.08468198776245,11946,23.7344,5.0,5.0
19351,47.08656644821167,11946,28.98752,5.0,5.0
19352,47.08838415145874,11946,33.190016,5.0,5.0
19356,47.095168352127075,11946,23.594630553600002,5.0,5.0
19360,47.102075815200806,11946,12.080450843443202,5.0,5.0
19367,47.12394046783447,11946,16.18519083184292,5.0,5.0
19368,47.12577986717224,11946,22.94815266547434,5.0,5.0
19370,47.12923192977905,11946,24.68681770590358,5.0,5.0
19380,47.158910512924194,11946,6.47150114069639,5.0,5.0
19390,47.19011211395264,11946,5.0,5.0,5.0
19393,47.19814848899841,11946,14.0,5.0,5.0
19396,47.20593285560608,11946,21.200000000000003,5.0,5.0
19400,47.21224784851074,11946,13.568000000000005,5.0,5.0
19405,47.23261523246765,11946,20.854400000000005,5.0,5.0
19410,47.24589943885803,11946,10.677452800000005,5.0,5.0
19415,47.254252195358276,11946,14.373484666880003,5.0,5.0
19420,47.26528191566467,11946,7.3592241494425625,5.0,5.0
19421,47.2674605846405,11946,15.88737931955405,5.0,5.0
19430,47.2872200012207,11946,5.0,5.0,5.0
19440,47.31236529350281,11946,5.0,5.0,5.0
19446,47.324461221694946,11946,14.0,5.0,5.0
19449,47.33352851867676,11946,18.96,5.0,5.0
19450,47.3374547958374,11946,18.96,5.0,5.0
19451,47.33955121040344,11946,25.168,5.0,5.0
19458,47.35773801803589,11946,22.886016,5.0,5.0
19460,47.363271713256836,11946,18.308812800000002,5.0,5.0
19463,47.36774706840515,11946,21.717640192000005,5.0,5.0
19468,47.37553334236145,11946,21.119431778304005,5.0,5.0
19470,47.37905216217041,11946,23.516436338114566,5.0,5.0
19480,47.39756917953491,11946,7.705865859273382,5.0,5.0
19482,47.40120339393616,11946,14.931754149934966,5.0,5.0
19483,47.4030327796936,11946,21.94540331994797,5.0,5.0
19485,47.40652418136597,11946,24.045058124766705,5.0,5.0
19490,47.41474962234497,11946,9.848855807904444,5.0,5.0
19498,47.43688488006592,11946,15.042614173647076,5.0,5.0
19500,47.44246315956116,11946,12.034091338917662,5.0,5.0
19510,47.464221477508545,11946,5.0,5.0,5.0
19520,47.49299097061157,11946,5.0,5.0,5.0
19522,47.49935746192932,11946,14.0,5.0,5.0
19530,47.51301336288452,11946,5.734400000000001,5.0,5.0
19540,47.53122806549072,11946,5.0,5.0,5.0
19550,47.55469799041748,11946,5.0,5.0,5.0
19551,47.55668497085571,11946,14.0,5.0,5.0
19553,47.5695641040802,11946,21.200000000000003,5.0,5.0
19554,47.57163667678833,11946,26.960000000000004,5.0,5.0
19555,47.57362985610962,11946,31.568000000000005,5.0,5.0
19560,47.58062767982483,11946,12.930252800000003,5.0,5.0
19570,47.600316286087036,11946,5.0,5.0,5.0
19573,47.608941316604614,11946,14.0,5.0,5.0
19574,47.61083173751831,11946,21.200000000000003,5.0,5.0
19580,47.62006688117981,11946,8.683520000000005,5.0,5.0
19590,47.651267528533936,11946,14.445962240000004,5.0,5.0
19595,47.66193246841431,11946,17.396332666880003,5.0,5.0
19597,47.66556525230408,11946,21.133652906803203,5.0,5.0
19600,47.67062497138977,11946,10.82043028828324,5.0,5.0
19610,47.70186114311218,11946,5.54006030760102,5.0,5.0
19620,47.727017402648926,11946,5.0,5.0,5.0
19622,47.730573415756226,11946,14.0,5.0,5.0
19630,47.751694440841675,11946,18.96,5.0,5.0
19634,47.76082420349121,11946,19.707520000000002,5.0,5.0
19640,47.77526926994324,11946,10.090250240000003,5.0,5.0
19641,47.77708125114441,11946,18.072200192000004,5.0,5.0
19642,47.77880883216858,11946,24.457760153600006,5.0,5.0
19643,47.78065252304077,11946,29.566208122880006,5.0,5.0
19645,47.78421497344971,11946,28.922373198643207,5.0,5.0
19650,47.79163432121277,11946,14.808255077705324,5.0,5.0
19654,47.80468249320984,11946,19.477283249731407,5.0,5.0
19660,47.82257270812988,11946,19.972369023862484,5.0,5.0
19664,47.83251237869263,11946,20.225852940217592,5.0,5.0
19665,47.834317445755005,11946,26.180682352174074,5.0,5.0
19666,47.83615207672119,11946,30.94454588173926,5.0,5.0
19669,47.844440937042236,11946,29.80450936431313,5.0,5.0
19670,47.84602236747742,11946,23.843607491450506,5.0,5.0
19674,47.85240602493286,11946,19.76634162849813,5.0,5.0
19680,47.86753606796265,11946,10.120366913791043,5.0,5.0
19690,47.90143799781799,11946,15.181627859861015,5.0,5.0
19691,47.90341925621033,11946,22.14530228788881,5.0,5.0
19696,47.914613008499146,11946,21.338394771399074,5.0,5.0
19698,47.918015480041504,11946,27.07071581711926,5.0,5.0
19700,47.92123866081238,11946,17.325258122956328,5.0,5.0
19710,47.94507718086243,11946,7.096425727162914,5.0,5.0
19720,47.96934747695923,11946,5.0,5.0,5.0
19730,47.994426250457764,11946,5.0,5.0,5.0
19731,47.99631333351135,11946,14.0,5.0,5.0
19735,48.00675964355469,11946,17.168,5.0,5.0
19740,48.02960753440857,11946,8.790016000000001,5.0,5.0
19750,48.066059827804565,11946,5.625610240000001,5.0,5.0
19759,48.08493375778198,11946,14.0,5.0,5.0
19760,48.08645963668823,11946,14.0,5.0,5.0
19763,48.094576358795166,11946,21.200000000000003,5.0,5.0
19766,48.10026812553406,11946,20.854400000000005,5.0,5.0
19770,48.11132311820984,11946,10.677452800000005,5.0,5.0
19780,48.15068435668945,11946,10.677452800000005,5.0,5.0
19783,48.15930914878845,11946,16.833569792000002,5.0,5.0
19784,48.16118860244751,11946,23.4668558336,5.0,5.0
19790,48.173473834991455,11946,12.015030186803202,5.0,5.0
19796,48.18948459625244,11946,17.689619319554048,5.0,5.0
19797,48.19138550758362,11946,24.15169545564324,5.0,5.0
19800,48.195826053619385,11946,15.457085091611674,5.0,5.0
19810,48.21607160568237,11946,6.331222053524144,5.0,5.0
19820,48.25487542152405,11946,5.064977642819315,5.0,5.0
19829,48.28299045562744,11946,14.0,5.0,5.0
19830,48.284605503082275,11946,11.200000000000001,5.0,5.0
19832,48.288254737854004,11946,17.168,5.0,5.0
19840,48.30601215362549,11946,7.032012800000001,5.0,5.0
19850,48.33124780654907,11946,5.0,5.0,5.0
19852,48.33768105506897,11946,14.0,5.0,5.0
19857,48.34919714927673,11946,15.7344,5.0,5.0
19860,48.35659575462341,11946,15.7344,5.0,5.0
19863,48.36120295524597,11946,22.58752,5.0,5.0
19866,48.3657660484314,11946,21.564810240000003,5.0,5.0
19870,48.37211060523987,11946,11.041182842880005,5.0,5.0
19872,48.37886595726013,11946,18.832946274304007,5.0,5.0
19879,48.39310550689697,11946,16.17117983516394,5.0,5.0
19880,48.394675493240356,11946,12.936943868131152,5.0,5.0
19882,48.39805245399475,11946,20.34955509450492,5.0,5.0
19888,48.414068937301636,11946,18.335177766709215,5.0,5.0
19890,48.41729688644409,11946,11.7345137706939,5.0,5.0
19898,48.43997120857239,11946,17.510088813244096,5.0,5.0
19900,48.443536043167114,11946,21.20645684047622,5.0,5.0
19905,48.45793890953064,11946,23.572132377904783,5.0,5.0
19910,48.46609020233154,11946,9.6551454219898,5.0,5.0
19920,48.49070978164673,11946,5.0,5.0,5.0
19930,48.52452611923218,11946,5.0,5.0,5.0
19931,48.52641296386719,11946,14.0,5.0,5.0
19940,48.55528497695923,11946,7.168000000000001,5.0,5.0
19945,48.57296323776245,11946,15.7344,5.0,5.0
19949,48.58226275444031,11946,18.056012800000005,5.0,5.0
19950,48.58754539489746,11946,18.056012800000005,5.0,5.0
19960,48.61393761634827,11946,9.244678553600004,5.0,5.0
19962,48.620994329452515,11946,17.395742842880004,5.0,5.0
19970,48.64199924468994,11946,5.70023701475492,5.0,5.0
19974,48.65216898918152,11946,14.560189611803937,5.0,5.0
19977,48.65755224227905,11946,17.45481708124362,5.0,5.0
19980,48.662532567977905,11946,11.171082931995917,5.0,5.0
19990,48.693581104278564,11946,5.0,5.0,5.0
20000,48.71908402442932,11946,5.0,5.0,5.0
20010,48.74582004547119,11946,5.0,5.0,5.0
20020,48.760932207107544,11946,5.0,5.0,5.0
20022,48.7645845413208,11946,14.0,5.0,5.0
20029,48.7939395904541,11946,15.7344,5.0,5.0
20030,48.79580998420715,11946,12.587520000000001,5.0,5.0
20040,48.81379675865173,11946,6.4448102400000025,5.0,5.0
20050,48.87361001968384,11946,5.0,5.0,5.0
20051,48.878316164016724,11946,14.0,5.0,5.0
20054,48.88947534561157,11946,18.96,5.0,5.0
20056,48.89260220527649,11946,25.168,5.0,5.0
20060,48.903714656829834,11946,16.10752,5.0,5.0
20061,48.90596342086792,11946,22.886016,5.0,5.0
20064,48.910133600234985,11946,24.647050240000002,5.0,5.0
20067,48.91506886482239,11946,22.619289722880005,5.0,5.0
20070,48.91935205459595,11946,18.095431778304004,5.0,5.0
20080,48.94914674758911,11946,7.411888856393322,5.0,5.0
20087,48.97282099723816,11946,14.0,5.0,5.0
20090,48.9823215007782,11946,11.200000000000001,5.0,5.0
20093,48.99645686149597,11946,15.7344,5.0,5.0
20100,49.01421022415161,11946,6.4448102400000025,5.0,5.0
20110,49.03895950317383,11946,5.0,5.0,5.0
20120,49.067198753356934,11946,5.0,5.0,5.0
20130,49.09285235404968,11946,5.0,5.0,5.0
20140,49.12673830986023,11946,5.0,5.0,5.0
20149,49.154943227767944,11946,14.0,5.0,5.0
20150,49.1567747592926,11946,21.200000000000003,5.0,5.0
20152,49.160502433776855,11946,23.568000000000005,5.0,5.0
20155,49.168838024139404,11946,25.083520000000007,5.0,5.0
20160,49.1898398399353,11946,20.066816000000006,5.0,5.0
20162,49.196505546569824,11946,26.053452800000006,5.0,5.0
20170,49.20762395858765,11946,8.537195413504005,5.0,5.0
20171,49.20958375930786,11946,16.829756330803203,5.0,5.0
20180,49.22861981391907,11946,18.61683524137124,5.0,5.0
20182,49.23202466964722,11946,24.893468193096993,5.0,5.0
20183,49.23377180099487,11946,29.914774554477596,5.0,5.0
20185,49.23733925819397,11946,29.145455714865662,5.0,5.0
20189,49.247599601745605,11946,28.653091657514025,5.0,5.0
20190,49.249080181121826,11946,28.653091657514025,5.0,5.0
20191,49.25105857849121,11946,32.92247332601122,5.0,5.0
20199,49.2670361995697,11946,18.63042884757389,5.0,5.0
20200,49.27148389816284,11946,18.63042884757389,5.0,5.0
20201,49.27342486381531,11946,24.904343078059114,5.0,5.0
20209,49.29177665710449,11946,18.160655139818413,5.0,5.0
20210,49.293678522109985,11946,14.52852411185473,5.0,5.0
20211,49.29559779167175,11946,21.622819289483786,5.0,5.0
20212,49.297393560409546,11946,27.29825543158703,5.0,5.0
20220,49.31286573410034,11946,8.945092339822441,5.0,5.0
20230,49.34635281562805,11946,5.7248590974863625,5.0,5.0
20231,49.34828758239746,11946,14.57988727798909,5.0,5.0
20240,49.368027448654175,11946,7.464902286330416,5.0,5.0
20250,49.39779996871948,11946,5.0,5.0,5.0
20260,49.43075752258301,11946,5.0,5.0,5.0
20262,49.434117794036865,11946,14.0,5.0,5.0
20266,49.444058656692505,11946,17.168,5.0,5.0
20270,49.449291706085205,11946,23.7344,5.0,5.0
20276,49.464179039001465,11946,28.98752,5.0,5.0
20280,49.471094846725464,11946,24.84161024,5.0,5.0
20290,49.48991346359253,11946,18.140098843443205,5.0,5.0
20300,49.51203513145447,11946,5.0,5.0,5.0
20310,49.540262937545776,11946,5.0,5.0,5.0
20320,49.572603940963745,11946,5.0,5.0,5.0
20324,49.587050437927246,11946,14.0,5.0,5.0
20328,49.593801498413086,11946,18.96,5.0,5.0
20329,49.595664501190186,11946,25.168,5.0,5.0
20330,49.597294330596924,11946,20.1344,5.0,5.0
20331,49.59938287734985,11946,26.10752,5.0,5.0
20332,49.60131096839905,11946,30.886016,5.0,5.0
20333,49.603092670440674,11946,34.708812800000004,5.0,5.0
20334,49.6049747467041,11946,37.76705024,5.0,5.0
20340,49.617072105407715,11946,15.469383778304005,5.0,5.0
20344,49.626458168029785,11946,17.920324494491652,5.0,5.0
20350,49.64315867424011,11946,11.469007676474659,5.0,5.0
20358,49.6692419052124,11946,15.872131930355025,5.0,5.0
20360,49.675472021102905,11946,12.69770554428402,5.0,5.0
20361,49.677393674850464,11946,20.158164435427217,5.0,5.0
20363,49.68018436431885,11946,26.126531548341774,5.0,5.0
20366,49.692975997924805,11946,30.90122523867342,5.0,5.0
20370,49.70730781555176,11946,19.77678415275099,5.0,5.0
20373,49.716474533081055,11946,22.657141857760635,5.0,5.0
20374,49.71836757659912,11946,28.125713486208507,5.0,5.0
20380,49.73214793205261,11946,28.000456631173446,5.0,5.0
20389,49.76053285598755,11946,19.175189628902917,5.0,5.0
20390,49.76204204559326,11946,19.175189628902917,5.0,5.0
20398,49.778226375579834,11946,17.854157671998635,5.0,5.0
20400,49.784613370895386,11946,14.283326137598909,5.0,5.0
20402,49.78770112991333,11946,19.141328728063304,5.0,5.0
20410,49.80968523025513,11946,7.840288247014731,5.0,5.0
20412,49.81333541870117,11946,15.017784478089428,5.0,5.0
20418,49.82880353927612,11946,17.689105652781787,5.0,5.0
20420,49.832035064697266,11946,14.151284522225431,5.0,5.0
20430,49.85789942741394,11946,5.0,5.0,5.0
20437,49.87794756889343,11946,14.0,5.0,5.0
20439,49.88137626647949,11946,21.200000000000003,5.0,5.0
20440,49.882994174957275,11946,16.960000000000004,5.0,5.0
20441,49.885117292404175,11946,23.568000000000005,5.0,5.0
20446,49.895248889923096,11946,25.083520000000007,5.0,5.0
20447,49.89721131324768,11946,30.066816000000006,5.0,5.0
20450,49.905149936676025,11946,29.242762240000005,5.0,5.0
20451,49.90717101097107,11946,33.394209792000005,5.0,5.0
20453,49.9107186794281,11946,31.372294266880004,5.0,5.0
20455,49.91426110267639,11946,30.078268330803205,5.0,5.0
20456,49.91619634628296,11946,34.06261466464257,5.0,5.0
20457,49.918097257614136,11946,37.25009173171405,5.0,5.0
20460,49.92900252342224,11946,23.840058708296993,5.0,5.0
20465,49.940502643585205,11946,17.81191043753476,5.0,5.0
20470,49.95824456214905,11946,11.399622680022247,5.0,5.0
20471,49.96033692359924,11946,19.119698144017796,5.0,5.0
20473,49.9638888835907,11946,22.23660681217139,5.0,5.0
20476,49.96905064582825,11946,24.231428359789692,5.0,5.0
20480,49.98524284362793,11946,25.508114150265406,5.0,5.0
20490,50.015462160110474,11946,8.35849884475897,5.0,5.0
20500,50.0464084148407,11946,5.0,5.0,5.0
20510,50.07888746261597,11946,14.0,5.0,5.0
20516,50.08853363990784,11946,17.168,5.0,5.0
20520,50.0975923538208,11946,8.790016000000001,5.0,5.0
20525,50.10943055152893,11946,14.500488192000002,5.0,5.0
20530,50.12165307998657,11946,9.280312442880001,5.0,5.0
20538,50.13847827911377,11946,14.0,5.0,5.0
20540,50.14225172996521,11946,18.96,5.0,5.0
20542,50.14607262611389,11946,22.1344,5.0,5.0
20550,50.16263818740845,11946,5.802400153600001,5.0,5.0
20560,50.19375920295715,11946,5.0,5.0,5.0
20561,50.19568157196045,11946,14.0,5.0,5.0
20570,50.22048091888428,11946,5.734400000000001,5.0,5.0
20571,50.22236895561218,11946,14.587520000000001,5.0,5.0
20577,50.23505640029907,11946,15.975048192000003,5.0,5.0
20578,50.23681378364563,11946,22.7800385536,5.0,5.0
20579,50.23864030838013,11946,28.22403084288,5.0,5.0
20580,50.2404248714447,11946,22.579224674304,5.0,5.0
20581,50.24254584312439,11946,28.063379739443203,5.0,5.0
20588,50.256367921829224,11946,19.195808273020752,5.0,5.0
20590,50.25946259498596,11946,15.356646618416603,5.0,5.0
20591,50.26138424873352,11946,22.285317294733282,5.0,5.0
20594,50.266040563583374,11946,21.410082454903442,5.0,5.0
20595,50.26785659790039,11946,27.128065963922754,5.0,5.0
20600,50.27545094490051,11946,17.361962216910566,5.0,5.0
20604,50.28230047225952,11946,18.88932465505821,5.0,5.0
20608,50.295236110687256,11946,22.089167779237258,5.0,5.0
20610,50.30136728286743,11946,17.671334223389806,5.0,5.0
20620,50.3204460144043,11946,5.0,5.0,5.0
20622,50.323891401290894,11946,14.0,5.0,5.0
20624,50.3272910118103,11946,21.200000000000003,5.0,5.0
20625,50.329153060913086,11946,26.960000000000004,5.0,5.0
20630,50.336830139160156,11946,11.042816000000004,5.0,5.0
20639,50.36023569107056,11946,14.0,5.0,5.0
20640,50.36178684234619,11946,11.200000000000001,5.0,5.0
20650,50.382808685302734,11946,5.0,5.0,5.0
20660,50.4028639793396,11946,14.0,5.0,5.0
20670,50.4405460357666,11946,7.168000000000001,5.0,5.0
20673,50.44578266143799,11946,14.0,5.0,5.0
20679,50.46068024635315,11946,18.96,5.0,5.0
20680,50.462138414382935,11946,18.96,5.0,5.0
20683,50.47096085548401,11946,22.1344,5.0,5.0
20690,50.48513436317444,11946,9.06625024,5.0,5.0
20692,50.49150991439819,11946,17.253000192000002,5.0,5.0
20698,50.501312494277954,11946,18.833536098304002,5.0,5.0
20700,50.50449538230896,11946,15.066828878643202,5.0,5.0
20701,50.506296157836914,11946,22.053463102914563,5.0,5.0
20710,50.532660484313965,11946,11.291373108692259,5.0,5.0
20720,50.557119846343994,11946,5.0,5.0,5.0
20730,50.58104109764099,11946,5.0,5.0,5.0
20740,50.618483543395996,11946,14.0,5.0,5.0
20750,50.649010181427,11946,7.168000000000001,5.0,5.0
20757,50.672499895095825,11946,14.587520000000001,5.0,5.0
20760,50.68176555633545,11946,11.670016000000002,5.0,5.0
20767,50.707850217819214,11946,14.0,5.0,5.0
20770,50.71780037879944,11946,11.200000000000001,5.0,5.0
20780,50.74554967880249,11946,5.734400000000001,5.0,5.0
20787,50.76209807395935,11946,14.0,5.0,5.0
20790,50.77356147766113,11946,8.96,5.0,5.0
20794,50.780256509780884,11946,15.7344,5.0,5.0
20800,50.79497575759888,11946,12.587520000000001,5.0,5.0
20804,50.80466318130493,11946,18.056012800000005,5.0,5.0
20810,50.814244747161865,11946,7.395742842880003,5.0,5.0
20820,50.84538006782532,11946,5.916594274304003,5.0,5.0
20830,50.86784362792969,11946,14.0,5.0,5.0
20840,50.898841857910156,11946,5.734400000000001,5.0,5.0
20843,50.90729284286499,11946,14.0,5.0,5.0
20846,50.911853313446045,11946,18.96,5.0,5.0
20849,50.916608810424805,11946,19.707520000000002,5.0,5.0
20850,50.91846823692322,11946,25.766016,5.0,5.0
20854,50.925270557403564,11946,20.553760153600003,5.0,5.0
20860,50.93776822090149,11946,10.523525198643203,5.0,5.0
20861,50.93966746330261,11946,18.418820158914563,5.0,5.0
20870,50.95977282524109,11946,6.035478989673125,5.0,5.0
20878,50.9810152053833,11946,14.0,5.0,5.0
20880,50.98432159423828,11946,8.96,5.0,5.0
20882,50.988008975982666,11946,15.7344,5.0,5.0
20885,50.99877905845642,11946,22.58752,5.0,5.0
20887,51.00231146812439,11946,24.456012800000003,5.0,5.0
20890,51.00729775428772,11946,15.651848192000003,5.0,5.0
20895,51.03218054771423,11946,20.017182842880004,5.0,5.0
20900,51.04008889198303,11946,8.199038092443653,5.0,5.0
20910,51.075342655181885,11946,5.0,5.0,5.0
20920,51.105501651763916,11946,5.0,5.0,5.0
20924,51.12292528152466,11946,14.0,5.0,5.0
20930,51.1349983215332,11946,7.168000000000001,5.0,5.0
20931,51.13691329956055,11946,15.7344,5.0,5.0
20932,51.138731956481934,11946,22.58752,5.0,5.0
20937,51.153135538101196,11946,24.456012800000003,5.0,5.0
20939,51.15664768218994,11946,29.564810240000003,5.0,5.0
20940,51.157593727111816,11946,29.564810240000003,5.0,5.0
20941,51.15947222709656,11946,33.651848192,5.0,5.0
20946,51.170788526535034,11946,27.229746274304002,5.0,5.0
20950,51.18353462219238,11946,17.427037615554564,5.0,5.0
20960,51.202855587005615,11946,17.13811460733115,5.0,5.0
20969,51.226593255996704,11946,15.615817394530273,5.0,5.0
20970,51.22822976112366,11946,12.492653915624219,5.0,5.0
20971,51.230074882507324,11946,19.994123132499375,5.0,5.0
20980,51.25371551513672,11946,6.551674268057396,5.0,5.0
20990,51.280577659606934,11946,14.193071531556734,5.0,5.0
20992,51.28403091430664,11946,19.08356578019631,5.0,5.0
21000,51.302231788635254,11946,6.253302834854728,5.0,5.0
21010,51.327006340026855,11946,5.0,5.0,5.0
21020,51.35154938697815,11946,5.0,5.0,5.0
21030,51.37454390525818,11946,5.0,5.0,5.0
21036,51.386751890182495,11946,14.0,5.0,5.0
21040,51.39806532859802,11946,8.96,5.0,5.0
21046,51.410791873931885,11946,15.7344,5.0,5.0
21047,51.412677526474,11946,22.58752,5.0,5.0
21050,51.41764688491821,11946,24.456012800000003,5.0,5.0
21058,51.43016195297241,11946,20.017182842880004,5.0,5.0
21060,51.43901872634888,11946,20.017182842880004,5.0,5.0
21070,51.46541380882263,11946,8.199038092443653,5.0,5.0
21072,51.468942403793335,11946,15.24738437916394,5.0,5.0
21075,51.476412534713745,11946,19.758326002664923,5.0,5.0
21077,51.47984457015991,11946,22.645328641705554,5.0,5.0
21078,51.4816529750824,11946,28.116262913364444,5.0,5.0
21080,51.485230445861816,11946,27.994408264553247,5.0,5.0
21089,51.50329041481018,11946,15.870852928082439,5.0,5.0
21090,51.50493931770325,11946,12.696682342465952,5.0,5.0
21093,51.50900197029114,11946,18.12587669917821,5.0,5.0
21094,51.51079225540161,11946,24.50070135934257,5.0,5.0
21100,51.525940895080566,11946,15.680448869979248,5.0,5.0
21103,51.53343868255615,11946,20.035487276786718,5.0,5.0
21110,51.54476022720337,11946,8.206535588571843,5.0,5.0
21112,51.54843187332153,11946,15.25218277668598,5.0,5.0
21116,51.561665296554565,11946,19.76139697707903,5.0,5.0
21117,51.56353259086609,11946,25.809117581663223,5.0,5.0
21119,51.56693482398987,11946,26.517835252264465,5.0,5.0
21120,51.568551540374756,11946,21.214268201811574,5.0,5.0
21123,51.57597303390503,11946,23.577131649159412,5.0,5.0
21130,51.589598655700684,11946,6.180603599037247,5.0,5.0
21133,51.597599506378174,11946,14.944482879229799,5.0,5.0
21138,51.6121563911438,11946,19.564469042707074,5.0,5.0
21140,51.615177392959595,11946,19.564469042707074,5.0,5.0
21143,51.62005019187927,11946,20.017008149866022,5.0,5.0
21147,51.629878282547,11946,22.810885215914254,5.0,5.0
21150,51.63465166091919,11946,18.248708172731405,5.0,5.0
21160,51.658576250076294,11946,5.9797366940406285,5.0,5.0
21164,51.676658391952515,11946,14.0,5.0,5.0
21170,51.699880838394165,11946,7.168000000000001,5.0,5.0
21172,51.70652723312378,11946,15.7344,5.0,5.0
21176,51.71346068382263,11946,18.056012800000005,5.0,5.0
21180,51.7186861038208,11946,11.555848192000004,5.0,5.0
21181,51.72061228752136,11946,19.244678553600004,5.0,5.0
21186,51.740079402923584,11946,22.316594274304002,5.0,5.0
21190,51.74694490432739,11946,24.28262033555456,5.0,5.0
21200,51.774564266204834,11946,9.94616128944315,5.0,5.0
21210,51.79233455657959,11946,14.0,5.0,5.0
21220,51.81460618972778,11946,5.0,5.0,5.0
21230,51.82950806617737,11946,5.0,5.0,5.0
21240,51.86007213592529,11946,5.0,5.0,5.0
21247,51.8783757686615,11946,14.0,5.0,5.0
21249,51.885497093200684,11946,21.200000000000003,5.0,5.0
21250,51.887460231781006,11946,26.960000000000004,5.0,5.0
21253,51.89248991012573,11946,27.254400000000004,5.0,5.0
21260,51.907787561416626,11946,8.930721792000003,5.0,5.0
21264,51.91440176963806,11946,14.0,5.0,5.0
21270,51.9292938709259,11946,14.587520000000001,5.0,5.0
21276,51.944053411483765,11946,14.780038553600003,5.0,5.0
21280,51.96133732795715,11946,14.780038553600003,5.0,5.0
21283,51.96690893173218,11946,17.5673797394432,5.0,5.0
21288,51.98704147338867,11946,24.05390379155456,5.0,5.0
21290,51.99046468734741,11946,15.39449842659492,5.0,5.0
21295,52.00616431236267,11946,17.8819831944166,5.0,5.0
21300,52.023329734802246,11946,14.30558655553328,5.0,5.0
21303,52.03167200088501,11946,21.444469244426624,5.0,5.0
21304,52.03372144699097,11946,27.1555753955413,5.0,5.0
21310,52.047619581222534,11946,13.903654602517149,5.0,5.0
21316,52.06120038032532,11946,17.11867115648878,5.0,5.0
21320,52.07128667831421,11946,17.11867115648878,5.0,5.0
21330,52.09544801712036,11946,7.011807705697805,5.0,5.0
21336,52.11677527427673,11946,14.0,5.0,5.0
21340,52.12893581390381,11946,11.200000000000001,5.0,5.0
21347,52.14318633079529,11946,17.168,5.0,5.0
21350,52.15126276016235,11946,17.168,5.0,5.0
21357,52.1708881855011,11946,18.790016,5.0,5.0
21360,52.176172971725464,11946,9.620488192000003,5.0,5.0
21363,52.181461811065674,11946,16.157112442880003,5.0,5.0
21370,52.1990532875061,11946,8.272441570754564,5.0,5.0
21373,52.20451068878174,11946,14.235490084226338,5.0,5.0
21379,52.2261803150177,11946,17.288570923123885,5.0,5.0
21380,52.22787570953369,11946,13.830856738499108,5.0,5.0
21381,52.2299120426178,11946,21.064685390799287,5.0,5.0
21390,52.25084161758423,11946,6.902476108857112,5.0,5.0
21397,52.274917125701904,11946,14.0,5.0,5.0
21398,52.27687120437622,11946,21.200000000000003,5.0,5.0
21400,52.28020405769348,11946,13.568000000000005,5.0,5.0
21405,52.291706800460815,11946,18.683520000000005,5.0,5.0
21410,52.29972815513611,11946,7.652769792000004,5.0,5.0
21413,52.303704261779785,11946,16.122215833600002,5.0,5.0
21420,52.31974697113037,11946,15.28292768435405,5.0,5.0
21427,52.334434270858765,11946,16.25988717951142,5.0,5.0
21430,52.34708619117737,11946,13.007909743609137,5.0,5.0
21433,52.35615587234497,11946,18.325062235909847,5.0,5.0
21436,52.36548209190369,11946,24.66004978872788,5.0,5.0
21440,52.37963390350342,11946,19.728039830982304,5.0,5.0
21443,52.38917803764343,11946,22.625945491828674,5.0,5.0
21450,52.40435171127319,11946,9.267587273453028,5.0,5.0
21451,52.406367778778076,11946,17.41406981876242,5.0,5.0
21454,52.41172218322754,11946,18.91600374720636,5.0,5.0
21455,52.413591384887695,11946,25.13280299776509,5.0,5.0
21457,52.41713190078735,11946,26.084993918569662,5.0,5.0
21458,52.41897630691528,11946,30.867995134855732,5.0,5.0
21460,52.422428131103516,11946,19.75551688630767,5.0,5.0
21462,52.42888617515564,11946,22.64353080723691,5.0,5.0
21464,52.43322515487671,11946,24.491859716631623,5.0,5.0
21465,52.43531084060669,11946,29.5934877733053,5.0,5.0
21470,52.44383525848389,11946,12.121492591945852,5.0,5.0
21480,52.474011182785034,11946,6.2062042070762775,5.0,5.0
21490,52.50411248207092,11946,5.0,5.0,5.0
21494,52.51405715942383,11946,14.0,5.0,5.0
21499,52.53269839286804,11946,15.7344,5.0,5.0
21500,52.536255836486816,11946,15.7344,5.0,5.0
21508,52.54884719848633,11946,16.444810240000002,5.0,5.0
21510,52.55210065841675,11946,13.155848192000002,5.0,5.0
21520,52.58325386047363,11946,5.0,5.0,5.0
21530,52.61040782928467,11946,5.0,5.0,5.0
21540,52.63772225379944,11946,5.0,5.0,5.0
21550,52.66241407394409,11946,5.0,5.0,5.0
21553,52.66781497001648,11946,14.0,5.0,5.0
21557,52.67877197265625,11946,17.168,5.0,5.0
21558,52.680625915527344,11946,23.7344,5.0,5.0
21560,52.68377900123596,11946,18.98752,5.0,5.0
21564,52.690682888031006,11946,19.721610240000004,5.0,5.0
21565,52.69711995124817,11946,25.777288192000004,5.0,5.0
21568,52.703433990478516,11946,23.197971554304004,5.0,5.0
21570,52.71241068840027,11946,18.558377243443203,5.0,5.0
21575,52.72043752670288,11946,19.501889148642924,5.0,5.0
21580,52.73517632484436,11946,9.984967244105178,5.0,5.0
21581,52.737311124801636,11946,17.98797379528414,5.0,5.0
21583,52.74085712432861,11946,24.390379036227316,5.0,5.0
21590,52.75186777114868,11946,12.487874066548386,5.0,5.0
21599,52.767855644226074,11946,14.092026574126576,5.0,5.0
21600,52.769492387771606,11946,11.273621259301262,5.0,5.0
21607,52.79072594642639,11946,15.772094084762248,5.0,5.0
21610,52.79951238632202,11946,12.6176752678098,5.0,5.0
21611,52.80164170265198,11946,20.09414021424784,5.0,5.0
21618,52.81841778755188,11946,18.23055983175592,5.0,5.0
21620,52.8213210105896,11946,14.584447865404735,5.0,5.0
21621,52.823405742645264,11946,21.66755829232379,5.0,5.0
21626,52.83606028556824,11946,18.87503187653583,5.0,5.0
21630,52.84645414352417,11946,9.664016320786345,5.0,5.0
21640,52.87617325782776,11946,5.0,5.0,5.0
21650,52.9036979675293,11946,5.0,5.0,5.0
21660,52.94747972488403,11946,5.0,5.0,5.0
21670,52.97868466377258,11946,5.0,5.0,5.0
21680,53.00503444671631,11946,5.0,5.0,5.0
21690,53.03124690055847,11946,5.0,5.0,5.0
21696,53.052849769592285,11946,14.0,5.0,5.0
21700,53.06399583816528,11946,11.200000000000001,5.0,5.0
21705,53.07553482055664,11946,17.168,5.0,5.0
21710,53.08686351776123,11946,13.7344,5.0,5.0
21720,53.12043523788452,11946,5.625610240000001,5.0,5.0
21730,53.15980410575867,11946,14.0,5.0,5.0
21731,53.16186332702637,11946,21.200000000000003,5.0,5.0
21733,53.16558384895325,11946,23.568000000000005,5.0,5.0
21737,53.18593907356262,11946,28.854400000000005,5.0,5.0
21740,53.195178270339966,11946,18.466816000000005,5.0,5.0
21750,53.21824383735657,11946,7.564007833600003,5.0,5.0
21756,53.24141478538513,11946,14.840965013504004,5.0,5.0
21760,53.25183176994324,11946,9.498217608642562,5.0,5.0
21770,53.280250787734985,11946,5.0,5.0,5.0
21780,53.30687856674194,11946,5.0,5.0,5.0
21790,53.33165264129639,11946,5.0,5.0,5.0
21792,53.3352267742157,11946,14.0,5.0,5.0
21793,53.3370475769043,11946,21.200000000000003,5.0,5.0
21800,53.347062826156616,11946,10.854400000000005,5.0,5.0
21810,53.372029542922974,11946,5.0,5.0,5.0
21812,53.37548494338989,11946,14.0,5.0,5.0
21816,53.38206648826599,11946,18.96,5.0,5.0
21820,53.38941740989685,11946,17.766016,5.0,5.0
21824,53.402615547180176,11946,21.370250240000004,5.0,5.0
21826,53.40630340576172,11946,23.676960153600007,5.0,5.0
21830,53.41454863548279,11946,18.941568122880007,5.0,5.0
21832,53.417725801467896,11946,22.122603598643206,5.0,5.0
21838,53.43044447898865,11946,21.326773042505323,5.0,5.0
21839,53.43229818344116,11946,27.06141843400426,5.0,5.0
21840,53.43417000770569,11946,31.64913474720341,5.0,5.0
21850,53.45547819137573,11946,10.370788473963614,5.0,5.0
21860,53.4750714302063,11946,5.309843698669372,5.0,5.0
21870,53.51176619529724,11946,5.0,5.0,5.0
21878,53.543073654174805,11946,14.0,5.0,5.0
21880,53.54914140701294,11946,11.200000000000001,5.0,5.0
21881,53.55111837387085,11946,18.96,5.0,5.0
21890,53.57155632972717,11946,7.766016000000002,5.0,5.0
21900,53.597745418548584,11946,5.0,5.0,5.0
21910,53.62149524688721,11946,5.0,5.0,5.0
21913,53.629974126815796,11946,14.0,5.0,5.0
21920,53.6447491645813,11946,5.0,5.0,5.0
21930,53.67334318161011,11946,14.0,5.0,5.0
21931,53.675238370895386,11946,21.200000000000003,5.0,5.0
21934,53.68303561210632,11946,23.568000000000005,5.0,5.0
21935,53.68506479263306,11946,28.854400000000005,5.0,5.0
21936,53.68693566322327,11946,33.08352000000001,5.0,5.0
21940,53.69691729545593,11946,31.173452800000007,5.0,5.0
21941,53.69877743721008,11946,34.93876224,5.0,5.0
21943,53.70250082015991,11946,32.360807833600006,5.0,5.0
21944,53.70446228981018,11946,35.88864626688,5.0,5.0
21950,53.72316861152649,11946,18.374986888642564,5.0,5.0
21960,53.748475074768066,11946,7.526394629587995,5.0,5.0
21962,53.75504207611084,11946,16.021115703670397,5.0,5.0
21967,53.763569355010986,11946,15.249799193778717,5.0,5.0
21970,53.770344734191895,11946,15.249799193778717,5.0,5.0
21974,53.77675652503967,11946,19.75987148401838,5.0,5.0
21980,53.785927295684814,11946,10.117054199817412,5.0,5.0
21990,53.802886724472046,11946,5.179931750306515,5.0,5.0
21997,53.83628296852112,11946,14.143945400245212,5.0,5.0
21999,53.84368395805359,11946,21.31515632019617,5.0,5.0
22000,53.84468102455139,11946,21.31515632019617,5.0,5.0
22001,53.84665322303772,11946,27.052125056156935,5.0,5.0
22010,53.863377809524536,11946,8.864440338401506,5.0,5.0
22020,53.89882802963257,11946,5.0,5.0,5.0
22024,53.908570289611816,11946,14.0,5.0,5.0
22030,53.92906188964844,11946,5.734400000000001,5.0,5.0
22040,53.95676255226135,11946,5.0,5.0,5.0
22050,53.99281549453735,11946,5.0,5.0,5.0
22059,54.007731199264526,11946,14.0,5.0,5.0
22060,54.00938320159912,11946,11.200000000000001,5.0,5.0
22070,54.038459062576294,11946,5.0,5.0,5.0
22075,54.050127267837524,11946,14.0,5.0,5.0
22079,54.05670785903931,11946,17.168,5.0,5.0
22080,54.061326026916504,11946,17.168,5.0,5.0
22087,54.07236051559448,11946,15.62561024,5.0,5.0
22090,54.083372354507446,11946,12.500488192,5.0,5.0
22100,54.10467171669006,11946,5.0,5.0,5.0
22110,54.13207006454468,11946,5.0,5.0,5.0
22120,54.16634821891785,11946,5.0,5.0,5.0
22123,54.17820191383362,11946,14.0,5.0,5.0
22128,54.188955307006836,11946,17.168,5.0,5.0
22130,54.19526195526123,11946,13.7344,5.0,5.0
22140,54.21799111366272,11946,5.0,5.0,5.0
22143,54.22913432121277,11946,14.0,5.0,5.0
22145,54.2327778339386,11946,21.200000000000003,5.0,5.0
22146,54.2347207069397,11946,26.960000000000004,5.0,5.0
22150,54.24175667762756,11946,11.042816000000004,5.0,5.0
22160,54.26176738739014,11946,5.0,5.0,5.0
22170,54.29452133178711,11946,5.0,5.0,5.0
22178,54.31579852104187,11946,14.0,5.0,5.0
22180,54.318607568740845,11946,8.96,5.0,5.0
22182,54.322325706481934,11946,15.7344,5.0,5.0
22190,54.34324407577515,11946,8.056012800000003,5.0,5.0
22192,54.34664750099182,11946,16.444810240000002,5.0,5.0
22193,54.348572731018066,11946,23.155848192,5.0,5.0
22197,54.3552885055542,11946,24.819742842880004,5.0,5.0
22200,54.360305070877075,11946,12.707708335554564,5.0,5.0
22210,54.376017332077026,11946,14.0,5.0,5.0
22220,54.40462899208069,11946,5.0,5.0,5.0
22226,54.42368197441101,11946,14.0,5.0,5.0
22227,54.42554950714111,11946,21.200000000000003,5.0,5.0
22230,54.43277621269226,11946,16.960000000000004,5.0,5.0
22234,54.43851351737976,11946,18.683520000000005,5.0,5.0
22240,54.451927185058594,11946,9.565962240000005,5.0,5.0
22250,54.47059154510498,11946,5.0,5.0,5.0
22260,54.50285625457764,11946,5.0,5.0,5.0
22270,54.5200834274292,11946,5.0,5.0,5.0
22280,54.54835295677185,11946,5.0,5.0,5.0
22290,54.57974696159363,11946,5.0,5.0,5.0
22300,54.616944551467896,11946,5.0,5.0,5.0
22302,54.620813608169556,11946,14.0,5.0,5.0
22306,54.631086111068726,11946,17.168,5.0,5.0
22310,54.64123845100403,11946,8.790016000000001,5.0,5.0
22311,54.6431999206543,11946,17.0320128,5.0,5.0
22313,54.64665651321411,11946,23.62561024,5.0,5.0
22320,54.666424036026,11946,9.677049954304003,5.0,5.0
22321,54.668367862701416,11946,17.741639963443202,5.0,5.0
22330,54.69182515144348,11946,7.266975729026337,5.0,5.0
22333,54.700185775756836,11946,14.650864466576856,5.0,5.0
22338,54.71441650390625,11946,17.501242606887352,5.0,5.0
22340,54.717607736587524,11946,14.000994085509882,5.0,5.0
22342,54.72388529777527,11946,21.20079526840791,5.0,5.0
22345,54.73184847831726,11946,23.568508971781064,5.0,5.0
22350,54.744874000549316,11946,12.067076593551906,5.0,5.0
22360,54.76877188682556,11946,7.72292901987322,5.0,5.0
22363,54.774190187454224,11946,14.0,5.0,5.0
22370,54.79658055305481,11946,5.734400000000001,5.0,5.0
22379,54.8388454914093,11946,14.587520000000001,5.0,5.0
22380,54.83987545967102,11946,14.587520000000001,5.0,5.0
22390,54.86834454536438,11946,7.4688102400000025,5.0,5.0
22393,54.87625169754028,11946,15.975048192000003,5.0,5.0
22400,54.89592671394348,11946,8.179224674304002,5.0,5.0
22401,54.89811944961548,11946,16.543379739443203,5.0,5.0
22406,54.914040088653564,11946,18.470210426594925,5.0,5.0
22410,54.92111945152283,11946,9.456747738416603,5.0,5.0
22420,54.94909310340881,11946,6.052318552586627,5.0,5.0
22430,54.97987341880798,11946,6.052318552586627,5.0,5.0
22440,55.01190376281738,11946,5.0,5.0,5.0
22447,55.03103446960449,11946,14.0,5.0,5.0
22450,55.03564810752869,11946,8.96,5.0,5.0
22457,55.04649877548218,11946,14.587520000000001,5.0,5.0
22460,55.054272174835205,11946,11.670016000000002,5.0,5.0
22467,55.07917261123657,11946,17.468810240000003,5.0,5.0
22470,55.087820291519165,11946,13.975048192000003,5.0,5.0
22472,55.09135103225708,11946,21.180038553600003,5.0,5.0
22478,55.12685561180115,11946,23.555224674304004,5.0,5.0
22480,55.13094472885132,11946,18.844179739443202,5.0,5.0
22485,55.13895392417908,11946,19.64822002659492,5.0,5.0
22487,55.14261722564697,11946,22.57486081702075,5.0,5.0
22490,55.147968769073486,11946,24.44791092289328,5.0,5.0
22494,55.162893533706665,11946,25.6466629906517,5.0,5.0
22497,55.168227195739746,11946,30.51733039252136,5.0,5.0
22500,55.172791719436646,11946,15.624873160970939,5.0,5.0
22502,55.17575693130493,11946,22.499898528776754,5.0,5.0
22508,55.18971228599548,11946,19.21595843738696,5.0,5.0
22510,55.19335651397705,11946,22.298213399927654,5.0,5.0
22520,55.21490812301636,11946,9.13334820861037,5.0,5.0
22524,55.22866368293762,11946,15.845342853510637,5.0,5.0
22529,55.2364604473114,11946,20.141019426246807,5.0,5.0
22530,55.238091230392456,11946,16.112815540997445,5.0,5.0
22533,55.24879503250122,11946,18.249761556990695,5.0,5.0
22540,55.276278495788574,11946,9.343877917179237,5.0,5.0
22550,55.29711699485779,11946,5.0,5.0,5.0
22560,55.32584095001221,11946,5.0,5.0,5.0
22567,55.34373712539673,11946,14.0,5.0,5.0
22569,55.34724521636963,11946,21.200000000000003,5.0,5.0
22570,55.34869432449341,11946,21.200000000000003,5.0,5.0
22571,55.35076403617859,11946,26.960000000000004,5.0,5.0
22580,55.37318968772888,11946,8.834252800000003,5.0,5.0
22588,55.39691209793091,11946,15.653921792000002,5.0,5.0
22590,55.40039372444153,11946,10.018509946880002,5.0,5.0
22599,55.41914749145508,11946,14.0,5.0,5.0
22600,55.4201443195343,11946,14.0,5.0,5.0
22610,55.44977807998657,11946,5.734400000000001,5.0,5.0
22613,55.46117544174194,11946,14.587520000000001,5.0,5.0
22620,55.48284149169922,11946,9.336012800000002,5.0,5.0
22622,55.486350774765015,11946,17.468810240000003,5.0,5.0
22630,55.50256276130676,11946,7.1552246743040016,5.0,5.0
22640,55.52730107307434,11946,5.0,5.0,5.0
22650,55.5598406791687,11946,5.0,5.0,5.0
22660,55.58626961708069,11946,5.0,5.0,5.0
22667,55.60171985626221,11946,14.0,5.0,5.0
22670,55.613566875457764,11946,11.200000000000001,5.0,5.0
22680,55.64191555976868,11946,5.734400000000001,5.0,5.0
22688,55.668224811553955,11946,14.587520000000001,5.0,5.0
22690,55.67088508605957,11946,11.670016000000002,5.0,5.0
22700,55.702069997787476,11946,7.4688102400000025,5.0,5.0
22701,55.703964710235596,11946,15.975048192000003,5.0,5.0
22706,55.71514058113098,11946,18.179224674304002,5.0,5.0
22710,55.72726845741272,11946,11.634703791554564,5.0,5.0
22714,55.733994245529175,11946,15.956968341275937,5.0,5.0
22715,55.735880613327026,11946,22.76557467302075,5.0,5.0
22720,55.746429443359375,11946,11.655974232586626,5.0,5.0
22722,55.754430532455444,11946,19.324779386069302,5.0,5.0
22730,55.768637895584106,11946,9.894287045667484,5.0,5.0
22738,55.78514552116394,11946,14.052699973905401,5.0,5.0
22740,55.79187798500061,11946,11.242159979124322,5.0,5.0
22750,55.80837345123291,11946,5.0,5.0,5.0
22760,55.830044984817505,11946,5.0,5.0,5.0
22770,55.85150909423828,11946,5.0,5.0,5.0
22772,55.858100175857544,11946,14.0,5.0,5.0
22780,55.892740964889526,11946,7.168000000000001,5.0,5.0
22790,55.932955265045166,11946,5.734400000000001,5.0,5.0
22791,55.93638515472412,11946,14.587520000000001,5.0,5.0
22798,55.94829320907593,11946,14.780038553600003,5.0,5.0
22800,55.95116710662842,11946,9.459224674304002,5.0,5.0
22802,55.95479369163513,11946,17.5673797394432,5.0,5.0
22808,55.96783900260925,11946,18.99449842659492,5.0,5.0
22810,55.97372508049011,11946,15.195598741275937,5.0,5.0
22820,56.00696897506714,11946,5.0,5.0,5.0
22823,56.01199746131897,11946,14.0,5.0,5.0
22824,56.01389122009277,11946,21.200000000000003,5.0,5.0
22827,56.02419090270996,11946,20.854400000000005,5.0,5.0
22830,56.02928900718689,11946,23.346816000000004,5.0,5.0
22836,56.04296398162842,11946,19.562855833600004,5.0,5.0
22839,56.048606157302856,11946,20.016182186803206,5.0,5.0
22840,56.05032539367676,11946,16.012945749442565,5.0,5.0
22850,56.076793909072876,11946,5.0,5.0,5.0
22858,56.10300254821777,11946,14.0,5.0,5.0
22860,56.106685638427734,11946,8.96,5.0,5.0
22870,56.136526584625244,11946,5.0,5.0,5.0
22875,56.15091276168823,11946,14.0,5.0,5.0
22880,56.16231822967529,11946,7.168000000000001,5.0,5.0
22889,56.185707569122314,11946,14.0,5.0,5.0
22890,56.1873517036438,11946,11.200000000000001,5.0,5.0
22894,56.20118474960327,11946,15.7344,5.0,5.0
22895,56.203139305114746,11946,22.58752,5.0,5.0
22900,56.217026233673096,11946,11.564810240000003,5.0,5.0
22910,56.2422194480896,11946,5.0,5.0,5.0
22920,56.272600412368774,11946,5.0,5.0,5.0
22926,56.28769087791443,11946,14.0,5.0,5.0
22930,56.29689955711365,11946,8.96,5.0,5.0
22935,56.31039786338806,11946,15.7344,5.0,5.0
22940,56.32382774353027,11946,10.070016000000003,5.0,5.0
22950,56.350746154785156,11946,5.0,5.0,5.0
22959,56.369471073150635,11946,14.0,5.0,5.0
22960,56.37112808227539,11946,11.200000000000001,5.0,5.0
22964,56.38084554672241,11946,17.168,5.0,5.0
22970,56.39220452308655,11946,10.987520000000002,5.0,5.0
22974,56.39833617210388,11946,17.0320128,5.0,5.0
22978,56.40731739997864,11946,20.900488192,5.0,5.0
22980,56.413243770599365,11946,16.7203905536,5.0,5.0
22990,56.431628942489624,11946,5.47893757660365,5.0,5.0
23000,56.459288358688354,11946,5.0,5.0,5.0
23005,56.467260122299194,11946,14.0,5.0,5.0
23010,56.475948333740234,11946,5.734400000000001,5.0,5.0
23011,56.477866649627686,11946,14.587520000000001,5.0,5.0
23020,56.49738430976868,11946,5.975048192000003,5.0,5.0
23030,56.517401695251465,11946,14.0,5.0,5.0
23036,56.53352451324463,11946,17.168,5.0,5.0
23040,56.54228448867798,11946,10.987520000000002,5.0,5.0
23046,56.55852007865906,11946,15.62561024,5.0,5.0
23047,56.560415506362915,11946,22.500488192,5.0,5.0
23049,56.564096212387085,11946,24.40031244288,5.0,5.0
23050,56.56571674346924,11946,19.520249954304003,5.0,5.0
23052,56.571977615356445,11946,25.6161999634432,5.0,5.0
23059,56.58555293083191,11946,20.492395505026337,5.0,5.0
23060,56.59545183181763,11946,20.492395505026337,5.0,5.0
23070,56.61662173271179,11946,5.3719585272696255,5.0,5.0
23075,56.6290078163147,11946,14.0,5.0,5.0
23079,56.64123058319092,11946,18.96,5.0,5.0
23080,56.643993616104126,11946,15.168000000000001,5.0,5.0
23090,56.6811261177063,11946,6.212812800000002,5.0,5.0
23094,56.68809509277344,11946,14.0,5.0,5.0
23097,56.693570137023926,11946,17.168,5.0,5.0
23100,56.70143270492554,11946,10.987520000000002,5.0,5.0
23110,56.737470626831055,11946,5.625610240000001,5.0,5.0
23112,56.75231218338013,11946,14.500488192000002,5.0,5.0
23120,56.77763295173645,11946,5.9393999634432015,5.0,5.0
23130,56.804413080215454,11946,5.0,5.0,5.0
23140,56.85537767410278,11946,5.0,5.0,5.0
23150,56.886553049087524,11946,5.0,5.0,5.0
23154,56.8975350856781,11946,14.0,5.0,5.0
23160,56.9111852645874,11946,5.734400000000001,5.0,5.0
23162,56.91430377960205,11946,14.587520000000001,5.0,5.0
23164,56.918150901794434,11946,19.336012800000002,5.0,5.0
23170,56.93797779083252,11946,9.900038553600004,5.0,5.0
23180,56.98802924156189,11946,5.068819739443203,5.0,5.0
23189,57.03138208389282,11946,14.0,5.0,5.0
23190,57.0333046913147,11946,11.200000000000001,5.0,5.0
23195,57.042797803878784,11946,14.587520000000001,5.0,5.0
23200,57.058971881866455,11946,9.336012800000002,5.0,5.0
23210,57.09075665473938,11946,5.0,5.0,5.0
23220,57.14102339744568,11946,5.0,5.0,5.0
23226,57.15546751022339,11946,14.0,5.0,5.0
23228,57.159019470214844,11946,21.200000000000003,5.0,5.0
23230,57.16202926635742,11946,23.568000000000005,5.0,5.0
23233,57.16733527183533,11946,22.066816000000003,5.0,5.0
23240,57.18661713600159,11946,9.038567833600004,5.0,5.0
23245,57.19869303703308,11946,15.784683413504002,5.0,5.0
23250,57.20983839035034,11946,10.102197384642563,5.0,5.0
23260,57.230584383010864,11946,5.0,5.0,5.0
23270,57.254554986953735,11946,5.0,5.0,5.0
23276,57.269765853881836,11946,14.0,5.0,5.0
23277,57.27172613143921,11946,21.200000000000003,5.0,5.0
23280,57.2770779132843,11946,10.854400000000005,5.0,5.0
23284,57.2841100692749,11946,15.557452800000004,5.0,5.0
23290,57.2999484539032,11946,9.956769792000003,5.0,5.0
23292,57.306365966796875,11946,17.9654158336,5.0,5.0
23298,57.338706493377686,11946,21.497866133504004,5.0,5.0
23299,57.34179925918579,11946,27.198292906803204,5.0,5.0
23300,57.3433723449707,11946,27.198292906803204,5.0,5.0
23303,57.35806703567505,11946,27.406907460354052,5.0,5.0
23304,57.36022639274597,11946,31.925525968283242,5.0,5.0
23307,57.36549258232117,11946,30.432336619701278,5.0,5.0
23310,57.37069392204285,11946,15.581356349287057,5.0,5.0
23317,57.38596534729004,11946,15.105698848534384,5.0,5.0
23320,57.39381527900696,11946,12.084559078827509,5.0,5.0
23330,57.42261457443237,11946,6.187294248359686,5.0,5.0
23335,57.43443512916565,11946,14.0,5.0,5.0
23338,57.4427490234375,11946,21.200000000000003,5.0,5.0
23340,57.44601130485535,11946,16.960000000000004,5.0,5.0
23349,57.46321439743042,11946,14.445962240000004,5.0,5.0
23350,57.46512174606323,11946,21.556769792000004,5.0,5.0
23360,57.5011670589447,11946,7.063722325442562,5.0,5.0
23365,57.51672601699829,11946,14.52078228828324,5.0,5.0
23366,57.51871395111084,11946,21.616625830626592,5.0,5.0
23370,57.529146671295166,11946,11.067712425280817,5.0,5.0
23371,57.531150579452515,11946,18.854169940224654,5.0,5.0
23374,57.53641319274902,11946,22.066668761743777,5.0,5.0
23380,57.550559520721436,11946,9.038507524810253,5.0,5.0
23390,57.57349252700806,11946,5.0,5.0,5.0
23399,57.59038066864014,11946,14.0,5.0,5.0
23400,57.59189581871033,11946,14.0,5.0,5.0
23410,57.620200872421265,11946,5.0,5.0,5.0
23420,57.6561484336853,11946,5.0,5.0,5.0
23421,57.658260345458984,11946,14.0,5.0,5.0
23426,57.66977500915527,11946,15.7344,5.0,5.0
23430,57.6764190196991,11946,8.056012800000003,5.0,5.0
23440,57.70753026008606,11946,5.0,5.0,5.0
23444,57.71780014038086,11946,14.0,5.0,5.0
23450,57.732505559921265,11946,8.96,5.0,5.0
23452,57.736000537872314,11946,17.168,5.0,5.0
23453,57.73800015449524,11946,23.7344,5.0,5.0
23455,57.74476647377014,11946,28.98752,5.0,5.0
23460,57.753114223480225,11946,14.841610240000001,5.0,5.0
23470,57.7745246887207,11946,5.0,5.0,5.0
23471,57.77650046348572,11946,14.0,5.0,5.0
23474,57.781689405441284,11946,18.96,5.0,5.0
23480,57.80015850067139,11946,12.134400000000001,5.0,5.0
23482,57.80670714378357,11946,19.707520000000002,5.0,5.0
23490,57.82840585708618,11946,8.072200192000002,5.0,5.0
23500,57.85897135734558,11946,5.0,5.0,5.0
23503,57.86428999900818,11946,14.0,5.0,5.0
23505,57.867560148239136,11946,18.96,5.0,5.0
23508,57.872952699661255,11946,19.707520000000002,5.0,5.0
23510,57.87640881538391,11946,12.612812800000002,5.0,5.0
23512,57.88286733627319,11946,20.090250240000003,5.0,5.0
23518,57.90377950668335,11946,20.286208122880005,5.0,5.0
23520,57.91163420677185,11946,26.228966498304004,5.0,5.0
23526,57.925580739974976,11946,23.429230847131652,5.0,5.0
23530,57.93657565116882,11946,11.995766193731408,5.0,5.0
23540,57.96503233909607,11946,5.0,5.0,5.0
23543,57.970391511917114,11946,14.0,5.0,5.0
23549,57.98344564437866,11946,17.168,5.0,5.0
23550,57.988394260406494,11946,17.168,5.0,5.0
23553,57.99387335777283,11946,18.790016,5.0,5.0
23555,57.99746084213257,11946,22.025610240000002,5.0,5.0
23556,57.999430418014526,11946,27.620488192000003,5.0,5.0
23560,58.00634956359863,11946,11.313351963443203,5.0,5.0
23563,58.01466393470764,11946,17.24054525660365,5.0,5.0
23569,58.02841520309448,11946,21.033948964226337,5.0,5.0
23570,58.029563426971436,11946,16.82715917138107,5.0,5.0
23580,58.05721592903137,11946,6.892404396597687,5.0,5.0
23582,58.06111145019531,11946,14.411138813822522,5.0,5.0
23585,58.07092833518982,11946,19.223128840846414,5.0,5.0
23590,58.08639359474182,11946,9.842241966513365,5.0,5.0
23600,58.11379337310791,11946,14.0,5.0,5.0
23610,58.142638206481934,11946,5.0,5.0,5.0
23618,58.16733741760254,11946,14.0,5.0,5.0
23620,58.17022085189819,11946,8.96,5.0,5.0
23621,58.17287468910217,11946,17.168,5.0,5.0
23630,58.19919037818909,11946,5.625610240000001,5.0,5.0
23632,58.20266842842102,11946,14.500488192000002,5.0,5.0
23640,58.21887731552124,11946,5.0,5.0,5.0
23650,58.24358081817627,11946,5.0,5.0,5.0
23652,58.24740552902222,11946,14.0,5.0,5.0
23653,58.24926829338074,11946,21.200000000000003,5.0,5.0
23657,58.25877833366394,11946,20.854400000000005,5.0,5.0
23660,58.266597032547,11946,13.346816000000004,5.0,5.0
23670,58.29743409156799,11946,5.466855833600003,5.0,5.0
23680,58.33538293838501,11946,5.0,5.0,5.0
23690,58.35452604293823,11946,5.0,5.0,5.0
23697,58.36870574951172,11946,14.0,5.0,5.0
23700,58.3796820640564,11946,11.200000000000001,5.0,5.0
23703,58.388445138931274,11946,18.96,5.0,5.0
23705,58.391517877578735,11946,25.168,5.0,5.0
23710,58.40295910835266,11946,12.886016000000001,5.0,5.0
23720,58.42458915710449,11946,5.278112153600002,5.0,5.0
23730,58.45200300216675,11946,5.0,5.0,5.0
23740,58.48531985282898,11946,5.0,5.0,5.0
23750,58.51864528656006,11946,5.0,5.0,5.0
23760,58.54312348365784,11946,5.0,5.0,5.0
23762,58.549741983413696,11946,14.0,5.0,5.0
23765,58.55833983421326,11946,18.96,5.0,5.0
23770,58.56614089012146,11946,9.707520000000002,5.0,5.0
23780,58.593356132507324,11946,5.0,5.0,5.0
23786,58.606268644332886,11946,14.0,5.0,5.0
23790,58.61300039291382,11946,17.168,5.0,5.0
23795,58.62154150009155,11946,17.0320128,5.0,5.0
23800,58.63582444190979,11946,8.720390553600001,5.0,5.0
23803,58.64393186569214,11946,15.581049954304001,5.0,5.0
23810,58.66080069541931,11946,6.381998061282921,5.0,5.0
23820,58.68573069572449,11946,5.0,5.0,5.0
23830,58.71338176727295,11946,5.0,5.0,5.0
23840,58.73110032081604,11946,5.0,5.0,5.0
23850,58.755722999572754,11946,5.0,5.0,5.0
23851,58.75770449638367,11946,14.0,5.0,5.0
23852,58.759716749191284,11946,21.200000000000003,5.0,5.0
23856,58.766156911849976,11946,20.854400000000005,5.0,5.0
23860,58.778263092041016,11946,13.346816000000004,5.0,5.0
23862,58.78172588348389,11946,20.677452800000005,5.0,5.0
23864,58.78524851799011,11946,23.233569792000004,5.0,5.0
23870,58.803966760635376,11946,11.895587733504005,5.0,5.0
23876,58.8130156993866,11946,16.09054091955405,5.0,5.0
23880,58.81916546821594,11946,8.238356950811676,5.0,5.0
23885,58.830939531326294,11946,15.272548448519473,5.0,5.0
23887,58.83724617958069,11946,22.21803875881558,5.0,5.0
23890,58.84486937522888,11946,17.774431007052467,5.0,5.0
23900,58.87036943435669,11946,5.824325552390954,5.0,5.0
23906,58.88099241256714,11946,14.0,5.0,5.0
23910,58.886963844299316,11946,8.96,5.0,5.0
23920,58.91251993179321,11946,5.734400000000001,5.0,5.0
23925,58.927539110183716,11946,14.0,5.0,5.0
23930,58.93820023536682,11946,8.96,5.0,5.0
23940,58.97026062011719,11946,5.0,5.0,5.0
23942,58.97674512863159,11946,14.0,5.0,5.0
23946,58.989394664764404,11946,21.200000000000003,5.0,5.0
23950,58.999216079711914,11946,10.854400000000005,5.0,5.0
23951,59.0011510848999,11946,18.683520000000005,5.0,5.0
23960,59.029420375823975,11946,5.0,5.0,5.0
23965,59.04177689552307,11946,14.0,5.0,5.0
23970,59.053664684295654,11946,14.0,5.0,5.0
23975,59.06491446495056,11946,18.96,5.0,5.0
23976,59.06675577163696,11946,25.168,5.0,5.0
23979,59.072073221206665,11946,26.10752,5.0,5.0
23980,59.073220014572144,11946,20.886016,5.0,5.0
23990,59.09708523750305,11946,5.0,5.0,5.0
23991,59.09905648231506,11946,14.0,5.0,5.0
23995,59.11085247993469,11946,18.96,5.0,5.0
24000,59.126264333724976,11946,9.707520000000002,5.0,5.0
24003,59.13161754608154,11946,16.212812800000002,5.0,5.0
24008,59.1441764831543,11946,16.64076812288,5.0,5.0
24010,59.153260946273804,11946,10.6500915986432,5.0,5.0
24020,59.17160391807556,11946,5.0,5.0,5.0
24030,59.19446635246277,11946,14.0,5.0,5.0
24032,59.20104694366455,11946,21.200000000000003,5.0,5.0
24040,59.21939134597778,11946,16.960000000000004,5.0,5.0
24050,59.23879337310791,11946,5.0,5.0,5.0
24060,59.26100420951843,11946,5.0,5.0,5.0
24070,59.28847908973694,11946,5.0,5.0,5.0
24075,59.30274844169617,11946,14.0,5.0,5.0
24076,59.304582357406616,11946,21.200000000000003,5.0,5.0
24080,59.31410360336304,11946,10.854400000000005,5.0,5.0
24087,59.334723711013794,11946,14.445962240000004,5.0,5.0
24089,59.33830666542053,11946,19.245415833600006,5.0,5.0
24090,59.342655420303345,11946,19.245415833600006,5.0,5.0
24097,59.35993456840515,11946,17.882922325442564,5.0,5.0
24098,59.36175608634949,11946,24.306337860354052,5.0,5.0
24100,59.36521244049072,11946,15.556056230626595,5.0,5.0
24102,59.368857860565186,11946,19.955875987601022,5.0,5.0
24103,59.37070822715759,11946,25.96470079008082,5.0,5.0
24110,59.38154435157776,11946,10.635141443617105,5.0,5.0
24112,59.384445667266846,11946,18.508113154893685,5.0,5.0
24120,59.40300798416138,11946,6.064738518595565,5.0,5.0
24130,59.4330370426178,11946,5.0,5.0,5.0
24135,59.44347667694092,11946,14.0,5.0,5.0
24140,59.45116829872131,11946,5.734400000000001,5.0,5.0
24150,59.475709199905396,11946,5.0,5.0,5.0
24160,59.50311279296875,11946,5.0,5.0,5.0
24165,59.520095348358154,11946,14.0,5.0,5.0
24170,59.534170389175415,11946,7.168000000000001,5.0,5.0
24180,59.5532603263855,11946,5.0,5.0,5.0
24187,59.57381081581116,11946,14.0,5.0,5.0
24190,59.58429670333862,11946,14.0,5.0,5.0
24200,59.61337614059448,11946,5.0,5.0,5.0
24201,59.61541247367859,11946,14.0,5.0,5.0
24204,59.62079906463623,11946,17.168,5.0,5.0
24210,59.630744218826294,11946,5.625610240000001,5.0,5.0
24220,59.65162110328674,11946,14.0,5.0,5.0
24222,59.65514898300171,11946,18.96,5.0,5.0
24230,59.667378664016724,11946,9.707520000000002,5.0,5.0
24236,59.68584418296814,11946,16.212812800000002,5.0,5.0
24238,59.68930435180664,11946,22.970250240000002,5.0,5.0
24240,59.692662715911865,11946,14.700960153600002,5.0,5.0
24250,59.71779990196228,11946,5.0,5.0,5.0
24251,59.719749212265015,11946,14.0,5.0,5.0
24253,59.7227509021759,11946,18.96,5.0,5.0
24255,59.726210832595825,11946,22.1344,5.0,5.0
24258,59.731411933898926,11946,21.3328128,5.0,5.0
24260,59.733999490737915,11946,17.06625024,5.0,5.0
24265,59.744970083236694,11946,18.737920122880002,5.0,5.0
24270,59.7548930644989,11946,9.593815102914562,5.0,5.0
24280,59.78109407424927,11946,5.0,5.0,5.0
24290,59.80594325065613,11946,5.0,5.0,5.0
24291,59.80794620513916,11946,14.0,5.0,5.0
24297,59.82440495491028,11946,15.7344,5.0,5.0
24299,59.82780408859253,11946,22.58752,5.0,5.0
24300,59.829458475112915,11946,18.070016000000003,5.0,5.0
24301,59.83143138885498,11946,24.456012800000003,5.0,5.0
24306,59.83929133415222,11946,22.521478553600005,5.0,5.0
24309,59.84446358680725,11946,24.413746274304003,5.0,5.0
24310,59.845439195632935,11946,24.413746274304003,5.0,5.0
24320,59.86959528923035,11946,7.999896379163939,5.0,5.0
24326,59.88938760757446,11946,14.0,5.0,5.0
24327,59.89138889312744,11946,21.200000000000003,5.0,5.0
24330,59.89651942253113,11946,13.568000000000005,5.0,5.0
24333,59.90521836280823,11946,18.683520000000005,5.0,5.0
24340,59.92110276222229,11946,9.565962240000005,5.0,5.0
24343,59.93130445480347,11946,17.652769792000004,5.0,5.0
24350,59.95777678489685,11946,9.038218133504003,5.0,5.0
24351,59.95977807044983,11946,17.2305745068032,5.0,5.0
24360,59.984130859375,11946,5.646114654389275,5.0,5.0
24367,59.99846267700195,11946,14.0,5.0,5.0
24370,60.00678634643555,11946,11.200000000000001,5.0,5.0
24372,60.01042819023132,11946,18.96,5.0,5.0
24380,60.031404972076416,11946,6.212812800000002,5.0,5.0
24390,60.064197063446045,11946,5.0,5.0,5.0
24393,60.069628953933716,11946,14.0,5.0,5.0
24395,60.07336664199829,11946,18.96,5.0,5.0
24397,60.07654690742493,11946,25.168,5.0,5.0
24400,60.08196711540222,11946,22.886016,5.0,5.0
24402,60.08559799194336,11946,24.647050240000002,5.0,5.0
24410,60.10593891143799,11946,8.076345422643204,5.0,5.0
24411,60.108007192611694,11946,16.461076338114562,5.0,5.0
24412,60.109925985336304,11946,23.16886107049165,5.0,5.0
24413,60.11187958717346,11946,28.535088856393322,5.0,5.0
24417,60.12633156776428,11946,24.609965494473386,5.0,5.0
24418,60.128222942352295,11946,29.68797239557871,5.0,5.0
24420,60.1316077709198,11946,19.000302333170378,5.0,5.0
24425,60.145506858825684,11946,25.200241866536302,5.0,5.0
24426,60.14742112159729,11946,30.160193493229045,5.0,5.0
24430,60.15293025970459,11946,19.30252383566659,5.0,5.0
24434,60.165444135665894,11946,25.442019068533273,5.0,5.0
24439,60.1741464138031,11946,23.02631376308904,5.0,5.0
24440,60.17974805831909,11946,23.02631376308904,5.0,5.0
24450,60.19926428794861,11946,5.0,5.0,5.0
24456,60.21726131439209,11946,14.0,5.0,5.0
24460,60.22236466407776,11946,7.168000000000001,5.0,5.0
24465,60.23409724235535,11946,14.0,5.0,5.0
24470,60.24205946922302,11946,7.168000000000001,5.0,5.0
24480,60.26339912414551,11946,5.0,5.0,5.0
24482,60.2664053440094,11946,14.0,5.0,5.0
24483,60.26843047142029,11946,21.200000000000003,5.0,5.0
24484,60.270379304885864,11946,26.960000000000004,5.0,5.0
24490,60.28275012969971,11946,11.042816000000004,5.0,5.0
24500,60.30477285385132,11946,5.0,5.0,5.0
24510,60.336026668548584,11946,5.0,5.0,5.0
24520,60.36751198768616,11946,5.0,5.0,5.0
24530,60.40230917930603,11946,5.0,5.0,5.0
24533,60.40762281417847,11946,14.0,5.0,5.0
24540,60.42515444755554,11946,5.0,5.0,5.0
24542,60.428139448165894,11946,14.0,5.0,5.0
24550,60.44984579086304,11946,17.168,5.0,5.0
24560,60.473124742507935,11946,5.0,5.0,5.0
24570,60.503506898880005,11946,5.0,5.0,5.0
24572,60.50992274284363,11946,14.0,5.0,5.0
24580,60.531960010528564,11946,8.96,5.0,5.0
24586,60.54460883140564,11946,15.7344,5.0,5.0
24589,60.55624485015869,11946,22.58752,5.0,5.0
24590,60.55836868286133,11946,28.070016000000003,5.0,5.0
24600,60.577751874923706,11946,7.358386274304002,5.0,5.0
24602,60.58154535293579,11946,14.709367215554561,5.0,5.0
24605,60.5868034362793,11946,19.41399501795492,5.0,5.0
24610,60.595030546188354,11946,6.361577887483469,5.0,5.0
24611,60.59708905220032,11946,15.089262309986776,5.0,5.0
24617,60.613937854766846,11946,17.72570230271323,5.0,5.0
24620,60.62151527404785,11946,14.180561842170585,5.0,5.0
24622,60.62452840805054,11946,21.344449473736468,5.0,5.0
24630,60.643550157547,11946,6.994149203553967,5.0,5.0
24640,60.66686415672302,11946,5.0,5.0,5.0
24650,60.6913743019104,11946,5.0,5.0,5.0
24657,60.70503544807434,11946,14.0,5.0,5.0
24660,60.717655420303345,11946,11.200000000000001,5.0,5.0
24664,60.72755312919617,11946,14.587520000000001,5.0,5.0
24670,60.73829746246338,11946,7.4688102400000025,5.0,5.0
24679,60.77206087112427,11946,14.0,5.0,5.0
24680,60.77443528175354,11946,11.200000000000001,5.0,5.0
24690,60.80581068992615,11946,5.734400000000001,5.0,5.0
24700,60.84009337425232,11946,5.0,5.0,5.0
24710,60.86847257614136,11946,5.0,5.0,5.0
24720,60.89594793319702,11946,5.0,5.0,5.0
24726,60.91235852241516,11946,14.0,5.0,5.0
24730,60.92716121673584,11946,7.168000000000001,5.0,5.0
24732,60.931121826171875,11946,15.7344,5.0,5.0
24733,60.93304800987244,11946,22.58752,5.0,5.0
24740,60.95518159866333,11946,9.251848192000002,5.0,5.0
24742,60.958348512649536,11946,17.4014785536,5.0,5.0
24750,60.97356104850769,11946,8.909557019443202,5.0,5.0
24753,60.98228406906128,11946,15.70211649244365,5.0,5.0
24760,61.0104022026062,11946,18.039483644131153,5.0,5.0
24763,61.01984119415283,11946,24.431586915304923,5.0,5.0
24764,61.02192997932434,11946,29.54526953224394,5.0,5.0
24770,61.03467512130737,11946,12.101742400407119,5.0,5.0
24780,61.06078481674194,11946,7.745115136260558,5.0,5.0
24789,61.083423137664795,11946,14.0,5.0,5.0
24790,61.09030032157898,11946,14.0,5.0,5.0
24800,61.12722706794739,11946,7.168000000000001,5.0,5.0
24808,61.15518760681152,11946,14.0,5.0,5.0
24810,61.15880084037781,11946,8.96,5.0,5.0
24811,61.16078424453735,11946,17.168,5.0,5.0
24812,61.16266489028931,11946,23.7344,5.0,5.0
24817,61.17414045333862,11946,19.721610240000004,5.0,5.0
24819,61.17768573760986,11946,25.777288192000004,5.0,5.0
24820,61.179879903793335,11946,30.621830553600006,5.0,5.0
24821,61.182717084884644,11946,34.49746444288,5.0,5.0
24830,61.201313495635986,11946,11.304129148642922,5.0,5.0
24840,61.2365665435791,11946,5.787714124105177,5.0,5.0
24850,61.270814418792725,11946,5.0,5.0,5.0
24851,61.272849321365356,11946,14.0,5.0,5.0
24856,61.285051107406616,11946,15.7344,5.0,5.0
24859,61.29345512390137,11946,20.070016000000003,5.0,5.0
24860,61.29538607597351,11946,26.0560128,5.0,5.0
24868,61.31168556213379,11946,16.8304274194432,5.0,5.0
24870,61.31469655036926,11946,10.77147354844365,5.0,5.0
24872,61.32176661491394,11946,18.61717883875492,5.0,5.0
24880,61.338698863983154,11946,7.625596452354016,5.0,5.0
24889,61.362924337387085,11946,14.0,5.0,5.0
24890,61.36486887931824,11946,21.200000000000003,5.0,5.0
24892,61.36788582801819,11946,23.568000000000005,5.0,5.0
24894,61.371633768081665,11946,25.083520000000007,5.0,5.0
24900,61.381834745407104,11946,10.274209792000006,5.0,5.0
24901,61.38738131523132,11946,18.219367833600003,5.0,5.0
24910,61.408344745635986,11946,9.328316330803203,5.0,5.0
24920,61.430803298950195,11946,5.0,5.0,5.0
24922,61.43766784667969,11946,14.0,5.0,5.0
24930,61.45706558227539,11946,7.168000000000001,5.0,5.0
24940,61.482096433639526,11946,5.0,5.0,5.0
24941,61.48412895202637,11946,14.0,5.0,5.0
24942,61.4860520362854,11946,21.200000000000003,5.0,5.0
24946,61.49561595916748,11946,23.568000000000005,5.0,5.0
24950,61.507439374923706,11946,18.854400000000005,5.0,5.0
24957,61.53118586540222,11946,19.653452800000004,5.0,5.0
24960,61.53652763366699,11946,20.062567833600003,5.0,5.0
24970,61.554502964019775,11946,8.217627784642564,5.0,5.0
24974,61.56105828285217,11946,15.259281782171243,5.0,5.0
24978,61.56728410720825,11946,19.765940340589594,5.0,5.0
24980,61.57057785987854,11946,15.812752272471677,5.0,5.0
24987,61.59156942367554,11946,15.18152266464352,5.0,5.0
24990,61.596686363220215,11946,9.716174505371853,5.0,5.0
25000,61.63215756416321,11946,9.716174505371853,5.0,5.0
25001,61.634116649627686,11946,17.772939604297484,5.0,5.0
25010,61.653807640075684,11946,7.27979606192025,5.0,5.0
25020,61.68006086349487,11946,14.659069479628961,5.0,5.0
25030,61.70173621177673,11946,5.0,5.0,5.0
25040,61.72552013397217,11946,5.0,5.0,5.0
25044,61.73572087287903,11946,14.0,5.0,5.0
25050,61.766693353652954,11946,11.200000000000001,5.0,5.0
25056,61.78070640563965,11946,14.587520000000001,5.0,5.0
25057,61.782674074172974,11946,21.670016000000004,5.0,5.0
25060,61.788039684295654,11946,13.868810240000002,5.0,5.0
25065,61.80053210258484,11946,17.10083084288,5.0,5.0
25066,61.803197622299194,11946,23.680664674304,5.0,5.0
25070,61.813395977020264,11946,12.12450031324365,5.0,5.0
25072,61.81714177131653,11946,19.69960025059492,5.0,5.0
25080,61.83407020568848,11946,6.455165010114944,5.0,5.0
25090,61.86325979232788,11946,6.455165010114944,5.0,5.0
25093,61.86871838569641,11946,14.131305606473564,5.0,5.0
25100,61.88648080825806,11946,5.788182776411573,5.0,5.0
25110,61.909555435180664,11946,5.0,5.0,5.0
25120,61.934669733047485,11946,5.0,5.0,5.0
25128,61.95450019836426,11946,14.0,5.0,5.0
25130,61.95724391937256,11946,11.200000000000001,5.0,5.0
25139,61.979108572006226,11946,14.0,5.0,5.0
25140,61.980769634246826,11946,11.200000000000001,5.0,5.0
25144,61.993669509887695,11946,18.96,5.0,5.0
25150,62.00672888755798,11946,9.707520000000002,5.0,5.0
25160,62.0408890247345,11946,5.0,5.0,5.0
25162,62.04421949386597,11946,14.0,5.0,5.0
25166,62.05431365966797,11946,18.96,5.0,5.0
25168,62.0612907409668,11946,25.168,5.0,5.0
25170,62.064204692840576,11946,20.1344,5.0,5.0
25178,62.08411478996277,11946,18.24705024,5.0,5.0
25180,62.08779764175415,11946,11.6781121536,5.0,5.0
25190,62.111721992492676,11946,14.0,5.0,5.0
25195,62.12133598327637,11946,14.587520000000001,5.0,5.0
25200,62.13899278640747,11946,11.670016000000002,5.0,5.0
25204,62.150885343551636,11946,17.468810240000003,5.0,5.0
25205,62.15536427497864,11946,23.975048192000003,5.0,5.0
25210,62.16967582702637,11946,19.180038553600003,5.0,5.0
25220,62.20853662490845,11946,12.275224674304003,5.0,5.0
25223,62.21375584602356,11946,16.28491503324365,5.0,5.0
25224,62.21582841873169,11946,23.027932026594918,5.0,5.0
25226,62.219521045684814,11946,24.73787649702075,5.0,5.0
25228,62.222689390182495,11946,25.83224095809328,5.0,5.0
25230,62.22651028633118,11946,26.5326342131797,5.0,5.0
25233,62.23420453071594,11946,31.22610737054376,5.0,5.0
25234,62.23621129989624,11946,34.98088589643501,5.0,5.0
25235,62.23822832107544,11946,37.98470871714801,5.0,5.0
25237,62.242425203323364,11946,34.310213578974725,5.0,5.0
25240,62.248342990875244,11946,27.56682935243506,5.0,5.0
25250,62.2752480506897,11946,7.226478913764739,5.0,5.0
25251,62.27739405632019,11946,15.78118313101179,5.0,5.0
25260,62.29857873916626,11946,14.136942470695956,5.0,5.0
25261,62.300543546676636,11946,21.309553976556764,5.0,5.0
25268,62.31782341003418,11946,15.5861717176305,5.0,5.0
25270,62.320690631866455,11946,12.4689373741044,5.0,5.0
25274,62.336267709732056,11946,19.975149899283522,5.0,5.0
25276,62.340038776397705,11946,25.98011991942682,5.0,5.0
25280,62.35790681838989,11946,20.78409593554146,5.0,5.0
25284,62.36553382873535,11946,18.513165695197785,5.0,5.0
25286,62.368664264678955,11946,24.81053255615823,5.0,5.0
25290,62.37960910797119,11946,15.878740835941267,5.0,5.0
25296,62.39552116394043,11946,20.162394135002412,5.0,5.0
25297,62.3976628780365,11946,26.12991530800193,5.0,5.0
25299,62.4015531539917,11946,26.723145797121237,5.0,5.0
25300,62.40335416793823,11946,21.37851663769699,5.0,5.0
25309,62.42216372489929,11946,15.604249865472442,5.0,5.0
25310,62.42701816558838,11946,15.604249865472442,5.0,5.0
25320,62.45554852485657,11946,6.391500744897513,5.0,5.0
25324,62.461726903915405,11946,14.09056047673441,5.0,5.0
25327,62.46714949607849,11946,19.017958705110026,5.0,5.0
25330,62.47285437583923,11946,19.737194857016334,5.0,5.0
25334,62.48268103599548,11946,22.631804708490456,5.0,5.0
25335,62.48469877243042,11946,28.105443766792366,5.0,5.0
25340,62.503833293914795,11946,17.987484010747117,5.0,5.0
25342,62.50789475440979,11946,21.51198976687816,5.0,5.0
25350,62.520156145095825,11946,7.049048806810636,5.0,5.0
25360,62.54848384857178,11946,5.0,5.0,5.0
25361,62.55071258544922,11946,14.0,5.0,5.0
25370,62.57012343406677,11946,5.0,5.0,5.0
25372,62.573830366134644,11946,14.0,5.0,5.0
25380,62.59374165534973,11946,5.0,5.0,5.0
25383,62.59948134422302,11946,14.0,5.0,5.0
25385,62.60319209098816,11946,21.200000000000003,5.0,5.0
25389,62.610533475875854,11946,18.683520000000005,5.0,5.0
25390,62.61207604408264,11946,18.683520000000005,5.0,5.0
25400,62.64187550544739,11946,7.652769792000004,5.0,5.0
25410,62.67188477516174,11946,5.0,5.0,5.0
25416,62.68940496444702,11946,14.0,5.0,5.0
25418,62.69245266914368,11946,21.200000000000003,5.0,5.0
25420,62.696123361587524,11946,26.960000000000004,5.0,5.0
25422,62.699963331222534,11946,27.254400000000004,5.0,5.0
25423,62.70197033882141,11946,31.803520000000006,5.0,5.0
25430,62.72041177749634,11946,10.421377433600007,5.0,5.0
25440,62.74340581893921,11946,5.335745246003205,5.0,5.0
25442,62.747355461120605,11946,14.0,5.0,5.0
25444,62.75445079803467,11946,21.200000000000003,5.0,5.0
25445,62.75647592544556,11946,26.960000000000004,5.0,5.0
25450,62.77170968055725,11946,23.803520000000006,5.0,5.0
25451,62.77363395690918,11946,29.042816000000006,5.0,5.0
25460,62.79614233970642,11946,17.613399957504004,5.0,5.0
25470,62.82111835479736,11946,5.771558898074913,5.0,5.0
25471,62.8232843875885,11946,14.61724711845993,5.0,5.0
25472,62.82528018951416,11946,21.693797694767945,5.0,5.0
25473,62.827226877212524,11946,27.355038155814356,5.0,5.0
25476,62.84044575691223,11946,27.50722441972119,5.0,5.0
25480,62.851990938186646,11946,27.604623628621564,5.0,5.0
25483,62.86578965187073,11946,27.666959122317802,5.0,5.0
25490,62.88458275794983,11946,11.332386456501373,5.0,5.0
25500,62.91387128829956,11946,5.0,5.0,5.0
25503,62.91966390609741,11946,14.0,5.0,5.0
25510,62.94594097137451,11946,8.96,5.0,5.0
25520,62.98058009147644,11946,5.0,5.0,5.0
25526,63.00351595878601,11946,14.0,5.0,5.0
25530,63.01355290412903,11946,7.168000000000001,5.0,5.0
25540,63.05534029006958,11946,5.0,5.0,5.0
25550,63.084121227264404,11946,5.0,5.0,5.0
25560,63.09951043128967,11946,14.0,5.0,5.0
25562,63.106725215911865,11946,21.200000000000003,5.0,5.0
25565,63.112104654312134,11946,23.568000000000005,5.0,5.0
25568,63.12179970741272,11946,28.854400000000005,5.0,5.0
25570,63.125311613082886,11946,18.466816000000005,5.0,5.0
25579,63.13965058326721,11946,16.05120626688,5.0,5.0
25580,63.141539335250854,11946,22.840965013504004,5.0,5.0
25581,63.14356970787048,11946,28.272772010803205,5.0,5.0
25590,63.166829109191895,11946,9.264421932499998,5.0,5.0
25594,63.17272472381592,11946,15.9292300368,5.0,5.0
25596,63.17653679847717,11946,20.194707223552,5.0,5.0
25600,63.19033646583557,11946,12.924612623073282,5.0,5.0
25610,63.21050047874451,11946,5.0,5.0,5.0
25620,63.2341513633728,11946,5.0,5.0,5.0
25622,63.2377028465271,11946,14.0,5.0,5.0
25630,63.25570034980774,11946,5.734400000000001,5.0,5.0
25637,63.2795193195343,11946,14.0,5.0,5.0
25638,63.28154277801514,11946,21.200000000000003,5.0,5.0
25640,63.28476691246033,11946,16.960000000000004,5.0,5.0
25650,63.30837345123291,11946,5.0,5.0,5.0
25651,63.310399770736694,11946,14.0,5.0,5.0
25653,63.31329417228699,11946,21.200000000000003,5.0,5.0
25654,63.31522846221924,11946,26.960000000000004,5.0,5.0
25660,63.328096866607666,11946,13.803520000000004,5.0,5.0
25661,63.33012771606445,11946,21.042816000000002,5.0,5.0
25669,63.35218048095703,11946,16.89530994688,5.0,5.0
25670,63.35368633270264,11946,16.89530994688,5.0,5.0
25674,63.365838050842285,11946,23.516247957504,5.0,5.0
25677,63.37133979797363,11946,22.040318954242046,5.0,5.0
25680,63.37615656852722,11946,17.632255163393637,5.0,5.0
25683,63.38166880607605,11946,19.027714643657546,5.0,5.0
25690,63.3927948474884,11946,7.793751918042132,5.0,5.0
25695,63.404231548309326,11946,14.988001227546967,5.0,5.0
25700,63.415417194366455,11946,7.673856628504048,5.0,5.0
25703,63.420151710510254,11946,14.911268242242592,5.0,5.0
25710,63.43997931480408,11946,9.54321167503526,5.0,5.0
25720,63.46565008163452,11946,5.0,5.0,5.0
25726,63.47890067100525,11946,14.0,5.0,5.0
25730,63.48818302154541,11946,8.96,5.0,5.0
25733,63.495625495910645,11946,17.168,5.0,5.0
25735,63.502116441726685,11946,23.7344,5.0,5.0
25740,63.513039112091064,11946,9.721610240000002,5.0,5.0
25750,63.53503966331482,11946,5.0,5.0,5.0
25751,63.53695464134216,11946,14.0,5.0,5.0
25752,63.53921556472778,11946,21.200000000000003,5.0,5.0
25760,63.55239915847778,11946,5.557452800000004,5.0,5.0
25762,63.55612301826477,11946,14.0,5.0,5.0
25770,63.569353342056274,11946,5.0,5.0,5.0
25776,63.58807158470154,11946,14.0,5.0,5.0
25780,63.594610929489136,11946,11.200000000000001,5.0,5.0
25790,63.62340331077576,11946,5.0,5.0,5.0
25797,63.66367816925049,11946,14.0,5.0,5.0
25800,63.672422885894775,11946,18.96,5.0,5.0
25805,63.6809720993042,11946,17.766016,5.0,5.0
25810,63.69205451011658,11946,11.370250240000003,5.0,5.0
25820,63.72068524360657,11946,5.0,5.0,5.0
25823,63.7295663356781,11946,14.0,5.0,5.0
25827,63.74235725402832,11946,17.168,5.0,5.0
25829,63.746299266815186,11946,23.7344,5.0,5.0
25830,63.748265981674194,11946,28.98752,5.0,5.0
25840,63.776604652404785,11946,14.841610240000001,5.0,5.0
25842,63.77996253967285,11946,19.4986305536,5.0,5.0
25850,63.802401065826416,11946,9.983298843443203,5.0,5.0
25860,63.85682988166809,11946,7.986639074754563,5.0,5.0
25866,63.86932420730591,11946,14.089159206274338,5.0,5.0
25870,63.88246965408325,11946,11.271327365019472,5.0,5.0
25880,63.910752058029175,11946,5.0,5.0,5.0
25890,63.94571304321289,11946,5.0,5.0,5.0
25893,63.955068826675415,11946,14.0,5.0,5.0
25900,63.970736265182495,11946,5.734400000000001,5.0,5.0
25904,63.98542404174805,11946,14.587520000000001,5.0,5.0
25910,64.00582695007324,11946,9.336012800000002,5.0,5.0
25918,64.0254499912262,11946,14.0,5.0,5.0
25920,64.02888560295105,11946,11.200000000000001,5.0,5.0
25930,64.05979204177856,11946,14.587520000000001,5.0,5.0
25931,64.0617036819458,11946,21.670016000000004,5.0,5.0
25940,64.08268094062805,11946,5.680664674304002,5.0,5.0
25946,64.10157608985901,11946,14.0,5.0,5.0
25950,64.11144638061523,11946,7.168000000000001,5.0,5.0
25960,64.14957427978516,11946,14.0,5.0,5.0
25964,64.15928530693054,11946,17.168,5.0,5.0
25970,64.17546772956848,11946,17.0320128,5.0,5.0
25980,64.1985182762146,11946,8.720390553600001,5.0,5.0
25990,64.2304334640503,11946,5.0,5.0,5.0
26000,64.26816368103027,11946,14.0,5.0,5.0
26003,64.27379941940308,11946,17.168,5.0,5.0
26010,64.29630017280579,11946,10.987520000000002,5.0,5.0
26020,64.32350564002991,11946,5.0,5.0,5.0
26030,64.3576238155365,11946,5.0,5.0,5.0
26040,64.39194846153259,11946,5.0,5.0,5.0
26045,64.40782642364502,11946,14.0,5.0,5.0
26050,64.41940093040466,11946,8.96,5.0,5.0
26060,64.43802833557129,11946,5.0,5.0,5.0
26070,64.46963620185852,11946,5.0,5.0,5.0
26078,64.48166465759277,11946,14.0,5.0,5.0
26080,64.48856830596924,11946,11.200000000000001,5.0,5.0
26083,64.49387431144714,11946,18.96,5.0,5.0
26089,64.51307940483093,11946,22.1344,5.0,5.0
26090,64.51478886604309,11946,17.70752,5.0,5.0
26095,64.52384066581726,11946,19.066250240000002,5.0,5.0
26096,64.52590608596802,11946,25.253000192000002,5.0,5.0
26100,64.53602886199951,11946,16.16192012288,5.0,5.0
26101,64.53815293312073,11946,22.929536098304002,5.0,5.0
26103,64.54192614555359,11946,24.674903102914563,5.0,5.0
26110,64.55399966239929,11946,12.633550388692257,5.0,5.0
26119,64.57832884788513,11946,15.17470223920835,5.0,5.0
26120,64.58003520965576,11946,12.13976179136668,5.0,5.0
26124,64.59366083145142,11946,17.769447546474677,5.0,5.0
26130,64.60911250114441,11946,17.278365715036028,5.0,5.0
26140,64.6440360546112,11946,18.84652324609845,5.0,5.0
26149,64.67131924629211,11946,16.175628737281542,5.0,5.0
26150,64.67296743392944,11946,12.940502989825234,5.0,5.0
26158,64.69470357894897,11946,16.62553753079052,5.0,5.0
26160,64.69804787635803,11946,10.640344019705935,5.0,5.0
26170,64.72958064079285,11946,5.44785613808944,5.0,5.0
26174,64.73983359336853,11946,14.0,5.0,5.0
26180,64.75573754310608,11946,7.168000000000001,5.0,5.0
26190,64.77919363975525,11946,5.0,5.0,5.0
26200,64.80294299125671,11946,5.0,5.0,5.0
26210,64.83224105834961,11946,5.0,5.0,5.0
26213,64.84229063987732,11946,14.0,5.0,5.0
26220,64.86351728439331,11946,8.96,5.0,5.0
26230,64.88612604141235,11946,5.0,5.0,5.0
26240,64.9198145866394,11946,5.0,5.0,5.0
26250,64.95170450210571,11946,5.0,5.0,5.0
26257,64.97165966033936,11946,14.0,5.0,5.0
26260,64.98385071754456,11946,11.200000000000001,5.0,5.0
26262,64.98778486251831,11946,17.168,5.0,5.0
26270,65.00636076927185,11946,8.790016000000001,5.0,5.0
26277,65.03268694877625,11946,17.0320128,5.0,5.0
26280,65.04143285751343,11946,10.900488192000001,5.0,5.0
26290,65.08066058158875,11946,6.976312442880001,5.0,5.0
26292,65.08747482299805,11946,15.581049954304001,5.0,5.0
26297,65.10949444770813,11946,17.97749757660365,5.0,5.0
26299,65.11338090896606,11946,21.505598449026337,5.0,5.0
26300,65.11512184143066,11946,17.20447875922107,5.0,5.0
26305,65.12733674049377,11946,17.04695449977695,5.0,5.0
26307,65.1310338973999,11946,20.910050879857252,5.0,5.0
26310,65.1354341506958,11946,16.728040703885803,5.0,5.0
26320,65.15782260894775,11946,5.0,5.0,5.0
26330,65.1968035697937,11946,5.0,5.0,5.0
26332,65.20062017440796,11946,14.0,5.0,5.0
26333,65.20263671875,11946,21.200000000000003,5.0,5.0
26340,65.21357870101929,11946,10.854400000000005,5.0,5.0
26350,65.23469066619873,11946,5.0,5.0,5.0
26360,65.26013398170471,11946,5.0,5.0,5.0
26361,65.26211285591125,11946,14.0,5.0,5.0
26370,65.29556250572205,11946,5.734400000000001,5.0,5.0
26378,65.31816482543945,11946,14.0,5.0,5.0
26379,65.32021617889404,11946,21.200000000000003,5.0,5.0
26380,65.3219621181488,11946,16.960000000000004,5.0,5.0
26386,65.33123922348022,11946,16.946816000000005,5.0,5.0
26389,65.33650040626526,11946,23.557452800000007,5.0,5.0
26390,65.3381896018982,11946,18.845962240000006,5.0,5.0
26398,65.35863900184631,11946,16.175444906803204,5.0,5.0
26400,65.36225891113281,11946,10.352284740354051,5.0,5.0
26406,65.37663626670837,11946,14.240295829649021,5.0,5.0
26410,65.38628029823303,11946,7.2910314647803,5.0,5.0
26420,65.40899538993835,11946,5.0,5.0,5.0
26430,65.44060516357422,11946,5.0,5.0,5.0
26440,65.4771637916565,11946,5.0,5.0,5.0
26450,65.5028600692749,11946,5.0,5.0,5.0
26460,65.53520774841309,11946,5.0,5.0,5.0
26465,65.5473325252533,11946,14.0,5.0,5.0
26470,65.55791473388672,11946,11.200000000000001,5.0,5.0
26472,65.5620424747467,11946,17.168,5.0,5.0
26474,65.56572389602661,11946,23.7344,5.0,5.0
26475,65.56775116920471,11946,28.98752,5.0,5.0
26480,65.57582902908325,11946,14.841610240000001,5.0,5.0
26481,65.57795858383179,11946,21.873288192000004,5.0,5.0
26490,65.60676598548889,11946,11.199123554304004,5.0,5.0
26496,65.62625622749329,11946,14.587161007842921,5.0,5.0
26500,65.63316893577576,11946,9.33578304501947,5.0,5.0
26506,65.64679169654846,11946,15.97490114881246,5.0,5.0
26510,65.65670776367188,11946,10.223936735239976,5.0,5.0
26520,65.6780059337616,11946,5.0,5.0,5.0
26530,65.70636367797852,11946,5.0,5.0,5.0
26539,65.72955393791199,11946,14.0,5.0,5.0
26540,65.73110580444336,11946,14.0,5.0,5.0
26542,65.73763871192932,11946,21.200000000000003,5.0,5.0
26550,65.75648140907288,11946,16.946816000000005,5.0,5.0
26556,65.77111411094666,11946,15.553132666880003,5.0,5.0
26560,65.78582787513733,11946,9.954004906803204,5.0,5.0
26564,65.799161195755,11946,16.37056314035405,5.0,5.0
26566,65.80297207832336,11946,20.477160409826595,5.0,5.0
26567,65.80492281913757,11946,26.38172832786128,5.0,5.0
26568,65.80685186386108,11946,31.105382662289024,5.0,5.0
26570,65.8102765083313,11946,19.907444903864977,5.0,5.0
26580,65.83662414550781,11946,16.523271546098478,5.0,5.0
26590,65.86287307739258,11946,6.767932025281938,5.0,5.0
26600,65.89308857917786,11946,5.0,5.0,5.0
26610,65.91871404647827,11946,5.0,5.0,5.0
26616,65.9348692893982,11946,14.0,5.0,5.0
26620,65.94192504882812,11946,5.734400000000001,5.0,5.0
26630,65.97313356399536,11946,5.0,5.0,5.0
26631,65.97524333000183,11946,14.0,5.0,5.0
26636,65.98982524871826,11946,17.168,5.0,5.0
26640,66.00028777122498,11946,10.987520000000002,5.0,5.0
26646,66.02117085456848,11946,17.0320128,5.0,5.0
26650,66.03097033500671,11946,10.900488192000001,5.0,5.0
26652,66.03418755531311,11946,18.7203905536,5.0,5.0
26660,66.04682445526123,11946,6.134297576603649,5.0,5.0
26670,66.07688808441162,11946,5.0,5.0,5.0
26674,66.09051942825317,11946,14.0,5.0,5.0
26675,66.09257435798645,11946,21.200000000000003,5.0,5.0
26680,66.10115432739258,11946,10.854400000000005,5.0,5.0
26690,66.13132238388062,11946,5.557452800000004,5.0,5.0
26700,66.1605978012085,11946,5.0,5.0,5.0
26707,66.17850995063782,11946,14.0,5.0,5.0
26710,66.18365025520325,11946,8.96,5.0,5.0
26720,66.20932340621948,11946,5.0,5.0,5.0
26730,66.2362368106842,11946,5.0,5.0,5.0
26737,66.26155495643616,11946,14.0,5.0,5.0
26740,66.27273035049438,11946,14.0,5.0,5.0
26750,66.29812574386597,11946,14.0,5.0,5.0
26753,66.3065254688263,11946,21.200000000000003,5.0,5.0
26757,66.31718969345093,11946,20.854400000000005,5.0,5.0
26760,66.32193207740784,11946,13.346816000000004,5.0,5.0
26770,66.35311698913574,11946,5.466855833600003,5.0,5.0
26774,66.36428213119507,11946,14.0,5.0,5.0
26775,66.36637616157532,11946,21.200000000000003,5.0,5.0
26777,66.37020611763,11946,26.960000000000004,5.0,5.0
26780,66.37852096557617,11946,17.254400000000004,5.0,5.0
26787,66.39742422103882,11946,17.067402240000003,5.0,5.0
26789,66.4014220237732,11946,20.923137433600004,5.0,5.0
26790,66.4034366607666,11946,26.738509946880004,5.0,5.0
26796,66.41671752929688,11946,20.95209367424205,5.0,5.0
26800,66.43267226219177,11946,16.76167493939364,5.0,5.0
26810,66.4538254737854,11946,8.581977568969545,5.0,5.0
26820,66.48229932785034,11946,5.0,5.0,5.0
26830,66.50552010536194,11946,5.0,5.0,5.0
26840,66.52903437614441,11946,5.0,5.0,5.0
26841,66.5312340259552,11946,14.0,5.0,5.0
26845,66.54267024993896,11946,18.96,5.0,5.0
26850,66.55719017982483,11946,9.707520000000002,5.0,5.0
26860,66.58223581314087,11946,5.0,5.0,5.0
26865,66.59497404098511,11946,14.0,5.0,5.0
26868,66.60356998443604,11946,21.200000000000003,5.0,5.0
26870,66.61437273025513,11946,21.200000000000003,5.0,5.0
26877,66.62701940536499,11946,16.946816000000005,5.0,5.0
26880,66.63568472862244,11946,10.845962240000006,5.0,5.0
26883,66.64144372940063,11946,15.553132666880003,5.0,5.0
26886,66.65075159072876,11946,19.954004906803206,5.0,5.0
26890,66.6579966545105,11946,10.216450512283243,5.0,5.0
26899,66.68725347518921,11946,16.538528327861275,5.0,5.0
26900,66.68827819824219,11946,16.538528327861275,5.0,5.0
26901,66.69026398658752,11946,23.23082266228902,5.0,5.0
26904,66.69595742225647,11946,21.894181203091982,5.0,5.0
26909,66.71413898468018,11946,24.012275969978873,5.0,5.0
26910,66.71581530570984,11946,19.2098207759831,5.0,5.0
26916,66.72657537460327,11946,17.86834258984268,5.0,5.0
26920,66.73338389396667,11946,9.148591405999452,5.0,5.0
26930,66.7562985420227,11946,5.0,5.0,5.0
26940,66.78774404525757,11946,5.0,5.0,5.0
26947,66.8013436794281,11946,14.0,5.0,5.0
26948,66.80333924293518,11946,21.200000000000003,5.0,5.0
26950,66.80972409248352,11946,16.960000000000004,5.0,5.0
26952,66.81957721710205,11946,23.568000000000005,5.0,5.0
26960,66.83409762382507,11946,7.722762240000003,5.0,5.0
26965,66.84553742408752,11946,14.942567833600002,5.0,5.0
26970,66.85944294929504,11946,9.563243413504003,5.0,5.0
26980,66.88749527931213,11946,5.0,5.0,5.0
26985,66.89923644065857,11946,14.0,5.0,5.0
26990,66.90983366966248,11946,7.168000000000001,5.0,5.0
26991,66.91189694404602,11946,15.7344,5.0,5.0
27000,66.93009424209595,11946,8.056012800000003,5.0,5.0
27010,66.95099639892578,11946,5.0,5.0,5.0
27020,66.97760915756226,11946,5.0,5.0,5.0
27028,66.9944794178009,11946,14.0,5.0,5.0
27030,66.99764895439148,11946,18.96,5.0,5.0
27038,67.02417397499084,11946,14.0,5.0,5.0
27040,67.0301206111908,11946,11.200000000000001,5.0,5.0
27050,67.055006980896,11946,5.0,5.0,5.0
27060,67.08541893959045,11946,5.0,5.0,5.0
27070,67.11263251304626,11946,5.0,5.0,5.0
27080,67.14330554008484,11946,5.0,5.0,5.0
27090,67.17161750793457,11946,5.0,5.0,5.0
27093,67.17646861076355,11946,14.0,5.0,5.0
27100,67.19287109375,11946,11.200000000000001,5.0,5.0
27106,67.21342730522156,11946,17.168,5.0,5.0
27110,67.22301483154297,11946,13.7344,5.0,5.0
27113,67.23149681091309,11946,18.790016,5.0,5.0
27120,67.24588084220886,11946,12.025610240000002,5.0,5.0
27130,67.26592493057251,11946,5.0,5.0,5.0
27140,67.29113936424255,11946,5.0,5.0,5.0
27146,67.3107042312622,11946,14.0,5.0,5.0
27150,67.32339477539062,11946,11.200000000000001,5.0,5.0
27151,67.32548689842224,11946,18.96,5.0,5.0
27152,67.32763004302979,11946,25.168,5.0,5.0
27160,67.34411573410034,11946,8.247050240000002,5.0,5.0
27170,67.37307071685791,11946,14.222489722880002,5.0,5.0
27180,67.39670777320862,11946,5.0,5.0,5.0
27190,67.42413640022278,11946,5.0,5.0,5.0
27200,67.45351314544678,11946,14.0,5.0,5.0
27201,67.45544791221619,11946,21.200000000000003,5.0,5.0
27206,67.46370482444763,11946,23.568000000000005,5.0,5.0
27208,67.46745467185974,11946,28.854400000000005,5.0,5.0
27210,67.47081446647644,11946,23.083520000000007,5.0,5.0
27214,67.48853015899658,11946,21.818762240000005,5.0,5.0
27220,67.5029227733612,11946,11.171206266880006,5.0,5.0
27230,67.54245519638062,11946,5.719657608642564,5.0,5.0
27233,67.54842352867126,11946,14.0,5.0,5.0
27240,67.57365489006042,11946,7.168000000000001,5.0,5.0
27242,67.57745289802551,11946,14.587520000000001,5.0,5.0
27243,67.57948327064514,11946,21.670016000000004,5.0,5.0
27247,67.58661270141602,11946,21.095048192,5.0,5.0
27250,67.59446811676025,11946,16.8760385536,5.0,5.0
27251,67.59650373458862,11946,23.50083084288,5.0,5.0
27259,67.62425541877747,11946,17.70075225059492,5.0,5.0
27260,67.62630820274353,11946,24.160601800475938,5.0,5.0
27261,67.62832880020142,11946,29.328481440380752,5.0,5.0
27266,67.6362693309784,11946,22.01294599797996,5.0,5.0
27268,67.64010071754456,11946,24.088285438707175,5.0,5.0
27270,67.64357566833496,11946,15.416502680772593,5.0,5.0
27271,67.64566802978516,11946,22.333202144618078,5.0,5.0
27280,67.66276597976685,11946,9.147679598435566,5.0,5.0
27281,67.66482949256897,11946,17.318143678748452,5.0,5.0
27284,67.67023754119873,11946,21.08361195439901,5.0,5.0
27285,67.67218279838562,11946,26.86688956351921,5.0,5.0
27290,67.68008184432983,11946,13.755847456521835,5.0,5.0
27300,67.70935702323914,11946,8.803742372173975,5.0,5.0
27303,67.71861529350281,11946,17.04299389773918,5.0,5.0
27305,67.7223527431488,11946,23.634395118191343,5.0,5.0
27306,67.7243263721466,11946,28.907516094553074,5.0,5.0
27310,67.73473644256592,11946,14.800648240411176,5.0,5.0
27314,67.74237179756165,11946,16.06234551927242,5.0,5.0
27320,67.75617098808289,11946,8.22392090586748,5.0,5.0
27330,67.7908399105072,11946,5.0,5.0,5.0
27331,67.79304003715515,11946,14.0,5.0,5.0
27340,67.81183218955994,11946,5.0,5.0,5.0
27342,67.81572937965393,11946,14.0,5.0,5.0
27350,67.83783650398254,11946,5.734400000000001,5.0,5.0
27351,67.84014964103699,11946,14.587520000000001,5.0,5.0
27360,67.86946201324463,11946,5.0,5.0,5.0
27370,67.9015564918518,11946,5.0,5.0,5.0
27374,67.90868902206421,11946,14.0,5.0,5.0
27380,67.92488980293274,11946,7.168000000000001,5.0,5.0
27388,67.94348001480103,11946,14.0,5.0,5.0
27390,67.94641065597534,11946,11.200000000000001,5.0,5.0
27395,67.96599221229553,11946,18.96,5.0,5.0
27400,67.97461557388306,11946,6.212812800000002,5.0,5.0
27410,68.00596380233765,11946,5.0,5.0,5.0
27420,68.03258967399597,11946,5.0,5.0,5.0
27423,68.03853821754456,11946,14.0,5.0,5.0
27429,68.06469011306763,11946,15.7344,5.0,5.0
27430,68.06644201278687,11946,12.587520000000001,5.0,5.0
27431,68.06855010986328,11946,20.070016000000003,5.0,5.0
27436,68.08013343811035,11946,20.275848192,5.0,5.0
27437,68.08204746246338,11946,26.220678553600003,5.0,5.0
27440,68.0864782333374,11946,16.781234274304005,5.0,5.0
27446,68.10258626937866,11946,16.873593558754923,5.0,5.0
27450,68.11528778076172,11946,10.799099877603153,5.0,5.0
27453,68.12392330169678,11946,16.911423921666017,5.0,5.0
27457,68.13373923301697,11946,20.823311309866252,5.0,5.0
27460,68.14163136482239,11946,16.658649047893004,5.0,5.0
27470,68.17506074905396,11946,8.529228312521218,5.0,5.0
27479,68.20702147483826,11946,15.45870612001358,5.0,5.0
27480,68.21149015426636,11946,15.45870612001358,5.0,5.0
27481,68.21346950531006,11946,22.366964896010863,5.0,5.0
27485,68.22350931167603,11946,21.451886026757563,5.0,5.0
27488,68.2317156791687,11946,23.729207057124842,5.0,5.0
27489,68.2336220741272,11946,28.983365645699873,5.0,5.0
27490,68.23526000976562,11946,23.1866925165599,5.0,5.0
27493,68.24147391319275,11946,21.87158656847867,5.0,5.0
27495,68.24860644340515,11946,23.99781540382635,5.0,5.0
27497,68.25432801246643,11946,25.358601858448864,5.0,5.0
27500,68.26274538040161,11946,16.229505189407273,5.0,5.0
27508,68.28012275695801,11946,15.318084260464978,5.0,5.0
27509,68.28228425979614,11946,22.254467408371983,5.0,5.0
27510,68.28411817550659,11946,17.803573926697588,5.0,5.0
27513,68.29366278648376,11946,21.39428731308646,5.0,5.0
27520,68.3112633228302,11946,13.692343880375333,5.0,5.0
27521,68.31344246864319,11946,20.953875104300266,5.0,5.0
27526,68.3257246017456,11946,20.72838405340174,5.0,5.0
27527,68.32769513130188,11946,26.582707242721394,5.0,5.0
27530,68.33291721343994,11946,13.610346108273356,5.0,5.0
27540,68.36479783058167,11946,6.968497207435959,5.0,5.0
27550,68.38853669166565,11946,5.0,5.0,5.0
27552,68.39241695404053,11946,14.0,5.0,5.0
27559,68.40844869613647,11946,15.7344,5.0,5.0
27560,68.41322493553162,11946,15.7344,5.0,5.0
27562,68.42041611671448,11946,22.58752,5.0,5.0
27565,68.42606616020203,11946,21.564810240000003,5.0,5.0
27566,68.42805099487305,11946,27.251848192000004,5.0,5.0
27570,68.43803238868713,11946,17.441182842880007,5.0,5.0
27571,68.44006061553955,11946,23.952946274304004,5.0,5.0
27573,68.44403862953186,11946,25.329885615554563,5.0,5.0
27580,68.46693825721741,11946,10.37512114813115,5.0,5.0
27590,68.49864983558655,11946,5.0,5.0,5.0
27596,68.5118772983551,11946,14.0,5.0,5.0
27600,68.51820778846741,11946,7.168000000000001,5.0,5.0
27603,68.52818322181702,11946,14.587520000000001,5.0,5.0
27610,68.54377365112305,11946,15.975048192000003,5.0,5.0
27616,68.56063771247864,11946,18.179224674304002,5.0,5.0
27618,68.56840586662292,11946,24.543379739443203,5.0,5.0
27620,68.5722222328186,11946,25.70776303324365,5.0,5.0
27630,68.59649729728699,11946,18.42391979073328,5.0,5.0
27632,68.6003532409668,11946,21.7913086660693,5.0,5.0
27639,68.61244678497314,11946,17.14057602369759,5.0,5.0
27640,68.61709356307983,11946,17.14057602369759,5.0,5.0
27641,68.61922359466553,11946,23.71246081895807,5.0,5.0
27650,68.63729810714722,11946,6.216079328924946,5.0,5.0
27655,68.64979648590088,11946,14.0,5.0,5.0
27660,68.66204905509949,11946,7.168000000000001,5.0,5.0
27669,68.68044662475586,11946,14.0,5.0,5.0
27670,68.6821677684784,11946,11.200000000000001,5.0,5.0
27680,68.70076942443848,11946,5.0,5.0,5.0
27689,68.72141909599304,11946,14.0,5.0,5.0
27690,68.72688603401184,11946,14.0,5.0,5.0
27700,68.74931955337524,11946,7.168000000000001,5.0,5.0
27704,68.75933504104614,11946,14.587520000000001,5.0,5.0
27710,68.7755491733551,11946,9.336012800000002,5.0,5.0
27712,68.78243803977966,11946,17.468810240000003,5.0,5.0
27713,68.78458333015442,11946,23.975048192000003,5.0,5.0
27714,68.78663206100464,11946,29.180038553600003,5.0,5.0
27720,68.80101370811462,11946,11.952143791554562,5.0,5.0
27722,68.80436825752258,11946,19.56171503324365,5.0,5.0
27729,68.82392954826355,11946,16.40998278209328,5.0,5.0
27730,68.8325777053833,11946,16.40998278209328,5.0,5.0
27732,68.83888459205627,11946,23.127986225674626,5.0,5.0
27740,68.8553192615509,11946,6.062862821143252,5.0,5.0
27750,68.89189839363098,11946,5.0,5.0,5.0
27755,68.90771293640137,11946,14.0,5.0,5.0
27756,68.9098014831543,11946,21.200000000000003,5.0,5.0
27760,68.91708183288574,11946,10.854400000000005,5.0,5.0
27763,68.92589902877808,11946,18.683520000000005,5.0,5.0
27764,68.92802023887634,11946,24.946816000000005,5.0,5.0
27767,68.9370973110199,11946,25.965962240000003,5.0,5.0
27770,68.94264197349548,11946,13.294572666880004,5.0,5.0
27777,68.9633104801178,11946,14.356365571483241,5.0,5.0
27778,68.96655511856079,11946,21.485092457186596,5.0,5.0
27780,68.97015118598938,11946,17.18807396574928,5.0,5.0
27781,68.97230434417725,11946,23.750459172599424,5.0,5.0
27785,68.97969460487366,11946,22.160235096370904,5.0,5.0
27790,68.98799896240234,11946,11.346040369341905,5.0,5.0
27800,69.01731824874878,11946,5.0,5.0,5.0
27810,69.0440731048584,11946,5.0,5.0,5.0
27816,69.05706238746643,11946,14.0,5.0,5.0
27820,69.07301568984985,11946,8.96,5.0,5.0
27824,69.08090162277222,11946,14.587520000000001,5.0,5.0
27826,69.08396553993225,11946,21.670016000000004,5.0,5.0
27828,69.08772683143616,11946,23.868810240000002,5.0,5.0
27830,69.09066367149353,11946,15.276038553600003,5.0,5.0
27836,69.1041944026947,11946,15.005652313243651,5.0,5.0
27840,69.11115455627441,11946,7.682893984380751,5.0,5.0
27844,69.12140822410583,11946,14.91705215000368,5.0,5.0
27846,69.1255943775177,11946,19.546913376002358,5.0,5.0
27849,69.13608908653259,11946,22.51002456064151,5.0,5.0
27850,69.13803887367249,11946,18.00801964851321,5.0,5.0
27855,69.15366506576538,11946,19.220106060038766,5.0,5.0
27859,69.16138434410095,11946,17.872555442191878,5.0,5.0
27860,69.1631498336792,11946,14.298044353753504,5.0,5.0
27864,69.1768798828125,11946,19.150748386402242,5.0,5.0
27870,69.19021916389465,11946,7.84414653907036,5.0,5.0
27879,69.22827363014221,11946,14.016203028004025,5.0,5.0
27880,69.22926902770996,11946,14.016203028004025,5.0,5.0
27884,69.23947739601135,11946,18.970369937922577,5.0,5.0
27889,69.25758075714111,11946,25.176295950338062,5.0,5.0
27890,69.2593822479248,11946,20.141036760270453,5.0,5.0
27893,69.26490211486816,11946,20.312210821258475,5.0,5.0
27895,69.26868963241577,11946,22.999814925605424,5.0,5.0
27900,69.27901721000671,11946,14.719881552387472,5.0,5.0
27910,69.30659103393555,11946,5.0,5.0,5.0
27913,69.31282114982605,11946,14.0,5.0,5.0
27918,69.33434820175171,11946,18.96,5.0,5.0
27919,69.33649396896362,11946,25.168,5.0,5.0
27920,69.33824276924133,11946,20.1344,5.0,5.0
27930,69.36467909812927,11946,6.597640192000002,5.0,5.0
27931,69.36679863929749,11946,15.278112153600002,5.0,5.0
27938,69.38651061058044,11946,22.222489722880002,5.0,5.0
27940,69.39007925987244,11946,14.222393422643202,5.0,5.0
27950,69.413325548172,11946,5.0,5.0,5.0
27958,69.44294166564941,11946,14.0,5.0,5.0
27960,69.44652199745178,11946,8.96,5.0,5.0
27962,69.45044374465942,11946,15.7344,5.0,5.0
27970,69.47296094894409,11946,10.070016000000003,5.0,5.0
27980,69.49785494804382,11946,5.0,5.0,5.0
27990,69.52650141716003,11946,5.0,5.0,5.0
28000,69.54990124702454,11946,5.0,5.0,5.0
28010,69.58555269241333,11946,5.0,5.0,5.0
28012,69.58958005905151,11946,14.0,5.0,5.0
28018,69.61345171928406,11946,18.96,5.0,5.0
28020,69.62054061889648,11946,15.168000000000001,5.0,5.0
28030,69.64446330070496,11946,5.0,5.0,5.0
28037,69.65556812286377,11946,14.0,5.0,5.0
28040,69.66043257713318,11946,18.96,5.0,5.0
28047,69.68244481086731,11946,22.1344,5.0,5.0
28050,69.6879014968872,11946,11.3328128,5.0,5.0
28060,69.71242666244507,11946,5.0,5.0,5.0
28066,69.72797131538391,11946,14.0,5.0,5.0
28070,69.73827791213989,11946,7.168000000000001,5.0,5.0
28072,69.74201965332031,11946,15.7344,5.0,5.0
28074,69.74591636657715,11946,20.070016000000003,5.0,5.0
28076,69.7495391368866,11946,26.0560128,5.0,5.0
28080,69.76440620422363,11946,23.3406785536,5.0,5.0
28084,69.7716326713562,11946,11.950427419443201,5.0,14.0
28090,69.78658294677734,11946,7.648273548443649,5.0,8.96
28100,69.82316470146179,11946,5.0,5.0,5.0
28101,69.82527160644531,11946,14.0,5.0,5.0
28109,69.83851838111877,11946,14.0,5.0,5.0
28110,69.84293007850647,11946,14.0,5.0,5.0
28115,69.85479426383972,11946,17.168,5.0,5.0
28117,69.86127042770386,11946,23.7344,5.0,5.0
28120,69.86609220504761,11946,23.7344,5.0,5.0
28126,69.88248014450073,11946,22.1520128,5.0,5.0
28130,69.88945412635803,11946,9.07346444288,5.0,5.0
28136,69.90881156921387,11946,15.807017243443202,5.0,5.0
28140,69.914470911026,11946,10.11649103580365,5.0,5.0
28143,69.92281746864319,11946,8.09319282864292,5.0,14.0
28144,69.92497658729553,11946,16.474554262914335,5.0,14.0
28149,69.94026732444763,11946,20.543714728265176,5.0,11.200000000000001
28150,69.94225525856018,11946,26.43497178261214,5.0,11.200000000000001
28155,69.95326209068298,11946,26.91838194087177,5.0,7.168000000000001
28160,69.96574902534485,11946,13.782211553726349,5.0,5.0
28161,69.96872687339783,11946,21.025769242981077,5.0,5.0
28170,69.994464635849,11946,8.612155081925051,5.0,5.0
28180,70.03262543678284,11946,5.0,5.0,5.0
28181,70.03480863571167,11946,14.0,5.0,5.0
28187,70.0490369796753,11946,18.96,5.0,5.0
28190,70.05462908744812,11946,19.707520000000002,5.0,5.0
28200,70.0859363079071,11946,10.090250240000003,5.0,5.0
28202,70.08999228477478,11946,16.457760153600002,5.0,5.0
28210,70.11000895500183,11946,5.392878847131651,5.0,5.0
28220,70.14496803283691,11946,5.0,5.0,5.0
28230,70.17716956138611,11946,5.0,5.0,5.0
28238,70.19307708740234,11946,14.0,5.0,5.0
28240,70.19963049888611,11946,21.200000000000003,5.0,5.0
28245,70.20974969863892,11946,20.854400000000005,5.0,5.0
28247,70.21366214752197,11946,23.346816000000004,5.0,5.0
28250,70.22391653060913,11946,18.677452800000005,5.0,5.0
28253,70.23254179954529,11946,21.953569792000003,5.0,5.0
28260,70.25458884239197,11946,18.992182186803205,5.0,5.0
28270,70.28047394752502,11946,9.723997279643243,5.0,5.0
28276,70.29911375045776,11946,16.223358258971675,5.0,5.0
28280,70.30874943733215,11946,10.382949285741873,5.0,5.0
28284,70.32532238960266,11946,16.645087542874798,5.0,5.0
28287,70.3303279876709,11946,20.652856027439874,5.0,5.0
28289,70.33725190162659,11946,26.5222848219519,5.0,5.0
28290,70.33929777145386,11946,31.21782785756152,5.0,5.0
28292,70.34313416481018,11946,29.979409828839376,5.0,5.0
28300,70.36250758171082,11946,12.27956626589261,5.0,5.0
28310,70.38806939125061,11946,6.287137928137017,5.0,5.0
28318,70.40910959243774,11946,14.0,5.0,5.0
28320,70.4129228591919,11946,21.200000000000003,5.0,5.0
28328,70.43549680709839,11946,18.683520000000005,5.0,5.0
28330,70.43886923789978,11946,14.946816000000005,5.0,5.0
28334,70.44985795021057,11946,17.652769792000004,5.0,5.0
28340,70.4641649723053,11946,7.230574506803203,5.0,5.0
28350,70.50242614746094,11946,5.0,5.0,5.0
28352,70.50638437271118,11946,14.0,5.0,5.0
28357,70.51660680770874,11946,15.7344,5.0,5.0
28360,70.52331519126892,11946,10.070016000000003,5.0,5.0
28362,70.5278811454773,11946,16.444810240000002,5.0,5.0
28365,70.53753900527954,11946,23.155848192,5.0,5.0
28367,70.54155278205872,11946,24.819742842880004,5.0,5.0
28370,70.54627633094788,11946,15.884635419443203,5.0,5.0
28380,70.57963824272156,11946,6.506346667803938,5.0,5.0
28390,70.62471604347229,11946,5.0,5.0,5.0
28398,70.65064311027527,11946,14.0,5.0,5.0
28400,70.6541895866394,11946,8.96,5.0,5.0
28407,70.67248249053955,11946,14.587520000000001,5.0,5.0
28408,70.67493629455566,11946,21.670016000000004,5.0,5.0
28410,70.68445134162903,11946,21.670016000000004,5.0,5.0
28413,70.6913001537323,11946,23.868810240000002,5.0,5.0
28420,70.70935392379761,11946,7.8213317394432025,5.0,5.0
28423,70.71590042114258,11946,16.257065391554562,5.0,5.0
28430,70.74029564857483,11946,10.404521850594922,5.0,5.0
28433,70.75168561935425,11946,16.65889398438075,5.0,5.0
28440,70.7781503200531,11946,6.8234829760023565,5.0,5.0
28450,70.81251120567322,11946,5.0,5.0,5.0
28452,70.8168797492981,11946,14.0,5.0,5.0
28460,70.83959579467773,11946,5.734400000000001,5.0,5.0
28465,70.84892058372498,11946,14.0,5.0,5.0
28470,70.86057662963867,11946,5.734400000000001,5.0,5.0
28480,70.8927354812622,11946,5.0,5.0,5.0
28490,70.91527962684631,11946,5.0,5.0,5.0
28500,70.94517660140991,11946,5.0,5.0,5.0
28510,70.96484756469727,11946,5.0,5.0,5.0
28520,70.98813986778259,11946,5.0,5.0,5.0
28528,71.0044538974762,11946,14.0,5.0,5.0
28530,71.00815677642822,11946,8.96,5.0,5.0
28536,71.02201843261719,11946,14.587520000000001,5.0,5.0
28540,71.03124618530273,11946,9.336012800000002,5.0,5.0
28541,71.0334119796753,11946,17.468810240000003,5.0,5.0
28543,71.04039216041565,11946,23.975048192000003,5.0,5.0
28545,71.04415011405945,11946,29.180038553600003,5.0,5.0
28548,71.05325746536255,11946,28.675224674304,5.0,5.0
28550,71.05708241462708,11946,22.940179739443202,5.0,5.0
28551,71.05945158004761,11946,28.352143791554564,5.0,5.0
28560,71.08653426170349,11946,9.290430477616601,5.0,5.0
28565,71.0963146686554,11946,14.7567004045397,5.0,5.0
28568,71.10214400291443,11946,17.555430607124325,5.0,5.0
28570,71.10591125488281,11946,11.23547558855957,5.0,5.0
28580,71.13977885246277,11946,14.0,5.0,5.0
28585,71.15643572807312,11946,17.168,5.0,5.0
28586,71.15853238105774,11946,23.7344,5.0,5.0
28590,71.16919541358948,11946,15.190016,5.0,5.0
28600,71.19232487678528,11946,5.0,5.0,5.0
28610,71.2264711856842,11946,5.0,5.0,5.0
28620,71.25604271888733,11946,5.0,5.0,5.0
28621,71.25818276405334,11946,14.0,5.0,5.0
28622,71.26025986671448,11946,21.200000000000003,5.0,5.0
28625,71.26513576507568,11946,23.568000000000005,5.0,5.0
28628,71.27393794059753,11946,25.083520000000007,5.0,5.0
28630,71.27985215187073,11946,20.066816000000006,5.0,5.0
28631,71.28183078765869,11946,26.053452800000006,5.0,5.0
28633,71.28547477722168,11946,30.842762240000006,5.0,5.0
28636,71.29379558563232,11946,29.739367833600006,5.0,5.0
28639,71.30222129821777,11946,33.79149426688001,5.0,5.0
28640,71.303950548172,11946,27.033195413504007,5.0,5.0
28650,71.32736921310425,11946,7.086589978477598,5.0,5.0
28654,71.34266638755798,11946,14.535417586225662,5.0,5.0
28660,71.35551595687866,11946,5.953707043318032,5.0,5.0
28664,71.36220955848694,11946,14.0,5.0,5.0
28670,71.37522912025452,11946,7.168000000000001,5.0,5.0
28672,71.37902045249939,11946,15.7344,5.0,5.0
28673,71.3811182975769,11946,22.58752,5.0,5.0
28680,71.39980673789978,11946,24.456012800000003,5.0,5.0
28681,71.40184736251831,11946,29.564810240000003,5.0,5.0
28682,71.40385627746582,11946,33.651848192,5.0,5.0
28690,71.42123985290527,11946,8.82163009244365,5.0,5.0
28700,71.44739174842834,11946,14.51667460733115,5.0,5.0
28703,71.4522135257721,11946,21.613339685864922,5.0,5.0
28706,71.45696997642517,11946,23.83253739895355,5.0,5.0
28710,71.46452045440674,11946,19.761807318611375,5.0,5.0
28715,71.48045802116394,11946,20.118045347129026,5.0,5.0
28718,71.48619961738586,11946,20.300439217730062,5.0,5.0
28719,71.48836827278137,11946,26.24035137418405,5.0,5.0
28720,71.4901032447815,11946,20.99228109934724,5.0,5.0
28723,71.49574661254883,11946,20.748047922865787,5.0,5.0
28730,71.50706839561462,11946,6.798720343364663,5.0,5.0
28740,71.53182744979858,11946,5.0,5.0,5.0
28748,71.54937481880188,11946,14.0,5.0,5.0
28750,71.55274748802185,11946,11.200000000000001,5.0,5.0
28757,71.57020092010498,11946,15.7344,5.0,5.0
28758,71.57232713699341,11946,22.58752,5.0,5.0
28760,71.57522511482239,11946,18.070016000000003,5.0,5.0
28763,71.58053994178772,11946,24.456012800000003,5.0,5.0
28770,71.59601163864136,11946,10.017182842880004,5.0,5.0
28779,71.61813354492188,11946,14.10303809244365,5.0,5.0
28780,71.62269330024719,11946,14.10303809244365,5.0,5.0
28790,71.64636015892029,11946,9.025944379163937,5.0,5.0
28800,71.67151665687561,11946,14.621283522131936,5.0,5.0
28803,71.67994976043701,11946,19.357621454164438,5.0,5.0
28805,71.68381762504578,11946,22.388877730665243,5.0,5.0
28806,71.68582844734192,11946,27.911102184532194,5.0,5.0
28810,71.69899463653564,11946,17.863105398100608,5.0,5.0
28811,71.70116662979126,11946,24.290484318480488,5.0,5.0
28820,71.73078179359436,11946,7.959505901479687,5.0,5.0
28830,71.76535940170288,11946,6.36760472118375,5.0,5.0
28840,71.78760290145874,11946,5.0,5.0,5.0
28850,71.81632375717163,11946,5.0,5.0,5.0
28860,71.84881639480591,11946,5.0,5.0,5.0
28869,71.86972212791443,11946,14.0,5.0,5.0
28870,71.8743543624878,11946,14.0,5.0,5.0
28874,71.8895788192749,11946,17.168,5.0,5.0
28880,71.9049756526947,11946,10.987520000000002,5.0,5.0
28890,71.93060207366943,11946,5.625610240000001,5.0,5.0
28900,71.95251893997192,11946,5.0,5.0,5.0
28901,71.95464086532593,11946,14.0,5.0,5.0
28904,71.9636754989624,11946,18.96,5.0,5.0
28910,71.98088145256042,11946,12.134400000000001,5.0,5.0
28918,72.0037636756897,11946,14.970250240000002,5.0,5.0
28920,72.00742888450623,11946,9.580960153600001,5.0,5.0
28930,72.03030061721802,11946,14.0,5.0,5.0
28939,72.05201625823975,11946,15.7344,5.0,5.0
28940,72.05665874481201,11946,15.7344,5.0,5.0
28948,72.07599377632141,11946,18.056012800000005,5.0,5.0
28950,72.07962894439697,11946,11.555848192000004,5.0,5.0
28952,72.08289098739624,11946,19.244678553600004,5.0,5.0
28960,72.11311960220337,11946,9.853275419443204,5.0,5.0
28970,72.15123128890991,11946,5.0,5.0,5.0
28980,72.16997504234314,11946,5.0,5.0,5.0
28987,72.19259214401245,11946,14.0,5.0,5.0
28988,72.19472694396973,11946,21.200000000000003,5.0,5.0
28990,72.19859886169434,11946,23.568000000000005,5.0,5.0
28991,72.20063519477844,11946,28.854400000000005,5.0,5.0
28992,72.20264649391174,11946,33.08352000000001,5.0,5.0
28997,72.21191596984863,11946,23.551009792000006,5.0,5.0
29000,72.22104334831238,11946,15.072646266880007,5.0,5.0
29010,72.26514744758606,11946,9.646493610803205,5.0,5.0
29018,72.29328942298889,11946,14.939004728731241,5.0,5.0
29020,72.30031371116638,11946,11.951203782984994,5.0,5.0
29030,72.3249192237854,11946,5.0,5.0,5.0
29040,72.3583595752716,11946,5.0,5.0,5.0
29049,72.39163494110107,11946,14.0,5.0,5.0
29050,72.39345932006836,11946,11.200000000000001,5.0,5.0
29060,72.424489736557,11946,7.168000000000001,5.0,5.0
29070,72.45101237297058,11946,5.0,5.0,5.0
29073,72.45661425590515,11946,14.0,5.0,5.0
29080,72.47210025787354,11946,5.734400000000001,5.0,5.0
29090,72.49949431419373,11946,5.0,5.0,5.0
29092,72.50696063041687,11946,14.0,5.0,5.0
29100,72.51960563659668,11946,5.734400000000001,5.0,5.0
29109,72.53912997245789,11946,14.0,5.0,5.0
29110,72.54088926315308,11946,11.200000000000001,5.0,5.0
29114,72.5522210597992,11946,15.7344,5.0,5.0
29116,72.55589270591736,11946,22.58752,5.0,5.0
29120,72.56174302101135,11946,14.456012800000003,5.0,5.0
29123,72.5704345703125,11946,21.564810240000003,5.0,5.0
29126,72.57586717605591,11946,23.801478553600006,5.0,5.0
29127,72.57790184020996,11946,29.041182842880005,5.0,5.0
29130,72.58354020118713,11946,24.869085615554567,5.0,5.0
29140,72.6043472290039,11946,6.5192815796039385,5.0,5.0
29150,72.63353872299194,11946,5.0,5.0,5.0
29151,72.63564682006836,11946,14.0,5.0,5.0
29160,72.65599203109741,11946,8.96,5.0,5.0
29170,72.6890857219696,11946,5.0,5.0,5.0
29180,72.7167661190033,11946,14.0,5.0,5.0
29190,72.74023652076721,11946,5.0,5.0,5.0
29200,72.77217936515808,11946,14.0,5.0,5.0
29203,72.77720952033997,11946,18.96,5.0,5.0
29210,72.79523849487305,11946,22.1344,5.0,5.0
29213,72.80368781089783,11946,24.166016,5.0,5.0
29220,72.81970119476318,11946,17.91872012288,5.0,5.0
29230,72.84918332099915,11946,7.33950776233165,5.0,5.0
29240,72.87815999984741,11946,5.0,5.0,5.0
29248,72.8971631526947,11946,14.0,5.0,5.0
29250,72.90110445022583,11946,18.96,5.0,5.0
29255,72.90949296951294,11946,19.707520000000002,5.0,5.0
29260,72.92160987854004,11946,20.090250240000003,5.0,5.0
29270,72.95119023323059,11946,6.583173198643204,5.0,5.0
29273,72.95705938339233,11946,14.0,5.0,5.0
29274,72.95905256271362,11946,21.200000000000003,5.0,5.0
29278,72.96946930885315,11946,20.854400000000005,5.0,5.0
29279,72.97153568267822,11946,26.683520000000005,5.0,5.0
29280,72.97272038459778,11946,21.346816000000004,5.0,5.0
29290,72.99491810798645,11946,6.994924666880002,5.0,5.0
29291,72.99708414077759,11946,15.595939733504002,5.0,5.0
29299,73.01456642150879,11946,15.110477531874594,5.0,5.0
29300,73.01658320426941,11946,22.088382025499676,5.0,5.0
29310,73.04665637016296,11946,7.237921022115734,5.0,5.0
29320,73.08047676086426,11946,5.0,5.0,5.0
29330,73.09918308258057,11946,5.0,5.0,5.0
29340,73.12773585319519,11946,5.0,5.0,5.0
29347,73.14778232574463,11946,14.0,5.0,5.0
29350,73.15307950973511,11946,8.96,5.0,5.0
29353,73.15764927864075,11946,15.7344,5.0,5.0
29360,73.16894769668579,11946,6.4448102400000025,5.0,5.0
29370,73.20010495185852,11946,5.0,5.0,5.0
29373,73.20825910568237,11946,14.0,5.0,5.0
29377,73.2207088470459,11946,17.168,5.0,5.0
29380,73.22892951965332,11946,13.7344,5.0,5.0
29382,73.23270630836487,11946,20.987520000000004,5.0,5.0
29390,73.25334239006042,11946,8.596488192000004,5.0,5.0
29392,73.26039528846741,11946,16.877190553600002,5.0,5.0
29400,73.27763676643372,11946,8.641121563443203,5.0,5.0
29404,73.28817534446716,11946,16.91289725075456,5.0,5.0
29410,73.30446362495422,11946,8.659403392386336,5.0,5.0
29412,73.31155681610107,11946,16.92752271390907,5.0,5.0
29417,73.32451963424683,11946,18.666891629521444,5.0,5.0
29419,73.32787227630615,11946,21.946810642893723,5.0,5.0
29420,73.32961964607239,11946,17.55744851431498,5.0,5.0
29421,73.33172345161438,11946,24.045958811451985,5.0,5.0
29430,73.36383962631226,11946,7.879379783336589,5.0,5.0
29435,73.37355637550354,11946,14.0,5.0,5.0
29440,73.38725090026855,11946,21.200000000000003,5.0,5.0
29450,73.4139997959137,11946,6.9468160000000045,5.0,5.0
29451,73.41603708267212,11946,15.557452800000004,5.0,5.0
29452,73.41803002357483,11946,22.445962240000004,5.0,5.0
29453,73.42000412940979,11946,27.956769792000003,5.0,5.0
29457,73.4272735118866,11946,21.451092906803204,5.0,5.0
29460,73.43540167808533,11946,13.72869946035405,5.0,5.0
29464,73.44242596626282,11946,20.982959568283242,5.0,5.0
29470,73.45525002479553,11946,10.743275298961022,5.0,5.0
29474,73.46128845214844,11946,16.875696191335052,5.0,5.0
29480,73.47851157188416,11946,8.640356449963548,5.0,5.0
29490,73.51444244384766,11946,5.0,5.0,5.0
29495,73.52660059928894,11946,14.0,5.0,5.0
29496,73.5286693572998,11946,21.200000000000003,5.0,5.0
29500,73.5398759841919,11946,10.854400000000005,5.0,5.0
29501,73.54204535484314,11946,18.683520000000005,5.0,5.0
29506,73.55474281311035,11946,17.652769792000004,5.0,5.0
29510,73.56493616104126,11946,11.297772666880004,5.0,5.0
29520,73.58956384658813,11946,15.784459605442564,5.0,5.0
29530,73.61266469955444,11946,5.0,5.0,5.0
29540,73.64415287971497,11946,5.0,5.0,5.0
29550,73.66608762741089,11946,5.0,5.0,5.0
29554,73.67560911178589,11946,14.0,5.0,5.0
29560,73.6895203590393,11946,5.734400000000001,5.0,5.0
29570,73.71280908584595,11946,5.0,5.0,5.0
29580,73.74180126190186,11946,5.0,5.0,5.0
29582,73.75188493728638,11946,14.0,5.0,5.0
29590,73.77149534225464,11946,5.734400000000001,5.0,5.0
29600,73.79570817947388,11946,5.0,5.0,5.0
29603,73.80443072319031,11946,14.0,5.0,5.0
29605,73.80771446228027,11946,21.200000000000003,5.0,5.0
29606,73.80990529060364,11946,26.960000000000004,5.0,5.0
29610,73.8207938671112,11946,17.254400000000004,5.0,5.0
29619,73.84738993644714,11946,18.8342528,5.0,5.0
29620,73.85240745544434,11946,18.8342528,5.0,5.0
29630,73.87965250015259,11946,12.053921792000002,5.0,5.0
29639,73.90171551704407,11946,14.937286366003203,5.0,5.0
29640,73.90351724624634,11946,11.949829092802563,5.0,5.0
29643,73.9093108177185,11946,17.647890619393642,5.0,5.0
29650,73.9226803779602,11946,9.035719997129545,5.0,5.0
29660,73.94218420982361,11946,5.0,5.0,5.0
29670,73.96502590179443,11946,5.0,5.0,5.0
29675,73.98095536231995,11946,14.0,5.0,5.0
29677,73.98467636108398,11946,21.200000000000003,5.0,5.0
29679,73.98847842216492,11946,23.568000000000005,5.0,5.0
29680,73.99003982543945,11946,23.568000000000005,5.0,5.0
29690,74.01225471496582,11946,7.722762240000003,5.0,5.0
29700,74.03701138496399,11946,5.0,5.0,5.0
29710,74.06933903694153,11946,5.0,5.0,5.0
29711,74.07145500183105,11946,14.0,5.0,5.0
29714,74.08277010917664,11946,21.200000000000003,5.0,5.0
29720,74.09544658660889,11946,10.854400000000005,5.0,5.0
29721,74.09773635864258,11946,18.683520000000005,5.0,5.0
29730,74.13008522987366,11946,16.122215833600002,5.0,5.0
29739,74.1505479812622,11946,14.22634214748324,5.0,5.0
29740,74.15512323379517,11946,14.22634214748324,5.0,5.0
29750,74.1851327419281,11946,5.827109743609137,5.0,5.0
29760,74.21123242378235,11946,5.827109743609137,5.0,5.0
29763,74.2161169052124,11946,14.66168779488731,5.0,5.0
29768,74.2264153957367,11946,16.00542732078584,5.0,5.0
29770,74.22991132736206,11946,10.24347348530294,5.0,5.0
29780,74.2537088394165,11946,5.0,5.0,5.0
29790,74.27690362930298,11946,5.0,5.0,5.0
29797,74.29323720932007,11946,14.0,5.0,5.0
29800,74.29867100715637,11946,7.168000000000001,5.0,5.0
29803,74.30696320533752,11946,15.7344,5.0,5.0
29807,74.31379222869873,11946,18.056012800000005,5.0,5.0
29809,74.32094049453735,11946,24.444810240000002,5.0,5.0
29810,74.3227391242981,11946,19.555848192000003,5.0,5.0
29812,74.32676267623901,11946,22.51574284288,5.0,5.0
29820,74.3517050743103,11946,9.222448268443651,5.0,5.0
29830,74.37064290046692,11946,7.377958614754921,5.0,5.0
29835,74.37886667251587,11946,14.0,5.0,5.0
29840,74.39337086677551,11946,7.168000000000001,5.0,5.0
29844,74.40432977676392,11946,14.587520000000001,5.0,5.0
29845,74.40633988380432,11946,21.670016000000004,5.0,5.0
29850,74.41837549209595,11946,11.095048192000002,5.0,5.0
29860,74.43973660469055,11946,14.0,5.0,5.0
29864,74.45106410980225,11946,17.168,5.0,5.0
29870,74.46382975578308,11946,7.032012800000001,5.0,5.0
29871,74.46599459648132,11946,15.62561024,5.0,5.0
29876,74.47735285758972,11946,18.000312442880002,5.0,5.0
29877,74.47944808006287,11946,24.400249954304,5.0,5.0
29880,74.48760843276978,11946,19.520199963443204,5.0,5.0
29890,74.51628732681274,11946,9.994342381282923,5.0,5.0
29893,74.52157497406006,11946,15.117103299216858,5.0,5.0
29900,74.53761625289917,11946,7.739956889199033,5.0,5.0
29910,74.56793689727783,11946,5.0,5.0,5.0
29919,74.58656215667725,11946,14.0,5.0,5.0
29920,74.58835530281067,11946,11.200000000000001,5.0,5.0
29930,74.60918927192688,11946,5.0,5.0,5.0
29940,74.64471292495728,11946,5.0,5.0,5.0
29950,74.68132042884827,11946,5.0,5.0,5.0
29959,74.7106101512909,11946,14.0,5.0,5.0
29960,74.71258234977722,11946,11.200000000000001,5.0,5.0
29970,74.74420070648193,11946,5.734400000000001,5.0,5.0
29980,74.76652765274048,11946,5.0,5.0,5.0
29990,74.80348682403564,11946,5.0,5.0,5.0
29992,74.80683541297913,11946,14.0,5.0,5.0
30000,74.82044816017151,11946,5.0,5.0,5.0
30005,74.8362717628479,11946,14.0,5.0,5.0
30009,74.85131192207336,11946,21.200000000000003,5.0,5.0
30010,74.85311889648438,11946,16.960000000000004,5.0,5.0
30020,74.89538502693176,11946,6.9468160000000045,5.0,5.0
30030,74.92709541320801,11946,5.0,5.0,5.0
30040,74.95185899734497,11946,5.0,5.0,5.0
30050,74.97622537612915,11946,5.0,5.0,5.0
30055,74.98883938789368,11946,14.0,5.0,5.0
30060,75.00357937812805,11946,11.200000000000001,5.0,5.0
30064,75.01183271408081,11946,14.587520000000001,5.0,5.0
30070,75.04432654380798,11946,9.336012800000002,5.0,5.0
30071,75.04675579071045,11946,17.468810240000003,5.0,5.0
30073,75.06001353263855,11946,23.975048192000003,5.0,5.0
30078,75.06968116760254,11946,22.275224674304003,5.0,5.0
30079,75.0718834400177,11946,27.8201797394432,5.0,5.0
30080,75.073721408844,11946,22.256143791554564,5.0,5.0
30090,75.10272073745728,11946,9.116116497020752,5.0,5.0
30093,75.10783815383911,11946,15.834314558093283,5.0,5.0
30100,75.12353420257568,11946,8.107169053743762,5.0,5.0
30110,75.1506814956665,11946,14.0,5.0,5.0
30111,75.15278553962708,11946,21.200000000000003,5.0,5.0
30120,75.17700099945068,11946,5.557452800000004,5.0,5.0
30130,75.21438884735107,11946,14.445962240000004,5.0,5.0
30140,75.2478175163269,11946,17.396332666880003,5.0,5.0
30143,75.253413438797,11946,21.133652906803203,5.0,5.0
30150,75.26772570610046,11946,5.54006030760102,5.0,5.0
30151,75.26984143257141,11946,14.432048246080816,5.0,5.0
30160,75.29682898521423,11946,9.236510877491723,5.0,5.0
30170,75.3222861289978,11946,5.0,5.0,5.0
30175,75.3389139175415,11946,14.0,5.0,5.0
30180,75.35318660736084,11946,8.96,5.0,5.0
30190,75.37586712837219,11946,5.0,5.0,5.0
30197,75.39741921424866,11946,14.0,5.0,5.0
30199,75.40180683135986,11946,18.96,5.0,5.0
30200,75.40396881103516,11946,25.168,5.0,5.0
30202,75.4071524143219,11946,30.1344,5.0,5.0
30205,75.41141414642334,11946,29.286016000000004,5.0,5.0
30210,75.42249512672424,11946,11.995552153600002,5.0,5.0
30219,75.4424512386322,11946,14.913378162114562,5.0,5.0
30220,75.44402647018433,11946,11.93070252969165,5.0,5.0
30230,75.4677255153656,11946,6.1085196952021255,5.0,5.0
30233,75.47194027900696,11946,14.8868157561617,5.0,5.0
30235,75.47526121139526,11946,21.909452604929363,5.0,5.0
30237,75.4785988330841,11946,24.022049667154793,5.0,5.0
30240,75.4836037158966,11946,22.299289429583254,5.0,5.0
30241,75.48529648780823,11946,27.839431543666603,5.0,5.0
30248,75.49928092956543,11946,17.29793994258294,5.0,5.0
30250,75.50471258163452,11946,13.838351954066352,5.0,5.0
30258,75.52306985855103,11946,15.668188960385578,5.0,5.0
30260,75.52620553970337,11946,10.02764093464677,5.0,5.0
30270,75.54814887046814,11946,5.0,5.0,5.0
30278,75.56097102165222,11946,14.0,5.0,5.0
30280,75.56393122673035,11946,14.0,5.0,5.0
30283,75.56879043579102,11946,17.168,5.0,5.0
30285,75.57155275344849,11946,23.7344,5.0,5.0
30290,75.5799765586853,11946,7.777288192000002,5.0,5.0
30296,75.59256029129028,11946,14.0,5.0,5.0
30300,75.60425591468811,11946,7.168000000000001,5.0,5.0
30307,75.61489534378052,11946,14.0,5.0,5.0
30308,75.61683344841003,11946,21.200000000000003,5.0,5.0
30310,75.62022042274475,11946,13.568000000000005,5.0,5.0
30311,75.62210083007812,11946,20.854400000000005,5.0,5.0
30315,75.63243269920349,11946,20.677452800000005,5.0,5.0
30319,75.64278888702393,11946,20.586855833600005,5.0,5.0
30320,75.64431428909302,11946,20.586855833600005,5.0,5.0
30323,75.64843249320984,11946,20.540470186803205,5.0,5.0
30330,75.66305112838745,11946,8.413376588514593,5.0,5.0
30335,75.67408180236816,11946,14.307648813319473,5.0,5.0
30340,75.68494248390198,11946,9.156895240524463,5.0,5.0
30349,75.70913553237915,11946,14.0,5.0,5.0
30350,75.71071338653564,11946,11.200000000000001,5.0,5.0
30354,75.72086882591248,11946,18.96,5.0,5.0
30360,75.74763107299805,11946,12.134400000000001,5.0,5.0
30370,75.77404689788818,11946,5.0,5.0,5.0
30379,75.80201935768127,11946,14.0,5.0,5.0
30380,75.80309081077576,11946,14.0,5.0,5.0
30383,75.81088042259216,11946,18.96,5.0,5.0
30384,75.81274843215942,11946,25.168,5.0,5.0
30385,75.81454348564148,11946,30.1344,5.0,5.0
30390,75.82603478431702,11946,15.428812800000003,5.0,5.0
30393,75.83124685287476,11946,17.899552153600002,5.0,5.0
30400,75.84633827209473,11946,5.86532524969165,5.0,5.0
30410,75.87741017341614,11946,5.0,5.0,5.0
30420,75.90149784088135,11946,5.0,5.0,5.0
30427,75.91704416275024,11946,14.0,5.0,5.0
30430,75.92799878120422,11946,11.200000000000001,5.0,5.0
30440,75.94885778427124,11946,5.0,5.0,5.0
30442,75.95220470428467,11946,14.0,5.0,5.0
30447,75.96299409866333,11946,17.168,5.0,5.0
30450,75.97069096565247,11946,10.987520000000002,5.0,5.0
30458,76.0002510547638,11946,14.500488192000002,5.0,5.0
30459,76.00209045410156,11946,21.6003905536,5.0,5.0
30460,76.00367045402527,11946,17.28031244288,5.0,5.0
30470,76.02254962921143,11946,5.0,5.0,5.0
30471,76.02454829216003,11946,14.0,5.0,5.0
30480,76.05110955238342,11946,14.0,5.0,5.0
30489,76.07488346099854,11946,15.7344,5.0,5.0
30490,76.0794415473938,11946,15.7344,5.0,5.0
30500,76.10202956199646,11946,8.056012800000003,5.0,5.0
30510,76.13934993743896,11946,6.4448102400000025,5.0,5.0
30512,76.14603686332703,11946,15.155848192000002,5.0,5.0
30520,76.16449117660522,11946,7.759794274304003,5.0,5.0
30530,76.19157314300537,11946,6.207835419443203,5.0,5.0
30534,76.20168375968933,11946,14.0,5.0,5.0
30535,76.20351457595825,11946,21.200000000000003,5.0,5.0
30540,76.21182250976562,11946,18.683520000000005,5.0,5.0
30550,76.24487638473511,11946,7.652769792000004,5.0,5.0
30553,76.24991607666016,11946,14.897772666880003,5.0,5.0
30556,76.26133990287781,11946,21.918218133504006,5.0,5.0
30560,76.27089214324951,11946,14.027659605442565,5.0,5.0
30570,76.29209423065186,11946,5.745729374389276,5.0,5.0
30575,76.30305790901184,11946,14.0,5.0,5.0
30578,76.30742311477661,11946,18.96,5.0,5.0
30580,76.31064510345459,11946,12.134400000000001,5.0,5.0
30590,76.34197545051575,11946,6.212812800000002,5.0,5.0
30592,76.34558868408203,11946,14.0,5.0,5.0
30600,76.36004757881165,11946,5.734400000000001,5.0,5.0
30610,76.37932229042053,11946,14.0,5.0,5.0
30620,76.40723323822021,11946,5.734400000000001,5.0,5.0
30630,76.44103145599365,11946,5.0,5.0,5.0
30640,76.46694302558899,11946,5.0,5.0,5.0
30650,76.49130630493164,11946,5.0,5.0,5.0
30660,76.5245292186737,11946,5.0,5.0,5.0
30670,76.55794167518616,11946,5.0,5.0,5.0
30672,76.56151008605957,11946,14.0,5.0,5.0
30674,76.56488275527954,11946,18.96,5.0,5.0
30675,76.56659650802612,11946,25.168,5.0,5.0
30677,76.56977033615112,11946,30.1344,5.0,5.0
30679,76.57253074645996,11946,34.10752,5.0,5.0
30680,76.57711243629456,11946,34.10752,5.0,5.0
30690,76.5979380607605,11946,5.722292302643204,5.0,5.0
30694,76.6066825389862,11946,14.577833842114565,5.0,5.0
30700,76.61581349372864,11946,5.971080741730127,5.0,5.0
30701,76.61764812469482,11946,14.7768645933841,5.0,5.0
30709,76.63569402694702,11946,14.842082989960105,5.0,5.0
30710,76.63664031028748,11946,14.842082989960105,5.0,5.0
30720,76.65995454788208,11946,6.07931719268766,5.0,5.0
30723,76.66774106025696,11946,14.863453754150129,5.0,5.0
30726,76.67197251319885,11946,21.890763003320103,5.0,5.0
30728,76.6783332824707,11946,27.512610402656083,5.0,5.0
30729,76.68018627166748,11946,32.01008832212487,5.0,5.0
30730,76.68216586112976,11946,25.608070657699898,5.0,5.0
30732,76.68573904037476,11946,26.389165220927936,5.0,5.0
30737,76.69859218597412,11946,20.809002074492085,5.0,5.0
30740,76.70280337333679,11946,13.317761327674937,5.0,5.0
30750,76.72731256484985,11946,14.363964031852525,5.0,5.0
30760,76.74829125404358,11946,5.883479667446795,5.0,5.0
30762,76.75455093383789,11946,14.706783733957437,5.0,5.0
30770,76.7759006023407,11946,6.023898617428967,5.0,5.0
30773,76.78142952919006,11946,14.0,5.0,5.0
30780,76.79559087753296,11946,5.0,5.0,5.0
30790,76.82763743400574,11946,5.0,5.0,5.0
30800,76.84996271133423,11946,5.0,5.0,5.0
30810,76.88004803657532,11946,5.0,5.0,5.0
30816,76.89321494102478,11946,14.0,5.0,5.0
30819,76.8983383178711,11946,17.168,5.0,5.0
30820,76.89976286888123,11946,17.168,5.0,5.0
30821,76.9015896320343,11946,23.7344,5.0,5.0
30824,76.90669989585876,11946,22.1520128,5.0,5.0
30830,76.9226427078247,11946,11.341830553600001,5.0,5.0
30832,76.92959403991699,11946,19.073464442880002,5.0,5.0
30833,76.93144202232361,11946,25.258771554304005,5.0,5.0
30840,76.94893097877502,11946,12.93249103580365,5.0,5.0
30850,76.97019410133362,11946,5.297148328265176,5.0,5.0
30860,77.00497603416443,11946,5.297148328265176,5.0,5.0
30864,77.01449251174927,11946,14.237718662612142,5.0,5.0
30870,77.0292136669159,11946,7.289711955257417,5.0,5.0
30876,77.04231286048889,11946,14.0,5.0,5.0
30880,77.05205249786377,11946,18.96,5.0,5.0
30882,77.0553765296936,11946,22.1344,5.0,5.0
30884,77.0616762638092,11946,27.70752,5.0,5.0
30888,77.07148861885071,11946,24.18625024,5.0,5.0
30890,77.07792067527771,11946,19.349000192000002,5.0,5.0
30891,77.07982969284058,11946,25.479200153600004,5.0,5.0
30896,77.09367656707764,11946,23.045350478643204,5.0,5.0
30900,77.10308909416199,11946,18.436280382914564,5.0,5.0
30910,77.126638174057,11946,6.041200355873446,5.0,5.0
30920,77.15313363075256,11946,5.0,5.0,5.0
30926,77.1685676574707,11946,14.0,5.0,5.0
30930,77.186443567276,11946,14.0,5.0,5.0
30933,77.19120907783508,11946,18.96,5.0,5.0
30939,77.20020294189453,11946,19.707520000000002,5.0,5.0
30940,77.2017891407013,11946,15.766016000000002,5.0,5.0
30949,77.22472524642944,11946,16.457760153600002,5.0,5.0
30950,77.22739267349243,11946,23.16620812288,5.0,5.0
30960,77.25190711021423,11946,7.59110307770532,5.0,5.0
30961,77.25392723083496,11946,16.072882462164255,5.0,5.0
30964,77.25876188278198,11946,20.286644775785124,5.0,5.0
30968,77.26555037498474,11946,18.309409700161588,5.0,5.0
30970,77.26881170272827,11946,11.718022208103418,5.0,5.0
30980,77.29583787918091,11946,5.0,5.0,5.0
30990,77.32201027870178,11946,5.0,5.0,5.0
31000,77.33928918838501,11946,5.0,5.0,5.0
31001,77.34111952781677,11946,14.0,5.0,5.0
31003,77.34743213653564,11946,21.200000000000003,5.0,5.0
31010,77.36679792404175,11946,10.854400000000005,5.0,5.0
31020,77.39110112190247,11946,5.0,5.0,5.0
31025,77.40399980545044,11946,14.0,5.0,5.0
31030,77.42013645172119,11946,11.200000000000001,5.0,5.0
31035,77.4311752319336,11946,15.7344,5.0,5.0
31040,77.44461131095886,11946,8.056012800000003,5.0,5.0
31050,77.46239733695984,11946,5.0,5.0,5.0
31052,77.46803665161133,11946,14.0,5.0,5.0
31060,77.48928475379944,11946,5.734400000000001,5.0,5.0
31070,77.5185055732727,11946,5.0,5.0,5.0
31075,77.53264164924622,11946,14.0,5.0,5.0
31078,77.53765392303467,11946,17.168,5.0,5.0
31079,77.53953576087952,11946,23.7344,5.0,5.0
31080,77.541100025177,11946,18.98752,5.0,5.0
31089,77.56319952011108,11946,16.2218305536,5.0,5.0
31090,77.56492042541504,11946,22.97746444288,5.0,5.0
31093,77.56922674179077,11946,24.7055772434432,5.0,5.0
31100,77.58275723457336,11946,10.119404438914337,5.0,5.0
31106,77.60465025901794,11946,14.0,5.0,5.0
31110,77.61416864395142,11946,7.168000000000001,5.0,5.0
31120,77.63937377929688,11946,5.0,5.0,5.0
31130,77.6782648563385,11946,5.0,5.0,5.0
31140,77.71484017372131,11946,5.0,5.0,5.0
31149,77.74995255470276,11946,14.0,5.0,5.0
31150,77.75159454345703,11946,11.200000000000001,5.0,5.0
31152,77.75846314430237,11946,18.96,5.0,5.0
31157,77.77616310119629,11946,19.707520000000002,5.0,5.0
31159,77.77961254119873,11946,22.6128128,5.0,5.0
31160,77.78061962127686,11946,18.09025024,5.0,5.0
31170,77.81273031234741,11946,5.927813198643202,5.0,5.0
31180,77.8396692276001,11946,5.0,5.0,5.0
31190,77.8762092590332,11946,14.0,5.0,5.0
31194,77.89301991462708,11946,18.96,5.0,5.0
31195,77.89605069160461,11946,25.168,5.0,5.0
31200,77.91001415252686,11946,12.886016000000001,5.0,5.0
31205,77.92122006416321,11946,18.24705024,5.0,5.0
31210,77.93517541885376,11946,9.342489722880002,5.0,5.0
31220,77.9536337852478,11946,5.0,5.0,5.0
31230,77.98051381111145,11946,5.0,5.0,5.0
31240,78.01766633987427,11946,5.0,5.0,5.0
31241,78.01949048042297,11946,14.0,5.0,5.0
31250,78.0615611076355,11946,11.200000000000001,5.0,5.0
31260,78.08834910392761,11946,7.168000000000001,5.0,5.0
31262,78.0913565158844,11946,15.7344,5.0,5.0
31266,78.10145807266235,11946,20.070016000000003,5.0,5.0
31270,78.11085724830627,11946,12.844810240000001,5.0,5.0
31280,78.13801288604736,11946,8.2206785536,5.0,5.0
31290,78.16806435585022,11946,5.0,5.0,5.0
31300,78.19255805015564,11946,5.0,5.0,5.0
31310,78.21775937080383,11946,5.0,5.0,5.0
31320,78.24632358551025,11946,5.0,5.0,5.0
31321,78.24832510948181,11946,14.0,5.0,5.0
31323,78.25189924240112,11946,18.96,5.0,5.0
31328,78.2600793838501,11946,19.707520000000002,5.0,5.0
31330,78.26319146156311,11946,15.766016000000002,5.0,5.0
31340,78.28799676895142,11946,5.166208122880002,5.0,5.0
31350,78.3112587928772,11946,5.0,5.0,5.0
31360,78.3452684879303,11946,5.0,5.0,5.0
31361,78.34717893600464,11946,14.0,5.0,5.0
31370,78.36699748039246,11946,5.734400000000001,5.0,5.0
31373,78.37528991699219,11946,14.0,5.0,5.0
31379,78.3910026550293,11946,17.168,5.0,5.0
31380,78.39541387557983,11946,17.168,5.0,5.0
31390,78.41996216773987,11946,5.625610240000001,5.0,5.0
31391,78.42188048362732,11946,14.500488192000002,5.0,5.0
31396,78.43275165557861,11946,17.424249954304003,5.0,5.0
31400,78.4380030632019,11946,8.921215976603651,5.0,5.0
31410,78.46205043792725,11946,5.0,5.0,5.0
31412,78.46537590026855,11946,14.0,5.0,5.0
31414,78.46870064735413,11946,18.96,5.0,5.0
31415,78.47046303749084,11946,25.168,5.0,5.0
31418,78.47515678405762,11946,26.10752,5.0,5.0
31420,78.48116993904114,11946,20.886016,5.0,5.0
31424,78.48711633682251,11946,20.693640192000004,5.0,5.0
31427,78.49178647994995,11946,23.243929722880004,5.0,5.0
31430,78.49637484550476,11946,18.595143778304003,5.0,5.0
31434,78.50553774833679,11946,21.90089201811456,5.0,5.0
31435,78.50726103782654,11946,27.52071361449165,5.0,5.0
31436,78.50892615318298,11946,32.01657089159332,5.0,5.0
31440,78.51465034484863,11946,16.39248429649578,5.0,5.0
31450,78.5394389629364,11946,5.371489254275739,5.0,5.0
31459,78.56128287315369,11946,14.0,5.0,5.0
31460,78.5627167224884,11946,14.0,5.0,5.0
31461,78.56455659866333,11946,21.200000000000003,5.0,5.0
31470,78.58435416221619,11946,6.9468160000000045,5.0,5.0
31480,78.59854865074158,11946,5.0,5.0,5.0
31490,78.62675523757935,11946,5.0,5.0,5.0
31500,78.65424609184265,11946,5.0,5.0,5.0
31502,78.66197276115417,11946,14.0,5.0,5.0
31510,78.68624258041382,11946,7.168000000000001,5.0,5.0
31520,78.72006297111511,11946,5.734400000000001,5.0,5.0
31529,78.74740529060364,11946,14.0,5.0,5.0
31530,78.74832844734192,11946,14.0,5.0,5.0
31539,78.76559972763062,11946,14.587520000000001,5.0,5.0
31540,78.7665605545044,11946,14.587520000000001,5.0,5.0
31550,78.78802704811096,11946,5.975048192000003,5.0,5.0
31560,78.82304382324219,11946,5.0,5.0,5.0
31570,78.86090803146362,11946,5.0,5.0,5.0
31580,78.89654326438904,11946,14.0,5.0,5.0
31581,78.8984227180481,11946,21.200000000000003,5.0,5.0
31590,78.91484880447388,11946,5.557452800000004,5.0,5.0
31600,78.94796109199524,11946,5.0,5.0,5.0
31610,78.96997499465942,11946,5.0,5.0,5.0
31620,79.00072813034058,11946,5.0,5.0,5.0
31630,79.03477907180786,11946,5.0,5.0,5.0
31640,79.06920576095581,11946,5.0,5.0,5.0
31647,79.0807592868805,11946,14.0,5.0,5.0
31650,79.08843421936035,11946,18.96,5.0,5.0
31660,79.10901236534119,11946,7.766016000000002,5.0,5.0
31667,79.12592554092407,11946,14.0,5.0,5.0
31670,79.13065814971924,11946,7.168000000000001,5.0,5.0
31680,79.15499258041382,11946,5.0,5.0,5.0
31690,79.18261218070984,11946,5.0,5.0,5.0
31700,79.20944142341614,11946,5.0,5.0,5.0
31704,79.22097730636597,11946,14.0,5.0,5.0
31710,79.24051594734192,11946,8.96,5.0,5.0
31717,79.26080894470215,11946,14.587520000000001,5.0,5.0
31720,79.26904487609863,11946,19.336012800000002,5.0,5.0
31730,79.29410672187805,11946,16.336024674304003,5.0,5.0
31740,79.32888770103455,11946,6.691235706594921,5.0,5.0
31744,79.34180450439453,11946,15.352988565275936,5.0,5.0
31745,79.34376525878906,11946,22.28239085222075,5.0,5.0
31747,79.34721827507019,11946,27.8259126817766,5.0,5.0
31749,79.35020160675049,11946,27.808584116337027,5.0,5.0
31750,79.35490703582764,11946,27.808584116337027,5.0,5.0
31751,79.35674357414246,11946,32.24686729306963,5.0,5.0
31760,79.38144397735596,11946,8.453322779674446,5.0,5.0
31770,79.41706323623657,11946,5.0,5.0,5.0
31772,79.42333316802979,11946,14.0,5.0,5.0
31778,79.43853211402893,11946,18.96,5.0,5.0
31780,79.44142198562622,11946,12.134400000000001,5.0,5.0
31782,79.44469261169434,11946,19.707520000000002,5.0,5.0
31789,79.45895504951477,11946,18.072200192000004,5.0,5.0
31790,79.46058177947998,11946,14.457760153600004,5.0,5.0
31797,79.47410869598389,11946,17.402373198643204,5.0,5.0
31798,79.47584342956543,11946,23.921898558914563,5.0,5.0
31800,79.4788990020752,11946,19.137518847131652,5.0,5.0
31801,79.48072266578674,11946,25.310015077705323,5.0,5.0
31807,79.49693465232849,11946,22.95872771978513,5.0,5.0
31810,79.50183033943176,11946,11.754868592529988,5.0,5.0
31816,79.51055788993835,11946,16.018492719375352,5.0,5.0
31820,79.51661348342896,11946,10.251835340400227,5.0,5.0
31828,79.53208684921265,11946,15.248939694284918,5.0,5.0
31830,79.5352611541748,11946,12.199151755427934,5.0,5.0
31840,79.55613565444946,11946,5.0,5.0,5.0
31850,79.58667159080505,11946,5.0,5.0,5.0
31854,79.59942507743835,11946,14.0,5.0,5.0
31860,79.61742043495178,11946,8.96,5.0,5.0
31870,79.64469003677368,11946,5.734400000000001,5.0,5.0
31876,79.65723991394043,11946,14.0,5.0,5.0
31880,79.67536091804504,11946,11.200000000000001,5.0,5.0
31885,79.68646478652954,11946,17.168,5.0,5.0
31890,79.69756436347961,11946,10.987520000000002,5.0,5.0
31900,79.71914267539978,11946,5.0,5.0,5.0
31910,79.7452609539032,11946,5.0,5.0,5.0
31917,79.7593457698822,11946,14.0,5.0,5.0
31920,79.76407289505005,11946,8.96,5.0,5.0
31921,79.76585340499878,11946,17.168,5.0,5.0
31930,79.78272891044617,11946,7.032012800000001,5.0,5.0
31932,79.78621077537537,11946,14.500488192000002,5.0,5.0
31940,79.81361770629883,11946,7.424249954304002,5.0,5.0
31950,79.83180642127991,11946,5.0,5.0,5.0
31960,79.868488073349,11946,5.0,5.0,5.0
31970,79.89986395835876,11946,5.0,5.0,5.0
31977,79.9152581691742,11946,14.0,5.0,5.0
31980,79.92303729057312,11946,14.0,5.0,5.0
31990,79.94499850273132,11946,5.734400000000001,5.0,5.0
32000,79.97534704208374,11946,5.0,5.0,5.0
32003,79.98010730743408,11946,14.0,5.0,5.0
32010,79.99090218544006,11946,5.734400000000001,5.0,5.0
32011,79.99286389350891,11946,14.587520000000001,5.0,5.0
32015,79.999027967453,11946,19.336012800000002,5.0,5.0
32018,80.00725746154785,11946,22.375048192,5.0,5.0
32020,80.01041197776794,11946,17.9000385536,5.0,5.0
32022,80.0137836933136,11946,24.32003084288,5.0,5.0
32025,80.02238845825195,11946,29.456024674304004,5.0,5.0
32030,80.03260445594788,11946,15.081484633243655,5.0,5.0
32031,80.03445887565613,11946,22.065187706594926,5.0,5.0
32040,80.05512690544128,11946,7.230320707697027,5.0,5.0
32041,80.0571358203888,11946,15.784256566157623,5.0,5.0
32042,80.05892515182495,11946,22.6274052529261,5.0,5.0
32044,80.06248736381531,11946,24.481539361872706,5.0,5.0
32049,80.07323718070984,11946,22.534548153278827,5.0,5.0
32050,80.07509160041809,11946,28.02763852262306,5.0,5.0
32051,80.07692766189575,11946,32.422110818098446,5.0,5.0
32060,80.1035373210907,11946,8.499261818299601,5.0,5.0
32070,80.12564063072205,11946,14.0,5.0,5.0
32074,80.1403431892395,11946,18.96,5.0,5.0
32080,80.15493535995483,11946,6.212812800000002,5.0,5.0
32090,80.18015336990356,11946,5.0,5.0,5.0
32094,80.18979930877686,11946,14.0,5.0,5.0
32097,80.19428253173828,11946,18.96,5.0,5.0
32100,80.1988697052002,11946,12.134400000000001,5.0,5.0
32110,80.22038149833679,11946,14.0,5.0,5.0
32111,80.22219514846802,11946,21.200000000000003,5.0,5.0
32112,80.22389841079712,11946,26.960000000000004,5.0,5.0
32114,80.22760224342346,11946,27.254400000000004,5.0,5.0
32120,80.24336504936218,11946,8.930721792000003,5.0,5.0
32130,80.26799511909485,11946,5.0,5.0,5.0
32140,80.29121279716492,11946,14.0,5.0,5.0
32143,80.29649090766907,11946,17.168,5.0,5.0
32150,80.31486940383911,11946,8.790016000000001,5.0,5.0
32153,80.32338190078735,11946,15.62561024,5.0,5.0
32160,80.34456610679626,11946,6.400249954304001,5.0,5.0
32163,80.34915685653687,11946,15.120199963443202,5.0,5.0
32165,80.35280513763428,11946,19.67692797660365,5.0,5.0
32170,80.3615882396698,11946,16.447735759373487,5.0,5.0
32175,80.37308120727539,11946,20.526550885999033,5.0,5.0
32177,80.37663078308105,11946,23.136992567039385,5.0,5.0
32180,80.38149237632751,11946,14.807675242905209,5.0,5.0
32187,80.39274716377258,11946,16.065223779493977,5.0,5.0
32190,80.40080833435059,11946,12.852179023595182,5.0,5.0
32200,80.43007779121399,11946,5.264252528064588,5.0,5.0
32210,80.46240234375,11946,5.0,5.0,5.0
32217,80.48152279853821,11946,14.0,5.0,5.0
32219,80.48488306999207,11946,21.200000000000003,5.0,5.0
32220,80.49065113067627,11946,21.200000000000003,5.0,5.0
32221,80.49277782440186,11946,26.960000000000004,5.0,5.0
32229,80.50648522377014,11946,17.067402240000003,5.0,5.0
32230,80.50805735588074,11946,13.653921792000004,5.0,5.0
32234,80.52114820480347,11946,20.923137433600004,5.0,5.0
32237,80.52786040306091,11946,23.390807957504002,5.0,5.0
32238,80.52986431121826,11946,28.712646366003202,5.0,5.0
32240,80.5331175327301,11946,22.970117092802564,5.0,5.0
32242,80.53676962852478,11946,28.376093674242053,5.0,5.0
32243,80.53874373435974,11946,32.70087493939364,5.0,5.0
32250,80.55801630020142,11946,10.715422700140511,5.0,5.0
32251,80.5600233078003,11946,18.57233816011241,5.0,5.0
32254,80.56477689743042,11946,19.509037137977558,5.0,5.0
32259,80.57264232635498,11946,19.98862701464451,5.0,5.0
32260,80.57740950584412,11946,19.98862701464451,5.0,5.0
32270,80.61284160614014,11946,6.549873300158715,5.0,5.0
32274,80.62613439559937,11946,14.191918912101578,5.0,5.0
32276,80.62917184829712,11946,19.08282810374501,5.0,5.0
32280,80.63554382324219,11946,12.213009986396806,5.0,5.0
32283,80.64379024505615,11946,17.816326391293956,5.0,5.0
32290,80.654700756073,11946,5.838053831899206,5.0,5.0
32291,80.65657496452332,11946,14.670443065519365,5.0,5.0
32297,80.67410278320312,11946,16.00901347963673,5.0,5.0
32300,80.68279719352722,11946,10.24576862696751,5.0,5.0
32310,80.726487159729,11946,5.245833537007366,5.0,5.0
32316,80.75527930259705,11946,14.196666829605892,5.0,5.0
32320,80.76441264152527,11946,7.268693416758218,5.0,5.0
32322,80.76914930343628,11946,14.651963786725261,5.0,5.0
32325,80.78105092048645,11946,21.721571029380208,5.0,5.0
32328,80.78890490531921,11946,23.90180545880333,5.0,5.0
32330,80.79511213302612,11946,19.121444367042667,5.0,5.0
32336,80.80675077438354,11946,19.79017951592585,5.0,5.0
32340,80.8132553100586,11946,15.83214361274068,5.0,5.0
32343,80.81843256950378,11946,20.132571912154035,5.0,5.0
32349,80.83083701133728,11946,16.597041164174634,5.0,5.0
32350,80.83180856704712,11946,16.597041164174634,5.0,5.0
32360,80.85359215736389,11946,5.438518448676746,5.0,5.0
32370,80.87196350097656,11946,5.0,5.0,5.0
32379,80.897780418396,11946,14.0,5.0,5.0
32380,80.89919519424438,11946,14.0,5.0,5.0
32382,80.90554070472717,11946,21.200000000000003,5.0,5.0
32390,80.91785383224487,11946,5.557452800000004,5.0,5.0
32400,80.93866610527039,11946,5.0,5.0,5.0
32402,80.94224834442139,11946,14.0,5.0,5.0
32410,80.96282434463501,11946,8.96,5.0,5.0
32419,80.98485803604126,11946,14.587520000000001,5.0,5.0
32420,80.98667407035828,11946,21.670016000000004,5.0,5.0
32430,81.013827085495,11946,17.10083084288,5.0,5.0
32440,81.04119062423706,11946,5.0,5.0,5.0
32450,81.06183862686157,11946,5.0,5.0,5.0
32460,81.08371639251709,11946,5.0,5.0,5.0
32470,81.12021231651306,11946,5.0,5.0,5.0
32480,81.14563298225403,11946,5.0,5.0,5.0
32483,81.15055298805237,11946,14.0,5.0,5.0
32487,81.16061449050903,11946,17.168,5.0,5.0
32490,81.168372631073,11946,13.7344,5.0,5.0
32491,81.17027401924133,11946,20.987520000000004,5.0,5.0
32493,81.17337346076965,11946,23.432012800000003,5.0,5.0
32497,81.18297076225281,11946,21.9971905536,5.0,5.0
32500,81.18784236907959,11946,11.262561563443201,5.0,5.0
32510,81.21174216270447,11946,5.0,5.0,5.0
32520,81.24783062934875,11946,5.0,5.0,5.0
32530,81.26963496208191,11946,5.0,5.0,5.0
32540,81.2927577495575,11946,5.0,5.0,5.0
32550,81.31063938140869,11946,5.0,5.0,5.0
32554,81.31969928741455,11946,14.0,5.0,5.0
32560,81.33125162124634,11946,7.168000000000001,5.0,5.0
32561,81.33316421508789,11946,15.7344,5.0,5.0
32569,81.34614300727844,11946,15.155848192000002,5.0,5.0
32570,81.34785962104797,11946,12.124678553600003,5.0,5.0
32580,81.37459206581116,11946,6.207835419443203,5.0,5.0
32590,81.40481853485107,11946,5.0,5.0,5.0
32595,81.41531777381897,11946,14.0,5.0,5.0
32600,81.42606377601624,11946,7.168000000000001,5.0,5.0
32603,81.43655109405518,11946,15.7344,5.0,5.0
32610,81.44994735717773,11946,8.056012800000003,5.0,5.0
32614,81.45587396621704,11946,15.155848192000002,5.0,5.0
32620,81.46470832824707,11946,6.207835419443203,5.0,5.0
32630,81.49575805664062,11946,5.0,5.0,5.0
32633,81.5033049583435,11946,14.0,5.0,5.0
32636,81.50828289985657,11946,17.168,5.0,5.0
32638,81.5143883228302,11946,23.7344,5.0,5.0
32640,81.52057576179504,11946,28.98752,5.0,5.0
32643,81.52853727340698,11946,28.5520128,5.0,5.0
32650,81.5437536239624,11946,17.484738843443203,5.0,5.0
32652,81.54723453521729,11946,21.19023285980365,5.0,5.0
32660,81.56146192550659,11946,8.679519379375575,5.0,5.0
32670,81.57949924468994,11946,5.0,5.0,5.0
32680,81.61110353469849,11946,5.0,5.0,5.0
32690,81.634122133255,11946,5.0,5.0,5.0
32700,81.66050481796265,11946,5.0,5.0,5.0
32706,81.67500686645508,11946,14.0,5.0,5.0
32710,81.68944668769836,11946,14.0,5.0,5.0
32720,81.71302556991577,11946,7.168000000000001,5.0,5.0
32730,81.7390604019165,11946,5.0,5.0,5.0
32736,81.75962805747986,11946,14.0,5.0,5.0
32740,81.76842141151428,11946,17.168,5.0,5.0
32750,81.79516077041626,11946,5.625610240000001,5.0,5.0
32760,81.82586359977722,11946,5.0,5.0,5.0
32763,81.83435440063477,11946,14.0,5.0,5.0
32770,81.8538224697113,11946,8.96,5.0,5.0
32780,81.88048028945923,11946,5.0,5.0,5.0
32781,81.88245725631714,11946,14.0,5.0,5.0
32790,81.9028730392456,11946,5.734400000000001,5.0,5.0
32800,81.92403936386108,11946,5.0,5.0,5.0
32810,81.94756197929382,11946,5.0,5.0,5.0
32814,81.95756411552429,11946,14.0,5.0,5.0
32815,81.9593985080719,11946,21.200000000000003,5.0,5.0
32820,81.96768307685852,11946,8.683520000000005,5.0,5.0
32830,81.99757170677185,11946,5.0,5.0,5.0
32840,82.0214056968689,11946,5.0,5.0,5.0
32850,82.05076313018799,11946,5.0,5.0,5.0
32860,82.09088325500488,11946,5.0,5.0,5.0
32864,82.1044409275055,11946,14.0,5.0,5.0
32870,82.11647629737854,11946,7.168000000000001,5.0,5.0
32880,82.1441900730133,11946,5.0,5.0,5.0
32881,82.14609718322754,11946,14.0,5.0,5.0
32884,82.15127325057983,11946,18.96,5.0,5.0
32890,82.16322588920593,11946,12.134400000000001,5.0,5.0
32892,82.1696891784668,11946,19.707520000000002,5.0,5.0
32900,82.19324278831482,11946,6.457760153600002,5.0,5.0
32907,82.21419024467468,11946,14.132966498304002,5.0,5.0
32910,82.22208833694458,11946,11.306373198643202,5.0,5.0
32911,82.2240891456604,11946,19.04509855891456,5.0,5.0
32920,82.24147987365723,11946,5.0,5.0,5.0
32923,82.25191140174866,11946,14.0,5.0,5.0
32930,82.26859951019287,11946,7.168000000000001,5.0,5.0
32940,82.29179525375366,11946,5.0,5.0,5.0
32948,82.32234978675842,11946,14.0,5.0,5.0
32950,82.32571029663086,11946,8.96,5.0,5.0
32958,82.35374140739441,11946,15.7344,5.0,5.0
32960,82.3571138381958,11946,10.070016000000003,5.0,5.0
32968,82.37924981117249,11946,16.444810240000002,5.0,5.0
32969,82.38125419616699,11946,23.155848192,5.0,5.0
32970,82.38601183891296,11946,23.155848192,5.0,5.0
32980,82.41117596626282,11946,7.587708335554563,5.0,5.0
32981,82.4132149219513,11946,16.07016666844365,5.0,5.0
32982,82.41510128974915,11946,22.856133334754922,5.0,5.0
32990,82.43055486679077,11946,9.361872213915618,5.0,5.0
33000,82.45031785964966,11946,5.0,5.0,5.0
33007,82.47057914733887,11946,14.0,5.0,5.0
33010,82.4776918888092,11946,11.200000000000001,5.0,5.0
33015,82.4861900806427,11946,14.587520000000001,5.0,5.0
33020,82.504070520401,11946,19.336012800000002,5.0,5.0
33030,82.52625727653503,11946,5.068819739443203,5.0,5.0
33033,82.53453159332275,11946,14.055055791554562,5.0,5.0
33037,82.54469084739685,11946,17.196188565275936,5.0,5.0
33040,82.55304598808289,11946,11.0055606817766,5.0,5.0
33050,82.57824039459229,11946,7.0435588363370245,5.0,5.0
33055,82.59661936759949,11946,14.0,5.0,5.0
33060,82.60396718978882,11946,8.96,5.0,5.0
33070,82.63123798370361,11946,7.168000000000001,5.0,5.0
33071,82.63306260108948,11946,15.7344,5.0,5.0
33074,82.63808560371399,11946,18.056012800000005,5.0,5.0
33080,82.65052342414856,11946,7.395742842880003,5.0,5.0
33090,82.66702103614807,11946,5.0,5.0,5.0
33094,82.67927575111389,11946,14.0,5.0,5.0
33099,82.68690800666809,11946,17.168,5.0,5.0
33100,82.68848371505737,11946,13.7344,5.0,5.0
33105,82.69544053077698,11946,17.0320128,5.0,5.0
33110,82.70328497886658,11946,8.720390553600001,5.0,5.0
33120,82.7301971912384,11946,5.0,5.0,5.0
33130,82.75684714317322,11946,5.0,5.0,5.0
33133,82.76124382019043,11946,14.0,5.0,5.0
33137,82.77063751220703,11946,18.96,5.0,5.0
33138,82.77245116233826,11946,25.168,5.0,5.0
33140,82.77573847770691,11946,16.10752,5.0,5.0
33150,82.79292607307434,11946,6.597640192000002,5.0,5.0
33157,82.8119797706604,11946,15.278112153600002,5.0,5.0
33160,82.8167495727539,11946,12.222489722880002,5.0,5.0
33167,82.83814215660095,11946,15.00633179049165,5.0,5.0
33169,82.84165453910828,11946,22.005065432393323,5.0,5.0
33170,82.84363961219788,11946,27.60405234591466,5.0,5.0
33174,82.8575587272644,11946,32.083241876731734,5.0,5.0
33177,82.86312055587769,11946,26.42661984088665,5.0,5.0
33180,82.86787676811218,11946,21.14129587270932,5.0,5.0
33190,82.89408040046692,11946,8.659474789461738,5.0,5.0
33191,82.89607810974121,11946,16.92757983156939,5.0,5.0
33194,82.89992141723633,11946,23.542063865255514,5.0,5.0
33196,82.90345478057861,11946,25.06692087376353,5.0,5.0
33200,82.90948176383972,11946,12.834263487366929,5.0,5.0
33210,82.93878555297852,11946,5.0,5.0,5.0
33220,82.96399903297424,11946,5.0,5.0,5.0
33230,82.9918270111084,11946,5.0,5.0,5.0
33232,82.99480772018433,11946,14.0,5.0,5.0
33240,83.01435470581055,11946,11.200000000000001,5.0,5.0
33246,83.03088307380676,11946,17.168,5.0,5.0
33247,83.03268313407898,11946,23.7344,5.0,5.0
33250,83.04402041435242,11946,23.7344,5.0,5.0
33258,83.06318354606628,11946,17.777288192,5.0,5.0
33260,83.0690438747406,11946,17.777288192,5.0,5.0
33270,83.0942075252533,11946,5.825261794754561,5.0,5.0
33280,83.1273877620697,11946,5.0,5.0,5.0
33290,83.1539421081543,11946,5.0,5.0,14.0
33300,83.1913251876831,11946,5.0,5.0,11.200000000000001
33310,83.22192788124084,11946,5.0,5.0,5.0
33317,83.243577003479,11946,14.0,5.0,5.0
33320,83.25116562843323,11946,11.200000000000001,5.0,5.0
33325,83.26303362846375,11946,17.168,5.0,5.0
33326,83.26864051818848,11946,23.7344,5.0,5.0
33330,83.2798261642456,11946,12.152012800000001,5.0,5.0
33332,83.28787612915039,11946,19.721610240000004,5.0,5.0
33337,83.29986047744751,11946,20.097464442880003,5.0,5.0
33340,83.30827355384827,11946,16.077971554304003,5.0,5.0
33343,83.31784772872925,11946,22.862377243443206,5.0,5.0
33350,83.34416723251343,11946,14.631921435803655,5.0,5.0
33352,83.3477737903595,11946,19.36442971891434,5.0,5.0
33354,83.35149264335632,11946,22.39323502010518,5.0,5.0
33355,83.35341691970825,11946,27.914588016084146,5.0,5.0
33360,83.36731362342834,11946,27.865336330293854,5.0,5.0
33365,83.38405442237854,11946,24.26705220111046,5.0,5.0
33367,83.38777542114258,11946,25.530913408710695,5.0,5.0
33370,83.3961124420166,11946,16.339784581574847,5.0,5.0
33375,83.40824127197266,11946,16.69277576461306,5.0,5.0
33380,83.42046356201172,11946,8.546701191481889,5.0,5.0
33383,83.43042540550232,11946,16.83736095318551,5.0,5.0
33390,83.44941735267639,11946,8.62072880803098,5.0,5.0
33394,83.46377372741699,11946,16.896583046424784,5.0,5.0
33400,83.48373675346375,11946,10.813813149711862,5.0,5.0
33402,83.49045825004578,11946,18.65105051976949,5.0,5.0
33410,83.51266837120056,11946,11.936672332652476,5.0,5.0
33416,83.53174901008606,11946,19.54933786612198,5.0,5.0
33418,83.5383665561676,11946,25.639470292897585,5.0,5.0
33420,83.54489636421204,11946,20.51157623431807,5.0,5.0
33421,83.54680705070496,11946,26.409260987454456,5.0,5.0
33429,83.57077193260193,11946,23.52154162557668,5.0,5.0
33430,83.5724265575409,11946,18.817233300461346,5.0,5.0
33431,83.5742506980896,11946,25.053786640369076,5.0,5.0
33439,83.59451460838318,11946,18.209624806316143,5.0,5.0
33440,83.59916973114014,11946,18.209624806316143,5.0,5.0
33450,83.62870287895203,11946,5.966929856533675,5.0,5.0
33460,83.66323399543762,11946,5.0,5.0,5.0
33465,83.67465901374817,11946,14.0,5.0,5.0
33468,83.68289542198181,11946,18.96,5.0,5.0
33470,83.68664050102234,11946,22.1344,5.0,5.0
33480,83.7130081653595,11946,17.253000192000002,5.0,5.0
33484,83.7198600769043,11946,18.833536098304002,5.0,5.0
33486,83.7233943939209,11946,22.053463102914563,5.0,5.0
33487,83.72519612312317,11946,27.642770482331652,5.0,5.0
33490,83.73584246635437,11946,27.642770482331652,5.0,5.0
33495,83.74818348884583,11946,21.322478789563046,5.0,5.0
33497,83.7518002986908,11946,23.64638642532035,5.0,5.0
33500,83.75619602203369,11946,12.106949849764021,5.0,5.0
33501,83.75815224647522,11946,19.685559879811215,5.0,5.0
33510,83.78255414962769,11946,6.450564261416542,5.0,5.0
33520,83.82464408874512,11946,5.0,5.0,5.0
33524,83.83770847320557,11946,14.0,5.0,5.0
33530,83.86190462112427,11946,8.96,5.0,5.0
33531,83.86397194862366,11946,17.168,5.0,5.0
33533,83.87051701545715,11946,23.7344,5.0,5.0
33540,83.88475775718689,11946,19.721610240000004,5.0,5.0
33550,83.90469002723694,11946,8.077971554304003,5.0,5.0
33560,83.93867301940918,11946,5.169901794754563,5.0,5.0
33570,83.97714447975159,11946,5.0,5.0,5.0
33580,84.0033016204834,11946,5.0,5.0,5.0
33590,84.0364408493042,11946,5.0,5.0,5.0
33600,84.05638551712036,11946,5.0,5.0,5.0
33601,84.05837059020996,11946,14.0,5.0,5.0
33604,84.0636100769043,11946,21.200000000000003,5.0,5.0
33610,84.07525992393494,11946,13.568000000000005,5.0,5.0
33614,84.0844476222992,11946,18.683520000000005,5.0,5.0
33620,84.10366201400757,11946,9.565962240000005,5.0,5.0
33622,84.1137683391571,11946,17.652769792000004,5.0,5.0
33630,84.13831567764282,11946,7.230574506803203,5.0,5.0
33640,84.16737079620361,11946,5.0,5.0,5.0
33642,84.17104697227478,11946,14.0,5.0,5.0
33646,84.17842364311218,11946,15.7344,5.0,5.0
33650,84.18491387367249,11946,18.056012800000005,5.0,5.0
33653,84.19390201568604,11946,24.444810240000002,5.0,5.0
33660,84.21345067024231,11946,12.515742842880002,5.0,5.0
33670,84.2375762462616,11946,5.12644826844365,5.0,5.0
33680,84.25992631912231,11946,5.0,5.0,5.0
33690,84.2995982170105,11946,5.0,5.0,5.0
33700,84.32212543487549,11946,5.0,5.0,5.0
33710,84.35167980194092,11946,5.0,5.0,5.0
33720,84.38286852836609,11946,5.0,5.0,5.0
33730,84.41487908363342,11946,5.0,5.0,5.0
33740,84.43943858146667,11946,5.0,5.0,5.0
33750,84.4757091999054,11946,5.0,5.0,5.0
33760,84.50208520889282,11946,5.0,5.0,5.0
33770,84.52656316757202,11946,5.0,5.0,5.0
33780,84.5564181804657,11946,5.0,5.0,5.0
33790,84.58623909950256,11946,5.0,5.0,5.0
33800,84.61695098876953,11946,5.0,5.0,5.0
33810,84.654141664505,11946,5.0,5.0,5.0
33820,84.69568753242493,11946,5.0,5.0,5.0
33822,84.70383167266846,11946,14.0,5.0,5.0
33830,84.71960592269897,11946,7.168000000000001,5.0,5.0
33835,84.73030757904053,11946,15.7344,5.0,5.0
33836,84.73208665847778,11946,22.58752,5.0,5.0
33838,84.73827767372131,11946,28.070016000000003,5.0,5.0
33840,84.74412202835083,11946,28.070016000000003,5.0,5.0
33850,84.76915764808655,11946,9.197982842880002,5.0,5.0
33860,84.79374074935913,11946,5.0,5.0,5.0
33864,84.8021399974823,11946,14.0,5.0,5.0
33868,84.80911707878113,11946,15.7344,5.0,5.0
33870,84.811776638031,11946,12.587520000000001,5.0,5.0
33880,84.84681105613708,11946,6.4448102400000025,5.0,5.0
33890,84.87408256530762,11946,5.0,5.0,5.0
33900,84.90703797340393,11946,5.0,5.0,5.0
33901,84.90918517112732,11946,14.0,5.0,5.0
33902,84.91102886199951,11946,21.200000000000003,5.0,5.0
33907,84.92264699935913,11946,18.683520000000005,5.0,5.0
33910,84.92756915092468,11946,11.957452800000006,5.0,5.0
33918,84.95638871192932,11946,14.0,5.0,5.0
33920,84.96271324157715,11946,11.200000000000001,5.0,5.0
33921,84.96467018127441,11946,18.96,5.0,5.0
33930,84.98459696769714,11946,7.766016000000002,5.0,5.0
33935,84.99462175369263,11946,14.0,5.0,5.0
33938,85.00368428230286,11946,18.96,5.0,5.0
33940,85.00575113296509,11946,15.168000000000001,5.0,5.0
33944,85.01142239570618,11946,17.766016,5.0,5.0
33950,85.02069139480591,11946,21.370250240000004,5.0,5.0
33960,85.0434181690216,11946,5.0,5.0,5.0
33970,85.07366156578064,11946,5.0,5.0,5.0
33980,85.09532022476196,11946,5.0,5.0,5.0
33984,85.10519981384277,11946,14.0,5.0,5.0
33990,85.11812996864319,11946,5.734400000000001,5.0,5.0
33992,85.12174367904663,11946,14.0,5.0,5.0
33993,85.12366032600403,11946,21.200000000000003,5.0,5.0
34000,85.13775420188904,11946,20.854400000000005,5.0,5.0
34010,85.1553943157196,11946,8.541962240000004,5.0,5.0
34014,85.16174149513245,11946,16.833569792000002,5.0,5.0
34018,85.16836190223694,11946,20.77348466688,5.0,5.0
34020,85.17173957824707,11946,13.295030186803203,5.0,5.0
34030,85.19242310523987,11946,5.445644364514592,5.0,5.0
34040,85.2203938961029,11946,5.0,5.0,5.0
34049,85.24686002731323,11946,14.0,5.0,5.0
34050,85.24915885925293,11946,11.200000000000001,5.0,5.0
34060,85.27346611022949,11946,5.734400000000001,5.0,5.0
34064,85.28018474578857,11946,14.0,5.0,5.0
34069,85.2940239906311,11946,18.96,5.0,5.0
34070,85.2983546257019,11946,18.96,5.0,5.0
34073,85.30600500106812,11946,25.168,5.0,5.0
34080,85.32308149337769,11946,10.308812800000002,5.0,5.0
34082,85.32623887062073,11946,16.597640192,5.0,5.0
34089,85.3466112613678,11946,18.497991778304,5.0,5.0
34090,85.34822058677673,11946,14.798393422643201,5.0,5.0
34100,85.37165999412537,11946,6.061421945914656,5.0,5.0
34110,85.39834070205688,11946,5.0,5.0,5.0
34114,85.40768146514893,11946,14.0,5.0,5.0
34119,85.4219081401825,11946,21.200000000000003,5.0,5.0
34120,85.42375612258911,11946,26.960000000000004,5.0,5.0
34127,85.43530178070068,11946,23.803520000000006,5.0,5.0
34130,85.4431369304657,11946,15.234252800000005,5.0,5.0
34140,85.46946024894714,11946,9.749921792000004,5.0,5.0
34144,85.476154088974,11946,16.239949946880003,5.0,5.0
34150,85.48855233192444,11946,8.314854372802563,5.0,5.0
34160,85.51531291007996,11946,5.32150679859364,5.0,5.0
34164,85.52761030197144,11946,14.257205438874912,5.0,5.0
34170,85.54545903205872,11946,9.124611480879945,5.0,5.0
34172,85.55181360244751,11946,17.299689184703958,5.0,5.0
34180,85.5700249671936,11946,5.6687621520437945,5.0,5.0
34190,85.5914876461029,11946,5.0,5.0,5.0
34200,85.62644863128662,11946,5.0,5.0,5.0
34210,85.65895104408264,11946,5.0,5.0,5.0
34220,85.67760992050171,11946,5.0,5.0,5.0
34230,85.70409417152405,11946,5.0,5.0,5.0
34234,85.71341753005981,11946,14.0,5.0,5.0
34236,85.71686720848083,11946,18.96,5.0,5.0
34238,85.72025752067566,11946,22.1344,5.0,5.0
34240,85.72355628013611,11946,17.70752,5.0,5.0
34250,85.74588084220886,11946,14.641920122880002,5.0,5.0
34258,85.76366448402405,11946,15.99733048233165,5.0,5.0
34260,85.76684045791626,11946,12.79786438586532,5.0,5.0
34264,85.77618598937988,11946,20.238291508692257,5.0,5.0
34270,85.78625011444092,11946,5.305346689254624,5.0,5.0
34280,85.81371521949768,11946,5.0,5.0,5.0
34290,85.85651183128357,11946,5.0,5.0,5.0
34296,85.87761354446411,11946,14.0,5.0,5.0
34300,85.88394021987915,11946,8.96,5.0,5.0
34302,85.88756799697876,11946,15.7344,5.0,5.0
34310,85.90630388259888,11946,6.4448102400000025,5.0,5.0
34320,85.9305067062378,11946,5.0,5.0,5.0
34330,85.96121382713318,11946,5.0,5.0,5.0
34339,85.98723459243774,11946,14.0,5.0,5.0
34340,85.98900938034058,11946,11.200000000000001,5.0,5.0
34350,86.0104808807373,11946,5.734400000000001,5.0,5.0
34357,86.03315734863281,11946,14.0,5.0,5.0
34360,86.04069232940674,11946,8.96,5.0,5.0
34370,86.07012057304382,11946,5.0,5.0,5.0
34371,86.07250022888184,11946,14.0,5.0,5.0
34375,86.08750557899475,11946,18.96,5.0,5.0
34377,86.09710097312927,11946,25.168,5.0,5.0
34380,86.1053352355957,11946,16.10752,5.0,5.0
34383,86.11351370811462,11946,20.308812800000002,5.0,5.0
34384,86.11540174484253,11946,26.247050240000004,5.0,5.0
34390,86.13230514526367,11946,16.798112153600005,5.0,5.0
34393,86.13714838027954,11946,23.438489722880007,5.0,5.0
34399,86.150625705719,11946,22.000506738114566,5.0,5.0
34400,86.15232467651367,11946,17.600405390491655,5.0,5.0
34410,86.17497682571411,11946,7.209126047945384,5.0,5.0
34413,86.18776035308838,11946,15.767300838356308,5.0,5.0
34420,86.20961356163025,11946,10.091072536548038,5.0,5.0
34428,86.23027801513672,11946,14.133303310970078,5.0,5.0
34430,86.23313617706299,11946,9.04531411902085,5.0,5.0
34431,86.23506450653076,11946,17.23625129521668,5.0,5.0
34440,86.26388263702393,11946,7.059968530520753,5.0,5.0
34450,86.28282499313354,11946,5.0,5.0,5.0
34451,86.2848494052887,11946,14.0,5.0,5.0
34460,86.30267262458801,11946,5.0,5.0,5.0
34470,86.33100938796997,11946,5.0,5.0,5.0
34480,86.35694766044617,11946,5.0,5.0,5.0
34488,86.37863659858704,11946,14.0,5.0,5.0
34490,86.38133478164673,11946,14.0,5.0,5.0
34493,86.3864974975586,11946,18.96,5.0,5.0
34494,86.38839507102966,11946,25.168,5.0,5.0
34500,86.39685654640198,11946,10.308812800000002,5.0,5.0
34510,86.4296088218689,11946,5.0,5.0,5.0
34516,86.44531202316284,11946,14.0,5.0,5.0
34519,86.44993782043457,11946,18.96,5.0,5.0
34520,86.4517240524292,11946,25.168,5.0,5.0
34524,86.45869016647339,11946,20.308812800000002,5.0,5.0
34530,86.47188377380371,11946,8.318489722880003,5.0,5.0
34540,86.49812531471252,11946,5.0,5.0,5.0
34550,86.5163791179657,11946,5.0,5.0,5.0
34560,86.55441761016846,11946,5.0,5.0,5.0
34570,86.57360982894897,11946,5.0,5.0,5.0
34573,86.57888746261597,11946,14.0,5.0,5.0
34575,86.58247566223145,11946,18.96,5.0,5.0
34577,86.58611345291138,11946,22.1344,5.0,5.0
34578,86.58793663978577,11946,27.70752,5.0,5.0
34579,86.58971905708313,11946,32.166016,5.0,5.0
34580,86.59119725227356,11946,32.166016,5.0,5.0
34584,86.59758019447327,11946,23.175200153600002,5.0,5.0
34590,86.61250734329224,11946,11.865702478643204,5.0,5.0
34592,86.61617302894592,11946,17.59404958633165,5.0,5.0
34595,86.62127089500427,11946,21.260191735252256,5.0,5.0
34597,86.62472224235535,11946,23.606522710561443,5.0,5.0
34600,86.63261103630066,11946,15.108174534759323,5.0,5.0
34608,86.652184009552,11946,14.950646631549937,5.0,5.0
34610,86.65480852127075,11946,11.96051730523995,5.0,5.0
34620,86.68597340583801,11946,6.123784860282855,5.0,5.0
34622,86.68956661224365,11946,14.0,5.0,5.0
34628,86.70318388938904,11946,18.96,5.0,5.0
34630,86.70671677589417,11946,22.1344,5.0,5.0
34632,86.71042370796204,11946,24.166016,5.0,5.0
34640,86.72913455963135,11946,17.91872012288,5.0,5.0
34641,86.73097681999207,11946,24.334976098304,5.0,5.0
34642,86.73275828361511,11946,29.467980878643203,5.0,5.0
34650,86.747642993927,11946,15.087606209865323,5.0,5.0
34651,86.74946522712708,11946,22.070084967892257,5.0,5.0
34655,86.75648045539856,11946,19.03990680284867,5.0,5.0
34658,86.76443934440613,11946,22.18554035382315,5.0,5.0
34660,86.77075481414795,11946,27.74843228305852,5.0,5.0
34661,86.77266073226929,11946,32.19874582644682,5.0,5.0
34662,86.77450561523438,11946,35.758996661157454,5.0,5.0
34664,86.77789640426636,11946,32.88575786314077,5.0,5.0
34670,86.79147458076477,11946,13.47000642074246,5.0,5.0
34673,86.79678893089294,11946,16.89664328742014,5.0,5.0
34680,86.81449866294861,11946,6.920865090527291,5.0,5.0
34690,86.83785772323608,11946,5.0,5.0,5.0
34691,86.8398277759552,11946,14.0,5.0,5.0
34694,86.8450677394867,11946,17.168,5.0,5.0
34700,86.86117911338806,11946,7.032012800000001,5.0,5.0
34710,86.89424514770508,11946,5.625610240000001,5.0,5.0
34717,86.91217732429504,11946,14.0,5.0,5.0
34720,86.92035245895386,11946,8.96,5.0,5.0
34723,86.92929744720459,11946,17.168,5.0,5.0
34730,86.94470119476318,11946,17.0320128,5.0,5.0
34740,86.97173571586609,11946,5.581049954304001,5.0,5.0
34747,87.00332713127136,11946,14.4648399634432,5.0,5.0
34750,87.00765085220337,11946,9.25749757660365,5.0,5.0
34760,87.03782272338867,11946,5.0,5.0,5.0
34770,87.07302856445312,11946,5.0,5.0,5.0
34773,87.08443689346313,11946,14.0,5.0,5.0
34778,87.09602284431458,11946,17.168,5.0,5.0
34780,87.09802293777466,11946,17.168,5.0,5.0
34789,87.14030265808105,11946,18.790016,5.0,5.0
34790,87.14232015609741,11946,25.032012800000004,5.0,5.0
34793,87.14773464202881,11946,22.816390553600005,5.0,5.0
34798,87.15627002716064,11946,21.681991963443203,5.0,5.0
34800,87.16466307640076,11946,27.345593570754563,5.0,5.0
34805,87.17283129692078,11946,24.000943908226336,5.0,5.0
34807,87.17996621131897,11946,29.200755126581072,5.0,5.0
34809,87.18367338180542,11946,28.688483281011887,5.0,5.0
34810,87.18518948554993,11946,28.688483281011887,5.0,5.0
34812,87.18877387046814,11946,28.36062929984761,5.0,5.0
34813,87.19069981575012,11946,32.68850343987809,5.0,5.0
34815,87.1942093372345,11946,30.920642201521982,5.0,5.0
34820,87.20872235298157,11946,24.736513761217587,5.0,5.0
34830,87.23608469963074,11946,6.484528663420625,5.0,5.0
34840,87.27477741241455,11946,5.0,5.0,5.0
34850,87.304851770401,11946,5.0,5.0,5.0
34860,87.32407784461975,11946,5.0,5.0,5.0
34870,87.35851097106934,11946,5.0,5.0,5.0
34875,87.37057065963745,11946,14.0,5.0,5.0
34880,87.3908429145813,11946,8.96,5.0,5.0
34890,87.41820216178894,11946,14.0,5.0,5.0
34892,87.42200088500977,11946,18.96,5.0,5.0
34900,87.45607447624207,11946,7.766016000000002,5.0,5.0
34908,87.48596239089966,11946,14.0,5.0,5.0
34910,87.4892008304596,11946,8.96,5.0,5.0
34913,87.49427533149719,11946,15.7344,5.0,5.0
34920,87.50588583946228,11946,5.155848192000002,5.0,5.0
34930,87.53691363334656,11946,5.0,5.0,5.0
34934,87.54633331298828,11946,14.0,5.0,5.0
34940,87.56417727470398,11946,7.168000000000001,5.0,5.0
34950,87.59048438072205,11946,5.0,5.0,5.0
34960,87.61525678634644,11946,5.0,5.0,5.0
34961,87.61741375923157,11946,14.0,5.0,5.0
34964,87.62271523475647,11946,17.168,5.0,5.0
34966,87.62869620323181,11946,23.7344,5.0,5.0
34970,87.6353394985199,11946,12.152012800000001,5.0,5.0
34980,87.6642963886261,11946,5.0,5.0,5.0
34989,87.69239974021912,11946,14.0,5.0,5.0
34990,87.69404125213623,11946,11.200000000000001,5.0,5.0
34997,87.70764660835266,11946,17.168,5.0,5.0
34999,87.71072459220886,11946,20.987520000000004,5.0,5.0
35000,87.71263098716736,11946,26.790016000000005,5.0,5.0
35008,87.72884058952332,11946,17.022841954304003,5.0,5.0
35010,87.73512935638428,11946,23.618273563443203,5.0,5.0
35011,87.73688125610352,11946,28.894618850754565,5.0,5.0
35016,87.7453761100769,11946,21.83523588126907,5.0,5.0
35020,87.75473976135254,11946,13.974550964012208,5.0,5.0
35030,87.77774381637573,11946,5.0,5.0,5.0
35035,87.80344820022583,11946,14.0,5.0,5.0
35040,87.81224966049194,11946,5.0,5.0,5.0
35043,87.81775212287903,11946,14.0,5.0,5.0
35050,87.83583498001099,11946,5.0,5.0,5.0
35060,87.85609841346741,11946,5.0,5.0,5.0
35069,87.89519691467285,11946,14.0,5.0,5.0
35070,87.89677381515503,11946,14.0,5.0,5.0
35079,87.91881918907166,11946,17.168,5.0,5.0
35080,87.92050218582153,11946,13.7344,5.0,5.0
35086,87.93756318092346,11946,17.0320128,5.0,5.0
35087,87.9395842552185,11946,23.62561024,5.0,5.0
35088,87.94149518013,11946,28.900488192,5.0,5.0
35090,87.94795536994934,11946,23.120390553600004,5.0,5.0
35095,87.95918130874634,11946,21.837639963443202,5.0,5.0
35100,87.9674882888794,11946,8.944697329026338,5.0,5.0
35105,87.97989058494568,11946,15.724606290576858,5.0,5.0
35110,87.9999041557312,11946,10.06374802596919,5.0,5.0
35112,88.00760316848755,11946,18.05099842077535,5.0,5.0
35120,88.03220391273499,11946,5.914951162519668,5.0,5.0
35122,88.03574275970459,11946,14.0,5.0,5.0
35127,88.0460696220398,11946,17.168,5.0,5.0
35130,88.05070877075195,11946,10.987520000000002,5.0,5.0
35134,88.05626487731934,11946,15.62561024,5.0,5.0
35135,88.0581226348877,11946,22.500488192,5.0,5.0
35140,88.07164216041565,11946,11.520249954304001,5.0,5.0
35150,88.10112762451172,11946,5.898367976603649,5.0,5.0
35158,88.12893676757812,11946,14.0,5.0,5.0
35160,88.13537645339966,11946,11.200000000000001,5.0,5.0
35162,88.13895463943481,11946,18.96,5.0,5.0
35163,88.14097571372986,11946,25.168,5.0,5.0
35170,88.15551042556763,11946,10.308812800000002,5.0,5.0
35180,88.18340253829956,11946,6.597640192000002,5.0,5.0
35190,88.20299673080444,11946,5.0,5.0,5.0
35199,88.22157621383667,11946,14.0,5.0,5.0
35200,88.22331094741821,11946,11.200000000000001,5.0,5.0
35210,88.2533688545227,11946,5.0,5.0,5.0
35220,88.2742567062378,11946,5.0,5.0,5.0
35230,88.29677176475525,11946,5.0,5.0,5.0
35236,88.3085310459137,11946,14.0,5.0,5.0
35240,88.31793761253357,11946,7.168000000000001,5.0,5.0
35250,88.34843564033508,11946,5.0,5.0,5.0
35260,88.38036036491394,11946,5.0,5.0,5.0
35267,88.39746856689453,11946,14.0,5.0,5.0
35270,88.40232920646667,11946,8.96,5.0,5.0
35278,88.4275872707367,11946,14.0,5.0,5.0
35280,88.43354225158691,11946,11.200000000000001,5.0,5.0
35290,88.45848369598389,11946,5.0,5.0,5.0
35300,88.4841377735138,11946,14.0,5.0,5.0
35310,88.50826954841614,11946,8.96,5.0,5.0
35312,88.51180815696716,11946,15.7344,5.0,5.0
35313,88.51365852355957,11946,22.58752,5.0,5.0
35319,88.5324809551239,11946,21.564810240000003,5.0,5.0
35320,88.53407001495361,11946,17.251848192000004,5.0,5.0
35330,88.56210041046143,11946,8.832946274304005,5.0,5.0
35340,88.58318495750427,11946,5.0,5.0,5.0
35350,88.60820484161377,11946,5.0,5.0,5.0
35360,88.63319420814514,11946,5.0,5.0,5.0
35370,88.65658140182495,11946,5.0,5.0,5.0
35378,88.67977142333984,11946,14.0,5.0,5.0
35380,88.68317461013794,11946,8.96,5.0,5.0
35381,88.68512272834778,11946,17.168,5.0,5.0
35390,88.7129921913147,11946,8.790016000000001,5.0,5.0
35400,88.73568725585938,11946,5.0,5.0,5.0
35410,88.76333785057068,11946,5.0,5.0,5.0
35418,88.77637386322021,11946,14.0,5.0,5.0
35420,88.7794873714447,11946,11.200000000000001,5.0,5.0
35424,88.79183506965637,11946,18.96,5.0,5.0
35430,88.80926775932312,11946,12.134400000000001,5.0,5.0
35432,88.81311964988708,11946,17.766016,5.0,5.0
35440,88.83846187591553,11946,7.276960153600003,5.0,5.0
35450,88.86164736747742,11946,5.0,5.0,5.0
35458,88.88577008247375,11946,14.0,5.0,5.0
35460,88.89239311218262,11946,11.200000000000001,5.0,5.0
35464,88.90539741516113,11946,18.96,5.0,5.0
35465,88.90734672546387,11946,25.168,5.0,5.0
35466,88.9091625213623,11946,30.1344,5.0,5.0
35470,88.9181342124939,11946,19.286016000000004,5.0,5.0
35474,88.92777395248413,11946,22.343050240000004,5.0,5.0
35480,88.93756532669067,11946,14.299552153600004,5.0,14.0
35488,88.95694708824158,11946,17.321370702643204,5.0,7.168000000000001
35490,88.96003484725952,11946,17.321370702643204,5.0,5.0
35500,88.99781942367554,11946,15.675866751842126,5.0,5.0
35510,89.02011585235596,11946,6.420835021554535,5.0,5.0
35520,89.05299353599548,11946,5.0,5.0,5.0
35530,89.06987237930298,11946,5.0,5.0,5.0
35540,89.10824990272522,11946,5.0,5.0,5.0
35550,89.1326687335968,11946,5.0,5.0,5.0
35551,89.13457703590393,11946,14.0,5.0,5.0
35560,89.15256357192993,11946,5.734400000000001,5.0,5.0
35570,89.17330121994019,11946,5.0,5.0,5.0
35574,89.17975163459778,11946,14.0,5.0,5.0
35577,89.18755459785461,11946,18.96,5.0,5.0
35580,89.19231867790222,11946,15.168000000000001,5.0,5.0
35581,89.19425582885742,11946,22.1344,5.0,5.0
35590,89.21185684204102,11946,15.8024001536,5.0,5.0
35594,89.21764373779297,11946,18.0908288786432,5.0,5.0
35600,89.23296117782593,11946,11.57813048233165,5.0,5.0
35608,89.25587630271912,11946,15.928002806953806,5.0,5.0
35610,89.2591381072998,11946,10.193921796450438,5.0,5.0
35612,89.2644715309143,11946,16.52410994972828,5.0,5.0
35620,89.28783202171326,11946,10.575430367826101,5.0,5.0
35622,89.29070854187012,11946,18.46034429426088,5.0,5.0
35630,89.3086929321289,11946,11.814620348326965,5.0,5.0
35636,89.32761025428772,11946,17.561357022929258,5.0,5.0
35640,89.33745288848877,11946,11.239268494674725,5.0,5.0
35650,89.36196088790894,11946,14.0,5.0,5.0
35660,89.38994216918945,11946,15.7344,5.0,5.0
35670,89.42300009727478,11946,10.070016000000003,5.0,5.0
35680,89.46045994758606,11946,6.4448102400000025,5.0,5.0
35690,89.48361873626709,11946,5.0,5.0,5.0
35700,89.51335597038269,11946,5.0,5.0,5.0
35710,89.54142022132874,11946,14.0,5.0,5.0
35720,89.56359601020813,11946,5.0,5.0,5.0
35730,89.59376740455627,11946,5.0,5.0,5.0
35740,89.614586353302,11946,5.0,5.0,5.0
35745,89.63259172439575,11946,14.0,5.0,5.0
35750,89.64351344108582,11946,8.96,5.0,5.0
35760,89.6663715839386,11946,5.0,5.0,5.0
35764,89.678062915802,11946,14.0,5.0,5.0
35770,89.6974024772644,11946,7.168000000000001,5.0,5.0
35773,89.70242071151733,11946,15.7344,5.0,5.0
35780,89.72379064559937,11946,8.056012800000003,5.0,5.0
35790,89.75976395606995,11946,5.155848192000002,5.0,5.0
35798,89.78851199150085,11946,14.0,5.0,5.0
35800,89.79115724563599,11946,11.200000000000001,5.0,5.0
35807,89.80831170082092,11946,17.168,5.0,5.0
35810,89.8127646446228,11946,10.987520000000002,5.0,5.0
35818,89.83004188537598,11946,14.0,5.0,5.0
35820,89.83272337913513,11946,11.200000000000001,5.0,5.0
35830,89.86372065544128,11946,7.168000000000001,5.0,5.0
35839,89.88750576972961,11946,14.0,5.0,5.0
35840,89.89206337928772,11946,14.0,5.0,5.0
35850,89.91880869865417,11946,17.168,5.0,5.0
35860,89.94891381263733,11946,7.032012800000001,5.0,5.0
35868,89.96507906913757,11946,14.500488192000002,5.0,5.0
35870,89.96830439567566,11946,11.600390553600002,5.0,5.0
35873,89.97649359703064,11946,19.280312442880003,5.0,5.0
35880,89.98775935173035,11946,7.8972159766036505,5.0,5.0
35885,90.00309777259827,11946,15.054218225026336,5.0,5.0
35890,90.0134699344635,11946,7.707759731213486,5.0,5.0
35897,90.02550935745239,11946,14.0,5.0,5.0
35900,90.03082084655762,11946,17.168,5.0,5.0
35910,90.05744981765747,11946,7.032012800000001,5.0,5.0
35920,90.07675290107727,11946,5.625610240000001,5.0,5.0
35930,90.10837459564209,11946,5.0,5.0,5.0
35936,90.11871218681335,11946,14.0,5.0,5.0
35940,90.13725423812866,11946,14.0,5.0,5.0
35950,90.16214656829834,11946,5.734400000000001,5.0,5.0
35953,90.16684055328369,11946,14.0,5.0,5.0
35960,90.18442988395691,11946,5.734400000000001,5.0,5.0
35970,90.21241450309753,11946,5.0,5.0,5.0
35980,90.23368573188782,11946,5.0,5.0,5.0
35986,90.25081038475037,11946,14.0,5.0,5.0
35987,90.25277614593506,11946,21.200000000000003,5.0,5.0
35990,90.26583671569824,11946,16.960000000000004,5.0,5.0
35996,90.27986717224121,11946,15.557452800000004,5.0,5.0
36000,90.29254102706909,11946,9.956769792000003,5.0,5.0
36009,90.3109769821167,11946,14.0,5.0,5.0
36010,90.31304049491882,11946,11.200000000000001,5.0,5.0
36011,90.31506514549255,11946,18.96,5.0,5.0
36015,90.32158613204956,11946,19.707520000000002,5.0,5.0
36020,90.33423614501953,11946,10.090250240000003,5.0,5.0
36027,90.35694813728333,11946,14.132966498304002,5.0,5.0
36029,90.36066269874573,11946,19.04509855891456,5.0,5.0
36030,90.36237645149231,11946,15.23607884713165,5.0,5.0
36040,90.38440537452698,11946,6.240697895785125,5.0,5.0
36050,90.41196084022522,11946,5.0,5.0,5.0
36060,90.44833636283875,11946,5.0,5.0,5.0
36070,90.46760940551758,11946,5.0,5.0,5.0
36080,90.49313449859619,11946,5.0,5.0,5.0
36081,90.49518060684204,11946,14.0,5.0,5.0
36082,90.49708843231201,11946,21.200000000000003,5.0,5.0
36090,90.51748967170715,11946,8.683520000000005,5.0,5.0
36094,90.53497076034546,11946,16.946816000000005,5.0,5.0
36098,90.54516983032227,11946,18.676769792000005,5.0,5.0
36100,90.55131506919861,11946,14.941415833600004,5.0,5.0
36110,90.57011818885803,11946,5.0,5.0,5.0
36112,90.57360172271729,11946,14.0,5.0,5.0
36120,90.59900665283203,11946,8.96,5.0,5.0
36122,90.60275530815125,11946,15.7344,5.0,5.0
36130,90.6320412158966,11946,8.056012800000003,5.0,5.0
36140,90.6579737663269,11946,5.0,5.0,5.0
36150,90.69478702545166,11946,5.0,5.0,5.0
36152,90.69970726966858,11946,14.0,5.0,5.0
36154,90.70771598815918,11946,21.200000000000003,5.0,5.0
36156,90.71293091773987,11946,23.568000000000005,5.0,5.0
36160,90.73079490661621,11946,25.083520000000007,5.0,5.0
36170,90.75876259803772,11946,8.219367833600005,5.0,5.0
36180,90.78937792778015,11946,5.0,5.0,5.0
36190,90.81662583351135,11946,5.0,5.0,5.0
36199,90.83438444137573,11946,14.0,5.0,5.0
36200,90.83534407615662,11946,14.0,5.0,5.0
36210,90.86685132980347,11946,5.734400000000001,5.0,5.0
36220,90.89696288108826,11946,5.0,5.0,5.0
36230,90.92202949523926,11946,5.0,5.0,5.0
36236,90.93492937088013,11946,14.0,5.0,5.0
36240,90.94091749191284,11946,8.96,5.0,5.0
36243,90.94893431663513,11946,17.168,5.0,5.0
36250,90.97028660774231,11946,8.790016000000001,5.0,5.0
36252,90.97397112846375,11946,15.62561024,5.0,5.0
36260,90.99300217628479,11946,6.400249954304001,5.0,5.0
36270,91.02615475654602,11946,5.0,5.0,5.0
36280,91.06109404563904,11946,5.0,5.0,5.0
36290,91.09425473213196,11946,5.0,5.0,5.0
36291,91.09627223014832,11946,14.0,5.0,5.0
36300,91.1192934513092,11946,7.168000000000001,5.0,5.0
36301,91.12121343612671,11946,15.7344,5.0,5.0
36310,91.14839339256287,11946,6.4448102400000025,5.0,5.0
36320,91.16950583457947,11946,5.0,5.0,5.0
36330,91.20186233520508,11946,5.0,5.0,5.0
36340,91.22427439689636,11946,5.0,5.0,5.0
36346,91.2540819644928,11946,14.0,5.0,5.0
36350,91.26458978652954,11946,11.200000000000001,5.0,5.0
36360,91.29366564750671,11946,5.0,5.0,5.0
36368,91.31416034698486,11946,14.0,5.0,5.0
36370,91.31756377220154,11946,8.96,5.0,5.0
36380,91.34950542449951,11946,5.0,5.0,5.0
36390,91.38319611549377,11946,5.0,5.0,5.0
36395,91.39466977119446,11946,14.0,5.0,5.0
36400,91.40313577651978,11946,7.168000000000001,5.0,5.0
36409,91.43096017837524,11946,14.0,5.0,5.0
36410,91.43269491195679,11946,11.200000000000001,5.0,5.0
36420,91.46504807472229,11946,5.734400000000001,5.0,5.0
36430,91.49842166900635,11946,5.0,5.0,5.0
36432,91.50210332870483,11946,14.0,5.0,5.0
36435,91.5132257938385,11946,21.200000000000003,5.0,5.0
36440,91.52504849433899,11946,18.683520000000005,5.0,5.0
36441,91.52696347236633,11946,24.946816000000005,5.0,5.0
36449,91.54187798500061,11946,20.218215833600006,5.0,5.0
36450,91.542977809906,11946,16.174572666880007,5.0,5.0
36453,91.55324625968933,11946,18.281381205442564,5.0,5.0
36460,91.565682888031,11946,7.488053741749275,5.0,5.0
36464,91.57831478118896,11946,15.99044299339942,5.0,5.0
36470,91.5897696018219,11946,10.23388351577563,5.0,5.0
36480,91.62014102935791,11946,5.0,5.0,5.0
36481,91.62209391593933,11946,14.0,5.0,5.0
36490,91.64117932319641,11946,5.0,5.0,5.0
36498,91.66163563728333,11946,14.0,5.0,5.0
36500,91.67065262794495,11946,14.0,5.0,5.0
36504,91.68012976646423,11946,21.200000000000003,5.0,5.0
36510,91.69838428497314,11946,10.854400000000005,5.0,5.0
36515,91.71243071556091,11946,16.946816000000005,5.0,5.0
36520,91.72524666786194,11946,13.557452800000005,5.0,5.0
36528,91.7436375617981,11946,15.553132666880003,5.0,5.0
36530,91.7465991973877,11946,15.553132666880003,5.0,5.0
36537,91.76072025299072,11946,17.963203925442564,5.0,5.0
36538,91.76258683204651,11946,24.37056314035405,5.0,5.0
36540,91.76585602760315,11946,15.597160409826595,5.0,5.0
36544,91.78785228729248,11946,19.98218266228902,5.0,5.0
36547,91.79321026802063,11946,22.788596903864974,5.0,5.0
36550,91.80461287498474,11946,14.584702018473585,5.0,5.0
36560,91.82095527648926,11946,5.973893946766782,5.0,5.0
36561,91.82302260398865,11946,14.779115157413425,5.0,5.0
36570,91.84793996810913,11946,9.458633700744594,5.0,5.0
36580,91.87314867973328,11946,5.0,5.0,5.0
36588,91.89475965499878,11946,14.0,5.0,5.0
36590,91.90097570419312,11946,14.0,5.0,5.0
36600,91.91910696029663,11946,7.168000000000001,5.0,5.0
36610,91.94328904151917,11946,5.0,5.0,5.0
36620,91.97962164878845,11946,5.0,5.0,5.0
36630,92.0068838596344,11946,5.0,5.0,5.0
36631,92.00887989997864,11946,14.0,5.0,5.0
36640,92.03689694404602,11946,5.734400000000001,5.0,5.0
36650,92.06143975257874,11946,5.0,5.0,5.0
36660,92.08177471160889,11946,5.0,5.0,5.0
36664,92.09190130233765,11946,14.0,5.0,5.0
36666,92.09547448158264,11946,18.96,5.0,5.0
36670,92.1023850440979,11946,9.707520000000002,5.0,5.0
36674,92.11600375175476,11946,14.0,5.0,5.0
36675,92.11795473098755,11946,21.200000000000003,5.0,5.0
36680,92.13202714920044,11946,13.568000000000005,5.0,5.0
36690,92.1594660282135,11946,6.9468160000000045,5.0,5.0
36692,92.16231298446655,11946,15.557452800000004,5.0,5.0
36696,92.17242789268494,11946,19.956769792000003,5.0,5.0
36700,92.17921662330627,11946,20.217866133504003,5.0,5.0
36701,92.1810154914856,11946,26.174292906803203,5.0,5.0
36703,92.18447160720825,11946,26.75154746035405,5.0,5.0
36710,92.19896841049194,11946,10.957433839761022,5.0,5.0
36720,92.22262620925903,11946,5.610206125957643,5.0,5.0
36730,92.24120903015137,11946,5.0,5.0,5.0
36736,92.25428915023804,11946,14.0,5.0,5.0
36740,92.2608380317688,11946,7.168000000000001,5.0,5.0
36747,92.28053736686707,11946,14.0,5.0,5.0
36750,92.29128384590149,11946,11.200000000000001,5.0,5.0
36760,92.31324863433838,11946,5.0,5.0,5.0
36767,92.33003044128418,11946,14.0,5.0,5.0
36770,92.3375985622406,11946,11.200000000000001,5.0,5.0
36780,92.3585798740387,11946,5.0,5.0,5.0
36789,92.38770723342896,11946,14.0,5.0,5.0
36790,92.3891978263855,11946,14.0,5.0,5.0
36796,92.40156054496765,11946,14.587520000000001,5.0,5.0
36799,92.41169118881226,11946,21.670016000000004,5.0,5.0
36800,92.41346955299377,11946,17.336012800000002,5.0,5.0
36801,92.41531181335449,11946,23.868810240000002,5.0,5.0
36804,92.4263699054718,11946,29.095048192000004,5.0,5.0
36806,92.43290567398071,11946,33.2760385536,5.0,5.0
36810,92.44228005409241,11946,17.037331739443204,5.0,5.0
36820,92.46327710151672,11946,6.978491080475938,5.0,5.0
36830,92.4848198890686,11946,5.0,5.0,5.0
36840,92.50942945480347,11946,5.0,5.0,5.0
36850,92.53356885910034,11946,5.0,5.0,5.0
36860,92.55908799171448,11946,5.0,5.0,5.0
36862,92.56554341316223,11946,14.0,5.0,5.0
36870,92.59005999565125,11946,5.734400000000001,5.0,5.0
36880,92.61619782447815,11946,5.0,5.0,5.0
36890,92.64994502067566,11946,5.0,5.0,5.0
36900,92.67378735542297,11946,5.0,5.0,5.0
36910,92.70455241203308,11946,5.0,5.0,5.0
36911,92.70654511451721,11946,14.0,5.0,5.0
36918,92.72062969207764,11946,17.168,5.0,5.0
36920,92.72403478622437,11946,10.987520000000002,5.0,5.0
36922,92.73139333724976,11946,18.790016,5.0,5.0
36930,92.75835061073303,11946,9.620488192000003,5.0,5.0
36937,92.78903412818909,11946,16.157112442880003,5.0,5.0
36940,92.79685592651367,11946,12.925689954304003,5.0,5.0
36947,92.81127786636353,11946,18.272441570754566,5.0,5.0
36950,92.81512904167175,11946,11.694362605282924,5.0,5.0
36957,92.83309316635132,11946,17.484392067381073,5.0,5.0
36960,92.83820414543152,11946,11.190010923123888,5.0,5.0
36970,92.86555790901184,11946,5.729285592639432,5.0,5.0
36980,92.88409328460693,11946,5.0,5.0,5.0
36990,92.90148830413818,11946,5.0,5.0,5.0
37000,92.92205548286438,11946,14.0,5.0,5.0
37001,92.92397618293762,11946,21.200000000000003,5.0,5.0
37006,92.93244338035583,11946,18.683520000000005,5.0,5.0
37010,92.9386739730835,11946,9.565962240000005,5.0,5.0
37019,92.96508407592773,11946,16.122215833600002,5.0,5.0
37020,92.96681785583496,11946,12.897772666880002,5.0,5.0
37023,92.97213459014893,11946,16.603659605442562,5.0,5.0
37029,92.98161196708679,11946,18.501073717986593,5.0,5.0
37030,92.9831075668335,11946,18.501073717986593,5.0,5.0
37040,93.01557040214539,11946,5.0,5.0,5.0
37050,93.0495491027832,11946,5.0,5.0,5.0
37054,93.05672287940979,11946,14.0,5.0,5.0
37055,93.05862784385681,11946,21.200000000000003,5.0,5.0
37060,93.0671329498291,11946,8.683520000000005,5.0,5.0
37066,93.0855507850647,11946,14.445962240000004,5.0,5.0
37070,93.09114456176758,11946,9.245415833600005,5.0,5.0
37080,93.11046743392944,11946,5.0,5.0,5.0
37084,93.12401175498962,11946,14.0,5.0,5.0
37085,93.12594652175903,11946,21.200000000000003,5.0,5.0
37090,93.14712715148926,11946,10.854400000000005,5.0,5.0
37092,93.1509702205658,11946,16.946816000000005,5.0,5.0
37097,93.16243743896484,11946,16.941415833600004,5.0,5.0
37100,93.17165231704712,11946,20.842506133504003,5.0,5.0
37107,93.18600344657898,11946,18.537090512283243,5.0,5.0
37110,93.19465160369873,11946,11.863737927861276,5.0,5.0
37116,93.21195960044861,11946,17.59279227383122,5.0,5.0
37120,93.2183141708374,11946,14.074233819064975,5.0,5.0
37123,93.2271614074707,11946,19.007509644201583,5.0,5.0
37130,93.24233078956604,11946,9.731844937831212,5.0,5.0
37139,93.25546765327454,11946,14.0,5.0,5.0
37140,93.26003956794739,11946,14.0,5.0,5.0
37148,93.28440427780151,11946,17.168,5.0,5.0
37150,93.28786540031433,11946,10.987520000000002,5.0,5.0
37155,93.29953503608704,11946,15.62561024,5.0,5.0
37160,93.31753373146057,11946,12.500488192,5.0,5.0
37170,93.34055852890015,11946,6.400249954304001,5.0,5.0
37177,93.35757207870483,11946,14.096159970754561,5.0,5.0
37180,93.36244535446167,11946,9.02154238128292,5.0,5.0
37190,93.38535261154175,11946,5.0,5.0,5.0
37198,93.40704941749573,11946,14.0,5.0,5.0
37200,93.41051030158997,11946,8.96,5.0,5.0
37208,93.43369174003601,11946,14.0,5.0,5.0
37210,93.43651604652405,11946,8.96,5.0,5.0
37218,93.45876908302307,11946,14.587520000000001,5.0,5.0
37220,93.46522307395935,11946,14.587520000000001,5.0,5.0
37230,93.49616646766663,11946,5.0,5.0,5.0
37240,93.52857613563538,11946,5.0,5.0,5.0
37250,93.56463408470154,11946,5.0,5.0,5.0
37260,93.5952513217926,11946,5.0,5.0,5.0
37270,93.62751030921936,11946,5.0,5.0,5.0
37280,93.65948057174683,11946,5.0,5.0,5.0
37290,93.68164873123169,11946,5.0,5.0,5.0
37300,93.70727038383484,11946,14.0,5.0,5.0
37301,93.70916700363159,11946,21.200000000000003,5.0,5.0
37305,93.7188069820404,11946,23.568000000000005,5.0,5.0
37310,93.7306776046753,11946,9.653452800000004,5.0,5.0
37313,93.73620533943176,11946,14.942567833600002,5.0,5.0
37315,93.7396719455719,11946,21.95405426688,5.0,5.0
37320,93.75437188148499,11946,21.240475784642562,5.0,5.0
37321,93.7563247680664,11946,26.992380627714052,5.0,5.0
37326,93.77341532707214,11946,27.275123601736993,5.0,5.0
37330,93.78600144386292,11946,17.45607910511168,5.0,5.0
37340,93.80588555335999,11946,5.720008001162997,5.0,5.0
37350,93.83437252044678,11946,5.0,5.0,5.0
37360,93.86644291877747,11946,14.0,5.0,5.0
37361,93.86855602264404,11946,21.200000000000003,5.0,5.0
37363,93.87529516220093,11946,26.960000000000004,5.0,5.0
37370,93.89329648017883,11946,11.042816000000004,5.0,5.0
37377,93.9126193523407,11946,14.523137433600002,5.0,5.0
37378,93.91455388069153,11946,21.618509946880003,5.0,5.0
37380,93.92122101783752,11946,17.294807957504002,5.0,5.0
37390,93.95669412612915,11946,8.85494167424205,5.0,5.0
37398,93.97064590454102,11946,14.0,5.0,5.0
37400,93.97654247283936,11946,14.0,5.0,5.0
37410,94.00305962562561,11946,5.0,5.0,5.0
37420,94.02750897407532,11946,5.0,5.0,5.0
37430,94.04664182662964,11946,5.0,5.0,5.0
37431,94.04859924316406,11946,14.0,5.0,5.0
37440,94.06911754608154,11946,7.168000000000001,5.0,5.0
37447,94.08011293411255,11946,14.0,5.0,5.0
37450,94.08825516700745,11946,8.96,5.0,5.0
37460,94.13496923446655,11946,14.0,5.0,5.0
37470,94.16837739944458,11946,5.734400000000001,5.0,5.0
37475,94.17819166183472,11946,14.0,5.0,5.0
37480,94.18914675712585,11946,11.200000000000001,5.0,5.0
37489,94.20992159843445,11946,14.0,5.0,5.0
37490,94.21092772483826,11946,14.0,5.0,5.0
37495,94.22235059738159,11946,17.168,5.0,5.0
37498,94.2277250289917,11946,18.790016,5.0,5.0
37499,94.22971439361572,11946,25.032012800000004,5.0,5.0
37500,94.23411917686462,11946,25.032012800000004,5.0,5.0
37506,94.24387979507446,11946,18.202489954304006,5.0,5.0
37510,94.25086688995361,11946,17.455739885282924,5.0,5.0
37511,94.25278091430664,11946,23.96459190822634,5.0,5.0
37520,94.28068137168884,11946,7.852717476487609,5.0,5.0
37530,94.3041820526123,11946,5.02573918495207,5.0,5.0
37540,94.34078741073608,11946,5.0,5.0,5.0
37550,94.3763542175293,11946,5.0,5.0,5.0
37560,94.4080638885498,11946,5.0,5.0,5.0
37567,94.42468070983887,11946,14.0,5.0,5.0
37570,94.43337845802307,11946,8.96,5.0,5.0
37580,94.46389412879944,11946,5.0,5.0,5.0
37590,94.49541783332825,11946,5.0,5.0,5.0
37599,94.52206945419312,11946,14.0,5.0,5.0
37600,94.52379846572876,11946,11.200000000000001,5.0,5.0
37606,94.54300856590271,11946,18.96,5.0,5.0
37610,94.55294489860535,11946,9.707520000000002,5.0,5.0
37620,94.58517122268677,11946,5.0,5.0,5.0
37630,94.61811208724976,11946,5.0,5.0,5.0
37640,94.64872574806213,11946,5.0,5.0,5.0
37643,94.65633368492126,11946,14.0,5.0,5.0
37650,94.677561044693,11946,11.200000000000001,5.0,5.0
37659,94.69142651557922,11946,15.7344,5.0,5.0
37660,94.69336128234863,11946,22.58752,5.0,5.0
37663,94.70515823364258,11946,28.070016000000003,5.0,5.0
37670,94.72284150123596,11946,11.497478553600002,5.0,5.0
37676,94.73609185218811,11946,17.358386274304003,5.0,5.0
37680,94.74884414672852,11946,11.109367215554563,5.0,5.0
37683,94.757497549057,11946,18.88749377244365,5.0,5.0
37690,94.77415776252747,11946,7.736317449192922,5.0,5.0
37700,94.8004219532013,11946,5.0,5.0,5.0
37705,94.80767869949341,11946,14.0,5.0,5.0
37710,94.82722544670105,11946,11.200000000000001,5.0,5.0
37720,94.85997581481934,11946,5.734400000000001,5.0,5.0
37730,94.88958525657654,11946,5.0,5.0,5.0
37740,94.90947580337524,11946,5.0,5.0,5.0
37750,94.9384696483612,11946,5.0,5.0,5.0
37755,94.94982838630676,11946,14.0,5.0,5.0
37760,94.97081637382507,11946,14.0,5.0,5.0
37761,94.97294449806213,11946,21.200000000000003,5.0,5.0
37762,94.97496962547302,11946,26.960000000000004,5.0,5.0
37769,94.99307250976562,11946,18.8342528,5.0,5.0
37770,95.00377345085144,11946,18.8342528,5.0,5.0
37772,95.00849986076355,11946,22.053921792000004,5.0,5.0
37776,95.01578044891357,11946,19.033286366003203,5.0,5.0
37780,95.02516841888428,11946,9.745042619393642,5.0,5.0
37782,95.02880930900574,11946,17.796034095514912,5.0,5.0
37790,95.04389023780823,11946,5.0,5.0,5.0
37800,95.07132768630981,11946,5.0,5.0,5.0
37810,95.09390997886658,11946,5.0,5.0,5.0
37820,95.11619091033936,11946,5.0,5.0,5.0
37829,95.13708877563477,11946,14.0,5.0,5.0
37830,95.13878607749939,11946,11.200000000000001,5.0,5.0
37836,95.15580749511719,11946,15.7344,5.0,5.0
37840,95.16278886795044,11946,6.4448102400000025,5.0,5.0
37849,95.18725776672363,11946,14.0,5.0,5.0
37850,95.18852424621582,11946,11.200000000000001,5.0,5.0
37860,95.21950888633728,11946,5.0,5.0,5.0
37870,95.25355863571167,11946,5.0,5.0,5.0
37872,95.2575261592865,11946,14.0,5.0,5.0
37873,95.2595603466034,11946,21.200000000000003,5.0,5.0
37876,95.26533007621765,11946,23.568000000000005,5.0,5.0
37879,95.27071785926819,11946,25.083520000000007,5.0,5.0
37880,95.27259254455566,11946,25.083520000000007,5.0,5.0
37890,95.29873657226562,11946,5.260395413504003,5.0,5.0
37900,95.32878613471985,11946,5.0,5.0,5.0
37903,95.33759355545044,11946,14.0,5.0,5.0
37910,95.36099457740784,11946,11.200000000000001,5.0,5.0
37915,95.36932420730591,11946,15.7344,5.0,5.0
37920,95.37776279449463,11946,10.070016000000003,5.0,5.0
37924,95.38797640800476,11946,16.444810240000002,5.0,5.0
37930,95.39799499511719,11946,5.388635419443203,5.0,5.0
37940,95.42192435264587,11946,5.0,5.0,5.0
37941,95.42391562461853,11946,14.0,5.0,5.0
37950,95.44402694702148,11946,5.734400000000001,5.0,5.0
37960,95.47922015190125,11946,5.734400000000001,5.0,5.0
37962,95.48655247688293,11946,14.587520000000001,5.0,5.0
37970,95.50612115859985,11946,5.0,5.0,5.0
37980,95.52549433708191,11946,5.0,5.0,5.0
37990,95.55533361434937,11946,14.0,5.0,5.0
37993,95.56411862373352,11946,21.200000000000003,5.0,5.0
38000,95.57591032981873,11946,6.9468160000000045,5.0,5.0
38010,95.60465359687805,11946,5.0,5.0,5.0
38020,95.6334822177887,11946,5.0,5.0,5.0
38022,95.64041829109192,11946,14.0,5.0,5.0
38029,95.651930809021,11946,14.587520000000001,5.0,5.0
38030,95.65674901008606,11946,14.587520000000001,5.0,5.0
38040,95.68261981010437,11946,5.0,5.0,5.0
38050,95.71287679672241,11946,5.0,5.0,5.0
38058,95.7278983592987,11946,14.0,5.0,5.0
38060,95.73174691200256,11946,18.96,5.0,5.0
38069,95.75507068634033,11946,17.766016,5.0,5.0
38070,95.75694012641907,11946,24.212812800000002,5.0,5.0
38071,95.75875210762024,11946,29.370250240000004,5.0,5.0
38072,95.76057529449463,11946,33.496200192,5.0,5.0
38074,95.76696610450745,11946,36.796960153600004,5.0,5.0
38077,95.77215528488159,11946,28.840043598643206,5.0,5.0
38079,95.77567172050476,11946,28.45762790313165,5.0,5.0
38080,95.77715229988098,11946,28.45762790313165,5.0,5.0
38090,95.8074893951416,11946,18.21288185800426,5.0,5.0
38093,95.81299304962158,11946,19.324995511298184,5.0,5.0
38100,95.83357000350952,11946,6.3324145291421905,5.0,5.0
38101,95.8356306552887,11946,15.065931623313752,5.0,5.0
38110,95.85660982131958,11946,6.171005592909315,5.0,5.0
38112,95.85975360870361,11946,14.936804474327452,5.0,5.0
38116,95.8690037727356,11946,21.949443579461963,5.0,5.0
38120,95.87558269500732,11946,11.238115112684525,5.0,5.0
38130,95.9079430103302,11946,5.7539149376944785,5.0,5.0
38140,95.93961000442505,11946,14.0,5.0,5.0
38141,95.9417073726654,11946,21.200000000000003,5.0,5.0
38150,95.96052145957947,11946,16.946816000000005,5.0,5.0
38152,95.96420478820801,11946,23.557452800000007,5.0,5.0
38158,95.98048758506775,11946,25.076769792000007,5.0,5.0
38160,95.98399829864502,11946,30.06141583360001,5.0,5.0
38162,95.98751759529114,11946,34.04913266688001,5.0,5.0
38163,95.98947405815125,11946,37.239306133504016,5.0,5.0
38170,96.00592160224915,11946,12.202575833826598,5.0,5.0
38173,96.0110068321228,11946,16.24771882691922,5.0,5.0
38180,96.03234672546387,11946,8.318832039382642,5.0,5.0
38190,96.05632710456848,11946,5.324052505204891,5.0,5.0
38200,96.07931852340698,11946,5.0,5.0,5.0
38210,96.10824489593506,11946,14.0,5.0,5.0
38220,96.12722873687744,11946,5.0,5.0,5.0
38222,96.13106489181519,11946,14.0,5.0,5.0
38230,96.15541958808899,11946,7.168000000000001,5.0,5.0
38240,96.1871407032013,11946,5.0,5.0,5.0
38241,96.18925023078918,11946,14.0,5.0,5.0
38242,96.19124507904053,11946,21.200000000000003,5.0,5.0
38247,96.2041563987732,11946,20.854400000000005,5.0,5.0
38250,96.21000289916992,11946,20.677452800000005,5.0,5.0
38252,96.21737813949585,11946,26.541962240000004,5.0,5.0
38260,96.23251986503601,11946,16.986855833600004,5.0,5.0
38270,96.25187993049622,11946,6.957816149442563,5.0,5.0
38276,96.2724142074585,11946,14.0,5.0,5.0
38277,96.27440118789673,11946,21.200000000000003,5.0,5.0
38279,96.27804112434387,11946,23.568000000000005,5.0,5.0
38280,96.2799482345581,11946,28.854400000000005,5.0,5.0
38290,96.2974808216095,11946,6.051206266880003,5.0,5.0
38298,96.31727409362793,11946,14.0,5.0,5.0
38300,96.3238296508789,11946,11.200000000000001,5.0,5.0
38303,96.33542013168335,11946,18.96,5.0,5.0
38305,96.33907318115234,11946,25.168,5.0,5.0
38310,96.35022377967834,11946,12.886016000000001,5.0,5.0
38319,96.37446308135986,11946,16.597640192,5.0,5.0
38320,96.37908124923706,11946,16.597640192,5.0,5.0
38330,96.40537881851196,11946,5.4387147381145615,5.0,5.0
38340,96.42539954185486,11946,5.0,5.0,5.0
38350,96.45138335227966,11946,14.0,5.0,5.0
38354,96.46122646331787,11946,18.96,5.0,5.0
38355,96.4632077217102,11946,25.168,5.0,5.0
38360,96.47091150283813,11946,12.886016000000001,5.0,5.0
38370,96.49463844299316,11946,5.0,5.0,5.0
38380,96.52742338180542,11946,5.0,5.0,5.0
38385,96.53526091575623,11946,14.0,5.0,5.0
38390,96.54315280914307,11946,5.734400000000001,5.0,5.0
38400,96.56336736679077,11946,5.0,5.0,5.0
38410,96.59269642829895,11946,5.0,5.0,5.0
38420,96.62549638748169,11946,5.0,5.0,5.0
38430,96.65220355987549,11946,5.0,5.0,5.0
38431,96.65408420562744,11946,14.0,5.0,5.0
38433,96.6576406955719,11946,18.96,5.0,5.0
38435,96.66108798980713,11946,22.1344,5.0,5.0
38440,96.66934609413147,11946,11.3328128,5.0,5.0
38450,96.69139647483826,11946,5.0,5.0,5.0
38460,96.7211685180664,11946,5.0,5.0,5.0
38470,96.74839758872986,11946,5.0,5.0,5.0
38475,96.75733637809753,11946,14.0,5.0,5.0
38478,96.76250982284546,11946,18.96,5.0,5.0
38480,96.76861453056335,11946,18.96,5.0,5.0
38481,96.77059888839722,11946,25.168,5.0,5.0
38490,96.79444479942322,11946,6.597640192000002,5.0,5.0
38500,96.83354544639587,11946,5.0,5.0,5.0
38502,96.83722877502441,11946,14.0,5.0,5.0
38510,96.86085891723633,11946,7.168000000000001,5.0,5.0
38513,96.86639428138733,11946,14.587520000000001,5.0,5.0
38520,96.88799929618835,11946,9.336012800000002,5.0,5.0
38523,96.90114426612854,11946,17.468810240000003,5.0,5.0
38525,96.90829658508301,11946,23.975048192000003,5.0,5.0
38527,96.91610980033875,11946,29.180038553600003,5.0,5.0
38529,96.91978764533997,11946,28.675224674304,5.0,5.0
38530,96.92454671859741,11946,28.675224674304,5.0,5.0
38536,96.93893432617188,11946,19.396297621275938,5.0,5.0
38540,96.9487714767456,11946,9.930904382093281,5.0,5.0
38550,96.97657942771912,11946,5.084623043631761,5.0,5.0
38552,96.97985219955444,11946,14.0,5.0,5.0
38555,96.98483943939209,11946,17.168,5.0,5.0
38560,96.99305820465088,11946,10.987520000000002,5.0,5.0
38563,97.00095319747925,11946,18.790016,5.0,5.0
38570,97.01491856575012,11946,12.025610240000002,5.0,5.0
38580,97.03861618041992,11946,5.0,5.0,5.0
38590,97.07182765007019,11946,5.0,5.0,5.0
38596,97.08614993095398,11946,14.0,5.0,5.0
38600,97.09549689292908,11946,8.96,5.0,5.0
38610,97.1303927898407,11946,5.0,5.0,5.0
38620,97.15822243690491,11946,5.0,5.0,5.0
38621,97.16023826599121,11946,14.0,5.0,5.0
38630,97.18335580825806,11946,5.0,5.0,5.0
38631,97.18538641929626,11946,14.0,5.0,5.0
38635,97.20151686668396,11946,18.96,5.0,5.0
38640,97.21320962905884,11946,17.766016,5.0,5.0
38642,97.21683359146118,11946,24.212812800000002,5.0,5.0
38644,97.22354555130005,11946,29.370250240000004,5.0,5.0
38650,97.23350071907043,11946,15.037568122880003,5.0,5.0
38660,97.26246213912964,11946,5.0,5.0,5.0
38670,97.27987265586853,11946,14.0,5.0,5.0
38677,97.29505634307861,11946,17.168,5.0,5.0
38680,97.30037927627563,11946,10.987520000000002,5.0,5.0
38690,97.32768988609314,11946,5.625610240000001,5.0,5.0
38691,97.32967114448547,11946,14.500488192000002,5.0,5.0
38695,97.3366973400116,11946,17.424249954304003,5.0,5.0
38696,97.3385636806488,11946,23.9393999634432,5.0,5.0
38697,97.34036660194397,11946,29.15151997075456,5.0,5.0
38698,97.34220480918884,11946,33.32121597660365,5.0,5.0
38700,97.34544968605042,11946,26.656972781282924,5.0,5.0
38710,97.3700602054596,11946,6.987965472776633,5.0,5.0
38720,97.40099120140076,11946,5.590372378221307,5.0,5.0
38730,97.42172455787659,11946,5.0,5.0,5.0
38740,97.4464180469513,11946,5.0,5.0,5.0
38750,97.4753942489624,11946,5.0,5.0,5.0
38760,97.50097846984863,11946,5.0,5.0,5.0
38770,97.52777600288391,11946,5.0,5.0,5.0
38780,97.55237483978271,11946,5.0,5.0,5.0
38783,97.557687997818,11946,14.0,5.0,5.0
38785,97.56137728691101,11946,18.96,5.0,5.0
38786,97.56323409080505,11946,25.168,5.0,5.0
38790,97.57276749610901,11946,16.10752,5.0,5.0
38800,97.59546566009521,11946,5.278112153600002,5.0,5.0
38807,97.60950708389282,11946,14.0,5.0,5.0
38810,97.61488842964172,11946,17.168,5.0,5.0
38819,97.63626456260681,11946,14.0,5.0,5.0
38820,97.6379120349884,11946,11.200000000000001,5.0,5.0
38825,97.64646410942078,11946,14.587520000000001,5.0,5.0
38830,97.65478801727295,11946,5.975048192000003,5.0,5.0
38840,97.6834626197815,11946,5.0,5.0,5.0
38844,97.69024777412415,11946,14.0,5.0,5.0
38847,97.69539213180542,11946,18.96,5.0,5.0
38848,97.6973044872284,11946,25.168,5.0,5.0
38850,97.69985795021057,11946,25.168,5.0,5.0
38852,97.70352435112,11946,26.10752,5.0,5.0
38860,97.7235038280487,11946,8.554912153600002,5.0,5.0
38864,97.73322367668152,11946,14.380115022643203,5.0,5.0
38870,97.74248242378235,11946,5.890095113274657,5.0,5.0
38876,97.7557442188263,11946,14.0,5.0,5.0
38880,97.76503324508667,11946,8.96,5.0,5.0
38890,97.79574084281921,11946,5.0,5.0,5.0
38900,97.82071375846863,11946,5.0,5.0,5.0
38910,97.85095477104187,11946,5.0,5.0,5.0
38920,97.87979531288147,11946,5.0,5.0,5.0
38930,97.89725995063782,11946,5.0,5.0,5.0
38933,97.90944242477417,11946,14.0,5.0,5.0
38936,97.91748809814453,11946,17.168,5.0,5.0
38940,97.92618441581726,11946,8.790016000000001,5.0,5.0
38950,97.9558756351471,11946,5.0,5.0,5.0
38960,97.98694634437561,11946,5.0,5.0,5.0
38963,97.99221730232239,11946,14.0,5.0,5.0
38964,97.99423003196716,11946,21.200000000000003,5.0,5.0
38967,98.00344920158386,11946,23.568000000000005,5.0,5.0
38968,98.00537538528442,11946,28.854400000000005,5.0,5.0
38970,98.00874090194702,11946,18.466816000000005,5.0,5.0
38980,98.04042220115662,11946,7.564007833600003,5.0,5.0
38990,98.07177400588989,11946,5.0,5.0,5.0
38992,98.07556247711182,11946,14.0,5.0,5.0
39000,98.09423661231995,11946,5.734400000000001,5.0,5.0
39010,98.12869310379028,11946,5.0,5.0,5.0
39020,98.15420532226562,11946,5.0,5.0,5.0
39026,98.1672933101654,11946,14.0,5.0,5.0
39030,98.17301321029663,11946,7.168000000000001,5.0,5.0
39033,98.18117785453796,11946,15.7344,5.0,5.0
39040,98.19573616981506,11946,6.4448102400000025,5.0,5.0
39050,98.22344827651978,11946,5.0,5.0,5.0
39058,98.26200723648071,11946,14.0,5.0,5.0
39060,98.26551747322083,11946,11.200000000000001,5.0,5.0
39061,98.2676351070404,11946,18.96,5.0,5.0
39062,98.26965594291687,11946,25.168,5.0,5.0
39063,98.27164268493652,11946,30.1344,5.0,5.0
39070,98.28434133529663,11946,17.899552153600002,5.0,5.0
39072,98.28778553009033,11946,24.31964172288,5.0,5.0
39073,98.29019021987915,11946,29.455713378304,5.0,5.0
39080,98.3017885684967,11946,9.652048159802659,5.0,5.0
39081,98.30389428138733,11946,17.721638527842128,5.0,5.0
39085,98.3109655380249,11946,19.07347892625517,5.0,5.0
39090,98.31943035125732,11946,6.249997574555296,5.0,5.0
39095,98.33136105537415,11946,14.0,5.0,5.0
39100,98.34700751304626,11946,11.200000000000001,5.0,5.0
39110,98.3677613735199,11946,14.0,5.0,5.0
39118,98.38782143592834,11946,15.7344,5.0,5.0
39120,98.39070105552673,11946,10.070016000000003,5.0,5.0
39124,98.40162992477417,11946,16.444810240000002,5.0,5.0
39126,98.40804982185364,11946,23.155848192,5.0,5.0
39127,98.41005516052246,11946,28.5246785536,5.0,5.0
39130,98.4151599407196,11946,18.255794274304005,5.0,5.0
39134,98.42200136184692,11946,19.346966668443653,5.0,5.0
39140,98.43485045433044,11946,9.905646934243151,5.0,5.0
39150,98.46090984344482,11946,5.0,5.0,5.0
39160,98.48645496368408,11946,5.0,5.0,5.0
39170,98.50872421264648,11946,5.0,5.0,5.0
39175,98.52774167060852,11946,14.0,5.0,5.0
39180,98.53866958618164,11946,8.96,5.0,5.0
39189,98.5567467212677,11946,14.587520000000001,5.0,5.0
39190,98.56194257736206,11946,14.587520000000001,5.0,5.0
39196,98.5740876197815,11946,15.975048192000003,5.0,5.0
39200,98.5808596611023,11946,8.179224674304002,5.0,5.0
39205,98.59302496910095,11946,14.0,5.0,5.0
39210,98.6079204082489,11946,11.200000000000001,5.0,5.0
39212,98.61475133895874,11946,18.96,5.0,5.0
39214,98.6184823513031,11946,22.1344,5.0,5.0
39216,98.62210869789124,11946,24.166016,5.0,5.0
39220,98.63197875022888,11946,12.373000192000001,5.0,5.0
39224,98.64223790168762,11946,16.334976098304,5.0,5.0
39230,98.65478801727295,11946,8.363507762331649,5.0,5.0
39240,98.68023204803467,11946,5.0,5.0,5.0
39246,98.69278168678284,11946,14.0,5.0,5.0
39250,98.70641016960144,11946,11.200000000000001,5.0,5.0
39260,98.730144739151,11946,5.0,5.0,5.0
39270,98.75378775596619,11946,5.0,5.0,5.0
39271,98.75588274002075,11946,14.0,5.0,5.0
39274,98.76400303840637,11946,18.96,5.0,5.0
39280,98.7733998298645,11946,9.707520000000002,5.0,5.0
39290,98.796058177948,11946,5.0,5.0,5.0
39300,98.81353187561035,11946,5.0,5.0,5.0
39301,98.81555676460266,11946,14.0,5.0,5.0
39310,98.83514642715454,11946,5.734400000000001,5.0,5.0
39315,98.84807443618774,11946,14.0,5.0,5.0
39318,98.85320544242859,11946,17.168,5.0,5.0
39320,98.85677480697632,11946,10.987520000000002,5.0,5.0
39330,98.88705325126648,11946,5.0,5.0,5.0
39333,98.8924925327301,11946,14.0,5.0,5.0
39340,98.91913866996765,11946,17.168,5.0,5.0
39350,98.94865560531616,11946,5.0,5.0,5.0
39360,98.97683382034302,11946,5.0,5.0,5.0
39370,99.00827240943909,11946,5.0,5.0,5.0
39380,99.04063820838928,11946,14.0,5.0,5.0
39381,99.04276204109192,11946,21.200000000000003,5.0,5.0
39387,99.06232237815857,11946,18.683520000000005,5.0,5.0
39390,99.07104682922363,11946,11.957452800000006,5.0,5.0
39391,99.07310199737549,11946,19.565962240000005,5.0,5.0
39396,99.084153175354,11946,20.017772666880006,5.0,5.0
39400,99.09359812736511,11946,12.811374506803205,5.0,5.0
39410,99.13236951828003,11946,5.247538997986593,5.0,5.0
39411,99.13457894325256,11946,14.198031198389275,5.0,5.0
39420,99.17042303085327,11946,5.815513578860248,5.0,5.0
39430,99.20065903663635,11946,14.0,5.0,5.0
39440,99.22369170188904,11946,5.0,5.0,5.0
39444,99.23399114608765,11946,14.0,5.0,5.0
39446,99.24102592468262,11946,21.200000000000003,5.0,5.0
39450,99.24821543693542,11946,10.854400000000005,5.0,5.0
39460,99.27101016044617,11946,14.0,5.0,5.0
39469,99.2935483455658,11946,14.587520000000001,5.0,5.0
39470,99.29507660865784,11946,14.587520000000001,5.0,5.0
39472,99.30208897590637,11946,21.670016000000004,5.0,5.0
39474,99.30595088005066,11946,23.868810240000002,5.0,5.0
39476,99.30954098701477,11946,25.276038553600003,5.0,5.0
39480,99.31552743911743,11946,16.176664674304003,5.0,5.0
39489,99.32975792884827,11946,15.300769480475937,5.0,5.0
39490,99.33144283294678,11946,12.24061558438075,5.0,5.0
39500,99.352787733078,11946,5.013756143362357,5.0,5.0
39510,99.3848671913147,11946,5.0,5.0,5.0
39518,99.41468095779419,11946,14.0,5.0,5.0
39520,99.42160272598267,11946,11.200000000000001,5.0,5.0
39530,99.45596694946289,11946,5.0,5.0,5.0
39540,99.47887325286865,11946,5.0,5.0,5.0
39544,99.48618149757385,11946,14.0,5.0,5.0
39547,99.49154305458069,11946,17.168,5.0,5.0
39549,99.49523425102234,11946,20.987520000000004,5.0,5.0
39550,99.49690103530884,11946,16.790016000000005,5.0,5.0
39552,99.50059866905212,11946,20.745610240000005,5.0,5.0
39555,99.50845551490784,11946,26.596488192000006,5.0,5.0
39557,99.51199698448181,11946,27.021752442880008,5.0,5.0
39560,99.51718139648438,11946,13.835137250754565,5.0,5.0
39569,99.54217457771301,11946,14.533497774327257,5.0,5.0
39570,99.54381227493286,11946,11.626798219461806,5.0,5.0
39580,99.57844066619873,11946,5.0,5.0,5.0
39585,99.58728909492493,11946,14.0,5.0,5.0
39590,99.60649132728577,11946,11.200000000000001,5.0,5.0
39600,99.6348135471344,11946,5.0,5.0,5.0
39610,99.65783095359802,11946,5.0,5.0,5.0
39620,99.68761014938354,11946,5.0,5.0,5.0
39624,99.69488501548767,11946,14.0,5.0,5.0
39628,99.70465397834778,11946,17.168,5.0,5.0
39630,99.70820140838623,11946,10.987520000000002,5.0,5.0
39640,99.73277378082275,11946,5.0,5.0,5.0
39641,99.73474407196045,11946,14.0,5.0,5.0
39647,99.7522463798523,11946,15.7344,5.0,5.0
39650,99.7571587562561,11946,12.587520000000001,5.0,5.0
39654,99.76448941230774,11946,16.444810240000002,5.0,5.0
39655,99.7665364742279,11946,23.155848192,5.0,5.0
39658,99.77639675140381,11946,24.819742842880004,5.0,5.0
39660,99.78017163276672,11946,25.884635419443203,5.0,5.0
39663,99.78568482398987,11946,23.25293333475492,5.0,5.0
39667,99.7929573059082,11946,21.90550186739452,5.0,5.0
39670,99.80222964286804,11946,14.019521195132493,5.0,5.0
39680,99.82256770133972,11946,5.0,5.0,5.0
39690,99.84573316574097,11946,5.0,5.0,5.0
39696,99.86538434028625,11946,14.0,5.0,5.0
39700,99.87213325500488,11946,7.168000000000001,5.0,5.0
39710,99.89706325531006,11946,5.734400000000001,5.0,5.0
39716,99.91075348854065,11946,14.0,5.0,5.0
39717,99.91280770301819,11946,21.200000000000003,5.0,5.0
39720,99.9180052280426,11946,13.568000000000005,5.0,5.0
39730,99.95362758636475,11946,5.557452800000004,5.0,5.0
39732,99.95754337310791,11946,14.0,5.0,5.0
39740,99.98043465614319,11946,17.168,5.0,5.0
39750,100.00491619110107,11946,14.0,5.0,5.0
39751,100.00684356689453,11946,21.200000000000003,5.0,5.0
39755,100.01387310028076,11946,20.854400000000005,5.0,5.0
39756,100.01580786705017,11946,26.683520000000005,5.0,5.0
39760,100.0260500907898,11946,13.661962240000003,5.0,5.0
39770,100.05272006988525,11946,8.743655833600002,5.0,5.0
39780,100.07448220252991,11946,5.0,5.0,5.0
39790,100.10187840461731,11946,5.0,5.0,5.0
39800,100.13871455192566,11946,5.0,5.0,5.0
39808,100.16316986083984,11946,14.0,5.0,5.0
39810,100.16658973693848,11946,8.96,5.0,5.0
39820,100.19175958633423,11946,5.0,5.0,5.0
39830,100.2142288684845,11946,5.0,5.0,5.0
39836,100.22958040237427,11946,14.0,5.0,5.0
39840,100.2449471950531,11946,11.200000000000001,5.0,5.0
39850,100.26953554153442,11946,7.168000000000001,5.0,5.0
39860,100.2948317527771,11946,5.0,5.0,5.0
39870,100.32452273368835,11946,14.0,5.0,5.0
39874,100.3394615650177,11946,18.96,5.0,5.0
39880,100.3551697731018,11946,9.707520000000002,5.0,5.0
39890,100.37814283370972,11946,5.0,5.0,5.0
39897,100.4067029953003,11946,14.0,5.0,5.0
39900,100.41505479812622,11946,11.200000000000001,5.0,5.0
39910,100.43832445144653,11946,15.7344,5.0,5.0
39918,100.45092535018921,11946,18.056012800000005,5.0,5.0
39920,100.45783805847168,11946,14.444810240000004,5.0,5.0
39928,100.4782292842865,11946,14.733275419443203,5.0,5.0
39930,100.48169612884521,11946,9.42929626844365,5.0,5.0
39940,100.51047682762146,11946,5.0,5.0,5.0
39944,100.53071999549866,11946,14.0,5.0,5.0
39950,100.54450178146362,11946,18.96,5.0,5.0
39960,100.57372546195984,11946,7.766016000000002,5.0,5.0
39970,100.60002112388611,11946,5.0,5.0,5.0
39980,100.62878155708313,11946,5.0,5.0,5.0
39990,100.65907645225525,11946,5.0,5.0,5.0
40000,100.68504929542542,11946,5.0,5.0,5.0
40010,100.7335569858551,11946,5.0,5.0,5.0
40020,100.7827467918396,11946,5.0,5.0,5.0
40030,100.81264400482178,11946,5.0,5.0,5.0
40036,100.83557391166687,11946,14.0,5.0,5.0
40038,100.83914947509766,11946,21.200000000000003,5.0,5.0
40040,100.84527635574341,11946,16.960000000000004,5.0,5.0
40050,100.87600374221802,11946,5.0,5.0,5.0
40057,100.9027795791626,11946,14.0,5.0,5.0
40060,100.9079737663269,11946,8.96,5.0,5.0
40063,100.9135468006134,11946,14.587520000000001,5.0,5.0
40065,100.92105984687805,11946,21.670016000000004,5.0,5.0
40067,100.92431688308716,11946,23.868810240000002,5.0,5.0
40070,100.92962431907654,11946,12.220830842880003,5.0,5.0
40079,100.95194983482361,11946,14.00452185059492,5.0,5.0
40080,100.95674562454224,11946,14.00452185059492,5.0,5.0
40082,100.96048021316528,11946,21.203617480475934,5.0,5.0
40083,100.96245622634888,11946,26.96289398438075,5.0,5.0
40089,100.97950863838196,11946,21.044001376002356,5.0,5.0
40090,100.98123669624329,11946,16.835201100801886,5.0,5.0
40091,100.98322057723999,11946,23.46816088064151,5.0,5.0
40100,101.0050368309021,11946,6.15203756589489,5.0,5.0
40110,101.02632808685303,11946,5.0,5.0,5.0
40119,101.05005693435669,11946,14.0,5.0,5.0
40120,101.05177760124207,11946,11.200000000000001,5.0,5.0
40130,101.08735775947571,11946,5.0,5.0,5.0
40140,101.10887360572815,11946,14.0,5.0,5.0
40150,101.12353587150574,11946,8.96,5.0,5.0
40156,101.1445631980896,11946,14.587520000000001,5.0,5.0
40160,101.15715098381042,11946,9.336012800000002,5.0,5.0
40166,101.17076420783997,11946,14.0,5.0,5.0
40170,101.17988228797913,11946,8.96,5.0,5.0
40172,101.18357443809509,11946,15.7344,5.0,5.0
40175,101.19493865966797,11946,22.58752,5.0,5.0
40180,101.20935845375061,11946,11.564810240000003,5.0,5.0
40183,101.21420478820801,11946,15.921182842880002,5.0,5.0
40190,101.2374324798584,11946,10.189557019443203,5.0,5.0
40191,101.23946857452393,11946,18.151645615554564,5.0,5.0
40193,101.24286580085754,11946,21.617053193954924,5.0,5.0
40199,101.25594139099121,11946,21.067931235304922,5.0,5.0
40200,101.2576355934143,11946,16.854344988243938,5.0,5.0
40206,101.28091025352478,11946,20.786780792476122,5.0,5.0
40210,101.28997993469238,11946,16.6294246339809,5.0,5.0
40218,101.3079195022583,11946,14.359303891250292,5.0,5.0
40220,101.31138801574707,11946,9.189954490400188,5.0,5.0
40230,101.34112071990967,11946,14.0,5.0,5.0
40238,101.3615448474884,11946,17.168,5.0,5.0
40240,101.36741733551025,11946,17.168,5.0,5.0
40246,101.38111686706543,11946,17.0320128,5.0,5.0
40250,101.39453458786011,11946,10.900488192000001,5.0,5.0
40251,101.39661741256714,11946,18.7203905536,5.0,5.0
40258,101.4188940525055,11946,19.5848399634432,5.0,5.0
40260,101.42189192771912,11946,25.66787197075456,5.0,5.0
40270,101.44244956970215,11946,14.30635432313695,5.0,5.0
40280,101.46542739868164,11946,5.0,5.0,5.0
40290,101.49106168746948,11946,5.0,5.0,5.0
40300,101.52207946777344,11946,5.0,5.0,5.0
40310,101.55468344688416,11946,14.0,5.0,5.0
40320,101.5864474773407,11946,5.734400000000001,5.0,5.0
40330,101.61246156692505,11946,5.0,5.0,5.0
40338,101.62808442115784,11946,14.0,5.0,5.0
40340,101.6315279006958,11946,11.200000000000001,5.0,5.0
40342,101.63528490066528,11946,17.168,5.0,5.0
40350,101.65493774414062,11946,7.032012800000001,5.0,5.0
40360,101.66990208625793,11946,5.0,5.0,5.0
40370,101.70333433151245,11946,5.0,5.0,5.0
40375,101.71613693237305,11946,14.0,5.0,5.0
40380,101.72787046432495,11946,7.168000000000001,5.0,5.0
40390,101.7498574256897,11946,5.0,5.0,5.0
40392,101.75652980804443,11946,14.0,5.0,5.0
40394,101.7637357711792,11946,21.200000000000003,5.0,5.0
40400,101.77790546417236,11946,8.683520000000005,5.0,5.0
40410,101.80940842628479,11946,5.0,5.0,5.0
40420,101.83772015571594,11946,5.0,5.0,5.0
40430,101.86358404159546,11946,5.0,5.0,5.0
40438,101.88291358947754,11946,14.0,5.0,5.0
40440,101.88962411880493,11946,21.200000000000003,5.0,5.0
40450,101.90910720825195,11946,6.9468160000000045,5.0,5.0
40460,101.9431164264679,11946,5.0,5.0,5.0
40468,101.97032713890076,11946,14.0,5.0,5.0
40470,101.97664022445679,11946,14.0,5.0,5.0
40480,102.00383758544922,11946,5.734400000000001,5.0,5.0
40490,102.03881001472473,11946,5.0,5.0,5.0
40493,102.05074501037598,11946,14.0,5.0,5.0
40498,102.06221199035645,11946,18.96,5.0,5.0
40500,102.06562852859497,11946,15.168000000000001,5.0,5.0
40502,102.06953620910645,11946,19.707520000000002,5.0,5.0
40505,102.0744731426239,11946,22.6128128,5.0,5.0
40510,102.08332228660583,11946,9.262208122880002,5.0,5.0
40520,102.12262725830078,11946,7.409766498304002,5.0,5.0
40523,102.1280210018158,11946,14.742250558914563,5.0,5.0
40530,102.1520528793335,11946,7.548032286164258,5.0,5.0
40540,102.18169021606445,11946,6.038425828931406,5.0,5.0
40550,102.21326565742493,11946,5.0,5.0,5.0
40560,102.23242568969727,11946,5.0,5.0,5.0
40569,102.25227546691895,11946,14.0,5.0,5.0
40570,102.25377678871155,11946,14.0,5.0,5.0
40577,102.27097225189209,11946,15.7344,5.0,5.0
40580,102.27626061439514,11946,20.070016000000003,5.0,5.0
40590,102.30577373504639,11946,6.576542842880001,5.0,5.0
40600,102.3350179195404,11946,5.0,5.0,5.0
40610,102.37374663352966,11946,5.0,5.0,5.0
40611,102.37588310241699,11946,14.0,5.0,5.0
40620,102.39389896392822,11946,5.0,5.0,5.0
40622,102.39754343032837,11946,14.0,5.0,5.0
40628,102.41653823852539,11946,17.168,5.0,5.0
40630,102.41949582099915,11946,13.7344,5.0,5.0
40640,102.45385766029358,11946,5.0,5.0,5.0
40650,102.48840689659119,11946,5.0,5.0,5.0
40651,102.49058198928833,11946,14.0,5.0,5.0
40658,102.50303840637207,11946,15.7344,5.0,5.0
40660,102.51005816459656,11946,15.7344,5.0,5.0
40665,102.5257351398468,11946,18.056012800000005,5.0,5.0
40667,102.52959275245667,11946,21.555848192000006,5.0,5.0
40668,102.53165173530579,11946,27.244678553600007,5.0,5.0
40670,102.53934526443481,11946,21.795742842880006,5.0,5.0
40680,102.5632951259613,11946,7.142029014754922,5.0,5.0
40685,102.57791996002197,11946,14.570898569443152,5.0,5.0
40686,102.57983827590942,11946,21.656718855554523,5.0,5.0
40690,102.58641934394836,11946,13.860300067554896,5.0,5.0
40700,102.61956262588501,11946,7.096473634588107,5.0,5.0
40710,102.64902138710022,11946,5.0,5.0,5.0
40720,102.67939615249634,11946,5.0,5.0,5.0
40728,102.70670747756958,11946,14.0,5.0,5.0
40730,102.7128574848175,11946,14.0,5.0,5.0
40740,102.73494005203247,11946,5.0,5.0,5.0
40750,102.76085329055786,11946,14.0,5.0,5.0
40760,102.77844882011414,11946,7.168000000000001,5.0,5.0
40770,102.81433486938477,11946,5.0,5.0,5.0
40780,102.84657025337219,11946,5.0,5.0,5.0
40790,102.88367486000061,11946,5.0,5.0,5.0
40800,102.90497303009033,11946,5.0,5.0,5.0
40810,102.93754029273987,11946,5.0,5.0,5.0
40812,102.94118332862854,11946,14.0,5.0,5.0
40813,102.94328999519348,11946,21.200000000000003,5.0,5.0
40815,102.94701719284058,11946,23.568000000000005,5.0,5.0
40820,102.95926547050476,11946,12.066816000000005,5.0,5.0
40822,102.96320414543152,11946,17.72276224,5.0,5.0
40830,102.98255848884583,11946,9.074054266880003,5.0,5.0
40832,102.98595809936523,11946,15.807394730803203,5.0,5.0
40840,103.0046956539154,11946,8.093386102171241,5.0,5.0
40850,103.02697253227234,11946,15.179767105389594,5.0,5.0
40853,103.03482699394226,11946,19.715050947449342,5.0,5.0
40860,103.0488555431366,11946,6.460227894460201,5.0,5.0
40868,103.06791734695435,11946,14.13454585245453,5.0,5.0
40870,103.07117700576782,11946,11.307636681963624,5.0,5.0
40879,103.09645462036133,11946,14.0,5.0,5.0
40880,103.10148310661316,11946,14.0,5.0,5.0
40890,103.13487315177917,11946,7.168000000000001,5.0,5.0
40893,103.14655923843384,11946,14.587520000000001,5.0,5.0
40900,103.17348837852478,11946,5.975048192000003,5.0,5.0
40902,103.1809573173523,11946,14.780038553600003,5.0,5.0
40904,103.1850254535675,11946,19.459224674304004,5.0,5.0
40910,103.1990807056427,11946,19.963123033243654,5.0,5.0
40920,103.23150587081909,11946,8.176895194416602,5.0,5.0
40930,103.2592761516571,11946,5.0,5.0,5.0
40940,103.2816047668457,11946,5.0,5.0,5.0
40950,103.30654382705688,11946,5.0,5.0,5.0
40952,103.31057548522949,11946,14.0,5.0,5.0
40956,103.31795763969421,11946,15.7344,5.0,5.0
40960,103.32668781280518,11946,12.587520000000001,5.0,5.0
40964,103.33728194236755,11946,18.056012800000005,5.0,5.0
40968,103.34668326377869,11946,21.555848192000006,5.0,5.0
40970,103.35011267662048,11946,13.795742842880006,5.0,5.0
40980,103.37362623214722,11946,5.0,5.0,5.0
40984,103.383540391922,11946,14.0,5.0,5.0
40990,103.39611172676086,11946,7.168000000000001,5.0,5.0
41000,103.42391729354858,11946,5.0,5.0,5.0
41010,103.44323396682739,11946,5.0,5.0,5.0
41020,103.47251486778259,11946,5.0,5.0,5.0
41030,103.50502324104309,11946,5.0,5.0,5.0
41040,103.53100442886353,11946,5.0,5.0,5.0
41045,103.54690980911255,11946,14.0,5.0,5.0
41050,103.56840991973877,11946,18.96,5.0,5.0
41060,103.58787631988525,11946,6.212812800000002,5.0,5.0
41070,103.62017846107483,11946,5.0,5.0,5.0
41072,103.62331080436707,11946,14.0,5.0,5.0
41075,103.63153147697449,11946,21.200000000000003,5.0,5.0
41077,103.63541579246521,11946,23.568000000000005,5.0,5.0
41080,103.64076852798462,11946,12.066816000000005,5.0,5.0
41090,103.67004418373108,11946,14.942567833600002,5.0,5.0
41100,103.6946427822113,11946,7.650594730803203,5.0,5.0
41110,103.71434020996094,11946,5.0,5.0,5.0
41118,103.73065638542175,11946,14.0,5.0,5.0
41120,103.7345609664917,11946,18.96,5.0,5.0
41129,103.75581121444702,11946,16.212812800000002,5.0,5.0
41130,103.75824069976807,11946,22.970250240000002,5.0,5.0
41140,103.79655194282532,11946,7.526891598643203,5.0,5.0
41144,103.81015658378601,11946,14.81721062313165,5.0,5.0
41148,103.81678581237793,11946,19.483014798804255,5.0,5.0
41150,103.82473421096802,11946,15.586411839043405,5.0,5.0
41160,103.85404324531555,11946,5.107355431417744,5.0,5.0
41170,103.87872433662415,11946,5.0,5.0,5.0
41172,103.88682961463928,11946,14.0,5.0,5.0
41180,103.91226649284363,11946,5.734400000000001,5.0,5.0
41190,103.92884826660156,11946,5.0,5.0,5.0
41200,103.96793580055237,11946,5.0,5.0,5.0
41210,103.99279808998108,11946,5.0,5.0,5.0
41220,104.02132606506348,11946,5.0,5.0,5.0
41230,104.05369472503662,11946,5.0,5.0,5.0
41240,104.08122205734253,11946,5.0,5.0,5.0
41250,104.10987710952759,11946,14.0,5.0,5.0
41258,104.1268219947815,11946,14.587520000000001,5.0,5.0
41259,104.12875723838806,11946,21.670016000000004,5.0,5.0
41260,104.13048267364502,11946,17.336012800000002,5.0,5.0
41270,104.16885113716125,11946,8.876038553600003,5.0,5.0
41280,104.19544816017151,11946,5.680664674304002,5.0,5.0
41290,104.22622990608215,11946,5.0,5.0,5.0
41300,104.25061917304993,11946,5.0,5.0,5.0
41306,104.26895308494568,11946,14.0,5.0,5.0
41310,104.27589321136475,11946,7.168000000000001,5.0,5.0
41313,104.28153324127197,11946,14.587520000000001,5.0,5.0
41320,104.30940532684326,11946,9.336012800000002,5.0,5.0
41328,104.33429861068726,11946,14.780038553600003,5.0,5.0
41330,104.34221386909485,11946,11.824030842880003,5.0,5.0
41338,104.36595129966736,11946,17.5673797394432,5.0,5.0
41340,104.37330842018127,11946,24.05390379155456,5.0,5.0
41350,104.39648151397705,11946,17.8819831944166,5.0,5.0
41360,104.42500352859497,11946,5.0,5.0,5.0
41361,104.42697358131409,11946,14.0,5.0,5.0
41368,104.44679856300354,11946,21.200000000000003,5.0,5.0
41369,104.44880390167236,11946,26.960000000000004,5.0,5.0
41370,104.45362091064453,11946,26.960000000000004,5.0,5.0
41380,104.47701859474182,11946,17.067402240000003,5.0,5.0
41390,104.5065233707428,11946,8.738509946880004,5.0,5.0
41395,104.51809763908386,11946,15.592646366003203,5.0,5.0
41396,104.5200834274292,11946,22.474117092802565,5.0,5.0
41398,104.52355790138245,11946,27.979293674242054,5.0,5.0
41400,104.52696371078491,11946,17.906747951514916,5.0,5.0
41401,104.52902746200562,11946,24.32539836121193,5.0,5.0
41410,104.54268407821655,11946,7.970946535001929,5.0,5.0
41415,104.55188870429993,11946,14.0,5.0,5.0
41418,104.55665111541748,11946,18.96,5.0,5.0
41420,104.56027364730835,11946,12.134400000000001,5.0,5.0
41430,104.5886721611023,11946,5.0,5.0,5.0
41440,104.61260938644409,11946,5.0,5.0,5.0
41448,104.63542079925537,11946,14.0,5.0,5.0
41450,104.64173293113708,11946,11.200000000000001,5.0,5.0
41456,104.65188503265381,11946,14.0,5.0,5.0
41460,104.66119575500488,11946,11.200000000000001,5.0,5.0
41467,104.6789083480835,11946,17.168,5.0,5.0
41469,104.68273973464966,11946,20.987520000000004,5.0,5.0
41470,104.68446159362793,11946,16.790016000000005,5.0,5.0
41473,104.68994426727295,11946,20.745610240000005,5.0,5.0
41474,104.69184041023254,11946,26.596488192000006,5.0,5.0
41478,104.69880056381226,11946,23.617401954304007,5.0,5.0
41480,104.70520567893982,11946,18.893921563443207,5.0,5.0
41490,104.73892331123352,11946,6.191160217909072,5.0,5.0
41500,104.76453566551208,11946,5.0,5.0,5.0
41510,104.7870864868164,11946,5.0,5.0,5.0
41520,104.8184552192688,11946,5.0,5.0,5.0
41523,104.831472158432,11946,14.0,5.0,5.0
41530,104.8421003818512,11946,5.734400000000001,5.0,5.0
41540,104.87303686141968,11946,5.0,5.0,5.0
41550,104.90121793746948,11946,5.0,5.0,5.0
41559,104.93336033821106,11946,14.0,5.0,5.0
41560,104.9349513053894,11946,14.0,5.0,5.0
41563,104.94069314002991,11946,17.168,5.0,5.0
41564,104.94272637367249,11946,23.7344,5.0,5.0
41570,104.95640110969543,11946,7.777288192000002,5.0,5.0
41580,105.00602579116821,11946,6.221830553600002,5.0,5.0
41590,105.03101205825806,11946,5.0,5.0,5.0
41600,105.06035590171814,11946,5.0,5.0,5.0
41610,105.08049464225769,11946,5.0,5.0,5.0
41620,105.10818266868591,11946,5.0,5.0,5.0
41624,105.12919807434082,11946,14.0,5.0,5.0
41630,105.145183801651,11946,8.96,5.0,5.0
41633,105.15110540390015,11946,14.587520000000001,5.0,5.0
41638,105.16011261940002,11946,7.4688102400000025,5.0,14.0
41640,105.1669762134552,11946,7.4688102400000025,5.0,11.200000000000001
41641,105.16927075386047,11946,15.975048192000003,5.0,11.200000000000001
41644,105.17890572547913,11946,20.224030842880005,5.0,11.200000000000001
41647,105.1844093799591,11946,22.943379739443206,5.0,8.96
41650,105.1891622543335,11946,14.683763033243654,5.0,7.168000000000001
41660,105.21968293190002,11946,9.397608341275939,5.0,5.0
41670,105.24054861068726,11946,5.0,5.0,5.0
41680,105.2674298286438,11946,5.0,5.0,5.0
41689,105.29449701309204,11946,14.0,5.0,5.0
41690,105.29632377624512,11946,11.200000000000001,5.0,5.0
41700,105.32206273078918,11946,5.0,5.0,5.0
41710,105.34482002258301,11946,5.0,5.0,5.0
41720,105.37051200866699,11946,5.0,5.0,5.0
41722,105.37748908996582,11946,14.0,5.0,5.0
41730,105.4010899066925,11946,15.7344,5.0,5.0
41735,105.41316270828247,11946,16.444810240000002,5.0,5.0
41740,105.43152117729187,11946,13.155848192000002,5.0,5.0
41743,105.4373152256012,11946,16.735794274304002,5.0,5.0
41750,105.4489197731018,11946,5.0,5.0,5.0
41760,105.48903274536133,11946,5.0,5.0,5.0
41770,105.51569557189941,11946,5.0,5.0,5.0
41780,105.5470986366272,11946,5.0,5.0,5.0
41790,105.57504439353943,11946,5.0,5.0,5.0
41794,105.58448243141174,11946,14.0,5.0,5.0
41795,105.5864748954773,11946,21.200000000000003,5.0,5.0
41800,105.59527111053467,11946,6.9468160000000045,5.0,5.0
41810,105.62373948097229,11946,5.0,5.0,5.0
41813,105.62934041023254,11946,14.0,5.0,5.0
41820,105.64529252052307,11946,15.7344,5.0,5.0
41822,105.64904427528381,11946,22.58752,5.0,5.0
41830,105.66305208206177,11946,15.921182842880002,5.0,5.0
41840,105.68789315223694,11946,6.52131649244365,5.0,5.0
41850,105.71599888801575,11946,5.0,5.0,5.0
41860,105.73631978034973,11946,5.0,5.0,5.0
41861,105.73846507072449,11946,14.0,5.0,5.0
41870,105.76381325721741,11946,5.0,5.0,5.0
41878,105.79583859443665,11946,14.0,5.0,5.0
41880,105.80668544769287,11946,14.0,5.0,5.0
41882,105.81049227714539,11946,21.200000000000003,5.0,5.0
41890,105.83112359046936,11946,13.568000000000005,5.0,5.0
41895,105.84142684936523,11946,18.683520000000005,5.0,5.0
41898,105.84711503982544,11946,19.565962240000005,5.0,5.0
41900,105.85063219070435,11946,12.522215833600004,5.0,5.0
41910,105.88243675231934,11946,6.411374506803203,5.0,5.0
41911,105.88464570045471,11946,15.129099605442562,5.0,5.0
41920,105.90407991409302,11946,5.0,5.0,5.0
41921,105.90635633468628,11946,14.0,5.0,5.0
41928,105.92577528953552,11946,17.168,5.0,5.0
41930,105.92943120002747,11946,10.987520000000002,5.0,5.0
41932,105.93316721916199,11946,8.790016000000001,5.0,14.0
41940,105.95093202590942,11946,5.625610240000001,5.0,5.734400000000001
41942,105.95753717422485,11946,14.500488192000002,5.0,5.734400000000001
41950,105.97483587265015,11946,9.280312442880001,5.0,5.0
41960,106.01551365852356,11946,5.0,5.0,5.0
41970,106.04089570045471,11946,5.0,5.0,5.0
41980,106.06939029693604,11946,5.0,5.0,5.0
41990,106.10046482086182,11946,5.0,5.0,5.0
42000,106.1242344379425,11946,5.0,5.0,5.0
42010,106.14872527122498,11946,5.0,5.0,5.0
42013,106.15421032905579,11946,14.0,5.0,5.0
42018,106.16596937179565,11946,15.7344,5.0,5.0
42020,106.16950130462646,11946,10.070016000000003,5.0,5.0
42023,106.17790603637695,11946,16.444810240000002,5.0,5.0
42030,106.19211745262146,11946,5.388635419443203,5.0,5.0
42037,106.21004557609558,11946,14.0,5.0,5.0
42040,106.2154712677002,11946,7.168000000000001,5.0,5.0
42050,106.24634909629822,11946,5.0,5.0,5.0
42051,106.2484381198883,11946,14.0,5.0,5.0
42060,106.26588439941406,11946,5.734400000000001,5.0,5.0
42070,106.28843021392822,11946,5.0,5.0,5.0
42079,106.3066771030426,11946,14.0,5.0,5.0
42080,106.30848240852356,11946,11.200000000000001,5.0,5.0
42090,106.33468914031982,11946,5.0,5.0,5.0
42091,106.33675146102905,11946,14.0,5.0,5.0
42100,106.36707043647766,11946,7.168000000000001,5.0,5.0
42110,106.39581561088562,11946,5.0,5.0,5.0
42120,106.41806602478027,11946,5.0,5.0,5.0
42130,106.44782161712646,11946,5.0,5.0,5.0
42140,106.48322176933289,11946,5.0,5.0,5.0
42150,106.51122307777405,11946,5.0,5.0,5.0
42160,106.54852151870728,11946,5.0,5.0,5.0
42163,106.55649423599243,11946,14.0,5.0,5.0
42167,106.57276320457458,11946,21.200000000000003,5.0,5.0
42168,106.57467126846313,11946,26.960000000000004,5.0,5.0
42170,106.5782699584961,11946,27.254400000000004,5.0,5.0
42171,106.58024215698242,11946,31.803520000000006,5.0,5.0
42174,106.58550786972046,11946,26.283402240000008,5.0,5.0
42177,106.59082293510437,11946,23.457101946880005,5.0,5.0
42180,106.59895873069763,11946,15.012545246003207,5.0,5.0
42187,106.61616778373718,11946,14.919310826210332,5.0,5.0
42190,106.62346506118774,11946,11.935448660968266,5.0,5.0
42200,106.63829779624939,11946,5.0,5.0,5.0
42210,106.66819024085999,11946,14.0,5.0,5.0
42220,106.6991662979126,11946,5.734400000000001,5.0,5.0
42225,106.71263837814331,11946,14.587520000000001,5.0,5.0
42230,106.72672748565674,11946,9.336012800000002,5.0,5.0
42240,106.7478039264679,11946,5.975048192000003,5.0,5.0
42244,106.75764274597168,11946,14.0,5.0,5.0
42247,106.76593923568726,11946,18.96,5.0,5.0
42250,106.77389311790466,11946,15.168000000000001,5.0,5.0
42256,106.78419470787048,11946,14.970250240000002,5.0,5.0
42260,106.79413723945618,11946,19.580960153600003,5.0,5.0
42262,106.80417370796204,11946,22.531814498304,5.0,5.0
42270,106.82601499557495,11946,7.383224974804257,5.0,5.0
42278,106.84347009658813,11946,14.0,5.0,5.0
42280,106.84716796875,11946,8.96,5.0,5.0
42290,106.88545966148376,11946,5.0,5.0,5.0
42300,106.92537641525269,11946,5.0,5.0,5.0
42307,106.94737982749939,11946,14.0,5.0,5.0
42310,106.95202350616455,11946,8.96,5.0,5.0
42316,106.96519327163696,11946,14.587520000000001,5.0,5.0
42320,106.97518014907837,11946,9.336012800000002,5.0,5.0
42324,106.98539280891418,11946,15.975048192000003,5.0,5.0
42328,106.99929904937744,11946,20.224030842880005,5.0,5.0
42330,107.00595879554749,11946,16.179224674304006,5.0,5.0
42338,107.01956629753113,11946,16.62701042659492,5.0,5.0
42339,107.02168655395508,11946,23.301608341275937,5.0,5.0
42340,107.02344346046448,11946,18.64128667302075,5.0,5.0
42345,107.03172278404236,11946,19.544338776586628,5.0,5.0
42350,107.03851509094238,11946,10.006701453612356,5.0,5.0
42360,107.07321166992188,11946,5.123431144249527,5.0,5.0
42370,107.09639096260071,11946,5.0,5.0,5.0
42380,107.13041663169861,11946,5.0,5.0,5.0
42386,107.14443063735962,11946,14.0,5.0,5.0
42388,107.14834022521973,11946,18.96,5.0,5.0
42390,107.15402364730835,11946,15.168000000000001,5.0,5.0
42395,107.1702470779419,11946,16.212812800000002,5.0,5.0
42400,107.18206143379211,11946,10.376200192000002,5.0,5.0
42401,107.18406772613525,11946,18.300960153600002,5.0,5.0
42405,107.19392538070679,11946,24.640768122880004,5.0,5.0
42406,107.19587635993958,11946,29.712614498304006,5.0,5.0
42410,107.20320630073547,11946,25.212858623131652,5.0,5.0
42420,107.22182846069336,11946,6.609399610902226,5.0,5.0
42430,107.23838090896606,11946,5.0,5.0,5.0
42440,107.2572374343872,11946,5.0,5.0,5.0
42442,107.26053881645203,11946,14.0,5.0,5.0
42450,107.28315567970276,11946,5.734400000000001,5.0,5.0
42460,107.30801701545715,11946,5.0,5.0,5.0
42470,107.34271788597107,11946,5.0,5.0,5.0
42480,107.3716127872467,11946,5.0,5.0,5.0
42490,107.40468049049377,11946,5.0,5.0,5.0
42494,107.41223216056824,11946,14.0,5.0,5.0
42500,107.42563939094543,11946,5.0,5.0,5.0
42501,107.42766427993774,11946,14.0,5.0,5.0
42510,107.4488456249237,11946,5.734400000000001,5.0,5.0
42511,107.45084404945374,11946,14.587520000000001,5.0,5.0
42512,107.45276594161987,11946,21.670016000000004,5.0,5.0
42513,107.4546468257904,11946,27.336012800000002,5.0,5.0
42520,107.46843433380127,11946,13.996038553600002,5.0,5.0
42530,107.49868154525757,11946,5.732777391554563,5.0,5.0
42540,107.52794289588928,11946,5.0,5.0,5.0
42544,107.53824615478516,11946,14.0,5.0,5.0
42550,107.55141615867615,11946,7.168000000000001,5.0,5.0
42557,107.57009553909302,11946,14.587520000000001,5.0,5.0
42560,107.57734060287476,11946,11.670016000000002,5.0,5.0
42570,107.60604786872864,11946,5.0,5.0,5.0
42580,107.63178253173828,11946,5.0,5.0,5.0
42590,107.65748286247253,11946,5.0,5.0,5.0
42598,107.6775369644165,11946,14.0,5.0,5.0
42600,107.68073272705078,11946,14.0,5.0,5.0
42601,107.68277502059937,11946,21.200000000000003,5.0,5.0
42610,107.70151877403259,11946,6.9468160000000045,5.0,5.0
42616,107.7145516872406,11946,14.0,5.0,5.0
42620,107.72087478637695,11946,8.96,5.0,5.0
42627,107.74179005622864,11946,17.168,5.0,5.0
42630,107.74703192710876,11946,10.987520000000002,5.0,5.0
42640,107.7752296924591,11946,7.032012800000001,5.0,5.0
42650,107.80071306228638,11946,5.0,5.0,5.0
42660,107.82614707946777,11946,5.0,5.0,5.0
42670,107.85555768013,11946,5.0,5.0,5.0
42680,107.8900134563446,11946,5.0,5.0,5.0
42687,107.9070074558258,11946,14.0,5.0,5.0
42690,107.91433572769165,11946,14.0,5.0,5.0
42694,107.92224216461182,11946,15.7344,5.0,5.0
42700,107.9325475692749,11946,5.155848192000002,5.0,5.0
42710,107.95761275291443,11946,5.0,5.0,5.0
42720,107.9919285774231,11946,5.0,5.0,5.0
42722,107.99862265586853,11946,14.0,5.0,5.0
42728,108.01518535614014,11946,17.168,5.0,5.0
42730,108.0182831287384,11946,10.987520000000002,5.0,5.0
42740,108.04870820045471,11946,5.0,5.0,5.0
42742,108.055424451828,11946,14.0,5.0,5.0
42750,108.08247017860413,11946,5.734400000000001,5.0,5.0
42756,108.11251163482666,11946,14.0,5.0,5.0
42760,108.12717962265015,11946,8.96,5.0,5.0
42770,108.15457940101624,11946,5.0,5.0,5.0
42774,108.1680281162262,11946,14.0,5.0,5.0
42780,108.1870231628418,11946,8.96,5.0,5.0
42790,108.2125129699707,11946,5.0,5.0,5.0
42791,108.21450662612915,11946,14.0,5.0,5.0
42800,108.23855352401733,11946,5.734400000000001,5.0,5.0
42810,108.26293206214905,11946,14.0,5.0,5.0
42816,108.27938604354858,11946,15.7344,5.0,5.0
42820,108.28924441337585,11946,8.056012800000003,5.0,5.0
42824,108.2960250377655,11946,16.444810240000002,5.0,5.0
42826,108.29982709884644,11946,20.524678553600005,5.0,5.0
42830,108.30659484863281,11946,13.135794274304004,5.0,5.0
42832,108.31038475036621,11946,18.40690833555456,5.0,5.0
42835,108.31581497192383,11946,21.78042133475492,5.0,5.0
42840,108.32788419723511,11946,8.921260578715616,5.0,5.0
42850,108.35380101203918,11946,5.0,5.0,5.0
42860,108.38757014274597,11946,5.0,5.0,5.0
42870,108.40965461730957,11946,14.0,5.0,5.0
42880,108.42972779273987,11946,5.734400000000001,5.0,5.0
42890,108.46120023727417,11946,5.0,5.0,5.0
42892,108.46766376495361,11946,14.0,5.0,5.0
42898,108.48320412635803,11946,15.7344,5.0,5.0
42900,108.49441885948181,11946,12.587520000000001,5.0,5.0
42910,108.52167916297913,11946,8.056012800000003,5.0,5.0
42920,108.54971837997437,11946,5.0,5.0,5.0
42930,108.57662606239319,11946,5.0,5.0,5.0
42940,108.60611820220947,11946,5.0,5.0,5.0
42950,108.6335301399231,11946,5.0,5.0,5.0
42959,108.66870474815369,11946,14.0,5.0,5.0
42960,108.66990518569946,11946,11.200000000000001,5.0,5.0
42970,108.69393062591553,11946,5.734400000000001,5.0,5.0
42980,108.72825002670288,11946,5.0,5.0,5.0
42990,108.75328278541565,11946,5.0,5.0,5.0
42996,108.76240539550781,11946,14.0,5.0,5.0
43000,108.77223539352417,11946,8.96,5.0,5.0
43009,108.79036688804626,11946,14.0,5.0,5.0
43010,108.79220485687256,11946,11.200000000000001,5.0,5.0
43020,108.82865071296692,11946,7.168000000000001,5.0,5.0
43030,108.85775971412659,11946,5.0,5.0,5.0
43040,108.88667702674866,11946,5.0,5.0,5.0
43046,108.90232300758362,11946,14.0,5.0,5.0
43050,108.91157484054565,11946,11.200000000000001,5.0,5.0
43051,108.91364216804504,11946,18.96,5.0,5.0
43052,108.91567397117615,11946,25.168,5.0,5.0
43056,108.92900609970093,11946,26.10752,5.0,5.0
43060,108.93523836135864,11946,16.7088128,5.0,5.0
43062,108.93928647041321,11946,20.693640192000004,5.0,5.0
43066,108.94678926467896,11946,18.476115022643206,5.0,5.0
43070,108.955970287323,11946,11.824713614491653,5.0,5.0
43072,108.95988130569458,11946,17.56781671327466,5.0,5.0
43080,108.97948741912842,11946,5.7566221806058415,5.0,5.0
43088,108.99644470214844,11946,14.0,5.0,5.0
43090,109.00005292892456,11946,21.200000000000003,5.0,5.0
43093,109.01214742660522,11946,20.854400000000005,5.0,5.0
43100,109.02790832519531,11946,5.466855833600003,5.0,5.0
43101,109.03007578849792,11946,14.373484666880003,5.0,5.0
43110,109.05185627937317,11946,5.88737931955405,5.0,5.0
43118,109.07921242713928,11946,14.0,5.0,5.0
43120,109.08267855644226,11946,11.200000000000001,5.0,5.0
43130,109.10333752632141,11946,5.734400000000001,5.0,5.0
43139,109.12576341629028,11946,14.0,5.0,5.0
43140,109.12751173973083,11946,11.200000000000001,5.0,5.0
43150,109.15505003929138,11946,5.0,5.0,5.0
43155,109.17078566551208,11946,14.0,5.0,5.0
43159,109.17771244049072,11946,17.168,5.0,5.0
43160,109.17948055267334,11946,13.7344,5.0,5.0
43167,109.19451975822449,11946,15.62561024,5.0,5.0
43170,109.20635104179382,11946,12.500488192,5.0,5.0
43180,109.23260760307312,11946,5.0,5.0,5.0
43188,109.26455974578857,11946,14.0,5.0,5.0
43190,109.27155113220215,11946,11.200000000000001,5.0,5.0
43192,109.28436636924744,11946,18.96,5.0,5.0
43194,109.288241147995,11946,22.1344,5.0,5.0
43196,109.2921257019043,11946,24.166016,5.0,5.0
43199,109.29749488830566,11946,25.46625024,5.0,5.0
43200,109.29924011230469,11946,20.373000192000003,5.0,5.0
43210,109.32512497901917,11946,8.344780878643203,5.0,5.0
43212,109.32912635803223,11946,15.34065976233165,5.0,5.0
43216,109.33589506149292,11946,19.81802224789226,5.0,5.0
43220,109.34292244911194,11946,12.683534238651047,5.0,5.0
43230,109.36906123161316,11946,5.19517562415147,5.0,5.0
43240,109.38560056686401,11946,14.0,5.0,5.0
43250,109.40536451339722,11946,5.0,5.0,5.0
43254,109.4162802696228,11946,14.0,5.0,5.0
43257,109.42436790466309,11946,18.96,5.0,5.0
43260,109.43305897712708,11946,22.1344,5.0,5.0
43265,109.44658827781677,11946,27.70752,5.0,5.0
43270,109.45553064346313,11946,9.079200153600002,5.0,5.0
43274,109.46238231658936,11946,15.810688098304002,5.0,5.0
43275,109.4643726348877,11946,22.6485504786432,5.0,5.0
43278,109.46999621391296,11946,21.59605784506532,5.0,5.0
43280,109.47692322731018,11946,17.276846276052257,5.0,5.0
43283,109.4855055809021,11946,23.821477020841805,5.0,5.0
43286,109.49438905715942,11946,25.245745293338757,5.0,5.0
43287,109.4963448047638,11946,30.196596234671006,5.0,5.0
43289,109.50004315376282,11946,29.32582159018945,5.0,5.0
43290,109.5017397403717,11946,23.46065727215156,5.0,5.0
43293,109.50761675834656,11946,22.0118565233416,5.0,5.0
43300,109.5230450630188,11946,7.2128451455685765,5.0,5.0
43310,109.54104971885681,11946,5.0,5.0,5.0
43320,109.567049741745,11946,5.0,5.0,5.0
43329,109.59195017814636,11946,14.0,5.0,5.0
43330,109.59373116493225,11946,11.200000000000001,5.0,5.0
43337,109.6089084148407,11946,14.587520000000001,5.0,5.0
43340,109.61361336708069,11946,9.336012800000002,5.0,5.0
43350,109.64101696014404,11946,5.0,5.0,5.0
43360,109.66356873512268,11946,5.0,5.0,5.0
43365,109.6724796295166,11946,14.0,5.0,5.0
43370,109.6847870349884,11946,7.168000000000001,5.0,5.0
43380,109.70399785041809,11946,5.0,5.0,5.0
43381,109.70619463920593,11946,14.0,5.0,5.0
43384,109.71128463745117,11946,18.96,5.0,5.0
43390,109.7354211807251,11946,12.134400000000001,5.0,5.0
43400,109.76199889183044,11946,5.0,5.0,5.0
43403,109.77343082427979,11946,14.0,5.0,5.0
43410,109.79450178146362,11946,7.168000000000001,5.0,5.0
43420,109.82002902030945,11946,5.0,5.0,5.0
43429,109.8498957157135,11946,14.0,5.0,5.0
43430,109.8516058921814,11946,11.200000000000001,5.0,5.0
43432,109.85531163215637,11946,18.96,5.0,5.0
43434,109.85912108421326,11946,22.1344,5.0,5.0
43437,109.86756682395935,11946,24.166016,5.0,5.0
43440,109.87253212928772,11946,19.3328128,5.0,5.0
43447,109.88778519630432,11946,16.334976098304,5.0,5.0
43450,109.89277529716492,11946,13.067980878643201,5.0,5.0
43452,109.89939785003662,11946,20.45438470291456,5.0,5.0
43460,109.91316246986389,11946,5.361994223560837,5.0,5.0
43470,109.93846225738525,11946,5.0,5.0,5.0
43477,109.96046233177185,11946,14.0,5.0,5.0
43480,109.96944832801819,11946,8.96,5.0,5.0
43490,109.9954161643982,11946,5.734400000000001,5.0,5.0
43500,110.03221726417542,11946,5.0,5.0,5.0
43510,110.06427311897278,11946,5.0,5.0,5.0
43520,110.1066346168518,11946,5.0,5.0,5.0
43530,110.14272832870483,11946,5.0,5.0,5.0
43533,110.14889097213745,11946,14.0,5.0,5.0
43537,110.16433358192444,11946,18.96,5.0,5.0
43540,110.17272901535034,11946,15.168000000000001,5.0,5.0
43544,110.18051052093506,11946,16.212812800000002,5.0,5.0
43550,110.19302082061768,11946,10.376200192000002,5.0,5.0
43560,110.22619223594666,11946,5.312614498304002,5.0,5.0
43568,110.25376534461975,11946,14.0,5.0,5.0
43570,110.25743103027344,11946,8.96,5.0,5.0
43580,110.2785336971283,11946,5.0,5.0,5.0
43590,110.31209468841553,11946,5.0,5.0,5.0
43599,110.34541010856628,11946,14.0,5.0,5.0
43600,110.34701585769653,11946,14.0,5.0,5.0
43610,110.37562584877014,11946,5.0,5.0,5.0
43620,110.40516018867493,11946,5.0,5.0,5.0
43630,110.44422960281372,11946,5.0,5.0,5.0
43632,110.44841694831848,11946,14.0,5.0,5.0
43636,110.45901489257812,11946,17.168,5.0,5.0
43640,110.46583700180054,11946,13.7344,5.0,5.0
43650,110.49701309204102,11946,5.625610240000001,5.0,5.0
43660,110.52051019668579,11946,5.0,5.0,5.0
43670,110.54206323623657,11946,5.0,5.0,5.0
43680,110.57254528999329,11946,5.0,5.0,5.0
43690,110.59543132781982,11946,5.0,5.0,5.0
43700,110.61975741386414,11946,5.0,5.0,5.0
43705,110.63288187980652,11946,14.0,5.0,5.0
43709,110.6429693698883,11946,18.96,5.0,5.0
43710,110.64760494232178,11946,18.96,5.0,5.0
43720,110.67292213439941,11946,9.707520000000002,5.0,5.0
43727,110.69465517997742,11946,14.970250240000002,5.0,5.0
43730,110.70470881462097,11946,9.580960153600001,5.0,5.0
43740,110.73106932640076,11946,5.0,5.0,5.0
43743,110.7430419921875,11946,14.0,5.0,5.0
43744,110.74580526351929,11946,21.200000000000003,5.0,5.0
43745,110.74795961380005,11946,26.960000000000004,5.0,5.0
43748,110.75628566741943,11946,26.960000000000004,5.0,14.0
43750,110.76703381538391,11946,26.960000000000004,5.0,11.200000000000001
43755,110.7778697013855,11946,23.803520000000006,5.0,7.168000000000001
43758,110.78290343284607,11946,25.234252800000007,5.0,5.734400000000001
43760,110.78660988807678,11946,20.187402240000008,5.0,5.0
43763,110.79822754859924,11946,26.149921792000008,5.0,5.0
43770,110.81413888931274,11946,16.85504509824205,5.0,5.0
43771,110.81622838973999,11946,23.48403607859364,5.0,5.0
43776,110.83363890647888,11946,25.02978309029993,5.0,5.0
43780,110.84095478057861,11946,22.815248942233566,5.0,5.0
43781,110.8428783416748,11946,28.252199153786854,5.0,5.0
43784,110.84827828407288,11946,28.081407458423588,5.0,5.0
43790,110.86446905136108,11946,14.37768061871288,5.0,5.0
43796,110.87841272354126,11946,15.889097981424797,5.0,5.0
43800,110.88549995422363,11946,8.135218166489498,5.0,5.0
43802,110.88943529129028,11946,15.20653962655328,5.0,5.0
43803,110.89146447181702,11946,22.165231701242625,5.0,5.0
43804,110.89344239234924,11946,27.7321853609941,5.0,5.0
43810,110.90566563606262,11946,17.748598631036227,5.0,5.0
43820,110.93682146072388,11946,7.269825999272439,5.0,5.0
43822,110.94060850143433,11946,15.815860799417951,5.0,5.0
43826,110.9516384601593,11946,18.09772072930199,5.0,5.0
43830,110.96193766593933,11946,11.582541266753275,5.0,5.0
43839,110.98392653465271,11946,14.0,5.0,5.0
43840,110.98897862434387,11946,14.0,5.0,5.0
43847,111.00724959373474,11946,17.168,5.0,5.0
43850,111.01845645904541,11946,13.7344,5.0,5.0
43858,111.04103970527649,11946,15.62561024,5.0,5.0
43859,111.04303765296936,11946,22.500488192,5.0,5.0
43860,111.0447678565979,11946,18.0003905536,5.0,5.0
43870,111.06563186645508,11946,7.372959970754561,5.0,5.0
43872,111.06940197944641,11946,15.898367976603648,5.0,5.0
43880,111.09387350082397,11946,8.13996440402107,5.0,5.0
43890,111.11968469619751,11946,5.0,5.0,5.0
43893,111.12779831886292,11946,14.0,5.0,5.0
43897,111.13768768310547,11946,21.200000000000003,5.0,5.0
43900,111.14170336723328,11946,16.960000000000004,5.0,5.0
43904,111.14808940887451,11946,23.568000000000005,5.0,5.0
43907,111.15609431266785,11946,28.854400000000005,5.0,5.0
43910,111.16155815124512,11946,14.773452800000005,5.0,5.0
43920,111.19016361236572,11946,6.051206266880003,5.0,5.0
43930,111.22546339035034,11946,5.0,5.0,5.0
43940,111.25438213348389,11946,5.0,5.0,5.0
43950,111.27460145950317,11946,5.0,5.0,5.0
43960,111.30007433891296,11946,5.0,5.0,5.0
43965,111.30803942680359,11946,14.0,5.0,5.0
43970,111.3155426979065,11946,5.734400000000001,5.0,5.0
43980,111.33860492706299,11946,5.0,5.0,5.0
43990,111.37004446983337,11946,5.0,5.0,5.0
44000,111.40425705909729,11946,5.0,5.0,5.0
44010,111.4298768043518,11946,5.0,5.0,5.0
44020,111.4669759273529,11946,5.0,5.0,5.0
44030,111.49897408485413,11946,5.0,5.0,5.0
44040,111.51778960227966,11946,5.0,5.0,5.0
44041,111.51982355117798,11946,14.0,5.0,5.0
44050,111.53839540481567,11946,5.734400000000001,5.0,5.0
44059,111.56333661079407,11946,14.0,5.0,5.0
44060,111.56502318382263,11946,11.200000000000001,5.0,5.0
44061,111.56717944145203,11946,18.96,5.0,5.0
44063,111.57072305679321,11946,25.168,5.0,5.0
44068,111.57937574386597,11946,20.308812800000002,5.0,5.0
44070,111.58216333389282,11946,16.247050240000004,5.0,5.0
44080,111.60885381698608,11946,5.323833422643202,5.0,5.0
44090,111.63570785522461,11946,5.0,5.0,5.0
44100,111.66208100318909,11946,5.0,5.0,5.0
44110,111.68244695663452,11946,5.0,5.0,5.0
44112,111.68628144264221,11946,14.0,5.0,5.0
44120,111.71482563018799,11946,7.168000000000001,5.0,5.0
44130,111.741534948349,11946,5.0,5.0,5.0
44140,111.76838374137878,11946,14.0,5.0,5.0
44150,111.79803133010864,11946,5.734400000000001,5.0,5.0
44155,111.81091141700745,11946,14.0,5.0,5.0
44160,111.81907558441162,11946,7.168000000000001,5.0,5.0
44163,111.83149647712708,11946,15.7344,5.0,5.0
44164,111.8335337638855,11946,22.58752,5.0,5.0
44168,111.84454369544983,11946,21.564810240000003,5.0,5.0
44170,111.85179686546326,11946,17.251848192000004,5.0,5.0
44172,111.85580134391785,11946,21.041182842880005,5.0,5.0
44175,111.86128783226013,11946,20.773085615554564,5.0,5.0
44180,111.87281060218811,11946,10.635819835163938,5.0,5.0
44181,111.87483739852905,11946,18.50865586813115,5.0,5.0
44188,111.89309597015381,11946,16.06491635486922,5.0,5.0
44190,111.89927744865417,11946,16.06491635486922,5.0,5.0
44197,111.91500926017761,11946,15.264151791163545,5.0,5.0
44200,111.9196617603302,11946,9.769057146344672,5.0,5.0
44207,111.93487024307251,11946,14.001405807142778,5.0,5.0
44210,111.94006204605103,11946,8.96089971657138,5.0,5.0
44212,111.94689989089966,11946,17.168719773257102,5.0,5.0
44217,111.96252799034119,11946,20.987980654884545,5.0,5.0
44220,111.97149085998535,11946,20.987980654884545,5.0,5.0
44221,111.97377395629883,11946,26.790384523907637,5.0,5.0
44227,111.99130392074585,11946,23.71667687624071,5.0,5.0
44230,111.99909496307373,11946,15.178673200794059,5.0,5.0
44231,112.00120878219604,11946,22.142938560635248,5.0,5.0
44234,112.00661492347717,11946,24.17148067880656,5.0,5.0
44240,112.02686405181885,11946,12.375798107548961,5.0,5.0
44248,112.04742288589478,11946,14.055301523881646,5.0,5.0
44250,112.05107378959656,11946,18.995392975284254,5.0,5.0
44256,112.0646800994873,11946,17.780512962676433,5.0,5.0
44259,112.06946587562561,11946,21.379528296112916,5.0,5.0
44260,112.07143759727478,11946,27.103622636890332,5.0,5.0
44270,112.09104800224304,11946,7.105052052524981,5.0,5.0
44280,112.12552952766418,11946,7.105052052524981,5.0,5.0
44283,112.13057088851929,11946,14.547233313615989,5.0,5.0
44289,112.14816975593567,11946,15.958546765257111,5.0,5.0
44290,112.14993834495544,11946,12.766837412205689,5.0,5.0
44300,112.17679190635681,11946,5.0,5.0,5.0
44310,112.20429825782776,11946,5.0,5.0,5.0
44320,112.23601937294006,11946,5.0,5.0,5.0
44322,112.2434070110321,11946,14.0,5.0,5.0
44325,112.25526094436646,11946,21.200000000000003,5.0,5.0
44330,112.26708126068115,11946,8.683520000000005,5.0,5.0
44340,112.29208207130432,11946,5.557452800000004,5.0,5.0
44350,112.31766128540039,11946,5.0,5.0,5.0
44360,112.34480595588684,11946,5.0,5.0,5.0
44366,112.36125707626343,11946,14.0,5.0,5.0
44370,112.37437748908997,11946,11.200000000000001,5.0,5.0
44371,112.37653064727783,11946,18.96,5.0,5.0
44375,112.3823390007019,11946,22.1344,5.0,5.0
44380,112.39636301994324,11946,14.166015999999999,5.0,5.0
44390,112.42787718772888,11946,5.802400153600001,5.0,5.0
44400,112.474112033844,11946,5.0,5.0,5.0
44410,112.5025646686554,11946,5.0,5.0,5.0
44420,112.53370714187622,11946,5.0,5.0,5.0
44430,112.56306099891663,11946,5.0,5.0,5.0
44435,112.57849740982056,11946,14.0,5.0,5.0
44440,112.59101128578186,11946,7.168000000000001,5.0,5.0
44450,112.62223243713379,11946,5.0,5.0,5.0
44460,112.65052032470703,11946,5.0,5.0,5.0
44464,112.65986156463623,11946,14.0,5.0,5.0
44465,112.66183018684387,11946,21.200000000000003,5.0,5.0
44470,112.6730785369873,11946,10.854400000000005,5.0,5.0
44480,112.69499492645264,11946,6.9468160000000045,5.0,5.0
44485,112.70605254173279,11946,15.557452800000004,5.0,5.0
44490,112.71992373466492,11946,9.956769792000003,5.0,5.0
44500,112.74267840385437,11946,5.0,5.0,5.0
44510,112.77988290786743,11946,5.0,5.0,5.0
44520,112.82187128067017,11946,5.0,5.0,5.0
44528,112.84125304222107,11946,14.0,5.0,5.0
44530,112.84526562690735,11946,18.96,5.0,5.0
44536,112.8564555644989,11946,16.212812800000002,5.0,5.0
44539,112.87364745140076,11946,22.970250240000002,5.0,5.0
44540,112.87624287605286,11946,22.970250240000002,5.0,5.0
44546,112.89962077140808,11946,19.408614498304004,5.0,5.0
44548,112.903555393219,11946,22.421513278914563,5.0,5.0
44550,112.9071397781372,11946,14.349768498505322,5.0,5.0
44552,112.91023063659668,11946,21.479814798804256,5.0,5.0
44553,112.91243624687195,11946,27.183851839043406,5.0,5.0
44560,112.9289197921753,11946,8.907604570617748,5.0,5.0
44562,112.93584132194519,11946,17.1260836564942,5.0,5.0
44570,112.95477604866028,11946,5.611875092560021,5.0,5.0
44580,112.98727822303772,11946,14.0,5.0,5.0
44581,112.98928689956665,11946,21.200000000000003,5.0,5.0
44590,113.01915645599365,11946,8.683520000000005,5.0,5.0
44600,113.04724287986755,11946,5.0,5.0,5.0
44610,113.07701659202576,11946,5.0,5.0,5.0
44620,113.10948467254639,11946,5.0,5.0,5.0
44622,113.11339735984802,11946,14.0,5.0,5.0
44630,113.14797639846802,11946,7.168000000000001,5.0,5.0
44634,113.1614146232605,11946,14.587520000000001,5.0,5.0
44637,113.16725254058838,11946,19.336012800000002,5.0,5.0
44640,113.17556691169739,11946,15.468810240000003,5.0,5.0
44641,113.17765522003174,11946,22.375048192,5.0,5.0
44646,113.18609929084778,11946,19.164819739443203,5.0,5.0
44650,113.19661855697632,11946,9.812387706594922,5.0,5.0
44659,113.21137928962708,11946,14.019154004621281,5.0,5.0
44660,113.21292638778687,11946,14.019154004621281,5.0,5.0
44661,113.2150285243988,11946,21.215323203697025,5.0,5.0
44662,113.21696782112122,11946,26.97225856295762,5.0,5.0
44667,113.22890853881836,11946,21.047837107387444,5.0,5.0
44668,113.23086810112,11946,26.838269685909957,5.0,5.0
44670,113.23683166503906,11946,26.838269685909957,5.0,5.0
44674,113.25113487243652,11946,27.176492598982374,5.0,5.0
44676,113.25517225265503,11946,27.39295526334872,5.0,5.0
44678,113.25888299942017,11946,27.531491368543183,5.0,5.0
44680,113.26235222816467,11946,17.62015447586764,5.0,5.0
44690,113.28634428977966,11946,5.0,5.0,5.0
44693,113.2980968952179,11946,14.0,5.0,5.0
44700,113.31363034248352,11946,7.168000000000001,5.0,5.0
44710,113.34436917304993,11946,5.0,5.0,5.0
44720,113.37958073616028,11946,5.0,5.0,5.0
44723,113.384361743927,11946,14.0,5.0,5.0
44730,113.39878988265991,11946,5.734400000000001,5.0,5.0
44736,113.41620445251465,11946,14.0,5.0,5.0
44740,113.42520952224731,11946,8.96,5.0,5.0
44750,113.45435333251953,11946,14.587520000000001,5.0,5.0
44755,113.47250771522522,11946,19.336012800000002,5.0,5.0
44760,113.48142576217651,11946,7.920030842880003,5.0,5.0
44768,113.49935793876648,11946,15.068819739443203,5.0,5.0
44770,113.50857162475586,11946,15.068819739443203,5.0,5.0
44778,113.52869629859924,11946,14.937750852220752,5.0,5.0
44780,113.53092694282532,11946,11.950200681776602,5.0,5.0
44790,113.55721306800842,11946,7.648128436337025,5.0,5.0
44800,113.58936786651611,11946,5.0,5.0,5.0
44803,113.59485864639282,11946,14.0,5.0,5.0
44804,113.59690523147583,11946,21.200000000000003,5.0,5.0
44806,113.60060691833496,11946,23.568000000000005,5.0,5.0
44809,113.6063060760498,11946,22.066816000000003,5.0,5.0
44810,113.60806155204773,11946,17.653452800000004,5.0,5.0
44820,113.63646149635315,11946,5.784683413504003,5.0,5.0
44823,113.64809727668762,11946,14.627746730803203,5.0,5.0
44830,113.66712141036987,11946,5.0,5.0,5.0
44840,113.69321584701538,11946,5.0,5.0,5.0
44847,113.7138123512268,11946,14.0,5.0,5.0
44850,113.72243070602417,11946,8.96,5.0,5.0
44852,113.72631931304932,11946,15.7344,5.0,5.0
44860,113.74600958824158,11946,5.155848192000002,5.0,5.0
44870,113.78205800056458,11946,5.0,5.0,5.0
44878,113.79515624046326,11946,14.0,5.0,5.0
44880,113.80179786682129,11946,11.200000000000001,5.0,5.0
44890,113.82759833335876,11946,5.0,5.0,5.0
44891,113.82972145080566,11946,14.0,5.0,5.0
44896,113.84227800369263,11946,17.168,5.0,5.0
44900,113.84884214401245,11946,13.7344,5.0,5.0
44904,113.85934567451477,11946,17.0320128,5.0,5.0
44910,113.87188792228699,11946,6.976312442880001,5.0,5.0
44911,113.87394142150879,11946,15.581049954304001,5.0,5.0
44920,113.89539313316345,11946,5.0,5.0,5.0
44930,113.91560196876526,11946,5.0,5.0,5.0
44940,113.95050835609436,11946,5.0,5.0,5.0
44942,113.9571943283081,11946,14.0,5.0,5.0
44950,113.9726300239563,11946,7.168000000000001,5.0,5.0
44960,114.00122284889221,11946,5.0,5.0,5.0
44961,114.00378561019897,11946,14.0,5.0,5.0
44967,114.0181839466095,11946,17.168,5.0,5.0
44970,114.02361702919006,11946,8.790016000000001,5.0,5.0
44978,114.04702019691467,11946,14.0,5.0,5.0
44980,114.05059576034546,11946,11.200000000000001,5.0,5.0
44986,114.07703518867493,11946,15.7344,5.0,5.0
44990,114.09126830101013,11946,12.587520000000001,5.0,5.0
45000,114.1236846446991,11946,15.155848192000002,5.0,5.0
45010,114.15257143974304,11946,14.966268335554563,5.0,5.0
45014,114.15993976593018,11946,17.662729387803935,5.0,5.0
45020,114.17756533622742,11946,7.234653957244494,5.0,5.0
45030,114.21192193031311,11946,5.0,5.0,5.0
45040,114.23824048042297,11946,5.0,5.0,5.0
45042,114.24176502227783,11946,14.0,5.0,5.0
45049,114.26001524925232,11946,17.168,5.0,5.0
45050,114.26199340820312,11946,23.7344,5.0,5.0
45051,114.26400184631348,11946,28.98752,5.0,5.0
45060,114.28612780570984,11946,11.873288192000002,5.0,5.0
45068,114.30691432952881,11946,17.598904442880002,5.0,5.0
45070,114.31084513664246,11946,21.263298843443202,5.0,5.0
45072,114.31490707397461,11946,23.60851125980365,5.0,5.0
45078,114.3365797996521,11946,22.08755776501947,5.0,5.0
45080,114.33957052230835,11946,17.670046212015574,5.0,5.0
45090,114.37700343132019,11946,7.237650928441581,5.0,5.0
45093,114.3819797039032,11946,15.790120742753265,5.0,5.0
45100,114.40146017074585,11946,10.10567727536209,5.0,5.0
45110,114.4330096244812,11946,5.0,5.0,5.0
45117,114.44944953918457,11946,14.0,5.0,5.0
45120,114.45492768287659,11946,8.96,5.0,5.0
45127,114.47791814804077,11946,15.7344,5.0,5.0
45130,114.48491549491882,11946,15.7344,5.0,5.0
45140,114.5143096446991,11946,15.155848192000002,5.0,5.0
45150,114.54214453697205,11946,6.207835419443203,5.0,5.0
45160,114.57196164131165,11946,5.0,5.0,5.0
45170,114.60164213180542,11946,5.0,5.0,5.0
45180,114.6393141746521,11946,5.0,5.0,5.0
45190,114.68239736557007,11946,5.0,5.0,5.0
45199,114.7100818157196,11946,14.0,5.0,5.0
45200,114.71185326576233,11946,11.200000000000001,5.0,5.0
45204,114.73317003250122,11946,17.168,5.0,5.0
45208,114.74094295501709,11946,17.0320128,5.0,5.0
45210,114.74656128883362,11946,17.0320128,5.0,5.0
45220,114.78837490081787,11946,8.720390553600001,5.0,5.0
45230,114.82416129112244,11946,5.0,5.0,5.0
45232,114.82810592651367,11946,14.0,5.0,5.0
45240,114.86774039268494,11946,8.96,5.0,5.0
45244,114.88226103782654,11946,17.168,5.0,5.0
45250,114.89672207832336,11946,17.0320128,5.0,5.0
45260,114.94552803039551,11946,8.720390553600001,5.0,5.0
45265,114.9613709449768,11946,14.4648399634432,5.0,5.0
45270,114.997141122818,11946,14.4648399634432,5.0,5.0
45280,115.0203320980072,11946,5.0,5.0,5.0
45290,115.05619692802429,11946,5.0,5.0,5.0
45300,115.08778166770935,11946,5.0,5.0,5.0
45310,115.12666654586792,11946,5.0,5.0,5.0
45320,115.15362405776978,11946,5.0,5.0,5.0
45327,115.18057537078857,11946,14.0,5.0,5.0
45330,115.18966913223267,11946,8.96,5.0,5.0
45340,115.22584986686707,11946,5.734400000000001,5.0,5.0
45350,115.25766515731812,11946,5.0,5.0,5.0
45355,115.27352571487427,11946,14.0,5.0,5.0
45360,115.29363751411438,11946,8.96,5.0,5.0
45361,115.29581594467163,11946,17.168,5.0,5.0
45365,115.30340337753296,11946,18.790016,5.0,5.0
45369,115.32700085639954,11946,22.025610240000002,5.0,5.0
45370,115.32892799377441,11946,22.025610240000002,5.0,5.0
45372,115.34441256523132,11946,24.096390553600003,5.0,5.0
45380,115.37230157852173,11946,17.89590525660365,5.0,5.0
45385,115.3803961277008,11946,21.453379364226336,5.0,5.0
45390,115.39741539955139,11946,20.984130234483885,5.0,5.0
45400,115.42823576927185,11946,10.74387468005575,5.0,5.0
45404,115.44269871711731,11946,16.876079795235682,5.0,5.0
45406,115.44664812088013,11946,20.80069106895084,5.0,5.0
45410,115.45733952522278,11946,13.31244228412854,5.0,5.0
45420,115.48784279823303,11946,5.0,5.0,5.0
45430,115.51159930229187,11946,14.0,5.0,5.0
45434,115.51806092262268,11946,18.96,5.0,5.0
45440,115.53572630882263,11946,9.707520000000002,5.0,5.0
45444,115.54201316833496,11946,17.766016,5.0,5.0
45450,115.55524158477783,11946,5.821568122880002,5.0,5.0
45460,115.5754497051239,11946,5.0,5.0,5.0
45467,115.59809279441833,11946,14.0,5.0,5.0
45468,115.60035443305969,11946,21.200000000000003,5.0,5.0
45470,115.60404682159424,11946,13.568000000000005,5.0,5.0
45478,115.62760472297668,11946,15.557452800000004,5.0,5.0
45480,115.63103723526001,11946,12.445962240000004,5.0,5.0
45482,115.63468647003174,11946,17.9654158336,5.0,5.0
45490,115.65261459350586,11946,5.0,5.0,5.0
45500,115.68231153488159,11946,5.0,5.0,5.0
45507,115.70081973075867,11946,14.0,5.0,5.0
45510,115.71201062202454,11946,11.200000000000001,5.0,5.0
45518,115.72872972488403,11946,15.7344,5.0,5.0
45520,115.73554730415344,11946,12.587520000000001,5.0,5.0
45524,115.74304914474487,11946,16.444810240000002,5.0,5.0
45525,115.74506998062134,11946,23.155848192,5.0,5.0
45530,115.76028537750244,11946,11.855794274304003,5.0,5.0
45540,115.79042959213257,11946,5.0,5.0,5.0
45550,115.82054448127747,11946,5.0,5.0,5.0
45558,115.85356664657593,11946,14.0,5.0,5.0
45560,115.86039781570435,11946,11.200000000000001,5.0,5.0
45570,115.8919243812561,11946,7.168000000000001,5.0,5.0
45580,115.91842198371887,11946,5.0,5.0,5.0
45588,115.93980669975281,11946,14.0,5.0,5.0
45590,115.9460141658783,11946,11.200000000000001,5.0,5.0
45600,115.96945357322693,11946,5.734400000000001,5.0,5.0
45607,115.99646592140198,11946,14.0,5.0,5.0
45610,116.00208973884583,11946,7.168000000000001,5.0,5.0
45620,116.02740097045898,11946,5.0,5.0,5.0
45623,116.03303527832031,11946,14.0,5.0,5.0
45630,116.05860829353333,11946,8.96,5.0,5.0
45631,116.06075954437256,11946,17.168,5.0,5.0
45638,116.07931971549988,11946,17.0320128,5.0,5.0
45640,116.08271765708923,11946,13.62561024,5.0,5.0
45650,116.10341119766235,11946,5.0,5.0,5.0
45660,116.12793016433716,11946,5.0,5.0,5.0
45662,116.13475465774536,11946,14.0,5.0,5.0
45670,116.15721273422241,11946,7.168000000000001,5.0,5.0
45680,116.19705820083618,11946,5.0,5.0,5.0
45690,116.22541689872742,11946,5.0,5.0,5.0
45700,116.25016117095947,11946,5.0,5.0,5.0
45710,116.2904462814331,11946,5.0,5.0,5.0
45718,116.31456160545349,11946,14.0,5.0,5.0
45720,116.3175368309021,11946,8.96,5.0,5.0
45726,116.32859301567078,11946,14.587520000000001,5.0,5.0
45730,116.34683918952942,11946,14.587520000000001,5.0,5.0
45733,116.35258269309998,11946,21.670016000000004,5.0,5.0
45740,116.3689317703247,11946,8.876038553600003,5.0,5.0
45750,116.3927264213562,11946,5.0,5.0,5.0
45760,116.41167688369751,11946,5.0,5.0,5.0
45770,116.43075013160706,11946,5.0,5.0,5.0
45773,116.43552279472351,11946,14.0,5.0,5.0
45780,116.44709467887878,11946,14.587520000000001,5.0,5.0
45784,116.4538402557373,11946,17.468810240000003,5.0,5.0
45787,116.45940971374512,11946,21.180038553600003,5.0,5.0
45788,116.46143102645874,11946,26.944030842880004,5.0,5.0
45790,116.46519041061401,11946,17.244179739443204,5.0,5.0
45798,116.48405528068542,11946,17.063216021275938,5.0,5.0
45800,116.4916729927063,11946,13.650572817020752,5.0,5.0
45806,116.50588870048523,11946,16.989093282314627,5.0,5.0
45810,116.51306796073914,11946,10.873019700681363,5.0,5.0
45820,116.54894757270813,11946,5.0,5.0,14.0
45830,116.5756483078003,11946,5.0,5.0,5.5875200000000005
45840,116.60069417953491,11946,5.0,5.0,5.0
45850,116.62375903129578,11946,5.0,5.0,5.0
45860,116.6476662158966,11946,5.0,5.0,5.0
45866,116.66758275032043,11946,14.0,5.0,5.0
45870,116.68187475204468,11946,11.200000000000001,5.0,5.0
45880,116.71346759796143,11946,5.734400000000001,5.0,5.0
45881,116.71579074859619,11946,14.587520000000001,5.0,5.0
45883,116.71992182731628,11946,19.336012800000002,5.0,5.0
45890,116.73108673095703,11946,7.920030842880003,5.0,5.0
45898,116.76020336151123,11946,14.055055791554562,5.0,5.0
45900,116.76376748085022,11946,11.24404463324365,5.0,5.0
45910,116.79393672943115,11946,5.75695085222075,5.0,5.0
45920,116.8141736984253,11946,5.0,5.0,5.0
45928,116.82851529121399,11946,14.0,5.0,5.0
45930,116.83122873306274,11946,14.0,5.0,5.0
45939,116.85086178779602,11946,15.7344,5.0,5.0
45940,116.85300850868225,11946,22.58752,5.0,5.0
45941,116.8551709651947,11946,28.070016000000003,5.0,5.0
45945,116.86230778694153,11946,24.371848192,5.0,5.0
45946,116.8643627166748,11946,29.497478553600004,5.0,5.0
45947,116.86645865440369,11946,33.59798284288,5.0,5.0
45949,116.87325048446655,11946,36.878386274304006,5.0,5.0
45950,116.87857508659363,11946,36.878386274304006,5.0,5.0
45959,116.90322923660278,11946,22.08430961436394,5.0,5.0
45960,116.90721440315247,11946,22.08430961436394,5.0,5.0
45970,116.92847847938538,11946,5.789269259547822,5.0,5.0
45972,116.9324882030487,11946,14.0,5.0,5.0
45977,116.94510889053345,11946,15.7344,5.0,5.0
45978,116.94710803031921,11946,22.58752,5.0,5.0
45980,116.95161986351013,11946,14.456012800000003,5.0,5.0
45985,116.96693992614746,11946,17.4014785536,5.0,5.0
45990,116.98266005516052,11946,11.136946274304002,5.0,5.0
45995,117.01138377189636,11946,15.70211649244365,5.0,5.0
46000,117.0207109451294,11946,8.03948364413115,5.0,5.0
46001,117.02288746833801,11946,16.43158691530492,5.0,5.0
46010,117.04824924468994,11946,5.0,5.0,5.0
46020,117.07510328292847,11946,5.0,5.0,5.0
46028,117.10842967033386,11946,14.0,5.0,5.0
46029,117.11268758773804,11946,21.200000000000003,5.0,5.0
46030,117.11504650115967,11946,21.200000000000003,5.0,5.0
46039,117.14705228805542,11946,16.946816000000005,5.0,5.0
46040,117.1493444442749,11946,13.557452800000005,5.0,5.0
46050,117.17770648002625,11946,5.0,5.0,5.0
46060,117.22177052497864,11946,5.0,5.0,5.0
46061,117.22449588775635,11946,14.0,5.0,5.0
46064,117.23331427574158,11946,21.200000000000003,5.0,5.0
46068,117.24128556251526,11946,20.854400000000005,5.0,5.0
46070,117.24505758285522,11946,13.346816000000004,5.0,5.0
46080,117.28081488609314,11946,6.833569792000003,5.0,5.0
46090,117.3021776676178,11946,5.0,5.0,5.0
46100,117.32819390296936,11946,5.0,5.0,5.0
46102,117.33191132545471,11946,14.0,5.0,5.0
46110,117.35312485694885,11946,5.734400000000001,5.0,5.0
46111,117.35519337654114,11946,14.587520000000001,5.0,5.0
46115,117.36258912086487,11946,17.468810240000003,5.0,5.0
46120,117.37209725379944,11946,15.724179739443201,5.0,5.0
46130,117.39843225479126,11946,6.440624021275936,5.0,5.0
46140,117.42600989341736,11946,5.0,5.0,5.0
46141,117.42813444137573,11946,14.0,5.0,5.0
46150,117.4555332660675,11946,5.0,5.0,5.0
46160,117.48553347587585,11946,5.0,5.0,5.0
46166,117.499427318573,11946,14.0,5.0,5.0
46170,117.51465702056885,11946,11.200000000000001,5.0,5.0
46180,117.55313014984131,11946,7.168000000000001,5.0,5.0
46187,117.56723093986511,11946,14.587520000000001,5.0,5.0
46190,117.57220840454102,11946,7.4688102400000025,5.0,5.0
46200,117.59219741821289,11946,14.0,5.0,5.0
46210,117.62014102935791,11946,5.0,5.0,5.0
46217,117.6345763206482,11946,14.0,5.0,5.0
46220,117.64002060890198,11946,8.96,5.0,5.0
46223,117.65145182609558,11946,17.168,5.0,5.0
46230,117.66679382324219,11946,5.625610240000001,5.0,5.0
46233,117.67474317550659,11946,14.500488192000002,5.0,5.0
46238,117.6831967830658,11946,17.424249954304003,5.0,5.0
46240,117.68613648414612,11946,11.151519970754563,5.0,5.0
46250,117.70499444007874,11946,5.0,5.0,5.0
46253,117.71049737930298,11946,14.0,5.0,5.0
46260,117.7251706123352,11946,7.168000000000001,5.0,5.0
46269,117.74953699111938,11946,14.0,5.0,5.0
46270,117.75855875015259,11946,14.0,5.0,5.0
46276,117.77391123771667,11946,17.168,5.0,5.0
46280,117.78722357749939,11946,10.987520000000002,5.0,5.0
46288,117.80908417701721,11946,15.62561024,5.0,5.0
46290,117.81622958183289,11946,12.500488192,5.0,5.0
46300,117.8438172340393,11946,5.0,5.0,5.0
46309,117.86212348937988,11946,14.0,5.0,5.0
46310,117.86379384994507,11946,14.0,5.0,5.0
46316,117.87761116027832,11946,17.168,5.0,5.0
46320,117.8872275352478,11946,8.790016000000001,5.0,5.0
46322,117.89443254470825,11946,17.0320128,5.0,5.0
46325,117.91072702407837,11946,20.900488192,5.0,5.0
46330,117.92213249206543,11946,10.701049954304002,5.0,5.0
46331,117.92425656318665,11946,18.5608399634432,5.0,5.0
46340,117.94340419769287,11946,5.0,5.0,5.0
46344,117.95310854911804,11946,14.0,5.0,5.0
46350,117.96959185600281,11946,8.96,5.0,5.0
46360,117.9929711818695,11946,5.0,5.0,5.0
46362,118.00072598457336,11946,14.0,5.0,5.0
46370,118.01837515830994,11946,17.168,5.0,5.0
46376,118.03273797035217,11946,17.0320128,5.0,5.0
46380,118.03947806358337,11946,8.720390553600001,5.0,5.0
46390,118.06385540962219,11946,5.0,5.0,5.0
46400,118.10802626609802,11946,5.0,5.0,5.0
46410,118.1344256401062,11946,5.0,5.0,5.0
46420,118.17141580581665,11946,5.0,5.0,5.0
46425,118.18367123603821,11946,14.0,5.0,5.0
46430,118.19965553283691,11946,7.168000000000001,5.0,5.0
46431,118.20192623138428,11946,15.7344,5.0,5.0
46440,118.2237274646759,11946,5.155848192000002,5.0,5.0
46444,118.23166561126709,11946,14.0,5.0,5.0
46446,118.23575496673584,11946,18.96,5.0,5.0
46449,118.24476456642151,11946,25.168,5.0,5.0
46450,118.24658703804016,11946,20.1344,5.0,5.0
46460,118.27553343772888,11946,5.278112153600002,5.0,5.0
46461,118.27777194976807,11946,14.222489722880002,5.0,5.0
46462,118.27983069419861,11946,21.377991778304,5.0,5.0
46470,118.29753422737122,11946,10.94553179049165,5.0,5.0
46480,118.32663178443909,11946,5.0,5.0,5.0
46487,118.34442162513733,11946,14.0,5.0,5.0
46490,118.35416150093079,11946,11.200000000000001,5.0,5.0
46500,118.38569831848145,11946,5.734400000000001,5.0,5.0
46507,118.40541768074036,11946,14.587520000000001,5.0,5.0
46509,118.40935850143433,11946,19.336012800000002,5.0,5.0
46510,118.41115164756775,11946,15.468810240000003,5.0,5.0
46520,118.43504905700684,11946,6.336024674304003,5.0,5.0
46530,118.46365880966187,11946,5.0,5.0,5.0
46539,118.49017930030823,11946,14.0,5.0,5.0
46540,118.49202990531921,11946,11.200000000000001,5.0,5.0
46543,118.49758195877075,11946,18.96,5.0,5.0
46550,118.52255296707153,11946,15.168000000000001,5.0,5.0
46560,118.54364395141602,11946,5.0,5.0,5.0
46570,118.58403301239014,11946,5.0,5.0,5.0
46574,118.59431385993958,11946,14.0,5.0,5.0
46580,118.61213946342468,11946,7.168000000000001,5.0,5.0
46584,118.62424921989441,11946,14.587520000000001,5.0,5.0
46588,118.63426971435547,11946,19.336012800000002,5.0,5.0
46590,118.63742256164551,11946,12.375048192000003,5.0,5.0
46600,118.67734265327454,11946,7.920030842880003,5.0,5.0
46603,118.68320965766907,11946,15.068819739443203,5.0,5.0
46610,118.70244121551514,11946,6.172188565275938,5.0,5.0
46620,118.7367696762085,11946,5.0,5.0,5.0
46630,118.76289629936218,11946,5.0,5.0,5.0
46640,118.79102063179016,11946,5.0,5.0,5.0
46642,118.79502964019775,11946,14.0,5.0,5.0
46650,118.8089668750763,11946,7.168000000000001,5.0,5.0
46660,118.83453917503357,11946,5.0,5.0,5.0
46668,118.85309910774231,11946,14.0,5.0,5.0
46670,118.85946702957153,11946,14.0,5.0,5.0
46680,118.89560031890869,11946,8.96,5.0,5.0
46683,118.90417170524597,11946,17.168,5.0,5.0
46690,118.918541431427,11946,8.790016000000001,5.0,5.0
46697,118.93735218048096,11946,14.500488192000002,5.0,5.0
46700,118.94189047813416,11946,11.600390553600002,5.0,5.0
46710,118.97607898712158,11946,14.751519970754561,5.0,5.0
46715,118.98746132850647,11946,19.440972781282923,5.0,5.0
46720,118.99609899520874,11946,7.9630224512134875,5.0,5.0
46730,119.02467107772827,11946,5.0,5.0,5.0
46740,119.06430196762085,11946,5.0,5.0,5.0
46750,119.08876061439514,11946,14.0,5.0,5.0
46760,119.12506437301636,11946,7.168000000000001,5.0,5.0
46770,119.15421843528748,11946,5.0,5.0,5.0
46780,119.18723106384277,11946,14.0,5.0,5.0
46787,119.20255947113037,11946,14.587520000000001,5.0,5.0
46789,119.20570755004883,11946,21.670016000000004,5.0,5.0
46790,119.20746231079102,11946,17.336012800000002,5.0,5.0
46799,119.22701406478882,11946,17.10083084288,5.0,5.0
46800,119.22877502441406,11946,13.680664674304001,5.0,5.0
46801,119.23091959953308,11946,20.9445317394432,5.0,5.0
46810,119.2559278011322,11946,8.578880200475936,5.0,5.0
46820,119.28212857246399,11946,5.0,5.0,5.0
46830,119.30310487747192,11946,5.0,5.0,5.0
46840,119.33322739601135,11946,5.0,5.0,5.0
46850,119.37200093269348,11946,5.0,5.0,5.0
46860,119.40511846542358,11946,14.0,5.0,5.0
46863,119.41096544265747,11946,17.168,5.0,5.0
46870,119.42574071884155,11946,5.625610240000001,5.0,5.0
46880,119.45542120933533,11946,5.0,5.0,5.0
46887,119.47688269615173,11946,14.0,5.0,5.0
46888,119.4790096282959,11946,21.200000000000003,5.0,5.0
46890,119.48597598075867,11946,16.960000000000004,5.0,5.0
46900,119.51544332504272,11946,5.557452800000004,5.0,5.0
46907,119.52652263641357,11946,14.0,5.0,5.0
46909,119.53338193893433,11946,21.200000000000003,5.0,5.0
46910,119.53495740890503,11946,21.200000000000003,5.0,5.0
46911,119.53718209266663,11946,26.960000000000004,5.0,5.0
46920,119.56957030296326,11946,8.834252800000003,5.0,5.0
46930,119.5972638130188,11946,5.0,5.0,5.0
46940,119.62741994857788,11946,5.0,5.0,5.0
46950,119.65630626678467,11946,5.0,5.0,5.0
46953,119.66423797607422,11946,14.0,5.0,5.0
46960,119.68257713317871,11946,5.0,5.0,5.0
46970,119.71242618560791,11946,5.0,5.0,5.0
46975,119.72071027755737,11946,14.0,5.0,5.0
46976,119.72257041931152,11946,21.200000000000003,5.0,5.0
46980,119.7291841506958,11946,10.854400000000005,5.0,5.0
46990,119.75116300582886,11946,5.0,5.0,5.0
46991,119.75312089920044,11946,14.0,5.0,5.0
46994,119.76151704788208,11946,21.200000000000003,5.0,5.0
47000,119.7762382030487,11946,13.568000000000005,5.0,5.0
47004,119.78310751914978,11946,16.946816000000005,5.0,5.0
47010,119.79670238494873,11946,6.941415833600004,5.0,5.0
47014,119.80369281768799,11946,14.0,5.0,5.0
47019,119.81853342056274,11946,17.168,5.0,5.0
47020,119.81966710090637,11946,13.7344,5.0,5.0
47030,119.84393525123596,11946,5.625610240000001,5.0,5.0
47040,119.87697792053223,11946,5.0,5.0,5.0
47049,119.89657998085022,11946,14.0,5.0,5.0
47050,119.89836883544922,11946,21.200000000000003,5.0,5.0
47051,119.9001452922821,11946,26.960000000000004,5.0,5.0
47060,119.91938638687134,11946,7.067402240000003,5.0,5.0
47070,119.95237302780151,11946,5.0,5.0,5.0
47080,119.98345589637756,11946,5.0,5.0,5.0
47090,120.01027703285217,11946,5.0,5.0,5.0
47100,120.03900647163391,11946,5.0,5.0,5.0
47104,120.04866313934326,11946,14.0,5.0,5.0
47107,120.0600380897522,11946,21.200000000000003,5.0,5.0
47110,120.06879210472107,11946,13.568000000000005,5.0,5.0
47119,120.09774470329285,11946,14.0,5.0,5.0
47120,120.0992841720581,11946,14.0,5.0,5.0
47122,120.10290241241455,11946,18.96,5.0,5.0
47130,120.12192702293396,11946,9.707520000000002,5.0,5.0
47140,120.14468264579773,11946,5.0,5.0,5.0
47150,120.17513823509216,11946,5.0,5.0,5.0
47160,120.2054226398468,11946,5.0,5.0,5.0
47170,120.22481179237366,11946,5.0,5.0,5.0
47180,120.24877738952637,11946,5.0,5.0,5.0
47190,120.27726626396179,11946,5.0,5.0,5.0
47195,120.28769207000732,11946,14.0,5.0,5.0
47200,120.2980284690857,11946,8.96,5.0,5.0
47210,120.32558584213257,11946,5.0,5.0,5.0
47220,120.36156487464905,11946,5.0,5.0,5.0
47230,120.39554500579834,11946,5.0,5.0,5.0
47240,120.42128252983093,11946,5.0,5.0,5.0
47250,120.44460701942444,11946,5.0,5.0,5.0
47255,120.45221161842346,11946,14.0,5.0,5.0
47260,120.46622323989868,11946,7.168000000000001,5.0,5.0
47262,120.4695634841919,11946,15.7344,5.0,5.0
47270,120.48403596878052,11946,5.0,5.0,5.0
47279,120.50844407081604,11946,14.0,5.0,5.0
47280,120.51005744934082,11946,11.200000000000001,5.0,5.0
47290,120.53489899635315,11946,14.0,5.0,5.0
47300,120.56240105628967,11946,5.734400000000001,5.0,5.0
47310,120.59801745414734,11946,5.0,5.0,5.0
47314,120.60752725601196,11946,14.0,5.0,5.0
47319,120.62383794784546,11946,18.96,5.0,5.0
47320,120.62573337554932,11946,25.168,5.0,5.0
47324,120.63284683227539,11946,20.308812800000002,5.0,5.0
47330,120.64209127426147,11946,6.654791778304002,5.0,5.0
47340,120.66789841651917,11946,5.0,5.0,5.0
47350,120.69445943832397,11946,5.0,5.0,5.0
47351,120.69659185409546,11946,14.0,5.0,5.0
47360,120.73169112205505,11946,7.168000000000001,5.0,5.0
47366,120.74653315544128,11946,15.7344,5.0,5.0
47370,120.75300312042236,11946,10.070016000000003,5.0,5.0
47380,120.78078436851501,11946,14.124678553600003,5.0,5.0
47390,120.80859136581421,11946,5.0,5.0,5.0
47400,120.84976148605347,11946,5.0,5.0,5.0
47410,120.87509298324585,11946,5.0,5.0,5.0
47420,120.90254926681519,11946,5.0,5.0,5.0
47423,120.90826773643494,11946,14.0,5.0,5.0
47426,120.91865873336792,11946,21.200000000000003,5.0,5.0
47430,120.93114566802979,11946,13.568000000000005,5.0,5.0
47437,120.95157313346863,11946,15.557452800000004,5.0,5.0
47440,120.95941734313965,11946,12.445962240000004,5.0,5.0
47449,120.97639966011047,11946,14.078292906803203,5.0,5.0
47450,120.9779884815216,11946,11.262634325442562,5.0,5.0
47460,121.0094256401062,11946,5.0,5.0,5.0
47470,121.0437479019165,11946,5.0,5.0,5.0
47478,121.06418061256409,11946,14.0,5.0,5.0
47480,121.06990909576416,11946,14.0,5.0,5.0
47486,121.0822081565857,11946,15.7344,5.0,5.0
47490,121.08882880210876,11946,6.4448102400000025,5.0,5.0
47495,121.10536432266235,11946,14.0,5.0,5.0
47500,121.1180260181427,11946,7.168000000000001,5.0,5.0
47501,121.12147164344788,11946,15.7344,5.0,5.0
47510,121.14470958709717,11946,6.4448102400000025,5.0,5.0
47520,121.166574716568,11946,5.0,5.0,5.0
47530,121.20321798324585,11946,5.0,5.0,5.0
47538,121.23462724685669,11946,14.0,5.0,5.0
47540,121.24168109893799,11946,11.200000000000001,5.0,5.0
47550,121.2719349861145,11946,5.0,5.0,5.0
47560,121.31138920783997,11946,5.0,5.0,5.0
47570,121.33623576164246,11946,14.0,5.0,5.0
47580,121.35373401641846,11946,5.0,5.0,5.0
47590,121.38399624824524,11946,5.0,5.0,5.0
47600,121.40883469581604,11946,5.0,5.0,5.0
47610,121.44273948669434,11946,5.0,5.0,5.0
47612,121.4493396282196,11946,14.0,5.0,5.0
47615,121.45432710647583,11946,17.168,5.0,5.0
47620,121.46578001976013,11946,8.790016000000001,5.0,5.0
47630,121.49044966697693,11946,5.0,5.0,5.0
47640,121.52104258537292,11946,5.0,5.0,5.0
47641,121.52292132377625,11946,14.0,5.0,5.0
47650,121.53852534294128,11946,5.734400000000001,5.0,5.0
47660,121.57721257209778,11946,5.734400000000001,5.0,5.0
47668,121.5956552028656,11946,14.0,5.0,5.0
47670,121.59827327728271,11946,11.200000000000001,5.0,5.0
47674,121.6043484210968,11946,17.168,5.0,5.0
47678,121.61379504203796,11946,20.987520000000004,5.0,5.0
47680,121.61713528633118,11946,13.432012800000004,5.0,5.0
47685,121.62528944015503,11946,16.877190553600002,5.0,5.0
47690,121.65139842033386,11946,13.501752442880003,5.0,5.0
47700,121.66875386238098,11946,5.0,5.0,5.0
47710,121.69746255874634,11946,5.0,5.0,5.0
47720,121.71835207939148,11946,5.0,5.0,5.0
47730,121.75448870658875,11946,5.0,5.0,5.0
47740,121.78388381004333,11946,5.0,5.0,5.0
47750,121.80122447013855,11946,5.0,5.0,5.0
47760,121.84221053123474,11946,5.0,5.0,5.0
47770,121.8699598312378,11946,5.0,5.0,5.0
47779,121.89564990997314,11946,14.0,5.0,5.0
47780,121.89716982841492,11946,14.0,5.0,5.0
47790,121.92010545730591,11946,7.168000000000001,5.0,5.0
47800,121.96406722068787,11946,5.0,5.0,5.0
47809,122.01666522026062,11946,14.0,5.0,5.0
47810,122.01845741271973,11946,11.200000000000001,5.0,5.0
47820,122.04961276054382,11946,5.0,5.0,5.0
47830,122.081711769104,11946,5.0,5.0,5.0
47840,122.10176587104797,11946,5.0,5.0,5.0
47850,122.12961792945862,11946,5.0,5.0,5.0
47860,122.15424394607544,11946,5.0,5.0,5.0
47865,122.16821360588074,11946,14.0,5.0,5.0
47870,122.17641854286194,11946,7.168000000000001,5.0,5.0
47880,122.19803857803345,11946,5.0,5.0,5.0
47890,122.23512053489685,11946,5.0,5.0,5.0
47894,122.24525356292725,11946,14.0,5.0,5.0
47900,122.25726413726807,11946,8.96,5.0,5.0
47901,122.25909066200256,11946,17.168,5.0,5.0
47909,122.27501058578491,11946,15.62561024,5.0,5.0
47910,122.27668190002441,11946,12.500488192,5.0,5.0
47913,122.28451824188232,11946,20.0003905536,5.0,5.0
47920,122.30478262901306,11946,8.192159970754561,5.0,5.0
47922,122.3083086013794,11946,16.55372797660365,5.0,5.0
47925,122.3133897781372,11946,18.47550872402107,5.0,5.0
47930,122.3207106590271,11946,7.567568373359032,5.0,5.0
47934,122.33010768890381,11946,14.0,5.0,5.0
47940,122.34280371665955,11946,5.734400000000001,5.0,5.0
47950,122.37754678726196,11946,5.0,5.0,5.0
47960,122.39912819862366,11946,5.0,5.0,5.0
47970,122.42374348640442,11946,5.0,5.0,5.0
47977,122.4346079826355,11946,14.0,5.0,5.0
47980,122.43954372406006,11946,7.168000000000001,5.0,5.0
47990,122.46445798873901,11946,5.0,5.0,5.0
48000,122.48653745651245,11946,5.0,5.0,5.0
48010,122.50983667373657,11946,5.0,5.0,5.0
48020,122.54028177261353,11946,5.0,5.0,5.0
48028,122.56419086456299,11946,14.0,5.0,5.0
48030,122.57033967971802,11946,11.200000000000001,5.0,5.0
48031,122.5722131729126,11946,18.96,5.0,5.0
48040,122.59192681312561,11946,7.766016000000002,5.0,5.0
48042,122.59534955024719,11946,16.212812800000002,5.0,5.0
48050,122.62312245368958,11946,5.312614498304002,5.0,5.0
48060,122.64954566955566,11946,5.0,5.0,5.0
48070,122.67704153060913,11946,5.0,5.0,5.0
48080,122.70374989509583,11946,5.0,5.0,5.0
48090,122.7283046245575,11946,5.0,5.0,5.0
48100,122.76027369499207,11946,5.0,5.0,5.0
48109,122.77444791793823,11946,14.0,5.0,5.0
48110,122.7760009765625,11946,11.200000000000001,5.0,5.0
48113,122.78127694129944,11946,15.7344,5.0,5.0
48120,122.80118036270142,11946,10.070016000000003,5.0,5.0
48122,122.80757451057434,11946,18.056012800000005,5.0,5.0
48130,122.83268117904663,11946,9.244678553600004,5.0,5.0
48135,122.84646821022034,11946,14.733275419443203,5.0,5.0
48140,122.85720729827881,11946,9.42929626844365,5.0,5.0
48150,122.8815062046051,11946,5.0,5.0,5.0
48160,122.91529321670532,11946,5.0,5.0,5.0
48170,122.94573736190796,11946,5.0,5.0,5.0
48180,122.979083776474,11946,5.0,5.0,5.0
48182,122.9820351600647,11946,14.0,5.0,5.0
48183,122.9839243888855,11946,21.200000000000003,5.0,5.0
48187,122.99373412132263,11946,20.854400000000005,5.0,5.0
48190,123.00165820121765,11946,13.346816000000004,5.0,5.0
48199,123.03158831596375,11946,16.833569792000002,5.0,5.0
48200,123.03272342681885,11946,13.466855833600002,5.0,5.0
48210,123.05134463310242,11946,5.0,5.0,5.0
48214,123.06112933158875,11946,14.0,5.0,5.0
48215,123.06297278404236,11946,21.200000000000003,5.0,5.0
48220,123.07962703704834,11946,13.568000000000005,5.0,5.0
48225,123.09360194206238,11946,18.683520000000005,5.0,5.0
48229,123.09968781471252,11946,21.957452800000006,5.0,5.0
48230,123.10134768486023,11946,17.565962240000005,5.0,5.0
48236,123.11040019989014,11946,15.756014506803204,5.0,5.0
48240,123.11690187454224,11946,8.067079427483241,5.0,5.0
48250,123.13964581489563,11946,5.0,5.0,5.0
48260,123.16271996498108,11946,5.0,5.0,5.0
48270,123.19094777107239,11946,5.0,5.0,5.0
48272,123.1944944858551,11946,14.0,5.0,5.0
48280,123.21545696258545,11946,7.168000000000001,5.0,5.0
48290,123.25927996635437,11946,5.0,5.0,5.0
48300,123.28595447540283,11946,5.0,5.0,5.0
48310,123.31422090530396,11946,5.0,5.0,5.0
48320,123.33921480178833,11946,5.0,5.0,5.0
48321,123.34112811088562,11946,14.0,5.0,5.0
48322,123.34292793273926,11946,21.200000000000003,5.0,5.0
48327,123.3506019115448,11946,20.854400000000005,5.0,5.0
48330,123.35543274879456,11946,13.346816000000004,5.0,5.0
48340,123.38814282417297,11946,6.833569792000003,5.0,5.0
48343,123.39373683929443,11946,14.0,5.0,5.0
48344,123.39554810523987,11946,21.200000000000003,5.0,5.0
48346,123.3989942073822,11946,23.568000000000005,5.0,5.0
48350,123.4055016040802,11946,12.066816000000005,5.0,5.0
48360,123.43309569358826,11946,6.178209792000003,5.0,5.0
48370,123.46433091163635,11946,5.0,5.0,5.0
48380,123.48213744163513,11946,5.0,5.0,5.0
48390,123.50408172607422,11946,5.0,5.0,5.0
48400,123.53981375694275,11946,5.0,5.0,5.0
48410,123.56805491447449,11946,5.0,5.0,5.0
48415,123.5836124420166,11946,14.0,5.0,5.0
48420,123.59538531303406,11946,7.168000000000001,5.0,5.0
48430,123.62416386604309,11946,5.0,5.0,5.0
48432,123.63189506530762,11946,14.0,5.0,5.0
48433,123.63400077819824,11946,21.200000000000003,5.0,5.0
48440,123.65195345878601,11946,8.683520000000005,5.0,5.0
48450,123.6829342842102,11946,5.0,5.0,5.0
48460,123.71728944778442,11946,5.0,5.0,5.0
48470,123.74627304077148,11946,5.0,5.0,5.0
48480,123.77345037460327,11946,5.0,5.0,5.0
48481,123.77534532546997,11946,14.0,5.0,5.0
48490,123.79521155357361,11946,5.0,5.0,5.0
48500,123.8225486278534,11946,5.0,5.0,5.0
48510,123.8578109741211,11946,5.0,5.0,5.0
48520,123.90513396263123,11946,5.0,5.0,5.0
48526,123.92773914337158,11946,14.0,5.0,5.0
48530,123.93752574920654,11946,8.96,5.0,5.0
48540,123.96281027793884,11946,5.0,5.0,5.0
48550,123.98782229423523,11946,5.0,5.0,5.0
48555,123.99949979782104,11946,14.0,5.0,5.0
48560,124.01359152793884,11946,8.96,5.0,5.0
48570,124.03859305381775,11946,5.0,5.0,5.0
48572,124.04221081733704,11946,14.0,5.0,5.0
48576,124.0481379032135,11946,18.96,5.0,5.0
48580,124.0578224658966,11946,9.707520000000002,5.0,5.0
48584,124.06460547447205,11946,14.970250240000002,5.0,5.0
48590,124.07697200775146,11946,7.664768122880002,5.0,5.0
48600,124.09473156929016,11946,5.0,5.0,5.0
48610,124.12238264083862,11946,5.0,5.0,5.0
48620,124.1439299583435,11946,5.0,5.0,5.0
48630,124.16522550582886,11946,5.0,5.0,5.0
48638,124.17796111106873,11946,14.0,5.0,5.0
48640,124.18453645706177,11946,11.200000000000001,5.0,5.0
48650,124.20593309402466,11946,5.0,5.0,5.0
48660,124.23442530632019,11946,5.0,5.0,5.0
48669,124.26140809059143,11946,14.0,5.0,5.0
48670,124.2629759311676,11946,11.200000000000001,5.0,5.0
48680,124.28300333023071,11946,5.734400000000001,5.0,5.0
48690,124.3136773109436,11946,5.0,5.0,5.0
48700,124.33712720870972,11946,5.0,5.0,5.0
48710,124.37001180648804,11946,5.0,5.0,5.0
48720,124.39453530311584,11946,5.0,5.0,5.0
48730,124.4198522567749,11946,5.0,5.0,5.0
48740,124.45850849151611,11946,5.0,5.0,5.0
48750,124.48016786575317,11946,5.0,5.0,5.0
48755,124.48777222633362,11946,14.0,5.0,5.0
48759,124.49419331550598,11946,11.200000000000001,5.0,14.0
48760,124.49586486816406,11946,8.96,5.0,14.0
48766,124.50496053695679,11946,14.587520000000001,5.0,7.168000000000001
48767,124.51004695892334,11946,21.670016000000004,5.0,7.168000000000001
48770,124.51953387260437,11946,17.336012800000002,5.0,5.734400000000001
48773,124.52834224700928,11946,21.095048192,5.0,5.734400000000001
48780,124.5456702709198,11946,8.640531739443203,5.0,5.0
48784,124.55640721321106,11946,15.52994031324365,5.0,5.0
48790,124.57307314872742,11946,7.95132944038075,5.0,5.0
48800,124.59982442855835,11946,5.0,5.0,5.0
48810,124.61915397644043,11946,5.0,5.0,5.0
48813,124.62748384475708,11946,14.0,5.0,5.0
48820,124.64795970916748,11946,7.168000000000001,5.0,5.0
48830,124.67000460624695,11946,5.0,5.0,5.0
48838,124.70014429092407,11946,14.0,5.0,5.0
48840,124.70388841629028,11946,18.96,5.0,5.0
48841,124.70583391189575,11946,25.168,5.0,5.0
48842,124.7076985836029,11946,30.1344,5.0,5.0
48850,124.72351932525635,11946,9.874440192000003,5.0,5.0
48852,124.72653484344482,11946,17.899552153600002,5.0,5.0
48854,124.72990775108337,11946,24.31964172288,5.0,5.0
48860,124.73992156982422,11946,12.451656562114563,5.0,5.0
48864,124.75146079063416,11946,16.37524815980266,5.0,5.0
48870,124.77014899253845,11946,10.480158822273703,5.0,5.0
48873,124.77545380592346,11946,16.70730164625517,5.0,5.0
48878,124.79066801071167,11946,18.55413844288265,5.0,5.0
48880,124.79405093193054,11946,11.874648603444896,5.0,5.0
48886,124.8043429851532,11946,14.0,5.0,5.0
48890,124.81041502952576,11946,8.96,5.0,5.0
48891,124.81231212615967,11946,17.168,5.0,5.0
48897,124.82873463630676,11946,18.790016,5.0,5.0
48898,124.83055377006531,11946,25.032012800000004,5.0,5.0
48900,124.83382797241211,11946,16.020488192000006,5.0,5.0
48905,124.84616804122925,11946,16.561991963443205,5.0,5.0
48908,124.85369086265564,11946,23.249593570754563,5.0,5.0
48910,124.85634851455688,11946,18.599674856603652,5.0,5.0
48916,124.87666416168213,11946,19.523033526581074,5.0,5.0
48920,124.88591122627258,11946,12.494741457011889,5.0,5.0
48921,124.88783836364746,11946,19.995793165609513,5.0,5.0
48926,124.90345120429993,11946,20.237846100792073,5.0,5.0
48929,124.90896439552307,11946,20.36177720360554,5.0,5.0
48930,124.91009950637817,11946,16.289421762884434,5.0,5.0
48940,124.93162679672241,11946,8.340183942596832,5.0,5.0
48950,124.95941400527954,11946,5.0,5.0,5.0
48960,124.98853850364685,11946,5.0,5.0,5.0
48965,125.01147890090942,11946,14.0,5.0,5.0
48970,125.01950693130493,11946,5.734400000000001,5.0,5.0
48980,125.03742480278015,11946,5.0,5.0,5.0
48988,125.05667638778687,11946,14.0,5.0,5.0
48990,125.06028127670288,11946,8.96,5.0,5.0
49000,125.09444785118103,11946,5.734400000000001,5.0,5.0
49010,125.11529064178467,11946,5.0,5.0,5.0
49020,125.13980650901794,11946,5.0,5.0,5.0
49021,125.14180755615234,11946,14.0,5.0,5.0
49029,125.16022896766663,11946,14.587520000000001,5.0,5.0
49030,125.16193413734436,11946,11.670016000000002,5.0,5.0
49040,125.18367767333984,11946,5.0,5.0,5.0
49043,125.19195699691772,11946,14.0,5.0,5.0
49048,125.20325803756714,11946,17.168,5.0,5.0
49050,125.20603489875793,11946,23.7344,5.0,5.0
49060,125.22774195671082,11946,6.221830553600002,5.0,5.0
49070,125.25430274009705,11946,5.0,5.0,5.0
49075,125.26503467559814,11946,14.0,5.0,5.0
49079,125.27381253242493,11946,17.168,5.0,5.0
49080,125.275381565094,11946,13.7344,5.0,5.0
49087,125.28953719139099,11946,14.500488192000002,5.0,5.0
49089,125.29576420783997,11946,21.6003905536,5.0,5.0
49090,125.30005168914795,11946,21.6003905536,5.0,5.0
49092,125.30352854728699,11946,23.824249954304,5.0,5.0
49100,125.32141661643982,11946,9.758412781282921,5.0,5.0
49110,125.34503388404846,11946,5.0,5.0,5.0
49120,125.37207198143005,11946,5.0,5.0,5.0
49130,125.40461134910583,11946,5.0,5.0,5.0
49140,125.42659449577332,11946,5.0,5.0,5.0
49150,125.4536521434784,11946,5.0,5.0,5.0
49160,125.48383498191833,11946,5.0,5.0,5.0
49170,125.51139569282532,11946,5.0,5.0,5.0
49180,125.53428816795349,11946,5.0,5.0,5.0
49186,125.54428434371948,11946,14.0,5.0,5.0
49190,125.55081009864807,11946,7.168000000000001,5.0,5.0
49200,125.57818365097046,11946,5.0,5.0,5.0
49206,125.59706521034241,11946,14.0,5.0,5.0
49209,125.6054437160492,11946,18.96,5.0,5.0
49210,125.60708332061768,11946,15.168000000000001,5.0,5.0
49220,125.63487672805786,11946,5.0,5.0,5.0
49227,125.64869141578674,11946,14.0,5.0,5.0
49230,125.6561348438263,11946,11.200000000000001,5.0,5.0
49234,125.66605520248413,11946,17.168,5.0,5.0
49240,125.68493866920471,11946,10.987520000000002,5.0,5.0
49244,125.69206809997559,11946,14.500488192000002,5.0,5.0
49250,125.7014811038971,11946,5.9393999634432015,5.0,5.0
49260,125.72834205627441,11946,5.0,5.0,5.0
49263,125.73911213874817,11946,14.0,5.0,5.0
49270,125.75185656547546,11946,5.734400000000001,5.0,5.0
49280,125.77123165130615,11946,5.0,5.0,5.0
49287,125.79507184028625,11946,14.0,5.0,5.0
49290,125.80342626571655,11946,18.96,5.0,5.0
49300,125.8254885673523,11946,5.0,5.0,5.0
49302,125.83210277557373,11946,14.0,5.0,5.0
49310,125.85337233543396,11946,5.734400000000001,5.0,5.0
49320,125.88553762435913,11946,5.0,5.0,5.0
49330,125.9081015586853,11946,5.0,5.0,5.0
49331,125.91007804870605,11946,14.0,5.0,5.0
49333,125.91358399391174,11946,21.200000000000003,5.0,5.0
49340,125.93133664131165,11946,10.854400000000005,5.0,5.0
49342,125.93518924713135,11946,16.946816000000005,5.0,5.0
49347,125.9541552066803,11946,20.845962240000006,5.0,5.0
49350,125.96613335609436,11946,13.341415833600005,5.0,5.0
49360,125.98651456832886,11946,5.0,5.0,5.0
49362,125.99337267875671,11946,14.0,5.0,5.0
49370,126.01475286483765,11946,5.734400000000001,5.0,5.0
49380,126.04547667503357,11946,5.0,5.0,5.0
49390,126.07596611976624,11946,5.0,5.0,5.0
49396,126.08565616607666,11946,14.0,5.0,5.0
49400,126.10500955581665,11946,8.96,5.0,5.0
49410,126.131591796875,11946,5.0,5.0,5.0
49420,126.15650844573975,11946,5.0,5.0,5.0
49422,126.15996623039246,11946,14.0,5.0,5.0
49430,126.17621326446533,11946,5.734400000000001,5.0,5.0
49435,126.19286513328552,11946,14.0,5.0,5.0
49440,126.20437169075012,11946,5.734400000000001,5.0,5.0
49441,126.20633554458618,11946,14.587520000000001,5.0,5.0
49447,126.21618366241455,11946,15.975048192000003,5.0,5.0
49450,126.22054982185364,11946,8.179224674304002,5.0,5.0
49460,126.24501657485962,11946,5.0,5.0,5.0
49465,126.25964522361755,11946,14.0,5.0,5.0
49469,126.26990747451782,11946,18.96,5.0,5.0
49470,126.27163028717041,11946,15.168000000000001,5.0,5.0
49480,126.30507254600525,11946,7.766016000000002,5.0,5.0
49490,126.33374118804932,11946,5.0,5.0,5.0
49491,126.33568382263184,11946,14.0,5.0,5.0
49500,126.36445307731628,11946,7.168000000000001,5.0,5.0
49501,126.36664605140686,11946,15.7344,5.0,5.0
49502,126.36912035942078,11946,22.58752,5.0,5.0
49504,126.37277293205261,11946,24.456012800000003,5.0,5.0
49507,126.37793469429016,11946,22.521478553600005,5.0,5.0
49510,126.38285565376282,11946,14.413746274304003,5.0,5.0
49513,126.38815212249756,11946,17.37983809244365,5.0,5.0
49520,126.40665769577026,11946,17.11878168266492,5.0,5.0
49521,126.40975499153137,11946,23.695025346131935,5.0,5.0
49525,126.41581153869629,11946,25.16481622152444,5.0,5.0
49526,126.41769671440125,11946,30.131852977219552,5.0,5.0
49530,126.42362451553345,11946,19.284385905420518,5.0,5.0
49531,126.42552471160889,11946,25.427508724336413,5.0,5.0
49533,126.42924332618713,11946,26.273605583575307,5.0,5.0
49535,126.43285846710205,11946,26.8151075734882,5.0,5.0
49540,126.44386887550354,11946,13.72933507762596,5.0,5.0
49545,126.45519804954529,11946,17.029419559744493,5.0,5.0
49550,126.46879816055298,11946,10.898828518236478,5.0,5.0
49560,126.48575615882874,11946,5.0,5.0,5.0
49570,126.50971293449402,11946,5.0,5.0,5.0
49580,126.52763843536377,11946,5.0,5.0,5.0
49582,126.5309190750122,11946,14.0,5.0,5.0
49590,126.54989194869995,11946,5.0,5.0,5.0
49593,126.55795884132385,11946,14.0,5.0,5.0
49600,126.575040102005,11946,5.734400000000001,5.0,5.0
49605,126.592120885849,11946,14.587520000000001,5.0,5.0
49606,126.59397602081299,11946,21.670016000000004,5.0,5.0
49609,126.59909963607788,11946,21.095048192,5.0,5.0
49610,126.60018515586853,11946,16.8760385536,5.0,5.0
49618,126.62197470664978,11946,16.912425391554564,5.0,5.0
49620,126.62829947471619,11946,13.529940313243651,5.0,5.0
49628,126.64965558052063,11946,16.92732944038075,5.0,5.0
49630,126.65524363517761,11946,13.5418635523046,5.0,5.0
49640,126.68881845474243,11946,6.933434138779956,5.0,5.0
49644,126.70103907585144,11946,14.437397848819172,5.0,5.0
49650,126.71649837493896,11946,7.391947698595418,5.0,5.0
49658,126.73461723327637,11946,14.0,5.0,5.0
49660,126.73772716522217,11946,11.200000000000001,5.0,5.0
49661,126.73965668678284,11946,18.96,5.0,5.0
49670,126.75667715072632,11946,5.0,5.0,5.0
49680,126.78049755096436,11946,5.0,5.0,5.0
49681,126.7824718952179,11946,14.0,5.0,5.0
49690,126.8029682636261,11946,5.0,5.0,5.0
49700,126.82708859443665,11946,5.0,5.0,5.0
49706,126.83962917327881,11946,14.0,5.0,5.0
49710,126.84924173355103,11946,7.168000000000001,5.0,5.0
49720,126.88190913200378,11946,5.0,5.0,5.0
49730,126.90228009223938,11946,14.0,5.0,5.0
49731,126.904137134552,11946,21.200000000000003,5.0,5.0
49734,126.9121949672699,11946,23.568000000000005,5.0,5.0
49740,126.92476749420166,11946,7.722762240000003,5.0,5.0
49747,126.94532251358032,11946,14.0,5.0,5.0
49750,126.95315265655518,11946,8.96,5.0,5.0
49752,126.95678377151489,11946,15.7344,5.0,5.0
49755,126.96169447898865,11946,22.58752,5.0,5.0
49759,126.96841859817505,11946,21.564810240000003,5.0,5.0
49760,126.96997666358948,11946,17.251848192000004,5.0,5.0
49766,126.99370694160461,11946,17.066357019443203,5.0,5.0
49770,127.00068140029907,11946,8.73797479395492,5.0,5.0
49771,127.00267314910889,11946,16.990379835163935,5.0,5.0
49777,127.01301550865173,11946,16.95925958048315,5.0,5.0
49780,127.02189493179321,11946,10.853926131509217,5.0,5.0
49783,127.02744388580322,11946,16.9465127241659,5.0,5.0
49785,127.03107810020447,11946,20.845768143466177,5.0,5.0
49787,127.03481078147888,11946,23.341291611818356,5.0,5.0
49789,127.04174613952637,11946,28.673033289454686,5.0,5.0
49790,127.04350018501282,11946,22.93842663156375,5.0,5.0
49800,127.06323218345642,11946,6.01317091090465,5.0,5.0
49810,127.08887219429016,11946,5.0,5.0,5.0
49820,127.12882280349731,11946,5.0,5.0,5.0
49827,127.14421725273132,11946,14.0,5.0,5.0
49830,127.1485948562622,11946,8.96,5.0,5.0
49832,127.15170550346375,11946,15.7344,5.0,5.0
49836,127.15863633155823,11946,16.444810240000002,5.0,5.0
49840,127.16482138633728,11946,8.419742842880003,5.0,5.0
49850,127.18325328826904,11946,5.0,5.0,5.0
49860,127.20785593986511,11946,5.0,5.0,5.0
49870,127.23831963539124,11946,5.0,5.0,5.0
49875,127.25270581245422,11946,14.0,5.0,5.0
49880,127.26343655586243,11946,8.96,5.0,5.0
49890,127.2870569229126,11946,5.0,5.0,5.0
49900,127.30854630470276,11946,5.0,5.0,5.0
49905,127.31594944000244,11946,14.0,5.0,5.0
49910,127.32676601409912,11946,18.96,5.0,5.0
49920,127.34886908531189,11946,6.212812800000002,5.0,5.0
49930,127.37487626075745,11946,5.0,5.0,5.0
49940,127.40278053283691,11946,5.0,5.0,5.0
49950,127.43157005310059,11946,5.0,5.0,5.0
49958,127.44640445709229,11946,14.0,5.0,5.0
49960,127.4556393623352,11946,14.0,5.0,5.0
49970,127.48521208763123,11946,7.168000000000001,5.0,5.0
49980,127.51033592224121,11946,5.0,5.0,5.0
49990,127.53727626800537,11946,5.0,5.0,5.0
50000,127.57492256164551,11946,5.0,5.0,5.0
