Iteration,Time_Seconds,Objective_Value,W_Shift,W_Swap,W_Kick
0,0.0,2390,100.0,100.0,100.0
7,0.005417346954345703,2390,100.0,100.0,100.0
8,0.005812406539916992,2390,100.0,100.0,100.0
10,0.00789785385131836,2390,100.0,100.0,100.0
15,0.011448383331298828,2390,100.0,100.0,100.0
20,0.014214277267456055,2390,100.0,100.0,100.0
23,0.015112876892089844,2390,100.0,100.0,100.0
28,0.018181324005126953,2390,100.0,100.0,100.0
30,0.018704652786254883,2390,100.0,100.0,100.0
32,0.019215106964111328,2390,100.0,100.0,100.0
35,0.019925832748413086,2390,100.0,100.0,100.0
39,0.022661209106445312,2390,100.0,100.0,100.0
40,0.023689746856689453,2390,100.0,100.0,100.0
44,0.026125431060791016,2390,100.0,100.0,100.0
45,0.02652120590209961,2390,100.0,100.0,100.0
46,0.026917219161987305,2390,100.0,100.0,100.0
50,0.027932405471801758,2390,100.0,100.0,100.0
54,0.02985095977783203,2390,100.0,100.0,100.0
60,0.03373384475708008,2390,100.0,100.0,100.0
65,0.03667926788330078,2390,100.0,100.0,100.0
66,0.03703737258911133,2390,100.0,100.0,100.0
70,0.03985762596130371,2390,100.0,100.0,100.0
76,0.04509258270263672,2390,100.0,100.0,100.0
80,0.04721498489379883,2390,100.0,100.0,100.0
82,0.04800748825073242,2390,100.0,100.0,100.0
89,0.05018472671508789,2390,100.0,100.0,100.0
90,0.05053281784057617,2390,100.0,100.0,100.0
100,0.05484318733215332,2390,100.0,100.0,100.0
110,0.06364703178405762,2390,100.0,100.0,100.0
114,0.0662221908569336,2390,100.0,100.0,100.0
116,0.06697916984558105,2390,100.0,100.0,100.0
117,0.06730222702026367,2390,100.0,100.0,100.0
118,0.06764078140258789,2390,100.0,100.0,100.0
119,0.06799912452697754,2390,100.0,100.0,100.0
120,0.0683286190032959,2390,100.0,100.0,100.0
126,0.07241439819335938,2390,100.0,100.0,100.0
128,0.07380247116088867,2390,100.0,100.0,100.0
130,0.07498860359191895,2390,100.0,100.0,100.0
131,0.0753481388092041,2390,100.0,100.0,100.0
135,0.07813549041748047,2390,100.0,100.0,100.0
140,0.08045554161071777,2390,100.0,100.0,100.0
144,0.08323264122009277,2390,100.0,100.0,100.0
145,0.08360671997070312,2390,100.0,100.0,100.0
148,0.08601832389831543,2390,100.0,100.0,100.0
150,0.08720707893371582,2390,100.0,100.0,100.0
153,0.08963418006896973,2390,100.0,100.0,100.0
159,0.09365534782409668,2390,100.0,100.0,100.0
160,0.09467244148254395,2390,100.0,100.0,100.0
161,0.09502315521240234,2390,100.0,100.0,100.0
162,0.09537768363952637,2390,100.0,100.0,100.0
170,0.10076355934143066,2390,100.0,100.0,100.0
180,0.10738492012023926,2390,100.0,100.0,100.0
182,0.10889196395874023,2390,100.0,100.0,100.0
184,0.11030769348144531,2390,100.0,100.0,100.0
190,0.11434006690979004,2390,100.0,100.0,100.0
191,0.1147298812866211,2390,100.0,100.0,100.0
200,0.12096524238586426,2390,100.0,100.0,100.0
203,0.12198805809020996,2390,100.0,100.0,100.0
209,0.1253046989440918,2390,100.0,100.0,100.0
210,0.1256849765777588,2390,100.0,100.0,100.0
220,0.13280415534973145,2390,100.0,100.0,100.0
230,0.14014005661010742,2390,100.0,100.0,100.0
240,0.14530396461486816,2390,100.0,100.0,100.0
250,0.14965605735778809,2390,100.0,100.0,100.0
251,0.1500260829925537,2390,100.0,100.0,100.0
259,0.15435266494750977,2390,100.0,100.0,100.0
260,0.15468978881835938,2390,100.0,100.0,100.0
269,0.15897870063781738,2390,100.0,100.0,100.0
270,0.15928077697753906,2390,100.0,100.0,100.0
272,0.15998530387878418,2390,100.0,100.0,100.0
277,0.16228771209716797,2390,100.0,100.0,100.0
280,0.16395020484924316,2390,100.0,100.0,100.0
290,0.17210745811462402,2390,100.0,100.0,100.0
294,0.17510628700256348,2390,100.0,100.0,100.0
295,0.17549800872802734,2390,100.0,100.0,100.0
300,0.17796659469604492,2390,100.0,100.0,100.0
310,0.18749332427978516,2390,100.0,100.0,100.0
318,0.19123482704162598,2390,100.0,100.0,100.0
319,0.19167757034301758,2390,100.0,100.0,100.0
320,0.19204926490783691,2390,100.0,100.0,100.0
328,0.1973118782043457,2390,100.0,100.0,100.0
330,0.19860529899597168,2390,100.0,100.0,100.0
337,0.2015988826751709,2390,100.0,100.0,100.0
339,0.2023026943206787,2390,100.0,100.0,100.0
340,0.20323705673217773,2390,100.0,100.0,100.0
341,0.20363116264343262,2390,100.0,100.0,100.0
343,0.20433712005615234,2390,100.0,100.0,100.0
346,0.20680737495422363,2390,100.0,100.0,100.0
350,0.21124601364135742,2390,100.0,100.0,100.0
352,0.21206974983215332,2390,100.0,100.0,100.0
356,0.21335864067077637,2390,100.0,100.0,100.0
358,0.21496057510375977,2390,100.0,100.0,100.0
360,0.2174375057220459,2390,100.0,100.0,100.0
370,0.22223615646362305,2390,100.0,100.0,100.0
374,0.22443556785583496,2390,100.0,100.0,100.0
377,0.2266395092010498,2390,100.0,100.0,100.0
380,0.22845053672790527,2390,100.0,100.0,100.0
389,0.23467183113098145,2390,100.0,100.0,100.0
390,0.23502087593078613,2390,100.0,100.0,100.0
395,0.2389538288116455,2390,100.0,100.0,100.0
400,0.24139642715454102,2390,100.0,100.0,100.0
405,0.24428296089172363,2390,100.0,100.0,100.0
408,0.24551653861999512,2390,100.0,100.0,100.0
410,0.24628186225891113,2390,100.0,100.0,100.0
419,0.25291967391967773,2390,100.0,100.0,100.0
420,0.253969669342041,2390,100.0,100.0,100.0
421,0.2543623447418213,2390,100.0,100.0,100.0
422,0.2547459602355957,2390,100.0,100.0,100.0
424,0.2552647590637207,2390,100.0,100.0,100.0
428,0.2579808235168457,2390,100.0,100.0,100.0
429,0.25835108757019043,2390,100.0,100.0,100.0
430,0.2587134838104248,2390,100.0,100.0,100.0
432,0.26015162467956543,2390,100.0,100.0,100.0
438,0.26348090171813965,2390,100.0,100.0,100.0
440,0.2641916275024414,2390,100.0,100.0,100.0
442,0.2649097442626953,2390,100.0,100.0,100.0
450,0.2694408893585205,2390,100.0,100.0,100.0
456,0.2733769416809082,2390,100.0,100.0,100.0
460,0.27661943435668945,2390,100.0,100.0,100.0
462,0.2772555351257324,2390,100.0,100.0,100.0
470,0.28302955627441406,2390,100.0,100.0,100.0
472,0.28453826904296875,2390,100.0,100.0,100.0
475,0.28699588775634766,2390,100.0,100.0,100.0
480,0.29102659225463867,2390,100.0,100.0,100.0
487,0.2947874069213867,2390,100.0,100.0,100.0
490,0.29726743698120117,2390,100.0,100.0,100.0
500,0.3048696517944336,2390,100.0,100.0,100.0
501,0.305281400680542,2390,100.0,100.0,100.0
510,0.3121626377105713,2390,100.0,100.0,100.0
511,0.3126189708709717,2390,100.0,100.0,100.0
513,0.3133988380432129,2390,100.0,100.0,100.0
520,0.31862330436706543,2390,100.0,100.0,100.0
521,0.3190462589263916,2390,100.0,100.0,100.0
526,0.3230593204498291,2390,100.0,100.0,100.0
530,0.324260950088501,2390,100.0,100.0,100.0
537,0.33035802841186523,2390,100.0,100.0,100.0
539,0.3309504985809326,2390,100.0,100.0,100.0
540,0.3312649726867676,2390,100.0,100.0,100.0
548,0.3375513553619385,2390,100.0,100.0,100.0
549,0.33798718452453613,2390,100.0,100.0,100.0
550,0.33829498291015625,2390,100.0,100.0,100.0
552,0.3396484851837158,2390,100.0,100.0,100.0
553,0.34002137184143066,2390,100.0,100.0,100.0
557,0.34199023246765137,2390,100.0,100.0,100.0
560,0.3444397449493408,2390,100.0,100.0,100.0
562,0.3451247215270996,2390,100.0,100.0,100.0
570,0.3489954471588135,2390,100.0,100.0,100.0
580,0.3560354709625244,2390,100.0,100.0,100.0
584,0.3580143451690674,2390,100.0,100.0,100.0
586,0.3587360382080078,2390,100.0,100.0,100.0
590,0.3607182502746582,2390,100.0,100.0,100.0
594,0.3626871109008789,2390,100.0,100.0,100.0
599,0.36508846282958984,2390,100.0,100.0,100.0
600,0.3654463291168213,2390,100.0,100.0,100.0
605,0.36864376068115234,2390,100.0,100.0,100.0
608,0.37030696868896484,2390,100.0,100.0,100.0
610,0.3709845542907715,2390,100.0,100.0,100.0
612,0.37157320976257324,2390,100.0,100.0,100.0
613,0.371945858001709,2390,100.0,100.0,100.0
616,0.372800350189209,2390,100.0,100.0,100.0
620,0.37401509284973145,2390,100.0,100.0,100.0
630,0.38011956214904785,2390,100.0,100.0,100.0
639,0.385343074798584,2390,100.0,100.0,100.0
640,0.3856639862060547,2390,100.0,100.0,100.0
650,0.39280056953430176,2390,100.0,100.0,100.0
660,0.396838903427124,2390,100.0,100.0,100.0
661,0.3972494602203369,2390,100.0,100.0,100.0
667,0.4006774425506592,2390,100.0,100.0,100.0
668,0.4010615348815918,2390,100.0,100.0,100.0
669,0.4015989303588867,2390,100.0,100.0,100.0
670,0.40305566787719727,2390,100.0,100.0,100.0
677,0.4071044921875,2390,100.0,100.0,100.0
680,0.40810465812683105,2390,100.0,100.0,100.0
681,0.4085981845855713,2390,100.0,100.0,100.0
687,0.411118745803833,2390,100.0,100.0,100.0
690,0.41423630714416504,2390,100.0,100.0,100.0
693,0.41529202461242676,2390,100.0,100.0,100.0
700,0.421220064163208,2390,100.0,100.0,100.0
710,0.42823338508605957,2390,100.0,100.0,100.0
720,0.4346048831939697,2390,100.0,100.0,100.0
730,0.4404139518737793,2390,100.0,100.0,100.0
734,0.4424595832824707,2390,100.0,100.0,100.0
740,0.4472076892852783,2390,100.0,100.0,100.0
742,0.44863271713256836,2390,100.0,100.0,100.0
749,0.4517824649810791,2390,100.0,100.0,100.0
750,0.45213770866394043,2390,100.0,100.0,100.0
754,0.4542369842529297,2390,100.0,100.0,100.0
757,0.4551360607147217,2390,100.0,100.0,100.0
758,0.455519437789917,2390,100.0,100.0,100.0
759,0.4558899402618408,2390,100.0,100.0,100.0
760,0.4572269916534424,2390,100.0,100.0,100.0
764,0.4595916271209717,2390,100.0,100.0,100.0
768,0.4628469944000244,2390,100.0,100.0,100.0
770,0.46441030502319336,2390,100.0,100.0,100.0
777,0.4673948287963867,2390,100.0,100.0,100.0
778,0.46779561042785645,2390,100.0,100.0,100.0
780,0.4691450595855713,2390,100.0,100.0,100.0
790,0.47424888610839844,2390,100.0,100.0,100.0
797,0.4776723384857178,2390,100.0,100.0,100.0
800,0.4793567657470703,2390,100.0,100.0,100.0
801,0.47978878021240234,2390,100.0,100.0,100.0
802,0.4801633358001709,2390,100.0,100.0,100.0
808,0.4832320213317871,2390,100.0,100.0,100.0
810,0.4854276180267334,2390,100.0,100.0,100.0
820,0.49107837677001953,2390,100.0,100.0,100.0
822,0.4918212890625,2390,100.0,100.0,100.0
826,0.4931654930114746,2390,100.0,100.0,100.0
830,0.4958009719848633,2390,100.0,100.0,100.0
838,0.5006918907165527,2390,100.0,100.0,100.0
840,0.5020523071289062,2390,100.0,100.0,100.0
845,0.5042662620544434,2390,100.0,100.0,100.0
848,0.50606369972229,2390,100.0,100.0,100.0
850,0.5072729587554932,2390,100.0,100.0,100.0
852,0.5080106258392334,2390,100.0,100.0,100.0
860,0.5134673118591309,2390,100.0,100.0,100.0
864,0.5153188705444336,2390,100.0,100.0,100.0
870,0.51888108253479,2390,100.0,100.0,100.0
871,0.5192766189575195,2390,100.0,100.0,100.0
879,0.5221097469329834,2390,100.0,100.0,100.0
880,0.5224385261535645,2390,100.0,100.0,100.0
889,0.5279996395111084,2390,100.0,100.0,100.0
890,0.5282561779022217,2390,100.0,100.0,100.0
900,0.5355114936828613,2390,100.0,100.0,100.0
908,0.5410721302032471,2390,100.0,100.0,100.0
909,0.5414783954620361,2390,100.0,100.0,100.0
910,0.5423781871795654,2390,100.0,100.0,100.0
912,0.5432593822479248,2390,100.0,100.0,100.0
913,0.5437629222869873,2390,100.0,100.0,100.0
920,0.5479052066802979,2390,100.0,100.0,100.0
929,0.5516617298126221,2390,100.0,100.0,100.0
930,0.5529870986938477,2390,100.0,100.0,100.0
934,0.5555148124694824,2390,100.0,100.0,100.0
940,0.5596709251403809,2390,100.0,100.0,100.0
944,0.561103105545044,2390,100.0,100.0,100.0
946,0.5618619918823242,2390,100.0,100.0,100.0
950,0.5629897117614746,2390,100.0,100.0,100.0
959,0.5678141117095947,2390,100.0,100.0,100.0
960,0.5682265758514404,2390,100.0,100.0,100.0
962,0.5688934326171875,2390,100.0,100.0,100.0
969,0.5741441249847412,2390,100.0,100.0,100.0
970,0.5743968486785889,2390,100.0,100.0,100.0
974,0.5763473510742188,2390,100.0,100.0,100.0
975,0.576744794845581,2390,100.0,100.0,100.0
978,0.5777959823608398,2390,100.0,100.0,100.0
980,0.5786399841308594,2390,100.0,100.0,100.0
985,0.5821266174316406,2390,100.0,100.0,100.0
987,0.5828921794891357,2390,100.0,100.0,100.0
990,0.584630012512207,2390,100.0,100.0,100.0
994,0.5866551399230957,2390,100.0,100.0,100.0
998,0.5895595550537109,2390,100.0,100.0,100.0
1000,0.5905165672302246,2390,100.0,100.0,100.0
1003,0.5921850204467773,2390,100.0,100.0,100.0
1005,0.5936844348907471,2390,100.0,100.0,100.0
1008,0.5961027145385742,2390,100.0,100.0,100.0
1010,0.5967950820922852,2390,100.0,100.0,100.0
1014,0.6002280712127686,2390,100.0,100.0,100.0
1020,0.6028094291687012,2390,100.0,100.0,100.0
1030,0.6103024482727051,2390,100.0,100.0,100.0
1034,0.612574577331543,2390,100.0,100.0,100.0
1040,0.6162087917327881,2390,100.0,100.0,100.0
1047,0.6207904815673828,2390,100.0,100.0,100.0
1048,0.6212177276611328,2390,100.0,100.0,100.0
1050,0.6217379570007324,2390,100.0,100.0,100.0
1051,0.62213134765625,2390,100.0,100.0,100.0
1060,0.6284008026123047,2390,100.0,100.0,100.0
1062,0.6294882297515869,2390,100.0,100.0,100.0
1070,0.6357882022857666,2390,100.0,100.0,100.0
1080,0.6394505500793457,2390,100.0,100.0,100.0
1085,0.6440443992614746,2390,100.0,100.0,100.0
1087,0.6473305225372314,2390,100.0,100.0,100.0
1090,0.6502785682678223,2390,100.0,100.0,100.0
1095,0.6546640396118164,2390,100.0,100.0,100.0
1100,0.657935380935669,2390,100.0,100.0,100.0
1110,0.6618161201477051,2390,100.0,100.0,100.0
1114,0.6661300659179688,2390,100.0,100.0,100.0
1117,0.667090892791748,2390,100.0,100.0,100.0
1118,0.6675064563751221,2390,100.0,100.0,100.0
1120,0.668982744216919,2390,100.0,100.0,100.0
1123,0.6706652641296387,2390,100.0,100.0,100.0
1125,0.6718785762786865,2390,100.0,100.0,100.0
1130,0.674189567565918,2390,100.0,100.0,100.0
1140,0.6862764358520508,2390,100.0,100.0,100.0
1150,0.6988275051116943,2390,100.0,100.0,100.0
1160,0.7091572284698486,2390,100.0,100.0,100.0
1164,0.7118005752563477,2390,100.0,100.0,100.0
1170,0.7167801856994629,2390,100.0,100.0,100.0
1174,0.7212131023406982,2390,100.0,100.0,100.0
1178,0.7249810695648193,2390,100.0,100.0,100.0
1180,0.7279398441314697,2390,100.0,100.0,100.0
1186,0.7337720394134521,2390,100.0,100.0,100.0
1190,0.7350964546203613,2390,100.0,100.0,100.0
1197,0.7383162975311279,2390,100.0,100.0,100.0
1200,0.7409019470214844,2390,100.0,100.0,100.0
1202,0.7415363788604736,2390,100.0,100.0,100.0
1204,0.7422723770141602,2390,100.0,100.0,100.0
1208,0.7455105781555176,2390,100.0,100.0,100.0
1210,0.7470777034759521,2390,100.0,100.0,100.0
1214,0.7493464946746826,2390,100.0,100.0,100.0
1219,0.7514073848724365,2390,100.0,100.0,100.0
1220,0.7517523765563965,2390,100.0,100.0,100.0
1223,0.7528564929962158,2390,100.0,100.0,100.0
1230,0.7570159435272217,2390,100.0,100.0,100.0
1231,0.7574708461761475,2390,100.0,100.0,100.0
1232,0.7578792572021484,2390,100.0,100.0,100.0
1238,0.7648749351501465,2390,100.0,100.0,100.0
1240,0.766319751739502,2390,100.0,100.0,100.0
1250,0.7769935131072998,2390,100.0,100.0,100.0
1253,0.7782220840454102,2390,100.0,100.0,100.0
1260,0.7823445796966553,2390,100.0,100.0,100.0
1261,0.7827715873718262,2390,100.0,100.0,100.0
1263,0.7842667102813721,2390,100.0,100.0,100.0
1265,0.7850246429443359,2390,100.0,100.0,100.0
1266,0.7854554653167725,2390,100.0,100.0,100.0
1267,0.7858498096466064,2390,100.0,100.0,100.0
1270,0.789024829864502,2390,100.0,100.0,100.0
1275,0.792008638381958,2390,100.0,100.0,100.0
1279,0.795020341873169,2390,100.0,100.0,100.0
1280,0.79608154296875,2390,100.0,100.0,100.0
1283,0.7983388900756836,2390,100.0,100.0,100.0
1286,0.8002076148986816,2390,100.0,100.0,100.0
1287,0.80063796043396,2390,100.0,100.0,100.0
1288,0.8010389804840088,2390,100.0,100.0,100.0
1290,0.8049304485321045,2390,100.0,100.0,100.0
1291,0.8053982257843018,2390,100.0,100.0,100.0
1294,0.8079233169555664,2390,100.0,100.0,100.0
1297,0.8104004859924316,2390,100.0,100.0,100.0
1300,0.8142800331115723,2390,100.0,100.0,100.0
1301,0.8147952556610107,2390,100.0,100.0,100.0
1306,0.8165585994720459,2390,100.0,100.0,100.0
1308,0.8172969818115234,2390,100.0,100.0,100.0
1309,0.8177127838134766,2390,100.0,100.0,100.0
1310,0.8180396556854248,2390,100.0,100.0,100.0
1320,0.8249928951263428,2390,100.0,100.0,100.0
1323,0.8261289596557617,2390,100.0,100.0,100.0
1330,0.8292570114135742,2390,100.0,100.0,100.0
1340,0.8367788791656494,2390,100.0,100.0,100.0
1350,0.8447434902191162,2390,100.0,100.0,100.0
1355,0.8473227024078369,2390,100.0,100.0,100.0
1357,0.8481371402740479,2390,100.0,100.0,100.0
1360,0.8504722118377686,2390,100.0,100.0,100.0
1361,0.8508751392364502,2390,100.0,100.0,100.0
1362,0.851290225982666,2390,100.0,100.0,100.0
1370,0.8552145957946777,2390,100.0,100.0,100.0
1371,0.8556396961212158,2390,100.0,100.0,100.0
1375,0.8583874702453613,2390,100.0,100.0,100.0
1380,0.8606927394866943,2390,100.0,100.0,100.0
1383,0.8616282939910889,2390,100.0,100.0,100.0
1386,0.863248348236084,2390,100.0,100.0,100.0
1387,0.8636898994445801,2390,100.0,100.0,100.0
1390,0.8665988445281982,2390,100.0,100.0,100.0
1393,0.8678605556488037,2390,100.0,100.0,100.0
1400,0.873211145401001,2390,100.0,100.0,100.0
1403,0.8743386268615723,2390,100.0,100.0,100.0
1406,0.87605881690979,2390,100.0,100.0,100.0
1408,0.8770055770874023,2390,100.0,100.0,100.0
1410,0.8787031173706055,2390,100.0,100.0,100.0
1420,0.8868703842163086,2390,100.0,100.0,100.0
1428,0.8913490772247314,2390,100.0,100.0,100.0
1430,0.8933260440826416,2390,100.0,100.0,100.0
1437,0.8988721370697021,2390,100.0,100.0,100.0
1438,0.8992922306060791,2390,100.0,100.0,100.0
1440,0.90185546875,2390,100.0,100.0,100.0
1441,0.9023633003234863,2390,100.0,100.0,100.0
1445,0.9045314788818359,2390,100.0,100.0,100.0
1450,0.9083137512207031,2390,100.0,100.0,100.0
1460,0.9148666858673096,2390,100.0,100.0,100.0
1469,0.9175000190734863,2390,100.0,100.0,100.0
1470,0.9178645610809326,2390,100.0,100.0,100.0
1471,0.9182865619659424,2390,100.0,100.0,100.0
1480,0.9230685234069824,2390,100.0,100.0,100.0
1484,0.9260640144348145,2390,100.0,100.0,100.0
1487,0.9287159442901611,2390,100.0,100.0,100.0
1490,0.9309597015380859,2390,100.0,100.0,100.0
1495,0.9341142177581787,2390,100.0,100.0,100.0
1496,0.9345598220825195,2390,100.0,100.0,100.0
1497,0.9349629878997803,2390,100.0,100.0,100.0
1500,0.9360270500183105,2390,100.0,100.0,100.0
1503,0.9377830028533936,2390,100.0,100.0,100.0
1510,0.942753791809082,2390,100.0,100.0,100.0
1517,0.9484684467315674,2390,100.0,100.0,100.0
1520,0.9506828784942627,2390,100.0,100.0,100.0
1522,0.95308518409729,2390,100.0,100.0,100.0
1523,0.9535906314849854,2390,100.0,100.0,100.0
1530,0.9574887752532959,2390,100.0,100.0,100.0
1532,0.9590573310852051,2390,100.0,100.0,100.0
1540,0.9631860256195068,2390,100.0,100.0,100.0
1543,0.9650349617004395,2390,100.0,100.0,100.0
1550,0.9672801494598389,2390,100.0,100.0,100.0
1553,0.969022274017334,2390,100.0,100.0,100.0
1560,0.9724154472351074,2390,100.0,100.0,100.0
1563,0.9740967750549316,2390,100.0,100.0,100.0
1566,0.9766380786895752,2390,100.0,100.0,100.0
1570,0.9788539409637451,2390,100.0,100.0,100.0
1579,0.9872446060180664,2390,100.0,100.0,100.0
1580,0.987619161605835,2390,100.0,100.0,100.0
1588,0.9927866458892822,2390,100.0,100.0,100.0
1590,0.995445728302002,2390,100.0,100.0,100.0
1599,1.001265525817871,2390,100.0,100.0,100.0
1600,1.002629280090332,2390,100.0,100.0,100.0
1610,1.0096826553344727,2390,100.0,100.0,100.0
1613,1.0121281147003174,2390,100.0,100.0,100.0
1620,1.0184643268585205,2390,100.0,100.0,100.0
1624,1.0218408107757568,2390,100.0,100.0,100.0
1625,1.0225780010223389,2390,100.0,100.0,100.0
1626,1.0232582092285156,2390,100.0,100.0,100.0
1630,1.0297484397888184,2390,100.0,100.0,100.0
1631,1.0302839279174805,2390,100.0,100.0,100.0
1637,1.034125804901123,2390,100.0,100.0,100.0
1639,1.034792184829712,2390,100.0,100.0,100.0
1640,1.035120964050293,2390,100.0,100.0,100.0
1642,1.0370042324066162,2390,100.0,100.0,100.0
1650,1.0445516109466553,2390,100.0,100.0,100.0
1656,1.0500991344451904,2390,100.0,100.0,100.0
1660,1.0528252124786377,2390,100.0,100.0,100.0
1670,1.0620763301849365,2390,100.0,100.0,100.0
1673,1.066176414489746,2390,100.0,100.0,100.0
1678,1.067986249923706,2390,100.0,100.0,100.0
1680,1.0692646503448486,2390,100.0,100.0,100.0
1681,1.0698394775390625,2390,100.0,100.0,100.0
1685,1.0713675022125244,2390,100.0,100.0,100.0
1688,1.0747997760772705,2390,100.0,100.0,100.0
1690,1.0780072212219238,2390,100.0,100.0,100.0
1696,1.0827229022979736,2390,100.0,100.0,100.0
1700,1.0843257904052734,2390,100.0,100.0,100.0
1701,1.0849287509918213,2390,100.0,100.0,100.0
1703,1.0868382453918457,2390,100.0,100.0,100.0
1704,1.0873093605041504,2390,100.0,100.0,100.0
1706,1.0881836414337158,2390,100.0,100.0,100.0
1710,1.0917267799377441,2390,100.0,100.0,100.0
1718,1.097501277923584,2390,100.0,100.0,100.0
1720,1.0995604991912842,2390,100.0,100.0,100.0
1725,1.1026942729949951,2390,100.0,100.0,100.0
1730,1.1064271926879883,2390,100.0,100.0,100.0
1738,1.1131715774536133,2390,100.0,100.0,100.0
1740,1.1137776374816895,2390,100.0,100.0,100.0
1750,1.1192655563354492,2390,100.0,100.0,100.0
1751,1.1197149753570557,2390,100.0,100.0,100.0
1757,1.1235730648040771,2390,100.0,100.0,100.0
1760,1.1255497932434082,2390,100.0,100.0,100.0
1762,1.1265690326690674,2390,100.0,100.0,100.0
1769,1.131352186203003,2390,100.0,100.0,100.0
1770,1.1318559646606445,2390,100.0,100.0,100.0
1780,1.1386377811431885,2390,100.0,100.0,100.0
1790,1.1471807956695557,2390,100.0,100.0,100.0
1794,1.151329517364502,2390,100.0,100.0,100.0
1796,1.1522390842437744,2390,100.0,100.0,100.0
1800,1.1561217308044434,2390,100.0,100.0,100.0
1804,1.1578199863433838,2390,100.0,100.0,100.0
1810,1.1624665260314941,2390,100.0,100.0,100.0
1812,1.1646242141723633,2390,100.0,100.0,100.0
1813,1.165144920349121,2390,100.0,100.0,100.0
1816,1.1668281555175781,2390,100.0,100.0,100.0
1820,1.1701128482818604,2390,100.0,100.0,100.0
1830,1.178614854812622,2390,100.0,100.0,100.0
1832,1.1794419288635254,2390,100.0,100.0,100.0
1839,1.18690824508667,2390,100.0,100.0,100.0
1840,1.1875035762786865,2390,100.0,100.0,100.0
1844,1.1901071071624756,2390,100.0,100.0,100.0
1850,1.1976141929626465,2390,100.0,100.0,100.0
1857,1.202554702758789,2390,100.0,100.0,100.0
1858,1.203033685684204,2390,100.0,100.0,100.0
1860,1.2037501335144043,2390,100.0,100.0,100.0
1867,1.2092134952545166,2390,100.0,100.0,100.0
1870,1.2126038074493408,2390,100.0,100.0,100.0
1878,1.220881462097168,2390,100.0,100.0,100.0
1880,1.2223124504089355,2390,100.0,100.0,100.0
1887,1.2295284271240234,2390,100.0,100.0,100.0
1890,1.2325234413146973,2390,100.0,100.0,100.0
1897,1.2368738651275635,2390,100.0,100.0,100.0
1899,1.2377424240112305,2390,100.0,100.0,100.0
1900,1.2385303974151611,2390,100.0,100.0,100.0
1905,1.2438006401062012,2390,100.0,100.0,100.0
1910,1.247915267944336,2390,100.0,100.0,100.0
1914,1.2551345825195312,2390,100.0,100.0,100.0
1920,1.2600185871124268,2390,100.0,100.0,100.0
1928,1.268218755722046,2390,100.0,100.0,100.0
1930,1.2695512771606445,2390,100.0,100.0,100.0
1935,1.273165225982666,2390,100.0,100.0,100.0
1940,1.2758495807647705,2390,100.0,100.0,100.0
1950,1.2853491306304932,2390,100.0,100.0,100.0
1960,1.2941207885742188,2390,100.0,100.0,100.0
1970,1.3037326335906982,2390,100.0,100.0,100.0
1975,1.3103551864624023,2390,100.0,100.0,100.0
1980,1.3140699863433838,2390,100.0,100.0,100.0
1985,1.3197109699249268,2390,100.0,100.0,100.0
1986,1.3201708793640137,2390,100.0,100.0,100.0
1988,1.321044921875,2390,100.0,100.0,100.0
1990,1.3225407600402832,2390,100.0,100.0,100.0
2000,1.3340771198272705,2390,100.0,100.0,100.0
2001,1.3345682621002197,2390,100.0,100.0,100.0
2010,1.3381857872009277,2390,100.0,100.0,100.0
2018,1.3458635807037354,2390,100.0,100.0,100.0
2020,1.346738338470459,2390,100.0,100.0,100.0
2021,1.3472015857696533,2390,100.0,100.0,100.0
2027,1.3517844676971436,2390,100.0,100.0,100.0
2029,1.353356122970581,2390,100.0,100.0,100.0
2030,1.3547708988189697,2390,100.0,100.0,100.0
2039,1.3600027561187744,2390,100.0,100.0,100.0
2040,1.3602814674377441,2390,100.0,100.0,100.0
2045,1.3624114990234375,2390,100.0,100.0,100.0
2050,1.367555856704712,2390,100.0,100.0,100.0
2055,1.3701863288879395,2390,100.0,100.0,100.0
2057,1.371840000152588,2390,100.0,100.0,100.0
2058,1.3722970485687256,2390,100.0,100.0,100.0
2060,1.3731427192687988,2390,100.0,100.0,100.0
2070,1.3787221908569336,2390,100.0,100.0,100.0
2078,1.3836865425109863,2390,100.0,100.0,100.0
2080,1.3854503631591797,2390,100.0,100.0,100.0
2081,1.3859615325927734,2390,100.0,100.0,100.0
2085,1.3902866840362549,2390,100.0,100.0,100.0
2090,1.3959271907806396,2390,100.0,100.0,100.0
2095,1.3991286754608154,2390,100.0,100.0,100.0
2096,1.3995940685272217,2390,100.0,100.0,100.0
2100,1.4034216403961182,2390,100.0,100.0,100.0
2110,1.4118731021881104,2390,100.0,100.0,100.0
2120,1.4193553924560547,2390,100.0,100.0,100.0
2128,1.4265756607055664,2390,100.0,100.0,100.0
2130,1.4273269176483154,2390,100.0,100.0,100.0
2131,1.4278247356414795,2390,100.0,100.0,100.0
2140,1.4322986602783203,2390,100.0,100.0,100.0
2144,1.4345300197601318,2390,100.0,100.0,100.0
2148,1.4368131160736084,2390,100.0,100.0,100.0
2150,1.43831467628479,2390,100.0,100.0,100.0
2155,1.4402270317077637,2390,100.0,100.0,100.0
2160,1.4442720413208008,2390,100.0,100.0,100.0
2161,1.4451186656951904,2390,100.0,100.0,100.0
2168,1.450021743774414,2390,100.0,100.0,100.0
2170,1.4517743587493896,2390,100.0,100.0,100.0
2180,1.4573357105255127,2390,100.0,100.0,100.0
2181,1.4578392505645752,2390,100.0,100.0,100.0
2190,1.4663429260253906,2390,100.0,100.0,100.0
2194,1.468923568725586,2390,100.0,100.0,100.0
2195,1.4694104194641113,2390,100.0,100.0,100.0
2200,1.4719750881195068,2390,100.0,100.0,100.0
2208,1.4772820472717285,2390,100.0,100.0,100.0
2210,1.4787662029266357,2390,100.0,100.0,100.0
2220,1.4857666492462158,2390,100.0,100.0,100.0
2230,1.4940707683563232,2390,100.0,100.0,100.0
2232,1.495304822921753,2390,100.0,100.0,100.0
2240,1.5032646656036377,2390,100.0,100.0,100.0
2247,1.5100486278533936,2390,100.0,100.0,100.0
2250,1.5130224227905273,2390,100.0,100.0,100.0
2252,1.5140135288238525,2390,100.0,100.0,100.0
2257,1.5177850723266602,2390,100.0,100.0,100.0
2260,1.5189964771270752,2390,100.0,100.0,100.0
2261,1.5194752216339111,2390,100.0,100.0,100.0
2270,1.5274419784545898,2390,100.0,100.0,100.0
2272,1.5291361808776855,2390,100.0,100.0,100.0
2280,1.5347890853881836,2390,100.0,100.0,100.0
2283,1.5375065803527832,2390,100.0,100.0,100.0
2287,1.5399110317230225,2390,100.0,100.0,100.0
2290,1.5418198108673096,2390,100.0,100.0,100.0
2297,1.546849012374878,2390,100.0,100.0,100.0
2300,1.5502879619598389,2390,100.0,100.0,100.0
2310,1.5594778060913086,2390,100.0,100.0,100.0
2320,1.5671806335449219,2390,100.0,100.0,100.0
2324,1.5691876411437988,2390,100.0,100.0,100.0
2329,1.5744287967681885,2390,100.0,100.0,100.0
2330,1.5748937129974365,2390,100.0,100.0,100.0
2340,1.584127426147461,2390,100.0,100.0,100.0
2349,1.592360019683838,2390,100.0,100.0,100.0
2350,1.592804193496704,2390,100.0,100.0,100.0
2352,1.5946600437164307,2390,100.0,100.0,100.0
2360,1.5976765155792236,2390,100.0,100.0,100.0
2361,1.598144769668579,2390,100.0,100.0,100.0
2362,1.5987956523895264,2390,100.0,100.0,100.0
2366,1.6007544994354248,2390,100.0,100.0,100.0
2370,1.60298490524292,2390,100.0,100.0,100.0
2378,1.6081743240356445,2390,100.0,100.0,100.0
2380,1.6097450256347656,2390,100.0,100.0,100.0
2390,1.616499423980713,2390,100.0,100.0,100.0
2397,1.6219685077667236,2390,100.0,100.0,100.0
2398,1.6224684715270996,2390,100.0,100.0,100.0
2400,1.624077320098877,2390,100.0,100.0,100.0
2410,1.6305065155029297,2390,100.0,100.0,100.0
2413,1.6337509155273438,2390,100.0,100.0,100.0
2416,1.636592149734497,2390,100.0,100.0,100.0
2420,1.6394333839416504,2390,100.0,100.0,100.0
2430,1.647010326385498,2390,100.0,100.0,100.0
2434,1.6500797271728516,2390,100.0,100.0,100.0
2438,1.6536908149719238,2390,100.0,100.0,100.0
2440,1.6549787521362305,2390,100.0,100.0,100.0
2448,1.6607909202575684,2390,100.0,100.0,100.0
2450,1.662567138671875,2390,100.0,100.0,100.0
2451,1.6630849838256836,2390,100.0,100.0,100.0
2458,1.6672487258911133,2390,100.0,100.0,100.0
2460,1.6685316562652588,2390,100.0,100.0,100.0
2463,1.6712100505828857,2390,100.0,100.0,100.0
2470,1.6779611110687256,2390,100.0,100.0,100.0
2471,1.6784894466400146,2390,100.0,100.0,100.0
2480,1.6832678318023682,2390,100.0,100.0,100.0
2490,1.6913063526153564,2390,100.0,100.0,100.0
2491,1.6922478675842285,2390,100.0,100.0,100.0
2499,1.701906681060791,2390,100.0,100.0,100.0
2500,1.7037298679351807,2390,100.0,100.0,100.0
2510,1.7128920555114746,2390,100.0,100.0,100.0
2517,1.7186782360076904,2390,100.0,100.0,100.0
2520,1.7200541496276855,2390,100.0,100.0,100.0
2530,1.726956844329834,2390,100.0,100.0,100.0
2532,1.7278757095336914,2390,100.0,100.0,100.0
2539,1.7322516441345215,2390,100.0,100.0,100.0
2540,1.7334253787994385,2390,100.0,100.0,100.0
2550,1.7430870532989502,2390,100.0,100.0,100.0
2557,1.7469971179962158,2390,100.0,100.0,100.0
2558,1.7478406429290771,2390,100.0,100.0,100.0
2560,1.7485406398773193,2390,100.0,100.0,100.0
2570,1.7543041706085205,2390,100.0,100.0,100.0
2580,1.7624843120574951,2390,100.0,100.0,100.0
2590,1.7709131240844727,2390,100.0,100.0,100.0
2593,1.773280382156372,2390,100.0,100.0,100.0
2596,1.774925708770752,2390,100.0,100.0,100.0
2599,1.7760555744171143,2390,100.0,100.0,100.0
2600,1.776479959487915,2390,100.0,100.0,100.0
2601,1.7769455909729004,2390,100.0,100.0,100.0
2610,1.7819156646728516,2390,100.0,100.0,100.0
2613,1.7843613624572754,2390,100.0,100.0,100.0
2620,1.7891020774841309,2390,100.0,100.0,100.0
2630,1.7950522899627686,2390,100.0,100.0,100.0
2632,1.797330379486084,2390,100.0,100.0,100.0
2640,1.804476261138916,2390,100.0,100.0,100.0
2650,1.8119299411773682,2390,100.0,100.0,100.0
2652,1.8135175704956055,2390,100.0,100.0,100.0
2660,1.8192687034606934,2390,100.0,100.0,100.0
2670,1.8259212970733643,2390,100.0,100.0,100.0
2671,1.826411247253418,2390,100.0,100.0,100.0
2678,1.8302888870239258,2390,100.0,100.0,100.0
2680,1.832564353942871,2390,100.0,100.0,100.0
2684,1.8351044654846191,2390,100.0,100.0,100.0
2688,1.8382675647735596,2390,100.0,100.0,100.0
2690,1.839693546295166,2390,100.0,100.0,100.0
2700,1.850463628768921,2390,100.0,100.0,100.0
2701,1.8513166904449463,2390,100.0,100.0,100.0
2706,1.8548941612243652,2390,100.0,100.0,100.0
2710,1.8579692840576172,2390,100.0,100.0,100.0
2711,1.858689546585083,2390,100.0,100.0,100.0
2715,1.8620388507843018,2390,100.0,100.0,100.0
2720,1.8657958507537842,2390,100.0,100.0,100.0
2727,1.8720176219940186,2390,100.0,100.0,100.0
2730,1.8742547035217285,2390,100.0,100.0,100.0
2732,1.8751463890075684,2390,100.0,100.0,100.0
2740,1.882706880569458,2390,100.0,100.0,100.0
2742,1.884427785873413,2390,100.0,100.0,100.0
2750,1.8896925449371338,2390,100.0,100.0,100.0
2760,1.89646577835083,2390,100.0,100.0,100.0
2763,1.900111198425293,2390,100.0,100.0,100.0
2770,1.9048733711242676,2390,100.0,100.0,100.0
2774,1.9080476760864258,2390,100.0,100.0,100.0
2778,1.9117777347564697,2390,100.0,100.0,100.0
2780,1.912503719329834,2390,100.0,100.0,100.0
2782,1.9133613109588623,2390,100.0,100.0,100.0
2786,1.9146325588226318,2390,100.0,100.0,100.0
2790,1.9186933040618896,2390,100.0,100.0,100.0
2800,1.9253392219543457,2390,100.0,100.0,100.0
2801,1.9259684085845947,2390,100.0,100.0,100.0
2804,1.928828477859497,2390,100.0,100.0,100.0
2809,1.930673360824585,2390,100.0,100.0,100.0
2810,1.9311010837554932,2390,100.0,100.0,100.0
2819,1.935802698135376,2390,100.0,100.0,100.0
2820,1.9368982315063477,2390,100.0,100.0,100.0
2826,1.9408118724822998,2390,100.0,100.0,100.0
2830,1.9430410861968994,2390,100.0,100.0,100.0
2831,1.9435148239135742,2390,100.0,100.0,100.0
2837,1.9468753337860107,2390,100.0,100.0,100.0
2840,1.9485886096954346,2390,100.0,100.0,100.0
2841,1.9492106437683105,2390,100.0,100.0,100.0
2850,1.954913854598999,2390,100.0,100.0,100.0
2853,1.9566857814788818,2390,100.0,100.0,100.0
2855,1.9586637020111084,2390,100.0,100.0,100.0
2860,1.9615631103515625,2390,100.0,100.0,100.0
2866,1.9657468795776367,2390,100.0,100.0,100.0
2870,1.9688324928283691,2390,100.0,100.0,100.0
2872,1.9704790115356445,2390,100.0,100.0,100.0
2876,1.9727864265441895,2390,100.0,100.0,100.0
2880,1.9756958484649658,2390,100.0,100.0,100.0
2889,1.9837522506713867,2390,100.0,100.0,100.0
2890,1.9842264652252197,2390,100.0,100.0,100.0
2900,1.990464448928833,2390,100.0,100.0,100.0
2901,1.9909381866455078,2390,100.0,100.0,100.0
2905,1.9938993453979492,2390,100.0,100.0,100.0
2907,1.9947824478149414,2390,100.0,100.0,100.0
2910,1.9966659545898438,2390,100.0,100.0,100.0
2912,1.9985837936401367,2390,100.0,100.0,100.0
2920,2.004133701324463,2390,100.0,100.0,100.0
2922,2.0057828426361084,2390,100.0,100.0,100.0
2930,2.01220703125,2390,100.0,100.0,100.0
2936,2.015958786010742,2390,100.0,100.0,100.0
2937,2.01645565032959,2390,100.0,100.0,100.0
2938,2.0169224739074707,2390,100.0,100.0,100.0
2940,2.017632484436035,2390,100.0,100.0,100.0
2950,2.0244624614715576,2390,100.0,100.0,100.0
2953,2.0257985591888428,2390,100.0,100.0,100.0
2960,2.0300710201263428,2390,100.0,100.0,100.0
2970,2.0362257957458496,2390,100.0,100.0,100.0
2972,2.037846088409424,2390,100.0,100.0,100.0
2973,2.0383224487304688,2390,100.0,100.0,100.0
2980,2.043760061264038,2390,100.0,100.0,100.0
2982,2.044703483581543,2390,100.0,100.0,100.0
2990,2.0497937202453613,2390,100.0,100.0,100.0
2996,2.0544097423553467,2390,100.0,100.0,100.0
3000,2.057384967803955,2390,100.0,100.0,100.0
3002,2.0590014457702637,2390,100.0,100.0,100.0
3003,2.0594871044158936,2390,100.0,100.0,100.0
3010,2.066086769104004,2390,100.0,100.0,100.0
3011,2.0666251182556152,2390,100.0,100.0,100.0
3013,2.067517042160034,2390,100.0,100.0,100.0
3017,2.071004867553711,2390,100.0,100.0,100.0
3019,2.072667121887207,2390,100.0,100.0,100.0
3020,2.0731587409973145,2390,100.0,100.0,100.0
3022,2.0747673511505127,2390,100.0,100.0,100.0
3026,2.077214002609253,2390,100.0,100.0,100.0
3030,2.080287456512451,2390,100.0,100.0,100.0
3040,2.086298942565918,2390,100.0,100.0,100.0
3049,2.0930919647216797,2390,100.0,100.0,100.0
3050,2.09333872795105,2390,100.0,100.0,100.0
3053,2.095151662826538,2390,100.0,100.0,100.0
3060,2.1009886264801025,2390,100.0,100.0,100.0
3064,2.1032021045684814,2390,100.0,100.0,100.0
3070,2.106275796890259,2390,100.0,100.0,100.0
3072,2.1073269844055176,2390,100.0,100.0,100.0
3080,2.1127750873565674,2390,100.0,100.0,100.0
3090,2.119558811187744,2390,100.0,100.0,100.0
3094,2.1242947578430176,2390,100.0,100.0,100.0
3095,2.1249077320098877,2390,100.0,100.0,100.0
3096,2.1258554458618164,2390,100.0,100.0,100.0
3100,2.1284191608428955,2390,100.0,100.0,100.0
3101,2.1289355754852295,2390,100.0,100.0,100.0
3106,2.132575511932373,2390,100.0,100.0,100.0
3107,2.1334002017974854,2390,100.0,100.0,100.0
3110,2.1353073120117188,2390,100.0,100.0,100.0
3113,2.137451410293579,2390,100.0,100.0,100.0
3117,2.140570878982544,2390,100.0,100.0,100.0
3120,2.1415531635284424,2390,100.0,100.0,100.0
3130,2.148317813873291,2390,100.0,100.0,100.0
3140,2.1557161808013916,2390,100.0,100.0,100.0
3143,2.1568398475646973,2390,100.0,100.0,100.0
3146,2.1588573455810547,2390,100.0,100.0,100.0
3150,2.163200855255127,2390,100.0,100.0,100.0
3160,2.1735289096832275,2390,100.0,100.0,100.0
3161,2.1747751235961914,2390,100.0,100.0,100.0
3170,2.183302164077759,2390,100.0,100.0,100.0
3179,2.1888914108276367,2390,100.0,100.0,100.0
3180,2.189410924911499,2390,100.0,100.0,100.0
3190,2.2006373405456543,2390,100.0,100.0,100.0
3196,2.206166982650757,2390,100.0,100.0,100.0
3200,2.2095468044281006,2390,100.0,100.0,100.0
3210,2.218518018722534,2390,100.0,100.0,100.0
3220,2.228771924972534,2390,100.0,100.0,100.0
3227,2.2359700202941895,2390,100.0,100.0,100.0
3230,2.2371482849121094,2390,100.0,100.0,100.0
3240,2.2455053329467773,2390,100.0,100.0,100.0
3244,2.2499349117279053,2390,100.0,100.0,100.0
3250,2.2544896602630615,2390,100.0,100.0,100.0
3260,2.260817527770996,2390,100.0,100.0,100.0
3270,2.2689077854156494,2390,100.0,100.0,100.0
3280,2.277165412902832,2390,100.0,100.0,100.0
3282,2.278071880340576,2390,100.0,100.0,100.0
3289,2.2834267616271973,2390,100.0,100.0,100.0
3290,2.28381609916687,2390,100.0,100.0,100.0
3300,2.292938709259033,2390,100.0,100.0,100.0
3303,2.294951915740967,2390,100.0,100.0,100.0
3310,2.2991080284118652,2390,100.0,100.0,100.0
3317,2.304856061935425,2390,100.0,100.0,100.0
3320,2.3067703247070312,2390,100.0,100.0,100.0
3330,2.314695119857788,2390,100.0,100.0,100.0
3335,2.31840443611145,2390,100.0,100.0,100.0
3340,2.3218672275543213,2390,100.0,100.0,100.0
3341,2.3223838806152344,2390,100.0,100.0,100.0
3350,2.33019757270813,2390,100.0,100.0,100.0
3354,2.3335025310516357,2390,100.0,100.0,100.0
3358,2.337024688720703,2390,100.0,100.0,100.0
3360,2.3376829624176025,2390,100.0,100.0,100.0
3370,2.346367359161377,2390,100.0,100.0,100.0
3380,2.3541769981384277,2390,100.0,100.0,100.0
3383,2.3556783199310303,2390,100.0,100.0,100.0
3384,2.35606050491333,2390,100.0,100.0,100.0
3390,2.3592309951782227,2390,100.0,100.0,100.0
3400,2.365461826324463,2390,100.0,100.0,100.0
3404,2.3667562007904053,2390,100.0,100.0,100.0
3410,2.3707070350646973,2390,100.0,100.0,100.0
3418,2.375502586364746,2390,100.0,100.0,100.0
3420,2.3762011528015137,2390,100.0,100.0,100.0
3430,2.3823442459106445,2390,100.0,100.0,100.0
3432,2.3830723762512207,2390,100.0,100.0,100.0
3434,2.383746862411499,2390,100.0,100.0,100.0
3440,2.3863213062286377,2390,100.0,100.0,100.0
3441,2.386690616607666,2390,100.0,100.0,100.0
3447,2.389101266860962,2390,100.0,100.0,100.0
3450,2.391289234161377,2390,100.0,100.0,100.0
3452,2.3923020362854004,2390,100.0,100.0,100.0
3460,2.396475315093994,2390,100.0,100.0,100.0
3470,2.4025161266326904,2390,100.0,100.0,100.0
3479,2.406878709793091,2390,100.0,100.0,100.0
3480,2.407207489013672,2390,100.0,100.0,100.0
3490,2.4140264987945557,2390,100.0,100.0,100.0
3498,2.418588876724243,2390,100.0,100.0,100.0
3500,2.419221878051758,2390,100.0,100.0,100.0
3510,2.4256505966186523,2390,100.0,100.0,100.0
3518,2.4292917251586914,2390,100.0,100.0,100.0
3519,2.4297053813934326,2390,100.0,100.0,100.0
3520,2.429882764816284,2390,100.0,100.0,100.0
3521,2.430269241333008,2390,100.0,100.0,100.0
3527,2.43344783782959,2390,100.0,100.0,100.0
3529,2.434140205383301,2390,100.0,100.0,100.0
3530,2.434556722640991,2390,100.0,100.0,100.0
3533,2.436222553253174,2390,100.0,100.0,100.0
3536,2.437997817993164,2390,100.0,100.0,100.0
3537,2.4383485317230225,2390,100.0,100.0,100.0
3539,2.4390289783477783,2390,100.0,100.0,100.0
3540,2.439918041229248,2390,100.0,100.0,100.0
3541,2.440286874771118,2390,100.0,100.0,100.0
3544,2.4419922828674316,2390,100.0,100.0,100.0
3550,2.445868492126465,2390,100.0,100.0,100.0
3555,2.4483349323272705,2390,100.0,100.0,100.0
3560,2.4515790939331055,2390,100.0,100.0,100.0
3570,2.4570021629333496,2390,100.0,100.0,100.0
3576,2.460137367248535,2390,100.0,100.0,100.0
3580,2.462029218673706,2390,100.0,100.0,100.0
3586,2.465404987335205,2390,100.0,100.0,100.0
3590,2.469433069229126,2390,100.0,100.0,100.0
3600,2.476638078689575,2390,100.0,100.0,100.0
3606,2.4808554649353027,2390,100.0,100.0,100.0
3608,2.4815499782562256,2390,100.0,100.0,100.0
3610,2.4826645851135254,2390,100.0,100.0,100.0
3615,2.4853098392486572,2390,100.0,100.0,100.0
3620,2.4875869750976562,2390,100.0,100.0,100.0
3629,2.494555950164795,2390,100.0,100.0,100.0
3630,2.4947428703308105,2390,100.0,100.0,100.0
3635,2.4978203773498535,2390,100.0,100.0,100.0
3640,2.5009567737579346,2390,100.0,100.0,100.0
3650,2.5058953762054443,2390,100.0,100.0,100.0
3651,2.50624418258667,2390,100.0,100.0,100.0
3660,2.5156002044677734,2390,100.0,100.0,100.0
3663,2.517465829849243,2390,100.0,100.0,100.0
3670,2.521059036254883,2390,100.0,100.0,100.0
3680,2.5292255878448486,2390,100.0,100.0,100.0
3690,2.5350568294525146,2390,100.0,100.0,100.0
3693,2.5367672443389893,2390,100.0,100.0,100.0
3696,2.5378174781799316,2390,100.0,100.0,100.0
3697,2.5381953716278076,2390,100.0,100.0,100.0
3700,2.53971529006958,2390,100.0,100.0,100.0
3706,2.5441083908081055,2390,100.0,100.0,100.0
3710,2.546163558959961,2390,100.0,100.0,100.0
3712,2.547919750213623,2390,100.0,100.0,100.0
3720,2.5546772480010986,2390,100.0,100.0,100.0
3726,2.5575077533721924,2390,100.0,100.0,100.0
3728,2.5583667755126953,2390,100.0,100.0,100.0
3730,2.5590927600860596,2390,100.0,100.0,100.0
3740,2.568544387817383,2390,100.0,100.0,100.0
3742,2.569545030593872,2390,100.0,100.0,100.0
3746,2.572417974472046,2390,100.0,100.0,100.0
3748,2.573179006576538,2390,100.0,100.0,100.0
3750,2.5746657848358154,2390,100.0,100.0,100.0
3760,2.580033540725708,2390,100.0,100.0,100.0
3763,2.5817716121673584,2390,100.0,100.0,100.0
3766,2.583667039871216,2390,100.0,100.0,100.0
3768,2.5844171047210693,2390,100.0,100.0,100.0
3770,2.5868043899536133,2390,100.0,100.0,100.0
3773,2.5894269943237305,2390,100.0,100.0,100.0
3780,2.594773769378662,2390,100.0,100.0,100.0
3790,2.6018738746643066,2390,100.0,100.0,100.0
3800,2.6088831424713135,2390,100.0,100.0,100.0
3810,2.6152944564819336,2390,100.0,100.0,100.0
3820,2.6236631870269775,2390,100.0,100.0,100.0
3823,2.625490665435791,2390,100.0,100.0,100.0
3829,2.62957763671875,2390,100.0,100.0,100.0
3830,2.6307334899902344,2390,100.0,100.0,100.0
3837,2.6337897777557373,2390,100.0,100.0,100.0
3840,2.6362597942352295,2390,100.0,100.0,100.0
3842,2.637669801712036,2390,100.0,100.0,100.0
3850,2.641671895980835,2390,100.0,100.0,100.0
3856,2.644639730453491,2390,100.0,100.0,100.0
3860,2.6465699672698975,2390,100.0,100.0,100.0
3870,2.6524832248687744,2390,100.0,100.0,100.0
3875,2.6561636924743652,2390,100.0,100.0,100.0
3876,2.656594753265381,2390,100.0,100.0,100.0
3880,2.6594295501708984,2390,100.0,100.0,100.0
3890,2.6666529178619385,2390,100.0,100.0,100.0
3900,2.671379327774048,2390,100.0,100.0,100.0
3910,2.6790637969970703,2390,100.0,100.0,100.0
3920,2.685187816619873,2390,100.0,100.0,100.0
3930,2.692723274230957,2390,100.0,100.0,100.0
3931,2.6931111812591553,2390,100.0,100.0,100.0
3934,2.6941161155700684,2390,100.0,100.0,100.0
3940,2.6968626976013184,2390,100.0,100.0,100.0
3941,2.6972382068634033,2390,100.0,100.0,100.0
3946,2.700146198272705,2390,100.0,100.0,100.0
3950,2.70215106010437,2390,100.0,100.0,100.0
3951,2.702559471130371,2390,100.0,100.0,100.0
3960,2.7098848819732666,2390,100.0,100.0,100.0
3970,2.7180962562561035,2390,100.0,100.0,100.0
3979,2.7244839668273926,2390,100.0,100.0,100.0
3980,2.724794864654541,2390,100.0,100.0,100.0
3984,2.7268056869506836,2390,100.0,100.0,100.0
3985,2.7272017002105713,2390,100.0,100.0,100.0
3990,2.730672836303711,2390,100.0,100.0,100.0
3999,2.734398365020752,2390,100.0,100.0,100.0
4000,2.734814167022705,2390,100.0,100.0,100.0
4010,2.741532564163208,2390,100.0,100.0,100.0
4019,2.7454559803009033,2390,100.0,100.0,100.0
4020,2.7457709312438965,2390,100.0,100.0,100.0
4029,2.7518999576568604,2390,100.0,100.0,100.0
4030,2.7529447078704834,2390,100.0,100.0,100.0
4037,2.758716106414795,2390,100.0,100.0,100.0
4040,2.7603602409362793,2390,100.0,100.0,100.0
4046,2.762258768081665,2390,100.0,100.0,100.0
4050,2.7644081115722656,2390,100.0,100.0,100.0
4056,2.7687230110168457,2390,100.0,100.0,100.0
4060,2.771486282348633,2390,100.0,100.0,100.0
4070,2.7763583660125732,2390,100.0,100.0,100.0
4075,2.778946876525879,2390,100.0,100.0,100.0
4078,2.780968189239502,2390,100.0,100.0,100.0
4079,2.7816994190216064,2390,100.0,100.0,100.0
4080,2.7820444107055664,2390,100.0,100.0,100.0
4090,2.7913432121276855,2390,100.0,100.0,100.0
4092,2.7921841144561768,2390,100.0,100.0,100.0
4100,2.7968289852142334,2390,100.0,100.0,100.0
4109,2.8031818866729736,2390,100.0,100.0,100.0
4110,2.803659200668335,2390,100.0,100.0,100.0
4120,2.811981678009033,2390,100.0,100.0,100.0
4128,2.818701982498169,2390,100.0,100.0,100.0
4130,2.819441795349121,2390,100.0,100.0,100.0
4134,2.822448253631592,2390,100.0,100.0,100.0
4140,2.8268916606903076,2390,100.0,100.0,100.0
4149,2.8340766429901123,2390,100.0,100.0,100.0
4150,2.834489345550537,2390,100.0,100.0,100.0
4160,2.8406362533569336,2390,100.0,100.0,100.0
4164,2.841740846633911,2390,100.0,100.0,100.0
4170,2.8463668823242188,2390,100.0,100.0,100.0
4180,2.850925922393799,2390,100.0,100.0,100.0
4190,2.8565900325775146,2390,100.0,100.0,100.0
4198,2.8601651191711426,2390,100.0,100.0,100.0
4200,2.8623056411743164,2390,100.0,100.0,100.0
4203,2.8641157150268555,2390,100.0,100.0,100.0
4205,2.865572452545166,2390,100.0,100.0,100.0
4209,2.8678414821624756,2390,100.0,100.0,100.0
4210,2.8689260482788086,2390,100.0,100.0,100.0
4218,2.8756039142608643,2390,100.0,100.0,100.0
4220,2.8770792484283447,2390,100.0,100.0,100.0
4224,2.8798282146453857,2390,100.0,100.0,100.0
4230,2.885223388671875,2390,100.0,100.0,100.0
4239,2.889615058898926,2390,100.0,100.0,100.0
4240,2.890697479248047,2390,100.0,100.0,100.0
4246,2.8947606086730957,2390,100.0,100.0,100.0
4250,2.898714542388916,2390,100.0,100.0,100.0
4251,2.8991637229919434,2390,100.0,100.0,100.0
4256,2.903620958328247,2390,100.0,100.0,100.0
4260,2.9067859649658203,2390,100.0,100.0,100.0
4270,2.9145162105560303,2390,100.0,100.0,100.0
4277,2.9179294109344482,2390,100.0,100.0,100.0
4278,2.918902635574341,2390,100.0,100.0,100.0
4280,2.9199063777923584,2390,100.0,100.0,100.0
4285,2.9225845336914062,2390,100.0,100.0,100.0
4290,2.9268276691436768,2390,100.0,100.0,100.0
4292,2.9284064769744873,2390,100.0,100.0,100.0
4293,2.929093837738037,2390,100.0,100.0,100.0
4300,2.934201717376709,2390,100.0,100.0,100.0
4308,2.939242362976074,2390,100.0,100.0,100.0
4310,2.9413363933563232,2390,100.0,100.0,100.0
4316,2.944610118865967,2390,100.0,100.0,100.0
4320,2.948030948638916,2390,100.0,100.0,100.0
4330,2.95320725440979,2390,100.0,100.0,100.0
4338,2.9562575817108154,2390,100.0,100.0,100.0
4340,2.957657814025879,2390,100.0,100.0,100.0
4341,2.95804500579834,2390,100.0,100.0,100.0
4346,2.961087226867676,2390,100.0,100.0,100.0
4350,2.962620496749878,2390,100.0,100.0,100.0
4360,2.969247817993164,2390,100.0,100.0,100.0
4370,2.975801706314087,2390,100.0,100.0,100.0
4375,2.978940486907959,2390,100.0,100.0,100.0
4380,2.980412006378174,2390,100.0,100.0,100.0
4388,2.9844045639038086,2390,100.0,100.0,100.0
4390,2.9858975410461426,2390,100.0,100.0,100.0
4397,2.990520715713501,2390,100.0,100.0,100.0
4400,2.992586851119995,2390,100.0,100.0,100.0
4407,2.997742176055908,2390,100.0,100.0,100.0
4410,2.9996116161346436,2390,100.0,100.0,100.0
4417,3.003243923187256,2390,100.0,100.0,100.0
4418,3.0037448406219482,2390,100.0,100.0,100.0
4420,3.0052340030670166,2390,100.0,100.0,100.0
4422,3.006727933883667,2390,100.0,100.0,100.0
4428,3.0086026191711426,2390,100.0,100.0,100.0
4430,3.0107498168945312,2390,100.0,100.0,100.0
4440,3.0147793292999268,2390,100.0,100.0,100.0
4445,3.017641544342041,2390,100.0,100.0,100.0
4446,3.018045425415039,2390,100.0,100.0,100.0
4450,3.0207719802856445,2390,100.0,100.0,100.0
4453,3.0217881202697754,2390,100.0,100.0,100.0
4460,3.024600028991699,2390,100.0,100.0,100.0
4469,3.031330108642578,2390,100.0,100.0,100.0
4470,3.0317115783691406,2390,100.0,100.0,100.0
4476,3.035048246383667,2390,100.0,100.0,100.0
4480,3.036222219467163,2390,100.0,100.0,100.0
4490,3.0400264263153076,2390,100.0,100.0,100.0
4499,3.04586124420166,2390,100.0,100.0,100.0
4500,3.0469071865081787,2390,100.0,100.0,100.0
4510,3.049909830093384,2390,100.0,100.0,100.0
4514,3.052577257156372,2390,100.0,100.0,100.0
4520,3.0559818744659424,2390,100.0,100.0,100.0
4529,3.059398889541626,2390,100.0,100.0,100.0
4530,3.0597777366638184,2390,100.0,100.0,100.0
4540,3.0691256523132324,2390,100.0,100.0,100.0
4550,3.078045129776001,2390,100.0,100.0,100.0
4556,3.082028865814209,2390,100.0,100.0,100.0
4560,3.0848450660705566,2390,100.0,100.0,100.0
4570,3.0899853706359863,2390,100.0,100.0,100.0
4580,3.0969607830047607,2390,100.0,100.0,100.0
4590,3.107447385787964,2390,100.0,100.0,100.0
4594,3.1116156578063965,2390,100.0,100.0,100.0
4596,3.1123578548431396,2390,100.0,100.0,100.0
4600,3.1152772903442383,2390,100.0,100.0,100.0
4606,3.1187334060668945,2390,100.0,100.0,100.0
4610,3.121605396270752,2390,100.0,100.0,100.0
4620,3.129354238510132,2390,100.0,100.0,100.0
4630,3.139065742492676,2390,100.0,100.0,100.0
4633,3.140995502471924,2390,100.0,100.0,100.0
4640,3.1460628509521484,2390,100.0,100.0,100.0
4641,3.1465249061584473,2390,100.0,100.0,100.0
4642,3.1469295024871826,2390,100.0,100.0,100.0
4650,3.1517560482025146,2390,100.0,100.0,100.0
4660,3.157907247543335,2390,100.0,100.0,100.0
4664,3.159998893737793,2390,100.0,100.0,100.0
4667,3.1618106365203857,2390,100.0,100.0,100.0
4670,3.163632869720459,2390,100.0,100.0,100.0
4671,3.1640336513519287,2390,100.0,100.0,100.0
4680,3.1687331199645996,2390,100.0,100.0,100.0
4690,3.175333023071289,2390,100.0,100.0,100.0
4695,3.1783461570739746,2390,100.0,100.0,100.0
4700,3.180901527404785,2390,100.0,100.0,100.0
4701,3.181328296661377,2390,100.0,100.0,100.0
4710,3.1898446083068848,2390,100.0,100.0,100.0
4720,3.19899320602417,2390,100.0,100.0,100.0
4730,3.205566167831421,2390,100.0,100.0,100.0
4735,3.2103497982025146,2390,100.0,100.0,100.0
4740,3.2126502990722656,2390,100.0,100.0,100.0
4747,3.2177653312683105,2390,100.0,100.0,100.0
4750,3.2209312915802,2390,100.0,100.0,100.0
4756,3.2245540618896484,2390,100.0,100.0,100.0
4760,3.2272891998291016,2390,100.0,100.0,100.0
4770,3.235651969909668,2390,100.0,100.0,100.0
4780,3.241847515106201,2390,100.0,100.0,100.0
4786,3.245243549346924,2390,100.0,100.0,100.0
4790,3.249863862991333,2390,100.0,100.0,100.0
4800,3.256795644760132,2390,100.0,100.0,100.0
4804,3.258925199508667,2390,100.0,100.0,100.0
4810,3.2615489959716797,2390,100.0,100.0,100.0
4820,3.266714334487915,2390,100.0,100.0,100.0
4830,3.2721102237701416,2390,100.0,100.0,100.0
4831,3.2725579738616943,2390,100.0,100.0,100.0
4836,3.274970531463623,2390,100.0,100.0,100.0
4840,3.2767934799194336,2390,100.0,100.0,100.0
4850,3.283759593963623,2390,100.0,100.0,100.0
4860,3.290778875350952,2390,100.0,100.0,100.0
4869,3.294433116912842,2390,100.0,100.0,100.0
4870,3.2947614192962646,2390,100.0,100.0,100.0
4880,3.2988290786743164,2390,100.0,100.0,100.0
4888,3.3028547763824463,2390,100.0,100.0,100.0
4890,3.304142951965332,2390,100.0,100.0,100.0
4894,3.306335210800171,2390,100.0,100.0,100.0
4900,3.310652017593384,2390,100.0,100.0,100.0
4910,3.316436529159546,2390,100.0,100.0,100.0
4914,3.3193981647491455,2390,100.0,100.0,100.0
4915,3.3198134899139404,2390,100.0,100.0,100.0
4920,3.3228516578674316,2390,100.0,100.0,100.0
4921,3.323269844055176,2390,100.0,100.0,100.0
4930,3.3298847675323486,2390,100.0,100.0,100.0
4933,3.331076145172119,2390,100.0,100.0,100.0
4940,3.3340554237365723,2390,100.0,100.0,100.0
4950,3.340877056121826,2390,100.0,100.0,100.0
4960,3.34676194190979,2390,100.0,100.0,100.0
4963,3.348562479019165,2390,100.0,100.0,100.0
4970,3.352806806564331,2390,100.0,100.0,100.0
4972,3.353933811187744,2390,100.0,100.0,100.0
4978,3.3562912940979004,2390,100.0,100.0,100.0
4980,3.358421564102173,2390,100.0,100.0,100.0
4981,3.3589835166931152,2390,100.0,100.0,100.0
4983,3.3605237007141113,2390,100.0,100.0,100.0
4990,3.363767147064209,2390,100.0,100.0,100.0
4991,3.3641858100891113,2390,100.0,100.0,100.0
5000,3.3712713718414307,2390,100.0,100.0,100.0
5002,3.3720474243164062,2390,100.0,100.0,100.0
5010,3.3760271072387695,2390,100.0,100.0,100.0
5017,3.3793320655822754,2390,100.0,100.0,100.0
5020,3.381486177444458,2390,100.0,100.0,100.0
5022,3.3837969303131104,2390,100.0,100.0,100.0
5024,3.385908603668213,2390,100.0,100.0,100.0
5030,3.3892416954040527,2390,100.0,100.0,100.0
5038,3.3948609828948975,2390,100.0,100.0,100.0
5039,3.3953380584716797,2390,100.0,100.0,100.0
5040,3.3957395553588867,2390,100.0,100.0,100.0
5044,3.398707389831543,2390,100.0,100.0,100.0
5050,3.4028332233428955,2390,100.0,100.0,100.0
5051,3.403233289718628,2390,100.0,100.0,100.0
5054,3.4058446884155273,2390,100.0,100.0,100.0
5056,3.407296895980835,2390,100.0,100.0,100.0
5060,3.40925931930542,2390,100.0,100.0,100.0
5061,3.410179853439331,2390,100.0,100.0,100.0
5065,3.4121146202087402,2390,100.0,100.0,100.0
5070,3.4152402877807617,2390,100.0,100.0,100.0
5077,3.4177870750427246,2390,100.0,100.0,100.0
5080,3.4188756942749023,2390,100.0,100.0,100.0
5087,3.421964406967163,2390,100.0,100.0,100.0
5090,3.4238526821136475,2390,100.0,100.0,100.0
5100,3.432098150253296,2390,100.0,100.0,100.0
5106,3.4365029335021973,2390,100.0,100.0,100.0
5110,3.439445734024048,2390,100.0,100.0,100.0
5120,3.4483306407928467,2390,100.0,100.0,100.0
5126,3.4510176181793213,2390,100.0,100.0,100.0
5130,3.4538748264312744,2390,100.0,100.0,100.0
5134,3.4560656547546387,2390,100.0,100.0,100.0
5140,3.459926128387451,2390,100.0,100.0,100.0
5150,3.4640049934387207,2390,100.0,100.0,100.0
5160,3.4717273712158203,2390,100.0,100.0,100.0
5170,3.4757604598999023,2390,100.0,100.0,100.0
5178,3.48152232170105,2390,100.0,100.0,100.0
5179,3.48195481300354,2390,100.0,100.0,100.0
5180,3.4823598861694336,2390,100.0,100.0,100.0
5185,3.4854612350463867,2390,100.0,100.0,100.0
5188,3.487403392791748,2390,100.0,100.0,100.0
5190,3.4896631240844727,2390,100.0,100.0,100.0
5200,3.4974052906036377,2390,100.0,100.0,100.0
5204,3.5006630420684814,2390,100.0,100.0,100.0
5205,3.501113176345825,2390,100.0,100.0,100.0
5208,3.5027709007263184,2390,100.0,100.0,100.0
5210,3.5040557384490967,2390,100.0,100.0,100.0
5220,3.510247230529785,2390,100.0,100.0,100.0
5227,3.5142903327941895,2390,100.0,100.0,100.0
5230,3.5161495208740234,2390,100.0,100.0,100.0
5236,3.5202653408050537,2390,100.0,100.0,100.0
5240,3.521700859069824,2390,100.0,100.0,100.0
5250,3.528326988220215,2390,100.0,100.0,100.0
5260,3.5337092876434326,2390,100.0,100.0,100.0
5264,3.537405490875244,2390,100.0,100.0,100.0
5270,3.541203737258911,2390,100.0,100.0,100.0
5280,3.5490357875823975,2390,100.0,100.0,100.0
5289,3.556062936782837,2390,100.0,100.0,100.0
5290,3.5564706325531006,2390,100.0,100.0,100.0
5300,3.5617001056671143,2390,100.0,100.0,100.0
5310,3.567659616470337,2390,100.0,100.0,100.0
5320,3.574876308441162,2390,100.0,100.0,100.0
5322,3.576645851135254,2390,100.0,100.0,100.0
5330,3.5811681747436523,2390,100.0,100.0,100.0
5340,3.588268518447876,2390,100.0,100.0,100.0
5350,3.5961806774139404,2390,100.0,100.0,100.0
5360,3.6027212142944336,2390,100.0,100.0,100.0
5369,3.6106460094451904,2390,100.0,100.0,100.0
5370,3.61246395111084,2390,100.0,100.0,100.0
5377,3.618729829788208,2390,100.0,100.0,100.0
5380,3.6209166049957275,2390,100.0,100.0,100.0
5387,3.6253976821899414,2390,100.0,100.0,100.0
5390,3.627549171447754,2390,100.0,100.0,100.0
5392,3.6287519931793213,2390,100.0,100.0,100.0
5400,3.6366186141967773,2390,100.0,100.0,100.0
5403,3.6393086910247803,2390,100.0,100.0,100.0
5405,3.6401917934417725,2390,100.0,100.0,100.0
5410,3.644674777984619,2390,100.0,100.0,100.0
5415,3.648283004760742,2390,100.0,100.0,100.0
5420,3.6528377532958984,2390,100.0,100.0,100.0
5422,3.6543819904327393,2390,100.0,100.0,100.0
5424,3.6563611030578613,2390,100.0,100.0,100.0
5430,3.6594715118408203,2390,100.0,100.0,100.0
5440,3.667710781097412,2390,100.0,100.0,100.0
5450,3.6766915321350098,2390,100.0,100.0,100.0
5460,3.6863059997558594,2390,100.0,100.0,100.0
5470,3.692399024963379,2390,100.0,100.0,100.0
5476,3.6950340270996094,2390,100.0,100.0,100.0
5480,3.6979877948760986,2390,100.0,100.0,100.0
5488,3.7033910751342773,2390,100.0,100.0,100.0
5490,3.7049477100372314,2390,100.0,100.0,100.0
5496,3.7090742588043213,2390,100.0,100.0,100.0
5497,3.7095861434936523,2390,100.0,100.0,100.0
5500,3.7105729579925537,2390,100.0,100.0,100.0
5510,3.716942071914673,2390,100.0,100.0,100.0
5516,3.719728469848633,2390,100.0,100.0,100.0
5520,3.7226502895355225,2390,100.0,100.0,100.0
5521,3.7232131958007812,2390,100.0,100.0,100.0
5528,3.728139877319336,2390,100.0,100.0,100.0
5530,3.7289178371429443,2390,100.0,100.0,100.0
5531,3.729355573654175,2390,100.0,100.0,100.0
5532,3.7298145294189453,2390,100.0,100.0,100.0
5540,3.7353250980377197,2390,100.0,100.0,100.0
5541,3.735765218734741,2390,100.0,100.0,100.0
5544,3.737609386444092,2390,100.0,100.0,100.0
5550,3.7420380115509033,2390,100.0,100.0,100.0
5560,3.747048854827881,2390,100.0,100.0,100.0
5570,3.7525267601013184,2390,100.0,100.0,100.0
5571,3.752971887588501,2390,100.0,100.0,100.0
5580,3.757997512817383,2390,100.0,100.0,100.0
5590,3.7646865844726562,2390,100.0,100.0,100.0
5593,3.767066717147827,2390,100.0,100.0,100.0
5598,3.7719056606292725,2390,100.0,100.0,100.0
5600,3.772632122039795,2390,100.0,100.0,100.0
5610,3.7774600982666016,2390,100.0,100.0,100.0
5613,3.7803680896759033,2390,100.0,100.0,100.0
5620,3.786170244216919,2390,100.0,100.0,100.0
5630,3.792900800704956,2390,100.0,100.0,100.0
5637,3.797215700149536,2390,100.0,100.0,100.0
5638,3.7976949214935303,2390,100.0,100.0,100.0
5640,3.798978567123413,2390,100.0,100.0,100.0
5643,3.800891637802124,2390,100.0,100.0,100.0
5646,3.8026669025421143,2390,100.0,100.0,100.0
5650,3.8055365085601807,2390,100.0,100.0,100.0
5660,3.811753749847412,2390,100.0,100.0,100.0
5670,3.817316770553589,2390,100.0,100.0,100.0
5679,3.822510004043579,2390,100.0,100.0,100.0
5680,3.823533296585083,2390,100.0,100.0,100.0
5690,3.8301868438720703,2390,100.0,100.0,100.0
5700,3.8376951217651367,2390,100.0,100.0,100.0
5706,3.84210467338562,2390,100.0,100.0,100.0
5707,3.842545986175537,2390,100.0,100.0,100.0
5710,3.843700647354126,2390,100.0,100.0,100.0
5713,3.8456156253814697,2390,100.0,100.0,100.0
5720,3.850196361541748,2390,100.0,100.0,100.0
5721,3.8506338596343994,2390,100.0,100.0,100.0
5726,3.85430908203125,2390,100.0,100.0,100.0
5730,3.856478691101074,2390,100.0,100.0,100.0
5737,3.8611791133880615,2390,100.0,100.0,100.0
5740,3.862093925476074,2390,100.0,100.0,100.0
5744,3.8651351928710938,2390,100.0,100.0,100.0
5746,3.865936279296875,2390,100.0,100.0,100.0
5750,3.8687851428985596,2390,100.0,100.0,100.0
5760,3.8757903575897217,2390,100.0,100.0,100.0
5770,3.8837616443634033,2390,100.0,100.0,100.0
5780,3.890284776687622,2390,100.0,100.0,100.0
5785,3.8925671577453613,2390,100.0,100.0,100.0
5790,3.895859718322754,2390,100.0,100.0,100.0
5799,3.9027788639068604,2390,100.0,100.0,100.0
5800,3.9038467407226562,2390,100.0,100.0,100.0
5810,3.9102678298950195,2390,100.0,100.0,100.0
5812,3.911041259765625,2390,100.0,100.0,100.0
5813,3.9114797115325928,2390,100.0,100.0,100.0
5816,3.9126150608062744,2390,100.0,100.0,100.0
5820,3.915567636489868,2390,100.0,100.0,100.0
5830,3.9205915927886963,2390,100.0,100.0,100.0
5839,3.9252378940582275,2390,100.0,100.0,100.0
5840,3.925579309463501,2390,100.0,100.0,100.0
5842,3.926353931427002,2390,100.0,100.0,100.0
5850,3.9307775497436523,2390,100.0,100.0,100.0
5852,3.9316537380218506,2390,100.0,100.0,100.0
5860,3.9350314140319824,2390,100.0,100.0,100.0
5867,3.9382638931274414,2390,100.0,100.0,100.0
5870,3.939974069595337,2390,100.0,100.0,100.0
5875,3.943171977996826,2390,100.0,100.0,100.0
5880,3.9462168216705322,2390,100.0,100.0,100.0
5882,3.947047233581543,2390,100.0,100.0,100.0
5890,3.9520516395568848,2390,100.0,100.0,100.0
5900,3.959087610244751,2390,100.0,100.0,100.0
5906,3.9610891342163086,2390,100.0,100.0,100.0
5910,3.9632012844085693,2390,100.0,100.0,100.0
5920,3.969367742538452,2390,100.0,100.0,100.0
5930,3.975861072540283,2390,100.0,100.0,100.0
5933,3.9775965213775635,2390,100.0,100.0,100.0
5940,3.9816510677337646,2390,100.0,100.0,100.0
5950,3.98941707611084,2390,100.0,100.0,100.0
5960,3.996077060699463,2390,100.0,100.0,100.0
5970,4.001554012298584,2390,100.0,100.0,100.0
5980,4.008262395858765,2390,100.0,100.0,100.0
5990,4.0147011280059814,2390,100.0,100.0,100.0
5991,4.01515793800354,2390,100.0,100.0,100.0
6000,4.0202577114105225,2390,100.0,100.0,100.0
6010,4.028111219406128,2390,100.0,100.0,100.0
6013,4.029494285583496,2390,100.0,100.0,100.0
6020,4.032707691192627,2390,100.0,100.0,100.0
6025,4.035881996154785,2390,100.0,100.0,100.0
6026,4.036334991455078,2390,100.0,100.0,100.0
6030,4.0375847816467285,2390,100.0,100.0,100.0
6031,4.038010120391846,2390,100.0,100.0,100.0
6040,4.043964862823486,2390,100.0,100.0,100.0
6050,4.05020809173584,2390,100.0,100.0,100.0
6054,4.053406000137329,2390,100.0,100.0,100.0
6060,4.056286334991455,2390,100.0,100.0,100.0
6061,4.056760311126709,2390,100.0,100.0,100.0
6063,4.0575830936431885,2390,100.0,100.0,100.0
6066,4.059510231018066,2390,100.0,100.0,100.0
6070,4.062588214874268,2390,100.0,100.0,100.0
6077,4.065846681594849,2390,100.0,100.0,100.0
6080,4.068352937698364,2390,100.0,100.0,100.0
6090,4.075987815856934,2390,100.0,100.0,100.0
6100,4.08230185508728,2390,100.0,100.0,100.0
6101,4.082782983779907,2390,100.0,100.0,100.0
6110,4.09033989906311,2390,100.0,100.0,100.0
6115,4.093165636062622,2390,100.0,100.0,100.0
6118,4.09548282623291,2390,100.0,100.0,100.0
6120,4.096060752868652,2390,100.0,100.0,100.0
6130,4.1024861335754395,2390,100.0,100.0,100.0
6138,4.108020544052124,2390,100.0,100.0,100.0
6140,4.10912561416626,2390,100.0,100.0,100.0
6150,4.116782903671265,2390,100.0,100.0,100.0
6154,4.1205363273620605,2390,100.0,100.0,100.0
6160,4.125445604324341,2390,100.0,100.0,100.0
6165,4.130504846572876,2390,100.0,100.0,100.0
6170,4.132546424865723,2390,100.0,100.0,100.0
6180,4.138814449310303,2390,100.0,100.0,100.0
6187,4.141700506210327,2390,100.0,100.0,100.0
6190,4.144126653671265,2390,100.0,100.0,100.0
6200,4.154824256896973,2390,100.0,100.0,100.0
6207,4.1584062576293945,2390,100.0,100.0,100.0
6210,4.1599719524383545,2390,100.0,100.0,100.0
6217,4.165009260177612,2390,100.0,100.0,100.0
6220,4.1685497760772705,2390,100.0,100.0,100.0
6229,4.174107551574707,2390,100.0,100.0,100.0
6230,4.174473524093628,2390,100.0,100.0,100.0
6238,4.181002616882324,2390,100.0,100.0,100.0
6240,4.181830167770386,2390,100.0,100.0,100.0
6245,4.1836326122283936,2390,100.0,100.0,100.0
6250,4.1853187084198,2390,100.0,100.0,100.0
6254,4.188319444656372,2390,100.0,100.0,100.0
6260,4.192281246185303,2390,100.0,100.0,100.0
6268,4.197596549987793,2390,100.0,100.0,100.0
6270,4.198158502578735,2390,100.0,100.0,100.0
6274,4.200604438781738,2390,100.0,100.0,100.0
6276,4.201684236526489,2390,100.0,100.0,100.0
6280,4.204805850982666,2390,100.0,100.0,100.0
6285,4.208357572555542,2390,100.0,100.0,100.0
6289,4.210092782974243,2390,100.0,100.0,100.0
6290,4.211253881454468,2390,100.0,100.0,100.0
6294,4.21404242515564,2390,100.0,100.0,100.0
6300,4.217160701751709,2390,100.0,100.0,100.0
6307,4.222706079483032,2390,100.0,100.0,100.0
6310,4.225583791732788,2390,100.0,100.0,100.0
6320,4.233539819717407,2390,100.0,100.0,100.0
6330,4.243889331817627,2390,100.0,100.0,100.0
6340,4.249919176101685,2390,100.0,100.0,100.0
6350,4.256726026535034,2390,100.0,100.0,100.0
6359,4.264407634735107,2390,100.0,100.0,100.0
6360,4.264803647994995,2390,100.0,100.0,100.0
6370,4.270184278488159,2390,100.0,100.0,100.0
6380,4.275949954986572,2390,100.0,100.0,100.0
6385,4.278839349746704,2390,100.0,100.0,100.0
6390,4.280931711196899,2390,100.0,100.0,100.0
6399,4.287104606628418,2390,100.0,100.0,100.0
6400,4.287502288818359,2390,100.0,100.0,100.0
6406,4.290947198867798,2390,100.0,100.0,100.0
6410,4.293437242507935,2390,100.0,100.0,100.0
6420,4.3001039028167725,2390,100.0,100.0,100.0
6430,4.307461977005005,2390,100.0,100.0,100.0
6440,4.312902927398682,2390,100.0,100.0,100.0
6450,4.319175958633423,2390,100.0,100.0,100.0
6454,4.320608377456665,2390,100.0,100.0,100.0
6460,4.325222969055176,2390,100.0,100.0,100.0
6465,4.3295979499816895,2390,100.0,100.0,100.0
6470,4.332210540771484,2390,100.0,100.0,100.0
6480,4.338196754455566,2390,100.0,100.0,100.0
6490,4.343788146972656,2390,100.0,100.0,100.0
6499,4.351349115371704,2390,100.0,100.0,100.0
6500,4.351619005203247,2390,100.0,100.0,100.0
6506,4.354761838912964,2390,100.0,100.0,100.0
6508,4.3565168380737305,2390,100.0,100.0,100.0
6510,4.357995986938477,2390,100.0,100.0,100.0
6513,4.359967231750488,2390,100.0,100.0,100.0
6520,4.365390300750732,2390,100.0,100.0,100.0
6530,4.37251353263855,2390,100.0,100.0,100.0
6536,4.376156806945801,2390,100.0,100.0,100.0
6540,4.377902030944824,2390,100.0,100.0,100.0
6542,4.379549741744995,2390,100.0,100.0,100.0
6547,4.381703615188599,2390,100.0,100.0,100.0
6550,4.3835766315460205,2390,100.0,100.0,100.0
6551,4.384074449539185,2390,100.0,100.0,100.0
6560,4.389589309692383,2390,100.0,100.0,100.0
6563,4.390833616256714,2390,100.0,100.0,100.0
6564,4.39130425453186,2390,100.0,100.0,100.0
6567,4.3932716846466064,2390,100.0,100.0,100.0
6570,4.395216464996338,2390,100.0,100.0,100.0
6580,4.401881456375122,2390,100.0,100.0,100.0
6590,4.407290697097778,2390,100.0,100.0,100.0
6600,4.417020320892334,2390,100.0,100.0,100.0
6610,4.422486782073975,2390,100.0,100.0,100.0
6620,4.429454326629639,2390,100.0,100.0,100.0
6630,4.438318490982056,2390,100.0,100.0,100.0
6631,4.4388511180877686,2390,100.0,100.0,100.0
6640,4.4445271492004395,2390,100.0,100.0,100.0
6646,4.44843602180481,2390,100.0,100.0,100.0
6649,4.449751615524292,2390,100.0,100.0,100.0
6650,4.450098991394043,2390,100.0,100.0,100.0
6660,4.457603216171265,2390,100.0,100.0,100.0
6670,4.462971925735474,2390,100.0,100.0,100.0
6680,4.470177888870239,2390,100.0,100.0,100.0
6686,4.473315715789795,2390,100.0,100.0,100.0
6690,4.477128028869629,2390,100.0,100.0,100.0
6693,4.478971004486084,2390,100.0,100.0,100.0
6698,4.481656312942505,2390,100.0,100.0,100.0
6700,4.483215808868408,2390,100.0,100.0,100.0
6707,4.487219572067261,2390,100.0,100.0,100.0
6710,4.4884819984436035,2390,100.0,100.0,100.0
6714,4.490875482559204,2390,100.0,100.0,100.0
6718,4.49381422996521,2390,100.0,100.0,100.0
6720,4.494614839553833,2390,100.0,100.0,100.0
6728,4.501108646392822,2390,100.0,100.0,100.0
6730,4.501908302307129,2390,100.0,100.0,100.0
6740,4.508167505264282,2390,100.0,100.0,100.0
6742,4.509774923324585,2390,100.0,100.0,100.0
6750,4.518512725830078,2390,100.0,100.0,100.0
6757,4.52363920211792,2390,100.0,100.0,100.0
6760,4.524744749069214,2390,100.0,100.0,100.0
6770,4.535075664520264,2390,100.0,100.0,100.0
6771,4.535630464553833,2390,100.0,100.0,100.0
6779,4.539418697357178,2390,100.0,100.0,100.0
6780,4.539894342422485,2390,100.0,100.0,100.0
6784,4.542228698730469,2390,100.0,100.0,100.0
6785,4.542700529098511,2390,100.0,100.0,100.0
6790,4.546050786972046,2390,100.0,100.0,100.0
6798,4.54975962638855,2390,100.0,100.0,100.0
6800,4.552022457122803,2390,100.0,100.0,100.0
6810,4.558945894241333,2390,100.0,100.0,100.0
6819,4.56403660774231,2390,100.0,100.0,100.0
6820,4.564477205276489,2390,100.0,100.0,100.0
6825,4.567137718200684,2390,100.0,100.0,100.0
6830,4.571998357772827,2390,100.0,100.0,100.0
6840,4.5777294635772705,2390,100.0,100.0,100.0
6850,4.585234880447388,2390,100.0,100.0,100.0
6855,4.58871603012085,2390,100.0,100.0,100.0
6860,4.591433048248291,2390,100.0,100.0,100.0
6870,4.596266984939575,2390,100.0,100.0,100.0
6873,4.598368406295776,2390,100.0,100.0,100.0
6874,4.598860740661621,2390,100.0,100.0,100.0
6880,4.602656126022339,2390,100.0,100.0,100.0
6890,4.610840797424316,2390,100.0,100.0,100.0
6896,4.614017009735107,2390,100.0,100.0,100.0
6900,4.61630654335022,2390,100.0,100.0,100.0
6902,4.617252588272095,2390,100.0,100.0,100.0
6904,4.618143796920776,2390,100.0,100.0,100.0
6905,4.618617296218872,2390,100.0,100.0,100.0
6910,4.621283054351807,2390,100.0,100.0,100.0
6911,4.621825933456421,2390,100.0,100.0,100.0
6913,4.622591972351074,2390,100.0,100.0,100.0
6920,4.6268463134765625,2390,100.0,100.0,100.0
6921,4.627331256866455,2390,100.0,100.0,100.0
6925,4.6297290325164795,2390,100.0,100.0,100.0
6930,4.634122848510742,2390,100.0,100.0,100.0
6934,4.638014793395996,2390,100.0,100.0,100.0
6937,4.639322757720947,2390,100.0,100.0,100.0
6940,4.640329599380493,2390,100.0,100.0,100.0
6944,4.642634868621826,2390,100.0,100.0,100.0
6950,4.64600396156311,2390,100.0,100.0,100.0
6959,4.652503967285156,2390,100.0,100.0,100.0
6960,4.653688669204712,2390,100.0,100.0,100.0
6970,4.659241199493408,2390,100.0,100.0,100.0
6973,4.6612324714660645,2390,100.0,100.0,100.0
6980,4.66533637046814,2390,100.0,100.0,100.0
6990,4.672497749328613,2390,100.0,100.0,100.0
7000,4.677793502807617,2390,100.0,100.0,100.0
7010,4.683576822280884,2390,100.0,100.0,100.0
7012,4.685187578201294,2390,100.0,100.0,100.0
7018,4.688688516616821,2390,100.0,100.0,100.0
7020,4.689507722854614,2390,100.0,100.0,100.0
7024,4.692014455795288,2390,100.0,100.0,100.0
7030,4.694611549377441,2390,100.0,100.0,100.0
7040,4.699028730392456,2390,100.0,100.0,100.0
7050,4.70719575881958,2390,100.0,100.0,100.0
7060,4.712340354919434,2390,100.0,100.0,100.0
7070,4.719090223312378,2390,100.0,100.0,100.0
7080,4.726737022399902,2390,100.0,100.0,100.0
7090,4.732292175292969,2390,100.0,100.0,100.0
7091,4.732809066772461,2390,100.0,100.0,100.0
7095,4.73666787147522,2390,100.0,100.0,100.0
7100,4.741576910018921,2390,100.0,100.0,100.0
7102,4.742278099060059,2390,100.0,100.0,100.0
7110,4.746931076049805,2390,100.0,100.0,100.0
7120,4.7545554637908936,2390,100.0,100.0,100.0
7130,4.7603538036346436,2390,100.0,100.0,100.0
7131,4.760858774185181,2390,100.0,100.0,100.0
7140,4.767106056213379,2390,100.0,100.0,100.0
7142,4.7687599658966064,2390,100.0,100.0,100.0
7148,4.773886203765869,2390,100.0,100.0,100.0
7150,4.774502754211426,2390,100.0,100.0,100.0
7160,4.780848503112793,2390,100.0,100.0,100.0
7170,4.788487434387207,2390,100.0,100.0,100.0
7180,4.795809984207153,2390,100.0,100.0,100.0
7190,4.802467584609985,2390,100.0,100.0,100.0
7198,4.807677507400513,2390,100.0,100.0,100.0
7200,4.809478521347046,2390,100.0,100.0,100.0
7210,4.816688060760498,2390,100.0,100.0,100.0
7214,4.819822072982788,2390,100.0,100.0,100.0
7220,4.824118614196777,2390,100.0,100.0,100.0
7226,4.828252553939819,2390,100.0,100.0,100.0
7230,4.830658197402954,2390,100.0,100.0,100.0
7240,4.834545135498047,2390,100.0,100.0,100.0
7250,4.842654466629028,2390,100.0,100.0,100.0
7255,4.845633506774902,2390,100.0,100.0,100.0
7260,4.848987340927124,2390,100.0,100.0,100.0
7270,4.857635498046875,2390,100.0,100.0,100.0
7280,4.8649656772613525,2390,100.0,100.0,100.0
7287,4.870068311691284,2390,100.0,100.0,100.0
7290,4.871827602386475,2390,100.0,100.0,100.0
7294,4.874879598617554,2390,100.0,100.0,100.0
7300,4.877576112747192,2390,100.0,100.0,100.0
7304,4.879997491836548,2390,100.0,100.0,100.0
7310,4.88564658164978,2390,100.0,100.0,100.0
7320,4.888679504394531,2390,100.0,100.0,100.0
7322,4.889433145523071,2390,100.0,100.0,100.0
7330,4.893938779830933,2390,100.0,100.0,100.0
7340,4.901310682296753,2390,100.0,100.0,100.0
7350,4.9104390144348145,2390,100.0,100.0,100.0
7353,4.912060260772705,2390,100.0,100.0,100.0
7360,4.915330410003662,2390,100.0,100.0,100.0
7361,4.915762424468994,2390,100.0,100.0,100.0
7370,4.92102575302124,2390,100.0,100.0,100.0
7380,4.927477121353149,2390,100.0,100.0,100.0
7386,4.930587291717529,2390,100.0,100.0,100.0
7390,4.933652639389038,2390,100.0,100.0,100.0
7400,4.941455841064453,2390,100.0,100.0,100.0
7410,4.948670864105225,2390,100.0,100.0,100.0
7420,4.957481622695923,2390,100.0,100.0,100.0
7430,4.9618353843688965,2390,100.0,100.0,100.0
7440,4.968516826629639,2390,100.0,100.0,100.0
7447,4.973914861679077,2390,100.0,100.0,100.0
7450,4.976398944854736,2390,100.0,100.0,100.0
7460,4.981487989425659,2390,100.0,100.0,100.0
7470,4.986800909042358,2390,100.0,100.0,100.0
7480,4.993890285491943,2390,100.0,100.0,100.0
7486,4.998032331466675,2390,100.0,100.0,100.0
7488,4.998763084411621,2390,100.0,100.0,100.0
7490,5.000053405761719,2390,100.0,100.0,100.0
7493,5.001675605773926,2390,100.0,100.0,100.0
7500,5.0059545040130615,2390,100.0,100.0,100.0
7508,5.010555267333984,2390,100.0,100.0,100.0
7510,5.012324571609497,2390,100.0,100.0,100.0
7517,5.014766454696655,2390,100.0,100.0,100.0
7520,5.0171895027160645,2390,100.0,100.0,100.0
7525,5.019005060195923,2390,100.0,100.0,100.0
7530,5.024593114852905,2390,100.0,100.0,100.0
7540,5.031848907470703,2390,100.0,100.0,100.0
7550,5.039819955825806,2390,100.0,100.0,100.0
7553,5.041583061218262,2390,100.0,100.0,100.0
7560,5.045760869979858,2390,100.0,100.0,100.0
7570,5.0520265102386475,2390,100.0,100.0,100.0
7580,5.058223485946655,2390,100.0,100.0,100.0
7590,5.063426733016968,2390,100.0,100.0,100.0
7592,5.0639612674713135,2390,100.0,100.0,100.0
7595,5.066383361816406,2390,100.0,100.0,100.0
7600,5.069434881210327,2390,100.0,100.0,100.0
7604,5.0707106590271,2390,100.0,100.0,100.0
7610,5.07469916343689,2390,100.0,100.0,100.0
7620,5.0808539390563965,2390,100.0,100.0,100.0
7630,5.085550546646118,2390,100.0,100.0,100.0
7640,5.093833684921265,2390,100.0,100.0,100.0
7650,5.1005823612213135,2390,100.0,100.0,100.0
7658,5.104986667633057,2390,100.0,100.0,100.0
7660,5.1056907176971436,2390,100.0,100.0,100.0
7661,5.106068134307861,2390,100.0,100.0,100.0
7670,5.111614942550659,2390,100.0,100.0,100.0
7680,5.116664886474609,2390,100.0,100.0,100.0
7681,5.117041826248169,2390,100.0,100.0,100.0
7690,5.122718334197998,2390,100.0,100.0,100.0
7696,5.126021862030029,2390,100.0,100.0,100.0
7700,5.129759073257446,2390,100.0,100.0,100.0
7710,5.13450813293457,2390,100.0,100.0,100.0
7712,5.135243654251099,2390,100.0,100.0,100.0
7714,5.136724233627319,2390,100.0,100.0,100.0
7720,5.139805793762207,2390,100.0,100.0,100.0
7728,5.144846200942993,2390,100.0,100.0,100.0
7730,5.145354747772217,2390,100.0,100.0,100.0
7733,5.146430730819702,2390,100.0,100.0,100.0
7740,5.151608228683472,2390,100.0,100.0,100.0
7750,5.158844232559204,2390,100.0,100.0,100.0
7760,5.163814306259155,2390,100.0,100.0,100.0
7770,5.170624494552612,2390,100.0,100.0,100.0
7780,5.1773881912231445,2390,100.0,100.0,100.0
7790,5.183474779129028,2390,100.0,100.0,100.0
7800,5.188066720962524,2390,100.0,100.0,100.0
7805,5.1923463344573975,2390,100.0,100.0,100.0
7810,5.194907188415527,2390,100.0,100.0,100.0
7818,5.19893217086792,2390,100.0,100.0,100.0
7820,5.200352191925049,2390,100.0,100.0,100.0
7829,5.206907510757446,2390,100.0,100.0,100.0
7830,5.207234859466553,2390,100.0,100.0,100.0
7839,5.211173057556152,2390,100.0,100.0,100.0
7840,5.211355447769165,2390,100.0,100.0,100.0
7844,5.214939832687378,2390,100.0,100.0,100.0
7850,5.218792200088501,2390,100.0,100.0,100.0
7858,5.2252514362335205,2390,100.0,100.0,100.0
7859,5.2257914543151855,2390,100.0,100.0,100.0
7860,5.225991249084473,2390,100.0,100.0,100.0
7870,5.230256080627441,2390,100.0,100.0,100.0
7876,5.232845783233643,2390,100.0,100.0,100.0
7880,5.235732793807983,2390,100.0,100.0,100.0
7890,5.243497610092163,2390,100.0,100.0,100.0
7898,5.248909950256348,2390,100.0,100.0,100.0
7899,5.249286890029907,2390,100.0,100.0,100.0
7900,5.250208854675293,2390,100.0,100.0,100.0
7910,5.257585763931274,2390,100.0,100.0,100.0
7914,5.260517358779907,2390,100.0,100.0,100.0
7920,5.2638304233551025,2390,100.0,100.0,100.0
7921,5.264228105545044,2390,100.0,100.0,100.0
7930,5.269850730895996,2390,100.0,100.0,100.0
7933,5.271748065948486,2390,100.0,100.0,100.0
7937,5.274176597595215,2390,100.0,100.0,100.0
7938,5.274624586105347,2390,100.0,100.0,100.0
7940,5.275941848754883,2390,100.0,100.0,100.0
7943,5.2780067920684814,2390,100.0,100.0,100.0
7950,5.282325744628906,2390,100.0,100.0,100.0
7953,5.28340744972229,2390,100.0,100.0,100.0
7958,5.285798072814941,2390,100.0,100.0,100.0
7960,5.287126064300537,2390,100.0,100.0,100.0
7961,5.287824869155884,2390,100.0,100.0,100.0
7967,5.292163848876953,2390,100.0,100.0,100.0
7970,5.295147180557251,2390,100.0,100.0,100.0
7973,5.296358823776245,2390,100.0,100.0,100.0
7974,5.297252416610718,2390,100.0,100.0,100.0
7979,5.301412582397461,2390,100.0,100.0,100.0
7980,5.301746606826782,2390,100.0,100.0,100.0
7990,5.308234691619873,2390,100.0,100.0,100.0
7997,5.313694953918457,2390,100.0,100.0,100.0
8000,5.3155198097229,2390,100.0,100.0,100.0
8010,5.320384979248047,2390,100.0,100.0,100.0
8020,5.3237011432647705,2390,100.0,100.0,100.0
8030,5.328769207000732,2390,100.0,100.0,100.0
8036,5.334695339202881,2390,100.0,100.0,100.0
8040,5.336874008178711,2390,100.0,100.0,100.0
8050,5.3423171043396,2390,100.0,100.0,100.0
8057,5.345274209976196,2390,100.0,100.0,100.0
8060,5.34765100479126,2390,100.0,100.0,100.0
8070,5.352092027664185,2390,100.0,100.0,100.0
8074,5.354353427886963,2390,100.0,100.0,100.0
8080,5.3591179847717285,2390,100.0,100.0,100.0
8082,5.3599348068237305,2390,100.0,100.0,100.0
8086,5.363606691360474,2390,100.0,100.0,100.0
8090,5.367813587188721,2390,100.0,100.0,100.0
8091,5.368205785751343,2390,100.0,100.0,100.0
8097,5.371497392654419,2390,100.0,100.0,100.0
8100,5.373056411743164,2390,100.0,100.0,100.0
8110,5.378398180007935,2390,100.0,100.0,100.0
8120,5.3838276863098145,2390,100.0,100.0,100.0
8130,5.3877294063568115,2390,100.0,100.0,100.0
8140,5.394334077835083,2390,100.0,100.0,100.0
8149,5.400280952453613,2390,100.0,100.0,100.0
8150,5.4006664752960205,2390,100.0,100.0,100.0
8151,5.401074409484863,2390,100.0,100.0,100.0
8160,5.407527923583984,2390,100.0,100.0,100.0
8166,5.410239219665527,2390,100.0,100.0,100.0
8167,5.410643577575684,2390,100.0,100.0,100.0
8170,5.411586761474609,2390,100.0,100.0,100.0
8178,5.417487621307373,2390,100.0,100.0,100.0
8180,5.418767213821411,2390,100.0,100.0,100.0
8190,5.422331094741821,2390,100.0,100.0,100.0
8200,5.428768873214722,2390,100.0,100.0,100.0
8210,5.435358285903931,2390,100.0,100.0,100.0
8220,5.4412336349487305,2390,100.0,100.0,100.0
8230,5.446140766143799,2390,100.0,100.0,100.0
8240,5.453602313995361,2390,100.0,100.0,100.0
8242,5.454442977905273,2390,100.0,100.0,100.0
8246,5.4569926261901855,2390,100.0,100.0,100.0
8247,5.457406997680664,2390,100.0,100.0,100.0
8249,5.458140134811401,2390,100.0,100.0,100.0
8250,5.458385944366455,2390,100.0,100.0,100.0
8260,5.464168071746826,2390,100.0,100.0,100.0
8270,5.469438552856445,2390,100.0,100.0,100.0
8280,5.477912425994873,2390,100.0,100.0,100.0
8287,5.484092473983765,2390,100.0,100.0,100.0
8290,5.484951734542847,2390,100.0,100.0,100.0
8292,5.486995697021484,2390,100.0,100.0,100.0
8300,5.49395489692688,2390,100.0,100.0,100.0
8301,5.494392156600952,2390,100.0,100.0,100.0
8305,5.496127605438232,2390,100.0,100.0,100.0
8309,5.497809648513794,2390,100.0,100.0,100.0
8310,5.498349666595459,2390,100.0,100.0,100.0
8315,5.501638889312744,2390,100.0,100.0,100.0
8320,5.509224891662598,2390,100.0,100.0,100.0
8322,5.5107421875,2390,100.0,100.0,100.0
8330,5.514660835266113,2390,100.0,100.0,100.0
8340,5.519519567489624,2390,100.0,100.0,100.0
8350,5.5248799324035645,2390,100.0,100.0,100.0
8353,5.526662588119507,2390,100.0,100.0,100.0
8360,5.530264854431152,2390,100.0,100.0,100.0
8364,5.531542062759399,2390,100.0,100.0,100.0
8370,5.534860610961914,2390,100.0,100.0,100.0
8380,5.540593385696411,2390,100.0,100.0,100.0
8390,5.5479819774627686,2390,100.0,100.0,100.0
8400,5.5542988777160645,2390,100.0,100.0,100.0
8406,5.557205438613892,2390,100.0,100.0,100.0
8410,5.559993505477905,2390,100.0,100.0,100.0
8420,5.566880941390991,2390,100.0,100.0,100.0
8430,5.573115348815918,2390,100.0,100.0,100.0
8436,5.577884674072266,2390,100.0,100.0,100.0
8440,5.580276727676392,2390,100.0,100.0,100.0
8450,5.586085557937622,2390,100.0,100.0,100.0
8460,5.59102988243103,2390,100.0,100.0,100.0
8462,5.592497110366821,2390,100.0,100.0,100.0
8470,5.5955727100372314,2390,100.0,100.0,100.0
8480,5.599506139755249,2390,100.0,100.0,100.0
8490,5.607002258300781,2390,100.0,100.0,100.0
8499,5.61369776725769,2390,100.0,100.0,100.0
8500,5.614104986190796,2390,100.0,100.0,100.0
8510,5.622760534286499,2390,100.0,100.0,100.0
8518,5.629800796508789,2390,100.0,100.0,100.0
8520,5.630685329437256,2390,100.0,100.0,100.0
8521,5.631272554397583,2390,100.0,100.0,100.0
8528,5.635900020599365,2390,100.0,100.0,100.0
8530,5.638034343719482,2390,100.0,100.0,100.0
8535,5.6407623291015625,2390,100.0,100.0,100.0
8540,5.647834300994873,2390,100.0,100.0,100.0
8550,5.657041788101196,2390,100.0,100.0,100.0
8560,5.667682409286499,2390,100.0,100.0,100.0
8561,5.668353080749512,2390,100.0,100.0,100.0
8570,5.6774582862854,2390,100.0,100.0,100.0
8574,5.6815855503082275,2390,100.0,100.0,100.0
8580,5.686483383178711,2390,100.0,100.0,100.0
8588,5.700193643569946,2390,100.0,100.0,100.0
8590,5.702304363250732,2390,100.0,100.0,100.0
8592,5.703134536743164,2390,100.0,100.0,100.0
8600,5.711366415023804,2390,100.0,100.0,100.0
8607,5.717902421951294,2390,100.0,100.0,100.0
8610,5.720201730728149,2390,100.0,100.0,100.0
8620,5.730125427246094,2390,100.0,100.0,100.0
8628,5.734861612319946,2390,100.0,100.0,100.0
8629,5.735269546508789,2390,100.0,100.0,100.0
8630,5.735475778579712,2390,100.0,100.0,100.0
8633,5.736679315567017,2390,100.0,100.0,100.0
8638,5.740890026092529,2390,100.0,100.0,100.0
8640,5.742239475250244,2390,100.0,100.0,100.0
8641,5.743295669555664,2390,100.0,100.0,100.0
8650,5.7510986328125,2390,100.0,100.0,100.0
8660,5.755496978759766,2390,100.0,100.0,100.0
8663,5.757285833358765,2390,100.0,100.0,100.0
8668,5.762269020080566,2390,100.0,100.0,100.0
8670,5.763617753982544,2390,100.0,100.0,100.0
8680,5.772849798202515,2390,100.0,100.0,100.0
8690,5.781947612762451,2390,100.0,100.0,100.0
8693,5.783273220062256,2390,100.0,100.0,100.0
8697,5.784996271133423,2390,100.0,100.0,100.0
8699,5.787041902542114,2390,100.0,100.0,100.0
8700,5.789209842681885,2390,100.0,100.0,100.0
8710,5.799839496612549,2390,100.0,100.0,100.0
8718,5.812701463699341,2390,100.0,100.0,100.0
8719,5.813120365142822,2390,100.0,100.0,100.0
8720,5.8133180141448975,2390,100.0,100.0,100.0
8725,5.817979574203491,2390,100.0,100.0,100.0
8729,5.8226118087768555,2390,100.0,100.0,100.0
8730,5.823047637939453,2390,100.0,100.0,100.0
8737,5.827683210372925,2390,100.0,100.0,100.0
8740,5.830326795578003,2390,100.0,100.0,100.0
8750,5.835819244384766,2390,100.0,100.0,100.0
8760,5.842694520950317,2390,100.0,100.0,100.0
8770,5.849759817123413,2390,100.0,100.0,100.0
8780,5.855221271514893,2390,100.0,100.0,100.0
8790,5.8646135330200195,2390,100.0,100.0,100.0
8800,5.877182722091675,2390,100.0,100.0,100.0
8808,5.884186744689941,2390,100.0,100.0,100.0
8809,5.884633302688599,2390,100.0,100.0,100.0
8810,5.885000467300415,2390,100.0,100.0,100.0
8820,5.892167091369629,2390,100.0,100.0,100.0
8830,5.897197246551514,2390,100.0,100.0,100.0
8840,5.905327558517456,2390,100.0,100.0,100.0
8850,5.914250373840332,2390,100.0,100.0,100.0
8859,5.920592784881592,2390,100.0,100.0,100.0
8860,5.920862436294556,2390,100.0,100.0,100.0
8864,5.92306113243103,2390,100.0,100.0,100.0
8870,5.92720365524292,2390,100.0,100.0,100.0
8877,5.93119478225708,2390,100.0,100.0,100.0
8880,5.933681488037109,2390,100.0,100.0,100.0
8884,5.936334609985352,2390,100.0,100.0,100.0
8890,5.93995475769043,2390,100.0,100.0,100.0
8895,5.942331314086914,2390,100.0,100.0,100.0
8900,5.944768667221069,2390,100.0,100.0,100.0
8910,5.950427770614624,2390,100.0,100.0,100.0
8913,5.953274250030518,2390,100.0,100.0,100.0
8920,5.957741975784302,2390,100.0,100.0,100.0
8927,5.962229251861572,2390,100.0,100.0,100.0
8930,5.964243650436401,2390,100.0,100.0,100.0
8940,5.970055818557739,2390,100.0,100.0,100.0
8950,5.977772235870361,2390,100.0,100.0,100.0
8960,5.983955144882202,2390,100.0,100.0,100.0
8970,5.990483522415161,2390,100.0,100.0,100.0
8980,5.997960567474365,2390,100.0,100.0,100.0
8983,6.000049591064453,2390,100.0,100.0,100.0
8990,6.002490520477295,2390,100.0,100.0,100.0
8993,6.004785776138306,2390,100.0,100.0,100.0
9000,6.00963568687439,2390,100.0,100.0,100.0
9004,6.011139154434204,2390,100.0,100.0,100.0
9010,6.015869855880737,2390,100.0,100.0,100.0
9014,6.018163442611694,2390,100.0,100.0,100.0
9017,6.0200464725494385,2390,100.0,100.0,100.0
9019,6.021848440170288,2390,100.0,100.0,100.0
9020,6.0222392082214355,2390,100.0,100.0,100.0
9029,6.030166864395142,2390,100.0,100.0,100.0
9030,6.031158447265625,2390,100.0,100.0,100.0
9040,6.041210412979126,2390,100.0,100.0,100.0
9050,6.046643018722534,2390,100.0,100.0,100.0
9051,6.047074794769287,2390,100.0,100.0,100.0
9053,6.048576354980469,2390,100.0,100.0,100.0
9060,6.051154613494873,2390,100.0,100.0,100.0
9070,6.058043956756592,2390,100.0,100.0,100.0
9080,6.064365386962891,2390,100.0,100.0,100.0
9087,6.067542552947998,2390,100.0,100.0,100.0
9090,6.068756818771362,2390,100.0,100.0,100.0
9100,6.0726306438446045,2390,100.0,100.0,100.0
9101,6.073023557662964,2390,100.0,100.0,100.0
9105,6.0759429931640625,2390,100.0,100.0,100.0
9110,6.079100608825684,2390,100.0,100.0,100.0
9118,6.084607124328613,2390,100.0,100.0,100.0
9120,6.085386037826538,2390,100.0,100.0,100.0
9130,6.092533826828003,2390,100.0,100.0,100.0
9132,6.09328556060791,2390,100.0,100.0,100.0
9140,6.098299264907837,2390,100.0,100.0,100.0
9150,6.102531433105469,2390,100.0,100.0,100.0
9160,6.108842611312866,2390,100.0,100.0,100.0
9161,6.109258413314819,2390,100.0,100.0,100.0
9170,6.115003347396851,2390,100.0,100.0,100.0
9173,6.116150379180908,2390,100.0,100.0,100.0
9180,6.119953632354736,2390,100.0,100.0,100.0
9190,6.125972270965576,2390,100.0,100.0,100.0
9200,6.132530689239502,2390,100.0,100.0,100.0
9202,6.134062051773071,2390,100.0,100.0,100.0
9208,6.136802911758423,2390,100.0,100.0,100.0
9210,6.138052463531494,2390,100.0,100.0,100.0
9220,6.1458423137664795,2390,100.0,100.0,100.0
9230,6.151878595352173,2390,100.0,100.0,100.0
9240,6.159813642501831,2390,100.0,100.0,100.0
9248,6.162694931030273,2390,100.0,100.0,100.0
9250,6.163467645645142,2390,100.0,100.0,100.0
9252,6.1642444133758545,2390,100.0,100.0,100.0
9253,6.164648532867432,2390,100.0,100.0,100.0
9260,6.17009162902832,2390,100.0,100.0,100.0
9270,6.176971197128296,2390,100.0,100.0,100.0
9277,6.1800596714019775,2390,100.0,100.0,100.0
9280,6.182569265365601,2390,100.0,100.0,100.0
9290,6.189557313919067,2390,100.0,100.0,100.0
9294,6.19165825843811,2390,100.0,100.0,100.0
9300,6.1965720653533936,2390,100.0,100.0,100.0
9307,6.201359033584595,2390,100.0,100.0,100.0
9309,6.202110528945923,2390,100.0,100.0,100.0
9310,6.202438116073608,2390,100.0,100.0,100.0
9320,6.206161260604858,2390,100.0,100.0,100.0
9330,6.210854768753052,2390,100.0,100.0,100.0
9331,6.211427211761475,2390,100.0,100.0,100.0
9339,6.218281030654907,2390,100.0,100.0,100.0
9340,6.219414472579956,2390,100.0,100.0,100.0
9343,6.220336437225342,2390,100.0,100.0,100.0
9345,6.2218592166900635,2390,100.0,100.0,100.0
9350,6.225863933563232,2390,100.0,100.0,100.0
9354,6.228450298309326,2390,100.0,100.0,100.0
9360,6.231891393661499,2390,100.0,100.0,100.0
9361,6.232335805892944,2390,100.0,100.0,100.0
9369,6.238055229187012,2390,100.0,100.0,100.0
9370,6.2382471561431885,2390,100.0,100.0,100.0
9377,6.242978096008301,2390,100.0,100.0,100.0
9380,6.2437052726745605,2390,100.0,100.0,100.0
9390,6.250142812728882,2390,100.0,100.0,100.0
9393,6.25192928314209,2390,100.0,100.0,100.0
9394,6.252346038818359,2390,100.0,100.0,100.0
9399,6.253998279571533,2390,100.0,100.0,100.0
9400,6.25445294380188,2390,100.0,100.0,100.0
9408,6.257525682449341,2390,100.0,100.0,100.0
9410,6.258948802947998,2390,100.0,100.0,100.0
9420,6.263887405395508,2390,100.0,100.0,100.0
9430,6.2688703536987305,2390,100.0,100.0,100.0
9440,6.2775046825408936,2390,100.0,100.0,100.0
9450,6.282073497772217,2390,100.0,100.0,100.0
9452,6.282890558242798,2390,100.0,100.0,100.0
9460,6.286457777023315,2390,100.0,100.0,100.0
9467,6.291049957275391,2390,100.0,100.0,100.0
9470,6.293457269668579,2390,100.0,100.0,100.0
9474,6.295519590377808,2390,100.0,100.0,100.0
9480,6.299812316894531,2390,100.0,100.0,100.0
9487,6.302316904067993,2390,100.0,100.0,100.0
9490,6.304872274398804,2390,100.0,100.0,100.0
9500,6.3104088306427,2390,100.0,100.0,100.0
9506,6.3144025802612305,2390,100.0,100.0,100.0
9510,6.31731915473938,2390,100.0,100.0,100.0
9516,6.32003116607666,2390,100.0,100.0,100.0
9520,6.323694705963135,2390,100.0,100.0,100.0
9524,6.325917720794678,2390,100.0,100.0,100.0
9526,6.326763868331909,2390,100.0,100.0,100.0
9530,6.329333066940308,2390,100.0,100.0,100.0
9532,6.330217361450195,2390,100.0,100.0,100.0
9538,6.333045959472656,2390,100.0,100.0,100.0
9540,6.334456205368042,2390,100.0,100.0,100.0
9550,6.339629411697388,2390,100.0,100.0,100.0
9553,6.341488599777222,2390,100.0,100.0,100.0
9560,6.34665060043335,2390,100.0,100.0,100.0
9570,6.354200839996338,2390,100.0,100.0,100.0
9580,6.35835337638855,2390,100.0,100.0,100.0
9590,6.366439342498779,2390,100.0,100.0,100.0
9600,6.37187933921814,2390,100.0,100.0,100.0
9610,6.3762733936309814,2390,100.0,100.0,100.0
9620,6.382761716842651,2390,100.0,100.0,100.0
9630,6.387927293777466,2390,100.0,100.0,100.0
9638,6.393192529678345,2390,100.0,100.0,100.0
9640,6.393912076950073,2390,100.0,100.0,100.0
9649,6.400053262710571,2390,100.0,100.0,100.0
9650,6.4011547565460205,2390,100.0,100.0,100.0
9655,6.403701305389404,2390,100.0,100.0,100.0
9657,6.405199289321899,2390,100.0,100.0,100.0
9658,6.40562105178833,2390,100.0,100.0,100.0
9660,6.407063007354736,2390,100.0,100.0,100.0
9670,6.412221193313599,2390,100.0,100.0,100.0
9672,6.414297342300415,2390,100.0,100.0,100.0
9676,6.4165730476379395,2390,100.0,100.0,100.0
9680,6.419341564178467,2390,100.0,100.0,100.0
9681,6.419842481613159,2390,100.0,100.0,100.0
9690,6.427876710891724,2390,100.0,100.0,100.0
9691,6.42834210395813,2390,100.0,100.0,100.0
9700,6.434259653091431,2390,100.0,100.0,100.0
9702,6.435762166976929,2390,100.0,100.0,100.0
9703,6.436193227767944,2390,100.0,100.0,100.0
9710,6.440044641494751,2390,100.0,100.0,100.0
9714,6.441655874252319,2390,100.0,100.0,100.0
9715,6.442075490951538,2390,100.0,100.0,100.0
9720,6.4452714920043945,2390,100.0,100.0,100.0
9721,6.445708513259888,2390,100.0,100.0,100.0
9730,6.45306658744812,2390,100.0,100.0,100.0
9740,6.459498167037964,2390,100.0,100.0,100.0
9750,6.464807510375977,2390,100.0,100.0,100.0
9760,6.46892237663269,2390,100.0,100.0,100.0
9770,6.476083278656006,2390,100.0,100.0,100.0
9774,6.477473258972168,2390,100.0,100.0,100.0
9780,6.483198881149292,2390,100.0,100.0,100.0
9783,6.485110759735107,2390,100.0,100.0,100.0
9784,6.48552680015564,2390,100.0,100.0,100.0
9790,6.490489482879639,2390,100.0,100.0,100.0
9800,6.497415781021118,2390,100.0,100.0,100.0
9810,6.505497217178345,2390,100.0,100.0,100.0
9820,6.510653972625732,2390,100.0,100.0,100.0
9830,6.518634796142578,2390,100.0,100.0,100.0
9835,6.521428346633911,2390,100.0,100.0,100.0
9837,6.522268295288086,2390,100.0,100.0,100.0
9840,6.524095058441162,2390,100.0,100.0,100.0
9843,6.525182008743286,2390,100.0,100.0,100.0
9850,6.53016996383667,2390,100.0,100.0,100.0
9851,6.530737638473511,2390,100.0,100.0,100.0
9859,6.536233186721802,2390,100.0,100.0,100.0
9860,6.537344217300415,2390,100.0,100.0,100.0
9863,6.538965463638306,2390,100.0,100.0,100.0
9867,6.541877746582031,2390,100.0,100.0,100.0
9869,6.5426716804504395,2390,100.0,100.0,100.0
9870,6.543602705001831,2390,100.0,100.0,100.0
9877,6.547632455825806,2390,100.0,100.0,100.0
9880,6.550205230712891,2390,100.0,100.0,100.0
9890,6.557514667510986,2390,100.0,100.0,100.0
9900,6.564859628677368,2390,100.0,100.0,100.0
9910,6.570157051086426,2390,100.0,100.0,100.0
9920,6.575237035751343,2390,100.0,100.0,100.0
9927,6.579076051712036,2390,100.0,100.0,100.0
9929,6.58028507232666,2390,100.0,100.0,100.0
9930,6.580855131149292,2390,100.0,100.0,100.0
9940,6.58646297454834,2390,100.0,100.0,100.0
9950,6.596062898635864,2390,100.0,100.0,100.0
9954,6.597673416137695,2390,100.0,100.0,100.0
9960,6.600866317749023,2390,100.0,100.0,100.0
9970,6.608761787414551,2390,100.0,100.0,100.0
9980,6.616452693939209,2390,100.0,100.0,100.0
9990,6.625531196594238,2390,100.0,100.0,100.0
9994,6.629276752471924,2390,100.0,100.0,100.0
10000,6.631888389587402,2390,100.0,100.0,100.0
10010,6.639215469360352,2390,100.0,100.0,100.0
10014,6.640888690948486,2390,100.0,100.0,100.0
10020,6.644551515579224,2390,100.0,100.0,100.0
10028,6.650468349456787,2390,100.0,100.0,100.0
10030,6.651240348815918,2390,100.0,100.0,100.0
10040,6.6596691608428955,2390,100.0,100.0,100.0
10050,6.66805362701416,2390,100.0,100.0,100.0
10058,6.67472767829895,2390,100.0,100.0,100.0
10060,6.676626920700073,2390,100.0,100.0,100.0
10063,6.6797919273376465,2390,100.0,100.0,100.0
10070,6.6835644245147705,2390,100.0,100.0,100.0
10080,6.68943190574646,2390,100.0,100.0,100.0
10090,6.696428537368774,2390,100.0,100.0,100.0
10093,6.698322296142578,2390,100.0,100.0,100.0
10094,6.699098825454712,2390,100.0,100.0,100.0
10100,6.701837539672852,2390,100.0,100.0,100.0
10105,6.704458475112915,2390,100.0,100.0,100.0
10109,6.706878900527954,2390,100.0,100.0,100.0
10110,6.708192348480225,2390,100.0,100.0,100.0
10120,6.714072227478027,2390,100.0,100.0,100.0
10130,6.722156524658203,2390,100.0,100.0,100.0
10133,6.724097728729248,2390,100.0,100.0,100.0
10140,6.727630138397217,2390,100.0,100.0,100.0
10150,6.733319282531738,2390,100.0,100.0,100.0
10151,6.733802556991577,2390,100.0,100.0,100.0
10154,6.7350544929504395,2390,100.0,100.0,100.0
10160,6.738633394241333,2390,100.0,100.0,100.0
10169,6.744007110595703,2390,100.0,100.0,100.0
10170,6.744354724884033,2390,100.0,100.0,100.0
10173,6.7455010414123535,2390,100.0,100.0,100.0
10180,6.750440359115601,2390,100.0,100.0,100.0
10183,6.7516491413116455,2390,100.0,100.0,100.0
10185,6.752486228942871,2390,100.0,100.0,100.0
10190,6.754983901977539,2390,100.0,100.0,100.0
10192,6.756529331207275,2390,100.0,100.0,100.0
10200,6.761364221572876,2390,100.0,100.0,100.0
10203,6.764251708984375,2390,100.0,100.0,100.0
10210,6.767358779907227,2390,100.0,100.0,100.0
10211,6.767824649810791,2390,100.0,100.0,100.0
10220,6.7742791175842285,2390,100.0,100.0,100.0
10226,6.778367042541504,2390,100.0,100.0,100.0
10230,6.78190279006958,2390,100.0,100.0,100.0
10240,6.788551330566406,2390,100.0,100.0,100.0
10250,6.794731378555298,2390,100.0,100.0,100.0
10253,6.796725511550903,2390,100.0,100.0,100.0
10260,6.801400184631348,2390,100.0,100.0,100.0
10270,6.810281753540039,2390,100.0,100.0,100.0
10280,6.815495491027832,2390,100.0,100.0,100.0
10282,6.816307783126831,2390,100.0,100.0,100.0
10288,6.8193676471710205,2390,100.0,100.0,100.0
10290,6.8201353549957275,2390,100.0,100.0,100.0
10300,6.82868218421936,2390,100.0,100.0,100.0
10310,6.833912372589111,2390,100.0,100.0,100.0
10320,6.842501163482666,2390,100.0,100.0,100.0
10322,6.844343662261963,2390,100.0,100.0,100.0
10330,6.848730802536011,2390,100.0,100.0,100.0
10340,6.859247922897339,2390,100.0,100.0,100.0
10350,6.865898609161377,2390,100.0,100.0,100.0
10358,6.871657848358154,2390,100.0,100.0,100.0
10360,6.872820854187012,2390,100.0,100.0,100.0
10370,6.877854347229004,2390,100.0,100.0,100.0
10374,6.880062818527222,2390,100.0,100.0,100.0
10380,6.884157180786133,2390,100.0,100.0,100.0
10385,6.88902473449707,2390,100.0,100.0,100.0
10390,6.8920814990997314,2390,100.0,100.0,100.0
10400,6.899992942810059,2390,100.0,100.0,100.0
10401,6.900476932525635,2390,100.0,100.0,100.0
10410,6.905785799026489,2390,100.0,100.0,100.0
10420,6.912163734436035,2390,100.0,100.0,100.0
10426,6.916564702987671,2390,100.0,100.0,100.0
10430,6.92029881477356,2390,100.0,100.0,100.0
10440,6.925527811050415,2390,100.0,100.0,100.0
10442,6.92639422416687,2390,100.0,100.0,100.0
10450,6.930935621261597,2390,100.0,100.0,100.0
10460,6.937809944152832,2390,100.0,100.0,100.0
10470,6.945951700210571,2390,100.0,100.0,100.0
10480,6.9542412757873535,2390,100.0,100.0,100.0
10490,6.961721420288086,2390,100.0,100.0,100.0
10500,6.965830087661743,2390,100.0,100.0,100.0
10504,6.9682323932647705,2390,100.0,100.0,100.0
10509,6.973023176193237,2390,100.0,100.0,100.0
10510,6.973439455032349,2390,100.0,100.0,100.0
10513,6.975396633148193,2390,100.0,100.0,100.0
10520,6.979715824127197,2390,100.0,100.0,100.0
10526,6.982837438583374,2390,100.0,100.0,100.0
10530,6.985243558883667,2390,100.0,100.0,100.0
10540,6.99157977104187,2390,100.0,100.0,100.0
10550,6.999356269836426,2390,100.0,100.0,100.0
10555,7.003355503082275,2390,100.0,100.0,100.0
10560,7.007457971572876,2390,100.0,100.0,100.0
10570,7.014813184738159,2390,100.0,100.0,100.0
10580,7.0232508182525635,2390,100.0,100.0,100.0
10590,7.028599977493286,2390,100.0,100.0,100.0
10591,7.029118776321411,2390,100.0,100.0,100.0
10600,7.0348381996154785,2390,100.0,100.0,100.0
10610,7.040990352630615,2390,100.0,100.0,100.0
10613,7.043544292449951,2390,100.0,100.0,100.0
10617,7.045684576034546,2390,100.0,100.0,100.0
10620,7.047551870346069,2390,100.0,100.0,100.0
10630,7.05405855178833,2390,100.0,100.0,100.0
10635,7.05602765083313,2390,100.0,100.0,100.0
10640,7.058482646942139,2390,100.0,100.0,100.0
10650,7.065664052963257,2390,100.0,100.0,100.0
10653,7.068508863449097,2390,100.0,100.0,100.0
10660,7.0715413093566895,2390,100.0,100.0,100.0
10667,7.0746495723724365,2390,100.0,100.0,100.0
10668,7.075488090515137,2390,100.0,100.0,100.0
10670,7.076578617095947,2390,100.0,100.0,100.0
10679,7.083364248275757,2390,100.0,100.0,100.0
10680,7.0845324993133545,2390,100.0,100.0,100.0
10690,7.091111183166504,2390,100.0,100.0,100.0
10692,7.091977596282959,2390,100.0,100.0,100.0
10699,7.096781969070435,2390,100.0,100.0,100.0
10700,7.097893714904785,2390,100.0,100.0,100.0
10703,7.100845813751221,2390,100.0,100.0,100.0
10706,7.102687120437622,2390,100.0,100.0,100.0
10709,7.104730129241943,2390,100.0,100.0,100.0
10710,7.1052000522613525,2390,100.0,100.0,100.0
10713,7.1064887046813965,2390,100.0,100.0,100.0
10720,7.1123387813568115,2390,100.0,100.0,100.0
10730,7.120589256286621,2390,100.0,100.0,100.0
10733,7.122427701950073,2390,100.0,100.0,100.0
10734,7.122894763946533,2390,100.0,100.0,100.0
10740,7.127549886703491,2390,100.0,100.0,100.0
10750,7.133568048477173,2390,100.0,100.0,100.0
10754,7.136071443557739,2390,100.0,100.0,100.0
10760,7.139068126678467,2390,100.0,100.0,100.0
10770,7.144609689712524,2390,100.0,100.0,100.0
10780,7.1511383056640625,2390,100.0,100.0,100.0
10790,7.157585382461548,2390,100.0,100.0,100.0
10797,7.162038087844849,2390,100.0,100.0,100.0
10800,7.164080858230591,2390,100.0,100.0,100.0
10806,7.169140815734863,2390,100.0,100.0,100.0
10809,7.171109437942505,2390,100.0,100.0,100.0
10810,7.171331167221069,2390,100.0,100.0,100.0
10814,7.1724936962127686,2390,100.0,100.0,100.0
10816,7.174066781997681,2390,100.0,100.0,100.0
10820,7.177697658538818,2390,100.0,100.0,100.0
10826,7.181331157684326,2390,100.0,100.0,100.0
10830,7.1841912269592285,2390,100.0,100.0,100.0
10832,7.185113906860352,2390,100.0,100.0,100.0
10840,7.189708232879639,2390,100.0,100.0,100.0
10850,7.196866750717163,2390,100.0,100.0,100.0
10860,7.202412366867065,2390,100.0,100.0,100.0
10870,7.2091145515441895,2390,100.0,100.0,100.0
10880,7.218055248260498,2390,100.0,100.0,100.0
10890,7.227272033691406,2390,100.0,100.0,100.0
10896,7.2311835289001465,2390,100.0,100.0,100.0
10898,7.231909275054932,2390,100.0,100.0,100.0
10900,7.233228445053101,2390,100.0,100.0,100.0
10906,7.236973762512207,2390,100.0,100.0,100.0
10910,7.239391088485718,2390,100.0,100.0,100.0
10920,7.2458672523498535,2390,100.0,100.0,100.0
10930,7.254915714263916,2390,100.0,100.0,100.0
10940,7.267942667007446,2390,100.0,100.0,100.0
10947,7.273343801498413,2390,100.0,100.0,100.0
10950,7.2761359214782715,2390,100.0,100.0,100.0
10956,7.280117988586426,2390,100.0,100.0,100.0
10960,7.283621311187744,2390,100.0,100.0,100.0
10961,7.284822463989258,2390,100.0,100.0,100.0
10970,7.2941131591796875,2390,100.0,100.0,100.0
10980,7.301423072814941,2390,100.0,100.0,100.0
10984,7.304748773574829,2390,100.0,100.0,100.0
10990,7.310461044311523,2390,100.0,100.0,100.0
10992,7.3130340576171875,2390,100.0,100.0,100.0
11000,7.320933818817139,2390,100.0,100.0,100.0
11010,7.329180717468262,2390,100.0,100.0,100.0
11012,7.330157995223999,2390,100.0,100.0,100.0
11014,7.330998659133911,2390,100.0,100.0,100.0
11020,7.3360278606414795,2390,100.0,100.0,100.0
11030,7.343878984451294,2390,100.0,100.0,100.0
11040,7.350807428359985,2390,100.0,100.0,100.0
11045,7.3542797565460205,2390,100.0,100.0,100.0
11050,7.358535528182983,2390,100.0,100.0,100.0
11060,7.365998268127441,2390,100.0,100.0,100.0
11070,7.372236967086792,2390,100.0,100.0,100.0
11080,7.377525568008423,2390,100.0,100.0,100.0
11084,7.37911057472229,2390,100.0,100.0,100.0
11090,7.3837730884552,2390,100.0,100.0,100.0
11100,7.392149209976196,2390,100.0,100.0,100.0
11104,7.394588232040405,2390,100.0,100.0,100.0
11105,7.395070314407349,2390,100.0,100.0,100.0
11110,7.3991076946258545,2390,100.0,100.0,100.0
11114,7.401665925979614,2390,100.0,100.0,100.0
11120,7.407333135604858,2390,100.0,100.0,100.0
11122,7.408443212509155,2390,100.0,100.0,100.0
11123,7.408964395523071,2390,100.0,100.0,100.0
11124,7.409465074539185,2390,100.0,100.0,100.0
11130,7.412708044052124,2390,100.0,100.0,100.0
11140,7.418851137161255,2390,100.0,100.0,100.0
11150,7.425238609313965,2390,100.0,100.0,100.0
11154,7.427664518356323,2390,100.0,100.0,100.0
11160,7.431595087051392,2390,100.0,100.0,100.0
11161,7.43208646774292,2390,100.0,100.0,100.0
11170,7.437633991241455,2390,100.0,100.0,100.0
11180,7.442470550537109,2390,100.0,100.0,100.0
11188,7.448493242263794,2390,100.0,100.0,100.0
11190,7.449225425720215,2390,100.0,100.0,100.0
11197,7.454393148422241,2390,100.0,100.0,100.0
11200,7.455457925796509,2390,100.0,100.0,100.0
11208,7.463048696517944,2390,100.0,100.0,100.0
11210,7.464548826217651,2390,100.0,100.0,100.0
11213,7.465662717819214,2390,100.0,100.0,100.0
11214,7.46628999710083,2390,100.0,100.0,100.0
11220,7.4691550731658936,2390,100.0,100.0,100.0
11230,7.475286960601807,2390,100.0,100.0,100.0
11240,7.481180667877197,2390,100.0,100.0,100.0
11245,7.4840240478515625,2390,100.0,100.0,100.0
11250,7.485978364944458,2390,100.0,100.0,100.0
11260,7.4942755699157715,2390,100.0,100.0,100.0
11261,7.49479341506958,2390,100.0,100.0,100.0
11270,7.500051975250244,2390,100.0,100.0,100.0
11271,7.500800371170044,2390,100.0,100.0,100.0
11280,7.506061315536499,2390,100.0,100.0,100.0
11281,7.506471395492554,2390,100.0,100.0,100.0
11290,7.512883186340332,2390,100.0,100.0,100.0
11300,7.5166285037994385,2390,100.0,100.0,100.0
11310,7.5227532386779785,2390,100.0,100.0,100.0
11320,7.5290069580078125,2390,100.0,100.0,100.0
11330,7.5355939865112305,2390,100.0,100.0,100.0
11336,7.539851427078247,2390,100.0,100.0,100.0
11340,7.541727542877197,2390,100.0,100.0,100.0
11350,7.545848369598389,2390,100.0,100.0,100.0
11358,7.549991607666016,2390,100.0,100.0,100.0
11360,7.550519704818726,2390,100.0,100.0,100.0
11370,7.55876350402832,2390,100.0,100.0,100.0
11376,7.5627992153167725,2390,100.0,100.0,100.0
11380,7.565165281295776,2390,100.0,100.0,100.0
11383,7.566186428070068,2390,100.0,100.0,100.0
11387,7.571013689041138,2390,100.0,100.0,100.0
11390,7.572181940078735,2390,100.0,100.0,100.0
11397,7.575971841812134,2390,100.0,100.0,100.0
11400,7.576925754547119,2390,100.0,100.0,100.0
11410,7.582859516143799,2390,100.0,100.0,100.0
11418,7.587990999221802,2390,100.0,100.0,100.0
11420,7.5885329246521,2390,100.0,100.0,100.0
11430,7.5945916175842285,2390,100.0,100.0,100.0
11434,7.596664905548096,2390,100.0,100.0,100.0
11436,7.598090410232544,2390,100.0,100.0,100.0
11440,7.6014697551727295,2390,100.0,100.0,100.0
11449,7.60642147064209,2390,100.0,100.0,100.0
11450,7.606730937957764,2390,100.0,100.0,100.0
11456,7.610323190689087,2390,100.0,100.0,100.0
11460,7.611255884170532,2390,100.0,100.0,100.0
11470,7.61726713180542,2390,100.0,100.0,100.0
11480,7.624058485031128,2390,100.0,100.0,100.0
11484,7.626224994659424,2390,100.0,100.0,100.0
11486,7.626957654953003,2390,100.0,100.0,100.0
11490,7.629554271697998,2390,100.0,100.0,100.0
11492,7.630285978317261,2390,100.0,100.0,100.0
11500,7.63752007484436,2390,100.0,100.0,100.0
11510,7.643421173095703,2390,100.0,100.0,100.0
11520,7.651278018951416,2390,100.0,100.0,100.0
11524,7.653341293334961,2390,100.0,100.0,100.0
11530,7.657362222671509,2390,100.0,100.0,100.0
11535,7.659091472625732,2390,100.0,100.0,100.0
11540,7.661890268325806,2390,100.0,100.0,100.0
11547,7.666351556777954,2390,100.0,100.0,100.0
11550,7.668796539306641,2390,100.0,100.0,100.0
11553,7.669883728027344,2390,100.0,100.0,100.0
11560,7.672962427139282,2390,100.0,100.0,100.0
11562,7.673673391342163,2390,100.0,100.0,100.0
11570,7.67828106880188,2390,100.0,100.0,100.0
11571,7.67871880531311,2390,100.0,100.0,100.0
11576,7.68184232711792,2390,100.0,100.0,100.0
11580,7.683451414108276,2390,100.0,100.0,100.0
11590,7.687744140625,2390,100.0,100.0,100.0
11597,7.691025495529175,2390,100.0,100.0,100.0
11600,7.693121433258057,2390,100.0,100.0,100.0
11610,7.700308799743652,2390,100.0,100.0,100.0
11613,7.702112913131714,2390,100.0,100.0,100.0
11620,7.706313133239746,2390,100.0,100.0,100.0
11630,7.711483955383301,2390,100.0,100.0,100.0
11632,7.712191104888916,2390,100.0,100.0,100.0
11635,7.713219165802002,2390,100.0,100.0,100.0
11638,7.7142462730407715,2390,100.0,100.0,100.0
11640,7.715601921081543,2390,100.0,100.0,100.0
11650,7.721614599227905,2390,100.0,100.0,100.0
11652,7.722279787063599,2390,100.0,100.0,100.0
11660,7.725325107574463,2390,100.0,100.0,100.0
11666,7.72939658164978,2390,100.0,100.0,100.0
11670,7.732743501663208,2390,100.0,100.0,100.0
11680,7.73936128616333,2390,100.0,100.0,100.0
11690,7.746363639831543,2390,100.0,100.0,100.0
11700,7.750176191329956,2390,100.0,100.0,100.0
11702,7.750856161117554,2390,100.0,100.0,100.0
11710,7.75612998008728,2390,100.0,100.0,100.0
11720,7.761992454528809,2390,100.0,100.0,100.0
11730,7.767293930053711,2390,100.0,100.0,100.0
11735,7.769760608673096,2390,100.0,100.0,100.0
11740,7.774043321609497,2390,100.0,100.0,100.0
11750,7.780140399932861,2390,100.0,100.0,100.0
11756,7.78213906288147,2390,100.0,100.0,100.0
11760,7.783360481262207,2390,100.0,100.0,100.0
11770,7.789287090301514,2390,100.0,100.0,100.0
11780,7.794463634490967,2390,100.0,100.0,100.0
11787,7.799600601196289,2390,100.0,100.0,100.0
11790,7.80117130279541,2390,100.0,100.0,100.0
11800,7.806024074554443,2390,100.0,100.0,100.0
11810,7.811474084854126,2390,100.0,100.0,100.0
11816,7.815700531005859,2390,100.0,100.0,100.0
11819,7.817592144012451,2390,100.0,100.0,100.0
11820,7.8179028034210205,2390,100.0,100.0,100.0
11830,7.825235366821289,2390,100.0,100.0,100.0
11840,7.830605506896973,2390,100.0,100.0,100.0
11850,7.838167428970337,2390,100.0,100.0,100.0
11860,7.8458802700042725,2390,100.0,100.0,100.0
11864,7.849466562271118,2390,100.0,100.0,100.0
11870,7.8525779247283936,2390,100.0,100.0,100.0
11880,7.858659744262695,2390,100.0,100.0,100.0
11890,7.864725112915039,2390,100.0,100.0,100.0
11900,7.873537540435791,2390,100.0,100.0,100.0
11902,7.874289512634277,2390,100.0,100.0,100.0
11905,7.876093626022339,2390,100.0,100.0,100.0
11910,7.877731561660767,2390,100.0,100.0,100.0
11920,7.8817853927612305,2390,100.0,100.0,100.0
11930,7.889197826385498,2390,100.0,100.0,100.0
11940,7.893184661865234,2390,100.0,100.0,100.0
11950,7.8972227573394775,2390,100.0,100.0,100.0
11960,7.9025256633758545,2390,100.0,100.0,100.0
11970,7.907816171646118,2390,100.0,100.0,100.0
11972,7.9085307121276855,2390,100.0,100.0,100.0
11980,7.9140684604644775,2390,100.0,100.0,100.0
11990,7.920729875564575,2390,100.0,100.0,100.0
12000,7.926157474517822,2390,100.0,100.0,100.0
12004,7.9276769161224365,2390,100.0,100.0,100.0
12010,7.929624080657959,2390,100.0,100.0,100.0
12017,7.934755325317383,2390,100.0,100.0,100.0
12020,7.935623407363892,2390,100.0,100.0,100.0
12023,7.93657112121582,2390,100.0,100.0,100.0
12024,7.936964750289917,2390,100.0,100.0,100.0
12030,7.9400904178619385,2390,100.0,100.0,100.0
12033,7.941194772720337,2390,100.0,100.0,100.0
12040,7.945106506347656,2390,100.0,100.0,100.0
12050,7.950448989868164,2390,100.0,100.0,100.0
12060,7.957812309265137,2390,100.0,100.0,100.0
12062,7.958702087402344,2390,100.0,100.0,100.0
12070,7.965674638748169,2390,100.0,100.0,100.0
12080,7.9736168384552,2390,100.0,100.0,100.0
12090,7.979509353637695,2390,100.0,100.0,100.0
12092,7.98031759262085,2390,100.0,100.0,100.0
12100,7.985597610473633,2390,100.0,100.0,100.0
12110,7.992447853088379,2390,100.0,100.0,100.0
12120,7.997813701629639,2390,100.0,100.0,100.0
12130,8.002007246017456,2390,100.0,100.0,100.0
12140,8.00840139389038,2390,100.0,100.0,100.0
12141,8.008811235427856,2390,100.0,100.0,100.0
12150,8.013343095779419,2390,100.0,100.0,100.0
12160,8.020083904266357,2390,100.0,100.0,100.0
12162,8.021562337875366,2390,100.0,100.0,100.0
12170,8.02538537979126,2390,100.0,100.0,100.0
12180,8.029500007629395,2390,100.0,100.0,100.0
12186,8.031180620193481,2390,100.0,100.0,100.0
12190,8.032447099685669,2390,100.0,100.0,100.0
12200,8.039219379425049,2390,100.0,100.0,100.0
12201,8.03963303565979,2390,100.0,100.0,100.0
12210,8.047260046005249,2390,100.0,100.0,100.0
12220,8.054740905761719,2390,100.0,100.0,100.0
12230,8.060585021972656,2390,100.0,100.0,100.0
12240,8.067079067230225,2390,100.0,100.0,100.0
12250,8.073882102966309,2390,100.0,100.0,100.0
12252,8.074588537216187,2390,100.0,100.0,100.0
12260,8.079660415649414,2390,100.0,100.0,100.0
12263,8.080657005310059,2390,100.0,100.0,100.0
12267,8.082874059677124,2390,100.0,100.0,100.0
12270,8.083812952041626,2390,100.0,100.0,100.0
12280,8.09093713760376,2390,100.0,100.0,100.0
12290,8.095921754837036,2390,100.0,100.0,100.0
12295,8.098737001419067,2390,100.0,100.0,100.0
12300,8.102314233779907,2390,100.0,100.0,100.0
12310,8.108011245727539,2390,100.0,100.0,100.0
12315,8.110419988632202,2390,100.0,100.0,100.0
12320,8.112595558166504,2390,100.0,100.0,100.0
12325,8.11414623260498,2390,100.0,100.0,100.0
12330,8.115828275680542,2390,100.0,100.0,100.0
12340,8.120850086212158,2390,100.0,100.0,100.0
12350,8.127625703811646,2390,100.0,100.0,100.0
12354,8.130775928497314,2390,100.0,100.0,100.0
12360,8.134917974472046,2390,100.0,100.0,100.0
12370,8.141909837722778,2390,100.0,100.0,100.0
12380,8.147653341293335,2390,100.0,100.0,100.0
12390,8.15243673324585,2390,100.0,100.0,100.0
12400,8.157912492752075,2390,100.0,100.0,100.0
12410,8.165170192718506,2390,100.0,100.0,100.0
12420,8.171433687210083,2390,100.0,100.0,100.0
12430,8.177533149719238,2390,100.0,100.0,100.0
12436,8.179683208465576,2390,100.0,100.0,100.0
12440,8.18087387084961,2390,100.0,100.0,100.0
12450,8.18582034111023,2390,100.0,100.0,100.0
12457,8.188133955001831,2390,100.0,100.0,100.0
12460,8.189995288848877,2390,100.0,100.0,100.0
12470,8.194398403167725,2390,100.0,100.0,100.0
12472,8.195130109786987,2390,100.0,100.0,100.0
12480,8.199775218963623,2390,100.0,100.0,100.0
12487,8.203441381454468,2390,100.0,100.0,100.0
12490,8.204457521438599,2390,100.0,100.0,100.0
12500,8.21164608001709,2390,100.0,100.0,100.0
12510,8.219247102737427,2390,100.0,100.0,100.0
12520,8.22494649887085,2390,100.0,100.0,100.0
12521,8.22536039352417,2390,100.0,100.0,100.0
12525,8.22664475440979,2390,100.0,100.0,100.0
12530,8.228825092315674,2390,100.0,100.0,100.0
12540,8.235549688339233,2390,100.0,100.0,100.0
12550,8.241291522979736,2390,100.0,100.0,100.0
12554,8.242881536483765,2390,100.0,100.0,100.0
12556,8.245329856872559,2390,100.0,100.0,100.0
12558,8.246112585067749,2390,100.0,100.0,100.0
12560,8.247363328933716,2390,100.0,100.0,100.0
12570,8.255064487457275,2390,100.0,100.0,100.0
12580,8.260654926300049,2390,100.0,100.0,100.0
12582,8.261367797851562,2390,100.0,100.0,100.0
12590,8.26496434211731,2390,100.0,100.0,100.0
12600,8.271716594696045,2390,100.0,100.0,100.0
12610,8.279759883880615,2390,100.0,100.0,100.0
12612,8.281898975372314,2390,100.0,100.0,100.0
12620,8.287545680999756,2390,100.0,100.0,100.0
12630,8.29928183555603,2390,100.0,100.0,100.0
12640,8.303511381149292,2390,100.0,100.0,100.0
12647,8.305782079696655,2390,100.0,100.0,100.0
12650,8.307245016098022,2390,100.0,100.0,100.0
12660,8.314892530441284,2390,100.0,100.0,100.0
12670,8.319567680358887,2390,100.0,100.0,100.0
12678,8.324487924575806,2390,100.0,100.0,100.0
12680,8.326581001281738,2390,100.0,100.0,100.0
12690,8.33085584640503,2390,100.0,100.0,100.0
12700,8.336239576339722,2390,100.0,100.0,100.0
12703,8.337422609329224,2390,100.0,100.0,100.0
12708,8.339874744415283,2390,100.0,100.0,100.0
12710,8.340578556060791,2390,100.0,100.0,100.0
12720,8.347352266311646,2390,100.0,100.0,100.0
12730,8.353564262390137,2390,100.0,100.0,100.0
12740,8.356715679168701,2390,100.0,100.0,100.0
12744,8.35878324508667,2390,100.0,100.0,100.0
12748,8.360962152481079,2390,100.0,100.0,100.0
12750,8.361640691757202,2390,100.0,100.0,100.0
12760,8.367636442184448,2390,100.0,100.0,100.0
12770,8.37510371208191,2390,100.0,100.0,100.0
12780,8.382883787155151,2390,100.0,100.0,100.0
12790,8.386573553085327,2390,100.0,100.0,100.0
12800,8.392714262008667,2390,100.0,100.0,100.0
12810,8.39719033241272,2390,100.0,100.0,100.0
12820,8.402613639831543,2390,100.0,100.0,100.0
12824,8.405256509780884,2390,100.0,100.0,100.0
12829,8.40854001045227,2390,100.0,100.0,100.0
12830,8.40961480140686,2390,100.0,100.0,100.0
12840,8.414308547973633,2390,100.0,100.0,100.0
12845,8.41736125946045,2390,100.0,100.0,100.0
12846,8.41776180267334,2390,100.0,100.0,100.0
12848,8.41849160194397,2390,100.0,100.0,100.0
12850,8.419189214706421,2390,100.0,100.0,100.0
12851,8.419625997543335,2390,100.0,100.0,100.0
12860,8.425350189208984,2390,100.0,100.0,100.0
12862,8.426906824111938,2390,100.0,100.0,100.0
12870,8.432873725891113,2390,100.0,100.0,100.0
12880,8.439982175827026,2390,100.0,100.0,100.0
12890,8.4456045627594,2390,100.0,100.0,100.0
12893,8.447434186935425,2390,100.0,100.0,100.0
12900,8.452335119247437,2390,100.0,100.0,100.0
12910,8.459940433502197,2390,100.0,100.0,100.0
12914,8.461275100708008,2390,100.0,100.0,100.0
12920,8.46472692489624,2390,100.0,100.0,100.0
12928,8.470053911209106,2390,100.0,100.0,100.0
12930,8.470803022384644,2390,100.0,100.0,100.0
12940,8.4787015914917,2390,100.0,100.0,100.0
12943,8.480247020721436,2390,100.0,100.0,100.0
12946,8.481387615203857,2390,100.0,100.0,100.0
12950,8.484809398651123,2390,100.0,100.0,100.0
12957,8.489199876785278,2390,100.0,100.0,100.0
12960,8.490134239196777,2390,100.0,100.0,100.0
12970,8.495950937271118,2390,100.0,100.0,100.0
12976,8.499828577041626,2390,100.0,100.0,100.0
12980,8.503472089767456,2390,100.0,100.0,100.0
12990,8.511313915252686,2390,100.0,100.0,100.0
13000,8.514348983764648,2390,100.0,100.0,100.0
13010,8.52048373222351,2390,100.0,100.0,100.0
13011,8.520887851715088,2390,100.0,100.0,100.0
13020,8.52622652053833,2390,100.0,100.0,100.0
13026,8.529784679412842,2390,100.0,100.0,100.0
13030,8.531924486160278,2390,100.0,100.0,100.0
13040,8.538105726242065,2390,100.0,100.0,100.0
13050,8.54506540298462,2390,100.0,100.0,100.0
13060,8.552145719528198,2390,100.0,100.0,100.0
13066,8.556426048278809,2390,100.0,100.0,100.0
13070,8.55846357345581,2390,100.0,100.0,100.0
13072,8.55989933013916,2390,100.0,100.0,100.0
13073,8.560308456420898,2390,100.0,100.0,100.0
13077,8.562309265136719,2390,100.0,100.0,100.0
13080,8.564058303833008,2390,100.0,100.0,100.0
13081,8.564465045928955,2390,100.0,100.0,100.0
13082,8.564881324768066,2390,100.0,100.0,100.0
13090,8.569531440734863,2390,100.0,100.0,100.0
13100,8.575064659118652,2390,100.0,100.0,100.0
13110,8.580059289932251,2390,100.0,100.0,100.0
13120,8.58835768699646,2390,100.0,100.0,100.0
13130,8.597239971160889,2390,100.0,100.0,100.0
13140,8.60310983657837,2390,100.0,100.0,100.0
13150,8.60797667503357,2390,100.0,100.0,100.0
13160,8.6162428855896,2390,100.0,100.0,100.0
13170,8.620410203933716,2390,100.0,100.0,100.0
13172,8.621196508407593,2390,100.0,100.0,100.0
13176,8.622359991073608,2390,100.0,100.0,100.0
13180,8.623738050460815,2390,100.0,100.0,100.0
13190,8.627633094787598,2390,100.0,100.0,100.0
13200,8.634416580200195,2390,100.0,100.0,100.0
13210,8.638895034790039,2390,100.0,100.0,100.0
13220,8.646905660629272,2390,100.0,100.0,100.0
13224,8.650640726089478,2390,100.0,100.0,100.0
13225,8.651147365570068,2390,100.0,100.0,100.0
13230,8.654759883880615,2390,100.0,100.0,100.0
13238,8.660277605056763,2390,100.0,100.0,100.0
13240,8.661714792251587,2390,100.0,100.0,100.0
13250,8.671631574630737,2390,100.0,100.0,100.0
13260,8.67914891242981,2390,100.0,100.0,100.0
13265,8.680940389633179,2390,100.0,100.0,100.0
13270,8.683820486068726,2390,100.0,100.0,100.0
13280,8.691264629364014,2390,100.0,100.0,100.0
13285,8.693104028701782,2390,100.0,100.0,100.0
13289,8.695000886917114,2390,100.0,100.0,100.0
13290,8.696138858795166,2390,100.0,100.0,100.0
13294,8.69809341430664,2390,100.0,100.0,100.0
13300,8.70104432106018,2390,100.0,100.0,100.0
13304,8.702423572540283,2390,100.0,100.0,100.0
13307,8.703670978546143,2390,100.0,100.0,100.0
13310,8.705684661865234,2390,100.0,100.0,100.0
13315,8.709424495697021,2390,100.0,100.0,100.0
13319,8.711967468261719,2390,100.0,100.0,100.0
13320,8.712314128875732,2390,100.0,100.0,100.0
13330,8.719882488250732,2390,100.0,100.0,100.0
13336,8.723633766174316,2390,100.0,100.0,100.0
13340,8.724859714508057,2390,100.0,100.0,100.0
13350,8.731215476989746,2390,100.0,100.0,100.0
13357,8.734287977218628,2390,100.0,100.0,100.0
13359,8.73503303527832,2390,100.0,100.0,100.0
13360,8.736364364624023,2390,100.0,100.0,100.0
13363,8.739592790603638,2390,100.0,100.0,100.0
13370,8.743037700653076,2390,100.0,100.0,100.0
13380,8.751069784164429,2390,100.0,100.0,100.0
13390,8.756974935531616,2390,100.0,100.0,100.0
13398,8.763554811477661,2390,100.0,100.0,100.0
13400,8.764236211776733,2390,100.0,100.0,100.0
13410,8.770083904266357,2390,100.0,100.0,100.0
13420,8.777532815933228,2390,100.0,100.0,100.0
13430,8.782361268997192,2390,100.0,100.0,100.0
13440,8.789307832717896,2390,100.0,100.0,100.0
13450,8.795231103897095,2390,100.0,100.0,100.0
13451,8.795661926269531,2390,100.0,100.0,100.0
13460,8.79884386062622,2390,100.0,100.0,100.0
13461,8.799264669418335,2390,100.0,100.0,100.0
13469,8.803487300872803,2390,100.0,100.0,100.0
13470,8.803855895996094,2390,100.0,100.0,100.0
13478,8.808907985687256,2390,100.0,100.0,100.0
13480,8.810335874557495,2390,100.0,100.0,100.0
13490,8.815842866897583,2390,100.0,100.0,100.0
13494,8.818199872970581,2390,100.0,100.0,100.0
13500,8.821916341781616,2390,100.0,100.0,100.0
13510,8.827765464782715,2390,100.0,100.0,100.0
13520,8.832717657089233,2390,100.0,100.0,100.0
13530,8.836800575256348,2390,100.0,100.0,100.0
13534,8.839690923690796,2390,100.0,100.0,100.0
13538,8.841041326522827,2390,100.0,100.0,100.0
13539,8.841468334197998,2390,100.0,100.0,100.0
13540,8.841791868209839,2390,100.0,100.0,100.0
13545,8.844357013702393,2390,100.0,100.0,100.0
13550,8.84842824935913,2390,100.0,100.0,100.0
13560,8.853505373001099,2390,100.0,100.0,100.0
13567,8.858704805374146,2390,100.0,100.0,100.0
13568,8.859110355377197,2390,100.0,100.0,100.0
13570,8.860348463058472,2390,100.0,100.0,100.0
13580,8.865063428878784,2390,100.0,100.0,100.0
13590,8.871748447418213,2390,100.0,100.0,100.0
13600,8.877864837646484,2390,100.0,100.0,100.0
13610,8.885885000228882,2390,100.0,100.0,100.0
13614,8.887490510940552,2390,100.0,100.0,100.0
13620,8.892024755477905,2390,100.0,100.0,100.0
13622,8.892994165420532,2390,100.0,100.0,100.0
13630,8.896721124649048,2390,100.0,100.0,100.0
13640,8.901737928390503,2390,100.0,100.0,100.0
13646,8.905079364776611,2390,100.0,100.0,100.0
13648,8.905823945999146,2390,100.0,100.0,100.0
13650,8.907081127166748,2390,100.0,100.0,100.0
13660,8.915196657180786,2390,100.0,100.0,100.0
13670,8.92052960395813,2390,100.0,100.0,100.0
13680,8.926936626434326,2390,100.0,100.0,100.0
13681,8.927401542663574,2390,100.0,100.0,100.0
13690,8.931822299957275,2390,100.0,100.0,100.0
13697,8.934744596481323,2390,100.0,100.0,100.0
13700,8.936638116836548,2390,100.0,100.0,100.0
13710,8.944127082824707,2390,100.0,100.0,100.0
13712,8.94595718383789,2390,100.0,100.0,100.0
13720,8.950908899307251,2390,100.0,100.0,100.0
13727,8.955379724502563,2390,100.0,100.0,100.0
13730,8.957011461257935,2390,100.0,100.0,100.0
13740,8.961126327514648,2390,100.0,100.0,100.0
13750,8.965275049209595,2390,100.0,100.0,100.0
13760,8.970139026641846,2390,100.0,100.0,100.0
13770,8.977272272109985,2390,100.0,100.0,100.0
13780,8.982764959335327,2390,100.0,100.0,100.0
13784,8.984978675842285,2390,100.0,100.0,100.0
13790,8.988667726516724,2390,100.0,100.0,100.0
13800,8.994108438491821,2390,100.0,100.0,100.0
13810,9.001248598098755,2390,100.0,100.0,100.0
13811,9.001693964004517,2390,100.0,100.0,100.0
13815,9.00434160232544,2390,100.0,100.0,100.0
13818,9.006056547164917,2390,100.0,100.0,100.0
13820,9.006855487823486,2390,100.0,100.0,100.0
13826,9.0099036693573,2390,100.0,100.0,100.0
13830,9.01280164718628,2390,100.0,100.0,100.0
13837,9.017194747924805,2390,100.0,100.0,100.0
13840,9.01806354522705,2390,100.0,100.0,100.0
13850,9.022795677185059,2390,100.0,100.0,100.0
13860,9.027711391448975,2390,100.0,100.0,100.0
13870,9.035300254821777,2390,100.0,100.0,100.0
13877,9.040247440338135,2390,100.0,100.0,100.0
13880,9.042873620986938,2390,100.0,100.0,100.0
13890,9.04861330986023,2390,100.0,100.0,100.0
13900,9.056071758270264,2390,100.0,100.0,100.0
13910,9.062220335006714,2390,100.0,100.0,100.0
13914,9.06592059135437,2390,100.0,100.0,100.0
13919,9.069992303848267,2390,100.0,100.0,100.0
13920,9.071080923080444,2390,100.0,100.0,100.0
13930,9.076181173324585,2390,100.0,100.0,100.0
13932,9.077711343765259,2390,100.0,100.0,100.0
13935,9.079753160476685,2390,100.0,100.0,100.0
13940,9.083859205245972,2390,100.0,100.0,100.0
13944,9.086888790130615,2390,100.0,100.0,100.0
13950,9.090360641479492,2390,100.0,100.0,100.0
13960,9.095422744750977,2390,100.0,100.0,100.0
13970,9.101877689361572,2390,100.0,100.0,100.0
13971,9.102293252944946,2390,100.0,100.0,100.0
13980,9.107306003570557,2390,100.0,100.0,100.0
13984,9.110297441482544,2390,100.0,100.0,100.0
13990,9.113855838775635,2390,100.0,100.0,100.0
13995,9.117187976837158,2390,100.0,100.0,100.0
13997,9.117986917495728,2390,100.0,100.0,100.0
13998,9.11841869354248,2390,100.0,100.0,100.0
14000,9.119131565093994,2390,100.0,100.0,100.0
14010,9.123986959457397,2390,100.0,100.0,100.0
14015,9.126564979553223,2390,100.0,100.0,100.0
14020,9.128758192062378,2390,100.0,100.0,100.0
14030,9.136399984359741,2390,100.0,100.0,100.0
14040,9.140991687774658,2390,100.0,100.0,100.0
14050,9.148057222366333,2390,100.0,100.0,100.0
14060,9.152952432632446,2390,100.0,100.0,100.0
14070,9.158920764923096,2390,100.0,100.0,100.0
14073,9.160063982009888,2390,100.0,100.0,100.0
14080,9.163218021392822,2390,100.0,100.0,100.0
14090,9.170785427093506,2390,100.0,100.0,100.0
14096,9.175198554992676,2390,100.0,100.0,100.0
14099,9.177106618881226,2390,100.0,100.0,100.0
14100,9.178170442581177,2390,100.0,100.0,100.0
14104,9.181122541427612,2390,100.0,100.0,100.0
14105,9.181563138961792,2390,100.0,100.0,100.0
14110,9.183383226394653,2390,100.0,100.0,100.0
14120,9.188308477401733,2390,100.0,100.0,100.0
14130,9.19395637512207,2390,100.0,100.0,100.0
14140,9.199592113494873,2390,100.0,100.0,100.0
14150,9.208145141601562,2390,100.0,100.0,100.0
14160,9.215419054031372,2390,100.0,100.0,100.0
14170,9.22286868095398,2390,100.0,100.0,100.0
14180,9.229700803756714,2390,100.0,100.0,100.0
14188,9.2363600730896,2390,100.0,100.0,100.0
14190,9.236947774887085,2390,100.0,100.0,100.0
14193,9.239678859710693,2390,100.0,100.0,100.0
14196,9.241470098495483,2390,100.0,100.0,100.0
14200,9.242635011672974,2390,100.0,100.0,100.0
14205,9.246927261352539,2390,100.0,100.0,100.0
14210,9.249419450759888,2390,100.0,100.0,100.0
14220,9.254219055175781,2390,100.0,100.0,100.0
14222,9.25505781173706,2390,100.0,100.0,100.0
14226,9.257432460784912,2390,100.0,100.0,100.0
14230,9.259732246398926,2390,100.0,100.0,100.0
14240,9.267385959625244,2390,100.0,100.0,100.0
14250,9.272478342056274,2390,100.0,100.0,100.0
14260,9.279816389083862,2390,100.0,100.0,100.0
14261,9.28026533126831,2390,100.0,100.0,100.0
14263,9.28091835975647,2390,100.0,100.0,100.0
14267,9.284015893936157,2390,100.0,100.0,100.0
14270,9.287471055984497,2390,100.0,100.0,100.0
14272,9.288218021392822,2390,100.0,100.0,100.0
14280,9.292579889297485,2390,100.0,100.0,100.0
14290,9.297654151916504,2390,100.0,100.0,100.0
14300,9.302207231521606,2390,100.0,100.0,100.0
14308,9.306478261947632,2390,100.0,100.0,100.0
14310,9.3086519241333,2390,100.0,100.0,100.0
14320,9.316001892089844,2390,100.0,100.0,100.0
14325,9.31868600845337,2390,100.0,100.0,100.0
14330,9.320510625839233,2390,100.0,100.0,100.0
14340,9.32583212852478,2390,100.0,100.0,100.0
14350,9.333079814910889,2390,100.0,100.0,100.0
14353,9.334887981414795,2390,100.0,100.0,100.0
14360,9.33956003189087,2390,100.0,100.0,100.0
14370,9.346126794815063,2390,100.0,100.0,100.0
14380,9.354168891906738,2390,100.0,100.0,100.0
14390,9.361348867416382,2390,100.0,100.0,100.0
14400,9.366403341293335,2390,100.0,100.0,100.0
14410,9.372540950775146,2390,100.0,100.0,100.0
14413,9.375084638595581,2390,100.0,100.0,100.0
14420,9.381345272064209,2390,100.0,100.0,100.0
14425,9.384116411209106,2390,100.0,100.0,100.0
14430,9.386121988296509,2390,100.0,100.0,100.0
14432,9.386948108673096,2390,100.0,100.0,100.0
14440,9.390512466430664,2390,100.0,100.0,100.0
14450,9.396508932113647,2390,100.0,100.0,100.0
14460,9.402071475982666,2390,100.0,100.0,100.0
14470,9.406958103179932,2390,100.0,100.0,100.0
14473,9.40894079208374,2390,100.0,100.0,100.0
14480,9.412762641906738,2390,100.0,100.0,100.0
14482,9.414337635040283,2390,100.0,100.0,100.0
14490,9.417537927627563,2390,100.0,100.0,100.0
14499,9.422306776046753,2390,100.0,100.0,100.0
14500,9.422720432281494,2390,100.0,100.0,100.0
14510,9.429342031478882,2390,100.0,100.0,100.0
14520,9.434893369674683,2390,100.0,100.0,100.0
14528,9.43944001197815,2390,100.0,100.0,100.0
14530,9.44106912612915,2390,100.0,100.0,100.0
14540,9.448152303695679,2390,100.0,100.0,100.0
14550,9.454068422317505,2390,100.0,100.0,100.0
14559,9.458200454711914,2390,100.0,100.0,100.0
14560,9.458595991134644,2390,100.0,100.0,100.0
14570,9.465827465057373,2390,100.0,100.0,100.0
14580,9.471749782562256,2390,100.0,100.0,100.0
14590,9.480598449707031,2390,100.0,100.0,100.0
14592,9.481521606445312,2390,100.0,100.0,100.0
14600,9.486451387405396,2390,100.0,100.0,100.0
14606,9.491333246231079,2390,100.0,100.0,100.0
14610,9.493356704711914,2390,100.0,100.0,100.0
14620,9.501476049423218,2390,100.0,100.0,100.0
14622,9.503316164016724,2390,100.0,100.0,100.0
14630,9.507967948913574,2390,100.0,100.0,100.0
14633,9.509938478469849,2390,100.0,100.0,100.0
14639,9.513067960739136,2390,100.0,100.0,100.0
14640,9.51360273361206,2390,100.0,100.0,100.0
14643,9.514905214309692,2390,100.0,100.0,100.0
14650,9.518430709838867,2390,100.0,100.0,100.0
14660,9.525492906570435,2390,100.0,100.0,100.0
14670,9.533262252807617,2390,100.0,100.0,100.0
14677,9.538048505783081,2390,100.0,100.0,100.0
14680,9.539798736572266,2390,100.0,100.0,100.0
14690,9.545739889144897,2390,100.0,100.0,100.0
14700,9.552795886993408,2390,100.0,100.0,100.0
14708,9.557987689971924,2390,100.0,100.0,100.0
14710,9.558834552764893,2390,100.0,100.0,100.0
14720,9.565985202789307,2390,100.0,100.0,100.0
14729,9.574052572250366,2390,100.0,100.0,100.0
14730,9.574407815933228,2390,100.0,100.0,100.0
14735,9.577152252197266,2390,100.0,100.0,100.0
14740,9.580684661865234,2390,100.0,100.0,100.0
14741,9.581158876419067,2390,100.0,100.0,100.0
14742,9.581629514694214,2390,100.0,100.0,100.0
14749,9.585203886032104,2390,100.0,100.0,100.0
14750,9.586321353912354,2390,100.0,100.0,100.0
14760,9.59300184249878,2390,100.0,100.0,100.0
14766,9.596522092819214,2390,100.0,100.0,100.0
14770,9.599247217178345,2390,100.0,100.0,100.0
14780,9.605008840560913,2390,100.0,100.0,100.0
14790,9.61317491531372,2390,100.0,100.0,100.0
14800,9.618717193603516,2390,100.0,100.0,100.0
14810,9.625444412231445,2390,100.0,100.0,100.0
14820,9.630616903305054,2390,100.0,100.0,100.0
14830,9.638782978057861,2390,100.0,100.0,100.0
14840,9.649536609649658,2390,100.0,100.0,100.0
14846,9.654675245285034,2390,100.0,100.0,100.0
14850,9.657875776290894,2390,100.0,100.0,100.0
14860,9.664621591567993,2390,100.0,100.0,100.0
14870,9.671676397323608,2390,100.0,100.0,100.0
14880,9.677436828613281,2390,100.0,100.0,100.0
14890,9.681856393814087,2390,100.0,100.0,100.0
14900,9.68549108505249,2390,100.0,100.0,100.0
14903,9.687482118606567,2390,100.0,100.0,100.0
14910,9.689819812774658,2390,100.0,100.0,100.0
14913,9.692567348480225,2390,100.0,100.0,100.0
14919,9.695522546768188,2390,100.0,100.0,100.0
14920,9.696450471878052,2390,100.0,100.0,100.0
14930,9.70276403427124,2390,100.0,100.0,100.0
14932,9.704328298568726,2390,100.0,100.0,100.0
14940,9.71027660369873,2390,100.0,100.0,100.0
14950,9.715946197509766,2390,100.0,100.0,100.0
14960,9.72193956375122,2390,100.0,100.0,100.0
14970,9.729008436203003,2390,100.0,100.0,100.0
14980,9.73508071899414,2390,100.0,100.0,100.0
14990,9.741822719573975,2390,100.0,100.0,100.0
15000,9.747732877731323,2390,100.0,100.0,100.0
15001,9.74821400642395,2390,100.0,100.0,100.0
15010,9.75288701057434,2390,100.0,100.0,100.0
15016,9.757452726364136,2390,100.0,100.0,100.0
15020,9.760815858840942,2390,100.0,100.0,100.0
15030,9.76707911491394,2390,100.0,100.0,100.0
15040,9.775941610336304,2390,100.0,100.0,100.0
15050,9.781954050064087,2390,100.0,100.0,100.0
15060,9.7879478931427,2390,100.0,100.0,100.0
15070,9.79296326637268,2390,100.0,100.0,100.0
15080,9.79838490486145,2390,100.0,100.0,100.0
15090,9.805552959442139,2390,100.0,100.0,100.0
15100,9.813948631286621,2390,100.0,100.0,100.0
15105,9.816568374633789,2390,100.0,100.0,100.0
15110,9.819983720779419,2390,100.0,100.0,100.0
15120,9.825089454650879,2390,100.0,100.0,100.0
15127,9.829418659210205,2390,100.0,100.0,100.0
15130,9.83211898803711,2390,100.0,100.0,100.0
15138,9.837528944015503,2390,100.0,100.0,100.0
15140,9.838701248168945,2390,100.0,100.0,100.0
15150,9.845105409622192,2390,100.0,100.0,100.0
15160,9.852482318878174,2390,100.0,100.0,100.0
15170,9.857433080673218,2390,100.0,100.0,100.0
15180,9.866691589355469,2390,100.0,100.0,100.0
15190,9.875951766967773,2390,100.0,100.0,100.0
15200,9.882479429244995,2390,100.0,100.0,100.0
15208,9.88710355758667,2390,100.0,100.0,100.0
15210,9.889241456985474,2390,100.0,100.0,100.0
15213,9.891633987426758,2390,100.0,100.0,100.0
15215,9.892529487609863,2390,100.0,100.0,100.0
15216,9.89304494857788,2390,100.0,100.0,100.0
15220,9.895722389221191,2390,100.0,100.0,100.0
15230,9.904174089431763,2390,100.0,100.0,100.0
15240,9.915492534637451,2390,100.0,100.0,100.0
15244,9.919589757919312,2390,100.0,100.0,100.0
15250,9.926793336868286,2390,100.0,100.0,100.0
15260,9.933223247528076,2390,100.0,100.0,100.0
15263,9.934988260269165,2390,100.0,100.0,100.0
15270,9.939841508865356,2390,100.0,100.0,100.0
15280,9.948639631271362,2390,100.0,100.0,100.0
15290,9.956719160079956,2390,100.0,100.0,100.0
15300,9.964327573776245,2390,100.0,100.0,100.0
15310,9.974319696426392,2390,100.0,100.0,100.0
15320,9.978733777999878,2390,100.0,100.0,100.0
15330,9.988034009933472,2390,100.0,100.0,100.0
15340,9.994143962860107,2390,100.0,100.0,100.0
15349,10.000307559967041,2390,100.0,100.0,100.0
15350,10.001250267028809,2390,100.0,100.0,100.0
15360,10.007404565811157,2390,100.0,100.0,100.0
15361,10.007869005203247,2390,100.0,100.0,100.0
15370,10.013028860092163,2390,100.0,100.0,100.0
15372,10.013728857040405,2390,100.0,100.0,100.0
15380,10.019666194915771,2390,100.0,100.0,100.0
15390,10.027128219604492,2390,100.0,100.0,100.0
15400,10.034448146820068,2390,100.0,100.0,100.0
15410,10.0410897731781,2390,100.0,100.0,100.0
15415,10.045353412628174,2390,100.0,100.0,100.0
15420,10.04992151260376,2390,100.0,100.0,100.0
15423,10.052138328552246,2390,100.0,100.0,100.0
15430,10.056478261947632,2390,100.0,100.0,100.0
15439,10.062464237213135,2390,100.0,100.0,100.0
15440,10.062849760055542,2390,100.0,100.0,100.0
15450,10.069007158279419,2390,100.0,100.0,100.0
15460,10.07402753829956,2390,100.0,100.0,100.0
15470,10.079928636550903,2390,100.0,100.0,100.0
15480,10.089247703552246,2390,100.0,100.0,100.0
15490,10.094518899917603,2390,100.0,100.0,100.0
15492,10.095756769180298,2390,100.0,100.0,100.0
15500,10.103031158447266,2390,100.0,100.0,100.0
15510,10.110878705978394,2390,100.0,100.0,100.0
15520,10.118450403213501,2390,100.0,100.0,100.0
15530,10.124289989471436,2390,100.0,100.0,100.0
15537,10.129197835922241,2390,100.0,100.0,100.0
15540,10.130180597305298,2390,100.0,100.0,100.0
15542,10.131121158599854,2390,100.0,100.0,100.0
15550,10.134971857070923,2390,100.0,100.0,100.0
15560,10.139975786209106,2390,100.0,100.0,100.0
15570,10.148662805557251,2390,100.0,100.0,100.0
15580,10.156034708023071,2390,100.0,100.0,100.0
15590,10.161021947860718,2390,100.0,100.0,100.0
15591,10.161516189575195,2390,100.0,100.0,100.0
15600,10.168631792068481,2390,100.0,100.0,100.0
15610,10.174118518829346,2390,100.0,100.0,100.0
15620,10.181881189346313,2390,100.0,100.0,100.0
15630,10.188743591308594,2390,100.0,100.0,100.0
15640,10.198810577392578,2390,100.0,100.0,100.0
15642,10.199751138687134,2390,100.0,100.0,100.0
15650,10.203054428100586,2390,100.0,100.0,100.0
15660,10.210002183914185,2390,100.0,100.0,100.0
15669,10.215844631195068,2390,100.0,100.0,100.0
15670,10.217074394226074,2390,100.0,100.0,100.0
15680,10.224731206893921,2390,100.0,100.0,100.0
15690,10.230124950408936,2390,100.0,100.0,100.0
15692,10.231094360351562,2390,100.0,100.0,100.0
15694,10.23197603225708,2390,100.0,100.0,100.0
15700,10.235689640045166,2390,100.0,100.0,100.0
15710,10.241747379302979,2390,100.0,100.0,100.0
15720,10.247978687286377,2390,100.0,100.0,100.0
15722,10.248701810836792,2390,100.0,100.0,100.0
15730,10.252607107162476,2390,100.0,100.0,100.0
15740,10.258844375610352,2390,100.0,100.0,100.0
15745,10.261889457702637,2390,100.0,100.0,100.0
15746,10.26227355003357,2390,100.0,100.0,100.0
15747,10.262640476226807,2390,100.0,100.0,100.0
15749,10.26317548751831,2390,100.0,100.0,100.0
15750,10.263479471206665,2390,100.0,100.0,100.0
15760,10.268723964691162,2390,100.0,100.0,100.0
15763,10.271193981170654,2390,100.0,100.0,100.0
15770,10.274621486663818,2390,100.0,100.0,100.0
15780,10.281351804733276,2390,100.0,100.0,100.0
15786,10.284637451171875,2390,100.0,100.0,100.0
15787,10.285004138946533,2390,100.0,100.0,100.0
15790,10.287359952926636,2390,100.0,100.0,100.0
15791,10.28781247138977,2390,100.0,100.0,100.0
15800,10.29442024230957,2390,100.0,100.0,100.0
15802,10.295851469039917,2390,100.0,100.0,100.0
15810,10.300247192382812,2390,100.0,100.0,100.0
15819,10.305864810943604,2390,100.0,100.0,100.0
15820,10.30603814125061,2390,100.0,100.0,100.0
15830,10.312701940536499,2390,100.0,100.0,100.0
15832,10.31339430809021,2390,100.0,100.0,100.0
15836,10.316679954528809,2390,100.0,100.0,100.0
15840,10.318857669830322,2390,100.0,100.0,100.0
15850,10.324016332626343,2390,100.0,100.0,100.0
15859,10.329729080200195,2390,100.0,100.0,100.0
15860,10.33003044128418,2390,100.0,100.0,100.0
15870,10.335472583770752,2390,100.0,100.0,100.0
15879,10.340990781784058,2390,100.0,100.0,100.0
15880,10.341360569000244,2390,100.0,100.0,100.0
15882,10.34196925163269,2390,100.0,100.0,100.0
15890,10.347856521606445,2390,100.0,100.0,100.0
15896,10.35071063041687,2390,100.0,100.0,100.0
15900,10.352453708648682,2390,100.0,100.0,100.0
15910,10.356302976608276,2390,100.0,100.0,100.0
15920,10.360723733901978,2390,100.0,100.0,100.0
15930,10.365303993225098,2390,100.0,100.0,100.0
15940,10.369927644729614,2390,100.0,100.0,100.0
15944,10.372708797454834,2390,100.0,100.0,100.0
15950,10.377528190612793,2390,100.0,100.0,100.0
15956,10.380959749221802,2390,100.0,100.0,100.0
15960,10.383019924163818,2390,100.0,100.0,100.0
15970,10.3890221118927,2390,100.0,100.0,100.0
15980,10.394018173217773,2390,100.0,100.0,100.0
15981,10.394407272338867,2390,100.0,100.0,100.0
15990,10.399635791778564,2390,100.0,100.0,100.0
15996,10.403067350387573,2390,100.0,100.0,100.0
16000,10.40432596206665,2390,100.0,100.0,100.0
16010,10.409159183502197,2390,100.0,100.0,100.0
16020,10.413784503936768,2390,100.0,100.0,100.0
16030,10.420454263687134,2390,100.0,100.0,100.0
16040,10.42660927772522,2390,100.0,100.0,100.0
16047,10.430947065353394,2390,100.0,100.0,100.0
16050,10.432342529296875,2390,100.0,100.0,100.0
16060,10.436856269836426,2390,100.0,100.0,100.0
16070,10.442814826965332,2390,100.0,100.0,100.0
16080,10.447538137435913,2390,100.0,100.0,100.0
16090,10.455756664276123,2390,100.0,100.0,100.0
16093,10.456690549850464,2390,100.0,100.0,100.0
16100,10.462064027786255,2390,100.0,100.0,100.0
16110,10.46881628036499,2390,100.0,100.0,100.0
16120,10.47504448890686,2390,100.0,100.0,100.0
16122,10.475784063339233,2390,100.0,100.0,100.0
16130,10.480268478393555,2390,100.0,100.0,100.0
16140,10.486124038696289,2390,100.0,100.0,100.0
16145,10.489214897155762,2390,100.0,100.0,100.0
16150,10.492204666137695,2390,100.0,100.0,100.0
16160,10.496163129806519,2390,100.0,100.0,100.0
16170,10.502836227416992,2390,100.0,100.0,100.0
16178,10.506334066390991,2390,100.0,100.0,100.0
16180,10.506955623626709,2390,100.0,100.0,100.0
16184,10.50835132598877,2390,100.0,100.0,100.0
16190,10.511813640594482,2390,100.0,100.0,100.0
16200,10.518003702163696,2390,100.0,100.0,100.0
16201,10.51839017868042,2390,100.0,100.0,100.0
16210,10.52392315864563,2390,100.0,100.0,100.0
16220,10.528485774993896,2390,100.0,100.0,100.0
16230,10.534483671188354,2390,100.0,100.0,100.0
16234,10.536632776260376,2390,100.0,100.0,100.0
16240,10.539894580841064,2390,100.0,100.0,100.0
16242,10.54131031036377,2390,100.0,100.0,100.0
16244,10.542738199234009,2390,100.0,100.0,100.0
16247,10.544458389282227,2390,100.0,100.0,100.0
16250,10.546696186065674,2390,100.0,100.0,100.0
16254,10.548042297363281,2390,100.0,100.0,100.0
16260,10.55088210105896,2390,100.0,100.0,100.0
16263,10.552661657333374,2390,100.0,100.0,100.0
16264,10.553029537200928,2390,100.0,100.0,100.0
16270,10.558433771133423,2390,100.0,100.0,100.0
16280,10.563777685165405,2390,100.0,100.0,100.0
16290,10.570891380310059,2390,100.0,100.0,100.0
16295,10.57349419593811,2390,100.0,100.0,100.0
16300,10.576979637145996,2390,100.0,100.0,100.0
16303,10.578676223754883,2390,100.0,100.0,100.0
16306,10.579771518707275,2390,100.0,100.0,100.0
16310,10.581993341445923,2390,100.0,100.0,100.0
16320,10.58748483657837,2390,100.0,100.0,100.0
16330,10.592014074325562,2390,100.0,100.0,100.0
16340,10.598396062850952,2390,100.0,100.0,100.0
16350,10.603652477264404,2390,100.0,100.0,100.0
16360,10.610779523849487,2390,100.0,100.0,100.0
16361,10.61116647720337,2390,100.0,100.0,100.0
16370,10.618123531341553,2390,100.0,100.0,100.0
16373,10.61920714378357,2390,100.0,100.0,100.0
16380,10.622734546661377,2390,100.0,100.0,100.0
16390,10.629278182983398,2390,100.0,100.0,100.0
16391,10.629689693450928,2390,100.0,100.0,100.0
16400,10.634224891662598,2390,100.0,100.0,100.0
16409,10.639534950256348,2390,100.0,100.0,100.0
16410,10.640568494796753,2390,100.0,100.0,100.0
16420,10.646148443222046,2390,100.0,100.0,100.0
16430,10.652973890304565,2390,100.0,100.0,100.0
16431,10.653366088867188,2390,100.0,100.0,100.0
16440,10.657946348190308,2390,100.0,100.0,100.0
16450,10.663405418395996,2390,100.0,100.0,100.0
16460,10.66850471496582,2390,100.0,100.0,100.0
16462,10.669135570526123,2390,100.0,100.0,100.0
16470,10.673139333724976,2390,100.0,100.0,100.0
16480,10.679231643676758,2390,100.0,100.0,100.0
16486,10.68167233467102,2390,100.0,100.0,100.0
16490,10.683574914932251,2390,100.0,100.0,100.0
16500,10.689797401428223,2390,100.0,100.0,100.0
16505,10.692144632339478,2390,100.0,100.0,100.0
16510,10.695225954055786,2390,100.0,100.0,100.0
16518,10.70075535774231,2390,100.0,100.0,100.0
16520,10.701245307922363,2390,100.0,100.0,100.0
16530,10.708011865615845,2390,100.0,100.0,100.0
16540,10.714953899383545,2390,100.0,100.0,100.0
16541,10.715401411056519,2390,100.0,100.0,100.0
16550,10.720120668411255,2390,100.0,100.0,100.0
16560,10.726537704467773,2390,100.0,100.0,100.0
16570,10.731537580490112,2390,100.0,100.0,100.0
16580,10.740116357803345,2390,100.0,100.0,100.0
16585,10.744128942489624,2390,100.0,100.0,100.0
16590,10.747081279754639,2390,100.0,100.0,100.0
16591,10.747499465942383,2390,100.0,100.0,100.0
16600,10.752458095550537,2390,100.0,100.0,100.0
16608,10.756919384002686,2390,100.0,100.0,100.0
16610,10.757682800292969,2390,100.0,100.0,100.0
16615,10.761628866195679,2390,100.0,100.0,100.0
16620,10.764309644699097,2390,100.0,100.0,100.0
16623,10.766157627105713,2390,100.0,100.0,100.0
16630,10.76980185508728,2390,100.0,100.0,100.0
16640,10.774912118911743,2390,100.0,100.0,100.0
16650,10.781031608581543,2390,100.0,100.0,100.0
16660,10.785500288009644,2390,100.0,100.0,100.0
16665,10.788461446762085,2390,100.0,100.0,100.0
16670,10.790013074874878,2390,100.0,100.0,100.0
16677,10.793701648712158,2390,100.0,100.0,100.0
16680,10.795445919036865,2390,100.0,100.0,100.0
16690,10.801985263824463,2390,100.0,100.0,100.0
16699,10.80705189704895,2390,100.0,100.0,100.0
16700,10.807433843612671,2390,100.0,100.0,100.0
16710,10.812385559082031,2390,100.0,100.0,100.0
16720,10.817354202270508,2390,100.0,100.0,100.0
16729,10.82318639755249,2390,100.0,100.0,100.0
16730,10.823367595672607,2390,100.0,100.0,100.0
16740,10.829522132873535,2390,100.0,100.0,100.0
16750,10.836735248565674,2390,100.0,100.0,100.0
16760,10.8411865234375,2390,100.0,100.0,100.0
16762,10.841916799545288,2390,100.0,100.0,100.0
16768,10.845982551574707,2390,100.0,100.0,100.0
16770,10.846609354019165,2390,100.0,100.0,100.0
16780,10.85161566734314,2390,100.0,100.0,100.0
16790,10.857717037200928,2390,100.0,100.0,100.0
16800,10.861678838729858,2390,100.0,100.0,100.0
16810,10.867581367492676,2390,100.0,100.0,100.0
16816,10.871323585510254,2390,100.0,100.0,100.0
16820,10.87319040298462,2390,100.0,100.0,100.0
16830,10.879185914993286,2390,100.0,100.0,100.0
16840,10.883954048156738,2390,100.0,100.0,100.0
16850,10.89010763168335,2390,100.0,100.0,100.0
16860,10.894678354263306,2390,100.0,100.0,100.0
16870,10.900884866714478,2390,100.0,100.0,100.0
16877,10.904736280441284,2390,100.0,100.0,100.0
16880,10.906286239624023,2390,100.0,100.0,100.0
16889,10.912919759750366,2390,100.0,100.0,100.0
16890,10.913954257965088,2390,100.0,100.0,100.0
16900,10.916882753372192,2390,100.0,100.0,100.0
16908,10.92021107673645,2390,100.0,100.0,100.0
16910,10.9208242893219,2390,100.0,100.0,100.0
16913,10.92264199256897,2390,100.0,100.0,100.0
16920,10.928098678588867,2390,100.0,100.0,100.0
16930,10.935632467269897,2390,100.0,100.0,100.0
16940,10.941104888916016,2390,100.0,100.0,100.0
16946,10.943573236465454,2390,100.0,100.0,100.0
16950,10.945673704147339,2390,100.0,100.0,100.0
16953,10.946594953536987,2390,100.0,100.0,100.0
16960,10.950974464416504,2390,100.0,100.0,100.0
16966,10.955089569091797,2390,100.0,100.0,100.0
16970,10.956508874893188,2390,100.0,100.0,100.0
16971,10.957011699676514,2390,100.0,100.0,100.0
16980,10.961772441864014,2390,100.0,100.0,100.0
16988,10.966023683547974,2390,100.0,100.0,100.0
16990,10.96744680404663,2390,100.0,100.0,100.0
17000,10.975417613983154,2390,100.0,100.0,100.0
17010,10.984493494033813,2390,100.0,100.0,100.0
17020,10.989961862564087,2390,100.0,100.0,100.0
17030,10.997156858444214,2390,100.0,100.0,100.0
17040,11.002811908721924,2390,100.0,100.0,100.0
17044,11.004945039749146,2390,100.0,100.0,100.0
17050,11.00841474533081,2390,100.0,100.0,100.0
17060,11.015788078308105,2390,100.0,100.0,100.0
17066,11.0184965133667,2390,100.0,100.0,100.0
17067,11.018880367279053,2390,100.0,100.0,100.0
17070,11.020552635192871,2390,100.0,100.0,100.0
17079,11.025609016418457,2390,100.0,100.0,100.0
17080,11.025944948196411,2390,100.0,100.0,100.0
17090,11.032891750335693,2390,100.0,100.0,100.0
17100,11.040501594543457,2390,100.0,100.0,100.0
17103,11.042280912399292,2390,100.0,100.0,100.0
17110,11.046142101287842,2390,100.0,100.0,100.0
17120,11.052817821502686,2390,100.0,100.0,100.0
17130,11.058657884597778,2390,100.0,100.0,100.0
17140,11.063414335250854,2390,100.0,100.0,100.0
17150,11.068595886230469,2390,100.0,100.0,100.0
17160,11.074037313461304,2390,100.0,100.0,100.0
17170,11.080040454864502,2390,100.0,100.0,100.0
17180,11.084176540374756,2390,100.0,100.0,100.0
17185,11.086604595184326,2390,100.0,100.0,100.0
17190,11.089659929275513,2390,100.0,100.0,100.0
17200,11.097540855407715,2390,100.0,100.0,100.0
17210,11.10645079612732,2390,100.0,100.0,100.0
17220,11.11316466331482,2390,100.0,100.0,100.0
17230,11.117990732192993,2390,100.0,100.0,100.0
17240,11.124956607818604,2390,100.0,100.0,100.0
17241,11.125351905822754,2390,100.0,100.0,100.0
17250,11.130448818206787,2390,100.0,100.0,100.0
17256,11.133054256439209,2390,100.0,100.0,100.0
17260,11.13589334487915,2390,100.0,100.0,100.0
17263,11.13774299621582,2390,100.0,100.0,100.0
17270,11.142348527908325,2390,100.0,100.0,100.0
17273,11.143494129180908,2390,100.0,100.0,100.0
17280,11.14785361289978,2390,100.0,100.0,100.0
17282,11.149311065673828,2390,100.0,100.0,100.0
17290,11.154490947723389,2390,100.0,100.0,100.0
17298,11.159473896026611,2390,100.0,100.0,100.0
17300,11.160044193267822,2390,100.0,100.0,100.0
17310,11.167630910873413,2390,100.0,100.0,100.0
17320,11.175302743911743,2390,100.0,100.0,100.0
17330,11.180905103683472,2390,100.0,100.0,100.0
17340,11.187044143676758,2390,100.0,100.0,100.0
17350,11.195854187011719,2390,100.0,100.0,100.0
17360,11.201479434967041,2390,100.0,100.0,100.0
17370,11.207807540893555,2390,100.0,100.0,100.0
17380,11.213690042495728,2390,100.0,100.0,100.0
17390,11.220205068588257,2390,100.0,100.0,100.0
17400,11.22634220123291,2390,100.0,100.0,100.0
17410,11.232794761657715,2390,100.0,100.0,100.0
17420,11.237497806549072,2390,100.0,100.0,100.0
17428,11.24098825454712,2390,100.0,100.0,100.0
17430,11.242293119430542,2390,100.0,100.0,100.0
17440,11.247728109359741,2390,100.0,100.0,100.0
17448,11.252929449081421,2390,100.0,100.0,100.0
17450,11.253654479980469,2390,100.0,100.0,100.0
17460,11.25907015800476,2390,100.0,100.0,100.0
17465,11.262006521224976,2390,100.0,100.0,100.0
17470,11.26460862159729,2390,100.0,100.0,100.0
17477,11.267250061035156,2390,100.0,100.0,100.0
17480,11.268160104751587,2390,100.0,100.0,100.0
17490,11.274388313293457,2390,100.0,100.0,100.0
17500,11.280049800872803,2390,100.0,100.0,100.0
17506,11.283595323562622,2390,100.0,100.0,100.0
17510,11.286274433135986,2390,100.0,100.0,100.0
17513,11.28720760345459,2390,100.0,100.0,100.0
17520,11.293313026428223,2390,100.0,100.0,100.0
17530,11.300700426101685,2390,100.0,100.0,100.0
17540,11.307937860488892,2390,100.0,100.0,100.0
17549,11.313255548477173,2390,100.0,100.0,100.0
17550,11.314310312271118,2390,100.0,100.0,100.0
17560,11.318817138671875,2390,100.0,100.0,100.0
17570,11.325528383255005,2390,100.0,100.0,100.0
17574,11.326927185058594,2390,100.0,100.0,100.0
17580,11.328842878341675,2390,100.0,100.0,100.0
17590,11.33368730545044,2390,100.0,100.0,100.0
17600,11.337521314620972,2390,100.0,100.0,100.0
17610,11.342506408691406,2390,100.0,100.0,100.0
17620,11.347869634628296,2390,100.0,100.0,100.0
17629,11.354466438293457,2390,100.0,100.0,100.0
17630,11.354888200759888,2390,100.0,100.0,100.0
17640,11.3612539768219,2390,100.0,100.0,100.0
17650,11.366605997085571,2390,100.0,100.0,100.0
17660,11.373394966125488,2390,100.0,100.0,100.0
17661,11.373836517333984,2390,100.0,100.0,100.0
17670,11.380089521408081,2390,100.0,100.0,100.0
17677,11.383270025253296,2390,100.0,100.0,100.0
17680,11.385806798934937,2390,100.0,100.0,100.0
17690,11.3918297290802,2390,100.0,100.0,100.0
17700,11.397823333740234,2390,100.0,100.0,100.0
17710,11.405851364135742,2390,100.0,100.0,100.0
17715,11.40914535522461,2390,100.0,100.0,100.0
17720,11.412358045578003,2390,100.0,100.0,100.0
17730,11.418652772903442,2390,100.0,100.0,100.0
17736,11.422733545303345,2390,100.0,100.0,100.0
17740,11.424796342849731,2390,100.0,100.0,100.0
17750,11.431900024414062,2390,100.0,100.0,100.0
17753,11.434213399887085,2390,100.0,100.0,100.0
17760,11.438735961914062,2390,100.0,100.0,100.0
17770,11.44559931755066,2390,100.0,100.0,100.0
17774,11.4478120803833,2390,100.0,100.0,100.0
17777,11.449716806411743,2390,100.0,100.0,100.0
17780,11.45203185081482,2390,100.0,100.0,100.0
17790,11.45882773399353,2390,100.0,100.0,100.0
17800,11.465198993682861,2390,100.0,100.0,100.0
17810,11.471647500991821,2390,100.0,100.0,100.0
17820,11.479063749313354,2390,100.0,100.0,100.0
17830,11.485199213027954,2390,100.0,100.0,100.0
17840,11.49179458618164,2390,100.0,100.0,100.0
17850,11.497002601623535,2390,100.0,100.0,100.0
17860,11.504041910171509,2390,100.0,100.0,100.0
17870,11.51056957244873,2390,100.0,100.0,100.0
17880,11.514755487442017,2390,100.0,100.0,100.0
17890,11.521857023239136,2390,100.0,100.0,100.0
17900,11.52904486656189,2390,100.0,100.0,100.0
17903,11.530061483383179,2390,100.0,100.0,100.0
17910,11.532591104507446,2390,100.0,100.0,100.0
17920,11.538166522979736,2390,100.0,100.0,100.0
17923,11.540600776672363,2390,100.0,100.0,100.0
17930,11.54463529586792,2390,100.0,100.0,100.0
17940,11.552101850509644,2390,100.0,100.0,100.0
17946,11.555986642837524,2390,100.0,100.0,100.0
17950,11.560057163238525,2390,100.0,100.0,100.0
17960,11.565017461776733,2390,100.0,100.0,100.0
17970,11.568989753723145,2390,100.0,100.0,100.0
17975,11.572216510772705,2390,100.0,100.0,100.0
17976,11.57265043258667,2390,100.0,100.0,100.0
17980,11.57387399673462,2390,100.0,100.0,100.0
17990,11.580206871032715,2390,100.0,100.0,100.0
18000,11.587419986724854,2390,100.0,100.0,100.0
18010,11.59335970878601,2390,100.0,100.0,100.0
18020,11.598250150680542,2390,100.0,100.0,100.0
18030,11.604826211929321,2390,100.0,100.0,100.0
18040,11.612539529800415,2390,100.0,100.0,100.0
18046,11.61595106124878,2390,100.0,100.0,100.0
18050,11.619955062866211,2390,100.0,100.0,100.0
18060,11.626863479614258,2390,100.0,100.0,100.0
18061,11.627286672592163,2390,100.0,100.0,100.0
18070,11.63152527809143,2390,100.0,100.0,100.0
18080,11.637588024139404,2390,100.0,100.0,100.0
18090,11.644473552703857,2390,100.0,100.0,100.0
18100,11.651648759841919,2390,100.0,100.0,100.0
18110,11.660955667495728,2390,100.0,100.0,100.0
18116,11.664809465408325,2390,100.0,100.0,100.0
18120,11.667759895324707,2390,100.0,100.0,100.0
18128,11.672213554382324,2390,100.0,100.0,100.0
18130,11.673537492752075,2390,100.0,100.0,100.0
18140,11.680525064468384,2390,100.0,100.0,100.0
18150,11.687052965164185,2390,100.0,100.0,100.0
18160,11.691824197769165,2390,100.0,100.0,100.0
18170,11.698658466339111,2390,100.0,100.0,100.0
18180,11.705087900161743,2390,100.0,100.0,100.0
18188,11.710827827453613,2390,100.0,100.0,100.0
18190,11.71152663230896,2390,100.0,100.0,100.0
18200,11.715710163116455,2390,100.0,100.0,100.0
18210,11.721976041793823,2390,100.0,100.0,100.0
18220,11.730236291885376,2390,100.0,100.0,100.0
18228,11.73527717590332,2390,100.0,100.0,100.0
18230,11.73583698272705,2390,100.0,100.0,100.0
18240,11.741650581359863,2390,100.0,100.0,100.0
18250,11.746412515640259,2390,100.0,100.0,100.0
18260,11.752445459365845,2390,100.0,100.0,100.0
18270,11.75946593284607,2390,100.0,100.0,100.0
18280,11.763588666915894,2390,100.0,100.0,100.0
18290,11.767006158828735,2390,100.0,100.0,100.0
18300,11.773902177810669,2390,100.0,100.0,100.0
18302,11.774901866912842,2390,100.0,100.0,100.0
18310,11.780735969543457,2390,100.0,100.0,100.0
18320,11.786623239517212,2390,100.0,100.0,100.0
18322,11.787455797195435,2390,100.0,100.0,100.0
18330,11.79243516921997,2390,100.0,100.0,100.0
18337,11.796976089477539,2390,100.0,100.0,100.0
18340,11.798780918121338,2390,100.0,100.0,100.0
18347,11.803773880004883,2390,100.0,100.0,100.0
18350,11.804929971694946,2390,100.0,100.0,100.0
18360,11.812032461166382,2390,100.0,100.0,100.0
18370,11.817682266235352,2390,100.0,100.0,100.0
18380,11.82189655303955,2390,100.0,100.0,100.0
18390,11.829922199249268,2390,100.0,100.0,100.0
18399,11.83428168296814,2390,100.0,100.0,100.0
18400,11.834683656692505,2390,100.0,100.0,100.0
18410,11.84032678604126,2390,100.0,100.0,100.0
18420,11.847615242004395,2390,100.0,100.0,100.0
18428,11.85293436050415,2390,100.0,100.0,100.0
18430,11.853681802749634,2390,100.0,100.0,100.0
18440,11.859671354293823,2390,100.0,100.0,100.0
18450,11.867395401000977,2390,100.0,100.0,100.0
18460,11.872750759124756,2390,100.0,100.0,100.0
18470,11.880052328109741,2390,100.0,100.0,100.0
18480,11.887125253677368,2390,100.0,100.0,100.0
18482,11.888712406158447,2390,100.0,100.0,100.0
18490,11.89417028427124,2390,100.0,100.0,100.0
18496,11.897238731384277,2390,100.0,100.0,100.0
18500,11.90086841583252,2390,100.0,100.0,100.0
18510,11.907273530960083,2390,100.0,100.0,100.0
18520,11.913340091705322,2390,100.0,100.0,100.0
18530,11.920554399490356,2390,100.0,100.0,100.0
18535,11.924051284790039,2390,100.0,100.0,100.0
18540,11.9287588596344,2390,100.0,100.0,100.0
18550,11.932839393615723,2390,100.0,100.0,100.0
18559,11.937789678573608,2390,100.0,100.0,100.0
18560,11.939321517944336,2390,100.0,100.0,100.0
18566,11.943023443222046,2390,100.0,100.0,100.0
18570,11.94523286819458,2390,100.0,100.0,100.0
18580,11.9550940990448,2390,100.0,100.0,100.0
18590,11.960567235946655,2390,100.0,100.0,100.0
18600,11.964860439300537,2390,100.0,100.0,100.0
18603,11.965970277786255,2390,100.0,100.0,100.0
18606,11.967146635055542,2390,100.0,100.0,100.0
18610,11.970052003860474,2390,100.0,100.0,100.0
18620,11.978062391281128,2390,100.0,100.0,100.0
18624,11.980462312698364,2390,100.0,100.0,100.0
18630,11.982874631881714,2390,100.0,100.0,100.0
18640,11.987683296203613,2390,100.0,100.0,100.0
18649,11.99252700805664,2390,100.0,100.0,100.0
18650,11.992738485336304,2390,100.0,100.0,100.0
18652,11.994288206100464,2390,100.0,100.0,100.0
18660,11.997878551483154,2390,100.0,100.0,100.0
18670,12.003946542739868,2390,100.0,100.0,100.0
18680,12.009130477905273,2390,100.0,100.0,100.0
18690,12.01436161994934,2390,100.0,100.0,100.0
18700,12.018057584762573,2390,100.0,100.0,100.0
18710,12.023316860198975,2390,100.0,100.0,100.0
18720,12.028442621231079,2390,100.0,100.0,100.0
18730,12.035232067108154,2390,100.0,100.0,100.0
18740,12.04310655593872,2390,100.0,100.0,100.0
18750,12.049582719802856,2390,100.0,100.0,100.0
18760,12.054850578308105,2390,100.0,100.0,100.0
18770,12.062164783477783,2390,100.0,100.0,100.0
18780,12.067893743515015,2390,100.0,100.0,100.0
18787,12.073662996292114,2390,100.0,100.0,100.0
18790,12.074883699417114,2390,100.0,100.0,100.0
18800,12.080032587051392,2390,100.0,100.0,100.0
18808,12.084111213684082,2390,100.0,100.0,100.0
18810,12.085620164871216,2390,100.0,100.0,100.0
18820,12.092174291610718,2390,100.0,100.0,100.0
18821,12.092642784118652,2390,100.0,100.0,100.0
18830,12.096244096755981,2390,100.0,100.0,100.0
18835,12.098160028457642,2390,100.0,100.0,100.0
18840,12.100656986236572,2390,100.0,100.0,100.0
18850,12.107924461364746,2390,100.0,100.0,100.0
18860,12.114826679229736,2390,100.0,100.0,100.0
18870,12.121443033218384,2390,100.0,100.0,100.0
18880,12.127918243408203,2390,100.0,100.0,100.0
18890,12.134023904800415,2390,100.0,100.0,100.0
18900,12.140191793441772,2390,100.0,100.0,100.0
18905,12.143531322479248,2390,100.0,100.0,100.0
18910,12.146949052810669,2390,100.0,100.0,100.0
18920,12.154892444610596,2390,100.0,100.0,100.0
18926,12.159115314483643,2390,100.0,100.0,100.0
18930,12.162007808685303,2390,100.0,100.0,100.0
18940,12.1678626537323,2390,100.0,100.0,100.0
18945,12.17014217376709,2390,100.0,100.0,100.0
18950,12.173622846603394,2390,100.0,100.0,100.0
18960,12.179522514343262,2390,100.0,100.0,100.0
18970,12.184351205825806,2390,100.0,100.0,100.0
18980,12.19111967086792,2390,100.0,100.0,100.0
18990,12.194996118545532,2390,100.0,100.0,100.0
18993,12.199178457260132,2390,100.0,100.0,100.0
19000,12.202573299407959,2390,100.0,100.0,100.0
19010,12.209883213043213,2390,100.0,100.0,100.0
19013,12.211914777755737,2390,100.0,100.0,100.0
19019,12.215060949325562,2390,100.0,100.0,100.0
19020,12.21545934677124,2390,100.0,100.0,100.0
19030,12.22154712677002,2390,100.0,100.0,100.0
19032,12.222441911697388,2390,100.0,100.0,100.0
19034,12.224295377731323,2390,100.0,100.0,100.0
19040,12.229267835617065,2390,100.0,100.0,100.0
19044,12.232242584228516,2390,100.0,100.0,100.0
19047,12.234601497650146,2390,100.0,100.0,100.0
19050,12.237427711486816,2390,100.0,100.0,100.0
19052,12.238317489624023,2390,100.0,100.0,100.0
19060,12.244521856307983,2390,100.0,100.0,100.0
19063,12.246474742889404,2390,100.0,100.0,100.0
19070,12.250914096832275,2390,100.0,100.0,100.0
19074,12.25249695777893,2390,100.0,100.0,100.0
19080,12.257120132446289,2390,100.0,100.0,100.0
19090,12.267494916915894,2390,100.0,100.0,100.0
19100,12.275618553161621,2390,100.0,100.0,100.0
19109,12.282265901565552,2390,100.0,100.0,100.0
19110,12.283391237258911,2390,100.0,100.0,100.0
19118,12.287318229675293,2390,100.0,100.0,100.0
19120,12.288091659545898,2390,100.0,100.0,100.0
19130,12.294664144515991,2390,100.0,100.0,100.0
19140,12.300561666488647,2390,100.0,100.0,100.0
19150,12.305487632751465,2390,100.0,100.0,100.0
19160,12.312113761901855,2390,100.0,100.0,100.0
19170,12.320408821105957,2390,100.0,100.0,100.0
19180,12.32487678527832,2390,100.0,100.0,100.0
19190,12.329014778137207,2390,100.0,100.0,100.0
19198,12.335555076599121,2390,100.0,100.0,100.0
19200,12.33701467514038,2390,100.0,100.0,100.0
19201,12.337491989135742,2390,100.0,100.0,100.0
19210,12.34334421157837,2390,100.0,100.0,100.0
19219,12.349862813949585,2390,100.0,100.0,100.0
19220,12.35022521018982,2390,100.0,100.0,100.0
19230,12.356929540634155,2390,100.0,100.0,100.0
19238,12.36280369758606,2390,100.0,100.0,100.0
19240,12.364258527755737,2390,100.0,100.0,100.0
19250,12.370042562484741,2390,100.0,100.0,100.0
19260,12.375757217407227,2390,100.0,100.0,100.0
19269,12.383061647415161,2390,100.0,100.0,100.0
19270,12.384134769439697,2390,100.0,100.0,100.0
19280,12.38981580734253,2390,100.0,100.0,100.0
19290,12.394782066345215,2390,100.0,100.0,100.0
19294,12.39791202545166,2390,100.0,100.0,100.0
19300,12.400956630706787,2390,100.0,100.0,100.0
19310,12.40507960319519,2390,100.0,100.0,100.0
19320,12.412295818328857,2390,100.0,100.0,100.0
19330,12.417287111282349,2390,100.0,100.0,100.0
19340,12.42322063446045,2390,100.0,100.0,100.0
19350,12.427401065826416,2390,100.0,100.0,100.0
19360,12.435418367385864,2390,100.0,100.0,100.0
19370,12.440643787384033,2390,100.0,100.0,100.0
19380,12.446991443634033,2390,100.0,100.0,100.0
19390,12.452323198318481,2390,100.0,100.0,100.0
19400,12.459581851959229,2390,100.0,100.0,100.0
19410,12.466281652450562,2390,100.0,100.0,100.0
19420,12.471309423446655,2390,100.0,100.0,100.0
19430,12.47662615776062,2390,100.0,100.0,100.0
19440,12.480594635009766,2390,100.0,100.0,100.0
19450,12.485032796859741,2390,100.0,100.0,100.0
19455,12.489251136779785,2390,100.0,100.0,100.0
19460,12.493202686309814,2390,100.0,100.0,100.0
19470,12.496710062026978,2390,100.0,100.0,100.0
19480,12.502705097198486,2390,100.0,100.0,100.0
19483,12.504738807678223,2390,100.0,100.0,100.0
19490,12.508118629455566,2390,100.0,100.0,100.0
19491,12.508601665496826,2390,100.0,100.0,100.0
19500,12.512645959854126,2390,100.0,100.0,100.0
19507,12.516772747039795,2390,100.0,100.0,100.0
19510,12.518757581710815,2390,100.0,100.0,100.0
19511,12.51923656463623,2390,100.0,100.0,100.0
19520,12.523111581802368,2390,100.0,100.0,100.0
19530,12.528838396072388,2390,100.0,100.0,100.0
19540,12.53566575050354,2390,100.0,100.0,100.0
19550,12.541671514511108,2390,100.0,100.0,100.0
19560,12.548169612884521,2390,100.0,100.0,100.0
19570,12.554827451705933,2390,100.0,100.0,100.0
19580,12.561476707458496,2390,100.0,100.0,100.0
19590,12.570089101791382,2390,100.0,100.0,100.0
19600,12.577251195907593,2390,100.0,100.0,100.0
19607,12.58160948753357,2390,100.0,100.0,100.0
19610,12.58349323272705,2390,100.0,100.0,100.0
19612,12.584367990493774,2390,100.0,100.0,100.0
19618,12.586864471435547,2390,100.0,100.0,100.0
19620,12.587658166885376,2390,100.0,100.0,100.0
19626,12.591579914093018,2390,100.0,100.0,100.0
19630,12.593729734420776,2390,100.0,100.0,100.0
19632,12.595699787139893,2390,100.0,100.0,100.0
19640,12.59992790222168,2390,100.0,100.0,100.0
19650,12.606594800949097,2390,100.0,100.0,100.0
19658,12.612909317016602,2390,100.0,100.0,100.0
19660,12.613727569580078,2390,100.0,100.0,100.0
19670,12.622119188308716,2390,100.0,100.0,100.0
19678,12.628855228424072,2390,100.0,100.0,100.0
19680,12.629692792892456,2390,100.0,100.0,100.0
19690,12.636900186538696,2390,100.0,100.0,100.0
19700,12.642204761505127,2390,100.0,100.0,100.0
19702,12.644262075424194,2390,100.0,100.0,100.0
19710,12.650625705718994,2390,100.0,100.0,100.0
19717,12.6571626663208,2390,100.0,100.0,100.0
19720,12.659470796585083,2390,100.0,100.0,100.0
19730,12.667947769165039,2390,100.0,100.0,100.0
19740,12.673124074935913,2390,100.0,100.0,100.0
19750,12.680004119873047,2390,100.0,100.0,100.0
19760,12.686429500579834,2390,100.0,100.0,100.0
19770,12.690547704696655,2390,100.0,100.0,100.0
19772,12.691481113433838,2390,100.0,100.0,100.0
19780,12.69785189628601,2390,100.0,100.0,100.0
19781,12.698458194732666,2390,100.0,100.0,100.0
19790,12.70439600944519,2390,100.0,100.0,100.0
19795,12.707928657531738,2390,100.0,100.0,100.0
19800,12.71141791343689,2390,100.0,100.0,100.0
19810,12.716479063034058,2390,100.0,100.0,100.0
19820,12.723264694213867,2390,100.0,100.0,100.0
19830,12.731523513793945,2390,100.0,100.0,100.0
19834,12.734838247299194,2390,100.0,100.0,100.0
19840,12.738234043121338,2390,100.0,100.0,100.0
19841,12.738770246505737,2390,100.0,100.0,100.0
19850,12.743772506713867,2390,100.0,100.0,100.0
19858,12.747806310653687,2390,100.0,100.0,100.0
19860,12.74913215637207,2390,100.0,100.0,100.0
19870,12.756947040557861,2390,100.0,100.0,100.0
19880,12.76578140258789,2390,100.0,100.0,100.0
19890,12.772582054138184,2390,100.0,100.0,100.0
19900,12.779962539672852,2390,100.0,100.0,100.0
19910,12.784580945968628,2390,100.0,100.0,100.0
19917,12.788221597671509,2390,100.0,100.0,100.0
19920,12.79099154472351,2390,100.0,100.0,100.0
19930,12.798586368560791,2390,100.0,100.0,100.0
19940,12.8052077293396,2390,100.0,100.0,100.0
19944,12.808932065963745,2390,100.0,100.0,100.0
19950,12.81187105178833,2390,100.0,100.0,100.0
19960,12.817671298980713,2390,100.0,100.0,100.0
19970,12.823168992996216,2390,100.0,100.0,100.0
19980,12.8287672996521,2390,100.0,100.0,100.0
19982,12.829677104949951,2390,100.0,100.0,100.0
19990,12.835786819458008,2390,100.0,100.0,100.0
20000,12.841719627380371,2390,100.0,100.0,100.0
20010,12.84852409362793,2390,100.0,100.0,100.0
20020,12.855396032333374,2390,100.0,100.0,100.0
20023,12.85672402381897,2390,100.0,100.0,100.0
20026,12.85853362083435,2390,100.0,100.0,100.0
20030,12.860082149505615,2390,100.0,100.0,100.0
20040,12.866176843643188,2390,100.0,100.0,100.0
20043,12.867233991622925,2390,100.0,100.0,100.0
20050,12.871569395065308,2390,100.0,100.0,100.0
20055,12.874855279922485,2390,100.0,100.0,100.0
20060,12.878405332565308,2390,100.0,100.0,100.0
20070,12.884770631790161,2390,100.0,100.0,100.0
20080,12.893435001373291,2390,100.0,100.0,100.0
20087,12.898492336273193,2390,100.0,100.0,100.0
20090,12.900232076644897,2390,100.0,100.0,100.0
20100,12.908096313476562,2390,100.0,100.0,100.0
20110,12.915632486343384,2390,100.0,100.0,100.0
20118,12.921708822250366,2390,100.0,100.0,100.0
20120,12.92393970489502,2390,100.0,100.0,100.0
20130,12.9297935962677,2390,100.0,100.0,100.0
20138,12.93543791770935,2390,100.0,100.0,100.0
20140,12.93611192703247,2390,100.0,100.0,100.0
20142,12.936848878860474,2390,100.0,100.0,100.0
20150,12.941953897476196,2390,100.0,100.0,100.0
20160,12.947455644607544,2390,100.0,100.0,100.0
20169,12.952537536621094,2390,100.0,100.0,100.0
20170,12.95293927192688,2390,100.0,100.0,100.0
20180,12.957256555557251,2390,100.0,100.0,100.0
20190,12.964914083480835,2390,100.0,100.0,100.0
20194,12.968361139297485,2390,100.0,100.0,100.0
20200,12.97249984741211,2390,100.0,100.0,100.0
20206,12.97573208808899,2390,100.0,100.0,100.0
20210,12.978458881378174,2390,100.0,100.0,100.0
20220,12.985027551651001,2390,100.0,100.0,100.0
20230,12.991546630859375,2390,100.0,100.0,100.0
20240,12.997682809829712,2390,100.0,100.0,100.0
20241,12.998053073883057,2390,100.0,100.0,100.0
20242,12.99854063987732,2390,100.0,100.0,100.0
20250,13.00399661064148,2390,100.0,100.0,100.0
20255,13.007750272750854,2390,100.0,100.0,100.0
20260,13.010684490203857,2390,100.0,100.0,100.0
20265,13.012212753295898,2390,100.0,100.0,100.0
20270,13.014421463012695,2390,100.0,100.0,100.0
20280,13.020768404006958,2390,100.0,100.0,100.0
20290,13.026030778884888,2390,100.0,100.0,100.0
20291,13.026530027389526,2390,100.0,100.0,100.0
20296,13.028313875198364,2390,100.0,100.0,100.0
20300,13.03024697303772,2390,100.0,100.0,100.0
20310,13.034611701965332,2390,100.0,100.0,100.0
20320,13.039805889129639,2390,100.0,100.0,100.0
20330,13.04576325416565,2390,100.0,100.0,100.0
20333,13.046770811080933,2390,100.0,100.0,100.0
20340,13.05103588104248,2390,100.0,100.0,100.0
20350,13.056992769241333,2390,100.0,100.0,100.0
20355,13.060832977294922,2390,100.0,100.0,100.0
20360,13.063234329223633,2390,100.0,100.0,100.0
20370,13.069881916046143,2390,100.0,100.0,100.0
20372,13.070580959320068,2390,100.0,100.0,100.0
20380,13.073632001876831,2390,100.0,100.0,100.0
20385,13.075314044952393,2390,100.0,100.0,100.0
20390,13.077589750289917,2390,100.0,100.0,100.0
20395,13.080775022506714,2390,100.0,100.0,100.0
20400,13.083707332611084,2390,100.0,100.0,100.0
20410,13.088886737823486,2390,100.0,100.0,100.0
20420,13.096249341964722,2390,100.0,100.0,100.0
20430,13.101080179214478,2390,100.0,100.0,100.0
20437,13.10636591911316,2390,100.0,100.0,100.0
20440,13.108010292053223,2390,100.0,100.0,100.0
20442,13.109607934951782,2390,100.0,100.0,100.0
20445,13.111229181289673,2390,100.0,100.0,100.0
20450,13.114973545074463,2390,100.0,100.0,100.0
20460,13.12210988998413,2390,100.0,100.0,100.0
20470,13.129120826721191,2390,100.0,100.0,100.0
20477,13.132156372070312,2390,100.0,100.0,100.0
20480,13.133758544921875,2390,100.0,100.0,100.0
20481,13.134124994277954,2390,100.0,100.0,100.0
20490,13.13802695274353,2390,100.0,100.0,100.0
20500,13.142589807510376,2390,100.0,100.0,100.0
20510,13.148741245269775,2390,100.0,100.0,100.0
20520,13.15467095375061,2390,100.0,100.0,100.0
20523,13.155719995498657,2390,100.0,100.0,100.0
20530,13.160248279571533,2390,100.0,100.0,100.0
20540,13.167325973510742,2390,100.0,100.0,100.0
20550,13.175031423568726,2390,100.0,100.0,100.0
20560,13.179629564285278,2390,100.0,100.0,100.0
20570,13.184340953826904,2390,100.0,100.0,100.0
20571,13.184738159179688,2390,100.0,100.0,100.0
20580,13.189147710800171,2390,100.0,100.0,100.0
20581,13.189549207687378,2390,100.0,100.0,100.0
20584,13.191287279129028,2390,100.0,100.0,100.0
20590,13.195568323135376,2390,100.0,100.0,100.0
20600,13.200759172439575,2390,100.0,100.0,100.0
20610,13.20605182647705,2390,100.0,100.0,100.0
20620,13.212682723999023,2390,100.0,100.0,100.0
20630,13.218557596206665,2390,100.0,100.0,100.0
20640,13.22472858428955,2390,100.0,100.0,100.0
20647,13.228485822677612,2390,100.0,100.0,100.0
20650,13.229858636856079,2390,100.0,100.0,100.0
20660,13.236884832382202,2390,100.0,100.0,100.0
20670,13.242215871810913,2390,100.0,100.0,100.0
20673,13.244016885757446,2390,100.0,100.0,100.0
20680,13.246437788009644,2390,100.0,100.0,100.0
20683,13.248188018798828,2390,100.0,100.0,100.0
20690,13.252042293548584,2390,100.0,100.0,100.0
20700,13.257418155670166,2390,100.0,100.0,100.0
20710,13.263939142227173,2390,100.0,100.0,100.0
20716,13.267553329467773,2390,100.0,100.0,100.0
20720,13.270467758178711,2390,100.0,100.0,100.0
20730,13.274574756622314,2390,100.0,100.0,100.0
20740,13.279953479766846,2390,100.0,100.0,100.0
20750,13.284504652023315,2390,100.0,100.0,100.0
20760,13.291385173797607,2390,100.0,100.0,100.0
20768,13.298451900482178,2390,100.0,100.0,100.0
20769,13.298839092254639,2390,100.0,100.0,100.0
20770,13.299144268035889,2390,100.0,100.0,100.0
20780,13.307873964309692,2390,100.0,100.0,100.0
20785,13.311240673065186,2390,100.0,100.0,100.0
20790,13.313612699508667,2390,100.0,100.0,100.0
20791,13.314026594161987,2390,100.0,100.0,100.0
20800,13.318841695785522,2390,100.0,100.0,100.0
20801,13.319251775741577,2390,100.0,100.0,100.0
20810,13.324647665023804,2390,100.0,100.0,100.0
20820,13.330957174301147,2390,100.0,100.0,100.0
20830,13.338266849517822,2390,100.0,100.0,100.0
20840,13.342559337615967,2390,100.0,100.0,100.0
20850,13.35160517692566,2390,100.0,100.0,100.0
20852,13.352364301681519,2390,100.0,100.0,100.0
20857,13.354920625686646,2390,100.0,100.0,100.0
20860,13.356961965560913,2390,100.0,100.0,100.0
20870,13.364380598068237,2390,100.0,100.0,100.0
20876,13.368167400360107,2390,100.0,100.0,100.0
20880,13.370108604431152,2390,100.0,100.0,100.0
20890,13.37627100944519,2390,100.0,100.0,100.0
20900,13.382529497146606,2390,100.0,100.0,100.0
20901,13.382924556732178,2390,100.0,100.0,100.0
20910,13.38925838470459,2390,100.0,100.0,100.0
20913,13.39089584350586,2390,100.0,100.0,100.0
20920,13.395367622375488,2390,100.0,100.0,100.0
20930,13.401382446289062,2390,100.0,100.0,100.0
20940,13.40811800956726,2390,100.0,100.0,100.0
20950,13.415046453475952,2390,100.0,100.0,100.0
20951,13.415472030639648,2390,100.0,100.0,100.0
20960,13.422490358352661,2390,100.0,100.0,100.0
20969,13.428708553314209,2390,100.0,100.0,100.0
20970,13.428909063339233,2390,100.0,100.0,100.0
20980,13.432677268981934,2390,100.0,100.0,100.0
20990,13.439352750778198,2390,100.0,100.0,100.0
21000,13.447116613388062,2390,100.0,100.0,100.0
21010,13.451612949371338,2390,100.0,100.0,100.0
21020,13.457484245300293,2390,100.0,100.0,100.0
21030,13.463595390319824,2390,100.0,100.0,100.0
21040,13.468075513839722,2390,100.0,100.0,100.0
21047,13.472437620162964,2390,100.0,100.0,100.0
21050,13.47326111793518,2390,100.0,100.0,100.0
21060,13.478956937789917,2390,100.0,100.0,100.0
21067,13.48423719406128,2390,100.0,100.0,100.0
21070,13.486180782318115,2390,100.0,100.0,100.0
21071,13.486592531204224,2390,100.0,100.0,100.0
21080,13.491686344146729,2390,100.0,100.0,100.0
21081,13.49210238456726,2390,100.0,100.0,100.0
21082,13.492501497268677,2390,100.0,100.0,100.0
21088,13.496593713760376,2390,100.0,100.0,100.0
21090,13.497093200683594,2390,100.0,100.0,100.0
21100,13.50244665145874,2390,100.0,100.0,100.0
21110,13.507920742034912,2390,100.0,100.0,100.0
21120,13.516882419586182,2390,100.0,100.0,100.0
21126,13.520355463027954,2390,100.0,100.0,100.0
21127,13.520758390426636,2390,100.0,100.0,100.0
21130,13.522430181503296,2390,100.0,100.0,100.0
21140,13.527633428573608,2390,100.0,100.0,100.0
21150,13.532605171203613,2390,100.0,100.0,100.0
21160,13.539413690567017,2390,100.0,100.0,100.0
21170,13.543911695480347,2390,100.0,100.0,100.0
21180,13.551893949508667,2390,100.0,100.0,100.0
21190,13.55922532081604,2390,100.0,100.0,100.0
21200,13.565835237503052,2390,100.0,100.0,100.0
21201,13.566240787506104,2390,100.0,100.0,100.0
21210,13.572664022445679,2390,100.0,100.0,100.0
21220,13.578587293624878,2390,100.0,100.0,100.0
21230,13.58429217338562,2390,100.0,100.0,100.0
21240,13.589893341064453,2390,100.0,100.0,100.0
21250,13.596653461456299,2390,100.0,100.0,100.0
21255,13.599849700927734,2390,100.0,100.0,100.0
21260,13.60219144821167,2390,100.0,100.0,100.0
21270,13.60803508758545,2390,100.0,100.0,100.0
21280,13.61321759223938,2390,100.0,100.0,100.0
21290,13.61754322052002,2390,100.0,100.0,100.0
21300,13.621278047561646,2390,100.0,100.0,100.0
21310,13.628865957260132,2390,100.0,100.0,100.0
21320,13.635686159133911,2390,100.0,100.0,100.0
21330,13.641845226287842,2390,100.0,100.0,100.0
21340,13.649765253067017,2390,100.0,100.0,100.0
21350,13.654260158538818,2390,100.0,100.0,100.0
21360,13.659732103347778,2390,100.0,100.0,100.0
21370,13.665720462799072,2390,100.0,100.0,100.0
21371,13.666130781173706,2390,100.0,100.0,100.0
21380,13.671119213104248,2390,100.0,100.0,100.0
21384,13.672663450241089,2390,100.0,100.0,100.0
21386,13.673396587371826,2390,100.0,100.0,100.0
21390,13.675925493240356,2390,100.0,100.0,100.0
21400,13.682251453399658,2390,100.0,100.0,100.0
21410,13.686737537384033,2390,100.0,100.0,100.0
21420,13.69419527053833,2390,100.0,100.0,100.0
21430,13.699677228927612,2390,100.0,100.0,100.0
21440,13.706186056137085,2390,100.0,100.0,100.0
21450,13.714478254318237,2390,100.0,100.0,100.0
21460,13.719043493270874,2390,100.0,100.0,100.0
21468,13.723865985870361,2390,100.0,100.0,100.0
21470,13.72520661354065,2390,100.0,100.0,100.0
21480,13.730960130691528,2390,100.0,100.0,100.0
21490,13.737972736358643,2390,100.0,100.0,100.0
21500,13.743786334991455,2390,100.0,100.0,100.0
21506,13.747597217559814,2390,100.0,100.0,100.0
21510,13.749676942825317,2390,100.0,100.0,100.0
21520,13.758401870727539,2390,100.0,100.0,100.0
21530,13.765516996383667,2390,100.0,100.0,100.0
21540,13.772603750228882,2390,100.0,100.0,100.0
21550,13.777279615402222,2390,100.0,100.0,100.0
21560,13.782557964324951,2390,100.0,100.0,100.0
21570,13.788589000701904,2390,100.0,100.0,100.0
21579,13.793683290481567,2390,100.0,100.0,100.0
21580,13.793882608413696,2390,100.0,100.0,100.0
21590,13.800708770751953,2390,100.0,100.0,100.0
21600,13.80848240852356,2390,100.0,100.0,100.0
21607,13.813421726226807,2390,100.0,100.0,100.0
21610,13.815081596374512,2390,100.0,100.0,100.0
21619,13.819340467453003,2390,100.0,100.0,100.0
21620,13.819680452346802,2390,100.0,100.0,100.0
21630,13.825321197509766,2390,100.0,100.0,100.0
21640,13.832319021224976,2390,100.0,100.0,100.0
21643,13.833413362503052,2390,100.0,100.0,100.0
21650,13.837301015853882,2390,100.0,100.0,100.0
21660,13.840590238571167,2390,100.0,100.0,100.0
21661,13.840976476669312,2390,100.0,100.0,100.0
21670,13.846192598342896,2390,100.0,100.0,100.0
21680,13.849425077438354,2390,100.0,100.0,100.0
21690,13.855900526046753,2390,100.0,100.0,100.0
21700,13.86227011680603,2390,100.0,100.0,100.0
21710,13.869281768798828,2390,100.0,100.0,100.0
21720,13.87489938735962,2390,100.0,100.0,100.0
21730,13.882637977600098,2390,100.0,100.0,100.0
21740,13.888351440429688,2390,100.0,100.0,100.0
21750,13.892423391342163,2390,100.0,100.0,100.0
21760,13.897089958190918,2390,100.0,100.0,100.0
21770,13.902867794036865,2390,100.0,100.0,100.0
21778,13.906517505645752,2390,100.0,100.0,100.0
21780,13.907754182815552,2390,100.0,100.0,100.0
21786,13.911851406097412,2390,100.0,100.0,100.0
21790,13.914615631103516,2390,100.0,100.0,100.0
21800,13.918279647827148,2390,100.0,100.0,100.0
21810,13.92495322227478,2390,100.0,100.0,100.0
21813,13.9268159866333,2390,100.0,100.0,100.0
21820,13.93031620979309,2390,100.0,100.0,100.0
21829,13.937394857406616,2390,100.0,100.0,100.0
21830,13.937758684158325,2390,100.0,100.0,100.0
21840,13.944586515426636,2390,100.0,100.0,100.0
21844,13.947495698928833,2390,100.0,100.0,100.0
21850,13.95237946510315,2390,100.0,100.0,100.0
21860,13.958827257156372,2390,100.0,100.0,100.0
21870,13.964407205581665,2390,100.0,100.0,100.0
21879,13.969986200332642,2390,100.0,100.0,100.0
21880,13.971328973770142,2390,100.0,100.0,100.0
21886,13.975856304168701,2390,100.0,100.0,100.0
21890,13.977991580963135,2390,100.0,100.0,100.0
21894,13.980257034301758,2390,100.0,100.0,100.0
21900,13.983307123184204,2390,100.0,100.0,100.0
21910,13.989232778549194,2390,100.0,100.0,100.0
21920,13.994391679763794,2390,100.0,100.0,100.0
21930,13.999941349029541,2390,100.0,100.0,100.0
21931,14.00033712387085,2390,100.0,100.0,100.0
21940,14.005951404571533,2390,100.0,100.0,100.0
21950,14.011696100234985,2390,100.0,100.0,100.0
21953,14.01406717300415,2390,100.0,100.0,100.0
21960,14.017902851104736,2390,100.0,100.0,100.0
21970,14.022960186004639,2390,100.0,100.0,100.0
21973,14.024925231933594,2390,100.0,100.0,100.0
21980,14.029005765914917,2390,100.0,100.0,100.0
21990,14.036103010177612,2390,100.0,100.0,100.0
22000,14.04173493385315,2390,100.0,100.0,100.0
22010,14.04652190208435,2390,100.0,100.0,100.0
22020,14.051354169845581,2390,100.0,100.0,100.0
22030,14.057895421981812,2390,100.0,100.0,100.0
22040,14.064210891723633,2390,100.0,100.0,100.0
22050,14.06882643699646,2390,100.0,100.0,100.0
22060,14.074061632156372,2390,100.0,100.0,100.0
22070,14.080204963684082,2390,100.0,100.0,100.0
22080,14.087060928344727,2390,100.0,100.0,100.0
22090,14.092616319656372,2390,100.0,100.0,100.0
22100,14.0974280834198,2390,100.0,100.0,100.0
22110,14.104305267333984,2390,100.0,100.0,100.0
22120,14.109915733337402,2390,100.0,100.0,100.0
22130,14.117831468582153,2390,100.0,100.0,100.0
22140,14.122498035430908,2390,100.0,100.0,100.0
22150,14.128138303756714,2390,100.0,100.0,100.0
22156,14.132489681243896,2390,100.0,100.0,100.0
22160,14.135849952697754,2390,100.0,100.0,100.0
22170,14.142686128616333,2390,100.0,100.0,100.0
22180,14.148759126663208,2390,100.0,100.0,100.0
22185,14.150166988372803,2390,100.0,100.0,100.0
22186,14.1505868434906,2390,100.0,100.0,100.0
22190,14.151823997497559,2390,100.0,100.0,100.0
22200,14.157942771911621,2390,100.0,100.0,100.0
22203,14.159709453582764,2390,100.0,100.0,100.0
22210,14.162700891494751,2390,100.0,100.0,100.0
22220,14.169608116149902,2390,100.0,100.0,100.0
22230,14.175731182098389,2390,100.0,100.0,100.0
22240,14.181339263916016,2390,100.0,100.0,100.0
22250,14.18988561630249,2390,100.0,100.0,100.0
22260,14.195246696472168,2390,100.0,100.0,100.0
22270,14.200400352478027,2390,100.0,100.0,100.0
22274,14.201923847198486,2390,100.0,100.0,100.0
22280,14.205308437347412,2390,100.0,100.0,100.0
22290,14.210357189178467,2390,100.0,100.0,100.0
22300,14.217385053634644,2390,100.0,100.0,100.0
22310,14.22281789779663,2390,100.0,100.0,100.0
22320,14.228039503097534,2390,100.0,100.0,100.0
22330,14.235713720321655,2390,100.0,100.0,100.0
22340,14.242199659347534,2390,100.0,100.0,100.0
22350,14.248929262161255,2390,100.0,100.0,100.0
22360,14.2549889087677,2390,100.0,100.0,100.0
22368,14.25777792930603,2390,100.0,100.0,100.0
22370,14.25861668586731,2390,100.0,100.0,100.0
22371,14.259032011032104,2390,100.0,100.0,100.0
22380,14.264429569244385,2390,100.0,100.0,100.0
22390,14.272706508636475,2390,100.0,100.0,100.0
22400,14.279651403427124,2390,100.0,100.0,100.0
22410,14.284520387649536,2390,100.0,100.0,100.0
22420,14.291223764419556,2390,100.0,100.0,100.0
22423,14.293168067932129,2390,100.0,100.0,100.0
22430,14.296740531921387,2390,100.0,100.0,100.0
22440,14.300968885421753,2390,100.0,100.0,100.0
22450,14.305835008621216,2390,100.0,100.0,100.0
22460,14.311026573181152,2390,100.0,100.0,100.0
22470,14.317932844161987,2390,100.0,100.0,100.0
22480,14.323434114456177,2390,100.0,100.0,100.0
22490,14.33093786239624,2390,100.0,100.0,100.0
22500,14.335827112197876,2390,100.0,100.0,100.0
22510,14.342850923538208,2390,100.0,100.0,100.0
22520,14.34727954864502,2390,100.0,100.0,100.0
22525,14.35058879852295,2390,100.0,100.0,100.0
22530,14.354270458221436,2390,100.0,100.0,100.0
22540,14.361186504364014,2390,100.0,100.0,100.0
22550,14.365503787994385,2390,100.0,100.0,100.0
22560,14.37189769744873,2390,100.0,100.0,100.0
22564,14.374065399169922,2390,100.0,100.0,100.0
22570,14.379359722137451,2390,100.0,100.0,100.0
22580,14.387504816055298,2390,100.0,100.0,100.0
22581,14.387933492660522,2390,100.0,100.0,100.0
22590,14.395610332489014,2390,100.0,100.0,100.0
22600,14.403356552124023,2390,100.0,100.0,100.0
22610,14.40946650505066,2390,100.0,100.0,100.0
22620,14.416512489318848,2390,100.0,100.0,100.0
22629,14.422516345977783,2390,100.0,100.0,100.0
22630,14.422844171524048,2390,100.0,100.0,100.0
22640,14.42879581451416,2390,100.0,100.0,100.0
22649,14.434427738189697,2390,100.0,100.0,100.0
22650,14.434799671173096,2390,100.0,100.0,100.0
22660,14.439640283584595,2390,100.0,100.0,100.0
22670,14.4458749294281,2390,100.0,100.0,100.0
22680,14.452776193618774,2390,100.0,100.0,100.0
22690,14.458540678024292,2390,100.0,100.0,100.0
22697,14.462061882019043,2390,100.0,100.0,100.0
22698,14.462497234344482,2390,100.0,100.0,100.0
22700,14.46394157409668,2390,100.0,100.0,100.0
22704,14.466869831085205,2390,100.0,100.0,100.0
22707,14.468611478805542,2390,100.0,100.0,100.0
22710,14.470444679260254,2390,100.0,100.0,100.0
22717,14.475270509719849,2390,100.0,100.0,100.0
22720,14.477158069610596,2390,100.0,100.0,100.0
22730,14.483534097671509,2390,100.0,100.0,100.0
22740,14.488633155822754,2390,100.0,100.0,100.0
22750,14.494035959243774,2390,100.0,100.0,100.0
22760,14.500905990600586,2390,100.0,100.0,100.0
22770,14.506740093231201,2390,100.0,100.0,100.0
22773,14.507932662963867,2390,100.0,100.0,100.0
22779,14.511621713638306,2390,100.0,100.0,100.0
22780,14.51270580291748,2390,100.0,100.0,100.0
22790,14.51732587814331,2390,100.0,100.0,100.0
22793,14.51847791671753,2390,100.0,100.0,100.0
22800,14.523558616638184,2390,100.0,100.0,100.0
22810,14.529763460159302,2390,100.0,100.0,100.0
22820,14.535038709640503,2390,100.0,100.0,100.0
22830,14.539123773574829,2390,100.0,100.0,100.0
22840,14.5439612865448,2390,100.0,100.0,100.0
22850,14.551551580429077,2390,100.0,100.0,100.0
22856,14.554453134536743,2390,100.0,100.0,100.0
22860,14.555590867996216,2390,100.0,100.0,100.0
22866,14.558132886886597,2390,100.0,100.0,100.0
22870,14.56104063987732,2390,100.0,100.0,100.0
22880,14.56589937210083,2390,100.0,100.0,100.0
22890,14.575431823730469,2390,100.0,100.0,100.0
22900,14.584150552749634,2390,100.0,100.0,100.0
22910,14.589881658554077,2390,100.0,100.0,100.0
22920,14.596678733825684,2390,100.0,100.0,100.0
22930,14.602334022521973,2390,100.0,100.0,100.0
22940,14.609266757965088,2390,100.0,100.0,100.0
22942,14.610088109970093,2390,100.0,100.0,100.0
22950,14.614489555358887,2390,100.0,100.0,100.0
22957,14.618099451065063,2390,100.0,100.0,100.0
22960,14.62096619606018,2390,100.0,100.0,100.0
22970,14.626131296157837,2390,100.0,100.0,100.0
22980,14.634259462356567,2390,100.0,100.0,100.0
22989,14.641671180725098,2390,100.0,100.0,100.0
22990,14.642989158630371,2390,100.0,100.0,100.0
23000,14.649409770965576,2390,100.0,100.0,100.0
23007,14.653473377227783,2390,100.0,100.0,100.0
23010,14.655969619750977,2390,100.0,100.0,100.0
23020,14.660254716873169,2390,100.0,100.0,100.0
23030,14.666473865509033,2390,100.0,100.0,100.0
23040,14.672572374343872,2390,100.0,100.0,100.0
23050,14.678932189941406,2390,100.0,100.0,100.0
23060,14.686174392700195,2390,100.0,100.0,100.0
23062,14.686824798583984,2390,100.0,100.0,100.0
23064,14.687618017196655,2390,100.0,100.0,100.0
23070,14.691142320632935,2390,100.0,100.0,100.0
23080,14.698934078216553,2390,100.0,100.0,100.0
23082,14.699628353118896,2390,100.0,100.0,100.0
23090,14.703200340270996,2390,100.0,100.0,100.0
23100,14.709412574768066,2390,100.0,100.0,100.0
23105,14.712108373641968,2390,100.0,100.0,100.0
23110,14.715784788131714,2390,100.0,100.0,100.0
23118,14.721102237701416,2390,100.0,100.0,100.0
23120,14.722596168518066,2390,100.0,100.0,100.0
23130,14.729485273361206,2390,100.0,100.0,100.0
23140,14.737568855285645,2390,100.0,100.0,100.0
23150,14.744645118713379,2390,100.0,100.0,100.0
23156,14.748571395874023,2390,100.0,100.0,100.0
23160,14.750766515731812,2390,100.0,100.0,100.0
23170,14.755992412567139,2390,100.0,100.0,100.0
23180,14.761584043502808,2390,100.0,100.0,100.0
23190,14.767863512039185,2390,100.0,100.0,100.0
23200,14.775154829025269,2390,100.0,100.0,100.0
23210,14.778897047042847,2390,100.0,100.0,100.0
23216,14.782288789749146,2390,100.0,100.0,100.0
23217,14.782723188400269,2390,100.0,100.0,100.0
23220,14.784929513931274,2390,100.0,100.0,100.0
23230,14.79167366027832,2390,100.0,100.0,100.0
23240,14.798290014266968,2390,100.0,100.0,100.0
23250,14.805500745773315,2390,100.0,100.0,100.0
23260,14.811675786972046,2390,100.0,100.0,100.0
23270,14.819174766540527,2390,100.0,100.0,100.0
23274,14.821191549301147,2390,100.0,100.0,100.0
23280,14.826119661331177,2390,100.0,100.0,100.0
23284,14.827570676803589,2390,100.0,100.0,100.0
23290,14.83187460899353,2390,100.0,100.0,100.0
23300,14.83842945098877,2390,100.0,100.0,100.0
23310,14.844587564468384,2390,100.0,100.0,100.0
23311,14.845030307769775,2390,100.0,100.0,100.0
23320,14.850898265838623,2390,100.0,100.0,100.0
23330,14.856650114059448,2390,100.0,100.0,100.0
23334,14.858264207839966,2390,100.0,100.0,100.0
23340,14.861942529678345,2390,100.0,100.0,100.0
23341,14.862399816513062,2390,100.0,100.0,100.0
23347,14.865984201431274,2390,100.0,100.0,100.0
23350,14.86707592010498,2390,100.0,100.0,100.0
23360,14.873580694198608,2390,100.0,100.0,100.0
23370,14.877903938293457,2390,100.0,100.0,100.0
23380,14.883634090423584,2390,100.0,100.0,100.0
23390,14.891084671020508,2390,100.0,100.0,100.0
23400,14.89666199684143,2390,100.0,100.0,100.0
23407,14.899694919586182,2390,100.0,100.0,100.0
23410,14.901392221450806,2390,100.0,100.0,100.0
23420,14.907307624816895,2390,100.0,100.0,100.0
23427,14.910665273666382,2390,100.0,100.0,100.0
23430,14.913209915161133,2390,100.0,100.0,100.0
23440,14.919120788574219,2390,100.0,100.0,100.0
23443,14.920711040496826,2390,100.0,100.0,100.0
23450,14.927891731262207,2390,100.0,100.0,100.0
23460,14.933777093887329,2390,100.0,100.0,100.0
23470,14.942928314208984,2390,100.0,100.0,100.0
23480,14.948354244232178,2390,100.0,100.0,100.0
23490,14.955044984817505,2390,100.0,100.0,100.0
23500,14.96155071258545,2390,100.0,100.0,100.0
23508,14.967672109603882,2390,100.0,100.0,100.0
23510,14.968844413757324,2390,100.0,100.0,100.0
23520,14.97430968284607,2390,100.0,100.0,100.0
23530,14.981542348861694,2390,100.0,100.0,100.0
23538,14.987659454345703,2390,100.0,100.0,100.0
23540,14.993201732635498,2390,100.0,100.0,100.0
23550,15.001761436462402,2390,100.0,100.0,100.0
23557,15.00562310218811,2390,100.0,100.0,100.0
23560,15.007312059402466,2390,100.0,100.0,100.0
23565,15.009478092193604,2390,100.0,100.0,100.0
23570,15.012470245361328,2390,100.0,100.0,100.0
23580,15.017858266830444,2390,100.0,100.0,100.0
23585,15.019793033599854,2390,100.0,100.0,100.0
23586,15.020242691040039,2390,100.0,100.0,100.0
23590,15.023226022720337,2390,100.0,100.0,100.0
23600,15.03005337715149,2390,100.0,100.0,100.0
23610,15.036413669586182,2390,100.0,100.0,100.0
23620,15.043615579605103,2390,100.0,100.0,100.0
23623,15.046287536621094,2390,100.0,100.0,100.0
23630,15.050047397613525,2390,100.0,100.0,100.0
23637,15.054145812988281,2390,100.0,100.0,100.0
23640,15.055318355560303,2390,100.0,100.0,100.0
23650,15.060250997543335,2390,100.0,100.0,100.0
23660,15.066117525100708,2390,100.0,100.0,100.0
23670,15.073070764541626,2390,100.0,100.0,100.0
23680,15.079211711883545,2390,100.0,100.0,100.0
23690,15.083302974700928,2390,100.0,100.0,100.0
23700,15.088265895843506,2390,100.0,100.0,100.0
23710,15.097240447998047,2390,100.0,100.0,100.0
23720,15.10457730293274,2390,100.0,100.0,100.0
23730,15.112228631973267,2390,100.0,100.0,100.0
23740,15.117187023162842,2390,100.0,100.0,100.0
23750,15.122109174728394,2390,100.0,100.0,100.0
23760,15.129424571990967,2390,100.0,100.0,100.0
23770,15.135899066925049,2390,100.0,100.0,100.0
23780,15.142488479614258,2390,100.0,100.0,100.0
23790,15.14885139465332,2390,100.0,100.0,100.0
23800,15.155229568481445,2390,100.0,100.0,100.0
23810,15.163640260696411,2390,100.0,100.0,100.0
23820,15.166786670684814,2390,100.0,100.0,100.0
23830,15.173479318618774,2390,100.0,100.0,100.0
23838,15.178202390670776,2390,100.0,100.0,100.0
23840,15.178985118865967,2390,100.0,100.0,100.0
23841,15.179478168487549,2390,100.0,100.0,100.0
23850,15.186572313308716,2390,100.0,100.0,100.0
23860,15.19762635231018,2390,100.0,100.0,100.0
23862,15.198561191558838,2390,100.0,100.0,100.0
23870,15.204130172729492,2390,100.0,100.0,100.0
23880,15.2085702419281,2390,100.0,100.0,100.0
23890,15.217184782028198,2390,100.0,100.0,100.0
23895,15.220587491989136,2390,100.0,100.0,100.0
23900,15.22405457496643,2390,100.0,100.0,100.0
23910,15.230198860168457,2390,100.0,100.0,100.0
23920,15.23722219467163,2390,100.0,100.0,100.0
23930,15.24371600151062,2390,100.0,100.0,100.0
23940,15.250361680984497,2390,100.0,100.0,100.0
23950,15.25731086730957,2390,100.0,100.0,100.0
23960,15.26322627067566,2390,100.0,100.0,100.0
23968,15.270697832107544,2390,100.0,100.0,100.0
23970,15.271530628204346,2390,100.0,100.0,100.0
23980,15.27811074256897,2390,100.0,100.0,100.0
23990,15.28429889678955,2390,100.0,100.0,100.0
24000,15.289716720581055,2390,100.0,100.0,100.0
24010,15.295318841934204,2390,100.0,100.0,100.0
24015,15.297921419143677,2390,100.0,100.0,100.0
24020,15.300184488296509,2390,100.0,100.0,100.0
24030,15.306193828582764,2390,100.0,100.0,100.0
24040,15.312880992889404,2390,100.0,100.0,100.0
24050,15.31822419166565,2390,100.0,100.0,100.0
24060,15.32272744178772,2390,100.0,100.0,100.0
24070,15.329641580581665,2390,100.0,100.0,100.0
24080,15.339040756225586,2390,100.0,100.0,100.0
24090,15.348366022109985,2390,100.0,100.0,100.0
24100,15.354455709457397,2390,100.0,100.0,100.0
24104,15.356209516525269,2390,100.0,100.0,100.0
24110,15.360688209533691,2390,100.0,100.0,100.0
24120,15.367202520370483,2390,100.0,100.0,100.0
24124,15.36946964263916,2390,100.0,100.0,100.0
24130,15.373775959014893,2390,100.0,100.0,100.0
24140,15.378256559371948,2390,100.0,100.0,100.0
24144,15.380063533782959,2390,100.0,100.0,100.0
24150,15.383593082427979,2390,100.0,100.0,100.0
24160,15.388832569122314,2390,100.0,100.0,100.0
24163,15.39083218574524,2390,100.0,100.0,100.0
24170,15.395830631256104,2390,100.0,100.0,100.0
24178,15.400413751602173,2390,100.0,100.0,100.0
24180,15.40188980102539,2390,100.0,100.0,100.0
24190,15.407422065734863,2390,100.0,100.0,100.0
24200,15.413499593734741,2390,100.0,100.0,100.0
24210,15.420716285705566,2390,100.0,100.0,100.0
24220,15.427682399749756,2390,100.0,100.0,100.0
24230,15.437324047088623,2390,100.0,100.0,100.0
24231,15.437835931777954,2390,100.0,100.0,100.0
24240,15.446216344833374,2390,100.0,100.0,100.0
24250,15.453934669494629,2390,100.0,100.0,100.0
24260,15.462321758270264,2390,100.0,100.0,100.0
24270,15.467820405960083,2390,100.0,100.0,100.0
24278,15.473758697509766,2390,100.0,100.0,100.0
24280,15.474585056304932,2390,100.0,100.0,100.0
24290,15.48043155670166,2390,100.0,100.0,100.0
24300,15.486080169677734,2390,100.0,100.0,100.0
24310,15.49256157875061,2390,100.0,100.0,100.0
24317,15.496133089065552,2390,100.0,100.0,100.0
24320,15.49800443649292,2390,100.0,100.0,100.0
24330,15.507238626480103,2390,100.0,100.0,100.0
24340,15.51289176940918,2390,100.0,100.0,100.0
24347,15.518448829650879,2390,100.0,100.0,100.0
24350,15.519493579864502,2390,100.0,100.0,100.0
24360,15.526262998580933,2390,100.0,100.0,100.0
24364,15.528775691986084,2390,100.0,100.0,100.0
24370,15.531703233718872,2390,100.0,100.0,100.0
24380,15.53693675994873,2390,100.0,100.0,100.0
24383,15.538235187530518,2390,100.0,100.0,100.0
24390,15.542257308959961,2390,100.0,100.0,100.0
24399,15.54906940460205,2390,100.0,100.0,100.0
24400,15.549447059631348,2390,100.0,100.0,100.0
24410,15.55656385421753,2390,100.0,100.0,100.0
24420,15.563295125961304,2390,100.0,100.0,100.0
24430,15.570560455322266,2390,100.0,100.0,100.0
24440,15.578857660293579,2390,100.0,100.0,100.0
24450,15.58521819114685,2390,100.0,100.0,100.0
24460,15.59062647819519,2390,100.0,100.0,100.0
24469,15.59734058380127,2390,100.0,100.0,100.0
24470,15.598487854003906,2390,100.0,100.0,100.0
24478,15.601970195770264,2390,100.0,100.0,100.0
24480,15.602849245071411,2390,100.0,100.0,100.0
24483,15.60486626625061,2390,100.0,100.0,100.0
24490,15.608192682266235,2390,100.0,100.0,100.0
24493,15.610149621963501,2390,100.0,100.0,100.0
24500,15.613683462142944,2390,100.0,100.0,100.0
24510,15.620965719223022,2390,100.0,100.0,100.0
24520,15.626583099365234,2390,100.0,100.0,100.0
24530,15.63220763206482,2390,100.0,100.0,100.0
24531,15.632742404937744,2390,100.0,100.0,100.0
24540,15.637717008590698,2390,100.0,100.0,100.0
24544,15.640777587890625,2390,100.0,100.0,100.0
24550,15.643855571746826,2390,100.0,100.0,100.0
24553,15.64578104019165,2390,100.0,100.0,100.0
24560,15.652162790298462,2390,100.0,100.0,100.0
24570,15.663121461868286,2390,100.0,100.0,100.0
24580,15.673341274261475,2390,100.0,100.0,100.0
24590,15.683331489562988,2390,100.0,100.0,100.0
24596,15.688250303268433,2390,100.0,100.0,100.0
24599,15.689588785171509,2390,100.0,100.0,100.0
24600,15.690037965774536,2390,100.0,100.0,100.0
24608,15.694637060165405,2390,100.0,100.0,100.0
24610,15.695797681808472,2390,100.0,100.0,100.0
24616,15.701001167297363,2390,100.0,100.0,100.0
24618,15.702718019485474,2390,100.0,100.0,100.0
24620,15.703643798828125,2390,100.0,100.0,100.0
24630,15.711109638214111,2390,100.0,100.0,100.0
24640,15.716963529586792,2390,100.0,100.0,100.0
24650,15.724575757980347,2390,100.0,100.0,100.0
24660,15.730087518692017,2390,100.0,100.0,100.0
24662,15.731714487075806,2390,100.0,100.0,100.0
24670,15.736154079437256,2390,100.0,100.0,100.0
24680,15.74140191078186,2390,100.0,100.0,100.0
24690,15.749963760375977,2390,100.0,100.0,100.0
24693,15.751464128494263,2390,100.0,100.0,100.0
24700,15.757922172546387,2390,100.0,100.0,100.0
24704,15.76053762435913,2390,100.0,100.0,100.0
24710,15.763248205184937,2390,100.0,100.0,100.0
24720,15.767085313796997,2390,100.0,100.0,100.0
24730,15.772586584091187,2390,100.0,100.0,100.0
24739,15.77865743637085,2390,100.0,100.0,100.0
24740,15.778985023498535,2390,100.0,100.0,100.0
24750,15.785090446472168,2390,100.0,100.0,100.0
24760,15.790611982345581,2390,100.0,100.0,100.0
24762,15.792025566101074,2390,100.0,100.0,100.0
24770,15.795288801193237,2390,100.0,100.0,100.0
24780,15.801060438156128,2390,100.0,100.0,100.0
24788,15.80720853805542,2390,100.0,100.0,100.0
24790,15.807730674743652,2390,100.0,100.0,100.0
24800,15.813633918762207,2390,100.0,100.0,100.0
24810,15.818647384643555,2390,100.0,100.0,100.0
24820,15.824050664901733,2390,100.0,100.0,100.0
24824,15.825923919677734,2390,100.0,100.0,100.0
24830,15.829315423965454,2390,100.0,100.0,100.0
24840,15.833908319473267,2390,100.0,100.0,100.0
24850,15.839917659759521,2390,100.0,100.0,100.0
24860,15.847387552261353,2390,100.0,100.0,100.0
24870,15.854832172393799,2390,100.0,100.0,100.0
24880,15.86173963546753,2390,100.0,100.0,100.0
24890,15.868071556091309,2390,100.0,100.0,100.0
24900,15.87500548362732,2390,100.0,100.0,100.0
24910,15.878759145736694,2390,100.0,100.0,100.0
24920,15.885446310043335,2390,100.0,100.0,100.0
24930,15.890175819396973,2390,100.0,100.0,100.0
24940,15.899828433990479,2390,100.0,100.0,100.0
24947,15.904432535171509,2390,100.0,100.0,100.0
24950,15.906060457229614,2390,100.0,100.0,100.0
24960,15.910842418670654,2390,100.0,100.0,100.0
24970,15.91676926612854,2390,100.0,100.0,100.0
24980,15.923006534576416,2390,100.0,100.0,100.0
24990,15.928412914276123,2390,100.0,100.0,100.0
24997,15.932079076766968,2390,100.0,100.0,100.0
25000,15.932936429977417,2390,100.0,100.0,100.0
25010,15.93840765953064,2390,100.0,100.0,100.0
25020,15.943420648574829,2390,100.0,100.0,100.0
25030,15.949088335037231,2390,100.0,100.0,100.0
25040,15.955095767974854,2390,100.0,100.0,100.0
25050,15.95980191230774,2390,100.0,100.0,100.0
25060,15.96760892868042,2390,100.0,100.0,100.0
25070,15.974492073059082,2390,100.0,100.0,100.0
25080,15.979872703552246,2390,100.0,100.0,100.0
25090,15.985947608947754,2390,100.0,100.0,100.0
25100,15.991324663162231,2390,100.0,100.0,100.0
25102,15.99207353591919,2390,100.0,100.0,100.0
25110,15.995326280593872,2390,100.0,100.0,100.0
25116,15.998645782470703,2390,100.0,100.0,100.0
25120,15.999812602996826,2390,100.0,100.0,100.0
25130,16.004167318344116,2390,100.0,100.0,100.0
25140,16.010125875473022,2390,100.0,100.0,100.0
25150,16.015570402145386,2390,100.0,100.0,100.0
25160,16.020203828811646,2390,100.0,100.0,100.0
25166,16.023641109466553,2390,100.0,100.0,100.0
25170,16.02641725540161,2390,100.0,100.0,100.0
25180,16.03289484977722,2390,100.0,100.0,100.0
25190,16.038567066192627,2390,100.0,100.0,100.0
25200,16.045867919921875,2390,100.0,100.0,100.0
25210,16.050757884979248,2390,100.0,100.0,100.0
25220,16.05834126472473,2390,100.0,100.0,100.0
25230,16.06318759918213,2390,100.0,100.0,100.0
25236,16.066864728927612,2390,100.0,100.0,100.0
25240,16.069597721099854,2390,100.0,100.0,100.0
25250,16.074996948242188,2390,100.0,100.0,100.0
25260,16.07930088043213,2390,100.0,100.0,100.0
25270,16.084922313690186,2390,100.0,100.0,100.0
25280,16.089905738830566,2390,100.0,100.0,100.0
25290,16.09847378730774,2390,100.0,100.0,100.0
25300,16.10482382774353,2390,100.0,100.0,100.0
25310,16.108655214309692,2390,100.0,100.0,100.0
25320,16.11350917816162,2390,100.0,100.0,100.0
25330,16.120599031448364,2390,100.0,100.0,100.0
25340,16.127599716186523,2390,100.0,100.0,100.0
25342,16.12830424308777,2390,100.0,100.0,100.0
25350,16.133138179779053,2390,100.0,100.0,100.0
25360,16.138843536376953,2390,100.0,100.0,100.0
25370,16.14471435546875,2390,100.0,100.0,100.0
25380,16.153609037399292,2390,100.0,100.0,100.0
25386,16.157485723495483,2390,100.0,100.0,100.0
25390,16.15981149673462,2390,100.0,100.0,100.0
25400,16.166845560073853,2390,100.0,100.0,100.0
25410,16.174132585525513,2390,100.0,100.0,100.0
25420,16.179829359054565,2390,100.0,100.0,100.0
25430,16.187092542648315,2390,100.0,100.0,100.0
25440,16.193933725357056,2390,100.0,100.0,100.0
25450,16.19912600517273,2390,100.0,100.0,100.0
25460,16.2061710357666,2390,100.0,100.0,100.0
25470,16.211731433868408,2390,100.0,100.0,100.0
25480,16.216733932495117,2390,100.0,100.0,100.0
25490,16.222800493240356,2390,100.0,100.0,100.0
25498,16.22764015197754,2390,100.0,100.0,100.0
25500,16.22888445854187,2390,100.0,100.0,100.0
25510,16.233713388442993,2390,100.0,100.0,100.0
25520,16.24116063117981,2390,100.0,100.0,100.0
25530,16.24508047103882,2390,100.0,100.0,100.0
25540,16.250827074050903,2390,100.0,100.0,100.0
25550,16.255958795547485,2390,100.0,100.0,100.0
25558,16.260621786117554,2390,100.0,100.0,100.0
25560,16.261223554611206,2390,100.0,100.0,100.0
25563,16.26376724243164,2390,100.0,100.0,100.0
25570,16.267513751983643,2390,100.0,100.0,100.0
25580,16.272751569747925,2390,100.0,100.0,100.0
25590,16.27875518798828,2390,100.0,100.0,100.0
25591,16.279144287109375,2390,100.0,100.0,100.0
25596,16.281495094299316,2390,100.0,100.0,100.0
25600,16.28360104560852,2390,100.0,100.0,100.0
25610,16.28848648071289,2390,100.0,100.0,100.0
25614,16.290037870407104,2390,100.0,100.0,100.0
25620,16.29484796524048,2390,100.0,100.0,100.0
25630,16.300398588180542,2390,100.0,100.0,100.0
25640,16.306604146957397,2390,100.0,100.0,100.0
25650,16.312500476837158,2390,100.0,100.0,100.0
25660,16.317666053771973,2390,100.0,100.0,100.0
25667,16.32125425338745,2390,100.0,100.0,100.0
25668,16.321642637252808,2390,100.0,100.0,100.0
25670,16.32299017906189,2390,100.0,100.0,100.0
25680,16.330650568008423,2390,100.0,100.0,100.0
25690,16.338480234146118,2390,100.0,100.0,100.0
25700,16.346478700637817,2390,100.0,100.0,100.0
25708,16.35127019882202,2390,100.0,100.0,100.0
25710,16.352460861206055,2390,100.0,100.0,100.0
25720,16.3597092628479,2390,100.0,100.0,100.0
25725,16.362457513809204,2390,100.0,100.0,100.0
25730,16.36476492881775,2390,100.0,100.0,100.0
25732,16.36548137664795,2390,100.0,100.0,100.0
25740,16.37131905555725,2390,100.0,100.0,100.0
25750,16.377331972122192,2390,100.0,100.0,100.0
25760,16.385006189346313,2390,100.0,100.0,100.0
25765,16.389620780944824,2390,100.0,100.0,100.0
25770,16.39247441291809,2390,100.0,100.0,100.0
25777,16.396965980529785,2390,100.0,100.0,100.0
25780,16.40065050125122,2390,100.0,100.0,100.0
25784,16.404813289642334,2390,100.0,100.0,100.0
25790,16.408966541290283,2390,100.0,100.0,100.0
25800,16.414824724197388,2390,100.0,100.0,100.0
25810,16.424025535583496,2390,100.0,100.0,100.0
25820,16.42822241783142,2390,100.0,100.0,100.0
25830,16.435397624969482,2390,100.0,100.0,100.0
25840,16.441009759902954,2390,100.0,100.0,100.0
25850,16.448770761489868,2390,100.0,100.0,100.0
25860,16.45651888847351,2390,100.0,100.0,100.0
25870,16.46336817741394,2390,100.0,100.0,100.0
25880,16.46854567527771,2390,100.0,100.0,100.0
25890,16.473670721054077,2390,100.0,100.0,100.0
25900,16.479610681533813,2390,100.0,100.0,100.0
25901,16.479992151260376,2390,100.0,100.0,100.0
25902,16.480395793914795,2390,100.0,100.0,100.0
25903,16.480761289596558,2390,100.0,100.0,100.0
25908,16.483919382095337,2390,100.0,100.0,100.0
25910,16.485315561294556,2390,100.0,100.0,100.0
25920,16.49000334739685,2390,100.0,100.0,100.0
25930,16.495527744293213,2390,100.0,100.0,100.0
25940,16.502650022506714,2390,100.0,100.0,100.0
25950,16.507838010787964,2390,100.0,100.0,100.0
25960,16.514667749404907,2390,100.0,100.0,100.0
25970,16.51997971534729,2390,100.0,100.0,100.0
25980,16.5242977142334,2390,100.0,100.0,100.0
25981,16.524702787399292,2390,100.0,100.0,100.0
25990,16.531168460845947,2390,100.0,100.0,100.0
26000,16.53677463531494,2390,100.0,100.0,100.0
26009,16.5408673286438,2390,100.0,100.0,100.0
26010,16.54193687438965,2390,100.0,100.0,100.0
26020,16.547611236572266,2390,100.0,100.0,100.0
26024,16.549002408981323,2390,100.0,100.0,100.0
26030,16.55224108695984,2390,100.0,100.0,100.0
26040,16.558876991271973,2390,100.0,100.0,100.0
26050,16.566304922103882,2390,100.0,100.0,100.0
26060,16.57366418838501,2390,100.0,100.0,100.0
26070,16.58020281791687,2390,100.0,100.0,100.0
26080,16.586536407470703,2390,100.0,100.0,100.0
26090,16.592538118362427,2390,100.0,100.0,100.0
26100,16.598443746566772,2390,100.0,100.0,100.0
26110,16.60176658630371,2390,100.0,100.0,100.0
26120,16.609926223754883,2390,100.0,100.0,100.0
26130,16.614622116088867,2390,100.0,100.0,100.0
26140,16.619401931762695,2390,100.0,100.0,100.0
26143,16.621869564056396,2390,100.0,100.0,100.0
26150,16.62395715713501,2390,100.0,100.0,100.0
26160,16.62984013557434,2390,100.0,100.0,100.0
26170,16.636486768722534,2390,100.0,100.0,100.0
26180,16.641833782196045,2390,100.0,100.0,100.0
26190,16.64779233932495,2390,100.0,100.0,100.0
26191,16.64821147918701,2390,100.0,100.0,100.0
26200,16.65431809425354,2390,100.0,100.0,100.0
26210,16.661412477493286,2390,100.0,100.0,100.0
26220,16.667454481124878,2390,100.0,100.0,100.0
26230,16.674220085144043,2390,100.0,100.0,100.0
26240,16.67952060699463,2390,100.0,100.0,100.0
26247,16.682286024093628,2390,100.0,100.0,100.0
26250,16.684078454971313,2390,100.0,100.0,100.0
26255,16.685749292373657,2390,100.0,100.0,100.0
26260,16.691757202148438,2390,100.0,100.0,100.0
26265,16.695542097091675,2390,100.0,100.0,100.0
26270,16.699292421340942,2390,100.0,100.0,100.0
26280,16.70725107192993,2390,100.0,100.0,100.0
26290,16.71620750427246,2390,100.0,100.0,100.0
26300,16.71975541114807,2390,100.0,100.0,100.0
26310,16.72369956970215,2390,100.0,100.0,100.0
26320,16.73068356513977,2390,100.0,100.0,100.0
26330,16.736078023910522,2390,100.0,100.0,100.0
26332,16.736811876296997,2390,100.0,100.0,100.0
26340,16.74090075492859,2390,100.0,100.0,100.0
26350,16.748604774475098,2390,100.0,100.0,100.0
26360,16.756271362304688,2390,100.0,100.0,100.0
26370,16.762327432632446,2390,100.0,100.0,100.0
26380,16.76774525642395,2390,100.0,100.0,100.0
26381,16.768179416656494,2390,100.0,100.0,100.0
26386,16.77128028869629,2390,100.0,100.0,100.0
26390,16.774126291275024,2390,100.0,100.0,100.0
26395,16.777899503707886,2390,100.0,100.0,100.0
26400,16.781055450439453,2390,100.0,100.0,100.0
26410,16.786547899246216,2390,100.0,100.0,100.0
26413,16.788331508636475,2390,100.0,100.0,100.0
26420,16.791481494903564,2390,100.0,100.0,100.0
26430,16.79834747314453,2390,100.0,100.0,100.0
26440,16.80395793914795,2390,100.0,100.0,100.0
26450,16.807034969329834,2390,100.0,100.0,100.0
26460,16.812106132507324,2390,100.0,100.0,100.0
26470,16.819551467895508,2390,100.0,100.0,100.0
26473,16.82049798965454,2390,100.0,100.0,100.0
26474,16.820878267288208,2390,100.0,100.0,100.0
26480,16.823564767837524,2390,100.0,100.0,100.0
26490,16.8291757106781,2390,100.0,100.0,100.0
26500,16.836004734039307,2390,100.0,100.0,100.0
26510,16.842681646347046,2390,100.0,100.0,100.0
26518,16.84605360031128,2390,100.0,100.0,100.0
26520,16.847458362579346,2390,100.0,100.0,100.0
26530,16.854127168655396,2390,100.0,100.0,100.0
26536,16.858797073364258,2390,100.0,100.0,100.0
26540,16.86054539680481,2390,100.0,100.0,100.0
26545,16.86386013031006,2390,100.0,100.0,100.0
26550,16.868383646011353,2390,100.0,100.0,100.0
26560,16.874147176742554,2390,100.0,100.0,100.0
26570,16.878424167633057,2390,100.0,100.0,100.0
26580,16.883205890655518,2390,100.0,100.0,100.0
26590,16.891606092453003,2390,100.0,100.0,100.0
26600,16.89650535583496,2390,100.0,100.0,100.0
26610,16.902496814727783,2390,100.0,100.0,100.0
26620,16.90980553627014,2390,100.0,100.0,100.0
26630,16.91613531112671,2390,100.0,100.0,100.0
26640,16.922493934631348,2390,100.0,100.0,100.0
26650,16.92882204055786,2390,100.0,100.0,100.0
26660,16.933696746826172,2390,100.0,100.0,100.0
26670,16.94136095046997,2390,100.0,100.0,100.0
26680,16.946352005004883,2390,100.0,100.0,100.0
26690,16.951884984970093,2390,100.0,100.0,100.0
26700,16.957034587860107,2390,100.0,100.0,100.0
26710,16.963040113449097,2390,100.0,100.0,100.0
26720,16.96915864944458,2390,100.0,100.0,100.0
26721,16.969598054885864,2390,100.0,100.0,100.0
26730,16.975532293319702,2390,100.0,100.0,100.0
26740,16.980956077575684,2390,100.0,100.0,100.0
26750,16.986476182937622,2390,100.0,100.0,100.0
26760,16.990936279296875,2390,100.0,100.0,100.0
26764,16.99297571182251,2390,100.0,100.0,100.0
26770,16.99772357940674,2390,100.0,100.0,100.0
26780,17.003708124160767,2390,100.0,100.0,100.0
26783,17.004794359207153,2390,100.0,100.0,100.0
26790,17.007669687271118,2390,100.0,100.0,100.0
26797,17.01063060760498,2390,100.0,100.0,100.0
26800,17.0124671459198,2390,100.0,100.0,100.0
26807,17.014887809753418,2390,100.0,100.0,100.0
26810,17.016530990600586,2390,100.0,100.0,100.0
26820,17.02259659767151,2390,100.0,100.0,100.0
26830,17.029953002929688,2390,100.0,100.0,100.0
26840,17.037286043167114,2390,100.0,100.0,100.0
26850,17.044389247894287,2390,100.0,100.0,100.0
26860,17.05058741569519,2390,100.0,100.0,100.0
26865,17.05296230316162,2390,100.0,100.0,100.0
26870,17.054536819458008,2390,100.0,100.0,100.0
26880,17.06002926826477,2390,100.0,100.0,100.0
26889,17.065663814544678,2390,100.0,100.0,100.0
26890,17.066601276397705,2390,100.0,100.0,100.0
26900,17.07278275489807,2390,100.0,100.0,100.0
26910,17.07922101020813,2390,100.0,100.0,100.0
26920,17.085081577301025,2390,100.0,100.0,100.0
26930,17.092538118362427,2390,100.0,100.0,100.0
26940,17.098544359207153,2390,100.0,100.0,100.0
26949,17.105312824249268,2390,100.0,100.0,100.0
26950,17.105610609054565,2390,100.0,100.0,100.0
26960,17.11076045036316,2390,100.0,100.0,100.0
26970,17.11702251434326,2390,100.0,100.0,100.0
26980,17.120701789855957,2390,100.0,100.0,100.0
26990,17.126582384109497,2390,100.0,100.0,100.0
27000,17.132529973983765,2390,100.0,100.0,100.0
27010,17.137388706207275,2390,100.0,100.0,100.0
27020,17.1422700881958,2390,100.0,100.0,100.0
27023,17.14351797103882,2390,100.0,100.0,100.0
27030,17.14854884147644,2390,100.0,100.0,100.0
27040,17.154839277267456,2390,100.0,100.0,100.0
27050,17.16018009185791,2390,100.0,100.0,100.0
27060,17.165080070495605,2390,100.0,100.0,100.0
27070,17.17155432701111,2390,100.0,100.0,100.0
27080,17.1781644821167,2390,100.0,100.0,100.0
27090,17.184778213500977,2390,100.0,100.0,100.0
27100,17.191332817077637,2390,100.0,100.0,100.0
27110,17.196512937545776,2390,100.0,100.0,100.0
27120,17.2015860080719,2390,100.0,100.0,100.0
27122,17.202332496643066,2390,100.0,100.0,100.0
27130,17.20655655860901,2390,100.0,100.0,100.0
27140,17.213168382644653,2390,100.0,100.0,100.0
27146,17.21606993675232,2390,100.0,100.0,100.0
27150,17.21899151802063,2390,100.0,100.0,100.0
27160,17.226746797561646,2390,100.0,100.0,100.0
27170,17.234166145324707,2390,100.0,100.0,100.0
27180,17.23955202102661,2390,100.0,100.0,100.0
27190,17.246638774871826,2390,100.0,100.0,100.0
27200,17.252509832382202,2390,100.0,100.0,100.0
27210,17.259567260742188,2390,100.0,100.0,100.0
27220,17.265596628189087,2390,100.0,100.0,100.0
27230,17.272567987442017,2390,100.0,100.0,100.0
27240,17.27957773208618,2390,100.0,100.0,100.0
27250,17.287968635559082,2390,100.0,100.0,100.0
27254,17.290868282318115,2390,100.0,100.0,100.0
27260,17.295799255371094,2390,100.0,100.0,100.0
27270,17.30103850364685,2390,100.0,100.0,100.0
27271,17.301490545272827,2390,100.0,100.0,100.0
27280,17.304741621017456,2390,100.0,100.0,100.0
27290,17.310312509536743,2390,100.0,100.0,100.0
27300,17.31564497947693,2390,100.0,100.0,100.0
27310,17.320531606674194,2390,100.0,100.0,100.0
27320,17.326019048690796,2390,100.0,100.0,100.0
27326,17.32960605621338,2390,100.0,100.0,100.0
27330,17.33113408088684,2390,100.0,100.0,100.0
27340,17.33829665184021,2390,100.0,100.0,100.0
27350,17.343189001083374,2390,100.0,100.0,100.0
27360,17.350228786468506,2390,100.0,100.0,100.0
27362,17.351155757904053,2390,100.0,100.0,100.0
27370,17.356333017349243,2390,100.0,100.0,100.0
27380,17.36239242553711,2390,100.0,100.0,100.0
27387,17.367649793624878,2390,100.0,100.0,100.0
27390,17.36896800994873,2390,100.0,100.0,100.0
27400,17.375604152679443,2390,100.0,100.0,100.0
27409,17.381911993026733,2390,100.0,100.0,100.0
27410,17.38230800628662,2390,100.0,100.0,100.0
27420,17.388761281967163,2390,100.0,100.0,100.0
27427,17.393823623657227,2390,100.0,100.0,100.0
27429,17.39630436897278,2390,100.0,100.0,100.0
27430,17.396673917770386,2390,100.0,100.0,100.0
27440,17.40235948562622,2390,100.0,100.0,100.0
27450,17.408168077468872,2390,100.0,100.0,100.0
27460,17.413832187652588,2390,100.0,100.0,100.0
27470,17.419102668762207,2390,100.0,100.0,100.0
27480,17.425421237945557,2390,100.0,100.0,100.0
27490,17.431472301483154,2390,100.0,100.0,100.0
27499,17.435945987701416,2390,100.0,100.0,100.0
27500,17.436309337615967,2390,100.0,100.0,100.0
27510,17.444019317626953,2390,100.0,100.0,100.0
27512,17.444941520690918,2390,100.0,100.0,100.0
27520,17.45077657699585,2390,100.0,100.0,100.0
27524,17.453495025634766,2390,100.0,100.0,100.0
27530,17.45756483078003,2390,100.0,100.0,100.0
27536,17.461821794509888,2390,100.0,100.0,100.0
27540,17.463894605636597,2390,100.0,100.0,100.0
27547,17.468451976776123,2390,100.0,100.0,100.0
27550,17.47067403793335,2390,100.0,100.0,100.0
27560,17.47613835334778,2390,100.0,100.0,100.0
27570,17.48278498649597,2390,100.0,100.0,100.0
27580,17.490274906158447,2390,100.0,100.0,100.0
27590,17.495222091674805,2390,100.0,100.0,100.0
27600,17.503203630447388,2390,100.0,100.0,100.0
27610,17.50928831100464,2390,100.0,100.0,100.0
27620,17.515615940093994,2390,100.0,100.0,100.0
27626,17.519158601760864,2390,100.0,100.0,100.0
27630,17.52142024040222,2390,100.0,100.0,100.0
27640,17.52944588661194,2390,100.0,100.0,100.0
27650,17.534940242767334,2390,100.0,100.0,100.0
27660,17.540664672851562,2390,100.0,100.0,100.0
27670,17.54708766937256,2390,100.0,100.0,100.0
27680,17.553627490997314,2390,100.0,100.0,100.0
27690,17.55983066558838,2390,100.0,100.0,100.0
27700,17.56624174118042,2390,100.0,100.0,100.0
27710,17.57169270515442,2390,100.0,100.0,100.0
27720,17.577188730239868,2390,100.0,100.0,100.0
27725,17.579774618148804,2390,100.0,100.0,100.0
27730,17.582404851913452,2390,100.0,100.0,100.0
27734,17.58536458015442,2390,100.0,100.0,100.0
27735,17.585794925689697,2390,100.0,100.0,100.0
27740,17.588303565979004,2390,100.0,100.0,100.0
27750,17.59332776069641,2390,100.0,100.0,100.0
27760,17.59943437576294,2390,100.0,100.0,100.0
27770,17.60408115386963,2390,100.0,100.0,100.0
27771,17.604536056518555,2390,100.0,100.0,100.0
27780,17.61018419265747,2390,100.0,100.0,100.0
27790,17.618215084075928,2390,100.0,100.0,100.0
27800,17.622650861740112,2390,100.0,100.0,100.0
27810,17.62900733947754,2390,100.0,100.0,100.0
27820,17.63516092300415,2390,100.0,100.0,100.0
27824,17.63672924041748,2390,100.0,100.0,100.0
27830,17.639506578445435,2390,100.0,100.0,100.0
27840,17.645024061203003,2390,100.0,100.0,100.0
27850,17.653459787368774,2390,100.0,100.0,100.0
27851,17.65393853187561,2390,100.0,100.0,100.0
27860,17.660011529922485,2390,100.0,100.0,100.0
27870,17.666714429855347,2390,100.0,100.0,100.0
27880,17.672473907470703,2390,100.0,100.0,100.0
27890,17.678869009017944,2390,100.0,100.0,100.0
27900,17.685800790786743,2390,100.0,100.0,100.0
27910,17.692710876464844,2390,100.0,100.0,100.0
27920,17.69977855682373,2390,100.0,100.0,100.0
27924,17.702800750732422,2390,100.0,100.0,100.0
27930,17.706603288650513,2390,100.0,100.0,100.0
27940,17.713176250457764,2390,100.0,100.0,100.0
27950,17.718063592910767,2390,100.0,100.0,100.0
27952,17.719660997390747,2390,100.0,100.0,100.0
27960,17.72462248802185,2390,100.0,100.0,100.0
27963,17.72585153579712,2390,100.0,100.0,100.0
27970,17.729913473129272,2390,100.0,100.0,100.0
27973,17.730987310409546,2390,100.0,100.0,100.0
27980,17.734992027282715,2390,100.0,100.0,100.0
27990,17.739707231521606,2390,100.0,100.0,100.0
28000,17.744221925735474,2390,100.0,100.0,100.0
28010,17.74996042251587,2390,100.0,100.0,100.0
28015,17.754064083099365,2390,100.0,100.0,100.0
28020,17.757615327835083,2390,100.0,100.0,100.0
28029,17.76311755180359,2390,100.0,100.0,100.0
28030,17.764047861099243,2390,100.0,100.0,100.0
28040,17.770099878311157,2390,100.0,100.0,100.0
28041,17.770557641983032,2390,100.0,100.0,100.0
28050,17.776740550994873,2390,100.0,100.0,100.0
28060,17.782320261001587,2390,100.0,100.0,100.0
28070,17.78859519958496,2390,100.0,100.0,100.0
28080,17.79393196105957,2390,100.0,100.0,100.0
28090,17.79928493499756,2390,100.0,100.0,100.0
28100,17.80590534210205,2390,100.0,100.0,100.0
28110,17.8125479221344,2390,100.0,100.0,100.0
28113,17.81452751159668,2390,100.0,100.0,100.0
28120,17.81860589981079,2390,100.0,100.0,100.0
28128,17.823208808898926,2390,100.0,100.0,100.0
28130,17.824669122695923,2390,100.0,100.0,100.0
28140,17.831888437271118,2390,100.0,100.0,100.0
28150,17.83903694152832,2390,100.0,100.0,100.0
28160,17.84381604194641,2390,100.0,100.0,100.0
28170,17.851443767547607,2390,100.0,100.0,100.0
28180,17.85695743560791,2390,100.0,100.0,100.0
28183,17.858001708984375,2390,100.0,100.0,100.0
28190,17.862308740615845,2390,100.0,100.0,100.0
28200,17.86796998977661,2390,100.0,100.0,100.0
28210,17.874613761901855,2390,100.0,100.0,100.0
28220,17.881134748458862,2390,100.0,100.0,100.0
28230,17.886348009109497,2390,100.0,100.0,100.0
28240,17.89276146888733,2390,100.0,100.0,100.0
28250,17.89904022216797,2390,100.0,100.0,100.0
28252,17.89991784095764,2390,100.0,100.0,100.0
28260,17.903468370437622,2390,100.0,100.0,100.0
28270,17.910771369934082,2390,100.0,100.0,100.0
28271,17.911242485046387,2390,100.0,100.0,100.0
28280,17.917359590530396,2390,100.0,100.0,100.0
28290,17.923190355300903,2390,100.0,100.0,100.0
28300,17.928761959075928,2390,100.0,100.0,100.0
28310,17.93543028831482,2390,100.0,100.0,100.0
28320,17.940577507019043,2390,100.0,100.0,100.0
28330,17.94864535331726,2390,100.0,100.0,100.0
28340,17.952329874038696,2390,100.0,100.0,100.0
28343,17.954309463500977,2390,100.0,100.0,100.0
28344,17.95477294921875,2390,100.0,100.0,100.0
28350,17.958329916000366,2390,100.0,100.0,100.0
28357,17.962891578674316,2390,100.0,100.0,100.0
28360,17.96480703353882,2390,100.0,100.0,100.0
28370,17.970520734786987,2390,100.0,100.0,100.0
28380,17.976407289505005,2390,100.0,100.0,100.0
28390,17.97946047782898,2390,100.0,100.0,100.0
28400,17.984254837036133,2390,100.0,100.0,100.0
28410,17.988430500030518,2390,100.0,100.0,100.0
28412,17.989248275756836,2390,100.0,100.0,100.0
28420,17.9941668510437,2390,100.0,100.0,100.0
28422,17.995052337646484,2390,100.0,100.0,100.0
28430,17.99989914894104,2390,100.0,100.0,100.0
28440,18.006860494613647,2390,100.0,100.0,100.0
28441,18.00732183456421,2390,100.0,100.0,100.0
28450,18.0140278339386,2390,100.0,100.0,100.0
28456,18.018386602401733,2390,100.0,100.0,100.0
28460,18.022075414657593,2390,100.0,100.0,100.0
28470,18.028401136398315,2390,100.0,100.0,100.0
28474,18.03083348274231,2390,100.0,100.0,100.0
28480,18.03296446800232,2390,100.0,100.0,100.0
28490,18.036211013793945,2390,100.0,100.0,100.0
28499,18.040334939956665,2390,100.0,100.0,100.0
28500,18.040746212005615,2390,100.0,100.0,100.0
28510,18.04624915122986,2390,100.0,100.0,100.0
28514,18.048893690109253,2390,100.0,100.0,100.0
28520,18.05246639251709,2390,100.0,100.0,100.0
28530,18.058427333831787,2390,100.0,100.0,100.0
28531,18.05888533592224,2390,100.0,100.0,100.0
28540,18.065776824951172,2390,100.0,100.0,100.0
28542,18.067195653915405,2390,100.0,100.0,100.0
28550,18.07234263420105,2390,100.0,100.0,100.0
28560,18.079029321670532,2390,100.0,100.0,100.0
28570,18.086291790008545,2390,100.0,100.0,100.0
28576,18.088724851608276,2390,100.0,100.0,100.0
28580,18.09258723258972,2390,100.0,100.0,100.0
28590,18.09856414794922,2390,100.0,100.0,100.0
28600,18.1064875125885,2390,100.0,100.0,100.0
28610,18.112321376800537,2390,100.0,100.0,100.0
28620,18.119167804718018,2390,100.0,100.0,100.0
28630,18.12593722343445,2390,100.0,100.0,100.0
28640,18.134804725646973,2390,100.0,100.0,100.0
28646,18.138244152069092,2390,100.0,100.0,100.0
28650,18.142608404159546,2390,100.0,100.0,100.0
28660,18.148929119110107,2390,100.0,100.0,100.0
28670,18.154106855392456,2390,100.0,100.0,100.0
28678,18.158499717712402,2390,100.0,100.0,100.0
28680,18.15998363494873,2390,100.0,100.0,100.0
28690,18.166893005371094,2390,100.0,100.0,100.0
28700,18.17224669456482,2390,100.0,100.0,100.0
28710,18.177398920059204,2390,100.0,100.0,100.0
28720,18.184803009033203,2390,100.0,100.0,100.0
28730,18.190181255340576,2390,100.0,100.0,100.0
28740,18.197305917739868,2390,100.0,100.0,100.0
28749,18.20343589782715,2390,100.0,100.0,100.0
28750,18.20382833480835,2390,100.0,100.0,100.0
28760,18.20912742614746,2390,100.0,100.0,100.0
28770,18.215482234954834,2390,100.0,100.0,100.0
28780,18.221078872680664,2390,100.0,100.0,100.0
28790,18.226468801498413,2390,100.0,100.0,100.0
28800,18.233811855316162,2390,100.0,100.0,100.0
28810,18.23873734474182,2390,100.0,100.0,100.0
28820,18.24615716934204,2390,100.0,100.0,100.0
28827,18.250781297683716,2390,100.0,100.0,100.0
28830,18.252988815307617,2390,100.0,100.0,100.0
28840,18.2582266330719,2390,100.0,100.0,100.0
28850,18.26561713218689,2390,100.0,100.0,100.0
28860,18.271862506866455,2390,100.0,100.0,100.0
28863,18.272943258285522,2390,100.0,100.0,100.0
28866,18.274948835372925,2390,100.0,100.0,100.0
28870,18.278417110443115,2390,100.0,100.0,100.0
28880,18.285804986953735,2390,100.0,100.0,100.0
28890,18.290541172027588,2390,100.0,100.0,100.0
28900,18.29742693901062,2390,100.0,100.0,100.0
28910,18.304911375045776,2390,100.0,100.0,100.0
28920,18.312559843063354,2390,100.0,100.0,100.0
28925,18.314724683761597,2390,100.0,100.0,100.0
28930,18.316771030426025,2390,100.0,100.0,100.0
28939,18.325541019439697,2390,100.0,100.0,100.0
28940,18.326703548431396,2390,100.0,100.0,100.0
28950,18.33591365814209,2390,100.0,100.0,100.0
28960,18.34451675415039,2390,100.0,100.0,100.0
28970,18.351778984069824,2390,100.0,100.0,100.0
28978,18.357195138931274,2390,100.0,100.0,100.0
28980,18.359360456466675,2390,100.0,100.0,100.0
28988,18.365542888641357,2390,100.0,100.0,100.0
28990,18.366329431533813,2390,100.0,100.0,100.0
29000,18.373937129974365,2390,100.0,100.0,100.0
29010,18.381576538085938,2390,100.0,100.0,100.0
29013,18.382808685302734,2390,100.0,100.0,100.0
29020,18.385867595672607,2390,100.0,100.0,100.0
29030,18.39400315284729,2390,100.0,100.0,100.0
29038,18.3978590965271,2390,100.0,100.0,100.0
29040,18.39871096611023,2390,100.0,100.0,100.0
29050,18.40682053565979,2390,100.0,100.0,100.0
29060,18.414327144622803,2390,100.0,100.0,100.0
29070,18.422873973846436,2390,100.0,100.0,100.0
29080,18.430808067321777,2390,100.0,100.0,100.0
29090,18.43947744369507,2390,100.0,100.0,100.0
29100,18.444995164871216,2390,100.0,100.0,100.0
29110,18.45067262649536,2390,100.0,100.0,100.0
29120,18.45545721054077,2390,100.0,100.0,100.0
29130,18.461848258972168,2390,100.0,100.0,100.0
29131,18.462361812591553,2390,100.0,100.0,100.0
29140,18.467110633850098,2390,100.0,100.0,100.0
29149,18.47319984436035,2390,100.0,100.0,100.0
29150,18.473424911499023,2390,100.0,100.0,100.0
29160,18.47940731048584,2390,100.0,100.0,100.0
29170,18.4869225025177,2390,100.0,100.0,100.0
29180,18.49397611618042,2390,100.0,100.0,100.0
29185,18.496981859207153,2390,100.0,100.0,100.0
29190,18.50132131576538,2390,100.0,100.0,100.0
29197,18.50771188735962,2390,100.0,100.0,100.0
29200,18.509527921676636,2390,100.0,100.0,100.0
29210,18.5156033039093,2390,100.0,100.0,100.0
29220,18.52157497406006,2390,100.0,100.0,100.0
29230,18.5293128490448,2390,100.0,100.0,100.0
29240,18.53776502609253,2390,100.0,100.0,100.0
29250,18.54470920562744,2390,100.0,100.0,100.0
29260,18.553926706314087,2390,100.0,100.0,100.0
29270,18.55841374397278,2390,100.0,100.0,100.0
29280,18.564655303955078,2390,100.0,100.0,100.0
29290,18.57265877723694,2390,100.0,100.0,100.0
29300,18.578420639038086,2390,100.0,100.0,100.0
29310,18.582998991012573,2390,100.0,100.0,100.0
29317,18.5882408618927,2390,100.0,100.0,100.0
29320,18.590266227722168,2390,100.0,100.0,100.0
29330,18.595216274261475,2390,100.0,100.0,100.0
29340,18.60167169570923,2390,100.0,100.0,100.0
29346,18.605671405792236,2390,100.0,100.0,100.0
29350,18.607195615768433,2390,100.0,100.0,100.0
29360,18.6168155670166,2390,100.0,100.0,100.0
29361,18.61732244491577,2390,100.0,100.0,100.0
29370,18.623332738876343,2390,100.0,100.0,100.0
29380,18.62806510925293,2390,100.0,100.0,100.0
29390,18.63509488105774,2390,100.0,100.0,100.0
29397,18.63951563835144,2390,100.0,100.0,100.0
29400,18.64146089553833,2390,100.0,100.0,100.0
29407,18.645498752593994,2390,100.0,100.0,100.0
29410,18.647348642349243,2390,100.0,100.0,100.0
29415,18.65364933013916,2390,100.0,100.0,100.0
29418,18.655060052871704,2390,100.0,100.0,100.0
29420,18.656668663024902,2390,100.0,100.0,100.0
29430,18.6629581451416,2390,100.0,100.0,100.0
29440,18.667941331863403,2390,100.0,100.0,100.0
29450,18.67472767829895,2390,100.0,100.0,100.0
29460,18.679607391357422,2390,100.0,100.0,100.0
29470,18.68650484085083,2390,100.0,100.0,100.0
29477,18.69048047065735,2390,100.0,100.0,100.0
29480,18.692200899124146,2390,100.0,100.0,100.0
29490,18.699078798294067,2390,100.0,100.0,100.0
29500,18.706425189971924,2390,100.0,100.0,100.0
29504,18.709200143814087,2390,100.0,100.0,100.0
29510,18.712578535079956,2390,100.0,100.0,100.0
29520,18.718846559524536,2390,100.0,100.0,100.0
29530,18.726125717163086,2390,100.0,100.0,100.0
29540,18.73345184326172,2390,100.0,100.0,100.0
29545,18.73519015312195,2390,100.0,100.0,100.0
29550,18.73857355117798,2390,100.0,100.0,100.0
29560,18.74403405189514,2390,100.0,100.0,100.0
29570,18.749144077301025,2390,100.0,100.0,100.0
29580,18.75490927696228,2390,100.0,100.0,100.0
29590,18.76213240623474,2390,100.0,100.0,100.0
29600,18.768545627593994,2390,100.0,100.0,100.0
29610,18.774719953536987,2390,100.0,100.0,100.0
29620,18.78045344352722,2390,100.0,100.0,100.0
29629,18.785399436950684,2390,100.0,100.0,100.0
29630,18.785858392715454,2390,100.0,100.0,100.0
29640,18.792618989944458,2390,100.0,100.0,100.0
29650,18.797879695892334,2390,100.0,100.0,100.0
29660,18.80367660522461,2390,100.0,100.0,100.0
29669,18.808196544647217,2390,100.0,100.0,100.0
29670,18.809253215789795,2390,100.0,100.0,100.0
29680,18.81640386581421,2390,100.0,100.0,100.0
29690,18.821890354156494,2390,100.0,100.0,100.0
29697,18.82472586631775,2390,100.0,100.0,100.0
29700,18.826402187347412,2390,100.0,100.0,100.0
29710,18.83313536643982,2390,100.0,100.0,100.0
29715,18.83465051651001,2390,100.0,100.0,100.0
29718,18.83634090423584,2390,100.0,100.0,100.0
29720,18.836987018585205,2390,100.0,100.0,100.0
29721,18.837364196777344,2390,100.0,100.0,100.0
29730,18.84245991706848,2390,100.0,100.0,100.0
29740,18.845735788345337,2390,100.0,100.0,100.0
29747,18.848685264587402,2390,100.0,100.0,100.0
29749,18.84997820854187,2390,100.0,100.0,100.0
29750,18.850990772247314,2390,100.0,100.0,100.0
29760,18.857590198516846,2390,100.0,100.0,100.0
29770,18.86239194869995,2390,100.0,100.0,100.0
29780,18.86993098258972,2390,100.0,100.0,100.0
29790,18.87767791748047,2390,100.0,100.0,100.0
29793,18.87944722175598,2390,100.0,100.0,100.0
29800,18.883827686309814,2390,100.0,100.0,100.0
29810,18.8914213180542,2390,100.0,100.0,100.0
29820,18.897975206375122,2390,100.0,100.0,100.0
29830,18.90451693534851,2390,100.0,100.0,100.0
29840,18.912087440490723,2390,100.0,100.0,100.0
29850,18.919187784194946,2390,100.0,100.0,100.0
29853,18.920287132263184,2390,100.0,100.0,100.0
29860,18.92570734024048,2390,100.0,100.0,100.0
29870,18.931207180023193,2390,100.0,100.0,100.0
29880,18.93694043159485,2390,100.0,100.0,100.0
29890,18.94195795059204,2390,100.0,100.0,100.0
29900,18.948676586151123,2390,100.0,100.0,100.0
29910,18.95482587814331,2390,100.0,100.0,100.0
29920,18.960643529891968,2390,100.0,100.0,100.0
29930,18.96566152572632,2390,100.0,100.0,100.0
29940,18.97263216972351,2390,100.0,100.0,100.0
29950,18.977980375289917,2390,100.0,100.0,100.0
29953,18.979838609695435,2390,100.0,100.0,100.0
29960,18.984782695770264,2390,100.0,100.0,100.0
29963,18.98685050010681,2390,100.0,100.0,100.0
29970,18.989543437957764,2390,100.0,100.0,100.0
29980,18.996397733688354,2390,100.0,100.0,100.0
29990,19.00251269340515,2390,100.0,100.0,100.0
30000,19.007067441940308,2390,100.0,100.0,100.0
30001,19.00746250152588,2390,100.0,100.0,100.0
30010,19.01311755180359,2390,100.0,100.0,100.0
30012,19.013864040374756,2390,100.0,100.0,100.0
30020,19.018638610839844,2390,100.0,100.0,100.0
30024,19.021403551101685,2390,100.0,100.0,100.0
30030,19.02527666091919,2390,100.0,100.0,100.0
30040,19.03131675720215,2390,100.0,100.0,100.0
30050,19.037643909454346,2390,100.0,100.0,100.0
30060,19.0443332195282,2390,100.0,100.0,100.0
30070,19.050665616989136,2390,100.0,100.0,100.0
30080,19.056702136993408,2390,100.0,100.0,100.0
30090,19.06095814704895,2390,100.0,100.0,100.0
30100,19.06572699546814,2390,100.0,100.0,100.0
30110,19.0705304145813,2390,100.0,100.0,100.0
30120,19.074512481689453,2390,100.0,100.0,100.0
30121,19.07490086555481,2390,100.0,100.0,100.0
30130,19.07911777496338,2390,100.0,100.0,100.0
30140,19.08624505996704,2390,100.0,100.0,100.0
30141,19.086665868759155,2390,100.0,100.0,100.0
30150,19.093793630599976,2390,100.0,100.0,100.0
30160,19.098544359207153,2390,100.0,100.0,100.0
30162,19.099979400634766,2390,100.0,100.0,100.0
30170,19.106221199035645,2390,100.0,100.0,100.0
30180,19.11105966567993,2390,100.0,100.0,100.0
30190,19.11729669570923,2390,100.0,100.0,100.0
30194,19.12016725540161,2390,100.0,100.0,100.0
30200,19.12493133544922,2390,100.0,100.0,100.0
30210,19.130366563796997,2390,100.0,100.0,100.0
30220,19.136812448501587,2390,100.0,100.0,100.0
30230,19.142889261245728,2390,100.0,100.0,100.0
30240,19.149146795272827,2390,100.0,100.0,100.0
30250,19.15521264076233,2390,100.0,100.0,100.0
30254,19.156863927841187,2390,100.0,100.0,100.0
30255,19.15736436843872,2390,100.0,100.0,100.0
30260,19.160935878753662,2390,100.0,100.0,100.0
30270,19.165581703186035,2390,100.0,100.0,100.0
30277,19.170872449874878,2390,100.0,100.0,100.0
30280,19.17243504524231,2390,100.0,100.0,100.0
30290,19.17730689048767,2390,100.0,100.0,100.0
30300,19.18177890777588,2390,100.0,100.0,100.0
30306,19.18527841567993,2390,100.0,100.0,100.0
30310,19.188125133514404,2390,100.0,100.0,100.0
30320,19.195811986923218,2390,100.0,100.0,100.0
30330,19.20167303085327,2390,100.0,100.0,100.0
30336,19.205229997634888,2390,100.0,100.0,100.0
30340,19.207379579544067,2390,100.0,100.0,100.0
30350,19.214855670928955,2390,100.0,100.0,100.0
30360,19.218735933303833,2390,100.0,100.0,100.0
30370,19.224284172058105,2390,100.0,100.0,100.0
30380,19.230318069458008,2390,100.0,100.0,100.0
30384,19.231794834136963,2390,100.0,100.0,100.0
30390,19.235110998153687,2390,100.0,100.0,100.0
30400,19.240105152130127,2390,100.0,100.0,100.0
30410,19.24596858024597,2390,100.0,100.0,100.0
30420,19.254924535751343,2390,100.0,100.0,100.0
30430,19.25972008705139,2390,100.0,100.0,100.0
30433,19.261509895324707,2390,100.0,100.0,100.0
30434,19.261904001235962,2390,100.0,100.0,100.0
30440,19.265492916107178,2390,100.0,100.0,100.0
30449,19.269842624664307,2390,100.0,100.0,100.0
30450,19.270440578460693,2390,100.0,100.0,100.0
30457,19.27601432800293,2390,100.0,100.0,100.0
30460,19.27683925628662,2390,100.0,100.0,100.0
30470,19.281089782714844,2390,100.0,100.0,100.0
30480,19.284844398498535,2390,100.0,100.0,100.0
30488,19.291009187698364,2390,100.0,100.0,100.0
30490,19.292388439178467,2390,100.0,100.0,100.0
30498,19.296708583831787,2390,100.0,100.0,100.0
30500,19.298208713531494,2390,100.0,100.0,100.0
30510,19.303357362747192,2390,100.0,100.0,100.0
30520,19.310753107070923,2390,100.0,100.0,100.0
30530,19.31489634513855,2390,100.0,100.0,100.0
30540,19.321885347366333,2390,100.0,100.0,100.0
30550,19.325212717056274,2390,100.0,100.0,100.0
30560,19.33004379272461,2390,100.0,100.0,100.0
30563,19.331917762756348,2390,100.0,100.0,100.0
30570,19.334826707839966,2390,100.0,100.0,100.0
30580,19.33999752998352,2390,100.0,100.0,100.0
30584,19.341994047164917,2390,100.0,100.0,100.0
30590,19.34455943107605,2390,100.0,100.0,100.0
30600,19.348397731781006,2390,100.0,100.0,100.0
30610,19.354286193847656,2390,100.0,100.0,100.0
30620,19.35828924179077,2390,100.0,100.0,100.0
30626,19.36085820198059,2390,100.0,100.0,100.0
30630,19.362772464752197,2390,100.0,100.0,100.0
30640,19.367303371429443,2390,100.0,100.0,100.0
30650,19.372068881988525,2390,100.0,100.0,100.0
30660,19.37800908088684,2390,100.0,100.0,100.0
30662,19.378886461257935,2390,100.0,100.0,100.0
30670,19.38410186767578,2390,100.0,100.0,100.0
30680,19.390955686569214,2390,100.0,100.0,100.0
30690,19.395686626434326,2390,100.0,100.0,100.0
30700,19.401539087295532,2390,100.0,100.0,100.0
30710,19.40561008453369,2390,100.0,100.0,100.0
30720,19.40881061553955,2390,100.0,100.0,100.0
30730,19.413158655166626,2390,100.0,100.0,100.0
30739,19.41741371154785,2390,100.0,100.0,100.0
30740,19.41775155067444,2390,100.0,100.0,100.0
30750,19.42453646659851,2390,100.0,100.0,100.0
30760,19.430991888046265,2390,100.0,100.0,100.0
30770,19.435560941696167,2390,100.0,100.0,100.0
30780,19.44132113456726,2390,100.0,100.0,100.0
30790,19.44775128364563,2390,100.0,100.0,100.0
30793,19.449460983276367,2390,100.0,100.0,100.0
30800,19.4533531665802,2390,100.0,100.0,100.0
30802,19.454793214797974,2390,100.0,100.0,100.0
30810,19.458085775375366,2390,100.0,100.0,100.0
30820,19.464098691940308,2390,100.0,100.0,100.0
30830,19.469411373138428,2390,100.0,100.0,100.0
30840,19.47620725631714,2390,100.0,100.0,100.0
30850,19.482125759124756,2390,100.0,100.0,100.0
30859,19.48741054534912,2390,100.0,100.0,100.0
30860,19.48776078224182,2390,100.0,100.0,100.0
30870,19.493835926055908,2390,100.0,100.0,100.0
30880,19.499244928359985,2390,100.0,100.0,100.0
30885,19.50173544883728,2390,100.0,100.0,100.0
30890,19.50605344772339,2390,100.0,100.0,100.0
30900,19.511650800704956,2390,100.0,100.0,100.0
30910,19.517876386642456,2390,100.0,100.0,100.0
30920,19.521493911743164,2390,100.0,100.0,100.0
30925,19.525283575057983,2390,100.0,100.0,100.0
30930,19.529720544815063,2390,100.0,100.0,100.0
30940,19.53499126434326,2390,100.0,100.0,100.0
30950,19.54134202003479,2390,100.0,100.0,100.0
30960,19.54814648628235,2390,100.0,100.0,100.0
30970,19.552924394607544,2390,100.0,100.0,100.0
30980,19.558534145355225,2390,100.0,100.0,100.0
30990,19.564862728118896,2390,100.0,100.0,100.0
31000,19.571015119552612,2390,100.0,100.0,100.0
31005,19.572797060012817,2390,100.0,100.0,100.0
31010,19.576534271240234,2390,100.0,100.0,100.0
31020,19.582034587860107,2390,100.0,100.0,100.0
31030,19.586120128631592,2390,100.0,100.0,100.0
31040,19.591735363006592,2390,100.0,100.0,100.0
31050,19.598886251449585,2390,100.0,100.0,100.0
31060,19.603507041931152,2390,100.0,100.0,100.0
31063,19.60460591316223,2390,100.0,100.0,100.0
31070,19.60848355293274,2390,100.0,100.0,100.0
31080,19.616822481155396,2390,100.0,100.0,100.0
31090,19.62412118911743,2390,100.0,100.0,100.0
31100,19.63042378425598,2390,100.0,100.0,100.0
31110,19.635759115219116,2390,100.0,100.0,100.0
31120,19.642210006713867,2390,100.0,100.0,100.0
31130,19.655876398086548,2390,100.0,100.0,100.0
31140,19.661911964416504,2390,100.0,100.0,100.0
31150,19.667001962661743,2390,100.0,100.0,100.0
31160,19.6738440990448,2390,100.0,100.0,100.0
31170,19.683783531188965,2390,100.0,100.0,100.0
31180,19.68774724006653,2390,100.0,100.0,100.0
31184,19.689775228500366,2390,100.0,100.0,100.0
31190,19.694613218307495,2390,100.0,100.0,100.0
31193,19.69726014137268,2390,100.0,100.0,100.0
31200,19.702205657958984,2390,100.0,100.0,100.0
31210,19.710811138153076,2390,100.0,100.0,100.0
31220,19.71758222579956,2390,100.0,100.0,100.0
31230,19.72162890434265,2390,100.0,100.0,100.0
31240,19.727357625961304,2390,100.0,100.0,100.0
31243,19.72835373878479,2390,100.0,100.0,100.0
31250,19.732787370681763,2390,100.0,100.0,100.0
31260,19.73984980583191,2390,100.0,100.0,100.0
31270,19.74623966217041,2390,100.0,100.0,100.0
31280,19.751256227493286,2390,100.0,100.0,100.0
31281,19.751670598983765,2390,100.0,100.0,100.0
31290,19.758220672607422,2390,100.0,100.0,100.0
31300,19.766680002212524,2390,100.0,100.0,100.0
31310,19.773293018341064,2390,100.0,100.0,100.0
31320,19.77936100959778,2390,100.0,100.0,100.0
31330,19.78434181213379,2390,100.0,100.0,100.0
31340,19.789987087249756,2390,100.0,100.0,100.0
31350,19.796207189559937,2390,100.0,100.0,100.0
31360,19.799275875091553,2390,100.0,100.0,100.0
31370,19.807175159454346,2390,100.0,100.0,100.0
31380,19.812134504318237,2390,100.0,100.0,100.0
31390,19.82056736946106,2390,100.0,100.0,100.0
31400,19.827188968658447,2390,100.0,100.0,100.0
31410,19.831387281417847,2390,100.0,100.0,100.0
31420,19.83592462539673,2390,100.0,100.0,100.0
31430,19.843614101409912,2390,100.0,100.0,100.0
31432,19.8443500995636,2390,100.0,100.0,100.0
31434,19.84583020210266,2390,100.0,100.0,100.0
31440,19.849904775619507,2390,100.0,100.0,100.0
31447,19.855084657669067,2390,100.0,100.0,100.0
31450,19.855806827545166,2390,100.0,100.0,100.0
31460,19.863734245300293,2390,100.0,100.0,100.0
31470,19.873023748397827,2390,100.0,100.0,100.0
31480,19.881112575531006,2390,100.0,100.0,100.0
31490,19.8882737159729,2390,100.0,100.0,100.0
31500,19.894083499908447,2390,100.0,100.0,100.0
31510,19.902496576309204,2390,100.0,100.0,100.0
31520,19.91074848175049,2390,100.0,100.0,100.0
31530,19.919512033462524,2390,100.0,100.0,100.0
31539,19.925894021987915,2390,100.0,100.0,100.0
31540,19.927018642425537,2390,100.0,100.0,100.0
31550,19.935600757598877,2390,100.0,100.0,100.0
31560,19.942795276641846,2390,100.0,100.0,100.0
31562,19.944332599639893,2390,100.0,100.0,100.0
31570,19.95287775993347,2390,100.0,100.0,100.0
31580,19.959880113601685,2390,100.0,100.0,100.0
31590,19.966991662979126,2390,100.0,100.0,100.0
31600,19.97251605987549,2390,100.0,100.0,100.0
31610,19.97932529449463,2390,100.0,100.0,100.0
31620,19.9857234954834,2390,100.0,100.0,100.0
31630,19.99277925491333,2390,100.0,100.0,100.0
31640,19.996220111846924,2390,100.0,100.0,100.0
31650,20.00218391418457,2390,100.0,100.0,100.0
31658,20.006535530090332,2390,100.0,100.0,100.0
31660,20.007066249847412,2390,100.0,100.0,100.0
31664,20.010689973831177,2390,100.0,100.0,100.0
31670,20.01360821723938,2390,100.0,100.0,100.0
31680,20.01905083656311,2390,100.0,100.0,100.0
31690,20.023407220840454,2390,100.0,100.0,100.0
31700,20.031182765960693,2390,100.0,100.0,100.0
31710,20.036726713180542,2390,100.0,100.0,100.0
31720,20.04274868965149,2390,100.0,100.0,100.0
31730,20.047528505325317,2390,100.0,100.0,100.0
31740,20.052938222885132,2390,100.0,100.0,100.0
31750,20.058259963989258,2390,100.0,100.0,100.0
31760,20.0637629032135,2390,100.0,100.0,100.0
31770,20.070066928863525,2390,100.0,100.0,100.0
31775,20.074268102645874,2390,100.0,100.0,100.0
31780,20.077391862869263,2390,100.0,100.0,100.0
31790,20.081058740615845,2390,100.0,100.0,100.0
31791,20.08148694038391,2390,100.0,100.0,100.0
31800,20.08634638786316,2390,100.0,100.0,100.0
31810,20.09398317337036,2390,100.0,100.0,100.0
31820,20.098159551620483,2390,100.0,100.0,100.0
31830,20.105215549468994,2390,100.0,100.0,100.0
31831,20.105664491653442,2390,100.0,100.0,100.0
31840,20.112478971481323,2390,100.0,100.0,100.0
31850,20.11931324005127,2390,100.0,100.0,100.0
31860,20.12544894218445,2390,100.0,100.0,100.0
31863,20.128132104873657,2390,100.0,100.0,100.0
31870,20.132031440734863,2390,100.0,100.0,100.0
31873,20.133893966674805,2390,100.0,100.0,100.0
31880,20.137057304382324,2390,100.0,100.0,100.0
31890,20.143585681915283,2390,100.0,100.0,100.0
31894,20.14509415626526,2390,100.0,100.0,100.0
31900,20.14869999885559,2390,100.0,100.0,100.0
31904,20.150225162506104,2390,100.0,100.0,100.0
31910,20.153501272201538,2390,100.0,100.0,100.0
31917,20.158196449279785,2390,100.0,100.0,100.0
31920,20.15999698638916,2390,100.0,100.0,100.0
31930,20.165793657302856,2390,100.0,100.0,100.0
31940,20.174572467803955,2390,100.0,100.0,100.0
31950,20.18208122253418,2390,100.0,100.0,100.0
31952,20.18311619758606,2390,100.0,100.0,100.0
31960,20.189040899276733,2390,100.0,100.0,100.0
31964,20.19135880470276,2390,100.0,100.0,100.0
31970,20.19482731819153,2390,100.0,100.0,100.0
31976,20.197790384292603,2390,100.0,100.0,100.0
31980,20.200004816055298,2390,100.0,100.0,100.0
31990,20.206029653549194,2390,100.0,100.0,100.0
31991,20.20647358894348,2390,100.0,100.0,100.0
32000,20.21181869506836,2390,100.0,100.0,100.0
32010,20.217342376708984,2390,100.0,100.0,100.0
32013,20.219931602478027,2390,100.0,100.0,100.0
32020,20.223313570022583,2390,100.0,100.0,100.0
32030,20.22961711883545,2390,100.0,100.0,100.0
32040,20.23453688621521,2390,100.0,100.0,100.0
32050,20.239354372024536,2390,100.0,100.0,100.0
32060,20.243266820907593,2390,100.0,100.0,100.0
32070,20.25188708305359,2390,100.0,100.0,100.0
32080,20.258018255233765,2390,100.0,100.0,100.0
32090,20.26275634765625,2390,100.0,100.0,100.0
32091,20.263181447982788,2390,100.0,100.0,100.0
32100,20.26691746711731,2390,100.0,100.0,100.0
32110,20.270286560058594,2390,100.0,100.0,100.0
32120,20.275237560272217,2390,100.0,100.0,100.0
32130,20.28077721595764,2390,100.0,100.0,100.0
32137,20.28346538543701,2390,100.0,100.0,100.0
32140,20.2845618724823,2390,100.0,100.0,100.0
32150,20.288830518722534,2390,100.0,100.0,100.0
32152,20.290499210357666,2390,100.0,100.0,100.0
32157,20.293851375579834,2390,100.0,100.0,100.0
32159,20.2953360080719,2390,100.0,100.0,100.0
32160,20.296431303024292,2390,100.0,100.0,100.0
32170,20.303616523742676,2390,100.0,100.0,100.0
32180,20.308947801589966,2390,100.0,100.0,100.0
32190,20.315677165985107,2390,100.0,100.0,100.0
32194,20.31687879562378,2390,100.0,100.0,100.0
32200,20.321086883544922,2390,100.0,100.0,100.0
32210,20.327696800231934,2390,100.0,100.0,100.0
32220,20.333704710006714,2390,100.0,100.0,100.0
32230,20.34088110923767,2390,100.0,100.0,100.0
32239,20.347275257110596,2390,100.0,100.0,100.0
32240,20.347731590270996,2390,100.0,100.0,100.0
32250,20.354162454605103,2390,100.0,100.0,100.0
32260,20.357450485229492,2390,100.0,100.0,100.0
32270,20.36463737487793,2390,100.0,100.0,100.0
32280,20.37028169631958,2390,100.0,100.0,100.0
32290,20.3760724067688,2390,100.0,100.0,100.0
32296,20.37928295135498,2390,100.0,100.0,100.0
32300,20.38175892829895,2390,100.0,100.0,100.0
32310,20.386357307434082,2390,100.0,100.0,100.0
32320,20.392658710479736,2390,100.0,100.0,100.0
32330,20.39965844154358,2390,100.0,100.0,100.0
32333,20.401612758636475,2390,100.0,100.0,100.0
32340,20.404884099960327,2390,100.0,100.0,100.0
32350,20.41193675994873,2390,100.0,100.0,100.0
32352,20.412914276123047,2390,100.0,100.0,100.0
32360,20.416257619857788,2390,100.0,100.0,100.0
32370,20.422008275985718,2390,100.0,100.0,100.0
32380,20.428531646728516,2390,100.0,100.0,100.0
32390,20.434175729751587,2390,100.0,100.0,100.0
32400,20.43991780281067,2390,100.0,100.0,100.0
32410,20.44553256034851,2390,100.0,100.0,100.0
32415,20.448604583740234,2390,100.0,100.0,100.0
32419,20.45096516609192,2390,100.0,100.0,100.0
32420,20.45207953453064,2390,100.0,100.0,100.0
32430,20.458797216415405,2390,100.0,100.0,100.0
32440,20.463744401931763,2390,100.0,100.0,100.0
32450,20.471096515655518,2390,100.0,100.0,100.0
32460,20.475826025009155,2390,100.0,100.0,100.0
32470,20.48214316368103,2390,100.0,100.0,100.0
32480,20.490703582763672,2390,100.0,100.0,100.0
32490,20.49829602241516,2390,100.0,100.0,100.0
32492,20.49920129776001,2390,100.0,100.0,100.0
32500,20.50423550605774,2390,100.0,100.0,100.0
32510,20.51002812385559,2390,100.0,100.0,100.0
32520,20.51687502861023,2390,100.0,100.0,100.0
32530,20.522732257843018,2390,100.0,100.0,100.0
32540,20.526594877243042,2390,100.0,100.0,100.0
32550,20.533671617507935,2390,100.0,100.0,100.0
32560,20.54053258895874,2390,100.0,100.0,100.0
32570,20.548476696014404,2390,100.0,100.0,100.0
32580,20.556678295135498,2390,100.0,100.0,100.0
32590,20.56261897087097,2390,100.0,100.0,100.0
32600,20.567583322525024,2390,100.0,100.0,100.0
32607,20.572443962097168,2390,100.0,100.0,100.0
32610,20.574164628982544,2390,100.0,100.0,100.0
32620,20.57965660095215,2390,100.0,100.0,100.0
32630,20.586747646331787,2390,100.0,100.0,100.0
32640,20.59171748161316,2390,100.0,100.0,100.0
32646,20.595890760421753,2390,100.0,100.0,100.0
32650,20.598003387451172,2390,100.0,100.0,100.0
32660,20.604685068130493,2390,100.0,100.0,100.0
32670,20.610149383544922,2390,100.0,100.0,100.0
32680,20.61527919769287,2390,100.0,100.0,100.0
32690,20.625418663024902,2390,100.0,100.0,100.0
32696,20.628567457199097,2390,100.0,100.0,100.0
32697,20.629011392593384,2390,100.0,100.0,100.0
32700,20.631630420684814,2390,100.0,100.0,100.0
32710,20.638718843460083,2390,100.0,100.0,100.0
32720,20.647951126098633,2390,100.0,100.0,100.0
32721,20.648555517196655,2390,100.0,100.0,100.0
32730,20.655672311782837,2390,100.0,100.0,100.0
32736,20.65844964981079,2390,100.0,100.0,100.0
32740,20.66201114654541,2390,100.0,100.0,100.0
32750,20.670896530151367,2390,100.0,100.0,100.0
32760,20.674575328826904,2390,100.0,100.0,100.0
32770,20.68355369567871,2390,100.0,100.0,100.0
32774,20.686058521270752,2390,100.0,100.0,100.0
32780,20.688767910003662,2390,100.0,100.0,100.0
32790,20.696033239364624,2390,100.0,100.0,100.0
32800,20.702982425689697,2390,100.0,100.0,100.0
32810,20.70942711830139,2390,100.0,100.0,100.0
32820,20.715434074401855,2390,100.0,100.0,100.0
32830,20.723281145095825,2390,100.0,100.0,100.0
32839,20.727978229522705,2390,100.0,100.0,100.0
32840,20.729168176651,2390,100.0,100.0,100.0
32850,20.73433256149292,2390,100.0,100.0,100.0
32860,20.73912215232849,2390,100.0,100.0,100.0
32865,20.741670608520508,2390,100.0,100.0,100.0
32870,20.7447292804718,2390,100.0,100.0,100.0
32880,20.75055193901062,2390,100.0,100.0,100.0
32890,20.756859302520752,2390,100.0,100.0,100.0
32900,20.76540207862854,2390,100.0,100.0,100.0
32901,20.765865802764893,2390,100.0,100.0,100.0
32910,20.772169828414917,2390,100.0,100.0,100.0
32920,20.778744220733643,2390,100.0,100.0,100.0
32930,20.785512447357178,2390,100.0,100.0,100.0
32940,20.79086446762085,2390,100.0,100.0,100.0
32950,20.7983615398407,2390,100.0,100.0,100.0
32960,20.8046555519104,2390,100.0,100.0,100.0
32970,20.811524629592896,2390,100.0,100.0,100.0
32980,20.816938638687134,2390,100.0,100.0,100.0
32990,20.823983192443848,2390,100.0,100.0,100.0
33000,20.830470323562622,2390,100.0,100.0,100.0
33010,20.83591604232788,2390,100.0,100.0,100.0
33020,20.84107732772827,2390,100.0,100.0,100.0
33030,20.849833011627197,2390,100.0,100.0,100.0
33040,20.85383701324463,2390,100.0,100.0,100.0
33050,20.85870051383972,2390,100.0,100.0,100.0
33060,20.864031076431274,2390,100.0,100.0,100.0
33062,20.864879369735718,2390,100.0,100.0,100.0
33070,20.87106466293335,2390,100.0,100.0,100.0
33080,20.877258777618408,2390,100.0,100.0,100.0
33087,20.882556915283203,2390,100.0,100.0,100.0
33090,20.884439706802368,2390,100.0,100.0,100.0
33100,20.893176078796387,2390,100.0,100.0,100.0
33110,20.897413969039917,2390,100.0,100.0,100.0
33120,20.904454708099365,2390,100.0,100.0,100.0
33130,20.913050174713135,2390,100.0,100.0,100.0
33140,20.91843008995056,2390,100.0,100.0,100.0
33147,20.923206329345703,2390,100.0,100.0,100.0
33150,20.925135850906372,2390,100.0,100.0,100.0
33160,20.932838916778564,2390,100.0,100.0,100.0
33166,20.936060428619385,2390,100.0,100.0,100.0
33169,20.938119173049927,2390,100.0,100.0,100.0
33170,20.938518285751343,2390,100.0,100.0,100.0
33180,20.9439218044281,2390,100.0,100.0,100.0
33181,20.944406032562256,2390,100.0,100.0,100.0
33190,20.94948697090149,2390,100.0,100.0,100.0
33200,20.95656108856201,2390,100.0,100.0,100.0
33210,20.961693048477173,2390,100.0,100.0,100.0
33220,20.96700644493103,2390,100.0,100.0,100.0
33230,20.974023818969727,2390,100.0,100.0,100.0
33240,20.982144594192505,2390,100.0,100.0,100.0
33250,20.989035606384277,2390,100.0,100.0,100.0
33251,20.989495992660522,2390,100.0,100.0,100.0
33257,20.992579221725464,2390,100.0,100.0,100.0
33260,20.994235515594482,2390,100.0,100.0,100.0
33270,20.999629974365234,2390,100.0,100.0,100.0
33280,21.004265308380127,2390,100.0,100.0,100.0
33290,21.00912094116211,2390,100.0,100.0,100.0
33300,21.015828847885132,2390,100.0,100.0,100.0
33306,21.019627571105957,2390,100.0,100.0,100.0
33310,21.021936655044556,2390,100.0,100.0,100.0
33320,21.027976036071777,2390,100.0,100.0,100.0
33330,21.035578727722168,2390,100.0,100.0,100.0
33340,21.04089331626892,2390,100.0,100.0,100.0
33350,21.045313358306885,2390,100.0,100.0,100.0
33358,21.050554752349854,2390,100.0,100.0,100.0
33360,21.051454782485962,2390,100.0,100.0,100.0
33370,21.057942390441895,2390,100.0,100.0,100.0
33380,21.064533233642578,2390,100.0,100.0,100.0
33390,21.069466829299927,2390,100.0,100.0,100.0
33395,21.07125163078308,2390,100.0,100.0,100.0
33400,21.07306408882141,2390,100.0,100.0,100.0
33410,21.079749822616577,2390,100.0,100.0,100.0
33415,21.08277201652527,2390,100.0,100.0,100.0
33419,21.0848548412323,2390,100.0,100.0,100.0
33420,21.085267782211304,2390,100.0,100.0,100.0
33423,21.08634662628174,2390,100.0,100.0,100.0
33430,21.092109441757202,2390,100.0,100.0,100.0
33440,21.097031354904175,2390,100.0,100.0,100.0
33450,21.100757837295532,2390,100.0,100.0,100.0
33460,21.10787534713745,2390,100.0,100.0,100.0
33470,21.115869760513306,2390,100.0,100.0,100.0
33480,21.120198011398315,2390,100.0,100.0,100.0
33490,21.127234935760498,2390,100.0,100.0,100.0
33500,21.133008003234863,2390,100.0,100.0,100.0
33510,21.14193892478943,2390,100.0,100.0,100.0
33520,21.14900827407837,2390,100.0,100.0,100.0
33522,21.149879217147827,2390,100.0,100.0,100.0
33530,21.155141592025757,2390,100.0,100.0,100.0
33540,21.162046670913696,2390,100.0,100.0,100.0
33548,21.165862798690796,2390,100.0,100.0,100.0
33550,21.167051076889038,2390,100.0,100.0,100.0
33560,21.175419807434082,2390,100.0,100.0,100.0
33561,21.175947904586792,2390,100.0,100.0,100.0
33570,21.18134617805481,2390,100.0,100.0,100.0
33580,21.187210083007812,2390,100.0,100.0,100.0
33590,21.193352937698364,2390,100.0,100.0,100.0
33600,21.20121932029724,2390,100.0,100.0,100.0
33610,21.20812177658081,2390,100.0,100.0,100.0
33620,21.215162754058838,2390,100.0,100.0,100.0
33630,21.222431182861328,2390,100.0,100.0,100.0
33640,21.230648279190063,2390,100.0,100.0,100.0
33650,21.23805284500122,2390,100.0,100.0,100.0
33660,21.24401879310608,2390,100.0,100.0,100.0
33670,21.251551151275635,2390,100.0,100.0,100.0
33680,21.261296272277832,2390,100.0,100.0,100.0
33690,21.270206928253174,2390,100.0,100.0,100.0
33700,21.2802894115448,2390,100.0,100.0,100.0
33710,21.288103818893433,2390,100.0,100.0,100.0
33720,21.29500937461853,2390,100.0,100.0,100.0
33729,21.300966501235962,2390,100.0,100.0,100.0
33730,21.30136227607727,2390,100.0,100.0,100.0
33740,21.30690574645996,2390,100.0,100.0,100.0
33741,21.307523250579834,2390,100.0,100.0,100.0
33750,21.313755750656128,2390,100.0,100.0,100.0
33760,21.32178831100464,2390,100.0,100.0,100.0
33764,21.324913024902344,2390,100.0,100.0,100.0
33770,21.32817006111145,2390,100.0,100.0,100.0
33780,21.335617303848267,2390,100.0,100.0,100.0
33790,21.343278408050537,2390,100.0,100.0,100.0
33800,21.348961114883423,2390,100.0,100.0,100.0
33810,21.35845160484314,2390,100.0,100.0,100.0
33820,21.36643099784851,2390,100.0,100.0,100.0
33830,21.372305631637573,2390,100.0,100.0,100.0
33840,21.380038022994995,2390,100.0,100.0,100.0
33850,21.3887996673584,2390,100.0,100.0,100.0
33860,21.39411473274231,2390,100.0,100.0,100.0
33870,21.401578426361084,2390,100.0,100.0,100.0
33880,21.40692949295044,2390,100.0,100.0,100.0
33890,21.414793014526367,2390,100.0,100.0,100.0
33900,21.420095443725586,2390,100.0,100.0,100.0
33910,21.427539348602295,2390,100.0,100.0,100.0
33920,21.43101406097412,2390,100.0,100.0,100.0
33927,21.43632221221924,2390,100.0,100.0,100.0
33930,21.438892126083374,2390,100.0,100.0,100.0
33940,21.445939302444458,2390,100.0,100.0,100.0
33950,21.451879501342773,2390,100.0,100.0,100.0
33951,21.452417850494385,2390,100.0,100.0,100.0
33960,21.457666158676147,2390,100.0,100.0,100.0
33968,21.46231174468994,2390,100.0,100.0,100.0
33970,21.463120460510254,2390,100.0,100.0,100.0
33980,21.468998670578003,2390,100.0,100.0,100.0
33990,21.477179288864136,2390,100.0,100.0,100.0
34000,21.485737562179565,2390,100.0,100.0,100.0
34010,21.49308967590332,2390,100.0,100.0,100.0
34020,21.501497745513916,2390,100.0,100.0,100.0
34026,21.504680156707764,2390,100.0,100.0,100.0
34030,21.50841474533081,2390,100.0,100.0,100.0
34040,21.515042781829834,2390,100.0,100.0,100.0
34050,21.52385115623474,2390,100.0,100.0,100.0
34060,21.530258178710938,2390,100.0,100.0,100.0
34070,21.53460144996643,2390,100.0,100.0,100.0
34080,21.54067039489746,2390,100.0,100.0,100.0
34090,21.545883417129517,2390,100.0,100.0,100.0
34100,21.550978660583496,2390,100.0,100.0,100.0
34110,21.55972933769226,2390,100.0,100.0,100.0
34120,21.565651893615723,2390,100.0,100.0,100.0
34130,21.571781873703003,2390,100.0,100.0,100.0
34137,21.576812505722046,2390,100.0,100.0,100.0
34140,21.57874083518982,2390,100.0,100.0,100.0
34150,21.58478093147278,2390,100.0,100.0,100.0
34155,21.58852243423462,2390,100.0,100.0,100.0
34160,21.592658758163452,2390,100.0,100.0,100.0
34170,21.598866939544678,2390,100.0,100.0,100.0
34180,21.604021310806274,2390,100.0,100.0,100.0
34190,21.6083664894104,2390,100.0,100.0,100.0
34200,21.61416482925415,2390,100.0,100.0,100.0
34210,21.61921453475952,2390,100.0,100.0,100.0
34220,21.624106407165527,2390,100.0,100.0,100.0
34230,21.629833221435547,2390,100.0,100.0,100.0
34240,21.63391613960266,2390,100.0,100.0,100.0
34250,21.641444206237793,2390,100.0,100.0,100.0
34260,21.645790338516235,2390,100.0,100.0,100.0
34270,21.65026569366455,2390,100.0,100.0,100.0
34280,21.654136657714844,2390,100.0,100.0,100.0
34290,21.660869121551514,2390,100.0,100.0,100.0
34300,21.6666841506958,2390,100.0,100.0,100.0
34305,21.670257806777954,2390,100.0,100.0,100.0
34310,21.673444986343384,2390,100.0,100.0,100.0
34320,21.6792733669281,2390,100.0,100.0,100.0
34330,21.684070587158203,2390,100.0,100.0,100.0
34340,21.688517093658447,2390,100.0,100.0,100.0
34343,21.690266609191895,2390,100.0,100.0,100.0
34350,21.693514108657837,2390,100.0,100.0,100.0
34360,21.70035481452942,2390,100.0,100.0,100.0
34370,21.707194089889526,2390,100.0,100.0,100.0
34380,21.71205973625183,2390,100.0,100.0,100.0
34390,21.716691255569458,2390,100.0,100.0,100.0
34400,21.72386360168457,2390,100.0,100.0,100.0
34410,21.729337215423584,2390,100.0,100.0,100.0
34420,21.73772382736206,2390,100.0,100.0,100.0
34428,21.74227023124695,2390,100.0,100.0,100.0
34430,21.743649005889893,2390,100.0,100.0,100.0
34440,21.748995065689087,2390,100.0,100.0,100.0
34446,21.751656770706177,2390,100.0,100.0,100.0
34450,21.753612995147705,2390,100.0,100.0,100.0
34460,21.758819818496704,2390,100.0,100.0,100.0
34470,21.76467251777649,2390,100.0,100.0,100.0
34480,21.769465923309326,2390,100.0,100.0,100.0
34490,21.773919582366943,2390,100.0,100.0,100.0
34491,21.774308443069458,2390,100.0,100.0,100.0
34500,21.778594732284546,2390,100.0,100.0,100.0
34510,21.78358817100525,2390,100.0,100.0,100.0
34520,21.78958511352539,2390,100.0,100.0,100.0
34530,21.794851064682007,2390,100.0,100.0,100.0
34540,21.801082611083984,2390,100.0,100.0,100.0
34550,21.806132793426514,2390,100.0,100.0,100.0
34560,21.812527894973755,2390,100.0,100.0,100.0
34570,21.81906509399414,2390,100.0,100.0,100.0
34580,21.82654356956482,2390,100.0,100.0,100.0
34590,21.83135485649109,2390,100.0,100.0,100.0
34596,21.835527896881104,2390,100.0,100.0,100.0
34600,21.836848735809326,2390,100.0,100.0,100.0
34610,21.842776775360107,2390,100.0,100.0,100.0
34620,21.848006010055542,2390,100.0,100.0,100.0
34630,21.854774475097656,2390,100.0,100.0,100.0
34640,21.861709117889404,2390,100.0,100.0,100.0
34650,21.868287324905396,2390,100.0,100.0,100.0
34657,21.87176752090454,2390,100.0,100.0,100.0
34660,21.873781442642212,2390,100.0,100.0,100.0
34665,21.876718521118164,2390,100.0,100.0,100.0
34670,21.87982702255249,2390,100.0,100.0,100.0
34680,21.88638687133789,2390,100.0,100.0,100.0
34690,21.891082048416138,2390,100.0,100.0,100.0
34700,21.897589921951294,2390,100.0,100.0,100.0
34710,21.90182065963745,2390,100.0,100.0,100.0
34719,21.906056880950928,2390,100.0,100.0,100.0
34720,21.9071044921875,2390,100.0,100.0,100.0
34724,21.908266305923462,2390,100.0,100.0,100.0
34727,21.90926194190979,2390,100.0,100.0,100.0
34730,21.910794496536255,2390,100.0,100.0,100.0
34740,21.916052103042603,2390,100.0,100.0,100.0
34744,21.917482376098633,2390,100.0,100.0,100.0
34750,21.9221830368042,2390,100.0,100.0,100.0
34760,21.92667055130005,2390,100.0,100.0,100.0
34770,21.933223009109497,2390,100.0,100.0,100.0
34780,21.938589334487915,2390,100.0,100.0,100.0
34790,21.944714069366455,2390,100.0,100.0,100.0
34800,21.950823307037354,2390,100.0,100.0,100.0
34810,21.95626926422119,2390,100.0,100.0,100.0
34820,21.960073232650757,2390,100.0,100.0,100.0
34830,21.966146230697632,2390,100.0,100.0,100.0
34840,21.971559047698975,2390,100.0,100.0,100.0
34850,21.976974725723267,2390,100.0,100.0,100.0
34852,21.977715253829956,2390,100.0,100.0,100.0
34860,21.982683897018433,2390,100.0,100.0,100.0
34863,21.984338760375977,2390,100.0,100.0,100.0
34870,21.989051342010498,2390,100.0,100.0,100.0
34880,21.99562644958496,2390,100.0,100.0,100.0
34890,22.00260305404663,2390,100.0,100.0,100.0
34900,22.00778079032898,2390,100.0,100.0,100.0
34910,22.012665510177612,2390,100.0,100.0,100.0
34911,22.013060808181763,2390,100.0,100.0,100.0
34913,22.01380491256714,2390,100.0,100.0,100.0
34920,22.01809573173523,2390,100.0,100.0,100.0
34930,22.024426460266113,2390,100.0,100.0,100.0
34940,22.03057861328125,2390,100.0,100.0,100.0
34950,22.035367727279663,2390,100.0,100.0,100.0
34960,22.041964054107666,2390,100.0,100.0,100.0
34968,22.04591989517212,2390,100.0,100.0,100.0
34970,22.046288013458252,2390,100.0,100.0,100.0
34980,22.052040815353394,2390,100.0,100.0,100.0
34990,22.058278560638428,2390,100.0,100.0,100.0
35000,22.06385850906372,2390,100.0,100.0,100.0
35010,22.06761622428894,2390,100.0,100.0,100.0
35020,22.07202696800232,2390,100.0,100.0,100.0
35030,22.07695770263672,2390,100.0,100.0,100.0
35040,22.08284068107605,2390,100.0,100.0,100.0
35050,22.0881507396698,2390,100.0,100.0,100.0
35060,22.09562587738037,2390,100.0,100.0,100.0
35070,22.10292077064514,2390,100.0,100.0,100.0
35080,22.108527421951294,2390,100.0,100.0,100.0
35090,22.113863229751587,2390,100.0,100.0,100.0
35098,22.117841005325317,2390,100.0,100.0,100.0
35100,22.119927883148193,2390,100.0,100.0,100.0
35110,22.125494718551636,2390,100.0,100.0,100.0
35120,22.131073236465454,2390,100.0,100.0,100.0
35130,22.13672947883606,2390,100.0,100.0,100.0
35140,22.142700910568237,2390,100.0,100.0,100.0
35150,22.15168333053589,2390,100.0,100.0,100.0
35160,22.158746242523193,2390,100.0,100.0,100.0
35170,22.164442539215088,2390,100.0,100.0,100.0
35180,22.169461011886597,2390,100.0,100.0,100.0
35190,22.17445945739746,2390,100.0,100.0,100.0
35197,22.177391290664673,2390,100.0,100.0,100.0
35199,22.178948879241943,2390,100.0,100.0,100.0
35200,22.180022478103638,2390,100.0,100.0,100.0
35205,22.18301749229431,2390,100.0,100.0,100.0
35210,22.184791564941406,2390,100.0,100.0,100.0
35217,22.1891872882843,2390,100.0,100.0,100.0
35218,22.18957543373108,2390,100.0,100.0,100.0
35220,22.190261602401733,2390,100.0,100.0,100.0
35221,22.190657377243042,2390,100.0,100.0,100.0
35230,22.1976580619812,2390,100.0,100.0,100.0
35240,22.206196784973145,2390,100.0,100.0,100.0
35250,22.211630821228027,2390,100.0,100.0,100.0
35260,22.21691060066223,2390,100.0,100.0,100.0
35270,22.221316814422607,2390,100.0,100.0,100.0
35280,22.22798204421997,2390,100.0,100.0,100.0
35289,22.2341251373291,2390,100.0,100.0,100.0
35290,22.23430347442627,2390,100.0,100.0,100.0
35300,22.239583730697632,2390,100.0,100.0,100.0
35310,22.245954751968384,2390,100.0,100.0,100.0
35320,22.253745079040527,2390,100.0,100.0,100.0
35330,22.26303791999817,2390,100.0,100.0,100.0
35340,22.269164085388184,2390,100.0,100.0,100.0
35350,22.274549961090088,2390,100.0,100.0,100.0
35360,22.28193426132202,2390,100.0,100.0,100.0
35370,22.289429664611816,2390,100.0,100.0,100.0
35380,22.29793429374695,2390,100.0,100.0,100.0
35390,22.30574679374695,2390,100.0,100.0,100.0
35399,22.30956721305847,2390,100.0,100.0,100.0
35400,22.31068992614746,2390,100.0,100.0,100.0
35410,22.316246032714844,2390,100.0,100.0,100.0
35420,22.321139335632324,2390,100.0,100.0,100.0
35430,22.3271267414093,2390,100.0,100.0,100.0
35440,22.33152151107788,2390,100.0,100.0,100.0
35450,22.336779594421387,2390,100.0,100.0,100.0
35460,22.342149257659912,2390,100.0,100.0,100.0
35470,22.34843945503235,2390,100.0,100.0,100.0
35480,22.353737592697144,2390,100.0,100.0,100.0
35482,22.3544762134552,2390,100.0,100.0,100.0
35490,22.358612060546875,2390,100.0,100.0,100.0
35500,22.3658230304718,2390,100.0,100.0,100.0
35510,22.370285987854004,2390,100.0,100.0,100.0
35520,22.37659502029419,2390,100.0,100.0,100.0
35530,22.383411407470703,2390,100.0,100.0,100.0
35540,22.38996410369873,2390,100.0,100.0,100.0
35545,22.393807888031006,2390,100.0,100.0,100.0
35550,22.396095037460327,2390,100.0,100.0,100.0
35560,22.402587890625,2390,100.0,100.0,100.0
35570,22.40588116645813,2390,100.0,100.0,100.0
35580,22.412448406219482,2390,100.0,100.0,100.0
35582,22.41318988800049,2390,100.0,100.0,100.0
35585,22.41412925720215,2390,100.0,100.0,100.0
35590,22.417908906936646,2390,100.0,100.0,100.0
35600,22.42424702644348,2390,100.0,100.0,100.0
35610,22.430141925811768,2390,100.0,100.0,100.0
35620,22.435664892196655,2390,100.0,100.0,100.0
35630,22.43956685066223,2390,100.0,100.0,100.0
35638,22.443536281585693,2390,100.0,100.0,100.0
35640,22.44476556777954,2390,100.0,100.0,100.0
35650,22.448295831680298,2390,100.0,100.0,100.0
35656,22.450809240341187,2390,100.0,100.0,100.0
35660,22.452967882156372,2390,100.0,100.0,100.0
35670,22.458989143371582,2390,100.0,100.0,100.0
35680,22.46291732788086,2390,100.0,100.0,100.0
35690,22.46762180328369,2390,100.0,100.0,100.0
35700,22.47386145591736,2390,100.0,100.0,100.0
35710,22.479405879974365,2390,100.0,100.0,100.0
35720,22.483306884765625,2390,100.0,100.0,100.0
35730,22.487843990325928,2390,100.0,100.0,100.0
35732,22.488430500030518,2390,100.0,100.0,100.0
35740,22.49257755279541,2390,100.0,100.0,100.0
35750,22.50026035308838,2390,100.0,100.0,100.0
35760,22.50715160369873,2390,100.0,100.0,100.0
35770,22.51371479034424,2390,100.0,100.0,100.0
35780,22.517200231552124,2390,100.0,100.0,100.0
35790,22.52320384979248,2390,100.0,100.0,100.0
35800,22.5286545753479,2390,100.0,100.0,100.0
35810,22.53402590751648,2390,100.0,100.0,100.0
35820,22.538227558135986,2390,100.0,100.0,100.0
35830,22.545405864715576,2390,100.0,100.0,100.0
35839,22.5499050617218,2390,100.0,100.0,100.0
35840,22.55021619796753,2390,100.0,100.0,100.0
35850,22.555433988571167,2390,100.0,100.0,100.0
35860,22.561594486236572,2390,100.0,100.0,100.0
35870,22.568434238433838,2390,100.0,100.0,100.0
35880,22.57512378692627,2390,100.0,100.0,100.0
35890,22.57974362373352,2390,100.0,100.0,100.0
35900,22.58596968650818,2390,100.0,100.0,100.0
35910,22.59261465072632,2390,100.0,100.0,100.0
35915,22.595107078552246,2390,100.0,100.0,100.0
35920,22.59677767753601,2390,100.0,100.0,100.0
35930,22.603835582733154,2390,100.0,100.0,100.0
35940,22.61232280731201,2390,100.0,100.0,100.0
35941,22.6127712726593,2390,100.0,100.0,100.0
35950,22.617888689041138,2390,100.0,100.0,100.0
35960,22.624709367752075,2390,100.0,100.0,100.0
35970,22.630916595458984,2390,100.0,100.0,100.0
35980,22.63618755340576,2390,100.0,100.0,100.0
35987,22.6404287815094,2390,100.0,100.0,100.0
35990,22.643004894256592,2390,100.0,100.0,100.0
35998,22.65033769607544,2390,100.0,100.0,100.0
36000,22.651451587677002,2390,100.0,100.0,100.0
36010,22.656007051467896,2390,100.0,100.0,100.0
36020,22.66233539581299,2390,100.0,100.0,100.0
36030,22.668873071670532,2390,100.0,100.0,100.0
36040,22.675056219100952,2390,100.0,100.0,100.0
36044,22.676575899124146,2390,100.0,100.0,100.0
36047,22.677546739578247,2390,100.0,100.0,100.0
36050,22.67930030822754,2390,100.0,100.0,100.0
36060,22.68389391899109,2390,100.0,100.0,100.0
36070,22.689974546432495,2390,100.0,100.0,100.0
36080,22.69707226753235,2390,100.0,100.0,100.0
36090,22.70449924468994,2390,100.0,100.0,100.0
36100,22.710652828216553,2390,100.0,100.0,100.0
36110,22.7183096408844,2390,100.0,100.0,100.0
36120,22.723401308059692,2390,100.0,100.0,100.0
36130,22.728923797607422,2390,100.0,100.0,100.0
36140,22.73494791984558,2390,100.0,100.0,100.0
36150,22.74187445640564,2390,100.0,100.0,100.0
36160,22.746634483337402,2390,100.0,100.0,100.0
36170,22.75207829475403,2390,100.0,100.0,100.0
36180,22.758306741714478,2390,100.0,100.0,100.0
36190,22.76757526397705,2390,100.0,100.0,100.0
36200,22.773300647735596,2390,100.0,100.0,100.0
36205,22.777286052703857,2390,100.0,100.0,100.0
36210,22.78172993659973,2390,100.0,100.0,100.0
36211,22.782148599624634,2390,100.0,100.0,100.0
36220,22.786606073379517,2390,100.0,100.0,100.0
36230,22.791836500167847,2390,100.0,100.0,100.0
36240,22.79723072052002,2390,100.0,100.0,100.0
36250,22.801892280578613,2390,100.0,100.0,100.0
36260,22.807533264160156,2390,100.0,100.0,100.0
36270,22.813639402389526,2390,100.0,100.0,100.0
36280,22.821521997451782,2390,100.0,100.0,100.0
36282,22.822270154953003,2390,100.0,100.0,100.0
36290,22.82658839225769,2390,100.0,100.0,100.0
36300,22.832179069519043,2390,100.0,100.0,100.0
36301,22.832647562026978,2390,100.0,100.0,100.0
36310,22.836247444152832,2390,100.0,100.0,100.0
36320,22.841620445251465,2390,100.0,100.0,100.0
36330,22.849730253219604,2390,100.0,100.0,100.0
36340,22.856810808181763,2390,100.0,100.0,100.0
36344,22.85940384864807,2390,100.0,100.0,100.0
36350,22.86558747291565,2390,100.0,100.0,100.0
36360,22.870237827301025,2390,100.0,100.0,100.0
36370,22.876095056533813,2390,100.0,100.0,100.0
36380,22.880871772766113,2390,100.0,100.0,100.0
36381,22.8812894821167,2390,100.0,100.0,100.0
36390,22.887362718582153,2390,100.0,100.0,100.0
36400,22.891271114349365,2390,100.0,100.0,100.0
36410,22.896771669387817,2390,100.0,100.0,100.0
36414,22.89818024635315,2390,100.0,100.0,100.0
36420,22.901118516921997,2390,100.0,100.0,100.0
36430,22.908045768737793,2390,100.0,100.0,100.0
36440,22.91687560081482,2390,100.0,100.0,100.0
36442,22.917677640914917,2390,100.0,100.0,100.0
36450,22.923218965530396,2390,100.0,100.0,100.0
36460,22.928334951400757,2390,100.0,100.0,100.0
36470,22.93323254585266,2390,100.0,100.0,100.0
36480,22.939590215682983,2390,100.0,100.0,100.0
36490,22.945634603500366,2390,100.0,100.0,100.0
36496,22.948245763778687,2390,100.0,100.0,100.0
36500,22.949419736862183,2390,100.0,100.0,100.0
36510,22.95506715774536,2390,100.0,100.0,100.0
36514,22.957292079925537,2390,100.0,100.0,100.0
36517,22.96000862121582,2390,100.0,100.0,100.0
36519,22.960811614990234,2390,100.0,100.0,100.0
36520,22.9618718624115,2390,100.0,100.0,100.0
36530,22.96823239326477,2390,100.0,100.0,100.0
36540,22.973754167556763,2390,100.0,100.0,100.0
36550,22.981412410736084,2390,100.0,100.0,100.0
36560,22.986888885498047,2390,100.0,100.0,100.0
36570,22.993874073028564,2390,100.0,100.0,100.0
36580,23.000630617141724,2390,100.0,100.0,100.0
36590,23.009857654571533,2390,100.0,100.0,100.0
36600,23.01407289505005,2390,100.0,100.0,100.0
36601,23.01450753211975,2390,100.0,100.0,100.0
36610,23.018292903900146,2390,100.0,100.0,100.0
36620,23.02284264564514,2390,100.0,100.0,100.0
36630,23.02864980697632,2390,100.0,100.0,100.0
36631,23.029188871383667,2390,100.0,100.0,100.0
36640,23.03512454032898,2390,100.0,100.0,100.0
36647,23.038429021835327,2390,100.0,100.0,100.0
36650,23.040918111801147,2390,100.0,100.0,100.0
36660,23.0464870929718,2390,100.0,100.0,100.0
36670,23.053005695343018,2390,100.0,100.0,100.0
36680,23.061508178710938,2390,100.0,100.0,100.0
36690,23.068542003631592,2390,100.0,100.0,100.0
36700,23.073703289031982,2390,100.0,100.0,100.0
36710,23.078428030014038,2390,100.0,100.0,100.0
36720,23.082714319229126,2390,100.0,100.0,100.0
36730,23.08768343925476,2390,100.0,100.0,100.0
36736,23.09148907661438,2390,100.0,100.0,100.0
36740,23.094237089157104,2390,100.0,100.0,100.0
36742,23.094841241836548,2390,100.0,100.0,100.0
36750,23.098979473114014,2390,100.0,100.0,100.0
36760,23.105036973953247,2390,100.0,100.0,100.0
36770,23.112878561019897,2390,100.0,100.0,100.0
36780,23.120660305023193,2390,100.0,100.0,100.0
36790,23.125557899475098,2390,100.0,100.0,100.0
36800,23.129788637161255,2390,100.0,100.0,100.0
36810,23.137502431869507,2390,100.0,100.0,100.0
36820,23.142472505569458,2390,100.0,100.0,100.0
36825,23.143991708755493,2390,100.0,100.0,100.0
36830,23.14707899093628,2390,100.0,100.0,100.0
36840,23.15493083000183,2390,100.0,100.0,100.0
36850,23.161956548690796,2390,100.0,100.0,100.0
36860,23.168843507766724,2390,100.0,100.0,100.0
36863,23.17081570625305,2390,100.0,100.0,100.0
36870,23.175236225128174,2390,100.0,100.0,100.0
36880,23.18084955215454,2390,100.0,100.0,100.0
36890,23.18703269958496,2390,100.0,100.0,100.0
36900,23.19199562072754,2390,100.0,100.0,100.0
36910,23.19626784324646,2390,100.0,100.0,100.0
36920,23.202657222747803,2390,100.0,100.0,100.0
36930,23.20973515510559,2390,100.0,100.0,100.0
36940,23.21489691734314,2390,100.0,100.0,100.0
36950,23.21979308128357,2390,100.0,100.0,100.0
36952,23.22041940689087,2390,100.0,100.0,100.0
36960,23.22550392150879,2390,100.0,100.0,100.0
36970,23.23285436630249,2390,100.0,100.0,100.0
36980,23.238540649414062,2390,100.0,100.0,100.0
36988,23.242379903793335,2390,100.0,100.0,100.0
36990,23.243093013763428,2390,100.0,100.0,100.0
37000,23.247915983200073,2390,100.0,100.0,100.0
37009,23.252753019332886,2390,100.0,100.0,100.0
37010,23.253880977630615,2390,100.0,100.0,100.0
37020,23.260759115219116,2390,100.0,100.0,100.0
37030,23.269262075424194,2390,100.0,100.0,100.0
37040,23.275434255599976,2390,100.0,100.0,100.0
37045,23.279207468032837,2390,100.0,100.0,100.0
37050,23.283133268356323,2390,100.0,100.0,100.0
37060,23.2890887260437,2390,100.0,100.0,100.0
37070,23.2955105304718,2390,100.0,100.0,100.0
37080,23.301051378250122,2390,100.0,100.0,100.0
37090,23.307042360305786,2390,100.0,100.0,100.0
37100,23.313448667526245,2390,100.0,100.0,100.0
37110,23.318319082260132,2390,100.0,100.0,100.0
37113,23.320228338241577,2390,100.0,100.0,100.0
37120,23.323739290237427,2390,100.0,100.0,100.0
37130,23.329256534576416,2390,100.0,100.0,100.0
37140,23.335171222686768,2390,100.0,100.0,100.0
37150,23.342732429504395,2390,100.0,100.0,100.0
37160,23.348955154418945,2390,100.0,100.0,100.0
37170,23.353431701660156,2390,100.0,100.0,100.0
37173,23.354507446289062,2390,100.0,100.0,100.0
37180,23.360990285873413,2390,100.0,100.0,100.0
37185,23.36471700668335,2390,100.0,100.0,100.0
37190,23.366426944732666,2390,100.0,100.0,100.0
37200,23.3730251789093,2390,100.0,100.0,100.0
37210,23.37821316719055,2390,100.0,100.0,100.0
37220,23.3851261138916,2390,100.0,100.0,100.0
37230,23.392152547836304,2390,100.0,100.0,100.0
37240,23.398780345916748,2390,100.0,100.0,100.0
37241,23.39920663833618,2390,100.0,100.0,100.0
37250,23.404571771621704,2390,100.0,100.0,100.0
37260,23.4108943939209,2390,100.0,100.0,100.0
37270,23.41531205177307,2390,100.0,100.0,100.0
37273,23.416614294052124,2390,100.0,100.0,100.0
37274,23.417049407958984,2390,100.0,100.0,100.0
37280,23.41975975036621,2390,100.0,100.0,100.0
37290,23.42515230178833,2390,100.0,100.0,100.0
37297,23.428956985473633,2390,100.0,100.0,100.0
37300,23.431346654891968,2390,100.0,100.0,100.0
37310,23.43698024749756,2390,100.0,100.0,100.0
37320,23.445560693740845,2390,100.0,100.0,100.0
37330,23.450603246688843,2390,100.0,100.0,100.0
37340,23.455998182296753,2390,100.0,100.0,100.0
37350,23.46344542503357,2390,100.0,100.0,100.0
37360,23.469209671020508,2390,100.0,100.0,100.0
37370,23.47618269920349,2390,100.0,100.0,100.0
37371,23.47668194770813,2390,100.0,100.0,100.0
37380,23.48309087753296,2390,100.0,100.0,100.0
37390,23.48970675468445,2390,100.0,100.0,100.0
37400,23.495750665664673,2390,100.0,100.0,100.0
37410,23.50412392616272,2390,100.0,100.0,100.0
37420,23.50894808769226,2390,100.0,100.0,100.0
37430,23.515970945358276,2390,100.0,100.0,100.0
37440,23.522352695465088,2390,100.0,100.0,100.0
37450,23.527084589004517,2390,100.0,100.0,100.0
37460,23.53339672088623,2390,100.0,100.0,100.0
37470,23.54080581665039,2390,100.0,100.0,100.0
37480,23.547595739364624,2390,100.0,100.0,100.0
37487,23.552387714385986,2390,100.0,100.0,100.0
37490,23.554260969161987,2390,100.0,100.0,100.0
37500,23.56254553794861,2390,100.0,100.0,100.0
37510,23.568016290664673,2390,100.0,100.0,100.0
37520,23.57489776611328,2390,100.0,100.0,100.0
37530,23.580710649490356,2390,100.0,100.0,100.0
37540,23.587796449661255,2390,100.0,100.0,100.0
37548,23.59193754196167,2390,100.0,100.0,100.0
37550,23.592764854431152,2390,100.0,100.0,100.0
37558,23.596923112869263,2390,100.0,100.0,100.0
37560,23.598409175872803,2390,100.0,100.0,100.0
37570,23.604002714157104,2390,100.0,100.0,100.0
37580,23.611945152282715,2390,100.0,100.0,100.0
37590,23.61824059486389,2390,100.0,100.0,100.0
37600,23.62430429458618,2390,100.0,100.0,100.0
37610,23.631654262542725,2390,100.0,100.0,100.0
37620,23.636728525161743,2390,100.0,100.0,100.0
37630,23.644754886627197,2390,100.0,100.0,100.0
37640,23.650465726852417,2390,100.0,100.0,100.0
37650,23.65826725959778,2390,100.0,100.0,100.0
37660,23.663123846054077,2390,100.0,100.0,100.0
37670,23.66684651374817,2390,100.0,100.0,100.0
37680,23.67358684539795,2390,100.0,100.0,100.0
37690,23.679303646087646,2390,100.0,100.0,100.0
37700,23.684497833251953,2390,100.0,100.0,100.0
37710,23.690260648727417,2390,100.0,100.0,100.0
37717,23.694427490234375,2390,100.0,100.0,100.0
37720,23.69629454612732,2390,100.0,100.0,100.0
37730,23.70322036743164,2390,100.0,100.0,100.0
37740,23.710997343063354,2390,100.0,100.0,100.0
37746,23.713513374328613,2390,100.0,100.0,100.0
37750,23.717845916748047,2390,100.0,100.0,100.0
37760,23.72368097305298,2390,100.0,100.0,100.0
37770,23.730281591415405,2390,100.0,100.0,100.0
37780,23.738028287887573,2390,100.0,100.0,100.0
37790,23.743037462234497,2390,100.0,100.0,100.0
37800,23.7499258518219,2390,100.0,100.0,100.0
37810,23.755138397216797,2390,100.0,100.0,100.0
37820,23.76252794265747,2390,100.0,100.0,100.0
37830,23.766382455825806,2390,100.0,100.0,100.0
37834,23.76909375190735,2390,100.0,100.0,100.0
37840,23.775256633758545,2390,100.0,100.0,100.0
37850,23.782076358795166,2390,100.0,100.0,100.0
37859,23.78834295272827,2390,100.0,100.0,100.0
37860,23.788745164871216,2390,100.0,100.0,100.0
37870,23.794761180877686,2390,100.0,100.0,100.0
37872,23.796340465545654,2390,100.0,100.0,100.0
37880,23.80222177505493,2390,100.0,100.0,100.0
37890,23.808029890060425,2390,100.0,100.0,100.0
37900,23.81434416770935,2390,100.0,100.0,100.0
37910,23.820711612701416,2390,100.0,100.0,100.0
37920,23.82640504837036,2390,100.0,100.0,100.0
37922,23.828121423721313,2390,100.0,100.0,100.0
37930,23.834575176239014,2390,100.0,100.0,100.0
37940,23.841068029403687,2390,100.0,100.0,100.0
37950,23.84612727165222,2390,100.0,100.0,100.0
37953,23.848063707351685,2390,100.0,100.0,100.0
37960,23.853261709213257,2390,100.0,100.0,100.0
37970,23.86144709587097,2390,100.0,100.0,100.0
37973,23.862684726715088,2390,100.0,100.0,100.0
37980,23.867082357406616,2390,100.0,100.0,100.0
37990,23.873227834701538,2390,100.0,100.0,100.0
38000,23.879268884658813,2390,100.0,100.0,100.0
38010,23.88678550720215,2390,100.0,100.0,100.0
38020,23.89249324798584,2390,100.0,100.0,100.0
38030,23.899668216705322,2390,100.0,100.0,100.0
38040,23.906765460968018,2390,100.0,100.0,100.0
38050,23.91340923309326,2390,100.0,100.0,100.0
38060,23.91730237007141,2390,100.0,100.0,100.0
38070,23.921788930892944,2390,100.0,100.0,100.0
38080,23.92813515663147,2390,100.0,100.0,100.0
38090,23.93656277656555,2390,100.0,100.0,100.0
38098,23.943151712417603,2390,100.0,100.0,100.0
38100,23.943782329559326,2390,100.0,100.0,100.0
38110,23.95050859451294,2390,100.0,100.0,100.0
38117,23.954732418060303,2390,100.0,100.0,100.0
38120,23.958022594451904,2390,100.0,100.0,100.0
38130,23.96313166618347,2390,100.0,100.0,100.0
38140,23.96991276741028,2390,100.0,100.0,100.0
38150,23.97695803642273,2390,100.0,100.0,100.0
38160,23.983543872833252,2390,100.0,100.0,100.0
38170,23.98883056640625,2390,100.0,100.0,100.0
38180,23.995717525482178,2390,100.0,100.0,100.0
38190,24.003045082092285,2390,100.0,100.0,100.0
38198,24.00640320777893,2390,100.0,100.0,100.0
38200,24.00788187980652,2390,100.0,100.0,100.0
38210,24.013641119003296,2390,100.0,100.0,100.0
38220,24.018733024597168,2390,100.0,100.0,100.0
38230,24.025021076202393,2390,100.0,100.0,100.0
38240,24.032512187957764,2390,100.0,100.0,100.0
38250,24.036888599395752,2390,100.0,100.0,100.0
38260,24.042911052703857,2390,100.0,100.0,100.0
38270,24.048717975616455,2390,100.0,100.0,100.0
38280,24.052879095077515,2390,100.0,100.0,100.0
38290,24.058274269104004,2390,100.0,100.0,100.0
38300,24.065601110458374,2390,100.0,100.0,100.0
38302,24.066293001174927,2390,100.0,100.0,100.0
38310,24.07133722305298,2390,100.0,100.0,100.0
38320,24.07750391960144,2390,100.0,100.0,100.0
38330,24.08417272567749,2390,100.0,100.0,100.0
38340,24.091733932495117,2390,100.0,100.0,100.0
38350,24.09962749481201,2390,100.0,100.0,100.0
38360,24.104999542236328,2390,100.0,100.0,100.0
38370,24.11142086982727,2390,100.0,100.0,100.0
38380,24.11738395690918,2390,100.0,100.0,100.0
38390,24.12170720100403,2390,100.0,100.0,100.0
38400,24.127453565597534,2390,100.0,100.0,100.0
38410,24.13486123085022,2390,100.0,100.0,100.0
38420,24.141286611557007,2390,100.0,100.0,100.0
38430,24.14560627937317,2390,100.0,100.0,100.0
38440,24.15298581123352,2390,100.0,100.0,100.0
38450,24.16146683692932,2390,100.0,100.0,100.0
38460,24.167321920394897,2390,100.0,100.0,100.0
38470,24.173985481262207,2390,100.0,100.0,100.0
38480,24.180386543273926,2390,100.0,100.0,100.0
38490,24.185928106307983,2390,100.0,100.0,100.0
38500,24.19095206260681,2390,100.0,100.0,100.0
38510,24.199140310287476,2390,100.0,100.0,100.0
38520,24.2067289352417,2390,100.0,100.0,100.0
38530,24.213988304138184,2390,100.0,100.0,100.0
38540,24.22211718559265,2390,100.0,100.0,100.0
38550,24.22940707206726,2390,100.0,100.0,100.0
38560,24.237032175064087,2390,100.0,100.0,100.0
38563,24.239111185073853,2390,100.0,100.0,100.0
38570,24.24478530883789,2390,100.0,100.0,100.0
38580,24.25261163711548,2390,100.0,100.0,100.0
38590,24.25880217552185,2390,100.0,100.0,100.0
38600,24.26785135269165,2390,100.0,100.0,100.0
38610,24.27416729927063,2390,100.0,100.0,100.0
38612,24.275049924850464,2390,100.0,100.0,100.0
38620,24.2810320854187,2390,100.0,100.0,100.0
38630,24.28622817993164,2390,100.0,100.0,100.0
38640,24.29197120666504,2390,100.0,100.0,100.0
38648,24.296250343322754,2390,100.0,100.0,100.0
38650,24.297107934951782,2390,100.0,100.0,100.0
38660,24.303207635879517,2390,100.0,100.0,100.0
38670,24.30910301208496,2390,100.0,100.0,100.0
38680,24.315649271011353,2390,100.0,100.0,100.0
38690,24.320119380950928,2390,100.0,100.0,100.0
38700,24.32665991783142,2390,100.0,100.0,100.0
38710,24.333720922470093,2390,100.0,100.0,100.0
38720,24.341941833496094,2390,100.0,100.0,100.0
38730,24.347984552383423,2390,100.0,100.0,100.0
38740,24.353779315948486,2390,100.0,100.0,100.0
38750,24.35879349708557,2390,100.0,100.0,100.0
38759,24.364747524261475,2390,100.0,100.0,100.0
38760,24.365869522094727,2390,100.0,100.0,100.0
38770,24.371860027313232,2390,100.0,100.0,100.0
38771,24.3723304271698,2390,100.0,100.0,100.0
38778,24.3767249584198,2390,100.0,100.0,100.0
38780,24.37847113609314,2390,100.0,100.0,100.0
38790,24.386004209518433,2390,100.0,100.0,100.0
38800,24.396219968795776,2390,100.0,100.0,100.0
38810,24.403865337371826,2390,100.0,100.0,100.0
38816,24.407477378845215,2390,100.0,100.0,100.0
38820,24.41002893447876,2390,100.0,100.0,100.0
38830,24.417348623275757,2390,100.0,100.0,100.0
38840,24.42396879196167,2390,100.0,100.0,100.0
38850,24.43183946609497,2390,100.0,100.0,100.0
38860,24.436903953552246,2390,100.0,100.0,100.0
38870,24.443634748458862,2390,100.0,100.0,100.0
38880,24.45084309577942,2390,100.0,100.0,100.0
38890,24.4561550617218,2390,100.0,100.0,100.0
38898,24.461305618286133,2390,100.0,100.0,100.0
38900,24.462750911712646,2390,100.0,100.0,100.0
38906,24.465212106704712,2390,100.0,100.0,100.0
38910,24.469674348831177,2390,100.0,100.0,100.0
38920,24.47581195831299,2390,100.0,100.0,100.0
38930,24.481144189834595,2390,100.0,100.0,100.0
38936,24.48491621017456,2390,100.0,100.0,100.0
38940,24.48642635345459,2390,100.0,100.0,100.0
38942,24.487326860427856,2390,100.0,100.0,100.0
38950,24.491703271865845,2390,100.0,100.0,100.0
38960,24.499770641326904,2390,100.0,100.0,100.0
38970,24.507596731185913,2390,100.0,100.0,100.0
38980,24.514316082000732,2390,100.0,100.0,100.0
38986,24.51766037940979,2390,100.0,100.0,100.0
38990,24.521143436431885,2390,100.0,100.0,100.0
39000,24.529107570648193,2390,100.0,100.0,100.0
39009,24.5331871509552,2390,100.0,100.0,100.0
39010,24.53336763381958,2390,100.0,100.0,100.0
39020,24.539212465286255,2390,100.0,100.0,100.0
39030,24.54808473587036,2390,100.0,100.0,100.0
39040,24.555988788604736,2390,100.0,100.0,100.0
39050,24.561398029327393,2390,100.0,100.0,100.0
39060,24.569029808044434,2390,100.0,100.0,100.0
39070,24.575318574905396,2390,100.0,100.0,100.0
39080,24.579817533493042,2390,100.0,100.0,100.0
39090,24.583727836608887,2390,100.0,100.0,100.0
39100,24.58924698829651,2390,100.0,100.0,100.0
39110,24.593366146087646,2390,100.0,100.0,100.0
39120,24.599889993667603,2390,100.0,100.0,100.0
39130,24.606648206710815,2390,100.0,100.0,100.0
39140,24.611926794052124,2390,100.0,100.0,100.0
39150,24.617826223373413,2390,100.0,100.0,100.0
39159,24.623517751693726,2390,100.0,100.0,100.0
39160,24.623828172683716,2390,100.0,100.0,100.0
39170,24.628923416137695,2390,100.0,100.0,100.0
39180,24.635058879852295,2390,100.0,100.0,100.0
39190,24.639545440673828,2390,100.0,100.0,100.0
39200,24.643114805221558,2390,100.0,100.0,100.0
39210,24.649319410324097,2390,100.0,100.0,100.0
39220,24.653844118118286,2390,100.0,100.0,100.0
39229,24.65975260734558,2390,100.0,100.0,100.0
39230,24.660099506378174,2390,100.0,100.0,100.0
39240,24.66476011276245,2390,100.0,100.0,100.0
39250,24.66919493675232,2390,100.0,100.0,100.0
39260,24.673170566558838,2390,100.0,100.0,100.0
39270,24.67691707611084,2390,100.0,100.0,100.0
39280,24.680357456207275,2390,100.0,100.0,100.0
39290,24.68577218055725,2390,100.0,100.0,100.0
39299,24.6917884349823,2390,100.0,100.0,100.0
39300,24.69212794303894,2390,100.0,100.0,100.0
39310,24.697203636169434,2390,100.0,100.0,100.0
39320,24.7027006149292,2390,100.0,100.0,100.0
39324,24.705472946166992,2390,100.0,100.0,100.0
39330,24.710189819335938,2390,100.0,100.0,100.0
39338,24.715178728103638,2390,100.0,100.0,100.0
39340,24.7172532081604,2390,100.0,100.0,100.0
39350,24.72261643409729,2390,100.0,100.0,100.0
39360,24.727381229400635,2390,100.0,100.0,100.0
39370,24.73275923728943,2390,100.0,100.0,100.0
39377,24.73584222793579,2390,100.0,100.0,100.0
39380,24.736828565597534,2390,100.0,100.0,100.0
39390,24.742894649505615,2390,100.0,100.0,100.0
39400,24.747897148132324,2390,100.0,100.0,100.0
39410,24.75371479988098,2390,100.0,100.0,100.0
39415,24.756192922592163,2390,100.0,100.0,100.0
39420,24.75916862487793,2390,100.0,100.0,100.0
39426,24.76233720779419,2390,100.0,100.0,100.0
39430,24.764533519744873,2390,100.0,100.0,100.0
39440,24.76885747909546,2390,100.0,100.0,100.0
39450,24.775007724761963,2390,100.0,100.0,100.0
39460,24.780109882354736,2390,100.0,100.0,100.0
39470,24.786224365234375,2390,100.0,100.0,100.0
39480,24.79218816757202,2390,100.0,100.0,100.0
39490,24.797961950302124,2390,100.0,100.0,100.0
39500,24.804383277893066,2390,100.0,100.0,100.0
39510,24.811020612716675,2390,100.0,100.0,100.0
39520,24.817747831344604,2390,100.0,100.0,100.0
39522,24.81916356086731,2390,100.0,100.0,100.0
39530,24.82320547103882,2390,100.0,100.0,100.0
39540,24.828539609909058,2390,100.0,100.0,100.0
39550,24.833098649978638,2390,100.0,100.0,100.0
39560,24.83685874938965,2390,100.0,100.0,100.0
39570,24.843822717666626,2390,100.0,100.0,100.0
39580,24.847740411758423,2390,100.0,100.0,100.0
39590,24.85312294960022,2390,100.0,100.0,100.0
39594,24.855255126953125,2390,100.0,100.0,100.0
39600,24.858596086502075,2390,100.0,100.0,100.0
39610,24.865946531295776,2390,100.0,100.0,100.0
39611,24.866385221481323,2390,100.0,100.0,100.0
39620,24.872356176376343,2390,100.0,100.0,100.0
39624,24.874056577682495,2390,100.0,100.0,100.0
39630,24.878912448883057,2390,100.0,100.0,100.0
39640,24.88697123527527,2390,100.0,100.0,100.0
39650,24.891976833343506,2390,100.0,100.0,100.0
39660,24.896069765090942,2390,100.0,100.0,100.0
39670,24.902810096740723,2390,100.0,100.0,100.0
39680,24.91074013710022,2390,100.0,100.0,100.0
39690,24.916089057922363,2390,100.0,100.0,100.0
39693,24.91770052909851,2390,100.0,100.0,100.0
39700,24.92292094230652,2390,100.0,100.0,100.0
39710,24.928399801254272,2390,100.0,100.0,100.0
39720,24.933690786361694,2390,100.0,100.0,100.0
39730,24.939225673675537,2390,100.0,100.0,100.0
39740,24.944116830825806,2390,100.0,100.0,100.0
39748,24.947439432144165,2390,100.0,100.0,100.0
39750,24.9488365650177,2390,100.0,100.0,100.0
39760,24.95411968231201,2390,100.0,100.0,100.0
39770,24.960013151168823,2390,100.0,100.0,100.0
39780,24.9650936126709,2390,100.0,100.0,100.0
39790,24.968352556228638,2390,100.0,100.0,100.0
39800,24.975399255752563,2390,100.0,100.0,100.0
39810,24.979790687561035,2390,100.0,100.0,100.0
39818,24.98406982421875,2390,100.0,100.0,100.0
39820,24.98479199409485,2390,100.0,100.0,100.0
39830,24.989180088043213,2390,100.0,100.0,100.0
39840,24.995255708694458,2390,100.0,100.0,100.0
39850,24.99926996231079,2390,100.0,100.0,100.0
39860,25.006322145462036,2390,100.0,100.0,100.0
39870,25.012137413024902,2390,100.0,100.0,100.0
39880,25.01760959625244,2390,100.0,100.0,100.0
39888,25.021005868911743,2390,100.0,100.0,100.0
39890,25.022413969039917,2390,100.0,100.0,100.0
39900,25.02694082260132,2390,100.0,100.0,100.0
39910,25.031901597976685,2390,100.0,100.0,100.0
39911,25.032403707504272,2390,100.0,100.0,100.0
39920,25.038203954696655,2390,100.0,100.0,100.0
39930,25.043673038482666,2390,100.0,100.0,100.0
39940,25.04933500289917,2390,100.0,100.0,100.0
39950,25.056292295455933,2390,100.0,100.0,100.0
39960,25.0596444606781,2390,100.0,100.0,100.0
39965,25.062214374542236,2390,100.0,100.0,100.0
39970,25.06340503692627,2390,100.0,100.0,100.0
39980,25.068201303482056,2390,100.0,100.0,100.0
39985,25.07056427001953,2390,100.0,100.0,100.0
39988,25.073036432266235,2390,100.0,100.0,100.0
39990,25.074434280395508,2390,100.0,100.0,100.0
40000,25.079784154891968,2390,100.0,100.0,100.0
40010,25.084471464157104,2390,100.0,100.0,100.0
40015,25.086249828338623,2390,100.0,100.0,100.0
40020,25.08846092224121,2390,100.0,100.0,100.0
40030,25.095256805419922,2390,100.0,100.0,100.0
40040,25.103047132492065,2390,100.0,100.0,100.0
40050,25.10801601409912,2390,100.0,100.0,100.0
40060,25.11293911933899,2390,100.0,100.0,100.0
40069,25.118783235549927,2390,100.0,100.0,100.0
40070,25.1198308467865,2390,100.0,100.0,100.0
40072,25.121310710906982,2390,100.0,100.0,100.0
40080,25.1261305809021,2390,100.0,100.0,100.0
40085,25.129425287246704,2390,100.0,100.0,100.0
40090,25.132598638534546,2390,100.0,100.0,100.0
40100,25.13857674598694,2390,100.0,100.0,100.0
40110,25.142893314361572,2390,100.0,100.0,100.0
40120,25.147313833236694,2390,100.0,100.0,100.0
40130,25.15271496772766,2390,100.0,100.0,100.0
40140,25.160428762435913,2390,100.0,100.0,100.0
40150,25.165078163146973,2390,100.0,100.0,100.0
40160,25.171223402023315,2390,100.0,100.0,100.0
40170,25.176602840423584,2390,100.0,100.0,100.0
40180,25.18315577507019,2390,100.0,100.0,100.0
40190,25.18993878364563,2390,100.0,100.0,100.0
40199,25.194050788879395,2390,100.0,100.0,100.0
40200,25.194246292114258,2390,100.0,100.0,100.0
40204,25.196226358413696,2390,100.0,100.0,100.0
40210,25.20187282562256,2390,100.0,100.0,100.0
40220,25.20580220222473,2390,100.0,100.0,100.0
40230,25.21067714691162,2390,100.0,100.0,100.0
40240,25.216558933258057,2390,100.0,100.0,100.0
40250,25.221150398254395,2390,100.0,100.0,100.0
40260,25.22639489173889,2390,100.0,100.0,100.0
40270,25.23480987548828,2390,100.0,100.0,100.0
40272,25.23556661605835,2390,100.0,100.0,100.0
40273,25.235941886901855,2390,100.0,100.0,100.0
40280,25.239949464797974,2390,100.0,100.0,100.0
40290,25.245744228363037,2390,100.0,100.0,100.0
40300,25.250229358673096,2390,100.0,100.0,100.0
40310,25.255273580551147,2390,100.0,100.0,100.0
40320,25.260552644729614,2390,100.0,100.0,100.0
40321,25.260932683944702,2390,100.0,100.0,100.0
40330,25.265323400497437,2390,100.0,100.0,100.0
40340,25.27197575569153,2390,100.0,100.0,100.0
40350,25.277427911758423,2390,100.0,100.0,100.0
40360,25.282575845718384,2390,100.0,100.0,100.0
40366,25.2859148979187,2390,100.0,100.0,100.0
40370,25.288589477539062,2390,100.0,100.0,100.0
40380,25.29418635368347,2390,100.0,100.0,100.0
40390,25.300649642944336,2390,100.0,100.0,100.0
40400,25.309017419815063,2390,100.0,100.0,100.0
40410,25.314554691314697,2390,100.0,100.0,100.0
40420,25.321427822113037,2390,100.0,100.0,100.0
40430,25.329671144485474,2390,100.0,100.0,100.0
40432,25.33047127723694,2390,100.0,100.0,100.0
40440,25.335217475891113,2390,100.0,100.0,100.0
40450,25.339069843292236,2390,100.0,100.0,100.0
40460,25.344179153442383,2390,100.0,100.0,100.0
40470,25.3501033782959,2390,100.0,100.0,100.0
40480,25.35574769973755,2390,100.0,100.0,100.0
40490,25.361993074417114,2390,100.0,100.0,100.0
40500,25.36688470840454,2390,100.0,100.0,100.0
40510,25.37365436553955,2390,100.0,100.0,100.0
40519,25.378201007843018,2390,100.0,100.0,100.0
40520,25.379311323165894,2390,100.0,100.0,100.0
40530,25.38617444038391,2390,100.0,100.0,100.0
40540,25.39266610145569,2390,100.0,100.0,100.0
40550,25.39745807647705,2390,100.0,100.0,100.0
40555,25.39972472190857,2390,100.0,100.0,100.0
40560,25.4020094871521,2390,100.0,100.0,100.0
40570,25.408178329467773,2390,100.0,100.0,100.0
40580,25.414443254470825,2390,100.0,100.0,100.0
40590,25.41898202896118,2390,100.0,100.0,100.0
40592,25.41957139968872,2390,100.0,100.0,100.0
40600,25.422958612442017,2390,100.0,100.0,100.0
40610,25.426928281784058,2390,100.0,100.0,100.0
40620,25.431686401367188,2390,100.0,100.0,100.0
40624,25.43293333053589,2390,100.0,100.0,100.0
40630,25.436251401901245,2390,100.0,100.0,100.0
40632,25.437722206115723,2390,100.0,100.0,100.0
40640,25.441166400909424,2390,100.0,100.0,100.0
40650,25.44592308998108,2390,100.0,100.0,100.0
40660,25.450138330459595,2390,100.0,100.0,100.0
40670,25.454806089401245,2390,100.0,100.0,100.0
40680,25.460103273391724,2390,100.0,100.0,100.0
40690,25.46741557121277,2390,100.0,100.0,100.0
40700,25.471170902252197,2390,100.0,100.0,100.0
40710,25.476839303970337,2390,100.0,100.0,100.0
40720,25.48210382461548,2390,100.0,100.0,100.0
40730,25.489553451538086,2390,100.0,100.0,100.0
40733,25.491838216781616,2390,100.0,100.0,100.0
40740,25.494800806045532,2390,100.0,100.0,100.0
40750,25.49861168861389,2390,100.0,100.0,100.0
40760,25.5033175945282,2390,100.0,100.0,100.0
40770,25.508984804153442,2390,100.0,100.0,100.0
40780,25.515109300613403,2390,100.0,100.0,100.0
40790,25.52035880088806,2390,100.0,100.0,100.0
40800,25.52592945098877,2390,100.0,100.0,100.0
40810,25.53290891647339,2390,100.0,100.0,100.0
40820,25.53764057159424,2390,100.0,100.0,100.0
40830,25.54227375984192,2390,100.0,100.0,100.0
40840,25.54875683784485,2390,100.0,100.0,100.0
40848,25.552091121673584,2390,100.0,100.0,100.0
40850,25.5535249710083,2390,100.0,100.0,100.0
40860,25.56058955192566,2390,100.0,100.0,100.0
40867,25.5637526512146,2390,100.0,100.0,100.0
40870,25.566208124160767,2390,100.0,100.0,100.0
40880,25.571637392044067,2390,100.0,100.0,100.0
40890,25.5770263671875,2390,100.0,100.0,100.0
40900,25.583252668380737,2390,100.0,100.0,100.0
40910,25.58766460418701,2390,100.0,100.0,100.0
40920,25.59213423728943,2390,100.0,100.0,100.0
40930,25.598891258239746,2390,100.0,100.0,100.0
40940,25.605029344558716,2390,100.0,100.0,100.0
40945,25.608334064483643,2390,100.0,100.0,100.0
40950,25.610770225524902,2390,100.0,100.0,100.0
40958,25.616689205169678,2390,100.0,100.0,100.0
40960,25.617247819900513,2390,100.0,100.0,100.0
40965,25.62036633491516,2390,100.0,100.0,100.0
40970,25.62519097328186,2390,100.0,100.0,100.0
40980,25.629740476608276,2390,100.0,100.0,100.0
40988,25.634007692337036,2390,100.0,100.0,100.0
40990,25.634952068328857,2390,100.0,100.0,100.0
41000,25.640191555023193,2390,100.0,100.0,100.0
41010,25.64467167854309,2390,100.0,100.0,100.0
41020,25.654733180999756,2390,100.0,100.0,100.0
41030,25.661057233810425,2390,100.0,100.0,100.0
41040,25.667972803115845,2390,100.0,100.0,100.0
41050,25.675060987472534,2390,100.0,100.0,100.0
41060,25.678967237472534,2390,100.0,100.0,100.0
41070,25.685045957565308,2390,100.0,100.0,100.0
41080,25.69280433654785,2390,100.0,100.0,100.0
41082,25.69425940513611,2390,100.0,100.0,100.0
41090,25.700255632400513,2390,100.0,100.0,100.0
41100,25.705082416534424,2390,100.0,100.0,100.0
41110,25.71118712425232,2390,100.0,100.0,100.0
41120,25.716758728027344,2390,100.0,100.0,100.0
41130,25.721521615982056,2390,100.0,100.0,100.0
41137,25.726027965545654,2390,100.0,100.0,100.0
41140,25.728522062301636,2390,100.0,100.0,100.0
41145,25.730212450027466,2390,100.0,100.0,100.0
41150,25.733888149261475,2390,100.0,100.0,100.0
41153,25.73555326461792,2390,100.0,100.0,100.0
41160,25.739912271499634,2390,100.0,100.0,100.0
41169,25.744508743286133,2390,100.0,100.0,100.0
41170,25.74556541442871,2390,100.0,100.0,100.0
41180,25.752711534500122,2390,100.0,100.0,100.0
41190,25.758346557617188,2390,100.0,100.0,100.0
41200,25.76520848274231,2390,100.0,100.0,100.0
41209,25.76980209350586,2390,100.0,100.0,100.0
41210,25.76999855041504,2390,100.0,100.0,100.0
41220,25.77649474143982,2390,100.0,100.0,100.0
41230,25.781914234161377,2390,100.0,100.0,100.0
41232,25.782756567001343,2390,100.0,100.0,100.0
41240,25.786851167678833,2390,100.0,100.0,100.0
41246,25.79045343399048,2390,100.0,100.0,100.0
41250,25.792521238327026,2390,100.0,100.0,100.0
41252,25.79327630996704,2390,100.0,100.0,100.0
41260,25.79717230796814,2390,100.0,100.0,100.0
41270,25.802552700042725,2390,100.0,100.0,100.0
41280,25.808724880218506,2390,100.0,100.0,100.0
41290,25.81241774559021,2390,100.0,100.0,100.0
41300,25.819615364074707,2390,100.0,100.0,100.0
41310,25.824397802352905,2390,100.0,100.0,100.0
41320,25.83032250404358,2390,100.0,100.0,100.0
41330,25.836751222610474,2390,100.0,100.0,100.0
41340,25.84428834915161,2390,100.0,100.0,100.0
41347,25.847391843795776,2390,100.0,100.0,100.0
41350,25.84841251373291,2390,100.0,100.0,100.0
41360,25.8541157245636,2390,100.0,100.0,100.0
41363,25.855217218399048,2390,100.0,100.0,100.0
41370,25.858264923095703,2390,100.0,100.0,100.0
41380,25.86442732810974,2390,100.0,100.0,100.0
41390,25.871040105819702,2390,100.0,100.0,100.0
41400,25.877358436584473,2390,100.0,100.0,100.0
41410,25.88406252861023,2390,100.0,100.0,100.0
41420,25.891119241714478,2390,100.0,100.0,100.0
41430,25.896859407424927,2390,100.0,100.0,100.0
41440,25.902258157730103,2390,100.0,100.0,100.0
41441,25.902635097503662,2390,100.0,100.0,100.0
41450,25.908053636550903,2390,100.0,100.0,100.0
41454,25.910438060760498,2390,100.0,100.0,100.0
41460,25.9146671295166,2390,100.0,100.0,100.0
41470,25.920976400375366,2390,100.0,100.0,100.0
41480,25.928685665130615,2390,100.0,100.0,100.0
41490,25.93654179573059,2390,100.0,100.0,100.0
41500,25.942962408065796,2390,100.0,100.0,100.0
41502,25.943785905838013,2390,100.0,100.0,100.0
41510,25.948272466659546,2390,100.0,100.0,100.0
41520,25.95439648628235,2390,100.0,100.0,100.0
41530,25.960116863250732,2390,100.0,100.0,100.0
41540,25.96488904953003,2390,100.0,100.0,100.0
41550,25.971892833709717,2390,100.0,100.0,100.0
41560,25.97648572921753,2390,100.0,100.0,100.0
41570,25.982609748840332,2390,100.0,100.0,100.0
41580,25.98799991607666,2390,100.0,100.0,100.0
41590,25.994826078414917,2390,100.0,100.0,100.0
41600,25.999884843826294,2390,100.0,100.0,100.0
41610,26.007030963897705,2390,100.0,100.0,100.0
41620,26.012279748916626,2390,100.0,100.0,100.0
41630,26.018526554107666,2390,100.0,100.0,100.0
41640,26.026230096817017,2390,100.0,100.0,100.0
41650,26.032999277114868,2390,100.0,100.0,100.0
41660,26.038654565811157,2390,100.0,100.0,100.0
41670,26.044048070907593,2390,100.0,100.0,100.0
41680,26.050996780395508,2390,100.0,100.0,100.0
41690,26.05624008178711,2390,100.0,100.0,100.0
41700,26.06093692779541,2390,100.0,100.0,100.0
41710,26.067310571670532,2390,100.0,100.0,100.0
41720,26.07394027709961,2390,100.0,100.0,100.0
41726,26.07864546775818,2390,100.0,100.0,100.0
41730,26.08151650428772,2390,100.0,100.0,100.0
41740,26.088640451431274,2390,100.0,100.0,100.0
41750,26.09539771080017,2390,100.0,100.0,100.0
41760,26.10149312019348,2390,100.0,100.0,100.0
41770,26.107221841812134,2390,100.0,100.0,100.0
41773,26.10854721069336,2390,100.0,100.0,100.0
41780,26.113664388656616,2390,100.0,100.0,100.0
41790,26.119364261627197,2390,100.0,100.0,100.0
41792,26.120178699493408,2390,100.0,100.0,100.0
41794,26.120800018310547,2390,100.0,100.0,100.0
41800,26.123557090759277,2390,100.0,100.0,100.0
41810,26.12916088104248,2390,100.0,100.0,100.0
41817,26.13331389427185,2390,100.0,100.0,100.0
41818,26.133788347244263,2390,100.0,100.0,100.0
41820,26.134363651275635,2390,100.0,100.0,100.0
41830,26.141785860061646,2390,100.0,100.0,100.0
41840,26.14811372756958,2390,100.0,100.0,100.0
41850,26.155061960220337,2390,100.0,100.0,100.0
41860,26.164933443069458,2390,100.0,100.0,100.0
41870,26.17056655883789,2390,100.0,100.0,100.0
41880,26.17925786972046,2390,100.0,100.0,100.0
41890,26.185829639434814,2390,100.0,100.0,100.0
41900,26.192785024642944,2390,100.0,100.0,100.0
41910,26.20108437538147,2390,100.0,100.0,100.0
41920,26.20671272277832,2390,100.0,100.0,100.0
41930,26.212246656417847,2390,100.0,100.0,100.0
41940,26.217567920684814,2390,100.0,100.0,100.0
41950,26.22622299194336,2390,100.0,100.0,100.0
41960,26.23318338394165,2390,100.0,100.0,100.0
41970,26.24056363105774,2390,100.0,100.0,100.0
41980,26.249420166015625,2390,100.0,100.0,100.0
41990,26.25533962249756,2390,100.0,100.0,100.0
42000,26.261950254440308,2390,100.0,100.0,100.0
42010,26.269412755966187,2390,100.0,100.0,100.0
42020,26.276562929153442,2390,100.0,100.0,100.0
42030,26.283594369888306,2390,100.0,100.0,100.0
42040,26.291502952575684,2390,100.0,100.0,100.0
42050,26.299025297164917,2390,100.0,100.0,100.0
42060,26.306275606155396,2390,100.0,100.0,100.0
42061,26.306764602661133,2390,100.0,100.0,100.0
42064,26.307998657226562,2390,100.0,100.0,100.0
42070,26.313021659851074,2390,100.0,100.0,100.0
42080,26.31877565383911,2390,100.0,100.0,100.0
42090,26.32276177406311,2390,100.0,100.0,100.0
42100,26.32945990562439,2390,100.0,100.0,100.0
42110,26.33751106262207,2390,100.0,100.0,100.0
42120,26.342556476593018,2390,100.0,100.0,100.0
42130,26.34912919998169,2390,100.0,100.0,100.0
42140,26.354769945144653,2390,100.0,100.0,100.0
42150,26.35990285873413,2390,100.0,100.0,100.0
42160,26.36580538749695,2390,100.0,100.0,100.0
42170,26.37182855606079,2390,100.0,100.0,100.0
42180,26.37925958633423,2390,100.0,100.0,100.0
42181,26.37976908683777,2390,100.0,100.0,100.0
42190,26.382509231567383,2390,100.0,100.0,100.0
42200,26.387519598007202,2390,100.0,100.0,100.0
42210,26.39503264427185,2390,100.0,100.0,100.0
42213,26.396783113479614,2390,100.0,100.0,100.0
42220,26.401578903198242,2390,100.0,100.0,100.0
42230,26.406561613082886,2390,100.0,100.0,100.0
42240,26.414350032806396,2390,100.0,100.0,100.0
42250,26.42148780822754,2390,100.0,100.0,100.0
42260,26.4277503490448,2390,100.0,100.0,100.0
42270,26.432886838912964,2390,100.0,100.0,100.0
42280,26.43947458267212,2390,100.0,100.0,100.0
42290,26.446061849594116,2390,100.0,100.0,100.0
42300,26.451110124588013,2390,100.0,100.0,100.0
42310,26.459100246429443,2390,100.0,100.0,100.0
42320,26.467101097106934,2390,100.0,100.0,100.0
42325,26.470661640167236,2390,100.0,100.0,100.0
42330,26.473944664001465,2390,100.0,100.0,100.0
42340,26.479716062545776,2390,100.0,100.0,100.0
42350,26.48460865020752,2390,100.0,100.0,100.0
42360,26.49008297920227,2390,100.0,100.0,100.0
42370,26.497814416885376,2390,100.0,100.0,100.0
42380,26.5037260055542,2390,100.0,100.0,100.0
42390,26.50994038581848,2390,100.0,100.0,100.0
42400,26.516128063201904,2390,100.0,100.0,100.0
42410,26.525051832199097,2390,100.0,100.0,100.0
42420,26.531006813049316,2390,100.0,100.0,100.0
42430,26.53526735305786,2390,100.0,100.0,100.0
42438,26.538167238235474,2390,100.0,100.0,100.0
42440,26.540518522262573,2390,100.0,100.0,100.0
42446,26.545111894607544,2390,100.0,100.0,100.0
42450,26.546391487121582,2390,100.0,100.0,100.0
42460,26.552948713302612,2390,100.0,100.0,100.0
42470,26.55778217315674,2390,100.0,100.0,100.0
42477,26.561031579971313,2390,100.0,100.0,100.0
42480,26.562906742095947,2390,100.0,100.0,100.0
42490,26.568904161453247,2390,100.0,100.0,100.0
42500,26.57604193687439,2390,100.0,100.0,100.0
42510,26.582768440246582,2390,100.0,100.0,100.0
42520,26.587069749832153,2390,100.0,100.0,100.0
42530,26.597283840179443,2390,100.0,100.0,100.0
42538,26.602705478668213,2390,100.0,100.0,100.0
42540,26.603498697280884,2390,100.0,100.0,100.0
42550,26.610204219818115,2390,100.0,100.0,100.0
42560,26.617355585098267,2390,100.0,100.0,100.0
42570,26.622309684753418,2390,100.0,100.0,100.0
42573,26.624263763427734,2390,100.0,100.0,100.0
42580,26.628892421722412,2390,100.0,100.0,100.0
42590,26.636232376098633,2390,100.0,100.0,100.0
42600,26.640722274780273,2390,100.0,100.0,100.0
42610,26.646636247634888,2390,100.0,100.0,100.0
42620,26.65442728996277,2390,100.0,100.0,100.0
42630,26.6621310710907,2390,100.0,100.0,100.0
42640,26.666126489639282,2390,100.0,100.0,100.0
42650,26.672059535980225,2390,100.0,100.0,100.0
42660,26.67927074432373,2390,100.0,100.0,100.0
42670,26.683990716934204,2390,100.0,100.0,100.0
42680,26.691389560699463,2390,100.0,100.0,100.0
42690,26.696537971496582,2390,100.0,100.0,100.0
42700,26.704203605651855,2390,100.0,100.0,100.0
42704,26.7057843208313,2390,100.0,100.0,100.0
42710,26.71024775505066,2390,100.0,100.0,100.0
42720,26.719133853912354,2390,100.0,100.0,100.0
42730,26.72478199005127,2390,100.0,100.0,100.0
42739,26.731109857559204,2390,100.0,100.0,100.0
42740,26.73221206665039,2390,100.0,100.0,100.0
42750,26.736379861831665,2390,100.0,100.0,100.0
42760,26.740798473358154,2390,100.0,100.0,100.0
42770,26.74688482284546,2390,100.0,100.0,100.0
42780,26.75262761116028,2390,100.0,100.0,100.0
42790,26.757630348205566,2390,100.0,100.0,100.0
42800,26.764787435531616,2390,100.0,100.0,100.0
42810,26.770490169525146,2390,100.0,100.0,100.0
42820,26.777393102645874,2390,100.0,100.0,100.0
42830,26.78498148918152,2390,100.0,100.0,100.0
42840,26.790758848190308,2390,100.0,100.0,100.0
42850,26.800781965255737,2390,100.0,100.0,100.0
42860,26.805315494537354,2390,100.0,100.0,100.0
42863,26.806508541107178,2390,100.0,100.0,100.0
42870,26.81029462814331,2390,100.0,100.0,100.0
42871,26.810810089111328,2390,100.0,100.0,100.0
42880,26.816580057144165,2390,100.0,100.0,100.0
42890,26.82179570198059,2390,100.0,100.0,100.0
42900,26.826792001724243,2390,100.0,100.0,100.0
42910,26.83575415611267,2390,100.0,100.0,100.0
42920,26.844143629074097,2390,100.0,100.0,100.0
42930,26.8509681224823,2390,100.0,100.0,100.0
42931,26.851623058319092,2390,100.0,100.0,100.0
42940,26.85760188102722,2390,100.0,100.0,100.0
42950,26.864362239837646,2390,100.0,100.0,100.0
42956,26.866453647613525,2390,100.0,100.0,100.0
42960,26.870531797409058,2390,100.0,100.0,100.0
42970,26.878881454467773,2390,100.0,100.0,100.0
42980,26.885005712509155,2390,100.0,100.0,100.0
42990,26.889771461486816,2390,100.0,100.0,100.0
43000,26.895588397979736,2390,100.0,100.0,100.0
43010,26.902671337127686,2390,100.0,100.0,100.0
43020,26.90771722793579,2390,100.0,100.0,100.0
43030,26.91382384300232,2390,100.0,100.0,100.0
43040,26.92173957824707,2390,100.0,100.0,100.0
43050,26.930140256881714,2390,100.0,100.0,100.0
43060,26.937026977539062,2390,100.0,100.0,100.0
43070,26.943182229995728,2390,100.0,100.0,100.0
43080,26.950049877166748,2390,100.0,100.0,100.0
43090,26.956136465072632,2390,100.0,100.0,100.0
43100,26.96083354949951,2390,100.0,100.0,100.0
43110,26.966713428497314,2390,100.0,100.0,100.0
43120,26.97206997871399,2390,100.0,100.0,100.0
43130,26.977438926696777,2390,100.0,100.0,100.0
43132,26.97839117050171,2390,100.0,100.0,100.0
43140,26.985159635543823,2390,100.0,100.0,100.0
43150,26.990139961242676,2390,100.0,100.0,100.0
43160,26.99763512611389,2390,100.0,100.0,100.0
43162,26.998497486114502,2390,100.0,100.0,100.0
43169,27.00118637084961,2390,100.0,100.0,100.0
43170,27.001636505126953,2390,100.0,100.0,100.0
43180,27.00770926475525,2390,100.0,100.0,100.0
43184,27.009931325912476,2390,100.0,100.0,100.0
43188,27.01227068901062,2390,100.0,100.0,100.0
43190,27.013811588287354,2390,100.0,100.0,100.0
43200,27.0233256816864,2390,100.0,100.0,100.0
43204,27.026235580444336,2390,100.0,100.0,100.0
43210,27.029404640197754,2390,100.0,100.0,100.0
43220,27.034042596817017,2390,100.0,100.0,100.0
43230,27.0396249294281,2390,100.0,100.0,100.0
43240,27.046990871429443,2390,100.0,100.0,100.0
43250,27.053749322891235,2390,100.0,100.0,100.0
43260,27.05960488319397,2390,100.0,100.0,100.0
43267,27.063090562820435,2390,100.0,100.0,100.0
43270,27.065496683120728,2390,100.0,100.0,100.0
43280,27.069390535354614,2390,100.0,100.0,100.0
43290,27.075430870056152,2390,100.0,100.0,100.0
43300,27.08151364326477,2390,100.0,100.0,100.0
43307,27.085059642791748,2390,100.0,100.0,100.0
43310,27.0869460105896,2390,100.0,100.0,100.0
43320,27.091500520706177,2390,100.0,100.0,100.0
43330,27.098414182662964,2390,100.0,100.0,100.0
43333,27.100226879119873,2390,100.0,100.0,100.0
43340,27.103302717208862,2390,100.0,100.0,100.0
43350,27.110914707183838,2390,100.0,100.0,100.0
43360,27.11523127555847,2390,100.0,100.0,100.0
43370,27.12101650238037,2390,100.0,100.0,100.0
43380,27.127636432647705,2390,100.0,100.0,100.0
43390,27.134454250335693,2390,100.0,100.0,100.0
43400,27.14098620414734,2390,100.0,100.0,100.0
43410,27.14773201942444,2390,100.0,100.0,100.0
43420,27.153873682022095,2390,100.0,100.0,100.0
43430,27.159236192703247,2390,100.0,100.0,100.0
43440,27.16490387916565,2390,100.0,100.0,100.0
43445,27.16690421104431,2390,100.0,100.0,100.0
43450,27.170231342315674,2390,100.0,100.0,100.0
43460,27.176359176635742,2390,100.0,100.0,100.0
43469,27.182162046432495,2390,100.0,100.0,100.0
43470,27.182520151138306,2390,100.0,100.0,100.0
43480,27.18963885307312,2390,100.0,100.0,100.0
43490,27.1954345703125,2390,100.0,100.0,100.0
43500,27.202251195907593,2390,100.0,100.0,100.0
43510,27.208954572677612,2390,100.0,100.0,100.0
43520,27.216179847717285,2390,100.0,100.0,100.0
43525,27.219406604766846,2390,100.0,100.0,100.0
43530,27.222698211669922,2390,100.0,100.0,100.0
43540,27.229265451431274,2390,100.0,100.0,100.0
43550,27.235132217407227,2390,100.0,100.0,100.0
43560,27.243470907211304,2390,100.0,100.0,100.0
43570,27.24867582321167,2390,100.0,100.0,100.0
43580,27.25467824935913,2390,100.0,100.0,100.0
43590,27.258813619613647,2390,100.0,100.0,100.0
43600,27.26556634902954,2390,100.0,100.0,100.0
43610,27.270869493484497,2390,100.0,100.0,100.0
43620,27.279760122299194,2390,100.0,100.0,100.0
43630,27.285162925720215,2390,100.0,100.0,100.0
43637,27.29024338722229,2390,100.0,100.0,100.0
43640,27.29130506515503,2390,100.0,100.0,100.0
43644,27.29306197166443,2390,100.0,100.0,100.0
43650,27.29681634902954,2390,100.0,100.0,100.0
43660,27.30187678337097,2390,100.0,100.0,100.0
43670,27.309417486190796,2390,100.0,100.0,100.0
43680,27.315785884857178,2390,100.0,100.0,100.0
43690,27.321802377700806,2390,100.0,100.0,100.0
43700,27.32923674583435,2390,100.0,100.0,100.0
43710,27.337112188339233,2390,100.0,100.0,100.0
43720,27.342480659484863,2390,100.0,100.0,100.0
43723,27.344299793243408,2390,100.0,100.0,100.0
43730,27.348572731018066,2390,100.0,100.0,100.0
43740,27.355435132980347,2390,100.0,100.0,100.0
43750,27.36293625831604,2390,100.0,100.0,100.0
43760,27.369104385375977,2390,100.0,100.0,100.0
43763,27.370482921600342,2390,100.0,100.0,100.0
43770,27.374481201171875,2390,100.0,100.0,100.0
43780,27.379514455795288,2390,100.0,100.0,100.0
43790,27.3869845867157,2390,100.0,100.0,100.0
43800,27.392664194107056,2390,100.0,100.0,100.0
43810,27.399895906448364,2390,100.0,100.0,100.0
43815,27.402917861938477,2390,100.0,100.0,100.0
43820,27.407033920288086,2390,100.0,100.0,100.0
43830,27.4123272895813,2390,100.0,100.0,100.0
43840,27.41952109336853,2390,100.0,100.0,100.0
43850,27.424379348754883,2390,100.0,100.0,100.0
43860,27.430601835250854,2390,100.0,100.0,100.0
43870,27.43644952774048,2390,100.0,100.0,100.0
43880,27.4408700466156,2390,100.0,100.0,100.0
43890,27.44827914237976,2390,100.0,100.0,100.0
43900,27.45757555961609,2390,100.0,100.0,100.0
43910,27.465151071548462,2390,100.0,100.0,100.0
43920,27.474517822265625,2390,100.0,100.0,100.0
43930,27.480313539505005,2390,100.0,100.0,100.0
43940,27.486545085906982,2390,100.0,100.0,100.0
43950,27.49077033996582,2390,100.0,100.0,100.0
43960,27.49745535850525,2390,100.0,100.0,100.0
43968,27.50131320953369,2390,100.0,100.0,100.0
43970,27.50268268585205,2390,100.0,100.0,100.0
43980,27.51022171974182,2390,100.0,100.0,100.0
43984,27.512251138687134,2390,100.0,100.0,100.0
43990,27.516205549240112,2390,100.0,100.0,100.0
44000,27.522504568099976,2390,100.0,100.0,100.0
44010,27.52664566040039,2390,100.0,100.0,100.0
44015,27.530925989151,2390,100.0,100.0,100.0
44020,27.53358030319214,2390,100.0,100.0,100.0
44030,27.538877248764038,2390,100.0,100.0,100.0
44033,27.54059362411499,2390,100.0,100.0,100.0
44040,27.54572820663452,2390,100.0,100.0,100.0
44050,27.551777839660645,2390,100.0,100.0,100.0
44060,27.55801510810852,2390,100.0,100.0,100.0
44070,27.563183784484863,2390,100.0,100.0,100.0
44073,27.56425428390503,2390,100.0,100.0,100.0
44080,27.56787395477295,2390,100.0,100.0,100.0
44090,27.573421716690063,2390,100.0,100.0,100.0
44100,27.579514503479004,2390,100.0,100.0,100.0
44110,27.583820819854736,2390,100.0,100.0,100.0
44118,27.587963581085205,2390,100.0,100.0,100.0
44120,27.58849000930786,2390,100.0,100.0,100.0
44130,27.593884229660034,2390,100.0,100.0,100.0
44140,27.599533319473267,2390,100.0,100.0,100.0
44150,27.606292486190796,2390,100.0,100.0,100.0
44160,27.61309504508972,2390,100.0,100.0,100.0
44170,27.61783719062805,2390,100.0,100.0,100.0
44180,27.623526334762573,2390,100.0,100.0,100.0
44181,27.623896598815918,2390,100.0,100.0,100.0
44186,27.626128911972046,2390,100.0,100.0,100.0
44190,27.628377676010132,2390,100.0,100.0,100.0
44200,27.632937908172607,2390,100.0,100.0,100.0
44210,27.6377432346344,2390,100.0,100.0,100.0
44220,27.64378809928894,2390,100.0,100.0,100.0
44224,27.64527201652527,2390,100.0,100.0,100.0
44230,27.64772891998291,2390,100.0,100.0,100.0
44240,27.65464448928833,2390,100.0,100.0,100.0
44250,27.66191053390503,2390,100.0,100.0,100.0
44260,27.67035722732544,2390,100.0,100.0,100.0
44262,27.671830892562866,2390,100.0,100.0,100.0
44270,27.676517486572266,2390,100.0,100.0,100.0
44280,27.681945085525513,2390,100.0,100.0,100.0
44290,27.688205242156982,2390,100.0,100.0,100.0
44300,27.694254159927368,2390,100.0,100.0,100.0
44310,27.701611280441284,2390,100.0,100.0,100.0
44320,27.705830335617065,2390,100.0,100.0,100.0
44330,27.711100578308105,2390,100.0,100.0,100.0
44337,27.713878393173218,2390,100.0,100.0,100.0
44340,27.7148756980896,2390,100.0,100.0,100.0
44344,27.7168231010437,2390,100.0,100.0,100.0
44350,27.720840454101562,2390,100.0,100.0,100.0
44360,27.72745966911316,2390,100.0,100.0,100.0
44370,27.732840061187744,2390,100.0,100.0,100.0
44380,27.739453554153442,2390,100.0,100.0,100.0
44390,27.745940685272217,2390,100.0,100.0,100.0
44400,27.75047278404236,2390,100.0,100.0,100.0
44410,27.757604598999023,2390,100.0,100.0,100.0
44420,27.763001203536987,2390,100.0,100.0,100.0
44427,27.767183303833008,2390,100.0,100.0,100.0
44430,27.76817035675049,2390,100.0,100.0,100.0
44440,27.773048162460327,2390,100.0,100.0,100.0
44450,27.77849507331848,2390,100.0,100.0,100.0
44460,27.782857656478882,2390,100.0,100.0,100.0
44470,27.789445400238037,2390,100.0,100.0,100.0
44477,27.79348349571228,2390,100.0,100.0,100.0
44480,27.79628562927246,2390,100.0,100.0,100.0
44490,27.801658868789673,2390,100.0,100.0,100.0
44500,27.806012630462646,2390,100.0,100.0,100.0
44501,27.806418418884277,2390,100.0,100.0,100.0
44503,27.807831525802612,2390,100.0,100.0,100.0
44510,27.81221842765808,2390,100.0,100.0,100.0
44520,27.817283630371094,2390,100.0,100.0,100.0
44521,27.81767988204956,2390,100.0,100.0,100.0
44530,27.82200026512146,2390,100.0,100.0,100.0
44540,27.829814195632935,2390,100.0,100.0,100.0
44550,27.835171699523926,2390,100.0,100.0,100.0
44560,27.841319799423218,2390,100.0,100.0,100.0
44570,27.84664750099182,2390,100.0,100.0,100.0
44579,27.849949836730957,2390,100.0,100.0,100.0
44580,27.85097861289978,2390,100.0,100.0,100.0
44588,27.85745096206665,2390,100.0,100.0,100.0
44590,27.858094453811646,2390,100.0,100.0,100.0
44594,27.859525442123413,2390,100.0,100.0,100.0
44600,27.863005876541138,2390,100.0,100.0,100.0
44610,27.866841077804565,2390,100.0,100.0,100.0
44620,27.872138738632202,2390,100.0,100.0,100.0
44630,27.875438690185547,2390,100.0,100.0,100.0
44640,27.880718231201172,2390,100.0,100.0,100.0
44645,27.882911920547485,2390,100.0,100.0,100.0
44650,27.88528084754944,2390,100.0,100.0,100.0
44660,27.891907215118408,2390,100.0,100.0,100.0
44670,27.897612810134888,2390,100.0,100.0,100.0
44680,27.902340173721313,2390,100.0,100.0,100.0
44690,27.90700054168701,2390,100.0,100.0,100.0
44700,27.914546966552734,2390,100.0,100.0,100.0
44710,27.918511152267456,2390,100.0,100.0,100.0
44720,27.923877716064453,2390,100.0,100.0,100.0
44730,27.927681922912598,2390,100.0,100.0,100.0
44740,27.935352325439453,2390,100.0,100.0,100.0
44742,27.93607783317566,2390,100.0,100.0,100.0
44750,27.942392110824585,2390,100.0,100.0,100.0
44760,27.949300527572632,2390,100.0,100.0,100.0
44770,27.95619249343872,2390,100.0,100.0,100.0
44780,27.960887908935547,2390,100.0,100.0,100.0
44790,27.966912269592285,2390,100.0,100.0,100.0
44800,27.971721649169922,2390,100.0,100.0,100.0
44810,27.98002552986145,2390,100.0,100.0,100.0
44818,27.98509645462036,2390,100.0,100.0,100.0
44820,27.98638916015625,2390,100.0,100.0,100.0
44825,27.989436626434326,2390,100.0,100.0,100.0
44830,27.991071701049805,2390,100.0,100.0,100.0
44840,27.996737241744995,2390,100.0,100.0,100.0
44850,28.002756595611572,2390,100.0,100.0,100.0
44858,28.007218599319458,2390,100.0,100.0,100.0
44860,28.00796413421631,2390,100.0,100.0,100.0
44870,28.012139320373535,2390,100.0,100.0,100.0
44872,28.012866973876953,2390,100.0,100.0,100.0
44880,28.017585277557373,2390,100.0,100.0,100.0
44890,28.02126908302307,2390,100.0,100.0,100.0
44900,28.02692985534668,2390,100.0,100.0,100.0
44910,28.03180980682373,2390,100.0,100.0,100.0
44920,28.03918433189392,2390,100.0,100.0,100.0
44930,28.044816255569458,2390,100.0,100.0,100.0
44940,28.052253246307373,2390,100.0,100.0,100.0
44950,28.0604088306427,2390,100.0,100.0,100.0
44960,28.066753149032593,2390,100.0,100.0,100.0
44965,28.069457054138184,2390,100.0,100.0,100.0
44966,28.069865465164185,2390,100.0,100.0,100.0
44970,28.07203984260559,2390,100.0,100.0,100.0
44980,28.076821088790894,2390,100.0,100.0,100.0
44990,28.084465503692627,2390,100.0,100.0,100.0
45000,28.092828035354614,2390,100.0,100.0,100.0
45010,28.097522497177124,2390,100.0,100.0,100.0
45020,28.101935625076294,2390,100.0,100.0,100.0
45030,28.106631994247437,2390,100.0,100.0,100.0
45040,28.112842082977295,2390,100.0,100.0,100.0
45050,28.119913578033447,2390,100.0,100.0,100.0
45060,28.12526035308838,2390,100.0,100.0,100.0
45070,28.13065195083618,2390,100.0,100.0,100.0
45080,28.13688611984253,2390,100.0,100.0,100.0
45090,28.143546104431152,2390,100.0,100.0,100.0
45100,28.14996361732483,2390,100.0,100.0,100.0
45110,28.156546115875244,2390,100.0,100.0,100.0
45120,28.16212821006775,2390,100.0,100.0,100.0
45130,28.16800022125244,2390,100.0,100.0,100.0
45140,28.174148082733154,2390,100.0,100.0,100.0
45150,28.179288625717163,2390,100.0,100.0,100.0
45160,28.188238382339478,2390,100.0,100.0,100.0
45170,28.195592403411865,2390,100.0,100.0,100.0
45180,28.20065402984619,2390,100.0,100.0,100.0
45190,28.204760313034058,2390,100.0,100.0,100.0
45200,28.211742639541626,2390,100.0,100.0,100.0
45210,28.215026140213013,2390,100.0,100.0,100.0
45220,28.222416639328003,2390,100.0,100.0,100.0
45230,28.228939533233643,2390,100.0,100.0,100.0
45240,28.237489938735962,2390,100.0,100.0,100.0
45244,28.23931074142456,2390,100.0,100.0,100.0
45250,28.242205381393433,2390,100.0,100.0,100.0
45260,28.250701665878296,2390,100.0,100.0,100.0
45270,28.256497383117676,2390,100.0,100.0,100.0
45280,28.263658046722412,2390,100.0,100.0,100.0
45290,28.26940417289734,2390,100.0,100.0,100.0
45300,28.278115272521973,2390,100.0,100.0,100.0
45310,28.285625457763672,2390,100.0,100.0,100.0
45320,28.291919946670532,2390,100.0,100.0,100.0
45330,28.29645586013794,2390,100.0,100.0,100.0
45340,28.302308082580566,2390,100.0,100.0,100.0
45350,28.308791875839233,2390,100.0,100.0,100.0
45360,28.316345691680908,2390,100.0,100.0,100.0
45370,28.32166862487793,2390,100.0,100.0,100.0
45380,28.326626300811768,2390,100.0,100.0,100.0
45390,28.33381152153015,2390,100.0,100.0,100.0
45400,28.33881711959839,2390,100.0,100.0,100.0
45410,28.34682583808899,2390,100.0,100.0,100.0
45420,28.352912664413452,2390,100.0,100.0,100.0
45430,28.36091709136963,2390,100.0,100.0,100.0
45440,28.36922574043274,2390,100.0,100.0,100.0
45450,28.376513242721558,2390,100.0,100.0,100.0
45460,28.385720252990723,2390,100.0,100.0,100.0
45470,28.393014430999756,2390,100.0,100.0,100.0
45480,28.405482292175293,2390,100.0,100.0,100.0
45490,28.41391897201538,2390,100.0,100.0,100.0
45500,28.421285390853882,2390,100.0,100.0,100.0
45508,28.42818832397461,2390,100.0,100.0,100.0
45510,28.4311625957489,2390,100.0,100.0,100.0
45520,28.442044019699097,2390,100.0,100.0,100.0
45530,28.454808473587036,2390,100.0,100.0,100.0
45540,28.46336340904236,2390,100.0,100.0,100.0
45550,28.471065521240234,2390,100.0,100.0,100.0
45560,28.47687315940857,2390,100.0,100.0,100.0
45570,28.482579469680786,2390,100.0,100.0,100.0
45580,28.48951292037964,2390,100.0,100.0,100.0
45590,28.49780297279358,2390,100.0,100.0,100.0
45600,28.504887104034424,2390,100.0,100.0,100.0
45610,28.509048461914062,2390,100.0,100.0,100.0
45620,28.517803192138672,2390,100.0,100.0,100.0
45630,28.521827220916748,2390,100.0,100.0,100.0
45640,28.527961015701294,2390,100.0,100.0,100.0
45650,28.53331446647644,2390,100.0,100.0,100.0
45660,28.53682804107666,2390,100.0,100.0,100.0
45670,28.542755603790283,2390,100.0,100.0,100.0
45680,28.549424648284912,2390,100.0,100.0,100.0
45690,28.556471347808838,2390,100.0,100.0,100.0
45691,28.55688786506653,2390,100.0,100.0,100.0
45700,28.56225562095642,2390,100.0,100.0,100.0
45710,28.56781268119812,2390,100.0,100.0,100.0
45720,28.574113368988037,2390,100.0,100.0,100.0
45730,28.580734968185425,2390,100.0,100.0,100.0
45740,28.58606219291687,2390,100.0,100.0,100.0
45750,28.592405080795288,2390,100.0,100.0,100.0
45760,28.598687171936035,2390,100.0,100.0,100.0
45770,28.6047203540802,2390,100.0,100.0,100.0
45780,28.612218379974365,2390,100.0,100.0,100.0
45790,28.61822199821472,2390,100.0,100.0,100.0
45800,28.62598752975464,2390,100.0,100.0,100.0
45805,28.628612279891968,2390,100.0,100.0,100.0
45810,28.631808519363403,2390,100.0,100.0,100.0
45812,28.63264751434326,2390,100.0,100.0,100.0
45820,28.637365341186523,2390,100.0,100.0,100.0
45830,28.642709016799927,2390,100.0,100.0,100.0
45840,28.651034593582153,2390,100.0,100.0,100.0
45850,28.656132459640503,2390,100.0,100.0,100.0
45860,28.661357879638672,2390,100.0,100.0,100.0
45863,28.662711143493652,2390,100.0,100.0,100.0
45870,28.666156768798828,2390,100.0,100.0,100.0
45871,28.666606664657593,2390,100.0,100.0,100.0
45880,28.671640634536743,2390,100.0,100.0,100.0
45890,28.679816722869873,2390,100.0,100.0,100.0
45900,28.68444323539734,2390,100.0,100.0,100.0
45910,28.692259311676025,2390,100.0,100.0,100.0
45920,28.69875407218933,2390,100.0,100.0,100.0
45921,28.699309825897217,2390,100.0,100.0,100.0
45930,28.704282522201538,2390,100.0,100.0,100.0
45940,28.712018251419067,2390,100.0,100.0,100.0
45950,28.71760654449463,2390,100.0,100.0,100.0
45960,28.72539258003235,2390,100.0,100.0,100.0
45965,28.729905366897583,2390,100.0,100.0,100.0
45970,28.732866287231445,2390,100.0,100.0,100.0
45980,28.738334894180298,2390,100.0,100.0,100.0
45990,28.744199752807617,2390,100.0,100.0,100.0
46000,28.75025725364685,2390,100.0,100.0,100.0
46001,28.75071358680725,2390,100.0,100.0,100.0
46010,28.754525184631348,2390,100.0,100.0,100.0
46019,28.75887131690979,2390,100.0,100.0,100.0
46020,28.759278774261475,2390,100.0,100.0,100.0
46030,28.765402793884277,2390,100.0,100.0,100.0
46038,28.769670963287354,2390,100.0,100.0,100.0
46040,28.77108359336853,2390,100.0,100.0,100.0
46050,28.778657913208008,2390,100.0,100.0,100.0
46054,28.78270411491394,2390,100.0,100.0,100.0
46060,28.78649640083313,2390,100.0,100.0,100.0
46070,28.790468215942383,2390,100.0,100.0,100.0
46080,28.797129154205322,2390,100.0,100.0,100.0
46090,28.801888942718506,2390,100.0,100.0,100.0
46100,28.80753445625305,2390,100.0,100.0,100.0
46110,28.813812017440796,2390,100.0,100.0,100.0
46112,28.814592123031616,2390,100.0,100.0,100.0
46120,28.818562030792236,2390,100.0,100.0,100.0
46125,28.820931911468506,2390,100.0,100.0,100.0
46130,28.824856519699097,2390,100.0,100.0,100.0
46140,28.82932686805725,2390,100.0,100.0,100.0
46150,28.835668087005615,2390,100.0,100.0,100.0
46160,28.840308666229248,2390,100.0,100.0,100.0
46170,28.846452474594116,2390,100.0,100.0,100.0
46172,28.847229719161987,2390,100.0,100.0,100.0
46180,28.85071873664856,2390,100.0,100.0,100.0
46190,28.858345985412598,2390,100.0,100.0,100.0
46199,28.86380672454834,2390,100.0,100.0,100.0
46200,28.864171743392944,2390,100.0,100.0,100.0
46210,28.871191024780273,2390,100.0,100.0,100.0
46220,28.878273010253906,2390,100.0,100.0,100.0
46230,28.884652853012085,2390,100.0,100.0,100.0
46240,28.88939094543457,2390,100.0,100.0,100.0
46250,28.894217014312744,2390,100.0,100.0,100.0
46260,28.90185046195984,2390,100.0,100.0,100.0
46270,28.907660722732544,2390,100.0,100.0,100.0
46280,28.91325807571411,2390,100.0,100.0,100.0
46290,28.92033076286316,2390,100.0,100.0,100.0
46293,28.921319246292114,2390,100.0,100.0,100.0
46300,28.92585277557373,2390,100.0,100.0,100.0
46310,28.93308687210083,2390,100.0,100.0,100.0
46320,28.938442945480347,2390,100.0,100.0,100.0
46327,28.941327571868896,2390,100.0,100.0,100.0
46330,28.943933963775635,2390,100.0,100.0,100.0
46340,28.950931310653687,2390,100.0,100.0,100.0
46350,28.955844163894653,2390,100.0,100.0,100.0
46360,28.962695837020874,2390,100.0,100.0,100.0
46370,28.968910455703735,2390,100.0,100.0,100.0
46380,28.974794387817383,2390,100.0,100.0,100.0
46390,28.98020339012146,2390,100.0,100.0,100.0
46400,28.986330032348633,2390,100.0,100.0,100.0
46407,28.99055504798889,2390,100.0,100.0,100.0
46410,28.992613315582275,2390,100.0,100.0,100.0
46420,28.99751305580139,2390,100.0,100.0,100.0
46430,29.00510311126709,2390,100.0,100.0,100.0
46438,29.010245084762573,2390,100.0,100.0,100.0
46440,29.011014461517334,2390,100.0,100.0,100.0
46442,29.01179575920105,2390,100.0,100.0,100.0
46450,29.016736268997192,2390,100.0,100.0,100.0
46460,29.023170709609985,2390,100.0,100.0,100.0
46470,29.029008150100708,2390,100.0,100.0,100.0
46480,29.034196615219116,2390,100.0,100.0,100.0
46490,29.040569305419922,2390,100.0,100.0,100.0
46500,29.046739101409912,2390,100.0,100.0,100.0
46510,29.055448293685913,2390,100.0,100.0,100.0
46520,29.064484357833862,2390,100.0,100.0,100.0
46521,29.064918994903564,2390,100.0,100.0,100.0
46530,29.068552255630493,2390,100.0,100.0,100.0
46540,29.076362133026123,2390,100.0,100.0,100.0
46550,29.082315683364868,2390,100.0,100.0,100.0
46560,29.087730646133423,2390,100.0,100.0,100.0
46570,29.094243049621582,2390,100.0,100.0,100.0
46580,29.10079050064087,2390,100.0,100.0,100.0
46590,29.105034112930298,2390,100.0,100.0,100.0
46600,29.11194634437561,2390,100.0,100.0,100.0
46610,29.119110107421875,2390,100.0,100.0,100.0
46620,29.1241135597229,2390,100.0,100.0,100.0
46630,29.12916398048401,2390,100.0,100.0,100.0
46640,29.133695363998413,2390,100.0,100.0,100.0
46650,29.14086389541626,2390,100.0,100.0,100.0
46651,29.141326189041138,2390,100.0,100.0,100.0
46660,29.146641492843628,2390,100.0,100.0,100.0
46670,29.15340566635132,2390,100.0,100.0,100.0
46680,29.159958362579346,2390,100.0,100.0,100.0
46690,29.16546058654785,2390,100.0,100.0,100.0
46700,29.173460721969604,2390,100.0,100.0,100.0
46710,29.181626319885254,2390,100.0,100.0,100.0
46720,29.186686038970947,2390,100.0,100.0,100.0
46730,29.19271755218506,2390,100.0,100.0,100.0
46740,29.196818113327026,2390,100.0,100.0,100.0
46750,29.20267391204834,2390,100.0,100.0,100.0
46760,29.21010422706604,2390,100.0,100.0,100.0
46770,29.21555209159851,2390,100.0,100.0,100.0
46780,29.219613552093506,2390,100.0,100.0,100.0
46790,29.223778009414673,2390,100.0,100.0,100.0
46800,29.23051905632019,2390,100.0,100.0,100.0
46803,29.231560707092285,2390,100.0,100.0,100.0
46810,29.23636031150818,2390,100.0,100.0,100.0
46820,29.24192714691162,2390,100.0,100.0,100.0
46830,29.248069763183594,2390,100.0,100.0,100.0
46833,29.249094247817993,2390,100.0,100.0,100.0
46840,29.25225067138672,2390,100.0,100.0,100.0
46850,29.257946014404297,2390,100.0,100.0,100.0
46860,29.265197038650513,2390,100.0,100.0,100.0
46870,29.27143406867981,2390,100.0,100.0,100.0
46880,29.27583885192871,2390,100.0,100.0,100.0
46890,29.283923149108887,2390,100.0,100.0,100.0
46893,29.285956144332886,2390,100.0,100.0,100.0
46900,29.28917360305786,2390,100.0,100.0,100.0
46910,29.294272899627686,2390,100.0,100.0,100.0
46920,29.301794290542603,2390,100.0,100.0,100.0
46930,29.30664086341858,2390,100.0,100.0,100.0
46938,29.310219287872314,2390,100.0,100.0,100.0
46940,29.310946464538574,2390,100.0,100.0,100.0
46942,29.311741590499878,2390,100.0,100.0,100.0
46950,29.318217515945435,2390,100.0,100.0,100.0
46960,29.32502007484436,2390,100.0,100.0,100.0
46970,29.33274006843567,2390,100.0,100.0,100.0
46976,29.33630394935608,2390,100.0,100.0,100.0
46980,29.339276790618896,2390,100.0,100.0,100.0
46990,29.34683394432068,2390,100.0,100.0,100.0
47000,29.351272344589233,2390,100.0,100.0,100.0
47010,29.356464624404907,2390,100.0,100.0,100.0
47020,29.362139463424683,2390,100.0,100.0,100.0
47030,29.367905139923096,2390,100.0,100.0,100.0
47040,29.373920440673828,2390,100.0,100.0,100.0
47050,29.37964630126953,2390,100.0,100.0,100.0
47053,29.38168978691101,2390,100.0,100.0,100.0
47060,29.3846652507782,2390,100.0,100.0,100.0
47070,29.388039112091064,2390,100.0,100.0,100.0
47080,29.39500141143799,2390,100.0,100.0,100.0
47090,29.400665283203125,2390,100.0,100.0,100.0
47100,29.409345388412476,2390,100.0,100.0,100.0
47110,29.414822578430176,2390,100.0,100.0,100.0
47120,29.421233415603638,2390,100.0,100.0,100.0
47130,29.429715156555176,2390,100.0,100.0,100.0
47140,29.436017990112305,2390,100.0,100.0,100.0
47150,29.442022562026978,2390,100.0,100.0,100.0
47160,29.44784927368164,2390,100.0,100.0,100.0
47170,29.454576015472412,2390,100.0,100.0,100.0
47178,29.460477590560913,2390,100.0,100.0,100.0
47180,29.462031602859497,2390,100.0,100.0,100.0
47190,29.46869969367981,2390,100.0,100.0,100.0
47200,29.47214698791504,2390,100.0,100.0,100.0
47210,29.478530645370483,2390,100.0,100.0,100.0
47220,29.485018730163574,2390,100.0,100.0,100.0
47230,29.490137577056885,2390,100.0,100.0,100.0
47240,29.494457006454468,2390,100.0,100.0,100.0
47248,29.499349117279053,2390,100.0,100.0,100.0
47250,29.501519441604614,2390,100.0,100.0,100.0
47260,29.509724378585815,2390,100.0,100.0,100.0
47270,29.513286590576172,2390,100.0,100.0,100.0
47276,29.51861834526062,2390,100.0,100.0,100.0
47280,29.5216703414917,2390,100.0,100.0,100.0
47290,29.528191566467285,2390,100.0,100.0,100.0
47298,29.531226873397827,2390,100.0,100.0,100.0
47300,29.53266954421997,2390,100.0,100.0,100.0
47310,29.54035472869873,2390,100.0,100.0,100.0
47320,29.54676103591919,2390,100.0,100.0,100.0
47330,29.553277492523193,2390,100.0,100.0,100.0
47340,29.55967378616333,2390,100.0,100.0,100.0
47350,29.56668257713318,2390,100.0,100.0,100.0
47360,29.571683406829834,2390,100.0,100.0,100.0
47370,29.578680276870728,2390,100.0,100.0,100.0
47380,29.584399700164795,2390,100.0,100.0,100.0
47390,29.59043836593628,2390,100.0,100.0,100.0
47400,29.596714973449707,2390,100.0,100.0,100.0
47410,29.605250120162964,2390,100.0,100.0,100.0
47420,29.611751317977905,2390,100.0,100.0,100.0
47430,29.617734909057617,2390,100.0,100.0,100.0
47440,29.623596906661987,2390,100.0,100.0,100.0
47450,29.630658626556396,2390,100.0,100.0,100.0
47460,29.638242959976196,2390,100.0,100.0,100.0
47470,29.647618293762207,2390,100.0,100.0,100.0
47480,29.656639337539673,2390,100.0,100.0,100.0
47481,29.657132863998413,2390,100.0,100.0,100.0
47490,29.665188789367676,2390,100.0,100.0,100.0
47500,29.67180562019348,2390,100.0,100.0,100.0
47510,29.678279638290405,2390,100.0,100.0,100.0
47520,29.683006286621094,2390,100.0,100.0,100.0
47530,29.69038987159729,2390,100.0,100.0,100.0
47540,29.698044061660767,2390,100.0,100.0,100.0
47550,29.70228624343872,2390,100.0,100.0,100.0
47554,29.704733848571777,2390,100.0,100.0,100.0
47560,29.709097385406494,2390,100.0,100.0,100.0
47570,29.716009616851807,2390,100.0,100.0,100.0
47580,29.72138237953186,2390,100.0,100.0,100.0
47590,29.72636389732361,2390,100.0,100.0,100.0
47600,29.735775232315063,2390,100.0,100.0,100.0
47610,29.744654417037964,2390,100.0,100.0,100.0
47612,29.74560570716858,2390,100.0,100.0,100.0
47620,29.750343799591064,2390,100.0,100.0,100.0
47630,29.756721258163452,2390,100.0,100.0,100.0
47640,29.763413906097412,2390,100.0,100.0,100.0
47648,29.769357442855835,2390,100.0,100.0,100.0
47650,29.771671295166016,2390,100.0,100.0,100.0
47651,29.77216649055481,2390,100.0,100.0,100.0
47660,29.777722597122192,2390,100.0,100.0,100.0
47670,29.784422397613525,2390,100.0,100.0,100.0
47680,29.791991710662842,2390,100.0,100.0,100.0
47690,29.797824382781982,2390,100.0,100.0,100.0
47700,29.80552339553833,2390,100.0,100.0,100.0
47710,29.813770294189453,2390,100.0,100.0,100.0
47720,29.81891369819641,2390,100.0,100.0,100.0
47722,29.819822788238525,2390,100.0,100.0,100.0
47730,29.82367730140686,2390,100.0,100.0,100.0
47736,29.826480388641357,2390,100.0,100.0,100.0
47740,29.829230308532715,2390,100.0,100.0,100.0
47750,29.83676552772522,2390,100.0,100.0,100.0
47760,29.844489812850952,2390,100.0,100.0,100.0
47764,29.846899271011353,2390,100.0,100.0,100.0
47770,29.848782777786255,2390,100.0,100.0,100.0
47780,29.855199098587036,2390,100.0,100.0,100.0
47781,29.855676889419556,2390,100.0,100.0,100.0
47790,29.859273433685303,2390,100.0,100.0,100.0
47800,29.867774486541748,2390,100.0,100.0,100.0
47810,29.8732590675354,2390,100.0,100.0,100.0
47820,29.88210916519165,2390,100.0,100.0,100.0
47830,29.889636993408203,2390,100.0,100.0,100.0
47840,29.896315336227417,2390,100.0,100.0,100.0
47850,29.90880012512207,2390,100.0,100.0,100.0
47860,29.917683839797974,2390,100.0,100.0,100.0
47868,29.924772024154663,2390,100.0,100.0,100.0
47870,29.927969217300415,2390,100.0,100.0,100.0
47880,29.935569047927856,2390,100.0,100.0,100.0
47890,29.94015645980835,2390,100.0,100.0,100.0
47900,29.948696851730347,2390,100.0,100.0,100.0
47905,29.953906297683716,2390,100.0,100.0,100.0
47910,29.957500219345093,2390,100.0,100.0,100.0
47917,29.96351146697998,2390,100.0,100.0,100.0
47920,29.966113328933716,2390,100.0,100.0,100.0
47930,29.97441267967224,2390,100.0,100.0,100.0
47940,29.979400873184204,2390,100.0,100.0,100.0
47950,29.987495183944702,2390,100.0,100.0,100.0
47960,29.991618156433105,2390,100.0,100.0,100.0
47966,29.99476909637451,2390,100.0,100.0,100.0
47970,29.997772455215454,2390,100.0,100.0,100.0
47980,30.00509524345398,2390,100.0,100.0,100.0
47990,30.010480880737305,2390,100.0,100.0,100.0
48000,30.017987966537476,2390,100.0,100.0,100.0
48010,30.023971557617188,2390,100.0,100.0,100.0
48020,30.029027223587036,2390,100.0,100.0,100.0
48030,30.034343004226685,2390,100.0,100.0,100.0
48040,30.042444705963135,2390,100.0,100.0,100.0
48050,30.0481059551239,2390,100.0,100.0,100.0
48060,30.05539059638977,2390,100.0,100.0,100.0
48070,30.062937259674072,2390,100.0,100.0,100.0
48080,30.069294452667236,2390,100.0,100.0,100.0
48088,30.07452416419983,2390,100.0,100.0,100.0
48090,30.076032876968384,2390,100.0,100.0,100.0
48100,30.081237077713013,2390,100.0,100.0,100.0
48110,30.085867166519165,2390,100.0,100.0,100.0
48120,30.090633153915405,2390,100.0,100.0,100.0
48130,30.096135139465332,2390,100.0,100.0,100.0
48140,30.102004289627075,2390,100.0,100.0,100.0
48143,30.10469937324524,2390,100.0,100.0,100.0
48144,30.105156660079956,2390,100.0,100.0,100.0
48150,30.1097731590271,2390,100.0,100.0,100.0
48160,30.116551399230957,2390,100.0,100.0,100.0
48170,30.1233127117157,2390,100.0,100.0,100.0
48180,30.12905502319336,2390,100.0,100.0,100.0
48190,30.134936571121216,2390,100.0,100.0,100.0
48200,30.139509677886963,2390,100.0,100.0,100.0
48210,30.14488196372986,2390,100.0,100.0,100.0
48220,30.150930643081665,2390,100.0,100.0,100.0
48230,30.157123565673828,2390,100.0,100.0,100.0
48240,30.162952184677124,2390,100.0,100.0,100.0
48250,30.16724467277527,2390,100.0,100.0,100.0
48260,30.174482583999634,2390,100.0,100.0,100.0
48270,30.181272745132446,2390,100.0,100.0,100.0
48280,30.18647527694702,2390,100.0,100.0,100.0
48290,30.193024396896362,2390,100.0,100.0,100.0
48300,30.19820213317871,2390,100.0,100.0,100.0
48310,30.202975511550903,2390,100.0,100.0,100.0
48320,30.208770275115967,2390,100.0,100.0,100.0
48330,30.213791131973267,2390,100.0,100.0,100.0
48340,30.22059941291809,2390,100.0,100.0,100.0
48350,30.227249145507812,2390,100.0,100.0,100.0
48351,30.227764129638672,2390,100.0,100.0,100.0
48360,30.233521938323975,2390,100.0,100.0,100.0
48362,30.23442316055298,2390,100.0,100.0,100.0
48370,30.239174365997314,2390,100.0,100.0,100.0
48380,30.24595618247986,2390,100.0,100.0,100.0
48390,30.25115203857422,2390,100.0,100.0,100.0
48400,30.25612187385559,2390,100.0,100.0,100.0
48410,30.26239323616028,2390,100.0,100.0,100.0
48420,30.268362998962402,2390,100.0,100.0,100.0
48430,30.27389883995056,2390,100.0,100.0,100.0
48440,30.279841899871826,2390,100.0,100.0,100.0
48447,30.286715745925903,2390,100.0,100.0,100.0
48450,30.28786540031433,2390,100.0,100.0,100.0
48460,30.29503035545349,2390,100.0,100.0,100.0
48470,30.30079483985901,2390,100.0,100.0,100.0
48480,30.306734323501587,2390,100.0,100.0,100.0
48490,30.3131582736969,2390,100.0,100.0,100.0
48500,30.32049870491028,2390,100.0,100.0,100.0
48510,30.32703971862793,2390,100.0,100.0,100.0
48514,30.329212427139282,2390,100.0,100.0,100.0
48520,30.333046674728394,2390,100.0,100.0,100.0
48530,30.33909511566162,2390,100.0,100.0,100.0
48540,30.345603227615356,2390,100.0,100.0,100.0
48550,30.35159730911255,2390,100.0,100.0,100.0
48560,30.35853362083435,2390,100.0,100.0,100.0
48570,30.364585876464844,2390,100.0,100.0,100.0
48580,30.371197938919067,2390,100.0,100.0,100.0
48590,30.377241134643555,2390,100.0,100.0,100.0
48600,30.383482456207275,2390,100.0,100.0,100.0
48605,30.386261701583862,2390,100.0,100.0,100.0
48610,30.389026880264282,2390,100.0,100.0,100.0
48620,30.39226531982422,2390,100.0,100.0,100.0
48630,30.399020433425903,2390,100.0,100.0,100.0
48640,30.404420375823975,2390,100.0,100.0,100.0
48650,30.40867257118225,2390,100.0,100.0,100.0
48660,30.41437840461731,2390,100.0,100.0,100.0
48670,30.420757293701172,2390,100.0,100.0,100.0
48680,30.427846670150757,2390,100.0,100.0,100.0
48690,30.433417797088623,2390,100.0,100.0,100.0
48700,30.439988613128662,2390,100.0,100.0,100.0
48704,30.442110776901245,2390,100.0,100.0,100.0
48710,30.445652723312378,2390,100.0,100.0,100.0
48718,30.450509071350098,2390,100.0,100.0,100.0
48720,30.451985120773315,2390,100.0,100.0,100.0
48730,30.45717692375183,2390,100.0,100.0,100.0
48740,30.462461948394775,2390,100.0,100.0,100.0
48750,30.467710256576538,2390,100.0,100.0,100.0
48760,30.47402787208557,2390,100.0,100.0,100.0
48770,30.48139238357544,2390,100.0,100.0,100.0
48780,30.488758087158203,2390,100.0,100.0,100.0
48790,30.4946870803833,2390,100.0,100.0,100.0
48800,30.50172781944275,2390,100.0,100.0,100.0
48806,30.505017280578613,2390,100.0,100.0,100.0
48810,30.508671045303345,2390,100.0,100.0,100.0
48820,30.514673471450806,2390,100.0,100.0,100.0
48822,30.515976905822754,2390,100.0,100.0,100.0
48830,30.521329402923584,2390,100.0,100.0,100.0
48840,30.526163578033447,2390,100.0,100.0,100.0
48850,30.53359818458557,2390,100.0,100.0,100.0
48860,30.540287733078003,2390,100.0,100.0,100.0
48870,30.547462224960327,2390,100.0,100.0,100.0
48877,30.553491592407227,2390,100.0,100.0,100.0
48880,30.555331230163574,2390,100.0,100.0,100.0
48890,30.560549020767212,2390,100.0,100.0,100.0
48891,30.561043977737427,2390,100.0,100.0,100.0
48900,30.568055629730225,2390,100.0,100.0,100.0
48909,30.57407784461975,2390,100.0,100.0,100.0
48910,30.57453989982605,2390,100.0,100.0,100.0
48920,30.57900309562683,2390,100.0,100.0,100.0
48930,30.587921142578125,2390,100.0,100.0,100.0
48931,30.588459968566895,2390,100.0,100.0,100.0
48940,30.597288846969604,2390,100.0,100.0,100.0
48949,30.60228991508484,2390,100.0,100.0,100.0
48950,30.603269577026367,2390,100.0,100.0,100.0
48960,30.6107234954834,2390,100.0,100.0,100.0
48970,30.619946479797363,2390,100.0,100.0,100.0
48980,30.627721548080444,2390,100.0,100.0,100.0
48990,30.634343147277832,2390,100.0,100.0,100.0
49000,30.639715433120728,2390,100.0,100.0,100.0
49003,30.640877962112427,2390,100.0,100.0,100.0
49010,30.64729928970337,2390,100.0,100.0,100.0
49020,30.65415072441101,2390,100.0,100.0,100.0
49030,30.661917686462402,2390,100.0,100.0,100.0
49040,30.66853618621826,2390,100.0,100.0,100.0
49050,30.674490690231323,2390,100.0,100.0,100.0
49060,30.68043541908264,2390,100.0,100.0,100.0
49070,30.6886785030365,2390,100.0,100.0,100.0
49080,30.6947762966156,2390,100.0,100.0,100.0
49090,30.700670957565308,2390,100.0,100.0,100.0
49100,30.706865787506104,2390,100.0,100.0,100.0
49110,30.711934089660645,2390,100.0,100.0,100.0
49120,30.718656063079834,2390,100.0,100.0,100.0
49130,30.725414037704468,2390,100.0,100.0,100.0
49140,30.730642080307007,2390,100.0,100.0,100.0
49150,30.734381914138794,2390,100.0,100.0,100.0
49160,30.739180088043213,2390,100.0,100.0,100.0
49170,30.743583917617798,2390,100.0,100.0,100.0
49180,30.748883724212646,2390,100.0,100.0,100.0
49190,30.75350856781006,2390,100.0,100.0,100.0
49200,30.75936007499695,2390,100.0,100.0,100.0
49210,30.765568733215332,2390,100.0,100.0,100.0
49220,30.772801637649536,2390,100.0,100.0,100.0
49230,30.779099225997925,2390,100.0,100.0,100.0
49240,30.78455686569214,2390,100.0,100.0,100.0
49250,30.790154933929443,2390,100.0,100.0,100.0
49260,30.7962384223938,2390,100.0,100.0,100.0
49270,30.802000045776367,2390,100.0,100.0,100.0
49280,30.80932641029358,2390,100.0,100.0,100.0
49290,30.81603765487671,2390,100.0,100.0,100.0
49300,30.821359634399414,2390,100.0,100.0,100.0
49309,30.829262256622314,2390,100.0,100.0,100.0
49310,30.82962417602539,2390,100.0,100.0,100.0
49320,30.83638048171997,2390,100.0,100.0,100.0
49330,30.841751098632812,2390,100.0,100.0,100.0
49340,30.847970962524414,2390,100.0,100.0,100.0
49350,30.85381531715393,2390,100.0,100.0,100.0
49360,30.85975170135498,2390,100.0,100.0,100.0
49370,30.86533236503601,2390,100.0,100.0,100.0
49373,30.867121934890747,2390,100.0,100.0,100.0
49380,30.87051749229431,2390,100.0,100.0,100.0
49390,30.875870943069458,2390,100.0,100.0,100.0
49400,30.882065296173096,2390,100.0,100.0,100.0
49410,30.886388540267944,2390,100.0,100.0,100.0
49416,30.88920521736145,2390,100.0,100.0,100.0
49418,30.890653133392334,2390,100.0,100.0,100.0
49420,30.89202857017517,2390,100.0,100.0,100.0
49430,30.89799666404724,2390,100.0,100.0,100.0
49440,30.903096675872803,2390,100.0,100.0,100.0
49450,30.906060695648193,2390,100.0,100.0,100.0
49460,30.910563230514526,2390,100.0,100.0,100.0
49465,30.913022994995117,2390,100.0,100.0,100.0
49470,30.916088819503784,2390,100.0,100.0,100.0
49480,30.92075824737549,2390,100.0,100.0,100.0
49490,30.927689790725708,2390,100.0,100.0,100.0
49497,30.932742834091187,2390,100.0,100.0,100.0
49500,30.93486523628235,2390,100.0,100.0,100.0
49510,30.939412832260132,2390,100.0,100.0,100.0
49520,30.946844577789307,2390,100.0,100.0,100.0
49530,30.954344511032104,2390,100.0,100.0,100.0
49531,30.954761028289795,2390,100.0,100.0,100.0
49540,30.959959506988525,2390,100.0,100.0,100.0
49550,30.966260194778442,2390,100.0,100.0,100.0
49559,30.969430208206177,2390,100.0,100.0,100.0
49560,30.969801664352417,2390,100.0,100.0,100.0
49570,30.974165678024292,2390,100.0,100.0,100.0
49580,30.98175072669983,2390,100.0,100.0,100.0
49590,30.988751888275146,2390,100.0,100.0,100.0
49600,30.997994661331177,2390,100.0,100.0,100.0
49608,31.001653909683228,2390,100.0,100.0,100.0
49610,31.00324320793152,2390,100.0,100.0,100.0
49620,31.009416341781616,2390,100.0,100.0,100.0
49630,31.0144681930542,2390,100.0,100.0,100.0
49640,31.018664360046387,2390,100.0,100.0,100.0
49650,31.022560834884644,2390,100.0,100.0,100.0
49660,31.02851414680481,2390,100.0,100.0,100.0
49670,31.035399436950684,2390,100.0,100.0,100.0
49680,31.04126787185669,2390,100.0,100.0,100.0
49689,31.04450273513794,2390,100.0,100.0,100.0
49690,31.04474949836731,2390,100.0,100.0,100.0
49700,31.052077531814575,2390,100.0,100.0,100.0
49710,31.05893898010254,2390,100.0,100.0,100.0
49720,31.065266609191895,2390,100.0,100.0,100.0
49730,31.07140588760376,2390,100.0,100.0,100.0
49740,31.078327655792236,2390,100.0,100.0,100.0
49750,31.083436489105225,2390,100.0,100.0,100.0
49760,31.08962345123291,2390,100.0,100.0,100.0
49770,31.096367597579956,2390,100.0,100.0,100.0
49780,31.102203130722046,2390,100.0,100.0,100.0
49790,31.10691809654236,2390,100.0,100.0,100.0
49793,31.107876539230347,2390,100.0,100.0,100.0
49800,31.112085342407227,2390,100.0,100.0,100.0
49810,31.116790533065796,2390,100.0,100.0,100.0
49820,31.123860836029053,2390,100.0,100.0,100.0
49830,31.130052089691162,2390,100.0,100.0,100.0
49840,31.13548493385315,2390,100.0,100.0,100.0
49850,31.142266035079956,2390,100.0,100.0,100.0
49860,31.147897005081177,2390,100.0,100.0,100.0
49870,31.153684377670288,2390,100.0,100.0,100.0
49880,31.15860390663147,2390,100.0,100.0,100.0
49890,31.16399335861206,2390,100.0,100.0,100.0
49891,31.164395332336426,2390,100.0,100.0,100.0
49900,31.17035150527954,2390,100.0,100.0,100.0
49910,31.174813508987427,2390,100.0,100.0,100.0
49920,31.180380821228027,2390,100.0,100.0,100.0
49930,31.185811519622803,2390,100.0,100.0,100.0
49940,31.191660165786743,2390,100.0,100.0,100.0
49947,31.19429898262024,2390,100.0,100.0,100.0
49950,31.195905923843384,2390,100.0,100.0,100.0
49960,31.20083212852478,2390,100.0,100.0,100.0
49970,31.207040071487427,2390,100.0,100.0,100.0
49980,31.211496591567993,2390,100.0,100.0,100.0
49990,31.21593713760376,2390,100.0,100.0,100.0
50000,31.221500635147095,2390,100.0,100.0,100.0
