7412
1 8 28 641
1 15 58 44
1 22 43 39
1 62 13 244
1 76 19 47
1 88 55 429
1 126 23 410
1 141 46 57
1 143 35 72
1 148 16 415
1 153 31 327
1 155 10 91
1 178 37 445
1 186 49 521
1 195 41 353
2 24 31 518
2 30 7 2
2 33 11 638
2 41 25 538
2 55 3 403
2 72 13 344
2 94 19 31
2 99 16 649
2 120 43 12
2 123 47 564
2 149 59 82
2 155 35 524
2 168 49 81
2 179 40 18
2 194 29 224
3 14 55 481
3 52 3 633
3 57 1 354
3 63 7 162
3 69 49 233
3 87 23 65
3 98 13 60
3 104 43 476
3 128 53 166
3 129 26 131
3 141 37 459
3 152 58 51
3 187 17 209
3 189 31 477
3 191 41 420
4 3 31 32
4 78 51 469
4 83 29 66
4 105 13 578
4 118 59 104
4 130 26 57
4 133 5 269
4 142 1 589
4 159 43 626
4 160 16 287
4 162 10 555
4 174 7 157
4 178 35 170
4 182 47 367
4 192 37 648
5 39 41 295
5 48 43 209
5 70 13 445
5 75 16 716
5 84 52 642
5 97 10 243
5 107 35 267
5 112 37 308
5 115 1 712
5 118 56 487
5 140 23 573
5 160 47 129
5 186 19 376
5 189 31 334
5 192 25 741
6 13 43 680
6 30 7 709
6 46 17 667
6 49 55 691
6 70 31 628
6 77 19 541
6 85 4 160
6 91 34 550
6 97 49 455
6 100 37 489
6 119 27 513
6 132 14 320
6 134 25 626
6 197 58 136
6 198 11 331
7 3 40 730
7 27 56 417
7 31 13 539
7 38 35 741
7 49 1 691
7 82 53 681
7 101 43 686
7 112 31 308
7 121 4 189
7 136 25 103
7 151 23 571
7 160 17 362
7 161 47 721
7 181 49 681
7 187 11 102
8 5 39 445
8 19 4 737
8 25 55 195
8 29 11 525
8 43 16 350
8 45 50 526
8 60 19 740
8 64 25 722
8 67 43 372
8 91 34 53
8 102 47 648
8 147 1 54
8 151 59 746
8 164 7 485
9 10 43 345
9 17 1 412
9 25 39 400
9 27 49 268
9 35 59 339
9 38 25 195
9 96 7 528
9 104 19 13
9 115 27 108
9 128 31 689
9 150 10 621
9 167 53 53
9 183 3 5
9 192 55 209
9 199 13 90
10 12 28 136
10 30 37 2
10 46 10 343
10 54 31 47
10 76 57 314
10 87 47 56
10 103 19 455
10 123 49 419
10 125 44 367
10 128 23 733
10 129 14 107
10 139 7 377
10 174 2 157
10 192 51 129
10 198 35 705
11 12 14 727
11 20 31 736
11 67 38 707
11 126 25 400
11 133 23 269
11 147 7 621
11 151 59 221
11 154 44 167
11 160 17 381
11 161 52 126
11 164 19 115
11 168 2 195
11 172 33 90
11 187 41 268
11 194 5 300
12 18 19 2
12 22 4 39
12 32 23 210
12 33 49 221
12 60 13 593
12 71 1 97
12 97 25 256
12 109 28 681
12 115 43 712
12 149 7 82
12 153 40 667
12 164 9 617
12 185 16 473
12 186 31 105
12 195 52 8
13 16 14 4
13 33 41 501
13 48 9 287
13 58 25 269
13 67 19 275
13 95 47 100
13 97 4 166
13 102 53 294
13 107 7 541
13 109 22 432
13 135 29 143
13 144 1 499
13 178 35 389
13 181 31 681
13 183 16 714
14 2 13 111
14 29 29 374
14 57 23 145
14 70 43 493
14 76 37 575
14 97 58 166
14 98 19 491
14 129 31 314
14 153 46 20
14 174 49 373
14 177 16 154
14 178 4 575
14 179 52 459
14 187 35 429
14 199 10 558
15 22 1 267
15 45 37 256
15 47 7 670
15 74 4 679
15 103 43 717
15 108 17 399
15 111 55 352
15 135 23 240
15 140 11 254
15 150 29 144
15 167 13 86
15 168 52 200
15 183 25 711
15 190 19 606
15 191 47 326
16 1 1 745
16 3 31 501
16 13 55 530
16 24 19 531
16 26 34 687
16 36 49 620
16 80 40 447
16 97 16 166
16 144 25 28
16 147 37 348
16 170 43 399
16 181 7 493
16 197 46 162
16 200 59 574
17 15 31 590
17 25 7 41
17 26 19 172
17 27 39 119
17 37 23 555
17 43 55 350
17 44 49 439
17 81 1 271
17 93 47 88
17 130 52 552
17 134 25 627
17 146 14 637
17 150 11 434
17 156 35 721
17 195 45 633
18 11 59 544
18 33 23 221
18 40 1 540
18 45 55 85
18 87 35 686
18 117 46 526
18 118 5 90
18 129 51 555
18 144 28 28
18 145 31 212
18 154 13 560
18 176 37 274
18 179 10 357
18 181 19 132
18 185 49 646
19 8 22 474
19 19 16 65
19 24 31 409
19 53 25 550
19 60 52 638
19 69 7 509
19 101 55 447
19 126 29 145
19 142 1 679
19 165 4 101
19 166 19 695
19 181 37 32
19 188 45 123
20 56 10 433
20 58 49 537
20 64 19 276
20 74 4 343
20 76 13 484
20 107 41 541
20 116 58 39
20 121 23 27
20 130 55 460
20 134 1 623
20 137 35 478
20 141 31 266
20 158 29 387
20 176 43 537
20 199 25 481
21 4 49 381
21 20 59 159
21 26 19 287
21 42 11 680
21 62 55 647
21 65 9 736
21 89 37 564
21 94 32 323
21 106 1 75
21 109 13 432
21 125 43 233
21 127 5 659
21 140 47 563
21 156 53 27
21 183 29 731
22 18 55 2
22 22 40 410
22 42 23 550
22 43 52 16
22 53 25 339
22 55 31 741
22 58 7 331
22 64 3 508
22 76 44 47
22 81 19 559
22 122 38 447
22 147 49 20
22 151 35 571
22 194 1 224
22 198 15 331
23 12 55 51
23 16 4 469
23 18 45 137
23 19 13 65
23 49 16 9
23 55 7 717
23 62 43 244
23 63 28 165
23 73 49 2
23 89 19 492
23 122 41 522
23 144 58 28
23 164 31 668
23 192 37 617
23 200 11 97
24 12 34 711
24 60 20 638
24 74 31 679
24 78 1 339
24 110 49 326
24 116 38 51
24 122 45 723
24 126 5 183
24 146 25 148
24 158 53 195
24 159 13 711
24 179 58 229
24 183 43 722
24 191 17 674
24 200 11 131
25 2 41 111
25 7 5 337
25 13 7 513
25 22 46 668
25 29 49 411
25 42 17 550
25 50 33 311
25 64 13 37
25 72 11 18
25 98 28 523
25 136 55 103
25 140 37 294
25 146 1 637
25 163 52 68
25 170 25 537
26 1 27 281
26 3 34 695
26 17 41 308
26 25 21 510
26 28 16 311
26 29 31 733
26 30 49 383
26 86 37 473
26 106 1 89
26 137 47 228
26 143 11 350
26 147 58 5
26 161 3 126
26 194 7 167
26 195 25 8
27 7 13 337
27 10 49 580
27 22 1 374
27 42 55 5
27 65 47 338
27 74 15 343
27 129 7 127
27 130 40 92
27 140 59 683
27 148 28 172
27 156 25 344
27 157 37 563
27 167 23 513
27 170 4 506
27 173 19 233
28 8 31 474
28 12 9 229
28 19 16 227
28 22 37 374
28 26 34 300
28 53 21 35
28 64 44 276
28 91 40 266
28 120 25 87
28 145 49 111
28 163 13 454
28 183 29 714
28 188 1 739
28 196 55 218
29 1 43 68
29 48 49 285
29 57 11 606
29 59 19 343
29 68 22 632
29 78 16 577
29 101 58 412
29 140 53 528
29 152 13 348
29 153 31 20
29 154 1 707
29 160 5 335
29 171 47 439
29 195 35 353
29 197 40 632
30 4 13 66
30 12 22 136
30 15 7 201
30 19 10 389
30 32 35 410
30 36 55 381
30 45 31 296
30 83 19 537
30 84 59 386
30 88 46 253
30 104 26 609
30 144 49 131
30 146 38 637
30 153 4 327
30 163 52 714
31 4 7 632
31 13 25 595
31 16 29 580
31 25 57 717
31 28 43 132
31 65 23 346
31 74 10 679
31 102 5 29
31 104 37 653
31 110 13 183
31 116 31 460
31 141 49 473
31 159 52 439
31 160 1 362
31 185 55 668
32 6 38 419
32 9 49 140
32 27 7 177
32 45 25 296
32 46 53 117
32 56 47 528
32 71 4 215
32 72 13 339
32 77 55 523
32 83 11 85
32 103 33 736
32 121 59 607
32 137 22 398
32 180 1 727
32 193 43 6
33 24 55 339
33 63 27 340
33 79 46 233
33 91 43 515
33 120 50 524
33 124 31 546
33 126 5 145
33 140 41 491
33 164 37 668
33 174 19 208
33 181 14 132
33 186 1 154
33 196 7 270
33 200 23 95
34 6 33 385
34 24 20 5
34 27 45 95
34 47 26 716
34 48 39 398
34 64 7 655
34 78 4 294
34 85 55 44
34 87 37 556
34 139 58 18
34 140 43 574
34 141 49 223
34 161 31 126
34 179 16 357
34 193 13 6
35 17 35 308
35 22 43 81
35 24 38 531
35 31 31 612
35 60 51 729
35 74 13 105
35 80 55 465
35 81 25 434
35 115 7 374
35 135 11 678
35 144 46 499
35 145 2 345
35 152 58 367
35 157 19 486
35 165 16 101
36 6 25 660
36 37 3 216
36 61 19 478
36 78 7 243
36 85 10 519
36 89 43 573
36 113 58 249
36 119 31 116
36 139 51 344
36 143 41 104
36 154 37 29
36 176 55 35
36 192 13 556
37 18 1 573
37 27 13 417
37 28 53 311
37 45 49 296
37 48 37 433
37 86 31 473
37 94 43 388
37 126 17 410
37 131 19 571
37 157 57 486
37 175 10 630
37 189 26 267
37 194 7 32
37 200 5 131
38 14 10 484
38 30 51 181
38 40 25 7
38 49 16 465
38 59 22 435
38 61 37 729
38 71 55 595
38 98 7 116
38 116 19 460
38 118 47 104
38 124 1 663
38 158 29 65
38 166 13 519
38 179 34 18
38 180 58 675
39 14 52 435
39 31 58 187
39 42 23 32
39 60 37 526
39 61 25 444
39 83 47 612
39 86 43 497
39 103 49 736
39 108 17 724
39 116 13 582
39 118 7 90
39 153 34 327
39 159 4 626
39 160 55 287
39 192 9 648
40 2 49 612
40 5 1 433
40 19 25 702
40 20 47 320
40 30 56 266
40 36 51 113
40 37 7 216
40 39 5 750
40 49 44 691
40 122 35 522
40 124 37 724
40 133 41 340
40 153 22 667
40 164 31 485
40 165 28 115
41 1 1 323
41 14 22 745
41 23 13 362
41 38 11 87
41 52 49 525
41 55 25 373
41 56 55 528
41 93 59 719
41 104 37 607
41 107 35 126
41 129 31 127
41 152 7 627
41 165 19 18
41 170 46 537
41 184 43 140
42 18 37 573
42 22 20 267
42 52 25 521
42 65 53 338
42 98 1 308
42 118 7 326
42 121 15 552
42 136 44 103
42 149 17 300
42 165 10 95
42 173 49 731
42 188 31 346
42 197 55 632
42 199 58 143
43 12 28 137
43 22 45 465
43 44 40 311
43 53 31 593
43 54 13 144
43 62 5 530
43 90 55 750
43 91 50 53
43 106 53 276
43 123 17 564
43 172 19 90
43 181 1 266
43 193 7 389
43 199 10 267
44 11 1 256
44 25 50 717
44 46 59 667
44 80 40 649
44 94 19 220
44 122 11 522
44 135 3 140
44 137 23 266
44 143 47 211
44 153 13 281
44 158 25 230
44 163 37 404
44 178 55 445
44 190 31 152
44 200 7 628
45 3 45 730
45 15 49 686
45 28 16 497
45 31 13 668
45 43 37 350
45 51 32 95
45 95 41 408
45 116 19 250
45 120 55 683
45 123 29 564
45 133 23 340
45 139 25 658
45 149 52 51
45 171 35 152
45 174 1 155
46 17 41 97
46 25 1 400
46 26 55 326
46 29 17 579
46 46 19 117
46 67 43 732
46 87 47 513
46 112 49 132
46 113 38 576
46 114 25 746
46 132 31 223
46 137 35 69
46 152 7 67
46 166 10 695
46 183 5 722
47 2 47 111
47 25 13 575
47 29 17 374
47 36 25 439
47 39 41 617
47 53 49 117
47 58 37 104
47 70 31 450
47 85 43 160
47 89 19 675
47 90 1 750
47 138 34 98
47 159 55 327
47 160 5 287
47 173 7 181
48 24 19 415
48 30 25 383
48 36 43 381
48 46 23 335
48 63 10 69
48 76 1 47
48 99 31 469
48 117 34 472
48 144 37 452
48 145 14 530
48 147 52 54
48 154 55 657
49 3 44 32
49 19 55 730
49 31 52 187
49 38 59 731
49 115 19 374
49 125 25 352
49 134 28 627
49 136 1 92
49 138 16 98
49 141 40 695
49 171 50 576
49 178 47 489
49 183 11 714
49 191 13 627
49 192 7 72
50 44 15 726
50 50 19 387
50 52 25 370
50 58 55 537
50 64 1 655
50 87 41 383
50 106 29 276
50 107 53 415
50 108 13 399
50 110 43 478
50 116 7 686
50 156 35 344
50 175 10 308
50 184 37 67
50 188 49 590
51 13 19 595
51 14 7 75
51 50 57 742
51 52 3 516
51 63 10 477
51 64 49 37
51 80 55 742
51 96 13 747
51 113 43 162
51 126 1 337
51 133 25 340
51 141 34 411
51 157 37 172
51 161 23 687
51 191 17 559
52 14 16 75
52 19 10 39
52 22 40 444
52 32 22 189
52 39 29 516
52 55 25 607
52 70 7 208
52 80 49 577
52 88 37 429
52 101 51 158
52 111 13 248
52 113 1 51
52 186 43 41
52 198 5 331
52 199 58 161
53 9 34 670
53 22 52 509
53 31 49 714
53 36 3 412
53 46 41 506
53 56 38 623
53 68 47 102
53 73 55 450
53 74 7 518
53 78 25 115
53 102 31 294
53 140 23 154
53 149 43 300
53 159 28 702
53 183 1 5
54 6 31 419
54 7 11 372
54 12 16 468
54 24 19 738
54 53 43 340
54 66 49 164
54 74 37 343
54 79 8 434
54 134 3 623
54 148 55 627
54 179 40 492
54 189 25 632
54 194 13 419
54 197 58 100
55 29 57 75
55 32 40 224
55 33 10 634
55 62 35 244
55 65 49 346
55 83 47 66
55 94 14 554
55 102 51 468
55 113 7 51
55 124 2 115
55 126 53 183
55 159 37 387
55 163 31 564
55 177 28 638
55 193 19 6
56 2 37 686
56 18 13 409
56 45 7 526
56 56 45 250
56 64 1 37
56 71 40 746
56 75 49 460
56 93 17 719
56 97 21 166
56 99 28 618
56 133 52 407
56 148 55 637
56 149 19 82
56 159 25 47
56 165 34 95
57 2 47 209
57 6 25 674
57 18 49 573
57 30 19 65
57 38 29 741
57 82 17 466
57 85 34 160
57 93 57 733
57 121 55 181
57 132 37 518
57 154 13 167
57 155 41 91
57 179 4 459
57 180 1 742
57 186 8 567
58 14 7 481
58 25 31 187
58 44 46 6
58 46 35 88
58 63 10 424
58 78 4 621
58 105 19 372
58 117 22 80
58 124 13 115
58 134 59 13
58 158 53 65
58 165 25 417
58 171 1 152
58 179 37 717
58 188 49 340
59 1 25 284
59 7 7 712
59 38 40 8
59 41 43 237
59 62 47 433
59 71 4 144
59 77 19 453
59 82 55 474
59 84 1 386
59 91 37 377
59 99 52 558
59 116 34 339
59 183 14 722
59 185 29 471
59 193 10 476
60 1 25 37
60 14 37 75
60 27 55 618
60 39 59 617
60 73 31 37
60 80 23 649
60 90 49 128
60 92 8 471
60 102 53 578
60 103 40 354
60 121 19 189
60 130 13 279
60 144 43 452
60 145 1 541
60 155 17 488
61 3 25 638
61 9 28 287
61 25 13 195
61 36 43 439
61 41 55 511
61 50 22 204
61 60 37 642
61 72 17 556
61 103 19 717
61 125 10 647
61 135 8 240
61 170 40 555
61 171 5 567
61 188 51 123
61 193 2 476
62 20 5 523
62 39 17 182
62 45 25 524
62 65 15 736
62 79 31 213
62 89 43 161
62 95 41 516
62 104 19 360
62 105 1 473
62 110 37 580
62 135 7 678
62 136 9 92
62 141 51 411
62 147 55 129
62 193 34 450
63 11 59 296
63 17 53 412
63 30 55 348
63 32 19 210
63 34 3 116
63 46 5 154
63 80 23 473
63 122 7 86
63 126 1 726
63 136 43 92
63 145 37 541
63 147 25 54
63 151 10 221
63 173 49 691
63 197 13 497
64 16 25 4
64 19 4 155
64 21 7 152
64 42 11 659
64 65 53 434
64 99 28 612
64 103 13 455
64 108 39 399
64 113 22 641
64 137 46 634
64 152 1 581
64 182 59 721
64 188 31 389
64 198 43 95
64 200 17 131
65 17 17 211
65 21 31 522
65 26 20 687
65 39 59 619
65 63 13 300
65 75 10 75
65 83 29 403
65 88 49 553
65 103 1 201
65 126 53 468
65 134 46 626
65 142 37 78
65 145 25 541
65 175 4 308
65 196 55 168
66 1 37 539
66 9 28 161
66 14 19 724
66 22 22 444
66 44 55 556
66 58 2 539
66 92 49 648
66 95 59 116
66 107 15 126
66 126 26 337
66 139 46 750
66 149 33 275
66 167 43 435
66 175 7 361
66 176 10 230
67 10 45 580
67 12 55 157
67 16 5 4
67 17 23 308
67 31 58 714
67 43 49 424
67 57 43 187
67 64 25 508
67 100 37 733
67 111 7 77
67 115 31 467
67 122 10 723
67 147 19 469
67 172 1 716
67 181 14 266
68 20 11 159
68 25 31 575
68 38 43 31
68 43 49 350
68 83 35 538
68 101 37 215
68 107 41 267
68 110 27 183
68 111 4 658
68 121 17 552
68 128 19 166
68 158 23 326
68 175 13 606
68 193 56 389
68 200 53 739
69 12 58 727
69 13 37 680
69 32 21 145
69 38 47 683
69 54 14 217
69 63 55 675
69 69 25 509
69 83 23 612
69 84 1 642
69 102 31 161
69 108 5 730
69 136 43 159
69 155 29 4
69 175 7 630
69 183 3 711
70 7 53 649
70 38 5 683
70 45 19 526
70 82 17 270
70 99 49 300
70 110 57 86
70 114 34 58
70 121 29 189
70 137 37 398
70 162 31 159
70 170 7 467
70 177 13 101
70 188 25 346
70 196 43 218
70 197 39 162
71 9 19 732
71 23 37 362
71 24 13 5
71 41 55 171
71 56 1 357
71 58 49 237
71 71 7 142
71 101 4 267
71 124 44 115
71 137 25 266
71 139 28 216
71 176 10 478
71 177 31 13
71 178 53 560
71 183 17 711
72 6 7 320
72 7 27 95
72 10 55 13
72 18 49 137
72 24 37 53
72 26 4 670
72 44 16 588
72 59 1 343
72 61 19 458
72 82 23 127
72 96 46 553
72 109 33 432
72 134 53 164
72 142 13 413
72 167 25 513
73 19 13 410
73 26 1 477
73 32 39 189
73 42 17 623
73 58 7 537
73 60 46 623
73 85 58 210
73 91 55 254
73 101 32 72
73 104 19 162
73 129 25 314
73 144 49 28
73 151 23 57
73 200 5 574
74 9 19 670
74 12 44 157
74 13 1 680
74 46 17 506
74 58 50 104
74 81 31 238
74 94 7 49
74 106 5 505
74 110 13 493
74 114 22 579
74 128 41 50
74 136 37 159
74 196 25 168
74 200 57 574
75 11 29 77
75 36 37 59
75 44 55 588
75 54 49 327
75 55 25 403
75 79 19 662
75 96 31 646
75 101 22 158
75 115 43 374
75 122 53 723
75 134 16 164
75 141 13 459
75 154 7 740
75 162 1 489
75 174 4 487
76 2 53 132
76 10 49 166
76 29 23 13
76 49 7 173
76 60 13 228
76 61 1 723
76 75 10 403
76 81 25 77
76 86 39 546
76 103 46 455
76 166 43 729
76 169 19 734
76 184 31 228
76 185 35 471
76 196 55 734
77 13 49 579
77 18 37 634
77 29 41 733
77 36 1 439
77 46 53 88
77 51 59 158
77 85 32 337
77 112 25 362
77 118 35 326
77 129 7 445
77 145 55 628
77 148 46 224
77 163 13 707
77 165 43 417
77 191 5 714
78 8 16 60
78 15 37 155
78 60 58 638
78 62 53 333
78 76 7 488
78 91 13 679
78 153 25 631
78 157 50 352
78 172 46 607
78 175 34 41
78 180 40 60
78 181 20 493
78 184 55 60
78 188 1 340
78 200 29 346
79 12 25 157
79 25 45 195
79 34 17 450
79 36 33 439
79 51 11 158
79 61 55 669
79 70 40 582
79 86 1 379
79 88 22 260
79 125 19 367
79 129 7 10
79 166 14 695
79 187 59 523
79 189 51 689
79 191 43 4
80 12 45 727
80 34 5 450
80 61 50 501
80 67 13 275
80 80 28 577
80 81 31 78
80 93 35 35
80 101 55 686
80 104 1 674
80 105 25 578
80 107 7 126
80 122 43 723
80 138 16 208
80 172 20 223
80 176 10 411
81 39 41 619
81 43 25 350
81 46 23 400
81 57 35 606
81 67 55 95
81 90 49 136
81 91 31 623
81 128 28 626
81 161 5 72
81 172 43 716
81 173 13 641
81 191 11 213
81 194 53 32
81 196 37 270
81 199 20 143
82 17 53 515
82 23 45 377
82 34 17 660
82 55 3 628
82 76 9 227
82 85 58 662
82 93 43 148
82 99 28 132
82 143 19 104
82 155 15 35
82 161 7 687
82 165 37 223
82 167 31 137
82 176 25 35
82 187 35 630
83 22 40 465
83 48 1 287
83 53 56 554
83 77 31 396
83 96 37 528
83 99 10 589
83 104 25 411
83 115 43 550
83 121 5 485
83 123 7 419
83 138 14 509
83 186 50 498
83 187 23 243
83 200 20 131
84 7 47 218
84 15 34 590
84 23 37 601
84 32 17 171
84 87 53 383
84 94 55 31
84 107 41 415
84 123 27 248
84 139 43 18
84 144 13 336
84 157 1 588
84 164 21 721
84 181 7 681
84 191 19 420
84 194 5 419
85 25 37 478
85 43 25 580
85 50 22 200
85 63 13 162
85 75 31 53
85 80 19 516
85 83 17 121
85 88 1 553
85 100 56 338
85 127 29 383
85 129 43 555
85 155 52 75
85 159 10 626
85 161 41 126
85 168 4 89
86 6 13 97
86 17 17 26
86 30 49 227
86 38 11 727
86 60 25 526
86 64 56 508
86 71 37 674
86 86 7 130
86 94 31 505
86 105 28 578
86 112 43 658
86 114 1 324
86 140 41 528
86 182 5 266
86 190 21 26
87 11 28 249
87 23 13 157
87 29 11 733
87 52 31 420
87 115 37 538
87 131 49 458
87 149 25 450
87 164 7 721
87 173 1 538
87 175 58 627
87 180 20 285
87 194 17 32
87 195 46 468
87 199 43 8
88 21 49 143
88 26 10 137
88 27 31 370
88 45 37 269
88 49 16 173
88 54 55 59
88 58 43 331
88 85 1 160
88 113 13 491
88 115 19 550
88 123 23 92
88 134 47 164
88 153 25 667
88 162 4 738
88 197 28 613
89 12 52 707
89 26 49 655
89 47 25 142
89 65 29 579
89 80 7 447
89 88 22 253
89 99 16 528
89 100 43 489
89 107 20 126
89 131 1 559
89 161 11 373
89 164 31 27
89 174 37 487
89 179 13 647
89 198 35 2
90 35 13 563
90 40 4 742
90 51 29 95
90 69 43 509
90 73 56 698
90 98 19 519
90 120 49 98
90 130 25 91
90 150 1 203
90 151 11 746
90 171 22 439
90 175 32 521
90 184 7 609
90 186 37 216
90 191 17 142
91 10 37 345
91 33 41 499
91 35 35 157
91 92 55 471
91 103 46 717
91 108 59 724
91 132 7 223
91 139 27 344
91 148 43 531
91 157 31 486
91 158 53 740
91 164 20 485
91 186 15 498
91 189 49 581
91 193 1 6
92 11 19 249
92 26 37 287
92 35 29 339
92 53 55 295
92 58 1 537
92 79 10 711
92 105 7 578
92 119 31 452
92 128 41 433
92 136 13 403
92 143 47 485
92 185 35 187
92 188 21 616
92 190 43 51
92 196 49 270
93 5 25 531
93 22 20 81
93 39 4 498
93 44 1 311
93 52 31 525
93 61 13 601
93 105 10 741
93 128 47 68
93 143 35 211
93 169 7 88
93 172 55 228
93 182 29 408
93 183 17 722
93 185 41 646
93 189 37 688
94 4 31 144
94 20 17 115
94 43 19 497
94 49 13 119
94 60 28 228
94 95 11 539
94 100 7 633
94 110 56 66
94 111 22 658
94 122 5 723
94 146 43 744
94 149 53 82
94 151 41 707
94 162 25 649
94 189 37 560
95 20 47 77
95 31 49 187
95 70 58 445
95 84 7 386
95 85 1 444
95 114 40 320
95 119 31 740
95 127 56 659
95 151 23 518
95 168 27 195
95 171 35 576
95 174 10 157
95 182 52 229
95 183 17 590
95 187 4 618
96 17 27 515
96 33 7 501
96 37 59 80
96 45 55 420
96 55 9 607
96 71 19 601
96 98 37 519
96 126 35 183
96 127 41 595
96 146 1 580
96 153 49 667
96 159 45 148
96 167 25 474
96 183 13 269
96 199 52 493
97 17 23 477
97 25 25 575
97 35 5 444
97 53 19 417
97 55 37 373
97 73 7 131
97 82 53 180
97 112 49 595
97 124 31 429
97 135 17 243
97 147 13 88
97 181 1 78
97 186 55 612
97 192 43 419
98 3 16 558
98 9 13 221
98 14 52 653
98 23 3 362
98 32 22 553
98 52 37 352
98 61 25 353
98 74 7 105
98 95 59 516
98 98 31 523
98 120 55 646
98 167 10 474
98 175 19 521
98 176 34 513
98 198 29 2
99 4 31 632
99 12 9 468
99 31 58 12
99 33 29 501
99 45 15 111
99 67 52 389
99 84 7 642
99 97 3 256
99 112 25 680
99 131 19 698
99 134 1 626
99 142 43 268
99 160 23 381
99 194 34 32
99 198 13 331
100 10 37 165
100 12 16 707
100 14 22 653
100 47 31 576
100 51 35 452
100 77 7 58
100 97 13 166
100 123 49 530
100 173 55 731
100 175 52 189
100 176 1 513
100 184 28 41
100 196 43 637
101 4 37 66
101 23 51 617
101 30 31 383
101 51 29 648
101 55 43 659
101 82 35 270
101 88 40 429
101 104 19 89
101 118 59 476
101 142 13 271
101 150 17 662
101 162 4 662
101 183 1 714
101 186 7 498
101 187 23 353
102 5 1 211
102 35 59 142
102 44 25 67
102 70 10 628
102 71 7 180
102 72 5 18
102 73 49 385
102 81 38 559
102 138 43 607
102 141 46 411
102 157 33 294
102 179 55 740
102 192 19 556
102 196 13 749
103 20 29 159
103 64 55 655
103 80 5 67
103 81 38 103
103 85 49 574
103 90 43 336
103 116 52 39
103 125 19 294
103 141 13 314
103 147 31 5
103 152 26 367
103 157 7 574
103 168 10 81
103 171 59 152
103 188 1 346
104 52 49 633
104 54 31 244
104 89 13 44
104 91 28 210
104 96 25 646
104 121 17 31
104 128 11 689
104 135 3 240
104 137 35 228
104 149 53 314
104 150 23 336
104 173 7 233
104 186 45 498
104 191 39 553
104 196 56 270
105 9 31 670
105 21 43 554
105 45 14 526
105 54 25 144
105 61 37 501
105 62 1 244
105 67 49 613
105 76 19 279
105 114 52 746
105 115 7 117
105 165 58 223
105 167 5 474
105 172 34 182
105 200 29 6
106 28 31 311
106 35 25 747
106 43 13 580
106 44 58 556
106 91 1 575
106 94 19 49
106 103 16 717
106 123 49 564
106 131 37 571
106 132 7 47
106 138 51 741
106 157 4 588
106 161 23 357
106 189 27 311
106 198 11 710
107 13 15 513
107 21 31 102
107 27 25 501
107 53 43 35
107 81 7 70
107 82 53 278
107 86 55 130
107 109 4 432
107 119 49 619
107 133 59 269
107 135 35 140
107 140 29 58
107 152 1 348
107 170 37 537
107 189 20 560
108 4 10 50
108 23 3 601
108 53 51 97
108 57 7 295
108 62 49 244
108 79 14 662
108 84 33 642
108 89 25 564
108 101 19 686
108 122 44 86
108 127 31 90
108 135 23 678
108 167 46 474
108 168 55 200
108 198 1 117
109 3 22 558
109 10 8 66
109 23 37 296
109 31 16 278
109 57 5 187
109 61 57 489
109 63 34 121
109 71 44 144
109 104 50 13
109 118 1 666
109 138 13 98
109 147 31 154
109 148 19 739
109 151 28 746
109 191 41 742
110 7 3 337
110 32 17 137
110 44 22 227
110 62 7 244
110 81 43 70
110 89 31 180
110 90 39 476
110 118 5 476
110 122 47 113
110 145 13 541
110 150 35 750
110 159 19 412
110 180 52 446
110 191 27 4
110 194 29 167
111 13 13 579
111 26 19 148
111 30 39 102
111 52 7 653
111 62 23 244
111 66 2 164
111 72 49 344
111 82 53 270
111 86 25 473
111 95 31 439
111 109 33 217
111 119 56 276
111 179 46 459
111 187 29 209
111 194 17 224
112 27 49 417
112 35 29 747
112 39 53 127
112 42 47 659
112 51 19 354
112 52 1 420
112 77 7 85
112 78 55 230
112 122 21 626
112 133 13 340
112 169 16 612
112 177 40 154
112 184 34 377
112 187 59 353
112 193 25 476
113 9 25 97
113 51 41 56
113 61 50 489
113 70 22 208
113 95 3 331
113 98 31 4
113 100 7 13
113 107 43 541
113 136 13 444
113 138 34 523
113 140 11 573
113 156 29 498
113 180 19 681
113 182 37 275
113 191 5 103
114 6 49 674
114 29 41 389
114 60 31 274
114 62 58 101
114 80 11 268
114 82 29 278
114 86 13 567
114 94 1 49
114 98 22 116
114 124 7 115
114 133 17 407
114 140 35 528
114 175 19 242
114 196 25 734
114 200 47 555
115 2 59 111
115 25 55 575
115 28 35 497
115 31 19 578
115 48 25 27
115 56 41 732
115 78 16 469
115 98 50 362
115 111 37 254
115 122 29 522
115 147 10 5
115 151 4 57
115 178 1 215
115 181 44 65
115 198 23 331
116 6 49 660
116 12 25 707
116 13 19 488
116 20 11 335
116 26 34 655
116 47 13 569
116 73 37 353
116 74 3 518
116 81 55 372
116 114 7 367
116 123 1 530
116 124 43 429
116 153 28 667
116 185 47 473
116 200 17 97
117 13 49 142
117 27 13 295
117 57 7 606
117 62 47 208
117 71 43 746
117 73 55 131
117 89 25 525
117 94 9 31
117 109 4 348
117 117 38 472
117 120 33 618
117 147 20 50
117 167 17 518
117 174 1 487
118 25 25 478
118 65 23 338
118 68 37 102
118 71 10 279
118 80 21 67
118 88 13 429
118 89 1 564
118 107 55 126
118 115 50 683
118 155 19 616
118 159 39 626
118 170 7 454
118 174 43 155
118 176 58 335
118 187 17 695
119 2 29 111
119 14 46 481
119 19 21 155
119 31 4 619
119 71 58 279
119 72 7 26
119 121 17 295
119 129 13 616
119 138 1 660
119 151 53 240
119 153 9 396
119 154 31 630
119 164 49 27
119 185 41 668
119 188 37 346
120 46 17 616
120 51 35 354
120 66 27 88
120 68 59 712
120 71 43 97
120 78 46 243
120 95 41 29
120 98 10 53
120 102 49 182
120 110 31 657
120 112 37 28
120 120 21 12
120 152 7 249
120 164 3 143
120 182 25 558
121 55 13 373
121 61 7 93
121 66 19 705
121 80 11 590
121 88 55 145
121 95 53 100
121 101 38 267
121 122 23 522
121 124 31 606
121 131 1 199
121 139 46 296
121 181 25 522
121 189 49 311
121 191 29 559
122 5 51 211
122 6 1 113
122 31 16 187
122 38 59 377
122 64 25 655
122 77 39 58
122 82 37 466
122 89 19 180
122 92 9 646
122 97 43 166
122 102 7 724
122 108 29 630
122 137 49 113
122 141 46 695
122 165 55 223
123 6 13 508
123 10 19 165
123 78 55 469
123 80 17 618
123 89 37 525
123 97 28 166
123 106 53 691
123 137 23 113
123 151 5 707
123 160 11 531
123 163 46 337
123 166 34 729
123 187 1 618
123 192 7 556
123 200 59 131
124 10 50 320
124 28 13 47
124 43 4 350
124 99 28 658
124 105 22 578
124 114 19 579
124 122 58 447
124 144 16 499
124 152 1 627
124 165 55 275
124 171 35 567
124 190 37 182
124 191 7 742
124 194 26 32
124 199 31 503
125 8 27 582
125 15 51 182
125 46 17 160
125 48 43 158
125 54 37 244
125 73 13 450
125 95 57 439
125 102 23 648
125 133 19 26
125 143 59 485
125 157 10 352
125 162 31 242
125 173 1 683
125 183 5 731
125 191 47 559
126 3 43 638
126 21 19 522
126 41 7 164
126 79 16 434
126 90 37 750
126 91 49 266
126 96 25 528
126 99 1 528
126 139 55 344
126 158 53 160
126 164 31 617
126 169 46 333
126 170 28 537
126 191 23 742
127 5 9 104
127 10 31 345
127 47 49 556
127 76 25 511
127 81 21 583
127 99 46 300
127 104 13 13
127 125 58 588
127 126 19 145
127 139 3 8
127 146 37 744
127 151 29 57
127 158 7 195
127 172 43 182
128 11 53 2
128 44 1 744
128 45 49 86
128 67 16 732
128 72 47 157
128 75 20 609
128 76 7 719
128 109 4 370
128 110 43 657
128 122 23 719
128 124 32 519
128 144 13 452
128 160 59 381
128 161 37 126
128 182 41 407
129 2 35 132
129 16 53 637
129 60 58 642
129 73 49 100
129 80 47 516
129 81 7 238
129 95 41 539
129 106 17 691
129 117 3 472
129 121 29 485
129 135 1 678
129 161 23 142
129 163 19 707
129 181 13 510
129 191 11 4
130 2 23 132
130 4 28 254
130 14 7 267
130 20 35 335
130 22 1 39
130 25 15 503
130 43 51 244
130 75 25 669
130 82 13 648
130 95 38 331
130 122 19 723
130 138 10 98
130 150 5 434
130 181 55 689
130 188 31 123
131 8 22 582
131 20 17 320
131 23 1 180
131 29 11 13
131 61 43 601
131 81 13 77
131 85 37 444
131 104 31 279
131 119 49 116
131 123 5 92
131 136 25 159
131 141 55 411
131 160 47 362
131 171 59 726
131 193 19 476
132 38 17 727
132 43 10 16
132 58 37 237
132 60 13 274
132 75 46 85
132 77 25 58
132 139 7 469
132 141 20 266
132 144 58 49
132 145 3 463
132 156 29 581
132 168 34 516
132 174 31 208
132 178 23 170
132 200 1 555
133 24 37 357
133 104 14 609
133 110 56 605
133 112 45 132
133 114 31 723
133 115 25 374
133 116 52 460
133 117 10 171
133 121 41 454
133 125 49 367
133 136 1 159
133 142 7 271
133 171 23 152
133 175 34 253
133 186 19 154
134 26 1 736
134 30 37 719
134 33 35 499
134 62 11 687
134 66 31 454
134 82 59 180
134 84 4 642
134 90 43 245
134 118 23 696
134 124 49 519
134 128 53 466
134 166 7 729
134 170 19 590
134 188 55 340
134 196 13 82
135 18 19 574
135 22 55 39
135 33 4 634
135 37 1 216
135 39 11 498
135 57 40 137
135 65 59 373
135 66 13 389
135 69 43 373
135 141 37 670
135 147 34 20
135 156 47 8
135 160 17 335
135 171 53 59
135 183 7 572
136 3 10 300
136 15 7 132
136 23 31 601
136 33 28 221
136 36 57 217
136 52 1 653
136 59 16 103
136 93 47 200
136 96 52 567
136 100 19 733
136 114 40 326
136 152 44 522
136 198 55 117
137 20 41 335
137 21 7 254
137 31 13 278
137 32 37 553
137 33 47 221
137 93 32 719
137 94 1 505
137 105 44 578
137 107 29 723
137 137 35 634
137 151 17 739
137 161 55 357
137 168 58 81
137 178 5 696
137 188 19 622
138 3 38 558
138 21 55 6
138 23 9 457
138 33 33 634
138 52 26 89
138 74 43 518
138 105 4 741
138 106 7 637
138 120 13 683
138 139 52 658
138 162 22 575
138 163 19 216
138 178 46 560
138 197 1 100
139 19 2 227
139 32 31 189
139 53 25 593
139 60 19 729
139 69 51 208
139 85 22 337
139 88 13 145
139 98 37 491
139 112 9 362
139 117 34 80
139 125 16 647
139 150 47 203
139 160 29 531
139 163 58 487
139 200 5 129
140 28 41 47
140 40 19 398
140 43 31 493
140 45 7 705
140 63 49 403
140 69 25 487
140 79 52 455
140 85 34 663
140 89 13 564
140 146 43 121
140 148 22 528
140 153 3 667
140 156 59 27
140 186 55 67
140 191 47 714
141 11 11 2
141 24 7 260
141 29 35 740
141 82 19 155
141 87 4 744
141 98 31 140
141 99 43 558
141 114 46 746
141 127 52 90
141 156 13 27
141 158 23 646
141 163 1 245
141 179 28 459
141 180 49 742
141 186 56 498
142 13 33 658
142 15 25 623
142 21 13 691
142 33 17 136
142 51 11 56
142 65 55 736
142 66 7 410
142 68 41 49
142 72 53 116
142 79 19 56
142 96 43 553
142 107 23 267
142 144 38 499
142 168 57 399
142 185 29 668
143 10 20 345
143 68 11 49
143 76 43 227
143 100 25 733
143 129 37 93
143 130 56 269
143 142 31 207
143 144 52 28
143 157 7 486
143 162 4 12
143 171 41 152
143 175 1 521
143 182 49 486
143 185 34 374
143 188 13 137
144 13 13 680
144 36 37 620
144 46 11 506
144 55 49 278
144 57 29 739
144 66 25 705
144 79 46 662
144 88 43 82
144 96 57 647
144 121 55 189
144 128 23 50
144 165 19 633
144 182 53 408
144 193 1 495
144 196 7 218
145 6 56 674
145 11 17 2
145 16 1 403
145 51 29 588
145 57 5 32
145 79 10 271
145 83 47 403
145 86 31 581
145 90 39 136
145 131 25 559
145 139 44 469
145 142 22 271
145 154 13 405
145 161 52 721
145 198 35 331
146 9 52 732
146 20 11 320
146 23 19 377
146 39 29 619
146 42 41 550
146 55 7 242
146 73 1 450
146 89 43 516
146 91 58 515
146 101 13 681
146 150 31 637
146 156 49 87
146 170 55 506
146 182 37 626
146 191 34 4
147 10 43 320
147 13 19 668
147 45 49 168
147 79 58 56
147 105 4 473
147 110 7 605
147 140 23 59
147 143 37 485
147 163 55 419
147 173 27 726
147 179 31 357
147 180 34 6
147 184 13 140
147 191 11 559
147 195 39 407
148 29 5 579
148 33 9 501
148 47 31 528
148 68 17 102
148 104 38 411
148 129 26 107
148 133 1 20
148 138 14 630
148 156 35 653
148 163 43 616
148 164 19 27
148 171 3 576
148 191 11 103
148 195 7 8
148 198 23 2
149 1 9 113
149 8 31 738
149 12 37 727
149 23 43 404
149 33 28 18
149 34 53 281
149 51 58 429
149 69 49 569
149 71 34 674
149 73 2 353
149 88 25 553
149 107 17 541
149 131 13 199
149 149 23 275
149 177 20 58
150 7 11 233
150 12 4 727
150 16 17 403
150 24 43 339
150 40 37 649
150 67 58 732
150 73 19 100
150 82 35 681
150 89 49 145
150 116 13 686
150 124 7 59
150 130 1 268
150 146 26 53
150 166 31 729
151 3 31 224
151 43 40 350
151 51 23 452
151 57 1 606
151 59 52 343
151 109 49 432
151 110 25 66
151 112 43 200
151 131 19 46
151 137 11 161
151 142 16 268
151 153 56 396
151 160 47 287
151 167 35 127
151 183 3 714
152 7 5 712
152 12 46 616
152 14 13 481
152 34 23 450
152 48 19 254
152 52 50 747
152 118 10 326
152 135 29 678
152 146 25 744
152 151 55 473
152 163 7 564
152 178 35 575
152 187 17 630
152 189 1 217
152 199 58 558
153 3 37 730
153 6 7 506
153 7 59 337
153 11 29 544
153 33 11 501
153 41 25 666
153 43 1 424
153 45 43 111
153 68 47 444
153 75 16 53
153 85 4 519
153 111 52 467
153 176 19 227
153 181 55 78
153 193 22 6
154 17 23 492
154 28 53 47
154 30 19 383
154 31 25 612
154 51 7 648
154 65 47 434
154 76 31 227
154 84 4 386
154 86 49 160
154 95 1 516
154 105 16 578
154 139 58 344
154 151 35 473
154 154 9 657
154 180 55 681
155 4 31 707
155 15 4 521
155 29 29 525
155 32 2 503
155 40 7 634
155 50 25 539
155 51 35 445
155 93 40 148
155 106 43 621
155 108 17 730
155 111 22 352
155 113 10 311
155 126 59 657
155 187 47 429
155 197 55 367
156 9 51 221
156 13 43 579
156 31 10 278
156 33 41 634
156 49 7 114
156 52 25 628
156 66 1 705
156 115 55 712
156 120 37 12
156 125 31 702
156 131 13 559
156 142 34 268
156 196 19 218
157 5 19 445
157 9 1 66
157 21 31 691
157 25 45 187
157 39 29 575
157 65 43 145
157 74 37 679
157 90 13 56
157 94 7 505
157 126 27 400
157 127 17 569
157 159 52 702
157 161 11 142
157 187 58 243
157 199 40 503
158 44 43 619
158 51 53 454
158 53 37 593
158 55 20 278
158 61 32 731
158 67 58 95
158 108 27 630
158 121 25 552
158 132 50 454
158 141 16 314
158 143 1 104
158 154 3 493
158 165 55 727
158 195 9 8
159 4 58 350
159 11 53 296
159 35 47 339
159 66 49 705
159 67 1 457
159 82 21 648
159 95 11 408
159 101 34 447
159 118 5 271
159 122 31 626
159 138 28 460
159 164 43 617
159 191 7 4
159 195 23 8
159 196 13 270
160 8 55 641
160 12 25 616
160 27 44 75
160 29 35 525
160 30 37 383
160 33 13 18
160 36 19 620
160 57 23 505
160 79 28 256
160 117 58 472
160 131 3 698
160 133 10 407
160 155 53 488
160 194 7 300
160 195 1 468
161 7 53 712
161 11 23 249
161 19 49 702
161 30 31 683
161 57 35 295
161 58 19 689
161 67 8 732
161 71 1 595
161 77 38 323
161 115 26 467
161 131 44 698
161 141 16 459
161 177 13 154
161 190 55 516
161 194 59 300
162 6 13 506
162 9 34 221
162 18 7 710
162 28 5 47
162 34 47 660
162 35 53 478
162 41 49 538
162 80 41 729
162 91 55 515
162 92 1 458
162 138 31 237
162 160 29 362
162 162 43 649
162 178 59 575
162 180 25 742
163 12 40 711
163 15 31 732
163 17 1 515
163 42 34 659
163 59 19 435
163 68 26 216
163 82 53 705
163 94 14 505
163 109 46 681
163 125 28 233
163 144 22 499
163 150 7 203
163 154 49 740
163 171 59 59
163 192 55 617
164 33 2 501
164 57 19 295
164 62 41 244
164 83 53 66
164 119 7 452
164 129 31 445
164 137 55 538
164 138 28 98
164 144 13 28
164 148 22 569
164 165 46 417
164 179 16 492
164 180 25 60
164 189 57 560
164 193 4 333
165 1 43 93
165 2 31 554
165 4 19 144
165 45 13 296
165 75 49 75
165 94 57 505
165 102 17 29
165 108 37 399
165 117 33 171
165 145 25 72
165 148 22 739
165 164 39 485
165 174 8 373
165 196 2 270
165 200 29 628
166 23 55 377
166 31 1 619
166 35 47 478
166 37 35 555
166 39 17 619
166 75 28 724
166 76 37 47
166 117 4 171
166 135 25 243
166 142 22 717
166 148 52 4
166 151 11 473
166 178 41 489
166 181 43 67
166 186 31 714
167 20 5 98
167 26 40 287
167 28 59 47
167 35 7 352
167 53 43 721
167 89 32 492
167 111 10 77
167 115 13 117
167 135 1 140
167 153 25 274
167 156 47 653
167 170 37 555
167 178 49 707
167 182 17 275
167 200 53 628
168 16 3 4
168 31 10 612
168 37 17 216
168 48 13 428
168 50 28 539
168 54 55 47
168 67 22 732
168 87 35 383
168 116 31 582
168 120 43 221
168 173 37 262
168 175 7 521
168 179 52 18
168 182 49 721
168 191 19 4
169 12 19 727
169 27 13 666
169 28 47 497
169 50 43 311
169 61 49 723
169 71 28 97
169 96 56 374
169 110 31 326
169 135 5 240
169 136 1 103
169 162 8 575
169 170 37 590
169 185 17 471
169 197 40 100
170 5 37 506
170 46 31 65
170 47 33 264
170 49 22 465
170 50 19 619
170 51 58 354
170 107 46 541
170 125 43 294
170 139 1 344
170 145 25 621
170 161 16 687
170 172 4 223
170 174 7 487
170 182 53 590
170 199 49 634
171 4 43 50
171 11 25 695
171 12 1 207
171 41 20 511
171 56 49 623
171 69 37 716
171 75 4 716
171 78 58 294
171 104 32 158
171 125 46 647
171 151 17 723
171 161 11 126
171 164 51 218
171 169 27 466
171 189 7 641
172 11 49 544
172 38 59 669
172 43 9 244
172 49 25 691
172 99 4 528
172 105 16 207
172 112 55 745
172 119 39 116
172 123 29 419
172 124 43 724
172 138 34 607
172 179 22 29
172 180 13 731
172 195 1 168
172 196 51 734
173 4 22 734
173 34 11 537
173 43 8 350
173 55 13 741
173 92 3 471
173 96 43 646
173 97 25 166
173 138 28 50
173 152 37 367
173 156 41 511
173 163 34 564
173 172 19 577
173 178 17 560
173 179 57 459
173 186 50 274
174 5 7 211
174 7 41 712
174 18 33 137
174 23 55 296
174 29 4 733
174 30 25 181
174 67 13 732
174 79 37 213
174 91 46 515
174 103 16 455
174 108 59 450
174 109 19 432
174 150 49 617
174 172 22 577
174 180 1 220
175 3 57 499
175 42 41 105
175 49 16 119
175 58 25 331
175 66 32 219
175 85 49 444
175 95 53 733
175 114 37 326
175 137 23 478
175 138 1 741
175 152 4 51
175 160 44 287
175 174 13 155
175 188 7 346
175 189 19 612
176 37 11 27
176 75 56 724
176 77 43 2
176 83 5 538
176 108 53 399
176 109 37 579
176 110 25 491
176 131 49 698
176 133 34 269
176 134 29 164
176 158 40 65
176 162 19 575
176 176 22 230
176 181 13 689
176 200 59 89
177 6 49 663
177 39 5 745
177 42 59 623
177 48 15 27
177 51 3 158
177 66 55 454
177 71 40 276
177 81 25 271
177 108 23 630
177 110 32 66
177 117 46 472
177 129 19 335
177 167 13 724
177 199 7 558
178 25 19 400
178 30 31 332
178 65 17 338
178 76 25 700
178 78 50 294
178 85 13 12
178 86 1 577
178 99 43 58
178 111 58 126
178 112 7 525
178 140 11 528
178 148 55 4
178 180 40 727
178 183 5 68
178 191 29 103
179 20 5 320
179 30 9 332
179 32 7 553
179 36 19 454
179 66 37 389
179 67 25 732
179 78 58 230
179 100 13 338
179 106 31 621
179 112 43 595
179 115 1 550
179 118 41 399
179 140 29 154
179 163 51 564
179 170 34 506
180 12 22 727
180 56 29 250
180 73 1 131
180 98 19 161
180 122 41 719
180 123 17 92
180 126 25 333
180 127 35 660
180 139 37 630
180 147 7 5
180 148 46 181
180 167 59 435
180 168 31 81
180 169 13 354
180 177 52 621
181 12 40 468
181 14 28 567
181 35 11 747
181 39 49 575
181 75 37 486
181 80 13 447
181 82 5 648
181 85 55 100
181 86 51 243
181 89 44 523
181 117 7 472
181 120 19 221
181 130 16 269
181 177 34 154
181 191 58 411
182 11 11 296
182 13 55 579
182 14 52 481
182 35 29 478
182 56 35 433
182 67 49 389
182 72 22 91
182 97 16 256
182 100 31 746
182 115 7 588
182 116 4 686
182 124 25 429
182 153 1 396
182 164 43 485
182 192 37 609
183 19 49 107
183 35 35 563
183 42 5 5
183 52 25 723
183 59 22 103
183 61 38 723
183 87 29 744
183 93 59 733
183 99 7 433
183 109 1 432
183 129 13 127
183 133 17 340
183 159 31 148
183 179 19 229
183 187 55 102
184 24 50 531
184 47 19 716
184 62 7 646
184 73 9 336
184 100 44 552
184 121 1 552
184 136 3 726
184 144 34 28
184 155 23 524
184 173 13 121
184 184 31 377
184 187 59 209
184 195 29 168
184 198 56 331
184 200 17 89
185 10 55 424
185 20 52 736
185 25 7 187
185 69 27 203
185 73 37 131
185 87 5 65
185 106 17 57
185 120 19 95
185 142 31 678
185 151 11 571
185 167 41 724
185 176 1 230
185 179 49 18
185 189 43 477
185 200 47 628
186 2 11 577
186 9 34 619
186 12 20 711
186 16 23 670
186 27 37 666
186 88 16 429
186 93 58 200
186 104 7 158
186 130 49 678
186 142 4 77
186 155 43 250
186 157 13 687
186 158 2 229
186 159 52 626
186 162 46 575
187 5 43 107
187 16 23 469
187 53 51 593
187 56 40 623
187 61 32 100
187 76 25 279
187 88 58 553
187 102 29 593
187 128 49 689
187 138 37 509
187 145 9 541
187 166 2 381
187 188 19 346
187 195 47 407
187 196 13 734
188 13 9 530
188 19 15 47
188 39 29 745
188 43 49 497
188 59 46 343
188 75 1 669
188 78 52 339
188 92 31 471
188 99 25 227
188 103 4 717
188 115 19 467
188 132 43 85
188 158 58 326
188 186 37 714
188 194 7 224
189 1 55 68
189 6 19 509
189 7 17 337
189 12 4 720
189 33 37 113
189 63 34 89
189 65 50 481
189 73 7 450
189 82 46 278
189 98 31 249
189 121 41 189
189 150 23 434
189 158 2 733
189 171 59 567
189 195 13 407
190 7 13 649
190 30 9 420
190 36 37 243
190 75 58 105
190 80 29 729
190 87 47 657
190 123 7 530
190 146 49 338
190 148 4 415
190 150 23 655
190 153 26 20
190 156 17 653
190 166 55 143
190 174 34 487
190 176 31 620
191 12 25 137
191 14 28 481
191 38 37 683
191 46 57 80
191 57 23 203
191 63 45 117
191 66 19 164
191 72 5 556
191 88 13 72
191 104 49 279
191 118 59 271
191 147 40 86
191 162 1 662
191 167 11 513
191 186 7 154
192 14 4 481
192 20 35 26
192 22 13 544
192 33 7 18
192 61 9 143
192 64 55 722
192 79 49 662
192 82 47 469
192 97 52 465
192 109 43 210
192 146 31 354
192 163 28 616
192 179 16 18
192 185 59 216
192 196 19 637
193 6 15 113
193 30 39 441
193 31 31 12
193 45 43 348
193 51 53 452
193 65 7 736
193 67 10 275
193 72 23 157
193 76 19 719
193 95 37 516
193 101 58 681
193 120 1 87
193 127 28 659
193 180 25 285
193 187 13 523
194 1 25 251
194 2 35 287
194 3 31 730
194 8 2 474
194 22 7 465
194 47 49 528
194 57 29 295
194 107 53 541
194 121 23 607
194 130 43 57
194 141 37 266
194 158 17 326
194 173 13 538
194 192 55 658
194 194 19 224
195 3 51 486
195 11 4 249
195 22 7 39
195 51 23 588
195 61 43 669
195 98 13 468
195 118 29 271
195 133 35 707
195 136 38 210
195 145 31 111
195 157 25 574
195 172 57 577
195 182 47 408
195 183 49 722
195 188 19 389
196 2 41 554
196 53 50 550
196 56 17 250
196 57 9 606
196 81 37 372
196 99 27 558
196 123 35 419
196 134 32 627
196 137 47 667
196 160 23 287
196 170 1 454
196 173 57 538
196 175 4 44
196 190 19 170
196 199 14 143
197 14 40 132
197 15 49 44
197 53 13 550
197 95 17 100
197 108 59 503
197 132 34 738
197 139 4 377
197 142 44 667
197 152 52 249
197 153 22 20
197 154 7 387
197 174 37 18
197 178 29 170
197 183 11 731
197 192 55 609
198 14 33 435
198 28 59 497
198 40 1 398
198 46 11 160
198 49 37 240
198 52 13 89
198 57 47 295
198 67 25 275
198 68 53 49
198 122 51 447
198 123 41 530
198 134 7 626
198 180 28 727
198 184 22 41
198 195 31 8
199 42 5 680
199 61 19 669
199 66 31 475
199 71 40 180
199 89 8 492
199 112 49 680
199 144 55 28
199 153 43 274
199 162 16 477
199 165 37 101
199 172 46 182
199 173 1 121
199 183 29 68
199 189 25 560
199 197 58 595
200 8 14 81
200 26 28 326
200 32 11 553
200 38 59 655
200 55 37 403
200 86 7 431
200 96 19 528
200 98 25 277
200 104 43 653
200 109 22 491
200 154 49 29
200 156 41 653
200 189 31 267
200 190 55 544
200 193 3 168
201 14 25 724
201 41 1 524
201 46 41 88
201 60 7 16
201 62 15 244
201 63 52 403
201 83 59 403
201 89 55 525
201 96 28 446
201 127 5 383
201 137 31 113
201 156 47 511
201 165 37 86
201 173 20 731
201 197 10 632
202 3 43 224
202 8 31 468
202 10 25 320
202 29 59 579
202 46 11 400
202 52 1 747
202 90 15 344
202 112 7 524
202 125 40 233
202 130 21 217
202 141 52 266
202 149 35 314
202 158 46 314
202 182 19 626
202 198 29 270
203 14 39 212
203 18 49 93
203 37 37 80
203 50 10 203
203 68 53 519
203 78 25 294
203 80 47 590
203 81 20 688
203 95 29 439
203 111 13 254
203 121 17 607
203 136 1 88
203 162 34 159
203 175 57 189
203 193 7 476
204 38 23 669
204 44 28 518
204 55 7 714
204 61 56 723
204 66 43 410
204 74 13 55
204 92 49 471
204 103 4 201
204 107 11 415
204 112 19 680
204 130 31 57
204 133 37 407
204 141 1 492
204 168 16 516
204 174 34 357
205 50 7 333
205 58 32 104
205 72 41 339
205 100 43 275
205 109 55 513
205 120 37 87
205 136 26 155
205 137 5 69
205 163 10 564
205 171 17 152
205 179 1 647
205 180 22 56
205 191 59 559
205 193 13 168
205 200 49 97
206 3 34 168
206 4 28 237
206 5 49 506
206 18 1 574
206 36 7 439
206 49 20 119
206 68 23 102
206 93 5 719
206 118 47 271
206 121 13 189
206 149 11 314
206 159 16 387
206 161 53 336
206 163 31 411
206 170 25 454
207 9 37 248
207 12 40 616
207 14 26 653
207 27 49 518
207 50 7 543
207 81 19 434
207 87 5 657
207 92 55 648
207 99 31 165
207 115 13 467
207 141 1 670
207 149 35 275
207 156 29 653
207 161 53 357
207 196 43 615
208 8 49 60
208 20 58 98
208 35 5 563
208 39 35 745
208 60 28 526
208 67 1 95
208 69 19 659
208 70 16 582
208 72 11 556
208 94 45 31
208 114 13 367
208 119 31 276
208 140 23 574
208 151 55 571
208 161 9 126
209 6 7 458
209 18 25 93
209 22 16 377
209 37 47 327
209 57 11 505
209 61 19 381
209 81 37 738
209 141 31 459
209 151 35 29
209 153 52 396
209 155 29 524
209 178 4 489
209 192 43 203
209 196 55 26
210 18 13 2
210 24 25 730
210 34 49 158
210 38 17 741
210 48 55 27
210 62 5 646
210 80 47 447
210 94 43 49
210 111 34 82
210 126 41 279
210 141 8 266
210 144 37 336
210 163 19 411
210 174 31 487
210 183 23 119
211 8 57 474
211 9 34 732
211 34 25 281
211 48 37 50
211 74 4 105
211 93 29 465
211 95 23 408
211 118 1 126
211 139 49 750
211 145 43 530
211 156 55 711
211 158 41 229
211 178 47 170
211 195 53 168
211 198 11 270
212 4 16 50
212 25 37 187
212 29 41 374
212 49 19 465
212 60 13 623
212 67 56 248
212 102 53 29
212 113 25 162
212 115 7 550
212 125 43 647
212 127 31 659
212 143 29 211
212 147 4 31
212 179 46 492
212 181 49 32
213 3 25 486
213 12 37 229
213 24 19 518
213 27 43 211
213 49 4 119
213 61 13 723
213 65 11 736
213 73 7 573
213 84 28 642
213 91 40 254
213 114 1 441
213 118 53 271
213 126 35 400
213 129 31 555
213 185 57 582
214 12 58 345
214 13 50 730
214 20 17 159
214 23 7 408
214 40 2 7
214 47 19 142
214 59 55 407
214 83 47 538
214 123 44 213
214 142 28 268
214 147 14 54
214 162 37 137
214 173 31 254
214 178 23 680
214 185 35 345
215 12 10 26
215 14 4 435
215 33 58 240
215 37 35 216
215 49 37 691
215 81 31 271
215 83 40 66
215 98 52 60
215 108 29 730
215 109 49 410
215 112 20 362
215 115 13 670
215 125 55 12
215 145 43 172
215 172 7 343
216 6 25 663
216 27 19 501
216 33 1 18
216 34 5 13
216 44 43 739
216 51 17 56
216 89 31 588
216 90 7 213
216 140 11 59
216 141 52 492
216 144 40 336
216 178 23 508
216 192 13 215
216 195 29 353
216 197 55 162
217 25 7 503
217 34 53 647
217 39 59 88
217 60 1 593
217 70 25 503
217 75 43 424
217 78 13 230
217 79 4 81
217 100 31 338
217 113 46 641
217 125 16 28
217 141 37 616
217 164 55 485
217 175 28 308
217 184 40 377
218 18 25 2
218 39 47 617
218 40 1 634
218 78 4 243
218 83 23 237
218 84 55 642
218 90 38 344
218 97 43 243
218 112 19 308
218 123 59 70
218 144 16 354
218 151 29 571
218 173 8 121
218 174 34 208
218 181 51 250
219 4 7 707
219 33 13 634
219 59 15 523
219 68 47 49
219 75 34 669
219 83 22 66
219 84 31 642
219 103 25 717
219 104 37 332
219 124 1 59
219 142 19 271
219 156 29 511
219 179 10 459
219 183 41 714
219 199 55 53
220 14 58 481
220 48 49 95
220 55 19 373
220 59 34 407
220 61 38 203
220 66 7 546
220 90 43 344
220 111 55 563
220 118 1 326
220 130 31 552
220 143 3 485
220 158 11 387
220 164 25 668
220 188 13 346
221 22 19 489
221 24 50 5
221 41 31 511
221 84 13 386
221 86 55 726
221 89 25 516
221 124 15 546
221 126 11 345
221 138 7 98
221 140 41 573
221 162 22 242
221 175 43 308
221 180 4 675
221 195 29 335
221 200 59 346
222 7 47 712
222 11 7 228
222 35 5 170
222 41 37 54
222 52 25 633
222 58 1 269
222 60 13 709
222 73 9 37
222 94 19 330
222 112 50 308
222 123 29 39
222 144 55 452
222 175 43 539
222 187 59 630
222 191 35 559
223 1 15 284
223 4 31 734
223 38 7 31
223 44 4 311
223 52 20 747
223 59 58 522
223 60 40 740
223 66 49 601
223 72 1 26
223 80 28 447
223 84 13 642
223 91 44 446
223 134 35 164
223 169 10 333
223 170 25 136
224 2 29 488
224 12 26 51
224 18 37 435
224 31 58 278
224 57 53 606
224 65 35 338
224 88 20 160
224 96 16 88
224 115 43 467
224 134 4 732
224 140 41 168
224 141 49 459
224 148 13 415
224 187 47 419
224 195 1 8
225 15 31 44
225 20 41 523
225 25 1 563
225 31 58 162
225 39 23 498
225 48 19 428
225 72 16 460
225 79 28 81
225 96 37 711
225 118 53 476
225 125 13 745
225 135 34 240
225 151 7 57
225 161 5 576
225 180 9 742
226 21 43 152
226 29 40 172
226 39 47 127
226 85 19 444
226 97 34 243
226 106 11 276
226 113 25 641
226 125 52 20
226 138 28 32
226 141 58 641
226 154 7 29
226 160 16 148
226 179 13 357
226 187 23 209
226 188 2 616
227 4 37 381
227 5 44 357
227 34 53 660
227 35 17 641
227 37 4 27
227 49 1 119
227 54 49 47
227 69 19 60
227 95 23 539
227 103 25 736
227 125 31 121
227 137 15 667
227 143 13 250
227 154 55 167
227 187 9 618
228 42 41 142
228 69 1 60
228 83 47 121
228 84 21 642
228 93 29 719
228 105 55 729
228 106 35 691
228 107 23 415
228 109 31 513
228 114 25 85
228 119 37 619
228 134 13 164
228 139 43 296
228 160 53 362
228 163 49 337
229 30 37 420
229 33 15 634
229 54 25 244
229 56 23 698
229 98 34 468
229 133 3 20
229 135 1 240
229 139 52 750
229 149 5 581
229 159 43 387
229 170 31 506
229 171 41 59
229 183 17 5
229 185 59 471
229 194 11 224
230 6 19 69
230 9 49 516
230 10 7 544
230 27 55 119
230 70 45 503
230 103 1 455
230 109 28 410
230 116 13 460
230 118 43 117
230 125 25 588
230 131 37 130
230 142 16 78
230 154 31 167
231 5 43 256
231 7 10 649
231 8 19 51
231 14 13 75
231 33 5 136
231 46 32 400
231 62 50 101
231 92 55 656
231 115 25 670
231 121 29 607
231 129 37 314
231 139 7 344
231 160 17 487
231 185 59 181
231 192 1 609
232 22 40 81
232 29 43 733
232 69 7 569
232 73 19 450
232 83 35 403
232 97 55 166
232 106 53 695
232 127 47 550
232 134 17 49
232 147 37 469
232 183 59 722
232 186 31 498
232 188 26 10
232 189 13 632
232 194 3 419
233 2 11 488
233 19 28 227
233 27 13 702
233 48 37 158
233 51 49 56
233 68 17 632
233 71 25 215
233 77 51 58
233 85 7 210
233 88 32 69
233 101 22 412
233 118 35 476
233 144 19 28
233 165 58 115
233 190 1 170
234 6 13 69
234 9 4 593
234 14 22 724
234 45 7 595
234 53 55 721
234 67 19 141
234 69 43 88
234 76 49 719
234 146 25 65
234 147 1 50
234 190 37 606
234 196 33 637
235 23 37 577
235 40 13 742
235 48 55 158
235 49 49 119
235 65 45 736
235 68 11 444
235 70 28 450
235 73 2 274
235 84 41 642
235 149 9 82
235 157 52 687
235 176 22 411
235 196 32 466
235 197 25 567
236 16 9 4
236 34 1 116
236 55 49 659
236 56 3 250
236 59 28 343
236 60 58 740
236 86 43 740
236 111 40 563
236 114 34 85
236 135 5 140
236 146 19 744
236 159 25 70
236 170 55 136
236 175 15 189
237 22 16 668
237 28 29 279
237 32 9 553
237 38 4 669
237 63 46 675
237 64 38 508
237 72 11 86
237 78 49 240
237 88 22 429
237 99 13 229
237 135 7 140
237 143 35 485
237 152 1 249
237 172 43 72
237 199 52 161
238 7 43 734
238 21 2 522
238 23 7 577
238 32 20 553
238 42 59 550
238 82 40 278
238 83 35 537
238 144 52 131
238 182 49 89
238 183 29 722
238 187 31 618
238 189 45 524
238 194 22 224
238 196 13 26
238 200 17 574
239 6 31 660
239 23 19 406
239 26 52 223
239 47 7 576
239 76 37 488
239 96 13 553
239 98 46 140
239 120 55 503
239 131 25 571
239 144 43 354
239 178 5 445
239 181 1 681
239 195 11 633
239 197 49 68
240 12 49 727
240 19 31 413
240 20 41 159
240 24 55 531
240 32 27 189
240 71 16 595
240 72 5 268
240 96 19 29
240 98 46 308
240 137 22 161
240 140 43 432
240 146 7 744
240 179 13 492
240 190 1 544
240 197 52 632
241 43 28 350
241 53 31 417
241 57 37 145
241 67 39 275
241 75 10 491
241 82 25 102
241 88 4 553
241 89 43 564
241 104 13 131
241 109 1 210
241 111 7 248
241 115 55 467
241 124 50 429
241 140 35 573
241 190 19 182
242 53 25 117
242 56 47 78
242 69 13 237
242 97 10 256
242 100 37 524
242 110 1 478
242 113 7 491
242 123 22 530
242 138 43 98
242 146 31 441
242 160 53 287
242 183 51 722
242 185 41 187
242 186 55 616
242 199 19 499
243 35 55 747
243 48 43 398
243 61 19 203
243 79 25 233
243 96 57 528
243 105 13 372
243 113 52 576
243 126 31 183
243 134 29 657
243 138 4 630
243 147 34 469
243 158 11 740
243 186 37 105
243 187 7 618
244 8 55 253
244 10 50 711
244 70 58 165
244 77 2 2
244 78 16 501
244 79 37 503
244 84 23 386
244 119 19 513
244 125 34 367
244 130 9 57
244 147 31 129
244 164 26 617
244 172 40 670
244 192 43 609
245 31 13 187
245 42 35 105
245 59 25 343
245 64 19 722
245 68 11 248
245 87 17 383
245 93 47 35
245 100 7 338
245 102 55 182
245 105 1 578
245 132 50 333
245 146 43 338
245 149 5 275
245 176 31 221
245 179 39 647
246 13 1 730
246 19 22 387
246 20 57 736
246 26 26 300
246 54 13 59
246 70 34 493
246 95 40 331
246 113 31 51
246 127 59 90
246 134 29 13
246 141 49 492
246 151 17 571
246 153 19 281
246 192 44 556
246 196 7 168
247 3 49 558
247 16 46 58
247 20 11 115
247 43 28 424
247 45 13 85
247 48 31 203
247 92 38 739
247 98 43 491
247 109 52 167
247 138 2 98
247 147 22 129
247 150 17 144
247 153 7 667
247 187 19 648
247 194 5 224
248 12 55 468
248 38 17 669
248 39 41 705
248 70 58 233
248 86 37 497
248 87 11 655
248 102 49 593
248 106 23 89
248 110 43 183
248 127 35 189
248 134 13 726
248 159 19 439
248 160 29 129
248 182 53 669
248 186 25 177
249 4 19 66
249 14 1 132
249 17 29 412
249 23 31 693
249 24 49 415
249 48 43 27
249 60 37 228
249 70 7 474
249 71 22 144
249 79 55 434
249 99 4 558
249 119 13 276
249 151 47 240
249 154 25 167
249 167 41 621
250 7 29 337
250 23 56 408
250 49 7 119
250 70 16 445
250 71 10 180
250 76 19 419
250 78 25 469
250 95 41 439
250 133 43 269
250 147 45 54
250 149 3 82
250 154 37 578
250 158 49 387
250 178 53 170
250 191 5 674
251 6 26 69
251 14 13 435
251 35 17 702
251 44 10 702
251 66 37 454
251 70 46 582
251 71 7 97
251 75 43 105
251 90 1 336
251 91 31 550
251 98 19 140
251 108 41 160
251 126 23 183
251 146 50 744
251 182 34 530
252 4 10 734
252 26 31 162
252 48 26 158
252 64 39 655
252 87 17 509
252 99 34 165
252 125 2 177
252 154 13 29
252 177 46 154
252 179 22 740
252 185 7 12
252 189 49 695
252 190 56 29
252 193 43 450
252 194 5 167
253 17 3 515
253 22 13 465
253 26 40 223
253 29 59 734
253 31 43 278
253 45 55 559
253 46 29 400
253 76 49 314
253 80 11 447
253 97 37 465
253 106 53 115
253 169 22 455
253 172 46 90
253 189 33 579
253 194 17 167
254 9 25 221
254 15 4 417
254 22 40 39
254 38 22 741
254 97 34 166
254 103 28 354
254 105 45 269
254 121 49 552
254 143 11 485
254 159 56 626
254 172 52 228
254 184 1 377
254 190 7 155
254 192 15 648
255 6 20 660
255 10 32 544
255 29 29 411
255 34 5 281
255 36 57 400
255 45 1 35
255 49 10 119
255 77 38 82
255 89 49 675
255 98 16 6
255 101 46 666
255 119 25 452
255 130 43 91
255 149 53 581
255 150 14 158
256 52 27 104
256 60 43 526
256 105 40 446
256 123 25 248
256 125 52 367
256 133 31 340
256 145 55 32
256 147 37 5
256 149 5 314
256 161 11 72
256 163 16 68
256 169 34 612
256 172 13 223
256 188 1 233
256 189 19 524
257 81 49 70
257 93 47 340
257 100 37 552
257 103 4 455
257 115 43 683
257 121 53 607
257 132 16 333
257 147 13 20
257 163 28 454
257 175 25 308
257 182 20 530
257 184 55 140
257 192 31 648
257 193 7 6
258 9 37 221
258 11 9 228
258 12 1 376
258 30 13 383
258 31 43 668
258 37 11 327
258 77 19 712
258 90 25 56
258 96 52 553
258 101 46 72
258 105 4 578
258 110 31 478
258 127 29 595
258 140 57 432
258 172 40 343
259 46 23 506
259 48 45 734
259 50 40 200
259 69 31 595
259 91 51 623
259 94 19 554
259 110 55 183
259 113 28 409
259 137 13 398
259 139 25 590
259 155 17 35
259 162 7 649
259 175 10 253
259 180 1 675
259 193 4 702
260 16 23 637
260 29 17 13
260 48 43 254
260 52 13 525
260 59 52 522
260 60 7 623
260 63 4 165
260 79 40 662
260 104 56 653
260 111 49 77
260 118 29 476
260 122 35 723
260 131 31 559
260 152 10 367
260 160 47 531
261 3 28 499
261 8 37 148
261 26 25 287
261 49 19 691
261 50 7 311
261 60 22 228
261 67 40 248
261 73 13 408
261 112 31 132
261 114 56 746
261 152 46 581
261 164 49 485
261 172 43 90
261 174 4 373
262 3 25 499
262 27 39 702
262 35 52 563
262 59 7 407
262 65 37 338
262 74 16 105
262 116 22 691
262 122 5 113
262 123 29 530
262 173 31 680
262 179 43 29
262 197 1 497
262 199 58 331
263 18 56 573
263 37 49 555
263 42 29 550
263 82 5 681
263 98 7 523
263 107 33 113
263 113 51 491
263 123 35 92
263 138 46 98
263 153 20 396
263 157 14 486
263 158 31 387
263 162 10 662
263 181 38 681
263 197 1 79
264 7 1 372
264 15 46 155
264 20 11 41
264 26 19 736
264 36 38 412
264 49 3 9
264 69 55 203
264 75 34 101
264 76 49 488
264 79 31 446
264 84 25 642
264 111 22 248
264 123 17 70
264 125 28 285
264 164 13 721
265 1 25 129
265 12 49 51
265 24 7 730
265 39 59 295
265 55 13 420
265 72 37 91
265 76 1 428
265 149 29 275
265 152 31 367
265 167 5 137
265 170 40 590
265 173 55 680
265 185 35 668
265 195 11 8
265 197 22 567
266 11 23 296
266 43 31 350
266 54 43 412
266 60 49 228
266 69 7 237
266 107 4 130
266 109 1 370
266 111 16 281
266 123 47 530
266 136 55 88
266 138 37 741
266 168 19 195
266 190 25 170
266 198 11 705
267 1 8 129
267 2 17 181
267 17 22 515
267 60 4 740
267 75 31 669
267 79 19 503
267 119 43 473
267 130 49 91
267 131 37 698
267 155 13 35
267 157 34 144
267 167 15 724
267 176 28 35
267 193 58 333
267 197 1 367
268 19 37 276
268 52 15 352
268 56 23 250
268 62 59 646
268 66 19 88
268 82 28 469
268 86 31 54
268 90 55 216
268 128 13 531
268 129 43 131
268 143 53 485
268 151 35 739
268 157 49 642
268 158 9 733
268 187 41 209
269 19 1 276
269 25 13 400
269 30 55 719
269 31 49 162
269 69 31 716
269 86 43 567
269 104 7 89
269 105 40 741
269 122 35 626
269 153 26 396
269 165 52 373
269 177 4 569
269 186 19 370
269 194 23 419
269 197 37 181
270 1 37 281
270 22 43 441
270 43 13 350
270 45 7 111
270 55 56 37
270 76 25 643
270 91 50 515
270 98 46 400
270 110 19 580
270 126 23 657
270 144 16 457
270 151 2 57
270 179 4 647
270 187 35 102
270 193 32 476
271 9 58 140
271 33 31 634
271 42 17 659
271 44 37 581
271 51 10 693
271 67 7 95
271 82 47 180
271 85 52 574
271 89 33 667
271 96 49 567
271 121 29 148
271 174 25 208
271 176 22 270
271 183 41 269
271 196 2 218
272 27 43 295
272 37 17 376
272 44 1 67
272 50 14 739
272 59 49 103
272 66 37 705
272 70 34 474
272 83 4 66
272 89 8 145
272 101 19 447
272 146 26 637
272 180 52 727
272 189 55 477
272 195 47 335
273 5 1 445
273 11 5 544
273 37 17 327
273 47 31 335
273 53 21 117
273 78 27 230
273 98 37 60
273 114 55 662
273 121 10 148
273 142 52 671
273 144 40 452
273 147 49 54
273 159 13 433
273 160 7 287
273 164 43 696
274 5 44 445
274 23 49 408
274 37 53 216
274 70 4 503
274 72 2 91
274 78 7 294
274 90 31 245
274 96 22 187
274 100 37 324
274 126 35 107
274 131 13 698
274 138 28 208
274 155 17 524
274 168 10 399
274 193 55 333
275 15 32 686
275 33 55 501
275 51 5 158
275 66 19 78
275 70 37 492
275 75 46 101
275 76 26 338
275 80 41 69
275 82 16 681
275 100 49 733
275 127 23 595
275 150 1 434
275 174 10 487
275 180 43 675
275 191 59 103
276 5 25 463
276 12 19 468
276 18 14 573
276 27 9 295
276 49 34 119
276 50 39 113
276 62 23 593
276 66 43 663
276 70 50 628
276 87 47 655
276 97 1 243
276 103 55 354
276 122 29 113
276 176 58 35
277 6 37 69
277 18 20 137
277 56 59 78
277 65 47 373
277 85 56 337
277 112 26 180
277 119 13 581
277 125 49 647
277 128 17 117
277 134 10 627
277 149 5 82
277 155 41 35
277 169 43 466
277 189 1 560
277 190 31 155
278 7 53 372
278 24 43 415
278 29 11 579
278 70 28 445
278 78 19 621
278 79 16 271
278 80 22 447
278 102 25 126
278 107 55 489
278 127 59 660
278 140 35 59
278 145 7 54
278 155 57 181
278 189 31 641
278 194 14 224
279 7 19 649
279 16 37 58
279 17 59 211
279 21 43 143
279 24 15 339
279 30 7 102
279 39 13 498
279 54 21 295
279 85 52 444
279 94 25 505
279 99 49 420
279 110 33 424
279 113 39 249
279 123 31 530
279 200 47 97
280 1 14 129
280 4 10 707
280 6 37 663
280 18 1 638
280 43 19 350
280 53 57 117
280 63 49 165
280 101 52 655
280 113 22 409
280 133 45 407
280 166 7 381
280 167 25 582
280 172 27 90
280 181 31 250
280 200 55 555
281 1 49 209
281 20 5 41
281 25 1 405
281 36 55 336
281 59 28 407
281 64 37 188
281 88 46 160
281 92 31 569
281 99 25 165
281 124 9 724
281 166 22 729
281 171 43 674
281 179 16 229
281 198 20 331
281 200 41 95
282 6 1 69
282 37 5 216
282 60 13 740
282 61 7 669
282 67 46 372
282 86 57 160
282 87 37 655
282 92 25 253
282 101 39 57
282 111 43 248
282 128 23 689
282 141 16 398
282 150 35 434
282 153 52 667
282 195 29 8
283 7 10 337
283 18 13 93
283 24 43 5
283 25 31 563
283 32 35 210
283 38 56 687
283 57 53 137
283 71 50 49
283 106 58 57
283 115 37 712
283 133 3 407
283 143 1 485
283 182 23 218
283 198 5 174
283 200 17 345
284 30 1 719
284 36 19 243
284 41 56 741
284 48 25 433
284 56 53 78
284 87 23 750
284 96 46 747
284 108 11 503
284 118 35 271
284 128 5 689
284 141 31 18
284 145 37 72
284 146 13 607
284 199 49 499
284 200 43 377
285 6 43 660
285 23 19 617
285 32 47 189
285 41 13 242
285 47 37 569
285 55 31 403
285 62 17 244
285 71 52 215
285 77 55 82
285 94 25 80
285 102 35 593
285 112 7 680
285 171 29 576
285 183 23 722
285 184 3 228
286 10 37 424
286 13 50 171
286 18 31 93
286 37 22 216
286 49 28 119
286 64 1 722
286 68 35 712
286 72 19 116
286 98 58 519
286 100 8 552
286 105 13 473
286 123 47 92
286 130 44 460
286 184 16 140
287 1 7 209
287 34 53 537
287 35 15 563
287 36 37 439
287 42 13 659
287 60 20 274
287 66 49 88
287 90 31 136
287 96 25 186
287 119 44 116
287 140 59 432
287 151 17 221
287 155 55 91
287 171 35 683
287 184 1 446
288 21 37 152
288 25 49 478
288 68 43 216
288 73 19 17
288 87 5 739
288 92 7 348
288 93 23 39
288 111 56 593
288 118 41 271
288 132 25 518
288 145 45 621
288 161 59 576
288 168 1 399
288 181 15 712
288 192 31 508
289 3 55 224
289 8 52 474
289 16 17 58
289 49 31 240
289 60 46 593
289 61 13 489
289 82 23 466
289 97 10 465
289 104 25 458
289 118 3 90
289 153 19 327
289 165 34 373
289 187 8 268
289 190 37 26
290 6 44 506
290 10 13 171
290 13 37 142
290 43 1 350
290 44 34 503
290 48 19 209
290 51 29 452
290 58 7 539
290 74 25 105
290 79 56 271
290 83 53 538
290 109 31 248
290 125 4 531
290 157 49 563
291 11 47 544
291 15 34 632
291 32 13 503
291 35 11 339
291 37 51 216
291 94 2 554
291 119 15 116
291 126 41 183
291 127 29 660
291 145 7 172
291 149 43 581
291 164 19 696
291 166 55 519
291 186 37 333
291 191 23 559
292 29 29 75
292 37 11 80
292 41 55 164
292 43 13 253
292 51 23 454
292 67 37 95
292 75 7 478
292 114 19 85
292 142 16 679
292 162 26 662
292 168 52 554
292 174 44 208
292 181 1 65
292 182 33 626
292 199 40 208
293 11 21 249
293 34 37 647
293 50 46 311
293 53 13 633
293 57 19 68
293 74 7 679
293 79 55 233
293 87 58 513
293 107 23 541
293 116 34 582
293 118 26 326
293 124 1 657
293 175 49 152
293 183 41 346
294 32 1 171
294 34 49 229
294 55 51 242
294 84 46 642
294 92 55 111
294 93 11 155
294 137 29 398
294 138 37 98
294 161 41 357
294 163 19 564
294 169 4 398
294 173 7 691
294 177 22 621
294 184 13 377
294 195 59 407
295 4 43 707
295 37 41 216
295 41 37 140
295 49 31 119
295 63 7 69
295 101 16 158
295 118 1 90
295 142 19 268
295 145 25 530
295 146 3 338
295 147 34 129
295 161 23 121
295 168 13 516
295 170 10 51
295 178 55 560
296 2 41 577
296 11 11 127
296 20 47 736
296 21 37 522
296 26 28 687
296 35 58 747
296 53 19 339
296 56 35 256
296 86 13 431
296 112 31 200
296 113 49 249
296 129 43 679
296 145 2 212
296 147 7 50
296 185 17 646
297 1 7 601
297 7 58 224
297 38 29 683
297 44 13 744
297 45 43 164
297 71 31 491
297 102 41 578
297 113 19 641
297 118 3 117
297 134 37 657
297 137 11 228
297 142 55 667
297 151 53 571
297 182 17 721
297 195 23 468
298 6 13 660
298 19 28 47
298 31 19 187
298 32 47 410
298 38 31 481
298 39 39 516
298 46 5 400
298 95 55 439
298 145 33 541
298 156 59 511
298 157 10 574
298 167 41 53
298 180 22 601
298 188 43 590
298 191 17 686
299 2 59 612
299 6 55 660
299 24 7 415
299 61 49 669
299 66 25 295
299 86 19 473
299 130 37 92
299 139 13 750
299 140 45 432
299 152 40 348
299 153 1 327
299 156 29 87
299 159 32 433
299 165 16 628
299 168 4 200
300 41 31 666
300 45 7 296
300 48 2 209
300 61 19 353
300 80 59 618
300 84 15 642
300 100 37 633
300 138 43 130
300 151 53 518
300 153 49 396
300 162 25 12
300 163 28 404
300 170 46 454
300 190 55 152
300 200 35 97
301 29 3 579
301 39 41 745
301 40 28 649
301 41 13 524
301 46 35 616
301 55 43 714
301 60 49 638
301 65 53 579
301 77 37 183
301 78 58 621
301 124 31 465
301 134 25 726
301 155 19 35
301 173 8 683
301 193 22 168
302 1 37 129
302 11 35 296
302 42 5 142
302 44 13 227
302 51 49 445
302 81 31 434
302 99 52 165
302 114 16 367
302 136 55 444
302 138 25 50
302 144 1 28
302 154 44 630
302 165 28 101
302 173 19 121
302 175 7 44
303 3 2 300
303 9 7 221
303 49 46 119
303 54 25 327
303 78 13 294
303 92 19 348
303 97 40 166
303 99 34 558
303 103 31 455
303 112 49 745
303 131 57 571
303 133 43 26
303 153 37 20
303 155 53 35
303 156 17 444
304 14 34 404
304 19 58 730
304 21 15 419
304 23 51 577
304 24 19 477
304 51 49 741
304 54 25 217
304 60 37 740
304 63 31 89
304 87 41 744
304 94 1 80
304 123 11 70
304 139 7 658
304 167 13 474
304 187 29 243
305 1 43 113
305 25 20 563
305 35 27 747
305 38 41 669
305 59 4 424
305 86 37 431
305 91 31 515
305 134 14 626
305 139 10 750
305 140 47 573
305 149 29 51
305 150 17 655
305 161 58 687
305 168 7 253
305 190 49 170
306 3 40 486
306 8 44 142
306 27 31 285
306 66 19 663
306 74 55 105
306 81 50 738
306 103 37 736
306 120 13 87
306 130 7 79
306 148 1 415
306 158 10 195
306 173 25 92
306 177 4 58
306 195 59 168
307 1 25 745
307 14 16 481
307 29 47 374
307 48 37 285
307 56 56 732
307 94 19 505
307 123 51 248
307 125 7 702
307 130 13 395
307 144 3 452
307 147 58 129
307 166 43 28
307 173 31 538
307 184 10 144
307 185 29 181
308 12 25 727
308 49 19 240
308 55 43 403
308 64 31 722
308 78 22 294
308 86 55 497
308 93 35 719
308 104 13 411
308 106 49 267
308 108 11 274
308 109 28 432
308 171 59 439
308 173 1 731
308 176 7 35
308 200 41 129
309 16 5 638
309 40 58 649
309 69 50 487
309 75 31 101
309 76 13 182
309 78 34 455
309 99 55 300
309 101 25 447
309 156 43 87
309 160 7 362
309 161 23 576
309 167 28 474
309 178 17 489
309 199 37 90
309 200 41 6
310 33 53 499
310 42 59 32
310 69 55 716
310 80 17 69
310 86 7 160
310 109 40 432
310 127 23 383
310 131 49 571
310 142 13 78
310 146 27 46
310 158 4 229
310 167 31 435
310 173 43 538
310 197 19 567
310 200 25 95
311 3 43 499
311 9 7 370
311 10 25 345
311 15 10 132
311 19 34 730
311 42 41 659
311 56 53 335
311 79 50 213
311 90 19 213
311 117 31 80
311 118 14 326
311 130 55 678
311 161 47 687
311 180 16 731
311 200 5 346
312 23 37 157
312 43 43 253
312 47 13 335
312 53 25 689
312 68 58 632
312 95 11 439
312 103 55 455
312 108 46 399
312 110 19 657
312 148 34 415
312 165 31 742
312 177 7 101
312 186 1 567
312 187 53 630
312 189 49 477
313 14 34 724
313 20 59 77
313 26 3 687
313 51 11 452
313 71 40 526
313 80 55 577
313 85 31 663
313 92 25 471
313 114 43 662
313 147 49 50
313 148 46 739
313 154 7 222
313 168 22 195
313 182 17 408
313 183 37 119
314 3 25 224
314 14 3 75
314 17 59 492
314 38 47 731
314 39 1 295
314 42 35 5
314 45 55 526
314 46 29 506
314 52 31 353
314 122 15 86
314 133 53 340
314 140 11 166
314 165 37 417
314 167 43 53
314 169 49 407
315 13 1 25
315 60 44 228
315 69 31 88
315 75 52 101
315 89 55 492
315 93 16 200
315 97 7 256
315 131 25 698
315 136 19 726
315 147 49 154
315 153 13 396
315 161 29 142
315 194 10 419
315 196 39 466
316 62 17 678
316 72 53 157
316 75 46 486
316 77 49 183
316 100 20 746
316 119 25 581
316 128 29 433
316 141 31 199
316 149 1 82
316 154 7 696
316 160 59 148
316 172 3 208
316 180 55 56
316 191 34 553
316 195 38 8
317 20 4 736
317 43 52 424
317 47 55 576
317 49 1 465
317 57 11 187
317 61 31 143
317 78 16 168
317 118 21 326
317 129 26 127
317 131 7 698
317 145 37 111
317 159 46 711
317 174 43 487
317 199 49 8
317 200 23 509
318 9 34 387
318 24 3 357
318 54 19 32
318 65 29 373
318 74 10 105
318 81 49 434
318 112 43 362
318 126 13 657
318 130 7 217
318 144 31 28
318 148 58 637
318 168 25 214
318 169 55 466
318 170 16 254
318 198 41 270
319 9 55 97
319 10 38 544
319 18 13 574
319 24 19 357
319 34 47 158
319 55 43 628
319 90 31 336
319 95 1 331
319 97 49 465
319 108 25 630
319 154 7 560
319 168 58 50
319 178 11 738
319 194 3 32
319 195 27 335
320 35 49 256
320 37 41 327
320 54 19 244
320 73 7 100
320 80 43 465
320 89 37 641
320 93 11 719
320 107 28 126
320 111 1 248
320 118 4 399
320 125 46 294
320 134 17 180
320 138 31 98
320 186 51 370
320 200 35 346
321 12 25 229
321 14 16 435
321 58 19 269
321 63 7 230
321 97 46 166
321 116 37 460
321 121 49 181
321 124 1 429
321 128 55 415
321 131 31 698
321 134 23 49
321 144 28 336
321 155 41 558
321 175 57 242
321 183 53 269
322 7 21 649
322 19 34 702
322 37 9 216
322 38 17 195
322 41 43 511
322 54 49 295
322 81 55 738
322 120 1 46
322 144 37 354
322 158 23 167
322 168 25 679
322 185 47 471
322 196 13 466
322 199 40 90
322 200 29 345
323 33 31 638
323 38 49 31
323 39 4 617
323 51 22 686
323 68 53 248
323 83 17 538
323 98 33 161
323 105 37 446
323 116 10 250
323 130 55 57
323 162 1 738
323 168 19 200
323 172 46 716
323 181 13 32
323 196 26 82
324 2 4 486
324 51 49 729
324 54 19 59
324 64 51 508
324 92 13 471
324 102 31 578
324 106 35 200
324 107 33 126
324 116 39 686
324 148 55 161
324 162 1 12
324 164 7 27
324 173 43 271
324 180 58 285
324 186 27 333
325 8 43 474
325 10 19 424
325 11 41 296
325 19 4 276
325 34 10 183
325 65 23 100
325 66 50 546
325 70 46 493
325 91 16 515
325 125 7 674
325 151 25 29
325 158 13 733
325 166 58 695
325 168 37 200
325 175 34 627
326 10 27 171
326 15 10 44
326 25 37 405
326 42 44 623
326 43 7 424
326 84 35 642
326 90 31 344
326 93 25 88
326 105 57 473
326 120 19 98
326 126 23 107
326 130 52 57
326 168 46 81
326 188 13 590
326 192 1 556
327 34 5 116
327 35 41 157
327 49 28 240
327 72 52 91
327 80 23 67
327 81 37 271
327 85 43 389
327 107 17 126
327 108 7 399
327 146 13 646
327 152 19 10
327 162 32 662
327 171 47 152
327 194 1 32
327 196 9 637
328 23 31 56
328 24 1 488
328 29 17 734
328 30 44 266
328 55 25 278
328 66 55 705
328 75 7 403
328 114 22 662
328 120 51 87
328 130 10 217
328 145 13 260
328 158 29 160
328 160 35 148
328 181 37 250
329 7 23 712
329 13 1 142
329 51 49 513
329 57 55 400
329 71 19 97
329 73 7 274
329 75 13 521
329 78 52 420
329 84 43 642
329 102 41 240
329 118 29 487
329 177 34 44
329 179 46 29
329 196 37 168
329 200 59 6
330 50 16 203
330 77 3 70
330 86 7 473
330 106 11 691
330 112 57 668
330 119 38 529
330 129 19 127
330 141 43 314
330 176 51 726
330 178 23 389
330 180 28 54
330 181 31 188
330 191 35 420
330 194 1 419
330 195 49 468
331 3 13 501
331 25 1 187
331 28 35 47
331 51 53 354
331 56 5 250
331 65 11 338
331 91 25 210
331 96 28 646
331 111 38 467
331 114 16 396
331 121 33 189
331 127 41 660
331 147 43 154
331 184 50 609
331 188 55 346
332 14 45 435
332 17 29 492
332 29 17 525
332 39 41 750
332 86 13 243
332 96 55 553
332 111 58 327
332 131 25 199
332 150 5 336
332 153 19 20
332 173 37 121
332 178 34 560
332 181 7 522
332 187 31 268
332 199 52 331
333 12 31 727
333 26 28 477
333 29 55 733
333 30 13 102
333 34 11 281
333 52 19 628
333 55 44 420
333 71 34 491
333 115 2 467
333 116 7 250
333 123 23 98
333 154 37 167
333 170 49 467
333 180 25 681
333 200 41 628
334 3 34 486
334 15 55 590
334 22 31 374
334 39 17 127
334 56 49 250
334 81 13 738
334 82 10 469
334 88 1 145
334 91 28 711
334 100 19 552
334 102 5 78
334 109 25 410
334 128 59 689
334 161 39 126
334 188 43 346
335 1 25 113
335 19 1 389
335 24 45 53
335 56 43 249
335 57 41 606
335 61 55 353
335 72 39 91
335 79 34 446
335 88 31 145
335 111 7 563
335 155 4 91
335 167 13 513
335 182 17 486
335 189 50 641
335 199 22 90
336 21 25 619
336 23 2 296
336 45 31 164
336 51 23 354
336 77 51 253
336 80 19 618
336 98 7 60
336 135 55 240
336 148 58 569
336 160 49 129
336 161 29 121
336 164 38 721
336 180 45 285
336 193 13 476
337 6 19 320
337 7 13 712
337 23 25 377
337 43 58 253
337 77 49 85
337 100 43 13
337 106 29 200
337 112 3 525
337 123 23 213
337 132 37 320
337 161 11 576
337 166 40 519
337 171 17 439
337 174 31 215
337 183 53 731
338 2 1 486
338 5 3 85
338 9 16 593
338 16 49 4
338 19 57 410
338 42 53 105
338 49 13 605
338 52 31 653
338 60 19 593
338 94 43 505
338 110 9 652
338 111 38 77
338 126 7 183
338 173 25 683
338 178 41 560
339 4 49 618
339 27 13 618
339 28 41 497
339 33 55 499
339 53 25 721
339 59 34 31
339 63 31 195
339 71 4 595
339 104 37 279
339 126 52 400
339 137 45 687
339 160 47 381
339 173 7 538
339 190 57 182
339 197 1 68
340 2 11 111
340 10 43 544
340 13 39 658
340 29 47 579
340 63 55 81
340 71 26 276
340 88 19 429
340 95 53 337
340 119 49 452
340 126 37 400
340 143 5 211
340 156 17 511
340 174 1 27
340 184 13 67
340 186 31 333
341 4 37 632
341 37 11 216
341 44 16 744
341 56 47 250
341 67 4 95
341 74 1 105
341 96 13 374
341 120 55 221
341 121 28 552
341 124 43 606
341 142 25 268
341 148 19 569
341 173 49 121
341 174 31 373
341 183 41 722
342 29 31 579
342 42 22 623
342 49 40 691
342 52 27 29
342 74 46 105
342 97 43 455
342 104 49 607
342 106 17 276
342 111 14 658
342 130 1 617
342 147 37 154
342 177 34 13
342 186 56 154
342 191 25 183
342 192 7 508
343 12 55 229
343 36 13 412
343 52 20 523
343 76 39 338
343 80 53 447
343 99 4 693
343 112 43 180
343 113 1 162
343 119 49 35
343 120 7 87
343 127 58 659
343 130 26 678
343 147 34 621
343 172 31 182
344 5 31 256
344 11 23 77
344 24 57 415
344 27 37 6
344 54 1 523
344 62 46 678
344 65 17 537
344 75 43 101
344 111 7 711
344 123 53 92
344 133 5 20
344 135 10 240
344 140 29 491
344 162 50 649
344 190 25 182
345 30 19 102
345 32 29 389
345 44 52 588
345 46 5 117
345 50 1 387
345 53 37 295
345 66 31 410
345 82 23 705
345 103 10 455
345 111 43 593
345 122 35 113
345 157 55 294
345 167 46 44
345 171 17 567
345 178 41 170
346 6 57 69
346 22 46 39
346 50 3 203
346 54 37 217
346 76 49 511
346 91 10 515
346 94 13 80
346 104 19 683
346 110 31 86
346 134 35 180
346 143 55 250
346 144 7 108
346 150 25 203
346 159 28 70
346 194 1 167
347 1 25 68
347 3 52 224
347 11 23 544
347 14 19 481
347 17 5 515
347 21 1 102
347 26 13 477
347 32 43 503
347 71 49 215
347 88 46 69
347 99 55 649
347 117 10 472
347 121 37 189
347 139 33 8
347 169 40 455
348 5 43 433
348 15 56 113
348 59 31 31
348 62 1 687
348 63 7 165
348 74 28 105
348 101 13 612
348 123 3 530
348 130 34 57
348 156 11 721
348 166 22 519
348 168 19 214
348 188 49 739
348 191 5 559
348 198 17 705
349 13 57 155
349 58 13 537
349 63 37 300
349 66 2 410
349 74 22 679
349 79 25 152
349 85 19 44
349 101 46 267
349 103 50 354
349 122 28 86
349 131 7 559
349 140 55 574
349 162 43 575
349 172 40 230
349 181 32 67
350 8 34 142
350 30 13 719
350 33 5 499
350 50 25 739
350 54 44 217
350 71 49 746
350 78 37 230
350 91 19 446
350 95 17 331
350 105 10 578
350 142 28 78
350 152 22 627
350 155 41 488
350 162 7 662
350 183 1 711
351 10 39 13
351 43 22 350
351 65 43 434
351 67 13 528
351 70 1 165
351 71 58 97
351 90 7 56
351 100 31 633
351 102 47 578
351 130 55 509
351 149 19 300
351 154 49 657
351 166 28 519
351 179 4 492
351 194 17 680
352 29 1 411
352 42 57 623
352 75 34 460
352 88 31 253
352 98 4 468
352 108 55 399
352 109 7 432
352 125 22 367
352 147 10 88
352 148 45 4
352 150 41 434
352 158 15 733
352 179 19 459
352 184 25 446
352 190 49 712
353 7 7 337
353 11 17 77
353 38 23 683
353 40 46 649
353 45 51 256
353 54 9 32
353 61 1 197
353 64 37 722
353 89 56 564
353 96 31 553
353 107 5 126
353 111 19 352
353 160 29 396
353 165 34 628
353 193 13 333
354 8 15 474
354 9 31 516
354 13 21 730
354 17 47 477
354 22 56 267
354 33 13 113
354 63 34 81
354 103 40 717
354 105 25 372
354 116 43 582
354 166 7 695
354 177 1 569
354 180 51 56
355 3 46 588
355 5 13 211
355 34 41 158
355 48 37 734
355 54 49 144
355 57 43 137
355 98 34 362
355 123 17 39
355 124 7 663
355 137 28 634
355 138 4 660
355 154 55 630
355 167 59 582
355 177 19 53
355 194 11 580
356 2 23 554
356 7 41 218
356 39 17 617
356 40 52 634
356 52 13 512
356 67 7 275
356 91 56 446
356 94 33 554
356 101 19 658
356 121 10 454
356 145 37 621
356 147 43 695
356 149 3 314
356 150 59 750
356 193 46 389
357 11 17 218
357 38 40 687
357 43 25 424
357 55 55 373
357 59 1 31
357 71 19 87
357 83 5 121
357 87 35 657
357 126 37 337
357 130 31 509
357 137 49 161
357 152 13 51
357 153 7 631
357 179 28 647
357 199 46 558
358 6 49 69
358 8 45 145
358 20 29 320
358 45 31 35
358 52 19 39
358 68 3 632
358 79 10 511
358 110 15 657
358 122 1 86
358 123 41 564
358 129 55 679
358 134 23 726
358 160 13 287
358 171 53 674
358 184 25 41
359 13 8 668
359 14 56 567
359 23 49 693
359 27 21 618
359 46 29 80
359 55 31 278
359 63 44 165
359 71 40 674
359 72 37 116
359 80 25 577
359 114 1 746
359 116 4 460
359 127 35 556
359 138 13 50
359 147 16 20
360 2 35 209
360 5 7 107
360 10 1 13
360 67 38 732
360 68 5 49
360 92 43 563
360 102 41 593
360 110 13 424
360 112 25 200
360 115 31 117
360 142 58 268
360 154 19 57
360 177 55 569
360 192 49 102
361 9 22 516
361 20 17 41
361 32 28 553
361 45 1 111
361 83 5 537
361 98 38 161
361 108 11 730
361 110 55 491
361 126 20 337
361 136 7 103
361 151 41 571
361 152 25 249
361 158 35 230
361 178 59 679
361 193 43 333
362 10 13 251
362 22 43 267
362 27 37 618
362 34 41 281
362 36 25 412
362 80 47 744
362 92 19 471
362 104 55 607
362 123 7 92
362 144 4 28
362 148 49 627
362 154 31 29
362 176 52 530
362 184 10 377
362 185 1 668
363 16 49 58
363 36 1 620
363 38 23 377
363 55 37 659
363 58 45 26
363 64 19 508
363 86 56 54
363 98 7 53
363 101 10 101
363 104 51 89
363 140 29 573
363 164 31 721
363 186 25 498
363 197 13 595
363 200 35 131
364 7 59 372
364 18 7 327
364 27 55 211
364 64 45 722
364 68 4 248
364 69 49 578
364 80 19 67
364 83 11 237
364 93 37 468
364 101 31 655
364 171 41 524
364 174 1 373
364 181 27 266
364 184 34 609
364 191 53 559
365 1 19 539
365 2 5 111
365 6 13 674
365 23 56 362
365 53 25 544
365 104 37 521
365 110 49 66
365 111 34 398
365 118 43 126
365 140 29 528
365 150 53 633
365 155 10 35
365 166 31 75
365 171 47 576
365 177 1 53
366 1 1 129
366 5 25 211
366 10 31 216
366 25 51 575
366 32 59 389
366 84 17 642
366 101 46 37
366 102 35 167
366 147 19 129
366 154 13 57
366 157 10 486
366 162 7 477
366 178 55 281
366 180 22 681
366 183 5 590
367 2 11 554
367 16 1 4
367 61 21 723
367 73 45 693
367 84 25 386
367 104 7 531
367 108 43 730
367 115 37 143
367 132 13 240
367 137 41 478
367 147 28 590
367 161 16 576
367 162 31 649
367 169 3 354
367 183 35 722
368 35 5 157
368 40 19 634
368 50 13 203
368 52 25 39
368 58 43 220
368 80 47 268
368 105 10 729
368 129 56 127
368 148 1 172
368 154 31 60
368 159 40 78
368 166 16 519
368 175 7 308
368 193 22 527
368 197 52 497
369 15 40 195
369 41 25 164
369 54 45 244
369 58 1 689
369 71 7 144
369 77 56 433
369 85 37 662
369 105 14 401
369 129 49 127
369 130 19 91
369 131 31 571
369 141 10 398
369 153 22 327
369 156 35 87
369 158 43 229
370 1 7 68
370 56 37 249
370 57 47 505
370 66 31 295
370 82 35 278
370 85 52 50
370 94 39 31
370 101 43 666
370 142 28 717
370 147 4 54
370 152 1 10
370 154 56 578
370 162 22 159
370 184 19 228
370 193 16 476
371 4 25 620
371 66 43 705
371 79 58 213
371 82 5 180
371 85 14 160
371 109 40 579
371 110 19 183
371 118 37 476
371 136 7 159
371 145 49 172
371 151 35 746
371 153 55 274
371 165 28 417
371 180 2 285
371 192 31 556
372 25 49 503
372 62 5 244
372 65 23 373
372 90 13 136
372 92 43 471
372 114 28 85
372 116 58 686
372 122 47 86
372 137 55 69
372 143 7 104
372 158 41 575
372 168 25 399
372 170 1 506
372 186 31 157
372 194 9 224
373 10 31 745
373 16 17 638
373 21 13 152
373 31 52 539
373 32 59 145
373 44 49 588
373 46 1 667
373 69 37 88
373 73 25 408
373 83 11 538
373 86 19 54
373 99 7 750
373 128 41 689
373 150 47 144
373 153 4 396
374 25 31 405
374 28 25 311
374 38 41 87
374 40 52 742
374 57 47 606
374 67 28 372
374 73 13 100
374 83 17 85
374 95 35 539
374 99 37 227
374 108 19 399
374 117 10 60
374 147 22 695
374 175 2 242
374 199 55 558
375 8 58 60
375 20 3 41
375 37 29 327
375 39 5 705
375 43 46 350
375 58 7 745
375 63 16 165
375 86 37 160
375 92 49 749
375 108 41 274
375 112 19 264
375 134 11 164
375 148 55 552
375 176 31 68
375 178 23 445
376 8 7 81
376 44 58 744
376 46 29 117
376 62 33 733
376 68 46 248
376 80 17 729
376 94 13 31
376 117 51 472
376 129 19 93
376 138 40 98
376 143 49 211
376 150 35 617
376 153 43 396
376 162 10 518
376 188 1 590
377 12 55 137
377 26 49 687
377 29 25 75
377 33 43 501
377 60 19 623
377 94 7 80
377 116 22 460
377 145 14 621
377 150 35 662
377 161 41 121
377 168 37 233
377 171 5 439
377 183 31 711
377 185 11 374
377 192 1 72
378 4 1 254
378 50 20 311
378 56 35 250
378 60 16 740
378 61 7 444
378 76 43 700
378 82 4 466
378 87 11 744
378 113 37 195
378 118 23 487
378 136 50 159
378 146 25 413
378 165 40 75
378 171 13 576
378 196 31 26
379 4 52 618
379 10 43 745
379 35 17 157
379 50 22 619
379 52 31 747
379 61 1 93
379 110 25 657
379 115 37 550
379 117 55 472
379 128 49 626
379 142 19 679
379 147 58 590
379 181 7 689
379 186 13 41
380 25 49 41
380 47 43 528
380 51 29 56
380 54 21 572
380 71 1 144
380 100 7 489
380 132 25 187
380 134 5 623
380 144 55 49
380 149 41 314
380 153 58 274
380 156 19 721
380 157 13 588
380 183 11 68
380 195 53 353
381 2 23 111
381 24 13 488
381 38 5 655
381 54 49 412
381 56 35 78
381 78 31 168
381 98 55 214
381 99 45 229
381 121 7 189
381 125 58 20
381 146 1 646
381 153 38 327
381 188 25 389
381 190 9 182
381 193 19 702
382 1 13 213
382 19 10 47
382 28 59 311
382 39 23 617
382 81 43 78
382 87 47 383
382 94 51 31
382 101 3 447
382 126 35 279
382 132 40 518
382 146 31 744
382 173 55 121
382 181 25 493
382 184 37 41
382 192 19 72
383 2 59 132
383 8 40 474
383 18 3 713
383 57 16 606
383 71 28 215
383 82 1 278
383 85 31 531
383 90 45 216
383 98 10 116
383 106 55 505
383 141 25 459
383 165 13 628
383 172 49 230
383 178 43 560
383 183 23 714
384 9 32 381
384 15 22 97
384 52 37 523
384 61 49 353
384 62 1 208
384 75 55 478
384 78 16 230
384 97 19 256
384 102 43 468
384 106 29 505
384 107 5 541
384 121 35 181
384 145 25 111
384 147 46 50
384 187 11 209
385 7 35 233
385 11 11 544
385 41 1 511
385 46 44 400
385 60 40 127
385 64 13 655
385 72 17 86
385 73 49 450
385 98 22 140
385 142 55 268
385 147 19 653
385 157 28 486
385 158 5 195
385 181 7 65
385 200 47 345
386 16 11 58
386 18 26 435
386 24 7 512
386 34 47 281
386 58 49 269
386 85 37 574
386 97 3 555
386 119 19 581
386 133 32 269
386 137 40 228
386 150 1 158
386 165 43 223
386 172 13 716
386 181 55 132
387 4 10 381
387 12 55 345
387 97 58 256
387 98 25 523
387 101 31 447
387 113 16 51
387 117 43 472
387 133 5 407
387 137 23 69
387 156 35 511
387 170 19 136
387 174 28 157
387 180 46 742
387 194 41 167
387 199 37 493
388 9 43 44
388 20 41 77
388 50 4 16
388 58 7 269
388 79 38 107
388 99 55 165
388 130 28 91
388 134 23 180
388 138 1 630
388 145 49 541
388 155 46 91
388 160 34 531
388 170 19 592
388 195 15 407
388 199 58 8
389 47 37 450
389 53 14 161
389 56 28 732
389 57 59 119
389 58 44 689
389 59 49 435
389 65 11 100
389 82 55 432
389 103 7 455
389 105 22 446
389 106 53 80
389 121 25 189
389 137 41 538
389 176 19 270
389 188 1 281
390 8 37 582
390 10 31 580
390 17 53 477
390 28 22 497
390 53 8 593
390 84 19 386
390 91 46 619
390 96 16 747
390 97 55 256
390 103 13 717
390 129 25 555
390 131 49 130
390 161 59 121
390 171 41 576
390 176 4 513
391 19 22 702
391 44 26 6
391 47 49 716
391 56 8 582
391 74 16 539
391 86 31 577
391 87 29 556
391 97 13 256
391 98 57 308
391 122 35 86
391 123 5 564
391 133 10 20
391 162 19 159
391 175 46 627
391 199 1 558
392 1 49 281
392 19 40 227
392 32 47 275
392 58 43 104
392 63 37 89
392 69 13 458
392 80 11 516
392 87 35 744
392 88 31 160
392 126 17 400
392 130 58 91
392 138 55 98
392 151 7 746
392 172 26 223
392 174 1 101
393 17 35 412
393 19 13 387
393 26 49 287
393 55 37 242
393 59 10 435
393 60 1 526
393 74 19 105
393 81 31 70
393 102 59 167
393 138 4 607
393 161 17 373
393 166 22 481
393 180 28 60
393 198 25 710
393 200 41 345
394 8 13 148
394 12 25 468
394 21 19 152
394 44 16 372
394 49 57 465
394 54 49 559
394 78 4 339
394 82 35 648
394 111 7 398
394 114 37 746
394 126 33 183
394 134 23 164
394 177 1 44
394 192 43 215
395 2 37 612
395 11 59 444
395 29 1 525
395 39 35 498
395 58 31 537
395 76 7 314
395 87 23 744
395 88 39 145
395 113 3 641
395 119 55 581
395 135 11 140
395 139 13 469
395 168 49 200
395 183 47 5
395 186 25 154
396 26 58 137
396 37 5 80
396 60 1 740
396 67 16 95
396 89 19 588
396 123 29 92
396 126 47 107
396 129 25 573
396 160 23 675
396 164 37 218
396 169 51 612
396 172 9 90
396 175 13 714
396 179 31 229
396 188 43 281
397 1 21 68
397 5 25 506
397 14 16 745
397 83 41 403
397 84 10 642
397 85 4 100
397 93 35 340
397 102 29 468
397 103 1 717
397 106 19 75
397 134 7 657
397 138 49 724
397 142 58 678
397 149 31 275
397 159 46 487
398 31 3 278
398 34 11 660
398 60 46 638
398 69 31 170
398 106 17 267
398 132 43 352
398 136 13 159
398 137 1 228
398 146 55 148
398 151 37 57
398 168 7 200
398 170 25 254
398 174 20 487
398 182 29 367
398 192 39 556
399 4 1 734
399 6 21 104
399 27 31 211
399 34 17 183
399 63 10 162
399 68 29 632
399 101 44 447
399 133 7 20
399 140 5 573
399 145 25 398
399 158 55 314
399 174 58 157
399 175 37 687
399 185 47 41
399 186 49 67
400 1 57 281
400 2 55 486
400 5 50 433
400 13 13 730
400 17 47 412
400 45 19 111
400 63 10 165
400 116 27 686
400 121 23 552
400 125 7 647
400 142 34 77
400 153 37 396
400 165 43 742
400 166 40 381
400 189 1 186
401 41 56 41
401 51 35 56
401 59 40 679
401 84 37 386
401 86 31 130
401 97 1 166
401 104 13 653
401 110 43 326
401 111 28 563
401 126 53 345
401 133 20 340
401 150 4 210
401 167 10 582
401 169 22 333
401 191 17 553
402 5 2 107
402 6 25 419
402 65 23 374
402 75 58 478
402 86 38 567
402 94 49 80
402 113 34 195
402 122 9 447
402 146 19 338
402 150 53 144
402 169 16 433
402 177 13 53
402 180 55 285
402 189 43 612
402 198 47 331
403 5 19 107
403 25 13 478
403 26 28 736
403 29 17 411
403 32 34 224
403 37 47 80
403 49 25 240
403 74 52 679
403 86 8 379
403 104 43 521
403 130 55 279
403 146 37 646
403 147 1 621
403 156 5 511
403 195 23 633
404 3 43 168
404 13 37 513
404 22 4 374
404 23 19 157
404 44 13 311
404 58 33 689
404 61 25 143
404 69 7 716
404 78 55 243
404 91 16 210
404 133 1 407
404 144 58 452
404 193 46 450
404 196 49 82
405 3 31 499
405 14 38 745
405 15 49 632
405 19 52 107
405 37 29 555
405 47 43 576
405 54 56 244
405 66 13 705
405 99 25 420
405 112 7 28
405 117 19 472
405 193 22 476
405 194 3 224
405 195 11 353
406 7 41 372
406 15 37 132
406 21 13 522
406 40 31 398
406 46 11 616
406 57 53 295
406 69 20 314
406 76 43 279
406 93 35 733
406 122 7 723
406 131 2 571
406 140 47 59
406 146 56 65
406 151 9 746
406 173 25 121
407 7 2 649
407 42 5 550
407 49 28 691
407 52 32 39
407 95 47 370
407 102 59 593
407 112 14 308
407 115 50 374
407 124 43 59
407 135 9 678
407 138 19 741
407 142 25 78
407 153 22 281
407 178 11 560
407 186 38 498
408 15 19 632
408 28 23 311
408 30 57 102
408 35 41 256
408 42 34 623
408 61 13 669
408 64 37 428
408 78 4 501
408 86 7 497
408 107 47 415
408 119 51 513
408 127 17 90
408 145 25 488
408 163 43 454
408 184 31 41
409 20 13 736
409 23 37 56
409 36 31 412
409 57 28 606
409 58 55 435
409 74 50 105
409 91 19 515
409 108 15 399
409 111 10 563
409 125 22 647
409 150 45 434
409 176 7 411
409 179 25 18
409 196 1 615
410 17 29 515
410 19 52 410
410 22 10 466
410 28 5 279
410 43 43 350
410 45 37 595
410 52 32 488
410 57 59 739
410 88 25 145
410 117 49 446
410 149 41 51
410 179 7 357
410 181 19 188
410 188 1 137
410 199 13 370
411 1 37 68
411 19 14 39
411 38 43 727
411 58 55 539
411 73 7 353
411 105 28 554
411 122 59 626
411 149 1 314
411 152 45 249
411 157 25 172
411 160 41 362
411 186 19 498
411 194 3 167
411 196 49 466
411 199 31 607
412 19 37 65
412 37 49 216
412 42 41 32
412 71 31 674
412 78 43 230
412 79 4 446
412 81 7 738
412 94 25 31
412 99 58 58
412 101 55 101
412 111 1 658
412 113 34 51
412 140 47 432
412 159 16 626
412 190 21 300
413 14 10 481
413 38 59 195
413 61 49 180
413 69 37 170
413 91 34 515
413 92 25 648
413 120 55 237
413 130 22 268
413 132 1 333
413 149 47 51
413 158 17 733
413 163 43 337
413 164 13 696
413 171 5 59
413 191 53 326
414 18 31 574
414 29 4 411
414 44 16 67
414 46 11 65
414 51 1 452
414 72 35 601
414 97 8 166
414 98 58 468
414 112 25 387
414 117 13 472
414 131 43 749
414 133 29 20
414 134 47 679
414 159 19 433
414 176 37 678
415 13 37 530
415 17 17 412
415 24 26 415
415 31 7 612
415 36 13 439
415 60 10 623
415 86 43 577
415 90 31 59
415 104 55 476
415 124 49 115
415 138 19 650
415 154 1 29
415 160 35 381
415 167 22 126
416 6 13 104
416 56 47 256
416 106 11 89
416 109 19 410
416 117 28 472
416 126 55 410
416 128 17 689
416 129 49 335
416 131 7 571
416 141 22 459
416 155 5 182
416 164 38 27
416 169 1 466
416 182 35 408
416 198 53 675
417 29 41 525
417 44 13 360
417 53 37 35
417 61 45 501
417 76 55 227
417 78 28 294
417 81 49 271
417 94 7 554
417 116 1 460
417 118 4 326
417 123 16 248
417 167 19 474
417 168 21 399
417 174 25 101
417 179 34 459
418 4 4 734
418 7 35 649
418 26 43 37
418 39 11 575
418 52 7 747
418 65 59 92
418 114 22 85
418 115 13 92
418 136 31 92
418 160 53 506
418 161 17 336
418 163 39 337
418 168 28 399
418 169 46 466
418 184 19 41
419 23 13 180
419 42 53 142
419 59 10 523
419 79 1 408
419 85 7 279
419 86 31 497
419 87 59 383
419 102 37 432
419 111 45 126
419 114 20 324
419 120 49 12
419 135 4 678
419 154 39 657
419 156 35 581
419 178 29 560
420 3 13 558
420 20 43 736
420 24 55 518
420 49 4 691
420 51 47 354
420 62 34 678
420 72 23 339
420 90 7 136
420 91 28 623
420 118 40 487
420 122 19 86
420 138 25 98
420 148 1 531
420 178 11 489
420 192 50 203
421 35 17 563
421 42 15 659
421 72 4 86
421 77 9 712
421 105 34 578
421 121 45 189
421 124 26 59
421 138 55 208
421 142 20 678
421 145 37 260
421 148 31 415
421 155 41 182
421 158 7 229
421 166 1 519
421 190 49 92
422 7 23 233
422 11 59 2
422 22 40 509
422 31 7 278
422 37 17 80
422 46 35 117
422 49 52 119
422 90 31 750
422 129 1 127
422 149 29 300
422 153 10 667
422 158 5 230
422 161 47 142
422 164 25 696
422 199 49 331
423 17 25 515
423 46 58 506
423 50 49 539
423 74 22 105
423 79 55 213
423 92 43 648
423 93 35 465
423 95 29 116
423 136 7 726
423 145 13 212
423 147 40 469
423 157 37 731
423 166 1 695
423 176 19 230
423 192 31 209
424 1 25 209
424 14 51 267
424 51 59 454
424 55 43 741
424 63 4 477
424 117 13 446
424 122 1 447
424 132 56 90
424 143 17 485
424 148 40 4
424 152 10 249
424 154 19 630
424 166 7 519
424 185 29 473
424 196 31 270
425 4 7 734
425 41 19 171
425 50 25 16
425 52 44 353
425 88 16 253
425 106 50 57
425 140 40 630
425 143 1 250
425 148 13 210
425 155 5 35
425 169 10 170
425 185 53 471
425 188 31 233
425 189 55 311
425 191 29 674
426 27 37 268
426 38 43 687
426 48 13 285
426 50 10 200
426 71 7 555
426 76 1 279
426 77 49 453
426 79 32 408
426 81 55 70
426 102 47 724
426 106 35 276
426 122 53 719
426 157 25 687
426 170 19 103
426 180 28 675
427 6 51 419
427 21 7 619
427 52 44 488
427 79 28 152
427 80 35 577
427 94 31 49
427 101 15 447
427 115 56 72
427 123 22 564
427 134 11 732
427 135 1 143
427 141 37 695
427 155 5 488
427 161 41 373
427 163 25 477
428 7 49 734
428 41 13 511
428 44 40 67
428 53 20 215
428 67 1 732
428 75 52 724
428 128 29 689
428 140 25 90
428 146 31 172
428 147 4 50
428 153 43 20
428 156 47 519
428 168 37 81
428 187 10 432
428 189 56 141
429 24 37 415
429 45 32 526
429 52 13 675
429 59 55 522
429 60 46 729
429 81 8 78
429 98 3 161
429 112 49 668
429 126 1 183
429 179 19 647
429 183 17 346
429 193 22 495
429 195 27 8
429 198 41 41
430 7 17 233
430 17 11 412
430 18 13 638
430 33 35 136
430 40 25 634
430 77 37 85
430 89 7 516
430 102 23 78
430 113 28 162
430 116 51 582
430 121 41 607
430 154 19 167
430 177 1 58
430 195 46 168
430 197 4 367
431 1 7 281
431 9 46 732
431 18 19 586
431 35 11 641
431 49 16 240
431 64 49 276
431 86 55 546
431 93 40 215
431 102 23 182
431 118 5 429
431 133 59 340
431 136 33 726
431 140 53 573
431 157 1 352
431 175 25 606
432 5 57 357
432 7 29 712
432 24 25 5
432 47 13 142
432 57 35 505
432 64 37 37
432 75 43 486
432 79 46 213
432 107 7 25
432 115 31 712
432 129 49 616
432 134 53 657
432 163 4 454
432 179 22 229
432 182 11 218
433 7 35 337
433 10 51 544
433 14 1 435
433 16 23 58
433 19 55 107
433 46 25 335
433 47 19 576
433 56 5 433
433 60 7 638
433 76 13 192
433 94 43 80
433 113 40 213
433 153 37 667
433 161 29 296
433 174 10 208
434 7 41 734
434 9 52 381
434 20 23 320
434 23 1 56
434 44 31 6
434 77 55 541
434 81 25 738
434 104 44 89
434 122 49 447
434 128 35 50
434 136 19 92
434 137 5 478
434 156 17 87
434 168 13 214
434 178 11 445
435 6 19 506
435 15 4 132
435 51 11 588
435 53 7 417
435 55 25 714
435 66 55 93
435 110 45 136
435 121 43 189
435 125 39 294
435 130 34 552
435 132 16 454
435 139 13 8
435 185 53 668
435 196 49 26
435 198 1 174
436 17 3 666
436 29 47 740
436 38 22 87
436 39 7 182
436 51 5 56
436 59 43 343
436 61 55 180
436 62 29 244
436 83 9 446
436 92 31 230
436 105 16 446
436 111 25 563
436 121 11 181
436 147 52 154
436 195 19 8
437 3 49 167
437 68 5 632
437 71 32 87
437 86 25 160
437 111 58 254
437 123 29 248
437 128 46 733
437 134 35 49
437 155 16 91
437 157 22 486
437 168 52 516
437 182 11 266
437 186 37 370
437 193 55 702
437 200 13 555
438 1 32 281
438 25 55 510
438 30 13 181
438 33 20 113
438 70 37 474
438 88 43 69
438 106 5 637
438 114 40 367
438 116 22 51
438 121 2 189
438 145 49 72
438 160 53 143
438 162 46 518
438 188 7 590
438 196 25 26
439 14 21 75
439 17 55 308
439 20 5 159
439 26 46 223
439 30 25 332
439 50 37 311
439 65 10 370
439 67 1 275
439 91 58 53
439 105 14 70
439 121 8 148
439 136 32 103
439 137 53 69
439 146 49 65
439 175 40 627
440 38 43 195
440 48 49 254
440 69 56 170
440 81 37 434
440 87 53 525
440 91 13 515
440 95 11 29
440 98 16 491
440 116 25 460
440 119 7 276
440 144 46 452
440 149 32 82
440 160 23 143
440 196 19 466
440 198 35 675
441 1 31 539
441 15 4 97
441 23 43 406
441 36 49 336
441 60 25 228
441 63 37 340
441 65 47 32
441 95 23 556
441 107 17 25
441 132 1 223
441 152 19 627
441 162 28 242
441 180 40 731
441 188 8 340
441 192 13 617
442 6 7 615
442 14 1 404
442 58 19 237
442 76 37 511
442 81 43 77
442 98 4 6
442 110 49 399
442 113 13 713
442 123 59 248
442 125 55 20
442 130 16 279
442 133 33 340
442 147 27 695
442 150 35 203
442 191 41 553
443 2 35 111
443 7 15 337
443 21 50 6
443 51 41 513
443 70 37 208
443 78 55 115
443 86 25 497
443 95 5 102
443 119 1 529
443 120 45 87
443 121 13 552
443 129 31 107
443 133 29 269
443 172 58 208
443 190 19 544
444 8 1 253
444 10 55 320
444 17 59 477
444 25 7 405
444 33 5 221
444 40 43 634
444 42 11 550
444 52 37 747
444 57 51 606
444 64 20 37
444 111 31 77
444 139 16 8
444 150 29 662
444 182 25 218
445 2 23 488
445 23 55 601
445 27 25 485
445 40 43 332
445 42 7 37
445 61 49 436
445 92 38 471
445 106 29 621
445 124 13 663
445 126 59 183
445 142 1 77
445 156 5 653
445 161 9 687
445 195 19 407
445 196 31 749
446 12 34 229
446 41 8 499
446 45 37 164
446 64 43 655
446 67 58 275
446 81 3 372
446 111 49 126
446 116 52 245
446 122 47 522
446 129 19 573
446 150 29 655
446 152 13 249
446 165 16 742
446 173 25 731
446 177 31 58
447 30 55 383
447 36 7 412
447 59 25 407
447 69 44 569
447 78 31 339
447 86 1 431
447 93 5 88
447 96 51 646
447 99 28 420
447 114 19 253
447 123 49 39
447 139 16 750
447 143 23 211
447 172 34 343
447 189 37 477
448 20 53 41
448 34 47 13
448 41 31 524
448 59 13 103
448 90 19 750
448 94 37 554
448 97 16 555
448 98 25 161
448 110 55 493
448 132 28 187
448 152 10 67
448 168 49 554
448 178 5 560
448 186 1 612
448 189 43 334
449 5 51 445
449 14 38 481
449 71 46 491
449 79 43 711
449 101 13 267
449 103 10 354
449 107 59 541
449 113 19 431
449 134 41 164
449 148 16 531
449 156 5 721
449 163 55 714
449 169 25 354
449 177 22 101
449 186 31 616
450 20 53 98
450 27 43 702
450 30 21 181
450 47 55 142
450 56 41 250
450 60 37 127
450 65 17 478
450 125 34 647
450 139 49 658
450 150 3 434
450 160 31 287
450 164 13 485
450 188 7 616
450 196 25 270
451 8 1 582
451 15 25 132
451 39 5 127
451 49 43 119
451 60 55 638
451 73 37 408
451 91 49 377
451 95 35 116
451 125 16 294
451 127 47 476
451 143 41 211
451 148 52 627
451 162 58 555
451 186 31 717
451 199 28 503
452 11 5 172
452 41 1 221
452 63 46 424
452 79 34 213
452 90 20 344
452 107 29 541
452 110 37 70
452 113 49 195
452 124 25 465
452 126 41 107
452 149 11 82
452 169 58 455
452 180 8 727
452 183 53 722
452 197 31 181
453 14 3 724
453 46 11 117
453 55 20 403
453 59 49 84
453 66 31 163
453 79 52 152
453 92 37 253
453 102 59 374
453 121 7 607
453 123 17 213
453 139 55 8
453 146 25 238
453 153 46 274
453 162 13 518
453 179 43 492
454 4 58 707
454 10 13 345
454 29 47 525
454 35 35 641
454 41 25 712
454 48 7 285
454 49 44 240
454 64 19 655
454 76 31 484
454 129 37 335
454 139 4 344
454 141 1 459
454 143 17 104
454 152 55 249
454 187 11 618
455 28 23 47
455 52 31 352
455 65 25 100
455 70 19 582
455 85 45 574
455 89 37 675
455 95 13 116
455 114 4 746
455 128 29 733
455 132 49 90
455 152 16 249
455 167 55 582
455 168 1 200
455 169 7 466
455 184 58 228
456 8 22 148
456 13 26 43
456 47 55 172
456 80 47 577
456 92 50 348
456 97 16 580
456 116 13 620
456 117 39 80
456 121 5 148
456 122 7 113
456 132 43 738
456 166 1 729
456 188 31 739
456 200 11 346
457 8 43 641
457 14 1 481
457 16 49 469
457 43 52 350
457 68 55 666
457 71 31 97
457 73 14 353
457 81 19 77
457 127 35 595
457 164 38 115
457 177 4 53
457 178 29 489
457 179 25 647
457 195 11 168
457 200 23 131
458 5 26 357
458 8 16 145
458 11 35 477
458 18 37 638
458 19 58 107
458 34 47 686
458 57 23 606
458 60 1 138
458 80 14 268
458 84 11 386
458 104 49 476
458 111 55 398
458 129 43 127
458 148 4 627
458 167 9 86
459 23 27 457
459 27 7 666
459 29 1 579
459 45 31 705
459 48 57 287
459 53 38 117
459 63 46 230
459 65 53 145
459 70 22 503
459 78 49 621
459 133 5 340
459 136 13 233
459 143 25 104
459 161 17 296
459 176 43 411
460 16 47 637
460 22 43 670
460 32 53 503
460 51 21 354
460 58 55 104
460 64 8 722
460 65 1 338
460 69 25 455
460 73 31 131
460 78 49 339
460 107 13 126
460 108 19 730
460 134 41 726
460 159 4 387
460 185 23 668
461 3 31 558
461 10 49 345
461 29 29 734
461 30 7 383
461 44 55 744
461 46 23 160
461 60 34 138
461 85 40 574
461 117 16 472
461 119 19 452
461 130 13 91
461 131 43 571
461 185 1 471
461 190 3 26
461 192 25 556
462 19 16 155
462 36 31 151
462 45 56 524
462 63 13 165
462 76 1 182
462 82 11 681
462 92 25 348
462 94 38 505
462 103 7 354
462 111 52 77
462 123 35 248
462 124 43 546
462 167 5 577
462 175 22 44
462 176 19 671
463 3 43 242
463 18 31 2
463 35 37 702
463 40 20 742
463 58 25 213
463 84 23 642
463 87 41 435
463 125 49 400
463 141 52 473
463 147 16 348
463 155 4 181
463 168 13 200
463 178 7 215
463 184 10 609
463 186 55 17
464 6 1 509
464 9 31 619
464 31 20 714
464 51 35 454
464 63 40 101
464 67 49 732
464 68 46 632
464 72 11 446
464 76 25 719
464 82 59 648
464 91 56 619
464 135 52 678
464 150 29 434
464 169 7 170
464 175 43 627
465 4 25 618
465 7 53 95
465 11 41 477
465 30 44 719
465 61 37 669
465 65 17 736
465 71 4 526
465 86 31 567
465 93 7 733
465 120 56 87
465 131 9 613
465 137 29 27
465 148 49 210
465 170 1 136
465 191 23 4
466 7 34 734
466 28 29 497
466 29 37 13
466 34 59 537
466 56 31 489
466 76 55 488
466 98 25 432
466 102 53 432
466 105 7 741
466 114 13 746
466 124 3 606
466 125 10 294
466 151 23 707
466 154 49 560
466 184 16 228
467 9 31 218
467 41 27 140
467 46 13 667
467 51 25 686
467 52 55 89
467 53 7 339
467 57 49 606
467 63 40 89
467 92 43 56
467 107 59 113
467 117 22 472
467 133 15 340
467 139 52 377
467 153 34 274
467 167 1 724
468 6 7 660
468 37 1 650
468 39 59 705
468 40 34 742
468 55 19 607
468 58 3 104
468 59 52 103
468 75 31 724
468 78 46 603
468 79 13 434
468 117 25 472
468 136 37 726
468 137 17 634
468 180 43 681
468 198 29 331
469 23 19 296
469 30 43 102
469 40 58 634
469 72 53 659
469 92 31 348
469 94 37 49
469 99 55 58
469 131 7 46
469 151 47 707
469 153 16 274
469 166 4 695
469 181 25 250
469 182 11 669
469 185 23 471
469 187 41 552
470 6 1 320
470 10 7 345
470 35 41 747
470 46 11 154
470 54 21 537
470 55 37 628
470 80 55 160
470 81 32 372
470 100 25 489
470 136 57 633
470 148 43 181
470 158 19 326
470 162 52 662
470 190 13 729
470 198 47 2
471 9 40 221
471 15 1 417
471 61 26 381
471 69 13 170
471 88 7 429
471 107 47 723
471 119 55 116
471 124 43 519
471 125 31 647
471 130 34 91
471 152 37 627
471 153 19 667
471 154 49 630
471 166 4 729
472 19 33 65
472 22 4 465
472 23 43 408
472 31 55 278
472 41 13 381
472 82 29 705
472 109 25 579
472 127 1 659
472 141 52 44
472 156 11 653
472 157 39 588
472 179 7 459
472 195 21 8
473 3 49 224
473 13 43 513
473 28 11 497
473 43 34 350
473 75 28 669
473 91 38 515
473 92 55 739
473 93 52 148
473 100 3 552
473 109 16 432
473 110 19 70
473 134 23 626
473 137 31 667
473 151 41 473
473 195 7 468
474 18 13 327
474 60 28 274
474 68 35 444
474 73 19 408
474 79 25 81
474 91 7 515
474 120 44 618
474 130 58 552
474 148 40 181
474 149 17 82
474 164 1 721
474 167 49 582
474 175 10 521
474 187 5 242
474 190 31 50
475 3 49 148
475 47 7 335
475 83 23 538
475 85 37 100
475 102 53 648
475 109 31 85
475 110 27 218
475 126 11 107
475 127 3 659
475 131 43 559
475 132 19 333
475 164 13 218
475 165 40 417
475 166 58 729
475 198 47 270
476 1 37 209
476 13 7 579
476 21 27 102
476 22 33 489
476 36 49 59
476 50 46 539
476 78 1 294
476 83 5 612
476 88 22 82
476 101 19 158
476 107 59 267
476 146 55 580
476 148 15 627
476 178 31 560
476 180 43 60
477 11 34 249
477 35 59 530
477 41 55 521
477 42 29 5
477 52 20 525
477 79 4 408
477 89 50 523
477 90 25 750
477 114 16 746
477 130 31 91
477 132 10 223
477 135 40 678
477 173 43 731
477 178 7 227
478 13 3 668
478 38 47 669
478 40 22 634
478 59 34 679
478 68 49 248
478 69 7 659
478 85 55 50
478 97 31 166
478 121 40 387
478 133 11 269
478 145 13 619
478 155 58 4
478 171 1 576
478 179 43 459
478 188 51 346
479 42 40 5
479 54 49 372
479 66 21 86
479 78 55 621
479 89 8 675
479 90 2 213
479 102 29 182
479 110 43 66
479 111 58 563
479 113 26 576
479 121 19 181
479 166 34 75
479 199 13 208
480 17 41 515
480 20 1 41
480 22 37 410
480 27 3 295
480 30 19 709
480 47 27 569
480 62 44 678
480 65 23 736
480 110 32 399
480 165 10 429
480 176 46 726
480 178 17 170
480 185 25 466
480 187 53 209
480 193 58 702
481 2 53 111
481 10 13 216
481 16 21 4
481 27 37 211
481 62 41 333
481 75 7 460
481 82 47 705
481 85 44 444
481 115 49 670
481 119 25 740
481 160 17 675
481 164 32 115
481 165 1 469
481 181 57 250
481 193 10 6
482 7 7 372
482 22 32 675
482 32 11 410
482 39 1 498
482 58 3 237
482 63 19 101
482 70 49 474
482 83 17 66
482 94 13 49
482 106 23 115
482 125 43 588
482 138 25 237
482 142 28 679
482 171 47 567
482 200 59 628
483 6 37 97
483 20 47 159
483 39 23 88
483 44 43 726
483 45 7 214
483 66 55 663
483 68 1 632
483 74 49 343
483 79 3 152
483 86 13 379
483 101 19 666
483 125 34 501
483 127 11 383
483 161 32 142
483 190 25 729
484 1 13 209
484 14 19 745
484 22 49 509
484 27 55 370
484 30 1 383
484 44 10 739
484 47 43 335
484 53 37 339
484 89 32 320
484 105 25 554
484 116 52 686
484 134 59 164
484 137 29 538
484 170 22 590
484 200 47 131
485 49 25 119
485 62 34 646
485 97 31 243
485 98 22 53
485 111 10 467
485 114 4 253
485 130 7 91
485 136 55 403
485 144 16 452
485 148 37 224
485 150 44 750
485 153 40 20
485 168 49 679
485 184 52 230
485 200 29 377
486 25 7 400
486 47 1 335
486 51 29 429
486 53 25 693
486 78 21 420
486 102 41 648
486 111 46 82
486 124 56 606
486 134 11 726
486 140 17 59
486 146 13 172
486 147 37 220
486 160 33 287
486 182 19 558
486 189 50 217
487 3 9 167
487 5 19 211
487 7 5 233
487 31 1 222
487 33 14 499
487 42 29 444
487 81 49 78
487 103 37 455
487 124 33 108
487 132 16 223
487 141 55 695
487 155 59 488
487 179 40 459
487 189 25 116
487 196 43 270
488 1 43 129
488 31 55 187
488 39 17 575
488 78 58 469
488 100 25 13
488 110 7 580
488 128 47 571
488 143 11 211
488 151 1 518
488 169 39 612
488 174 14 487
488 175 31 687
488 182 29 721
488 184 49 189
488 197 4 497
489 38 47 741
489 48 50 398
489 71 9 215
489 87 59 525
489 91 34 266
489 97 22 256
489 99 55 634
489 107 31 541
489 117 19 80
489 125 1 702
489 148 25 445
489 160 41 675
489 175 16 521
489 177 13 58
489 193 4 389
490 6 19 674
490 31 37 278
490 32 34 145
490 65 59 736
490 69 43 170
490 78 13 577
490 79 7 511
490 85 40 44
490 89 25 44
490 101 55 412
490 106 23 276
490 113 2 491
490 121 10 189
490 149 29 314
490 176 31 609
491 8 4 582
491 26 40 736
491 96 43 747
491 98 31 362
491 105 22 372
491 111 56 77
491 120 25 601
491 130 34 218
491 155 53 616
491 171 11 152
491 172 16 72
491 173 7 731
491 175 37 44
491 176 13 68
491 200 1 628
492 7 9 372
492 15 33 638
492 63 25 675
492 67 13 95
492 94 50 505
492 96 46 646
492 101 1 686
492 120 39 683
492 127 23 659
492 129 19 555
492 133 5 666
492 165 28 742
492 166 43 481
492 178 55 707
492 187 31 432
493 34 47 183
493 35 35 747
493 36 37 742
493 38 5 87
493 39 7 617
493 81 43 383
493 82 53 102
493 84 19 642
493 111 10 658
493 136 31 444
493 150 58 434
493 151 41 131
493 159 22 433
493 186 49 157
493 197 1 181
494 5 49 357
494 22 37 39
494 54 56 144
494 58 31 331
494 64 8 323
494 68 19 248
494 94 25 49
494 112 43 525
494 113 4 162
494 119 21 407
494 143 35 336
494 150 29 750
494 169 16 544
494 170 40 537
495 14 7 435
495 21 13 324
495 34 3 183
495 54 38 144
495 63 52 162
495 71 10 674
495 99 28 229
495 120 19 646
495 122 17 522
495 129 31 573
495 133 43 407
495 136 55 92
495 187 59 419
495 191 23 674
495 200 47 346
496 18 43 327
496 22 34 481
496 62 3 244
496 71 37 180
496 79 52 81
496 80 41 618
496 89 25 492
496 115 55 550
496 117 31 472
496 142 14 678
496 152 49 522
496 160 5 381
496 173 19 538
496 191 10 686
496 200 23 628
497 3 57 501
497 26 7 137
497 35 5 747
497 40 13 737
497 72 10 460
497 95 53 556
497 133 32 407
497 134 55 623
497 147 49 653
497 157 28 574
497 181 37 689
497 192 1 648
497 197 43 632
497 198 41 2
497 200 35 574
498 7 4 649
498 39 43 498
498 56 15 250
498 73 19 336
498 100 50 275
498 125 45 674
498 132 34 223
498 136 55 159
498 138 1 607
498 152 8 581
498 155 38 4
498 156 23 711
498 166 25 519
498 199 40 493
499 9 7 161
499 12 34 727
499 27 43 171
499 42 25 659
499 49 58 691
499 56 22 489
499 73 27 100
499 97 37 166
499 135 41 243
499 139 10 344
499 146 49 637
499 148 16 4
499 156 53 511
499 176 55 335
499 193 19 168
500 3 1 148
500 6 37 660
500 22 58 466
500 33 23 501
500 37 55 80
500 67 28 707
500 72 47 344
500 73 43 100
500 131 13 571
500 141 31 695
500 144 25 336
500 148 7 739
500 161 53 121
500 183 35 714
500 199 49 493
Điểm tối ưu/tốt nhất tìm được: 7412
Thời gian: 600.271692 giây
Trạng thái: VALID
