14801
1 10 23 194
1 68 55 1236
1 72 53 1016
1 184 19 1469
1 195 37 1087
1 213 17 347
1 214 7 1470
1 236 25 797
1 270 44 475
1 297 4 1341
1 324 29 1428
1 336 31 1226
1 344 49 1361
1 351 34 467
1 396 13 932
2 28 29 258
2 35 7 409
2 93 49 1152
2 129 40 1098
2 133 10 1151
2 135 1 716
2 144 31 299
2 149 57 1115
2 157 46 611
2 161 19 433
2 209 25 927
2 283 13 978
2 332 4 949
3 34 4 375
3 62 11 3
3 81 19 463
3 142 43 1400
3 144 16 662
3 158 46 874
3 166 13 258
3 178 32 1316
3 221 50 567
3 230 25 1103
3 238 53 1481
3 263 37 71
3 283 56 266
3 312 7 655
3 349 41 134
4 7 40 818
4 70 43 266
4 81 13 541
4 96 25 419
4 129 37 710
4 138 19 325
4 144 49 887
4 202 55 966
4 223 1 262
4 260 32 602
4 277 29 1424
4 306 10 299
4 342 22 1184
4 354 17 700
4 394 7 484
5 22 19 710
5 25 17 104
5 96 45 419
5 114 29 733
5 132 25 341
5 172 59 1433
5 183 13 1238
5 199 53 611
5 250 7 1022
5 254 49 1372
5 262 32 1027
5 267 37 1184
5 287 4 111
5 302 55 1227
5 376 1 254
6 68 31 31
6 143 26 566
6 156 1 78
6 158 45 970
6 188 7 155
6 213 11 587
6 217 53 486
6 221 39 476
6 245 23 51
6 247 59 876
6 289 4 1278
6 309 13 386
6 365 19 318
6 382 35 343
6 393 17 302
7 23 47 1029
7 111 11 1324
7 152 27 645
7 174 35 824
7 201 31 1425
7 202 21 1150
7 213 19 559
7 228 1 73
7 272 43 1041
7 281 37 795
7 291 16 1432
7 355 49 891
7 364 56 1071
7 368 7 674
7 375 4 570
8 34 22 449
8 36 13 771
8 99 31 142
8 105 4 992
8 138 40 576
8 140 29 497
8 145 44 1387
8 201 55 228
8 221 19 805
8 280 7 746
8 291 49 31
8 305 35 594
8 306 37 299
8 316 11 883
8 379 2 1493
9 69 17 323
9 79 55 432
9 100 1 1061
9 117 40 554
9 140 43 728
9 158 50 398
9 189 45 730
9 194 28 1094
9 204 58 1314
9 206 32 4
9 216 53 839
9 245 25 1300
9 320 13 745
9 375 22 570
9 389 10 589
10 19 43 710
10 56 31 936
10 69 53 804
10 98 59 283
10 110 47 1211
10 111 23 591
10 136 29 446
10 191 55 14
10 220 37 1493
10 224 19 896
10 255 1 178
10 256 14 415
10 285 40 1042
10 306 26 299
10 347 49 230
11 6 5 45
11 10 11 1456
11 24 1 1421
11 34 19 375
11 93 49 163
11 120 59 835
11 149 14 1492
11 168 43 68
11 179 22 1092
11 185 37 1352
11 238 35 78
11 254 25 1400
11 256 55 1358
11 301 7 205
11 308 41 270
12 31 35 1366
12 34 27 571
12 52 37 73
12 72 53 1433
12 85 4 1252
12 96 14 1039
12 116 11 727
12 122 19 267
12 130 25 1151
12 158 49 956
12 177 41 40
12 200 43 171
12 244 1 752
12 321 7 354
12 354 23 213
13 5 34 241
13 74 37 156
13 102 20 694
13 128 7 1
13 140 55 758
13 152 13 1156
13 175 57 1452
13 179 43 649
13 190 1 936
13 198 49 1366
13 251 31 1436
13 260 27 110
13 350 41 1115
13 369 23 1109
13 398 46 537
14 6 50 1229
14 35 14 653
14 41 1 1298
14 51 31 139
14 83 55 1187
14 114 35 537
14 179 7 1442
14 202 19 1418
14 207 25 129
14 245 11 131
14 313 5 1138
14 333 29 83
14 349 40 1461
14 356 43 178
14 363 37 877
15 59 49 903
15 83 47 440
15 87 37 535
15 88 43 1097
15 93 57 402
15 105 29 718
15 165 53 142
15 192 31 1412
15 253 19 315
15 267 5 727
15 330 9 784
15 336 25 500
15 357 1 306
15 375 40 1273
15 399 14 628
16 14 40 1016
16 53 59 237
16 82 43 26
16 113 49 303
16 119 7 617
16 141 55 882
16 195 4 1331
16 225 25 1052
16 282 28 431
16 307 31 1229
16 324 23 1250
16 344 19 1361
16 359 13 148
16 373 2 1002
16 374 52 898
17 15 49 1393
17 51 1 450
17 57 53 1290
17 88 7 1394
17 130 11 1211
17 151 23 1418
17 162 59 718
17 170 19 1187
17 213 5 815
17 271 41 549
17 297 44 995
17 349 17 1461
17 391 34 32
17 392 25 481
17 394 55 887
18 16 19 1252
18 70 43 1425
18 94 49 91
18 103 47 1020
18 122 37 566
18 177 23 894
18 179 55 110
18 213 41 675
18 269 4 1362
18 276 10 1372
18 322 25 9
18 355 31 3
18 358 53 1461
18 366 16 761
18 374 1 1155
19 87 1 1070
19 142 50 1089
19 165 35 905
19 167 37 1361
19 178 19 1316
19 211 7 96
19 218 25 1128
19 221 16 212
19 228 43 717
19 242 53 455
19 244 13 752
19 258 31 712
19 312 55 542
19 377 9 894
19 400 29 256
20 7 25 699
20 18 57 1336
20 23 10 1029
20 48 7 1026
20 53 47 268
20 92 49 46
20 98 55 453
20 105 53 675
20 115 40 1324
20 171 13 860
20 196 19 1346
20 217 29 747
20 336 22 1298
20 367 1 1261
20 393 33 127
21 9 33 465
21 57 16 1314
21 105 52 225
21 127 19 1062
21 134 11 1205
21 163 59 1185
21 188 4 750
21 191 31 840
21 261 55 466
21 338 9 699
21 348 44 318
21 371 49 1341
21 379 28 728
21 382 7 159
21 395 23 387
22 12 31 437
22 21 44 1008
22 30 11 430
22 65 28 1372
22 99 2 1467
22 132 7 789
22 191 59 306
22 222 19 428
22 229 55 1413
22 304 22 1016
22 321 37 997
22 337 49 955
22 356 14 824
22 395 35 1261
23 14 37 894
23 33 49 1234
23 66 31 155
23 102 13 153
23 135 40 1154
23 136 47 398
23 139 5 1215
23 185 19 260
23 186 43 336
23 286 58 194
23 306 3 842
23 314 9 968
23 333 53 1132
23 339 27 1263
23 391 55 1029
24 2 49 611
24 50 11 275
24 103 5 1394
24 133 37 398
24 138 55 893
24 194 19 1151
24 209 22 927
24 211 17 1421
24 252 13 718
24 256 7 121
24 307 1 116
24 330 34 722
24 350 47 97
24 380 58 14
24 387 25 782
25 12 13 1208
25 125 41 142
25 179 38 131
25 186 10 1250
25 240 19 715
25 249 55 1305
25 259 53 664
25 269 49 672
25 276 1 639
25 280 27 1492
25 294 59 1039
25 330 4 695
25 347 44 566
25 397 34 1091
26 1 17 1257
26 16 37 1030
26 50 27 402
26 140 35 1384
26 154 40 1426
26 174 29 824
26 191 53 230
26 193 5 533
26 211 23 96
26 232 49 802
26 237 46 420
26 244 10 52
26 276 13 904
26 279 31 1038
26 308 25 270
27 3 1 622
27 40 28 832
27 63 50 1231
27 66 55 505
27 80 35 915
27 140 23 1435
27 202 31 1066
27 243 59 795
27 257 16 1433
27 288 40 1041
27 296 5 407
27 303 13 1171
27 325 25 642
27 332 43 949
27 335 19 409
28 1 49 325
28 3 13 228
28 47 41 363
28 120 17 1281
28 121 43 322
28 156 37 712
28 197 33 1386
28 198 7 316
28 255 47 169
28 264 51 1287
28 289 11 107
28 296 31 1265
28 346 1 1107
28 361 19 583
28 400 5 1039
29 9 7 492
29 45 28 1045
29 49 1 860
29 87 19 353
29 146 51 655
29 163 5 1150
29 169 43 1312
29 246 23 234
29 275 11 1265
29 307 31 1089
29 311 16 1209
29 375 40 1271
29 390 59 1395
29 396 55 713
30 7 37 761
30 50 59 1372
30 57 10 1208
30 61 22 968
30 76 7 1087
30 98 4 67
30 120 17 289
30 143 31 527
30 154 40 113
30 170 43 883
30 178 13 1245
30 216 1 1418
30 288 28 1168
30 289 55 839
30 316 49 602
31 32 43 755
31 76 8 779
31 105 47 1436
31 136 49 153
31 166 22 1031
31 220 25 1408
31 264 31 461
31 269 19 1448
31 284 40 414
31 306 1 637
31 330 58 589
31 371 13 1279
31 380 28 1029
31 385 35 1189
31 396 51 789
32 13 25 813
32 17 37 389
32 30 59 796
32 41 55 717
32 128 2 851
32 153 53 843
32 183 43 125
32 193 49 589
32 229 13 1481
32 234 47 955
32 279 27 1333
32 288 31 946
32 302 19 136
32 305 23 954
32 325 10 248
33 7 26 49
33 32 33 641
33 122 44 823
33 150 37 373
33 168 55 311
33 238 23 652
33 240 13 675
33 274 49 1236
33 278 53 1362
33 285 4 197
33 289 31 107
33 293 29 751
33 319 7 254
33 328 19 103
33 329 58 1351
34 23 17 278
34 25 23 1388
34 37 49 121
34 73 13 1319
34 79 10 1215
34 85 4 882
34 117 7 741
34 128 56 599
34 185 33 499
34 205 19 271
34 211 47 559
34 310 27 275
34 345 39 311
34 346 43 397
35 52 1 1082
35 100 13 323
35 117 27 1303
35 128 8 1231
35 164 55 549
35 221 37 805
35 265 21 578
35 293 19 1353
35 311 4 1178
35 317 43 347
35 370 50 702
35 377 31 541
35 381 53 761
35 382 35 159
36 9 37 172
36 51 43 987
36 57 35 987
36 61 29 103
36 68 55 826
36 91 7 1354
36 93 19 246
36 115 14 536
36 243 47 415
36 267 11 1303
36 270 51 1300
36 317 25 823
36 329 1 334
36 332 31 184
37 10 11 904
37 17 13 190
37 21 49 1250
37 98 59 1141
37 161 19 534
37 168 1 594
37 220 34 38
37 310 31 89
37 330 28 1115
37 335 55 797
37 362 37 602
37 366 43 761
37 370 4 1270
37 385 47 446
37 390 7 697
38 65 37 628
38 70 1 875
38 73 23 9
38 79 25 432
38 82 49 814
38 118 53 512
38 120 35 79
38 135 10 1486
38 168 13 851
38 173 17 437
38 185 31 1198
38 190 43 501
38 216 5 497
38 270 19 254
38 320 55 198
39 12 49 812
39 43 28 387
39 48 25 596
39 66 1 505
39 67 43 474
39 74 21 932
39 135 7 1486
39 195 46 662
39 202 13 849
39 204 37 1188
39 235 17 1014
39 240 31 30
39 289 5 134
39 355 10 523
39 391 57 1432
40 22 19 509
40 42 13 710
40 50 47 402
40 57 55 79
40 114 23 405
40 116 17 1499
40 177 7 1052
40 250 31 1282
40 256 43 415
40 305 4 575
40 313 25 1413
40 347 38 269
40 391 52 1265
40 396 9 476
40 399 58 628
41 21 25 1201
41 24 52 1458
41 55 11 1154
41 77 43 1290
41 91 1 205
41 126 23 1392
41 128 7 303
41 163 59 571
41 182 49 60
41 222 13 1239
41 239 31 576
41 269 19 137
41 301 46 1039
41 310 16 738
41 356 37 512
42 18 13 1336
42 62 35 138
42 115 43 549
42 122 9 823
42 158 58 956
42 164 52 972
42 166 55 1031
42 172 41 950
42 197 31 329
42 212 7 549
42 274 49 1020
42 283 19 266
42 284 26 991
42 317 37 252
42 322 4 1052
43 10 32 469
43 48 5 866
43 57 1 1290
43 60 35 40
43 83 59 1226
43 118 53 1215
43 140 23 92
43 229 49 535
43 230 16 112
43 271 43 163
43 312 19 317
43 352 7 1211
43 353 29 639
43 385 47 903
43 397 41 1398
44 23 35 1331
44 33 10 871
44 69 47 718
44 71 1 961
44 117 49 390
44 233 5 286
44 241 56 1045
44 247 17 96
44 274 40 382
44 280 19 1476
44 283 25 643
44 298 53 571
44 323 37 402
44 375 7 1149
44 399 13 625
45 7 10 722
45 14 51 383
45 68 43 892
45 73 17 475
45 75 20 1231
45 84 35 1062
45 88 13 196
45 126 23 1075
45 176 37 138
45 178 31 283
45 205 25 751
45 245 1 1300
45 309 55 1098
45 341 4 801
45 382 29 985
46 6 59 764
46 7 1 88
46 17 32 1154
46 58 13 466
46 149 38 246
46 168 7 589
46 196 11 1346
46 221 4 1204
46 268 19 2
46 284 51 973
46 323 16 1232
46 346 55 286
46 357 43 787
46 387 26 904
47 9 7 449
47 10 52 823
47 14 34 578
47 41 13 305
47 55 17 402
47 75 19 1356
47 108 25 187
47 118 37 1203
47 138 31 303
47 197 55 971
47 246 23 1186
47 285 1 1336
47 297 43 1456
47 335 4 179
47 400 11 927
48 57 59 832
48 67 37 814
48 159 5 1473
48 160 25 447
48 162 11 516
48 178 43 1185
48 218 55 86
48 233 29 1149
48 266 19 1205
48 279 7 1168
48 317 1 967
48 343 22 1065
48 345 49 843
48 352 31 261
48 383 40 727
49 5 49 638
49 41 31 1178
49 61 11 103
49 75 25 1356
49 103 59 417
49 127 19 1239
49 172 5 454
49 195 40 718
49 215 55 1426
49 224 43 256
49 237 52 956
49 282 13 518
49 293 29 441
49 310 1 461
49 359 7 1448
50 4 1 1452
50 8 41 71
50 58 27 1388
50 88 49 784
50 93 37 903
50 118 31 512
50 119 19 221
50 127 7 479
50 158 58 1030
50 191 35 230
50 220 11 432
50 249 16 706
50 382 23 1041
50 387 43 1466
50 397 5 696
51 20 59 1092
51 26 52 686
51 64 19 1351
51 128 1 105
51 133 5 1102
51 181 40 1020
51 240 7 752
51 274 16 246
51 294 55 9
51 298 11 571
51 336 37 609
51 344 25 982
51 363 13 1464
51 390 35 676
51 397 23 1421
52 54 37 644
52 148 31 1431
52 155 2 703
52 162 23 745
52 167 14 419
52 181 46 799
52 203 25 307
52 206 19 258
52 207 11 237
52 220 35 892
52 232 59 1332
52 249 50 1226
52 250 55 1234
52 369 41 197
52 400 9 927
53 1 5 883
53 44 17 932
53 54 1 643
53 81 55 16
53 111 23 344
53 130 47 956
53 151 11 1451
53 207 59 702
53 255 31 976
53 264 25 843
53 307 19 789
53 336 40 170
53 338 53 91
53 364 44 702
53 399 13 1271
54 21 13 920
54 70 25 1173
54 83 37 81
54 93 55 277
54 156 46 407
54 170 7 188
54 180 59 915
54 203 19 1067
54 204 4 16
54 211 41 96
54 237 43 420
54 254 31 572
54 337 1 1195
54 343 52 375
54 389 17 1237
55 2 49 410
55 28 23 142
55 73 41 1178
55 79 13 1016
55 114 35 253
55 118 17 1431
55 135 46 1399
55 165 5 391
55 168 55 78
55 182 37 1458
55 300 28 170
55 312 1 1303
55 327 25 998
55 344 8 1374
55 366 31 307
56 16 49 37
56 58 43 653
56 79 14 804
56 85 22 14
56 105 29 936
56 107 10 1061
56 146 34 1448
56 148 26 754
56 198 1 271
56 313 19 145
56 316 5 1413
56 349 47 322
56 350 7 1281
56 366 31 40
56 383 37 779
57 2 25 611
57 32 55 544
57 36 1 1056
57 63 31 74
57 77 58 847
57 91 37 205
57 103 17 1020
57 149 13 702
57 196 5 257
57 197 49 694
57 258 19 838
57 332 44 315
57 340 41 745
57 389 23 1303
57 392 7 1312
58 27 58 1430
58 33 16 826
58 43 28 198
58 137 11 771
58 148 7 1155
58 163 35 1152
58 195 37 771
58 216 22 823
58 236 31 80
58 251 13 779
58 288 52 1168
58 304 40 1288
58 345 45 473
58 367 1 535
58 397 5 1319
59 10 23 683
59 54 55 137
59 86 53 458
59 115 49 1135
59 133 47 336
59 139 17 449
59 202 39 169
59 206 26 4
59 218 43 86
59 231 19 682
59 241 1 251
59 278 5 228
59 293 59 989
59 334 35 1239
59 372 11 1431
60 56 31 779
60 60 41 407
60 67 13 1014
60 111 59 715
60 133 47 788
60 250 43 1156
60 277 17 322
60 284 1 973
60 285 25 323
60 353 29 593
60 354 5 1153
60 360 10 305
60 376 22 1098
60 390 35 544
60 391 37 1271
61 4 1 409
61 112 19 1068
61 154 37 815
61 178 45 1138
61 268 31 973
61 276 4 40
61 289 25 893
61 290 29 2
61 321 51 577
61 335 8 1024
61 345 13 33
61 366 40 1052
61 370 56 1322
61 389 22 410
61 400 49 919
62 1 53 824
62 97 39 750
62 99 55 989
62 145 43 1271
62 146 10 590
62 166 19 773
62 184 34 1257
62 196 41 1352
62 215 3 730
62 258 13 1310
62 295 49 1155
62 304 31 529
62 322 22 185
62 372 47 1261
62 390 59 118
63 20 13 1082
63 78 41 810
63 124 26 804
63 156 9 1270
63 166 49 9
63 171 37 253
63 224 55 138
63 271 1 163
63 280 15 976
63 288 34 1335
63 358 5 159
63 369 52 867
63 377 43 184
63 384 19 1055
63 393 7 302
64 35 16 409
64 39 59 1276
64 63 34 829
64 100 25 1188
64 142 7 341
64 164 10 1155
64 167 55 787
64 276 31 639
64 295 19 642
64 307 1 252
64 326 50 391
64 351 46 225
64 387 37 590
65 7 40 1082
65 9 13 449
65 50 47 204
65 77 7 622
65 86 29 257
65 149 56 559
65 164 22 409
65 169 3 1412
65 170 43 617
65 242 35 896
65 310 52 1476
65 338 17 809
65 368 31 593
65 371 37 635
65 373 11 817
66 9 57 577
66 25 47 266
66 48 23 273
66 61 41 938
66 76 37 1062
66 78 55 225
66 98 17 283
66 124 4 985
66 128 19 887
66 150 7 897
66 184 50 158
66 234 11 790
66 273 35 730
66 315 26 1381
66 363 1 1042
67 14 55 1156
67 83 58 801
67 101 53 543
67 124 22 678
67 150 43 1337
67 206 49 260
67 229 26 535
67 253 31 315
67 262 13 363
67 266 7 997
67 299 40 347
67 324 35 1082
67 388 1 1365
67 400 47 49
68 8 35 458
68 71 1 1363
68 120 23 1412
68 130 47 1369
68 136 41 323
68 163 17 571
68 209 49 316
68 232 11 838
68 233 29 329
68 244 7 513
68 282 52 1203
68 314 37 1314
68 360 43 305
68 369 59 607
68 396 13 594
69 21 19 920
69 54 37 1394
69 64 49 347
69 87 2 590
69 97 25 605
69 178 55 976
69 253 43 1128
69 282 34 1065
69 314 14 1186
69 321 7 983
69 333 41 331
69 345 27 787
69 350 47 1178
69 385 23 702
69 400 53 81
70 20 35 1241
70 95 59 590
70 116 31 801
70 122 1 389
70 151 5 1015
70 210 29 643
70 213 11 1430
70 217 55 135
70 248 7 801
70 261 25 455
70 331 17 529
70 351 49 143
70 352 13 971
70 382 23 572
70 400 41 746
71 11 55 629
71 90 7 892
71 136 17 1373
71 158 22 1354
71 213 49 1442
71 229 13 823
71 269 19 1178
71 281 25 169
71 298 47 763
71 307 43 49
71 315 1 557
71 337 40 472
71 341 51 110
71 371 37 1341
71 397 59 526
72 1 17 936
72 69 23 1270
72 77 49 1150
72 86 11 926
72 119 25 1184
72 124 20 350
72 149 37 1398
72 154 52 416
72 155 31 1067
72 223 43 1159
72 264 1 812
72 283 55 329
72 313 29 1340
72 375 7 590
72 376 13 1487
73 113 25 814
73 118 44 512
73 177 23 904
73 225 59 1358
73 240 19 675
73 241 37 135
73 247 52 157
73 255 41 812
73 257 4 1223
73 267 49 520
73 284 55 414
73 358 47 549
73 369 29 607
73 375 16 570
73 380 31 1365
74 65 37 1166
74 68 43 849
74 73 3 475
74 91 51 374
74 94 25 80
74 96 31 159
74 120 11 260
74 187 7 607
74 267 49 731
74 315 19 903
74 329 16 407
74 365 55 832
74 369 59 1086
74 372 47 1393
74 382 5 46
75 9 19 1121
75 37 31 458
75 46 44 1276
75 86 29 804
75 96 13 694
75 175 9 537
75 192 50 92
75 205 37 676
75 219 23 138
75 233 35 916
75 256 55 248
75 304 1 79
75 311 4 1320
75 384 25 1153
76 8 41 516
76 12 32 225
76 20 11 1492
76 34 52 1346
76 76 25 486
76 85 37 982
76 87 4 1097
76 97 13 1035
76 105 47 497
76 133 23 116
76 153 29 1395
76 176 7 500
76 266 49 1189
76 276 1 686
76 309 59 787
77 50 11 1026
77 61 1 1171
77 100 39 800
77 163 53 933
77 175 22 97
77 211 59 388
77 218 55 260
77 239 31 28
77 250 3 950
77 271 16 598
77 321 44 457
77 347 7 548
77 363 28 8
77 367 49 478
78 6 11 373
78 19 43 213
78 67 40 584
78 77 25 847
78 81 51 1232
78 85 22 1271
78 87 37 1167
78 178 7 301
78 184 16 1288
78 194 34 92
78 234 49 1121
78 271 5 773
78 280 1 458
78 327 58 1381
78 336 55 1026
79 20 35 545
79 153 56 968
79 168 19 967
79 186 10 507
79 188 40 492
79 218 1 260
79 249 37 511
79 250 13 1130
79 254 25 52
79 255 47 752
79 261 58 9
79 285 43 1368
79 343 52 674
79 351 31 43
80 6 11 1024
80 24 52 619
80 74 43 534
80 126 59 730
80 128 55 1487
80 136 35 1416
80 174 23 1056
80 183 7 1238
80 252 19 3
80 274 31 344
80 294 47 673
80 310 28 1470
80 315 13 511
80 353 49 118
80 396 37 789
81 7 22 639
81 40 55 501
81 79 13 331
81 165 4 638
81 172 17 254
81 181 40 1209
81 208 1 1159
81 233 29 540
81 236 44 289
81 252 7 1314
81 257 34 880
81 337 49 795
81 343 19 608
81 371 58 387
81 390 11 697
82 5 13 1436
82 41 55 1354
82 51 43 985
82 56 19 727
82 57 1 722
82 126 59 1408
82 137 11 1420
82 159 33 1061
82 194 37 823
82 217 23 135
82 267 35 590
82 274 40 261
82 331 5 453
82 362 7 344
82 381 47 463
83 18 28 528
83 30 11 157
83 64 43 1035
83 72 23 727
83 82 55 977
83 90 13 1305
83 149 38 1014
83 189 19 992
83 221 25 567
83 226 2 611
83 245 5 1300
83 263 7 1488
83 347 49 566
83 356 31 1359
84 21 27 686
84 49 9 747
84 72 23 534
84 77 46 143
84 83 19 449
84 102 4 78
84 120 1 1361
84 180 59 68
84 185 37 1425
84 190 14 318
84 212 7 1071
84 279 55 856
84 284 52 64
84 287 35 449
84 294 25 1141
85 32 1 545
85 56 19 1297
85 88 49 196
85 119 7 1316
85 138 58 1378
85 173 17 69
85 179 25 499
85 187 13 1050
85 205 38 751
85 246 23 577
85 341 46 1435
85 343 4 826
85 366 43 872
85 372 35 1412
85 387 31 1039
86 16 10 1252
86 76 49 229
86 82 43 219
86 124 25 1022
86 170 55 1451
86 231 23 715
86 234 21 31
86 244 4 752
86 246 59 641
86 294 52 9
86 296 19 815
86 316 13 602
86 324 29 105
86 333 41 1420
86 379 17 442
87 7 43 722
87 21 37 1008
87 24 28 1031
87 31 55 155
87 48 5 680
87 66 7 505
87 134 59 826
87 262 13 76
87 263 49 1270
87 270 31 1366
87 294 47 608
87 306 11 270
87 310 20 1238
87 334 41 1499
87 398 53 924
88 1 35 448
88 7 16 170
88 27 49 1428
88 30 55 1287
88 65 13 316
88 93 44 437
88 126 41 198
88 164 20 807
88 189 9 302
88 203 37 571
88 279 2 1074
88 296 7 537
88 313 23 1251
88 390 25 645
88 391 58 1271
89 23 35 1387
89 33 49 1368
89 51 55 90
89 81 7 587
89 102 22 846
89 105 59 1127
89 132 1 787
89 159 11 856
89 254 31 866
89 271 40 655
89 295 13 1458
89 318 17 1428
89 332 46 949
89 376 28 738
89 385 53 702
90 32 19 905
90 125 43 1038
90 146 58 1105
90 153 53 1072
90 206 1 170
90 215 22 1365
90 219 11 138
90 269 14 1287
90 273 5 1374
90 295 32 466
90 352 25 520
90 356 7 1431
90 379 47 22
90 394 37 1300
90 395 40 364
91 46 7 745
91 126 52 275
91 148 37 360
91 155 25 1483
91 182 2 29
91 202 19 662
91 235 23 513
91 269 58 1287
91 311 34 1168
91 318 5 587
91 326 45 469
91 376 55 430
91 392 13 520
91 399 40 860
92 1 23 599
92 49 37 790
92 126 47 1408
92 195 34 1298
92 210 11 708
92 223 1 561
92 232 59 625
92 263 7 816
92 269 13 1288
92 275 17 697
92 322 20 841
92 327 56 8
92 330 49 1115
92 346 43 916
92 360 26 104
93 55 53 1058
93 58 46 136
93 68 19 1394
93 148 1 1395
93 151 43 1420
93 161 31 534
93 168 40 618
93 178 55 816
93 219 59 733
93 269 49 431
93 297 28 840
93 324 10 306
93 325 37 178
93 340 5 437
93 371 16 1178
94 39 11 269
94 40 34 1352
94 117 58 441
94 120 17 79
94 133 15 1151
94 179 4 919
94 211 13 905
94 225 49 991
94 237 31 636
94 285 38 1215
94 295 25 591
94 311 7 1166
94 314 21 277
94 342 55 1184
94 373 29 26
95 15 37 1372
95 50 11 288
95 54 19 708
95 84 35 713
95 93 49 277
95 148 55 745
95 152 31 681
95 197 2 125
95 202 7 358
95 215 16 155
95 257 13 1433
95 272 43 700
95 287 23 710
95 289 29 1128
95 385 41 622
96 58 19 576
96 205 1 790
96 217 35 1307
96 227 57 221
96 231 11 924
96 239 15 815
96 244 52 1352
96 280 31 343
96 285 22 447
96 302 43 170
96 328 28 30
96 359 49 49
96 363 37 545
96 366 7 628
97 26 22 1335
97 42 35 471
97 117 40 1018
97 177 29 266
97 201 13 225
97 230 4 79
97 254 7 866
97 262 25 1027
97 272 43 1340
97 280 55 306
97 285 52 1162
97 388 31 1127
97 394 37 1365
97 399 1 578
98 15 8 1121
98 56 14 1058
98 60 29 551
98 96 19 951
98 126 47 548
98 178 43 283
98 180 41 706
98 188 26 573
98 227 1 1168
98 325 32 1319
98 340 35 463
98 351 58 920
98 371 37 801
98 381 23 323
98 389 52 570
99 49 43 391
99 97 35 961
99 108 20 526
99 115 13 713
99 173 11 116
99 177 41 266
99 186 7 507
99 217 53 1307
99 240 1 808
99 243 5 810
99 267 17 153
99 324 47 1428
99 343 37 1045
99 363 25 706
99 385 59 213
100 7 10 88
100 13 5 1098
100 24 58 30
100 38 19 170
100 64 49 269
100 135 1 430
100 179 7 634
100 184 46 1257
100 206 39 1015
100 217 37 486
100 270 31 1481
100 322 43 809
100 324 29 180
100 346 13 954
100 362 25 3
101 22 49 1010
101 32 15 641
101 39 35 17
101 48 41 273
101 63 28 1403
101 64 43 1408
101 76 1 486
101 84 23 728
101 183 19 652
101 203 37 187
101 248 10 535
101 286 25 1475
101 288 31 1451
101 316 47 1413
101 324 53 1302
102 97 5 329
102 104 9 1157
102 137 43 157
102 161 25 273
102 163 23 320
102 184 38 453
102 193 35 589
102 202 31 169
102 205 1 751
102 213 7 922
102 223 50 299
102 296 15 697
102 315 55 1200
102 337 45 578
102 354 29 1107
103 107 10 473
103 119 26 1447
103 181 16 92
103 228 37 1374
103 248 1 214
103 266 22 797
103 274 19 1236
103 275 35 8
103 330 31 1115
103 341 52 202
103 347 55 1263
103 353 5 593
103 354 41 185
103 359 49 1091
103 376 46 40
104 86 16 900
104 97 7 1035
104 130 59 1062
104 137 53 771
104 147 28 954
104 191 11 578
104 232 35 1344
104 268 55 905
104 283 43 431
104 286 20 194
104 331 41 1156
104 345 37 270
104 386 25 1399
104 389 47 410
104 390 23 949
105 13 29 977
105 17 1 1332
105 35 10 653
105 71 25 961
105 135 46 205
105 144 13 1121
105 158 16 810
105 160 37 218
105 183 50 1151
105 201 19 43
105 254 55 782
105 268 31 120
105 334 5 1132
105 339 7 1428
105 341 43 816
106 12 55 455
106 58 37 576
106 118 7 1067
106 148 40 360
106 204 52 1314
106 220 5 155
106 237 43 265
106 255 11 1487
106 275 50 233
106 293 17 835
106 320 32 605
106 351 28 368
106 369 47 607
106 389 23 860
106 396 19 761
107 3 31 1356
107 13 47 1098
107 54 43 810
107 105 53 1312
107 120 1 1436
107 133 59 1340
107 147 40 1162
107 149 19 1492
107 205 7 308
107 224 25 317
107 251 3 1436
107 265 35 446
107 291 13 1187
107 293 17 50
107 378 29 587
108 20 41 164
108 35 22 653
108 40 9 311
108 44 17 343
108 80 7 1251
108 113 25 1493
108 194 19 775
108 232 32 233
108 248 44 1198
108 256 13 1195
108 354 47 1238
108 369 1 431
108 370 4 954
108 379 35 898
108 397 29 653
109 18 46 746
109 72 5 839
109 138 19 127
109 140 11 741
109 176 25 474
109 186 34 801
109 230 40 1127
109 235 17 26
109 250 7 1407
109 274 58 299
109 277 3 1499
109 313 32 271
109 368 49 1002
109 373 23 874
109 376 37 1366
110 81 2 736
110 84 29 467
110 104 41 9
110 105 53 112
110 123 49 256
110 127 31 1421
110 150 13 135
110 188 7 539
110 194 21 501
110 231 59 970
110 256 55 121
110 267 11 520
110 343 26 1209
110 347 37 230
110 377 43 817
111 65 31 154
111 93 13 1421
111 116 29 67
111 180 17 277
111 185 38 896
111 232 5 802
111 239 55 1261
111 249 49 901
111 251 52 775
111 263 7 1261
111 266 46 1189
111 287 11 213
111 291 25 860
111 384 1 1055
111 393 23 318
112 14 19 1200
112 41 25 1298
112 52 7 268
112 61 46 1412
112 120 53 330
112 192 14 1047
112 210 35 1094
112 220 29 606
112 221 55 363
112 324 37 1302
112 327 1 481
112 340 41 353
112 383 49 1106
112 384 31 1059
112 390 22 118
113 7 34 926
113 29 7 1273
113 33 1 1368
113 54 15 1030
113 59 25 995
113 163 29 1185
113 222 55 1239
113 229 49 771
113 233 53 329
113 260 37 1340
113 331 5 1129
113 335 22 985
113 341 40 1234
113 371 19 1279
113 399 43 557
114 8 19 936
114 93 55 617
114 200 25 1058
114 218 43 1031
114 240 37 675
114 254 8 911
114 259 17 119
114 277 59 29
114 279 31 1333
114 288 52 1052
114 318 41 505
114 354 29 1365
114 362 3 602
114 374 35 83
114 389 47 1232
115 28 59 478
115 37 37 458
115 40 31 1210
115 81 21 1468
115 91 44 554
115 97 41 579
115 99 51 1035
115 112 25 332
115 157 7 847
115 203 1 868
115 231 11 500
115 245 28 1241
115 258 55 475
115 264 14 1197
115 381 19 567
116 36 19 1368
116 66 37 155
116 216 1 839
116 228 8 151
116 233 25 1487
116 248 31 69
116 255 23 840
116 265 43 118
116 277 41 1055
116 304 16 80
116 346 27 384
116 359 4 1133
116 360 52 1305
116 371 58 833
116 394 34 814
117 8 17 149
117 28 23 956
117 93 13 617
117 131 5 1435
117 134 46 79
117 156 33 1184
117 172 43 1339
117 175 28 802
117 179 49 634
117 205 7 1353
117 255 19 840
117 285 58 1215
117 364 52 1319
117 377 1 894
117 394 40 484
118 34 46 253
118 62 11 776
118 114 25 1366
118 125 17 169
118 146 4 1082
118 172 23 915
118 197 7 1091
118 253 49 706
118 262 55 1027
118 292 19 933
118 341 1 202
118 351 27 920
118 353 59 260
118 398 35 808
118 399 31 1132
119 30 29 1393
119 31 31 388
119 42 35 868
119 52 40 1152
119 79 43 804
119 120 53 829
119 143 46 1282
119 148 7 523
119 190 56 1257
119 203 19 758
119 212 3 549
119 263 49 782
119 287 13 413
119 297 37 1445
119 383 15 727
120 19 1 903
120 72 49 288
120 85 31 1252
120 118 11 457
120 172 29 1433
120 195 7 662
120 205 55 790
120 264 43 1445
120 322 16 974
120 326 37 1186
120 340 35 1208
120 352 25 1154
120 368 19 507
120 383 13 1222
120 387 51 717
121 4 1 910
121 35 34 89
121 56 57 1431
121 95 29 903
121 119 25 664
121 124 22 596
121 168 19 1201
121 190 37 910
121 252 49 857
121 270 13 49
121 306 17 165
121 317 43 763
121 321 8 998
121 329 31 1074
122 46 7 903
122 72 55 1115
122 76 16 31
122 84 23 557
122 95 11 1167
122 130 53 1156
122 186 58 78
122 212 13 896
122 231 49 14
122 293 47 680
122 321 43 74
122 333 29 155
122 383 38 1106
122 384 19 374
122 389 41 570
123 12 43 127
123 19 25 1222
123 134 55 675
123 137 35 1302
123 156 3 374
123 166 52 258
123 173 59 437
123 201 21 800
123 216 11 233
123 232 29 1332
123 279 38 1320
123 307 7 1420
123 333 31 974
123 342 15 1200
123 350 19 129
124 8 23 125
124 95 47 318
124 102 10 800
124 115 37 946
124 145 3 728
124 146 55 1471
124 160 19 1094
124 208 40 1416
124 233 59 286
124 243 53 130
124 283 32 1403
124 308 1 813
124 322 7 809
124 330 49 214
124 374 29 577
125 5 31 241
125 15 25 981
125 122 38 69
125 125 7 253
125 137 29 129
125 151 1 501
125 168 15 311
125 193 11 1186
125 194 43 1094
125 262 56 1280
125 353 51 1188
125 366 19 628
125 373 35 1002
125 374 49 577
125 391 3 1029
126 33 7 882
126 46 31 1072
126 114 35 733
126 115 55 1281
126 157 22 1436
126 179 28 269
126 263 1 225
126 304 25 1461
126 318 53 297
126 325 37 382
126 342 10 1184
126 347 49 279
126 354 47 28
126 356 13 924
126 369 5 608
127 43 7 518
127 84 35 1278
127 99 25 1284
127 156 49 1324
127 168 22 618
127 172 5 713
127 221 15 805
127 264 43 843
127 273 52 809
127 298 11 979
127 312 37 1447
127 315 1 91
127 326 55 513
127 369 31 867
127 374 41 898
128 15 27 775
128 61 37 354
128 74 9 737
128 86 25 311
128 96 31 448
128 109 1 933
128 114 47 733
128 172 7 950
128 218 55 1128
128 239 13 1103
128 247 35 790
128 303 52 1042
128 334 43 1451
128 335 40 1213
128 370 22 554
129 70 37 468
129 79 34 1016
129 87 9 1223
129 121 25 1056
129 122 19 817
129 124 49 697
129 135 31 1486
129 159 47 856
129 181 16 1271
129 216 1 131
129 234 3 773
129 243 29 1384
129 260 52 334
129 296 59 824
129 323 44 638
130 51 37 829
130 63 28 809
130 86 47 675
130 129 43 225
130 142 25 198
130 145 7 1271
130 203 55 681
130 236 19 707
130 261 13 212
130 275 53 533
130 309 35 1461
130 314 2 1420
130 337 16 1262
130 380 50 1102
130 395 41 31
131 23 11 110
131 46 19 745
131 91 37 1476
131 139 49 382
131 199 23 736
131 215 43 46
131 231 17 500
131 240 13 1265
131 276 25 40
131 312 31 468
131 348 55 318
131 350 53 750
131 392 1 1393
131 394 7 1365
132 25 43 594
132 31 59 572
132 51 13 829
132 60 23 330
132 75 1 120
132 161 45 728
132 177 17 1471
132 210 51 1094
132 255 35 989
132 259 55 858
132 273 29 343
132 278 41 373
132 291 10 787
132 292 31 33
132 337 7 833
133 47 34 1442
133 120 55 491
133 124 49 1416
133 133 7 699
133 134 5 1067
133 229 37 491
133 235 41 1004
133 239 13 26
133 241 25 563
133 283 57 527
133 285 31 1222
133 343 43 1065
133 344 1 987
133 354 11 1238
133 360 19 1340
134 50 5 731
134 68 37 1486
134 84 11 188
134 95 59 867
134 125 17 1481
134 127 7 727
134 185 1 257
134 187 49 1196
134 235 41 1486
134 240 25 155
134 243 35 494
134 267 29 1324
134 317 55 972
134 375 19 664
134 387 13 234
135 10 59 1232
135 21 55 1369
135 63 1 112
135 67 51 1059
135 91 45 1288
135 111 29 214
135 123 31 858
135 174 49 954
135 189 25 1210
135 196 43 402
135 208 19 471
135 215 13 730
135 238 8 799
135 248 40 49
135 276 22 286
136 9 19 599
136 26 49 1369
136 77 10 622
136 83 43 937
136 113 7 281
136 130 5 956
136 167 55 290
136 169 45 363
136 190 13 936
136 197 38 694
136 226 1 1438
136 256 25 1337
136 270 31 230
136 370 52 407
136 400 59 927
137 6 5 373
137 20 58 56
137 22 50 606
137 58 2 1027
137 62 25 153
137 64 27 347
137 66 37 938
137 68 7 172
137 95 47 341
137 96 19 1039
137 110 43 273
137 207 41 202
137 323 34 807
137 332 55 315
137 382 17 388
138 18 4 118
138 42 1 471
138 52 25 618
138 54 43 1052
138 101 32 968
138 102 13 375
138 115 51 731
138 122 37 1056
138 156 34 358
138 196 47 1168
138 269 16 1448
138 302 55 1100
138 318 7 63
138 375 10 1149
138 396 19 702
139 14 40 578
139 39 49 877
139 40 34 683
139 54 14 715
139 75 28 672
139 117 20 1056
139 181 52 1008
139 187 31 1200
139 191 11 56
139 205 45 271
139 209 37 32
139 253 55 1298
139 278 59 1209
139 300 7 572
139 340 1 741
140 13 11 1245
140 17 43 1190
140 37 37 204
140 44 34 332
140 70 49 872
140 78 7 288
140 90 25 151
140 112 22 533
140 131 4 846
140 148 58 307
140 179 19 247
140 252 13 841
140 277 41 1130
140 376 1 40
141 6 35 1229
141 38 19 537
141 90 3 1375
141 125 1 551
141 163 59 390
141 165 11 212
141 189 50 673
141 203 55 970
141 244 31 1352
141 277 29 743
141 281 13 540
141 285 38 736
141 348 25 795
141 365 7 230
141 381 47 1198
142 7 16 699
142 20 35 1368
142 40 10 1030
142 111 47 915
142 119 31 790
142 248 13 768
142 250 43 257
142 264 55 1412
142 284 7 973
142 294 41 121
142 319 25 790
142 323 1 1196
142 337 52 267
142 349 59 407
142 384 19 1109
143 21 37 343
143 30 27 685
143 60 25 330
143 84 59 557
143 107 49 1353
143 109 31 933
143 129 52 86
143 163 5 1475
143 184 34 453
143 229 1 14
143 252 55 857
143 272 13 1261
143 283 19 1026
143 314 43 1024
143 320 8 915
144 21 31 476
144 40 46 1433
144 128 37 303
144 197 13 405
144 212 23 712
144 214 1 598
144 230 25 501
144 246 5 812
144 249 52 757
144 271 29 549
144 290 7 311
144 313 41 1340
144 337 19 985
144 339 9 950
144 359 57 578
145 10 53 904
145 11 1 938
145 34 19 390
145 50 25 1280
145 75 10 400
145 95 49 893
145 174 4 26
145 190 32 318
145 211 59 860
145 254 37 1130
145 266 28 1351
145 284 7 599
145 299 16 1022
145 322 43 974
145 378 46 196
146 1 11 1055
146 46 56 156
146 63 4 74
146 96 43 678
146 129 28 1236
146 146 16 575
146 176 31 1280
146 192 7 1195
146 235 21 513
146 279 39 1333
146 309 37 311
146 331 35 315
146 339 25 1020
146 344 49 644
146 354 19 386
147 26 43 1296
147 27 7 204
147 84 17 987
147 96 39 1392
147 131 20 968
147 162 23 1188
147 202 13 990
147 245 29 131
147 248 25 1336
147 281 1 1075
147 314 31 557
147 322 10 809
147 359 58 1091
147 370 52 198
147 376 55 56
148 55 23 402
148 56 31 440
148 75 28 1288
148 123 49 894
148 150 43 898
148 166 25 1288
148 220 5 929
148 224 55 1195
148 249 16 297
148 312 19 91
148 342 1 1312
148 353 35 334
148 357 7 955
148 391 13 916
148 396 38 330
149 10 29 565
149 26 19 441
149 44 45 332
149 80 35 876
149 97 23 1374
149 115 32 196
149 213 13 815
149 223 2 1173
149 227 37 221
149 246 7 1130
149 248 16 355
149 279 25 1112
149 369 41 607
149 380 10 481
149 388 50 159
150 70 49 629
150 80 47 809
150 121 37 28
150 127 1 746
150 134 5 1088
150 141 7 1167
150 154 25 1398
150 170 13 835
150 203 43 307
150 220 17 896
150 231 11 38
150 262 56 76
150 280 20 976
150 351 34 743
151 6 25 518
151 29 49 1050
151 42 13 650
151 87 4 1167
151 89 37 745
151 119 19 1447
151 144 32 575
151 164 1 998
151 200 28 642
151 257 10 847
151 262 15 1112
151 269 43 110
151 292 55 764
151 294 35 662
151 350 23 187
152 11 49 267
152 14 7 499
152 32 57 1171
152 39 4 390
152 157 52 350
152 165 19 638
152 187 10 607
152 203 43 868
152 205 31 751
152 238 47 222
152 302 25 352
152 334 23 172
152 346 37 995
152 386 16 1331
152 400 41 1155
153 10 29 797
153 50 31 1050
153 64 43 67
153 95 53 989
153 110 7 682
153 153 17 628
153 250 1 1130
153 269 14 901
153 278 59 386
153 290 47 887
153 312 49 1447
153 313 56 990
153 333 35 1259
153 385 23 903
153 397 11 417
154 27 40 511
154 51 1 829
154 63 37 1018
154 79 44 758
154 190 26 1226
154 194 56 823
154 211 23 535
154 234 10 31
154 238 17 344
154 262 49 1446
154 292 33 1215
154 323 7 164
154 339 13 1468
154 353 5 876
154 357 19 1153
155 10 44 799
155 14 46 325
155 66 25 652
155 133 11 492
155 148 4 1196
155 158 49 360
155 166 16 609
155 235 29 1173
155 245 41 131
155 259 34 116
155 261 7 134
155 285 1 198
155 354 23 1107
155 358 59 159
155 359 13 573
156 4 19 479
156 14 16 1016
156 38 31 218
156 41 37 974
156 44 13 537
156 104 35 484
156 108 43 112
156 109 4 933
156 209 55 473
156 239 8 26
156 260 25 130
156 278 23 1227
156 284 28 973
156 285 52 1130
156 298 2 768
157 1 31 165
157 30 47 430
157 48 49 1070
157 75 22 1431
157 82 25 26
157 145 37 979
157 175 13 1141
157 211 53 1004
157 215 1 920
157 234 35 773
157 242 41 1487
157 253 43 1320
157 273 29 1366
157 305 11 957
157 362 7 642
158 3 7 526
158 33 37 152
158 56 51 1421
158 71 2 782
158 79 25 1016
158 84 17 557
158 128 19 1024
158 150 55 776
158 194 28 1302
158 225 40 1151
158 249 13 297
158 302 43 1141
158 328 31 579
158 380 34 1365
158 381 59 790
159 7 28 1067
159 16 7 516
159 59 13 1054
159 79 4 1016
159 80 11 1446
159 124 19 882
159 135 43 990
159 207 23 221
159 212 51 1071
159 235 17 606
159 297 1 360
159 326 55 576
159 366 34 764
159 391 25 1029
159 399 37 578
160 22 49 1436
160 66 31 887
160 96 43 1029
160 139 47 91
160 163 11 1351
160 231 28 682
160 236 7 289
160 238 35 492
160 273 41 14
160 287 53 710
160 297 58 938
160 312 3 288
160 316 23 763
160 324 17 350
160 353 55 593
161 17 44 567
161 49 33 1209
161 87 1 1167
161 167 7 585
161 171 19 755
161 211 31 573
161 226 28 360
161 230 4 112
161 238 41 1481
161 239 37 788
161 244 13 695
161 349 17 1408
161 364 25 427
161 378 59 352
161 387 49 590
162 62 17 776
162 87 19 1196
162 125 58 175
162 150 33 776
162 153 22 543
162 173 41 987
162 196 29 1359
162 219 13 347
162 262 1 246
162 290 15 360
162 300 10 1352
162 303 45 157
162 333 53 1226
162 388 25 83
162 400 5 989
163 20 23 1492
163 42 47 710
163 82 9 219
163 94 13 683
163 136 49 417
163 141 19 557
163 184 4 1454
163 219 35 1446
163 242 43 414
163 273 7 730
163 279 55 1178
163 289 1 107
163 333 41 1259
163 342 51 156
163 357 37 998
164 27 4 511
164 47 23 817
164 53 17 237
164 76 1 1471
164 78 57 225
164 93 33 388
164 96 49 1029
164 119 26 1378
164 178 44 1245
164 183 13 674
164 193 11 533
164 229 37 1424
164 271 31 655
164 287 41 978
164 348 7 992
165 2 37 1446
165 38 51 1107
165 73 55 113
165 104 1 484
165 118 5 537
165 133 59 1428
165 153 47 843
165 166 22 113
165 224 13 247
165 249 10 901
165 255 29 1451
165 318 49 492
165 326 31 1186
165 363 25 897
165 397 17 526
166 38 31 1026
166 52 58 49
166 68 1 1059
166 70 7 956
166 78 5 1398
166 102 13 139
166 144 40 1344
166 149 49 1398
166 154 37 1426
166 183 20 175
166 238 47 591
166 266 16 797
166 354 29 179
166 363 55 1087
166 393 27 1141
167 8 17 897
167 11 28 1471
167 12 44 609
167 28 21 512
167 56 31 1408
167 181 55 1137
167 268 7 629
167 275 13 1352
167 280 37 961
167 287 41 1109
167 297 52 738
167 355 1 81
167 386 58 1384
168 20 55 1432
168 22 57 1056
168 24 13 364
168 57 53 722
168 62 5 1426
168 68 19 978
168 74 1 104
168 162 10 566
168 184 7 1086
168 194 40 814
168 205 33 1469
168 228 28 1374
168 263 44 927
168 336 16 481
168 392 49 1004
169 33 16 957
169 111 23 970
169 191 35 441
169 194 13 1024
169 202 7 849
169 258 55 867
169 261 43 1250
169 270 31 254
169 272 50 127
169 307 19 49
169 312 3 807
169 313 1 433
169 332 46 1071
169 334 59 277
169 339 28 1020
170 33 4 1000
170 40 34 1030
170 84 23 1062
170 92 19 222
170 159 11 1338
170 163 47 1316
170 165 17 391
170 205 43 676
170 213 2 559
170 262 37 265
170 297 26 639
170 318 52 638
170 357 13 1398
170 367 7 545
170 394 31 1024
171 28 47 1186
171 44 59 138
171 61 29 536
171 68 31 978
171 119 49 461
171 123 25 1174
171 132 55 590
171 154 4 775
171 189 43 673
171 206 19 1381
171 242 23 455
171 296 16 374
171 377 7 419
171 378 38 79
172 53 41 37
172 67 28 1137
172 71 7 961
172 127 31 1159
172 151 2 1451
172 183 55 773
172 254 49 851
172 272 13 523
172 303 4 206
172 312 43 241
172 329 22 1129
172 335 19 204
172 352 37 1155
173 6 55 605
173 25 59 594
173 72 23 696
173 127 13 136
173 148 19 1431
173 164 10 206
173 250 51 288
173 287 25 413
173 297 46 652
173 305 49 1327
173 343 7 608
173 369 1 1086
173 378 38 529
173 387 31 929
173 390 41 1466
174 56 49 1297
174 67 55 368
174 84 29 557
174 102 19 1488
174 103 53 2
174 112 40 397
174 115 37 196
174 167 45 641
174 171 1 843
174 202 7 1418
174 275 17 1265
174 341 58 1435
174 353 11 593
174 354 35 111
174 366 13 1442
175 4 34 50
175 16 49 516
175 90 19 1375
175 139 55 1493
175 162 11 1188
175 180 27 277
175 218 7 1276
175 227 38 1239
175 243 43 494
175 269 16 672
175 277 1 1499
175 309 31 1337
175 313 59 172
175 339 3 431
175 395 53 219
176 23 47 1395
176 83 29 1375
176 105 35 675
176 106 22 1300
176 143 14 790
176 162 2 151
176 169 31 442
176 171 7 755
176 204 19 1072
176 227 43 750
176 256 37 500
176 275 41 926
176 315 49 608
176 341 55 1213
176 353 17 1447
177 33 28 1000
177 38 1 1102
177 50 9 731
177 60 17 125
177 67 34 1492
177 85 25 14
177 123 19 256
177 165 5 1059
177 168 37 78
177 179 31 587
177 213 47 288
177 235 53 1173
177 279 13 1322
177 335 43 81
177 370 40 234
178 57 35 1314
178 59 49 542
178 64 25 67
178 151 41 868
178 191 53 388
178 208 4 1466
178 279 13 1168
178 293 47 441
178 321 37 51
178 322 20 809
178 324 11 180
178 325 58 642
178 332 31 949
178 347 43 1278
178 390 1 1000
179 18 56 771
179 22 13 637
179 61 11 165
179 99 19 142
179 133 17 175
179 167 49 419
179 178 31 1245
179 287 43 481
179 310 45 926
179 348 37 1368
179 360 2 305
179 362 7 1201
179 367 25 545
179 393 29 302
180 8 47 1152
180 23 59 877
180 41 7 1298
180 53 11 69
180 65 13 455
180 90 31 1208
180 101 41 1305
180 107 22 598
180 131 19 706
180 164 37 419
180 192 49 1047
180 345 2 1430
180 348 16 763
180 349 29 949
180 362 43 344
181 4 49 350
181 110 23 805
181 169 26 1231
181 212 47 1223
181 230 10 501
181 236 55 80
181 247 17 1086
181 248 7 1129
181 257 1 1223
181 293 4 563
181 302 43 441
181 336 40 1249
181 351 19 743
181 383 31 268
181 393 53 302
182 45 22 290
182 124 55 265
182 168 7 221
182 177 19 605
182 184 31 1454
182 187 37 254
182 190 25 1395
182 191 5 219
182 225 29 1464
182 315 43 511
182 316 47 513
182 369 41 608
182 370 58 265
182 397 17 73
182 398 53 681
183 39 17 269
183 96 13 678
183 104 53 905
183 110 47 685
183 115 19 788
183 123 7 760
183 138 43 576
183 165 59 391
183 232 41 343
183 328 1 353
183 329 4 1416
183 333 35 364
183 353 29 1486
183 366 49 596
183 397 11 1107
184 56 31 179
184 83 17 1375
184 104 47 484
184 118 59 678
184 121 50 322
184 141 37 1356
184 162 1 745
184 229 43 14
184 250 19 1130
184 258 25 838
184 264 55 1424
184 290 29 516
184 298 4 768
184 336 13 170
184 367 7 1222
185 34 37 16
185 56 7 946
185 68 25 826
185 98 5 1075
185 116 49 1499
185 136 53 587
185 147 13 137
185 177 55 1094
185 194 34 1263
185 206 43 446
185 231 47 278
185 260 22 602
185 281 1 477
185 371 57 103
185 383 31 634
186 1 35 1055
186 46 14 1061
186 50 46 1442
186 51 31 450
186 87 10 1097
186 111 5 643
186 119 37 1071
186 130 23 302
186 141 55 1167
186 169 19 1312
186 185 1 1475
186 260 52 1237
186 337 27 1346
186 358 50 534
186 371 7 1445
187 74 37 104
187 103 17 1198
187 106 34 222
187 123 19 894
187 126 32 347
187 133 41 1280
187 134 29 826
187 150 25 898
187 168 52 896
187 185 8 257
187 221 4 212
187 229 55 915
187 256 13 1337
187 346 43 877
187 354 50 867
188 8 11 50
188 105 53 184
188 110 47 1016
188 138 31 901
188 153 23 655
188 199 59 225
188 220 5 606
188 221 34 454
188 251 19 1335
188 265 29 3
188 284 13 64
188 299 8 1128
188 349 2 554
188 373 17 973
188 392 37 1004
189 18 1 991
189 19 38 1432
189 83 46 997
189 184 13 1454
189 200 52 737
189 236 56 1339
189 262 7 246
189 266 25 1351
189 278 11 170
189 285 16 1042
189 303 49 1470
189 329 34 700
189 355 22 225
189 385 5 410
190 10 5 683
190 19 7 231
190 28 17 478
190 91 43 1361
190 118 59 136
190 134 53 826
190 186 1 187
190 204 13 1314
190 206 25 442
190 214 49 920
190 336 55 802
190 360 37 305
190 362 20 468
190 378 29 505
190 386 31 760
191 2 19 171
191 3 38 375
191 68 1 737
191 72 59 652
191 81 7 596
191 92 43 858
191 107 32 478
191 123 55 283
191 209 52 1201
191 213 47 1430
191 214 25 872
191 247 13 116
191 289 35 761
191 335 49 477
191 373 17 33
192 19 57 738
192 23 53 1029
192 29 13 1368
192 46 49 696
192 48 41 97
192 73 19 799
192 94 21 80
192 107 26 842
192 108 9 804
192 153 7 1368
192 297 33 840
192 361 1 1249
192 382 47 343
192 393 5 302
192 395 31 1209
193 14 19 1156
193 34 25 375
193 47 37 929
193 74 39 1378
193 88 43 526
193 133 47 1280
193 168 16 1201
193 178 31 1188
193 181 49 416
193 240 7 1487
193 243 29 851
193 271 5 655
193 359 52 534
193 379 1 898
193 396 55 789
194 38 32 320
194 63 55 1445
194 64 19 355
194 81 49 463
194 134 53 1280
194 139 23 1015
194 143 10 1018
194 181 1 1388
194 203 13 868
194 251 4 710
194 264 39 682
194 277 59 130
194 341 43 4
194 375 28 31
194 380 7 481
195 41 7 962
195 51 49 985
195 66 13 1092
195 72 35 505
195 98 11 1075
195 140 59 92
195 152 37 516
195 214 43 1152
195 219 41 1381
195 260 56 1340
195 305 17 1416
195 337 28 795
195 346 1 877
195 374 31 776
195 390 23 1466
196 6 19 373
196 50 53 540
196 66 25 505
196 112 39 332
196 118 5 1431
196 149 55 1000
196 162 35 626
196 190 49 1257
196 210 59 681
196 233 47 112
196 298 43 1470
196 311 31 73
196 323 1 583
196 342 7 893
196 359 10 1438
197 30 22 157
197 63 25 170
197 70 1 1166
197 114 59 541
197 123 55 512
197 132 49 1198
197 138 7 678
197 169 13 692
197 180 5 634
197 267 11 153
197 270 43 9
197 320 37 679
197 330 34 622
197 350 47 1307
197 393 53 494
198 52 34 268
198 58 43 269
198 80 1 1446
198 95 53 1071
198 114 37 1378
198 124 4 797
198 127 13 1420
198 145 39 334
198 160 25 289
198 202 55 849
198 211 17 694
198 232 8 782
198 268 19 629
198 286 46 755
198 394 31 1298
199 21 7 120
199 29 26 650
199 51 43 834
199 53 5 1332
199 99 19 1190
199 146 57 79
199 219 41 587
199 236 49 273
199 250 31 1130
199 314 1 258
199 316 11 738
199 323 37 664
199 354 53 764
199 361 13 230
200 9 31 45
200 26 4 158
200 36 56 1061
200 84 41 467
200 95 29 700
200 109 16 1102
200 129 1 710
200 161 8 2
200 203 49 645
200 276 25 454
200 281 37 350
200 282 13 1234
200 297 19 180
200 344 43 212
200 383 22 1203
201 10 13 1228
201 20 49 1492
201 98 19 926
201 127 51 1159
201 173 23 641
201 193 47 241
201 211 59 573
201 215 25 629
201 223 55 991
201 243 11 982
201 246 29 776
201 303 1 695
201 327 15 88
201 344 43 1374
201 357 31 322
202 33 19 826
202 86 47 877
202 116 41 634
202 118 22 717
202 156 10 985
202 211 53 1358
202 221 13 945
202 256 49 137
202 282 37 573
202 286 33 851
202 297 44 360
202 306 5 251
202 340 29 745
202 341 16 4
202 385 59 258
203 19 25 526
203 27 34 1354
203 58 22 1162
203 79 19 252
203 86 47 257
203 122 13 757
203 138 31 332
203 155 55 516
203 196 59 1346
203 216 39 486
203 274 44 880
203 346 51 954
203 361 7 229
203 389 4 233
203 395 17 248
204 2 38 799
204 40 46 593
204 46 31 156
204 60 11 1271
204 86 23 920
204 115 49 1137
204 116 19 619
204 140 53 1447
204 150 1 1010
204 166 7 509
204 232 25 512
204 239 13 788
204 246 43 641
204 270 55 535
204 327 27 818
205 73 37 919
205 111 35 214
205 118 23 910
205 153 11 812
205 164 28 807
205 170 1 1353
205 193 53 454
205 194 13 1331
205 212 17 617
205 213 5 347
205 233 58 405
205 291 25 633
205 308 7 813
205 320 19 566
205 373 47 1002
206 28 52 1209
206 41 43 1354
206 50 1 288
206 92 55 533
206 107 34 967
206 128 19 971
206 139 29 91
206 146 31 1288
206 173 41 1022
206 191 49 833
206 221 3 805
206 225 11 125
206 263 37 598
206 342 14 1316
206 382 7 894
207 8 41 149
207 11 10 184
207 18 46 1421
207 41 55 322
207 51 32 834
207 104 13 164
207 117 4 1316
207 150 49 776
207 194 43 1366
207 206 37 737
207 229 20 1481
207 241 15 113
207 341 1 801
207 367 25 213
208 3 43 375
208 12 19 1370
208 43 7 683
208 47 17 681
208 85 38 14
208 144 28 1279
208 187 50 501
208 209 34 535
208 221 10 567
208 244 58 1352
208 275 5 685
208 306 23 946
208 322 1 974
208 353 47 260
208 383 31 56
209 33 1 882
209 42 17 520
209 71 13 1363
209 80 41 900
209 88 49 484
209 97 59 181
209 131 23 268
209 176 44 138
209 197 55 694
209 199 11 1089
209 303 8 536
209 331 53 609
209 333 29 1369
209 365 19 585
209 388 25 28
210 31 23 1297
210 47 59 929
210 131 29 268
210 160 8 579
210 194 1 17
210 203 19 868
210 237 55 575
210 285 16 1222
210 292 49 817
210 320 43 1195
210 328 13 31
210 359 40 86
210 365 25 743
210 383 32 653
211 4 22 746
211 24 4 645
211 77 43 1388
211 118 11 505
211 157 19 1249
211 178 55 763
211 179 7 761
211 225 47 431
211 264 49 297
211 270 13 254
211 271 17 30
211 277 29 9
211 312 37 509
211 336 26 453
211 362 33 177
212 25 47 468
212 28 35 511
212 99 31 441
212 106 20 1002
212 112 7 557
212 186 37 1250
212 196 25 1346
212 197 56 653
212 203 13 187
212 226 40 611
212 241 43 221
212 284 27 414
212 298 23 768
212 326 1 400
212 386 49 111
213 62 13 1399
213 104 4 814
213 115 37 536
213 120 23 694
213 208 40 1072
213 226 25 1229
213 246 29 815
213 256 7 402
213 258 19 9
213 333 35 149
213 343 49 1265
213 350 1 533
213 369 53 1471
213 372 11 609
213 393 47 127
214 7 13 198
214 19 37 1198
214 59 49 932
214 73 5 475
214 81 7 478
214 89 31 1312
214 93 55 634
214 171 1 1486
214 198 43 103
214 292 19 1319
214 322 25 945
214 360 16 1094
214 372 47 764
215 11 34 976
215 44 15 537
215 137 53 283
215 148 4 1395
215 191 11 318
215 200 28 1058
215 220 41 606
215 228 37 1263
215 239 19 1261
215 242 23 331
215 311 25 1282
215 331 7 1213
215 348 1 1464
215 351 31 1448
215 389 59 950
216 37 37 1388
216 101 19 738
216 119 1 76
216 122 26 69
216 160 21 619
216 164 46 486
216 167 55 1346
216 171 7 860
216 177 41 533
216 216 5 823
216 280 31 843
216 285 52 1368
216 313 49 628
216 375 13 549
216 378 35 529
217 2 37 1430
217 14 13 320
217 59 20 1333
217 87 7 1097
217 115 58 1281
217 128 1 1135
217 148 31 852
217 153 35 1203
217 185 43 1066
217 199 27 548
217 256 49 557
217 261 16 310
217 322 55 809
217 339 10 469
218 11 1 1209
218 18 55 1385
218 65 25 565
218 87 58 1196
218 89 19 8
218 98 47 1476
218 121 9 1054
218 192 13 955
218 253 49 131
218 311 28 73
218 312 43 655
218 316 17 707
218 319 31 2
218 349 35 68
218 365 37 479
219 53 47 892
219 57 5 1127
219 143 16 950
219 153 23 261
219 169 1 448
219 180 41 1133
219 182 55 177
219 196 35 1392
219 230 19 1103
219 255 53 678
219 276 27 893
219 333 59 149
219 350 11 49
219 372 37 148
219 390 7 118
220 5 52 214
220 15 55 1372
220 20 41 1492
220 33 4 1368
220 51 37 987
220 63 43 626
220 160 19 839
220 187 31 188
220 247 47 1300
220 249 10 681
220 343 1 674
220 367 25 1358
220 376 16 159
221 20 1 758
221 72 35 534
221 81 13 465
221 135 56 278
221 175 37 537
221 178 19 1245
221 188 40 1263
221 193 7 139
221 203 49 187
221 223 9 561
221 240 31 1447
221 307 43 957
221 353 29 118
221 363 4 706
221 367 25 71
222 12 37 650
222 23 1 1029
222 64 45 3
222 117 25 1316
222 127 7 125
222 166 22 1087
222 182 50 29
222 186 3 937
222 188 13 387
222 195 58 1103
222 233 19 368
222 234 53 1015
222 297 34 1353
222 389 41 1413
222 395 29 486
223 17 43 104
223 32 16 1171
223 56 49 79
223 97 11 214
223 98 59 453
223 113 22 386
223 117 19 554
223 118 29 68
223 127 31 206
223 197 55 606
223 210 35 779
223 231 37 715
223 248 40 605
223 312 1 655
223 334 5 449
224 15 13 866
224 48 59 1107
224 76 38 31
224 79 3 432
224 150 55 343
224 167 49 787
224 168 22 1420
224 187 31 1418
224 254 45 594
224 278 1 1399
224 297 7 327
224 299 28 1353
224 340 11 1488
224 358 17 954
224 370 19 30
225 31 35 1297
225 35 58 354
225 86 47 1493
225 90 49 1375
225 123 37 1197
225 124 1 1470
225 125 17 1195
225 130 5 1392
225 156 10 799
225 187 31 1231
225 198 13 390
225 246 23 804
225 280 19 802
225 307 43 992
225 348 26 283
226 18 40 771
226 63 10 1086
226 70 31 938
226 108 25 410
226 115 49 594
226 127 1 1152
226 145 43 1226
226 221 52 650
226 237 7 609
226 263 55 258
226 274 16 454
226 324 13 256
226 345 19 302
226 383 37 653
227 9 1 45
227 10 49 799
227 45 40 1045
227 84 29 457
227 109 37 203
227 160 19 330
227 185 7 826
227 287 59 1024
227 292 43 764
227 294 23 469
227 299 25 1392
227 329 13 1374
227 332 16 1135
227 367 31 990
227 369 35 1471
228 79 44 1215
228 96 19 1088
228 99 13 856
228 107 58 163
228 119 25 139
228 196 29 849
228 206 49 1381
228 246 47 824
228 275 41 229
228 286 10 945
228 292 31 153
228 313 53 419
228 328 55 30
228 333 23 43
228 342 4 1200
229 8 41 1421
229 102 52 239
229 119 7 258
229 134 35 1445
229 145 56 323
229 152 37 1129
229 155 25 185
229 164 46 686
229 228 4 350
229 255 23 178
229 262 31 76
229 275 11 1469
229 323 15 638
229 379 29 800
229 397 2 413
230 66 1 804
230 87 40 1223
230 101 10 1373
230 111 35 571
230 142 55 956
230 168 46 311
230 183 31 1151
230 184 7 441
230 198 13 1312
230 225 59 977
230 249 22 685
230 291 19 650
230 314 49 922
230 361 25 593
231 60 59 187
231 101 11 642
231 117 13 1018
231 165 31 177
231 180 17 1062
231 191 41 441
231 220 49 320
231 253 55 686
231 257 37 1273
231 312 7 43
231 343 1 826
231 378 53 29
231 384 25 1109
231 387 21 929
231 395 19 31
232 97 41 409
232 103 23 188
232 122 49 933
232 148 7 1010
232 167 37 926
232 182 56 29
232 189 25 252
232 253 19 696
232 301 43 1039
232 307 15 1229
232 314 31 937
232 341 10 1234
232 379 13 1493
232 392 1 50
233 47 59 222
233 62 23 700
233 106 16 281
233 128 27 887
233 167 43 1493
233 198 55 130
233 213 47 347
233 242 5 1424
233 246 41 318
233 248 37 1002
233 250 33 823
233 273 11 639
233 324 53 180
233 325 20 949
233 351 49 225
234 47 29 755
234 57 59 987
234 114 47 1031
234 115 19 779
234 153 11 231
234 186 1 212
234 188 55 746
234 215 37 1100
234 219 35 911
234 240 14 446
234 290 41 224
234 300 4 573
234 348 31 234
234 378 23 415
234 389 53 256
235 3 19 622
235 21 49 818
235 30 35 685
235 58 1 1188
235 62 41 700
235 88 13 966
235 90 7 1446
235 191 23 33
235 211 53 957
235 217 29 135
235 254 25 572
235 301 46 382
235 336 55 175
235 364 31 807
235 368 37 1133
236 12 31 308
236 29 43 565
236 58 39 544
236 60 35 231
236 128 8 105
236 143 13 368
236 186 28 1072
236 189 55 1189
236 207 53 1208
236 209 49 898
236 225 47 1434
236 231 5 14
236 233 17 1149
236 234 1 1121
236 387 19 457
237 4 40 76
237 19 2 1105
237 25 7 787
237 32 37 565
237 159 29 842
237 166 34 954
237 187 13 74
237 192 50 17
237 277 23 1499
237 279 19 511
237 298 17 594
237 319 56 2
237 329 25 356
237 332 10 891
237 355 46 1290
238 19 19 835
238 26 10 572
238 27 4 107
238 55 17 329
238 86 29 1368
238 135 1 67
238 182 37 112
238 186 58 212
238 245 13 1241
238 252 49 824
238 320 25 325
238 336 34 175
238 337 43 1058
238 353 23 997
238 363 40 545
239 45 19 481
239 55 5 1135
239 96 25 1448
239 110 17 1211
239 150 55 625
239 242 47 977
239 244 43 1352
239 250 8 1210
239 283 31 275
239 315 37 91
239 319 50 1359
239 347 1 269
239 359 22 1215
239 367 13 535
240 6 35 76
240 30 53 213
240 37 20 673
240 46 43 1186
240 57 47 932
240 63 58 1055
240 98 41 181
240 197 26 177
240 212 17 1071
240 232 13 802
240 234 5 565
240 271 11 83
240 280 1 976
240 327 55 834
240 368 49 751
241 103 22 89
241 153 11 673
241 209 39 344
241 210 43 779
241 232 17 120
241 265 59 448
241 292 13 1215
241 295 32 1435
241 300 19 1352
241 305 47 1416
241 306 5 636
241 316 27 1413
241 321 1 997
241 344 7 214
241 350 37 750
242 26 31 839
242 27 49 1396
242 37 1 1302
242 52 19 618
242 71 13 219
242 94 55 481
242 157 22 281
242 265 41 747
242 312 37 43
242 330 52 832
242 341 28 1234
242 346 8 197
242 358 47 1461
242 372 59 1270
242 395 35 219
243 10 59 261
243 30 17 172
243 94 55 1286
243 118 10 512
243 141 19 1167
243 194 49 823
243 212 3 1071
243 233 35 1149
243 239 37 130
243 322 7 605
243 333 23 1106
243 351 27 121
243 356 31 1286
243 372 41 1393
243 373 5 737
244 19 55 1483
244 51 7 883
244 62 23 1413
244 71 25 1332
244 75 13 1231
244 78 4 279
244 97 53 970
244 174 29 1056
244 181 34 1020
244 231 47 682
244 232 41 512
244 244 1 605
244 328 31 1251
244 357 43 782
244 394 49 1373
245 14 25 74
245 15 1 149
245 34 13 554
245 56 49 1454
245 65 55 1228
245 87 22 1097
245 145 7 686
245 191 5 317
245 217 41 1000
245 221 16 945
245 224 31 247
245 242 47 880
245 287 28 1089
245 354 53 273
245 374 59 516
246 25 59 440
246 40 49 593
246 73 47 316
246 80 53 900
246 169 1 164
246 180 25 277
246 182 10 29
246 210 29 389
246 266 55 160
246 271 17 642
246 279 43 856
246 300 34 170
246 325 19 248
246 388 13 871
246 389 23 1024
247 54 19 681
247 96 1 1317
247 101 11 543
247 122 7 1056
247 123 49 1252
247 141 25 957
247 149 43 561
247 171 13 243
247 204 56 1152
247 229 31 491
247 242 23 1424
247 254 37 579
247 324 53 1475
248 1 47 526
248 22 49 1015
248 30 59 685
248 46 31 198
248 106 55 511
248 111 5 1027
248 157 7 563
248 162 1 718
248 171 37 1317
248 199 16 171
248 260 10 1340
248 310 25 738
248 330 28 221
248 341 22 833
248 398 35 1198
249 12 15 1031
249 17 1 584
249 32 34 1171
249 40 44 1102
249 101 5 1115
249 110 23 1039
249 114 11 733
249 122 38 967
249 214 19 1213
249 260 25 1089
249 282 31 163
249 304 28 455
249 315 49 148
249 384 7 1055
249 389 13 589
250 45 56 474
250 47 37 743
250 125 53 469
250 141 49 957
250 147 1 626
250 174 13 817
250 188 7 1263
250 287 47 1024
250 288 40 196
250 310 22 579
250 340 43 1488
250 363 4 8
250 367 15 386
250 380 27 1008
250 391 33 1265
251 25 49 973
251 28 37 708
251 54 7 1008
251 60 35 1271
251 61 45 1344
251 130 1 1296
251 148 19 541
251 173 59 382
251 211 17 1469
251 314 31 1420
251 316 28 922
251 339 52 1396
251 357 39 955
251 385 47 851
251 396 13 607
252 7 56 288
252 9 25 1121
252 48 22 518
252 61 5 103
252 124 31 1129
252 148 10 1137
252 168 7 252
252 195 52 1369
252 253 43 1398
252 296 29 417
252 338 47 1466
252 356 38 1403
252 360 13 1094
252 373 17 271
252 400 35 927
253 3 19 1278
253 16 13 417
253 18 7 135
253 28 35 213
253 52 37 1152
253 180 23 1312
253 194 31 1263
253 199 4 254
253 264 44 1424
253 292 25 933
253 293 49 982
253 296 17 842
253 300 40 882
253 363 52 1141
253 379 29 676
254 10 43 683
254 52 4 73
254 58 49 1166
254 75 14 922
254 131 23 119
254 167 31 380
254 205 8 676
254 221 37 1227
254 238 41 8
254 239 55 28
254 292 19 33
254 331 17 1105
254 354 35 153
254 355 45 523
254 390 2 645
255 8 59 1227
255 36 45 275
255 82 37 1331
255 121 13 448
255 126 11 548
255 138 28 332
255 161 1 417
255 244 7 52
255 268 31 970
255 276 21 475
255 294 17 90
255 296 5 417
255 337 49 1346
255 350 53 187
255 391 25 619
256 38 25 1273
256 57 3 1290
256 74 13 1378
256 82 20 219
256 101 35 642
256 122 37 160
256 172 41 405
256 182 55 439
256 234 5 325
256 237 52 741
256 266 7 637
256 289 58 840
256 325 10 1038
256 339 49 950
256 356 43 1359
257 19 13 1198
257 21 43 979
257 69 11 718
257 72 47 380
257 103 41 1314
257 159 29 1061
257 199 35 491
257 263 25 258
257 269 19 334
257 274 22 450
257 279 37 1178
257 283 50 266
257 319 31 364
257 344 7 212
257 383 4 1002
258 17 57 1133
258 20 47 518
258 32 31 1128
258 80 29 915
258 88 37 1400
258 151 17 1245
258 181 25 1438
258 212 11 241
258 214 19 22
258 279 7 1320
258 283 43 747
258 335 4 267
258 336 34 634
258 349 53 68
258 394 1 1151
259 9 1 407
259 13 17 977
259 16 55 1135
259 19 25 188
259 50 11 731
259 63 49 170
259 83 5 1187
259 132 13 341
259 176 31 138
259 198 7 103
259 258 43 1358
259 294 53 121
259 305 41 159
259 318 35 638
259 349 47 134
260 24 1 350
260 48 35 680
260 72 16 548
260 138 4 1356
260 151 47 447
260 200 10 1288
260 210 23 1094
260 222 58 1239
260 228 43 73
260 275 53 694
260 358 29 1483
260 368 25 877
260 369 41 832
260 388 49 1420
260 391 37 316
261 15 25 156
261 30 41 1067
261 43 22 1362
261 76 34 229
261 111 59 231
261 131 1 585
261 180 19 277
261 198 13 484
261 203 43 528
261 204 4 96
261 255 47 1228
261 264 7 1424
261 280 50 997
261 308 11 462
261 330 37 627
262 2 31 611
262 15 44 413
262 45 7 843
262 51 25 829
262 84 37 557
262 130 10 81
262 159 17 856
262 195 22 609
262 212 5 1071
262 277 51 1499
262 337 40 430
262 346 56 197
262 371 1 1178
262 386 13 221
263 3 8 829
263 27 55 204
263 60 17 1238
263 69 58 1300
263 78 23 470
263 94 13 967
263 147 20 1341
263 150 37 776
263 156 51 194
263 198 45 1470
263 218 31 1203
263 242 35 455
263 302 26 1373
263 321 2 983
263 374 41 83
264 25 35 1022
264 56 19 946
264 72 46 1281
264 107 7 598
264 120 17 1412
264 180 11 876
264 211 43 535
264 238 59 655
264 247 49 96
264 282 55 933
264 286 4 234
264 294 41 563
264 330 13 1066
264 333 1 966
264 386 52 111
265 3 49 1431
265 28 17 771
265 33 34 1234
265 67 1 511
265 90 43 876
265 98 25 398
265 118 53 1341
265 120 59 1412
265 147 19 69
265 200 4 1288
265 210 23 681
265 274 40 1030
265 314 27 153
265 337 37 472
265 361 55 1446
266 18 52 697
266 47 5 1486
266 57 35 1092
266 67 58 814
266 71 31 219
266 83 7 625
266 230 16 501
266 248 10 386
266 272 19 768
266 281 25 540
266 294 13 1200
266 305 23 1018
266 345 37 1396
266 354 47 248
266 376 49 738
267 25 43 332
267 57 59 1071
267 71 55 105
267 187 13 501
267 191 35 323
267 202 37 442
267 223 45 165
267 229 19 1413
267 238 53 518
267 248 2 270
267 253 31 696
267 261 16 1354
267 265 5 50
267 332 25 891
267 370 49 407
268 19 43 1232
268 64 55 1211
268 69 17 718
268 74 7 398
268 87 19 1442
268 109 28 315
268 128 31 494
268 154 52 1426
268 179 49 938
268 185 37 153
268 207 35 650
268 235 47 1173
268 244 22 52
268 345 3 1396
268 376 13 1369
269 45 9 1378
269 105 35 420
269 130 17 1151
269 135 46 990
269 145 13 433
269 157 31 727
269 167 19 1493
269 181 28 246
269 220 59 606
269 243 44 636
269 315 55 148
269 327 37 835
269 354 4 1159
269 366 25 1135
269 397 40 760
270 3 27 358
270 28 37 169
270 42 31 871
270 60 19 891
270 64 13 1211
270 94 43 1286
270 108 39 354
270 132 7 407
270 213 25 1303
270 311 58 318
270 324 23 478
270 329 4 700
270 348 52 1395
270 382 17 46
270 393 35 127
271 38 37 594
271 39 23 1130
271 73 41 275
271 99 45 937
271 113 56 1418
271 186 13 801
271 201 19 1435
271 214 1 872
271 232 5 261
271 269 52 431
271 274 10 557
271 275 29 453
271 302 31 1035
271 308 49 270
271 353 43 634
272 7 32 761
272 24 7 352
272 46 13 1105
272 62 35 1426
272 69 41 807
272 137 29 905
272 148 26 1196
272 179 52 937
272 220 11 637
272 265 23 355
272 298 47 501
272 320 37 561
272 334 59 1234
272 376 19 56
272 389 1 950
273 32 1 544
273 38 50 268
273 40 13 1366
273 59 25 758
273 73 19 475
273 98 31 137
273 117 37 554
273 140 47 388
273 148 10 541
273 198 56 1312
273 249 7 681
273 250 21 288
273 269 4 520
273 290 29 224
273 306 34 299
274 6 49 414
274 19 37 1307
274 49 19 29
274 71 43 961
274 149 55 33
274 172 23 634
274 188 7 1395
274 192 1 56
274 204 52 271
274 211 29 1265
274 230 16 549
274 271 41 736
274 272 31 567
274 396 25 257
275 19 56 409
275 25 5 440
275 76 16 551
275 93 26 437
275 102 7 375
275 118 43 1341
275 159 53 868
275 181 31 1438
275 196 21 1346
275 224 1 1115
275 236 49 80
275 258 45 93
275 295 37 297
275 354 11 1153
275 369 41 307
276 42 4 896
276 71 7 175
276 91 31 554
276 99 49 254
276 113 40 1418
276 117 56 1442
276 208 19 911
276 218 13 1370
276 243 23 303
276 275 43 926
276 276 37 83
276 289 53 625
276 312 45 637
276 369 26 1471
277 16 1 700
277 19 43 1055
277 41 20 998
277 72 59 479
277 155 13 248
277 181 4 799
277 214 55 618
277 236 31 927
277 247 11 96
277 270 25 695
277 319 7 1074
277 320 49 283
277 351 40 241
277 381 29 1018
278 20 5 945
278 60 9 330
278 88 55 572
278 102 34 74
278 114 41 253
278 121 25 557
278 158 19 458
278 172 11 713
278 215 31 982
278 221 13 731
278 237 22 380
278 260 1 83
278 282 16 573
278 286 46 1446
278 359 52 1438
279 4 19 76
279 9 49 1112
279 12 56 955
279 13 23 1245
279 38 31 1483
279 53 41 237
279 104 47 814
279 105 53 222
279 109 10 315
279 145 25 134
279 190 37 52
279 307 43 447
279 317 1 972
279 343 16 608
279 382 35 894
280 42 35 871
280 47 5 681
280 88 31 1097
280 147 1 179
280 149 7 1333
280 170 14 559
280 175 58 97
280 285 43 940
280 290 47 957
280 300 21 1185
280 304 55 807
280 325 51 248
280 335 28 1075
280 373 26 222
280 394 40 764
281 20 37 949
281 30 25 430
281 31 53 629
281 66 57 251
281 69 55 1042
281 105 22 737
281 111 41 30
281 126 17 1075
281 167 31 1445
281 274 19 1031
281 302 43 577
281 319 49 1129
281 349 47 1487
281 360 4 222
281 372 29 1412
282 3 19 40
282 26 4 686
282 34 16 1346
282 105 35 795
282 111 53 433
282 188 43 302
282 192 38 804
282 194 1 169
282 199 23 1020
282 201 25 697
282 237 49 43
282 280 31 391
282 293 29 1184
282 297 57 180
282 389 11 1232
283 6 28 373
283 23 31 841
283 31 37 334
283 65 4 951
283 112 52 572
283 116 35 325
283 177 17 702
283 236 55 334
283 247 23 1086
283 269 7 995
283 274 46 643
283 300 10 17
283 325 40 1319
283 379 49 1086
283 381 59 228
284 19 7 1432
284 76 37 1209
284 86 16 998
284 155 44 1373
284 170 55 468
284 176 31 500
284 177 49 1094
284 196 59 112
284 223 51 165
284 240 1 155
284 247 5 1310
284 286 13 635
284 289 23 134
284 319 25 1451
284 395 21 81
285 8 29 1004
285 28 25 478
285 33 37 1
285 87 58 353
285 115 31 171
285 167 43 467
285 188 34 1251
285 223 19 991
285 235 53 26
285 269 49 539
285 281 7 1351
285 322 2 945
285 324 23 1302
285 346 14 373
285 372 5 751
286 26 52 1403
286 33 4 871
286 48 11 570
286 55 41 1008
286 59 13 468
286 108 25 1102
286 187 58 188
286 193 7 763
286 204 1 922
286 219 23 1280
286 267 29 520
286 324 21 840
286 346 37 1027
286 364 43 129
286 389 47 860
287 9 25 1276
287 45 55 1378
287 98 16 1205
287 112 49 1082
287 175 13 992
287 202 7 715
287 226 19 420
287 242 11 1424
287 258 37 1103
287 306 23 636
287 327 46 1149
287 355 34 1290
287 377 1 196
287 398 43 469
288 4 49 388
288 37 43 1324
288 38 19 924
288 57 53 987
288 72 35 929
288 92 7 465
288 161 55 431
288 232 11 261
288 237 13 308
288 249 31 1133
288 258 1 1392
288 279 25 856
288 308 59 271
288 349 17 674
288 366 37 1442
289 20 47 1082
289 38 1 1257
289 40 22 1282
289 65 19 1372
289 80 5 1065
289 112 16 572
289 145 25 1387
289 157 56 611
289 161 31 273
289 176 37 278
289 185 49 1486
289 246 53 812
289 329 43 155
289 378 9 415
289 397 41 1298
290 16 1 1252
290 19 45 919
290 40 49 32
290 85 52 1273
290 91 19 1388
290 118 27 512
290 257 31 1223
290 261 16 1250
290 266 13 1384
290 284 39 299
290 313 11 1425
290 352 7 1228
290 360 57 1094
290 382 23 1386
290 391 4 81
291 121 13 107
291 170 55 534
291 195 52 31
291 207 59 1167
291 249 34 71
291 253 19 1102
291 274 31 1171
291 291 43 505
291 297 28 972
291 305 47 1327
291 306 23 299
291 318 37 638
291 345 7 1430
291 387 1 248
291 394 39 849
292 7 4 88
292 61 55 1130
292 86 43 1288
292 135 49 67
292 141 19 224
292 211 29 573
292 226 10 773
292 237 1 197
292 275 23 978
292 309 35 142
292 320 25 265
292 348 57 40
292 351 40 306
292 371 7 387
292 394 46 1151
293 109 14 315
293 116 11 16
293 117 1 416
293 122 25 374
293 148 34 745
293 210 17 1335
293 223 55 165
293 231 7 970
293 262 19 268
293 263 43 1261
293 276 37 475
293 299 4 1128
293 316 59 763
293 350 41 81
293 354 47 153
294 34 46 81
294 61 53 103
294 70 55 360
294 98 35 283
294 153 29 331
294 178 1 397
294 180 11 1168
294 228 25 1223
294 260 16 368
294 275 49 440
294 324 59 360
294 333 23 901
294 337 31 267
294 366 43 628
294 378 5 1190
295 35 46 89
295 36 19 771
295 129 10 509
295 148 37 440
295 153 49 968
295 170 51 873
295 186 25 543
295 199 59 535
295 215 1 926
295 244 4 513
295 319 14 1451
295 345 55 1396
295 394 7 1257
295 396 31 96
295 400 23 1155
296 26 52 551
296 33 28 871
296 47 25 1107
296 114 13 1031
296 171 45 1038
296 187 49 1395
296 199 41 1281
296 268 37 989
296 271 11 149
296 280 31 1241
296 284 19 414
296 300 55 866
296 350 59 334
296 358 5 1483
296 370 22 79
297 26 40 839
297 62 25 1426
297 89 31 405
297 100 55 715
297 102 51 529
297 104 2 814
297 130 47 455
297 143 37 368
297 150 21 301
297 188 43 773
297 196 11 919
297 212 59 1263
297 263 15 710
297 327 4 818
297 372 49 972
298 22 43 842
298 63 40 88
298 94 13 356
298 108 32 1102
298 142 28 992
298 145 55 728
298 190 50 318
298 221 22 945
298 238 59 229
298 261 25 1190
298 276 10 221
298 298 19 594
298 333 17 1259
298 357 1 572
299 70 43 83
299 104 53 851
299 117 7 1373
299 127 31 815
299 131 13 1435
299 137 35 157
299 187 40 954
299 216 47 131
299 241 15 288
299 250 19 1288
299 313 29 990
299 322 10 185
299 327 37 818
299 333 23 364
299 365 3 1399
300 13 11 67
300 17 26 584
300 18 13 1278
300 44 22 891
300 56 55 951
300 80 1 1065
300 130 3 1296
300 169 49 278
300 199 5 225
300 231 41 1201
300 260 34 341
300 274 46 1030
300 304 37 188
300 330 31 829
300 358 17 844
301 40 7 1030
301 44 29 537
301 57 17 1092
301 62 41 645
301 84 53 557
301 124 10 143
301 197 13 125
301 272 37 523
301 294 47 713
301 321 25 577
301 345 55 1331
301 391 31 1029
301 394 4 1222
301 395 59 219
301 399 43 662
302 4 1 388
302 87 52 1097
302 97 23 536
302 107 55 662
302 141 14 1286
302 144 58 868
302 206 45 575
302 209 19 927
302 210 11 389
302 247 5 170
302 299 49 89
302 327 38 8
302 368 25 1245
302 370 7 851
302 381 34 1327
303 3 31 1278
303 25 59 622
303 45 13 843
303 47 7 363
303 68 25 37
303 129 44 246
303 184 19 155
303 186 16 543
303 200 49 809
303 250 37 747
303 259 41 1386
303 298 1 857
303 309 55 163
303 353 4 639
303 374 11 961
304 11 4 1471
304 12 49 1185
304 63 1 788
304 78 53 279
304 112 46 893
304 157 9 1138
304 163 7 1152
304 204 37 787
304 242 41 977
304 250 57 1210
304 291 13 505
304 358 35 567
304 376 28 1430
304 388 19 119
304 389 23 1322
305 3 1 228
305 39 35 269
305 61 53 1412
305 132 49 1456
305 148 7 440
305 166 10 484
305 238 13 111
305 289 5 911
305 307 56 492
305 313 47 8
305 314 15 528
305 347 38 722
305 359 25 841
305 365 20 832
305 379 28 500
306 55 17 1091
306 77 13 1189
306 81 37 386
306 86 4 1493
306 107 44 1234
306 108 20 573
306 112 58 52
306 118 35 1067
306 158 32 402
306 168 7 78
306 205 25 154
306 210 1 708
306 212 52 549
306 313 29 1413
306 337 49 4
307 17 7 1332
307 52 43 972
307 145 19 134
307 195 50 1424
307 214 27 491
307 216 53 1092
307 306 46 229
307 312 57 500
307 324 4 840
307 356 37 559
307 357 31 643
307 367 13 545
307 372 1 764
307 397 55 1056
308 64 7 1339
308 66 31 905
308 84 35 557
308 90 45 151
308 103 17 894
308 197 1 237
308 208 55 589
308 240 37 808
308 245 23 131
308 247 28 1432
308 302 19 577
308 307 13 177
308 309 5 163
308 327 58 834
308 345 51 561
309 60 53 40
309 73 35 1319
309 78 40 225
309 101 22 738
309 144 13 1173
309 172 47 405
309 178 7 1174
309 235 17 28
309 250 43 159
309 251 19 437
309 284 1 414
309 331 5 1344
309 363 28 897
309 364 57 1492
309 385 11 596
310 53 5 237
310 62 23 812
310 80 35 809
310 94 26 938
310 97 59 1374
310 114 17 733
310 117 7 416
310 144 52 303
310 211 37 1358
310 225 47 572
310 251 10 437
310 274 1 1236
310 322 55 185
310 371 40 368
310 386 31 583
311 27 25 896
311 41 55 92
311 44 53 755
311 99 37 900
311 120 29 260
311 146 43 311
311 163 47 1475
311 164 49 733
311 203 13 1137
311 245 17 68
311 252 1 1305
311 281 20 169
311 299 10 936
311 359 31 977
311 394 7 380
312 61 23 1344
312 139 35 554
312 142 46 302
312 149 19 587
312 163 5 320
312 171 25 253
312 194 43 775
312 263 37 1433
312 282 1 1234
312 333 59 901
312 341 9 1213
312 344 13 733
312 355 31 1290
312 372 7 1270
312 391 52 316
313 26 55 441
313 35 2 653
313 65 7 1307
313 73 34 9
313 143 22 898
313 147 13 840
313 153 41 1231
313 199 47 360
313 272 49 430
313 306 5 946
313 314 37 549
313 318 53 63
313 319 43 540
313 356 26 1159
313 360 10 976
314 21 19 1250
314 92 43 316
314 117 10 801
314 136 41 1372
314 200 55 1155
314 209 25 396
314 255 35 178
314 264 13 1424
314 290 47 1332
314 306 4 165
314 325 37 1319
314 336 58 810
314 346 49 1027
314 353 29 397
314 391 31 316
315 14 19 352
315 39 53 911
315 57 29 561
315 81 49 743
315 124 10 1129
315 142 40 894
315 157 55 983
315 160 43 1475
315 230 7 501
315 250 15 747
315 293 23 430
315 316 35 922
315 343 31 1075
315 364 25 175
315 386 37 520
316 32 4 708
316 55 41 1132
316 63 37 617
316 87 28 590
316 166 58 548
316 175 1 1285
316 178 19 763
316 184 32 1400
316 213 35 883
316 230 10 1103
316 265 17 1070
316 306 47 299
316 347 49 722
316 357 43 776
316 366 7 675
317 7 10 1307
317 35 40 448
317 108 25 673
317 156 7 315
317 172 29 950
317 205 55 1353
317 215 49 927
317 218 13 579
317 219 59 1149
317 225 17 991
317 228 46 1263
317 253 19 686
317 303 37 1470
317 306 4 229
317 364 34 185
318 1 11 1464
318 21 55 1082
318 57 5 987
318 69 59 297
318 115 19 1286
318 158 7 1100
318 205 1 608
318 218 44 664
318 239 31 457
318 256 37 137
318 276 52 578
318 328 16 713
318 353 29 1188
318 363 22 897
318 398 41 903
319 23 17 841
319 31 1 633
319 65 22 1372
319 70 37 336
319 93 31 1467
319 142 25 322
319 194 4 17
319 200 19 1058
319 224 13 169
319 240 49 675
319 257 44 17
319 276 56 83
319 392 7 520
320 6 43 846
320 29 37 1205
320 38 27 1425
320 106 1 446
320 128 7 1135
320 131 5 746
320 154 58 1426
320 162 25 383
320 184 16 441
320 201 19 539
320 255 53 1488
320 272 49 1153
320 281 32 477
320 284 45 599
320 372 23 1133
321 4 22 388
321 5 19 736
321 75 49 258
321 81 31 910
321 97 55 127
321 101 5 1373
321 125 29 197
321 145 7 323
321 205 43 1353
321 253 37 315
321 267 17 1137
321 364 14 175
321 374 2 776
321 379 41 500
321 384 25 303
322 33 43 871
322 43 13 92
322 105 29 341
322 178 1 527
322 190 25 1208
322 203 37 645
322 222 31 1205
322 242 5 455
322 302 55 170
322 305 35 736
322 318 41 1282
322 325 22 248
322 338 11 258
322 351 49 1314
322 364 16 332
323 16 28 1135
323 56 1 261
323 81 15 111
323 92 19 50
323 108 55 1403
323 137 23 576
323 155 50 185
323 158 46 68
323 256 9 1358
323 294 7 1467
323 299 31 14
323 354 59 636
323 384 37 1469
324 42 41 650
324 116 43 1000
324 127 37 1159
324 189 25 936
324 206 55 1185
324 209 22 32
324 210 11 1200
324 259 53 949
324 269 8 137
324 325 4 470
324 327 45 847
324 339 19 46
324 376 34 81
324 378 59 752
324 380 13 873
325 13 59 1098
325 69 1 415
325 79 19 218
325 118 41 1276
325 193 35 389
325 205 37 1089
325 218 55 979
325 222 3 861
325 260 52 83
325 312 43 43
325 344 31 214
325 368 15 1319
325 375 22 529
325 378 7 1378
325 399 10 97
326 28 47 511
326 74 49 204
326 116 17 177
326 119 55 254
326 126 29 1155
326 161 25 433
326 178 43 844
326 221 37 1310
326 255 2 840
326 323 4 675
326 349 53 1018
326 361 13 1434
326 386 10 608
326 389 59 410
326 399 7 916
327 32 49 1128
327 49 1 579
327 59 25 92
327 65 14 1026
327 132 19 341
327 159 17 330
327 194 37 465
327 210 11 1008
327 222 31 428
327 235 35 28
327 262 7 1112
327 278 59 1211
327 313 47 17
327 336 56 112
327 373 53 1002
328 42 4 1287
328 53 11 37
328 65 28 113
328 77 25 1189
328 128 43 105
328 160 7 1094
328 175 31 548
328 187 22 1395
328 193 19 389
328 255 17 1154
328 264 49 1205
328 289 41 3
328 323 13 40
328 341 38 4
328 373 47 230
329 8 5 149
329 46 37 410
329 59 27 415
329 96 43 1447
329 126 9 275
329 172 41 713
329 198 19 1369
329 204 16 1072
329 212 23 1223
329 221 49 757
329 300 55 1466
329 347 31 1300
329 383 52 8
329 387 1 113
330 16 43 629
330 73 40 475
330 99 31 672
330 111 17 643
330 146 25 38
330 191 13 1333
330 204 1 234
330 213 53 90
330 225 59 431
330 271 10 267
330 322 46 945
330 366 4 900
330 374 7 898
330 398 23 924
330 399 28 1132
331 58 4 472
331 59 49 989
331 62 53 138
331 109 9 1102
331 124 19 746
331 181 1 799
331 190 43 1471
331 231 7 38
331 252 13 857
331 268 37 629
331 272 25 576
331 274 55 755
331 308 17 336
331 356 33 573
332 21 49 1290
332 49 2 635
332 76 16 779
332 87 34 1223
332 132 19 472
332 139 29 625
332 165 23 905
332 215 37 484
332 265 13 303
332 284 45 414
332 300 25 1185
332 311 40 73
332 318 59 638
332 338 55 224
332 361 7 957
333 27 4 816
333 28 47 896
333 55 23 1132
333 176 37 1280
333 179 1 919
333 211 17 1358
333 216 59 1418
333 226 56 1229
333 236 25 334
333 275 29 541
333 295 31 591
333 315 50 237
333 330 13 622
333 356 43 352
333 388 19 159
334 3 37 622
334 17 19 1154
334 47 5 1107
334 88 43 194
334 176 49 970
334 190 7 1476
334 212 11 549
334 215 34 609
334 242 27 1487
334 279 1 1174
334 323 31 63
334 324 47 256
334 344 55 1361
334 366 15 1241
335 35 34 409
335 45 49 726
335 54 27 353
335 64 57 896
335 65 1 951
335 84 45 1395
335 86 17 1184
335 124 9 797
335 148 22 440
335 173 43 970
335 195 52 858
335 197 38 1091
335 246 47 1447
335 322 19 945
335 385 7 410
336 35 16 354
336 99 19 856
336 133 33 1373
336 135 28 1229
336 159 5 874
336 165 23 177
336 166 49 752
336 187 1 607
336 228 7 1386
336 237 13 609
336 285 43 1222
336 294 47 1467
336 301 37 63
336 390 52 1106
336 398 59 1198
337 38 31 68
337 42 1 520
337 69 41 991
337 151 47 868
337 156 58 933
337 158 55 202
337 179 50 761
337 185 43 1327
337 271 23 149
337 299 28 1392
337 332 7 1384
337 370 16 652
337 387 19 158
337 390 5 579
337 391 38 165
338 6 55 1399
338 7 25 736
338 26 22 441
338 31 47 1320
338 80 1 1251
338 134 17 1067
338 135 4 430
338 173 41 641
338 183 7 148
338 223 37 262
338 317 51 968
338 331 43 578
338 351 34 73
338 359 13 578
338 386 58 331
339 6 47 373
339 19 21 937
339 23 11 877
339 79 43 432
339 103 41 179
339 128 13 497
339 130 53 136
339 144 31 1121
339 167 49 585
339 201 7 982
339 279 37 1174
339 320 55 697
339 326 1 652
339 358 29 159
339 388 25 219
340 10 53 148
340 29 7 571
340 48 29 447
340 51 1 90
340 88 43 484
340 163 47 1185
340 213 41 1278
340 232 11 43
340 237 49 536
340 239 13 472
340 265 59 45
340 293 17 1239
340 329 22 179
340 352 37 26
340 380 19 1365
341 41 25 1344
341 68 19 1320
341 96 49 353
341 110 41 2
341 125 29 270
341 144 16 1121
341 145 57 1341
341 159 23 1112
341 179 7 400
341 182 1 1133
341 291 13 1432
341 338 47 1358
341 342 34 664
341 363 43 706
341 398 11 448
342 116 14 685
342 150 21 473
342 156 52 315
342 163 5 1185
342 164 37 733
342 213 16 1129
342 242 1 455
342 323 46 164
342 327 7 88
342 336 27 609
342 337 49 30
342 344 56 214
342 364 10 440
342 367 31 290
343 38 25 46
343 67 37 1434
343 84 59 1388
343 91 43 440
343 121 55 499
343 125 29 253
343 148 40 968
343 172 23 254
343 184 31 91
343 238 53 78
343 266 14 1174
343 326 49 1388
343 358 11 1483
343 375 2 1408
343 398 7 645
344 66 55 1282
344 67 1 380
344 76 49 858
344 117 37 390
344 148 25 852
344 179 32 1424
344 191 59 696
344 196 11 1319
344 212 21 536
344 219 5 138
344 265 53 513
344 294 41 1351
344 313 23 990
344 318 29 492
344 343 13 1065
345 3 31 352
345 4 7 1249
345 75 1 628
345 101 23 642
345 140 29 92
345 191 5 339
345 217 53 1351
345 224 15 1056
345 230 58 93
345 262 19 138
345 282 37 116
345 290 11 696
345 324 41 1475
345 337 55 868
345 349 13 134
346 11 37 1151
346 20 35 1178
346 22 49 1412
346 81 1 743
346 88 13 1394
346 100 31 149
346 112 10 397
346 136 29 1416
346 150 21 68
346 251 40 1300
346 257 46 839
346 286 43 978
346 321 56 305
346 399 7 578
346 400 53 1281
347 17 13 1088
347 92 55 750
347 110 23 40
347 134 10 247
347 203 43 797
347 241 37 197
347 252 25 1305
347 272 1 713
347 274 31 1020
347 291 20 1432
347 329 52 1416
347 331 17 995
347 360 7 305
347 372 35 972
348 12 43 1070
348 15 15 382
348 51 7 90
348 59 1 1483
348 62 13 138
348 64 25 355
348 68 31 224
348 130 53 1055
348 171 49 860
348 174 11 728
348 178 37 976
348 210 29 116
348 264 21 682
348 373 47 270
348 383 55 1222
349 36 1 771
349 44 11 1297
349 91 7 1388
349 106 28 222
349 163 13 1185
349 168 58 185
349 182 37 29
349 187 16 8
349 211 53 484
349 246 19 955
349 259 5 477
349 269 25 431
349 321 45 1153
349 341 21 1210
349 365 49 472
350 11 43 334
350 35 13 129
350 37 55 696
350 102 19 139
350 142 46 894
350 168 25 589
350 201 51 1070
350 229 37 915
350 271 31 773
350 326 33 205
350 335 16 1024
350 339 28 407
350 371 1 1373
350 374 5 898
350 388 9 1127
351 8 43 419
351 25 23 979
351 33 10 1000
351 37 25 1324
351 77 7 978
351 83 41 1226
351 90 13 151
351 137 5 591
351 144 57 1420
351 176 49 1062
351 180 35 1483
351 284 31 1045
351 287 1 213
351 378 29 1435
351 381 47 1384
352 53 41 268
352 59 13 989
352 90 7 112
352 128 25 851
352 153 5 331
352 161 1 2
352 173 23 382
352 224 37 1138
352 227 49 1387
352 291 43 674
352 308 11 336
352 322 32 1052
352 335 56 159
352 344 19 1374
353 1 11 526
353 5 49 1038
353 11 3 1171
353 42 47 920
353 51 19 308
353 79 58 432
353 90 7 1375
353 95 35 1066
353 146 13 639
353 147 31 1285
353 255 29 1154
353 263 25 148
353 280 43 1426
353 369 1 867
353 395 37 1431
354 11 55 1237
354 31 49 420
354 35 13 409
354 120 41 752
354 150 51 576
354 152 25 196
354 171 8 1041
354 206 37 937
354 235 29 142
354 303 4 330
354 312 43 542
354 319 31 685
354 323 19 73
354 363 1 1297
354 378 35 752
355 85 34 204
355 87 19 527
355 97 47 1374
355 109 13 1102
355 127 57 1159
355 135 37 1416
355 170 43 559
355 178 1 449
355 188 8 543
355 201 49 78
355 213 53 1320
355 294 55 851
355 334 17 1132
355 396 26 96
356 26 31 46
356 30 53 430
356 37 55 1324
356 120 23 829
356 172 47 1197
356 203 13 1027
356 233 29 1487
356 239 19 360
356 260 40 1002
356 266 7 1189
356 288 26 628
356 290 59 991
356 319 43 323
356 389 5 1232
356 399 34 636
357 18 52 107
357 40 31 832
357 44 29 171
357 90 13 1375
357 93 43 1467
357 110 23 1368
357 194 49 83
357 198 3 484
357 238 47 655
357 263 37 816
357 334 17 712
357 344 7 886
357 372 1 1270
357 375 19 1408
357 396 25 622
358 37 19 1027
358 80 17 383
358 92 38 1483
358 103 53 1375
358 155 43 248
358 166 34 258
358 210 49 1197
358 233 23 329
358 271 47 598
358 293 55 1373
358 308 27 270
358 336 3 1035
358 369 51 1086
358 383 31 1106
358 385 11 297
359 33 10 882
359 38 55 1047
359 86 47 849
359 90 43 172
359 168 28 311
359 174 35 887
359 197 1 784
359 228 16 410
359 235 53 28
359 273 59 1366
359 286 49 747
359 297 21 347
359 361 31 565
359 378 25 415
359 392 37 1393
360 20 43 847
360 151 41 1245
360 160 19 683
360 169 55 497
360 178 37 22
360 179 25 559
360 199 59 254
360 250 32 950
360 264 7 467
360 284 13 414
360 288 49 1168
360 301 1 180
360 327 45 818
360 381 5 1434
360 395 11 1261
361 45 13 892
361 78 17 1027
361 93 26 1010
361 99 9 1467
361 113 49 1418
361 130 47 1062
361 197 37 1386
361 204 22 882
361 208 19 358
361 217 35 419
361 267 58 398
361 275 5 1265
361 296 31 1324
361 303 55 1386
361 332 52 929
362 39 5 139
362 132 1 336
362 159 17 1340
362 181 31 799
362 186 34 3
362 202 25 799
362 217 59 747
362 223 19 1159
362 242 7 145
362 270 43 1316
362 278 23 1399
362 279 13 708
362 343 56 716
362 354 47 979
362 396 37 932
363 46 9 410
363 55 35 818
363 59 49 1054
363 110 53 1211
363 117 43 602
363 124 22 143
363 125 7 737
363 171 31 253
363 238 17 799
363 280 25 746
363 304 19 972
363 307 57 1130
363 308 13 270
363 327 39 1149
363 391 3 1378
364 4 25 1249
364 6 17 420
364 64 55 38
364 65 31 1399
364 71 13 105
364 86 23 1234
364 121 51 877
364 161 1 866
364 261 34 125
364 266 46 160
364 307 37 1421
364 359 19 1215
364 371 10 833
365 1 59 449
365 20 29 847
365 70 43 606
365 88 7 1188
365 138 22 1208
365 184 52 1276
365 188 4 974
365 199 17 728
365 208 56 347
365 228 19 410
365 264 37 858
365 274 31 1031
365 284 13 1045
365 288 34 234
365 358 47 844
366 77 43 1392
366 96 1 577
366 120 35 330
366 137 59 591
366 182 10 441
366 195 13 118
366 208 28 868
366 227 31 715
366 259 17 858
366 293 7 466
366 306 41 946
366 339 22 664
366 341 46 801
366 372 25 609
366 387 37 224
367 34 55 81
367 43 4 887
367 46 19 954
367 79 32 90
367 86 41 1322
367 108 37 40
367 128 25 105
367 164 43 409
367 169 51 1195
367 172 49 1448
367 228 16 1018
367 269 13 682
367 273 23 672
367 365 7 954
367 379 11 674
368 17 7 1154
368 36 49 1259
368 51 15 450
368 103 5 468
368 128 1 1383
368 181 25 979
368 193 13 461
368 194 22 1314
368 197 55 950
368 297 40 1353
368 318 11 1428
368 334 29 481
368 343 32 674
368 348 45 481
369 39 28 736
369 50 13 397
369 75 37 1488
369 94 19 466
369 130 41 136
369 182 1 1458
369 194 49 686
369 206 31 260
369 250 15 1435
369 270 44 1130
369 292 57 415
369 299 52 1128
369 316 23 383
369 397 9 413
370 8 47 1227
370 33 52 871
370 34 13 16
370 43 1 30
370 63 28 1055
370 90 8 1305
370 125 23 1195
370 129 25 1341
370 156 49 1238
370 160 38 619
370 221 32 231
370 259 19 633
370 373 17 305
370 380 43 354
370 385 5 903
371 12 37 471
371 19 55 678
371 36 19 1227
371 86 47 579
371 154 28 400
371 169 31 1195
371 170 13 1353
371 195 43 920
371 221 1 231
371 244 25 1261
371 300 52 4
371 365 7 832
371 373 23 973
371 383 49 476
372 31 41 92
372 46 31 486
372 48 35 2
372 55 7 1452
372 101 5 968
372 162 49 383
372 206 51 251
372 248 55 355
372 290 59 1324
372 291 37 674
372 309 17 866
372 346 13 1456
372 356 26 715
372 386 43 1285
372 394 10 1300
373 23 23 278
373 86 35 543
373 97 59 329
373 103 5 501
373 108 7 673
373 155 31 730
373 163 47 1351
373 232 19 512
373 251 16 1384
373 291 13 1087
373 294 41 662
373 337 1 472
373 340 53 608
373 344 25 1361
373 383 37 1127
374 1 25 773
374 10 47 951
374 61 29 1171
374 100 37 1452
374 143 13 1226
374 169 49 497
374 173 35 344
374 242 23 1487
374 273 41 391
374 298 59 686
374 347 31 1238
374 349 11 322
374 374 19 776
374 390 17 1106
374 394 1 154
375 28 41 915
375 35 25 409
375 64 13 1149
375 68 50 849
375 124 46 882
375 134 35 826
375 155 55 817
375 194 31 1406
375 252 7 857
375 254 19 572
375 281 1 1351
375 294 11 246
375 319 37 1281
375 336 28 1249
375 383 43 143
376 11 37 194
376 57 9 1065
376 76 40 526
376 89 13 157
376 95 23 341
376 104 17 1353
376 106 46 177
376 128 55 1024
376 165 29 391
376 175 43 1413
376 180 35 696
376 259 5 1336
376 353 3 331
376 356 50 50
376 378 7 93
377 3 1 358
377 11 10 938
377 65 43 382
377 140 29 758
377 169 31 1098
377 173 5 90
377 187 55 188
377 188 19 1298
377 215 37 449
377 219 53 1205
377 232 47 43
377 257 7 880
377 272 49 1061
377 294 41 1467
377 297 25 840
378 18 1 846
378 29 49 764
378 31 35 938
378 45 22 417
378 91 7 51
378 113 4 1050
378 136 16 599
378 201 43 228
378 237 19 440
378 306 29 576
378 315 31 824
378 342 13 893
378 353 37 544
378 358 11 534
378 367 25 386
379 84 59 1424
379 102 28 74
379 104 31 851
379 125 23 951
379 126 35 1155
379 154 1 289
379 160 50 246
379 219 5 653
379 240 43 353
379 253 55 131
379 290 25 887
379 308 47 813
379 348 40 826
379 360 16 596
379 395 11 1150
380 19 55 904
380 61 1 968
380 91 26 1354
380 124 52 882
380 164 31 409
380 173 41 437
380 197 43 1091
380 227 20 1366
380 273 35 1039
380 275 59 1265
380 279 37 363
380 325 49 1319
380 362 14 3
380 374 5 961
380 394 7 1300
381 67 37 584
381 83 5 1184
381 98 29 926
381 107 19 494
381 146 31 833
381 167 49 1067
381 171 55 674
381 174 59 1250
381 194 1 1331
381 221 22 650
381 240 14 619
381 269 25 672
381 333 11 954
381 338 40 809
381 357 43 1314
382 18 19 107
382 54 55 643
382 129 25 246
382 131 53 706
382 187 46 954
382 193 41 1128
382 215 37 1082
382 242 3 46
382 249 13 1387
382 265 35 90
382 286 16 1280
382 292 7 73
382 315 31 1381
382 378 11 752
382 389 50 1322
383 53 17 832
383 111 35 386
383 139 47 625
383 171 55 1387
383 172 5 1433
383 190 8 1173
383 207 37 800
383 225 43 1061
383 280 19 843
383 294 29 712
383 302 31 431
383 305 59 954
383 332 40 1384
383 343 2 1337
383 347 25 1385
384 11 58 1026
384 56 7 1421
384 70 1 266
384 109 37 933
384 137 47 576
384 141 13 571
384 144 52 593
384 153 17 1261
384 158 31 1430
384 167 43 306
384 194 22 775
384 209 40 120
384 213 11 559
384 273 5 1387
384 274 34 1031
385 1 29 448
385 30 53 797
385 53 34 237
385 79 10 252
385 132 57 279
385 136 17 686
385 137 25 737
385 171 13 1342
385 186 40 520
385 201 43 982
385 202 1 990
385 227 49 839
385 235 47 606
385 323 37 50
385 341 7 307
386 31 23 1381
386 121 49 160
386 143 28 22
386 150 56 1129
386 156 40 78
386 159 13 970
386 189 2 509
386 191 25 548
386 219 35 653
386 243 53 599
386 248 16 768
386 281 19 540
386 284 37 414
386 342 43 1200
386 365 31 472
387 42 47 565
387 54 55 708
387 87 8 160
387 146 16 833
387 153 32 589
387 161 43 507
387 163 19 1185
387 181 21 799
387 194 40 1024
387 196 59 849
387 200 3 127
387 226 34 694
387 268 25 1499
387 341 13 652
387 348 49 871
388 61 52 1344
388 83 5 625
388 90 31 1375
388 134 14 332
388 160 45 383
388 163 49 257
388 179 58 587
388 216 11 900
388 224 25 1018
388 255 29 1198
388 272 1 1153
388 288 37 1168
388 312 7 468
388 313 35 45
388 366 22 764
389 5 31 673
389 6 59 1229
389 35 19 1042
389 66 25 88
389 92 49 533
389 107 22 1451
389 113 13 71
389 186 44 260
389 200 7 171
389 221 10 454
389 232 29 838
389 267 35 520
389 299 55 833
389 331 47 1087
389 378 41 1435
390 11 52 938
390 20 29 1431
390 54 19 1223
390 67 49 796
390 118 59 380
390 132 25 924
390 136 11 155
390 198 31 103
390 220 35 432
390 284 16 1029
390 295 7 110
390 298 23 1211
390 354 1 111
390 389 41 768
390 399 4 1271
391 1 17 1324
391 20 47 938
391 110 59 1475
391 171 55 1317
391 186 37 1072
391 189 13 1210
391 220 23 523
391 224 7 317
391 237 52 565
391 249 40 681
391 299 28 757
391 301 4 180
391 327 25 1434
391 355 34 956
391 386 1 541
392 5 52 1038
392 32 13 1358
392 44 41 1297
392 64 43 1436
392 90 37 1208
392 124 49 265
392 169 26 1312
392 202 21 1310
392 229 1 699
392 260 10 341
392 284 55 299
392 285 34 56
392 325 31 248
392 335 16 1010
392 350 59 637
393 11 10 1171
393 32 49 545
393 47 35 817
393 71 13 1431
393 108 25 1232
393 137 47 63
393 156 44 78
393 202 55 386
393 249 7 901
393 252 37 391
393 260 4 341
393 273 17 784
393 333 59 1066
393 338 31 387
393 370 22 1004
394 21 25 776
394 74 19 636
394 88 43 1394
394 112 34 587
394 128 13 494
394 138 37 839
394 148 31 1395
394 186 52 336
394 225 23 1434
394 252 7 1004
394 254 55 579
394 337 40 1408
394 339 4 446
394 400 2 927
395 18 40 118
395 37 55 1279
395 83 44 1375
395 89 49 184
395 90 25 1369
395 113 7 45
395 143 46 570
395 157 31 32
395 159 29 874
395 243 35 415
395 317 1 891
395 330 16 364
395 352 19 1270
395 380 13 171
395 398 11 903
396 11 40 194
396 48 47 1107
396 93 1 802
396 104 5 678
396 105 17 341
396 123 13 760
396 166 31 1087
396 176 7 455
396 204 55 561
396 230 21 239
396 296 19 501
396 303 58 536
396 355 52 523
396 364 25 1488
396 372 37 1322
397 47 49 1107
397 51 13 90
397 116 41 153
397 117 10 706
397 135 4 1209
397 153 17 1203
397 194 31 134
397 208 55 540
397 211 29 1112
397 237 58 973
397 326 19 205
397 347 25 1317
397 370 43 551
397 376 1 779
397 383 37 727
398 42 55 726
398 58 25 269
398 125 23 202
398 130 40 1296
398 141 43 1197
398 161 7 1232
398 165 47 52
398 197 1 606
398 205 31 1317
398 263 19 782
398 264 57 858
398 291 49 674
398 332 16 1426
399 17 13 1332
399 28 41 1307
399 67 43 368
399 86 3 1184
399 111 11 591
399 118 17 1322
399 193 22 1257
399 215 19 639
399 265 29 45
399 335 55 1335
399 345 31 1189
399 346 51 420
399 366 25 900
399 376 58 430
399 393 7 1138
400 22 55 718
400 29 13 1273
400 80 20 1065
400 92 43 465
400 132 49 1215
400 147 34 14
400 154 22 416
400 164 28 1200
400 177 47 672
400 220 59 288
400 306 53 636
400 327 3 490
400 335 40 1238
400 339 10 446
400 389 1 627
401 16 37 852
401 63 46 626
401 68 55 751
401 89 13 79
401 104 11 1157
401 160 19 1152
401 178 50 1186
401 190 7 1416
401 313 59 611
401 331 23 315
401 347 31 1047
401 354 29 248
401 365 3 318
401 390 1 118
401 397 35 1056
402 15 26 163
402 22 37 1436
402 84 41 1062
402 96 7 577
402 119 43 685
402 159 59 856
402 164 55 642
402 221 52 212
402 233 17 286
402 260 19 849
402 268 13 1372
402 283 2 1403
402 350 47 1210
402 371 22 1454
402 380 34 1475
403 5 37 241
403 7 52 49
403 16 7 1252
403 28 11 858
403 45 31 1228
403 53 19 38
403 115 13 946
403 181 46 1205
403 190 25 1469
403 272 21 74
403 330 55 354
403 356 1 1359
403 363 16 583
403 394 58 745
404 3 55 707
404 8 35 1362
404 10 11 353
404 31 59 33
404 33 37 871
404 52 4 49
404 111 53 583
404 168 40 589
404 187 25 8
404 237 46 265
404 253 19 1232
404 261 7 283
404 274 43 1059
404 281 31 800
404 311 1 844
405 49 49 63
405 76 31 1370
405 90 2 940
405 103 53 468
405 124 28 50
405 164 22 549
405 173 59 598
405 226 15 1493
405 265 47 771
405 279 55 1320
405 316 45 707
405 318 43 575
405 330 19 1436
405 358 11 1361
405 390 41 697
406 54 13 807
406 58 31 1384
406 67 19 322
406 159 53 1030
406 200 55 737
406 207 47 950
406 229 49 491
406 232 9 233
406 266 40 835
406 284 28 299
406 311 1 672
406 336 22 559
406 372 17 1133
406 387 43 873
407 44 53 1297
407 74 43 1045
407 86 11 254
407 99 37 441
407 124 34 43
407 159 17 868
407 197 19 329
407 205 49 676
407 230 1 156
407 233 26 1236
407 244 4 544
407 297 28 1445
407 302 55 824
407 313 41 45
407 369 23 265
408 6 23 373
408 9 32 1276
408 32 7 544
408 62 5 252
408 75 10 1369
408 116 47 67
408 132 1 1456
408 160 55 330
408 238 17 390
408 257 13 598
408 258 38 585
408 281 51 628
408 296 43 1265
408 322 19 1396
408 399 25 400
409 45 44 290
409 56 19 1428
409 110 50 682
409 142 7 89
409 193 23 461
409 206 2 1381
409 220 35 637
409 257 10 839
409 272 25 713
409 292 13 1132
409 305 17 432
409 355 40 1290
409 363 58 545
409 366 52 476
409 373 47 33
410 18 25 722
410 38 7 924
410 57 41 1065
410 72 11 1115
410 77 51 622
410 102 19 717
410 108 43 904
410 114 17 816
410 124 38 697
410 132 2 1198
410 145 13 432
410 271 35 549
410 349 29 134
410 351 55 1314
410 379 59 676
411 21 50 363
411 37 57 1344
411 46 25 745
411 149 37 1492
411 164 1 1319
411 175 4 548
411 177 35 383
411 215 16 639
411 253 20 297
411 258 43 536
411 309 47 1226
411 322 13 974
411 347 7 269
411 352 31 1211
412 8 41 936
412 91 51 440
412 175 14 903
412 183 8 273
412 186 44 1072
412 196 35 629
412 223 55 1265
412 229 31 1413
412 237 38 159
412 238 49 655
412 255 29 80
412 261 25 278
412 278 19 74
412 342 2 290
412 388 21 754
413 12 7 1070
413 48 35 750
413 49 31 703
413 51 13 883
413 79 37 90
413 82 49 992
413 154 25 113
413 173 59 1022
413 195 28 1103
413 270 55 1481
413 283 1 537
413 295 19 1188
413 354 53 645
413 376 40 254
413 391 45 1265
414 50 4 1442
414 64 37 56
414 65 43 279
414 79 32 432
414 86 29 579
414 100 13 222
414 126 35 198
414 175 52 1413
414 179 49 499
414 245 19 1241
414 314 55 1112
414 344 21 815
414 378 26 279
414 380 46 1319
414 395 10 782
415 59 7 584
415 65 43 1399
415 67 55 814
415 91 1 440
415 145 13 1154
415 148 25 360
415 162 35 577
415 181 28 1316
415 191 53 323
415 226 58 893
415 251 46 650
415 276 49 386
415 309 41 904
415 347 20 1014
415 367 31 844
416 7 28 494
416 18 10 1278
416 25 5 622
416 60 35 1238
416 64 37 1351
416 100 19 149
416 104 47 1353
416 131 13 746
416 166 52 341
416 213 15 347
416 244 7 750
416 251 1 1100
416 282 55 1065
416 370 31 1270
416 371 25 1031
417 24 45 924
417 57 35 561
417 60 59 967
417 121 19 535
417 160 1 497
417 188 51 492
417 207 41 933
417 243 29 982
417 290 23 1432
417 312 55 685
417 332 37 826
417 336 31 609
417 340 5 971
417 389 7 1237
417 398 43 320
418 5 4 545
418 38 19 1018
418 129 14 37
418 141 31 1197
418 149 43 672
418 164 55 419
418 180 35 277
418 206 37 856
418 207 47 194
418 228 58 1223
418 242 41 1424
418 298 11 178
418 316 23 707
418 350 17 334
418 388 25 534
419 10 17 951
419 42 25 868
419 51 31 985
419 58 37 1296
419 76 19 231
419 97 41 214
419 192 9 594
419 200 58 204
419 240 2 1447
419 259 13 979
419 286 55 1102
419 288 49 730
419 302 43 187
419 386 22 760
419 396 27 789
420 9 31 1071
420 89 19 241
420 132 37 89
420 156 10 662
420 199 23 611
420 215 58 982
420 263 49 1433
420 267 53 520
420 270 25 625
420 280 13 474
420 306 17 299
420 317 43 252
420 319 1 685
420 327 55 1434
421 27 58 511
421 36 19 565
421 42 5 32
421 56 13 808
421 97 17 961
421 104 55 484
421 203 25 983
421 221 7 386
421 226 10 360
421 230 32 1103
421 262 43 796
421 320 37 542
421 368 1 978
421 370 52 265
421 378 49 107
422 10 59 565
422 37 32 731
422 52 13 1282
422 61 17 219
422 65 3 1228
422 105 23 718
422 122 7 542
422 219 20 1280
422 221 28 567
422 234 41 355
422 261 25 883
422 264 37 606
422 286 52 747
422 301 43 205
422 395 56 373
423 6 47 605
423 14 37 145
423 17 1 1154
423 60 11 1020
423 63 25 1086
423 112 34 949
423 163 29 839
423 203 7 187
423 233 59 1070
423 271 55 896
423 316 17 883
423 346 13 995
423 372 5 972
423 377 51 846
423 400 23 893
424 75 7 1369
424 94 31 481
424 118 35 678
424 144 15 134
424 180 47 277
424 229 26 1481
424 230 49 549
424 240 37 30
424 248 22 37
424 252 1 824
424 295 43 1098
424 298 11 751
424 329 58 1074
424 355 55 320
424 382 53 398
425 10 7 747
425 12 19 188
425 35 49 275
425 64 9 1251
425 144 1 796
425 167 13 787
425 180 53 1062
425 218 43 1370
425 230 37 1336
425 278 47 170
425 281 56 842
425 330 34 832
425 355 31 967
425 356 26 261
425 366 4 761
426 25 11 1388
426 28 35 1186
426 37 57 71
426 74 25 324
426 84 23 1278
426 93 37 1245
426 121 7 1362
426 152 19 213
426 159 4 1245
426 201 49 103
426 234 41 637
426 292 13 686
426 309 55 252
426 362 31 642
426 368 43 180
427 23 41 1066
427 24 46 743
427 30 3 839
427 93 55 903
427 110 59 1016
427 125 17 469
427 141 25 1286
427 167 49 290
427 188 13 750
427 198 19 867
427 207 29 1499
427 266 43 832
427 280 7 1492
427 284 32 414
427 353 23 50
428 31 35 194
428 36 56 1075
428 74 7 1356
428 88 37 68
428 102 28 638
428 106 52 446
428 133 11 816
428 144 25 267
428 184 13 608
428 194 46 775
428 234 43 31
428 302 1 571
428 380 31 368
428 384 19 303
428 386 16 1464
429 23 1 278
429 51 26 90
429 68 43 175
429 136 23 686
429 146 7 79
429 164 55 486
429 168 19 311
429 173 59 1454
429 188 13 454
429 190 38 1257
429 248 52 76
429 262 31 537
429 274 49 344
429 337 4 578
429 355 10 225
430 30 5 172
430 60 41 796
430 64 13 1251
430 71 55 233
430 96 43 718
430 105 53 936
430 112 10 1014
430 132 1 789
430 150 21 776
430 151 17 1418
430 175 28 1070
430 214 31 1470
430 291 37 625
430 304 25 1156
430 390 49 1000
431 162 23 1430
431 167 49 71
431 182 58 177
431 189 37 567
431 219 53 842
431 229 13 14
431 230 2 239
431 235 47 50
431 248 55 641
431 336 8 790
431 352 43 261
431 356 31 1279
431 362 25 143
431 384 19 270
432 4 1 1354
432 5 28 731
432 87 16 1223
432 110 11 1396
432 145 20 750
432 153 13 1395
432 183 37 457
432 237 58 43
432 248 52 37
432 291 31 453
432 292 7 817
432 330 34 784
432 342 4 893
432 368 43 463
433 24 22 352
433 44 53 343
433 64 45 1451
433 86 29 543
433 107 19 680
433 126 43 730
433 131 5 585
433 154 34 1015
433 169 38 497
433 218 13 1259
433 229 1 93
433 230 55 998
433 236 7 1493
433 240 49 155
433 387 25 929
434 34 4 1346
434 38 33 1050
434 78 19 160
434 96 55 967
434 130 31 1184
434 168 13 1388
434 195 1 31
434 204 16 673
434 223 37 608
434 235 23 505
434 248 7 874
434 250 51 1197
434 351 10 625
434 361 25 513
434 387 43 929
435 33 22 1
435 38 49 664
435 49 55 860
435 56 7 261
435 72 47 231
435 111 41 1097
435 120 53 1436
435 167 13 181
435 183 37 97
435 194 1 465
435 195 19 678
435 224 25 608
435 239 31 360
435 274 4 382
435 346 43 861
436 22 25 248
436 61 29 599
436 153 5 1407
436 154 7 788
436 175 40 802
436 199 47 795
436 240 13 278
436 266 58 682
436 270 1 1156
436 288 37 730
436 301 10 990
436 329 22 155
436 361 43 1127
436 366 19 900
436 391 34 316
437 4 22 1332
437 14 25 136
437 96 56 639
437 103 53 131
437 114 29 213
437 118 41 1375
437 137 5 1302
437 210 47 116
437 219 35 1280
437 232 50 1426
437 239 7 457
437 271 11 655
437 317 13 290
437 337 31 1320
437 344 37 214
438 14 8 127
438 20 59 74
438 28 2 139
438 59 25 1424
438 116 47 1499
438 124 31 265
438 222 13 1301
438 255 35 1213
438 267 41 1137
438 274 16 534
438 275 23 8
438 288 49 234
438 297 52 409
438 324 11 1302
438 384 43 270
439 5 25 1042
439 59 19 1424
439 72 7 1481
439 81 13 585
439 82 31 1331
439 134 5 1280
439 203 43 1187
439 214 1 1087
439 286 28 1475
439 296 40 738
439 342 50 587
439 353 35 331
439 362 55 302
439 371 9 363
439 372 47 1431
440 87 4 662
440 102 22 139
440 140 47 897
440 146 25 655
440 148 52 1451
440 199 29 611
440 203 38 481
440 212 11 1071
440 214 55 213
440 237 49 565
440 291 7 650
440 302 13 1227
440 324 35 1061
440 375 1 1149
440 392 43 145
441 13 59 1481
441 41 37 322
441 67 43 1137
441 70 15 1362
441 83 53 449
441 149 49 1014
441 152 7 196
441 170 1 137
441 239 25 457
441 247 47 790
441 268 19 1107
441 284 31 991
441 319 55 469
441 359 34 841
442 15 56 413
442 58 13 1166
442 60 29 967
442 67 31 814
442 71 1 1385
442 102 25 728
442 162 16 516
442 163 9 697
442 196 47 221
442 224 21 1471
442 240 49 28
442 246 5 1186
442 250 43 950
442 334 41 1451
442 344 37 1201
443 70 13 956
443 125 23 197
443 129 58 619
443 167 19 641
443 238 5 1103
443 250 31 1022
443 257 10 1281
443 318 28 1282
443 328 40 833
443 338 17 49
443 341 7 1234
443 343 43 1435
443 356 49 924
443 382 53 1041
443 395 25 775
444 18 52 135
444 37 19 212
444 78 23 466
444 97 29 768
444 112 16 587
444 129 13 246
444 140 11 1436
444 149 56 1456
444 234 1 1378
444 241 25 157
444 287 31 413
444 310 40 1341
444 331 5 1213
444 369 35 1008
444 385 49 441
445 2 31 789
445 30 11 172
445 33 19 1420
445 37 7 696
445 39 29 1130
445 75 55 626
445 99 1 591
445 111 23 214
445 143 46 706
445 163 35 1150
445 258 14 874
445 268 25 858
445 289 5 196
445 298 41 571
445 335 37 289
446 19 25 627
446 33 40 1368
446 47 29 591
446 85 43 1252
446 89 55 119
446 110 47 185
446 143 49 1282
446 178 13 880
446 195 52 1082
446 255 59 976
446 308 1 462
446 321 19 1284
446 343 10 375
446 347 31 251
446 373 5 817
447 4 58 350
447 46 49 1384
447 104 34 368
447 136 7 920
447 137 55 180
447 162 22 608
447 174 11 181
447 241 25 1039
447 245 17 204
447 300 13 672
447 313 39 103
447 355 43 455
447 389 9 256
447 390 41 1106
447 394 1 355
448 55 22 1091
448 120 47 491
448 130 13 81
448 132 37 1363
448 139 41 673
448 196 19 427
448 219 25 946
448 235 29 1344
448 265 59 1320
448 280 31 608
448 287 11 413
448 291 15 802
448 295 7 1098
448 300 49 572
448 356 3 178
449 34 31 81
449 64 1 1370
449 67 43 1205
449 167 13 1249
449 169 25 1464
449 194 7 169
449 195 55 920
449 208 22 911
449 219 5 733
449 279 50 113
449 321 37 505
449 323 58 113
449 359 10 841
449 370 34 1432
449 390 41 676
450 10 49 1232
450 11 25 465
450 15 56 1121
450 30 1 331
450 70 38 1346
450 98 5 1106
450 105 17 1312
450 155 7 163
450 164 28 1319
450 203 19 187
450 205 43 790
450 228 51 799
450 236 31 797
450 283 13 812
450 298 11 768
451 55 46 1058
451 91 32 181
451 97 59 750
451 120 41 1436
451 123 50 951
451 124 13 833
451 127 26 1062
451 174 11 760
451 178 55 526
451 188 43 1155
451 196 19 239
451 198 37 121
451 211 23 957
451 348 16 1385
451 371 7 1396
452 20 47 233
452 29 14 1403
452 56 25 1454
452 66 9 905
452 160 31 497
452 164 1 1400
452 227 56 316
452 233 22 625
452 242 7 896
452 243 5 1461
452 264 43 887
452 291 19 1197
452 326 49 437
452 377 39 383
452 395 53 1067
453 25 35 440
453 38 9 466
453 86 7 458
453 87 44 1167
453 114 5 253
453 142 49 1130
453 146 19 79
453 158 25 808
453 202 31 386
453 243 1 982
453 250 37 1282
453 302 15 1228
453 303 55 536
453 360 22 1305
453 390 13 697
454 9 13 267
454 39 35 1130
454 151 5 1047
454 162 7 718
454 173 11 130
454 182 22 1458
454 198 49 164
454 221 31 212
454 227 1 1445
454 264 27 297
454 270 55 1374
454 316 41 602
454 354 17 389
454 373 45 1002
454 385 59 466
455 6 41 1399
455 18 16 1333
455 43 13 673
455 80 59 900
455 114 43 339
455 156 46 130
455 158 3 402
455 189 55 234
455 210 11 1197
455 289 29 951
455 303 38 649
455 317 33 763
455 326 19 96
455 338 52 32
455 365 25 1307
456 11 4 938
456 80 17 1446
456 106 28 892
456 129 19 795
456 132 37 407
456 142 1 302
456 144 50 662
456 250 55 184
456 264 43 479
456 298 53 751
456 312 31 710
456 329 7 611
456 330 10 1066
456 395 23 1341
456 396 13 96
457 8 35 1421
457 29 25 1368
457 53 17 1332
457 99 20 747
457 147 1 904
457 152 31 713
457 190 55 1433
457 191 47 219
457 200 37 957
457 213 29 1153
457 259 5 955
457 294 40 757
457 332 13 1135
457 334 11 1454
457 372 9 37
458 35 58 275
458 38 13 1257
458 89 25 1335
458 135 37 1039
458 146 19 131
458 162 29 513
458 177 23 212
458 228 31 410
458 237 46 1074
458 258 50 874
458 267 5 105
458 325 1 949
458 342 10 164
458 399 34 760
459 23 41 1029
459 54 43 681
459 66 49 505
459 76 7 1471
459 123 21 1059
459 134 19 800
459 230 58 501
459 262 37 1112
459 282 16 576
459 284 1 64
459 290 35 957
459 294 5 1031
459 310 10 329
459 352 25 985
459 354 29 764
460 22 19 331
460 28 53 915
460 44 43 537
460 46 13 205
460 62 59 322
460 98 35 681
460 136 17 540
460 139 40 374
460 193 7 1092
460 210 5 97
460 249 56 924
460 374 29 961
460 378 11 1435
460 387 1 1039
460 397 46 972
461 146 52 596
461 163 16 320
461 199 5 535
461 219 43 1344
461 227 25 316
461 243 10 494
461 286 7 940
461 294 55 712
461 313 47 45
461 332 21 1071
461 364 58 129
461 379 29 52
461 382 1 1237
461 385 41 446
461 397 34 1430
462 50 17 275
462 86 29 754
462 104 41 880
462 111 47 1027
462 136 5 153
462 153 11 1407
462 163 53 387
462 252 31 857
462 268 13 120
462 272 7 700
462 273 59 343
462 301 49 882
462 302 1 441
462 332 56 929
462 372 23 751
463 1 53 1239
463 82 19 589
463 83 35 279
463 90 25 1375
463 104 23 814
463 126 29 472
463 127 49 136
463 131 4 697
463 148 58 968
463 156 1 26
463 191 55 339
463 218 37 1435
463 269 16 110
463 282 13 163
463 354 7 111
464 45 10 334
464 128 38 887
464 139 29 681
464 200 13 1038
464 227 19 1168
464 235 51 320
464 267 47 113
464 283 2 157
464 302 31 1297
464 326 25 391
464 335 16 1068
464 383 55 619
464 387 43 905
465 14 31 237
465 33 52 1234
465 34 43 253
465 41 7 1344
465 67 34 1205
465 98 11 283
465 137 17 157
465 164 22 73
465 173 5 598
465 184 40 1086
465 196 59 1319
465 234 1 807
465 276 27 475
465 322 13 1396
465 337 46 1213
466 38 37 142
466 61 58 1102
466 110 11 1039
466 116 35 1363
466 144 55 932
466 153 13 976
466 198 7 900
466 218 20 808
466 283 25 266
466 295 50 181
466 311 15 143
466 319 31 847
466 355 4 1458
466 366 1 1442
466 392 44 1004
467 77 49 523
467 111 35 591
467 131 52 119
467 133 27 1061
467 150 43 625
467 159 41 856
467 168 37 374
467 226 22 479
467 240 7 28
467 244 31 513
467 284 4 973
467 310 13 1270
467 363 16 137
467 377 57 894
468 9 2 218
468 35 37 448
468 51 49 139
468 87 10 1257
468 90 33 151
468 114 47 213
468 141 19 571
468 238 41 518
468 249 28 1461
468 250 55 1022
468 266 16 634
468 286 7 757
468 361 43 1307
468 366 25 1442
469 3 2 33
469 15 25 1393
469 18 16 253
469 43 10 868
469 118 29 910
469 198 21 926
469 277 19 731
469 295 49 1222
469 322 37 809
469 327 13 1351
469 362 43 1322
469 365 55 633
469 375 32 570
469 381 59 38
469 395 53 782
470 7 49 1305
470 17 25 1088
470 49 1 391
470 106 13 1327
470 125 5 142
470 130 59 119
470 212 41 1071
470 225 17 755
470 277 23 1055
470 295 7 1162
470 312 55 509
470 320 31 325
470 334 47 1234
470 377 43 1092
470 396 37 607
471 6 21 373
471 86 23 283
471 162 19 513
471 176 43 458
471 178 13 816
471 186 37 118
471 254 1 473
471 259 5 29
471 263 7 1150
471 267 17 1303
471 272 49 130
471 278 25 121
471 329 40 1374
471 385 11 1004
471 389 47 1322
472 46 45 1061
472 56 27 518
472 71 31 768
472 115 49 713
472 157 56 32
472 229 37 1332
472 236 8 279
472 251 4 779
472 287 41 465
472 297 52 1353
472 322 22 165
472 333 35 1420
472 341 16 1234
472 375 1 570
472 376 13 738
473 54 2 979
473 68 43 134
473 77 16 622
473 113 49 331
473 155 21 389
473 201 25 956
473 212 19 1071
473 244 31 764
473 247 11 1042
473 282 40 573
473 294 59 823
473 347 55 813
473 371 7 635
473 389 52 1322
473 393 35 570
474 7 13 86
474 16 22 1200
474 26 55 938
474 95 29 1071
474 119 25 1035
474 169 43 497
474 173 5 344
474 181 52 1020
474 187 1 8
474 189 33 873
474 256 7 1196
474 297 58 1155
474 300 19 1132
474 321 37 179
475 8 11 419
475 64 13 1408
475 88 43 1087
475 119 56 898
475 219 35 800
475 228 37 86
475 258 25 1281
475 272 31 430
475 278 49 129
475 289 51 893
475 317 7 1229
475 348 4 481
475 354 29 185
475 364 40 396
475 394 22 967
476 22 31 842
476 28 29 1307
476 44 13 275
476 104 49 105
476 125 47 1195
476 129 40 982
476 200 52 966
476 303 26 1171
476 322 1 1052
476 328 37 833
476 336 16 1226
476 346 20 877
476 355 43 500
476 361 55 1407
476 365 7 1454
477 38 55 602
477 58 34 1388
477 72 29 1156
477 79 31 966
477 82 8 795
477 118 17 184
477 124 49 471
477 130 59 455
477 193 47 389
477 226 22 325
477 229 25 915
477 241 13 1285
477 247 41 790
477 256 43 1196
477 380 1 356
478 32 31 755
478 114 17 541
478 121 19 1133
478 139 23 499
478 153 1 673
478 242 41 455
478 246 5 577
478 254 49 52
478 274 34 212
478 281 37 916
478 297 43 652
478 309 53 1387
478 312 55 91
478 352 25 308
478 368 7 1133
479 39 47 911
479 73 40 390
479 75 1 1466
479 105 23 4
479 117 28 602
479 127 32 136
479 167 7 926
479 191 49 840
479 250 19 910
479 285 37 618
479 305 58 809
479 311 16 375
479 320 43 1171
479 324 11 643
479 372 53 463
480 13 17 880
480 42 29 471
480 55 47 329
480 100 25 206
480 103 35 1375
480 112 19 356
480 113 22 69
480 148 7 541
480 169 13 279
480 172 3 1433
480 217 41 135
480 230 10 239
480 284 31 64
480 288 55 68
480 386 52 331
481 25 11 332
481 43 34 387
481 70 1 1208
481 99 20 1467
481 122 25 32
481 127 56 1393
481 152 13 832
481 172 5 116
481 253 7 540
481 261 31 125
481 278 47 228
481 367 49 213
481 384 37 239
481 396 43 1178
482 21 55 1290
482 25 17 440
482 73 15 275
482 112 37 572
482 114 23 253
482 144 49 910
482 211 52 96
482 295 2 181
482 366 25 476
482 368 19 523
482 369 43 697
482 384 7 876
482 385 47 978
482 398 29 924
482 400 59 374
483 24 25 350
483 28 53 269
483 39 41 598
483 93 32 407
483 113 7 937
483 187 44 8
483 252 49 1156
483 253 37 1232
483 287 29 978
483 309 5 315
483 356 55 573
483 382 11 758
483 390 22 645
483 391 19 570
483 392 1 523
484 3 43 587
484 34 16 339
484 66 25 302
484 122 55 389
484 142 49 341
484 146 22 1448
484 156 40 1337
484 167 7 1361
484 175 19 1416
484 187 52 1196
484 333 59 634
484 337 37 347
484 351 4 1149
484 365 31 1149
485 49 55 1209
485 51 43 1157
485 53 53 69
485 60 47 125
485 74 7 1045
485 90 49 151
485 101 35 1153
485 152 37 1156
485 200 1 575
485 216 59 397
485 232 17 838
485 307 25 1198
485 326 31 566
485 336 22 1103
485 398 29 1252
486 19 43 1483
486 124 13 985
486 146 37 501
486 149 55 761
486 167 50 1263
486 174 17 352
486 251 22 779
486 280 7 153
486 285 3 447
486 292 25 1250
486 301 19 1259
486 382 29 1466
486 386 40 583
486 391 34 619
487 43 1 16
487 48 41 221
487 58 26 397
487 89 37 157
487 121 49 653
487 133 11 175
487 156 43 130
487 196 35 565
487 214 31 618
487 260 22 204
487 329 4 356
487 362 56 178
487 369 47 472
487 378 29 196
487 393 16 972
488 9 49 449
488 11 38 1026
488 26 22 46
488 102 19 233
488 113 1 247
488 191 47 306
488 211 5 76
488 220 29 1227
488 280 56 843
488 298 53 1074
488 308 43 271
488 323 16 40
488 346 32 995
488 359 9 145
488 389 45 635
489 31 29 334
489 33 16 1000
489 47 35 1481
489 112 25 533
489 137 11 619
489 139 55 673
489 181 31 1488
489 189 49 936
489 272 1 989
489 280 20 306
489 283 37 1468
489 334 5 674
489 356 7 1359
489 381 41 389
489 399 58 1109
490 42 23 726
490 55 29 402
490 73 5 1327
490 94 13 204
490 108 38 248
490 132 25 839
490 167 43 1249
490 220 47 834
490 254 57 851
490 259 11 955
490 262 1 138
490 288 34 427
490 316 7 602
490 344 19 982
490 377 49 1058
491 14 28 1386
491 45 49 8
491 74 1 636
491 95 53 945
491 157 56 779
491 177 43 275
491 187 10 228
491 226 25 901
491 240 13 28
491 249 37 685
491 267 59 105
491 274 46 1059
491 321 20 354
491 342 7 712
491 348 40 1316
492 26 49 1403
492 56 43 156
492 84 35 457
492 103 47 416
492 152 9 118
492 167 1 1067
492 212 17 241
492 225 5 572
492 227 31 1387
492 253 13 696
492 315 25 91
492 318 59 32
492 365 19 810
492 373 23 271
492 398 29 469
493 2 33 699
493 38 25 1178
493 57 53 79
493 63 44 1458
493 76 4 486
493 93 49 617
493 100 55 1035
493 110 47 387
493 144 7 575
493 237 1 823
493 261 22 826
493 307 37 1420
493 343 10 1337
493 368 13 1162
493 397 17 1398
494 5 28 694
494 36 55 835
494 41 13 1203
494 76 49 1468
494 78 11 478
494 89 19 500
494 144 52 545
494 169 44 596
494 278 23 1102
494 307 7 49
494 347 31 542
494 355 25 81
494 365 1 810
494 373 59 817
494 377 37 1058
495 1 17 448
495 49 56 543
495 100 19 184
495 154 40 413
495 156 52 1238
495 179 45 32
495 180 13 1030
495 193 3 589
495 222 49 1203
495 245 15 68
495 311 34 1320
495 314 9 277
495 321 25 179
496 18 58 746
496 43 55 545
496 85 13 882
496 114 23 2
496 145 9 1047
496 184 28 1352
496 185 37 1464
496 216 7 823
496 237 16 1190
496 261 46 286
496 284 43 973
496 322 4 809
496 356 49 479
496 377 31 894
496 391 25 1432
497 24 49 712
497 45 4 926
497 59 31 758
497 69 17 946
497 80 1 900
497 89 45 1335
497 94 13 1281
497 104 35 398
497 111 43 433
497 215 40 927
497 217 53 1188
497 272 7 1153
497 283 19 1386
497 316 59 1413
497 367 25 916
498 40 31 1030
498 48 41 750
498 56 1 946
498 95 35 672
498 98 11 585
498 112 56 1014
498 199 17 611
498 213 23 241
498 228 46 73
498 355 28 998
498 372 53 1431
498 374 19 898
498 384 37 1109
498 391 25 694
498 400 15 927
499 18 49 157
499 23 53 278
499 43 31 1487
499 72 35 652
499 153 5 305
499 191 29 929
499 216 10 1279
499 269 19 1362
499 284 7 64
499 286 1 1281
499 299 55 107
499 302 13 352
499 321 25 911
499 363 44 897
499 366 37 1052
500 35 1 129
500 61 28 617
500 68 55 922
500 70 19 956
500 102 52 22
500 122 7 86
500 166 40 1087
500 210 47 561
500 256 13 1303
500 267 11 113
500 284 31 599
500 317 43 1016
500 364 4 175
500 371 25 387
501 8 41 1362
501 29 43 131
501 38 51 833
501 87 7 566
501 93 31 708
501 98 49 1075
501 178 3 1086
501 220 23 834
501 236 57 1493
501 245 10 528
501 316 17 1339
501 334 29 1239
501 357 19 643
501 365 13 1361
501 381 47 782
502 6 47 76
502 10 22 1228
502 12 25 363
502 23 9 1387
502 50 7 275
502 126 5 1055
502 147 1 188
502 184 50 513
502 206 57 446
502 254 37 1475
502 268 31 16
502 303 19 206
502 354 11 867
502 376 16 625
502 390 13 1000
503 7 52 1189
503 122 43 69
503 200 49 737
503 210 23 1290
503 215 37 639
503 225 28 1434
503 229 31 545
503 254 55 1249
503 273 35 257
503 278 17 121
503 311 13 1232
503 328 4 30
503 346 19 397
503 379 11 463
503 391 1 316
504 7 16 74
504 121 21 983
504 122 56 706
504 157 13 983
504 169 43 675
504 179 25 682
504 215 28 1082
504 229 37 950
504 238 41 1395
504 261 4 283
504 297 52 652
504 322 1 165
504 359 31 598
504 369 11 1109
504 374 19 486
505 23 5 789
505 26 13 1042
505 77 39 919
505 109 46 1375
505 140 59 1436
505 141 25 1331
505 171 55 253
505 197 7 814
505 239 19 344
505 298 17 911
505 338 23 258
505 346 31 420
505 358 35 1014
505 386 52 229
505 388 1 28
506 28 11 1195
506 31 53 1374
506 68 13 1486
506 79 19 733
506 93 32 1398
506 108 49 1481
506 143 4 368
506 160 45 683
506 161 25 2
506 177 17 839
506 189 37 700
506 216 41 486
506 369 55 563
506 389 29 1322
506 398 59 218
507 16 25 1353
507 57 29 1290
507 104 17 678
507 115 34 799
507 124 19 1129
507 160 57 839
507 163 53 1185
507 184 7 318
507 187 3 1418
507 242 49 1066
507 246 31 664
507 272 43 713
507 290 55 880
507 306 10 842
507 309 40 787
508 29 13 533
508 34 25 479
508 150 1 1259
508 160 38 317
508 166 58 1471
508 169 7 971
508 178 49 81
508 221 19 416
508 235 5 1141
508 243 11 303
508 259 17 722
508 298 35 350
508 310 22 453
508 358 28 1014
508 368 43 430
509 4 25 1452
509 23 34 1395
509 79 28 1016
509 135 52 1154
509 162 4 516
509 166 1 954
509 215 43 1365
509 220 11 860
509 224 7 1020
509 266 40 797
509 297 14 1445
509 365 57 1399
509 367 19 990
509 371 46 1454
509 383 31 86
510 59 20 1000
510 82 25 977
510 85 10 204
510 95 59 951
510 100 49 222
510 111 35 643
510 118 17 1227
510 126 29 1476
510 175 1 442
510 266 37 797
510 304 46 258
510 329 4 334
510 334 41 157
510 335 13 32
510 364 31 175
511 4 4 1354
511 44 23 537
511 169 37 596
511 200 55 645
511 226 58 1188
511 239 25 970
511 258 7 838
511 272 32 1464
511 283 49 281
511 305 11 159
511 313 53 172
511 328 45 339
511 332 1 297
511 347 13 269
511 359 19 1091
512 5 28 323
512 44 47 332
512 63 25 1374
512 69 23 807
512 87 55 353
512 89 49 961
512 124 1 548
512 150 31 898
512 170 43 1428
512 192 37 763
512 206 19 1173
512 243 35 982
512 314 8 179
512 341 16 202
512 378 41 79
513 27 34 1396
513 105 11 222
513 159 23 1052
513 201 13 43
513 206 50 45
513 218 55 747
513 233 17 405
513 255 41 279
513 266 31 160
513 288 25 1168
513 312 43 356
513 327 4 529
513 346 19 995
513 353 59 1486
513 387 37 904
514 67 25 1150
514 112 4 1014
514 115 40 683
514 120 29 1281
514 192 55 420
514 215 34 46
514 237 19 1257
514 264 43 1075
514 303 1 330
514 316 37 383
514 351 22 527
514 352 49 26
514 356 7 50
514 368 13 470
515 58 52 713
515 85 7 14
515 117 40 1303
515 154 25 230
515 156 10 933
515 181 58 957
515 196 5 239
515 227 43 715
515 235 47 1055
515 247 49 736
515 287 35 481
515 312 31 374
515 386 1 1384
515 392 13 50
515 394 37 1261
516 99 13 1467
516 116 1 805
516 137 23 1316
516 138 25 817
516 168 7 397
516 176 19 874
516 189 44 589
516 202 50 990
516 214 56 1470
516 220 17 834
516 257 28 1068
516 298 41 350
516 358 10 995
516 365 32 479
516 388 3 754
517 26 43 1074
517 47 11 1226
517 64 19 818
517 127 1 815
517 130 23 1296
517 135 55 142
517 159 35 928
517 191 17 230
517 200 25 127
517 243 59 179
517 295 31 266
517 350 29 1210
517 354 5 1058
517 368 37 540
517 370 7 1280
518 4 51 1442
518 32 1 905
518 61 41 599
518 72 59 966
518 93 25 903
518 122 7 224
518 144 19 609
518 153 5 86
518 169 31 675
518 205 55 1469
518 288 22 1166
518 291 13 633
518 309 17 494
518 335 44 1238
518 366 37 1241
519 8 35 155
519 21 7 593
519 54 49 681
519 80 29 1327
519 126 3 347
519 142 20 718
519 174 59 364
519 176 31 17
519 264 25 1412
519 296 11 374
519 316 46 738
519 366 55 596
519 376 16 542
519 377 38 541
520 7 46 279
520 21 13 1133
520 43 50 1362
520 97 5 1337
520 104 10 678
520 166 7 891
520 169 26 271
520 198 56 151
520 199 53 491
520 220 43 523
520 260 34 1340
520 336 40 440
520 351 22 368
520 368 1 593
521 20 23 545
521 51 7 74
521 93 13 839
521 103 59 131
521 130 17 1296
521 159 40 1061
521 175 33 1324
521 179 28 634
521 196 56 111
521 207 47 800
521 261 49 1276
521 277 52 634
521 302 1 352
521 306 11 554
521 337 37 430
522 59 20 1483
522 93 27 478
522 121 31 1166
522 138 57 127
522 146 52 712
522 188 16 746
522 229 3 915
522 237 37 570
522 242 25 414
522 249 7 1385
522 280 43 153
522 313 40 1327
522 322 13 605
522 386 10 1399
523 7 31 818
523 14 4 120
523 54 25 1435
523 58 34 1133
523 65 1 1307
523 70 55 1252
523 101 29 703
523 167 13 268
523 177 53 1167
523 213 59 815
523 239 20 26
523 358 47 796
523 364 49 175
523 381 11 832
523 394 40 158
524 16 22 1135
524 72 40 50
524 86 59 1288
524 110 29 1215
524 118 17 1276
524 122 1 86
524 167 13 30
524 173 43 922
524 244 19 52
524 301 10 887
524 334 5 1372
524 338 53 1303
524 346 31 269
524 387 25 712
524 395 35 990
525 67 43 407
525 87 40 1167
525 98 59 184
525 147 7 454
525 155 55 1062
525 181 49 1271
525 232 35 782
525 241 19 469
525 304 52 807
525 321 1 911
525 346 13 197
525 383 46 653
525 384 31 1055
525 394 27 1151
526 20 47 397
526 103 35 468
526 124 55 350
526 132 31 775
526 161 43 417
526 179 13 1470
526 186 1 543
526 204 16 554
526 245 29 1203
526 301 26 919
526 307 19 177
526 332 7 1317
526 337 10 796
526 364 40 283
526 395 5 31
527 2 49 758
527 26 7 158
527 126 10 347
527 140 29 741
527 152 25 1098
527 183 19 635
527 210 59 1290
527 227 2 715
527 241 37 563
527 293 23 584
527 299 55 570
527 300 34 1107
527 341 45 163
527 372 53 1270
527 374 13 1155
528 92 55 149
528 94 19 1251
528 110 29 78
528 118 41 1203
528 145 43 1487
528 165 11 391
528 192 25 149
528 225 31 1061
528 270 13 1400
528 279 1 1008
528 310 7 453
528 378 5 415
528 379 35 306
528 384 49 1109
528 400 17 927
529 33 25 1000
529 127 44 1115
529 149 13 252
529 173 35 437
529 190 31 178
529 197 2 747
529 205 19 154
529 233 11 1434
529 234 29 1298
529 253 37 1298
529 259 17 544
529 268 55 987
529 279 51 105
529 339 7 469
530 32 4 1358
530 90 38 726
530 107 22 206
530 120 7 491
530 163 1 1185
530 197 26 125
530 242 47 145
530 265 11 1320
530 277 43 743
530 291 19 787
530 297 34 639
530 311 31 1168
530 312 13 299
530 320 50 1399
530 340 59 505
531 1 47 396
531 13 29 1245
531 34 49 1413
531 55 45 402
531 69 37 1270
531 86 55 303
531 137 53 920
531 171 14 590
531 203 57 758
531 233 11 1070
531 274 1 171
531 333 41 43
531 337 34 417
531 339 4 469
531 386 19 1100
532 16 28 1074
532 27 34 802
532 33 31 1000
532 39 47 1188
532 95 55 1133
532 190 49 1488
532 198 57 463
532 207 22 551
532 214 43 491
532 282 16 1351
532 316 41 763
532 332 1 1050
532 344 37 212
532 369 7 247
532 380 25 750
533 24 28 894
533 55 9 1452
533 79 4 119
533 92 20 858
533 93 49 112
533 105 47 1312
533 111 55 104
533 112 1 985
533 148 58 1137
533 192 38 1412
533 233 53 125
533 239 13 809
533 297 43 639
533 302 33 512
533 305 17 593
534 35 10 409
534 53 19 153
534 89 37 233
534 116 45 1000
534 127 31 1062
534 136 47 976
534 192 25 1359
534 217 29 251
534 252 49 3
534 255 41 626
534 298 23 350
534 310 57 563
534 346 14 877
534 357 1 322
535 25 11 468
535 31 37 143
535 41 19 1344
535 67 25 1115
535 94 7 91
535 112 40 1287
535 124 13 471
535 134 23 1445
535 143 46 1112
535 158 16 589
535 249 34 924
535 259 29 664
535 301 31 771
535 367 49 649
535 399 4 1421
536 15 19 163
536 36 44 1154
536 53 11 892
536 56 32 1339
536 69 41 297
536 151 55 1245
536 154 16 1436
536 156 28 1421
536 213 59 90
536 216 5 397
536 283 7 83
536 309 53 805
536 353 49 1188
536 362 37 325
536 379 23 500
537 38 25 763
537 81 19 812
537 98 47 184
537 113 43 1149
537 144 4 910
537 189 37 302
537 240 7 30
537 246 17 804
537 269 58 1362
537 291 55 699
537 305 11 937
537 342 1 712
537 344 50 639
537 365 31 577
537 392 13 231
538 1 1 301
538 132 31 492
538 135 51 703
538 140 56 897
538 166 58 926
538 198 13 1153
538 227 20 1265
538 270 25 290
538 293 47 1239
538 313 17 433
538 331 41 4
538 334 5 1499
538 358 35 239
538 373 11 230
538 379 29 771
539 50 3 731
539 77 16 1189
539 83 29 363
539 86 35 900
539 99 31 627
539 126 41 559
539 127 43 815
539 148 52 355
539 152 25 516
539 168 49 1201
539 170 7 559
539 197 20 606
539 267 5 873
539 365 37 1196
539 385 59 903
540 58 49 1162
540 61 17 523
540 77 34 86
540 85 19 58
540 106 10 1365
540 190 39 1471
540 199 29 548
540 202 43 1418
540 231 53 998
540 239 55 815
540 246 13 544
540 310 7 1068
540 350 25 1388
540 362 2 642
540 379 47 315
541 7 51 1200
541 9 7 1227
541 101 47 968
541 132 20 336
541 142 55 1105
541 192 43 1386
541 207 59 650
541 211 5 322
541 236 37 33
541 246 41 1447
541 274 13 1413
541 278 17 228
541 325 1 470
541 328 25 835
541 345 31 1162
542 7 55 69
542 12 43 135
542 37 19 116
542 103 41 1198
542 110 17 636
542 126 53 1469
542 167 25 268
542 169 37 1231
542 217 34 135
542 228 7 528
542 264 49 971
542 267 1 731
542 293 29 989
542 339 3 1020
542 377 13 383
543 5 16 1396
543 56 45 142
543 57 11 218
543 58 28 136
543 77 13 1138
543 78 35 97
543 93 31 1471
543 142 22 322
543 152 37 832
543 215 4 1384
543 298 9 1026
543 318 53 1252
543 326 56 205
543 340 41 1454
543 349 43 198
544 2 1 339
544 49 45 38
544 51 49 987
544 64 31 916
544 70 7 336
544 105 23 512
544 140 43 840
544 171 14 1041
544 183 56 273
544 234 29 790
544 289 11 196
544 331 41 1129
544 344 25 815
544 352 37 92
544 394 19 1300
545 9 37 599
545 12 43 1208
545 22 25 874
545 40 4 1352
545 156 55 26
545 211 35 360
545 225 29 991
545 256 49 1303
545 283 31 474
545 293 22 989
545 303 1 573
545 309 41 816
545 322 19 185
545 371 7 1341
545 395 47 1259
546 6 11 536
546 19 19 627
546 45 16 417
546 74 27 398
546 82 31 518
546 90 1 320
546 99 50 591
546 105 35 112
546 191 41 230
546 211 47 1469
546 245 57 528
546 247 59 911
546 252 7 3
546 319 37 358
546 349 23 868
547 37 7 1027
547 53 43 38
547 57 47 1127
547 109 22 203
547 115 25 1137
547 184 58 561
547 213 55 221
547 228 52 643
547 248 28 1002
547 264 37 842
547 303 4 536
547 310 1 1089
547 318 41 339
547 332 15 949
547 397 35 1004
548 13 35 977
548 54 26 662
548 58 52 1296
548 66 19 251
548 83 17 1162
548 112 46 1287
548 138 49 332
548 144 58 932
548 158 55 398
548 199 5 611
548 214 37 867
548 217 13 641
548 285 10 447
548 361 31 1213
548 399 43 805
549 6 17 764
549 19 55 594
549 41 19 92
549 43 4 92
549 57 23 987
549 64 31 795
549 88 25 142
549 113 7 185
549 184 43 1189
549 215 37 1010
549 268 13 858
549 294 47 246
549 348 40 871
549 365 51 642
549 371 10 1178
550 25 52 332
550 42 59 602
550 48 17 680
550 54 13 353
550 65 4 1112
550 67 28 1059
550 97 39 267
550 166 31 258
550 170 7 835
550 196 23 1346
550 218 43 813
550 287 11 91
550 299 55 1392
550 363 25 221
550 370 1 1004
551 9 25 449
551 78 47 119
551 107 16 163
551 135 58 142
551 151 3 501
551 174 41 1056
551 218 49 142
551 226 31 164
551 233 11 405
551 241 43 288
551 261 34 134
551 284 22 414
551 318 37 103
551 329 55 1074
551 382 29 1314
552 3 49 829
552 29 45 533
552 35 57 1042
552 78 11 160
552 90 1 619
552 91 25 1476
552 112 19 1354
552 120 22 491
552 126 29 178
552 130 7 476
552 155 31 838
552 175 13 551
552 232 5 838
552 312 37 893
552 325 16 307
553 1 29 773
553 9 37 1121
553 16 22 1252
553 34 13 1346
553 93 1 478
553 167 25 380
553 187 34 1196
553 191 7 219
553 207 31 1167
553 227 9 1366
553 291 58 1087
553 311 16 513
553 349 19 68
553 354 5 1303
553 367 43 1469
554 1 1 1412
554 28 17 1307
554 54 49 329
554 78 53 1213
554 106 57 1002
554 180 27 383
554 182 21 439
554 225 41 130
554 256 44 121
554 267 35 1097
554 318 19 63
554 327 13 491
554 337 7 985
554 368 3 463
554 378 11 1413
555 30 53 1393
555 52 34 49
555 95 17 916
555 134 11 139
555 138 46 303
555 202 13 1418
555 230 7 472
555 245 41 51
555 273 3 1366
555 279 55 1168
555 297 37 1353
555 311 28 432
555 341 25 800
555 345 49 1430
555 375 43 529
556 56 13 440
556 95 17 1167
556 100 25 1100
556 102 39 638
556 152 31 551
556 158 19 419
556 172 59 233
556 196 46 636
556 255 53 1228
556 288 4 1041
556 296 55 1428
556 314 9 922
556 326 49 805
556 354 29 111
556 391 43 120
557 30 1 172
557 68 13 358
557 81 43 398
557 107 37 1234
557 193 53 228
557 230 49 74
557 248 7 355
557 277 23 995
557 286 25 1067
557 298 11 1074
557 314 31 804
557 318 29 151
557 330 3 364
557 380 58 368
557 398 17 222
558 9 31 449
558 10 7 804
558 13 16 801
558 57 23 991
558 60 1 1020
558 97 47 750
558 150 57 135
558 177 43 533
558 210 5 1290
558 262 25 119
558 269 19 110
558 337 38 796
558 363 9 645
558 395 29 1209
558 398 35 1231
559 15 13 973
559 149 55 364
559 159 1 1245
559 204 46 649
559 211 53 1112
559 223 19 1392
559 230 43 1336
559 252 25 857
559 253 49 540
559 273 17 380
559 282 40 219
559 312 7 1458
559 329 32 1374
559 352 3 1155
559 359 37 758
560 17 13 389
560 46 31 1105
560 67 7 368
560 104 11 814
560 106 40 577
560 122 44 237
560 128 49 253
560 192 25 849
560 195 37 755
560 312 19 655
560 313 53 1223
560 368 55 607
560 384 1 1469
561 24 7 1372
561 56 50 261
561 70 31 336
561 83 41 1208
561 115 56 731
561 146 13 575
561 173 47 90
561 175 10 89
561 185 43 499
561 196 3 898
561 224 19 1195
561 251 37 1418
561 291 16 852
561 328 25 31
562 41 43 308
562 79 37 1016
562 85 22 1340
562 107 58 662
562 178 15 397
562 191 29 219
562 284 10 973
562 303 25 202
562 304 34 1341
562 316 55 738
562 355 7 775
562 379 53 728
562 385 47 1103
562 390 41 575
562 395 5 143
563 54 33 979
563 74 56 945
563 80 23 494
563 106 37 49
563 107 25 1070
563 128 15 303
563 151 53 838
563 199 11 743
563 230 4 998
563 240 7 974
563 252 49 718
563 280 43 1492
563 285 19 491
563 337 1 1088
563 372 47 1270
564 5 19 1454
564 26 58 125
564 33 31 856
564 66 1 1092
564 74 49 636
564 77 37 261
564 80 53 1446
564 123 25 1251
564 144 34 1222
564 170 13 1002
564 180 41 277
564 281 7 1075
564 319 43 76
564 330 55 1368
564 364 22 633
565 6 29 673
565 19 49 323
565 47 17 1407
565 57 11 1314
565 108 56 775
565 119 19 722
565 121 43 1056
565 127 25 974
565 134 47 1426
565 154 7 1426
565 168 31 716
565 203 37 1137
565 292 13 764
565 311 34 625
565 356 3 745
566 28 17 1210
566 43 7 887
566 51 31 883
566 54 1 681
566 76 25 1446
566 113 46 628
566 140 11 92
566 150 37 279
566 236 20 492
566 253 55 1141
566 289 29 882
566 331 5 1087
566 354 41 979
566 359 49 271
566 362 13 325
567 10 47 904
567 52 31 1257
567 82 7 713
567 109 2 203
567 117 25 390
567 120 59 469
567 160 49 1261
567 167 43 380
567 174 5 1476
567 197 19 814
567 235 53 653
567 265 23 3
567 303 40 695
567 304 16 258
567 393 11 1141
568 23 41 91
568 31 53 978
568 162 13 626
568 166 25 954
568 193 29 763
568 234 15 1157
568 242 35 414
568 257 19 880
568 267 23 590
568 268 57 805
568 276 43 894
568 307 3 1229
568 313 55 927
568 319 8 641
568 387 37 281
569 58 34 375
569 65 28 279
569 78 23 818
569 82 55 518
569 85 14 1252
569 86 59 458
569 108 49 1469
569 197 37 356
569 227 3 576
569 256 19 1303
569 325 31 1157
569 339 43 1452
569 346 7 1107
569 369 11 1162
570 16 58 645
570 23 41 278
570 29 2 396
570 54 43 329
570 81 49 413
570 183 25 97
570 199 16 491
570 207 29 97
570 272 7 716
570 308 11 813
570 310 19 1089
570 313 22 419
570 335 34 1129
570 345 37 1487
570 391 31 694
571 6 11 414
571 103 41 468
571 111 16 970
571 149 7 877
571 164 34 271
571 202 37 706
571 255 49 178
571 260 25 809
571 276 52 386
571 291 58 664
571 319 19 320
571 344 1 1374
571 345 44 1396
571 390 29 1106
571 394 13 1298
572 63 4 231
572 68 31 172
572 100 19 1015
572 113 1 638
572 130 58 1392
572 136 23 587
572 149 49 979
572 251 55 1384
572 292 7 1370
572 296 11 577
572 312 14 655
572 319 43 1068
572 330 37 364
572 337 40 1195
572 396 26 761
573 2 39 743
573 15 19 730
573 32 4 905
573 93 7 1461
573 118 17 1341
573 125 11 364
573 174 47 352
573 196 35 88
573 276 49 135
573 280 13 458
573 282 43 737
573 322 1 809
573 332 26 103
573 346 31 1456
573 374 29 898
574 8 53 1152
574 32 58 755
574 63 55 1458
574 87 22 1070
574 104 37 105
574 209 10 45
574 264 2 682
574 278 17 154
574 281 25 120
574 299 46 46
574 318 35 103
574 331 31 997
574 364 13 442
574 375 50 1408
574 385 41 258
575 12 33 363
575 21 55 1250
575 91 19 202
575 92 13 52
575 119 9 763
575 134 23 332
575 174 46 1250
575 180 53 1388
575 181 26 420
575 193 17 533
575 196 41 1448
575 204 37 978
575 210 59 1353
575 262 1 1157
575 353 5 717
576 50 35 397
576 59 19 415
576 65 43 1166
576 95 17 867
576 126 5 1408
576 160 37 355
576 186 8 1072
576 206 25 937
576 238 53 1103
576 243 3 415
576 255 49 251
576 301 55 63
576 340 23 1153
576 348 46 234
576 362 13 642
577 54 25 541
577 61 55 103
577 85 22 58
577 86 59 311
577 93 39 119
577 98 17 181
577 122 13 897
577 123 31 1416
577 135 7 990
577 140 11 602
577 192 43 955
577 193 1 1035
577 222 4 1203
577 246 47 804
577 259 29 633
578 38 25 1026
578 44 1 332
578 53 19 32
578 72 22 1433
578 103 29 995
578 117 31 416
578 119 43 966
578 158 55 1448
578 181 49 336
578 193 35 533
578 200 10 1068
578 222 7 447
578 293 5 1353
578 296 47 577
578 369 41 1038
579 35 34 354
579 79 40 90
579 127 45 1420
579 168 31 1388
579 179 19 1092
579 195 14 776
579 234 17 325
579 296 23 374
579 302 1 932
579 333 29 33
579 349 11 136
579 355 37 283
579 361 25 1407
579 368 49 507
579 374 58 1245
580 75 51 120
580 90 55 1208
580 124 32 1461
580 159 37 1392
580 165 17 142
580 180 11 1091
580 209 7 32
580 230 22 773
580 245 35 528
580 265 29 303
580 294 49 1200
580 322 14 9
580 342 4 1312
580 358 59 534
580 362 43 642
581 25 59 332
581 27 43 107
581 60 11 330
581 85 2 1273
581 177 5 702
581 199 46 129
581 214 25 1087
581 252 7 391
581 301 34 860
581 302 49 512
581 327 13 8
581 337 31 874
581 345 19 265
581 355 40 1039
581 365 55 1149
582 6 23 578
582 11 34 143
582 20 10 949
582 73 29 1178
582 168 40 1210
582 175 55 1188
582 231 16 682
582 238 47 78
582 246 25 551
582 277 5 130
582 311 49 1209
582 361 43 726
582 364 19 1475
582 386 1 1320
582 400 7 356
583 22 31 637
583 54 9 1052
583 56 38 380
583 117 52 1056
583 167 25 467
583 186 49 801
583 231 13 500
583 260 15 584
583 280 57 153
583 295 1 466
583 298 35 1211
583 304 22 1156
583 310 44 45
583 313 47 172
584 55 23 843
584 59 37 469
584 67 9 1059
584 72 7 1322
584 137 25 920
584 139 41 1215
584 149 32 951
584 166 1 9
584 189 57 673
584 226 4 694
584 234 52 955
584 329 43 611
584 352 19 1155
584 372 29 1270
584 389 14 410
585 96 55 218
585 106 37 1327
585 114 29 816
585 186 19 543
585 190 50 221
585 193 59 533
585 207 47 1056
585 210 10 475
585 223 13 561
585 232 23 802
585 274 7 104
585 304 34 548
585 337 1 267
585 352 25 1155
585 370 31 1305
586 45 1 354
586 48 35 920
586 62 25 347
586 108 31 484
586 129 27 813
586 143 22 1038
586 144 7 868
586 148 37 968
586 192 13 56
586 239 55 472
586 278 53 817
586 294 59 1467
586 336 50 609
586 367 45 535
586 390 20 181
587 17 39 1302
587 27 28 511
587 33 7 1000
587 46 44 1105
587 165 17 1249
587 199 53 353
587 231 37 682
587 242 1 1487
587 270 49 387
587 310 25 1470
587 330 13 1393
587 335 34 160
587 336 58 157
587 357 19 544
587 373 23 1149
588 26 13 938
588 61 41 523
588 100 43 518
588 121 49 1133
588 128 37 971
588 173 59 799
588 174 11 824
588 261 20 283
588 275 29 1469
588 280 1 1476
588 285 8 1042
588 368 25 990
588 384 31 876
588 390 5 260
588 395 35 31
589 18 19 396
589 28 47 858
589 49 51 626
589 55 59 1132
589 76 1 1231
589 117 25 801
589 156 34 903
589 162 49 1097
589 163 11 1185
589 173 5 307
589 242 29 288
589 261 40 145
589 370 7 736
589 378 23 107
589 385 17 1115
590 27 16 626
590 58 37 397
590 108 1 410
590 193 49 241
590 209 22 1058
590 218 43 1251
590 238 59 8
590 244 34 52
590 290 53 1381
590 322 40 945
590 346 55 397
590 354 47 1000
590 358 11 51
590 359 7 4
590 381 29 782
591 14 51 178
591 17 44 1302
591 30 29 157
591 40 37 1236
591 81 25 111
591 131 19 1263
591 134 35 1038
591 162 31 151
591 175 13 1488
591 273 23 391
591 291 58 1327
591 312 1 43
591 320 8 198
591 378 5 352
591 385 17 1103
592 29 31 1135
592 73 8 475
592 96 43 1088
592 132 13 437
592 134 11 317
592 159 5 834
592 170 49 218
592 190 57 1488
592 203 37 431
592 232 47 1184
592 252 19 391
592 257 1 880
592 277 41 995
592 303 28 1362
592 359 25 237
593 11 20 922
593 16 43 137
593 32 1 1358
593 58 37 1162
593 69 55 894
593 160 31 112
593 166 46 557
593 215 52 730
593 232 41 1332
593 240 57 1059
593 251 7 437
593 294 10 563
593 369 17 472
593 374 4 776
593 386 27 1436
594 6 17 447
594 65 46 1372
594 93 38 1456
594 128 1 494
594 133 7 1102
594 165 53 177
594 168 25 922
594 176 31 383
594 214 9 920
594 222 49 1339
594 223 19 561
594 258 55 1310
594 276 43 893
594 331 29 383
594 353 35 1447
595 35 25 976
595 37 31 455
595 58 52 466
595 68 44 1486
595 163 9 1185
595 191 7 840
595 212 5 549
595 214 19 1470
595 245 58 1241
595 251 15 650
595 312 1 717
595 335 55 164
595 357 37 1153
595 386 49 481
595 400 13 927
596 11 43 527
596 53 1 38
596 66 13 185
596 77 22 916
596 86 53 814
596 103 47 417
596 119 55 1447
596 159 17 14
596 198 31 900
596 207 5 590
596 222 19 1203
596 264 26 1287
596 302 7 824
596 337 49 1088
596 367 38 478
597 17 32 584
597 64 13 818
597 142 22 1089
597 157 19 93
597 162 29 983
597 171 43 1317
597 212 40 536
597 223 25 165
597 226 10 171
597 228 1 1018
597 294 5 1351
597 321 56 454
597 334 17 1372
597 341 37 652
597 383 7 1208
598 9 37 1276
598 21 49 494
598 56 43 179
598 62 19 347
598 122 21 160
598 130 5 1296
598 139 59 1112
598 154 10 486
598 165 41 829
598 173 7 561
598 213 53 347
598 322 56 871
598 324 35 835
598 364 28 175
598 373 17 1002
599 59 19 1045
599 70 38 920
599 99 31 67
599 100 13 1263
599 162 17 1097
599 263 25 1433
599 272 50 1464
599 292 43 591
599 322 57 605
599 339 1 469
599 340 10 1189
599 366 4 764
599 399 7 1190
600 45 55 1302
600 55 41 1058
600 71 1 219
600 123 31 1493
600 132 20 938
600 161 37 273
600 174 5 1250
600 219 35 169
600 240 49 680
600 265 47 747
600 272 14 430
600 302 7 433
600 342 58 1184
600 347 25 1047
600 368 43 1162
601 23 59 1331
601 43 46 92
601 94 32 1351
601 109 2 315
601 140 9 602
601 167 26 241
601 170 55 796
601 192 21 594
601 207 16 129
601 222 43 952
601 233 41 22
601 249 13 706
601 283 37 728
601 327 51 270
601 353 11 1447
602 12 13 188
602 69 47 1278
602 70 43 1346
602 92 37 107
602 98 17 1368
602 168 28 1223
602 220 41 834
602 229 1 873
602 242 5 1152
602 250 31 1156
602 257 49 929
602 323 25 73
602 335 58 81
602 336 55 157
602 386 10 598
603 24 25 494
603 29 55 1296
603 31 13 88
603 43 16 1487
603 54 44 541
603 56 19 156
603 201 1 363
603 217 29 707
603 229 37 93
603 233 59 1249
603 235 53 1102
603 255 11 1228
603 293 8 1184
603 335 49 1056
603 399 31 628
604 81 13 478
604 88 7 194
604 110 5 1156
604 151 17 511
604 193 29 1257
604 195 1 566
604 231 43 1042
604 304 58 26
604 315 19 310
604 325 52 415
604 327 55 1381
604 336 40 609
604 350 23 1152
604 371 34 932
604 400 38 927
605 16 37 1135
605 20 25 1492
605 75 55 628
605 110 31 1215
605 121 49 93
605 150 1 135
605 151 35 413
605 162 13 516
605 191 47 323
605 193 15 461
605 213 5 922
605 252 7 1156
605 313 29 17
605 334 11 1239
605 373 41 26
606 59 31 846
606 85 55 1271
606 98 19 467
606 160 21 1237
606 163 11 1339
606 215 46 629
606 217 49 110
606 218 13 89
606 239 1 1103
606 244 28 750
606 266 40 892
606 287 17 97
606 297 58 246
606 344 7 818
606 400 5 419
607 49 20 626
607 70 43 1184
607 106 31 1327
607 140 47 1346
607 218 55 89
607 225 25 1061
607 234 29 355
607 255 41 976
607 267 5 164
607 275 17 315
607 291 52 1432
607 300 37 1107
607 311 49 807
607 342 13 587
607 393 35 131
608 14 26 184
608 57 11 1065
608 59 37 415
608 100 7 222
608 101 17 1153
608 145 19 323
608 154 1 230
608 204 4 542
608 221 43 650
608 247 47 1026
608 272 32 596
608 284 51 414
608 315 13 844
608 347 55 1398
609 44 17 1297
609 86 35 849
609 102 19 1038
609 129 25 43
609 147 28 137
609 153 41 107
609 208 22 847
609 228 50 745
609 229 7 873
609 244 55 1352
609 249 37 1461
609 277 13 1499
609 306 43 946
609 357 1 1398
609 363 46 1464
610 38 9 68
610 90 45 320
610 134 23 1067
610 135 49 1288
610 155 1 1066
610 157 13 93
610 189 37 673
610 236 25 288
610 241 19 892
610 271 29 598
610 279 57 1008
610 326 31 741
610 348 52 763
610 366 16 1442
611 2 7 743
611 13 11 1098
611 17 44 584
611 33 37 882
611 44 13 110
611 51 19 883
611 83 1 1184
611 100 25 469
611 114 23 260
611 173 41 561
611 187 4 303
611 255 29 678
611 284 16 414
611 338 35 218
611 368 31 810
612 58 10 1166
612 116 41 325
612 139 29 283
612 144 58 575
612 196 5 1168
612 229 43 1481
612 242 17 455
612 297 55 1030
612 300 38 591
612 303 52 573
612 311 7 576
612 314 25 497
612 327 22 481
612 335 19 989
612 381 1 1434
613 17 57 104
613 18 26 471
613 22 19 51
613 82 49 1018
613 102 1 233
613 113 13 1483
613 143 4 559
613 222 16 1301
613 266 46 1155
613 271 41 104
613 297 37 760
613 324 55 840
613 384 7 1109
613 390 35 575
613 392 31 520
614 4 44 50
614 10 47 261
614 99 27 254
614 103 59 468
614 157 32 397
614 162 25 626
614 219 37 1149
614 221 40 129
614 232 3 1300
614 239 7 815
614 257 19 157
614 286 52 516
614 312 55 891
614 331 23 1239
614 386 49 1331
615 4 19 1332
615 28 29 512
615 57 58 1065
615 80 3 1065
615 102 7 800
615 112 10 356
615 122 13 160
615 128 25 971
615 224 43 608
615 232 47 802
615 289 35 882
615 307 49 1157
615 331 23 974
615 378 38 9
615 385 5 970
616 41 55 1203
616 77 43 622
616 78 5 1166
616 87 1 1097
616 89 49 1407
616 117 46 214
616 126 53 472
616 135 25 703
616 199 29 316
616 252 37 824
616 270 7 1451
616 274 31 880
616 284 34 991
616 365 19 1399
616 373 41 817
617 4 19 388
617 30 7 797
617 72 23 1320
617 79 31 1016
617 100 15 256
617 154 46 1086
617 184 4 213
617 236 49 1072
617 282 34 265
617 299 40 67
617 303 1 1362
617 314 55 1089
617 352 26 1211
617 381 9 350
618 18 4 607
618 41 37 181
618 63 25 617
618 88 56 1499
618 97 19 536
618 108 51 241
618 124 46 471
618 125 41 737
618 145 31 1271
618 146 43 1067
618 173 28 40
618 246 23 159
618 294 17 1467
618 357 8 1398
618 381 35 1476
619 24 28 927
619 31 47 86
619 44 11 755
619 60 35 507
619 195 49 563
619 210 59 116
619 225 17 561
619 248 56 1198
619 295 7 1435
619 301 1 1481
619 308 23 270
619 326 31 119
619 330 4 214
619 335 40 686
619 359 19 1438
620 73 47 355
620 83 5 363
620 101 19 1373
620 116 39 634
620 144 58 887
620 159 37 1061
620 161 25 1215
620 170 14 726
620 240 8 680
620 259 23 29
620 281 31 350
620 291 49 453
620 293 1 1062
620 305 35 593
620 373 55 1002
621 3 25 587
621 10 5 804
621 26 10 46
621 79 7 1016
621 90 43 310
621 99 51 441
621 103 29 416
621 185 19 257
621 190 13 700
621 191 17 1263
621 196 41 111
621 225 49 561
621 236 1 492
621 250 31 257
621 338 23 1286
622 2 19 111
622 27 37 802
622 84 47 760
622 137 17 737
622 166 58 1031
622 176 43 119
622 178 3 763
622 186 49 1296
622 191 23 1369
622 201 26 225
622 208 14 722
622 263 8 1335
622 363 32 8
622 382 1 46
623 77 31 622
623 90 7 320
623 115 34 171
623 184 19 1433
623 217 17 135
623 255 53 1487
623 259 13 949
623 277 59 731
623 298 11 686
623 342 44 281
623 349 23 752
623 353 5 1393
623 361 26 637
623 362 37 3
623 396 1 678
624 37 49 458
624 42 29 32
624 58 4 136
624 84 11 987
624 138 31 707
624 179 25 1403
624 221 7 805
624 224 43 247
624 232 35 1300
624 320 55 382
624 337 37 1088
624 341 22 816
624 360 40 305
624 362 13 398
624 379 1 52
625 6 11 852
625 12 55 391
625 15 13 156
625 117 31 390
625 121 25 107
625 122 50 605
625 161 7 728
625 221 21 731
625 229 37 331
625 231 45 682
625 259 5 1386
625 275 47 905
625 281 1 540
625 339 34 1346
626 55 35 402
626 63 58 1445
626 105 5 4
626 163 29 1152
626 166 49 926
626 182 32 1458
626 200 52 344
626 214 43 416
626 245 9 856
626 251 13 1128
626 305 1 1396
626 323 25 50
626 365 37 1279
626 382 17 758
626 383 22 56
627 45 58 1228
627 89 37 256
627 120 23 835
627 127 43 448
627 142 49 551
627 159 47 842
627 161 1 1232
627 263 13 396
627 288 27 1166
627 289 53 893
627 291 31 256
627 318 17 363
627 346 7 373
627 378 19 529
627 391 34 1029
628 11 28 629
628 14 1 383
628 42 17 873
628 47 5 1056
628 106 25 892
628 205 56 608
628 208 7 796
628 210 19 1281
628 233 41 1070
628 241 13 643
628 251 46 88
628 287 53 413
628 350 11 187
628 387 31 717
628 389 35 1232
629 42 28 997
629 45 34 1378
629 50 7 731
629 150 19 1086
629 179 9 1092
629 200 4 583
629 255 41 567
629 256 51 1065
629 307 15 789
629 326 43 513
629 354 47 700
629 356 55 352
629 365 37 1454
629 374 59 617
629 397 13 1056
630 8 53 478
630 12 49 750
630 13 11 1336
630 91 55 440
630 92 37 46
630 102 13 80
630 151 1 447
630 194 43 686
630 203 7 758
630 224 25 68
630 254 31 911
630 266 19 797
630 273 35 67
630 324 17 1302
630 368 3 184
631 21 44 51
631 36 55 467
631 38 19 904
631 75 4 499
631 90 13 1446
631 110 23 1476
631 138 28 817
631 165 17 52
631 269 1 158
631 285 52 197
631 336 31 1335
631 351 25 306
631 361 7 388
631 364 40 1227
632 18 51 118
632 77 4 1307
632 82 31 1303
632 102 28 1488
632 103 41 858
632 164 58 486
632 170 19 700
632 181 55 1072
632 223 13 991
632 265 17 1378
632 317 37 868
632 343 25 1075
632 347 7 374
632 351 1 96
632 374 35 486
633 9 49 172
633 51 19 829
633 65 13 565
633 98 41 1205
633 115 4 788
633 161 55 1297
633 177 23 266
633 178 25 880
633 195 43 645
633 196 47 898
633 306 11 576
633 344 7 733
633 349 37 990
633 359 1 1448
633 367 31 213
634 14 8 383
634 28 11 169
634 64 25 1239
634 78 58 722
634 116 55 67
634 183 19 148
634 250 1 1210
634 270 39 874
634 299 34 874
634 303 31 1287
634 309 23 887
634 320 14 915
634 345 43 1384
634 361 49 1434
635 53 41 38
635 62 37 838
635 64 55 680
635 72 59 776
635 79 49 966
635 80 53 876
635 112 31 1082
635 118 1 512
635 143 21 706
635 145 25 951
635 207 47 832
635 255 35 80
635 359 7 573
635 369 43 3
635 382 29 46
636 51 7 834
636 85 19 14
636 90 31 1446
636 94 55 158
636 144 22 977
636 162 11 745
636 202 13 1471
636 221 43 454
636 261 40 761
636 262 25 164
636 273 1 1366
636 331 47 995
636 337 3 1237
636 375 37 1408
636 380 52 354
637 13 57 1098
637 62 25 89
637 82 39 557
637 104 4 433
637 144 43 593
637 169 33 1227
637 180 2 277
637 208 28 722
637 225 17 1052
637 248 19 37
637 267 23 1168
637 269 8 1302
637 285 14 736
637 344 49 1374
637 378 11 415
638 40 43 1030
638 106 26 112
638 109 7 1278
638 125 5 270
638 129 14 1086
638 154 2 1015
638 188 46 155
638 203 49 868
638 262 37 268
638 290 17 971
638 302 20 824
638 305 11 479
638 311 58 73
638 334 34 1499
639 12 55 471
639 86 10 583
639 96 32 516
639 132 26 336
639 146 15 1082
639 150 38 416
639 186 20 1296
639 221 45 731
639 239 2 457
639 363 7 494
639 367 49 1030
639 393 59 497
639 400 23 49
640 10 47 1129
640 12 21 145
640 93 55 1467
640 104 59 433
640 115 16 505
640 121 37 1226
640 123 25 256
640 126 19 548
640 150 32 1332
640 158 10 606
640 301 4 1481
640 312 43 91
640 394 52 380
640 395 1 1112
641 12 49 1016
641 14 46 866
641 34 7 434
641 100 31 1428
641 124 13 1022
641 215 37 1384
641 228 10 997
641 238 35 728
641 263 26 364
641 298 23 755
641 347 1 1047
641 364 58 802
641 389 41 1232
641 391 43 570
641 394 16 1008
642 11 19 143
642 62 5 3
642 163 17 63
642 184 28 618
642 210 47 375
642 212 35 919
642 230 22 93
642 246 41 1186
642 270 49 625
642 283 56 241
642 317 13 1089
642 331 11 1354
642 345 7 1002
642 376 43 40
642 396 1 702
643 74 43 1432
643 102 49 800
643 117 25 635
643 133 53 1153
643 161 55 1232
643 175 16 1488
643 188 40 1241
643 225 29 572
643 257 4 151
643 276 32 849
643 277 35 29
643 310 37 738
643 366 22 628
643 367 7 213
643 393 11 127
644 39 49 1105
644 41 43 1203
644 46 55 1186
644 94 13 158
644 107 1 662
644 142 19 551
644 150 31 1086
644 171 25 1486
644 210 35 1281
644 218 51 802
644 226 10 611
644 338 41 28
644 346 37 420
644 380 22 1475
645 25 49 622
645 31 35 33
645 84 55 457
645 99 25 989
645 115 10 695
645 149 51 1492
645 159 7 330
645 177 41 1469
645 206 1 1334
645 225 5 617
645 254 19 1464
645 263 57 396
645 280 44 727
645 341 13 202
645 356 37 1038
646 51 37 308
646 94 1 204
646 98 59 1195
646 117 31 121
646 133 17 398
646 137 23 771
646 150 49 373
646 165 5 1249
646 186 26 1296
646 240 13 680
646 255 41 388
646 341 19 757
646 342 8 1200
646 347 55 269
646 360 46 1100
647 27 1 816
647 32 25 1055
647 71 7 202
647 96 43 680
647 101 55 1171
647 156 28 1195
647 174 53 1250
647 176 13 707
647 208 31 92
647 218 49 1435
647 279 37 1481
647 289 47 1128
647 299 34 1288
647 306 11 636
647 379 59 674
648 9 55 754
648 113 16 1483
648 136 5 920
648 155 19 1020
648 174 59 728
648 175 31 1065
648 181 34 726
648 188 13 17
648 192 37 1067
648 242 3 455
648 337 45 267
648 350 27 129
648 352 7 69
648 357 49 974
648 373 43 1002
649 52 49 73
649 165 41 212
649 168 31 311
649 183 13 457
649 199 25 353
649 200 58 1316
649 235 5 505
649 244 28 1261
649 261 7 9
649 271 37 655
649 291 55 1327
649 294 11 121
649 306 35 842
649 321 43 470
649 393 17 497
650 4 40 535
650 35 51 129
650 40 31 382
650 41 13 1276
650 65 28 1399
650 87 25 590
650 99 1 142
650 109 34 203
650 190 9 682
650 217 23 246
650 226 46 773
650 242 5 977
650 249 19 1226
650 281 56 477
650 330 43 1022
651 80 23 809
651 113 52 773
651 143 38 898
651 162 43 151
651 165 17 829
651 184 28 1189
651 197 1 405
651 216 11 1418
651 263 45 1488
651 285 31 686
651 298 41 911
651 303 58 202
651 311 7 844
651 368 13 507
651 382 35 246
652 57 7 1127
652 71 55 741
652 75 13 1029
652 146 16 145
652 202 43 386
652 239 50 559
652 245 29 1300
652 249 31 956
652 264 25 78
652 314 19 804
652 316 47 883
652 336 37 1094
652 356 1 1279
652 374 11 898
652 382 23 78
653 4 1 286
653 24 10 368
653 98 17 43
653 104 47 466
653 118 23 184
653 202 26 1418
653 220 40 1270
653 239 19 130
653 278 53 1366
653 292 43 33
653 299 56 46
653 312 33 655
653 317 49 1227
653 393 13 2
654 18 20 1421
654 68 49 1281
654 128 9 253
654 163 7 1185
654 182 16 29
654 228 28 717
654 257 13 1223
654 258 1 838
654 260 25 145
654 268 37 198
654 269 55 1362
654 303 46 1392
654 317 31 330
654 383 43 619
654 397 59 972
655 56 1 727
655 59 19 542
655 68 13 172
655 81 55 541
655 114 23 237
655 168 8 643
655 196 41 841
655 202 49 788
655 234 59 1200
655 246 47 159
655 292 32 1250
655 352 43 1270
655 367 37 213
655 375 25 1271
655 400 11 256
656 14 58 1156
656 50 10 775
656 57 22 1127
656 72 17 966
656 84 53 760
656 141 25 1197
656 209 7 702
656 276 40 815
656 290 5 224
656 324 35 478
656 326 31 652
656 343 13 1209
656 356 1 1431
656 363 19 897
656 385 29 702
657 2 43 358
657 11 25 339
657 75 22 305
657 96 37 432
657 102 9 80
657 110 35 1156
657 135 55 936
657 143 16 898
657 211 29 844
657 236 2 1339
657 248 58 37
657 330 52 1115
657 335 19 1010
657 372 7 726
657 387 31 782
658 7 58 239
658 16 4 37
658 76 55 125
658 81 49 1132
658 115 28 1339
658 151 53 501
658 189 38 1189
658 210 11 1094
658 251 1 775
658 274 25 1030
658 338 23 1358
658 347 43 239
658 364 19 518
658 372 17 37
658 396 31 607
659 4 40 710
659 23 29 877
659 36 7 771
659 37 55 116
659 77 20 726
659 82 51 589
659 85 1 1271
659 107 32 955
659 112 13 572
659 131 17 585
659 140 11 840
659 188 4 543
659 322 46 871
659 332 37 1050
659 346 25 197
660 16 46 1252
660 26 22 1201
660 67 13 1152
660 95 19 637
660 119 25 949
660 136 17 76
660 190 7 910
660 200 37 1098
660 255 41 840
660 272 56 1153
660 312 1 468
660 315 31 148
660 347 49 813
660 395 35 373
660 398 53 1198
661 96 57 1050
661 119 37 447
661 131 35 968
661 143 22 674
661 167 1 1263
661 189 25 239
661 204 43 234
661 254 31 680
661 266 7 1236
661 273 15 380
661 306 52 727
661 325 49 307
661 354 55 1303
662 3 37 587
662 24 34 1106
662 33 1 957
662 70 55 585
662 104 11 433
662 115 46 1137
662 130 17 136
662 134 29 675
662 276 31 454
662 290 41 924
662 292 25 549
662 316 53 883
662 370 43 297
662 381 59 499
662 384 20 876
663 5 10 14
663 6 41 1229
663 79 57 804
663 90 49 1208
663 141 33 1167
663 163 23 896
663 170 25 463
663 208 7 722
663 219 55 1492
663 288 46 1015
663 307 19 279
663 334 1 528
663 358 53 51
663 376 43 738
663 390 17 676
664 65 7 1399
664 104 5 466
664 120 47 694
664 134 53 151
664 147 49 179
664 160 15 270
664 174 29 1250
664 213 35 559
664 236 31 157
664 253 1 1369
664 256 39 1358
664 259 59 979
664 267 43 731
664 332 25 315
664 398 23 448
665 23 25 110
665 27 4 1234
665 89 49 1335
665 96 37 1029
665 109 19 203
665 116 11 177
665 124 1 1416
665 156 56 1039
665 190 15 933
665 260 22 334
665 316 59 383
665 317 27 344
665 318 13 638
665 343 34 1045
665 366 7 40
666 42 41 471
666 92 55 222
666 116 4 177
666 138 31 1354
666 179 34 649
666 231 59 924
666 266 7 1132
666 269 10 1448
666 292 13 334
666 306 2 229
666 310 19 45
666 320 37 1022
666 365 26 810
666 378 53 505
666 382 23 565
667 82 31 817
667 118 1 728
667 146 10 1067
667 173 23 90
667 174 47 26
667 213 35 1018
667 214 43 343
667 217 59 1189
667 222 7 535
667 224 55 134
667 270 49 1279
667 275 29 1105
667 331 41 997
667 335 20 973
667 343 16 1065
668 33 51 1000
668 62 23 224
668 90 37 1375
668 114 29 405
668 166 19 113
668 194 32 1094
668 222 13 1205
668 262 43 169
668 271 41 773
668 344 7 639
668 362 25 178
668 377 55 383
668 385 17 903
668 391 1 1072
669 31 40 625
669 34 49 896
669 45 31 726
669 47 17 458
669 51 1 834
669 57 59 198
669 137 35 180
669 155 7 1483
669 199 5 1445
669 202 43 1150
669 234 37 1015
669 271 47 104
669 286 56 1475
669 322 19 165
669 352 26 194
670 97 4 360
670 120 11 835
670 137 47 638
670 140 29 932
670 146 19 1082
670 194 22 1151
670 220 53 320
670 249 8 297
670 265 37 344
670 267 35 1303
670 280 25 318
670 294 59 121
670 299 1 874
670 345 14 1430
670 387 39 696
671 34 50 548
671 67 16 1152
671 70 7 463
671 83 59 363
671 107 40 680
671 117 37 1303
671 145 55 1066
671 173 11 90
671 184 43 835
671 225 4 1151
671 270 31 475
671 300 19 1466
671 345 25 417
672 42 41 970
672 47 29 812
672 129 49 619
672 134 35 1433
672 170 1 1428
672 174 11 1476
672 189 13 509
672 190 31 1433
672 205 20 676
672 206 56 1015
672 209 52 305
672 224 7 33
672 225 47 633
672 349 17 1168
672 381 5 1324
673 13 11 977
673 52 25 1241
673 55 17 818
673 65 4 187
673 75 13 972
673 116 45 1499
673 178 7 1186
673 187 49 1340
673 190 56 1416
673 218 31 1259
673 249 22 1461
673 323 28 1280
673 365 37 1399
674 36 43 52
674 37 14 800
674 60 35 1373
674 119 21 617
674 130 19 81
674 141 49 1167
674 183 37 773
674 190 7 178
674 202 55 169
674 267 29 636
674 268 31 629
674 272 25 700
674 344 1 733
675 55 1 402
675 95 35 1470
675 101 7 968
675 129 31 619
675 179 25 228
675 241 3 757
675 246 28 1042
675 257 37 1223
675 284 58 414
675 293 19 1184
675 296 41 1196
675 301 10 382
675 331 23 1213
675 365 50 880
675 384 14 876
676 41 13 322
676 53 29 873
676 83 59 997
676 99 7 241
676 148 49 1451
676 154 55 810
676 157 19 847
676 167 25 926
676 186 33 1296
676 246 23 1447
676 278 4 1227
676 284 1 599
676 300 40 672
676 392 44 520
677 6 29 1196
677 47 43 363
677 72 17 185
677 129 37 1086
677 143 13 950
677 152 55 118
677 166 40 178
677 267 5 306
677 301 22 180
677 311 46 1209
677 315 7 1287
677 325 52 307
677 349 35 1408
677 360 49 104
677 384 1 876
678 55 41 590
678 56 33 1058
678 59 56 812
678 129 26 86
678 135 37 703
678 173 31 641
678 182 45 29
678 204 49 354
678 212 11 617
678 254 13 1307
678 312 2 241
678 355 20 901
678 373 23 1002
678 388 7 119
678 395 17 990
679 21 7 343
679 30 3 172
679 43 52 74
679 77 19 1307
679 111 41 591
679 149 37 880
679 183 25 674
679 255 47 1354
679 266 22 1384
679 276 44 1438
679 278 11 857
679 298 35 1026
679 305 5 479
679 316 59 513
679 387 13 1466
680 61 29 1102
680 100 49 469
680 107 13 782
680 123 37 1448
680 162 53 497
680 164 25 910
680 170 2 1197
680 210 47 111
680 241 19 1285
680 243 41 636
680 262 43 268
680 266 8 1205
680 270 31 1173
680 337 55 239
680 371 58 797
681 22 55 51
681 49 21 38
681 64 37 1451
681 92 33 997
681 105 41 222
681 107 16 782
681 184 49 1352
681 195 13 662
681 230 1 74
681 235 5 28
681 293 59 518
681 322 7 841
681 358 10 844
681 364 43 1421
681 365 25 1466
682 90 55 1375
682 113 4 69
682 132 27 1363
682 147 1 1068
682 153 53 1261
682 158 37 1211
682 181 22 420
682 188 31 743
682 238 11 229
682 264 43 1173
682 282 13 1385
682 304 7 807
682 336 19 790
682 347 49 1211
683 13 17 578
683 25 59 700
683 37 25 116
683 101 29 968
683 178 43 449
683 186 37 470
683 214 13 1106
683 217 5 246
683 273 47 391
683 284 10 64
683 314 1 817
683 326 55 566
683 343 52 1337
683 357 32 787
683 377 19 957
684 7 50 641
684 20 41 74
684 101 29 1305
684 119 55 636
684 144 32 868
684 158 46 1388
684 183 15 703
684 196 13 636
684 216 5 990
684 276 10 310
684 291 19 674
684 298 23 1074
684 312 1 343
684 341 37 163
684 386 7 331
685 16 4 169
685 51 49 834
685 62 29 138
685 114 53 253
685 120 9 491
685 124 31 143
685 201 37 1070
685 210 47 681
685 225 13 380
685 242 11 455
685 315 25 844
685 340 17 901
685 355 20 1075
685 369 41 265
685 393 59 302
686 18 52 471
686 30 35 172
686 78 3 1310
686 89 7 1436
686 147 28 454
686 153 17 787
686 210 25 475
686 213 11 815
686 244 55 52
686 281 13 350
686 287 33 413
686 295 37 876
686 334 59 481
686 350 5 1298
686 356 19 1029
687 27 25 1396
687 34 28 554
687 35 44 976
687 59 8 932
687 74 49 1378
687 111 35 30
687 196 38 1035
687 249 20 1387
687 255 23 1154
687 258 55 799
687 287 17 1109
687 312 31 1155
687 320 13 265
687 341 2 4
687 349 59 1461
688 40 40 501
688 41 31 1344
688 56 7 989
688 75 58 626
688 78 52 897
688 160 43 355
688 179 4 1470
688 218 25 260
688 226 49 1438
688 266 55 1251
688 304 22 1263
688 355 1 283
688 360 19 596
688 377 13 388
688 381 17 653
689 29 8 1296
689 61 17 103
689 64 13 67
689 65 40 565
689 82 1 795
689 108 43 1280
689 164 52 73
689 194 49 465
689 214 25 1152
689 241 55 520
689 248 37 1049
689 282 31 116
689 300 34 221
689 352 19 364
689 373 59 905
690 119 49 69
690 143 31 1112
690 149 37 1115
690 161 7 427
690 166 22 743
690 168 58 897
690 183 25 1071
690 197 14 814
690 230 19 1127
690 244 1 504
690 247 4 1432
690 285 46 1336
690 325 43 1319
690 350 35 187
690 364 55 427
691 22 19 842
691 44 59 86
691 64 27 56
691 78 17 214
691 82 13 1469
691 88 55 1097
691 91 49 40
691 206 43 185
691 300 31 1185
691 308 23 813
691 329 40 1200
691 340 35 286
691 343 37 499
691 346 2 916
691 361 7 131
692 7 34 37
692 45 19 417
692 57 17 1208
692 77 7 1340
692 88 1 32
692 119 37 966
692 137 47 1091
692 154 14 475
692 174 55 1488
692 245 59 1403
692 269 22 1287
692 324 28 835
692 370 10 736
692 378 41 415
692 387 49 396
693 28 29 858
693 45 31 926
693 55 41 329
693 62 39 81
693 91 49 637
693 93 43 388
693 119 13 1447
693 171 19 590
693 239 1 344
693 248 10 76
693 359 34 598
693 361 55 230
693 380 25 528
693 381 59 1476
694 60 5 967
694 61 10 599
694 104 53 368
694 148 31 1196
694 195 56 557
694 201 20 697
694 204 13 354
694 212 35 1071
694 245 1 1310
694 313 59 609
694 319 49 2
694 332 37 184
694 335 28 479
694 354 26 1072
694 389 17 233
695 9 55 45
695 27 27 626
695 42 59 471
695 107 21 955
695 121 7 977
695 151 53 511
695 179 40 1470
695 247 19 301
695 284 4 299
695 288 1 1150
695 304 37 1316
695 314 13 1339
695 366 46 1241
695 382 17 1138
695 384 49 876
696 58 43 136
696 88 49 486
696 123 19 893
696 125 11 316
696 156 7 1468
696 167 27 413
696 170 55 700
696 205 33 1088
696 209 37 1195
696 247 31 1042
696 265 41 303
696 305 1 937
696 324 5 835
696 332 16 1050
696 394 13 355
697 7 40 593
697 37 7 551
697 51 19 834
697 62 29 1335
697 124 52 43
697 138 16 127
697 158 49 1100
697 202 1 1424
697 214 32 197
697 229 43 903
697 263 55 901
697 303 37 1042
697 368 25 607
698 3 13 842
698 14 20 383
698 28 17 535
698 75 43 1464
698 129 28 1341
698 145 37 154
698 153 35 843
698 216 23 839
698 249 4 924
698 257 52 598
698 289 47 1203
698 295 7 591
698 329 25 407
698 342 31 281
698 369 55 892
699 26 19 1047
699 41 50 995
699 73 35 475
699 97 29 1027
699 124 2 143
699 157 32 277
699 201 43 539
699 217 5 652
699 235 47 37
699 278 41 386
699 294 23 1351
699 316 17 922
699 339 13 1452
699 364 10 518
699 392 56 743
700 9 49 1074
700 36 25 771
700 77 19 86
700 104 3 398
700 134 43 1442
700 151 5 1451
700 162 53 718
700 182 13 112
700 212 1 1071
700 240 7 1447
700 249 22 1226
700 316 11 513
700 363 46 1297
700 372 41 463
700 385 55 446
701 5 16 1038
701 42 19 754
701 49 31 1314
701 75 52 672
701 86 59 389
701 108 43 1018
701 128 37 851
701 176 7 234
701 177 47 1471
701 184 49 1344
701 245 35 51
701 294 29 1141
701 362 2 1322
701 365 55 598
701 382 41 46
702 23 7 694
702 34 28 896
702 79 55 331
702 93 45 634
702 156 52 179
702 169 1 298
702 215 49 455
702 239 19 28
702 288 34 628
702 290 5 619
702 297 39 784
702 326 13 910
702 336 31 353
702 374 37 849
702 381 11 323
703 2 49 584
703 3 1 526
703 24 45 1339
703 27 28 559
703 55 5 1273
703 155 37 551
703 157 7 1331
703 167 31 93
703 189 57 252
703 254 13 286
703 299 21 1353
703 341 10 573
703 369 25 1008
704 3 43 910
704 44 41 537
704 90 37 1157
704 141 49 678
704 172 25 1320
704 217 31 747
704 227 1 1030
704 245 17 131
704 271 29 149
704 287 7 413
704 300 10 1132
704 323 13 1280
704 329 56 465
704 339 21 950
704 386 33 1468
705 8 22 458
705 98 49 1195
705 110 17 78
705 116 47 1331
705 119 25 636
705 120 5 1211
705 129 37 225
705 218 57 712
705 223 9 1392
705 239 31 130
705 249 40 419
705 308 35 813
705 318 29 706
705 342 19 281
705 349 15 1352
706 36 37 1075
706 46 8 638
706 55 29 545
706 69 53 662
706 87 34 353
706 94 13 78
706 129 22 104
706 187 1 303
706 189 43 116
706 194 31 1378
706 199 47 175
706 210 59 375
706 296 41 33
706 350 17 187
706 381 55 336
707 35 25 354
707 46 55 1288
707 66 43 80
707 109 28 499
707 141 1 224
707 144 10 281
707 157 34 281
707 174 53 1014
707 224 49 68
707 253 20 432
707 262 39 1330
707 334 47 1398
707 363 14 1297
707 371 7 1178
707 394 31 270
708 27 8 107
708 34 39 548
708 50 4 467
708 67 13 1150
708 95 47 1167
708 105 35 497
708 133 29 320
708 141 25 561
708 152 43 968
708 194 19 465
708 239 49 526
708 297 1 995
708 319 31 1041
708 382 23 758
708 391 56 437
709 51 13 834
709 52 58 1273
709 115 52 1137
709 160 37 405
709 162 2 516
709 200 28 127
709 236 31 334
709 257 55 1223
709 278 23 170
709 285 19 447
709 303 49 573
709 359 7 1215
709 384 44 1109
709 395 11 491
710 47 23 1486
710 57 53 932
710 100 2 256
710 140 51 840
710 150 14 1317
710 154 7 113
710 160 43 373
710 172 41 1339
710 175 19 1324
710 176 25 138
710 238 59 922
710 303 37 718
710 309 47 458
710 350 55 1210
710 397 11 1421
711 13 35 1098
711 16 19 625
711 25 29 386
711 70 55 1166
711 89 43 405
711 115 37 683
711 116 23 801
711 123 31 523
711 172 4 83
711 194 49 1024
711 196 9 636
711 209 16 45
711 284 25 973
711 378 11 79
711 380 1 1205
712 13 11 1416
712 24 37 111
712 32 40 63
712 72 23 966
712 86 5 877
712 91 55 181
712 137 35 737
712 151 17 1015
712 152 19 196
712 190 25 1105
712 249 1 924
712 263 13 1335
712 352 7 442
712 369 46 867
712 390 29 509
713 9 1 587
713 19 49 448
713 56 43 808
713 63 10 104
713 93 25 760
713 98 53 467
713 132 19 1198
713 155 37 905
713 164 7 271
713 283 31 83
713 308 13 813
713 316 23 883
713 334 35 1127
713 336 56 609
713 370 16 851
714 37 33 867
714 64 1 1211
714 68 55 332
714 87 19 400
714 102 38 74
714 142 43 92
714 148 49 355
714 180 29 277
714 231 11 1316
714 320 7 265
714 357 25 1370
714 376 22 1488
714 380 13 1008
714 385 41 596
714 393 31 127
715 90 13 977
715 165 53 52
715 184 32 835
715 194 7 936
715 205 49 308
715 231 5 894
715 274 40 758
715 296 1 374
715 300 58 1466
715 317 43 63
715 321 19 343
715 325 10 470
715 338 35 472
715 387 25 224
716 68 43 1236
716 81 31 736
716 83 5 997
716 101 41 1373
716 105 16 1327
716 157 19 1331
716 188 13 998
716 212 9 549
716 282 27 737
716 285 1 536
716 298 35 751
716 312 49 500
716 344 55 733
716 369 47 1362
716 372 25 1322
717 7 1 69
717 37 57 808
717 97 31 1227
717 117 38 1373
717 162 23 151
717 165 33 638
717 179 10 761
717 192 19 1412
717 234 47 1298
717 235 55 1344
717 238 17 492
717 292 13 591
717 311 28 375
717 337 43 1213
717 381 41 56
718 13 17 1098
718 21 19 476
718 77 46 622
718 93 55 388
718 114 41 213
718 117 1 1314
718 180 59 91
718 227 49 1239
718 232 28 1259
718 236 37 1339
718 239 31 559
718 249 4 901
718 279 7 708
718 384 13 1109
719 5 28 14
719 39 19 1105
719 93 44 543
719 117 55 1400
719 120 11 1375
719 146 25 575
719 154 34 1372
719 179 49 1092
719 188 1 539
719 243 17 265
719 257 21 1281
719 309 4 904
719 310 38 446
719 331 7 1061
719 334 59 1398
720 52 52 1241
720 62 47 252
720 63 16 843
720 64 55 1408
720 87 38 1097
720 142 28 322
720 159 23 1030
720 172 1 1433
720 178 9 1286
720 187 19 871
720 240 3 966
720 251 34 1436
720 268 43 989
720 293 7 905
720 327 49 1351
721 12 25 51
721 14 13 145
721 55 17 545
721 69 11 396
721 75 34 1431
721 84 59 467
721 102 31 375
721 176 49 138
721 211 9 96
721 223 43 299
721 256 19 1337
721 298 37 768
721 307 55 1157
721 359 4 841
721 398 41 1312
722 9 14 1074
722 62 29 88
722 77 52 1392
722 94 25 33
722 108 1 1282
722 126 23 730
722 168 49 643
722 191 47 56
722 195 31 427
722 201 37 467
722 237 43 233
722 267 19 398
722 272 7 130
722 338 35 1466
722 395 5 1259
723 34 34 1228
723 55 47 590
723 79 19 1016
723 105 17 1127
723 118 11 1276
723 158 52 390
723 193 5 389
723 203 43 222
723 251 37 76
723 282 31 355
723 315 7 1141
723 321 13 997
723 341 28 237
723 349 41 990
723 393 22 1100
724 19 55 448
724 30 49 1287
724 108 31 1392
724 135 43 202
724 176 13 1062
724 196 11 849
724 215 40 1365
724 226 46 330
724 236 25 707
724 249 52 901
724 265 5 448
724 284 19 64
724 309 17 887
724 355 7 951
724 358 59 549
725 4 43 746
725 10 1 1228
725 29 25 1050
725 33 13 957
725 48 32 750
725 95 23 1167
725 138 16 685
725 200 46 107
725 289 10 1468
725 298 35 768
725 300 37 1185
725 314 19 634
725 346 55 877
725 361 3 637
725 374 41 776
726 69 47 239
726 88 25 788
726 113 7 1014
726 129 4 1195
726 169 13 1098
726 179 40 188
726 193 17 1035
726 266 43 1372
726 269 58 995
726 300 55 4
726 320 19 915
726 335 37 973
726 358 53 567
726 376 10 1259
726 392 32 1393
727 26 37 1335
727 71 55 1132
727 75 1 1356
727 83 23 1375
727 121 31 1002
727 138 40 685
727 142 4 594
727 143 49 790
727 165 17 251
727 200 28 575
727 223 19 299
727 287 11 1452
727 343 25 716
727 351 52 1149
727 357 7 967
728 44 23 256
728 50 35 933
728 75 32 809
728 92 43 618
728 106 25 1002
728 107 40 712
728 180 13 277
728 191 11 339
728 234 56 31
728 259 15 544
728 261 58 1359
728 280 1 153
728 308 9 813
728 368 50 339
728 393 5 2
729 4 1 1454
729 59 7 92
729 65 4 628
729 75 38 318
729 122 57 224
729 186 34 1075
729 245 11 1241
729 255 29 866
729 260 31 1237
729 265 55 1341
729 276 52 67
729 333 41 155
729 347 13 1461
729 373 47 1337
729 378 23 196
730 18 25 1421
730 25 11 1356
730 62 23 1426
730 83 39 866
730 144 55 1173
730 146 28 145
730 291 46 991
730 295 50 289
730 309 41 458
730 326 7 1031
730 340 59 1014
730 372 1 463
730 386 13 481
730 391 43 839
730 400 35 374
731 67 28 814
731 98 57 453
731 152 19 516
731 188 49 1241
731 197 37 237
731 199 53 254
731 202 1 1394
731 205 31 676
731 211 41 844
731 225 8 1151
731 262 43 760
731 316 23 922
731 353 17 1486
731 362 13 982
732 27 10 626
732 57 7 1065
732 91 37 202
732 149 31 1014
732 152 1 1129
732 186 25 507
732 217 17 486
732 244 28 544
732 264 13 91
732 274 58 1054
732 281 49 169
732 304 21 548
732 307 43 350
732 364 55 129
733 66 19 228
733 69 25 686
733 84 4 1388
733 133 40 175
733 174 17 1185
733 188 46 573
733 198 27 649
733 201 49 454
733 207 53 800
733 249 1 1387
733 267 59 554
733 312 55 710
733 327 7 831
733 371 13 797
733 384 31 1153
734 32 10 544
734 46 13 486
734 51 43 90
734 84 17 188
734 260 31 1340
734 315 37 1141
734 328 51 417
734 332 1 1426
734 347 20 269
734 370 26 1270
734 380 34 1358
734 381 41 1476
734 382 47 1041
734 394 57 491
735 2 1 897
735 3 55 622
735 24 31 1385
735 35 37 129
735 58 49 466
735 122 43 389
735 136 29 89
735 155 25 1285
735 256 13 557
735 282 40 116
735 330 34 1115
735 367 19 545
735 383 10 268
736 1 59 773
736 90 1 726
736 101 37 642
736 104 5 398
736 115 46 1094
736 171 14 306
736 176 19 278
736 285 49 56
736 304 31 135
736 306 43 165
736 309 53 1098
736 321 55 911
736 360 34 1305
736 362 39 398
736 400 29 1039
737 9 25 1227
737 55 11 818
737 75 20 120
737 84 35 405
737 151 59 447
737 184 52 1288
737 194 46 936
737 233 17 431
737 237 13 894
737 268 7 16
737 281 55 529
737 323 1 675
737 340 41 897
737 371 4 387
737 389 23 900
738 24 10 472
738 34 34 390
738 74 26 204
738 117 43 214
738 189 49 1210
738 201 55 1070
738 205 1 676
738 233 47 982
738 237 16 1128
738 241 37 991
738 244 7 695
738 261 13 1190
738 294 41 1031
738 324 22 233
739 36 55 1154
739 39 29 1276
739 88 31 194
739 92 19 997
739 103 2 89
739 113 7 184
739 114 35 541
739 198 25 231
739 206 15 716
739 217 13 747
739 245 59 51
739 269 52 682
739 297 10 972
739 305 23 629
739 366 37 764
740 12 31 51
740 61 23 511
740 74 49 633
740 116 53 685
740 153 29 843
740 161 37 534
740 166 16 752
740 212 25 1263
740 252 55 3
740 253 1 420
740 259 9 979
740 282 20 1234
740 300 13 1073
740 311 43 1209
740 369 47 1162
741 39 41 17
741 117 55 1316
741 148 22 1010
741 149 7 1115
741 197 13 1091
741 214 1 1054
741 222 19 378
741 226 31 722
741 237 34 1252
741 287 11 710
741 298 47 751
741 306 17 229
741 324 53 373
741 349 59 1018
741 366 27 596
742 66 19 528
742 81 51 736
742 87 4 1070
742 94 43 1331
742 164 7 972
742 199 47 449
742 206 13 1015
742 212 49 1071
742 217 40 1188
742 242 29 880
742 290 11 224
742 335 55 479
742 356 25 1144
742 378 17 107
742 399 34 1210
743 9 2 1276
743 45 19 290
743 56 37 518
743 95 41 989
743 106 22 1327
743 110 29 273
743 193 7 461
743 205 13 676
743 232 17 261
743 267 11 398
743 274 34 755
743 275 47 829
743 298 53 768
743 380 31 1358
743 397 49 1298
744 2 37 897
744 27 58 990
744 38 43 218
744 71 13 233
744 89 7 405
744 146 4 145
744 168 28 589
744 203 31 187
744 219 35 1121
744 263 19 872
744 298 17 751
744 321 49 470
744 325 25 1319
744 358 47 1483
744 398 53 537
745 6 1 763
745 30 41 172
745 83 53 1184
745 95 23 463
745 126 47 929
745 131 59 874
745 141 43 1188
745 196 49 1392
745 256 3 1286
745 269 34 682
745 272 55 768
745 283 37 266
745 348 19 286
745 364 31 1492
745 366 13 900
746 1 41 1464
746 6 29 76
746 24 31 617
746 37 25 702
746 102 22 375
746 108 44 30
746 172 5 526
746 175 7 46
746 186 1 1341
746 238 59 341
746 327 49 541
746 332 55 297
746 345 37 206
746 355 13 1290
746 375 16 664
747 47 47 617
747 67 43 160
747 69 35 804
747 72 13 288
747 96 1 929
747 107 10 712
747 118 23 1045
747 175 40 1488
747 189 15 1438
747 202 31 88
747 260 58 110
747 266 26 527
747 290 53 224
747 307 49 177
747 361 19 339
748 14 40 184
748 33 22 871
748 53 17 645
748 68 13 1428
748 98 29 184
748 112 43 1014
748 144 52 575
748 154 10 355
748 169 25 1106
748 189 3 673
748 229 31 530
748 230 58 998
748 330 46 453
748 343 7 1337
748 397 37 413
749 20 5 1492
749 70 7 1346
749 77 16 239
749 97 31 1373
749 130 29 1296
749 136 23 446
749 170 38 1092
749 171 19 1317
749 231 53 1316
749 298 44 571
749 343 49 1337
749 351 13 289
749 358 59 694
749 377 1 1058
749 394 55 1300
750 10 23 1393
750 173 29 834
750 222 7 1250
750 250 1 159
750 262 25 993
750 274 52 104
750 278 5 129
750 292 43 154
750 296 33 129
750 326 13 1115
750 369 35 431
750 371 40 1445
750 372 47 1133
750 387 19 234
750 398 11 148
751 16 52 1135
751 68 33 113
751 74 43 977
751 104 10 9
751 164 1 419
751 175 28 38
751 176 55 874
751 227 20 316
751 290 47 1381
751 298 13 763
751 329 49 897
751 390 17 1466
751 396 37 702
752 24 58 1106
752 36 43 468
752 39 16 17
752 58 13 576
752 148 52 360
752 204 34 69
752 247 47 1432
752 250 25 950
752 269 31 110
752 279 1 1038
752 293 11 989
752 336 49 1385
752 361 19 1434
752 388 37 1054
752 391 7 839
753 60 41 551
753 79 1 1016
753 94 25 796
753 129 7 225
753 140 23 1173
753 178 13 526
753 186 19 118
753 210 17 234
753 269 58 1448
753 309 29 1337
753 322 33 165
753 332 4 278
753 336 10 810
753 348 49 1394
753 386 52 1493
754 50 37 731
754 89 39 1184
754 111 11 30
754 153 59 1261
754 184 21 1189
754 207 46 1303
754 215 56 1010
754 242 17 1424
754 250 31 1362
754 269 1 1287
754 290 53 696
754 291 13 664
754 335 4 289
754 368 25 824
754 370 43 768
755 24 7 1106
755 29 1 565
755 34 25 16
755 38 43 1026
755 54 37 810
755 138 51 325
755 196 11 629
755 222 34 877
755 225 5 633
755 226 58 672
755 246 55 1431
755 314 19 1112
755 396 14 178
756 8 13 382
756 54 37 807
756 112 3 332
756 113 22 390
756 150 7 1203
756 174 29 352
756 178 25 583
756 183 51 457
756 199 59 1303
756 234 46 1378
756 276 31 683
756 310 56 1476
756 360 16 118
756 386 19 520
756 398 1 184
757 17 13 1302
757 20 53 847
757 30 59 1067
757 47 5 743
757 103 17 416
757 118 35 858
757 122 25 389
757 178 49 844
757 195 22 563
757 216 29 823
757 268 1 1201
757 285 44 410
757 323 55 1196
757 341 10 1317
757 360 37 222
758 23 8 278
758 44 23 275
758 51 37 883
758 78 17 160
758 102 25 233
758 138 31 417
758 143 28 883
758 147 14 402
758 268 19 1499
758 282 46 1065
758 291 1 1492
758 303 34 940
758 325 10 307
758 368 49 978
758 375 43 590
759 44 53 1129
759 50 41 1026
759 96 3 718
759 176 37 17
759 196 15 636
759 206 25 446
759 228 43 716
759 275 47 726
759 292 31 415
759 306 1 576
759 361 55 565
759 367 19 1030
759 375 7 1408
759 389 35 1322
759 400 59 169
760 30 56 257
760 56 19 261
760 93 14 180
760 105 59 420
760 120 41 260
760 141 37 857
760 157 1 847
760 169 49 1098
760 194 43 1151
760 315 25 310
760 353 11 202
760 354 29 252
760 370 8 56
760 376 4 1487
760 385 23 622
761 9 49 754
761 14 1 136
761 28 29 1186
761 40 34 188
761 55 32 1091
761 63 37 67
761 93 19 442
761 110 17 1156
761 137 23 516
761 142 45 833
761 229 7 1413
761 239 57 457
761 284 4 599
761 324 11 402
761 396 13 1067
762 21 43 1082
762 22 25 331
762 77 16 86
762 135 37 1154
762 137 11 545
762 210 47 639
762 263 31 396
762 264 49 1307
762 275 29 680
762 303 40 1171
762 328 57 339
762 346 19 197
762 362 1 3
762 369 35 607
762 395 23 31
763 21 19 979
763 49 37 1381
763 61 47 1102
763 64 7 67
763 73 23 222
763 148 2 1137
763 162 41 1430
763 175 58 551
763 196 56 1359
763 207 13 933
763 237 43 461
763 269 28 901
763 290 35 252
763 303 16 467
763 335 25 160
764 111 29 104
764 188 19 1004
764 203 25 1365
764 205 7 751
764 251 49 76
764 265 22 1082
764 268 37 970
764 299 34 1128
764 303 13 649
764 319 1 323
764 340 43 1153
764 359 58 494
764 367 45 71
764 390 5 676
764 395 17 461
765 17 55 554
765 124 4 471
765 139 17 978
765 154 10 1426
765 189 51 116
765 222 1 650
765 226 13 548
765 231 31 278
765 245 49 1300
765 255 37 678
765 258 25 536
765 283 43 1468
765 289 59 882
765 313 29 419
765 367 19 1322
766 98 35 518
766 125 11 551
766 145 31 433
766 176 15 2
766 194 55 17
766 205 19 751
766 256 7 1303
766 294 59 713
766 297 25 972
766 303 37 1171
766 315 43 548
766 327 1 818
766 355 4 500
766 363 49 1149
767 17 25 1133
767 23 43 1395
767 31 58 31
767 55 29 1091
767 64 31 922
767 72 50 727
767 76 52 594
767 111 23 571
767 139 47 1215
767 158 7 360
767 253 1 1141
767 262 19 164
767 268 14 1107
767 309 5 808
767 329 40 1173
768 7 49 380
768 26 40 782
768 27 46 816
768 61 23 103
768 65 1 1413
768 82 19 940
768 84 27 1327
768 137 5 1091
768 155 56 838
768 193 10 461
768 273 35 1374
768 302 15 116
768 304 43 807
768 335 31 1010
768 376 52 56
769 37 55 458
769 41 43 1129
769 42 51 520
769 59 31 989
769 85 25 1340
769 87 13 1100
769 153 5 976
769 174 29 760
769 214 19 1106
769 220 35 1493
769 270 7 286
769 297 38 251
769 320 1 325
769 369 17 607
770 21 13 229
770 58 19 563
770 72 25 966
770 75 4 858
770 168 31 185
770 196 29 239
770 208 49 847
770 209 52 927
770 222 10 1087
770 227 38 1265
770 298 23 454
770 361 56 22
770 387 43 492
771 50 9 288
771 59 43 1227
771 138 34 839
771 141 1 1324
771 145 49 433
771 154 55 256
771 164 28 409
771 168 31 221
771 183 14 773
771 231 5 584
771 314 37 1229
771 341 25 1234
771 376 20 430
771 385 47 702
772 61 16 968
772 62 53 3
772 65 19 455
772 76 43 486
772 92 55 50
772 118 35 380
772 176 49 707
772 194 46 1366
772 205 38 271
772 257 10 880
772 295 26 468
772 327 1 529
772 385 5 978
772 396 31 97
773 63 10 1445
773 69 17 741
773 117 1 596
773 151 55 1420
773 156 7 1324
773 180 49 937
773 211 35 96
773 261 52 982
773 263 57 593
773 265 47 448
773 279 13 1324
773 309 41 315
773 330 43 829
773 360 4 1340
773 377 37 817
774 57 23 111
774 128 49 599
774 139 46 933
774 168 10 4
774 180 41 876
774 213 19 453
774 250 31 1307
774 263 55 447
774 267 26 731
774 280 13 961
774 293 53 479
774 303 7 1171
774 310 1 800
774 326 37 96
774 364 43 331
775 15 26 730
775 83 47 1208
775 144 37 1344
775 146 49 198
775 151 41 447
775 161 19 1487
775 164 56 1092
775 221 34 416
775 277 17 989
775 290 43 924
775 303 52 536
775 348 4 1464
775 349 59 134
775 360 13 826
775 386 31 501
776 14 7 473
776 28 47 512
776 53 5 38
776 102 39 846
776 104 11 1353
776 125 17 1196
776 221 49 231
776 232 37 634
776 253 13 1159
776 255 35 866
776 266 25 1302
776 284 43 991
776 348 58 1302
776 383 28 1086
776 385 23 851
777 26 16 938
777 60 11 407
777 99 43 1020
777 145 37 323
777 146 51 1448
777 201 19 402
777 221 28 945
777 269 4 995
777 280 31 1476
777 349 41 322
777 350 9 718
777 361 56 844
777 399 1 1407
777 400 47 989
778 111 29 433
778 135 7 1062
778 140 59 1041
778 169 13 1412
778 227 25 1265
778 237 10 565
778 251 34 110
778 263 49 710
778 296 23 407
778 309 17 1387
778 314 3 892
778 353 53 1486
778 384 55 374
778 394 46 1365
778 395 1 364
779 32 43 544
779 44 41 932
779 88 25 1097
779 94 37 1286
779 124 16 1470
779 159 5 856
779 162 20 151
779 168 22 1054
779 172 47 254
779 178 1 22
779 186 52 544
779 213 14 513
779 273 11 730
779 313 55 433
779 333 29 622
780 2 19 584
780 20 47 545
780 116 10 805
780 118 8 512
780 144 58 1173
780 180 29 1133
780 215 16 730
780 240 37 353
780 251 13 618
780 279 31 1322
780 298 23 163
780 318 41 432
780 348 52 795
780 376 55 194
780 384 25 876
781 26 37 686
781 56 55 727
781 142 25 301
781 150 31 945
781 191 35 339
781 241 43 197
781 270 7 1319
781 283 13 83
781 289 41 893
781 345 2 1189
781 351 28 306
781 368 49 1249
781 392 20 88
782 21 43 1369
782 113 55 1004
782 118 23 136
782 134 5 1038
782 136 53 155
782 185 19 1425
782 186 13 543
782 235 35 1173
782 287 17 1310
782 294 29 563
782 296 41 1428
782 321 31 983
782 325 7 949
782 336 37 175
782 372 2 609
783 13 29 1098
783 29 31 650
783 53 4 832
783 76 7 486
783 83 26 997
783 102 16 198
783 130 35 119
783 152 37 841
783 157 55 281
783 185 20 1066
783 195 43 563
783 209 58 473
783 211 11 1298
783 269 13 1344
783 310 52 926
784 15 37 813
784 20 59 196
784 46 1 1186
784 155 32 1187
784 165 21 638
784 198 14 130
784 211 7 1358
784 262 25 1157
784 272 55 1041
784 280 51 153
784 294 11 1031
784 330 43 229
784 353 23 593
784 376 46 900
785 43 21 129
785 69 35 718
785 97 53 961
785 116 27 805
785 139 47 758
785 209 13 1072
785 210 51 779
785 220 17 83
785 235 59 28
785 251 43 88
785 269 10 672
785 271 49 642
785 335 40 1261
785 378 29 29
785 396 31 594
786 20 35 758
786 25 41 1388
786 61 29 165
786 86 59 137
786 100 3 722
786 106 43 96
786 115 52 1324
786 126 1 347
786 154 25 1372
786 175 31 702
786 194 46 297
786 212 7 1392
786 248 10 874
786 298 17 1026
786 332 22 1469
787 28 41 160
787 50 4 275
787 92 31 882
787 96 19 1149
787 98 35 1195
787 152 49 838
787 169 25 251
787 205 13 271
787 221 7 945
787 270 43 1168
787 335 37 1213
787 375 55 664
788 60 55 40
788 115 22 713
788 160 49 405
788 182 40 29
788 194 19 83
788 195 1 563
788 201 13 539
788 253 32 1141
788 258 57 726
788 264 25 606
788 266 4 80
788 268 43 1107
788 332 10 278
788 341 37 1210
788 382 17 790
789 80 11 383
789 90 19 1138
789 92 1 618
789 126 53 548
789 127 37 911
789 137 5 771
789 147 45 840
789 154 13 1426
789 162 49 626
789 168 34 1054
789 196 41 239
789 255 43 833
789 294 29 608
789 377 56 1307
789 384 7 1469
790 6 47 1196
790 24 44 1106
790 50 41 204
790 65 1 1372
790 132 55 407
790 186 22 1072
790 195 34 1418
790 197 7 237
790 218 27 330
790 246 11 234
790 251 49 650
790 285 37 171
790 287 4 413
790 295 13 1475
790 324 25 402
791 31 41 420
791 34 1 390
791 60 29 796
791 111 23 643
791 177 53 1094
791 188 31 746
791 221 7 872
791 293 59 584
791 301 49 543
791 315 37 844
791 319 43 254
791 345 55 695
791 366 10 628
791 379 5 137
791 384 13 1055
792 6 11 1229
792 66 55 187
792 89 19 712
792 115 40 1135
792 121 43 915
792 173 29 970
792 177 47 212
792 219 59 1128
792 235 16 1173
792 239 25 247
792 257 52 477
792 286 37 234
792 293 7 266
792 343 49 375
792 381 23 782
793 67 40 1434
793 68 1 849
793 85 55 982
793 89 20 607
793 126 53 834
793 203 9 431
793 228 31 745
793 288 37 860
793 307 43 374
793 314 49 842
793 321 13 336
793 338 47 810
793 344 25 212
793 349 7 68
794 32 22 1171
794 73 59 475
794 93 37 277
794 107 7 842
794 109 16 1278
794 120 25 1436
794 122 55 752
794 199 53 535
794 281 3 528
794 299 45 198
794 316 35 1413
794 321 31 505
794 327 49 197
794 348 10 683
794 354 28 979
795 4 25 22
795 12 13 1070
795 18 43 471
795 57 47 1314
795 77 52 170
795 118 23 457
795 153 41 231
795 170 7 1197
795 257 57 880
795 261 37 228
795 264 19 78
795 295 1 1098
795 303 28 388
795 387 31 22
796 14 37 127
796 57 5 932
796 112 40 572
796 150 21 575
796 173 13 273
796 186 7 470
796 192 25 542
796 204 16 985
796 275 29 1121
796 282 55 1351
796 309 53 163
796 338 43 32
796 347 1 1238
796 349 34 746
796 382 59 46
797 34 46 571
797 46 37 513
797 66 55 1107
797 87 13 400
797 116 32 1499
797 123 25 1416
797 203 49 892
797 259 11 540
797 273 3 1386
797 293 5 787
797 332 16 1066
797 338 53 1466
797 355 7 81
797 389 34 233
797 398 41 851
798 2 7 738
798 19 25 180
798 67 52 1340
798 112 19 1451
798 210 29 1197
798 219 35 347
798 254 38 433
798 277 5 494
798 346 31 286
798 354 17 1365
798 356 13 1359
798 359 55 1091
798 367 1 386
798 386 49 1320
798 400 11 746
799 2 7 339
799 24 55 1106
799 29 31 1466
799 44 25 275
799 74 37 983
799 172 41 454
799 186 13 1250
799 202 19 966
799 221 50 945
799 238 17 955
799 254 43 605
799 294 35 712
799 339 4 316
799 367 27 966
800 4 31 535
800 41 37 454
800 44 59 1297
800 54 13 329
800 129 56 1086
800 178 19 1186
800 244 7 1352
800 255 5 1154
800 290 29 501
800 308 3 813
800 313 47 390
800 314 43 1089
800 325 34 307
800 346 50 397
800 377 25 846
801 48 35 261
801 49 49 579
801 67 1 368
801 84 37 1471
801 115 22 1137
801 167 43 951
801 175 56 1285
801 177 47 1018
801 227 39 715
801 234 7 97
801 245 5 68
801 259 17 477
801 344 31 813
801 375 10 1408
801 381 29 380
802 34 56 375
802 71 37 1132
802 117 13 4
802 119 19 1378
802 151 47 838
802 159 34 856
802 166 7 773
802 232 5 43
802 234 29 325
802 238 11 967
802 247 23 1236
802 289 16 893
802 325 1 567
802 351 31 625
802 377 25 1092
803 1 7 1412
803 5 43 1454
803 18 58 107
803 76 46 305
803 123 31 728
803 170 37 320
803 220 19 929
803 234 49 97
803 280 25 343
803 331 11 1344
803 333 41 966
803 358 9 159
803 361 2 194
803 386 16 16
803 391 13 542
804 34 28 81
804 42 52 726
804 105 25 1327
804 164 40 32
804 174 17 760
804 184 10 1062
804 192 19 593
804 214 32 118
804 215 13 629
804 241 43 113
804 259 47 540
804 287 50 511
804 327 7 529
804 377 55 196
804 384 2 1109
805 20 17 1361
805 75 43 478
805 117 4 596
805 133 23 81
805 143 7 706
805 154 13 775
805 171 55 1486
805 174 11 1015
805 247 47 678
805 248 31 37
805 283 19 1403
805 303 52 796
805 314 37 922
805 328 49 415
805 348 1 1316
806 13 19 977
806 23 8 1029
806 67 31 341
806 93 43 802
806 147 4 188
806 165 41 52
806 202 50 715
806 209 55 1058
806 253 37 1128
806 293 59 680
806 308 21 813
806 323 14 758
806 344 25 733
806 363 1 706
807 2 19 1430
807 16 34 1200
807 56 14 577
807 63 31 170
807 81 57 736
807 84 5 557
807 106 8 1327
807 130 11 1209
807 143 52 1332
807 202 37 1059
807 310 2 453
807 313 29 628
807 314 43 387
807 324 47 180
807 336 25 440
808 15 49 866
808 28 53 1210
808 53 55 153
808 88 57 484
808 115 43 1135
808 122 31 897
808 139 35 715
808 152 37 1467
808 163 11 1475
808 165 47 1249
808 258 1 738
808 276 25 373
808 326 7 71
808 374 23 1464
808 379 16 1336
809 35 58 120
809 79 34 966
809 99 49 856
809 126 5 1469
809 129 19 104
809 148 37 526
809 168 22 252
809 180 17 696
809 207 29 1167
809 219 53 169
809 227 8 471
809 309 13 311
809 310 55 926
809 345 43 148
809 396 25 932
810 25 59 1337
810 27 37 1354
810 58 46 563
810 112 25 1082
810 118 41 728
810 190 55 1226
810 196 7 636
810 232 23 343
810 242 53 46
810 264 49 1487
810 266 15 817
810 297 28 1030
810 327 10 1381
810 331 5 1061
810 339 43 158
811 9 43 754
811 24 32 961
811 86 11 388
811 93 1 617
811 132 7 1456
811 173 35 163
811 196 16 427
811 234 47 1121
811 238 53 967
811 241 49 1461
811 248 28 1398
811 258 39 838
811 325 55 307
811 328 22 30
811 380 58 1029
812 23 5 91
812 48 59 278
812 53 16 892
812 58 13 1188
812 61 29 523
812 171 31 306
812 175 55 548
812 186 49 544
812 214 37 872
812 319 19 741
812 331 41 998
812 363 52 1087
812 374 11 350
812 389 27 1322
812 399 45 1132
813 7 55 37
813 12 49 51
813 14 13 127
813 32 25 544
813 58 10 675
813 138 43 325
813 154 7 1105
813 155 37 466
813 204 32 1152
813 278 35 228
813 316 47 1052
813 327 58 818
813 376 22 1324
813 387 1 696
814 14 34 184
814 21 19 1290
814 39 5 1333
814 128 43 851
814 143 40 973
814 156 1 279
814 176 25 17
814 213 59 472
814 296 11 1196
814 322 37 605
814 324 7 1082
814 346 13 420
814 353 47 876
814 384 55 270
814 386 31 229
815 58 52 499
815 143 49 1476
815 151 28 1452
815 171 20 844
815 203 7 1187
815 215 4 1231
815 262 15 164
815 288 40 730
815 323 1 1280
815 330 25 229
815 336 31 802
815 356 43 390
815 363 55 494
815 373 11 1002
815 389 47 479
816 27 58 936
816 72 53 1398
816 103 17 468
816 132 43 472
816 133 5 492
816 169 37 1312
816 204 19 16
816 270 1 148
816 284 7 299
816 300 13 1010
816 308 10 271
816 348 28 533
816 350 35 267
816 384 49 1055
816 399 22 733
817 39 47 374
817 46 31 79
817 83 55 279
817 92 49 1471
817 120 5 491
817 159 41 842
817 209 13 427
817 224 1 317
817 255 29 1228
817 303 44 1362
817 306 7 251
817 329 25 1074
817 350 17 637
817 367 37 1252
817 369 35 1162
818 78 49 188
818 110 31 113
818 135 27 205
818 158 34 702
818 197 55 237
818 204 46 96
818 233 53 286
818 241 19 699
818 242 7 1066
818 243 41 1331
818 293 25 787
818 297 10 1341
818 317 1 63
818 330 43 1297
818 381 5 860
819 47 29 697
819 62 17 252
819 71 19 1363
819 87 43 1257
819 96 9 694
819 106 13 281
819 107 52 175
819 118 41 910
819 132 31 590
819 187 46 1200
819 206 37 260
819 252 25 718
819 273 35 352
819 284 4 414
819 371 1 797
820 1 33 773
820 10 17 683
820 66 43 938
820 232 11 465
820 236 13 567
820 247 59 96
820 253 20 1398
820 255 9 840
820 273 47 14
820 295 49 468
820 330 4 1297
820 342 25 1200
820 354 53 979
820 369 29 1162
820 375 39 143
821 31 16 1320
821 33 34 1000
821 132 19 407
821 173 59 1451
821 208 55 788
821 228 31 893
821 238 28 655
821 265 53 448
821 278 41 1102
821 322 4 605
821 325 7 1038
821 338 23 472
821 343 25 1045
821 355 1 500
821 370 46 768
822 72 19 288
822 127 3 1062
822 148 13 968
822 180 59 1446
822 181 31 903
822 182 25 1458
822 212 1 549
822 297 55 246
822 335 34 248
822 355 49 652
822 356 43 1431
822 367 21 1222
822 370 10 702
822 389 41 233
822 393 39 1322
823 13 23 1336
823 19 31 904
823 69 29 1278
823 79 7 966
823 93 49 760
823 218 57 1259
823 238 35 955
823 246 5 1130
823 254 25 1130
823 269 46 901
823 295 1 1435
823 314 14 937
823 343 38 310
823 363 10 8
823 386 19 1384
824 14 4 383
824 25 35 104
824 68 19 1486
824 69 23 1232
824 93 25 1252
824 100 31 1239
824 113 7 390
824 121 39 180
824 128 49 1213
824 185 56 1464
824 205 13 751
824 337 43 874
824 342 1 893
824 350 10 750
824 398 53 903
825 24 13 645
825 51 31 987
825 69 27 1300
825 86 25 254
825 88 37 1499
825 90 3 1446
825 172 35 254
825 189 55 1205
825 307 50 447
825 336 16 1298
825 343 22 1209
825 362 7 325
825 387 44 224
826 32 55 405
826 58 19 1166
826 80 49 1065
826 88 43 788
826 101 13 1373
826 161 25 214
826 193 1 589
826 231 29 278
826 242 59 1487
826 261 16 750
826 264 37 812
826 283 8 1403
826 315 31 511
826 318 23 638
826 396 51 257
827 16 56 308
827 28 17 512
827 45 25 1279
827 46 49 205
827 65 7 565
827 78 35 810
827 85 19 823
827 97 39 768
827 102 10 78
827 159 23 856
827 161 13 728
827 192 43 703
827 222 4 650
827 287 29 911
827 369 59 1162
828 7 37 641
828 23 55 578
828 40 7 382
828 86 59 904
828 98 22 398
828 99 49 1445
828 168 13 1201
828 173 53 1022
828 191 35 978
828 208 4 539
828 237 31 1190
828 248 16 413
828 339 10 1263
828 361 43 1434
828 368 25 978
829 3 37 1278
829 21 20 229
829 70 50 835
829 104 4 9
829 120 25 491
829 144 31 805
829 165 11 1249
829 166 34 1024
829 177 27 551
829 184 43 1086
829 248 58 355
829 255 13 360
829 313 7 1223
829 365 15 1399
829 383 46 779
830 71 49 219
830 132 31 279
830 144 1 134
830 221 16 919
830 227 19 1358
830 234 37 955
830 262 7 1265
830 274 43 1263
830 284 55 973
830 295 39 642
830 301 13 45
830 316 5 738
830 331 29 529
830 337 46 4
830 356 25 441
831 18 16 471
831 29 37 1466
831 59 25 472
831 62 55 88
831 86 23 1493
831 104 29 466
831 230 1 1127
831 254 31 473
831 276 10 940
831 287 35 710
831 309 59 751
831 323 7 76
831 337 20 591
831 346 49 286
831 363 45 1042
832 6 16 605
832 118 19 380
832 127 37 746
832 143 13 1476
832 165 22 396
832 184 1 513
832 188 7 17
832 196 35 447
832 200 55 1038
832 201 50 402
832 227 25 676
832 265 41 352
832 278 5 386
832 300 58 4
832 334 11 449
833 1 53 1257
833 5 10 807
833 35 55 120
833 66 13 251
833 111 59 1027
833 115 31 536
833 131 29 119
833 171 43 860
833 223 37 752
833 250 19 1339
833 269 7 1288
833 316 41 883
833 326 1 1031
833 345 25 1162
833 355 49 1273
834 2 13 799
834 10 10 978
834 20 47 1492
834 49 31 626
834 51 37 834
834 106 7 446
834 118 55 463
834 134 17 1445
834 139 41 1112
834 141 25 678
834 243 22 795
834 273 53 1420
834 326 43 598
834 388 2 534
834 400 57 927
835 35 55 275
835 85 49 1052
835 97 59 579
835 99 25 967
835 141 13 1356
835 148 7 852
835 157 37 113
835 241 19 332
835 302 44 712
835 310 31 738
835 319 3 641
835 336 10 453
835 341 52 816
835 349 35 322
835 381 17 1434
836 34 16 81
836 38 55 537
836 102 34 270
836 204 28 16
836 252 3 857
836 255 25 752
836 260 8 1198
836 282 13 737
836 289 1 1128
836 299 19 1128
836 351 40 529
836 359 46 188
836 371 22 1178
836 380 37 954
836 387 49 1467
837 5 44 736
837 10 35 797
837 16 58 1135
837 81 31 1092
837 110 5 185
837 126 47 715
837 128 19 851
837 137 1 1346
837 154 10 416
837 171 38 125
837 236 49 797
837 328 13 224
837 340 17 1352
837 349 23 940
837 397 27 773
838 13 35 1245
838 22 31 606
838 27 1 896
838 92 13 46
838 136 29 49
838 141 25 1167
838 167 9 111
838 192 20 1452
838 253 43 1298
838 261 38 134
838 272 49 768
838 310 55 416
838 349 17 629
838 389 41 479
839 1 5 824
839 42 10 896
839 82 43 1103
839 88 49 1041
839 91 32 202
839 152 26 1467
839 197 1 1091
839 236 39 1493
839 290 13 113
839 314 20 1229
839 318 53 1428
839 332 55 682
839 363 7 8
839 387 15 1395
840 44 13 584
840 55 5 843
840 70 31 585
840 73 35 275
840 191 49 306
840 239 57 155
840 254 25 680
840 257 15 847
840 276 20 135
840 295 44 181
840 305 53 683
840 322 7 871
840 327 10 831
840 342 1 1200
840 382 29 1208
841 36 37 275
841 63 25 368
841 128 45 494
841 176 20 17
841 178 55 449
841 228 52 1373
841 278 28 228
841 291 4 1226
841 300 34 1132
841 301 49 1039
841 317 13 330
841 383 10 1106
841 389 17 474
842 15 55 390
842 18 4 991
842 34 1 375
842 36 31 1368
842 78 11 1282
842 111 59 89
842 138 7 154
842 162 35 1188
842 163 15 1185
842 166 37 1024
842 172 17 812
842 252 19 857
842 276 28 683
842 283 45 922
842 363 49 1042
843 18 19 846
843 29 43 396
843 56 25 1431
843 144 52 134
843 159 5 1030
843 173 47 467
843 182 13 441
843 196 23 1121
843 220 9 38
843 255 50 1154
843 309 7 764
843 349 3 68
843 350 29 187
843 381 31 499
843 387 39 929
844 29 19 405
844 57 5 561
844 131 23 761
844 159 1 928
844 194 25 1024
844 203 7 717
844 204 28 354
844 224 37 247
844 247 11 1393
844 276 55 1020
844 292 31 549
844 297 16 840
844 350 41 137
844 391 46 619
844 392 50 145
845 8 29 458
845 18 31 697
845 60 17 231
845 67 4 1205
845 97 53 579
845 160 25 579
845 163 34 697
845 177 10 757
845 208 58 540
845 217 55 577
845 250 20 1022
845 264 49 1184
845 290 41 1103
845 292 13 73
845 341 1 1213
846 12 25 812
846 23 53 500
846 30 11 331
846 33 55 957
846 34 31 1346
846 70 19 875
846 71 7 768
846 94 1 683
846 100 49 518
846 130 5 336
846 140 41 1252
846 154 43 1015
846 225 58 1434
846 249 34 901
846 360 13 104
847 32 55 1055
847 41 1 1344
847 76 19 1446
847 87 22 353
847 98 11 137
847 140 47 353
847 150 31 533
847 233 29 112
847 242 5 1066
847 273 16 1366
847 290 51 804
847 306 59 727
847 347 25 653
847 364 7 129
847 377 37 388
848 8 34 382
848 19 37 1222
848 25 47 386
848 78 17 225
848 86 23 675
848 93 56 760
848 153 41 922
848 169 8 497
848 185 13 477
848 189 50 252
848 193 3 533
848 319 43 364
848 337 31 1369
848 340 5 1488
848 348 25 871
849 83 41 937
849 106 37 1200
849 114 29 339
849 154 49 1068
849 196 17 849
849 209 4 927
849 230 26 1127
849 231 13 1229
849 242 59 1152
849 254 20 105
849 277 53 743
849 301 31 1475
849 331 11 1156
849 333 35 1135
849 360 43 1100
850 6 1 373
850 81 31 1232
850 85 27 1052
850 129 49 86
850 172 53 526
850 186 4 1072
850 269 22 110
850 273 40 1366
850 274 58 737
850 294 35 674
850 317 43 204
850 358 17 567
850 364 10 129
850 381 25 56
850 397 47 1072
851 40 1 71
851 108 7 904
851 109 43 933
851 115 4 844
851 153 35 838
851 157 52 1331
851 164 40 733
851 195 46 1296
851 196 29 1448
851 215 25 1384
851 287 16 213
851 315 20 1035
851 368 31 78
851 388 56 1365
852 1 49 165
852 26 22 1042
852 84 59 537
852 95 17 463
852 109 1 499
852 149 31 252
852 154 51 1105
852 182 19 1458
852 185 44 826
852 220 11 834
852 230 7 672
852 242 15 896
852 246 4 664
852 306 55 251
852 325 40 949
853 51 19 90
853 89 7 396
853 100 37 1031
853 160 43 1351
853 165 53 1249
853 175 25 802
853 182 1 1241
853 183 15 273
853 246 29 318
853 260 49 334
853 290 47 1324
853 300 34 1185
853 331 13 529
853 349 5 868
853 383 58 111
854 33 1 871
854 80 29 900
854 112 55 985
854 127 13 743
854 138 10 685
854 146 34 727
854 152 25 416
854 198 37 626
854 203 49 528
854 269 31 682
854 282 4 427
854 293 17 1381
854 317 43 230
854 329 58 629
854 369 23 431
855 42 23 1359
855 54 37 329
855 68 31 1281
855 87 4 353
855 109 43 203
855 142 1 833
855 149 19 1456
855 175 26 1237
855 185 49 1171
855 218 13 260
855 241 7 1039
855 304 55 1461
855 305 11 1327
855 358 35 844
856 35 49 976
856 95 11 1133
856 111 53 1027
856 113 43 2
856 126 31 1469
856 158 13 810
856 206 25 599
856 211 17 484
856 212 9 1071
856 253 19 1141
856 275 34 1399
856 287 41 1197
856 347 55 231
856 349 4 198
856 360 37 396
857 17 31 104
857 39 5 269
857 70 37 956
857 97 41 1027
857 102 19 602
857 115 7 606
857 119 49 949
857 138 1 707
857 223 14 1392
857 229 44 1229
857 235 29 28
857 262 56 268
857 301 25 1259
857 354 35 179
857 355 22 437
858 10 13 143
858 41 19 454
858 44 11 343
858 48 23 1026
858 76 55 551
858 103 29 188
858 115 46 505
858 203 32 645
858 225 41 302
858 242 4 880
858 273 53 405
858 316 43 707
858 349 59 761
858 359 16 1393
858 361 7 1434
859 35 20 1052
859 61 47 1344
859 94 26 382
859 106 1 1327
859 147 31 891
859 149 37 575
859 180 7 277
859 205 55 271
859 211 49 1421
859 225 41 431
859 265 5 273
859 294 23 662
859 295 9 266
859 382 35 1041
859 388 13 1127
860 42 22 471
860 49 37 38
860 120 1 1375
860 138 34 303
860 148 16 754
860 166 49 1087
860 181 28 390
860 184 31 467
860 198 3 867
860 232 11 1332
860 254 43 579
860 309 53 787
860 339 55 1215
860 353 7 856
860 355 13 307
861 2 43 1430
861 9 19 172
861 14 40 499
861 29 55 650
861 48 35 273
861 58 1 1162
861 101 53 1171
861 103 27 89
861 126 59 347
861 169 7 1464
861 171 13 755
861 328 49 1245
861 333 47 966
861 388 31 754
862 31 35 572
862 35 1 275
862 56 25 1428
862 90 7 619
862 94 31 957
862 111 59 1097
862 116 29 805
862 191 23 1317
862 240 19 974
862 273 5 1366
862 289 41 951
862 331 47 1156
862 334 17 1316
862 349 49 1127
862 378 53 1435
863 3 19 716
863 23 23 1387
863 67 40 1107
863 131 1 268
863 157 4 277
863 185 13 194
863 259 7 979
863 268 49 1223
863 271 59 83
863 303 32 718
863 327 37 88
863 347 9 1237
863 353 17 260
863 356 44 696
863 369 29 265
864 12 1 437
864 37 19 71
864 81 31 111
864 109 49 315
864 159 35 970
864 207 41 457
864 217 16 1188
864 229 9 1481
864 244 37 1337
864 245 13 68
864 275 52 233
864 318 58 1305
864 356 43 745
864 395 7 31
864 399 28 1238
865 35 28 976
865 38 31 1273
865 92 13 149
865 123 55 1395
865 125 35 551
865 143 4 1004
865 188 37 492
865 222 25 1339
865 246 47 815
865 276 19 67
865 293 11 584
865 297 7 938
865 306 22 637
865 318 59 1252
865 369 17 537
866 15 7 149
866 50 11 467
866 58 16 563
866 76 43 1446
866 117 19 4
866 123 55 1197
866 175 28 1066
866 195 1 858
866 207 53 1155
866 222 40 877
866 302 49 1228
866 310 37 681
866 316 4 800
866 352 33 1042
867 48 22 680
867 75 43 258
867 99 49 904
867 116 55 805
867 138 37 306
867 140 17 1252
867 182 13 29
867 198 25 968
867 251 31 1341
867 260 46 602
867 286 34 91
867 318 29 937
867 335 58 160
867 379 9 898
867 395 5 248
868 41 7 322
868 97 23 1027
868 105 5 936
868 117 25 554
868 131 13 761
868 134 17 675
868 138 43 841
868 191 35 805
868 243 1 265
868 262 31 246
868 283 55 954
868 293 11 1022
868 297 46 251
868 341 28 202
868 388 19 919
869 17 31 1302
869 19 13 344
869 34 19 1070
869 102 43 800
869 123 25 882
869 126 23 982
869 143 52 790
869 188 49 773
869 199 17 795
869 217 5 135
869 254 7 1475
869 318 35 297
869 367 55 478
869 374 59 1296
869 381 3 1434
870 9 25 218
870 14 20 178
870 28 5 258
870 69 55 804
870 116 59 1000
870 154 7 1103
870 180 41 1446
870 191 53 33
870 208 37 672
870 222 10 650
870 265 23 1378
870 310 16 453
870 318 1 432
870 331 13 1213
870 366 31 872
871 20 35 130
871 25 7 350
871 48 53 680
871 52 9 1152
871 54 31 543
871 127 49 746
871 128 27 1426
871 190 43 956
871 218 55 1018
871 256 20 121
871 270 37 290
871 274 4 171
871 276 1 474
871 277 17 1130
871 381 59 1278
872 27 13 1354
872 73 1 387
872 123 19 1174
872 153 35 1072
872 164 58 807
872 187 10 1395
872 189 49 967
872 217 41 251
872 230 7 239
872 264 26 1205
872 277 53 1499
872 321 43 911
872 338 23 28
872 345 37 229
872 374 3 585
873 5 25 79
873 23 23 1029
873 39 11 120
873 80 35 22
873 106 46 110
873 163 50 810
873 191 5 56
873 218 7 802
873 238 59 344
873 246 1 318
873 267 41 731
873 294 52 1039
873 311 13 1320
873 351 43 286
873 399 55 1109
874 4 19 866
874 47 47 817
874 49 7 618
874 51 26 987
874 65 34 1112
874 139 11 1493
874 143 52 733
874 149 43 1231
874 178 55 261
874 211 23 796
874 216 39 990
874 284 4 1045
874 301 31 919
874 303 1 467
874 352 13 69
875 40 55 145
875 85 44 1273
875 103 47 1097
875 141 31 389
875 142 40 148
875 149 13 951
875 161 19 214
875 163 23 933
875 191 17 929
875 202 51 1066
875 233 5 405
875 304 37 455
875 331 26 529
875 390 29 1097
875 395 49 248
876 6 10 420
876 33 43 882
876 35 19 275
876 41 1 856
876 66 13 302
876 101 47 642
876 106 25 511
876 144 57 303
876 227 31 471
876 243 38 636
876 289 35 442
876 329 22 1416
876 338 5 699
876 355 7 652
876 359 28 841
877 13 53 977
877 30 47 797
877 38 3 268
877 40 20 1302
877 124 13 596
877 139 29 605
877 181 16 979
877 192 49 905
877 209 31 9
877 250 25 159
877 255 59 1322
877 268 39 105
877 304 34 738
877 327 7 1381
877 356 43 1259
878 4 49 409
878 6 10 788
878 46 21 1105
878 79 1 119
878 83 5 1208
878 194 43 936
878 288 40 1335
878 304 46 807
878 319 31 571
878 340 19 1189
878 365 55 637
878 368 27 430
878 371 13 103
878 382 53 758
878 389 59 768
879 3 25 1278
879 17 21 567
879 99 13 1020
879 111 17 591
879 172 59 1197
879 207 43 1499
879 218 49 808
879 233 11 22
879 268 7 1499
879 272 37 713
879 284 1 1045
879 291 34 579
879 297 45 1341
879 371 55 387
879 389 19 950
880 12 19 796
880 42 17 1359
880 68 31 826
880 72 23 1115
880 100 13 469
880 112 46 1014
880 213 41 513
880 287 29 710
880 314 2 1024
880 321 55 74
880 336 25 1094
880 341 10 652
880 369 44 867
880 373 59 270
880 386 49 368
881 8 13 1362
881 52 9 1082
881 100 56 800
881 141 25 405
881 143 40 674
881 207 53 844
881 227 19 1445
881 231 23 1261
881 233 37 1333
881 265 1 273
881 296 4 626
881 298 7 594
881 327 46 835
881 340 35 741
881 366 31 1442
882 75 7 808
882 117 32 1018
882 123 49 728
882 124 39 678
882 134 37 139
882 146 46 454
882 213 53 815
882 216 23 497
882 242 35 1487
882 258 26 726
882 269 13 1178
882 327 4 847
882 370 20 478
882 373 17 860
882 379 11 1135
883 9 31 1134
883 20 49 1432
883 85 22 1273
883 102 10 846
883 114 35 260
883 116 5 1363
883 175 55 49
883 220 41 320
883 239 1 970
883 276 28 578
883 297 7 347
883 314 43 37
883 320 37 951
883 368 13 463
883 383 19 653
884 57 5 1263
884 60 23 1238
884 63 37 170
884 147 31 954
884 151 52 1245
884 158 49 1026
884 161 1 307
884 180 15 277
884 205 7 1088
884 242 35 1424
884 288 40 1168
884 318 47 1305
884 356 43 694
884 375 27 1408
884 390 11 1466
885 3 37 231
885 44 5 1092
885 79 55 317
885 113 58 1004
885 123 50 88
885 192 43 56
885 223 27 752
885 241 1 1106
885 248 34 355
885 255 23 1198
885 263 13 447
885 305 41 594
885 380 19 764
885 394 7 1239
885 397 11 1056
886 25 17 1337
886 50 22 1442
886 53 41 972
886 54 37 597
886 79 10 1016
886 92 49 1280
886 97 47 1045
886 108 31 915
886 132 25 492
886 135 57 67
886 165 53 1109
886 168 43 643
886 321 13 911
886 336 4 1094
887 103 59 1375
887 110 46 273
887 112 10 893
887 117 25 602
887 131 3 968
887 134 1 641
887 144 7 267
887 166 19 461
887 179 28 477
887 211 23 360
887 293 35 266
887 297 40 652
887 331 5 1400
887 344 49 815
887 377 13 283
888 2 55 539
888 21 49 343
888 74 38 707
888 157 1 281
888 158 25 1132
888 242 53 1424
888 279 19 1074
888 309 5 1428
888 312 13 241
888 315 43 824
888 354 59 248
888 361 7 157
888 391 31 1432
889 21 25 1290
889 24 46 368
889 32 1 755
889 44 29 1213
889 135 56 846
889 152 13 416
889 198 38 257
889 225 35 1151
889 226 43 330
889 263 31 816
889 282 10 135
889 291 51 1327
889 329 4 627
889 359 19 97
890 16 22 137
890 47 35 1086
890 83 59 937
890 88 49 125
890 94 31 158
890 118 13 512
890 120 1 491
890 148 45 852
890 152 3 551
890 164 7 685
890 209 55 356
890 289 53 840
890 299 28 1022
890 363 15 1155
890 395 10 1236
891 1 44 1412
891 50 5 204
891 55 31 1058
891 73 19 1327
891 77 22 86
891 90 1 1138
891 151 53 860
891 153 29 86
891 282 16 518
891 285 10 1384
891 299 50 1022
891 325 7 567
891 351 26 286
891 364 33 633
891 397 59 1298
892 9 3 1121
892 51 19 987
892 73 1 475
892 76 25 816
892 91 43 1476
892 127 7 1393
892 166 40 653
892 203 13 1365
892 207 53 590
892 260 58 145
892 287 34 105
892 307 49 1187
892 349 11 1461
892 353 29 876
892 371 31 932
893 19 38 1105
893 58 13 563
893 69 17 807
893 70 26 1015
893 105 23 1061
893 142 34 833
893 161 19 307
893 218 1 97
893 262 7 812
893 298 31 979
893 323 57 675
893 357 43 572
893 367 49 916
893 382 11 627
894 22 7 858
894 79 16 331
894 115 43 1281
894 121 33 107
894 128 1 253
894 139 31 633
894 153 11 1072
894 204 13 159
894 216 52 1418
894 219 23 1428
894 253 37 258
894 296 41 824
894 319 55 571
894 320 19 198
894 362 26 539
895 1 47 787
895 11 19 1171
895 103 17 89
895 115 28 594
895 121 55 1421
895 134 10 1280
895 161 37 1297
895 233 35 329
895 244 25 1352
895 259 23 722
895 275 5 829
895 283 13 741
895 291 31 222
895 306 1 842
895 310 7 976
896 6 29 420
896 40 1 832
896 60 47 1271
896 63 7 626
896 70 31 920
896 98 11 802
896 148 22 541
896 176 37 1259
896 207 15 1499
896 255 17 279
896 281 43 795
896 289 53 196
896 329 4 1162
896 352 25 537
896 381 35 1434
897 1 59 165
897 27 37 717
897 46 43 1010
897 64 19 1211
897 65 52 1026
897 80 1 915
897 95 47 364
897 99 25 747
897 107 31 1353
897 112 34 893
897 231 4 1042
897 257 40 151
897 275 10 1105
897 284 16 1045
897 360 49 305
898 6 3 373
898 16 46 645
898 49 9 764
898 58 20 752
898 64 55 380
898 91 26 181
898 93 49 1278
898 134 59 1442
898 184 31 1372
898 187 34 501
898 188 43 573
898 255 23 892
898 262 15 138
898 343 38 1065
899 40 43 1433
899 65 52 382
899 73 59 1178
899 89 13 184
899 95 23 230
899 135 4 1089
899 150 37 533
899 155 55 325
899 162 11 151
899 170 7 218
899 219 47 587
899 241 32 288
899 297 49 475
899 360 1 222
899 380 26 764
900 62 11 700
900 115 34 536
900 124 49 239
900 130 31 1296
900 147 19 179
900 187 2 1250
900 237 16 565
900 245 41 68
900 258 25 93
900 276 37 940
900 283 55 341
900 318 23 339
900 327 13 1381
900 340 5 897
900 362 7 353
901 49 50 38
901 78 19 1310
901 97 23 1337
901 119 31 1201
901 123 25 523
901 126 17 997
901 143 43 79
901 178 7 22
901 181 4 541
901 231 59 253
901 253 38 288
901 261 1 1488
901 267 47 105
901 284 13 599
901 325 56 1319
902 4 16 1454
902 59 9 1322
902 81 43 111
902 93 1 760
902 136 53 1372
902 170 26 727
902 186 40 1250
902 220 23 841
902 233 5 540
902 241 31 1056
902 249 19 1461
902 270 49 1316
902 278 35 336
902 305 59 683
902 322 37 945
903 12 55 417
903 64 43 1239
903 68 49 826
903 71 20 961
903 78 32 877
903 94 38 80
903 102 13 754
903 111 59 643
903 143 3 131
903 148 28 1271
903 219 35 1381
903 220 1 1227
903 323 8 180
903 374 47 776
904 53 7 37
904 122 1 479
904 136 43 599
904 148 37 1395
904 159 55 385
904 174 16 1476
904 200 32 737
904 201 25 45
904 204 9 649
904 240 19 446
904 251 57 88
904 259 53 1434
904 270 49 16
904 328 45 118
904 354 41 867
905 1 35 526
905 17 7 389
905 24 52 1365
905 67 37 1150
905 107 46 973
905 146 43 1448
905 225 23 130
905 233 11 286
905 237 25 1066
905 250 2 1022
905 298 40 1211
905 310 28 130
905 335 58 544
905 363 16 1087
905 374 19 617
906 10 29 799
906 12 25 1257
906 35 52 976
906 78 11 1027
906 84 16 1388
906 151 9 1245
906 171 19 253
906 175 13 1237
906 209 58 1072
906 245 39 1203
906 252 43 1305
906 256 33 1337
906 295 2 110
906 318 31 638
906 371 49 1031
907 12 31 145
907 39 53 745
907 61 35 523
907 74 43 932
907 131 37 874
907 133 15 1373
907 167 26 641
907 182 40 112
907 185 1 1425
907 191 17 56
907 267 47 69
907 277 11 474
907 350 19 1210
907 374 5 795
907 394 22 787
908 101 5 1305
908 106 44 1300
908 133 13 847
908 148 7 1137
908 200 19 737
908 228 27 1320
908 236 15 257
908 244 22 695
908 245 1 68
908 291 58 256
908 296 11 956
908 297 37 1020
908 301 40 543
908 316 34 513
908 335 52 1024
909 10 17 353
909 17 55 584
909 62 53 1335
909 63 4 1068
909 106 1 177
909 150 7 533
909 156 25 388
909 174 23 181
909 191 11 33
909 235 29 37
909 262 19 1426
909 289 59 1468
909 337 40 163
909 358 47 676
909 371 31 1396
910 4 37 1249
910 7 4 380
910 15 19 413
910 29 31 131
910 34 7 1438
910 56 25 710
910 166 10 1471
910 183 13 97
910 314 43 277
910 337 40 617
910 344 55 1201
910 357 49 998
911 8 23 880
911 15 19 382
911 82 43 814
911 83 35 937
911 122 15 905
911 138 7 306
911 154 28 230
911 192 31 1452
911 196 53 813
911 200 37 1290
911 208 4 672
911 256 55 1337
911 258 49 1103
911 383 1 634
911 391 40 316
912 17 43 1332
912 49 31 29
912 144 16 1374
912 151 29 107
912 164 37 1387
912 173 23 561
912 188 52 1031
912 195 40 755
912 207 59 1483
912 217 35 251
912 234 47 499
912 249 1 887
912 258 8 1310
912 271 5 478
912 298 25 509
913 8 9 458
913 14 1 145
913 29 25 131
913 60 23 1361
913 103 31 363
913 121 37 1362
913 165 5 1257
913 198 14 926
913 204 58 69
913 220 35 606
913 293 41 534
913 341 49 1317
913 342 43 164
913 358 29 51
913 385 47 179
914 24 31 700
914 86 17 579
914 157 10 32
914 213 41 469
914 222 55 995
914 233 29 286
914 269 25 1362
914 273 7 1366
914 290 35 224
914 300 1 1352
914 341 37 110
914 354 23 867
914 359 49 598
914 360 58 596
914 371 4 1281
915 12 9 726
915 27 25 1430
915 73 52 475
915 75 28 1396
915 86 23 1288
915 112 19 533
915 159 7 1245
915 198 38 1369
915 237 43 997
915 249 4 388
915 251 1 649
915 314 13 566
915 334 35 1451
915 343 46 674
915 347 57 1238
916 17 49 1302
916 24 10 352
916 30 25 685
916 52 31 49
916 70 14 266
916 76 28 229
916 164 58 419
916 173 3 273
916 182 43 177
916 197 19 1050
916 235 47 1141
916 260 7 334
916 317 37 972
916 393 53 1384
917 46 43 733
917 86 47 283
917 136 34 599
917 148 4 355
917 151 29 957
917 155 25 675
917 182 49 1458
917 242 53 1086
917 257 13 339
917 345 37 1359
917 353 23 397
917 355 19 225
917 370 1 542
917 372 16 1270
917 385 41 702
918 22 31 331
918 45 46 500
918 50 40 1442
918 66 19 505
918 91 7 181
918 123 13 1059
918 125 53 1467
918 144 43 303
918 155 49 1483
918 158 37 593
918 172 1 992
918 232 5 343
918 237 28 233
918 293 35 430
918 323 25 807
919 41 31 998
919 60 55 1238
919 61 17 194
919 103 11 1198
919 140 38 1173
919 151 47 1418
919 200 22 127
919 226 7 420
919 267 57 1303
919 288 1 427
919 333 53 1259
919 367 25 784
919 372 40 823
919 390 50 575
919 394 14 1300
920 37 7 1226
920 71 55 730
920 79 46 331
920 99 33 747
920 140 29 1087
920 196 41 1121
920 207 31 129
920 210 49 763
920 214 25 1213
920 248 13 1129
920 249 1 1226
920 270 51 1075
920 380 4 554
920 390 11 575
920 392 21 1241
921 56 26 779
921 88 7 142
921 107 37 680
921 121 55 1162
921 179 4 712
921 190 13 1416
921 195 19 1228
921 245 23 1403
921 250 43 1393
921 253 51 1298
921 260 1 80
921 300 40 1185
921 308 59 813
921 381 11 142
921 398 35 611
922 51 55 450
922 113 46 2
922 117 52 810
922 142 1 341
922 152 32 302
922 193 23 589
922 211 59 1082
922 230 28 79
922 239 37 286
922 246 11 664
922 274 25 638
922 294 41 1141
922 308 19 813
922 350 43 637
922 362 15 602
923 7 55 722
923 46 19 1061
923 47 35 1486
923 55 7 329
923 65 44 1228
923 92 49 571
923 146 37 1288
923 203 31 1137
923 244 3 52
923 286 28 1446
923 308 41 813
923 333 11 134
923 379 25 570
923 387 13 717
923 390 1 697
924 72 43 1335
924 104 1 398
924 127 7 448
924 146 46 1067
924 161 50 352
924 244 22 605
924 254 32 1070
924 265 16 731
924 273 59 567
924 285 19 1162
924 304 25 1059
924 313 41 1425
924 320 3 265
924 349 29 1127
924 377 55 96
925 8 59 50
925 38 14 479
925 96 43 516
925 97 47 961
925 142 25 894
925 168 34 311
925 193 11 1128
925 226 37 901
925 248 1 49
925 249 4 297
925 252 55 841
925 273 9 730
925 299 22 1128
925 368 49 180
926 23 17 91
926 48 47 516
926 49 25 29
926 68 37 1428
926 191 29 696
926 232 59 782
926 279 55 1366
926 284 8 414
926 289 53 1278
926 306 23 842
926 307 31 447
926 316 4 707
926 376 43 699
926 386 19 1097
926 389 41 256
927 28 29 652
927 32 4 755
927 63 22 67
927 136 35 945
927 179 46 269
927 206 31 289
927 235 43 142
927 256 13 1340
927 263 25 234
927 266 52 1091
927 277 41 1359
927 352 55 1270
927 364 8 332
927 379 59 771
927 391 1 694
928 42 5 1359
928 57 50 832
928 85 52 14
928 161 43 28
928 168 34 256
928 218 15 940
928 274 37 1413
928 309 13 805
928 312 1 956
928 319 7 527
928 323 40 402
928 337 28 955
928 367 55 876
928 383 31 1107
928 394 25 484
929 2 3 758
929 10 29 1232
929 117 43 1303
929 151 1 454
929 155 13 838
929 167 31 1361
929 188 19 387
929 210 11 1290
929 232 55 1259
929 237 7 1259
929 269 46 1448
929 291 40 664
929 355 26 320
929 373 59 512
929 388 51 1127
930 3 49 33
930 12 7 417
930 20 11 74
930 63 46 1022
930 121 37 1055
930 129 19 1098
930 130 41 956
930 154 4 230
930 178 14 51
930 287 23 91
930 288 25 955
930 317 55 1016
930 361 31 1249
930 385 35 1103
930 397 53 1430
931 26 40 1074
931 27 55 1430
931 54 31 662
931 105 35 936
931 122 1 160
931 182 8 177
931 249 37 1385
931 278 23 228
931 296 49 374
931 315 43 278
931 318 47 492
931 358 29 534
931 383 19 1208
931 388 13 119
931 397 5 420
932 54 55 591
932 108 49 915
932 121 9 511
932 149 25 1456
932 169 43 1211
932 174 5 760
932 176 37 2
932 188 1 625
932 267 23 810
932 300 34 121
932 306 13 727
932 360 19 305
932 377 15 846
932 380 31 470
932 389 7 233
933 13 17 67
933 17 51 389
933 42 35 1359
933 64 7 364
933 65 31 860
933 92 25 696
933 115 46 1135
933 196 22 849
933 231 43 682
933 257 40 847
933 271 11 163
933 277 5 271
933 340 59 269
933 359 13 534
933 397 37 696
934 32 31 578
934 113 52 950
934 125 25 1038
934 137 49 389
934 156 37 1238
934 201 21 467
934 219 29 169
934 247 59 170
934 295 55 400
934 310 40 1068
934 324 5 1137
934 340 1 602
934 356 45 31
934 360 8 633
934 376 34 1369
935 11 58 139
935 70 13 499
935 78 35 897
935 89 45 697
935 110 41 336
935 131 29 746
935 152 25 681
935 164 55 470
935 173 3 163
935 199 53 1445
935 290 11 1432
935 292 31 788
935 331 43 453
935 354 5 1238
935 375 19 1271
936 18 4 796
936 27 28 160
936 60 59 520
936 114 35 816
936 120 41 491
936 145 31 323
936 206 37 45
936 250 7 1282
936 268 43 1223
936 272 55 567
936 285 19 363
936 288 1 1041
936 298 47 178
936 308 15 813
936 375 49 570
937 20 47 74
937 58 52 752
937 99 19 672
937 120 3 491
937 156 16 1141
937 164 55 73
937 179 40 228
937 187 7 228
937 215 31 204
937 226 37 611
937 260 13 253
937 272 26 1041
937 301 43 983
937 363 49 1141
937 393 1 127
938 1 10 1412
938 10 56 978
938 24 52 30
938 33 31 1234
938 45 46 334
938 52 22 1446
938 63 25 1445
938 64 37 1251
938 97 58 1058
938 126 41 1075
938 200 7 1058
938 212 14 919
938 249 34 1226
938 293 4 982
938 328 16 224
939 58 4 1188
939 66 31 228
939 98 39 731
939 105 35 1312
939 116 11 1499
939 144 52 234
939 184 13 467
939 200 58 1038
939 236 7 707
939 258 43 838
939 361 19 801
939 367 26 833
939 378 17 196
939 379 47 536
939 397 23 413
940 4 50 302
940 15 7 156
940 29 13 1296
940 61 17 536
940 89 56 961
940 94 43 466
940 107 37 782
940 136 23 307
940 183 19 125
940 247 5 1026
940 290 1 1432
940 324 11 1312
940 338 53 892
940 376 25 477
940 384 32 1109
941 47 13 1112
941 69 35 1428
941 72 41 410
941 96 21 936
941 117 49 1332
941 136 29 234
941 160 15 317
941 178 31 526
941 219 57 1428
941 226 1 664
941 329 4 465
941 353 55 402
941 369 47 197
941 385 53 410
941 399 25 1238
942 2 37 539
942 56 7 260
942 86 17 920
942 110 5 726
942 120 59 330
942 192 50 149
942 198 26 867
942 244 46 1352
942 245 44 1241
942 281 13 1075
942 285 34 686
942 328 19 598
942 352 55 179
942 374 41 795
942 396 1 476
943 1 55 883
943 95 5 22
943 112 37 985
943 133 59 1151
943 139 29 374
943 162 43 383
943 249 1 901
943 273 35 391
943 280 49 330
943 294 53 1378
943 298 25 571
943 339 10 634
943 340 41 286
943 358 16 796
943 399 13 213
944 45 31 354
944 56 26 1297
944 67 34 796
944 74 49 977
944 129 56 1388
944 142 40 1438
944 192 1 1026
944 207 53 1483
944 232 59 230
944 261 37 151
944 262 43 896
944 296 5 842
944 344 13 214
944 356 19 1359
944 375 8 570
945 13 29 1454
945 48 17 1231
945 88 21 486
945 96 31 678
945 109 58 315
945 132 38 341
945 134 47 1445
945 228 49 1008
945 245 53 856
945 342 8 664
945 345 13 431
945 360 26 118
945 366 55 1241
945 369 11 1362
945 372 4 609
946 68 37 387
946 76 34 1087
946 134 4 247
946 141 49 883
946 221 55 212
946 223 43 752
946 252 13 391
946 272 25 768
946 302 7 136
946 327 19 579
946 364 1 175
946 375 22 1408
946 395 17 387
947 12 32 706
947 16 1 37
947 56 55 1454
947 67 19 1137
947 141 37 924
947 216 47 1092
947 223 7 165
947 262 49 537
947 270 43 771
947 295 25 466
947 297 4 1301
947 318 11 112
947 336 22 790
947 353 29 856
947 387 13 929
948 16 10 966
948 50 53 204
948 92 37 149
948 103 41 89
948 117 4 416
948 130 35 1249
948 155 21 1373
948 163 17 1475
948 210 2 1094
948 218 43 1121
948 254 49 911
948 256 13 1196
948 342 28 281
948 358 47 534
948 388 55 219
949 29 13 131
949 32 25 708
949 60 59 829
949 94 55 683
949 109 1 1278
949 201 49 228
949 287 17 105
949 294 31 563
949 302 37 1228
949 316 35 1052
949 318 19 575
949 373 46 478
949 380 4 354
949 389 11 1458
949 399 28 860
950 26 34 1074
950 55 59 1154
950 61 41 103
950 62 31 812
950 118 23 1276
950 127 1 1239
950 185 13 1425
950 219 52 1470
950 250 55 910
950 262 25 76
950 288 37 1324
950 308 5 813
950 318 17 151
950 389 7 256
950 395 11 1112
951 8 47 149
951 44 29 1092
951 48 5 518
951 106 40 110
951 111 19 578
951 136 37 180
951 166 1 1014
951 180 17 956
951 265 25 344
951 281 13 795
951 299 52 89
951 317 31 972
951 336 58 1335
951 366 7 1241
951 399 55 916
952 48 25 297
952 51 55 829
952 54 13 1052
952 78 53 160
952 84 11 1203
952 102 46 202
952 202 49 467
952 214 27 1054
952 245 1 1203
952 272 31 1261
952 275 41 453
952 300 3 308
952 306 23 251
952 340 59 1205
952 397 17 1004
953 51 13 987
953 65 40 957
953 78 5 160
953 102 25 30
953 118 17 457
953 131 1 1386
953 151 3 454
953 198 49 900
953 214 43 22
953 228 34 410
953 269 22 520
953 289 11 194
953 306 53 637
953 320 7 919
953 349 59 949
954 31 11 86
954 150 7 776
954 210 35 1197
954 214 14 22
954 263 2 1335
954 277 43 29
954 295 49 1475
954 312 57 883
954 339 37 158
954 351 31 1426
954 354 41 252
954 355 46 998
954 369 55 1008
954 374 53 617
954 383 27 1038
955 21 25 755
955 55 43 1132
955 69 49 804
955 77 16 1290
955 122 31 752
955 124 13 239
955 177 5 266
955 241 38 643
955 251 22 76
955 257 55 900
955 288 52 481
955 313 35 433
955 317 9 290
955 330 46 354
955 366 19 1135
956 6 11 1359
956 22 43 751
956 42 17 871
956 64 55 1436
956 97 35 703
956 106 31 924
956 196 14 898
956 198 20 484
956 215 40 449
956 237 28 43
956 288 37 427
956 311 7 846
956 340 53 437
956 379 50 1493
956 389 5 589
957 8 53 1227
957 15 19 1393
957 45 10 843
957 61 47 103
957 105 4 512
957 111 23 433
957 114 59 816
957 123 55 1276
957 175 43 89
957 199 37 119
957 220 17 813
957 228 28 350
957 263 31 1100
957 336 13 634
957 373 49 1178
958 6 1 1229
958 9 37 840
958 21 7 1290
958 26 3 1361
958 64 25 1149
958 116 29 1331
958 190 33 563
958 249 52 887
958 272 19 1041
958 274 46 737
958 279 55 937
958 310 13 453
958 354 11 73
958 372 31 823
958 398 17 924
959 2 31 339
959 35 43 1282
959 44 41 138
959 55 11 1273
959 56 7 1297
959 139 17 499
959 163 23 1339
959 179 55 587
959 214 25 305
959 219 5 441
959 237 58 1213
959 238 47 9
959 292 1 1132
959 306 29 946
959 370 13 891
960 16 38 37
960 32 46 544
960 95 53 260
960 154 31 1068
960 175 49 1045
960 203 19 970
960 223 13 165
960 226 57 1438
960 230 43 998
960 242 35 145
960 243 11 265
960 254 7 1400
960 255 4 567
960 326 25 598
960 399 1 310
961 20 4 1314
961 69 55 415
961 89 19 1115
961 94 49 683
961 145 57 1052
961 183 13 1071
961 189 44 967
961 194 27 172
961 199 17 743
961 209 10 1058
961 286 7 1159
961 310 34 1270
961 345 38 843
962 30 25 172
962 58 7 653
962 78 41 466
962 84 35 602
962 129 1 1288
962 148 22 1196
962 155 37 1066
962 187 43 188
962 321 13 1097
962 327 10 529
962 330 52 453
962 341 4 202
962 354 17 268
962 373 59 3
962 385 29 410
963 1 17 1055
963 63 13 1068
963 67 10 380
963 115 25 683
963 133 5 1210
963 163 3 1185
963 171 19 860
963 184 34 1454
963 194 49 134
963 206 57 873
963 301 37 543
963 316 55 1052
963 338 53 277
963 343 7 1089
963 349 23 198
964 10 41 165
964 46 31 733
964 61 35 617
964 118 11 1227
964 146 7 703
964 210 49 116
964 218 25 135
964 225 53 1061
964 231 15 500
964 244 1 750
964 291 21 153
964 302 37 136
964 334 5 1239
964 340 29 463
964 379 47 1340
965 17 55 1332
965 21 19 1276
965 111 46 433
965 132 1 1215
965 156 37 219
965 183 25 585
965 184 43 627
965 190 49 1173
965 223 8 991
965 246 53 776
965 271 17 736
965 287 59 710
965 337 31 796
965 360 40 1094
965 387 13 712
966 24 49 1365
966 57 19 932
966 96 31 239
966 146 4 1448
966 156 13 374
966 217 47 135
966 221 52 231
966 223 8 1050
966 250 43 1210
966 287 28 1024
966 294 23 1141
966 310 58 416
966 343 37 577
966 369 17 197
966 399 40 628
967 7 46 761
967 60 41 187
967 61 5 523
967 131 11 119
967 144 25 281
967 155 55 652
967 182 7 29
967 222 22 1205
967 297 49 446
967 310 52 563
967 321 13 343
967 334 29 674
967 368 37 463
967 373 35 847
967 383 1 1222
968 34 37 1438
968 54 31 1008
968 70 2 629
968 141 13 1167
968 163 11 320
968 190 43 231
968 228 7 1018
968 326 25 1186
968 333 17 1420
968 336 19 713
968 354 29 527
968 387 49 1466
968 388 55 1127
968 395 22 311
969 13 53 1454
969 50 10 1442
969 91 55 702
969 110 29 685
969 177 19 1471
969 279 49 527
969 299 16 32
969 309 35 904
969 319 37 352
969 321 2 51
969 343 25 1065
969 347 45 1237
969 392 31 1004
969 398 23 1470
969 400 7 927
970 10 11 951
970 26 37 1074
970 45 40 474
970 130 13 1151
970 141 55 974
970 154 16 400
970 160 25 329
970 172 47 812
970 176 7 138
970 204 34 673
970 309 5 458
970 329 19 833
970 331 29 1129
970 332 43 1071
970 371 51 1178
971 8 59 1421
971 36 9 1368
971 45 28 461
971 46 55 638
971 70 1 835
971 76 49 816
971 142 46 1400
971 194 22 83
971 274 32 373
971 276 16 221
971 298 5 571
971 316 53 922
971 337 25 1195
971 340 35 1488
971 343 19 1209
972 18 13 796
972 40 25 832
972 53 11 873
972 134 59 1186
972 166 28 484
972 205 55 676
972 223 51 991
972 262 43 812
972 263 7 710
972 279 20 1008
972 310 31 509
972 345 3 311
972 359 37 494
972 366 16 476
973 23 11 1331
973 29 1 1461
973 34 16 1413
973 55 5 1008
973 99 25 1314
973 102 19 728
973 132 7 116
973 157 22 1249
973 190 43 1133
973 197 38 177
973 199 29 449
973 214 32 305
973 222 52 541
973 270 57 1373
973 375 13 570
974 7 40 639
974 26 46 551
974 28 15 512
974 56 19 237
974 208 49 202
974 223 31 561
974 237 55 43
974 243 17 982
974 264 25 1129
974 272 1 130
974 311 52 432
974 330 58 1368
974 336 7 810
974 359 43 1112
975 2 37 339
975 19 13 593
975 37 25 458
975 70 31 463
975 74 1 977
975 125 35 1467
975 132 50 554
975 172 10 40
975 220 46 1368
975 243 17 179
975 267 5 113
975 297 43 251
975 311 55 672
975 351 19 1314
975 375 58 570
976 24 19 645
976 95 53 584
976 116 47 1171
976 123 37 185
976 152 7 270
976 196 23 1319
976 204 58 978
976 206 1 103
976 208 49 22
976 259 41 540
976 262 33 812
976 286 13 1236
976 298 31 763
976 302 43 545
976 343 55 1435
977 60 29 829
977 124 31 50
977 138 40 127
977 145 13 1341
977 165 34 1237
977 231 11 715
977 237 43 954
977 278 58 373
977 284 1 299
977 287 56 97
977 318 19 1282
977 329 4 221
977 333 17 967
977 335 37 1041
977 367 49 1312
978 19 49 1358
978 35 4 409
978 52 25 905
978 62 17 566
978 85 1 1340
978 101 35 1105
978 118 40 494
978 236 13 492
978 269 37 1287
978 282 28 1065
978 295 9 1130
978 312 31 317
978 320 55 344
978 345 19 431
978 393 7 511
979 53 47 1359
979 133 58 320
979 166 44 341
979 177 35 196
979 200 25 1068
979 256 37 307
979 260 1 841
979 310 22 972
979 328 4 833
979 331 17 1344
979 341 19 816
979 352 13 261
979 383 49 841
979 388 7 534
979 400 28 356
980 15 51 188
980 24 34 1385
980 42 27 1107
980 56 19 497
980 68 1 1190
980 83 59 1208
980 94 43 97
980 158 10 390
980 194 7 754
980 228 31 52
980 269 40 901
980 271 5 104
980 296 47 350
980 336 55 1103
980 342 13 1184
981 19 31 180
981 39 47 736
981 114 27 1366
981 122 55 1278
981 147 16 904
981 190 37 936
981 210 22 1197
981 240 1 1265
981 263 8 1433
981 305 19 937
981 307 43 1461
981 310 13 63
981 318 41 1387
981 357 51 306
981 373 29 212
982 6 27 605
982 14 32 892
982 50 29 1026
982 64 7 1209
982 102 38 662
982 111 57 433
982 126 11 1470
982 141 49 224
982 180 53 1133
982 208 1 92
982 267 59 1168
982 286 16 1369
982 291 19 1087
982 318 46 805
982 339 4 1468
983 6 52 1229
983 9 55 172
983 49 14 38
983 140 11 897
983 155 43 1062
983 220 5 1365
983 221 49 212
983 244 19 695
983 245 59 1203
983 309 1 311
983 333 47 1066
983 365 37 637
983 387 7 867
983 395 22 1259
983 398 41 1153
984 10 49 194
984 31 59 697
984 39 47 83
984 117 4 121
984 134 11 826
984 162 35 608
984 173 53 1408
984 195 37 847
984 196 43 919
984 197 25 1091
984 233 23 22
984 247 1 730
984 272 55 997
984 285 13 142
984 287 29 305
985 2 19 611
985 32 32 544
985 50 28 1442
985 83 23 279
985 155 55 1067
985 162 47 745
985 207 7 933
985 217 53 641
985 276 1 221
985 279 37 1000
985 292 43 1027
985 305 41 629
985 337 49 578
985 370 10 851
985 391 16 316
986 14 37 892
986 31 59 234
986 33 4 957
986 51 7 987
986 60 29 231
986 98 47 1106
986 118 17 1215
986 144 34 707
986 152 13 1407
986 169 50 311
986 199 55 736
986 230 19 549
986 233 23 540
986 234 11 325
986 288 31 1015
987 36 43 1381
987 72 47 1481
987 78 20 470
987 93 56 523
987 145 7 432
987 176 13 237
987 197 1 971
987 209 22 45
987 217 29 956
987 234 5 790
987 281 32 540
987 345 38 417
987 364 25 1014
987 399 51 97
988 22 7 1015
988 51 1 883
988 60 47 187
988 130 5 476
988 148 19 1395
988 156 43 1378
988 171 49 755
988 179 22 400
988 181 58 1020
988 227 37 977
988 261 33 278
988 293 41 905
988 321 13 121
988 388 26 1420
989 51 25 834
989 57 46 722
989 64 31 896
989 77 13 407
989 108 55 410
989 130 23 1352
989 136 20 89
989 168 52 1339
989 180 59 1447
989 191 37 548
989 243 7 415
989 268 9 970
989 309 17 823
989 311 1 121
989 397 5 323
990 44 17 360
990 106 57 892
990 109 20 499
990 111 11 344
990 206 7 170
990 231 55 500
990 245 5 1241
990 315 25 866
990 339 34 469
990 352 13 179
990 357 1 955
990 374 41 961
990 377 37 164
990 396 43 607
990 399 52 1271
991 4 46 409
991 71 39 1431
991 121 25 448
991 123 31 446
991 139 17 466
991 189 50 700
991 220 37 332
991 226 13 155
991 234 59 325
991 255 35 129
991 325 56 949
991 328 7 1285
991 350 22 1307
991 372 5 1261
991 385 29 1109
992 2 13 611
992 10 41 1228
992 26 4 310
992 38 37 1102
992 47 11 458
992 79 49 119
992 85 19 1273
992 98 47 1075
992 101 17 1305
992 113 28 1493
992 115 1 382
992 225 7 431
992 284 52 1045
992 352 32 26
992 376 22 1331
993 11 34 771
993 17 7 430
993 26 31 105
993 116 40 805
993 128 13 887
993 210 11 946
993 211 49 457
993 241 25 1228
993 281 55 795
993 285 22 363
993 288 43 196
993 338 29 1358
993 350 4 1018
993 366 1 761
993 399 19 760
994 17 7 554
994 41 25 1203
994 53 3 38
994 93 37 754
994 105 11 916
994 163 29 933
994 191 5 1369
994 214 31 297
994 231 35 500
994 264 13 606
994 269 43 901
994 270 19 230
994 311 49 432
994 322 46 974
994 388 56 919
995 1 29 526
995 19 37 409
995 29 44 1403
995 44 1 892
995 51 49 90
995 128 15 1213
995 139 53 676
995 175 31 38
995 196 5 849
995 302 55 136
995 317 7 1466
995 351 22 231
995 358 35 998
995 360 19 1305
995 381 11 28
996 56 49 685
996 73 17 9
996 81 31 398
996 95 44 945
996 138 19 685
996 206 9 251
996 231 53 894
996 232 23 838
996 233 47 1070
996 240 1 680
996 249 13 681
996 326 37 437
996 337 58 17
996 392 25 1004
997 12 44 891
997 32 25 578
997 69 17 1300
997 127 19 448
997 130 59 1369
997 148 28 440
997 155 1 185
997 157 37 474
997 182 31 439
997 252 13 1004
997 349 41 1433
997 362 8 929
997 392 55 655
997 396 50 607
998 37 13 867
998 40 28 619
998 89 55 1151
998 91 1 329
998 132 43 149
998 139 41 387
998 142 25 594
998 208 37 589
998 244 10 605
998 259 23 544
998 307 19 1336
998 319 50 364
998 340 17 745
998 361 31 1434
999 3 37 716
999 9 51 1121
999 15 7 474
999 16 46 432
999 85 16 882
999 98 35 137
999 104 11 387
999 147 2 518
999 160 20 112
999 186 58 336
999 327 55 847
999 339 25 634
999 377 31 419
1000 2 27 570
1000 64 31 356
1000 99 19 273
1000 103 4 89
1000 109 10 499
1000 116 25 805
1000 117 51 602
1000 208 44 1416
1000 241 37 1305
1000 271 1 773
1000 324 35 1137
1000 325 7 248
1000 348 16 992
1000 359 13 1448
1000 361 55 229
Điểm tối ưu/tốt nhất tìm được: 14801
Thời gian: 901.584872 giây
Trạng thái: VALID
