1500 1000 400
41 44 46 16 242 276 21 342 152 313 251 25 0
320 292 230 71 72 329 199 209 181 183 123 221 0
33 131 166 199 8 237 110 147 245 119 281 346 0
67 166 169 298 395 396 368 273 146 341 24 58 0
257 322 76 269 400 29 276 281 378 220 253 95 0
32 354 291 356 263 72 239 48 177 308 378 318 0
322 388 100 74 43 75 28 79 216 188 158 127 0
97 129 260 389 8 298 11 301 272 209 152 380 0
356 230 154 295 263 282 47 241 369 122 347 94 0
194 168 393 395 172 110 272 369 248 378 157 255 0
225 387 69 7 9 107 236 145 114 19 342 123 0
288 34 2 332 13 211 181 374 248 154 283 124 0
192 298 202 173 14 46 60 273 398 250 316 223 0
290 66 230 361 330 75 12 366 276 185 347 348 0
96 2 227 259 296 9 267 315 25 91 190 382 0
66 195 9 234 108 76 334 204 84 53 249 122 0
97 291 133 230 199 40 364 146 87 24 27 254 0
32 290 67 198 231 393 362 12 304 112 339 283 0
64 129 162 356 165 9 330 144 210 247 377 218 0
160 69 391 360 329 40 172 151 121 29 94 31 0
33 353 166 40 106 11 111 208 119 53 183 347 0
160 165 201 394 238 79 370 213 374 343 280 182 0
193 130 194 40 73 8 168 337 339 308 346 61 0
295 391 173 338 210 277 246 245 314 285 350 127 0
99 229 392 41 362 299 296 237 241 340 277 87 0
32 225 323 35 38 303 175 274 149 25 282 381 0
256 353 196 37 39 172 364 219 46 118 278 315 0
38 391 8 297 203 270 176 80 50 276 56 153 0
257 323 325 393 300 333 336 49 177 212 59 284 0
352 161 386 66 396 334 82 220 276 178 57 156 0
197 166 71 72 204 364 111 400 15 371 344 348 0
96 129 101 39 104 297 207 49 115 311 314 124 0
392 362 11 207 239 145 182 87 56 313 346 158 0
97 382 390 328 201 173 237 273 22 215 249 222 0
38 186 201 139 204 269 175 245 181 119 314 223 0
224 193 297 202 44 47 304 81 120 345 155 223 0
321 130 194 388 168 72 398 400 339 281 60 350 0
217 133 170 138 15 113 51 118 88 121 314 255 0
192 186 137 44 238 144 148 372 55 57 90 62 0
384 194 35 130 37 166 218 369 84 314 92 319 0
194 134 366 17 274 243 82 242 152 121 188 253 0
160 258 359 204 399 211 341 277 56 377 381 351 0
224 198 203 235 269 141 378 176 314 214 87 250 0
288 128 291 387 259 71 327 211 307 23 220 287 0
261 232 202 44 367 80 306 84 150 311 156 285 0
98 131 364 396 273 305 275 120 345 88 380 351 0
121 290 34 36 294 268 370 147 213 215 216 313 0
290 67 70 232 41 143 369 177 275 20 342 60 0
193 97 196 298 268 172 109 144 151 344 153 124 0
193 66 322 130 97 297 395 175 245 216 379 316 0
289 34 3 391 73 11 143 243 248 185 58 156 0
65 257 289 293 73 332 337 145 307 212 117 88 0
32 6 201 265 43 171 173 109 176 208 372 218 0
89 98 262 281 360 267 176 341 185 250 157 94 0
225 35 7 328 360 79 112 276 20 375 151 317 0
36 292 395 267 140 44 399 111 210 27 61 191 0
386 360 137 109 272 178 244 247 92 29 94 159 0
257 289 35 4 74 140 12 46 177 115 343 344 0
227 197 362 11 302 337 17 340 280 57 315 158 0
288 96 34 262 39 169 364 274 245 309 186 187 0
384 290 199 200 137 14 337 341 183 217 92 94 0
384 294 199 358 202 13 242 252 125 54 28 349 0
96 99 36 325 326 394 202 273 274 216 90 189 0
163 101 38 326 397 378 86 278 253 314 380 61 0
199 41 299 43 46 145 273 248 57 27 61 24 0
96 257 198 166 73 363 171 241 51 183 315 62 0
199 186 11 206 335 209 178 50 345 154 220 287 0
162 354 38 394 235 172 333 143 339 22 120 156 0
227 231 332 205 142 110 367 145 157 310 155 29 0
161 295 139 206 367 337 17 370 81 150 317 158 0
228 298 142 367 400 81 114 178 212 86 55 349 0
226 355 37 262 167 396 306 374 247 313 284 126 0
32 96 391 332 206 14 115 244 245 58 63 255 0
160 354 390 327 170 237 110 111 336 92 338 252 0
387 131 197 324 169 266 202 110 49 82 369 375 0
130 326 328 361 110 335 177 373 23 24 121 122 0
33 132 388 326 390 267 269 111 16 210 315 92 0
224 129 258 5 327 364 270 366 18 372 282 348 0
224 321 67 164 358 264 137 109 274 346 251 30 0
96 354 200 393 112 209 274 279 185 27 252 253 0
288 66 68 326 171 60 304 337 55 56 281 279 0
64 128 292 260 202 395 364 280 57 155 29 383 0
294 166 326 297 73 331 43 77 398 41 59 190 0
65 66 194 7 393 395 331 305 211 245 183 312 0
259 165 358 394 301 242 55 342 375 280 343 351 0
161 33 325 102 205 238 46 270 51 21 87 23 0
164 8 395 108 79 243 340 150 247 344 214 349 0
385 162 387 327 105 362 364 206 112 208 117 89 0
288 388 101 36 360 233 336 339 85 310 119 184 0
225 386 130 73 13 15 368 50 245 120 124 381 0
161 322 132 72 329 394 238 80 274 311 346 349 0
194 355 390 73 362 171 47 19 343 57 251 350 0
4 357 132 133 104 361 173 271 50 20 123 156 0
258 133 71 136 42 268 76 82 87 313 155 380 0
257 133 7 361 362 139 332 236 208 375 376 189 0
226 135 106 298 236 270 80 304 114 51 307 278 0
96 227 360 140 307 372 308 246 20 59 316 157 0
320 226 376 37 102 200 360 364 241 148 246 88 0
64 257 98 192 36 384 262 107 206 84 52 159 0
321 231 8 208 145 113 243 83 53 338 89 379 0
229 106 299 12 268 76 47 366 305 115 84 151 0
257 106 334 271 176 368 240 207 247 315 348 255 0
65 257 103 135 169 8 395 13 219 207 48 59 0
352 65 248 196 268 12 143 216 26 379 60 31 0
32 66 67 200 298 269 370 213 23 250 158 127 0
33 68 110 15 400 208 239 278 215 214 25 54 0
256 194 354 69 262 38 329 105 394 114 185 189 0
320 258 328 362 241 347 373 246 87 89 59 253 0
387 35 294 40 137 106 369 146 150 348 30 63 0
224 191 387 100 134 13 270 367 15 273 83 31 0
292 294 360 330 138 396 171 301 337 273 51 180 0
294 263 232 360 138 363 109 17 246 184 124 221 0
320 354 196 325 40 137 394 111 304 373 25 252 0
160 70 326 362 298 12 269 13 140 144 150 249 0
320 72 140 141 219 204 177 209 284 217 379 124 0
256 192 391 233 144 373 310 87 376 152 95 127 0
65 34 354 131 355 46 334 178 58 220 126 31 0
128 36 261 229 69 296 40 81 211 124 285 191 0
384 386 196 390 10 202 14 111 273 337 243 372 0
224 162 262 296 330 139 240 400 274 342 24 157 0
67 260 133 206 335 399 307 148 149 90 253 319 0
289 8 137 138 273 115 220 54 215 56 154 60 0
185 197 102 140 336 17 241 278 150 184 25 159 0
324 40 139 396 45 302 110 116 85 185 26 28 0
192 289 130 195 391 329 206 271 17 338 246 312 0
192 320 226 141 303 17 220 244 284 246 380 254 0
7 71 105 75 235 49 17 115 274 342 314 316 0
32 227 3 389 133 199 103 141 367 272 19 120 0
66 298 395 332 234 172 187 309 89 283 190 63 0
130 354 313 265 41 108 173 242 19 116 180 121 0
288 2 154 202 13 173 345 186 219 190 222 255 0
32 320 66 3 194 41 106 399 273 306 56 124 0
195 228 293 132 204 173 144 246 55 57 190 255 0
288 4 7 296 72 235 303 338 83 88 347 127 0
130 98 66 362 302 272 273 244 277 375 216 348 0
224 129 67 100 328 168 296 395 48 148 121 127 0
5 295 43 300 49 18 52 85 374 343 346 255 0
4 293 102 297 172 175 241 50 339 307 187 125 0
32 129 34 388 327 141 272 278 311 88 379 318 0
2 36 7 269 367 273 381 277 377 155 189 254 0
96 356 101 11 271 339 85 221 281 123 317 191 0
320 248 2 200 234 139 205 302 239 344 185 346 0
389 297 203 175 368 23 245 118 119 121 250 188 0
65 196 70 38 232 264 76 335 143 241 177 313 0
385 257 228 90 201 394 175 82 22 375 58 94 0
130 388 203 12 205 175 303 177 370 240 246 216 0
65 195 324 292 397 145 113 243 115 311 314 315 0
224 103 138 171 302 367 305 275 84 86 347 348 0
354 291 324 70 39 392 265 168 302 274 149 345 0
192 65 226 97 36 363 108 145 156 373 314 92 0
225 261 229 230 360 392 170 363 266 366 150 283 0
160 35 324 133 200 364 18 278 311 281 315 286 0
352 226 227 133 41 365 46 207 17 51 91 351 0
357 328 233 360 108 381 51 308 148 188 61 63 0
387 134 231 394 331 204 399 176 336 180 245 190 0
65 66 135 231 393 202 363 370 149 309 153 254 0
354 292 228 104 14 271 17 18 277 283 318 159 0
97 98 197 70 233 361 362 270 80 19 281 346 0
225 322 103 361 17 145 338 245 311 152 183 58 0
289 258 4 292 231 103 263 370 57 58 347 157 0
34 323 291 185 269 109 143 178 21 310 281 190 0
384 227 70 328 170 42 14 177 211 89 251 158 0
257 2 376 101 388 250 398 52 152 154 379 31 0
164 36 199 171 46 207 335 400 345 26 220 93 0
384 153 227 355 9 206 142 17 81 342 55 345 0
162 227 58 133 134 200 329 244 22 247 312 346 0
161 389 133 75 300 205 238 372 279 89 157 318 0
32 65 358 234 330 46 47 371 147 315 252 63 0
32 232 328 202 45 174 178 115 147 120 89 378 0
161 354 261 7 168 399 15 338 343 187 61 30 0
128 321 356 132 141 340 119 247 184 315 156 349 0
193 227 185 101 383 337 17 147 119 88 89 351 0
89 33 163 164 264 10 236 304 272 115 121 381 0
1 360 296 11 143 308 214 312 185 186 252 285 0
386 264 265 139 205 206 117 374 247 312 349 30 0
386 227 328 361 330 41 237 304 179 213 373 53 0
320 98 1 70 263 136 203 334 304 179 339 93 0
384 354 104 73 46 61 309 219 188 317 126 383 0
36 200 12 301 172 368 177 344 56 59 318 287 0
257 258 324 6 137 334 251 144 179 21 123 124 0
224 386 362 204 111 48 116 86 253 92 381 62 0
65 385 387 3 197 198 293 330 16 50 53 124 0
325 9 239 240 303 276 24 376 281 59 94 383 0
165 198 122 76 108 142 304 117 214 312 377 378 0
64 288 280 262 70 9 266 216 377 378 219 159 0
320 97 130 328 138 11 236 365 144 310 379 220 0
71 201 298 395 333 207 347 374 375 123 349 93 0
192 195 217 229 102 359 73 74 9 213 85 313 0
128 161 289 359 392 202 43 42 305 275 115 245 0
36 388 166 332 271 49 342 87 344 154 247 31 0
226 227 287 132 167 106 267 79 17 147 59 31 0
288 66 36 165 198 294 43 333 238 304 150 343 0
34 197 104 296 140 238 116 342 153 91 348 30 0
163 357 69 170 42 79 124 20 373 184 188 95 0
134 398 175 368 304 210 83 342 121 347 317 319 0
33 377 109 206 111 241 306 243 339 213 25 252 0
97 132 169 399 144 15 178 213 183 280 60 222 0
355 100 262 134 393 209 307 53 87 311 59 351 0
33 324 11 142 144 315 82 176 214 25 187 351 0
32 257 66 357 167 73 299 119 215 121 315 255 0
32 226 227 231 201 214 247 89 379 156 157 158 0
256 258 133 250 14 272 116 53 89 58 381 126 0
318 257 248 38 39 72 392 309 373 376 251 158 0
161 323 42 140 76 84 150 344 26 123 126 31 0
322 230 360 265 331 270 46 273 178 244 124 127 0
128 321 170 365 174 209 20 150 374 121 378 31 0
32 33 2 280 261 122 173 206 336 120 90 61 0
291 197 261 69 358 103 359 206 208 81 211 148 0
225 3 131 165 102 72 137 42 397 46 82 211 0
353 325 294 330 44 112 242 371 94 57 315 382 0
291 133 230 41 172 272 310 152 250 28 189 287 0
321 322 291 33 261 296 81 210 211 51 57 253 0
323 291 293 38 260 265 138 272 247 121 125 318 0
129 103 168 363 204 283 19 275 87 376 27 351 0
350 162 36 281 391 297 139 237 173 214 185 126 0
224 324 389 7 137 335 16 145 146 52 157 350 0
34 197 40 393 16 305 210 23 119 121 382 351 0
97 353 265 106 330 74 301 17 82 146 120 155 0
291 293 103 295 74 332 79 181 309 24 347 120 0
192 295 136 9 40 186 238 14 249 314 156 253 0
196 170 331 42 202 302 14 156 245 220 158 351 0
292 165 70 69 170 251 86 122 379 188 190 286 0
288 386 323 390 327 136 8 106 11 116 153 26 0
64 99 260 392 365 176 337 213 248 185 282 219 0
33 194 263 391 204 156 146 150 247 187 60 285 0
384 40 171 364 113 18 146 311 377 250 379 319 0
64 327 264 11 172 77 300 336 147 184 249 120 0
257 67 42 368 50 210 274 213 310 280 25 222 0
193 261 6 264 11 77 47 92 277 281 60 222 0
160 259 68 217 328 73 338 375 345 155 188 30 0
64 69 261 71 39 366 207 144 19 25 153 254 0
37 103 231 297 398 80 370 149 22 348 156 311 0
353 194 259 196 293 103 330 141 14 309 377 124 0
289 321 259 101 201 11 77 143 17 338 179 22 0
352 65 32 291 234 170 337 146 252 376 154 28 0
320 97 199 231 139 303 112 368 82 146 179 126 0
198 168 394 235 140 147 83 341 86 349 94 127 0
353 290 291 261 5 135 319 37 394 309 119 63 0
318 291 166 167 296 10 76 149 122 189 190 383 0
290 386 229 165 8 41 76 205 109 337 250 59 0
161 37 202 206 48 340 53 277 218 379 284 61 0
159 37 294 200 11 13 272 378 347 92 349 255 0
192 2 130 196 71 9 237 271 337 276 181 155 0
248 293 39 297 233 332 174 367 270 181 216 156 0
385 34 258 260 133 39 8 242 373 186 380 31 0
288 67 196 11 236 238 302 118 214 312 254 159 0
384 128 355 100 361 346 304 93 247 250 91 189 0
321 289 387 203 205 176 369 113 246 24 124 62 0
160 129 194 37 199 264 11 368 369 212 26 60 0
228 357 90 106 141 205 112 342 247 24 346 382 0
280 389 230 197 137 42 84 341 376 27 124 253 0
226 100 296 110 17 306 50 243 275 118 343 377 0
280 34 45 114 179 182 376 153 282 347 127 255 0
99 38 202 332 113 307 116 339 214 119 376 315 0
89 71 234 363 303 209 274 117 311 377 157 223 0
193 66 67 163 76 142 241 17 49 50 376 63 0
357 167 136 297 331 13 176 150 22 376 151 319 0
194 292 38 108 236 271 372 376 57 58 27 318 0
199 205 79 272 17 210 371 211 20 276 252 95 0
195 292 389 140 269 46 48 84 278 87 57 251 0
129 354 322 330 301 270 241 370 178 22 54 279 0
34 386 354 198 295 72 327 11 43 278 279 158 0
160 131 134 360 203 204 364 47 175 207 147 220 0
199 138 266 268 234 139 367 177 114 219 29 94 0
164 261 295 168 170 76 237 397 336 344 27 188 0
256 165 361 299 18 306 244 86 151 251 380 93 0
129 194 34 226 103 235 398 15 19 20 183 159 0
129 163 227 103 169 297 366 207 144 242 181 350 0
131 100 358 166 203 140 205 333 48 305 250 316 0
256 161 388 389 44 272 183 26 252 189 158 127 0
129 358 377 169 363 107 237 305 21 313 187 316 0
288 97 132 40 204 46 208 368 116 283 316 351 0
352 264 328 365 399 145 372 342 189 221 26 253 0
224 128 194 320 137 11 378 337 51 57 122 382 0
227 196 293 104 241 307 213 118 88 345 154 155 0
197 361 202 332 364 214 215 216 24 186 158 319 0
33 227 344 39 336 49 176 84 375 120 151 26 0
98 35 196 292 69 358 36 108 144 183 184 283 0
160 295 329 123 332 397 47 341 88 218 155 253 0
67 218 332 300 14 47 314 44 370 147 122 348 0
353 131 3 294 262 43 172 397 213 117 311 248 0
193 325 294 231 298 267 299 335 272 368 50 115 0
290 2 164 10 173 302 399 112 334 247 312 285 0
97 280 41 11 332 108 400 50 210 119 56 186 0
326 105 269 111 50 348 343 217 123 156 93 95 0
129 3 37 136 73 8 77 110 176 208 373 186 0
257 71 73 299 238 17 21 374 22 89 157 126 0
129 229 70 170 363 207 273 118 23 345 378 93 0
161 167 264 104 172 175 304 183 312 190 94 63 0
129 353 355 205 173 111 270 78 53 341 249 90 0
258 73 138 330 396 109 369 180 152 347 380 382 0
192 360 201 329 361 173 372 22 58 60 285 127 0
386 356 233 107 268 109 241 370 337 120 345 61 0
2 356 5 363 76 269 51 371 214 344 58 253 0
34 4 27 267 15 81 339 244 180 59 124 222 0
101 165 74 112 304 337 180 117 314 219 156 285 0
33 161 290 65 136 45 22 24 26 284 157 222 0
387 389 262 326 13 238 239 273 216 345 218 349 0
96 196 357 228 264 74 335 113 50 245 53 318 0
132 136 9 138 333 14 175 237 51 21 378 29 0
256 161 196 231 199 307 86 189 376 57 316 381 0
387 227 132 265 10 331 393 271 48 243 182 158 0
386 326 362 171 333 81 115 276 245 118 56 27 0
65 130 98 324 361 111 241 83 340 246 56 319 0
354 101 134 390 112 210 245 375 344 253 285 350 0
168 362 108 366 272 177 275 212 24 281 218 379 0
7 329 41 363 203 106 395 266 208 18 157 319 0
288 321 193 96 200 201 368 305 53 56 283 221 0
64 65 390 362 238 369 22 248 380 315 188 253 0
288 193 294 391 41 170 395 11 173 89 187 222 0
288 195 260 101 67 104 12 399 81 306 212 381 0
103 136 73 202 369 307 115 213 310 188 350 223 0
193 98 5 326 265 171 333 110 144 146 211 87 0
32 226 196 133 361 201 366 306 375 249 284 63 0
192 390 167 233 202 14 213 311 216 346 284 349 0
64 256 259 231 39 42 18 119 373 310 87 277 0
231 137 298 301 143 308 372 313 122 124 93 158 0
131 261 103 328 362 171 13 400 116 84 285 94 0
1 68 262 295 332 109 45 47 334 22 187 124 0
33 355 37 329 301 60 81 340 373 59 348 223 0
256 75 396 111 207 145 19 245 24 250 251 286 0
322 136 363 302 207 241 114 276 84 183 252 157 0
353 195 133 230 199 170 269 53 182 279 278 311 0
64 353 131 198 10 109 303 368 114 51 125 351 0
288 195 4 264 330 239 113 276 183 59 157 63 0
100 7 332 13 367 48 84 218 251 380 125 62 0
228 197 198 231 12 142 113 178 183 88 316 93 0
98 218 9 139 175 48 210 339 178 54 121 90 0
160 134 264 331 171 12 14 139 113 49 20 311 0
194 357 198 333 274 370 278 215 58 188 157 319 0
97 130 356 102 122 72 369 114 52 22 58 188 0
224 321 199 141 79 16 52 55 57 187 349 127 0
68 326 104 396 302 239 111 18 306 276 213 220 0
163 324 357 5 230 197 206 178 244 119 152 153 0
162 36 38 265 107 269 336 337 368 314 251 191 0
33 289 67 356 261 230 169 91 75 233 82 315 0
102 15 143 81 275 372 213 246 311 185 347 188 0
2 3 226 293 70 296 78 370 342 59 284 29 0
161 130 259 327 265 106 15 273 210 148 343 218 0
192 353 386 323 39 135 329 139 365 372 121 27 0
162 258 132 264 172 109 15 208 125 248 29 350 0
192 26 388 389 76 206 209 88 282 155 220 351 0
323 40 399 80 306 213 246 312 158 381 62 286 0
3 100 70 7 43 209 274 371 180 21 149 30 0
355 100 228 358 106 362 300 142 242 210 309 347 0
257 101 297 10 236 339 212 93 182 88 61 382 0
257 1 202 300 301 174 238 337 242 372 183 25 0
320 5 133 11 210 83 212 340 118 51 60 350 0
161 324 293 296 143 369 374 342 154 127 158 383 0
260 136 73 14 81 273 309 87 88 314 315 190 0
72 233 139 43 206 302 46 336 178 306 149 246 0
386 163 333 370 338 212 276 310 341 89 252 94 0
89 166 391 203 236 109 335 16 157 57 123 381 0
160 353 2 68 299 76 14 367 19 279 122 92 0
1 358 166 41 138 396 13 237 367 400 379 63 0
98 195 68 386 232 138 78 305 243 117 311 56 0
160 224 162 56 5 101 327 43 396 238 344 250 0
97 99 133 70 168 73 234 74 175 272 207 157 0
66 195 196 99 169 393 12 174 176 19 277 149 0
100 233 43 171 304 209 275 116 277 276 26 283 0
288 194 35 356 258 298 270 80 113 177 28 319 0
295 297 170 332 368 304 210 243 283 112 347 316 0
256 352 387 101 41 395 399 80 147 279 347 317 0
327 328 170 172 303 124 52 86 56 346 348 319 0
290 130 388 6 232 9 138 299 207 51 316 127 0
192 291 324 292 367 271 306 179 20 216 92 94 0
193 67 163 9 297 299 208 81 242 342 120 255 0
1 35 99 70 7 294 73 10 330 19 284 127 0
350 229 202 172 368 177 114 24 219 380 158 191 0
228 229 359 360 11 333 80 178 246 312 88 318 0
132 356 135 103 139 236 113 180 27 124 61 62 0
288 98 387 199 330 268 275 339 20 278 248 93 0
129 65 100 261 260 298 235 140 273 52 312 379 0
354 3 66 38 15 367 17 214 345 58 349 126 0
390 72 296 269 81 273 212 214 280 379 285 319 0
64 257 287 270 47 209 181 341 279 346 315 223 0
320 327 186 155 367 79 115 86 310 58 219 350 0
352 320 99 168 9 266 138 297 75 15 112 368 0
226 67 395 44 239 278 119 56 153 218 156 127 0
32 384 196 230 231 45 143 241 149 348 157 62 0
352 328 43 300 235 335 274 378 28 349 158 351 0
258 389 263 327 330 44 336 17 211 217 250 223 0
2 323 103 139 110 142 46 209 374 91 126 319 0
35 69 296 73 297 41 141 370 276 344 282 189 0
161 196 103 105 299 395 108 110 210 50 184 31 0
196 262 138 107 332 14 79 144 241 19 344 158 0
232 333 77 143 48 49 244 55 213 119 184 126 0
257 324 70 232 43 139 333 269 275 24 281 348 0
352 320 193 230 198 400 20 184 25 122 91 380 0
204 303 178 274 308 309 373 120 313 28 381 159 0
97 229 39 10 44 142 272 116 54 280 345 120 0
259 36 326 138 75 268 304 151 120 251 348 63 0
290 131 132 238 334 180 310 54 248 377 155 189 0
160 227 164 137 243 373 277 279 152 90 92 350 0
160 257 135 329 78 239 400 145 371 53 345 90 0
128 321 4 36 201 77 114 50 181 30 251 190 0
259 164 359 329 363 139 205 368 369 306 53 29 0
96 162 6 9 399 367 208 19 22 311 344 249 0
289 195 388 7 263 74 337 344 25 283 252 157 0
384 129 68 5 357 204 13 46 378 172 186 347 0
65 162 257 291 328 110 334 305 215 185 123 254 0
297 175 304 209 177 347 276 375 314 27 286 351 0
128 320 35 37 360 362 332 150 89 189 190 319 0
34 194 4 235 365 17 114 177 370 149 54 183 0
384 223 165 107 366 335 302 143 115 244 89 319 0
64 162 67 133 358 137 206 276 119 281 218 379 0
288 290 67 295 299 368 305 178 147 148 153 219 0
224 98 69 71 168 330 141 79 209 155 220 317 0
66 292 68 390 294 237 175 274 245 380 348 319 0
32 289 162 164 275 212 85 54 184 249 58 380 0
64 289 65 100 202 11 77 303 50 82 245 60 0
96 2 259 382 229 344 135 200 244 56 250 158 0
360 265 270 303 207 337 371 84 341 218 27 94 0
289 194 323 388 69 226 107 301 210 310 91 287 0
160 58 7 361 234 171 373 181 186 220 222 95 0
260 6 264 233 140 205 50 84 374 216 378 155 0
258 198 41 314 302 274 84 53 247 250 124 381 0
226 255 136 41 202 145 20 344 60 222 94 319 0
192 38 328 139 395 304 274 370 213 309 118 313 0
384 69 38 297 139 235 109 173 47 400 174 159 0
64 98 297 333 111 178 214 184 345 59 222 383 0
130 196 294 104 266 106 270 178 371 375 88 124 0
324 229 102 369 306 343 95 246 183 185 350 383 0
228 6 295 136 137 235 144 113 209 311 348 351 0
7 71 52 20 278 311 376 245 149 180 220 93 0
65 355 230 169 109 79 48 17 311 153 218 189 0
288 257 193 195 196 327 393 398 14 211 277 223 0
164 197 326 171 44 109 174 86 342 218 348 383 0
386 35 357 264 251 275 214 119 344 87 219 61 0
32 354 356 69 249 168 235 398 366 377 219 31 0
265 170 108 397 76 47 239 189 216 381 190 63 0
160 192 2 99 195 130 364 176 177 150 220 383 0
289 327 10 202 14 399 208 209 309 117 250 29 0
163 324 357 292 202 394 397 142 271 340 57 254 0
385 98 201 206 366 51 53 343 185 123 124 126 0
256 352 322 226 4 393 44 238 207 144 210 30 0
354 293 357 231 264 394 365 142 178 18 376 190 0
224 225 193 228 231 329 137 142 17 273 341 255 0
258 260 166 103 262 106 268 335 337 151 344 378 0
65 322 249 390 135 302 399 273 121 315 284 31 0
224 32 227 163 327 135 9 330 271 274 278 122 0
256 132 135 168 72 205 302 48 243 213 285 191 0
165 134 393 299 314 141 370 18 250 59 124 125 0
247 361 332 207 16 180 21 341 22 152 185 187 0
34 324 168 329 362 366 275 180 245 118 181 19 0
324 74 171 44 45 172 367 16 81 49 121 94 0
325 198 231 137 107 173 366 45 206 311 345 287 0
33 387 131 166 203 45 270 368 400 180 86 281 0
224 129 37 395 332 208 18 274 213 152 122 285 0
258 99 5 383 268 364 112 247 123 380 253 31 0
318 133 8 266 203 142 336 55 247 126 190 223 0
160 357 231 264 103 71 331 76 304 19 90 91 0
65 323 41 43 300 205 48 373 246 118 377 158 0
257 2 362 46 270 305 337 308 151 249 154 30 0
256 327 296 136 8 71 27 48 369 153 251 189 0
354 196 327 73 297 268 144 82 155 221 382 287 0
195 68 101 5 6 140 368 209 339 59 188 287 0
229 391 72 295 12 80 114 55 343 186 347 190 0
32 289 330 75 74 15 179 372 277 122 158 287 0
388 295 136 232 91 236 269 174 272 145 119 251 0
163 296 233 136 333 341 374 284 249 379 380 286 0
353 132 197 164 260 199 236 271 277 213 55 185 0
224 194 258 138 363 237 208 81 242 20 310 190 0
1 326 359 360 9 364 302 46 238 78 153 191 0
292 325 132 228 389 73 106 113 51 246 249 251 0
32 312 165 394 267 143 83 277 341 280 186 61 0
320 194 197 357 9 77 92 55 24 154 380 189 0
161 258 163 227 133 392 363 235 205 241 151 381 0
354 99 357 135 8 72 239 308 88 60 381 318 0
193 324 134 72 268 142 176 211 86 57 94 287 0
1 387 324 76 143 335 82 275 183 378 347 255 0
33 389 390 73 106 330 364 142 374 311 249 285 0
357 8 345 235 302 209 148 213 180 313 123 126 0
128 196 154 74 334 369 18 52 346 124 318 127 0
290 356 293 134 391 166 10 268 109 302 276 159 0
97 5 389 293 393 395 76 203 368 252 124 29 0
160 129 293 7 392 12 269 333 307 212 88 93 0
129 195 37 234 170 140 235 239 176 150 375 94 0
388 176 209 147 342 151 376 313 27 284 221 343 0
352 99 71 40 138 301 82 24 90 380 157 190 0
289 195 36 227 388 8 366 367 246 217 379 62 0
132 133 68 292 9 43 139 44 81 373 188 254 0
226 3 356 228 99 232 19 52 281 92 29 63 0
321 33 133 7 265 202 76 17 275 87 91 380 0
293 233 123 12 208 177 19 282 379 188 350 63 0
36 72 392 109 48 156 82 338 210 283 380 319 0
195 126 363 332 269 400 149 58 156 221 190 351 0
66 35 2 202 78 175 145 243 312 122 92 94 0
161 326 232 360 361 302 303 207 279 218 28 94 0
352 130 162 165 204 397 272 337 148 181 312 186 0
227 164 389 102 235 237 367 29 55 152 222 318 0
66 263 391 331 238 241 308 117 343 185 346 59 0
32 68 132 294 8 236 140 338 153 61 382 31 0
258 5 358 267 365 141 15 52 212 182 87 29 0
192 322 196 39 104 233 202 168 175 214 25 30 0
257 136 137 361 297 76 16 277 214 185 316 126 0
352 321 196 295 391 9 219 242 375 283 157 222 0
129 163 260 359 360 363 300 332 241 276 55 252 0
65 161 230 139 75 398 337 344 121 250 28 255 0
195 101 294 361 138 204 306 212 247 248 188 286 0
290 132 5 68 364 301 46 174 113 307 184 27 0
225 99 163 102 232 361 76 144 209 285 221 158 0
104 170 171 397 399 240 17 212 342 24 123 157 0
290 39 329 274 19 116 147 150 149 93 158 63 0
192 101 69 104 201 72 363 299 107 14 111 370 0
292 73 106 139 177 339 343 184 378 27 92 63 0
263 391 169 266 331 42 73 302 176 370 118 159 0
128 192 226 163 327 267 210 114 149 61 222 159 0
352 1 35 331 112 276 182 184 186 283 349 319 0
258 38 135 9 267 76 207 242 212 312 58 30 0
352 64 256 3 36 387 230 231 273 308 185 287 0
165 230 233 299 268 367 400 17 181 279 151 378 0
160 130 355 132 231 371 307 213 183 155 189 159 0
128 97 35 265 138 364 144 19 23 313 283 57 0
391 232 345 271 144 143 211 182 246 150 54 93 0
66 196 388 265 396 47 48 177 211 278 184 345 0
325 392 265 172 46 209 50 113 52 83 120 125 0
256 260 73 76 77 251 283 347 249 27 31 159 0
32 193 194 356 266 331 174 213 152 123 318 127 0
36 319 72 392 76 302 113 51 85 218 286 223 0
225 162 226 292 70 154 297 212 181 88 186 120 0
326 394 298 235 142 400 274 147 342 119 317 318 0
389 297 59 139 44 141 332 80 283 181 155 158 0
227 198 204 206 14 398 371 246 186 219 188 31 0
356 391 40 72 360 396 108 48 371 243 155 221 0
225 121 195 132 41 173 114 115 371 119 313 155 0
224 130 8 106 299 396 211 179 115 314 125 63 0
320 34 66 355 108 207 177 209 49 212 310 185 0
193 163 292 70 201 10 114 178 245 88 285 319 0
352 97 395 76 268 205 207 113 212 309 27 60 0
64 258 66 68 263 136 366 399 176 277 215 186 0
320 260 324 391 392 203 109 366 86 152 249 318 0
320 352 327 73 362 300 236 110 278 57 348 287 0
288 193 3 356 201 80 313 122 27 28 350 191 0
385 290 228 197 138 44 302 47 239 215 60 255 0
192 36 167 392 300 335 208 113 81 376 122 318 0
353 297 16 273 274 371 84 211 87 152 219 318 0
289 65 197 5 293 41 107 269 46 366 116 376 0
39 201 396 300 174 207 81 340 183 216 281 126 0
228 389 390 232 336 17 342 182 120 123 190 94 0
96 66 258 2 249 361 297 10 377 212 181 217 0
289 101 166 39 135 365 14 275 116 84 216 251 0
96 325 5 327 264 393 76 335 116 277 308 216 0
65 258 103 298 43 236 48 21 54 87 248 317 0
397 109 142 241 178 307 212 117 280 348 317 158 0
353 165 204 172 142 78 337 307 149 54 249 348 0
1 262 330 203 91 112 146 309 117 183 346 219 0
193 131 196 38 327 264 233 206 79 52 120 61 0
196 294 72 329 368 84 149 23 25 56 153 318 0
320 389 37 204 142 18 372 117 23 119 58 95 0
323 5 197 10 397 77 78 239 254 215 57 126 0
288 257 89 388 263 167 398 49 312 281 286 255 0
129 294 268 335 240 50 147 276 89 218 380 127 0
1 65 355 290 74 333 48 306 147 346 283 189 0
224 321 37 331 75 21 311 249 346 155 125 223 0
162 67 68 166 105 107 140 209 373 56 281 188 0
196 230 360 9 104 201 172 333 366 146 214 120 0
160 101 102 199 137 139 171 148 311 27 61 223 0
129 3 197 389 74 76 49 81 371 180 147 89 0
98 102 170 395 177 18 311 120 25 250 219 287 0
226 43 331 206 48 177 180 373 315 316 350 127 0
98 355 324 228 327 279 178 381 21 23 60 93 0
162 198 172 279 109 271 275 119 183 315 124 351 0
288 193 323 103 7 233 106 9 336 281 122 287 0
101 38 361 202 143 180 157 22 314 316 381 254 0
225 291 228 324 103 169 233 173 398 54 346 319 0
257 227 71 361 299 366 400 305 51 308 214 378 0
32 225 68 383 8 238 220 53 120 121 348 255 0
129 2 355 101 104 72 11 14 145 342 284 94 0
153 163 197 167 297 11 175 148 313 58 382 286 0
290 4 135 108 44 60 204 86 278 252 189 94 0
388 301 13 205 112 304 210 14 244 20 150 376 0
386 163 166 263 7 393 71 237 117 189 190 255 0
224 385 258 2 174 144 343 216 345 28 125 318 0
2 259 388 4 195 329 346 46 311 218 93 254 0
289 66 99 291 258 233 170 398 146 275 376 123 0
257 99 325 5 360 75 300 177 278 248 281 187 0
385 294 295 9 138 330 305 306 182 89 218 189 0
192 288 327 168 171 204 397 208 113 90 187 254 0
388 168 106 43 79 80 272 18 244 59 190 287 0
385 354 298 398 175 304 49 274 241 346 158 191 0
98 67 130 164 391 269 366 399 181 183 89 318 0
226 197 263 235 335 400 124 211 120 220 254 223 0
390 361 139 251 305 338 87 215 152 25 347 124 0
289 34 376 358 331 43 400 188 340 24 281 284 0
33 98 322 166 358 103 203 366 240 368 310 286 0
320 289 67 263 135 13 145 374 344 185 221 222 0
97 196 357 198 168 140 302 15 111 157 156 125 0
353 324 103 43 396 16 273 178 117 24 187 286 0
65 356 358 12 237 269 207 276 149 281 29 57 0
256 166 200 361 211 276 180 183 153 154 252 31 0
196 357 36 105 361 234 12 45 306 338 377 90 0
1 130 164 166 295 104 48 18 276 374 28 189 0
259 134 200 393 268 173 174 143 116 117 285 95 0
215 356 103 392 298 46 211 373 311 90 251 157 0
256 292 68 7 136 42 235 300 176 150 22 350 0
162 163 35 167 296 7 302 144 400 214 118 222 0
97 4 46 143 210 147 308 212 50 342 217 316 0
32 193 355 41 76 16 211 276 117 248 59 63 0
130 98 260 3 166 136 106 306 51 213 154 380 0
133 198 168 203 44 397 83 244 54 348 126 63 0
192 35 228 203 76 141 78 45 365 302 150 315 0
192 67 292 328 45 237 79 176 109 84 247 378 0
68 197 332 46 15 180 309 153 122 188 285 191 0
352 64 323 355 132 7 76 333 143 213 183 282 0
352 66 323 36 3 175 400 180 277 310 344 251 0
352 324 134 71 168 397 366 212 181 185 314 191 0
34 395 237 14 400 274 179 157 280 154 315 317 0
33 66 353 387 198 103 104 21 154 61 62 31 0
323 163 293 327 391 48 368 373 246 377 59 125 0
100 292 43 364 365 235 207 47 241 177 87 375 0
128 3 355 326 102 296 393 170 266 269 19 349 0
224 162 231 75 77 142 47 114 379 309 150 91 0
321 290 168 169 204 207 17 370 18 25 218 159 0
128 324 167 345 109 78 48 338 153 186 220 383 0
161 355 136 45 365 271 240 302 78 372 279 125 0
100 165 38 40 329 169 207 17 209 216 25 286 0
128 129 131 265 42 236 144 274 372 245 119 317 0
225 161 257 229 233 173 206 207 16 254 251 126 0
229 134 264 203 12 236 208 277 22 88 24 186 0
353 196 110 207 337 23 341 278 343 317 157 126 0
321 107 15 80 370 115 373 253 218 59 61 222 0
160 121 98 70 233 43 395 399 80 49 89 378 0
352 194 259 99 37 6 393 205 245 94 93 254 0
385 382 325 263 8 329 115 372 151 154 379 254 0
387 355 199 264 329 233 74 15 208 275 115 318 0
34 323 229 168 235 398 82 274 278 119 349 350 0
132 262 231 167 137 397 269 310 86 216 91 382 0
129 37 295 74 11 396 110 335 148 374 215 286 0
39 8 330 331 47 175 147 85 151 152 377 29 0
257 258 355 194 101 203 307 84 179 346 347 191 0
228 101 136 107 81 347 246 189 313 282 247 285 0
390 363 140 270 16 307 19 118 57 90 219 319 0
97 122 232 108 46 339 119 375 88 185 154 216 0
256 129 65 67 391 234 80 55 23 56 153 383 0
128 293 40 73 202 301 46 144 16 214 125 158 0
161 290 38 199 266 370 85 373 55 122 315 127 0
129 386 131 392 173 269 50 23 376 284 61 286 0
160 68 326 264 203 11 205 47 180 214 95 383 0
160 36 7 139 235 76 82 340 118 55 217 379 0
350 386 167 234 109 174 399 79 220 150 156 286 0
323 101 37 169 12 237 271 79 209 341 150 254 0
225 2 360 9 328 170 242 276 20 119 153 251 0
128 357 7 12 365 76 79 48 300 308 84 88 0
320 356 198 74 138 47 306 309 374 90 347 252 0
289 162 290 323 35 295 105 203 14 49 310 380 0
288 98 281 204 109 272 241 178 115 85 150 25 0
385 99 265 42 179 180 116 86 245 120 20 348 0
65 322 68 230 395 235 43 140 337 305 215 314 0
72 42 174 79 304 206 242 244 87 23 220 93 0
227 196 293 133 40 73 362 233 366 121 154 61 0
355 358 326 396 45 142 238 208 254 314 60 190 0
312 36 164 167 9 141 208 19 23 216 28 159 0
163 158 361 75 45 397 273 119 185 346 219 62 0
66 3 266 172 141 142 211 148 149 346 190 351 0
160 256 320 36 396 79 146 275 370 183 59 188 0
138 302 175 208 176 306 307 275 79 217 282 29 0
257 194 353 97 36 393 269 46 208 148 21 156 0
354 194 390 39 168 204 332 373 280 89 380 216 0
160 322 67 102 326 134 202 364 52 21 373 374 0
256 34 228 232 75 335 112 149 246 313 381 25 0
322 230 39 328 135 14 335 239 308 280 95 159 0
192 387 329 201 267 108 18 371 87 313 346 27 0
131 163 355 351 39 8 200 270 78 280 315 255 0
225 66 199 72 361 174 113 23 373 151 218 279 0
33 386 262 218 330 12 49 118 88 57 58 319 0
32 227 36 324 38 264 110 335 144 248 156 63 0
321 131 3 229 205 31 308 21 56 347 380 287 0
1 66 292 101 135 392 73 71 171 399 116 217 0
33 2 263 168 10 108 237 314 92 61 286 191 0
258 355 9 239 208 144 50 211 86 215 312 63 0
64 322 386 7 142 80 306 339 244 341 375 25 0
257 392 265 398 239 50 242 116 374 312 313 92 0
289 137 76 172 208 50 276 310 57 122 252 287 0
193 391 168 365 14 399 275 52 339 313 94 383 0
100 392 361 331 301 112 370 83 277 86 126 95 0
224 384 227 134 8 123 300 13 145 83 283 317 0
388 330 331 314 237 106 210 117 54 343 151 90 0
36 294 329 364 271 80 240 274 85 342 373 216 0
1 165 393 75 141 397 46 365 208 373 21 95 0
195 388 165 230 104 360 206 371 51 87 185 316 0
384 227 37 391 328 11 331 82 51 18 24 345 0
258 195 194 325 43 118 311 56 345 315 95 383 0
297 75 144 80 49 115 214 23 150 25 186 316 0
320 99 228 394 268 13 113 82 180 186 379 318 0
227 132 389 228 229 138 175 305 180 182 188 382 0
288 354 259 194 326 8 332 239 244 119 378 311 0
5 295 201 394 363 237 238 80 307 118 342 159 0
193 322 166 167 9 43 12 242 114 214 282 95 0
64 33 198 104 268 236 237 243 119 282 311 62 0
257 134 233 298 395 141 302 175 368 109 188 61 0
1 165 365 174 369 210 178 117 150 23 344 90 0
66 354 357 166 173 127 303 31 307 56 252 216 0
257 226 193 171 112 274 178 306 181 26 27 380 0
289 129 72 393 394 329 330 109 14 280 218 220 0
288 153 355 165 7 170 171 301 14 338 308 313 0
227 200 40 137 75 77 110 209 342 282 251 92 0
322 223 325 74 267 203 394 142 371 185 157 159 0
225 135 392 60 240 336 156 211 85 91 284 350 0
71 330 141 238 272 178 371 212 308 214 26 124 0
325 198 10 301 142 372 55 345 58 155 285 383 0
163 72 296 43 366 14 112 338 341 342 25 314 0
129 8 137 201 236 397 274 115 51 346 252 382 0
384 98 226 37 186 10 267 171 147 344 282 188 0
196 294 295 232 6 335 337 243 116 344 314 252 0
320 385 387 228 197 234 394 113 50 347 380 254 0
384 102 391 107 16 369 21 119 248 25 379 383 0
133 199 329 173 276 214 88 345 155 152 190 255 0
258 355 298 171 204 205 335 19 284 311 248 188 0
160 64 293 326 39 391 328 55 119 24 121 250 0
356 358 103 383 390 235 300 302 306 22 156 159 0
333 336 49 370 304 82 211 374 215 16 187 381 0
388 229 332 113 178 181 277 55 249 156 381 126 0
323 228 197 294 231 268 77 140 109 80 18 89 0
193 259 197 199 71 75 331 273 50 277 279 27 0
1 391 234 107 155 45 241 305 55 248 187 157 0
384 97 32 232 298 368 113 178 317 156 29 95 0
357 197 72 393 366 175 400 277 62 185 190 57 0
162 355 196 10 331 332 172 79 337 306 341 216 0
97 234 42 174 370 21 373 246 283 311 350 375 0
258 259 217 293 360 361 42 268 150 376 121 284 0
389 73 10 366 273 243 373 214 380 349 222 127 0
384 129 2 3 5 107 111 176 210 280 348 189 0
224 97 33 102 139 173 398 273 275 309 27 63 0
360 170 75 366 398 80 51 119 344 216 125 255 0
226 2 356 8 139 44 268 175 340 183 122 31 0
320 354 70 42 336 210 82 52 213 277 382 351 0
197 229 7 297 304 177 81 20 279 376 249 378 0
160 385 395 14 270 179 55 151 187 316 349 63 0
288 256 226 324 232 8 205 188 246 86 185 60 0
260 133 392 264 332 333 270 19 116 280 125 255 0
322 324 389 168 265 10 44 304 83 183 379 279 0
66 387 132 232 59 107 205 208 50 24 315 221 0
295 247 361 105 392 77 271 18 151 345 347 157 0
7 232 105 72 170 333 14 366 16 244 249 61 0
3 70 41 298 398 366 50 371 340 179 152 222 0
6 135 298 365 219 303 208 241 82 333 314 27 0
225 161 33 228 327 359 274 20 247 345 91 125 0
192 259 330 300 240 29 338 150 24 221 252 157 0
1 386 325 102 138 76 172 145 146 180 310 376 0
64 392 264 11 175 369 273 215 122 63 30 255 0
320 293 232 108 77 268 49 370 275 145 158 318 0
225 350 358 362 111 272 368 208 400 284 254 383 0
225 327 40 11 177 275 115 341 374 373 155 381 0
193 387 132 230 18 339 114 245 280 153 29 253 0
386 296 144 176 274 276 181 116 94 121 123 190 0
292 357 38 71 297 13 369 371 179 342 151 377 0
323 39 136 328 72 268 78 112 241 374 247 152 0
228 293 391 327 106 395 268 332 80 212 188 126 0
2 292 36 261 135 72 41 14 366 47 83 278 0
89 259 68 3 294 292 264 247 313 122 317 31 0
202 148 117 85 182 310 377 346 87 348 152 343 0
352 321 32 227 164 96 72 178 243 219 94 159 0
225 98 99 262 328 201 362 18 310 216 345 61 0
195 291 293 135 274 339 22 24 121 218 187 124 0
193 99 355 195 324 359 43 236 334 213 154 159 0
257 162 301 79 80 241 19 212 374 283 29 190 0
262 264 362 14 111 143 50 148 152 249 282 156 0
353 71 72 202 44 79 208 250 349 125 286 255 0
166 136 120 174 302 271 214 279 151 379 156 94 0
387 135 136 269 206 179 254 310 151 24 125 30 0
129 162 356 363 81 53 88 217 58 123 285 286 0
289 291 6 231 7 167 266 392 202 77 50 341 0
97 1 355 344 294 18 55 374 183 120 346 254 0
256 185 199 232 43 366 303 115 279 281 90 285 0
160 33 99 390 71 271 111 82 25 314 29 191 0
288 3 356 266 143 115 374 87 312 219 29 30 0
296 329 395 269 111 80 336 146 51 182 88 346 0
131 326 168 137 204 13 108 16 337 244 116 381 0
3 72 170 300 268 367 115 373 21 344 30 223 0
2 195 287 261 8 238 240 116 21 57 29 383 0
97 383 7 298 18 51 148 153 154 347 63 223 0
193 66 166 167 202 42 333 334 83 149 85 313 0
387 228 37 101 358 138 270 272 51 60 349 383 0
98 327 137 74 107 374 22 24 157 282 252 125 0
160 257 194 225 89 391 171 333 95 185 30 383 0
131 196 338 306 274 276 22 348 312 121 60 381 0
288 65 97 101 103 46 306 276 246 378 30 63 0
288 262 199 391 265 155 13 302 239 244 343 347 0
96 40 298 139 172 202 17 309 214 89 378 29 0
288 129 162 228 294 72 14 271 49 181 343 122 0
192 68 391 345 42 109 50 151 216 249 314 191 0
36 260 327 9 106 398 339 212 180 279 185 350 0
133 389 325 73 138 213 214 216 126 28 382 31 0
256 96 97 65 357 138 364 173 269 369 117 377 0
258 351 330 332 172 366 209 53 317 349 62 127 0
128 38 200 105 360 331 265 239 337 54 216 377 0
1 132 133 102 358 264 27 157 215 54 379 253 0
384 353 258 32 166 6 328 331 365 175 47 348 0
65 132 7 10 140 270 15 177 342 218 286 191 0
162 130 386 16 51 117 87 121 186 92 221 383 0
385 227 228 166 359 71 298 395 219 338 82 315 0
291 165 102 10 141 109 275 277 316 182 283 220 0
131 102 327 200 269 14 208 339 21 23 379 126 0
193 162 110 304 336 113 244 278 186 93 318 63 0
226 261 138 187 80 119 85 311 153 251 125 190 0
355 217 197 168 43 45 339 119 25 58 253 62 0
35 356 101 167 141 46 15 48 308 54 376 217 0
130 99 2 258 362 205 174 335 239 81 339 127 0
320 132 326 266 44 76 14 207 371 222 62 383 0
385 354 71 154 329 200 283 276 88 24 282 27 0
194 3 196 39 200 144 336 309 118 279 344 317 0
129 162 206 143 335 272 17 245 54 86 121 383 0
353 131 99 391 136 135 106 330 327 16 30 382 0
32 325 105 361 330 365 369 52 180 25 348 191 0
35 5 264 299 364 301 110 203 306 372 59 316 0
33 225 163 166 138 237 365 338 180 150 151 317 0
354 99 102 167 106 234 332 398 342 152 122 220 0
324 388 199 295 361 267 364 303 93 125 23 157 0
258 323 70 232 202 269 111 307 212 22 185 287 0
68 198 326 296 239 340 148 348 380 89 155 92 0
312 163 354 293 199 362 396 46 338 308 120 283 0
191 196 325 201 76 365 46 21 149 279 156 159 0
196 261 326 7 391 269 45 48 210 52 183 318 0
98 162 135 232 171 79 53 213 310 373 282 284 0
384 289 101 202 10 14 368 277 118 149 184 287 0
356 5 327 108 141 396 304 82 116 214 348 126 0
355 389 39 202 139 331 46 271 308 183 281 127 0
324 196 358 203 396 47 242 179 55 119 280 383 0
128 225 162 327 73 371 116 373 86 247 378 27 0
128 193 355 38 231 142 335 112 111 370 52 246 0
289 258 230 359 136 172 301 143 146 120 156 253 0
388 297 204 205 273 369 145 244 249 91 380 31 0
160 161 228 71 136 141 241 113 19 372 348 223 0
97 165 263 327 10 238 15 80 209 114 182 31 0
384 229 38 102 263 202 75 49 18 283 253 287 0
291 37 102 199 168 9 70 143 93 278 185 29 0
320 71 332 109 141 335 368 306 51 246 247 349 0
33 98 165 294 168 330 337 52 181 23 88 220 0
65 132 38 264 296 267 397 270 272 80 210 151 0
34 295 137 74 250 363 240 277 344 26 88 254 0
385 130 312 195 165 386 106 110 47 152 281 155 0
392 232 395 171 365 77 144 16 209 340 346 348 0
354 229 393 106 237 270 381 19 94 378 221 190 0
32 256 67 36 293 7 13 112 150 219 28 30 0
134 75 364 365 78 16 176 336 146 119 346 252 0
289 164 325 327 297 299 43 333 397 341 88 218 0
97 355 359 137 106 397 302 144 338 87 189 222 0
323 133 41 329 76 172 399 272 48 125 24 221 0
64 35 132 7 218 301 79 337 146 23 58 30 0
4 357 165 329 170 204 236 334 140 399 113 240 0
257 386 258 324 43 176 336 274 337 214 87 154 0
64 225 227 59 171 14 209 244 56 345 91 319 0
320 160 35 388 268 205 116 244 280 282 27 184 0
196 37 230 392 393 171 108 173 80 209 210 58 0
353 130 388 166 73 106 339 118 346 124 381 350 0
388 6 265 139 364 205 141 15 368 235 77 213 0
192 35 325 296 394 15 367 49 179 213 149 283 0
259 324 131 134 198 265 204 86 183 217 31 159 0
197 234 76 141 366 174 241 17 184 282 125 62 0
352 321 258 280 161 136 10 267 332 54 248 88 0
96 288 89 132 4 6 370 84 213 52 278 57 0
386 292 73 173 175 177 242 211 369 22 23 27 0
131 325 262 75 172 141 174 79 47 396 22 247 0
129 328 393 138 330 136 333 299 338 116 342 31 0
99 167 137 10 235 14 208 146 19 281 219 60 0
36 102 383 8 360 218 106 57 122 348 318 191 0
289 3 140 301 240 209 213 54 185 90 251 285 0
288 68 391 233 140 45 76 80 370 126 91 94 0
258 227 229 103 296 332 13 364 20 84 94 350 0
288 385 226 231 205 176 19 24 250 347 60 184 0
97 99 197 229 39 391 299 43 144 147 309 218 0
291 170 107 236 110 274 18 277 374 55 250 127 0
162 293 166 39 168 41 281 205 177 53 374 377 0
130 197 134 326 138 339 244 23 248 24 215 316 0
160 353 194 74 266 204 239 113 84 21 278 351 0
356 101 231 105 362 44 52 309 373 87 343 31 0
69 390 296 42 203 369 242 85 88 253 347 349 0
288 289 34 231 329 174 144 80 370 20 87 220 0
288 225 261 70 108 174 335 367 303 274 59 159 0
65 69 330 333 47 17 241 245 182 218 125 127 0
68 263 264 169 327 329 114 84 341 62 254 127 0
191 6 263 297 170 338 115 22 311 58 381 375 0
291 71 105 330 364 378 17 275 85 280 314 223 0
130 164 199 9 10 207 143 305 177 372 215 220 0
65 2 385 321 325 198 167 360 297 301 343 154 0
66 132 324 260 231 43 179 120 122 187 126 31 0
129 98 72 8 107 108 365 83 340 377 252 319 0
196 69 134 8 264 202 364 365 13 50 307 215 0
1 12 45 301 173 367 77 334 109 277 24 90 0
357 166 102 325 206 240 400 307 275 151 185 157 0
65 228 390 231 359 330 269 373 118 27 316 93 0
129 255 351 168 42 331 268 397 399 114 242 63 0
385 229 393 398 46 80 241 143 371 215 314 350 0
194 226 133 363 77 283 272 372 149 374 151 315 0
224 289 226 387 358 392 329 43 144 371 147 122 0
33 39 232 73 298 105 296 400 379 118 217 155 0
321 66 325 102 167 43 304 17 338 151 156 287 0
256 257 258 163 97 367 369 179 309 89 62 383 0
96 129 38 232 172 301 206 305 214 376 252 351 0
64 163 8 232 76 335 208 338 180 277 187 221 0
65 234 395 300 365 46 140 305 145 371 213 93 0
33 233 10 176 50 306 180 149 311 251 316 221 0
193 198 77 240 283 210 208 245 282 347 92 93 0
357 102 263 300 47 367 370 115 212 187 284 159 0
352 166 326 138 140 147 343 120 121 28 29 350 0
288 324 297 362 233 48 273 242 119 311 158 159 0
226 3 66 162 137 138 106 170 175 306 275 223 0
327 264 334 79 176 337 178 80 22 122 158 127 0
386 227 165 204 238 334 213 373 277 185 125 318 0
192 132 201 301 270 78 79 179 375 216 217 287 0
1 131 387 357 229 39 138 107 57 346 123 287 0
256 288 67 355 165 39 395 283 177 245 312 187 0
185 296 328 106 111 241 277 313 218 315 380 255 0
129 98 353 5 262 13 366 303 307 283 318 383 0
354 132 358 7 172 238 207 46 310 23 184 349 0
290 3 195 69 105 9 212 182 342 153 220 93 0
258 70 232 297 168 363 302 252 220 157 382 63 0
162 258 2 260 122 389 80 118 215 280 58 285 0
390 358 134 297 396 49 374 30 344 310 318 223 0
35 102 329 75 333 398 207 283 242 146 282 379 0
185 395 109 207 210 338 342 217 156 349 350 159 0
257 153 35 387 102 8 27 278 345 219 92 95 0
192 320 262 135 394 107 238 111 368 179 374 153 0
356 262 230 73 394 43 11 205 270 92 27 28 0
384 7 74 14 302 16 270 146 308 93 95 383 0
294 6 393 76 398 207 49 370 242 344 186 286 0
388 71 327 141 238 208 307 88 217 154 189 216 0
35 36 389 203 237 397 367 334 245 151 283 380 0
227 70 7 230 241 179 373 86 248 24 284 319 0
163 136 203 368 274 307 84 306 54 182 146 154 0
192 389 91 300 44 110 82 83 310 22 218 251 0
227 36 328 297 11 205 78 81 118 214 250 155 0
321 4 389 198 326 104 266 332 273 179 284 381 0
295 10 106 155 397 111 210 51 149 27 254 95 0
354 389 133 10 269 272 337 342 374 56 153 94 0
353 356 106 139 397 46 271 83 150 376 88 120 0
2 43 12 237 399 303 83 51 52 344 315 92 0
159 356 389 319 9 146 345 346 219 348 94 57 0
280 322 131 163 37 390 301 372 344 218 156 31 0
192 6 170 396 110 271 240 148 56 61 30 223 0
321 361 250 268 143 210 306 308 118 186 348 63 0
384 289 321 228 230 103 7 74 362 399 49 94 0
226 162 293 166 39 299 336 276 24 59 348 253 0
224 322 131 229 9 11 303 17 308 309 245 158 0
1 132 325 38 299 205 400 306 150 215 374 286 0
323 387 327 169 170 365 303 305 246 215 311 286 0
34 195 388 4 168 314 371 276 122 219 29 287 0
33 194 323 235 267 271 367 49 146 309 341 93 0
356 298 143 209 370 114 340 118 310 281 380 221 0
132 196 164 7 295 78 400 213 119 280 153 155 0
97 69 103 28 110 13 146 116 281 27 92 127 0
324 262 359 296 204 270 81 23 312 218 28 286 0
321 34 163 194 6 9 362 211 25 122 91 254 0
130 67 162 68 232 138 106 82 246 215 56 382 0
384 97 289 356 332 236 207 111 51 30 189 318 0
64 129 260 167 295 202 367 306 147 278 247 58 0
65 258 194 388 5 358 202 396 306 184 186 381 0
104 168 11 396 45 175 339 371 341 315 254 351 0
256 197 264 298 266 13 368 244 150 152 318 127 0
256 193 260 392 42 269 238 77 83 118 183 347 0
192 193 65 294 199 231 12 303 114 339 20 62 0
256 387 325 294 327 175 176 49 114 83 89 253 0
196 70 295 42 75 74 143 368 338 275 30 319 0
66 260 101 134 136 331 269 271 16 244 90 219 0
192 75 16 242 115 116 52 344 122 155 93 223 0
26 164 133 5 135 399 367 81 48 243 154 349 0
384 354 99 259 387 230 37 20 180 251 284 350 0
3 324 326 267 49 178 243 84 211 90 284 158 0
249 360 366 111 80 114 87 345 215 251 286 31 0
288 71 106 143 368 47 19 340 56 27 284 190 0
35 139 331 190 267 271 369 52 57 284 381 94 0
353 291 166 328 41 204 304 19 244 213 312 219 0
387 287 229 6 394 299 107 304 337 211 150 95 0
223 40 41 332 364 340 189 282 158 221 318 383 0
192 193 130 36 364 147 308 371 341 311 373 281 0
161 388 197 389 40 366 399 208 243 52 89 27 0
65 358 262 269 110 113 146 82 250 63 382 95 0
198 70 170 202 314 17 213 150 24 89 90 191 0
321 355 200 202 139 332 396 209 148 57 155 287 0
96 320 66 195 169 394 170 203 269 274 148 346 0
96 225 34 39 103 264 202 49 242 210 122 379 0
32 357 70 171 172 12 238 371 216 249 317 349 0
32 320 323 387 262 235 363 369 254 315 348 190 0
259 229 299 44 399 239 371 52 252 216 28 317 0
194 354 164 135 9 266 47 17 18 305 212 87 0
33 130 100 261 70 8 363 272 211 188 381 255 0
66 293 101 166 399 176 211 371 214 311 151 125 0
226 223 228 259 134 206 112 242 217 155 189 383 0
256 37 294 295 40 70 170 396 13 86 29 62 0
196 103 172 334 207 270 379 374 150 345 59 157 0
224 131 100 255 135 392 141 372 150 246 278 351 0
128 68 389 37 359 360 11 301 274 310 251 252 0
288 96 66 193 36 134 136 314 141 179 248 186 0
66 290 67 293 16 369 242 115 116 375 283 93 0
32 97 281 362 314 109 366 15 88 249 58 319 0
360 59 77 48 50 379 116 52 245 218 347 351 0
65 355 38 167 395 83 340 52 87 216 121 252 0
224 194 130 389 40 73 367 79 216 122 156 190 0
162 230 8 298 299 237 144 372 20 150 58 221 0
320 198 41 233 43 206 367 272 113 339 150 249 0
68 69 261 71 136 327 74 202 372 310 279 378 0
288 259 198 391 333 367 81 212 250 348 158 95 0
66 312 68 391 330 299 146 83 247 248 58 318 0
162 231 8 359 41 299 110 48 304 243 339 381 0
384 321 288 330 11 80 242 344 217 380 381 126 0
161 2 263 392 334 113 338 305 55 313 122 124 0
96 256 228 196 199 77 369 82 51 246 151 219 0
321 194 199 200 73 329 209 18 243 246 252 351 0
384 6 358 363 332 21 309 278 376 27 152 191 0
1 0
4 12 16 24 33 37 38 47 49 56 59 60 68 72 87 91 98 100 105 111 122 127 132 137 142 152 153 155 156 164 168 175 178 192 195 201 207 213 224 237 239 240 241 247 252 256 257 258 283 285 286 289 290 291 295 305 306 309 310 313 327 328 330 337 338 340 346 348 350 351 355 359 360 364 382 384 385 386 387 390 391 394 397 398 399 400 0
4 7 17 18 22 34 37 38 43 58 62 65 66 69 72 74 75 76 77 84 88 90 94 99 108 111 114 118 122 125 127 136 145 146 155 156 158 180 183 193 196 199 201 210 216 218 223 229 230 237 238 240 245 256 258 269 273 287 290 295 298 299 309 310 313 315 316 318 336 339 341 343 345 346 349 356 371 383 386 396 398 400 0
193 98 100 36 261 296 75 111 90 158 0
160 224 324 134 104 75 269 365 272 49 115 28 0
4 6 10 12 14 24 26 31 38 47 49 51 64 65 70 72 73 78 84 89 90 96 97 103 115 118 124 128 135 139 142 145 152 156 157 158 160 166 177 180 193 197 200 201 207 212 223 225 236 239 245 248 251 254 258 266 268 274 276 279 284 301 304 312 314 340 341 346 349 351 358 363 368 369 372 377 381 382 384 386 390 391 397 398 0
4 14 15 16 26 28 33 37 41 42 44 48 50 59 61 65 73 75 78 84 89 92 94 96 100 103 114 124 126 134 137 141 145 147 151 154 164 165 178 189 192 193 194 200 206 217 219 221 228 229 238 243 246 251 252 258 260 266 268 273 284 299 300 303 304 311 315 324 327 328 333 338 339 341 348 349 350 355 359 360 363 364 369 373 375 382 384 389 390 391 394 398 0
3 10 16 17 24 47 48 49 61 63 64 69 74 78 79 84 86 91 96 97 98 104 111 113 114 117 120 128 131 132 134 136 140 148 151 158 163 164 180 182 192 193 205 206 207 213 217 228 243 247 255 258 259 263 264 271 276 277 279 284 289 292 294 301 309 321 327 340 349 359 360 366 370 371 374 381 382 384 385 386 391 396 399 0
225 35 68 166 7 137 235 178 117 150 250 0
256 257 130 385 5 6 7 134 137 10 138 261 141 14 142 266 145 393 147 20 21 398 286 287 161 290 166 294 41 298 46 177 50 180 182 56 58 186 314 63 192 394 66 195 68 70 71 74 330 76 78 207 334 339 84 212 213 215 216 92 220 349 351 224 225 230 365 366 239 252 372 250 379 124 125 127 0
32 70 294 108 236 333 337 339 212 0
4 330 364 207 400 369 248 27 0
98 130 131 258 267 14 79 21 310 283 0
128 291 295 361 299 363 16 27 28 0
32 290 135 40 79 272 151 0
258 355 336 17 180 277 22 250 316 94 0
6 135 8 301 399 374 0
259 229 263 137 332 370 21 218 0
133 358 360 400 61 180 21 157 340 89 285 125 62 0
12 21 25 31 33 34 36 41 44 46 47 53 56 61 69 70 71 75 78 79 82 86 88 99 108 122 124 131 132 135 137 142 144 145 147 148 150 157 159 160 163 165 170 183 192 196 197 200 205 215 217 225 234 235 236 249 254 260 271 272 273 277 283 284 289 290 292 295 299 301 310 328 332 341 345 346 355 370 375 376 385 394 0
161 194 323 200 73 138 44 337 51 373 0
355 390 103 273 277 151 93 318 0
164 100 166 135 8 168 196 199 301 80 217 285 255 0
384 34 229 166 294 335 179 148 374 24 58 0
386 390 391 205 47 370 310 86 88 351 0
161 98 229 41 74 306 372 309 377 157 95 127 0
3 234 363 108 300 145 92 0
323 133 6 76 268 239 177 0
136 35 147 77 0
290 324 263 205 142 47 50 53 150 151 92 0
289 355 5 390 396 142 398 51 20 277 309 285 94 0
8 17 20 22 27 32 35 37 42 58 61 62 63 68 72 73 82 87 88 98 100 114 121 127 129 130 136 138 139 154 157 166 178 180 190 205 206 212 227 228 230 233 235 247 254 257 260 263 264 265 268 272 274 277 282 300 315 316 324 329 331 332 343 345 349 350 351 356 357 365 371 372 379 385 390 391 393 399 0
5 14 15 16 21 25 26 29 31 32 36 37 40 41 42 58 59 63 66 68 75 76 88 91 94 97 111 120 121 128 135 138 140 141 144 146 147 148 152 157 164 165 167 177 192 195 196 201 206 207 213 216 219 220 223 227 235 237 240 243 248 255 256 257 264 266 273 287 294 297 303 304 305 310 311 316 318 323 327 339 340 341 343 346 353 355 365 374 375 376 377 384 388 399 0
386 10 205 303 178 179 373 88 345 28 382 0
128 256 130 385 388 261 264 265 10 394 12 397 398 149 277 23 24 153 285 287 34 35 41 169 43 44 297 301 49 177 178 309 182 312 189 318 319 192 68 196 72 330 334 79 80 207 84 87 349 94 223 96 224 98 227 100 228 355 357 105 235 109 110 114 115 371 117 373 247 120 374 126 255 0
3 17 26 31 34 39 46 58 62 65 67 68 69 71 88 90 91 92 93 94 105 109 111 120 124 125 131 135 137 138 139 151 164 166 167 168 190 199 205 213 218 228 234 237 241 243 244 247 254 258 264 267 269 279 281 282 283 286 289 291 292 297 303 309 318 323 331 338 343 350 353 356 361 368 369 373 376 382 384 393 398 0
399 374 151 315 252 383 0
386 72 137 48 49 177 0
353 386 387 324 358 41 268 22 349 0
257 39 239 146 213 281 0
338 299 324 0
4 5 7 10 12 16 17 21 23 25 28 29 46 48 66 69 72 79 87 90 95 99 103 104 105 108 115 122 129 134 141 142 149 151 156 158 169 170 177 180 182 186 189 192 193 194 199 201 202 217 218 221 225 234 249 252 260 263 265 276 277 279 284 291 292 297 303 306 310 311 314 329 330 338 339 340 341 350 355 358 360 363 364 371 373 375 379 388 390 397 400 0
384 353 39 331 110 144 242 20 217 349 254 0
161 388 170 298 147 215 120 350 0
161 321 259 361 393 301 276 375 313 125 0
199 72 238 144 20 247 0
321 388 7 14 17 82 273 153 91 221 223 0
321 34 330 140 375 152 0
160 35 260 301 205 375 0
135 201 108 396 79 48 274 340 246 92 0
3 292 356 134 139 76 237 268 15 299 399 50 114 215 348 157 0
4 5 6 7 16 17 20 21 24 25 26 29 34 39 41 44 59 62 65 70 74 78 82 91 95 96 98 99 104 111 114 115 120 124 142 147 155 168 170 195 197 212 216 219 224 228 239 245 246 247 248 254 255 258 265 268 271 274 282 292 297 301 303 306 311 312 318 321 327 329 331 332 350 351 367 375 379 383 389 0
35 230 105 202 297 329 77 0
195 5 327 329 393 108 207 251 157 247 59 125 0
96 321 291 134 71 294 266 269 240 180 372 310 373 315 0
128 65 12 109 332 177 82 51 0
291 396 333 144 56 350 0
3 12 13 16 25 28 29 34 39 44 46 51 57 59 61 76 77 80 87 91 99 100 103 104 114 118 130 136 138 150 157 161 164 177 178 180 200 224 225 226 227 233 237 239 243 244 247 250 254 257 259 273 287 299 300 301 303 306 318 327 337 339 340 341 346 348 350 358 361 364 367 369 370 379 381 387 389 391 393 400 0
79 272 274 212 90 0
312 261 329 206 366 177 152 58 315 0
256 385 382 4 133 6 261 391 9 10 12 268 142 15 269 17 397 400 20 21 155 283 157 32 33 160 37 165 39 301 174 303 50 178 309 311 314 60 189 62 193 66 194 197 330 332 335 210 338 212 215 343 346 219 220 347 94 96 99 228 360 105 241 369 371 374 379 124 381 126 0
385 3 390 263 264 391 266 141 14 145 273 148 149 277 26 28 285 158 32 34 291 36 37 41 297 299 301 47 303 49 309 58 59 315 189 63 65 194 323 324 69 72 73 201 202 332 77 78 205 206 210 213 86 346 92 94 224 97 225 353 230 358 109 237 365 367 113 114 369 375 376 250 379 0
146 67 383 151 0
4 12 21 40 44 46 49 56 60 62 64 68 75 82 92 94 95 96 98 99 102 104 110 130 135 136 146 150 156 160 180 193 194 195 199 205 213 217 223 229 230 235 236 237 239 243 245 260 264 273 276 289 291 292 295 298 299 305 310 311 313 316 321 339 340 343 345 347 351 356 360 364 366 371 373 376 384 386 387 388 389 394 396 0
38 73 42 236 56 251 316 0
32 8 296 44 15 282 159 0
4 7 15 21 22 26 34 41 46 51 59 62 63 71 72 82 92 96 115 118 121 126 131 135 139 145 147 148 153 163 164 166 190 192 193 196 197 200 201 202 205 213 216 219 221 225 235 238 243 245 247 248 249 250 258 260 266 267 268 269 274 279 280 283 284 287 289 290 292 295 297 312 328 330 332 334 339 355 359 362 363 375 382 384 386 390 398 0
257 258 332 16 178 213 86 60 62 31 0
97 259 36 70 10 43 110 16 243 212 310 120 31 0
34 355 261 294 264 205 269 23 183 316 0
321 105 202 268 238 305 243 21 154 93 0
256 264 298 108 300 110 301 367 120 90 157 95 0
4 7 8 13 14 17 25 31 36 39 59 62 64 66 74 75 79 82 89 91 98 103 104 105 109 117 120 124 125 129 131 135 136 139 146 150 159 165 169 178 183 192 195 196 197 210 216 217 219 223 233 238 246 263 266 268 272 277 283 291 296 297 300 310 313 314 315 318 323 329 330 331 340 348 351 355 357 368 373 376 377 379 384 386 393 0
224 66 163 388 229 72 233 364 78 372 24 26 60 94 0
386 355 388 268 110 366 144 49 151 88 124 152 0
41 298 14 144 17 148 150 249 126 62 0
34 66 98 227 258 294 75 372 248 381 0
289 194 323 5 165 74 48 144 87 0
289 46 113 22 283 0
385 133 166 263 294 142 16 272 50 115 368 215 315 125 255 0
3 4 329 363 13 141 305 277 0
290 324 8 12 236 334 305 0
3 13 16 20 23 28 31 41 44 49 50 53 60 61 63 70 71 73 75 78 79 89 93 102 105 109 111 113 115 117 121 125 130 131 135 138 140 141 145 151 153 156 158 164 168 169 170 182 193 201 202 207 215 216 220 236 238 246 250 252 254 261 267 268 274 277 285 291 293 309 314 315 330 340 345 346 347 349 351 356 357 358 363 375 376 383 384 386 398 0
130 260 389 72 265 235 76 400 146 210 180 87 151 0
259 166 71 207 272 303 21 277 279 374 0
7 9 12 13 14 15 23 27 39 59 64 70 72 73 79 80 86 88 91 108 109 120 122 127 131 135 136 147 148 150 158 163 164 169 195 197 199 201 207 212 228 230 233 235 250 251 254 255 258 259 260 264 266 267 269 276 277 284 295 298 299 303 306 309 315 321 329 334 337 338 347 348 355 360 364 370 377 379 381 386 391 393 400 0
195 68 263 168 105 272 113 210 340 124 318 0
259 394 15 372 213 346 220 94 0
3 4 6 7 8 12 13 20 22 23 24 25 29 58 59 60 62 63 66 71 88 90 92 95 96 100 108 110 111 112 113 120 126 133 137 138 153 155 157 166 169 179 189 195 201 205 206 213 218 220 230 239 240 248 249 251 256 266 277 283 298 299 303 304 305 313 328 330 331 339 341 345 348 365 370 373 379 382 386 388 390 391 394 397 398 0
133 103 218 77 78 283 26 59 220 125 0
6 20 22 23 39 42 46 50 53 60 65 72 77 79 87 89 90 94 95 96 97 99 108 113 114 115 120 122 127 134 138 140 141 142 146 147 152 159 161 163 164 169 189 192 195 196 197 210 215 227 230 234 241 244 246 250 252 254 260 261 268 273 281 290 296 300 303 305 309 310 313 315 327 331 333 337 338 344 346 353 356 361 366 369 370 373 374 375 376 381 385 391 394 0
256 291 355 5 200 236 110 142 46 399 281 347 383 0
3 8 12 14 16 17 20 28 33 38 39 49 53 56 61 66 68 71 72 76 78 88 97 100 105 122 126 135 136 137 141 144 147 150 151 169 178 182 186 192 193 197 206 212 219 221 225 229 235 237 248 254 256 257 258 260 263 265 273 279 281 287 291 292 294 300 316 324 327 328 331 332 339 343 356 358 368 371 372 374 379 382 387 391 396 399 0
128 129 130 259 260 5 6 133 134 9 263 383 391 13 396 15 16 399 146 148 150 23 279 153 26 155 28 157 283 159 160 287 37 294 39 40 42 47 178 310 183 312 59 190 193 321 327 72 73 202 328 76 330 206 79 207 82 212 87 88 216 90 217 343 221 94 355 230 103 360 233 361 374 376 254 127 0
294 391 139 44 17 178 274 306 339 221 0
36 69 71 42 13 49 114 273 117 349 189 0
40 363 82 115 84 56 285 0
96 193 166 294 269 84 212 341 120 58 125 318 0
318 68 133 72 264 75 363 364 247 281 94 0
323 4 206 20 89 59 28 29 0
104 41 267 331 206 78 310 283 156 0
7 9 15 20 21 25 28 32 36 39 42 43 46 49 51 58 65 72 74 76 86 95 102 103 109 115 117 120 121 131 133 140 144 147 148 150 152 156 161 190 201 213 214 218 223 224 227 228 229 233 238 239 241 243 244 257 258 259 267 268 277 285 290 292 294 295 297 314 318 321 322 324 327 329 334 340 346 349 350 351 353 356 357 358 361 364 366 368 369 374 385 393 400 0
5 6 12 18 21 26 35 36 40 43 44 48 59 62 63 66 68 70 72 74 76 84 91 95 97 99 102 108 113 117 122 126 130 131 134 137 145 147 152 154 161 166 177 189 193 194 199 206 210 220 221 228 230 233 235 237 238 248 259 261 263 265 266 267 268 272 273 281 283 284 285 287 294 298 299 300 316 318 321 328 329 330 338 339 340 345 346 348 349 361 364 371 389 391 0
3 5 7 8 14 22 24 26 27 33 34 35 36 50 53 60 63 69 73 77 80 82 84 87 88 99 103 105 111 113 114 117 118 124 125 127 135 137 141 144 145 153 155 156 157 158 164 169 179 180 186 189 197 202 206 207 218 221 223 224 227 228 233 236 238 243 250 252 255 258 265 271 283 284 285 286 290 291 292 300 303 305 313 328 340 343 345 356 357 366 368 371 374 382 396 397 399 0
128 97 360 138 216 346 223 0
3 4 5 7 8 17 21 22 24 26 29 37 41 42 43 44 46 50 59 60 61 65 76 91 93 96 97 108 111 117 127 129 138 139 140 141 144 145 146 152 163 164 168 169 177 182 190 196 205 206 215 216 220 233 237 238 241 245 260 266 277 282 285 291 294 296 321 329 331 333 339 348 356 358 365 371 377 381 385 386 387 394 399 400 0
289 355 164 200 234 111 371 244 309 340 312 313 122 316 190 0
65 225 257 291 5 357 43 366 117 23 287 0
292 5 390 8 345 267 216 249 284 0
195 132 168 9 49 245 309 247 374 153 0
259 36 324 42 235 108 241 274 148 29 351 0
192 386 68 169 332 148 247 376 0
160 33 197 265 297 363 77 142 399 241 151 346 0
129 132 393 394 363 43 87 0
69 199 17 114 179 241 370 24 379 287 0
323 230 265 298 365 238 311 94 126 31 0
384 225 358 238 115 186 0
385 99 131 5 73 266 243 87 0
356 168 272 17 145 84 22 215 312 283 0
7 267 179 249 252 190 0
260 266 141 146 21 183 24 60 62 0
256 289 68 37 263 299 239 15 273 151 248 0
32 356 294 282 12 145 241 244 122 62 0
102 103 135 205 78 47 206 273 339 84 212 153 0
68 261 297 141 46 144 147 84 58 284 190 0
370 212 294 287 0
137 297 78 15 337 86 217 125 159 0
292 391 205 304 315 243 377 283 95 0
4 8 14 17 21 22 23 25 26 29 32 41 43 44 46 48 50 59 60 61 63 72 76 77 82 84 91 92 93 94 98 109 115 121 125 128 129 135 140 141 146 148 151 152 154 159 164 165 166 169 178 199 200 206 212 213 216 217 219 228 235 236 237 247 251 255 267 269 277 279 282 287 292 296 299 300 303 304 309 310 316 318 321 323 334 338 343 345 355 356 359 365 366 368 369 375 382 384 389 390 394 397 399 400 0
160 192 353 291 197 357 111 146 306 150 310 314 347 350 0
355 323 265 372 22 0
385 355 324 114 115 376 379 62 0
42 12 177 51 27 348 158 0
259 261 107 236 79 305 148 86 374 120 154 124 0
389 202 77 142 146 372 21 156 351 0
4 5 9 17 20 22 24 26 29 32 35 37 44 46 48 59 60 62 63 65 66 76 89 97 102 103 104 105 108 111 114 118 120 121 124 126 127 129 130 132 137 141 147 153 161 186 190 193 194 205 212 219 246 260 273 274 276 282 283 291 292 294 299 303 313 314 321 324 328 338 341 343 350 351 357 359 360 367 370 374 376 377 379 385 387 397 399 0
34 99 296 265 202 80 368 86 312 223 0
72 268 78 367 50 376 31 190 63 0
3 4 10 15 17 23 28 30 33 34 40 43 50 51 56 59 60 62 63 65 70 76 78 82 88 89 90 104 108 110 113 121 125 127 129 130 131 135 138 141 151 155 158 159 170 182 183 190 192 197 200 207 213 220 227 228 230 233 240 249 256 258 260 261 264 266 271 283 286 290 291 294 298 311 313 316 318 330 339 341 346 355 356 358 368 369 373 374 382 388 0
34 131 323 229 324 73 42 139 266 365 114 20 0
5 6 7 14 17 20 21 24 25 29 41 42 47 58 76 87 90 94 100 103 104 127 129 131 134 135 138 145 146 150 151 154 156 159 163 177 186 189 190 194 195 196 201 202 213 219 243 246 247 248 251 259 271 276 282 286 287 294 297 298 300 303 313 316 324 328 333 337 339 345 347 348 355 357 359 360 361 372 373 382 389 396 400 0
3 4 5 9 15 17 23 25 38 43 47 49 51 58 62 69 70 75 78 84 92 94 96 100 108 109 111 122 127 129 139 140 154 162 163 165 168 186 205 207 212 217 219 224 236 239 240 250 252 256 258 264 265 266 267 272 276 282 283 285 294 299 312 321 328 331 345 351 353 360 361 365 366 373 374 377 381 388 389 394 0
33 34 357 393 397 180 23 283 28 0
3 4 7 12 14 15 21 24 31 35 39 46 48 51 53 58 64 68 75 82 84 90 103 104 110 131 132 133 135 138 141 144 146 147 148 153 158 159 161 179 193 197 207 212 221 234 245 250 257 265 266 271 281 289 290 300 304 306 313 315 316 323 327 330 333 343 349 355 358 359 363 366 372 373 376 381 391 398 399 0
196 164 234 399 273 343 26 92 287 0
25 290 277 370 0
130 165 197 103 334 150 28 382 223 0
265 227 118 238 0
75 244 183 249 58 124 94 0
3 5 6 9 20 23 26 32 35 36 44 56 59 62 63 65 66 70 80 82 92 96 98 103 111 117 118 121 129 132 134 136 138 139 151 152 154 156 157 158 160 163 178 190 192 195 207 210 219 223 225 233 243 248 252 258 260 266 272 277 281 286 291 296 299 306 312 313 315 323 324 327 331 332 340 343 345 358 359 361 370 374 376 379 386 388 396 0
201 361 139 365 207 15 113 311 312 351 0
36 295 328 360 110 50 148 84 183 220 0
166 41 268 23 343 0
33 323 328 201 74 109 46 397 305 51 276 245 374 0
163 164 199 12 206 47 144 251 148 277 313 91 156 0
160 353 71 169 233 367 51 21 374 315 0
194 40 233 330 111 155 31 126 127 0
390 135 360 267 268 398 271 244 246 315 29 63 0
388 360 75 43 365 78 114 343 0
128 291 201 139 47 212 373 60 94 0
321 333 206 142 63 0
131 164 108 109 206 268 113 305 53 279 24 250 91 375 0
4 229 136 200 273 381 61 127 0
121 66 130 163 164 165 75 140 398 79 340 23 25 122 279 159 0
229 7 394 235 337 286 0
193 386 75 76 117 22 277 120 316 0
351 103 298 399 179 309 87 154 124 381 63 0
36 351 9 138 268 301 240 283 287 0
96 133 135 8 199 300 50 0
32 128 4 391 267 301 145 306 84 381 94 0
193 383 328 213 374 60 381 159 0
129 331 367 340 254 0
96 66 99 133 391 201 266 363 17 146 311 117 374 23 93 0
129 7 360 84 121 26 220 255 0
200 313 194 100 0
289 258 386 103 234 399 16 304 82 374 88 346 189 350 0
258 99 291 103 108 46 334 272 146 180 118 189 283 156 125 0
65 327 104 359 244 277 219 220 159 0
3 5 9 10 13 17 20 23 26 32 34 36 46 48 58 59 60 63 65 69 73 74 76 78 79 80 86 88 104 105 108 122 130 134 136 139 147 151 152 153 156 160 161 163 164 200 207 212 213 221 241 245 246 252 254 256 268 277 281 295 296 299 301 305 306 311 312 316 324 327 330 331 339 340 343 348 353 364 372 374 375 379 382 391 399 0
128 164 360 331 301 23 281 219 125 0
129 259 5 261 263 136 265 138 266 12 391 142 399 400 148 276 152 25 283 29 31 159 160 291 36 164 38 39 165 41 169 297 300 46 50 51 53 310 311 59 315 61 318 193 66 323 197 200 74 333 206 84 212 86 346 220 94 95 96 97 223 99 225 353 375 103 364 237 365 244 117 246 374 248 250 125 0
290 36 154 47 240 274 20 53 58 220 0
193 355 233 109 78 141 48 345 255 0
357 168 9 138 218 267 58 283 28 318 0
160 387 164 134 240 82 283 93 350 127 0
69 365 111 146 148 150 151 216 122 284 286 127 0
128 255 133 263 10 396 142 399 400 20 21 22 148 151 152 26 28 156 285 31 32 35 292 297 42 43 298 301 316 61 62 190 195 69 70 200 206 207 334 210 338 339 87 345 90 346 92 351 96 355 100 103 105 250 236 365 238 241 115 243 117 372 247 122 252 125 127 0
71 364 346 349 95 0
3 12 15 16 17 24 28 32 36 46 53 56 61 62 65 82 84 88 89 91 92 94 95 96 98 100 102 103 111 115 122 133 137 138 141 142 146 147 148 151 155 163 178 193 195 201 206 207 210 220 221 223 227 233 234 236 237 247 252 254 259 261 273 283 285 287 289 298 299 306 312 321 327 329 330 337 348 351 363 366 379 381 385 387 388 396 399 400 0
97 197 389 137 12 145 279 250 61 287 0
3 5 7 12 13 16 20 21 26 32 37 39 40 58 59 60 76 77 79 82 87 89 90 92 94 102 120 122 128 130 131 134 137 146 156 161 168 180 189 190 202 212 220 221 225 233 236 238 240 263 272 282 284 290 291 296 297 299 301 314 315 316 318 324 328 329 338 340 345 348 349 355 360 363 367 371 372 379 386 388 398 400 0
65 199 12 13 239 183 348 0
5 6 7 15 16 22 24 35 39 43 44 48 51 58 72 73 91 94 96 110 118 125 129 132 133 136 137 138 144 145 147 148 158 159 163 166 182 192 196 202 205 207 213 216 219 233 249 252 254 259 263 264 266 268 269 272 283 286 292 298 301 309 310 311 313 315 327 328 330 339 341 345 350 351 356 363 367 369 371 372 374 376 379 382 387 394 396 400 0
129 3 255 390 263 394 269 400 145 20 148 22 277 281 154 155 284 285 286 31 34 165 39 297 42 43 170 298 299 178 179 309 182 310 56 61 189 190 64 193 66 195 323 200 201 74 331 205 79 339 340 216 90 94 95 223 353 98 357 359 234 109 110 368 243 372 246 247 376 252 125 127 0
96 261 371 277 245 23 0
328 360 364 334 338 370 341 186 351 0
97 356 165 233 170 204 78 315 60 0
3 7 14 22 31 36 44 60 61 64 65 68 69 74 75 80 84 92 100 105 111 117 129 130 139 141 142 146 153 156 161 169 177 180 182 193 200 205 215 218 237 249 250 258 260 263 264 265 266 268 274 276 277 284 285 290 291 292 297 298 305 313 321 327 328 334 338 340 345 346 348 351 365 369 374 376 377 388 397 398 399 400 0
384 66 165 147 343 346 284 126 0
3 5 7 9 12 15 20 24 25 26 29 31 36 37 38 48 50 62 63 64 72 75 79 82 90 95 97 103 108 109 115 121 126 127 128 129 130 133 135 142 150 152 153 155 158 160 163 165 166 205 215 218 221 227 233 235 249 252 256 257 258 259 260 265 271 273 277 295 298 301 303 310 311 324 327 331 332 340 348 356 358 359 370 371 376 381 382 385 386 387 389 394 398 399 0
383 79 177 117 281 28 95 0
263 327 298 172 142 49 51 346 251 94 0
65 364 237 48 374 0
3 197 249 358 9 235 121 60 0
197 41 301 343 120 313 0
382 386 390 76 236 46 268 364 368 400 215 59 125 343 351 0
356 76 365 366 244 182 25 0
6 9 12 16 20 24 26 34 41 50 53 58 59 61 64 68 72 74 75 78 79 84 91 110 111 115 130 132 135 137 146 148 150 156 158 160 163 168 177 178 196 202 206 207 212 216 221 223 263 265 273 274 282 283 287 290 292 296 297 303 313 324 328 329 330 331 333 334 340 356 361 370 372 374 377 381 383 384 394 398 0
96 243 189 391 0
159 98 259 111 0
384 132 6 135 200 390 75 237 206 21 121 316 287 0
197 35 117 157 0
289 312 287 389 137 396 207 111 56 63 0
96 292 37 105 169 329 205 14 372 375 347 285 0
357 205 121 346 156 0
4 275 339 343 152 186 159 0
388 294 313 329 10 43 393 13 274 86 249 126 0
4 6 8 9 12 26 29 33 35 36 39 42 43 50 58 63 69 71 73 78 86 87 89 90 95 108 109 129 130 135 137 145 147 149 150 154 158 165 178 197 200 201 205 206 207 215 217 218 219 225 227 228 229 230 233 238 239 240 243 245 257 261 264 265 271 274 276 281 283 285 291 297 300 304 310 311 312 313 316 327 339 340 345 346 347 351 355 356 357 358 359 366 368 369 371 372 373 376 379 384 388 389 398 399 0
128 384 130 258 4 5 260 261 8 263 265 383 12 13 394 16 272 147 148 23 24 279 282 31 287 33 35 38 166 40 294 296 43 44 298 303 178 306 53 309 58 315 60 62 190 321 70 74 79 339 84 87 88 345 220 94 223 96 248 351 228 230 358 105 363 109 366 368 369 243 117 375 120 122 254 127 0
96 192 7 265 42 234 235 144 146 120 91 189 382 0
259 261 7 8 135 263 383 140 269 391 393 398 145 273 274 276 399 24 152 154 155 29 158 34 35 165 166 41 299 44 46 49 50 178 180 53 311 315 193 66 196 69 324 72 73 74 202 328 206 79 80 210 340 213 86 87 215 89 217 227 230 359 104 363 108 365 366 113 115 118 248 381 127 0
384 170 84 246 25 59 60 0
4 7 9 22 25 27 42 46 51 58 59 62 63 66 76 91 98 100 102 108 111 115 126 127 130 131 137 141 145 146 148 150 153 156 164 165 168 170 179 183 190 193 194 200 201 213 215 220 230 240 245 249 250 252 257 258 260 265 266 268 269 274 277 281 284 285 286 295 296 318 327 330 331 333 334 339 340 345 347 349 351 353 355 365 370 371 381 387 389 390 391 398 0
384 387 132 5 390 391 136 137 265 266 394 13 14 269 398 273 399 20 149 150 151 277 25 279 155 32 160 34 35 36 164 38 39 40 168 170 43 299 46 47 303 49 306 51 179 189 62 63 69 70 71 327 328 74 330 210 84 213 87 216 345 346 221 227 355 229 359 105 361 108 241 374 377 125 126 0
224 132 228 134 389 328 73 266 396 334 371 309 153 346 382 0
257 3 131 389 390 7 8 263 138 383 12 269 14 396 20 21 148 23 149 151 31 287 290 163 164 37 39 169 46 47 49 50 306 53 309 312 313 315 62 63 190 323 196 72 74 331 212 340 88 216 346 91 92 347 348 224 357 358 359 104 236 109 110 237 238 113 365 367 370 374 120 377 250 379 252 127 0
192 258 164 389 77 239 271 339 379 0
68 135 297 139 13 237 111 334 276 87 313 155 382 0
128 65 200 265 142 334 373 348 25 60 157 0
350 40 108 300 399 180 21 87 62 95 0
294 327 365 273 309 126 0
160 66 99 230 39 108 46 15 368 17 381 0
166 39 233 13 249 254 0
66 163 290 69 295 363 269 397 47 217 349 223 0
256 257 384 3 260 385 391 137 138 267 269 142 397 144 276 22 150 151 153 279 282 284 157 158 159 33 34 161 163 37 290 294 40 168 298 303 53 56 312 316 61 63 194 68 324 71 199 75 79 86 88 91 219 94 95 96 224 351 227 230 233 250 361 241 114 369 244 117 118 376 377 122 124 382 0
192 345 138 50 180 340 121 62 0
256 129 382 387 4 388 268 13 397 15 399 145 148 154 27 155 29 156 159 163 166 42 299 300 48 305 178 306 53 310 311 314 315 61 189 321 68 69 196 71 324 73 74 327 328 206 80 82 212 340 86 217 218 347 94 350 96 97 98 224 225 227 102 228 233 108 111 241 374 376 377 251 254 255 0
192 323 355 74 44 273 306 339 345 122 94 0
4 6 7 11 16 17 24 28 46 51 60 63 68 75 82 84 89 90 91 93 98 103 117 118 128 129 130 131 133 136 137 141 145 146 147 152 155 158 164 168 169 180 189 195 201 206 207 212 216 217 218 227 229 241 245 247 251 254 266 268 270 292 301 311 312 313 314 318 323 339 343 348 351 356 357 368 371 373 374 386 389 394 396 398 399 0
3 5 7 8 9 10 20 34 35 38 40 43 53 56 59 62 65 66 73 79 84 88 99 103 115 125 126 127 133 137 138 142 146 152 153 166 182 206 210 221 227 229 233 237 240 258 269 283 285 286 287 291 292 296 297 299 300 306 312 318 341 347 348 350 351 353 355 360 368 369 372 374 379 382 383 390 391 396 0
3 5 12 24 32 36 38 40 47 48 68 71 72 73 76 87 91 92 95 96 99 102 104 105 109 111 134 135 140 142 148 152 154 168 178 182 189 194 196 200 205 212 216 218 234 241 246 247 252 256 257 258 259 271 276 283 291 292 294 295 300 306 314 315 323 340 343 348 350 355 363 364 365 375 377 381 382 389 390 394 399 0
225 259 291 70 390 266 394 46 310 23 25 348 125 31 0
4 8 9 13 15 21 24 40 41 49 50 69 72 78 79 82 84 86 92 94 102 104 105 108 110 125 130 132 133 134 135 136 139 142 147 148 154 155 177 178 183 189 192 194 197 200 205 212 213 216 223 224 227 233 236 240 246 250 258 259 261 263 268 279 281 282 292 294 298 299 313 315 327 330 331 357 359 363 364 367 374 376 382 384 394 0
225 388 103 267 371 0
323 44 243 245 150 120 58 0
224 97 165 166 390 233 10 265 300 114 210 306 26 60 0
194 390 235 140 332 142 346 50 243 374 343 154 0
358 295 236 399 272 283 0
248 290 312 351 168 235 367 150 310 152 186 159 0
38 205 237 399 273 22 91 124 0
104 113 98 0
195 327 149 118 125 287 0
96 128 4 71 363 304 177 369 309 377 0
163 133 390 273 339 53 249 126 351 0
65 70 10 77 15 16 156 241 303 120 28 0
3 4 9 14 23 24 41 42 47 48 50 51 65 66 68 71 77 78 84 92 93 96 103 108 109 110 117 120 121 130 140 146 148 158 163 168 182 190 192 195 202 206 207 221 230 234 241 243 248 249 264 268 271 272 273 277 285 286 287 296 299 305 306 309 310 321 329 331 338 347 349 351 363 365 366 368 369 377 387 394 396 398 0
65 164 229 365 397 23 348 221 0
64 356 68 324 390 361 364 122 0
137 306 339 117 22 215 249 190 0
36 165 265 46 51 248 59 0
224 161 37 139 207 177 241 212 152 126 0
5 7 12 14 20 32 34 39 41 51 56 58 63 73 75 76 79 80 84 87 91 94 95 100 108 112 115 121 125 129 142 149 150 152 157 169 177 189 201 215 217 228 229 230 234 236 239 244 246 247 249 255 261 272 273 294 298 300 301 313 314 318 323 332 337 340 348 356 357 363 369 370 371 373 376 377 381 383 386 389 397 0
296 340 152 347 349 0
3 5 6 8 14 15 17 20 21 23 25 33 42 44 59 62 64 71 79 86 88 92 95 96 99 100 110 125 141 154 160 161 166 186 190 193 195 197 200 202 205 207 212 213 228 234 237 238 241 255 256 259 260 265 268 272 273 281 290 291 298 306 314 315 324 331 334 340 345 346 348 355 358 360 361 364 365 367 372 374 379 382 384 385 391 394 400 0
321 361 42 393 237 189 0
96 131 227 265 82 274 245 318 0
225 321 287 371 23 277 87 91 63 0
128 129 258 227 389 265 366 239 339 250 59 0
40 73 266 328 330 78 272 306 21 213 311 190 0
129 353 110 111 368 179 339 53 23 0
353 39 168 201 329 394 237 333 49 146 20 311 24 250 0
368 137 393 0
26 166 8 139 282 0
194 291 389 72 136 139 20 0
385 77 207 277 95 287 0
33 129 228 359 10 15 283 0
290 163 230 358 15 177 371 310 56 155 318 0
353 66 258 390 179 115 21 88 0
353 4 69 132 71 263 9 324 75 361 391 146 309 152 153 0
78 80 177 379 21 341 345 251 93 0
384 39 394 331 205 206 269 399 177 50 114 87 250 190 0
257 312 291 41 202 216 89 286 0
64 3 70 166 377 368 20 313 28 0
160 71 74 269 372 250 316 0
33 99 206 79 238 337 21 349 0
217 147 24 153 218 316 29 62 0
257 164 198 361 140 148 341 250 189 351 0
164 287 299 268 363 206 207 210 179 311 379 62 223 0
258 196 294 38 295 394 365 53 314 316 0
257 258 385 133 261 135 136 264 138 383 389 390 142 391 400 145 146 148 276 150 277 24 28 156 285 31 287 161 35 163 166 41 42 297 303 180 53 310 313 58 189 190 63 318 196 197 72 73 332 80 213 349 94 95 96 98 358 360 110 366 369 117 118 246 120 249 251 125 254 127 0
96 264 303 305 210 309 285 0
386 69 70 264 364 78 79 144 303 337 372 183 316 31 0
33 323 5 73 331 206 399 148 180 27 348 94 286 0
34 170 91 397 340 347 0
97 321 259 228 357 6 297 241 152 377 154 219 29 0
195 360 233 44 59 92 0
129 257 4 260 6 7 136 137 263 383 12 13 142 15 271 17 145 146 396 23 25 281 27 283 158 33 34 161 291 39 169 298 44 49 51 312 186 315 61 189 394 194 323 200 328 74 331 205 80 84 340 341 87 88 345 219 221 349 96 97 356 102 250 363 111 240 367 115 243 371 372 376 122 252 254 127 0
385 298 364 269 206 309 343 159 0
3 7 8 10 24 34 44 56 66 71 79 89 92 97 99 104 105 108 111 120 121 131 142 145 146 147 152 154 159 161 164 177 192 193 212 216 227 228 230 237 246 247 248 258 260 261 267 268 273 276 279 283 291 292 295 298 314 321 323 328 329 334 346 356 360 363 369 370 379 381 382 384 390 391 394 398 399 0
66 355 135 330 108 14 366 369 82 213 279 60 0
3 8 13 16 17 20 27 39 40 47 51 60 62 70 71 75 78 79 86 90 91 99 100 104 118 125 130 131 137 139 144 148 149 152 161 163 164 177 183 192 193 197 207 213 216 217 223 227 240 248 251 252 259 265 269 271 273 274 282 291 297 315 321 329 331 347 353 356 357 358 360 361 363 366 368 373 375 379 386 390 398 0
3 4 6 9 17 35 37 40 43 44 47 48 49 50 58 68 72 75 77 78 79 82 84 87 88 94 100 102 109 111 113 120 127 129 137 138 139 147 155 159 161 168 169 177 182 186 200 205 207 216 223 225 228 230 236 238 239 240 241 244 249 251 260 264 265 271 274 276 281 282 287 290 291 295 300 315 316 329 331 332 333 334 339 346 356 358 359 364 365 370 374 382 387 388 389 391 393 399 0
389 103 298 363 304 150 25 122 286 0
3 264 141 272 212 276 246 121 189 158 0
35 228 199 206 79 80 210 147 212 377 0
228 199 104 12 300 333 111 17 339 21 309 87 0
197 295 331 140 16 276 248 91 0
36 134 166 206 86 220 95 0
376 298 108 239 88 58 283 152 0
161 100 75 373 282 383 0
97 292 104 168 114 372 373 0
96 323 233 239 87 218 252 0
32 163 260 358 199 77 15 147 180 373 348 62 0
6 9 201 399 347 149 283 189 190 0
129 195 68 327 43 12 368 306 0
128 227 228 323 134 70 334 243 276 149 372 189 0
296 41 379 382 0
96 289 360 205 301 17 179 282 283 349 0
98 228 27 233 10 264 108 296 396 113 82 91 0
96 66 356 327 296 202 15 377 189 190 0
131 38 76 268 300 271 48 372 181 309 120 220 0
289 34 274 86 283 381 350 0
12 15 20 21 25 26 29 31 33 36 39 41 42 46 49 56 58 59 69 72 73 77 82 84 87 88 97 103 114 115 117 118 122 128 129 144 146 148 150 151 152 156 159 160 161 166 179 196 200 205 210 212 213 219 223 224 229 234 243 245 259 261 263 264 281 283 296 299 300 310 314 330 331 345 348 350 351 360 361 363 365 368 376 382 385 386 388 389 393 0
5 6 9 10 12 17 21 23 36 51 61 63 64 65 73 75 76 79 80 85 94 95 96 97 98 102 105 117 127 128 130 131 134 138 142 146 148 155 156 158 164 166 177 179 189 192 193 194 197 205 207 210 212 218 220 230 234 240 241 259 263 264 268 272 274 277 296 298 299 301 306 309 312 314 315 316 318 323 327 332 341 343 345 350 351 357 358 360 364 365 368 369 374 375 382 389 391 393 394 398 0
73 169 364 79 377 0
192 384 196 104 201 139 77 301 48 148 0
193 388 70 122 137 250 269 110 367 243 247 186 0
160 36 39 331 212 343 152 347 95 0
224 356 148 86 25 220 0
193 163 295 202 301 340 156 0
4 8 9 10 15 23 24 26 35 36 53 56 59 60 64 66 70 72 77 87 88 96 100 117 118 120 130 131 132 141 152 158 166 168 176 194 201 207 212 213 220 223 224 228 230 234 238 247 259 264 265 266 268 269 279 286 287 296 304 315 318 321 324 327 330 332 338 346 347 348 365 368 373 379 381 384 400 0
386 100 388 263 9 73 266 369 24 314 349 0
129 34 100 165 332 365 304 21 59 0
295 9 49 381 84 346 157 0
128 384 130 258 389 390 137 265 139 14 142 272 398 400 147 279 153 281 283 284 29 157 287 160 161 292 37 44 49 306 180 53 310 312 313 314 315 60 61 65 66 321 68 196 323 72 73 329 330 331 78 79 80 206 207 210 338 86 89 346 349 94 351 96 233 108 236 239 375 377 383 0
318 65 255 4 37 71 136 117 376 219 62 127 0
128 130 261 70 351 328 206 144 305 277 22 347 287 0
97 386 292 39 297 331 271 240 82 311 277 341 247 345 154 189 62 0
7 15 17 21 22 33 36 37 41 62 63 69 70 71 75 76 78 84 86 89 100 110 117 129 132 135 144 149 152 154 165 170 189 190 193 200 206 207 219 225 227 228 233 240 241 243 246 250 255 256 264 265 269 276 281 282 291 295 296 298 300 305 311 315 316 318 323 343 346 347 351 356 363 366 368 369 372 376 384 385 386 0
10 12 16 23 24 32 37 38 39 40 44 46 47 53 56 60 64 68 71 72 82 84 93 97 110 111 114 118 124 125 126 128 129 132 140 152 153 156 160 161 163 169 177 180 181 183 192 193 194 206 213 218 225 227 234 235 240 243 246 248 255 258 260 261 264 265 266 273 274 290 294 298 306 309 315 328 345 348 353 359 366 375 386 394 396 397 0
12 16 25 28 29 37 39 41 53 69 70 72 74 75 78 79 82 87 91 92 93 103 109 111 118 124 136 137 140 148 152 158 159 164 165 168 169 177 186 190 193 194 202 206 207 215 220 233 238 239 243 245 246 248 256 257 258 268 274 277 282 283 284 287 306 327 330 337 341 357 359 366 367 368 369 373 374 376 385 389 390 0
128 65 365 111 400 180 153 286 0
194 130 296 43 299 272 304 371 343 248 156 0
128 161 384 39 330 150 311 122 0
196 71 8 235 268 177 84 185 94 0
64 47 400 369 347 286 0
258 36 358 199 105 169 202 241 281 189 223 0
66 227 359 201 142 219 48 177 241 372 277 26 91 60 62 0
4 13 21 24 29 34 36 51 64 74 75 82 88 89 92 97 98 103 109 130 133 137 139 142 146 148 151 154 156 157 159 161 168 177 178 179 192 194 199 200 220 221 223 226 227 233 246 252 255 258 261 264 266 268 272 274 277 282 283 284 285 287 294 297 298 305 306 318 321 327 332 333 351 367 373 375 384 385 390 391 396 397 0
258 130 35 386 38 234 397 287 0
258 359 360 250 78 111 23 154 31 0
97 38 361 363 207 303 149 150 127 0
384 228 361 13 240 347 51 315 318 0
5 7 12 17 21 22 23 27 31 35 37 46 47 49 51 56 60 62 63 76 80 87 94 96 100 103 104 111 114 115 118 125 129 131 133 134 135 137 144 156 159 164 177 178 190 193 194 199 201 206 207 216 219 225 227 234 240 245 251 254 256 260 261 265 273 276 277 283 285 289 294 296 301 309 310 313 321 323 324 330 334 345 348 351 353 357 363 366 367 368 376 383 387 398 0
323 287 230 134 39 391 363 61 340 372 189 255 0
192 330 78 47 146 180 159 0
131 166 39 263 330 75 108 345 31 0
390 330 331 397 145 274 117 182 248 91 0
4 5 12 17 35 38 44 49 50 58 61 63 65 72 73 76 79 87 90 94 95 98 111 115 124 129 137 139 141 142 150 152 154 155 164 177 178 193 206 212 217 221 227 229 234 235 236 237 241 244 246 260 268 276 284 291 299 300 304 305 311 313 315 329 330 337 338 339 345 355 363 364 370 373 376 377 379 388 391 394 399 0
165 389 72 329 15 190 159 0
291 264 370 116 125 158 0
3 15 17 24 25 26 27 28 31 35 36 37 38 40 51 52 53 59 60 65 66 76 77 79 82 91 93 94 96 104 110 111 114 115 117 120 121 130 137 147 151 152 153 154 157 158 170 180 205 217 220 228 229 238 241 244 254 255 256 261 265 268 271 272 281 284 285 287 296 301 304 309 315 323 338 340 343 347 351 360 365 370 371 374 386 387 388 390 396 399 0
128 318 255 164 110 309 56 314 94 95 0
4 5 8 10 21 28 33 44 49 53 58 59 61 62 79 80 82 84 86 110 117 120 135 139 142 144 145 146 148 149 151 153 154 160 178 182 190 192 201 205 215 220 228 229 238 239 244 245 247 248 252 255 257 265 266 267 268 276 289 291 298 299 303 305 306 310 313 315 324 328 334 341 343 355 363 364 366 367 372 374 379 381 382 384 390 391 396 398 399 400 0
312 387 165 70 294 140 300 142 84 150 88 315 152 0
64 35 134 391 298 47 271 306 312 62 0
36 207 244 151 89 122 375 0
65 258 327 104 139 267 334 114 189 61 0
260 356 265 394 16 145 50 144 62 0
256 129 4 5 6 132 391 137 10 138 266 393 142 271 16 272 146 396 20 277 399 400 24 153 282 155 283 29 159 161 290 164 295 168 41 170 298 47 48 49 306 315 63 192 65 193 323 68 197 70 74 76 206 210 216 217 90 346 220 93 223 224 100 229 249 377 235 237 368 243 372 247 121 0
197 304 17 310 374 313 0
194 4 36 298 300 332 238 251 277 215 155 0
6 41 250 87 90 156 63 0
257 386 132 389 6 391 8 9 10 137 12 267 269 396 144 272 146 147 20 276 277 153 291 292 39 295 298 299 300 49 178 179 305 53 309 314 59 60 316 62 63 68 197 70 71 200 74 75 205 333 346 337 343 218 91 219 93 221 95 96 97 98 223 228 351 239 368 369 115 371 245 250 252 381 0
99 42 272 82 249 59 254 0
327 205 311 120 381 0
256 129 257 131 260 388 391 8 9 137 264 12 13 142 397 399 400 21 24 282 285 287 161 35 165 39 40 296 44 301 303 49 58 59 315 190 318 66 195 68 69 70 323 324 328 330 332 205 82 210 340 213 216 90 91 220 346 95 98 355 376 233 234 363 108 364 238 115 243 117 371 120 122 251 124 381 0
68 363 239 210 250 156 221 0
290 200 9 77 398 15 49 178 376 89 346 0
224 353 37 358 137 397 146 219 0
7 76 309 152 287 0
382 355 135 51 246 279 89 154 318 0
163 134 300 15 374 216 345 125 94 0
4 5 6 10 14 20 22 26 27 31 35 38 41 44 48 50 58 60 61 65 68 70 72 74 76 95 96 98 104 105 108 111 114 115 125 127 129 134 135 145 158 161 163 170 177 180 182 189 194 195 200 206 207 213 215 217 228 233 234 243 245 246 254 268 271 277 279 285 287 289 292 296 303 316 321 324 330 331 339 340 343 346 357 367 368 370 372 374 376 379 384 385 394 399 0
224 68 199 333 145 339 122 156 0
257 199 360 267 300 331 206 334 396 22 247 183 0
257 289 135 141 80 241 151 252 0
323 376 139 111 79 243 20 85 24 249 283 285 318 216 0
194 5 41 361 393 394 142 366 399 84 246 248 0
202 140 365 115 158 383 0
96 33 389 396 177 369 379 180 314 283 221 0
32 105 74 333 240 21 151 152 158 0
263 265 364 365 396 212 56 59 287 0
128 321 130 131 166 8 241 305 381 86 87 221 383 0
224 256 391 73 44 205 179 156 95 0
121 170 324 369 0
99 324 391 234 303 115 216 283 0
163 294 201 215 283 189 95 0
152 28 389 206 0
33 164 41 201 400 310 122 155 62 0
321 324 69 71 103 303 48 377 59 382 63 0
160 66 99 387 301 365 207 313 189 0
291 324 102 296 331 269 144 368 274 115 0
33 257 355 294 41 332 310 88 125 0
32 97 128 259 36 329 235 301 48 213 0
358 42 236 367 272 0
388 389 137 397 239 177 274 312 153 0
134 7 329 155 82 215 27 0
38 377 331 49 248 217 347 0
248 37 266 267 44 80 120 126 0
9 14 17 25 36 39 40 47 49 50 53 56 58 62 63 65 68 69 76 87 95 100 102 103 108 109 117 121 125 127 131 138 139 154 156 157 161 164 168 180 182 186 190 194 197 202 205 206 210 212 221 227 233 238 239 244 247 250 252 256 258 259 260 261 266 269 281 283 285 294 309 310 314 323 324 327 331 337 339 340 343 345 353 356 361 365 368 379 384 385 388 389 390 399 0
129 66 351 7 263 299 84 347 318 127 0
108 340 25 254 63 0
163 291 332 16 248 91 254 0
257 295 265 363 44 14 379 84 312 154 315 0
5 14 22 28 32 36 37 42 44 53 63 66 75 76 86 87 88 89 99 105 126 127 129 131 140 141 142 145 150 152 153 159 166 168 186 190 196 202 212 217 228 230 239 240 247 252 263 273 277 285 290 294 297 300 303 304 310 314 329 330 338 341 343 346 347 348 353 361 364 368 374 377 381 384 385 390 399 0
8 12 13 15 17 20 28 29 33 34 49 50 60 62 63 66 70 73 89 90 94 95 102 103 104 110 111 113 115 118 124 127 129 130 135 136 137 140 141 146 147 158 160 164 166 169 170 176 177 178 186 194 195 199 200 202 205 207 212 213 218 224 227 236 241 247 255 265 267 269 272 276 279 291 296 297 298 303 304 310 313 314 321 326 330 333 339 341 356 359 382 384 386 393 398 0
98 134 361 10 268 206 271 212 247 285 223 0
128 384 131 260 5 388 7 136 389 139 141 142 269 397 145 146 147 21 25 153 31 32 159 289 290 36 165 295 41 42 297 301 48 304 51 180 309 58 59 316 189 63 192 66 327 72 78 206 207 334 215 346 91 348 228 104 105 234 363 368 113 370 117 376 127 0
4 6 7 25 31 33 36 44 47 49 50 63 64 69 71 73 79 87 94 95 97 98 99 100 104 126 128 129 131 136 137 144 150 152 156 158 189 195 201 205 207 213 221 224 233 239 243 244 247 255 256 260 267 272 273 276 277 287 292 294 301 306 312 313 318 323 329 338 343 345 349 353 355 356 359 360 367 369 372 373 374 381 382 385 386 389 393 396 399 0
111 150 376 91 94 0
385 98 312 323 359 168 43 22 248 58 0
384 5 38 39 135 137 75 267 268 301 364 285 93 0
193 3 331 364 244 23 346 158 0
5 20 26 27 34 35 39 42 43 49 60 69 73 77 87 92 93 99 100 115 122 127 131 135 137 145 148 154 160 161 166 169 190 193 196 199 206 221 229 230 234 236 238 241 243 248 257 258 264 272 273 276 282 283 286 287 296 301 303 305 310 315 321 324 332 337 340 345 349 358 365 367 368 374 379 381 382 389 394 396 397 398 399 0
387 394 236 376 318 0
75 108 237 206 15 239 368 215 152 220 0
2 386 260 104 73 13 304 0
128 130 6 71 329 235 314 126 351 0
163 263 265 329 140 141 111 271 82 343 314 127 0
355 376 6 268 364 78 272 371 150 88 58 59 0
321 387 266 330 78 303 334 337 282 0
390 71 331 79 277 118 215 314 158 0
323 71 295 12 273 151 120 215 155 284 0
294 39 135 74 234 364 15 87 26 189 0
225 134 39 168 294 364 238 305 338 152 0
224 84 375 314 158 0
290 166 236 206 239 340 21 372 23 58 382 0
7 16 25 28 33 37 50 51 56 61 65 69 82 91 94 100 102 108 110 117 118 121 124 125 128 129 130 133 138 139 141 142 146 147 148 150 151 152 161 164 165 182 190 193 195 196 210 212 216 219 227 228 234 240 241 244 249 254 261 265 266 273 288 294 295 303 310 327 328 332 333 337 340 347 350 353 355 357 358 365 367 372 381 384 392 0
353 294 41 111 207 306 115 180 27 381 94 0
264 110 145 212 277 150 375 153 252 94 0
290 387 296 41 247 126 0
128 256 384 259 385 387 391 8 265 138 266 12 13 14 20 148 278 24 25 152 290 291 164 297 44 301 306 53 309 311 312 61 318 63 195 68 197 71 327 202 77 205 79 333 338 340 217 345 348 351 96 355 100 228 103 359 234 236 237 110 238 240 241 365 115 243 117 246 374 121 251 126 383 0
194 330 13 370 155 189 286 0
196 76 301 274 244 157 61 351 0
258 8 12 206 244 309 54 184 186 91 382 0
323 325 391 200 360 44 141 49 145 369 220 62 0
49 377 230 103 0
96 194 43 114 24 25 59 284 0
356 137 218 301 366 16 212 26 27 125 318 0
384 260 6 148 151 28 157 31 314 332 205 86 344 218 90 96 103 361 379 254 0
225 66 385 164 133 9 138 50 178 24 155 381 0
5 114 51 276 53 348 0
128 68 5 264 297 42 269 179 371 375 315 0
5 6 8 13 15 20 21 23 24 26 28 31 37 50 56 60 64 68 74 76 79 94 97 111 114 122 125 127 130 131 137 142 145 150 153 157 161 165 168 169 186 195 200 206 221 230 236 240 248 249 255 259 260 265 269 271 272 277 281 287 290 299 300 304 306 311 314 338 339 346 347 348 363 364 365 367 369 370 373 382 384 387 391 0
98 163 5 377 394 111 213 217 382 0
350 197 134 104 264 74 138 12 367 146 53 126 0
195 39 207 111 272 155 0
97 228 102 383 393 363 47 15 241 148 218 351 0
3 357 199 76 207 144 146 371 285 0
97 164 327 345 17 25 283 0
360 367 282 284 350 0
64 4 265 110 239 340 157 255 0
4 9 12 14 15 23 32 34 41 46 47 50 51 58 59 60 62 63 65 76 77 87 88 96 102 115 117 118 122 128 130 132 137 146 152 154 156 158 180 196 200 202 205 210 212 217 225 233 237 243 247 248 249 250 257 259 265 266 267 281 286 289 292 296 300 315 316 329 331 345 347 355 357 358 364 375 379 385 387 388 393 399 0
289 35 4 229 6 291 136 296 391 108 345 60 29 0
128 387 5 169 201 266 13 46 121 125 31 0
96 249 313 329 301 217 348 0
355 358 136 46 16 24 189 287 0
33 6 265 93 383 0
384 35 355 102 16 216 89 250 28 318 0
160 97 100 197 356 7 236 346 254 122 126 0
161 197 47 305 343 217 287 0
384 98 358 103 391 75 108 277 0
5 9 14 20 23 24 26 32 41 50 61 63 65 66 70 71 82 86 87 92 99 111 114 121 126 127 129 135 137 140 141 150 157 158 163 164 166 177 178 193 200 206 225 233 236 237 240 245 246 247 248 254 257 258 259 264 267 268 271 272 277 281 286 291 295 310 313 315 316 334 340 345 356 363 369 371 372 379 386 388 389 0
97 194 361 363 369 341 0
386 263 217 190 221 350 0
16 241 130 234 0
130 386 388 166 199 394 400 121 0
224 394 367 146 310 0
256 389 351 398 144 145 377 221 95 255 0
33 387 295 205 79 180 148 26 351 0
201 365 334 273 305 338 220 0
256 97 66 193 5 294 296 297 142 207 53 310 216 345 316 0
321 385 6 137 201 331 108 110 271 156 0
160 261 102 154 337 243 309 182 151 26 220 286 0
321 291 73 330 48 179 84 247 376 93 126 0
356 8 233 328 394 16 51 376 63 0
3 4 5 8 9 12 13 15 31 36 46 48 59 65 66 70 84 86 87 91 94 98 102 111 117 120 122 125 145 148 150 151 155 160 163 165 177 180 182 183 186 193 194 196 201 210 225 228 234 237 238 243 246 247 248 250 254 258 259 260 265 266 269 272 283 287 292 294 310 313 321 340 341 345 348 356 358 360 365 366 377 379 386 387 391 398 400 0
294 298 14 80 82 279 25 316 381 127 0
256 384 386 131 260 5 387 135 136 263 139 396 14 15 142 398 399 148 150 153 26 154 156 33 161 163 165 168 298 47 303 177 50 51 178 53 182 183 313 314 316 318 63 64 195 196 323 74 202 330 78 79 207 338 84 87 215 345 90 91 92 94 100 356 233 250 235 110 366 369 115 244 122 254 0
196 142 14 15 273 277 316 0
72 361 12 44 47 273 182 23 27 350 0
192 165 300 13 245 0
391 44 303 399 210 82 277 376 346 349 0
128 129 289 3 168 297 76 236 178 121 283 0
129 130 255 259 5 6 133 134 260 263 266 387 141 14 142 269 17 21 22 277 24 279 26 154 284 31 32 291 38 166 295 299 44 46 47 305 50 51 306 310 186 315 316 189 62 66 196 324 329 74 205 207 339 340 89 90 218 220 93 94 346 224 347 351 353 356 102 103 230 363 238 111 367 376 252 127 0
97 355 387 365 14 49 343 220 0
33 194 43 207 309 348 0
7 9 12 14 22 24 28 31 37 39 43 53 56 58 59 62 64 68 71 76 78 89 92 98 109 111 115 122 132 134 139 142 146 150 151 153 161 163 164 165 170 179 190 195 197 205 213 217 234 235 238 240 245 250 258 259 260 263 265 266 282 283 295 298 299 304 309 310 313 324 329 330 334 346 358 364 368 370 376 377 382 384 387 389 396 0
5 12 15 16 22 23 26 42 60 68 71 84 94 95 97 99 104 111 114 115 124 126 129 130 134 135 139 141 142 147 153 156 164 169 177 178 182 205 207 213 216 220 244 249 252 256 260 267 272 274 276 279 282 287 291 292 294 296 297 304 305 312 341 345 355 369 375 376 377 381 384 385 386 387 393 396 399 0
321 291 166 296 108 368 151 314 219 0
321 323 135 39 20 373 348 159 0
290 386 4 265 266 363 368 338 340 279 0
328 329 299 77 148 151 152 313 315 189 95 0
40 394 396 141 272 115 23 245 87 281 60 62 0
10 12 16 26 31 35 41 56 61 62 63 64 72 82 84 90 92 95 96 98 102 111 121 130 131 132 136 139 140 141 142 146 170 182 201 210 213 224 225 228 233 235 239 246 254 256 257 259 260 263 264 268 271 272 273 274 279 281 283 285 292 296 298 299 301 310 314 318 327 340 343 363 365 369 375 376 385 389 391 394 400 0
193 387 220 237 0
3 4 10 13 15 16 20 38 42 44 49 51 60 63 65 66 71 74 75 78 80 84 94 95 96 98 103 105 111 117 120 121 125 129 130 135 140 142 145 149 150 152 156 158 160 163 189 193 196 202 216 217 220 228 233 240 243 246 250 252 257 259 263 271 273 274 283 284 285 289 292 299 301 309 314 316 330 333 339 343 345 346 349 356 357 360 361 363 367 369 375 379 383 384 386 389 391 399 0
96 132 233 298 108 21 86 149 341 220 0
258 131 259 5 6 133 135 136 137 139 12 263 265 383 394 400 147 22 279 24 25 27 155 156 283 32 33 163 297 299 301 303 177 310 192 193 324 197 71 72 200 202 331 206 79 337 339 340 215 88 89 218 220 349 350 223 375 225 355 228 358 360 233 234 361 109 238 115 243 373 247 376 121 379 255 0
34 35 387 230 103 7 300 399 146 0
32 98 168 363 110 310 28 0
130 258 324 142 111 337 306 276 313 93 159 0
96 289 323 74 235 339 379 53 283 0
161 358 201 15 399 241 150 219 351 0
130 388 197 9 233 299 205 47 239 178 147 87 120 250 0
393 268 109 206 238 333 368 372 117 379 220 0
259 100 70 137 75 300 343 92 382 159 0
389 264 299 46 241 82 60 0
7 17 20 23 26 31 32 35 36 37 43 48 50 56 63 70 71 80 88 96 103 104 105 109 113 115 118 120 122 126 131 134 135 137 148 154 159 170 177 178 186 190 200 205 206 207 220 223 233 234 244 245 246 256 257 260 262 265 267 272 273 277 283 285 295 300 305 310 321 323 328 330 334 358 361 363 371 373 376 377 383 384 385 386 391 0
3 4 5 7 14 16 17 22 26 28 33 36 38 39 58 65 74 84 95 97 99 104 109 110 113 115 117 118 121 131 133 135 138 139 147 148 151 154 158 160 165 166 168 183 193 196 199 206 216 229 236 239 240 244 251 256 258 259 265 266 277 279 285 287 289 291 300 305 309 310 323 328 334 340 348 349 351 356 360 363 364 366 373 374 376 383 384 397 0
165 229 360 268 13 365 271 17 145 309 345 94 95 0
130 323 4 228 134 388 329 139 331 349 220 121 251 92 221 0
258 99 386 103 360 41 12 23 381 0
384 390 72 330 75 108 301 367 282 0
33 161 296 12 44 272 274 87 0
66 100 202 43 141 47 48 272 147 58 348 383 0
99 355 356 122 263 294 329 387 300 365 114 343 377 90 375 0
4 9 16 21 22 25 43 49 51 60 65 66 70 73 82 90 95 99 109 110 115 116 117 124 126 128 136 140 145 154 156 157 161 170 178 180 182 193 195 199 200 221 229 235 239 240 241 245 250 254 255 258 260 261 266 272 273 282 283 289 291 296 297 301 306 313 318 327 331 333 366 368 379 384 385 388 393 396 397 400 0
96 324 197 360 15 339 58 60 0
290 292 39 42 75 331 77 15 303 241 305 125 217 29 31 0
194 82 274 276 53 214 215 312 345 315 254 223 0
323 39 142 303 368 146 118 152 314 219 285 0
96 321 228 230 263 296 110 79 399 178 89 381 287 0
290 398 339 189 126 0
97 9 282 44 399 117 86 154 0
234 394 111 339 183 156 93 0
128 290 202 138 337 50 339 218 315 348 63 0
224 193 353 163 70 365 111 241 370 23 277 151 283 189 383 0
65 291 169 298 108 76 142 47 367 368 148 340 246 61 0
3 7 9 12 15 21 26 27 31 32 35 41 53 58 59 62 63 65 70 82 84 87 93 96 97 105 108 109 110 114 115 118 121 122 130 132 133 135 139 145 151 155 157 158 168 169 180 186 189 213 215 216 228 230 248 251 252 256 258 259 261 263 269 281 282 300 313 321 327 331 332 338 343 353 355 374 383 388 390 393 397 0
5 6 7 9 15 24 37 39 41 46 49 58 60 65 66 93 95 100 111 121 125 127 130 133 134 135 136 139 141 148 155 161 165 190 192 193 207 212 213 216 218 220 223 224 229 233 236 237 244 248 255 258 273 274 282 284 296 301 303 304 306 310 318 321 323 328 330 331 333 337 339 346 348 351 359 361 365 374 379 387 391 394 0
128 382 255 387 5 7 263 265 383 268 396 14 144 273 275 20 276 151 24 279 154 155 29 287 161 163 36 37 299 303 49 60 316 192 66 196 70 73 206 339 84 213 88 90 349 223 351 97 98 100 376 102 358 233 234 363 365 111 239 370 371 244 381 247 248 252 125 254 127 0
5 7 8 16 20 26 28 29 41 47 49 50 58 70 73 80 87 92 93 96 103 105 110 117 122 125 134 135 137 142 154 155 157 160 166 180 194 207 212 219 221 225 227 230 233 236 238 240 241 247 251 252 255 266 279 287 291 298 299 301 306 309 313 316 323 324 330 340 343 349 357 361 367 374 375 376 382 384 388 394 396 398 0
289 356 230 40 113 241 276 314 0
4 12 21 24 25 29 32 35 36 41 46 56 60 62 65 66 73 78 87 90 91 94 104 110 115 118 121 124 129 130 132 138 139 142 148 150 152 153 154 157 161 164 165 169 170 192 194 202 207 217 220 221 228 229 233 235 241 254 277 279 283 303 310 321 324 329 332 338 340 341 351 353 365 371 372 379 383 384 388 394 399 0
225 36 166 15 48 147 149 341 345 26 220 221 0
32 399 304 114 276 0
4 15 16 23 29 32 35 39 44 46 49 66 73 74 76 79 86 90 98 110 113 115 117 134 139 140 141 145 150 156 177 178 180 190 192 195 202 210 218 219 223 238 239 251 252 260 266 276 281 283 284 285 287 294 297 298 299 301 304 305 310 315 316 321 337 346 353 355 359 368 369 370 372 375 379 381 384 385 387 393 399 400 0
97 129 259 361 393 142 243 53 374 120 121 31 0
3 4 5 9 14 16 20 21 23 28 35 37 51 56 63 64 73 74 76 82 88 95 98 99 102 105 106 110 113 114 120 125 130 131 136 139 150 155 161 164 165 168 169 178 179 180 194 195 200 201 202 203 210 218 219 221 230 248 251 256 261 268 272 296 297 300 303 304 310 311 324 328 330 331 333 338 340 346 347 348 350 357 358 363 364 366 369 371 373 374 376 379 384 390 396 0
3 196 165 239 274 117 213 310 121 343 0
193 111 177 340 86 216 217 349 62 0
68 73 365 397 79 306 121 61 158 0
224 195 39 136 201 74 75 141 206 16 217 155 157 0
32 164 71 299 114 284 153 60 31 0
163 58 71 329 394 282 239 186 254 0
164 228 104 110 313 156 125 382 0
227 69 5 197 104 73 351 76 78 110 16 339 218 379 285 63 0
163 298 111 23 62 158 63 0
193 201 298 361 108 79 114 84 56 254 0
79 240 274 212 53 0
166 39 104 136 111 338 150 376 281 347 349 0
294 8 266 141 16 49 0
161 194 257 260 9 42 205 346 397 274 84 53 88 250 157 0
289 164 6 237 207 339 53 283 0
5 10 14 16 24 35 42 44 46 49 53 56 58 60 62 66 68 69 74 75 79 88 93 99 102 109 121 129 131 133 136 138 140 142 148 149 150 156 160 179 189 197 200 206 207 210 215 220 223 224 237 239 243 248 256 258 261 265 271 277 285 290 291 296 298 300 305 306 309 313 314 315 316 323 324 328 341 345 350 355 357 360 361 367 374 375 376 382 384 389 391 397 398 0
256 194 291 296 105 44 141 238 125 0
4 21 22 23 24 25 27 35 36 41 42 43 44 47 63 65 71 72 78 79 84 92 114 125 130 138 142 144 154 158 161 164 177 186 193 195 199 206 207 217 218 219 223 225 227 228 229 230 234 235 238 245 246 247 249 256 264 268 269 272 273 277 280 291 304 306 310 311 314 321 338 346 347 353 357 366 369 371 373 374 377 379 384 387 391 0
3 5 10 16 21 23 37 46 50 53 60 63 64 70 74 77 79 88 89 90 94 97 99 100 103 113 118 125 129 134 136 137 141 142 146 151 155 156 163 168 177 189 192 194 206 207 215 216 217 220 221 223 230 233 236 240 241 246 250 251 255 257 259 260 261 265 284 291 294 295 303 309 312 318 323 330 337 348 353 358 365 369 372 374 379 384 385 386 389 0
384 257 382 387 4 5 260 261 136 263 138 139 389 391 15 399 274 19 147 149 151 27 28 156 157 286 287 291 39 42 298 299 301 46 178 53 310 313 315 316 61 62 318 194 68 69 197 327 76 77 337 339 84 341 87 88 215 343 91 92 95 223 248 100 235 108 236 237 365 366 113 243 120 379 252 254 0
129 130 3 5 7 393 138 269 145 146 20 149 150 151 279 155 159 32 34 35 163 290 294 49 180 314 61 62 318 320 194 323 324 69 71 72 200 201 202 204 205 206 80 341 86 87 89 217 99 227 103 105 234 236 365 366 113 114 241 243 117 371 373 248 377 252 382 0
96 227 358 104 266 394 304 86 156 93 318 63 0
321 4 376 389 264 368 339 180 21 216 283 0
355 103 238 305 50 150 23 216 374 379 94 0
225 258 169 47 305 179 311 382 287 0
8 14 15 20 21 22 23 27 31 33 39 44 46 51 53 59 61 70 79 87 88 90 91 92 95 102 111 117 122 125 133 134 135 138 142 149 157 160 169 180 182 202 206 210 221 225 228 229 233 240 244 245 246 247 250 257 258 263 264 266 272 276 281 283 290 303 310 313 314 316 321 327 331 334 339 343 350 360 365 369 370 373 374 377 383 384 385 388 394 396 399 0
3 5 9 22 24 25 26 27 32 37 42 47 49 51 56 58 63 65 79 82 86 91 95 96 97 103 110 113 136 145 146 150 153 159 169 177 178 189 192 194 195 200 202 205 211 213 215 223 228 233 235 236 237 241 243 244 250 252 254 256 257 258 259 261 267 268 272 273 277 284 295 303 305 309 310 318 327 330 334 351 359 363 365 372 374 379 381 386 388 390 393 394 398 0
3 4 16 24 35 36 47 49 53 59 62 65 71 79 84 89 90 94 95 98 100 103 104 108 111 113 120 121 128 129 130 131 132 133 138 140 145 147 148 152 161 166 170 189 193 195 202 205 210 212 213 219 220 221 233 237 238 239 246 250 256 266 268 274 286 291 294 295 296 300 310 313 323 328 331 332 352 357 358 363 365 374 377 384 386 398 0
130 100 389 137 139 141 334 368 87 220 0
133 134 165 300 396 271 374 58 382 0
195 323 133 358 7 264 391 139 77 48 17 146 0
324 295 9 234 331 363 46 48 370 180 277 246 0
3 4 7 14 17 20 21 22 25 26 37 41 50 62 66 68 69 71 79 94 99 100 105 110 115 117 121 127 129 131 134 138 144 150 154 156 159 160 166 170 183 194 196 199 202 206 207 212 220 229 235 237 243 245 248 249 251 252 255 257 276 283 310 321 328 339 346 361 364 365 368 374 381 383 385 386 387 396 0
257 385 163 356 264 328 149 23 121 218 315 255 0
389 202 239 241 217 26 0
4 229 360 12 212 215 248 251 0
5 363 269 301 240 20 0
128 261 70 230 40 72 359 108 333 334 146 150 153 0
386 263 268 111 281 285 350 0
259 227 110 89 315 284 221 0
261 276 23 346 156 0
224 258 35 7 105 301 365 271 245 282 251 350 0
258 131 5 389 7 135 393 10 139 140 141 142 15 266 17 145 149 23 151 152 279 156 157 160 33 291 292 38 295 40 296 297 300 305 180 310 183 190 64 66 196 327 200 328 330 76 77 205 333 334 338 87 215 343 90 219 349 94 99 227 228 229 359 234 108 109 241 243 371 373 374 120 379 0
163 234 205 178 114 340 311 92 383 0
5 15 16 17 20 22 26 31 32 41 42 46 48 66 71 72 74 76 86 90 91 97 100 104 105 110 115 118 120 129 133 136 137 139 140 144 146 148 151 154 155 157 179 189 193 201 207 218 233 237 240 247 251 252 257 260 265 269 271 274 282 285 294 299 303 309 311 313 340 346 348 353 367 368 369 373 375 382 384 385 386 399 0
385 130 3 387 389 391 9 10 266 268 398 15 272 274 148 277 150 279 24 152 156 32 163 291 165 42 298 44 301 50 180 56 312 61 62 63 318 194 195 68 324 72 73 202 78 79 206 210 339 212 86 217 92 95 351 229 361 364 238 239 113 241 115 118 376 121 122 254 0
3 168 76 22 216 0
256 65 290 3 356 249 170 363 141 115 348 120 121 186 379 60 125 94 0
321 291 109 15 48 17 250 316 0
3 12 15 20 23 25 26 32 44 46 58 59 64 70 75 84 86 88 104 105 111 117 125 126 128 129 133 135 139 141 156 157 160 169 182 192 207 208 217 220 221 223 235 238 243 246 250 252 257 266 268 284 292 294 306 312 321 324 327 337 340 347 348 356 361 365 371 373 374 375 379 381 388 389 390 394 396 0
193 332 365 80 243 340 277 247 283 382 0
4 6 16 17 20 26 29 31 36 41 44 46 47 49 60 66 74 79 80 88 91 92 97 105 109 113 114 121 127 129 130 136 138 139 141 142 146 151 152 153 179 183 186 190 193 194 197 200 202 210 219 228 230 236 239 243 245 247 248 251 260 265 268 272 274 281 285 297 305 313 327 329 332 334 347 350 351 355 356 357 365 368 369 370 386 388 398 0
97 129 164 260 72 265 206 341 376 348 255 0
103 233 142 240 177 20 180 121 351 0
388 358 73 169 314 77 24 26 157 0
16 20 23 24 26 28 32 34 40 42 43 47 49 51 60 61 63 66 71 73 74 75 76 87 90 98 102 117 125 126 127 137 138 145 146 147 148 158 166 168 179 180 182 194 201 205 207 212 217 221 227 229 234 236 237 246 252 256 257 274 276 277 285 291 292 294 298 300 304 313 315 321 329 333 341 346 351 358 361 363 366 375 376 379 382 389 390 399 0
5 7 13 15 21 26 28 32 33 34 36 38 42 58 59 62 65 66 68 72 76 82 97 113 121 125 127 131 137 141 145 147 160 161 166 194 196 199 201 206 217 224 227 234 239 246 247 251 254 255 263 267 281 284 285 287 290 292 295 296 297 298 299 301 305 310 311 315 321 324 328 333 334 347 351 355 357 364 365 374 377 379 382 388 393 398 0
64 321 201 44 238 251 113 315 151 217 155 0
73 44 398 49 90 0
7 73 363 108 239 115 252 220 381 0
4 5 9 14 15 17 26 39 43 44 47 53 59 63 66 74 76 77 86 90 91 93 96 103 108 117 120 127 129 130 132 134 137 141 146 147 150 154 168 182 207 210 217 225 236 239 240 246 248 250 254 255 258 266 268 269 271 277 282 283 284 286 289 292 295 296 297 298 301 306 309 310 329 333 340 341 343 347 349 351 355 357 359 363 367 370 379 384 386 0
295 302 111 370 276 87 218 127 0
233 111 283 17 306 216 91 0
258 132 230 360 76 268 368 371 276 117 379 28 0
129 386 4 330 398 303 309 150 248 381 0
129 258 385 389 390 263 265 394 268 396 273 147 148 150 152 26 155 28 158 31 32 161 291 164 39 296 303 48 180 182 183 312 313 186 189 62 195 196 69 323 73 75 332 205 339 212 86 87 345 346 92 348 350 95 353 227 356 104 232 108 109 236 240 369 370 243 371 117 373 374 376 249 126 383 0
353 357 12 399 152 218 60 0
291 355 389 391 206 48 371 153 60 189 0
5 17 21 22 23 36 37 39 41 43 44 47 56 63 68 69 72 80 86 88 89 93 100 104 108 117 120 124 127 129 132 135 140 148 151 152 153 158 166 186 199 207 210 212 215 217 219 229 235 241 243 245 249 257 258 259 269 271 272 273 283 291 292 306 309 310 312 324 330 333 334 346 358 367 371 374 384 385 398 399 0
353 228 5 324 74 236 373 247 217 250 61 0
128 193 257 199 72 266 14 15 338 150 246 217 60 0
164 100 263 393 15 144 217 0
66 137 265 363 48 113 82 86 92 254 0
289 328 299 300 331 17 273 339 56 156 125 0
386 75 333 46 305 114 215 124 0
3 6 13 17 24 25 28 34 44 47 50 51 56 59 64 65 69 75 78 87 88 96 99 102 104 105 124 126 129 130 134 135 142 147 148 150 154 156 157 161 179 182 189 190 192 216 217 221 228 230 234 240 241 243 247 254 255 256 258 265 269 272 273 286 290 298 301 312 314 315 316 321 323 331 345 347 353 358 359 360 366 372 376 381 382 384 388 390 396 398 0
164 360 146 343 316 61 127 0
7 9 17 21 23 24 32 35 50 53 62 68 71 72 73 78 86 91 94 100 102 103 108 113 117 121 122 127 129 130 134 135 136 139 147 148 150 154 156 158 159 164 165 168 169 170 177 180 186 195 196 201 205 217 225 228 230 233 234 236 239 244 247 249 250 263 266 272 281 285 290 294 306 309 313 314 323 329 330 337 339 343 351 353 365 374 376 379 381 382 384 391 394 396 398 399 400 0
259 6 267 314 14 148 152 25 58 31 0
35 199 328 205 177 82 147 53 95 0
35 229 37 165 303 16 399 282 0
192 389 201 202 234 297 207 271 340 345 0
34 324 104 202 332 399 146 381 148 277 118 182 376 93 190 0
160 256 258 36 229 5 82 277 314 285 0
34 228 363 248 59 60 0
4 197 102 230 356 334 113 177 273 313 219 0
224 385 136 267 301 24 314 91 60 93 94 63 0
100 8 104 266 329 12 13 140 206 80 305 115 148 375 283 63 0
9 15 16 21 26 27 29 40 43 48 51 58 60 68 75 76 84 88 90 91 92 103 104 111 117 118 119 121 126 127 129 131 132 134 135 139 140 142 145 147 149 150 156 158 159 161 168 179 186 189 215 219 240 243 247 249 252 254 256 260 261 263 265 268 273 281 283 290 294 299 301 306 309 313 318 324 329 330 331 332 339 341 343 345 349 351 356 359 363 366 382 384 385 389 396 0
290 360 10 396 14 371 244 127 159 0
256 38 263 363 367 51 151 29 254 0
153 131 163 260 386 377 234 206 111 398 220 56 121 156 62 95 0
14 15 24 26 29 31 33 47 61 63 64 71 76 82 84 90 94 95 99 108 114 125 126 128 129 135 137 152 153 157 158 160 163 165 168 186 189 190 195 197 199 200 213 219 227 230 234 236 240 243 248 255 265 266 267 271 274 281 282 285 290 292 298 310 312 316 323 324 327 329 332 345 350 355 364 365 370 374 387 391 396 0
98 388 295 391 15 272 287 0
355 100 200 393 138 205 110 53 182 92 0
321 164 70 42 235 332 148 59 0
194 199 105 334 366 305 84 117 216 281 282 351 0
5 16 20 23 26 33 41 46 60 65 68 69 72 73 77 82 84 96 97 98 100 108 109 115 117 121 125 128 130 141 142 146 149 151 153 156 158 178 179 186 190 197 202 213 217 224 232 236 237 240 241 243 245 248 252 256 264 274 276 277 281 289 291 294 296 310 315 323 329 345 346 348 349 353 355 356 365 381 384 388 390 393 398 0
4 7 14 16 17 20 24 29 32 33 48 49 51 53 59 63 66 71 73 75 78 79 87 102 104 117 120 125 130 131 135 139 141 147 148 157 160 161 175 183 190 197 199 205 216 220 227 228 234 237 238 240 244 252 254 261 265 281 283 285 286 290 294 296 299 303 309 314 315 324 329 332 345 353 357 360 375 387 388 391 0
258 265 50 146 213 341 343 248 375 94 351 0
32 355 395 146 311 284 255 0
97 289 100 164 389 306 373 87 25 156 221 0
384 129 386 4 260 261 135 8 389 139 12 141 398 272 145 146 151 283 28 285 32 289 35 291 37 38 165 166 170 44 300 302 304 179 310 61 189 63 190 321 195 324 197 72 73 74 202 328 329 333 337 338 341 87 343 89 90 220 94 350 96 351 353 99 356 236 365 238 370 371 381 374 253 250 379 125 0
3 6 8 9 10 12 13 20 23 24 35 44 48 49 50 51 53 58 59 60 69 71 72 75 80 86 87 95 99 100 105 115 120 122 125 126 130 132 138 145 147 150 151 152 158 161 163 166 177 190 194 195 205 212 224 234 239 243 245 247 250 251 254 256 260 265 272 276 283 285 291 296 299 300 306 310 327 328 332 333 339 340 341 347 357 358 361 363 365 370 372 376 381 382 385 398 399 0
385 258 386 260 7 8 10 394 396 144 145 146 147 20 148 272 23 24 153 286 159 33 296 41 42 43 44 170 298 299 48 303 306 180 182 56 57 59 189 321 66 195 68 197 323 199 340 341 87 343 217 90 400 350 96 227 105 233 361 363 109 110 368 241 369 117 247 127 0
33 98 355 324 104 74 331 399 23 87 0
321 228 137 201 234 44 361 15 146 339 309 27 0
289 44 206 79 20 150 0
64 229 141 50 20 87 375 287 0
236 237 230 0
74 142 366 146 115 313 0
49 38 377 0
32 385 131 164 261 102 329 393 141 303 113 147 148 53 245 125 0
32 102 8 105 74 298 363 366 272 339 23 29 287 0
290 69 202 237 144 337 146 312 251 0
131 38 76 48 210 149 312 121 60 0
100 197 170 300 141 339 277 90 189 0
163 323 5 137 89 122 27 126 0
195 36 197 323 359 394 77 17 82 339 117 25 220 221 254 0
321 42 274 290 0
321 4 69 388 268 242 125 158 0
103 169 274 148 125 0
37 166 297 301 379 347 189 0
192 265 397 283 179 155 350 0
386 228 103 108 82 216 345 282 285 0
385 130 328 108 277 246 347 0
193 164 196 38 42 241 180 374 24 314 0
96 321 35 364 347 0
3 14 16 17 20 28 31 44 47 53 56 62 66 71 80 98 104 108 117 120 124 125 128 129 135 141 145 146 147 151 153 154 155 157 159 161 163 166 168 186 192 195 199 207 213 217 229 230 233 234 235 239 241 247 248 255 259 260 267 272 277 283 285 286 287 289 290 291 299 303 304 309 312 316 318 321 331 332 333 337 338 343 346 363 370 379 385 389 390 391 397 398 399 0
66 323 261 166 233 170 393 394 77 14 0
288 258 3 227 386 12 205 148 20 309 313 155 0
296 363 399 178 373 94 0
260 133 261 8 9 136 137 266 396 142 398 17 276 25 28 285 158 159 286 34 290 292 165 166 39 295 298 303 49 177 178 305 53 306 313 60 189 316 63 318 193 66 195 68 72 76 77 78 79 210 338 341 343 89 90 218 348 228 230 233 236 237 364 366 240 241 243 244 117 372 374 249 122 254 383 0
289 230 351 297 139 239 369 215 217 91 127 0
132 331 366 207 146 94 126 0
258 324 351 329 367 147 87 347 28 311 159 0
227 261 357 393 110 15 117 155 157 95 0
328 141 340 309 284 349 0
321 331 108 16 117 183 63 127 0
329 297 78 49 124 0
291 383 301 240 145 243 309 154 220 127 0
264 298 16 147 183 120 90 156 285 382 216 0
4 5 14 15 17 20 21 22 24 28 31 32 39 41 42 43 53 58 59 65 73 74 88 91 95 97 98 99 102 103 105 108 109 127 128 129 132 144 153 154 155 161 164 165 186 200 201 210 215 220 221 225 228 236 250 263 269 277 283 284 290 294 295 298 300 303 305 312 313 321 323 327 330 332 340 347 350 351 353 357 360 361 364 385 391 393 396 0
5 391 330 44 287 0
256 129 228 357 10 364 334 53 150 348 189 254 286 0
100 263 201 219 399 369 84 183 376 345 27 92 31 0
3 259 136 394 79 179 117 313 190 0
386 295 202 49 339 22 0
128 194 137 331 306 245 0
6 7 12 14 20 26 27 39 40 41 49 58 60 73 76 82 84 89 92 96 98 100 103 108 118 121 122 124 125 127 128 134 135 137 151 153 155 158 169 177 180 193 196 200 201 206 209 210 212 217 224 225 228 237 247 249 259 260 272 276 277 283 290 291 292 296 300 305 309 311 314 318 321 323 347 348 350 353 359 364 370 371 381 390 393 394 398 400 0
32 136 170 299 331 313 92 254 0
384 389 7 105 266 298 330 301 346 283 115 339 90 27 351 0
193 131 358 8 109 365 303 48 156 158 159 0
248 65 384 376 5 165 7 108 109 21 86 150 151 25 90 374 350 0
5 9 12 14 15 23 24 26 27 29 32 40 59 62 66 68 70 82 92 97 98 104 105 113 122 126 127 130 134 137 138 144 149 155 158 160 161 166 189 190 193 195 200 205 216 221 223 227 228 229 233 239 243 247 258 268 274 276 282 286 287 291 294 296 297 301 309 312 323 324 330 334 338 340 343 345 351 355 361 363 364 365 369 373 379 381 382 386 387 393 397 398 0
120 329 316 0
257 382 68 361 205 178 379 124 318 0
129 385 132 5 264 393 266 269 142 15 272 17 399 147 20 21 148 151 152 153 154 276 156 157 158 31 32 290 291 292 170 298 46 177 50 308 186 66 68 324 327 201 74 75 76 331 206 332 333 334 210 338 340 213 341 216 91 94 98 355 356 357 230 359 234 365 277 372 374 247 377 381 127 0
5 14 23 29 39 44 49 59 60 61 63 64 66 68 71 73 74 75 78 86 87 88 89 94 96 97 103 108 113 114 124 126 127 129 131 139 142 151 153 160 177 180 183 186 193 206 207 213 218 230 239 240 246 251 263 268 281 283 291 299 305 309 311 313 316 331 338 343 345 346 357 363 365 368 371 372 374 381 382 390 396 0
131 8 264 138 397 343 24 156 0
8 9 13 16 22 37 49 58 60 62 66 70 84 87 92 96 97 100 104 105 111 117 124 129 130 135 138 150 153 159 161 163 164 165 180 189 192 199 207 212 219 221 227 228 229 233 244 247 249 254 260 265 269 277 283 284 286 291 294 297 303 304 310 315 324 338 340 345 346 349 355 357 358 366 370 371 374 382 384 386 387 389 394 397 398 0
129 258 131 385 133 134 135 8 263 264 266 268 13 14 393 17 20 23 152 153 28 158 287 160 163 36 39 296 298 44 300 303 177 51 311 56 63 66 68 70 71 201 74 330 331 205 82 212 213 86 87 343 219 92 348 349 375 97 225 99 355 229 376 359 104 363 366 368 241 373 374 247 248 121 126 0
66 328 361 23 153 0
328 59 393 397 151 123 125 0
37 358 295 170 13 24 94 63 0
193 357 38 296 108 142 145 183 121 93 0
264 333 84 251 157 382 0
64 133 134 74 330 398 177 220 0
3 4 5 15 17 23 24 31 34 43 46 48 49 50 66 68 69 72 73 74 75 76 80 84 88 91 94 95 103 108 111 115 117 120 124 129 130 134 136 138 141 144 145 149 152 156 159 161 179 194 196 202 215 218 220 221 227 237 238 247 256 259 272 273 274 277 299 301 304 306 310 314 315 329 332 368 371 373 377 379 381 382 389 391 393 394 0
321 258 35 228 136 241 273 379 23 281 347 158 0
294 39 377 142 146 51 182 374 56 281 0
32 291 292 69 358 201 170 233 44 399 374 87 248 89 59 157 0
225 130 194 290 229 134 385 360 169 236 0
33 321 294 40 330 331 78 115 21 150 345 159 0
351 7 296 75 29 370 122 125 255 0
3 131 260 389 7 136 9 137 264 13 142 269 17 145 273 20 150 151 26 156 287 161 290 38 168 170 43 300 304 50 53 186 316 189 321 194 199 75 207 213 219 221 94 223 353 228 356 360 361 108 239 368 371 117 118 122 379 125 255 0
68 39 297 299 177 369 120 125 318 0
230 330 396 373 277 220 383 0
364 164 376 0
37 142 17 310 246 313 346 0
257 382 355 356 154 104 137 186 139 213 311 26 349 62 255 0
8 12 24 28 35 39 44 46 49 53 58 59 63 76 82 89 92 93 96 98 102 113 125 127 129 137 138 142 145 146 149 152 155 157 159 163 165 168 170 177 180 192 200 205 210 217 219 228 236 240 245 247 251 255 263 269 283 285 291 292 294 297 301 305 316 318 324 330 333 334 337 340 349 350 351 363 365 369 374 382 387 391 393 394 396 0
256 129 300 306 309 154 379 61 0
6 14 28 40 42 44 46 50 56 58 62 63 65 66 69 70 71 72 78 87 91 92 97 98 103 105 111 120 121 130 131 138 141 147 148 155 156 157 160 161 193 201 207 212 217 218 220 223 227 235 248 250 251 254 255 256 258 263 283 297 301 306 312 313 315 323 331 334 352 355 361 368 371 372 376 379 382 383 387 394 0
130 390 137 234 368 178 341 311 25 0
165 233 14 219 178 179 379 87 152 221 346 91 61 216 0
292 103 233 109 156 318 287 0
384 97 66 5 169 361 142 145 210 147 148 21 277 0
257 164 36 103 263 359 360 28 125 0
3 103 361 266 314 78 51 372 150 247 153 250 379 0
128 129 259 5 389 135 263 390 393 268 269 398 399 272 273 400 149 277 25 27 155 283 36 37 166 296 169 303 48 49 306 179 53 58 314 60 62 64 321 71 331 76 78 206 82 212 213 215 216 346 349 375 224 353 229 103 360 233 364 109 110 240 113 114 241 243 117 118 245 373 377 379 252 126 127 0
134 329 108 109 238 367 347 339 117 246 186 283 189 0
318 287 69 294 272 20 279 156 286 223 0
360 371 246 24 318 0
128 193 260 266 299 205 346 397 241 178 274 58 29 0
257 230 71 169 42 250 268 14 376 154 0
65 356 6 9 205 370 179 254 0
323 70 328 393 10 219 315 383 0
147 37 238 0
65 161 323 260 7 135 363 283 53 277 23 58 27 60 382 0
37 6 296 144 305 372 153 126 0
33 165 200 300 334 272 29 339 277 23 125 287 0
160 34 130 100 229 263 201 74 365 21 95 0
195 5 359 105 12 141 368 152 153 314 0
100 287 265 337 277 24 127 0
227 36 72 74 21 375 314 0
132 90 169 297 219 115 87 26 59 0
257 130 3 4 5 258 7 136 137 138 261 140 265 390 15 271 17 398 400 277 23 281 26 154 286 159 33 34 35 163 292 166 294 388 299 300 178 312 59 315 62 193 323 324 197 70 327 72 73 74 205 206 207 334 337 338 345 91 350 224 97 98 355 100 228 356 358 234 363 364 238 241 369 244 376 250 0
225 388 7 264 330 107 110 274 180 309 247 120 220 351 0
68 40 74 298 331 369 310 56 281 0
321 195 227 259 291 357 104 168 233 298 108 273 178 189 0
5 9 12 13 14 16 17 22 23 26 32 43 51 63 68 72 75 78 84 89 92 95 97 100 103 117 120 124 128 130 134 137 139 147 150 152 155 156 157 159 180 189 193 201 206 219 220 224 225 229 233 240 245 246 257 260 263 266 267 271 284 285 297 315 316 318 337 343 347 348 361 371 375 377 382 383 384 385 388 393 398 0
224 97 386 166 331 145 339 84 213 151 351 0
385 6 7 295 43 141 301 365 113 145 369 346 91 221 62 31 0
256 353 163 199 72 206 245 158 31 0
5 8 10 16 20 23 24 26 38 44 50 53 56 58 60 62 66 73 79 86 93 94 105 109 111 114 118 121 122 127 128 137 138 139 149 150 152 155 159 166 168 178 182 186 190 200 206 207 212 219 227 229 233 254 256 266 267 271 272 274 285 290 303 306 328 330 331 332 343 345 351 360 361 366 372 386 388 394 0
295 168 43 20 375 93 350 0
390 200 142 212 53 374 346 157 286 0
163 166 40 200 329 377 77 142 50 217 26 189 190 0
5 15 17 24 26 29 32 35 38 49 54 56 59 60 61 66 72 74 75 79 82 103 104 109 110 121 124 125 128 131 141 150 152 156 163 164 166 169 180 182 190 201 205 212 224 234 235 240 244 247 256 260 264 265 268 271 287 289 299 306 311 313 318 324 330 337 346 348 349 356 358 366 367 369 373 374 375 377 379 384 391 398 0
321 100 197 376 241 82 179 151 88 348 254 0
289 3 260 71 80 148 24 26 0
258 36 39 327 393 74 366 339 244 149 345 26 28 0
192 195 291 327 296 361 42 279 58 283 254 95 0
160 122 137 77 118 26 94 0
300 364 206 46 15 153 0
36 358 103 397 53 310 152 252 0
103 391 76 210 339 22 126 0
356 332 241 313 351 0
97 129 130 195 296 108 142 398 276 93 0
5 6 13 21 29 34 35 37 40 50 56 61 64 71 72 76 91 92 99 108 114 120 122 135 137 141 142 145 146 151 152 153 154 161 166 173 189 190 192 205 213 218 219 227 229 230 234 239 240 250 251 258 260 266 269 273 277 285 286 296 313 315 327 331 332 338 340 343 345 346 353 358 368 371 373 379 384 385 389 396 398 0
130 194 100 7 142 207 23 0
193 36 69 394 12 79 114 341 118 287 0
132 389 14 340 154 91 287 0
6 12 13 15 22 24 32 34 36 40 41 44 48 53 60 72 73 79 84 86 90 97 111 114 122 128 129 135 141 146 147 149 155 156 157 163 165 177 178 197 200 202 205 228 233 238 239 241 243 245 248 259 264 265 269 277 282 285 287 291 294 296 297 298 300 304 309 314 321 324 330 338 341 365 374 375 379 385 394 398 399 0
32 130 72 268 364 334 241 117 21 0
128 99 133 39 298 44 76 279 207 272 183 376 346 60 375 0
8 12 14 17 22 23 28 31 36 40 41 49 51 58 59 66 69 70 72 76 79 80 82 88 89 91 96 98 103 104 115 120 132 137 138 145 147 150 151 159 177 179 201 206 207 212 215 224 229 233 239 246 254 259 268 283 284 299 304 309 310 316 327 328 332 333 340 343 350 355 358 361 367 374 377 379 382 383 384 0
2 7 9 14 20 22 23 28 31 32 35 38 39 40 44 46 47 51 53 56 58 59 61 62 65 66 74 75 86 90 91 93 104 105 115 117 120 134 136 138 139 140 158 163 166 177 197 201 202 206 210 217 219 227 228 230 244 248 252 255 260 265 269 272 276 281 286 296 299 306 314 321 329 337 339 349 351 353 356 360 363 369 372 374 382 383 385 388 389 398 400 0
353 3 4 5 122 71 39 229 356 357 399 306 88 121 90 189 0
33 193 227 200 137 12 368 216 379 0
7 10 14 15 20 21 23 28 35 36 37 38 48 50 63 66 68 73 76 82 97 100 102 103 104 105 109 115 117 122 131 133 135 137 139 145 146 150 153 161 177 180 200 202 206 213 219 220 221 235 243 244 245 248 250 251 258 263 264 266 269 271 274 276 277 290 291 292 298 300 301 304 306 309 312 316 318 328 337 339 360 369 371 373 375 376 377 388 390 394 396 398 0
98 131 264 53 26 0
258 104 361 365 23 149 22 183 212 276 252 0
384 292 136 264 239 337 375 376 27 382 0
66 195 249 391 139 142 398 400 146 25 0
32 225 258 71 8 199 42 238 239 113 273 244 53 182 309 340 90 0
161 35 4 36 197 206 114 341 219 189 0
292 197 103 332 205 142 237 370 250 62 0
65 129 138 300 239 371 153 347 156 0
4 8 12 13 15 26 29 32 35 39 41 49 53 65 73 77 80 82 84 87 89 90 96 98 99 108 118 128 130 131 137 139 140 141 142 151 156 157 170 182 197 212 220 221 224 225 230 233 237 238 240 249 256 259 267 271 272 283 286 290 294 295 301 304 309 313 315 321 323 340 347 359 360 361 363 366 371 381 383 388 0
256 100 104 266 142 240 274 147 60 159 0
66 4 36 104 330 333 373 58 91 63 0
131 134 56 186 124 0
5 15 16 17 32 47 48 51 56 70 75 76 78 82 94 96 105 108 110 121 122 126 134 137 139 140 153 163 169 178 179 182 183 190 192 194 195 198 200 205 215 217 219 220 221 224 228 229 233 234 238 245 248 250 256 257 266 273 279 287 290 291 300 309 330 331 333 339 355 356 358 359 373 376 377 382 384 391 394 396 400 0
263 169 73 139 218 237 331 399 309 122 0
4 14 17 26 31 35 37 38 40 58 64 65 68 69 76 78 80 82 91 92 94 99 108 111 124 126 128 131 135 138 141 144 145 147 151 156 159 161 163 164 168 177 178 182 195 196 201 205 212 220 222 229 235 247 249 273 282 285 287 291 294 297 305 306 323 324 337 339 340 348 349 359 361 365 370 374 375 381 382 383 384 394 0
256 227 387 357 394 337 20 313 58 0
385 104 105 238 303 146 148 375 250 315 382 63 0
96 136 238 15 50 277 90 0
39 43 79 339 276 247 221 0
3 6 8 14 15 16 17 24 25 26 29 39 41 46 48 50 53 59 65 69 76 88 91 93 95 97 98 99 109 111 115 117 126 128 130 131 132 134 135 138 139 141 142 147 149 152 158 166 169 186 189 192 201 206 207 218 220 221 229 234 239 247 254 255 264 269 273 277 287 299 300 306 309 315 316 324 327 341 343 345 346 348 356 370 376 389 390 398 400 0
129 263 200 14 398 148 59 157 0
130 164 5 136 297 330 361 363 244 125 310 59 61 0
258 41 10 234 394 46 338 115 309 375 91 157 0
225 228 268 332 212 23 183 31 0
385 355 100 166 39 373 88 249 283 286 351 0
389 135 40 331 212 277 373 126 0
4 10 15 20 21 22 27 32 33 40 41 42 46 48 50 56 62 63 88 91 92 94 105 124 125 126 129 130 134 140 145 148 153 156 164 165 166 170 194 195 199 201 212 215 219 228 233 248 254 258 260 261 265 269 273 286 298 300 306 309 313 318 321 323 340 341 343 346 350 356 361 365 382 386 387 391 393 396 399 400 0
297 76 364 334 241 86 310 90 343 0
259 7 296 233 361 364 339 212 28 0
355 6 316 158 351 0
129 130 258 259 390 137 299 268 46 334 304 153 254 0
32 258 249 135 136 273 252 121 156 0
258 334 79 179 180 126 159 0
3 6 7 9 14 15 16 17 23 29 36 48 50 53 65 78 87 94 98 103 104 110 120 122 129 130 133 136 139 140 142 144 150 151 163 164 166 180 192 200 206 215 216 221 224 225 230 237 243 246 259 263 265 268 273 281 282 287 298 300 304 310 313 316 323 329 330 338 343 345 351 358 361 370 373 375 387 388 391 394 0
32 194 258 386 9 73 139 273 87 186 158 0
160 33 192 163 193 321 388 330 306 150 88 125 0
225 321 99 100 201 396 78 80 152 153 0
192 98 3 136 361 138 239 115 23 63 0
3 5 6 8 10 16 17 23 36 38 39 40 44 48 59 60 65 70 84 86 88 97 98 110 113 114 125 126 134 137 138 147 155 158 159 177 190 213 216 217 220 224 230 234 236 238 243 244 254 255 259 260 263 266 272 274 276 290 294 297 303 305 311 313 314 315 318 321 324 328 330 340 341 345 351 355 365 366 367 368 373 378 383 386 396 0
35 135 329 266 139 301 334 239 370 345 285 62 63 0
129 230 84 53 212 184 153 154 348 0
321 324 351 391 277 87 247 314 63 0
260 297 332 46 271 366 152 313 90 219 95 0
5 7 12 21 25 27 28 29 39 42 45 48 65 66 68 72 73 75 84 87 88 89 99 104 108 109 110 114 118 122 126 128 131 155 158 160 161 163 164 169 183 189 190 201 202 206 220 235 239 240 244 246 247 250 260 263 287 290 291 294 295 296 300 303 304 305 312 318 323 327 328 333 337 345 358 359 374 379 381 382 387 388 390 394 398 399 0
164 136 234 369 146 243 370 120 125 127 0
7 14 25 29 32 37 38 41 44 46 51 56 62 68 89 93 96 108 109 110 113 121 124 128 129 131 137 140 145 146 150 151 152 157 177 183 189 197 201 205 212 216 219 220 221 228 237 241 244 248 250 258 265 267 269 273 276 279 284 290 291 298 299 300 313 315 324 329 332 334 337 339 343 346 357 358 359 361 364 369 371 372 379 381 382 384 386 387 391 398 399 400 0
7 8 9 13 14 15 17 35 41 53 65 66 69 74 79 80 84 86 91 93 95 98 100 105 108 111 118 121 125 126 130 137 138 141 146 147 150 151 155 156 158 160 163 186 206 207 212 219 223 230 237 238 239 240 247 252 254 257 258 260 266 268 273 274 277 289 291 299 300 309 311 321 324 328 330 334 343 348 351 356 357 363 368 372 376 384 385 387 388 391 396 0
291 132 327 266 267 108 14 370 51 179 377 351 0
96 104 233 170 299 12 237 238 394 272 396 24 346 127 0
386 100 234 15 315 243 341 215 218 59 0
324 377 299 365 397 53 150 313 93 0
169 12 46 306 182 279 58 315 0
32 197 359 393 267 14 371 276 183 0
128 257 258 3 388 390 136 137 10 393 12 13 269 271 16 145 146 397 20 276 279 152 25 27 156 29 158 284 285 286 290 164 294 295 41 48 306 182 183 58 314 66 195 323 69 70 200 328 329 75 331 205 78 333 213 215 217 90 91 345 221 356 229 235 108 236 238 364 366 368 115 121 250 125 0
193 134 39 199 263 15 347 180 87 120 153 247 0
3 7 9 13 14 17 21 23 24 25 26 32 39 41 42 50 51 60 66 71 73 79 84 87 88 89 94 99 103 104 105 124 127 129 132 133 135 138 142 147 156 163 180 183 190 194 195 197 202 205 213 217 219 221 223 228 229 230 233 243 249 257 259 263 268 269 272 273 276 279 283 287 290 294 295 296 299 300 303 306 310 318 328 330 332 333 334 337 340 343 356 371 376 386 393 396 400 0
225 71 8 105 366 244 376 121 90 125 0
3 12 14 15 21 25 26 27 29 31 32 34 35 40 44 45 66 70 72 74 92 102 105 115 117 128 129 131 134 135 142 146 150 151 154 156 158 164 168 177 192 196 213 216 217 220 237 239 247 251 252 257 258 263 266 273 274 277 284 291 298 309 310 316 318 328 329 331 333 337 343 347 357 359 363 365 366 372 385 386 387 389 390 393 398 399 0
230 305 118 24 121 0
384 225 68 260 134 356 243 382 0
164 72 10 303 276 375 312 59 0
294 273 338 117 118 279 383 0
161 321 291 265 78 206 114 149 22 281 124 93 0
14 16 20 21 22 23 24 31 35 36 43 47 48 59 68 69 71 72 73 76 78 82 92 94 96 97 111 115 117 118 122 125 134 140 146 147 148 149 150 151 156 157 160 177 180 189 190 205 206 212 213 225 228 230 237 239 247 252 258 260 266 267 273 277 289 291 292 294 297 321 323 330 333 334 339 340 343 355 361 372 376 388 389 390 391 398 400 0
3 4 10 20 24 39 42 49 53 60 61 65 68 70 71 74 82 87 89 90 91 97 114 115 121 126 127 129 131 138 139 140 147 169 170 177 179 180 182 202 205 206 215 224 227 228 230 236 244 247 248 255 256 261 271 283 292 294 295 297 301 311 312 313 314 315 324 330 331 340 345 347 353 356 358 361 364 365 368 369 376 383 386 394 396 397 400 0
37 103 233 43 331 142 277 216 281 95 0
66 234 46 114 146 84 23 219 126 0
384 228 7 264 365 14 379 341 347 158 0
265 239 23 276 182 247 87 0
65 258 361 170 346 303 274 252 245 88 58 92 0
135 42 49 50 89 254 127 0
130 258 259 260 261 382 8 265 266 386 12 140 141 15 396 149 23 24 26 154 282 387 32 291 292 294 389 168 297 299 46 47 50 183 59 61 189 318 192 66 194 68 197 323 328 73 75 331 77 205 207 210 343 217 219 224 355 228 103 104 233 377 370 372 373 247 249 251 252 254 383 0
291 4 293 268 365 48 337 252 0
5 6 14 24 27 28 32 34 46 51 62 63 70 77 87 89 95 96 97 99 100 104 108 121 130 140 141 148 150 154 155 156 166 169 170 183 189 193 194 200 205 212 218 240 244 246 247 248 258 260 265 267 274 276 281 285 287 292 294 295 296 298 300 301 303 306 310 312 314 318 324 327 328 330 332 338 339 348 353 360 363 368 372 377 384 385 389 395 0
294 234 363 44 332 306 247 153 0
129 259 319 71 202 298 109 28 63 0
32 358 39 169 329 394 49 20 25 252 0
64 131 5 205 399 80 338 219 348 29 127 0
65 294 296 201 315 31 0
131 100 36 102 71 142 337 221 0
129 193 257 358 201 233 394 205 142 46 207 399 276 374 348 0
163 164 388 327 391 399 240 154 127 223 0
73 266 141 134 0
69 168 363 205 145 276 0
193 289 323 327 109 207 368 243 213 309 183 58 381 62 375 0
7 9 14 31 35 36 39 47 58 60 61 64 65 66 69 72 73 75 76 82 84 86 91 92 94 95 97 102 118 128 130 136 141 145 146 147 161 163 164 166 177 178 189 192 200 202 210 215 217 219 224 228 230 233 236 238 243 245 250 254 256 258 259 260 263 265 274 277 281 286 294 303 310 313 316 323 324 334 348 374 379 391 396 398 399 400 0
5 7 13 21 24 26 38 42 44 63 68 70 74 84 89 91 92 93 94 95 104 105 122 135 137 140 144 148 149 164 192 197 199 202 206 216 224 230 235 237 241 243 245 246 249 254 257 263 264 266 276 279 282 285 294 295 298 299 307 311 314 316 323 324 331 332 337 338 340 346 361 367 368 370 371 376 381 382 385 387 388 390 0
355 103 361 115 212 23 0
32 332 210 147 148 243 347 370 27 381 0
100 39 135 73 75 44 139 241 220 22 348 121 346 156 0
321 98 291 134 240 177 51 22 248 249 314 62 0
386 3 131 5 387 389 390 137 10 138 139 394 14 17 145 146 21 149 23 152 26 27 284 287 32 161 164 38 168 42 300 303 49 306 309 310 183 313 316 61 189 66 72 73 76 205 333 338 212 95 225 99 100 227 228 103 229 105 361 235 239 240 115 243 117 118 371 254 383 0
161 291 103 71 201 296 331 12 13 212 120 188 189 0
32 99 324 358 17 82 313 346 0
353 227 297 14 310 279 346 348 189 0
386 73 313 346 157 0
160 66 259 229 205 304 21 23 0
197 199 73 74 142 49 115 0
257 263 266 12 240 218 95 0
99 36 133 163 71 27 361 393 77 16 80 53 216 249 59 93 0
257 217 104 328 397 14 15 274 341 153 251 0
6 8 9 14 16 22 26 28 34 49 62 71 74 78 79 87 88 90 92 93 94 108 110 113 117 121 125 128 133 134 135 140 141 142 145 154 156 161 170 178 189 192 193 200 212 213 224 228 236 238 249 254 259 263 267 269 273 276 279 283 284 286 289 291 296 303 310 315 316 323 343 345 351 360 363 371 372 376 386 388 391 393 396 397 400 0
257 197 330 12 207 367 177 337 212 21 246 247 153 283 63 0
4 294 13 334 366 0
257 108 69 0
353 163 330 299 398 379 28 0
12 271 15 212 247 281 0
99 131 168 9 200 118 86 346 221 382 0
129 66 257 376 294 393 78 84 24 92 0
227 75 346 17 53 313 90 0
321 296 394 363 301 24 379 0
160 193 291 387 331 111 117 183 186 60 254 0
4 5 7 13 14 16 20 21 23 29 31 33 38 41 42 43 50 51 53 56 59 60 61 62 69 73 77 79 86 90 91 92 115 117 121 122 130 134 137 140 142 146 148 149 157 159 165 170 178 180 182 202 205 206 207 210 213 223 236 238 257 258 259 260 273 281 285 286 287 297 298 301 303 315 316 318 321 327 330 331 338 350 358 365 371 379 381 383 384 386 390 391 394 397 398 0
10 14 17 23 34 38 41 44 50 53 59 60 61 63 65 68 77 82 87 90 91 94 96 97 100 103 105 120 125 127 134 147 148 149 152 156 157 160 161 163 165 177 180 192 193 195 200 202 216 220 223 233 234 235 243 250 251 254 268 273 274 282 285 289 291 292 300 305 306 313 328 332 341 345 347 363 369 374 388 390 0
389 327 169 394 274 20 341 372 373 0
96 41 105 268 141 148 21 182 281 221 255 0
196 207 144 272 115 372 0
4 230 8 41 361 114 121 0
195 292 41 145 243 244 28 287 0
193 68 142 207 178 50 340 379 61 0
12 15 17 20 34 39 44 46 49 56 59 68 74 75 77 87 90 91 92 108 109 110 111 114 120 122 126 131 137 138 141 144 149 160 163 169 178 182 183 189 196 200 201 212 213 215 217 220 223 227 230 239 240 245 246 248 258 263 264 268 274 282 287 292 295 296 297 298 300 303 305 311 315 316 321 323 350 356 357 362 364 373 374 375 376 386 393 398 0
291 197 40 73 75 346 223 0
230 78 148 340 373 249 315 0
98 323 197 230 234 141 14 333 215 0
129 134 6 358 76 47 303 178 180 309 372 255 0
24 27 32 35 38 41 46 48 53 56 68 69 70 73 76 79 80 87 88 97 104 109 113 128 129 136 140 142 146 150 151 152 159 160 168 177 178 179 189 193 195 199 207 215 217 219 221 223 234 241 245 248 249 254 255 261 268 273 274 283 285 305 306 316 321 324 329 331 334 341 348 355 356 357 358 364 370 372 373 374 376 377 381 385 387 388 391 394 397 399 0
199 361 334 306 124 0
324 166 206 110 114 23 377 283 0
193 66 359 264 328 44 240 272 310 183 24 0
201 329 306 23 249 91 29 0
5 6 7 8 25 36 39 50 59 60 61 62 65 66 72 73 75 80 82 93 94 96 97 98 115 117 118 120 121 122 126 135 142 155 156 163 165 166 169 178 182 186 189 190 192 205 207 219 223 224 230 239 245 252 258 259 261 269 277 284 285 287 299 303 309 310 311 314 315 321 323 330 341 348 356 357 363 365 369 370 373 379 382 388 389 390 391 394 397 398 0
129 255 260 5 6 263 136 266 139 394 14 398 145 146 147 148 273 23 279 26 283 158 31 32 292 166 294 40 295 49 50 177 178 309 58 59 186 316 62 63 321 323 68 197 72 328 75 332 77 205 334 340 213 87 343 345 351 353 355 102 363 364 109 367 369 114 115 370 118 377 250 127 0
192 129 72 104 50 147 215 345 62 95 0
192 258 266 299 394 141 333 113 373 122 60 0
10 12 13 15 22 26 31 32 35 40 42 47 51 59 61 66 69 70 71 73 76 79 82 97 99 105 108 111 114 115 117 120 127 137 147 151 154 158 159 168 178 194 197 207 212 223 229 230 238 245 251 254 257 260 273 281 294 296 305 306 309 311 328 330 331 338 346 347 360 369 370 371 381 383 391 394 398 0
228 357 137 141 309 315 0
64 201 77 14 312 346 318 0
3 12 22 26 36 39 44 53 56 58 59 60 62 64 65 78 80 86 93 95 96 99 100 108 109 111 114 115 117 121 122 131 138 139 148 153 164 166 177 189 192 196 200 208 213 216 221 224 225 229 234 246 250 252 256 259 268 273 282 285 289 296 297 300 301 309 310 318 323 328 329 332 339 351 354 363 364 365 366 374 375 376 379 385 388 389 393 400 0
99 358 264 330 268 372 151 0
259 103 233 394 108 272 369 285 61 0
224 385 356 170 210 51 254 0
321 38 72 104 333 17 51 371 25 122 379 62 0
64 128 245 310 24 287 0
227 259 229 40 104 361 365 212 22 87 316 0
35 324 6 297 74 110 115 180 122 189 0
320 323 37 71 8 79 207 114 343 0
292 105 333 398 371 213 21 25 318 0
129 133 230 201 74 202 78 238 115 276 373 0
166 72 14 399 346 27 95 0
163 287 276 277 341 376 315 189 158 255 0
121 26 69 343 0
224 385 169 393 400 306 340 26 219 124 0
33 163 263 393 394 79 144 113 213 343 88 379 0
384 353 34 126 165 328 205 14 26 155 285 94 0
258 361 88 153 221 31 0
325 230 190 142 334 400 82 216 94 28 285 126 0
97 130 385 72 142 206 145 178 87 0
100 340 206 263 0
64 160 195 228 291 292 329 42 377 14 50 310 89 284 221 318 0
386 196 263 361 74 269 49 53 86 309 24 381 0
4 5 260 300 14 111 50 114 346 0
34 99 100 66 166 259 323 391 84 276 349 0
260 5 324 360 399 400 115 180 376 346 0
321 292 327 41 346 400 309 122 318 95 0
163 393 267 237 367 0
128 248 289 36 168 41 105 234 76 108 178 120 60 0
64 289 70 393 77 110 365 400 282 221 0
9 12 13 16 23 24 29 31 36 40 46 56 59 61 69 87 90 95 97 98 103 113 115 117 122 124 147 153 156 164 166 177 178 182 194 197 199 218 220 224 227 228 230 235 236 246 252 254 255 265 266 267 268 277 279 283 290 296 297 299 301 304 306 314 324 338 339 346 351 355 357 361 363 366 374 376 384 385 399 0
321 68 145 379 28 255 0
161 385 7 8 72 298 365 272 183 88 153 287 0
68 38 365 367 178 372 24 121 0
3 6 12 15 16 31 33 34 35 39 44 46 49 50 58 60 63 64 68 69 74 78 88 100 102 108 109 115 131 137 142 150 157 158 164 165 168 170 177 183 190 199 202 207 210 212 217 219 220 221 224 240 243 252 257 263 269 281 294 295 298 299 300 315 316 324 329 330 331 332 333 334 339 340 343 357 366 369 372 375 376 384 385 396 0
128 353 385 358 75 268 367 381 0
131 36 218 269 79 15 338 20 90 0
3 5 16 21 22 23 25 29 37 46 48 49 58 60 63 66 68 70 74 78 82 92 93 94 95 96 98 100 102 109 111 114 115 117 121 126 141 142 147 148 149 152 155 161 163 168 170 177 178 194 196 206 216 221 224 235 237 246 249 251 257 260 263 265 271 273 277 291 298 300 303 306 309 314 315 321 323 324 327 328 332 340 343 349 350 351 356 357 363 364 365 376 383 388 389 391 394 398 400 0
130 77 110 237 182 312 154 93 223 0
199 9 233 236 78 310 94 0
224 23 340 215 88 90 91 0
131 263 8 137 265 139 141 14 16 273 146 20 277 23 25 26 283 156 284 160 36 165 38 292 41 170 47 48 305 178 51 179 183 312 58 314 315 316 62 193 197 73 74 201 330 78 79 339 87 91 247 93 221 95 351 353 227 355 102 103 359 360 108 110 240 368 370 117 118 245 373 377 251 381 0
128 272 315 115 215 26 91 0
193 195 260 331 236 240 21 247 0
33 98 12 300 88 0
3 4 5 8 20 25 27 31 39 48 50 53 58 61 63 69 70 71 77 80 84 86 87 89 96 99 100 102 111 120 128 130 132 133 135 137 141 144 152 155 158 177 178 182 194 212 223 227 233 235 241 247 248 250 252 256 257 259 260 266 268 277 294 296 300 301 304 305 306 313 327 329 330 331 334 337 339 345 346 356 363 369 376 377 379 381 386 388 397 0
224 225 98 324 166 72 233 267 141 142 207 183 216 381 350 0
161 385 230 108 12 337 338 22 315 0
4 197 360 396 338 25 0
37 358 389 169 265 367 0
32 97 66 324 48 146 312 314 0
129 130 3 258 259 134 7 8 136 263 267 388 399 145 274 277 150 279 25 26 153 28 155 283 164 165 42 301 47 49 306 309 310 315 60 318 63 64 193 194 321 323 200 73 202 76 77 79 339 341 343 217 346 91 92 94 351 356 102 103 230 105 360 108 364 111 239 241 372 247 248 249 381 126 0
385 264 41 237 274 115 313 283 156 351 0
129 66 36 9 73 46 15 309 31 0
258 137 139 144 88 0
4 7 8 15 16 25 32 36 41 43 44 46 47 49 50 61 63 69 71 74 76 77 86 94 96 100 104 105 108 118 120 124 125 127 128 133 138 144 153 157 165 166 190 193 196 201 206 216 218 219 220 221 225 230 241 243 246 247 256 260 267 268 271 272 284 292 310 313 315 318 321 324 343 349 355 356 361 363 364 372 374 376 379 384 386 388 390 391 400 0
17 21 25 31 35 37 39 41 44 49 60 62 63 64 68 71 74 79 87 88 91 100 110 115 121 125 126 127 134 137 146 147 156 159 163 170 182 189 193 194 196 205 206 207 212 215 218 223 227 228 233 240 241 245 255 259 268 271 273 281 286 287 290 291 292 298 299 306 309 310 316 321 327 329 330 334 337 339 350 351 361 363 364 367 373 374 382 385 386 389 391 396 0
160 4 38 39 298 140 304 400 244 215 154 247 0
166 47 117 151 152 59 375 0
5 7 13 17 21 23 26 32 34 35 36 37 44 48 49 51 71 73 74 88 89 90 97 100 103 104 108 109 111 113 115 118 124 125 128 132 134 138 139 142 147 148 152 153 156 157 161 177 179 180 193 195 197 202 205 212 218 221 225 230 239 241 250 259 281 294 301 303 316 343 345 347 349 351 356 365 368 370 371 382 383 388 394 398 399 0
7 13 14 17 24 25 26 29 32 33 34 53 59 66 68 70 71 78 88 90 93 94 96 104 105 109 110 121 124 130 138 140 141 145 158 159 160 163 164 182 190 197 201 205 207 219 221 224 227 228 229 234 236 240 241 247 260 273 279 282 286 294 295 301 306 310 311 312 314 315 321 330 334 339 345 351 355 360 364 365 370 371 373 381 384 391 394 396 399 0
202 74 140 269 207 368 221 0
3 6 12 17 22 23 24 25 27 39 43 47 49 58 65 68 72 84 86 87 89 92 96 109 117 121 124 125 135 145 149 150 153 154 156 161 166 186 196 197 206 215 216 220 230 241 250 252 254 259 263 265 272 274 285 286 290 298 299 301 314 321 329 332 345 346 349 353 358 359 360 365 372 374 375 381 400 0
3 4 13 26 28 34 35 44 53 62 65 79 84 90 91 95 97 114 115 121 125 127 146 147 155 157 163 164 170 179 182 194 197 200 206 213 216 224 227 228 230 236 243 246 250 256 266 269 273 274 276 277 284 290 291 294 298 305 306 310 323 324 329 330 333 337 338 343 350 353 355 356 358 367 372 373 382 383 384 387 399 400 0
69 200 265 138 146 120 282 157 158 0
387 5 361 394 397 142 154 351 0
258 295 137 149 279 88 382 0
194 35 168 244 152 155 0
3 4 8 10 12 16 21 31 32 33 34 36 40 41 44 49 51 58 62 63 64 70 74 78 86 88 90 95 103 104 113 117 127 129 131 136 137 142 145 148 152 157 169 190 194 195 197 201 205 213 217 220 221 225 230 243 248 254 257 258 260 265 266 268 273 279 281 287 290 294 295 296 297 299 310 312 313 324 327 333 339 349 353 358 363 367 370 372 376 398 0
161 66 73 266 79 118 314 93 286 0
258 6 265 300 110 27 0
224 4 69 197 136 207 144 145 0
65 356 4 383 360 363 338 375 376 379 63 0
384 97 294 296 399 182 346 0
3 255 104 332 397 146 243 180 311 59 316 94 63 0
33 323 136 168 76 273 148 374 381 0
99 166 333 47 371 118 382 63 0
66 98 164 230 141 241 114 22 119 247 351 0
290 164 324 393 202 205 17 177 152 58 318 0
64 40 41 366 15 305 51 182 24 153 61 0
353 35 3 5 272 145 90 381 382 0
289 130 163 330 240 314 219 223 0
194 3 356 8 12 207 303 377 349 0
227 37 72 331 363 79 337 244 157 0
16 29 31 32 35 41 65 72 73 86 87 88 95 109 117 120 121 122 132 138 141 144 154 168 169 180 189 197 200 205 212 213 219 228 230 233 234 241 246 247 248 265 266 268 273 285 287 289 291 294 300 313 314 315 318 323 327 328 330 331 338 339 343 351 353 357 359 361 363 367 370 376 384 387 389 393 394 399 400 0
263 14 334 16 84 58 155 0
144 27 29 151 0
128 225 294 394 267 183 88 346 152 94 0
33 390 263 168 9 169 75 272 338 84 22 216 186 28 158 0
7 12 15 20 25 34 40 41 44 49 61 65 68 75 78 86 87 90 92 98 100 103 108 109 110 113 118 121 122 125 126 127 129 130 144 146 153 155 161 177 179 183 192 195 199 206 212 215 218 220 223 236 237 243 244 249 252 254 264 266 272 274 281 282 291 294 300 301 309 314 315 327 340 345 351 356 363 365 374 377 384 386 389 397 399 400 0
65 5 104 14 79 80 114 276 189 379 125 0
34 258 292 324 105 299 0
65 259 388 234 268 396 368 178 309 373 0
32 160 133 102 10 298 13 239 399 150 23 152 156 343 0
4 5 13 16 17 24 26 35 48 50 53 56 61 66 68 69 70 72 74 78 82 96 104 108 118 121 122 125 128 132 135 138 144 145 151 156 158 159 164 168 169 170 177 186 199 201 207 217 219 224 229 235 238 241 244 252 254 257 266 267 268 274 276 277 285 291 298 312 314 315 318 321 327 334 339 340 349 351 355 358 361 363 365 367 372 379 382 387 388 393 397 0
134 330 203 331 237 240 337 20 276 310 88 158 255 0
166 200 201 74 265 266 296 271 312 158 0
64 192 259 389 72 237 180 375 56 314 382 0
97 17 114 115 182 151 27 0
66 258 73 363 13 273 215 345 156 382 0
64 129 165 197 298 12 76 236 316 254 0
161 322 163 111 144 399 213 341 58 190 0
66 3 102 396 400 23 245 215 377 251 0
256 294 296 44 13 79 343 283 254 0
163 228 266 235 398 180 279 221 0
194 386 388 69 201 140 79 351 0
6 7 13 24 34 36 43 48 58 62 63 64 65 71 73 77 78 91 94 108 125 130 133 139 141 142 144 147 152 164 165 170 177 179 180 183 190 201 205 207 213 215 217 221 224 228 229 237 248 267 292 294 295 297 299 300 303 313 314 328 331 338 345 348 350 356 358 366 367 371 375 383 384 385 386 387 394 398 399 0
128 161 384 291 100 230 75 76 397 50 178 23 0
7 12 13 28 29 43 49 56 71 73 77 78 79 82 86 99 102 104 108 109 111 117 122 125 145 151 154 159 163 165 166 170 178 180 183 189 193 195 200 212 213 218 230 251 252 255 263 264 277 291 294 297 299 304 306 311 312 313 314 321 323 324 333 339 343 349 357 358 360 363 367 369 373 375 381 385 389 391 393 394 397 399 0
32 128 192 99 135 361 394 205 269 156 285 0
161 390 201 140 144 215 0
258 100 69 296 394 271 157 374 348 125 382 0
389 104 137 109 46 397 84 373 248 156 127 0
161 35 260 133 391 337 283 285 0
193 130 195 290 350 327 240 180 21 182 247 373 94 63 0
257 290 259 357 345 331 44 206 84 53 25 190 127 0
350 287 7 359 298 331 207 86 254 376 345 190 95 0
265 268 300 16 240 80 306 281 189 95 0
355 377 140 239 144 245 247 249 251 0
291 36 228 73 297 14 315 89 91 125 350 0
128 129 130 384 5 133 7 134 9 136 139 12 265 14 391 399 17 147 22 23 281 26 156 157 286 159 161 34 35 291 294 39 389 298 46 305 50 179 58 314 61 63 321 69 72 73 202 328 205 337 339 340 88 219 220 347 348 349 224 227 356 104 105 361 363 236 238 111 241 370 244 118 122 379 127 0
32 292 71 298 13 145 216 29 0
58 8 41 168 237 272 148 246 26 0
260 70 397 368 22 23 24 25 94 0
16 74 91 96 0
258 104 75 48 241 148 92 0
8 10 17 27 41 43 44 56 58 60 68 79 88 89 91 97 100 104 105 108 113 121 124 127 129 132 137 138 142 144 146 148 155 158 163 168 170 179 180 190 192 195 205 206 217 218 227 228 233 240 246 247 250 261 265 266 268 269 272 273 277 284 285 295 298 314 315 321 328 332 340 347 349 357 358 365 367 374 375 377 379 382 388 394 397 398 0
224 166 345 137 145 376 153 155 348 382 31 0
65 258 102 391 297 42 109 207 158 156 381 62 95 0
3 7 12 17 20 21 23 25 28 33 36 38 40 41 51 56 62 63 70 74 75 76 77 86 87 90 95 96 98 99 113 114 115 120 125 126 134 135 137 139 144 149 151 157 161 166 180 190 194 197 202 221 223 229 230 240 241 245 246 247 248 249 251 254 257 262 263 265 279 282 289 300 301 304 310 321 324 327 329 330 343 346 351 357 363 364 365 370 371 378 379 381 382 383 384 386 394 396 399 0
168 10 269 178 150 189 350 0
98 258 36 37 68 134 333 206 397 82 180 158 287 0
101 135 103 7 201 267 330 333 347 212 24 155 0
201 348 158 0
160 66 130 323 135 140 283 177 304 118 56 155 0
131 133 137 44 141 342 0
7 8 15 16 26 31 39 40 46 58 59 60 66 69 70 71 72 75 82 84 86 97 99 111 121 132 154 158 165 177 179 180 189 192 199 206 215 217 218 220 228 237 241 245 247 254 264 268 272 273 276 282 284 292 294 295 298 301 306 310 315 328 331 339 345 346 348 360 368 370 374 381 384 388 389 391 396 399 0
384 131 4 6 46 282 156 158 0
3 5 17 20 22 26 36 41 46 47 50 53 62 64 65 68 72 73 75 78 79 92 95 102 105 111 124 128 137 142 148 153 157 159 165 182 186 191 192 193 195 199 206 210 216 220 240 246 247 252 260 263 265 272 295 296 298 299 303 305 306 313 315 318 323 324 339 343 345 347 349 355 356 361 365 369 379 384 399 0
321 66 73 111 303 315 147 84 340 311 120 187 159 0
290 100 196 364 78 271 16 80 272 368 53 149 215 251 28 0
385 35 228 102 390 391 266 44 28 126 0
73 47 277 153 26 155 0
193 297 299 13 310 284 158 0
161 290 393 300 141 337 21 58 190 0
66 250 236 300 334 340 53 86 122 0
355 133 331 108 238 334 48 213 312 0
356 104 50 338 374 283 158 0
225 9 201 109 22 216 217 254 0
386 4 391 41 12 46 368 147 179 340 121 0
100 265 283 310 215 122 59 254 0
97 386 100 6 234 47 271 309 24 127 93 63 0
258 388 9 364 213 157 23 120 251 29 0
196 46 398 240 20 23 247 95 0
3 14 16 20 21 24 35 40 41 43 50 56 58 59 62 63 64 66 69 70 78 79 82 86 91 93 95 102 103 108 111 113 115 127 135 137 139 144 147 153 161 164 166 168 177 179 180 182 189 200 201 220 227 230 236 238 239 241 243 245 247 249 255 259 276 279 281 283 285 286 295 298 300 301 306 310 318 321 323 328 334 339 343 346 351 356 358 361 371 381 383 386 396 0
248 66 355 48 306 53 118 88 377 60 31 0
305 234 266 22 0
387 72 201 234 299 14 213 351 0
33 161 37 351 169 331 95 127 0
32 384 98 163 12 117 347 381 0
192 66 324 197 388 141 113 177 53 381 0
384 8 73 169 109 370 375 316 0
65 164 41 297 108 239 399 60 126 0
202 243 213 190 31 0
166 40 79 347 155 63 0
129 65 38 166 299 236 268 46 14 300 301 306 364 396 313 0
193 391 41 301 206 365 309 90 350 0
40 108 268 46 150 279 153 28 0
136 206 245 149 279 346 29 0
96 290 163 386 39 265 12 79 80 340 379 221 159 0
263 265 299 397 80 148 53 120 314 157 0
12 14 17 27 28 32 34 35 42 43 53 71 74 76 86 87 92 94 96 97 99 113 122 125 126 129 130 132 138 139 142 145 147 150 151 154 155 158 178 186 189 192 194 196 213 215 218 220 225 229 233 236 241 244 246 248 250 254 265 297 299 300 313 315 328 331 340 345 347 349 353 356 360 365 372 375 376 387 0
224 33 66 97 134 71 327 265 74 299 364 20 311 379 0
3 12 17 20 23 26 27 32 37 42 47 50 51 59 62 63 68 71 74 80 90 92 94 95 100 103 110 113 117 120 121 126 128 134 147 148 154 156 161 164 177 180 183 194 196 206 207 215 234 240 250 254 258 273 282 286 289 292 306 309 315 324 328 331 334 337 339 346 348 349 360 363 366 368 369 383 384 389 397 398 0
294 72 250 314 306 373 186 0
5 16 25 34 39 41 43 47 60 62 63 65 76 78 79 86 87 88 91 92 97 98 102 111 115 135 145 149 150 153 155 161 189 193 196 201 205 223 228 230 233 239 245 249 252 261 263 265 269 283 286 287 289 290 291 296 299 309 315 316 318 321 323 330 332 333 345 346 348 350 358 363 365 368 371 372 374 375 376 393 394 396 397 0
193 258 99 292 295 233 44 239 179 20 277 120 0
13 16 53 279 346 381 0
70 138 78 399 246 92 0
99 294 359 328 144 240 277 150 282 251 221 287 0
35 328 14 271 178 117 213 23 26 31 0
97 353 230 71 72 137 265 294 219 368 17 212 91 351 0
66 324 297 363 205 178 0
134 391 8 273 50 377 60 382 0
5 6 7 8 13 14 26 31 34 35 38 44 50 51 53 60 62 64 66 72 75 76 79 80 82 86 89 96 97 104 110 111 121 128 131 136 137 140 144 151 156 158 161 166 170 182 183 196 202 207 215 224 230 233 245 250 252 254 257 265 268 277 279 283 286 291 292 296 306 310 311 313 314 315 318 323 324 327 328 329 331 332 340 346 348 351 356 363 364 369 372 375 376 379 384 385 387 388 390 391 393 0
128 258 259 132 5 6 260 136 137 265 139 388 394 15 144 17 273 399 153 155 284 158 31 286 161 289 35 164 168 169 296 303 177 50 308 53 309 310 56 185 311 312 61 189 66 194 68 323 200 75 76 333 206 82 210 339 96 228 102 358 359 234 363 110 367 113 369 379 244 373 250 251 382 127 0
193 323 233 170 139 333 14 314 284 381 62 127 0
193 7 361 49 82 177 277 151 217 0
35 329 363 141 206 337 180 343 87 120 94 250 284 126 0
5 6 7 8 10 14 17 24 32 37 42 43 46 48 53 70 71 72 75 87 94 96 98 100 110 115 117 121 122 129 132 137 140 148 149 151 154 156 158 161 182 189 199 217 220 223 225 228 230 238 243 244 250 251 254 255 258 263 265 266 268 272 276 277 287 294 295 296 300 301 304 315 321 339 340 345 346 347 348 358 366 379 382 386 398 0
32 66 227 387 359 72 328 361 13 78 109 303 348 345 156 62 0
65 99 138 109 14 238 20 149 218 92 0
192 225 132 357 390 72 169 86 151 0
4 5 9 10 17 26 32 37 38 39 53 62 64 73 74 84 86 88 94 95 99 109 110 113 115 120 124 125 128 131 134 135 145 147 148 161 164 166 168 170 177 180 189 192 193 194 197 207 215 221 223 224 228 236 237 238 239 261 263 265 267 268 274 279 282 292 294 297 314 315 318 340 343 345 349 368 369 370 374 375 396 0
98 261 296 140 141 247 248 0
13 16 19 23 26 27 28 33 35 36 37 40 46 48 50 51 56 59 60 61 71 72 78 79 82 92 94 95 96 102 103 105 114 115 117 124 130 132 135 145 149 150 155 156 159 160 170 178 190 194 199 200 205 207 213 217 219 223 234 235 236 249 254 260 263 266 274 286 300 309 311 313 315 323 327 330 331 333 340 346 347 350 367 369 372 375 376 379 384 386 388 389 391 396 0
97 290 104 296 329 77 398 15 147 148 244 121 314 0
386 36 396 245 189 93 0
195 100 69 6 263 168 186 327 359 109 14 142 121 154 219 0
163 195 104 42 238 79 150 88 349 285 350 31 0
256 129 382 259 4 386 134 391 8 265 138 266 13 142 145 146 274 20 23 152 279 285 32 35 164 165 38 166 294 299 46 303 179 180 56 186 59 60 318 321 195 72 200 328 331 77 212 86 220 348 94 224 97 353 99 227 355 358 105 233 108 110 240 113 368 115 243 371 374 376 250 379 254 127 0
97 193 321 100 371 20 376 219 0
38 313 12 77 370 115 217 0
384 312 357 236 238 309 118 216 58 252 221 0
6 12 14 15 22 27 31 37 39 40 43 51 60 62 63 66 69 70 78 80 82 84 87 94 96 97 100 103 105 110 111 121 122 124 127 134 137 142 153 154 179 192 193 196 197 200 201 205 212 213 216 220 227 235 236 237 250 258 265 269 277 279 281 292 294 300 306 313 324 327 332 337 351 355 359 363 367 373 376 377 381 388 389 398 0
290 324 40 267 46 207 399 273 83 115 151 90 93 0
137 300 366 241 51 58 252 0
4 6 9 12 16 17 23 24 26 31 33 34 37 43 49 51 56 58 69 73 74 75 79 92 95 98 105 118 120 122 129 138 149 158 160 161 169 177 180 194 195 205 207 220 227 230 233 236 238 244 246 247 248 249 250 266 267 269 273 277 282 283 285 290 291 299 304 313 327 338 347 350 353 360 366 370 371 372 374 376 382 384 388 389 391 397 0
390 70 366 373 221 0
229 139 304 368 178 374 348 0
96 376 7 137 266 108 268 271 120 25 61 0
130 388 135 263 137 265 267 12 140 142 271 396 273 274 399 20 148 149 278 152 154 283 156 157 32 290 296 298 301 306 53 183 58 186 65 66 193 194 321 71 72 328 329 75 76 330 207 339 343 88 216 90 91 217 95 224 225 355 100 230 104 363 238 368 371 373 247 121 251 380 0
103 200 377 15 50 217 28 158 0
227 327 9 12 369 158 0
4 5 10 13 14 15 17 23 28 31 49 58 65 70 72 74 82 84 87 93 97 99 105 111 115 117 121 122 125 127 129 134 138 139 145 147 151 152 159 180 186 200 201 212 215 218 219 230 233 241 254 259 271 273 282 284 289 292 297 301 306 315 318 321 331 340 341 343 350 351 356 361 368 369 373 374 379 382 387 389 396 0
4 7 9 10 12 16 23 28 34 37 39 42 49 63 65 66 72 74 76 78 87 94 98 111 120 121 122 126 127 129 130 132 135 139 140 141 147 150 169 178 189 197 206 213 220 224 228 229 233 239 240 241 246 247 255 259 260 263 277 279 282 283 291 296 299 300 301 305 306 309 310 323 359 360 361 364 366 371 374 383 384 398 0
97 289 376 166 301 400 371 180 24 26 252 0
7 168 396 368 215 285 318 0
355 103 104 263 15 17 21 213 374 158 0
321 165 6 71 265 298 114 248 351 0
223 3 6 95 159 0
6 9 12 14 24 28 38 40 43 44 51 62 65 68 74 76 77 78 88 89 91 95 104 114 125 126 129 137 142 144 146 147 148 151 154 178 179 180 190 195 199 205 206 217 219 224 236 241 246 247 250 251 254 255 259 263 264 265 266 268 271 283 286 287 289 291 300 301 309 313 314 316 324 334 349 357 358 361 369 371 377 379 386 391 394 396 0
385 130 3 382 133 134 261 263 9 264 267 268 396 14 147 23 24 152 26 155 279 281 32 160 289 36 41 169 170 301 47 178 306 183 312 313 59 60 315 62 64 192 321 71 73 202 330 331 205 206 207 210 84 87 89 217 91 351 97 98 227 100 229 230 105 234 111 240 368 369 373 247 121 126 0
3 7 8 10 13 15 20 22 32 34 35 41 48 51 53 58 63 68 70 72 73 86 90 94 113 124 129 131 135 136 137 138 140 144 145 149 150 152 153 155 164 166 168 170 189 190 194 195 196 206 207 212 219 228 229 240 241 243 244 245 250 251 253 256 258 273 279 286 292 295 296 299 309 311 316 329 334 337 339 359 363 370 371 376 377 384 396 397 0
32 387 39 202 301 343 157 0
132 8 200 360 44 365 177 246 24 0
355 261 390 40 266 394 12 17 340 0
138 365 397 304 49 312 345 221 254 383 0
4 5 6 10 12 17 23 24 32 37 56 59 61 63 72 75 86 90 91 95 100 102 110 111 115 120 125 126 128 135 141 151 152 154 156 157 163 164 170 177 179 180 186 196 201 205 206 218 220 228 229 230 237 241 243 245 248 250 252 255 257 265 266 269 271 274 279 283 284 287 291 303 304 305 310 311 318 323 329 330 332 333 338 343 346 347 356 365 366 373 376 377 386 397 398 0
65 34 69 168 296 339 182 152 89 283 216 0
128 384 258 385 132 5 6 133 135 137 260 266 391 15 271 145 272 147 399 150 24 25 26 27 153 154 158 31 287 166 296 48 49 178 305 180 306 310 313 58 314 189 318 63 192 321 324 71 200 329 330 333 78 339 340 89 345 223 224 97 99 356 359 361 234 363 113 243 244 117 372 373 125 382 0
192 99 328 74 75 205 306 180 87 56 92 0
5 7 9 10 13 16 32 34 38 41 42 43 46 56 58 63 66 69 72 76 79 80 82 87 90 95 97 99 100 104 105 115 120 124 133 139 142 144 147 149 155 157 160 161 165 166 168 169 180 186 190 192 196 207 220 221 235 240 257 259 260 261 263 272 277 283 284 290 294 296 297 299 301 315 321 323 338 339 345 346 347 349 366 368 374 375 379 381 386 393 394 400 0
263 168 7 361 396 333 47 49 340 373 315 286 0
66 4 388 230 201 233 333 399 82 274 374 0
388 7 236 333 178 147 243 86 219 350 0
257 99 134 39 264 236 59 318 0
353 228 296 170 74 15 240 241 210 212 150 314 0
5 12 21 26 28 42 44 46 48 63 64 65 68 69 75 78 82 86 87 89 90 91 98 99 105 115 117 122 124 126 127 128 129 131 134 135 137 139 140 141 147 148 151 155 156 160 163 177 180 183 186 190 199 200 205 206 213 215 216 227 229 230 234 239 240 247 250 254 257 258 261 263 264 265 266 268 271 273 274 282 287 289 296 301 305 309 315 316 318 323 324 327 328 333 338 340 345 350 353 356 360 364 367 368 370 371 374 375 376 393 397 398 0
3 8 9 17 20 23 26 33 36 41 46 49 53 66 69 75 78 80 84 94 97 98 100 102 104 118 122 124 127 132 146 153 156 177 179 180 182 183 189 210 213 218 220 224 228 233 236 238 240 248 264 266 276 277 279 287 290 291 292 294 295 298 305 310 318 330 339 340 343 348 349 355 364 371 382 388 389 394 399 0
135 314 305 212 279 376 377 250 27 349 318 0
260 38 73 105 268 397 240 368 213 150 348 0
291 137 20 248 313 59 94 0
134 297 267 331 365 16 276 373 247 0
257 294 268 237 14 50 21 248 282 92 381 95 0
160 161 290 259 40 233 365 80 177 240 339 150 374 90 28 0
160 35 195 259 102 323 264 327 266 356 44 358 360 17 86 376 25 0
384 130 3 386 261 6 135 264 387 140 141 142 398 400 17 145 147 152 153 26 157 287 33 161 290 292 37 39 41 300 301 46 305 50 179 306 309 182 313 316 68 72 75 331 332 334 86 216 90 348 93 351 96 225 227 356 229 103 104 363 108 243 244 117 373 377 250 251 252 125 255 0
96 195 68 261 139 332 239 92 0
197 5 6 103 73 393 373 376 0
4 5 12 14 17 27 31 35 40 41 42 43 62 64 73 74 77 80 90 93 103 108 118 121 124 125 130 135 145 146 155 156 160 164 166 177 180 189 192 193 195 200 206 216 217 220 221 235 241 248 249 256 265 268 271 272 277 283 287 289 291 296 299 300 303 305 306 331 333 339 340 346 347 363 365 372 373 379 381 383 388 389 391 394 397 399 0
3 9 14 20 23 29 32 34 35 44 51 56 58 61 62 63 69 71 79 87 90 91 99 108 127 141 147 148 152 153 156 158 164 168 169 170 177 178 179 196 205 206 219 236 240 241 243 258 264 286 290 292 296 297 300 306 311 312 315 318 321 329 330 331 334 339 356 358 364 365 368 372 374 382 383 386 387 394 400 0
32 391 329 76 368 247 58 318 0
9 10 13 20 22 23 29 38 39 43 44 50 51 59 60 71 73 75 77 82 87 88 91 92 94 96 97 104 105 108 109 125 136 137 152 155 157 166 177 193 194 201 221 228 230 233 236 239 241 246 247 257 258 260 263 266 271 276 284 287 289 291 299 301 309 313 315 323 324 331 332 334 347 355 359 360 363 375 381 393 399 0
323 229 135 40 137 231 330 77 207 239 271 369 26 348 0
4 5 8 16 26 27 31 38 40 42 43 48 50 60 69 75 77 87 95 96 102 103 104 109 113 115 121 122 125 129 130 131 132 137 147 148 150 154 157 158 161 163 166 179 190 193 205 213 215 217 225 228 229 230 239 240 244 245 247 249 250 251 254 255 259 260 268 269 277 281 284 291 292 304 309 310 313 315 318 321 324 330 340 349 351 356 357 358 363 368 371 381 382 384 386 387 396 0
32 195 100 197 230 135 391 201 268 110 240 368 220 376 124 349 126 0
384 258 3 4 132 260 261 136 137 139 141 397 271 17 273 148 24 281 26 156 33 289 163 36 37 164 165 166 290 291 43 305 50 311 186 314 60 316 192 321 68 69 200 331 206 207 82 339 84 213 88 346 347 220 221 94 95 224 229 357 103 358 105 233 234 235 361 369 370 372 118 121 122 251 124 382 0
357 263 135 396 142 46 89 0
64 96 194 386 201 233 141 178 21 373 216 61 0
386 324 261 391 74 44 80 150 343 375 0
6 7 9 12 14 16 22 27 31 32 34 42 47 48 56 68 69 70 72 73 75 84 91 92 93 94 97 105 109 114 115 122 125 138 141 145 147 161 168 186 189 197 213 216 217 219 220 225 235 238 243 247 254 264 265 281 286 290 291 298 299 304 309 321 324 327 339 341 346 347 349 350 351 353 355 357 365 370 373 374 375 381 382 383 384 386 389 396 397 399 0
133 391 155 365 241 56 346 59 190 0
3 260 165 136 10 20 310 56 154 159 0
350 258 197 205 148 376 94 255 0
4 26 27 36 44 48 49 51 53 56 59 63 66 69 71 72 73 84 86 87 93 94 95 96 97 100 102 110 111 118 132 133 139 140 145 161 163 168 169 189 194 206 207 209 213 224 229 233 235 239 240 247 248 258 263 265 268 269 272 277 286 289 291 296 297 298 303 304 306 313 315 330 334 343 349 350 355 359 368 372 373 379 382 387 389 393 394 396 397 398 400 0
256 65 130 291 264 328 367 177 23 377 156 254 0
3 7 23 31 36 38 44 62 64 71 74 80 86 87 95 96 115 121 124 127 129 138 139 145 155 156 158 165 180 190 194 195 197 217 219 220 221 227 233 237 240 241 247 249 250 257 266 268 277 279 283 285 287 289 290 291 292 295 297 300 312 315 323 331 332 333 338 345 351 355 360 361 365 374 385 386 387 389 393 396 398 0
386 196 197 398 371 148 310 223 0
5 104 363 44 177 114 215 312 347 285 158 0
321 10 78 400 274 379 215 121 219 31 0
192 289 389 199 331 340 348 382 0
4 9 12 16 17 20 21 22 23 24 25 32 33 34 35 41 43 61 62 63 66 68 69 74 76 86 87 89 91 95 96 98 103 105 111 115 122 127 135 144 147 157 158 161 168 169 182 193 194 202 206 207 212 220 221 224 227 228 234 236 241 245 248 254 255 260 265 266 269 272 273 277 279 285 292 294 304 305 306 310 315 318 321 323 334 337 338 341 343 348 349 353 356 358 379 384 385 387 390 399 0
289 133 295 10 332 340 0
97 168 361 330 363 268 303 51 376 0
68 133 361 157 285 0
64 65 194 224 36 355 39 7 394 76 142 178 115 311 312 282 59 0
258 386 4 5 6 134 8 135 10 136 137 260 14 265 144 17 393 398 20 151 152 26 27 155 286 32 163 291 40 41 42 168 297 46 303 391 177 306 309 183 59 316 62 321 323 68 69 197 327 328 74 202 205 78 343 345 221 95 98 227 228 235 364 365 110 238 239 113 366 115 372 117 124 381 254 0
65 99 166 263 271 144 220 125 0
97 261 298 12 365 79 48 15 240 279 221 0
298 44 78 381 215 29 0
64 193 66 384 100 70 103 295 234 117 374 154 0
290 105 10 76 236 219 156 350 0
160 256 164 41 266 235 298 332 142 271 82 216 250 315 0
294 201 330 139 331 13 398 371 22 126 0
4 10 16 17 20 28 29 33 37 40 43 59 60 63 84 90 91 92 94 96 98 113 118 120 121 129 133 135 137 141 147 148 161 192 193 205 206 210 212 217 218 221 225 227 238 247 248 252 254 256 264 289 290 292 296 303 305 312 313 314 316 323 324 331 333 337 340 341 343 349 366 371 382 396 397 398 399 0
32 384 3 100 294 390 233 76 268 147 285 0
100 68 358 103 265 42 330 332 272 241 310 346 91 0
3 6 12 15 20 21 25 27 50 58 59 60 61 71 74 79 82 84 95 100 103 104 108 111 118 125 129 132 134 137 144 145 147 151 154 155 156 161 163 166 183 190 206 212 217 221 225 233 234 243 246 247 254 260 263 269 271 272 274 276 277 281 285 287 291 295 298 300 303 309 314 316 328 331 332 340 343 350 351 369 372 374 379 384 387 390 394 0
160 34 163 103 327 303 113 50 179 152 156 254 0
97 291 40 73 296 273 180 254 0
384 327 104 345 13 334 79 50 215 281 0
194 102 111 117 53 22 121 346 220 183 0
32 291 69 389 298 114 277 373 28 157 0
132 38 15 273 82 154 94 0
385 98 59 377 240 309 24 313 88 286 0
200 298 43 235 397 309 0
97 355 356 263 243 371 374 25 155 220 0
98 391 78 144 343 250 382 255 0
97 130 236 398 15 180 117 53 250 156 286 0
130 324 40 266 330 49 243 213 251 0
65 133 295 168 10 269 142 207 238 301 118 313 90 94 0
384 258 165 166 40 296 44 141 332 369 310 183 217 218 315 220 382 0
96 384 387 228 165 390 372 87 249 285 126 351 0
6 7 9 10 14 23 29 33 39 40 44 52 55 56 72 73 77 78 87 88 99 103 105 111 113 117 121 126 127 133 139 141 142 147 153 154 155 159 161 163 177 180 182 189 190 197 199 207 212 218 219 221 223 225 228 233 235 239 244 247 263 264 265 266 268 282 285 289 294 298 300 301 304 305 309 323 327 328 333 353 357 361 365 368 375 377 398 0
130 131 4 258 261 386 136 9 138 139 12 140 141 398 144 272 147 20 149 23 153 154 281 28 29 284 159 388 290 291 36 39 169 298 177 180 58 314 323 71 328 201 330 334 207 82 212 341 86 87 220 221 94 95 348 98 99 355 358 103 104 234 108 236 364 111 367 368 243 372 247 376 121 251 382 0
97 130 241 265 0
291 70 51 212 340 247 91 0
192 321 312 164 135 265 79 272 367 399 152 121 218 285 190 0
386 3 132 5 6 7 8 134 10 135 136 137 139 142 266 273 396 20 277 22 23 24 153 29 287 160 36 37 38 294 295 169 297 299 44 301 47 391 51 53 309 189 62 194 197 72 73 206 82 339 84 212 213 87 88 345 346 348 93 94 223 98 229 358 104 235 365 239 240 374 251 124 125 382 383 0
193 388 136 12 372 53 249 347 0
193 35 164 387 297 75 205 20 283 0
256 4 5 134 389 390 10 138 12 140 267 268 269 272 146 274 20 149 150 23 24 151 277 279 281 284 287 34 37 294 41 43 44 303 304 177 182 312 313 63 193 195 196 201 74 210 339 212 398 86 87 89 218 219 92 225 98 355 358 105 361 109 110 114 115 252 117 381 247 248 250 379 124 125 0
323 199 135 300 146 281 158 254 0
128 135 40 233 202 329 269 303 241 56 59 189 0
5 13 15 20 22 23 24 25 26 27 31 32 35 37 43 49 50 53 56 58 63 70 73 79 88 90 92 96 98 105 108 117 122 128 130 135 138 141 144 149 151 155 158 160 182 190 194 201 206 216 219 224 227 229 238 239 244 249 250 260 263 265 268 269 277 279 282 285 294 295 298 299 303 309 315 318 334 339 340 346 348 359 365 369 370 372 373 380 381 384 385 386 388 389 390 391 394 396 398 400 0
256 385 130 264 331 337 374 0
387 394 299 303 240 51 84 375 159 0
134 74 44 78 111 241 25 60 0
384 296 394 14 303 371 148 84 0
4 6 8 9 14 21 22 24 27 31 32 36 40 44 49 66 68 69 76 82 86 91 93 94 95 102 103 104 108 110 113 115 122 127 128 129 130 132 137 139 148 156 161 165 169 180 183 194 195 205 207 233 260 266 268 272 282 283 284 286 289 294 295 296 309 311 314 315 323 330 331 334 346 355 356 361 365 367 368 370 371 374 375 377 383 386 387 391 0
96 227 134 10 110 16 210 147 21 213 252 0
10 12 13 14 16 25 34 36 39 41 46 49 51 64 66 68 73 77 79 93 94 95 100 114 126 127 129 130 131 133 137 139 144 146 149 159 161 178 180 183 196 205 210 213 220 224 241 250 252 254 257 258 261 266 267 268 277 289 290 292 294 295 297 299 300 311 316 323 324 331 332 333 334 347 349 353 359 374 375 376 388 389 390 394 400 0
200 11 12 205 397 398 381 339 118 216 186 285 351 0
68 388 389 360 105 140 47 53 154 0
64 3 197 166 331 363 79 367 368 216 283 284 125 0
3 324 102 135 166 299 12 397 17 306 339 370 86 0
35 3 260 200 264 272 82 149 93 350 0
292 5 8 75 44 221 158 125 94 0
312 121 338 0
257 68 12 77 140 80 145 84 151 251 93 0
97 98 36 13 333 20 246 281 190 94 0
96 192 353 291 296 304 339 212 53 309 220 0
385 386 3 259 5 134 135 389 390 138 391 141 144 273 276 151 279 26 154 155 36 294 39 295 169 42 170 299 300 301 304 49 177 51 306 59 62 63 68 70 202 75 78 210 84 213 340 343 88 89 218 345 92 349 94 96 227 355 356 376 361 109 110 111 365 370 115 244 371 118 246 120 377 124 381 126 0
257 324 69 7 138 235 205 111 246 88 154 315 28 93 0
350 100 103 264 201 298 333 14 397 349 221 286 0
257 355 230 74 14 80 178 371 93 0
161 241 117 249 251 220 223 0
32 105 216 314 316 95 0
135 72 398 400 241 273 217 251 158 0
199 296 265 267 205 400 369 339 345 154 283 94 0
298 139 397 79 177 179 212 150 118 120 247 0
98 197 41 105 212 311 56 314 347 156 0
290 131 228 5 199 327 397 398 114 212 277 313 122 283 159 0
6 15 23 24 26 32 35 43 58 60 63 64 68 73 76 82 84 91 93 97 99 108 111 131 133 147 152 155 161 165 190 196 202 205 206 212 219 220 224 227 229 230 233 237 241 243 244 246 249 250 254 260 265 268 272 277 281 285 287 296 299 309 314 315 323 330 333 339 346 347 350 353 355 356 359 369 371 373 382 383 386 387 391 394 0
386 70 390 345 207 53 86 149 373 89 189 0
3 9 10 12 13 20 24 27 28 42 46 47 49 59 63 66 68 70 80 87 92 95 96 100 102 103 104 108 117 120 121 126 129 133 146 148 152 153 161 163 164 165 177 178 189 200 201 206 218 227 229 236 238 240 243 245 252 264 265 268 276 281 283 290 294 296 298 299 300 312 318 321 323 324 330 347 348 349 351 359 361 363 366 369 371 374 383 384 389 398 0
4 383 169 297 361 108 141 363 369 23 247 95 0
385 229 104 44 205 46 367 249 91 0
304 274 53 397 0
385 153 165 103 359 265 364 346 238 371 343 248 121 26 59 190 126 351 0
225 387 359 170 10 267 205 237 299 48 240 0
264 41 297 299 141 212 346 0
65 58 358 136 265 140 368 310 26 0
3 12 17 22 25 28 39 40 41 43 47 58 59 66 72 76 82 86 87 89 90 92 102 108 113 115 122 125 126 127 137 145 148 149 151 160 161 163 166 182 194 197 199 201 202 207 210 223 224 236 240 252 258 260 266 271 273 274 277 297 299 303 305 310 311 316 318 329 330 333 340 341 347 351 358 365 379 383 384 389 0
328 396 115 180 246 29 62 0
321 66 99 58 39 331 363 339 279 250 0
194 355 197 170 331 25 0
33 230 327 301 80 314 0
4 15 24 32 39 43 44 50 53 62 66 77 78 86 103 104 114 118 120 129 133 134 148 156 157 158 161 164 170 173 177 182 190 192 193 199 201 205 207 210 212 216 217 218 219 227 229 241 244 245 246 248 252 254 259 260 263 277 283 287 290 313 315 321 324 328 329 333 350 351 353 355 356 359 365 368 370 374 377 381 385 390 393 396 397 399 0
98 163 8 365 273 314 0
129 350 103 9 41 137 266 144 313 221 94 0
291 387 229 104 73 201 331 12 346 393 111 179 218 318 0
194 259 197 133 205 397 345 0
4 230 391 41 42 363 76 346 372 216 250 0
224 129 357 266 367 379 118 27 92 0
5 6 14 16 17 27 32 38 49 61 69 71 73 75 78 80 88 92 94 95 99 128 129 134 137 141 145 148 155 156 158 161 180 183 195 197 199 200 202 210 215 217 218 219 224 228 229 238 240 243 254 264 268 271 285 290 300 306 314 324 328 329 345 347 348 356 357 359 365 370 372 383 385 386 387 389 393 394 396 399 0
97 291 388 144 371 343 312 28 375 0
318 382 260 231 74 333 178 126 254 351 0
66 3 130 131 7 186 110 154 59 0
3 7 13 14 15 17 20 24 32 35 40 51 59 60 65 68 72 78 92 93 98 102 104 117 125 128 129 134 137 144 145 150 153 156 159 166 169 174 177 179 186 192 195 199 200 202 216 217 221 230 235 239 241 244 245 246 254 255 257 259 266 276 291 294 296 306 309 332 338 345 346 347 350 363 364 365 372 374 375 379 386 387 390 393 394 398 399 0
131 357 70 327 108 13 80 113 177 212 117 284 374 313 92 349 0
196 261 295 82 244 372 22 349 0
224 356 135 8 202 298 48 50 248 0
129 387 292 265 202 75 110 145 337 212 244 277 183 127 0
6 7 17 24 31 38 41 47 49 50 66 68 71 73 86 87 90 92 94 98 110 115 121 122 129 132 139 145 148 150 152 156 180 188 189 193 195 197 199 207 212 216 220 223 228 236 243 247 254 256 263 264 266 272 274 282 283 285 287 296 299 300 303 314 321 323 324 327 340 345 355 366 370 375 376 386 388 389 391 394 399 0
350 98 235 367 306 371 20 120 121 254 0
129 34 355 388 197 70 391 331 210 152 25 122 283 0
131 260 356 388 135 186 264 170 267 14 111 80 49 206 340 26 381 0
292 360 235 205 14 305 243 345 0
227 5 102 104 105 74 169 59 124 126 0
129 356 37 102 38 166 297 301 240 113 311 122 59 159 0
4 6 13 17 31 33 34 49 50 56 58 76 77 79 82 84 90 103 115 117 121 125 126 130 146 150 152 160 161 163 164 166 183 194 196 201 202 215 216 221 223 233 235 238 239 241 243 245 248 254 256 258 266 279 283 287 294 295 298 301 310 312 314 329 332 333 337 339 346 351 357 367 369 377 379 383 384 388 389 394 0
98 144 337 118 86 88 375 0
35 103 8 329 365 213 55 217 58 254 286 0
197 136 141 110 399 80 49 368 243 340 341 118 95 0
128 35 4 291 6 71 43 363 109 339 56 284 125 94 0
32 129 64 292 165 9 396 20 376 287 0
90 166 391 108 300 314 15 240 121 26 381 222 0
3 4 7 8 14 21 24 26 36 37 43 50 51 61 65 72 75 77 78 82 84 86 87 92 100 117 120 125 127 128 131 140 141 142 146 156 157 158 161 180 183 186 194 200 207 217 218 228 233 235 240 244 246 248 249 251 256 257 259 268 269 277 285 286 292 306 313 323 327 328 330 331 340 346 357 359 365 372 376 386 389 391 394 398 0
358 103 40 104 137 266 391 398 115 377 29 0
192 391 233 108 13 239 22 345 316 0
99 4 357 105 268 332 14 339 213 0
160 161 321 100 5 164 261 264 238 145 210 56 0
384 130 131 132 255 134 258 393 138 139 141 399 272 274 147 148 22 23 26 282 158 31 161 291 164 165 292 39 40 44 301 304 306 311 56 59 315 190 65 329 75 77 206 80 81 210 338 84 212 340 215 341 92 221 94 95 96 225 348 227 100 353 230 355 357 108 365 373 246 247 248 122 379 382 127 0
224 291 292 6 328 44 212 58 0
6 7 9 10 17 26 38 41 70 75 82 84 87 93 95 97 108 110 111 120 121 133 140 142 148 152 154 158 161 163 168 180 182 202 205 212 217 220 237 239 241 243 249 252 256 258 259 264 267 268 269 274 281 285 286 289 299 309 311 313 321 323 331 337 339 340 343 355 361 363 364 369 370 379 387 388 391 396 399 400 0
321 355 166 138 334 15 339 379 0
128 323 358 233 15 303 273 21 89 0
10 82 374 215 121 218 315 127 0
100 68 12 236 252 382 0
5 139 141 271 24 284 285 32 38 41 170 47 309 71 77 215 97 365 368 382 0
96 328 155 207 0
259 296 360 42 138 361 238 212 276 340 216 316 0
388 391 41 76 365 239 16 210 147 375 190 0
33 382 324 165 135 263 73 237 207 154 318 0
7 8 9 10 15 23 24 26 32 33 35 36 42 49 50 53 61 63 66 68 96 98 111 122 124 130 137 139 140 158 163 169 170 178 180 186 194 201 202 212 220 221 234 236 239 240 241 243 246 250 252 254 260 266 269 273 274 290 292 295 312 313 315 316 318 321 324 328 347 348 350 355 356 357 371 372 374 376 377 382 389 397 0
224 227 7 394 177 178 118 182 281 186 59 93 0
33 9 138 80 338 219 0
97 358 135 267 396 245 150 254 120 62 0
96 194 227 271 241 340 282 0
3 4 10 12 13 15 22 24 26 27 37 42 47 48 58 61 65 66 72 73 74 80 82 86 89 94 95 103 105 108 117 121 125 133 146 147 148 150 156 157 158 159 162 164 177 179 193 201 206 207 217 227 228 235 237 248 249 251 254 255 259 260 266 267 268 271 279 281 282 289 294 297 298 301 306 311 316 317 324 329 330 338 341 349 351 355 356 361 363 365 369 379 399 0
355 196 356 40 397 379 92 0
264 297 236 178 150 87 342 123 349 0
5 14 21 28 29 31 41 44 58 60 64 65 71 73 76 79 82 93 96 98 104 111 114 115 120 121 134 135 137 141 144 146 147 148 154 158 163 164 169 170 177 189 199 205 215 221 227 228 230 238 240 243 251 258 259 263 272 282 286 287 290 292 294 295 299 304 306 310 311 318 326 334 350 355 360 366 373 377 386 390 0
256 260 287 40 104 138 363 240 339 148 213 379 127 0
323 99 391 20 374 345 0
164 197 109 111 249 61 0
98 323 295 169 329 79 80 17 156 310 56 90 60 0
256 386 259 387 388 6 7 389 137 266 139 272 145 146 400 23 24 25 279 27 156 158 159 32 33 37 41 43 300 306 179 182 312 314 315 61 62 63 190 65 321 323 68 197 71 72 201 202 330 205 82 339 212 87 215 216 217 343 345 347 95 225 98 355 376 233 248 0
384 130 290 4 38 135 8 264 10 202 76 13 142 143 179 316 125 0
128 129 130 256 260 385 6 390 264 9 137 391 268 269 393 399 17 274 21 149 24 154 287 161 164 39 168 297 300 305 306 310 311 316 190 318 193 321 323 197 71 199 73 202 77 78 205 206 207 339 84 212 213 87 215 217 340 91 343 95 224 97 351 356 103 359 234 365 367 381 243 373 374 377 122 125 0
355 359 396 397 117 53 150 374 217 379 220 349 0
128 195 164 68 261 103 298 339 309 182 376 249 28 318 0
353 130 197 230 261 8 358 394 237 206 207 301 179 374 343 153 26 219 0
97 129 69 166 357 240 82 314 283 0
193 131 4 38 39 105 265 48 49 347 0
193 79 179 339 213 311 158 63 0
260 330 332 364 334 111 239 17 306 339 20 84 368 24 155 216 0
192 66 290 138 368 220 249 91 156 125 0
66 164 74 75 363 365 206 15 17 377 91 159 0
131 4 69 359 330 139 398 15 338 341 343 0
361 268 29 87 281 61 0
4 5 9 12 13 15 20 24 32 36 37 38 39 42 43 46 47 49 51 53 60 65 68 69 71 72 74 77 78 79 80 82 84 91 96 100 104 105 121 128 129 130 131 132 134 138 152 155 156 157 163 166 169 179 182 186 190 192 201 205 207 218 220 223 234 235 236 237 241 248 256 263 267 268 273 277 281 283 292 299 300 304 312 313 315 318 328 330 338 346 348 349 351 353 355 358 359 363 370 371 381 394 399 400 0
386 132 358 202 299 368 313 125 62 287 0
97 98 164 102 274 53 310 0
6 23 26 31 35 42 44 49 53 58 62 64 65 76 79 80 82 87 89 95 100 104 105 130 131 132 137 139 146 147 149 150 155 161 165 182 186 187 189 193 195 201 202 205 206 212 216 219 221 227 229 233 234 235 236 240 243 244 246 247 248 255 256 258 260 263 271 272 279 283 295 298 304 311 315 321 323 328 329 330 349 356 359 368 372 379 387 389 390 391 0
129 130 297 269 206 305 29 274 117 118 90 61 0
356 8 331 79 80 49 311 24 186 379 157 318 0
225 385 259 38 75 301 14 24 31 0
227 70 72 202 12 205 0
290 297 75 12 332 21 60 189 0
161 228 376 41 330 12 396 239 212 22 312 313 95 0
3 389 358 199 296 206 177 114 347 376 251 0
224 129 36 390 199 77 13 110 337 339 53 246 341 250 95 31 0
128 327 200 233 391 243 53 283 0
64 72 15 369 309 59 0
248 332 14 367 120 314 94 0
72 168 266 206 142 114 0
128 129 257 3 132 259 385 7 386 9 138 267 390 13 142 269 16 145 393 396 20 148 149 398 26 283 284 285 30 31 161 163 36 292 294 300 49 50 183 59 328 202 75 207 80 82 213 89 90 219 220 93 345 95 96 248 98 227 348 103 105 235 364 109 239 113 114 115 247 120 121 126 383 0
9 137 303 118 23 0
66 361 299 331 301 142 332 17 84 245 87 282 0
193 229 169 42 299 366 111 369 370 20 21 340 313 0
321 385 72 330 300 351 0
21 23 28 31 34 35 42 53 60 62 63 68 70 72 79 86 97 98 99 100 103 109 114 115 117 121 122 128 132 134 135 140 144 148 165 166 168 170 180 183 186 190 205 207 234 235 238 250 252 258 259 268 271 274 277 295 296 297 299 301 304 310 313 315 321 324 327 332 338 347 359 365 366 368 377 379 381 387 389 390 394 0
68 390 199 141 271 50 51 87 154 316 0
289 98 386 80 49 240 182 154 0
7 8 10 17 21 24 25 26 32 35 43 44 46 48 58 63 65 69 70 73 74 76 78 82 84 88 90 96 97 99 100 104 114 118 122 125 130 132 135 140 142 145 151 152 155 157 168 182 200 206 207 213 216 227 229 240 244 249 250 255 256 258 269 272 277 282 286 287 294 296 297 298 299 300 303 306 307 311 313 318 324 332 333 343 345 346 357 363 366 374 376 379 382 384 385 387 394 396 398 399 400 0
256 385 323 138 363 79 244 86 23 89 0
105 341 0
37 166 9 146 118 23 63 0
224 384 324 134 71 236 114 375 26 0
131 163 164 39 73 12 269 303 50 213 151 56 314 311 0
323 48 49 146 338 245 182 86 216 375 0
7 9 10 32 40 41 43 50 58 60 64 65 68 69 71 82 92 97 100 103 105 108 110 111 124 125 129 131 145 149 150 152 155 169 178 183 194 195 213 220 225 233 237 238 243 246 247 250 261 263 274 276 282 283 284 285 287 300 305 310 312 313 314 316 330 331 339 341 351 357 358 360 364 367 368 371 372 389 390 396 397 398 0
297 138 108 300 313 60 318 0
97 382 170 333 94 287 0
34 132 4 324 137 207 16 376 252 94 0
65 260 294 263 150 350 31 0
3 4 8 12 16 20 22 34 37 39 40 42 58 60 62 65 71 80 84 90 91 96 109 114 128 131 132 136 137 138 141 142 145 147 148 149 154 155 156 163 178 183 189 197 200 201 207 216 229 230 233 234 236 246 248 261 263 266 276 277 287 294 298 306 309 312 313 315 327 332 338 345 346 349 350 351 355 356 360 363 371 373 381 382 388 396 397 399 400 0
160 368 177 343 183 124 0
130 194 259 263 8 72 201 363 12 14 400 115 376 186 219 382 0
129 258 359 136 233 360 363 15 314 93 286 0
323 228 135 105 108 301 399 177 179 20 309 126 351 0
128 225 391 303 207 17 317 0
64 97 227 13 398 146 212 341 374 125 0
321 389 108 237 304 370 217 284 0
6 7 8 10 23 24 31 36 53 58 59 61 65 69 70 73 78 82 88 89 91 92 94 95 96 98 103 105 114 120 124 131 139 145 151 159 161 164 186 189 190 194 199 201 210 221 244 246 247 251 265 276 283 284 285 290 291 295 306 314 332 339 343 356 357 359 361 366 368 376 381 382 386 388 391 393 397 0
239 272 79 306 281 26 155 0
225 66 130 227 353 179 20 282 29 318 0
97 387 196 228 169 314 20 310 279 218 348 159 0
382 259 260 390 263 136 265 266 139 12 267 14 397 273 276 277 151 24 25 28 285 286 159 160 161 287 290 295 168 297 43 171 300 49 177 178 309 311 56 60 193 194 195 323 197 72 74 76 79 207 82 212 213 340 341 88 216 217 343 346 349 95 224 229 233 361 363 108 238 366 240 367 369 246 377 254 0
257 227 68 111 146 180 314 31 0
259 134 44 114 213 343 381 0
386 39 139 267 205 46 20 86 122 0
4 6 12 20 31 36 40 44 53 58 62 66 71 75 80 84 89 90 93 94 96 99 103 108 111 114 115 130 131 132 134 142 146 147 148 153 160 165 171 178 190 192 194 201 212 220 225 228 233 237 243 245 259 261 263 265 271 272 273 276 281 282 287 292 301 324 343 349 353 356 358 359 363 365 367 372 376 396 397 399 0
159 258 7 104 298 368 84 148 22 277 281 61 31 0
41 44 78 367 51 22 282 61 126 0
196 40 41 80 272 277 0
224 355 324 39 331 300 205 303 306 51 316 93 0
194 354 236 398 400 215 314 157 95 0
224 97 163 7 8 361 298 237 365 149 277 315 29 0
33 314 257 0
324 298 301 141 241 310 312 153 0
97 103 393 298 75 144 273 210 212 87 251 0
65 291 324 202 13 237 15 147 22 24 157 0
192 66 72 364 237 301 243 84 341 279 27 287 0
387 73 44 149 124 0
353 3 356 197 135 297 79 146 274 313 159 0
224 197 168 202 396 273 311 27 0
4 12 22 24 26 31 32 34 41 42 53 59 64 74 75 80 88 106 108 115 120 126 127 134 136 151 157 158 163 164 165 166 186 190 206 207 212 227 230 233 234 239 247 254 257 258 260 265 273 274 279 284 285 296 297 298 300 304 305 323 324 327 328 329 331 340 346 351 355 356 363 368 374 379 381 386 389 396 397 0
206 372 53 309 373 88 154 285 0
256 386 6 297 202 300 141 142 49 373 252 0
355 261 398 17 150 0
104 346 147 246 186 382 0
3 91 139 365 273 283 0
13 17 20 26 29 31 33 35 36 38 40 43 46 49 63 70 77 78 79 81 91 100 104 105 115 121 127 128 131 132 133 139 141 142 150 152 156 157 164 169 170 178 180 194 196 197 202 205 206 218 219 221 224 225 227 228 230 234 243 251 254 257 258 277 279 284 286 290 291 294 297 298 299 304 306 321 323 337 339 340 345 350 358 367 368 371 376 379 384 390 393 394 399 400 0
384 129 66 260 261 263 73 43 148 212 340 219 0
129 163 390 234 301 398 239 241 337 276 0
164 165 260 8 136 237 157 0
39 236 397 368 369 309 315 0
98 228 267 109 15 217 0
5 9 12 13 14 16 23 29 32 33 36 41 56 58 61 64 68 77 78 82 87 104 105 108 109 111 114 115 122 131 132 135 137 140 142 145 148 150 155 159 161 165 168 177 178 182 197 201 202 207 212 213 215 221 227 228 236 239 240 243 249 251 257 259 263 266 267 274 277 282 283 284 287 291 292 297 300 301 305 306 315 316 321 324 332 334 346 351 355 360 361 367 371 372 374 389 396 397 398 0
3 8 12 15 17 20 21 24 26 29 32 39 42 44 51 53 62 64 66 78 80 83 86 88 89 90 92 97 100 104 110 114 115 125 126 128 136 137 146 152 156 157 158 163 168 177 180 189 194 195 196 201 206 216 219 238 243 246 249 250 258 259 264 269 295 309 313 315 318 340 343 346 348 350 357 361 370 371 382 386 387 388 389 391 0
329 235 268 303 339 309 248 121 0
170 131 0
353 4 6 40 9 301 46 15 337 347 277 218 155 189 95 0
131 100 69 291 324 357 391 236 269 239 27 29 94 0
312 133 330 144 17 305 117 56 94 286 0
99 297 15 309 374 345 0
227 228 230 394 12 110 46 274 88 255 0
66 68 356 71 110 180 149 310 284 0
383 137 74 235 141 113 339 149 373 379 159 0
133 40 393 76 77 46 142 145 305 306 84 338 310 381 382 0
312 39 137 76 304 147 179 372 24 89 158 351 0
227 36 197 90 387 390 394 108 26 316 0
329 108 16 82 179 20 338 379 91 284 0
36 295 103 201 340 0
3 134 233 333 50 56 254 0
356 328 329 202 44 301 273 87 376 121 58 247 223 0
291 71 108 334 398 240 241 210 151 59 0
225 3 251 113 51 309 59 348 0
386 133 390 327 345 82 210 150 121 381 0
4 6 7 9 20 22 26 32 34 35 40 41 44 47 53 56 62 64 65 68 75 78 79 82 94 97 99 100 103 111 115 122 124 128 129 132 135 140 141 145 146 149 154 156 161 170 180 193 195 200 215 216 224 228 240 241 251 259 271 274 283 287 289 291 295 304 309 316 328 330 331 333 334 340 346 347 348 353 355 358 374 377 381 382 385 388 389 390 393 399 0
386 3 259 260 6 383 264 138 12 141 14 143 268 17 146 396 276 397 22 279 399 281 26 27 283 31 287 33 161 164 40 41 170 297 44 301 46 305 51 53 309 58 59 186 318 66 194 197 71 199 76 212 347 221 351 97 356 376 230 108 238 369 370 115 373 374 120 121 379 127 0
228 71 400 82 149 86 341 381 286 0
130 35 355 134 40 368 370 213 152 217 379 318 0
5 20 26 29 33 34 41 63 64 68 77 78 79 82 86 97 103 110 115 117 118 127 128 130 135 142 151 154 156 157 158 161 165 182 197 207 212 213 218 219 223 237 241 243 248 257 259 279 283 284 292 297 298 306 311 312 313 315 327 329 333 346 347 349 350 355 363 364 369 371 372 374 381 382 385 387 389 391 398 0
3 4 5 10 12 15 20 26 28 31 38 41 43 58 59 60 72 73 77 79 88 96 98 103 109 115 121 122 125 138 139 146 151 152 153 156 161 163 164 170 177 182 189 194 196 197 202 205 212 217 220 228 233 239 240 257 259 261 264 277 281 294 304 310 323 327 338 343 345 358 363 365 368 371 375 381 384 388 396 400 0
227 324 263 41 219 398 272 177 370 117 59 0
385 3 255 388 391 138 139 14 15 398 145 146 147 276 22 287 33 35 164 166 41 172 301 303 305 50 53 309 310 186 59 189 62 63 64 192 193 323 324 71 73 201 210 339 340 87 343 90 346 220 248 98 100 228 102 233 361 363 364 237 111 367 369 114 370 245 120 250 252 127 0
39 8 9 327 75 44 142 120 0
4 6 12 25 26 29 32 33 36 41 44 47 49 50 53 56 58 60 63 72 73 74 75 77 91 92 96 97 100 101 105 109 122 127 128 129 131 132 134 136 141 146 147 158 164 182 189 192 193 195 202 218 220 229 234 241 246 258 266 267 269 279 281 283 284 287 291 296 298 306 309 318 324 339 343 359 361 364 375 376 387 389 0
3 12 14 15 26 29 31 32 35 36 39 41 42 56 58 60 62 68 70 72 73 77 84 88 90 96 99 110 120 124 127 134 136 138 141 142 145 152 156 158 161 164 168 190 191 196 197 199 205 207 216 217 218 220 221 224 229 238 239 247 254 266 267 272 273 283 284 291 299 300 305 311 313 315 318 323 324 331 338 339 341 343 346 349 353 356 358 363 369 375 377 379 381 385 399 0
323 324 233 329 299 115 339 376 281 0
6 8 91 376 283 0
161 323 292 166 103 7 14 240 120 59 287 0
41 105 138 15 400 50 372 90 283 61 159 0
115 179 351 0
386 305 274 337 148 84 370 215 376 59 0
196 294 135 361 266 15 151 381 0
324 296 41 111 241 62 59 190 0
229 294 77 79 177 306 250 348 125 382 95 0
32 384 356 169 79 17 177 338 212 218 251 382 0
388 327 141 147 127 287 0
236 142 79 156 348 0
290 389 102 327 105 75 46 24 217 382 0
318 294 103 330 366 369 149 182 154 284 190 95 0
192 195 100 164 323 10 53 373 58 63 0
134 72 168 265 394 205 238 340 375 217 0
256 257 382 131 132 5 386 263 136 9 138 387 396 14 15 399 146 147 20 25 285 158 32 161 163 164 42 44 50 180 310 183 311 314 315 316 189 190 193 321 197 71 72 201 202 328 330 77 332 210 86 87 89 91 220 348 375 98 227 100 228 358 233 377 363 108 365 115 371 254 248 121 252 126 255 0
291 323 358 103 40 234 76 13 16 48 213 156 221 0
3 7 8 25 28 39 41 42 58 59 61 65 68 69 74 79 88 89 90 91 93 103 105 113 129 130 140 141 144 156 160 161 163 166 169 192 193 197 200 201 207 211 212 213 216 217 223 230 233 235 236 238 240 247 258 260 263 265 269 277 281 287 290 292 296 300 301 303 304 305 312 313 328 330 340 341 355 361 366 369 374 385 386 387 389 390 391 392 0
201 74 269 79 113 383 0
3 13 21 29 36 42 43 46 50 51 62 66 72 74 77 86 88 91 93 99 102 109 114 118 120 127 129 130 132 138 139 142 149 155 158 164 180 189 190 197 199 201 202 205 206 207 212 219 220 223 224 225 227 230 234 237 238 241 248 250 259 268 273 274 276 283 284 285 286 304 305 309 311 329 333 340 347 351 357 359 363 365 368 375 377 379 382 386 390 394 396 0
224 290 164 39 400 50 370 26 0
5 12 14 22 23 26 28 31 35 36 51 53 62 63 64 66 68 73 80 86 90 91 100 104 108 117 125 126 127 129 133 137 139 142 150 155 157 170 180 190 193 197 200 201 218 237 241 248 250 256 258 267 268 270 283 289 294 297 306 316 321 324 331 332 333 339 340 341 343 345 347 353 355 365 368 377 385 389 391 396 0
66 35 3 135 397 340 213 215 0
256 129 258 384 388 134 135 8 9 10 136 12 267 14 269 146 20 276 22 25 281 282 156 286 287 33 289 36 168 299 44 300 46 390 49 180 53 309 311 313 315 189 62 324 70 332 77 337 82 338 339 87 346 92 348 223 96 225 98 353 356 102 361 108 238 111 241 114 120 250 0
96 4 390 266 142 110 27 0
2 3 4 4 2 4 4 4 2 4 4 2 2 2 3 4 4 2 4 2 3 3 2 2 4 3 3 3 2 2 3 3 4 4 4 2 4 3 3 4 3 2 3 2 2 3 4 2 3 4 3 3 4 3 2 3 2 2 3 2 4 2 2 3 4 3 2 3 3 3 2 3 3 4 4 3 4 3 2 2 3 2 3 2 2 2 2 2 4 4 3 3 3 4 2 2 4 4 4 3 4 3 4 4 4 2 2 4 2 3 4 3 4 4 3 4 4 4 3 4 2 3 4 3 4 4 3 2 2 4 3 4 2 2 2 4 2 2 2 2 3 3 4 3 3 4 4 2 3 2 2 4 4 3 3 3 2 3 4 2 3 4 3 3 2 2 4 3 3 2 4 2 4 2 4 3 2 3 2 3 2 4 2 3 4 4 3 4 2 2 4 2 3 4 4 3 2 4 3 2 4 3 3 3 2 2 3 3 2 3 2 2 2 4 3 2 2 3 3 3 4 2 4 3 2 3 3 3 4 2 3 3 3 3 3 3 3 2 2 3 2 2 2 4 4 4 4 2 3 2 2 2 2 3 2 3 2 3 4 2 3 2 3 3 3 4 3 4 4 3 3 3 3 2 2 2 2 2 4 3 3 3 2 4 2 3 4 4 2 2 4 4 4 3 2 2 2 2 4 3 3 4 3 2 2 2 3 4 4 3 4 4 4 3 2 2 3 4 3 3 2 3 2 2 2 2 2 4 4 4 3 2 4 4 2 4 2 3 2 3 4 2 2 3 4 4 3 2 3 2 2 3 3 3 3 2 2 4 4 4 3 2 4 2 2 4 4 2 3 2 2 2 4 3 3 3 2 4 4 3 3 4 3 4 4 2 3 2 4 2 4 3 3 4 2 2 3 3 3 3
