1500 1000 400
261 325 167 302 111 16 348 120 89 380 189 126 0
354 324 262 296 73 46 48 113 338 307 371 213 0
162 322 258 5 102 303 338 311 151 347 222 191 0
260 294 106 267 236 243 19 277 119 185 381 30 0
352 134 41 368 210 211 278 183 24 377 54 94 0
128 37 327 298 205 239 16 214 23 88 123 157 0
324 325 357 330 331 43 400 178 179 243 285 63 0
71 104 200 170 10 332 173 270 241 86 312 122 0
135 329 202 395 42 142 80 341 345 124 94 223 0
224 225 129 256 289 17 273 372 117 88 314 219 0
259 68 3 264 265 400 81 16 212 278 155 254 0
217 266 108 176 241 244 117 118 345 90 189 159 0
170 299 300 237 366 49 211 53 54 373 149 380 0
98 3 41 297 9 110 113 211 148 214 126 159 0
226 355 34 135 201 138 400 240 370 86 151 377 0
259 6 38 138 330 44 332 13 303 316 188 95 0
320 164 357 141 338 339 52 245 309 22 344 341 0
71 41 266 10 302 367 273 146 243 187 380 382 0
64 128 226 387 353 166 106 270 209 338 181 85 0
288 384 68 293 314 183 94 154 347 127 62 351 0
384 227 388 67 263 330 142 174 19 21 93 286 0
128 130 197 102 40 241 85 157 120 58 349 125 0
66 227 390 313 363 140 142 302 146 245 152 217 0
387 134 360 137 170 332 205 208 273 308 280 155 0
355 389 9 75 79 242 214 374 253 349 318 223 0
257 324 326 394 300 397 337 82 52 53 251 157 0
289 2 195 325 332 301 370 275 212 58 127 159 0
33 354 67 324 260 230 171 272 370 307 276 382 0
352 97 289 198 358 107 304 49 149 246 251 318 0
384 97 130 229 326 135 392 73 270 115 284 255 0
97 11 332 12 110 270 144 273 364 243 85 245 0
229 39 8 393 45 175 271 143 304 372 309 125 0
96 33 162 163 195 201 11 12 209 116 182 90 0
385 382 76 77 174 47 19 179 62 57 349 350 0
289 355 356 135 331 238 334 240 337 346 317 62 0
192 322 387 263 235 336 368 17 275 20 312 346 0
64 2 387 292 69 34 27 16 20 347 188 31 0
257 34 170 332 112 113 340 374 247 310 121 283 0
96 225 355 90 390 230 237 304 209 146 248 186 0
357 263 73 105 363 43 45 206 393 368 369 346 0
70 137 42 301 271 303 176 180 152 249 348 318 0
257 2 388 262 39 136 199 167 11 142 179 283 0
162 354 329 363 368 337 23 152 57 347 95 63 0
288 385 390 167 263 137 108 89 124 93 254 351 0
289 163 104 170 298 11 206 146 53 374 55 383 0
226 168 265 234 79 272 16 368 214 62 350 255 0
161 292 326 262 362 203 365 113 148 85 313 314 0
128 161 355 199 392 172 398 240 312 217 315 351 0
227 3 108 173 366 399 365 273 177 378 94 383 0
225 66 261 170 235 315 339 341 246 59 156 221 0
96 196 164 73 170 143 241 306 148 183 312 347 0
224 128 66 294 390 362 10 301 211 246 28 223 0
225 71 327 107 44 108 110 48 341 251 220 382 0
97 129 387 200 107 210 212 22 56 154 187 120 0
99 344 358 328 299 141 110 336 178 120 285 222 0
384 97 162 227 260 296 9 298 299 48 186 349 0
294 326 330 302 239 142 334 276 341 88 222 30 0
153 260 112 145 241 114 180 373 214 49 377 27 0
390 266 138 46 143 20 213 245 280 154 190 191 0
11 44 48 370 379 339 149 312 250 59 286 31 0
197 134 328 396 76 397 368 306 308 118 184 285 0
322 100 357 296 73 333 60 206 46 399 51 380 0
128 161 3 196 163 263 104 170 114 307 316 350 0
89 259 4 262 42 174 175 336 110 24 345 122 0
10 106 235 142 273 254 247 282 315 28 158 127 0
97 161 35 366 16 211 180 181 54 248 124 223 0
161 99 100 171 397 366 303 49 243 179 213 31 0
322 258 102 395 268 396 370 338 20 180 275 216 0
64 162 164 38 393 169 364 114 116 278 313 287 0
130 99 290 5 197 2 202 107 331 178 381 158 0
324 133 40 362 114 341 348 376 90 188 382 63 0
66 132 325 231 106 396 143 53 341 154 156 319 0
66 231 393 394 235 78 14 110 114 306 90 348 0
99 68 204 147 276 125 54 215 376 221 318 191 0
32 37 296 301 14 18 178 374 283 125 350 95 0
162 258 292 4 40 269 116 181 342 247 284 254 0
32 325 230 392 395 44 45 75 369 181 87 351 0
64 163 291 329 141 111 246 248 59 124 317 191 0
129 66 33 6 135 199 299 368 273 51 275 348 0
3 68 166 8 9 40 44 47 340 123 189 350 0
387 3 132 7 136 169 263 305 29 212 88 157 0
356 197 45 315 274 370 82 214 249 347 253 382 0
64 102 264 11 275 243 341 54 247 250 94 127 0
121 258 164 101 133 232 363 44 269 89 27 285 0
32 387 4 42 187 141 18 372 280 217 88 189 0
64 321 58 360 366 79 211 340 183 56 249 90 0
290 195 292 302 270 342 189 248 121 123 284 221 0
384 258 132 364 46 180 182 57 380 317 350 95 0
65 297 107 204 141 175 48 370 115 149 310 312 0
290 42 75 396 13 78 14 242 179 275 53 183 0
287 168 42 333 307 212 55 373 311 381 94 159 0
258 70 167 359 175 272 310 150 314 60 158 351 0
323 103 169 237 270 110 368 50 280 345 379 125 0
96 194 328 74 204 178 374 182 124 157 190 375 0
293 230 235 172 76 80 241 372 276 22 183 25 0
256 100 140 269 46 272 308 278 250 380 61 30 0
386 287 4 359 328 10 269 84 313 187 286 31 0
160 39 168 365 334 368 240 23 87 24 123 159 0
288 35 12 172 334 79 15 243 150 121 90 63 0
162 35 356 261 294 360 307 212 247 250 284 93 0
224 386 103 137 234 394 330 75 51 243 341 214 0
354 37 135 359 74 12 340 213 59 348 349 31 0
280 2 71 367 144 119 21 151 88 282 343 287 0
352 35 261 70 295 361 172 173 279 153 154 318 0
6 265 236 77 239 179 212 308 86 23 25 158 0
197 263 202 234 177 145 276 342 279 153 219 94 0
160 321 228 167 327 201 362 232 329 205 241 383 0
258 2 69 389 358 138 74 236 111 336 241 117 0
323 196 392 361 266 172 15 305 149 150 24 253 0
193 354 33 163 230 391 329 140 82 311 185 27 0
321 98 258 355 37 340 277 121 122 188 93 126 0
192 35 100 297 362 299 335 52 86 348 92 94 0
196 137 172 305 17 146 117 277 88 250 380 286 0
354 196 359 234 331 79 400 241 54 280 155 285 0
291 4 383 44 334 15 240 116 309 311 62 159 0
3 231 72 204 334 272 210 253 312 345 125 30 0
355 292 231 301 371 372 52 149 244 184 251 31 0
227 136 296 41 298 301 175 178 156 285 190 223 0
130 228 135 40 362 78 399 16 308 215 94 30 0
3 101 326 201 333 206 82 339 338 59 92 383 0
350 162 35 132 39 328 327 209 149 89 28 382 0
195 41 394 364 174 15 272 16 339 150 87 123 0
352 353 195 359 269 271 275 276 246 24 349 158 0
2 322 229 70 166 263 264 330 175 211 374 27 0
163 356 134 136 361 10 77 237 274 216 220 255 0
160 385 227 358 326 104 138 139 372 21 313 157 0
2 292 230 166 72 296 358 204 186 91 252 30 0
353 90 250 267 78 144 50 212 84 346 251 28 0
256 129 224 99 11 108 142 335 273 83 182 383 0
258 34 262 102 137 146 274 50 245 86 246 285 0
5 358 70 8 42 75 366 115 20 214 120 346 0
98 163 262 232 73 233 329 362 302 16 52 151 0
362 395 173 301 305 210 93 150 250 253 222 95 0
352 128 129 133 230 135 235 141 81 306 277 220 0
354 197 40 297 41 171 76 173 337 58 91 252 0
320 227 324 357 292 201 205 48 242 213 152 377 0
225 35 164 392 361 138 307 20 310 24 89 90 0
353 65 38 76 240 244 87 250 155 92 253 158 0
354 228 201 234 204 140 237 49 209 273 249 127 0
192 288 226 217 231 170 241 273 113 89 187 188 0
391 395 15 113 18 273 372 52 53 337 253 254 0
358 295 168 360 71 235 110 143 79 190 222 287 0
195 261 134 293 262 45 176 336 147 180 312 157 0
192 32 295 40 331 276 348 25 158 92 62 223 0
192 288 354 99 296 393 361 265 105 173 46 345 0
258 292 389 364 396 111 211 180 342 151 25 218 0
159 65 387 360 141 49 118 216 346 286 382 191 0
289 70 39 74 206 82 52 86 217 349 382 223 0
64 321 129 355 323 326 71 233 331 181 22 343 0
352 97 202 12 400 18 211 343 25 186 155 188 0
64 224 34 128 363 146 180 246 87 377 190 318 0
289 70 72 138 139 205 302 46 18 52 377 28 0
355 67 69 168 394 203 141 17 280 346 156 221 0
3 103 200 330 298 395 14 303 244 312 92 254 0
390 313 200 137 235 141 338 275 277 121 346 221 0
224 130 6 231 8 296 330 205 398 151 185 58 0
289 5 37 199 168 103 298 75 400 144 27 157 0
323 259 39 268 269 206 398 304 30 25 91 382 0
321 33 322 167 139 142 337 113 341 374 24 25 0
352 162 322 5 165 359 134 15 245 373 254 222 0
223 133 262 135 345 169 400 272 369 213 377 159 0
193 255 359 265 337 370 243 374 89 347 189 319 0
257 36 261 5 7 229 40 108 301 115 216 314 0
321 355 104 265 137 204 46 17 337 87 24 311 0
391 169 236 304 371 277 150 151 57 315 252 222 0
390 169 106 45 110 219 305 115 277 247 185 27 0
387 38 392 396 365 176 337 339 84 118 380 350 0
2 163 68 361 365 270 210 51 86 151 248 345 0
162 290 73 172 334 48 210 307 274 21 85 183 0
2 391 392 203 332 52 150 56 218 348 381 319 0
354 260 40 169 266 109 14 13 310 156 63 95 0
320 257 293 6 297 14 270 305 339 151 217 156 0
355 329 331 364 334 15 17 18 148 310 59 29 0
160 224 66 313 364 45 338 119 345 381 254 95 0
256 356 165 36 203 268 16 113 178 147 116 186 0
32 129 385 131 101 105 42 106 139 14 307 21 0
232 74 138 303 336 80 148 149 94 158 254 191 0
355 198 108 109 142 398 349 344 251 220 63 351 0
262 39 166 250 299 237 243 372 83 56 346 95 0
288 386 292 134 297 14 273 81 254 26 315 126 0
226 35 131 175 400 272 145 146 248 317 221 318 0
329 299 300 173 77 16 18 215 312 122 92 189 0
385 386 262 391 202 305 210 182 23 154 252 62 0
162 163 261 319 266 333 237 375 154 31 221 255 0
224 261 328 140 269 79 47 16 305 24 94 382 0
321 69 301 238 79 240 49 246 375 379 381 31 0
64 266 43 271 16 240 63 153 314 381 126 127 0
193 226 66 133 265 111 274 53 183 89 63 383 0
224 36 388 196 391 264 137 361 269 206 249 31 0
160 387 195 133 107 395 77 270 20 120 281 380 0
288 227 233 301 242 83 276 85 277 311 371 57 0
256 70 359 72 73 241 370 81 179 181 346 287 0
128 162 105 140 205 172 272 209 53 58 379 188 0
192 160 98 291 201 51 307 341 374 54 120 126 0
33 98 73 267 269 398 333 374 247 153 59 375 0
193 387 164 105 147 244 211 280 121 124 125 184 0
36 197 267 205 365 367 175 370 216 313 190 350 0
261 12 79 305 306 307 83 341 376 121 61 318 0
160 358 283 273 306 310 247 88 217 122 158 254 0
224 98 389 295 263 176 156 309 55 187 316 125 0
320 227 27 170 45 240 208 338 279 251 61 254 0
65 132 326 39 393 74 12 45 398 114 25 286 0
96 159 297 140 147 244 85 344 281 154 188 63 0
198 199 73 74 363 397 206 381 120 56 189 286 0
361 73 235 108 303 16 208 146 244 90 382 159 0
248 129 356 293 169 75 140 214 342 152 377 190 0
224 324 261 237 397 49 18 118 345 59 156 223 0
192 385 96 71 10 268 207 272 340 245 317 255 0
224 102 7 171 76 178 19 55 282 28 254 159 0
34 67 164 101 166 346 110 81 115 153 58 252 0
353 354 58 328 298 207 209 151 24 122 251 60 0
96 289 90 361 297 18 243 63 309 218 253 191 0
384 355 357 108 332 398 18 275 372 121 347 94 0
320 161 130 8 366 48 337 116 212 118 315 285 0
64 68 326 232 105 298 200 140 203 271 373 377 0
288 289 164 5 274 181 121 154 251 284 190 63 0
101 70 73 239 84 308 276 151 122 315 311 383 0
288 34 292 297 242 274 20 246 26 28 29 190 0
197 7 394 235 109 175 283 115 275 246 378 91 0
38 72 170 81 369 179 181 54 346 222 94 287 0
327 297 286 239 176 80 145 375 220 311 62 191 0
225 258 99 165 12 77 46 15 342 23 315 125 0
312 297 234 306 212 245 183 248 185 56 190 31 0
353 66 33 260 326 330 282 206 146 121 154 57 0
98 200 266 267 235 301 371 343 151 215 29 126 0
128 97 134 103 298 207 273 337 148 25 282 379 0
98 259 3 5 167 265 74 140 141 23 248 377 0
290 104 238 336 340 150 183 89 316 317 318 63 0
288 98 35 292 261 102 295 395 300 336 147 347 0
224 388 104 72 170 302 114 276 310 88 154 380 0
96 388 167 231 138 111 144 84 277 246 314 190 0
128 385 224 131 196 356 203 366 343 281 60 383 0
5 40 41 362 213 149 375 185 90 219 220 159 0
33 257 163 364 45 144 188 24 59 156 253 127 0
289 101 72 88 44 173 155 311 312 153 187 157 0
101 74 43 267 399 369 84 309 149 152 346 29 0
3 292 328 73 298 142 14 243 275 215 120 313 0
96 295 140 271 48 18 51 180 85 243 189 93 0
103 73 397 142 174 110 369 145 339 278 375 154 0
318 133 41 265 394 109 175 19 308 276 349 126 0
257 36 389 8 232 365 14 205 346 349 190 255 0
256 321 35 260 132 70 395 237 79 339 84 316 0
64 353 352 163 197 165 232 18 306 154 95 255 0
65 257 162 38 235 139 109 114 82 118 313 317 0
64 320 352 260 388 392 393 144 338 180 347 30 0
130 68 7 298 235 16 124 178 242 184 380 349 0
96 356 38 39 297 330 15 143 243 54 24 122 0
257 3 4 100 167 237 52 117 342 281 27 319 0
163 196 71 40 10 138 77 145 51 307 24 217 0
201 44 77 397 142 47 332 50 184 121 189 159 0
104 329 106 203 107 108 82 339 148 312 88 348 0
193 138 395 141 209 114 340 53 341 119 250 126 0
195 69 41 202 269 334 143 54 86 217 250 319 0
224 196 133 134 171 210 311 312 24 347 28 383 0
103 72 360 138 11 332 111 399 81 23 123 316 0
388 197 392 393 139 204 14 303 174 248 314 252 0
2 100 69 231 328 137 202 234 205 308 89 189 0
192 132 360 239 400 305 244 373 118 345 250 287 0
224 194 198 294 200 397 206 47 303 51 88 249 0
32 225 97 34 202 141 239 116 245 148 86 221 0
258 356 327 200 336 370 381 23 122 349 286 287 0
289 260 106 330 108 237 142 75 277 221 153 253 0
131 163 167 329 138 42 234 397 142 335 179 313 0
134 383 105 297 271 400 370 371 180 246 315 159 0
257 386 388 5 101 332 270 176 22 119 153 62 0
230 264 73 364 366 334 19 125 216 218 188 381 0
224 265 362 235 240 177 338 180 244 312 315 381 0
224 96 322 359 8 78 366 14 243 119 86 215 0
384 230 167 8 297 136 274 275 277 214 117 377 0
40 298 299 77 141 206 111 337 113 212 151 254 0
160 68 231 301 110 369 81 180 213 120 219 350 0
257 356 68 135 328 391 203 300 397 303 307 284 0
258 227 262 360 398 47 21 380 378 252 222 62 0
167 296 202 11 267 42 112 113 178 20 311 250 0
197 11 44 123 15 271 117 182 215 218 27 31 0
263 203 331 397 77 240 243 52 181 246 317 190 0
384 65 352 258 132 137 297 43 173 210 53 91 0
98 133 103 264 393 236 14 17 279 378 283 380 0
131 35 102 295 327 10 139 273 308 310 55 153 0
64 65 66 136 139 269 49 306 308 149 55 186 0
72 268 238 305 369 179 212 243 54 153 284 381 0
41 237 335 144 19 220 21 23 344 31 93 191 0
288 289 226 3 389 7 136 40 331 239 176 150 0
291 387 35 8 137 107 45 144 83 84 181 313 0
32 225 323 103 362 365 273 148 180 150 24 158 0
69 198 391 170 235 174 241 178 371 215 316 317 0
97 350 166 359 232 141 302 111 148 342 343 158 0
161 99 262 269 238 79 367 304 78 243 125 29 0
191 229 37 358 168 202 299 51 84 182 281 95 0
290 291 100 201 395 108 239 211 148 118 221 94 0
128 33 227 235 177 146 179 20 215 221 254 127 0
289 102 399 209 242 307 244 341 85 370 249 253 0
96 259 260 262 200 377 397 271 82 373 57 253 0
352 228 70 234 333 110 77 176 305 150 216 154 0
161 353 258 228 165 39 43 306 309 151 376 59 0
323 36 389 297 42 139 107 394 399 148 349 221 0
159 164 293 262 169 300 206 341 184 218 190 351 0
385 67 255 390 331 267 333 368 275 58 157 31 0
160 290 226 325 200 9 10 300 146 151 89 318 0
39 71 201 331 396 175 306 242 84 149 277 60 0
259 36 165 4 172 301 206 175 400 17 24 61 0
357 11 332 236 110 271 239 179 372 83 377 63 0
97 382 293 41 238 143 272 277 58 380 126 286 0
99 198 141 79 368 370 19 54 247 314 349 159 0
288 355 195 326 358 169 109 15 347 252 29 94 0
352 161 224 6 391 9 106 397 118 279 218 123 0
122 154 171 172 205 116 23 119 88 26 252 222 0
130 164 330 42 362 397 144 305 181 214 312 378 0
33 162 37 361 73 300 209 149 182 123 254 319 0
288 258 162 68 196 262 5 218 13 89 26 125 0
128 289 290 323 258 297 170 239 18 242 252 60 0
257 196 327 265 237 109 276 189 346 283 93 62 0
353 36 101 361 298 271 82 148 373 213 341 185 0
129 291 104 139 365 305 370 82 210 119 379 188 0
321 166 6 71 331 140 207 335 212 84 24 314 0
386 389 6 108 397 110 244 117 22 377 93 319 0
193 258 166 199 8 329 395 368 370 149 343 314 0
385 68 168 15 272 20 308 54 249 124 126 63 0
357 197 296 393 9 238 175 310 254 182 94 318 0
130 357 358 174 366 47 241 146 147 18 341 249 0
169 298 299 12 203 238 245 310 311 28 125 351 0
322 199 8 106 139 13 269 83 276 372 311 157 0
98 259 197 295 201 333 146 85 55 57 30 223 0
362 75 332 139 396 110 44 369 50 45 212 179 0
261 38 39 295 37 172 273 211 21 120 377 255 0
288 352 325 71 394 362 108 142 240 274 21 376 0
36 5 235 237 206 365 48 145 340 126 380 222 0
224 321 97 36 357 296 235 273 274 305 120 315 0
288 257 354 193 37 167 268 77 181 119 26 253 0
357 103 171 396 140 271 305 178 19 249 125 287 0
64 287 325 70 168 369 146 275 276 152 317 383 0
161 195 100 200 364 398 367 400 182 376 156 127 0
66 387 135 103 235 267 173 271 240 304 373 25 0
133 391 73 297 242 212 244 376 25 283 157 351 0
256 249 364 219 143 306 180 150 121 346 315 349 0
259 164 260 217 265 362 60 17 25 158 124 350 0
325 165 134 389 11 282 46 275 213 122 252 381 0
64 386 295 231 359 39 297 369 146 309 312 88 0
129 324 165 294 186 139 236 146 213 374 90 124 0
290 68 395 300 45 205 16 241 52 341 345 27 0
159 130 344 332 57 15 312 217 26 28 317 95 0
96 35 324 389 294 204 44 207 179 90 61 190 0
96 129 257 100 104 172 300 240 146 343 313 318 0
227 260 69 72 234 11 241 82 85 279 188 189 0
354 325 303 17 370 244 84 55 87 215 29 190 0
129 97 164 389 265 275 371 246 281 221 350 287 0
66 196 37 231 8 50 115 215 94 379 157 222 0
192 325 233 106 299 204 240 52 373 153 26 220 0
130 102 73 206 347 85 278 23 149 247 125 255 0
69 70 249 134 201 331 108 398 372 121 28 126 0
320 353 162 37 6 297 60 156 276 117 343 188 0
290 387 293 178 116 93 118 214 248 282 88 253 0
258 163 292 170 78 335 177 54 183 120 313 253 0
320 192 386 353 165 328 300 243 244 182 217 124 0
321 2 33 355 73 361 364 147 310 119 153 155 0
69 134 230 296 137 10 108 215 57 186 155 284 0
128 322 287 389 135 43 364 114 210 189 94 351 0
131 295 73 43 139 13 116 212 151 152 254 255 0
192 2 391 139 236 45 78 398 178 148 54 186 0
195 37 102 392 393 175 16 371 55 56 93 255 0
224 387 39 45 366 109 115 180 277 214 88 31 0
352 232 171 12 367 368 242 19 53 215 152 287 0
260 389 390 302 334 115 308 215 378 187 316 61 0
68 69 5 8 328 363 341 87 280 284 317 319 0
192 385 3 197 204 144 84 214 215 249 122 383 0
35 3 9 138 106 332 282 234 304 81 26 157 0
65 385 388 231 135 40 264 107 11 334 111 19 0
353 162 90 71 111 400 309 118 314 347 382 63 0
325 133 105 169 171 204 333 14 275 212 181 57 0
161 162 132 295 393 142 78 146 185 282 189 159 0
255 387 36 70 328 394 16 211 283 316 30 159 0
248 257 34 263 200 75 110 179 341 246 184 56 0
356 264 40 77 370 211 309 181 55 315 94 319 0
258 131 71 393 123 267 80 244 377 346 59 92 0
193 387 260 330 301 141 304 272 249 90 155 255 0
66 102 295 334 399 303 49 275 339 276 372 252 0
131 164 58 393 203 241 22 342 278 26 379 381 0
2 227 356 38 41 239 144 338 341 26 92 63 0
192 2 359 11 44 238 49 178 113 180 213 27 0
224 226 100 132 366 29 118 183 87 88 285 343 0
97 163 37 170 75 12 366 79 278 186 190 191 0
96 98 227 389 103 74 107 49 82 56 57 124 0
32 321 260 134 170 250 109 16 341 245 154 92 0
352 33 229 389 232 365 301 83 372 21 58 347 0
66 325 262 265 203 236 269 142 87 153 59 156 0
160 291 200 363 124 51 252 316 377 314 188 351 0
35 70 39 332 15 308 374 343 312 121 60 255 0
256 290 393 137 43 204 398 279 126 187 222 223 0
64 101 396 204 16 276 23 316 348 282 283 28 0
288 130 66 41 266 170 45 211 182 55 318 95 0
97 35 294 295 300 204 368 276 56 218 315 92 0
357 10 298 394 203 363 178 115 371 186 349 255 0
96 259 196 387 169 299 336 29 82 222 382 351 0
129 313 168 73 237 271 55 88 121 120 157 126 0
32 96 352 37 393 9 12 60 147 212 250 188 0
320 262 200 239 272 124 179 56 313 155 348 350 0
257 5 250 266 239 370 339 147 375 122 379 383 0
65 227 4 390 234 331 268 206 147 309 374 350 0
98 10 13 301 399 16 341 22 375 344 285 382 0
64 353 356 70 42 236 110 23 22 279 56 345 0
32 259 227 357 391 42 268 204 368 83 281 26 0
287 261 197 40 43 78 238 207 206 217 286 383 0
257 90 358 202 13 145 284 151 218 380 125 255 0
320 257 233 234 399 251 240 181 278 314 155 318 0
288 130 163 5 328 392 140 367 271 342 218 381 0
248 356 69 38 269 240 340 24 121 216 318 159 0
386 383 170 206 15 49 243 24 281 218 187 255 0
193 100 40 328 264 395 42 237 87 279 381 31 0
98 7 199 297 201 104 174 207 248 218 219 317 0
288 96 98 224 327 264 394 139 76 374 377 154 0
322 67 100 326 264 329 265 335 374 123 93 287 0
295 73 9 74 141 336 157 311 120 283 92 125 0
321 387 68 357 35 71 232 11 400 373 55 319 0
129 163 230 262 168 297 364 334 60 21 59 348 0
290 327 297 15 175 369 178 336 340 184 217 315 0
292 196 102 361 105 43 171 234 142 341 54 187 0
328 331 108 301 366 176 400 338 372 277 221 381 0
33 323 291 387 334 83 116 308 342 180 120 153 0
130 325 297 237 110 398 150 23 380 345 156 126 0
161 386 166 391 264 202 299 107 215 348 189 158 0
198 134 6 297 42 303 178 147 25 186 62 127 0
356 36 102 8 364 14 275 19 307 376 315 157 0
320 292 261 390 102 264 134 268 179 279 58 347 0
132 261 5 41 43 203 205 334 206 21 87 279 0
128 385 386 133 197 332 207 367 209 83 152 157 0
162 133 134 104 237 306 310 279 221 250 59 253 0
323 195 261 135 265 172 173 364 343 56 121 223 0
96 37 107 76 109 80 115 276 310 153 123 156 0
325 264 393 235 365 176 49 145 181 182 213 63 0
192 162 228 171 123 205 175 368 20 309 23 251 0
193 386 389 11 113 20 342 55 62 314 187 94 0
102 294 264 328 204 205 240 209 117 380 349 95 0
161 393 299 13 45 175 143 309 377 346 379 156 0
360 40 91 236 110 243 309 85 247 152 155 286 0
386 136 43 268 365 307 308 22 376 56 381 30 0
320 354 39 105 238 340 213 181 308 155 285 351 0
199 168 46 241 115 276 150 247 280 215 91 95 0
160 288 285 39 345 334 398 175 375 183 250 253 0
26 360 266 269 146 179 19 275 375 250 222 223 0
32 194 185 388 326 168 236 214 247 216 313 150 0
388 198 11 140 333 399 400 210 338 184 155 348 0
320 129 135 345 199 76 16 115 153 378 284 31 0
291 132 357 9 43 207 338 23 121 315 348 287 0
32 257 65 35 396 78 398 85 88 123 125 127 0
260 218 268 300 142 13 112 340 309 216 89 90 0
352 64 101 169 171 236 145 49 118 26 123 158 0
32 288 296 9 266 363 112 336 277 214 220 286 0
128 386 326 154 269 367 335 244 282 252 253 190 0
34 165 105 171 269 238 112 81 211 243 85 155 0
164 324 166 359 68 79 308 343 344 153 156 255 0
288 32 223 134 334 335 208 113 88 186 315 95 0
129 165 397 205 13 304 51 93 150 189 222 158 0
130 36 357 102 230 171 332 77 372 284 59 92 0
194 163 260 357 261 165 313 300 142 338 89 57 0
353 66 266 267 397 13 83 311 152 153 29 351 0
384 101 167 103 201 104 314 143 82 116 186 383 0
164 230 8 393 265 44 237 206 373 154 189 63 0
102 263 136 41 398 79 245 246 215 21 151 250 0
192 129 4 101 72 104 334 240 245 280 27 28 0
161 38 232 141 399 369 306 245 279 347 31 159 0
358 360 75 300 16 181 215 151 315 220 221 255 0
102 40 361 42 362 300 334 366 79 279 185 191 0
257 353 196 377 240 179 53 88 249 189 95 159 0
320 228 133 5 360 40 72 173 305 87 90 125 0
225 98 293 328 392 203 45 270 212 276 344 159 0
65 325 165 199 74 364 211 244 214 92 158 287 0
382 388 197 166 70 264 233 361 369 280 378 286 0
97 98 387 101 70 166 358 106 42 142 334 123 0
192 129 121 256 122 334 206 175 306 51 345 218 0
128 387 324 71 106 299 13 16 80 210 280 252 0
135 72 299 108 107 337 21 88 25 60 126 159 0
162 99 100 73 43 181 119 151 89 347 254 319 0
137 12 187 142 398 368 243 148 26 59 60 126 0
33 199 107 270 210 276 118 283 124 221 126 63 0
226 390 264 233 169 10 172 397 276 188 158 286 0
161 98 356 389 105 203 11 205 238 86 92 158 0
36 69 6 360 136 332 82 214 118 315 284 222 0
161 289 196 58 232 333 209 244 84 313 218 254 0
162 101 69 229 201 395 79 178 115 180 90 31 0
354 136 300 109 156 307 244 183 347 348 222 382 0
40 394 139 204 141 145 209 147 311 58 284 126 0
128 33 37 165 263 234 235 141 368 112 22 159 0
66 293 39 330 46 142 81 210 246 186 93 159 0
66 101 154 265 266 74 399 114 181 186 187 125 0
129 7 232 329 171 333 347 149 248 91 61 94 0
96 129 100 37 134 40 266 365 78 92 314 124 0
256 323 103 360 329 76 367 112 125 250 349 287 0
353 2 293 330 331 171 394 142 175 180 277 184 0
128 129 130 290 392 75 140 109 16 210 179 56 0
256 196 5 7 359 337 146 209 49 149 121 156 0
320 161 223 163 132 10 80 211 53 119 91 191 0
320 164 71 296 107 301 239 305 342 344 282 319 0
96 385 3 4 9 141 142 239 146 212 346 124 0
34 362 142 14 144 78 399 87 158 28 189 382 0
34 259 393 201 330 76 396 176 337 372 184 156 0
192 288 352 164 361 41 138 14 400 371 314 254 0
195 166 102 267 206 48 80 144 21 343 220 158 0
326 391 200 136 203 273 180 215 57 218 380 63 0
34 90 133 295 171 44 143 56 378 27 92 30 0
225 260 136 232 364 236 172 334 371 313 188 287 0
99 233 267 301 142 399 270 116 277 217 251 380 0
129 387 67 71 231 232 10 331 46 275 117 342 0
97 103 363 396 238 338 342 55 280 93 95 63 0
65 193 107 112 49 145 152 94 346 219 61 254 0
322 133 168 204 45 315 18 244 119 27 253 62 0
36 72 138 14 274 146 340 338 216 122 188 285 0
97 2 99 289 100 296 108 365 110 85 123 223 0
257 130 258 229 73 299 204 47 207 50 254 319 0
288 289 391 298 234 270 15 339 179 341 349 127 0
261 262 360 298 171 397 270 273 370 115 53 156 0
130 37 135 359 329 391 395 46 334 278 121 381 0
290 164 154 392 76 397 46 81 337 19 119 282 0
289 2 99 164 135 136 332 176 145 279 251 351 0
327 139 205 14 366 336 372 149 312 26 123 252 0
33 7 136 267 396 305 315 52 213 55 59 254 0
224 32 162 299 115 277 310 213 88 21 316 223 0
225 99 323 297 334 146 61 148 314 27 60 93 0
97 387 313 108 279 14 273 343 281 314 92 25 0
225 386 4 68 168 201 237 15 114 370 248 222 0
393 139 365 240 112 144 308 53 277 375 88 191 0
386 165 39 139 205 60 339 181 277 31 189 191 0
96 129 162 102 72 169 274 373 311 281 59 223 0
387 227 328 264 172 269 206 46 114 338 306 345 0
69 327 135 105 393 176 20 309 154 315 156 159 0
320 193 194 354 224 357 360 73 331 241 85 55 0
260 389 5 332 13 173 366 146 51 214 342 61 0
193 33 133 135 116 21 244 373 340 53 286 383 0
66 387 185 322 135 39 362 308 183 344 25 252 0
387 70 391 360 266 172 270 18 245 22 188 349 0
256 4 261 42 77 365 47 82 178 23 88 122 0
205 109 143 304 305 209 19 84 112 151 157 63 0
256 134 237 14 335 367 83 149 118 346 285 383 0
355 287 197 42 332 177 210 275 243 119 88 319 0
154 345 201 15 209 18 376 281 346 347 252 29 0
382 103 40 313 396 78 399 273 275 377 92 350 0
64 293 38 264 137 361 363 368 282 124 189 127 0
160 289 193 281 364 46 372 53 94 25 126 158 0
289 258 353 385 328 43 241 373 189 284 61 318 0
296 362 236 332 48 49 84 57 250 283 94 159 0
193 99 36 358 360 173 238 374 279 89 62 351 0
130 131 294 362 239 336 51 373 59 92 157 287 0
344 328 264 270 339 61 373 379 312 187 381 287 0
256 356 42 395 12 332 235 336 342 246 156 255 0
325 70 263 168 46 144 112 85 94 220 30 255 0
33 390 296 137 363 16 124 373 86 186 188 319 0
131 325 6 362 80 342 184 25 56 283 124 95 0
6 170 397 205 111 207 337 306 52 119 88 251 0
225 226 291 67 323 68 140 108 176 150 125 62 0
193 164 325 262 70 297 170 140 341 119 248 346 0
320 355 229 103 235 205 48 337 369 273 182 375 0
354 167 106 170 366 174 272 209 344 121 190 286 0
129 388 230 72 206 144 273 53 150 344 26 252 0
225 163 136 330 268 77 142 271 307 181 189 127 0
67 292 37 39 363 108 240 82 87 311 189 95 0
257 230 392 329 136 73 45 142 79 250 380 62 0
385 67 196 293 262 329 333 174 21 379 156 381 0
224 32 132 37 229 391 297 241 246 62 221 382 0
257 136 74 394 396 14 245 87 152 57 284 189 0
195 132 101 70 355 169 172 309 310 151 219 381 0
96 227 197 69 264 396 335 176 254 91 348 158 0
321 103 328 330 77 209 114 339 213 86 152 188 0
64 352 2 5 72 203 143 146 346 379 349 255 0
384 352 355 167 330 111 208 117 183 26 220 318 0
66 134 103 166 300 141 335 16 115 180 89 284 0
163 164 5 39 298 299 14 22 215 248 124 125 0
132 197 326 261 75 19 85 119 184 153 251 62 0
230 263 134 105 391 267 240 274 179 121 381 382 0
290 354 295 339 307 309 148 247 285 157 94 31 0
321 67 388 195 325 265 140 48 310 342 251 349 0
294 262 201 76 45 365 187 217 27 285 286 191 0
167 74 302 176 86 215 56 185 26 284 61 25 0
256 385 228 229 358 107 238 240 112 243 377 94 0
225 387 36 377 363 237 338 342 54 152 185 122 0
64 96 387 388 200 300 206 335 22 310 121 188 0
65 132 198 328 236 109 273 82 50 90 60 61 0
258 195 356 201 41 79 239 338 275 308 124 318 0
66 67 292 37 198 167 360 297 106 335 311 319 0
259 387 111 80 369 179 276 117 341 183 222 319 0
224 130 99 131 205 238 209 52 374 345 285 25 0
160 217 134 262 358 395 333 334 209 379 313 251 0
326 73 170 169 140 234 110 240 211 120 125 126 0
32 33 166 173 16 372 247 24 153 59 127 63 0
33 258 41 171 271 116 244 313 123 190 222 57 0
99 102 71 364 397 144 305 180 276 150 246 159 0
192 69 230 199 234 395 240 374 151 310 25 186 0
322 324 293 198 361 268 210 25 122 91 316 223 0
66 26 229 325 200 172 334 308 53 282 60 318 0
64 352 324 261 230 8 109 270 307 340 118 349 0
322 68 229 396 304 81 213 181 216 315 380 152 0
2 162 390 103 326 367 113 53 344 153 184 383 0
356 200 40 106 203 331 267 368 304 84 343 346 0
162 165 328 106 142 175 315 177 116 277 20 347 0
33 386 291 132 133 6 37 12 365 334 79 119 0
226 101 293 394 171 268 76 142 12 304 80 93 0
386 35 322 134 230 235 108 210 51 372 310 315 0
327 328 171 43 46 305 178 309 117 279 316 61 0
32 354 67 298 270 273 277 214 55 151 26 158 0
192 128 2 100 393 394 13 173 280 157 382 31 0
321 324 4 295 330 204 397 142 108 93 29 159 0
320 3 390 314 365 52 21 125 250 124 29 351 0
290 130 328 107 400 177 272 211 311 218 91 351 0
192 325 101 134 329 74 235 9 397 239 118 246 0
257 70 358 168 137 11 305 118 342 120 57 252 0
357 71 104 363 171 332 206 340 89 379 158 255 0
352 4 165 198 103 38 297 139 76 15 244 28 0
385 3 293 102 9 18 210 341 119 347 382 159 0
195 3 9 330 107 76 366 47 335 241 210 84 0
385 162 133 105 74 175 114 338 120 58 348 286 0
321 230 72 142 208 210 274 146 311 184 247 94 0
194 67 2 387 70 231 169 10 333 17 50 119 0
64 192 3 135 393 141 14 303 311 56 313 155 0
69 75 78 208 242 19 149 309 278 216 313 61 0
385 353 36 10 268 173 208 212 376 313 187 351 0
258 164 9 171 238 113 19 116 85 118 375 186 0
98 163 258 360 136 397 333 399 17 210 248 190 0
34 71 73 202 203 267 79 240 312 346 92 125 0
193 162 102 262 173 269 366 338 51 150 124 31 0
383 199 266 75 11 369 82 276 181 218 222 287 0
228 134 72 44 47 400 114 210 84 88 89 59 0
101 102 319 39 333 141 207 340 375 56 28 351 0
200 187 271 272 241 239 119 245 343 215 251 382 0
128 384 160 293 263 40 331 172 77 23 314 253 0
385 99 112 338 179 340 21 310 115 248 122 124 0
386 223 133 393 331 110 78 17 250 219 93 191 0
65 227 131 167 200 7 169 277 374 85 88 86 0
322 2 265 362 269 79 304 84 21 311 121 59 0
128 3 99 134 135 202 396 398 182 249 282 253 0
385 97 171 206 399 208 373 55 221 92 381 30 0
33 267 108 302 47 48 116 343 249 215 60 222 0
192 258 281 8 392 207 306 24 153 26 347 126 0
129 204 141 155 207 341 86 344 217 187 381 25 0
96 294 168 171 300 12 148 20 379 348 126 191 0
258 98 255 70 296 272 336 180 181 214 312 63 0
320 196 360 137 394 175 337 49 17 241 250 223 0
320 90 71 104 75 141 272 369 309 378 59 316 0
159 100 230 201 268 20 341 117 152 186 59 319 0
160 130 102 326 43 76 300 398 13 108 179 126 0
65 130 167 75 237 335 337 181 54 375 117 220 0
161 262 27 296 75 16 24 89 251 316 317 318 0
96 197 329 10 140 301 47 208 254 280 95 287 0
97 382 323 324 294 395 240 275 244 85 180 62 0
387 36 357 232 268 45 50 211 247 89 221 286 0
356 7 104 361 234 332 336 112 341 87 250 123 0
97 289 100 295 393 202 314 183 120 58 317 30 0
194 197 351 103 200 137 78 111 253 315 93 95 0
230 199 169 43 252 245 119 279 155 28 29 30 0
162 290 134 230 169 42 299 47 54 87 126 223 0
323 132 3 326 7 363 15 308 149 373 346 29 0
39 264 106 74 12 270 302 48 176 120 61 126 0
289 36 165 294 398 208 177 113 275 375 281 183 0
321 226 36 135 167 107 78 50 275 181 342 285 0
172 14 80 273 50 18 85 342 182 25 279 253 0
70 202 299 268 44 142 17 338 211 118 376 190 0
388 198 362 399 338 84 182 89 90 251 254 31 0
224 226 103 360 9 111 335 17 278 374 155 252 0
226 355 313 330 75 271 304 335 116 56 345 218 0
352 384 228 356 198 199 140 142 119 376 220 29 0
384 258 359 237 142 173 208 48 150 57 190 318 0
65 387 325 326 137 76 45 15 80 155 381 222 0
390 7 358 135 170 105 141 112 304 27 188 381 0
224 67 37 104 362 368 145 307 122 220 190 191 0
229 133 333 397 77 16 141 51 276 22 249 222 0
194 2 35 389 297 9 141 144 83 374 120 350 0
162 101 166 294 262 9 14 47 340 53 27 61 0
353 98 321 5 37 396 365 399 49 283 350 127 0
224 128 258 70 71 41 108 301 49 278 374 155 0
64 324 231 327 74 83 246 183 182 342 28 253 0
387 37 102 202 298 79 175 209 310 377 155 317 0
160 225 191 289 196 40 73 334 368 305 153 351 0
260 228 326 102 232 390 138 333 339 309 310 54 0
320 321 166 39 72 367 240 51 180 213 218 254 0
70 330 139 396 333 124 242 115 248 156 317 286 0
162 194 133 72 297 44 333 80 152 157 158 287 0
288 356 231 363 333 77 109 49 147 280 26 190 0
291 99 389 230 262 136 357 234 394 118 215 347 0
160 66 195 238 206 368 273 18 189 54 342 381 0
193 133 166 72 296 268 303 176 274 119 24 251 0
354 162 394 92 49 188 148 213 284 61 350 127 0
34 68 358 136 72 11 364 283 179 310 187 220 0
33 323 358 171 203 139 141 147 149 118 344 154 0
34 356 164 100 72 236 77 397 335 50 212 253 0
3 296 266 107 77 47 48 178 22 155 284 285 0
161 324 36 299 304 210 339 50 52 152 314 220 0
324 357 268 79 48 242 115 374 376 125 62 191 0
226 195 5 389 71 103 298 207 240 149 185 219 0
160 3 5 263 392 360 42 231 22 375 376 279 0
69 7 392 330 205 48 370 372 281 154 156 221 0
320 73 75 398 271 368 214 342 345 315 222 127 0
64 326 394 204 140 207 81 177 243 244 280 26 0
289 167 295 332 238 400 368 209 241 185 92 57 0
257 130 65 198 136 200 27 155 219 56 91 287 0
121 354 227 360 218 175 144 306 342 377 378 94 0
194 69 201 169 123 364 113 245 56 347 348 318 0
224 163 198 42 140 174 274 340 277 246 56 28 0
100 4 329 75 77 399 273 305 19 114 213 348 0
164 232 73 298 11 155 19 116 182 214 91 317 0
130 226 325 166 249 242 275 277 55 377 314 29 0
130 227 70 266 171 172 207 79 209 149 213 284 0
384 262 39 267 300 11 175 278 152 92 158 31 0
4 38 199 232 105 362 270 271 274 120 157 254 0
226 290 323 325 260 66 330 299 234 306 125 31 0
65 99 357 134 263 167 397 302 237 339 308 254 0
261 360 297 362 335 272 367 112 339 54 124 31 0
226 58 166 202 266 270 305 18 370 84 313 26 0
354 195 100 394 76 367 240 241 24 281 251 158 0
98 196 101 132 393 45 400 148 117 374 23 120 0
226 99 232 360 301 243 84 150 342 56 58 93 0
386 3 235 143 145 338 339 22 374 346 251 29 0
320 321 100 265 74 266 398 51 309 342 345 222 0
320 32 231 40 265 138 42 177 18 243 181 285 0
98 194 326 9 330 271 30 151 91 28 382 63 0
32 129 37 167 137 235 371 149 215 380 281 348 0
97 227 260 327 296 330 398 14 48 280 347 350 0
161 135 137 170 206 244 55 184 153 285 155 253 0
227 100 196 326 203 112 19 374 345 346 27 92 0
352 289 390 360 73 331 108 115 85 24 62 382 0
66 387 15 82 370 20 149 246 372 24 284 254 0
6 7 200 395 44 173 302 332 240 271 179 348 0
386 197 231 107 332 47 208 117 341 89 91 286 0
256 386 195 197 266 240 241 371 179 118 217 348 0
256 386 4 262 11 301 111 337 49 180 58 319 0
352 385 313 169 377 77 333 336 147 245 217 62 0
320 154 73 171 398 334 50 180 213 22 247 250 0
96 130 361 108 112 176 242 16 373 310 186 30 0
224 33 249 231 138 205 369 150 377 90 254 351 0
320 226 133 266 363 268 267 49 146 57 123 316 0
224 72 137 237 142 111 173 210 84 117 123 125 0
353 194 323 100 392 9 368 274 23 186 247 188 0
97 38 231 108 300 304 337 372 342 377 156 127 0
357 169 332 110 207 80 51 308 154 315 252 287 0
352 194 261 70 306 274 213 375 152 378 155 319 0
128 35 4 389 328 233 72 203 189 216 61 351 0
291 217 69 35 68 264 394 235 142 246 249 31 0
98 69 71 167 170 395 334 272 278 283 92 95 0
192 352 130 255 270 111 17 309 342 218 61 159 0
128 322 67 387 194 134 135 180 184 188 381 127 0
129 65 259 357 37 154 41 107 44 270 378 62 0
128 130 255 324 294 383 40 236 111 21 253 95 0
385 386 312 106 300 237 339 277 184 28 93 318 0
33 163 166 233 75 142 307 180 375 344 151 127 0
320 161 6 328 8 201 330 13 239 176 181 246 0
32 385 129 67 165 102 331 108 61 247 125 31 0
98 194 7 168 397 241 277 311 378 279 318 191 0
289 193 195 166 297 106 112 214 344 153 124 57 0
385 6 167 200 327 138 367 180 311 348 285 30 0
131 68 355 72 8 107 397 48 86 280 217 379 0
263 40 328 362 75 302 47 80 50 308 343 159 0
66 260 358 301 302 243 375 376 217 26 60 319 0
135 232 393 330 42 296 207 304 273 210 149 314 0
256 194 299 204 52 213 86 374 313 317 286 191 0
225 133 206 303 112 239 82 208 309 373 88 93 0
226 100 325 103 268 175 240 306 310 312 220 61 0
128 65 230 7 44 399 211 179 86 248 155 190 0
67 356 358 198 296 297 206 112 116 21 343 95 0
32 103 11 271 152 115 85 182 149 221 121 317 0
259 264 9 17 305 276 212 342 87 278 156 381 0
132 69 196 70 265 43 45 367 275 346 220 189 0
99 313 298 172 207 243 246 185 346 157 25 57 0
130 323 133 264 265 346 21 182 151 89 378 127 0
2 323 228 81 306 373 182 56 126 91 189 158 0
354 163 100 312 102 313 359 303 380 89 154 60 0
97 165 5 313 41 235 140 174 399 303 308 153 0
130 390 11 144 273 179 244 374 249 90 252 382 0
7 234 45 368 115 371 341 245 179 122 316 127 0
32 161 66 195 69 7 264 171 370 57 315 157 0
167 298 363 266 251 336 337 146 113 214 23 283 0
121 101 358 325 377 334 246 185 58 59 221 286 0
193 257 344 202 299 78 46 145 374 247 56 191 0
99 356 3 70 138 398 271 369 50 243 181 374 0
224 225 387 166 326 8 358 45 340 185 349 351 0
258 39 329 346 142 366 48 337 272 376 314 254 0
320 226 69 39 361 138 210 278 317 220 189 223 0
128 192 354 256 201 44 346 279 314 347 380 125 0
97 321 132 167 296 391 138 359 78 126 348 286 0
99 132 357 122 173 175 209 113 116 217 26 91 0
193 33 258 301 110 400 272 210 17 284 375 252 0
224 321 98 5 294 358 200 70 205 206 370 242 0
26 227 231 296 168 13 46 207 216 378 61 63 0
128 292 132 359 136 76 239 207 211 279 315 253 0
258 165 264 41 170 331 43 42 91 54 347 191 0
166 231 327 139 236 235 367 335 212 344 187 252 0
197 169 234 138 236 307 245 150 57 60 93 95 0
294 137 73 365 60 156 274 82 151 348 30 287 0
352 351 330 75 107 79 307 341 374 28 126 191 0
161 65 324 166 202 272 82 146 179 183 120 94 0
32 3 293 392 329 393 136 202 212 85 86 347 0
225 162 291 390 363 178 83 212 277 189 285 319 0
70 137 337 82 93 149 342 119 20 185 122 381 0
96 353 129 5 295 105 45 14 49 312 61 223 0
161 97 169 107 334 111 80 148 85 342 187 381 0
3 260 294 137 74 11 298 173 331 346 221 30 0
257 199 154 396 346 397 19 180 343 25 90 62 0
256 353 101 105 233 395 333 334 17 371 120 153 0
64 322 7 105 109 366 279 151 24 346 59 28 0
130 262 298 42 138 205 367 53 24 58 189 31 0
193 392 41 234 265 172 60 82 252 184 187 348 0
326 71 392 38 236 365 45 79 177 310 311 121 0
357 358 295 167 44 145 146 52 181 24 121 218 0
165 166 263 327 295 264 11 42 16 373 344 287 0
355 164 133 294 234 236 76 314 148 21 90 253 0
194 131 100 4 37 103 260 144 243 185 58 319 0
193 35 3 197 358 39 267 75 12 274 379 220 0
72 169 235 112 113 222 375 377 218 157 350 95 0
385 355 3 292 291 77 336 306 373 311 190 319 0
384 97 133 360 218 299 141 60 207 15 154 380 0
384 133 263 40 393 73 75 46 306 373 153 250 0
131 389 104 105 331 108 369 213 345 348 61 31 0
192 228 293 390 389 135 260 18 372 149 86 251 0
288 289 73 138 267 336 373 55 153 29 183 223 0
386 4 134 38 360 395 108 238 79 275 310 23 0
192 128 390 232 266 272 306 277 56 379 188 152 0
327 299 173 78 48 306 119 221 279 253 62 383 0
226 134 234 170 365 302 274 83 309 280 313 28 0
322 69 358 326 200 205 271 79 339 120 349 287 0
323 291 69 357 328 361 136 139 334 120 253 152 0
224 321 226 143 80 82 213 23 285 284 29 191 0
32 134 202 81 311 309 119 88 121 187 349 159 0
280 385 357 231 263 118 344 377 219 157 25 351 0
161 2 265 362 206 112 210 275 21 86 247 376 0
384 34 328 73 394 205 304 273 276 245 27 380 0
320 391 40 265 72 237 240 242 274 216 154 219 0
64 354 270 400 188 50 84 146 215 346 348 223 0
386 323 73 298 91 140 45 172 18 343 153 283 0
5 70 71 203 268 236 274 373 86 248 121 189 0
193 354 130 132 357 262 76 110 142 281 314 349 0
36 249 389 360 9 394 171 148 280 377 379 188 0
259 42 363 236 331 240 82 53 182 183 217 59 0
225 197 295 73 141 241 373 53 189 278 93 319 0
69 165 8 236 334 398 111 378 274 24 250 29 0
324 167 72 7 9 139 327 112 81 369 53 318 0
192 3 261 396 368 145 211 372 121 218 379 317 0
132 363 282 46 242 370 146 245 23 56 153 122 0
320 90 296 329 266 330 47 181 284 217 346 348 0
322 164 319 358 139 203 13 333 373 341 152 383 0
293 39 139 398 48 176 241 221 185 123 156 125 0
352 39 329 47 211 93 247 152 89 28 311 25 0
153 229 358 357 169 16 23 22 311 249 378 350 0
160 99 325 328 52 245 86 95 84 125 350 159 0
352 353 355 326 7 109 212 247 377 155 318 319 0
65 97 387 130 122 170 110 80 336 247 218 349 0
33 226 163 196 229 326 193 170 394 143 87 155 0
153 37 106 203 42 333 110 74 178 211 25 27 0
290 101 6 169 201 41 202 173 113 52 120 251 0
260 325 230 101 73 12 397 52 181 279 250 188 0
384 193 226 5 104 297 107 368 241 346 123 255 0
324 261 329 142 145 242 276 373 214 87 85 287 0
290 227 196 73 234 108 13 205 275 312 57 314 0
161 197 331 172 108 145 211 52 183 314 91 94 0
67 4 103 106 266 301 369 341 151 153 220 159 0
198 8 136 394 363 75 200 180 121 122 60 125 0
130 287 228 262 168 267 76 307 308 277 154 255 0
194 292 295 71 296 330 329 146 277 342 152 379 0
323 167 394 203 236 270 83 87 151 310 90 28 0
163 390 103 44 333 398 269 238 149 279 378 126 0
163 132 186 41 267 243 115 310 377 90 59 30 0
129 226 134 391 361 75 80 52 117 186 251 254 0
355 324 200 139 398 112 340 308 182 152 253 381 0
352 65 163 228 6 12 13 86 216 217 189 94 0
128 160 356 122 328 91 78 309 85 311 282 59 0
39 392 169 301 175 188 20 181 52 216 346 124 0
258 194 356 351 383 137 173 178 341 313 190 127 0
224 321 2 290 232 106 332 82 55 379 124 383 0
224 352 3 71 328 140 301 271 342 154 126 383 0
69 103 199 136 140 400 372 148 118 150 157 189 0
26 294 297 394 333 238 18 214 183 215 219 157 0
385 358 361 202 108 116 84 152 249 59 349 191 0
288 194 130 291 358 295 103 394 47 49 247 218 0
2 163 106 138 396 142 208 274 85 54 310 378 0
288 73 330 203 108 333 14 270 147 153 126 319 0
193 4 165 38 71 39 389 107 75 337 51 125 0
161 323 293 37 168 106 332 77 334 210 120 350 0
129 354 3 390 297 329 45 15 209 82 115 53 0
385 261 328 41 10 202 50 146 115 342 190 382 0
323 101 294 7 263 105 172 80 145 336 285 350 0
322 227 196 165 4 199 396 205 246 254 124 318 0
355 260 376 396 113 306 307 276 275 214 312 221 0
376 358 106 331 109 78 183 280 219 311 343 223 0
292 389 39 40 73 270 111 240 337 213 247 56 0
225 161 355 323 230 263 296 169 138 298 240 126 0
96 160 324 302 239 176 17 112 375 376 249 60 0
382 132 197 166 239 176 114 179 340 278 190 158 0
2 132 324 393 10 269 177 183 280 123 350 159 0
226 100 263 360 361 295 330 339 340 147 222 191 0
66 292 229 264 76 109 17 50 87 346 315 159 0
67 292 387 100 197 365 15 304 81 303 282 63 0
218 205 60 367 400 399 177 308 54 214 90 156 0
384 66 99 37 103 171 365 208 17 373 343 284 0
352 353 225 231 41 201 297 396 143 55 221 61 0
288 388 327 104 263 266 175 83 277 57 347 222 0
161 28 239 306 243 178 149 181 23 89 380 285 0
226 130 356 69 136 108 397 335 211 213 152 95 0
161 227 75 235 333 334 335 214 55 249 91 190 0
294 327 331 11 13 174 143 16 344 281 187 124 0
128 161 2 129 68 388 5 75 174 22 283 62 0
352 256 43 331 305 19 179 245 279 248 347 317 0
131 259 75 13 238 399 179 116 85 276 89 251 0
32 353 385 228 295 76 209 338 85 153 122 285 0
35 4 5 297 202 145 242 246 215 283 60 317 0
192 193 259 58 361 138 395 364 13 176 242 186 0
350 131 165 135 206 212 277 148 117 220 62 351 0
384 389 199 360 73 378 335 337 83 345 154 126 0
386 355 229 71 391 107 78 147 308 371 248 314 0
256 165 73 106 302 334 20 24 92 221 126 127 0
34 354 165 5 363 366 304 82 22 151 184 93 0
352 39 361 172 270 175 207 334 371 244 378 126 0
226 99 132 167 135 143 16 308 181 150 118 215 0
129 67 293 296 44 175 208 148 86 184 88 125 0
288 7 266 107 332 366 85 277 311 56 278 30 0
389 168 202 139 301 112 146 210 114 342 311 120 0
37 7 265 331 252 309 85 148 253 123 188 125 0
96 129 354 223 225 239 272 338 56 252 253 383 0
128 256 195 167 199 297 44 365 54 221 59 157 0
256 197 358 330 236 78 303 83 371 86 151 54 0
384 128 89 68 270 83 181 182 55 87 121 379 0
320 291 102 327 27 328 245 216 56 379 252 159 0
387 163 394 13 270 399 18 189 343 89 187 381 0
322 355 72 203 172 76 398 240 85 246 377 383 0
292 101 105 298 202 365 371 212 56 217 347 184 0
162 103 40 361 59 236 141 51 309 186 347 351 0
67 37 391 200 105 303 48 211 23 250 59 220 0
225 65 99 322 197 269 77 337 177 150 118 252 0
160 256 292 104 362 43 107 110 306 52 342 121 0
102 103 201 331 78 178 309 376 26 155 126 286 0
161 390 233 74 112 176 339 284 343 25 380 62 0
128 132 104 10 107 267 109 212 374 311 348 287 0
96 223 319 328 41 42 238 79 306 151 58 95 0
65 131 195 394 300 333 398 15 400 269 125 221 0
35 166 297 363 364 237 112 275 86 280 157 286 0
192 321 198 263 392 267 111 341 152 377 251 94 0
7 263 264 235 12 174 15 176 272 313 123 381 0
193 35 259 69 103 231 177 372 86 279 151 29 0
391 105 265 74 172 109 206 361 371 277 309 183 0
385 4 391 295 106 75 272 52 181 122 125 190 0
33 70 39 38 9 72 137 172 207 50 181 89 0
291 196 135 7 141 238 81 273 370 113 179 190 0
323 293 231 363 301 16 113 86 375 314 123 311 0
96 36 325 199 236 378 303 147 56 249 26 255 0
67 68 101 392 136 104 140 50 342 90 251 188 0
67 357 229 199 231 233 395 171 208 280 90 219 0
39 106 74 145 209 148 214 311 91 124 222 158 0
224 130 41 139 237 302 112 337 338 113 182 91 0
130 196 358 296 362 330 108 269 209 115 183 219 0
226 259 98 262 71 298 340 341 54 153 189 159 0
326 391 235 300 109 177 273 179 375 89 381 25 0
65 129 295 71 137 334 270 240 369 147 248 285 0
192 388 324 326 394 302 306 55 118 311 56 127 0
64 353 258 259 5 200 331 141 142 301 89 157 0
2 387 164 324 101 5 135 301 239 51 317 191 0
161 197 294 330 15 240 276 278 344 281 92 126 0
32 70 136 169 140 206 14 366 180 152 58 315 0
321 322 10 302 347 252 373 280 281 283 348 253 0
132 196 294 104 331 175 240 305 151 345 251 126 0
356 331 333 315 82 84 86 152 56 155 184 127 0
288 96 324 325 360 265 11 172 77 140 242 314 0
386 3 358 7 169 364 301 81 18 243 306 251 0
325 135 169 393 42 204 175 306 83 275 56 218 0
223 66 327 232 105 171 44 108 84 22 58 127 0
98 389 233 266 332 45 238 274 151 249 90 156 0
257 355 99 387 297 17 311 125 341 215 220 381 0
161 358 200 173 239 240 51 20 88 60 61 30 0
294 391 40 239 211 308 246 57 122 158 253 222 0
320 357 327 73 236 334 142 80 114 249 282 219 0
160 2 196 171 141 238 207 16 145 366 56 24 0
171 237 110 13 301 274 306 20 24 378 93 30 0
191 377 202 395 206 273 212 309 22 249 124 127 0
255 91 267 332 336 113 369 117 279 88 283 95 0
161 194 296 44 176 178 54 311 346 283 253 351 0
352 130 3 34 326 140 237 335 240 241 158 31 0
259 196 69 265 396 80 400 17 212 149 378 125 0
256 257 133 198 101 72 74 109 397 19 213 57 0
36 37 358 40 138 268 332 142 370 93 312 157 0
192 224 102 199 390 359 143 339 116 89 378 125 0
291 101 229 41 138 73 142 15 276 246 216 123 0
67 389 105 361 12 269 50 116 340 85 312 383 0
66 16 113 242 379 213 150 21 376 249 27 159 0
32 97 320 164 325 293 392 108 14 78 371 55 0
160 289 358 166 170 75 92 208 18 220 253 319 0
256 98 132 6 392 170 397 80 242 184 318 319 0
96 385 227 37 198 105 233 298 112 241 217 378 0
352 71 268 109 367 29 61 306 376 56 189 184 0
5 37 7 328 105 42 207 368 208 369 307 287 0
289 132 196 262 123 171 239 147 185 315 92 349 0
352 36 70 391 136 329 106 296 45 180 28 191 0
130 101 72 40 136 364 205 300 246 153 254 351 0
226 67 387 325 396 108 367 303 178 311 312 92 0
196 329 11 108 174 399 273 210 20 118 312 62 0
224 226 322 229 263 265 267 111 243 184 380 158 0
128 101 297 107 43 211 310 56 24 282 187 152 0
97 162 166 40 137 233 12 301 116 248 283 28 0
97 353 4 74 269 79 19 371 55 23 311 127 0
132 197 199 331 172 14 336 216 89 90 28 159 0
354 131 356 3 6 7 21 53 124 29 254 319 0
3 230 39 360 137 302 272 19 180 27 93 318 0
192 291 196 154 200 299 300 365 48 177 26 92 0
384 194 165 135 109 206 371 340 214 26 254 351 0
161 100 137 47 156 18 308 348 280 220 221 63 0
322 260 326 7 39 297 106 74 47 312 187 221 0
161 259 163 166 72 361 10 392 50 213 344 250 0
224 34 36 390 313 267 18 119 184 249 120 190 0
248 97 323 195 135 40 170 270 372 375 152 380 0
1 98 130 259 101 327 41 331 111 90 0
153 3 388 37 261 39 395 45 335 16 305 278 151 280 57 93 0
226 354 386 295 9 300 366 369 243 148 23 277 151 184 0
128 289 194 131 132 292 327 40 140 204 78 206 144 115 212 311 29 158 0
70 270 111 336 366 275 125 311 157 382 287 0
32 288 320 291 261 351 73 340 117 21 310 218 221 31 0
130 6 391 169 362 47 315 19 54 283 221 0
256 391 360 12 396 80 23 120 89 122 127 0
289 226 4 39 72 295 42 393 175 49 146 308 374 87 184 185 380 126 0
96 193 2 35 227 280 387 231 201 202 236 397 303 83 152 124 0
385 330 29 175 0
96 160 289 41 141 46 205 48 18 373 118 120 249 59 253 0
130 194 355 101 154 79 209 305 186 318 0
320 162 36 133 326 8 75 336 177 242 84 85 181 121 159 0
391 272 145 152 29 161 170 173 303 304 57 188 199 216 92 223 112 114 248 0
96 166 337 51 19 118 376 347 124 0
318 36 357 388 296 170 106 207 272 303 50 399 283 126 0
164 294 327 169 396 176 310 89 283 253 31 0
391 270 16 19 21 152 170 184 188 328 332 85 213 351 355 113 115 245 374 121 0
129 3 196 5 294 297 111 368 337 115 147 119 123 124 381 127 0
353 165 76 143 16 146 21 182 87 120 246 0
160 194 67 387 135 136 138 78 335 400 21 214 23 59 255 0
386 287 295 330 331 334 239 176 278 30 223 0
256 259 132 164 165 294 203 12 44 395 397 188 248 89 123 92 29 0
98 130 164 226 169 10 13 241 242 179 212 216 346 315 0
260 69 71 168 201 26 221 0
293 72 250 269 207 216 57 122 252 318 0
132 103 8 201 10 203 364 77 111 179 211 217 349 0
7 167 361 383 15 367 211 340 53 342 153 31 0
4 7 135 263 392 18 282 302 49 50 51 68 334 79 82 217 102 246 123 255 0
391 138 274 148 23 40 298 306 179 308 55 59 190 77 206 336 215 224 98 232 111 247 0
224 34 162 351 395 12 204 142 367 398 145 400 186 315 156 189 30 255 0
168 234 23 248 28 381 190 0
289 90 293 138 398 79 47 175 277 26 125 0
258 163 196 227 294 265 74 206 175 302 145 367 345 0
287 325 262 167 104 358 234 171 362 303 144 399 19 180 118 22 63 0
32 261 294 267 251 208 370 276 118 214 91 63 0
352 265 393 48 368 84 374 280 25 60 253 191 0
291 228 351 7 300 336 159 0
160 1 66 257 198 202 175 180 372 26 0
320 97 225 170 75 43 203 236 15 212 53 182 183 88 309 60 383 0
352 354 358 8 330 236 109 174 381 307 189 88 91 157 0
256 37 232 265 363 302 207 16 335 115 187 124 254 255 0
129 262 268 17 22 168 42 300 53 313 185 204 82 215 219 223 245 124 381 0
260 29 176 177 191 192 201 202 331 217 354 356 231 235 364 373 253 252 125 0
256 68 262 359 74 11 394 46 366 283 242 252 218 91 220 318 127 0
270 26 27 37 38 298 180 312 70 327 334 335 89 92 225 98 377 239 243 375 121 122 0
249 243 157 238 0
320 280 387 260 231 136 79 367 400 116 310 248 316 63 0
195 5 359 328 361 269 146 51 245 182 30 309 281 315 220 126 0
160 97 356 388 201 394 235 396 112 337 58 28 0
225 259 355 387 358 78 111 273 337 116 344 217 0
32 321 71 297 302 370 116 277 181 347 0
350 2 100 197 134 43 76 237 78 302 365 244 181 187 28 190 0
228 335 213 245 278 88 121 61 254 383 0
65 354 40 232 337 53 247 248 251 311 254 287 0
1 392 367 50 19 147 242 118 307 152 222 0
288 357 297 45 14 147 275 54 57 285 29 190 0
323 262 42 171 49 179 53 247 317 221 319 0
352 196 249 166 327 389 9 169 330 332 362 366 48 370 147 339 25 90 0
33 386 196 249 139 13 334 367 397 146 180 185 186 156 126 0
197 166 103 199 233 393 12 140 117 22 125 151 61 190 0
289 312 204 44 364 207 397 83 340 213 214 88 187 220 317 0
350 356 37 39 44 334 272 369 400 343 55 345 252 311 286 0
391 44 173 300 111 302 364 50 115 179 340 251 254 0
355 319 70 168 105 395 271 399 338 19 339 341 379 312 122 347 188 223 0
64 135 105 377 334 303 210 115 275 85 372 279 121 221 0
1 161 393 138 76 80 115 275 277 62 0
352 98 39 169 42 106 239 86 343 154 383 0
3 132 391 9 265 20 163 164 42 172 306 52 191 67 346 110 242 120 379 380 0
354 67 396 113 115 0
128 289 388 5 166 7 104 16 49 87 185 190 0
133 139 275 156 168 179 313 197 72 73 74 83 87 224 353 356 103 116 382 0
326 200 107 269 110 174 337 369 20 52 350 31 0
64 66 354 229 359 138 43 140 273 19 276 348 185 188 94 0
71 240 336 372 181 376 25 315 29 0
96 225 162 358 45 110 83 180 181 308 90 0
288 104 395 141 337 151 280 28 223 0
329 205 302 80 176 369 283 319 0
34 324 295 40 264 393 396 238 211 212 119 120 26 315 279 383 0
101 199 391 169 299 236 219 80 283 242 308 88 27 158 0
64 377 109 14 251 146 338 246 375 248 153 59 287 0
263 264 203 140 76 176 240 274 275 306 85 369 119 381 316 253 375 0
288 35 387 327 104 106 346 176 343 380 282 252 190 0
97 225 226 164 68 281 324 201 297 89 59 317 0
258 159 36 167 307 185 314 195 326 203 214 216 347 220 104 232 362 367 375 127 0
1 289 131 164 291 134 357 267 141 205 269 114 118 153 91 318 0
192 129 259 168 200 395 13 303 278 344 281 218 158 0
96 72 43 44 210 242 149 214 186 0
353 165 267 300 400 241 117 182 183 152 315 0
1 201 239 178 51 375 0
261 391 141 15 146 21 152 168 52 53 310 56 61 65 194 338 93 241 245 254 0
223 195 43 174 251 283 88 26 219 221 216 0
37 234 110 210 370 21 149 376 158 0
96 66 217 172 112 243 275 53 373 151 184 89 30 0
34 70 78 84 53 86 0
32 299 108 272 379 52 251 286 255 0
323 100 390 72 59 297 82 178 20 153 91 0
64 65 7 359 365 397 207 81 146 19 52 209 245 346 62 0
288 194 363 172 204 365 113 177 85 149 182 248 342 58 373 126 0
6 262 147 28 157 312 70 199 203 205 333 207 80 347 228 234 236 237 376 0
192 131 164 199 264 106 236 174 48 177 50 276 53 347 125 126 0
193 132 100 319 296 171 299 110 207 209 370 88 153 254 31 0
129 168 42 170 14 398 146 180 244 340 0
2 262 142 46 180 310 311 374 26 319 0
295 104 138 107 155 395 175 369 150 312 153 346 27 124 94 0
280 261 168 233 10 298 76 336 81 113 20 55 216 123 287 0
258 132 383 74 266 44 269 335 146 116 22 375 26 220 286 159 0
288 65 39 40 44 365 399 80 242 372 149 341 344 377 58 252 382 0
2 290 294 73 202 140 173 333 55 153 0
128 384 131 228 263 314 13 333 207 239 345 218 315 220 0
2 164 358 72 397 238 79 80 23 314 382 0
225 131 132 185 234 139 370 85 89 251 349 253 318 0
97 259 132 197 230 263 292 361 299 111 283 146 83 284 151 280 27 124 0
258 164 68 5 298 43 397 341 184 255 0
9 169 77 13 240 49 178 273 214 28 94 127 0
64 353 130 387 228 356 281 39 361 42 43 77 81 146 214 184 89 0
65 39 11 365 337 83 343 25 124 0
353 196 377 106 170 77 141 112 49 242 341 89 26 253 94 0
321 73 298 206 378 177 213 55 218 317 383 0
192 6 74 362 237 142 16 177 209 240 342 281 350 0
129 133 103 296 10 44 269 177 244 316 124 254 0
323 100 102 390 44 206 244 277 182 22 346 349 0
384 235 207 242 21 88 283 316 125 0
384 66 100 73 42 44 173 20 57 123 60 0
295 136 10 143 241 273 371 315 191 0
280 5 261 330 11 396 251 369 370 213 216 219 0
32 248 2 328 9 42 345 77 110 175 187 271 303 398 120 221 27 157 0
289 292 165 8 73 202 395 140 172 364 176 338 372 22 183 218 63 0
166 391 328 109 302 143 368 83 211 150 185 0
128 359 298 330 141 333 113 146 52 180 119 346 318 0
228 231 9 170 107 172 362 114 210 52 22 246 248 314 315 190 63 0
103 329 235 398 175 111 309 345 253 0
258 324 247 233 203 364 366 81 210 86 182 123 28 95 0
129 131 100 197 359 40 266 398 273 19 244 87 119 377 254 286 0
3 6 149 28 31 288 166 44 181 312 69 198 330 78 219 96 237 115 371 246 121 254 0
321 355 4 165 240 381 85 314 285 95 0
129 388 7 263 359 236 80 307 148 213 311 348 221 0
224 129 67 100 166 103 106 234 299 205 396 143 114 284 220 318 0
67 135 200 83 119 318 95 0
71 8 136 74 91 76 231 78 219 236 237 300 338 148 311 27 0
325 203 336 370 341 246 287 0
312 357 136 266 394 236 300 272 54 311 88 219 0
96 66 70 362 176 280 89 123 127 0
32 67 36 326 135 392 272 339 86 152 58 252 253 0
128 131 391 264 399 154 31 40 168 43 302 178 179 311 197 204 214 95 233 110 127 0
226 36 105 139 141 119 184 188 190 95 0
192 224 288 352 36 386 199 333 247 216 251 92 318 95 0
64 37 134 154 72 199 390 75 282 395 270 207 80 208 26 0
227 5 230 71 357 393 139 13 141 112 145 336 243 89 316 349 319 0
257 388 136 9 10 396 79 272 147 20 21 275 343 62 375 0
353 100 329 110 270 18 118 182 283 383 0
258 6 362 44 176 177 209 244 309 26 315 316 222 94 0
105 12 268 271 115 85 213 91 124 383 0
128 198 362 147 84 275 152 122 222 0
2 323 324 133 358 298 79 307 118 249 90 155 191 0
288 37 296 329 138 202 268 109 13 395 306 118 190 0
320 129 294 326 40 106 299 140 302 398 17 18 338 87 91 0
256 258 163 319 70 71 74 268 13 79 370 181 247 314 349 62 63 0
132 8 274 278 281 159 33 175 52 183 71 72 75 76 333 209 83 88 240 242 379 125 383 0
320 356 231 299 143 209 84 25 378 123 286 0
384 388 15 19 20 147 149 33 301 52 193 213 89 91 93 352 362 376 249 125 0
320 197 199 59 14 206 49 274 369 213 23 91 156 222 127 0
161 226 394 77 176 114 0
129 162 354 68 101 198 325 139 364 335 29 20 312 317 125 0
354 344 233 393 76 172 302 47 50 82 182 56 187 0
288 33 391 266 45 210 118 92 351 0
225 231 72 218 263 361 204 314 316 23 344 186 379 156 94 0
195 196 197 38 262 168 201 393 139 239 208 273 276 245 0
321 2 36 72 314 364 239 368 372 277 246 373 313 186 28 381 63 0
66 194 217 197 229 362 77 367 48 81 179 20 214 215 280 153 188 0
185 359 9 282 108 79 368 29 146 93 53 149 153 26 379 61 158 0
128 226 3 164 134 262 74 364 177 114 54 218 157 0
385 259 11 154 28 163 45 178 62 193 195 335 212 355 356 104 233 107 377 0
35 228 293 333 46 271 398 81 24 345 0
384 99 8 72 218 140 397 378 369 147 149 22 373 122 91 189 0
259 357 102 364 17 211 116 88 153 123 350 383 0
259 291 102 237 334 29 223 0
224 258 68 74 235 109 239 341 311 26 27 255 0
64 2 99 36 68 9 331 236 109 112 240 400 151 218 0
161 167 231 237 270 368 151 56 185 188 311 31 0
32 353 354 132 324 109 81 148 212 22 119 0
96 161 358 72 47 368 18 213 341 350 0
98 293 108 300 397 345 127 0
67 228 101 323 390 137 204 45 304 338 309 374 280 217 186 380 351 0
386 81 209 115 337 250 381 318 0
128 193 288 229 389 390 9 42 169 398 335 52 213 277 310 286 0
130 133 7 13 16 145 38 170 299 45 175 51 313 66 86 217 231 108 240 115 0
259 199 263 74 171 202 276 311 152 121 188 0
131 217 135 265 75 238 302 208 50 344 89 0
264 234 43 44 267 279 370 19 51 53 85 55 374 250 252 311 158 0
89 1 35 36 198 233 202 139 297 141 334 283 369 20 57 91 252 350 0
64 98 99 228 135 10 266 12 172 81 113 213 54 376 29 62 0
288 99 35 228 201 170 75 236 141 268 362 395 338 370 310 186 95 0
162 260 324 6 358 40 73 234 362 14 144 19 181 278 187 62 0
193 354 135 199 41 138 265 391 205 82 114 20 149 306 370 284 286 375 0
321 198 296 234 298 395 83 20 147 182 310 341 94 0
33 35 100 69 291 235 300 46 246 221 0
256 392 393 141 146 154 164 44 47 307 311 70 332 208 216 218 227 238 253 0
32 289 388 39 234 152 121 346 184 0
224 163 230 262 77 14 304 114 246 24 155 316 350 0
320 325 168 138 106 205 399 369 50 148 245 22 247 278 219 93 222 0
257 382 137 393 29 287 163 169 174 179 323 335 82 101 103 359 361 237 365 114 381 254 127 0
352 387 360 330 109 77 367 80 304 214 343 184 26 94 0
389 266 11 18 22 280 154 286 159 33 173 312 320 77 334 338 213 353 105 111 370 0
138 268 34 168 172 45 302 52 182 56 69 199 329 206 90 221 350 97 103 250 380 0
67 42 235 308 85 375 315 351 0
64 201 14 210 181 122 126 0
67 293 42 173 142 111 333 273 339 246 59 188 0
32 289 258 6 74 363 47 19 179 216 285 0
387 228 102 42 174 143 17 315 243 117 22 181 312 59 0
64 387 229 359 205 45 206 335 273 213 315 221 222 0
353 163 357 392 204 13 244 346 223 0
129 34 385 138 107 204 337 371 340 213 86 183 216 220 0
320 4 41 137 202 363 240 21 342 312 92 285 0
320 352 258 131 43 207 82 348 309 374 119 220 0
289 66 228 364 51 0
288 280 2 5 38 6 326 137 272 114 243 148 245 86 24 377 59 317 0
133 293 168 141 334 144 113 242 52 85 181 247 156 381 95 0
41 330 44 300 367 82 146 274 309 379 380 285 159 0
99 358 40 297 75 12 110 239 144 369 310 314 283 95 0
5 166 263 265 79 146 19 274 153 282 380 191 0
69 232 398 143 145 146 55 313 59 0
386 387 103 231 138 236 301 142 271 272 213 376 89 124 159 0
131 323 293 325 80 17 82 243 369 125 90 61 0
318 66 324 328 203 44 82 126 0
99 44 14 112 49 211 127 0
96 36 292 235 238 143 210 306 212 149 219 94 0
160 289 226 320 103 391 142 366 83 118 25 315 223 0
64 196 389 102 377 235 247 312 25 90 124 254 95 0
64 192 384 67 227 101 292 74 332 19 85 117 247 222 0
162 200 296 74 269 46 113 82 55 377 378 0
32 225 352 35 40 234 368 83 317 125 0
288 69 102 261 11 12 268 46 175 282 177 363 397 250 347 30 0
195 4 356 265 315 18 337 180 54 251 126 287 0
192 166 168 298 75 205 309 373 376 26 0
96 227 70 326 232 297 362 204 205 364 400 381 276 186 315 253 0
66 12 28 314 334 373 282 220 0
226 360 41 203 205 269 112 179 22 119 31 0
68 331 395 82 179 152 315 222 0
202 145 21 153 27 380 0
164 101 42 138 333 366 372 119 0
96 192 386 195 361 235 364 141 79 240 53 281 125 0
318 193 163 39 7 110 239 367 400 274 119 346 254 351 0
290 261 358 232 170 362 140 44 143 176 52 244 375 380 0
160 234 268 304 49 305 83 116 53 180 25 186 29 319 0
134 399 18 288 36 50 53 312 192 322 324 203 93 232 233 237 373 247 376 255 0
2 101 37 70 199 137 138 200 378 304 19 179 182 343 344 346 383 0
96 259 324 300 397 250 27 95 0
4 200 265 266 107 11 300 336 114 51 117 118 245 287 0
288 385 382 103 377 399 51 116 313 158 383 0
261 141 400 275 278 279 154 163 37 38 47 184 316 73 77 348 99 356 102 0
257 354 389 363 396 47 48 18 338 84 118 183 0
256 9 142 147 149 279 25 154 26 31 288 175 53 318 72 73 93 95 351 225 105 0
65 129 165 267 81 83 52 376 28 286 0
322 196 231 9 362 300 310 25 93 0
96 393 43 239 240 82 370 382 0
96 160 353 388 165 230 263 40 200 202 75 363 79 113 146 119 377 0
5 72 112 240 83 275 150 247 278 27 0
138 11 268 30 32 43 187 63 327 84 91 350 351 364 110 240 241 114 376 250 0
34 195 4 258 261 167 200 231 142 306 83 243 151 0
66 357 267 332 49 114 241 371 245 86 343 24 381 190 0
121 153 387 4 326 71 135 10 44 175 16 151 25 126 0
353 249 230 41 299 314 111 146 84 53 182 312 153 250 27 28 191 0
129 34 193 324 70 232 173 237 269 303 367 279 249 91 0
192 289 169 203 175 400 114 183 223 0
225 34 163 9 203 237 16 20 217 0
384 227 249 262 263 298 330 206 47 336 244 23 121 124 254 0
6 295 250 107 171 45 142 79 366 52 215 216 217 122 311 0
128 384 131 7 263 171 333 206 400 180 344 187 253 0
382 9 12 18 38 304 181 67 72 330 341 86 349 350 97 357 104 369 377 254 0
386 101 6 325 327 328 359 173 142 238 186 347 0
193 389 231 264 137 346 365 273 220 84 340 214 119 316 217 341 188 0
130 261 296 74 108 77 271 274 211 181 342 152 27 124 0
33 132 72 138 12 398 57 0
354 387 166 297 204 14 335 212 342 220 0
293 325 359 303 370 51 118 217 316 94 0
160 289 323 4 40 169 74 75 204 45 237 393 179 52 276 216 347 189 0
194 164 261 394 301 78 239 147 211 155 0
393 143 271 148 280 281 25 27 289 172 51 308 183 186 200 337 341 347 97 232 238 248 383 0
36 330 301 118 246 374 27 253 255 0
68 231 42 12 143 19 149 59 0
66 356 40 43 12 155 79 112 336 370 309 182 183 341 27 29 94 0
256 289 285 39 263 105 345 107 314 364 369 25 218 253 0
160 2 355 138 107 235 302 371 149 0
131 164 5 324 387 390 297 202 141 306 370 371 183 344 92 253 350 0
320 382 67 197 104 173 190 16 83 182 87 345 283 92 61 158 0
68 231 359 138 300 333 367 209 18 221 319 0
97 33 195 353 5 300 141 305 20 25 251 127 0
352 258 293 103 393 11 80 304 306 84 310 152 316 62 0
384 129 321 44 79 16 56 58 152 95 0
68 170 363 144 208 275 116 93 0
320 191 4 47 400 277 376 61 159 0
388 230 294 390 74 267 314 363 122 124 29 30 0
256 193 67 4 195 166 134 328 234 332 334 207 337 341 55 216 215 254 0
35 4 69 163 199 234 171 76 207 272 399 82 179 243 274 342 215 374 0
1 194 386 228 72 330 362 175 84 249 0
130 101 135 297 107 178 381 214 27 61 0
166 71 39 313 10 330 84 185 382 0
291 99 298 363 108 376 221 0
386 12 141 17 274 19 275 153 49 50 201 205 85 351 354 378 239 116 373 248 122 0
230 167 9 329 204 335 367 145 93 0
33 38 328 235 13 366 335 397 50 340 373 150 182 316 26 188 190 0
64 231 44 109 332 306 52 181 276 27 188 319 0
65 3 260 261 359 110 303 49 373 0
289 163 5 359 42 14 304 49 241 245 150 279 376 378 0
257 290 229 359 73 233 237 175 372 56 313 314 379 0
356 75 397 307 85 118 214 153 186 283 380 159 0
128 1 256 326 200 377 74 110 47 15 210 274 84 212 213 313 222 0
3 260 358 360 332 80 54 246 312 0
161 259 392 137 111 53 341 280 217 0
225 68 197 136 9 13 237 333 83 84 148 374 119 312 379 93 127 0
227 229 198 362 108 237 398 81 145 83 52 342 23 283 0
153 198 296 265 171 204 237 268 299 80 145 337 215 248 25 380 0
131 397 145 275 296 302 49 51 58 64 334 209 342 226 105 362 112 117 118 0
400 289 253 103 0
64 288 389 360 394 308 59 380 0
128 257 229 47 369 242 85 54 317 125 0
196 102 170 346 79 113 82 177 210 22 118 342 374 282 28 0
352 289 195 326 103 39 297 171 299 395 304 369 149 86 310 379 348 158 0
1 2 34 37 165 327 357 174 144 241 120 381 191 0
37 103 9 202 13 145 147 117 23 60 0
257 162 382 100 71 7 104 175 112 49 275 85 186 187 380 93 126 286 0
388 9 140 273 19 284 291 295 177 179 182 311 63 328 218 361 107 112 240 377 0
161 262 202 269 174 144 212 316 215 374 156 0
129 130 324 358 72 201 106 77 115 212 213 86 376 28 93 0
1 66 106 75 46 277 0
128 163 6 264 360 170 266 173 270 239 114 116 247 155 0
160 130 132 396 13 239 48 112 338 85 278 309 374 62 127 0
386 75 300 77 333 144 209 18 338 20 149 86 374 248 153 314 284 375 0
261 137 265 147 278 287 32 304 51 318 319 328 329 81 339 85 94 223 247 0
121 386 131 317 109 14 273 215 25 250 247 221 0
258 132 16 147 148 277 24 290 166 181 56 64 326 71 74 217 364 111 373 120 125 382 0
227 357 198 299 140 236 273 243 52 377 282 0
226 326 265 333 365 366 80 273 377 187 92 255 0
2 198 263 9 106 12 45 110 237 305 246 219 28 0
352 3 393 202 399 49 284 0
391 267 17 275 288 54 68 77 333 120 93 97 227 356 360 235 365 113 248 0
353 12 13 78 51 211 212 340 247 24 220 223 0
288 323 376 134 103 236 79 114 20 53 276 372 152 222 184 0
385 261 360 176 304 114 119 282 95 0
352 321 323 387 388 281 360 392 74 299 180 213 308 373 25 0
225 353 356 137 300 269 337 19 375 187 285 0
121 153 354 229 43 143 19 25 189 0
387 393 398 17 145 161 162 168 298 53 321 195 76 335 208 83 372 377 254 255 0
195 217 387 313 168 172 174 111 80 79 115 119 153 61 0
35 260 388 360 298 394 46 400 247 280 59 221 0
99 263 295 296 336 87 88 316 125 158 0
350 101 200 41 298 171 302 271 177 339 276 53 155 286 0
261 230 358 201 172 141 398 47 241 51 279 24 345 26 347 317 0
129 290 360 138 332 364 111 47 145 379 280 281 91 190 0
353 2 106 173 273 213 373 280 92 0
196 389 134 199 74 115 147 371 372 184 0
160 37 293 167 231 106 139 110 14 270 89 0
258 165 326 238 49 273 147 180 117 119 58 381 31 0
96 217 295 74 75 170 300 80 156 283 19 276 57 187 28 0
192 194 354 351 327 8 383 202 300 173 54 344 27 191 0
350 197 136 169 365 206 271 116 215 123 222 95 0
36 388 389 118 86 250 383 0
32 384 389 201 362 49 52 372 90 0
1 37 229 168 267 110 175 271 334 180 184 191 0
290 99 41 362 299 175 208 273 245 247 248 251 223 0
193 2 385 229 389 108 204 46 304 156 149 316 60 158 0
162 197 330 108 17 211 277 118 54 184 91 0
97 194 131 226 389 326 263 40 200 208 49 209 370 344 283 0
128 195 255 38 135 166 109 146 51 22 280 217 188 254 191 0
321 198 40 136 91 139 267 173 300 335 336 276 278 311 185 123 157 190 0
32 386 196 165 9 267 269 49 180 153 187 0
256 261 281 393 394 75 110 92 176 344 217 124 31 0
194 386 167 359 11 205 397 272 241 82 83 84 85 117 339 372 0
224 384 135 394 43 108 109 45 207 112 50 242 252 318 127 0
194 67 227 37 174 206 16 19 220 21 150 339 377 123 156 350 0
227 388 5 358 73 43 124 177 337 86 55 282 92 94 0
130 259 274 157 167 295 58 187 64 194 200 332 335 87 348 95 244 118 375 250 0
96 321 291 132 4 357 135 358 301 239 303 31 0
70 107 179 84 212 150 151 184 284 279 0
256 289 356 229 38 39 8 297 234 107 140 235 339 61 319 0
384 34 291 164 292 251 367 338 372 85 24 27 318 0
267 149 280 35 297 300 46 51 52 191 66 74 84 218 350 352 356 240 118 249 0
289 69 76 108 205 143 378 81 178 243 213 23 57 314 63 0
153 68 164 134 198 293 356 43 269 239 273 146 348 184 57 378 216 31 0
193 386 163 355 281 351 205 209 309 184 57 317 255 0
128 280 98 3 230 41 76 144 17 274 115 213 278 375 56 26 92 382 0
129 162 195 359 72 270 209 339 91 94 383 0
280 292 231 136 233 266 362 140 77 174 394 381 275 180 184 380 285 254 0
257 4 7 19 152 26 292 295 301 48 315 62 193 66 70 203 83 341 227 108 367 116 127 0
257 323 4 196 392 396 13 399 215 154 315 28 125 343 0
143 113 243 153 159 0
96 229 268 109 239 240 113 145 274 370 371 379 250 219 0
129 385 261 394 143 399 159 292 293 171 56 186 187 66 73 329 75 334 210 350 222 233 363 0
256 232 202 110 334 16 83 211 214 0
64 1 33 3 160 197 322 383 391 173 142 303 218 159 0
163 134 395 213 373 119 220 351 0
3 262 7 14 32 292 166 168 184 185 318 209 338 88 92 99 110 116 245 247 254 0
313 397 398 47 25 255 0
65 382 103 107 109 14 48 273 18 51 180 246 348 377 252 318 191 0
96 132 5 260 135 231 263 293 325 300 46 79 337 86 215 349 343 0
258 13 269 290 163 166 169 176 178 183 60 205 337 338 211 216 93 98 110 252 0
292 351 296 239 81 54 310 217 314 91 381 287 0
328 106 397 144 212 244 378 317 285 158 0
259 217 358 377 174 15 335 216 25 285 125 0
391 267 110 144 180 86 379 287 0
224 353 35 355 167 296 201 13 142 141 173 84 309 215 280 156 0
226 39 359 201 109 49 307 153 283 126 0
352 161 66 130 332 302 400 244 119 380 377 156 254 0
376 357 389 105 300 141 173 175 176 332 146 119 180 118 54 342 185 317 0
64 33 130 35 320 199 219 145 369 308 373 120 187 380 349 94 0
2 295 345 359 109 17 242 179 180 273 22 312 249 0
162 39 329 204 47 176 50 243 212 374 311 376 377 125 0
69 266 333 92 48 156 146 19 85 346 28 223 0
4 231 169 267 365 379 27 252 93 62 95 0
224 393 171 306 275 85 21 54 56 0
352 356 261 70 137 44 332 48 144 400 150 247 58 94 383 0
385 4 68 134 293 232 140 111 242 116 312 249 127 0
288 161 360 393 362 107 394 149 91 191 0
224 355 38 358 264 137 359 396 207 49 181 87 121 92 0
3 319 297 266 77 143 304 178 147 340 150 375 316 189 95 0
384 382 5 135 295 169 364 205 143 340 85 248 281 58 187 286 0
297 236 46 305 277 278 0
296 77 17 83 147 85 246 183 56 340 252 0
289 131 132 228 43 44 47 367 241 87 314 279 383 0
65 322 264 10 170 271 17 113 114 20 211 54 86 56 213 254 222 0
385 292 228 6 7 388 55 313 319 0
289 3 395 302 48 273 304 214 0
161 321 196 70 297 171 204 205 267 111 48 268 364 276 246 24 216 0
39 267 47 112 306 19 248 0
129 354 345 49 243 180 342 153 0
257 4 261 38 70 74 43 15 144 49 145 211 304 118 285 188 253 127 0
320 2 228 12 237 110 301 396 49 369 117 54 245 281 155 343 0
69 37 268 209 180 151 345 247 0
32 291 140 83 243 276 182 57 27 0
256 287 70 103 199 265 375 142 18 83 338 23 154 92 158 255 0
292 102 167 351 358 10 202 363 112 144 369 275 277 58 30 223 0
1 130 388 298 299 400 305 93 0
130 201 363 44 205 31 253 190 191 0
224 71 360 202 139 171 236 299 306 179 52 252 182 375 346 188 349 254 0
290 260 319 294 329 395 332 175 79 276 150 63 0
133 134 265 18 147 161 166 172 300 188 317 80 337 230 110 244 247 125 126 0
128 258 394 276 153 282 27 43 49 320 193 73 206 93 222 355 100 231 374 0
3 267 151 296 304 305 185 58 61 193 322 335 216 93 351 227 366 367 126 0
320 193 3 325 102 203 108 44 172 237 115 116 179 212 220 317 0
387 147 149 155 156 35 45 53 319 192 347 220 222 223 96 101 106 235 364 370 121 0
64 1 224 102 173 239 48 242 244 213 23 248 127 0
384 259 272 21 27 173 301 305 58 318 319 64 336 210 84 212 223 230 122 126 0
98 389 74 298 111 271 18 52 277 22 188 0
99 355 356 230 393 266 172 205 14 236 80 208 279 379 375 0
66 325 233 329 394 172 209 241 84 117 252 278 342 28 93 0
257 9 106 12 207 21 213 309 349 351 0
384 257 6 15 147 23 152 281 28 33 305 71 208 210 85 345 355 110 111 119 0
129 291 323 91 299 155 219 304 49 82 246 123 0
96 33 357 102 363 155 365 239 83 179 372 375 377 27 253 0
264 398 19 22 155 291 308 64 335 81 85 346 98 355 356 102 237 365 239 366 0
353 228 166 326 200 202 267 271 80 369 18 114 399 23 186 0
257 223 357 31 124 156 29 127 0
3 356 9 234 331 110 271 16 112 50 275 371 151 56 378 383 0
65 287 133 21 152 92 62 95 0
386 229 8 396 334 15 239 244 87 346 124 0
97 2 354 319 166 74 299 205 125 255 0
97 34 353 132 354 7 300 239 80 52 342 377 94 0
323 37 133 165 262 383 298 205 398 49 56 159 0
352 259 324 6 110 306 213 56 155 380 125 0
362 43 268 365 379 85 150 245 312 123 253 222 0
128 36 102 9 234 75 117 310 374 319 0
256 198 70 232 296 142 378 240 338 115 213 218 286 0
256 104 235 302 239 15 335 316 0
32 288 130 259 321 165 356 135 360 389 392 331 300 303 119 216 219 0
162 195 6 358 106 331 395 80 115 375 312 219 348 318 0
128 258 37 5 265 268 45 206 145 52 308 246 282 124 125 222 0
353 227 292 229 387 172 366 368 247 185 93 287 0
264 275 284 29 173 304 180 60 189 318 66 71 73 207 223 227 235 243 254 0
32 224 66 225 257 6 167 395 44 236 239 112 245 215 122 348 285 30 0
227 36 292 324 14 239 48 80 210 244 218 0
194 5 325 297 298 329 142 271 399 178 276 85 316 185 252 0
131 198 200 328 202 395 80 369 371 340 277 118 246 312 313 342 156 380 0
258 387 100 154 136 41 296 107 394 173 181 151 26 220 93 255 0
160 1 35 196 197 198 73 219 16 112 151 380 154 91 156 0
160 289 223 163 359 8 41 72 234 16 17 337 371 84 119 347 92 63 0
67 133 17 307 180 381 0
257 66 194 38 104 265 42 268 302 335 305 372 348 189 0
67 326 295 10 266 278 151 90 317 190 0
224 394 12 334 180 181 87 120 318 375 0
350 292 37 276 53 344 121 122 284 126 0
225 258 292 389 351 45 110 46 16 333 335 341 316 159 0
384 35 135 8 232 42 329 53 184 89 186 222 0
34 382 174 334 272 306 308 318 351 0
10 395 140 148 285 32 296 311 56 186 77 212 87 90 221 358 123 365 368 242 251 382 0
4 393 274 278 159 39 43 46 175 68 203 332 213 89 357 230 106 237 245 0
160 131 355 37 172 76 237 238 370 276 279 185 0
231 201 139 204 309 121 382 0
257 229 43 300 331 46 332 363 307 310 0
32 160 288 353 384 389 108 172 80 210 243 118 22 183 282 383 0
262 200 235 207 368 20 149 90 0
258 292 133 166 167 200 282 270 240 82 343 90 91 0
322 291 164 358 73 48 279 154 253 287 0
295 395 17 55 91 156 159 0
185 4 101 102 132 231 260 292 107 332 383 48 18 212 214 25 155 57 0
38 365 366 252 343 188 285 0
65 98 312 390 199 72 359 267 145 85 152 57 0
386 3 140 142 15 149 278 153 297 170 173 56 195 331 84 212 234 369 381 0
384 99 262 326 234 269 110 175 241 50 210 243 252 371 314 156 0
290 35 36 389 135 201 42 113 52 276 246 87 151 378 247 152 351 0
353 162 385 69 201 138 234 210 115 116 371 187 221 286 0
192 318 99 69 333 367 81 210 337 180 123 222 0
322 136 9 139 270 273 59 252 126 0
161 194 67 4 69 164 324 106 203 398 275 185 30 0
96 131 195 387 6 281 391 73 44 336 241 370 147 249 282 251 190 0
160 231 173 270 175 366 55 282 350 0
162 229 38 11 332 239 336 145 370 147 153 250 187 0
69 165 104 107 46 114 83 180 87 247 159 0
9 18 147 275 297 302 54 56 314 197 326 208 82 340 214 221 228 232 372 250 383 0
192 137 11 146 372 187 317 190 0
256 262 264 393 267 269 335 178 20 214 87 219 318 0
2 354 70 266 108 335 85 213 277 153 30 0
258 354 357 104 105 205 207 208 178 51 184 379 284 0
258 131 263 391 21 284 28 288 290 61 64 200 204 335 83 350 233 234 241 249 250 0
289 292 166 231 74 78 207 239 303 381 309 313 155 125 0
318 322 131 36 354 232 302 284 286 0
322 9 44 109 236 81 305 86 246 376 217 26 125 0
322 260 232 335 272 340 89 123 0
376 110 239 309 23 56 375 0
67 323 229 393 14 116 180 276 184 122 379 60 0
224 1 231 212 372 343 185 122 29 318 31 0
128 290 99 227 76 269 152 281 0
34 227 103 364 112 275 244 153 0
161 98 385 388 358 296 236 274 20 21 84 148 24 308 250 317 286 0
100 196 92 399 81 369 87 60 125 318 0
36 69 105 395 140 173 110 270 302 244 377 90 123 286 254 255 0
96 322 99 185 69 230 295 141 240 274 149 184 89 378 92 125 222 0
194 326 269 81 147 117 150 341 373 190 0
34 356 294 395 244 21 57 61 0
69 332 269 143 178 211 252 375 280 121 156 221 350 0
320 104 265 170 328 156 148 249 92 0
318 223 387 262 265 203 13 20 149 89 220 94 159 0
2 357 38 71 73 233 297 108 269 395 15 397 50 243 20 212 0
32 65 129 46 174 336 178 84 214 26 219 157 31 0
161 100 356 39 8 393 30 186 126 0
290 67 261 393 267 172 206 80 275 213 120 217 90 0
160 132 326 358 232 296 106 302 112 274 338 85 218 188 0
160 163 227 202 16 19 147 244 343 313 314 187 0
3 323 169 333 400 273 305 342 58 219 92 157 0
5 135 281 283 158 37 294 296 178 67 325 73 201 330 210 349 223 363 376 254 0
129 257 258 385 40 235 395 341 216 219 159 0
34 291 4 197 167 105 42 76 268 397 20 280 57 156 349 0
97 34 291 136 138 298 77 178 374 89 253 62 0
2 196 100 197 230 262 338 378 0
224 259 231 367 307 276 53 214 311 377 125 0
132 103 167 7 169 209 308 217 26 0
321 6 351 267 204 174 177 307 339 53 246 371 59 349 287 0
129 163 8 202 13 333 335 144 17 400 311 281 349 0
386 260 15 271 30 161 163 176 177 307 58 317 319 205 208 217 91 347 95 109 122 252 253 0
135 8 169 109 110 14 111 115 243 276 246 375 26 318 223 0
162 259 262 317 265 266 238 17 179 340 375 315 284 61 0
191 4 40 9 43 349 271 244 340 54 56 281 314 220 63 31 0
225 104 328 298 13 79 143 50 348 181 119 249 316 383 0
99 388 230 263 391 77 13 271 18 149 343 88 345 220 157 0
260 139 271 22 26 158 299 48 304 190 322 78 338 89 233 364 109 374 119 376 0
390 201 203 76 267 206 315 53 23 218 123 94 0
266 276 277 24 158 31 305 183 185 191 73 202 84 349 101 357 106 234 109 245 383 0
96 162 131 260 166 218 75 171 206 180 342 281 154 0
258 198 281 11 108 78 175 16 271 399 214 217 191 0
322 36 357 102 103 40 168 232 17 118 55 318 0
352 163 292 299 110 273 277 185 218 0
312 131 227 229 166 264 328 331 315 180 87 248 219 190 0
259 165 102 7 167 169 261 262 332 79 48 211 52 276 341 383 0
257 66 98 258 323 198 330 337 83 222 0
387 388 12 147 292 47 305 189 330 208 84 348 350 230 358 365 239 373 376 122 0
289 260 356 107 173 209 18 374 378 157 0
229 391 74 202 12 82 118 343 217 282 59 190 0
258 260 268 396 398 279 26 288 42 170 177 180 54 311 65 196 202 99 365 116 376 0
323 196 390 200 9 106 108 46 112 400 243 277 182 153 0
131 70 329 137 143 347 0
128 14 206 335 88 91 191 0
128 1 66 192 257 358 75 334 369 150 343 376 0
65 66 324 135 236 365 148 244 183 344 318 223 0
192 3 69 102 135 73 143 58 27 126 0
135 200 265 360 188 88 252 286 0
32 67 102 7 166 168 10 297 362 391 395 303 338 21 183 152 381 0
256 2 196 133 260 103 138 140 336 17 209 372 125 0
384 321 26 260 261 363 335 16 367 82 83 247 377 90 123 0
289 205 46 368 177 116 212 317 95 127 0
168 328 138 235 172 77 314 79 144 209 18 367 213 90 126 0
384 290 37 70 168 266 394 400 212 85 309 215 281 247 223 0
98 388 9 43 302 335 148 277 221 191 0
74 18 86 22 279 0
36 229 357 7 43 237 239 208 241 82 371 57 154 123 286 29 62 255 0
224 129 257 260 37 230 328 169 186 285 223 0
162 101 7 168 139 140 365 15 178 212 21 152 154 0
384 129 139 272 284 169 45 49 308 310 55 315 202 203 204 205 213 87 90 225 355 364 0
224 33 289 236 110 178 146 370 280 0
229 102 391 264 330 238 120 92 0
193 2 287 5 198 292 41 237 369 50 146 372 121 127 0
259 388 144 146 286 35 163 295 176 325 328 329 202 341 121 371 374 249 122 0
160 294 107 15 239 83 276 372 57 122 0
130 323 100 164 197 264 42 172 114 215 63 0
73 106 265 45 219 15 368 49 242 84 85 244 88 313 187 152 95 0
256 389 390 8 9 396 21 26 283 287 162 169 170 174 65 337 216 100 112 0
100 389 168 105 141 142 82 83 86 279 89 124 0
192 3 132 263 264 75 364 308 87 157 126 351 0
65 130 35 194 289 328 105 240 371 85 343 346 59 220 158 0
224 228 12 236 237 334 49 375 120 287 0
160 195 326 218 75 314 143 335 148 180 58 348 255 0
295 363 172 49 82 148 54 89 252 0
193 355 292 134 103 262 203 172 208 240 147 381 318 0
64 128 384 391 170 331 115 19 213 0
98 386 133 261 71 305 147 117 183 248 347 93 0
64 385 262 210 51 374 87 27 93 0
65 257 195 133 351 392 202 108 77 176 82 253 127 0
33 66 5 104 296 74 106 298 271 176 208 146 305 212 370 342 154 187 0
2 69 107 236 381 179 180 189 216 186 92 125 254 0
289 2 162 354 231 8 265 44 109 300 16 114 382 255 0
353 355 69 6 7 203 237 334 399 18 242 370 151 314 317 92 285 0
128 384 174 16 52 373 345 282 156 317 0
289 321 69 197 295 325 42 13 238 180 20 182 309 344 249 250 221 0
294 104 234 48 145 337 211 59 0
358 297 266 173 48 278 0
193 194 389 38 394 204 364 177 18 306 213 280 282 285 126 0
97 290 344 287 261 7 9 141 272 17 113 23 152 159 0
318 8 11 216 399 274 243 277 88 314 28 61 94 127 0
387 260 5 399 22 35 293 304 180 183 64 71 74 216 229 231 232 235 239 242 0
121 194 324 134 135 139 395 237 15 338 181 25 124 351 0
32 248 355 228 134 169 330 393 76 237 269 364 144 305 22 215 56 92 0
113 138 131 142 0
322 228 295 200 169 232 331 79 16 273 313 282 0
385 387 7 12 152 286 297 43 177 65 193 75 79 341 218 95 224 354 229 232 242 121 0
33 290 260 38 40 204 141 14 237 16 239 335 151 281 0
10 363 332 269 208 339 247 219 63 0
280 231 359 13 175 176 49 273 303 244 85 150 309 56 335 286 62 95 0
2 226 101 358 360 201 205 237 372 251 191 0
229 326 7 296 137 174 278 375 26 63 31 0
289 290 36 164 198 203 268 174 398 145 19 57 154 317 188 125 223 0
320 163 164 133 196 197 41 297 109 176 339 212 311 249 0
132 391 400 116 180 20 311 26 0
132 294 105 106 170 299 46 18 20 53 88 185 0
164 262 104 200 139 299 300 334 15 365 247 120 155 157 0
257 226 195 290 5 40 72 269 113 114 370 276 21 87 56 345 92 0
192 324 39 7 200 138 139 201 328 238 144 19 22 286 0
192 164 197 327 232 264 111 22 248 284 253 0
224 194 165 205 110 335 240 306 244 85 91 157 0
160 161 194 387 294 232 202 234 140 108 330 334 305 242 51 250 0
67 358 200 233 370 182 380 313 252 0
3 364 109 142 302 208 275 120 91 0
71 136 364 369 276 214 185 252 159 0
164 376 8 12 365 302 143 144 366 370 149 22 216 347 0
65 354 385 267 172 45 270 304 369 274 309 54 215 281 378 380 317 0
265 139 142 15 165 41 44 300 182 56 76 86 216 349 98 364 250 127 253 255 0
130 8 200 139 12 334 378 304 117 249 346 0
194 5 165 229 12 378 146 51 147 21 210 87 376 250 93 62 0
388 71 359 397 400 308 247 217 154 284 0
223 135 138 12 300 78 17 370 86 87 377 124 221 191 0
257 75 139 395 46 303 145 313 317 286 319 0
256 390 7 141 20 22 156 159 295 173 181 185 187 59 317 326 339 350 375 120 378 0
288 290 355 101 102 39 197 328 238 145 372 310 311 25 0
226 166 41 267 268 302 366 17 376 57 95 0
386 260 6 262 362 15 48 113 27 284 0
256 33 257 227 5 10 266 371 117 29 0
256 135 392 137 396 145 276 183 317 223 0
352 162 226 292 359 200 314 206 176 243 246 87 278 377 282 317 221 350 0
99 197 6 295 218 362 144 84 122 349 0
64 296 9 236 49 307 0
224 99 355 166 167 9 330 203 365 175 239 342 119 255 0
385 4 388 134 397 272 400 24 29 39 167 173 179 211 340 98 359 375 251 0
129 68 326 313 328 271 303 369 178 372 311 25 122 221 0
226 322 377 43 108 109 235 302 366 145 210 305 276 279 249 222 0
195 388 261 73 75 108 366 271 48 373 279 312 251 95 0
291 198 235 144 400 180 342 0
33 130 290 206 79 144 147 84 212 307 58 156 222 255 0
357 10 171 273 308 373 215 90 351 0
357 166 8 266 171 395 304 146 371 315 222 0
288 34 227 330 109 378 208 213 118 154 0
33 121 3 161 353 38 263 40 393 106 170 204 330 244 245 216 89 0
257 2 387 260 197 198 294 356 360 204 80 307 244 186 287 0
162 261 325 136 45 398 335 367 277 86 246 217 250 91 31 0
384 263 278 160 37 167 296 45 173 307 312 60 66 207 86 218 90 225 100 239 370 117 374 0
353 194 258 290 393 397 80 311 376 0
191 223 364 396 78 270 177 19 372 181 119 56 120 286 127 0
225 290 321 260 385 136 73 108 13 47 111 209 178 368 85 312 123 349 0
33 295 136 359 266 245 310 249 155 0
32 96 295 377 266 108 205 208 20 53 341 151 312 89 348 251 124 0
129 344 327 9 137 203 362 393 270 335 48 112 305 30 248 153 285 126 0
260 389 138 140 15 143 148 22 287 308 53 77 214 370 115 372 117 247 248 250 0
130 28 289 36 167 181 311 318 191 68 197 331 210 83 86 345 366 112 250 124 0
130 227 292 323 38 358 41 169 13 303 48 177 244 341 182 27 157 0
161 257 72 106 11 140 113 306 281 190 351 0
353 194 195 325 263 106 138 140 80 51 20 220 182 313 27 92 285 0
129 66 67 200 41 232 330 362 272 17 86 280 377 255 0
160 130 196 356 328 329 10 155 396 211 372 117 281 122 59 383 0
97 66 99 228 289 104 105 137 232 76 13 336 119 23 24 249 0
64 256 382 6 395 236 173 210 21 343 248 127 30 63 0
257 6 8 393 396 144 28 289 318 324 202 336 87 93 96 97 367 379 382 0
361 330 11 140 46 303 275 180 373 54 22 310 345 346 0
290 227 197 229 390 234 203 173 78 112 145 374 216 0
227 363 166 107 332 269 46 78 48 79 50 174 20 399 60 254 0
260 5 133 292 391 269 271 367 343 218 127 0
130 323 134 265 362 299 112 18 50 180 55 380 0
352 388 38 166 41 14 270 113 84 245 87 23 281 59 0
5 262 149 284 179 185 202 207 81 89 227 229 358 359 114 243 246 121 250 0
390 282 158 291 40 41 50 180 311 189 323 72 210 87 92 99 355 229 109 110 117 381 0
160 257 138 77 141 335 16 177 343 0
384 225 385 8 233 75 108 364 17 244 119 312 127 0
353 100 327 136 331 82 23 56 153 218 93 126 0
161 226 3 228 292 74 202 113 177 312 255 0
34 226 259 104 396 176 304 340 149 215 0
124 83 36 46 0
98 165 167 296 359 299 238 16 81 83 212 308 61 31 0
64 161 98 3 163 194 382 42 238 80 114 25 60 126 0
204 45 48 243 308 216 380 158 0
256 393 267 271 150 27 162 165 170 193 66 329 83 214 87 220 375 228 239 247 0
292 135 364 269 205 271 274 341 150 87 278 315 382 0
166 281 8 362 83 21 151 183 125 30 0
288 35 3 165 197 387 73 303 176 311 88 122 60 0
267 334 144 176 336 211 148 213 183 349 0
98 354 36 165 393 172 300 113 244 346 255 0
288 387 68 41 395 76 205 369 279 125 0
160 193 35 291 264 105 202 298 211 22 87 215 315 61 191 0
161 327 136 73 234 270 176 178 22 27 0
352 2 259 134 136 201 297 268 206 400 84 119 281 154 0
98 67 187 333 143 80 113 93 59 29 31 0
350 386 261 168 107 397 178 243 148 317 62 0
256 354 4 173 114 23 58 0
1 226 195 261 327 136 10 47 400 17 213 118 278 88 185 58 190 0
352 97 322 230 231 137 138 205 183 314 220 311 254 0
224 101 199 104 393 240 308 53 214 254 223 0
256 226 290 355 165 79 144 147 22 182 319 0
1 97 230 7 265 172 339 371 21 216 346 91 94 383 0
384 390 327 106 303 146 242 87 56 282 379 124 0
32 225 255 5 239 49 114 242 274 56 216 127 0
160 258 227 297 330 181 86 215 57 285 191 0
322 387 4 8 200 392 299 174 272 114 179 340 246 253 58 315 316 157 0
354 386 133 261 358 136 296 10 75 11 16 308 378 155 158 255 0
256 6 267 271 273 161 42 46 47 186 320 323 71 73 355 231 232 366 372 0
196 260 8 328 303 208 304 274 211 336 400 251 60 317 287 0
225 322 197 229 263 233 170 395 334 47 50 210 306 340 373 120 351 0
64 194 226 5 293 168 236 45 368 145 209 309 22 182 374 375 63 0
256 257 132 133 293 294 41 234 265 49 61 211 310 281 93 0
67 358 391 169 107 140 300 110 334 283 145 277 311 88 251 190 94 0
1 162 257 392 393 49 312 218 95 0
33 258 385 388 360 364 45 238 339 348 374 87 28 383 0
290 137 138 207 304 180 245 277 217 282 220 0
258 324 9 11 44 45 207 336 114 211 276 181 373 122 0
96 194 166 360 204 237 17 82 147 275 54 248 25 250 0
258 5 218 138 297 364 173 378 178 246 376 90 251 0
129 388 202 363 236 333 174 142 175 367 275 378 0
352 65 1 323 387 261 358 389 232 297 390 209 115 149 0
356 358 39 267 206 307 310 0
323 229 293 9 105 75 378 16 337 312 346 189 0
102 359 42 78 79 112 113 238 344 377 251 95 0
193 386 227 5 44 214 151 190 383 0
129 130 137 11 268 277 153 31 292 165 40 169 305 326 204 86 349 106 117 124 125 0
384 258 322 389 392 172 13 144 85 284 186 28 0
98 290 355 134 263 281 361 12 76 268 16 311 217 90 283 0
290 197 201 77 174 368 371 118 152 315 92 93 0
290 163 195 294 39 41 202 377 76 365 46 179 372 181 277 313 283 191 0
224 386 329 267 109 305 20 55 281 314 189 0
229 74 366 16 275 280 0
64 160 226 312 376 123 12 203 302 53 88 25 26 59 0
129 132 263 10 399 32 295 297 302 49 181 64 65 322 69 199 226 116 118 379 0
261 103 71 303 181 85 184 314 63 0
33 66 98 200 105 232 233 112 337 306 338 309 118 373 251 220 0
96 33 68 101 6 228 362 394 145 309 278 60 286 0
377 268 110 15 111 18 243 52 21 185 189 62 0
163 388 8 138 396 333 273 50 179 246 24 218 184 287 0
257 2 289 7 112 272 312 317 0
1 386 133 390 8 22 26 284 160 168 299 302 308 318 328 211 344 359 233 235 0
32 256 344 4 70 169 171 396 110 368 179 88 218 59 60 93 191 0
225 66 226 324 262 117 85 374 345 91 95 0
292 389 327 168 269 143 239 113 271 381 84 245 316 93 126 0
192 33 130 231 75 12 204 331 53 214 279 157 30 375 0
97 385 35 100 323 264 395 300 400 114 244 22 246 88 345 94 0
224 385 356 325 230 295 359 377 394 77 145 306 338 372 149 309 249 0
130 5 262 389 277 39 42 298 304 305 185 314 186 75 204 336 224 121 124 0
3 292 368 113 369 245 280 287 0
192 326 103 135 169 170 265 328 29 85 282 27 125 0
324 102 201 14 302 307 122 286 159 0
129 353 100 169 201 142 241 312 57 187 222 0
322 3 386 7 231 263 141 305 83 180 212 61 0
160 33 387 390 72 9 105 168 204 237 301 334 336 51 120 220 383 0
64 130 194 164 227 292 169 11 396 77 13 116 276 150 308 26 0
288 167 42 172 301 110 333 178 147 157 24 29 222 0
5 14 398 144 274 26 283 285 32 294 43 175 189 320 66 194 196 73 211 214 94 352 103 104 115 117 0
98 163 226 133 323 71 172 334 277 54 278 184 125 0
385 34 134 135 231 358 74 111 143 303 179 213 246 57 125 382 0
287 294 264 107 331 332 15 113 21 278 344 250 251 95 0
4 230 8 396 82 372 54 183 317 0
32 64 96 290 384 9 73 309 346 0
161 227 376 69 37 249 362 140 176 119 152 121 314 0
33 99 327 266 282 204 13 301 397 17 369 117 186 94 0
321 167 312 29 222 0
67 227 105 202 302 15 240 241 248 282 159 0
128 140 276 150 178 311 316 191 63 338 215 88 89 348 220 225 356 234 370 373 249 0
319 294 71 39 394 365 366 398 208 241 400 371 52 181 246 248 189 159 0
128 322 99 67 101 8 137 364 109 173 396 246 374 184 377 314 157 0
128 385 328 360 361 174 309 0
161 226 323 386 39 365 219 146 280 57 346 187 0
2 291 387 37 75 109 368 115 339 22 118 252 159 0
129 70 71 79 175 176 272 337 84 215 121 250 350 0
192 256 318 68 134 230 236 112 368 369 244 276 309 25 253 254 0
98 131 291 5 264 395 44 15 79 144 176 20 279 59 156 317 0
289 226 262 169 76 142 79 276 279 24 281 156 311 30 0
32 7 72 329 235 178 376 313 125 318 351 0
313 187 214 190 0
323 42 74 138 78 79 304 209 243 148 125 182 309 29 318 0
128 195 323 270 175 398 306 348 0
352 354 101 136 170 395 81 277 23 313 0
1 34 37 102 133 263 12 364 272 370 249 349 287 0
135 327 297 81 338 85 126 316 254 286 0
298 11 46 79 270 177 369 115 89 220 62 63 0
160 133 6 169 297 394 14 18 114 274 250 187 60 93 0
64 321 263 391 169 363 300 365 302 79 241 146 180 214 183 377 255 0
322 355 360 141 206 367 336 117 54 343 90 0
133 134 7 233 365 110 272 305 372 181 150 187 189 158 95 0
226 98 104 282 243 248 122 123 0
224 65 5 107 207 210 147 214 123 0
160 289 359 173 334 207 239 83 372 117 311 62 377 158 159 0
353 166 102 141 305 178 248 313 218 351 0
224 98 102 172 108 206 307 341 246 27 0
224 353 101 333 16 17 339 343 55 62 185 94 0
353 226 386 260 133 12 364 14 337 212 245 308 88 152 383 0
128 353 164 101 133 166 42 299 302 21 311 154 381 343 0
257 294 181 216 347 221 63 0
1 257 398 144 152 30 288 289 172 303 53 318 320 67 195 70 342 91 111 240 380 0
290 354 209 306 252 118 22 280 153 124 0
256 387 100 101 249 392 332 333 366 396 337 84 185 154 348 29 253 0
129 280 67 69 264 141 241 18 242 119 53 23 24 29 0
320 2 4 229 8 45 15 79 111 220 117 214 376 379 188 285 223 0
194 259 356 6 104 264 46 210 306 214 56 91 0
258 259 8 41 74 298 238 304 86 151 248 59 0
225 257 196 101 260 7 200 73 137 203 293 237 398 308 340 56 381 287 0
292 69 165 167 364 237 369 220 340 23 120 379 28 29 0
1 38 73 169 47 175 309 119 28 350 0
192 33 130 100 164 389 20 376 0
129 97 133 165 281 326 73 266 394 44 365 302 144 217 0
384 386 259 68 293 392 233 394 52 21 378 92 29 0
43 282 180 311 185 90 123 319 0
11 44 332 14 397 208 272 52 309 154 0
322 386 229 70 39 7 296 11 109 303 339 86 93 0
159 223 291 322 134 38 265 141 378 54 249 250 190 189 158 63 0
353 390 135 264 392 42 235 109 78 334 48 245 86 313 90 190 0
326 364 219 52 284 348 123 252 158 0
321 355 6 167 9 238 207 273 23 86 151 0
225 196 7 104 10 362 237 335 176 304 367 307 400 282 285 191 0
226 261 170 76 236 206 79 304 400 115 314 382 319 0
292 357 199 103 327 15 368 50 0
162 42 11 204 177 372 21 216 285 62 0
67 80 113 368 307 182 156 61 222 0
193 130 135 72 295 296 107 236 173 362 271 50 275 370 181 188 95 0
193 66 162 194 101 260 295 354 360 361 44 45 79 399 17 113 277 284 0
64 192 105 233 265 268 329 363 399 51 182 61 0
161 37 165 262 361 74 331 300 174 399 400 373 183 89 215 158 0
35 227 299 109 14 237 269 241 245 86 123 286 0
34 3 130 7 199 328 45 15 371 244 22 283 127 0
256 2 386 165 6 39 106 171 172 330 174 372 85 313 0
193 385 227 196 101 166 200 10 396 237 397 179 307 216 314 190 0
395 397 286 160 293 50 312 314 315 73 81 84 212 88 354 99 232 367 369 377 0
230 39 361 74 203 237 46 366 177 305 342 343 253 28 29 350 0
287 327 136 233 12 301 24 350 223 0
33 194 258 383 42 370 342 217 125 127 0
36 217 292 71 361 43 171 18 213 311 380 57 220 0
1 130 162 40 235 108 331 176 178 277 0
225 322 227 385 101 249 7 231 391 74 140 336 213 309 183 25 0
192 1 324 8 266 282 140 77 141 205 268 336 243 339 150 278 90 92 0
64 291 235 204 49 51 215 280 315 0
225 260 293 105 362 397 239 82 243 53 0
353 255 38 102 234 395 140 399 17 50 209 86 63 0
64 129 67 6 104 360 299 111 145 276 342 376 25 221 253 0
256 33 262 393 172 83 85 185 314 349 125 0
2 134 73 377 333 52 341 313 314 0
321 130 100 70 262 75 11 12 110 204 48 400 341 122 0
256 39 10 236 174 15 400 241 50 51 85 309 27 28 0
228 168 170 299 395 109 13 110 336 339 310 279 285 222 0
97 195 326 73 170 364 368 370 22 349 350 0
290 131 358 359 202 234 141 117 313 59 188 0
64 1 132 231 44 268 143 112 144 209 243 273 344 0
153 292 319 281 294 325 76 109 216 144 120 121 154 156 285 222 31 0
36 357 267 108 346 304 81 113 218 251 381 0
128 4 198 283 24 155 255 0
384 133 13 143 21 279 155 173 301 308 203 335 212 89 224 107 236 366 111 375 125 0
98 195 227 261 139 370 244 117 182 343 153 251 0
218 266 139 206 275 311 121 90 0
257 138 22 160 33 163 37 45 48 307 62 191 65 323 324 203 213 235 126 0
288 384 259 281 295 361 44 80 145 343 57 250 0
1 66 129 321 330 140 13 207 149 309 25 189 0
257 323 351 167 170 139 272 21 24 25 191 0
33 40 361 138 170 77 375 399 243 151 345 219 220 254 127 0
390 359 106 277 122 219 0
384 355 100 358 363 143 144 241 271 51 306 53 342 279 248 370 254 0
135 172 175 337 178 243 213 253 251 188 61 0
226 164 165 198 167 168 264 14 207 270 273 335 399 63 0
384 323 37 295 328 137 266 76 271 400 50 83 180 150 187 0
192 194 164 265 234 397 110 334 240 343 349 62 0
97 260 325 234 112 306 308 185 124 222 0
161 312 131 68 357 70 296 148 180 86 152 26 124 62 0
388 198 135 362 203 204 77 48 145 210 309 150 55 287 0
167 218 300 77 142 154 126 0
291 165 233 10 202 44 331 368 274 117 374 55 247 0
139 175 271 367 18 114 369 221 285 92 157 159 0
353 290 3 36 227 323 8 44 332 147 52 312 250 379 0
164 197 102 199 42 362 110 146 52 378 187 0
228 346 238 83 278 279 280 186 283 126 255 0
258 67 389 136 360 144 149 277 312 0
359 203 396 49 379 221 0
132 324 38 388 106 171 77 173 205 269 283 51 254 57 219 30 383 0
96 129 291 134 358 330 267 178 306 151 183 343 0
386 376 5 392 282 145 369 147 85 213 343 88 122 0
100 36 198 235 108 267 366 337 24 377 287 0
167 202 400 145 242 337 149 309 315 0
164 41 108 270 220 213 124 94 0
131 100 6 296 329 17 274 373 279 188 62 0
4 228 231 137 138 298 48 272 61 314 125 0
201 138 233 314 13 302 271 48 378 210 21 310 343 122 317 95 0
251 80 273 83 149 54 348 380 219 28 383 0
96 161 289 164 228 327 168 362 270 15 276 189 0
353 8 47 49 81 307 310 120 185 0
256 136 397 16 18 153 25 156 29 35 40 51 310 314 315 318 330 342 229 0
97 38 262 329 235 108 299 364 154 219 29 0
352 130 103 73 394 332 45 302 80 306 307 212 118 151 216 317 126 0
227 169 234 177 17 251 190 0
96 97 2 196 356 263 313 201 377 140 174 334 82 181 215 121 59 94 0
34 36 357 262 266 75 141 14 303 365 149 87 222 0
320 227 105 201 139 332 363 277 215 0
132 103 39 243 20 24 347 220 0
5 364 141 269 271 302 81 82 113 211 276 397 399 376 251 94 0
67 227 351 71 169 107 236 141 303 178 242 307 377 314 219 127 0
129 354 391 365 369 275 51 342 343 250 379 0
325 333 272 114 21 182 374 217 282 60 253 0
318 228 389 166 78 175 251 241 273 211 148 398 57 155 62 0
96 66 100 228 292 326 328 361 171 55 151 380 125 318 0
192 193 164 166 200 360 74 393 77 301 272 242 243 86 119 348 0
129 322 227 36 356 9 400 18 83 86 90 285 318 0
80 218 135 0
321 162 324 197 391 107 365 16 400 20 117 374 0
160 392 74 234 267 330 174 395 149 218 0
321 196 132 358 231 264 295 17 149 159 0
100 324 138 298 179 59 220 191 0
257 350 195 134 172 204 78 47 335 145 337 338 87 378 30 375 0
64 376 197 105 330 331 109 269 334 367 53 344 249 155 220 61 0
162 325 7 205 115 281 250 286 158 31 0
72 76 175 313 314 157 0
195 229 299 204 14 251 48 311 373 246 183 24 25 219 252 29 0
36 103 104 295 202 75 236 367 246 347 92 255 0
193 69 358 104 138 235 397 240 20 308 377 346 123 158 0
160 224 196 390 73 42 12 110 209 19 28 287 0
5 10 25 58 59 319 65 351 224 105 108 365 110 112 124 242 380 252 382 0
257 261 8 10 274 162 35 80 208 220 229 108 366 370 372 245 121 123 252 0
1 387 6 140 279 26 285 161 41 172 307 52 315 193 80 222 224 357 369 370 380 0
134 359 362 366 176 22 214 154 28 319 0
160 225 298 12 269 239 112 368 211 379 149 247 312 377 317 125 63 0
228 7 200 234 107 12 46 367 212 378 187 156 190 0
288 385 5 104 168 392 109 210 23 378 351 0
162 67 37 293 39 232 201 358 394 78 81 50 338 212 249 95 0
257 162 194 385 165 203 78 50 211 307 341 214 60 0
393 205 15 177 148 21 374 313 317 61 223 0
288 69 9 395 172 175 17 211 243 157 346 317 29 0
97 131 101 391 73 218 267 298 110 207 368 178 54 151 88 186 189 0
32 65 162 38 390 232 73 201 139 400 371 84 246 0
1 225 354 141 21 245 215 247 157 0
257 227 100 293 232 169 43 363 109 271 240 181 86 218 0
66 323 101 197 103 75 108 45 171 268 176 208 270 343 222 255 0
353 162 99 357 134 298 15 342 87 59 316 254 0
225 66 357 137 73 187 14 206 269 209 366 212 341 372 27 0
96 97 259 101 293 200 202 331 77 14 301 211 340 216 345 59 28 0
195 259 69 390 362 268 78 398 209 51 150 120 29 0
389 136 142 273 178 183 56 322 67 69 333 338 340 221 351 225 353 363 237 114 118 0
4 261 398 16 17 149 152 30 53 59 65 73 76 81 337 88 98 118 380 0
352 357 329 75 13 205 79 16 365 347 397 58 283 92 0
260 21 149 278 284 157 38 42 172 47 180 313 187 193 197 97 358 235 253 0
96 355 4 138 43 364 110 49 305 20 372 24 59 184 0
160 38 266 237 301 111 272 340 152 186 284 61 382 0
325 7 296 361 237 206 346 176 338 85 342 87 57 314 28 0
97 289 107 75 269 147 379 182 90 123 0
194 229 166 199 271 276 21 0
352 191 137 44 338 54 312 317 287 0
6 295 15 81 149 118 313 155 92 223 0
384 322 101 7 263 140 396 241 246 342 153 58 221 0
2 99 36 75 139 239 335 49 178 368 318 0
351 393 10 395 13 207 47 242 341 312 190 286 0
64 291 344 295 361 338 370 23 181 149 279 340 372 375 351 0
89 33 354 356 72 297 172 279 334 207 16 177 277 247 25 156 159 0
67 390 105 236 187 378 244 342 247 24 345 122 123 159 0
321 4 196 328 329 345 203 268 179 51 23 344 281 61 319 0
192 321 292 357 135 263 270 144 338 61 181 252 189 0
64 352 196 356 300 141 14 175 400 275 308 340 54 281 378 284 0
33 353 387 164 389 9 266 78 142 368 177 273 116 24 250 156 383 0
65 319 390 107 301 209 341 88 127 0
139 267 305 210 115 306 85 149 213 308 281 254 127 0
192 386 323 281 167 359 361 391 18 147 114 373 22 376 185 347 220 0
225 162 262 265 394 140 207 305 316 156 158 191 0
96 256 354 287 166 238 209 372 279 255 0
224 257 66 131 288 231 295 250 12 45 238 145 116 24 153 154 0
352 132 324 201 365 146 181 119 156 317 127 0
318 113 212 252 182 254 28 158 63 0
129 71 335 273 306 243 52 277 369 121 349 0
160 192 194 163 68 354 73 201 362 109 374 253 159 0
288 165 325 169 74 397 305 306 179 0
289 100 39 396 109 15 19 348 371 151 345 316 287 0
163 227 165 5 387 299 333 111 251 83 181 280 378 187 349 0
133 269 146 282 284 289 166 299 44 303 305 54 326 82 211 340 346 219 107 112 0
128 255 287 229 261 326 391 202 234 44 362 367 306 63 0
132 167 201 367 144 211 275 276 339 248 94 0
258 70 262 245 309 310 91 0
391 44 108 174 398 16 369 29 83 116 185 285 123 93 0
40 301 143 367 150 247 89 251 222 30 0
260 142 22 164 38 172 51 309 194 77 212 218 101 233 107 363 113 377 382 0
356 359 8 9 202 377 77 340 214 151 313 221 0
318 255 261 134 38 357 361 362 171 207 146 147 86 314 155 60 126 159 0
327 393 11 331 283 19 277 55 120 155 348 30 0
286 40 297 177 178 185 320 65 78 210 212 344 219 120 100 374 248 122 251 0
288 161 257 227 359 361 42 139 298 363 238 52 0
32 227 293 80 283 148 117 244 55 187 30 0
388 105 301 378 143 183 122 29 382 0
121 153 260 292 38 264 331 239 271 303 307 372 120 89 186 222 0
225 67 132 325 136 105 77 174 15 400 178 248 25 378 28 0
355 303 274 19 341 120 314 29 0
96 224 386 68 134 361 396 175 112 341 246 311 56 121 90 0
131 200 46 270 48 240 368 277 218 123 380 29 0
96 384 322 263 297 13 301 271 179 275 245 0
3 131 166 235 172 237 81 49 179 84 214 0
160 161 261 293 265 79 271 243 85 119 280 0
98 355 260 170 299 396 271 307 84 116 340 88 25 157 159 0
248 33 352 294 232 264 330 75 393 45 14 269 83 182 56 153 252 0
1 100 109 367 272 209 338 179 52 117 29 0
320 97 258 289 396 29 150 375 93 0
68 261 293 266 269 271 367 177 209 254 56 57 154 158 351 0
96 161 290 35 164 232 329 204 78 211 308 245 0
387 356 261 391 138 77 45 78 16 110 338 23 56 379 157 318 0
160 97 386 260 5 70 175 279 88 31 221 190 95 0
161 130 101 38 137 107 172 13 77 17 81 275 244 309 31 94 63 0
248 280 34 132 324 135 170 141 269 397 51 179 21 149 373 56 28 318 0
257 5 351 167 9 266 361 110 207 367 306 51 93 218 91 61 319 0
96 195 92 144 49 118 150 91 60 382 0
64 321 322 102 39 72 134 391 396 141 333 212 119 121 90 253 191 0
162 292 38 296 73 10 107 333 367 179 148 181 151 345 0
64 2 99 133 38 6 293 393 268 109 270 333 116 349 0
318 350 387 200 105 268 365 14 145 211 89 315 188 254 0
64 134 267 109 80 337 58 27 285 0
288 195 259 199 136 73 200 297 299 394 119 59 220 286 31 0
2 290 322 357 363 13 77 15 48 49 109 305 116 308 119 184 251 126 0
224 248 195 227 135 296 398 177 274 311 184 57 350 351 0
33 392 363 110 239 336 210 274 379 245 251 254 0
98 324 327 10 397 206 80 176 114 83 179 307 278 339 88 31 0
64 129 161 195 224 324 134 137 377 363 207 144 19 310 249 91 221 0
96 129 199 11 17 337 51 84 180 119 88 249 282 343 0
270 144 146 154 30 174 302 64 324 337 82 83 85 213 221 96 370 374 255 0
64 227 133 166 326 398 303 178 180 118 55 312 93 31 0
130 387 7 392 396 29 161 293 171 305 71 329 339 212 342 343 345 97 103 237 114 371 0
1 291 228 5 294 358 265 267 299 174 371 85 150 88 93 62 0
290 3 260 394 92 368 81 370 151 314 187 124 221 0
288 353 163 68 197 389 237 46 143 207 283 350 0
321 195 259 261 105 169 109 338 276 216 318 0
128 226 100 200 329 106 314 45 208 272 210 307 21 309 87 154 380 0
2 66 227 101 5 351 106 266 304 181 214 151 88 246 122 277 319 0
160 376 198 169 16 369 276 149 216 57 60 221 0
326 167 234 107 43 269 46 336 341 118 284 0
165 391 169 140 300 209 341 57 188 29 0
350 195 259 390 8 265 266 238 240 277 22 89 158 0
312 68 294 391 111 336 81 306 213 375 152 315 382 0
163 37 198 10 175 18 115 276 181 246 338 344 347 186 155 30 0
7 11 399 149 23 170 303 57 314 316 204 86 95 226 230 235 236 242 125 0
224 193 69 357 394 12 44 209 211 149 216 217 0
70 140 237 143 271 81 177 212 151 380 315 92 253 0
131 357 294 331 237 48 216 217 125 0
256 229 70 6 71 136 234 293 393 208 53 215 216 185 61 0
389 7 8 135 11 272 165 42 46 175 311 66 67 328 205 343 96 235 363 237 112 243 246 379 125 0
8 270 242 306 315 0
98 104 232 138 14 398 50 242 306 184 185 223 0
64 4 38 77 173 113 116 53 374 247 248 379 381 0
353 226 359 329 138 140 207 369 275 184 346 123 30 351 0
3 228 199 363 20 84 61 350 319 0
354 35 3 105 107 171 395 373 0
225 68 6 391 72 73 265 44 364 304 148 342 345 347 158 0
66 39 231 137 300 270 112 240 182 215 88 123 286 216 0
128 389 383 266 13 142 280 281 164 70 85 215 350 355 233 108 113 247 377 381 255 0
224 322 68 300 110 207 178 51 55 0
33 102 359 361 298 235 302 336 339 148 24 219 380 189 0
192 225 257 197 11 78 368 113 182 249 283 253 0
192 5 40 10 75 299 141 333 82 146 347 213 54 312 219 0
70 12 333 175 80 211 280 0
382 323 68 165 357 8 11 269 399 177 51 116 307 88 120 62 95 0
131 100 134 263 234 204 46 85 247 27 254 0
96 97 290 230 358 361 238 239 272 306 19 85 54 218 123 222 0
32 199 73 59 107 362 187 124 156 378 91 92 0
260 165 327 106 138 267 366 371 244 23 376 27 253 0
160 312 387 100 356 269 241 370 19 148 343 280 154 159 0
257 351 137 169 113 83 51 116 54 150 120 57 282 91 252 189 184 316 0
193 133 134 236 300 369 178 242 180 52 277 342 377 251 252 253 286 0
256 33 385 39 269 48 51 340 343 24 121 29 253 0
163 68 195 230 7 268 78 111 366 213 315 252 0
386 228 42 108 368 241 180 340 86 247 120 278 0
32 196 389 40 72 204 173 143 371 55 121 379 220 0
224 257 66 67 100 101 194 198 281 9 45 272 209 87 23 185 186 191 0
71 174 17 83 278 254 56 342 92 189 222 127 0
289 354 230 294 327 269 305 82 339 252 149 153 92 189 158 0
162 195 100 258 232 367 177 19 340 372 120 218 123 350 0
384 385 35 200 300 207 209 114 274 190 189 158 63 0
97 164 38 394 108 147 20 53 310 377 282 0
37 9 105 361 365 206 337 186 0
390 270 149 26 33 302 304 179 183 57 194 198 88 220 93 353 236 116 117 372 0
280 261 325 103 168 73 327 333 220 339 24 28 0
136 137 271 279 282 33 161 37 43 51 185 65 323 71 337 352 228 102 235 367 246 375 0
356 261 357 7 300 303 367 274 248 282 284 30 0
194 258 397 15 53 119 189 190 0
129 164 6 266 174 241 245 341 247 24 59 31 0
288 66 99 227 382 358 359 8 387 111 208 114 146 338 378 253 30 63 0
164 37 327 360 49 339 117 53 373 351 0
97 3 196 291 6 263 377 238 177 85 86 57 285 125 0
34 291 102 136 41 330 272 340 149 156 0
33 290 231 137 233 348 119 220 319 0
128 1 3 7 138 266 142 400 146 274 284 43 45 179 52 62 330 335 336 223 366 0
33 229 299 314 175 369 18 345 250 188 350 0
128 12 269 15 161 290 163 171 306 311 66 329 206 334 209 212 340 89 345 107 364 237 366 248 251 0
133 261 172 396 273 369 51 244 276 22 153 347 317 0
321 99 36 8 12 367 48 115 339 371 189 0
67 228 104 136 79 146 83 309 285 0
35 229 174 270 208 302 335 25 317 0
327 8 200 232 139 328 361 395 176 273 114 52 21 278 121 251 61 0
318 33 38 359 138 80 240 114 242 244 245 380 282 28 286 287 0
224 65 232 362 43 300 271 83 243 308 118 88 58 92 319 0
384 129 193 387 228 40 232 267 236 333 302 144 369 85 309 186 283 0
65 260 389 231 167 265 110 311 184 282 350 0
34 166 359 265 250 362 302 303 366 88 217 90 158 63 0
353 325 294 362 241 369 252 0
354 218 42 206 78 144 215 186 0
376 101 357 8 137 200 393 340 54 342 184 154 383 0
160 97 130 293 137 202 239 17 84 276 151 56 57 0
164 294 106 43 299 47 339 116 84 190 0
288 161 98 357 361 171 302 209 308 281 349 30 351 0
291 4 37 58 68 100 217 106 295 355 394 270 273 52 57 26 222 0
318 70 135 296 233 391 107 139 205 235 268 341 86 88 217 314 29 62 0
388 230 71 41 174 80 18 90 285 0
32 34 162 36 322 294 324 264 356 359 365 335 367 209 306 51 252 60 0
248 193 320 163 354 355 357 392 42 362 363 207 79 216 347 0
101 37 166 360 73 389 108 14 207 315 0
256 352 67 166 71 136 76 237 207 209 115 147 244 245 283 0
318 193 99 166 201 43 174 273 114 214 126 191 0
132 196 38 73 74 266 45 237 111 209 347 309 246 343 216 186 251 30 0
226 164 294 365 334 17 50 371 276 344 29 222 0
382 229 102 325 390 395 336 113 83 180 87 122 284 254 95 0
128 257 264 28 32 161 292 39 304 55 190 204 211 216 103 108 118 119 246 0
128 41 240 145 114 49 308 252 0
260 10 106 330 176 369 306 381 245 377 27 285 0
5 9 15 21 152 284 287 167 168 298 174 186 67 73 205 218 347 237 377 254 0
355 293 231 136 328 74 77 333 366 85 118 254 0
260 261 270 15 399 400 304 51 184 315 190 65 194 332 215 218 102 239 370 0
256 68 388 6 301 60 174 316 23 312 124 126 0
33 34 131 321 229 6 138 363 204 236 270 300 275 25 0
160 97 129 193 133 170 207 371 316 381 127 0
3 391 9 269 18 27 300 49 305 180 57 58 59 204 350 100 107 370 123 383 0
162 40 266 210 20 309 280 316 0
352 162 165 166 198 390 391 11 76 235 272 243 245 374 183 379 0
2 164 293 296 268 240 114 21 181 309 189 0
324 133 166 103 229 328 329 109 111 50 370 52 149 277 346 0
1 65 163 356 358 11 12 236 331 395 177 211 212 24 377 154 350 0
358 7 168 332 88 124 0
224 65 104 75 303 273 116 54 215 91 125 286 0
133 197 169 108 364 144 178 179 249 125 0
129 386 281 159 290 164 302 181 56 64 197 74 208 212 86 104 113 125 383 0
256 290 99 229 325 394 271 303 336 157 319 0
159 385 322 356 76 367 244 309 375 280 281 255 0
255 196 70 263 394 11 364 45 206 335 178 83 88 185 187 188 190 223 0
318 65 193 257 261 74 282 301 110 278 152 122 62 223 0
65 34 290 312 321 296 78 368 241 305 211 93 374 215 248 317 125 0
256 384 68 135 304 276 245 21 340 374 284 0
65 257 294 391 144 240 21 24 153 186 0
192 385 66 69 154 8 335 18 243 216 345 90 0
100 328 10 42 173 181 56 346 348 0
33 257 227 289 5 6 7 74 141 310 349 0
193 66 99 324 229 358 7 391 268 82 179 310 0
386 387 133 264 394 157 29 34 166 304 177 179 309 184 58 315 318 191 66 342 223 95 0
318 289 386 3 100 217 70 317 202 330 121 285 251 28 189 286 0
320 356 327 105 398 370 149 150 245 277 25 221 255 0
352 321 388 104 44 77 46 144 336 178 19 308 400 123 317 0
160 35 4 292 355 356 137 14 272 336 369 84 148 184 121 125 383 0
257 255 326 328 169 107 279 375 214 87 60 317 223 0
196 38 136 140 177 18 209 342 155 60 0
160 1 39 233 272 273 243 23 57 378 124 31 0
258 37 139 299 269 368 113 243 180 215 154 92 158 0
321 259 389 154 105 364 205 368 245 186 190 0
34 292 392 267 143 208 240 52 212 60 30 0
386 163 4 331 141 269 271 338 307 55 317 191 0
161 226 164 198 392 111 112 310 119 92 223 0
133 274 22 30 288 38 167 169 56 63 320 194 86 93 95 235 108 111 119 254 0
2 34 133 102 326 390 297 298 332 142 271 241 211 341 155 0
258 69 5 261 11 139 333 302 367 397 399 178 338 372 87 57 381 0
321 291 217 38 103 294 10 236 205 46 300 57 60 94 0
66 99 262 40 302 399 51 149 249 346 126 0
344 292 261 351 389 200 203 396 334 53 214 247 278 313 285 287 0
384 226 44 79 81 369 94 0
257 69 165 360 250 75 268 394 144 272 368 400 248 90 284 255 0
268 21 286 159 32 160 36 166 297 173 317 62 197 326 328 75 348 349 224 101 360 246 379 0
1 130 148 22 169 298 175 48 178 312 191 65 324 327 83 346 347 221 99 355 362 119 0
64 388 6 103 104 360 268 109 207 209 182 375 153 0
138 396 269 16 148 280 285 161 162 290 39 298 47 65 67 195 329 345 121 359 234 368 249 0
321 38 136 200 108 236 334 207 81 19 148 220 249 154 60 318 0
35 135 137 202 267 303 144 145 374 380 249 154 92 189 94 0
193 386 228 390 204 80 180 150 189 382 0
160 257 66 291 292 353 360 366 208 211 310 183 216 191 0
3 331 177 113 147 247 248 252 157 350 375 0
2 296 170 11 76 143 275 148 309 121 26 381 159 0
385 262 395 294 41 49 177 310 81 82 342 344 89 353 228 234 113 375 248 378 380 0
99 5 133 326 329 78 175 244 213 309 216 57 254 127 0
4 7 397 272 400 276 34 173 48 198 201 334 339 341 221 351 352 361 109 110 365 118 252 0
325 70 295 203 363 398 47 112 178 379 148 118 215 317 189 254 0
69 70 165 345 46 50 53 341 153 187 350 0
98 290 356 293 387 136 235 395 206 240 113 181 213 318 0
354 392 201 361 52 88 221 282 380 29 255 0
98 71 41 362 365 46 278 59 286 0
9 393 12 13 19 149 22 281 282 68 203 338 85 88 217 352 362 114 379 255 0
360 73 218 207 306 23 26 156 311 222 0
355 5 107 49 22 311 120 57 285 286 0
291 101 134 261 104 110 270 244 183 89 0
194 99 227 167 137 138 11 108 169 300 144 177 242 179 152 316 216 0
69 5 326 232 75 267 343 373 278 151 121 314 247 253 286 0
161 69 281 265 75 108 111 176 145 273 83 277 89 124 0
256 1 193 36 132 292 104 75 204 300 80 241 147 116 125 0
288 2 322 388 359 105 202 112 117 0
193 387 230 296 329 362 15 240 399 155 0
65 35 101 294 361 243 379 214 310 27 0
99 200 235 369 83 344 185 253 0
98 312 68 354 171 363 173 207 85 151 216 250 91 351 0
354 291 326 9 332 308 342 250 155 254 0
312 131 228 9 169 235 205 46 206 269 336 368 120 382 216 0
321 322 99 38 234 13 206 333 304 241 147 179 184 154 30 127 0
192 121 2 256 291 104 200 335 17 179 25 186 155 28 381 126 0
134 199 294 297 359 364 15 144 243 149 118 181 184 219 60 0
65 328 75 363 141 365 240 210 51 152 282 0
1 295 279 219 380 349 383 0
162 258 323 104 170 266 300 17 241 307 317 124 61 31 0
289 226 258 109 270 335 209 146 186 188 189 95 0
225 4 167 168 361 300 13 79 189 85 22 181 248 253 29 0
192 288 324 326 7 362 397 47 93 87 281 154 61 0
132 262 233 250 108 314 368 26 159 0
318 65 262 359 363 140 398 368 307 375 376 252 126 255 0
65 258 260 293 103 263 392 170 108 399 86 55 345 282 379 349 29 0
194 354 100 228 170 332 48 146 179 372 53 21 185 90 251 0
197 327 266 203 305 52 182 247 184 0
384 356 38 39 393 74 378 368 19 340 53 214 154 157 0
289 227 300 373 151 25 346 347 125 223 0
320 322 204 109 175 337 369 118 0
65 321 5 262 72 264 10 206 111 238 17 272 275 180 22 284 383 0
192 217 326 167 170 12 237 308 55 151 153 59 60 383 0
64 33 129 99 71 265 10 106 202 77 14 174 240 21 117 60 253 382 0
65 226 260 295 234 269 365 79 176 113 239 179 304 86 345 58 351 0
98 130 292 393 110 306 0
225 324 37 6 293 108 77 237 397 80 399 246 55 280 374 346 222 255 0
64 195 69 40 9 138 11 203 235 302 362 399 115 216 186 94 223 0
33 35 356 261 102 43 301 238 207 272 303 180 214 119 151 185 27 287 0
64 41 138 299 204 333 207 181 313 0
101 326 170 234 80 368 306 309 118 310 219 0
160 288 69 140 13 81 306 341 311 282 0
2 6 262 232 265 279 349 399 272 21 278 151 124 222 126 383 0
224 97 101 391 392 73 396 46 335 48 210 218 255 0
33 163 38 390 236 205 115 340 149 0
128 129 20 280 25 165 303 307 318 320 65 68 77 83 107 235 238 368 120 252 0
257 322 357 8 168 74 43 76 172 238 305 242 51 181 59 93 0
385 2 259 140 396 18 277 281 40 47 175 187 327 332 334 82 106 366 371 378 0
32 386 102 295 72 43 237 112 242 245 214 151 248 218 155 0
352 289 98 131 386 261 391 398 367 179 344 0
224 389 392 73 10 172 44 110 397 210 371 308 287 0
38 167 8 73 108 209 276 247 27 93 0
326 238 334 16 242 53 149 123 0
97 163 133 136 168 201 107 75 139 363 303 144 178 243 184 249 27 285 0
192 194 291 101 200 392 362 175 51 339 22 310 313 318 0
128 163 357 266 141 333 244 153 60 127 0
34 292 325 356 43 363 208 369 245 278 121 189 0
224 290 197 268 85 86 376 57 253 191 0
269 399 23 25 283 156 286 161 34 47 76 81 85 92 115 244 119 376 251 252 0
318 161 259 388 69 135 383 201 361 108 109 82 178 180 279 94 159 0
352 257 194 4 68 103 392 365 239 19 180 341 118 184 219 0
318 323 344 388 264 329 138 396 334 48 51 19 53 85 371 24 158 0
160 4 198 6 327 220 375 219 92 223 0
192 137 106 362 109 334 341 154 123 0
3 26 156 163 169 180 309 316 317 200 328 329 78 340 341 219 220 357 371 0
196 376 7 105 330 395 236 269 270 336 24 185 122 379 30 216 0
98 356 104 169 297 345 121 383 0
65 100 295 75 204 77 235 81 243 340 121 221 95 0
162 354 135 263 329 139 177 315 187 94 319 0
225 194 291 102 39 40 73 263 44 143 281 60 189 0
3 22 152 164 300 46 178 54 68 70 327 76 332 362 364 365 373 249 127 0
163 167 238 143 272 337 50 380 86 247 184 281 60 190 216 0
192 320 34 9 106 301 78 206 333 17 365 19 283 61 0
318 74 235 367 240 308 149 25 26 381 158 0
162 133 262 357 200 296 390 364 18 114 85 277 152 220 62 0
65 3 323 133 165 103 205 142 305 242 370 149 376 156 0
64 161 169 203 13 174 180 150 182 344 348 0
353 258 102 134 369 370 115 52 85 275 249 29 0
324 46 111 400 83 152 250 284 94 0
384 130 100 137 299 49 19 277 377 222 0
194 229 199 73 169 204 236 269 303 148 309 182 87 249 247 252 127 0
288 388 101 198 279 211 85 278 87 341 252 0
358 135 360 42 335 343 223 0
129 223 36 132 8 105 201 394 302 208 51 340 181 376 153 348 318 63 0
3 101 37 71 167 169 265 399 337 341 119 255 0
100 74 107 270 398 337 213 55 216 313 343 0
256 228 165 137 74 16 180 185 92 0
224 290 323 69 38 357 44 364 368 369 52 26 284 382 351 0
192 248 134 360 331 150 184 249 250 219 0
255 292 8 41 201 107 360 364 48 49 305 147 148 251 223 0
64 353 2 34 153 135 72 111 305 180 183 120 121 222 158 286 0
193 102 383 169 363 172 146 276 127 0
225 322 142 398 48 53 213 278 122 124 95 0
32 226 322 102 166 107 139 363 79 111 51 88 0
352 1 163 6 71 361 363 302 368 210 179 276 375 88 249 90 219 0
163 228 69 5 292 328 300 82 83 114 146 213 183 152 343 0
289 194 67 353 38 103 240 241 148 372 214 311 315 351 0
193 227 260 135 41 42 233 272 374 154 27 0
1 194 290 197 141 182 278 27 0
224 2 229 42 43 300 109 332 394 347 63 0
128 129 299 204 146 341 310 187 189 0
257 268 13 277 22 280 282 174 56 66 324 209 100 228 102 356 233 361 244 375 248 253 0
65 2 162 357 326 10 75 298 362 110 238 245 342 343 27 349 94 0
33 322 35 262 329 149 118 182 374 377 220 127 0
161 66 168 360 361 395 141 78 308 311 0
161 2 215 358 327 297 170 11 12 239 308 213 119 26 187 28 317 0
388 7 200 73 202 328 362 77 175 273 343 150 183 282 347 157 190 0
162 226 103 39 330 362 44 109 141 174 302 303 274 372 22 247 0
161 386 327 296 360 299 300 111 50 19 244 58 0
96 226 35 260 69 261 291 72 170 245 182 313 347 350 351 0
1 3 72 296 76 340 214 278 380 217 28 0
228 260 38 262 10 202 108 140 111 283 113 50 335 373 314 91 158 286 0
385 67 323 356 73 297 107 363 17 82 318 0
160 384 259 140 273 338 280 58 30 0
1 7 140 280 282 283 39 172 60 80 341 217 89 350 109 117 118 119 245 249 125 0
224 358 135 105 233 43 48 240 114 19 308 313 315 254 0
67 69 38 297 361 75 76 107 155 251 347 308 123 188 0
389 6 297 361 75 140 171 237 300 304 347 372 53 213 126 59 30 0
192 225 131 387 133 71 263 43 108 237 272 374 183 254 0
193 11 140 268 331 15 396 113 54 377 318 0
321 164 358 167 41 16 81 249 251 125 127 0
320 3 196 292 166 296 336 338 185 0
96 353 324 306 310 342 122 381 158 0
132 249 296 234 171 77 145 19 376 89 285 318 0
257 2 322 198 39 136 43 204 47 305 149 245 278 123 124 0
166 13 142 206 16 179 84 379 223 0
229 6 326 200 296 43 299 301 142 112 273 50 210 85 310 253 0
289 258 4 394 172 204 82 180 372 118 123 380 94 0
196 75 239 368 242 372 118 56 383 0
259 6 358 360 235 14 306 248 158 380 94 63 0
160 260 169 396 141 142 397 48 242 83 122 30 95 0
259 388 269 47 145 83 375 346 251 156 383 0
294 313 363 236 173 78 333 113 114 213 54 120 57 319 0
320 103 187 78 240 209 178 84 118 377 27 156 0
162 3 100 69 37 6 291 295 364 141 15 272 381 179 314 157 190 0
65 130 289 235 269 334 398 17 50 274 337 373 26 62 0
224 384 99 292 326 170 362 268 109 174 334 80 50 85 182 24 158 0
260 25 285 295 304 184 190 67 197 202 75 215 90 355 356 238 243 378 127 0
1 40 10 208 49 275 276 245 278 342 89 219 220 190 0
161 195 36 201 394 282 268 14 81 337 339 343 154 159 0
98 290 104 397 206 271 304 18 25 378 61 286 0
318 130 73 362 140 397 238 271 336 241 82 51 275 306 368 120 30 0
193 323 36 355 264 395 204 346 177 147 213 246 248 250 62 0
133 165 295 361 77 85 374 23 122 187 158 0
99 238 85 278 120 189 0
67 356 101 233 362 17 188 19 116 214 156 190 0
192 321 385 35 376 388 262 9 105 75 140 13 394 86 279 280 28 0
132 165 232 233 13 269 399 305 87 215 0
258 131 323 102 38 167 295 171 45 208 368 114 178 244 246 343 89 0
1 194 261 167 136 11 204 237 80 113 209 305 182 153 348 0
259 7 393 268 17 273 275 157 34 292 48 49 60 317 329 74 82 236 244 0
64 34 258 36 102 156 242 89 92 30 0
160 291 390 232 73 268 174 366 112 241 274 52 340 55 24 90 316 375 0
320 289 384 5 39 301 81 273 147 211 21 149 245 381 319 0
1 4 261 140 17 280 25 282 291 165 294 302 315 202 330 350 99 100 364 241 114 120 377 251 0
35 198 391 362 338 19 53 183 25 349 93 0
33 3 35 383 250 286 157 222 63 0
128 3 101 262 294 72 169 313 391 44 237 206 143 301 242 372 119 217 0
224 289 290 385 196 133 345 218 302 20 310 279 253 90 349 221 126 287 0
193 353 382 261 262 359 106 299 365 397 369 114 274 86 217 314 286 0
160 353 67 4 134 390 10 173 81 114 308 310 185 254 95 0
197 105 74 11 364 271 148 278 310 89 92 221 191 0
320 364 269 301 302 272 333 114 52 148 150 277 121 58 27 348 0
64 4 261 6 135 138 75 332 371 54 246 347 126 95 0
128 1 8 399 299 301 46 191 63 322 196 72 206 218 364 109 111 115 372 379 0
96 352 291 228 102 170 107 109 207 208 244 189 218 124 157 127 0
6 266 267 399 283 31 165 303 50 57 189 88 221 224 225 353 239 251 383 0
159 352 382 319 325 296 361 301 303 114 308 310 349 254 255 0
160 161 224 230 327 345 235 204 77 314 367 48 336 20 116 276 57 282 0
162 228 8 233 170 299 396 206 338 179 149 316 191 0
195 323 357 230 391 104 73 139 140 60 145 19 254 214 55 28 62 0
256 65 385 296 109 110 241 308 278 0
193 5 358 328 9 74 265 268 299 175 335 371 181 88 156 125 0
288 280 98 227 9 170 11 44 233 268 298 393 339 117 184 313 95 0
32 193 132 8 42 88 153 282 285 94 63 0
97 67 164 101 199 329 172 397 79 80 145 114 243 283 90 155 0
130 226 258 249 351 15 51 212 21 117 243 246 57 90 189 287 0
256 266 269 145 150 284 287 50 187 188 191 193 329 75 90 358 121 251 127 0
257 325 103 300 141 252 0
321 130 68 292 166 391 76 306 20 52 123 0
384 195 295 238 302 335 366 20 54 217 221 0
224 227 330 399 48 306 21 22 214 248 342 282 27 92 125 318 374 0
228 38 71 8 169 358 123 331 13 381 19 371 85 27 348 189 350 95 0
264 283 36 40 49 183 62 194 202 84 344 218 95 99 228 357 251 379 380 0
320 45 207 50 307 339 246 345 316 255 0
384 391 138 140 18 146 293 302 182 60 327 216 218 219 101 367 368 119 249 123 0
135 10 299 44 286 207 311 120 250 124 254 159 0
257 260 13 399 146 153 36 165 52 63 322 203 335 213 341 88 221 351 376 230 236 115 371 248 0
288 33 257 67 321 261 376 144 22 119 374 59 92 62 95 0
161 257 367 208 81 306 147 151 158 0
32 226 7 74 138 331 269 336 306 118 55 25 95 0
292 261 392 203 44 15 303 304 153 282 94 0
352 386 99 67 3 356 265 76 173 270 149 90 157 0
32 386 132 70 198 138 367 114 147 20 88 349 255 0
359 168 232 233 349 47 208 336 369 211 156 285 351 0
162 323 357 38 301 206 340 151 217 0
386 38 39 358 107 268 77 46 78 81 241 338 375 312 0
128 289 194 290 354 388 359 363 346 15 144 82 147 276 218 0
324 70 103 295 233 399 51 22 118 154 254 63 0
320 269 78 365 209 114 274 119 154 222 158 255 0
352 227 356 390 330 144 19 22 0
162 227 196 199 12 301 174 303 399 86 59 125 0
172 110 238 239 81 241 244 252 54 311 219 124 30 0
193 71 219 239 251 20 308 311 153 27 191 0
391 269 14 143 158 161 292 303 178 51 55 57 65 322 329 80 213 346 347 351 362 378 240 250 126 255 0
32 197 42 75 394 365 47 177 274 86 312 0
384 386 7 295 143 305 82 309 22 121 155 190 0
128 352 226 384 77 369 338 343 59 316 0
32 225 3 104 329 77 334 111 115 213 373 151 378 382 0
384 36 7 91 76 14 378 81 113 246 346 27 191 0
64 164 42 106 203 396 303 147 119 345 347 156 0
354 195 164 4 389 330 43 76 269 48 305 277 346 318 255 0
386 198 167 392 150 375 216 92 0
322 229 168 332 238 112 144 240 84 213 22 0
228 357 230 40 328 10 108 370 308 376 185 124 157 222 0
226 36 132 38 168 41 74 299 14 334 274 379 84 308 23 59 157 0
321 356 231 104 9 327 107 235 359 144 240 147 307 182 121 92 190 287 0
129 164 165 102 137 74 233 141 206 313 348 222 30 383 0
320 33 358 392 13 16 336 182 247 0
358 103 42 395 172 239 305 210 19 116 180 214 278 311 57 340 341 29 0
384 3 11 18 22 156 161 296 175 176 188 195 196 200 73 329 337 217 236 0
320 358 199 334 304 371 85 373 254 281 154 123 30 0
194 215 226 344 139 203 282 373 150 55 312 186 188 349 0
32 160 355 232 279 367 381 371 52 182 246 184 124 125 255 0
32 326 263 264 327 329 268 111 115 254 276 342 247 349 126 0
130 259 290 106 396 176 305 53 341 345 285 0
257 291 389 137 377 107 172 14 81 337 243 180 280 153 156 0
322 323 295 396 370 90 219 222 0
193 225 399 373 31 319 0
65 194 166 73 361 395 19 20 244 282 223 0
224 256 355 68 230 12 140 124 53 309 55 342 154 347 60 349 0
37 104 171 331 45 270 112 306 25 186 91 0
32 42 171 204 300 362 367 178 341 184 345 90 126 0
1 356 392 233 238 48 50 306 339 345 58 253 0
257 258 263 104 296 393 267 12 364 175 176 145 368 307 150 59 317 0
226 99 195 261 168 200 264 317 12 395 400 49 113 339 310 59 348 157 0
5 267 140 397 151 280 307 196 83 339 214 344 350 100 106 243 117 120 122 0
64 382 69 294 103 238 80 17 18 84 180 246 375 94 127 0
32 287 229 392 329 300 205 271 399 369 55 30 313 316 62 286 0
324 389 102 6 296 204 236 14 207 333 334 396 275 148 339 283 28 350 0
391 398 335 144 240 50 400 276 149 150 375 285 29 31 0
134 264 140 142 270 274 147 280 33 302 313 192 326 199 86 217 348 232 235 237 120 0
34 292 388 169 138 145 372 181 245 55 347 0
385 2 258 139 15 144 271 22 25 162 36 43 178 185 186 65 321 330 76 338 215 93 110 116 372 249 0
33 195 196 227 264 105 201 48 273 368 378 219 222 0
161 355 101 70 167 327 359 393 143 153 155 93 318 0
262 296 329 269 374 313 95 223 0
128 165 236 108 47 306 309 342 317 0
292 167 8 9 199 377 332 392 399 17 209 51 86 281 30 0
70 391 366 81 212 21 276 312 218 91 125 0
129 162 68 261 390 11 269 112 212 57 0
32 193 217 394 141 143 147 54 86 24 57 157 63 0
96 224 288 99 229 391 296 74 331 12 306 83 308 347 30 0
2 5 390 138 270 23 163 58 187 64 324 201 332 358 104 117 373 374 378 0
248 66 344 165 9 74 361 78 240 150 55 221 316 285 279 93 343 0
289 162 261 135 201 106 298 334 47 143 114 85 311 92 375 0
265 305 244 117 315 221 0
323 324 230 10 79 210 148 181 23 345 348 0
321 162 7 302 176 274 310 89 315 0
64 195 360 361 298 111 336 146 52 278 376 92 0
225 358 394 300 111 49 51 277 151 123 0
257 324 133 313 17 179 180 310 152 25 0
161 164 196 390 42 250 44 335 307 52 277 121 186 315 0
129 289 228 261 102 72 233 250 332 335 148 246 311 154 0
33 258 106 187 335 367 145 52 247 312 59 0
161 107 270 175 375 123 95 0
228 134 230 266 173 239 242 148 86 153 191 0
258 132 325 106 395 374 120 123 92 127 0
37 390 204 333 399 48 51 147 86 310 184 315 343 0
291 5 229 232 106 171 234 333 395 47 111 239 150 183 154 27 220 30 0
192 3 325 389 72 171 301 303 336 115 214 311 185 127 0
102 134 294 265 44 269 238 303 19 123 253 95 0
64 353 194 357 206 240 370 179 0
100 358 167 170 238 79 211 276 53 86 309 120 153 0
8 140 276 26 174 308 187 74 205 206 210 83 84 85 339 87 95 352 106 240 379 0
97 388 133 247 45 16 177 22 87 88 187 252 287 0
226 99 355 261 135 301 272 210 115 84 308 22 338 91 28 349 0
294 135 7 330 172 204 14 302 335 365 400 89 351 0
96 257 292 37 325 232 110 399 177 273 147 348 216 220 62 0
352 34 37 167 137 170 330 142 302 307 213 23 280 351 0
257 35 387 39 72 329 361 235 267 268 300 304 372 309 118 311 0
2 386 260 261 198 351 40 364 157 253 125 223 0
161 130 4 100 261 263 391 107 268 173 331 111 17 54 89 252 0
384 362 299 14 367 29 306 53 181 61 0
260 90 319 40 140 47 276 53 213 58 219 317 255 0
128 65 388 135 361 106 202 266 396 152 94 0
352 165 392 201 299 44 206 338 377 122 0
98 131 261 390 296 140 49 177 183 248 282 219 348 285 286 95 0
40 10 283 337 150 251 29 0
67 198 233 333 304 177 241 277 246 119 89 58 124 0
130 163 261 325 11 108 173 270 363 371 153 254 351 0
256 386 266 395 268 398 274 275 276 175 177 315 190 70 74 78 105 234 367 0
354 323 100 144 145 272 211 116 279 156 0
130 388 392 266 272 280 160 39 45 306 185 323 82 214 87 215 347 355 110 114 250 0
2 4 3 2 4 4 3 4 4 4 3 4 3 2 3 2 3 4 2 3 3 3 4 4 3 4 3 3 2 2 4 2 2 3 3 4 2 2 4 3 2 3 3 2 3 2 4 3 4 4 4 3 3 2 2 2 2 2 3 4 3 2 4 3 3 4 3 3 2 4 4 4 4 2 4 4 2 2 2 4 2 3 4 3 2 4 4 3 3 2 3 4 4 3 3 4 4 3 3 4 3 2 3 4 4 2 2 3 2 2 4 4 3 2 3 2 2 3 3 3 2 3 3 3 3 4 3 2 2 3 3 2 2 4 2 3 4 2 2 4 4 3 3 4 4 2 4 2 3 3 2 4 2 3 4 4 4 4 2 4 3 4 3 4 3 4 2 4 3 2 2 2 4 3 4 4 2 4 3 3 4 3 3 3 3 4 2 2 2 2 3 4 3 4 4 3 4 4 3 3 4 2 4 4 3 4 2 4 2 2 4 3 2 3 4 2 2 4 2 2 4 3 3 2 2 3 4 2 4 2 4 2 2 3 4 2 3 3 2 3 4 2 4 3 2 2 4 4 3 2 3 3 2 3 3 4 3 2 4 3 4 3 3 2 3 3 2 4 2 3 4 3 4 4 4 4 4 2 4 2 4 4 4 2 2 2 3 4 3 3 2 3 4 4 2 3 2 4 4 4 2 4 3 2 4 3 3 4 4 4 3 2 4 3 4 2 4 4 2 2 4 4 4 2 2 2 3 3 4 2 4 4 2 3 3 3 4 3 4 2 4 4 3 3 3 3 4 3 2 2 2 4 4 3 2 3 4 3 3 3 3 2 2 4 4 3 4 4 2 3 2 3 3 4 3 4 4 3 4 2 3 2 3 4 2 2 3 3 3 3 2 2 2 4 2 2 4 3 3 3
