9589
51 166 1 1089
133 166 7 1089
185 166 13 1089
190 166 19 1089
209 166 25 1089
212 166 31 1089
245 166 37 1089
255 166 43 1089
271 166 49 1089
324 166 55 1089
349 166 1 201
357 166 7 201
363 166 13 201
366 166 19 201
463 166 25 201
498 166 31 201
502 166 37 201
504 166 43 201
607 166 49 201
648 166 55 201
680 166 1 506
688 166 7 506
741 166 13 506
748 166 19 506
773 166 25 506
12 120 1 29
35 120 7 29
39 120 13 29
48 120 19 29
190 120 25 29
196 120 31 29
202 120 37 29
206 120 43 29
234 120 49 29
248 120 55 29
291 120 1 955
311 120 7 955
320 120 13 955
337 120 19 955
367 120 25 955
378 120 31 955
381 120 37 955
424 120 43 955
440 120 49 955
455 120 55 955
485 120 1 675
496 120 7 675
501 120 13 675
513 120 19 675
530 120 25 675
574 120 31 675
615 120 37 675
759 120 43 675
795 120 49 675
8 219 1 602
33 219 3 602
62 219 5 602
70 219 7 602
252 219 9 602
294 219 11 602
298 219 13 602
330 219 15 602
339 219 17 602
347 219 19 602
351 219 21 602
366 219 23 602
384 219 25 602
413 219 27 602
419 219 29 602
425 219 31 602
436 219 33 602
448 219 35 602
471 219 37 602
510 219 39 602
521 219 41 602
526 219 43 602
568 219 45 602
587 219 47 602
603 219 49 602
611 219 51 602
678 219 53 602
681 219 55 602
704 219 57 602
737 219 59 602
747 219 1 647
775 219 3 647
45 298 1 828
48 238 1 510
50 298 4 828
61 238 4 510
75 238 7 510
78 238 10 510
104 298 7 828
119 298 10 828
131 298 13 828
132 298 16 828
145 238 13 510
148 238 16 510
180 298 19 828
182 238 19 510
218 298 22 828
219 238 22 510
266 238 25 510
270 298 25 828
272 298 28 828
311 238 28 510
323 238 31 510
328 298 31 828
349 238 34 510
355 298 34 828
379 238 37 510
381 298 43 828
386 238 40 510
394 298 37 828
406 238 43 510
446 298 40 828
449 298 46 828
450 298 49 828
456 238 46 510
466 298 52 828
466 238 49 510
473 238 52 510
491 298 55 828
493 238 55 510
500 298 58 828
518 298 1 935
559 238 58 510
573 298 4 935
575 298 7 935
599 238 1 630
626 298 10 935
642 298 13 935
644 298 16 935
644 238 4 630
648 238 7 630
654 298 19 935
661 298 22 935
665 298 25 935
691 238 10 630
696 298 28 935
717 298 31 935
750 298 34 935
750 238 13 630
778 238 16 630
786 298 37 935
787 238 19 630
796 238 22 630
14 222 1 209
25 200 1 882
50 222 7 209
65 200 7 882
139 222 13 209
165 222 19 209
189 200 13 882
202 222 25 209
239 200 19 882
240 200 25 882
246 200 31 882
249 200 37 882
283 222 31 209
294 200 43 882
321 200 49 882
338 222 37 209
341 200 55 882
341 222 43 209
352 222 49 209
362 222 55 209
365 200 1 1142
365 222 7 337
373 222 1 337
378 222 13 337
390 200 7 1142
393 200 13 1142
404 222 19 337
409 222 25 337
426 222 31 337
452 222 37 337
453 200 19 1142
456 200 25 1142
459 222 43 337
491 222 49 337
504 200 31 1142
530 200 37 1142
540 200 43 1142
550 222 55 337
569 200 49 1142
579 222 1 514
595 200 55 1142
597 200 1 1198
615 222 7 514
618 222 13 514
635 222 19 514
636 200 7 1198
642 222 25 514
666 200 13 1198
691 222 31 514
694 222 37 514
703 222 43 514
722 200 19 1198
734 222 49 514
736 200 25 1198
773 200 31 1198
773 222 55 514
74 66 1 940
78 66 4 940
199 66 7 940
236 66 10 940
243 66 13 940
254 66 16 940
268 66 19 940
352 66 22 940
476 66 25 940
480 66 28 940
485 66 31 940
541 66 34 940
558 66 37 940
562 66 40 940
563 66 43 940
574 66 46 940
587 66 49 940
592 66 52 940
613 66 55 940
678 66 58 940
751 66 1 99
757 66 4 99
761 66 7 99
762 66 10 99
1 187 1 883
7 187 4 883
9 62 1 464
16 153 1 15
28 5 1 12
30 5 4 12
30 187 7 883
36 62 4 464
50 5 13 12
53 187 10 883
56 187 13 883
59 153 4 15
101 153 7 15
113 153 10 15
135 153 13 15
141 187 16 883
144 187 19 883
146 62 7 464
152 5 7 12
178 5 10 12
192 187 22 883
193 153 16 15
194 153 19 15
195 187 25 883
198 5 16 12
200 62 10 464
207 62 13 464
212 187 28 883
214 187 31 883
233 187 34 883
245 62 16 464
258 5 19 12
271 153 22 15
274 153 25 15
282 153 28 15
290 187 37 883
300 187 40 883
304 153 31 15
305 187 43 883
306 62 19 464
307 5 22 12
309 153 34 15
320 5 25 12
328 187 46 883
341 187 49 883
342 62 22 464
346 187 52 883
354 5 28 12
377 153 37 15
378 187 55 883
383 187 58 883
388 5 31 12
392 5 34 12
397 187 1 886
420 5 37 12
426 187 4 886
428 153 40 15
435 187 7 886
449 62 25 464
456 5 40 12
460 5 43 12
462 62 28 464
463 5 46 12
471 62 31 464
472 62 34 464
475 153 43 15
476 153 46 15
487 187 10 886
488 5 49 12
489 5 52 12
493 62 37 464
494 153 49 15
503 153 52 15
505 153 55 15
508 153 58 15
513 153 1 239
517 187 13 886
520 5 55 12
521 62 43 464
522 62 40 464
524 153 4 239
526 5 58 12
527 62 46 464
531 5 1 471
534 153 7 239
541 153 10 239
551 153 13 239
556 5 4 471
556 187 16 886
565 187 19 886
570 187 22 886
576 187 25 886
576 62 49 464
582 5 7 471
584 5 10 471
588 62 52 464
591 153 16 239
593 5 13 471
594 5 16 471
599 187 28 886
601 5 19 471
620 62 55 464
624 153 19 239
625 62 58 464
629 153 22 239
633 187 31 886
650 62 1 132
653 62 4 132
653 153 25 239
654 153 28 239
656 153 31 239
665 62 7 132
667 5 22 471
669 153 34 239
673 187 34 886
683 5 25 471
699 153 37 239
702 62 10 132
708 187 37 886
716 187 40 886
717 187 43 886
718 153 40 239
722 153 43 239
728 5 28 471
729 187 46 886
739 153 46 239
755 62 13 132
765 153 49 239
769 62 16 132
774 187 49 886
785 62 19 132
793 62 22 132
799 153 52 239
18 319 1 69
45 319 4 69
83 319 7 69
100 319 9 69
112 319 11 69
157 319 13 69
166 319 15 69
177 319 17 69
198 319 19 69
289 319 21 69
292 319 23 69
305 319 25 69
330 319 27 69
331 319 29 69
348 319 31 69
387 319 33 69
405 319 35 69
406 319 37 69
412 319 39 69
469 319 41 69
552 319 43 69
574 319 49 69
608 319 45 69
679 319 47 69
680 319 51 69
768 319 53 69
784 319 55 69
17 43 1 1182
56 43 7 1182
149 43 13 1182
151 43 19 1182
161 43 25 1182
173 43 31 1182
287 43 37 1182
308 43 43 1182
322 43 49 1182
343 43 55 1182
381 43 1 77
408 43 7 77
439 43 13 77
460 43 19 77
489 43 25 77
516 43 31 77
557 43 37 77
581 43 43 77
592 43 55 77
617 43 49 77
646 43 1 482
647 43 7 482
659 43 13 482
667 43 25 482
681 43 19 482
682 43 31 482
685 43 37 482
694 43 43 482
696 43 49 482
706 43 55 482
711 43 1 487
726 43 7 487
776 43 13 487
781 43 19 487
799 43 25 487
2 60 1 646
68 60 4 646
119 60 7 646
129 60 10 646
163 60 13 646
179 60 16 646
223 60 19 646
281 60 22 646
284 60 25 646
335 60 28 646
416 60 31 646
432 60 34 646
478 60 37 646
498 60 40 646
535 60 43 646
545 60 46 646
567 60 49 646
596 60 52 646
668 60 55 646
696 60 58 646
728 60 1 682
5 93 1 46
43 93 3 46
65 93 5 46
67 93 7 46
83 93 9 46
113 93 13 46
149 93 11 46
163 93 16 46
183 93 19 46
235 93 21 46
281 93 25 46
295 93 23 46
309 93 27 46
312 93 29 46
325 93 31 46
385 93 33 46
388 93 35 46
403 93 37 46
429 93 39 46
434 93 41 46
437 93 43 46
444 93 45 46
454 93 47 46
462 93 49 46
500 93 51 46
512 93 53 46
549 93 55 46
580 93 57 46
609 93 59 46
656 93 1 518
685 93 3 518
707 93 5 518
720 93 7 518
727 93 9 518
736 93 11 518
745 93 13 518
757 93 15 518
785 93 17 518
9 151 7 409
43 151 13 409
53 151 1 409
59 151 19 409
62 151 25 409
69 151 31 409
104 151 37 409
148 151 43 409
208 151 49 409
215 151 55 409
234 151 1 168
259 151 7 168
302 151 13 168
311 151 19 168
319 151 25 168
324 151 31 168
340 151 37 168
346 151 43 168
350 151 49 168
354 151 55 168
385 151 1 786
415 151 7 786
431 151 13 786
477 151 19 786
598 151 25 786
683 151 31 786
780 151 37 786
800 151 43 786
8 227 3 109
32 18 7 109
77 227 10 109
86 18 13 109
127 227 16 109
147 18 19 109
165 18 25 109
174 18 22 109
189 18 28 109
204 18 31 109
219 18 34 109
223 227 37 109
236 227 40 109
266 18 43 109
269 18 46 109
282 18 49 109
288 18 52 109
313 18 55 109
327 18 58 109
344 227 1 625
345 227 4 625
356 18 1 106
363 227 7 625
373 18 7 106
409 227 10 625
410 227 13 625
417 227 16 625
420 18 4 106
421 227 19 625
428 18 10 106
433 227 22 625
458 18 13 106
473 18 16 106
481 227 25 625
483 18 19 106
484 227 28 625
523 18 22 106
526 18 25 106
531 227 31 625
532 227 34 625
537 18 28 106
547 227 37 625
548 18 31 106
554 18 34 106
565 18 37 106
600 18 40 106
606 18 43 106
613 227 40 625
658 227 43 625
688 227 46 625
696 227 55 625
705 227 49 625
708 18 46 106
713 18 49 106
714 227 52 625
718 18 52 106
726 18 55 106
741 18 58 106
742 18 1 231
749 227 58 625
759 18 4 231
763 18 7 231
764 18 10 231
767 227 1 664
793 227 4 664
25 226 5 459
106 226 1 109
108 226 1 459
188 226 3 459
191 226 7 459
216 226 9 459
220 226 11 459
241 226 13 459
249 226 15 459
286 226 17 459
304 226 19 459
312 226 21 459
331 226 23 459
333 226 25 459
370 226 27 459
372 226 29 459
398 226 31 459
537 226 33 459
554 226 37 459
646 226 35 459
664 226 39 459
667 226 41 459
672 226 43 459
676 226 45 459
692 226 47 459
789 226 49 459
21 282 1 1094
30 282 13 1094
32 282 19 1094
46 282 7 1094
50 282 25 1094
74 282 31 1094
127 282 37 1094
153 282 43 1094
158 282 49 1094
185 282 55 1094
228 282 1 1161
247 282 7 1161
278 282 13 1161
295 282 19 1161
303 282 25 1161
315 282 31 1161
352 282 37 1161
508 282 43 1161
545 282 49 1161
592 282 1 734
630 282 55 1161
658 282 7 734
679 282 13 734
690 282 19 734
719 282 25 734
736 282 31 734
784 282 37 734
3 87 1 1
11 87 4 1
54 87 7 1
123 87 10 1
124 87 13 1
145 87 16 1
165 87 28 1
170 87 19 1
172 87 22 1
197 87 25 1
208 87 31 1
252 87 34 1
281 87 37 1
287 87 43 1
309 87 40 1
393 87 46 1
410 87 49 1
435 87 52 1
440 87 55 1
441 87 58 1
464 87 1 308
483 87 4 308
510 87 7 308
522 87 10 308
559 87 13 308
576 87 16 308
579 87 19 308
629 87 25 308
671 87 22 308
680 87 28 308
698 87 31 308
701 87 34 308
770 87 37 308
772 87 40 308
782 87 43 308
6 270 1 86
40 270 3 86
46 270 5 86
90 270 7 86
122 270 9 86
154 270 11 86
176 270 13 86
242 270 15 86
327 270 17 86
351 270 19 86
372 270 21 86
374 270 23 86
388 270 25 86
397 270 27 86
403 270 29 86
419 270 31 86
446 270 33 86
526 270 35 86
548 270 37 86
555 270 39 86
561 270 41 86
563 270 46 86
575 270 43 86
635 270 49 86
646 270 51 86
715 270 53 86
730 270 55 86
737 270 57 86
738 270 59 86
781 270 5 1094
1 122 7 351
2 258 7 1108
3 258 13 1108
9 98 13 478
20 96 1 1085
24 122 1 351
30 202 19 1045
41 21 1 217
42 21 7 217
44 98 1 478
57 202 1 1045
70 98 9 478
70 21 13 217
72 258 1 1108
79 98 19 478
82 21 19 217
85 258 19 1108
85 21 25 217
92 122 13 351
102 122 19 351
105 21 31 217
106 21 37 217
108 122 25 351
110 258 25 1108
111 96 7 1085
112 122 31 351
114 202 7 1045
117 21 43 217
119 258 31 1108
133 21 49 217
143 98 25 478
152 96 13 1085
161 96 19 1085
164 98 31 478
165 96 31 1085
174 98 37 478
178 202 13 1045
181 258 37 1108
182 258 43 1108
183 258 49 1108
192 202 25 1045
193 96 25 1085
200 96 37 1085
204 202 37 1045
205 258 55 1108
206 258 1 274
207 21 55 217
218 21 1 297
220 21 7 297
229 96 43 1085
231 98 43 478
233 98 49 478
242 258 7 274
243 96 49 1085
248 96 1 304
254 258 19 274
254 21 25 297
255 98 55 478
257 258 13 274
264 202 31 1045
267 122 37 351
284 258 31 274
285 98 1 503
291 122 43 351
302 98 7 503
303 202 43 1045
306 96 55 1085
314 122 49 351
319 98 13 503
320 122 55 351
322 21 13 297
324 21 19 297
329 98 19 503
332 98 25 503
333 96 7 304
338 122 1 1012
349 202 49 1045
351 202 55 1045
354 96 13 304
359 202 1 248
362 98 31 503
365 21 31 297
369 21 37 297
371 98 37 503
380 96 19 304
381 21 49 297
386 96 25 304
389 21 43 297
390 202 13 248
390 122 19 1012
394 202 7 248
399 96 31 304
408 202 19 248
408 21 55 297
413 122 7 1012
424 258 25 274
431 98 43 503
435 96 37 304
437 96 45 304
438 202 25 248
439 258 37 274
445 258 43 274
445 98 49 503
448 96 49 304
456 21 1 509
458 122 25 1012
459 96 55 304
463 21 7 509
479 258 49 274
479 202 31 248
490 96 1 98
492 21 13 509
494 96 7 98
495 258 55 274
496 202 37 248
506 202 43 248
507 96 13 98
508 258 1 837
508 202 49 248
511 98 55 503
512 96 19 98
514 258 7 837
515 21 19 509
518 21 25 509
519 96 25 98
519 202 55 248
524 21 31 509
527 21 37 509
534 21 43 509
535 258 13 837
539 202 1 329
554 98 1 806
555 202 7 329
560 98 7 806
570 122 13 1012
579 96 31 98
588 122 31 1012
589 258 19 837
592 96 37 98
599 98 13 806
599 202 19 329
600 98 19 806
602 96 43 98
616 122 37 1012
619 258 25 837
619 122 43 1012
626 21 49 509
628 122 49 1012
633 258 37 837
637 96 49 98
645 96 55 98
647 98 25 806
651 96 1 903
652 258 31 837
655 96 7 903
667 122 55 1012
672 122 1 6
676 258 49 837
682 96 13 903
683 96 19 903
684 21 55 509
688 122 13 6
695 258 43 837
700 202 13 329
701 202 25 329
710 96 25 903
711 21 7 703
714 258 55 837
723 258 1 866
725 202 31 329
736 98 37 806
737 202 37 329
742 258 7 866
743 96 31 903
753 96 37 903
753 98 31 806
753 21 1 703
754 98 43 806
759 258 13 866
760 98 49 806
768 98 55 806
769 258 19 866
771 258 25 866
774 96 43 903
775 96 49 903
778 202 43 329
779 98 1 808
779 202 49 329
783 21 13 703
790 202 55 329
799 98 7 808
799 202 1 331
800 258 31 866
31 3 1 611
62 3 7 611
95 3 4 611
103 3 10 611
181 3 13 611
216 3 16 611
223 3 22 611
264 3 19 611
302 3 25 611
333 3 28 611
356 3 31 611
357 3 34 611
424 3 37 611
431 3 40 611
453 3 43 611
520 3 46 611
699 3 49 611
713 3 52 611
715 3 55 611
720 3 58 611
766 3 1 129
799 3 13 129
4 207 1 42
6 207 3 42
7 47 1 1197
14 201 5 1088
51 207 5 42
59 201 1 1088
60 201 3 1088
72 189 5 78
81 201 7 1088
94 201 9 1088
112 189 1 78
117 207 7 42
123 201 13 1088
131 47 3 1197
133 47 5 1197
134 201 11 1088
134 189 3 78
138 47 7 1197
142 201 15 1088
145 207 9 42
147 201 17 1088
157 189 7 78
161 207 11 42
161 47 9 1197
162 207 13 42
195 207 15 42
196 201 19 1088
204 201 21 1088
210 47 11 1197
219 201 25 1088
222 189 9 78
238 189 11 78
252 201 23 1088
253 47 13 1197
254 207 23 42
261 189 13 78
277 201 27 1088
277 189 15 78
284 189 17 78
286 47 15 1197
294 201 29 1088
296 47 17 1197
312 201 31 1088
312 189 19 78
321 207 17 42
321 47 19 1197
334 189 21 78
336 189 23 78
343 207 19 42
343 189 25 78
347 201 33 1088
353 201 35 1088
353 189 27 78
361 47 21 1197
368 201 37 1088
373 189 29 78
394 201 40 1088
398 189 33 78
416 207 21 42
417 47 23 1197
418 201 43 1088
421 201 45 1088
436 189 31 78
448 47 25 1197
458 201 47 1088
472 201 49 1088
479 207 25 42
482 201 51 1088
484 47 31 1197
491 207 27 42
492 189 35 78
498 201 53 1088
500 207 29 42
500 189 37 78
512 201 55 1088
519 201 59 1088
532 201 57 1088
536 207 31 42
543 207 33 42
550 207 35 42
565 47 27 1197
567 207 37 42
574 207 39 42
578 201 1 1015
582 47 29 1197
586 47 33 1197
589 201 3 1015
590 189 39 78
591 47 35 1197
599 189 41 78
612 47 37 1197
616 47 41 1197
617 201 5 1015
619 47 39 1197
626 207 41 42
629 47 43 1197
633 47 45 1197
657 189 43 78
663 207 43 42
668 189 45 78
670 207 45 42
672 207 47 42
678 47 47 1197
681 189 47 78
682 201 7 1015
688 47 49 1197
695 207 49 42
697 207 51 42
712 47 51 1197
713 189 55 78
717 207 53 42
721 207 55 42
722 47 53 1197
723 189 49 78
732 47 55 1197
739 207 57 42
743 201 9 1015
771 189 51 78
772 201 11 1015
772 47 57 1197
777 189 53 78
788 189 57 78
796 189 59 78
3 170 7 179
4 100 3 1031
24 100 7 1031
24 296 19 129
26 170 1 179
31 170 13 179
32 170 25 179
37 296 7 129
39 100 19 1031
44 63 7 1006
46 63 1 1006
48 296 25 129
49 63 13 1006
55 170 19 179
55 63 25 1006
62 296 31 129
62 63 19 1006
67 296 37 129
69 170 37 179
76 170 31 179
78 100 13 1031
81 25 1 658
82 170 43 179
100 100 25 1031
103 296 43 129
103 25 13 658
103 63 31 1006
107 296 49 129
113 170 49 179
127 296 55 129
131 63 37 1006
134 296 7 321
135 170 55 179
148 296 1 321
151 25 7 658
153 63 49 1006
161 25 31 658
167 170 1 387
170 296 13 321
172 25 25 658
180 100 31 1031
196 63 43 1006
206 63 55 1006
208 296 19 321
209 25 19 658
211 296 25 321
216 170 19 387
218 296 31 321
219 100 37 1031
225 296 37 321
227 296 43 321
227 100 49 1031
231 25 37 658
238 100 43 1031
247 25 43 658
250 170 7 387
253 100 55 1031
265 296 49 321
280 63 1 149
282 100 1 314
284 25 49 658
288 100 7 314
297 100 13 314
314 170 13 387
315 296 55 321
336 63 7 149
349 63 13 149
351 25 1 700
352 170 25 387
353 100 19 314
354 100 31 314
359 63 19 149
361 170 31 387
370 63 31 149
371 170 43 387
375 25 55 658
376 25 7 700
381 63 25 149
387 170 37 387
393 100 25 314
393 170 49 387
398 100 37 314
403 170 55 387
405 296 1 410
422 170 1 285
424 100 49 314
428 296 13 410
432 25 13 700
434 170 7 285
435 296 19 410
443 296 7 410
443 25 19 700
464 63 37 149
467 25 25 700
473 100 43 314
483 25 31 700
484 296 33 410
484 25 37 700
495 170 13 285
500 63 43 149
507 63 49 149
512 25 43 700
519 25 49 700
521 100 55 314
525 63 55 149
538 100 25 410
558 296 43 410
562 25 55 700
563 100 37 410
563 63 1 968
565 25 1 101
571 25 7 101
572 25 13 101
573 63 7 968
574 63 13 968
578 100 49 410
581 25 19 101
584 25 25 101
588 296 55 410
591 296 1 946
591 170 19 285
593 63 19 968
595 100 1 555
596 25 31 101
601 170 25 285
612 100 7 555
623 63 25 968
626 25 37 101
628 63 31 968
638 170 31 285
641 25 43 101
645 296 7 946
645 63 37 968
664 100 13 555
671 296 13 946
685 63 43 968
693 63 49 968
696 170 37 285
700 25 49 101
702 170 43 285
709 296 19 946
710 170 49 285
712 25 55 101
714 63 1 996
718 63 55 968
719 296 31 946
719 170 55 285
723 25 7 561
738 170 1 319
749 100 19 555
749 296 25 946
758 170 7 319
761 63 13 996
762 170 13 319
767 170 19 319
770 296 43 946
775 63 7 996
782 100 25 555
783 25 1 561
795 296 37 946
796 170 25 319
3 297 4 402
3 183 19 52
8 254 51 459
9 36 4 353
24 297 13 402
33 36 7 353
39 183 1 52
44 33 13 24
45 36 10 353
51 36 13 353
59 33 7 24
61 254 55 459
89 254 58 459
93 33 1 24
96 297 1 402
98 33 4 24
109 297 7 402
115 33 10 24
117 33 16 24
124 297 10 402
129 254 1 1110
141 183 4 52
143 254 4 1110
150 36 1 353
152 36 19 353
155 33 19 24
171 297 16 402
175 33 22 24
177 36 22 353
179 33 25 24
179 183 7 52
181 36 16 353
187 33 28 24
193 297 19 402
205 36 25 353
207 33 31 24
210 33 34 24
213 183 10 52
227 33 37 24
232 297 22 402
235 36 28 353
237 183 13 52
239 36 31 353
241 183 16 52
243 297 25 402
246 297 28 402
249 36 34 353
256 183 22 52
263 33 40 24
276 33 43 24
277 33 46 24
279 183 25 52
281 254 7 1110
284 297 37 402
290 36 40 353
295 33 49 24
296 183 28 52
299 254 10 1110
304 33 52 24
319 36 37 353
327 33 55 24
327 36 43 353
329 36 46 353
330 36 49 353
335 254 13 1110
337 183 31 52
342 183 34 52
343 33 1 546
345 33 58 24
346 297 31 402
349 33 7 546
349 183 37 52
351 254 16 1110
357 36 52 353
363 33 4 546
375 254 19 1110
388 183 40 52
392 33 10 546
392 36 55 353
395 183 43 52
398 297 43 402
414 297 34 402
425 33 13 546
425 36 58 353
433 183 46 52
442 183 49 52
447 254 22 1110
464 183 52 52
476 183 55 52
477 183 58 52
483 297 40 402
492 36 1 925
493 297 46 402
501 33 19 546
503 33 16 546
503 183 1 389
511 297 49 402
512 33 25 546
514 36 4 925
514 254 25 1110
528 183 4 389
531 183 7 389
533 36 7 925
547 33 22 546
550 183 10 389
557 183 13 389
564 36 10 925
567 297 52 402
568 254 28 1110
569 36 13 925
583 297 55 402
592 36 16 925
597 33 28 546
597 254 31 1110
600 183 16 389
608 254 34 1110
610 254 37 1110
617 36 19 925
624 183 22 389
628 36 22 925
634 183 19 389
635 183 25 389
638 254 40 1110
662 254 43 1110
665 183 28 389
666 36 25 925
668 297 58 402
669 183 31 389
670 36 28 925
672 183 34 389
682 183 37 389
690 36 31 925
695 183 40 389
698 183 43 389
709 183 46 389
718 297 1 498
723 254 46 1110
727 254 49 1110
735 183 49 389
739 297 4 498
741 33 31 546
743 254 52 1110
744 33 34 546
749 297 7 498
752 36 34 925
765 183 52 389
767 36 37 925
767 254 55 1110
769 33 37 546
779 254 58 1110
780 297 10 498
791 33 40 546
792 254 1 254
793 33 43 546
796 36 40 925
42 252 1 228
48 39 4 349
53 252 5 228
59 252 10 228
73 39 1 349
81 39 9 349
86 252 3 228
109 39 11 349
137 39 7 349
159 39 13 349
190 39 15 349
226 39 17 349
237 39 19 349
245 252 7 228
254 39 29 349
257 39 21 349
291 39 23 349
297 252 17 228
317 39 25 349
340 39 27 349
345 252 13 228
368 39 31 349
374 252 15 228
377 252 19 228
393 39 33 349
395 39 35 349
447 252 25 228
449 39 37 349
451 39 39 349
457 252 21 228
474 39 41 349
480 39 43 349
504 252 23 228
530 39 45 349
545 252 27 228
546 39 47 349
552 39 49 349
576 252 29 228
600 252 31 228
618 39 51 349
651 252 33 228
653 252 35 228
665 39 53 349
674 39 55 349
680 39 57 349
681 252 37 228
730 39 59 349
746 252 39 228
751 39 5 700
768 39 11 700
780 252 41 228
781 39 17 700
782 39 23 700
783 39 29 700
790 252 43 228
12 306 7 399
16 267 7 648
20 49 7 172
22 306 1 399
30 92 25 584
36 306 13 399
40 49 13 172
41 267 13 648
64 267 1 648
83 306 19 399
90 49 1 172
92 92 1 584
101 306 25 399
110 306 31 399
111 306 37 399
115 306 43 399
128 267 19 648
130 267 25 648
140 306 49 399
141 49 19 172
150 92 7 584
163 306 55 399
166 49 25 172
167 267 31 648
168 49 31 172
180 267 37 648
212 49 37 172
216 49 43 172
218 306 7 894
227 92 13 584
239 306 1 894
248 267 43 648
255 267 49 648
262 267 55 648
279 49 49 172
284 267 1 661
286 49 55 172
287 92 19 584
290 92 31 584
292 267 7 661
292 306 13 894
319 49 1 663
325 92 37 584
345 267 15 661
366 49 7 663
370 306 19 894
373 267 19 661
380 92 43 584
389 306 25 894
391 92 49 584
396 306 31 894
400 267 25 661
400 92 55 584
414 267 37 661
415 49 13 663
416 267 43 661
428 49 19 663
430 306 37 894
443 267 31 661
466 92 1 777
468 49 25 663
469 267 49 661
470 49 31 663
473 267 55 661
476 306 49 894
482 267 55 886
494 267 1 595
496 49 43 663
514 306 43 894
522 92 13 777
525 306 1 979
526 267 7 595
526 92 19 777
552 92 7 777
561 267 13 595
600 306 55 894
602 306 7 979
603 267 19 595
608 92 25 777
622 92 31 777
629 306 13 979
640 267 25 595
641 49 37 663
648 267 31 595
663 92 37 777
668 49 49 663
672 267 37 595
677 267 43 595
684 92 43 777
689 92 49 777
691 306 19 979
703 92 55 777
711 92 13 1091
714 306 25 979
718 49 7 414
722 49 55 663
728 92 7 1091
733 92 1 1091
747 92 19 1091
760 92 25 1091
761 267 49 595
764 92 31 1091
774 92 37 1091
775 267 55 595
789 267 1 600
791 49 1 414
792 267 7 600
1 154 4 364
4 188 7 56
13 293 1 1051
14 188 10 56
15 263 1 261
27 259 1 743
31 259 4 743
31 263 7 261
31 91 10 14
32 293 4 1051
34 259 7 743
34 22 1 899
35 154 1 364
37 71 1 199
37 263 4 261
38 52 1 559
39 91 4 14
43 22 7 899
43 29 10 899
46 52 13 559
46 29 16 899
48 293 7 1051
49 293 10 1051
49 188 1 56
54 263 10 261
55 154 7 364
56 91 1 14
58 259 10 743
58 293 13 1051
66 29 4 899
73 259 13 743
76 259 16 743
79 293 16 1051
79 263 13 261
81 259 19 743
84 29 13 899
85 154 10 364
87 22 19 899
91 71 4 199
92 52 7 559
95 263 16 261
99 154 13 364
99 188 4 56
103 188 19 56
106 259 22 743
108 22 22 899
109 91 13 14
112 29 25 899
115 22 28 899
119 52 4 559
121 154 16 364
122 71 13 199
123 52 16 559
128 154 25 364
130 29 31 899
135 263 19 261
138 71 9 199
139 293 19 1051
143 259 31 743
143 91 7 14
143 29 34 899
146 52 10 559
146 91 16 14
147 263 22 261
152 259 25 743
155 71 16 199
156 71 19 199
160 52 19 559
163 259 28 743
163 22 37 899
167 29 40 899
168 91 19 14
173 29 43 899
177 52 25 559
178 22 46 899
180 259 43 743
181 259 34 743
182 188 13 56
184 91 22 14
185 71 22 199
185 188 25 56
186 22 49 899
190 91 31 14
192 154 19 364
196 29 52 899
199 52 22 559
200 154 22 364
201 52 28 559
203 29 55 899
205 71 28 199
206 71 25 199
209 91 34 14
210 293 22 1051
211 188 16 56
218 263 25 261
222 293 25 1051
222 154 28 364
228 22 58 899
228 188 22 56
229 259 37 743
229 263 28 261
234 22 43 734
238 259 40 743
238 52 31 559
239 263 34 261
244 263 31 261
247 154 31 364
253 263 37 261
256 259 46 743
257 22 46 734
258 293 28 1051
262 29 1 538
263 52 34 559
270 91 28 14
271 22 55 734
281 52 40 559
286 154 34 364
290 71 43 199
292 29 4 538
298 71 31 199
298 52 37 559
300 29 7 538
310 52 43 559
313 52 46 559
314 71 34 199
315 22 49 734
317 52 49 559
317 188 28 56
319 263 40 261
320 188 31 56
323 91 25 14
324 52 52 559
326 263 43 261
328 22 52 734
328 29 10 538
329 91 37 14
333 263 46 261
347 259 49 743
355 263 49 261
360 52 55 559
368 91 40 14
378 22 58 734
379 293 31 1051
383 293 34 1051
384 71 37 199
391 91 43 14
393 91 55 14
394 154 43 364
396 52 58 559
399 293 37 1051
401 188 34 56
404 91 46 14
407 29 13 538
412 188 43 56
413 259 52 743
416 188 37 56
417 293 40 1051
417 154 37 364
419 91 49 14
423 188 40 56
430 154 46 364
435 71 46 199
436 22 1 873
438 29 16 538
442 293 43 1051
443 91 52 14
446 52 1 494
449 259 55 743
449 29 19 538
452 91 58 14
460 91 1 481
466 154 40 364
469 293 46 1051
470 259 58 743
470 29 22 538
471 52 4 494
473 259 1 229
481 91 4 481
488 154 52 364
498 259 4 229
498 263 55 261
498 154 49 364
499 22 4 873
501 293 49 1051
501 154 55 364
504 188 49 56
504 154 58 364
505 52 7 494
509 22 7 873
515 22 10 873
516 71 40 199
516 188 46 56
518 22 13 873
525 293 52 1051
525 52 10 494
528 22 16 873
536 188 52 56
538 22 19 873
540 154 1 507
542 154 4 507
545 154 7 507
546 154 10 507
547 259 7 229
550 263 52 261
553 293 55 1051
555 52 13 494
562 22 22 873
565 188 55 56
567 259 10 229
569 22 25 873
570 259 19 229
570 293 58 1051
570 52 25 494
571 188 58 56
576 91 7 481
577 52 16 494
579 154 13 507
582 188 1 227
583 71 49 199
591 263 58 261
593 188 4 227
594 293 37 866
597 52 19 494
598 259 13 229
600 188 7 227
601 263 1 1055
601 91 10 481
605 263 4 1055
607 259 16 229
607 91 13 481
613 259 22 229
613 52 28 494
615 293 43 866
620 52 22 494
626 91 16 481
630 22 28 873
631 91 19 481
635 293 40 866
639 188 10 227
641 259 25 229
644 29 25 538
646 293 46 866
652 188 13 227
653 263 7 1055
657 263 10 1055
662 29 28 538
663 259 28 229
664 29 31 538
670 293 49 866
673 29 37 538
674 91 22 481
677 293 52 866
678 154 16 507
679 293 55 866
685 22 31 873
686 91 25 481
690 188 16 227
691 259 37 229
691 188 25 227
696 263 13 1055
699 293 58 866
699 52 31 494
700 71 55 199
705 91 28 481
711 188 19 227
715 52 34 494
715 188 22 227
719 71 52 199
720 263 16 1055
722 293 1 194
725 259 40 229
728 91 31 481
729 263 19 1055
730 154 19 507
731 29 34 538
739 71 1 897
740 293 4 194
742 91 34 481
743 71 58 199
746 71 4 897
746 188 28 227
749 29 40 538
754 293 7 194
755 22 34 873
755 188 31 227
756 29 43 538
757 91 37 481
758 71 13 897
759 293 10 194
760 259 31 229
761 91 40 481
765 259 34 229
765 91 43 481
768 263 22 1055
769 263 25 1055
769 188 34 227
771 71 7 897
773 188 37 227
775 71 16 897
779 154 22 507
780 71 19 897
783 154 25 507
784 71 10 897
784 91 46 481
786 293 13 194
791 263 28 1055
797 293 16 194
797 52 37 494
798 259 43 229
10 58 1 640
10 126 3 1170
24 126 5 1170
31 126 17 1170
33 126 1 1170
34 126 10 1170
41 126 7 1170
42 58 3 640
57 126 13 1170
58 58 5 640
64 58 7 640
80 224 1 472
101 58 10 640
122 58 16 640
128 224 3 472
157 126 15 1170
206 58 13 640
214 126 19 1170
215 126 21 1170
218 224 5 472
218 126 28 1170
230 126 23 1170
242 126 25 1170
243 126 31 1170
245 126 33 1170
247 224 11 472
263 58 19 640
268 224 7 472
269 224 9 472
270 224 13 472
293 126 35 1170
310 58 21 640
338 58 23 640
347 224 15 472
356 224 17 472
359 224 23 472
369 224 19 472
383 224 21 472
391 224 25 472
411 126 37 1170
421 126 39 1170
439 126 41 1170
477 58 25 640
481 58 28 640
486 126 43 1170
488 58 31 640
490 58 33 640
496 224 27 472
496 126 47 1170
502 58 35 640
509 224 29 472
510 126 45 1170
513 224 31 472
517 224 33 472
547 58 40 640
552 58 37 640
558 58 47 640
561 58 43 640
577 224 35 472
590 58 45 640
595 224 37 472
597 58 49 640
603 58 51 640
615 126 49 1170
619 58 53 640
635 224 43 472
636 126 51 1170
642 58 55 640
651 126 53 1170
677 58 57 640
711 224 39 472
712 126 59 1170
721 58 59 640
758 224 41 472
769 58 1 1123
783 126 55 1170
27 65 7 126
38 104 7 629
40 40 7 446
43 40 19 446
52 104 1 629
59 104 13 629
66 40 13 446
72 104 19 629
112 65 3 126
118 40 1 446
124 40 25 446
147 104 25 629
162 40 31 446
174 40 43 446
177 104 31 629
192 104 37 629
207 65 19 126
231 65 13 126
234 104 55 629
235 104 43 629
237 40 37 446
239 40 49 446
239 104 7 662
264 104 49 629
275 40 55 446
275 104 1 662
277 104 19 662
281 65 27 126
285 40 7 454
286 104 25 662
287 40 1 454
306 40 13 454
309 40 19 454
323 65 37 126
324 65 43 126
330 104 31 662
346 65 55 126
351 65 31 126
354 40 37 454
362 40 25 454
369 104 13 662
377 40 31 454
380 40 49 454
382 40 43 454
396 65 49 126
398 104 49 662
400 104 37 662
409 40 55 454
417 65 1 460
426 104 43 662
432 104 55 662
447 104 1 1005
466 40 7 822
470 104 7 1005
472 40 1 822
485 104 13 1005
487 40 13 822
490 65 7 460
504 40 19 822
504 104 25 1005
506 104 19 1005
512 104 31 1005
513 104 37 1005
554 65 13 460
564 65 19 460
571 65 25 460
573 65 31 460
582 40 25 822
587 65 37 460
595 65 43 460
596 40 37 822
599 65 49 460
599 40 31 822
600 65 1 1196
600 40 43 822
602 65 55 460
609 40 49 822
612 40 55 822
632 40 43 494
636 65 13 1196
639 104 43 1005
658 65 19 1196
660 65 7 1196
664 40 49 494
674 104 49 1005
705 65 31 1196
716 65 25 1196
721 65 37 1196
725 104 55 1005
727 104 1 252
734 104 7 252
742 65 43 1196
749 104 13 252
765 65 55 1196
767 65 49 1196
773 40 1 815
787 40 55 494
790 65 1 87
795 40 7 815
798 65 7 87
1 269 46 308
2 269 49 308
4 4 10 49
6 77 7 182
11 4 1 49
13 4 4 49
21 128 7 934
23 4 7 49
38 269 52 308
41 77 10 182
42 269 55 308
44 269 58 308
48 269 10 1162
50 269 1 1162
66 128 1 934
67 77 1 182
70 4 19 49
72 128 10 934
72 77 13 182
72 269 7 1162
89 4 13 49
94 128 4 934
95 77 19 182
97 128 13 934
118 4 16 49
120 128 16 934
121 77 4 182
123 128 19 934
130 269 4 1162
133 128 22 934
145 4 22 49
153 4 25 49
158 77 16 182
160 269 13 1162
170 4 28 49
176 128 25 934
189 269 19 1162
190 77 34 182
202 4 31 49
215 128 28 934
220 77 22 182
223 4 34 49
241 4 37 49
244 128 34 934
250 4 40 49
253 269 16 1162
254 269 31 1162
256 128 31 934
263 4 43 49
289 77 25 182
298 128 40 934
308 4 49 49
322 269 22 1162
324 4 1 192
325 128 43 934
335 128 37 934
340 128 46 934
353 128 49 934
375 128 52 934
376 128 55 934
396 269 25 1162
403 77 31 182
405 269 28 1162
411 269 34 1162
419 4 46 49
424 269 40 1162
428 77 28 182
440 77 37 182
452 77 43 182
460 269 37 1162
469 4 55 49
482 4 4 192
487 4 52 49
491 4 58 49
495 269 43 1162
497 4 7 192
503 77 40 182
509 77 46 182
519 77 1 949
525 4 13 192
541 128 58 934
578 4 10 192
588 4 16 192
601 4 22 192
611 128 1 388
619 4 19 192
621 77 49 182
623 128 4 388
624 77 52 182
628 269 46 1162
630 128 7 388
631 77 55 182
636 269 55 1162
648 128 10 388
660 269 49 1162
675 77 58 182
693 269 58 1162
710 269 1 188
718 77 4 949
727 4 25 192
731 4 28 192
734 269 4 188
740 4 31 192
744 4 37 192
757 128 19 388
769 269 52 1162
772 77 7 949
780 269 7 188
782 77 10 949
786 269 10 188
792 77 13 949
792 269 16 188
796 77 16 949
3 257 11 193
4 84 13 989
4 216 15 193
6 23 5 454
15 14 5 955
20 303 5 1113
22 283 5 322
24 283 11 322
26 216 5 193
28 14 11 955
29 9 5 446
29 23 11 454
30 14 17 955
35 7 5 662
35 283 13 322
37 23 17 454
39 257 7 193
49 14 23 955
50 7 11 662
52 303 7 1113
54 23 23 454
55 257 1 193
57 283 7 322
61 14 29 955
65 9 11 446
67 257 9 193
67 303 11 1113
72 283 16 322
75 303 1 1113
76 23 29 454
78 216 17 193
79 257 3 193
83 257 13 193
87 9 17 446
93 7 17 662
97 257 19 193
98 283 1 322
101 9 23 446
102 23 35 454
109 14 35 955
110 303 3 1113
112 283 9 322
119 283 19 322
121 216 21 193
125 257 23 193
125 216 25 193
129 7 23 662
137 283 3 322
140 257 27 193
142 216 29 193
143 216 37 193
150 303 13 1113
150 283 21 322
156 7 29 662
158 283 23 322
159 14 41 955
160 9 29 446
165 9 35 446
168 14 47 955
169 216 31 193
170 9 41 446
171 14 53 955
178 7 35 662
181 257 41 193
183 303 9 1113
183 216 33 193
186 303 15 1113
195 257 35 193
195 303 17 1113
195 216 39 193
197 84 1 989
200 283 25 322
201 7 41 662
206 84 5 989
208 283 27 322
210 14 59 955
211 7 47 662
212 9 47 446
213 9 53 446
215 14 1 43
228 14 5 43
228 84 7 989
229 216 47 193
230 14 3 43
232 9 59 446
233 283 29 322
235 7 53 662
238 303 19 1113
241 14 7 43
241 283 31 322
249 84 3 989
253 84 9 989
258 14 9 43
261 9 15 231
268 283 33 322
270 216 43 193
273 9 13 231
274 216 45 193
277 303 23 1113
278 23 41 454
282 257 52 193
282 216 55 193
290 303 21 1113
292 216 49 193
293 23 47 454
295 216 57 193
300 216 59 193
313 23 53 454
314 216 1 392
315 7 59 662
318 216 3 392
321 84 11 989
325 216 5 392
326 216 7 392
328 9 17 231
336 216 11 392
337 283 35 322
348 303 25 1113
349 9 19 231
360 9 21 231
362 257 1 1096
362 84 15 989
371 7 5 387
373 7 11 387
375 7 17 387
382 216 9 392
383 283 37 322
384 9 23 231
386 257 3 1096
387 303 27 1113
390 7 23 387
390 84 17 989
398 14 11 43
405 257 5 1096
410 257 7 1096
410 9 25 231
411 84 19 989
414 303 29 1113
415 283 39 322
418 283 41 322
420 216 13 392
421 283 43 322
423 14 13 43
426 303 35 1113
432 84 21 989
438 14 19 43
441 9 27 231
442 14 15 43
448 23 59 454
451 7 29 387
454 216 15 392
454 283 45 322
455 9 29 231
456 257 9 1096
458 23 1 202
459 14 17 43
461 257 11 1096
465 7 35 387
467 9 31 231
467 23 3 202
475 257 13 1096
475 7 41 387
481 7 47 387
485 216 17 392
486 283 47 322
489 9 33 231
491 23 5 202
493 257 15 1096
493 216 19 392
497 9 35 231
502 216 21 392
504 9 37 231
518 23 7 202
523 303 31 1113
527 23 9 202
528 283 49 322
529 216 23 392
531 283 51 322
533 14 21 43
535 84 23 989
540 216 25 392
544 257 17 1096
556 216 27 392
566 283 53 322
569 7 53 387
570 9 39 231
570 283 55 322
570 216 29 392
571 257 19 1096
572 283 57 322
575 303 33 1113
575 14 23 43
589 257 23 1096
589 303 37 1113
593 9 41 231
595 283 59 322
598 9 43 231
601 14 29 43
602 303 39 1113
604 14 25 43
604 23 11 202
606 257 21 1096
606 303 41 1113
608 7 59 387
610 9 45 231
611 7 4 92
611 283 7 34
612 9 47 231
614 14 27 43
615 216 31 392
622 303 43 1113
624 257 25 1096
625 303 45 1113
629 303 47 1113
631 9 49 231
634 257 27 1096
641 7 1 92
644 9 51 231
644 303 49 1113
648 303 51 1113
649 303 53 1113
650 257 29 1096
650 283 4 34
666 283 1 34
667 7 7 92
669 23 13 202
674 84 25 989
675 14 31 43
676 84 27 989
684 303 59 1113
689 216 33 392
694 7 9 92
695 84 29 989
703 7 11 92
711 23 17 202
721 7 13 92
731 23 15 202
732 9 53 231
734 14 33 43
735 257 31 1096
735 23 19 202
735 283 9 34
736 303 55 1113
739 7 15 92
741 283 11 34
744 303 57 1113
750 257 37 1096
750 216 39 392
751 7 17 92
751 9 55 231
754 23 21 202
764 216 35 392
769 14 40 43
771 303 40 227
775 14 35 43
788 84 31 989
789 14 37 43
789 84 33 989
793 7 19 92
794 257 33 1096
795 7 21 92
797 7 23 92
800 7 25 92
5 286 3 619
5 174 7 695
5 217 31 507
11 102 7 571
22 217 37 507
23 102 1 571
29 174 1 695
33 174 13 695
42 160 13 177
47 57 1 856
55 102 13 571
60 90 7 8
68 57 7 856
68 286 13 619
71 160 1 177
73 286 7 619
75 160 19 177
76 57 19 856
78 174 19 695
78 217 43 507
80 102 19 571
82 174 25 695
83 286 25 619
84 90 1 8
92 286 19 619
95 57 25 856
97 174 31 695
107 174 37 695
110 57 13 856
110 286 37 619
113 102 25 571
120 286 31 619
125 286 43 619
127 217 49 507
129 174 43 695
130 102 37 571
133 286 55 619
135 90 25 8
137 217 55 507
138 102 31 571
144 160 7 177
144 217 1 1132
148 90 19 8
150 57 31 856
151 160 25 177
154 286 49 619
156 174 49 695
156 286 1 970
157 102 43 571
159 57 37 856
160 174 55 695
161 57 43 856
163 286 7 970
164 160 37 177
167 102 49 571
172 90 13 8
174 102 55 571
175 286 13 970
176 90 31 8
180 174 1 848
191 160 31 177
191 174 9 848
192 286 31 970
194 174 13 848
196 217 7 1132
197 174 19 848
208 90 37 8
211 102 1 928
221 102 7 928
226 160 43 177
226 174 25 848
228 174 31 848
235 217 13 1132
237 286 21 970
242 90 43 8
243 90 55 8
247 217 19 1132
251 174 37 848
252 160 49 177
257 174 49 848
269 102 13 928
270 102 19 928
271 160 1 725
283 174 43 848
289 217 31 1132
296 174 55 848
298 102 25 928
306 174 1 85
309 286 43 970
310 102 31 928
310 57 49 856
312 217 25 1132
317 217 37 1132
333 174 13 85
341 160 7 725
345 57 7 1093
346 286 25 970
349 102 43 928
357 102 37 928
361 102 49 928
365 174 19 85
371 57 55 856
380 217 55 1132
383 57 1 1093
385 57 13 1093
385 90 49 8
386 160 55 177
387 160 13 725
395 286 37 970
397 90 55 675
405 160 19 725
408 217 43 1132
413 217 1 495
413 90 19 703
413 57 31 1093
416 102 55 928
419 160 25 725
422 160 31 725
427 160 37 725
431 286 49 970
437 217 49 1132
441 160 43 725
446 57 19 1093
452 217 7 495
458 160 49 725
459 174 7 85
472 174 25 85
478 217 13 495
479 57 27 1093
485 174 37 85
489 57 37 1093
494 102 13 991
508 174 31 85
513 90 25 703
514 57 49 1093
515 57 43 1093
516 102 1 991
518 57 55 1093
520 57 1 440
524 90 37 703
537 102 7 991
538 57 7 440
541 160 1 557
544 160 55 725
545 160 13 557
552 217 19 495
555 286 55 970
557 57 19 440
560 160 19 557
560 174 43 85
566 102 19 991
571 174 49 85
573 57 13 440
577 90 31 703
581 57 25 440
591 90 43 703
597 160 7 557
601 286 31 487
610 90 49 703
612 102 25 991
617 102 31 991
622 102 37 991
622 57 45 440
623 174 55 85
627 90 55 703
630 57 31 440
635 160 31 557
637 90 1 798
655 217 25 495
658 102 49 991
658 57 37 440
660 90 13 798
661 160 25 557
661 57 49 440
666 57 55 440
668 102 1 1168
672 217 49 495
674 286 37 487
688 286 51 487
691 286 43 487
698 286 55 487
702 90 19 798
705 217 37 495
712 160 37 557
712 102 43 991
712 174 25 897
714 90 7 798
722 160 49 557
724 160 43 557
731 174 37 897
732 90 25 798
758 217 31 495
761 102 55 991
766 217 43 495
769 286 3 772
777 286 7 772
785 174 31 897
785 217 55 495
790 57 7 574
793 160 55 557
795 102 13 1168
2 101 34 192
7 101 40 192
30 101 43 192
34 203 4 693
61 143 1 693
69 101 46 192
69 203 7 693
79 101 49 192
84 203 10 693
102 203 13 693
113 203 16 693
115 101 52 192
132 101 55 192
134 203 19 693
145 101 58 192
147 203 31 693
149 203 22 693
153 203 28 693
155 203 25 693
167 143 37 693
183 203 40 693
191 143 43 693
198 101 1 10
207 143 34 693
217 101 4 10
230 101 7 10
235 203 49 693
260 143 46 693
261 143 52 693
263 203 55 693
274 101 10 10
286 143 1 286
288 203 58 693
291 143 7 286
299 101 13 10
303 143 4 286
310 143 10 286
314 101 19 10
332 101 16 10
338 203 7 242
347 203 1 242
356 143 13 286
360 203 4 242
360 143 16 286
364 101 22 10
366 101 25 10
368 203 10 242
372 101 31 10
401 203 13 242
402 143 19 286
406 143 22 286
412 203 16 242
416 101 28 10
424 203 19 242
451 101 34 10
451 203 22 242
452 101 46 10
465 101 37 10
478 101 40 10
484 203 25 242
487 143 25 286
489 203 43 242
499 203 28 242
512 101 49 10
517 101 43 10
525 203 31 242
527 101 52 10
530 101 55 10
533 143 28 286
536 203 34 242
537 101 58 10
541 101 7 224
559 143 31 286
571 101 1 224
582 143 34 286
592 101 10 224
611 143 37 286
622 143 49 286
627 203 37 242
675 101 4 224
676 203 40 242
700 101 19 224
723 101 13 224
727 101 16 224
730 143 40 286
762 203 46 242
770 203 49 242
785 143 43 286
787 143 46 286
7 292 11 514
14 292 17 514
16 123 4 191
45 59 7 468
50 123 16 191
52 55 5 162
61 123 7 191
64 59 5 468
77 292 5 514
78 123 1 191
83 59 1 468
94 123 11 191
107 55 1 162
122 55 3 162
127 55 7 162
129 292 29 514
129 123 13 191
130 55 9 162
135 59 3 468
136 59 9 468
138 292 23 514
139 59 11 468
140 292 35 514
148 292 41 514
148 55 11 162
150 123 19 191
153 292 47 514
169 292 53 514
173 123 9 191
177 59 13 468
180 292 59 514
180 59 15 468
183 59 17 468
185 123 28 191
188 292 1 650
191 292 3 650
196 55 13 162
203 55 15 162
204 292 5 650
246 292 7 650
263 292 9 650
265 55 17 162
268 55 22 162
269 123 21 191
278 292 11 650
292 55 19 162
302 123 23 191
305 55 27 162
334 55 25 162
336 55 29 162
345 123 25 191
359 292 13 650
360 55 31 162
365 55 35 162
369 59 21 468
372 292 15 650
414 59 19 468
417 59 25 468
418 123 31 191
423 292 17 650
425 55 33 162
443 292 23 650
444 292 19 650
447 123 33 191
455 55 37 162
458 123 35 191
462 55 39 162
470 59 27 468
476 123 37 191
477 59 23 468
478 123 43 191
480 123 39 191
482 59 29 468
490 55 41 162
490 123 45 191
507 55 43 162
515 292 25 650
546 292 21 650
558 123 41 191
559 123 47 191
561 292 27 650
566 292 29 650
572 292 31 650
572 55 45 162
578 59 31 468
578 123 53 191
580 292 33 650
591 59 33 468
593 123 49 191
594 292 35 650
594 59 40 468
607 59 35 468
608 59 37 468
609 59 43 468
613 123 51 191
637 123 55 191
639 123 57 191
643 59 45 468
647 123 59 191
650 292 37 650
650 55 47 162
654 59 47 468
661 292 39 650
665 55 49 162
667 59 49 468
670 123 1 541
675 123 7 541
678 292 41 650
681 123 3 541
683 59 51 468
686 55 51 162
690 55 53 162
697 123 5 541
701 55 55 162
710 123 9 541
720 123 11 541
722 123 13 541
723 292 43 650
728 55 57 162
739 123 17 541
766 59 53 468
772 292 45 650
777 59 55 468
787 292 49 650
789 292 47 650
2 268 13 118
4 205 49 229
11 161 13 885
11 274 19 836
13 167 7 22
13 274 13 836
17 268 7 118
18 161 3 885
21 268 19 118
22 161 7 885
25 268 25 118
28 161 19 885
28 137 7 88
32 274 31 836
38 161 25 885
41 167 19 22
44 161 31 885
46 268 31 118
47 137 13 88
49 167 25 22
53 268 37 118
54 268 1 118
60 268 43 118
65 268 49 118
75 161 37 885
75 205 55 229
76 161 43 885
86 167 31 22
92 137 25 88
93 161 49 885
95 268 55 118
98 274 7 836
99 167 37 22
104 161 55 885
105 137 1 88
107 137 19 88
109 137 31 88
121 137 37 88
122 268 19 238
126 161 1 1025
127 167 1 22
127 205 19 99
133 205 13 99
135 268 7 238
140 274 1 836
144 268 13 238
146 167 43 22
149 268 1 238
150 167 15 22
156 161 7 1025
158 274 25 836
161 167 49 22
162 167 55 22
164 205 25 99
168 167 1 565
169 137 43 88
172 268 31 238
178 161 19 1025
190 137 49 88
202 274 43 836
203 167 7 565
217 167 13 565
227 167 19 565
235 268 37 238
239 167 25 565
250 167 31 565
251 167 43 565
262 167 37 565
267 205 31 99
270 167 49 565
271 268 25 238
274 205 37 99
292 274 37 836
293 274 49 836
299 205 43 99
305 167 55 565
307 167 1 213
311 167 13 213
327 205 49 99
329 161 13 1025
335 167 7 213
338 205 55 99
341 137 19 518
347 205 43 227
351 274 7 138
364 167 25 213
365 137 55 88
367 137 49 227
377 137 55 227
380 137 25 518
391 137 31 518
393 268 1 702
397 161 31 1025
408 268 49 238
409 137 37 518
419 274 55 836
423 274 1 138
430 137 49 518
432 161 25 1025
433 274 13 138
438 268 43 238
439 167 19 213
441 268 7 702
445 205 1 760
449 161 39 1025
449 167 31 213
456 137 55 518
484 137 43 518
490 161 49 1025
491 137 7 1123
491 205 13 760
495 161 1 598
500 161 7 598
500 268 13 702
504 137 3 1123
510 167 49 213
513 205 7 760
516 205 19 760
522 274 19 138
530 268 19 702
540 268 55 238
543 161 43 1025
554 161 55 1025
556 161 19 598
560 205 25 760
564 161 13 598
577 268 25 702
585 274 25 138
586 137 13 1123
587 161 25 598
592 274 31 138
605 268 31 702
612 167 39 213
618 274 37 138
638 167 43 213
639 161 31 598
639 167 1 853
640 274 43 138
641 137 19 1123
642 137 31 1123
642 274 49 138
651 137 25 1123
659 205 31 760
667 205 37 760
670 274 55 138
676 167 55 213
676 205 1 931
687 167 7 853
688 274 1 211
691 268 49 702
691 205 55 760
692 268 37 702
694 161 49 598
703 268 1 104
704 161 37 598
705 274 7 211
706 274 13 211
713 161 43 598
714 274 19 211
721 268 43 702
728 137 37 1123
728 274 43 211
734 274 25 211
747 161 55 598
748 161 1 878
755 205 43 760
760 167 13 853
760 205 7 931
776 167 19 853
777 274 31 211
778 167 25 853
786 137 43 1123
794 167 37 853
798 167 31 853
9 232 19 475
11 244 25 272
17 244 13 272
19 140 1 287
20 232 13 475
20 173 16 682
26 44 7 327
27 173 4 682
39 173 9 682
41 140 25 287
44 232 16 475
46 244 19 272
48 318 13 969
54 44 13 327
62 140 10 287
69 232 1 475
79 140 7 287
82 140 4 287
83 232 4 475
85 45 40 935
88 232 7 475
91 318 1 969
96 244 4 272
97 45 43 935
99 272 43 392
106 272 46 392
106 244 7 272
113 232 22 475
116 318 4 969
116 232 10 475
116 272 49 392
121 173 13 682
123 232 25 475
131 318 7 969
141 232 28 475
154 140 13 287
159 244 1 272
160 232 31 475
162 244 10 272
167 318 10 969
169 244 16 272
175 173 19 682
176 44 1 327
179 44 4 327
179 173 22 682
181 44 10 327
185 44 19 327
187 45 46 935
196 232 37 475
198 318 21 969
199 173 25 682
201 44 16 327
204 44 25 327
204 173 28 682
208 232 34 475
209 173 31 682
212 318 16 969
214 232 40 475
216 232 49 475
218 140 16 287
219 140 19 287
222 232 43 475
222 318 31 969
224 173 34 682
224 244 22 272
227 244 28 272
229 318 25 969
231 44 22 327
231 45 49 935
238 318 28 969
241 244 33 272
242 45 52 935
244 318 37 969
250 244 37 272
255 272 1 67
255 244 40 272
257 244 43 272
259 44 28 327
259 45 55 935
259 140 22 287
265 140 28 287
265 318 34 969
273 272 52 392
274 45 58 935
275 140 31 287
279 318 40 969
285 45 13 1151
285 244 46 272
291 272 55 392
292 173 43 682
294 232 52 475
299 272 58 392
301 140 34 287
301 44 31 327
301 173 37 682
311 318 43 969
314 232 46 475
320 173 40 682
321 44 34 327
322 44 37 327
327 318 46 969
328 140 37 287
329 244 49 272
330 318 52 969
336 44 40 327
336 140 43 287
337 232 55 475
338 272 10 67
340 140 49 287
340 244 52 272
342 232 58 475
350 232 1 479
352 173 46 682
352 244 55 272
358 140 40 287
360 244 58 272
369 140 46 287
370 45 1 1151
380 272 4 67
382 232 4 479
382 318 49 969
384 45 4 1151
390 45 25 1151
393 45 7 1151
395 44 46 327
400 173 49 682
400 272 7 67
402 140 52 287
402 244 43 1091
404 318 55 969
406 232 7 479
412 244 46 1091
413 45 16 1151
415 45 19 1151
418 318 58 969
427 140 55 287
429 173 52 682
432 44 43 327
432 173 49 327
432 244 52 1091
434 318 55 389
436 44 52 327
439 318 58 389
442 173 55 682
451 318 1 995
453 140 58 287
454 140 1 618
458 173 58 682
459 244 49 1091
461 173 55 327
464 140 4 618
464 244 55 1091
467 44 58 327
467 45 10 1151
471 45 22 1151
472 232 10 479
475 232 15 479
479 318 4 995
485 45 28 1151
495 244 7 33
502 140 7 618
502 318 10 995
515 232 27 479
517 244 58 1091
518 45 31 1151
519 45 34 1151
523 173 1 74
527 173 4 74
530 45 49 1151
533 44 1 999
535 173 7 74
539 140 10 618
541 318 13 995
556 45 37 1151
559 272 16 67
560 244 1 33
566 272 13 67
567 272 19 67
568 244 4 33
568 318 7 995
569 232 19 479
569 140 16 618
576 272 22 67
582 44 4 999
583 44 7 999
584 45 40 1151
584 244 13 33
585 318 16 995
586 318 19 995
587 45 43 1151
588 232 22 479
596 44 10 999
603 140 13 618
611 244 10 33
612 44 13 999
615 44 16 999
617 244 16 33
618 232 31 479
619 318 22 995
621 140 19 618
623 272 31 67
640 244 19 33
643 244 22 33
652 318 25 995
653 318 28 995
655 232 34 479
655 140 22 618
658 232 46 479
660 44 19 999
661 244 31 33
666 318 31 995
672 140 25 618
673 244 25 33
675 232 37 479
680 244 34 33
682 318 40 995
684 232 40 479
684 45 52 1151
685 45 55 1151
689 45 46 1151
692 140 28 618
692 244 43 33
700 45 58 1151
701 44 22 999
701 272 37 67
704 44 25 999
705 44 43 999
707 44 28 999
709 44 31 999
716 45 10 74
720 232 43 479
725 44 37 999
730 318 34 995
732 44 34 999
737 232 49 479
737 244 28 33
739 318 37 995
742 232 52 479
742 318 49 995
746 45 13 74
747 173 16 74
750 140 31 618
756 173 19 74
762 232 55 479
778 318 52 995
779 272 25 67
783 272 34 67
785 44 40 999
787 232 1 1036
790 244 37 33
797 173 25 74
800 318 55 995
2 211 4 159
4 162 17 8
5 255 35 471
6 275 11 629
9 196 11 1187
9 275 17 629
9 249 23 8
12 196 5 1187
14 162 29 8
16 211 11 159
27 255 31 471
35 162 11 8
36 249 35 8
37 211 13 159
38 249 5 8
47 196 7 199
49 275 5 629
51 196 7 1187
59 275 23 629
64 249 41 8
67 275 29 629
71 211 7 159
74 196 9 1187
77 211 1 159
82 249 47 8
87 255 33 471
88 275 35 629
89 255 37 471
95 249 53 8
101 196 1 1187
112 255 39 471
116 249 59 8
117 249 5 297
129 196 15 1187
137 249 11 297
139 255 41 471
149 255 43 471
150 249 23 297
164 249 17 297
166 196 3 1187
178 196 17 1187
181 255 45 471
188 249 29 297
188 255 47 471
190 249 41 297
198 255 49 471
200 196 13 1187
222 196 19 1187
223 249 47 297
232 249 35 297
236 211 15 159
236 249 53 297
248 211 9 159
252 196 21 1187
257 255 53 471
258 255 51 471
266 196 23 1187
273 162 1 608
274 275 41 629
276 211 17 159
276 275 47 629
285 255 55 471
290 255 57 471
296 275 53 629
296 211 19 159
299 275 1 631
305 162 3 608
307 275 59 629
316 162 5 608
316 196 25 1187
321 196 27 1187
322 211 25 159
323 196 29 1187
332 162 7 608
339 196 31 1187
343 275 4 631
344 255 59 471
359 211 27 159
360 211 23 159
377 162 9 608
382 249 59 297
387 211 21 159
389 249 13 388
401 249 16 388
407 275 7 631
418 196 33 1187
421 249 22 388
429 255 1 653
431 211 29 159
439 211 31 159
440 162 11 608
443 249 25 388
445 255 5 653
447 275 9 631
453 275 11 631
461 211 33 159
462 196 35 1187
468 211 35 159
473 255 7 653
476 162 13 608
481 211 37 159
483 196 37 1187
487 196 39 1187
489 196 41 1187
495 196 46 1187
501 211 39 159
508 196 53 1187
513 249 29 388
516 249 27 388
521 255 3 653
531 196 43 1187
538 162 15 608
540 275 13 631
541 196 49 1187
544 211 41 159
555 255 11 653
557 249 31 388
571 162 17 608
575 249 35 388
580 249 37 388
585 196 51 1187
589 275 15 631
596 275 17 631
596 255 13 653
598 196 55 1187
599 162 23 608
602 255 15 653
623 255 9 653
628 211 43 159
632 162 19 608
643 249 33 388
647 249 39 388
649 211 45 159
651 249 41 388
657 275 19 631
663 211 47 159
668 162 21 608
670 211 52 159
673 211 49 159
678 211 55 159
679 196 58 1187
680 255 17 653
681 249 43 388
691 196 1 315
697 162 25 608
701 275 29 631
704 162 28 608
713 255 19 653
723 211 57 159
732 162 31 608
732 211 59 159
733 275 21 631
734 162 35 608
741 275 23 631
744 196 3 315
751 162 33 608
751 211 11 928
754 275 25 631
757 275 27 631
759 211 17 928
761 255 21 653
765 249 46 388
767 162 40 608
770 275 31 631
772 249 49 388
780 162 43 608
782 196 5 315
787 211 5 928
789 255 23 653
794 255 25 653
797 196 7 315
799 196 11 315
12 271 13 620
16 76 57 69
19 271 7 620
22 271 19 620
33 76 19 816
33 16 25 263
34 97 13 570
34 138 19 257
38 16 13 263
41 138 31 257
51 17 9 255
54 76 25 816
56 138 25 257
56 16 19 263
56 17 31 255
57 302 45 228
60 76 13 816
64 97 9 570
66 17 19 255
70 97 1 570
70 17 25 255
72 76 31 816
73 138 3 257
73 302 49 228
74 16 37 263
77 302 55 228
80 138 7 257
85 271 1 620
89 16 1 263
90 138 13 257
101 17 3 255
109 271 25 620
110 138 43 257
115 17 13 255
122 76 37 816
138 138 37 257
143 17 39 255
144 97 25 570
145 76 1 816
146 76 49 816
154 138 55 257
169 76 7 816
174 17 49 255
182 138 49 257
189 16 7 263
190 97 37 570
195 76 43 816
197 138 3 425
199 97 31 570
202 138 7 425
204 138 13 425
204 271 43 620
210 271 37 620
211 271 31 620
213 271 49 620
213 17 43 255
214 17 55 255
217 271 55 620
219 17 1 1062
220 97 43 570
221 97 19 570
226 97 49 570
231 16 31 263
233 17 7 1062
236 271 1 801
237 138 25 425
242 271 19 801
245 17 19 1062
246 76 55 816
247 138 37 425
249 17 25 1062
252 97 55 570
256 97 1 1084
260 97 7 1084
262 17 13 1062
272 16 43 263
274 97 13 1084
274 138 19 425
275 16 49 263
276 302 49 546
277 76 57 231
278 97 19 1084
278 17 31 1062
286 271 7 801
289 302 55 546
295 76 1 39
297 302 1 346
298 16 55 263
299 17 37 1062
301 302 7 346
303 76 7 39
310 76 13 39
314 271 25 801
316 271 13 801
321 76 21 39
331 271 31 801
332 97 31 1084
334 97 27 1084
340 138 31 425
341 97 37 1084
343 76 27 39
345 17 43 1062
348 97 43 1084
349 138 55 425
353 16 1 324
354 76 43 39
359 271 37 801
359 17 49 1062
367 138 43 425
367 271 55 801
369 97 49 1084
371 16 7 324
375 302 13 346
376 138 49 425
376 16 13 324
379 271 43 801
381 76 31 39
387 271 49 801
389 302 19 346
396 97 1 383
397 302 37 346
400 302 31 346
402 76 37 39
407 16 19 324
411 76 49 39
417 302 27 346
423 97 55 1084
424 138 1 1001
424 16 31 324
425 16 25 324
431 271 1 855
436 302 43 346
442 16 37 324
451 76 55 39
455 138 7 1001
458 271 7 855
459 76 1 206
460 271 13 855
465 17 55 1062
474 16 43 324
479 76 7 206
497 76 13 206
502 16 49 324
505 271 19 855
506 97 7 383
521 97 13 383
531 271 25 855
531 17 13 715
539 16 55 324
546 97 25 383
549 97 19 383
549 302 49 346
550 17 1 715
552 16 1 1112
555 16 19 1112
556 17 7 715
561 16 7 1112
562 302 1 699
567 302 55 346
569 271 31 855
574 16 25 1112
575 16 13 1112
584 97 31 383
590 302 7 699
590 17 19 715
610 271 55 855
614 16 31 1112
617 271 37 855
620 76 25 206
625 302 13 699
638 97 49 383
643 97 37 383
650 97 43 383
657 16 37 1112
663 17 31 715
666 97 3 775
675 17 25 715
682 302 19 699
683 16 43 1112
684 271 1 654
686 17 37 715
689 17 55 715
695 17 51 715
707 97 55 383
709 17 1 44
712 16 7 104
723 302 25 699
729 138 13 1001
730 76 43 206
738 97 7 775
738 76 19 206
744 16 49 1112
750 302 43 699
752 97 13 775
755 17 7 44
756 17 13 44
763 97 19 775
765 97 25 775
766 76 31 206
770 16 55 1112
776 302 31 699
779 97 31 775
786 97 49 775
789 97 39 775
790 138 19 1001
792 271 43 855
793 97 7 879
794 76 49 206
797 138 31 1001
799 138 37 1001
1 78 13 473
10 83 45 472
15 284 7 119
17 78 16 473
18 294 37 608
26 83 49 472
28 78 4 473
28 245 13 442
34 284 25 119
36 83 52 472
38 78 19 473
39 78 25 473
45 284 13 119
50 83 55 472
51 78 22 473
57 245 9 442
60 294 49 608
69 245 4 442
73 294 45 608
76 245 1 442
81 284 16 119
87 294 52 608
88 294 55 608
88 245 16 442
90 83 58 472
92 78 10 473
93 83 4 1155
96 83 7 1155
99 78 1 473
105 294 58 608
109 294 37 630
120 294 25 630
131 245 19 442
135 83 16 1155
136 245 22 442
140 245 31 442
152 294 28 630
155 245 28 442
156 284 22 119
159 83 10 1155
183 78 28 473
183 284 1 119
189 83 1 1155
193 83 13 1155
193 284 4 119
194 83 22 1155
198 294 31 630
218 78 37 473
219 83 27 1155
225 245 25 442
227 78 7 473
229 83 19 1155
232 78 31 473
233 83 31 1155
241 245 40 442
242 83 34 1155
248 284 19 119
256 78 34 473
269 284 28 119
276 284 10 119
279 294 34 630
281 245 34 442
282 83 37 1155
283 284 37 119
285 83 40 1155
287 284 31 119
301 78 40 473
302 294 40 630
305 294 46 630
305 83 49 1155
321 83 43 1155
322 294 43 630
323 245 43 442
331 83 46 1155
338 294 49 630
352 83 58 1155
355 294 52 630
378 78 43 473
381 245 46 442
384 294 55 630
386 294 7 1049
399 245 49 442
400 284 43 119
401 245 37 442
406 78 46 473
406 83 52 1155
414 245 52 442
416 284 34 119
418 78 49 473
420 245 55 442
422 245 58 442
425 83 55 1155
426 83 7 1168
433 245 1 621
435 245 4 621
436 294 58 630
436 78 55 473
436 83 10 1168
447 83 19 1168
450 294 1 1049
450 78 52 473
451 284 46 119
453 83 25 1168
461 294 4 1049
467 83 22 1168
472 294 13 1049
474 78 58 473
480 294 10 1049
488 245 7 621
503 83 28 1168
508 78 7 113
514 245 13 621
517 284 40 119
519 294 16 1049
529 83 31 1168
534 78 1 113
534 284 49 119
536 78 4 113
542 294 19 1049
547 245 10 621
549 78 10 113
551 83 34 1168
554 294 22 1049
560 245 16 621
565 294 31 1049
583 78 13 113
585 78 19 113
589 78 25 113
590 78 16 113
597 245 22 621
598 294 34 1049
602 284 52 119
605 78 22 113
605 245 19 621
607 245 25 621
608 284 55 119
616 83 43 1168
618 78 28 113
624 245 28 621
629 284 58 119
630 284 1 357
634 294 37 1049
639 284 7 357
640 83 37 1168
651 78 37 113
670 284 4 357
676 245 31 621
692 294 25 1049
693 294 28 1049
694 83 55 1168
696 294 43 1049
699 245 34 621
702 284 13 357
709 83 40 1168
716 78 31 113
720 83 46 1168
724 78 34 113
724 83 49 1168
734 284 16 357
735 294 40 1049
742 294 55 1049
752 245 37 621
762 245 40 621
776 83 52 1168
788 83 1 607
795 83 58 1168
798 294 46 1049
9 144 57 468
10 115 5 1108
13 67 11 29
13 261 17 833
13 115 23 1108
17 64 5 889
20 180 19 34
21 67 5 29
33 114 5 725
34 67 17 29
38 261 11 833
39 41 17 1052
42 67 23 29
43 261 1 833
44 64 11 889
48 41 23 1052
49 115 17 1108
51 41 19 1052
55 64 3 889
55 144 59 468
59 144 17 1015
60 41 1 1052
61 67 35 29
62 114 17 725
63 114 11 725
66 180 17 34
70 67 29 29
71 114 23 725
73 180 21 34
75 144 13 1015
77 180 13 34
79 114 29 725
84 180 23 34
87 67 41 29
93 64 7 889
98 144 19 969
100 41 3 1052
102 261 3 833
104 67 47 29
116 67 53 29
118 64 9 889
121 180 25 34
123 114 35 725
124 67 59 29
125 115 11 1108
126 64 13 889
131 114 41 725
134 180 15 34
138 41 5 1052
162 114 47 725
163 64 1 889
165 41 7 1052
166 41 9 1052
169 114 59 725
170 67 52 242
171 64 19 889
171 144 21 1015
174 67 59 242
185 115 35 1108
190 67 55 242
191 67 57 242
192 144 15 1015
194 180 27 34
200 115 29 1108
201 67 49 1049
201 114 53 725
203 41 11 1052
204 261 7 833
207 180 29 34
214 64 15 889
221 67 51 1049
223 261 5 833
239 144 23 1015
240 115 41 1108
242 144 27 1015
244 64 17 889
244 114 5 217
244 180 40 34
246 261 9 833
255 67 53 1049
259 115 47 1108
261 144 19 1015
265 144 25 1015
265 180 31 34
267 261 13 833
271 261 15 833
273 114 11 217
285 114 17 217
297 261 19 833
301 67 58 1049
302 67 5 478
303 261 21 833
304 64 21 889
313 114 23 217
316 261 23 833
317 261 31 833
325 261 25 833
326 41 13 1052
329 261 27 833
334 115 53 1108
335 114 35 217
339 64 23 889
341 41 15 1052
342 114 29 217
347 144 29 1015
350 144 31 1015
351 64 25 889
356 67 7 478
356 41 21 1052
357 41 25 1052
357 180 43 34
358 180 33 34
362 114 41 217
364 144 33 1015
369 144 35 1015
373 114 47 217
375 67 23 478
386 144 37 1015
388 41 27 1052
389 261 29 833
392 64 27 889
399 180 35 34
400 180 46 34
402 67 17 478
403 64 34 889
411 144 39 1015
424 41 29 1052
426 114 53 217
428 67 35 478
432 261 37 833
441 41 31 1052
448 144 41 1015
450 144 43 1015
451 41 37 1052
457 41 33 1052
462 144 45 1015
465 115 59 1108
477 261 33 833
492 144 47 1015
492 180 37 34
501 115 1 190
503 41 35 1052
507 144 53 1015
509 144 49 1015
511 114 59 217
514 41 39 1052
517 115 3 190
518 67 29 478
518 180 49 34
520 67 41 478
527 67 59 478
530 144 58 1015
534 67 47 478
544 41 43 1052
545 114 31 1055
550 261 39 833
556 115 11 190
558 41 49 1052
559 144 51 1015
562 261 35 833
562 41 45 1052
563 261 41 833
572 144 55 1015
578 114 33 1055
580 261 43 833
580 41 41 1052
581 67 53 478
583 144 1 1130
585 180 53 34
591 180 51 34
595 261 47 833
596 41 47 1052
600 180 59 34
603 41 53 1052
604 41 51 1052
604 180 55 34
606 115 5 190
608 115 7 190
609 261 45 833
617 41 55 1052
624 67 1 1146
624 115 9 190
625 115 17 190
636 115 19 190
649 67 3 1146
655 67 5 1146
655 144 3 1130
659 114 35 1055
670 67 7 1146
673 114 40 1055
675 64 29 889
675 144 9 1130
677 144 5 1130
677 180 59 1197
679 115 21 190
681 67 9 1146
681 144 7 1130
693 261 53 833
694 180 1 277
697 41 57 1052
699 180 3 277
702 64 31 889
703 115 13 190
706 41 59 1052
708 64 40 889
720 180 5 277
722 144 11 1130
726 261 49 833
727 67 11 1146
729 67 17 1146
729 144 22 1130
730 144 13 1130
731 114 43 1055
736 144 15 1130
739 144 19 1130
744 64 43 889
744 261 55 833
746 144 17 1130
747 114 37 1055
748 180 57 34
749 144 29 1130
750 261 51 833
752 144 25 1130
756 41 22 194
759 67 19 1146
760 41 19 194
767 114 45 1055
767 115 15 190
770 261 59 833
778 144 31 1130
779 180 7 277
785 67 13 1146
785 114 47 1055
791 64 37 889
794 114 53 1055
796 180 9 277
796 115 29 190
7 146 7 770
9 146 25 770
11 118 31 525
19 10 13 341
21 105 37 618
21 146 13 770
25 116 7 647
44 118 19 525
47 105 43 618
49 210 19 6
63 116 13 647
78 10 25 341
80 118 3 525
81 105 49 618
86 10 7 341
86 210 25 6
89 10 19 341
102 116 25 647
104 210 31 6
105 210 7 6
108 10 3 341
112 10 43 341
113 210 37 6
115 210 55 6
123 105 55 618
124 105 37 873
137 146 19 770
141 210 43 6
145 10 31 341
149 118 7 525
155 116 31 647
157 210 49 6
159 116 19 647
160 146 1 770
163 210 3 376
181 10 49 341
186 116 37 647
193 105 43 873
194 210 7 376
207 105 49 873
207 10 37 341
210 10 55 341
214 10 1 726
214 146 43 770
221 105 55 873
221 116 43 647
229 10 7 726
237 210 31 376
238 146 49 770
241 105 1 1007
249 146 55 770
253 10 19 726
253 210 25 376
260 118 13 525
264 210 13 376
267 210 19 376
272 210 37 376
274 10 31 726
278 116 49 647
304 116 55 647
311 10 37 726
315 118 25 525
317 210 43 376
319 146 31 770
322 10 27 726
323 10 13 726
327 105 7 1007
332 10 43 726
333 118 37 525
338 105 13 1007
344 10 49 726
348 10 55 726
358 146 1 484
361 116 13 808
362 105 19 1007
364 105 37 1007
364 118 43 525
365 146 37 770
366 210 49 376
370 10 37 979
374 210 55 376
382 105 25 1007
388 105 43 1007
401 146 7 484
406 146 13 484
409 10 31 979
409 210 1 1184
411 210 7 1184
415 210 25 1184
419 116 19 808
426 210 13 1184
430 116 25 808
442 210 19 1184
445 118 55 525
462 118 51 525
468 105 31 1007
469 10 1 1003
471 105 49 1007
484 116 49 808
485 146 19 484
486 210 31 1184
487 10 43 979
493 105 1 1149
495 105 19 1149
495 10 49 979
499 118 31 506
509 116 31 808
515 10 55 979
520 116 37 808
524 210 43 1184
525 118 37 506
526 116 45 808
532 146 25 484
539 105 13 1149
542 210 37 1184
544 116 1 890
548 10 7 1003
550 116 13 890
551 10 19 1003
551 210 49 1184
570 118 43 506
577 146 37 484
579 105 55 1007
602 105 25 1149
604 118 57 506
608 118 49 506
609 210 55 1184
613 116 7 890
616 10 13 1003
619 116 55 808
629 116 31 890
631 118 1 1018
632 10 25 1003
637 146 31 484
638 116 19 890
638 118 7 1018
640 118 13 1018
643 118 25 1018
647 10 31 1003
651 10 43 1003
652 146 43 484
657 146 49 484
662 116 37 890
664 118 19 1018
665 118 31 1018
666 105 7 1149
667 10 51 1003
670 116 9 169
671 10 37 1003
679 10 1 1057
681 116 25 890
688 105 31 1149
697 210 1 1190
698 105 37 1149
704 10 7 1057
708 116 49 890
710 118 37 1018
714 105 43 1149
718 118 43 1018
721 10 15 1057
722 105 7 38
722 118 15 236
739 116 21 169
740 10 55 1003
741 105 49 1149
745 116 43 890
751 116 57 890
752 146 55 484
753 118 49 1018
763 105 55 1149
763 10 25 1057
764 146 37 74
765 116 1 169
768 210 7 1190
783 10 19 1057
783 146 43 74
787 118 7 236
5 320 13 576
5 305 45 889
8 280 7 974
11 280 28 974
16 320 16 576
25 280 13 974
26 8 13 277
27 148 37 1198
32 34 37 132
37 320 19 576
38 34 31 132
39 320 28 576
46 74 25 132
58 305 49 889
59 148 40 1198
60 148 52 1198
63 34 28 132
65 305 55 889
69 280 10 974
75 320 3 576
83 74 34 132
85 320 7 576
87 316 13 498
88 8 19 277
92 34 40 132
94 316 16 498
95 148 43 1198
97 320 10 576
99 148 46 1198
105 74 43 132
106 34 49 132
107 316 25 498
112 34 52 132
114 316 19 498
117 74 55 132
123 34 46 132
124 320 22 576
124 316 31 498
128 8 16 277
129 34 58 132
130 148 49 1198
138 305 52 889
139 34 37 989
139 148 55 1198
139 316 22 498
144 305 58 889
147 148 58 1198
148 74 7 1172
154 305 1 1078
155 34 40 989
160 305 7 1078
162 8 22 277
169 305 4 1078
173 148 1 236
174 280 1 974
176 316 28 498
180 320 25 576
181 316 55 498
182 148 4 236
184 320 31 576
184 280 4 974
184 8 25 277
186 316 34 498
194 320 34 576
196 316 40 498
205 320 37 576
206 148 19 236
211 34 43 989
213 320 40 576
214 148 22 236
225 74 1 1172
226 280 19 974
230 34 46 989
231 74 4 1172
231 316 52 498
232 320 43 576
233 8 37 277
236 305 19 1078
240 34 49 989
242 8 31 277
245 320 46 576
245 8 28 277
250 34 52 989
250 148 25 236
251 148 28 236
254 280 34 974
255 280 16 974
260 280 22 974
262 148 31 236
264 320 55 576
266 74 10 1172
268 305 10 1078
274 74 28 1172
281 316 43 498
282 320 58 576
284 8 40 277
289 280 37 974
291 148 34 236
294 320 49 576
294 305 13 1078
296 8 34 277
306 305 22 1078
308 74 13 1172
310 280 25 974
316 316 37 498
328 320 55 702
328 280 40 974
330 34 55 989
333 320 52 576
333 280 31 974
339 8 43 277
339 148 37 236
340 8 55 277
344 320 4 943
357 74 16 1172
358 74 19 1172
358 148 43 236
362 74 37 1172
364 74 49 1172
364 280 52 974
368 34 58 989
368 305 16 1078
370 34 43 1172
371 320 1 943
372 74 25 1172
373 280 43 974
374 74 31 1172
377 316 46 498
378 8 46 277
379 280 49 974
384 34 34 1172
385 34 22 1172
386 305 31 1078
389 74 40 1172
390 148 40 236
395 320 58 702
398 148 46 236
399 320 7 943
399 8 52 277
404 34 52 1172
406 74 55 1172
409 320 13 943
410 34 46 1172
411 74 58 1172
417 148 49 236
422 74 55 239
425 320 10 943
427 8 49 277
435 74 58 239
441 320 16 943
445 34 7 1104
447 320 27 943
454 305 25 1078
455 316 49 498
457 8 58 277
460 8 55 1018
467 74 7 273
468 320 19 943
469 305 28 1078
470 148 52 236
471 316 58 498
473 8 27 653
476 316 1 79
477 34 1 1104
480 280 46 974
484 320 22 943
487 320 31 943
490 148 55 236
494 320 34 943
497 8 58 1018
501 34 4 1104
502 280 55 974
507 320 37 943
507 34 10 1104
511 280 1 55
521 316 7 79
522 148 58 236
524 34 13 1104
528 305 34 1078
533 305 37 1078
536 305 40 1078
543 74 1 273
544 148 7 407
548 316 4 79
549 74 4 273
565 305 43 1078
567 320 40 943
577 280 58 974
581 8 31 653
586 8 37 653
587 34 16 1104
594 320 43 943
595 280 7 55
596 280 4 55
597 34 25 1104
599 74 10 273
601 148 4 407
609 305 10 55
610 280 13 55
612 316 16 79
614 8 40 653
616 320 46 943
620 316 10 79
621 320 52 943
627 148 1 407
627 316 13 79
633 316 19 79
634 305 46 1078
635 34 28 1104
639 280 16 55
645 316 22 79
647 320 49 943
655 316 31 79
656 34 19 1104
657 316 25 79
659 74 19 273
659 305 49 1078
661 316 34 79
665 8 43 653
672 320 55 943
674 316 28 79
675 320 1 250
676 316 37 79
681 320 58 943
681 34 31 1104
688 8 55 653
693 148 10 407
697 74 13 273
707 8 34 653
716 34 22 1104
717 280 19 55
720 74 22 273
720 148 13 407
724 305 52 1078
726 34 34 1104
726 305 58 1078
729 34 37 1104
729 316 40 79
730 305 22 55
730 280 25 55
737 305 31 55
751 320 7 250
763 74 16 273
764 34 43 1104
766 305 55 1078
767 74 25 273
770 280 28 55
772 34 51 1104
772 305 34 55
773 316 43 79
780 305 45 55
781 280 37 55
781 316 46 79
784 316 49 79
788 8 46 653
789 316 52 79
793 8 49 653
797 305 40 55
800 74 28 273
3 31 17 83
6 256 13 705
7 37 46 538
7 206 13 240
8 266 11 263
12 308 11 397
13 246 49 538
14 225 23 882
14 246 51 538
15 85 11 177
17 308 19 397
19 37 53 538
22 206 11 240
35 310 15 735
36 31 1 83
38 37 55 538
40 256 1 705
40 37 57 538
41 31 5 83
43 266 5 263
45 225 17 882
45 85 23 177
46 266 23 263
61 31 9 83
63 310 1 735
64 256 15 705
65 266 17 263
72 308 23 397
74 266 29 263
77 310 3 735
82 37 59 538
84 310 5 735
87 85 5 177
88 85 29 177
90 206 5 240
92 266 35 263
97 266 41 263
100 256 5 705
102 266 47 263
103 225 5 882
104 206 1 240
107 37 5 1085
107 310 7 735
108 31 7 83
110 206 7 240
114 266 53 263
118 225 11 882
119 31 13 83
120 310 9 735
120 31 3 83
122 31 11 83
126 206 9 240
126 246 43 925
139 206 3 240
143 310 11 735
144 246 45 925
146 310 13 735
150 266 59 263
151 308 1 397
156 206 15 240
160 37 11 1085
165 308 3 397
166 256 7 705
166 308 5 397
168 31 15 83
171 256 3 705
171 266 5 324
172 310 17 735
174 246 47 925
176 37 17 1085
177 266 11 324
185 266 17 324
186 256 9 705
187 310 19 735
188 37 23 1085
190 308 7 397
197 246 49 925
198 206 25 240
198 31 27 83
201 31 19 83
203 266 23 324
206 256 11 705
206 206 17 240
207 246 53 925
208 256 17 705
209 256 23 705
212 310 21 735
215 256 19 705
217 31 21 83
222 256 21 705
225 37 29 1085
233 37 41 1085
236 246 51 925
240 308 9 397
244 266 29 324
245 225 35 882
245 206 23 240
247 256 25 705
252 225 29 882
257 246 55 925
265 85 41 177
273 225 41 882
273 37 35 1085
276 256 27 705
276 310 23 735
278 308 17 397
285 85 35 177
286 246 59 925
288 246 5 410
293 31 23 83
300 206 19 240
302 266 35 324
303 310 29 735
305 37 53 1085
307 31 25 83
312 37 47 1085
312 308 13 397
313 310 25 735
314 225 53 882
320 37 59 1085
322 31 31 83
324 310 27 735
326 225 47 882
329 37 41 392
336 206 21 240
337 308 15 397
342 256 31 705
343 266 41 324
344 206 27 240
345 308 21 397
346 225 59 882
356 310 34 735
357 266 47 324
358 246 57 925
359 256 29 705
359 206 31 240
360 225 1 434
362 31 29 83
366 37 37 392
366 246 11 410
368 308 25 397
370 310 41 735
371 246 17 410
372 85 17 177
375 266 59 324
375 308 27 397
376 225 3 434
378 256 35 705
378 310 37 735
383 310 31 735
384 37 7 570
384 246 29 410
389 246 23 410
390 246 31 410
393 310 39 735
395 31 33 83
397 225 5 434
398 308 29 397
399 310 43 735
400 206 29 240
401 266 53 324
407 246 41 410
409 308 35 397
411 206 41 240
414 266 1 778
414 246 47 410
418 266 3 778
418 31 35 83
426 37 17 570
427 256 33 705
427 85 47 177
431 37 5 570
438 225 7 434
439 266 5 778
440 266 7 778
442 225 9 434
444 308 31 397
444 85 53 177
445 225 11 434
451 246 53 410
452 308 33 397
453 225 13 434
457 256 37 705
457 308 39 397
460 31 40 83
462 85 59 177
465 310 45 735
465 246 28 507
466 31 37 83
469 266 9 778
469 85 5 678
471 256 39 705
471 266 11 778
473 31 47 83
475 206 33 240
476 256 41 705
476 225 15 434
478 256 45 705
478 31 49 83
480 31 51 83
481 31 43 83
482 206 35 240
482 246 59 410
484 246 41 507
488 31 45 83
491 246 35 507
492 308 41 397
493 206 43 240
493 308 49 397
494 206 37 240
501 206 45 240
501 246 47 507
503 206 47 240
507 85 1 678
510 85 3 678
511 225 17 434
518 246 53 507
521 206 39 240
523 310 47 735
529 85 7 678
530 31 53 83
533 310 49 735
535 266 17 778
535 31 55 83
538 246 59 507
542 225 22 434
545 85 10 678
546 37 23 570
547 85 13 678
547 31 57 83
549 37 29 570
551 310 53 735
554 246 5 821
556 310 51 735
560 246 11 821
562 85 15 678
568 31 59 83
572 206 49 240
573 266 19 778
574 37 35 570
574 310 55 735
578 37 41 570
579 225 25 434
579 266 22 778
581 37 47 570
586 256 43 705
588 266 13 778
590 206 51 240
592 225 19 434
598 266 29 778
602 225 29 434
604 225 27 434
604 310 29 194
608 206 53 240
609 31 5 555
611 246 13 821
616 256 49 705
619 266 15 778
625 85 19 678
626 206 55 240
626 246 1 821
627 206 59 240
634 31 11 555
636 310 58 735
645 266 25 778
645 246 3 821
651 31 17 555
653 37 53 570
653 31 23 555
655 31 29 555
659 310 25 194
662 85 17 678
663 266 35 778
669 225 37 434
669 246 7 821
673 37 59 570
676 206 7 664
682 256 47 705
685 310 27 194
686 266 31 778
686 85 21 678
687 310 31 194
690 206 57 240
692 256 51 705
692 85 23 678
695 266 27 778
695 308 37 397
698 266 41 778
709 266 37 778
716 225 34 434
725 31 35 555
728 266 47 778
738 308 43 397
741 308 45 397
742 37 5 1045
748 225 31 434
752 31 31 555
753 310 35 194
757 256 53 705
761 266 33 778
764 206 13 664
764 308 47 397
766 31 37 555
768 256 59 705
768 266 39 778
768 310 33 194
774 310 41 194
776 31 39 555
778 246 9 821
779 206 9 664
781 225 40 434
789 310 43 194
792 308 51 397
793 206 11 664
796 256 55 705
796 206 19 664
797 85 28 678
2 30 19 567
5 30 25 567
8 163 37 194
12 82 19 1076
24 121 25 622
28 30 31 567
32 163 45 194
36 82 7 1076
50 204 31 1057
51 204 37 1057
52 121 9 622
53 82 13 1076
57 82 25 1076
63 82 3 1076
68 163 49 194
81 82 31 1076
84 121 19 622
85 30 13 567
88 204 43 1057
93 163 55 194
94 163 49 946
96 82 37 1076
96 30 43 567
111 163 55 946
127 82 43 1076
130 204 55 1057
131 121 31 622
132 30 1 567
134 121 37 622
140 121 13 622
146 163 55 1123
151 30 37 567
156 163 25 105
157 163 1 105
167 163 13 105
170 204 1 1145
177 82 49 1076
183 30 55 567
186 30 55 74
188 204 49 1057
193 204 7 1145
201 30 7 567
202 163 49 1123
205 82 1 1156
209 30 49 567
223 121 1 622
227 163 31 105
229 30 31 74
229 121 49 622
232 204 13 1145
233 204 19 1145
234 82 7 1156
240 82 55 1076
246 163 19 105
267 163 7 105
268 82 13 1156
269 82 31 1156
276 121 55 622
276 30 1 347
278 82 25 1156
280 163 37 105
281 163 49 105
283 82 19 1156
288 204 25 1145
289 163 43 105
290 30 49 74
293 82 37 1156
294 204 31 1145
294 30 7 347
302 82 43 1156
306 82 49 1156
307 121 43 622
308 121 31 273
309 121 49 273
326 163 55 105
326 121 37 273
327 121 1 544
335 30 19 347
339 121 55 273
342 82 13 104
347 30 25 347
353 204 37 1145
369 30 31 347
374 121 43 273
375 204 43 1145
376 30 37 347
377 163 1 233
378 163 7 233
388 30 13 347
391 82 55 1156
400 163 13 233
407 121 9 544
432 204 1 318
452 82 19 104
453 121 15 544
461 30 43 347
462 121 19 544
464 121 25 544
469 82 31 104
470 204 13 318
481 82 39 104
483 30 49 347
486 30 55 347
488 204 55 1145
494 163 19 233
494 204 55 79
499 204 49 1145
505 82 25 104
506 204 25 318
506 30 1 393
507 163 25 233
509 30 13 393
511 204 7 318
513 82 43 104
519 121 37 544
520 30 7 393
526 204 31 318
527 30 19 393
529 121 43 544
530 204 1 574
533 82 51 104
538 163 31 233
538 121 49 544
543 121 55 544
554 163 39 233
564 204 37 318
567 163 43 233
573 163 49 233
577 121 19 931
582 204 19 318
583 121 31 544
587 204 55 318
590 204 25 574
593 163 55 233
606 121 13 931
611 30 25 393
613 82 1 679
619 163 31 252
632 82 55 104
636 30 31 393
637 204 43 318
641 121 31 931
649 163 19 252
659 163 27 252
661 30 43 393
673 121 43 931
677 82 7 679
678 204 49 318
680 204 13 574
690 204 37 574
694 163 3 84
695 82 13 679
702 82 25 679
702 30 37 393
707 82 19 679
726 204 19 574
734 163 37 252
734 204 43 574
738 204 31 574
744 30 7 673
748 163 43 252
773 82 49 679
781 121 25 931
784 163 57 252
788 121 37 931
790 204 49 574
1 11 16 902
6 106 15 437
7 11 19 902
7 150 22 541
22 157 13 76
24 134 16 302
25 172 16 549
28 11 25 902
29 11 7 902
30 134 1 302
30 172 10 549
36 157 19 76
37 172 22 549
41 134 28 302
43 172 25 549
43 157 28 76
47 172 19 549
66 11 10 902
68 150 19 541
86 150 37 541
91 134 7 302
93 11 13 902
97 150 25 541
100 134 13 302
102 172 7 549
109 150 40 541
111 11 1 902
114 172 1 549
117 172 13 549
128 172 28 549
130 106 1 437
136 134 4 302
159 134 25 302
161 134 37 302
162 150 28 541
171 150 31 541
172 11 4 902
175 106 4 437
178 11 28 902
180 106 7 437
194 157 1 76
202 11 22 902
213 11 31 902
214 106 10 437
216 134 31 302
217 106 25 437
219 11 43 902
220 157 4 76
221 157 16 76
224 172 4 549
226 150 34 541
228 157 9 76
242 134 40 302
248 172 31 549
251 11 34 902
253 172 34 549
254 134 10 302
256 106 19 437
256 172 37 549
261 150 43 541
263 172 46 549
272 150 49 541
272 157 22 76
275 134 19 302
280 134 22 302
281 157 31 76
282 172 40 549
291 157 25 76
293 106 28 437
295 172 43 549
298 157 34 76
306 157 37 76
309 150 55 541
310 106 37 437
315 157 40 76
317 150 52 541
326 172 49 549
328 106 22 437
329 134 34 302
330 172 58 549
336 134 46 302
339 150 46 541
341 106 31 437
345 106 34 437
350 157 43 76
353 11 46 902
355 11 37 902
355 157 46 76
360 150 49 55
363 106 40 437
365 11 49 902
372 150 58 541
373 172 52 549
373 157 49 76
383 172 55 549
391 172 1 767
392 157 52 76
401 172 4 767
403 134 43 302
404 172 7 767
405 172 10 767
408 157 1 143
410 134 52 302
422 157 7 143
435 106 43 437
443 150 55 55
447 11 40 902
449 150 52 55
452 150 1 71
459 134 13 450
463 134 49 302
463 150 58 55
466 157 55 76
475 172 19 767
477 11 52 902
480 134 55 302
481 157 58 76
489 134 58 302
493 134 7 450
493 150 10 71
497 106 46 437
499 106 55 437
506 150 13 71
525 172 16 767
532 134 1 450
535 11 57 902
537 134 4 450
543 134 10 450
546 172 13 767
550 106 49 437
552 106 52 437
553 134 16 450
565 11 40 211
578 11 37 211
582 134 31 450
584 106 58 437
610 11 22 224
611 150 16 71
613 157 13 143
617 150 7 71
618 150 4 71
626 157 4 143
628 157 10 143
639 172 22 767
645 106 51 388
648 172 25 767
656 172 28 767
662 157 19 143
666 150 19 71
668 150 25 71
673 11 51 211
675 172 33 767
691 106 40 699
693 134 19 450
693 106 55 388
698 134 22 450
700 134 25 450
703 106 37 699
703 11 25 224
713 157 16 143
718 11 28 224
722 106 4 455
728 172 49 767
738 172 37 767
741 172 40 767
753 157 22 143
755 157 25 143
756 11 55 211
760 134 34 450
762 11 58 211
770 150 22 71
775 157 28 143
776 11 43 224
781 134 43 450
785 134 28 450
790 11 31 224
790 157 34 143
794 11 46 224
1 86 11 766
5 190 11 209
10 117 19 949
16 69 21 949
18 190 17 209
23 190 5 209
27 69 23 949
29 190 23 209
37 69 25 949
43 69 31 949
44 278 43 434
45 192 19 523
48 278 45 434
51 117 27 949
55 69 29 949
55 278 47 434
59 147 25 513
60 86 5 766
63 117 33 949
66 300 23 201
67 69 35 949
77 190 29 209
78 192 7 523
79 192 1 523
85 300 5 201
89 192 5 523
92 117 37 949
93 300 11 201
93 147 9 513
97 291 5 816
98 147 11 513
102 291 11 816
107 291 17 816
122 69 41 949
125 147 1 513
126 300 17 201
132 86 7 766
134 192 13 523
134 86 1 766
135 86 22 766
136 291 29 816
136 300 35 201
140 69 39 949
142 86 3 766
142 190 35 209
145 117 43 949
146 86 19 766
149 117 45 949
150 86 25 766
155 190 47 209
157 147 5 513
158 278 53 434
164 300 29 201
166 86 13 766
169 117 47 949
171 117 49 949
176 190 41 209
179 278 49 434
184 192 9 523
185 86 9 766
186 69 52 949
187 69 55 949
188 117 57 949
188 86 15 766
190 291 23 816
192 117 59 949
193 69 1 461
193 86 29 766
219 117 41 67
221 300 41 201
222 69 3 461
224 147 7 513
226 291 41 816
227 291 35 816
227 117 47 67
229 291 53 816
229 117 55 67
235 86 17 766
236 147 13 513
245 192 3 523
248 69 5 461
258 278 55 434
266 278 51 434
268 117 28 67
268 86 31 766
269 300 53 201
272 117 52 67
275 117 43 67
275 86 27 766
283 192 11 523
288 86 33 766
291 86 37 766
294 86 35 766
299 278 5 1005
300 86 43 766
303 291 47 816
304 278 59 434
312 291 59 816
313 190 59 209
314 147 3 513
315 291 1 1153
316 300 47 201
317 291 3 1153
320 300 5 663
321 278 57 434
324 192 15 523
332 69 9 461
334 291 5 1153
338 190 53 209
339 117 49 67
349 190 5 848
350 69 7 461
352 278 11 1005
355 86 40 766
356 192 23 523
356 300 59 201
358 192 17 523
358 86 46 766
360 86 52 766
367 192 21 523
369 86 55 766
374 278 17 1005
377 190 7 848
382 147 15 513
394 300 11 663
402 117 57 67
405 291 7 1153
406 69 11 461
408 86 59 766
413 192 25 523
420 278 23 1005
430 117 59 67
432 291 9 1153
433 190 17 848
435 69 13 461
437 117 1 139
441 69 19 461
441 117 3 139
445 147 17 513
446 291 11 1153
454 69 17 461
456 192 29 523
457 278 29 1005
458 147 19 513
460 147 23 513
461 117 7 139
464 300 17 663
473 190 23 848
482 278 41 1005
499 192 35 523
500 300 23 663
502 192 27 523
510 86 57 766
510 190 29 848
517 291 16 1153
520 117 5 139
521 69 21 461
523 117 45 67
525 117 19 139
527 278 35 1005
530 192 31 523
532 117 9 139
533 300 35 663
534 291 13 1153
537 291 19 1153
537 190 35 848
540 192 33 523
540 117 11 139
541 86 5 254
543 117 13 139
546 117 16 139
547 300 29 663
548 291 21 1153
548 147 27 513
550 192 37 523
551 117 23 139
552 278 47 1005
553 300 41 663
554 291 25 1153
559 86 49 766
564 147 29 513
568 117 21 139
576 278 53 1005
578 192 43 523
583 190 41 848
586 69 23 461
592 86 7 254
594 278 59 1005
597 69 15 461
598 291 23 1153
598 147 21 513
601 117 35 139
603 190 47 848
606 117 25 139
609 192 39 523
609 291 27 1153
612 86 11 254
615 69 25 461
616 300 53 663
618 278 1 1109
619 192 41 523
624 86 13 254
626 192 45 523
629 278 3 1109
630 190 53 848
632 69 29 461
632 117 31 139
635 117 37 139
636 86 17 254
641 278 5 1109
642 192 47 523
642 278 7 1109
646 69 27 461
648 69 35 461
650 278 9 1109
653 291 31 1153
657 69 31 461
660 117 27 139
662 147 31 513
662 86 9 254
668 86 15 254
669 147 39 513
673 291 29 1153
682 192 49 523
690 190 59 848
692 69 33 461
697 192 53 523
698 291 34 1153
700 86 22 254
705 69 41 461
706 192 51 523
706 69 37 461
708 192 55 523
713 278 11 1109
719 86 19 254
723 278 16 1109
726 86 25 254
731 190 5 1091
732 192 57 523
737 291 41 1153
738 190 11 1091
740 192 59 523
740 278 13 1109
741 69 43 461
744 278 19 1109
745 117 29 139
747 278 23 1109
748 192 5 557
748 300 47 663
754 278 27 1109
755 278 21 1109
759 86 27 254
762 69 49 461
763 192 11 557
764 278 25 1109
765 69 39 461
766 278 29 1109
768 192 17 557
778 86 29 254
780 69 51 461
785 278 35 1109
786 278 31 1109
787 192 23 557
787 69 53 461
788 300 59 663
795 278 33 1109
799 278 41 1109
1 247 19 305
6 178 37 224
10 177 37 1153
14 103 13 823
15 178 49 224
18 177 43 1153
21 88 33 513
22 236 25 164
26 103 19 823
30 247 31 305
42 236 19 164
42 53 25 1154
49 178 55 224
50 88 43 513
52 103 25 823
52 178 49 855
52 88 55 513
59 177 49 1153
60 247 25 305
65 178 1 714
66 247 37 305
77 178 15 714
79 103 31 823
80 236 13 164
81 103 37 823
82 53 7 1154
90 177 27 92
92 88 49 513
93 53 19 1154
99 53 31 1154
101 178 19 714
109 103 1 823
110 236 9 164
111 177 31 92
114 178 25 714
117 103 9 823
117 53 1 1154
118 88 49 252
119 103 43 823
120 236 37 164
121 103 49 823
121 53 43 1154
122 88 25 133
127 247 9 305
128 236 31 164
130 247 13 305
132 88 9 133
133 88 1 133
139 103 7 348
144 177 37 92
145 177 45 92
147 178 7 714
149 103 55 823
151 178 31 714
153 247 1 305
154 236 43 164
165 178 37 714
169 103 19 348
171 177 55 1153
172 88 37 133
173 178 49 714
186 247 43 305
187 247 49 305
189 178 43 714
191 103 13 348
197 236 51 164
198 178 55 714
200 236 1 164
202 53 13 1154
205 236 7 783
206 177 49 92
207 103 1 348
212 103 43 348
213 53 55 1154
215 247 3 604
215 177 7 469
220 53 37 1154
221 103 25 348
224 103 37 348
230 103 31 348
230 247 55 305
231 178 7 61
236 236 55 164
237 53 49 1154
243 177 1 469
246 103 49 348
252 177 13 469
261 177 55 92
262 236 19 783
265 247 7 604
267 247 15 604
269 88 49 133
271 236 31 783
279 177 19 469
287 178 13 61
288 236 1 783
292 247 25 604
297 103 55 348
304 247 37 604
310 88 55 133
316 177 27 469
318 88 13 133
319 53 43 202
320 236 43 783
327 103 13 880
331 178 1 61
332 103 49 481
334 53 31 202
340 177 1 692
340 53 7 909
353 247 31 604
356 236 25 783
356 247 43 604
357 236 55 783
361 53 25 202
364 177 55 469
366 247 55 604
367 53 37 202
370 247 49 604
371 53 49 202
383 53 13 909
384 103 9 880
397 53 19 909
398 103 55 481
403 88 19 133
406 236 39 783
408 247 13 90
410 177 31 469
410 247 19 604
412 236 49 783
413 247 37 90
416 178 49 61
420 178 19 61
427 178 25 61
429 178 31 61
429 88 43 133
431 247 7 90
432 103 39 880
434 88 31 133
434 236 13 783
439 103 1 880
448 178 37 61
457 236 43 71
459 53 25 909
459 247 19 90
463 103 19 880
466 247 25 90
467 103 33 880
468 178 43 61
469 236 37 71
474 178 1 832
479 53 55 202
488 103 25 880
491 236 31 71
505 177 37 469
505 178 13 832
507 247 3 90
510 178 19 832
517 103 49 880
518 247 43 90
520 53 31 909
522 53 1 909
522 247 31 90
528 236 51 71
529 103 55 880
531 236 55 71
531 247 19 530
543 103 15 530
550 177 43 469
556 88 31 554
557 53 43 909
558 88 1 554
561 103 45 880
561 178 55 61
566 247 49 90
568 178 31 832
569 236 1 150
570 103 1 530
572 177 51 469
573 53 37 909
581 178 7 832
583 177 19 692
584 236 19 150
584 88 43 554
588 178 25 832
588 88 7 554
589 177 7 692
590 247 55 90
593 177 25 692
594 103 7 530
607 177 31 692
615 88 19 554
622 177 13 692
631 247 25 530
636 247 37 530
638 236 13 150
638 178 55 832
640 236 7 150
644 177 37 692
652 247 49 530
654 178 37 832
659 247 43 530
663 177 49 692
663 53 55 909
666 177 43 692
668 247 31 530
669 53 49 909
671 178 43 832
671 88 25 554
679 177 7 218
683 236 37 150
686 236 33 150
687 236 25 150
687 88 13 554
696 53 1 45
705 88 55 554
708 247 57 530
709 103 7 363
710 103 13 363
713 103 1 363
719 88 37 554
721 103 19 363
729 88 49 554
733 236 43 150
735 178 1 230
737 103 43 363
744 247 13 771
748 236 49 150
753 247 7 771
757 236 55 150
761 247 1 771
766 178 49 832
770 103 33 363
770 53 7 45
774 103 25 363
777 178 13 230
781 177 55 692
787 247 25 771
790 178 25 230
791 247 19 771
795 88 1 613
800 247 37 771
1 12 25 485
1 13 28 707
3 158 33 631
4 265 55 397
17 158 37 631
18 317 7 196
22 317 16 196
32 265 58 397
36 12 22 485
37 12 28 485
44 197 25 145
47 13 9 707
53 158 43 631
56 317 4 196
58 158 40 631
61 317 13 196
61 158 46 631
63 12 7 485
65 317 19 196
69 197 13 145
70 265 37 1109
81 13 13 707
87 309 49 631
105 12 13 485
106 12 3 485
108 309 52 631
110 12 19 485
116 158 55 631
117 309 58 631
123 265 43 1109
125 12 16 485
129 317 25 196
136 12 31 485
138 158 1 887
140 197 7 145
147 13 1 707
148 12 34 485
151 12 43 485
151 309 46 1109
152 197 1 145
152 317 10 196
162 197 4 145
166 197 19 145
168 197 10 145
182 12 10 485
182 309 55 1109
191 12 37 485
191 158 19 887
192 158 4 887
194 158 31 887
208 12 46 485
216 309 52 1109
216 317 1 196
230 265 49 1109
233 197 16 145
239 12 40 485
239 158 13 887
240 197 22 145
246 158 16 887
250 13 4 707
252 12 31 319
260 265 58 1109
264 12 58 485
267 12 49 485
272 197 31 145
277 197 34 145
277 317 31 196
280 13 16 707
281 158 10 887
287 309 25 407
303 317 34 196
304 309 16 407
311 12 52 485
317 309 19 407
318 265 40 33
321 12 37 319
325 317 22 196
326 265 52 33
329 309 31 407
333 158 22 887
335 197 40 145
337 317 28 196
339 317 40 196
342 13 19 707
343 197 37 145
343 309 22 407
344 309 34 407
348 317 37 196
350 158 25 887
351 158 28 887
358 197 28 145
364 12 7 331
369 265 57 33
385 12 55 485
386 197 43 145
389 12 34 319
389 317 49 196
390 13 33 707
395 12 49 319
406 197 49 145
411 12 43 319
419 265 1 165
424 309 55 407
426 317 55 196
428 13 25 707
431 158 34 887
433 265 49 33
434 317 43 196
437 13 22 707
440 317 46 196
442 13 46 707
443 13 37 707
449 12 58 319
454 13 40 707
454 158 7 887
456 317 52 196
457 265 4 165
468 13 49 707
469 265 13 165
470 317 1 421
474 158 37 887
475 12 46 319
477 309 28 407
486 13 52 707
487 309 49 407
489 197 46 145
490 12 28 71
494 197 52 145
501 13 58 707
505 317 58 196
509 158 40 887
521 13 25 879
523 12 40 319
525 197 7 881
528 158 43 887
532 158 46 887
533 158 55 887
536 265 46 33
537 12 52 319
539 12 19 331
541 309 37 407
542 317 7 421
545 309 40 407
548 265 16 165
549 265 7 165
553 12 10 331
557 309 52 407
557 158 49 887
562 12 25 331
563 12 55 319
568 317 10 421
569 265 10 165
573 317 21 421
580 197 1 881
580 13 4 879
585 158 58 887
588 317 4 421
590 158 1 466
597 265 34 165
607 197 55 145
608 317 13 421
614 197 58 145
614 309 43 407
616 197 4 881
616 158 7 466
623 158 52 887
628 12 13 331
632 158 4 466
634 158 13 466
643 317 16 421
652 309 58 407
654 265 22 165
665 13 55 707
685 309 7 921
687 265 19 165
689 317 25 421
694 265 25 165
705 317 46 421
706 309 46 407
707 265 31 165
715 265 28 165
716 158 16 466
725 265 43 165
727 317 28 421
730 12 16 331
732 317 37 421
735 265 37 165
739 158 10 466
740 197 10 881
742 197 13 881
751 265 40 165
752 317 40 421
754 265 49 165
764 158 19 466
767 309 4 921
774 197 16 881
777 12 22 331
784 158 22 466
788 13 43 707
793 12 28 331
795 12 43 331
796 13 1 879
798 12 37 331
798 158 25 466
6 199 31 143
13 208 29 506
22 208 23 506
23 199 17 1168
24 208 35 506
28 251 43 778
43 251 45 778
47 199 5 1168
51 199 41 143
71 279 5 1182
74 199 43 143
77 251 49 778
96 251 51 778
98 279 17 1182
117 208 41 506
122 199 45 143
125 208 5 506
126 199 37 143
128 279 11 1182
137 199 39 143
148 279 23 1182
152 251 53 778
159 279 29 1182
160 199 47 143
174 279 35 1182
175 208 11 506
178 279 41 1182
181 251 58 778
197 251 55 778
200 199 49 143
201 199 51 143
201 251 5 815
210 199 53 143
212 199 55 143
215 251 11 815
216 279 47 1182
235 199 57 143
237 208 17 506
238 279 53 1182
244 279 59 1182
254 251 13 815
260 199 5 931
260 208 53 506
261 208 47 506
269 208 55 506
272 199 59 143
273 199 17 931
290 208 1 62
308 208 3 62
311 251 17 815
314 251 22 815
317 208 5 62
319 208 7 62
320 251 19 815
330 208 9 62
341 199 11 931
344 208 11 62
352 208 13 62
354 251 25 815
362 279 5 648
382 199 23 931
388 251 29 815
405 208 15 62
413 208 23 62
415 199 29 931
424 208 17 62
426 279 11 648
428 199 47 931
429 208 19 62
433 251 27 815
440 251 15 815
455 251 31 815
456 251 33 815
461 279 17 648
467 199 41 931
479 251 35 815
480 279 23 648
480 251 37 815
488 199 35 931
491 208 21 62
497 279 29 648
504 279 35 648
506 199 49 931
510 279 41 648
515 251 39 815
516 279 53 648
520 208 25 62
526 279 5 304
538 199 53 931
543 279 47 648
549 199 57 931
552 208 27 62
569 251 41 815
577 279 11 304
579 251 43 815
586 208 29 62
599 251 45 815
610 208 31 62
613 279 59 648
616 208 33 62
629 199 51 931
630 199 59 931
637 279 17 304
646 279 23 304
652 279 29 304
660 199 55 931
670 251 47 815
677 208 35 62
677 279 41 304
693 208 37 62
697 251 49 815
702 199 1 1083
708 251 53 815
715 279 43 304
719 251 59 815
720 251 51 815
725 208 46 62
736 199 3 1083
737 279 35 304
739 199 7 1083
742 208 39 62
745 279 53 304
756 199 5 1083
757 208 41 62
769 251 55 815
772 279 59 304
782 251 57 815
791 279 5 580
3 276 25 259
5 311 39 1096
7 182 15 511
10 290 15 664
11 311 43 1096
15 277 13 411
17 277 21 411
18 290 21 664
21 311 49 1096
25 277 31 411
26 156 25 651
29 311 55 1096
32 311 49 999
35 276 19 259
37 277 37 411
37 182 31 511
40 276 31 259
40 182 19 511
63 290 37 664
64 277 25 411
66 290 25 664
74 276 13 259
75 182 25 511
78 156 31 651
82 156 13 651
85 156 43 651
89 156 7 651
94 277 43 411
95 277 7 411
97 156 1 651
101 277 49 411
104 277 3 411
108 156 37 651
115 277 1 980
116 290 31 664
116 182 37 511
116 311 13 371
118 156 19 651
119 156 49 651
121 182 7 511
121 311 55 999
132 156 19 959
135 156 31 959
140 276 43 259
153 311 7 371
158 311 1 371
161 156 55 651
167 311 19 371
168 276 37 259
170 276 7 259
170 311 31 371
171 182 43 511
176 182 49 511
177 277 55 411
194 277 37 980
195 156 1 959
196 182 1 511
199 311 37 371
209 276 1 259
210 277 7 980
210 156 13 959
211 277 19 980
215 156 37 959
217 290 43 664
224 182 55 511
238 182 55 1130
241 276 49 259
243 311 43 371
245 277 49 980
251 311 49 371
254 276 55 259
262 182 43 1130
263 311 25 371
264 290 1 701
266 311 55 371
267 277 25 980
270 311 1 659
283 290 49 664
287 182 49 1130
293 276 19 44
296 311 7 659
299 182 33 1130
300 277 13 980
304 290 7 701
312 276 33 44
319 182 19 1190
322 156 7 959
323 311 19 659
326 311 15 659
332 276 37 44
337 290 37 701
337 182 43 1190
341 182 25 1190
342 290 25 701
342 277 43 980
344 290 55 664
347 276 55 44
348 277 33 980
353 277 55 980
360 277 25 1001
365 182 13 1190
371 276 25 44
378 311 25 659
382 311 31 659
392 290 13 701
396 290 19 701
396 156 43 959
403 311 39 659
405 311 43 659
409 276 43 44
420 277 43 1001
422 182 37 1130
429 182 55 1190
437 276 31 421
439 290 33 701
444 290 49 701
450 311 55 659
451 311 49 659
454 277 49 1001
455 290 43 701
455 182 33 1190
456 276 13 879
470 311 37 757
472 277 55 1001
477 182 37 1190
478 156 25 959
482 277 7 1019
483 156 55 959
487 277 1 1019
506 182 51 1190
509 290 55 701
514 311 19 757
515 290 1 58
517 182 7 375
522 156 49 959
522 277 25 1019
528 290 7 58
530 182 13 375
538 276 55 421
541 290 19 58
546 182 1 375
548 276 49 44
551 276 37 879
552 277 13 1019
557 156 1 1128
561 311 1 757
572 156 7 1128
573 277 43 1019
578 311 13 757
583 156 25 1128
586 311 7 757
587 277 19 1019
595 277 31 1019
601 277 37 1019
601 276 49 421
603 276 31 879
606 277 49 1019
607 182 19 375
607 311 43 757
625 276 21 879
627 311 25 757
629 290 37 58
632 277 7 1131
645 182 27 375
646 182 31 375
650 290 13 58
657 156 13 1128
660 290 31 58
660 182 37 375
667 277 1 1131
669 290 25 58
672 182 7 596
675 311 49 757
678 276 43 879
678 182 1 596
678 156 19 1128
683 182 55 375
687 290 43 58
693 276 1 296
696 277 19 1131
701 277 57 1019
707 276 49 879
709 290 49 58
711 277 25 1131
716 276 55 879
724 277 13 1131
726 290 1 489
731 290 55 58
733 277 31 1131
736 290 7 489
738 182 45 375
743 277 37 1131
746 311 31 757
750 156 55 1128
755 290 37 489
758 276 19 296
761 290 25 489
761 182 43 596
768 277 43 1131
768 182 49 375
774 276 7 296
784 182 13 596
784 156 31 1128
786 311 55 757
798 276 13 296
800 311 49 798
6 299 19 188
7 51 25 678
12 27 25 95
16 299 13 188
19 213 25 190
24 27 31 95
30 213 37 190
31 51 46 229
35 51 40 494
48 27 16 95
54 213 31 190
55 213 34 190
60 27 19 95
64 51 31 678
67 213 43 190
71 51 34 678
72 27 28 95
89 27 34 95
100 51 37 678
106 213 52 190
111 72 13 414
114 213 40 190
120 213 46 190
122 51 49 678
128 72 37 414
136 51 40 678
141 51 52 678
150 27 4 95
152 51 43 678
154 51 4 93
158 72 19 414
183 299 22 188
184 27 1 95
188 299 25 188
192 213 49 190
194 27 43 95
208 27 7 95
211 51 55 678
213 27 13 95
216 213 55 190
218 299 40 188
226 299 31 188
233 299 43 188
234 27 22 95
236 27 37 95
252 27 40 95
257 72 25 414
258 299 34 188
267 299 46 188
283 27 55 95
287 299 28 188
293 27 10 95
295 51 46 678
296 27 46 95
298 27 49 95
306 51 7 93
307 299 37 188
309 299 58 188
311 299 49 188
315 72 16 414
316 299 52 188
323 51 58 678
334 213 58 190
336 27 52 95
346 299 19 881
349 72 22 414
354 51 1 93
361 213 46 165
372 299 55 188
380 299 31 881
387 72 43 414
397 72 46 414
404 51 10 93
408 72 28 414
409 27 16 93
424 299 22 881
425 51 19 93
427 299 43 881
427 51 13 93
431 72 31 414
438 27 58 95
439 51 25 93
467 299 37 881
468 51 22 93
475 213 22 74
479 27 37 93
483 27 28 93
486 72 40 414
487 72 34 414
506 213 55 165
509 27 43 93
511 72 52 414
519 27 31 93
520 299 27 881
528 72 55 414
528 299 40 881
535 27 34 93
542 299 34 881
545 27 55 93
551 51 46 93
552 72 58 414
562 299 49 881
563 51 49 93
564 51 52 93
566 72 1 167
574 27 58 93
583 72 52 886
590 299 4 1120
594 299 46 881
598 72 49 414
603 51 40 93
606 72 7 167
607 27 58 489
609 213 1 326
613 72 16 167
614 213 52 165
618 72 10 167
620 299 52 881
622 299 55 881
623 72 13 167
625 72 4 167
637 72 19 167
645 72 31 167
649 213 28 74
664 213 58 165
666 213 22 326
686 72 28 167
692 213 4 326
704 51 43 621
706 213 7 326
707 299 1 1120
709 27 13 489
712 299 13 1120
714 27 16 489
720 51 55 621
721 72 25 167
721 27 31 489
723 51 51 621
731 299 7 1120
749 27 34 489
756 51 46 621
757 213 10 326
758 299 58 881
771 27 19 489
771 51 58 621
774 213 13 326
776 51 1 121
776 27 46 489
777 27 43 489
788 27 22 489
2 145 11 1006
4 152 19 420
8 289 17 584
11 130 11 866
12 108 23 22
13 108 35 22
15 130 17 866
23 289 53 397
23 145 23 1006
25 130 23 866
32 130 29 866
34 130 35 866
35 145 17 1006
38 152 17 420
39 152 23 420
44 125 5 836
45 152 21 420
58 108 29 22
62 108 13 22
62 145 29 1006
65 152 13 420
68 145 35 1006
70 130 5 866
71 152 9 420
72 289 35 584
73 125 11 836
76 145 5 1006
82 125 17 836
83 108 11 22
84 228 25 357
89 145 41 1006
91 289 11 584
91 228 19 357
96 152 11 420
106 130 11 414
108 289 29 584
111 228 11 357
116 152 1 420
124 130 5 414
126 289 5 584
133 289 41 584
136 152 7 420
139 125 29 836
154 130 47 461
158 228 29 357
164 145 47 1006
170 228 22 357
177 145 53 1006
182 289 23 584
193 130 55 461
199 130 45 461
200 228 27 357
201 289 47 584
204 125 23 836
205 228 31 357
214 125 35 836
217 152 28 420
220 145 59 1006
222 130 57 461
231 125 41 836
232 108 5 22
240 152 3 420
247 289 53 584
253 130 59 461
259 125 53 836
261 130 59 546
266 145 5 98
275 145 11 98
277 152 5 420
280 289 59 584
290 130 46 546
292 145 17 98
301 145 23 98
306 152 25 420
307 108 41 22
310 289 5 770
311 108 47 22
313 289 11 770
315 228 35 357
316 108 59 22
325 145 29 98
337 289 17 770
337 152 41 420
343 125 47 836
349 152 31 420
355 125 59 836
363 145 35 98
363 125 11 503
366 108 53 22
367 108 5 314
367 145 41 98
368 145 47 98
370 145 53 98
379 289 23 770
394 289 29 770
394 152 15 420
400 108 11 314
404 145 59 98
412 125 5 503
416 145 5 702
416 125 17 503
417 228 33 357
420 125 29 503
423 130 53 546
423 228 37 357
429 152 35 420
436 125 23 503
438 228 39 357
446 125 35 503
461 228 41 357
462 130 5 164
464 145 11 702
465 130 7 164
466 145 17 702
471 228 43 357
474 130 17 164
474 108 23 314
478 108 17 314
482 228 45 357
486 228 49 357
490 152 37 420
496 228 51 357
496 108 29 314
496 152 33 420
505 289 35 770
512 125 41 503
513 145 23 702
517 130 23 164
517 125 47 503
525 108 35 314
533 130 41 164
536 108 59 314
542 228 47 357
544 152 39 420
553 152 43 420
562 228 53 357
564 145 35 702
565 228 58 357
566 130 35 164
575 228 55 357
576 145 41 702
579 130 29 164
582 289 41 770
591 289 47 770
593 108 47 314
606 130 47 164
618 152 45 420
620 145 29 702
621 125 59 503
622 289 53 770
623 228 59 286
628 125 53 503
633 152 47 420
634 108 41 314
639 228 52 286
640 228 55 286
646 108 53 314
648 130 49 164
649 289 59 770
658 228 57 286
662 130 59 164
669 108 55 1055
671 289 5 319
679 145 53 702
681 130 11 236
689 108 59 1055
690 289 11 319
695 125 5 760
699 108 40 254
699 125 11 760
705 108 35 254
710 125 17 760
715 130 13 236
715 108 49 1055
743 228 5 1003
754 125 23 760
759 145 47 702
763 152 49 420
764 130 7 442
773 228 53 481
773 145 5 336
775 289 23 319
779 228 53 653
782 289 17 319
783 130 23 518
788 108 51 1055
794 125 29 760
799 289 29 319
800 228 59 481
1 113 49 555
2 35 25 790
9 113 43 555
10 248 21 821
16 35 31 790
18 119 49 62
28 248 37 821
29 119 13 921
38 89 37 450
39 89 49 450
40 89 25 1080
46 113 55 555
47 35 37 790
49 248 31 821
52 281 13 75
53 119 55 62
54 119 19 921
63 281 19 75
68 113 25 772
73 281 25 75
75 113 15 772
76 113 37 772
82 248 49 821
83 89 55 450
84 113 31 772
85 248 55 821
89 119 25 921
90 119 31 921
90 89 9 1080
91 113 21 772
99 119 49 921
102 89 31 1080
104 281 43 75
104 89 13 1080
111 113 43 772
116 35 19 790
119 119 37 921
134 113 49 772
135 35 43 790
140 113 55 772
145 35 49 790
147 35 13 790
149 113 25 232
160 113 37 232
164 119 43 921
169 35 55 790
173 248 15 821
177 281 1 75
179 248 43 821
182 248 25 821
187 113 1 232
211 35 7 790
215 89 43 1080
221 113 31 232
227 35 1 790
230 113 13 232
232 35 25 996
246 119 1 1071
248 281 37 75
249 248 49 760
256 281 7 75
260 281 31 75
266 113 19 232
270 119 55 921
270 248 7 462
273 113 7 232
280 281 49 75
285 281 57 75
288 89 19 1080
291 89 39 1080
297 113 43 232
301 119 13 1071
305 89 7 548
306 113 27 857
307 248 13 462
314 119 7 1071
324 35 37 996
324 89 7 765
339 281 7 1036
342 119 37 1071
345 248 27 462
355 119 19 1071
356 248 37 462
366 113 1 857
376 35 19 996
377 248 21 462
380 113 7 857
385 35 43 996
388 35 49 996
388 119 55 1071
398 248 1 462
403 113 49 232
408 35 31 996
410 119 27 1071
420 35 7 316
430 248 31 462
434 113 19 857
438 35 1 316
441 119 33 1071
444 113 55 232
444 248 1 741
448 119 43 1071
448 89 1 1080
466 281 13 1036
468 89 55 1080
472 281 19 1036
474 89 49 1080
485 89 43 548
486 119 1 333
486 89 13 548
507 248 45 462
508 119 13 333
509 281 25 1036
516 281 49 1036
517 248 19 741
520 248 49 462
524 248 55 462
539 119 49 1071
539 89 25 548
543 281 37 1036
544 89 19 548
545 281 33 1036
548 35 55 996
548 89 39 548
559 248 7 741
566 113 31 857
572 113 37 857
575 35 19 316
581 89 1 548
584 89 49 548
585 89 31 548
595 248 13 741
596 281 43 1036
605 35 13 316
606 248 27 741
609 119 19 333
610 119 7 333
624 35 31 316
627 35 43 316
627 248 31 741
630 119 37 333
631 281 31 1146
632 119 33 333
634 35 49 316
646 89 55 548
647 119 43 333
656 248 37 741
658 89 1 765
658 35 25 316
659 35 37 316
661 119 55 333
661 89 13 765
664 89 25 765
668 89 37 765
671 113 49 857
673 119 1 1030
680 89 19 765
688 113 19 378
695 248 55 741
701 119 49 333
701 281 43 1146
704 281 21 1146
706 113 1 378
711 35 55 316
712 35 1 763
713 248 7 1004
714 89 31 765
719 119 7 1030
724 89 55 765
725 35 7 763
726 119 27 333
727 89 43 765
731 248 45 741
735 35 13 763
736 281 57 1036
744 113 45 857
748 281 25 1146
750 281 1 386
754 89 31 771
755 35 49 763
762 281 51 1146
763 35 31 763
780 89 55 771
785 113 7 378
792 35 19 763
793 248 13 1004
795 35 25 763
796 248 49 741
797 113 55 857
797 89 49 765
2 209 31 674
3 239 49 393
5 165 49 699
8 99 13 20
9 20 31 962
19 111 43 715
21 111 46 715
23 99 10 20
34 239 52 393
37 99 43 20
42 194 31 123
47 307 22 542
48 99 31 20
49 209 7 674
52 99 19 20
53 165 52 699
56 194 16 123
65 20 46 450
68 209 1 674
72 111 43 767
75 239 31 218
78 99 37 20
80 209 25 674
83 99 16 20
84 20 7 962
86 111 46 767
91 209 13 674
94 20 1 962
95 165 1 1013
99 209 10 674
100 165 55 699
110 194 22 123
111 307 4 129
118 209 28 674
125 239 55 393
127 209 34 674
132 165 58 699
133 165 19 1013
134 99 22 20
136 99 1 20
137 209 16 674
142 99 7 20
146 165 4 1013
146 209 21 674
150 239 27 218
151 99 4 20
153 20 13 962
154 20 16 962
155 99 49 20
159 111 52 767
161 99 40 20
165 307 16 129
170 99 25 20
172 111 55 767
186 20 4 962
199 165 10 1013
209 99 46 20
214 99 28 20
222 307 13 542
224 99 52 20
225 194 4 123
225 307 7 542
226 20 10 962
230 99 10 94
238 20 21 962
240 239 13 218
240 111 43 771
243 111 7 606
246 20 25 962
251 99 55 20
254 239 1 218
258 194 1 123
259 239 58 393
259 307 1 542
266 307 16 542
267 99 58 20
269 20 37 962
271 20 40 962
273 99 3 94
275 307 34 542
279 239 4 218
282 111 46 771
286 165 22 1013
288 239 16 218
290 20 28 962
291 20 49 962
295 239 34 218
297 209 37 674
298 165 7 1013
301 111 49 771
305 307 19 542
307 20 34 962
308 239 19 218
312 239 37 218
316 165 31 1013
325 194 7 123
330 209 4 674
335 20 43 962
341 20 52 962
342 20 55 962
344 194 13 123
346 111 1 606
350 20 46 962
352 307 4 542
353 307 10 542
354 239 22 218
357 20 1 502
363 111 58 767
363 307 25 542
373 194 25 123
385 20 58 962
390 165 28 1013
391 99 7 94
392 209 40 674
393 239 43 218
399 111 4 606
404 209 43 674
404 307 28 542
410 111 10 606
414 111 13 606
415 209 46 674
416 307 40 542
418 165 13 1013
421 194 10 123
428 209 49 674
428 20 4 502
433 20 7 502
434 194 28 123
434 165 25 1013
435 239 49 218
440 165 34 1013
444 99 34 20
447 20 13 502
450 239 40 218
453 99 28 94
457 194 49 123
461 209 52 674
465 307 31 542
485 165 49 1013
494 194 39 123
495 239 10 448
495 307 37 542
498 194 19 123
512 20 10 502
515 99 13 94
537 20 16 502
539 239 46 218
540 194 52 123
546 239 52 218
546 209 55 674
548 194 34 123
551 239 55 218
554 111 52 771
555 239 1 448
558 20 19 502
559 239 4 448
565 99 16 94
566 99 25 94
567 209 1 709
568 239 13 448
568 111 16 606
574 194 43 123
578 209 58 674
585 111 22 606
594 99 19 94
597 194 46 123
598 307 45 542
599 20 25 502
600 209 10 709
604 111 19 606
607 99 37 94
615 20 28 502
621 111 25 606
623 239 16 448
624 99 40 94
629 20 55 502
633 307 49 542
639 165 37 1013
641 194 55 123
641 209 7 709
649 194 7 451
650 20 22 502
659 194 58 123
662 111 33 606
664 20 34 502
669 194 1 451
674 239 58 218
684 194 10 451
684 165 16 1013
687 165 40 1013
688 165 43 1013
689 99 22 94
692 307 55 542
694 165 58 1013
696 111 46 606
699 194 13 451
699 99 43 94
699 239 7 448
699 307 52 542
704 194 4 451
708 239 19 448
717 99 34 94
718 194 16 451
718 99 31 94
724 239 22 448
731 307 1 988
736 20 43 502
740 239 25 448
745 307 58 542
749 239 31 448
761 20 37 502
768 239 28 448
775 111 37 606
778 20 40 502
787 194 31 451
793 194 25 451
794 111 43 606
794 20 58 502
797 99 46 94
4 2 23 928
4 149 25 126
7 264 29 411
11 288 47 999
17 149 11 126
19 149 17 126
26 295 29 928
26 149 23 126
30 288 53 999
33 149 35 126
35 262 23 202
40 288 11 277
40 2 35 928
40 295 41 928
41 230 17 326
42 262 29 202
53 230 19 326
56 149 41 126
58 95 17 777
59 295 47 928
69 95 23 777
80 2 53 928
85 95 29 777
86 95 5 777
87 288 59 999
90 264 17 411
94 264 19 411
96 262 35 202
98 288 23 469
98 230 25 326
101 288 17 469
109 288 5 469
113 295 59 928
115 2 7 76
116 288 25 469
119 288 35 469
123 295 53 229
129 230 31 326
129 149 47 126
131 2 43 43
131 264 1 411
132 2 45 43
134 95 35 777
137 95 41 777
139 295 59 229
142 2 47 43
143 264 47 411
145 288 11 469
148 295 47 74
152 264 35 411
153 295 35 74
155 2 52 43
155 95 11 777
156 288 41 469
158 95 47 777
159 230 33 326
159 95 59 777
161 95 53 777
166 95 23 190
175 264 41 411
182 2 58 43
189 230 35 326
195 264 11 411
197 264 59 411
199 295 41 74
201 2 55 43
202 2 5 213
203 262 41 202
205 149 53 126
213 95 1 1021
216 95 4 1021
223 295 53 74
223 95 7 1021
225 149 59 126
229 230 40 326
231 262 47 202
234 295 59 74
235 262 59 202
237 262 53 202
240 230 29 326
243 264 53 411
244 288 47 469
246 295 5 482
248 262 7 580
249 262 1 580
251 295 11 482
255 230 27 326
256 295 17 482
256 264 5 692
256 149 57 705
257 95 9 1021
258 149 5 837
264 295 23 482
265 262 3 580
278 288 59 469
280 149 11 837
283 262 9 580
285 149 23 837
287 262 11 580
289 230 47 326
291 295 29 482
292 149 1 126
293 262 13 580
296 230 37 326
297 230 49 326
297 95 11 1021
299 295 41 482
299 95 16 1021
301 95 19 1021
304 262 23 580
304 264 11 692
308 264 17 692
314 262 17 580
316 95 21 1021
318 149 17 837
323 2 49 43
325 264 35 692
331 288 49 469
331 230 43 326
336 149 35 837
338 262 19 580
343 230 45 326
346 230 4 709
351 262 35 580
374 262 21 580
377 264 29 692
381 2 11 213
387 288 5 856
388 264 23 692
394 230 51 326
399 295 47 482
400 288 17 856
401 295 59 482
402 264 41 692
403 295 53 482
405 288 23 856
407 288 29 856
407 262 25 580
409 295 41 1104
410 230 55 326
411 264 47 692
412 2 23 213
415 2 17 213
419 230 53 326
421 295 35 482
421 264 53 692
423 230 59 326
427 2 29 213
428 262 31 580
433 288 11 856
437 264 59 692
440 295 58 1104
440 95 13 1021
451 95 25 1021
463 264 1 1014
463 95 23 1021
464 2 35 213
465 288 41 856
467 95 29 1021
472 149 29 837
475 95 27 1021
481 2 53 213
483 295 46 1104
488 230 13 709
488 295 1 19
493 95 31 1021
499 230 15 709
502 288 47 856
502 149 41 837
502 95 33 1021
503 262 33 580
505 230 17 709
506 149 47 837
508 288 35 856
511 149 4 1063
523 288 53 856
524 262 27 580
529 288 59 856
532 95 37 1021
536 230 57 326
536 149 1 1063
539 95 35 1021
540 288 41 873
543 288 53 873
543 295 49 1104
553 230 19 709
553 149 53 837
557 264 5 1014
558 95 51 1021
560 95 39 1021
561 262 29 580
561 149 59 837
562 264 7 1014
563 295 5 19
567 95 47 1021
570 295 7 19
574 295 3 19
575 288 47 873
580 2 47 213
586 95 41 1021
594 262 49 580
596 264 15 1014
603 2 37 213
603 149 7 1063
605 295 55 1104
605 264 9 1014
610 230 25 709
611 95 43 1021
615 295 11 19
618 264 17 1014
619 95 49 1021
620 264 3 1014
625 295 9 19
627 295 16 19
630 95 45 1021
632 2 59 213
633 95 53 1021
634 288 59 873
639 295 13 19
639 264 19 1014
641 149 10 1063
642 149 16 1063
643 230 29 709
644 262 41 580
647 262 15 580
648 149 13 1063
652 230 21 709
652 295 19 19
653 264 11 1014
654 230 31 709
664 2 5 757
674 288 5 1132
675 264 13 1014
677 262 37 580
679 2 11 757
685 264 21 1014
687 149 22 1063
689 262 39 580
690 2 23 757
694 295 21 19
694 95 53 194
700 2 17 757
702 230 23 709
703 2 29 757
703 262 47 580
713 149 25 1063
713 95 57 1021
723 230 33 709
724 264 25 1014
728 149 19 1063
734 288 11 1132
740 149 28 1063
743 288 17 1132
750 230 27 709
750 295 23 19
752 288 23 1132
758 149 35 1063
771 262 43 580
771 295 29 19
772 288 29 1132
773 2 35 757
778 2 47 757
780 264 23 1014
783 230 37 709
784 149 41 1063
790 262 45 580
791 262 51 580
791 149 31 1063
8 253 19 1079
18 70 55 113
21 70 55 1146
29 38 43 897
58 38 55 897
66 253 31 1079
85 38 49 897
89 70 43 113
99 38 19 338
104 70 49 113
112 70 13 878
131 38 25 338
148 253 25 1079
160 253 43 1079
174 253 7 1079
182 70 37 1146
205 38 13 338
215 38 31 338
219 253 13 1079
227 38 55 338
255 38 7 338
255 253 19 756
259 253 37 1079
283 253 1 1079
284 38 43 338
289 70 7 878
307 70 27 878
308 38 37 338
309 38 1 338
332 253 55 1079
340 38 13 352
347 38 7 352
355 38 1 352
370 70 55 878
370 253 7 756
387 253 55 709
415 70 31 878
419 253 39 709
425 38 49 338
434 253 49 1079
443 70 43 878
470 70 43 142
474 253 13 756
478 70 19 878
488 253 3 756
492 253 43 709
498 38 25 352
500 70 39 878
503 70 55 94
529 38 19 352
553 38 31 352
556 38 43 352
585 70 1 142
613 38 31 844
633 70 7 142
634 253 31 756
638 253 25 756
652 70 37 142
654 70 49 878
658 253 13 178
663 70 13 142
684 70 19 142
687 70 49 94
698 38 49 352
700 38 37 352
701 253 1 178
702 70 33 142
702 253 49 709
724 38 1 844
733 38 55 352
734 70 55 142
741 70 25 142
753 70 25 178
754 253 37 756
756 70 49 142
760 253 43 756
765 253 7 178
767 70 31 178
791 38 7 844
793 38 37 844
794 38 13 844
800 253 19 178
6 142 22 87
6 273 25 336
12 176 28 748
14 218 7 835
16 46 25 820
22 241 55 903
23 176 13 748
26 273 10 336
27 171 51 650
27 46 13 820
27 241 58 903
28 176 16 748
29 46 19 820
31 32 19 911
34 241 28 117
42 176 34 748
44 136 37 206
52 142 31 87
54 176 37 748
54 241 16 117
60 136 58 479
66 136 55 206
74 32 4 911
76 46 7 820
80 273 28 336
81 273 22 336
82 46 1 820
82 218 31 835
84 218 16 835
88 218 1 835
90 176 19 748
93 218 25 835
94 218 13 835
96 142 13 87
96 273 16 336
101 171 55 650
102 176 40 748
105 46 16 820
105 273 19 336
107 136 58 206
107 46 10 820
109 32 16 911
109 142 19 87
111 142 16 87
114 218 4 835
115 46 22 820
118 273 13 336
120 176 22 748
121 176 1 748
124 273 1 336
132 46 28 820
137 32 13 911
138 136 13 988
140 136 10 988
141 136 40 206
151 273 49 336
157 32 9 911
158 46 31 820
159 218 43 835
167 273 7 336
167 218 28 835
172 176 7 748
173 273 37 336
175 32 1 911
175 142 25 87
175 273 31 336
179 32 28 911
184 218 19 835
185 218 37 835
191 218 22 835
195 241 7 117
200 32 31 911
203 142 28 87
208 273 43 336
208 241 1 117
213 142 34 87
213 241 4 117
217 136 7 988
217 176 10 748
225 241 10 117
225 176 31 748
226 32 22 911
230 32 25 911
231 46 55 820
232 142 37 87
248 136 16 988
248 218 34 835
252 218 46 835
254 241 37 117
260 136 19 988
262 171 34 618
262 241 25 117
265 136 22 988
266 176 46 748
271 171 58 650
271 142 43 87
272 241 13 117
274 46 4 820
275 136 37 988
276 218 40 835
278 136 4 988
279 142 46 87
279 241 31 117
280 171 34 911
283 136 25 988
297 32 40 911
300 136 28 988
301 142 52 87
303 171 37 911
308 218 10 835
311 136 31 988
318 46 34 820
318 176 25 748
322 218 55 835
323 273 34 336
324 176 4 748
329 136 43 988
330 136 40 988
335 171 46 911
336 218 49 835
338 273 46 336
341 241 34 117
344 136 46 988
366 136 34 988
368 273 52 336
371 176 13 245
372 32 43 911
374 218 52 835
376 176 43 748
381 136 55 988
391 241 19 117
396 171 55 911
397 46 43 820
398 171 7 670
402 46 46 820
404 273 40 336
407 142 49 87
408 241 40 117
412 241 55 117
418 32 52 911
426 218 58 835
427 46 52 820
428 273 55 336
429 46 49 820
430 218 1 70
441 32 49 911
445 142 40 87
446 241 43 117
446 218 4 70
447 46 37 820
450 142 22 167
450 176 4 245
457 176 52 748
460 32 58 911
461 136 49 988
463 171 3 670
467 46 55 580
471 46 7 654
472 136 52 988
473 46 40 820
474 142 55 87
477 142 43 167
478 46 58 820
487 142 58 87
495 32 31 502
496 171 13 670
496 176 55 748
497 136 37 1128
499 241 22 117
501 241 52 117
503 32 37 1063
505 136 43 1128
505 218 10 70
510 136 10 26
511 171 19 670
514 273 58 336
516 32 43 1063
516 241 58 117
518 142 34 167
520 273 13 841
527 32 49 1063
531 218 34 70
532 241 49 117
534 273 4 841
536 136 49 1128
537 46 13 654
541 218 16 70
542 136 58 988
549 46 16 654
555 176 49 748
558 176 58 748
559 136 40 1128
562 241 9 189
563 176 7 245
564 273 1 841
566 136 46 1128
571 142 37 167
581 142 40 167
582 171 10 670
584 171 16 670
585 46 10 654
588 171 37 670
591 46 25 654
593 273 7 841
602 136 1 26
606 171 31 670
614 218 7 70
617 171 22 670
620 142 46 167
620 218 13 70
621 241 46 117
622 171 25 670
633 32 55 1063
635 241 1 189
637 218 22 70
644 218 19 70
645 142 13 81
646 32 7 467
650 136 52 1128
653 273 16 841
654 218 25 70
656 142 49 167
671 142 55 167
671 241 19 189
674 171 34 670
676 273 10 841
686 171 43 670
696 218 31 70
712 136 16 26
715 218 37 70
717 241 4 189
717 273 22 841
720 46 19 654
726 136 13 26
733 273 25 841
737 176 1 245
742 32 58 1063
745 136 4 26
745 142 1 81
749 136 37 26
753 142 58 167
753 273 19 841
754 136 52 26
755 171 28 670
759 218 40 70
762 218 28 70
764 171 49 670
766 136 7 26
767 176 10 245
774 32 52 1063
775 218 43 70
777 218 46 70
782 241 13 189
786 142 4 81
789 176 16 245
792 176 25 245
798 241 22 189
800 142 7 81
5 112 17 484
16 220 23 1018
17 181 59 42
24 112 23 484
25 112 11 484
25 212 41 555
31 68 23 1154
32 181 11 88
58 112 35 484
67 220 5 1018
68 181 17 88
75 220 11 1018
77 220 35 1018
79 181 5 88
88 212 33 555
91 181 29 88
92 181 23 88
103 212 47 555
105 181 35 88
107 112 29 484
110 181 41 88
115 212 59 555
133 220 17 1018
135 181 47 88
137 181 53 88
143 68 17 1154
143 112 53 484
145 68 5 1154
154 220 29 1018
163 212 53 555
167 212 57 1055
169 68 11 1154
172 112 41 484
176 212 43 62
177 68 29 1154
187 112 5 484
188 112 59 484
196 220 47 1018
201 220 11 1142
202 181 59 88
204 220 41 1018
205 68 35 1154
206 220 53 1018
212 112 41 139
217 220 17 1142
218 212 53 62
220 112 47 484
221 212 59 62
242 181 5 880
260 181 17 880
273 68 47 1154
289 112 49 139
295 112 39 139
295 181 7 880
299 68 53 1154
308 112 47 139
309 112 53 139
313 212 5 305
321 220 5 1142
322 68 41 1154
325 212 17 305
359 68 59 1154
364 212 29 305
367 181 23 880
379 220 29 1142
382 212 7 305
383 181 29 880
386 68 23 305
387 181 31 880
402 212 35 305
402 181 59 880
422 112 43 139
427 220 23 1142
435 68 41 305
444 68 47 305
446 112 51 139
453 68 53 305
453 112 33 139
468 220 41 1142
472 220 47 1142
483 68 59 305
484 212 5 699
500 68 19 962
506 68 11 455
523 112 55 139
523 212 11 699
525 112 45 139
535 220 53 1142
549 112 59 139
549 212 23 699
551 68 1 455
551 181 43 880
556 220 35 1142
559 181 37 880
567 212 17 699
567 181 5 105
568 112 57 139
573 112 11 1079
575 212 29 699
580 220 59 1142
581 181 11 105
596 68 7 455
596 112 23 1079
605 112 17 1079
607 68 9 455
611 112 29 1079
621 212 35 699
622 112 5 1079
632 181 53 880
633 181 17 105
636 212 47 699
641 181 23 105
648 68 15 455
649 68 13 455
654 220 11 218
658 112 35 1079
660 220 25 218
664 212 11 703
679 112 41 1079
683 220 5 386
689 220 37 123
691 181 29 105
700 68 28 455
702 212 5 703
706 181 35 105
707 112 47 1079
708 220 7 386
717 68 17 455
717 112 59 1079
722 220 23 386
725 212 17 703
735 112 53 1079
737 212 23 703
738 181 41 105
740 181 47 105
741 68 19 455
743 181 11 252
763 212 29 703
771 212 35 703
779 212 41 703
788 181 53 105
794 181 5 252
798 212 53 703
15 229 19 561
15 312 25 811
24 193 37 250
27 193 19 250
52 229 37 561
60 193 31 250
91 229 25 561
97 312 21 811
98 229 13 561
104 312 19 204
107 312 13 811
113 193 43 250
118 312 31 811
126 229 31 561
128 229 43 561
149 229 49 561
151 229 55 561
164 193 13 250
170 193 55 250
176 312 7 811
184 312 37 811
186 229 19 1181
203 193 49 250
214 193 49 526
228 229 13 1181
232 229 1 1181
234 312 13 204
237 229 7 1181
253 312 1 811
257 312 57 811
258 193 13 526
263 193 1 526
295 193 25 250
303 193 55 526
308 229 25 1181
315 229 43 1181
315 312 3 204
327 193 19 526
331 193 7 526
339 193 25 526
340 229 19 436
383 229 39 1181
384 193 43 526
386 312 49 811
410 193 37 526
440 229 1 436
444 312 7 204
458 193 31 526
466 312 43 811
473 193 9 780
473 312 31 204
497 312 25 204
499 193 37 780
499 229 7 436
509 229 51 1181
511 229 31 1181
513 193 13 780
514 229 31 436
530 229 7 500
540 312 37 204
547 193 1 780
550 193 19 780
557 193 25 780
576 312 43 204
592 312 21 527
615 312 51 204
620 229 37 436
631 312 7 527
647 229 55 1181
649 229 15 436
649 312 55 204
651 229 49 436
676 312 13 527
679 229 25 436
683 193 1 758
685 312 49 527
693 312 31 527
708 312 1 527
717 229 55 436
725 229 1 500
757 312 43 527
769 229 43 436
771 193 31 780
2 184 37 466
8 304 34 224
10 260 25 455
11 260 37 455
19 260 21 455
23 164 19 773
25 304 19 1164
31 164 25 773
35 164 28 773
35 215 25 731
36 260 31 455
52 304 22 1164
57 260 34 455
61 164 16 773
61 184 31 466
63 184 43 466
74 184 46 466
79 304 10 1164
80 260 40 455
81 159 43 773
84 184 28 466
86 164 22 773
87 304 1 1164
100 215 16 731
102 215 37 731
103 164 1 773
105 260 46 455
105 304 25 1164
113 164 4 773
118 164 37 773
120 215 13 731
126 159 40 773
132 215 31 731
142 164 10 773
144 260 49 455
149 159 31 773
152 260 55 455
153 260 58 455
164 164 7 773
168 159 49 773
168 304 7 1164
173 184 40 466
178 260 43 455
187 184 34 466
187 159 13 773
197 159 34 773
203 184 58 466
205 184 49 466
209 304 13 1164
210 304 4 1164
210 215 1 921
220 260 52 455
220 159 55 773
223 260 13 1030
228 159 46 773
232 159 52 773
233 184 55 466
234 164 19 1092
237 260 43 1030
239 304 16 1164
241 159 58 773
247 304 28 1164
251 215 1 731
256 159 13 1053
259 260 16 1030
261 304 31 1164
262 159 4 1053
265 215 19 731
266 184 13 45
277 164 1 1092
277 159 7 1053
280 164 7 1092
284 164 10 1092
285 164 25 1092
286 215 4 731
296 184 21 45
297 164 22 1092
298 304 43 1164
300 184 52 466
301 164 4 1092
312 304 40 1164
318 260 19 1030
318 304 37 1164
326 164 28 1092
326 304 34 1164
327 159 25 1053
333 159 1 1053
335 260 25 1030
361 184 37 45
364 184 16 45
365 215 28 731
365 159 43 1053
380 159 16 1053
386 159 10 1053
389 159 31 1053
392 159 19 1053
395 184 25 45
403 159 46 1053
405 159 37 1053
408 184 4 616
411 304 55 1164
422 159 22 1053
431 184 55 45
433 215 34 731
445 159 28 1053
450 184 28 45
453 184 40 45
455 159 40 1053
468 304 52 1164
469 215 22 731
477 260 46 1030
486 159 7 114
489 304 49 1164
489 184 1 616
493 304 58 1164
494 159 25 114
504 159 52 1053
510 304 13 214
512 260 28 1030
512 304 1 214
516 304 7 214
519 159 4 114
521 260 31 1030
521 304 46 1164
528 215 46 731
528 159 58 1053
547 159 34 1053
548 260 1 220
564 304 4 214
565 159 49 1053
568 215 40 731
569 304 22 214
570 215 10 921
576 304 10 214
583 184 43 45
584 184 7 616
589 164 31 1092
589 159 55 1053
592 164 13 1092
597 304 37 214
603 159 1 114
605 304 25 214
612 164 34 1092
620 215 7 731
621 159 10 114
625 164 37 1092
627 159 19 114
629 215 10 731
632 159 13 114
634 164 16 1092
635 164 45 1092
636 304 28 214
640 184 31 45
643 215 49 731
643 184 52 45
650 304 19 214
656 184 34 45
657 304 33 214
663 159 22 114
666 304 40 214
672 164 58 1092
673 164 55 1092
673 304 16 214
674 260 7 220
677 184 49 45
680 215 43 731
682 215 52 731
683 304 28 654
684 260 34 1030
697 164 40 1092
697 184 46 45
698 215 19 844
700 159 31 114
711 184 22 616
719 304 43 214
725 304 49 214
729 184 58 45
730 215 28 844
731 164 49 1092
733 215 49 844
735 260 22 1030
738 304 52 214
743 164 19 1120
743 184 13 616
756 215 58 731
757 184 31 616
763 260 37 1030
776 184 10 616
780 164 16 1120
781 184 34 616
782 164 52 1092
786 184 16 616
789 164 10 1120
791 215 55 731
795 304 46 214
14 42 55 33
41 42 23 574
49 42 29 574
74 42 11 574
79 42 35 574
114 42 17 574
219 42 5 574
238 42 47 574
257 42 41 574
265 42 53 574
279 42 55 574
299 42 7 780
319 42 57 574
346 42 17 780
354 42 59 574
372 42 5 780
385 42 29 780
399 42 23 780
471 42 35 780
476 42 43 780
482 42 47 780
492 42 49 780
495 42 41 780
505 42 51 780
511 42 45 780
522 42 53 780
531 42 59 780
535 42 5 798
554 42 11 798
598 42 57 780
600 42 23 798
631 42 17 798
638 42 29 798
660 42 35 798
678 42 31 798
710 42 55 780
726 42 37 798
737 42 47 798
740 42 39 798
752 42 43 798
760 42 41 798
33 179 31 25
62 179 1 25
118 179 43 25
126 179 19 25
157 179 25 25
168 179 55 25
224 179 9 25
225 179 13 25
286 179 37 25
320 179 49 25
344 179 7 719
354 179 49 719
367 179 1 719
422 179 13 719
430 179 19 719
448 179 27 719
463 179 31 719
485 179 55 719
527 179 13 37
532 179 39 719
535 179 1 37
542 179 43 719
591 179 7 37
628 179 25 37
655 179 37 37
680 179 37 178
687 179 33 37
688 179 25 243
732 179 19 37
747 179 43 37
760 179 55 37
15 250 43 421
18 287 10 250
19 287 4 250
22 287 31 679
57 109 16 114
86 109 40 114
88 250 49 502
89 250 52 502
94 250 21 1038
97 287 37 679
112 109 28 114
123 250 1 1038
125 109 34 114
142 250 25 1038
147 109 37 114
156 250 46 502
161 287 1 128
164 287 55 679
166 287 34 679
176 109 45 114
179 109 51 114
179 250 10 1038
183 287 43 679
188 287 40 679
191 250 28 1038
192 287 46 679
197 287 7 128
199 109 55 114
207 109 16 500
212 287 58 679
226 109 58 114
238 109 13 500
249 250 7 1038
288 287 13 128
323 250 4 1038
328 250 13 1038
333 250 34 1038
357 250 31 1038
366 287 16 128
371 287 19 128
372 109 34 500
373 287 31 128
374 287 4 128
409 287 22 128
411 287 25 128
419 109 43 500
425 287 37 128
437 109 19 500
448 109 22 500
451 109 31 500
455 109 25 500
462 250 16 1038
464 250 43 1038
471 109 28 500
485 287 10 128
492 250 51 1038
521 250 10 121
524 109 49 500
532 287 43 128
534 250 37 1038
537 109 37 500
538 109 40 500
540 109 4 668
551 109 58 500
564 109 46 500
580 250 7 121
582 287 46 128
585 287 40 128
601 109 55 500
604 250 40 1038
605 287 28 128
614 109 1 668
666 109 52 500
685 287 34 128
695 109 7 668
704 250 46 1038
709 250 55 1038
710 250 58 1038
727 250 13 121
731 287 52 128
735 109 25 668
742 109 16 668
745 250 16 121
749 250 4 121
758 287 49 128
760 287 1 154
785 109 22 668
33 26 11 561
34 26 23 561
58 26 47 561
62 26 35 561
64 26 17 561
76 26 41 561
99 26 29 561
111 26 53 561
124 26 17 138
282 26 5 561
309 26 5 138
320 26 11 138
325 26 59 561
355 26 23 138
360 26 29 138
368 26 35 138
370 26 47 138
379 26 41 138
396 26 53 138
423 26 5 565
595 26 41 224
642 26 59 138
668 26 53 224
709 26 59 224
717 26 11 565
746 26 23 565
799 26 17 565
20 135 55 670
31 214 31 19
36 135 25 296
48 214 37 19
50 135 37 296
64 135 43 296
67 214 25 19
81 135 55 296
84 135 49 296
91 135 31 296
101 214 43 19
102 135 43 396
106 135 13 396
108 214 55 19
128 135 7 396
137 214 49 19
138 214 19 483
168 214 25 483
186 214 25 246
243 135 19 396
244 135 1 396
248 135 25 396
253 135 49 396
266 214 1 483
278 214 7 483
283 214 13 483
289 135 1 492
295 135 9 492
323 214 51 483
353 135 13 492
376 135 31 396
393 135 19 492
398 135 25 492
402 135 31 492
405 135 55 396
437 214 37 483
445 214 31 483
449 135 1 738
452 214 49 654
479 135 43 492
484 214 55 483
497 214 31 654
508 135 37 396
524 135 7 738
524 214 19 246
549 135 37 492
555 214 43 483
565 214 7 246
602 135 19 738
602 214 31 246
649 135 49 492
682 214 43 654
691 214 3 246
705 214 13 246
707 214 37 654
717 135 13 738
724 214 37 246
732 135 43 738
734 214 19 581
747 214 49 246
748 135 33 738
770 135 1 1148
787 214 13 581
10 233 49 1030
20 141 43 995
32 233 40 1030
36 233 55 1030
87 233 7 385
100 233 52 1030
100 141 46 995
113 141 55 214
138 185 16 607
146 233 1 385
146 141 25 612
171 141 7 612
176 233 58 1030
185 141 1 612
215 185 13 607
225 185 19 607
251 141 58 995
268 233 4 385
271 233 10 385
272 233 16 385
280 141 55 654
294 141 58 214
296 185 4 607
307 141 10 612
309 141 13 612
310 141 28 612
328 141 58 654
332 185 22 607
347 141 22 654
350 185 9 607
351 141 37 612
359 233 33 385
367 233 13 385
375 185 31 607
392 233 22 385
395 141 4 612
401 233 19 385
452 141 16 612
460 185 25 607
465 185 49 607
478 141 31 612
485 185 34 607
487 185 28 607
491 141 40 612
498 185 37 607
507 233 40 385
523 233 25 385
527 185 43 607
529 233 28 385
535 233 37 385
537 233 43 385
538 233 46 385
539 233 7 1165
546 233 49 385
578 185 46 607
589 185 40 607
593 141 34 612
626 141 19 612
628 185 55 607
637 185 58 607
640 185 52 607
643 141 55 612
645 141 43 612
665 141 22 612
667 233 10 1165
669 185 57 70
679 233 31 1165
680 141 46 612
706 185 10 243
727 141 52 612
729 185 1 243
772 185 4 243
786 233 1 1165
789 141 58 612
45 285 29 525
54 139 59 194
55 221 53 1096
56 139 11 285
57 221 59 1096
61 24 11 351
67 285 17 525
71 221 47 1096
73 285 23 525
74 139 17 285
76 139 23 285
80 221 35 1096
93 139 29 285
96 235 23 172
104 285 11 525
120 221 29 557
124 285 35 525
125 139 41 285
125 24 29 351
126 24 23 351
127 24 5 351
130 24 17 351
147 24 35 351
155 24 59 351
160 221 35 557
164 139 5 285
165 139 47 285
172 139 35 285
183 24 47 351
187 139 53 285
189 285 41 525
203 139 5 509
203 24 53 351
208 285 59 525
222 221 41 557
223 235 11 172
234 235 5 172
239 221 47 557
240 285 1 525
241 285 47 525
244 139 11 509
245 235 41 172
261 221 5 613
263 221 53 557
274 285 49 525
293 285 25 26
294 285 19 26
305 285 22 26
311 24 41 351
313 221 33 798
316 235 17 172
318 285 28 26
321 235 29 172
331 235 35 172
334 24 47 494
348 235 47 172
348 221 59 557
348 285 40 26
350 235 53 172
355 221 55 798
361 221 53 798
364 285 31 26
374 285 34 26
379 24 53 494
380 221 59 798
390 24 59 494
391 235 59 172
395 139 17 509
395 285 55 26
396 285 47 26
414 24 49 621
418 221 45 798
421 221 57 798
427 285 58 26
433 139 59 285
438 24 5 1036
442 24 11 1036
442 285 5 142
442 221 7 613
454 221 10 613
455 221 13 613
458 221 16 613
458 285 43 26
463 235 11 1062
470 139 29 509
476 235 5 1062
480 24 17 1036
491 139 23 509
497 139 41 509
509 24 23 1036
513 139 35 509
514 139 47 509
515 235 17 1062
523 221 19 613
524 235 23 1062
526 235 29 1062
529 235 35 1062
531 24 29 1036
532 139 53 509
536 139 29 565
542 235 41 1062
544 221 23 613
547 24 31 1036
555 139 59 509
561 139 35 565
569 139 47 565
575 221 25 613
577 139 41 565
579 24 41 1036
590 235 47 1062
594 221 27 613
606 139 53 565
622 139 59 565
622 285 11 142
624 285 45 26
625 24 47 1036
627 139 11 619
628 139 1 619
633 24 5 440
644 139 23 619
644 285 29 142
646 285 49 26
652 285 17 142
653 235 59 1062
655 24 53 1036
656 139 17 619
657 235 53 1062
662 24 55 1036
663 24 11 440
667 24 17 440
683 285 23 142
686 285 41 142
692 285 31 142
694 24 23 440
697 24 29 440
701 24 41 440
703 235 59 388
704 139 35 619
708 24 35 440
711 221 29 613
718 285 47 142
732 285 4 154
733 139 29 619
736 139 41 619
736 285 53 142
739 221 31 613
743 221 35 613
747 221 33 613
748 235 7 607
751 221 21 613
756 235 11 890
758 235 5 890
763 285 59 142
765 221 37 613
777 235 17 890
777 221 39 613
781 285 7 154
799 139 47 619
799 221 43 613
14 80 19 673
17 234 25 266
53 234 21 266
57 231 19 368
67 80 13 673
70 231 31 368
70 54 49 489
80 54 31 136
111 54 19 136
115 231 37 368
117 80 25 673
118 80 55 673
120 54 49 136
121 234 31 266
123 54 37 136
144 54 31 636
151 231 13 368
157 54 55 136
163 80 31 673
172 231 43 368
173 80 55 756
181 231 1 368
182 80 31 639
192 231 7 368
209 234 7 266
211 231 49 368
221 80 1 673
228 234 37 266
234 80 37 673
242 54 1 136
252 234 1 266
253 80 43 673
261 80 1 639
262 234 49 266
263 234 13 266
277 54 37 636
284 231 55 368
287 231 7 552
297 231 25 368
298 234 1 704
300 234 45 266
318 80 49 673
328 80 25 639
330 231 19 552
335 54 1 636
368 231 1 552
373 54 13 136
375 234 7 704
377 231 13 552
382 234 55 266
385 231 25 552
390 80 49 756
392 54 43 136
397 54 7 136
406 234 25 704
407 80 55 606
412 234 19 704
430 80 7 639
437 80 13 639
439 234 43 704
443 80 1 656
462 54 7 636
480 231 31 552
486 234 19 215
497 231 49 552
499 80 43 639
500 54 25 136
518 234 37 704
541 234 51 704
544 231 45 552
544 80 49 606
545 80 19 639
546 54 43 636
553 80 37 639
563 234 13 704
571 231 13 154
572 80 19 656
576 234 31 704
583 80 37 656
586 231 55 552
589 234 43 215
590 80 31 656
592 234 25 215
603 54 25 636
612 54 19 636
621 80 55 639
623 54 19 716
634 234 55 704
642 234 1 215
647 231 19 154
647 80 1 723
653 234 37 215
654 234 7 215
657 231 45 154
662 234 13 215
671 234 31 215
671 54 1 716
686 54 13 636
698 234 1 339
698 80 7 656
705 231 1 290
706 234 19 339
711 54 49 636
714 80 37 723
721 54 7 716
725 80 13 656
727 234 55 215
733 54 13 716
746 234 49 215
756 234 7 339
759 54 55 636
766 54 25 716
778 54 33 716
782 54 37 716
792 234 31 339
797 234 1 540
71 48 13 1083
95 48 46 1063
139 48 25 1083
177 48 19 1083
190 48 9 1083
195 48 22 1083
197 48 16 1083
223 48 28 1083
225 48 34 1083
233 48 46 1083
246 48 37 1083
276 48 31 1083
286 48 43 1083
329 48 52 1083
379 48 55 1083
380 48 40 1083
430 48 4 809
444 48 13 809
453 48 49 1083
577 48 1 809
585 48 7 809
617 48 58 1083
620 48 16 809
703 48 19 809
729 48 10 809
732 48 40 809
738 48 25 809
760 48 22 809
766 48 58 809
771 48 37 809
775 48 31 809
21 73 25 160
23 73 31 160
36 50 43 178
64 50 49 178
68 73 37 160
103 50 55 178
129 73 19 160
178 73 1 160
179 73 55 160
220 73 13 160
226 50 13 290
236 50 25 290
249 50 19 290
250 73 43 160
251 73 7 160
260 50 37 290
267 50 1 391
268 50 43 290
292 73 51 160
334 73 13 857
334 50 7 290
352 73 7 1041
358 50 49 290
369 50 7 391
379 73 1 1041
379 50 13 391
402 73 13 1041
416 73 1 1075
417 50 55 290
422 50 25 391
449 73 7 1075
465 73 19 1041
468 50 37 391
481 73 31 1041
498 50 43 391
510 50 31 290
534 50 19 391
542 73 25 1041
560 73 49 1041
560 50 31 391
598 73 37 1041
605 50 49 391
625 73 25 1075
633 73 13 1075
635 73 55 1041
651 73 19 1075
660 73 43 1041
682 50 55 391
687 73 55 1075
688 50 37 175
698 73 13 635
711 50 31 175
723 50 19 175
724 50 7 175
740 73 43 1075
758 73 37 1075
769 73 7 635
3 133 52 420
17 133 55 420
21 61 10 854
27 133 16 847
47 6 25 169
66 61 7 854
69 6 16 169
98 6 28 169
112 198 19 343
114 198 13 343
128 6 13 169
133 61 25 854
141 198 1 343
148 133 58 420
163 198 22 343
173 133 4 847
179 61 1 854
181 6 31 169
186 61 31 854
187 6 37 169
197 198 10 343
199 133 1 847
199 61 4 854
206 6 34 169
213 133 7 847
258 198 25 343
267 133 43 847
269 61 40 854
272 198 4 343
279 198 7 343
282 133 10 847
300 6 49 169
302 198 28 343
303 61 13 854
306 198 31 343
310 6 40 169
317 6 55 169
327 6 28 933
337 61 49 854
339 198 34 343
340 61 43 854
359 61 16 854
362 6 43 169
363 133 19 847
368 133 13 847
391 6 46 169
394 133 22 847
394 61 19 854
395 198 52 343
401 133 25 847
420 61 34 854
422 61 46 854
425 198 16 343
430 6 43 844
446 198 37 343
448 133 31 847
454 198 55 343
457 198 55 716
460 198 46 343
465 133 52 847
479 198 40 343
481 198 49 343
484 6 1 933
490 198 58 343
492 61 22 854
496 198 58 716
498 198 1 947
501 6 22 844
502 198 43 343
504 133 39 847
508 6 25 844
514 61 28 854
515 6 52 169
529 133 49 847
536 6 7 933
539 61 37 854
552 6 55 844
563 61 52 854
566 6 58 169
577 6 46 844
577 61 55 854
580 133 28 847
586 61 1 868
587 133 34 847
604 6 4 933
605 133 46 847
608 6 10 933
612 198 43 716
614 61 4 868
616 6 58 844
627 6 52 844
630 6 13 933
637 198 7 947
654 6 16 933
665 6 19 933
672 198 13 947
674 61 10 868
676 198 19 947
685 61 58 854
709 133 16 869
718 198 49 716
733 133 7 869
746 198 46 716
752 61 7 868
755 6 55 933
759 133 1 869
766 133 4 869
774 61 19 868
776 6 25 933
776 198 4 947
784 61 25 868
788 198 10 947
792 61 28 868
8 56 25 1155
10 56 11 211
12 56 17 211
12 94 35 700
16 175 55 1021
26 94 41 700
47 175 59 1021
53 94 47 700
64 175 23 622
69 56 29 211
70 56 23 211
80 175 17 622
86 94 53 700
91 94 59 700
94 56 35 211
98 175 35 622
103 94 17 321
106 94 29 321
120 56 5 211
134 56 47 211
135 56 49 211
140 175 5 622
141 56 11 248
142 175 1 485
147 175 29 622
153 175 41 622
162 56 17 248
189 56 5 248
194 56 29 248
204 94 11 321
222 175 7 622
224 56 41 248
251 94 5 321
257 56 23 248
264 56 35 248
278 94 23 321
284 94 35 321
319 56 47 248
319 94 53 321
322 94 47 321
331 175 15 541
336 56 59 248
338 175 59 622
343 56 53 248
358 175 53 622
363 175 47 622
363 94 29 664
376 175 5 946
383 175 11 946
397 94 41 321
414 94 59 321
420 56 31 254
423 56 33 254
434 56 37 254
435 56 55 254
437 175 17 946
441 175 23 946
446 175 29 946
452 56 53 254
474 56 47 254
475 56 49 254
476 56 58 254
480 94 35 664
482 175 53 946
490 175 35 946
492 94 59 664
503 175 59 946
523 56 43 254
572 94 41 664
593 94 53 664
621 94 5 393
631 94 47 664
637 175 41 946
652 175 47 946
677 56 19 421
684 94 23 393
689 175 5 673
695 94 11 393
706 56 53 421
708 56 5 771
712 56 35 421
716 56 45 254
733 94 17 393
745 94 35 393
749 175 11 673
753 94 29 393
774 56 59 421
777 175 29 673
783 56 51 254
791 56 11 771
2 301 43 1014
3 168 55 331
8 131 27 1159
10 186 7 32
13 301 31 1014
15 168 31 331
19 75 31 917
19 186 37 32
20 301 27 1014
20 186 21 32
27 131 33 1159
29 75 25 917
45 131 37 1159
46 131 43 1159
53 186 25 32
62 132 37 1014
63 168 49 331
65 186 31 32
71 132 49 1014
71 168 43 775
74 131 19 1159
78 301 55 1014
83 131 49 1159
94 168 55 775
99 75 55 917
108 186 13 32
114 75 43 917
114 124 55 527
119 168 55 613
127 132 25 84
130 301 19 84
131 301 45 84
137 168 45 613
141 168 55 656
141 124 7 258
142 168 49 613
143 75 13 917
154 131 7 1159
154 186 19 243
156 132 55 853
162 75 37 917
165 168 43 656
170 75 37 781
173 75 19 917
175 124 37 527
180 186 49 32
184 132 43 853
189 168 49 656
189 186 55 32
192 131 55 1159
193 132 49 853
198 124 37 258
200 131 15 1159
207 301 7 84
218 168 43 842
220 131 25 398
224 168 25 656
230 131 19 398
235 132 31 84
237 131 1 1159
250 186 13 243
251 75 13 781
259 124 31 258
262 124 7 733
268 131 37 398
270 131 15 398
273 168 19 842
273 124 25 527
279 132 13 84
284 168 13 842
288 75 43 781
288 186 37 243
290 301 3 181
300 132 55 84
302 131 1 398
306 131 43 398
312 186 1 32
315 132 7 212
318 75 7 917
318 301 43 181
320 132 1 212
325 124 1 258
331 186 51 243
332 132 1 643
345 75 49 917
346 186 7 956
348 131 7 398
350 168 33 842
355 75 7 781
358 301 7 181
361 301 55 181
362 301 49 84
374 186 25 956
376 168 25 842
378 131 49 398
381 168 7 842
383 124 25 258
385 131 7 624
387 186 1 956
388 131 1 624
389 124 15 258
392 131 1 906
394 168 1 842
396 131 13 624
396 168 37 842
404 132 13 212
407 132 37 84
407 168 1 1069
412 124 1 733
413 132 43 212
413 75 55 781
414 168 55 842
415 75 1 917
415 124 49 258
418 75 19 781
421 301 13 181
422 124 49 733
423 186 43 32
426 124 19 258
429 132 21 212
429 186 13 956
431 131 19 624
438 132 49 37
439 75 49 781
447 75 43 522
450 75 31 781
450 124 45 258
456 131 19 906
479 131 13 906
481 75 7 522
483 186 7 244
489 124 13 733
490 132 13 643
496 131 1 499
515 75 31 522
519 168 7 1069
526 131 37 624
529 186 37 956
538 131 1 517
553 301 21 181
558 132 25 212
560 168 55 1069
561 75 19 522
564 132 31 212
571 168 21 1069
573 301 25 181
575 124 57 258
581 131 55 398
584 131 1 539
586 75 25 781
587 186 1 244
588 75 43 784
594 131 31 398
600 168 49 842
610 131 27 624
614 75 13 522
631 301 37 181
631 186 43 243
631 124 13 761
635 75 51 522
642 301 9 888
649 301 31 181
651 131 55 624
656 75 3 781
658 132 31 243
664 301 1 888
669 301 15 888
670 75 37 522
671 186 7 499
684 124 25 733
692 186 19 956
704 132 49 212
713 131 31 624
719 131 13 499
724 168 27 1069
730 186 49 956
740 132 19 643
743 75 1 522
746 132 55 212
747 75 25 522
752 131 45 624
754 132 55 243
755 168 1 225
756 301 25 888
758 75 1 784
763 301 51 181
773 132 7 643
783 186 57 956
786 131 25 738
788 75 13 784
790 75 13 800
791 131 33 906
798 75 55 522
798 124 1 761
800 168 13 1069
19 242 28 720
20 242 31 720
23 195 43 956
33 223 55 128
40 240 37 552
47 314 28 750
55 242 10 720
56 314 37 750
57 314 31 750
58 195 31 956
68 240 22 623
71 314 16 750
86 314 19 750
90 314 22 750
95 240 40 552
98 195 46 956
103 223 7 669
103 195 22 135
113 314 1 750
117 242 19 720
119 240 1 623
122 314 34 750
133 223 28 669
149 240 19 623
171 195 34 956
184 240 13 623
184 242 16 720
194 195 4 135
195 242 49 720
200 195 7 135
202 223 1 669
205 240 40 623
211 223 58 128
217 314 40 750
224 195 1 135
228 242 25 720
234 240 25 623
240 223 16 669
247 314 4 750
247 223 13 669
249 240 10 623
258 314 43 750
259 242 4 720
264 242 7 720
264 223 10 669
268 242 1 720
291 195 10 135
294 223 4 669
296 314 13 750
302 223 19 669
308 195 52 135
313 242 13 720
317 223 22 669
326 195 19 135
331 240 37 623
333 240 4 623
337 223 25 669
344 242 22 720
345 242 37 720
351 195 13 135
352 223 31 669
361 223 40 669
363 314 49 750
367 195 16 135
381 223 58 669
385 195 37 135
386 240 16 623
401 314 46 750
412 314 7 750
412 223 34 669
417 240 7 623
417 242 43 720
421 223 49 669
430 314 55 750
441 242 40 720
448 314 10 750
455 223 52 669
456 242 37 919
466 223 19 686
468 242 1 919
470 195 49 135
472 242 7 919
475 240 51 623
477 195 55 135
478 242 34 720
492 314 25 750
494 240 28 623
498 195 58 135
503 314 49 1131
534 195 25 135
539 223 43 669
540 195 28 135
553 242 46 720
557 195 33 135
557 314 58 750
563 240 31 623
564 223 55 669
571 240 34 623
574 195 51 378
579 240 45 623
587 314 52 750
595 195 25 378
613 314 19 219
614 242 55 720
619 314 1 219
621 195 40 135
626 195 13 378
636 242 4 919
638 195 37 378
640 195 34 378
646 223 37 669
650 195 31 378
657 223 1 686
661 195 1 470
663 195 4 470
665 195 46 135
674 314 13 219
678 314 7 219
685 242 10 919
693 223 46 669
697 195 43 135
701 314 10 219
716 240 37 947
719 314 4 219
721 195 28 378
728 242 52 720
729 314 55 1131
735 242 58 720
744 223 22 686
759 195 7 470
773 195 16 378
775 314 25 219
776 195 55 378
786 314 22 219
792 195 40 378
798 314 28 219
800 314 1 264
18 110 29 1161
26 110 17 1161
57 110 5 1161
77 110 23 1161
88 110 11 1161
90 110 35 1161
125 110 47 1161
130 110 41 1161
142 110 53 1161
153 28 5 991
156 110 59 1161
174 110 27 1130
175 110 47 1130
180 28 11 991
185 110 41 1130
187 28 17 991
188 110 53 1130
195 28 29 991
217 110 59 1130
235 110 35 518
243 28 23 991
247 110 41 518
250 28 35 991
271 110 29 518
289 110 53 518
324 110 47 518
361 110 59 518
369 28 41 991
376 110 11 715
436 110 5 715
459 28 47 991
460 28 53 991
489 110 17 715
506 28 59 991
524 110 29 715
526 28 17 99
589 28 29 99
609 110 23 715
623 28 23 99
628 28 35 99
640 110 41 715
659 28 41 99
660 110 59 715
670 28 59 99
690 28 47 99
703 110 35 715
710 28 53 99
721 28 5 903
727 110 23 1123
747 28 11 903
764 110 17 1123
45 129 25 13
56 19 43 38
75 129 43 13
92 129 31 13
100 19 19 38
155 19 1 38
157 19 31 38
165 129 9 13
168 129 43 219
203 19 37 38
209 19 55 38
221 129 37 13
250 129 19 13
255 19 31 724
264 129 37 219
270 129 31 219
290 129 13 13
293 129 1 13
313 19 27 38
378 129 1 295
379 19 7 724
381 129 13 295
391 19 13 38
399 19 13 724
404 19 1 724
415 19 55 724
423 129 49 13
425 19 43 809
474 19 19 724
486 19 25 724
528 129 19 295
533 19 43 724
534 129 55 13
534 19 15 924
555 19 25 924
566 129 7 295
580 129 49 219
587 129 7 298
604 129 31 295
623 19 37 724
642 19 37 738
656 19 55 738
665 19 1 924
686 129 55 219
689 129 1 298
707 19 7 924
710 19 19 924
715 19 45 924
778 19 55 924
779 19 37 924
782 129 19 298
792 129 55 295
794 129 1 408
18 313 13 1081
126 313 25 1081
175 313 7 1081
280 313 19 1081
283 313 28 1081
298 313 10 1081
313 313 1 1081
335 313 16 1081
387 313 46 1081
513 313 4 1081
522 313 37 1081
533 313 31 1081
641 313 49 1081
654 313 34 1081
715 313 40 1081
748 313 37 643
750 313 7 906
762 313 22 1081
779 313 43 1081
13 79 41 571
29 315 17 368
58 15 23 179
68 79 11 571
87 15 11 179
91 79 17 571
96 15 29 179
100 315 7 682
115 79 5 571
132 79 23 571
141 79 35 571
157 315 23 368
162 315 35 368
166 15 17 179
166 315 11 368
167 315 5 368
178 315 53 368
184 315 29 368
196 15 5 179
209 315 41 368
211 315 11 604
212 315 1 604
228 315 29 604
243 315 47 368
250 79 29 571
258 15 41 179
263 15 59 179
272 315 35 604
275 15 47 179
275 79 53 571
280 315 13 604
293 315 59 368
300 79 5 1112
304 79 47 571
307 79 17 1112
329 15 59 113
334 315 23 604
342 79 11 1112
357 15 41 113
372 15 53 179
374 79 59 571
375 79 29 1112
382 79 35 1112
384 315 41 604
391 315 53 604
393 15 35 179
397 315 59 604
414 15 5 1080
420 79 41 1112
434 15 47 113
436 15 7 1080
438 79 23 1112
442 315 17 894
443 15 17 1080
462 15 23 1080
463 79 53 1112
482 315 11 894
512 79 47 1112
516 15 29 1080
545 315 5 894
554 79 59 1112
555 315 47 604
556 79 29 970
558 15 53 113
560 79 5 970
571 315 29 894
576 79 19 970
595 15 35 1080
599 15 37 1080
610 315 35 894
611 315 23 894
614 315 47 894
618 15 47 1080
625 315 41 894
630 79 11 970
638 79 17 970
643 15 59 1080
644 315 53 894
645 315 59 894
648 315 29 1146
656 15 53 1080
661 79 41 970
664 315 41 1146
677 15 47 1013
690 79 35 970
693 15 5 624
704 79 53 970
715 15 19 1038
719 79 47 970
733 79 59 970
745 79 11 1007
745 315 47 1146
751 79 23 1007
757 15 49 1038
758 15 52 1013
771 315 15 1146
781 15 11 624
1 107 31 869
33 107 37 869
51 107 34 869
136 107 13 869
163 107 19 869
173 107 25 869
196 107 22 869
198 107 10 869
330 107 43 869
348 107 28 869
421 107 25 81
444 107 40 869
553 107 49 869
559 107 55 869
573 107 58 869
581 107 16 81
604 107 46 869
637 107 10 81
640 107 22 81
655 107 19 81
659 107 52 869
668 107 28 81
689 107 43 81
710 107 31 81
714 107 49 81
746 107 19 451
780 107 34 81
12 191 37 513
15 243 23 341
23 243 29 341
29 81 31 272
41 191 41 513
43 243 17 341
50 81 23 917
51 81 17 917
54 243 35 341
73 191 53 513
76 243 11 341
77 243 41 341
97 191 47 513
101 191 59 513
108 191 11 257
108 81 35 917
114 81 11 917
131 243 53 341
142 81 5 917
152 191 17 257
158 191 35 257
158 81 41 917
162 243 1 341
164 191 1 257
191 243 47 341
210 191 29 257
224 243 59 341
241 243 53 580
269 81 59 917
276 81 29 917
282 191 23 257
287 81 47 917
303 191 41 257
347 81 53 917
350 191 59 257
354 191 47 257
371 191 53 257
377 243 59 580
380 81 11 150
384 81 17 150
389 81 5 150
401 243 1 576
403 243 5 329
436 81 29 150
447 243 11 329
475 191 35 273
497 191 53 273
507 243 17 329
508 191 41 273
511 81 23 150
519 191 47 273
529 81 41 150
532 243 23 329
543 81 31 150
547 191 59 273
558 191 5 979
572 243 29 329
582 191 49 715
591 81 53 150
615 191 23 979
617 81 47 150
617 191 11 979
618 81 59 150
626 191 29 979
630 243 35 329
643 243 41 329
648 81 5 352
651 243 47 329
656 243 59 329
661 191 17 979
667 243 47 618
680 243 53 329
683 243 41 618
690 81 29 352
728 191 35 979
741 191 47 979
747 191 41 979
762 81 17 352
770 81 11 352
772 243 17 903
774 81 23 352
777 243 59 618
778 191 59 979
796 243 53 618
31 155 28 220
39 155 31 220
42 155 37 220
46 155 40 220
106 155 19 220
138 155 25 220
178 155 49 220
193 155 22 220
202 155 34 220
219 155 10 220
232 155 46 220
236 155 43 220
260 155 55 220
270 155 37 363
302 155 52 220
348 155 4 220
394 155 58 220
419 155 13 220
438 155 55 363
449 155 16 220
454 155 58 363
459 155 40 363
461 155 1 737
464 155 49 363
542 155 52 363
544 155 10 737
579 155 7 737
624 155 4 737
644 155 13 737
662 155 22 737
687 155 37 737
712 155 19 737
765 155 16 737
784 155 28 737
14 127 25 616
28 127 28 616
63 127 46 616
69 127 19 616
71 127 37 616
105 127 40 616
136 127 43 616
174 127 4 638
216 127 58 616
249 127 31 638
255 127 13 638
429 127 7 638
433 127 52 616
440 127 19 638
446 127 55 616
550 127 25 638
616 127 1 638
655 127 49 616
682 127 10 638
696 127 16 638
716 127 49 638
751 127 28 638
782 127 34 638
25 169 29 822
65 169 23 822
95 169 11 822
124 169 41 822
128 169 5 822
144 169 17 822
198 169 35 822
199 169 47 822
212 169 53 822
261 169 11 337
346 169 23 337
350 169 5 337
361 169 17 337
399 169 59 822
437 169 29 337
443 169 35 337
450 169 59 337
459 169 53 337
464 169 41 337
500 169 47 337
522 169 17 1091
527 169 23 1091
610 169 41 1091
621 169 29 1091
672 169 11 376
686 169 1 376
726 169 17 376
745 169 23 376
752 169 29 376
753 169 41 376
20 237 40 331
73 237 16 386
88 237 13 386
110 237 49 386
132 237 25 386
136 237 46 331
169 237 28 386
180 237 46 386
189 237 31 386
230 237 37 386
244 237 19 386
279 237 10 386
281 237 55 386
285 237 43 386
289 237 40 386
305 237 34 386
334 237 49 809
407 237 52 386
445 237 19 121
452 237 28 809
457 237 25 121
461 237 58 386
483 237 22 121
488 237 37 121
593 237 31 121
608 237 40 121
647 237 52 809
700 237 34 809
707 237 43 121
716 237 52 121
746 237 25 643
754 237 1 827
762 237 34 121
Điểm tối ưu: 9589
Thời gian: 4.175245 giây
Trạng thái: GREEDY_DONE
