11989
40 137 1 106
46 137 7 106
227 137 13 106
297 137 19 106
309 137 25 106
334 137 31 106
361 137 37 106
371 137 43 106
389 137 49 106
398 137 55 106
417 137 1 1077
469 137 7 1077
486 137 13 1077
504 137 19 1077
558 137 25 1077
622 137 31 1077
645 137 37 1077
653 137 43 1077
669 137 49 1077
697 137 55 1077
775 137 1 156
812 137 7 156
815 137 13 156
820 137 19 156
823 137 25 156
845 137 31 156
861 137 37 156
869 137 43 156
880 137 49 156
986 137 55 156
51 393 1 977
91 393 3 977
125 393 5 977
126 393 7 977
139 393 9 977
162 393 11 977
170 393 13 977
184 393 15 977
220 393 17 977
233 393 19 977
274 393 21 977
295 393 23 977
319 393 25 977
368 393 27 977
402 393 29 977
461 393 31 977
500 393 33 977
539 393 35 977
572 393 37 977
636 393 39 977
656 393 41 977
687 393 43 977
697 393 45 977
754 393 47 977
802 393 49 977
809 393 51 977
873 393 53 977
893 393 55 977
916 393 57 977
976 393 59 977
989 393 1 933
998 393 3 933
32 304 1 1114
75 304 3 1114
78 304 5 1114
92 304 7 1114
95 304 9 1114
113 304 11 1114
165 304 13 1114
183 304 15 1114
185 304 17 1114
201 304 19 1114
217 304 21 1114
220 304 23 1114
225 304 25 1114
246 304 27 1114
284 304 29 1114
340 304 31 1114
378 304 33 1114
388 304 35 1114
398 304 37 1114
435 304 39 1114
529 304 41 1114
552 304 43 1114
573 304 45 1114
590 304 47 1114
612 304 49 1114
659 304 51 1114
664 304 53 1114
673 304 55 1114
700 304 57 1114
728 304 59 1114
730 304 1 270
751 304 3 270
817 304 5 270
843 304 7 270
853 304 9 270
905 304 11 270
926 304 13 270
980 304 15 270
983 304 17 270
991 304 19 270
39 312 1 787
94 312 3 787
103 312 5 787
158 312 7 787
164 312 9 787
230 312 11 787
246 312 13 787
277 312 15 787
287 312 17 787
291 312 19 787
367 312 21 787
392 312 23 787
394 312 25 787
422 312 27 787
430 312 29 787
458 312 31 787
468 312 33 787
521 312 35 787
549 312 37 787
554 312 39 787
586 312 41 787
611 312 43 787
618 312 45 787
700 312 47 787
703 312 49 787
749 312 51 787
762 312 53 787
780 312 55 787
813 312 57 787
839 312 59 787
840 312 1 495
880 312 3 495
896 312 5 495
902 312 7 495
923 312 9 495
120 298 1 652
156 298 4 652
228 298 7 652
269 298 10 652
286 298 13 652
342 298 16 652
364 298 19 652
398 298 22 652
455 298 25 652
460 298 28 652
463 298 31 652
469 298 34 652
508 298 37 652
543 298 40 652
564 298 43 652
582 298 46 652
598 298 49 652
606 298 52 652
609 298 55 652
623 298 58 652
627 298 1 1109
631 298 4 1109
639 298 7 1109
684 298 10 1109
687 298 13 1109
718 298 16 1109
742 298 19 1109
791 298 22 1109
896 298 25 1109
968 298 28 1109
982 298 31 1109
997 298 34 1109
5 111 1 300
19 111 3 300
85 111 5 300
99 111 7 300
106 111 9 300
120 111 11 300
129 111 13 300
158 111 15 300
200 111 17 300
259 111 19 300
291 111 21 300
392 111 25 300
400 111 23 300
425 111 27 300
524 111 29 300
578 111 31 300
592 111 33 300
625 111 35 300
645 111 41 300
646 111 37 300
663 111 39 300
666 111 43 300
704 111 45 300
722 111 47 300
765 111 49 300
766 111 51 300
855 111 53 300
857 111 55 300
876 111 57 300
892 111 59 300
939 111 1 731
958 111 3 731
4 356 1 807
168 356 3 807
196 356 5 807
257 356 7 807
263 356 9 807
358 356 11 807
366 356 13 807
376 356 15 807
393 356 17 807
406 356 19 807
417 356 21 807
443 356 23 807
512 356 25 807
547 356 27 807
616 356 29 807
652 356 31 807
707 356 33 807
724 356 35 807
755 356 37 807
756 356 39 807
779 356 41 807
836 356 43 807
885 356 45 807
887 356 47 807
959 356 49 807
960 356 51 807
999 356 53 807
7 383 1 1210
15 383 4 1210
30 383 7 1210
92 383 10 1210
102 383 13 1210
176 383 16 1210
228 383 19 1210
297 383 25 1210
337 383 22 1210
344 383 28 1210
398 383 31 1210
436 383 34 1210
450 383 37 1210
453 383 40 1210
455 383 43 1210
477 383 46 1210
519 383 49 1210
561 383 52 1210
615 383 55 1210
633 383 58 1210
664 383 1 860
703 383 4 860
800 383 7 860
811 383 10 860
816 383 13 860
872 383 16 860
918 383 19 860
948 383 22 860
42 243 1 382
79 243 3 382
107 243 5 382
116 243 7 382
181 243 9 382
190 243 11 382
191 243 13 382
210 243 15 382
224 243 17 382
263 243 19 382
269 243 21 382
286 243 23 382
310 243 25 382
356 243 27 382
409 243 29 382
525 243 31 382
531 243 33 382
538 243 35 382
541 243 37 382
609 243 39 382
640 243 41 382
683 243 43 382
698 243 45 382
711 243 47 382
720 243 49 382
738 243 51 382
745 243 53 382
765 243 55 382
780 243 57 382
784 243 59 382
789 243 1 9
853 243 3 9
864 243 5 9
884 243 7 9
950 243 9 9
10 275 1 130
13 275 7 130
57 275 13 130
65 275 19 130
97 275 25 130
198 275 31 130
255 275 37 130
269 275 43 130
296 275 49 130
333 275 55 130
359 275 1 902
386 275 7 902
387 275 13 902
416 275 19 902
527 275 25 902
578 275 33 902
715 275 37 902
741 275 43 902
772 275 49 902
853 275 55 902
874 275 1 1311
888 275 7 1311
895 275 13 1311
924 275 19 1311
947 275 25 1311
982 275 37 1311
988 275 31 1311
69 229 1 1071
73 229 4 1071
193 229 7 1071
258 229 10 1071
490 229 13 1071
528 229 16 1071
550 229 19 1071
602 229 22 1071
605 229 25 1071
611 229 28 1071
633 229 31 1071
644 229 34 1071
705 229 37 1071
720 229 40 1071
736 229 43 1071
846 229 46 1071
852 229 49 1071
865 229 52 1071
878 229 55 1071
960 229 58 1071
991 229 1 409
52 341 1 487
77 341 4 487
102 341 7 487
110 341 10 487
115 341 13 487
118 341 16 487
121 341 19 487
165 341 22 487
194 341 25 487
229 341 28 487
254 341 31 487
266 341 34 487
324 341 37 487
366 341 40 487
374 341 43 487
386 341 46 487
422 341 49 487
432 341 52 487
463 341 55 487
503 341 58 487
520 341 1 1485
564 341 4 1485
605 341 7 1485
639 341 10 1485
659 341 13 1485
698 341 16 1485
702 341 19 1485
703 341 22 1485
764 341 25 1485
772 341 28 1485
811 341 31 1485
827 341 34 1485
828 341 37 1485
984 341 40 1485
27 160 1 189
82 160 4 189
90 160 7 189
93 160 10 189
115 160 16 189
131 160 13 189
163 160 19 189
203 160 22 189
218 160 25 189
279 160 28 189
298 160 31 189
328 160 34 189
349 160 37 189
350 160 40 189
353 160 43 189
362 160 46 189
376 160 49 189
509 160 52 189
596 160 55 189
601 160 58 189
632 160 1 375
663 160 4 375
686 160 7 375
687 160 10 375
690 160 13 375
744 160 16 375
785 160 19 375
807 160 22 375
810 160 25 375
811 160 28 375
825 160 31 375
853 160 34 375
857 160 37 375
884 160 40 375
909 160 43 375
932 160 46 375
4 219 3 427
20 219 1 427
48 219 5 427
108 219 7 427
128 219 9 427
143 219 11 427
156 219 13 427
184 219 17 427
214 219 15 427
240 219 19 427
275 219 21 427
284 219 23 427
323 219 25 427
338 219 27 427
355 219 29 427
403 219 31 427
454 219 33 427
541 219 35 427
649 219 37 427
687 219 39 427
759 219 41 427
782 219 43 427
802 219 45 427
855 219 47 427
857 219 49 427
860 219 51 427
906 219 53 427
917 219 55 427
932 219 57 427
948 219 59 427
971 219 1 177
992 219 3 177
2 17 1 1326
9 17 7 1326
18 17 13 1326
36 17 19 1326
39 17 25 1326
43 17 31 1326
44 17 37 1326
86 17 43 1326
99 17 49 1326
140 17 55 1326
155 17 1 507
166 17 7 507
198 17 13 507
221 17 19 507
233 17 25 507
250 17 31 507
259 17 37 507
266 17 43 507
271 17 49 507
323 17 55 507
356 17 1 661
443 17 7 661
469 17 13 661
499 17 19 661
509 17 25 661
518 17 31 661
553 17 37 661
661 17 43 661
699 17 49 661
726 17 55 661
740 17 1 762
778 17 7 762
860 17 13 762
869 17 19 762
945 17 25 762
956 17 31 762
964 17 37 762
988 17 43 762
38 165 1 431
62 165 7 431
93 165 13 431
107 165 19 431
146 165 25 431
150 165 31 431
154 165 37 431
227 165 43 431
307 165 49 431
308 165 55 431
337 165 1 313
387 165 7 313
391 165 13 313
395 165 19 313
444 165 25 313
482 165 31 313
494 165 37 313
533 165 43 313
537 165 49 313
605 165 55 313
614 165 1 781
621 165 7 781
684 165 13 781
694 165 19 781
738 165 25 781
739 165 31 781
750 165 37 781
756 165 43 781
759 165 49 781
774 165 55 781
785 165 1 470
809 165 7 470
901 165 13 470
961 165 19 470
970 165 25 470
983 165 31 470
17 184 1 79
20 184 4 79
33 307 1 197
38 184 7 79
81 307 4 197
89 184 10 79
104 184 13 79
108 184 16 79
135 307 7 197
158 307 10 197
161 184 19 79
170 307 15 197
223 184 22 79
245 184 25 79
295 307 19 197
319 307 22 197
320 184 28 79
330 184 31 79
368 307 31 197
368 184 34 79
371 184 37 79
393 307 25 197
410 307 28 197
429 307 34 197
435 184 43 79
440 184 40 79
448 307 37 197
451 307 40 197
470 184 46 79
471 184 49 79
503 307 43 197
509 184 55 79
522 184 52 79
523 307 46 197
533 307 49 197
553 307 52 197
578 184 58 79
596 307 58 197
599 307 55 197
605 184 1 1001
622 307 1 663
633 307 4 663
641 307 7 663
691 307 10 663
717 307 13 663
771 184 4 1001
781 184 7 1001
782 184 10 1001
786 307 16 663
788 307 19 663
817 307 22 663
817 184 13 1001
854 184 16 1001
861 307 25 663
864 184 19 1001
871 307 28 663
889 184 22 1001
903 184 25 1001
910 184 28 1001
921 307 31 663
934 307 34 663
969 307 37 663
104 37 1 794
109 37 13 197
157 37 3 794
169 37 5 794
190 37 7 794
302 37 9 794
363 37 11 794
380 37 13 794
397 37 15 794
407 37 17 794
414 37 19 794
429 37 21 794
439 37 23 794
449 37 25 794
457 37 27 794
481 37 29 794
605 37 31 794
660 37 33 794
672 37 35 794
745 37 37 794
772 37 39 794
803 37 41 794
805 37 43 794
872 37 45 794
909 37 47 794
925 37 49 794
953 37 51 794
994 37 53 794
33 133 7 171
42 133 3 171
107 133 13 171
119 133 19 171
157 133 25 171
274 133 31 171
288 133 37 171
317 133 43 171
333 133 49 171
341 133 55 171
362 133 1 211
380 133 7 211
398 133 13 211
420 133 19 211
466 133 25 211
504 133 31 211
544 133 37 211
571 133 43 211
575 133 49 211
582 133 55 211
608 133 1 739
657 133 7 739
675 133 13 739
685 133 19 739
706 133 25 739
722 133 31 739
739 133 37 739
769 133 43 739
791 133 49 739
802 133 55 739
814 133 1 352
889 133 7 352
974 133 13 352
29 303 1 107
71 303 4 107
124 303 7 107
147 303 10 107
199 303 13 107
223 303 16 107
274 303 25 107
334 303 19 107
338 303 22 107
352 303 28 107
357 303 31 107
365 303 34 107
366 303 37 107
427 303 40 107
471 303 43 107
617 303 46 107
658 303 49 107
664 303 55 107
692 303 52 107
702 303 58 107
722 303 1 312
773 303 4 312
796 303 7 312
803 303 10 312
845 303 13 312
883 303 16 312
10 216 7 861
52 216 13 861
107 216 1 861
148 216 19 861
151 216 25 861
184 216 31 861
185 216 37 861
261 216 43 861
312 216 49 861
315 216 55 861
349 216 1 292
412 216 7 292
465 216 13 292
468 216 19 292
496 216 25 292
587 216 31 292
670 216 37 292
681 216 43 292
753 216 49 292
757 216 55 292
787 216 1 539
792 216 7 539
819 216 13 539
847 216 19 539
862 216 25 539
883 216 31 539
947 216 37 539
984 216 43 539
995 216 49 539
20 265 7 408
35 193 1 1168
63 193 3 1168
74 193 5 1168
109 193 7 1168
146 193 9 1168
175 193 11 1168
186 193 13 1168
214 265 1 408
216 265 3 408
227 193 17 1168
240 193 15 1168
248 193 19 1168
269 193 23 1168
279 193 21 1168
305 265 5 408
310 265 9 408
315 193 25 1168
329 265 11 408
404 193 27 1168
445 193 29 1168
463 265 13 408
480 193 31 1168
527 265 15 408
530 193 33 1168
541 193 39 1168
550 193 35 1168
559 265 17 408
567 193 37 1168
590 193 41 1168
591 193 43 1168
603 265 19 408
611 265 21 408
625 193 45 1168
672 265 23 408
698 193 47 1168
720 265 25 408
761 265 27 408
770 193 49 1168
775 265 29 408
783 265 31 408
797 193 51 1168
854 265 33 408
862 193 53 1168
868 265 35 408
875 193 55 1168
883 193 57 1168
890 265 37 408
898 265 39 408
906 265 41 408
962 193 59 1168
963 265 43 408
965 265 45 408
973 265 47 408
987 193 1 886
12 251 1 324
31 251 7 324
38 251 13 324
85 251 19 324
121 251 25 324
125 251 31 324
182 251 37 324
204 251 43 324
212 251 49 324
221 251 55 324
235 251 1 802
336 251 7 802
359 251 13 802
371 251 19 802
477 251 25 802
484 251 31 802
506 251 37 802
515 251 43 802
574 251 49 802
631 251 55 802
660 251 1 1033
662 251 7 1033
679 251 13 1033
704 251 19 1033
708 251 25 1033
747 251 31 1033
772 251 43 1033
804 251 37 1033
823 251 49 1033
893 251 57 1033
926 251 1 67
942 251 7 67
944 251 13 67
960 251 19 67
966 251 25 67
984 251 31 67
11 175 1 268
62 175 4 268
67 175 7 268
78 371 1 1161
99 371 4 1161
114 371 7 1161
122 175 10 268
148 371 10 1161
152 175 13 268
154 175 16 268
206 175 19 268
244 371 13 1161
246 371 16 1161
258 175 22 268
331 175 25 268
344 175 31 268
352 175 34 268
433 371 19 1161
438 371 22 1161
441 371 25 1161
484 371 28 1161
491 175 28 268
497 371 31 1161
511 175 37 268
516 371 34 1161
529 175 43 268
556 175 40 268
580 175 46 268
619 371 37 1161
622 371 40 1161
634 371 43 1161
636 175 49 268
661 175 52 268
685 175 55 268
695 175 58 268
724 175 1 367
748 371 46 1161
760 175 4 367
763 371 49 1161
788 175 7 367
789 175 10 367
812 175 13 367
823 371 55 1161
837 371 52 1161
839 175 16 367
928 175 19 367
963 371 58 1161
974 371 1 712
977 371 4 712
988 175 22 367
995 175 25 367
997 175 28 367
41 127 1 831
56 127 3 831
62 127 11 831
88 127 5 831
105 127 7 831
138 127 9 831
186 127 15 831
200 127 13 831
204 127 17 831
222 127 19 831
263 127 21 831
280 127 23 831
283 127 25 831
302 127 27 831
330 127 29 831
376 127 31 831
469 127 37 831
568 127 33 831
602 127 35 831
612 127 39 831
621 127 41 831
669 127 43 831
691 127 45 831
719 127 47 831
772 127 53 831
803 127 49 831
822 127 51 831
858 127 55 831
914 127 57 831
918 127 59 831
921 127 1 640
954 127 3 640
955 127 5 640
14 326 1 1381
83 257 1 527
95 257 13 527
136 257 7 527
148 326 13 1381
152 326 7 1381
157 326 19 1381
224 326 25 1381
232 257 19 527
257 326 31 1381
258 326 37 1381
280 326 43 1381
289 257 25 527
299 326 49 1381
300 326 55 1381
315 326 1 3
356 326 7 3
359 326 19 3
364 326 13 3
389 257 31 527
393 257 37 527
413 326 25 3
435 326 31 3
440 326 43 3
474 326 37 3
476 326 49 3
482 326 55 3
553 257 43 527
565 257 49 527
566 326 1 1276
581 257 55 527
610 326 7 1276
614 257 7 1404
643 257 1 1404
653 326 13 1276
665 257 13 1404
688 257 19 1404
698 257 25 1404
708 257 31 1404
729 257 37 1404
752 326 19 1276
788 326 25 1276
834 257 43 1404
838 257 49 1404
840 257 55 1404
852 257 1 191
869 326 31 1276
870 257 7 191
873 326 37 1276
889 326 43 1276
894 257 13 191
907 257 19 191
933 326 49 1276
978 257 25 191
994 257 31 191
995 257 37 191
15 368 1 1440
68 115 1 347
87 115 4 347
98 368 4 1440
116 115 9 347
139 115 13 347
148 115 25 347
156 115 16 347
203 115 19 347
213 368 7 1440
221 115 28 347
229 115 22 347
232 368 10 1440
232 115 31 347
279 115 34 347
305 115 37 347
325 115 40 347
372 368 13 1440
378 368 16 1440
381 368 19 1440
396 368 22 1440
403 115 43 347
411 368 25 1440
416 368 28 1440
423 115 46 347
481 368 31 1440
487 115 49 347
490 368 34 1440
538 368 37 1440
540 368 40 1440
575 368 43 1440
594 368 46 1440
595 115 52 347
603 368 49 1440
664 115 58 347
712 368 52 1440
724 115 55 347
727 115 1 1204
770 368 55 1440
771 368 58 1440
802 115 4 1204
838 115 7 1204
841 368 1 1458
845 368 4 1458
849 115 10 1204
850 368 7 1458
879 115 13 1204
886 368 10 1458
890 368 13 1458
893 115 16 1204
908 115 19 1204
909 368 16 1458
910 368 19 1458
917 368 22 1458
942 115 22 1204
952 368 25 1458
975 368 28 1458
976 368 31 1458
994 368 37 1458
20 258 11 106
35 258 5 106
45 258 17 106
67 258 23 106
78 258 29 106
86 258 35 106
107 258 41 106
112 258 47 106
121 258 53 106
122 258 59 106
178 258 7 640
222 258 9 640
296 258 11 640
312 258 13 640
319 258 15 640
389 258 17 640
437 258 19 640
449 258 21 640
453 258 23 640
462 258 25 640
505 258 27 640
515 258 29 640
559 258 31 640
575 258 33 640
609 258 35 640
628 258 37 640
759 258 39 640
793 258 41 640
818 258 43 640
834 258 47 640
895 258 45 640
896 258 49 640
919 258 51 640
934 258 53 640
958 258 55 640
968 258 57 640
976 258 1 434
993 258 59 640
44 48 1 151
191 48 7 151
280 48 13 151
287 48 19 151
303 48 25 151
321 48 31 151
358 48 37 151
391 48 43 151
426 48 49 151
456 48 55 151
478 48 1 684
490 48 7 684
563 48 13 684
564 48 19 684
650 48 25 684
686 48 31 684
721 48 37 684
740 48 43 684
761 48 49 684
788 48 55 684
868 48 1 923
877 48 7 923
950 48 13 923
951 48 19 923
981 48 25 923
11 139 4 412
19 399 7 243
24 399 1 243
65 139 1 412
69 139 7 412
80 139 10 412
101 399 4 243
105 139 13 412
113 139 16 412
118 399 10 243
120 399 13 243
129 139 19 412
138 139 22 412
154 399 19 243
167 399 16 243
168 399 22 243
191 399 25 243
207 139 25 412
224 399 31 243
242 139 28 412
247 139 31 412
309 139 34 412
342 139 37 412
381 399 28 243
441 399 34 243
452 139 40 412
469 139 43 412
470 399 37 243
476 399 40 243
497 399 43 243
573 139 49 412
580 399 49 243
582 139 52 412
608 399 46 243
609 139 46 412
625 139 55 412
651 399 52 243
656 139 58 412
665 399 55 243
667 399 58 243
682 139 1 139
736 139 4 139
798 399 1 294
807 139 7 139
821 139 10 139
827 139 13 139
828 399 4 294
844 399 7 294
858 399 10 294
886 399 13 294
899 139 16 139
903 399 16 294
948 139 19 139
974 399 19 294
975 399 22 294
979 399 25 294
6 61 5 177
9 61 11 177
29 61 7 177
56 61 9 177
104 61 16 177
131 61 19 177
154 61 13 177
170 61 21 177
195 61 23 177
335 61 25 177
433 61 27 177
481 61 34 177
554 61 29 177
582 61 31 177
600 61 37 177
603 61 39 177
636 61 41 177
637 61 43 177
724 61 45 177
743 61 47 177
799 61 49 177
810 61 51 177
843 61 53 177
913 61 55 177
916 61 59 177
939 61 57 177
954 61 1 393
966 61 3 393
7 31 7 623
8 31 1 623
17 31 13 623
31 31 19 623
35 31 25 623
52 31 31 623
63 31 37 623
64 208 1 876
65 208 7 876
67 208 13 876
84 208 19 876
102 208 25 876
129 208 31 876
133 31 43 623
134 208 37 876
134 31 49 623
138 208 43 876
156 31 55 623
175 31 37 67
193 208 49 876
230 31 43 67
285 208 55 876
289 31 49 67
294 208 1 564
308 31 43 191
318 208 7 564
323 208 13 564
361 31 55 67
388 208 19 564
399 31 49 191
401 208 25 564
407 208 31 564
428 31 55 191
433 31 1 1073
436 31 7 1073
443 208 37 564
458 208 43 564
459 31 13 1073
505 208 49 564
517 31 19 1073
527 31 31 1073
542 31 25 1073
549 31 39 1073
557 31 43 1073
566 208 55 564
579 208 37 470
585 208 43 470
593 31 49 1073
603 31 55 1073
614 31 13 1491
627 31 7 1491
651 208 55 470
652 31 1 1491
692 31 19 1491
697 208 49 470
699 31 25 1491
764 208 1 570
769 31 31 1491
782 31 37 1491
793 208 7 570
807 208 13 570
817 208 25 570
822 208 19 570
834 208 31 570
848 31 43 1491
849 31 49 1491
888 31 55 1491
905 31 1 563
918 31 7 563
936 31 13 563
943 31 19 563
975 208 37 570
29 254 4 304
52 254 7 304
77 254 1 304
129 254 10 304
158 254 19 304
196 254 13 304
267 254 16 304
301 254 22 304
308 254 25 304
345 254 28 304
352 254 31 304
360 254 34 304
370 254 37 304
374 254 40 304
418 254 43 304
427 254 46 304
457 254 49 304
475 254 52 304
510 254 55 304
526 254 58 304
546 254 1 1303
589 254 4 1303
668 254 7 1303
785 254 10 1303
790 254 13 1303
850 254 16 1303
859 254 19 1303
912 254 22 1303
915 254 25 1303
972 254 28 1303
988 254 37 1303
5 19 25 139
96 19 31 139
174 19 37 139
260 19 43 139
313 19 49 139
316 19 55 139
325 19 1 1016
328 19 7 1016
348 19 13 1016
356 19 19 1016
378 19 25 1016
381 19 31 1016
397 19 37 1016
414 19 43 1016
432 19 55 1016
450 19 49 1016
464 19 1 1371
482 19 7 1371
537 19 13 1371
542 19 19 1371
572 19 25 1371
578 19 37 1371
681 19 31 1371
700 19 43 1371
704 19 49 1371
792 19 55 1371
814 19 7 114
879 19 1 114
926 19 15 114
957 19 19 114
973 19 25 114
26 400 1 15
27 400 4 15
57 400 7 15
120 400 9 15
148 400 17 15
202 400 11 15
204 400 13 15
236 400 15 15
297 400 23 15
302 400 19 15
314 400 21 15
328 400 25 15
341 400 27 15
460 400 31 15
492 400 29 15
517 400 33 15
524 400 35 15
531 400 37 15
544 400 41 15
574 400 39 15
657 400 43 15
704 400 47 15
774 400 45 15
775 400 49 15
816 400 51 15
833 400 53 15
854 400 55 15
862 400 57 15
874 400 59 15
888 400 1 42
898 400 3 42
916 400 5 42
934 400 7 42
935 400 9 42
994 400 11 42
68 306 4 799
88 306 1 799
115 306 7 799
143 306 13 799
197 306 10 799
219 306 16 799
287 306 25 799
322 306 19 799
358 306 22 799
361 306 28 799
404 306 31 799
423 306 34 799
438 306 37 799
442 306 40 799
526 306 43 799
604 306 46 799
607 306 49 799
615 306 52 799
655 306 55 799
714 306 58 799
768 306 1 992
884 306 4 992
917 306 7 992
925 306 10 992
958 306 13 992
3 350 1 227
83 350 7 227
110 350 4 227
155 350 10 227
156 350 19 227
212 350 13 227
213 350 16 227
266 350 22 227
311 350 25 227
378 350 37 227
434 350 28 227
436 350 31 227
437 350 34 227
526 350 40 227
548 350 43 227
560 350 46 227
570 350 49 227
583 350 52 227
647 350 55 227
665 350 58 227
684 350 1 46
701 350 4 46
719 350 7 46
775 350 10 46
778 350 13 46
812 350 16 46
830 350 19 46
839 350 22 46
875 350 25 46
902 350 28 46
940 350 31 46
975 350 34 46
996 350 37 46
7 377 4 167
8 377 7 167
10 377 11 167
33 377 13 167
47 377 1 167
150 377 9 167
154 377 22 167
163 377 15 167
211 377 17 167
257 377 19 167
294 377 25 167
350 377 27 167
370 377 29 167
403 377 33 167
419 377 31 167
481 377 37 167
483 377 35 167
513 377 39 167
531 377 41 167
576 377 43 167
612 377 45 167
675 377 47 167
689 377 49 167
747 377 51 167
762 377 55 167
772 377 57 167
818 377 53 167
873 377 59 167
991 377 5 313
993 377 11 313
27 201 7 185
33 201 4 185
40 201 9 185
76 201 1 185
91 201 11 185
95 201 17 185
98 201 13 185
113 201 19 185
116 201 15 185
129 201 22 185
139 201 25 185
147 201 27 185
169 201 29 185
179 201 31 185
181 201 33 185
187 201 35 185
198 201 37 185
216 201 39 185
241 201 41 185
257 201 43 185
258 201 45 185
275 201 47 185
293 201 49 185
312 201 53 185
350 201 51 185
382 201 55 185
426 201 57 185
430 201 59 185
456 201 1 1350
479 201 3 1350
501 201 5 1350
555 201 7 1350
556 201 9 1350
558 201 11 1350
562 201 13 1350
589 201 15 1350
644 201 17 1350
649 201 19 1350
718 201 21 1350
723 201 23 1350
742 201 25 1350
805 201 27 1350
820 201 29 1350
821 201 31 1350
850 201 33 1350
884 201 35 1350
929 201 37 1350
945 201 39 1350
946 201 41 1350
980 201 43 1350
17 12 7 409
40 245 13 208
41 245 3 208
61 245 7 208
74 245 19 208
99 12 13 409
107 245 25 208
118 12 19 409
185 12 25 409
200 245 31 208
230 12 31 409
300 12 37 409
306 12 43 409
310 245 37 208
311 245 43 208
312 245 55 208
338 245 49 208
343 245 1 668
348 245 7 668
378 245 19 668
380 245 15 668
399 12 55 409
400 12 49 409
456 245 25 668
462 245 31 668
486 12 1 764
526 12 7 764
563 12 19 764
564 245 37 668
580 12 13 764
588 245 43 668
591 12 25 764
594 12 31 764
605 12 37 764
638 12 43 764
642 12 49 764
643 12 55 764
651 245 1 930
666 12 1 926
723 12 7 926
725 245 49 668
760 12 13 926
776 245 55 668
784 12 19 926
787 245 7 930
806 245 13 930
821 12 25 926
824 245 19 930
839 245 25 930
841 245 31 930
865 245 37 930
900 245 43 930
908 245 49 930
943 245 55 930
959 245 13 9
969 245 19 9
998 245 25 9
8 276 9 702
42 276 13 702
53 276 1 702
65 276 4 702
77 276 16 702
84 276 25 702
92 276 19 702
151 276 22 702
156 276 28 702
208 276 31 702
209 276 34 702
220 276 37 702
238 276 40 702
258 276 49 702
368 276 43 702
372 276 46 702
401 276 52 702
417 276 55 702
456 276 31 114
462 276 58 702
466 276 34 114
494 276 43 114
651 276 37 114
684 276 40 114
705 276 46 114
713 276 49 114
720 276 52 114
727 276 55 114
810 276 58 114
843 276 1 97
845 276 7 97
858 276 4 97
922 276 10 97
931 276 13 97
943 276 16 97
968 276 19 97
987 276 22 97
8 223 5 634
30 223 1 634
50 223 3 634
53 223 7 634
55 223 9 634
58 223 11 634
119 223 13 634
143 223 16 634
172 223 19 634
189 223 21 634
191 223 23 634
247 223 25 634
262 223 27 634
264 223 29 634
385 223 31 634
393 223 33 634
414 223 35 634
424 223 37 634
425 223 39 634
431 223 41 634
449 223 43 634
517 223 45 634
577 223 47 634
588 223 49 634
642 223 53 634
651 223 59 634
667 223 51 634
673 223 57 634
713 223 55 634
726 223 31 367
764 223 33 367
774 223 35 367
781 223 37 367
853 223 39 367
883 223 41 367
931 223 43 367
939 223 45 367
956 223 47 367
13 26 1 80
27 26 9 80
48 26 13 80
55 26 19 80
123 26 25 80
180 26 31 80
184 26 37 80
249 26 43 80
274 26 49 80
321 26 55 80
341 26 1 472
360 26 7 472
412 26 13 472
444 26 19 472
477 26 31 472
480 26 25 472
511 26 43 472
530 26 37 472
548 26 49 472
670 26 55 472
790 26 1 808
844 26 13 808
846 26 7 808
899 26 19 808
924 26 25 808
947 26 31 808
959 26 37 808
16 372 1 154
22 372 4 154
40 280 19 682
42 372 7 154
60 280 1 682
67 372 10 154
82 232 1 599
83 280 10 682
91 280 7 682
103 372 13 154
111 232 4 599
117 280 4 682
134 280 13 682
152 280 16 682
160 280 22 682
176 280 25 682
186 232 7 599
202 280 28 682
221 372 16 154
234 232 10 599
257 280 37 682
273 372 19 154
281 232 13 599
314 372 25 154
316 280 31 682
343 280 34 682
367 280 40 682
376 372 22 154
381 232 16 599
381 280 43 682
385 280 46 682
390 232 19 599
395 232 25 599
405 280 49 682
421 280 52 682
424 372 28 154
434 232 22 599
455 232 28 599
461 280 55 682
475 232 31 599
493 232 34 599
500 372 37 154
508 232 40 599
508 280 58 682
515 232 37 599
518 232 43 599
530 280 1 729
532 372 31 154
542 280 4 729
544 232 46 599
545 232 49 599
569 232 52 599
592 232 55 599
613 280 7 729
630 372 34 154
639 280 13 729
644 280 10 729
658 372 40 154
676 232 58 599
690 372 43 154
692 232 1 734
700 372 49 154
701 372 46 154
704 232 4 734
717 232 7 734
719 280 16 729
755 372 52 154
766 372 55 154
798 372 58 154
801 280 19 729
810 280 22 729
819 372 1 98
830 372 4 98
834 232 10 734
862 232 13 734
875 372 7 98
888 372 13 98
892 280 25 729
908 372 10 98
911 372 16 98
921 372 19 98
937 280 28 729
951 280 31 729
962 372 22 98
974 280 34 729
975 232 16 734
986 372 25 98
991 232 21 734
24 268 7 1151
80 268 1 1151
89 268 13 1151
117 268 19 1151
127 268 25 1151
136 268 31 1151
164 268 37 1151
180 268 43 1151
247 268 49 1151
265 268 55 1151
272 268 55 539
274 268 1 617
277 268 7 617
330 268 13 617
404 268 19 617
406 268 25 617
434 268 31 617
453 268 43 617
459 268 37 617
475 268 55 617
476 268 1 750
499 268 49 617
529 268 7 750
563 268 25 750
572 268 13 750
574 268 19 750
616 268 31 750
677 268 37 750
696 268 43 750
719 268 49 750
740 268 55 750
743 268 1 767
771 268 7 767
784 268 13 767
818 268 19 767
836 268 25 767
841 268 37 767
913 268 31 767
920 268 43 767
975 268 49 767
979 268 55 767
998 268 7 818
24 213 4 236
35 213 7 236
37 213 1 236
68 233 55 794
74 213 10 236
82 213 13 236
86 233 58 794
116 233 21 270
123 233 31 270
137 233 25 270
158 213 22 236
223 213 19 236
226 213 16 236
245 233 28 270
246 233 34 270
248 213 25 236
270 233 37 270
275 213 28 236
279 213 31 236
314 233 40 270
358 213 34 236
373 233 43 270
420 233 46 270
421 233 49 270
422 213 37 236
479 213 40 236
521 233 52 270
533 233 55 270
540 233 58 270
593 213 43 236
612 233 1 400
634 213 46 236
637 233 4 400
698 233 7 400
728 213 49 236
755 233 10 400
763 233 13 400
790 213 52 236
796 213 55 236
815 233 19 400
835 213 58 236
849 213 31 926
850 213 37 926
861 213 34 926
867 213 40 926
890 233 16 400
931 233 22 400
952 233 28 400
955 233 25 400
979 213 43 926
48 179 1 419
59 179 3 419
71 179 7 419
86 179 5 419
98 179 9 419
104 179 11 419
156 179 22 419
203 179 13 419
253 179 15 419
306 179 17 419
312 179 19 419
314 179 28 419
347 179 25 419
394 179 31 419
407 179 35 419
449 179 33 419
494 179 41 419
500 179 43 419
511 179 47 419
523 179 37 419
584 179 39 419
591 179 45 419
622 179 49 419
645 179 51 419
711 179 53 419
882 179 55 419
900 179 57 419
914 179 59 419
915 179 1 804
932 179 3 804
974 179 5 804
10 75 13 641
17 246 31 98
87 246 37 98
95 246 43 98
96 75 1 641
100 75 7 641
102 75 19 641
107 75 31 641
116 246 49 98
143 246 55 98
197 75 25 641
199 75 37 641
211 75 43 641
214 75 49 641
218 246 1 204
222 246 13 204
259 246 7 204
265 246 19 204
268 75 55 641
268 246 25 204
330 75 1 1084
339 246 31 204
340 75 7 1084
359 75 25 1084
363 246 37 204
402 75 13 1084
403 246 49 204
412 246 43 204
447 75 19 1084
470 75 31 1084
514 246 55 204
517 246 1 250
551 246 7 250
552 75 37 1084
554 75 43 1084
570 75 55 1084
582 246 13 250
637 246 19 250
648 246 25 250
661 75 1 33
677 246 31 250
730 75 49 1084
735 75 7 33
745 246 39 250
764 246 43 250
793 246 49 250
805 246 55 250
807 246 1 738
809 246 13 738
860 75 19 33
868 246 7 738
891 75 13 33
908 246 25 738
909 246 19 738
913 75 25 33
916 246 31 738
950 75 31 33
961 246 37 738
990 75 37 33
28 188 1 145
50 188 5 145
69 188 10 145
76 188 3 145
77 188 7 145
115 188 19 145
126 188 13 145
153 188 15 145
184 188 21 145
187 188 17 145
314 188 23 145
422 188 25 145
433 188 29 145
473 188 27 145
485 188 31 145
584 188 33 145
668 188 35 145
676 188 37 145
743 188 39 145
779 188 43 145
855 188 41 145
888 188 45 145
916 188 47 145
918 188 49 145
934 188 51 145
979 188 53 145
59 373 7 796
61 373 1 796
85 373 13 796
95 373 19 796
144 373 25 796
289 373 31 796
302 373 37 796
326 373 43 796
338 373 55 796
348 373 49 796
385 373 1 1133
389 373 7 1133
487 373 13 1133
522 373 19 1133
532 373 25 1133
535 373 31 1133
536 373 37 1133
540 373 43 1133
572 373 49 1133
573 373 55 1133
622 373 7 222
663 373 13 222
775 373 19 222
780 373 1 222
784 373 25 222
831 373 31 222
836 373 37 222
934 373 43 222
979 373 49 222
981 373 55 222
11 200 49 375
12 200 52 375
20 358 13 1478
20 200 55 375
22 284 1 1094
26 284 4 1094
30 200 58 375
30 284 10 1094
41 358 7 1478
44 273 7 804
58 273 13 804
72 358 1 1478
85 284 7 1094
123 273 10 804
137 273 16 804
147 284 13 1094
149 284 16 1094
165 273 19 804
176 273 22 804
178 284 19 1094
193 200 1 505
196 358 10 1478
206 358 4 1478
210 284 22 1094
214 273 25 804
216 200 7 505
219 273 28 804
226 273 31 804
230 284 25 1094
240 358 21 1478
242 200 4 505
258 284 28 1094
261 284 31 1094
264 358 16 1478
277 358 25 1478
278 273 34 804
286 200 10 505
294 200 13 505
307 273 37 804
311 358 28 1478
320 273 40 804
323 273 43 804
326 358 31 1478
329 273 46 804
364 273 49 804
374 284 34 1094
392 284 37 1094
422 284 40 1094
424 273 52 804
430 358 34 1478
434 358 37 1478
437 200 16 505
445 284 43 1094
462 358 40 1478
476 273 55 804
479 200 19 505
494 273 58 804
496 284 46 1094
513 273 1 1249
524 358 43 1478
534 273 4 1249
534 284 49 1094
536 284 52 1094
548 273 7 1249
550 200 22 505
550 284 55 1094
560 200 25 505
563 358 46 1478
565 273 10 1249
571 273 13 1249
600 358 49 1478
607 358 52 1478
629 273 16 1249
641 284 58 1094
652 273 19 1249
655 284 4 409
656 273 22 1249
662 284 1 1348
670 284 4 1348
685 358 58 1478
696 284 7 1348
697 358 1 1366
714 200 28 505
714 273 25 1249
732 284 10 1348
742 358 55 1478
743 200 31 505
759 273 28 1249
760 358 7 1366
766 200 34 505
768 358 4 1366
771 284 13 1348
773 358 10 1366
785 358 13 1366
788 358 16 1366
810 284 16 1348
816 284 19 1348
821 358 19 1366
824 284 25 1348
842 273 31 1249
849 200 37 505
850 273 40 1249
851 358 22 1366
857 273 34 1249
866 200 40 505
880 284 22 1348
887 284 28 1348
907 284 31 1348
921 358 25 1366
928 273 37 1249
929 273 43 1249
933 284 34 1348
939 273 49 1249
946 358 28 1366
947 358 43 1366
949 284 37 1348
950 284 40 1348
987 358 31 1366
996 200 43 505
998 358 34 1366
999 284 43 1348
15 346 7 712
27 267 13 495
44 346 13 712
50 346 19 712
79 267 19 495
80 346 25 712
84 267 31 495
110 267 25 495
123 346 37 712
134 267 43 495
142 346 31 712
148 267 37 495
176 346 43 712
199 267 49 495
205 267 55 495
218 346 49 712
228 346 55 712
235 267 7 200
250 267 1 200
267 346 1 4
277 267 19 200
279 346 7 4
282 346 13 4
293 346 19 4
345 346 31 4
346 267 13 200
350 267 31 200
359 346 37 4
378 346 43 4
426 267 25 200
427 267 49 200
454 346 25 4
479 346 49 4
523 346 55 4
542 346 7 529
555 267 37 200
558 346 1 529
600 346 13 529
609 267 1 696
616 267 43 200
660 346 19 529
719 267 55 200
730 267 7 696
732 346 25 529
748 267 13 696
765 346 31 529
793 267 19 696
795 346 37 529
801 267 25 696
813 346 43 529
830 267 31 696
844 346 49 529
854 267 37 696
859 346 55 529
878 346 1 547
904 346 7 547
907 267 43 696
928 267 49 696
984 346 13 547
1000 267 55 696
44 221 55 145
118 221 58 145
144 221 1 1397
157 221 7 1397
228 221 4 1397
260 221 10 1397
322 221 13 1397
409 221 16 1397
465 221 19 1397
483 221 22 1397
497 221 25 1397
504 221 28 1397
512 221 31 1397
527 221 37 1397
631 221 34 1397
664 221 40 1397
668 221 43 1397
707 221 46 1397
721 221 49 1397
753 221 55 1397
758 221 52 1397
799 221 58 1397
805 221 1 102
827 221 4 102
858 221 7 102
884 221 10 102
900 221 13 102
926 221 19 102
931 221 16 102
964 221 22 102
978 221 31 102
32 248 3 77
45 248 1 77
47 248 5 77
54 248 7 77
63 248 9 77
65 315 11 1392
82 9 7 766
85 248 11 77
97 248 13 77
103 9 1 766
106 315 1 1392
112 315 3 1392
117 248 15 77
128 248 17 77
129 315 5 1392
131 315 7 1392
142 248 19 77
146 9 3 766
156 9 9 766
177 248 21 77
187 248 23 77
203 9 5 766
205 315 9 1392
205 248 25 77
211 315 13 1392
223 248 27 77
227 9 11 766
237 248 29 77
240 315 17 1392
242 248 31 77
243 315 15 1392
252 248 33 77
253 9 13 766
278 9 15 766
281 248 35 77
284 9 17 766
307 248 40 77
318 248 37 77
320 9 19 766
321 248 43 77
323 248 46 77
324 315 19 1392
327 248 49 77
328 9 21 766
363 9 23 766
370 9 25 766
379 315 21 1392
392 315 27 1392
399 248 53 77
400 9 27 766
407 315 23 1392
429 315 25 1392
443 315 29 1392
460 9 33 766
489 248 51 77
504 248 55 77
521 9 29 766
524 9 31 766
528 248 57 77
560 248 59 77
574 315 31 1392
577 315 33 1392
585 248 1 93
601 248 3 93
611 248 5 93
618 315 35 1392
663 248 7 93
687 248 16 93
699 9 35 766
704 315 37 1392
710 248 9 93
714 9 37 766
721 9 41 766
727 248 11 93
732 315 39 1392
761 248 13 93
762 9 39 766
762 315 41 1392
799 315 43 1392
803 9 43 766
824 315 45 1392
829 248 19 93
863 315 47 1392
865 9 45 766
872 9 47 766
887 9 49 766
901 248 21 93
939 315 52 1392
944 248 23 93
952 248 31 93
971 315 49 1392
983 9 51 766
80 59 55 1249
91 59 25 102
106 59 37 102
130 59 43 102
170 59 49 102
225 59 55 102
264 59 1 1091
305 59 7 1091
349 59 13 1091
365 59 19 1091
432 59 25 1091
452 59 31 1091
507 59 37 1091
635 59 43 1091
647 59 49 1091
677 59 55 1091
861 59 1 1004
871 59 7 1004
938 59 13 1004
981 59 19 1004
14 136 31 1303
26 131 7 1427
27 136 34 1303
43 131 1 1427
68 131 10 1427
68 136 40 1303
83 136 43 1303
100 136 46 1303
111 131 13 1427
118 131 4 1427
128 136 49 1303
130 136 52 1303
147 131 16 1427
150 131 19 1427
159 131 22 1427
172 136 55 1303
173 136 58 1303
226 136 1 65
237 136 4 65
246 131 31 1427
268 136 7 65
273 136 10 65
282 131 25 1427
305 131 28 1427
348 131 34 1427
358 131 43 1427
365 136 13 65
367 131 37 1427
372 136 16 65
395 131 40 1427
409 136 19 65
419 131 46 1427
435 136 22 65
463 131 49 1427
475 131 46 1249
497 136 28 65
508 136 25 65
526 136 31 65
533 136 34 65
538 131 52 1427
563 136 37 65
575 131 55 1427
583 136 40 65
591 131 58 1427
593 136 46 65
619 136 43 65
635 131 52 1249
638 131 1 835
646 136 49 65
667 136 55 65
680 131 4 835
708 131 7 835
715 131 10 835
733 136 52 65
750 136 58 65
798 131 13 835
871 131 16 835
892 136 1 219
933 131 19 835
954 131 22 835
961 131 25 835
965 136 4 219
967 136 7 219
981 131 31 835
995 131 28 835
1000 136 10 219
37 364 4 299
46 364 1 299
75 16 5 641
143 16 23 641
192 364 7 299
202 16 17 641
270 16 11 641
287 16 29 641
292 16 35 641
296 16 41 641
302 364 11 299
321 364 9 299
325 16 47 641
343 364 13 299
344 364 15 299
345 16 53 641
403 16 59 641
463 16 1 170
480 16 3 170
492 364 17 299
495 16 5 170
514 16 7 170
518 16 9 170
548 16 11 170
551 364 19 299
551 16 13 170
587 364 21 299
587 16 15 170
601 364 23 299
602 16 17 170
606 364 25 299
631 364 27 299
632 16 19 170
643 364 29 299
653 16 21 170
658 16 23 170
667 364 31 299
685 16 25 170
688 364 33 299
694 16 27 170
695 364 35 299
710 16 29 170
727 364 37 299
751 16 31 170
770 16 33 170
776 16 35 170
787 16 37 170
797 16 39 170
812 364 39 299
820 364 41 299
826 364 43 299
831 16 41 170
844 16 43 170
864 16 45 170
879 364 45 299
925 364 47 299
976 16 47 170
52 43 4 454
57 231 1 885
91 231 13 885
101 43 1 454
122 231 4 885
123 43 7 454
167 231 7 885
180 43 10 454
204 231 10 885
248 43 13 454
258 43 16 454
264 43 19 454
276 231 16 885
289 231 19 885
292 43 22 454
318 231 22 885
374 43 25 454
384 231 25 885
421 43 28 454
426 231 31 885
443 231 34 885
454 231 37 885
489 231 28 885
500 231 40 885
528 231 43 885
568 231 46 885
609 231 49 885
610 43 31 454
628 231 52 885
636 43 34 454
679 43 37 454
680 231 55 885
715 43 43 454
729 43 46 454
739 231 58 885
779 231 1 1466
783 43 40 454
808 231 4 1466
814 231 13 1466
843 231 9 1466
853 43 49 454
866 231 16 1466
897 43 52 454
901 231 25 1466
908 231 22 1466
914 43 1 500
915 43 55 454
937 43 58 454
941 231 19 1466
954 43 7 500
971 43 4 500
987 231 28 1466
990 231 31 1466
63 83 1 1295
69 83 4 1295
99 83 9 1295
158 83 13 1295
159 83 7 1295
179 83 11 1295
220 83 15 1295
242 83 17 1295
287 83 23 1295
304 83 19 1295
326 83 21 1295
430 83 25 1295
455 83 31 1295
475 83 27 1295
586 83 29 1295
597 83 33 1295
604 83 35 1295
652 83 37 1295
703 83 39 1295
712 83 41 1295
729 83 43 1295
777 83 45 1295
864 83 47 1295
872 83 49 1295
876 83 51 1295
882 83 53 1295
970 83 55 1295
974 83 57 1295
7 250 49 299
47 180 7 47
58 250 55 299
68 250 13 1482
95 180 1 47
109 250 55 807
120 180 19 47
121 250 1 1482
142 178 1 108
166 180 13 47
186 250 19 1482
216 178 13 108
235 178 19 108
239 180 25 47
240 178 7 108
253 178 25 108
283 178 31 108
295 178 37 108
301 180 31 47
340 180 37 47
384 250 7 1482
398 180 43 47
459 250 25 1482
466 250 37 1482
481 178 43 108
488 250 31 1482
501 178 49 108
506 180 49 47
508 250 43 1482
519 178 55 108
554 178 1 935
561 250 55 1482
567 250 49 1482
570 178 7 935
579 178 13 935
581 250 37 835
587 180 55 47
595 180 1 142
596 178 19 935
621 178 25 935
661 178 31 935
682 180 7 142
689 180 13 142
700 178 37 935
709 180 19 142
721 178 43 935
736 178 49 935
740 180 25 142
754 178 55 935
757 180 31 142
770 250 43 835
780 178 49 408
794 250 49 835
795 250 55 835
804 180 43 142
825 178 55 408
826 250 1 1248
844 180 37 142
864 180 49 142
867 180 55 142
887 178 1 331
891 180 1 746
916 250 7 1248
917 178 13 331
931 250 25 1248
939 178 7 331
948 178 25 331
962 250 13 1248
963 250 19 1248
972 180 7 746
985 180 13 746
1000 180 19 746
47 49 11 876
71 49 17 876
114 49 5 876
127 49 23 876
183 49 29 876
211 49 35 876
212 49 41 876
249 49 47 876
271 49 53 876
278 49 59 876
285 49 29 102
371 49 34 102
475 49 41 102
509 49 47 102
510 49 53 102
515 49 59 102
583 49 5 1491
586 49 11 1491
613 49 17 1491
617 49 23 1491
642 49 29 1491
665 49 35 1491
685 49 41 1491
723 49 47 1491
758 49 59 1491
762 49 19 312
772 49 21 312
779 49 53 1491
797 49 23 312
869 49 25 312
875 49 28 312
897 49 31 312
919 49 33 312
937 49 35 312
946 49 37 312
18 365 1 548
22 41 7 172
23 333 1 743
34 226 1 1140
49 226 7 1140
54 41 1 172
59 365 13 548
61 365 19 548
61 333 13 743
74 365 25 548
79 365 7 548
81 41 13 172
90 365 31 548
102 41 31 172
147 41 19 172
149 333 7 743
183 365 37 548
194 226 13 1140
195 226 19 1140
196 333 19 743
199 226 25 1140
200 365 43 548
207 226 31 1140
271 226 37 1140
272 41 25 172
280 333 25 743
303 41 37 172
309 365 49 548
314 333 31 743
317 333 37 743
335 41 43 172
379 333 43 743
381 365 55 548
391 333 49 743
399 41 1 449
403 333 55 743
408 333 1 334
428 365 43 1140
450 333 7 334
457 365 55 1140
484 333 13 334
485 365 49 1140
487 333 19 334
510 333 25 334
518 41 49 172
523 41 7 449
547 41 55 172
549 41 13 449
569 365 1 1379
570 226 1 1201
578 365 7 1379
589 365 19 1379
598 333 31 334
605 333 43 334
611 333 37 334
612 226 7 1201
620 226 13 1201
621 226 19 1201
645 333 55 334
651 333 7 1287
660 365 13 1379
669 333 1 1287
690 226 25 1201
696 333 49 334
702 226 31 1201
706 41 19 449
728 226 37 1201
739 41 25 449
744 41 31 449
745 226 43 1201
770 226 51 1201
770 333 13 1287
783 226 55 1201
792 365 25 1379
795 365 31 1379
797 41 43 449
814 365 37 1379
817 365 43 1379
849 226 55 449
856 226 37 449
892 226 49 449
900 226 1 519
929 365 49 1379
954 333 25 1287
964 226 7 519
964 41 1 1464
972 365 55 1379
977 333 19 1287
985 41 7 1464
990 365 7 393
1000 41 13 1464
2 357 7 618
28 357 3 618
41 206 10 846
104 206 3 846
120 357 16 618
131 357 10 618
205 206 13 846
242 206 7 846
294 357 19 618
299 206 16 846
310 357 13 618
354 206 19 846
370 206 22 846
401 357 22 618
442 206 25 846
447 357 25 618
453 206 28 846
457 357 31 618
475 357 34 618
478 206 31 846
485 357 28 618
506 206 34 846
540 206 37 846
564 206 46 846
571 357 37 618
586 357 43 618
595 206 40 846
599 206 43 846
617 357 40 618
630 357 46 618
659 206 55 846
707 206 49 846
710 357 49 618
725 357 55 618
732 357 52 618
736 206 58 846
763 206 52 846
769 357 58 618
780 357 10 500
821 206 1 262
836 206 4 262
837 357 13 500
841 206 7 262
891 206 10 262
893 357 19 500
895 357 22 500
895 206 19 262
910 357 16 500
923 206 13 262
925 357 25 500
928 206 16 262
953 206 22 262
956 357 28 500
3 166 4 863
4 166 7 863
4 56 5 743
17 56 11 743
49 56 17 743
72 56 23 743
88 166 9 863
108 56 29 743
119 56 35 743
131 56 41 743
140 56 47 743
145 56 53 743
165 166 1 863
167 166 11 863
170 56 59 743
206 56 1 728
217 56 3 728
236 166 13 863
243 56 5 728
268 56 10 728
277 56 13 728
290 56 7 728
297 56 15 728
365 166 16 863
392 56 17 728
407 56 19 728
412 166 19 863
445 166 21 863
464 166 23 863
491 56 21 728
501 166 25 863
503 166 27 863
523 56 23 728
584 56 25 728
607 56 27 728
619 166 29 863
624 56 29 728
630 56 31 728
637 166 31 863
651 166 33 863
655 166 35 863
676 56 33 728
731 56 35 728
733 56 37 728
741 56 39 728
772 166 37 863
774 166 39 863
783 166 43 863
794 56 41 728
799 56 45 728
806 166 41 863
823 166 45 863
841 56 43 728
867 166 47 863
890 166 49 863
890 56 47 728
898 166 51 863
905 56 49 728
927 166 53 863
962 166 55 863
994 56 51 728
997 166 57 863
3 162 19 992
9 24 1 336
14 24 7 336
22 24 13 336
25 349 1 1222
26 130 25 93
27 349 19 1222
34 349 7 1222
39 349 13 1222
46 24 19 336
68 349 25 1222
75 349 31 1222
85 130 33 93
89 130 37 93
90 349 37 1222
96 349 43 1222
105 130 43 93
112 349 49 1222
117 162 25 992
128 162 31 992
132 162 37 992
134 130 55 93
139 24 27 336
152 130 49 93
166 162 43 992
167 349 55 1222
172 349 31 500
185 162 49 992
189 130 49 1348
196 130 55 1348
206 162 55 992
215 162 1 973
217 24 31 336
219 162 7 973
222 130 1 459
229 349 37 500
253 162 19 973
262 349 43 500
269 162 13 973
283 130 7 459
295 349 49 500
298 130 13 459
298 349 55 500
311 130 19 459
323 130 27 459
324 130 31 459
329 349 49 926
337 130 37 459
355 24 37 336
359 130 43 459
363 349 55 926
374 130 49 459
374 349 1 1260
382 162 25 973
397 24 43 336
402 349 7 1260
417 24 49 336
431 130 55 459
463 24 3 1182
465 24 55 336
467 162 31 973
469 130 1 1246
475 130 7 1246
475 162 37 973
484 130 19 1246
492 349 13 1260
500 162 45 973
502 162 49 973
503 130 13 1246
505 349 19 1260
509 349 31 1260
514 162 39 312
519 162 43 312
527 162 55 973
538 24 7 1182
545 130 25 1246
554 162 49 312
555 130 31 1246
555 24 13 1182
556 162 55 312
557 162 19 547
564 162 25 547
583 349 25 1260
584 349 43 1260
594 162 37 547
603 130 43 1246
620 130 37 1246
668 130 49 1246
674 24 19 1182
680 24 25 1182
686 162 43 547
701 349 37 1260
717 162 31 547
764 162 49 547
767 24 31 1182
773 162 55 547
773 24 37 1182
779 130 55 1246
780 349 13 214
783 24 45 1182
798 24 49 1182
812 349 49 1260
840 349 3 214
858 162 13 689
858 24 57 1182
866 24 1 1345
868 349 55 1260
874 24 7 1345
897 349 7 214
900 162 7 689
901 349 31 214
902 162 1 689
921 162 37 689
925 130 1 1322
931 24 31 1345
938 130 7 1322
939 24 13 1345
940 162 19 689
948 130 13 1322
961 130 31 1322
965 130 19 1322
966 130 37 1322
969 24 25 1345
975 349 43 214
977 24 37 1345
978 130 43 1322
986 162 31 689
40 199 22 557
130 199 1 557
147 199 4 557
155 199 7 557
166 199 19 557
187 199 10 557
243 199 25 557
255 199 13 557
270 199 16 557
290 199 28 557
366 199 31 557
417 199 34 557
435 199 46 557
440 199 37 557
451 199 43 557
460 199 40 557
483 199 49 557
496 199 52 557
640 199 55 557
648 199 58 557
651 199 13 363
662 199 4 363
677 199 1 363
753 199 7 363
789 199 16 363
851 199 10 363
879 199 19 363
927 199 22 363
944 199 25 363
67 177 1 713
81 177 7 713
81 313 1 846
90 313 5 1371
108 177 3 713
109 177 5 713
246 177 9 713
249 313 11 1371
254 313 17 1371
256 177 11 713
260 313 23 1371
263 313 29 1371
270 313 35 1371
281 313 41 1371
289 313 47 1371
328 177 13 713
331 313 53 1371
344 313 59 1371
346 313 1 1424
364 313 3 1424
408 177 15 713
428 313 5 1424
438 177 17 713
490 313 11 1424
496 313 7 1424
499 177 23 713
572 313 9 1424
573 313 13 1424
582 313 17 1424
613 177 19 713
622 313 15 1424
625 177 21 713
627 313 19 1424
654 177 25 713
660 177 27 713
681 177 29 713
719 177 31 713
732 313 21 1424
787 313 23 1424
790 313 25 1424
801 177 33 713
837 177 35 713
876 177 37 713
892 313 28 1424
947 177 41 713
955 177 39 713
971 313 31 1424
980 313 33 1424
984 313 35 1424
12 18 7 45
16 396 4 1417
45 18 3 45
53 396 9 1417
76 18 10 45
93 18 19 45
100 396 1 1417
101 18 13 45
124 18 16 45
149 396 13 1417
159 396 16 1417
168 396 19 1417
180 396 22 1417
187 396 25 1417
199 396 31 1417
244 396 28 1417
279 18 25 45
286 396 34 1417
307 396 43 1417
313 396 37 1417
345 18 22 45
361 396 46 1417
362 18 28 45
370 396 40 1417
373 18 31 45
407 396 49 1417
408 396 52 1417
423 396 55 1417
431 396 43 663
435 396 58 1417
441 18 37 45
446 396 40 663
447 18 34 45
449 396 46 663
457 396 52 663
467 396 49 663
477 18 40 45
499 18 43 45
539 18 46 45
543 18 49 45
578 18 52 45
584 396 55 663
596 396 1 693
600 396 58 663
600 18 55 45
608 18 58 45
644 18 1 818
650 18 4 818
671 396 4 693
708 18 13 818
742 18 16 818
768 396 7 693
781 396 10 693
795 396 13 693
816 18 22 818
846 396 16 693
848 396 19 693
848 18 25 818
861 18 19 818
864 18 28 818
877 396 22 693
885 18 31 818
898 18 34 818
931 396 37 693
941 396 25 693
942 396 28 693
972 18 37 818
980 18 40 818
982 18 43 818
988 18 49 818
993 18 46 818
3 114 43 713
25 114 49 713
45 334 49 170
48 334 55 170
60 334 7 1460
138 114 55 713
153 334 1 1460
211 114 25 262
243 114 31 262
252 334 13 1460
275 334 31 1460
279 334 37 1460
281 114 37 262
291 334 25 1460
303 114 43 262
316 114 49 262
320 114 55 262
328 334 43 1460
368 334 19 1460
458 334 49 1460
472 114 1 785
485 334 55 1460
501 334 1 1481
521 114 7 785
534 114 13 785
583 114 19 785
590 334 7 1481
613 334 13 1481
640 114 25 785
643 334 19 1481
652 114 33 785
670 334 25 1481
674 114 37 785
697 114 7 451
737 334 31 1481
740 114 49 785
772 114 1 451
779 334 37 1481
781 114 43 785
788 334 43 1481
802 114 13 451
811 334 49 1481
820 334 55 1481
828 114 55 785
835 114 19 451
840 334 7 776
848 114 31 451
904 334 1 776
918 114 25 451
5 319 3 709
35 289 10 611
114 289 1 611
133 319 7 709
154 319 10 709
175 289 4 611
226 289 7 611
241 319 13 709
262 289 13 611
276 319 19 709
298 319 22 709
299 319 25 709
309 319 16 709
362 319 31 709
377 319 28 709
386 289 16 611
396 319 34 709
406 289 21 611
436 289 25 611
437 319 37 709
441 319 40 709
468 289 28 611
477 289 37 611
486 289 31 611
487 319 43 709
506 319 46 709
520 289 34 611
526 289 46 611
560 319 49 709
567 319 55 709
589 289 40 611
606 289 43 611
616 289 49 611
638 289 52 611
678 319 52 709
690 319 58 709
712 289 55 611
717 319 1 1126
747 319 4 1126
796 319 10 1126
798 319 7 1126
826 319 13 1126
828 319 16 1126
896 319 19 1126
900 289 25 689
930 319 22 1126
932 289 28 689
938 289 58 611
950 289 43 689
954 289 46 689
969 289 49 689
980 319 25 1126
986 289 52 689
4 345 11 334
6 3 1 45
12 3 5 947
19 3 1 947
24 3 11 947
27 345 17 334
35 51 17 108
39 51 5 108
43 345 5 334
48 152 11 142
51 152 5 142
59 51 11 108
80 152 17 142
84 51 23 108
87 398 11 172
101 398 17 172
101 51 29 108
108 152 23 142
111 51 35 108
112 398 5 172
118 3 7 947
127 3 3 947
131 3 16 947
132 51 41 108
132 152 29 142
133 51 47 108
138 51 53 108
140 51 59 108
190 51 1 1145
206 398 23 172
222 51 5 1145
230 398 29 172
239 3 9 947
244 51 3 1145
247 398 35 172
249 3 13 947
254 152 35 142
263 51 7 1145
265 398 41 172
271 51 9 1145
278 51 11 1145
281 3 19 947
282 51 17 1145
283 345 23 334
284 51 13 1145
285 3 21 947
288 51 15 1145
288 345 29 334
296 152 47 142
298 3 25 947
311 398 47 172
313 152 41 142
331 51 19 1145
338 398 53 172
339 152 53 142
342 398 59 172
343 3 23 947
347 398 1 52
351 345 35 334
352 3 37 947
352 345 41 334
362 345 53 334
368 51 23 1145
370 51 27 1145
380 3 27 947
394 51 21 1145
403 398 3 52
408 152 59 142
409 152 5 472
413 3 29 947
426 3 34 947
445 51 25 1145
452 3 43 947
453 51 31 1145
454 3 31 947
454 152 11 472
465 152 17 472
468 345 47 334
472 152 23 472
487 51 29 1145
496 152 29 472
499 152 35 472
500 152 53 472
501 3 39 947
501 152 41 472
503 345 1 981
512 51 34 1145
513 152 47 472
514 345 59 334
522 345 3 981
522 152 59 472
527 51 40 1145
528 152 29 262
532 398 5 52
535 398 7 52
535 345 5 981
540 345 7 981
543 398 9 52
547 345 9 981
555 3 41 947
558 398 13 52
573 51 37 1145
574 398 11 52
579 345 11 981
594 51 43 1145
595 51 45 1145
598 152 35 262
600 398 17 52
626 152 41 262
630 3 49 947
642 398 15 52
655 398 19 52
664 3 45 947
669 51 47 1145
673 345 13 981
675 51 49 1145
686 345 15 981
691 398 21 52
707 152 53 262
709 398 23 52
720 51 55 1145
724 345 17 981
729 3 51 947
730 51 53 1145
731 398 25 52
734 51 51 1145
736 152 47 262
741 3 47 947
744 398 27 52
749 3 53 947
749 51 57 1145
763 398 29 52
763 152 59 262
773 3 59 947
776 152 1 562
777 152 3 562
783 51 59 1145
784 3 55 947
786 345 19 981
798 398 31 52
805 3 4 1192
805 345 21 981
810 51 37 729
813 152 5 562
831 51 39 729
845 345 23 981
847 398 33 52
855 345 25 981
865 398 35 52
871 152 11 562
880 152 7 562
884 51 43 729
904 51 41 729
908 345 29 981
919 398 37 52
924 3 57 947
928 51 45 729
932 51 49 729
933 3 1 1192
950 51 47 729
953 345 27 981
970 3 7 1192
970 398 39 52
971 51 51 729
973 345 31 981
983 398 41 52
985 152 17 562
995 345 33 981
996 398 46 52
997 3 9 1192
998 152 13 562
999 3 11 1192
1000 398 43 52
7 72 55 728
16 72 7 893
22 153 25 734
53 72 13 893
71 72 19 893
86 72 1 893
134 153 31 734
140 153 37 734
150 72 25 893
209 72 37 893
213 72 31 893
243 153 43 734
251 153 49 734
290 153 55 734
317 153 49 52
323 72 49 893
356 153 55 52
373 72 55 893
405 153 1 206
419 153 7 206
478 153 13 206
484 72 43 893
523 153 19 206
530 72 7 1306
568 72 1 1306
569 153 25 206
575 72 13 1306
578 153 43 206
580 153 31 206
623 153 37 206
632 153 49 206
641 153 1 988
664 153 7 988
676 153 13 988
697 153 19 988
726 72 19 1306
727 153 25 988
733 153 55 206
744 72 37 1306
748 72 25 1306
758 153 31 988
760 72 31 1306
776 72 43 1306
787 72 49 1306
796 72 25 1322
804 153 49 988
806 72 55 1306
828 72 49 1322
846 72 55 1322
939 72 25 563
955 153 43 988
958 72 31 563
970 153 57 988
971 153 37 988
983 153 1 1218
990 72 43 563
997 72 37 563
37 335 31 1287
43 321 43 808
46 321 46 808
74 321 49 808
91 321 52 808
106 321 55 808
115 335 34 1287
122 335 37 1287
127 335 40 1287
140 321 1 350
144 321 58 808
158 335 43 1287
165 321 4 350
180 335 49 1287
207 335 46 1287
217 321 7 350
240 335 52 1287
246 321 19 350
267 335 55 1287
303 335 58 1287
304 321 10 350
309 321 13 350
328 335 15 42
333 321 16 350
340 335 19 42
354 321 22 350
365 321 25 350
374 321 28 350
375 321 31 350
408 335 22 42
420 335 25 42
445 335 31 42
446 321 34 350
453 335 34 42
480 335 37 42
514 321 43 350
529 321 37 350
613 321 40 350
639 335 28 42
645 335 43 42
706 321 46 350
710 321 52 350
743 321 49 350
794 335 46 42
796 335 40 42
803 321 55 350
804 335 55 42
811 335 58 42
817 335 49 42
847 321 58 350
848 321 1 496
857 335 52 42
883 335 1 1224
894 321 4 496
903 321 7 496
905 321 13 496
909 335 4 1224
927 321 10 496
961 335 7 1224
965 335 10 1224
1 33 5 47
10 354 5 548
13 354 11 548
49 33 11 47
54 354 17 548
72 33 17 47
75 33 23 47
83 33 29 47
95 354 23 548
106 33 35 47
130 33 41 47
142 354 29 548
155 354 35 548
157 33 47 47
174 33 53 47
189 33 59 47
190 33 5 33
192 33 11 33
212 354 47 548
233 33 17 33
234 33 23 33
261 354 41 548
300 354 53 548
313 354 59 548
321 33 29 33
343 33 41 33
345 354 5 204
361 33 35 33
379 354 11 204
382 33 43 33
424 354 17 204
428 33 47 33
453 354 47 204
464 33 45 33
519 33 52 33
539 354 23 204
590 354 29 204
596 33 49 33
615 33 58 33
626 354 35 204
641 33 55 33
674 33 1 1312
690 33 3 1312
699 33 5 1312
702 354 41 204
725 33 7 1312
737 33 9 1312
750 354 53 204
767 354 59 204
856 33 11 1312
868 33 13 1312
870 354 31 400
883 33 19 1312
906 354 33 400
932 354 35 400
936 354 37 400
937 33 15 1312
955 354 41 400
960 33 17 1312
994 33 21 1312
3 53 7 1426
14 53 13 1426
26 151 13 1027
88 151 19 1027
96 151 7 1027
98 53 19 1426
124 151 1 1027
128 53 1 1426
149 151 25 1027
174 53 25 1426
177 53 31 1426
180 151 37 1027
196 151 31 1027
217 151 43 1027
224 53 37 1426
260 151 49 1027
287 53 43 1426
308 151 1 297
332 151 55 1027
356 151 13 297
390 151 7 297
392 151 19 297
405 151 25 297
415 151 31 297
440 53 49 1426
442 53 55 1426
447 53 1 293
468 151 37 297
475 53 13 293
502 151 43 297
503 53 7 293
512 151 49 297
521 53 19 293
528 151 1 559
541 53 25 293
580 151 55 297
653 53 31 293
672 151 7 559
680 53 37 293
694 53 43 293
720 151 13 559
731 151 19 559
762 151 25 559
763 53 55 293
763 151 31 559
776 53 49 293
780 151 37 559
792 53 1 759
797 53 7 759
808 151 43 559
821 53 13 759
826 151 49 559
841 53 19 759
860 53 25 759
875 53 31 759
895 151 55 559
915 53 37 759
923 151 1 48
930 53 43 759
937 53 49 759
943 151 7 48
947 151 13 48
961 53 55 759
987 151 37 48
995 53 1 915
9 141 5 763
14 389 5 802
24 141 13 763
50 141 1 763
52 141 10 763
141 141 3 763
163 389 11 802
181 389 17 802
199 141 7 763
208 389 23 802
208 141 15 763
216 141 17 763
247 141 19 763
252 141 21 763
255 389 29 802
342 141 23 763
367 141 25 763
394 389 35 802
396 389 41 802
404 389 47 802
418 389 53 802
423 141 27 763
447 389 59 802
463 389 11 352
480 141 29 763
508 141 31 763
522 141 33 763
529 389 5 352
534 141 35 763
551 141 37 763
553 141 41 763
558 141 39 763
572 141 43 763
597 389 17 352
606 141 46 763
633 389 19 352
640 141 49 763
652 389 22 352
695 389 25 352
700 141 52 763
728 141 55 763
731 141 57 763
758 141 5 1222
767 141 11 1222
779 141 59 763
788 389 29 352
812 389 27 352
830 389 35 352
851 141 17 1222
872 141 23 1222
935 141 29 1222
958 389 37 352
960 141 35 1222
968 141 41 1222
993 141 53 1222
1 77 55 1392
23 77 31 1001
33 82 15 474
36 320 1 1349
39 25 7 35
44 77 43 1001
55 82 1 474
57 77 37 1001
66 77 49 1001
71 25 13 35
72 82 7 474
75 82 19 474
79 82 25 474
82 25 19 35
84 320 7 1349
86 25 25 35
90 77 55 1001
114 25 31 35
118 77 25 1022
122 25 43 35
141 82 31 474
147 25 37 35
166 25 1 35
170 320 25 1349
173 82 37 474
181 25 49 35
183 25 55 35
209 320 13 1349
233 77 1 1022
241 77 7 1022
245 25 13 219
248 320 21 1349
265 77 13 1022
268 320 31 1349
271 77 19 1022
278 77 37 1022
286 77 43 1022
298 77 49 1022
299 82 43 474
317 82 55 474
334 82 49 474
351 320 37 1349
368 25 37 219
372 77 31 1022
375 77 55 1022
386 25 19 219
388 25 25 219
397 25 31 219
399 77 7 1375
404 25 43 219
416 320 43 1349
418 320 49 1349
463 77 15 1375
464 82 13 393
466 77 1 1375
480 77 19 1375
542 25 49 219
552 82 19 393
554 82 25 393
559 82 33 393
560 320 55 1349
561 320 1 288
571 82 49 393
576 82 37 393
592 82 43 393
597 25 55 219
603 25 1 707
607 82 55 393
617 82 1 976
618 25 7 707
623 25 13 707
631 77 37 1375
633 25 21 707
635 25 25 707
644 77 25 1375
648 320 7 288
649 320 13 288
660 320 37 288
689 320 19 288
693 77 31 1375
707 25 37 707
716 25 31 707
723 320 25 288
725 82 9 976
737 25 43 707
747 77 43 1375
752 320 31 288
757 77 49 1375
766 82 13 976
776 77 3 231
780 320 43 288
793 77 55 1375
811 77 13 231
818 77 7 231
825 77 19 231
826 320 55 288
832 77 25 231
842 82 19 976
855 82 27 976
864 77 31 231
867 320 49 288
870 82 33 976
870 25 49 707
885 25 55 707
888 77 37 231
891 77 43 231
901 77 49 231
902 77 55 231
903 25 1 968
904 320 13 540
913 320 1 540
915 77 3 735
971 77 7 735
974 82 37 976
980 77 19 735
983 77 13 735
989 320 7 540
990 82 49 976
48 291 28 294
64 297 28 1126
74 297 31 1126
78 297 34 1126
80 297 37 1126
97 297 40 1126
146 297 43 1126
154 291 31 294
168 291 34 294
202 297 46 1126
221 297 49 1126
228 297 52 1126
247 291 37 294
262 291 40 294
266 291 49 294
292 291 43 294
295 291 46 294
306 297 55 1126
308 297 13 776
334 297 58 1126
336 297 16 776
362 291 55 294
384 297 19 776
413 291 52 294
413 297 22 776
424 291 58 294
444 297 31 776
458 297 25 776
459 297 34 776
465 291 1 235
467 291 4 235
491 297 37 776
502 291 7 235
585 297 28 776
602 297 40 776
647 297 43 776
654 291 10 235
663 291 19 235
757 291 13 235
767 291 16 235
771 291 22 235
773 297 46 776
786 291 25 235
795 297 49 776
814 291 28 235
819 297 52 776
837 297 55 776
890 297 58 776
931 291 40 235
950 291 37 235
957 297 1 402
26 290 10 178
38 189 5 431
46 189 11 431
47 189 17 431
64 290 5 178
76 189 23 431
84 290 1 178
113 189 1 709
120 290 7 178
124 189 29 431
150 189 35 431
155 290 13 178
219 189 41 431
256 189 47 431
273 290 3 178
281 189 53 431
301 290 15 178
304 290 17 178
341 290 19 178
356 189 59 431
360 290 21 178
369 189 1 550
370 290 31 178
376 189 3 550
383 290 23 178
388 290 29 178
408 290 25 178
431 290 27 178
454 189 5 550
585 290 33 178
639 189 16 550
662 189 11 550
663 290 35 178
689 290 37 178
767 189 7 550
802 290 39 178
803 189 13 550
823 290 41 178
832 290 43 178
840 189 19 550
841 290 45 178
847 189 9 550
871 290 47 178
876 290 49 178
883 189 21 550
884 290 51 178
890 189 23 550
899 189 25 550
901 189 28 550
959 189 31 550
969 189 33 550
988 290 53 178
5 261 49 505
7 295 13 1078
29 261 55 505
100 261 13 630
108 261 9 630
125 295 1 1078
137 261 1 630
141 295 7 1078
160 295 25 1078
169 295 19 1078
188 295 31 1078
193 295 37 1078
206 261 25 630
223 261 31 630
225 295 43 1078
239 261 19 630
240 261 37 630
245 295 49 1078
277 261 43 630
281 261 49 630
327 295 55 1078
342 261 55 630
350 261 1 1339
354 295 43 570
355 295 49 570
387 295 55 570
427 261 7 1339
430 295 1 1400
454 295 7 1400
474 261 13 1339
492 295 19 1400
494 261 19 1339
499 295 13 1400
506 295 25 1400
512 295 37 1400
519 261 25 1339
618 295 31 1400
630 261 37 1339
644 295 43 1400
646 261 31 1339
655 295 49 1400
662 295 55 1400
676 261 43 1339
732 261 55 1339
737 295 1 607
780 261 19 43
815 261 49 1339
816 295 7 607
845 261 25 43
849 295 13 607
865 295 19 607
882 261 1 43
896 295 31 607
10 46 17 1078
12 260 11 861
16 87 11 935
25 87 5 935
32 260 5 861
51 89 11 527
53 46 5 1078
56 308 5 211
63 260 17 861
66 46 7 347
66 308 11 211
68 270 17 1201
92 46 23 1078
95 46 11 1078
96 89 5 527
121 87 17 935
126 46 29 1078
139 260 23 861
139 87 1 618
144 308 17 211
145 308 23 211
146 260 29 861
158 46 35 1078
159 89 29 527
166 46 41 1078
174 87 23 935
177 308 29 211
182 46 47 1078
187 87 29 935
192 89 17 527
194 270 5 1201
197 46 53 1078
204 308 35 211
205 308 41 211
212 46 59 1078
216 308 47 211
217 260 35 861
225 260 41 861
235 260 47 861
254 89 23 527
258 308 53 211
260 260 53 861
275 46 5 292
281 87 47 935
282 270 11 1201
307 46 11 292
315 260 59 861
320 270 23 1201
325 87 35 935
336 308 59 211
339 270 29 1201
340 87 41 935
346 89 35 527
349 270 35 1201
354 308 5 80
355 270 41 1201
360 260 37 1466
369 308 7 80
374 46 17 292
378 46 23 292
381 260 7 1466
388 89 41 527
388 270 47 1201
390 260 34 1466
391 87 53 935
395 89 47 527
400 308 17 80
402 46 35 292
424 87 19 611
427 87 59 935
432 89 59 527
433 260 39 1466
433 46 41 292
437 260 41 1466
439 270 49 1201
456 46 29 292
458 87 59 1201
465 308 23 80
479 89 53 527
486 270 17 1224
501 87 35 1001
506 46 53 292
507 46 47 292
509 308 29 80
509 87 41 1001
516 89 22 139
517 87 47 1001
522 46 35 80
522 87 1 1272
523 87 53 1001
524 87 59 1001
535 89 29 139
545 89 35 139
547 260 43 1466
559 260 45 1466
565 46 59 292
565 87 3 1272
566 270 13 1224
569 46 41 80
570 260 47 1466
575 87 5 1272
581 308 47 80
583 87 7 1272
591 308 53 80
610 308 59 80
615 46 39 400
616 46 47 400
618 308 39 352
627 46 43 400
637 87 9 1272
643 89 41 139
647 308 31 352
648 270 15 1224
652 46 45 400
659 87 11 1272
672 87 13 1272
677 270 19 1224
691 87 15 1272
693 260 49 1466
693 87 17 1272
694 270 23 1224
695 308 33 352
705 46 49 400
709 89 47 139
723 89 53 139
727 89 59 139
736 260 53 1466
744 87 19 1272
746 46 51 400
758 270 21 1224
764 87 21 1272
770 89 5 293
777 89 13 42
778 308 41 352
783 260 51 1466
784 270 29 1224
786 260 55 1466
815 270 25 1224
816 87 25 1272
819 46 55 400
823 89 11 293
824 260 57 1466
825 46 53 400
828 46 59 400
831 260 59 1466
831 270 27 1224
843 260 5 547
851 270 31 1224
854 270 35 1224
866 270 33 1224
872 46 57 400
885 87 23 1272
887 46 5 1034
924 87 29 1272
924 89 17 293
925 270 37 1224
925 87 31 1272
927 89 29 293
928 46 1 1034
933 87 27 1272
934 89 23 293
937 308 43 352
939 46 3 1034
946 308 45 352
950 308 49 352
957 89 35 293
958 308 47 352
959 46 7 1034
974 89 41 293
976 46 9 1034
992 46 11 1034
996 308 51 352
20 50 19 610
59 101 19 426
60 101 13 426
61 50 25 610
72 101 25 426
105 50 1 610
144 50 7 610
155 50 15 610
159 101 1 426
165 101 7 426
189 50 31 610
197 101 31 426
223 50 37 610
251 101 37 426
262 50 49 610
264 50 43 610
277 101 49 426
291 50 55 610
292 101 55 426
311 101 49 46
317 101 25 97
318 50 55 689
325 50 7 922
327 101 43 426
329 50 1 922
401 50 13 922
414 50 21 922
435 101 49 367
459 101 43 46
507 101 55 46
533 101 37 1366
571 50 25 922
590 101 55 367
616 101 55 1366
618 50 49 922
624 101 49 1366
710 101 43 1458
752 50 37 922
782 50 31 922
790 101 55 1458
791 101 31 97
794 101 37 97
795 101 43 97
812 50 43 922
818 101 49 1458
840 101 49 97
849 50 1 1125
851 50 55 922
873 50 7 1125
906 101 55 97
912 101 7 968
921 50 13 1125
942 101 13 968
953 50 31 1125
961 101 43 968
975 101 55 968
5 148 55 766
34 148 58 766
39 148 19 1309
72 148 4 1309
80 148 7 1309
96 148 13 1309
120 148 25 1309
123 148 1 1309
124 148 10 1309
135 148 16 1309
188 148 22 1309
341 148 31 1309
373 148 28 1309
409 148 34 1309
415 148 37 1309
434 148 40 1309
438 148 43 1309
464 148 49 1309
490 148 46 1309
560 148 52 1309
566 148 46 1348
586 148 55 1309
595 148 58 1309
657 148 13 1034
665 148 19 1034
719 148 22 1034
723 148 16 1034
737 148 25 1034
794 148 28 1034
820 148 31 1034
887 148 34 1034
945 148 43 1034
11 156 7 1066
21 272 37 550
35 272 43 550
44 39 49 762
50 272 49 550
52 156 19 1066
72 272 55 550
73 39 55 762
77 39 9 1414
86 39 13 1414
100 272 55 352
103 39 19 1414
116 39 1 1414
118 39 31 1414
128 272 13 1143
129 156 1 1066
133 272 1 1143
138 39 25 1414
140 39 43 1414
160 156 13 1066
161 156 25 1066
169 272 7 1143
192 272 19 1143
243 39 37 1414
255 272 25 1143
290 156 31 1066
292 156 37 1066
328 156 49 1066
330 156 43 1066
350 39 55 1414
386 272 31 1143
414 156 55 1066
418 156 39 1224
446 156 43 1224
451 272 49 1143
464 39 55 1485
467 272 37 1143
476 272 43 1143
491 272 55 1143
493 272 1 593
503 272 19 593
531 39 49 1414
545 272 7 593
597 272 13 593
603 156 7 258
606 272 27 593
660 39 43 1485
703 156 51 1224
706 156 55 1224
711 39 49 1485
724 156 13 258
730 39 3 168
737 272 37 593
745 39 7 168
765 156 43 976
775 272 31 593
794 272 55 593
806 39 19 168
813 272 49 593
815 39 27 168
828 156 19 258
833 39 13 168
862 272 43 593
913 39 37 168
917 272 1 600
926 272 7 600
964 156 55 976
966 272 13 600
13 240 13 519
33 240 19 519
51 286 19 1464
61 286 31 1464
72 286 34 1464
85 240 25 519
85 286 28 1464
88 240 16 519
106 286 22 1464
107 286 37 1464
111 240 22 519
179 240 28 519
185 240 31 519
216 286 25 1464
243 240 49 519
264 286 40 1464
274 240 37 519
284 286 43 1464
291 286 46 1464
322 286 49 1464
347 240 34 519
355 240 43 519
358 240 46 519
411 286 52 1464
423 240 40 519
438 286 55 1464
469 286 58 1464
511 286 1 1477
529 286 13 1477
563 286 4 1477
602 286 7 1477
627 240 52 519
636 240 55 519
646 286 10 1477
653 240 58 519
661 286 16 1477
691 286 25 1477
702 286 22 1477
769 286 19 1477
790 286 28 1477
800 286 31 1477
840 286 34 1477
863 286 37 1477
911 286 40 1477
923 240 16 946
928 286 55 1477
937 240 1 946
938 286 43 1477
981 286 46 1477
987 240 4 946
995 240 7 946
53 224 55 729
63 224 13 7
160 224 1 7
189 224 7 7
198 224 19 7
219 224 31 7
238 224 25 7
356 224 37 7
403 224 7 1229
422 224 43 7
431 224 49 7
436 224 55 7
461 224 1 1229
482 224 13 1229
506 224 19 1229
526 224 25 1229
549 224 31 1229
560 224 37 1229
578 224 1 1483
712 224 43 1229
784 224 49 1229
797 224 55 1229
813 224 7 1483
822 224 13 1483
836 224 19 1483
5 163 31 923
8 391 46 505
32 163 34 923
42 163 37 923
51 91 55 178
53 163 40 923
55 163 43 923
70 391 37 1034
70 91 58 178
92 163 46 923
104 91 7 886
114 391 40 1034
117 91 10 886
127 163 49 923
132 391 46 1034
133 163 52 923
144 391 49 1034
147 391 52 1034
148 391 55 1034
150 91 3 886
171 391 58 1034
173 163 55 923
173 91 13 886
176 391 1 757
182 391 4 757
188 91 16 886
210 163 58 923
212 163 1 258
223 391 7 757
231 163 4 258
249 91 19 886
270 391 13 757
271 91 25 886
276 391 10 757
285 391 16 757
291 91 31 886
292 163 25 258
310 391 19 757
320 391 25 757
340 391 22 757
383 391 28 757
385 163 28 258
397 163 49 258
414 163 31 258
431 391 31 757
435 163 55 258
449 163 37 258
450 163 34 258
451 91 22 886
452 163 45 258
465 391 34 757
468 163 52 258
481 391 39 757
489 91 34 886
490 163 40 258
502 391 55 757
515 163 1 950
518 391 46 757
529 163 58 258
541 391 43 757
546 163 4 950
558 391 49 757
568 163 7 950
579 163 19 950
584 91 28 886
609 163 10 950
672 163 15 950
678 163 22 950
683 91 37 886
696 391 58 757
718 391 52 757
719 163 25 950
735 391 1 1181
743 391 7 1181
751 91 40 886
755 163 28 950
761 91 43 886
766 391 4 1181
768 91 46 886
769 163 37 950
776 163 31 950
802 163 34 950
815 91 55 886
838 91 58 886
847 391 13 1181
862 163 40 950
877 91 49 886
880 163 43 950
882 91 7 403
896 163 46 950
929 391 10 1181
935 91 52 886
954 91 10 403
956 391 16 1181
970 163 49 950
985 91 1 403
2 210 35 500
16 210 41 500
31 210 47 500
44 210 53 500
64 210 59 500
75 210 11 191
92 210 5 191
136 210 17 191
186 210 23 191
219 210 35 191
221 210 41 191
249 210 29 191
282 210 47 191
300 210 59 191
351 210 53 191
362 210 5 200
387 210 11 200
425 210 17 200
455 210 23 200
531 210 29 200
533 210 41 200
536 210 35 200
552 210 47 200
612 210 53 200
680 210 59 200
688 210 1 247
692 210 4 247
702 210 7 247
739 210 9 247
740 210 11 247
763 210 16 247
807 210 19 247
813 210 13 247
817 210 29 247
852 210 21 247
866 210 23 247
882 210 25 247
895 210 27 247
945 210 31 247
974 210 43 247
996 210 33 247
6 196 7 827
42 318 45 1350
73 196 13 827
76 196 19 827
76 318 49 1350
80 352 43 1424
82 318 55 1350
89 352 49 1424
114 352 55 1424
114 318 13 944
120 318 31 944
127 318 7 944
166 318 25 944
183 196 1 827
198 196 25 827
201 196 31 827
245 196 37 827
251 318 1 944
253 196 43 827
253 318 37 944
255 318 19 944
256 196 49 827
262 196 55 827
266 196 1 374
345 352 37 1424
374 318 55 944
386 318 49 944
420 318 31 48
428 352 19 214
447 352 37 214
482 352 25 214
483 352 55 214
484 196 7 374
489 196 13 374
491 196 31 374
492 352 49 214
497 196 19 374
499 196 25 374
502 318 19 48
521 352 1 169
528 318 25 48
545 318 43 944
547 318 45 48
555 352 9 169
584 318 49 48
606 318 55 48
622 352 19 169
622 318 25 306
633 318 7 306
654 352 13 169
665 318 1 306
668 318 13 306
670 318 19 306
673 196 37 374
680 196 43 374
690 318 31 306
692 196 55 374
693 196 51 374
706 318 37 306
714 318 43 306
724 196 7 839
739 352 43 169
757 352 25 169
777 352 31 169
778 318 49 306
794 352 1 839
799 318 1 450
800 318 55 306
806 196 25 839
823 318 7 450
824 352 37 169
829 196 13 839
842 318 13 450
869 318 27 450
871 352 49 169
873 196 19 839
888 352 31 839
890 352 39 839
900 196 49 839
901 196 43 839
919 318 19 450
950 196 55 839
957 352 55 169
962 352 1 980
980 318 45 450
982 352 55 950
992 196 7 1184
997 196 1 1184
999 352 7 980
15 203 13 1080
17 382 19 946
22 382 22 946
25 38 7 498
54 382 10 946
112 38 10 498
125 382 13 946
130 382 25 946
132 203 1 1080
135 382 28 946
148 38 1 498
150 382 37 946
165 38 15 498
169 382 31 946
176 203 4 1080
187 382 40 946
190 203 16 1080
195 203 7 1080
195 382 34 946
214 382 43 946
218 382 46 946
221 38 4 498
240 203 25 1080
249 38 22 498
276 38 25 498
276 382 49 946
278 382 52 946
305 203 19 1080
309 38 19 498
324 38 28 498
330 203 10 1080
362 382 58 946
364 382 55 946
368 203 46 1080
381 203 22 1080
392 203 31 1080
400 38 31 498
407 203 28 1080
412 382 1 290
428 203 34 1080
439 382 4 290
444 38 34 498
459 38 49 498
488 382 7 290
501 38 43 498
513 382 10 290
517 382 13 290
524 203 37 1080
538 38 40 498
542 38 37 498
546 38 46 498
553 382 16 290
555 382 19 290
559 38 52 498
569 38 55 498
569 382 22 290
579 203 43 1080
586 203 49 1080
588 38 58 498
592 203 40 1080
597 38 37 1272
604 203 52 1080
606 382 31 290
615 38 33 1272
639 203 55 1080
643 38 43 1272
644 38 40 1272
665 203 7 1337
709 203 58 1080
711 38 55 1272
715 203 1 1337
724 203 4 1337
732 382 34 290
737 38 49 1272
767 203 13 1337
773 203 16 1337
774 382 25 290
787 382 28 290
790 38 46 1272
791 203 10 1337
793 203 25 1337
820 382 37 290
824 203 28 1337
831 38 52 1272
841 38 58 1272
853 203 19 1337
863 382 40 290
874 203 22 1337
881 38 1 441
883 203 37 1337
885 203 34 1337
892 382 43 290
909 203 31 1337
917 203 40 1337
927 203 43 1337
927 382 46 290
933 38 4 441
935 38 13 441
942 382 49 290
946 382 52 290
976 382 55 290
977 203 46 1337
987 203 49 1337
990 382 58 290
999 38 16 441
2 150 47 1222
19 347 59 807
25 347 11 973
30 129 5 668
32 129 11 668
45 129 13 668
67 266 5 1073
90 347 17 973
102 347 5 973
104 266 23 1073
115 347 23 973
134 129 23 668
138 129 29 668
138 266 11 1073
144 266 29 1073
148 150 59 1222
153 150 5 1326
173 347 29 973
208 150 11 1326
210 266 17 1073
216 150 23 1326
217 150 17 1326
218 266 35 1073
227 129 35 668
235 129 41 668
236 347 35 973
240 266 47 1073
248 129 47 668
254 266 37 1073
276 347 41 973
284 347 53 973
293 266 53 1073
294 266 59 1073
307 150 29 1326
310 129 53 668
326 266 5 1260
326 150 35 1326
326 347 59 973
329 129 59 668
340 347 43 973
360 150 41 1326
369 266 11 1260
387 347 59 1249
391 347 59 367
419 129 5 930
429 129 11 930
435 129 17 930
436 347 53 367
440 150 47 1326
442 347 5 1345
452 266 17 1260
473 347 11 1345
474 347 17 1345
493 266 23 1260
497 150 53 1326
498 150 59 1326
519 150 59 1348
534 266 29 1260
535 266 35 1260
537 150 53 1348
538 150 5 1460
543 129 23 930
564 266 41 1260
568 266 53 1260
578 150 11 1460
579 129 29 930
580 129 35 930
582 129 41 930
597 150 23 1460
614 150 17 1460
621 129 47 930
632 347 21 1345
636 129 53 930
650 347 19 1345
654 150 29 1460
659 266 47 1260
665 266 5 393
667 347 23 1345
668 150 41 1460
672 266 59 1260
675 266 11 393
682 347 29 1345
683 129 59 930
705 347 35 1345
706 129 52 1337
715 347 41 1345
721 347 47 1345
723 266 29 393
725 129 58 1337
727 150 35 1460
750 347 43 1345
769 266 17 393
772 150 47 1460
789 347 45 1345
798 150 53 1460
799 266 23 393
802 347 51 1345
807 129 55 1337
815 150 59 1460
825 129 17 219
827 266 31 393
832 266 41 393
833 266 47 393
846 129 23 219
847 150 1 1471
854 129 29 219
864 347 53 1345
872 347 55 1345
903 150 5 1471
912 150 3 1471
913 150 7 1471
929 150 13 1471
938 266 53 393
956 129 35 219
959 266 59 393
969 129 41 219
972 266 53 729
989 266 59 729
21 344 1 278
24 344 15 278
25 128 13 1342
37 379 7 152
42 128 19 1342
46 379 3 152
50 342 7 541
55 202 25 1342
56 342 13 541
60 202 31 1342
71 344 9 278
79 128 37 1342
86 128 7 1342
93 344 25 278
94 344 19 278
97 344 31 278
112 128 43 1342
116 128 55 1342
125 379 19 152
133 344 37 278
140 202 49 1342
145 128 1 1342
161 342 1 541
171 128 1 117
179 342 19 541
184 342 25 541
185 342 43 541
198 379 39 152
204 379 25 152
205 128 19 117
207 344 49 278
208 202 25 1004
211 379 31 152
215 342 31 541
225 128 7 117
237 344 43 278
237 202 31 1004
243 342 55 541
250 344 55 278
250 379 13 152
253 344 49 563
268 344 1 697
269 128 25 117
272 344 7 697
280 202 37 1004
287 342 37 541
295 344 55 563
300 344 13 697
305 128 13 117
313 344 19 697
313 202 43 1004
314 342 49 541
315 344 27 697
318 379 43 152
324 128 43 117
324 202 49 1004
333 379 1 187
339 344 37 697
345 128 49 117
345 379 55 152
350 379 7 187
357 128 37 117
369 202 55 1004
372 344 49 697
374 344 7 645
384 344 31 697
401 202 1 44
414 342 1 999
420 379 49 152
423 342 7 999
425 342 13 999
433 342 31 999
435 202 7 44
437 344 43 697
439 379 13 187
442 379 19 187
446 342 19 999
448 344 55 697
451 379 25 187
454 379 43 187
454 342 49 999
457 379 37 187
467 342 25 999
474 202 19 44
478 344 19 645
484 202 37 44
488 379 49 187
490 202 25 44
496 379 31 187
497 202 13 44
497 379 55 187
509 342 37 999
510 202 31 44
516 342 43 999
518 202 55 44
527 342 1 899
534 202 43 44
547 342 13 899
550 128 31 117
553 344 1 645
555 128 55 117
566 379 7 380
568 379 13 380
582 202 1 1332
599 128 19 540
615 342 7 899
623 128 25 540
625 342 25 899
638 342 55 999
646 202 13 1332
648 379 1 380
649 342 21 899
658 344 13 645
674 344 25 645
678 342 31 899
680 202 49 44
693 342 37 899
721 379 19 380
727 202 7 1332
748 342 49 899
752 202 25 1332
756 379 25 380
778 202 19 1332
800 379 37 380
801 202 37 1332
810 344 31 645
822 344 37 645
822 379 31 380
830 344 43 645
834 128 37 540
847 128 43 540
847 379 49 380
855 202 31 1332
856 379 43 380
861 342 43 899
867 342 1 1274
874 128 31 540
875 128 49 540
876 344 1 824
880 128 55 540
904 342 55 899
908 379 55 380
914 379 7 417
923 128 19 600
928 379 3 417
938 379 19 417
940 128 25 600
940 342 7 1274
941 344 49 645
943 128 31 600
945 344 55 645
970 342 13 1274
971 128 43 600
975 202 1 1437
995 379 13 417
998 344 15 824
8 95 28 98
21 394 7 1369
30 394 13 1369
51 337 16 992
55 337 37 981
58 337 40 981
72 95 19 562
77 144 25 1312
81 337 43 981
91 144 31 1312
93 337 46 981
101 95 22 562
107 394 10 1369
115 144 28 1312
121 337 49 981
126 144 34 1312
128 337 52 981
133 95 25 562
135 95 31 562
150 95 40 562
152 394 1 1369
162 394 4 1369
167 394 19 1369
168 394 16 1369
171 337 55 981
189 394 25 1369
201 394 22 1369
211 394 37 1369
217 394 28 1369
248 144 37 1312
251 337 58 981
253 144 55 1312
293 144 40 1312
293 95 28 562
315 394 31 1369
339 337 3 434
347 337 40 1458
351 394 43 1369
358 95 49 562
375 337 34 1458
388 337 7 434
390 144 43 1312
395 337 10 434
408 95 34 562
423 144 49 1312
432 394 34 1369
450 394 40 1369
453 144 52 1312
463 95 37 562
464 394 52 1369
466 95 43 562
469 337 19 434
481 95 52 562
482 144 46 1312
487 95 46 562
510 95 58 562
513 394 49 1369
515 394 55 1369
520 337 13 434
534 337 22 434
534 95 55 562
537 394 46 1369
561 337 16 434
577 337 25 434
595 144 7 1492
597 337 28 434
604 95 58 1369
607 144 1 1492
608 95 52 950
611 337 31 434
637 95 1 1380
638 95 4 1380
643 95 7 1380
646 144 58 1312
662 144 13 1492
663 394 1 1474
666 337 34 434
673 144 4 1492
685 144 10 1492
689 95 10 1380
693 394 4 1474
694 337 37 434
703 337 43 434
707 337 55 434
719 337 40 434
725 337 46 434
755 95 13 1380
767 95 19 1380
787 144 57 1345
807 144 25 1492
808 95 16 1380
815 95 22 1380
823 394 13 1474
827 337 49 434
828 394 7 1474
835 337 52 434
836 394 10 1474
836 144 16 1492
844 144 19 1492
860 337 58 434
885 337 19 1181
930 394 16 1474
938 337 55 1276
948 394 31 1474
953 337 58 1276
965 337 25 1181
967 95 25 1380
977 95 28 1380
985 394 19 1474
988 95 40 1380
991 337 28 1181
82 249 37 247
82 263 9 542
85 249 45 247
92 249 49 247
97 263 1 542
105 263 19 542
123 249 55 247
127 263 13 542
137 249 37 451
161 249 43 451
183 263 25 542
189 263 37 542
220 263 31 542
220 249 49 451
280 249 55 451
299 263 55 542
299 249 37 607
367 249 27 607
375 249 43 607
399 249 13 716
410 249 49 607
427 263 13 980
433 263 43 542
466 263 49 542
546 249 55 607
608 263 19 980
622 263 43 980
674 249 3 716
697 263 25 980
715 263 31 980
735 249 19 716
756 249 7 716
771 249 25 716
818 249 31 716
830 263 37 980
832 263 49 980
887 263 55 980
889 249 37 716
894 263 7 1434
907 249 49 716
915 249 43 716
961 263 1 1434
966 263 19 1434
975 249 7 1343
981 249 13 1184
996 263 13 1434
998 263 37 1434
8 222 13 403
9 222 16 403
22 222 19 403
31 222 4 403
81 222 22 403
198 222 43 403
217 222 25 403
220 222 28 403
302 222 31 403
338 222 34 403
375 222 37 403
412 222 40 403
450 222 46 403
503 222 49 403
514 222 52 403
543 222 55 403
610 222 1 867
625 222 58 403
663 222 9 867
692 222 13 867
780 222 25 867
824 222 4 867
840 222 16 867
842 222 28 867
903 222 19 867
904 222 22 867
908 222 31 867
28 299 11 151
29 299 17 151
36 299 5 151
43 299 23 151
46 299 29 151
51 262 23 67
70 262 5 67
72 299 41 151
82 262 17 67
103 262 11 67
115 262 41 67
120 262 29 67
142 262 35 67
174 299 35 151
191 299 47 151
193 299 53 151
202 262 53 67
205 262 47 67
210 262 5 559
217 299 59 151
233 299 5 1404
239 262 59 67
249 299 17 1404
250 299 11 1404
254 262 11 559
256 299 23 1404
272 299 29 1404
285 262 23 559
294 299 35 1404
309 299 41 1404
348 299 47 1404
356 299 53 1404
376 299 59 1404
401 262 17 559
410 299 41 1366
432 299 49 1345
453 299 59 1366
470 299 53 1366
485 299 46 1366
487 262 35 559
493 262 29 559
513 262 41 559
516 299 9 1471
552 262 53 559
552 299 11 1471
565 299 15 1471
595 262 47 559
598 262 59 559
601 262 5 785
606 299 17 1471
609 262 17 785
624 299 19 1471
650 262 11 785
658 262 29 785
672 262 31 785
688 262 23 785
694 299 25 1471
718 299 23 1471
726 299 27 1471
727 299 21 1471
731 299 29 1471
780 299 31 1471
790 262 41 785
830 262 47 785
841 299 35 1471
871 299 33 1471
882 262 59 785
893 299 37 1471
912 262 53 785
926 299 39 1471
956 299 41 1471
998 299 43 1471
15 84 25 417
29 84 31 417
43 84 37 417
50 84 43 417
54 84 49 417
63 84 55 417
66 79 1 1175
74 84 1 648
85 84 37 648
111 79 7 1175
128 84 19 648
129 79 15 1175
171 79 19 1175
173 79 25 1175
181 79 37 1175
192 84 13 648
201 84 7 648
203 79 31 1175
218 84 31 648
236 79 43 1175
281 84 25 648
331 79 49 1175
346 79 55 1175
360 84 43 648
367 79 1 1356
394 79 7 1356
420 79 13 1356
428 84 49 648
434 79 43 1356
443 79 19 1356
476 84 7 658
493 79 25 1356
518 84 1 658
522 84 55 648
542 84 13 658
558 84 19 658
592 79 49 1356
604 84 25 658
608 84 31 658
620 79 31 1356
626 84 37 658
628 79 39 1356
630 79 55 1356
652 79 7 6
671 84 43 658
678 79 1 6
708 79 19 6
718 79 25 6
745 84 49 658
785 79 31 6
785 84 55 658
852 84 7 1105
917 84 25 1105
958 84 19 1105
968 84 1 1105
17 60 52 818
28 60 55 818
85 60 58 818
98 384 1 157
131 60 1 1139
139 60 4 1139
166 60 22 1139
168 384 7 157
185 384 4 157
188 384 10 157
203 60 7 1139
216 60 10 1139
239 384 13 157
247 60 13 1139
248 384 16 157
256 384 19 157
274 60 16 1139
310 60 27 1139
336 384 22 157
337 384 25 157
346 384 28 157
361 384 31 157
389 384 37 157
400 384 34 157
423 384 43 157
434 384 49 157
441 60 19 1139
455 60 33 1139
485 60 37 1139
495 60 40 1139
511 60 49 1139
579 384 46 157
603 60 52 1139
632 60 43 1139
671 60 55 1139
675 384 40 157
776 384 7 181
814 60 46 1139
853 60 13 360
881 384 52 157
885 384 1 181
923 60 58 1139
927 60 1 360
934 60 4 360
949 384 55 157
984 60 7 360
6 143 11 171
167 143 1 171
170 143 23 171
182 143 17 171
201 143 29 171
223 143 35 171
288 143 41 171
323 143 53 171
330 143 47 171
344 143 17 313
362 143 23 313
391 143 29 313
413 143 59 171
420 143 35 313
445 143 41 313
462 143 47 313
478 143 53 313
482 143 59 313
486 143 34 835
494 143 47 835
537 143 41 835
609 143 53 835
619 143 59 835
629 143 5 1306
649 143 11 1306
665 143 17 1306
673 143 23 1306
679 143 29 1306
686 143 35 1306
696 143 41 1306
704 143 53 1306
721 143 59 1306
727 143 47 1306
749 143 5 35
751 143 11 35
779 143 17 35
797 143 29 35
805 143 23 35
848 143 35 35
905 143 41 35
948 143 47 35
968 143 53 35
981 143 59 35
3 21 13 719
24 174 19 497
39 21 31 719
39 351 37 1429
40 21 25 719
47 21 19 719
54 351 13 1429
66 351 19 1429
81 351 9 1429
89 21 1 719
90 21 43 719
93 21 37 719
107 174 43 497
110 174 13 497
126 351 1 1429
129 351 25 1429
132 174 7 497
139 351 31 1429
144 351 43 1429
152 21 55 719
163 21 7 719
177 174 1 497
186 21 49 719
188 174 25 497
198 21 1 1037
199 351 55 1429
204 351 49 1429
213 351 1 1023
219 174 37 497
224 174 49 497
243 351 7 1023
252 21 7 1037
262 174 31 497
264 351 25 1023
265 21 25 1037
270 351 19 1023
275 174 55 497
277 174 1 1411
297 21 31 1037
306 21 13 1037
363 351 13 1023
366 351 43 1023
370 174 7 1411
370 351 33 1023
381 21 37 1037
390 21 49 1037
398 351 39 1023
407 351 55 1023
416 174 13 1411
423 21 19 1037
430 174 19 1411
434 174 55 1411
465 21 43 1037
479 174 25 1411
480 174 33 1411
483 21 1 62
498 21 55 1037
518 174 37 1411
530 351 49 1023
539 174 49 1411
545 21 13 62
547 21 19 62
552 351 1 325
559 351 7 325
570 351 13 325
586 21 7 62
586 351 19 325
610 351 25 325
624 174 43 1411
654 351 31 325
655 174 31 1492
679 21 25 62
686 21 37 62
692 21 31 62
726 174 37 1492
739 174 49 1492
743 351 43 325
753 174 43 1492
761 21 55 62
763 351 37 325
767 351 49 325
767 174 55 1492
769 174 7 441
770 21 1 1172
779 174 19 441
795 21 7 1172
808 351 55 325
817 21 31 1172
835 351 1 584
839 351 7 584
842 21 43 62
845 21 49 62
852 351 13 584
859 21 13 1172
870 351 19 584
893 351 25 584
899 351 31 584
902 351 37 584
904 21 25 1172
904 351 43 584
909 174 25 441
934 351 55 584
936 351 49 584
953 21 37 1172
967 351 1 698
976 351 13 698
979 174 31 441
986 174 37 441
987 351 7 698
990 174 1 30
992 174 43 441
997 174 49 441
21 296 10 1383
31 296 1 1383
69 363 13 1192
98 296 15 1383
122 363 16 1192
128 363 25 1192
129 363 37 1192
133 296 19 1383
135 363 19 1192
160 296 7 1383
189 363 28 1192
190 296 22 1383
201 296 4 1383
219 296 25 1383
260 296 28 1383
270 363 31 1192
282 296 31 1383
313 296 34 1383
335 363 22 1192
346 296 37 1383
365 363 40 1192
372 296 40 1383
394 296 43 1383
397 363 52 1192
406 296 46 1383
443 296 49 1383
477 296 52 1383
480 296 55 1383
481 296 58 1383
495 296 22 1492
504 296 37 600
510 363 43 1192
540 363 34 1192
551 363 46 1192
627 296 28 1492
645 296 1 433
709 363 49 1192
712 296 49 600
713 363 57 1192
732 296 4 433
743 363 10 218
755 363 1 218
772 296 7 433
777 363 7 218
802 363 19 218
817 296 40 600
839 296 52 600
839 363 4 218
875 363 13 218
881 363 16 218
897 363 22 218
910 296 55 600
924 363 31 218
927 296 58 600
936 363 25 218
958 363 28 218
967 363 34 218
985 363 37 218
12 110 13 700
20 47 17 539
43 47 11 539
56 324 11 893
97 324 5 893
124 110 5 700
142 110 7 700
162 324 17 893
164 110 1 700
177 110 9 700
179 324 23 893
218 324 29 893
226 324 35 893
244 110 11 700
266 324 41 893
295 110 3 700
299 47 5 539
300 110 17 700
318 324 47 893
327 324 53 893
331 47 23 539
336 324 5 764
342 47 29 539
393 110 15 700
424 324 11 764
434 324 59 893
455 110 19 700
460 110 21 700
466 47 41 539
476 324 17 764
479 110 23 700
498 324 23 764
498 47 35 539
507 47 53 539
553 47 47 539
557 47 59 539
561 47 5 459
570 47 11 459
589 110 25 700
594 47 17 459
600 47 23 459
610 110 29 700
616 324 35 764
617 324 29 764
617 110 27 700
624 110 31 700
637 324 41 764
660 324 47 764
677 324 53 764
679 47 35 459
684 324 59 764
695 110 37 700
706 47 41 459
718 110 33 700
726 324 5 449
726 47 25 459
730 47 47 459
733 110 35 700
745 324 11 449
745 47 59 459
748 324 17 449
784 47 53 459
798 47 5 707
799 47 11 707
800 110 41 700
808 47 19 707
841 110 47 700
844 47 17 707
853 324 23 449
857 47 29 707
860 324 29 449
866 47 35 707
869 324 35 449
882 47 41 707
886 324 41 449
886 110 39 700
896 324 53 449
902 110 43 700
918 324 47 449
943 47 47 707
945 47 53 707
947 47 59 707
954 324 59 449
973 324 5 617
973 110 45 700
978 110 49 700
992 324 17 617
993 110 51 700
1000 47 1 128
1 55 31 1181
4 55 37 1181
8 35 19 199
16 195 31 9
26 55 43 1181
29 370 49 1477
31 35 13 199
36 35 7 199
41 35 25 199
50 370 13 1183
57 195 43 9
58 370 1 1183
70 370 7 1183
83 370 19 1183
96 370 25 1183
103 370 31 1183
130 370 37 1183
141 55 49 1181
143 55 1 94
146 370 49 1183
158 35 1 199
172 35 37 199
181 370 43 1183
185 195 55 9
186 55 55 1181
203 370 55 1183
205 195 37 9
211 35 49 199
212 195 7 296
225 195 49 9
231 370 7 43
237 195 13 296
252 55 25 94
254 370 13 43
265 55 7 94
272 55 13 94
284 370 31 43
285 35 31 199
301 195 1 296
325 370 43 43
326 195 25 296
332 35 43 199
336 55 31 94
343 35 55 199
344 370 37 43
348 35 1 1047
349 55 19 94
357 195 19 296
361 370 49 43
362 195 37 296
369 370 3 100
382 35 7 1047
384 55 37 94
387 55 43 94
390 370 55 43
392 370 7 100
396 195 43 296
406 35 13 1047
414 35 25 1047
415 35 19 1047
424 195 31 296
425 35 31 1047
432 35 37 1047
434 55 1 671
436 35 43 1047
440 370 13 100
456 55 49 94
466 55 55 94
472 55 7 671
498 55 13 671
501 55 19 671
525 195 49 296
546 195 7 1447
548 55 25 671
551 35 49 1047
562 55 31 671
564 55 49 671
576 195 55 296
584 195 1 1447
590 195 13 1447
591 35 1 26
592 370 19 100
606 35 7 26
631 55 43 671
635 35 55 1047
641 55 37 671
654 195 19 1447
659 370 25 100
665 55 25 698
670 35 13 26
676 55 19 698
677 35 21 26
681 195 25 1447
683 55 55 671
685 35 27 26
689 35 31 26
689 370 39 100
689 55 43 698
695 195 39 1447
702 195 43 1447
704 35 39 26
717 55 37 698
729 195 31 1447
735 195 49 1447
735 35 43 26
737 370 55 100
738 35 55 26
755 55 31 698
768 35 49 26
768 370 31 100
788 370 49 100
824 35 7 679
833 195 55 1447
841 35 13 679
850 55 49 698
856 195 13 433
865 370 55 698
871 195 19 433
886 55 1 833
889 35 1 679
897 35 25 679
899 195 27 433
900 195 31 433
908 35 37 679
910 35 31 679
920 195 37 433
921 195 43 433
922 55 13 833
930 195 49 433
936 55 7 833
951 35 43 679
953 55 43 833
961 55 49 833
971 195 55 433
976 370 43 100
979 35 19 679
982 55 19 833
987 195 55 679
990 55 25 833
993 35 1 874
18 32 7 1006
21 32 13 1006
31 32 25 1006
84 32 3 1006
97 32 10 1006
141 32 16 1006
159 32 19 1006
165 32 28 1006
194 32 22 1006
196 32 37 1006
215 32 40 1006
229 32 31 1006
238 32 34 1006
252 32 43 1006
254 32 46 1006
261 32 49 1006
264 32 52 1006
308 32 7 1490
311 32 55 1006
332 32 1 1490
339 32 58 1006
345 32 10 1490
347 32 4 1490
353 32 13 1490
393 32 19 1490
394 32 16 1490
407 32 25 1490
426 32 22 1490
430 32 31 1490
472 32 28 1490
497 32 34 1490
573 32 39 1490
575 32 46 1490
581 32 43 1490
601 32 49 1490
623 32 52 1490
712 32 58 1490
724 32 19 496
736 32 55 1490
751 32 16 496
819 32 22 496
821 32 33 496
827 32 25 496
831 32 43 496
835 32 28 496
865 32 49 496
892 32 37 496
896 32 40 496
940 32 46 496
945 32 1 1329
972 32 4 1329
41 282 13 1218
109 68 1 971
136 282 19 1218
150 282 43 1218
156 282 31 1218
160 282 37 1218
174 68 7 971
200 68 19 971
218 68 13 971
223 68 43 971
250 68 25 971
273 68 31 971
302 68 49 971
337 282 7 1218
369 68 37 971
373 282 49 1218
375 68 7 1329
378 282 55 1218
410 282 1 125
416 68 55 971
439 282 25 1218
485 68 13 1329
516 282 13 125
528 68 19 1329
574 282 7 125
576 68 25 1329
619 68 31 1329
619 282 19 125
620 282 25 125
621 68 37 1329
657 282 31 125
658 282 43 125
697 282 37 125
709 282 1 148
731 68 43 1329
734 68 55 1329
738 68 1 311
745 68 13 311
749 282 7 148
751 282 49 125
753 282 13 148
764 68 7 311
766 68 19 311
769 68 49 1329
778 68 25 311
789 68 31 311
801 282 55 125
813 282 19 148
832 68 37 311
832 282 31 148
835 282 37 148
859 282 25 148
864 68 55 311
864 282 1 378
914 282 43 148
919 68 43 311
936 282 55 148
2 6 10 284
15 310 45 1471
21 338 58 157
28 6 7 284
36 338 49 679
39 310 49 1471
45 310 55 1471
52 310 52 1471
59 6 25 284
66 338 13 118
79 310 58 1471
84 310 13 904
93 338 52 679
94 6 13 284
106 6 3 284
109 310 9 904
138 338 1 118
153 6 19 284
158 6 28 284
163 6 22 284
168 310 25 904
182 310 1 904
232 310 4 904
290 310 16 904
297 6 37 284
299 6 31 284
302 6 16 284
305 310 22 904
333 310 19 904
337 310 28 904
343 338 7 118
347 338 10 118
355 6 34 284
361 310 43 904
380 310 31 904
384 338 4 118
389 6 40 284
390 310 37 904
391 338 19 118
445 338 16 118
451 338 31 118
468 310 49 904
471 338 22 118
471 310 34 904
477 6 43 284
494 338 25 118
495 310 46 904
511 310 40 904
563 338 34 118
568 310 55 904
571 310 58 904
575 338 28 118
577 310 52 904
583 6 46 284
587 310 1 1190
597 338 40 118
608 338 37 118
629 338 43 118
632 338 46 118
635 6 49 284
647 338 58 118
654 310 4 1190
662 310 16 1190
665 338 49 118
669 310 7 1190
670 310 10 1190
674 310 13 1190
679 338 52 118
696 338 55 118
699 310 19 1190
742 310 22 1190
746 338 1 879
769 338 4 879
771 310 31 1190
780 310 28 1190
788 338 10 879
831 310 46 1190
845 310 37 1190
846 6 52 284
856 310 25 1190
861 6 55 284
869 310 40 1190
876 6 7 956
878 338 7 879
881 310 34 1190
902 338 13 879
912 310 43 1190
920 338 16 879
923 6 25 956
924 6 1 956
928 310 58 1190
946 6 58 284
952 6 4 956
953 310 55 1190
966 310 49 1190
979 6 10 956
991 338 25 879
999 310 1 50
23 294 5 1246
27 104 23 474
37 294 11 1246
44 294 17 1246
67 294 29 1246
94 104 5 474
99 323 11 1140
111 294 41 1246
126 323 5 1140
141 294 23 1246
142 104 11 474
173 294 35 1246
178 294 47 1246
183 104 13 474
202 294 59 1246
214 323 17 1140
227 104 29 474
234 294 53 1246
237 104 35 474
238 104 47 474
245 294 5 169
263 294 17 169
268 323 23 1140
283 104 41 474
291 323 29 1140
295 294 7 169
325 104 53 474
332 104 59 474
334 294 23 169
339 104 7 1417
368 104 41 1424
371 104 47 1424
373 294 35 169
389 294 29 169
416 104 53 1424
422 323 35 1140
457 323 41 1140
468 323 59 1140
470 104 59 1424
472 104 11 258
473 323 47 1140
474 294 41 169
494 104 17 258
495 294 53 169
499 323 53 1140
504 294 47 169
520 294 59 169
524 323 5 738
547 294 31 235
560 294 33 235
624 294 35 235
636 104 23 258
646 323 17 738
668 294 46 235
673 323 11 738
683 294 49 235
688 104 43 258
698 323 23 738
699 294 43 235
725 323 29 738
736 323 35 738
752 323 41 738
771 323 43 738
786 104 5 450
794 294 53 235
799 323 47 738
800 323 45 738
801 294 51 235
804 294 58 235
809 104 11 450
817 104 17 450
833 323 49 738
834 294 55 235
886 104 23 450
889 323 51 738
889 104 25 450
897 323 55 738
915 104 31 450
922 294 5 563
938 104 33 450
944 104 35 450
947 104 49 450
959 323 53 738
964 294 11 563
974 323 59 738
994 323 57 738
1 181 43 693
4 300 13 6
19 181 31 693
32 181 49 693
45 181 31 1380
64 300 37 6
78 300 43 6
100 300 49 6
119 181 55 693
122 300 55 6
149 397 55 441
155 181 55 716
159 300 9 1061
163 181 43 1380
171 181 49 1380
173 300 1 1061
176 300 31 1061
177 300 13 1061
178 300 25 1061
180 300 55 1061
208 397 1 327
214 397 7 327
215 397 13 327
218 181 55 1380
230 397 19 327
232 181 13 637
251 181 7 637
282 397 37 327
332 300 19 1061
344 397 43 327
350 181 19 637
371 181 1 637
375 181 25 637
403 181 37 637
406 300 37 1061
417 181 43 637
470 300 49 1061
477 397 55 327
489 300 43 1061
491 397 49 327
493 181 49 637
505 300 1 1244
507 300 7 1244
510 181 1 1207
514 300 13 1244
535 181 55 637
537 181 31 637
541 300 19 1244
546 300 25 1244
546 397 31 327
554 300 31 1244
567 397 25 327
574 300 43 1244
583 397 1 430
592 300 25 1274
607 397 7 430
631 300 49 1244
647 397 13 430
649 397 25 430
690 181 7 1207
710 300 37 1244
752 300 55 1244
760 397 19 430
768 181 13 1207
794 300 19 1274
805 181 31 1207
821 300 37 1274
829 181 21 1207
842 300 49 1274
843 397 31 430
857 397 43 430
868 181 25 1207
878 181 37 1207
884 181 45 1207
897 300 33 1274
904 300 49 1311
905 300 43 1274
905 181 51 1207
910 300 43 1311
964 397 49 430
971 397 13 463
13 235 16 1065
16 241 52 496
17 235 4 1065
30 241 55 496
33 235 22 1065
69 241 58 496
73 241 1 574
81 235 19 1065
110 241 7 574
112 235 7 1065
121 235 10 1065
123 235 13 1065
195 235 1 1065
226 235 25 1065
227 241 4 574
234 241 13 574
236 241 10 574
319 235 28 1065
356 235 31 1065
379 235 34 1065
385 241 16 574
425 241 19 574
491 241 25 574
524 241 22 574
545 241 31 574
552 235 49 1065
587 241 28 574
589 235 37 1065
591 235 40 1065
596 235 43 1065
600 235 46 1065
613 235 52 1065
623 235 55 1065
626 241 43 574
628 241 34 574
636 235 58 1065
648 241 37 574
650 235 21 1184
695 235 27 1184
715 235 46 1184
725 241 40 574
754 241 49 574
824 235 31 1184
829 241 46 574
837 235 37 1184
851 235 34 1184
852 235 40 1184
863 241 52 574
867 241 34 867
869 241 55 574
879 241 58 574
883 235 43 1184
887 241 40 693
894 241 37 867
970 235 52 1184
989 235 49 1184
3 169 47 219
53 169 53 219
70 147 28 363
102 169 59 219
103 169 3 793
112 147 31 363
146 169 1 793
183 147 33 363
191 147 35 363
209 169 5 793
268 147 37 363
294 169 7 793
297 147 40 363
320 147 43 363
374 169 11 793
398 147 47 363
404 147 49 363
425 169 9 793
429 169 13 793
452 147 51 363
518 147 53 363
537 147 55 363
550 147 45 363
569 169 15 793
573 147 59 363
576 147 5 623
588 147 11 623
589 147 57 363
609 147 23 623
614 169 19 793
641 169 17 793
658 147 17 623
660 169 23 793
705 147 29 623
741 147 35 623
749 169 21 793
754 169 25 793
826 147 41 623
842 169 34 793
891 147 47 623
899 169 37 793
949 169 27 793
964 169 29 793
965 169 31 793
988 147 59 623
993 147 5 808
11 81 19 360
17 142 25 271
18 217 19 1284
28 227 13 915
31 227 31 915
38 227 19 915
40 217 31 1284
43 81 25 360
49 81 31 360
57 227 9 915
60 277 19 301
62 14 13 91
66 277 25 301
71 277 31 301
73 227 25 915
87 227 43 915
87 142 7 271
95 14 25 91
96 277 37 301
99 142 19 271
101 277 7 301
102 142 1 271
114 227 49 915
126 14 9 91
132 142 13 271
145 227 37 915
146 217 13 1284
153 227 55 915
153 81 37 360
155 14 19 91
164 142 31 271
168 217 37 1284
177 217 25 1284
178 277 1 301
192 217 1 1284
196 81 43 360
204 227 1 39
207 217 7 1284
214 142 37 271
231 142 43 271
232 81 49 360
234 81 55 360
235 277 13 301
238 142 49 271
249 142 55 271
259 277 43 301
266 277 55 301
280 14 1 91
283 227 13 39
288 14 31 91
290 227 9 39
291 142 39 793
292 142 49 793
292 277 1 322
303 14 49 91
319 81 31 1483
321 81 25 1483
322 227 25 39
322 14 37 91
341 81 37 1483
357 227 43 39
357 277 49 301
358 142 55 793
361 277 7 322
382 227 19 39
383 14 43 91
393 217 43 1284
402 142 43 793
409 217 49 1284
411 227 31 39
411 81 43 1483
413 277 13 322
417 217 7 1446
418 142 19 968
423 227 13 402
427 14 55 91
432 277 19 322
438 227 49 39
440 227 55 39
441 217 55 1284
442 81 49 1483
446 277 25 322
448 217 1 1446
450 277 55 322
454 277 1 1115
465 142 25 968
467 142 7 1368
468 142 1 1368
480 142 49 968
482 81 1 717
485 217 19 1446
486 81 55 1483
488 277 37 322
493 81 7 717
502 14 13 717
505 14 31 717
507 227 19 402
510 81 19 717
514 277 31 322
526 14 49 717
531 227 7 402
535 217 13 1446
536 277 43 322
547 277 49 322
562 217 25 1446
569 142 31 968
572 227 39 39
577 142 37 968
578 142 13 1368
588 14 25 717
597 142 19 1368
598 277 7 1115
609 217 31 1446
614 227 25 402
614 277 21 1115
614 217 37 1446
626 81 55 717
638 14 37 717
650 14 43 717
657 81 1 941
692 14 37 956
694 227 31 402
702 14 13 956
707 277 13 1115
711 142 25 1368
712 277 25 1115
715 217 49 1446
716 142 37 1368
716 277 43 1115
717 227 43 402
729 217 55 1446
736 14 19 956
738 227 37 402
739 81 13 941
741 227 49 402
744 14 43 956
746 277 31 1115
750 142 31 1368
751 14 33 956
753 142 1 212
756 14 49 956
757 227 1 463
760 81 25 941
766 227 7 463
766 81 37 941
771 81 45 941
773 227 19 463
804 227 25 463
809 14 55 956
825 217 43 1446
828 142 43 1368
831 81 7 941
836 81 31 941
839 14 31 1055
855 81 19 941
862 81 49 941
866 81 55 941
873 227 55 402
874 14 13 1055
876 14 19 1055
878 142 49 1368
878 217 13 797
880 14 9 1055
881 142 55 1368
896 217 1 797
897 227 37 463
898 142 7 212
900 217 19 797
901 227 55 463
907 14 1 1055
911 14 25 1055
919 81 1 1138
922 142 19 212
930 217 7 797
941 81 7 1138
942 217 31 797
947 14 51 1055
952 277 37 1115
955 227 31 463
959 81 19 1138
965 217 37 797
966 14 43 1055
968 217 43 797
986 227 43 463
993 227 7 116
996 227 1 116
1000 142 25 212
1 362 25 1434
5 45 40 46
10 86 19 688
19 45 19 1125
22 271 31 1343
23 45 22 1125
23 86 7 688
36 362 28 1434
54 86 22 688
59 271 28 1343
64 86 10 688
70 271 1 1343
89 271 19 1343
113 45 25 1125
131 271 4 1343
136 362 43 1434
145 362 31 1434
154 86 1 688
159 45 37 1125
164 362 46 1434
165 86 25 688
169 362 34 1434
171 86 13 688
174 86 4 688
180 271 13 1343
190 271 25 1343
195 362 49 1434
208 271 34 1343
222 362 52 1434
225 45 28 1125
225 271 16 1343
227 271 22 1343
239 86 16 688
261 45 52 1125
266 271 37 1343
284 271 40 1343
293 86 31 688
302 86 34 688
317 362 1 103
353 45 40 1125
357 362 55 1434
357 271 58 1343
363 271 43 1343
376 362 7 103
380 45 43 1125
386 86 28 688
388 45 49 1125
393 362 58 1434
396 45 55 1125
396 271 49 1343
397 45 58 1125
408 45 46 1125
439 45 1 376
448 45 7 376
453 271 55 1343
455 45 4 376
460 362 4 103
461 45 10 376
465 86 37 688
476 86 58 688
484 362 25 103
495 45 13 376
499 86 40 688
500 362 10 103
506 45 16 376
516 86 49 688
519 271 1 686
532 45 19 376
532 86 43 688
540 362 13 103
549 45 22 376
557 271 52 1343
558 45 31 376
561 271 46 1343
577 45 28 376
581 45 25 376
586 45 34 376
594 86 52 688
599 362 16 103
608 362 28 103
615 86 46 688
624 271 4 686
627 86 55 688
630 271 7 686
632 362 31 103
637 362 34 103
639 362 19 103
643 86 10 181
670 45 43 376
675 362 22 103
682 271 13 686
686 271 10 686
689 86 4 181
692 86 16 181
694 45 40 376
702 45 37 376
707 86 19 181
726 271 16 686
731 45 49 376
734 362 37 103
744 271 21 686
749 271 25 686
752 86 13 181
759 45 46 376
767 271 28 686
774 271 31 686
776 362 40 103
778 86 31 181
801 45 4 402
803 271 34 686
807 86 28 181
813 362 25 735
867 362 43 103
868 271 37 686
876 45 10 1262
886 45 52 376
894 86 22 181
896 45 55 376
907 86 25 181
913 362 46 103
919 362 55 103
922 86 34 181
930 45 58 376
934 362 28 735
942 362 52 103
951 271 40 686
953 45 1 1262
959 45 4 1262
965 271 49 686
978 86 37 181
2 176 5 1033
5 62 53 408
9 62 59 408
10 93 35 981
14 176 11 1033
32 44 23 992
38 93 25 1139
40 330 53 728
41 44 29 992
45 44 35 992
47 93 31 1139
48 36 17 324
52 176 17 1033
55 176 23 1033
62 62 17 1016
91 62 5 1016
111 93 11 1411
121 44 41 992
132 176 35 1033
138 62 13 498
146 36 5 324
147 93 23 1411
154 93 5 1411
157 93 17 1411
165 44 47 992
175 330 59 728
182 62 11 1016
186 330 5 1426
194 36 11 324
201 36 35 324
207 36 23 324
233 176 29 1033
238 36 29 324
241 93 29 1411
243 62 23 1016
245 330 11 1426
245 176 41 1033
254 330 29 1426
280 176 47 1033
288 44 53 992
289 44 59 992
291 176 53 1033
296 176 55 1033
298 36 41 324
306 62 29 1016
313 330 17 1426
313 62 47 1016
321 36 47 324
325 36 59 324
327 44 5 4
328 62 41 1016
333 62 35 1016
334 62 53 1016
342 36 53 324
351 62 59 1016
352 330 23 1426
357 330 35 1426
363 44 17 4
365 176 53 352
369 36 17 1143
369 62 23 808
371 93 31 1411
372 176 59 352
373 176 53 700
377 44 11 4
385 176 55 700
388 36 5 1143
389 176 57 700
394 176 59 700
398 36 11 1143
421 44 23 4
426 176 5 1342
438 330 41 1426
442 44 29 4
454 93 41 1411
456 44 35 4
478 44 41 4
494 176 11 1342
502 330 47 1426
505 62 11 808
510 44 47 4
524 330 53 1426
529 176 17 1342
539 330 59 1426
541 44 53 4
547 330 5 781
555 330 17 781
557 176 23 1342
557 62 17 808
579 44 59 4
585 93 47 1411
586 36 23 1143
586 176 47 1342
587 44 5 199
589 62 29 808
606 36 35 1143
611 176 35 1342
612 62 35 808
624 330 11 781
625 176 29 1342
631 44 11 199
635 36 29 1143
641 44 23 199
645 93 53 1411
650 176 41 1342
653 330 23 781
655 44 17 199
666 62 41 808
667 176 53 1342
672 330 29 781
673 36 41 1143
688 330 35 781
693 44 29 199
702 62 5 1125
703 62 11 1125
714 330 41 781
724 62 23 39
738 330 47 781
744 330 53 781
748 93 59 1411
753 62 17 1125
761 62 35 1125
769 93 1 231
774 44 41 199
784 44 35 199
786 36 47 1143
786 44 53 199
787 176 47 293
796 44 47 199
799 330 5 507
827 93 11 231
829 36 53 1143
830 330 59 781
843 44 59 199
850 330 11 507
851 176 59 1342
856 44 5 296
859 330 17 507
867 330 23 507
884 93 17 231
886 36 59 1143
887 330 53 507
888 176 53 293
926 330 29 507
931 330 35 507
941 44 11 296
944 36 5 696
948 44 17 296
955 176 59 293
956 176 5 689
957 93 23 231
964 44 35 296
964 176 17 689
979 36 17 696
986 62 5 39
992 36 23 696
994 330 41 507
13 96 43 867
18 96 49 867
51 96 37 1109
74 96 55 867
101 96 43 1109
122 96 49 1109
124 96 55 1109
132 96 19 784
168 96 43 784
169 96 1 784
193 96 13 784
212 96 25 784
264 96 7 784
285 96 37 784
356 96 49 784
368 96 55 784
370 96 1 1030
410 96 31 784
430 96 7 1030
491 96 13 1030
492 96 25 1030
507 96 31 1030
512 96 19 1030
567 96 39 1030
593 96 55 1030
604 96 1 1160
634 96 49 1030
646 96 43 1030
685 96 13 1160
717 96 19 1160
723 96 31 1160
756 96 55 1160
774 96 7 1160
836 96 45 1160
908 96 1 18
922 96 25 1160
936 96 39 1160
3 332 25 501
20 28 25 829
45 332 7 501
69 332 16 501
88 332 13 501
124 332 19 501
135 332 1 501
159 28 13 829
167 28 3 829
169 332 37 501
180 332 4 501
193 332 10 501
229 332 34 501
235 332 28 501
246 28 22 829
267 28 7 829
281 332 22 501
295 332 31 501
301 28 10 829
312 332 40 501
353 28 16 829
399 332 43 501
427 332 1 945
437 332 49 501
438 28 19 829
459 28 31 829
502 28 28 829
556 28 34 829
561 332 7 945
587 332 46 501
626 28 46 829
653 332 52 501
660 28 49 829
672 332 55 501
680 332 10 945
684 28 37 829
713 332 4 945
735 28 40 829
765 332 58 501
792 28 43 829
822 28 55 829
872 28 52 829
887 28 7 1174
904 332 19 945
981 28 1 1174
3 157 11 250
13 157 5 250
14 126 53 299
16 157 17 250
21 126 53 766
23 126 59 299
24 247 59 863
29 157 23 250
37 157 29 250
49 126 53 170
54 247 5 746
56 126 59 170
58 247 17 746
59 126 47 1458
73 157 35 250
108 247 25 746
112 247 23 746
114 247 11 746
119 126 53 1458
144 157 37 250
145 157 47 250
151 247 29 746
164 126 59 1458
171 247 27 746
172 247 35 746
193 157 59 250
207 126 5 1414
229 247 41 746
238 157 53 250
241 126 17 1414
242 157 13 1383
244 157 5 271
245 247 31 746
252 157 11 271
257 247 45 746
267 247 33 746
271 247 43 746
289 157 17 271
296 247 37 746
299 157 23 271
307 126 7 1414
316 126 23 1414
333 157 29 271
347 247 47 746
351 157 41 271
353 247 49 746
353 126 29 1414
373 247 39 746
377 126 35 1414
388 126 53 1414
389 157 35 271
401 247 55 746
403 247 53 746
405 157 47 271
421 247 57 746
444 157 53 271
444 126 41 1414
449 157 59 271
450 247 59 746
451 157 5 600
460 126 47 1414
463 157 23 600
474 126 59 1414
475 126 5 540
489 247 23 296
493 157 11 600
500 126 17 540
502 247 41 296
505 126 23 540
514 247 29 296
518 247 59 296
520 126 11 540
522 247 47 296
546 247 51 746
556 126 29 540
559 157 29 600
561 247 11 839
565 247 53 296
581 247 5 839
607 247 17 839
608 247 23 839
613 247 29 839
624 157 17 600
627 126 35 540
628 126 47 540
640 247 35 839
647 247 37 839
647 157 35 600
651 157 47 600
659 126 41 540
673 157 1 1049
687 126 53 540
688 247 47 839
693 157 7 1049
697 157 4 1049
713 247 53 839
713 157 9 1049
744 157 11 1049
791 247 59 839
793 247 5 1248
797 247 11 1248
800 157 13 1049
810 126 5 301
820 126 59 540
823 126 17 301
826 126 11 301
837 126 23 301
839 126 29 301
865 247 17 1248
866 157 19 1049
891 126 35 301
896 126 59 301
897 157 15 1049
914 126 41 301
918 126 53 301
922 247 23 1248
960 157 23 1049
961 157 17 1049
966 126 47 301
11 92 31 1248
53 182 31 168
59 182 43 168
62 182 49 168
67 182 55 168
130 92 55 1248
133 92 13 882
157 182 31 860
158 92 37 1248
186 182 25 860
187 182 43 860
216 182 49 860
283 182 37 860
353 182 55 860
360 92 49 1248
375 92 49 463
402 92 1 882
408 182 27 1138
416 182 31 1138
419 92 19 882
422 92 7 882
442 92 43 1248
448 92 25 882
452 182 13 1138
492 92 31 882
495 182 49 1138
504 182 43 1138
512 182 55 1138
533 182 1 51
536 92 55 882
557 92 37 882
581 182 7 51
650 92 49 882
663 182 25 51
683 182 13 51
686 182 19 51
688 182 37 1138
691 182 31 51
702 182 49 51
715 182 55 51
718 92 43 882
733 182 39 51
746 182 43 51
750 182 1 391
755 182 19 391
765 92 1 173
779 92 7 173
798 182 25 391
830 92 13 173
838 92 19 173
839 92 37 173
845 182 43 391
859 182 7 391
867 182 13 391
880 182 31 391
890 182 51 391
943 92 25 173
949 182 1 580
957 92 31 173
978 92 51 173
981 182 37 391
989 182 55 391
997 92 43 173
11 239 13 1015
75 239 7 1015
95 239 31 1015
97 34 7 32
102 236 10 164
110 34 40 867
114 239 19 1015
119 239 1 1015
123 236 4 164
140 236 7 164
163 34 1 32
189 236 1 164
194 34 19 32
197 34 4 32
218 236 19 164
230 236 13 164
233 239 10 1015
253 34 10 32
257 236 16 164
260 236 25 164
268 34 13 32
272 34 22 32
277 236 28 164
298 239 4 1015
354 236 31 164
370 236 43 164
372 236 22 164
382 236 34 164
388 34 16 32
406 34 31 32
415 239 16 1015
420 239 28 1015
430 236 37 164
431 239 22 1015
446 236 49 164
470 239 25 1015
478 236 46 164
481 236 55 164
483 239 37 1015
488 236 58 164
488 239 43 1015
493 239 40 1015
539 236 40 164
551 239 34 1015
563 34 40 32
587 239 49 1015
592 34 37 32
612 34 25 32
615 236 1 788
626 239 52 1015
634 236 4 788
642 239 46 1015
649 239 55 1015
656 34 28 32
688 239 58 1015
745 34 34 32
747 239 7 378
752 236 52 164
756 236 13 788
757 239 10 378
762 236 7 788
806 236 10 788
821 34 43 32
840 236 21 788
852 239 25 378
895 239 31 378
905 239 16 378
908 34 46 32
924 239 13 378
942 239 19 378
952 236 16 788
953 236 4 963
954 34 49 32
958 236 25 788
978 239 22 378
996 236 28 788
1 385 11 739
11 385 17 739
18 230 53 623
21 385 5 739
22 230 11 3
38 63 11 1287
52 385 23 739
55 230 5 3
56 230 17 3
65 230 23 3
70 385 35 739
78 230 41 3
86 230 29 3
87 385 29 739
92 230 35 3
96 230 47 3
97 385 47 739
113 385 41 739
120 230 53 3
146 63 17 1287
160 230 59 3
161 385 53 739
190 385 59 739
194 63 29 1287
212 230 5 325
213 385 5 750
238 230 11 325
246 63 5 1287
260 385 7 702
266 63 5 1429
295 230 17 325
306 385 11 750
320 230 35 325
321 230 23 325
329 385 17 750
336 63 29 1429
339 230 41 325
355 230 47 325
371 385 23 750
402 385 41 750
412 385 29 750
441 385 47 750
447 385 53 750
455 230 53 325
512 63 23 1287
521 385 59 750
522 230 29 325
526 63 17 1429
527 230 59 325
539 385 5 1464
539 230 1 369
562 385 35 750
572 63 7 1429
577 385 11 1464
594 63 23 1429
595 230 5 369
600 230 3 369
603 230 11 369
608 230 7 369
621 385 17 1464
627 385 41 247
627 63 47 1429
629 63 35 1429
653 230 9 369
654 385 35 247
660 230 17 369
666 63 53 1429
678 230 13 369
683 385 53 247
695 230 15 369
699 63 41 1429
704 63 59 1429
708 63 5 541
727 385 5 1037
732 63 17 541
744 230 25 369
748 63 11 541
750 385 11 1037
761 63 23 541
775 230 23 369
803 230 19 369
820 63 35 541
821 230 29 369
829 63 29 541
833 230 21 369
842 385 59 247
843 63 41 541
850 63 47 541
854 63 53 541
856 63 59 541
862 63 5 999
870 63 11 999
892 385 17 1037
902 63 17 999
903 230 31 369
917 63 29 999
944 385 29 1037
989 385 23 1037
989 63 35 999
3 140 31 120
7 140 19 120
61 140 37 120
152 140 25 120
159 140 43 120
174 140 13 120
180 140 25 692
210 140 1 120
220 140 7 120
275 140 49 120
283 140 55 120
419 140 1 692
436 140 13 692
617 140 7 692
642 140 19 692
651 140 43 692
734 140 31 692
782 140 49 692
802 140 7 723
877 140 37 692
935 140 55 692
939 140 19 723
962 140 25 723
963 140 1 723
4 218 25 1049
16 218 28 1049
31 20 28 1171
48 218 31 1049
90 20 1 1171
93 20 4 1171
98 218 34 1049
119 20 7 1171
136 218 37 1049
141 218 40 1049
145 20 10 1171
151 20 13 1171
152 20 19 1171
163 218 49 1049
181 132 55 1049
187 218 52 1049
230 132 58 1049
230 218 1 1230
234 20 16 1171
247 132 43 1049
250 132 46 1049
252 20 37 1171
260 218 4 1230
263 20 25 1171
316 132 1 1438
320 132 4 1438
321 20 40 1171
325 218 13 1230
368 218 7 1230
370 132 13 1438
403 20 22 1171
405 218 10 1230
409 132 7 1438
416 132 10 1438
417 20 31 1171
429 132 16 1438
451 132 19 1438
452 218 19 1230
461 218 16 1230
468 20 43 1171
473 218 22 1230
478 132 25 1438
481 20 49 1171
501 218 27 1230
506 132 31 1438
512 218 43 1230
521 218 31 1230
552 218 34 1230
563 132 43 1438
566 20 34 1171
569 132 37 1438
576 132 22 1438
585 132 40 1438
604 20 55 1171
634 218 37 1230
644 20 52 1171
656 218 46 1230
661 20 58 1171
672 218 40 1230
674 20 46 1171
676 218 49 1230
678 132 28 1438
692 218 7 1259
700 20 1 109
701 218 52 1230
705 218 55 1230
718 20 4 109
722 132 49 1438
722 20 7 109
722 218 58 1230
748 218 1 1259
749 218 13 1259
754 218 4 1259
770 132 58 1438
777 20 10 109
778 218 16 1259
781 218 19 1259
788 218 22 1259
792 132 34 1438
835 132 46 1438
846 20 13 109
865 132 1 921
867 20 19 109
884 218 25 1259
889 20 16 109
906 218 10 1259
926 20 22 109
932 20 25 109
946 132 55 1438
949 218 31 1259
977 218 34 1259
982 20 28 109
984 20 37 109
1000 20 31 109
38 2 47 713
122 2 53 713
188 2 59 713
195 2 5 1091
211 2 11 1091
229 2 17 1091
248 2 29 1091
251 2 23 1091
254 2 41 1091
261 2 35 1091
290 2 47 1091
307 2 53 1091
390 2 59 1091
391 2 23 1312
428 2 31 496
444 2 1 716
479 2 11 716
490 2 17 716
491 2 23 716
513 2 29 716
533 2 47 716
548 2 35 716
587 2 41 716
610 2 53 716
622 2 59 716
669 2 29 1248
691 2 35 1248
703 2 41 1248
717 2 47 1248
795 2 53 1248
833 2 59 1248
848 2 5 1356
859 2 11 1356
926 2 35 1356
949 2 17 1356
966 2 23 1356
982 2 47 1356
9 211 43 218
32 211 55 218
76 211 37 430
87 211 49 218
87 155 13 921
88 155 25 921
89 155 31 921
93 146 31 889
100 155 19 921
114 211 25 1474
115 146 1 889
138 155 37 921
143 211 37 1474
160 155 43 921
162 155 7 921
178 155 49 921
190 146 37 889
194 155 55 921
200 211 55 430
224 211 43 1474
238 211 55 1474
256 146 7 889
258 155 1 948
274 211 7 95
294 211 49 1474
301 146 25 889
316 146 13 889
318 211 1 95
322 146 43 889
327 211 13 95
335 155 7 948
344 155 19 948
382 155 13 948
394 211 27 95
408 146 55 889
419 155 25 948
429 155 37 948
439 211 19 95
463 146 19 889
500 211 49 95
532 211 37 95
535 146 49 889
543 155 31 948
550 146 7 30
553 211 31 95
556 155 43 948
564 155 55 948
597 146 43 30
616 146 13 30
641 155 49 948
656 146 31 30
676 211 1 345
677 146 25 30
687 146 19 30
703 155 55 173
705 146 51 30
708 155 37 580
728 155 7 580
734 211 43 95
737 155 13 580
751 146 55 30
753 211 19 345
762 211 57 95
768 146 37 30
786 155 21 580
789 146 37 788
797 211 13 345
803 211 25 345
804 211 7 345
819 155 25 580
829 211 31 345
834 146 49 788
846 155 31 580
858 155 43 580
863 211 43 345
870 211 37 345
879 146 31 788
951 146 55 788
951 211 49 345
956 146 43 788
956 211 55 345
973 211 1 993
981 155 49 580
995 146 19 1324
996 211 7 993
999 146 25 1324
1 228 19 331
2 107 13 216
6 134 55 1184
7 234 25 731
20 234 28 731
36 107 16 216
47 107 25 216
49 228 22 331
53 234 19 731
57 228 31 331
63 107 19 216
64 107 7 216
65 134 58 1184
70 234 16 360
77 134 40 181
83 228 34 331
88 234 31 731
97 228 37 331
100 134 43 181
102 11 16 415
109 228 40 331
113 279 37 450
135 279 40 450
142 134 46 181
143 134 49 181
149 107 1 216
161 11 7 415
164 134 52 181
168 228 49 331
177 279 51 450
186 107 10 216
187 107 4 216
203 11 1 415
207 134 55 181
213 279 55 450
215 107 22 216
231 134 58 181
232 134 1 1059
238 279 1 491
242 234 10 360
249 107 31 216
252 228 46 331
252 134 4 1059
255 134 7 1059
260 11 13 415
261 234 7 731
265 11 4 415
287 234 10 731
287 279 58 450
288 228 43 331
288 134 10 1059
298 11 10 415
306 134 19 1059
306 11 22 415
310 11 31 415
319 134 37 1059
320 228 52 331
320 234 13 731
331 107 28 216
336 134 13 1059
341 11 34 415
345 107 43 216
349 279 7 491
354 279 10 491
363 107 34 216
366 107 49 216
367 11 43 415
369 228 13 629
369 279 19 491
379 11 25 415
383 107 37 216
391 279 4 491
395 134 16 1059
399 279 22 491
402 234 22 731
404 11 37 415
407 228 1 629
411 134 22 1059
414 11 40 415
418 228 55 331
421 279 13 491
422 107 52 216
425 228 58 331
425 279 43 491
429 234 43 731
433 134 49 1059
438 11 28 415
439 234 34 731
442 107 1 963
448 234 16 731
470 134 28 1059
483 11 19 415
488 234 46 731
489 107 40 216
491 11 46 415
495 134 25 1059
504 234 40 731
510 11 49 415
513 134 31 1059
520 107 46 216
524 228 7 629
537 134 43 1059
543 134 46 1059
544 107 55 216
548 279 16 491
554 134 55 1059
555 11 52 415
558 228 16 629
569 11 58 415
569 107 7 963
574 228 4 629
574 107 58 216
578 279 25 491
592 134 58 1059
612 234 55 731
615 279 28 491
616 107 10 963
619 107 13 963
624 279 37 491
630 11 43 686
633 279 34 491
635 234 37 731
638 234 49 731
640 234 52 731
642 234 58 731
648 234 19 1304
650 11 55 415
652 228 25 629
655 279 40 491
656 279 49 491
657 107 16 963
662 228 19 629
668 107 19 963
679 107 22 963
684 107 25 963
688 228 10 629
689 279 52 491
694 234 1 1304
700 11 28 963
713 107 31 963
725 279 31 491
728 228 22 629
738 234 7 1304
740 228 31 629
741 134 7 1437
747 107 37 963
748 134 34 1059
752 11 46 686
753 279 58 491
758 134 40 1059
759 234 4 1304
761 107 40 963
766 234 25 1304
768 228 28 629
787 11 34 963
791 234 13 1304
793 228 34 629
799 234 16 1304
808 228 37 629
808 234 10 1304
808 107 49 963
810 234 28 1304
814 107 43 963
827 11 52 686
843 107 46 963
850 107 55 963
854 279 46 491
856 107 52 963
860 234 31 1304
866 279 7 892
870 234 43 1304
874 228 40 629
877 228 43 629
878 279 10 892
879 134 52 1059
891 107 58 963
893 228 46 629
895 134 49 1160
909 228 49 629
911 234 22 1304
917 228 52 629
922 11 55 686
926 134 52 1160
931 134 10 1437
935 107 1 506
937 134 19 1437
952 134 13 1437
962 228 7 691
968 11 7 1085
972 234 34 1304
977 279 55 491
989 11 3 1085
997 279 13 892
46 205 17 336
48 113 47 507
69 88 23 426
74 205 23 336
105 88 5 426
111 88 17 426
134 205 5 336
158 205 25 336
160 88 11 426
162 205 35 336
167 205 41 336
167 88 29 426
179 113 59 507
196 205 47 336
231 88 35 426
251 113 5 776
255 113 11 776
283 113 35 1492
286 113 41 1492
303 88 41 426
305 88 47 426
346 113 47 1492
397 205 11 336
400 88 53 426
409 113 53 1492
421 205 59 336
441 88 59 426
446 113 59 1492
447 88 11 409
458 88 17 409
486 113 5 44
488 88 23 409
494 88 29 409
496 205 1 24
511 88 59 1392
531 88 35 409
532 88 41 409
538 113 11 44
542 205 53 336
546 205 11 24
570 205 5 24
574 113 17 44
579 113 23 44
584 205 7 24
589 205 9 24
590 88 53 409
600 113 29 44
611 113 41 44
612 88 47 409
621 88 59 409
634 205 13 24
652 113 47 44
666 88 5 1379
667 205 3 24
671 113 35 44
684 113 53 44
690 88 11 1379
729 113 59 44
730 88 17 1379
741 88 23 1379
742 113 5 306
743 113 17 306
755 88 35 1379
771 205 16 24
800 113 11 306
804 205 19 24
819 205 29 24
834 205 21 24
836 205 23 24
844 205 25 24
858 88 29 1379
878 113 23 306
885 113 29 306
888 88 41 1379
891 205 27 24
907 88 47 1379
911 113 35 306
928 205 31 24
929 205 33 24
936 113 47 306
942 113 41 306
946 205 35 24
952 205 41 24
959 88 11 689
972 88 59 1379
974 88 53 1379
59 301 31 1204
69 301 25 1204
71 167 25 945
75 301 37 1204
91 167 37 945
101 301 49 1204
136 301 55 1204
137 167 31 945
152 301 43 1204
197 301 13 1227
241 167 43 945
243 167 1 1232
319 301 1 1227
355 167 13 945
405 301 19 1227
419 301 33 1227
461 301 25 1227
469 167 49 945
471 301 7 1227
486 301 37 1227
487 167 55 945
521 167 13 1232
525 301 43 1227
556 301 49 1227
557 167 7 1232
566 167 19 1232
567 301 43 109
570 167 25 1232
584 301 13 116
590 301 49 109
618 301 55 1227
645 301 19 116
662 167 31 1232
712 167 37 1232
716 167 49 1232
719 167 43 1232
722 167 37 1304
728 301 25 116
734 167 1 1399
739 301 1 136
741 301 55 1274
770 301 37 116
806 301 31 116
809 301 43 116
847 301 25 136
867 301 7 136
954 301 55 109
23 125 10 633
67 125 19 633
98 125 25 633
109 125 15 633
143 125 7 633
162 125 1 633
231 125 22 633
331 125 4 633
354 125 28 633
369 125 31 633
440 125 34 633
443 125 43 633
448 125 40 633
504 125 49 633
520 125 37 633
524 125 46 633
657 125 52 633
675 125 55 633
678 125 58 633
746 125 10 1085
758 125 13 1085
779 125 25 1085
806 125 37 1085
840 125 28 1085
897 125 19 1085
899 125 40 1085
929 125 16 1085
995 125 43 1085
63 100 5 1151
131 100 23 1151
212 100 11 1151
240 100 29 1151
269 100 17 1151
324 100 35 1151
329 100 41 1151
352 100 47 1151
365 100 59 1151
379 100 53 1151
443 100 11 441
449 100 23 441
461 100 29 441
515 100 35 441
531 100 47 441
540 100 53 441
556 100 59 441
581 100 41 441
616 100 5 759
669 100 11 759
677 100 17 759
701 100 23 759
820 100 47 759
868 100 29 759
869 100 53 759
891 100 41 759
926 100 59 759
965 100 35 759
977 100 11 1375
25 168 19 128
26 168 31 128
37 168 13 128
77 168 43 128
108 168 37 128
135 168 49 128
149 168 19 162
154 168 25 128
162 168 55 128
163 168 25 162
190 168 31 162
213 168 37 162
259 168 3 128
285 168 7 128
313 168 1 162
343 168 15 162
349 168 43 162
367 168 7 162
460 168 49 162
587 168 37 369
598 168 55 162
602 168 43 369
634 168 33 369
661 168 7 1319
740 168 13 1319
750 168 49 369
828 168 25 1319
846 168 1 1319
878 168 19 1319
911 168 55 369
918 168 31 1319
957 168 37 1319
8 4 16 723
14 198 19 1262
18 192 10 192
27 192 25 192
30 192 16 192
35 192 13 192
60 192 4 192
61 198 34 1262
70 192 19 192
78 198 7 1262
79 4 13 723
99 4 31 723
125 4 37 723
128 192 28 192
128 198 37 1262
134 192 1 192
134 4 7 778
135 192 22 192
145 192 7 192
149 192 31 192
170 198 31 1262
184 192 43 192
188 4 40 723
192 198 25 1262
194 4 34 723
198 4 46 723
200 198 28 1262
210 192 34 192
213 198 13 1262
223 192 49 192
229 192 46 192
239 198 40 1262
254 192 52 192
259 4 49 723
265 4 43 723
300 192 1 1136
301 4 52 723
304 192 37 192
309 4 55 723
310 192 55 192
312 198 16 1262
341 198 22 1262
344 198 49 1262
359 192 58 192
359 4 49 1304
372 192 4 1136
395 4 58 723
400 198 43 1262
402 198 52 1262
405 198 55 1262
431 4 46 1304
433 198 58 1262
440 4 1 778
446 4 52 1304
460 4 55 1304
471 192 40 192
483 192 7 1136
484 198 49 18
489 198 7 18
496 192 10 1136
499 4 58 1304
518 192 13 1136
523 192 16 1136
525 198 10 18
528 4 10 778
531 198 13 18
577 198 16 18
590 198 19 18
602 198 25 18
603 192 21 1136
620 192 43 1136
628 198 22 18
654 198 46 1262
656 4 4 778
679 192 31 1136
684 198 28 18
689 198 55 18
729 192 25 1136
733 192 28 1136
739 4 19 778
746 192 37 1136
746 198 40 18
753 192 34 1136
756 4 16 778
758 192 46 1136
764 4 13 778
785 192 40 1136
794 198 31 18
803 192 51 1136
823 192 58 1136
833 192 1 1286
835 4 25 778
853 198 43 18
859 198 34 18
872 192 4 1286
873 198 46 18
880 4 28 778
907 4 34 778
936 4 22 778
942 4 37 778
955 192 55 1136
963 198 37 18
969 198 52 18
973 192 7 1286
977 192 13 1286
982 192 10 1286
984 4 49 778
17 285 17 470
79 285 5 470
80 285 23 470
110 285 29 470
113 225 53 1350
135 183 5 1482
137 225 59 1350
139 225 11 1182
141 285 11 470
172 225 1 1182
172 285 41 470
197 225 17 1182
197 183 23 1482
199 225 23 1182
210 285 47 470
213 183 11 1482
215 285 35 470
225 183 35 1482
228 285 59 470
232 183 17 1482
234 285 5 1133
245 285 53 470
276 285 23 1133
278 285 17 1133
303 285 11 1133
312 183 29 1482
327 183 41 1482
338 225 29 1182
342 225 35 1182
343 285 29 1133
347 183 53 1482
360 285 47 1133
386 183 59 1482
397 225 41 1182
401 285 35 1133
410 225 43 1182
413 183 47 1482
413 285 41 1133
420 285 53 1133
421 225 55 1182
428 183 11 1339
433 225 53 1182
434 183 5 1339
436 285 59 1133
459 285 29 97
462 183 21 1049
467 285 35 97
468 225 5 529
477 225 11 529
492 285 41 97
493 285 47 97
520 285 53 97
538 285 59 97
548 183 23 1339
565 285 5 206
584 225 17 529
590 225 23 529
594 183 29 1339
602 225 29 529
618 225 41 529
629 183 41 1339
667 183 17 1339
716 285 11 206
726 183 35 1339
735 225 35 529
742 285 29 206
777 225 47 529
783 183 53 1339
785 285 17 206
789 225 53 529
834 183 59 1339
861 285 23 206
863 225 59 529
863 183 27 369
864 285 35 206
869 285 47 206
870 183 47 1339
870 285 41 206
877 285 53 206
884 285 59 206
906 225 23 617
911 225 11 617
932 183 41 369
933 225 29 617
944 183 47 369
948 183 53 369
960 183 10 433
962 225 35 617
969 183 59 369
979 183 23 433
985 183 25 433
7 117 31 105
25 255 37 24
31 173 49 797
40 117 55 797
63 117 25 797
88 173 37 183
103 117 7 105
139 255 43 24
145 255 49 24
153 117 25 105
165 173 31 183
169 173 13 183
197 117 19 105
212 173 19 183
228 255 31 833
236 255 55 24
253 117 1 105
285 255 1 1498
297 255 55 833
300 255 7 1498
305 117 43 105
309 255 37 833
311 173 1 183
328 255 27 1498
342 173 7 183
345 117 13 105
346 255 19 1498
349 117 49 105
358 255 13 1498
383 173 49 183
402 255 31 1498
412 255 49 1498
427 173 25 183
437 117 55 105
444 173 43 183
446 117 1 1113
485 255 1 479
486 255 43 1498
496 173 55 183
500 255 55 1498
504 255 7 479
509 117 7 1113
515 117 13 1113
531 173 1 196
565 255 37 1498
580 117 37 105
585 173 7 196
589 117 31 1113
591 255 13 479
628 117 25 1113
642 173 25 196
648 173 31 196
658 173 19 196
691 173 37 196
721 117 55 1113
735 255 25 479
740 117 19 1113
754 173 13 196
781 117 39 1113
787 117 43 1113
809 255 19 479
824 255 49 479
826 255 31 479
871 117 1 1278
877 255 55 479
913 117 49 1113
915 255 7 587
921 173 49 196
937 173 45 196
945 117 7 1278
946 173 1 659
948 255 37 479
949 255 43 479
952 117 19 1278
959 173 55 196
960 117 13 1278
962 173 31 659
973 117 33 1278
983 117 25 1278
993 255 13 587
19 390 28 378
58 390 34 378
110 390 37 378
193 390 43 378
201 390 40 378
294 390 46 378
332 390 49 378
353 390 52 378
365 390 55 378
386 390 55 1207
430 390 13 1330
439 390 58 378
460 390 58 1207
471 390 1 1330
483 390 10 1330
546 390 16 1330
641 390 19 1330
643 390 25 1330
647 390 4 1330
706 390 7 1330
713 390 22 1330
790 390 31 1330
848 390 28 1330
849 390 34 1330
933 390 37 1330
938 390 40 1330
997 390 16 50
12 340 17 1066
24 325 23 1004
30 325 29 1004
58 340 5 1066
65 340 29 1066
89 325 5 1004
93 340 23 1066
105 359 11 1066
119 340 41 1066
127 359 35 1066
130 340 47 1066
138 340 59 1066
143 340 53 1066
174 359 11 767
177 359 5 767
184 325 11 1004
241 325 35 1004
259 340 29 1204
267 359 23 767
281 340 59 1204
282 359 29 767
305 340 35 1204
307 359 17 767
308 359 35 767
310 340 41 1204
316 340 47 1204
336 340 53 1204
346 325 17 1004
353 325 47 1004
361 359 41 767
377 340 5 1481
382 325 41 1004
384 325 53 1004
398 340 17 1481
416 359 47 767
427 340 11 1481
448 340 23 1481
450 359 53 767
467 359 59 767
472 340 35 1481
481 359 5 827
488 325 53 52
511 325 5 697
528 325 59 1004
530 359 11 827
532 325 59 52
532 359 17 827
536 325 11 697
544 359 23 827
557 340 29 1481
558 340 41 1481
571 340 47 1481
573 359 29 827
579 340 53 1481
582 325 23 697
626 359 59 827
639 359 35 827
646 340 41 617
648 340 47 617
681 340 59 1481
694 359 47 827
707 325 17 697
711 340 59 617
723 340 5 762
729 359 41 827
740 359 53 827
748 325 41 697
751 325 25 697
756 325 35 697
794 325 59 697
801 340 53 617
808 340 23 762
811 325 47 697
835 340 11 762
843 340 17 762
860 359 47 24
875 325 53 697
888 325 5 915
894 325 17 915
894 340 29 762
898 359 53 24
909 359 59 24
923 340 35 762
929 340 41 762
941 359 47 793
945 340 47 762
952 359 53 793
955 325 7 915
957 340 53 762
958 359 59 793
963 340 5 1400
980 325 23 915
9 23 55 32
17 103 37 70
29 103 9 70
34 23 13 1111
34 253 19 624
54 23 25 1111
58 23 7 1111
61 253 43 624
62 23 19 1111
83 103 49 311
115 103 43 70
117 103 31 70
119 103 15 70
137 103 19 70
139 103 49 70
150 23 49 1111
173 253 7 624
185 253 13 624
192 103 55 70
236 103 1 70
261 103 25 70
261 253 1 624
280 253 31 624
283 23 1 1111
287 103 31 824
293 23 43 1111
303 23 31 1111
304 23 55 1111
316 103 7 824
318 23 39 1111
319 253 49 624
332 103 25 824
334 103 37 824
335 23 13 136
335 253 27 624
340 253 55 624
362 253 7 694
368 253 1 694
375 23 19 136
383 23 31 136
430 253 43 694
442 23 7 429
465 23 49 136
469 103 25 1280
510 253 37 624
517 253 25 694
520 23 55 136
538 103 19 824
541 23 1 429
548 23 37 136
565 103 43 824
577 23 43 136
582 103 7 1280
595 253 13 694
601 253 19 694
614 103 49 824
625 253 31 694
643 103 13 1280
649 253 39 694
663 103 55 824
663 23 31 429
681 103 1 1280
700 253 7 1018
711 103 19 1280
744 23 49 429
747 103 55 1280
749 23 37 429
754 23 19 429
781 103 31 1280
784 253 1 1018
801 103 43 1280
801 253 13 1018
819 253 57 694
824 23 13 429
837 23 25 429
840 103 37 1280
842 23 55 429
879 23 7 526
882 103 49 1280
887 103 13 54
897 253 43 1018
902 253 49 694
904 23 31 526
907 253 37 1018
924 103 7 54
930 103 1 54
969 23 43 429
970 103 19 54
991 23 13 526
992 253 19 1018
995 253 55 1018
32 353 40 218
69 353 49 1115
79 353 52 1115
99 353 58 1477
101 353 55 1115
147 353 58 1115
170 353 1 1393
181 353 28 956
203 353 10 1393
226 353 4 1393
288 353 7 1393
320 353 16 1393
321 353 13 1393
346 353 25 1393
390 353 22 1393
399 353 19 1393
417 353 28 1393
427 353 31 1393
500 353 1 714
654 353 37 1393
656 353 43 1393
730 353 34 1393
891 353 49 1393
959 353 46 1393
967 353 40 1393
984 353 52 1393
78 66 47 693
148 66 35 693
169 66 53 693
224 66 59 693
259 66 47 867
260 66 59 867
279 66 53 867
325 66 5 971
348 66 11 971
387 66 17 971
473 66 7 867
479 66 29 971
498 66 41 971
554 66 23 971
594 66 35 971
648 66 53 971
649 66 47 971
659 66 59 971
674 66 52 1438
709 66 5 784
713 66 11 784
722 66 17 784
731 66 59 103
734 66 49 103
741 66 29 784
743 66 23 784
760 66 35 784
785 66 47 784
829 66 41 784
838 66 53 784
875 66 59 784
922 66 1 1324
940 66 3 1324
6 71 13 1174
155 71 25 1174
164 71 19 1174
219 71 43 1174
235 71 31 1174
297 71 49 1174
311 71 37 1174
355 71 55 1174
378 71 1 1206
441 71 7 1206
474 71 25 1206
478 71 37 1206
526 71 13 1206
538 71 31 1206
541 71 49 1206
589 71 43 1206
598 71 19 1206
640 71 19 1286
662 71 25 1286
675 71 31 1286
685 71 37 1286
712 71 1 1352
725 71 13 1352
738 71 43 1286
759 71 55 1206
767 71 37 1352
773 71 49 1286
793 71 43 1352
814 71 55 1286
851 71 25 1352
923 71 31 1352
931 71 49 1352
968 71 13 138
976 71 19 1352
26 78 22 945
35 65 37 1380
51 112 25 892
54 78 43 1319
57 65 4 96
73 112 19 892
77 112 22 892
81 65 25 96
81 112 28 892
82 65 28 96
88 112 34 892
94 78 46 1319
97 112 16 892
148 65 7 96
153 65 10 96
154 65 34 96
184 65 1 96
189 112 4 892
200 78 49 1319
208 112 37 892
218 112 40 892
222 65 21 96
235 65 37 96
241 112 1 892
251 112 31 892
264 112 49 892
278 112 43 892
282 112 52 892
285 65 13 96
287 78 52 1319
318 112 34 1474
323 112 22 1474
324 112 55 892
337 78 55 1319
340 112 46 892
343 112 10 508
346 78 3 1455
371 78 58 1319
383 78 7 1455
384 65 16 96
385 65 40 96
389 65 43 96
414 65 49 96
415 65 46 96
439 78 10 1455
449 78 13 1455
457 65 1 198
467 65 52 96
470 65 55 96
472 112 58 892
473 112 55 1311
474 112 1 508
491 112 4 508
503 65 31 96
517 65 58 96
521 112 25 508
522 112 7 508
540 65 4 198
544 112 58 1311
545 112 19 508
562 112 15 508
575 78 19 1455
581 65 13 198
588 112 22 508
594 78 25 1455
636 78 16 1455
642 65 7 198
652 112 28 508
657 65 19 198
671 78 22 1455
674 112 31 508
689 65 25 198
701 112 34 508
710 65 16 198
712 112 7 516
719 78 28 1455
730 65 22 198
735 65 31 198
741 65 10 198
748 112 37 508
750 78 45 1455
758 112 43 508
766 78 31 1455
769 112 40 508
770 65 28 198
796 78 34 1455
796 112 49 508
818 112 46 508
838 112 55 508
846 65 37 198
855 112 58 508
871 112 13 516
884 112 1 516
885 78 37 1455
903 112 52 508
905 65 34 198
912 78 40 1455
912 112 16 516
914 112 4 516
916 78 49 1455
917 65 43 198
929 78 55 1455
930 112 19 516
939 112 31 516
967 65 46 198
985 78 52 1455
990 78 13 10
151 90 59 1295
161 90 5 902
169 90 11 902
172 90 17 902
237 90 23 902
291 90 59 902
296 90 29 902
354 90 41 902
355 90 31 902
375 90 47 902
415 90 53 902
489 90 5 1284
492 90 11 1284
572 90 17 1284
600 90 35 1284
612 90 23 1284
629 90 29 1284
717 90 41 1284
800 90 47 1284
898 90 59 1284
920 90 53 1284
935 90 5 692
2 336 19 779
12 336 25 779
25 138 55 1055
35 138 19 10
42 348 31 779
60 348 37 779
66 138 37 1055
81 336 49 779
115 138 37 10
125 348 7 779
135 336 43 779
151 336 1 779
166 138 31 10
172 336 13 779
179 348 55 779
181 336 1 340
202 138 1 10
216 348 19 1172
242 138 43 10
249 138 7 10
256 348 43 1172
268 336 19 340
276 336 31 340
277 336 37 340
366 336 7 340
377 336 13 340
380 336 49 340
381 138 49 10
383 348 55 1172
389 348 25 340
394 336 55 340
405 138 13 386
409 138 25 10
409 348 43 340
410 336 7 601
415 138 55 10
418 336 1 601
441 138 1 386
461 336 19 601
473 348 49 1172
479 336 13 601
487 348 1 1014
498 138 7 386
535 138 19 386
539 348 7 1014
548 348 19 1014
554 336 7 1024
572 336 31 601
588 336 37 601
593 336 25 601
596 348 13 1014
602 336 49 601
622 138 51 386
629 348 25 1014
630 336 1 1024
637 138 25 386
644 138 55 386
645 138 31 386
653 336 25 1024
659 348 31 1014
672 336 43 601
683 138 45 386
686 138 1 594
694 348 49 1014
700 138 13 594
706 348 1 1257
713 138 37 386
714 348 7 1257
728 348 43 1014
738 336 13 1024
791 138 25 594
795 138 19 594
808 348 25 1257
831 336 55 601
833 348 37 1014
860 348 37 1257
881 348 19 1257
902 336 19 1024
903 336 33 1024
937 348 31 1257
938 138 49 594
945 348 13 1257
955 336 49 1024
992 138 31 594
997 336 19 1334
62 67 25 506
94 67 7 506
124 67 13 506
168 67 10 506
171 67 16 506
175 67 19 506
223 67 4 506
271 67 28 506
293 67 34 506
338 67 31 506
357 67 1 545
483 67 40 506
499 67 37 506
563 67 49 506
596 67 46 506
609 67 43 506
614 67 55 506
615 67 22 506
621 67 52 506
629 67 58 506
659 67 4 545
676 67 7 545
685 67 31 545
772 67 10 545
792 67 13 545
863 67 16 545
865 67 25 545
996 67 19 545
48 118 7 1357
94 118 10 1174
103 118 46 926
110 118 1 1357
145 118 13 1357
202 118 19 1357
215 118 10 1357
231 118 16 1357
273 118 22 1357
289 118 4 921
365 118 4 1174
400 118 4 1357
406 118 34 1357
458 118 28 1357
459 118 52 1357
509 118 43 1357
570 118 31 1357
593 118 37 1357
685 118 46 1357
694 118 55 1357
697 118 13 68
717 118 25 1357
723 118 40 1357
742 118 49 1357
831 118 1 68
854 118 58 1357
909 118 7 68
948 118 4 68
986 118 10 68
32 164 47 98
76 164 35 98
202 164 41 98
209 164 53 98
269 164 59 98
306 164 5 48
351 164 11 48
365 164 23 48
377 164 17 48
406 164 29 48
447 164 41 48
464 164 35 48
512 164 53 48
540 164 17 630
598 164 43 48
611 164 59 48
677 164 5 630
678 164 7 630
693 164 23 630
701 164 29 630
759 164 35 630
885 164 41 630
893 164 53 630
899 164 47 630
906 164 59 630
919 164 11 1329
946 164 17 1329
949 164 23 1329
978 164 29 1329
91 317 19 1010
113 317 3 1010
172 317 7 1010
324 317 13 1010
326 317 37 1010
337 317 31 1010
377 317 43 1010
379 317 49 1010
399 317 25 1010
426 317 1 1067
456 317 7 1067
459 317 55 1010
462 317 13 1067
507 317 25 1067
511 317 19 1067
520 317 49 1067
527 317 43 1067
533 317 19 68
536 317 31 1067
548 317 55 1067
550 317 37 1067
595 317 25 68
620 317 49 68
630 317 13 786
634 317 55 68
673 317 31 68
688 317 3 786
781 317 25 786
899 317 43 68
949 317 7 786
983 317 37 68
33 305 25 22
59 305 37 22
64 305 13 22
71 305 1 22
103 305 16 22
106 305 19 22
204 305 7 22
206 305 10 22
228 305 22 22
236 305 28 22
244 305 31 22
274 305 40 22
281 305 4 22
299 305 34 22
300 305 43 22
316 305 4 437
331 305 46 22
341 305 49 22
367 305 52 22
405 305 58 22
406 305 55 22
429 305 1 437
458 305 7 437
484 305 52 437
505 305 13 437
533 305 10 437
623 305 19 437
714 305 16 437
769 305 22 437
789 305 25 437
814 305 31 437
826 305 28 437
841 305 49 437
850 305 43 437
860 305 34 437
913 305 57 437
967 305 37 437
32 242 53 550
62 242 35 550
83 242 41 550
125 242 47 550
140 242 5 222
218 242 59 550
256 242 17 222
282 242 23 222
305 242 11 222
464 242 29 222
479 242 35 222
499 242 47 222
507 242 41 222
519 242 23 360
537 242 59 222
571 242 53 222
610 242 35 360
616 242 41 360
618 242 29 360
653 242 47 360
699 242 53 360
745 242 29 696
754 242 59 360
832 242 11 696
18 69 25 730
49 69 1 730
105 69 31 730
182 69 7 730
214 69 19 730
226 69 37 730
230 69 49 730
261 69 13 730
267 69 43 730
270 69 55 730
307 69 1 1475
333 69 7 1475
340 69 13 1475
351 69 19 1475
357 69 25 1475
374 69 13 242
403 69 25 242
525 69 33 1475
601 69 37 1475
628 69 43 1475
638 69 7 242
670 69 49 1475
687 69 55 1475
768 69 19 242
798 69 33 242
805 69 37 242
855 69 1 242
875 69 43 242
925 69 51 242
31 108 37 516
41 108 22 516
113 108 28 516
132 108 25 516
144 108 34 516
149 108 40 516
167 108 43 516
194 108 46 516
246 108 49 516
262 108 10 516
280 108 52 516
285 108 25 531
317 108 4 531
339 108 55 516
360 108 58 516
419 108 13 531
440 108 7 531
445 108 1 531
474 108 10 531
549 108 19 531
571 108 16 531
640 108 31 531
710 108 22 531
757 108 37 531
760 108 40 531
765 108 28 531
785 108 43 531
793 108 1 782
828 108 34 531
935 108 46 531
947 108 55 531
950 108 51 531
5 204 11 451
9 204 23 451
13 204 29 451
36 204 35 451
52 204 41 451
58 204 47 451
108 10 5 610
116 204 5 451
170 10 11 610
174 10 29 610
176 10 13 610
220 204 53 451
232 204 59 451
235 10 23 610
242 10 35 610
247 204 17 451
262 204 5 1229
279 204 11 1229
290 10 41 610
306 204 35 1229
335 10 47 610
354 204 17 1229
377 10 53 610
377 204 23 1229
378 204 29 1229
398 10 59 610
412 10 5 661
416 204 41 1229
432 10 11 661
437 10 23 661
447 204 47 1229
452 10 29 661
465 204 53 1229
473 204 59 1229
521 10 17 661
530 204 5 311
534 204 11 311
536 204 17 311
558 204 23 311
569 10 35 661
574 204 29 311
576 10 41 661
595 204 35 311
596 10 53 661
598 10 47 661
607 10 59 661
615 204 41 311
623 204 47 311
632 204 53 311
646 204 5 463
656 204 11 463
669 204 59 311
681 204 17 463
690 204 23 463
731 204 41 463
734 204 29 463
736 204 11 1244
758 204 35 463
762 10 5 976
762 204 47 463
806 10 7 976
817 10 47 976
862 10 17 976
872 10 25 976
914 204 53 463
947 10 23 976
955 10 53 976
966 204 59 463
978 10 41 976
999 10 31 976
10 375 31 1085
24 172 25 1437
43 375 49 1085
45 172 37 1437
57 375 55 1085
60 375 25 74
71 375 37 74
90 172 49 1437
94 172 31 1437
96 375 19 74
107 375 49 74
166 375 55 74
170 172 43 1437
192 172 49 116
193 172 55 1437
203 172 49 198
209 375 1 74
215 375 43 74
216 172 55 116
263 172 55 198
270 172 1 552
274 375 43 339
367 375 13 74
376 172 25 552
379 375 7 74
410 375 13 339
414 172 7 552
424 172 13 552
438 375 31 74
464 172 19 552
473 172 31 552
490 172 49 552
511 172 55 552
544 375 1 339
588 375 7 339
645 375 25 339
655 375 21 339
661 172 37 552
682 172 43 552
695 375 49 339
711 172 7 659
733 375 31 339
746 172 55 580
801 375 7 1031
813 375 37 339
833 172 25 659
844 375 55 339
879 375 25 1031
933 172 13 659
950 375 1 1031
962 375 37 1031
981 172 7 847
38 85 29 93
65 85 41 93
71 85 47 93
124 85 53 93
125 85 59 93
126 85 53 505
130 85 59 505
171 85 5 519
183 85 11 519
185 85 11 1349
192 85 5 1349
222 85 17 1349
224 85 19 1349
271 85 35 1349
287 85 41 1349
313 85 29 1349
337 85 47 1349
363 85 53 1349
401 85 59 1349
427 85 23 999
429 85 41 999
505 85 47 999
552 85 59 999
559 85 5 322
568 85 11 322
649 85 53 999
708 85 17 322
744 85 29 322
782 85 23 322
789 85 35 322
791 85 41 322
843 85 23 671
856 85 47 322
944 85 53 322
987 85 59 322
998 85 5 671
13 287 19 910
36 52 37 1259
51 106 7 133
60 52 43 1259
71 287 43 910
82 287 25 910
84 237 16 748
94 237 25 748
100 237 4 748
113 237 7 748
119 287 4 910
130 106 4 133
144 287 13 910
175 52 28 1259
178 52 40 1259
182 237 13 748
187 106 1 133
188 237 1 748
191 237 19 748
191 52 49 1259
192 237 28 748
195 287 10 910
197 287 1 910
229 52 52 1259
239 237 31 748
240 237 34 748
241 237 22 748
244 52 46 1259
251 106 13 133
253 237 58 748
258 287 7 910
275 287 16 910
278 287 22 910
325 106 16 133
331 287 31 910
332 287 34 910
333 237 37 748
337 237 43 748
341 106 10 133
347 52 55 1259
358 287 28 910
364 287 37 910
372 106 19 133
381 106 25 133
383 287 40 910
384 287 46 910
390 52 13 1399
394 287 49 910
410 52 58 1259
411 287 55 910
415 52 7 1399
417 237 40 748
429 52 27 1399
432 237 46 748
440 237 10 748
446 106 31 133
447 106 28 133
448 52 10 1399
453 106 37 133
455 237 49 748
470 287 1 1180
477 52 16 1399
489 287 58 910
517 52 37 1399
518 52 19 1399
536 52 22 1399
547 287 33 1180
549 106 43 133
552 287 7 1180
553 106 22 133
556 52 31 1399
560 287 4 1180
568 237 19 874
575 237 7 874
585 106 49 133
590 237 25 874
598 287 52 910
631 106 22 545
642 52 34 1399
654 106 40 133
655 106 46 133
657 237 55 748
658 287 10 1180
668 52 55 1399
682 287 16 1180
695 52 43 1399
701 52 49 1399
709 106 34 133
710 106 55 133
718 106 58 133
732 287 13 1180
747 287 19 1180
747 52 40 1399
751 287 22 1180
755 237 16 874
761 287 37 1180
771 106 52 133
774 106 28 545
778 287 43 1180
785 237 52 748
791 52 46 1399
792 237 22 874
793 287 28 1180
802 52 1 842
804 106 34 545
806 237 43 874
807 52 52 1399
815 52 4 842
816 52 58 1399
838 237 10 874
850 287 25 1180
854 106 43 545
855 237 13 874
856 52 55 629
857 52 58 629
893 106 40 437
899 287 49 1180
900 287 40 1180
911 237 31 874
912 52 13 842
915 237 28 874
916 237 37 874
920 106 49 545
923 106 46 437
924 106 37 545
925 106 40 545
929 106 46 545
936 287 1 458
957 52 7 842
958 106 52 545
960 52 25 842
963 237 34 874
965 287 52 1180
978 287 55 1180
989 287 46 1180
64 387 17 1184
70 387 11 1184
114 387 53 32
127 387 5 1184
163 387 59 32
178 387 53 218
227 387 19 1184
234 387 25 1184
328 387 47 218
335 387 59 218
405 387 5 658
415 387 11 658
418 387 17 658
431 387 29 658
450 387 23 658
534 387 41 658
535 387 47 658
570 387 35 658
579 387 5 1368
592 387 53 658
606 387 59 658
674 387 11 1368
679 387 17 1368
718 387 29 1368
722 387 23 1368
809 387 35 1368
830 387 41 1368
919 387 47 1368
943 387 53 1368
11 395 55 242
87 395 19 287
126 395 15 287
181 395 13 1135
182 395 25 287
196 395 1 287
208 395 7 287
211 395 55 287
302 395 43 287
306 395 31 287
338 395 37 287
351 395 49 287
391 395 55 545
401 395 37 1024
416 395 1 1135
422 395 55 1024
492 395 43 1024
549 395 7 1135
550 395 25 1135
601 395 31 1135
613 395 21 1135
680 395 13 1142
698 395 37 1135
714 395 49 1135
762 395 43 1135
827 395 55 1135
834 395 1 1142
929 395 19 1142
941 395 31 1142
957 395 25 1142
973 395 37 1142
991 395 7 1142
994 395 43 1142
12 149 19 1497
14 149 22 1497
102 149 37 1497
121 149 7 1497
127 149 31 1497
160 149 34 1497
226 149 10 1497
338 149 1 1497
350 149 13 1497
411 149 4 1497
472 149 16 1497
483 149 25 1497
486 149 28 1497
511 149 52 1497
540 149 49 1497
557 149 55 1497
573 149 7 594
593 149 40 1497
665 149 43 1497
667 149 46 1497
705 149 58 1497
707 149 10 594
757 149 40 594
797 149 1 909
811 149 37 594
819 149 43 594
868 149 46 594
885 149 4 909
906 149 7 909
910 149 58 594
918 149 55 594
940 149 13 909
951 149 10 909
982 149 16 909
12 121 23 1276
14 269 29 114
17 121 29 1276
30 269 23 114
36 269 11 114
130 121 11 1276
155 269 5 114
156 269 37 1490
166 269 5 1218
199 269 11 1218
201 121 1 1006
206 121 17 1276
257 269 13 114
262 121 35 1276
294 269 55 1192
296 269 17 1218
311 269 23 1218
353 121 5 1276
369 121 41 1276
382 269 29 1218
393 121 47 1276
448 269 35 1218
458 121 53 1276
541 269 41 1218
580 121 5 7
591 269 47 1218
602 121 11 7
613 121 35 7
623 121 17 7
623 269 5 1446
624 269 53 1218
644 269 59 1218
655 269 11 1446
690 121 29 7
701 121 41 7
812 121 23 7
840 121 47 7
849 121 53 7
858 269 17 1446
877 121 59 7
895 121 5 374
900 121 11 374
940 121 17 374
980 269 29 1446
992 269 35 1446
2 13 25 138
6 13 19 138
24 13 31 138
44 13 19 782
113 13 43 138
137 13 7 138
173 13 49 138
202 13 37 138
330 13 55 138
354 13 1 138
360 13 13 782
406 13 7 782
426 13 37 782
436 13 49 782
452 13 25 782
480 13 43 782
485 13 33 782
512 13 1 931
529 13 19 931
545 13 55 782
626 13 7 931
652 13 13 931
678 13 37 931
716 13 25 931
718 13 7 1075
723 13 43 931
734 13 13 1075
777 13 49 931
798 13 19 1075
807 13 31 931
809 13 1 1075
961 13 13 1334
978 13 1 1334
994 13 25 1075
996 13 55 931
3 29 37 786
13 380 58 18
13 158 31 735
21 29 19 786
25 29 31 786
34 29 34 786
59 380 40 343
70 158 40 735
84 158 37 735
91 380 16 1286
98 158 43 735
99 158 34 735
100 380 25 343
101 29 40 786
101 158 58 735
118 29 43 786
142 158 49 735
159 29 49 786
160 380 19 343
161 380 10 343
164 380 3 343
190 380 13 343
195 380 16 343
196 380 7 343
207 29 58 786
215 380 28 343
222 380 31 343
224 158 55 735
236 158 52 735
248 29 52 786
267 29 10 842
274 158 13 897
289 29 22 786
295 158 9 897
296 158 22 1437
308 158 16 1437
309 158 46 735
318 380 49 343
326 158 1 897
351 380 46 343
379 380 37 343
397 29 55 786
414 380 52 343
438 29 46 786
445 29 34 842
448 29 19 842
452 158 4 897
474 380 34 343
482 380 22 343
482 29 37 842
528 29 31 842
532 380 55 343
539 158 16 897
544 29 16 842
549 29 28 842
561 380 43 343
562 158 19 897
566 158 25 897
567 29 22 842
568 380 58 343
573 29 52 842
580 29 43 842
581 158 22 897
589 29 49 842
598 158 28 897
618 380 1 452
618 29 4 849
634 380 7 452
640 380 4 452
668 158 31 897
668 29 58 842
671 380 10 452
675 29 1 849
678 380 15 452
680 29 7 849
684 29 46 842
716 29 55 842
724 158 37 897
732 380 31 452
749 158 34 897
787 380 19 452
800 380 22 452
852 29 28 849
864 380 25 452
865 29 10 849
873 29 13 849
881 158 40 897
896 380 28 452
920 29 19 849
935 29 40 842
939 158 34 1041
956 158 49 897
962 29 43 849
963 380 40 452
966 29 31 849
967 158 43 897
980 158 52 897
982 380 34 452
984 158 55 897
999 158 46 897
40 329 5 570
41 329 17 570
68 329 23 570
73 190 11 1381
104 190 29 1381
129 190 35 1381
146 190 23 1381
195 329 29 570
201 190 17 1381
205 190 5 1381
219 329 11 570
221 329 35 570
226 190 41 1381
228 329 41 570
236 190 47 1381
242 329 47 570
265 329 53 570
291 329 11 1400
308 329 59 570
316 190 53 1381
319 329 17 1400
344 329 23 1400
372 329 29 1400
376 329 35 1400
393 190 5 719
404 329 41 1400
410 190 11 719
451 329 47 1400
510 329 5 130
534 190 59 1381
537 329 11 130
568 329 17 130
577 190 23 719
687 329 59 1400
690 329 53 1400
732 190 29 719
776 190 17 719
796 329 23 130
804 190 41 719
822 190 35 719
844 329 29 130
852 329 35 130
861 329 41 130
863 329 5 542
897 190 47 719
905 190 59 719
938 190 5 1322
945 329 59 130
967 190 53 719
973 190 11 1322
992 190 29 1322
993 190 17 1322
49 27 55 1232
68 27 19 581
92 27 1 581
183 27 7 581
205 27 27 581
239 27 43 581
323 27 31 581
351 27 13 581
390 27 1 1043
530 27 55 581
550 27 49 581
563 27 7 1043
705 27 13 1043
708 27 43 1043
804 27 21 1043
845 27 55 1043
874 27 25 1043
949 27 49 1043
40 40 37 783
50 40 25 783
79 40 16 783
127 40 19 783
177 40 40 783
186 40 1 783
225 40 4 783
229 40 7 783
234 40 28 783
242 40 22 783
286 40 31 783
342 40 13 783
383 40 10 783
411 40 49 783
435 40 1 1104
458 40 34 783
528 40 46 783
529 40 52 783
530 40 43 783
593 40 4 1104
684 40 55 783
693 40 58 783
696 40 10 1104
704 40 7 1104
710 40 13 1104
765 40 16 1104
783 40 19 1104
789 40 22 1104
812 40 31 1104
820 40 25 1104
880 40 37 1104
911 40 43 1104
919 40 28 1104
938 40 46 1104
955 40 1 1301
982 40 49 1104
1 185 17 1027
4 378 17 214
34 378 11 214
35 185 23 1027
89 185 29 1027
121 185 5 1027
178 378 23 214
187 378 47 214
199 378 1 214
200 378 35 214
203 185 35 1027
214 378 29 214
215 378 53 214
231 378 41 214
245 378 59 214
272 185 11 1027
297 378 1 100
311 185 41 1027
317 185 47 1027
336 185 35 1380
362 378 11 100
363 185 59 1027
376 185 53 1027
389 185 47 1380
396 185 53 1380
400 378 29 100
405 378 17 100
405 185 23 1434
459 378 23 100
470 185 5 1434
477 185 59 1380
488 378 35 100
519 378 37 100
533 378 53 100
544 185 11 1434
568 185 41 1434
572 378 47 100
580 185 17 1434
591 185 5 26
619 378 11 671
629 185 11 26
677 378 59 100
683 378 17 671
696 185 17 26
698 185 19 26
707 378 29 671
712 378 13 633
713 378 35 671
738 378 41 671
750 378 5 1061
757 185 35 26
777 378 53 671
786 378 59 671
814 185 25 26
885 185 47 26
916 378 17 1061
922 378 47 671
932 185 37 26
934 378 41 1061
967 378 23 1061
976 378 7 1061
980 378 35 1061
986 378 29 1061
988 185 5 1244
5 7 13 1105
7 7 37 1105
9 212 13 588
15 212 16 588
27 212 28 588
29 119 13 880
30 7 31 1105
33 7 34 1105
44 7 58 1105
46 7 40 1105
49 212 19 588
78 7 16 1105
80 212 31 588
87 119 1 880
94 119 49 148
116 212 25 588
123 212 22 588
125 212 40 588
139 212 37 588
140 119 10 880
161 7 49 1105
161 212 34 588
171 7 43 1105
178 119 16 880
181 7 19 365
193 119 4 880
194 212 1 588
197 7 46 1105
210 212 7 588
244 212 43 588
263 119 52 148
269 119 7 880
270 119 25 880
286 119 19 880
302 119 22 880
303 7 55 1105
307 119 31 880
315 7 52 1105
318 119 28 880
322 7 1 365
322 212 4 588
326 7 7 365
336 7 25 365
337 212 49 588
339 212 10 588
350 7 16 365
380 212 46 588
387 7 4 365
396 212 58 588
409 212 55 588
428 7 13 365
458 7 10 365
463 119 34 880
466 212 7 603
475 7 22 365
477 212 1 603
484 7 55 365
488 7 28 365
501 7 31 365
503 119 37 880
515 212 52 588
516 7 37 365
525 7 40 365
538 212 13 603
545 119 40 880
562 119 43 880
636 119 46 880
639 212 4 603
647 7 46 365
674 7 34 365
682 7 49 365
695 119 55 880
699 119 58 880
714 7 4 458
714 212 19 603
717 119 49 880
760 212 10 603
764 119 16 1041
812 119 1 1041
816 212 16 603
821 212 22 603
824 212 34 603
829 119 4 1041
835 7 43 365
852 212 31 603
862 119 7 1041
881 119 10 1041
898 7 13 458
903 119 13 1041
940 7 52 365
941 119 22 1041
944 119 19 1041
951 119 25 1041
973 7 58 365
977 7 7 458
983 212 43 603
983 119 46 1041
986 212 49 603
986 119 1 1147
989 119 52 880
991 7 31 458
3 302 49 452
39 302 43 452
64 302 55 452
104 302 19 530
106 302 13 530
116 302 31 530
118 302 37 530
125 302 25 530
152 302 31 1019
206 302 43 530
234 302 1 530
237 302 7 530
251 302 19 1019
290 302 49 530
305 302 55 530
308 302 37 1019
334 302 1 1019
359 302 7 1019
375 302 13 1019
412 302 25 1019
464 302 7 1214
472 302 43 1019
490 302 55 1019
516 302 1 1214
520 302 19 1214
562 302 49 1019
599 302 25 1214
648 302 43 1214
676 302 39 1214
699 302 13 1214
735 302 55 1214
803 302 37 1334
809 302 31 1214
811 302 43 1334
832 302 7 1334
834 302 25 1334
872 302 31 1334
901 302 1 161
1 392 40 874
5 135 58 1455
8 135 25 603
22 366 37 659
26 80 58 686
34 80 25 1412
39 80 22 1412
49 392 46 874
54 135 37 603
63 135 46 603
103 135 28 603
111 366 19 659
117 80 1 1412
142 366 22 659
147 392 49 874
162 392 52 874
177 135 55 603
214 366 46 659
219 392 55 874
227 135 40 603
232 392 7 202
232 366 40 659
239 366 49 659
244 392 58 874
258 366 55 659
279 366 43 659
296 80 4 1412
299 366 1 691
303 392 1 202
308 135 52 603
315 135 19 879
327 80 7 1412
330 366 52 659
331 135 58 603
342 392 4 202
343 135 31 879
355 392 10 202
366 366 58 659
377 80 19 1412
382 80 31 1412
383 80 13 1412
384 80 28 1412
385 80 10 1412
412 135 22 879
418 80 34 1412
442 366 13 691
451 366 10 691
456 392 13 202
458 80 37 1412
462 366 4 691
472 366 19 691
485 80 40 1412
523 80 43 1412
525 366 16 691
549 366 25 691
560 366 22 691
561 80 49 1412
585 135 37 879
595 135 49 879
611 366 45 691
626 366 28 691
629 392 19 202
635 392 16 202
636 135 28 879
638 392 22 202
641 366 31 691
663 80 46 1412
675 80 52 1412
683 135 34 879
696 80 1 245
702 135 55 879
709 80 16 1412
721 80 4 245
723 366 37 691
729 392 28 202
733 80 7 245
746 80 13 245
751 366 7 252
763 135 43 879
763 366 1 252
764 135 40 879
775 135 46 879
788 392 31 202
829 135 58 879
830 392 25 202
848 80 55 1412
856 135 1 975
858 392 34 202
862 366 34 691
863 80 10 245
879 366 40 691
881 392 37 202
883 80 25 245
889 392 55 202
894 366 49 691
898 366 55 691
901 392 40 202
909 135 52 879
920 392 58 202
932 366 52 691
953 366 10 252
965 135 7 975
970 80 31 245
977 135 16 975
6 369 37 849
23 207 25 50
28 369 49 849
55 369 55 849
75 369 49 1142
133 207 31 50
156 207 39 50
185 369 7 1300
202 207 7 50
203 207 43 50
229 207 55 50
237 207 19 50
288 207 49 50
293 369 55 1142
309 207 1 526
436 369 1 1300
456 207 19 526
457 207 43 526
471 369 13 1300
513 369 19 1300
516 207 25 526
567 369 31 1300
576 369 45 1300
615 369 13 305
633 369 25 1300
641 369 25 305
657 207 37 526
667 207 7 838
679 369 55 1300
686 369 49 1300
686 207 55 526
778 207 1 838
825 369 37 1300
851 207 49 526
851 369 1 305
868 207 15 838
910 207 37 838
918 369 37 305
924 207 43 838
965 207 55 838
972 369 49 1334
988 207 25 838
7 109 11 926
38 109 17 926
54 109 29 926
55 109 53 926
136 109 5 926
208 109 59 926
209 109 23 926
240 109 5 889
242 109 41 889
278 109 29 889
366 109 11 889
385 109 23 889
443 109 17 889
447 109 5 1047
449 109 35 889
508 109 47 889
509 109 59 889
530 109 53 889
583 109 11 1047
591 109 17 1047
605 109 23 1047
607 109 29 1047
621 109 35 1047
670 109 41 1047
681 109 47 1047
684 109 5 125
691 109 53 1047
692 109 59 1047
693 109 11 125
698 109 29 125
795 109 17 125
815 109 35 125
838 109 23 125
857 109 41 125
861 109 47 125
876 109 53 125
920 109 11 402
921 109 59 125
954 109 17 402
30 264 19 909
37 264 55 1393
40 145 43 515
42 264 25 909
95 264 37 909
117 145 37 515
118 264 49 909
150 264 55 909
153 264 31 909
179 264 43 909
210 145 25 515
220 145 1 515
237 145 49 515
248 264 1 1153
259 264 13 1153
273 145 13 515
275 264 7 1153
276 264 37 1153
315 145 7 515
329 264 19 1153
338 264 43 1153
352 145 19 515
353 264 25 1153
366 264 1 1293
380 145 55 515
398 264 49 1153
401 264 31 1153
412 264 55 1153
423 264 1 174
445 145 49 1214
483 145 31 515
495 264 7 1293
505 264 37 1293
531 145 43 1278
557 264 13 1293
566 264 49 1293
572 264 19 1293
586 145 37 1278
617 264 31 1293
617 145 49 1278
634 264 25 1293
658 145 55 1278
664 145 13 1457
668 145 1 1457
669 264 55 1293
675 145 43 1293
731 264 7 174
775 264 13 174
775 145 25 1457
795 145 1 309
811 145 19 1457
813 145 31 1457
849 145 43 1457
851 145 37 1457
907 145 7 1457
915 264 19 174
923 145 49 1457
928 145 7 309
945 145 19 309
951 264 1 283
971 145 25 309
41 309 19 838
175 309 22 838
230 309 4 975
288 309 58 897
292 309 31 838
293 309 10 975
317 309 34 838
449 309 49 838
505 309 43 975
507 309 13 975
550 309 58 975
566 309 28 975
583 309 31 975
666 309 19 975
683 309 22 975
716 309 58 1104
717 309 52 838
725 309 25 975
792 309 37 975
822 309 46 975
873 309 34 975
919 309 40 975
968 309 49 975
999 309 55 975
4 259 43 202
16 274 13 333
55 259 49 202
66 259 31 911
76 274 25 333
104 259 25 911
140 259 13 911
173 259 19 911
175 259 7 911
209 259 43 911
217 259 37 911
233 274 21 333
235 259 49 911
255 274 1 333
265 259 31 361
289 259 55 911
327 259 1 911
334 259 7 361
342 259 19 361
344 259 1 361
358 274 7 333
367 274 31 333
404 259 13 361
428 259 25 361
432 259 1 583
437 259 7 583
466 259 13 583
474 259 43 361
497 259 37 361
539 274 55 333
541 259 55 361
556 259 19 583
565 274 19 464
588 274 51 333
617 259 55 583
619 274 1 464
662 274 37 333
666 259 49 361
687 259 25 583
720 274 43 333
785 259 25 722
786 259 31 583
806 274 49 464
814 274 19 488
822 259 1 722
823 274 31 464
859 259 37 583
866 274 25 464
895 274 7 464
920 259 7 722
926 259 43 583
930 259 31 722
940 274 37 464
960 274 43 464
968 274 31 488
969 274 13 464
993 259 19 722
1 244 23 593
6 244 17 593
22 244 35 593
23 244 19 1478
53 244 25 593
60 124 11 1084
78 124 23 1084
85 244 41 593
88 244 11 593
105 124 17 1084
118 124 29 1084
131 124 35 1084
132 244 5 593
151 244 47 593
157 244 53 593
172 244 59 593
219 244 5 380
255 244 17 380
263 124 5 1084
272 244 35 380
277 244 11 380
289 124 41 1084
294 244 23 380
298 244 29 380
327 124 47 1084
335 244 41 380
340 244 53 380
348 244 59 380
387 244 47 380
431 124 53 1084
434 244 19 686
464 244 41 860
473 244 29 860
476 124 5 148
493 244 53 860
516 244 47 860
517 124 11 148
532 244 35 860
543 244 59 860
573 124 17 148
577 244 5 948
583 244 17 948
588 244 29 948
607 244 11 948
628 124 59 1084
640 244 23 948
644 244 47 948
656 244 35 948
658 124 35 148
705 244 41 948
706 124 23 148
711 244 5 1030
721 124 29 148
738 244 53 948
781 124 47 148
797 244 59 948
848 244 11 1030
861 124 59 148
889 244 29 1030
906 124 5 648
933 244 17 1030
960 124 41 148
987 244 35 1030
15 386 19 277
28 386 25 277
33 322 37 212
47 322 13 212
49 386 13 277
74 322 43 212
90 386 13 266
108 322 31 212
111 386 31 277
112 386 37 277
147 322 31 795
175 322 49 212
199 322 3 795
222 386 43 277
259 322 55 212
271 322 13 795
315 386 43 778
329 322 37 581
332 322 7 795
354 322 37 795
391 386 7 277
421 386 1 277
440 322 19 795
443 322 25 795
474 322 49 795
497 322 1 83
525 386 55 277
530 386 19 266
539 386 25 266
551 322 55 795
551 386 1 266
553 386 55 778
578 322 19 83
604 386 7 266
614 386 31 266
620 322 55 1334
631 322 7 83
658 386 1 421
664 322 25 83
671 386 49 277
713 386 43 266
714 386 31 421
716 322 13 83
735 386 13 421
737 386 19 421
743 322 55 83
764 386 55 266
773 322 31 83
782 386 25 421
787 322 39 83
808 386 31 742
823 386 37 266
844 386 45 421
860 322 43 795
866 386 49 266
881 386 25 742
914 386 37 421
918 322 43 83
927 386 49 421
928 322 25 251
963 386 7 421
991 322 49 83
998 386 55 421
47 374 37 452
53 374 22 1235
73 374 40 1104
124 374 34 1104
131 374 52 1104
210 374 55 1104
227 374 1 1235
241 374 4 1235
243 374 19 1235
244 374 7 1235
257 374 10 1235
263 374 13 1235
290 374 25 1235
295 374 28 1235
296 374 31 1235
347 374 16 1235
348 374 37 1235
410 374 45 1235
426 374 7 112
437 374 52 1235
461 374 34 1235
462 374 49 1235
536 374 1 112
537 374 4 112
551 374 40 1235
557 374 25 112
618 374 13 112
628 374 55 1235
677 374 10 112
752 374 16 112
805 374 45 112
879 374 22 112
943 374 37 112
4 209 19 458
12 292 58 1180
20 209 34 458
34 209 28 458
77 209 37 458
105 292 25 966
117 292 7 966
119 209 10 458
132 209 43 458
140 209 22 458
183 292 19 966
188 209 46 458
206 292 13 50
220 209 25 458
221 209 52 458
267 292 13 966
272 209 40 458
273 209 49 458
282 209 55 458
312 292 4 50
383 209 16 458
384 209 58 458
404 209 1 163
408 209 7 163
418 209 10 163
421 292 10 966
428 292 1 966
450 292 4 966
456 292 16 966
460 209 13 163
462 209 27 163
469 209 22 163
476 292 22 966
494 292 31 966
496 292 37 966
504 209 4 163
506 209 43 163
515 209 19 163
522 292 40 966
535 292 43 966
546 209 37 163
548 209 31 163
553 292 28 966
590 209 34 163
603 292 34 966
605 209 16 163
606 209 40 163
607 209 46 163
625 292 49 966
632 209 55 163
671 292 58 966
672 292 52 966
679 209 49 163
691 209 58 163
697 292 31 1043
701 209 1 259
709 292 55 966
712 292 34 1043
725 292 37 1043
745 209 4 259
766 292 46 966
783 209 7 259
795 209 25 259
807 292 40 1043
811 209 34 259
818 209 13 259
820 292 1 1258
822 292 7 1258
856 209 19 259
857 209 10 259
876 292 13 1258
886 209 16 259
900 292 16 1258
918 209 22 259
942 209 43 259
956 209 52 163
958 292 10 1258
969 209 55 259
998 292 19 1258
18 57 5 94
19 57 11 94
32 57 17 94
42 57 23 94
56 97 23 297
76 97 5 297
89 57 35 94
109 97 29 297
110 97 17 297
124 97 41 297
151 57 41 94
167 97 35 297
170 97 47 297
175 57 47 94
211 97 53 297
212 57 29 94
217 97 11 297
221 57 59 94
248 97 59 297
250 97 53 306
251 57 53 94
270 97 59 306
273 97 17 563
286 57 17 128
292 57 11 128
297 57 29 128
314 97 35 563
334 97 29 563
352 57 53 128
380 57 23 128
387 97 23 563
455 97 41 563
469 97 47 563
471 57 47 128
480 57 41 128
488 57 5 187
489 57 11 187
490 57 59 128
502 97 53 563
544 57 35 128
563 97 59 563
564 97 11 1343
580 97 11 430
610 97 5 430
610 57 17 187
614 97 29 430
629 97 23 430
633 97 17 430
687 57 23 187
690 97 35 430
695 57 47 187
708 57 29 187
726 57 41 187
728 97 41 430
742 97 47 430
755 57 59 187
777 97 59 430
797 97 53 430
809 97 5 679
814 97 11 679
818 97 17 679
826 57 35 187
836 97 29 679
871 57 53 187
890 97 35 679
890 57 1 284
905 57 23 679
914 97 47 679
920 57 41 679
957 97 59 679
963 97 11 1105
974 57 11 1207
985 97 5 1105
8 311 55 1352
19 311 13 513
23 311 16 513
29 311 19 513
34 311 31 513
39 311 58 1352
48 311 22 513
62 311 1 513
133 311 10 1352
161 311 37 513
168 311 28 513
215 311 7 1352
299 311 7 513
345 311 25 513
361 311 4 513
373 311 10 513
385 311 34 513
411 311 40 513
424 311 43 513
460 311 1 587
664 311 49 513
704 311 55 513
833 311 4 587
854 311 19 587
971 311 22 587
11 120 25 1301
61 5 49 1070
65 120 13 1301
66 5 43 1070
68 120 31 1301
73 120 7 1301
89 5 25 1070
92 5 13 1070
94 120 37 1301
104 5 31 1070
105 5 37 1070
161 5 55 1070
162 5 19 1070
174 5 19 1166
199 120 19 1301
247 120 55 1301
294 5 9 1070
304 120 43 1301
364 5 7 1166
376 120 37 309
441 120 49 1301
466 5 19 176
467 120 13 309
471 5 25 1166
498 5 1 1070
529 5 1 1166
562 120 55 309
585 120 3 613
592 120 7 613
596 5 31 1166
596 120 25 613
628 5 13 1166
666 120 45 309
669 5 37 1166
669 120 31 309
674 120 55 613
699 120 31 613
705 5 1 176
711 5 43 1166
731 120 13 613
733 120 19 613
754 120 37 613
756 120 1 674
763 5 7 176
770 5 7 626
778 5 55 1166
778 120 37 674
789 120 49 309
818 120 25 674
825 120 49 613
829 5 49 1166
861 120 7 674
873 5 25 176
882 5 13 176
892 5 31 176
921 120 55 674
943 5 43 176
946 5 13 626
2 64 52 1190
2 288 58 691
23 288 13 1422
28 288 19 1422
52 288 25 1422
75 64 16 68
89 288 7 1422
109 288 22 1422
137 64 43 1075
164 64 49 1075
174 64 58 531
179 288 1 1422
183 288 43 1422
184 64 46 1075
195 64 31 1075
207 288 16 1422
224 288 4 1422
250 64 37 1075
273 288 28 1422
283 64 52 1075
284 64 55 1075
291 64 34 1075
310 64 58 1075
317 288 10 1422
319 288 40 1422
322 288 31 1422
331 64 40 1075
349 64 25 1258
359 288 34 1422
371 288 49 1422
399 288 37 1422
402 64 37 1258
418 64 28 1258
424 288 46 1422
468 288 55 1422
482 288 52 1422
560 64 43 1258
567 288 58 1422
576 64 31 1258
580 64 22 1258
599 288 34 245
671 64 40 1258
678 288 19 245
703 64 34 1258
726 288 43 245
731 64 4 1258
734 64 25 174
737 288 28 245
757 288 16 245
759 64 31 174
775 64 51 1258
791 64 55 1258
792 288 40 245
825 64 28 174
834 64 7 305
838 64 46 1258
894 288 46 245
912 288 37 245
916 64 40 174
943 64 49 174
951 288 7 251
953 64 19 305
991 288 55 245
994 64 1 524
15 30 11 547
19 30 17 547
28 42 17 923
33 42 11 923
61 42 5 923
145 30 29 547
162 42 23 923
164 30 23 547
213 30 35 547
225 42 47 312
237 30 41 547
238 42 59 312
247 30 47 547
258 42 59 547
265 42 29 923
266 30 53 547
270 30 5 1483
273 42 53 312
274 42 29 1356
280 30 11 1483
289 42 37 1356
304 30 23 1483
307 42 59 1356
321 30 17 1483
332 30 29 1483
338 30 41 1483
349 42 53 1356
364 42 17 433
376 30 47 1483
379 42 41 433
380 30 35 1483
400 42 47 433
415 42 35 433
457 42 59 433
492 42 53 433
495 30 59 1483
504 42 11 584
519 30 5 941
529 30 11 941
544 30 53 1483
564 30 53 26
567 30 17 941
585 30 59 26
593 30 23 941
599 42 5 584
601 42 17 584
617 42 35 584
623 30 29 941
625 30 41 941
634 42 23 584
642 30 43 941
700 30 35 941
729 42 53 584
739 30 53 941
765 42 41 584
768 42 59 584
807 42 47 584
810 42 11 899
837 42 29 584
846 30 59 941
902 30 59 1393
911 42 5 899
916 42 19 899
951 42 17 899
972 42 41 899
73 105 49 1041
96 105 55 1041
106 105 43 1257
182 105 49 1257
202 105 55 1257
228 105 37 1041
269 105 1 1316
271 105 31 1316
275 105 37 1316
330 105 19 1316
355 105 25 1316
457 105 7 1316
523 105 49 1316
593 105 13 1316
604 105 31 54
605 105 49 54
611 105 55 1316
621 105 43 1316
664 105 19 443
682 105 25 54
698 105 55 54
726 105 1 443
741 105 13 443
783 105 25 443
853 105 25 484
867 105 25 653
877 105 31 443
912 105 49 443
88 283 43 1324
108 283 13 1324
209 283 7 1324
256 283 31 1324
267 283 37 1324
284 283 10 1324
313 283 55 1324
324 283 40 1324
329 283 34 1324
330 283 49 1324
334 283 16 1324
417 283 58 1324
439 283 46 1324
441 283 13 714
467 283 19 714
508 283 52 1324
511 283 7 714
525 283 4 714
543 283 16 714
571 283 10 714
599 283 31 714
602 283 37 714
604 283 22 714
608 283 25 714
666 283 28 714
733 283 43 714
819 283 34 714
822 283 58 714
936 283 4 1245
954 283 40 714
981 283 34 1245
2 339 17 1022
9 186 29 542
10 339 59 950
37 186 17 542
41 186 35 542
50 361 11 968
51 186 41 542
66 361 5 968
68 361 29 968
78 361 53 968
80 361 35 968
86 339 11 1022
99 361 17 968
105 186 23 542
134 186 47 542
141 339 13 950
151 339 5 1022
157 361 23 968
172 361 47 968
179 361 41 968
184 186 7 542
191 361 59 968
204 339 23 1022
221 361 47 1022
244 361 35 1022
250 339 29 1022
257 361 41 1022
264 361 59 1022
273 361 5 30
298 339 53 1022
300 361 11 30
324 339 1 1085
325 361 23 30
335 361 17 30
358 186 53 542
373 186 59 542
375 361 29 30
377 361 41 30
382 186 5 1183
395 339 23 1085
395 186 29 1183
396 339 47 1085
411 361 35 30
435 339 35 1085
439 339 53 1085
478 339 59 1085
495 339 11 1138
508 339 5 1138
513 361 59 30
524 186 11 1183
525 361 47 30
526 186 23 1183
542 186 17 1183
546 186 35 1183
550 339 17 1138
560 339 35 1138
561 339 23 1138
567 186 47 1183
582 186 59 1183
619 339 25 1138
622 361 11 692
632 186 41 1183
633 339 41 1138
650 339 47 1138
651 186 23 1446
654 361 49 30
681 186 53 1183
682 361 23 692
706 186 59 1446
721 339 53 1138
739 339 5 1172
759 186 53 1446
784 361 17 692
786 361 29 692
789 339 59 1138
791 361 35 692
805 186 41 1446
808 361 41 692
831 361 5 779
837 361 47 692
843 186 29 1447
846 339 11 1172
857 361 17 779
875 186 47 1446
878 186 5 1447
898 186 11 1447
925 361 59 692
929 339 23 1172
930 186 35 1447
933 361 53 692
952 361 11 779
985 361 23 779
991 186 17 1447
996 339 17 1172
997 361 41 779
21 256 25 859
25 343 25 1496
38 256 31 859
67 343 49 714
74 256 13 859
75 343 43 1496
95 256 49 859
145 343 19 1496
151 343 7 1496
155 256 37 859
175 343 13 1496
201 343 49 1496
206 343 31 1496
207 343 1 1496
235 256 43 859
246 343 37 1496
248 256 7 859
256 343 55 1496
268 256 39 1361
286 256 1 859
348 256 19 859
364 256 25 1361
364 343 31 12
381 343 1 12
387 343 19 12
404 256 55 859
425 256 1 1361
451 256 13 1361
498 343 25 12
508 256 7 1361
530 256 13 261
556 256 1 261
565 343 55 12
570 256 19 1361
577 343 7 12
585 256 55 1361
599 256 49 1361
602 343 13 12
629 256 31 1361
640 343 37 12
659 343 43 12
667 343 13 147
681 343 49 12
683 343 1 147
700 256 19 261
708 343 49 147
730 256 43 1361
749 343 43 147
760 256 43 261
838 343 25 147
871 343 37 147
882 256 27 261
883 256 7 261
895 343 1 362
904 256 37 261
914 256 31 261
932 343 7 147
964 256 13 484
992 256 49 261
1000 343 37 362
26 159 52 975
35 159 31 1147
44 331 10 635
56 331 19 635
64 331 22 635
82 331 31 635
117 331 43 635
120 331 4 635
127 331 37 635
148 159 4 1147
167 331 13 635
173 331 16 635
228 331 1 635
233 331 7 635
255 159 34 1147
257 159 21 1147
302 331 55 635
319 159 7 1147
347 159 13 1147
378 159 10 1147
379 159 16 1147
393 331 28 635
408 331 40 635
432 331 7 524
444 331 49 635
445 331 46 635
446 159 37 1147
498 159 43 1147
543 159 25 1147
591 331 34 635
607 159 40 1147
619 331 52 635
627 331 25 635
631 331 13 524
631 159 1 338
643 331 37 176
649 159 49 1147
656 159 52 1147
678 331 49 176
680 331 19 524
720 159 28 1147
728 331 52 176
737 331 52 524
771 159 55 1147
801 331 22 524
838 159 4 338
847 159 16 338
863 159 7 338
874 331 55 176
882 331 10 524
892 331 40 176
915 331 58 635
919 331 58 176
923 159 28 338
933 159 46 1147
944 331 31 524
962 331 46 524
967 159 58 1147
984 159 10 338
990 331 16 524
1000 331 4 524
11 376 59 762
20 376 23 278
24 376 29 278
25 327 17 208
41 327 41 208
42 327 11 208
58 327 23 208
76 327 29 208
79 327 1 208
100 327 35 208
122 376 7 278
123 327 47 208
126 327 59 208
136 376 11 818
151 376 35 278
154 327 53 208
198 327 9 562
229 327 15 562
231 327 11 796
241 376 47 278
244 376 41 278
254 376 5 278
269 376 53 278
282 327 35 689
284 376 59 278
306 327 41 689
322 327 23 689
438 327 59 689
497 376 5 1206
505 376 17 1206
508 327 17 796
521 327 5 796
528 327 23 796
533 376 13 278
541 376 11 1206
545 327 29 796
576 327 35 796
582 376 29 1206
601 327 41 796
613 376 47 1206
620 376 23 1206
630 327 53 796
635 376 35 1206
644 376 5 1207
655 327 59 796
670 376 53 1206
671 376 17 1207
675 376 59 1206
729 376 19 1207
747 376 29 1207
758 327 11 117
765 327 47 796
768 327 17 117
781 376 35 1207
792 327 5 117
793 376 11 333
800 376 43 1207
827 376 41 1206
847 327 23 117
859 327 29 117
905 376 5 333
916 376 29 333
917 327 35 117
920 327 47 117
932 327 59 117
937 376 41 1207
941 327 41 117
27 197 37 1245
38 197 43 1245
43 197 7 1245
45 197 19 1245
69 99 19 1410
126 99 25 1410
141 197 25 1245
189 197 13 1245
200 99 1 1410
247 99 7 1410
250 99 49 1410
276 197 55 1245
317 197 13 1410
387 197 49 1245
407 197 37 1410
413 99 31 1410
420 197 55 1410
421 99 43 1410
444 197 55 1457
472 99 31 425
490 99 1 425
500 197 13 283
517 197 7 283
554 197 19 283
581 99 49 425
633 99 13 425
635 197 31 283
651 99 19 425
661 99 25 425
661 197 19 362
671 197 25 283
687 99 45 425
715 197 13 362
741 99 1 484
812 99 55 425
813 197 1 609
825 197 7 362
878 99 31 484
881 197 43 283
892 99 7 425
912 99 55 484
972 197 43 362
978 99 7 484
988 197 55 261
999 197 37 283
29 252 40 778
45 252 25 847
65 170 25 774
75 252 13 847
98 252 31 778
116 252 28 847
137 252 52 778
143 252 19 847
160 252 31 847
205 252 16 10
211 252 1 847
251 170 16 774
267 170 19 774
280 170 7 774
292 170 13 774
297 170 3 774
300 170 22 774
304 252 4 847
311 252 16 847
329 252 43 847
359 252 52 847
386 170 37 774
388 170 10 774
426 170 43 774
480 170 58 774
492 252 37 847
506 170 55 774
514 170 46 774
532 252 22 847
534 252 37 54
556 252 13 101
594 252 49 847
611 252 1 101
613 252 55 847
621 170 31 774
636 170 43 54
640 252 46 847
643 252 34 847
647 170 28 774
711 252 40 847
721 252 7 101
756 170 19 354
804 252 4 101
809 170 40 774
816 170 34 774
913 252 10 101
917 252 58 847
925 170 7 354
948 252 34 101
987 252 46 54
988 170 1 354
995 252 46 101
6 171 23 6
15 171 29 6
18 171 17 6
50 171 35 6
56 54 29 1175
57 171 41 6
74 171 47 6
100 54 11 1175
128 171 5 6
130 54 13 1175
164 54 35 1175
169 171 59 6
184 171 53 6
205 171 11 6
209 171 11 152
233 54 41 1175
234 54 47 1175
252 171 1 152
257 171 29 152
278 54 5 1175
290 171 23 152
314 54 53 1175
329 54 23 1175
333 171 47 152
337 171 17 152
339 54 13 1375
344 171 35 152
351 171 1 829
380 171 37 152
411 54 59 1175
421 54 5 1375
422 171 59 152
443 171 53 152
451 171 58 829
478 171 5 882
479 54 47 1375
495 54 29 1375
507 171 11 882
515 54 23 1375
549 54 35 1375
553 171 35 882
620 171 17 882
628 171 29 882
645 171 23 882
648 171 41 882
698 54 41 1375
705 171 5 10
747 54 53 1375
748 54 23 417
752 171 59 882
773 54 1 417
774 171 47 882
775 54 59 1375
798 171 11 10
812 54 11 417
813 171 53 882
818 171 23 10
836 54 35 417
837 54 17 417
845 54 29 417
850 171 29 10
852 171 47 10
881 54 47 417
886 171 35 10
889 54 41 417
898 54 5 1055
901 171 53 10
906 54 17 1055
907 171 41 10
921 171 5 105
963 171 17 105
966 54 53 417
976 54 23 1055
992 54 59 417
4 367 35 1037
5 367 47 1037
6 367 41 1037
157 367 59 1037
236 367 17 735
239 367 53 1037
249 367 1 735
260 367 17 956
264 367 11 735
277 367 23 735
286 367 47 956
292 367 41 956
341 367 53 956
397 367 23 956
467 367 11 1160
558 367 59 956
566 367 31 956
633 367 29 1160
673 367 17 1160
709 367 37 1160
715 367 5 1160
746 367 23 1160
802 367 43 1160
827 367 59 1160
855 367 35 1160
859 367 31 1180
893 367 5 1311
899 367 11 1311
910 367 23 1311
922 367 17 1311
934 367 47 1311
949 367 29 1311
976 367 35 1311
982 367 41 1311
1000 367 53 1311
6 328 29 712
9 76 35 637
18 76 23 637
43 76 17 637
62 328 23 712
76 76 41 637
135 76 11 637
152 328 11 712
162 328 41 712
179 76 5 637
188 328 35 712
191 76 29 637
196 76 53 637
207 328 53 712
209 328 17 712
221 76 11 648
241 328 59 712
246 328 47 712
276 328 5 91
290 76 59 637
300 76 47 637
303 76 17 648
308 76 23 648
314 328 7 91
335 328 35 91
348 328 17 91
352 328 59 91
357 328 23 91
396 328 29 91
454 76 29 648
471 76 53 648
489 76 47 648
496 328 41 91
502 328 23 402
508 328 29 402
523 76 35 648
527 76 19 788
559 328 47 91
564 328 35 402
588 76 41 648
593 76 59 648
601 328 53 91
610 328 41 402
612 328 59 402
627 328 59 788
634 76 41 788
670 76 35 788
707 76 5 1227
715 76 53 788
722 328 53 402
724 76 47 788
740 76 17 1227
752 328 5 1498
759 328 11 1498
788 76 41 1227
796 328 17 1498
799 76 29 1227
815 76 11 1227
826 76 23 1227
832 328 47 402
833 328 23 1498
859 328 41 1498
894 328 25 1498
906 76 31 1227
927 328 35 1498
930 328 47 1498
936 76 53 1227
956 328 59 1498
999 76 59 1227
1000 76 47 1227
16 22 55 112
60 22 49 112
99 22 37 251
110 22 31 112
153 22 43 251
195 22 55 147
238 22 19 147
273 22 55 251
288 22 1 251
304 22 31 147
346 22 31 251
350 22 43 253
364 22 43 305
378 22 49 251
386 22 1 253
409 22 37 253
536 22 13 251
571 22 19 251
599 22 7 253
632 22 13 253
641 22 13 535
669 22 19 253
796 22 1 535
811 22 1 626
869 22 49 253
34 8 37 1129
80 8 13 1129
123 8 16 1129
125 8 43 1129
190 8 19 1129
268 8 46 1129
364 8 22 1129
395 8 1 1129
402 8 25 1129
424 8 4 1129
478 8 7 1129
487 8 10 1129
512 8 28 1129
540 8 31 1129
642 8 40 1129
645 8 4 482
682 8 34 1129
733 8 49 1129
742 8 52 1129
761 8 1 482
784 8 7 482
810 8 55 1129
821 8 58 1129
940 8 58 1235
10 73 22 399
36 73 13 399
47 74 40 198
78 74 55 714
86 73 19 399
91 73 34 399
93 74 1 1039
96 74 16 1039
106 73 25 399
108 74 46 714
117 74 46 1039
126 74 19 1039
144 74 4 1039
176 73 7 399
191 73 1 399
193 74 22 1039
200 74 7 1039
213 73 28 399
269 73 31 399
293 73 4 399
322 73 10 399
332 73 16 399
333 73 40 399
347 74 27 1039
350 74 37 1039
360 74 31 1039
385 73 37 399
392 73 43 399
413 74 10 1039
419 74 40 1039
436 73 19 811
472 73 49 399
517 74 49 1039
523 74 13 1039
535 74 10 354
537 74 22 245
542 74 34 1039
559 73 55 399
566 74 43 1039
704 74 13 354
743 74 52 1039
759 74 16 354
760 73 52 399
790 73 7 811
806 74 4 354
825 74 25 354
854 73 1 811
870 74 55 1039
873 74 49 245
903 73 46 399
941 73 58 399
967 74 28 354
973 74 52 245
979 74 37 354
994 73 4 811
28 381 47 1224
94 381 59 1224
122 381 23 1447
208 381 49 1224
234 381 37 757
259 381 53 1447
278 381 47 1447
339 381 17 327
343 381 37 1447
395 381 5 327
496 381 59 1447
513 381 23 327
576 381 11 327
593 381 29 327
605 381 35 327
777 381 41 327
842 381 47 327
903 381 59 327
908 381 53 327
941 381 5 730
1 102 1 528
64 102 31 528
142 102 13 528
272 102 43 528
365 102 7 528
420 102 37 528
437 102 25 528
448 102 49 528
502 102 1 925
527 102 21 528
567 102 7 925
625 102 13 925
635 102 19 925
639 102 31 925
650 102 37 925
701 102 55 528
749 102 1 1068
750 102 25 925
783 102 13 1068
794 102 7 1068
817 102 55 925
844 102 31 1068
865 102 13 1092
878 102 43 925
924 102 49 925
930 102 25 1068
969 102 1 1092
50 215 17 497
83 215 5 497
90 15 53 1477
107 215 23 497
112 215 29 497
115 15 5 988
116 215 35 497
129 215 41 497
131 215 47 497
133 215 59 497
141 15 29 988
143 15 35 988
149 215 11 497
162 215 29 288
176 215 53 497
232 15 23 988
233 215 35 288
253 15 17 988
262 15 47 988
272 215 5 288
279 15 41 988
310 15 11 988
324 15 53 988
326 215 11 288
363 215 41 288
384 215 23 288
386 215 53 288
396 215 17 288
401 215 47 288
444 15 5 1023
503 15 55 988
516 15 11 1023
552 215 5 120
565 15 17 1023
571 215 23 120
583 215 59 288
588 15 31 1023
613 215 11 120
619 15 23 1023
626 15 5 731
637 215 17 120
650 15 29 1023
657 15 47 1023
688 15 53 1023
696 215 29 120
703 215 47 120
722 15 5 874
751 15 37 1023
756 15 59 1023
761 215 53 120
774 15 53 899
803 15 29 899
832 15 35 899
835 215 35 120
837 15 59 899
842 215 41 120
868 215 59 120
874 215 5 162
880 215 13 162
886 215 29 162
910 15 47 899
915 215 11 162
940 215 23 162
943 215 35 162
950 15 5 51
970 215 41 162
979 215 47 162
993 15 23 51
31 58 43 1332
142 58 55 1332
153 58 49 1332
166 58 49 774
189 58 43 174
204 58 55 174
262 58 19 252
276 58 43 252
321 58 49 252
348 58 25 252
407 58 13 252
446 58 55 252
481 58 1 260
551 58 15 260
562 58 37 252
587 58 7 260
597 58 49 260
620 58 19 260
673 58 25 260
686 58 25 523
701 58 7 523
736 58 31 252
738 58 31 260
911 58 1 523
963 58 45 260
36 220 25 101
43 220 19 101
122 220 28 101
159 220 31 101
165 220 37 101
180 220 16 101
314 220 4 1301
360 220 55 101
486 220 22 101
542 220 40 101
579 220 49 101
584 220 58 101
597 220 1 274
605 220 4 274
620 220 7 274
682 220 52 101
697 220 16 274
720 220 10 274
728 220 13 274
740 220 34 274
750 220 19 274
755 220 43 101
790 220 22 274
818 220 37 274
19 161 53 117
22 355 47 46
37 161 23 717
47 355 53 46
67 161 17 717
67 355 59 46
73 161 29 717
83 161 47 717
92 161 41 717
103 161 35 717
121 355 29 231
155 161 53 717
181 355 35 231
197 161 59 717
222 161 11 717
259 355 41 231
261 355 47 231
275 161 11 730
279 355 59 231
301 355 17 730
304 355 53 231
382 355 23 730
397 355 29 730
422 161 5 717
445 161 53 730
452 161 35 730
453 355 5 1475
457 161 47 730
484 161 41 730
501 355 59 730
514 161 19 1136
525 161 25 1230
526 161 19 333
544 355 29 1475
581 355 11 1475
598 161 17 333
603 355 17 1475
625 161 47 333
630 355 23 1475
635 161 41 333
653 355 41 1475
671 161 29 694
676 355 31 1475
696 161 35 333
708 161 59 333
716 355 47 1475
722 355 11 515
736 355 17 515
765 355 53 1475
766 161 49 1136
777 355 5 515
782 161 5 694
816 161 49 333
847 161 11 694
849 161 17 694
888 355 59 1475
894 161 35 694
920 161 23 694
977 355 23 515
986 355 35 515
7 116 43 71
12 116 31 71
16 116 19 71
157 116 13 71
188 116 49 71
263 116 1 71
265 116 37 71
284 116 25 71
301 116 55 71
312 116 7 71
319 116 55 253
323 116 1 448
366 116 25 253
372 116 7 448
459 116 19 448
462 116 43 448
493 116 13 448
527 116 49 448
551 116 25 448
559 116 37 448
791 116 37 626
855 116 43 626
877 116 25 626
888 116 19 626
934 116 9 669
944 116 55 448
946 116 31 253
983 116 55 626
11 214 37 174
14 214 58 1412
21 214 34 174
117 214 52 174
134 214 10 251
137 214 13 357
152 214 4 782
171 214 7 357
198 214 49 357
371 214 10 357
419 214 16 357
442 214 31 357
476 214 19 357
516 214 40 357
538 214 1 357
543 214 4 357
554 214 58 357
573 214 22 357
594 214 55 357
604 214 37 357
608 214 43 357
646 214 25 357
716 214 1 706
742 214 34 357
773 214 28 357
774 214 4 706
779 214 46 357
820 214 52 357
835 214 31 448
931 214 7 706
985 214 34 448
157 388 43 450
226 388 23 607
245 388 17 607
275 388 25 607
285 388 5 607
301 388 35 607
341 388 41 607
391 388 11 607
449 388 53 607
461 388 47 607
466 388 59 607
473 388 53 1485
515 388 47 1485
519 388 11 331
545 388 59 1485
696 388 5 331
730 388 29 331
781 388 17 331
819 388 49 1207
826 388 59 10
882 388 43 1455
913 388 53 198
972 388 1 1455
33 70 29 564
37 70 35 564
56 70 41 564
69 70 47 564
98 70 11 564
256 70 5 564
312 70 23 564
333 70 53 564
336 70 41 696
349 70 17 564
482 70 35 696
525 70 59 564
555 70 47 696
639 70 53 696
757 70 59 696
782 70 35 1181
796 70 53 1181
832 70 22 1181
838 70 41 1181
845 70 47 1181
877 70 5 378
891 70 5 698
899 70 59 1181
935 70 11 698
964 70 41 698
989 70 17 698
14 360 35 1286
46 360 53 162
55 314 11 9
72 314 29 9
84 360 59 162
149 360 23 1286
192 314 23 9
200 360 41 1286
204 314 41 9
209 314 47 9
224 360 29 1286
228 314 17 9
261 314 59 9
301 360 47 1286
363 360 5 1319
373 360 17 1319
392 360 53 1286
406 360 59 1286
418 314 5 980
420 360 11 1319
444 314 11 980
486 360 41 1319
498 314 53 9
509 314 35 9
513 360 35 1319
514 360 23 1319
555 360 29 1319
596 314 17 980
649 360 29 68
660 360 35 68
664 314 23 980
666 314 59 980
676 314 29 980
679 314 41 980
680 360 23 68
681 314 35 980
720 360 47 68
730 314 11 242
776 360 53 68
781 360 59 68
782 360 41 68
829 314 17 242
832 314 53 980
868 360 41 515
875 360 5 530
876 314 47 980
910 314 5 18
911 360 59 198
921 314 47 202
944 360 59 515
23 281 37 161
77 281 31 161
109 281 25 161
121 281 13 161
194 281 7 161
225 281 19 161
230 281 7 546
304 281 49 161
312 281 43 161
352 281 55 161
354 281 49 362
371 281 25 362
385 281 57 362
411 281 13 546
429 281 49 546
462 281 7 622
559 281 1 546
599 281 37 546
610 281 19 546
659 281 19 622
692 281 25 546
716 281 7 628
727 281 31 362
733 281 1 622
742 281 43 546
782 281 55 546
790 281 37 622
863 281 31 546
891 281 31 622
894 281 55 622
912 281 25 622
927 281 13 622
947 281 1 628
949 281 13 628
980 281 55 628
48 98 52 513
51 98 46 513
61 98 58 513
90 98 10 638
224 98 1 638
250 98 7 638
298 98 19 638
335 98 4 638
379 98 13 638
390 98 16 638
410 98 22 638
485 98 25 638
507 98 43 638
547 98 37 638
549 98 46 638
617 98 13 644
638 98 28 638
647 98 40 638
710 98 31 638
765 98 7 644
782 98 1 644
825 98 34 638
839 98 49 638
849 98 19 644
869 98 58 638
890 98 55 638
909 98 10 644
46 122 31 1041
56 122 43 1041
66 122 58 245
70 122 43 443
72 122 37 443
109 122 46 443
112 122 55 443
137 122 28 1041
149 122 52 638
201 122 58 443
309 122 7 443
315 122 40 443
332 122 4 644
361 122 16 644
404 122 10 443
426 122 46 644
431 122 34 644
471 122 31 644
476 122 25 644
561 122 28 644
637 122 37 644
662 122 22 644
699 122 55 644
711 122 1 653
746 122 4 653
754 122 43 644
828 122 40 644
830 122 49 644
851 122 7 653
858 122 52 644
872 122 10 653
880 122 15 653
887 122 19 653
983 122 22 653
49 278 5 922
57 278 17 922
79 278 11 922
102 278 29 922
151 278 19 922
178 278 35 922
227 278 47 922
316 278 41 922
327 278 59 922
377 278 47 1232
399 278 5 1232
430 278 53 922
450 278 11 1232
456 278 23 1232
576 278 17 1232
646 278 29 1232
698 278 35 1232
706 278 5 1332
764 278 53 1232
786 278 41 1232
852 278 59 1232
970 278 11 1332
998 278 23 1332
10 238 43 1330
13 238 49 1330
87 238 55 1330
93 238 55 655
97 238 19 655
146 238 31 655
182 238 43 655
186 238 37 655
222 238 25 655
271 238 1 655
293 238 13 655
301 238 43 354
326 238 49 655
331 238 7 655
367 238 55 283
400 238 55 354
415 238 49 283
491 238 7 609
574 238 33 354
626 238 13 609
666 238 37 609
720 238 19 609
746 238 25 609
800 238 49 354
816 238 43 609
876 238 31 609
901 238 7 978
913 238 13 978
935 238 31 653
937 238 37 653
989 238 19 978
84 316 43 819
104 316 37 819
136 316 1 819
178 316 9 819
210 316 49 819
231 316 25 819
237 316 55 819
286 316 37 425
296 316 13 819
323 316 7 535
327 316 19 819
393 316 49 535
394 316 37 535
396 316 25 535
413 316 43 535
425 316 49 569
461 316 37 569
470 316 19 535
531 316 55 535
562 316 1 569
734 316 7 569
799 316 31 819
883 316 49 626
889 316 31 535
893 316 31 569
910 316 49 674
957 316 13 569
26 293 29 698
46 293 23 698
63 293 35 698
65 293 47 698
220 293 59 698
236 293 41 945
267 293 53 698
353 293 35 945
373 293 47 945
415 293 29 945
416 293 17 945
455 293 59 945
494 293 53 945
562 293 5 1111
604 293 11 1111
616 293 17 1111
624 293 23 1111
639 293 37 1111
653 293 29 1111
703 293 59 1111
720 293 35 1111
753 293 47 1111
815 293 53 1111
827 293 47 1330
848 293 53 1330
858 293 23 105
873 293 11 105
877 293 29 105
952 293 59 1330
8 191 31 446
15 191 37 446
57 191 19 446
62 191 43 446
119 191 25 446
163 191 55 446
175 191 43 488
179 191 7 446
206 191 49 446
208 191 51 488
231 191 37 488
252 191 55 488
255 191 43 906
272 191 1 446
314 191 13 446
340 191 1 488
395 191 31 906
431 191 7 488
487 191 25 488
575 191 1 906
600 191 7 906
601 191 13 488
620 191 1 1193
638 191 13 906
747 191 25 906
754 191 7 1193
758 191 55 906
760 191 55 1193
985 191 27 1193
15 94 31 305
34 94 49 305
58 94 25 524
81 94 55 305
92 94 37 524
110 94 55 524
111 94 49 583
136 94 13 1234
150 94 13 1395
163 94 31 1234
171 94 37 1234
255 94 49 1234
266 94 7 1234
283 94 19 1234
334 94 25 1234
392 94 1 1234
419 94 55 1234
487 94 31 1395
543 94 19 1395
638 94 31 1419
657 94 25 1395
682 94 37 1395
691 94 1 1395
693 94 43 1234
718 94 37 1419
734 94 19 1419
776 94 13 1419
857 94 1 1419
870 94 25 1419
874 94 43 1395
886 94 55 1395
892 94 55 1419
895 94 37 256
898 94 43 1419
914 94 49 1395
960 94 1 256
968 94 37 281
990 94 19 256
18 187 59 976
37 187 41 62
77 187 29 62
98 187 23 62
177 187 11 62
185 187 35 62
198 187 5 62
213 187 47 62
214 187 53 62
215 187 17 62
226 187 59 62
233 187 47 1061
266 187 59 1061
316 187 11 624
317 187 53 1061
318 187 5 624
328 187 23 624
356 187 17 624
366 187 35 624
392 187 41 624
413 187 5 859
425 187 25 624
519 187 47 624
520 187 17 859
685 187 53 624
710 187 59 624
728 187 47 778
735 187 59 778
753 187 11 859
754 187 23 859
762 187 29 859
810 187 35 859
893 187 11 1018
902 187 41 859
906 187 47 859
922 187 53 859
925 187 5 1018
927 187 17 1018
941 187 28 1018
990 187 23 1018
21 154 43 484
87 154 25 533
322 154 55 533
417 154 13 533
506 154 1 533
719 154 33 533
822 154 25 669
848 154 37 484
860 154 7 533
874 154 49 484
1 123 37 533
28 123 22 533
42 123 40 533
60 123 46 533
86 123 49 533
111 123 43 533
136 123 52 533
141 123 19 533
156 123 43 653
176 123 49 653
191 123 52 653
223 123 55 653
239 123 1 695
303 123 4 695
304 123 7 695
315 123 13 695
349 123 58 653
352 123 10 695
357 123 16 695
433 123 22 695
473 123 19 695
503 123 46 653
536 123 25 695
542 123 31 695
592 123 1 815
599 123 46 695
623 123 34 695
632 123 28 695
637 123 49 695
691 123 55 695
709 123 39 695
767 123 43 695
816 123 4 815
819 123 7 815
839 123 13 815
907 123 58 695
935 123 16 815
942 123 25 815
951 123 28 815
984 123 19 815
19 194 40 112
83 194 13 482
106 194 28 112
176 194 19 112
182 194 19 482
188 194 37 482
231 194 31 482
256 194 25 482
330 194 34 482
461 194 43 482
498 194 46 482
575 194 10 482
667 194 28 482
681 194 22 482
761 194 16 482
792 194 49 482
805 194 52 482
837 194 40 482
842 194 10 706
862 194 19 706
866 194 13 706
Điểm tối ưu: 11989
Thời gian: 7.066866 giây
Trạng thái: GREEDY_DONE
