11979
42 199 1 970
48 199 4 970
79 199 7 970
157 199 10 970
204 199 13 970
317 199 16 970
322 199 19 970
409 199 22 970
437 199 25 970
442 199 28 970
466 199 31 970
474 199 34 970
585 199 37 970
618 199 40 970
646 199 43 970
657 199 46 970
700 199 49 970
792 199 52 970
864 199 55 970
875 199 58 970
901 199 1 842
912 199 4 842
937 199 7 842
939 199 10 842
972 199 13 842
991 199 16 842
27 301 1 281
41 301 3 281
52 301 5 281
75 301 7 281
117 301 9 281
118 301 11 281
133 301 13 281
163 301 15 281
186 301 17 281
191 301 19 281
225 301 21 281
271 301 23 281
301 301 25 281
375 301 27 281
384 301 29 281
399 301 31 281
417 301 33 281
492 301 35 281
501 301 37 281
640 301 39 281
666 301 41 281
707 301 43 281
721 301 45 281
748 301 47 281
776 301 49 281
849 301 51 281
860 301 53 281
863 301 55 281
909 301 57 281
936 301 59 281
947 301 1 855
948 301 3 855
955 301 5 855
964 301 7 855
989 301 9 855
7 331 1 240
35 331 7 240
70 331 13 240
114 331 19 240
144 331 25 240
149 331 31 240
173 331 37 240
276 331 43 240
283 331 49 240
298 331 55 240
300 331 1 604
315 331 7 604
350 331 13 604
398 331 19 604
417 331 25 604
488 331 31 604
502 331 37 604
525 331 43 604
591 331 49 604
622 331 55 604
624 331 1 1060
716 331 7 1060
742 331 13 1060
780 331 19 1060
791 331 25 1060
807 331 31 1060
827 331 37 1060
848 331 43 1060
877 331 49 1060
893 331 55 1060
895 331 1 1
910 331 7 1
923 331 13 1
947 331 19 1
952 331 25 1
953 331 31 1
991 331 37 1
1 325 1 1385
5 41 1 906
7 325 5 1385
14 41 3 906
18 41 5 906
27 325 3 1385
28 171 1 1068
67 171 3 1068
72 325 7 1385
77 325 9 1385
118 41 7 906
122 41 9 906
135 41 11 906
135 171 5 1068
209 171 7 1068
233 41 13 906
240 41 15 906
253 41 17 906
254 171 9 1068
282 41 19 906
299 325 11 1385
303 41 21 906
307 171 11 1068
326 325 13 1385
330 171 13 1068
331 325 15 1385
337 325 17 1385
345 325 19 1385
348 325 21 1385
362 171 15 1068
369 325 23 1385
369 171 17 1068
378 41 23 906
385 325 25 1385
390 41 25 906
416 171 19 1068
419 325 27 1385
424 41 27 906
429 325 29 1385
430 171 21 1068
446 171 23 1068
449 171 25 1068
453 171 27 1068
458 41 29 906
466 325 34 1385
485 171 29 1068
488 171 35 1068
496 41 31 906
499 171 31 1068
510 171 33 1068
544 325 31 1385
546 325 37 1385
549 325 39 1385
569 325 41 1385
576 41 33 906
583 41 35 906
583 171 37 1068
587 325 43 1385
594 171 39 1068
596 171 41 1068
602 325 45 1385
604 171 43 1068
614 171 45 1068
628 171 47 1068
632 171 49 1068
659 325 47 1385
666 41 37 906
680 171 51 1068
697 325 49 1385
698 171 53 1068
701 325 51 1385
723 171 55 1068
737 41 39 906
752 325 53 1385
762 41 41 906
765 171 57 1068
767 325 55 1385
780 41 43 906
796 41 45 906
826 171 59 1068
838 325 57 1385
843 41 47 906
844 325 59 1385
855 41 49 906
873 41 51 906
887 171 1 412
888 41 53 906
926 41 55 906
937 325 1 142
939 171 3 412
941 41 57 906
954 325 3 142
956 325 5 142
957 171 5 412
963 171 7 412
964 171 9 412
973 41 59 906
976 325 7 142
982 171 11 412
985 325 9 142
11 155 1 875
24 155 7 875
114 155 13 875
138 155 19 875
150 155 25 875
235 155 31 875
355 155 37 875
356 155 43 875
375 155 49 875
396 155 55 875
404 155 1 677
434 155 7 677
436 155 13 677
441 155 19 677
449 155 27 677
611 155 31 677
631 155 37 677
646 155 49 677
655 155 43 677
659 155 55 677
666 155 1 279
668 155 7 279
682 155 13 279
691 155 19 279
696 155 25 279
714 155 31 279
731 155 37 279
753 155 43 279
839 155 49 279
841 155 55 279
923 155 1 972
953 155 7 972
9 142 1 622
21 142 4 622
23 142 7 622
42 142 10 622
57 142 13 622
65 142 16 622
96 61 1 530
129 142 19 622
159 142 22 622
178 142 25 622
198 61 4 530
201 61 7 530
237 142 28 622
239 142 31 622
250 142 34 622
262 142 37 622
263 142 40 622
301 61 10 530
326 142 43 622
342 61 13 530
363 61 16 530
370 142 46 622
385 142 49 622
416 142 52 622
445 142 55 622
454 142 58 622
468 142 1 893
473 142 4 893
483 142 7 893
485 61 19 530
488 142 10 893
493 142 13 893
494 142 16 893
501 142 19 893
504 61 22 530
517 61 25 530
526 61 28 530
538 61 31 530
542 61 34 530
553 142 22 893
555 142 25 893
571 61 37 530
575 61 40 530
592 142 28 893
594 142 31 893
596 61 43 530
599 142 34 893
609 142 37 893
612 61 46 530
649 61 49 530
653 142 40 893
657 142 43 893
658 142 46 893
664 61 52 530
678 61 55 530
727 142 49 893
732 61 58 530
733 142 52 893
735 61 1 293
740 142 55 893
742 61 4 293
752 61 7 293
771 142 58 893
778 61 10 293
789 61 13 293
807 61 16 293
825 142 1 641
846 142 4 641
868 142 7 641
888 61 19 293
947 142 10 641
960 61 22 293
962 142 13 641
971 142 16 641
973 142 19 641
980 61 25 293
16 188 1 497
22 58 1 719
27 58 5 719
28 230 3 545
30 284 1 337
37 188 3 497
39 230 1 545
71 188 5 497
76 284 3 337
77 230 5 545
86 58 3 719
87 284 5 337
95 230 7 545
100 284 7 337
110 230 9 545
111 188 7 497
127 230 11 545
134 230 13 545
135 58 7 719
140 188 9 497
150 188 11 497
156 58 9 719
193 58 11 719
193 188 13 497
203 188 15 497
210 58 13 719
211 58 15 719
216 284 9 337
234 188 17 497
266 230 15 545
266 188 19 497
269 230 17 545
272 284 11 337
281 284 13 337
298 58 17 719
303 58 19 719
314 188 21 497
344 188 23 497
351 188 25 497
356 230 19 545
356 284 15 337
364 284 17 337
377 58 21 719
384 58 23 719
386 188 27 497
395 188 29 497
403 284 19 337
414 230 21 545
423 58 25 719
442 284 21 337
453 230 23 545
453 284 25 337
457 230 25 545
475 188 31 497
477 284 23 337
478 58 27 719
481 58 29 719
481 284 27 337
500 188 33 497
506 188 35 497
529 188 37 497
538 284 29 337
545 188 39 497
552 230 27 545
555 230 29 545
558 284 31 337
561 188 41 497
564 284 33 337
567 230 31 545
571 284 35 337
574 188 43 497
585 230 33 545
588 230 35 545
595 230 37 545
608 58 31 719
609 230 40 545
636 230 43 545
644 58 33 719
646 230 46 545
647 230 49 545
660 188 45 497
675 230 51 545
678 188 47 497
678 284 37 337
682 284 39 337
698 284 41 337
704 58 35 719
707 58 37 719
717 284 43 337
721 58 39 719
728 188 49 497
736 188 51 497
753 230 53 545
767 58 41 719
776 284 45 337
795 58 43 719
801 58 45 719
811 188 53 497
816 284 47 337
822 188 55 497
826 188 57 497
833 284 49 337
844 230 55 545
844 188 1 576
860 188 59 497
879 230 57 545
887 284 51 337
899 58 47 719
910 188 3 576
924 284 53 337
926 58 49 719
938 188 5 576
950 58 51 719
957 58 53 719
993 230 59 545
5 24 3 920
20 293 1 184
37 31 7 1435
60 31 1 1435
64 24 7 920
67 31 13 1435
95 293 9 184
97 31 19 1435
98 24 13 920
102 31 25 1435
109 24 19 920
117 31 31 1435
123 24 25 920
137 24 31 920
143 293 13 184
159 24 37 920
164 24 43 920
172 293 19 184
184 31 37 1435
185 24 49 920
186 31 43 1435
189 31 49 1435
206 293 25 184
211 24 55 920
223 31 55 1435
234 24 13 855
247 24 19 855
249 24 25 855
254 24 31 855
275 31 1 454
282 31 7 454
285 24 37 855
297 293 31 184
298 31 13 454
301 24 43 855
303 293 37 184
315 24 49 855
352 293 43 184
361 31 19 454
406 24 55 855
407 24 1 175
408 31 25 454
442 31 31 454
460 31 37 454
465 293 49 184
479 31 43 454
483 293 55 184
488 293 1 27
521 31 49 454
536 293 7 27
556 293 13 27
568 31 55 454
582 24 7 175
586 293 19 27
594 293 25 27
598 31 1 435
606 293 31 27
617 31 7 435
622 293 37 27
630 24 13 175
639 24 19 175
654 31 13 435
677 24 25 175
699 31 19 435
701 31 25 435
703 31 31 435
705 24 31 175
716 24 37 175
717 24 45 175
733 31 37 435
742 31 43 435
786 293 43 27
794 24 49 175
795 24 55 175
795 31 49 435
798 24 1 1162
807 31 55 435
808 293 49 27
829 24 7 1162
835 293 55 27
871 293 1 277
903 24 13 1162
907 293 7 277
936 293 13 277
963 24 19 1162
964 24 25 1162
968 31 1 936
976 293 19 277
988 24 31 1162
1 348 3 802
17 344 1 1217
41 348 7 802
55 344 4 1217
71 348 10 802
73 348 13 802
79 348 16 802
102 348 19 802
112 348 22 802
144 348 31 802
170 348 25 802
178 344 7 1217
203 344 10 1217
251 348 28 802
282 344 13 1217
341 344 16 1217
389 348 34 802
396 348 37 802
399 344 19 1217
414 348 40 802
420 348 43 802
441 348 46 802
443 348 49 802
450 344 22 1217
465 344 25 1217
480 348 52 802
492 344 28 1217
528 344 31 1217
542 344 37 1217
551 344 34 1217
552 344 40 1217
560 348 55 802
590 344 43 1217
608 348 58 802
631 344 46 1217
632 348 1 838
680 344 55 1217
693 348 4 838
695 348 7 838
712 348 10 838
718 348 13 838
720 348 16 838
740 344 49 1217
744 344 52 1217
745 348 19 838
768 344 58 1217
774 348 22 838
781 344 1 482
783 348 25 838
796 348 28 838
799 344 4 482
807 348 37 838
818 344 7 482
822 348 31 838
833 348 34 838
893 344 10 482
925 348 40 838
949 344 13 482
951 348 43 838
996 348 46 838
998 344 16 482
34 385 1 11
44 385 3 11
126 385 5 11
176 385 7 11
183 385 9 11
208 385 11 11
232 385 13 11
298 385 19 11
318 385 15 11
365 385 17 11
367 385 21 11
425 385 23 11
493 385 25 11
538 385 27 11
556 385 29 11
572 385 31 11
606 385 35 11
608 385 33 11
613 385 37 11
623 385 39 11
628 385 41 11
722 385 43 11
739 385 45 11
742 385 47 11
745 385 49 11
804 385 51 11
818 385 53 11
866 385 55 11
873 385 57 11
897 385 59 11
933 385 1 792
979 385 3 792
11 259 7 178
16 259 3 178
64 259 13 178
158 259 19 178
227 259 25 178
293 259 31 178
301 259 37 178
323 259 43 178
336 259 49 178
393 259 55 178
401 259 1 249
495 259 7 249
578 259 13 249
737 259 19 249
756 259 25 249
827 259 31 249
896 259 37 249
899 259 43 249
931 259 49 249
943 259 55 249
947 259 3 311
969 259 7 311
998 259 19 311
24 360 13 792
66 35 1 1113
86 360 7 792
99 35 4 1113
100 35 9 1113
100 360 16 792
104 35 13 1113
112 35 16 1113
121 35 19 1113
137 35 22 1113
142 360 10 792
147 360 19 792
181 35 25 1113
229 35 28 1113
242 35 31 1113
255 360 22 792
258 360 25 792
273 360 28 792
279 35 34 1113
284 35 37 1113
342 35 40 1113
366 35 43 1113
387 35 46 1113
391 35 49 1113
413 35 52 1113
434 360 31 792
439 360 34 792
444 35 55 1113
461 360 37 792
464 360 40 792
477 360 43 792
487 360 46 792
510 360 49 792
525 360 52 792
529 360 55 792
540 360 58 792
577 360 1 1289
595 35 58 1113
615 360 4 1289
634 360 7 1289
655 360 10 1289
663 35 1 1363
686 360 13 1289
692 360 16 1289
703 360 19 1289
707 360 22 1289
716 360 25 1289
732 35 4 1363
733 35 7 1363
802 35 10 1363
805 360 28 1289
810 360 31 1289
826 360 34 1289
883 360 37 1289
898 35 13 1363
901 360 40 1289
928 35 16 1363
931 35 19 1363
954 360 43 1289
993 360 46 1289
11 264 5 590
30 392 3 1419
48 392 1 1419
77 392 7 1419
83 264 1 590
109 392 5 1419
124 264 3 590
137 392 9 1419
167 392 11 1419
170 392 13 1419
189 264 7 590
245 392 15 1419
256 392 17 1419
266 264 9 590
278 264 11 590
360 392 19 1419
367 264 13 590
373 264 15 590
405 392 21 1419
408 264 17 590
410 264 19 590
411 264 21 590
420 264 23 590
423 264 27 590
429 264 25 590
432 264 29 590
465 392 23 1419
467 264 31 590
475 264 33 590
489 392 25 1419
512 392 27 1419
523 264 35 590
536 264 37 590
542 264 40 590
555 392 31 1419
560 264 43 590
630 392 29 1419
649 264 45 590
686 392 33 1419
687 392 35 1419
728 392 37 1419
733 264 47 590
756 264 49 590
759 264 51 590
765 264 53 590
780 264 55 590
786 392 39 1419
796 392 41 1419
797 392 43 1419
799 264 57 590
860 392 45 1419
884 264 59 590
929 392 47 1419
930 264 1 932
938 392 49 1419
976 392 51 1419
978 392 53 1419
998 392 55 1419
6 298 1 300
8 71 1 26
17 339 7 626
18 71 7 26
29 97 1 1021
29 198 7 665
30 97 7 1021
31 97 13 1021
45 298 7 300
50 339 1 626
53 71 13 26
54 97 19 1021
56 97 25 1021
56 298 13 300
60 339 13 626
62 60 1 322
66 97 31 1021
92 60 7 322
103 71 19 26
118 298 19 300
120 339 19 626
122 339 25 626
142 71 25 26
149 71 37 26
150 97 37 1021
154 298 25 300
157 298 31 300
167 339 31 626
172 339 37 626
178 198 1 665
204 198 19 665
208 71 31 26
211 298 37 300
211 60 19 322
215 298 43 300
226 97 43 1021
226 298 49 300
232 60 15 322
237 298 55 300
239 339 43 626
242 339 49 626
246 298 1 434
249 71 43 26
251 339 55 626
259 198 13 665
260 97 49 1021
270 298 7 434
286 198 25 665
287 97 55 1021
300 71 49 26
300 60 25 322
303 97 1 458
304 198 31 665
311 60 31 322
313 298 13 434
315 71 55 26
321 298 19 434
326 71 1 76
328 97 7 458
336 60 37 322
346 97 13 458
351 60 43 322
368 71 7 76
374 71 13 76
376 339 1 1103
381 97 19 458
387 60 49 322
391 97 25 458
392 298 25 434
395 60 55 322
397 339 7 1103
413 71 19 76
414 60 1 526
421 198 37 665
441 198 49 665
468 97 31 458
470 71 25 76
471 60 7 526
473 60 13 526
492 71 31 76
502 71 43 76
503 97 37 458
507 97 43 458
509 298 31 434
509 339 13 1103
510 298 37 434
517 60 19 526
518 97 49 458
521 60 25 526
521 339 19 1103
542 339 25 1103
561 339 31 1103
565 298 43 434
568 339 37 1103
575 198 43 665
575 60 31 526
577 198 55 665
584 71 37 76
586 198 57 1419
587 60 37 526
597 298 49 434
604 71 49 76
605 198 1 155
616 71 55 76
628 97 55 458
629 60 43 526
635 71 1 299
641 97 1 890
644 97 7 890
654 198 7 155
657 198 13 155
666 71 7 299
668 298 55 434
670 339 43 1103
683 339 49 1103
685 71 13 299
685 298 1 933
691 198 25 155
694 198 19 155
696 298 7 933
702 339 55 1103
703 339 1 1124
708 339 7 1124
713 97 13 890
729 97 19 890
734 71 19 299
739 339 13 1124
748 60 49 526
754 198 31 155
758 298 13 933
761 60 55 526
762 97 25 890
766 298 19 933
774 97 31 890
782 60 1 1029
783 60 7 1029
790 97 37 890
791 298 31 933
795 298 25 933
796 60 13 1029
797 71 25 299
805 97 43 890
805 60 19 1029
814 339 19 1124
823 298 37 933
824 71 31 299
840 97 49 890
850 198 37 155
850 60 25 1029
852 71 37 299
863 71 43 299
870 71 49 299
879 298 43 933
880 60 31 1029
883 339 25 1124
886 60 37 1029
898 60 43 1029
902 71 55 299
918 298 49 933
924 339 31 1124
929 198 43 155
943 71 1 642
943 298 7 115
945 71 7 642
960 60 49 1029
970 198 49 155
972 339 37 1124
976 97 55 890
979 198 55 155
979 298 13 115
980 71 13 642
989 97 1 969
990 97 7 969
1000 97 13 969
15 34 1 96
37 34 13 96
38 34 4 96
130 34 7 96
151 34 10 96
210 34 16 96
218 34 19 96
260 34 22 96
372 34 25 96
449 34 31 96
494 34 28 96
495 34 34 96
499 34 37 96
616 34 40 96
679 34 43 96
681 34 46 96
820 34 49 96
904 34 52 96
968 34 55 96
999 34 58 96
8 332 7 1152
16 332 13 1152
24 332 1 1152
24 208 19 292
27 332 19 1152
31 332 25 1152
38 332 31 1152
170 332 37 1152
201 208 1 292
205 208 7 292
213 332 43 1152
250 332 49 1152
255 332 55 1152
265 332 1 310
302 332 7 310
324 332 13 310
341 332 19 310
366 332 25 310
387 332 31 310
425 332 37 310
451 208 13 292
453 332 43 310
477 332 49 310
513 332 55 310
526 332 1 919
533 332 7 919
539 332 13 919
543 332 19 919
563 208 25 292
604 332 25 919
609 208 31 292
612 208 37 292
613 208 43 292
628 208 49 292
640 208 55 292
643 332 31 919
650 208 25 641
658 208 31 641
690 332 37 919
718 332 43 919
719 332 49 919
719 208 37 641
730 332 55 919
751 208 43 641
862 332 1 490
868 208 49 641
871 332 7 490
887 208 55 641
907 208 1 1396
908 332 13 490
939 208 13 1396
958 332 19 490
966 332 25 490
971 332 31 490
977 208 7 1396
981 208 19 1396
4 381 1 478
13 366 1 754
23 390 1 884
39 390 4 884
42 136 4 126
44 390 7 884
49 366 4 754
52 390 10 884
59 390 13 884
66 366 7 754
67 366 10 754
70 381 4 478
81 136 1 126
86 366 13 754
91 381 7 478
118 136 13 126
125 136 7 126
131 366 16 754
155 390 16 884
166 390 19 884
170 381 10 478
174 381 13 478
176 131 1 571
181 131 4 571
186 381 19 478
187 381 16 478
204 381 25 478
214 366 19 754
232 131 7 571
232 366 22 754
261 381 22 478
263 131 10 571
266 366 25 754
266 381 28 478
267 381 31 478
268 366 28 754
269 136 10 126
279 131 13 571
280 136 16 126
281 381 34 478
283 136 19 126
298 390 22 884
320 366 31 754
337 381 37 478
358 131 16 571
361 366 34 754
363 390 25 884
374 131 19 571
377 131 25 571
377 381 40 478
380 366 37 754
381 366 40 754
398 390 28 884
405 381 43 478
408 381 46 478
417 366 43 754
417 381 49 478
423 390 31 884
435 136 22 126
435 381 52 478
458 136 25 126
462 366 46 754
475 390 37 884
477 136 28 126
480 136 31 126
498 136 34 126
500 136 37 126
511 381 55 478
513 136 40 126
514 366 49 754
515 136 43 126
526 366 52 754
541 131 22 571
542 381 58 478
545 390 34 884
546 131 28 571
551 366 55 754
553 136 46 126
555 136 49 126
556 381 1 33
558 136 52 126
559 381 4 33
567 381 7 33
579 131 31 571
590 390 40 884
600 390 43 884
607 366 58 754
615 136 55 126
617 366 1 242
625 131 34 571
628 381 10 33
631 381 13 33
659 381 16 33
660 390 49 884
660 381 19 33
670 390 52 884
675 136 58 126
676 381 22 33
679 136 1 504
691 136 4 504
716 390 46 884
736 381 25 33
746 131 37 571
756 381 31 33
763 390 55 884
771 366 4 242
779 136 7 504
786 136 10 504
787 390 58 884
788 381 28 33
790 381 34 33
794 366 7 242
801 131 40 571
807 131 43 571
808 390 1 1407
811 390 4 1407
815 136 13 504
850 136 16 504
854 390 7 1407
857 381 37 33
864 136 19 504
872 390 10 1407
891 136 22 504
896 131 46 571
900 131 49 571
904 366 10 242
908 366 19 242
916 381 40 33
924 390 13 1407
927 131 52 571
930 381 43 33
938 136 25 504
944 381 46 33
950 136 28 504
950 366 13 242
959 381 49 33
963 366 16 242
972 390 16 1407
983 136 31 504
984 136 34 504
992 131 55 571
999 390 19 1407
16 316 7 465
17 320 4 1237
20 62 5 456
33 116 5 292
34 62 3 456
35 62 1 456
45 55 1 495
46 62 7 456
63 316 1 465
69 116 11 292
76 116 17 292
91 55 3 495
115 116 23 292
115 62 9 456
126 139 1 489
136 320 1 1237
144 62 11 456
152 139 3 489
159 139 5 489
172 320 7 1237
175 116 29 292
176 139 9 489
183 62 13 456
200 55 5 495
200 316 3 465
201 320 10 1237
209 55 9 495
214 320 13 1237
214 116 35 292
221 62 15 456
228 316 5 465
242 316 9 465
244 139 7 489
245 320 17 1237
255 316 11 465
256 139 11 489
260 116 41 292
265 62 17 456
273 62 19 456
279 139 16 489
279 55 7 495
280 139 13 489
280 55 11 495
286 316 13 465
296 139 19 489
307 116 47 292
312 62 21 456
314 139 23 489
322 139 25 489
323 55 13 495
324 139 21 489
339 139 27 489
345 55 15 495
351 320 15 1237
352 116 53 292
354 320 19 1237
358 139 29 489
358 116 59 292
359 139 31 489
360 55 17 495
363 316 19 465
371 316 15 465
373 55 19 495
386 316 17 465
389 316 21 465
390 55 21 495
394 55 23 495
396 320 21 1237
404 320 23 1237
410 139 33 489
413 55 25 495
418 116 1 632
421 62 23 456
423 320 29 1237
431 55 27 495
431 62 25 456
436 320 25 1237
442 320 35 1237
456 116 3 632
464 320 27 1237
481 139 35 489
491 320 31 1237
492 320 37 1237
501 116 5 632
503 55 29 495
505 62 27 456
514 139 37 489
515 55 31 495
516 316 23 465
520 139 39 489
521 139 41 489
525 320 33 1237
525 55 35 495
527 116 7 632
540 62 29 456
548 62 31 456
550 320 39 1237
555 62 33 456
557 62 35 456
566 62 37 456
583 116 9 632
586 316 25 465
592 116 11 632
596 316 27 465
597 55 33 495
600 320 41 1237
605 139 43 489
614 116 13 632
628 55 37 495
629 116 15 632
634 320 43 1237
635 320 45 1237
635 316 29 465
639 316 31 465
641 62 39 456
656 116 17 632
671 320 47 1237
672 139 45 489
680 139 47 489
684 62 41 456
688 320 49 1237
696 116 19 632
697 55 39 495
709 320 51 1237
710 320 53 1237
714 55 41 495
716 62 43 456
722 62 45 456
723 320 57 1237
726 320 55 1237
726 316 33 465
737 62 47 456
741 320 59 1237
754 116 21 632
764 316 35 465
772 320 28 293
775 116 23 632
781 139 49 489
792 62 49 456
809 55 43 495
812 62 51 456
815 139 51 489
821 320 31 293
830 139 53 489
833 320 37 293
834 139 55 489
835 139 59 489
857 139 57 489
862 55 45 495
866 116 25 632
888 55 47 495
892 55 49 495
894 62 53 456
896 116 27 632
900 62 55 456
909 139 1 878
914 55 51 495
915 320 33 293
924 62 57 456
941 139 3 878
946 55 53 495
962 320 35 293
972 116 29 632
974 116 31 632
976 320 39 293
976 55 59 495
986 62 59 456
989 116 33 632
990 55 55 495
6 157 7 48
7 63 7 819
22 157 3 48
26 157 13 48
34 76 7 937
34 47 13 395
43 63 1 819
61 76 1 937
71 63 13 819
80 47 1 395
81 157 19 48
94 157 25 48
95 76 13 937
99 63 19 819
116 72 19 937
126 157 31 48
127 72 25 937
135 76 31 937
138 76 37 937
143 157 37 48
152 72 43 937
157 157 43 48
171 63 25 819
178 63 31 819
185 47 7 395
187 63 37 819
188 63 43 819
192 72 49 937
203 63 49 819
209 76 55 937
212 63 55 819
216 63 1 757
220 72 1 275
228 63 7 757
230 72 7 275
235 72 13 275
235 157 49 48
250 47 19 395
255 72 25 275
259 47 25 395
273 47 31 395
281 72 19 275
298 157 1 955
302 63 13 757
318 63 19 757
320 47 37 395
322 157 55 48
334 157 7 955
344 72 31 275
347 157 13 955
366 157 19 955
368 63 25 757
378 63 31 757
394 157 25 955
410 76 1 523
412 157 31 955
422 157 37 955
425 157 43 955
428 76 7 523
429 63 37 757
442 76 13 523
457 63 43 757
459 72 37 275
464 72 43 275
471 72 49 275
474 63 49 757
487 76 19 523
495 76 25 523
498 63 55 757
503 63 1 990
506 72 55 275
508 47 43 395
512 76 31 523
522 72 1 89
530 47 49 395
531 157 49 955
531 63 7 990
541 157 55 955
552 72 7 89
562 72 13 89
568 157 25 1363
570 76 37 523
582 63 13 990
594 76 43 523
598 157 31 1363
605 76 49 523
607 76 1 68
607 47 7 426
609 72 19 89
619 72 25 89
619 47 55 395
629 47 1 426
633 63 19 990
637 76 55 523
640 47 13 426
647 47 19 426
659 76 7 68
664 47 25 426
671 72 31 89
673 72 37 89
673 157 43 1363
677 72 43 89
679 72 49 89
681 72 55 89
682 47 31 426
700 157 37 1363
705 76 13 68
711 63 25 990
719 47 43 426
727 72 1 183
732 72 7 183
746 72 13 183
747 47 37 426
758 157 49 1363
765 157 1 567
778 63 31 990
779 76 19 68
800 76 25 68
803 72 19 183
803 157 55 1363
818 157 13 567
821 72 25 183
825 76 31 68
830 72 31 183
833 47 51 426
836 47 55 426
851 76 37 68
864 157 7 567
865 157 19 567
867 47 43 293
884 76 43 68
885 63 37 990
897 76 49 68
912 157 25 567
917 72 37 183
917 76 55 68
928 157 31 567
934 72 43 183
947 157 37 567
970 72 55 183
971 157 43 567
984 72 49 183
996 47 49 293
996 63 55 990
997 47 55 293
998 72 1 259
5 183 7 266
6 327 19 842
20 183 10 266
21 263 1 348
36 263 4 348
40 263 7 348
44 263 10 348
48 398 7 133
51 183 1 266
53 327 22 842
63 263 13 348
81 263 16 348
86 183 16 266
90 183 4 266
92 150 1 1495
95 183 19 266
99 150 7 1495
106 263 19 348
107 327 25 842
109 150 10 1495
121 327 28 842
122 150 4 1495
124 263 22 348
133 150 15 1495
156 398 1 133
158 398 4 133
165 150 19 1495
169 183 13 266
170 150 22 1495
178 398 10 133
188 183 22 266
195 398 13 133
200 263 25 348
202 398 16 133
213 398 19 133
221 327 31 842
223 183 25 266
228 150 25 1495
228 183 28 266
261 327 34 842
273 398 22 133
276 263 28 348
279 327 37 842
283 150 28 1495
285 150 31 1495
294 150 34 1495
312 327 40 842
332 398 25 133
335 150 37 1495
350 398 28 133
353 183 31 266
359 398 33 133
372 263 31 348
380 183 34 266
388 398 37 133
410 327 43 842
415 327 46 842
419 398 40 133
419 150 43 1495
437 150 40 1495
438 398 43 133
438 183 37 266
440 150 46 1495
444 398 46 133
452 150 49 1495
458 263 34 348
458 398 49 133
473 398 52 133
480 183 40 266
482 263 37 348
514 327 52 842
524 327 49 842
528 183 43 266
544 263 40 348
548 150 52 1495
552 150 55 1495
563 183 46 266
567 263 43 348
578 183 49 266
584 150 58 1495
596 327 55 842
617 150 13 259
622 263 46 348
627 398 55 133
637 398 1 223
644 183 52 266
650 398 58 133
650 183 55 266
658 150 7 259
667 327 58 842
667 183 1 783
686 263 49 348
688 398 4 223
702 263 52 348
707 150 10 259
709 398 7 223
713 327 1 1234
713 398 10 223
723 398 13 223
725 150 16 259
745 327 4 1234
747 263 55 348
769 398 16 223
781 327 7 1234
782 150 19 259
785 183 58 266
799 263 1 189
799 327 10 1234
806 263 58 348
809 183 4 783
812 327 13 1234
818 263 4 189
827 183 7 783
829 398 19 223
830 327 16 1234
835 398 22 223
848 183 10 783
854 398 25 223
857 398 28 223
864 150 22 259
865 183 13 783
874 263 7 189
877 183 16 783
879 263 10 189
882 183 19 783
883 263 13 189
889 327 19 1234
889 263 16 189
893 327 22 1234
906 150 25 259
915 327 25 1234
917 398 31 223
921 150 28 259
927 398 34 223
929 263 19 189
930 263 22 189
932 183 22 783
942 183 25 783
957 327 28 1234
962 327 31 1234
975 150 31 259
987 263 25 189
18 382 1 257
28 382 5 257
34 382 11 257
53 382 3 257
71 382 7 257
72 319 5 1435
73 78 1 1121
82 382 9 257
90 78 7 1121
119 78 3 1121
121 382 13 257
128 78 5 1121
147 382 15 257
148 382 17 257
158 382 23 257
162 319 11 1435
170 319 17 1435
184 319 23 1435
185 382 19 257
205 382 21 257
248 319 29 1435
253 319 35 1435
268 78 9 1121
288 78 11 1121
303 382 25 257
309 319 41 1435
316 319 47 1435
353 78 13 1121
359 78 15 1121
364 319 53 1435
368 382 29 257
370 78 17 1121
373 319 59 1435
393 382 27 257
399 382 33 257
402 78 19 1121
413 319 1 79
444 78 21 1121
467 382 35 257
472 319 3 79
480 382 37 257
486 78 23 1121
492 319 5 79
494 78 25 1121
494 382 31 257
508 319 7 79
533 319 11 79
535 382 39 257
535 78 27 1121
545 319 9 79
557 382 41 257
567 382 46 257
577 319 13 79
578 319 17 79
598 382 43 257
606 382 49 257
612 78 29 1121
620 319 15 79
621 382 51 257
624 78 31 1121
636 319 19 79
641 382 53 257
645 78 33 1121
651 78 35 1121
711 382 55 257
716 382 57 257
721 319 21 79
731 319 23 79
748 319 25 79
763 382 59 257
768 78 37 1121
774 78 39 1121
787 319 27 79
801 319 29 79
804 319 31 79
812 78 41 1121
828 319 33 79
834 319 35 79
839 319 37 79
859 78 43 1121
869 319 39 79
873 382 5 299
877 78 45 1121
881 382 11 299
902 78 47 1121
913 78 49 1121
923 78 51 1121
926 319 41 79
976 78 53 1121
977 319 43 79
978 319 45 79
992 319 47 79
3 347 1 16
4 294 7 1120
5 134 13 393
6 23 55 33
8 241 13 1120
12 241 1 1120
20 347 13 16
22 241 19 1120
24 134 25 393
24 137 31 511
37 347 19 16
40 105 1 1095
41 137 13 511
43 23 7 520
43 347 25 16
44 137 19 511
51 241 25 1120
51 347 7 16
52 294 31 1120
57 294 37 1120
58 241 43 1120
61 134 7 393
82 347 31 16
86 321 19 787
95 241 49 1120
98 23 1 520
100 294 55 1120
101 137 1 511
104 279 1 584
105 23 13 520
106 279 7 584
107 321 1 787
107 241 7 1378
108 241 1 1378
111 321 9 787
113 137 7 511
114 241 25 1378
125 134 1 393
130 137 25 511
140 241 13 1378
143 134 19 393
145 105 7 1095
149 321 13 787
155 137 37 511
159 321 25 787
160 134 31 393
162 347 37 16
164 321 31 787
164 137 49 511
176 105 13 1095
180 134 37 393
183 23 19 520
186 321 37 787
189 137 43 511
192 241 19 1378
193 105 19 1095
196 105 25 1095
201 279 13 584
213 347 49 16
215 105 31 1095
222 23 25 520
226 134 55 393
227 23 31 520
229 347 43 16
242 321 43 787
245 347 55 16
254 134 43 393
254 347 1 53
255 23 37 520
257 137 55 511
259 294 1 614
261 23 43 520
264 134 49 393
264 105 37 1095
277 137 13 311
278 279 19 584
282 23 49 520
284 137 25 311
286 241 31 1378
305 347 7 53
306 279 25 584
307 23 55 520
315 321 1 1465
320 241 43 1378
328 321 49 787
337 134 1 866
339 294 7 614
340 241 37 1378
342 294 19 614
344 241 49 1378
344 279 37 584
349 347 13 53
349 23 55 719
350 134 7 866
355 321 55 787
356 134 21 866
356 137 31 311
368 347 19 53
369 105 43 1095
377 241 55 1378
383 321 7 1465
383 134 13 866
384 347 25 53
388 137 43 311
388 279 31 584
389 23 1 803
391 294 13 614
400 23 7 803
400 279 43 584
408 279 49 584
413 321 13 1465
416 105 55 1095
419 23 13 803
421 134 25 866
423 134 37 866
423 279 55 584
423 347 43 53
424 279 1 1225
426 134 31 866
426 279 7 1225
430 23 25 803
432 294 25 614
436 105 49 1095
437 241 1 90
443 23 19 803
449 105 1 1009
451 134 43 866
460 279 13 1225
460 347 31 53
462 279 19 1225
472 347 37 53
473 137 37 311
476 105 7 1009
480 347 55 53
485 347 49 53
486 134 49 866
513 279 25 1225
518 279 31 1225
524 105 13 1009
525 241 7 90
530 23 31 803
532 134 55 866
534 347 1 1236
536 137 49 311
538 241 13 90
540 279 37 1225
541 294 31 614
545 137 55 311
557 241 19 90
561 321 19 1465
564 134 1 1034
567 134 13 1034
567 105 19 1009
569 321 25 1465
570 294 43 614
580 134 7 1034
592 347 7 1236
595 134 19 1034
596 279 49 1225
599 321 37 1465
602 134 25 1034
603 137 1 971
606 347 13 1236
607 241 25 90
608 105 25 1009
609 321 43 1465
619 134 31 1034
621 241 31 90
622 23 49 803
627 134 37 1034
630 347 19 1236
632 294 37 614
634 137 13 971
634 241 37 90
641 294 49 614
645 137 7 971
646 279 55 1225
647 134 43 1034
650 294 1 110
651 321 31 1465
652 279 43 1225
659 137 19 971
660 105 31 1009
664 294 55 614
665 321 49 1465
671 321 55 1465
675 347 25 1236
686 279 1 376
690 241 43 90
693 347 31 1236
700 105 43 1009
702 134 1 353
705 241 49 90
706 23 37 803
709 321 1 137
712 137 25 971
713 347 37 1236
714 137 37 971
720 241 55 90
727 137 31 971
728 23 43 803
736 134 55 1034
738 294 7 110
743 241 1 774
743 279 7 376
766 23 55 803
773 279 13 376
773 347 43 1236
774 321 7 137
777 321 13 137
777 294 19 110
779 279 25 376
780 347 49 1236
783 294 13 110
783 137 43 971
786 347 55 1236
788 137 49 971
789 105 37 1009
791 294 37 110
791 137 55 971
793 105 49 1009
794 105 55 1009
794 279 19 376
800 294 31 110
807 105 1 1214
810 134 49 1034
810 23 1 1207
812 279 31 376
813 134 7 353
816 321 19 137
816 23 7 1207
817 134 13 353
828 241 7 774
832 23 13 1207
835 241 13 774
837 23 19 1207
844 279 37 376
845 241 19 774
854 279 43 376
856 134 19 353
861 137 1 1106
862 321 25 137
865 294 25 110
874 294 43 110
874 105 13 1214
889 347 1 1306
890 23 25 1207
893 294 49 110
895 279 49 376
895 347 7 1306
918 105 7 1214
918 347 13 1306
919 347 19 1306
920 105 19 1214
920 23 31 1207
929 321 31 137
931 279 55 376
932 105 25 1214
934 137 7 1106
945 137 13 1106
949 294 55 110
951 321 37 137
951 347 25 1306
952 294 1 593
957 105 31 1214
961 294 7 593
966 279 1 494
968 241 25 774
974 105 37 1214
979 105 43 1214
979 241 31 774
981 105 49 1214
989 137 19 1106
990 23 37 1207
993 137 25 1106
996 137 31 1106
8 122 19 208
11 68 13 282
14 98 7 1242
20 68 7 282
22 40 7 1147
30 115 13 71
64 122 1 208
71 40 1 1147
74 68 1 282
76 40 10 1147
80 68 10 282
80 40 13 1147
89 115 1 71
111 98 1 1242
111 122 4 208
119 40 16 1147
131 115 4 71
132 98 4 1242
135 40 19 1147
144 40 4 1147
163 40 22 1147
163 115 7 71
166 115 10 71
168 68 4 282
171 40 31 1147
182 122 7 208
194 98 10 1242
195 98 16 1242
199 122 10 208
200 98 13 1242
210 115 19 71
211 122 25 208
215 68 16 282
217 122 13 208
219 115 16 71
225 98 25 1242
227 98 19 1242
229 98 22 1242
233 40 25 1147
246 68 19 282
247 122 16 208
249 40 34 1147
261 122 28 208
270 40 28 1147
271 68 25 282
272 68 22 282
278 98 28 1242
283 40 37 1147
307 122 22 208
310 68 28 282
318 68 31 282
323 98 31 1242
337 122 31 208
340 68 34 282
347 115 22 71
361 115 25 71
363 115 28 71
364 68 37 282
365 122 34 208
367 40 40 1147
373 40 43 1147
382 98 34 1242
392 115 31 71
397 122 37 208
399 98 37 1242
402 40 46 1147
408 40 55 1147
409 98 40 1242
410 98 46 1242
413 68 40 282
428 115 34 71
434 40 49 1147
437 115 37 71
442 115 40 71
450 68 43 282
462 40 52 1147
464 40 58 1147
465 98 43 1242
468 98 49 1242
469 122 40 208
476 98 52 1242
479 115 49 71
481 40 1 233
486 40 4 233
506 122 43 208
510 115 43 71
516 115 46 71
519 68 46 282
530 122 46 208
535 40 7 233
548 68 49 282
564 115 52 71
573 122 49 208
586 122 52 208
589 68 52 282
591 40 10 233
615 98 58 1242
622 40 13 233
623 115 55 71
623 122 58 208
633 98 55 1242
661 122 55 208
665 98 1 811
669 40 16 233
672 115 58 71
679 68 55 282
684 115 1 186
706 98 4 811
710 40 19 233
711 98 7 811
716 115 4 186
733 68 58 282
734 98 10 811
738 40 22 233
743 98 13 811
746 68 1 1072
747 40 25 233
755 115 7 186
764 115 10 186
764 122 16 811
775 122 19 811
777 98 25 811
788 122 22 811
806 40 28 233
821 40 33 233
832 122 28 811
840 122 31 811
850 122 34 811
855 115 13 186
859 122 37 811
872 115 16 186
873 115 19 186
878 40 37 233
894 68 4 1072
897 122 40 811
914 68 7 1072
919 40 40 233
933 122 43 811
938 68 10 1072
942 115 22 186
943 98 46 811
958 98 49 811
961 40 43 233
961 122 52 811
971 40 49 233
978 98 55 811
984 40 46 233
989 40 52 233
1000 40 55 233
2 371 1 285
54 56 5 520
72 132 11 275
78 291 1 39
81 132 5 275
86 56 11 520
88 132 17 275
115 291 3 39
117 371 3 285
121 132 23 275
165 371 5 285
170 56 29 520
179 56 17 520
191 371 7 285
194 291 5 39
202 132 29 275
204 56 23 520
223 56 35 520
225 371 9 285
242 132 35 275
258 132 41 275
264 371 11 285
277 132 47 275
284 291 7 39
286 371 15 285
290 291 9 39
314 291 11 39
346 371 17 285
360 371 13 285
360 56 41 520
370 132 53 275
372 56 47 520
380 132 59 275
382 56 53 520
386 291 13 39
391 56 59 520
392 371 19 285
396 56 13 412
400 56 15 412
418 291 15 39
424 132 35 632
427 56 17 412
435 56 19 412
443 291 17 39
443 132 37 632
489 56 21 412
491 132 39 632
496 371 21 285
499 56 23 412
500 371 23 285
546 56 25 412
548 291 19 39
557 132 43 632
559 132 41 632
566 132 45 632
571 56 27 412
575 132 47 632
593 291 21 39
593 132 49 632
611 56 29 412
620 56 31 412
648 132 51 632
656 56 33 412
675 291 23 39
691 56 35 412
693 56 37 412
694 56 39 412
706 132 53 632
707 56 41 412
712 371 29 285
720 371 25 285
733 291 25 39
757 132 55 632
760 56 43 412
764 371 27 285
768 56 45 412
774 132 57 632
775 132 59 632
779 132 1 920
787 291 29 39
793 371 31 285
804 291 27 39
811 56 47 412
815 291 31 39
825 132 11 920
832 132 17 920
832 56 49 412
855 132 23 920
867 291 33 39
878 56 51 412
881 132 29 920
882 132 35 920
902 371 33 285
905 371 35 285
906 132 41 920
908 56 53 412
911 56 55 412
913 371 37 285
915 291 35 39
915 56 57 412
918 371 39 285
918 56 59 412
925 132 47 920
932 371 41 285
935 291 37 39
937 56 3 1164
946 56 1 1164
952 132 53 920
953 56 5 1164
956 56 7 1164
963 56 9 1164
973 291 39 39
976 371 43 285
978 132 59 920
980 56 11 1164
982 132 1 547
988 56 13 1164
990 371 45 285
991 132 3 547
994 291 41 39
995 371 47 285
12 176 7 164
23 152 13 200
26 394 1 164
36 192 7 830
38 283 49 79
41 70 19 999
41 176 25 164
41 152 31 200
42 283 55 79
43 152 19 200
73 394 19 164
74 215 55 1121
75 283 1 124
92 70 13 999
101 394 13 164
104 70 7 999
112 192 1 830
119 215 7 667
122 394 31 164
124 70 25 999
131 70 31 999
136 152 3 200
140 192 19 830
143 176 43 164
144 192 13 830
145 192 25 830
148 70 1 999
152 70 37 999
153 394 37 164
167 176 49 164
182 215 1 667
192 70 43 999
194 192 31 830
199 283 13 124
200 176 55 164
206 152 7 200
208 192 37 830
217 70 49 999
219 394 1 317
219 283 7 124
221 176 1 144
225 215 13 667
236 152 25 200
237 215 19 667
240 394 7 317
242 70 55 999
258 192 43 830
265 176 7 144
268 215 31 667
275 215 25 667
278 283 31 124
283 176 13 144
286 215 37 667
291 215 43 667
294 70 1 1076
294 176 19 144
296 394 13 317
312 283 25 124
326 394 19 317
331 70 7 1076
331 152 37 200
334 283 19 124
345 215 49 667
347 215 55 667
348 192 49 830
350 70 19 1076
354 192 55 830
356 215 1 861
358 152 43 200
359 192 1 1270
362 215 7 861
362 152 49 200
363 215 21 861
365 192 7 1270
365 215 13 861
371 70 25 1076
371 394 31 317
371 283 37 124
379 192 13 1270
387 70 13 1076
389 283 43 124
392 394 37 317
400 70 31 1076
410 394 25 317
412 283 49 124
417 176 37 144
420 215 25 861
425 152 55 200
429 176 31 144
430 192 31 1270
434 152 1 1285
437 215 31 861
455 152 7 1285
458 215 37 861
459 192 19 1270
461 215 43 861
467 70 37 1076
468 70 43 1076
469 192 25 1270
474 283 55 124
481 394 43 317
488 394 49 317
495 176 43 144
496 192 37 1270
498 215 49 861
504 152 13 1285
513 176 49 144
524 176 25 144
529 70 49 1076
539 283 1 152
544 70 55 1076
546 283 7 152
548 176 55 144
549 70 1 5
558 394 55 317
558 152 19 1285
559 70 7 5
560 176 1 341
561 152 25 1285
565 215 55 861
571 176 7 341
571 215 1 702
573 152 31 1285
585 192 43 1270
589 152 37 1285
594 394 1 415
598 192 49 1270
598 394 7 415
602 192 55 1270
603 70 13 5
610 70 19 5
611 192 1 236
621 215 7 702
629 215 19 702
630 192 7 236
633 70 25 5
634 394 19 415
636 152 45 1285
649 176 13 341
653 70 31 5
665 283 13 152
666 70 43 5
672 70 37 5
673 152 49 1285
675 394 13 415
675 215 31 702
677 176 19 341
678 394 25 415
679 283 19 152
683 152 55 1285
689 394 31 415
698 70 49 5
699 152 1 291
705 394 37 415
712 215 13 702
724 176 25 341
731 70 55 5
731 152 7 291
733 394 43 415
734 283 25 152
735 192 13 236
741 176 31 341
755 152 13 291
757 70 1 513
766 283 31 152
769 70 7 513
773 192 19 236
777 70 31 513
788 70 13 513
808 192 25 236
811 192 31 236
811 152 19 291
815 152 25 291
820 394 55 415
822 215 25 702
823 283 43 152
824 70 19 513
826 394 49 415
831 192 37 236
834 152 31 291
835 176 37 341
836 152 37 291
841 394 1 481
850 394 7 481
852 152 43 291
853 394 13 481
857 152 49 291
865 394 31 481
865 215 37 702
866 152 57 291
867 394 19 481
880 176 43 341
881 176 49 341
891 152 1 1468
894 283 37 152
898 215 49 702
898 283 55 152
899 192 49 236
899 176 55 341
906 215 43 702
916 394 25 481
924 176 1 711
927 394 37 481
929 192 55 236
929 152 7 1468
930 176 55 702
934 70 25 513
946 192 43 236
946 394 49 481
950 70 37 513
950 152 19 1468
951 283 49 152
953 152 13 1468
959 215 1 1354
966 283 7 404
967 176 7 711
967 283 1 404
972 192 1 575
983 70 43 513
988 152 25 1468
989 283 13 404
994 192 7 575
1000 152 31 1468
2 307 3 659
13 373 4 238
28 307 7 659
32 45 1 706
35 346 3 213
36 346 13 213
40 45 10 706
40 346 16 213
55 328 1 226
58 373 1 238
61 328 13 226
63 307 10 659
77 45 13 706
82 45 4 706
91 307 13 659
91 373 10 238
94 328 4 226
97 328 7 226
100 307 19 659
121 328 10 226
128 346 7 213
131 346 10 213
137 307 16 659
143 45 7 706
147 346 22 213
153 346 19 213
155 346 25 213
160 373 7 238
166 45 16 706
169 307 22 659
174 45 19 706
176 307 25 659
179 346 28 213
185 328 16 226
192 346 31 213
194 307 28 659
198 307 31 659
201 45 22 706
202 45 25 706
210 346 34 213
211 328 28 226
215 373 13 238
220 346 37 213
234 45 28 706
236 346 40 213
237 328 25 226
241 346 43 213
249 307 37 659
257 328 19 226
258 373 16 238
272 328 31 226
272 307 34 659
284 45 31 706
292 307 40 659
293 373 19 238
312 346 46 213
313 373 22 238
324 45 34 706
333 373 25 238
335 346 49 213
340 45 43 706
348 373 28 238
354 328 22 226
359 45 37 706
361 45 40 706
364 328 34 226
371 328 43 226
374 346 52 213
390 45 46 706
405 328 37 226
408 328 40 226
413 373 31 238
417 328 46 226
422 307 43 659
432 328 49 226
433 45 49 706
433 346 55 213
435 307 46 659
457 373 34 238
465 328 55 226
465 45 58 706
480 307 49 659
493 346 58 213
504 346 1 784
505 45 52 706
522 373 37 238
523 328 52 226
527 373 40 238
532 346 4 784
534 346 7 784
538 328 58 226
538 373 43 238
541 373 46 238
542 328 1 532
542 373 49 238
545 373 52 238
549 346 10 784
553 307 52 659
555 45 55 706
561 328 4 532
562 346 19 784
568 307 1 744
570 45 1 167
575 328 7 532
588 307 55 659
591 346 13 784
592 328 13 532
596 328 10 532
601 328 16 532
616 346 16 784
628 373 1 305
642 45 4 167
648 373 55 238
648 346 22 784
659 45 13 167
661 307 58 659
706 45 7 167
708 346 25 784
715 346 28 784
724 373 58 238
732 328 19 532
740 307 4 744
741 328 22 532
747 328 28 532
751 373 4 305
757 45 10 167
757 346 31 784
758 346 34 784
759 346 37 784
760 373 7 305
764 45 19 167
770 45 16 167
771 346 40 784
773 346 49 784
782 307 7 744
784 307 10 744
789 45 22 167
791 346 43 784
792 346 46 784
794 346 15 1164
797 45 31 167
799 373 13 305
804 373 10 305
806 373 16 305
809 373 19 305
815 328 33 532
820 328 25 532
822 346 52 784
823 45 25 167
824 373 25 305
828 373 22 305
833 346 55 784
834 373 28 305
838 328 37 532
845 346 58 784
846 373 31 305
851 307 13 744
859 328 40 532
860 346 19 1164
863 328 49 532
872 45 28 167
873 328 43 532
876 307 16 744
884 346 22 1164
887 373 34 305
915 328 46 532
926 328 52 532
951 373 46 305
958 45 34 167
967 346 25 1164
981 328 55 532
981 307 25 744
983 45 37 167
1 380 7 241
1 189 9 1351
6 128 5 572
6 37 11 430
10 225 1 267
10 117 3 1463
12 117 5 1463
12 189 11 1351
13 380 9 241
14 297 1 419
14 148 31 532
18 380 3 241
19 128 1 572
22 128 10 572
22 349 17 1225
25 349 5 1225
34 349 23 1225
39 225 7 267
47 148 58 532
48 128 13 572
50 225 5 267
51 148 4 602
52 128 3 572
53 225 9 267
56 349 11 1225
62 380 5 241
63 128 7 572
75 37 5 430
80 189 5 1351
85 189 1 1351
87 189 3 1351
88 380 1 241
89 297 4 419
96 380 11 241
102 37 1 430
102 349 29 1225
108 117 7 1463
111 37 13 430
112 297 7 419
113 117 1 1463
113 380 13 241
123 349 35 1225
134 128 15 572
135 297 9 419
137 225 3 267
148 349 41 1225
151 128 17 572
157 37 3 430
162 189 7 1351
167 380 15 241
172 297 11 419
173 148 1 602
177 148 7 602
178 349 47 1225
180 297 13 419
182 189 13 1351
190 380 17 241
193 128 23 572
203 297 17 419
204 189 16 1351
212 297 15 419
218 297 22 419
221 297 19 419
222 225 11 267
223 297 28 419
226 128 19 572
226 148 9 602
230 380 19 241
232 128 25 572
238 189 19 1351
240 349 53 1225
241 349 59 1225
246 380 22 241
246 349 5 448
247 297 25 419
248 117 9 1463
250 189 23 1351
251 148 11 602
257 189 25 1351
260 225 13 267
260 148 15 602
261 349 1 448
264 297 31 419
269 297 33 419
269 117 13 1463
273 380 25 241
275 117 11 1463
277 297 35 419
278 380 35 241
285 225 15 267
285 148 13 602
287 148 17 602
289 37 7 430
290 148 19 602
291 128 21 572
296 297 37 419
296 148 21 602
296 349 3 448
303 380 27 241
304 349 7 448
309 37 9 430
311 128 27 572
311 297 39 419
312 189 29 1351
313 148 25 602
316 117 15 1463
325 37 15 430
327 380 29 241
329 37 17 430
334 297 41 419
335 349 9 448
338 297 43 419
344 189 21 1351
347 37 19 430
351 37 21 430
351 297 47 419
351 117 17 1463
357 128 29 572
357 189 27 1351
359 148 23 602
360 37 23 430
370 189 31 1351
381 37 25 430
392 349 11 448
395 37 27 430
403 380 31 241
409 297 45 419
414 297 49 419
415 297 51 419
419 297 53 419
419 380 33 241
420 189 33 1351
421 297 55 419
425 128 31 572
428 37 29 430
432 117 19 1463
432 380 37 241
432 349 13 448
448 128 33 572
452 189 35 1351
457 189 37 1351
463 189 39 1351
465 225 17 267
470 128 35 572
473 148 27 602
482 128 40 572
482 37 31 430
486 37 33 430
487 349 15 448
489 128 37 572
494 189 41 1351
498 380 39 241
500 225 19 267
501 380 41 241
502 117 21 1463
509 349 17 448
511 37 35 430
517 225 23 267
517 297 57 419
517 148 29 602
519 225 21 267
521 189 43 1351
529 349 19 448
536 189 45 1351
538 189 47 1351
548 225 25 267
549 297 59 419
553 225 27 267
553 189 49 1351
554 37 37 430
554 189 51 1351
555 380 43 241
557 37 39 430
557 297 1 615
558 189 59 1351
562 349 22 448
563 117 23 1463
568 148 31 602
569 349 29 448
573 225 29 267
577 37 41 430
577 297 4 615
578 117 25 1463
588 349 25 448
589 380 45 241
593 37 43 430
596 117 29 1463
598 128 45 572
605 297 7 615
622 128 43 572
627 128 47 572
632 148 33 602
636 117 27 1463
638 117 31 1463
661 37 45 430
663 297 9 615
665 37 47 430
666 128 49 572
668 37 49 430
669 225 31 267
673 297 11 615
676 189 53 1351
678 148 35 602
703 297 13 615
706 148 41 602
706 117 33 1463
712 37 51 430
712 380 47 241
719 117 35 1463
727 117 37 1463
732 128 51 572
732 189 55 1351
736 128 53 572
737 37 53 430
738 128 55 572
744 297 15 615
751 225 33 267
753 128 57 572
754 297 17 615
757 189 57 1351
760 189 1 1100
761 380 49 241
770 225 35 267
770 349 27 448
772 189 3 1100
773 128 59 572
773 380 52 241
779 128 5 792
787 225 37 267
787 189 5 1100
790 148 43 602
795 189 7 1100
800 148 37 602
801 37 55 430
805 380 55 241
811 128 11 875
814 349 31 448
817 349 33 448
820 380 59 241
824 189 9 1100
825 349 35 448
826 148 39 602
828 225 39 267
828 189 11 1100
840 349 37 448
842 37 57 430
845 297 23 615
856 117 39 1463
858 189 13 1100
859 128 5 875
864 148 45 602
864 189 15 1100
865 297 29 615
866 349 39 448
871 37 59 430
872 297 19 615
879 225 41 267
887 37 5 1095
888 225 43 267
888 297 25 615
890 380 57 241
894 128 17 875
898 297 21 615
900 148 47 602
900 117 41 1463
907 148 49 602
910 37 11 1095
910 148 51 602
911 225 45 267
912 128 23 875
912 297 31 615
914 128 29 875
916 189 17 1100
920 37 17 1095
921 225 47 267
924 380 5 317
925 128 35 875
928 297 27 615
940 148 53 602
943 189 19 1100
959 297 33 615
966 117 43 1463
971 37 23 1095
979 37 29 1095
980 189 21 1100
981 37 35 1095
982 349 41 448
987 380 11 317
988 128 41 875
988 297 35 615
997 297 37 615
1000 380 17 317
1 126 37 504
14 126 43 504
46 168 1 104
47 203 1 900
60 379 7 900
72 231 1 256
73 231 7 256
82 274 13 1012
91 168 19 104
93 379 13 900
98 168 7 104
111 126 49 504
116 231 13 256
117 231 19 256
125 274 19 1012
130 274 1 1012
140 231 25 256
142 168 13 104
153 168 25 104
153 203 31 900
156 231 31 256
157 168 37 104
163 36 1 703
169 274 7 1012
170 203 43 900
175 36 7 703
175 203 19 900
180 126 55 504
186 379 25 900
187 126 1 536
188 274 25 1012
189 36 13 703
193 379 37 900
194 126 13 536
197 36 19 703
215 203 49 900
216 274 31 1012
218 274 37 1012
225 126 31 536
226 379 1 402
231 231 37 256
232 203 55 900
240 126 19 536
241 36 25 703
251 203 13 142
252 126 7 536
257 231 43 256
269 274 43 1012
271 231 49 256
272 203 25 142
276 203 19 142
289 168 31 104
296 36 31 703
301 36 49 703
303 126 43 536
313 36 37 703
314 379 7 402
318 168 43 104
318 126 25 536
321 203 31 142
326 274 49 1012
327 36 43 703
327 126 37 536
328 36 55 703
328 274 1 907
331 168 49 104
338 231 55 256
347 231 1 507
347 379 25 402
350 126 49 536
367 231 7 507
371 36 1 359
377 203 43 142
377 379 13 402
385 203 37 142
388 126 55 536
392 203 49 142
394 168 55 104
394 126 19 404
397 379 19 402
414 168 7 1311
419 126 49 404
422 36 7 359
424 203 55 142
433 379 31 402
437 168 13 1311
440 168 1 1311
453 36 13 359
465 203 37 1234
471 126 25 404
473 126 31 404
474 126 37 404
476 203 55 267
477 36 19 359
481 126 55 404
498 203 43 1234
502 231 13 507
505 168 19 1311
506 36 25 359
506 274 7 907
519 168 25 1311
522 274 55 1012
537 126 43 404
540 36 31 359
542 379 43 402
544 168 33 1311
556 379 37 402
562 203 49 267
562 379 55 402
567 274 25 907
573 36 37 359
580 379 49 402
581 126 19 482
591 203 55 1234
603 168 37 1311
604 379 1 97
609 274 13 907
610 231 25 507
613 36 49 359
616 203 49 1234
630 126 25 482
632 168 43 1311
632 379 7 97
632 126 51 482
637 126 31 482
642 36 43 359
647 126 37 482
649 126 55 482
650 36 7 517
651 36 55 359
667 231 19 507
674 231 31 507
677 274 31 907
680 203 1 239
683 36 1 517
686 231 37 507
694 274 43 907
700 274 19 907
710 231 43 507
715 203 7 239
719 231 55 507
725 231 49 507
728 274 39 907
729 231 37 1106
731 274 49 907
732 203 13 239
743 168 49 1311
746 379 19 97
760 126 45 482
774 126 13 575
778 231 43 1106
778 168 55 1311
781 231 51 1106
783 274 55 907
784 126 19 575
802 274 1 1412
802 379 13 97
811 379 25 97
813 274 13 1412
818 231 55 1106
821 274 7 1412
824 203 37 239
824 274 43 1412
826 36 13 517
826 379 43 97
829 274 25 1412
831 379 31 97
834 203 19 239
842 203 25 239
851 168 1 718
852 379 49 97
853 203 31 239
854 126 31 575
862 379 37 97
863 126 25 575
868 274 19 1412
869 203 43 239
869 126 49 575
871 168 13 718
879 126 37 575
888 231 3 932
901 126 43 575
903 126 55 575
905 126 1 805
909 168 7 718
914 379 55 97
915 379 1 1332
917 203 49 239
923 126 7 805
931 231 7 932
936 231 19 932
937 36 19 517
939 231 25 932
949 126 19 805
952 126 13 805
958 274 37 1412
964 274 31 1412
971 36 25 517
975 379 7 1332
983 36 49 517
999 36 31 517
1 120 22 641
5 94 10 1186
8 270 22 1063
9 345 4 427
9 94 7 1186
11 265 45 1463
12 345 13 427
19 270 3 1063
20 94 19 1186
22 120 13 912
25 389 1 360
30 270 16 1063
31 270 7 1063
32 143 4 388
35 238 13 1259
46 265 49 1463
49 94 1 1186
51 143 13 388
54 120 1 912
55 120 7 912
59 143 1 388
64 345 19 427
72 143 16 388
83 94 4 1186
87 270 10 1063
91 94 16 1186
93 270 19 1063
93 345 1 427
105 265 52 1463
106 94 13 1186
108 389 9 360
112 94 25 1186
116 345 7 427
119 94 22 1186
131 120 19 912
142 143 7 388
145 265 55 1463
145 345 16 427
146 389 4 360
161 345 10 427
162 265 58 1463
164 265 7 576
168 270 13 1063
168 345 22 427
172 270 25 1063
174 345 25 427
177 94 28 1186
185 94 31 1186
186 238 1 1259
188 265 10 576
190 270 28 1063
190 120 4 912
194 120 22 912
200 389 16 360
204 120 10 912
207 345 28 427
213 94 34 1186
220 94 40 1186
227 265 13 576
228 238 16 1259
237 120 16 912
240 265 25 576
241 389 13 360
247 143 10 388
253 143 19 388
258 345 31 427
265 270 31 1063
267 265 16 576
271 120 28 912
281 238 4 1259
283 389 22 360
288 238 7 1259
290 94 37 1186
296 389 25 360
303 238 10 1259
303 143 31 388
305 94 43 1186
312 265 31 576
316 389 19 360
319 238 19 1259
319 94 46 1186
321 238 25 1259
325 120 25 912
328 120 31 912
335 143 22 388
336 265 19 576
337 389 28 360
340 345 46 427
342 389 31 360
346 389 34 360
346 265 22 576
347 94 49 1186
353 120 34 912
357 389 37 360
357 94 52 1186
363 389 40 360
373 94 55 1186
379 238 22 1259
382 389 43 360
384 389 46 360
385 265 28 576
394 120 37 912
400 345 37 427
402 238 28 1259
411 265 34 576
412 120 40 912
418 120 43 912
419 345 55 427
427 265 37 576
431 389 49 360
431 94 58 1186
433 143 25 388
436 238 31 1259
438 345 34 427
442 345 43 427
449 238 34 1259
456 143 28 388
457 265 40 576
465 270 34 1063
469 345 49 427
474 270 43 1063
476 389 1 899
476 238 37 1259
484 265 43 576
485 94 25 277
499 143 34 388
501 270 46 1063
503 238 43 1259
504 94 28 277
509 270 37 1063
510 270 52 1063
523 345 40 427
526 389 55 360
529 270 40 1063
531 143 37 388
534 345 52 427
537 94 31 277
539 94 34 277
540 238 46 1259
542 270 55 1063
544 94 37 277
562 143 40 388
568 94 43 277
569 265 46 576
572 238 40 1259
572 94 46 277
579 238 49 1259
579 345 58 427
581 120 46 912
588 270 49 1063
597 270 58 1063
603 120 49 912
608 120 52 912
609 94 49 277
614 238 52 1259
626 265 49 576
644 120 55 912
649 270 1 1472
649 120 4 600
656 345 1 1273
663 389 52 360
663 120 58 912
675 389 4 899
676 238 55 1259
685 389 58 360
688 345 7 1273
690 238 58 1259
692 94 40 277
700 270 4 1472
700 120 55 481
704 270 7 1472
706 120 43 481
708 143 43 388
709 265 55 576
709 345 10 1273
710 265 58 576
715 345 4 1273
732 389 22 899
735 270 10 1472
737 270 13 1472
757 265 52 576
759 265 1 190
785 120 46 481
785 94 52 277
793 120 58 481
796 265 4 190
807 389 7 899
807 345 13 1273
808 389 10 899
810 238 7 987
814 120 1 600
815 120 7 600
816 143 49 388
819 265 7 190
821 265 13 190
822 270 16 1472
826 389 19 899
841 143 46 388
843 120 10 600
848 94 55 277
853 270 19 1472
854 238 1 987
858 94 58 277
865 238 4 987
869 270 22 1472
870 389 13 899
871 120 19 600
878 389 16 899
878 270 25 1472
888 143 55 388
893 143 37 223
896 238 10 987
901 389 25 899
901 345 16 1273
905 270 28 1472
906 143 52 388
909 389 28 899
909 120 13 600
910 265 16 190
914 270 31 1472
916 270 34 1472
926 238 13 987
929 94 1 384
932 265 10 190
935 238 16 987
945 270 37 1472
952 345 19 1273
954 265 19 190
958 389 31 899
958 238 25 987
963 238 28 987
969 265 22 190
972 143 58 388
974 389 34 899
987 265 28 190
999 120 16 600
1000 270 40 1472
5 210 17 89
5 54 23 310
13 54 11 310
15 355 5 1012
25 355 11 1012
35 355 17 1012
37 69 5 26
39 355 23 1012
48 355 29 1012
54 210 11 89
66 54 5 310
74 54 17 310
83 54 29 310
108 69 17 26
111 355 35 1012
114 54 35 310
116 210 5 89
117 355 41 1012
132 233 1 640
133 210 23 89
149 355 47 1012
149 233 3 640
153 355 53 1012
153 69 11 26
164 355 59 1012
168 210 29 89
169 210 35 89
173 355 49 285
178 355 51 285
183 210 41 89
186 69 23 26
191 233 5 640
194 54 41 310
213 355 53 285
220 54 47 310
247 54 53 310
253 69 29 26
253 54 59 310
254 210 47 89
257 69 35 26
277 210 53 89
281 54 55 602
286 69 41 26
304 54 57 602
305 355 55 285
314 210 59 89
318 54 59 602
344 69 47 26
348 233 7 640
350 69 53 26
353 54 28 783
355 355 59 285
356 69 59 26
357 210 1 94
359 54 40 783
364 69 40 223
404 233 9 640
406 69 43 223
416 54 31 783
441 210 3 94
467 233 11 640
470 210 5 94
474 210 7 94
475 233 13 640
477 69 46 223
479 69 52 223
483 210 10 94
489 210 13 94
501 233 15 640
524 69 55 223
533 355 57 285
533 210 15 94
550 355 1 13
559 355 11 13
560 69 49 223
563 355 3 13
573 54 35 783
585 69 57 223
586 210 17 94
595 210 23 94
606 210 19 94
607 210 21 94
609 210 25 94
612 69 59 223
615 210 27 94
619 210 29 94
638 54 33 783
647 54 47 783
656 355 5 13
670 54 37 783
676 54 43 783
683 210 31 94
687 69 1 198
693 69 7 198
703 54 45 783
727 210 35 94
732 233 17 640
733 69 3 198
734 69 5 198
740 233 19 640
746 355 7 13
749 210 33 94
757 69 13 198
765 69 9 198
772 69 11 198
772 210 37 94
776 210 39 94
780 54 53 783
793 233 21 640
800 355 9 13
804 355 13 13
814 69 15 198
815 69 17 198
819 210 41 94
829 69 22 198
839 355 15 13
857 355 17 13
864 69 25 198
868 54 55 783
871 210 43 94
876 355 19 13
879 355 21 13
886 54 49 783
891 69 19 198
902 355 23 13
909 210 45 94
912 54 51 783
913 54 57 783
917 355 25 13
924 233 23 640
931 69 27 198
939 233 29 640
943 54 59 783
958 233 41 640
959 355 27 13
967 54 5 971
969 69 29 198
979 233 25 640
986 210 47 94
989 233 27 640
8 10 31 1164
18 10 37 1164
22 197 25 1305
39 186 31 13
52 10 43 1164
56 186 37 13
61 197 19 1305
65 10 49 1164
70 197 7 1305
82 197 37 1305
93 50 7 1391
97 10 55 1164
106 197 1 1305
125 10 13 480
127 186 43 13
128 50 1 1391
130 50 13 1391
135 197 13 1305
150 186 49 13
175 186 55 13
197 197 31 1305
208 10 1 480
219 197 43 1305
243 197 49 1305
249 10 7 480
250 50 25 1391
256 197 55 1305
275 197 7 658
279 10 19 480
280 186 37 1162
299 10 25 480
319 197 1 658
323 197 15 658
324 50 37 1391
339 186 43 1162
347 50 31 1391
356 10 37 480
356 186 49 1162
359 186 55 1162
365 197 19 658
381 186 1 586
392 10 43 480
392 186 7 586
399 10 49 480
402 197 31 658
421 186 13 586
425 197 25 658
451 186 19 586
456 186 31 586
467 197 43 658
475 10 55 480
483 186 25 586
484 186 37 586
491 10 33 480
502 10 1 655
508 50 19 1391
533 197 37 658
545 186 43 586
560 197 51 658
566 197 55 658
575 50 49 1391
585 186 49 586
610 10 7 655
610 50 43 1391
613 10 13 655
614 186 55 586
636 186 1 898
640 197 1 1154
640 10 19 655
642 50 55 1391
645 197 13 1154
651 50 1 57
652 50 7 57
681 50 13 57
683 50 19 57
719 197 7 1154
720 197 19 1154
723 50 25 57
724 186 7 898
728 186 13 898
747 50 31 57
769 50 37 57
782 197 25 1154
802 197 31 1154
822 50 43 57
828 197 43 1154
848 197 37 1154
855 186 19 898
856 186 25 898
873 10 25 655
873 50 31 190
881 197 55 1154
882 10 31 655
884 50 49 57
885 197 49 1154
899 186 31 898
913 197 1 1264
919 186 43 898
921 197 7 1264
925 10 43 655
934 50 55 57
938 50 37 190
949 197 25 1264
951 10 55 655
974 50 43 190
991 197 19 1264
998 10 37 655
998 50 49 190
31 11 1 118
33 163 1 562
33 11 7 118
42 11 13 118
45 163 4 562
45 11 16 118
51 196 16 1328
60 11 19 118
63 196 3 1328
63 163 16 562
78 163 7 562
83 11 10 118
109 196 7 1328
110 163 13 562
113 196 19 1328
114 196 10 1328
125 163 10 562
127 91 1 154
129 11 4 118
132 163 19 562
135 91 22 154
158 91 7 154
168 163 25 562
184 163 28 562
189 196 22 1328
219 91 13 154
232 196 27 1328
234 163 22 562
243 163 31 562
249 163 40 562
249 196 13 1328
254 196 37 1328
255 11 31 118
263 163 34 562
274 11 22 118
275 11 34 118
277 91 4 154
302 11 25 118
310 196 31 1328
312 196 34 1328
337 11 40 118
344 11 28 118
347 196 40 1328
353 163 37 562
367 11 37 118
379 11 43 118
381 163 43 562
393 196 43 1328
405 163 46 562
413 11 46 118
414 163 51 562
416 196 46 1328
431 11 52 118
434 91 16 154
437 91 10 154
441 11 55 118
454 163 55 562
463 196 49 1328
476 11 49 118
478 196 52 1328
485 91 31 154
490 196 55 1328
491 163 58 562
491 91 19 154
553 163 1 1251
556 196 58 1328
560 91 25 154
565 163 4 1251
586 91 28 154
601 91 34 154
603 11 58 118
615 163 7 1251
618 11 1 834
634 196 1 1335
669 196 4 1335
679 11 4 834
691 91 37 154
694 163 10 1251
696 11 13 834
696 91 40 154
699 11 7 834
706 196 10 1335
711 91 43 154
715 196 13 1335
719 91 1 98
721 11 10 834
740 163 13 1251
755 11 19 834
757 196 7 1335
760 91 49 154
761 163 16 1251
763 11 16 834
775 91 46 154
780 91 57 154
791 11 22 834
799 11 25 834
823 91 52 154
841 163 19 1251
841 196 16 1335
847 196 19 1335
848 91 58 1029
854 163 22 1251
855 163 25 1251
858 163 28 1251
859 91 55 1029
868 163 31 1251
875 196 22 1335
892 91 4 98
893 11 28 834
916 163 37 1251
935 196 25 1335
940 91 7 98
941 91 10 98
942 196 28 1335
952 196 31 1335
954 11 31 834
963 196 34 1335
966 91 13 98
969 196 37 1335
982 196 43 1335
986 196 40 1335
986 11 34 834
994 196 46 1335
998 163 34 1251
2 324 11 249
2 46 17 703
7 324 17 249
12 159 43 39
14 159 47 39
25 242 17 124
26 324 5 249
27 159 45 39
28 324 23 249
59 46 5 703
62 46 11 703
71 324 29 249
88 46 23 703
90 242 1 1063
91 159 49 39
96 46 29 703
98 159 51 39
115 159 53 39
136 324 35 249
136 242 11 124
145 46 35 703
147 159 55 39
152 46 41 703
161 159 57 39
164 46 47 703
191 242 23 124
203 159 59 39
205 159 57 495
207 324 41 249
209 159 41 293
218 242 5 124
222 46 53 703
233 159 47 293
246 242 29 124
250 159 53 293
264 159 59 293
292 242 35 124
297 159 5 642
300 242 41 124
304 159 11 642
311 242 47 124
334 242 53 124
337 46 59 703
339 324 47 249
341 159 23 642
342 324 53 249
362 242 59 124
370 159 19 642
371 159 17 642
406 159 21 642
437 46 5 327
450 324 59 249
460 159 25 642
463 159 27 642
465 159 29 642
470 324 11 933
471 159 31 642
482 159 33 642
483 46 1 327
483 159 35 642
502 46 7 327
511 46 3 327
512 46 9 327
523 46 11 327
524 159 37 642
537 46 13 327
539 159 39 642
544 46 15 327
584 159 41 642
586 324 5 933
588 324 17 933
596 46 17 327
599 324 23 933
599 159 43 642
606 159 45 642
612 242 1 905
636 159 49 642
641 324 29 933
667 324 35 933
672 242 3 905
683 324 41 933
684 324 47 933
684 242 5 905
697 242 7 905
724 242 11 905
735 159 47 642
738 324 53 933
747 159 51 642
768 46 19 327
777 242 9 905
778 46 21 327
785 324 55 933
806 46 23 327
817 159 53 642
821 242 16 905
830 324 57 933
832 46 25 327
832 242 19 905
838 159 55 642
846 324 59 933
846 242 13 905
849 159 57 642
857 324 1 773
880 324 3 773
882 324 5 773
882 159 59 642
884 159 7 773
898 242 23 905
899 242 21 905
915 159 9 773
943 159 11 773
946 324 13 773
948 324 15 773
954 324 17 773
954 242 25 905
975 242 27 905
975 159 19 773
978 242 29 905
991 159 23 773
9 329 13 1453
27 275 7 524
36 275 19 524
38 310 19 744
43 329 31 1453
65 158 55 94
68 275 1 524
70 158 49 94
75 18 9 1128
76 342 13 1329
78 329 3 1453
79 275 25 524
83 275 13 524
85 18 3 1128
87 342 19 1329
89 310 31 744
90 275 31 524
92 310 37 744
92 158 49 838
105 158 55 838
106 342 25 1329
107 329 19 1453
110 329 25 1453
123 275 37 524
123 158 43 990
132 329 7 1453
137 310 43 744
138 158 49 990
141 18 13 1128
144 158 7 1329
146 342 31 1329
150 18 19 1128
152 18 25 1128
155 275 43 524
171 310 49 744
173 329 43 1453
173 18 31 1128
173 310 55 744
177 158 1 1329
182 329 37 1453
182 18 43 1128
199 310 1 1307
199 158 37 1329
206 342 43 1329
207 18 37 1128
212 18 49 1128
213 18 55 1128
213 275 7 878
219 275 49 524
222 342 49 1329
230 310 13 1307
237 275 31 878
238 18 49 567
243 18 55 567
248 342 55 1329
251 329 49 1453
263 329 55 1453
269 275 55 524
279 310 9 1307
285 158 25 1396
287 342 1 1454
287 158 31 1396
298 275 25 878
311 18 1 1173
317 329 1 302
319 310 25 1307
320 18 7 1173
321 310 37 1307
331 275 19 878
336 158 43 1396
337 275 13 878
346 275 37 878
355 310 19 1307
369 275 49 878
376 275 43 878
377 342 7 1454
405 342 13 1454
411 329 7 302
418 342 19 1454
420 158 37 1396
422 275 55 878
426 310 43 1307
428 310 49 1307
431 342 31 1454
439 275 37 259
446 158 49 1396
452 158 55 1396
466 158 1 400
475 158 7 400
476 158 13 400
485 329 13 302
487 329 25 302
492 342 39 1454
494 158 19 400
497 158 25 400
502 275 49 259
502 342 25 1454
503 342 49 1454
505 18 13 1173
511 329 19 302
516 310 31 1307
526 342 43 1454
529 18 21 1173
533 275 43 259
534 18 25 1173
535 275 55 259
537 158 37 400
543 342 55 1454
546 342 1 276
555 329 37 302
556 329 31 302
559 310 55 1307
560 158 31 400
569 310 1 105
569 342 7 276
573 342 13 276
574 310 7 105
576 275 1 923
585 310 13 105
595 310 25 105
597 158 43 400
602 329 49 302
603 342 19 276
604 158 55 400
606 18 37 1173
623 310 19 105
640 329 43 302
641 275 7 923
650 275 13 923
651 275 19 923
651 342 25 276
652 18 31 1173
652 342 37 276
667 342 31 276
668 310 31 105
670 310 39 105
673 158 7 936
676 18 45 1173
676 342 49 276
679 310 7 463
688 342 43 276
692 342 55 276
695 329 55 302
697 275 25 923
699 158 49 400
704 18 49 1173
705 158 19 936
707 342 1 856
709 342 13 856
710 18 1 288
724 310 43 105
729 342 7 856
735 342 19 856
752 310 49 105
756 342 37 856
757 275 37 923
760 158 13 936
771 329 7 1215
786 329 1 1215
788 342 31 856
790 342 25 856
797 310 55 105
808 18 55 1173
810 275 43 923
810 310 13 463
819 275 31 923
823 18 7 288
833 329 13 1215
836 329 19 1215
846 329 25 1215
847 275 49 923
852 329 31 1215
852 342 55 856
853 310 1 463
855 310 31 463
863 342 1 1219
865 18 43 288
868 310 25 463
872 329 37 1215
873 342 7 1219
876 275 55 923
881 158 25 936
909 342 49 856
916 18 13 288
922 342 43 856
928 275 1 998
938 342 13 1219
940 158 31 936
955 18 19 288
956 275 9 998
961 158 37 936
968 158 43 936
977 18 25 288
983 329 55 1215
986 329 43 1215
987 158 49 936
988 310 19 463
996 18 37 288
999 18 49 288
6 205 40 1251
19 387 7 713
24 387 16 713
24 205 43 1251
26 82 7 862
36 387 1 713
37 387 25 713
54 387 13 713
81 387 10 713
82 82 1 862
85 387 19 713
93 103 4 316
101 103 7 316
104 361 16 1216
107 205 46 1251
109 361 1 1216
110 82 4 862
120 82 10 862
125 361 25 1216
136 205 49 1251
137 361 13 1216
145 361 4 1216
147 387 4 713
148 82 13 862
152 205 52 1251
154 103 1 316
156 205 55 1251
157 103 13 316
167 387 22 713
168 361 7 1216
189 361 10 1216
190 387 31 713
193 205 58 1251
196 387 34 713
197 205 1 580
205 361 28 1216
212 361 19 1216
226 103 16 316
239 103 10 316
241 205 4 580
244 82 16 862
251 82 19 862
255 103 19 316
257 205 7 580
278 103 25 316
284 387 40 713
285 103 22 316
293 82 22 862
307 205 13 580
309 361 22 1216
313 361 31 1216
313 82 27 862
314 82 31 862
330 103 28 316
333 387 28 713
333 103 31 316
340 205 10 580
344 82 43 862
352 387 37 713
355 361 34 1216
361 387 43 713
371 387 46 713
375 387 55 713
382 103 37 316
382 82 40 862
393 387 49 713
393 82 34 862
413 387 58 713
416 361 37 1216
418 387 52 713
424 205 16 580
430 205 37 580
432 205 21 580
452 205 25 580
456 103 40 316
456 82 37 862
462 361 40 1216
467 361 49 1216
468 387 52 1215
470 387 49 1215
476 205 28 580
477 82 55 862
487 103 34 316
496 361 43 1216
502 387 9 52
503 103 46 316
514 205 31 580
518 387 1 52
521 205 34 580
523 387 4 52
528 387 13 52
529 387 16 52
530 82 58 862
531 205 40 580
535 103 43 316
536 361 55 1216
547 205 43 580
550 103 49 316
550 205 46 580
554 82 46 862
561 103 52 316
564 103 55 316
573 387 19 52
574 387 22 52
575 82 16 98
578 387 27 52
579 205 52 580
586 361 46 1216
590 103 58 316
605 103 9 547
610 387 31 52
618 82 49 862
642 387 34 52
643 361 52 1216
645 103 19 547
655 103 13 547
659 387 37 52
668 387 40 52
685 103 22 547
687 205 49 580
717 387 49 52
717 82 52 862
724 361 1 1204
725 205 55 580
736 387 43 52
751 82 19 98
752 103 16 547
755 103 25 547
770 387 46 52
772 361 58 1216
777 205 58 580
783 82 22 98
785 82 25 98
788 82 37 98
795 205 1 628
796 82 31 98
801 103 31 547
814 205 55 936
815 361 4 1204
816 82 28 98
820 205 4 628
827 82 43 98
840 387 55 52
847 205 58 936
849 103 28 547
854 103 37 547
856 361 7 1204
862 82 34 98
864 103 34 547
866 361 10 1204
867 103 40 547
872 82 46 98
875 205 55 239
883 361 16 1204
885 387 58 52
886 205 58 239
887 103 43 547
899 361 13 1204
904 82 40 98
905 361 19 1204
916 387 52 52
919 103 49 547
919 361 25 1204
923 103 46 547
931 103 1 251
932 361 31 1204
948 387 7 469
953 82 49 98
959 387 10 469
974 361 22 1204
984 205 7 628
985 387 1 469
998 361 28 1204
1 16 53 267
4 267 5 426
6 16 59 267
7 330 22 1407
11 16 11 391
12 90 16 492
16 330 25 1407
21 330 27 1407
33 90 10 492
37 16 1 391
38 340 1 519
39 90 13 492
46 16 5 391
57 330 29 1407
66 16 13 391
71 133 17 1154
71 90 19 492
73 90 3 492
80 340 7 519
84 133 5 1154
86 340 5 519
86 90 1 492
99 90 23 492
101 330 31 1407
102 340 3 519
111 340 15 519
119 16 19 391
122 16 7 391
124 330 33 1407
128 90 21 492
128 267 11 426
132 16 15 391
134 133 11 1154
137 90 5 492
154 330 35 1407
156 330 37 1407
161 133 23 1154
175 16 3 391
182 16 17 391
185 16 21 391
187 16 9 391
188 133 29 1154
190 133 35 1154
195 267 23 426
197 267 17 426
205 16 23 391
205 90 25 492
208 340 9 519
212 90 7 492
224 330 39 1407
225 267 29 426
228 340 11 519
233 90 28 492
236 267 35 426
240 133 41 1154
246 16 25 391
247 330 41 1407
252 340 13 519
254 133 53 1154
262 330 43 1407
274 267 41 426
278 133 47 1154
298 267 47 426
308 330 45 1407
327 340 17 519
333 267 49 426
334 133 59 1154
339 90 31 492
340 16 27 391
342 90 34 492
360 16 29 391
368 90 37 492
369 133 5 1468
371 16 35 391
374 267 59 426
375 330 47 1407
375 90 39 492
383 16 31 391
389 16 37 391
399 16 40 391
403 90 41 492
406 340 19 519
415 340 21 519
425 133 11 1468
426 133 17 1468
436 340 23 519
442 16 46 391
445 340 25 519
445 90 43 492
455 267 23 744
461 16 33 391
464 133 23 1468
464 90 47 492
470 16 43 391
479 90 55 492
483 330 49 1407
488 330 53 1407
489 16 49 391
495 330 51 1407
497 267 29 744
499 90 45 492
499 133 29 1468
501 267 35 744
505 133 35 1468
506 340 29 519
515 267 41 744
527 133 37 1468
527 340 27 519
545 16 59 391
553 330 55 1407
561 330 57 1407
563 330 59 1407
564 16 5 698
567 267 53 744
575 90 53 492
582 16 51 391
588 340 31 519
591 267 47 744
593 133 39 1468
599 330 17 299
604 340 33 519
607 330 23 299
608 133 41 1468
616 267 59 744
620 340 35 519
623 340 37 519
624 133 43 1468
629 267 5 402
635 90 49 492
639 16 53 391
654 90 51 492
656 330 29 299
662 133 45 1468
662 16 55 391
664 340 39 519
672 330 35 299
673 133 47 1468
677 133 49 1468
687 330 41 299
694 340 41 519
699 267 11 402
701 330 47 299
711 330 53 299
713 330 59 299
724 16 13 698
725 90 58 492
726 133 51 1468
726 267 17 402
741 330 1 297
749 330 3 297
751 133 53 1468
759 133 55 1468
763 90 1 833
770 340 43 519
784 330 5 297
792 90 3 833
799 16 7 698
800 133 57 1468
800 90 5 833
802 267 23 402
805 133 59 1468
806 133 1 693
809 267 29 402
833 90 7 833
833 330 9 297
837 16 57 391
851 267 35 402
852 330 7 297
853 90 9 833
855 267 41 402
855 90 11 833
857 340 45 519
869 330 11 297
881 340 47 519
883 330 19 297
883 340 49 519
886 90 13 833
893 16 1 698
906 16 3 698
913 330 13 297
925 267 53 402
929 267 59 402
936 16 9 698
938 90 17 833
939 90 19 833
942 330 15 297
943 340 51 519
949 330 17 297
958 90 15 833
963 16 11 698
966 267 47 402
970 133 3 693
974 340 53 519
975 16 15 698
987 267 5 1034
991 90 25 833
995 340 55 519
999 267 11 1034
3 322 57 519
5 352 55 337
5 211 19 227
8 104 37 465
13 211 13 227
14 211 25 227
15 201 7 91
26 397 25 1100
26 337 31 186
29 352 13 1414
32 39 7 69
33 201 13 91
35 337 25 186
36 322 25 1434
40 206 19 1479
42 39 19 69
43 337 37 186
45 104 43 465
45 206 25 1479
50 221 31 198
52 211 37 227
61 397 31 1100
62 322 7 1434
62 206 13 1479
63 104 49 465
66 211 43 227
67 397 37 1100
68 322 13 1434
74 221 37 198
86 211 31 227
87 221 43 198
98 39 25 69
104 352 19 1414
107 201 31 91
120 201 1 91
120 206 31 1479
121 39 1 69
123 352 1 1414
124 322 37 1434
124 211 7 227
126 104 55 465
134 352 7 1414
135 337 43 186
136 201 19 91
139 201 25 91
141 337 49 186
146 211 49 227
148 39 31 69
148 206 7 1479
150 352 31 1414
150 211 1 227
153 221 49 198
155 221 55 198
158 39 13 69
158 206 37 1479
159 322 1 1434
159 337 55 186
160 352 25 1414
160 322 19 1434
162 337 1 78
164 104 25 1273
164 337 13 78
167 337 7 78
179 39 37 69
180 26 1 1230
181 221 7 583
184 221 1 583
189 206 1 1479
194 201 37 91
196 211 55 227
202 39 43 69
204 397 43 1100
204 206 49 1479
207 397 49 1100
214 337 25 78
218 26 55 547
224 206 43 1479
226 337 21 78
228 104 31 1273
230 104 37 1273
239 397 55 1100
243 352 37 1414
245 352 43 1414
247 39 49 69
250 201 43 91
250 397 1 674
251 104 43 1273
259 397 7 674
259 206 55 1479
260 221 25 583
262 221 13 583
263 397 13 674
268 322 43 1434
270 206 13 1332
270 337 31 78
272 397 37 674
276 397 31 674
277 352 49 1414
290 201 49 91
290 211 13 711
290 221 21 583
291 221 31 583
293 397 25 674
294 352 55 1414
295 39 55 69
296 221 39 583
297 206 19 1332
300 39 7 793
300 201 55 91
301 206 27 1332
306 352 1 1493
306 397 19 674
307 26 7 1230
308 397 49 674
310 26 13 1230
314 104 49 1273
316 397 43 674
322 322 31 1434
323 201 25 773
325 39 1 793
325 211 19 711
326 352 7 1493
327 206 31 1332
329 26 19 1230
338 39 13 793
341 26 25 1230
343 104 55 1273
346 221 43 583
348 26 31 1230
349 206 37 1332
350 201 31 773
357 322 55 1434
361 39 49 793
362 352 19 1493
366 26 37 1230
371 211 49 711
373 211 25 711
377 26 49 1230
378 26 43 1230
384 352 13 1493
387 39 19 793
390 211 31 711
395 352 31 1493
398 206 43 1332
401 26 55 1230
402 206 49 1332
407 206 55 1332
409 201 49 773
409 104 55 78
411 322 49 1434
417 221 55 583
424 206 7 1402
426 104 37 78
426 221 49 583
436 39 27 793
438 39 55 793
439 26 1 40
446 352 25 1493
446 26 7 40
449 211 37 711
452 397 1 993
455 397 55 674
456 201 43 773
456 104 49 78
457 206 1 1402
459 104 43 78
461 221 1 7
466 211 43 711
469 206 13 1402
471 337 33 905
473 26 19 40
474 221 9 7
475 397 15 993
479 201 37 773
483 39 31 793
490 337 37 905
491 211 1 1499
495 201 55 773
495 337 1 565
496 352 49 1493
497 206 19 1402
505 322 37 517
510 397 7 993
512 397 19 993
512 337 43 905
514 26 13 40
519 201 37 1493
521 39 37 793
523 206 25 1402
528 322 55 517
528 39 1 1174
534 201 43 1493
547 397 25 993
547 337 49 905
550 337 55 905
552 206 31 1402
552 26 43 40
554 39 7 1174
557 221 13 7
562 352 1 461
563 352 55 1493
563 26 31 40
565 39 13 1174
570 201 13 628
571 26 49 40
574 206 37 1402
576 201 19 628
581 211 55 711
584 397 31 993
586 322 13 1072
587 26 25 40
588 352 7 461
589 322 19 1072
595 322 43 517
597 26 37 40
599 397 45 993
601 211 7 1499
602 397 37 993
604 104 7 1112
604 206 45 1402
605 352 13 461
615 397 49 993
620 39 43 793
626 322 25 1072
628 206 13 815
628 221 19 7
630 26 55 40
634 337 25 565
635 104 13 1112
636 201 31 628
638 337 7 565
642 211 13 1499
642 221 25 7
643 104 1 1112
649 39 19 1174
653 211 19 1499
657 352 19 461
661 104 19 1112
662 397 57 993
671 39 25 1174
674 26 43 1207
676 206 1 815
681 397 1 115
687 221 31 7
689 26 49 1207
693 201 25 628
699 39 31 1174
702 397 19 115
704 26 55 1207
714 206 49 1402
716 352 31 461
721 337 13 565
722 352 25 461
729 337 31 565
731 352 43 461
735 352 37 461
736 322 31 1072
741 201 37 628
743 397 25 115
746 397 31 115
748 26 1 34
751 206 55 1402
753 211 25 1499
754 206 7 815
755 221 37 7
766 337 37 565
767 221 43 7
771 39 43 1174
771 337 19 565
772 39 39 1174
773 201 55 628
775 26 7 34
777 206 37 815
778 26 13 34
779 211 31 1499
784 352 49 461
788 337 43 565
791 221 49 7
792 397 37 115
794 322 37 1072
802 39 49 1174
807 104 25 1112
812 221 55 7
814 322 43 1072
819 206 19 815
831 211 43 1499
834 322 49 1072
835 39 1 835
835 221 7 59
836 352 1 989
836 39 7 835
836 211 49 1499
839 352 55 461
842 211 37 1499
843 201 43 628
844 397 43 115
845 104 31 1112
848 211 1 130
858 352 7 989
860 39 55 1174
863 352 13 989
865 26 49 34
870 39 19 835
870 337 55 565
875 322 7 494
876 221 1 59
878 39 31 835
878 337 1 343
888 352 27 989
888 201 49 628
888 221 13 59
889 104 37 1112
891 397 49 115
891 211 55 1499
895 352 19 989
900 206 25 815
901 337 49 565
903 221 19 59
905 352 31 989
905 39 13 835
912 221 33 59
917 322 13 494
920 211 7 130
921 322 55 1072
921 337 13 343
922 104 49 1112
923 201 37 774
923 26 19 34
925 104 55 1112
927 221 25 59
932 206 43 815
934 39 37 835
937 26 25 34
938 104 43 1112
940 39 25 835
941 337 19 343
950 206 31 815
951 322 19 494
952 104 7 1209
961 211 13 130
965 206 49 815
968 352 37 989
970 397 7 648
978 397 1 648
980 352 43 989
983 352 1 1256
987 322 55 1214
988 211 37 130
993 39 49 835
994 26 31 34
995 206 57 815
995 26 37 34
996 221 1 93
997 322 25 494
997 39 43 835
997 221 39 59
2 354 7 344
2 262 13 606
12 266 39 615
18 266 43 615
21 388 7 423
21 174 10 485
22 130 43 1
28 354 10 344
30 130 46 1
34 174 19 485
36 336 16 1425
36 20 31 1067
37 20 16 1067
42 388 16 423
42 262 7 606
43 354 13 344
46 234 52 33
47 262 10 606
55 99 10 974
55 336 13 1425
59 266 46 615
59 20 7 1067
64 262 4 606
64 174 22 485
64 336 25 1425
67 99 7 974
68 20 10 1067
70 130 55 1
70 99 1 974
74 99 4 974
99 15 13 593
101 234 10 916
102 354 16 344
106 234 16 916
108 336 19 1425
109 266 49 615
109 15 16 593
110 354 1 344
114 354 4 344
114 234 1 916
115 15 19 593
119 130 49 1
122 174 1 485
122 15 22 593
129 99 13 974
130 262 19 606
131 20 1 1067
132 262 22 606
135 354 25 344
137 20 19 1067
139 354 19 344
139 234 4 916
141 15 25 593
143 262 1 606
143 336 4 1425
145 354 22 344
145 99 19 974
156 130 52 1
160 15 37 593
161 262 16 606
171 354 34 344
171 266 55 615
173 15 28 593
177 336 9 1425
179 262 25 606
183 262 28 606
184 266 52 615
187 266 58 615
189 388 19 423
190 20 13 1067
211 354 31 344
214 130 58 1
218 20 25 1067
222 99 16 974
222 15 31 593
223 234 7 916
225 266 40 167
228 336 1 1425
229 336 31 1425
230 388 1 423
231 388 4 423
239 174 4 485
245 388 10 423
246 130 7 298
247 15 34 593
256 388 13 423
256 174 7 485
257 234 13 916
261 336 37 1425
263 234 19 916
265 388 22 423
273 262 37 606
274 20 4 1067
275 15 40 593
286 174 43 485
288 99 22 974
288 262 31 606
291 20 28 1067
293 262 40 606
294 234 25 916
297 262 43 606
304 99 25 974
305 15 46 593
308 130 1 298
310 262 34 606
318 15 49 593
318 20 34 1067
320 130 4 298
320 174 13 485
329 354 28 344
341 130 10 298
341 15 43 593
344 234 55 916
345 354 37 344
349 130 19 298
366 234 31 916
367 388 25 423
385 262 46 606
387 15 55 593
390 130 13 298
390 266 43 167
393 336 22 1425
396 262 49 606
397 266 46 167
398 234 34 916
404 234 28 916
405 130 25 298
407 15 52 593
409 174 16 485
412 336 28 1425
414 262 55 606
415 15 58 593
415 336 34 1425
416 234 22 916
419 130 22 298
430 20 40 1067
431 20 22 1067
436 354 40 344
439 266 49 167
440 388 28 423
441 388 31 423
447 266 52 167
447 336 40 1425
453 130 31 298
455 266 34 1234
467 388 52 423
472 99 28 974
480 354 43 344
482 234 43 916
484 266 55 167
486 266 58 167
489 130 16 298
501 99 31 974
507 99 34 974
508 130 28 298
509 234 40 916
509 15 1 654
510 262 58 606
511 130 37 298
513 99 37 974
514 336 43 1425
517 99 40 974
519 15 4 654
524 20 43 1067
525 354 49 344
529 266 1 1262
534 15 10 654
540 99 43 974
541 130 40 298
541 336 49 1425
543 336 46 1425
549 262 52 606
551 354 46 344
551 174 25 485
552 388 37 423
556 262 7 654
556 174 46 485
568 354 52 344
569 388 34 423
570 262 19 654
574 388 45 423
579 130 34 298
579 99 46 974
580 262 13 654
581 234 37 916
584 99 49 974
585 234 40 463
592 20 37 1067
597 354 55 344
601 130 43 298
605 15 22 654
617 262 16 654
618 266 52 655
623 99 52 974
627 99 58 974
632 20 55 1067
633 336 52 1425
636 20 51 1067
637 130 46 298
638 130 49 298
639 262 25 654
643 234 46 916
643 336 55 1425
648 15 28 654
654 388 40 423
659 15 31 654
664 262 34 654
675 99 55 974
675 262 37 654
675 234 43 463
678 354 58 344
682 266 49 655
691 130 52 298
692 354 1 821
694 174 28 485
697 130 55 298
698 130 58 298
698 266 4 1262
699 262 40 654
701 234 58 916
702 99 7 1111
704 266 10 1262
705 354 4 821
707 99 13 1111
709 266 19 1262
717 15 55 654
717 20 58 1067
720 266 7 1262
721 262 49 654
722 336 58 1425
724 130 4 858
726 266 13 1262
735 130 7 858
738 130 1 858
758 99 1 1111
759 130 10 858
761 354 7 821
762 174 31 485
763 130 13 858
764 234 49 916
766 266 16 1262
766 336 1 809
769 99 4 1111
773 354 10 821
775 99 16 1111
782 234 52 916
788 20 55 98
795 130 16 858
795 262 45 654
796 234 58 233
800 234 46 463
804 336 4 809
805 15 52 654
809 336 7 809
811 266 37 1262
813 234 37 463
822 354 13 821
825 354 16 821
825 130 19 858
825 262 58 654
833 266 22 1262
838 99 10 1111
840 130 22 858
840 336 10 809
847 234 55 463
849 266 25 1262
851 130 25 858
851 262 43 59
860 20 1 125
867 130 28 858
872 354 21 821
872 15 13 972
874 336 19 809
885 15 16 972
887 99 19 1111
889 388 49 423
889 266 28 1262
891 130 31 858
893 174 34 485
894 388 55 423
894 174 49 485
903 20 46 1067
904 354 25 821
906 99 22 1111
908 266 31 1262
911 354 28 821
921 99 25 1111
927 15 19 972
930 174 37 485
930 15 25 972
941 130 34 858
942 130 37 858
943 262 13 325
946 388 58 423
949 15 31 972
958 266 43 1262
959 99 37 1111
960 20 58 98
964 20 52 98
966 336 16 809
968 130 49 858
973 15 22 972
982 262 46 59
984 130 40 858
986 174 52 485
986 20 4 125
991 336 13 809
992 354 31 821
4 30 11 536
7 285 29 1034
55 285 17 1034
57 30 5 536
61 285 23 1034
64 4 59 719
73 14 5 227
75 14 17 227
76 4 47 875
84 285 35 1034
85 4 53 875
90 14 11 227
96 30 17 536
97 4 59 875
114 285 41 1034
115 4 5 137
116 30 23 536
118 285 47 1034
119 30 29 536
127 30 35 536
130 285 53 1034
154 14 23 227
158 30 41 536
171 14 29 227
172 14 35 227
176 14 41 227
180 14 47 227
214 285 5 1112
237 14 53 227
241 14 21 773
245 30 47 536
248 4 11 137
256 14 59 227
268 14 35 773
278 14 41 773
301 4 17 137
323 30 53 536
369 14 29 773
371 30 59 536
380 285 11 1112
398 4 23 137
399 285 59 1034
422 14 47 773
435 30 1 1320
436 285 17 1112
438 285 23 1112
459 4 29 137
493 4 35 137
494 14 53 773
496 14 59 773
499 30 3 1320
506 14 5 104
506 285 41 1112
514 14 11 104
518 14 17 104
519 4 41 137
530 4 43 137
532 14 23 104
532 285 29 1112
544 30 5 1320
558 14 29 104
565 14 35 104
568 285 35 1112
570 285 47 1112
579 285 1 1128
599 4 49 137
605 4 45 137
611 14 41 104
628 30 7 1320
644 30 11 1320
646 30 9 1320
651 285 53 1112
652 14 47 104
664 14 59 104
682 285 59 1112
695 4 47 137
700 4 52 137
710 285 7 1128
711 30 13 1320
713 14 53 104
714 285 17 1128
721 4 55 137
724 30 15 1320
732 4 1 1269
745 285 23 1128
745 30 17 1320
783 30 19 1320
787 285 35 1128
789 14 5 276
791 30 29 1320
801 4 57 137
810 4 59 137
816 285 41 1128
849 4 3 1269
855 30 35 1320
869 14 17 276
870 4 5 1269
874 285 29 1128
875 4 11 1269
890 285 47 1128
897 285 53 1128
898 4 7 1269
908 30 22 1320
933 4 9 1269
945 285 59 1128
950 14 11 276
960 30 25 1320
964 30 37 1320
976 14 23 276
990 4 13 1269
991 14 29 276
8 173 25 352
10 256 7 1293
20 288 25 669
21 93 13 1258
33 96 19 987
38 112 7 762
39 96 37 987
44 288 13 669
44 93 25 1258
49 173 7 352
51 96 31 987
58 112 13 762
94 96 43 987
96 256 13 1293
99 288 31 669
100 93 1 1258
104 173 31 352
111 93 19 1258
129 256 25 1293
133 173 1 352
133 93 7 1258
135 173 37 352
140 288 1 669
145 288 37 669
145 173 43 352
175 256 31 1293
180 288 7 669
182 173 19 352
191 288 43 669
192 256 1 1293
203 96 55 987
208 96 49 987
212 96 1 77
216 288 19 669
218 288 49 669
229 288 55 669
231 96 7 77
235 173 55 352
238 96 13 77
238 93 31 1258
242 256 19 1293
247 96 27 77
268 96 19 77
274 112 25 762
277 173 7 125
282 93 37 1258
283 288 1 1248
293 96 43 77
305 288 13 1248
310 288 7 1248
312 93 49 1258
316 93 55 1258
326 288 25 1248
329 288 31 1248
333 173 13 352
335 256 43 1293
342 96 49 77
343 96 31 77
352 93 1 411
360 93 43 1258
382 96 55 77
388 256 49 1293
390 288 37 1248
393 96 37 77
395 96 1 1015
405 288 49 1248
410 288 21 1248
410 96 7 1015
411 93 13 411
427 173 49 352
428 96 13 1015
438 288 7 251
445 112 1 762
447 288 43 1248
447 112 19 762
449 112 43 762
451 288 55 1248
452 93 7 411
464 173 13 125
469 256 55 1293
482 112 49 762
483 93 19 411
486 96 19 1015
487 256 37 1293
487 112 55 762
490 256 1 656
493 96 27 1015
496 288 13 251
503 93 25 411
504 112 31 762
509 288 19 251
517 93 31 411
520 112 1 1457
522 96 31 1015
526 173 19 125
530 256 7 656
531 112 13 1457
532 256 13 656
540 173 25 125
543 256 25 656
544 112 7 1457
560 96 37 1015
572 256 19 656
572 112 25 1457
574 96 49 1015
582 173 31 125
594 93 49 411
598 173 37 125
599 93 55 411
613 173 55 125
617 173 43 125
623 112 31 1457
624 93 37 411
632 96 13 228
640 96 7 228
643 112 37 762
645 93 43 411
658 173 49 125
660 112 37 1457
674 288 25 251
703 112 49 1457
707 93 25 717
715 112 19 1457
718 173 1 1473
720 256 31 656
721 256 57 656
724 96 19 228
724 112 31 1179
727 173 7 1473
739 93 1 717
744 112 43 1457
750 256 37 656
751 112 7 1179
751 93 13 717
754 112 55 1457
773 256 1 8
775 173 25 1473
782 93 31 717
788 93 7 717
789 96 43 1015
791 173 13 1473
793 256 43 656
803 112 1 1179
809 288 31 251
812 173 19 1473
819 112 13 1179
828 93 49 717
830 112 19 1179
836 93 43 717
843 173 31 1473
857 112 3 1420
861 173 37 1473
867 288 49 251
869 288 55 251
880 96 55 1015
880 112 25 1179
889 288 43 251
895 256 13 8
903 256 49 656
904 93 19 717
908 288 37 251
909 112 37 1179
911 96 1 228
912 256 7 8
913 256 19 8
922 256 25 8
924 112 43 1179
926 96 25 228
928 112 49 1179
937 96 31 228
941 112 13 1420
954 288 7 948
954 96 37 228
960 173 43 1473
964 93 39 717
970 256 31 8
971 93 55 717
978 256 37 8
979 96 49 228
979 112 7 1420
993 93 1 1362
69 287 1 771
70 290 34 821
87 290 37 821
90 290 40 821
91 287 25 771
97 287 4 771
103 287 7 771
142 287 19 771
169 290 43 821
192 287 10 771
220 287 13 771
228 290 46 821
258 287 22 771
261 287 16 771
290 290 55 821
299 290 49 821
311 290 52 821
330 287 31 771
331 287 28 771
340 290 58 821
346 287 49 771
352 290 13 1264
357 287 34 771
362 287 37 771
388 290 16 1264
402 287 40 771
411 287 43 771
415 290 31 1264
443 287 46 771
466 287 52 771
487 287 31 494
489 290 34 1264
500 287 55 771
512 290 37 1264
533 287 34 494
541 287 37 494
542 287 52 494
568 290 46 1264
601 290 40 1264
618 287 58 771
640 287 49 494
647 290 51 1264
673 287 55 494
691 287 40 494
701 290 43 1264
730 287 43 494
783 287 28 600
799 287 46 494
814 287 58 494
843 290 55 1264
846 287 22 600
847 290 1 723
851 287 31 600
862 290 58 1264
925 287 25 600
981 287 37 600
3 151 5 78
8 170 5 604
13 170 17 604
15 151 11 78
23 363 5 300
24 170 11 604
25 79 29 13
26 326 53 838
29 304 5 424
30 326 59 838
32 304 11 424
38 170 23 604
39 304 9 424
40 363 23 300
43 363 11 300
45 170 29 604
46 79 35 13
47 326 5 480
50 170 35 604
51 170 41 604
57 326 11 480
62 333 17 1076
63 170 47 604
75 32 23 97
77 32 11 97
84 232 11 517
84 363 17 300
85 32 17 97
86 79 41 13
91 333 5 1076
99 79 47 13
103 151 17 78
107 232 5 517
114 79 53 13
120 326 17 480
120 333 23 1076
126 326 23 480
132 232 17 517
132 151 29 78
140 170 53 604
142 79 59 13
144 32 29 97
146 151 19 78
149 326 29 480
151 363 29 300
156 151 35 78
158 304 1 424
165 304 3 424
165 151 41 78
168 151 47 78
172 151 53 78
176 32 5 97
177 232 23 517
184 333 11 1076
185 79 5 291
186 79 11 291
195 333 29 1076
198 79 17 291
201 170 59 604
202 326 31 480
204 363 35 300
211 151 59 78
215 326 41 480
215 232 29 517
217 151 1 747
220 170 5 803
224 326 47 480
225 151 3 747
230 170 11 803
241 232 35 517
242 79 23 291
243 232 41 517
260 32 35 97
270 151 5 747
285 32 41 97
286 170 17 803
287 232 47 517
288 79 29 291
288 304 13 424
294 333 41 1076
295 151 7 747
298 333 35 1076
299 151 9 747
304 79 35 291
305 326 53 480
311 170 23 803
323 333 47 1076
333 304 7 424
353 170 41 803
358 151 11 747
362 232 53 517
364 363 47 300
366 304 15 424
369 333 53 1076
375 304 17 424
381 170 29 803
381 79 47 291
383 32 47 97
383 170 35 803
384 232 59 517
386 363 41 300
390 170 53 803
392 363 53 300
395 32 53 97
401 32 59 97
403 151 13 747
407 170 47 803
411 326 59 480
413 232 5 1354
440 32 11 200
440 326 5 529
441 333 59 1076
444 32 1 200
447 32 17 200
447 363 59 300
448 326 1 529
450 79 41 291
451 32 23 200
452 304 19 424
458 79 53 291
458 151 15 747
460 232 7 1354
461 151 17 747
462 79 55 291
472 151 19 747
478 232 9 1354
478 333 22 242
479 79 5 34
485 232 11 1354
485 333 34 242
498 326 3 529
500 232 13 1354
502 232 17 1354
503 363 5 435
516 32 29 200
531 304 21 424
531 151 23 747
536 363 11 435
545 363 17 435
547 170 59 803
549 170 5 870
551 170 1 870
554 363 23 435
555 79 11 34
556 333 25 242
557 32 47 200
559 151 21 747
566 326 7 529
573 363 41 435
576 79 17 34
580 333 27 242
581 326 9 529
581 170 3 870
582 32 35 200
585 151 25 747
589 304 23 424
590 326 11 529
591 304 25 424
593 79 23 34
594 304 29 424
597 32 41 200
597 151 27 747
604 363 29 435
610 333 29 242
615 333 31 242
616 79 29 34
620 333 37 242
626 79 35 34
626 304 31 424
637 326 13 529
642 232 19 1354
648 326 15 529
648 363 35 435
656 304 27 424
659 326 23 529
660 170 7 870
660 304 35 424
662 333 39 242
668 79 43 34
670 326 17 529
670 232 15 1354
670 333 47 242
672 333 41 242
673 333 53 242
674 363 47 435
674 333 49 242
683 304 33 424
684 79 45 34
689 326 19 529
696 232 21 1354
698 79 47 34
700 232 23 1354
707 232 29 1354
710 32 5 431
711 326 21 529
711 151 29 747
712 32 53 200
714 170 9 870
715 326 25 529
722 333 51 242
726 363 53 435
729 304 41 424
734 170 13 870
740 151 31 747
742 32 59 200
749 232 25 1354
749 304 37 424
755 32 1 431
759 151 33 747
765 32 7 360
766 363 59 435
770 326 29 529
780 170 11 870
783 151 35 747
784 79 41 34
786 32 7 431
787 363 11 626
793 333 55 242
794 151 41 747
797 326 34 529
797 79 53 34
810 79 55 34
811 232 35 1354
813 170 17 870
814 326 27 529
814 79 4 112
817 32 3 431
820 304 39 424
827 363 5 626
832 363 23 626
834 333 43 242
839 326 31 529
840 170 15 870
841 326 37 529
841 170 22 870
842 333 45 242
849 151 37 747
850 363 29 626
853 151 39 747
854 333 57 242
862 232 31 1354
865 333 59 242
869 333 5 866
885 304 43 424
892 333 11 866
897 32 9 431
904 363 17 626
904 304 45 424
904 151 43 747
913 151 45 747
926 79 57 34
926 151 47 747
927 333 17 866
928 363 35 626
931 151 53 747
936 363 41 626
944 326 39 529
946 326 41 529
950 32 16 431
952 151 49 747
953 333 19 866
957 232 37 1354
958 151 55 747
968 326 47 529
976 32 11 431
977 170 19 870
978 170 25 870
990 79 59 34
997 326 49 529
1000 170 27 870
10 273 49 424
18 273 55 424
23 313 19 800
24 273 39 1320
25 374 49 463
27 195 13 93
31 273 31 1320
33 195 25 93
38 374 13 1474
45 374 19 1474
47 365 13 1205
47 313 25 800
49 365 19 1205
49 273 43 1320
65 273 1 334
69 313 7 800
75 374 25 1474
77 87 39 1354
79 273 49 1320
87 195 31 93
93 323 49 59
94 374 7 1474
97 313 13 800
98 365 31 1205
98 87 43 1354
109 323 55 59
122 195 37 93
122 87 49 1354
123 195 7 93
124 374 43 1474
126 313 37 800
129 273 55 1320
138 87 55 1354
139 273 7 334
140 273 31 334
141 273 19 334
143 195 49 93
149 323 7 594
151 87 1 21
155 313 1 800
158 323 25 594
159 374 31 1474
162 374 49 1474
164 87 19 21
167 365 1 1205
168 365 37 1205
174 313 31 800
180 273 15 334
190 195 19 93
194 374 1 1474
195 374 37 1474
197 365 7 1205
197 313 43 800
199 273 25 334
226 273 37 334
237 313 49 800
241 365 49 1205
244 313 55 800
253 195 43 93
263 313 43 640
279 273 43 334
284 313 49 640
285 323 1 594
285 365 43 1205
285 273 49 334
296 323 43 594
305 195 57 93
311 323 13 594
314 365 25 1205
325 273 55 334
327 365 55 1205
328 273 13 839
332 195 7 384
339 374 55 1474
343 313 37 640
345 87 7 21
353 313 55 640
360 195 25 384
364 87 13 21
380 87 25 21
384 365 49 989
385 87 31 21
387 374 1 325
394 313 31 640
396 313 1 1246
398 374 7 325
408 87 1 457
410 374 37 325
411 374 25 325
418 323 31 594
424 87 37 21
427 323 19 594
427 195 13 384
429 365 55 989
435 365 3 1224
440 313 7 1246
454 313 13 1246
464 87 49 21
478 313 31 1246
486 365 7 1224
487 323 49 594
494 87 43 21
497 195 31 384
498 273 7 839
500 313 25 1246
507 365 13 1224
510 273 1 839
517 323 1 882
518 313 19 1246
518 273 25 839
520 365 19 1224
530 365 25 1224
535 313 49 1246
535 273 19 839
540 374 19 325
548 323 37 594
550 273 31 839
552 273 49 839
554 87 55 21
558 87 7 457
559 195 37 384
569 195 19 384
570 365 31 1224
575 273 55 839
576 195 43 384
579 374 3 765
580 313 37 1246
583 313 43 1246
585 374 7 765
593 365 45 1224
597 273 1 910
600 365 37 1224
607 195 49 384
611 313 55 1246
612 313 3 814
613 313 7 814
625 374 43 325
641 323 55 594
643 87 13 457
647 87 25 457
648 323 7 882
652 273 13 910
655 374 31 325
656 313 13 814
663 374 13 765
665 365 55 1224
666 374 51 325
676 195 31 870
676 273 37 839
680 323 13 882
684 374 55 325
685 195 37 870
695 273 43 839
701 323 19 882
704 313 19 814
705 195 55 384
706 374 19 765
708 374 31 765
715 374 37 765
720 195 43 870
722 313 31 814
728 323 25 882
744 195 55 870
749 273 7 910
750 374 25 765
750 313 43 814
756 87 19 457
758 313 25 814
759 323 43 882
760 323 31 882
761 313 37 814
762 313 49 814
763 273 19 910
763 374 43 765
765 195 49 870
768 374 49 765
769 374 55 765
783 365 49 1224
784 374 1 924
797 365 49 1412
813 365 55 1412
813 313 43 972
815 323 37 882
820 273 31 910
823 323 55 882
841 87 31 457
846 87 37 457
853 323 49 882
853 87 43 457
861 313 55 814
871 323 25 1319
874 323 1 1319
879 323 13 1319
884 87 55 457
885 365 1 335
887 365 7 335
912 195 13 1048
912 365 19 335
914 87 1 509
918 365 25 335
925 374 7 924
927 195 1 1048
930 313 49 972
935 273 39 910
936 323 31 1319
944 273 25 910
965 273 43 910
986 273 55 910
994 365 13 335
999 313 37 972
1000 323 7 1319
1000 195 19 1048
2 338 25 805
3 338 28 805
7 43 31 833
11 212 16 182
17 338 31 805
19 338 34 805
27 212 25 182
33 182 31 431
40 43 27 833
49 378 13 120
50 59 7 871
52 28 7 255
54 212 7 182
60 59 22 871
61 184 55 115
65 28 10 255
68 338 37 805
78 59 10 871
81 212 13 182
88 182 13 431
91 212 28 182
94 182 19 431
100 212 22 182
102 59 13 871
105 212 1 182
117 184 58 115
120 338 40 805
120 59 25 871
121 28 15 255
128 212 31 182
128 28 25 255
129 182 22 431
152 28 19 255
155 338 49 805
173 59 3 871
174 338 43 805
183 182 25 431
187 43 21 833
195 59 19 871
196 184 1 147
201 338 46 805
207 59 16 871
209 28 1 255
214 212 10 182
218 28 28 255
219 378 19 120
223 212 4 182
234 59 31 871
236 43 37 833
245 338 52 805
246 184 10 147
250 184 7 147
254 28 22 255
267 338 55 805
270 212 19 182
273 378 1 120
275 182 37 431
277 43 40 833
278 378 4 120
281 212 37 182
289 182 28 431
295 43 34 833
295 59 28 871
297 184 13 147
308 378 7 120
309 182 34 431
315 212 34 182
319 182 40 431
321 28 4 255
324 212 43 182
332 182 43 431
334 212 46 182
341 28 31 255
350 28 37 255
354 182 46 431
357 43 43 833
358 43 49 833
358 212 40 182
363 378 10 120
369 212 55 182
372 184 4 147
374 59 34 871
378 338 58 805
385 59 43 871
388 43 40 490
389 28 40 255
390 182 49 431
395 212 49 182
402 43 55 833
414 59 37 871
415 184 16 147
416 43 43 490
417 338 1 1020
424 43 46 833
426 59 55 871
429 182 52 431
435 43 58 833
441 338 7 1020
441 184 25 147
442 378 25 120
443 43 52 833
443 338 4 1020
453 59 40 871
454 338 10 1020
459 28 34 255
465 212 1 522
467 378 16 120
472 43 46 490
473 59 46 871
488 184 19 147
493 212 52 182
494 28 49 255
495 184 22 147
499 378 40 120
503 338 13 1020
506 338 16 1020
515 59 49 871
522 59 52 871
523 338 19 1020
538 43 37 490
541 59 1 1471
546 184 31 147
550 182 3 844
566 184 28 147
573 338 22 1020
576 338 25 1020
582 59 58 871
590 184 34 147
596 43 58 490
605 28 55 255
608 338 37 1020
609 184 52 147
613 212 4 522
617 338 28 1020
619 59 4 1471
620 28 52 255
623 338 43 1020
626 59 7 1471
627 182 7 844
635 378 22 120
635 59 10 1471
636 59 13 1471
637 43 49 490
646 43 1 1052
646 28 4 829
652 182 55 431
653 338 46 1020
654 338 31 1020
654 182 58 431
667 182 10 844
667 28 43 255
681 212 7 522
692 378 28 120
694 28 58 255
696 182 16 844
708 338 40 1020
711 28 46 255
714 184 43 147
731 378 31 120
736 184 37 147
737 378 34 120
739 184 40 147
739 28 7 829
743 378 37 120
755 182 22 844
756 212 58 182
757 43 43 1124
759 182 13 844
759 378 57 120
760 182 19 844
767 59 16 1471
778 378 49 120
780 43 46 1124
781 212 16 325
784 28 13 829
786 212 13 522
787 212 16 522
794 59 25 1471
794 28 1 829
796 184 49 147
813 28 19 829
827 182 25 844
827 59 19 1471
829 378 43 120
836 28 16 829
837 378 46 120
839 212 10 522
853 28 22 829
854 378 52 120
855 59 28 1471
857 182 31 844
859 59 22 1471
866 59 31 1471
868 378 1 161
890 28 10 829
895 43 55 490
897 338 34 1020
900 212 19 522
901 378 4 161
904 184 55 147
905 378 7 161
907 184 46 147
911 338 49 1020
912 59 37 1471
914 182 34 844
918 212 22 522
918 184 31 353
919 59 34 1471
920 59 40 1471
922 43 55 1124
925 212 28 522
937 378 10 161
941 338 52 1020
941 182 28 844
953 184 58 147
964 378 13 161
965 212 25 522
969 212 31 522
969 378 16 161
972 378 19 161
978 184 34 353
979 378 22 161
980 184 28 353
983 28 25 829
987 184 37 353
988 43 52 490
989 28 37 829
991 28 31 829
999 184 25 353
1 167 17 787
3 102 11 178
18 146 11 511
22 102 23 178
23 146 17 511
32 393 59 337
34 350 5 507
39 146 29 511
40 393 5 674
42 167 23 787
44 167 5 787
45 146 23 511
46 350 11 507
61 396 5 900
63 350 23 507
68 102 17 178
68 396 23 900
69 393 17 674
72 396 29 900
73 393 11 674
75 350 29 507
80 350 17 507
83 102 35 178
88 350 35 507
90 396 17 900
92 167 29 787
104 295 5 1434
107 167 35 787
113 146 5 511
121 350 41 507
130 102 29 178
130 146 35 511
142 295 17 1434
144 295 23 1434
145 393 29 674
146 396 11 900
151 146 41 511
159 167 7 787
167 396 35 900
167 350 47 507
181 146 47 511
197 350 53 507
200 295 11 1434
202 393 23 674
205 146 53 511
209 102 47 178
224 146 59 511
227 167 41 787
229 102 1 178
229 295 35 1434
231 167 47 787
238 295 29 1434
245 393 35 674
248 167 53 787
256 393 41 674
263 167 59 787
269 167 5 302
271 350 59 507
274 167 11 302
278 393 53 674
279 102 41 178
279 295 47 1434
287 350 11 855
291 146 1 589
292 102 53 178
299 146 3 589
300 396 47 900
319 393 59 674
320 146 11 589
323 295 41 1434
323 146 5 589
324 396 41 900
325 295 53 1434
329 167 23 302
330 396 53 900
331 146 13 589
336 350 17 855
338 295 59 1434
338 146 7 589
339 146 15 589
343 146 9 589
346 350 29 855
349 102 59 178
358 295 5 677
360 102 1 1298
360 393 47 674
370 295 11 677
370 393 1 736
370 146 21 589
374 393 3 736
376 102 5 1298
376 295 17 677
377 393 5 736
388 393 7 736
389 396 59 900
391 295 23 677
395 393 9 736
396 350 23 855
398 350 41 855
412 295 25 677
416 102 3 1298
422 102 11 1298
423 102 7 1298
429 393 11 736
432 102 9 1298
433 393 13 736
439 146 17 589
444 396 5 1021
453 102 17 1298
456 167 17 302
457 393 15 736
458 102 13 1298
462 102 15 1298
490 146 19 589
493 146 23 589
495 393 17 736
495 396 11 1021
497 102 23 1298
499 295 47 677
503 396 17 1021
506 146 31 589
515 396 23 1021
517 146 35 589
520 393 23 736
522 102 19 1298
524 393 19 736
526 146 25 589
535 396 29 1021
535 350 35 855
551 167 29 302
558 396 35 1021
560 396 41 1021
562 146 27 589
563 167 35 302
568 295 41 677
571 167 41 302
577 167 47 302
584 102 21 1298
589 396 47 1021
598 393 21 736
599 295 53 677
606 102 25 1298
609 146 29 589
611 393 25 736
617 102 31 1298
620 102 27 1298
624 393 27 736
625 167 53 302
627 396 53 1021
637 102 29 1298
638 167 59 302
644 295 35 677
644 393 29 736
651 167 5 547
663 350 47 855
665 396 59 1021
665 350 53 855
668 102 35 1298
670 102 33 1298
672 396 5 656
678 350 49 1067
690 167 7 547
690 295 5 658
702 167 59 547
706 393 31 736
712 167 31 905
713 350 5 183
726 146 37 589
734 167 52 547
742 102 37 1298
745 167 41 905
749 393 35 736
761 102 41 1298
766 167 47 905
766 146 41 589
774 167 53 905
785 146 33 589
786 393 33 736
789 295 59 677
792 396 11 656
798 295 11 658
798 167 59 905
798 146 39 589
799 295 23 658
803 350 59 855
806 393 37 736
822 146 47 589
828 295 13 658
830 167 5 1258
831 396 17 656
832 146 43 589
837 350 11 183
838 350 17 183
852 295 29 658
852 146 53 589
853 167 11 1258
867 295 35 658
868 396 23 656
871 350 23 183
873 146 49 589
874 350 35 183
875 396 29 656
876 396 35 656
882 393 39 736
882 350 29 183
883 295 41 658
888 396 41 656
897 295 47 658
900 350 53 183
906 167 17 1258
909 146 55 589
912 167 29 1258
915 102 39 1298
923 102 43 1298
933 295 49 658
945 295 11 932
956 393 41 736
969 396 47 656
972 102 45 1298
985 396 53 656
5 368 37 844
20 384 31 612
21 384 19 612
30 384 25 612
31 12 43 448
33 12 49 448
36 368 43 844
40 368 49 844
43 368 55 844
46 368 55 1335
48 315 15 207
50 315 19 207
50 156 13 612
56 384 1 612
58 145 7 1138
61 368 49 1335
65 315 25 207
72 156 37 612
79 368 19 130
81 305 25 753
82 315 43 207
88 384 7 612
93 368 25 130
98 368 55 130
99 12 55 448
102 12 43 600
106 145 31 1138
109 305 31 753
113 305 15 753
118 156 43 612
133 305 19 753
150 12 55 600
153 156 55 612
165 315 7 207
166 305 1 753
171 156 1 1105
172 305 43 753
172 156 49 612
180 315 31 207
181 145 13 1138
183 305 37 753
185 305 55 753
198 12 49 600
198 305 7 753
200 156 7 1105
202 12 49 8
207 156 19 1105
213 384 1 1286
214 315 1 207
217 315 37 207
221 145 21 1138
222 12 43 8
222 315 55 207
234 156 37 1105
239 145 25 1138
249 145 1 1138
258 305 49 753
264 315 1 1131
267 315 49 207
269 384 19 1286
277 384 25 1286
281 305 7 1432
294 305 13 1432
298 368 31 130
304 368 43 130
308 305 19 1432
314 305 1 1432
317 368 49 130
321 12 55 8
327 145 49 1138
328 305 25 1432
328 315 19 1131
330 305 37 1432
332 156 13 1105
335 315 13 1131
351 156 27 1105
362 12 1 646
362 368 25 1176
373 315 7 1131
381 12 7 646
385 156 55 1105
391 368 1 1176
391 315 31 1131
395 12 13 646
401 368 7 1176
403 145 37 1138
415 315 25 1131
419 156 1 1358
422 315 49 1131
428 156 43 1105
429 145 43 1138
430 368 13 1176
433 156 7 1358
443 315 39 1131
446 145 55 1138
450 156 31 1105
451 315 1 668
456 384 7 1286
461 315 55 1131
464 305 31 1432
473 12 55 646
473 368 7 1247
477 315 7 668
480 156 13 1358
481 145 7 650
482 368 19 1176
490 156 49 1105
492 305 43 1432
495 156 37 1358
504 145 37 650
505 315 43 1131
510 156 19 1358
513 145 1 650
515 305 55 1432
515 315 13 668
524 315 21 668
524 156 31 1358
531 305 1 289
536 368 31 1176
543 12 31 646
543 156 49 1358
556 156 19 1338
563 384 13 1286
584 305 7 289
589 315 25 668
591 368 37 1176
592 315 31 668
593 12 25 646
594 12 19 646
595 315 39 668
596 305 13 289
603 305 25 289
622 384 31 1286
632 12 19 339
645 315 49 668
649 12 37 646
657 384 37 1286
658 384 55 1286
661 368 49 1176
661 145 13 650
669 368 43 1176
669 305 49 1432
672 156 25 1358
676 368 13 1247
687 156 43 1358
688 368 55 1176
688 315 13 1275
690 368 1 1247
695 305 19 289
699 384 43 1286
704 305 31 289
708 145 19 650
728 368 19 1247
729 156 55 1358
730 315 1 1275
756 305 43 289
756 156 1 1338
764 368 31 1247
765 315 43 668
768 145 25 650
779 315 55 668
783 156 31 1338
798 145 31 650
802 12 43 646
805 384 1 1490
806 384 49 1286
820 384 7 1490
831 368 25 1247
831 145 49 650
835 156 25 1338
844 12 49 646
845 384 13 1490
845 368 37 1247
846 145 43 650
848 145 13 1338
858 12 31 1111
874 145 55 650
884 315 9 1275
886 156 7 1338
887 384 25 1490
895 305 37 289
898 145 37 1338
901 384 19 1490
914 384 37 1490
930 12 3 339
940 145 43 1338
950 315 43 1275
952 305 55 289
953 315 21 1275
958 156 57 1338
963 145 49 1338
974 12 49 1111
981 368 43 1247
982 315 25 1275
989 12 43 1111
995 384 31 1490
996 156 7 410
1 89 13 1001
2 113 19 232
3 222 22 1363
3 191 7 727
7 400 13 648
9 42 49 1289
9 124 52 457
11 3 37 305
11 400 19 648
14 3 40 305
14 113 10 232
15 226 58 811
15 400 16 648
15 240 34 259
19 226 10 628
28 272 40 485
35 240 19 722
38 113 25 232
41 42 52 1289
44 89 31 1001
44 124 49 457
46 226 13 653
46 272 37 834
47 113 7 232
48 240 10 722
49 3 49 305
55 222 19 1001
57 222 1 1001
59 191 10 727
63 3 43 305
64 89 28 1001
64 42 55 1289
66 124 10 1299
74 191 13 727
78 124 13 1299
78 191 16 727
80 3 52 305
81 3 55 305
84 89 7 1001
85 42 58 1289
90 42 28 1164
91 42 31 843
92 272 55 485
94 124 1 1299
96 272 58 485
97 84 25 297
98 240 22 722
103 343 25 698
114 400 31 648
115 240 13 722
116 3 58 305
116 272 40 834
120 3 7 701
121 89 25 1001
122 272 43 834
128 84 28 297
131 42 7 843
133 222 34 1001
137 89 37 1001
138 240 1 722
140 226 37 653
140 113 40 232
140 89 43 1001
141 113 1 232
142 222 4 1001
147 191 1 727
149 343 19 698
150 400 43 648
150 343 46 698
154 3 4 701
157 400 22 648
159 113 13 232
160 165 1 1053
160 222 10 1001
161 400 25 648
161 272 46 834
162 89 16 1001
165 222 22 1001
167 84 37 297
175 165 13 1053
175 113 16 232
176 42 19 843
177 191 19 727
181 226 1 653
181 400 28 648
181 272 49 834
186 240 4 722
187 240 25 722
188 226 4 653
188 89 40 1001
193 272 52 834
196 124 4 1299
201 240 28 722
208 272 55 834
212 191 22 727
217 84 21 297
220 222 49 1001
221 191 25 727
222 165 4 1053
225 343 37 698
227 3 1 701
228 89 52 1001
231 84 31 297
232 343 31 698
236 84 43 297
237 3 10 701
242 84 40 297
243 165 7 1053
246 124 16 1299
248 3 13 701
257 89 1 1209
258 400 34 648
263 42 1 843
264 400 46 648
267 240 7 722
270 113 22 232
273 222 46 1001
274 42 13 843
274 113 31 232
276 240 16 722
282 191 4 727
283 226 7 653
283 3 25 701
284 84 34 297
287 343 22 698
289 191 37 727
289 84 46 297
295 165 10 1053
296 42 10 843
299 226 16 653
299 89 55 1001
300 84 31 161
301 165 19 1053
301 400 55 648
303 272 58 834
307 222 43 774
308 42 4 843
310 89 58 1001
315 84 25 161
317 343 28 698
318 272 1 908
318 124 7 1299
326 240 31 722
327 222 1 358
332 400 37 648
333 240 34 722
336 124 22 1299
337 165 22 1053
339 165 33 1053
339 124 19 1299
343 240 43 722
343 343 49 698
345 84 55 297
347 222 46 774
348 240 37 722
351 343 34 698
354 165 16 1053
354 124 25 1299
365 3 28 701
365 84 49 297
366 3 34 701
368 400 40 648
375 272 4 908
379 113 4 232
380 226 19 653
380 343 40 698
381 191 31 727
382 124 28 1299
386 124 31 1299
387 343 43 698
388 222 4 358
393 222 52 774
396 272 7 908
396 124 34 1299
400 42 22 843
401 42 16 843
404 240 40 722
406 240 46 722
408 42 34 843
413 400 49 648
417 400 52 648
421 42 43 843
427 343 55 698
431 113 37 232
432 240 52 722
439 222 55 774
441 400 10 347
445 89 13 1209
449 165 49 1053
450 343 52 698
451 113 28 232
452 165 28 1053
452 222 13 358
454 165 25 1053
454 89 4 1209
459 240 49 722
462 42 25 843
462 191 28 727
463 240 55 722
466 165 37 1053
468 42 28 843
472 89 16 1209
474 124 46 1299
475 226 22 653
477 222 58 774
478 84 58 297
480 222 7 358
482 165 46 1053
486 124 37 1299
491 191 43 727
493 3 16 701
493 124 40 1299
496 400 1 347
497 343 58 698
518 343 37 522
519 222 49 774
520 240 58 722
520 191 34 727
521 165 55 1053
521 191 46 727
530 42 37 843
531 84 58 1124
533 42 49 843
536 124 58 1299
539 84 52 297
540 89 49 1209
543 42 40 843
545 124 49 1299
546 124 43 1299
548 226 10 653
551 272 10 908
554 240 1 788
564 89 19 1209
565 124 52 1299
567 240 4 788
570 191 49 727
572 240 7 788
576 124 55 1299
578 222 10 358
581 240 13 788
583 222 16 358
585 240 19 788
590 113 46 232
591 84 28 161
591 343 34 522
592 165 40 1053
594 226 34 653
600 3 19 701
600 124 1 122
601 400 58 648
601 272 13 908
604 89 22 1209
605 165 58 1053
606 3 22 701
607 3 31 701
607 84 34 161
611 3 37 701
614 113 34 232
616 240 10 788
617 124 4 122
618 222 19 358
619 400 7 347
619 84 49 1124
619 89 37 1209
621 272 16 908
621 343 40 522
623 124 7 122
624 191 52 727
626 84 52 1124
627 3 43 701
629 343 49 522
629 222 25 358
632 191 58 727
633 272 31 908
635 272 19 908
639 89 28 1209
641 240 16 788
642 89 31 1209
647 42 55 843
648 3 40 701
650 165 43 1053
650 113 49 232
651 226 40 653
654 84 37 161
654 89 25 1209
655 226 25 653
656 226 43 653
659 222 28 358
661 191 40 727
662 222 22 358
669 191 55 727
671 240 22 788
672 124 10 122
682 3 46 701
684 191 7 1410
685 226 28 653
685 240 25 788
686 3 52 701
686 42 46 843
688 222 31 358
690 400 13 347
693 113 43 232
694 42 52 843
697 226 31 653
701 226 55 653
703 272 22 908
703 124 15 122
704 226 46 653
704 84 40 161
705 240 28 788
706 400 16 347
707 226 49 653
707 84 45 161
708 3 49 701
709 222 34 358
710 42 9 897
718 240 31 788
719 89 4 18
720 240 37 788
726 226 58 653
727 84 52 161
734 272 34 908
742 165 52 1053
743 191 16 1410
744 124 19 122
747 343 43 522
749 42 58 843
750 191 1 1410
752 226 55 701
752 240 34 788
754 343 46 522
759 89 40 1209
761 89 34 1209
762 165 1 368
766 113 52 232
768 191 4 1410
769 3 1 1016
771 272 25 908
772 226 52 653
775 113 55 232
776 400 4 347
776 272 28 908
780 165 4 368
780 42 1 897
780 191 13 1410
784 191 25 1410
785 272 37 908
786 3 16 1016
791 3 4 1016
792 343 55 522
795 42 4 897
799 165 16 368
799 42 19 897
802 3 58 701
803 113 7 683
803 222 37 358
804 3 7 1016
811 272 40 908
813 226 4 723
816 226 13 723
816 191 31 1410
821 240 40 788
822 400 19 347
822 84 49 161
823 343 13 693
827 42 13 897
827 240 46 788
829 165 13 368
831 3 10 1016
836 89 13 18
838 84 13 1016
841 226 7 723
842 42 16 897
843 113 58 232
845 226 10 723
856 226 16 723
860 124 22 122
862 124 49 122
863 3 19 1016
864 400 27 347
866 84 22 1016
866 191 19 1410
870 165 7 368
872 3 25 1016
875 165 19 368
875 124 25 122
876 113 10 683
877 343 58 522
878 240 43 788
879 240 49 788
883 226 21 723
883 222 43 358
883 191 10 1410
886 400 22 347
887 343 16 693
889 222 52 358
890 89 43 1209
891 226 25 723
893 124 31 122
896 89 52 1209
900 165 10 368
903 165 25 368
904 165 28 368
906 226 28 723
911 272 52 908
914 89 46 1209
916 343 7 693
916 89 55 1209
917 240 1 1149
924 343 10 693
926 42 22 897
927 400 31 347
930 272 46 908
933 272 55 908
934 89 1 18
935 113 1 683
936 113 4 683
940 124 37 122
940 222 40 358
941 113 25 683
943 226 31 723
944 89 58 1209
945 240 52 788
947 89 7 18
948 191 22 1410
949 240 4 1149
952 240 22 1149
953 84 55 161
955 3 28 1016
956 42 25 897
957 84 58 161
960 240 55 788
961 222 46 358
965 191 28 1410
965 124 34 122
966 113 19 683
968 3 31 1016
968 240 58 788
969 400 34 347
972 89 10 18
975 113 22 683
981 42 28 897
983 191 34 1410
985 226 34 723
987 226 40 723
991 89 34 18
992 3 34 1016
992 124 28 122
993 3 37 1016
993 272 43 908
995 165 22 368
5 278 29 1305
11 81 29 186
11 278 23 1305
17 245 11 999
23 245 23 999
31 245 5 999
59 245 17 999
59 190 23 800
60 250 5 359
69 278 5 1305
83 250 17 359
94 190 11 800
96 278 35 1305
96 250 23 359
97 386 35 186
100 250 29 359
101 386 41 186
113 250 11 359
118 190 5 800
128 250 35 359
130 245 41 999
133 250 41 359
134 81 47 186
138 250 47 359
142 190 29 800
151 190 35 800
160 245 29 999
179 250 53 359
180 386 53 186
180 81 59 186
183 386 51 747
192 81 5 1396
197 190 41 800
206 190 17 800
208 245 35 999
210 81 11 1396
216 190 47 800
218 190 53 800
220 81 17 1396
223 245 47 999
223 190 59 800
231 190 59 33
239 278 17 1305
241 190 23 1100
252 250 59 359
253 250 5 1230
255 81 29 1396
258 250 11 1230
260 245 53 999
265 386 57 747
271 81 35 1396
274 250 17 1230
276 190 35 1100
297 190 29 1100
316 386 59 747
321 245 59 999
338 386 1 1194
342 190 47 1100
345 190 41 1100
349 278 11 1305
354 386 43 654
366 81 23 1396
377 278 47 1305
381 278 53 1305
381 190 59 1100
383 250 23 1230
383 245 5 955
395 250 35 1230
397 250 29 1230
404 278 59 1305
407 386 5 1194
420 386 3 1194
425 386 7 1194
426 250 41 1230
431 386 9 1194
435 386 11 1194
438 250 47 1230
439 250 53 1230
448 386 13 1194
448 190 53 1100
449 81 41 1396
458 245 11 955
458 250 59 1230
459 245 17 955
460 245 23 955
483 81 47 1396
487 250 5 1285
511 278 41 1305
512 81 53 1396
519 386 15 1194
521 386 17 1194
529 245 29 955
539 250 11 1285
551 190 43 529
555 250 17 1285
558 245 41 955
583 190 51 529
589 81 59 1396
593 386 19 1194
595 386 29 1194
600 250 23 1285
612 278 11 1205
615 190 45 529
621 245 35 955
624 386 21 1194
624 250 29 1285
634 250 35 1285
643 250 41 1285
646 245 53 955
653 190 53 529
655 278 5 1205
658 190 59 529
661 190 5 1124
666 278 17 1205
674 190 55 529
689 81 5 175
693 245 47 955
699 278 23 1205
708 386 23 1194
719 386 25 1194
720 386 27 1194
721 386 31 1194
722 245 1 55
723 250 43 1285
734 278 29 1205
739 386 33 1194
753 190 11 1124
756 278 35 1205
760 81 11 175
764 245 59 955
772 278 47 1205
782 245 5 55
804 190 57 529
806 250 53 1285
810 386 35 1194
817 81 17 175
820 245 11 55
823 386 41 1194
828 278 41 1205
829 250 59 1285
830 81 23 175
832 245 3 55
838 245 7 55
844 250 29 1363
861 190 17 1124
873 190 23 1124
881 278 53 1205
881 190 35 1124
885 81 29 175
892 190 29 1124
895 245 17 55
902 386 37 1194
908 278 59 1205
915 245 13 55
920 250 35 1363
933 190 41 1124
935 81 35 175
935 190 13 683
949 278 11 1378
955 386 39 1194
955 81 41 175
998 250 41 1363
999 190 28 683
1 111 25 1467
7 357 49 1262
9 341 19 983
17 164 19 18
17 357 55 1262
17 341 13 983
19 353 25 343
23 66 25 217
32 271 13 445
40 357 31 874
41 271 37 445
50 66 37 217
50 341 25 983
51 164 37 18
52 66 13 217
53 341 31 983
57 341 7 983
62 357 19 874
69 164 25 18
71 341 37 983
72 66 19 217
72 341 43 983
73 66 31 217
78 111 19 1467
79 66 1 217
83 341 49 983
84 164 43 18
101 341 55 983
108 111 13 1467
123 353 31 343
123 271 19 445
128 353 37 343
136 357 7 874
137 164 49 18
138 353 7 343
146 111 7 1467
159 341 9 542
174 66 7 217
187 271 31 445
188 66 49 217
188 111 31 1467
194 341 43 542
196 164 7 112
198 341 13 542
210 164 55 18
211 353 43 343
213 357 13 874
215 271 1 445
216 164 13 112
224 353 49 343
224 66 55 217
231 111 43 1467
238 271 7 445
243 353 13 339
252 341 1 983
255 111 1 1467
264 271 25 445
270 111 37 1467
275 271 43 445
280 66 43 217
287 111 49 1467
292 341 1 542
293 271 49 445
295 353 49 289
297 164 25 112
297 341 37 542
302 357 1 874
302 271 55 445
308 164 31 112
313 353 55 343
313 271 43 693
313 341 49 542
319 357 49 874
320 357 25 874
320 341 19 542
328 357 37 874
330 357 43 874
330 271 19 693
333 66 37 327
333 271 51 693
336 164 55 112
340 341 13 1052
346 164 1 637
347 66 7 1184
351 353 7 339
354 353 31 339
364 341 25 542
367 111 55 1467
368 353 43 339
368 111 13 637
372 341 55 542
376 66 27 327
377 164 31 637
378 341 7 1052
383 341 19 1052
385 66 1 1184
390 66 55 327
392 357 55 874
394 271 1 1017
399 341 25 1052
400 353 25 339
401 357 19 58
405 271 31 693
413 357 7 58
416 341 33 542
443 357 13 58
450 164 37 112
453 357 1 58
454 357 31 58
455 353 37 339
455 66 43 327
457 164 19 112
463 353 13 469
483 66 51 327
484 66 31 327
488 353 55 339
492 164 49 112
496 164 7 637
509 341 43 1052
512 164 49 637
513 164 43 112
525 357 25 58
528 66 19 1184
538 353 49 339
547 111 19 637
549 164 25 637
549 341 31 1052
553 271 37 693
563 111 37 637
564 66 13 1184
565 164 31 897
577 66 25 1184
578 111 43 637
578 341 37 1052
583 271 25 693
587 66 31 1184
604 357 37 58
606 341 51 1052
613 353 19 469
614 164 37 897
621 271 55 693
631 341 55 1052
636 341 7 1202
642 357 49 58
643 341 19 1202
645 111 55 637
655 111 55 1179
656 271 7 1017
665 353 25 469
675 357 7 143
676 66 7 573
681 164 49 897
684 357 13 143
688 271 19 1017
696 164 43 897
700 271 13 1017
701 66 37 1184
702 357 43 58
711 271 31 1017
717 66 1 573
718 271 25 1017
719 341 13 1202
721 111 1 209
727 111 13 209
728 353 31 469
730 357 19 143
735 111 25 209
737 357 55 58
738 111 31 209
748 66 43 1184
755 271 43 1017
764 341 1 1202
765 66 13 573
769 271 49 1017
775 357 1 143
784 341 31 1202
789 353 49 469
790 111 7 209
793 353 37 469
798 357 25 143
800 164 1 1094
814 271 37 1017
815 357 43 143
818 357 31 143
825 357 37 143
829 111 37 209
834 164 57 897
834 341 37 1202
837 357 49 143
839 353 43 469
849 341 43 1202
861 341 25 1202
863 271 57 1017
878 111 19 209
884 66 25 573
887 66 37 573
888 353 7 700
897 353 55 469
929 111 49 209
929 341 13 1288
939 357 55 143
943 341 21 1288
947 353 13 700
948 164 25 1094
957 66 49 1184
959 341 55 1202
962 357 1 177
975 66 55 1184
976 164 13 1094
987 111 43 209
990 353 1 700
2 296 22 420
3 303 13 1156
4 260 13 1118
8 200 43 140
16 13 9 1283
16 303 19 1156
28 260 16 1118
35 334 34 600
41 303 10 1156
49 399 16 847
54 200 16 140
56 260 7 1118
56 296 19 420
57 334 16 23
58 260 4 1118
62 296 25 420
62 399 28 847
67 303 22 1156
75 296 13 420
84 101 49 1247
90 13 13 1283
98 334 40 600
99 334 1 23
110 193 49 1298
115 334 25 23
116 334 10 23
118 296 1 420
119 399 13 847
120 101 52 1247
127 296 4 420
145 296 31 420
154 200 7 140
154 303 16 1156
155 200 10 140
156 296 16 420
162 193 55 1298
169 334 4 23
171 260 10 1118
171 13 16 1283
173 334 7 23
176 101 55 1247
177 303 25 1156
188 193 58 1298
196 193 52 1298
205 303 1 1156
210 101 1 1288
215 200 19 140
217 101 58 1247
224 260 1 1118
225 200 46 140
235 101 4 1288
236 101 7 1288
236 399 4 251
242 260 25 1118
245 260 19 1118
252 193 43 1194
253 334 13 23
255 399 7 847
256 303 4 1156
259 200 22 140
259 303 31 1156
261 200 3 140
262 260 22 1118
265 101 25 1288
266 334 21 23
272 303 7 1156
274 296 7 420
292 399 10 847
293 260 37 1118
293 200 13 140
296 399 49 847
299 200 31 140
310 13 1 1283
313 101 10 1288
317 193 46 1194
319 296 10 420
322 13 4 1283
328 296 34 420
329 193 49 1194
332 200 28 140
336 260 28 1118
344 260 58 1118
345 303 28 1156
356 296 28 420
358 13 19 1283
363 260 31 1118
363 334 34 23
367 334 28 23
372 200 34 140
375 193 58 1194
375 260 34 1118
376 334 31 23
376 399 19 847
376 303 34 1156
383 260 40 1118
386 200 37 140
389 101 28 1288
396 200 25 140
399 13 22 1283
399 399 1 847
403 13 25 1283
404 399 25 847
408 193 7 1145
414 334 43 23
418 334 37 23
421 303 46 1156
424 334 49 23
431 193 55 1194
433 13 28 1283
438 334 40 23
441 399 34 847
445 260 45 1118
445 13 31 1283
446 101 31 1288
447 296 37 420
451 334 52 23
452 13 37 1283
454 260 49 1118
455 13 49 1283
456 101 55 1288
459 101 52 1288
459 334 55 23
460 399 4 847
462 334 58 23
468 101 37 1288
468 334 4 361
469 334 46 23
470 13 40 1283
479 101 34 1288
484 101 46 1288
484 399 22 847
492 296 55 420
494 399 37 847
498 200 13 74
500 260 52 1118
500 334 1 361
501 399 43 847
504 193 52 1194
507 296 40 420
511 334 7 361
517 334 10 361
525 193 1 1145
526 260 7 1304
526 13 34 1283
527 193 4 1145
535 399 31 847
537 193 10 1145
539 296 43 420
540 193 13 1145
545 296 1 629
549 193 16 1145
559 101 43 1288
574 200 55 140
580 334 16 361
587 200 49 140
587 334 13 361
591 200 1 74
593 334 31 361
594 101 58 1288
598 13 55 1283
602 101 1 272
611 303 43 1156
615 399 40 847
617 193 19 1145
620 101 40 1288
621 200 4 74
625 200 40 140
628 399 4 1291
633 296 46 420
637 13 43 1283
639 296 49 420
645 200 22 74
654 399 46 847
664 101 49 1288
665 399 7 1291
669 334 19 361
670 260 55 1118
677 193 37 1145
677 296 52 420
677 303 40 1156
682 296 4 629
691 200 58 140
695 399 52 847
701 260 1 1304
706 101 13 272
713 260 19 1304
713 296 7 629
718 200 52 140
723 334 22 361
734 334 37 361
741 13 46 1283
744 193 22 1145
745 200 7 74
748 260 10 1304
749 296 13 629
751 303 37 1156
753 399 1 1291
754 296 25 629
761 303 51 1156
762 399 55 847
762 303 58 1156
767 101 4 272
767 334 25 361
768 193 31 1145
774 296 19 629
776 193 25 1145
777 200 28 74
778 296 28 629
778 13 52 1283
790 334 45 361
791 260 46 1304
793 101 7 272
793 334 28 361
796 193 34 1145
801 260 4 1304
802 193 28 1145
808 260 13 1304
814 200 10 74
815 334 55 361
825 193 43 1145
829 334 34 361
833 296 58 420
834 13 1 116
841 193 40 1145
843 101 16 272
844 260 16 1304
844 101 10 272
845 193 46 1145
847 13 4 116
850 200 19 74
852 296 10 629
857 200 25 74
858 13 15 116
870 193 25 1304
871 334 40 361
874 101 22 272
876 260 22 1304
879 296 31 629
885 303 55 1156
886 399 15 1291
892 334 51 361
893 13 7 116
896 13 58 1283
896 399 19 1291
899 193 28 1304
899 13 10 116
903 334 31 573
905 334 58 361
907 296 16 629
913 303 7 1398
916 13 19 116
916 399 58 847
918 101 19 272
920 200 37 74
920 303 1 1398
931 193 31 1304
937 303 13 1398
938 101 28 272
942 296 34 629
945 334 19 573
947 200 31 74
948 101 31 272
960 200 16 74
962 334 22 573
964 13 22 116
967 296 22 629
970 101 25 272
973 101 34 272
983 296 40 629
984 101 37 272
985 303 4 1398
986 399 10 1291
988 101 43 272
994 200 43 74
997 260 34 1304
10 219 47 626
21 286 47 1363
38 121 11 878
49 177 11 1173
60 286 53 1363
84 121 23 878
87 121 17 878
97 286 11 805
99 121 29 878
106 177 5 1173
106 219 53 626
111 121 41 878
113 286 59 1363
147 286 13 255
155 121 5 878
166 219 59 626
196 121 47 878
198 121 35 878
202 286 5 805
204 286 5 936
213 121 59 878
216 121 53 878
221 286 17 805
224 121 22 1273
233 219 15 1269
250 121 29 1273
261 286 11 936
267 177 19 580
271 219 17 1269
291 177 17 698
303 286 23 805
335 219 19 1269
335 121 35 1273
350 121 41 1273
353 177 17 1173
387 121 53 1273
394 121 47 1273
402 286 17 936
406 121 59 1273
409 219 25 1269
427 121 9 55
434 286 23 936
443 121 23 55
447 286 29 936
467 286 41 936
469 121 19 55
475 286 35 936
490 121 15 55
504 219 35 1269
511 121 25 55
527 286 47 936
533 177 19 1173
551 121 21 55
551 286 53 936
559 219 23 1269
567 121 29 55
570 286 4 1208
574 121 27 55
592 177 35 1173
601 177 29 1173
608 286 1 1208
624 219 33 1269
626 121 33 55
642 286 7 1208
650 177 41 1173
672 286 13 1208
685 219 31 1269
689 177 43 1173
691 219 29 1269
692 121 31 55
710 177 55 120
719 286 11 1208
750 286 9 1208
755 121 35 55
767 121 37 55
767 286 19 1208
774 286 17 1208
797 177 59 1173
797 121 39 55
798 121 41 55
817 121 43 55
818 219 21 1269
821 219 37 1269
824 121 47 55
831 121 53 55
850 121 45 55
865 219 41 1269
877 219 27 1269
882 177 53 1173
886 177 1 951
914 121 49 55
921 177 3 951
922 121 58 55
923 286 23 1208
928 286 21 1208
931 177 5 951
939 219 39 1269
942 219 43 1269
944 177 7 951
962 219 45 1269
994 177 11 951
3 162 43 736
4 277 37 899
7 178 57 589
16 6 55 972
17 141 25 809
30 229 19 318
32 229 25 318
33 162 55 736
43 162 49 736
55 141 31 809
55 178 25 715
56 162 43 858
68 268 25 1149
69 162 55 858
70 178 19 715
75 178 31 715
76 162 19 364
78 141 37 809
79 6 55 1269
85 141 43 809
89 141 49 809
94 178 13 715
100 162 25 364
105 6 7 210
111 277 43 899
113 277 49 899
118 178 37 715
121 162 31 364
124 229 13 318
134 141 55 809
134 277 1 364
147 141 7 1165
153 141 1 1165
155 141 19 1165
155 277 31 738
156 6 19 210
158 268 31 1149
160 162 13 364
163 229 31 318
165 277 55 899
166 277 37 364
169 162 49 364
172 6 1 210
175 268 37 1149
175 178 43 715
184 162 7 364
191 277 55 364
193 162 43 364
208 268 13 1149
209 178 49 715
227 141 37 1165
231 277 49 513
244 162 31 1275
246 178 55 715
252 141 15 1165
260 141 31 1165
262 277 55 513
269 277 1 738
270 141 43 1165
274 178 37 718
281 268 43 1149
286 178 1 715
287 141 25 1165
289 229 1 318
300 277 13 738
303 277 49 738
304 141 49 1165
306 6 49 1269
309 162 37 1275
310 162 49 1275
315 6 13 210
316 6 25 210
329 268 7 1149
330 178 7 715
351 162 55 1275
351 6 37 210
352 178 19 718
359 178 25 718
361 277 7 738
368 162 1 930
370 162 7 930
375 141 7 597
379 178 31 718
384 229 7 318
392 178 1 799
398 268 49 1149
401 268 25 1326
412 141 55 1165
415 178 7 799
417 277 19 738
421 6 31 210
421 178 49 718
423 268 1 1326
426 162 13 930
430 162 43 930
435 268 7 1326
445 268 19 1326
447 277 25 738
460 141 19 597
472 162 21 930
477 6 1 825
479 162 25 930
479 229 57 318
479 178 13 799
481 141 13 597
482 141 1 597
488 277 37 738
493 141 31 597
501 277 55 738
508 229 37 318
516 162 37 930
516 277 1 991
520 277 43 738
521 277 7 991
522 162 7 958
530 178 19 799
546 6 49 210
547 6 55 210
550 229 7 1108
553 268 57 1149
557 229 49 318
564 141 25 597
572 229 49 629
586 268 31 1326
587 229 45 318
589 229 55 629
590 162 49 930
592 162 55 930
592 277 19 991
593 6 51 272
594 268 13 1326
596 178 31 799
597 277 13 991
608 162 3 958
611 141 49 597
613 268 39 1326
617 162 33 930
620 141 55 597
625 277 25 991
631 141 1 775
635 141 37 597
636 268 55 1326
642 268 9 462
647 162 13 958
653 268 49 1326
660 141 9 775
662 229 1 1108
662 141 13 775
663 141 43 597
664 162 19 958
673 162 25 958
677 268 1 462
678 162 31 958
680 141 19 775
682 178 55 718
684 268 19 462
694 277 31 991
697 277 43 991
718 6 55 272
726 268 43 1326
739 277 49 991
741 6 7 825
743 277 55 991
745 6 43 210
752 268 25 462
787 162 39 958
787 178 43 718
787 277 1 123
805 141 31 775
811 277 7 123
824 268 13 462
828 141 25 775
837 229 13 1108
841 229 25 1108
842 178 49 799
843 6 19 825
851 277 19 123
852 277 13 123
858 6 37 825
861 178 43 799
884 229 31 1108
889 277 31 123
890 178 37 799
900 277 37 991
902 229 43 629
908 277 25 123
919 162 55 958
919 141 1 1178
923 178 25 799
932 277 37 123
935 141 43 775
939 229 21 1108
947 141 49 775
963 141 37 775
967 178 55 799
971 268 37 462
973 229 43 1108
978 6 13 825
980 268 31 462
985 178 13 886
987 229 31 1306
989 162 55 986
992 6 43 825
6 123 43 1472
9 223 28 972
20 154 22 945
20 127 40 1262
21 67 37 1319
25 223 34 972
27 127 34 1262
28 67 19 1319
41 249 43 1295
52 223 19 951
54 154 25 945
59 154 19 945
65 127 46 1262
66 223 15 951
72 154 13 945
80 123 46 1472
82 249 19 1295
83 127 55 1145
86 249 25 1295
87 123 49 1472
98 123 19 812
104 154 28 945
118 223 25 951
122 123 55 1472
127 252 7 1196
135 252 1 1196
139 249 1 1295
139 127 49 1145
144 223 34 951
148 223 22 951
153 67 22 1319
161 223 28 951
165 252 13 1196
183 154 1 945
183 252 4 1196
184 154 16 945
187 127 52 1145
189 249 28 1295
203 154 4 945
207 223 31 951
210 67 40 1319
210 252 22 1196
216 154 37 945
224 154 7 945
230 154 31 945
234 127 58 1145
239 154 34 945
243 154 10 945
255 123 52 1472
256 252 19 1196
259 249 34 1295
273 252 10 1196
275 123 58 1472
291 127 3 1327
292 249 7 1295
294 154 43 945
298 67 43 1319
305 252 25 1196
306 123 7 812
307 154 40 945
307 252 16 1196
309 123 1 812
311 252 43 1196
318 249 4 1295
320 249 16 1295
323 223 37 951
330 249 49 1295
332 127 19 1327
335 249 31 1295
337 252 34 1196
350 249 46 1295
365 249 37 1295
374 123 10 812
375 249 13 1295
376 252 37 1196
383 154 49 945
386 252 46 1196
388 223 1 1436
410 154 52 945
411 67 46 1319
411 123 4 812
421 127 7 1327
427 223 40 951
428 123 22 812
430 123 49 812
439 223 43 951
444 123 13 812
444 127 10 1327
446 123 16 812
448 154 46 945
448 252 28 1196
451 223 49 951
457 154 55 945
463 249 10 1295
468 123 25 812
470 252 31 1196
484 154 58 945
491 223 46 951
502 67 55 1319
507 123 28 812
507 223 52 951
509 127 25 1327
512 154 1 914
514 123 34 812
514 252 40 1196
516 223 55 951
522 223 13 1436
524 154 4 914
528 252 49 1196
534 154 13 914
534 252 55 1196
536 127 13 1327
548 67 1 521
552 252 58 1196
553 127 16 1327
554 67 4 521
556 67 49 1319
569 67 52 1319
577 67 7 521
582 127 22 1327
583 123 31 812
586 223 7 1436
597 67 10 521
603 252 52 1196
610 67 58 1319
624 223 58 951
627 249 22 1295
629 249 40 1295
634 223 4 1436
643 123 43 812
646 252 13 1086
647 223 10 1436
655 252 1 1086
661 67 25 521
662 249 52 1295
665 127 31 1327
678 127 39 1327
680 154 7 914
687 154 10 914
688 127 28 1327
693 123 39 812
697 249 58 1295
723 154 16 914
725 249 34 1327
726 123 19 969
727 123 46 812
729 127 43 1327
730 154 25 914
730 252 7 1086
733 249 55 1295
736 67 13 521
736 127 46 1327
737 154 28 914
740 127 52 1327
742 67 55 209
754 67 28 521
759 127 25 116
761 154 19 914
763 249 49 1327
763 252 4 1086
764 127 55 1327
772 223 16 1436
776 252 10 1086
781 252 19 1086
789 223 19 1436
792 154 22 914
796 252 22 1086
805 154 37 914
809 223 22 1436
821 154 43 914
822 223 34 1436
826 249 1 1074
835 123 52 812
837 249 4 1074
845 123 55 812
849 67 16 521
851 154 46 914
861 127 31 116
863 154 31 914
866 249 7 1074
877 223 31 1436
880 249 10 1074
882 123 22 969
885 67 19 521
892 249 58 1327
901 154 34 914
903 127 28 116
907 67 58 209
910 252 25 1086
910 123 58 812
911 223 25 1436
911 252 16 1086
915 252 28 1086
920 67 43 521
921 252 31 1086
926 223 37 1436
930 123 28 969
936 123 25 969
937 249 16 1074
938 67 22 521
939 67 31 521
946 127 34 116
951 252 34 1086
953 127 37 116
957 223 40 1436
957 127 43 116
958 249 28 1074
962 249 19 1074
965 249 13 1074
965 127 40 116
973 123 31 969
974 67 55 521
975 249 34 1074
982 123 34 969
985 67 37 521
990 127 49 116
994 154 49 914
999 249 22 1074
3 258 41 899
4 106 35 327
4 236 45 589
12 217 23 311
18 187 17 1307
19 106 41 327
19 209 17 983
23 217 11 311
25 253 31 133
33 209 23 983
39 209 11 983
48 172 47 1298
48 217 35 311
53 220 5 393
54 187 23 1307
65 106 59 327
68 258 47 899
72 106 47 327
76 258 53 899
82 253 11 494
84 258 59 899
85 187 7 1307
85 217 29 311
88 258 5 115
92 258 11 115
95 172 5 815
97 187 29 1307
99 172 11 815
104 172 23 815
105 236 5 1454
107 228 11 217
108 258 23 115
108 236 51 589
109 172 29 815
109 253 23 494
111 258 17 115
113 172 35 815
116 253 17 494
119 228 5 217
121 209 5 983
125 220 17 393
130 258 47 115
133 253 5 494
134 220 23 393
138 253 29 494
139 228 17 217
139 209 29 983
140 217 17 311
140 187 5 1307
141 253 5 1264
146 258 29 115
148 217 47 311
165 236 1 659
166 106 49 327
169 172 17 815
172 217 41 311
176 106 11 352
178 220 29 393
193 172 41 815
193 209 35 983
199 217 53 311
200 187 35 1307
211 209 41 983
212 253 11 1264
221 220 11 393
222 258 35 115
233 220 35 393
234 253 49 1264
235 187 41 1307
249 217 59 311
251 106 5 352
252 209 47 983
253 217 1 311
261 258 41 115
262 106 17 352
262 253 29 1264
273 258 53 115
277 258 11 565
278 236 17 1454
282 220 41 393
292 209 59 983
292 253 23 1264
293 253 16 18
294 228 23 217
295 258 5 565
295 228 41 217
301 172 47 815
302 236 11 1454
306 106 23 352
307 172 53 815
309 209 53 983
310 258 17 565
311 258 29 565
317 258 23 565
322 106 29 352
325 172 5 594
329 253 41 18
336 217 5 1060
339 236 23 1454
341 217 29 1060
343 172 11 594
348 106 35 352
348 220 47 393
352 253 23 18
353 258 47 565
353 253 53 18
354 217 11 1060
359 236 29 1454
363 187 47 1307
366 106 41 352
374 258 41 565
385 236 35 1454
388 187 53 1307
400 236 47 1454
402 217 23 1060
407 187 59 1307
415 217 41 1060
416 187 5 343
425 209 5 567
426 253 29 18
427 172 23 594
430 228 29 217
431 187 11 343
432 209 11 567
434 236 37 1454
438 253 31 18
440 236 53 1454
446 236 59 1454
447 220 5 1106
448 253 59 18
461 220 53 393
464 228 35 217
468 106 47 352
470 106 53 352
473 187 17 343
475 172 29 594
478 209 17 567
481 209 23 567
484 187 29 343
490 209 29 567
497 220 11 1106
500 236 47 600
500 172 17 594
501 217 17 1060
505 253 47 18
508 258 35 565
523 172 55 815
529 172 35 594
531 209 35 567
534 209 41 567
538 258 53 565
539 236 59 600
542 187 23 343
544 220 59 393
551 106 59 352
551 209 19 821
559 172 47 594
561 209 47 567
563 220 17 1106
570 187 35 343
570 217 53 1060
572 228 53 217
575 236 5 334
576 258 59 565
577 106 11 1270
579 209 23 987
580 217 35 1060
580 209 53 567
583 258 5 856
587 172 41 594
591 106 5 1270
592 106 17 1270
613 187 47 343
614 258 11 856
615 258 17 856
619 228 47 217
621 187 53 343
622 172 53 594
622 253 5 637
627 253 11 637
630 258 23 856
631 217 59 1060
631 187 41 343
633 258 29 856
638 220 23 1106
645 253 17 637
649 106 23 1270
652 172 59 594
652 253 23 637
657 228 59 217
657 220 29 1106
658 258 35 856
661 220 35 1106
666 258 47 856
667 253 29 637
668 209 59 567
670 228 5 1293
679 187 59 343
679 220 41 1106
681 236 53 600
681 253 35 637
683 220 47 1106
690 209 35 987
698 172 1 712
698 209 31 1053
714 253 47 637
720 217 47 1060
722 217 5 1402
733 217 11 1402
738 236 11 334
738 253 41 637
739 106 29 1270
744 106 35 1270
746 217 17 1402
748 217 23 1402
752 220 59 1106
757 220 49 1106
758 172 4 712
760 228 17 1293
771 258 53 856
772 220 35 276
775 209 41 987
775 217 29 1402
776 258 41 856
779 253 53 637
780 258 17 1358
781 236 13 334
781 187 31 368
782 236 23 334
790 187 41 368
796 172 7 712
796 187 37 368
797 236 29 334
800 236 35 334
800 253 59 637
802 220 41 276
808 228 43 423
812 253 1 886
815 253 10 886
817 187 35 368
823 172 11 712
824 236 41 334
827 236 53 334
827 217 35 1402
829 236 47 334
833 217 41 1402
842 106 41 1270
848 172 17 712
849 106 47 1270
849 220 53 276
851 228 11 1293
853 236 59 334
857 253 7 886
858 228 23 1293
858 217 43 1402
861 258 59 856
862 106 53 1270
868 106 59 1270
871 106 5 400
872 209 53 987
874 172 25 712
877 106 11 400
893 187 43 368
897 228 29 1293
897 209 23 1258
900 220 59 276
903 106 17 400
905 172 22 712
910 253 5 886
911 253 19 886
913 236 5 143
916 187 45 368
917 172 9 712
918 217 53 1402
919 236 11 143
920 220 47 276
932 172 13 712
933 106 23 400
934 172 15 712
937 236 23 143
940 106 29 400
940 209 47 987
942 209 59 987
947 258 23 1358
951 253 3 886
954 172 27 712
959 220 47 1269
961 253 17 886
962 236 17 143
967 253 28 886
977 220 53 1269
977 253 21 886
979 217 59 1402
983 106 47 400
988 187 47 368
991 172 41 712
996 220 59 1269
997 106 53 400
997 187 51 368
9 80 31 929
13 299 43 1490
19 166 13 709
19 181 49 1490
27 2 37 1306
36 235 37 904
37 2 43 1306
42 2 49 1306
50 235 43 904
55 299 55 1490
56 299 55 914
62 100 31 904
65 235 19 904
66 181 19 1449
67 100 25 904
70 2 25 1488
73 235 49 904
76 181 25 1449
77 181 1 1449
79 299 37 1108
80 166 19 709
95 235 1 904
95 80 25 929
96 100 7 904
103 2 55 1306
108 2 31 1488
112 100 55 904
112 299 49 1108
124 2 49 1488
124 166 55 709
127 2 13 1488
127 166 31 709
134 235 43 1016
142 235 49 1016
149 181 43 1449
168 2 43 1488
170 2 1 1488
177 80 13 929
179 166 1 709
179 299 55 1108
182 299 25 450
192 181 13 1449
205 235 13 904
210 166 7 709
216 181 49 1449
219 235 55 1016
220 181 7 1449
221 80 7 929
225 235 49 1280
244 235 1 1280
246 235 31 1280
248 100 1 1078
257 2 37 1488
257 100 27 1078
267 235 21 1280
270 299 1 450
276 181 37 1449
284 181 55 1449
286 235 7 1280
287 166 37 709
289 299 9 450
290 100 31 1078
291 235 13 1280
308 181 13 1464
315 166 43 709
317 166 7 1386
321 299 13 450
327 235 25 1280
328 235 43 1280
329 181 1 1464
332 100 55 1020
333 235 55 1280
343 100 13 1078
348 299 43 450
355 2 7 1488
359 2 19 1488
369 181 31 1449
373 181 21 1464
374 80 37 929
378 2 1 156
379 2 55 1488
380 100 7 1078
393 299 1 633
404 181 31 1464
408 100 19 1078
411 100 37 1078
420 166 49 709
420 299 19 450
428 80 1 929
429 235 1 51
429 181 7 1464
433 299 37 450
436 181 43 1464
450 166 25 709
461 181 25 1464
467 166 1 1386
468 166 13 1386
470 299 55 450
470 80 19 929
471 299 13 633
472 100 49 1078
472 181 55 1464
482 235 7 51
484 181 49 1464
486 100 43 1078
488 2 13 156
491 80 49 929
497 166 37 1386
497 80 43 929
507 2 7 156
507 100 55 1078
508 299 31 450
513 2 19 156
516 299 49 450
521 181 1 304
543 235 13 51
546 80 55 929
550 235 19 51
553 181 7 304
562 2 31 156
564 166 43 1386
565 299 7 633
578 80 1 472
582 166 25 1386
589 181 13 304
590 2 25 156
594 80 7 472
595 235 31 51
598 2 13 321
598 100 25 1292
602 235 7 179
610 2 37 156
618 181 25 304
626 2 43 156
633 181 37 1464
636 100 21 1292
638 181 19 304
644 100 1 1292
647 299 31 633
651 181 43 304
652 80 19 472
653 299 25 633
659 80 43 472
663 2 19 321
664 166 43 1436
671 166 49 1386
673 80 13 472
677 166 55 1386
681 100 31 1292
683 299 37 633
695 100 13 1292
697 166 19 1386
701 299 7 694
704 166 1 72
705 100 7 1292
708 235 55 51
709 100 37 1292
710 181 31 304
712 235 37 1280
715 100 43 1292
728 100 51 1292
730 80 31 472
733 235 27 51
740 166 33 1386
741 181 49 304
744 166 7 72
747 80 1 1008
750 299 19 633
752 100 43 123
760 2 55 156
761 100 25 700
762 235 37 51
768 299 13 694
769 181 19 980
770 166 49 1436
781 166 55 1436
781 235 43 51
785 166 13 72
790 80 49 472
798 181 55 304
799 166 31 72
801 100 49 123
803 235 49 51
805 299 7 849
812 299 43 633
816 80 37 472
819 2 49 156
833 181 1 980
840 80 25 472
844 181 25 980
856 80 55 472
860 181 37 304
862 2 7 321
868 2 37 321
874 80 49 910
881 166 19 72
882 2 1 321
883 100 55 1292
885 100 31 700
890 181 13 980
892 235 13 179
894 2 25 321
906 181 7 980
914 181 13 211
928 166 37 72
930 235 31 179
933 181 31 980
934 181 49 980
944 235 1 179
948 2 43 321
962 80 7 1008
963 2 55 321
969 80 25 1008
977 166 45 72
978 80 19 1008
994 299 55 633
996 100 19 700
998 166 57 72
6 214 13 546
10 17 13 932
12 244 19 712
14 214 16 546
15 370 13 37
21 21 31 924
25 214 7 546
27 370 28 37
28 370 25 37
36 17 34 932
37 27 37 1304
46 214 19 546
58 214 22 546
58 27 40 1304
60 370 31 37
68 370 7 37
82 370 22 37
82 214 25 546
84 27 52 1304
89 370 10 37
95 25 22 401
101 214 28 546
103 21 13 924
105 25 19 401
110 27 43 1304
113 17 31 932
117 244 37 712
124 27 19 179
126 21 16 924
131 214 37 546
138 244 31 712
144 25 1 401
146 25 13 401
150 25 7 401
153 17 16 932
154 244 43 712
157 27 49 1304
158 25 10 401
159 25 16 401
162 370 19 37
164 17 37 932
166 27 55 1304
169 21 19 924
173 17 51 932
176 21 22 924
192 370 34 37
196 244 49 712
197 370 4 37
201 27 37 1410
202 25 33 401
203 244 34 712
205 244 46 712
206 214 1 546
226 25 25 401
248 27 40 1410
258 244 55 712
261 370 49 37
264 370 16 37
267 244 58 712
269 214 40 546
273 21 40 924
275 27 49 1410
278 17 43 932
282 21 25 924
292 244 13 1008
292 370 37 37
301 17 58 932
304 370 1 37
308 214 10 546
314 370 40 37
316 244 52 712
317 370 43 37
325 21 28 924
326 21 34 924
333 25 4 401
334 244 16 1008
334 25 28 401
336 17 7 177
336 25 10 1362
340 27 52 1410
345 17 46 932
345 370 58 37
345 244 31 1008
352 214 31 546
354 244 37 1008
361 214 4 546
365 214 43 546
373 370 46 37
374 244 43 1008
379 27 46 1410
384 21 37 924
397 370 52 37
414 21 46 924
421 25 57 401
424 21 43 924
440 214 34 546
447 214 49 546
448 244 40 1008
458 21 55 924
459 27 58 1304
466 244 49 1008
466 214 55 546
471 21 58 924
471 25 37 401
477 214 40 1016
478 244 46 1008
480 244 34 1008
497 21 49 924
499 27 55 1410
505 244 55 1008
505 27 58 1410
510 370 55 37
516 21 19 1149
517 27 43 1410
518 25 40 401
519 370 1 127
526 214 58 546
527 21 52 924
527 244 58 1008
528 25 46 401
537 25 49 401
546 25 13 1362
556 21 4 1161
570 27 22 179
571 25 43 401
579 25 7 1362
583 244 40 122
585 25 22 1362
586 25 37 1362
597 214 7 1317
600 21 7 1161
605 244 28 1436
610 17 55 932
615 17 10 177
623 21 1 1161
624 17 13 177
626 21 10 1161
631 25 52 401
633 214 1 1317
634 17 31 177
639 27 37 179
641 244 43 122
652 25 25 1362
653 17 16 177
655 17 40 932
660 27 25 179
664 27 1 1139
687 370 4 127
688 214 52 546
689 244 46 122
691 27 43 179
696 214 4 1317
704 370 13 127
714 244 55 122
715 27 49 179
717 370 7 127
735 17 34 177
738 21 13 1161
744 214 25 1317
754 21 37 1161
756 17 51 177
758 25 19 1362
759 21 16 1161
763 244 52 1008
765 370 19 127
766 214 10 1317
776 17 19 177
777 370 43 127
792 25 16 1362
793 17 25 177
800 21 19 1161
818 25 28 1362
819 21 25 1161
820 27 28 179
832 370 10 127
836 25 31 1362
842 25 34 1362
842 27 4 1139
846 214 15 1317
865 214 55 1317
876 214 46 546
880 17 22 177
884 17 37 177
886 214 19 1317
887 17 46 177
892 214 22 1317
905 244 52 122
915 27 52 179
924 25 40 1362
935 370 22 127
940 214 49 1317
944 25 43 1362
959 17 40 177
969 17 43 177
971 370 52 127
975 21 40 1161
975 27 46 179
992 21 22 1161
993 27 40 179
995 214 28 1317
9 135 11 929
10 129 5 1457
15 135 23 929
28 33 29 830
30 135 5 929
33 33 17 830
34 57 17 27
35 135 29 929
43 57 5 27
54 129 29 1457
79 129 11 1457
79 33 5 830
79 135 35 929
88 57 11 27
102 135 41 929
110 33 11 830
119 135 47 929
129 129 17 1457
134 129 35 1457
134 135 17 929
149 129 23 1457
159 33 35 830
161 135 53 929
165 57 29 27
176 129 47 1457
191 57 35 27
195 33 41 830
206 129 41 1457
208 207 17 1072
211 207 23 1072
224 33 53 830
224 57 41 27
226 207 29 1072
234 33 47 830
272 135 59 929
291 33 23 830
293 57 47 27
309 33 59 830
314 129 53 1457
315 207 37 812
323 57 23 27
333 135 1 140
339 129 59 1457
341 57 53 27
342 207 59 1072
343 129 4 384
346 129 11 384
355 33 41 198
356 57 5 593
357 135 5 575
367 135 11 575
369 57 59 27
382 57 11 593
384 33 35 198
394 129 17 384
402 207 35 1072
409 207 47 1072
414 129 23 384
418 33 7 1425
425 207 41 1072
427 135 29 575
442 129 53 384
442 135 17 575
443 207 11 1246
452 129 41 384
454 57 28 1208
459 129 47 384
469 129 29 384
471 135 23 575
474 33 53 198
482 33 59 198
485 129 59 384
486 129 35 384
489 129 5 542
498 57 25 1208
502 129 23 542
508 207 53 1072
511 135 47 575
513 135 35 575
515 33 47 198
522 129 17 542
524 135 41 575
527 33 11 655
527 135 55 656
528 135 53 575
539 57 31 1208
545 33 5 655
547 207 5 1246
552 129 29 542
558 57 15 1208
582 33 17 655
583 33 23 655
583 57 47 1208
593 33 29 655
603 57 33 1208
611 135 59 575
620 207 17 1246
627 135 25 190
629 33 35 655
630 207 35 1246
631 129 7 542
631 207 23 1246
651 135 47 190
658 57 37 1208
660 135 41 190
680 33 41 655
685 207 41 1246
689 207 29 1246
690 57 41 1208
698 207 11 1131
712 129 41 542
714 135 35 190
725 33 47 655
726 57 35 1208
730 207 47 1246
736 135 59 190
737 129 31 542
740 33 59 655
742 129 11 586
744 57 39 1208
749 135 53 190
749 207 47 448
758 207 53 1246
758 57 43 1208
765 57 55 1208
776 33 1 865
778 207 59 1246
779 207 59 448
782 57 45 1208
789 129 47 542
805 207 5 1131
808 135 23 886
841 33 5 865
847 57 53 1208
856 129 53 542
872 129 59 542
889 57 57 1208
894 129 23 586
900 135 57 190
905 207 17 1131
906 135 55 190
907 129 5 586
911 129 35 586
934 33 11 865
934 207 53 448
935 135 31 886
945 129 17 586
948 135 34 886
956 135 37 886
961 57 49 1208
963 207 23 1131
970 57 59 1208
981 207 47 1131
995 135 25 886
1000 135 43 886
4 243 49 886
7 243 39 886
18 243 13 225
24 308 49 1219
31 243 55 886
32 175 43 829
38 247 37 509
61 308 25 1219
64 175 49 829
65 247 31 509
67 243 45 886
71 376 43 573
74 376 49 573
76 247 43 509
83 243 19 225
83 247 25 509
89 175 55 829
92 175 19 437
96 308 19 1219
99 243 25 225
100 247 49 509
101 243 33 225
105 308 31 1219
118 175 31 437
119 308 37 1219
162 243 43 225
166 247 43 1471
179 243 7 225
181 175 37 437
190 281 37 683
195 247 7 509
197 175 13 437
198 376 55 573
199 247 19 509
203 281 43 683
212 243 37 225
217 308 43 1219
219 175 25 437
232 281 49 683
237 243 1 225
238 243 55 225
240 175 1 437
240 308 55 1219
247 243 1 760
248 281 31 683
257 308 31 598
268 243 49 225
276 243 7 760
279 308 1 598
280 308 7 598
281 243 15 760
288 243 25 760
289 281 15 683
295 376 1 1051
300 175 43 437
301 175 1 742
304 247 13 509
318 308 37 598
319 175 55 437
326 376 15 1051
332 376 31 1051
334 376 37 1051
346 281 55 683
349 247 49 1471
354 243 49 760
360 175 7 437
363 308 43 598
387 308 25 598
401 281 31 85
407 243 19 760
407 281 7 85
415 175 37 742
418 308 55 598
422 376 19 1051
430 175 7 742
433 175 15 742
434 243 39 760
434 247 55 509
435 308 13 598
435 376 25 1051
436 308 19 598
437 247 55 1471
438 175 49 437
440 247 13 56
449 243 55 760
450 308 1 1023
469 175 21 742
488 175 25 742
518 281 13 85
520 308 49 598
522 281 21 85
528 308 7 1023
533 243 1 1163
534 376 19 1330
534 281 37 85
537 281 1 85
568 247 7 56
572 243 33 760
576 308 13 1023
582 247 1 56
587 308 19 1023
592 175 43 742
608 175 7 895
609 247 55 56
613 376 25 1330
630 281 43 85
634 175 49 742
642 247 21 56
648 308 31 1023
650 281 19 880
653 376 7 1051
657 376 49 1051
668 175 1 895
684 376 31 1330
686 376 55 1051
687 281 25 85
689 243 7 1163
692 175 33 742
699 175 55 742
702 308 25 1023
705 281 43 880
707 243 31 1163
710 243 13 1163
712 281 55 85
723 247 31 56
728 247 1 332
730 308 37 1023
742 247 25 56
747 308 7 984
748 243 19 1163
748 376 13 1330
752 175 19 895
758 243 45 760
762 308 43 1023
768 247 39 56
769 243 25 1163
771 376 49 1330
775 175 31 895
801 243 7 95
819 247 43 56
819 376 1 1330
825 281 49 85
836 247 25 332
839 247 19 332
840 247 39 332
851 308 49 1023
855 243 37 1163
857 308 13 984
860 175 13 895
867 247 7 332
876 376 37 1330
877 376 7 1330
878 247 55 332
880 376 13 1466
886 308 3 984
889 175 7 35
890 243 49 1163
893 281 3 880
902 308 19 984
905 175 37 895
906 308 57 1023
907 175 25 895
923 376 55 1330
949 281 7 880
951 281 13 880
952 175 43 895
955 243 43 1163
956 175 49 895
961 308 25 984
975 376 1 1466
980 376 7 1466
987 243 1 95
996 308 13 1125
2 48 49 908
12 108 52 858
26 251 49 56
29 251 52 56
44 108 40 914
45 383 55 55
49 108 52 914
49 383 25 29
53 108 19 1094
53 48 58 908
53 251 25 127
56 48 22 38
60 48 28 1111
89 65 7 1492
89 48 40 1111
107 383 13 29
115 383 16 29
117 251 16 127
120 383 28 29
128 251 46 127
129 108 7 1094
129 383 1 29
136 48 55 1111
138 65 4 1492
147 65 25 1492
163 108 10 1094
169 48 58 1111
178 108 22 1094
178 251 37 127
188 383 7 29
201 251 31 127
202 65 1 1492
205 108 31 1094
211 251 34 127
213 108 37 1094
214 48 7 38
216 251 28 127
217 383 4 29
232 383 10 29
238 48 1 38
244 65 10 1492
251 108 34 1094
254 383 19 29
262 108 40 1094
264 383 22 29
277 65 19 1492
280 65 22 1492
290 108 43 1094
316 108 49 1094
326 108 46 1094
327 48 4 38
331 383 31 29
350 108 55 1094
356 108 7 1087
365 383 40 29
367 65 15 1492
397 383 34 29
398 65 31 1492
402 383 37 29
404 251 49 127
407 383 43 29
417 108 4 1087
430 251 55 127
444 65 28 1492
456 383 58 29
466 65 40 1492
471 108 1 1087
497 48 13 38
501 251 1 235
504 65 43 1492
507 108 19 1087
513 251 7 235
518 108 58 1094
527 383 49 29
532 383 46 29
539 48 19 38
547 251 40 127
548 108 13 1087
550 48 16 38
554 108 16 1087
566 251 4 235
569 48 31 38
569 251 58 127
575 65 37 1492
580 251 19 235
590 383 55 29
595 108 52 1094
599 108 10 1087
618 383 55 177
621 251 13 235
625 65 49 1492
629 108 28 1087
629 48 10 38
637 108 22 1087
638 65 46 1492
639 251 10 235
649 48 25 38
654 251 22 235
658 48 28 38
659 65 34 1492
666 108 25 1087
677 251 16 235
682 48 43 38
684 48 37 38
687 48 52 38
691 65 55 1492
702 65 10 498
705 251 25 235
708 251 28 235
713 48 34 38
716 108 49 1087
724 108 37 1087
729 108 46 1087
737 65 1 498
738 383 28 177
742 108 31 1087
746 48 40 38
753 65 4 498
766 251 43 235
771 48 55 38
785 65 7 498
807 108 40 1087
808 251 31 235
810 108 10 560
812 48 3 253
812 383 7 460
834 383 4 460
835 48 46 38
840 65 58 1492
843 251 37 235
847 108 34 1087
848 108 52 1087
856 251 34 235
858 65 52 1492
861 383 52 29
862 383 13 460
863 383 10 460
866 108 43 1087
869 108 1 560
891 108 7 560
896 251 49 235
911 383 58 177
917 383 19 460
920 48 49 38
921 65 19 498
927 65 13 498
929 251 40 235
938 251 52 235
942 108 55 1087
945 65 22 498
952 251 34 746
955 251 55 235
957 108 13 560
974 383 1 460
976 108 4 560
985 108 58 1087
986 108 16 560
994 48 19 253
9 202 17 1214
16 38 28 829
69 38 34 829
70 202 11 1214
106 202 23 1214
138 38 41 829
150 202 5 1214
167 38 53 829
183 202 35 1214
220 38 59 829
244 38 47 829
247 38 47 1258
253 202 41 1214
257 202 47 1214
260 202 29 1214
274 202 53 1214
289 202 59 1214
325 38 35 1258
378 38 41 1258
403 202 5 40
406 38 53 1258
420 202 11 40
460 38 59 1258
536 38 5 1094
605 38 17 1094
616 202 23 40
627 202 17 40
644 202 41 40
653 202 29 40
668 202 47 40
700 38 59 914
704 202 53 40
729 38 29 1094
768 202 35 40
785 202 5 110
786 202 59 40
797 38 1 508
810 38 5 508
817 202 11 110
843 202 23 110
866 202 17 110
870 38 3 508
873 202 29 110
898 202 35 110
909 202 41 110
918 202 47 110
934 38 13 508
965 202 53 110
17 309 37 216
32 8 19 1381
32 309 31 216
39 248 15 998
66 248 25 998
78 248 31 998
80 8 25 1381
87 248 55 998
115 309 43 216
131 8 43 1381
156 8 39 1381
168 248 49 998
181 248 19 998
200 309 19 216
206 248 37 998
212 309 25 216
214 8 15 1381
223 248 43 998
227 248 7 605
236 309 13 216
241 8 7 1381
256 248 25 605
268 8 1 1381
269 8 49 1381
284 8 1 484
295 309 13 881
317 8 31 1381
322 8 7 484
338 309 3 216
352 248 49 605
364 8 55 1381
368 309 49 216
372 248 13 605
373 309 1 881
398 309 55 216
406 248 1 605
409 248 31 605
422 8 13 484
430 309 1 1157
433 309 19 881
434 309 25 881
445 309 7 216
457 8 27 484
485 248 37 605
519 248 55 605
524 309 7 881
549 248 19 605
559 309 31 881
565 248 19 826
568 309 13 1157
588 8 19 484
596 309 37 881
612 309 49 881
615 248 13 826
623 248 25 826
630 8 31 484
635 309 55 881
670 309 7 1157
672 248 31 826
709 309 43 881
735 309 43 1157
741 8 55 484
746 8 43 484
751 309 25 1157
753 248 7 826
770 8 37 484
813 309 31 1157
817 309 19 1157
824 248 1 826
829 8 49 484
850 8 49 826
859 309 49 1157
895 248 43 605
902 248 39 826
910 309 37 1157
919 309 7 1413
923 309 31 1413
932 309 55 1157
945 248 43 826
965 309 1 1413
1000 248 1 1099
4 185 16 865
6 88 34 1204
10 372 40 353
10 88 37 1204
16 95 49 358
32 372 49 353
35 356 46 235
43 95 16 746
57 88 43 1204
75 95 55 358
81 88 40 1204
82 356 58 235
85 372 55 353
85 88 49 1204
88 95 58 358
92 359 31 288
94 375 37 629
95 372 43 353
97 359 40 272
100 356 13 308
102 359 34 288
103 88 46 1204
110 185 52 522
113 88 55 1204
114 359 55 288
117 372 46 353
123 359 58 288
125 356 28 308
126 372 52 353
133 95 25 746
141 372 58 353
156 185 13 865
160 359 46 272
162 359 25 498
166 185 7 865
171 95 7 746
174 95 1 746
175 356 25 308
179 372 13 307
179 95 19 746
184 375 13 82
186 375 7 82
192 359 28 498
195 375 1 82
199 88 58 1204
206 356 4 308
213 372 22 307
221 375 28 82
223 185 19 865
230 88 52 1204
232 356 1 308
233 375 4 82
233 185 22 865
235 88 1 1300
239 375 19 82
243 95 4 746
247 356 7 308
251 88 7 1300
259 88 49 633
261 356 19 308
268 359 16 498
272 356 16 308
287 359 43 498
289 95 22 746
302 372 19 307
307 88 4 1300
313 185 34 865
322 372 1 307
338 359 31 498
338 88 52 633
341 95 13 746
350 372 4 307
352 88 10 1300
361 88 13 1300
370 185 25 865
373 356 31 308
376 372 7 307
378 356 37 308
379 359 37 498
380 88 16 1300
384 372 31 307
390 95 10 746
394 88 40 1300
397 375 16 82
399 375 10 82
400 356 40 308
406 356 10 308
417 372 10 307
422 356 34 308
432 95 31 746
437 95 28 746
438 375 25 82
439 375 22 82
440 185 31 865
444 88 25 1300
450 359 46 498
451 88 31 1300
451 95 37 746
453 372 34 307
462 185 37 865
463 88 19 1300
463 95 43 746
471 88 43 1300
476 356 22 308
490 359 34 498
495 372 13 378
503 95 55 746
511 359 49 498
514 372 25 307
516 88 58 1300
520 375 31 82
520 88 28 1300
528 185 28 865
530 88 55 1300
533 88 22 1300
537 372 16 307
543 356 43 308
546 95 40 746
547 88 34 1300
550 375 43 82
554 95 13 1227
571 185 46 865
573 185 43 865
576 356 49 308
582 372 37 307
591 356 31 825
595 372 49 307
614 375 49 82
619 88 52 1300
620 375 1 531
625 88 37 1300
638 375 37 82
640 95 52 746
643 356 58 308
645 95 1 1227
650 375 34 82
657 356 55 308
658 359 40 498
674 356 52 308
681 356 25 825
685 185 49 865
686 375 7 531
687 372 55 307
690 185 52 865
717 372 28 307
729 372 52 307
731 375 4 531
734 95 46 746
738 95 49 746
740 375 40 82
748 375 55 82
751 88 49 1300
754 356 49 825
754 95 4 1227
758 185 40 865
761 359 1 1003
767 185 57 865
769 356 46 308
770 185 1 181
774 359 4 1003
776 375 52 82
779 359 10 1003
782 95 58 746
788 185 25 72
801 185 13 181
803 375 46 82
803 95 10 1227
808 372 40 307
817 88 46 1300
831 372 58 307
835 185 49 72
838 95 19 1227
859 356 28 825
861 356 34 825
864 372 1 378
880 375 19 531
891 356 13 1003
891 95 16 1227
907 88 13 710
926 95 7 1227
931 372 43 307
936 375 28 531
944 375 10 531
953 356 52 825
960 88 1 710
966 88 22 710
966 95 31 1227
972 359 52 498
982 185 52 72
992 356 58 825
1000 372 46 307
1000 375 58 82
8 312 11 762
34 77 29 164
36 312 23 762
48 312 41 762
51 312 29 762
60 312 17 762
81 29 23 454
89 312 35 762
105 77 11 164
116 312 47 762
125 77 5 164
143 312 53 762
154 312 59 762
173 29 13 1495
182 77 23 164
182 312 5 762
190 77 41 164
218 29 11 454
222 77 47 164
223 312 53 736
225 29 5 454
235 312 47 736
236 29 17 454
249 77 17 164
250 77 59 164
251 312 59 736
254 312 11 971
267 312 29 971
270 77 35 164
276 77 53 164
288 29 35 454
294 77 5 1414
305 29 29 454
308 312 17 971
329 77 11 1414
338 312 23 971
341 312 35 971
345 29 53 454
373 77 17 1414
380 29 47 454
387 312 41 971
393 29 41 454
453 77 29 1414
455 29 59 454
514 312 47 971
530 77 23 1414
534 29 5 76
542 312 5 774
553 77 35 1414
561 77 59 1414
599 29 29 76
600 29 11 76
616 312 53 971
622 77 41 1414
633 312 59 971
646 29 17 76
648 29 47 76
657 29 23 76
662 77 47 1414
674 77 1 1350
681 77 5 1350
682 77 53 1414
695 77 3 1350
697 29 35 76
708 29 53 76
722 77 7 1350
739 312 11 774
752 312 23 774
761 312 29 774
789 312 17 774
804 77 15 1350
809 29 41 76
816 29 59 76
829 29 5 1009
847 312 41 774
871 77 11 1350
876 312 5 1412
921 77 17 1350
931 29 11 1009
954 77 13 1350
971 312 35 774
974 312 11 1412
980 29 17 1009
985 312 17 1412
986 312 23 1412
992 29 41 1009
997 312 29 1412
3 5 31 948
25 75 37 969
70 5 37 948
77 75 43 969
90 75 49 969
94 194 31 638
101 75 19 745
131 5 25 948
131 75 55 969
146 218 21 931
157 5 55 948
157 75 25 745
160 5 49 948
163 5 43 948
170 218 31 931
206 75 13 745
212 218 43 931
216 5 43 222
227 5 49 222
233 5 7 222
259 194 37 638
262 75 1 745
265 5 13 948
266 218 1 931
275 218 13 931
297 218 7 931
306 218 37 931
310 5 19 948
310 218 37 1456
324 75 7 745
327 5 13 222
364 5 1 948
372 75 37 745
381 75 49 745
391 218 55 931
397 5 1 222
403 218 49 931
405 5 55 222
405 218 1 1456
407 218 25 931
409 218 7 1456
424 5 19 222
440 194 19 638
445 218 27 1456
454 194 43 638
461 75 7 939
464 5 1 726
469 218 31 1456
478 218 13 1456
489 75 43 745
490 5 25 222
498 218 19 1456
525 194 13 638
526 5 37 222
562 5 7 726
565 5 25 726
566 75 31 745
601 218 49 1456
610 194 1 638
612 75 55 745
618 75 13 939
618 218 43 1456
635 75 25 939
638 75 1 939
639 75 33 939
645 194 25 638
656 75 19 939
656 218 55 1456
663 194 25 889
665 5 19 726
671 218 1 557
673 194 1 889
685 5 33 222
686 5 19 741
688 75 37 939
692 218 7 557
693 194 9 638
695 75 25 1153
711 194 49 638
728 194 55 638
731 194 13 889
735 218 49 557
736 194 7 889
740 75 43 939
743 194 19 889
747 75 13 1153
750 194 31 889
762 5 13 726
777 5 49 726
784 75 55 939
789 5 31 726
798 218 13 557
801 194 19 505
802 75 19 1153
803 218 25 557
805 218 13 1014
806 75 3 1153
824 5 55 726
831 218 19 557
840 218 43 557
845 5 1 741
850 75 55 1153
852 194 1 505
856 75 49 939
861 194 7 505
867 194 55 889
867 218 1 1014
870 75 31 1153
886 218 31 557
892 75 7 1153
894 5 43 726
894 75 7 369
896 75 1 369
898 5 9 741
904 5 13 741
933 75 37 1153
947 5 25 741
948 5 37 726
956 218 55 557
967 194 37 889
977 75 49 1153
981 5 31 741
995 194 43 889
7 179 19 1256
10 314 16 294
13 53 49 1202
20 314 37 294
26 53 46 1362
34 179 25 1256
42 179 28 1256
45 53 52 1202
47 161 19 181
47 314 22 294
48 161 22 181
51 306 19 1438
61 306 16 1438
63 161 25 181
66 161 37 181
67 161 31 181
67 179 34 1256
72 53 49 1362
73 306 25 1438
90 179 22 1256
90 53 55 1362
92 314 4 294
105 179 37 1256
134 306 28 1438
141 53 37 557
163 314 19 294
187 314 13 294
188 53 13 95
192 179 7 1256
193 53 16 95
198 306 1 1438
199 306 7 1438
214 161 40 181
220 179 31 1256
223 306 10 1438
231 314 1 112
243 306 22 1438
252 53 52 1362
256 314 1 294
263 179 49 1256
277 53 58 1362
280 306 4 1438
281 179 40 1256
288 161 4 181
291 179 10 1256
295 161 43 181
295 306 31 1438
300 306 34 1438
302 179 43 1256
304 314 28 294
306 161 10 181
315 314 31 294
317 314 25 294
324 179 46 1256
332 161 46 181
335 306 40 1438
342 179 16 1256
362 53 40 557
368 314 34 294
370 161 28 181
372 179 52 1256
386 314 7 294
396 179 10 1166
404 314 43 294
420 161 7 181
423 179 13 1256
426 306 58 1438
431 314 40 294
433 161 52 181
439 179 58 1256
456 314 13 399
460 161 49 181
460 306 43 1438
463 179 1 1166
463 53 22 95
469 306 37 1438
476 161 34 181
478 161 55 181
486 314 55 294
489 179 55 1256
491 161 16 181
491 53 25 95
496 314 46 294
509 179 4 1166
510 53 28 95
517 314 49 294
518 314 10 294
520 53 55 95
523 306 13 1438
527 53 19 95
537 53 34 95
547 306 46 1438
552 53 1 243
567 179 33 1166
578 179 7 1166
587 53 52 95
590 53 31 95
600 314 52 294
622 314 1 399
623 179 13 1166
630 306 49 1438
637 179 16 1166
639 161 58 181
644 314 58 294
664 53 4 243
679 179 25 1166
683 161 7 911
683 314 10 399
692 306 52 1438
697 314 4 399
701 306 4 902
714 161 1 911
718 179 19 1166
720 179 40 1166
731 306 1 902
741 161 4 911
749 314 16 399
752 306 10 902
753 179 22 1166
760 306 22 902
763 179 28 1166
764 179 37 1166
765 161 22 911
771 314 28 399
773 314 7 399
785 161 10 911
785 179 43 1166
790 161 13 911
795 53 37 95
800 314 22 399
804 306 43 228
806 306 55 1438
811 306 55 228
812 306 16 902
819 161 28 911
825 314 25 399
827 53 49 95
828 53 58 95
830 53 40 95
847 314 31 399
848 161 19 911
848 314 34 399
871 161 31 911
872 53 43 95
876 306 7 902
879 161 25 911
881 179 1 28
890 161 34 911
890 306 19 902
892 161 37 911
894 161 58 911
895 179 58 1166
896 179 55 1166
902 314 49 399
922 306 13 902
924 161 16 911
926 306 31 902
935 179 49 1166
936 314 37 399
944 179 52 1166
946 306 55 825
949 161 40 911
954 314 46 399
955 306 58 228
956 306 46 228
960 161 4 1007
964 306 43 902
967 161 43 911
980 306 37 902
992 53 7 243
996 161 25 1007
998 161 46 911
9 395 23 240
10 224 11 481
29 246 11 142
50 246 17 142
52 224 17 481
52 246 23 142
68 395 5 240
77 395 17 240
78 246 29 142
101 224 5 481
110 391 17 1162
123 246 41 142
129 224 29 481
130 246 59 142
133 395 11 240
141 391 11 1162
141 395 29 240
151 224 23 481
151 246 47 142
154 395 41 240
156 224 29 586
165 391 35 1162
170 391 5 1162
174 224 35 481
183 391 23 1162
185 224 41 481
186 246 35 142
189 224 53 481
189 391 41 1162
190 395 47 240
200 224 41 586
207 224 47 586
209 224 53 586
218 246 17 1391
219 246 53 142
229 395 53 240
230 224 59 586
231 246 11 1391
232 224 5 753
242 395 59 240
252 395 35 240
254 224 13 753
259 224 11 753
264 246 5 1391
267 224 35 753
268 224 23 753
272 391 29 1162
276 246 23 1391
286 391 47 1162
290 395 47 424
306 224 29 753
306 391 53 1162
317 395 53 424
328 224 41 753
334 391 5 7
340 395 5 931
346 246 41 1391
359 391 59 1162
361 224 47 753
372 246 29 1391
380 224 53 753
401 391 23 7
408 395 59 424
410 224 59 753
420 391 17 7
458 246 47 1391
479 395 11 931
483 246 59 1391
498 391 29 7
509 391 7 7
511 391 53 7
511 395 17 931
516 224 5 1306
525 224 11 1306
529 391 47 7
543 395 29 931
543 246 35 1391
557 224 17 1306
557 391 59 7
557 246 53 1391
567 391 41 7
579 224 29 1306
580 395 41 931
584 246 5 21
585 395 35 931
602 246 11 21
641 395 19 931
655 224 23 1306
661 224 47 1306
666 224 35 1306
667 246 17 21
694 224 5 179
694 246 23 21
717 246 35 21
718 395 47 931
725 224 41 1306
727 224 59 1306
733 246 41 21
734 395 59 931
741 246 29 21
758 246 59 21
767 246 47 21
770 224 53 1306
774 391 35 7
777 224 11 179
793 395 53 931
810 395 17 1311
816 224 17 179
821 391 5 8
856 391 11 8
862 224 55 179
863 224 35 179
875 246 53 21
898 246 5 209
899 395 5 1311
902 391 17 8
917 246 11 209
920 391 23 8
932 391 29 8
933 391 35 8
939 395 41 1311
941 224 59 179
944 391 41 8
961 391 59 8
961 246 23 209
965 395 11 1311
972 224 5 638
973 246 17 209
983 391 53 8
984 246 29 209
987 224 7 638
999 224 35 638
18 367 19 503
21 227 43 539
23 227 31 539
35 317 49 332
49 227 37 539
56 227 49 539
74 147 43 723
78 317 43 332
88 317 31 332
103 367 1 503
107 160 37 354
118 227 55 539
126 160 7 354
126 227 19 539
136 227 13 539
143 147 55 723
174 160 49 354
175 147 49 723
181 317 31 1178
190 160 43 354
191 227 1 539
194 160 55 354
196 147 13 1417
197 367 25 503
199 160 31 354
201 227 49 849
203 147 25 539
208 317 19 1178
228 317 37 1178
229 147 7 539
244 317 25 1178
271 160 1 354
273 227 13 849
276 317 49 1178
286 317 55 1178
288 367 15 503
291 227 37 849
299 160 19 354
320 147 49 1417
331 317 43 1178
332 367 49 503
341 317 1 382
344 227 1 849
355 147 1 1417
362 367 31 503
364 317 7 1178
378 227 19 849
382 227 1 877
386 160 1 488
395 147 19 1417
397 147 25 1417
398 227 13 877
398 147 37 1417
401 227 43 849
405 367 7 503
409 317 27 382
421 147 1 197
425 367 13 1099
438 160 13 354
448 367 55 503
481 147 31 1417
487 367 7 1099
523 227 31 849
532 367 37 503
537 160 25 354
560 227 7 877
580 160 31 488
590 367 19 1099
622 160 7 488
625 227 55 849
637 160 25 488
639 317 13 332
644 317 13 1178
668 317 13 382
669 160 37 488
671 367 43 503
672 317 19 382
674 147 7 1417
676 160 25 941
680 147 43 1417
686 160 25 229
692 227 19 877
696 317 31 382
698 227 25 849
703 367 55 895
713 227 25 877
715 227 31 877
722 147 9 197
745 367 25 1099
750 317 49 382
755 317 55 382
757 367 15 35
772 317 7 382
778 227 37 877
781 367 33 1099
795 367 19 35
831 317 1 952
838 160 43 488
847 227 43 877
859 160 13 488
869 147 13 197
875 227 49 877
880 160 49 488
883 147 31 197
886 367 43 1099
892 227 31 1007
895 317 25 952
898 317 31 952
902 147 25 197
922 160 19 488
937 147 55 1417
945 147 55 197
948 317 49 952
963 160 1 941
977 160 55 488
979 227 37 1007
980 367 49 1099
982 147 19 197
985 367 25 35
4 119 22 1291
10 289 28 72
17 52 34 1177
26 52 10 1177
27 289 49 911
29 289 55 911
35 289 22 1227
45 289 34 1227
103 119 28 1291
112 52 13 1177
117 52 25 1177
132 52 31 1177
141 52 7 1177
148 289 52 911
148 52 19 1177
152 289 49 1227
152 52 16 1177
157 289 52 1227
170 52 49 1177
174 119 37 1291
212 289 31 229
216 289 25 1227
235 289 28 1227
248 52 22 1177
252 119 25 1291
262 289 45 1227
265 119 34 1291
268 119 40 1291
276 52 1 1177
283 289 40 1227
292 289 55 1227
307 119 31 1291
311 289 58 1227
314 119 43 1291
329 119 46 1291
340 52 55 1177
348 52 4 1177
355 119 49 1291
472 119 7 1406
478 289 37 1227
491 119 55 1291
505 119 1 1406
507 289 1 229
509 289 9 229
512 119 58 1291
513 289 13 229
515 52 28 1177
533 119 52 1291
537 289 19 229
538 289 4 229
547 52 37 1177
547 119 10 1406
549 119 13 1406
566 119 16 1406
579 52 40 1177
593 119 4 1406
600 52 46 1177
606 119 27 1406
610 119 34 1406
621 119 19 1406
644 289 22 229
646 119 22 1406
650 289 37 229
657 119 31 1406
669 289 34 229
677 119 7 131
683 52 43 1177
690 289 16 229
716 289 52 229
744 289 49 229
750 52 58 1177
788 119 40 1406
798 52 52 1177
809 289 45 229
812 119 37 1406
817 119 49 1406
838 52 34 74
843 52 40 74
844 52 7 1007
848 52 49 74
856 52 46 74
860 52 10 1007
922 52 1 1007
933 52 52 74
977 289 40 229
982 289 55 229
999 119 43 1406
29 107 17 376
53 107 11 376
54 107 35 376
70 107 23 376
89 107 29 376
190 107 53 376
251 107 41 376
284 107 5 376
296 107 47 376
367 107 59 376
382 107 5 415
420 107 29 415
428 107 11 415
471 107 17 415
474 107 23 415
492 107 47 415
504 107 41 415
572 107 59 415
601 107 53 415
607 107 5 969
651 107 11 969
682 107 35 415
719 107 17 969
737 107 41 969
746 107 47 969
784 107 53 969
790 107 59 969
845 107 51 1208
870 107 11 509
902 107 5 509
908 107 17 509
922 107 23 509
925 107 59 509
988 107 29 509
8 86 49 1473
13 49 55 368
14 9 55 116
15 86 19 1408
23 140 37 986
25 9 19 1003
29 49 25 460
31 144 19 1420
56 9 31 1003
58 49 31 460
62 51 37 1405
67 49 49 460
79 51 31 1405
80 9 37 1003
96 140 25 986
101 51 43 1405
103 144 31 1420
105 86 25 1408
110 140 19 986
112 86 9 1408
112 92 31 215
120 92 13 215
128 144 49 1420
130 86 55 1473
138 92 25 215
139 140 13 986
139 49 37 460
144 92 19 215
147 49 43 460
148 86 55 826
154 92 37 215
168 51 55 1405
168 86 31 1408
182 92 49 215
185 140 1 986
186 49 55 460
193 140 7 986
194 51 49 1405
203 140 19 414
206 140 31 986
207 49 1 355
215 140 7 414
227 140 43 986
231 144 25 1420
234 144 43 1420
238 140 25 414
238 51 21 1405
245 144 37 1420
249 51 19 514
253 86 37 1408
259 51 43 514
260 86 1 1408
268 86 55 1408
280 49 25 355
282 144 55 1420
284 144 9 749
289 51 49 514
299 9 43 1003
306 9 55 1003
308 144 25 749
315 140 39 414
319 9 13 336
330 140 1 414
365 144 1 749
366 9 49 1003
374 92 55 215
376 49 13 355
378 144 13 749
378 92 49 335
379 49 7 355
382 49 19 355
383 92 1 215
386 51 55 514
391 92 7 215
395 9 37 336
407 49 31 355
412 9 1 336
412 92 43 215
429 49 13 246
441 140 13 414
443 9 25 1003
446 49 37 355
447 9 7 336
452 51 31 514
453 92 55 335
466 92 13 410
469 51 1 1405
476 86 43 1408
486 92 25 410
489 140 51 986
490 49 43 355
493 9 19 336
494 144 33 749
497 144 1 549
499 92 19 410
504 49 55 355
518 92 43 335
520 144 7 549
526 51 13 1405
535 92 1 410
539 49 7 246
541 51 7 1405
541 92 13 540
544 144 19 749
545 86 13 1408
548 140 33 414
549 140 43 414
552 144 13 549
561 86 7 145
569 140 13 578
571 86 13 145
581 140 49 414
584 144 43 749
595 51 1 514
602 9 31 336
606 9 55 336
607 9 43 336
614 9 25 336
616 92 31 335
617 51 37 514
625 86 1 145
628 92 31 410
631 86 19 145
634 49 45 246
640 140 25 578
655 9 49 336
657 140 1 578
662 51 25 1405
663 9 31 518
663 144 37 749
664 9 7 518
665 49 37 246
666 49 19 246
671 51 7 514
674 49 3 246
678 92 43 410
678 49 51 355
689 140 55 414
690 92 9 540
692 144 43 549
694 140 1 587
699 92 25 540
709 51 25 514
711 9 1 518
715 92 55 410
721 49 25 246
726 49 1 262
728 9 7 928
730 51 13 514
734 92 1 540
746 86 49 1408
750 86 13 518
753 86 31 145
756 9 13 928
762 140 7 578
763 144 31 321
786 86 25 145
789 49 55 246
801 144 25 549
808 86 45 145
819 86 37 145
823 140 19 578
824 86 49 145
826 9 25 518
830 9 43 518
838 86 49 518
858 86 19 518
863 140 37 578
864 140 49 578
867 49 13 262
870 51 37 961
903 92 37 335
907 86 37 518
913 86 15 863
919 51 13 961
928 86 55 145
931 86 37 863
934 9 19 928
936 86 55 518
938 140 31 578
948 51 55 961
949 92 49 410
950 140 55 578
953 86 1 863
954 140 49 587
960 51 7 961
968 140 7 587
977 92 31 540
982 92 37 410
985 92 19 540
994 92 37 540
3 311 37 189
11 254 58 122
12 118 25 253
13 237 19 1047
39 237 25 1047
44 254 43 958
61 118 37 253
65 254 7 1038
69 169 31 1048
76 254 49 958
81 7 58 775
81 169 7 1048
91 311 34 189
93 169 34 1048
93 237 22 1047
110 311 31 189
115 311 28 189
125 237 31 1047
139 237 34 1047
141 254 46 958
147 118 28 253
154 254 52 958
160 254 4 1038
161 169 37 1048
163 7 55 775
164 311 40 189
165 169 25 1048
166 169 28 1048
167 118 40 253
171 169 40 1048
174 254 16 1038
177 254 31 1038
179 237 43 1047
180 254 19 1038
184 237 46 1047
191 311 49 189
199 254 43 1038
201 254 25 1038
206 169 49 1048
207 237 7 1047
207 118 10 253
209 7 37 1086
209 254 13 1038
214 118 22 253
217 311 55 189
219 7 40 1086
221 311 43 189
235 311 7 1393
242 237 1 1047
244 118 13 253
246 7 43 1086
248 237 16 1047
254 311 58 189
258 118 4 1052
262 237 10 1047
270 254 49 1038
274 311 46 189
282 237 28 1047
283 7 46 1086
290 118 58 253
291 254 52 1038
297 169 46 1048
305 169 49 540
306 118 16 253
309 254 28 1038
312 237 4 1047
319 254 22 1038
321 169 10 1048
321 311 52 189
322 311 13 1393
327 237 7 121
352 118 7 253
358 254 1 1038
368 118 31 253
369 169 1 623
380 118 43 253
393 169 46 116
394 237 13 1047
408 237 37 1047
409 7 37 1099
412 311 10 1393
419 237 58 1047
426 237 1 121
446 169 43 1048
446 118 34 253
455 311 1 1393
457 237 49 1047
472 254 10 1038
474 118 1 561
475 169 52 1048
477 118 13 561
478 254 40 1038
481 311 4 1393
485 7 55 1086
490 7 58 1086
496 254 34 1038
504 254 46 1038
508 254 55 1038
515 7 52 1086
515 254 37 1038
519 237 52 1047
522 169 43 540
522 311 25 1393
532 237 10 121
532 118 49 253
554 311 19 1393
559 169 52 116
560 254 58 1038
573 237 55 1047
577 311 16 1393
581 169 16 623
588 118 46 253
601 311 22 1393
602 118 4 561
603 118 55 253
609 311 1 138
610 169 52 540
611 311 46 1393
614 118 7 561
625 7 13 1413
625 169 7 623
626 311 37 1393
638 237 40 1047
640 254 31 1090
643 7 49 1086
646 169 19 623
647 169 58 1048
648 7 58 1099
653 118 37 561
654 254 1 1090
658 237 4 121
660 7 55 1099
671 254 13 1090
675 118 19 561
680 118 10 561
687 7 16 1413
693 169 55 1048
700 254 7 1090
702 237 13 121
702 254 16 1090
717 254 10 1090
718 7 40 1099
720 118 52 253
722 169 55 540
725 254 4 1090
727 237 19 121
730 169 10 623
739 237 22 121
743 7 46 1166
743 311 31 1393
745 311 34 1393
753 7 19 1413
764 7 22 1413
765 7 25 1413
771 254 34 1090
782 169 13 623
790 169 4 623
794 7 28 1413
797 311 4 138
803 169 31 623
804 311 40 1393
817 311 28 1393
818 118 25 561
821 237 46 121
830 7 37 1413
836 311 34 138
837 169 25 623
837 311 43 1393
839 7 40 1413
843 169 28 623
856 254 43 1090
859 311 58 1393
860 169 34 623
864 118 31 561
874 7 10 138
875 254 37 1090
877 311 55 1393
879 169 52 623
906 118 34 561
908 7 43 1413
908 311 49 1393
909 311 16 138
910 7 46 1413
921 118 22 561
925 311 13 138
928 237 43 121
930 7 7 138
935 7 52 1413
936 311 52 1393
940 311 19 138
941 237 31 121
946 118 16 561
946 311 22 138
950 169 1 772
955 7 49 1413
955 169 7 772
956 169 22 623
959 311 43 138
964 237 16 121
967 311 31 138
968 237 34 121
981 7 58 1413
984 254 19 1090
985 311 40 138
986 118 28 561
990 311 25 138
992 7 37 138
992 254 25 1090
995 254 49 1090
997 7 1 270
4 19 29 16
6 239 17 91
15 138 29 68
16 138 17 68
16 44 23 1493
21 19 17 16
24 280 5 144
34 19 35 16
53 44 17 1493
57 239 23 91
59 138 35 68
59 280 29 144
60 44 11 1493
77 44 29 1493
80 44 35 1493
84 44 41 1493
85 280 11 144
93 280 17 144
103 280 23 144
105 239 29 91
108 138 5 68
114 280 47 144
115 44 47 1493
126 138 11 68
137 138 41 68
152 138 23 68
153 280 35 144
171 109 47 641
177 138 47 68
178 109 35 641
196 280 41 144
209 19 5 16
217 239 11 91
219 109 29 641
221 239 5 91
231 138 53 68
235 44 53 1493
240 109 59 641
240 19 11 16
244 109 41 641
249 138 5 288
250 44 5 1493
252 138 11 288
255 138 59 68
258 239 47 91
260 239 59 91
263 138 17 288
266 19 41 16
275 44 17 125
282 19 23 16
283 239 35 91
290 239 41 91
302 239 53 91
304 19 47 16
305 109 5 1378
311 239 41 465
312 109 53 641
324 44 59 1493
330 19 59 16
342 44 11 125
361 109 17 1378
362 19 5 1286
364 280 59 144
366 138 29 288
367 19 53 16
378 239 47 465
379 44 29 125
383 109 29 1378
396 239 53 465
397 239 59 465
422 19 17 1286
428 109 41 1378
437 280 53 144
439 19 11 1286
457 44 23 125
459 280 5 861
467 280 19 861
470 280 17 861
480 109 23 1378
489 109 47 1378
492 239 53 1335
493 239 5 279
496 138 23 288
499 44 53 125
503 280 11 861
506 138 47 288
512 19 23 1286
531 109 53 1378
531 19 29 1286
541 239 59 1335
566 19 35 1286
575 109 35 1378
576 239 11 279
588 109 59 1378
598 280 29 861
602 239 17 279
612 19 41 1286
614 19 47 1286
619 44 35 125
621 239 23 279
640 280 35 861
653 44 59 125
670 138 11 738
673 44 41 125
674 109 11 404
674 280 41 861
689 280 53 861
695 19 59 1286
696 19 53 1286
710 138 41 288
713 280 47 861
715 19 11 57
718 44 10 1398
725 138 53 288
737 44 16 1398
741 239 35 279
745 138 29 738
746 280 59 861
751 239 29 279
753 44 47 125
769 138 23 738
772 138 5 738
773 44 23 1398
774 138 41 738
779 239 41 279
782 138 17 738
792 19 5 57
794 109 5 404
795 138 35 738
798 44 19 1398
809 138 53 738
813 280 27 1320
818 280 47 1320
826 280 53 1320
839 109 17 404
854 44 28 1398
868 138 47 738
877 109 23 404
877 280 5 898
879 138 59 738
880 239 47 279
881 239 59 279
882 280 11 898
884 109 29 404
890 239 53 279
895 19 23 57
899 138 17 1449
907 44 21 1398
911 239 5 69
912 44 40 1398
925 109 5 669
928 280 59 1320
932 109 35 404
939 280 17 898
944 109 17 669
948 239 19 23
951 280 23 898
957 44 25 1398
960 239 11 69
961 239 29 69
967 44 34 1398
970 109 41 404
970 19 17 57
971 138 5 1449
973 138 11 1449
980 109 47 404
982 239 17 69
990 19 29 57
993 19 35 57
995 109 53 404
996 280 29 898
31 364 37 28
65 282 37 568
69 364 13 28
88 364 19 28
103 282 49 1398
122 364 13 65
146 364 25 28
173 364 19 65
174 364 55 28
209 282 43 1398
224 282 13 568
226 282 31 568
234 364 7 28
266 364 31 28
332 364 1 65
335 364 25 65
337 282 55 1398
352 282 25 568
355 364 43 28
357 364 7 65
366 282 1 568
370 282 49 568
389 282 7 568
414 364 31 65
422 364 1 173
427 364 43 65
448 282 19 568
466 364 7 173
492 282 1 725
500 364 43 173
512 282 13 725
536 282 39 623
537 364 55 65
584 364 13 173
587 282 55 568
627 282 27 725
679 364 37 65
693 364 49 28
832 282 45 568
859 282 45 623
885 282 7 725
899 364 37 173
928 364 7 699
955 364 31 173
962 282 55 623
984 364 25 173
988 282 55 725
30 255 37 898
37 292 31 1398
46 255 40 898
47 292 37 1398
76 292 40 399
87 292 52 399
117 292 43 399
125 255 49 898
127 292 19 399
136 292 58 399
146 292 55 399
162 255 13 601
180 292 22 1263
184 255 55 898
208 255 58 898
218 292 1 1263
229 292 4 469
237 292 7 1263
241 255 46 1406
243 255 43 382
298 255 52 898
325 255 37 382
349 255 46 382
353 292 4 1263
358 255 52 1406
360 255 55 1406
371 255 7 601
375 255 1 601
387 255 58 1406
392 255 16 601
403 255 10 601
407 255 40 382
416 292 10 1263
423 292 16 1263
450 255 19 601
461 255 22 601
543 255 4 601
544 255 25 601
554 292 25 1263
562 255 37 601
577 292 19 1263
604 255 19 863
633 255 34 601
735 255 31 601
738 255 43 601
779 292 13 1263
804 292 33 1263
845 255 28 601
851 255 55 601
852 292 19 378
878 292 28 1263
884 292 40 1263
885 292 45 1263
918 292 55 1263
922 292 37 1263
937 255 40 601
966 255 49 601
20 351 29 207
44 351 23 207
48 351 53 207
58 114 11 1138
63 114 19 1138
68 216 29 819
69 114 29 1138
71 114 35 1138
73 114 17 1138
77 351 35 207
92 351 41 207
125 216 23 819
147 216 11 819
163 216 5 819
178 351 5 207
197 216 35 819
202 114 41 1138
230 114 5 1138
244 114 53 1138
252 114 5 341
266 216 17 819
294 216 47 819
297 351 11 207
321 351 47 207
334 351 13 207
357 114 47 1138
357 351 59 207
386 351 5 667
393 351 11 667
406 216 41 819
436 351 35 667
440 216 59 819
445 216 53 819
455 351 17 667
484 114 11 341
506 216 11 93
513 351 23 667
519 114 59 1138
523 114 17 341
540 351 41 667
561 114 23 341
589 216 5 93
600 351 29 667
601 351 47 667
608 114 29 341
612 216 17 93
613 351 53 667
619 114 41 341
620 351 59 667
645 351 11 814
669 351 1 814
695 114 35 341
725 351 23 814
732 216 29 93
732 351 35 814
770 351 41 814
778 216 23 93
784 351 17 814
818 351 59 814
821 216 53 93
858 216 35 93
860 216 41 93
861 351 29 814
881 114 41 509
900 351 5 1103
909 114 47 341
915 216 55 93
919 351 47 814
962 114 53 341
967 351 53 814
973 216 47 93
984 351 11 1103
991 216 5 210
995 351 17 1103
28 276 31 1161
57 276 49 1161
74 276 7 1135
95 276 55 1161
106 276 43 1161
123 276 49 521
144 276 43 1051
191 276 13 1135
217 276 25 1135
230 276 21 1135
240 276 31 1135
312 276 55 1135
322 276 37 1135
331 276 1 1135
351 276 49 1135
376 276 49 1110
389 276 13 1110
391 276 43 1135
428 276 25 1110
437 276 19 1110
465 276 7 1110
474 276 13 1123
475 276 1 1110
578 276 31 1110
584 276 1 1123
618 276 7 1123
662 276 31 1123
756 276 7 1480
820 276 43 1110
846 276 55 1110
876 276 25 1123
896 276 13 1480
949 276 43 1123
973 276 49 1123
40 369 35 1120
77 369 23 1120
94 74 17 584
102 74 5 584
108 74 29 584
148 74 11 584
161 369 5 1120
177 74 35 584
202 74 47 584
204 74 41 584
220 369 11 1120
227 74 23 584
236 74 53 584
236 369 29 1120
239 369 41 1120
271 369 47 1120
281 369 53 1120
324 369 17 1120
331 369 59 1120
338 369 11 318
382 74 59 584
412 74 5 993
415 369 53 79
460 369 17 318
466 74 11 993
467 369 59 79
484 74 13 993
550 369 23 318
558 74 23 993
571 74 29 993
578 369 5 318
602 74 35 993
608 74 43 993
618 369 29 318
635 369 35 318
649 74 41 993
667 74 53 993
709 74 41 1293
725 369 43 318
769 369 41 318
791 74 35 1293
807 369 53 318
830 369 55 318
842 74 55 993
849 369 5 526
924 74 47 1293
932 74 53 1293
940 74 59 1293
945 369 29 526
966 369 11 526
970 74 5 353
981 369 17 526
990 74 11 353
997 74 17 353
74 204 19 1088
89 204 13 1088
94 204 49 1088
116 204 1 1088
127 204 37 1088
139 204 43 1088
164 204 55 1088
256 204 31 1088
342 204 7 1088
348 204 9 1274
365 204 55 1274
369 204 25 1088
388 204 19 1274
389 204 49 1274
391 204 37 1274
401 204 37 1334
432 204 1 1274
481 204 19 1334
505 204 31 1274
508 204 13 1274
599 204 25 1274
631 204 9 1334
689 204 1 1334
956 204 13 1334
112 335 19 1387
129 335 10 1387
263 335 4 1387
282 335 1 1387
315 335 22 1387
353 335 7 1387
411 335 31 1387
448 335 15 1387
451 335 25 1387
532 335 34 1387
560 335 28 1387
564 335 37 1387
574 335 58 1387
577 335 43 1387
607 335 40 1387
638 335 52 1387
655 335 7 212
656 335 46 1387
681 335 10 212
703 335 25 212
781 335 4 212
891 335 28 212
892 335 55 1387
901 335 55 1163
968 335 13 212
58 153 17 524
104 153 11 524
106 153 29 524
187 153 5 524
195 153 35 524
210 153 47 524
235 153 23 524
262 153 53 524
265 153 41 524
279 153 59 524
281 153 59 110
348 153 59 404
355 153 53 1262
385 153 59 1262
418 153 49 368
428 153 39 368
442 153 59 368
450 153 5 513
455 153 53 368
566 153 11 513
582 153 29 513
590 153 17 513
630 153 41 513
669 153 23 513
714 153 53 513
744 153 33 368
762 153 35 513
793 153 47 513
806 153 11 1202
809 153 59 513
823 153 5 1202
832 153 35 1202
837 153 17 1202
842 153 23 1202
849 153 41 1202
869 153 29 1202
897 153 5 1381
943 153 29 1381
984 153 59 1202
1 302 31 35
2 73 31 941
13 300 25 1315
18 302 49 35
23 302 43 35
26 300 19 1315
30 73 49 941
40 73 37 941
51 73 43 941
57 302 55 35
62 73 55 941
87 302 13 166
132 73 25 1080
132 302 37 35
152 302 7 166
169 73 31 1080
182 300 31 1315
192 73 37 1080
195 73 43 1080
204 73 1 1080
205 73 49 1080
217 73 7 941
229 300 13 1315
230 302 25 166
237 73 37 1097
239 73 13 941
266 73 55 1080
272 300 1 1315
287 302 7 405
297 300 49 1315
299 300 37 1315
309 73 13 1080
309 300 43 1315
334 73 1 1097
340 300 1 220
343 300 19 220
349 73 7 1080
354 300 7 1315
355 73 13 1097
358 73 7 1097
363 302 1 35
391 300 19 459
394 73 43 1097
412 73 19 941
445 300 49 65
454 300 37 220
461 300 13 220
462 300 7 220
472 73 31 1097
480 300 25 220
508 73 49 1097
525 73 19 1080
555 73 19 1097
564 300 7 459
571 302 19 166
574 300 31 220
581 73 25 1097
616 73 25 710
629 302 31 166
632 300 25 459
637 300 37 459
649 302 31 405
669 73 7 710
696 73 55 1097
699 300 13 459
702 302 37 166
716 73 13 954
723 73 37 710
729 300 1 459
739 300 55 1315
747 302 19 405
748 302 27 405
783 73 1 954
806 73 31 710
809 73 49 710
813 302 49 166
820 73 19 954
823 73 31 954
828 73 1 992
844 73 19 992
847 73 7 954
869 73 25 954
878 73 7 992
880 302 37 405
901 73 7 1250
903 73 1 1250
903 302 7 1125
927 300 43 220
941 302 43 166
944 300 31 459
946 302 3 166
951 302 7 1484
962 73 37 954
973 73 55 710
984 300 55 220
993 302 55 166
994 300 1 1093
19 64 19 1466
22 125 46 1153
29 358 19 375
32 125 37 243
37 64 28 1466
55 358 22 375
69 64 22 1466
74 125 25 243
75 125 43 1153
78 64 25 1466
83 64 31 1466
86 64 37 1466
93 125 31 243
108 358 25 375
116 125 28 243
126 358 13 375
127 358 49 375
131 358 40 375
142 358 1 375
149 64 49 1466
151 64 43 1466
187 64 46 1466
196 125 19 243
199 358 46 375
200 125 43 243
215 64 55 1466
222 125 13 243
243 64 34 1466
245 64 1 212
266 125 46 243
280 64 52 1466
288 125 40 243
289 358 43 375
305 358 31 375
310 125 55 243
320 358 34 375
321 125 49 243
330 125 16 243
331 64 34 212
338 64 40 1466
349 125 22 243
389 64 31 212
400 64 58 1466
403 358 7 375
403 125 34 243
412 125 7 609
444 125 52 243
446 64 19 212
461 358 40 902
464 125 10 243
468 358 10 375
484 125 1 609
487 125 43 578
536 64 16 212
540 358 4 375
548 125 46 578
562 64 43 212
565 125 37 609
572 358 16 375
574 64 1 230
580 358 55 375
581 125 31 609
588 64 37 212
600 125 58 243
603 358 46 902
611 64 22 212
616 125 4 609
660 358 28 375
667 64 40 212
679 358 34 573
680 358 37 375
684 125 10 609
689 64 13 230
701 125 13 609
727 125 22 609
742 125 19 609
748 358 58 375
754 358 52 375
767 358 28 902
770 358 55 902
773 125 25 609
777 358 1 1336
794 64 46 212
798 358 49 902
802 358 25 902
814 358 34 902
822 64 57 212
834 358 7 1336
835 125 34 609
837 358 28 1336
838 125 28 609
850 125 4 772
866 358 52 902
867 358 25 1336
870 125 16 609
877 358 13 1336
907 125 43 609
910 125 55 609
913 358 10 1336
927 125 49 609
933 125 46 609
942 358 4 1336
947 64 34 230
955 358 16 1336
959 125 52 609
960 358 19 1336
969 125 40 609
971 358 1 1428
972 125 22 772
977 358 37 1336
13 149 22 1058
29 149 31 1058
60 149 25 1058
89 149 19 1058
109 149 13 1058
117 149 28 1058
121 149 7 1058
177 149 37 1058
233 149 1 1058
236 149 10 1058
280 149 34 1058
300 149 19 1310
309 149 4 1058
317 149 40 1058
349 149 43 1058
485 149 46 1058
490 149 7 1310
514 149 55 1058
532 149 52 1058
612 149 13 1310
648 149 1 1310
680 149 58 1058
685 149 10 1310
698 149 16 1058
712 149 4 1310
717 149 16 1310
749 149 49 1058
755 149 28 1310
788 149 58 1310
808 149 34 1310
854 149 40 1310
890 149 22 1310
969 149 49 1310
14 110 53 94
31 110 59 94
53 110 49 562
55 110 29 152
64 110 11 152
73 110 23 152
93 110 41 152
142 110 35 152
166 110 5 152
210 110 53 152
239 110 47 152
271 110 11 1209
294 110 17 152
302 110 59 152
316 110 5 77
324 110 11 77
372 110 17 77
400 110 35 77
419 110 25 77
434 110 47 77
507 110 23 77
581 110 41 77
624 110 5 354
730 110 53 77
776 110 59 77
825 110 23 354
840 110 17 354
842 110 11 354
922 110 29 354
964 110 35 354
5 377 25 1139
15 377 37 1139
58 377 49 1139
136 377 31 1139
151 377 13 1139
152 377 55 1139
161 377 19 1139
206 377 19 1340
215 377 25 1340
227 377 55 1340
269 377 25 230
293 377 7 1139
302 377 31 1340
316 377 1 1340
325 377 43 1139
374 377 25 67
386 377 49 1340
410 377 13 1340
433 377 43 1310
463 377 31 67
535 377 13 405
572 377 55 230
573 377 7 1340
668 377 19 230
697 377 9 230
722 377 37 1340
725 377 37 230
729 377 13 67
767 377 49 230
803 377 13 409
818 377 43 1340
826 377 7 67
839 377 1 405
855 377 43 230
917 377 43 405
929 377 25 409
965 377 55 405
17 22 43 408
54 22 37 723
95 22 31 408
149 22 55 123
265 22 19 408
316 22 7 408
377 22 1 408
399 22 55 1413
400 22 4 408
435 22 34 408
482 22 13 408
529 22 58 123
565 22 40 408
574 22 16 408
662 22 10 408
682 22 22 408
686 22 10 794
708 22 37 408
723 22 46 408
837 22 1 794
894 22 13 794
904 22 49 408
957 22 55 408
965 22 7 794
2 213 55 154
59 213 51 55
67 213 41 183
76 269 5 523
84 269 29 523
96 269 41 523
97 269 17 523
102 213 47 183
123 269 11 523
136 213 23 669
158 269 35 523
161 213 59 183
185 269 23 523
189 269 47 523
195 269 53 523
233 213 11 669
253 269 11 1453
271 213 41 669
280 269 59 523
288 269 1 1453
313 213 47 669
322 269 17 1453
337 213 53 669
339 213 29 669
379 213 35 669
385 269 23 1453
406 269 29 1453
429 213 59 669
436 213 5 711
439 269 41 1453
448 269 35 1453
449 269 47 1453
515 213 11 711
516 213 17 711
523 269 59 1453
561 213 29 711
589 213 35 711
617 269 53 1453
626 269 47 1354
671 213 41 711
678 213 23 711
695 213 5 461
698 213 23 461
723 213 53 711
731 213 47 711
750 213 11 461
807 213 59 711
816 213 35 461
854 269 59 1354
878 213 41 461
882 269 27 1354
891 213 47 461
921 269 53 1354
927 269 5 239
942 269 11 239
970 213 29 461
974 269 17 239
975 213 17 461
990 269 33 1354
998 213 53 461
26 257 43 1007
38 257 28 1007
42 257 46 1007
163 257 49 1007
172 257 13 1007
234 257 19 1007
241 257 16 1007
244 257 22 1007
248 257 25 1074
265 257 52 1007
272 257 55 1007
312 257 37 1074
329 257 58 1007
343 257 46 1074
372 257 43 1074
397 257 31 1074
403 257 55 1074
404 257 52 1074
444 257 40 1074
463 257 58 1074
508 257 1 607
555 257 4 607
558 257 49 1074
603 257 7 607
691 257 10 607
768 257 21 607
792 257 13 607
959 257 16 607
970 257 37 607
129 83 37 197
179 83 49 197
191 83 9 261
198 83 43 197
284 83 13 261
302 83 37 261
322 83 43 261
384 83 55 1090
401 83 49 261
418 83 3 261
425 83 19 261
455 83 25 261
532 83 25 928
667 83 49 928
787 83 31 261
853 83 55 261
913 83 31 928
914 83 19 1337
956 83 1 928
1 261 55 877
50 261 49 369
100 261 31 369
104 261 37 369
143 261 25 369
163 261 25 537
184 261 19 369
185 261 43 369
198 261 19 537
207 261 55 369
229 261 37 537
325 261 7 537
402 261 13 369
423 261 49 537
424 261 31 537
427 261 1 537
454 261 19 841
510 261 13 537
530 261 1 841
566 261 39 841
588 261 13 841
703 261 7 841
731 261 25 841
831 261 13 1497
846 261 49 841
873 261 37 1110
41 180 46 521
58 180 58 521
66 180 40 521
68 180 34 521
88 180 25 694
143 180 31 694
146 180 1 694
151 180 19 694
238 180 4 694
245 180 22 694
264 180 34 694
267 180 37 694
271 180 43 694
285 180 55 694
335 180 52 694
361 180 28 694
379 180 40 694
418 180 46 694
479 180 1 131
488 180 22 131
498 180 16 131
564 180 49 694
584 180 25 131
633 180 4 131
641 180 13 131
671 180 19 131
721 180 33 131
723 180 10 131
736 180 28 131
740 180 37 131
745 180 58 694
792 180 43 131
850 180 13 270
950 180 4 270
983 180 7 270
993 180 10 270
47 362 17 155
52 362 29 155
71 362 23 155
107 362 41 155
112 362 5 155
119 362 11 155
132 362 35 155
133 362 47 155
233 362 53 155
267 362 5 256
285 362 59 155
308 362 23 256
324 362 29 256
326 362 11 256
336 362 35 256
462 362 17 256
494 362 47 256
528 362 41 256
539 362 5 709
541 362 53 256
546 362 59 256
626 362 59 658
654 362 11 709
661 362 17 709
700 362 29 709
703 362 35 709
747 362 23 709
819 362 47 709
922 362 41 709
942 362 53 709
19 85 23 757
22 85 29 757
31 85 11 757
47 85 35 757
169 85 41 757
191 85 17 757
203 85 47 757
238 85 53 757
292 85 5 757
323 85 59 757
344 85 11 765
349 85 1 765
434 85 29 765
444 85 17 765
449 85 23 765
507 85 47 765
525 85 41 765
544 85 53 765
566 85 59 765
614 85 3 865
625 85 5 1017
641 85 35 765
652 85 11 1017
716 85 55 865
755 85 17 1017
786 85 23 1017
790 85 29 1017
846 85 35 1017
859 85 53 1017
868 85 41 1017
896 85 5 1078
897 85 11 1078
908 85 47 1017
910 85 23 1078
917 85 17 1078
974 85 25 1078
25 318 43 561
29 318 37 574
41 318 55 561
74 318 31 574
104 318 49 561
151 318 25 574
181 318 43 574
198 318 25 1133
228 318 19 574
240 318 49 574
319 318 31 1133
343 318 25 113
390 318 1 574
404 318 13 574
406 318 13 1133
538 318 7 574
563 318 7 1133
576 318 37 1133
587 318 1 1133
639 318 43 1133
658 318 19 1133
693 318 13 113
739 318 25 378
830 318 49 1133
839 318 33 113
875 318 43 1330
978 318 7 113
993 318 19 113
Điểm tối ưu: 11979
Thời gian: 6.110359 giây
Trạng thái: GREEDY_DONE
