11921
3 237 1 324
4 241 1 1056
5 382 1 41
10 350 1 13
11 159 1 1035
31 241 7 1056
44 382 7 41
52 266 1 1110
62 237 7 324
73 241 13 1056
81 237 13 324
86 241 19 1056
90 120 1 1198
96 350 7 13
104 382 13 41
108 241 25 1056
109 120 7 1198
109 382 19 41
110 120 13 1198
113 266 7 1110
114 159 7 1035
117 237 19 324
117 382 25 41
123 241 31 1056
126 237 25 324
127 241 37 1056
132 159 13 1035
137 266 13 1110
137 159 19 1035
142 120 19 1198
145 350 13 13
150 382 31 41
153 382 37 41
158 382 43 41
160 382 49 41
166 159 25 1035
179 382 55 41
186 382 1 661
203 266 19 1110
215 159 31 1035
221 237 31 324
225 350 19 13
238 266 25 1110
250 237 37 324
253 350 25 13
261 350 31 13
267 159 37 1035
281 159 43 1035
283 241 43 1056
286 350 37 13
286 382 7 661
288 382 13 661
292 159 49 1035
301 350 43 13
310 350 49 13
318 266 31 1110
325 382 19 661
331 350 55 13
332 237 43 324
339 241 49 1056
340 237 49 324
352 237 55 324
357 382 25 661
358 237 1 529
360 266 37 1110
365 266 43 1110
368 382 31 661
370 120 25 1198
373 382 37 661
378 120 31 1198
382 159 55 1035
387 350 1 799
392 266 49 1110
392 237 7 529
397 120 37 1198
400 241 55 1056
406 237 13 529
407 159 1 1240
408 237 19 529
418 350 7 799
419 382 43 661
421 350 13 799
429 382 49 661
433 266 55 1110
459 382 55 661
460 120 43 1198
471 350 19 799
484 266 1 365
493 266 7 365
494 120 49 1198
495 159 7 1240
508 237 25 529
509 159 13 1240
511 266 13 365
513 350 25 799
527 237 31 529
532 350 31 799
541 237 37 529
545 237 43 529
547 159 19 1240
548 266 19 365
551 159 25 1240
553 241 1 1084
558 237 49 529
564 159 31 1240
565 120 55 1198
578 241 7 1084
580 266 25 365
581 241 13 1084
590 266 31 365
593 120 1 1158
594 120 7 1158
601 350 37 799
604 159 37 1240
615 159 43 1240
633 241 19 1084
637 237 55 529
640 159 49 1240
658 120 13 1158
661 241 25 1084
666 159 55 1240
668 241 31 1084
673 350 43 799
676 241 37 1084
677 350 49 799
697 241 43 1084
700 120 19 1158
708 241 49 1084
723 241 55 1084
730 120 25 1158
769 350 55 799
793 120 31 1158
805 266 37 365
813 120 37 1158
850 266 43 365
867 266 49 365
876 120 43 1158
895 266 55 365
897 120 49 1158
950 120 55 1158
1 369 1 1419
14 152 1 1489
15 177 1 1370
20 381 1 1155
22 381 4 1155
24 353 1 277
25 224 1 753
29 177 4 1370
38 353 4 277
43 48 1 584
47 177 7 1370
48 316 1 597
49 224 4 753
59 255 1 1349
65 345 1 193
66 177 10 1370
74 345 4 193
77 224 7 753
78 345 7 193
87 345 10 193
89 152 4 1489
98 224 10 753
102 369 4 1419
105 255 4 1349
107 381 7 1155
111 255 7 1349
114 353 13 277
116 381 10 1155
119 185 1 1017
129 316 4 597
134 345 13 193
135 177 13 1370
137 316 7 597
138 177 16 1370
147 224 13 753
151 369 7 1419
153 48 4 584
154 353 7 277
155 369 10 1419
158 185 4 1017
159 224 16 753
161 224 19 753
161 255 10 1349
162 152 7 1489
163 369 13 1419
165 345 16 193
172 152 10 1489
176 345 19 193
177 152 13 1489
178 353 10 277
178 345 22 193
190 345 25 193
198 345 28 193
200 353 16 277
200 177 19 1370
208 369 16 1419
209 185 7 1017
213 185 10 1017
232 224 22 753
234 316 10 597
237 48 7 584
238 369 19 1419
241 177 22 1370
245 345 31 193
256 255 13 1349
257 152 16 1489
258 152 19 1489
260 152 22 1489
261 177 25 1370
262 177 28 1370
265 177 31 1370
273 316 13 597
273 381 16 1155
274 48 10 584
276 316 16 597
281 353 19 277
282 185 13 1017
283 381 13 1155
288 185 19 1017
293 381 19 1155
296 152 25 1489
297 353 22 277
297 316 19 597
303 255 16 1349
305 224 25 753
306 177 34 1370
311 345 34 193
314 353 25 277
314 316 22 597
316 255 19 1349
317 224 28 753
317 316 25 597
325 255 25 1349
326 255 22 1349
329 353 28 277
331 48 13 584
331 177 37 1370
336 369 22 1419
346 185 16 1017
352 152 28 1489
356 255 28 1349
358 316 28 597
361 369 25 1419
363 185 22 1017
363 316 31 597
364 177 40 1370
367 177 43 1370
368 369 28 1419
370 353 31 277
376 316 34 597
376 381 22 1155
381 381 25 1155
383 185 25 1017
388 152 31 1489
392 185 28 1017
397 255 31 1349
398 316 37 597
399 369 31 1419
400 152 34 1489
400 345 37 193
403 369 34 1419
405 369 37 1419
405 185 31 1017
412 224 31 753
414 369 40 1419
415 316 40 597
423 381 28 1155
425 369 43 1419
426 177 46 1370
427 224 34 753
428 177 49 1370
437 152 37 1489
439 48 16 584
439 177 52 1370
439 185 34 1017
440 185 37 1017
448 224 37 753
449 255 34 1349
455 177 55 1370
456 353 34 277
456 185 40 1017
458 369 46 1419
459 255 37 1349
460 224 40 753
461 48 19 584
464 177 58 1370
467 177 1 940
469 316 43 597
472 224 43 753
476 381 31 1155
488 316 46 597
490 345 40 193
492 177 4 940
494 369 55 1419
495 177 13 940
498 369 49 1419
501 353 37 277
502 316 49 597
503 185 43 1017
503 255 40 1349
504 353 40 277
504 48 22 584
507 345 43 193
508 255 43 1349
509 255 46 1349
518 152 40 1489
519 353 43 277
525 381 34 1155
527 345 46 193
529 152 43 1489
529 345 49 193
531 224 46 753
546 224 49 753
546 177 7 940
556 381 37 1155
561 369 52 1419
565 381 40 1155
566 152 46 1489
566 185 49 1017
569 177 10 940
577 345 52 193
583 381 43 1155
586 316 52 597
587 48 25 584
587 177 16 940
588 177 19 940
610 224 52 753
610 316 55 597
613 381 46 1155
617 177 22 940
617 345 55 193
621 381 49 1155
623 185 46 1017
624 177 25 940
625 369 58 1419
631 152 49 1489
631 345 58 193
633 152 52 1489
634 316 58 597
635 345 1 305
638 185 52 1017
640 48 28 584
646 369 1 1451
647 185 55 1017
653 185 58 1017
653 316 1 1366
654 48 31 584
654 316 4 1366
660 255 49 1349
662 224 55 753
667 48 34 584
668 369 4 1451
676 185 1 552
677 177 28 940
678 345 4 305
682 177 31 940
683 316 7 1366
690 224 58 753
691 152 55 1489
691 316 10 1366
694 177 34 940
696 381 52 1155
697 177 37 940
698 353 46 277
699 177 40 940
702 381 55 1155
705 353 49 277
707 224 1 1107
712 255 52 1349
715 185 4 552
715 48 37 584
717 255 55 1349
718 152 58 1489
719 381 58 1155
723 185 7 552
724 177 43 940
725 152 1 875
726 185 10 552
730 185 13 552
733 316 13 1366
736 345 7 305
745 316 16 1366
746 381 1 183
756 255 58 1349
759 353 52 277
759 369 7 1451
761 353 55 277
764 381 4 183
765 353 58 277
765 152 4 875
767 177 46 940
770 353 1 45
774 255 1 1377
776 255 4 1377
782 152 7 875
787 177 49 940
799 177 52 940
801 224 4 1107
804 224 7 1107
805 316 19 1366
806 353 4 45
807 255 7 1377
808 177 55 940
809 224 10 1107
810 224 13 1107
810 48 40 584
812 185 16 552
812 316 22 1366
816 177 58 940
817 48 43 584
817 152 10 875
823 255 10 1377
827 316 25 1366
831 381 7 183
832 381 10 183
835 381 13 183
838 48 46 584
838 316 28 1366
843 316 31 1366
850 152 13 875
855 353 7 45
855 255 13 1377
857 345 10 305
861 224 16 1107
867 353 10 45
867 345 13 305
868 353 13 45
869 369 10 1451
873 224 19 1107
873 48 49 584
873 152 16 875
884 48 52 584
885 353 16 45
893 224 22 1107
898 316 34 1366
910 316 37 1366
910 152 19 875
910 381 16 183
911 48 55 584
914 353 19 45
916 369 13 1451
917 381 19 183
918 369 16 1451
921 185 19 552
922 48 58 584
924 316 40 1366
926 369 19 1451
928 381 22 183
935 353 22 45
944 152 22 875
946 353 25 45
946 48 1 169
949 353 28 45
952 353 31 45
955 224 25 1107
958 381 25 183
962 369 22 1451
968 224 28 1107
978 255 16 1377
985 369 25 1451
986 353 34 45
987 316 43 1366
998 316 46 1366
8 142 1 680
11 142 5 680
14 343 4 777
17 142 3 680
22 303 1 274
24 343 7 777
25 30 4 173
32 343 1 777
49 142 7 680
50 343 9 777
55 287 1 1307
59 287 4 1307
60 287 7 1307
66 287 13 1307
67 303 3 274
68 343 11 777
68 30 1 173
68 287 9 1307
76 343 13 777
79 285 1 1218
81 303 5 274
90 142 9 680
90 30 7 173
95 343 15 777
99 146 1 947
101 343 17 777
105 287 11 1307
114 30 11 173
115 303 7 274
119 30 9 173
125 146 3 947
126 142 11 680
127 303 9 274
128 343 19 777
129 285 7 1218
131 343 21 777
132 285 3 1218
136 30 13 173
142 30 15 173
147 146 5 947
149 343 23 777
169 146 7 947
177 30 17 173
177 287 19 1307
179 30 19 173
180 142 13 680
190 287 15 1307
191 285 5 1218
196 146 9 947
198 142 15 680
204 142 17 680
207 142 19 680
217 285 9 1218
218 142 21 680
223 146 11 947
230 287 17 1307
231 30 21 173
234 343 25 777
238 303 11 274
242 343 27 777
243 146 13 947
250 303 13 274
251 142 23 680
254 146 15 947
256 303 16 274
263 287 21 1307
269 343 29 777
270 142 25 680
282 142 27 680
282 146 17 947
293 142 29 680
305 303 19 274
308 285 11 1218
311 303 21 274
319 142 31 680
329 285 13 1218
338 142 33 680
344 343 31 777
346 30 23 173
350 146 19 947
350 287 23 1307
356 285 15 1218
363 285 17 1218
373 287 25 1307
375 303 23 274
379 146 21 947
385 146 23 947
389 303 25 274
390 142 35 680
405 343 34 777
406 285 19 1218
409 30 25 173
410 146 25 947
421 343 37 777
422 285 21 1218
425 287 27 1307
426 343 39 777
429 146 27 947
433 303 27 274
437 142 40 680
447 303 29 274
449 146 29 947
449 287 31 1307
454 343 41 777
456 287 29 1307
459 30 27 173
463 30 29 173
466 30 31 173
468 287 33 1307
470 285 23 1218
470 30 33 173
481 142 37 680
486 142 43 680
486 30 35 173
492 30 37 173
493 303 31 274
496 303 33 274
501 303 35 274
502 343 43 777
507 142 46 680
509 146 31 947
509 285 25 1218
513 285 29 1218
517 287 35 1307
521 285 27 1218
522 30 39 173
529 146 33 947
531 30 41 173
534 287 37 1307
535 142 49 680
543 343 45 777
546 287 39 1307
549 30 43 173
551 30 45 173
554 30 47 173
557 285 31 1218
565 285 33 1218
566 285 35 1218
571 343 47 777
572 343 49 777
581 30 49 173
590 303 37 274
593 303 39 274
593 287 41 1307
594 142 51 680
596 146 35 947
600 142 53 680
602 287 43 1307
603 30 51 173
611 142 55 680
614 142 57 680
617 30 53 173
625 303 41 274
630 30 55 173
634 142 1 504
647 285 37 1218
650 287 45 1307
652 30 57 173
652 287 47 1307
656 146 37 947
661 303 43 274
661 343 51 777
676 285 41 1218
683 146 39 947
684 287 49 1307
687 146 41 947
690 30 1 51
691 285 39 1218
695 303 45 274
696 343 55 777
697 285 47 1218
699 343 53 777
700 287 51 1307
705 146 43 947
716 142 59 680
720 285 43 1218
720 287 53 1307
721 285 45 1218
724 142 3 504
728 30 59 173
737 303 47 274
739 287 55 1307
740 142 5 504
744 142 7 504
749 30 3 51
756 303 49 274
757 343 57 777
759 30 5 51
766 285 49 1218
767 142 9 504
770 30 7 51
793 146 45 947
797 287 57 1307
805 285 51 1218
807 303 51 274
814 303 53 274
816 30 9 51
827 285 53 1218
830 287 59 1307
833 142 11 504
833 343 59 777
844 285 55 1218
844 30 11 51
855 142 16 504
855 287 1 1064
860 343 5 1056
865 146 47 947
866 142 13 504
867 146 53 947
869 146 49 947
875 146 51 947
879 285 57 1218
881 142 19 504
883 285 59 1218
885 285 1 601
886 146 55 947
896 303 55 274
905 287 3 1064
909 287 5 1064
915 303 57 274
919 30 13 51
925 30 15 51
934 287 7 1064
940 285 3 601
942 142 21 504
953 142 23 504
959 285 5 601
964 287 9 1064
969 343 11 1056
970 146 57 947
983 287 11 1064
993 303 59 274
997 287 13 1064
3 375 7 165
18 174 1 317
19 286 1 241
29 286 7 241
34 174 4 317
36 286 4 241
37 131 1 822
62 375 1 165
68 286 13 241
79 131 4 822
85 375 4 165
92 375 10 165
102 286 10 241
103 286 16 241
110 286 19 241
122 131 7 822
132 174 7 317
169 286 22 241
185 131 10 822
186 131 13 822
199 174 10 317
208 131 19 822
211 375 13 165
215 375 16 165
219 174 13 317
224 131 16 822
227 131 22 822
240 375 19 165
247 131 25 822
249 286 25 241
257 131 28 822
263 286 28 241
281 131 31 822
294 174 16 317
309 286 31 241
324 286 34 241
329 286 37 241
351 174 19 317
354 174 22 317
358 375 22 165
367 375 25 165
375 174 25 317
390 286 40 241
392 375 31 165
393 286 43 241
412 286 46 241
422 375 28 165
424 375 34 165
425 174 31 317
432 174 28 317
454 375 37 165
457 375 40 165
461 375 43 165
465 174 34 317
476 286 49 241
481 131 34 822
483 174 37 317
518 286 52 241
521 286 55 241
541 174 43 317
565 174 46 317
572 174 40 317
575 131 37 822
587 375 46 165
588 286 58 241
593 286 7 619
604 286 1 619
605 131 40 822
612 131 43 822
632 131 46 822
648 131 49 822
648 375 52 165
649 286 4 619
653 131 52 822
654 286 10 619
720 375 49 165
720 286 13 619
721 375 55 165
729 174 49 317
743 174 52 317
748 375 58 165
752 131 55 822
754 286 16 619
790 131 58 822
802 375 1 507
809 286 19 619
818 174 55 317
825 131 1 1002
833 375 4 507
834 174 58 317
870 286 22 619
877 131 4 1002
879 131 7 1002
897 174 1 558
902 131 10 1002
915 375 7 507
926 286 25 619
953 174 4 558
963 375 10 507
989 174 7 558
2 151 1 982
6 54 1 524
8 110 3 1265
9 115 1 179
27 54 3 524
33 164 1 1016
34 115 7 179
37 164 4 1016
38 164 7 1016
43 151 4 982
53 151 7 982
60 115 3 179
61 110 1 1265
63 54 5 524
69 115 5 179
72 110 5 1265
72 115 9 179
90 164 11 1016
93 164 9 1016
100 54 7 524
102 54 13 524
105 151 9 982
116 54 15 524
134 151 11 982
135 115 11 179
136 54 9 524
160 151 13 982
161 110 7 1265
167 54 11 524
182 115 13 179
185 115 15 179
185 54 17 524
188 164 13 1016
192 115 17 179
196 110 11 1265
199 110 13 1265
210 151 15 982
230 54 19 524
237 54 21 524
238 164 15 1016
240 54 23 524
243 54 25 524
259 110 9 1265
259 115 19 179
280 54 27 524
283 115 21 179
292 115 23 179
300 151 17 982
302 110 15 1265
302 54 29 524
311 54 31 524
318 115 25 179
340 110 17 1265
355 54 33 524
369 115 27 179
377 151 19 982
408 115 29 179
411 164 17 1016
411 151 21 982
414 151 23 982
426 164 19 1016
441 115 31 179
445 164 21 1016
447 151 25 982
448 151 27 982
474 110 19 1265
487 151 29 982
489 115 33 179
512 110 21 1265
515 164 23 1016
524 54 35 524
556 115 35 179
563 115 37 179
564 115 39 179
568 164 25 1016
569 151 31 982
572 151 33 982
573 115 41 179
580 110 23 1265
580 54 37 524
592 110 25 1265
605 151 35 982
608 164 27 1016
609 164 29 1016
619 115 43 179
621 54 39 524
630 151 37 982
634 151 39 982
638 115 45 179
642 115 47 179
651 110 27 1265
655 115 49 179
658 164 31 1016
680 151 41 982
688 164 33 1016
690 54 41 524
693 54 43 524
702 164 35 1016
707 115 51 179
710 54 45 524
714 110 29 1265
720 164 37 1016
720 54 47 524
724 164 39 1016
725 164 41 1016
741 151 43 982
743 151 45 982
749 110 31 1265
750 151 47 982
755 115 53 179
768 151 49 982
775 110 33 1265
776 110 35 1265
787 110 37 1265
795 151 51 982
798 164 43 1016
799 54 49 524
812 54 51 524
824 54 53 524
830 54 55 524
840 54 57 524
844 151 53 982
852 54 59 524
859 164 45 1016
863 54 1 212
875 110 39 1265
876 54 3 212
887 164 47 1016
892 110 41 1265
894 151 55 982
908 115 55 179
925 151 57 982
946 115 57 179
949 54 5 212
957 110 43 1265
961 164 49 1016
962 151 59 982
963 54 7 212
966 110 45 1265
974 110 47 1265
976 115 59 179
980 110 49 1265
984 164 51 1016
984 151 1 789
990 164 53 1016
995 151 3 789
996 151 5 789
997 164 55 1016
999 115 25 875
11 229 7 206
17 387 7 1378
23 57 1 819
67 57 7 819
73 387 1 1378
74 229 13 206
76 57 15 819
88 57 19 819
98 57 25 819
108 57 31 819
122 229 1 206
131 57 37 819
141 387 13 1378
142 229 25 206
154 57 43 819
172 229 19 206
194 57 49 819
195 387 19 1378
196 229 31 206
205 229 37 206
206 57 55 819
217 57 1 47
238 387 31 1378
243 387 27 1378
276 229 43 206
284 57 7 47
287 229 49 206
302 229 55 206
303 57 19 47
304 387 37 1378
307 57 13 47
310 57 25 47
311 387 43 1378
322 57 31 47
330 229 1 148
332 387 49 1378
344 387 55 1378
347 387 1 548
368 57 37 47
373 229 7 148
382 57 43 47
394 229 13 148
400 387 7 548
412 229 19 148
413 57 49 47
426 387 13 548
430 229 25 148
436 229 31 148
441 387 19 548
463 229 37 148
472 57 55 47
473 387 25 548
478 387 31 548
492 229 43 148
495 387 37 548
507 229 49 148
512 387 43 548
532 229 55 148
536 229 1 399
570 57 1 1119
585 57 7 1119
597 387 49 548
597 57 13 1119
599 57 19 1119
603 229 7 399
631 229 13 399
645 229 19 399
675 57 25 1119
678 57 31 1119
679 57 37 1119
681 57 43 1119
696 229 25 399
701 57 49 1119
708 387 55 548
710 229 31 399
718 57 1 1133
719 229 37 399
731 57 55 1119
758 57 7 1133
765 387 7 1390
778 57 13 1133
804 229 43 399
808 387 1 1390
827 387 13 1390
887 229 49 399
888 57 19 1133
889 57 25 1133
898 229 55 399
900 387 19 1390
909 387 25 1390
911 57 31 1133
923 387 31 1390
931 387 37 1390
967 57 37 1133
16 64 1 334
36 59 1 755
43 64 7 334
51 25 1 105
61 64 4 334
85 59 7 755
90 59 13 755
94 64 10 334
96 64 13 334
101 25 4 105
104 25 7 105
104 59 4 755
106 59 10 755
125 25 10 105
136 64 16 334
140 64 19 334
179 25 13 105
191 25 16 105
208 25 22 105
237 59 16 755
284 64 22 334
288 25 25 105
291 64 25 334
302 25 19 105
324 64 28 334
333 59 19 755
343 25 28 105
360 64 31 334
387 64 34 334
388 64 37 334
393 64 40 334
395 64 43 334
402 25 31 105
417 25 34 105
419 25 37 105
420 64 46 334
431 59 22 755
435 59 25 755
447 59 31 755
449 59 37 755
453 25 40 105
456 59 43 755
466 64 49 334
486 25 45 105
487 25 49 105
487 59 34 755
491 64 52 334
502 25 52 105
503 25 55 105
504 25 58 105
512 59 28 755
517 64 55 334
537 25 1 709
544 64 58 334
569 25 4 709
578 59 40 755
586 59 46 755
599 25 7 709
618 59 49 755
623 59 52 755
640 64 1 861
702 59 58 755
707 64 4 861
708 59 1 1
718 64 7 861
720 25 10 709
724 25 13 709
733 64 10 861
744 64 13 861
765 64 16 861
774 64 19 861
783 25 16 709
786 59 55 755
797 59 4 1
845 59 7 1
848 64 22 861
856 59 10 1
866 64 25 861
887 59 13 1
915 59 16 1
922 25 19 709
927 64 28 861
929 64 31 861
935 25 25 709
937 59 19 1
961 59 22 1
995 59 25 1
998 25 22 709
4 398 5 843
4 373 7 786
31 398 1 843
37 245 7 613
41 373 1 786
72 245 1 613
87 398 3 843
87 245 5 613
93 398 7 843
102 245 15 613
106 274 1 301
120 245 3 613
128 274 3 301
130 398 9 843
135 373 3 786
144 373 5 786
145 245 9 613
150 245 11 613
151 274 5 301
154 373 10 786
164 373 13 786
168 274 7 301
169 245 13 613
172 398 13 843
173 373 15 786
175 398 11 843
180 274 9 301
182 398 15 843
196 373 17 786
209 274 11 301
216 245 17 613
217 245 19 613
225 245 23 613
239 398 17 843
240 373 25 786
247 398 19 843
249 274 13 301
252 274 15 301
255 274 17 301
258 245 25 613
259 245 21 613
281 274 22 301
293 373 22 786
294 274 19 301
321 274 25 301
327 398 21 843
343 245 31 613
343 373 19 786
355 398 23 843
363 245 27 613
370 245 29 613
374 398 25 843
388 274 27 301
399 245 34 613
402 274 29 301
402 373 27 786
407 398 27 843
408 274 31 301
411 373 29 786
413 245 37 613
414 245 43 613
422 398 31 843
429 398 29 843
430 373 31 786
439 373 37 786
441 373 33 786
453 245 45 613
460 398 33 843
473 274 33 301
481 373 39 786
486 373 41 786
493 373 35 786
501 398 40 843
503 274 35 301
511 274 37 301
516 373 43 786
521 373 45 786
524 245 39 613
533 274 39 301
536 373 47 786
554 373 49 786
559 245 41 613
564 245 47 613
566 398 37 843
645 398 35 843
648 245 55 613
651 274 41 301
655 373 51 786
655 245 53 613
661 274 45 301
668 245 49 613
677 274 43 301
684 373 53 786
696 245 57 613
699 274 47 301
700 373 55 786
712 398 43 843
718 398 45 843
723 245 51 613
727 373 57 786
729 245 59 613
748 245 1 39
760 373 59 786
780 398 47 843
780 373 1 1058
791 245 3 39
792 274 49 301
802 274 51 301
802 373 4 1058
809 373 7 1058
830 373 9 1058
842 245 5 39
848 274 53 301
857 274 55 301
863 398 49 843
868 245 7 39
870 398 51 843
890 274 57 301
894 245 9 39
896 398 53 843
913 398 55 843
925 398 59 843
939 398 57 843
958 274 59 301
958 245 11 39
960 274 1 221
972 398 1 210
35 360 1 231
89 360 7 231
123 360 13 231
177 360 21 231
186 360 25 231
199 360 31 231
263 360 37 231
341 360 43 231
350 360 49 231
361 360 55 231
365 360 1 832
367 360 7 832
429 360 13 832
440 360 19 832
463 360 25 832
491 360 31 832
511 360 39 832
560 360 43 832
587 360 49 832
595 360 55 832
707 360 7 473
809 360 1 473
823 360 13 473
841 360 19 473
897 360 25 473
939 360 31 473
12 62 1 509
16 62 4 509
18 330 4 770
21 128 1 718
29 330 1 770
39 330 7 770
59 330 10 770
100 62 9 509
114 128 4 718
117 330 13 770
151 128 10 718
157 128 7 718
158 62 13 509
173 330 19 770
188 128 15 718
189 330 16 770
219 62 16 509
245 62 19 509
248 330 22 770
273 62 22 509
276 330 25 770
307 330 28 770
326 128 19 718
338 128 22 718
340 62 25 509
345 330 31 770
349 128 25 718
356 330 34 770
387 330 37 770
396 62 28 509
441 330 40 770
444 330 43 770
448 330 46 770
452 62 31 509
454 330 49 770
463 128 31 718
479 62 34 509
488 128 28 718
494 128 34 718
515 128 37 718
554 330 52 770
555 62 37 509
566 62 40 509
572 128 43 718
585 62 43 509
596 62 46 509
609 128 40 718
610 62 49 509
616 128 46 718
628 62 52 509
647 62 58 509
659 62 55 509
664 62 1 269
667 330 55 770
675 128 49 718
703 62 4 269
717 330 58 770
723 330 1 297
738 62 7 269
741 330 4 297
744 62 10 269
750 330 7 297
753 62 13 269
754 62 19 269
762 128 52 718
769 128 1 576
776 330 10 297
777 128 55 718
792 128 58 718
802 128 7 576
842 62 16 269
847 62 22 269
864 330 13 297
886 330 16 297
892 330 19 297
899 62 25 269
900 330 25 297
905 330 22 297
919 330 28 297
929 128 4 576
940 330 31 297
943 330 34 297
959 128 10 576
965 62 28 269
992 128 13 576
9 39 3 112
11 39 11 112
13 281 1 999
33 39 5 112
40 281 3 999
41 34 3 1295
41 176 5 925
50 281 5 999
67 281 11 999
67 378 1 1046
68 39 7 112
77 34 1 1295
87 378 7 1046
95 281 7 999
96 378 3 1046
123 39 1 112
155 281 13 999
156 281 9 999
166 39 9 112
174 378 5 1046
181 281 15 999
204 176 1 925
217 176 7 925
252 176 3 925
253 281 17 999
255 39 13 112
260 281 19 999
261 34 5 1295
274 281 21 999
279 281 23 999
279 378 9 1046
283 39 16 112
296 39 19 112
312 378 11 1046
333 281 25 999
338 378 13 1046
348 39 21 112
354 39 25 112
377 281 27 999
384 176 9 925
386 34 7 1295
386 39 23 112
388 378 15 1046
399 34 9 1295
404 378 17 1046
418 34 11 1295
419 34 13 1295
425 378 19 1046
435 378 21 1046
469 378 23 1046
485 281 29 999
488 34 15 1295
489 281 31 999
509 39 27 112
520 34 17 1295
528 34 19 1295
535 281 33 999
536 281 35 999
548 34 23 1295
572 34 21 1295
588 34 25 1295
589 176 11 925
591 39 29 112
597 281 37 999
607 281 39 999
609 176 13 925
610 281 41 999
611 378 25 1046
613 39 31 112
623 39 33 112
637 34 27 1295
640 39 35 112
641 39 37 112
649 378 27 1046
662 378 29 1046
669 39 39 112
672 39 41 112
683 34 29 1295
697 281 49 999
698 39 43 112
713 34 31 1295
721 281 43 999
732 176 15 925
740 176 17 925
745 378 31 1046
753 378 33 1046
760 281 45 999
775 281 47 999
795 281 53 999
803 378 35 1046
812 39 45 112
813 39 47 112
820 39 49 112
826 281 51 999
829 378 37 1046
842 34 33 1295
842 281 55 999
843 39 51 112
854 34 35 1295
856 378 39 1046
862 34 37 1295
867 176 19 925
868 34 39 1295
869 34 41 1295
879 176 21 925
888 39 53 112
896 378 41 1046
897 378 43 1046
900 176 23 925
907 39 55 112
908 34 43 1295
915 176 25 925
925 176 27 925
927 39 57 112
930 378 45 1046
933 176 29 925
933 281 57 999
943 176 31 925
948 39 59 112
972 378 47 1046
990 176 33 925
994 378 49 1046
3 96 13 1038
10 80 7 1024
12 3 7 706
35 80 13 1024
56 96 1 1038
56 80 19 1024
71 96 7 1038
72 96 19 1038
79 80 25 1024
86 80 1 1024
90 3 19 706
115 96 25 1038
126 80 31 1024
129 96 31 1038
135 96 37 1038
141 3 1 706
164 80 37 1024
192 96 43 1038
226 96 49 1038
243 3 15 706
255 3 25 706
256 96 55 1038
270 3 31 706
295 3 37 706
296 96 1 1389
299 96 7 1389
325 80 43 1024
329 96 15 1389
339 96 19 1389
360 80 49 1024
366 3 43 706
376 3 49 706
392 80 55 1024
396 96 31 1389
401 3 55 706
418 3 1 1087
422 80 1 1048
425 3 7 1087
430 80 7 1048
437 3 13 1087
438 80 13 1048
450 80 19 1048
451 3 19 1087
471 3 25 1087
477 80 25 1048
501 80 31 1048
510 3 31 1087
511 96 25 1389
533 80 43 1048
550 3 37 1087
561 96 37 1389
603 96 43 1389
612 3 49 1087
626 3 43 1087
628 96 55 1389
628 80 37 1048
660 80 55 1048
682 80 49 1048
684 80 1 386
695 96 49 1389
717 80 7 386
730 96 1 1438
739 3 57 1087
746 80 13 386
751 96 7 1438
753 3 1 325
763 80 19 386
784 96 13 1438
811 96 19 1438
817 3 13 325
821 3 7 325
823 3 19 325
848 3 25 325
858 80 25 386
876 96 25 1438
898 80 37 386
916 3 31 325
934 96 31 1438
935 96 37 1438
944 80 31 386
960 80 43 386
965 80 49 386
970 3 37 325
989 96 43 1438
989 3 49 325
20 323 4 815
26 388 1 865
37 388 9 865
37 215 13 285
50 323 1 815
60 215 9 285
63 215 1 285
65 388 4 865
67 323 13 815
69 388 13 865
83 215 4 285
109 323 16 815
124 388 16 865
131 215 16 285
132 388 19 865
138 388 22 865
150 215 19 285
159 215 22 285
184 388 25 865
184 215 28 285
185 215 25 285
192 323 7 815
205 215 31 285
210 215 34 285
233 388 28 865
257 323 10 815
275 388 31 865
280 323 19 815
290 388 34 865
290 215 37 285
309 215 40 285
311 323 25 815
313 323 22 815
334 323 28 815
338 215 43 285
347 323 31 815
349 323 34 815
366 323 37 815
374 388 37 865
379 215 46 285
405 388 40 865
410 215 49 285
420 323 40 815
459 323 43 815
469 215 52 285
475 323 46 815
510 215 55 285
517 215 58 285
527 215 1 922
533 323 49 815
542 323 52 815
542 388 43 865
546 323 55 815
549 215 4 922
554 388 55 865
558 323 58 815
569 388 46 865
595 388 49 865
595 215 7 922
601 323 1 323
638 388 58 865
644 388 52 865
649 388 1 1018
655 388 4 1018
665 388 7 1018
678 388 10 1018
705 323 4 323
711 323 7 323
727 323 10 323
729 215 10 922
755 388 13 1018
761 215 13 922
767 323 13 323
767 215 16 922
781 323 16 323
791 215 19 922
793 215 22 922
794 323 19 323
808 388 16 1018
814 215 25 922
829 215 28 922
830 388 19 1018
899 215 31 922
900 215 34 922
916 323 22 323
919 323 25 323
935 388 28 1018
937 388 22 1018
941 388 25 1018
996 323 28 323
3 318 19 368
6 137 3 732
13 137 7 732
14 310 7 364
21 161 7 834
21 137 13 732
30 173 1 280
38 173 9 280
47 161 1 834
51 137 19 732
67 310 19 364
70 318 1 368
80 310 1 364
85 310 13 364
89 161 13 834
92 318 13 368
96 173 19 280
96 310 25 364
98 161 19 834
99 137 25 732
101 318 7 368
102 173 25 280
105 161 25 834
109 161 31 834
112 310 31 364
116 318 25 368
124 173 31 280
128 318 31 368
148 137 31 732
149 137 37 732
150 318 37 368
162 173 13 280
167 318 43 368
173 173 37 280
184 173 43 280
192 318 49 368
193 161 37 834
193 310 43 364
199 161 43 834
202 161 49 834
209 137 43 732
219 137 49 732
221 310 37 364
226 310 55 364
230 318 55 368
245 161 55 834
253 137 55 732
256 137 1 106
264 173 49 280
279 318 1 461
321 161 1 682
330 161 7 682
352 173 1 1448
353 310 49 364
358 310 7 102
381 173 55 280
381 318 7 461
391 318 13 461
414 161 13 682
418 161 19 682
428 310 1 102
430 161 33 682
442 310 13 102
449 310 19 102
450 161 25 682
458 137 7 106
467 310 25 102
471 318 31 461
479 310 37 102
489 137 13 106
493 161 37 682
496 137 19 106
510 173 7 1448
528 318 21 461
553 137 25 106
553 310 31 102
574 318 25 461
577 161 43 682
578 173 13 1448
591 137 31 106
595 161 1 950
600 173 19 1448
601 137 43 106
614 161 49 682
627 310 43 102
642 318 37 461
645 173 25 1448
647 137 39 106
651 161 55 682
653 310 7 1239
656 161 7 950
681 161 13 950
681 318 49 461
689 318 43 461
690 310 49 102
710 310 55 102
719 137 49 106
720 173 31 1448
724 310 19 1239
725 173 37 1448
727 310 1 1239
730 310 31 1239
731 161 19 950
733 318 55 461
737 318 1 826
745 137 55 106
751 310 13 1239
760 137 1 522
768 173 43 1448
768 310 25 1239
771 161 25 950
777 137 7 522
784 310 37 1239
795 310 43 1239
803 161 31 950
820 318 7 826
828 310 49 1239
831 173 49 1448
852 161 37 950
856 161 43 950
856 137 13 522
856 318 19 826
857 161 49 950
858 161 55 950
858 173 1 34
866 161 1 1221
893 310 55 1239
898 161 7 1221
907 137 19 522
912 137 25 522
926 310 1 1182
930 173 55 1448
943 137 37 522
945 137 31 522
963 318 13 826
971 173 7 34
974 161 13 1221
977 161 19 1221
983 161 25 1221
1 384 4 397
17 109 13 76
25 276 7 892
26 276 4 892
30 52 7 110
42 52 1 110
54 109 1 76
62 52 4 110
70 109 7 76
70 276 10 892
71 109 4 76
84 109 10 76
111 109 16 76
112 276 1 892
117 52 10 110
119 109 19 76
121 52 13 110
127 276 13 892
156 276 16 892
162 52 19 110
170 276 19 892
181 52 22 110
187 276 22 892
203 109 25 76
211 276 25 892
218 384 1 397
245 276 28 892
253 276 31 892
268 109 22 76
274 109 28 76
276 384 7 397
276 276 34 892
289 52 16 110
295 109 31 76
296 276 37 892
307 109 34 76
311 52 28 110
331 384 10 397
335 276 40 892
337 384 13 397
339 109 37 76
341 276 49 892
342 384 16 397
348 384 25 397
355 384 19 397
357 276 43 892
365 109 40 76
393 109 46 76
413 384 22 397
417 52 25 110
429 276 46 892
432 276 52 892
439 384 28 397
440 276 55 892
447 52 34 110
474 384 31 397
474 276 58 892
481 52 31 110
485 276 1 63
494 52 37 110
501 109 43 76
502 109 55 76
528 109 49 76
530 52 40 110
537 52 43 110
550 384 34 397
555 384 40 397
565 384 37 397
572 276 4 63
574 109 52 76
588 276 7 63
590 276 10 63
591 384 43 397
593 52 46 110
600 384 46 397
601 109 58 76
606 276 13 63
608 276 16 63
622 109 1 1290
623 384 49 397
628 109 4 1290
649 384 52 397
650 276 19 63
670 52 49 110
679 276 22 63
688 52 52 110
691 52 58 110
707 109 13 1290
708 52 4 1271
716 384 55 397
722 52 55 110
727 109 7 1290
740 52 1 1271
747 276 25 63
749 384 58 397
765 109 19 1290
778 52 7 1271
780 52 10 1271
789 52 13 1271
790 276 28 63
798 109 10 1290
803 52 16 1271
807 384 1 180
810 109 16 1290
812 109 25 1290
819 52 19 1271
820 109 22 1290
835 384 4 180
841 384 7 180
844 52 22 1271
850 384 10 180
853 52 25 1271
869 384 13 180
873 109 28 1290
878 276 31 63
880 109 31 1290
882 109 34 1290
882 276 37 63
887 109 37 1290
893 276 34 63
896 52 28 1271
903 384 16 180
909 276 40 63
910 109 40 1290
911 109 43 1290
913 276 43 63
926 384 22 180
936 109 46 1290
950 276 46 63
975 276 49 63
981 384 19 180
990 384 25 180
998 384 28 180
6 380 7 762
59 380 13 762
64 126 59 947
79 380 9 762
85 126 1 1062
107 126 3 1062
139 126 5 1062
145 380 1 762
164 380 3 762
186 126 7 1062
187 126 9 1062
192 126 11 1062
244 380 5 762
272 126 13 1062
279 380 11 762
285 380 15 762
302 380 17 762
305 380 21 762
314 126 15 1062
321 380 19 762
333 126 17 1062
367 380 23 762
371 126 19 1062
395 380 25 762
433 380 29 762
434 380 27 762
448 126 21 1062
528 380 31 762
540 380 33 762
553 380 35 762
569 380 37 762
622 380 39 762
634 380 41 762
646 380 43 762
657 126 23 1062
671 380 45 762
699 126 25 1062
713 380 47 762
734 126 27 1062
772 126 29 1062
818 126 31 1062
832 126 33 1062
840 380 49 762
857 380 53 762
861 380 51 762
877 380 55 762
904 380 57 762
950 126 35 1062
956 126 37 1062
957 126 39 1062
970 380 59 762
992 380 1 1074
993 380 3 1074
1000 380 5 1074
4 220 45 1295
8 45 7 484
9 328 7 418
9 183 13 914
12 328 13 418
19 328 19 418
20 220 49 1295
23 220 55 1295
24 328 25 418
31 328 3 418
33 220 7 927
44 183 1 914
53 220 1 927
69 220 19 927
94 220 13 927
107 328 31 418
110 220 25 927
112 220 37 927
115 45 1 484
116 328 37 418
121 328 43 418
128 45 13 484
144 220 31 927
149 183 7 914
155 220 43 927
172 220 49 927
187 183 25 914
199 45 19 484
210 183 19 914
223 220 55 927
233 45 31 484
235 183 31 914
238 45 37 484
246 45 25 484
248 220 1 1455
251 45 43 484
261 328 49 418
274 183 37 914
281 328 55 418
290 183 43 914
295 45 49 484
309 183 49 914
311 183 55 914
314 328 1 1005
328 328 7 1005
355 328 13 1005
359 328 19 1005
367 328 31 1005
369 45 55 484
371 328 25 1005
374 328 43 1005
384 183 1 952
388 183 7 952
397 183 13 952
403 220 7 1455
409 328 37 1005
412 220 13 1455
439 220 19 1455
440 220 25 1455
443 183 19 952
462 183 25 952
464 220 31 1455
473 220 37 1455
502 183 31 952
507 220 55 1455
508 45 1 1333
509 328 49 1005
518 183 43 952
522 183 49 952
542 183 37 952
543 328 55 1005
566 220 1 298
572 183 55 952
576 328 1 612
583 328 7 612
590 220 43 1455
604 183 7 1388
607 45 7 1333
610 183 1 1388
615 183 13 1388
621 45 13 1333
625 220 49 1455
632 45 19 1333
654 183 19 1388
656 220 13 298
658 183 25 1388
667 45 25 1333
668 183 37 1388
671 45 31 1333
672 328 13 612
672 220 7 298
680 328 19 612
689 45 37 1333
692 328 25 612
693 220 19 298
698 328 31 612
701 220 25 298
724 183 31 1388
725 328 43 612
727 328 37 612
727 45 43 1333
735 220 31 298
736 45 49 1333
747 220 37 298
755 328 49 612
791 45 55 1333
797 183 43 1388
798 220 45 298
799 183 55 1388
822 45 31 1271
832 220 49 298
835 183 49 1388
837 220 55 298
844 220 1 1263
864 328 55 612
882 328 1 883
884 183 1 1432
920 328 7 883
927 45 37 1271
952 45 43 1271
972 183 7 1432
973 45 49 1271
22 36 7 567
48 36 4 567
85 36 10 567
112 36 13 567
152 36 1 567
159 36 19 567
162 36 22 567
167 36 16 567
183 36 25 567
210 36 28 567
230 36 31 567
248 36 34 567
348 36 37 567
403 36 40 567
405 36 43 567
465 36 46 567
489 36 49 567
496 36 52 567
538 36 55 567
546 36 58 567
549 36 1 53
560 36 4 53
573 36 7 53
574 36 10 53
579 36 13 53
602 36 16 53
641 36 19 53
690 36 22 53
713 36 25 53
771 36 31 53
868 36 28 53
891 36 34 53
902 36 37 53
910 36 43 53
950 36 40 53
959 36 46 53
977 36 49 53
981 36 52 53
1000 36 55 53
23 8 5 308
32 8 3 308
35 341 5 714
38 26 1 630
40 341 1 714
49 397 1 134
62 397 11 134
72 341 3 714
82 341 7 714
85 341 17 714
92 8 1 308
92 397 3 134
97 397 5 134
112 8 7 308
126 341 9 714
133 397 7 134
134 8 9 308
134 397 16 134
148 8 11 308
152 26 4 630
153 26 7 630
156 397 13 134
156 341 11 714
161 8 13 308
177 397 9 134
187 26 11 630
198 397 19 134
205 341 13 714
212 26 9 630
213 26 13 630
215 397 21 134
218 397 23 134
220 397 25 134
221 8 15 308
234 8 17 308
237 341 19 714
243 397 31 134
246 341 15 714
266 397 27 134
287 26 15 630
305 8 23 308
307 26 17 630
312 341 21 714
313 397 29 134
318 8 19 308
321 341 23 714
323 397 33 134
327 397 35 134
330 8 21 308
336 397 37 134
337 397 39 134
338 341 25 714
341 8 25 308
368 397 41 134
375 341 28 714
382 341 31 714
420 397 43 134
436 8 27 308
447 8 37 308
467 8 29 308
490 341 33 714
495 26 19 630
503 26 21 630
522 397 45 134
526 341 35 714
528 26 25 630
533 26 23 630
537 341 37 714
539 8 31 308
553 397 47 134
575 341 40 714
576 26 27 630
584 397 49 134
609 341 43 714
611 8 33 308
614 341 45 714
627 26 29 630
629 397 51 134
637 397 53 134
641 8 35 308
643 397 55 134
646 8 39 308
656 8 41 308
669 341 47 714
678 26 35 630
682 8 43 308
691 8 45 308
702 8 47 308
706 397 57 134
712 26 31 630
728 341 49 714
729 341 52 714
735 397 59 134
736 397 1 1298
738 341 55 714
758 8 49 308
762 8 55 308
775 26 37 630
779 341 57 714
800 341 59 714
804 341 1 1220
813 26 33 630
848 341 3 1220
849 397 3 1298
853 8 51 308
877 26 39 630
881 341 5 1220
918 26 41 630
921 397 5 1298
921 341 7 1220
922 26 43 630
927 397 7 1298
928 8 53 308
929 26 45 630
936 341 9 1220
938 26 47 630
939 26 49 630
942 341 11 1220
943 8 57 308
964 341 13 1220
976 8 1 1177
990 8 59 308
10 29 13 519
16 268 7 969
26 94 7 499
28 94 1 499
61 15 7 685
63 268 13 969
64 268 1 969
66 268 19 969
72 15 13 685
74 268 25 969
75 29 1 519
82 15 1 685
85 15 19 685
89 94 19 499
103 268 31 969
108 15 37 685
128 94 25 499
130 29 19 519
140 268 37 969
146 29 7 519
150 94 13 499
154 15 25 685
158 29 25 519
169 15 31 685
173 268 43 969
191 15 43 685
192 94 31 499
192 29 37 519
193 29 31 519
200 15 49 685
200 94 37 499
234 268 49 969
243 29 43 519
244 94 43 499
251 29 49 519
292 15 55 685
293 94 49 499
295 268 55 969
315 94 55 499
331 15 1 1208
343 29 55 519
351 29 1 862
355 268 1 1330
358 268 13 1330
360 94 1 1232
364 94 7 1232
377 268 7 1330
380 268 19 1330
390 268 25 1330
392 268 37 1330
402 94 13 1232
410 268 31 1330
441 29 7 862
442 268 43 1330
448 94 31 1232
451 268 49 1330
458 268 55 1330
466 268 1 1311
467 94 19 1232
478 268 7 1311
480 29 13 862
512 29 31 862
520 268 13 1311
533 29 19 862
539 268 19 1311
540 268 25 1311
547 268 31 1311
562 94 25 1232
569 94 39 1232
571 29 25 862
602 15 7 1208
622 29 43 862
625 15 13 1208
628 15 19 1208
628 94 43 1232
639 268 37 1311
642 15 25 1208
664 29 37 862
669 94 49 1232
689 268 49 1311
708 268 43 1311
710 268 1 1210
721 15 31 1208
733 94 1 216
735 15 37 1208
744 94 55 1232
755 268 55 1311
756 94 7 216
767 15 49 1208
772 268 7 1210
785 94 13 216
790 268 13 1210
796 268 19 1210
815 15 43 1208
828 29 55 862
838 94 19 216
846 94 25 216
851 94 31 216
852 94 43 216
860 94 37 216
879 15 1 1499
883 15 55 1208
889 29 49 862
889 94 55 216
898 15 13 1499
910 268 25 1210
928 29 1 1351
944 15 7 1499
947 268 31 1210
952 15 19 1499
965 268 37 1210
966 268 49 1210
966 94 1 1355
969 29 7 1351
976 29 13 1351
980 29 19 1351
985 94 49 216
992 94 7 1355
998 268 55 1210
999 268 43 1210
7 225 1 137
35 83 7 1258
37 225 16 137
37 390 19 158
39 135 1 1131
44 135 13 1131
51 225 4 137
55 83 3 1258
56 390 7 158
76 390 1 158
87 135 16 1131
88 135 4 1131
92 390 22 158
94 390 4 158
94 135 7 1131
99 225 7 137
109 135 25 1131
117 390 16 158
119 390 13 158
120 83 10 1258
121 135 10 1131
123 225 10 137
131 390 10 158
136 225 19 137
142 390 31 158
152 83 13 1258
160 135 19 1131
191 225 13 137
193 83 16 1258
201 225 22 137
203 83 28 1258
212 225 25 137
214 225 28 137
231 390 25 158
232 135 28 1131
249 225 31 137
271 390 28 158
272 225 34 137
290 390 40 158
292 135 31 1131
295 135 22 1131
322 390 37 158
325 390 34 158
331 83 19 1258
335 83 22 1258
336 135 34 1131
340 83 31 1258
341 225 37 137
346 390 43 158
347 390 46 158
365 135 37 1131
365 83 25 1258
374 135 40 1131
378 135 43 1131
378 83 37 1258
386 225 40 137
392 225 43 137
403 225 46 137
414 390 49 158
426 83 34 1258
430 390 52 158
446 83 40 1258
447 390 55 158
448 135 49 1131
450 135 46 1131
474 83 43 1258
476 390 58 158
480 83 46 1258
490 83 49 1258
495 135 52 1131
509 390 1 228
517 390 4 228
535 390 7 228
546 83 52 1258
547 135 55 1131
554 135 58 1131
556 390 10 228
575 135 1 918
577 390 13 228
584 225 51 137
593 83 55 1258
605 390 16 228
614 390 19 228
630 83 58 1258
642 135 4 918
643 83 1 725
659 135 7 918
665 135 10 918
670 225 55 137
699 390 22 228
705 135 13 918
733 390 25 228
763 225 58 137
766 225 1 1063
772 225 4 1063
778 390 28 228
781 135 19 918
810 135 22 918
814 390 31 228
823 83 4 725
825 135 16 918
843 390 34 228
846 390 37 228
852 225 7 1063
857 135 25 918
870 225 10 1063
874 225 13 1063
891 135 28 918
894 225 16 1063
902 135 31 918
904 225 19 1063
905 225 25 1063
918 225 22 1063
942 225 28 1063
952 83 7 725
964 83 15 725
971 83 19 725
985 225 31 1063
988 390 40 228
996 135 34 918
9 208 5 983
14 208 11 983
64 208 7 983
79 208 13 983
92 208 17 983
150 208 1 983
223 208 3 983
239 208 9 983
283 208 19 983
292 208 15 983
332 208 21 983
411 208 23 983
436 208 25 983
442 208 27 983
477 208 29 983
523 208 31 983
538 208 33 983
570 208 35 983
612 208 37 983
626 208 39 983
635 208 41 983
722 208 43 983
751 208 45 983
755 208 47 983
757 208 49 983
761 208 51 983
795 208 55 983
840 208 53 983
841 208 57 983
895 208 59 983
902 208 1 515
975 208 3 515
980 208 5 515
997 208 7 515
4 123 9 19
42 355 7 331
56 284 13 260
66 284 1 260
88 284 7 260
93 284 19 260
98 355 1 331
98 284 31 260
104 123 19 19
109 355 37 331
122 123 13 19
127 355 19 331
149 284 25 260
170 355 13 331
173 355 25 331
194 284 37 260
199 284 49 260
201 284 43 260
204 355 31 331
237 355 43 331
242 284 55 260
251 284 15 1220
260 355 49 331
284 355 55 331
284 123 1 19
298 123 25 19
304 355 1 61
335 355 7 61
338 355 15 61
352 284 19 1220
353 355 19 61
354 284 27 1220
356 284 37 1220
363 355 37 61
366 355 25 61
370 355 43 61
370 284 49 1220
376 284 43 1220
399 355 49 61
400 284 1 1098
443 355 31 61
531 355 55 61
531 284 31 1220
536 284 55 1220
541 123 31 19
554 123 37 19
555 123 43 19
567 123 49 19
583 355 1 412
624 284 7 1098
640 284 13 1098
652 123 1 442
653 123 13 442
668 123 55 19
672 123 19 442
674 355 7 412
677 355 13 412
680 123 7 442
690 355 25 412
690 123 31 442
701 355 19 412
725 123 25 442
728 123 37 442
751 355 31 412
752 355 37 412
787 123 43 442
798 123 49 442
810 355 43 412
826 355 55 412
826 284 19 1098
832 355 1 632
836 284 25 1098
839 355 49 412
845 284 31 1098
875 284 43 1098
881 355 7 632
891 123 55 442
903 355 19 632
904 123 31 1107
907 123 37 1107
908 355 13 632
909 123 43 1107
923 123 49 1107
929 123 55 1107
934 123 1 130
939 284 37 1098
958 284 49 1098
970 355 25 632
990 123 7 130
30 5 10 1076
38 5 13 1076
118 5 1 1076
163 5 4 1076
194 5 7 1076
270 5 16 1076
345 5 19 1076
483 5 22 1076
526 5 25 1076
584 5 28 1076
600 5 31 1076
636 5 34 1076
643 5 37 1076
661 5 40 1076
669 5 43 1076
676 5 46 1076
725 5 49 1076
742 5 52 1076
759 5 55 1076
776 5 58 1076
795 5 1 306
809 5 13 306
825 5 4 306
893 5 7 306
896 5 10 306
950 5 16 306
7 400 4 1128
18 299 7 408
27 357 1 136
34 400 1 1128
36 299 9 408
58 400 7 1128
62 299 13 408
79 357 7 136
106 357 3 136
111 357 5 136
119 357 11 136
124 400 9 1128
129 400 11 1128
129 53 1 1322
149 400 13 1128
156 53 3 1322
160 53 5 1322
170 357 9 136
179 400 16 1128
185 400 19 1128
200 299 1 408
202 53 7 1322
203 357 13 136
224 400 21 1128
228 400 23 1128
231 299 3 408
259 400 25 1128
285 53 9 1322
290 400 27 1128
297 53 11 1322
305 357 15 136
316 299 5 408
317 400 31 1128
328 357 17 136
341 53 13 1322
344 53 15 1322
349 357 19 136
372 53 17 1322
384 357 21 136
390 299 11 408
409 299 15 408
421 53 19 1322
423 299 17 408
431 53 25 1322
440 357 23 136
456 299 19 408
460 299 21 408
466 400 29 1128
467 299 23 408
470 400 35 1128
471 400 37 1128
478 400 39 1128
491 357 25 136
495 357 27 136
512 299 25 408
524 400 33 1128
527 53 21 1322
531 400 43 1128
535 299 27 408
570 400 41 1128
579 400 45 1128
582 357 29 136
594 400 47 1128
596 53 23 1322
636 53 27 1322
643 400 49 1128
658 400 51 1128
667 400 53 1128
670 53 29 1322
686 357 31 136
687 53 31 1322
690 299 29 408
692 299 31 408
730 400 55 1128
733 53 33 1322
739 299 33 408
742 357 33 136
750 53 35 1322
756 299 35 408
762 53 37 1322
765 53 39 1322
771 299 37 408
773 299 39 408
774 299 41 408
787 53 41 1322
800 53 43 1322
805 53 45 1322
806 400 57 1128
817 299 46 408
818 357 35 136
824 400 59 1128
831 400 1 608
838 400 3 608
844 299 43 408
856 53 47 1322
860 53 49 1322
867 299 55 408
873 357 37 136
880 357 39 136
885 53 51 1322
889 53 53 1322
892 53 55 1322
921 299 49 408
943 357 41 136
949 299 51 408
956 53 57 1322
957 299 53 408
961 357 43 136
974 400 5 608
980 357 45 136
981 357 47 136
990 299 57 408
994 53 59 1322
25 40 13 453
35 40 19 453
61 331 13 961
76 40 7 453
85 331 25 961
87 331 19 961
120 40 25 453
124 40 1 453
129 331 37 961
208 40 31 453
240 331 1 961
243 331 7 961
247 331 31 961
269 331 43 961
295 331 1 85
328 40 37 453
338 331 49 961
397 40 43 453
469 331 55 961
475 331 7 85
483 40 49 453
489 331 19 85
517 40 7 1253
523 40 55 453
524 40 1 1253
554 40 13 1253
576 331 13 85
586 40 19 1253
617 331 25 85
619 40 25 1253
620 331 31 85
649 40 31 1253
659 331 37 85
660 40 37 1253
676 331 49 85
705 331 45 85
729 331 55 85
737 40 43 1253
739 331 1 1386
767 40 55 1253
788 40 49 1253
800 40 1 1309
801 331 7 1386
818 331 13 1386
822 331 19 1386
834 331 25 1386
858 331 31 1386
865 40 7 1309
882 331 43 1386
888 40 13 1309
895 331 37 1386
897 331 55 1386
904 40 25 1309
928 331 49 1386
964 331 1 634
965 40 19 1309
986 331 7 634
987 331 13 634
43 93 10 493
68 67 3 1344
79 93 15 493
105 93 1 493
125 93 7 493
134 93 4 493
157 67 10 1344
187 67 13 1344
190 67 7 1344
193 93 19 493
195 67 16 1344
196 93 22 493
198 67 21 1344
211 67 28 1344
229 93 25 493
232 93 31 493
242 67 31 1344
285 93 28 493
286 93 34 493
308 93 37 493
318 93 40 493
353 93 43 493
375 93 46 493
451 93 55 493
455 93 49 493
472 93 52 493
477 67 34 1344
490 93 58 493
505 93 1 640
529 67 25 1344
539 93 4 640
541 93 7 640
543 93 10 640
544 67 37 1344
559 93 13 640
563 93 16 640
567 67 40 1344
606 67 43 1344
610 93 19 640
691 67 49 1344
693 93 25 640
697 93 22 640
701 67 46 1344
712 93 28 640
736 67 55 1344
762 67 58 1344
770 93 31 640
799 67 1 1446
826 93 34 640
828 93 37 640
862 67 52 1344
862 93 40 640
863 67 4 1446
867 93 43 640
886 93 46 640
913 93 49 640
915 67 10 1446
943 67 7 1446
955 93 52 640
999 67 13 1446
10 342 19 436
13 226 3 170
24 342 9 436
39 342 13 436
44 226 19 170
62 327 15 338
63 327 7 338
68 226 25 170
75 342 25 436
85 327 31 338
94 226 31 170
99 226 13 170
112 226 9 170
118 226 37 170
119 342 31 436
122 226 43 170
127 327 1 338
133 226 49 170
161 327 25 338
176 327 37 338
177 342 1 436
213 342 37 436
215 342 43 436
218 226 55 170
219 226 1 307
225 226 7 307
229 226 13 307
241 342 49 436
256 327 19 338
260 327 43 338
261 226 19 307
262 327 49 338
269 342 55 436
272 226 25 307
272 342 1 738
303 226 31 307
314 327 55 338
340 226 37 307
344 327 1 375
351 226 43 307
359 327 7 375
367 226 49 307
387 226 55 307
396 342 7 738
403 342 13 738
420 226 1 989
435 342 31 738
438 226 7 989
438 327 19 375
442 327 31 375
448 327 13 375
456 226 13 989
459 226 19 989
481 226 25 989
490 327 25 375
514 226 31 989
524 327 43 375
530 226 43 989
580 226 39 989
587 226 55 989
589 327 37 375
595 226 13 1037
602 342 19 738
605 327 49 375
612 342 25 738
621 327 55 375
645 327 1 1069
658 327 7 1069
686 327 13 1069
706 342 37 738
728 342 43 738
729 327 19 1069
740 342 49 738
742 327 25 1069
746 327 31 1069
755 342 1 1142
759 342 13 1142
766 327 37 1069
770 226 49 989
772 342 55 738
774 226 7 1037
787 342 7 1142
789 327 43 1069
806 327 49 1069
811 327 55 1069
812 327 1 783
819 226 1 1037
826 327 7 783
842 226 19 1037
843 226 25 1037
845 226 37 1037
856 342 25 1142
858 342 19 1142
880 327 13 783
886 327 19 783
893 226 43 1037
913 226 31 1037
924 327 25 783
926 342 31 1142
943 327 43 783
945 327 37 783
956 342 39 1142
968 342 43 1142
979 226 49 1037
980 342 51 1142
991 342 55 1142
17 84 16 510
78 84 1 510
97 84 7 510
110 84 4 510
137 84 10 510
182 84 19 510
208 84 13 510
250 84 22 510
279 84 25 510
401 84 28 510
404 84 31 510
416 84 34 510
421 84 39 510
433 84 43 510
436 84 46 510
464 84 49 510
517 84 52 510
569 84 55 510
592 84 58 510
597 84 1 581
611 84 4 581
614 84 7 581
651 84 10 581
666 84 13 581
710 84 16 581
737 84 19 581
754 84 22 581
783 84 25 581
816 84 28 581
831 84 31 581
847 84 34 581
907 84 43 581
909 84 37 581
975 84 40 581
8 307 5 583
10 307 11 583
30 37 5 639
39 307 17 583
82 307 9 583
104 307 1 583
124 37 7 639
174 307 3 583
178 307 7 583
185 37 1 639
191 37 3 639
191 307 19 583
221 307 13 583
230 37 9 639
239 37 11 639
242 37 13 639
257 307 21 583
258 37 15 639
260 37 17 639
267 37 19 639
317 37 21 639
319 307 15 583
323 37 23 639
333 37 27 639
336 37 25 639
404 37 29 639
417 37 31 639
453 307 23 583
475 37 33 639
481 307 29 583
497 37 35 639
505 307 25 583
527 307 27 583
537 307 31 583
545 37 37 639
563 307 33 583
596 307 37 583
601 307 35 583
620 37 39 639
628 37 41 639
632 37 43 639
662 37 45 639
675 37 47 639
698 307 39 583
748 37 49 639
750 37 51 639
751 307 41 583
795 37 57 639
806 307 43 583
827 307 45 583
828 307 47 583
832 37 53 639
838 307 49 583
849 37 55 639
895 37 1 120
922 307 51 583
935 307 53 583
969 307 55 583
8 216 13 132
19 216 4 132
20 292 7 1320
34 216 9 132
48 290 7 751
58 216 1 132
77 290 3 751
102 292 1 1320
103 292 4 1320
118 290 10 751
119 216 16 132
134 290 19 751
145 290 22 751
148 290 13 751
151 290 16 751
156 292 19 1320
166 292 13 1320
181 216 19 132
185 290 28 751
190 290 31 751
193 290 25 751
203 290 34 751
218 292 10 1320
235 290 37 751
236 292 16 1320
247 216 22 132
250 290 43 751
261 216 28 132
267 290 46 751
281 292 25 1320
295 216 25 132
296 216 31 132
301 290 40 751
310 216 34 132
327 292 28 1320
343 292 22 1320
360 292 34 1320
362 290 49 751
389 290 52 751
395 216 37 132
397 290 55 751
402 216 40 132
403 290 58 751
404 290 1 276
406 292 31 1320
415 292 37 1320
437 290 4 276
437 216 43 132
447 216 46 132
472 216 49 132
476 290 7 276
504 216 52 132
511 290 10 276
511 216 55 132
545 290 13 276
591 290 16 276
634 290 19 276
641 290 22 276
647 292 43 1320
652 290 25 276
652 292 40 1320
660 290 28 276
667 292 46 1320
670 292 52 1320
671 290 37 276
671 292 49 1320
673 290 31 276
682 216 58 132
703 292 55 1320
706 292 1 3
721 290 40 276
744 290 34 276
745 292 4 3
746 216 4 463
747 290 43 276
789 290 49 276
794 216 1 463
810 292 58 1320
822 292 7 3
829 290 46 276
849 292 10 3
855 292 19 3
901 290 52 276
901 216 7 463
914 216 10 463
915 292 13 3
927 290 1 708
929 292 16 3
957 292 22 3
963 292 25 3
967 290 55 276
969 290 58 276
971 292 28 3
975 292 31 3
989 216 13 463
998 290 4 708
999 290 7 708
5 392 5 1167
12 321 5 1048
17 321 11 1048
23 321 17 1048
28 321 23 1048
29 288 10 178
47 392 10 1167
53 321 29 1048
54 321 35 1048
74 288 1 178
85 392 23 1167
88 321 41 1048
99 321 47 1048
103 288 7 178
117 392 1 1167
121 392 3 1167
125 321 53 1048
134 321 59 1048
140 392 7 1167
145 321 3 578
150 321 5 578
169 288 3 178
175 321 1 578
188 288 5 178
214 392 13 1167
236 392 19 1167
238 288 13 178
241 321 7 578
243 321 11 578
251 392 21 1167
261 288 15 178
265 392 15 1167
269 321 9 578
288 288 17 178
321 392 17 1167
325 321 13 578
343 392 25 1167
353 321 15 578
379 392 27 1167
396 288 19 178
396 392 35 1167
411 392 31 1167
412 392 29 1167
416 288 21 178
417 321 17 578
421 321 21 578
430 392 37 1167
449 392 40 1167
453 321 19 578
454 392 33 1167
456 392 46 1167
471 392 43 1167
488 392 49 1167
499 321 23 578
500 288 23 178
502 392 58 1167
508 392 51 1167
513 321 31 578
519 392 53 1167
536 321 25 578
542 288 25 178
543 321 27 578
547 392 1 81
553 288 29 178
554 288 27 178
565 392 3 81
567 288 31 178
581 392 55 1167
585 321 29 578
592 392 5 81
604 321 33 578
608 321 35 578
613 288 33 178
624 321 37 578
624 392 11 81
649 392 7 81
667 392 9 81
670 392 13 81
678 392 15 81
703 392 17 81
704 392 19 81
708 321 39 578
722 321 41 578
732 288 35 178
738 288 37 178
744 321 43 578
754 321 45 578
766 321 47 578
781 288 39 178
786 392 21 81
797 392 23 81
811 288 41 178
821 288 43 178
821 392 25 81
844 321 49 578
847 321 51 578
869 321 53 578
873 392 31 81
918 288 45 178
923 321 55 578
924 321 57 578
939 321 59 578
945 321 1 1374
996 288 47 178
997 321 3 1374
3 297 25 469
9 297 19 469
28 297 7 469
31 160 13 863
31 194 19 782
35 297 31 469
44 117 25 466
50 117 13 466
57 33 1 90
59 160 19 863
61 117 19 466
70 297 13 469
73 33 7 90
76 194 25 782
81 33 19 90
84 194 1 782
86 33 13 90
89 117 31 466
91 117 1 466
97 160 1 863
104 297 37 469
125 117 37 466
126 160 37 863
128 160 7 863
130 160 25 863
130 33 31 90
132 297 43 469
144 160 43 863
151 160 31 863
152 160 49 863
169 160 55 863
181 33 25 90
185 297 3 469
187 117 43 466
197 297 49 469
201 160 1 153
210 160 7 153
226 297 1 1399
232 117 7 466
233 297 55 469
235 297 7 1399
237 194 31 782
242 33 37 90
243 194 37 782
250 117 49 466
255 297 19 1399
262 160 13 153
263 194 7 782
267 117 55 466
268 33 43 90
279 297 13 1399
291 33 49 90
291 194 13 782
292 33 1 458
296 33 55 90
301 297 25 1399
303 117 1 571
312 297 31 1399
315 117 7 571
318 33 7 458
321 297 37 1399
323 160 19 153
336 117 13 571
356 33 19 458
359 297 43 1399
364 194 43 782
365 33 13 458
367 33 37 458
371 33 31 458
373 194 49 782
379 160 31 153
381 117 19 571
406 117 25 571
415 160 25 153
421 297 49 1399
427 297 55 1399
432 33 43 458
441 117 43 571
452 117 37 571
467 33 49 458
468 194 55 782
478 117 49 571
481 33 55 458
484 297 7 917
486 194 1 252
497 194 7 252
502 297 1 917
506 297 13 917
508 33 7 781
513 194 13 252
525 117 55 571
526 117 31 571
529 297 19 917
530 194 19 252
531 33 25 458
531 117 1 1312
534 194 25 252
534 297 31 917
536 297 27 917
549 297 37 917
551 194 31 252
554 194 43 252
556 297 43 917
567 194 55 252
569 194 49 252
601 160 49 153
602 297 49 917
607 117 13 1312
612 160 39 153
616 297 55 917
619 160 45 153
637 33 1 781
641 297 1 1209
650 33 13 781
659 160 1 218
661 33 19 781
666 160 7 218
675 160 55 153
675 297 7 1209
685 194 37 252
689 297 13 1209
701 117 7 1312
725 117 19 1312
736 297 19 1209
738 297 25 1209
738 117 31 1312
752 117 25 1312
763 117 37 1312
764 160 13 218
773 297 31 1209
779 117 43 1312
786 194 1 1166
786 297 37 1209
788 33 25 781
789 194 7 1166
793 160 25 218
805 33 31 781
816 117 49 1312
819 33 37 781
819 117 55 1312
828 194 13 1166
835 194 19 1166
838 117 31 306
839 194 25 1166
841 297 43 1209
844 117 25 306
847 160 37 218
850 194 31 1166
854 160 19 218
856 297 49 1209
859 160 31 218
860 117 19 306
861 297 55 1209
863 117 37 306
865 194 37 1166
870 194 43 1166
872 297 1 492
884 33 43 781
885 297 7 492
886 117 49 306
917 160 43 218
924 297 13 492
931 33 49 781
933 117 43 306
940 194 49 1166
943 194 1 315
947 117 55 306
954 160 49 218
956 160 1 546
958 33 55 781
965 194 55 1166
983 297 19 492
984 33 3 1094
990 194 13 315
995 33 7 1094
996 297 37 492
1000 117 1 128
66 10 7 1127
94 10 1 1127
97 28 10 313
111 10 10 1127
126 28 1 313
143 10 4 1127
148 28 4 313
152 28 7 313
236 28 13 313
251 28 25 313
265 10 19 1127
275 28 16 313
338 28 19 313
357 10 13 1127
374 28 22 313
376 28 28 313
383 28 31 313
393 10 16 1127
408 10 25 1127
419 28 34 313
435 10 28 1127
469 28 37 313
490 28 43 313
503 28 46 313
534 10 22 1127
537 28 40 313
540 10 37 1127
552 28 49 313
555 28 52 313
560 28 55 313
620 10 43 1127
630 28 1 752
640 10 31 1127
644 10 34 1127
646 10 46 1127
664 10 49 1127
706 28 4 752
707 28 58 313
722 28 7 752
743 10 40 1127
760 10 52 1127
787 28 13 752
815 28 10 752
826 28 16 752
831 28 19 752
836 10 55 1127
845 10 58 1127
875 10 1 747
917 10 4 747
942 28 25 752
953 10 7 747
958 10 13 747
12 211 11 1186
17 334 1 402
22 334 10 402
29 389 13 104
31 363 11 1465
40 211 5 1186
50 334 7 402
57 389 5 104
58 389 9 104
58 334 4 402
65 334 13 402
65 87 7 498
70 389 17 104
77 334 15 402
93 334 17 402
102 389 7 104
110 363 1 1465
113 87 1 498
114 389 1 104
115 87 5 498
122 211 17 1186
127 363 5 1465
135 389 19 104
157 334 19 402
161 363 3 1465
171 211 1 1186
184 334 21 402
193 87 3 498
196 389 3 104
196 211 7 1186
205 363 7 1465
217 211 13 1186
228 389 11 104
240 87 9 498
243 389 21 104
244 389 15 104
250 334 25 402
264 87 11 498
268 334 27 402
268 211 3 1186
282 389 23 104
285 363 13 1465
287 389 25 104
288 87 22 498
303 389 27 104
309 87 13 498
316 363 9 1465
317 211 9 1186
319 363 17 1465
322 363 15 1465
331 87 16 498
349 211 15 1186
362 87 19 498
367 211 19 1186
369 389 29 104
372 363 19 1465
376 363 25 1465
378 334 23 402
378 87 25 498
381 334 29 402
392 389 34 104
398 334 31 402
407 87 29 498
410 211 21 1186
411 389 37 104
413 363 27 1465
413 87 31 498
414 389 31 104
450 363 23 1465
460 211 23 1186
462 211 29 1186
465 211 25 1186
477 334 37 402
497 363 21 1465
515 389 40 104
515 87 27 498
526 389 43 104
532 211 27 1186
536 389 45 104
544 334 33 402
544 211 31 1186
544 87 35 498
547 334 35 402
549 334 41 402
557 211 33 1186
562 334 39 402
565 87 43 498
566 334 43 402
571 87 33 498
582 87 37 498
603 334 47 402
603 87 39 498
613 211 35 1186
620 211 37 1186
621 389 47 104
627 334 49 402
635 363 29 1465
660 211 41 1186
664 363 31 1465
665 211 39 1186
679 334 45 402
684 87 41 498
704 334 51 402
705 211 52 1186
720 334 55 402
737 334 53 402
741 87 45 498
742 389 49 104
745 334 59 402
748 334 3 1352
750 389 53 104
755 211 43 1186
760 334 57 402
774 363 33 1465
777 87 47 498
782 87 49 498
789 211 47 1186
792 363 35 1465
810 211 49 1186
818 211 45 1186
822 334 1 1352
824 363 37 1465
824 87 51 498
829 363 39 1465
834 363 41 1465
837 363 43 1465
843 211 55 1186
846 87 53 498
850 363 47 1465
855 363 45 1465
868 211 57 1186
870 334 5 1352
878 334 7 1352
882 87 55 498
891 389 51 104
895 389 3 842
899 334 9 1352
900 389 55 104
900 211 59 1186
917 87 57 498
930 334 11 1352
953 87 59 498
959 389 57 104
966 363 53 1465
967 363 49 1465
974 363 51 1465
982 389 59 104
42 217 13 1021
78 217 19 1021
120 217 31 1021
209 217 1 1021
210 217 37 1021
277 217 7 1021
286 217 25 1021
297 217 43 1021
348 217 49 1021
352 217 31 725
375 217 55 1021
378 217 27 725
433 217 37 725
470 217 43 725
516 217 49 725
555 217 55 725
632 217 1 1083
722 217 13 1083
732 217 7 1083
753 217 19 1083
769 217 25 1083
809 217 31 1083
834 217 37 1083
836 217 43 1083
977 217 55 1083
985 217 1 470
2 178 3 460
4 138 13 1478
9 178 11 460
16 138 11 1478
24 138 4 1478
89 178 1 460
108 138 1 1478
116 138 7 1478
141 178 5 460
159 138 9 1478
210 138 17 1478
213 138 15 1478
217 178 15 460
234 138 19 1478
256 138 23 1478
276 138 21 1478
306 178 7 460
309 138 25 1478
316 178 13 460
366 178 9 460
373 178 17 460
381 178 23 460
407 178 19 460
425 138 29 1478
426 178 21 460
439 178 25 460
443 178 27 460
463 138 34 1478
574 138 31 1478
602 138 27 1478
606 138 37 1478
630 178 29 460
679 178 31 460
687 138 39 1478
714 138 41 1478
744 178 37 460
759 178 33 460
763 178 35 460
765 178 41 460
772 138 43 1478
789 178 39 460
799 138 45 1478
801 138 47 1478
820 138 51 1478
847 138 49 1478
860 178 43 460
863 138 53 1478
872 138 55 1478
893 178 47 460
903 138 57 1478
914 138 59 1478
914 178 45 460
917 138 1 1250
922 178 49 460
923 138 3 1250
926 138 5 1250
948 138 7 1250
954 138 9 1250
970 138 11 1250
988 178 51 460
7 18 7 1189
12 18 19 1189
13 257 13 651
38 374 19 853
39 298 19 715
40 257 7 651
41 111 7 501
47 18 13 1189
62 298 25 715
67 111 25 501
71 374 13 853
72 257 25 651
75 111 13 501
81 257 1 651
83 374 7 853
84 18 25 1189
93 374 1 853
102 18 31 1189
119 111 37 501
121 257 19 651
122 374 25 853
128 374 37 853
129 374 43 853
131 257 31 651
135 374 31 853
138 374 49 853
140 298 1 715
174 111 19 501
175 18 3 1189
185 111 31 501
189 374 55 853
213 298 31 715
217 298 37 715
222 18 37 1189
224 257 37 651
226 18 43 1189
228 257 43 651
245 374 1 494
250 18 55 1189
255 111 1 501
265 298 7 715
271 18 49 1189
274 374 13 494
281 298 13 715
294 111 43 501
298 298 43 715
301 111 49 501
306 111 55 501
316 111 1 503
320 257 49 651
328 298 49 715
332 298 55 715
339 18 1 150
344 111 7 503
355 374 7 494
356 18 7 150
366 257 55 651
378 374 19 494
380 111 13 503
384 298 13 867
386 257 1 103
388 18 19 150
391 18 25 150
396 18 13 150
401 111 19 503
404 298 7 867
411 257 7 103
415 257 13 103
419 18 49 150
422 257 33 103
436 257 19 103
442 374 37 494
444 298 1 867
444 374 25 494
446 257 25 103
448 257 55 103
453 257 49 103
510 257 37 103
516 374 31 494
518 18 31 150
528 111 27 503
529 374 55 494
550 257 43 103
551 111 37 503
552 257 31 709
561 18 43 150
569 111 33 503
575 111 43 503
581 111 51 503
582 298 19 867
586 298 25 867
587 257 37 709
588 111 1 1367
605 298 31 867
611 18 37 150
626 298 49 867
630 374 43 494
633 257 43 709
637 111 7 1367
643 18 57 150
644 298 37 867
654 298 43 867
659 257 49 709
662 18 1 931
665 18 13 931
666 111 19 1367
667 18 19 931
674 18 25 931
675 257 1 204
675 298 13 944
688 374 1 232
691 111 13 1367
693 18 7 931
700 257 57 709
708 374 7 232
710 298 7 944
711 374 49 494
712 18 33 931
714 257 7 204
718 257 13 204
724 257 25 204
742 298 55 867
747 298 57 1016
774 111 55 503
776 298 19 944
778 257 19 204
783 374 19 232
795 298 25 944
797 257 31 204
803 257 37 204
821 257 45 204
824 18 39 931
827 298 1 944
828 111 25 1367
836 374 13 232
850 298 37 944
851 18 43 931
853 257 55 204
860 111 31 1367
884 374 25 232
896 298 31 944
897 298 45 944
899 298 49 944
925 111 37 1367
931 374 31 232
944 374 37 232
945 298 55 944
948 298 1 1428
956 257 49 204
972 298 13 1428
979 374 43 232
991 374 49 232
992 111 43 1367
1 306 7 328
11 77 13 1197
16 77 16 1197
51 77 7 1197
51 306 10 328
57 77 10 1197
80 77 19 1197
88 306 1 328
106 306 13 328
107 77 22 1197
112 69 4 353
113 77 3 1197
122 77 31 1197
129 77 25 1197
138 69 1 353
140 306 16 328
144 69 7 353
145 77 28 1197
146 77 34 1197
163 69 10 353
180 306 4 328
190 69 19 353
210 69 25 353
217 69 22 353
234 306 21 328
253 306 34 328
261 77 37 1197
282 306 31 328
299 77 40 1197
308 69 13 353
309 77 43 1197
317 77 46 1197
322 306 25 328
328 69 28 353
341 306 28 328
343 69 16 353
356 77 49 1197
393 306 37 328
396 306 40 328
399 77 55 1197
422 69 37 353
431 77 52 1197
469 306 46 328
505 69 31 353
518 306 49 328
522 306 55 328
529 77 1 805
532 69 40 353
539 77 58 1197
540 69 43 353
552 77 4 805
559 69 34 353
571 306 43 328
576 69 46 353
582 306 52 328
586 69 49 353
588 77 10 805
593 69 52 353
606 306 58 328
607 306 1 593
608 306 4 593
627 77 7 805
635 77 13 805
636 306 7 593
638 69 55 353
651 306 13 593
675 69 19 1177
687 306 10 593
700 69 3 1177
703 77 19 805
716 69 7 1177
717 77 16 805
734 306 16 593
736 69 58 353
746 306 19 593
768 306 22 593
785 306 25 593
791 69 10 1177
794 77 22 805
796 77 25 805
802 69 13 1177
807 69 16 1177
814 69 22 1177
828 77 31 805
848 69 31 1177
853 77 28 805
894 306 28 593
906 77 34 805
909 306 31 593
923 77 37 805
929 306 34 593
944 69 25 1177
972 77 40 805
993 306 37 593
7 235 11 470
8 90 11 32
38 90 16 32
39 250 28 1177
49 250 34 1177
54 235 5 470
59 277 7 1380
63 235 17 470
72 250 37 1177
75 235 7 470
83 235 13 470
122 250 39 1177
148 250 41 1177
159 90 1 32
162 90 3 32
176 235 9 470
180 90 7 32
189 235 19 470
189 277 1 1380
203 235 15 470
220 90 5 32
222 235 21 470
226 250 47 1177
227 277 3 1380
228 90 9 32
232 277 5 1380
235 235 23 470
242 235 25 470
264 277 9 1380
271 277 11 1380
287 250 43 1177
288 235 28 470
288 90 31 32
294 277 13 1380
300 250 45 1177
300 90 13 32
324 250 49 1177
325 250 51 1177
327 277 15 1380
335 250 53 1177
337 235 31 470
347 90 19 32
361 235 33 470
397 235 35 470
403 250 55 1177
415 277 17 1380
418 90 23 32
428 235 37 470
432 235 39 470
434 250 57 1177
439 250 59 1177
468 90 21 32
472 250 5 1069
475 90 25 32
477 90 39 32
505 277 19 1380
514 90 27 32
518 90 29 32
543 90 33 32
549 250 11 1069
566 277 21 1380
570 235 43 470
584 90 35 32
585 250 17 1069
602 277 23 1380
621 277 25 1380
621 250 23 1069
624 250 29 1069
627 90 37 32
631 250 35 1069
660 250 47 1069
663 90 41 32
664 235 41 470
671 235 47 470
685 90 43 32
700 90 45 32
701 277 29 1380
702 235 45 470
731 235 49 470
737 235 51 470
738 277 35 1380
744 250 41 1069
751 277 27 1380
766 250 53 1069
775 235 53 470
777 250 59 1069
791 277 31 1380
795 235 59 470
802 90 47 32
831 235 55 470
841 235 1 1353
853 235 3 1353
861 277 33 1380
865 250 1 868
867 90 57 32
872 235 57 470
873 250 3 868
874 90 49 32
881 250 11 868
890 250 5 868
894 90 51 32
914 90 53 32
919 277 37 1380
921 250 9 868
924 235 5 1353
931 250 7 868
932 277 39 1380
951 90 55 32
953 250 13 868
960 250 15 868
961 90 59 32
979 277 41 1380
17 81 19 963
29 81 15 963
61 81 25 963
93 81 31 963
155 81 1 963
186 81 9 963
195 81 37 963
216 81 43 963
220 81 49 963
268 81 55 963
281 81 1 570
300 81 7 570
304 81 13 570
331 81 25 570
340 81 19 570
434 81 31 570
444 81 37 570
477 81 43 570
498 81 55 570
507 81 1 1183
570 81 49 570
589 81 7 1183
595 81 19 1183
602 81 31 1183
609 81 15 1183
717 81 25 1183
730 81 37 1183
737 81 55 1183
762 81 43 1183
763 81 49 1183
780 81 3 27
817 81 19 27
886 81 7 27
920 81 13 27
936 81 25 27
968 81 31 27
969 81 37 27
977 81 43 27
989 81 55 27
12 70 25 1339
20 70 10 1339
22 192 13 25
23 192 7 25
23 70 13 1339
24 192 16 25
41 192 19 25
65 198 15 1352
86 192 10 25
103 70 1 1339
121 70 7 1339
130 70 4 1339
132 192 22 25
140 198 22 1352
148 70 16 1339
159 198 25 1352
171 70 19 1339
244 192 1 25
259 198 28 1352
278 192 4 25
279 70 28 1339
286 198 19 1352
291 70 22 1339
293 192 25 25
317 198 33 1352
333 192 31 25
337 70 33 1339
361 198 37 1352
364 192 28 25
368 198 43 1352
372 198 40 1352
393 192 34 25
417 192 37 25
424 70 37 1339
435 70 40 1339
435 198 46 1352
442 192 49 25
472 70 46 1339
473 70 43 1339
488 192 40 25
496 70 49 1339
510 192 43 25
520 70 52 1339
535 198 51 1352
542 70 55 1339
545 198 55 1352
556 198 58 1352
558 70 1 1421
565 198 7 649
582 192 46 25
592 70 7 1421
598 192 52 25
620 192 55 25
624 198 1 649
671 70 58 1339
671 198 4 649
713 192 58 25
735 198 10 649
748 70 10 1421
762 192 1 117
800 70 13 1421
811 70 4 1421
837 192 4 117
848 198 13 649
861 198 19 649
865 192 13 117
866 198 16 649
873 70 22 1421
876 70 16 1421
877 192 7 117
886 198 25 649
888 70 25 1421
901 192 10 117
903 70 28 1421
925 198 22 649
947 198 28 649
964 198 31 649
967 198 34 649
968 192 16 117
969 198 43 649
971 198 37 649
984 198 40 649
985 192 19 117
990 198 46 649
12 35 17 74
41 35 11 74
60 35 1 74
67 35 5 74
73 35 19 74
77 35 13 74
84 35 7 74
90 35 23 74
108 35 3 74
111 35 21 74
115 35 9 74
131 98 1 311
131 35 25 74
134 98 7 311
143 98 9 311
155 35 15 74
171 35 27 74
183 35 29 74
184 35 31 74
212 35 33 74
223 35 35 74
248 98 5 311
259 35 37 74
303 35 39 74
306 35 41 74
346 98 3 311
354 35 43 74
360 98 11 311
374 35 47 74
386 98 13 311
391 98 17 311
398 98 15 311
403 98 19 311
422 98 23 311
454 98 21 311
505 98 27 311
506 98 25 311
513 98 33 311
520 98 29 311
558 35 45 74
562 98 31 311
581 35 57 74
589 35 49 74
596 35 51 74
598 35 55 74
615 35 53 74
634 98 35 311
642 35 59 74
644 98 41 311
651 35 1 119
663 98 37 311
667 98 39 311
676 98 43 311
704 35 3 119
728 98 47 311
756 35 5 119
760 35 7 119
780 98 45 311
783 35 9 119
790 98 49 311
797 35 11 119
818 35 17 119
835 35 23 119
857 35 13 119
862 98 55 311
920 35 19 119
925 35 25 119
929 35 21 119
935 98 51 311
944 98 53 311
949 98 57 311
968 98 59 311
986 98 1 530
15 291 7 272
15 124 13 429
19 291 13 272
64 124 9 429
92 291 25 272
112 124 19 429
126 124 43 429
248 291 37 272
252 291 19 272
254 124 1 429
270 124 27 429
272 291 43 272
296 124 49 429
304 124 31 429
320 124 37 429
357 291 1 272
378 291 49 272
383 291 55 272
421 124 55 429
444 291 31 272
445 124 1 895
455 124 7 895
463 291 1 303
465 124 13 895
498 291 7 303
537 291 13 303
548 124 25 895
558 124 19 895
562 124 33 895
613 291 19 303
623 291 25 303
652 291 31 303
652 124 43 895
699 124 49 895
776 291 37 303
780 124 37 895
815 124 55 895
850 291 49 303
931 291 43 303
962 124 13 34
14 273 13 987
33 273 16 987
48 273 10 987
49 273 19 987
70 273 22 987
82 273 25 987
94 97 19 658
101 273 1 987
104 97 10 658
108 97 7 658
119 97 4 658
143 97 1 658
149 273 4 987
175 97 13 658
205 97 16 658
222 273 7 987
232 97 25 658
239 273 28 987
262 97 22 658
274 97 31 658
368 273 46 987
382 273 33 987
401 273 37 987
409 97 28 658
443 97 37 658
447 273 40 987
448 273 43 987
449 97 43 658
455 273 52 987
471 97 40 658
472 273 1 1398
475 97 49 658
487 273 55 987
498 273 4 1398
503 97 52 658
526 273 49 987
532 97 46 658
535 273 58 987
541 273 10 1398
549 273 7 1398
568 273 13 1398
573 273 16 1398
599 273 25 1398
619 97 34 658
645 273 31 1398
678 97 55 658
683 97 58 658
694 97 1 1445
707 273 19 1398
739 97 7 1445
751 97 4 1445
761 97 10 1445
768 273 34 1398
772 273 22 1398
788 97 13 1445
805 97 16 1445
829 97 19 1445
832 97 22 1445
836 97 31 1445
844 273 37 1398
861 97 25 1445
892 97 28 1445
899 97 34 1445
922 97 37 1445
2 261 5 928
5 261 7 928
9 261 17 928
11 170 16 122
14 261 19 928
19 396 7 479
22 170 19 122
23 261 10 928
28 261 13 928
30 32 13 1100
46 170 1 122
46 396 3 479
48 396 13 479
60 396 5 479
64 396 15 479
91 170 5 122
113 396 11 479
115 261 15 928
138 32 4 1100
141 261 21 928
145 170 7 122
148 170 9 122
157 261 1 928
161 261 23 928
162 32 1 1100
163 261 25 928
170 396 1 479
176 396 17 479
179 32 7 1100
188 396 9 479
204 261 3 928
214 32 9 1100
224 32 11 1100
227 32 15 1100
245 261 34 928
254 32 17 1100
267 32 21 1100
273 261 27 928
277 261 29 928
285 32 19 1100
285 396 21 479
287 261 31 928
294 170 3 122
318 396 23 479
354 396 19 479
361 32 23 1100
362 32 25 1100
363 170 11 122
373 396 27 479
374 170 13 122
386 396 25 479
388 170 23 122
393 170 21 122
394 261 37 928
405 396 29 479
471 261 45 928
476 396 34 479
494 261 40 928
496 396 31 479
498 32 27 1100
510 261 47 928
522 32 29 1100
524 396 37 479
539 32 33 1100
539 261 43 928
551 261 49 928
552 261 52 928
556 261 55 928
565 261 59 928
591 396 39 479
592 32 31 1100
605 261 57 928
627 170 25 122
629 396 41 479
631 32 37 1100
632 170 27 122
647 261 1 95
661 32 35 1100
668 170 29 122
687 170 33 122
723 396 43 479
742 396 45 479
746 32 39 1100
754 396 47 479
762 261 4 95
775 32 41 1100
789 32 52 1100
808 396 49 479
809 396 51 479
819 261 7 95
823 32 43 1100
827 32 47 1100
839 32 45 1100
843 32 49 1100
846 170 31 122
859 32 55 1100
867 170 35 122
870 170 37 122
872 261 9 95
873 261 11 95
880 170 41 122
892 170 39 122
933 396 53 479
936 32 57 1100
953 170 43 122
956 170 45 122
958 261 16 95
960 32 59 1100
960 170 47 122
976 32 3 83
977 170 52 122
981 32 1 83
983 261 13 95
983 396 55 479
987 170 49 122
993 261 19 95
998 396 59 479
5 86 9 380
9 86 25 380
10 86 31 380
14 86 21 380
19 329 9 678
42 222 19 316
51 222 13 316
57 362 13 1324
60 362 19 1324
66 86 15 380
96 362 31 1324
107 362 25 1324
139 362 1 1324
139 222 7 316
143 329 13 678
156 362 37 1324
159 329 3 678
169 329 25 678
180 329 19 678
201 362 7 1324
206 362 43 1324
207 86 1 380
208 362 49 1324
223 86 37 380
224 222 1 316
226 362 7 70
230 86 43 380
233 86 49 380
239 362 55 1324
244 86 55 380
259 362 1 70
263 86 1 1233
273 362 31 70
279 222 31 316
283 329 31 678
287 222 27 316
304 362 19 70
311 222 37 316
313 362 13 70
319 222 43 316
320 222 55 316
329 362 43 70
334 329 37 678
334 86 7 1233
339 329 43 678
342 329 49 678
354 86 13 1233
363 362 49 70
363 86 43 1233
369 329 1 948
394 329 55 678
423 329 7 948
425 222 49 316
432 222 1 1470
441 86 25 1233
449 222 7 1470
466 329 13 948
479 86 19 1233
481 329 19 948
484 86 31 1233
485 86 37 1233
486 329 25 948
487 222 13 1470
500 329 31 948
505 329 37 948
514 86 49 1233
535 362 37 70
559 329 43 948
577 329 55 948
585 362 25 70
590 362 55 70
592 329 49 948
594 329 55 640
596 362 1 155
600 329 1 1403
623 222 19 1470
641 222 25 1470
649 86 55 1233
656 329 19 1403
665 362 19 155
670 86 1 1159
707 362 25 155
716 362 13 155
718 329 25 1403
722 222 31 1470
743 329 7 1403
750 329 13 1403
759 329 37 1403
771 329 43 1403
779 222 37 1470
789 222 55 1470
790 329 31 1403
790 362 7 155
802 329 55 1403
803 362 43 155
820 329 1 746
822 222 43 1470
836 362 37 155
838 329 51 1403
840 362 31 155
847 222 55 155
862 222 1 761
863 86 7 1159
882 86 13 1159
886 86 31 1159
899 86 19 1159
907 86 25 1159
920 362 49 155
927 86 43 1159
931 329 9 746
941 329 13 746
944 362 1 254
946 86 37 1159
946 222 49 1470
947 329 19 746
956 329 25 746
962 329 31 746
967 362 7 254
984 222 7 761
988 362 13 254
999 222 19 761
2 175 7 1397
28 175 5 1397
55 13 7 258
61 13 11 258
97 13 13 258
112 175 16 1397
132 13 1 258
140 13 5 258
174 13 9 258
236 13 3 258
311 13 15 258
319 175 1 1397
320 175 3 1397
324 175 9 1397
347 13 17 258
364 175 11 1397
390 13 19 258
406 175 21 1397
424 175 13 1397
431 13 27 258
437 175 19 1397
446 175 23 1397
476 13 21 258
484 13 23 258
503 175 25 1397
538 175 27 1397
567 13 25 258
592 175 29 1397
614 13 29 258
639 175 31 1397
644 13 31 258
673 13 34 258
680 13 37 258
682 175 34 1397
692 175 37 1397
695 175 39 1397
711 175 41 1397
750 13 39 258
771 13 41 258
777 13 43 258
793 175 43 1397
796 175 45 1397
802 175 49 1397
806 175 47 1397
813 175 51 1397
819 175 53 1397
828 175 59 1397
884 175 55 1397
885 13 45 258
886 175 57 1397
936 175 5 307
939 13 47 258
950 175 11 307
954 13 53 258
956 13 55 258
963 13 49 258
30 371 15 663
55 371 9 663
57 82 19 802
73 371 21 663
86 371 25 663
125 371 31 663
128 82 43 802
142 82 1 802
187 82 31 802
230 371 1 663
234 82 13 802
238 371 43 663
257 82 37 802
293 371 37 663
302 371 49 663
317 371 55 663
406 82 7 802
420 82 25 802
424 371 1 614
482 371 7 614
495 82 55 802
503 371 13 614
515 82 49 802
531 371 19 614
541 82 55 232
548 82 1 385
552 82 7 385
567 371 27 614
580 82 13 385
622 82 19 385
622 371 31 614
648 371 37 614
674 82 31 385
681 82 25 385
693 371 45 614
700 82 37 385
705 82 55 385
713 82 43 385
730 371 49 614
736 371 3 67
747 371 7 67
767 82 19 1432
797 82 49 385
803 82 25 1432
806 371 13 67
812 371 55 614
828 371 19 67
836 82 49 1432
902 371 25 67
910 82 31 1432
914 371 31 67
927 371 49 67
928 82 13 1432
932 82 43 1432
935 82 55 1432
955 371 37 67
965 371 43 67
977 371 1 131
987 371 55 67
13 72 19 1175
22 72 16 1175
32 325 7 564
52 72 7 1175
78 72 4 1175
91 72 10 1175
102 325 19 564
142 325 10 564
147 325 1 564
153 72 1 1175
159 72 13 1175
219 72 22 1175
232 325 13 564
234 72 27 1175
239 72 31 1175
250 72 34 1175
255 325 31 564
265 72 37 1175
282 72 40 1175
293 325 4 564
299 325 16 564
304 325 25 564
313 325 34 564
324 325 22 564
328 325 43 564
350 72 43 1175
355 72 46 1175
383 72 49 1175
390 325 37 564
391 325 40 564
394 325 28 564
401 325 46 564
408 72 52 1175
462 72 55 1175
478 325 55 564
484 72 58 1175
515 72 1 337
520 325 49 564
543 72 4 337
603 325 58 564
607 325 52 564
614 72 10 337
626 325 55 630
669 325 58 630
692 325 51 630
693 72 13 337
721 325 1 1350
732 72 19 337
734 72 7 337
746 72 22 337
782 325 4 1350
791 325 7 1350
800 72 16 337
803 72 49 337
813 325 10 1350
824 325 13 1350
832 325 16 1350
833 72 25 337
881 325 21 1350
887 325 25 1350
896 325 37 1350
906 325 28 1350
935 72 31 337
937 325 31 1350
948 325 34 1350
957 72 28 337
962 72 37 337
963 325 40 1350
981 325 43 1350
994 72 34 337
5 221 13 46
15 221 4 46
18 221 9 46
56 221 11 46
127 221 7 46
165 221 1 46
181 221 17 46
213 221 19 46
224 221 23 46
275 221 21 46
278 221 15 46
289 221 25 46
327 221 31 46
372 221 27 46
380 221 29 46
434 221 35 46
436 221 37 46
451 221 33 46
468 221 39 46
472 221 41 46
542 221 46 46
558 221 43 46
620 221 49 46
667 221 51 46
738 221 53 46
783 221 55 46
807 221 57 46
815 221 59 46
846 221 1 932
854 221 3 932
862 221 5 932
903 221 7 932
927 221 9 932
983 221 15 932
2 88 9 73
35 88 25 73
44 88 31 73
76 88 19 73
104 88 43 73
159 88 37 73
164 88 15 73
167 88 1 73
176 88 49 73
208 88 55 73
216 88 1 675
227 88 7 675
272 88 15 675
314 88 31 675
330 88 25 675
365 88 19 675
490 88 1 37
497 88 37 675
594 88 43 675
601 88 7 37
606 88 49 675
615 88 55 675
636 88 13 37
656 88 25 37
702 88 19 37
726 88 31 37
728 88 51 37
786 88 43 37
809 88 37 37
815 88 1 266
852 88 55 37
860 88 7 266
902 88 13 266
920 88 21 266
929 88 25 266
975 88 43 266
1 372 10 400
28 372 15 400
53 249 9 1077
62 372 19 400
65 372 22 400
71 249 1 1077
89 372 25 400
93 372 28 400
103 249 13 1077
128 249 21 1077
145 372 31 400
175 249 16 1077
197 372 1 400
229 249 4 1077
242 249 34 1077
244 249 25 1077
250 249 28 1077
260 372 4 400
265 249 40 1077
272 249 31 1077
308 249 43 1077
328 372 34 400
354 249 37 1077
361 372 7 400
363 372 55 400
373 372 43 400
393 372 49 400
410 372 37 400
412 372 40 400
427 249 46 1077
449 372 46 400
463 372 52 400
480 249 49 1077
482 372 58 400
508 372 13 1246
514 372 1 1246
522 249 58 1077
543 249 52 1077
544 372 4 1246
569 372 7 1246
578 372 19 1246
599 372 10 1246
615 249 1 166
618 372 16 1246
640 372 22 1246
687 372 25 1246
709 372 28 1246
715 249 55 1077
782 372 31 1246
825 372 34 1246
830 372 37 1246
831 372 40 1246
840 249 4 166
851 372 49 1246
862 372 43 1246
890 249 7 166
892 372 46 1246
908 249 10 166
922 372 55 1246
927 372 4 1332
929 249 13 166
934 249 16 166
976 372 52 1246
15 197 11 816
46 197 5 816
50 197 17 816
58 197 13 816
107 197 1 816
131 197 3 816
201 197 15 816
227 197 19 816
250 197 7 816
254 197 9 816
278 197 21 816
325 197 23 816
451 197 25 816
501 197 27 816
534 197 29 816
560 197 31 816
563 197 35 816
564 197 37 816
617 197 33 816
695 197 41 816
696 197 39 816
715 197 43 816
718 197 47 816
751 197 49 816
753 197 45 816
760 197 55 816
795 197 4 181
801 197 51 816
834 197 53 816
854 197 57 816
897 197 59 816
913 197 1 181
975 197 7 181
15 335 19 1479
18 190 13 648
27 190 7 648
38 190 25 648
82 190 19 648
91 335 13 1479
98 190 37 648
113 190 31 648
159 335 31 1479
160 190 1 648
164 190 43 648
166 190 49 648
183 190 55 648
185 335 37 1479
192 335 1 1479
195 190 1 716
248 335 7 1479
258 335 27 1479
265 190 25 716
283 190 7 716
314 335 43 1479
318 190 13 716
333 335 49 1479
351 335 55 1479
371 335 1 322
402 190 19 716
422 190 43 716
441 335 13 322
450 190 31 716
479 190 49 716
480 190 37 716
481 190 1 979
506 190 55 716
515 190 7 979
527 190 13 979
557 335 7 322
561 190 19 979
562 335 19 322
564 190 25 979
590 335 25 322
595 335 31 322
604 335 43 322
606 190 31 979
649 190 37 979
655 335 37 322
659 190 43 979
695 190 55 979
712 190 1 1458
717 190 49 979
727 335 49 322
737 335 7 554
761 190 19 1458
782 190 13 1458
783 190 31 1458
784 335 55 322
803 190 7 1458
808 335 19 554
811 190 25 1458
825 335 25 554
827 190 37 1458
845 190 43 1458
853 335 13 554
871 335 1 554
876 190 49 1458
932 190 55 1458
933 190 1 1468
941 190 7 1468
950 335 31 554
61 122 31 605
66 122 25 605
69 195 1 146
97 122 15 605
106 122 7 605
120 122 19 605
139 122 22 605
144 122 1 605
155 195 7 146
170 122 4 605
210 195 4 146
221 195 10 146
249 195 15 146
263 195 25 146
292 122 10 605
294 122 28 605
298 122 34 605
301 122 37 605
338 122 40 605
351 195 22 146
368 122 49 605
383 122 43 605
395 122 46 605
409 195 19 146
409 122 52 605
426 122 55 605
434 122 1 253
445 122 58 605
459 122 4 253
462 122 7 253
476 195 28 146
504 195 31 146
509 195 34 146
522 195 13 761
524 195 49 146
531 122 10 253
550 195 52 146
573 195 37 146
597 195 40 146
667 195 43 146
686 122 19 253
688 195 46 146
694 195 55 146
709 195 58 146
728 122 13 253
731 122 16 253
804 122 22 253
825 195 31 761
839 122 31 253
857 122 28 253
887 122 34 253
889 122 37 253
898 122 25 253
917 195 16 761
928 195 25 761
939 195 28 761
942 195 34 761
953 122 40 253
979 195 37 761
990 122 43 253
2 347 13 59
7 112 17 1324
10 112 5 1324
24 166 13 669
26 112 11 1324
69 347 7 59
79 112 23 1324
84 112 29 1324
92 347 5 59
94 347 17 59
124 347 11 59
136 347 1 59
138 347 9 59
151 112 35 1324
161 166 1 669
167 347 19 59
169 112 41 1324
207 166 25 1175
244 166 7 669
248 347 15 59
253 112 47 1324
255 347 23 59
261 112 53 1324
274 347 3 59
299 166 3 669
304 112 59 1324
315 166 5 669
317 112 1 44
326 112 3 44
356 112 5 44
359 347 25 59
361 112 10 44
362 112 7 44
375 347 21 59
386 166 9 669
398 347 27 59
432 112 13 44
442 347 29 59
483 347 31 59
488 112 17 44
498 347 33 59
518 166 11 669
520 112 19 44
528 166 15 669
529 347 35 59
534 166 17 669
538 347 37 59
539 112 15 44
550 347 41 59
584 166 19 669
596 166 21 669
604 166 23 669
631 347 39 59
632 347 49 59
657 166 25 669
698 166 27 669
698 112 21 44
700 112 23 44
701 112 31 44
704 347 43 59
715 112 25 44
716 347 45 59
719 166 29 669
749 166 33 669
749 112 27 44
750 166 31 669
753 347 47 59
757 112 29 44
769 166 35 669
776 347 51 59
792 112 33 44
793 347 53 59
809 112 35 44
815 347 5 1179
848 112 37 44
857 112 39 44
876 112 41 44
884 347 57 59
888 347 55 59
892 347 59 59
908 166 37 669
912 112 43 44
923 347 1 1179
936 347 3 1179
947 112 45 44
957 347 7 1179
964 347 11 1179
973 166 39 669
975 112 47 44
992 166 41 669
998 112 49 44
1000 112 51 44
1000 347 9 1179
4 104 15 809
53 181 13 30
57 181 25 30
69 104 9 809
75 189 9 186
81 181 7 30
97 104 19 809
111 104 1 809
125 104 25 809
136 104 31 809
142 189 37 186
176 181 1 30
178 104 37 809
181 189 1 186
183 189 13 186
184 189 33 186
194 104 43 809
202 104 55 809
205 104 49 809
225 189 25 186
229 189 19 186
246 104 1 953
271 189 43 186
273 104 7 953
275 181 37 30
280 104 13 953
290 104 19 953
336 181 43 30
336 189 49 186
338 189 55 186
345 189 1 845
346 181 19 30
348 104 31 953
357 104 37 953
371 189 7 845
397 104 25 953
402 181 49 30
428 104 43 953
461 104 49 953
515 189 13 845
517 104 13 1392
537 181 33 30
538 181 1 520
549 104 55 953
553 181 55 30
587 181 7 520
601 181 13 520
602 104 1 1392
617 104 7 1392
619 181 19 520
621 181 27 520
636 181 37 520
676 181 31 520
683 189 19 845
689 181 55 520
693 189 31 845
695 104 19 1392
723 189 25 845
734 104 31 1392
747 181 49 520
754 104 25 1392
766 104 43 1392
785 104 37 1392
806 181 7 902
811 104 49 1392
817 181 1 902
818 104 1 1462
819 181 43 520
869 181 19 902
869 189 37 845
893 189 49 845
895 189 43 845
898 181 43 902
905 104 55 1392
906 189 55 845
922 181 13 902
931 189 13 1298
945 189 9 1298
987 181 25 902
28 127 19 227
60 127 13 227
73 127 25 227
97 282 25 482
127 127 16 227
157 282 3 482
168 127 1 227
173 127 4 227
182 282 7 482
188 127 22 227
200 282 10 482
202 282 13 482
215 282 28 482
222 282 16 482
241 282 19 482
254 127 28 227
266 282 22 482
267 282 31 482
286 282 43 482
296 282 34 482
303 127 7 227
314 282 37 482
325 282 40 482
325 127 10 227
335 282 46 482
341 127 31 227
362 127 34 227
363 127 58 227
377 282 49 482
394 282 52 482
399 127 37 227
420 127 49 227
437 127 46 227
448 282 1 742
459 127 40 227
460 282 55 482
467 127 43 227
489 282 58 482
494 127 1 670
514 282 4 742
535 282 10 742
545 127 52 227
550 282 7 742
550 127 55 227
561 127 4 670
564 282 13 742
579 127 7 670
623 282 16 742
624 127 13 670
625 127 10 670
626 127 16 670
663 127 19 670
666 127 25 670
667 282 31 742
673 282 19 742
679 127 28 670
691 282 22 742
692 282 34 742
741 282 25 742
758 127 22 670
781 282 28 742
793 127 37 670
825 282 37 742
851 127 40 670
876 127 31 670
880 282 43 742
891 127 43 670
897 127 34 670
902 127 46 670
912 282 40 742
944 282 46 742
949 127 1 1185
952 282 49 742
987 282 52 742
57 348 17 715
101 348 11 715
165 348 5 715
218 348 29 715
237 348 23 715
251 348 35 715
313 348 41 715
363 348 47 715
367 348 53 715
384 348 59 715
453 348 1 21
472 348 7 21
513 348 3 21
517 348 11 21
544 348 9 21
585 348 5 21
586 348 13 21
669 348 15 21
686 348 17 21
694 348 19 21
713 348 21 21
723 348 23 21
758 348 25 21
775 348 27 21
812 348 29 21
861 348 31 21
881 348 33 21
910 348 35 21
1000 348 37 21
12 113 31 1156
26 113 13 1156
53 113 19 1156
225 113 1 1156
311 113 7 1156
354 113 45 1156
385 113 25 1156
439 113 39 1156
479 113 55 1156
490 113 7 83
528 113 33 83
610 113 13 83
706 113 49 1156
766 113 19 83
805 113 25 83
830 113 43 83
833 113 37 83
839 113 55 83
841 113 49 83
862 113 7 728
882 113 19 728
936 113 13 728
947 113 1 728
958 113 31 728
963 113 43 728
1000 113 25 728
40 344 13 626
44 344 16 626
81 125 25 1304
86 344 7 626
88 344 25 626
96 344 37 626
99 125 3 1304
137 125 28 1304
155 344 19 626
156 344 22 626
161 344 31 626
172 125 7 1304
184 125 10 1304
198 125 31 1304
203 344 1 626
213 125 21 1304
226 125 13 1304
239 344 4 626
252 344 10 626
284 125 16 1304
289 125 34 1304
305 125 37 1304
334 344 34 626
345 344 28 626
355 344 40 626
401 125 40 1304
421 125 43 1304
445 125 46 1304
453 125 55 1304
459 125 49 1304
486 344 49 626
491 125 58 1304
501 125 52 1304
515 125 43 337
546 344 43 626
547 125 40 337
550 344 58 626
551 125 52 337
570 125 46 337
629 125 55 337
658 344 46 626
721 125 58 337
772 344 52 626
781 125 1 366
784 344 1 769
843 125 4 366
857 344 4 769
863 344 55 626
909 344 7 769
964 344 19 769
973 125 7 366
1 157 13 1472
3 157 5 1472
5 144 17 685
7 136 23 953
8 157 16 1472
10 340 17 174
18 144 11 685
20 340 13 174
29 136 29 953
31 144 23 685
36 340 7 174
39 136 5 953
41 157 22 1472
42 144 5 685
42 312 11 71
47 136 17 953
53 136 35 953
58 136 11 953
61 157 29 1472
63 312 19 71
64 340 5 174
91 312 7 71
95 312 1 71
146 312 3 71
150 157 3 1472
174 136 41 953
174 157 1 1472
175 312 9 71
179 312 5 71
183 157 7 1472
189 136 47 953
222 157 10 1472
226 340 11 174
227 136 53 953
227 157 25 1472
231 312 13 71
235 340 1 174
239 340 15 174
247 144 29 685
252 340 23 174
254 136 59 953
256 312 25 71
257 136 1 387
263 144 35 685
266 312 15 71
268 144 41 685
273 312 29 71
274 136 5 387
288 312 33 71
294 157 31 1472
297 136 3 387
315 312 17 71
338 157 27 1472
350 144 47 685
359 144 53 685
360 340 9 174
367 136 11 387
378 312 35 71
398 312 21 71
403 157 37 1472
404 144 59 685
417 157 19 1472
430 312 23 71
434 157 39 1472
438 157 33 1472
452 157 35 1472
455 136 13 387
456 157 49 1472
458 312 27 71
475 312 31 71
480 312 41 71
488 144 1 1493
494 144 4 1493
499 136 7 387
505 157 41 1472
508 312 37 71
527 136 9 387
531 144 7 1493
535 136 15 387
535 340 3 174
546 157 46 1472
581 144 9 1493
590 136 17 387
592 340 19 174
601 157 53 1472
602 157 55 1472
624 136 19 387
629 340 21 174
632 136 23 387
635 144 11 1493
635 340 25 174
648 340 27 174
649 136 21 387
660 136 25 387
662 136 27 387
662 157 43 1472
665 340 29 174
672 340 31 174
677 136 31 387
678 144 13 1493
679 144 15 1493
679 312 43 71
680 144 17 1493
680 157 51 1472
683 157 5 1156
705 157 59 1472
715 312 45 71
717 340 33 174
719 144 19 1493
750 340 37 174
758 340 35 174
767 157 11 1156
769 136 29 387
771 312 39 71
775 144 21 1493
780 144 23 1493
785 157 57 1472
792 340 39 174
799 340 41 174
800 340 45 174
821 144 27 1493
832 340 43 174
836 340 47 174
842 340 49 174
853 340 53 174
863 340 51 174
875 340 55 174
877 136 33 387
904 312 47 71
913 144 25 1493
917 136 35 387
921 157 17 1156
940 144 29 1493
949 157 23 1156
951 157 29 1156
952 340 57 174
957 312 49 71
958 157 35 1156
959 144 31 1493
959 340 59 174
964 340 5 553
978 340 1 553
982 340 3 553
991 312 53 71
993 312 51 71
993 340 7 553
27 7 13 24
32 58 31 180
39 248 10 1165
43 58 34 180
46 7 7 24
55 391 13 911
62 7 22 24
63 7 25 24
63 248 21 1165
86 391 31 911
94 391 22 911
97 391 28 911
108 248 13 1165
115 7 19 24
116 391 1 911
127 58 43 180
155 248 25 1165
156 7 28 24
156 248 31 1165
158 7 1 24
159 248 28 1165
170 58 37 180
176 7 31 24
177 248 34 1165
177 391 25 911
186 391 16 911
207 7 10 24
208 391 4 911
220 7 16 24
225 7 34 24
231 391 7 911
235 7 4 24
240 7 37 24
246 248 7 1165
252 7 40 24
273 7 43 24
275 7 46 24
289 391 10 911
293 248 1 1165
305 248 4 1165
310 391 19 911
315 7 49 24
316 248 16 1165
318 248 37 1165
320 58 46 180
323 7 52 24
336 248 40 1165
337 7 55 24
340 7 58 24
342 248 43 1165
349 391 37 911
349 248 46 1165
351 391 34 911
382 391 40 911
385 7 1 118
392 248 1 33
398 58 40 180
407 248 49 1165
414 391 45 911
419 7 4 118
429 248 55 1165
433 248 52 1165
437 58 49 180
440 391 49 911
444 391 52 911
446 58 52 180
459 58 1 372
461 58 55 180
473 7 7 118
476 248 4 33
491 391 55 911
497 391 58 911
501 58 58 180
506 7 10 118
512 248 58 1165
539 58 7 372
540 7 13 118
541 7 16 118
559 7 19 118
597 7 22 118
600 391 37 728
612 248 7 33
634 391 49 728
653 58 4 372
661 391 55 728
666 7 28 118
680 58 13 372
690 391 3 1364
699 7 31 118
701 7 34 118
713 7 37 118
723 391 40 728
745 391 52 728
786 391 58 728
790 58 19 372
792 58 10 372
797 391 7 1364
800 391 10 1364
804 58 16 372
837 7 25 118
839 391 13 1364
840 58 22 372
874 58 25 372
874 7 40 118
875 7 57 118
877 7 43 118
878 248 10 33
884 391 16 1364
893 58 28 372
900 391 28 1364
930 248 13 33
934 7 46 118
939 391 19 1364
939 248 16 33
948 248 19 33
961 7 51 118
964 391 22 1364
983 58 31 372
985 7 7 1108
986 248 22 33
991 391 25 1364
992 391 31 1364
20 234 15 1139
22 212 21 773
46 2 10 577
50 212 11 773
64 234 13 1139
71 2 17 577
71 156 11 1214
79 234 11 1139
80 234 5 1139
88 212 13 773
92 156 7 1214
93 156 5 1214
113 234 17 1139
113 212 15 773
114 156 16 1214
116 2 4 577
122 2 19 577
128 156 1 1214
137 156 3 1214
146 212 1 773
152 234 19 1139
153 156 9 1214
154 2 1 577
200 234 3 1139
214 234 1 1139
236 2 7 577
237 2 13 577
253 2 15 577
257 234 7 1139
259 156 13 1214
275 234 9 1139
276 156 19 1214
281 2 28 577
286 2 22 577
289 2 31 577
291 212 3 773
295 212 5 773
303 212 23 773
304 234 23 1139
307 234 21 1139
307 212 7 773
310 156 22 1214
322 234 28 1139
330 234 31 1139
334 212 17 773
335 234 25 1139
337 2 25 577
344 212 19 773
348 2 35 577
348 212 9 773
358 234 33 1139
362 212 27 773
368 234 35 1139
374 212 29 773
377 234 37 1139
398 2 33 577
409 234 41 1139
417 212 40 773
421 234 46 1139
431 212 31 773
450 234 39 1139
451 212 35 773
452 156 25 1214
453 234 43 1139
457 212 25 773
474 156 27 1214
488 234 51 1139
516 234 53 1139
520 212 33 773
523 2 37 577
526 2 39 577
552 2 41 577
558 2 47 577
558 234 55 1139
561 234 49 1139
568 2 43 577
592 156 33 1214
598 156 29 1214
599 234 57 1139
620 156 35 1214
625 2 45 577
625 156 31 1214
634 212 37 773
634 156 43 1214
647 156 46 1214
656 234 59 1139
667 212 49 773
681 212 47 773
686 234 1 1195
695 156 37 1214
701 212 43 773
703 212 45 773
704 212 53 773
706 234 7 1195
711 2 53 577
726 156 39 1214
728 2 55 577
728 212 57 773
744 234 3 1195
744 156 49 1214
746 156 41 1214
758 156 51 1214
759 212 59 773
761 156 53 1214
764 156 55 1214
765 2 49 577
766 156 57 1214
782 156 59 1214
784 212 51 773
789 234 5 1195
790 212 55 773
798 2 57 577
800 212 34 1364
801 2 59 577
814 234 9 1195
820 234 11 1195
822 2 51 577
829 156 1 1443
840 156 7 1443
842 156 3 1443
845 2 5 1333
855 156 5 1443
889 212 1 1364
901 156 13 1443
911 234 13 1195
912 2 11 1333
914 234 15 1195
923 234 17 1195
930 234 19 1195
949 212 37 1364
952 156 10 1443
953 2 17 1333
962 234 25 1195
962 212 40 1364
966 156 15 1443
967 156 17 1443
973 156 19 1443
982 234 21 1195
983 212 43 1364
988 2 23 1333
991 2 29 1333
998 156 25 1443
5 315 19 1343
22 315 25 1343
29 283 19 1202
33 368 13 94
55 283 16 1202
76 368 4 94
77 283 10 1202
86 315 34 1343
87 368 25 94
95 368 9 94
97 283 31 1202
98 368 16 94
101 315 13 1343
118 315 4 1343
135 368 21 94
136 283 3 1202
138 315 28 1343
143 283 22 1202
144 315 10 1343
145 368 34 94
149 315 1 1343
172 315 16 1343
184 283 7 1202
187 368 1 94
189 283 13 1202
192 283 25 1202
215 283 37 1202
222 368 28 94
244 315 22 1343
252 283 28 1202
257 283 34 1202
269 315 31 1343
275 315 43 1343
290 283 49 1202
291 368 31 94
291 283 40 1202
305 368 40 94
324 315 37 1343
342 315 7 1343
342 283 46 1202
368 283 52 1202
374 315 49 1343
379 315 40 1343
386 368 37 94
406 283 43 1202
443 315 46 1343
463 315 55 1343
505 315 52 1343
507 368 31 323
523 368 43 94
532 283 19 932
541 315 1 1384
545 283 58 1202
556 368 49 94
579 315 58 1343
590 315 4 1384
591 283 55 1202
611 283 22 932
619 315 7 1384
625 315 19 1384
629 315 10 1384
638 283 25 932
638 315 13 1384
654 368 52 94
662 315 16 1384
703 368 58 94
710 283 28 932
739 368 46 94
797 315 25 1384
808 315 28 1384
817 283 31 932
823 315 31 1384
842 315 37 1384
846 283 34 932
863 368 58 136
874 368 55 94
890 315 22 1384
906 283 37 932
916 368 49 136
917 315 40 1384
920 283 40 932
926 283 43 932
965 315 34 1384
968 315 49 1384
978 315 43 1384
982 368 52 136
997 283 46 932
9 66 23 967
19 66 17 967
20 66 19 967
28 66 11 967
44 66 5 967
56 66 25 967
65 66 9 967
81 66 28 967
83 66 1 967
157 66 13 967
189 66 3 967
217 66 31 967
262 66 7 967
301 66 15 967
381 66 33 967
388 66 35 967
410 66 40 967
457 66 21 967
493 66 43 967
573 66 45 967
616 66 37 967
625 66 47 967
713 66 49 967
735 66 51 967
801 66 53 967
864 66 59 967
881 66 55 967
889 66 5 232
914 66 57 967
980 66 11 232
26 47 19 1180
50 47 25 1180
53 366 25 120
76 47 31 1180
100 366 3 120
113 366 19 120
118 47 13 1180
120 366 13 120
169 47 9 1180
179 366 9 120
184 47 1 1180
201 366 31 120
209 366 37 120
213 47 43 1180
215 47 49 1180
223 366 43 120
227 366 49 120
237 47 37 1180
255 366 55 120
268 47 7 292
280 366 1 332
298 366 7 332
304 47 55 1180
323 366 13 332
340 47 1 292
343 47 33 292
349 47 21 292
352 366 37 332
383 366 19 332
384 366 25 332
413 47 13 292
427 366 49 332
443 47 49 292
458 47 37 292
474 366 1 265
482 366 31 332
509 47 55 292
528 47 43 292
530 366 55 332
583 47 25 292
593 47 13 915
599 47 1 915
613 47 7 915
618 366 43 332
645 47 37 915
651 366 19 265
659 47 19 915
666 47 31 915
668 47 25 915
670 366 7 265
676 47 55 915
696 47 43 915
699 366 13 265
749 366 37 265
753 366 25 265
764 366 31 265
772 47 13 1262
774 47 49 915
778 47 51 1046
811 366 43 265
821 47 55 1046
826 366 1 446
835 366 55 265
839 47 1 1262
860 366 51 265
889 47 7 1262
896 366 13 446
902 47 19 1262
913 366 7 446
917 47 25 1262
955 47 31 1262
961 47 37 1262
988 47 43 1262
992 366 19 446
7 68 13 389
37 154 22 908
77 154 19 908
90 68 16 389
101 68 19 389
120 154 7 908
133 68 1 389
162 68 10 389
165 68 7 389
188 68 25 389
190 154 1 908
195 68 28 389
197 68 4 389
205 68 22 389
210 154 31 908
224 68 31 389
241 68 34 389
245 154 10 908
259 154 15 908
266 154 4 908
331 154 34 908
334 68 43 389
357 68 46 389
396 68 37 389
401 68 49 389
430 68 40 389
444 154 46 908
446 154 37 908
451 154 27 908
489 154 40 908
494 154 43 908
499 154 49 908
525 154 52 908
572 154 46 21
580 154 55 908
588 154 39 21
595 154 43 21
626 68 58 389
643 68 52 389
668 154 51 21
678 68 1 736
679 68 55 389
685 68 4 736
690 154 55 21
753 154 58 908
760 154 19 166
790 154 22 166
800 154 25 166
807 154 28 166
809 154 58 21
836 68 7 736
838 154 37 166
868 154 31 166
876 68 10 736
897 154 40 166
902 154 34 166
907 154 46 166
912 68 13 736
924 154 43 166
927 154 13 916
953 154 49 166
969 68 16 736
994 68 19 736
20 108 17 321
58 108 15 321
77 108 22 321
88 108 11 321
110 108 7 321
120 108 1 321
130 108 13 321
147 108 9 321
183 108 3 321
220 108 19 321
313 108 5 321
324 108 25 321
370 108 34 321
407 108 31 321
457 108 27 321
468 108 29 321
506 108 37 321
529 108 39 321
531 108 49 321
562 108 41 321
580 108 43 321
611 108 45 321
633 108 47 321
673 108 51 321
716 108 53 321
724 108 55 321
774 108 59 321
787 108 57 321
815 108 7 126
881 108 1 126
883 108 3 126
941 108 5 126
948 108 9 126
955 108 11 126
956 108 13 126
977 108 15 126
1000 108 17 126
5 356 15 11
6 269 9 1336
8 271 23 102
28 356 25 11
41 304 13 1328
91 356 17 11
95 356 3 11
95 271 5 102
102 356 22 11
105 271 17 102
122 356 5 11
125 269 1 1336
133 271 11 102
137 304 1 1328
142 356 7 11
146 271 29 102
157 271 35 102
160 304 7 1328
164 269 5 1336
171 269 3 1336
175 356 19 11
175 269 7 1336
178 304 3 1328
192 356 13 11
193 356 1 11
202 271 41 102
206 304 5 1328
212 269 11 1336
223 271 47 102
245 271 53 102
247 271 59 102
260 356 9 11
263 356 11 11
273 271 1 1204
300 271 3 1204
321 269 13 1336
329 356 31 11
333 269 15 1336
333 304 9 1328
340 271 5 1204
370 356 37 11
386 304 11 1328
423 356 33 11
437 271 7 1204
443 269 17 1336
446 269 19 1336
457 304 15 1328
468 271 9 1204
470 271 11 1204
478 269 21 1336
479 271 13 1204
482 271 15 1204
483 304 17 1328
485 356 27 11
500 356 29 11
504 304 19 1328
508 271 17 1204
519 356 35 11
520 304 21 1328
532 304 23 1328
537 271 19 1204
537 304 25 1328
541 356 41 11
555 269 23 1336
569 356 43 11
571 356 39 11
574 269 29 1336
580 269 31 1336
584 304 31 1328
603 269 25 1336
604 356 47 11
609 356 45 11
620 271 21 1204
622 304 27 1328
653 269 27 1336
654 269 34 1336
669 356 53 11
685 269 41 1336
686 271 23 1204
686 304 29 1328
687 356 49 11
696 356 59 11
697 269 51 1336
698 271 25 1204
709 304 33 1328
713 269 53 1336
726 304 35 1328
733 269 37 1336
733 271 28 1204
737 304 37 1328
761 356 40 593
765 356 51 11
768 356 55 11
783 271 35 1204
788 269 39 1336
791 271 33 1204
799 304 39 1328
807 356 43 593
816 304 41 1328
820 356 57 11
848 269 43 1336
857 271 31 1204
864 356 45 593
866 356 47 593
880 269 46 1336
883 269 49 1336
898 269 59 1336
905 269 1 817
905 304 43 1328
907 271 41 1204
909 271 47 1204
911 356 49 593
912 271 37 1204
918 356 51 593
921 356 53 593
925 304 45 1328
930 356 59 593
938 271 39 1204
946 269 55 1336
955 304 47 1328
969 356 1 731
970 269 3 817
979 304 53 1328
987 271 59 1204
3 228 31 994
15 167 25 695
21 167 19 695
23 167 31 695
47 167 37 695
67 228 37 994
78 205 13 686
98 205 43 686
99 205 19 686
100 205 25 686
101 167 43 695
103 228 9 994
109 167 1 695
115 167 49 695
130 228 15 994
136 205 37 686
137 167 55 695
146 167 13 695
168 228 19 994
184 228 49 994
190 228 43 994
196 205 49 686
204 228 25 994
243 167 33 747
249 228 1 994
270 228 55 994
276 167 37 747
324 205 1 686
380 228 31 1443
380 167 7 695
382 167 19 747
385 228 37 1443
389 205 7 686
404 205 55 686
415 205 31 686
423 167 43 747
431 228 43 1443
437 205 9 1170
459 228 7 393
487 228 21 1443
501 228 1 393
507 228 27 1443
513 228 49 1443
540 228 55 1443
547 205 3 1170
564 167 49 747
568 167 27 747
576 167 55 747
596 167 7 330
606 228 39 372
615 167 19 330
633 205 13 1170
636 228 43 372
657 228 49 372
663 205 25 1170
666 228 37 393
672 167 1 330
674 228 55 372
712 167 13 330
714 228 13 393
728 205 19 1170
741 228 19 393
757 205 31 1170
769 228 31 393
772 205 37 1170
773 228 25 393
777 228 49 393
787 205 1 6
788 228 43 393
789 205 19 6
801 228 55 393
845 167 25 330
866 205 43 1170
871 167 31 330
872 205 49 1170
875 167 7 464
877 205 57 1170
890 205 13 6
911 167 37 330
923 167 43 330
940 228 7 411
955 167 55 330
969 228 3 411
971 228 13 411
991 205 7 6
2 180 15 1071
14 180 25 1071
17 43 25 754
31 180 28 1071
49 43 9 754
65 43 19 754
78 43 28 754
89 180 37 1071
136 180 22 1071
138 180 19 1071
149 180 31 1071
151 43 1 754
157 43 15 754
158 43 22 754
172 180 1 1071
185 180 7 1071
188 43 31 754
221 43 4 754
252 43 34 754
272 180 10 1071
279 180 40 1071
280 43 37 754
284 43 40 754
286 180 4 1071
292 43 43 754
351 43 49 754
373 43 46 754
381 180 43 1071
395 180 34 1071
467 180 46 1071
469 43 1 945
501 180 49 1071
504 43 55 754
542 43 58 754
568 43 52 754
570 43 7 945
574 180 55 1071
586 43 4 945
595 180 52 1071
612 43 10 945
616 43 13 945
658 43 19 945
669 180 1 1496
674 43 16 945
682 180 4 1496
687 180 58 1071
709 43 22 945
719 43 25 945
721 180 7 1496
739 180 10 1496
786 43 28 945
804 43 31 945
804 180 13 1496
827 43 34 945
835 180 16 1496
915 43 37 945
930 43 40 945
932 180 19 1496
940 43 43 945
955 43 49 945
971 43 46 945
6 134 13 572
20 278 21 2
38 333 31 388
61 236 37 731
82 134 31 572
83 236 15 731
90 236 25 731
95 236 19 731
107 333 13 388
111 278 25 2
114 236 31 731
115 278 31 2
118 278 43 2
121 236 49 731
125 236 43 731
126 134 19 572
130 333 37 388
141 278 7 2
156 278 49 2
157 236 55 731
166 236 3 731
166 278 37 2
173 278 55 2
180 236 55 44
183 236 9 731
190 333 49 388
191 278 7 413
197 333 7 388
201 333 25 388
201 278 37 413
206 333 1 388
207 278 13 2
212 236 1 356
231 333 43 388
234 236 31 356
239 236 19 356
245 134 37 572
251 236 7 356
262 333 55 388
265 333 1 1372
268 333 13 1372
268 278 31 413
294 236 37 356
302 278 1 2
303 134 43 572
312 134 1 572
326 236 13 356
326 278 25 413
332 333 7 1372
334 333 19 388
334 278 1 413
336 333 27 1372
346 134 7 572
348 236 43 356
359 236 27 356
361 134 49 572
369 333 19 1372
379 278 13 413
416 333 37 1372
420 236 55 356
422 134 55 572
433 278 19 413
445 278 49 413
451 236 1 1382
468 278 43 413
470 236 49 356
473 134 49 3
475 236 13 1382
484 134 25 572
490 236 19 1382
497 134 43 3
544 236 25 1382
571 333 49 1372
588 236 31 1382
600 134 55 3
604 333 55 1372
613 236 37 1382
618 333 31 1372
634 236 7 1382
643 333 43 1372
650 236 49 1382
652 236 7 1464
672 134 37 3
673 333 1 72
688 134 55 1384
695 333 7 72
700 278 7 807
722 333 19 72
727 236 13 1464
734 278 55 413
740 278 13 807
756 278 1 807
763 236 43 1382
779 278 19 807
780 278 25 807
785 134 1 1429
788 333 31 72
791 333 13 72
795 134 7 1429
796 278 31 807
798 278 37 807
811 134 13 1429
822 236 55 1382
822 333 25 72
827 333 49 72
841 134 25 1429
848 134 39 1429
849 278 43 807
859 134 19 1429
859 278 49 807
892 333 49 297
906 134 43 1429
909 236 1 1464
915 134 31 1429
918 333 37 72
919 236 19 1464
947 333 37 297
948 134 49 1429
954 236 25 1464
978 333 55 72
980 236 31 1464
981 278 55 807
995 278 49 1328
997 236 37 1464
1 265 15 1400
4 300 19 1302
19 259 25 373
21 300 4 1302
48 259 15 373
51 265 25 1400
54 265 7 1400
55 265 19 1400
56 300 27 1302
59 140 15 1283
71 300 22 1302
77 259 28 373
107 259 10 373
112 140 25 1283
114 140 19 1283
117 140 3 1283
144 259 19 373
167 265 22 1400
168 259 4 373
181 259 7 373
186 300 31 1302
194 140 10 1283
198 265 1 1400
208 140 7 1283
218 300 7 1302
219 265 10 1400
236 300 10 1302
242 300 1 1302
245 265 43 1400
258 259 1 373
270 140 22 1283
272 140 37 1283
282 300 34 1302
285 259 31 373
297 259 34 373
300 300 37 1302
300 140 28 1283
310 300 13 1302
314 265 28 1400
321 259 43 373
351 300 16 1302
355 300 43 1302
366 140 31 1283
369 265 31 1400
377 259 22 373
395 140 40 1283
396 265 4 1400
403 259 49 373
414 265 34 1400
421 140 34 1283
436 140 43 1283
454 140 46 1283
462 300 40 1302
465 300 49 1302
477 140 49 1283
478 300 46 1302
482 300 52 1302
485 259 46 373
485 300 55 1302
486 300 58 1302
495 265 46 1400
504 265 37 1400
520 259 37 373
520 300 1 149
526 140 52 1283
532 300 4 149
539 265 40 1400
571 265 55 1400
597 300 7 149
598 265 49 1400
610 140 58 1283
611 259 52 373
621 300 10 149
628 265 1 1341
630 259 40 373
641 140 55 1283
642 300 13 149
655 265 58 1400
664 300 16 149
669 140 4 340
673 259 55 373
675 300 22 149
689 259 1 299
692 300 19 149
693 140 1 340
702 259 4 299
721 259 10 299
732 140 22 340
742 265 4 1341
757 265 52 1400
762 140 7 340
764 140 10 340
805 259 58 373
813 259 7 299
816 265 13 1341
817 140 25 340
818 259 19 299
821 300 31 149
827 140 19 340
836 259 22 299
851 140 13 340
858 300 37 149
859 259 13 299
871 259 16 299
881 140 16 340
891 265 7 1341
894 140 31 340
909 265 10 1341
919 265 16 1341
923 259 25 299
949 259 31 299
959 300 25 149
962 265 19 1341
965 265 25 1341
970 140 34 340
973 300 28 149
975 265 22 1341
979 140 28 340
983 140 37 340
995 265 28 1341
997 259 28 299
997 300 34 149
7 326 31 1421
15 168 31 254
25 9 19 1070
27 326 37 1421
47 55 21 95
53 168 37 254
73 326 43 1421
84 168 19 254
85 55 37 95
95 9 25 1070
103 9 37 1070
109 326 49 1421
119 168 25 254
123 55 25 95
125 55 49 95
128 168 49 254
133 55 31 95
141 9 31 1070
154 168 55 254
162 326 55 1421
166 55 43 95
172 9 43 1070
181 55 55 95
182 9 1 1070
184 55 13 54
185 55 21 54
188 55 1 54
202 168 43 254
207 168 21 358
226 55 25 54
231 326 15 312
257 55 43 54
269 168 1 358
277 9 13 1070
278 9 7 1070
279 55 49 54
285 9 49 1070
297 55 7 54
302 168 7 358
313 326 1 312
322 326 7 312
327 168 37 358
333 326 37 312
349 326 49 312
362 9 55 1070
367 326 55 312
369 55 37 54
380 9 1 1027
389 168 13 358
393 55 55 54
400 326 19 312
407 168 33 358
424 55 7 497
434 326 43 312
438 9 25 1027
480 326 25 312
484 55 13 497
485 55 31 54
506 9 19 1027
524 55 19 497
545 168 25 358
551 55 1 497
564 326 1 654
578 9 31 1027
580 9 7 1027
609 168 49 358
639 55 25 497
644 326 7 654
646 168 55 358
657 9 13 1027
672 55 33 497
673 326 13 654
683 9 43 1027
686 326 33 312
686 9 37 1027
692 9 55 1027
702 168 7 657
704 168 45 358
708 55 13 587
711 326 19 654
717 9 1 403
717 55 37 497
730 9 7 403
731 55 43 497
739 55 49 497
742 55 7 587
753 168 37 657
754 9 49 1027
755 9 19 403
757 326 25 654
757 55 1 587
761 168 1 657
767 326 31 654
776 326 43 654
777 168 13 657
784 55 19 587
787 55 25 587
810 9 25 403
831 9 13 403
834 55 31 587
839 9 37 403
842 168 25 657
842 9 43 403
849 168 19 657
853 168 31 657
855 168 49 657
864 55 37 587
870 168 55 657
872 9 31 403
886 168 1 189
891 326 37 654
894 9 57 403
908 326 49 654
916 55 55 497
935 9 1 846
937 55 43 587
942 55 49 587
948 9 13 846
966 55 55 587
970 326 7 683
990 55 49 669
992 55 55 654
999 326 1 683
1 370 19 644
52 187 57 258
65 187 25 1337
80 187 7 1337
119 370 43 644
141 187 37 1337
148 370 25 644
160 370 9 644
175 187 21 1337
203 370 37 644
209 187 13 1337
223 187 31 1337
264 187 1 1337
290 370 1 644
293 187 43 1337
299 370 31 644
318 187 49 1337
327 187 55 1337
355 370 49 644
361 370 13 644
376 370 55 644
394 370 1 1039
410 187 1 291
418 187 13 291
440 187 7 291
444 370 7 1039
450 187 49 291
473 187 19 291
480 187 31 291
485 187 7 521
489 370 25 1039
491 187 27 291
493 370 13 1039
495 187 1 521
559 187 37 291
570 370 19 1039
573 370 31 1039
583 187 55 291
592 370 37 1039
600 187 13 521
621 370 43 1039
624 187 43 291
646 370 49 1039
650 187 25 521
662 187 19 521
674 187 37 521
734 370 1 579
759 370 19 579
768 370 57 1039
769 370 7 579
782 187 43 521
817 187 49 521
841 187 31 521
846 187 55 521
847 187 1 628
914 370 25 579
921 187 13 628
951 370 13 579
989 187 19 628
996 187 7 628
997 370 49 579
133 361 4 199
199 361 1 199
202 361 9 199
268 361 19 199
309 361 15 199
362 361 22 199
412 361 25 199
430 361 43 199
436 361 39 199
459 361 31 199
479 361 28 199
493 361 46 199
509 361 19 126
516 361 55 199
585 361 34 199
645 361 49 199
669 361 22 126
731 361 52 199
785 361 28 126
840 361 25 126
859 361 58 199
918 361 31 126
920 361 34 126
924 361 37 126
941 361 40 126
948 361 43 126
982 361 46 126
991 361 1 690
993 361 55 126
6 107 19 1475
16 107 25 1475
36 107 13 1475
40 223 37 387
45 107 1 1475
45 214 7 1023
48 214 19 1023
69 107 31 1475
72 223 43 387
74 107 7 1475
83 107 37 1475
90 223 49 387
109 223 55 387
116 223 19 542
126 214 13 1023
197 107 43 1475
209 107 49 1475
209 214 25 1023
212 107 55 1475
224 107 27 1195
233 107 37 1195
236 214 31 1023
246 107 31 1195
246 223 37 542
255 107 43 1195
259 214 39 1023
266 107 49 1195
277 214 1 1023
277 223 25 542
280 107 55 1195
301 223 1 542
305 214 43 1023
306 107 1 894
310 107 7 894
329 214 49 1023
345 223 7 542
353 107 25 894
354 223 31 542
365 107 31 894
374 107 15 894
378 107 55 894
383 107 37 894
393 214 1 814
399 223 13 542
411 214 55 1023
446 214 7 814
450 223 55 542
469 214 13 814
479 214 43 814
489 214 1 42
492 223 49 542
493 223 19 1353
494 223 7 1353
511 214 19 814
524 214 25 814
545 223 31 1353
552 107 19 894
593 223 25 1353
596 214 31 814
607 223 43 542
611 214 57 814
649 214 9 42
650 223 37 1353
657 107 43 894
716 107 49 894
726 214 49 814
741 214 37 814
743 107 55 922
754 214 31 42
761 107 43 922
776 223 13 1353
786 107 49 922
796 107 37 922
852 214 13 42
893 214 37 42
901 107 1 279
928 214 43 42
951 107 7 279
951 214 19 42
951 223 43 1353
960 107 19 279
988 223 55 1353
999 223 49 1353
1 322 37 1156
31 322 43 1156
52 322 53 1156
53 322 59 1156
73 322 5 90
154 322 17 90
163 322 23 90
165 322 11 90
236 322 29 90
267 322 35 90
300 322 41 90
310 322 47 90
335 322 59 90
341 322 53 90
372 322 1 223
440 322 3 223
477 322 5 223
516 322 7 223
578 322 11 223
657 322 9 223
660 322 13 223
741 322 15 223
758 322 17 223
872 322 19 223
915 322 21 223
986 322 25 223
989 322 23 223
17 258 5 572
42 258 17 572
46 383 13 199
77 258 35 572
81 319 11 705
83 258 11 572
86 383 37 199
103 383 23 1070
105 319 7 705
113 395 13 958
114 319 22 705
131 383 7 199
132 395 5 958
138 258 41 572
141 383 11 1070
151 319 13 705
152 383 17 1070
163 395 1 958
163 319 16 705
179 258 23 572
179 383 29 1070
180 383 35 1070
188 395 7 958
189 258 29 572
191 258 47 572
193 319 5 705
199 319 25 705
200 395 22 958
207 258 53 572
219 258 59 572
227 319 1 705
233 395 3 958
248 319 19 705
254 319 31 705
263 383 5 1070
265 258 5 857
265 383 47 1070
270 383 41 1070
272 383 53 1070
276 258 1 857
276 319 3 705
293 258 7 857
296 258 9 857
344 395 11 958
347 258 11 857
348 319 28 705
365 258 17 857
373 258 3 857
379 319 9 705
380 383 59 1070
387 319 40 705
391 383 57 479
401 383 52 126
403 395 17 958
403 319 43 705
412 395 9 958
423 319 35 705
433 319 33 705
434 395 15 958
434 319 37 705
438 319 45 705
472 383 37 510
502 258 13 857
502 319 47 705
515 383 58 126
549 319 49 705
551 319 55 705
561 319 57 705
572 395 19 958
574 383 49 126
582 258 15 857
586 319 59 705
590 383 23 1208
608 395 25 958
608 319 51 705
617 395 29 958
618 395 27 958
625 258 22 857
629 383 5 1208
633 395 31 958
636 383 11 1208
638 319 16 1002
655 258 19 857
657 319 53 705
661 258 29 857
666 258 35 857
669 395 33 958
684 319 13 1002
684 395 35 958
693 258 37 857
705 395 37 958
715 258 27 857
722 395 39 958
731 258 25 857
745 319 19 1002
747 319 21 1002
750 395 41 958
775 383 17 1208
792 383 29 1208
806 258 31 857
808 258 33 857
826 395 43 958
829 258 41 857
832 319 25 1002
833 395 45 958
845 319 23 1002
849 383 35 1208
865 258 43 857
882 383 41 1208
898 258 47 857
898 395 49 958
910 383 47 1208
911 395 47 958
912 319 29 1002
921 383 59 1208
924 383 53 1208
948 395 53 958
966 319 27 1002
968 319 35 1002
978 395 51 958
986 258 39 857
992 383 5 315
996 395 55 958
1000 258 45 857
1000 383 7 315
42 267 25 637
45 74 13 17
50 74 19 17
64 74 25 17
64 267 19 637
181 74 31 17
195 74 7 17
200 74 43 17
204 74 37 17
224 267 7 637
229 267 31 637
242 74 49 17
251 267 1 637
277 74 55 17
280 267 43 637
288 74 1 17
297 267 13 637
309 267 55 637
315 74 33 1493
332 267 37 637
362 267 1 12
407 267 7 12
408 267 13 12
416 74 43 1493
419 74 55 1493
425 267 21 12
435 267 49 637
436 267 49 12
447 267 1 919
490 74 13 1481
507 267 37 12
524 267 55 12
526 74 1 1481
550 74 19 1481
577 74 37 1493
589 74 51 1493
597 267 25 12
598 74 7 1481
607 74 25 1481
612 267 31 12
617 267 43 12
631 74 31 1481
637 74 37 1481
648 267 7 919
668 74 43 1481
681 74 55 1481
698 74 49 1481
722 267 25 919
749 267 13 919
758 267 31 919
769 74 13 234
781 74 7 234
784 267 43 919
825 267 19 919
830 267 49 919
838 267 55 919
854 74 25 234
858 74 43 234
872 267 37 919
876 74 19 234
913 74 3 234
915 267 1 1065
932 74 31 234
954 74 37 234
966 267 7 1065
968 74 55 234
982 74 55 945
22 308 28 1289
23 308 19 1289
24 308 22 1289
53 308 31 1289
95 308 34 1289
100 207 13 817
105 207 19 817
106 207 16 817
112 308 43 1289
117 308 7 1289
141 207 25 817
141 308 46 1289
168 207 9 817
180 308 1 1289
206 308 10 1289
228 308 4 1289
248 207 28 817
287 308 37 1289
296 308 13 1289
309 207 22 817
319 207 33 817
322 207 40 817
339 308 16 1289
341 308 40 1289
342 308 25 1289
343 207 37 817
370 207 55 817
381 308 49 1289
387 308 52 1289
455 308 58 1289
491 308 1 164
536 308 7 164
553 207 43 817
558 308 4 164
579 308 55 1289
593 308 10 164
594 308 13 164
597 308 19 164
606 308 16 164
621 308 31 164
643 207 4 1300
644 308 22 164
664 308 25 164
694 207 46 817
711 207 58 817
738 207 49 817
768 308 37 164
778 308 34 164
779 207 52 817
792 308 43 164
798 308 28 164
814 207 1 1300
848 207 7 1300
851 207 10 1300
871 207 13 1300
884 207 19 1300
906 207 16 1300
914 308 40 164
979 308 55 164
991 207 22 1300
7 21 29 675
9 21 35 675
37 21 41 675
139 21 11 675
189 21 5 675
210 21 13 675
264 21 23 675
396 21 47 675
497 21 53 675
547 21 59 675
559 21 1 1275
577 21 3 1275
604 21 5 1275
640 21 7 1275
659 21 10 1275
660 21 15 1275
721 21 13 1275
735 21 17 1275
744 21 19 1275
745 21 21 1275
750 21 23 1275
796 21 28 1275
809 21 25 1275
823 21 34 1275
879 21 31 1275
880 21 37 1275
901 21 39 1275
936 21 41 1275
960 21 49 1275
984 21 43 1275
1 132 49 670
16 132 51 670
32 203 53 1295
39 240 55 122
41 203 59 1295
54 203 11 106
69 132 53 670
82 132 55 670
93 132 57 670
97 132 59 670
104 132 17 222
107 132 5 222
107 240 57 122
113 132 23 222
116 240 59 122
124 240 23 170
135 203 1 482
139 240 17 170
140 203 29 106
145 203 5 106
150 132 7 222
154 132 3 222
190 132 10 222
202 203 17 106
204 132 13 222
205 203 35 106
211 132 1 222
221 132 19 222
231 132 28 222
244 203 37 106
254 203 23 106
262 240 1 170
265 240 29 170
278 240 35 170
294 203 47 106
299 132 21 222
308 203 53 106
315 132 15 222
316 203 59 106
340 203 7 35
352 132 25 222
379 132 35 222
381 132 31 222
385 132 33 222
391 203 1 35
394 240 7 170
416 203 3 35
452 132 41 222
464 203 5 35
506 132 39 222
512 203 9 35
514 240 41 170
516 203 11 35
522 132 37 222
522 203 16 35
524 132 47 222
530 203 13 35
551 240 47 170
564 240 53 170
571 132 53 222
601 132 55 222
609 203 19 35
615 132 49 222
639 132 43 222
640 203 25 35
657 203 21 35
672 132 45 222
685 132 51 222
693 132 57 222
698 132 59 222
719 240 1 676
735 203 23 35
740 203 27 35
780 240 59 170
784 240 4 676
796 132 17 232
796 240 7 676
801 240 11 676
811 240 9 676
812 240 13 676
822 203 29 35
837 132 31 987
846 203 40 35
851 240 16 676
852 203 31 35
855 240 22 676
863 240 19 676
866 240 28 676
879 203 33 35
881 203 35 35
883 203 37 35
891 240 25 676
905 240 31 676
922 203 45 35
929 203 43 35
931 240 35 676
933 132 23 232
956 203 47 35
962 240 43 676
980 240 37 676
994 203 51 35
994 240 39 676
8 118 19 838
18 118 25 838
71 253 25 310
100 253 19 310
144 253 13 310
179 118 1 838
197 118 13 838
198 118 7 838
227 118 31 838
233 118 43 838
283 118 37 838
316 118 49 838
323 118 55 838
332 118 1 1430
335 253 1 310
350 253 7 310
381 253 37 310
385 253 43 310
389 253 31 310
394 253 9 355
419 118 7 1430
431 118 13 1430
432 253 55 310
433 253 1 355
440 118 31 1430
497 118 25 1430
514 253 13 355
559 118 49 1430
567 118 19 1430
570 253 25 355
627 118 39 1430
664 253 19 355
697 253 31 355
707 118 43 1430
734 253 49 310
736 118 31 1341
767 118 37 1341
780 253 49 355
795 253 37 355
820 253 43 355
856 253 55 355
859 253 1 701
868 118 43 1341
871 118 55 1430
932 118 49 1341
944 118 55 1341
945 118 3 349
961 253 7 701
971 118 31 349
981 118 7 349
987 253 19 701
28 38 27 151
43 38 13 151
47 38 31 151
220 38 1 151
268 38 37 151
275 38 4 151
300 38 19 151
386 38 16 151
463 38 7 151
500 38 10 151
534 38 40 151
558 38 34 151
576 38 22 151
598 38 43 151
708 38 19 683
743 38 49 151
764 38 46 151
810 38 52 151
929 38 37 683
973 38 55 151
976 38 22 683
982 38 13 683
3 296 29 380
26 296 35 380
42 296 41 380
59 44 23 23
107 44 17 23
110 44 9 23
122 296 47 380
153 44 11 23
166 44 1 23
167 44 5 23
189 296 7 380
197 296 19 380
203 44 7 23
205 44 3 23
212 296 5 380
239 44 13 23
244 44 19 23
277 296 53 380
278 44 25 23
306 44 15 23
308 296 59 380
313 44 27 23
376 296 13 380
385 296 5 948
387 44 21 23
395 296 11 948
423 44 31 23
444 44 29 23
457 296 17 948
485 44 35 23
500 296 35 948
554 44 33 23
589 296 23 948
591 296 41 948
593 296 29 948
599 296 47 948
635 44 37 23
644 296 59 948
658 44 39 23
680 296 53 948
731 44 41 23
740 296 45 1275
761 44 47 23
763 44 53 23
772 44 45 23
792 44 51 23
916 296 47 1275
927 44 55 23
936 44 43 23
968 296 52 1275
974 296 55 1275
986 296 57 1275
989 44 59 23
994 44 57 23
25 376 55 742
70 376 57 742
109 376 59 742
134 376 1 514
172 376 4 514
175 376 25 514
199 376 7 514
377 376 11 514
380 376 17 514
410 376 9 514
424 376 15 514
490 376 23 514
492 376 13 514
497 376 19 514
498 376 21 514
519 376 27 514
533 376 29 514
627 376 31 514
633 376 33 514
662 376 35 514
709 376 37 514
714 376 39 514
730 376 41 514
773 376 43 514
892 376 53 514
903 376 45 514
905 376 47 514
920 376 55 514
930 376 49 514
932 376 59 514
938 376 51 514
36 339 55 71
91 339 25 701
94 339 37 701
101 339 31 701
129 339 13 701
171 339 43 701
182 339 49 701
206 339 31 1309
212 339 37 1309
231 339 55 701
289 339 43 1309
334 339 49 1309
344 339 25 279
415 339 55 1309
429 339 31 279
452 339 13 279
513 339 37 279
534 339 43 279
550 339 1 717
576 339 49 279
585 339 55 279
638 339 7 717
650 339 31 717
690 339 13 717
743 339 19 717
751 339 37 717
761 339 25 717
782 339 51 717
807 339 45 717
848 339 55 717
969 339 19 933
978 339 3 933
24 337 58 151
83 337 25 151
91 12 57 583
139 12 59 583
170 337 55 1328
214 337 57 1328
226 337 59 1328
231 337 1 1283
234 12 35 3
236 12 41 3
237 12 47 3
282 12 53 3
287 337 13 1283
339 337 35 1421
346 337 41 1421
348 337 19 1421
357 12 59 3
376 12 5 332
377 12 17 332
395 12 23 332
439 337 47 1421
441 337 53 1421
442 337 59 1421
451 12 11 332
477 12 41 332
478 337 5 429
489 12 29 332
496 337 7 429
521 337 17 429
542 12 35 332
578 12 47 332
581 12 59 332
589 12 5 150
602 12 53 332
622 12 11 150
672 12 17 150
673 337 23 429
679 337 25 429
743 12 23 150
754 12 29 150
769 12 41 150
855 337 35 429
861 12 35 150
869 12 47 150
871 337 41 429
874 12 53 150
887 12 55 150
926 337 47 429
938 337 53 429
967 337 59 429
7 270 19 563
10 270 25 563
40 219 19 249
42 219 31 249
54 270 13 563
73 270 31 563
97 219 37 249
111 219 43 249
133 270 37 563
134 270 43 563
193 219 7 249
208 219 25 249
211 270 3 563
240 219 13 249
245 270 49 563
249 270 7 563
264 219 55 249
274 270 55 563
278 270 27 905
286 219 49 249
287 219 1 249
314 270 7 905
321 270 31 905
349 219 1 409
400 219 13 409
405 270 1 905
408 270 37 905
461 219 7 409
467 270 13 905
501 219 19 409
538 270 19 905
597 270 43 905
610 219 25 409
615 270 7 1243
631 219 43 409
633 219 37 409
635 270 49 905
663 219 31 409
670 219 19 1446
704 219 55 409
722 270 1 1243
747 270 13 1243
752 219 49 409
769 270 19 1243
773 270 55 905
781 270 31 1243
804 219 25 1446
814 270 37 1243
833 270 49 1243
847 219 43 1446
851 219 55 1446
856 270 1 638
856 219 31 1446
908 270 25 1243
938 270 43 1243
944 219 49 1446
946 219 43 299
961 219 55 299
983 270 57 1243
13 103 22 784
16 262 13 589
18 49 19 1049
24 49 31 1049
31 200 25 553
33 262 19 589
55 103 25 784
57 49 7 1049
68 200 16 553
91 262 22 589
91 200 19 553
111 262 31 589
117 200 31 553
122 49 10 1049
124 200 13 553
130 262 1 589
146 103 19 784
147 49 16 1049
170 200 22 553
174 262 16 589
182 103 10 784
186 49 22 1049
201 262 49 589
207 262 7 589
214 262 4 589
222 262 25 589
227 200 28 553
228 49 1 1049
229 49 28 1049
237 103 1 784
250 49 4 1049
264 49 13 1049
270 49 37 1049
271 262 34 589
271 49 25 1049
273 200 37 553
281 49 34 1049
293 262 10 589
299 200 43 553
311 200 49 553
316 103 28 784
322 200 46 553
324 262 40 589
330 200 34 553
344 262 37 589
344 200 40 553
346 200 52 553
357 103 7 784
358 103 37 784
364 49 49 1049
366 103 4 784
368 200 9 553
370 103 13 784
377 200 55 553
380 49 40 1049
387 49 43 1049
390 49 46 1049
391 200 3 889
421 200 7 889
426 103 31 784
431 200 58 553
442 200 10 889
442 49 52 1049
455 200 15 889
458 103 16 784
471 103 49 784
484 49 55 1049
494 49 58 1049
515 49 46 1364
519 200 19 889
529 200 28 889
532 49 49 1364
541 200 22 889
556 103 40 784
569 49 58 1364
576 103 34 784
594 103 22 117
619 262 52 589
622 200 49 889
628 103 25 117
631 262 28 589
633 262 55 589
634 262 45 589
643 200 25 889
647 49 52 1364
658 200 33 889
659 262 58 589
661 103 58 784
665 262 1 1466
676 262 4 1466
686 200 43 889
692 262 7 1466
693 49 4 139
694 49 7 139
708 49 22 139
709 200 39 889
730 49 16 139
753 262 10 1466
768 49 1 139
770 49 55 1364
771 103 52 784
786 262 13 1466
786 103 31 117
791 49 25 139
794 49 10 139
805 49 13 139
815 103 28 117
820 200 13 1000
824 103 43 784
833 103 55 784
837 200 46 889
838 103 40 117
851 200 52 889
858 262 16 1466
861 262 22 1466
869 103 34 117
870 49 19 139
880 200 55 889
896 103 46 784
898 262 19 1466
921 200 55 932
921 49 28 139
954 200 58 889
961 103 45 117
975 262 25 1466
981 49 31 139
982 200 49 932
985 200 58 932
46 56 15 157
87 56 28 157
88 56 31 157
89 56 40 157
105 56 22 157
163 56 7 157
220 56 10 157
241 56 1 157
284 56 19 157
299 56 25 157
319 56 4 157
360 56 43 157
388 56 46 157
410 56 52 157
414 56 37 157
419 56 1 1174
426 56 49 157
433 56 7 1174
443 56 55 157
491 56 4 1174
526 56 58 157
545 56 10 1174
563 56 13 1174
626 56 34 157
632 56 16 1174
657 56 27 1174
685 56 19 1174
711 56 31 1174
745 56 34 1174
747 56 46 1174
784 56 7 177
894 56 22 1174
913 56 37 1174
5 149 23 802
21 149 11 802
23 149 29 802
33 149 35 802
35 184 10 1269
59 184 25 1269
63 149 41 802
72 184 7 1269
78 184 17 1269
80 14 11 767
86 184 5 1269
108 14 5 767
113 149 47 802
118 14 7 767
121 149 5 802
123 184 3 1269
148 149 53 802
157 14 21 767
178 149 17 802
200 14 13 767
237 184 27 1269
254 149 35 1333
258 184 13 1269
280 149 59 802
282 14 1 767
284 149 47 1333
290 184 15 1269
295 149 41 1333
301 14 9 767
309 184 1 1269
321 14 15 767
324 184 19 1269
336 14 3 767
360 149 53 1333
366 184 21 1269
382 184 23 1269
387 14 17 767
389 14 19 767
398 184 29 1269
400 149 59 1333
408 14 23 767
416 14 25 767
432 149 35 232
462 184 31 1269
465 184 37 1269
482 149 29 232
485 149 41 232
504 184 34 1269
506 184 41 1269
509 184 39 1269
514 184 43 1269
529 14 31 767
551 184 57 1269
555 149 47 232
556 14 27 767
560 149 53 232
579 184 47 1269
605 149 59 232
608 14 29 767
618 14 35 767
619 184 49 1269
623 149 1 425
624 14 33 767
637 184 45 1269
641 149 5 425
645 14 41 767
659 14 47 767
664 184 52 1269
681 149 3 425
693 149 11 425
726 184 55 1269
730 184 59 1269
732 14 37 767
736 149 13 425
739 184 5 1378
746 184 11 1378
765 14 43 767
778 14 39 767
783 184 23 1378
788 149 7 425
803 14 52 767
818 184 25 1378
822 149 15 425
823 184 17 1378
850 184 35 1378
865 184 41 1378
875 184 47 1378
892 149 9 425
910 149 22 425
918 14 49 767
932 149 17 425
947 184 53 1378
960 14 55 767
967 14 45 767
972 14 57 767
975 184 59 1378
976 149 19 425
980 184 1 404
5 19 25 803
11 359 27 81
16 359 33 81
92 359 37 81
132 359 49 81
177 359 43 81
211 19 7 803
229 19 37 803
261 19 1 803
297 359 55 81
327 19 43 803
332 19 13 803
345 19 49 803
388 19 55 803
416 19 49 139
427 19 19 803
428 359 7 381
483 19 33 803
489 19 43 139
514 359 19 381
525 359 1 381
537 359 27 381
561 359 13 381
579 359 31 381
614 19 37 139
619 19 55 139
632 19 7 140
685 19 13 140
709 19 1 140
711 359 37 381
720 359 57 381
735 359 43 381
747 359 1 1116
752 359 7 1116
762 359 13 1116
793 359 49 381
808 359 51 581
826 359 25 1116
839 19 19 140
845 19 49 140
852 19 25 140
855 359 55 581
877 359 19 1116
916 19 37 140
935 19 43 140
940 359 37 1116
946 359 31 1116
953 19 31 140
980 359 55 1116
15 206 37 4
95 206 31 4
108 206 10 4
147 206 19 4
180 206 15 4
233 206 7 4
258 206 4 4
336 206 55 4
368 206 1 4
391 206 22 4
398 206 43 4
432 206 25 4
473 206 46 4
508 206 34 4
517 206 28 4
519 206 40 4
562 206 49 4
570 206 58 4
625 206 1 1223
715 206 52 4
760 206 9 1223
774 206 4 1223
787 206 16 1223
828 206 34 1223
864 206 19 1223
900 206 13 1223
902 206 40 1223
913 206 22 1223
917 206 31 1223
940 206 25 1223
959 206 28 1223
981 206 37 1223
985 206 43 1223
27 230 59 71
84 230 5 420
89 230 11 420
123 230 7 420
128 230 17 420
147 230 22 420
151 230 19 420
164 230 1 420
241 230 9 420
244 230 13 420
255 230 15 420
275 230 25 420
317 230 3 420
322 230 35 420
329 230 33 420
385 230 29 420
389 230 27 420
410 230 43 420
417 230 45 420
435 230 37 420
447 230 49 420
492 230 31 420
498 230 39 420
530 230 47 420
623 230 41 420
686 230 51 420
776 230 53 420
883 230 7 754
888 230 57 420
954 230 55 420
984 230 59 420
25 85 25 769
31 85 31 769
46 239 19 486
74 85 37 769
108 239 43 486
118 239 25 486
143 239 31 486
147 85 43 769
228 239 13 486
246 85 49 769
249 239 37 486
253 85 49 164
280 239 7 486
306 85 25 6
315 85 37 6
320 85 13 769
348 85 55 769
420 85 31 6
460 85 49 6
463 239 43 1398
474 239 49 486
523 85 1 1329
527 239 55 486
530 85 7 1329
533 85 55 6
568 239 1 486
575 85 13 1329
577 85 19 1329
582 85 25 1329
622 239 55 1398
627 239 51 1398
632 85 31 1329
659 239 25 411
673 85 37 1329
676 239 19 411
689 239 31 411
699 85 43 6
708 85 25 1335
712 85 45 1329
715 239 7 490
716 85 1 1335
718 239 37 411
758 239 43 411
770 85 9 1335
779 239 1 490
796 239 49 411
804 239 55 411
805 239 1 229
825 239 43 490
858 239 49 490
865 85 49 1329
873 239 33 490
879 239 13 490
885 85 55 1329
901 85 15 1335
944 85 13 580
957 85 31 1335
987 85 37 1335
999 239 27 490
3 20 10 795
4 275 22 696
6 20 25 795
34 275 13 696
69 275 16 696
73 20 28 795
81 275 31 696
104 275 25 696
105 20 13 795
131 275 28 696
142 275 34 696
152 20 21 795
162 20 31 795
195 275 43 696
198 20 4 795
204 275 7 696
215 20 1 795
216 275 10 696
229 20 7 795
249 20 34 795
254 20 37 795
305 275 1 696
321 275 46 696
326 20 40 795
334 275 55 696
340 275 9 804
371 20 16 795
392 20 46 795
429 275 4 696
474 275 37 696
486 275 19 696
496 275 40 696
528 275 52 696
567 20 43 795
575 275 49 696
596 20 55 795
604 20 49 795
617 20 58 795
629 275 58 696
665 20 52 795
687 20 1 733
689 275 4 804
701 20 4 733
783 275 1 804
810 275 19 804
830 20 13 733
854 20 7 733
858 20 10 733
878 275 13 804
879 20 25 733
896 20 19 733
900 275 16 804
919 20 31 733
922 20 22 733
934 275 22 804
938 20 16 733
958 20 28 733
999 20 34 733
13 394 11 176
19 394 23 176
116 394 13 176
155 394 5 176
196 394 1 176
207 394 17 176
350 394 3 176
387 394 7 176
440 394 15 176
445 394 9 176
461 394 25 176
467 394 31 176
493 394 27 176
544 394 19 176
552 394 29 176
567 394 33 176
575 394 21 176
577 394 35 176
579 394 37 176
603 394 41 176
616 394 39 176
650 394 43 176
685 394 45 176
785 394 47 176
791 394 49 176
901 394 55 176
918 394 53 176
943 394 51 176
963 394 57 176
972 394 59 176
989 394 1 1258
44 231 37 535
47 231 25 535
176 231 13 535
189 231 9 535
204 231 19 535
309 231 3 535
315 231 43 535
341 231 55 535
537 231 49 535
606 231 1 190
631 231 7 190
636 231 19 190
647 231 31 535
672 231 25 190
764 231 37 190
821 231 13 190
854 231 31 190
928 231 55 190
945 231 43 190
991 231 13 62
3 162 37 278
3 4 52 932
5 358 31 1002
40 162 16 278
43 4 40 1174
43 358 37 1002
45 358 40 1002
52 162 10 278
55 162 22 278
60 162 25 278
76 4 43 1174
80 162 13 278
80 358 43 1002
86 4 49 1174
96 4 52 1174
130 4 55 1174
135 358 46 1002
157 4 25 275
170 162 28 278
178 4 58 1174
204 4 10 275
230 162 34 278
230 4 13 275
249 358 49 1002
251 4 28 275
287 358 55 1002
296 358 16 1267
323 162 1 278
327 162 4 278
335 4 16 275
339 4 7 275
361 162 19 278
362 162 31 278
411 162 40 278
411 358 52 1002
413 358 58 1002
414 358 1 1267
415 4 1 275
423 358 4 1267
437 162 52 278
473 358 10 1267
476 4 37 275
487 162 7 278
499 4 4 275
504 358 7 1267
511 162 43 278
525 162 46 278
536 4 19 275
559 4 22 275
565 4 49 275
573 4 52 275
584 358 13 1267
603 4 31 275
606 162 55 278
616 358 19 1267
618 358 22 1267
619 358 31 1267
629 4 34 275
638 162 49 278
639 162 58 278
649 358 43 1267
656 358 34 1267
680 358 25 1267
681 358 37 1267
685 162 7 608
695 162 13 608
696 162 10 608
700 162 16 608
703 162 22 608
727 4 19 349
735 358 28 1267
755 162 25 608
758 4 40 275
773 162 19 608
775 358 49 1267
777 4 22 349
778 162 31 608
792 162 46 608
794 4 43 275
797 162 28 608
811 162 34 608
814 358 46 1267
818 4 58 275
826 162 37 608
833 4 13 349
837 4 16 349
846 358 3 1301
848 358 10 1301
853 4 46 275
875 358 13 1301
879 358 40 1267
893 162 1 916
899 162 40 608
902 4 55 275
918 358 55 1267
930 162 51 608
933 162 7 916
938 162 55 608
942 162 43 608
943 162 10 916
949 162 16 916
988 162 4 916
994 358 7 1301
6 301 55 140
92 301 58 140
175 301 27 464
234 301 1 464
281 301 37 464
316 301 22 464
332 301 31 464
416 301 13 464
458 301 4 464
482 301 19 464
496 301 16 464
532 301 43 464
556 301 52 464
563 301 40 464
576 301 7 1191
588 301 46 464
609 301 34 464
678 301 49 464
684 301 55 464
746 301 58 464
849 301 13 1191
864 301 1 1191
890 301 10 1191
906 301 4 1191
920 301 25 1191
928 301 19 1191
933 301 16 1191
2 364 19 795
15 364 49 178
52 364 51 178
133 364 53 178
161 364 55 178
211 364 57 178
277 364 59 178
290 364 5 1311
304 364 11 1311
391 364 29 1311
412 364 17 1311
413 364 35 1311
424 364 23 1311
437 364 59 1311
446 364 47 1311
467 364 41 1311
587 364 53 1311
606 364 5 1422
627 364 1 1422
679 364 3 1422
694 364 10 1422
710 364 13 1422
726 364 7 1422
748 364 15 1422
817 364 17 1422
843 364 19 1422
895 364 21 1422
31 242 37 181
39 50 31 1025
46 50 25 1025
62 242 31 181
82 242 13 181
123 242 19 181
134 242 25 181
154 50 13 1025
172 50 37 1025
213 242 49 181
216 242 55 181
225 242 43 181
241 242 13 888
244 50 9 1025
286 242 55 888
304 50 43 1025
328 50 1 1025
329 242 9 181
449 50 49 1025
452 242 1 888
461 242 27 888
476 50 13 904
476 242 43 888
492 242 7 888
518 242 19 888
538 242 39 888
557 242 49 888
581 242 31 888
594 50 1 904
599 50 31 904
612 50 19 1025
613 50 55 1025
630 50 7 904
636 242 49 1462
642 50 19 904
645 242 7 1462
650 242 55 1462
653 50 37 904
659 242 13 1462
677 50 45 904
681 50 7 568
683 50 25 904
686 50 55 904
701 242 37 1462
727 50 25 568
775 242 43 1462
781 50 49 904
788 242 19 1462
794 50 13 568
812 242 31 1462
840 50 37 568
846 50 19 568
852 242 1 621
866 242 7 621
908 242 19 621
913 50 57 568
942 242 13 621
954 50 1 568
979 50 31 568
989 242 25 1462
993 242 25 621
998 242 31 621
10 106 46 581
67 106 49 581
93 106 59 581
124 106 5 519
137 106 17 519
144 17 17 1125
145 106 11 519
149 17 11 1125
183 106 23 519
205 17 1 1125
242 106 29 519
249 17 5 1125
273 17 3 1125
278 17 13 1125
284 106 35 519
300 106 47 519
359 17 15 1125
372 17 7 1125
379 17 19 1125
381 17 35 1125
383 106 41 519
391 17 9 1125
417 17 21 1125
420 17 23 1125
445 17 25 1125
479 17 31 1125
496 17 27 1125
500 17 37 1125
517 106 17 1232
518 17 47 1125
540 17 29 1125
560 106 59 519
562 106 53 519
621 17 41 1125
627 17 33 1125
628 17 49 1125
632 17 39 1125
653 17 43 1125
683 106 11 1232
692 106 5 1232
719 106 23 1232
732 17 45 1125
734 106 29 1232
741 106 35 1232
752 106 47 1232
779 106 59 1232
785 106 53 1232
816 106 37 1232
834 106 1 1192
915 106 5 1192
936 106 7 1192
952 17 52 1125
19 169 31 1238
36 169 19 1238
70 169 25 1238
74 169 43 1238
114 169 37 1238
126 169 49 1238
151 169 55 1238
218 169 13 1238
278 169 31 1383
282 169 3 1238
298 169 1 1383
299 169 49 1383
312 169 7 1238
319 169 7 1383
323 169 25 1383
384 169 37 1383
406 169 55 1383
417 169 13 1383
444 169 19 1383
473 169 1 978
492 169 15 978
540 169 7 978
548 169 43 1383
614 169 25 978
656 169 43 978
663 169 49 978
666 169 43 1335
743 169 31 978
793 169 55 978
804 169 37 978
871 169 19 978
938 169 19 1335
948 169 55 1335
992 169 49 1335
10 51 37 366
27 293 16 172
30 51 19 366
36 51 25 366
56 293 31 172
61 16 34 374
95 16 37 374
139 16 13 374
142 16 43 374
143 51 28 366
168 51 13 366
212 51 16 366
216 293 7 172
231 16 10 374
235 51 40 366
248 51 31 366
252 51 43 366
256 16 7 374
267 16 1 374
308 51 22 366
318 51 46 366
320 51 10 366
328 293 13 172
330 293 37 172
333 51 34 366
345 293 22 172
349 293 10 172
358 16 19 374
398 293 1 172
399 51 58 366
424 51 49 366
429 16 22 374
436 51 55 366
451 16 16 374
460 293 4 172
466 16 25 374
469 51 4 530
475 51 52 366
497 51 13 530
498 51 16 530
510 51 19 530
523 51 7 530
525 16 28 374
559 293 25 172
582 51 10 530
585 51 22 530
593 16 31 374
594 16 40 374
603 16 4 374
605 293 19 172
608 16 46 374
618 16 52 374
623 16 55 374
646 293 28 172
666 51 49 530
682 293 40 172
682 51 25 530
688 293 43 172
712 293 49 172
721 293 52 172
724 16 49 374
751 51 52 530
754 51 37 530
760 16 13 127
786 293 34 172
794 293 46 172
796 293 55 172
821 16 1 127
835 293 1 737
841 293 4 737
849 16 58 374
850 16 4 127
852 293 10 737
867 293 7 737
882 293 58 172
887 51 28 530
900 16 7 127
902 51 43 530
903 293 13 737
905 51 33 530
908 16 31 127
922 51 40 530
930 51 1 426
933 51 10 426
937 51 55 530
939 293 22 737
941 293 19 737
979 293 16 737
986 293 27 737
991 51 46 530
994 293 31 737
42 41 37 446
52 41 25 446
83 41 28 446
88 41 34 446
150 41 43 446
182 41 31 446
213 41 55 446
234 41 40 446
295 41 46 446
335 41 49 446
375 41 52 446
413 41 1 371
495 41 16 371
542 41 4 371
598 41 58 446
611 41 7 371
642 41 10 371
648 41 13 371
661 41 31 371
683 41 34 371
717 41 19 371
817 41 28 371
870 41 25 371
883 41 22 371
993 41 40 371
4 23 25 1130
45 23 5 1130
49 209 13 457
51 23 17 1130
55 209 28 457
61 209 17 457
71 209 19 457
80 23 22 1130
106 23 19 1130
120 23 29 1130
131 23 13 1130
154 23 31 1130
162 209 5 457
173 23 1 1130
174 209 7 457
174 23 11 1130
180 209 11 457
197 209 21 457
207 23 27 1130
226 23 33 1130
246 23 35 1130
271 209 1 457
312 23 15 1130
313 23 7 1130
338 23 3 1130
339 23 40 1130
346 209 25 457
353 209 3 457
354 209 9 457
359 209 23 457
364 209 15 457
383 23 9 1130
395 23 49 1130
404 209 34 457
414 209 52 457
458 23 43 1130
478 23 37 1130
481 23 45 1130
485 209 43 457
487 23 47 1130
521 23 51 1130
526 209 37 457
530 209 31 457
532 209 59 457
534 209 47 457
540 23 53 1130
542 23 1 1197
560 209 39 457
598 23 5 644
615 209 41 457
635 23 55 1130
641 23 58 1130
670 209 45 457
674 209 49 457
696 23 7 644
722 23 17 644
728 209 28 1466
738 209 57 457
773 209 35 1466
779 209 55 457
824 23 23 644
827 23 29 644
865 23 35 644
882 209 31 1466
904 209 55 593
932 209 37 1466
954 209 33 1466
971 23 41 644
7 139 25 1118
105 139 31 1118
165 139 19 1118
182 139 37 1118
188 139 43 1118
190 139 55 1118
194 139 1 1118
197 139 25 750
211 139 49 1118
228 139 19 750
236 139 37 750
258 139 7 1118
277 139 31 750
283 139 1 750
291 139 7 750
307 139 43 750
351 139 7 1000
372 139 13 1118
453 139 13 750
466 139 55 750
468 139 49 750
487 139 1 1000
605 139 25 1000
610 139 31 1000
622 139 7 1340
633 139 1 1340
668 139 19 1000
697 139 55 1000
749 139 43 1000
837 139 37 1000
850 139 19 1340
854 139 49 1000
861 139 37 1340
864 139 25 1340
905 139 13 1340
916 139 43 1340
951 139 31 1340
959 139 49 1340
961 139 25 33
979 139 1 160
30 6 22 690
66 6 28 690
68 6 19 690
147 6 25 690
150 6 46 690
232 6 16 690
268 6 49 690
386 6 31 690
428 6 13 690
438 6 4 690
454 6 7 690
480 6 10 690
481 6 52 690
514 6 37 690
568 6 34 690
587 6 43 690
618 6 40 690
620 6 58 690
733 6 7 1360
740 6 55 690
745 6 1 1360
819 6 10 1360
852 6 19 1360
920 6 4 1360
924 6 22 1360
996 6 13 1360
28 244 35 1430
32 244 5 1430
40 244 11 1430
60 244 17 1430
87 244 23 1430
129 244 29 1430
134 244 37 1430
229 244 47 1430
239 244 53 1430
258 244 59 1430
323 244 5 1023
345 244 11 1023
347 244 23 1023
365 244 29 1023
402 244 17 1023
413 244 47 1023
417 244 53 1023
475 244 35 1023
521 244 37 1023
597 244 59 1023
722 244 5 17
742 244 11 17
753 244 17 17
785 244 23 17
830 244 29 17
847 244 41 17
860 244 35 17
897 244 53 17
932 244 47 17
948 244 5 1185
949 244 59 17
951 244 11 1185
8 27 37 733
29 27 43 733
50 27 49 733
52 27 13 214
54 27 55 733
62 27 37 214
194 27 19 214
198 27 43 214
206 27 25 214
209 27 31 214
218 27 49 214
356 27 1 214
359 27 55 214
394 27 19 1245
406 27 1 1245
418 27 25 1245
453 27 7 214
483 27 7 1245
489 27 7 187
556 27 13 1245
584 27 37 1245
640 27 43 1245
666 27 1 187
752 27 31 1245
756 27 51 1245
787 27 19 187
942 27 55 1245
984 27 55 1340
43 279 25 804
52 279 28 804
70 279 31 804
76 279 35 804
83 279 33 804
103 279 41 804
123 279 37 804
139 279 39 804
195 279 46 804
218 279 43 804
264 279 7 804
278 279 49 804
294 279 51 804
329 279 53 804
351 279 59 804
357 279 55 804
367 279 59 1125
389 279 57 804
390 279 55 1125
402 279 57 1125
425 279 5 12
506 279 17 12
561 279 11 12
590 279 19 12
641 279 29 12
663 279 35 12
694 279 41 12
710 279 47 12
714 279 53 12
766 279 59 12
816 279 53 44
844 279 59 44
874 279 5 312
919 279 11 312
976 279 29 312
977 279 13 312
11 367 19 1280
22 367 31 1280
33 367 25 1280
36 367 37 1280
38 367 43 1280
75 367 49 1280
118 367 55 1280
158 367 7 1280
222 367 1 1280
241 367 25 710
288 367 7 710
307 367 1 710
345 367 13 1280
387 367 13 710
398 367 49 710
455 367 19 710
470 367 37 710
475 367 55 710
492 367 33 710
547 367 43 710
618 367 1 1136
653 367 19 1136
655 367 7 1136
664 367 33 1136
713 367 13 1136
714 367 25 1136
859 367 37 1136
896 367 49 1136
919 367 43 1136
952 367 13 187
21 143 25 1237
82 143 28 1237
168 143 16 1237
207 143 31 1237
209 143 19 1237
259 143 34 1237
260 143 1 1237
308 143 4 1237
318 143 43 1237
371 143 13 1237
382 143 7 1237
409 143 10 1237
429 143 37 1237
462 143 22 1237
523 143 40 1237
553 143 49 1237
557 143 46 1237
630 143 52 1237
775 143 55 1237
881 143 58 1237
931 143 55 579
934 143 37 579
949 143 34 579
950 143 43 579
963 143 31 579
970 143 46 579
18 179 31 557
38 179 37 557
108 179 19 557
158 179 49 557
183 179 43 557
262 179 3 557
312 179 25 557
354 179 55 557
398 179 7 557
424 179 19 39
427 179 13 557
438 179 37 39
474 179 13 39
499 179 25 39
523 179 33 39
628 179 7 677
688 179 13 677
729 179 43 39
763 179 1 677
826 179 45 677
868 179 49 39
878 179 55 39
903 179 31 677
912 179 19 677
6 99 37 925
32 332 10 246
54 332 19 246
63 332 28 246
66 332 31 246
76 332 37 246
81 99 40 925
100 99 43 925
153 99 46 925
159 332 43 246
173 332 7 246
181 99 49 925
194 99 55 925
195 99 52 925
211 99 16 860
216 332 13 246
217 99 58 925
222 99 13 860
269 332 16 246
289 332 1 246
301 332 22 246
318 332 4 246
320 99 7 860
362 99 10 860
364 99 1 860
369 332 34 246
402 332 46 246
410 99 27 860
447 99 19 860
450 99 4 860
464 99 22 860
490 332 52 246
501 99 46 860
525 332 25 246
533 99 31 860
536 332 40 246
538 99 43 860
543 99 37 860
547 99 49 860
568 332 49 246
578 332 55 246
586 332 1 423
604 99 52 860
620 99 46 1116
669 332 7 423
701 332 58 246
718 99 34 860
718 332 10 423
726 332 4 423
733 99 40 860
743 99 1 320
757 99 43 1116
757 332 13 423
808 99 58 860
811 332 31 423
825 99 55 860
837 332 19 423
859 332 16 423
870 332 28 423
913 99 52 1116
941 332 22 423
943 332 25 423
966 332 34 423
991 332 37 423
997 99 9 320
13 252 25 43
21 385 28 113
32 252 13 43
37 252 28 43
44 252 43 43
66 252 34 43
75 385 19 113
75 252 22 43
84 252 16 43
85 252 46 43
133 385 13 113
144 385 22 113
166 385 16 113
171 252 7 43
178 385 25 113
216 385 31 113
221 252 1 43
238 252 4 43
269 252 19 43
278 252 37 43
300 252 31 43
310 385 1 113
319 385 37 113
319 252 40 43
327 385 7 113
361 385 4 113
363 385 34 113
369 385 10 113
372 252 10 43
402 252 1 599
446 252 49 43
452 252 52 43
461 385 40 113
466 385 43 113
475 385 19 1355
475 252 4 599
483 385 46 113
484 385 49 113
503 385 58 113
504 385 45 676
536 385 52 113
543 252 7 599
557 252 55 43
561 252 25 599
583 252 13 599
584 385 55 113
585 385 49 676
607 385 55 676
629 385 13 1355
645 252 58 43
648 252 16 599
656 252 31 599
697 385 16 1355
720 385 22 1355
725 252 10 599
729 385 25 1355
735 385 55 1355
735 252 19 599
778 252 43 599
785 385 31 1355
794 252 28 599
814 252 34 599
821 252 22 599
823 252 37 599
845 252 55 599
891 252 46 599
894 252 40 599
906 385 52 676
922 385 28 1355
930 252 16 463
932 385 1 14
37 338 25 1496
40 338 23 1496
58 338 27 1496
65 338 29 1496
68 338 31 1496
225 338 37 1496
282 338 43 1496
370 338 39 1496
383 338 34 1496
464 338 41 1496
502 338 45 1496
511 338 47 1496
531 338 51 1496
538 338 49 1496
539 338 53 1496
625 338 55 1496
724 338 57 1496
738 338 59 1496
789 338 11 637
793 338 5 637
816 338 17 637
925 338 29 637
994 338 23 637
5 377 49 1223
10 100 55 460
55 100 31 606
56 377 55 1223
73 377 37 528
75 377 43 72
78 89 31 1332
110 377 31 528
110 89 37 1332
111 377 49 528
114 100 25 606
115 100 37 606
119 377 55 528
124 100 19 606
132 100 55 606
143 100 43 606
143 377 37 740
146 100 49 606
153 100 13 606
155 100 49 1262
160 89 15 1332
162 100 43 1464
163 377 19 528
165 100 55 1262
166 100 55 1464
179 100 49 1464
179 89 25 1332
206 89 19 1332
212 89 43 1332
220 89 55 1332
249 100 19 261
264 377 25 528
298 100 49 27
299 89 55 203
305 377 7 528
315 377 1 528
325 89 1 203
330 377 13 528
330 89 49 1332
357 100 31 261
358 89 43 203
371 89 21 203
372 100 3 606
385 89 7 1332
404 377 43 528
405 89 7 203
416 89 27 203
419 89 15 203
420 89 7 191
423 100 13 261
427 377 1 740
454 377 13 740
457 377 7 740
478 377 25 740
479 100 7 606
499 100 9 261
499 377 19 740
500 377 43 740
506 89 31 203
513 100 43 261
536 100 13 287
552 377 55 740
557 377 1 177
583 89 37 203
622 377 13 177
623 89 3 191
627 100 3 261
637 100 49 261
638 100 37 261
642 100 55 261
683 89 49 203
689 100 25 261
699 89 27 191
704 100 7 287
719 377 31 740
723 100 19 287
732 377 49 740
752 377 19 177
762 100 25 287
767 377 25 177
774 377 37 177
798 89 13 191
801 377 31 177
806 100 33 287
806 377 25 187
813 89 19 191
814 377 49 177
819 377 31 187
840 89 43 191
877 89 49 191
888 89 31 191
894 89 1 496
919 100 1 287
935 89 7 496
951 89 37 191
958 100 37 287
968 100 1 1081
995 89 55 191
1000 89 13 496
20 91 25 472
45 91 19 472
48 91 28 472
60 91 31 472
98 91 7 472
110 91 22 472
169 91 15 472
334 91 46 472
366 91 1 472
378 91 4 472
400 91 40 472
415 91 10 472
492 91 55 472
526 91 16 1446
560 91 34 472
578 91 37 472
580 91 49 472
584 91 43 472
592 91 1 18
607 91 58 472
616 91 52 472
617 91 37 1446
630 91 4 18
650 91 7 18
654 91 40 1446
656 91 49 18
704 91 13 18
711 91 10 18
737 91 16 18
752 91 43 18
768 91 19 18
773 91 22 18
792 91 25 18
820 91 28 18
834 91 46 18
899 91 37 18
912 91 31 18
143 186 58 1246
155 186 17 484
173 186 11 484
308 186 19 328
340 186 23 484
385 186 35 484
397 186 5 484
422 186 41 484
426 186 29 484
462 186 47 484
465 186 53 484
537 186 59 484
557 186 25 1302
562 186 59 640
566 186 10 725
568 186 22 725
573 186 13 725
642 186 35 725
716 186 25 725
758 186 47 725
800 186 41 725
847 186 53 725
866 186 59 725
875 186 5 888
877 186 11 888
885 186 23 888
887 186 17 888
955 186 35 888
965 186 47 888
989 186 37 888
6 379 28 1342
47 379 34 1342
117 379 37 1342
158 379 16 1342
255 379 7 1342
284 379 13 1342
302 379 22 1342
320 379 19 1342
341 379 1 1342
346 379 31 1342
347 379 25 1342
350 379 40 1342
375 379 4 1342
392 379 4 1252
458 379 49 1342
461 379 46 1342
483 379 43 1342
507 379 10 1342
567 379 1 1252
582 379 55 1342
598 379 13 1252
602 379 58 1342
608 379 7 1252
637 379 16 1252
641 379 52 1342
645 379 52 234
651 379 49 234
658 379 22 1252
688 379 10 1252
729 379 28 1252
741 379 31 1252
761 379 34 1252
783 379 37 1252
813 379 25 1252
837 379 49 1252
936 379 19 1252
975 379 52 1252
985 379 40 1252
48 121 31 889
69 121 37 889
160 121 23 994
265 121 13 889
306 121 5 994
399 121 1 889
455 121 29 994
510 121 13 994
543 121 35 994
563 121 7 994
655 121 41 994
658 121 53 994
663 121 47 994
688 121 59 994
726 121 17 497
837 121 11 497
854 121 5 497
885 121 29 497
907 121 23 497
947 121 41 497
21 247 31 594
23 247 25 594
25 247 37 594
25 153 49 857
34 247 19 594
80 247 49 594
99 247 43 594
103 247 55 594
123 247 49 253
145 247 55 253
147 153 55 857
160 247 25 1414
178 247 13 594
191 247 21 1414
191 153 49 1083
227 153 37 1171
235 247 13 1414
253 153 1 1171
271 247 3 594
309 247 7 594
350 247 31 1414
395 247 1 1414
400 247 43 1414
410 153 13 1171
415 247 49 1414
415 153 19 1171
418 247 37 1414
429 153 7 1171
434 247 7 1414
435 153 55 1171
458 247 19 235
470 247 55 1414
478 247 1 235
528 247 55 218
546 247 13 235
589 153 25 1171
592 247 43 235
594 153 31 1171
629 153 43 1171
670 247 25 235
676 153 7 1042
709 247 7 235
712 247 37 235
732 153 55 761
748 247 31 235
759 247 1 392
778 153 1 1042
779 153 13 1042
820 247 31 392
832 153 45 761
845 153 19 1042
864 247 49 235
867 153 25 1042
868 153 1 622
898 247 51 392
903 247 9 392
941 247 55 235
971 153 49 1171
977 153 31 1042
979 153 7 622
18 163 17 364
35 163 23 364
120 251 5 1365
177 163 5 364
195 251 11 1365
202 163 29 364
218 163 35 364
220 163 13 373
257 251 3 1365
322 251 1 1365
323 251 7 1365
342 251 13 1365
343 163 13 1071
388 163 11 364
390 163 53 364
391 163 47 364
397 251 9 1365
405 251 15 1365
413 163 41 364
435 251 17 1365
438 251 23 1365
439 163 43 589
440 251 29 1365
453 251 21 1365
472 163 59 364
486 251 31 1365
494 251 19 1365
510 163 53 644
521 251 25 1365
538 251 35 1365
546 251 27 1365
555 163 59 644
555 251 33 1365
608 163 11 686
639 251 41 1365
663 251 39 1365
677 163 5 686
720 251 45 1365
732 251 43 1365
740 163 47 644
741 163 17 686
756 251 37 1365
759 251 47 1365
771 163 23 686
807 251 49 1365
824 163 29 686
830 251 53 1365
849 251 51 1365
889 251 59 1365
915 163 35 686
937 251 5 249
942 251 17 249
947 163 47 686
974 251 57 1365
998 163 41 686
11 313 49 117
34 313 55 117
91 313 43 228
100 313 49 228
139 313 55 228
146 313 25 491
196 313 13 491
252 313 49 491
342 313 1 491
346 313 37 491
352 313 7 491
366 313 13 80
409 313 31 491
456 313 21 491
495 313 21 80
664 313 43 491
694 313 25 80
706 313 9 80
714 313 55 491
780 313 31 80
790 313 1 80
815 313 37 80
823 313 45 80
834 313 49 80
910 313 55 80
938 313 1 618
990 313 19 618
36 31 11 874
47 31 5 874
57 31 23 874
67 31 16 874
68 31 29 874
78 31 25 874
88 31 37 874
93 31 13 874
169 31 1 874
178 31 19 874
182 31 27 874
216 31 21 874
248 31 41 874
264 31 31 874
266 31 7 874
374 31 3 874
390 31 9 874
392 31 53 874
393 31 59 874
465 31 39 874
488 31 33 874
507 31 35 874
512 31 47 874
525 31 43 874
556 31 7 285
578 31 45 874
584 31 59 857
617 31 49 874
661 31 53 857
696 31 13 157
707 31 55 874
762 31 11 1083
811 31 17 1083
850 31 57 874
862 31 23 1083
960 31 51 874
990 31 5 1083
14 155 31 1188
41 155 15 1188
68 155 37 1188
172 155 25 1188
191 155 55 1188
247 155 1 1188
269 155 49 1188
271 155 7 1188
287 155 19 1188
302 155 43 1188
330 155 55 35
353 155 55 42
519 155 49 42
530 155 25 42
552 155 13 824
574 155 1 824
581 155 19 824
773 155 7 824
785 155 43 824
797 155 37 824
802 155 25 824
831 155 57 824
866 155 31 824
885 155 3 1476
978 155 7 1476
6 119 11 863
11 119 23 863
29 22 23 803
50 22 29 803
51 22 31 803
58 22 17 803
70 119 5 863
74 119 17 863
140 119 35 863
153 22 41 803
176 22 5 803
194 22 47 803
200 22 53 803
221 119 29 863
253 119 41 863
275 119 53 863
295 22 11 803
308 22 7 731
314 119 47 863
327 119 59 863
354 22 59 803
377 119 5 280
380 119 23 280
394 22 23 731
413 22 29 731
492 119 29 280
496 119 35 280
515 119 17 280
529 22 13 731
548 22 35 731
560 119 7 280
567 22 47 731
568 22 41 731
575 22 53 731
580 22 59 731
583 22 5 1116
588 119 53 280
600 22 11 1116
613 119 41 280
614 119 47 280
615 22 17 1116
644 22 29 1116
654 119 59 280
665 119 5 322
674 119 11 322
716 119 17 322
731 119 23 322
776 22 23 1116
776 119 29 322
781 119 35 322
791 119 41 322
794 119 53 322
802 22 35 1116
819 119 47 322
868 22 41 1116
884 22 49 1116
925 22 5 338
960 119 34 323
974 119 59 322
984 119 37 323
993 22 11 338
19 101 49 190
26 101 25 586
45 101 31 586
156 101 43 586
157 101 37 586
267 101 7 586
274 101 49 586
288 101 55 586
315 101 19 586
339 101 25 1317
396 101 21 1317
428 101 31 1317
432 101 15 586
435 101 1 586
443 101 1 1317
506 101 43 1317
566 101 13 1317
574 101 37 1317
649 101 13 1484
665 101 55 1317
881 101 49 1317
890 101 1 1484
963 101 19 1484
94 165 25 451
253 165 7 451
266 165 1 451
277 165 19 451
312 165 37 451
374 165 10 451
419 165 22 451
420 165 13 451
469 165 28 451
479 165 4 451
499 165 16 451
517 165 31 451
596 165 40 451
608 165 43 451
674 165 46 451
704 165 34 451
762 165 49 451
805 165 55 451
905 165 52 451
103 73 19 1019
150 73 9 1019
308 73 1 1019
335 73 5 1019
424 73 11 1019
445 73 7 1019
456 73 3 1019
462 73 13 1019
511 73 17 1019
544 73 15 1019
573 73 21 1019
582 73 23 1019
583 73 29 1019
613 73 25 1019
617 73 31 1019
663 73 43 1019
694 73 37 1019
695 73 27 1019
751 73 35 1019
763 73 33 1019
764 73 41 1019
914 73 47 1019
926 73 39 1019
945 73 49 1019
961 73 5 1475
971 73 53 1019
980 73 59 1019
993 73 45 1019
6 202 17 2
51 202 29 2
138 202 11 2
168 202 35 2
214 202 19 2
225 202 5 2
228 202 41 2
312 202 47 2
365 202 53 2
377 202 59 2
384 202 11 1475
390 202 17 1475
409 202 23 1475
466 202 35 1475
533 202 41 1475
583 202 47 1475
671 202 29 1475
675 202 53 1475
688 202 5 72
702 202 11 72
723 202 59 1475
779 202 17 72
809 202 23 72
813 202 29 72
824 202 35 72
834 202 11 932
914 202 13 932
976 202 41 72
997 202 53 72
1000 202 47 72
21 264 37 382
21 346 40 547
25 346 10 547
53 95 46 1384
55 346 37 547
70 264 19 382
78 95 52 1384
101 264 22 382
118 95 31 1422
161 264 15 382
176 264 25 382
182 346 22 547
186 95 34 1422
196 95 25 1422
207 95 37 1422
216 95 28 1422
233 346 13 547
254 95 40 1422
261 95 43 1422
264 95 46 1422
308 346 16 547
316 264 31 382
344 95 49 1422
352 95 52 1422
358 95 55 1422
366 264 34 382
371 264 40 382
383 95 1 1368
397 264 1 382
402 95 4 1368
426 346 1 547
432 95 7 1368
433 95 10 1368
439 346 4 547
443 346 7 547
447 346 43 547
457 95 58 1422
466 264 7 382
470 264 4 382
482 95 22 1368
497 95 16 1368
516 95 13 1368
517 95 19 1368
520 346 25 547
528 95 37 1368
534 95 49 1368
542 264 10 382
564 346 19 547
590 346 49 547
595 264 28 382
597 346 31 547
600 95 25 1368
605 95 43 1368
612 264 46 382
618 264 55 382
620 264 51 382
624 346 52 547
636 264 58 382
648 264 43 382
668 346 1 220
670 346 34 547
689 95 7 91
700 95 28 1368
739 346 28 547
749 95 52 1368
754 95 40 1368
766 264 4 508
771 264 1 508
782 346 55 547
800 95 31 1368
807 264 10 508
822 95 3 91
823 264 7 508
829 95 34 1368
843 346 46 547
846 264 13 508
865 95 55 1368
868 95 10 91
883 264 16 508
884 346 7 220
889 95 46 1368
890 264 19 508
895 346 10 220
900 346 4 220
904 264 22 508
923 95 58 1368
940 264 34 508
940 95 13 91
956 346 15 220
962 95 27 91
964 95 34 91
978 264 25 508
983 264 40 508
985 95 16 91
999 264 31 508
14 129 16 984
30 129 25 984
54 129 22 984
62 129 29 984
79 129 19 984
87 129 1 984
99 129 10 984
153 129 27 984
164 129 7 984
173 129 13 984
298 129 5 984
337 129 3 984
360 129 41 984
365 129 35 984
373 129 31 984
375 129 33 984
408 129 43 984
430 129 46 984
454 129 52 984
464 129 37 984
470 129 59 984
506 129 49 984
533 129 59 639
548 129 39 984
558 129 31 1339
577 129 5 436
587 129 23 436
639 129 55 984
644 129 57 984
697 129 7 436
752 129 17 436
835 129 29 436
865 129 53 436
888 129 35 436
919 129 41 436
928 129 47 436
937 129 59 436
954 129 5 491
3 60 46 164
16 92 57 958
27 60 43 423
38 204 58 579
43 60 58 164
44 130 46 737
48 130 34 737
49 92 15 995
49 60 40 423
57 204 40 579
59 130 37 737
72 130 40 737
77 204 25 618
84 60 46 423
87 204 13 618
102 130 43 737
133 60 55 423
140 60 49 423
146 92 22 995
164 130 49 737
165 92 25 995
169 92 19 995
174 92 28 995
183 130 52 737
188 130 55 737
193 130 58 737
194 92 31 995
199 92 4 995
210 204 43 618
216 130 25 741
221 60 52 423
223 60 7 642
232 130 1 741
232 60 58 423
235 130 19 741
240 130 28 741
245 60 13 642
246 130 10 741
247 130 7 741
277 92 37 995
283 204 28 618
283 60 55 386
284 60 25 642
287 92 7 995
292 92 34 995
298 60 58 386
320 204 31 618
335 60 19 642
345 130 34 741
347 92 40 995
348 130 4 741
352 130 13 741
369 204 7 618
385 204 16 618
389 204 37 618
418 92 43 995
422 92 10 995
425 130 16 741
427 60 10 642
432 92 49 995
433 130 46 741
441 92 1 1332
442 204 55 618
444 204 49 618
454 60 1 642
458 130 31 741
460 60 16 642
468 60 4 642
480 60 22 642
494 130 22 741
498 130 43 741
510 130 49 741
511 92 1 995
519 130 37 741
519 60 31 642
522 130 1 1061
530 60 34 642
557 92 58 995
562 60 43 642
575 130 55 741
576 60 37 642
576 92 10 362
582 92 1 362
583 130 52 741
585 92 46 995
587 92 4 362
588 130 13 1061
588 204 16 780
604 204 13 780
615 60 28 642
632 204 52 618
637 92 13 362
640 204 10 618
641 204 40 618
655 204 34 618
674 204 1 780
687 92 52 995
696 204 4 780
698 92 55 995
704 92 16 362
705 60 40 642
719 204 46 618
725 204 58 618
730 92 19 362
732 92 25 362
736 130 40 741
740 130 58 741
740 204 7 780
746 60 46 642
756 92 22 362
756 60 55 642
757 130 7 1061
764 204 19 780
768 130 4 1061
770 204 22 780
790 130 25 1061
803 92 55 362
808 60 10 708
841 130 10 1061
842 204 10 780
850 60 16 708
852 130 22 1061
853 60 19 708
862 60 49 642
864 92 7 362
865 130 16 1061
877 204 25 780
878 130 19 1061
882 204 28 780
883 130 28 1061
888 130 37 1061
891 130 31 1061
901 130 34 1061
903 204 37 780
911 60 52 642
912 130 45 1061
918 204 34 780
920 204 31 780
928 130 40 1061
936 130 49 1061
937 60 13 708
950 92 28 362
966 130 19 229
970 92 31 362
981 130 49 1380
986 60 31 708
993 60 22 708
60 11 37 220
144 11 25 220
148 11 19 220
158 11 31 220
164 11 55 220
206 11 49 220
211 11 43 220
213 11 1 1196
284 11 31 1196
336 11 7 1196
337 11 19 1196
341 11 15 1196
427 11 25 1196
428 11 39 1196
499 11 43 1196
563 11 49 1196
566 11 55 1196
598 11 37 554
652 11 49 554
655 11 43 554
691 11 25 1300
772 11 31 1300
825 11 49 1300
904 11 37 1300
934 11 55 554
937 11 1 1456
950 11 7 1456
952 11 25 1456
964 11 43 1300
33 78 55 1019
63 78 37 746
88 314 16 747
109 314 43 1355
132 314 10 747
165 78 40 746
175 78 43 746
202 78 1 764
215 78 55 746
219 314 55 1061
256 78 46 746
262 314 34 1355
275 78 49 746
314 78 52 746
350 78 58 746
361 78 28 764
370 78 4 764
382 78 10 764
406 78 34 764
412 78 37 764
450 78 7 764
451 78 13 764
461 314 58 1061
472 78 16 764
499 78 31 764
527 78 40 764
541 78 19 764
600 78 43 764
607 314 49 1355
633 78 25 764
643 78 22 764
650 314 1 441
684 78 46 764
692 314 39 1355
703 314 52 1061
725 314 52 1355
731 78 7 229
755 78 10 229
793 314 40 1445
794 314 58 1355
803 78 58 764
816 78 55 764
829 78 49 764
840 78 13 229
844 78 45 1380
860 314 46 1355
895 78 52 764
934 78 52 1267
950 314 49 1445
967 314 52 1445
968 78 22 229
971 78 58 1267
977 78 25 229
93 289 37 694
167 289 55 1429
168 289 25 694
195 289 31 694
285 289 1 694
420 289 19 694
424 289 43 694
500 289 13 694
518 289 7 694
688 289 19 772
719 289 3 772
740 289 31 772
757 289 37 772
803 289 19 1065
813 289 55 694
879 289 49 694
888 289 7 772
945 289 13 772
952 289 37 1065
27 213 19 314
123 213 58 530
137 213 37 117
149 213 15 314
155 213 22 314
178 213 28 314
211 213 31 314
214 213 25 314
260 213 34 314
262 213 9 314
281 213 40 314
292 213 37 314
331 213 43 314
346 213 46 314
351 213 52 314
371 213 49 314
372 213 55 314
482 213 1 314
567 213 4 314
591 213 58 314
616 213 1 350
678 213 7 350
706 213 13 350
765 213 22 350
773 213 4 350
799 213 10 350
817 213 34 350
839 213 16 350
849 213 25 350
905 213 19 350
911 213 28 350
951 213 49 350
995 213 31 350
30 218 29 252
42 218 23 252
60 218 35 252
90 218 5 252
96 218 11 252
116 218 17 252
144 218 41 252
171 218 13 995
222 218 47 252
224 218 53 252
235 218 59 252
242 218 5 1166
257 218 23 1166
267 218 11 1166
303 218 29 1166
306 218 17 1166
406 218 41 1166
462 218 35 1166
500 218 47 1166
549 218 53 1166
551 218 59 1166
553 218 13 1352
589 218 31 1352
618 218 7 509
626 218 5 761
660 218 11 761
718 218 49 1352
800 218 23 761
820 218 40 761
861 218 43 761
871 218 49 761
873 218 52 761
906 218 59 761
959 218 17 824
995 218 5 824
52 317 19 404
59 317 27 404
80 317 16 404
197 317 31 404
224 317 13 404
233 317 10 404
251 317 37 404
252 317 7 404
274 317 34 404
375 317 40 404
423 317 22 404
438 317 49 404
499 317 52 404
545 317 3 404
575 317 58 404
598 317 46 404
710 317 39 1466
717 317 43 404
719 317 55 404
736 317 43 1466
744 317 46 1466
783 317 49 1466
793 317 1 1108
843 317 57 1466
17 133 23 723
57 133 29 723
73 133 11 723
101 133 25 723
174 133 13 723
236 133 1 723
256 133 5 723
285 133 7 723
379 133 3 723
384 133 17 723
428 133 19 723
429 133 35 723
448 133 9 723
530 133 15 723
532 133 37 723
538 133 31 723
548 133 33 723
630 133 21 723
648 133 41 723
715 133 47 723
750 133 27 723
801 133 39 723
835 133 43 723
836 133 53 723
872 133 45 723
904 133 49 723
906 133 1 986
961 133 3 986
2 196 21 592
26 196 31 592
33 196 37 592
41 196 25 592
54 196 43 592
78 172 43 508
81 172 49 508
82 172 57 508
140 172 25 1360
167 172 31 1360
198 172 37 1360
205 196 9 592
209 172 55 1360
236 172 43 1360
240 196 49 592
271 196 13 592
277 172 49 1360
283 172 49 119
289 172 27 119
294 196 55 592
344 172 33 119
364 172 55 119
377 172 39 119
394 172 43 119
395 196 13 1108
471 196 1 592
505 172 43 683
512 196 37 1108
523 196 19 1108
534 196 55 1108
548 172 49 683
550 172 25 683
560 196 25 1108
563 172 55 683
580 196 33 1108
639 196 45 1108
647 196 3 226
651 196 31 226
683 196 13 226
694 196 49 1108
695 196 1 1003
734 172 37 349
763 196 7 226
771 196 19 226
772 196 25 226
788 172 55 349
789 172 31 683
790 172 43 349
830 196 25 772
849 172 31 441
860 196 55 226
887 196 43 226
916 196 7 1003
954 196 43 621
988 172 25 349
40 354 29 1280
51 354 23 1280
58 354 19 94
96 354 5 1280
117 354 35 1280
120 354 17 1280
189 354 41 1280
212 354 7 94
254 354 11 1280
307 354 47 1280
315 354 53 1280
323 354 59 1280
331 354 5 1027
368 354 17 1027
373 354 11 1027
465 354 23 1027
471 354 29 1027
555 354 35 1027
573 354 47 1027
578 354 53 1027
682 354 11 190
731 354 59 1027
796 354 41 1027
851 354 59 1116
938 354 5 190
983 354 17 190
58 227 21 1185
79 227 31 1185
115 227 43 1185
184 227 37 1185
190 227 28 1185
223 227 13 1185
256 227 34 1185
280 227 40 1185
282 227 7 1185
288 227 46 1185
328 227 25 1185
337 227 16 1185
345 227 55 1185
347 227 49 1185
412 227 52 1185
427 227 7 115
457 227 1 115
465 227 58 1185
468 227 13 115
491 227 10 115
499 227 34 115
589 227 16 115
596 227 25 115
605 227 4 115
609 227 21 115
611 227 28 115
749 227 49 115
768 227 31 115
841 227 37 115
869 227 43 115
890 227 40 115
952 227 34 752
974 227 37 350
991 227 40 350
23 191 23 1039
34 191 17 1039
143 191 11 1039
182 191 5 1039
197 191 29 1039
216 191 35 1039
217 191 41 1039
223 191 53 1039
421 191 5 186
454 191 55 1039
496 191 47 1039
564 191 7 186
565 191 17 186
571 191 23 186
677 191 41 186
715 191 29 186
723 191 31 186
764 191 53 186
808 191 47 186
888 191 59 186
940 191 1 1089
976 191 5 1089
978 191 11 1089
987 191 3 1089
16 150 23 732
34 150 29 732
151 150 41 732
178 150 1 732
222 150 35 732
260 150 11 732
296 150 47 732
297 150 17 732
303 150 53 732
305 150 59 732
322 150 51 1019
332 150 47 1223
359 150 59 1223
416 150 7 1223
425 150 53 1223
431 150 5 1372
435 150 11 1372
498 150 23 1372
634 150 17 1372
648 150 25 1372
703 150 35 1372
706 150 41 1372
727 150 47 1372
788 150 53 1372
814 150 59 1372
815 150 41 733
829 150 53 733
847 150 47 733
884 150 59 733
1 148 25 580
9 148 31 580
22 148 37 580
27 148 22 580
37 148 34 580
64 148 40 580
82 148 43 580
89 148 28 580
90 148 46 580
125 148 19 580
139 148 49 580
146 148 55 580
152 148 10 580
171 148 52 580
215 148 4 580
248 148 58 580
266 148 55 649
302 148 34 18
311 148 1 580
411 148 49 649
476 148 52 649
477 148 7 580
561 148 1 415
578 148 58 649
591 148 52 18
610 148 7 415
650 148 4 415
677 148 55 1136
688 148 40 18
696 148 15 415
732 148 28 415
759 148 10 415
839 148 34 415
890 148 25 415
899 148 58 1136
973 148 58 18
2 102 25 596
65 102 31 596
71 102 37 596
74 102 19 596
84 309 49 1204
92 309 43 1204
100 309 55 1204
110 102 43 596
111 102 55 596
117 309 43 391
130 309 49 391
136 102 49 596
148 102 37 1143
164 102 9 596
200 102 25 1143
201 102 55 1143
206 102 13 596
267 102 13 1143
269 102 25 133
325 102 55 1380
333 102 1 596
356 309 55 391
379 309 49 808
441 102 49 1143
445 102 31 1143
474 309 7 391
483 309 1 391
525 102 7 1143
540 102 1 1143
549 309 13 391
550 102 13 133
551 309 19 391
555 309 25 391
575 309 31 391
591 309 1 808
612 309 13 808
629 309 37 391
636 309 1 1440
637 102 19 1143
639 309 7 808
656 102 1 133
662 309 31 808
709 309 43 808
763 102 13 447
833 102 7 133
895 309 25 808
923 102 19 133
925 102 31 133
928 309 7 1440
945 102 51 133
958 309 19 808
964 102 37 133
970 309 13 1440
971 102 1 447
11 105 31 320
18 76 37 508
26 320 40 149
33 76 31 425
36 105 28 320
46 320 43 149
47 320 46 149
67 76 34 425
91 320 49 149
96 76 40 425
105 320 52 149
106 320 55 149
109 320 13 1456
110 105 49 320
111 105 13 320
137 320 31 1456
147 76 28 508
149 320 58 149
149 105 19 320
161 76 37 425
168 76 43 425
174 105 25 320
183 76 49 425
196 105 37 320
208 105 40 320
209 105 22 320
235 76 25 425
241 105 4 320
241 76 46 425
246 76 55 425
249 320 58 608
259 105 43 320
266 105 34 320
286 320 16 1456
391 76 52 425
401 76 13 1476
405 320 19 1456
431 105 55 320
452 320 22 1456
477 320 52 1456
482 105 46 320
516 105 16 320
518 320 37 1456
520 105 58 320
527 320 43 1456
548 105 7 182
579 320 40 1456
601 76 28 425
607 76 19 1476
609 76 58 425
612 76 55 1465
626 105 1 182
676 320 13 296
680 76 58 1465
681 105 19 182
691 105 52 320
699 105 4 182
707 76 16 1476
709 105 13 182
726 76 22 1476
728 76 25 1476
741 105 10 182
743 320 4 296
747 320 34 1456
748 320 46 1456
754 105 55 182
756 320 16 296
770 105 16 182
770 76 28 1476
771 76 34 1476
805 76 7 88
806 105 22 182
823 105 25 182
827 105 31 182
832 320 55 1456
834 105 43 182
837 105 28 182
843 76 37 1476
859 105 7 1491
860 320 1 296
878 105 34 182
880 320 49 1456
891 320 10 296
892 76 31 1476
897 320 7 296
900 76 40 1476
907 320 58 1456
925 76 49 1476
938 105 58 182
951 320 25 296
967 320 19 296
988 76 1 88
40 232 43 752
56 232 37 752
78 232 55 752
80 232 25 916
101 232 49 752
158 232 37 916
183 232 19 916
198 232 49 916
324 232 43 916
326 232 31 916
329 232 55 916
342 232 55 931
371 232 43 1042
440 232 43 622
446 232 55 1042
467 232 37 1042
468 232 25 622
469 232 19 622
487 232 37 622
525 232 13 622
544 232 49 931
662 232 49 1042
677 232 33 622
678 232 19 792
684 232 7 792
689 232 19 923
695 232 31 792
703 232 13 792
733 232 49 622
770 232 37 792
771 232 55 622
901 232 25 792
933 232 49 792
934 232 9 923
947 232 49 861
955 232 1 792
988 232 31 923
74 263 55 136
75 263 55 772
163 263 43 568
193 263 49 568
229 263 52 568
242 263 46 568
289 263 49 772
299 263 46 772
325 263 7 14
326 263 43 772
353 263 46 805
358 263 52 772
359 263 49 805
399 263 43 805
401 263 4 14
436 263 58 772
522 263 10 14
524 263 52 805
543 263 13 14
600 263 28 14
601 263 19 14
671 263 55 805
690 263 37 14
995 263 16 14
32 352 16 1468
33 352 52 1466
143 352 19 1468
172 352 31 1468
270 352 13 1468
347 352 28 1468
387 352 25 1468
401 352 34 1468
411 352 43 1468
416 352 55 1468
426 352 52 1468
442 352 22 1468
507 352 7 50
523 352 46 1468
527 352 37 1468
599 352 40 1468
622 352 4 50
654 352 49 1468
671 352 1 50
711 352 13 50
716 352 10 50
727 352 22 50
734 352 19 50
764 352 58 1468
766 352 16 50
822 352 37 50
897 352 31 50
911 352 25 50
912 352 34 50
955 352 28 50
975 352 55 50
999 352 40 50
129 141 9 986
235 141 11 986
266 141 13 986
326 141 5 986
384 141 7 986
552 141 17 986
559 141 28 986
563 141 19 986
599 141 15 986
665 141 23 986
773 141 37 986
777 141 25 986
778 141 41 986
798 141 21 986
821 141 34 986
834 141 55 986
870 141 31 986
880 141 52 986
889 141 43 986
918 141 47 986
939 141 45 986
940 141 57 986
963 141 59 986
986 141 49 986
45 305 43 1252
98 305 55 1252
102 305 55 1445
167 305 25 1499
333 305 43 1143
360 305 55 1499
453 305 31 1499
470 305 7 159
516 305 45 1445
533 305 1 159
546 305 19 159
571 305 13 159
645 305 43 1499
691 305 31 159
851 305 25 159
875 305 19 392
945 305 25 392
960 305 37 1499
966 305 37 159
66 24 37 1179
84 24 13 1179
176 24 22 1179
198 24 25 1179
199 24 16 1179
203 24 31 1179
270 24 19 1179
286 24 46 1179
297 24 28 1179
328 24 55 1179
347 24 34 1179
376 24 40 1179
390 24 43 1179
466 24 52 1179
547 24 52 340
653 24 49 1179
713 24 40 340
774 24 43 340
781 24 58 1179
875 24 16 837
895 24 49 340
920 24 46 340
930 24 21 490
942 24 37 490
968 24 40 490
998 24 1 837
30 116 46 115
71 116 52 115
74 116 58 115
100 116 31 315
104 116 55 115
146 116 37 315
154 116 19 315
212 116 22 315
213 116 25 315
228 116 28 315
266 116 9 315
271 116 40 315
444 116 55 315
487 116 43 315
582 116 34 315
635 116 46 315
643 116 16 1000
745 116 49 315
788 116 1 1181
799 116 4 1181
814 116 13 1181
818 116 52 315
825 116 58 315
831 116 10 1181
854 116 16 1181
866 116 49 824
872 116 21 1181
926 116 52 824
953 116 25 1181
984 116 28 1181
988 116 7 1181
13 294 58 547
39 294 37 808
45 294 55 808
115 294 58 808
187 294 40 808
214 294 15 471
220 294 7 471
221 294 21 471
230 294 25 471
272 294 40 471
405 294 46 471
464 294 1 471
504 294 4 471
553 294 10 471
565 294 28 471
608 294 31 471
623 294 37 471
742 294 1 562
748 294 43 471
751 294 55 471
785 294 34 471
819 294 49 471
840 294 9 562
880 294 58 471
27 295 25 1416
32 295 19 1416
44 295 49 1416
63 295 31 1416
121 295 37 1416
139 295 43 1416
148 295 55 1416
160 295 31 1250
176 295 43 1250
177 295 37 1250
253 295 19 1250
303 295 49 1250
330 295 43 133
345 295 37 1377
369 295 13 1416
370 295 7 1416
397 295 49 330
407 295 13 1250
431 295 1 1416
484 295 19 1377
502 295 25 1250
513 295 55 1250
516 295 25 1377
545 295 19 283
546 295 31 1377
560 295 49 1290
562 295 55 133
571 295 1 283
572 295 51 1377
630 295 13 283
640 295 55 1290
646 295 7 283
647 295 25 283
651 295 43 1377
662 295 37 283
675 295 31 283
706 295 43 283
714 295 49 283
739 295 13 293
773 295 45 293
843 295 7 293
871 295 25 293
876 295 55 1377
895 295 31 293
901 295 57 283
912 295 1 293
18 238 51 723
94 238 55 723
118 238 59 723
141 238 57 723
202 238 23 191
278 238 1 191
290 238 13 4
407 238 11 191
409 238 17 191
427 238 41 191
461 238 35 191
471 238 47 191
480 238 53 191
519 238 25 191
530 238 59 191
538 238 13 1400
540 238 5 1479
589 238 35 1479
654 238 17 1479
687 238 23 1479
798 238 25 1479
802 238 11 1479
884 238 41 1479
906 238 47 1479
931 238 53 1479
966 238 59 1479
985 238 5 904
4 386 27 449
17 386 31 449
49 386 22 449
106 386 34 449
164 386 19 449
180 386 37 449
280 386 49 449
310 386 4 449
371 386 52 449
382 386 1 449
384 386 43 449
389 386 40 449
423 386 55 449
445 386 13 449
455 386 46 449
465 386 7 449
478 386 16 449
554 386 10 449
615 386 25 463
629 386 28 463
675 386 43 350
706 386 19 463
726 386 58 449
799 386 22 463
856 386 7 1149
949 386 46 253
977 386 37 463
995 386 46 350
24 182 29 19
26 182 17 19
45 182 23 19
71 182 35 19
127 182 41 19
136 182 7 19
166 182 47 19
186 182 5 19
247 182 53 19
267 182 59 19
273 182 35 678
352 182 17 678
364 182 23 678
397 182 7 678
404 182 41 678
438 182 1 678
450 182 29 678
456 182 53 678
507 182 59 678
539 182 47 678
613 182 53 637
635 182 35 637
646 182 41 637
652 182 59 637
663 182 5 499
708 182 47 637
710 182 11 499
758 182 29 499
782 182 17 499
864 182 23 499
882 182 47 499
903 182 35 499
924 182 59 499
957 182 41 499
973 182 53 499
45 254 11 907
166 254 7 907
192 254 5 907
211 254 19 907
214 254 21 907
230 254 23 907
291 254 1 907
312 254 13 907
319 254 25 907
320 254 17 907
461 254 3 907
464 254 9 907
471 254 15 907
496 254 29 907
503 254 27 907
554 254 31 907
610 254 35 907
616 254 33 907
638 254 41 907
639 254 49 907
644 254 43 907
682 254 37 907
725 254 47 907
738 254 39 907
752 254 53 907
819 254 59 907
835 254 45 907
899 254 55 907
98 256 49 323
99 256 39 323
126 256 55 323
133 256 43 323
177 256 49 463
181 256 43 463
239 256 43 50
327 256 49 50
376 256 1 700
394 256 31 463
407 256 55 463
419 256 25 700
491 256 43 297
492 256 19 700
493 256 55 297
568 256 45 371
652 256 13 700
714 256 31 700
721 256 15 1241
739 256 37 700
845 256 1 1241
921 256 43 700
955 256 7 700
976 256 55 371
8 158 55 1365
13 158 29 249
83 158 23 249
108 158 35 249
127 158 11 249
133 158 41 249
170 158 47 249
194 158 53 249
219 158 19 1185
224 158 59 249
258 158 41 81
364 158 47 81
369 158 53 81
417 158 59 81
445 158 5 817
463 158 59 767
508 158 31 817
547 158 7 817
563 158 23 190
646 158 35 190
654 158 29 190
685 158 47 190
698 158 41 190
699 158 59 190
703 158 11 710
755 158 5 710
862 158 17 710
871 158 53 190
893 158 31 710
899 158 23 710
903 158 41 710
939 158 53 710
944 158 29 710
12 393 49 599
29 393 55 490
35 393 49 371
48 393 37 467
153 393 19 467
205 393 25 467
220 393 31 467
276 393 49 467
319 393 55 467
337 393 7 467
393 393 7 574
441 393 55 574
479 393 15 467
485 393 13 574
497 393 1 467
502 393 19 574
570 393 31 574
586 393 37 574
589 393 43 467
591 393 25 574
646 393 13 684
670 393 37 684
685 393 25 684
702 393 49 574
713 393 1 574
808 393 43 574
829 393 3 684
916 393 1 721
919 393 7 684
978 393 19 684
76 171 52 350
135 171 55 350
225 171 58 350
226 171 16 432
230 171 28 432
263 171 13 432
306 171 9 432
307 171 25 432
313 171 19 432
343 171 1 432
350 171 37 432
454 171 4 432
457 171 31 432
553 171 22 432
560 171 22 752
651 171 52 432
702 171 40 432
710 171 49 432
712 171 55 432
718 171 31 752
802 171 43 432
806 171 1 971
812 171 7 971
833 171 34 432
885 171 13 971
908 171 46 432
933 171 19 971
937 171 28 752
967 171 4 971
985 171 10 971
15 349 58 676
140 349 43 287
191 349 34 139
195 349 49 287
229 349 55 287
362 349 16 1360
416 349 58 287
428 349 52 287
505 349 4 289
521 349 1 289
548 349 10 289
584 349 46 287
611 349 13 289
628 349 16 289
655 349 21 289
681 349 31 289
694 349 43 289
736 349 25 289
737 349 28 289
743 349 37 289
775 349 7 289
874 349 34 289
932 349 22 736
100 114 17 1383
107 114 29 1383
130 114 11 1383
137 114 5 1383
221 114 35 1383
261 114 23 1383
291 114 47 1383
328 114 41 1383
353 114 53 1383
452 114 59 1383
495 114 5 1118
512 114 11 1118
514 114 17 1118
573 114 23 1118
575 114 29 1118
643 114 35 1118
674 114 41 1118
689 114 47 1118
698 114 53 1118
712 114 59 1118
807 114 23 120
810 114 7 120
887 114 41 120
976 114 17 120
45 71 25 1089
49 71 43 1089
124 71 37 1089
125 71 13 1089
168 71 31 1089
208 71 43 1413
238 71 7 1089
337 71 49 1089
349 71 55 1089
431 71 7 1413
455 71 1 1413
557 71 19 1089
613 71 13 1413
624 71 55 1300
633 71 7 194
660 71 19 1413
807 71 31 1413
849 71 37 1413
874 71 43 177
883 71 51 1413
904 71 1 194
906 71 19 194
923 71 13 194
934 71 25 1413
972 71 25 194
973 71 31 194
996 71 57 1413
997 71 57 177
2 199 52 166
25 199 57 166
25 145 34 127
27 199 46 657
34 199 43 657
49 145 25 127
50 145 37 127
56 145 43 127
64 145 46 127
66 199 40 837
96 145 16 127
135 145 28 127
147 199 31 837
167 145 40 127
186 199 19 837
251 199 55 837
258 145 22 127
260 199 13 837
279 145 19 127
285 199 25 837
301 145 55 127
330 199 40 354
342 145 10 127
383 145 52 127
396 145 49 127
399 145 3 1075
409 199 4 837
434 145 19 1075
450 145 10 1075
464 199 28 837
470 145 13 1075
500 145 58 127
521 199 7 837
521 145 58 432
574 199 22 837
579 145 16 1075
585 199 37 837
586 199 10 837
590 145 7 1075
591 199 46 837
599 145 28 1075
606 199 7 1317
616 199 43 837
644 199 49 837
687 199 4 354
715 145 22 1075
764 199 1 354
813 145 43 1075
828 199 10 1317
847 145 25 1075
851 145 37 1075
899 199 13 354
907 199 34 837
941 199 52 837
956 199 7 354
981 145 34 1075
1 246 23 1038
16 246 29 1038
52 246 5 1038
54 246 17 1038
70 246 35 1038
129 246 41 1038
142 246 47 1038
171 246 11 1038
255 246 53 1038
326 246 59 1038
332 246 17 181
404 246 23 181
408 246 35 181
415 246 29 181
462 246 53 181
473 246 41 181
516 246 59 181
619 246 5 6
652 246 11 6
668 246 47 181
742 246 17 6
781 246 23 6
798 246 35 6
804 246 29 6
812 246 41 6
979 246 47 6
998 246 53 6
26 46 55 340
30 46 37 621
124 46 49 621
232 46 37 1213
247 46 55 621
269 46 37 88
298 46 13 1213
310 46 43 1213
326 46 7 1213
352 46 43 88
353 46 31 1213
400 46 25 1213
414 46 19 1213
466 46 19 88
514 46 55 1213
559 46 3 1213
638 46 31 88
642 46 49 1213
646 46 19 617
651 46 37 194
677 46 1 617
737 46 31 617
738 46 13 88
749 46 7 617
779 46 25 88
876 46 37 617
883 46 43 159
943 46 13 617
957 46 55 88
978 46 31 721
138 233 25 449
163 233 49 23
206 233 59 6
246 233 13 908
310 233 11 528
320 233 25 908
380 233 5 528
404 233 47 528
443 233 23 528
448 233 17 528
483 233 29 528
523 233 53 528
570 233 5 554
658 233 41 528
723 233 35 528
724 233 59 528
854 233 11 554
867 233 17 554
891 233 23 554
907 233 29 554
917 233 47 554
927 233 35 554
931 233 41 554
996 233 53 554
1 351 31 842
12 351 37 842
15 351 43 842
56 351 49 842
59 351 55 842
222 351 43 918
240 351 55 918
280 351 31 1003
353 351 7 842
356 351 43 1003
422 351 13 842
451 351 37 918
548 351 13 1003
635 351 19 842
684 351 25 842
726 351 25 1003
729 351 37 1003
760 351 31 14
792 351 19 1003
869 351 55 1003
871 351 43 14
929 351 49 918
2 399 31 1298
58 399 37 1298
80 399 55 1298
106 399 21 1298
158 399 55 296
163 399 27 1298
171 399 31 296
206 399 37 296
215 399 7 478
256 399 49 1298
301 399 31 478
307 399 49 1499
312 399 43 1298
359 399 1 478
389 399 43 296
456 399 25 478
510 399 15 478
587 399 19 478
595 399 37 478
620 399 1 566
626 399 7 566
647 399 13 566
672 399 49 296
684 399 19 566
707 399 31 566
714 399 43 478
786 399 7 1172
886 399 37 566
924 399 49 478
980 399 25 566
14 272 28 677
19 272 37 677
81 272 34 372
162 272 25 677
247 272 10 769
264 272 40 677
291 272 55 677
292 272 40 1075
302 272 31 1075
307 272 58 677
332 272 34 1181
355 272 55 1075
373 272 22 769
388 272 49 677
399 272 46 1075
460 272 58 1075
474 272 40 1181
500 272 52 677
561 272 31 1181
581 272 37 1181
603 272 55 1181
626 272 13 108
664 272 58 1181
863 272 43 1181
957 272 46 1181
995 272 19 108
34 79 25 971
46 336 31 496
52 336 37 496
87 79 31 971
99 336 49 496
100 79 37 971
114 79 43 971
116 336 43 496
118 79 49 971
152 336 25 496
165 79 49 1003
219 79 25 192
223 336 19 496
231 336 31 1065
270 79 49 159
289 336 55 496
298 336 19 562
316 79 55 971
351 336 25 1065
376 79 7 192
378 336 13 1065
379 336 55 1065
395 336 51 1065
418 79 55 159
434 336 49 1075
455 336 25 562
460 336 7 702
464 79 13 192
465 336 1 702
480 79 1 192
483 79 55 192
486 336 13 562
491 79 19 192
491 336 37 562
503 336 31 562
505 79 21 354
512 79 49 192
522 336 19 702
563 336 43 1065
579 336 49 562
581 336 43 562
677 79 37 192
692 336 13 702
702 79 31 192
724 336 7 1374
734 79 43 192
765 336 25 702
777 79 27 354
782 79 37 362
784 336 31 702
796 79 1 730
801 79 43 354
801 336 25 736
815 336 49 702
821 79 49 354
857 79 33 354
864 336 31 736
877 79 13 730
878 336 37 702
893 336 13 1374
924 79 7 730
937 336 37 736
959 336 33 1351
982 79 25 730
986 79 43 362
992 79 37 730
21 365 49 182
36 365 31 160
75 365 37 182
77 365 37 160
79 365 43 160
228 365 49 160
241 365 55 160
285 365 37 539
324 365 13 160
331 365 49 539
334 365 13 539
380 365 25 160
382 365 25 539
486 365 7 160
577 365 7 539
660 365 1 539
671 365 19 160
784 365 25 1115
794 365 31 539
836 365 1 1115
861 365 45 539
926 365 55 539
941 365 31 684
962 365 45 684
32 65 23 1188
43 65 29 1188
99 65 35 1188
136 65 11 1188
142 65 5 1188
152 65 41 1188
165 42 23 1025
181 65 13 1188
257 65 47 1188
271 42 17 1025
276 65 53 1188
292 42 5 1025
297 42 41 1025
298 65 23 1195
299 65 59 1188
313 65 47 1195
357 65 35 1195
358 42 35 1025
400 42 29 1025
407 65 41 1195
446 65 59 1195
449 42 53 1025
458 42 59 1025
480 65 59 228
488 42 7 1025
512 42 53 164
518 65 25 888
533 65 53 1195
535 42 47 1025
572 42 11 695
574 42 5 695
576 42 17 695
599 65 53 228
653 42 23 695
673 42 29 695
679 65 47 228
681 65 53 888
682 42 47 695
692 65 59 888
735 42 35 695
745 65 23 1089
748 65 17 1089
753 42 41 695
829 42 59 695
853 65 35 1089
870 65 41 1089
889 42 11 807
907 42 53 695
946 42 5 807
951 65 47 1089
953 65 29 1089
969 42 23 807
982 42 17 807
39 193 23 557
75 193 17 557
89 193 35 557
121 193 1 557
141 193 29 557
187 193 47 557
219 193 41 557
323 193 11 557
356 193 53 557
430 193 59 557
446 193 5 853
477 193 11 853
484 193 17 853
493 193 23 853
513 193 35 853
519 193 29 853
525 193 41 853
566 193 53 853
568 193 59 853
648 193 47 853
680 193 23 220
705 193 29 220
717 193 13 220
729 193 35 220
755 193 41 220
770 193 47 220
830 193 5 381
883 193 11 381
890 193 53 220
904 193 59 220
909 193 17 381
972 193 23 381
41 61 31 1484
65 61 37 1484
72 61 49 1484
138 61 43 1484
171 61 55 1484
194 61 25 1484
289 61 19 1491
290 61 7 1484
304 61 49 1491
322 61 3 1491
457 61 43 1491
473 61 13 1491
509 61 7 62
631 61 1 62
703 61 25 1491
938 61 31 1491
972 61 19 62
112 201 55 1466
126 201 17 594
202 201 35 594
214 201 11 594
272 201 23 594
372 201 29 594
375 201 13 146
412 201 1 594
445 201 41 594
488 201 53 594
493 201 59 594
539 201 17 1180
558 201 7 1180
594 201 5 1180
595 201 47 594
607 201 23 1180
616 201 29 1180
682 201 53 1180
770 201 35 1180
774 201 47 1180
777 201 41 1180
844 201 29 1398
853 201 59 1180
858 201 40 1398
972 201 49 1398
986 201 47 1398
34 243 31 426
151 243 21 426
171 243 15 426
225 243 39 426
262 243 25 426
263 243 43 426
270 243 4 426
300 243 34 426
329 243 1 1149
357 243 49 426
382 243 52 426
428 243 28 426
525 243 19 1149
544 243 46 426
571 243 7 426
577 243 16 1149
603 243 13 1149
616 243 4 1149
679 243 58 426
824 243 55 426
878 243 22 1149
879 243 10 1149
888 243 28 1149
894 243 25 1149
946 243 19 868
959 243 37 1149
981 243 40 1149
106 147 5 648
113 147 29 648
192 147 23 648
243 147 41 648
306 147 47 648
386 147 35 648
430 147 11 648
443 147 53 648
468 147 17 648
488 147 59 648
521 147 41 1493
562 147 1 751
583 147 49 1493
605 147 47 1493
609 147 5 486
619 147 59 1493
631 147 11 486
674 147 23 486
685 147 17 486
752 147 29 486
756 147 41 486
779 147 35 486
813 147 53 486
835 147 47 486
909 147 59 486
978 147 23 651
69 210 23 782
83 210 35 782
121 210 17 782
127 210 29 782
165 210 47 782
180 210 41 782
204 210 5 782
247 210 5 596
258 210 11 782
313 210 53 782
317 210 59 782
339 210 23 596
342 210 29 596
372 210 35 596
408 210 7 596
423 210 41 596
452 210 17 596
481 210 47 596
519 210 59 596
521 210 53 596
541 210 53 686
573 210 59 686
586 210 17 904
598 210 11 904
706 210 23 904
833 210 29 904
846 210 43 904
872 210 35 904
878 210 41 904
945 210 59 904
965 210 53 904
992 210 11 1329
13 75 31 1440
57 75 43 1440
86 75 39 1440
152 75 55 1440
153 75 49 1440
170 75 31 33
187 75 49 33
190 75 37 33
197 75 55 33
275 75 27 1440
293 75 13 407
326 75 49 88
337 75 43 33
342 75 19 1440
427 75 37 407
428 75 21 407
452 75 7 407
457 75 49 407
508 75 55 407
549 75 25 407
555 75 1 407
564 75 43 407
663 75 1 422
760 75 25 422
838 75 7 422
871 75 37 422
874 75 19 422
916 75 25 662
973 75 13 422
7 302 35 381
12 302 41 381
14 302 47 381
46 302 53 381
54 302 25 381
95 302 55 381
204 302 23 466
219 302 5 466
252 302 17 466
262 302 41 466
274 302 47 466
321 302 11 466
360 302 29 466
385 302 53 466
449 302 59 466
459 302 35 466
474 302 5 496
482 302 11 496
500 302 17 496
510 302 23 496
542 302 29 496
543 302 41 496
671 302 35 496
697 302 53 496
734 302 47 496
746 302 17 83
769 302 59 496
782 302 11 83
783 302 5 83
794 302 41 83
885 302 31 83
911 302 23 83
996 302 23 963
24 63 37 226
32 63 49 226
35 63 37 774
121 63 31 407
160 63 43 774
187 63 55 774
217 63 25 774
218 63 31 774
220 63 21 774
232 63 49 774
233 63 19 852
279 63 43 852
295 63 7 774
298 63 37 852
350 63 13 774
353 63 37 1059
418 63 31 852
482 63 25 852
511 63 49 852
523 63 13 852
557 63 13 1059
657 63 1 774
731 63 1 852
766 63 7 852
767 63 1 1059
777 63 31 1059
795 63 19 1059
815 63 13 1081
841 63 13 1318
857 63 57 852
866 63 55 1059
873 63 7 1059
910 63 49 1059
974 63 25 1059
989 63 31 1081
11 260 37 91
13 260 40 91
17 188 28 1074
28 311 37 392
29 311 40 392
35 188 43 1074
43 311 16 392
51 188 33 1074
64 260 31 91
69 260 43 91
74 311 49 441
82 188 37 1074
84 188 40 1074
104 188 49 1074
106 260 46 91
123 260 55 91
131 188 46 1074
132 311 25 441
135 188 16 971
154 311 22 441
167 260 49 91
170 260 52 91
173 260 22 91
188 260 19 91
201 188 19 1074
203 311 43 392
203 188 9 1074
214 188 52 1074
225 188 13 1074
229 188 58 1074
233 188 16 1074
238 188 22 971
238 311 55 392
240 188 31 111
266 188 19 111
291 260 58 91
312 311 58 392
317 188 13 111
339 311 13 392
355 260 25 108
364 311 4 441
366 260 40 108
384 188 55 1074
406 260 37 108
424 188 25 1074
425 260 1 108
436 188 1 111
462 311 10 441
463 260 10 108
484 311 46 392
487 260 31 108
527 311 52 441
534 188 4 111
535 260 22 108
540 188 22 1074
545 311 7 441
552 260 43 108
572 188 7 111
577 188 25 111
581 260 4 108
614 311 13 441
626 311 19 441
639 311 16 441
657 311 37 441
665 260 34 108
700 311 13 523
729 311 1 523
741 188 28 111
748 260 7 108
749 188 22 111
757 311 46 441
788 260 16 108
797 188 16 111
798 311 4 523
799 188 34 111
799 311 28 441
804 260 49 108
810 260 55 108
816 260 46 108
828 188 40 111
854 188 37 111
862 260 28 108
863 260 22 296
874 260 58 108
878 311 43 441
885 188 19 245
890 311 28 523
911 311 58 441
917 188 10 111
933 188 13 245
935 311 16 523
937 188 49 111
942 311 40 441
947 188 7 245
950 188 52 111
960 311 7 523
972 260 52 108
973 188 43 111
974 188 1 245
984 311 19 523
987 260 7 610
988 260 10 610
4 280 52 945
8 324 29 453
20 280 59 945
48 280 59 1398
98 324 5 453
120 324 23 453
168 280 49 21
186 324 41 453
199 280 23 214
201 280 5 214
228 280 17 214
240 324 11 453
246 324 17 453
250 324 47 453
260 280 29 214
263 324 53 453
289 280 41 214
294 280 1 1202
306 324 59 453
343 324 5 203
375 324 35 453
389 280 11 214
401 280 59 214
405 280 53 214
408 280 47 214
418 280 35 214
438 280 11 216
505 280 17 216
508 280 19 1165
513 324 11 203
526 280 5 216
557 280 23 216
579 280 29 216
594 324 19 203
614 324 35 203
637 280 35 216
639 280 53 216
673 324 25 203
697 324 13 203
704 324 41 203
747 280 41 216
769 324 47 203
818 280 47 216
831 324 53 203
838 324 59 203
839 280 59 216
874 324 1 418
901 324 23 418
934 324 29 418
946 280 13 472
954 280 11 491
965 324 11 418
969 280 29 491
982 324 35 418
987 280 17 491
996 324 17 418
999 324 47 418
Điểm tối ưu: 11921
Thời gian: 2.446065 giây
Trạng thái: GREEDY_DONE
