9457
5 197 1 536
5 106 7 839
15 179 1 605
21 197 7 536
22 199 1 970
24 197 13 536
24 251 1 390
25 196 1 1044
25 82 7 1114
26 197 19 536
29 196 7 1044
30 179 7 605
30 251 13 390
31 82 1 1114
32 310 1 725
33 197 25 536
40 310 7 725
48 302 1 249
48 251 7 390
49 82 13 1114
52 179 13 605
68 302 7 249
68 251 19 390
68 157 1 432
72 196 13 1044
77 302 13 249
93 157 7 432
95 179 19 605
96 199 7 970
97 302 19 249
98 310 13 725
103 251 25 390
105 251 31 390
108 251 37 390
109 199 13 970
116 106 1 839
118 82 19 1114
122 199 19 970
124 310 19 725
125 197 31 536
129 82 25 1114
130 157 13 432
131 199 25 970
133 251 43 390
136 82 31 1114
137 199 31 970
142 106 13 839
147 82 37 1114
155 179 25 605
158 310 25 725
165 82 43 1114
166 106 19 839
174 302 25 249
175 157 19 432
178 196 19 1044
179 197 37 536
181 199 37 970
184 157 25 432
189 310 31 725
194 310 37 725
202 302 31 249
204 82 49 1114
204 251 55 390
204 157 31 432
205 310 43 725
206 199 43 970
207 251 49 390
208 199 49 970
210 106 25 839
210 310 49 725
212 179 31 605
215 197 43 536
216 196 25 1044
216 82 55 1114
216 157 37 432
222 106 31 839
222 251 1 289
224 106 37 839
224 82 1 196
226 106 43 839
228 251 7 289
231 82 7 196
231 251 13 289
233 199 55 970
238 302 37 249
240 157 43 432
241 199 1 579
248 199 7 579
251 199 13 579
254 199 19 579
257 106 49 839
258 310 55 725
258 157 49 432
259 106 55 839
261 302 43 249
263 82 13 196
264 199 25 579
264 302 49 249
265 196 31 1044
273 106 1 481
276 157 55 432
284 106 7 481
288 196 37 1044
290 197 49 536
294 157 1 480
299 196 43 1044
301 302 55 249
301 157 7 480
303 197 55 536
303 157 13 480
304 197 1 377
304 251 19 289
304 179 37 605
305 106 13 481
307 302 1 584
308 196 49 1044
308 106 19 481
319 106 25 481
323 106 31 481
324 197 7 377
326 197 13 377
327 82 19 196
333 106 37 481
333 310 1 563
336 196 55 1044
337 196 1 191
342 82 25 196
343 197 19 377
346 196 7 191
353 82 31 196
358 197 25 377
359 82 37 196
360 310 7 563
362 157 19 480
364 157 25 480
365 199 31 579
368 199 37 579
368 106 43 481
374 302 7 584
377 106 49 481
383 302 13 584
388 199 43 579
390 82 43 196
391 106 55 481
392 196 13 191
407 310 13 563
413 179 43 605
422 179 49 605
424 157 31 480
428 196 19 191
433 196 25 191
435 199 49 579
437 310 19 563
438 302 19 584
441 251 25 289
444 196 31 191
444 251 37 289
446 196 37 191
451 310 25 563
454 302 25 584
454 157 37 480
456 251 31 289
458 310 31 563
460 197 31 377
460 302 37 584
462 196 43 191
462 302 31 584
463 310 37 563
466 82 49 196
466 251 43 289
475 196 49 191
477 310 43 563
478 196 55 191
478 302 43 584
480 199 55 579
483 179 55 605
492 157 43 480
494 179 1 615
495 179 7 615
504 310 49 563
508 197 37 377
515 251 49 289
521 197 43 377
521 157 49 480
528 251 55 289
540 157 55 480
545 197 49 377
558 197 55 377
562 302 49 584
564 310 55 563
573 179 13 615
578 302 55 584
584 179 19 615
589 82 55 196
609 179 25 615
641 179 31 615
727 179 37 615
774 179 43 615
800 179 49 615
3 131 1 506
3 204 4 347
4 204 1 347
4 147 4 8
5 2 13 1181
5 204 16 347
7 204 7 347
10 167 1 892
11 147 1 8
12 167 4 892
13 131 4 506
14 132 1 190
27 141 1 146
28 132 4 190
34 167 7 892
35 167 10 892
39 123 1 268
41 123 4 268
42 132 7 190
45 132 10 190
46 131 7 506
49 132 19 190
50 132 13 190
51 117 1 948
55 132 16 190
56 204 10 347
57 131 10 506
59 204 13 347
80 132 22 190
82 141 4 146
83 123 7 268
85 131 13 506
92 204 19 347
95 131 16 506
96 141 13 146
100 167 13 892
107 204 22 347
107 147 7 8
109 132 25 190
114 117 4 948
117 141 7 146
118 2 1 1181
118 204 25 347
119 131 19 506
119 167 16 892
121 132 28 190
122 131 25 506
124 132 31 190
126 141 10 146
129 147 10 8
132 204 28 347
135 131 22 506
137 117 7 948
138 131 28 506
138 147 13 8
139 132 34 190
140 117 10 948
148 132 37 190
149 132 40 190
150 204 31 347
155 117 13 948
159 131 31 506
159 117 16 948
159 123 10 268
163 167 19 892
171 2 4 1181
173 117 19 948
173 123 13 268
175 147 16 8
177 2 7 1181
180 132 43 190
182 141 16 146
184 132 46 190
184 147 19 8
187 2 10 1181
191 123 16 268
191 147 22 8
192 147 25 8
202 123 19 268
206 123 22 268
207 117 22 948
209 141 19 146
211 131 34 506
211 132 49 190
215 2 16 1181
220 117 25 948
221 131 37 506
225 131 40 506
226 132 52 190
230 131 43 506
234 117 28 948
238 131 46 506
239 123 25 268
241 167 22 892
243 141 22 146
243 204 34 347
244 117 31 948
246 167 25 892
251 204 37 347
253 131 49 506
256 167 28 892
257 141 25 146
258 204 40 347
258 141 28 146
259 132 1 751
262 2 19 1181
262 123 28 268
262 147 31 8
265 204 43 347
271 167 31 892
276 123 31 268
281 204 46 347
283 131 52 506
286 131 55 506
287 167 34 892
290 132 55 190
299 141 31 146
300 117 34 948
306 141 34 146
314 117 37 948
315 132 58 190
316 2 22 1181
324 132 4 751
334 132 7 751
335 117 40 948
336 2 25 1181
336 123 34 268
338 131 58 506
346 147 28 8
350 123 37 268
351 132 10 751
352 141 37 146
355 204 49 347
357 117 43 948
358 147 34 8
366 131 1 257
368 131 4 257
368 147 49 8
374 147 37 8
376 141 40 146
390 2 28 1181
396 204 52 347
396 123 40 268
404 117 46 948
412 2 31 1181
416 167 37 892
416 204 55 347
421 141 43 146
423 132 13 751
429 204 58 347
430 131 7 257
438 123 43 268
439 132 16 751
449 141 46 146
453 2 34 1181
455 167 40 892
457 167 43 892
462 167 49 892
469 2 37 1181
469 204 1 1132
471 117 49 948
475 117 55 948
478 131 10 257
480 123 46 268
482 2 40 1181
486 141 49 146
505 132 19 751
507 167 46 892
508 131 13 257
510 2 43 1181
512 131 16 257
517 141 52 146
517 123 49 268
520 2 46 1181
522 117 52 948
534 123 52 268
535 117 58 948
537 2 49 1181
541 131 19 257
547 131 22 257
548 132 22 751
553 131 25 257
553 132 28 751
558 204 4 1132
559 2 52 1181
561 141 55 146
565 123 55 268
569 132 25 751
570 141 58 146
570 123 1 790
581 141 1 546
582 141 4 546
590 123 58 268
594 147 40 8
602 141 7 546
604 204 7 1132
609 204 10 1132
610 132 31 751
613 141 10 546
619 204 13 1132
622 147 43 8
623 132 34 751
623 147 46 8
628 131 28 257
635 147 52 8
639 141 13 546
644 2 55 1181
644 131 31 257
647 2 58 1181
648 147 55 8
651 132 37 751
653 131 34 257
656 123 4 790
657 2 1 1178
659 204 16 1132
659 123 7 790
660 132 40 751
665 123 10 790
667 204 19 1132
672 141 16 546
675 147 58 8
677 131 37 257
679 204 22 1132
683 204 25 1132
693 204 28 1132
695 131 40 257
695 132 43 751
700 132 46 751
700 204 31 1132
701 167 52 892
701 123 13 790
708 123 16 790
710 123 19 790
711 204 34 1132
712 132 49 751
713 131 43 257
714 123 22 790
716 132 52 751
721 131 46 257
724 132 55 751
725 167 55 892
727 204 43 1132
733 131 49 257
735 2 4 1178
737 123 25 790
743 132 58 751
745 2 7 1178
749 131 52 257
752 204 37 1132
763 141 19 546
763 147 1 1115
768 204 40 1132
771 141 22 546
773 141 25 546
792 123 28 790
5 134 5 336
7 213 1 623
8 283 1 40
11 213 4 623
13 280 1 262
15 283 5 40
16 272 1 228
17 134 1 336
18 208 1 270
19 272 3 228
35 314 1 647
36 213 7 623
40 134 3 336
41 283 7 40
46 19 1 945
51 208 4 270
51 283 9 40
52 257 1 81
53 272 5 228
55 314 3 647
56 213 13 623
58 185 1 629
62 208 7 270
63 19 3 945
64 257 3 81
66 280 3 262
67 257 5 81
72 134 7 336
72 19 5 945
74 185 3 629
74 283 11 40
79 272 7 228
82 257 7 81
83 272 10 228
85 283 3 40
88 280 5 262
88 185 7 629
92 185 5 629
98 213 9 623
102 314 5 647
104 134 9 336
105 280 7 262
109 283 17 40
110 257 9 81
111 213 11 623
111 283 13 40
113 272 13 228
115 19 7 945
123 208 9 270
125 213 15 623
129 134 13 336
131 19 9 945
132 19 11 945
132 280 9 262
133 314 7 647
134 283 15 40
137 257 11 81
138 213 17 623
141 19 13 945
144 272 15 228
145 257 13 81
148 257 15 81
149 213 19 623
151 314 9 647
152 19 15 945
153 314 11 647
159 272 19 228
160 314 13 647
169 134 11 336
173 19 17 945
173 314 22 647
182 280 11 262
182 314 19 647
183 134 15 336
188 134 17 336
194 272 17 228
196 272 21 228
198 272 23 228
203 213 21 623
207 280 13 262
208 257 17 81
217 185 9 629
219 272 25 228
220 213 23 623
221 134 19 336
223 257 19 81
226 257 21 81
226 213 25 623
233 272 27 228
237 272 29 228
241 134 25 336
247 257 23 81
247 272 31 228
251 283 19 40
252 213 27 623
256 134 21 336
259 208 11 270
262 283 22 40
264 134 23 336
265 314 15 647
267 213 29 623
269 208 13 270
271 314 17 647
273 185 11 629
280 257 25 81
280 134 27 336
282 280 15 262
283 314 25 647
286 272 33 228
287 213 31 623
288 272 35 228
292 283 25 40
295 272 37 228
295 208 15 270
298 314 27 647
301 208 17 270
303 134 29 336
304 283 27 40
311 213 33 623
317 19 19 945
319 272 39 228
321 283 29 40
327 257 27 81
327 208 23 270
331 257 29 81
331 213 35 623
336 272 41 228
339 272 43 228
340 283 31 40
344 280 17 262
345 185 13 629
347 19 21 945
353 19 23 945
355 283 33 40
357 272 46 228
359 272 49 228
360 280 19 262
361 314 29 647
363 134 31 336
363 208 19 270
365 257 35 81
365 134 37 336
367 185 15 629
369 272 51 228
372 19 25 945
375 257 31 81
391 185 17 629
401 257 33 81
403 272 53 228
408 19 27 945
410 213 37 623
412 314 34 647
417 185 19 629
419 314 31 647
428 185 23 629
445 283 35 40
445 185 21 629
449 208 21 270
449 213 39 623
457 185 25 629
465 213 41 623
469 283 40 40
470 314 37 647
472 19 29 945
472 314 39 647
476 213 43 623
478 134 33 336
479 257 37 81
482 208 25 270
482 283 37 40
484 280 21 262
488 257 39 81
492 314 41 647
493 272 55 228
499 185 27 629
500 134 35 336
500 213 45 623
506 208 27 270
507 134 39 336
508 280 23 262
513 257 41 81
513 185 29 629
514 283 43 40
515 272 57 228
520 19 31 945
521 208 29 270
521 280 25 262
522 280 27 262
525 272 59 228
533 208 31 270
533 185 33 629
534 208 33 270
538 185 31 629
545 283 45 40
550 314 43 647
553 314 45 647
554 314 47 647
555 185 35 629
556 208 35 270
560 208 37 270
561 272 1 1194
561 280 29 262
566 134 41 336
568 208 39 270
573 280 31 262
579 283 47 40
580 213 47 623
580 185 37 629
583 257 43 81
583 213 49 623
584 314 49 647
588 257 45 81
588 283 49 40
594 19 33 945
594 213 51 623
594 185 43 629
600 272 3 1194
601 280 33 262
603 134 43 336
606 272 5 1194
607 213 53 623
611 134 45 336
614 213 55 623
616 213 57 623
621 208 41 270
621 272 7 1194
629 208 43 270
630 134 47 336
635 280 35 262
638 208 45 270
639 314 51 647
648 19 35 945
652 272 9 1194
661 185 39 629
666 280 37 262
667 280 39 262
670 280 41 262
671 208 47 270
672 272 11 1194
677 208 49 270
678 257 47 81
681 257 49 81
685 272 13 1194
685 314 53 647
686 213 59 623
687 134 49 336
694 213 1 85
696 257 51 81
699 280 43 262
700 134 51 336
706 208 51 270
708 283 51 40
718 213 3 85
719 280 45 262
726 314 55 647
727 257 53 81
731 208 53 270
731 280 47 262
732 257 55 81
735 19 37 945
737 257 57 81
743 257 1 718
751 283 53 40
756 283 55 40
757 185 41 629
759 314 57 647
760 134 53 336
760 208 55 270
761 19 39 945
766 283 57 40
771 134 55 336
771 283 59 40
772 134 57 336
773 280 49 262
776 283 1 888
777 280 51 262
777 283 3 888
778 314 59 647
779 134 59 336
779 280 53 262
780 208 57 270
785 314 1 1177
788 257 59 81
788 19 41 945
790 257 3 718
790 283 5 888
793 257 5 718
794 272 15 1194
794 314 3 1177
798 213 5 85
3 43 7 170
13 254 7 439
14 45 7 1099
36 254 1 439
39 43 13 170
47 254 13 439
51 254 19 439
55 43 19 170
117 43 1 170
136 43 25 170
145 43 31 170
164 45 1 1099
167 43 37 170
168 45 13 1099
191 45 25 1099
194 45 19 1099
219 43 43 170
226 43 55 170
237 43 49 170
243 43 1 852
244 254 25 439
255 43 7 852
256 45 31 1099
272 43 13 852
279 254 31 439
289 45 37 1099
290 43 19 852
306 254 37 439
309 45 43 1099
315 43 25 852
334 45 49 1099
344 45 55 1099
355 43 37 852
357 45 1 274
361 45 7 274
369 254 43 439
372 43 31 852
376 254 49 439
401 43 43 852
405 45 13 274
417 43 49 852
426 43 55 852
426 254 1 636
433 45 19 274
439 43 1 103
440 43 7 103
447 43 13 103
448 254 55 439
476 43 19 103
495 45 25 274
496 43 25 103
511 254 7 636
523 43 31 103
527 254 13 636
530 43 37 103
534 43 43 103
615 254 19 636
636 45 31 274
639 254 25 636
644 43 49 103
659 254 31 636
660 45 43 274
661 254 43 636
666 43 55 103
675 254 37 636
689 254 49 636
695 254 55 636
728 45 37 274
739 254 1 827
745 45 49 274
755 254 7 827
769 45 55 274
783 254 13 827
5 282 19 86
8 116 3 520
12 230 1 362
16 228 3 34
16 116 7 520
17 282 3 86
18 228 7 34
18 116 10 520
26 250 1 859
29 282 13 86
31 282 7 86
36 116 13 520
41 230 9 362
44 250 4 859
44 220 1 681
48 116 16 520
54 282 10 86
57 250 7 859
57 282 16 86
64 116 19 520
65 250 10 859
66 282 22 86
67 116 22 520
71 282 25 86
81 250 13 859
82 220 9 681
95 250 25 859
99 250 16 859
104 250 19 859
106 228 10 34
111 228 15 34
112 220 4 681
128 228 19 34
132 250 22 859
144 228 22 34
163 282 28 86
163 220 13 681
165 282 31 86
168 250 28 859
171 228 25 34
192 220 16 681
193 116 25 520
194 282 34 86
199 220 19 681
203 228 28 34
214 228 31 34
215 230 4 362
219 230 13 362
223 282 37 86
236 230 16 362
252 282 40 86
255 228 34 34
267 230 19 362
275 230 22 362
276 282 43 86
278 282 46 86
281 220 22 681
286 230 25 362
290 282 58 86
291 228 37 34
295 116 28 520
300 250 31 859
309 250 34 859
310 250 37 859
310 116 31 520
315 282 49 86
322 220 25 681
326 116 34 520
329 220 28 681
346 282 52 86
348 282 55 86
358 116 37 520
379 228 40 34
380 282 1 1107
383 230 28 362
385 250 40 859
386 230 31 362
391 220 31 681
392 282 4 1107
393 230 34 362
393 250 43 859
396 250 46 859
398 228 43 34
401 282 7 1107
402 282 10 1107
403 228 46 34
406 228 49 34
407 220 34 681
413 116 40 520
416 230 40 362
418 230 37 362
420 250 49 859
430 282 13 1107
431 220 37 681
432 220 40 681
433 250 52 859
443 250 55 859
449 228 52 34
452 250 58 859
461 282 16 1107
462 230 52 362
462 282 19 1107
477 250 1 577
504 228 55 34
506 230 43 362
508 228 58 34
517 116 43 520
524 228 1 1154
528 116 46 520
529 250 4 577
531 228 4 1154
533 250 7 577
535 228 7 1154
547 220 43 681
551 116 49 520
552 282 22 1107
557 228 10 1154
560 228 13 1154
563 230 46 362
572 116 52 520
579 228 16 1154
581 282 25 1107
584 116 55 520
597 230 49 362
599 282 28 1107
614 228 19 1154
619 228 22 1154
619 116 58 520
621 282 31 1107
628 116 1 229
630 116 4 229
643 228 25 1154
647 228 28 1154
648 220 46 681
650 250 10 577
655 282 34 1107
660 230 55 362
662 282 37 1107
669 250 13 577
676 116 7 229
678 250 16 577
682 220 49 681
686 230 1 527
690 228 31 1154
693 230 58 362
697 228 34 1154
701 228 37 1154
701 230 4 527
706 228 40 1154
708 220 55 681
716 282 40 1107
724 220 52 681
729 250 19 577
730 282 43 1107
731 250 22 577
731 220 58 681
733 220 1 999
734 228 43 1154
747 250 25 577
749 228 46 1154
749 282 49 1107
754 228 49 1154
760 116 10 229
764 230 7 527
776 250 28 577
786 228 52 1154
788 220 4 999
789 228 55 1154
792 228 58 1154
793 282 46 1107
795 116 13 229
796 230 10 527
20 130 1 977
29 22 1 650
49 22 3 650
79 22 5 650
81 22 7 650
95 130 3 977
102 22 9 650
103 22 11 650
122 130 5 977
171 130 7 977
181 22 13 650
184 130 9 977
197 130 11 977
198 22 15 650
204 22 17 650
227 22 19 650
229 130 13 977
245 130 15 977
268 130 17 977
292 130 19 977
317 22 21 650
329 22 23 650
338 130 21 977
364 22 29 650
372 22 27 650
398 22 25 650
414 130 23 977
452 130 25 977
455 130 27 977
463 22 31 650
464 130 29 977
469 22 33 650
474 130 31 977
475 130 33 977
476 22 35 650
528 22 37 650
535 130 35 977
536 130 37 977
539 22 39 650
549 22 41 650
556 22 43 650
602 130 39 977
611 130 41 977
637 22 45 650
638 22 47 650
658 130 43 977
686 130 45 977
693 22 49 650
719 130 47 977
742 22 51 650
747 130 49 977
768 22 53 650
772 130 51 977
772 22 55 650
15 265 7 76
19 94 7 106
26 94 13 106
28 57 7 163
30 57 1 163
33 57 13 163
49 94 25 106
52 94 3 106
56 265 1 76
61 265 13 76
63 265 19 76
63 94 31 106
78 265 25 76
83 265 31 76
90 94 19 106
99 265 37 76
101 94 37 106
109 57 19 163
112 94 43 106
118 265 43 76
125 94 49 106
127 265 49 76
144 57 25 163
153 57 31 163
160 57 37 163
174 94 55 106
175 57 43 163
176 57 49 163
178 265 55 76
180 265 1 782
196 265 7 782
213 57 55 163
232 57 1 444
239 265 13 782
243 265 25 782
251 57 7 444
266 94 1 408
279 265 19 782
280 265 31 782
284 57 13 444
306 265 43 782
308 57 25 444
350 265 49 782
361 57 19 444
370 265 37 782
371 265 55 782
382 57 31 444
389 265 1 1183
393 57 37 444
395 57 43 444
404 94 7 408
405 57 49 444
411 265 7 1183
414 57 55 444
420 57 1 838
420 94 13 408
422 265 13 1183
423 57 7 838
423 94 19 408
425 265 19 1183
450 57 13 838
451 57 19 838
466 265 25 1183
476 94 25 408
500 265 31 1183
519 94 31 408
528 265 39 1183
532 265 43 1183
539 265 49 1183
549 94 37 408
553 57 31 838
579 265 55 1183
580 94 43 408
581 94 49 408
587 265 1 887
596 94 55 408
601 265 7 887
602 94 1 1138
627 265 13 887
634 94 7 1138
664 265 19 887
722 57 25 838
734 57 37 838
736 265 25 887
738 57 43 838
750 94 13 1138
762 94 19 1138
772 265 31 887
789 265 37 887
790 94 25 1138
793 57 49 838
3 262 13 77
6 125 1 598
9 262 1 77
10 214 4 763
15 262 16 77
22 262 7 77
23 125 4 598
25 95 13 500
28 214 1 763
34 143 1 630
39 214 7 763
43 143 4 630
43 214 10 763
46 125 10 598
48 240 13 394
52 214 19 763
55 143 7 630
55 95 10 500
66 262 10 77
68 232 13 437
71 214 13 763
77 232 1 437
82 214 16 763
91 214 22 763
92 232 7 437
93 240 1 394
93 125 13 598
104 125 16 598
123 214 25 763
134 262 4 77
135 262 19 77
139 262 22 77
143 262 25 77
143 240 4 394
155 95 1 500
158 240 7 394
160 95 4 500
161 214 28 763
162 240 10 394
162 214 31 763
165 262 28 77
166 262 31 77
166 95 7 500
169 262 34 77
169 143 13 630
170 262 37 77
178 143 10 630
181 143 16 630
186 214 34 763
191 232 4 437
194 232 10 437
195 95 16 500
197 214 37 763
198 232 19 437
209 232 16 437
211 95 19 500
218 232 22 437
221 95 22 500
222 95 25 500
223 232 25 437
224 95 28 500
225 125 7 598
236 95 31 500
238 95 34 500
242 125 19 598
243 262 40 77
247 214 40 763
249 143 19 630
250 95 37 500
256 125 25 598
257 214 43 763
258 262 43 77
261 125 22 598
264 143 31 630
265 143 22 630
267 95 40 500
268 262 46 77
272 232 28 437
274 262 49 77
279 232 37 437
279 95 43 500
281 143 25 630
281 240 16 394
282 240 19 394
282 95 46 500
285 143 28 630
296 125 28 598
300 240 22 394
306 262 52 77
316 125 31 598
317 143 34 630
320 262 55 77
320 125 34 598
323 240 25 394
325 125 37 598
334 262 58 77
334 232 31 437
335 95 49 500
342 143 37 630
351 125 40 598
351 214 46 763
362 240 28 394
370 214 49 763
371 262 1 264
379 143 43 630
381 95 52 500
388 262 4 264
391 95 1 59
395 232 34 437
403 240 31 394
407 232 40 437
407 143 46 630
407 240 37 394
415 125 43 598
429 214 52 763
430 240 34 394
433 240 40 394
433 214 55 763
444 214 58 763
445 240 43 394
448 232 43 437
450 240 46 394
459 143 40 630
462 125 55 598
466 95 55 500
468 232 46 437
470 232 49 437
471 95 58 500
480 232 52 437
481 95 4 59
482 262 7 264
484 125 46 598
485 214 1 331
487 214 4 331
491 95 7 59
494 262 10 264
496 95 10 59
497 95 13 59
502 240 49 394
504 95 16 59
513 214 7 331
523 214 10 331
524 214 13 331
532 262 13 264
534 214 16 331
541 95 22 59
542 95 19 59
546 214 19 331
549 232 55 437
556 125 49 598
556 95 25 59
566 232 58 437
574 232 1 497
575 125 52 598
576 125 58 598
577 262 16 264
577 232 4 497
579 240 52 394
594 232 7 497
594 143 55 630
595 95 28 59
599 214 22 331
608 125 1 88
609 232 13 497
610 143 49 630
616 214 25 331
617 143 52 630
617 214 28 331
623 214 31 331
623 95 37 59
628 143 58 630
632 95 31 59
639 95 34 59
648 214 37 331
650 232 16 497
653 125 4 88
654 240 55 394
660 143 1 48
662 125 7 88
668 95 40 59
673 232 10 497
675 125 10 88
676 143 4 48
679 214 34 331
682 240 58 394
682 214 40 331
690 214 43 331
694 262 19 264
696 95 43 59
707 262 22 264
719 240 1 1078
720 232 19 497
724 214 46 331
726 214 49 331
727 125 13 88
727 95 46 59
728 232 22 497
730 214 52 331
731 262 25 264
735 95 49 59
736 125 16 88
743 214 55 331
752 95 52 59
766 95 1 969
769 125 19 88
773 143 7 48
780 125 22 88
781 95 55 59
788 125 25 88
790 214 58 331
791 262 28 264
794 143 10 48
797 262 31 264
797 125 28 88
799 143 13 48
800 95 58 59
2 64 1 369
6 269 4 974
45 299 1 419
48 86 5 1027
60 64 3 369
61 269 1 974
84 64 5 369
94 269 7 974
100 64 7 369
125 269 9 974
134 86 1 1027
135 299 3 419
147 299 5 419
151 64 11 369
155 86 7 1027
174 64 9 369
189 299 7 419
193 269 11 974
194 64 13 369
194 299 15 419
203 299 9 419
208 269 13 974
210 269 15 974
216 299 11 419
229 269 17 974
248 64 15 369
248 86 3 1027
252 64 17 369
253 86 9 1027
254 64 23 369
258 64 19 369
260 64 21 369
273 299 13 419
280 86 11 1027
283 64 27 369
284 64 25 369
303 64 31 369
313 269 19 974
317 86 13 1027
319 64 29 369
319 86 15 1027
329 299 17 419
363 86 17 1027
374 64 33 369
388 299 19 419
396 86 19 1027
400 299 21 419
400 269 23 974
400 86 25 1027
404 86 21 1027
405 269 21 974
406 269 25 974
409 269 27 974
412 64 37 369
413 299 23 419
416 64 35 369
418 299 25 419
425 64 39 369
437 64 41 369
437 299 27 419
449 269 29 974
452 64 43 369
481 64 45 369
486 299 29 419
490 269 31 974
492 86 23 1027
495 269 33 974
507 269 35 974
515 269 37 974
519 86 27 1027
524 64 47 369
538 64 49 369
540 269 39 974
542 269 41 974
544 64 51 369
553 269 43 974
558 299 31 419
567 269 45 974
607 299 33 419
609 299 35 419
615 64 53 369
622 86 29 1027
628 64 55 369
636 64 57 369
641 64 59 369
643 64 1 897
646 64 3 897
669 64 5 897
669 86 31 1027
675 269 47 974
689 64 7 897
689 86 33 1027
695 86 35 1027
698 86 37 1027
718 64 9 897
720 86 39 1027
728 86 41 1027
743 64 11 897
744 269 49 974
753 64 13 897
753 299 37 419
763 86 43 1027
776 299 39 419
780 64 15 897
794 86 45 1027
797 299 41 419
24 25 7 65
29 41 3 996
45 63 3 67
57 41 19 996
61 63 7 67
72 25 1 65
80 41 7 996
84 63 13 67
87 25 13 65
96 63 19 67
97 41 13 996
108 41 25 996
108 25 19 65
123 63 31 67
124 25 25 65
133 25 31 65
134 41 31 996
135 41 37 996
136 63 37 67
139 63 25 67
141 63 43 67
158 41 43 996
167 41 49 996
178 63 49 67
179 63 55 67
181 25 43 65
185 25 37 65
186 25 49 65
189 41 55 996
189 25 1 115
196 63 1 84
197 25 55 65
201 41 1 326
209 25 7 115
212 25 13 115
223 25 21 115
225 25 25 115
232 25 31 115
234 25 37 115
240 63 7 84
245 63 19 84
255 63 13 84
276 25 49 115
277 41 7 326
280 63 37 84
299 25 55 115
300 25 43 115
302 63 25 84
322 63 31 84
332 41 13 326
337 63 43 84
338 41 25 326
339 41 19 326
351 25 1 920
356 41 31 326
381 63 55 84
385 41 43 326
407 41 49 326
420 63 7 994
423 63 49 84
426 41 37 326
434 63 1 994
456 25 7 920
460 41 55 326
463 41 1 1139
470 41 7 1139
473 41 13 1139
474 41 19 1139
475 25 13 920
476 63 13 994
479 25 19 920
488 25 25 920
498 41 25 1139
508 63 19 994
523 41 37 1139
537 41 31 1139
537 63 25 994
544 25 31 920
549 25 43 920
549 63 31 994
550 41 45 1139
569 41 49 1139
569 25 37 920
600 63 37 994
603 25 49 920
608 41 55 1139
627 25 55 920
649 41 1 1084
650 41 19 1084
657 25 7 1079
661 25 1 1079
674 63 43 994
680 63 49 994
684 41 7 1084
686 41 13 1084
691 63 55 994
697 25 13 1079
703 25 19 1079
705 25 25 1079
711 41 25 1084
711 25 37 1079
723 25 31 1079
725 63 1 1152
727 41 31 1084
747 25 43 1079
750 63 7 1152
752 41 43 1084
759 63 13 1152
762 63 25 1152
765 63 19 1152
767 25 49 1079
770 41 37 1084
781 63 31 1152
785 63 37 1152
8 171 7 1073
10 30 7 709
12 30 10 709
14 171 4 1073
20 30 3 709
42 151 1 221
43 30 13 709
44 171 10 1073
61 151 4 221
72 151 9 221
74 151 13 221
79 30 16 709
86 171 1 1073
108 151 16 221
140 171 13 1073
188 171 19 1073
188 151 22 221
223 151 28 221
235 151 19 221
236 30 19 709
237 30 22 709
244 171 16 1073
249 30 25 709
253 151 25 221
263 151 31 221
277 151 34 221
286 30 28 709
291 30 31 709
295 30 34 709
298 171 22 1073
300 171 25 1073
312 171 28 1073
312 151 37 221
313 151 40 221
342 30 40 709
345 151 43 221
372 151 46 221
385 30 37 709
392 171 31 1073
397 171 34 1073
414 30 43 709
415 171 37 1073
430 30 46 709
431 30 49 709
453 171 40 1073
454 30 52 709
456 171 43 1073
466 30 58 709
468 30 55 709
474 171 46 1073
484 171 49 1073
484 30 1 958
498 30 4 958
504 151 58 221
506 151 49 221
518 171 52 1073
518 30 7 958
523 30 13 958
531 171 55 1073
532 151 52 221
537 151 55 221
560 151 1 464
565 30 10 958
566 171 1 321
585 30 16 958
593 171 58 1073
627 30 19 958
638 151 4 464
660 30 22 958
670 151 7 464
692 171 4 321
722 30 31 958
747 30 28 958
751 30 25 958
763 171 7 321
765 30 34 958
782 151 10 464
19 103 1 993
24 103 5 993
59 103 3 993
60 103 7 993
61 103 11 993
102 103 13 993
140 103 16 993
145 103 9 993
219 103 19 993
235 103 22 993
266 103 25 993
269 103 27 993
274 103 29 993
311 103 31 993
348 103 33 993
371 103 35 993
402 103 37 993
406 103 39 993
417 103 41 993
493 103 43 993
539 103 45 993
547 103 47 993
569 103 53 993
573 103 49 993
592 103 51 993
610 103 55 993
638 103 57 993
643 103 59 993
650 103 5 1183
677 103 11 1183
691 103 17 1183
698 103 23 1183
710 103 29 1183
2 245 3 209
8 245 13 209
19 296 13 639
29 296 19 639
42 245 19 209
53 245 7 209
59 245 25 209
113 296 1 639
152 245 31 209
153 296 7 639
158 296 31 639
179 245 43 209
220 296 37 639
223 296 43 639
227 296 25 639
233 245 37 209
245 245 49 209
256 245 55 209
281 245 1 301
292 296 49 639
292 245 7 301
309 245 13 301
343 296 55 639
366 245 19 301
387 245 25 301
415 296 1 1156
424 296 7 1156
431 296 13 1156
431 245 31 301
434 296 19 1156
477 296 25 1156
512 245 37 301
530 245 43 301
537 245 1 531
538 245 51 301
540 245 7 531
542 245 55 301
559 296 31 1156
567 245 13 531
587 245 19 531
626 296 37 1156
628 296 43 1156
637 245 25 531
651 245 31 531
652 296 49 1156
656 245 37 531
658 245 45 531
678 245 49 531
700 296 55 1156
701 296 7 950
709 296 1 950
715 296 13 950
757 245 55 531
768 245 1 338
777 296 19 950
784 296 25 950
786 245 7 338
1 109 1 438
3 109 16 438
4 136 7 417
4 109 10 438
11 184 7 804
13 109 13 438
24 109 19 438
27 109 4 438
32 78 7 210
38 216 1 1006
44 109 7 438
46 216 4 1006
48 216 19 1006
51 216 13 1006
52 216 7 1006
56 136 15 417
58 27 3 811
67 27 7 811
75 216 10 1006
76 136 1 417
79 136 10 417
89 216 16 1006
97 27 10 811
103 109 22 438
103 184 1 804
106 184 4 804
106 216 22 1006
111 27 19 811
113 27 15 811
115 78 1 210
121 216 25 1006
123 109 28 438
126 216 28 1006
127 184 10 804
138 78 4 210
153 27 22 811
157 184 13 804
163 78 10 210
164 184 16 804
166 216 34 1006
180 136 19 417
180 27 25 811
188 109 25 438
195 216 31 1006
195 27 28 811
196 109 31 438
198 184 25 804
199 184 22 804
200 27 31 811
202 136 4 417
207 78 15 210
207 216 37 1006
213 184 19 804
214 78 19 210
217 216 40 1006
237 78 25 210
241 216 43 1006
246 136 22 417
246 109 34 438
261 136 25 417
262 136 34 417
266 136 28 417
285 216 46 1006
290 78 28 210
291 216 49 1006
293 109 37 438
301 184 28 804
307 109 40 438
312 216 52 1006
315 216 55 1006
320 216 58 1006
326 78 22 210
328 184 31 804
332 27 34 811
334 27 37 811
337 78 31 210
342 184 34 804
343 78 34 210
344 78 37 210
345 78 40 210
350 78 43 210
355 184 43 804
363 216 1 1089
364 184 37 804
374 136 40 417
374 109 43 438
379 184 46 804
386 184 40 804
387 216 4 1089
389 136 31 417
389 184 49 804
390 78 49 210
405 216 7 1089
417 27 43 811
419 136 37 417
419 216 10 1089
431 109 46 438
432 27 46 811
435 184 55 804
436 184 52 804
441 78 46 210
445 109 49 438
446 136 43 417
447 216 19 1089
448 184 1 421
460 27 49 811
464 27 40 811
467 109 52 438
467 27 55 811
477 109 55 438
480 216 13 1089
481 27 52 811
486 27 58 811
488 184 58 804
500 136 49 417
501 109 58 438
502 27 1 558
502 109 4 762
506 216 16 1089
514 136 46 417
525 184 4 421
537 136 52 417
538 78 55 210
541 27 4 558
544 109 1 762
555 27 7 558
556 136 55 417
557 136 58 417
559 184 7 421
562 136 1 847
566 78 52 210
567 216 22 1089
574 184 10 421
575 136 4 847
577 184 13 421
578 136 7 847
578 27 10 558
588 27 13 558
591 109 7 762
596 109 10 762
599 136 10 847
600 78 58 210
601 184 16 421
604 109 13 762
608 216 25 1089
612 78 1 677
619 109 16 762
620 27 16 558
623 216 28 1089
626 78 4 677
628 184 19 421
632 109 19 762
633 136 13 847
636 27 19 558
641 27 22 558
642 27 25 558
645 109 22 762
645 184 25 421
646 27 28 558
651 109 25 762
655 136 16 847
656 136 19 847
658 216 31 1089
661 27 31 558
662 216 34 1089
668 136 22 847
672 78 7 677
680 136 25 847
686 109 28 762
697 136 28 847
697 109 31 762
698 136 31 847
703 78 10 677
704 27 34 558
714 184 28 421
721 216 37 1089
730 27 37 558
731 184 31 421
737 136 34 847
737 184 22 421
741 184 34 421
744 78 13 677
756 136 37 847
761 78 16 677
762 27 40 558
767 109 34 762
772 184 37 421
773 216 40 1089
774 109 37 762
782 136 40 847
782 216 43 1089
783 184 40 421
794 27 49 558
795 78 19 677
798 78 22 677
799 78 25 677
12 87 7 575
14 87 11 575
38 87 4 575
71 80 1 696
98 87 1 575
103 80 4 696
103 87 9 575
117 87 13 575
126 80 7 696
133 80 9 696
139 80 11 696
175 87 23 575
207 87 19 575
211 80 13 696
220 87 15 575
229 87 21 575
239 80 17 696
239 87 28 575
253 87 17 575
257 87 31 575
258 87 25 575
273 80 15 696
275 87 33 575
291 80 19 696
308 87 35 575
323 87 37 575
335 80 21 696
343 87 39 575
346 87 41 575
362 80 23 696
387 87 43 575
410 87 45 575
415 80 25 696
449 80 27 696
459 80 29 696
459 87 47 575
466 87 53 575
470 80 31 696
479 80 33 696
493 80 35 696
498 87 49 575
526 87 51 575
529 87 55 575
540 87 59 575
541 80 37 696
559 87 57 575
561 80 39 696
562 87 4 1088
563 80 41 696
578 87 1 1088
610 80 43 696
619 87 7 1088
634 80 45 696
651 87 9 1088
656 87 11 1088
661 80 47 696
665 80 49 696
696 87 13 1088
701 80 55 696
706 80 53 696
708 87 19 1088
717 87 15 1088
768 80 51 696
779 87 17 1088
783 87 21 1088
787 87 23 1088
7 23 3 1160
62 23 9 1160
105 23 13 1160
156 23 19 1160
161 23 31 1160
192 23 37 1160
202 23 25 1160
203 23 43 1160
207 23 55 1160
246 23 49 1160
256 23 37 827
320 23 19 827
329 23 31 827
392 23 25 827
396 23 55 827
441 23 49 827
456 23 1 107
484 23 7 107
487 23 43 827
495 23 13 107
553 23 19 107
556 23 31 107
564 23 25 107
599 23 37 107
612 23 43 107
618 23 49 107
634 23 55 107
677 23 1 349
683 23 7 349
688 23 13 349
690 23 19 349
713 23 25 349
715 23 31 349
751 23 37 349
770 23 43 349
35 76 3 37
37 76 1 37
41 76 13 37
45 174 7 99
52 76 10 37
101 76 5 37
101 174 1 99
103 174 13 99
136 174 3 99
143 76 7 37
170 76 15 37
176 76 17 37
186 174 5 99
195 76 19 37
211 76 22 37
216 76 29 37
218 76 25 37
274 76 27 37
277 76 31 37
287 76 37 37
292 174 11 99
303 174 9 99
309 174 17 99
312 76 33 37
318 174 15 99
327 76 35 37
328 174 19 99
331 174 21 99
336 174 23 99
348 174 25 99
354 174 27 99
376 76 43 37
388 174 29 99
389 174 34 99
398 76 39 37
425 76 41 37
464 76 45 37
465 76 47 37
468 174 31 99
470 76 52 37
481 174 37 99
496 76 49 37
535 174 39 99
545 174 41 99
550 76 55 37
553 76 57 37
577 174 43 99
590 174 45 99
595 76 59 37
605 76 1 484
615 174 47 99
623 76 3 484
643 76 5 484
657 174 49 99
659 76 10 484
666 174 51 99
687 76 7 484
692 76 13 484
712 76 15 484
719 174 53 99
739 174 55 99
740 174 57 99
756 76 17 484
757 76 19 484
766 174 59 99
777 76 23 484
7 181 13 1130
8 181 19 1130
18 279 3 232
36 279 9 232
42 279 13 232
46 279 19 232
63 279 25 232
69 279 31 232
77 181 7 1130
84 279 37 232
127 181 1 1130
133 181 25 1130
133 279 49 232
143 181 31 1130
149 279 43 232
183 279 55 232
202 279 7 1009
213 279 1 1009
221 181 43 1130
228 181 37 1130
229 279 25 1009
242 181 49 1130
255 279 19 1009
259 181 7 222
263 181 55 1130
270 181 1 222
285 181 13 222
294 279 13 1009
303 279 33 1009
354 279 37 1009
366 181 25 222
376 181 19 222
380 279 43 1009
395 279 49 1009
396 279 1 43
400 279 55 1009
406 279 7 43
418 181 31 222
429 181 37 222
432 279 13 43
439 181 43 222
441 279 19 43
447 181 49 222
458 181 55 222
471 181 1 1135
479 181 7 1135
488 279 31 43
508 181 25 1135
515 279 25 43
524 279 37 43
545 181 13 1135
547 279 49 43
551 279 43 43
567 279 55 43
575 279 7 1090
600 181 19 1135
604 181 31 1135
610 279 1 1090
623 279 13 1090
633 279 19 1090
647 181 37 1135
652 181 43 1135
664 181 49 1135
670 279 25 1090
688 279 31 1090
699 181 55 1135
703 181 1 1145
725 181 7 1145
757 181 13 1145
789 181 19 1145
796 181 25 1145
3 148 19 532
6 15 7 717
11 15 10 717
14 183 13 573
18 183 16 573
31 223 10 340
38 15 13 717
40 148 13 532
46 148 16 532
47 183 1 573
50 15 1 717
61 15 19 717
63 183 7 573
65 15 4 717
68 15 16 717
73 15 22 717
86 223 4 340
89 223 1 340
97 183 4 573
108 148 1 532
112 288 1 806
113 183 10 573
115 223 13 340
116 15 25 717
126 183 19 573
140 148 4 532
143 183 22 573
161 288 4 806
162 288 7 806
171 223 16 340
178 223 7 340
196 288 13 806
197 15 28 717
204 148 7 532
214 15 34 717
233 148 10 532
238 288 10 806
244 223 19 340
251 288 21 806
253 183 28 573
255 223 25 340
270 15 31 717
280 183 43 573
282 223 22 340
285 183 25 573
289 288 16 806
289 183 31 573
290 15 37 717
290 148 25 532
291 288 25 806
299 15 40 717
304 288 31 806
305 288 28 806
305 148 22 532
311 15 43 717
311 223 28 340
312 288 40 806
315 183 34 573
317 15 46 717
317 148 28 532
318 148 31 532
330 148 34 532
335 223 31 340
353 183 37 573
358 148 40 532
375 15 49 717
377 288 34 806
381 183 40 573
384 148 37 532
388 148 49 532
401 15 52 717
404 223 34 340
409 15 55 717
412 15 58 717
416 288 43 806
416 148 46 532
423 15 1 750
431 183 52 573
435 223 37 340
441 15 4 750
443 223 40 340
451 183 46 573
460 183 1 51
467 223 43 340
472 183 49 573
476 148 52 532
477 183 58 573
480 223 49 340
487 183 55 573
497 148 43 532
497 183 4 51
499 15 7 750
503 148 55 532
507 15 10 750
508 148 1 45
512 15 13 750
513 148 58 532
514 288 37 806
525 183 7 51
527 148 4 45
533 183 10 51
539 15 16 750
542 223 46 340
561 15 19 750
565 288 46 806
567 15 25 750
568 15 22 750
571 15 28 750
576 15 31 750
599 223 52 340
600 148 7 45
601 223 55 340
602 183 13 51
611 15 34 750
618 148 10 45
621 288 49 806
626 148 13 45
641 183 16 51
651 288 52 806
653 223 58 340
654 183 19 51
668 288 55 806
668 223 1 449
678 223 4 449
679 223 7 449
685 15 37 750
690 223 10 449
697 15 40 750
709 15 43 750
719 288 58 806
720 148 16 45
722 183 22 51
728 223 13 449
729 148 22 45
736 223 19 449
740 15 46 750
744 148 19 45
749 223 16 449
760 183 25 51
764 15 49 750
767 148 25 45
771 183 28 51
774 288 1 1195
776 148 31 45
784 15 52 750
788 183 31 51
3 83 11 1199
17 120 7 133
20 210 7 666
33 83 1 1199
34 120 4 133
47 120 9 133
48 83 22 1199
49 120 1 133
52 83 17 1199
53 120 11 133
60 267 1 216
62 267 3 216
62 120 13 133
69 267 5 216
76 83 4 1199
80 83 13 1199
88 267 9 216
90 267 7 216
96 267 11 216
97 267 17 216
97 210 1 666
104 267 13 216
116 120 15 133
143 210 9 666
148 83 7 1199
177 120 17 133
187 267 15 216
203 267 19 216
221 120 25 133
225 267 21 216
233 83 15 1199
250 210 3 666
256 267 23 216
259 120 19 133
265 120 27 133
285 267 31 216
287 210 5 666
297 120 21 133
301 267 25 216
302 267 29 216
306 267 27 216
309 267 37 216
309 210 11 666
313 267 33 216
329 120 35 133
339 120 23 133
352 267 35 216
352 83 9 1199
363 210 13 666
367 83 19 1199
369 120 29 133
376 267 45 216
386 120 37 133
399 210 15 666
414 267 39 216
427 267 41 216
436 83 25 1199
449 120 31 133
450 83 27 1199
455 120 33 133
457 267 47 216
457 120 39 133
459 210 17 666
460 267 43 216
463 83 29 1199
468 83 33 1199
489 267 49 216
491 120 41 133
494 120 43 133
500 120 47 133
505 210 22 666
513 210 19 666
514 120 49 133
542 267 51 216
552 83 31 1199
555 210 25 666
564 267 53 216
586 83 35 1199
593 83 37 1199
594 210 27 666
596 83 39 1199
597 83 41 1199
613 120 45 133
614 120 51 133
639 267 55 216
647 83 43 1199
676 120 53 133
681 120 55 133
689 210 29 666
693 210 31 666
719 120 4 367
735 267 57 216
740 83 49 1199
761 83 45 1199
775 83 47 1199
779 267 1 654
782 210 33 666
787 267 59 216
790 210 35 666
21 112 1 185
29 112 25 185
33 256 3 368
36 256 19 368
46 112 31 185
47 112 19 185
56 256 25 368
56 112 37 185
58 256 7 368
73 256 13 368
77 112 43 185
84 256 31 368
91 112 7 185
99 307 1 271
100 256 37 368
108 112 49 185
111 307 7 271
132 256 43 368
145 256 49 368
151 112 13 185
155 307 19 271
158 112 55 185
160 112 7 2
176 256 55 368
179 256 1 862
198 112 1 2
212 112 19 2
232 112 13 2
239 256 7 862
245 112 25 2
253 112 31 2
255 256 37 862
258 307 13 271
269 307 31 271
270 307 25 271
272 307 37 271
275 307 43 271
276 112 37 2
288 256 13 862
304 307 49 271
316 307 55 271
342 112 43 2
344 256 19 862
355 112 55 2
369 307 31 677
371 256 25 862
379 256 31 862
390 256 55 862
391 256 43 862
402 256 49 862
425 112 49 2
442 256 1 242
444 112 1 895
445 256 7 242
446 112 7 895
448 112 13 895
450 112 19 895
458 112 25 895
471 307 37 677
472 112 31 895
493 307 45 677
494 112 37 895
510 307 49 677
515 307 1 4
523 256 19 242
525 112 43 895
526 256 13 242
529 256 25 242
577 307 55 677
606 112 49 895
617 256 31 242
620 256 37 242
642 307 7 4
649 256 43 242
655 307 19 4
656 307 13 4
663 307 25 4
664 307 31 4
666 307 39 4
669 256 49 242
670 307 43 4
673 307 49 4
674 307 55 4
683 112 55 895
708 307 1 309
710 256 55 242
735 256 7 46
736 112 1 443
744 112 7 443
745 307 13 309
753 112 15 443
768 112 19 443
781 112 25 443
793 256 1 46
3 51 22 1174
7 261 10 698
12 261 13 698
20 3 9 1081
25 3 16 1081
45 3 13 1081
46 51 13 1174
59 261 7 698
73 3 1 1081
81 3 4 1081
82 3 19 1081
84 261 1 698
85 3 22 1081
85 261 16 698
92 51 1 1174
107 3 25 1081
115 261 4 698
125 261 19 698
131 261 22 698
147 3 28 1081
147 261 25 698
150 3 34 1081
163 261 31 698
165 51 4 1174
179 51 7 1174
184 261 34 698
199 261 28 698
199 51 10 1174
203 261 37 698
209 51 25 1174
218 51 16 1174
243 3 31 1081
260 3 37 1081
261 3 40 1081
289 261 43 698
292 51 28 1174
302 261 40 698
305 51 19 1174
306 3 49 1081
333 261 46 698
336 3 43 1081
340 51 33 1174
346 3 46 1081
368 3 52 1081
380 261 49 698
394 261 52 698
398 261 55 698
399 51 37 1174
404 51 40 1174
414 3 1 402
415 261 58 698
423 261 4 748
438 3 55 1081
445 51 46 1174
451 3 58 1081
456 51 49 1174
465 261 1 748
494 51 52 1174
504 3 4 402
505 51 43 1174
507 51 55 1174
509 261 7 748
526 3 7 402
530 3 10 402
532 3 16 402
543 51 58 1174
562 261 10 748
593 261 13 748
594 3 13 402
603 261 16 748
605 51 3 167
614 261 22 748
622 3 19 402
625 3 22 402
630 3 25 402
632 3 28 402
634 261 19 748
638 261 25 748
653 3 31 402
664 3 37 402
668 3 34 402
679 51 10 167
683 261 28 748
685 261 31 748
687 261 34 748
696 3 40 402
702 261 37 748
709 3 46 402
730 261 40 748
730 51 7 167
744 51 16 167
745 3 43 402
748 261 43 748
755 261 46 748
757 51 21 167
763 3 49 402
764 3 52 402
776 261 49 748
778 51 13 167
786 51 25 167
4 317 13 32
10 205 10 302
21 205 5 302
23 317 1 32
26 205 7 302
29 205 16 302
38 317 7 32
52 205 22 302
53 317 3 32
63 319 1 1003
70 205 1 302
81 317 9 32
82 317 22 32
104 205 3 302
128 319 3 1003
150 319 5 1003
184 319 7 1003
209 317 5 32
247 319 9 1003
249 319 11 1003
250 319 13 1003
271 319 15 1003
276 319 17 1003
277 205 13 302
285 317 11 32
288 319 19 1003
288 317 17 32
301 317 15 32
304 317 25 32
314 317 19 32
339 319 25 1003
341 317 27 32
347 319 23 1003
348 317 29 32
349 205 19 302
353 205 25 302
358 205 29 302
378 205 27 302
379 205 35 302
398 317 31 32
400 319 27 1003
401 205 31 302
410 319 21 1003
411 317 33 32
413 319 29 1003
416 205 33 302
419 317 35 32
430 205 37 302
455 205 43 302
467 319 31 1003
470 319 33 1003
475 317 37 32
479 317 39 32
485 317 41 32
490 319 35 1003
502 317 43 32
544 319 37 1003
553 317 47 32
564 205 39 302
587 205 41 302
587 317 45 32
588 317 51 32
596 317 49 32
601 317 53 32
633 319 39 1003
637 319 41 1003
649 319 47 1003
651 319 43 1003
667 317 55 32
671 319 45 1003
682 319 52 1003
688 319 49 1003
690 205 46 302
705 205 49 302
721 205 51 302
723 205 53 302
736 319 55 1003
740 319 59 1003
741 205 55 302
756 319 57 1003
794 319 1 533
799 319 3 533
800 317 1 495
96 244 1 199
131 244 13 199
167 244 7 199
181 244 19 199
193 244 31 199
198 244 37 199
253 244 43 199
296 244 49 199
298 244 55 199
315 244 1 400
327 244 55 748
329 244 7 400
340 244 25 199
348 244 13 400
406 244 19 400
422 244 25 400
483 244 31 400
506 244 37 400
524 244 43 400
530 244 49 400
557 244 1 956
580 244 55 400
582 244 7 956
609 244 19 956
667 244 13 956
675 244 25 956
707 244 31 956
723 244 37 956
752 244 55 956
777 244 43 956
3 84 25 1137
6 308 10 141
9 221 28 546
16 162 10 1010
25 308 19 141
30 308 22 141
31 308 13 141
32 84 10 1137
38 268 9 926
43 162 1 1010
58 221 31 546
61 162 22 1010
64 308 7 141
66 308 16 141
67 268 1 926
71 268 4 926
75 162 4 1010
75 268 13 926
77 268 19 926
79 84 1 1137
91 162 13 1010
93 162 16 1010
97 84 7 1137
98 162 19 1010
100 268 16 926
105 162 25 1010
115 162 28 1010
126 308 1 141
129 221 34 546
144 84 4 1137
151 84 19 1137
152 268 22 926
158 308 4 141
170 221 40 546
184 308 31 141
187 162 7 1010
188 84 13 1137
201 84 16 1137
204 308 25 141
210 84 22 1137
211 84 28 1137
212 268 25 926
218 308 28 141
219 308 34 141
224 84 31 1137
234 308 43 141
241 84 34 1137
246 162 31 1010
257 268 28 926
263 84 37 1137
263 308 40 141
269 84 40 1137
277 308 37 141
297 268 31 926
301 221 37 546
314 84 43 1137
315 268 37 926
316 268 34 926
331 84 46 1137
340 162 37 1010
341 308 46 141
349 308 49 141
350 221 46 546
353 308 52 141
361 162 34 1010
375 84 52 1137
384 308 55 141
396 221 43 546
401 308 58 141
402 221 55 546
411 84 49 1137
419 268 40 926
421 84 55 1137
454 162 43 1010
465 308 4 951
477 221 49 546
478 84 1 62
481 162 40 1010
493 268 49 926
493 84 58 1137
512 268 43 926
519 308 1 951
521 162 55 1010
531 221 52 546
539 268 55 926
546 308 7 951
549 308 10 951
554 308 13 951
558 221 1 1109
568 84 4 62
573 268 46 926
573 308 19 951
575 268 58 926
576 308 16 951
583 268 52 926
588 308 22 951
589 84 7 62
595 221 4 1109
596 308 25 951
598 268 1 1059
609 308 31 951
617 221 58 546
620 308 28 951
626 308 34 951
627 84 10 62
628 308 37 951
636 84 13 62
642 268 4 1059
649 84 16 62
650 268 7 1059
655 162 46 1010
656 221 7 1109
671 268 10 1059
683 221 13 1109
684 308 40 951
687 268 13 1059
691 162 49 1010
699 268 16 1059
700 268 19 1059
712 268 22 1059
717 221 10 1109
721 308 43 951
729 162 52 1010
732 221 16 1109
739 268 25 1059
745 221 19 1109
753 162 58 1010
754 308 46 951
759 221 22 1109
766 162 4 556
774 308 49 951
775 84 19 62
778 221 25 1109
780 162 1 556
785 84 22 62
792 268 31 1059
6 85 13 1146
9 118 4 1095
13 118 11 1095
21 159 11 272
22 70 5 1021
23 85 7 1146
38 118 16 1095
39 159 4 272
52 70 25 1021
53 70 1 1021
62 85 1 1146
63 70 10 1021
63 85 5 1146
80 159 1 272
81 70 16 1021
83 159 13 272
90 159 9 272
110 70 3 1021
115 85 9 1146
127 118 7 1095
135 85 11 1146
136 70 7 1021
143 159 15 272
154 70 13 1021
159 70 21 1021
166 118 1 1095
169 85 3 1146
176 118 9 1095
180 85 15 1146
183 85 17 1146
184 118 13 1095
187 70 19 1021
187 85 21 1146
189 85 19 1146
204 159 19 272
233 70 23 1021
249 85 23 1146
251 70 27 1021
257 85 33 1146
258 159 7 272
269 118 19 1095
270 70 29 1021
279 85 25 1146
284 70 31 1021
285 159 17 272
287 70 39 1021
305 85 31 1146
307 70 33 1021
311 118 21 1095
314 70 35 1021
315 85 29 1146
325 118 23 1095
337 85 27 1146
338 85 35 1146
339 70 37 1021
361 85 37 1146
364 70 41 1021
366 159 23 272
372 85 39 1146
377 70 43 1021
378 118 25 1095
378 159 21 272
387 70 45 1021
410 70 47 1021
413 70 49 1021
414 159 25 272
422 118 29 1095
437 118 31 1095
438 85 41 1146
439 118 27 1095
448 70 51 1021
449 70 55 1021
453 85 43 1146
457 85 49 1146
480 159 27 272
483 85 45 1146
487 118 33 1095
490 118 37 1095
491 70 53 1021
498 159 29 272
500 85 52 1146
501 118 35 1095
517 70 57 1021
520 159 33 272
527 70 59 1021
532 70 1 250
538 159 35 272
540 85 47 1146
543 85 55 1146
546 159 31 272
559 85 59 1146
574 159 37 272
576 118 39 1095
578 118 41 1095
604 85 57 1146
617 159 39 272
631 159 41 272
633 70 3 250
640 159 43 272
644 118 43 1095
652 85 1 311
665 159 45 272
690 159 49 272
714 159 47 272
716 118 45 1095
733 70 5 250
734 159 51 272
737 85 3 311
740 70 7 250
744 118 47 1095
752 85 5 311
757 118 49 1095
761 118 51 1095
767 70 9 250
769 70 11 250
770 159 53 272
777 159 55 272
797 70 13 250
27 154 7 823
82 154 1 823
87 190 1 1151
90 154 4 823
208 190 4 1151
209 190 13 1151
218 154 10 823
233 190 7 1151
236 190 10 1151
240 154 13 823
248 154 19 823
293 190 16 1151
302 154 16 823
310 154 22 823
312 190 19 1151
318 154 25 823
334 154 28 823
357 154 31 823
392 190 22 1151
393 190 25 1151
411 154 37 823
413 190 31 1151
417 190 28 1151
422 190 34 1151
424 154 40 823
425 154 34 823
443 154 43 823
444 190 43 1151
461 190 37 1151
481 154 49 823
495 154 46 823
502 154 52 823
506 190 46 1151
512 190 49 1151
516 154 55 823
534 154 58 823
547 154 1 169
550 190 40 1151
557 190 52 1151
564 190 1 874
572 190 55 1151
597 190 58 1151
602 190 10 874
611 154 4 169
619 190 4 874
634 190 13 874
655 154 7 169
672 154 13 169
687 190 16 874
702 154 10 169
703 190 7 874
730 154 16 169
731 154 19 169
733 154 22 169
746 190 19 874
769 190 22 874
796 154 31 169
10 36 13 374
10 39 15 60
15 36 11 374
22 39 10 60
23 172 9 243
31 36 5 374
39 97 10 952
41 227 1 142
44 97 13 952
50 227 4 142
61 172 17 243
66 36 1 374
67 227 10 142
69 172 1 243
75 39 1 60
110 39 5 60
111 97 1 952
120 227 7 142
122 172 3 243
127 97 5 952
145 36 3 374
150 36 7 374
157 172 5 243
162 172 13 243
165 227 13 142
165 36 9 374
173 172 7 243
180 172 11 243
181 39 3 60
187 172 23 243
190 36 15 374
193 227 15 142
194 39 7 60
194 172 25 243
197 227 17 142
200 97 3 952
201 97 7 952
205 39 13 60
208 97 15 952
212 36 17 374
217 36 19 374
223 97 17 952
223 39 31 60
228 172 15 243
238 39 17 60
247 172 19 243
250 36 21 374
250 39 19 60
255 97 23 952
255 36 28 374
260 172 27 243
262 97 25 952
264 97 19 952
265 97 29 952
267 172 31 243
269 39 21 60
274 97 21 952
276 97 27 952
283 97 31 952
286 39 23 60
292 39 33 60
304 39 29 60
323 172 21 243
325 97 33 952
340 97 40 952
354 36 23 374
354 39 25 60
360 172 29 243
379 97 37 952
383 39 35 60
385 172 33 243
390 172 35 243
393 36 31 374
401 172 37 243
404 172 43 243
418 172 40 243
419 172 45 243
426 172 47 243
427 172 49 243
432 36 25 374
438 172 51 243
440 227 19 142
444 36 35 374
445 97 52 952
448 97 35 952
453 39 27 60
455 97 45 952
459 36 33 374
466 36 37 374
468 36 39 374
471 97 43 952
471 39 41 60
473 172 53 243
481 97 47 952
484 36 41 374
492 36 47 374
494 227 21 142
494 39 45 60
497 97 49 952
497 39 37 60
504 36 43 374
505 97 55 952
514 97 57 952
522 227 23 142
530 227 25 142
530 172 55 243
535 39 43 60
545 172 57 243
548 97 59 952
550 172 59 243
551 36 52 374
553 172 1 367
560 39 39 60
562 172 7 367
568 36 45 374
569 227 28 142
574 97 4 120
589 172 10 367
605 36 49 374
611 36 55 374
614 39 47 60
615 39 49 60
623 36 57 374
631 39 51 60
631 172 13 367
635 39 55 60
642 227 31 142
657 97 11 120
660 97 7 120
661 36 59 374
665 227 33 142
668 172 15 367
675 227 35 142
677 172 17 367
678 172 19 367
681 39 53 60
684 227 37 142
686 172 21 367
689 172 23 367
691 97 1 120
691 36 3 496
708 39 58 60
709 97 9 120
717 172 25 367
724 97 13 120
729 172 27 367
730 36 1 496
732 36 5 496
732 172 29 367
735 97 15 120
739 36 7 496
743 227 39 142
754 172 31 367
755 97 17 120
760 97 19 120
771 36 9 496
783 227 43 142
786 39 59 270
791 39 1 423
792 39 3 423
33 242 7 853
34 242 13 853
69 242 19 853
70 242 3 853
102 242 25 853
120 242 31 853
149 242 49 853
183 242 37 853
213 242 43 853
225 242 55 853
230 242 1 259
233 242 19 259
276 242 7 259
304 242 13 259
364 242 31 259
410 242 25 259
427 242 37 259
465 242 43 259
491 242 49 259
496 242 55 259
526 242 1 475
550 242 7 475
581 242 13 475
588 242 25 475
605 242 19 475
613 242 31 475
640 242 37 475
648 242 49 475
681 242 43 475
713 242 55 475
765 242 1 341
770 242 7 341
771 242 13 341
794 242 19 341
6 266 15 204
9 26 7 786
10 266 19 204
18 107 13 1053
19 266 22 204
20 266 25 204
34 26 10 786
37 266 3 204
39 266 28 204
62 266 31 204
65 26 1 786
71 266 7 204
79 26 13 786
89 237 4 830
101 26 16 786
105 107 1 1053
111 237 22 830
114 107 7 1053
115 237 16 830
120 266 10 204
121 107 4 1053
123 107 16 1053
126 266 34 204
128 107 10 1053
138 107 19 1053
152 237 1 830
153 266 37 204
160 107 22 1053
172 266 40 204
176 266 43 204
177 266 46 204
190 266 49 204
191 266 52 204
191 26 19 786
200 107 25 1053
204 26 4 786
207 26 25 786
210 26 31 786
212 107 28 1053
214 266 55 204
237 237 7 830
239 26 22 786
240 237 19 830
242 26 28 786
243 266 58 204
245 26 34 786
266 266 7 44
271 26 37 786
274 266 1 44
288 107 31 1053
310 107 34 1053
310 26 40 786
315 237 10 830
331 26 43 786
340 237 13 830
342 107 49 1053
349 266 4 44
351 107 37 1053
362 266 10 44
365 266 13 44
367 237 25 830
376 107 55 1053
393 107 46 1053
397 26 46 786
405 237 28 830
408 266 16 44
417 107 58 1053
428 266 25 44
431 266 19 44
434 26 49 786
439 107 40 1053
460 26 52 786
464 107 52 1053
467 237 33 830
470 237 39 830
473 266 22 44
503 107 43 1053
513 107 1 420
517 266 28 44
520 237 43 830
520 26 55 786
521 266 31 44
524 107 4 420
526 237 46 830
546 107 10 420
588 237 55 830
590 237 49 830
592 266 34 44
606 107 7 420
625 107 13 420
632 266 37 44
639 266 40 44
647 266 45 44
655 237 52 830
663 237 58 830
664 107 16 420
668 107 19 420
671 26 58 786
685 107 22 420
693 107 25 420
695 237 21 120
703 237 25 120
705 107 31 420
705 237 34 120
714 237 31 120
716 107 28 420
723 26 1 279
727 107 49 420
730 26 4 279
734 266 55 44
738 237 28 120
745 237 37 120
749 107 34 420
765 107 37 420
767 237 40 120
772 26 7 279
772 237 43 120
779 266 49 44
796 237 46 120
24 6 11 483
25 6 5 483
25 44 11 119
43 6 7 483
93 6 19 483
103 44 7 119
105 44 4 119
107 6 1 483
110 44 1 119
120 44 13 119
121 44 9 119
132 44 15 119
146 44 17 119
147 6 3 483
153 6 13 483
161 6 9 483
174 44 19 119
175 44 25 119
201 6 21 483
208 6 23 483
216 6 15 483
240 6 17 483
261 6 28 483
263 44 21 119
270 44 23 119
273 6 25 483
293 44 27 119
302 44 31 119
319 44 33 119
335 44 29 119
357 6 34 483
408 44 35 119
411 44 40 119
412 6 39 483
413 6 37 483
437 44 37 119
441 6 31 483
465 6 49 483
467 6 41 483
471 44 45 119
483 6 43 483
485 44 43 119
531 44 47 119
535 6 45 483
542 6 53 483
549 44 49 119
585 44 51 119
599 6 47 483
612 6 51 483
622 44 53 119
640 6 55 483
652 6 57 483
680 6 59 483
684 6 1 885
688 44 55 119
738 6 3 885
753 44 1 865
770 44 57 119
782 44 59 119
794 6 5 885
4 273 15 596
44 273 19 596
70 273 7 596
74 273 25 596
85 273 31 596
113 273 37 596
114 273 43 596
239 273 1 596
275 273 49 596
316 273 1 64
348 273 7 64
350 273 55 596
360 273 13 64
380 273 19 64
407 273 25 64
472 273 43 64
494 273 31 64
503 273 37 64
509 273 49 64
515 273 7 889
532 273 55 64
611 273 13 889
729 273 1 889
738 273 19 889
739 273 31 889
760 273 37 889
10 175 22 600
21 175 13 600
25 175 25 600
54 175 1 600
96 175 16 600
98 175 4 600
129 175 7 600
135 175 28 600
207 175 10 600
210 175 19 600
252 175 31 600
264 175 34 600
272 175 43 600
297 175 37 600
352 175 40 600
364 175 46 600
386 175 49 600
418 175 52 600
421 175 58 600
437 175 55 600
441 175 16 48
442 175 19 48
454 175 22 48
527 175 25 48
541 175 28 48
552 175 33 48
568 175 49 48
615 175 37 48
722 175 40 48
741 175 43 48
783 175 46 48
795 175 52 48
1 158 4 701
8 158 10 701
16 158 13 701
33 186 11 149
34 75 17 903
38 291 19 1000
41 75 15 903
44 158 15 701
50 54 7 366
52 75 27 903
58 158 17 701
60 75 5 903
69 158 7 701
70 158 19 701
90 186 1 149
94 75 1 903
99 75 7 903
101 158 21 701
103 291 15 1000
110 158 23 701
112 75 9 903
119 75 3 903
119 158 1 701
130 75 11 903
130 186 3 149
139 291 1 1000
140 186 7 149
143 75 13 903
149 291 3 1000
154 158 25 701
156 54 1 366
160 54 11 366
164 54 5 366
184 158 29 701
191 54 9 366
193 186 5 149
197 186 9 149
197 54 3 366
206 186 13 149
208 158 27 701
212 158 35 701
216 54 13 366
218 158 31 701
233 75 25 903
237 54 15 366
283 291 5 1000
283 54 17 366
308 158 33 701
313 158 37 701
318 75 19 903
324 75 21 903
335 158 43 701
345 54 19 366
349 75 23 903
353 291 7 1000
353 75 29 903
354 75 31 903
371 291 9 1000
373 54 21 366
377 75 37 903
378 186 15 149
379 291 11 1000
388 158 39 701
395 186 17 149
397 186 19 149
400 158 41 701
402 158 45 701
407 186 21 149
420 54 23 366
432 291 17 1000
438 186 23 149
442 291 13 1000
442 158 47 701
446 291 21 1000
451 186 29 149
456 291 23 1000
461 291 25 1000
476 54 29 366
479 186 25 149
484 186 27 149
498 291 31 1000
501 186 31 149
503 291 27 1000
525 186 33 149
528 158 49 701
532 186 35 149
534 291 29 1000
537 291 35 1000
540 54 25 366
543 186 37 149
544 75 35 903
548 186 39 149
550 158 51 701
551 75 33 903
554 186 41 149
557 291 33 1000
559 291 37 1000
564 158 59 701
570 158 53 701
578 54 27 366
581 54 31 366
582 75 39 903
585 54 33 366
587 54 35 366
589 158 1 570
595 158 55 701
599 75 41 903
614 75 43 903
621 54 37 366
630 75 45 903
638 186 43 149
645 291 39 1000
649 186 49 149
661 75 49 903
666 186 45 149
678 158 57 701
686 158 4 570
694 186 47 149
697 186 51 149
700 291 41 1000
702 186 53 149
702 75 47 903
703 158 13 570
706 291 43 1000
714 186 55 149
717 291 45 1000
725 291 47 1000
725 75 51 903
731 158 7 570
732 158 9 570
738 158 11 570
739 291 49 1000
742 75 53 903
751 186 57 149
753 291 51 1000
755 158 15 570
759 158 17 570
760 54 41 366
764 186 59 149
769 186 1 680
770 158 19 570
785 75 55 903
787 186 3 680
796 75 57 903
796 54 39 366
27 34 13 278
89 34 7 278
92 34 25 278
117 34 19 278
146 34 1 278
151 34 31 278
215 34 37 278
235 34 43 278
276 34 1 880
278 34 49 278
284 34 55 278
293 34 7 880
310 34 13 880
324 34 25 880
332 34 19 880
360 34 31 880
397 34 37 880
421 34 49 880
434 34 43 880
476 34 55 880
481 34 7 934
500 34 1 934
503 34 13 934
543 34 19 934
546 34 25 934
625 34 31 934
627 34 37 934
657 34 43 934
659 34 49 934
689 34 55 934
703 34 31 897
705 34 19 897
790 34 37 897
792 34 43 897
797 34 49 897
11 306 13 491
37 306 7 491
76 306 10 491
82 115 13 201
113 306 19 491
122 306 16 491
148 115 1 201
167 306 1 491
176 306 4 491
179 115 10 201
182 115 4 201
232 306 22 491
247 115 16 201
249 306 28 491
268 306 25 491
275 306 37 491
277 115 19 201
298 115 7 201
299 115 22 201
306 306 31 491
321 306 34 491
324 306 40 491
325 115 25 201
327 306 43 491
343 306 46 491
352 306 49 491
363 306 52 491
381 306 1 523
384 115 28 201
397 306 55 491
397 115 31 201
410 115 34 201
421 115 37 201
444 306 7 523
454 306 58 491
492 115 49 201
505 306 4 523
523 306 16 523
528 306 10 523
536 115 40 201
560 115 43 201
572 306 13 523
578 115 46 201
583 115 55 201
588 306 19 523
601 115 58 201
605 306 25 523
612 306 22 523
615 306 28 523
625 306 37 523
638 306 31 523
644 306 34 523
659 306 40 523
715 115 52 201
721 115 1 781
724 115 4 781
728 306 43 523
731 306 49 523
752 306 1 846
755 306 52 523
766 306 46 523
771 306 4 846
775 306 55 523
777 306 58 523
780 306 7 846
786 306 13 846
788 115 7 781
799 115 10 781
2 28 7 761
34 108 19 1063
34 146 21 1060
35 28 5 761
39 108 17 1063
41 108 21 1063
45 108 23 1063
52 28 29 761
57 28 1 761
62 14 5 627
69 14 3 627
69 28 9 761
70 14 11 627
70 28 13 761
72 28 17 761
79 14 19 627
88 28 3 761
95 146 7 362
107 28 11 761
114 28 15 761
119 108 5 1063
127 28 19 761
128 146 1 1060
151 108 1 1063
157 14 1 627
161 28 21 761
162 108 3 1063
164 14 7 627
167 108 11 1063
170 28 23 761
174 146 3 1060
174 28 31 761
186 108 7 1063
197 108 13 1063
230 108 9 1063
238 146 5 1060
272 146 7 1060
275 28 25 761
293 14 13 627
299 14 9 627
300 146 9 1060
308 108 15 1063
309 28 27 761
317 14 15 627
331 28 33 761
332 14 17 627
338 108 29 1063
341 14 21 627
354 28 35 761
361 146 11 1060
368 14 23 627
368 146 13 1060
372 28 37 761
375 108 25 1063
384 108 31 1063
387 146 15 1060
389 28 39 761
395 14 25 627
409 108 33 1063
409 146 17 1060
417 146 23 1060
426 14 27 627
427 108 27 1063
428 108 35 1063
432 14 29 627
435 108 40 1063
440 28 41 761
444 146 19 1060
447 108 37 1063
479 108 43 1063
481 108 55 1063
487 28 47 761
499 28 43 761
504 146 25 1060
516 146 27 1060
519 146 29 1060
542 108 49 1063
567 28 49 761
576 14 34 627
577 146 31 1060
584 14 31 627
585 14 37 627
593 28 45 761
597 28 52 761
599 146 33 1060
615 14 40 627
624 14 43 627
634 108 47 1063
640 14 45 627
649 108 51 1063
651 108 45 1063
652 14 47 627
666 146 35 1060
671 14 49 627
692 14 51 627
717 28 55 761
725 14 53 627
728 28 57 761
742 108 57 1063
755 146 37 1060
756 108 53 1063
757 146 39 1060
774 28 59 761
792 146 41 1060
793 14 55 627
796 28 1 597
798 108 59 1063
6 49 19 138
9 145 13 279
35 91 13 380
43 101 19 184
60 101 9 184
73 101 25 184
78 49 1 138
84 145 19 279
85 91 7 380
88 101 13 184
89 49 25 138
100 145 25 279
100 49 9 138
101 49 31 138
103 49 37 138
130 49 43 138
137 49 13 138
144 101 31 184
147 101 43 184
151 49 49 138
157 49 55 138
164 91 19 380
165 91 37 380
172 145 31 279
173 49 1 235
174 91 33 380
177 101 1 184
184 49 15 235
188 145 37 279
192 101 49 184
194 49 27 235
197 91 43 380
201 101 37 184
211 145 43 279
214 145 49 279
220 49 7 235
226 91 1 380
227 49 21 235
232 101 55 184
236 145 55 279
240 101 1 29
256 101 7 29
258 101 21 29
260 49 31 235
271 91 25 380
280 101 13 29
281 145 7 516
289 101 25 29
298 49 37 235
299 101 49 29
317 145 1 516
323 49 43 235
328 101 37 29
329 91 49 380
341 145 13 516
341 91 55 380
350 91 1 1028
365 101 43 29
371 91 13 1028
375 49 55 235
380 101 31 29
381 49 7 760
393 91 7 1028
412 145 19 516
447 91 25 1028
452 91 19 1028
453 91 45 1028
459 91 49 1028
463 49 49 235
473 49 1 760
479 49 13 760
480 91 31 1028
487 145 25 516
492 49 19 760
497 91 39 1028
499 49 31 760
505 101 57 29
508 145 31 516
509 101 25 874
509 91 55 1028
518 49 25 760
527 49 37 760
536 145 43 516
545 91 1 601
554 49 43 760
562 91 13 601
565 49 49 760
575 49 13 1182
577 145 37 516
587 145 49 516
590 101 31 874
597 91 7 601
607 91 19 601
609 101 37 874
617 91 43 601
618 49 55 760
620 49 1 1182
641 101 43 874
645 49 7 1182
649 49 19 1182
650 91 25 601
677 91 31 601
681 91 37 601
683 49 31 1182
689 101 1 427
703 101 49 874
712 91 55 601
715 49 25 1182
719 49 37 1182
723 101 55 874
723 49 43 1182
726 101 7 427
727 145 55 516
732 101 19 427
734 49 1 342
749 49 55 1182
758 91 49 601
762 49 49 1182
778 101 31 427
779 49 7 342
786 91 1 842
1 173 7 774
8 191 25 113
16 303 15 237
20 12 13 744
24 12 22 744
28 173 13 774
32 191 13 113
35 12 7 744
35 173 19 774
39 194 19 1
45 303 19 237
46 12 25 744
48 173 25 774
49 173 10 774
51 173 16 774
54 191 4 113
58 303 22 237
60 173 22 774
64 194 10 1
64 173 28 774
69 173 37 774
78 12 10 744
83 12 1 744
91 194 1 1
94 194 4 1
94 303 9 237
95 12 28 744
101 194 7 1
109 194 28 1
123 173 1 774
124 194 13 1
125 12 4 744
129 173 4 774
146 194 22 1
161 194 16 1
163 173 34 774
176 191 1 113
178 191 16 113
178 303 1 237
186 303 25 237
191 303 31 237
203 191 31 113
209 303 28 237
213 173 31 774
217 12 16 744
219 173 40 774
222 191 7 113
223 194 33 1
224 191 10 113
225 194 37 1
230 194 25 1
230 303 34 237
232 191 19 113
237 12 19 744
239 191 34 113
240 173 49 774
243 12 37 744
257 12 40 744
260 12 43 744
264 12 46 744
269 12 49 744
275 194 40 1
276 12 34 744
278 194 43 1
288 191 22 113
289 194 46 1
296 173 43 774
297 173 46 774
298 303 4 237
300 303 37 237
302 191 37 113
313 303 43 237
320 191 28 113
322 194 49 1
328 12 52 744
332 303 40 237
334 12 55 744
338 194 52 1
342 191 52 113
346 191 43 113
356 303 46 237
364 173 52 774
369 194 55 1
373 173 55 774
373 191 40 113
378 12 31 744
381 173 4 457
382 12 58 744
387 303 49 237
390 173 1 457
390 191 4 1050
398 173 58 774
399 12 1 1047
408 191 46 113
418 173 7 457
422 191 55 113
428 12 4 1047
430 12 10 1047
441 173 10 457
450 303 52 237
451 191 49 113
458 12 7 1047
463 12 13 1047
463 173 16 457
470 12 16 1047
472 173 13 457
493 191 1 1050
496 191 7 1050
499 191 58 113
501 194 1 230
511 12 19 1047
513 194 4 230
519 303 55 237
526 12 22 1047
529 173 19 457
530 303 58 237
532 194 7 230
533 12 25 1047
555 191 10 1050
565 194 58 1
569 191 13 1050
581 303 4 1016
582 173 22 457
583 194 10 230
615 194 13 230
618 12 28 1047
622 12 31 1047
625 12 40 1047
631 194 16 230
634 173 25 457
636 191 16 1050
642 303 1 1016
652 303 13 1016
659 194 19 230
666 194 22 230
674 194 25 230
682 303 7 1016
689 173 37 457
690 191 25 1050
701 191 19 1050
705 194 37 230
707 303 10 1016
714 12 34 1047
715 303 19 1016
717 12 37 1047
718 191 22 1050
722 191 34 1050
723 12 49 1047
732 194 31 230
732 191 37 1050
734 12 46 1047
743 194 28 230
743 173 31 457
747 191 31 1050
753 191 28 1050
762 12 43 1047
763 191 40 1050
767 303 16 1016
768 173 28 457
772 194 40 230
774 12 52 1047
775 194 34 230
779 194 43 230
783 303 25 1016
784 173 34 457
788 173 43 457
795 191 43 1050
796 12 3 834
800 191 46 1050
2 74 9 277
30 98 5 504
57 98 3 504
95 74 1 277
106 98 1 504
108 74 4 277
123 98 7 504
139 74 7 277
146 98 9 504
179 98 13 504
222 98 11 504
242 74 11 277
269 74 15 277
278 74 13 277
284 98 17 504
291 74 17 277
343 74 23 277
353 74 19 277
364 98 15 504
367 98 21 504
370 74 21 277
394 98 19 504
408 74 25 277
410 98 23 504
442 74 27 277
473 98 25 504
478 98 27 504
530 98 29 504
533 74 29 277
540 98 31 504
545 98 33 504
565 74 31 277
568 74 33 277
580 98 35 504
595 74 35 277
598 74 37 277
618 74 39 277
635 98 37 504
635 74 41 277
640 74 47 277
647 98 41 504
654 98 39 504
654 74 43 277
673 74 45 277
674 74 49 277
681 74 51 277
708 74 53 277
741 74 57 277
755 74 55 277
6 229 25 1170
7 253 19 937
12 38 19 263
47 229 31 1170
62 229 15 1170
66 253 25 937
71 38 31 263
74 229 7 1170
76 253 13 937
78 253 31 937
87 38 7 263
87 253 37 937
95 229 37 1170
101 253 43 937
114 38 25 263
130 253 7 937
131 38 1 263
138 229 43 1170
154 38 15 263
155 38 37 263
156 229 3 1170
163 38 43 263
167 253 55 937
170 229 19 1170
191 253 37 180
192 229 55 1170
201 38 49 263
202 253 49 937
206 38 55 263
208 38 37 1059
212 253 1 937
217 38 43 1059
217 253 1 180
241 229 49 1170
253 229 1 283
255 253 43 180
259 229 13 283
269 38 55 1059
276 38 13 854
294 253 7 180
320 38 49 1059
325 38 43 762
325 253 13 180
339 38 49 762
345 229 7 283
359 38 55 762
366 253 31 180
382 38 1 854
388 253 21 180
399 229 19 283
410 229 39 283
422 253 1 749
425 38 7 854
430 229 25 283
431 38 25 854
447 253 55 180
457 229 31 283
460 229 45 283
490 229 49 283
497 253 25 180
499 253 49 180
509 229 1 983
512 38 19 854
539 253 7 749
554 253 19 749
569 253 31 749
578 38 31 854
581 253 37 749
588 38 37 854
635 229 57 283
644 229 7 983
682 38 43 854
695 253 13 749
699 38 49 854
729 229 13 983
733 229 25 983
754 38 55 854
758 253 25 749
766 38 7 315
787 253 43 749
797 229 19 983
800 38 3 315
9 259 10 689
21 259 16 689
49 259 7 689
57 135 43 366
63 8 13 179
66 8 7 179
72 135 46 366
74 259 19 689
78 10 7 253
93 135 49 366
94 219 13 644
99 219 9 644
116 135 52 366
121 259 1 689
124 8 1 179
137 259 4 689
142 8 4 179
150 259 13 689
150 8 10 179
153 10 1 253
154 8 19 179
156 8 16 179
179 135 33 367
181 135 55 366
196 135 58 366
197 10 19 253
198 219 28 644
200 219 16 644
205 219 1 644
209 259 22 689
212 10 10 253
214 8 22 179
218 259 33 689
226 8 27 179
228 219 4 644
231 135 37 367
232 259 25 689
233 10 4 253
235 8 31 179
235 135 40 367
268 219 19 644
288 8 43 179
295 10 22 253
298 259 43 689
303 219 22 644
313 135 46 367
317 135 43 367
318 8 34 179
325 135 49 367
326 10 25 253
328 8 46 179
345 10 15 253
357 259 28 689
358 135 52 367
366 10 37 253
378 219 34 644
384 10 33 253
388 8 52 179
392 135 55 367
395 8 37 179
403 259 37 689
409 219 37 644
412 10 28 253
414 135 4 927
422 259 40 689
423 8 40 179
426 135 7 927
433 10 43 253
441 219 40 644
445 219 25 644
449 219 43 644
458 259 46 689
463 8 55 179
474 10 40 253
475 135 58 367
477 219 31 644
483 135 1 927
488 8 49 179
489 135 10 927
494 135 13 927
497 219 46 644
506 8 58 179
515 219 13 388
516 8 1 325
516 219 49 644
517 8 4 325
521 259 58 689
525 219 52 644
529 10 46 253
533 135 16 927
566 8 7 325
568 8 10 325
582 259 49 689
587 10 55 253
591 10 49 253
591 219 55 644
593 135 19 927
598 135 22 927
607 8 13 325
608 219 4 388
613 259 52 689
618 10 1 131
629 135 25 927
629 10 52 253
631 8 19 325
639 259 1 770
648 135 28 927
648 10 58 253
650 219 58 644
652 219 16 388
653 219 1 388
654 10 4 131
655 8 25 325
658 219 7 388
661 219 10 388
683 8 16 325
686 135 31 927
686 8 34 325
687 259 55 689
689 8 40 325
701 8 22 325
704 259 4 770
709 8 28 325
711 10 7 131
711 219 19 388
720 135 34 927
742 135 37 927
745 259 10 770
750 135 40 927
757 10 10 131
758 259 7 770
762 135 46 927
764 219 22 388
775 259 13 770
778 259 16 770
795 259 22 770
800 10 13 131
88 121 1 466
94 121 16 466
99 121 5 466
100 121 3 466
132 121 7 466
139 121 9 466
142 121 11 466
146 121 13 466
163 121 22 466
182 121 25 466
185 121 19 466
246 121 28 466
278 121 31 466
280 121 35 466
409 121 40 466
415 121 33 466
439 121 37 466
461 121 43 466
469 121 45 466
485 121 47 466
492 121 52 466
498 121 55 466
501 121 49 466
524 121 57 466
586 121 59 466
626 121 31 48
654 121 58 48
664 121 55 48
666 121 1 544
686 121 7 544
690 121 3 544
738 121 5 544
748 121 9 544
794 121 13 544
29 138 31 97
90 138 13 97
132 138 1 97
137 138 19 97
185 138 7 97
191 138 43 97
218 138 37 97
244 138 49 97
310 138 25 97
372 138 55 97
398 138 1 401
415 138 7 401
423 138 25 401
498 138 13 401
531 138 19 401
567 138 31 401
577 138 45 401
579 138 37 401
594 138 1 595
696 138 55 401
703 138 15 595
784 138 7 595
2 37 13 332
4 110 19 794
5 110 22 794
11 110 16 794
17 100 9 22
28 100 16 22
31 110 25 794
53 110 13 794
62 100 19 22
64 100 13 22
64 110 31 794
72 100 22 22
91 37 4 332
101 37 10 332
110 100 25 22
122 100 28 22
128 110 7 794
160 37 1 332
166 110 3 794
169 37 7 332
176 37 19 332
176 110 28 794
196 110 34 794
217 37 22 332
220 110 43 794
224 110 46 794
262 110 10 794
268 100 1 22
280 110 49 794
295 37 25 332
295 110 39 794
312 100 4 22
314 37 16 332
317 37 31 332
335 110 52 794
337 110 55 794
347 100 31 22
379 37 28 332
408 100 37 22
439 100 34 22
451 110 1 306
455 110 58 794
481 110 13 306
485 110 4 306
490 100 40 22
503 37 34 332
508 100 43 22
510 100 46 22
514 37 40 332
522 37 37 332
523 37 43 332
528 100 51 22
536 100 55 22
537 110 7 306
539 37 58 332
542 100 1 857
555 100 58 22
562 37 46 332
566 110 10 306
579 37 49 332
580 100 4 857
598 100 7 857
606 37 55 332
627 110 22 306
641 110 19 306
654 100 10 857
665 37 52 332
672 110 25 306
675 110 16 306
690 100 13 857
709 37 13 105
715 100 22 857
717 100 19 857
720 100 25 857
746 110 28 306
748 37 1 105
749 37 4 105
749 110 31 306
753 110 34 306
754 110 37 306
758 37 10 105
790 100 16 857
32 18 5 1155
34 18 23 1155
43 276 16 19
53 18 16 1155
85 18 1 1155
97 18 25 1155
114 276 1 19
116 18 7 1155
120 18 3 1155
148 18 9 1155
188 18 11 1155
193 276 3 19
221 18 13 1155
230 18 19 1155
234 18 21 1155
246 276 5 19
249 276 7 19
257 276 9 19
259 18 27 1155
274 18 31 1155
293 276 11 19
301 276 13 19
302 276 19 19
323 18 29 1155
328 276 21 19
350 18 33 1155
399 276 23 19
400 276 29 19
451 276 31 19
453 18 37 1155
475 276 25 19
491 276 27 19
518 18 35 1155
547 276 33 19
551 276 35 19
552 18 39 1155
561 18 41 1155
570 276 37 19
571 276 39 19
632 276 41 19
643 18 43 1155
663 18 45 1155
694 18 49 1155
699 276 45 19
709 276 49 19
717 18 47 1155
738 276 47 19
761 18 53 1155
769 18 51 1155
769 276 43 19
780 276 51 19
782 276 53 19
787 18 55 1155
788 18 57 1155
791 18 59 1155
792 18 1 1066
796 276 55 19
6 150 31 285
35 150 25 285
56 150 19 285
61 150 37 285
64 150 43 285
79 150 49 285
83 150 15 285
102 150 1 285
104 150 55 285
149 150 7 285
178 150 25 462
185 150 1 462
221 150 7 462
228 150 19 462
238 150 13 462
249 150 31 462
270 150 37 462
275 150 55 462
354 150 43 462
360 150 49 462
366 150 7 608
403 150 1 608
406 150 13 608
407 150 55 608
420 150 19 608
433 150 31 608
459 150 25 608
483 150 37 608
511 150 43 608
547 150 7 118
553 150 49 608
583 150 1 118
585 150 19 118
591 150 13 118
603 150 25 118
659 150 43 118
667 150 31 118
719 150 49 118
746 150 37 118
774 150 55 118
784 150 1 789
792 150 7 789
23 142 13 172
26 142 4 172
29 142 37 172
32 32 16 736
32 68 19 960
36 68 16 960
56 32 7 736
59 32 10 736
64 68 22 960
65 68 7 960
68 32 25 736
88 142 19 172
107 68 3 960
129 68 31 960
133 133 1 313
141 68 10 960
146 68 25 960
154 32 1 736
157 32 19 736
164 68 13 960
164 142 9 172
166 68 28 960
171 68 34 960
173 32 28 736
174 142 16 172
175 142 1 172
179 142 22 172
183 142 25 172
185 68 43 960
192 142 28 172
203 32 4 736
205 142 31 172
215 133 7 313
218 133 4 313
226 142 34 172
227 133 10 313
242 32 13 736
253 68 37 960
266 142 40 172
294 142 43 172
296 133 13 313
297 68 40 960
301 68 46 960
325 133 19 313
326 133 28 313
327 142 46 172
329 32 37 736
330 32 22 736
330 142 49 172
344 142 52 172
347 68 49 960
348 68 52 960
352 68 55 960
359 142 1 800
366 32 40 736
376 133 16 313
379 142 55 172
380 142 58 172
381 32 31 736
383 68 58 960
412 142 4 800
427 32 34 736
439 68 7 740
440 133 22 313
442 68 10 740
442 142 7 800
444 142 10 800
446 142 13 800
452 68 1 740
455 142 16 800
459 68 4 740
468 32 43 736
474 32 49 736
490 68 13 740
503 32 46 736
510 32 55 736
510 68 16 740
517 133 25 313
522 142 19 800
526 133 31 313
534 32 1 708
535 68 19 740
535 133 49 313
538 68 22 740
547 133 37 313
555 133 40 313
556 32 52 736
562 142 22 800
566 133 34 313
584 133 43 313
595 142 25 800
623 68 25 740
624 142 28 800
632 142 34 800
634 142 31 800
635 32 4 708
646 142 37 800
653 68 28 740
661 32 7 708
673 68 31 740
680 68 34 740
681 32 58 736
698 133 46 313
699 68 37 740
700 133 1 777
715 133 55 313
718 68 40 740
722 133 52 313
728 68 46 740
734 32 10 708
745 68 55 740
768 133 58 313
770 133 4 777
773 142 43 800
781 32 13 708
781 142 40 800
785 133 7 777
786 133 16 777
787 68 49 740
798 68 43 740
13 66 16 1192
15 66 13 1192
22 66 19 1192
29 66 11 1192
42 170 4 878
45 66 25 1192
50 66 9 1192
54 66 7 1192
60 170 13 878
65 66 21 1192
92 170 10 878
93 66 4 1192
112 66 23 1192
118 66 28 1192
128 66 31 1192
130 170 1 878
141 170 7 878
148 66 33 1192
158 170 15 878
159 66 1 1192
171 66 37 1192
200 66 35 1192
257 170 17 878
264 170 21 878
307 170 19 878
322 66 39 1192
365 66 41 1192
371 66 43 1192
378 170 23 878
383 170 25 878
385 170 27 878
387 66 47 1192
394 170 29 878
403 66 49 1192
412 66 45 1192
439 66 51 1192
477 170 34 878
480 170 37 878
490 66 53 1192
496 66 59 1192
521 66 1 961
536 66 3 961
538 66 5 961
558 66 7 961
565 170 39 878
578 170 43 878
579 170 31 878
607 170 41 878
635 170 45 878
637 66 55 1192
663 66 9 961
697 170 47 878
698 170 49 878
703 66 57 1192
706 170 55 878
732 170 51 878
734 66 13 961
748 170 53 878
750 170 57 878
752 170 59 878
756 170 1 33
764 170 3 33
786 66 11 961
789 66 15 961
795 170 5 33
4 295 25 772
30 295 31 772
49 217 31 195
65 217 13 195
102 295 15 772
116 217 9 195
168 295 1 772
169 295 19 772
172 295 7 772
178 295 37 772
198 295 43 772
200 295 49 772
200 217 19 195
201 217 25 195
211 217 1 195
216 295 1 743
270 295 55 772
294 217 37 195
302 217 43 195
305 217 49 195
307 295 57 32
311 295 55 402
316 217 7 743
345 295 21 743
346 295 13 743
365 295 25 743
392 295 37 743
404 217 55 195
422 217 43 743
424 295 49 743
434 295 31 743
484 217 55 743
488 295 1 982
537 217 13 873
553 295 7 982
573 295 25 982
596 217 1 873
650 217 31 873
653 295 13 982
678 295 21 982
679 217 25 873
700 295 37 982
700 217 7 873
707 217 37 873
726 295 31 982
728 295 49 982
759 295 43 982
773 217 19 873
788 295 13 395
793 295 57 982
4 79 22 582
16 99 19 1123
23 79 16 582
32 99 22 1123
39 79 25 582
43 79 28 582
49 99 37 1123
53 79 19 582
70 99 15 1123
77 79 4 582
78 270 13 968
82 99 25 1123
89 79 13 582
93 99 28 1123
105 79 9 582
117 79 31 582
134 99 7 1123
137 270 1 968
139 99 3 1123
157 270 7 968
169 99 31 1123
180 79 34 582
205 270 4 968
213 79 37 582
246 270 10 968
259 99 34 1123
281 270 19 968
293 270 22 968
300 270 16 968
319 79 1 582
325 270 28 968
356 79 40 582
359 79 43 582
363 79 46 582
385 79 49 582
386 270 25 968
386 79 52 582
406 270 31 968
419 99 49 1123
420 99 40 1123
421 79 1 522
430 79 55 582
444 79 13 522
448 270 37 968
450 79 58 582
469 79 4 522
478 270 40 968
482 99 10 1123
483 270 49 968
489 270 34 968
500 79 7 522
510 99 58 1123
513 79 10 522
540 79 16 522
547 99 55 1123
550 99 1 959
552 99 43 1123
598 79 19 522
627 79 25 522
644 270 45 968
667 99 46 1123
679 99 52 1123
681 99 4 959
685 270 55 968
688 99 7 959
688 79 22 522
691 79 28 522
692 270 58 968
702 79 31 522
710 79 34 522
711 79 43 522
712 79 37 522
718 99 13 959
720 270 52 968
722 270 4 1078
726 99 16 959
738 99 25 959
745 79 40 522
758 270 13 1078
759 79 49 522
760 270 7 1078
773 79 46 522
774 270 10 1078
1 255 10 318
3 155 28 154
14 255 16 318
18 211 19 997
19 13 31 253
25 56 22 1108
33 13 17 176
33 155 19 154
36 13 5 176
37 155 10 154
45 255 27 318
45 211 16 997
46 13 23 176
49 200 5 467
51 155 7 154
55 56 1 1108
59 200 1 467
61 211 25 997
61 155 31 154
66 56 5 1108
67 13 13 253
70 211 21 997
71 200 10 467
73 155 4 154
74 200 16 467
77 211 11 997
84 200 7 467
91 56 11 1108
92 200 13 467
96 255 5 318
98 211 7 997
98 56 17 1108
99 200 19 467
117 200 23 467
117 155 15 154
121 155 13 154
123 56 13 1108
124 56 7 1108
127 13 13 176
130 56 19 1108
131 255 7 318
140 155 1 154
141 222 1 350
145 222 5 350
164 155 23 154
165 155 17 154
173 56 9 1108
177 222 10 350
185 211 5 997
187 56 3 1108
193 211 1 997
199 211 3 997
202 222 13 350
203 200 25 467
205 200 21 467
205 155 25 154
206 13 1 176
216 56 31 1108
219 13 3 176
221 56 15 1108
224 211 13 997
225 211 23 997
226 13 7 176
230 13 11 176
235 255 1 318
236 13 25 176
239 56 37 1108
248 211 27 997
250 13 9 176
253 155 21 154
255 56 41 1108
256 211 35 997
261 211 9 997
262 211 37 997
263 155 34 154
274 211 33 997
278 200 3 467
279 222 3 350
282 211 29 997
288 255 3 318
292 155 37 154
294 13 19 176
304 200 34 467
313 56 25 1108
314 155 40 154
319 222 7 350
325 211 31 997
329 13 15 176
332 255 23 318
337 222 15 350
348 155 43 154
351 155 49 154
351 222 17 350
355 211 41 997
361 211 39 997
368 211 47 997
369 211 49 997
381 255 13 318
383 13 21 176
388 222 25 350
389 155 45 154
390 211 52 997
402 222 19 350
404 211 59 997
408 211 43 997
415 200 27 467
421 255 19 318
425 155 47 154
425 222 23 350
427 56 29 1108
429 222 21 350
434 155 52 154
443 200 29 467
444 222 27 350
445 155 55 154
448 211 4 345
450 222 29 350
452 56 27 1108
453 200 31 467
459 200 37 467
463 222 33 350
465 13 27 176
467 200 39 467
467 155 58 154
469 200 43 467
476 155 1 240
481 222 31 350
485 200 45 467
485 56 33 1108
489 155 3 240
492 200 55 467
494 155 5 240
496 56 35 1108
500 255 21 318
501 56 39 1108
501 255 25 318
502 155 7 240
503 155 9 240
511 155 11 240
518 222 37 350
520 211 1 345
527 13 29 176
531 155 13 240
536 56 47 1108
538 155 15 240
540 222 35 350
552 222 41 350
559 200 41 467
561 255 31 318
566 211 45 997
567 200 47 467
568 200 52 467
571 155 17 240
571 222 43 350
573 255 29 318
574 200 49 467
575 155 19 240
587 255 33 318
588 155 29 240
589 13 31 176
591 155 21 240
592 56 43 1108
599 255 35 318
601 200 1 886
601 211 11 345
601 222 39 350
602 13 33 176
603 13 35 176
605 155 23 240
612 211 55 997
619 155 25 240
621 13 39 176
622 222 46 350
626 200 57 467
626 222 49 350
630 255 37 318
631 155 27 240
635 13 43 176
636 222 51 350
644 155 37 240
649 155 31 240
664 13 41 176
671 155 33 240
672 155 35 240
673 200 59 467
673 56 53 1108
673 222 55 350
675 56 45 1108
678 56 55 1108
678 222 53 350
682 155 47 240
683 155 39 240
684 200 3 886
691 13 37 176
691 211 7 345
694 56 51 1108
698 13 51 176
701 211 57 997
706 222 57 350
707 255 41 318
710 13 45 176
712 255 43 318
721 155 41 240
723 255 47 318
726 56 57 1108
729 211 9 345
730 211 13 345
733 13 47 176
740 222 1 1018
746 155 43 240
754 255 52 318
760 255 45 318
765 255 49 318
765 155 45 240
767 56 59 1108
771 255 39 318
773 56 1 1190
775 13 49 176
783 155 49 240
784 255 55 318
789 255 58 318
795 255 1 571
795 200 7 886
799 222 59 350
2 7 43 306
5 149 25 430
22 7 49 306
33 35 21 957
39 35 31 957
42 7 55 306
43 7 31 669
44 35 25 957
53 35 37 957
75 149 19 430
78 149 37 430
87 149 31 430
93 7 21 669
97 149 43 430
106 35 13 957
118 149 7 430
124 7 9 669
133 35 55 957
136 7 13 669
147 35 7 957
152 149 49 430
161 7 37 669
199 7 43 669
214 35 1 957
224 7 49 669
227 149 1 430
251 35 43 957
254 149 13 430
256 149 1 258
267 35 49 957
275 149 27 897
283 149 55 430
296 35 1 1100
297 7 1 669
318 7 55 669
324 7 13 769
328 7 25 669
333 35 7 1100
372 7 1 769
376 35 25 1100
383 7 7 769
394 35 13 1100
396 35 21 1100
398 35 33 1100
404 7 25 769
409 7 19 769
418 35 43 1100
421 149 7 258
429 35 1 1162
432 35 49 1100
436 7 31 769
437 35 7 1162
443 35 13 1162
446 7 49 769
467 7 25 449
470 7 43 769
471 35 19 1162
471 149 13 258
484 7 37 769
491 35 37 1100
496 149 19 258
499 7 37 449
502 35 55 1100
511 7 55 769
519 7 43 449
523 149 55 897
557 149 25 258
582 149 31 258
600 149 43 258
601 35 25 1162
620 7 31 449
646 7 49 449
650 7 37 1078
657 35 31 1162
671 7 19 1078
691 7 31 1078
692 7 25 1078
693 7 43 1078
696 7 1 41
710 7 49 1078
721 7 55 449
729 7 55 1078
7 235 25 153
11 235 19 153
50 187 16 634
54 235 13 153
65 187 25 634
66 235 31 153
96 235 28 153
99 235 22 153
112 235 16 153
120 235 37 153
125 187 1 634
127 187 21 634
134 187 10 634
189 187 13 634
190 235 1 153
194 235 4 153
250 187 28 634
262 187 4 634
267 235 7 153
267 187 33 634
268 187 7 634
271 187 40 634
299 187 37 634
306 235 10 153
325 235 40 153
340 235 43 153
347 187 43 634
394 187 46 634
437 187 49 634
445 235 57 153
452 187 52 634
488 187 55 634
504 235 34 153
541 235 46 153
559 235 49 153
560 235 52 153
563 187 58 634
564 235 4 495
564 187 7 125
584 235 7 495
591 235 10 495
602 235 16 495
620 235 13 495
649 235 25 495
661 187 13 125
665 235 19 495
670 187 1 125
678 235 28 495
720 235 22 495
735 187 19 125
739 187 10 125
752 235 31 495
757 235 34 495
759 235 37 495
783 235 51 495
800 235 40 495
10 60 17 231
14 60 19 231
17 20 13 247
26 60 9 231
47 20 4 247
48 178 11 648
51 60 11 231
63 178 16 648
72 20 19 247
75 60 7 231
80 178 3 648
89 178 19 648
106 60 25 231
116 178 5 648
121 178 7 648
133 20 11 247
137 20 17 247
152 178 9 648
185 20 15 247
187 20 1 247
195 20 7 247
210 178 1 648
215 20 21 247
230 178 13 648
250 178 23 648
260 60 1 231
272 20 9 247
274 178 25 648
284 60 3 231
334 178 21 648
345 178 27 648
347 60 5 231
349 60 13 231
354 60 15 231
356 20 23 247
359 20 25 247
361 60 23 231
368 178 29 648
369 178 35 648
371 178 31 648
378 60 29 231
394 20 27 247
408 178 33 648
409 178 43 648
418 178 47 648
428 178 37 648
447 60 31 231
454 60 33 231
468 60 21 231
492 178 39 648
505 60 27 231
512 60 35 231
514 178 51 648
524 178 41 648
560 60 41 231
574 20 29 247
583 60 37 231
612 60 39 231
616 20 31 247
618 60 43 231
668 60 45 231
669 60 47 231
672 20 33 247
673 178 57 648
674 60 51 231
680 20 37 247
689 178 45 648
695 60 49 231
706 60 59 231
707 178 49 648
709 60 53 231
713 20 35 247
716 60 55 231
718 20 43 247
718 60 57 231
725 178 59 648
725 60 5 335
737 178 53 648
741 20 39 247
742 20 41 247
756 20 45 247
1 241 13 87
22 241 21 87
31 241 31 87
67 241 25 87
99 119 43 264
111 241 3 87
119 241 7 87
145 241 37 87
149 241 55 87
164 119 37 264
166 119 49 264
174 241 43 87
177 119 55 264
190 119 7 863
213 241 49 87
222 241 13 643
234 119 1 863
247 119 25 863
248 119 31 863
268 119 13 863
291 241 1 643
299 241 25 643
302 241 7 643
357 119 19 863
376 119 1 1153
384 241 19 643
386 119 43 863
398 119 49 863
408 241 49 643
435 119 7 1153
482 119 55 863
487 241 37 643
491 241 31 643
491 119 13 1153
493 119 37 863
502 241 45 643
521 241 3 90
525 241 55 643
526 241 25 90
531 119 25 1153
543 119 31 1153
559 119 19 1153
560 241 7 90
564 241 13 90
564 119 43 1153
582 119 55 1153
591 119 37 1153
598 119 49 1153
603 241 19 90
611 119 7 1062
623 241 49 90
640 119 1 1062
653 119 19 1062
664 119 25 1062
676 119 13 1062
683 241 43 90
693 241 33 90
697 241 55 90
704 241 37 90
711 119 49 1062
719 119 31 1062
727 241 1 572
738 241 7 572
741 241 13 572
742 241 19 572
744 241 25 572
746 119 45 1062
752 119 7 212
766 241 31 572
782 119 55 1062
798 241 37 572
800 241 7 767
68 89 31 618
71 89 19 618
114 89 37 618
123 89 43 618
148 89 25 618
191 89 55 618
204 89 13 618
241 89 7 618
270 89 49 618
285 89 1 618
295 89 57 272
320 89 37 105
367 89 31 105
378 89 43 105
401 89 19 105
432 89 55 105
461 89 27 105
519 89 49 105
528 89 1 548
536 89 7 548
567 89 37 548
593 89 25 548
607 89 43 548
633 89 31 548
635 89 13 548
674 89 19 548
685 89 49 548
722 89 55 548
791 89 49 401
29 311 40 1120
68 311 28 1120
83 311 4 1120
106 311 7 1120
120 311 15 1120
189 311 10 1120
215 311 1 1120
236 311 22 1120
241 311 19 1120
272 311 25 1120
283 311 33 1120
314 311 46 1120
319 311 43 1120
324 311 37 1120
330 311 52 1120
333 311 49 1120
356 311 55 1120
369 311 58 1120
414 311 16 125
456 311 25 125
490 311 4 125
523 311 28 125
533 311 22 125
565 311 33 125
582 311 43 125
609 311 46 125
649 311 37 125
670 311 49 125
676 311 40 125
693 311 52 125
720 311 55 125
762 311 58 125
783 311 1 690
14 59 21 49
41 59 25 49
72 59 28 49
104 59 31 49
119 59 13 49
135 59 7 49
159 59 3 49
186 59 10 49
339 59 16 49
344 59 34 49
349 59 37 49
367 59 40 49
381 59 43 49
385 59 52 49
397 59 49 49
426 59 10 753
476 59 46 49
511 59 1 753
529 59 57 49
547 59 4 753
572 59 7 753
589 59 13 753
597 59 16 753
616 59 19 753
626 59 22 753
773 59 28 753
781 59 37 753
785 59 25 753
26 17 11 914
78 17 5 914
85 17 19 914
101 17 3 914
107 17 13 914
110 17 7 914
147 17 1 914
156 17 9 914
195 17 21 914
216 17 17 914
241 17 15 914
280 17 23 914
333 17 25 914
342 17 29 914
356 17 27 914
374 17 31 914
387 17 33 914
397 17 41 914
405 17 35 914
507 17 37 914
538 17 39 914
555 17 43 914
570 17 45 914
614 17 49 914
618 17 47 914
624 17 51 914
710 17 53 914
730 17 55 914
13 301 19 479
51 301 25 479
109 301 1 479
129 301 15 479
139 301 37 479
152 301 43 479
160 301 31 479
217 301 49 479
219 301 7 479
233 301 31 62
240 301 55 479
241 301 27 62
261 301 49 62
277 301 43 62
278 301 37 62
293 301 55 62
396 301 7 357
423 301 31 357
441 301 55 357
475 301 1 357
477 301 13 357
511 301 25 357
516 301 19 357
565 301 1 161
596 301 43 357
603 301 37 357
605 301 51 357
617 301 7 161
629 301 13 161
658 301 19 161
670 301 31 161
675 301 49 161
692 301 37 161
703 301 43 161
710 301 25 161
718 301 25 509
743 301 3 509
748 301 55 161
758 301 19 509
760 301 13 509
767 301 43 509
777 301 7 509
780 301 31 509
799 301 37 509
3 189 31 566
13 189 25 566
56 129 31 463
59 189 16 566
86 189 7 566
100 189 19 566
106 189 28 566
113 129 7 463
127 189 34 566
128 129 13 463
131 189 37 566
135 189 13 566
139 129 16 463
150 129 1 463
151 129 4 463
157 129 10 463
162 189 22 566
175 189 4 566
186 189 1 566
190 129 19 463
199 129 25 463
216 129 22 463
223 129 40 463
227 129 34 463
249 129 37 463
262 189 40 566
271 129 43 463
297 189 10 566
313 189 49 566
335 129 46 463
342 129 55 463
349 189 43 566
367 129 28 463
370 189 46 566
377 129 58 463
380 129 52 463
382 189 52 566
389 129 57 696
426 189 13 537
434 189 55 566
452 189 4 537
453 129 49 463
474 129 1 922
474 189 58 566
475 129 7 922
477 189 7 537
478 129 4 922
487 189 1 537
491 129 10 922
526 129 19 922
536 129 13 922
537 129 22 922
548 129 16 922
558 129 25 922
562 189 19 537
571 129 31 922
572 189 10 537
581 189 22 537
590 129 28 922
594 129 37 922
606 189 16 537
620 189 25 537
629 129 34 922
648 189 31 537
649 189 28 537
656 129 43 922
663 129 40 922
665 129 55 922
672 129 46 922
686 189 37 537
740 129 51 922
748 129 4 1167
757 129 1 1167
781 129 58 922
784 189 40 537
789 189 34 537
21 153 19 781
43 153 37 781
65 81 31 56
74 81 37 56
98 153 25 781
141 153 15 781
142 153 31 781
170 81 1 56
199 153 49 781
207 81 43 56
228 81 25 56
235 81 7 56
243 81 13 56
247 153 43 781
292 153 55 781
295 153 51 1199
343 153 1 567
344 81 1 870
349 81 55 56
373 81 49 56
381 81 19 56
393 153 55 1199
411 153 13 567
415 153 19 567
424 153 25 567
438 153 7 567
441 81 33 870
443 153 31 567
454 81 7 870
486 81 13 870
516 153 37 567
551 81 19 870
563 81 25 870
583 153 45 567
585 153 55 567
605 81 37 870
606 153 1 943
612 81 57 870
637 81 49 870
661 81 19 808
686 81 9 808
692 81 43 870
703 81 37 808
712 81 1 808
723 81 13 808
734 153 15 943
735 153 25 943
737 81 43 808
756 81 25 808
761 81 31 808
769 81 3 591
783 153 7 943
798 153 49 567
47 144 51 240
82 128 57 627
106 128 31 167
108 144 55 240
115 144 19 660
131 144 31 660
133 29 13 791
144 144 7 660
150 29 19 791
169 128 37 167
172 128 43 167
189 29 25 791
190 128 55 167
192 128 43 537
195 29 1 791
207 128 1 287
214 128 7 287
229 29 7 791
233 29 43 791
249 144 1 660
251 29 31 791
256 29 49 791
261 128 57 133
281 144 37 660
282 144 25 660
289 29 55 791
308 128 55 537
311 128 49 167
320 128 13 287
335 128 25 287
340 29 49 258
351 128 51 537
357 128 37 287
357 29 55 258
359 29 7 288
362 29 37 791
375 29 37 258
389 29 13 288
397 29 1 288
404 29 49 288
421 128 21 287
432 128 31 287
435 128 43 287
436 144 13 660
436 29 19 288
440 29 25 288
443 128 49 287
452 29 31 288
457 29 55 288
458 128 1 821
461 128 55 287
461 29 45 288
484 128 13 821
488 128 7 821
490 144 43 660
504 128 19 821
522 144 55 660
530 144 1 569
530 29 13 307
531 128 31 821
548 128 25 821
557 29 37 288
571 128 45 821
580 29 7 307
601 29 3 307
604 144 49 660
605 29 31 307
624 29 19 307
628 29 49 307
633 29 25 307
640 128 49 821
642 128 37 821
651 144 13 569
659 128 55 821
662 128 1 944
663 128 13 944
670 144 19 569
697 29 43 307
716 128 7 944
727 128 19 944
728 29 1 726
739 29 37 307
747 144 7 569
755 128 25 944
773 29 55 307
788 128 37 944
15 294 19 900
17 58 15 702
32 294 25 900
33 11 31 203
36 294 28 900
41 11 28 203
46 58 28 702
50 294 22 900
55 294 13 900
56 294 34 900
56 58 43 702
73 58 7 702
84 294 9 900
102 58 19 702
107 11 15 203
109 294 31 900
111 11 25 203
113 11 22 203
123 294 4 900
125 294 37 900
135 11 34 203
144 11 1 203
167 294 16 900
185 58 22 702
190 11 4 203
198 58 10 702
199 294 40 900
200 58 37 702
205 58 34 702
209 294 1 900
218 11 7 203
220 58 1 702
229 11 37 203
235 294 49 900
238 58 25 702
244 58 4 702
265 294 46 900
269 58 46 702
287 294 43 900
308 11 10 203
309 294 52 900
326 294 55 900
327 294 49 749
329 58 40 702
337 58 49 702
342 11 19 203
359 11 46 203
360 11 40 203
363 294 58 900
364 294 55 749
366 294 52 749
379 58 52 702
395 58 31 702
396 294 13 893
415 58 55 702
424 11 43 203
427 58 58 702
428 294 58 749
433 11 49 203
434 11 58 203
443 294 1 893
446 58 1 42
454 11 55 203
457 58 4 42
489 294 7 893
489 11 52 203
492 58 7 42
493 294 4 893
495 11 1 17
499 58 10 42
512 11 4 17
514 294 10 893
514 11 7 17
533 294 19 893
544 294 16 893
544 58 13 42
559 294 25 893
567 294 28 893
577 294 22 893
603 11 10 17
607 294 37 893
616 58 16 42
619 58 19 42
658 294 34 893
660 294 31 893
664 294 43 893
672 294 40 893
687 58 22 42
689 11 13 17
693 294 55 893
700 294 43 572
702 58 25 42
702 11 16 17
705 11 40 17
716 58 31 42
731 58 28 42
736 294 46 893
737 294 49 893
749 294 1 70
749 11 19 17
765 58 40 42
770 58 34 42
778 294 52 893
793 294 7 70
10 264 25 273
15 226 22 846
30 264 11 273
55 264 5 273
60 226 16 846
80 226 11 846
95 264 9 273
109 226 34 846
114 264 13 273
124 264 16 273
149 226 25 846
151 226 27 846
154 264 7 273
173 264 31 273
178 226 29 846
179 264 19 273
184 264 1 273
194 264 23 273
200 264 28 273
242 226 31 846
260 264 3 273
295 264 43 273
323 264 35 273
341 226 19 846
376 226 37 846
382 226 39 846
403 264 21 273
409 226 45 846
413 226 47 846
421 264 33 273
435 264 47 273
456 226 41 846
467 264 37 273
469 226 49 846
501 226 43 846
509 264 39 273
511 264 41 273
513 226 51 846
518 264 45 273
536 226 53 846
563 264 49 273
585 226 59 846
587 264 53 273
588 264 58 273
597 264 55 273
622 226 55 846
626 264 51 273
630 264 1 384
638 226 1 202
647 264 3 384
684 264 5 384
694 226 57 846
704 264 7 384
706 264 9 384
707 226 3 202
716 226 5 202
729 226 7 202
741 264 11 384
784 264 13 384
792 226 11 202
796 264 15 384
800 226 16 202
21 274 25 355
42 274 31 355
44 274 37 355
53 274 43 355
62 274 49 355
73 274 55 355
80 274 15 355
89 274 21 355
106 274 37 73
115 274 31 73
134 274 19 73
195 274 9 355
197 274 49 73
199 274 13 73
203 274 55 73
236 274 1 355
257 274 1 73
318 274 7 73
328 274 1 335
332 274 25 73
345 274 31 335
367 274 43 73
389 274 7 335
437 274 13 335
448 274 19 335
452 274 37 335
486 274 25 335
506 274 21 570
507 274 49 335
531 274 43 335
570 274 25 570
608 274 31 570
617 274 1 754
619 274 37 570
639 274 57 335
673 274 13 754
702 274 43 570
761 274 55 570
790 274 49 570
57 164 13 12
118 164 4 12
148 164 19 12
154 164 9 12
168 164 22 12
172 164 1 12
177 164 25 12
205 164 16 12
219 164 28 12
231 164 31 12
277 164 40 12
301 164 34 12
314 164 49 12
328 164 43 12
336 164 37 12
399 164 46 12
424 164 55 12
462 164 58 12
472 164 52 12
477 164 4 915
508 164 7 915
546 164 1 915
564 164 10 915
625 164 16 915
643 164 13 915
694 164 22 915
695 164 25 915
701 164 28 915
728 164 19 915
751 164 31 915
778 164 37 915
799 164 34 915
4 5 29 131
9 5 17 131
44 5 23 131
87 5 19 131
98 5 31 131
130 5 21 131
200 5 40 131
261 5 33 131
263 5 25 131
268 5 35 131
288 5 27 131
289 5 49 131
436 5 37 131
520 5 51 131
598 5 43 131
608 5 45 131
621 5 47 131
672 5 53 131
679 5 55 131
689 5 59 131
698 5 57 131
736 5 5 798
1 224 17 409
12 224 23 409
27 224 10 409
64 224 1 409
81 224 19 409
89 224 29 409
116 224 13 409
117 224 5 409
168 224 7 409
228 224 31 409
267 224 3 409
275 224 15 409
307 224 21 409
331 224 25 409
368 224 27 409
385 224 35 409
402 224 33 409
424 224 37 409
436 224 39 409
437 224 43 409
466 224 41 409
469 224 47 409
490 224 55 409
542 224 59 409
547 224 53 409
590 224 1 526
671 224 51 409
708 224 45 409
731 224 3 526
743 224 49 409
3 42 34 280
14 42 25 280
76 42 7 280
83 42 19 280
84 42 28 280
107 42 31 280
128 42 16 280
139 42 13 280
151 42 22 280
155 42 4 280
157 42 37 280
162 42 40 280
170 42 10 280
182 42 1 280
217 42 55 280
220 42 46 280
228 42 43 280
231 42 49 280
235 42 52 280
291 42 58 280
303 42 19 250
349 42 15 250
388 42 31 250
417 42 25 250
424 42 22 250
457 42 28 250
490 42 57 250
604 42 37 250
606 42 34 250
612 42 4 499
613 42 40 250
663 42 49 250
704 42 43 250
791 42 46 250
795 42 9 499
9 278 19 690
38 278 21 690
115 278 11 690
185 278 13 690
220 278 4 690
293 278 25 690
312 278 7 690
321 278 9 690
405 278 17 690
410 278 15 690
416 278 23 690
440 278 29 690
448 278 27 690
460 278 35 690
488 278 37 690
506 278 31 690
510 278 33 690
523 278 41 690
534 278 39 690
548 278 43 690
597 278 45 690
619 278 47 690
632 278 49 690
646 278 53 690
660 278 51 690
662 278 55 690
674 278 59 690
681 278 1 910
698 278 3 910
797 278 57 690
1 309 19 94
31 309 37 94
78 309 43 94
81 309 25 94
84 309 49 94
86 309 13 94
87 309 55 94
99 309 31 94
165 309 19 1140
221 309 1 94
230 309 15 1140
276 309 19 189
296 309 7 94
299 309 1 1140
331 309 7 1140
371 309 37 1140
374 309 25 1140
386 309 55 1140
411 309 43 1140
414 309 31 1140
429 309 7 189
471 309 25 189
474 309 13 189
476 309 3 189
479 309 49 1140
482 309 31 189
574 309 39 189
630 309 49 189
643 309 45 189
648 309 1 379
673 309 19 379
677 309 55 189
682 309 13 379
692 309 7 379
699 309 25 379
762 309 31 379
791 309 37 379
59 313 23 105
79 313 25 105
108 313 7 105
116 313 17 105
154 313 35 105
186 313 41 105
228 313 47 105
237 313 53 105
273 313 59 105
277 313 1 454
279 313 5 454
344 313 7 454
345 313 3 454
377 313 9 454
411 313 11 454
450 313 17 454
493 313 13 454
528 313 15 454
548 313 19 454
550 313 21 454
586 313 23 454
615 313 25 454
618 313 31 454
633 313 29 454
642 313 33 454
740 313 27 454
13 225 31 778
54 225 19 778
56 225 49 778
119 225 25 778
124 225 37 778
142 225 7 778
147 225 13 778
192 225 1 778
227 225 43 778
281 225 55 778
287 225 1 561
427 225 7 561
429 225 13 561
458 225 19 561
473 225 27 561
479 225 45 561
483 225 25 569
492 225 31 561
499 225 45 569
558 225 37 561
570 225 49 561
640 225 57 561
656 225 31 569
666 225 3 767
669 225 37 569
676 225 49 569
694 225 13 767
695 225 31 767
762 225 1 513
57 46 25 393
59 46 19 393
60 46 28 393
68 46 37 393
71 46 16 393
150 46 40 393
213 46 7 393
227 46 13 393
282 46 1 393
338 46 4 393
340 46 10 393
354 46 49 393
362 46 31 393
370 46 34 393
371 46 22 393
377 46 45 393
382 46 55 393
383 46 52 393
484 46 4 82
489 46 58 393
546 46 13 82
584 46 1 82
595 46 7 82
611 46 19 82
634 46 16 82
641 46 10 82
677 46 22 82
699 46 31 82
733 46 34 82
750 46 25 82
762 46 37 82
793 46 28 82
16 260 23 516
18 260 29 516
23 47 52 951
49 47 55 951
50 260 11 516
62 47 57 951
74 47 59 951
77 260 17 516
100 47 1 581
108 260 35 516
121 47 11 581
123 260 41 516
126 260 5 516
138 47 7 581
151 47 17 581
164 260 47 516
166 47 13 581
174 47 5 581
181 260 53 516
206 260 59 516
244 260 1 593
261 47 3 581
265 260 3 593
273 47 9 581
290 47 15 581
293 260 5 593
303 47 25 581
306 260 7 593
318 260 11 593
341 260 9 593
346 260 17 593
357 47 23 581
370 47 19 581
383 260 19 593
383 47 31 581
384 47 40 581
392 47 29 581
399 47 27 581
426 260 21 593
443 260 23 593
450 260 25 593
475 260 27 593
480 260 29 593
483 260 13 593
512 47 33 581
514 47 21 581
525 47 35 581
537 260 37 593
559 260 15 593
561 47 37 581
563 47 43 581
569 260 35 593
589 47 45 581
621 47 52 581
626 260 41 593
642 260 43 593
642 47 47 581
658 260 39 593
725 260 31 593
739 260 45 593
754 47 59 581
785 260 33 593
789 47 49 581
20 122 19 840
23 122 25 840
27 122 31 840
32 122 37 840
42 304 25 3
48 122 43 840
51 304 31 3
62 122 25 1092
102 122 49 840
134 304 37 3
142 122 55 840
172 122 13 840
187 122 31 1092
195 304 43 3
211 122 7 840
238 304 1 3
253 122 13 1092
261 122 13 14
267 304 13 3
274 304 7 3
279 122 7 1092
302 122 1 840
305 122 1 1092
332 304 49 3
349 304 7 1046
355 122 19 1092
375 304 19 3
376 122 7 14
377 122 39 1092
378 304 55 3
394 122 55 1092
410 122 49 1092
419 304 55 750
485 304 13 1046
504 122 45 1092
511 122 31 14
516 122 43 14
518 304 1 1046
519 304 19 1046
534 122 19 14
562 122 25 14
600 304 25 1046
606 122 37 14
613 304 55 1046
625 304 43 1046
645 304 31 1046
652 122 3 14
674 304 37 1046
681 122 7 233
682 304 1 739
694 304 7 739
713 304 49 1046
724 122 15 233
726 122 1 233
741 304 19 739
752 304 13 739
756 304 31 739
759 122 25 233
768 122 31 233
780 304 25 739
22 104 13 69
81 104 1 69
95 104 31 69
107 139 19 545
145 139 15 545
155 104 9 69
173 139 25 545
182 104 21 69
188 139 1 545
222 104 28 69
259 139 4 545
296 104 16 69
307 104 25 69
313 104 4 69
321 139 22 545
323 139 7 545
333 139 28 545
335 104 34 69
339 104 39 69
344 104 43 69
367 104 49 69
379 139 49 545
400 104 46 69
438 104 58 69
440 104 52 69
440 139 31 545
541 139 10 545
563 139 34 545
574 104 55 69
600 104 31 88
611 104 37 88
612 104 34 88
614 139 37 545
628 139 40 545
633 139 43 545
661 104 51 88
680 104 40 88
680 139 46 545
692 104 55 88
708 104 25 169
708 139 7 642
728 104 28 169
750 139 52 545
771 104 43 88
793 139 10 642
2 215 37 42
14 316 29 439
20 316 17 439
31 316 23 439
89 215 43 42
111 215 45 42
155 215 47 42
155 316 35 439
156 316 11 439
164 316 41 439
211 215 52 42
231 215 1 86
248 316 5 439
252 215 49 42
256 316 47 439
278 316 53 439
298 316 59 439
301 316 41 62
312 316 25 62
335 215 55 42
337 215 58 42
348 215 1 178
388 316 7 644
398 316 47 62
402 316 35 62
408 316 53 62
411 316 59 62
434 215 5 178
452 215 7 178
453 215 3 178
467 215 9 178
473 316 5 594
498 316 1 594
503 215 11 178
529 316 7 594
531 215 15 178
534 316 9 594
544 215 19 178
546 215 17 178
552 316 3 594
554 215 23 178
555 215 13 178
595 215 21 178
606 215 25 178
610 316 11 594
613 316 13 594
619 215 27 178
621 316 15 594
638 316 17 594
657 215 29 178
667 215 35 178
675 316 19 594
680 316 21 594
682 215 31 178
696 316 23 594
733 316 29 594
745 215 33 178
755 215 39 178
758 316 31 594
770 215 41 178
787 215 37 178
11 239 22 714
11 271 28 167
34 239 25 714
37 239 13 714
38 239 28 714
45 239 31 714
48 271 28 624
79 271 21 624
81 271 31 624
86 239 10 714
90 239 34 714
120 239 19 714
128 271 25 624
134 239 43 714
150 271 16 624
153 271 4 624
189 239 16 714
230 239 37 714
231 239 3 714
234 239 7 714
238 271 7 624
242 271 1 624
251 271 40 624
271 239 46 714
274 239 40 714
282 239 49 714
285 239 52 714
286 271 10 624
313 271 13 624
321 239 55 714
354 271 52 624
365 271 49 624
366 239 58 714
369 239 1 638
373 271 34 624
406 271 43 624
440 271 37 624
462 271 1 1125
472 271 55 624
487 271 58 624
504 239 7 638
540 271 4 1125
543 271 46 624
551 271 7 1125
553 239 4 638
616 271 10 1125
621 239 10 638
665 239 13 638
688 239 19 638
697 271 19 1125
711 271 13 1125
741 271 25 1125
779 239 22 638
795 271 16 1125
22 305 16 93
23 124 11 185
26 126 17 345
27 233 55 153
37 233 16 1068
39 124 23 185
40 124 5 185
41 233 19 1068
43 305 23 93
47 305 7 93
57 124 29 185
67 124 17 185
73 233 10 1068
75 126 23 345
78 126 19 345
83 124 35 185
87 124 41 185
91 124 47 185
107 126 28 345
110 233 13 1068
115 126 25 345
116 126 21 345
135 126 31 345
137 126 35 345
138 305 1 93
141 305 3 93
141 126 33 345
141 124 53 185
143 305 11 93
145 233 1 1068
148 124 59 185
156 124 23 279
161 305 13 93
167 124 29 279
169 126 41 345
171 233 21 1068
172 124 11 279
185 126 46 345
189 126 37 345
196 126 39 345
206 124 17 279
214 124 41 279
222 126 43 345
239 233 5 1068
244 126 53 345
246 124 47 279
248 305 25 93
249 126 15 345
252 126 51 345
254 233 3 1068
259 124 53 279
265 233 7 1068
266 124 35 279
272 305 5 93
298 305 19 93
310 305 9 93
317 233 23 1068
322 124 59 279
324 124 11 430
326 233 31 1068
327 233 25 1068
331 124 5 430
333 305 21 93
338 124 17 430
344 233 27 1068
346 126 49 345
360 124 23 430
374 124 29 430
385 124 47 430
394 124 35 430
395 124 41 430
407 305 29 93
408 124 59 430
408 305 31 93
409 233 29 1068
429 305 27 93
430 126 58 345
443 124 53 430
455 305 35 93
468 233 35 1068
469 305 51 93
474 126 55 345
480 233 39 1068
495 233 37 1068
495 305 39 93
505 124 1 928
509 233 33 1068
517 126 11 400
522 305 33 93
530 126 5 400
538 124 3 928
541 233 41 1068
541 305 43 93
549 126 17 400
561 124 5 928
572 126 23 400
579 233 43 1068
581 305 41 93
581 124 7 928
585 305 45 93
604 305 47 93
625 305 49 93
627 305 53 93
630 126 29 400
631 233 45 1068
646 124 9 928
648 124 11 928
656 305 55 93
657 124 13 928
662 305 57 93
664 126 35 400
667 124 17 928
681 233 47 1068
683 305 37 93
684 124 15 928
702 233 49 1068
702 126 41 400
704 305 59 93
710 126 47 400
712 233 52 1068
732 233 57 1068
735 126 53 400
744 233 55 1068
748 126 59 400
749 126 7 514
753 305 5 390
756 233 59 1068
758 126 1 514
760 126 3 514
767 233 1 1179
769 126 9 514
769 305 17 390
770 233 11 1179
771 233 7 1179
775 124 22 928
775 126 5 514
781 305 11 390
784 126 11 514
786 126 19 514
791 126 13 514
797 124 25 928
797 126 15 514
799 305 23 390
6 287 37 100
8 287 31 100
20 287 43 100
33 287 49 100
36 192 31 805
37 192 19 805
53 192 25 805
67 192 37 805
74 287 55 100
96 192 43 805
99 287 25 100
172 287 19 100
183 192 1 805
199 192 55 805
202 192 15 805
209 192 49 805
215 287 25 140
230 192 21 1157
265 287 9 100
285 192 7 805
291 192 7 1157
300 192 1 1157
322 192 13 1157
322 287 1 100
327 287 13 100
333 287 13 140
347 287 1 140
352 192 25 1157
376 287 31 140
381 287 15 412
382 287 7 140
387 192 37 1157
399 192 31 1157
400 287 37 140
401 287 1 412
405 192 43 1157
415 192 49 1157
423 192 55 1157
451 192 7 606
468 192 1 606
478 192 13 606
487 192 19 606
503 192 49 606
513 192 25 606
514 287 25 412
518 192 31 606
520 192 37 606
524 287 19 140
527 192 43 606
531 192 7 715
543 192 1 715
574 287 43 140
575 287 21 412
597 192 19 715
614 287 57 140
646 192 55 606
647 287 49 140
650 192 43 715
688 192 25 715
697 287 7 412
707 192 13 715
716 287 57 412
722 192 7 911
737 287 37 412
754 192 33 715
765 287 51 412
787 287 31 412
9 88 21 28
80 88 5 28
102 88 7 28
113 88 25 28
125 88 11 28
131 88 17 28
139 88 19 28
152 88 13 28
187 88 27 28
278 88 1 28
294 88 23 28
298 88 15 28
305 88 9 28
321 88 3 28
380 88 29 28
420 88 31 28
440 88 34 28
445 88 37 28
459 88 43 28
466 88 39 28
475 88 41 28
515 88 45 28
572 88 47 28
593 88 49 28
630 88 53 28
645 88 51 28
709 88 55 28
718 88 59 28
12 33 25 35
13 176 37 461
13 93 43 406
17 93 19 406
26 72 31 35
27 33 19 35
40 72 37 35
48 176 31 461
54 93 25 406
66 93 37 406
75 176 25 461
80 72 43 35
83 72 49 35
93 33 55 35
96 176 49 461
98 33 33 651
110 33 15 35
115 72 37 1179
121 72 15 1179
123 176 19 461
134 33 25 651
145 176 43 461
151 72 43 1179
160 93 15 406
161 33 43 651
171 33 9 35
181 176 7 461
184 176 3 461
192 176 7 941
198 176 55 461
202 72 55 1179
204 176 21 941
212 72 49 1179
217 93 31 406
234 72 31 1179
235 72 3 35
237 176 1 941
245 72 3 1179
250 33 15 651
253 93 55 406
254 176 25 941
264 176 13 461
266 176 13 941
270 33 7 651
270 93 13 755
273 93 49 406
275 93 1 406
279 72 27 1179
303 72 1 109
309 93 7 406
312 72 9 109
320 33 1 651
322 176 43 941
326 93 1 755
331 72 13 109
332 33 55 651
337 93 7 755
339 72 27 109
350 176 7 757
353 93 43 755
358 176 55 941
361 93 25 755
365 176 1 757
375 33 27 928
375 72 33 109
385 33 19 651
392 176 49 941
401 72 39 109
404 93 1 26
417 176 31 941
418 93 19 755
421 93 13 26
427 33 51 651
439 176 19 757
446 72 55 109
449 33 57 800
455 176 49 757
489 72 19 1179
495 93 49 755
499 33 1 446
510 33 37 651
516 72 7 1134
540 176 27 757
550 72 13 1134
552 33 49 800
558 33 33 928
561 33 43 928
570 72 19 109
571 93 55 755
573 33 37 928
579 72 1 1134
584 93 33 755
586 72 43 109
602 176 43 757
620 72 49 109
624 176 37 941
626 176 7 1195
629 72 19 1134
631 93 37 755
637 93 7 26
639 93 19 26
644 93 25 26
645 176 13 757
648 33 7 446
651 72 55 1134
655 93 37 26
669 33 55 928
676 33 19 446
679 33 13 446
696 33 25 446
714 72 37 1134
719 176 13 1195
720 72 43 1134
725 93 33 26
730 93 57 26
739 176 57 757
742 33 31 446
758 72 33 1134
775 72 25 1134
778 72 43 558
778 176 19 1195
778 93 1 525
782 93 49 26
784 93 43 26
785 33 49 928
790 72 7 589
791 33 55 446
798 33 1 713
5 275 11 354
80 275 19 354
101 275 13 354
105 275 17 354
181 275 1 354
202 275 22 354
222 275 5 354
229 275 3 354
246 275 7 354
272 275 31 354
297 275 15 354
311 275 9 354
322 275 28 354
447 275 33 354
489 275 25 354
505 275 35 354
533 275 37 354
561 275 47 354
573 275 41 354
603 275 45 354
608 275 39 354
636 275 43 354
664 275 53 354
674 275 1 613
676 275 55 354
681 275 11 613
733 275 57 354
745 275 59 354
754 275 3 613
22 277 25 807
37 50 25 814
40 50 16 814
57 62 31 150
63 277 37 807
76 50 19 814
90 50 28 814
91 50 31 814
129 50 1 814
135 62 16 150
140 50 22 814
142 62 1 150
153 277 15 807
163 277 1 807
174 277 21 807
175 277 7 807
177 50 13 814
186 62 13 150
190 50 34 814
204 62 10 150
208 277 10 807
221 62 27 150
225 62 4 150
229 277 31 807
237 50 10 814
266 50 37 814
269 62 7 150
270 50 43 814
281 62 34 150
286 62 19 150
305 277 34 807
310 50 4 814
313 50 7 814
317 62 37 150
329 277 4 807
332 50 46 814
340 62 22 150
343 50 49 814
350 62 40 150
352 62 43 150
356 50 52 814
357 62 49 150
366 277 43 807
383 62 46 150
388 50 55 814
391 62 52 150
405 62 55 150
427 50 31 757
449 277 49 807
456 277 28 807
457 277 52 807
459 277 55 807
462 277 40 807
464 277 58 807
465 50 58 814
468 277 7 557
476 50 40 814
478 50 37 757
479 62 58 150
507 277 1 557
526 62 10 526
535 62 13 526
536 50 34 757
543 50 40 757
556 50 40 457
560 277 46 807
579 50 7 875
584 50 46 457
586 277 4 557
586 62 7 526
614 50 1 875
616 62 22 526
622 62 16 526
640 50 10 875
646 50 13 875
647 50 55 457
650 62 49 526
652 50 19 875
678 62 25 526
688 277 10 557
690 277 16 557
693 277 13 557
698 62 19 526
699 50 4 875
735 50 22 875
742 50 16 875
751 50 49 457
763 50 52 457
776 50 58 457
781 50 43 875
783 62 28 526
785 277 19 557
60 312 25 17
76 300 17 840
77 312 22 17
86 300 23 840
86 312 27 17
121 300 35 840
128 312 29 17
129 312 37 17
142 300 29 840
147 300 11 840
175 312 31 17
192 300 5 840
195 300 41 840
203 312 34 17
217 312 47 17
252 312 43 17
279 300 47 840
289 312 51 17
297 312 49 17
298 300 53 840
310 312 45 17
316 312 53 17
330 300 59 840
336 300 5 743
341 300 11 743
370 312 55 17
373 312 58 17
393 312 59 892
414 312 11 222
419 312 5 222
422 300 17 743
428 300 29 743
430 312 17 222
432 312 23 222
434 312 29 222
447 300 35 743
461 300 19 743
464 300 47 743
485 312 35 222
501 312 41 222
516 300 41 743
517 300 59 743
519 300 53 743
532 312 47 222
539 312 53 222
549 312 59 222
552 312 1 363
555 312 3 363
573 300 1 255
576 300 3 255
577 312 7 363
589 312 5 363
604 300 5 255
618 312 13 363
624 312 9 363
628 300 7 255
632 300 9 255
634 312 11 363
637 312 15 363
642 300 11 255
655 312 23 363
658 300 13 255
687 312 19 363
690 300 23 255
691 312 21 363
695 312 17 363
696 300 15 255
713 300 17 255
722 312 29 363
790 300 19 255
16 169 25 710
67 169 31 710
76 169 37 710
86 169 19 710
117 169 43 710
131 169 49 710
149 169 13 710
177 169 19 498
201 169 9 710
242 169 55 710
254 169 7 498
260 169 13 498
263 169 1 710
331 169 1 498
347 169 25 498
356 169 7 533
359 169 31 498
375 169 43 498
394 169 37 498
399 169 49 498
400 169 13 533
406 169 55 498
461 169 21 533
468 169 25 533
472 169 1 1189
486 169 31 533
493 169 7 1189
543 169 49 533
634 169 37 533
638 169 13 1189
657 169 55 533
659 169 25 1189
660 169 9 971
668 169 49 1189
710 169 37 1189
765 169 55 1189
10 188 27 1032
20 188 31 1032
30 188 19 1032
42 188 10 1032
47 188 37 1032
70 188 34 1032
93 188 40 1032
114 188 22 1032
158 188 1 1032
210 188 4 1032
232 188 7 1032
268 188 43 1032
271 188 49 1032
278 188 15 1032
384 188 46 1032
417 188 55 1032
448 188 46 379
450 188 43 379
456 188 52 1032
460 188 19 770
541 188 58 1032
583 188 58 379
633 188 49 379
651 188 28 770
691 188 52 379
712 188 25 770
754 188 40 770
772 188 46 770
9 315 35 29
15 9 59 240
35 315 17 29
50 9 19 571
87 315 5 29
106 315 19 29
122 9 13 702
157 9 3 571
168 315 11 29
175 315 29 29
177 315 41 29
183 9 5 571
186 315 47 29
191 315 59 277
200 9 7 571
202 315 53 29
210 9 9 571
216 315 5 547
228 9 11 571
254 315 55 29
307 9 13 571
318 9 17 571
322 315 7 547
338 9 15 571
348 315 3 547
360 9 21 571
387 9 23 571
406 9 27 571
412 9 25 571
426 315 16 547
436 9 29 571
439 315 10 547
454 9 31 571
463 315 19 547
472 9 35 571
491 9 43 571
499 9 41 571
509 315 13 547
538 315 1 547
568 315 25 547
578 9 37 571
584 315 23 547
596 9 33 571
596 315 21 547
598 9 39 571
627 9 45 571
637 315 29 547
662 9 47 571
685 315 27 547
709 315 31 547
713 315 33 547
723 315 35 547
729 9 49 571
739 315 41 547
741 9 51 571
742 315 43 547
743 9 53 571
746 315 49 547
762 315 53 547
766 9 55 571
768 9 5 643
786 315 37 547
792 9 17 643
18 195 25 594
58 195 34 594
59 195 37 594
61 195 43 594
90 195 40 594
122 195 46 594
135 195 49 594
140 195 52 594
173 195 55 594
182 195 58 594
186 195 55 1050
201 195 58 1050
204 195 1 175
208 195 7 175
234 195 49 1050
251 195 52 1050
254 195 31 175
275 195 10 175
336 195 13 175
347 195 16 175
364 195 4 175
379 195 19 175
458 195 37 175
474 195 25 175
486 195 22 175
512 195 28 175
557 195 43 175
602 195 49 175
651 195 40 175
654 195 34 175
659 195 1 989
682 195 55 175
693 195 4 989
708 195 10 989
717 195 52 175
740 195 13 989
771 195 46 175
772 195 16 989
788 195 52 740
69 77 13 1014
92 77 31 1014
97 77 27 1014
117 77 37 1014
120 77 43 1014
130 77 49 1014
170 77 55 1014
290 77 1 1014
296 77 19 1014
309 77 1 323
311 77 13 323
319 77 9 1014
348 77 19 323
349 77 25 323
351 77 31 323
361 77 43 323
413 77 7 323
487 77 49 323
489 77 37 323
497 77 55 323
534 77 25 754
548 77 55 522
550 77 31 754
558 77 9 754
572 77 19 754
583 77 39 754
592 77 45 754
645 77 55 754
695 77 51 754
724 77 7 320
785 77 3 320
12 318 55 379
23 318 19 1191
24 248 25 628
34 248 28 628
40 248 19 628
41 248 31 628
64 248 16 628
152 318 4 1191
163 248 4 628
166 318 10 1191
176 318 13 1191
182 318 7 1191
183 318 22 1191
215 318 31 1191
221 248 34 628
225 248 1 628
242 318 16 1191
268 318 28 1191
272 318 1 1191
277 318 25 1191
284 248 22 628
294 248 46 628
311 318 37 1191
316 248 13 628
324 248 43 628
326 248 7 628
328 248 10 628
330 318 40 1191
334 248 40 628
350 318 22 449
352 318 46 1191
387 318 52 1191
457 248 1 656
473 248 37 628
525 248 49 628
550 318 4 459
555 318 49 1191
575 318 34 1191
616 248 52 628
655 318 43 1191
712 318 7 459
717 248 57 628
747 248 4 656
753 248 7 656
19 207 28 45
25 207 34 45
27 207 37 45
47 207 40 45
94 207 43 45
126 207 46 45
136 207 49 45
163 207 52 45
180 207 55 45
182 207 27 388
188 207 58 45
193 207 37 388
245 207 31 388
273 207 34 388
278 207 55 388
289 207 1 220
291 207 40 388
296 207 46 388
307 207 43 388
315 207 52 388
330 207 4 220
334 207 10 220
338 207 49 388
346 207 58 388
367 207 7 220
385 207 13 220
403 207 16 220
417 207 37 220
424 207 19 220
428 207 31 220
505 207 40 220
509 207 22 220
579 207 25 220
652 207 28 220
658 207 49 220
664 207 46 220
665 207 58 220
672 207 43 220
690 207 34 220
750 207 1 1106
758 207 55 220
768 207 7 1106
798 207 10 1106
8 140 40 915
17 140 43 915
53 140 49 915
99 140 52 915
105 140 46 915
137 140 55 915
185 140 58 915
188 140 4 108
225 140 10 108
232 140 28 108
248 140 22 108
296 140 25 108
339 140 1 108
389 140 19 108
416 140 7 108
420 140 33 108
472 140 16 108
475 140 43 108
516 140 13 108
574 140 51 108
576 140 46 108
638 140 37 108
663 140 55 108
704 140 1 512
712 140 40 108
740 140 4 512
16 16 29 405
20 16 23 405
73 16 17 405
78 16 21 405
88 16 11 405
97 16 31 405
112 16 7 405
163 16 25 405
182 16 13 405
208 16 1 405
257 16 5 405
258 16 3 405
260 16 9 405
280 16 19 405
283 16 15 405
359 16 27 405
362 16 34 405
391 16 37 405
414 16 41 405
498 16 39 405
510 16 53 405
519 16 47 405
551 16 55 405
566 16 43 405
589 16 49 405
590 16 19 806
605 16 45 405
607 16 51 405
643 16 57 405
644 16 59 405
671 16 1 132
701 16 11 132
715 16 3 132
798 16 7 132
1 114 25 214
12 247 37 454
21 247 43 454
49 114 43 214
87 247 49 454
90 114 49 214
111 247 55 454
113 114 31 214
121 247 19 911
141 247 25 911
155 247 31 911
156 247 37 911
161 114 55 214
188 247 43 911
192 114 19 214
198 114 31 720
219 247 49 911
221 247 55 911
231 114 19 720
236 247 37 666
240 114 37 214
245 247 43 666
247 114 1 214
252 114 7 214
252 247 1 911
285 247 55 666
286 114 13 214
291 247 13 911
299 247 13 1039
321 114 13 720
323 247 49 666
341 247 1 1039
384 114 1 720
391 247 7 1039
432 247 19 1039
436 114 7 720
439 114 55 720
456 247 37 1039
492 114 25 720
502 247 25 1039
520 247 3 1121
533 114 39 720
545 247 7 1121
555 247 31 1039
579 114 19 777
606 247 43 1039
609 114 49 720
610 114 45 720
618 247 15 1121
622 247 49 1039
666 114 25 777
667 247 57 1039
676 114 31 777
676 247 25 1121
704 114 49 777
718 114 45 777
763 247 31 1121
776 114 43 178
59 206 5 778
71 206 23 778
86 206 17 778
293 206 29 778
344 206 11 778
370 206 41 778
372 206 35 778
384 206 53 778
420 206 47 778
426 206 59 778
433 206 58 914
466 206 1 992
469 206 55 648
480 206 3 992
485 206 7 992
518 206 5 992
535 206 10 992
543 206 13 992
570 206 15 992
576 206 19 992
590 206 17 992
594 206 21 992
622 206 23 992
645 206 28 992
662 206 25 992
711 206 31 992
726 206 35 992
759 206 33 992
5 285 31 676
8 285 43 676
26 285 25 676
35 285 37 676
86 285 49 676
138 285 9 676
239 285 55 676
252 285 13 676
260 285 49 983
292 285 1 676
335 285 57 983
351 285 19 676
375 285 1 239
399 285 55 1095
425 285 43 983
449 285 33 983
551 285 37 983
580 285 13 239
589 285 19 239
595 285 31 239
634 285 49 239
642 285 55 239
657 285 25 239
663 285 1 831
679 285 37 239
687 285 9 239
746 285 7 831
751 285 43 239
762 285 13 831
799 285 19 831
1 289 31 128
7 289 28 128
27 289 25 128
28 289 19 128
68 289 40 128
102 289 22 128
109 289 7 128
114 289 10 128
157 289 16 128
201 289 13 128
236 289 34 128
268 289 4 128
279 289 49 128
302 289 52 128
321 289 37 128
347 289 46 128
518 289 55 128
529 289 1 128
542 289 43 128
585 289 7 512
600 289 10 512
653 289 25 512
656 289 58 128
663 289 19 512
676 289 37 512
710 289 13 512
713 289 22 512
724 289 28 512
764 289 16 512
793 289 31 512
19 152 11 853
23 182 57 19
43 152 35 853
46 152 41 853
72 182 59 19
113 152 29 853
116 152 23 853
122 182 23 1016
138 182 31 1016
150 152 47 853
154 152 53 853
159 182 28 1016
169 152 1 714
171 152 1 853
175 152 59 853
180 182 37 1016
287 152 17 853
310 152 59 1199
314 182 33 1016
315 182 40 1016
318 182 43 1016
345 152 1 687
354 182 47 1016
354 152 3 687
358 182 45 1016
396 152 5 687
398 182 53 1016
402 152 7 687
454 182 35 1016
458 152 10 687
460 182 59 1016
471 152 17 687
478 152 19 687
536 152 21 687
539 152 13 687
544 152 23 687
551 152 15 687
590 152 25 687
605 152 28 687
606 152 31 687
613 182 49 1016
613 152 35 687
639 152 37 687
643 152 33 687
654 182 51 1016
662 182 5 1173
667 182 1 1173
671 182 55 1016
747 182 57 1016
775 152 39 687
780 152 41 687
781 152 46 687
7 177 43 504
15 177 49 504
21 177 55 504
25 177 49 178
40 177 55 178
65 177 49 770
83 177 55 770
94 177 31 770
138 177 33 1033
144 177 37 1033
190 177 25 1033
199 177 31 124
225 177 13 1033
231 177 43 1033
237 177 55 1033
241 177 37 124
263 177 7 1033
269 177 1 1033
284 177 49 1033
294 177 25 124
302 177 21 1033
305 177 43 124
306 177 1 124
369 177 7 124
393 177 13 124
481 177 19 124
515 177 19 181
544 177 55 124
551 177 1 181
556 177 7 181
568 177 13 181
586 177 49 124
629 177 37 181
643 177 49 181
713 177 37 739
9 65 57 302
15 90 25 947
20 65 28 656
21 90 31 947
28 90 22 947
70 65 25 656
81 90 34 947
119 65 22 656
124 90 4 947
132 90 19 947
133 90 37 947
146 90 28 947
147 90 49 947
157 65 31 656
168 90 40 947
172 65 37 656
193 90 7 947
197 90 22 442
215 65 10 656
220 90 52 947
224 90 15 947
246 90 1 947
263 65 43 656
267 65 46 656
281 65 13 656
283 65 19 656
306 90 55 947
307 90 10 947
308 65 40 656
320 65 31 857
328 90 58 947
329 90 43 947
334 90 46 947
336 65 16 656
339 65 34 656
343 65 52 656
352 90 1 442
372 65 49 656
373 90 4 442
386 90 7 442
390 90 10 442
419 65 28 857
425 90 13 442
431 65 55 656
436 90 43 442
451 65 34 857
457 90 16 442
461 65 40 857
470 90 19 442
473 90 31 442
485 65 58 656
495 65 43 857
504 65 37 857
506 90 34 442
522 65 46 857
525 90 25 442
532 65 49 857
566 65 55 857
569 90 46 442
592 90 28 442
596 65 52 857
617 90 49 442
635 90 1 1169
649 90 40 442
683 90 52 442
692 90 15 1169
720 65 58 857
722 90 37 442
754 65 7 1005
757 65 4 1005
765 90 7 1169
793 90 19 1169
798 65 13 1005
12 73 31 663
26 73 37 663
50 73 25 663
54 73 43 663
76 73 49 663
119 73 55 663
160 73 25 765
166 73 15 663
210 73 37 765
231 73 55 765
245 73 7 663
247 73 33 765
254 73 43 765
274 73 13 765
284 73 37 1162
318 73 1 663
333 73 55 1162
359 73 19 663
416 73 1 765
429 73 43 1162
433 73 7 765
453 73 19 765
489 73 13 182
516 73 31 182
530 73 19 182
582 73 25 182
590 73 3 182
611 73 49 765
616 73 37 182
781 73 49 1162
11 53 35 1170
13 53 23 1170
29 53 29 1170
40 53 1 1170
57 53 41 1170
65 53 47 1170
84 53 53 1170
95 53 11 1170
110 53 59 1170
156 53 13 1170
180 53 5 561
227 53 17 561
282 53 43 393
289 53 11 561
303 53 41 561
380 53 23 561
385 53 25 561
392 53 35 561
397 53 43 561
409 53 53 561
417 53 1 1102
430 53 3 1102
438 53 5 1102
455 53 55 561
462 53 7 1102
464 53 9 1102
484 53 11 1102
543 53 15 1102
632 53 13 1102
653 53 17 1102
669 53 19 1102
726 53 21 1102
748 53 23 1102
769 53 25 1102
770 53 27 1102
780 53 29 1102
799 53 31 1102
1 297 37 91
2 297 19 91
19 297 33 91
82 297 43 91
125 297 25 91
132 297 49 91
142 297 19 940
171 297 55 91
211 297 15 91
234 297 55 545
238 297 49 940
286 297 1 91
300 297 55 940
314 297 7 91
341 297 31 940
353 297 1 940
362 297 13 940
370 297 7 940
374 297 1 1127
413 297 25 940
423 297 43 940
495 297 19 1127
527 297 7 1127
552 297 13 1127
576 297 25 1127
586 297 37 940
591 297 31 1127
598 297 45 1127
636 297 37 1127
652 297 37 51
672 297 49 1127
700 297 13 686
704 297 55 1127
756 297 49 51
776 297 3 686
777 297 25 686
799 297 43 51
24 193 17 140
26 203 23 3
38 193 23 140
67 203 29 3
79 193 29 140
85 193 5 140
85 203 11 3
122 203 35 3
127 203 17 3
141 193 35 140
146 203 5 3
152 193 11 140
152 203 41 3
156 203 47 3
158 193 41 140
171 203 53 3
172 193 47 140
189 193 53 140
189 203 59 3
196 193 55 140
213 193 5 668
255 203 55 628
282 193 7 668
309 193 19 624
309 203 31 1
315 203 5 479
323 203 11 479
332 193 1 668
337 193 11 668
345 193 25 668
346 193 3 668
352 193 13 668
353 203 13 479
390 193 15 668
397 203 23 479
402 193 17 668
406 193 23 668
407 193 9 668
440 193 43 668
442 203 29 479
446 203 35 479
470 193 27 668
483 193 19 668
525 193 21 668
529 203 41 479
543 193 29 668
558 193 41 668
586 193 31 668
609 203 53 479
611 193 47 668
645 203 47 479
651 193 35 668
666 193 33 668
675 203 5 1157
685 193 45 668
694 203 59 479
698 193 39 668
705 193 51 668
714 193 49 668
714 203 11 1157
716 203 17 1157
738 193 37 668
747 203 19 1157
750 203 29 1157
772 193 53 668
774 203 35 1157
791 193 5 132
794 193 55 668
795 203 41 1157
2 209 55 495
14 161 31 557
42 161 37 557
54 161 49 557
103 161 43 557
110 209 43 495
119 209 31 961
134 161 55 557
137 209 25 961
162 209 43 961
167 161 25 557
169 209 49 961
176 161 31 604
192 161 31 1189
209 209 37 961
222 161 19 604
229 209 55 961
245 209 37 1125
250 209 31 1125
273 161 27 604
282 161 9 604
287 161 13 604
321 209 43 1125
337 161 37 604
338 161 43 604
343 161 25 831
355 161 1 604
356 161 19 1189
362 209 49 1125
364 161 7 871
365 209 19 961
374 161 49 604
399 161 7 1110
428 209 7 157
429 209 31 157
433 161 1 871
433 209 13 157
435 209 1 157
444 161 49 831
447 161 43 1189
469 161 57 604
486 161 37 831
491 161 45 831
500 161 55 831
508 161 49 871
515 209 39 157
524 161 31 831
528 209 19 157
561 161 13 871
563 209 51 157
581 161 33 871
585 209 25 157
587 209 25 255
589 209 33 255
596 209 13 327
614 209 7 327
617 161 19 871
636 209 45 157
640 161 25 871
641 209 55 1125
654 209 45 255
669 161 43 871
704 209 19 327
707 209 55 157
720 161 1 1110
723 161 19 1110
724 161 37 871
739 161 13 1110
751 161 7 1167
759 209 1 327
766 161 25 1110
785 161 57 871
2 249 11 816
24 249 28 816
71 249 35 816
84 249 17 816
89 249 31 816
96 249 23 816
126 249 13 816
130 249 5 816
148 249 40 816
168 249 9 816
182 249 33 816
186 249 19 816
196 249 25 816
211 249 37 816
240 249 47 816
251 249 1 816
259 249 21 816
267 249 43 816
268 249 49 816
273 249 7 816
297 249 51 816
326 249 45 816
330 249 15 816
391 249 59 816
397 249 53 816
415 249 46 547
419 249 3 816
424 249 58 547
463 249 47 537
483 249 59 537
486 249 55 816
512 249 57 816
558 249 51 547
654 249 49 537
655 249 55 547
684 249 11 651
685 249 5 651
691 249 39 547
759 249 29 651
68 102 55 777
88 102 37 777
158 102 19 609
226 102 9 609
249 102 43 609
277 102 3 609
343 102 13 609
352 102 31 609
362 102 55 609
365 102 7 835
447 102 39 609
468 102 49 609
582 102 13 835
625 102 25 609
665 102 1 835
676 102 43 835
680 102 55 835
692 102 19 835
702 102 1 241
733 102 37 835
743 102 7 241
756 102 13 241
771 102 31 835
779 102 25 835
784 102 19 241
37 71 31 208
40 71 25 208
58 71 13 208
69 71 43 208
73 113 31 632
75 113 37 632
76 71 55 208
81 71 21 208
88 71 49 208
100 71 31 591
111 113 49 632
118 71 37 208
143 71 37 591
153 71 25 591
179 71 15 591
193 71 19 591
212 71 43 591
239 71 49 591
243 71 7 208
272 113 19 632
288 113 7 632
308 113 1 632
311 113 1 683
314 113 25 632
327 113 37 715
332 113 7 683
336 71 1 208
360 113 43 632
372 113 13 632
373 113 13 683
393 71 1 1082
462 71 9 591
466 71 7 1082
466 113 19 683
473 71 55 591
509 113 43 683
519 113 37 683
539 113 25 683
545 113 37 1145
575 71 25 1082
610 71 13 1082
618 113 33 683
619 71 31 1082
620 113 55 632
628 71 9 148
629 71 45 1082
654 71 13 148
655 71 57 1082
702 71 19 1082
716 113 13 41
724 71 19 148
725 71 37 1082
726 71 25 148
741 113 7 41
744 113 57 668
763 113 55 715
767 71 3 148
779 113 55 683
35 236 31 384
37 236 37 384
59 236 43 384
86 236 55 384
104 236 25 384
125 236 43 745
274 236 55 745
279 236 13 745
320 236 7 745
326 236 49 384
368 236 19 384
393 236 19 745
471 236 31 745
502 236 37 745
511 236 49 745
535 236 1 745
536 236 25 745
549 236 51 950
572 236 31 950
677 236 43 950
695 236 1 1051
704 236 9 1051
753 236 39 950
782 236 13 1051
28 292 25 293
36 292 37 293
54 292 31 293
67 292 43 293
94 292 19 293
109 292 49 293
142 292 25 427
149 292 21 568
165 292 55 293
247 292 49 427
265 292 37 427
266 292 43 427
286 292 37 568
340 292 1 293
344 292 13 293
374 292 13 427
386 292 1 568
391 292 13 568
410 292 7 293
420 292 55 427
428 292 43 568
458 292 49 568
502 292 9 568
506 292 1 861
509 292 15 861
533 292 55 568
546 292 33 568
551 292 25 568
729 292 31 861
748 292 19 861
776 292 7 861
780 292 37 861
793 292 13 971
22 156 28 695
28 243 11 596
28 156 31 695
73 156 19 695
102 156 11 695
134 156 13 695
144 156 17 695
148 156 4 695
162 243 25 1032
162 156 1 695
181 156 23 695
183 243 13 1032
198 156 7 695
205 243 23 596
209 243 35 596
213 156 15 695
225 156 33 695
229 243 5 596
247 243 13 596
249 243 41 596
260 156 25 695
266 156 21 695
293 243 47 596
294 156 35 695
300 156 40 695
319 156 37 695
350 243 29 596
351 156 43 695
371 156 45 695
377 243 53 596
390 243 59 596
405 243 1 609
425 243 17 609
435 243 23 609
442 156 49 695
451 156 52 695
473 156 9 695
513 156 47 695
532 243 29 609
557 243 7 609
563 156 55 695
576 243 37 609
629 156 57 695
633 243 35 609
636 243 53 609
637 243 47 609
637 156 59 695
658 243 59 609
685 156 11 498
698 243 5 1033
705 156 5 498
706 156 17 498
711 243 11 1033
715 156 29 498
721 156 23 498
725 243 17 1033
736 243 29 1033
736 156 35 498
746 243 31 1033
765 156 47 498
773 243 53 1033
787 243 19 1033
800 243 11 1180
18 231 49 808
27 231 57 808
35 231 43 412
50 231 31 193
65 231 37 193
109 231 43 193
120 231 25 193
159 231 49 193
168 231 55 193
195 231 37 241
224 231 19 193
230 231 49 241
244 231 7 193
264 231 1 193
267 231 25 241
283 231 43 241
290 231 31 241
321 231 49 255
341 231 37 255
369 231 13 193
370 231 57 241
390 231 19 998
400 231 1 998
472 231 7 998
487 231 13 998
519 231 7 1118
522 231 1 1118
528 231 25 998
544 231 39 998
545 231 19 1118
562 231 55 255
645 231 43 998
647 231 31 998
667 231 49 998
731 231 13 1118
752 231 25 1118
1 55 23 359
11 55 25 359
19 55 5 359
45 92 29 825
58 92 11 825
85 180 29 937
92 180 17 937
94 180 23 937
104 55 1 359
108 92 9 825
114 55 17 359
118 180 11 937
118 92 13 825
124 92 23 825
132 92 5 825
136 55 9 359
140 92 19 825
141 92 21 825
170 92 7 825
179 180 5 937
183 92 31 825
190 55 11 359
202 55 29 359
214 55 13 359
234 55 15 359
236 55 7 359
245 180 41 937
281 55 31 359
282 180 35 937
287 180 47 937
304 55 41 359
321 55 19 359
322 180 53 937
326 92 17 825
327 55 3 359
333 180 59 937
357 92 15 825
367 55 35 359
369 55 21 359
372 55 43 359
380 180 5 1100
405 92 3 825
414 55 27 359
419 92 1 825
436 55 46 359
442 55 33 359
454 55 49 359
478 180 17 1100
486 55 52 359
514 92 33 825
521 55 37 359
532 180 11 1100
546 180 29 1100
549 180 19 1100
556 180 47 1100
559 92 35 825
565 55 41 498
567 180 41 1100
570 180 31 1100
584 92 25 825
587 180 59 1100
591 92 27 825
594 55 58 359
595 55 39 359
603 92 41 825
605 180 11 209
606 180 53 1100
608 55 53 498
608 92 37 825
624 180 1 209
625 55 55 359
626 180 17 209
627 55 59 498
642 180 23 209
658 180 29 209
660 180 35 209
663 180 47 209
669 55 53 748
675 55 23 567
693 180 41 209
699 55 59 748
715 180 59 209
721 55 5 567
732 180 53 209
742 180 1 607
766 55 11 567
768 180 10 607
775 55 17 567
776 92 47 825
780 92 43 825
787 55 29 567
789 55 41 567
796 92 49 825
50 67 37 910
80 67 25 910
87 67 21 910
105 67 49 910
149 67 31 910
150 67 43 910
183 67 7 910
206 67 3 1017
264 67 55 910
266 67 31 1017
286 67 43 1017
323 67 13 910
375 67 7 1017
382 67 13 1017
394 67 21 1017
411 67 25 1017
431 67 1 471
464 67 25 327
602 67 55 1017
607 67 55 327
610 67 37 1017
624 67 31 327
625 67 51 1017
630 67 39 327
653 67 43 327
719 67 7 471
744 67 51 327
745 67 25 471
746 67 13 471
777 67 31 471
6 263 59 545
8 263 17 572
16 263 35 572
17 263 23 572
18 263 41 572
28 263 29 572
47 263 11 572
51 263 46 572
58 263 49 572
91 263 51 572
130 263 53 572
144 263 13 237
172 263 5 572
248 263 13 545
263 263 59 572
287 263 7 237
301 263 5 1028
316 263 11 1028
342 263 17 1028
350 263 35 1028
392 263 43 1028
423 263 23 1028
494 263 55 572
501 263 29 1028
515 263 53 1028
520 263 59 1028
527 263 57 572
577 263 1 1159
597 263 37 1028
616 263 3 1159
653 263 7 1159
677 263 5 1159
687 263 25 1159
705 263 9 1159
734 263 19 1159
12 40 43 526
17 40 31 526
31 40 55 526
69 40 27 1159
76 40 31 1159
81 40 37 526
88 40 43 1159
128 40 37 1159
160 40 49 1159
170 40 25 410
258 40 9 410
360 40 55 1159
416 40 13 1159
529 40 13 410
556 40 21 1159
574 40 19 410
575 40 37 410
641 40 1 410
688 40 43 410
735 40 31 410
767 40 55 410
10 69 49 593
44 69 52 593
55 69 55 593
78 69 58 593
92 69 22 70
96 69 25 70
104 69 34 70
112 69 13 70
185 69 28 70
210 69 43 70
240 69 31 70
242 69 4 70
262 69 16 70
295 69 10 70
297 69 55 70
386 69 19 70
394 69 49 70
425 69 58 70
426 69 52 70
437 69 46 70
464 69 37 70
522 69 40 70
531 69 1 312
566 69 4 312
577 69 9 312
620 69 19 312
630 69 13 312
658 69 16 312
684 69 22 312
688 69 37 312
699 69 34 312
744 69 31 312
794 69 25 312
23 168 31 24
30 168 25 24
69 168 49 24
72 168 37 24
77 168 55 24
97 168 33 52
120 168 49 52
130 168 25 52
201 168 43 24
206 168 7 24
218 168 43 52
219 168 21 24
244 168 37 52
246 168 13 24
271 168 1 24
330 168 7 52
338 168 7 155
361 168 1 52
363 168 21 52
391 168 19 155
395 168 13 52
413 168 55 52
435 168 13 155
447 168 1 155
464 168 31 155
470 168 55 155
580 168 25 155
590 168 37 155
604 168 43 155
622 168 57 325
737 168 7 662
742 168 45 325
769 168 31 363
776 168 13 662
6 293 23 278
28 293 35 278
30 293 17 278
75 293 29 278
126 293 41 278
157 293 47 278
206 293 11 278
220 293 59 278
265 293 5 278
362 293 53 278
368 293 35 390
370 293 29 390
395 293 47 390
474 293 53 390
510 293 41 390
527 293 1 988
540 293 11 988
541 293 7 988
562 293 59 390
592 293 3 988
604 293 16 988
624 293 5 988
636 293 9 988
641 293 13 988
684 293 19 988
764 293 25 988
774 293 21 988
789 293 23 988
63 258 43 836
70 258 37 836
113 258 49 836
120 258 55 836
128 258 33 836
146 258 31 1180
154 258 27 836
166 258 37 1180
196 258 27 1180
248 258 43 1180
403 258 7 836
416 258 19 836
427 258 1 836
452 258 13 836
459 258 7 1180
496 258 1 1180
497 258 19 1180
511 258 13 1180
569 258 55 1180
610 258 7 389
667 258 3 389
670 258 13 389
718 258 49 1180
791 258 19 389
60 48 31 484
94 48 25 484
118 48 34 484
170 48 43 484
190 48 37 484
205 48 28 484
222 48 40 484
224 48 55 484
248 48 49 484
312 48 46 484
320 48 25 613
321 48 58 484
378 48 52 484
380 48 7 613
384 48 13 613
404 48 16 613
431 48 22 613
437 48 33 613
563 48 19 613
573 48 43 613
616 48 28 613
621 48 55 613
648 48 40 613
670 48 37 613
671 48 37 992
714 48 51 613
721 48 28 1059
738 48 58 613
764 48 46 613
786 48 40 992
14 165 39 825
22 165 45 825
24 165 51 825
74 165 53 825
100 165 55 825
106 165 57 825
148 165 43 82
156 165 59 825
244 165 41 82
303 165 45 82
319 165 47 82
465 165 51 82
534 165 49 82
611 165 53 82
688 165 57 82
719 165 55 82
750 165 59 82
58 212 37 959
66 212 43 959
98 212 49 959
100 212 57 959
121 212 31 959
122 212 31 638
144 212 43 638
153 212 49 638
162 212 27 638
180 212 39 638
226 212 13 642
227 212 55 638
286 212 49 642
322 212 19 959
347 212 37 642
398 212 19 642
420 212 25 642
443 212 7 134
446 212 31 642
523 212 1 642
554 212 55 642
563 212 1 134
578 212 13 134
613 212 19 134
614 212 25 134
627 212 31 134
633 212 55 134
639 212 43 642
723 212 7 664
755 212 1 664
763 212 45 134
790 212 21 664
2 246 16 657
32 246 28 657
88 246 22 657
110 246 19 657
116 246 31 657
127 246 25 657
168 246 34 657
170 246 46 657
175 246 10 657
177 246 37 657
178 246 4 657
232 246 40 657
254 246 49 657
318 246 52 657
328 246 7 657
334 246 1 657
342 246 13 657
343 246 43 657
382 246 43 687
438 246 46 420
462 246 4 597
549 246 7 597
608 246 49 687
620 246 43 420
738 246 55 657
746 246 58 657
751 246 13 597
768 246 55 687
775 246 52 687
779 246 40 420
5 61 55 1000
17 61 25 767
38 61 37 767
42 61 43 767
112 61 19 767
126 61 49 767
140 61 55 767
168 61 43 1005
171 61 39 1005
206 61 25 1005
207 61 31 1005
283 61 7 182
356 61 1 901
422 61 19 1005
479 61 27 514
498 61 51 1005
631 61 55 1005
774 61 31 514
782 61 21 514
8 286 28 654
9 286 25 654
19 286 19 654
36 286 43 654
40 286 22 654
76 286 46 654
92 286 37 654
103 286 31 654
112 286 34 654
133 286 4 654
153 286 40 654
167 286 13 654
181 286 49 654
236 286 52 654
241 286 55 654
271 286 7 654
308 286 7 282
310 286 49 247
347 286 10 654
355 286 16 654
358 286 1 282
383 286 55 247
401 286 10 282
421 286 4 282
438 286 13 282
488 286 52 247
500 286 16 282
548 286 31 282
554 286 25 282
580 286 19 282
582 286 46 282
583 286 22 282
602 286 28 282
608 286 7 303
629 286 49 282
632 286 58 654
650 286 52 282
798 286 34 282
24 201 43 419
30 201 49 419
37 201 55 419
47 201 25 1150
90 201 43 1150
101 201 49 1150
160 201 55 1150
162 201 15 1150
203 201 13 177
206 201 31 1150
231 201 25 177
237 201 37 1150
280 201 1 1150
284 201 33 177
297 201 25 664
308 201 43 177
340 201 55 177
351 201 55 577
353 201 9 1150
356 201 13 664
396 201 31 577
428 201 39 177
503 201 19 1150
507 201 19 177
592 201 7 177
615 201 1 177
624 201 45 577
635 201 31 664
668 201 7 918
705 201 43 664
85 111 49 22
112 111 52 250
144 111 55 250
152 111 7 22
172 111 17 1017
228 111 1 1017
325 111 7 681
337 111 19 1017
363 111 11 1017
373 111 29 1017
378 111 41 1017
403 111 35 1017
412 111 47 1017
432 111 59 1017
465 111 11 1156
488 111 5 1156
520 111 49 1017
521 111 17 1156
554 111 29 1156
565 111 23 1156
599 111 59 1156
608 111 35 1156
631 111 47 1156
646 111 41 1156
713 111 53 1156
721 111 11 124
764 111 5 124
770 111 17 124
7 96 49 142
75 96 45 142
79 96 55 142
136 96 52 142
140 96 49 835
147 96 58 142
159 96 7 885
167 96 19 885
278 96 10 885
295 96 31 885
319 96 52 835
324 96 34 885
363 96 25 885
381 96 28 885
382 96 22 885
446 96 16 885
464 96 13 885
482 96 43 885
516 96 52 885
542 96 37 885
591 96 46 885
592 96 40 885
625 96 57 885
724 96 49 885
742 96 27 988
763 96 37 988
787 96 40 988
789 96 31 988
7 252 31 213
31 252 16 213
55 252 25 213
231 252 34 213
272 252 46 213
304 252 7 213
316 252 19 213
330 252 1 213
463 252 10 213
482 252 4 213
526 252 37 213
529 252 22 213
546 252 40 213
548 252 13 213
593 252 51 213
662 252 28 213
670 252 55 213
685 252 58 213
692 252 34 1059
700 252 4 1200
766 252 43 213
55 24 31 753
65 24 43 753
140 24 31 943
168 24 49 753
257 24 55 753
348 24 37 943
359 24 51 943
402 24 21 943
427 24 43 943
451 24 37 595
456 24 55 943
482 24 19 595
485 24 25 595
541 24 31 595
560 24 55 595
574 24 13 886
593 24 9 886
612 24 25 886
641 24 49 595
662 24 43 595
709 24 19 886
54 137 55 512
80 137 49 512
118 137 49 708
142 137 43 512
159 137 37 708
176 137 37 446
238 137 19 708
365 137 55 708
446 137 25 708
465 137 31 708
467 137 1 1025
499 137 13 1025
511 137 37 577
539 137 19 1025
583 137 25 1025
600 137 49 873
683 137 19 1106
740 137 9 1025
767 137 19 298
797 137 43 708
19 21 49 715
74 21 49 927
93 21 31 303
126 21 55 927
129 21 49 177
158 21 37 303
188 21 49 303
196 21 43 303
220 21 19 303
259 21 49 509
331 21 55 303
358 21 13 303
363 21 33 1025
377 21 1 303
382 21 25 303
384 21 49 1025
389 21 25 1051
401 21 13 1055
435 21 19 1051
495 21 55 509
507 21 31 1051
510 21 1 1055
554 21 37 1025
569 21 7 1055
609 21 55 1025
699 21 19 1055
701 21 43 1025
737 21 13 1198
797 21 37 1051
7 105 34 334
27 105 28 334
33 105 37 334
40 105 31 334
58 105 19 334
82 105 40 334
89 105 45 334
91 105 16 334
105 105 22 334
119 105 49 334
138 105 25 334
142 105 52 334
143 105 1 334
145 105 55 334
161 105 1 626
208 105 58 334
212 105 7 334
235 105 13 334
245 105 55 626
313 105 10 334
336 105 7 626
360 105 4 334
362 105 4 626
367 105 10 626
374 105 19 626
380 105 13 626
409 105 49 626
442 105 16 626
460 105 22 626
488 105 43 626
497 105 31 626
503 105 58 626
523 105 25 626
554 105 34 626
575 105 46 626
627 105 28 626
641 105 37 626
647 105 7 646
680 105 1 646
722 105 13 646
751 105 4 646
52 160 31 979
71 160 28 979
129 160 19 979
200 160 9 979
291 160 22 979
324 160 1 979
373 160 25 979
403 160 13 979
410 160 4 979
424 160 16 979
507 160 43 979
517 160 34 979
521 160 39 979
557 160 46 979
571 160 49 979
597 160 13 132
603 160 55 979
604 160 19 132
636 160 22 132
674 160 16 132
684 160 52 979
733 160 31 132
737 160 28 132
787 160 25 132
42 298 49 1173
75 298 55 442
108 298 31 1173
243 298 43 1173
251 298 55 1173
366 298 13 1173
373 298 7 1173
391 298 25 1173
413 298 19 1173
450 298 37 1173
453 298 55 581
458 298 13 385
515 298 31 385
524 298 49 1060
537 298 43 1060
548 298 45 132
576 298 49 132
666 298 7 385
706 298 1 385
736 298 57 1060
748 298 37 132
90 198 11 208
132 198 17 208
214 198 5 208
242 198 35 208
277 198 29 208
288 198 41 208
330 198 19 208
370 198 53 208
395 198 59 208
448 198 7 640
482 198 47 208
505 198 9 640
526 198 57 409
547 198 11 640
566 198 13 640
580 198 1 640
588 198 3 640
595 198 15 640
607 198 5 640
623 198 17 640
638 198 19 640
668 198 25 640
679 198 29 640
764 198 27 640
18 320 21 655
91 320 25 655
131 320 43 655
165 320 49 655
205 320 7 655
214 320 15 655
232 320 43 187
243 320 49 187
250 320 55 655
289 320 7 187
307 320 15 187
387 320 19 187
405 320 31 655
406 320 1 655
412 320 49 664
422 320 7 1066
434 320 37 655
473 320 43 1066
474 320 33 187
491 320 1 187
528 320 31 1066
557 320 13 1066
671 320 25 187
678 320 37 187
680 320 7 1067
706 320 19 1066
734 320 25 1066
792 320 37 664
800 320 19 1067
5 163 37 875
11 163 31 875
15 163 55 875
25 31 37 134
64 163 49 875
73 31 49 134
95 31 43 192
109 31 37 192
124 31 49 192
127 31 55 192
136 163 19 1200
137 163 37 1200
158 31 49 363
161 31 49 494
167 163 31 1200
169 31 25 192
190 163 43 1200
218 163 49 1200
219 163 55 1200
229 31 43 363
254 163 37 1057
254 31 57 363
255 31 1 192
262 31 43 494
305 163 55 1057
323 31 39 363
333 31 31 192
355 31 7 192
403 163 25 875
430 31 19 192
440 163 13 1200
455 163 7 1200
500 31 25 363
506 163 7 1057
510 31 7 494
520 31 13 192
524 31 25 494
570 163 33 1057
571 163 1 1057
590 163 13 1057
593 31 1 494
598 31 13 494
624 163 13 1077
631 163 1 1077
643 163 19 1057
717 31 31 494
761 163 25 1200
790 31 31 662
41 202 34 607
173 202 37 607
177 202 28 607
180 202 7 607
201 202 31 607
226 202 40 607
227 202 49 607
228 202 52 607
285 202 19 607
290 202 43 607
294 202 55 607
361 202 13 607
395 202 3 607
407 202 3 1190
498 202 22 607
502 202 16 607
518 202 58 607
572 202 25 607
587 202 7 1190
602 202 19 1190
637 202 22 1190
749 202 10 1190
750 202 46 607
755 202 31 1190
1 4 47 247
37 4 59 247
54 4 23 640
91 4 34 640
98 4 37 640
114 4 31 640
165 4 41 640
210 4 46 640
222 4 49 640
252 4 21 640
284 4 43 640
312 4 55 640
377 4 5 731
429 4 11 731
477 4 39 640
525 4 1 731
568 4 57 640
571 4 52 640
612 4 7 731
796 4 59 640
797 4 3 731
4 218 31 798
131 218 55 798
187 218 37 798
215 218 49 798
235 218 25 798
240 218 25 389
244 218 43 798
250 218 43 873
252 218 55 873
270 218 19 798
292 218 13 798
316 218 37 233
436 218 1 798
453 218 7 798
494 218 57 233
497 218 51 233
501 218 19 233
518 218 39 389
527 218 31 389
538 218 43 233
563 218 37 471
567 218 51 389
585 218 1 562
595 218 43 389
600 218 13 562
615 218 55 389
639 218 7 562
724 218 31 562
733 218 43 471
744 218 37 562
753 218 19 471
772 218 19 562
782 218 25 562
791 218 7 901
16 290 37 282
31 290 43 181
36 290 55 282
51 290 55 569
60 290 55 181
68 290 43 317
112 290 25 181
117 290 55 187
136 290 55 317
217 290 25 317
266 290 49 317
273 290 19 317
296 290 31 181
298 290 31 317
307 290 49 976
316 290 25 976
330 290 55 420
346 290 37 317
358 290 7 317
364 290 19 976
418 290 1 317
442 290 37 976
464 290 1 976
465 290 13 317
482 290 13 976
486 290 7 976
556 290 13 1106
572 290 43 976
589 290 25 989
593 290 31 976
597 290 31 989
617 290 13 1117
640 290 19 989
687 290 37 989
707 290 43 989
713 290 1 1117
743 290 43 1106
66 52 13 263
145 52 11 263
146 52 35 263
154 52 5 263
174 52 29 263
213 52 23 263
242 52 41 263
296 52 53 263
324 52 47 263
349 52 59 263
386 52 35 753
438 52 53 753
445 52 40 753
486 52 47 753
501 52 7 926
546 52 59 753
570 52 4 929
610 52 17 929
633 52 1 929
644 52 11 929
697 52 22 929
698 52 7 929
708 52 13 929
709 52 25 929
735 52 29 929
759 52 9 929
799 52 41 929
17 284 55 132
70 127 43 1190
86 284 37 169
94 284 49 169
104 127 37 1190
107 127 49 1190
117 127 25 1190
164 284 43 169
183 127 49 14
195 127 55 1190
213 127 25 496
223 284 55 169
229 127 49 471
232 284 49 63
260 284 55 51
287 284 9 63
292 284 21 63
294 284 31 63
339 284 45 63
371 127 49 496
394 127 31 496
402 284 1 63
483 284 15 63
490 127 19 496
496 127 13 1190
513 127 13 496
527 127 49 956
529 284 37 63
544 127 43 496
555 284 27 63
564 284 19 111
571 127 19 971
581 284 55 63
591 127 1 971
592 127 55 14
599 284 1 111
616 284 33 111
622 127 37 496
632 284 15 111
637 127 31 971
657 127 37 971
665 284 25 111
677 127 25 971
713 284 7 111
727 284 7 165
728 127 7 1198
746 284 51 111
747 284 37 111
752 284 19 165
763 284 13 165
765 127 25 1198
778 284 55 111
791 127 31 1198
798 284 55 148
2 281 25 1018
4 238 58 108
21 281 34 1018
30 166 37 731
32 234 31 929
34 166 31 731
38 281 31 1018
39 281 37 1018
44 234 34 929
55 281 28 1018
77 166 25 731
77 238 28 1125
83 238 43 927
87 238 25 662
92 281 40 1018
102 166 34 731
104 281 22 1018
105 238 58 979
122 234 37 929
125 238 22 1125
136 234 43 929
143 166 19 731
146 166 40 731
146 234 19 929
149 281 27 513
154 166 22 731
155 234 49 929
156 234 52 929
159 234 46 929
178 234 34 264
187 238 58 175
193 234 55 929
193 281 43 1018
215 281 13 1018
223 238 1 1200
224 166 43 731
227 234 52 988
264 166 43 739
271 238 55 496
290 238 40 662
300 281 19 1018
305 234 25 139
306 238 58 496
314 166 13 731
341 234 43 988
355 234 46 988
355 281 52 1018
358 238 4 662
373 281 46 1018
377 238 19 662
382 166 46 731
389 281 52 526
392 234 58 929
399 234 4 139
400 234 34 988
411 281 3 1018
418 166 16 731
418 234 49 988
431 166 58 731
434 238 25 1057
435 166 28 731
450 281 7 1018
455 234 1 139
461 166 49 731
461 238 1 662
480 238 22 662
489 238 28 662
496 234 31 139
517 234 7 139
517 281 16 1018
522 166 49 739
522 238 43 662
535 166 52 731
542 281 10 1018
545 238 28 1057
548 238 49 662
552 234 55 988
554 238 52 662
557 234 55 1191
568 234 19 139
571 166 7 1117
582 234 52 139
586 281 55 1018
591 281 58 1018
592 166 19 1117
592 234 13 139
596 234 28 139
613 166 25 1117
620 238 46 662
623 238 43 1057
629 166 10 1117
631 238 7 1083
644 281 19 928
646 234 16 139
647 166 22 1117
656 281 49 1018
657 234 22 139
673 281 1 1005
682 238 37 662
694 238 3 1083
704 238 46 1057
710 281 10 1005
712 281 10 513
715 238 49 1057
726 281 43 282
729 238 37 1083
747 166 52 220
751 238 16 1083
758 166 46 875
761 281 7 513
766 234 37 139
779 166 46 739
784 238 57 662
786 281 21 513
789 166 52 739
789 234 10 139
Điểm tối ưu: 9457
Thời gian: 1.313349 giây
Trạng thái: GREEDY_DONE
