14801
1 10 53 1129
1 68 43 849
1 72 23 1115
1 184 28 1189
1 195 40 1424
1 213 35 513
1 214 1 1320
1 236 13 33
1 270 31 625
1 297 8 1313
1 324 17 578
1 336 37 1094
1 344 49 1375
1 351 19 273
1 396 56 1067
2 28 11 771
2 35 16 354
2 122 43 1435
2 129 13 479
2 133 53 1151
2 135 22 904
2 144 37 134
2 149 7 702
2 157 4 611
2 161 55 2
2 167 31 413
2 209 40 535
2 283 49 1196
2 332 26 573
3 34 16 1408
3 62 1 1426
3 81 49 413
3 142 3 89
3 144 46 172
3 158 13 589
3 166 7 113
3 178 32 1185
3 221 10 805
3 230 19 1127
3 238 23 341
3 263 25 225
3 283 55 537
3 312 38 468
3 349 53 629
4 7 52 37
4 70 55 834
4 81 3 120
4 96 37 1029
4 129 43 1086
4 138 34 303
4 144 22 575
4 202 7 788
4 260 49 849
4 277 41 743
4 306 1 842
4 342 25 164
4 354 11 1107
4 394 15 1300
5 22 31 842
5 25 53 979
5 96 43 877
5 114 22 110
5 132 13 860
5 172 11 992
5 183 7 125
5 199 35 449
5 250 55 224
5 254 1 103
5 262 38 696
5 267 5 554
5 287 47 105
5 302 49 1236
5 376 28 1324
6 68 19 1358
6 143 34 1332
6 156 26 799
6 158 43 1430
6 188 56 543
6 213 47 1278
6 217 17 1189
6 221 2 945
6 245 31 1241
6 247 7 809
6 289 23 1278
6 309 29 458
6 365 13 1399
6 382 11 1208
6 393 53 127
7 23 13 500
7 111 59 643
7 152 25 416
7 174 29 1442
7 201 15 1435
7 202 37 169
7 213 47 1018
7 228 7 1018
7 272 43 829
7 281 55 795
7 291 4 1187
7 355 52 619
7 364 34 175
7 368 19 1133
7 375 1 570
8 34 43 375
8 36 26 1403
8 99 7 241
8 105 41 578
8 138 13 839
8 140 11 1435
8 145 32 951
8 201 37 43
8 221 56 129
8 280 3 802
8 291 16 576
8 305 1 937
8 306 53 299
8 316 46 1092
8 379 59 1197
9 69 11 1271
9 79 31 470
9 100 1 1350
9 117 16 554
9 140 59 1173
9 158 50 136
9 189 37 116
9 194 34 1331
9 204 55 787
9 206 43 446
9 216 13 1418
9 245 5 1403
9 320 19 605
9 375 28 570
9 389 26 589
10 19 37 180
10 56 7 1297
10 69 53 804
10 98 59 1075
10 110 29 449
10 111 19 1190
10 136 17 1042
10 191 35 763
10 220 11 606
10 224 1 138
10 255 41 989
10 256 21 1286
10 285 43 1368
10 306 47 636
10 347 49 678
11 6 41 373
11 10 4 799
11 24 10 67
11 34 7 1070
11 93 55 1195
11 120 1 872
11 149 37 1456
11 168 49 1201
11 179 28 712
11 185 43 477
11 238 59 652
11 254 31 1469
11 256 19 1340
11 301 16 1475
11 308 14 813
12 31 59 1374
12 34 4 184
12 52 19 1152
12 72 11 598
12 85 1 1273
12 96 38 1197
12 116 29 805
12 122 49 479
12 130 53 956
12 158 7 1026
12 177 47 1016
12 200 13 127
12 244 22 1352
12 321 25 51
12 354 35 28
13 5 1 584
13 74 31 924
13 102 43 484
13 128 19 253
13 140 11 1173
13 152 7 832
13 175 40 1188
13 179 37 682
13 190 25 501
13 198 55 1369
13 251 52 103
13 260 15 1166
13 350 5 1210
13 369 59 537
13 398 35 494
14 6 58 364
14 35 31 976
14 41 7 1298
14 51 13 883
14 83 41 81
14 114 29 405
14 179 55 228
14 202 19 706
14 207 53 844
14 245 1 1203
14 313 5 8
14 333 35 484
14 349 17 752
14 356 45 1002
14 363 49 608
15 59 25 302
15 83 53 937
15 87 16 1097
15 88 31 572
15 93 43 706
15 105 11 1445
15 165 47 212
15 192 49 105
15 253 38 1128
15 267 35 727
15 330 13 1115
15 336 58 440
15 357 7 80
15 375 4 570
15 399 22 1290
16 14 28 1016
16 53 19 37
16 82 7 957
16 113 46 1014
16 119 21 1378
16 141 1 924
16 195 50 609
16 225 17 431
16 282 13 782
16 307 31 851
16 324 41 835
16 344 37 815
16 359 55 97
16 373 35 478
16 374 11 1384
17 15 43 413
17 51 7 308
17 57 11 991
17 88 31 1041
17 130 29 1151
17 151 41 1151
17 162 47 608
17 170 37 835
17 213 25 450
17 271 16 478
17 297 55 938
17 349 59 857
17 391 22 565
17 392 2 1241
17 394 19 708
18 16 13 1135
18 70 25 1362
18 94 19 473
18 103 4 894
18 122 49 86
18 177 35 533
18 179 56 761
18 213 17 288
18 269 40 995
18 276 31 225
18 322 10 1396
18 355 44 1098
18 358 23 567
18 366 1 900
18 374 53 230
19 87 34 1167
19 142 13 52
19 165 41 391
19 167 57 268
19 178 49 1188
19 211 11 573
19 218 1 1276
19 221 16 363
19 228 28 1373
19 242 26 923
19 244 46 752
19 258 21 536
19 312 37 655
19 377 7 1058
19 400 19 1155
20 7 40 125
20 18 46 796
20 23 29 500
20 48 19 518
20 53 17 1319
20 92 55 46
20 98 53 1195
20 105 11 675
20 115 25 815
20 171 49 860
20 196 4 450
20 217 59 529
20 336 1 453
20 367 31 71
20 393 7 318
21 9 49 407
21 57 23 1208
21 105 37 497
21 127 13 1151
21 134 1 1280
21 163 53 896
21 188 31 846
21 191 55 33
21 261 4 310
21 338 17 28
21 348 40 763
21 371 8 797
21 379 11 22
21 382 59 758
21 395 29 1259
22 12 19 1456
22 21 3 1290
22 30 23 1393
22 65 43 838
22 99 38 856
22 132 49 341
22 170 27 559
22 191 53 323
22 222 10 378
22 229 13 950
22 304 46 529
22 321 57 505
22 337 7 565
22 395 34 782
23 14 38 237
23 33 1 1368
23 66 26 505
23 102 13 22
23 135 16 534
23 136 5 1344
23 139 59 136
23 185 9 257
23 186 46 1341
23 286 43 851
23 306 7 251
23 314 20 924
23 333 41 700
23 339 55 469
23 391 49 1432
24 2 31 611
24 50 44 1280
24 103 41 1375
24 133 53 1408
24 138 14 325
24 194 28 17
24 209 10 344
24 211 35 1469
24 252 37 1156
24 256 2 415
24 307 56 1421
24 330 19 695
24 350 47 1210
24 380 7 368
24 387 49 205
25 12 13 609
25 123 19 805
25 125 23 169
25 179 10 92
25 186 49 1075
25 240 37 966
25 249 58 1365
25 259 5 1336
25 269 55 901
25 276 1 849
25 280 31 153
25 294 29 1378
25 330 7 214
25 347 44 269
25 397 41 1430
26 1 29 325
26 16 52 1135
26 50 41 275
26 140 23 1436
26 154 1 1285
26 174 47 954
26 191 17 33
26 193 5 237
26 211 10 694
26 232 13 625
26 237 34 816
26 244 37 1452
26 276 49 599
26 279 55 112
26 308 59 813
27 3 13 1278
27 40 49 501
27 63 25 170
27 66 43 528
27 80 7 1065
27 140 17 1087
27 202 37 1418
27 243 31 982
27 257 1 1223
27 288 22 1015
27 296 35 374
27 303 19 796
27 325 4 567
27 332 9 278
27 335 28 477
28 1 5 1055
28 3 43 358
28 47 11 1486
28 120 41 829
28 121 37 334
28 156 16 50
28 197 55 1091
28 198 19 164
28 255 47 178
28 264 27 1424
28 289 31 893
28 296 23 33
28 346 51 1456
28 361 7 230
28 400 49 972
29 9 19 1245
29 45 49 1279
29 49 1 703
29 87 52 590
29 96 7 218
29 146 34 79
29 163 32 387
29 169 55 89
29 246 17 551
29 275 29 979
29 307 44 1413
29 311 25 73
29 375 37 1271
29 390 5 118
29 396 13 476
30 7 2 639
30 50 43 1442
30 57 13 1065
30 61 7 165
30 76 37 486
30 98 17 315
30 120 9 260
30 143 25 1226
30 154 40 1372
30 170 19 1428
30 178 31 449
30 216 35 990
30 288 28 196
30 289 47 196
30 316 11 763
31 32 44 641
31 76 19 1471
31 105 13 184
31 136 25 920
31 166 55 1438
31 220 5 618
31 264 27 1075
31 269 10 995
31 284 22 599
31 306 35 842
31 330 16 1115
31 371 7 1454
31 380 40 481
31 385 47 851
31 396 50 789
32 13 35 67
32 17 1 1302
32 30 5 331
32 41 56 181
32 128 37 494
32 153 47 628
32 183 51 1150
32 193 19 1092
32 229 31 950
32 234 11 1121
32 279 7 1038
32 288 13 1168
32 302 43 170
32 305 23 954
32 325 16 1157
33 7 13 494
33 32 2 566
33 122 7 86
33 150 49 712
33 168 40 221
33 238 11 341
33 240 55 715
33 274 19 1100
33 278 47 386
33 285 34 323
33 289 29 540
33 293 59 989
33 319 43 505
33 328 16 118
33 329 22 627
34 23 11 877
34 25 4 1327
34 37 13 867
34 73 59 1178
34 79 19 90
34 85 22 973
34 117 52 390
34 128 33 1135
34 205 37 676
34 211 17 96
34 227 26 800
34 310 43 738
34 345 55 1152
34 346 7 877
35 52 31 151
35 59 43 40
35 100 55 149
35 117 4 416
35 128 37 1135
35 164 1 279
35 221 25 454
35 265 47 446
35 293 11 584
35 311 34 121
35 317 19 290
35 370 28 198
35 377 49 383
35 381 41 694
35 382 53 33
36 9 25 1071
36 51 7 90
36 57 13 198
36 61 55 599
36 68 43 1205
36 91 2 1388
36 115 19 1135
36 243 58 1014
36 267 16 520
36 270 38 110
36 317 31 967
36 329 52 334
36 332 49 874
37 10 53 1232
37 17 31 567
37 21 2 818
37 98 47 1388
37 161 43 535
37 168 40 896
37 220 35 860
37 310 7 1068
37 330 37 214
37 335 10 1335
37 362 19 602
37 366 16 1241
37 370 58 56
37 385 23 410
37 390 29 645
38 65 21 978
38 70 13 1362
38 73 11 1138
38 79 37 1016
38 82 55 1469
38 118 59 457
38 120 5 835
38 135 46 1100
38 168 40 643
38 173 19 467
38 185 25 1425
38 190 7 1476
38 216 29 990
38 270 31 1173
38 320 1 919
39 43 7 545
39 48 41 1070
39 66 44 251
39 67 31 1062
39 74 26 977
39 135 34 430
39 195 22 609
39 202 37 463
39 204 58 88
39 235 4 1141
39 240 13 353
39 289 11 134
39 355 1 652
39 391 49 570
40 22 19 606
40 42 25 873
40 50 29 222
40 57 53 911
40 114 1 2
40 116 17 727
40 177 41 1356
40 250 55 159
40 256 33 916
40 305 59 833
40 313 23 790
40 347 13 548
40 391 4 139
40 396 37 1178
40 399 10 431
41 21 19 771
41 24 49 924
41 55 23 545
41 77 58 1008
41 91 25 1002
41 126 11 929
41 163 53 1475
41 182 31 112
41 222 16 598
41 269 4 682
41 301 38 1259
41 310 44 563
41 356 7 1359
42 18 7 135
42 62 59 838
42 115 28 815
42 122 43 897
42 158 49 810
42 164 19 686
42 166 10 773
42 172 41 1433
42 197 1 237
42 212 35 712
42 274 22 1232
42 283 37 537
42 284 13 991
42 317 31 1031
42 322 25 185
43 10 45 165
43 48 41 1074
43 57 21 79
43 60 11 125
43 83 35 1226
43 118 16 1341
43 140 29 602
43 229 49 915
43 230 4 773
43 271 7 1190
43 312 56 374
43 352 31 364
43 353 1 1447
43 385 47 1372
43 397 23 455
44 23 59 110
44 33 46 871
44 69 17 1365
44 71 7 105
44 117 37 1166
44 233 5 1070
44 241 31 475
44 247 35 157
44 274 22 858
44 280 49 635
44 283 25 1468
44 298 43 350
44 323 13 638
44 375 1 529
44 399 19 22
45 7 37 279
45 14 7 136
45 68 13 1058
45 73 11 390
45 75 4 584
45 84 35 557
45 88 31 486
45 126 40 387
45 176 55 1280
45 178 25 1316
45 205 43 751
45 245 59 51
45 309 47 500
45 341 19 198
45 382 23 46
46 6 3 673
46 7 34 198
46 17 7 1154
46 141 55 924
46 149 19 1238
46 168 50 78
46 196 29 571
46 221 31 1227
46 268 25 805
46 284 46 414
46 323 43 675
46 346 13 269
46 387 37 929
47 9 7 172
47 10 59 1232
47 14 40 352
47 41 55 856
47 55 47 329
47 75 22 1488
47 108 49 1469
47 118 44 1341
47 138 16 1263
47 197 32 318
47 246 37 664
47 285 2 1336
47 297 25 1445
47 335 28 686
47 400 11 893
48 57 5 1127
48 67 37 814
48 159 23 1349
48 160 31 1475
48 162 41 1097
48 178 7 527
48 218 1 1018
48 233 35 286
48 266 13 1384
48 279 43 1000
48 317 49 1086
48 343 28 375
48 345 55 417
48 352 19 1154
48 383 16 653
49 5 58 638
49 41 43 789
49 61 53 523
49 75 13 672
49 103 47 1102
49 127 7 1151
49 172 29 950
49 195 4 1369
49 215 34 1082
49 224 25 254
49 237 19 1416
49 282 1 782
49 293 11 1022
49 310 22 446
49 359 55 409
50 4 22 535
50 8 59 149
50 58 37 1188
50 88 8 107
50 93 49 38
50 118 41 1276
50 119 15 1344
50 127 25 3
50 158 19 808
50 191 5 230
50 220 47 51
50 249 1 956
50 382 29 758
50 387 31 205
50 397 35 526
51 20 16 722
51 26 50 158
51 64 43 364
51 128 31 887
51 133 23 175
51 181 28 938
51 240 7 511
51 274 40 1031
51 294 11 90
51 298 13 768
51 336 25 175
51 344 56 1361
51 363 2 8
51 390 19 645
51 397 5 1298
52 54 1 681
52 148 16 440
52 155 25 1000
52 162 5 745
52 167 20 1067
52 181 43 801
52 203 7 760
52 206 51 809
52 207 13 1499
52 220 29 606
52 232 11 1426
52 249 37 1365
52 250 55 1130
52 369 49 431
52 400 41 972
53 1 4 448
53 44 11 1332
53 54 37 1223
53 81 13 463
53 111 17 386
53 130 41 1156
53 151 21 107
53 207 53 1167
53 255 23 360
53 264 43 977
53 307 25 252
53 336 34 802
53 338 59 224
53 364 1 442
53 399 49 578
54 21 37 420
54 70 26 1252
54 83 59 1162
54 93 19 583
54 156 7 1039
54 170 49 1002
54 180 11 1062
54 203 33 717
54 204 13 554
54 211 53 118
54 237 16 110
54 254 43 1469
54 337 4 430
54 343 55 676
54 389 31 1322
55 2 43 1018
55 28 59 254
55 73 40 355
55 79 7 1016
55 114 5 541
55 118 47 380
55 135 37 703
55 165 19 142
55 168 10 608
55 182 1 29
55 300 16 1010
55 312 25 509
55 327 31 804
55 344 55 815
55 366 13 1052
56 16 16 169
56 58 1 699
56 79 8 156
56 85 27 1340
56 105 11 1312
56 107 45 852
56 146 31 454
56 148 40 523
56 198 56 121
56 313 35 1413
56 316 23 1052
56 349 53 1461
56 350 5 267
56 366 37 764
56 383 50 268
57 2 33 410
57 32 52 565
57 36 1 1088
57 63 49 526
57 77 44 1261
57 91 55 554
57 103 23 89
57 149 25 30
57 196 47 722
57 197 7 1091
57 258 19 93
57 332 13 137
57 340 11 178
57 389 16 479
57 392 37 1052
58 27 58 1234
58 33 4 1420
58 43 13 447
58 137 19 920
58 148 31 1155
58 163 47 1185
58 195 34 497
58 216 11 823
58 236 49 938
58 251 28 650
58 288 1 730
58 304 22 470
58 345 7 417
58 367 37 386
58 397 16 1091
59 10 10 1232
59 54 43 708
59 86 22 311
59 115 7 1324
59 133 53 81
59 139 35 933
59 202 13 1310
59 206 56 1015
59 218 1 86
59 231 17 278
59 241 31 119
59 278 5 336
59 293 47 266
59 334 41 1239
59 372 29 823
60 56 55 518
60 60 5 683
60 67 52 645
60 111 11 858
60 133 37 699
60 250 7 980
60 277 17 271
60 284 28 414
60 285 49 410
60 353 41 634
60 354 23 1153
60 360 13 1305
60 376 34 81
60 390 1 1097
60 391 46 606
61 4 52 1354
61 112 4 572
61 154 49 318
61 178 32 703
61 268 21 1499
61 276 26 1014
61 289 19 111
61 290 11 924
61 321 43 577
61 335 40 1261
61 345 7 148
61 366 37 900
61 370 13 478
61 389 17 256
61 400 1 927
62 1 23 219
62 97 11 68
62 99 1 1186
62 145 49 643
62 146 37 1133
62 166 14 178
62 184 40 561
62 196 19 629
62 215 7 159
62 258 43 9
62 295 55 1188
62 304 28 1156
62 322 25 945
62 372 47 1361
62 390 35 1466
63 20 41 1492
63 78 47 1027
63 124 9 1493
63 156 4 1195
63 166 26 110
63 171 37 1038
63 224 19 248
63 271 34 655
63 280 57 1492
63 288 16 1138
63 358 23 706
63 369 29 1362
63 377 43 1307
63 384 50 876
63 393 55 1384
64 35 1 1042
64 39 47 1276
64 63 4 1059
64 100 25 256
64 142 31 89
64 164 19 470
64 197 38 318
64 276 56 67
64 295 7 758
64 307 13 1420
64 326 49 469
64 351 22 368
64 387 43 1466
65 7 40 170
65 9 49 1074
65 50 32 731
65 77 1 535
65 86 47 1322
65 149 13 206
65 164 28 73
65 169 55 1464
65 170 7 1092
65 242 17 455
65 310 4 1400
65 338 22 387
65 368 43 184
65 371 19 1341
65 373 59 305
66 9 1 218
66 25 5 266
66 48 35 92
66 61 10 1448
66 76 7 1471
66 78 29 409
66 98 47 315
66 124 49 790
66 128 55 618
66 150 43 279
66 184 16 940
66 234 23 1359
66 273 59 1102
66 315 31 1446
66 363 40 1359
67 14 37 352
67 83 35 214
67 91 7 637
67 101 41 1305
67 124 1 1281
67 150 55 1356
67 206 50 1381
67 229 31 903
67 253 13 1141
67 262 25 636
67 266 22 797
67 299 4 281
67 324 29 130
67 388 43 743
67 400 59 1281
68 8 53 125
68 71 19 1431
68 120 35 1211
68 130 11 81
68 136 59 297
68 163 1 1316
68 209 49 1058
68 232 23 782
68 233 41 329
68 244 4 750
68 282 28 355
68 314 13 634
68 360 7 305
68 369 17 561
68 396 37 761
69 21 1 1082
69 54 25 643
69 64 43 1239
69 87 16 1223
69 97 59 970
69 178 39 1185
69 253 49 297
69 282 10 802
69 314 31 892
69 321 19 1403
69 333 7 1159
69 345 55 949
69 350 47 1115
69 385 53 177
69 400 5 927
70 20 23 1432
70 95 59 1167
70 116 47 1171
70 122 25 389
70 151 4 447
70 210 17 116
70 213 40 472
70 217 43 1188
70 248 52 535
70 261 13 1250
70 331 19 578
70 351 55 743
70 352 33 261
70 382 7 246
70 400 11 256
71 11 1 527
71 90 27 1398
71 136 35 812
71 158 55 1026
71 213 5 1018
71 229 37 950
71 269 13 520
71 281 9 842
71 298 41 1211
71 307 51 1141
71 315 31 1200
71 337 22 30
71 341 46 757
71 371 43 181
71 397 49 1298
72 1 52 1412
72 69 47 775
72 77 13 1392
72 86 5 458
72 119 43 233
72 124 16 804
72 149 1 364
72 154 34 275
72 223 7 1392
72 264 37 1097
72 283 56 354
72 313 41 790
72 375 22 1408
72 376 27 738
73 113 37 1149
73 118 11 1341
73 177 17 894
73 225 29 874
73 240 19 680
73 241 49 197
73 247 47 1042
73 255 5 171
73 257 58 469
73 267 27 398
73 284 43 1045
73 358 7 534
73 369 23 1487
73 375 14 549
73 380 55 1365
74 65 1 113
74 68 37 812
74 73 35 475
74 91 19 440
74 94 43 306
74 96 49 718
74 120 7 1436
74 187 57 1050
74 267 55 398
74 315 25 844
74 329 16 629
74 365 31 1279
74 369 5 608
74 372 11 726
74 382 29 46
75 9 13 840
75 37 49 116
75 46 55 198
75 86 59 303
75 96 25 933
75 127 19 136
75 175 7 129
75 205 1 751
75 219 23 1492
75 233 35 1249
75 256 37 473
75 304 43 1316
75 311 46 554
75 384 31 876
76 8 11 1324
76 12 7 1223
76 20 41 722
76 34 32 1195
76 76 27 231
76 85 55 204
76 87 20 527
76 97 17 1027
76 105 23 1281
76 133 5 492
76 153 47 537
76 176 13 1039
76 266 58 1431
76 276 1 578
76 309 53 544
77 50 23 275
77 61 5 968
77 100 7 267
77 163 53 1152
77 175 55 1488
77 206 25 599
77 211 59 360
77 218 44 260
77 239 37 970
77 250 49 184
77 271 17 257
77 321 13 764
77 347 1 678
77 363 19 940
77 367 31 1252
78 6 47 1196
78 19 43 1432
78 67 27 1434
78 77 32 1392
78 85 10 1252
78 87 1 1442
78 178 13 880
78 184 49 107
78 194 55 83
78 234 35 790
78 271 53 149
78 280 20 153
78 327 40 76
78 336 37 145
79 20 41 945
79 153 53 843
79 168 43 589
79 186 16 1072
79 188 46 454
79 218 20 1031
79 249 1 1226
79 250 32 159
79 254 25 832
79 255 29 567
79 261 55 852
79 285 58 1222
79 343 13 310
79 351 4 920
79 377 49 419
80 6 2 373
80 24 28 1106
80 74 8 1356
80 126 53 198
80 128 49 303
80 136 5 80
80 174 23 352
80 183 43 1279
80 252 13 824
80 274 31 383
80 294 17 121
80 310 58 681
80 315 37 278
80 353 47 9
80 396 19 97
81 7 49 737
81 40 7 1210
81 79 52 966
81 165 11 391
81 172 29 915
81 181 37 1438
81 208 16 471
81 233 23 982
81 236 25 492
81 252 19 841
81 257 32 157
81 337 4 548
81 343 13 375
81 371 46 343
81 390 55 1106
82 5 25 551
82 41 43 305
82 51 31 987
82 56 13 380
82 57 11 1290
82 126 19 929
82 137 53 1091
82 159 23 842
82 194 58 1378
82 217 1 641
82 267 17 306
82 274 7 478
82 331 35 1087
82 362 3 1271
82 381 29 1130
83 18 25 135
83 30 4 157
83 72 29 410
83 82 13 702
83 90 19 1375
83 149 31 398
83 181 49 83
83 189 55 325
83 221 52 129
83 226 1 164
83 245 9 68
83 347 37 607
83 356 43 1447
84 21 7 686
84 49 49 241
84 72 17 1320
84 77 58 1305
84 83 23 1375
84 102 46 375
84 120 29 491
84 180 5 277
84 185 13 477
84 190 31 1226
84 212 35 617
84 279 1 1174
84 284 19 414
84 287 11 1197
84 294 40 1067
85 32 25 306
85 56 37 380
85 88 44 68
85 119 9 1188
85 138 4 707
85 173 41 437
85 179 55 269
85 187 28 954
85 205 19 751
85 246 51 664
85 341 13 1407
85 343 1 826
85 366 16 307
85 372 59 37
85 387 31 696
86 16 22 1252
86 76 49 308
86 82 31 1018
86 124 13 596
86 170 43 534
86 231 11 500
86 234 9 31
86 244 58 605
86 246 5 776
86 294 35 469
86 296 55 1196
86 316 17 738
86 324 25 432
86 333 41 1223
86 379 38 898
87 7 55 185
87 21 38 771
87 24 10 1365
87 31 59 992
87 48 33 750
87 66 25 905
87 134 17 1280
87 262 43 1426
87 263 19 447
87 270 13 1373
87 294 31 708
87 306 23 727
87 310 1 1068
87 334 47 747
87 398 29 537
88 1 29 834
88 7 40 1307
88 27 7 1428
88 30 11 685
88 65 16 628
88 93 1 903
88 126 53 548
88 164 55 279
88 189 19 1438
88 203 43 1027
88 279 49 71
88 296 47 1265
88 313 37 419
88 390 5 1395
88 391 58 998
89 23 10 736
89 33 28 871
89 51 38 834
89 81 55 1132
89 102 32 638
89 105 59 718
89 132 49 336
89 159 17 14
89 254 1 349
89 271 5 163
89 295 19 289
89 318 23 805
89 332 46 431
89 376 43 229
89 385 13 441
90 32 43 156
90 125 11 169
90 146 19 145
90 153 29 628
90 206 13 251
90 215 58 449
90 219 53 347
90 269 37 158
90 273 47 268
90 295 25 591
90 352 1 971
90 356 7 1282
90 379 5 306
90 394 49 1300
90 395 35 1209
91 46 13 954
91 126 28 347
91 148 34 1395
91 155 19 675
91 182 49 441
91 235 5 142
91 269 1 682
91 292 37 894
91 311 31 520
91 318 11 194
91 326 43 1388
91 376 55 40
91 392 7 1312
91 399 25 1271
92 1 53 1257
92 49 37 391
92 126 41 982
92 195 22 572
92 210 5 1094
92 223 25 1159
92 232 29 1386
92 263 49 1270
92 269 33 682
92 275 59 420
92 322 19 809
92 327 14 491
92 330 43 1393
92 346 7 373
92 360 1 305
93 55 23 1091
93 58 31 288
93 68 43 37
93 148 20 1451
93 151 49 50
93 161 55 307
93 168 28 608
93 178 1 1086
93 219 39 347
93 269 16 852
93 297 34 784
93 324 47 840
93 325 7 382
93 340 53 76
93 371 10 1178
94 39 16 17
94 40 40 593
94 117 31 1400
94 120 35 835
94 133 5 175
94 179 25 745
94 211 23 382
94 225 29 1358
94 237 13 110
94 285 52 1130
94 295 7 1435
94 311 1 121
94 314 19 804
94 342 43 1200
94 373 59 1152
95 15 13 1121
95 50 22 775
95 54 37 974
95 84 29 557
95 93 31 587
95 148 7 1137
95 152 25 713
95 197 49 1050
95 202 43 320
95 215 19 1082
95 257 10 339
95 272 1 1061
95 287 17 1351
95 289 41 911
95 385 5 1030
96 54 7 329
96 58 31 499
96 205 37 1469
96 217 11 551
96 227 1 1030
96 231 5 1201
96 239 13 970
96 244 25 752
96 280 44 961
96 285 34 1162
96 302 19 1228
96 328 52 30
96 359 58 375
96 363 28 706
96 366 49 872
97 26 4 695
97 42 23 896
97 117 10 1373
97 177 17 533
97 201 43 593
97 230 25 156
97 254 19 594
97 262 32 246
97 272 49 576
97 280 13 1476
97 285 7 121
97 388 37 1127
97 394 58 787
97 399 55 1190
98 15 13 474
98 56 51 627
98 60 55 320
98 96 25 936
98 126 29 929
98 178 7 763
98 180 23 771
98 188 43 989
98 227 31 471
98 325 40 382
98 340 49 664
98 351 1 513
98 371 4 1031
98 381 17 323
98 389 47 256
99 49 2 579
99 97 23 970
99 108 7 628
99 115 43 1281
99 173 17 904
99 177 53 1016
99 186 46 224
99 217 41 1189
99 240 19 278
99 243 13 1178
99 267 35 636
99 324 49 1061
99 343 31 716
99 363 58 1297
99 385 29 799
100 7 4 88
100 13 29 1454
100 24 37 111
100 38 31 1297
100 135 25 1039
100 179 16 1403
100 184 50 91
100 206 8 258
100 217 53 1188
100 322 22 809
100 324 41 73
100 346 44 197
100 362 57 398
101 22 33 356
101 32 49 307
101 39 1 17
101 48 11 1187
101 63 19 368
101 64 13 680
101 76 55 752
101 84 53 557
101 183 27 148
101 203 7 1024
101 248 37 874
101 286 44 469
101 288 3 628
101 316 17 883
101 324 31 840
102 97 47 467
102 104 23 814
102 137 5 591
102 161 31 417
102 163 1 1150
102 184 25 453
102 193 59 241
102 202 43 596
102 205 37 790
102 213 41 675
102 223 55 608
102 296 29 374
102 315 49 1200
102 337 10 1195
102 354 35 700
103 107 25 662
103 119 37 1201
103 181 1 799
103 228 19 86
103 248 33 768
103 266 22 637
103 274 49 1186
103 275 59 1151
103 330 52 829
103 341 4 4
103 347 43 1263
103 353 11 876
103 354 55 1107
103 359 13 248
103 376 7 1195
104 86 17 1368
104 97 35 1374
104 130 59 1249
104 137 10 638
104 147 1 402
104 191 29 253
104 232 47 782
104 268 31 1499
104 283 49 954
104 286 22 713
104 331 41 998
104 345 37 1189
104 386 55 501
104 389 4 233
104 390 7 575
105 13 23 67
105 17 51 584
105 35 4 1042
105 135 7 1229
105 144 38 1121
105 158 25 180
105 160 31 1374
105 183 19 1071
105 201 13 956
105 268 56 105
105 334 17 172
105 339 28 469
105 341 46 816
106 12 37 609
106 58 28 466
106 118 55 829
106 148 2 541
106 204 16 542
106 220 53 481
106 237 8 1416
106 255 35 892
106 275 23 541
106 293 59 1062
106 320 19 1022
106 351 25 1234
106 369 41 608
106 389 47 233
106 396 31 1178
107 3 31 910
107 13 41 1098
107 54 19 543
107 105 53 341
107 120 2 491
107 133 29 1408
107 147 4 1341
107 149 25 1395
107 205 13 676
107 224 43 608
107 251 55 1300
107 265 11 563
107 291 7 674
107 293 49 1022
107 378 17 871
108 20 47 74
108 35 10 1042
108 40 13 501
108 44 57 332
108 80 41 1278
108 113 22 184
108 194 7 179
108 232 59 261
108 248 19 355
108 256 37 307
108 354 35 1238
108 369 17 197
108 370 25 563
108 379 3 1493
108 397 55 926
109 18 7 1261
109 72 43 410
109 138 39 332
109 140 23 1356
109 176 49 237
109 186 45 520
109 230 13 1103
109 235 27 1344
109 250 19 1407
109 274 16 1369
109 277 59 9
109 313 10 289
109 368 55 523
109 373 29 478
109 376 4 860
110 81 38 585
110 84 28 940
110 104 5 880
110 105 55 1205
110 123 57 283
110 127 1 1062
110 150 8 1407
110 188 46 301
110 194 49 1263
110 231 17 584
110 256 13 1337
110 267 52 153
110 343 43 1209
110 347 21 1300
110 377 31 1346
111 65 25 978
111 93 1 587
111 116 47 471
111 180 5 1446
111 185 49 194
111 232 41 1259
111 239 20 559
111 249 43 1365
111 251 28 1436
111 263 7 598
111 266 31 1038
111 287 35 1109
111 291 13 633
111 384 37 876
111 393 11 497
112 14 31 127
112 41 43 1298
112 52 26 1241
112 61 13 1344
112 120 29 260
112 192 19 955
112 210 35 1353
112 220 10 892
112 221 49 28
112 324 8 1015
112 327 52 1434
112 340 17 901
112 383 4 1107
112 384 55 876
112 390 1 697
113 7 46 933
113 29 13 131
113 33 10 871
113 54 31 681
113 59 51 989
113 163 17 1339
113 222 1 1250
113 229 37 1222
113 233 59 1434
113 260 27 584
113 331 5 706
113 335 55 237
113 341 43 202
113 371 7 49
113 399 22 1210
114 8 41 1004
114 93 37 634
114 200 20 127
114 218 25 1121
114 240 43 28
114 254 7 866
114 259 17 775
114 277 23 743
114 279 31 1074
114 288 49 628
114 318 5 1282
114 354 53 867
114 362 56 415
114 374 15 513
114 389 11 233
115 28 59 160
115 37 1 867
115 40 22 188
115 81 39 475
115 91 7 181
115 97 19 768
115 99 31 527
115 112 28 700
115 157 13 1331
115 203 49 1476
115 231 5 1231
115 245 11 1241
115 258 44 768
115 264 55 682
115 381 53 817
116 36 32 1075
116 66 13 1107
116 216 7 823
116 228 10 350
116 233 5 1149
116 248 49 270
116 255 41 840
116 265 29 1070
116 277 25 1424
116 304 43 135
116 346 1 877
116 359 56 188
116 360 19 824
116 371 37 1341
116 394 46 355
117 8 11 1030
117 28 29 1195
117 93 49 903
117 131 3 874
117 134 53 1205
117 156 19 903
117 172 5 634
117 175 56 457
117 179 34 1092
117 205 43 676
117 255 59 178
117 285 40 410
117 364 31 1433
117 377 25 419
117 394 7 380
118 34 57 1346
118 62 5 1399
118 114 35 260
118 125 55 1038
118 146 28 1097
118 172 53 812
118 197 1 694
118 253 13 1320
118 262 49 138
118 292 31 788
118 341 19 1387
118 351 44 1314
118 353 11 402
118 398 47 1252
118 399 8 97
119 30 5 172
119 31 41 572
119 42 11 873
119 52 37 905
119 79 52 758
119 120 7 79
119 143 49 1038
119 148 31 968
119 190 1 1138
119 203 27 760
119 212 25 549
119 263 43 71
119 287 47 1351
119 297 34 1155
119 383 16 268
120 19 25 409
120 72 53 776
120 85 14 1271
120 118 29 1276
120 172 41 454
120 195 43 523
120 205 49 751
120 264 32 441
120 322 19 165
120 326 3 93
120 340 23 1105
120 352 55 69
120 368 7 1420
120 383 46 619
120 387 37 1466
121 4 58 286
121 35 25 275
121 56 37 727
121 95 5 468
121 119 13 1173
121 124 55 1307
121 190 1 1476
121 227 7 316
121 252 43 3
121 270 31 1366
121 306 47 299
121 317 49 352
121 321 19 51
121 329 28 1488
122 46 50 486
122 72 29 598
122 76 25 1446
122 84 56 56
122 95 11 1167
122 130 17 956
122 186 22 118
122 212 47 712
122 231 5 1387
122 293 41 1373
122 321 37 608
122 333 35 33
122 383 31 476
122 384 1 1055
122 389 59 1413
123 12 2 471
123 19 45 1353
123 134 16 800
123 137 43 737
123 156 32 843
123 166 38 461
123 173 13 437
123 201 55 467
123 216 29 839
123 232 23 120
123 279 25 708
123 307 19 407
123 333 59 606
123 342 9 712
123 350 7 533
124 8 47 458
124 95 28 230
124 102 55 30
124 115 31 1324
124 145 43 316
124 146 39 311
124 160 49 891
124 208 20 471
124 233 11 544
124 243 53 415
124 283 7 157
124 308 5 271
124 322 13 605
124 330 2 397
124 374 59 513
125 5 55 1239
125 15 19 1168
125 122 25 50
125 125 41 1038
125 137 23 638
125 151 13 1245
125 168 10 897
125 193 4 461
125 194 51 1024
125 262 37 1426
125 353 49 544
125 366 7 761
125 373 29 696
125 374 47 898
125 391 1 469
126 33 7 882
126 46 19 1483
126 114 59 675
126 115 37 382
126 157 10 611
126 179 16 587
126 263 1 175
126 304 31 1004
126 318 5 957
126 325 34 470
126 342 13 187
126 347 26 251
126 354 47 1223
126 356 49 17
126 369 41 197
127 43 25 1231
127 84 17 188
127 99 44 254
127 156 9 374
127 168 52 717
127 172 41 1395
127 221 49 212
127 264 55 1197
127 273 59 1366
127 298 35 509
127 312 31 468
127 315 1 950
127 326 20 1024
127 369 29 1038
127 374 5 967
128 15 49 1205
128 61 19 1102
128 74 31 1356
128 86 46 809
128 96 37 933
128 109 7 499
128 114 5 540
128 172 17 1197
128 218 25 813
128 239 1 788
128 247 41 876
128 303 43 1392
128 334 35 1454
128 335 10 1056
128 370 55 896
129 70 1 1015
129 79 13 470
129 87 22 160
129 121 43 635
129 122 49 897
129 124 7 350
129 135 58 1486
129 159 53 383
129 181 19 301
129 216 39 233
129 234 55 1298
129 243 47 179
129 260 16 130
129 296 5 815
129 323 10 583
130 51 1 90
130 63 37 481
130 86 17 458
130 129 10 1086
130 142 46 89
130 145 19 323
130 203 55 892
130 236 31 492
130 261 43 750
130 275 23 69
130 309 59 159
130 314 13 1089
130 337 28 278
130 380 52 354
130 395 5 775
131 23 53 110
131 46 56 1483
131 91 20 181
131 139 25 499
131 199 47 360
131 215 49 159
131 231 13 682
131 240 15 1447
131 276 34 1020
131 281 1 528
131 312 9 356
131 348 43 795
131 350 7 1307
131 392 37 512
131 394 28 484
132 25 31 579
132 31 40 31
132 51 19 308
132 60 1 1271
132 75 52 1105
132 161 13 433
132 177 37 702
132 210 47 639
132 255 35 662
132 259 11 795
132 273 59 391
132 278 23 1209
132 291 3 1492
132 292 55 788
132 337 43 796
133 47 47 1112
133 120 4 1436
133 124 31 239
133 133 41 1210
133 134 7 317
133 229 37 915
133 235 22 26
133 239 25 970
133 241 9 197
133 283 49 275
133 285 1 363
133 343 34 577
133 344 13 1374
133 354 17 179
133 360 19 222
134 50 59 1442
134 68 55 1137
134 84 11 602
134 95 29 1167
134 125 7 93
134 127 45 911
134 185 1 477
134 187 31 228
134 235 41 178
134 240 25 511
134 243 35 265
134 267 43 475
134 317 37 891
134 375 14 590
134 387 50 1467
135 10 9 823
135 21 57 755
135 63 16 1103
135 67 20 466
135 91 1 440
135 111 29 214
135 123 25 523
135 174 49 1056
135 189 51 950
135 196 55 1346
135 208 13 471
135 215 40 730
135 238 5 354
135 248 43 1198
135 276 31 388
136 9 13 492
136 26 26 158
136 77 20 261
136 83 53 363
136 113 34 801
136 130 23 1103
136 167 55 1237
136 190 38 1208
136 197 49 125
136 226 8 1337
136 256 43 1196
136 270 1 230
136 370 31 198
136 400 17 927
137 6 35 467
137 20 1 1492
137 22 13 606
137 58 19 544
137 62 3 776
137 64 31 922
137 66 43 1282
137 68 50 1438
137 95 47 1344
137 96 37 694
137 110 10 185
137 207 17 985
137 323 27 675
137 332 22 336
137 382 41 33
138 18 10 796
138 42 29 726
138 52 40 1385
138 54 31 591
138 101 23 738
138 102 46 484
138 115 13 536
138 122 25 542
138 156 3 26
138 196 53 636
138 269 7 110
138 302 19 1141
138 318 17 103
138 375 37 1408
138 396 49 330
139 14 7 320
139 39 47 1130
139 40 55 1352
139 54 43 643
139 75 52 628
139 117 10 1082
139 181 1 1205
139 187 49 1231
139 191 19 978
139 205 14 790
139 209 25 1072
139 253 33 706
139 278 29 817
139 300 4 1132
139 340 23 76
140 13 17 1454
140 17 7 1302
140 37 20 696
140 44 5 343
140 70 49 606
140 78 11 543
140 90 25 1305
140 112 34 1132
140 131 31 706
140 148 37 1137
140 170 43 926
140 179 40 649
140 252 13 1004
140 277 3 1499
140 376 55 699
141 6 11 420
141 38 7 924
141 90 19 1446
141 125 59 1481
141 163 17 1152
141 165 41 212
141 189 25 1420
141 203 49 1365
141 244 37 695
141 277 29 1190
141 281 13 350
141 285 31 736
141 348 56 136
141 365 1 577
141 381 53 782
142 7 37 1047
142 20 35 1492
142 40 51 458
142 111 17 214
142 119 25 782
142 248 55 1002
142 250 31 45
142 264 13 1205
142 284 58 1045
142 294 23 265
142 319 7 2
142 323 1 1196
142 337 40 874
142 349 4 134
142 384 19 1109
143 21 13 420
143 30 11 172
143 60 35 1271
143 84 29 728
143 107 22 1387
143 109 45 1375
143 129 7 1086
143 163 59 1339
143 184 19 822
143 229 31 915
143 252 37 718
143 272 55 1302
143 283 25 1150
143 314 3 842
143 320 51 1189
144 21 7 343
144 40 25 1065
144 128 38 1024
144 197 13 528
144 212 53 712
144 214 31 360
144 230 1 1103
144 246 35 1196
144 249 43 757
144 271 11 149
144 290 59 1324
144 313 17 1413
144 337 55 1335
144 339 4 158
144 359 22 1448
145 10 11 904
145 11 43 334
145 34 1 390
145 50 35 1442
145 75 13 1466
145 95 5 945
145 174 17 26
145 190 49 700
145 211 47 478
145 254 21 103
145 266 32 797
145 284 7 1045
145 299 55 375
145 322 28 605
145 378 37 9
146 1 53 883
146 46 8 1061
146 63 44 1022
146 96 39 1039
146 129 13 1438
146 146 19 1448
146 176 25 417
146 192 1 593
146 235 37 26
146 279 31 145
146 309 23 163
146 331 5 1239
146 339 49 1452
146 344 55 813
146 354 17 252
147 26 10 695
147 27 16 936
147 84 37 554
147 96 55 880
147 131 53 119
147 162 47 151
147 202 39 1471
147 245 23 856
147 248 25 386
147 281 32 628
147 314 43 1167
147 322 13 841
147 359 3 534
147 370 28 551
147 376 7 1488
148 55 23 590
148 56 55 997
148 75 49 1102
148 123 43 1197
148 150 39 1332
148 166 25 1029
148 220 47 1270
148 224 31 946
148 249 7 901
148 312 1 267
148 342 52 290
148 353 5 593
148 357 19 1398
148 391 16 1432
149 10 49 1024
149 26 7 636
149 44 53 512
149 80 35 1278
149 97 17 1387
149 115 10 1281
149 213 47 416
149 223 25 299
149 227 31 715
149 246 55 776
149 248 4 535
149 279 13 145
149 369 23 1109
149 380 58 650
149 388 19 1420
150 70 1 1184
150 80 17 876
150 99 50 900
150 127 31 815
150 134 23 1433
150 141 25 882
150 154 58 318
150 170 37 1187
150 203 13 1027
150 220 5 523
150 231 29 1363
150 262 9 1280
150 280 19 1492
150 351 46 579
151 6 49 1399
151 29 13 1296
151 42 58 271
151 87 22 1070
151 89 26 233
151 119 51 283
151 144 31 234
151 164 34 973
151 200 55 344
151 257 37 1273
151 262 44 667
151 269 19 110
151 292 9 549
151 294 4 1039
151 350 41 533
152 11 13 339
152 14 1 383
152 32 55 905
152 39 41 17
152 157 49 607
152 165 5 316
152 187 31 1340
152 203 21 645
152 205 43 308
152 238 35 1030
152 302 37 571
152 334 52 1499
152 346 25 1212
152 386 10 111
152 400 19 1425
153 10 58 683
153 50 53 275
153 64 49 1408
153 95 39 1066
153 110 23 682
153 153 11 86
153 250 1 1307
153 269 7 431
153 278 5 817
153 290 29 2
153 312 14 43
153 313 46 1470
153 333 19 148
153 385 35 903
153 397 25 1398
154 27 34 204
154 51 49 450
154 63 10 626
154 79 43 804
154 190 37 700
154 194 55 1378
154 211 47 573
154 234 53 413
154 238 23 492
154 262 19 636
154 292 26 622
154 323 4 1232
154 339 31 664
154 353 59 997
154 357 13 322
155 10 47 951
155 14 40 145
155 66 43 746
155 133 11 175
155 148 25 1016
155 158 3 970
155 166 13 383
155 235 29 142
155 245 1 131
155 259 59 119
155 261 31 761
155 285 20 38
155 354 23 248
155 358 7 998
155 359 16 841
156 4 46 76
156 14 4 1016
156 38 55 1273
156 41 19 974
156 44 8 539
156 104 41 484
156 108 50 258
156 109 1 203
156 209 25 1201
156 239 32 970
156 260 16 1002
156 278 29 1050
156 284 38 414
156 285 43 447
156 298 11 686
157 1 29 396
157 30 13 685
157 48 17 680
157 75 31 120
157 82 7 1331
157 145 56 1052
157 175 43 629
157 211 41 96
157 215 26 639
157 234 23 1200
157 242 35 1152
157 253 19 131
157 273 47 67
157 305 11 652
157 362 2 901
158 3 57 1278
158 33 7 871
158 56 37 261
158 71 31 187
158 79 52 252
158 84 55 1058
158 128 44 599
158 150 19 980
158 194 26 1151
158 225 41 871
158 249 16 297
158 302 2 352
158 328 10 1307
158 380 49 1416
158 381 29 860
159 7 58 835
159 16 1 1232
159 59 20 415
159 79 7 509
159 80 17 1278
159 124 4 1470
159 135 46 1399
159 207 55 1303
159 212 53 549
159 235 29 1014
159 297 31 639
159 326 25 961
159 366 10 761
159 391 34 565
159 399 37 625
160 22 31 596
160 66 49 155
160 96 20 1447
160 139 41 715
160 163 7 1475
160 231 5 14
160 236 1 33
160 238 17 78
160 273 29 1366
160 287 59 481
160 297 43 103
160 312 55 288
160 316 53 1413
160 324 35 1428
160 353 46 334
161 17 19 1030
161 49 43 38
161 87 49 1097
161 167 37 851
161 171 25 1203
161 211 23 844
161 226 10 901
161 230 55 79
161 238 52 1448
161 239 1 1261
161 244 31 544
161 349 17 1352
161 364 58 331
161 378 35 352
161 387 13 457
162 62 2 347
162 87 32 1257
162 125 17 643
162 150 25 103
162 153 55 968
162 173 59 90
162 196 11 937
162 219 29 1344
162 262 19 169
162 290 41 571
162 300 4 1010
162 303 46 1024
162 333 23 544
162 388 37 1446
162 400 53 1155
163 20 53 344
163 42 11 997
163 82 37 107
163 94 25 796
163 136 46 486
163 141 49 974
163 184 7 344
163 219 5 1121
163 242 17 145
163 273 29 730
163 279 33 1322
163 289 55 911
163 333 41 622
163 342 22 187
163 357 13 926
164 27 13 717
164 47 11 716
164 53 35 972
164 76 26 979
164 78 53 160
164 93 43 617
164 96 55 572
164 119 49 1184
164 178 19 763
164 183 7 1150
164 193 47 544
164 229 1 1481
164 271 23 1464
164 287 5 413
164 348 40 673
165 2 13 221
165 38 44 545
165 73 29 316
165 104 19 905
165 118 17 728
165 133 7 336
165 153 49 1203
165 166 1 773
165 224 38 388
165 249 52 1226
165 255 23 752
165 318 4 937
165 326 33 1115
165 363 10 545
165 397 59 773
166 38 7 1285
166 52 31 1152
166 68 57 175
166 70 43 196
166 78 17 160
166 102 25 198
166 144 52 1374
166 149 37 1210
166 154 28 275
166 183 2 148
166 238 41 1316
166 266 49 1384
166 354 23 700
166 363 34 545
166 393 47 131
167 8 53 155
167 11 58 629
167 12 37 750
167 28 35 771
167 56 1 518
167 91 25 554
167 181 22 14
167 275 11 541
167 280 43 153
167 287 47 799
167 297 8 1341
167 314 31 1228
167 355 13 523
167 386 49 111
168 20 5 196
168 22 13 1015
168 24 28 857
168 57 11 987
168 62 59 466
168 68 49 784
168 74 37 534
168 162 41 151
168 184 46 325
168 194 22 297
168 205 7 271
168 228 19 1018
168 263 1 1335
168 336 25 810
168 392 55 481
169 33 10 1000
169 111 29 970
169 191 37 253
169 194 13 823
169 202 1 1257
169 258 43 722
169 261 34 761
169 270 21 1366
169 272 49 127
169 307 39 252
169 312 25 43
169 313 55 172
169 332 31 929
169 334 53 1398
169 339 16 1215
170 33 37 871
170 40 10 1366
170 84 35 1471
170 92 56 750
170 159 53 14
170 163 13 1185
170 165 23 829
170 205 25 790
170 213 31 347
170 262 19 363
170 297 40 738
170 318 8 638
170 357 15 955
170 367 1 1222
170 394 46 1151
171 28 17 473
171 44 35 537
171 61 22 938
171 68 43 175
171 119 3 1316
171 123 31 1174
171 132 25 341
171 154 56 486
171 189 37 533
171 206 13 446
171 242 1 896
171 296 52 737
171 377 7 383
171 378 11 752
172 37 49 69
172 53 37 1332
172 67 4 160
172 127 13 448
172 151 17 1245
172 183 7 273
172 254 43 1208
172 272 21 1155
172 303 1 940
172 312 55 685
172 329 33 1416
172 335 40 1075
172 352 25 261
173 6 23 440
173 25 19 332
173 72 5 1398
173 127 55 700
173 148 9 968
173 164 28 1015
173 250 1 1282
173 287 32 105
173 297 25 784
173 305 41 629
173 343 46 1045
173 369 17 1038
173 378 13 505
173 387 51 905
173 390 34 846
174 56 43 239
174 67 7 160
174 84 37 1471
174 102 28 529
174 103 35 468
174 112 25 700
174 115 55 713
174 167 31 290
174 171 13 1486
174 202 20 320
174 275 41 697
174 341 4 1234
174 353 47 397
174 354 59 73
174 366 51 764
175 4 13 286
175 16 7 1492
175 90 37 1157
175 139 17 1015
175 162 1 516
175 180 35 1280
175 218 19 89
175 227 31 1265
175 243 25 415
175 269 3 1288
175 277 23 1424
175 309 28 386
175 313 53 433
175 339 43 752
175 395 11 364
176 23 47 1029
176 83 4 363
176 105 17 341
176 106 20 96
176 143 34 1004
176 162 41 516
176 169 50 675
176 171 7 844
176 204 1 760
176 227 13 1445
176 256 55 916
176 275 59 1265
176 315 37 1361
176 341 25 202
176 353 29 402
177 33 52 871
177 38 44 904
177 50 5 1050
177 60 11 683
177 67 49 1434
177 85 25 652
177 123 1 1395
177 165 41 1251
177 168 38 1388
177 179 16 833
177 213 35 1018
177 235 23 1173
177 279 55 145
177 335 31 686
177 370 28 804
178 57 46 111
178 59 49 1424
178 64 32 56
178 151 15 1245
178 191 11 978
178 208 55 471
178 279 37 527
178 293 41 430
178 321 7 1352
178 322 28 945
178 324 1 1385
178 325 43 382
178 332 4 949
178 347 19 212
178 390 53 575
179 18 52 722
179 22 32 1015
179 61 25 165
179 99 37 1198
179 133 11 492
179 167 13 93
179 178 55 251
179 190 27 956
179 287 43 1319
179 310 4 396
179 348 22 795
179 360 1 222
179 362 7 602
179 367 45 916
179 393 41 302
180 8 5 545
180 23 17 500
180 41 1 1354
180 53 59 1359
180 65 28 699
180 90 49 1305
180 101 53 1305
180 107 25 680
180 131 23 1263
180 164 19 486
180 192 7 703
180 345 32 311
180 348 43 286
180 349 39 731
180 362 55 1322
181 4 22 388
181 110 16 156
181 169 55 596
181 212 4 241
181 230 10 1103
181 236 31 1211
181 247 59 1042
181 248 19 627
181 257 7 880
181 293 41 441
181 302 51 577
181 336 28 170
181 351 37 1234
181 383 25 1208
181 393 1 127
182 45 31 481
182 124 56 1416
182 168 13 872
182 177 41 1469
182 184 37 1344
182 187 34 954
182 190 1 649
182 191 5 929
182 225 19 1061
182 315 9 1141
182 316 29 883
182 369 47 892
182 370 21 1322
182 397 17 696
182 398 53 681
183 39 5 1276
183 96 7 929
183 104 31 368
183 110 11 1476
183 115 58 713
183 123 50 256
183 138 19 417
183 165 35 391
183 232 28 1300
183 328 16 1000
183 329 38 179
183 333 33 982
183 353 47 856
183 366 13 761
183 397 23 1072
184 56 31 518
184 83 16 997
184 104 3 398
184 118 29 512
184 121 56 645
184 141 7 1197
184 162 23 745
184 250 44 1234
184 258 19 799
184 264 25 1129
184 290 40 801
184 298 35 1026
184 336 37 78
184 367 49 844
185 34 22 718
185 56 25 989
185 68 31 1137
185 98 59 1141
185 116 53 685
185 136 29 812
185 147 46 135
185 177 55 672
185 194 13 1378
185 206 37 442
185 231 8 1438
185 260 43 1468
185 281 49 528
185 371 4 1373
185 383 1 920
186 1 41 1153
186 46 21 142
186 50 53 204
186 51 13 987
186 87 10 1097
186 111 19 536
186 119 55 1447
186 130 47 1296
186 141 25 924
186 169 43 1195
186 185 37 257
186 260 1 841
186 337 31 267
186 358 17 159
186 371 7 1031
187 103 16 416
187 106 50 110
187 123 33 893
187 126 4 1075
187 133 41 816
187 134 11 1205
187 150 19 533
187 168 56 967
187 185 7 1171
187 221 43 454
187 229 25 915
187 256 37 1195
187 354 31 1223
188 8 1 673
188 105 5 1445
188 110 45 1215
188 138 55 697
188 153 29 1395
188 199 53 353
188 220 35 320
188 221 10 945
188 251 19 1335
188 265 17 3
188 284 13 64
188 299 7 874
188 349 26 1251
188 373 59 1149
188 392 31 1201
189 18 19 118
189 19 49 554
189 83 35 1187
189 184 7 1189
189 200 25 642
189 236 1 843
189 254 13 105
189 262 43 138
189 266 31 653
189 278 29 228
189 285 38 1215
189 303 10 536
189 329 56 243
189 355 22 1458
189 385 17 213
190 10 11 797
190 19 43 919
190 28 5 1481
190 91 25 329
190 118 47 764
190 134 17 1445
190 186 52 470
190 204 57 898
190 206 37 45
190 214 31 867
190 336 7 453
190 360 13 118
190 362 1 981
190 378 35 415
190 386 22 1331
191 2 2 738
191 3 25 1470
191 68 31 224
191 72 59 1156
191 81 43 478
191 92 50 750
191 107 8 782
191 209 13 9
191 213 35 221
191 214 21 197
191 247 41 795
191 289 11 1278
191 335 37 1261
191 373 56 230
192 19 55 883
192 23 5 1029
192 29 25 339
192 46 31 142
192 48 17 76
192 73 19 475
192 94 7 967
192 107 43 662
192 108 38 30
192 153 59 628
192 297 21 760
192 361 13 157
192 382 53 246
192 393 47 302
192 395 35 373
193 14 4 136
193 34 1 16
193 47 23 591
193 74 31 977
193 88 7 966
193 133 11 1340
193 168 37 1054
193 178 49 51
193 181 19 416
193 240 13 28
193 243 41 1178
193 271 29 655
193 359 26 1091
193 379 35 1259
193 396 55 96
194 63 40 526
194 64 49 1121
194 81 19 743
194 134 23 1280
194 139 25 427
194 143 27 898
194 181 3 92
194 203 43 1067
194 251 55 1097
194 264 14 1424
194 277 1 1499
194 341 31 1070
194 375 34 1408
194 380 7 738
195 41 7 856
195 51 31 834
195 66 19 523
195 72 53 1335
195 98 17 467
195 140 47 897
195 152 49 1407
195 214 37 1087
195 219 41 1229
195 260 13 1340
195 305 35 730
195 337 43 868
195 346 25 877
195 374 1 898
195 390 4 1000
196 6 47 605
196 50 33 933
196 66 55 746
196 112 8 1014
196 118 59 1276
196 149 43 998
196 162 41 383
196 190 19 275
196 210 27 1290
196 233 11 329
196 298 23 1074
196 311 52 520
196 323 4 1196
196 342 13 231
196 359 16 4
197 30 23 157
197 63 37 368
197 70 43 920
197 114 47 1331
197 123 25 1174
197 132 31 1198
197 138 1 839
197 169 19 1312
197 180 11 383
197 267 35 113
197 270 50 9
197 320 15 198
197 330 7 622
197 350 58 1298
197 393 13 302
198 52 7 268
198 58 14 699
198 80 59 876
198 95 47 1339
198 114 35 213
198 124 10 471
198 127 25 1393
198 145 43 1271
198 160 37 579
198 202 31 1187
198 211 53 694
198 232 3 512
198 268 49 629
198 286 22 635
198 394 19 1222
199 21 7 229
199 29 32 1205
199 51 13 450
199 53 47 511
199 99 38 241
199 146 55 1082
199 219 17 834
199 236 49 835
199 250 19 1307
199 314 25 1374
199 316 11 883
199 323 1 638
199 354 29 1107
199 361 43 1065
200 9 7 1353
200 26 4 536
200 36 19 1413
200 84 41 405
200 95 35 584
200 109 14 1375
200 129 55 86
200 161 25 1232
200 203 50 187
200 281 31 1263
200 282 1 1106
200 297 58 511
200 344 37 1375
200 383 45 56
201 10 59 804
201 20 29 1432
201 98 25 731
201 127 13 1152
201 173 53 1454
201 193 3 589
201 211 5 206
201 215 55 982
201 223 49 561
201 243 41 303
201 246 35 776
201 303 22 202
201 327 19 270
201 344 37 212
201 357 8 979
202 33 52 882
202 86 47 1137
202 116 49 67
202 118 17 537
202 156 37 194
202 211 11 1421
202 221 7 945
202 256 26 1337
202 282 31 52
202 286 19 1159
202 297 34 511
202 306 41 299
202 340 59 1153
202 341 22 4
202 385 5 297
203 19 43 594
203 27 2 511
203 58 25 653
203 79 32 149
203 86 23 1137
203 138 49 325
203 155 7 652
203 196 11 112
203 216 55 1418
203 274 16 1031
203 346 19 397
203 361 37 229
203 389 59 410
203 395 41 1209
204 2 25 260
204 40 43 1302
204 46 55 156
204 60 5 407
204 86 29 737
204 115 19 1027
204 116 11 619
204 140 3 840
204 150 37 829
204 166 22 653
204 232 17 512
204 239 7 286
204 246 13 664
204 270 49 230
204 327 34 818
205 73 25 475
205 111 15 578
205 118 11 184
205 153 23 543
205 164 52 409
205 170 31 218
205 193 3 1035
205 194 56 17
205 212 5 1071
205 213 35 1430
205 233 47 405
205 291 19 860
205 308 41 336
205 320 37 325
205 373 59 230
206 28 47 966
206 41 27 995
206 50 35 402
206 92 31 533
206 107 13 234
206 128 2 253
206 139 23 758
206 146 40 596
206 173 25 163
206 191 17 840
206 221 37 567
206 225 49 645
206 263 19 175
206 342 9 664
206 382 59 388
207 8 23 149
207 11 25 938
207 18 31 135
207 51 45 90
207 104 5 9
207 117 10 121
207 150 56 533
207 194 16 501
207 206 37 1173
207 241 19 520
207 314 49 842
207 341 28 816
207 367 1 213
208 3 57 829
208 12 31 847
208 43 37 518
208 47 23 584
208 85 28 1052
208 144 4 805
208 187 7 1395
208 209 25 45
208 221 40 567
208 244 16 52
208 275 35 1461
208 306 13 576
208 322 1 185
208 353 53 260
208 383 46 8
209 33 13 871
209 42 23 726
209 71 7 1132
209 80 35 1431
209 88 37 747
209 97 41 570
209 131 11 119
209 176 55 1039
209 197 25 318
209 199 29 1098
209 303 16 1470
209 331 5 998
209 333 47 149
209 365 51 880
209 388 31 83
210 31 40 1042
210 47 23 1481
210 131 11 846
210 160 33 447
210 194 52 1331
210 203 43 1476
210 237 25 120
210 264 1 991
210 285 49 1130
210 292 56 1250
210 320 19 265
210 328 37 713
210 359 16 248
210 383 8 1203
211 4 1 409
211 24 22 1372
211 77 46 1316
211 118 53 380
211 157 37 1249
211 178 7 81
211 179 40 1273
211 225 11 130
211 264 31 474
211 270 13 1354
211 271 35 773
211 277 5 1394
211 312 26 288
211 336 58 904
211 362 49 642
212 25 29 1351
212 28 5 587
212 99 56 627
212 106 31 446
212 112 37 86
212 186 43 118
212 196 23 447
212 197 25 950
212 203 1 1438
212 226 49 611
212 241 13 197
212 284 34 414
212 298 21 768
212 326 7 96
212 386 46 817
213 62 35 1335
213 104 17 814
213 115 14 799
213 120 4 491
213 208 7 92
213 226 1 664
213 246 53 641
213 256 25 248
213 258 31 799
213 333 41 179
213 343 43 716
213 350 59 417
213 369 37 892
213 372 29 1431
213 393 23 1141
214 7 10 539
214 19 13 1232
214 59 43 92
214 68 27 129
214 73 52 1327
214 81 31 1399
214 93 20 1195
214 171 55 1317
214 198 37 130
214 202 1 706
214 322 7 605
214 360 49 222
214 372 5 1133
215 11 7 1413
215 44 29 256
215 137 11 1302
215 148 50 1271
215 191 4 978
215 200 38 127
215 220 1 1353
215 228 13 1062
215 239 55 28
215 242 32 414
215 311 19 1320
215 331 53 609
215 348 16 1395
215 351 22 915
215 389 41 446
216 37 37 458
216 101 23 1305
216 119 13 96
216 122 1 1056
216 160 31 405
216 164 10 733
216 167 55 93
216 171 19 755
216 177 53 457
216 216 35 233
216 280 49 1426
216 285 46 447
216 313 29 103
216 375 25 1149
216 378 41 752
217 2 31 570
217 14 20 1200
217 59 51 1322
217 87 43 1100
217 115 28 382
217 128 1 303
217 148 46 745
217 153 35 843
217 157 16 1436
217 185 37 477
217 199 5 353
217 256 7 402
217 261 56 310
217 322 25 809
217 339 13 1215
218 11 43 1128
218 18 13 722
218 65 10 1399
218 87 16 1100
218 89 37 775
218 98 41 802
218 121 1 946
218 192 25 594
218 253 55 1320
218 311 7 625
218 312 49 1303
218 316 5 800
218 319 19 352
218 349 35 629
218 365 31 1149
219 53 38 1319
219 57 41 111
219 143 31 79
219 153 25 231
219 169 43 1231
219 180 35 277
219 182 7 29
219 196 17 730
219 230 4 1103
219 255 11 1198
219 276 19 904
219 333 47 33
219 350 23 605
219 372 29 463
219 390 59 1466
220 15 56 413
220 20 5 397
220 33 13 957
220 51 43 834
220 63 51 626
220 160 1 9
220 187 37 1340
220 240 20 155
220 247 29 790
220 249 25 706
220 319 7 323
220 343 16 1209
220 367 31 833
220 376 40 1018
221 20 17 1082
221 72 59 1115
221 81 50 596
221 135 4 662
221 175 46 286
221 178 20 68
221 188 34 743
221 193 31 1128
221 203 55 431
221 223 9 165
221 240 13 278
221 307 27 1368
221 353 25 565
221 363 37 221
222 12 25 609
222 23 35 500
222 64 19 380
222 117 10 741
222 127 31 1421
222 166 52 178
222 182 46 112
222 186 38 544
222 188 4 625
222 195 58 414
222 233 17 405
222 234 13 31
222 297 49 251
222 389 41 233
222 395 29 534
223 17 49 430
223 32 55 405
223 56 7 1421
223 97 29 768
223 98 31 302
223 113 43 1418
223 117 58 416
223 118 47 184
223 127 33 1159
223 197 37 329
223 210 27 475
223 231 53 1261
223 248 1 97
223 312 19 468
223 334 17 1483
224 15 43 1370
224 48 47 1178
224 76 37 231
224 79 1 432
224 150 7 1320
224 167 20 52
224 168 52 608
224 187 34 501
224 254 25 473
224 278 59 1337
224 297 13 279
224 299 55 347
224 340 17 353
224 358 41 676
224 370 4 652
225 31 5 1320
225 35 49 354
225 86 53 1288
225 90 19 1138
225 123 25 858
225 124 58 697
225 125 47 455
225 130 23 956
225 156 37 799
225 187 40 254
225 198 43 649
225 246 17 1196
225 280 13 746
225 307 8 1130
225 348 1 234
226 18 40 796
226 70 19 1184
226 108 55 184
226 115 52 683
226 127 13 815
226 145 1 523
226 221 31 416
226 237 34 308
226 263 43 1433
226 274 37 1031
226 324 29 1302
226 345 7 843
226 352 25 1333
226 383 49 8
227 9 26 1261
227 10 41 747
227 45 20 892
227 84 5 557
227 109 16 933
227 160 55 1475
227 185 43 257
227 287 35 911
227 292 31 1370
227 294 59 823
227 299 37 1413
227 329 10 155
227 332 13 1066
227 367 1 990
227 369 23 465
228 79 31 432
228 96 39 680
228 99 7 142
228 107 13 1187
228 119 49 254
228 196 35 1346
228 206 1 45
228 246 59 1130
228 275 53 1087
228 286 55 757
228 292 44 591
228 313 11 1223
228 328 22 170
228 333 17 8
228 342 28 1312
229 8 43 1097
229 102 46 758
229 119 49 1173
229 134 23 1445
229 145 27 432
229 152 37 516
229 155 55 466
229 164 13 1200
229 228 3 977
229 255 25 1488
229 262 7 119
229 275 17 979
229 323 32 1280
229 379 1 1493
229 397 53 696
230 66 43 187
230 87 1 662
230 101 38 1115
230 111 49 752
230 128 25 494
230 142 4 551
230 168 31 1339
230 183 7 175
230 184 16 1162
230 198 19 390
230 225 11 572
230 249 13 706
230 291 34 736
230 314 56 842
230 361 51 229
231 60 3 520
231 101 11 1305
231 117 27 1314
231 165 53 1211
231 180 17 1133
231 191 5 763
231 220 25 38
231 253 43 1320
231 257 21 929
231 312 31 637
231 343 7 375
231 378 19 587
231 384 13 1055
231 387 38 184
231 395 59 373
232 97 53 1227
232 103 5 1425
232 122 55 933
232 148 10 1395
232 182 22 29
232 239 49 787
232 253 31 1141
232 301 40 1141
232 307 43 1229
232 314 1 789
232 341 13 4
232 379 59 1259
232 392 25 655
233 47 53 197
233 62 8 252
233 106 28 776
233 128 55 497
233 167 49 1483
233 198 43 390
233 213 41 453
233 242 17 1487
233 246 47 577
233 248 25 76
233 250 20 159
233 273 31 694
233 324 11 180
233 325 14 642
233 351 33 1426
234 47 19 697
234 57 31 1065
234 114 53 1031
234 115 13 788
234 153 11 628
234 186 40 1296
234 188 33 758
234 215 16 982
234 219 23 708
234 240 26 1447
234 290 47 991
234 300 1 572
234 348 37 683
234 378 7 415
234 389 21 410
235 21 43 1276
235 30 7 331
235 58 40 1166
235 62 5 812
235 88 49 81
235 90 1 1157
235 191 15 441
235 211 11 1004
235 217 59 956
235 254 31 180
235 301 55 771
235 336 25 750
235 364 37 807
235 368 19 1162
236 12 13 645
236 29 38 396
236 58 25 1296
236 60 11 967
236 128 20 303
236 143 1 1405
236 186 31 212
236 189 49 1210
236 207 34 985
236 209 7 927
236 225 17 645
236 231 28 38
236 233 53 1070
236 234 57 955
236 387 44 873
237 4 19 409
237 19 31 526
237 25 35 979
237 32 10 1128
237 159 47 834
237 166 7 520
237 187 22 746
237 192 55 1425
237 277 53 271
237 279 43 1074
237 298 5 1074
237 319 37 505
237 329 13 629
237 332 16 929
237 355 1 1039
238 19 55 985
238 26 25 686
238 27 1 1428
238 55 5 1058
238 86 17 1288
238 135 13 1322
238 182 10 1458
238 186 7 118
238 245 19 1300
238 252 43 991
238 320 37 454
238 336 28 175
238 337 31 278
238 353 53 202
238 363 34 251
239 41 7 139
239 45 37 1228
239 55 59 1066
239 96 33 880
239 110 11 1156
239 150 43 712
239 242 49 880
239 244 56 1337
239 250 25 159
239 283 1 266
239 315 51 1107
239 347 13 266
239 359 40 49
239 367 20 1469
240 6 11 1229
240 30 35 172
240 37 55 455
240 46 25 1483
240 57 9 722
240 63 22 1159
240 98 47 926
240 197 39 653
240 212 3 617
240 232 29 74
240 234 59 955
240 271 53 1464
240 280 31 306
240 327 16 1149
240 368 43 430
241 103 17 849
241 153 23 877
241 209 55 796
241 210 13 1290
241 232 29 343
241 265 52 1341
241 292 37 591
241 295 2 1098
241 300 31 1010
241 305 35 1373
241 306 19 842
241 316 47 738
241 321 25 911
241 344 8 1374
241 350 59 187
242 26 37 551
242 27 49 213
242 37 13 179
242 52 7 1082
242 71 20 961
242 94 55 579
242 157 25 1249
242 265 35 165
242 312 43 43
242 330 10 1115
242 341 52 307
242 346 1 916
242 358 41 51
242 372 29 609
242 395 17 1261
243 10 59 165
243 30 23 257
243 94 7 683
243 118 35 1276
243 141 55 1167
243 194 28 797
243 212 1 617
243 233 5 1249
243 239 49 360
243 322 37 165
243 333 33 134
243 351 43 1448
243 356 13 627
243 372 17 972
243 373 25 129
244 19 37 1420
244 51 25 883
244 62 29 507
244 71 1 105
244 75 14 1029
244 78 17 93
244 97 53 214
244 174 59 760
244 181 10 1137
244 231 47 14
244 232 41 343
244 244 7 1452
244 328 34 339
244 357 55 1249
244 394 22 628
245 14 49 320
245 15 7 730
245 34 34 1438
245 56 19 494
245 65 16 187
245 87 31 1097
245 145 55 686
245 191 25 840
245 217 5 419
245 221 27 731
245 224 43 1201
245 242 1 414
245 287 47 710
245 354 41 977
245 374 13 516
246 25 22 979
246 40 43 619
246 73 19 387
246 80 41 1368
246 169 7 279
246 180 47 383
246 182 31 177
246 210 59 234
246 266 55 440
246 271 29 149
246 279 37 972
246 300 25 1185
246 325 34 135
246 388 14 83
246 389 53 860
247 54 31 662
247 56 13 710
247 96 20 1197
247 101 11 703
247 123 43 1416
247 141 2 479
247 149 37 637
247 171 25 253
247 204 58 922
247 229 49 491
247 242 29 331
247 254 7 1469
247 324 17 835
248 1 41 219
248 22 49 1436
248 30 10 331
248 46 19 1105
248 106 13 511
248 111 29 591
248 157 4 607
248 162 46 1430
248 171 25 1317
248 199 34 1281
248 260 1 334
248 310 7 681
248 330 16 622
248 341 37 801
248 398 59 851
249 12 49 507
249 17 43 1154
249 32 58 905
249 40 34 1102
249 101 47 968
249 110 53 273
249 114 5 713
249 122 1 50
249 214 14 698
249 260 9 841
249 282 25 1361
249 304 28 1388
249 315 19 310
249 384 37 1109
249 389 7 256
250 45 34 315
250 47 23 817
250 125 47 1471
250 141 25 678
250 147 4 69
250 174 41 181
250 188 37 573
250 287 7 978
250 288 58 1041
250 310 55 681
250 340 29 269
250 363 10 1464
250 367 19 545
250 380 52 738
250 391 49 683
251 25 34 936
251 28 15 512
251 54 7 807
251 60 11 1238
251 61 41 938
251 130 31 1135
251 148 50 852
251 173 29 437
251 211 59 1358
251 314 25 1173
251 316 37 513
251 339 1 1020
251 357 43 1373
251 385 47 441
251 396 20 1276
252 7 58 893
252 9 49 1071
252 48 35 750
252 61 23 354
252 124 13 1129
252 148 25 541
252 168 46 252
252 195 55 557
252 253 19 92
252 296 5 824
252 338 17 224
252 356 7 627
252 360 40 1094
252 373 31 26
252 400 11 989
253 3 43 910
253 16 1 37
253 18 16 1052
253 28 35 160
253 52 39 268
253 180 47 1298
253 194 55 1151
253 199 5 254
253 264 31 741
253 292 25 788
253 293 11 430
253 296 59 325
253 300 19 572
253 363 7 353
253 379 51 898
254 10 17 1232
254 52 38 73
254 58 46 472
254 75 32 972
254 131 1 846
254 167 49 380
254 205 7 751
254 221 4 386
254 238 35 354
254 239 19 1103
254 292 57 872
254 331 53 1156
254 354 55 979
254 355 28 617
254 390 11 872
255 8 17 71
255 36 25 431
255 82 37 437
255 121 31 535
255 126 5 472
255 138 13 332
255 161 43 2
255 244 1 1352
255 268 7 50
255 276 49 639
255 294 29 121
255 296 11 824
255 337 58 587
255 350 23 1388
255 391 52 32
256 38 37 1285
256 57 5 1310
256 74 43 104
256 82 56 1331
256 101 29 1305
256 122 25 69
256 172 47 1197
256 182 7 177
256 234 41 1121
256 237 49 1252
256 266 34 685
256 289 23 839
256 325 19 135
256 339 10 708
256 356 1 1159
257 19 25 835
257 21 32 433
257 69 53 662
257 72 23 185
257 103 29 89
257 159 47 874
257 199 40 1089
257 263 55 396
257 269 37 995
257 274 43 1232
257 279 19 1008
257 283 7 266
257 319 13 254
257 344 49 1361
257 383 1 56
258 17 31 584
258 20 47 432
258 32 37 566
258 80 9 1065
258 88 20 818
258 151 11 1451
258 181 13 91
258 212 41 1071
258 214 1 67
258 279 25 1168
258 283 43 598
258 335 16 1068
258 336 52 500
258 349 35 134
258 394 58 355
259 9 31 407
259 13 35 1098
259 16 49 802
259 19 26 903
259 50 5 467
259 63 44 1456
259 83 47 1162
259 132 57 472
259 176 38 138
259 198 13 151
259 258 7 1300
259 294 23 1467
259 305 53 175
259 318 55 505
259 349 1 1408
260 24 43 336
260 48 31 750
260 72 22 1016
260 138 34 607
260 151 40 1047
260 200 25 127
260 210 47 234
260 222 4 650
260 228 7 1373
260 275 13 697
260 358 29 844
260 368 55 611
260 369 17 607
260 388 49 743
260 391 1 139
261 15 49 813
261 30 17 157
261 43 34 458
261 76 22 1178
261 111 32 578
261 131 5 761
261 180 11 1483
261 198 55 867
261 203 13 329
261 204 1 1141
261 255 59 1154
261 264 43 842
261 280 25 997
261 308 53 336
261 330 40 1393
262 2 1 419
262 15 43 973
262 45 58 461
262 51 25 834
262 84 29 1203
262 130 5 1184
262 159 16 874
262 195 55 807
262 212 13 142
262 277 41 1130
262 337 50 347
262 346 19 954
262 347 8 1047
262 371 33 368
262 386 37 1436
263 3 45 231
263 27 22 213
263 60 53 231
263 69 19 420
263 78 33 160
263 147 58 402
263 150 25 606
263 156 49 414
263 198 7 1153
263 218 15 747
263 242 11 977
263 302 37 433
263 321 1 1403
263 374 43 967
264 25 9 936
264 56 45 779
264 72 41 727
264 107 22 662
264 120 43 1436
264 180 55 1133
264 211 17 844
264 238 29 967
264 247 38 1432
264 282 2 573
264 286 25 1469
264 294 59 1351
264 330 34 829
264 333 53 1132
264 386 13 662
265 3 2 995
265 28 43 652
265 33 58 826
265 67 55 1014
265 90 25 151
265 98 41 283
265 118 53 1045
265 120 23 260
265 147 16 330
265 200 34 849
265 210 11 206
265 274 13 330
265 314 19 817
265 337 31 607
265 361 45 449
266 18 7 1333
266 47 13 363
266 57 35 987
266 67 10 407
266 71 2 768
266 83 28 1375
266 230 46 773
266 248 37 37
266 272 49 1464
266 281 31 1250
266 294 23 121
266 305 19 683
266 345 55 270
266 354 41 1107
266 376 43 1331
267 25 5 700
267 57 35 561
267 71 43 782
267 187 15 1418
267 191 1 840
267 202 19 1150
267 223 31 561
267 229 7 699
267 238 29 518
267 248 55 49
267 253 37 686
267 261 58 1190
267 265 53 1215
267 332 50 1317
267 370 25 265
268 19 1 180
268 64 31 1035
268 69 23 253
268 74 25 1356
268 87 55 662
268 109 9 1375
268 128 43 1487
268 154 16 1398
268 179 13 587
268 207 29 702
268 235 53 1173
268 244 19 764
268 345 49 206
268 376 37 808
269 45 22 500
269 105 51 1061
269 130 59 1209
269 135 39 8
269 145 1 686
269 157 28 901
269 167 7 1445
269 181 43 726
269 220 5 606
269 243 46 795
269 315 31 1381
269 327 19 1351
269 354 53 73
269 366 14 1442
269 397 11 1072
270 3 25 281
270 28 29 896
270 42 23 868
270 60 41 397
270 64 13 916
270 94 50 466
270 108 33 904
270 132 37 471
270 213 17 90
270 311 7 513
270 324 55 1327
270 329 43 221
270 348 19 795
270 382 47 565
270 393 3 972
271 38 1 142
271 39 57 598
271 73 31 1327
271 99 25 142
271 113 46 1418
271 186 33 118
271 201 49 465
271 214 21 920
271 232 5 1332
271 269 8 852
271 274 37 643
271 275 11 1265
271 302 13 932
271 308 17 336
271 353 29 593
272 7 58 737
272 24 20 1106
272 46 37 156
272 62 41 409
272 69 5 33
272 137 47 1091
272 148 55 1451
272 179 16 761
272 220 31 160
272 265 49 745
272 298 23 768
272 320 7 872
272 334 53 1483
272 376 33 1091
272 389 28 589
273 32 13 905
273 38 37 736
273 40 7 188
273 59 21 1045
273 73 33 390
273 98 29 1141
273 117 16 635
273 140 35 1447
273 148 43 360
273 198 1 926
273 249 25 901
273 250 51 257
273 269 55 1362
273 290 59 1432
273 306 47 270
274 6 47 1229
274 19 19 738
274 49 55 391
274 71 37 219
274 149 25 880
274 172 11 254
274 188 52 788
274 192 43 955
274 204 49 882
274 211 5 96
274 230 32 1127
274 271 29 43
274 272 13 989
274 307 1 905
274 396 7 1276
275 19 55 1055
275 25 35 622
275 76 13 1446
275 93 31 634
275 102 9 800
275 118 7 512
275 159 5 918
275 181 52 1252
275 196 37 38
275 224 19 179
275 236 1 262
275 258 25 627
275 295 43 110
275 354 23 1238
275 369 41 105
276 42 23 650
276 71 43 105
276 91 55 329
276 99 37 67
276 113 20 185
276 117 31 1082
276 208 28 471
276 218 49 142
276 243 5 247
276 275 7 838
276 276 34 386
276 289 11 540
276 312 15 1303
276 367 1 833
276 369 53 1039
277 16 37 849
277 17 1 389
277 19 7 932
277 41 31 181
277 72 11 1420
277 155 13 26
277 181 40 979
277 214 19 703
277 236 43 33
277 247 35 1432
277 270 25 9
277 320 56 382
277 351 49 289
277 381 17 1476
278 20 37 501
278 60 59 1238
278 88 3 747
278 102 43 172
278 114 17 816
278 121 7 448
278 158 28 1072
278 172 1 1197
278 215 19 730
278 221 40 416
278 237 55 1252
278 260 46 145
278 282 22 1351
278 286 51 945
278 359 31 680
279 4 58 409
279 9 7 1121
279 12 33 1456
279 13 28 578
279 38 21 1241
279 53 47 237
279 104 16 368
279 105 41 265
279 109 4 1102
279 145 49 1154
279 307 43 1130
279 317 37 1229
279 343 25 826
279 382 13 1208
280 42 41 32
280 47 53 697
280 88 26 1087
280 147 58 840
280 149 13 364
280 170 7 1002
280 175 43 929
280 285 19 736
280 290 5 991
280 300 31 985
280 304 22 807
280 325 2 382
280 335 49 1088
280 373 35 270
280 394 37 916
281 20 41 847
281 30 55 1393
281 31 23 180
281 66 25 972
281 69 59 1270
281 105 4 341
281 111 29 643
281 126 35 715
281 167 43 736
281 274 52 1186
281 302 13 1026
281 319 7 1451
281 349 47 136
281 360 31 528
281 372 11 1133
282 3 25 317
282 26 16 1416
282 34 31 896
282 105 53 718
282 111 41 915
282 188 13 1403
282 192 19 149
282 194 7 501
282 199 47 1384
282 201 49 139
282 237 58 43
282 280 1 635
282 293 23 1239
282 297 44 938
282 389 35 256
283 6 53 364
283 23 9 91
283 31 59 155
283 65 19 316
283 112 28 1039
283 116 17 325
283 177 35 130
283 236 13 835
283 247 47 170
283 269 4 334
283 274 25 1196
283 300 49 1185
283 325 1 178
283 379 7 1493
283 381 41 761
284 19 25 364
284 76 55 1468
284 86 29 303
284 155 31 185
284 170 14 700
284 176 37 234
284 177 53 355
284 196 41 636
284 223 1 1050
284 240 43 808
284 247 59 170
284 286 7 940
284 289 10 951
284 319 19 334
284 395 35 1112
285 8 9 673
285 28 29 511
285 33 49 1234
285 87 22 1097
285 115 19 815
285 167 31 111
285 188 56 386
285 223 3 165
285 235 7 505
285 269 52 539
285 281 13 540
285 322 40 809
285 324 11 743
285 346 25 1456
285 372 17 1270
286 26 34 1403
286 33 58 1000
286 48 1 1407
286 55 41 590
286 59 19 1424
286 108 43 573
286 187 31 954
286 193 7 1186
286 204 55 622
286 219 5 653
286 267 29 636
286 324 53 478
286 346 49 1027
286 364 10 1492
286 389 37 233
287 9 13 1074
287 45 22 417
287 98 46 1075
287 112 43 572
287 175 37 1065
287 202 7 169
287 226 28 722
287 242 1 880
287 258 49 1281
287 306 11 727
287 327 25 270
287 355 4 97
287 356 55 1159
287 377 31 817
287 398 59 307
288 4 1 286
288 37 25 696
288 38 31 978
288 57 5 696
288 72 7 812
288 92 49 1280
288 161 13 507
288 232 17 343
288 237 20 956
288 249 46 297
288 258 39 9
288 279 56 1333
288 308 9 813
288 349 53 68
288 366 43 715
289 20 29 949
289 38 37 1425
289 40 22 1065
289 65 25 838
289 80 35 915
289 112 43 949
289 145 13 432
289 157 19 32
289 161 31 273
289 176 55 509
289 185 7 826
289 246 49 824
289 329 46 1488
289 378 53 279
289 397 3 575
290 16 49 1135
290 19 55 1432
290 40 4 1352
290 85 44 204
290 91 37 1354
290 118 31 380
290 257 28 1487
290 261 25 134
290 266 34 1372
290 284 10 64
290 313 59 145
290 352 19 69
290 360 7 222
290 382 41 842
290 391 16 185
291 121 45 448
291 170 3 1197
291 195 40 755
291 207 11 1039
291 249 19 1385
291 253 7 540
291 274 16 1054
291 291 49 31
291 297 13 1430
291 305 53 594
291 306 59 299
291 318 38 706
291 345 55 1156
291 387 33 1153
291 394 28 270
292 7 55 88
292 61 22 1298
292 86 35 1137
292 135 1 894
292 141 25 1197
292 211 59 96
292 226 19 256
292 237 31 1066
292 275 9 680
292 309 11 919
292 320 50 951
292 348 4 533
292 351 46 73
292 371 13 797
292 394 16 967
293 109 28 315
293 116 17 1231
293 117 37 810
293 122 49 160
293 148 21 968
293 210 47 643
293 223 1 561
293 231 59 253
293 262 13 896
293 263 55 1203
293 276 31 1014
293 299 25 322
293 316 41 1339
293 350 11 1298
293 354 35 955
294 34 49 390
294 61 10 219
294 70 43 1252
294 98 32 1316
294 153 41 1072
294 178 37 22
294 180 29 1091
294 228 34 1062
294 260 22 145
294 275 53 680
294 324 55 107
294 333 5 179
294 337 58 548
294 366 25 1052
294 378 47 352
295 35 16 409
295 36 7 275
295 129 22 86
295 148 31 852
295 153 11 673
295 170 39 164
295 186 19 1250
295 199 29 755
295 215 34 155
295 244 13 750
295 319 49 801
295 345 2 311
295 394 25 1373
295 396 43 330
295 400 37 1281
296 26 55 585
296 33 44 957
296 47 29 1056
296 114 10 3
296 171 39 253
296 187 34 1418
296 199 59 322
296 268 25 1102
296 271 21 896
296 280 2 473
296 284 50 1045
296 300 31 1132
296 350 53 1435
296 358 23 1461
296 370 13 1432
297 26 37 782
297 62 22 347
297 89 25 486
297 100 45 1285
297 102 13 239
297 104 11 1303
297 130 29 336
297 143 52 1358
297 150 55 1259
297 188 16 750
297 196 1 1392
297 212 35 1263
297 263 31 593
297 327 40 1381
297 372 3 1270
298 22 31 858
298 63 10 1447
298 94 25 204
298 108 56 1403
298 142 22 322
298 145 43 951
298 190 49 572
298 221 7 1310
298 236 37 1300
298 238 41 492
298 261 13 617
298 276 16 286
298 298 19 107
298 333 35 900
298 357 1 118
299 70 55 976
299 104 47 368
299 117 28 172
299 127 14 1239
299 131 5 1263
299 137 22 516
299 187 8 1231
299 216 59 1418
299 241 33 1056
299 250 50 1396
299 313 41 45
299 322 25 605
299 327 37 896
299 333 11 148
299 365 1 1399
300 13 19 801
300 17 13 1008
300 18 31 1333
300 44 17 1286
300 56 7 997
300 80 29 1239
300 130 59 584
300 169 43 1412
300 199 11 728
300 231 35 38
300 260 4 1166
300 274 38 638
300 304 22 277
300 330 1 754
300 358 47 755
301 40 1 1236
301 44 41 1092
301 57 7 722
301 62 23 138
301 84 47 37
301 124 49 471
301 197 25 694
301 272 55 567
301 294 35 1467
301 321 19 911
301 345 31 270
301 391 43 81
301 394 10 484
301 395 5 1087
301 399 52 1109
302 4 32 1249
302 87 7 1059
302 97 50 768
302 107 16 494
302 141 19 678
302 144 13 575
302 206 55 575
302 209 1 1195
302 210 35 375
302 247 5 170
302 299 37 940
302 327 10 76
302 368 25 607
302 370 40 1432
302 381 53 228
303 3 25 228
303 25 17 228
303 45 20 926
303 47 47 1107
303 68 13 175
303 129 38 795
303 184 43 1352
303 186 34 543
303 200 4 737
303 250 57 926
303 259 23 955
303 298 55 755
303 309 49 823
303 353 41 202
303 374 29 1486
304 11 40 339
304 12 25 1270
304 63 37 1022
304 78 29 254
304 112 15 949
304 157 19 350
304 163 11 1185
304 204 43 1129
304 242 7 1152
304 250 51 1022
304 291 57 1327
304 358 46 576
304 376 1 241
304 388 31 1022
304 389 5 950
305 3 13 358
305 39 47 407
305 61 19 968
305 132 32 336
305 148 1 1137
305 166 7 9
305 238 59 1395
305 289 25 898
305 307 49 1229
305 313 5 790
305 314 43 937
305 347 21 269
305 359 37 1393
305 365 55 810
305 379 41 1215
306 55 59 419
306 77 43 702
306 81 49 736
306 86 47 303
306 107 16 782
306 108 37 1232
306 112 13 1014
306 118 53 1276
306 158 28 1445
306 168 7 397
306 205 55 1353
306 210 23 763
306 212 1 1071
306 313 41 1312
306 337 19 1058
307 17 43 1030
307 52 52 49
307 99 7 1314
307 145 31 583
307 195 26 31
307 214 1 1087
307 216 11 537
307 306 47 727
307 312 56 927
307 324 29 880
307 356 38 1447
307 357 13 336
307 367 20 649
307 372 5 1393
307 397 35 737
308 64 15 67
308 66 20 887
308 84 41 1327
308 90 2 320
308 103 47 79
308 197 25 405
308 208 52 92
308 240 55 808
308 245 11 1300
308 247 59 795
308 302 43 1087
308 307 32 789
308 309 29 1426
308 327 37 818
308 345 7 1162
309 60 59 231
309 73 37 779
309 78 49 746
309 101 1 642
309 144 34 1121
309 172 11 950
309 178 3 449
309 235 47 526
309 250 20 1282
309 251 25 1300
309 284 28 1045
309 331 41 1087
309 363 52 251
309 364 43 936
309 385 17 903
310 53 35 32
310 62 59 700
310 80 47 1065
310 94 37 1351
310 97 41 1351
310 114 53 2
310 117 22 1166
310 144 9 1344
310 211 29 96
310 225 17 1061
310 251 4 1384
310 274 19 383
310 322 43 871
310 371 49 1341
310 386 31 155
311 27 19 213
311 41 43 1178
311 44 5 649
311 99 13 904
311 120 11 1211
311 146 1 655
311 163 23 1185
311 164 52 972
311 203 25 1190
311 245 35 856
311 252 31 1057
311 281 7 1351
311 299 58 1392
311 359 37 1448
311 394 55 1008
312 61 53 194
312 139 47 374
312 142 19 718
312 149 37 1492
312 163 17 1088
312 171 25 1387
312 194 57 172
312 263 13 816
312 282 10 518
312 333 41 901
312 341 43 833
312 344 1 982
312 355 7 951
312 372 5 463
312 391 34 316
313 26 31 497
313 35 28 120
313 65 9 838
313 73 47 316
313 143 22 898
313 147 25 1341
313 153 7 673
313 199 53 1281
313 272 43 1153
313 306 1 229
313 314 15 277
313 318 35 103
313 319 3 2
313 356 37 1231
313 360 19 596
314 21 7 645
314 92 19 465
314 117 58 214
314 136 49 920
314 200 14 849
314 209 55 45
314 255 23 989
314 264 25 303
314 290 5 571
314 306 29 554
314 325 40 1319
314 336 46 609
314 346 1 954
314 353 11 593
314 391 33 694
315 14 22 860
315 39 53 455
315 57 29 987
315 81 3 643
315 124 38 751
315 142 14 563
315 157 31 808
315 160 25 1378
315 230 46 672
315 250 7 1156
315 293 35 1381
315 316 1 707
315 343 19 1435
315 364 58 802
315 386 49 1100
316 32 25 746
316 55 11 1008
316 63 37 526
316 87 19 1257
316 166 46 113
316 175 34 269
316 178 55 1316
316 184 22 835
316 213 41 1442
316 230 43 549
316 265 59 686
316 306 7 842
316 347 14 1238
316 357 1 1370
316 366 49 1052
317 7 55 1223
317 35 19 976
317 108 38 1481
317 156 10 715
317 172 29 694
317 205 13 751
317 215 43 159
317 218 51 1203
317 219 7 1280
317 225 47 977
317 228 22 717
317 253 25 1298
317 303 58 940
317 306 35 637
317 364 1 332
318 1 7 1412
318 21 25 1082
318 57 52 1092
318 69 41 420
318 115 34 713
318 158 49 1430
318 205 43 289
318 218 19 851
318 239 37 457
318 256 13 1196
318 276 10 388
318 328 1 116
318 353 59 544
318 363 55 846
318 398 31 184
319 17 7 389
319 23 5 877
319 31 23 1314
319 65 43 1372
319 93 55 1467
319 142 40 956
319 194 1 465
319 200 19 1038
319 224 49 40
319 257 46 929
319 276 16 639
319 345 25 787
319 392 31 512
320 6 35 1024
320 29 49 1296
320 38 37 363
320 106 32 1237
320 128 13 253
320 131 8 846
320 154 28 810
320 162 3 1188
320 184 25 940
320 201 19 593
320 255 53 1488
320 272 44 16
320 281 56 350
320 284 10 414
320 372 5 1261
321 4 58 1454
321 5 43 894
321 75 55 922
321 81 13 1132
321 97 29 329
321 101 5 703
321 125 53 1196
321 145 49 1112
321 205 1 1469
321 253 37 540
321 267 17 1168
321 364 10 129
321 374 46 83
321 379 23 1340
321 384 31 1109
322 33 4 871
322 43 1 866
322 105 41 1127
322 178 25 763
322 190 57 1133
322 203 14 760
322 222 52 318
322 242 47 46
322 302 31 1100
322 305 29 594
322 318 37 937
322 325 10 642
322 338 35 258
322 351 44 513
322 364 21 332
323 56 1 497
323 92 50 52
323 108 31 258
323 137 47 129
323 155 13 1483
323 158 55 458
323 160 37 1374
323 256 7 1358
323 294 35 1031
323 299 44 46
323 320 19 46
323 354 58 111
323 384 26 1109
324 42 41 726
324 116 17 1458
324 127 55 1062
324 189 13 116
324 206 51 442
324 209 10 927
324 210 1 1290
324 259 59 722
324 269 31 110
324 325 7 1157
324 327 22 8
324 339 43 1187
324 376 27 974
324 378 47 38
324 380 19 356
325 13 11 1336
325 69 29 832
325 79 52 733
325 118 59 567
325 193 35 461
325 205 1 790
325 218 25 1467
325 222 16 1203
325 260 43 83
325 312 37 710
325 344 7 982
325 368 31 622
325 375 49 590
325 378 19 505
325 399 46 1238
326 28 41 160
326 74 45 737
326 116 22 1000
326 119 31 484
326 126 29 468
326 161 25 433
326 178 50 339
326 221 19 129
326 255 35 626
326 323 13 675
326 349 1 1461
326 361 7 202
326 386 3 1100
326 389 43 1322
326 399 16 1446
327 32 19 63
327 49 49 29
327 59 45 177
327 65 7 1399
327 132 55 341
327 159 11 1378
327 194 16 1331
327 210 25 1290
327 222 34 650
327 235 5 513
327 262 1 812
327 278 59 1227
327 313 13 1425
327 336 37 1226
327 373 43 1002
328 42 11 32
328 53 23 237
328 65 25 154
328 77 49 261
328 128 13 1231
328 160 43 1094
328 175 31 46
328 187 4 228
328 193 34 1128
328 255 17 567
328 264 38 1184
328 289 55 898
328 323 57 1196
328 341 28 1234
328 373 47 222
329 8 29 1004
329 46 31 844
329 59 2 1483
329 96 43 880
329 126 26 347
329 155 13 1020
329 172 22 254
329 204 49 290
329 212 17 549
329 221 10 731
329 300 52 1352
329 347 37 1278
329 383 19 476
329 387 55 441
330 16 40 849
330 73 2 475
330 99 31 202
330 111 59 386
330 146 43 198
330 191 37 56
330 204 46 88
330 213 35 90
330 225 23 1358
330 271 17 1210
330 322 56 9
330 366 8 900
330 374 49 577
330 398 53 903
330 399 28 1238
331 58 27 499
331 59 13 177
331 62 25 81
331 109 52 1102
331 124 40 882
331 181 10 1471
331 190 3 1433
331 231 47 278
331 252 43 1305
331 268 31 1000
331 272 19 1041
331 274 7 1232
331 308 1 462
331 356 56 710
332 21 43 507
332 49 37 1314
332 76 22 486
332 87 10 353
332 132 55 1198
332 139 59 1381
332 165 47 905
332 215 16 839
332 265 29 446
332 284 52 64
332 300 31 1107
332 311 49 121
332 318 34 151
332 338 41 1358
332 361 25 1407
333 27 13 1234
333 28 11 956
333 55 40 402
333 179 32 32
333 211 35 905
333 216 37 1290
333 226 7 672
333 236 49 273
333 275 47 104
333 295 20 1475
333 315 43 1141
333 330 28 1022
333 356 56 390
333 388 1 119
334 3 25 910
334 17 8 554
334 47 47 743
334 88 55 1499
334 176 31 945
334 190 49 1133
334 212 59 142
334 215 22 730
334 242 53 1066
334 270 43 453
334 279 13 1333
334 323 1 457
334 324 35 643
334 344 38 733
334 366 4 900
335 35 46 409
335 45 55 1319
335 54 19 1052
335 64 7 1434
335 65 13 838
335 84 41 557
335 86 23 1368
335 124 37 596
335 148 16 991
335 173 59 138
335 195 28 1092
335 197 1 405
335 246 53 650
335 322 49 605
335 385 43 1103
336 35 1 448
336 99 25 596
336 133 53 69
336 135 16 1062
336 159 29 1392
336 165 23 212
336 166 4 258
336 187 31 746
336 228 37 992
336 237 49 409
336 285 46 642
336 294 19 1378
336 301 13 1475
336 390 41 1466
336 398 11 1153
337 38 43 1137
337 42 37 273
337 69 19 1270
337 151 7 1245
337 156 25 218
337 158 14 398
337 179 1 400
337 185 31 1352
337 271 59 933
337 299 52 107
337 332 22 1066
337 370 49 56
337 387 55 234
337 390 47 681
337 391 4 469
338 6 35 364
338 7 20 74
338 26 40 551
338 31 23 177
338 80 11 1065
338 134 29 641
338 135 13 846
338 173 49 957
338 183 25 125
338 223 7 1108
338 317 51 3
338 331 4 578
338 351 46 273
338 359 57 4
338 386 31 1384
339 6 17 373
339 19 43 567
339 23 41 1066
339 79 1 470
339 103 4 1020
339 128 8 1213
339 130 33 1296
339 144 50 887
339 167 13 290
339 279 19 71
339 320 37 46
339 326 25 1186
339 358 53 706
339 388 57 1022
340 10 49 565
340 29 1 918
340 48 17 2
340 51 19 829
340 88 7 486
340 163 35 390
340 213 11 447
340 232 53 1426
340 237 55 364
340 239 44 1337
340 265 59 448
340 293 23 1373
340 329 37 897
340 352 31 179
340 380 40 1365
341 41 55 1344
341 68 25 37
341 96 13 584
341 110 41 1476
341 125 47 142
341 144 37 932
341 145 1 433
341 159 22 1061
341 179 32 188
341 182 43 1458
341 291 7 736
341 338 35 1358
341 342 19 664
341 363 10 137
341 398 5 924
342 116 41 619
342 150 37 945
342 156 43 194
342 163 11 810
342 164 1 973
342 213 17 559
342 242 35 455
342 323 46 664
342 327 28 541
342 336 22 481
342 337 19 843
342 344 13 1361
342 347 7 1238
342 364 49 1344
342 367 31 1454
343 38 55 758
343 67 25 474
343 84 35 1388
343 91 49 202
343 121 37 645
343 125 19 197
343 148 4 852
343 172 17 950
343 184 28 1469
343 238 41 1300
343 266 13 1426
343 326 31 505
343 358 47 995
343 375 43 1408
343 398 23 448
344 66 43 155
344 67 13 1434
344 76 58 1446
344 117 4 596
344 148 52 526
344 179 8 682
344 191 11 840
344 196 16 447
344 212 35 142
344 219 23 1324
344 265 29 344
344 294 31 674
344 313 19 103
344 318 47 492
344 343 55 674
345 3 39 716
345 4 13 1149
345 75 22 1288
345 101 53 642
345 140 47 1087
345 191 29 219
345 217 59 1188
345 224 31 256
345 230 16 773
345 262 49 265
345 282 10 135
345 290 55 104
345 324 35 306
345 337 25 795
345 349 5 420
346 11 49 527
346 20 17 344
346 22 43 331
346 81 13 386
346 100 37 222
346 112 52 949
346 136 25 155
346 150 55 1332
346 251 1 88
346 257 28 1281
346 286 20 1280
346 321 7 624
346 399 32 860
346 400 5 1155
347 17 49 567
347 92 55 655
347 110 17 105
347 134 23 1186
347 203 43 970
347 241 31 1106
347 252 19 1314
347 268 7 1107
347 272 13 1061
347 274 37 478
347 291 28 736
347 329 40 846
347 331 5 833
347 360 1 1305
347 372 11 463
348 12 9 812
348 15 26 390
348 51 37 90
348 59 19 989
348 62 41 839
348 64 45 1436
348 68 31 1486
348 130 23 1151
348 171 1 306
348 174 17 824
348 178 56 68
348 210 5 779
348 264 49 843
348 373 35 847
348 383 14 1087
349 36 13 1368
349 44 58 347
349 91 43 1354
349 106 22 577
349 163 41 1475
349 168 10 252
349 182 25 177
349 187 19 1231
349 211 5 484
349 246 29 159
349 259 47 955
349 269 52 1362
349 321 37 336
349 341 55 1210
349 365 31 329
350 11 4 932
350 35 34 976
350 37 44 52
350 102 15 233
350 142 52 992
350 168 1 1201
350 201 19 633
350 229 25 74
350 271 23 1312
350 326 39 513
350 335 7 847
350 339 49 467
350 371 10 1031
350 374 29 1155
350 388 55 1054
351 8 17 149
351 25 29 266
351 33 22 871
351 37 43 625
351 77 55 1305
351 83 35 920
351 90 31 1398
351 137 59 591
351 144 19 966
351 176 37 1062
351 180 10 277
351 284 49 991
351 287 27 413
351 378 13 1435
351 381 47 567
352 53 35 268
352 59 37 40
352 90 43 892
352 128 7 303
352 153 29 261
352 161 25 534
352 173 53 561
352 224 20 134
352 227 49 839
352 291 58 674
352 308 16 813
352 322 1 809
352 335 55 1129
352 361 31 230
353 1 17 1324
353 5 19 450
353 11 33 139
353 42 41 471
353 51 43 985
353 79 49 966
353 90 55 1208
353 95 23 214
353 146 13 389
353 147 37 402
353 255 11 833
353 263 1 1488
353 280 25 171
353 369 59 3
353 395 47 1431
354 11 4 339
354 31 40 1016
354 35 1 378
354 120 47 330
354 150 26 575
354 152 7 302
354 171 13 1387
354 206 31 4
354 235 35 1141
354 303 20 728
354 312 49 374
354 319 43 1451
354 323 55 402
354 363 37 1359
354 378 58 38
355 85 52 1273
355 87 34 1070
355 97 41 961
355 109 31 1278
355 127 25 331
355 135 58 278
355 170 1 1002
355 178 37 1316
355 188 19 773
355 201 7 607
355 213 17 1442
355 294 29 246
355 321 13 121
355 334 23 712
355 396 44 1068
356 26 43 1369
356 30 29 1393
356 37 19 643
356 120 35 1436
356 172 5 992
356 203 1 431
356 233 23 405
356 239 31 787
356 260 55 1000
356 266 52 1038
356 288 38 213
356 290 41 224
356 319 14 801
356 389 25 1322
356 399 58 662
357 18 40 135
357 40 22 501
357 44 5 330
357 90 13 320
357 93 49 617
357 110 53 894
357 194 25 1331
357 198 8 867
357 238 35 1384
357 263 31 710
357 334 59 747
357 344 1 1374
357 372 17 463
357 375 46 1408
357 396 55 178
358 37 55 625
358 80 28 1251
358 92 50 858
358 103 41 894
358 155 19 752
358 166 16 9
358 210 11 475
358 233 35 22
358 271 4 478
358 293 23 1353
358 308 33 813
358 336 38 1335
358 369 13 465
358 383 25 278
358 385 45 583
359 33 49 871
359 38 25 1026
359 86 41 920
359 90 19 1305
359 168 58 896
359 174 37 1014
359 197 7 405
359 228 43 857
359 235 29 1173
359 273 35 405
359 286 52 516
359 297 31 784
359 361 15 1065
359 378 47 107
359 392 2 1312
360 20 25 1314
360 151 28 1245
360 160 49 1385
360 169 7 1425
360 178 31 22
360 179 4 1092
360 199 59 491
360 250 44 823
360 264 37 1203
360 284 55 1045
360 288 1 416
360 301 16 990
360 327 19 1149
360 381 23 38
360 395 53 990
361 45 7 892
361 78 49 1115
361 93 55 617
361 99 43 856
361 113 52 638
361 130 4 1156
361 197 19 1091
361 204 25 1421
361 208 28 206
361 217 59 135
361 267 17 590
361 275 47 541
361 296 35 355
361 303 1 157
361 332 40 682
362 39 1 745
362 132 13 472
362 159 28 14
362 181 19 1086
362 186 52 1075
362 202 8 990
362 217 22 355
362 223 31 608
362 242 35 977
362 270 39 142
362 278 17 1227
362 279 55 1178
362 343 25 1045
362 354 37 979
362 396 43 607
363 46 9 1186
363 55 29 1008
363 59 55 358
363 110 41 499
363 117 22 416
363 124 52 1416
363 125 59 169
363 171 25 1342
363 238 4 655
363 280 14 1492
363 304 1 258
363 307 31 116
363 308 7 813
363 327 43 76
363 391 37 998
364 4 16 910
364 6 41 1399
364 15 1 149
364 64 31 1436
364 65 22 699
364 71 7 573
364 86 35 675
364 121 43 455
364 261 19 9
364 262 55 1265
364 266 25 797
364 307 50 90
364 359 37 188
364 371 13 1341
365 1 59 883
365 20 11 1314
365 70 1 1208
365 88 19 700
365 138 7 839
365 184 16 1257
365 188 31 743
365 199 13 611
365 208 34 68
365 228 40 745
365 264 51 474
365 274 37 1369
365 284 55 414
365 288 25 1041
365 358 29 51
366 77 43 1008
366 96 49 286
366 120 46 491
366 137 17 1302
366 182 4 1458
366 195 28 1369
366 208 7 755
366 227 13 715
366 259 33 1434
366 293 35 518
366 306 53 389
366 339 58 649
366 341 19 800
366 372 23 823
366 387 37 492
367 34 4 390
367 43 10 387
367 46 50 1072
367 79 43 758
367 86 17 283
367 108 19 125
367 128 13 851
367 164 28 802
367 169 38 1464
367 172 47 1433
367 228 34 52
367 269 7 1448
367 273 1 380
367 365 55 1399
367 379 59 800
368 17 43 1190
368 36 31 1088
368 51 26 308
368 88 8 1385
368 103 59 188
368 128 55 851
368 181 37 416
368 193 47 389
368 194 16 1378
368 197 1 329
368 297 19 347
368 318 35 805
368 334 5 1413
368 343 13 716
368 348 22 1316
369 39 4 896
369 50 49 1442
369 75 34 1029
369 94 44 356
369 130 17 1296
369 182 55 1458
369 192 7 543
369 194 1 134
369 206 25 1381
369 250 20 1130
369 270 13 1075
369 292 37 622
369 299 31 317
369 316 53 922
369 397 29 773
370 8 43 516
370 33 16 1234
370 34 19 184
370 43 4 1487
370 63 40 1115
370 90 57 320
370 125 35 1195
370 129 1 710
370 156 22 843
370 160 49 405
370 221 10 231
370 259 55 955
370 373 53 1002
370 380 25 356
370 385 29 678
371 12 32 726
371 19 7 1432
371 36 55 1236
371 86 53 1184
371 90 13 112
371 154 25 1015
371 169 44 1211
371 170 49 1197
371 195 37 523
371 221 40 231
371 244 19 1352
371 300 22 672
371 365 1 637
371 373 29 1002
372 31 11 1320
372 46 56 1061
372 48 23 680
372 55 47 818
372 101 5 1115
372 162 1 1430
372 206 43 185
372 248 13 69
372 290 25 619
372 291 37 1396
372 309 29 494
372 346 7 420
372 356 50 715
372 386 19 1068
372 394 16 1014
373 23 41 172
373 86 23 926
373 97 59 467
373 103 11 1020
373 108 49 1018
373 155 55 1270
373 163 4 933
373 232 17 1332
373 251 7 76
373 291 1 625
373 294 29 1200
373 337 43 17
373 340 47 1189
373 344 13 1201
373 383 19 992
374 1 41 936
374 10 23 261
374 61 5 476
374 100 19 1239
374 143 44 1157
374 169 31 363
374 173 55 957
374 242 8 455
374 273 53 440
374 298 35 1074
374 347 57 1047
374 349 11 1352
374 374 37 1245
374 390 51 544
374 394 25 484
375 28 35 823
375 35 43 129
375 64 31 67
375 68 19 922
375 124 28 265
375 134 53 826
375 155 49 703
375 194 37 797
375 252 7 1004
375 254 13 473
375 281 1 540
375 294 59 1467
375 319 55 1381
375 336 40 754
375 383 25 268
376 11 46 629
376 57 4 722
376 76 1 31
376 89 31 396
376 95 19 318
376 104 35 466
376 106 43 1327
376 128 7 971
376 165 25 743
376 175 21 629
376 180 59 431
376 259 11 1288
376 353 29 397
376 356 49 710
376 378 17 415
377 3 37 317
377 11 58 279
377 65 31 86
377 140 53 1436
377 169 9 1412
377 173 55 561
377 187 25 1257
377 188 4 974
377 215 16 891
377 219 41 1446
377 232 1 512
377 257 34 17
377 272 44 1041
377 294 49 449
377 297 22 876
378 18 1 1052
378 29 37 118
378 31 41 180
378 45 7 221
378 91 43 1339
378 113 31 386
378 136 50 153
378 201 25 982
378 237 34 894
378 306 17 165
378 315 13 844
378 342 10 281
378 353 23 639
378 358 29 239
378 367 55 535
379 84 7 936
379 102 58 315
379 104 41 678
379 125 53 169
379 126 37 347
379 154 19 775
379 160 1 1094
379 219 55 1128
379 240 27 937
379 253 31 92
379 290 17 382
379 308 5 270
379 348 9 617
379 360 49 1094
379 395 35 486
380 19 43 214
380 61 19 1344
380 91 31 374
380 124 37 548
380 164 1 807
380 173 5 382
380 197 21 1050
380 227 13 1030
380 273 35 563
380 275 17 829
380 279 49 1178
380 325 10 949
380 362 25 602
380 374 47 849
380 394 58 1257
381 67 1 341
381 83 41 997
381 98 23 1075
381 107 7 1363
381 146 58 131
381 167 25 1263
381 171 31 1387
381 174 17 954
381 194 46 1302
381 221 55 945
381 240 19 1487
381 269 4 1362
381 333 35 149
381 338 13 277
381 357 50 306
382 18 46 157
382 54 49 708
382 129 25 649
382 131 23 874
382 187 13 1257
382 193 9 589
382 215 58 1094
382 242 28 1086
382 249 16 1461
382 265 5 1319
382 286 19 1369
382 292 31 1027
382 315 37 844
382 378 11 587
382 389 53 589
383 53 7 37
383 111 5 433
383 139 53 676
383 171 49 1041
383 172 11 454
383 190 25 823
383 207 29 715
383 225 41 645
383 280 37 251
383 294 59 1039
383 302 43 1171
383 305 47 175
383 332 22 1002
383 343 55 499
383 347 1 1263
384 11 28 1413
384 56 37 1297
384 70 19 872
384 109 43 933
384 137 23 1302
384 141 31 557
384 144 7 234
384 153 11 976
384 158 16 1430
384 194 1 1314
384 209 49 535
384 213 47 469
384 273 5 1374
384 274 58 246
385 1 5 834
385 30 17 331
385 53 53 237
385 79 44 149
385 132 19 789
385 136 59 812
385 137 47 1420
385 171 1 1387
385 186 10 801
385 201 55 1115
385 202 49 169
385 227 37 1072
385 235 41 606
385 323 7 754
385 341 13 1213
386 31 17 572
386 121 19 776
386 143 40 973
386 150 55 606
386 156 37 903
386 159 35 1061
386 189 25 992
386 191 33 840
386 219 47 1205
386 243 23 494
386 248 49 97
386 281 43 1351
386 284 52 991
386 342 4 712
386 365 7 810
387 42 29 868
387 54 37 1493
387 87 19 1097
387 146 1 1287
387 153 11 843
387 161 13 728
387 163 41 320
387 181 31 1438
387 194 7 297
387 196 53 1319
387 200 25 849
387 226 4 344
387 268 49 990
387 341 22 1435
387 348 55 29
388 61 11 938
388 83 16 1184
388 90 55 151
388 134 47 1426
388 160 25 1392
388 163 29 1150
388 179 19 317
388 216 5 1418
388 224 38 248
388 255 59 892
388 272 31 1302
388 288 13 196
388 312 1 468
388 313 49 257
388 366 22 40
389 5 58 79
389 6 35 1086
389 35 43 409
389 66 13 652
389 92 25 465
389 107 19 782
389 113 55 247
389 186 31 543
389 200 3 127
389 221 52 28
389 232 11 465
389 267 29 1137
389 299 46 347
389 331 23 315
389 378 41 1435
390 11 7 290
390 20 5 1082
390 54 49 681
390 67 19 474
390 118 58 380
390 132 1 1173
390 136 53 398
390 198 37 968
390 220 11 523
390 284 13 1045
390 295 33 80
390 298 23 751
390 354 41 185
390 389 17 1089
390 399 26 733
391 1 29 526
391 20 35 1361
391 110 5 1215
391 171 55 1387
391 186 7 224
391 189 43 1420
391 220 41 1353
391 224 37 1020
391 237 16 570
391 249 10 1226
391 299 52 833
391 301 22 1027
391 327 25 8
391 355 31 1290
391 386 1 598
392 5 7 894
392 32 57 565
392 44 53 727
392 64 19 1251
392 124 40 1022
392 169 14 1195
392 202 1 169
392 229 31 873
392 260 49 334
392 284 28 830
392 285 46 1368
392 325 10 1157
392 335 25 1238
392 350 35 1210
393 11 43 1151
393 32 40 565
393 47 46 1486
393 71 50 219
393 108 31 1458
393 137 35 180
393 156 16 1316
393 202 55 824
393 249 4 1226
393 252 20 391
393 260 1 1340
393 273 59 67
393 333 25 148
393 338 28 277
393 370 13 745
394 21 43 771
394 88 25 194
394 112 34 29
394 128 13 303
394 138 40 1378
394 148 10 1016
394 186 37 1296
394 225 17 1358
394 252 51 824
394 319 56 641
394 337 19 30
394 339 22 1396
394 400 3 927
395 18 46 1052
395 37 49 267
395 83 34 1375
395 89 19 427
395 90 1 1446
395 113 31 1493
395 143 28 1282
395 157 58 397
395 159 17 1112
395 243 23 179
395 317 7 1072
395 330 25 1297
395 352 37 69
395 380 14 119
395 398 53 491
396 11 1 976
396 48 27 1187
396 93 31 1471
396 104 25 368
396 105 17 420
396 123 49 1157
396 166 38 178
396 176 13 1327
396 204 19 1188
396 230 10 501
396 296 7 374
396 303 58 1386
396 355 22 225
396 364 46 776
396 372 29 37
397 47 29 1407
397 51 1 834
397 116 25 1171
397 117 19 535
397 135 52 607
397 153 23 787
397 194 38 936
397 208 16 22
397 211 5 796
397 237 43 956
397 326 55 1024
397 347 32 279
397 370 46 572
397 376 49 1387
397 383 8 143
398 42 17 710
398 58 8 544
398 64 55 1209
398 125 35 169
398 130 29 1062
398 141 19 1167
398 161 13 214
398 165 5 52
398 197 1 606
398 205 25 271
398 264 31 1424
398 291 49 1226
398 332 43 297
398 388 37 743
399 17 15 104
399 28 59 512
399 67 40 1137
399 86 10 737
399 111 53 591
399 118 23 728
399 193 35 241
399 215 25 633
399 265 47 165
399 335 7 289
399 345 19 1430
399 346 55 373
399 366 28 476
399 376 31 1331
399 393 5 972
400 22 37 476
400 29 1 1466
400 80 35 809
400 92 43 1483
400 132 19 130
400 147 16 872
400 154 49 775
400 164 7 727
400 177 53 1307
400 220 59 860
400 306 5 229
400 327 13 804
400 335 10 973
400 339 28 1421
400 389 47 1303
401 16 4 37
401 63 1 79
401 68 31 1058
401 89 37 1151
401 104 7 398
401 160 25 1094
401 178 49 816
401 190 13 572
401 313 47 271
401 331 10 1400
401 347 55 542
401 354 35 867
401 365 43 479
401 390 22 1466
401 397 41 1056
402 15 25 866
402 22 2 248
402 84 41 760
402 96 49 239
402 119 37 617
402 159 17 1030
402 164 58 1239
402 221 44 386
402 233 53 625
402 260 10 1089
402 268 31 2
402 283 13 8
402 350 35 417
402 371 22 833
402 380 7 1319
403 5 16 545
403 7 40 926
403 16 32 1492
403 28 19 896
403 45 7 1279
403 53 11 645
403 115 55 1094
403 160 43 383
403 181 37 611
403 190 26 353
403 272 1 143
403 330 58 589
403 356 49 1398
403 363 13 940
403 394 22 484
404 3 37 708
404 8 41 1362
404 10 23 1228
404 31 17 1374
404 33 13 1
404 52 1 268
404 111 7 970
404 168 28 474
404 187 19 501
404 237 49 997
404 253 55 420
404 261 31 9
404 274 25 382
404 281 9 1263
404 311 4 121
405 49 57 814
405 76 7 816
405 90 1 172
405 103 5 1056
405 124 26 396
405 164 19 549
405 173 55 1022
405 226 34 420
405 265 29 882
405 279 50 856
405 316 23 513
405 318 47 706
405 330 37 627
405 358 16 239
405 390 10 118
406 54 7 1052
406 58 55 1166
406 67 38 584
406 90 19 1208
406 159 53 330
406 200 34 1290
406 207 41 832
406 229 43 950
406 232 23 578
406 266 58 843
406 284 16 414
406 311 13 1209
406 336 49 904
406 372 3 609
406 387 26 157
407 44 16 332
407 74 2 1045
407 86 29 283
407 99 31 856
407 124 52 1470
407 159 59 330
407 197 7 1136
407 205 25 751
407 230 56 74
407 233 20 540
407 244 22 750
407 297 44 1155
407 302 37 1227
407 313 35 982
407 369 47 3
408 6 17 1024
408 9 56 103
408 32 3 708
408 62 41 347
408 75 28 1288
408 116 1 177
408 132 13 341
408 160 44 317
408 238 7 635
408 257 31 339
408 258 37 1358
408 281 49 779
408 296 23 1428
408 322 10 605
408 399 20 1004
409 45 16 892
409 56 49 494
409 110 11 682
409 142 28 322
409 193 37 228
409 206 55 138
409 220 47 320
409 257 13 17
409 272 1 1464
409 292 39 1027
409 305 31 1416
409 355 7 3
409 363 34 1042
409 366 22 815
409 373 44 230
410 18 16 1421
410 38 25 946
410 57 5 561
410 72 11 432
410 77 31 1261
410 102 58 78
410 108 1 804
410 114 35 541
410 124 8 1022
410 132 19 787
410 145 50 134
410 271 41 149
410 349 47 420
410 351 13 241
410 379 56 1493
411 21 31 229
411 37 13 170
411 46 38 1483
411 164 22 409
411 175 10 375
411 177 17 457
411 183 49 1346
411 215 43 730
411 253 25 540
411 258 1 726
411 309 53 751
411 322 19 945
411 352 57 194
412 8 5 673
412 91 13 1339
412 175 50 548
412 183 43 97
412 186 40 507
412 196 53 571
412 223 31 165
412 229 55 545
412 237 28 536
412 238 47 390
412 255 17 1198
412 261 7 1354
412 278 11 1227
412 342 37 893
412 388 19 1226
413 12 13 88
413 48 29 516
413 49 25 579
413 51 8 74
413 79 4 252
413 82 43 1303
413 154 50 1209
413 173 47 138
413 195 58 557
413 270 31 1481
413 283 37 1303
413 354 17 1153
413 376 22 81
413 391 1 542
414 50 1 26
414 64 3 1451
414 65 31 1166
414 79 49 733
414 86 53 926
414 100 57 776
414 126 55 472
414 175 34 46
414 179 25 1092
414 245 46 1241
414 314 19 1339
414 344 39 639
414 378 10 415
414 380 13 1461
414 395 37 31
415 59 49 542
415 65 13 113
415 67 46 1340
415 91 25 1155
415 145 7 643
415 148 16 754
415 162 29 718
415 181 58 938
415 191 5 1317
415 226 43 325
415 251 40 131
415 276 19 336
415 309 53 494
415 347 1 1300
415 367 31 1030
416 7 10 49
416 18 1 1421
416 25 47 700
416 60 58 520
416 64 49 1458
416 100 25 96
416 104 29 398
416 131 40 706
416 166 34 73
416 213 43 90
416 244 13 1452
416 251 20 1198
416 282 31 1435
416 370 4 1432
416 371 7 801
417 24 34 1241
417 57 5 915
417 60 17 1020
417 121 43 322
417 160 13 164
417 188 22 773
417 207 29 237
417 243 37 415
417 290 47 2
417 312 25 267
417 332 49 637
417 336 31 1094
417 340 53 745
417 389 1 256
417 398 41 718
418 5 7 731
418 38 49 978
418 129 25 566
418 141 13 571
418 149 31 206
418 164 46 419
418 180 41 277
418 206 19 138
418 207 35 832
418 228 28 745
418 242 11 288
418 298 59 1074
418 316 23 707
418 350 17 1388
418 388 1 743
419 10 5 951
419 42 11 710
419 51 44 883
419 58 7 269
419 76 13 486
419 97 41 467
419 192 19 1259
419 200 1 1369
419 240 37 28
419 259 23 1386
419 286 52 731
419 288 16 68
419 302 55 513
419 386 31 868
419 396 27 1067
420 9 7 492
420 132 25 839
420 156 58 50
420 199 35 536
420 215 46 159
420 263 31 901
420 267 41 731
420 270 14 475
420 280 37 961
420 306 4 636
420 317 19 344
420 321 49 170
420 327 1 1434
421 27 19 204
421 36 31 1413
421 42 29 873
421 56 7 261
421 97 40 270
421 104 5 1157
421 203 44 760
421 221 25 363
421 226 13 773
421 230 22 549
421 262 1 246
421 320 55 919
421 368 50 933
421 370 37 491
421 378 17 505
422 10 59 951
422 37 3 302
422 52 19 713
422 61 29 1129
422 65 52 1399
422 105 41 4
422 122 33 389
422 219 7 347
422 221 56 731
422 234 47 637
422 261 37 1190
422 264 9 1424
422 286 16 1281
422 301 13 1481
422 395 23 364
423 6 29 420
423 14 55 222
423 17 49 1332
423 60 38 1373
423 63 40 1061
423 112 10 52
423 163 21 1185
423 203 25 681
423 233 59 112
423 271 8 773
423 316 4 922
423 346 32 877
423 372 53 1431
423 377 44 1346
423 400 17 1039
424 75 43 626
424 94 49 440
424 118 47 1215
424 144 31 303
424 180 35 1446
424 229 25 468
424 230 1 112
424 240 37 321
424 248 22 386
424 252 7 1305
424 295 55 1162
424 298 53 454
424 329 13 155
424 355 16 617
424 382 11 758
425 10 17 799
425 12 13 619
425 35 38 409
425 64 9 355
425 144 19 575
425 167 25 380
425 180 29 1133
425 230 52 1103
425 278 59 252
425 281 31 702
425 330 46 1393
425 355 2 437
425 356 55 119
425 366 22 761
426 25 35 332
426 28 47 587
426 37 49 773
426 74 37 983
426 84 11 56
426 93 20 158
426 121 1 1133
426 152 7 551
426 159 29 1112
426 201 31 1203
426 234 13 807
426 292 25 1250
426 309 41 458
426 362 55 642
426 368 15 1249
427 23 47 1395
427 24 7 219
427 30 59 685
427 93 50 1278
427 110 11 1215
427 125 17 253
427 141 19 405
427 167 55 306
427 188 34 454
427 198 1 484
427 207 31 1303
427 266 25 373
427 280 37 802
427 284 44 64
427 353 13 1447
428 31 29 1320
428 36 2 771
428 74 7 1378
428 88 49 653
428 102 14 484
428 106 43 776
428 133 17 320
428 144 31 1420
428 184 34 1288
428 194 37 83
428 234 53 807
428 302 55 1100
428 380 19 1205
428 384 25 239
428 386 22 16
429 23 29 877
429 51 13 90
429 68 25 1054
429 136 7 920
429 146 9 38
429 164 31 733
429 168 40 407
429 173 23 641
429 188 1 1031
429 190 43 1471
429 248 49 49
429 262 19 76
429 274 34 383
429 337 37 472
429 355 55 998
430 30 3 331
430 60 47 125
430 64 49 795
430 71 32 1363
430 96 55 1088
430 105 53 265
430 112 13 985
430 132 7 860
430 150 27 897
430 151 1 501
430 175 40 1416
430 214 19 360
430 291 16 1481
430 304 43 807
430 390 5 645
431 3 13 842
431 162 1 1188
431 167 27 136
431 182 22 441
431 219 5 138
431 229 55 334
431 230 7 239
431 235 47 1173
431 248 49 37
431 336 52 112
431 356 31 1447
431 362 37 602
431 384 43 374
432 4 10 1249
432 5 22 673
432 87 7 1100
432 110 47 726
432 145 49 484
432 153 29 787
432 183 39 273
432 237 4 782
432 248 26 768
432 291 1 1396
432 292 43 1149
432 307 31 1273
432 330 16 589
432 342 13 1184
432 368 56 1031
433 24 1 111
433 44 53 518
433 64 13 1251
433 86 47 1026
433 107 7 163
433 126 35 178
433 131 25 968
433 154 20 1171
433 169 49 497
433 218 31 1467
433 229 55 1413
433 230 4 156
433 236 43 797
433 240 27 619
433 387 37 1467
434 34 7 548
434 38 26 1178
434 78 53 225
434 96 56 494
434 130 41 1103
434 168 10 397
434 195 13 1092
434 204 31 649
434 223 43 1173
434 235 17 1141
434 248 34 37
434 250 2 1022
434 351 22 1149
434 361 37 868
434 387 49 224
435 33 34 1420
435 38 13 763
435 49 19 618
435 56 55 936
435 72 59 847
435 111 53 915
435 120 4 752
435 183 7 992
435 194 31 775
435 195 40 548
435 224 45 1020
435 239 49 1337
435 274 1 478
435 346 25 420
436 61 7 536
436 153 17 261
436 154 1 413
436 175 46 49
436 199 41 1020
436 240 31 541
436 266 10 160
436 270 55 1261
436 288 50 1431
436 301 13 983
436 329 4 627
436 361 37 247
436 366 28 457
436 391 19 437
437 4 37 507
437 14 25 1156
437 96 45 516
437 103 35 1314
437 114 23 339
437 118 11 567
437 137 17 619
437 210 9 475
437 219 53 40
437 232 43 1259
437 239 13 787
437 271 41 655
437 317 31 330
437 337 50 1237
437 344 56 212
438 14 13 1386
438 20 23 74
438 28 29 258
438 59 43 995
438 116 1 1000
438 124 7 471
438 222 10 318
438 255 35 1228
438 267 47 1184
438 274 52 1263
438 275 27 1303
438 288 58 213
438 297 55 511
438 324 41 880
438 384 3 3
439 5 43 323
439 59 31 812
439 72 17 652
439 81 20 1395
439 82 55 636
439 134 59 1186
439 203 1 187
439 214 13 455
439 286 28 851
439 296 5 1265
439 342 40 187
439 353 35 1188
439 362 49 468
439 371 46 387
439 372 10 609
440 87 1 1167
440 102 34 239
440 140 47 1435
440 146 10 214
440 148 43 355
440 199 21 611
440 203 37 528
440 212 17 1050
440 214 55 491
440 237 7 265
440 291 52 222
440 302 13 1228
440 324 5 180
440 375 31 529
440 392 25 1353
441 13 53 578
441 41 38 92
441 67 43 1014
441 70 32 956
441 83 7 387
441 149 55 1238
441 152 49 1156
441 170 13 218
441 239 9 970
441 247 59 736
441 268 1 1372
441 319 26 320
441 359 46 1448
441 388 20 83
442 15 55 1229
442 58 43 1166
442 60 29 796
442 67 4 1434
442 71 37 1132
442 102 46 198
442 162 51 745
442 163 9 1185
442 196 53 402
442 224 13 138
442 240 25 808
442 246 35 1130
442 250 31 1197
442 334 17 1132
442 344 19 987
443 70 43 1184
443 125 23 196
443 129 20 509
443 167 31 268
443 238 56 1448
443 250 13 159
443 257 28 900
443 318 37 1298
443 328 1 30
443 338 11 16
443 341 4 307
443 343 25 310
443 356 7 1403
443 382 47 790
443 395 53 1067
444 18 38 697
444 37 56 1433
444 78 11 225
444 97 31 768
444 112 1 979
444 129 19 225
444 140 5 1173
444 149 49 364
444 234 43 1359
444 241 7 1106
444 287 16 449
444 310 25 726
444 331 29 833
444 369 35 1362
444 385 47 596
445 2 37 570
445 30 53 331
445 33 22 826
445 37 49 696
445 39 59 17
445 75 28 1105
445 99 7 937
445 111 41 970
445 143 55 566
445 163 19 1185
445 258 43 799
445 268 13 1016
445 289 47 761
445 298 4 594
445 335 34 779
446 19 25 188
446 33 34 826
446 47 49 1486
446 85 8 1271
446 89 43 1203
446 110 23 105
446 143 16 79
446 178 1 51
446 195 13 776
446 255 41 1213
446 308 53 813
446 321 57 911
446 343 19 826
446 347 37 230
446 373 47 1149
447 4 49 350
447 46 43 954
447 104 53 851
447 136 29 976
447 137 40 1331
447 162 19 626
447 174 59 352
447 241 33 1223
447 245 23 51
447 300 10 1466
447 313 1 628
447 355 13 1372
447 389 31 410
447 390 3 645
447 394 7 1365
448 55 20 1273
448 120 44 491
448 130 11 1135
448 132 25 860
448 139 29 968
448 196 1 239
448 219 17 1205
448 235 47 505
448 265 13 578
448 280 55 961
448 287 59 978
448 291 32 1087
448 295 7 566
448 300 4 221
448 356 51 492
449 34 52 1228
449 64 13 347
449 67 4 1150
449 167 21 442
449 169 43 278
449 194 40 465
449 195 49 1092
449 208 7 120
449 219 17 1373
449 279 25 638
449 321 56 229
449 323 37 113
449 359 31 1133
449 370 10 110
449 390 1 181
450 10 55 194
450 11 40 279
450 15 8 413
450 30 23 172
450 70 31 1425
450 98 47 1476
450 105 43 225
450 155 57 1020
450 164 25 1189
450 203 49 481
450 205 19 790
450 228 16 73
450 283 1 1468
450 298 28 454
451 55 23 1154
451 91 55 205
451 97 19 1373
451 120 35 330
451 123 27 131
451 124 31 1129
451 127 37 840
451 174 5 741
451 178 1 251
451 188 16 743
451 196 53 1346
451 198 8 1470
451 211 25 559
451 348 43 1464
451 371 13 49
452 20 41 433
452 29 37 405
452 56 25 497
452 66 13 887
452 160 49 1475
452 164 55 733
452 227 2 715
452 233 17 329
452 242 46 1066
452 243 11 303
452 264 32 91
452 291 43 576
452 326 7 1370
452 377 19 196
452 395 23 534
453 25 17 92
453 38 37 847
453 86 59 579
453 87 55 1257
453 114 35 1366
453 142 43 387
453 146 9 575
453 158 46 810
453 202 25 1210
453 243 29 1241
453 250 49 1435
453 302 31 352
453 303 20 330
453 360 13 976
453 390 3 181
454 9 43 1112
454 39 5 83
454 151 35 1451
454 162 16 383
454 173 55 970
454 182 7 1458
454 198 37 484
454 221 28 363
454 227 50 1239
454 264 31 635
454 270 21 148
454 316 3 1413
454 354 25 1223
454 373 47 26
454 385 59 179
455 6 5 440
455 18 46 103
455 43 1 129
455 80 17 1251
455 114 35 16
455 156 40 903
455 158 55 180
455 189 19 458
455 210 11 389
455 289 43 839
455 303 37 157
455 317 25 63
455 326 7 1184
455 338 49 472
455 365 13 1307
456 11 4 527
456 80 23 1446
456 106 49 112
456 129 58 86
456 132 25 789
456 142 34 594
456 144 31 1344
456 250 19 288
456 264 37 467
456 298 47 163
456 312 7 288
456 329 55 221
456 330 1 1066
456 395 16 486
456 396 43 932
457 8 23 1004
457 29 55 1466
457 53 47 32
457 99 31 871
457 147 25 14
457 152 19 1467
457 190 7 563
457 191 59 14
457 200 40 1369
457 213 53 815
457 259 17 29
457 294 35 852
457 332 1 1384
457 334 5 1499
457 372 11 1270
458 19 7 180
458 35 13 409
458 38 37 398
458 89 3 1067
458 135 28 1229
458 146 34 1435
458 162 11 718
458 177 41 672
458 228 55 52
458 237 58 465
458 258 19 1310
458 267 1 153
458 325 49 949
458 342 25 1312
458 399 31 707
459 23 51 1066
459 54 1 728
459 66 20 652
459 76 10 779
459 123 25 1416
459 134 35 800
459 230 45 1103
459 262 31 537
459 282 40 573
459 284 7 414
459 290 37 252
459 294 29 1467
459 310 13 45
459 352 55 179
459 354 53 185
460 22 1 1130
460 28 53 771
460 44 47 584
460 46 19 267
460 62 35 138
460 98 5 1361
460 136 23 323
460 139 59 91
460 193 44 533
460 210 29 1094
460 249 16 155
460 374 25 1059
460 378 41 505
460 387 49 234
460 397 55 273
461 146 10 596
461 163 59 1185
461 199 52 611
461 219 13 1363
461 227 55 316
461 243 1 265
461 286 4 43
461 294 41 662
461 313 23 927
461 332 49 305
461 364 26 807
461 379 16 536
461 382 35 78
461 385 47 622
461 397 37 575
462 50 52 570
462 86 35 926
462 104 47 466
462 111 2 583
462 136 29 1372
462 153 23 838
462 163 16 1185
462 252 37 3
462 268 43 1016
462 272 25 430
462 273 59 1129
462 301 7 1481
462 302 31 450
462 332 10 1368
462 372 41 1431
463 1 11 936
463 82 55 817
463 83 59 363
463 90 7 1446
463 104 17 398
463 126 53 1229
463 127 25 479
463 131 5 1435
463 148 13 1137
463 156 34 1039
463 191 29 56
463 218 19 1209
463 269 31 995
463 282 1 135
463 354 47 979
464 45 31 8
464 128 37 303
464 139 17 758
464 200 22 849
464 227 56 1445
464 235 7 26
464 267 53 1324
464 270 43 874
464 283 13 275
464 302 9 352
464 315 25 1107
464 326 49 1288
464 335 4 1238
464 383 34 1010
465 14 1 1153
465 33 7 1000
465 34 4 1346
465 41 27 717
465 67 19 160
465 98 41 1106
465 137 59 116
465 164 43 802
465 173 47 437
465 184 22 992
465 196 11 849
465 234 25 442
465 276 56 135
465 322 31 974
465 337 34 278
466 38 13 924
466 61 5 736
466 110 11 1109
466 116 17 764
466 144 40 545
466 153 34 673
466 198 49 867
466 218 1 1467
466 283 25 266
466 295 19 591
466 311 31 73
466 319 7 685
466 355 55 437
466 366 37 1442
466 392 44 512
467 77 2 1189
467 111 29 858
467 131 5 874
467 133 11 1102
467 150 7 461
467 159 59 834
467 168 25 1035
467 226 46 987
467 240 31 28
467 244 22 695
467 281 50 916
467 284 43 414
467 310 19 1089
467 363 14 1464
467 377 39 419
468 9 43 407
468 35 25 440
468 51 7 829
468 87 20 1223
468 90 1 1398
468 114 37 339
468 141 31 882
468 238 35 492
468 250 13 1210
468 266 50 1155
468 286 40 1252
468 361 55 637
468 366 28 40
469 3 57 33
469 15 13 1229
469 18 22 1426
469 43 31 673
469 118 41 1203
469 198 49 1366
469 277 47 1055
469 295 9 1475
469 322 43 1052
469 327 34 88
469 362 25 1137
469 365 37 1279
469 375 19 570
469 381 53 303
469 395 17 31
470 7 46 559
470 17 1 1332
470 49 19 156
470 106 16 776
470 125 11 253
470 130 23 136
470 212 41 712
470 225 59 130
470 277 29 1211
470 295 37 1475
470 312 7 1236
470 320 25 325
470 334 53 1372
470 377 49 817
470 396 55 932
471 6 23 1196
471 86 59 880
471 162 3 745
471 176 19 17
471 178 15 51
471 186 40 543
471 254 43 433
471 259 5 119
471 263 49 225
471 267 35 153
471 272 55 1340
471 278 53 1337
471 329 28 846
471 385 13 410
471 389 11 589
472 46 15 410
472 56 43 727
472 71 21 1132
472 115 52 1058
472 157 1 808
472 229 37 823
472 236 25 1339
472 251 4 710
472 287 35 111
472 297 10 1430
472 322 55 809
472 333 29 364
472 341 49 800
472 375 7 1408
472 376 58 40
473 54 37 1030
473 68 43 1015
473 77 10 622
473 113 4 672
473 155 13 730
473 201 20 139
473 212 7 549
473 244 28 750
473 247 17 170
473 282 25 1413
473 294 47 121
473 347 49 231
473 371 1 797
473 389 41 479
473 393 59 497
474 7 44 761
474 16 28 849
474 26 10 46
474 95 59 867
474 119 37 789
474 169 31 675
474 173 41 463
474 181 55 336
474 187 1 607
474 256 19 1196
474 279 50 1000
474 297 4 1353
474 300 25 17
474 321 13 911
475 8 19 673
475 64 26 1458
475 88 33 194
475 119 7 898
475 219 47 1446
475 228 16 717
475 258 43 536
475 272 56 576
475 278 23 228
475 289 11 911
475 317 51 763
475 348 13 481
475 354 1 645
475 364 4 807
475 394 37 270
476 22 25 1412
476 28 52 802
476 44 41 163
476 104 29 905
476 125 11 643
476 129 37 104
476 200 7 204
476 303 46 718
476 322 43 841
476 328 19 833
476 336 22 1094
476 346 2 197
476 355 58 500
476 361 32 1270
476 365 13 1454
477 38 19 268
477 58 55 563
477 72 5 971
477 79 58 1016
477 82 13 396
477 118 41 1045
477 124 1 596
477 130 31 1296
477 193 23 533
477 226 28 1208
477 229 37 590
477 241 7 1215
477 247 17 1026
477 256 50 248
477 380 46 1475
478 32 31 63
478 114 47 213
478 121 43 1056
478 139 35 681
478 153 5 843
478 242 53 977
478 246 17 318
478 254 57 680
478 274 1 737
478 281 25 528
478 297 13 1155
478 309 29 252
478 312 19 91
478 352 49 179
478 368 7 440
479 39 53 17
479 73 56 475
479 75 40 922
479 105 9 1436
479 117 13 416
479 127 49 840
479 167 43 585
479 191 23 579
479 250 19 758
479 285 37 410
479 305 29 683
479 311 2 998
479 320 31 542
479 324 47 1015
479 372 5 609
480 13 8 67
480 42 47 650
480 55 35 1008
480 100 15 518
480 103 32 1050
480 112 51 332
480 113 19 784
480 148 28 440
480 169 57 1106
480 172 23 1339
480 217 13 898
480 230 1 74
480 284 10 1045
480 288 4 1041
480 386 40 520
481 25 13 1138
481 43 40 518
481 99 1 1445
481 127 44 1062
481 152 31 1156
481 154 21 475
481 172 5 16
481 253 50 131
481 261 16 1250
481 278 11 1337
481 367 25 478
481 384 7 1055
481 396 56 702
482 21 57 1290
482 25 47 440
482 73 7 779
482 112 19 979
482 114 5 675
482 144 22 1385
482 211 11 905
482 295 13 758
482 366 1 764
482 368 25 1200
482 369 29 431
482 384 31 1059
482 385 35 851
482 398 17 448
482 400 40 1281
483 24 20 894
483 28 49 929
483 39 23 374
483 93 27 163
483 113 40 577
483 187 13 1395
483 252 31 824
483 253 43 686
483 287 59 799
483 309 35 787
483 356 55 1359
483 382 10 1168
483 390 53 1106
483 391 37 1378
483 392 1 145
484 3 37 33
484 34 4 375
484 66 15 302
484 122 43 605
484 142 27 387
484 146 50 214
484 156 1 374
484 167 19 641
484 175 7 442
484 187 31 1418
484 333 25 1066
484 337 34 795
484 351 10 513
484 365 56 712
485 49 55 764
485 51 13 308
485 53 3 38
485 60 47 676
485 74 49 983
485 90 37 151
485 101 1 1105
485 152 19 838
485 200 8 1290
485 216 29 497
485 232 5 74
485 307 25 447
485 326 31 961
485 336 43 634
485 398 23 537
486 19 31 1341
486 124 49 985
486 146 4 1287
486 149 13 252
486 167 19 1346
486 174 7 946
486 251 1 1128
486 279 44 1366
486 280 37 397
486 285 9 745
486 292 55 73
486 382 29 78
486 386 52 599
486 391 25 520
487 43 40 74
487 48 7 680
487 58 19 1296
487 89 55 8
487 121 43 499
487 133 17 175
487 156 4 315
487 196 11 1346
487 214 13 391
487 260 52 602
487 329 1 308
487 362 25 344
487 369 29 1471
487 378 22 505
487 393 35 2
488 9 7 1074
488 11 31 1171
488 26 25 1042
488 102 1 375
488 113 34 163
488 191 43 56
488 211 23 96
488 220 53 747
488 280 37 343
488 298 47 1074
488 308 21 813
488 323 4 583
488 346 55 197
488 359 13 534
488 389 59 950
489 31 29 983
489 33 1 1420
489 47 23 812
489 112 58 696
489 137 11 933
489 139 34 605
489 181 4 178
489 189 43 458
489 272 50 1340
489 280 37 153
489 283 7 728
489 334 47 1499
489 356 19 910
489 381 14 156
489 399 55 202
490 42 23 471
490 55 47 402
490 73 43 113
490 94 51 957
490 108 55 187
490 132 37 839
490 220 28 332
490 254 31 832
490 259 16 1434
490 288 4 730
490 316 11 922
490 344 19 982
490 377 7 69
491 14 37 14
491 45 22 694
491 74 31 737
491 95 47 283
491 157 25 727
491 177 17 40
491 187 19 188
491 226 4 664
491 240 43 541
491 249 10 681
491 267 57 153
491 274 40 330
491 321 49 911
491 342 1 893
491 348 28 1213
492 26 40 1344
492 56 31 727
492 84 29 936
492 103 53 1375
492 152 19 1098
492 167 43 136
492 212 13 1071
492 225 17 125
492 227 1 316
492 253 49 420
492 315 7 950
492 318 59 805
492 365 25 637
492 373 35 696
492 398 11 494
493 2 31 221
493 38 13 1285
493 57 35 722
493 63 28 1103
493 76 1 486
493 93 49 1461
493 100 43 67
493 110 47 499
493 144 40 887
493 237 37 956
493 261 25 145
493 307 57 957
493 343 7 1209
493 368 19 78
493 397 11 760
494 5 55 1454
494 36 1 1381
494 41 7 974
494 76 58 551
494 78 35 409
494 89 25 500
494 144 22 966
494 169 37 1098
494 278 11 228
494 307 31 277
494 347 43 1278
494 355 19 891
494 365 13 1451
494 373 29 973
494 377 49 846
495 1 41 325
495 49 25 1209
495 51 13 829
495 100 1 96
495 154 52 400
495 156 34 1324
495 179 49 92
495 180 23 625
495 193 5 589
495 222 31 1239
495 245 11 131
495 311 57 442
495 314 19 497
495 321 7 911
495 345 43 561
496 18 16 846
496 43 4 129
496 85 51 823
496 114 41 537
496 145 43 633
496 184 1 91
496 185 55 1171
496 216 49 1418
496 237 22 461
496 261 13 852
496 284 7 973
496 322 28 185
496 356 37 479
496 377 31 96
496 391 10 520
497 24 49 14
497 45 44 843
497 59 31 247
497 69 23 1271
497 80 35 1368
497 89 37 1431
497 94 25 967
497 104 53 368
497 111 41 591
497 215 1 46
497 217 4 355
497 272 13 1302
497 283 19 537
497 316 17 181
497 367 7 833
498 40 26 1302
498 48 23 1062
498 56 1 261
498 95 11 1066
498 98 5 1186
498 112 15 557
498 199 29 416
498 213 35 883
498 228 37 1386
498 355 46 956
498 372 59 608
498 374 41 230
498 384 31 1055
498 391 7 1029
498 400 53 343
499 18 16 1426
499 23 49 1029
499 43 27 16
499 72 23 1420
499 153 11 1203
499 191 59 1369
499 216 41 1418
499 269 1 110
499 284 7 963
499 286 56 1186
499 299 13 1353
499 302 43 441
499 321 31 391
499 363 4 866
499 366 51 1442
500 35 37 1282
500 61 1 968
500 68 31 113
500 70 3 872
500 71 50 741
500 102 22 22
500 166 10 9
500 210 35 234
500 256 25 121
500 267 56 520
500 284 19 599
500 317 43 1227
500 364 40 807
500 371 13 1398
501 8 47 901
501 29 49 118
501 38 8 479
501 87 13 1223
501 93 19 1461
501 98 17 606
501 178 43 261
501 220 29 113
501 236 37 843
501 245 53 1403
501 316 41 1052
501 334 31 171
501 357 55 254
501 365 1 1454
501 381 23 596
502 6 59 447
502 10 41 353
502 12 1 198
502 23 47 877
502 50 52 26
502 126 57 929
502 147 13 920
502 184 37 745
502 206 31 809
502 254 43 866
502 268 25 153
502 303 7 472
502 354 49 1107
502 376 16 1259
502 390 23 872
503 7 22 1452
503 122 55 897
503 200 43 642
503 210 31 933
503 215 4 46
503 225 35 874
503 229 49 545
503 254 26 572
503 273 41 1129
503 278 13 1448
503 311 46 844
503 328 19 1000
503 346 15 995
503 379 11 306
503 391 7 185
504 7 55 1189
504 121 44 93
504 122 19 224
504 157 34 838
504 169 13 1312
504 179 37 269
504 215 40 155
504 229 7 1332
504 238 53 469
504 261 50 826
504 297 28 652
504 322 4 1052
504 359 31 573
504 369 23 3
504 374 59 1245
505 23 34 1316
505 26 19 1442
505 77 37 1067
505 109 31 1375
505 140 41 1041
505 141 49 1286
505 171 43 1387
505 197 13 796
505 239 25 576
505 298 17 350
505 338 23 810
505 346 7 1027
505 358 47 998
505 386 58 1436
505 388 1 1054
506 28 53 1209
506 31 17 334
506 68 9 205
506 79 55 331
506 93 49 315
506 108 38 787
506 143 31 898
506 160 1 815
506 161 21 897
506 177 29 212
506 189 45 967
506 216 5 990
506 369 7 197
506 389 19 410
506 398 58 1231
507 16 22 37
507 57 35 634
507 104 7 814
507 115 16 788
507 124 25 143
507 160 37 1168
507 163 57 1185
507 184 19 1189
507 187 28 1196
507 242 3 880
507 246 41 815
507 272 43 717
507 290 31 880
507 306 59 270
507 309 53 887
508 29 37 752
508 34 10 896
508 150 19 1203
508 166 43 1031
508 169 50 1312
508 178 26 1188
508 221 3 454
508 235 41 26
508 243 17 265
508 259 13 955
508 298 47 311
508 310 32 563
508 358 59 954
508 368 55 1420
509 4 4 746
509 23 41 736
509 79 37 758
509 135 46 158
509 162 17 497
509 166 19 1029
509 215 22 1082
509 220 35 288
509 224 25 1115
509 266 13 997
509 297 50 246
509 365 7 577
509 367 31 478
509 371 43 49
509 383 55 143
510 59 13 415
510 82 43 636
510 85 31 973
510 95 17 593
510 100 37 594
510 111 59 715
510 118 5 1322
510 126 29 178
510 175 49 537
510 266 7 634
510 304 10 1413
510 329 1 1416
510 334 35 465
510 335 19 797
510 364 22 129
511 4 50 302
511 44 53 961
511 169 7 1241
511 200 38 1155
511 226 15 664
511 239 25 286
511 258 31 1103
511 272 19 1302
511 305 47 1416
511 313 35 257
511 328 43 30
511 332 1 949
511 359 58 97
512 5 28 545
512 44 23 932
512 63 20 1445
512 69 1 1365
512 87 7 1097
512 89 39 1014
512 124 52 1493
512 150 32 344
512 170 43 1270
512 192 56 763
512 206 13 937
512 243 17 303
512 314 3 153
512 341 49 833
512 378 37 29
513 27 22 816
513 105 11 265
513 159 59 1340
513 201 55 956
513 206 7 1381
513 218 31 712
513 233 40 286
513 255 17 678
513 266 19 1396
513 288 1 1168
513 312 44 655
513 327 25 998
513 346 13 397
513 353 5 50
513 387 49 549
514 67 34 1310
514 108 1 915
514 112 37 52
514 115 40 799
514 120 7 491
514 192 55 593
514 215 13 982
514 237 31 43
514 264 43 461
514 303 10 472
514 316 47 513
514 351 16 241
514 352 19 1211
514 356 49 695
514 368 25 1280
515 58 37 576
515 85 19 1252
515 117 1 4
515 154 40 113
515 156 7 955
515 181 15 655
515 196 29 629
515 227 31 1168
515 235 35 505
515 247 59 157
515 287 11 316
515 312 55 299
515 386 22 933
515 392 25 481
515 394 4 1024
516 99 37 1035
516 116 47 1000
516 137 23 1168
516 138 9 697
516 168 13 967
516 176 43 945
516 189 31 823
516 202 25 824
516 214 19 882
516 220 35 606
516 257 58 1393
516 298 29 1470
516 358 5 576
516 365 1 1279
516 388 49 1127
517 26 49 1223
517 47 41 1086
517 64 37 356
517 127 19 1393
517 130 5 940
517 135 52 904
517 159 25 1340
517 191 13 56
517 200 58 127
517 243 23 1384
517 295 1 1435
517 350 17 1337
517 354 47 185
517 368 7 507
517 370 34 110
518 4 19 1454
518 32 1 565
518 61 17 1394
518 72 59 810
518 93 55 760
518 122 13 160
518 144 46 662
518 153 4 231
518 169 25 1195
518 205 33 1089
518 288 37 730
518 291 51 674
518 309 31 764
518 335 10 1041
518 366 22 307
519 8 29 125
519 21 13 771
519 54 49 329
519 80 53 1368
519 126 55 730
519 142 40 360
519 174 27 1442
519 176 19 1062
519 239 2 155
519 264 43 467
519 296 23 702
519 316 17 513
519 366 32 1442
519 376 37 254
519 377 57 383
520 7 34 641
520 21 25 993
520 43 43 987
520 97 5 1227
520 104 59 1353
520 166 8 653
520 169 49 1098
520 198 19 231
520 199 32 818
520 220 53 1270
520 224 1 254
520 260 13 130
520 336 55 500
520 351 16 915
520 368 38 1162
521 20 59 74
521 51 49 834
521 93 19 857
521 103 7 468
521 130 41 650
521 159 5 868
521 175 43 1237
521 179 10 269
521 196 29 1346
521 207 35 844
521 261 31 511
521 277 23 1211
521 302 55 1155
521 306 47 842
521 337 38 578
522 59 31 40
522 93 51 634
522 138 10 358
522 146 45 1097
522 160 1 317
522 188 58 1241
522 229 13 334
522 237 55 1066
522 242 5 923
522 249 38 901
522 280 25 843
522 313 35 45
522 322 22 165
522 386 7 583
523 7 22 1189
523 14 55 127
523 54 37 1435
523 58 1 1166
523 65 43 1399
523 70 31 872
523 101 58 968
523 167 50 1393
523 177 11 1469
523 213 41 90
523 239 7 360
523 358 19 1088
523 364 25 776
523 381 47 1434
523 394 14 1222
524 16 58 1252
524 72 41 1420
524 86 53 373
524 110 29 139
524 118 13 80
524 122 37 32
524 167 31 1445
524 173 16 437
524 244 1 750
524 301 4 205
524 334 11 481
524 338 23 880
524 346 25 269
524 387 43 867
524 395 7 712
525 67 25 814
525 87 13 1070
525 98 29 302
525 147 16 1469
525 155 55 652
525 181 38 1086
525 232 5 261
525 304 46 807
525 317 49 204
525 321 19 927
525 346 31 373
525 383 43 8
525 384 7 876
525 394 1 158
526 20 59 518
526 103 47 214
526 124 7 596
526 132 1 1027
526 161 49 1297
526 179 25 32
526 186 34 212
526 204 37 1141
526 245 19 1241
526 301 13 1259
526 307 55 1141
526 332 16 184
526 337 44 565
526 364 31 442
526 395 40 990
527 2 49 589
527 26 10 839
527 126 41 1055
527 140 17 388
527 152 13 551
527 183 57 273
527 210 47 1335
527 227 1 800
527 241 25 904
527 293 5 1381
527 299 22 1381
527 300 19 971
527 341 38 800
527 372 43 1133
527 374 35 350
528 92 26 966
528 94 37 957
528 110 23 113
528 118 35 457
528 145 7 334
528 165 41 447
528 192 56 1412
528 225 11 1151
528 270 43 470
528 279 19 856
528 310 13 1470
528 378 31 565
528 379 16 951
528 384 49 1055
528 400 47 1155
529 33 1 1
529 52 4 73
529 127 32 1151
529 149 19 364
529 173 47 641
529 190 7 784
529 197 25 237
529 205 43 271
529 233 11 405
529 234 53 955
529 253 39 68
529 259 17 858
529 268 56 745
529 279 13 527
529 339 49 730
530 32 4 1171
530 90 7 1398
530 107 58 1451
530 120 11 260
530 163 55 1185
530 197 31 1386
530 242 49 1066
530 265 47 731
530 277 53 1055
530 291 25 802
530 297 44 840
530 311 37 520
530 312 19 710
530 320 13 265
530 340 35 745
531 1 29 1412
531 13 1 1245
531 34 51 449
531 55 16 818
531 69 3 1280
531 86 59 583
531 137 11 28
531 171 45 1317
531 203 25 1365
531 233 13 655
531 274 7 1020
531 333 35 1106
531 337 22 1337
531 339 19 1112
531 386 37 1468
532 16 25 1135
532 27 1 816
532 33 4 826
532 39 29 927
532 95 59 260
532 190 49 682
532 198 21 867
532 207 31 1056
532 214 37 1152
532 282 55 737
532 316 17 922
532 332 13 929
532 344 7 818
532 369 41 1109
532 380 43 1358
533 24 34 388
533 55 29 843
533 79 19 432
533 92 13 533
533 93 43 1467
533 105 53 936
533 111 17 30
533 112 55 696
533 148 10 468
533 192 1 350
533 233 23 131
533 239 37 1103
533 297 7 1430
533 302 49 475
533 305 59 594
534 35 44 653
534 53 17 37
534 89 31 1335
534 116 59 764
534 127 9 1152
534 136 47 417
534 192 1 1359
534 198 49 968
534 217 5 764
534 252 13 857
534 255 23 1451
534 298 25 311
534 310 19 446
534 346 38 877
534 357 55 858
535 25 11 629
535 31 23 43
535 41 37 1129
535 67 50 1492
535 94 43 14
535 112 25 52
535 124 55 50
535 134 41 1445
535 143 19 566
535 158 2 1026
535 249 7 1201
535 259 59 949
535 301 28 180
535 367 31 78
535 399 15 1290
536 15 57 775
536 36 13 1236
536 53 7 38
536 56 49 79
536 69 35 1127
536 151 1 454
536 154 27 1171
536 156 31 1232
536 213 4 347
536 216 53 605
536 283 37 275
536 309 9 787
536 353 22 402
536 362 45 344
536 379 55 570
537 38 13 466
537 81 55 474
537 98 5 1135
537 113 10 817
537 144 46 267
537 189 20 967
537 240 37 353
537 246 7 664
537 269 31 816
537 291 43 31
537 305 53 479
537 342 34 231
537 344 25 212
537 365 49 1454
537 392 1 1393
538 1 25 86
538 132 13 1198
538 135 55 894
538 140 47 1454
538 166 19 1020
538 198 1 130
538 227 43 1265
538 270 27 1279
538 293 59 266
538 313 23 433
538 331 17 1213
538 334 11 1381
538 358 35 534
538 373 53 1178
538 379 7 800
539 50 29 204
539 77 55 261
539 83 7 1375
539 86 41 1493
539 99 51 967
539 126 19 715
539 127 37 1239
539 148 31 1395
539 152 21 302
539 168 58 1210
539 170 13 1197
539 197 9 814
539 267 5 105
539 365 25 585
539 385 1 410
540 58 52 563
540 61 47 354
540 77 58 622
540 85 10 1273
540 106 1 1327
540 190 15 682
540 199 23 329
540 202 19 358
540 231 4 500
540 239 43 787
540 246 29 599
540 310 49 726
540 350 7 1281
540 362 25 178
540 379 41 674
541 7 40 239
541 9 44 1071
541 101 16 1305
541 132 56 868
541 142 37 341
541 192 25 1452
541 207 1 702
541 211 29 1068
541 236 19 279
541 246 35 104
541 274 13 373
541 278 9 311
541 325 32 248
541 328 51 857
541 345 3 265
542 7 22 222
542 12 13 1156
542 37 25 169
542 103 11 417
542 110 35 1016
542 126 17 347
542 167 43 268
542 169 31 469
542 217 49 3
542 228 19 73
542 264 37 1445
542 267 5 731
542 293 29 50
542 339 52 730
542 377 56 196
543 5 46 800
543 56 20 951
543 57 55 1127
543 58 34 1133
543 77 37 1008
543 78 41 260
543 93 49 363
543 142 43 1475
543 152 14 968
543 215 25 1384
543 298 29 1026
543 318 1 575
543 326 9 325
543 340 59 453
543 349 5 1278
544 2 25 611
544 49 13 1314
544 51 37 987
544 64 55 989
544 70 7 938
544 105 47 1445
544 140 11 932
544 171 1 1486
544 183 49 1159
544 234 59 1200
544 289 5 882
544 331 29 450
544 344 31 214
544 352 43 1042
544 394 22 1365
545 9 49 1227
545 12 56 706
545 22 39 1412
545 40 19 484
545 156 1 301
545 211 29 573
545 225 43 1107
545 256 25 137
545 283 13 1237
545 293 53 430
545 303 32 1388
545 309 35 751
545 322 46 841
545 371 10 1442
545 395 5 275
546 6 11 373
546 19 19 1432
546 45 55 461
546 74 49 534
546 82 1 817
546 90 31 310
546 99 13 1035
546 105 23 420
546 191 9 840
546 211 59 573
546 245 53 51
546 247 37 1026
546 252 44 391
546 319 39 641
546 349 17 322
547 37 38 773
547 53 22 32
547 57 17 1314
547 109 10 203
547 115 28 549
547 184 58 221
547 213 44 1152
547 228 52 1386
547 248 7 1336
547 264 3 516
547 303 55 536
547 310 49 1470
547 318 35 1252
547 332 31 829
547 397 19 760
548 13 11 1416
548 54 13 733
548 58 40 269
548 66 7 310
548 83 29 997
548 112 19 949
548 138 4 839
548 144 43 267
548 158 46 1132
548 199 35 611
548 214 51 920
548 217 49 551
548 285 37 1042
548 361 25 868
548 399 22 903
549 6 29 763
549 19 31 738
549 41 7 454
549 43 25 1487
549 57 35 218
549 64 13 922
549 88 44 518
549 113 20 163
549 184 37 1381
549 215 49 1082
549 268 56 1476
549 294 17 608
549 348 52 1316
549 365 1 472
549 371 40 797
550 25 55 332
550 42 4 997
550 48 37 680
550 54 49 979
550 65 28 187
550 67 8 1251
550 97 35 796
550 166 22 1471
550 170 31 559
550 196 11 898
550 218 43 979
550 287 41 305
550 299 57 570
550 363 25 1464
550 370 19 56
551 9 37 172
551 78 13 1166
551 107 34 1234
551 135 19 389
551 151 11 957
551 174 5 364
551 218 55 297
551 226 1 1132
551 233 23 1092
551 241 25 757
551 261 52 1250
551 284 16 1045
551 318 43 575
551 329 7 611
551 382 47 880
552 3 31 1470
552 29 55 170
552 35 7 354
552 78 41 225
552 90 43 151
552 91 13 602
552 112 10 696
552 120 47 1412
552 126 5 1026
552 130 17 873
552 155 37 163
552 175 50 46
552 232 35 512
552 312 26 710
552 325 19 1319
553 1 19 1412
553 9 31 1071
553 16 16 1252
553 34 7 1346
553 93 55 388
553 167 43 1445
553 187 10 1418
553 191 35 978
553 207 47 713
553 227 25 316
553 291 37 1327
553 311 40 121
553 349 22 949
553 354 29 1303
553 367 49 386
554 1 53 787
554 28 13 512
554 54 49 543
554 78 37 1027
554 106 19 1327
554 180 59 625
554 182 4 441
554 225 17 1016
554 256 33 1065
554 267 47 398
554 318 11 1282
554 327 1 481
554 337 26 874
554 368 43 440
554 378 55 38
555 30 15 1067
555 52 58 846
555 95 29 151
555 134 53 1445
555 138 19 576
555 202 31 1317
555 230 40 971
555 245 43 1403
555 273 17 563
555 279 7 1322
555 297 22 840
555 311 25 846
555 341 37 833
555 345 45 1359
555 375 4 549
556 56 31 440
556 95 35 961
556 100 7 149
556 102 50 1488
556 152 19 1035
556 158 58 22
556 172 17 454
556 196 39 813
556 255 53 360
556 288 1 1041
556 296 11 1369
556 314 13 789
556 326 43 266
556 354 23 28
556 391 28 998
557 30 29 685
557 68 43 784
557 81 25 111
557 107 40 1265
557 193 2 533
557 230 22 1127
557 248 37 76
557 277 59 248
557 286 52 43
557 298 13 594
557 314 15 566
557 318 5 575
557 330 34 14
557 380 8 1102
557 398 47 1098
558 9 1 407
558 10 35 747
558 13 23 1098
558 57 53 1065
558 60 29 330
558 97 41 750
558 150 49 776
558 177 13 212
558 210 55 111
558 262 9 246
558 269 46 246
558 337 25 1237
558 363 16 163
558 395 7 31
558 398 58 1312
559 15 25 973
559 149 31 1024
559 159 21 842
559 204 1 69
559 211 35 1421
559 223 55 991
559 230 46 549
559 252 13 467
559 273 17 1464
559 282 4 1106
559 312 49 927
559 329 37 155
559 352 7 537
559 359 43 680
560 17 7 1008
560 46 3 1105
560 67 43 45
560 104 41 398
560 106 34 446
560 122 49 706
560 128 37 105
560 179 31 919
560 187 16 1340
560 195 13 1369
560 312 19 299
560 313 23 1413
560 368 55 430
560 384 25 1055
561 24 22 45
561 56 56 571
561 70 1 463
561 83 43 1375
561 115 25 1394
561 146 10 915
561 173 47 561
561 175 16 49
561 185 49 838
561 196 28 221
561 224 31 678
561 251 7 1335
561 291 13 674
561 328 19 876
561 368 39 1245
562 41 1 856
562 79 37 331
562 85 7 14
562 107 40 478
562 178 43 51
562 191 29 548
562 284 52 414
562 303 10 674
562 304 55 738
562 316 17 707
562 355 31 619
562 379 35 1215
562 385 23 678
562 390 47 181
562 395 59 486
563 54 49 533
563 74 19 104
563 80 5 876
563 106 58 577
563 107 44 163
563 128 13 497
563 151 11 50
563 199 53 736
563 230 37 74
563 240 7 808
563 252 1 824
563 280 31 343
563 285 25 736
563 337 55 843
563 372 41 1322
564 5 1 14
564 26 21 1344
564 33 13 1000
564 66 37 80
564 74 31 636
564 77 16 1392
564 80 41 22
564 144 49 172
564 170 25 470
564 180 29 91
564 281 43 540
564 319 55 76
564 330 7 1115
564 364 10 1433
565 6 11 1310
565 19 1 653
565 47 5 755
565 57 43 911
565 108 25 258
565 119 19 1201
565 121 55 160
565 127 7 700
565 134 41 927
565 154 37 1105
565 203 31 431
565 292 49 73
565 311 46 1232
565 356 13 390
566 28 41 823
566 43 10 887
566 51 27 985
566 54 37 662
566 76 51 551
566 113 55 1184
566 140 47 932
566 150 1 1337
566 253 13 686
566 289 43 111
566 331 5 1061
566 354 59 153
566 359 34 680
566 362 19 353
567 10 11 1228
567 52 31 539
567 82 7 1138
567 109 19 933
567 117 34 416
567 120 5 260
567 160 43 891
567 167 13 181
567 174 39 26
567 197 49 814
567 235 28 513
567 265 23 882
567 303 58 536
567 304 55 1016
567 393 1 972
568 23 41 1029
568 31 29 596
568 162 3 1430
568 166 46 1386
568 193 44 1092
568 234 34 31
568 242 17 46
568 257 25 1281
568 267 11 153
568 268 7 629
568 276 51 67
568 307 21 905
568 313 59 8
568 319 37 1074
568 387 55 590
569 46 43 1010
569 58 57 1384
569 65 13 752
569 78 53 188
569 82 7 1303
569 85 16 823
569 86 5 1396
569 108 37 804
569 197 19 814
569 256 1 1358
569 325 49 470
569 339 34 544
569 346 25 197
569 369 29 307
570 16 1 137
570 23 7 278
570 29 25 1273
570 54 19 810
570 81 55 1232
570 183 37 97
570 199 17 535
570 207 5 202
570 272 49 1132
570 308 23 813
570 310 33 579
570 313 59 832
570 335 46 1129
570 345 13 1359
570 391 9 998
571 6 17 45
571 103 29 1102
571 111 31 752
571 149 7 206
571 164 34 419
571 202 1 1210
571 255 44 1488
571 260 49 602
571 276 14 1388
571 291 40 1226
571 319 25 323
571 345 55 311
571 390 5 1097
571 394 19 1298
572 63 13 1068
572 100 44 1428
572 113 21 1418
572 130 1 302
572 136 41 987
572 149 7 474
572 251 31 650
572 292 27 415
572 296 16 737
572 312 37 299
572 319 55 323
572 330 4 832
572 337 49 30
573 2 13 229
573 15 20 1056
573 32 37 565
573 93 25 1471
573 118 59 184
573 125 11 966
573 174 35 1250
573 196 29 111
573 276 46 119
573 280 7 473
573 282 40 1234
573 322 31 605
573 332 52 212
573 346 55 954
573 374 5 619
574 8 41 1421
574 32 37 755
574 63 16 526
574 87 25 1097
574 104 29 433
574 209 31 316
574 264 7 1173
574 278 53 74
574 281 55 1351
574 299 19 577
574 318 47 638
574 331 34 578
574 364 22 1319
574 375 13 1408
574 385 59 441
575 12 19 847
575 21 55 920
575 91 31 554
575 92 1 571
575 119 13 256
575 134 59 332
575 174 5 887
575 180 17 771
575 181 7 301
575 193 11 1257
575 196 40 898
575 204 44 978
575 210 29 389
575 262 25 1426
575 353 35 876
576 50 47 540
576 59 13 469
576 65 34 107
576 95 41 389
576 126 17 178
576 160 19 579
576 186 2 1070
576 206 49 260
576 238 5 635
576 243 53 795
576 255 59 1322
576 301 10 1259
576 340 23 741
576 348 28 795
576 362 55 468
577 54 3 810
577 61 59 523
577 85 10 882
577 86 55 1288
577 93 31 409
577 98 47 1141
577 122 51 50
577 123 37 316
577 135 19 430
577 140 41 1454
577 192 25 56
577 193 29 241
577 222 13 598
577 246 49 1447
577 259 1 858
578 38 19 1137
578 44 4 332
578 53 1 38
578 72 35 185
578 103 23 554
578 117 7 1316
578 119 31 1188
578 158 13 874
578 181 55 246
578 193 53 1128
578 200 46 1369
578 222 49 1250
578 293 10 466
578 296 41 737
578 369 17 1362
579 35 13 129
579 79 20 1215
579 127 50 448
579 168 55 397
579 179 31 269
579 195 25 449
579 234 41 1091
579 296 11 33
579 302 2 1228
579 333 29 33
579 349 7 68
579 355 16 1137
579 361 43 1434
579 368 37 470
579 374 35 1464
580 75 40 1105
580 90 7 977
580 124 52 471
580 159 14 385
580 165 59 177
580 180 29 1483
580 209 25 927
580 230 31 472
580 245 23 1203
580 265 11 73
580 294 49 1141
580 322 56 165
580 342 46 1312
580 358 5 159
580 362 1 1229
581 25 49 945
581 27 7 557
581 60 35 967
581 85 22 1273
581 177 11 1052
581 199 29 188
581 214 1 22
581 252 43 824
581 301 13 543
581 302 57 1228
581 327 26 847
581 337 40 1408
581 345 31 949
581 355 19 1290
581 365 51 472
582 6 28 1359
582 11 13 938
582 20 43 344
582 73 16 387
582 168 25 851
582 175 10 1070
582 231 23 119
582 238 41 1030
582 246 7 641
582 277 53 1424
582 311 56 839
582 361 49 583
582 364 38 1071
582 386 3 501
582 400 19 49
583 22 55 718
583 54 43 1223
583 56 37 1454
583 117 7 416
583 167 25 1346
583 186 10 336
583 231 29 682
583 260 31 602
583 280 2 318
583 295 13 29
583 298 23 755
583 304 34 1097
583 310 20 990
583 313 41 1413
583 321 50 1224
584 55 41 843
584 59 43 302
584 67 55 355
584 72 51 929
584 137 47 920
584 139 35 554
584 149 31 30
584 166 4 110
584 189 19 1287
584 226 28 664
584 234 59 31
584 329 7 897
584 352 14 442
584 372 1 609
584 389 38 1322
585 96 38 1317
585 106 1 446
585 114 11 816
585 186 4 78
585 190 7 933
585 193 17 461
585 207 43 1353
585 210 29 116
585 223 13 561
585 232 35 74
585 274 52 761
585 304 55 635
585 337 49 417
585 352 25 1211
585 370 19 563
586 45 25 334
586 48 5 1015
586 62 53 224
586 108 31 1202
586 129 13 1086
586 143 44 527
586 144 49 977
586 148 16 745
586 192 8 1386
586 239 20 1156
586 278 57 1121
586 294 37 1039
586 336 40 713
586 367 1 1333
586 390 47 846
587 17 25 1332
587 27 10 1428
587 33 38 1368
587 46 19 1186
587 165 5 743
587 199 41 1152
587 231 17 119
587 242 59 977
587 270 55 16
587 310 43 800
587 330 13 695
587 335 1 1238
587 336 31 1236
587 357 50 322
587 373 47 288
588 26 1 450
588 61 59 1344
588 100 38 323
588 121 55 841
588 128 7 253
588 173 53 163
588 174 17 352
588 261 19 750
588 275 15 697
588 280 49 343
588 285 22 171
588 368 31 990
588 384 26 876
588 390 47 1466
588 395 35 248
589 18 26 1152
589 28 29 587
589 49 37 626
589 55 17 1058
589 76 4 486
589 117 7 1286
589 156 10 955
589 162 41 626
589 163 59 1475
589 173 47 922
589 242 55 977
589 261 1 1190
589 370 22 198
589 378 53 29
589 385 35 179
590 27 16 1322
590 58 4 563
590 108 38 1398
590 193 23 1128
590 209 58 1058
590 218 49 851
590 238 35 398
590 244 28 764
590 290 53 352
590 322 7 1396
590 346 19 916
590 354 55 153
590 358 33 1361
590 359 1 1448
590 381 47 463
591 14 34 571
591 17 13 1332
591 30 25 1067
591 40 52 311
591 81 7 541
591 131 23 268
591 134 41 826
591 162 59 1430
591 175 19 1324
591 273 11 478
591 291 28 1492
591 312 3 1447
591 320 55 453
591 378 17 565
591 385 31 1426
592 29 31 1461
592 73 59 316
592 96 25 929
592 132 43 432
592 134 17 1433
592 159 23 1330
592 170 39 575
592 190 7 746
592 203 13 993
592 232 37 475
592 252 55 1314
592 257 52 1223
592 277 47 1424
592 303 19 1362
592 359 1 188
593 11 4 938
593 16 10 625
593 32 16 905
593 58 25 1388
593 69 23 642
593 160 43 815
593 166 31 1162
593 215 40 1082
593 232 59 1332
593 240 51 752
593 251 55 131
593 294 37 852
593 369 29 1162
593 374 49 967
593 386 34 1320
594 6 11 1196
594 65 31 154
594 93 13 903
594 128 45 494
594 133 29 492
594 165 43 177
594 168 1 851
594 176 7 500
594 214 25 343
594 222 4 598
594 223 57 561
594 258 19 722
594 276 52 388
594 331 35 1105
594 353 23 334
595 35 10 409
595 37 43 121
595 58 55 233
595 68 19 1486
595 163 5 1339
595 191 23 230
595 212 13 919
595 214 31 158
595 245 47 1203
595 251 37 1424
595 312 50 288
595 335 40 985
595 357 1 336
595 386 25 1436
595 400 59 1155
596 11 16 310
596 53 5 38
596 66 50 505
596 77 7 535
596 86 55 814
596 103 29 1198
596 119 1 476
596 159 10 962
596 198 37 1366
596 207 35 1499
596 222 13 952
596 264 57 526
596 302 19 571
596 337 43 347
596 367 25 213
597 17 49 389
597 64 38 1451
597 142 25 184
597 157 32 983
597 162 7 745
597 171 1 755
597 212 53 241
597 223 13 165
597 226 9 707
597 228 43 73
597 294 47 674
597 321 19 997
597 334 28 1499
597 341 58 816
597 383 55 634
598 9 25 1074
598 21 31 213
598 56 55 951
598 62 29 88
598 122 37 605
598 130 41 288
598 139 11 427
598 154 16 810
598 165 5 1257
598 173 53 116
598 213 59 288
598 322 22 9
598 324 3 1385
598 364 13 185
598 373 43 148
599 59 13 71
599 100 49 591
599 162 59 151
599 263 37 816
599 272 7 130
599 292 25 33
599 312 19 374
599 322 43 809
599 339 55 664
599 340 47 971
599 366 2 40
599 399 34 341
600 45 40 417
600 55 11 818
600 71 13 873
600 123 25 567
600 132 7 341
600 161 32 1487
600 174 4 760
600 219 17 1128
600 240 49 680
600 265 23 611
600 302 55 433
600 342 1 156
600 347 45 1461
600 368 19 622
601 23 37 1066
601 43 55 673
601 94 1 683
601 109 25 315
601 140 47 1381
601 167 31 241
601 170 19 534
601 192 15 1425
601 207 41 1499
601 222 9 1301
601 233 58 982
601 249 52 901
601 283 43 537
601 327 28 8
601 353 7 718
602 12 9 706
602 69 5 323
602 70 31 1184
602 92 20 50
602 98 1 802
602 168 13 311
602 220 35 523
602 229 49 1413
602 242 37 1487
602 250 25 1307
602 257 55 1068
602 323 44 303
602 335 58 479
602 336 16 1386
602 386 40 541
603 24 57 1398
603 29 37 650
603 31 35 572
603 43 25 887
603 54 20 137
603 56 49 685
603 201 3 225
603 217 17 135
603 229 13 1468
603 233 32 655
603 235 11 142
603 255 53 892
603 293 55 804
603 335 46 81
603 399 43 578
604 81 13 643
604 88 7 1499
604 110 17 1156
604 151 40 1068
604 193 11 1035
604 195 37 593
604 231 31 682
604 304 49 26
604 315 44 91
604 325 20 382
604 327 55 835
604 336 1 904
604 350 5 187
604 371 28 1031
604 400 59 972
605 16 40 37
605 20 21 1092
605 75 13 499
605 110 55 387
605 121 32 322
605 150 1 343
605 151 59 1420
605 162 7 151
605 191 29 1263
605 193 53 533
605 213 23 288
605 252 25 718
605 313 44 1312
605 334 47 1451
605 373 17 230
606 59 31 415
606 85 7 58
606 98 11 43
606 160 19 839
606 163 4 1185
606 215 1 629
606 217 23 1188
606 218 37 712
606 239 49 457
606 244 58 1352
606 266 25 1431
606 287 35 105
606 297 14 784
606 344 43 212
606 400 29 169
607 49 31 626
607 70 37 196
607 106 55 577
607 140 59 932
607 218 49 747
607 225 35 1434
607 234 53 545
607 255 5 1154
607 267 28 306
607 275 47 685
607 291 22 1327
607 300 43 1132
607 311 15 807
607 342 25 664
607 393 10 127
608 14 28 184
608 57 4 1065
608 59 31 1045
608 100 13 76
608 101 59 703
608 145 55 432
608 154 10 1372
608 204 25 1027
608 221 37 805
608 247 47 736
608 284 40 599
608 315 20 557
608 326 50 513
608 347 43 860
609 44 41 950
609 86 23 737
609 102 43 728
609 129 25 1086
609 147 28 872
609 153 47 261
609 208 34 868
609 228 55 1373
609 229 50 1222
609 244 1 752
609 249 31 1305
609 277 13 995
609 306 17 229
609 357 7 322
609 363 4 442
610 90 44 876
610 134 11 826
610 135 40 266
610 155 51 1290
610 157 1 563
610 189 55 302
610 236 13 1211
610 268 25 990
610 271 5 1464
610 279 19 1074
610 326 31 652
610 348 7 40
610 366 37 872
611 2 14 111
611 13 59 1314
611 17 43 1088
611 33 19 871
611 44 8 1387
611 51 2 829
611 83 23 1184
611 100 31 1428
611 114 10 113
611 173 35 1022
611 187 52 8
611 255 47 1154
611 284 38 64
611 338 41 258
611 368 25 78
612 58 28 1296
612 116 4 727
612 139 31 904
612 144 10 234
612 196 51 937
612 229 43 74
612 242 35 145
612 297 16 573
612 300 1 1010
612 303 55 649
612 311 58 1168
612 314 39 892
612 327 13 579
612 335 19 985
612 381 25 1434
613 17 49 1190
613 18 55 118
613 22 1 718
613 82 25 518
613 102 44 80
613 113 31 810
613 143 16 1466
613 222 7 650
613 266 34 148
613 271 41 1384
613 297 13 639
613 324 59 1195
613 384 37 1059
613 390 47 645
613 392 20 655
614 4 19 1452
614 10 11 261
614 99 15 142
614 103 29 501
614 157 37 1331
614 162 22 383
614 219 59 1470
614 221 25 650
614 232 49 1259
614 239 7 28
614 257 1 339
614 286 51 1168
614 312 43 288
614 331 35 998
614 386 4 680
615 4 1 746
615 28 53 1481
615 57 27 634
615 80 25 1368
615 102 4 846
615 112 46 949
615 122 37 224
615 128 49 1213
615 224 13 678
615 232 17 1468
615 289 29 194
615 307 7 1461
615 331 11 1087
615 378 23 79
615 385 41 978
616 41 31 998
616 77 52 726
616 78 43 810
616 87 10 590
616 89 55 427
616 117 49 1314
616 126 5 198
616 135 19 331
616 199 59 129
616 252 1 857
616 270 45 1319
616 274 37 450
616 284 40 991
616 365 25 598
616 373 23 271
617 4 46 1249
617 30 17 1393
617 72 59 1320
617 79 43 252
617 100 55 1354
617 154 22 1086
617 184 13 1469
617 236 49 1339
617 282 34 573
617 299 28 67
617 303 31 536
617 314 37 549
617 317 1 83
617 352 7 1211
617 381 5 1198
618 18 32 1052
618 41 55 322
618 63 19 481
618 88 7 194
618 97 29 181
618 108 25 410
618 124 13 50
618 125 35 202
618 145 39 1487
618 146 49 1448
618 173 37 641
618 246 16 641
618 294 46 1200
618 357 3 1251
618 381 11 860
619 24 43 472
619 31 4 31
619 44 11 1297
619 60 47 1271
619 195 55 1103
619 210 7 475
619 225 17 143
619 248 13 97
619 295 20 182
619 301 37 990
619 308 35 813
619 326 51 437
619 330 31 589
619 335 28 1041
619 359 40 1448
620 73 50 1327
620 83 23 1162
620 101 7 968
620 116 29 1270
620 144 37 281
620 159 41 1112
620 161 13 2
620 170 25 93
620 240 31 618
620 259 5 955
620 281 1 795
620 291 19 674
620 293 47 563
620 305 10 159
620 373 35 817
621 3 7 1278
621 10 25 951
621 26 37 636
621 79 40 758
621 90 55 1157
621 99 49 1445
621 103 59 1092
621 185 14 826
621 190 19 823
621 191 47 978
621 196 45 898
621 225 53 617
621 236 32 1452
621 250 1 159
621 338 23 258
622 2 1 260
622 27 13 107
622 84 5 602
622 137 29 638
622 160 19 1072
622 166 34 520
622 176 8 1327
622 178 43 1185
622 186 58 336
622 191 47 1058
622 201 49 228
622 208 25 618
622 263 37 225
622 363 55 1297
622 382 17 880
623 77 46 523
623 90 19 112
623 115 13 713
623 184 10 1189
623 217 44 486
623 255 17 1154
623 259 23 985
623 277 31 389
623 298 29 350
623 342 1 712
623 349 41 322
623 353 5 718
623 361 50 1446
623 362 25 539
623 396 55 789
624 37 44 673
624 42 52 997
624 58 7 466
624 84 4 1273
624 138 34 1412
624 179 1 247
624 221 25 1227
624 224 55 678
624 232 41 43
624 320 37 453
624 337 13 868
624 341 28 1435
624 360 31 826
624 362 19 642
624 379 59 1086
625 6 53 1086
625 12 15 1208
625 15 7 390
625 75 58 966
625 117 55 1442
625 121 38 448
625 122 43 32
625 161 25 307
625 221 1 386
625 229 49 1481
625 231 47 682
625 259 13 949
625 275 29 229
625 281 31 907
625 339 19 634
626 55 8 1394
626 63 37 170
626 105 17 718
626 163 1 933
626 166 46 548
626 182 43 112
626 200 10 1316
626 214 49 455
626 245 31 51
626 251 40 814
626 305 29 1327
626 323 13 583
626 365 25 1399
626 382 59 572
626 383 4 56
627 45 37 926
627 89 49 961
627 120 11 835
627 127 1 1239
627 142 7 449
627 159 23 1226
627 161 19 866
627 263 33 1150
627 288 58 1335
627 289 31 134
627 291 46 31
627 318 53 587
627 346 25 916
627 378 29 79
627 391 16 809
628 11 33 334
628 14 28 145
628 42 1 32
628 47 31 697
628 106 8 776
628 205 13 271
628 208 46 202
628 210 17 234
628 233 5 22
628 241 49 1016
628 251 20 1384
628 287 41 213
628 350 53 1018
628 387 37 441
628 389 58 256
629 42 23 873
629 45 19 8
629 50 35 450
629 150 49 641
629 179 7 1486
629 200 4 1068
629 255 17 129
629 256 43 500
629 307 31 992
629 326 37 1186
629 354 29 273
629 356 55 1279
629 365 25 1466
629 374 59 1464
629 397 15 413
630 8 11 458
630 12 32 645
630 13 23 977
630 91 39 702
630 92 25 83
630 102 55 315
630 151 53 1245
630 194 19 297
630 203 1 868
630 224 7 247
630 254 13 1024
630 266 49 982
630 273 17 887
630 324 29 835
630 368 44 697
631 36 31 609
631 38 37 218
631 74 13 1356
631 75 4 644
631 90 25 702
631 110 43 1215
631 138 22 306
631 165 47 1109
631 269 58 1362
631 285 1 736
631 336 7 1226
631 351 10 467
631 361 49 662
631 364 55 43
632 18 58 471
632 77 13 622
632 82 51 940
632 102 22 270
632 103 49 995
632 164 19 973
632 170 9 534
632 181 46 611
632 223 25 1050
632 265 29 1082
632 317 31 891
632 343 16 375
632 347 1 1278
632 351 40 390
632 374 35 1486
633 9 31 1276
633 51 49 883
633 65 28 838
633 98 22 398
633 115 7 594
633 161 44 1297
633 177 17 266
633 178 13 261
633 195 19 548
633 196 53 239
633 306 11 229
633 344 2 212
633 349 35 407
633 359 40 86
633 367 57 990
634 14 22 178
634 28 5 512
634 64 37 1339
634 78 35 1398
634 116 1 805
634 183 31 773
634 250 7 1288
634 270 26 535
634 299 43 1407
634 303 49 397
634 309 53 142
634 325 19 307
634 345 13 270
634 361 55 339
635 53 11 1359
635 62 1 3
635 64 31 1351
635 72 17 571
635 79 14 509
635 80 47 22
635 112 7 572
635 118 55 1341
635 143 28 1226
635 145 49 432
635 207 53 1208
635 255 21 626
635 359 25 4
635 369 41 607
635 382 35 1041
636 51 7 987
636 85 46 1273
636 90 37 112
636 94 31 466
636 144 4 543
636 162 23 1430
636 202 55 1109
636 221 1 231
636 261 43 466
636 262 19 1157
636 273 41 1366
636 331 49 4
636 337 52 417
636 375 26 1408
636 380 14 1102
637 13 57 977
637 62 16 222
637 82 49 148
637 104 53 678
637 144 7 805
637 169 37 1004
637 180 23 1030
637 208 10 847
637 225 31 1434
637 248 33 627
637 267 59 554
637 269 44 682
637 285 13 618
637 344 2 733
637 378 41 196
638 40 7 32
638 106 33 170
638 109 1 499
638 125 5 1467
638 129 37 125
638 154 40 810
638 188 43 773
638 203 50 760
638 262 27 138
638 290 11 1432
638 302 19 1026
638 305 17 1327
638 311 14 318
638 315 55 239
638 334 47 1483
639 12 55 847
639 36 45 575
639 86 11 283
639 127 13 1273
639 132 26 775
639 146 31 131
639 150 2 1259
639 186 22 1296
639 221 7 231
639 239 37 344
639 363 19 699
639 367 49 1010
639 393 41 127
639 400 35 927
640 10 49 634
640 12 45 1259
640 19 7 1105
640 93 38 841
640 104 17 466
640 115 58 676
640 121 27 160
640 123 19 512
640 126 5 559
640 150 13 599
640 158 31 419
640 301 34 919
640 312 1 509
640 394 55 1168
640 395 11 248
641 12 7 145
641 14 58 237
641 34 55 449
641 100 43 389
641 124 16 882
641 215 37 455
641 228 21 116
641 238 11 198
641 298 4 979
641 347 26 1278
641 364 34 1433
641 389 41 589
641 391 50 694
641 394 1 1024
642 11 1 938
642 62 23 1231
642 163 35 1475
642 184 37 561
642 210 53 1200
642 212 41 549
642 230 13 998
642 246 5 804
642 270 49 1015
642 283 44 275
642 317 19 702
642 331 55 4
642 345 25 358
642 376 31 430
642 396 8 330
643 74 25 1432
643 102 52 375
643 117 7 441
643 133 17 492
643 161 2 273
643 175 34 929
643 188 13 573
643 225 23 561
643 257 40 157
643 276 49 1020
643 277 47 248
643 310 55 1392
643 366 10 764
643 367 43 790
643 393 29 318
644 39 23 598
644 41 49 454
644 46 55 903
644 94 13 14
644 107 28 662
644 142 46 1089
644 150 8 599
644 171 1 1317
644 210 17 1094
644 218 37 260
644 226 43 548
644 270 31 771
644 338 53 91
644 346 19 373
644 380 25 954
645 25 11 266
645 31 17 625
645 84 5 1471
645 99 31 747
645 115 19 1394
645 149 13 877
645 159 23 330
645 177 35 609
645 206 37 4
645 225 41 380
645 254 49 727
645 263 25 593
645 280 43 650
645 341 1 757
645 356 57 716
646 51 31 1157
646 94 13 78
646 98 17 1186
646 117 7 1056
646 133 23 847
646 137 37 639
646 150 50 1320
646 165 5 1486
646 186 10 1075
646 240 1 675
646 255 29 279
646 341 58 202
646 342 43 587
646 347 25 279
646 360 19 305
647 27 10 213
647 32 34 746
647 71 55 1385
647 96 27 1448
647 101 23 703
647 156 51 1378
647 174 37 1185
647 176 13 707
647 208 44 755
647 218 1 154
647 279 19 638
647 289 17 540
647 299 31 254
647 306 41 229
647 379 49 898
648 9 25 1276
648 113 22 331
648 136 16 89
648 155 37 652
648 174 41 1015
648 175 13 802
648 181 31 420
648 188 34 974
648 192 7 849
648 242 11 1007
648 337 46 30
648 350 29 1018
648 352 56 1211
648 357 1 955
648 373 5 905
649 52 43 1241
649 165 17 1486
649 168 55 78
649 183 1 125
649 199 7 1384
649 200 34 1369
649 235 11 653
649 244 19 488
649 261 13 158
649 271 59 727
649 291 52 1249
649 294 47 1467
649 306 5 637
649 321 37 1224
649 393 28 127
650 4 55 286
650 35 28 1042
650 40 10 188
650 41 13 856
650 65 19 187
650 87 58 1223
650 99 32 937
650 109 22 1102
650 190 43 903
650 217 49 1189
650 226 7 155
650 242 47 331
650 249 37 681
650 281 1 1351
650 330 25 754
651 80 1 1251
651 113 28 784
651 143 3 898
651 162 7 1188
651 165 35 1352
651 184 25 513
651 197 55 747
651 216 19 1418
651 263 13 1433
651 285 21 151
651 298 11 1074
651 303 40 206
651 311 46 1209
651 368 49 1245
651 382 59 46
652 57 13 1127
652 71 1 219
652 75 49 1466
652 146 55 703
652 202 38 88
652 239 31 286
652 245 7 1174
652 249 19 419
652 264 15 516
652 314 26 1024
652 316 5 883
652 336 52 790
652 356 43 694
652 374 11 450
652 382 35 49
653 4 38 746
653 24 28 368
653 98 11 1094
653 104 17 484
653 118 1 537
653 171 3 1203
653 202 21 467
653 220 13 747
653 239 32 576
653 278 41 1337
653 292 43 526
653 299 25 1287
653 312 7 655
653 317 49 1137
653 393 53 497
654 18 13 1421
654 68 49 922
654 128 1 599
654 163 46 1152
654 182 7 112
654 228 34 86
654 257 25 477
654 260 19 849
654 268 38 858
654 269 22 852
654 303 10 1129
654 317 55 330
654 383 28 268
654 397 17 413
655 56 13 779
655 59 37 177
655 68 1 52
655 81 8 386
655 114 53 541
655 168 43 343
655 196 41 813
655 202 31 169
655 234 5 1091
655 246 59 815
655 292 49 1215
655 352 25 26
655 367 19 844
655 375 55 1408
655 400 35 872
656 14 13 120
656 50 41 204
656 57 59 991
656 72 47 1398
656 84 23 987
656 141 1 1227
656 209 49 32
656 276 10 639
656 290 53 1071
656 324 17 1107
656 326 55 266
656 343 38 499
656 356 19 119
656 363 7 1464
656 385 29 213
657 2 7 789
657 11 58 771
657 75 43 258
657 96 1 420
657 102 25 22
657 110 35 1156
657 135 13 1203
657 143 37 79
657 211 5 573
657 236 49 33
657 248 28 97
657 330 46 229
657 335 31 81
657 372 17 609
657 387 19 157
658 7 4 185
658 16 19 1232
658 76 31 551
658 81 49 1232
658 115 34 1339
658 151 23 1245
658 189 37 375
658 210 17 1008
658 251 1 1341
658 274 13 356
658 338 28 1335
658 347 55 231
658 364 7 1433
658 372 10 1393
658 396 44 678
659 4 1 507
659 23 17 877
659 37 55 171
659 77 46 1008
659 82 19 584
659 85 31 204
659 107 37 598
659 112 28 52
659 131 50 761
659 140 35 824
659 188 52 1298
659 322 4 605
659 332 13 387
659 346 8 954
660 16 39 554
660 26 19 551
660 67 34 1014
660 95 29 961
660 119 25 283
660 136 55 540
660 190 15 1279
660 200 57 1038
660 255 31 251
660 272 8 713
660 312 50 655
660 315 1 557
660 347 43 542
660 395 13 1067
660 398 47 306
661 9 55 407
661 96 32 1448
661 119 7 476
661 131 29 761
661 143 16 706
661 167 25 181
661 189 2 873
661 204 13 542
661 254 37 1070
661 266 43 160
661 273 41 1374
661 306 11 637
661 312 49 177
661 325 22 135
661 354 46 1464
662 3 55 1470
662 24 13 712
662 33 1 871
662 70 7 606
662 104 11 678
662 115 52 799
662 130 40 14
662 134 16 247
662 276 22 1229
662 290 35 1103
662 292 43 764
662 316 4 475
662 370 32 265
662 381 29 28
662 384 25 1153
663 5 49 731
663 6 35 76
663 79 19 1016
663 90 37 1305
663 141 13 1286
663 163 29 1152
663 170 55 1092
663 208 44 471
663 219 53 653
663 288 7 1168
663 307 25 1130
663 334 1 747
663 358 11 844
663 376 32 1259
663 390 4 544
664 65 25 699
664 104 57 387
664 120 11 1361
664 134 1 1038
664 147 14 230
664 160 44 373
664 174 17 946
664 213 22 453
664 236 31 289
664 253 39 1298
664 256 3 1286
664 259 28 955
664 267 59 590
664 332 52 874
664 398 35 1470
665 23 47 694
665 27 13 990
665 89 3 1407
665 96 56 516
665 109 25 203
665 116 29 801
665 124 10 239
665 156 34 639
665 190 39 501
665 260 19 1174
665 316 1 1413
665 317 43 968
665 318 50 129
665 343 22 375
665 366 7 715
666 42 1 520
666 92 55 1471
666 116 35 1000
666 138 43 127
666 179 25 712
666 231 20 14
666 266 52 111
666 269 46 1288
666 292 9 154
666 306 29 299
666 310 22 800
666 320 13 453
666 365 31 1451
666 378 7 352
666 382 41 46
667 82 49 1307
667 118 47 1067
667 146 7 131
667 173 5 437
667 174 23 1476
667 213 53 416
667 214 37 920
667 217 41 652
667 222 15 650
667 224 25 1056
667 270 1 290
667 275 35 1265
667 331 21 578
667 335 58 1056
667 343 10 1209
668 33 28 856
668 62 35 252
668 90 13 726
668 114 17 1228
668 166 22 1029
668 194 1 936
668 222 52 768
668 253 31 477
668 262 38 246
668 271 5 149
668 344 8 212
668 362 55 602
668 377 43 1058
668 385 47 1030
668 391 25 469
669 31 41 955
669 34 52 253
669 45 37 474
669 47 49 584
669 51 2 985
669 57 11 1132
669 137 43 494
669 155 45 219
669 199 29 225
669 202 25 715
669 234 59 790
669 271 17 450
669 286 22 469
669 322 55 1396
669 352 33 26
670 97 35 360
670 120 59 694
670 137 49 1091
670 140 53 932
670 146 40 703
670 194 13 936
670 220 5 1270
670 249 31 838
670 265 47 50
670 267 43 731
670 280 7 458
670 294 23 851
670 299 37 618
670 345 25 949
670 387 19 234
671 34 16 339
671 67 1 368
671 70 31 606
671 83 11 1162
671 107 19 991
671 117 13 635
671 145 55 134
671 173 59 598
671 184 4 91
671 192 43 1026
671 225 23 125
671 270 26 1286
671 300 7 170
671 302 50 1353
671 345 37 265
672 42 35 997
672 47 59 929
672 129 31 795
672 134 1 1067
672 170 13 559
672 174 25 760
672 189 9 533
672 190 50 221
672 205 19 676
672 206 55 446
672 209 37 796
672 224 44 896
672 225 29 380
672 349 5 49
672 381 41 38
673 13 17 977
673 19 49 676
673 52 55 1282
673 55 1 590
673 65 58 1307
673 75 37 922
673 116 23 1171
673 178 43 1047
673 187 19 251
673 189 13 1189
673 190 7 956
673 218 26 1370
673 249 4 388
673 323 40 1280
673 365 31 1466
674 36 19 1227
674 37 37 204
674 60 11 829
674 130 59 302
674 141 45 1188
674 150 31 1271
674 155 25 1020
674 183 50 269
674 190 1 275
674 202 13 1471
674 267 5 400
674 268 7 905
674 344 55 1374
675 55 28 818
675 95 53 593
675 101 17 642
675 129 14 225
675 179 19 937
675 241 44 1106
675 246 23 664
675 257 25 1433
675 284 4 299
675 293 49 905
675 296 59 642
675 301 1 543
675 331 7 578
675 365 32 1307
675 384 9 270
676 41 55 454
676 53 53 1332
676 83 2 997
676 99 37 672
676 148 4 1431
676 154 31 1372
676 157 16 281
676 167 49 198
676 186 28 543
676 201 21 697
676 246 41 234
676 278 11 512
676 284 13 414
676 300 46 17
676 392 7 523
677 6 11 1024
677 47 35 1481
677 72 41 432
677 129 45 813
677 143 38 776
677 152 31 1394
677 166 57 1288
677 267 14 731
677 301 52 382
677 311 16 998
677 315 7 237
677 325 28 642
677 349 2 68
677 360 25 104
677 384 19 1153
678 55 29 1154
678 56 7 516
678 59 25 932
678 129 37 1288
678 135 31 1039
678 173 53 1339
678 182 4 112
678 204 1 978
678 212 35 1071
678 254 49 1372
678 312 43 468
678 355 22 437
678 373 11 1002
678 388 55 754
678 395 15 31
679 21 55 51
679 30 59 430
679 43 2 887
679 77 46 1392
679 111 11 1027
679 149 31 979
679 183 25 773
679 255 35 1198
679 266 13 892
679 276 19 1014
679 278 41 1102
679 298 53 686
679 305 29 1416
679 316 17 763
679 387 49 157
680 61 53 938
680 100 49 1208
680 107 20 1353
680 123 43 570
680 162 1 626
680 164 13 419
680 170 7 559
680 210 29 1197
680 241 55 1461
680 243 23 130
680 262 25 246
680 266 3 1426
680 270 31 1430
680 337 39 1058
680 371 16 1178
681 22 37 1154
681 49 44 814
681 64 25 896
681 92 7 465
681 105 11 334
681 107 19 1234
681 184 22 325
681 195 55 548
681 230 58 1336
681 235 35 1173
681 293 29 430
681 322 1 974
681 358 41 534
681 364 13 427
681 365 49 598
682 90 31 172
682 113 4 638
682 128 7 1426
682 132 25 1198
682 147 22 301
682 153 35 1072
682 158 19 398
682 181 1 1331
682 188 46 989
682 238 11 1434
682 264 55 1424
682 282 38 1106
682 304 50 797
682 336 43 145
682 347 15 212
683 13 59 1319
683 25 35 440
683 37 25 673
683 101 11 1105
683 178 31 1086
683 186 7 1296
683 214 19 315
683 217 53 898
683 273 5 257
683 284 37 991
683 314 55 1173
683 326 49 805
683 343 40 1065
683 357 43 544
683 377 1 354
684 7 10 641
684 20 13 233
684 101 4 1153
684 119 37 258
684 144 7 134
684 158 52 1430
684 183 45 652
684 196 43 898
684 216 22 233
684 276 49 388
684 291 34 991
684 298 31 501
684 312 25 685
684 341 1 1234
684 386 58 1493
685 16 16 1135
685 51 25 829
685 62 53 386
685 114 29 339
685 120 19 79
685 124 13 1416
685 201 7 225
685 210 41 97
685 225 59 1215
685 242 5 455
685 315 37 1010
685 340 11 286
685 355 1 716
685 369 47 1038
685 393 23 127
686 18 19 1426
686 30 1 331
686 78 17 225
686 89 25 697
686 147 7 16
686 153 59 655
686 210 5 1008
686 213 35 347
686 244 50 1261
686 281 55 477
686 287 53 710
686 295 13 1458
686 334 38 536
686 350 10 1071
686 356 43 178
687 27 1 107
687 34 25 707
687 35 19 1042
687 59 55 812
687 74 14 636
687 111 5 1324
687 196 53 1359
687 249 31 685
687 255 23 892
687 258 44 627
687 287 35 710
687 312 7 717
687 320 49 566
687 341 40 159
687 349 11 961
688 40 10 1210
688 41 13 1298
688 56 43 1050
688 75 34 1231
688 78 47 1213
688 160 37 447
688 179 22 499
688 218 25 330
688 226 19 1493
688 266 7 111
688 304 52 529
688 355 31 617
688 360 49 633
688 377 1 196
688 381 17 38
689 29 43 1296
689 61 29 523
689 64 25 1239
689 65 16 838
689 82 20 589
689 108 37 1092
689 164 10 1015
689 194 50 1151
689 214 56 1070
689 241 1 270
689 248 31 97
689 282 7 116
689 300 13 971
689 373 5 1002
690 119 19 283
690 143 37 973
690 149 1 206
690 161 25 1215
690 166 46 29
690 168 55 343
690 183 14 273
690 197 51 971
690 230 10 1127
690 244 34 1261
690 247 5 1086
690 285 58 1368
690 325 7 949
690 350 23 49
690 364 43 332
691 22 43 637
691 44 49 950
691 64 37 1458
691 78 41 119
691 82 25 817
691 88 55 142
691 91 1 1155
691 206 51 713
691 300 7 17
691 308 17 270
691 329 31 1229
691 340 23 608
691 343 13 577
691 361 19 957
692 7 13 891
692 45 49 1319
692 57 11 561
692 77 52 261
692 88 43 125
692 119 55 447
692 137 22 63
692 154 31 275
692 174 47 824
692 245 5 1300
692 269 34 995
692 324 29 1250
692 370 1 1475
692 378 16 107
692 387 7 873
693 28 41 587
693 45 4 1378
693 55 59 329
693 62 17 138
693 91 8 1388
693 93 25 1461
693 119 19 685
693 239 13 757
693 248 55 214
693 253 37 1102
693 359 43 188
693 380 31 1029
693 381 52 350
694 60 58 626
694 61 5 617
694 104 53 814
694 148 55 1431
694 195 27 920
694 201 49 593
694 204 37 1470
694 212 11 241
694 245 13 1300
694 313 23 1223
694 319 1 76
694 332 40 71
694 335 7 1129
694 354 17 153
694 389 35 479
695 9 31 1353
695 27 28 626
695 42 5 726
695 107 7 187
695 121 55 448
695 151 53 838
695 179 37 131
695 247 59 678
695 284 13 973
695 288 25 1138
695 304 16 973
695 314 19 1173
695 366 10 40
695 382 23 1041
695 384 1 1109
696 58 13 544
696 88 25 1265
696 123 49 894
696 125 41 169
696 156 1 78
696 167 32 136
696 170 7 926
696 205 19 271
696 209 16 900
696 247 53 700
696 265 37 731
696 305 29 695
696 324 4 256
696 332 58 1071
696 394 43 1300
697 7 19 835
697 37 26 455
697 51 13 74
697 62 23 88
697 100 31 776
697 124 37 1307
697 138 55 893
697 158 58 752
697 201 3 697
697 202 49 1471
697 214 7 22
697 303 40 1470
697 368 43 990
698 3 51 622
698 14 28 352
698 28 47 535
698 75 16 120
698 129 40 104
698 145 8 1487
698 153 58 673
698 216 25 1418
698 249 19 681
698 257 37 17
698 289 5 911
698 295 1 591
698 329 55 465
698 342 31 164
698 369 23 607
699 26 26 46
699 41 37 181
699 73 23 1138
699 97 29 354
699 124 4 1281
699 157 44 901
699 201 49 402
699 217 53 652
699 235 41 450
699 278 1 1211
699 294 10 221
699 316 35 922
699 339 58 1026
699 364 16 802
699 392 31 1393
700 9 55 1074
700 36 27 1061
700 77 10 535
700 104 5 814
700 134 37 1205
700 151 39 1015
700 162 23 497
700 182 43 29
700 212 3 1071
700 240 14 541
700 249 7 757
700 316 1 922
700 363 52 1042
700 372 35 463
700 385 59 258
701 5 55 551
701 42 13 650
701 49 31 814
701 75 52 463
701 86 35 814
701 108 38 838
701 128 9 1383
701 176 26 383
701 177 17 251
701 184 46 1086
701 245 5 51
701 294 7 154
701 362 19 1271
701 365 1 585
701 382 58 49
702 23 16 91
702 34 44 253
702 79 22 90
702 156 10 179
702 169 31 1464
702 215 13 741
702 239 37 1337
702 288 1 860
702 290 58 1103
702 297 28 360
702 326 49 74
702 336 25 1335
702 374 5 577
702 381 47 1082
703 2 14 1018
703 3 7 228
703 24 38 924
703 27 55 802
703 55 11 1058
703 157 28 1249
703 167 33 695
703 189 49 812
703 254 1 1249
703 299 25 67
703 341 22 1234
703 368 43 339
703 369 53 1162
703 370 58 563
704 3 56 995
704 44 11 163
704 90 7 726
704 141 37 678
704 172 41 116
704 217 29 110
704 227 19 1281
704 245 23 1403
704 271 25 138
704 287 47 305
704 300 31 17
704 323 44 638
704 329 52 308
704 339 16 158
704 386 4 1331
705 8 53 1127
705 98 55 283
705 110 31 1476
705 116 19 1499
705 119 33 807
705 120 17 289
705 129 49 619
705 218 25 89
705 223 43 299
705 239 21 286
705 249 14 681
705 308 29 813
705 318 40 805
705 342 4 893
705 349 37 1352
706 36 37 431
706 46 55 1010
706 55 17 402
706 69 31 807
706 87 34 400
706 94 19 33
706 129 14 37
706 187 1 1231
706 189 25 116
706 194 7 83
706 199 23 353
706 210 49 1290
706 296 53 1265
706 350 59 334
706 381 11 782
707 35 19 653
707 66 49 1282
707 109 25 1375
707 141 31 479
707 144 7 299
707 157 1 281
707 174 35 887
707 224 55 1018
707 253 44 1159
707 262 14 246
707 334 40 536
707 363 22 1038
707 371 4 1178
707 394 28 814
708 27 40 559
708 34 32 16
708 50 17 204
708 67 25 355
708 95 5 389
708 105 53 420
708 133 11 1050
708 141 7 1167
708 152 43 832
708 194 58 83
708 239 19 526
708 297 28 1341
708 319 13 352
708 382 47 1314
708 391 55 683
709 9 51 45
709 51 7 450
709 52 40 905
709 115 31 1281
709 160 43 405
709 162 29 1430
709 200 58 809
709 236 1 835
709 257 19 469
709 278 17 1211
709 285 37 121
709 303 22 1362
709 359 25 49
709 384 13 876
709 395 5 1062
710 47 4 222
710 57 19 1132
710 100 14 1428
710 140 47 1447
710 150 32 1337
710 154 7 678
710 160 25 1062
710 172 23 526
710 175 58 743
710 176 49 1324
710 238 43 992
710 303 37 330
710 309 11 787
710 350 41 334
710 397 29 413
711 13 59 1416
711 16 55 1312
711 25 35 1356
711 70 39 1352
711 89 43 79
711 115 1 594
711 116 19 1458
711 123 7 858
711 172 23 93
711 194 52 1314
711 196 11 730
711 209 16 1070
711 284 4 973
711 378 47 279
711 380 49 1428
712 13 53 773
712 24 43 924
712 32 49 156
712 72 41 966
712 86 28 373
712 91 33 51
712 137 47 771
712 151 11 511
712 152 19 507
712 190 1 1471
712 249 55 838
712 263 7 1270
712 352 37 1211
712 369 17 472
712 390 23 1106
713 9 25 577
713 19 14 180
713 56 31 463
713 63 51 1447
713 93 38 315
713 98 43 1186
713 132 45 839
713 155 9 26
713 164 22 419
713 283 55 157
713 308 3 813
713 316 35 1052
713 334 59 1132
713 336 19 609
714 37 25 229
714 64 19 67
714 68 37 1486
714 87 58 1097
714 102 4 30
714 142 46 833
714 148 13 355
714 180 11 1446
714 231 53 682
714 320 31 325
714 357 49 1153
714 376 1 430
714 380 55 626
714 385 9 978
714 393 7 1141
715 68 38 129
715 90 1 1375
715 165 29 1352
715 184 25 608
715 194 19 754
715 205 49 271
715 231 10 1059
715 274 58 894
715 296 5 350
715 300 34 1107
715 317 13 1047
715 325 7 642
715 338 47 28
715 387 43 492
716 68 1 1058
716 81 37 910
716 83 5 1375
716 101 16 703
716 105 53 181
716 157 20 281
716 188 13 1263
716 212 29 1071
716 282 25 1106
716 285 50 1162
716 298 11 768
716 312 43 1236
716 344 55 639
716 369 59 607
716 372 7 972
717 7 7 494
717 37 43 69
717 97 5 329
717 117 16 389
717 162 2 151
717 165 22 316
717 179 40 466
717 192 31 1359
717 234 49 1378
717 235 47 1004
717 238 59 1448
717 292 55 549
717 311 25 187
717 337 10 591
717 381 52 56
718 13 5 801
718 21 43 1250
718 77 37 1353
718 93 49 1152
718 114 19 1366
718 117 40 1400
718 180 17 937
718 227 13 1265
718 232 29 1184
718 236 1 492
718 239 31 757
718 249 22 681
718 279 25 1008
718 320 55 915
718 384 7 1109
719 5 28 1396
719 39 47 1105
719 93 49 478
719 117 7 741
719 120 31 1361
719 146 22 414
719 154 40 486
719 179 14 153
719 188 58 1263
719 243 53 1014
719 257 3 17
719 309 34 1285
719 310 37 1068
719 331 11 4
719 334 17 171
720 52 37 1082
720 62 41 776
720 63 31 571
720 64 55 37
720 87 8 1257
720 142 51 89
720 159 4 1330
720 172 23 950
720 178 13 1174
720 187 1 228
720 240 19 1059
720 251 34 437
720 268 43 1332
720 293 29 1353
720 327 25 491
721 12 43 363
721 14 52 320
721 55 3 1394
721 69 22 1270
721 75 10 1431
721 84 47 557
721 102 58 233
721 176 13 822
721 211 1 388
721 223 27 165
721 256 37 1196
721 298 41 594
721 307 31 350
721 359 19 4
721 398 35 448
722 9 19 449
722 62 29 3
722 77 4 499
722 94 25 91
722 108 43 946
722 126 17 1055
722 168 37 887
722 191 11 323
722 195 52 847
722 201 13 402
722 237 34 575
722 267 1 731
722 272 55 130
722 338 41 685
722 395 23 1087
723 34 1 1346
723 55 53 1008
723 79 13 966
723 105 17 1312
723 118 11 1276
723 158 58 901
723 193 29 461
723 203 43 329
723 251 55 650
723 282 7 518
723 315 32 237
723 321 19 1224
723 341 40 833
723 349 5 322
723 393 23 972
724 19 7 904
724 30 35 839
724 108 37 305
724 135 56 1075
724 176 44 218
724 196 28 1319
724 215 22 976
724 226 31 548
724 236 49 936
724 249 14 388
724 265 59 731
724 284 1 299
724 309 17 897
724 355 19 500
724 358 5 954
725 4 10 1454
725 10 23 1456
725 29 13 405
725 33 25 871
725 48 41 1026
725 95 47 1167
725 138 43 685
725 200 7 737
725 289 4 194
725 298 53 1074
725 300 28 1185
725 314 37 1112
725 346 19 877
725 361 32 957
725 374 59 967
726 69 41 1270
726 88 37 81
726 113 13 897
726 129 49 104
726 169 43 311
726 179 25 1205
726 193 1 589
726 266 58 219
726 269 19 995
726 300 3 590
726 320 31 283
726 335 16 1129
726 358 29 676
726 376 22 194
726 392 7 481
727 26 52 536
727 71 55 873
727 75 25 1105
727 83 35 363
727 138 49 1412
727 142 15 594
727 143 46 1358
727 165 10 177
727 200 2 204
727 223 20 1265
727 287 59 1024
727 343 32 1209
727 351 28 1149
727 357 37 955
728 44 23 1332
728 50 53 775
728 75 25 1369
728 92 2 966
728 106 34 1365
728 107 31 1234
728 180 58 277
728 191 47 339
728 234 29 31
728 259 41 544
728 261 43 134
728 280 19 1476
728 308 11 813
728 368 49 697
728 393 16 511
729 4 31 507
729 59 9 469
729 65 13 148
729 75 19 400
729 122 43 915
729 186 4 1296
729 245 47 204
729 255 59 251
729 260 34 602
729 265 17 686
729 276 25 1229
729 333 41 364
729 347 50 1238
729 373 7 1149
729 378 23 107
730 18 16 1336
730 25 23 622
730 62 11 105
730 83 59 535
730 144 31 545
730 146 3 823
730 291 52 1432
730 295 25 728
730 309 47 751
730 326 7 593
730 340 41 1488
730 372 29 751
730 386 13 1436
730 391 56 694
730 400 21 49
731 3 31 33
731 67 26 645
731 98 41 1186
731 152 1 713
731 188 37 387
731 197 14 978
731 199 35 535
731 202 43 354
731 205 7 676
731 211 5 76
731 225 53 1061
731 262 55 265
731 316 59 602
731 353 23 1486
731 362 19 3
732 27 10 557
732 57 17 932
732 91 1 1361
732 149 25 761
732 152 50 832
732 186 37 543
732 217 5 1188
732 244 40 52
732 264 43 1424
732 274 58 1030
732 281 19 1075
732 304 55 1056
732 307 31 252
732 364 14 565
733 66 19 972
733 69 47 253
733 84 13 557
733 133 25 398
733 174 29 26
733 188 10 17
733 198 31 320
733 201 37 982
733 207 35 702
733 249 49 463
733 267 4 1137
733 312 15 685
733 327 43 88
733 371 1 932
733 384 55 1153
734 32 13 1171
734 46 55 973
734 51 7 834
734 84 11 457
734 92 43 368
734 260 28 1166
734 315 49 278
734 328 37 1000
734 332 22 400
734 347 33 69
734 370 16 56
734 380 2 171
734 381 59 920
734 382 5 1138
734 394 19 1365
735 2 7 584
735 24 25 388
735 35 31 1042
735 74 37 737
735 122 19 1278
735 136 5 1372
735 155 13 219
735 252 1 467
735 256 49 1065
735 282 28 1065
735 330 44 1115
735 367 55 290
735 383 34 653
736 1 20 936
736 90 55 1375
736 101 38 1171
736 104 59 484
736 115 52 1094
736 171 13 1317
736 176 7 1087
736 285 31 323
736 304 22 1341
736 306 41 251
736 309 25 230
736 321 45 1403
736 360 34 1094
736 362 1 539
736 400 29 972
737 9 25 587
737 55 51 1091
737 75 19 463
737 84 23 602
737 151 53 1420
737 184 9 1149
737 194 31 754
737 233 29 112
737 237 43 816
737 268 57 1107
737 281 13 1351
737 323 46 1280
737 340 41 602
737 371 4 797
737 389 7 589
738 24 58 45
738 34 28 81
738 74 9 398
738 117 52 810
738 185 37 826
738 189 14 673
738 201 43 228
738 205 1 271
738 233 41 540
738 237 49 178
738 241 31 332
738 244 55 1452
738 261 25 466
738 294 35 757
738 324 22 1107
739 36 7 771
739 39 53 598
739 88 19 1121
739 92 13 46
739 103 29 1290
739 113 31 897
739 114 59 1135
739 198 25 926
739 206 43 1395
739 217 17 1188
739 245 4 68
739 269 37 539
739 297 1 360
739 305 49 809
739 366 34 307
740 12 9 635
740 61 7 1344
740 74 43 707
740 116 49 1499
740 153 59 877
740 161 25 2
740 166 13 169
740 212 47 1263
740 252 55 1004
740 253 31 1298
740 259 1 1288
740 282 19 573
740 300 37 971
740 311 40 1320
740 369 5 431
741 39 25 16
741 117 16 596
741 148 13 526
741 149 55 559
741 197 51 796
741 214 32 305
741 222 19 913
741 226 7 694
741 237 10 570
741 287 5 511
741 298 59 454
741 306 43 165
741 324 41 1195
741 349 37 949
741 366 2 761
742 66 1 505
742 81 55 643
742 87 16 662
742 94 31 473
742 164 8 1200
742 199 19 611
742 206 43 713
742 212 23 1071
742 217 53 135
742 242 21 923
742 290 11 2
742 335 13 847
742 356 49 1359
742 378 5 1190
742 399 26 625
743 9 1 1121
743 45 43 1378
743 56 13 727
743 95 17 260
743 106 31 1365
743 110 19 1039
743 193 39 589
743 205 25 289
743 232 23 512
743 267 5 398
743 274 46 1039
743 275 29 1265
743 298 10 594
743 380 52 1466
743 397 35 413
744 2 19 339
744 27 44 557
744 38 55 736
744 71 2 961
744 89 49 1014
744 146 16 575
744 168 25 221
744 203 31 1190
744 219 41 40
744 298 10 1026
744 321 37 997
744 325 13 307
744 358 53 954
744 398 7 355
745 6 49 45
745 30 47 430
745 83 59 1226
745 95 35 945
745 126 37 1392
745 131 10 874
745 141 1 1456
745 196 17 112
745 256 31 1196
745 269 28 520
745 272 43 1061
745 283 19 1386
745 348 55 318
745 364 40 440
745 366 52 1052
746 1 35 219
746 6 5 1229
746 24 22 1421
746 37 31 455
746 102 16 638
746 108 49 673
746 172 1 1433
746 175 46 702
746 186 43 224
746 238 41 344
746 327 8 804
746 332 13 1281
746 345 56 1105
746 355 37 1372
746 375 19 1408
747 47 17 716
747 67 1 1107
747 69 59 596
747 72 47 1156
747 96 50 1392
747 107 4 234
747 118 7 910
747 175 56 1324
747 189 31 730
747 202 43 1210
747 260 10 1237
747 266 26 682
747 290 29 1381
747 307 38 350
747 361 19 1128
748 14 1 1156
748 33 40 1000
748 53 13 972
748 68 20 1047
748 98 53 1476
748 112 16 481
748 144 46 1374
748 154 49 1105
748 169 25 1004
748 189 55 950
748 229 31 331
748 230 43 1127
748 330 4 1066
748 343 37 1265
748 397 10 449
749 20 29 924
749 70 25 629
749 77 34 1333
749 97 58 768
749 130 11 1392
749 136 16 920
749 170 44 835
749 171 2 844
749 231 41 500
749 298 22 686
749 343 37 1075
749 351 19 306
749 358 53 567
749 377 49 120
749 394 7 484
750 10 53 797
750 173 35 116
750 222 22 1205
750 250 1 257
750 262 49 119
750 274 19 880
750 278 47 1121
750 292 8 1250
750 296 17 815
750 326 38 175
750 369 55 1487
750 371 58 343
750 372 43 609
750 387 25 219
750 398 29 448
751 16 13 417
751 38 49 594
751 68 55 31
751 74 37 977
751 104 34 164
751 164 22 206
751 175 31 1488
751 176 25 1327
751 178 43 22
751 227 1 1366
751 290 29 957
751 298 41 107
751 329 16 356
751 390 11 676
751 396 7 178
752 24 38 927
752 36 49 771
752 39 5 542
752 58 28 653
752 148 7 307
752 204 22 1303
752 247 47 1432
752 250 31 1210
752 269 43 246
752 279 55 1366
752 293 17 989
752 336 19 1094
752 361 1 957
752 388 13 1330
752 391 25 1492
753 60 49 796
753 79 32 1016
753 94 55 14
753 129 16 795
753 140 47 92
753 178 43 1245
753 186 19 1070
753 210 35 1200
753 269 52 1344
753 309 29 1428
753 322 4 809
753 332 1 278
753 336 22 1236
753 348 7 1393
753 386 40 1436
754 50 47 570
754 89 56 92
754 111 53 970
754 153 7 1263
754 184 25 467
754 207 41 844
754 215 28 1384
754 242 5 1152
754 250 13 1022
754 269 49 539
754 290 23 241
754 291 9 505
754 335 43 1024
754 368 32 1319
754 370 37 1280
755 24 31 14
755 29 7 497
755 34 37 707
755 38 25 1018
755 54 55 591
755 138 49 893
755 196 34 898
755 197 1 1091
755 222 40 768
755 224 43 248
755 225 15 805
755 226 52 325
755 246 59 664
755 396 19 932
756 8 58 458
756 54 49 1030
756 112 26 1132
756 113 1 71
756 150 7 430
756 174 5 1476
756 178 43 397
756 183 31 566
756 199 35 83
756 234 29 807
756 276 19 1229
756 310 55 1041
756 360 16 305
756 386 13 1493
756 398 41 469
757 17 25 1154
757 20 53 1492
757 30 1 685
757 47 29 681
757 103 59 849
757 118 35 858
757 122 38 374
757 178 9 1245
757 195 3 858
757 216 47 990
757 268 55 1102
757 285 31 1336
757 323 13 40
757 341 19 757
757 360 22 824
758 23 47 110
758 44 53 1213
758 51 1 987
758 78 13 810
758 102 43 602
758 138 58 1189
758 143 34 1038
758 147 28 840
758 268 7 153
758 282 22 576
758 291 16 674
758 303 19 1392
758 325 37 135
758 368 49 877
758 375 31 549
759 44 59 163
759 50 17 397
759 96 19 639
759 176 37 383
759 196 41 1346
759 206 13 1159
759 228 9 151
759 275 23 539
759 292 32 125
759 306 3 229
759 361 27 565
759 367 55 833
759 375 52 31
759 389 46 589
759 400 43 1039
760 30 53 839
760 56 25 1428
760 93 37 149
760 105 56 1436
760 120 47 829
760 141 33 857
760 157 19 277
760 169 1 1412
760 194 58 751
760 315 49 511
760 353 9 718
760 354 29 867
760 370 43 265
760 376 13 1487
760 385 17 1004
761 9 31 103
761 14 25 352
761 28 10 1481
761 40 19 1210
761 55 59 545
761 63 56 1456
761 93 13 407
761 110 17 499
761 137 53 1302
761 142 7 89
761 229 49 331
761 239 43 130
761 284 2 64
761 324 47 1250
761 396 37 277
762 21 43 213
762 22 51 1056
762 77 3 1392
762 135 7 716
762 137 59 1302
762 210 23 389
762 263 37 364
762 264 19 1129
762 275 47 594
762 303 56 1042
762 328 10 579
762 346 32 397
762 362 13 468
762 369 28 563
762 395 17 364
763 21 31 755
763 49 37 1209
763 61 1 165
763 64 13 3
763 73 23 799
763 148 28 1271
763 162 56 983
763 175 52 702
763 196 47 322
763 207 35 590
763 237 19 741
763 269 25 672
763 290 59 2
763 303 49 728
763 335 43 606
764 111 35 30
764 188 13 1370
764 203 55 1358
764 205 31 676
764 251 49 808
764 265 47 1469
764 268 43 858
764 299 7 570
764 303 22 796
764 319 37 469
764 340 59 1208
764 359 1 49
764 367 25 1358
764 390 41 118
764 395 10 1112
765 17 38 1302
765 124 25 804
765 139 53 374
765 154 49 113
765 189 7 1205
765 222 58 541
765 226 13 694
765 231 1 970
765 245 17 856
765 255 47 812
765 258 31 585
765 283 43 241
765 289 23 893
765 313 29 271
765 367 19 1333
766 98 49 283
766 125 35 966
766 145 19 154
766 176 43 1038
766 194 4 465
766 205 13 608
766 256 31 1358
766 294 7 469
766 297 9 972
766 303 1 1362
766 315 51 1287
766 327 40 1149
766 355 25 716
766 363 28 442
766 368 55 463
767 17 13 430
767 23 49 1331
767 31 17 911
767 55 4 402
767 64 7 916
767 72 29 479
767 76 25 305
767 111 59 915
767 139 53 1015
767 158 46 225
767 253 37 139
767 262 55 831
767 268 31 745
767 309 11 1098
767 329 22 1416
768 7 37 1356
768 26 43 695
768 27 4 1428
768 61 11 1171
768 65 40 455
768 82 21 218
768 84 28 71
768 137 17 1420
768 155 55 163
768 193 1 1035
768 273 59 887
768 302 7 63
768 304 13 1097
768 335 25 1068
768 376 46 194
769 37 31 523
769 41 20 998
769 42 41 868
769 59 7 1483
769 85 13 1252
769 87 4 1167
769 107 50 163
769 153 53 86
769 174 59 817
769 214 55 360
769 220 35 1045
769 270 25 1481
769 297 1 784
769 320 43 1189
769 369 29 607
770 21 25 976
770 58 4 269
770 72 22 1335
770 75 37 400
770 108 33 184
770 168 46 221
770 196 17 221
770 208 19 1466
770 209 43 927
770 222 1 650
770 227 7 1239
770 252 13 718
770 298 11 751
770 361 49 1128
770 387 56 368
771 50 59 1280
771 59 2 758
771 128 32 599
771 138 44 417
771 141 49 1167
771 145 55 1226
771 168 26 397
771 183 7 56
771 231 53 998
771 314 37 817
771 341 20 237
771 376 15 194
771 385 47 903
772 61 17 736
772 62 1 224
772 65 52 316
772 76 55 125
772 88 25 1133
772 92 31 465
772 118 35 1203
772 176 44 1324
772 194 22 936
772 205 7 790
772 257 58 1487
772 295 3 642
772 327 19 1434
772 385 29 1115
772 396 13 607
773 63 25 626
773 69 5 1365
773 117 31 1332
773 151 17 1451
773 156 8 903
773 180 3 277
773 211 53 559
773 261 55 751
773 263 43 1150
773 265 59 1469
773 279 13 1133
773 309 11 69
773 330 49 722
773 360 34 1305
773 377 37 297
774 57 2 1127
774 128 32 971
774 139 40 681
774 168 16 618
774 180 29 842
774 213 53 1153
774 250 25 758
774 263 19 598
774 267 23 520
774 280 43 1492
774 293 47 479
774 303 55 1200
774 310 58 738
774 326 49 175
774 364 10 1319
775 15 1 775
775 83 11 440
775 144 31 1121
775 146 40 1228
775 151 29 447
775 161 25 28
775 164 34 1239
775 221 58 945
775 277 7 649
775 290 23 224
775 303 19 202
775 348 37 1385
775 349 53 407
775 360 49 976
775 386 46 501
776 14 13 237
776 28 37 142
776 53 53 511
776 102 46 602
776 104 17 1353
776 125 26 196
776 221 1 567
776 232 8 1259
776 253 31 927
776 255 35 1154
776 266 10 1339
776 284 28 991
776 348 58 29
776 383 21 111
776 385 5 903
777 26 7 437
777 60 43 520
777 99 49 672
777 146 28 727
777 197 55 177
777 221 13 945
777 269 19 816
777 280 1 458
777 349 39 1461
777 350 41 1388
777 361 31 513
777 399 10 636
777 400 46 927
778 111 11 30
778 135 49 829
778 140 41 69
778 169 33 1312
778 227 14 1366
778 237 19 461
778 251 52 1097
778 263 7 396
778 296 25 738
778 309 47 69
778 314 56 937
778 353 23 397
778 384 1 876
778 394 43 745
778 395 29 248
779 32 25 578
779 44 37 332
779 88 43 1121
779 94 7 33
779 124 22 239
779 159 47 1378
779 162 11 516
779 168 4 1223
779 172 53 254
779 178 56 81
779 186 16 470
779 213 35 815
779 273 1 672
779 313 13 139
779 333 41 967
780 2 13 738
780 20 47 1492
780 116 41 177
780 118 23 380
780 144 44 1344
780 180 29 625
780 215 7 46
780 240 55 155
780 251 4 808
780 279 25 112
780 298 37 311
780 318 11 297
780 348 1 763
780 376 34 254
780 384 51 1059
781 26 31 1208
781 56 43 1454
781 142 34 551
781 150 2 1356
781 176 49 2
781 191 53 929
781 203 8 983
781 270 13 1319
781 283 19 329
781 289 59 882
781 345 25 1038
781 351 37 306
781 392 55 512
782 21 13 213
782 113 26 801
782 118 29 486
782 134 34 589
782 136 58 180
782 185 19 257
782 186 7 1075
782 235 53 1004
782 287 1 269
782 294 17 851
782 296 41 824
782 321 43 997
782 325 3 1038
782 336 55 1368
782 372 23 1133
783 13 46 578
783 29 1 1135
783 53 29 153
783 76 31 163
783 83 23 279
783 102 8 30
783 130 41 1062
783 152 37 302
783 157 55 277
783 185 51 1171
783 195 19 807
783 209 43 974
783 211 11 96
783 269 25 1288
783 310 58 653
784 15 49 973
784 20 34 897
784 46 43 1105
784 155 25 842
784 165 17 391
784 198 55 164
784 211 47 388
784 261 22 764
784 262 1 696
784 272 7 1155
784 280 13 171
784 294 5 246
784 330 19 1297
784 353 29 639
784 376 37 159
785 43 26 458
785 69 47 239
785 97 23 1374
785 116 29 634
785 139 5 681
785 209 20 1361
785 210 34 97
785 220 53 606
785 235 59 1055
785 251 31 779
785 269 10 672
785 271 13 104
785 335 1 81
785 378 41 415
785 396 37 96
786 20 25 897
786 25 23 104
786 61 7 103
786 86 10 920
786 100 19 246
786 106 52 924
786 115 34 171
786 126 29 982
786 154 31 1285
786 175 4 537
786 194 46 936
786 212 2 549
786 248 55 768
786 298 13 163
786 332 58 1002
787 28 25 956
787 50 23 450
787 54 19 733
787 92 32 1483
787 96 43 584
787 98 3 731
787 127 49 1420
787 152 13 1130
787 169 37 675
787 221 7 363
787 314 27 1066
787 335 56 32
787 375 10 529
788 60 43 1020
788 115 56 1281
788 160 45 148
788 182 40 1133
788 194 10 83
788 195 22 563
788 201 50 1388
788 253 25 1141
788 258 13 1358
788 264 3 1424
788 266 37 148
788 268 31 629
788 332 7 137
788 341 19 1213
788 382 29 1168
789 80 34 1340
789 90 7 1369
789 92 49 618
789 126 53 1026
789 127 13 1393
789 137 26 545
789 147 55 840
789 154 37 413
789 162 31 718
789 168 28 716
789 196 1 636
789 255 45 1322
789 294 17 1467
789 377 19 846
789 384 3 239
790 6 59 1229
790 24 55 1213
790 50 29 933
790 65 40 628
790 132 49 149
790 186 31 841
790 195 37 563
790 197 43 747
790 218 8 851
790 246 17 1130
790 251 25 1128
790 285 20 491
790 287 5 28
790 295 13 1098
790 324 35 1302
791 31 1 92
791 34 26 571
791 60 35 273
791 111 59 89
791 177 5 40
791 188 10 1261
791 221 22 945
791 293 17 751
791 301 19 386
791 315 49 1035
791 319 55 1434
791 345 38 256
791 366 46 715
791 379 31 1312
791 384 13 1109
792 6 25 536
792 66 31 905
792 89 49 1067
792 115 10 799
792 121 57 107
792 173 23 957
792 177 53 1471
792 219 47 733
792 235 37 653
792 239 19 1436
792 257 28 1433
792 286 16 945
792 293 4 787
792 343 1 1075
792 381 55 782
793 29 7 1135
793 67 37 407
793 68 31 129
793 85 56 823
793 89 19 745
793 126 35 1178
793 203 13 431
793 228 40 2
793 288 25 1324
793 307 3 1461
793 314 49 892
793 321 43 179
793 338 53 1303
793 349 29 1127
794 32 43 566
794 73 29 9
794 93 25 402
794 107 10 1234
794 109 1 1102
794 120 53 835
794 122 14 817
794 199 59 611
794 281 32 540
794 299 19 322
794 316 49 763
794 321 37 911
794 327 4 831
794 348 46 788
794 354 23 636
795 4 4 286
795 12 25 1259
795 18 19 1421
795 57 11 722
795 77 13 1316
795 118 59 858
795 153 53 673
795 170 38 1428
795 257 7 339
795 261 1 455
795 264 55 887
795 303 32 467
795 344 49 815
795 387 45 696
796 14 55 3
796 57 7 1127
796 112 22 1014
796 150 13 461
796 173 29 922
796 186 1 1296
796 192 25 1386
796 204 49 252
796 275 53 1469
796 282 58 52
796 309 47 805
796 338 11 1358
796 347 31 722
796 349 43 1461
796 382 5 678
797 34 13 81
797 46 43 107
797 66 39 228
797 87 31 1167
797 116 47 153
797 123 49 932
797 203 19 868
797 259 35 949
797 273 29 1374
797 293 7 787
797 332 16 1086
797 338 5 1358
797 355 10 437
797 389 37 589
797 398 23 1054
798 2 13 143
798 19 31 835
798 67 46 127
798 112 22 1068
798 210 59 639
798 219 53 138
798 254 37 832
798 277 10 634
798 346 55 877
798 354 19 1303
798 356 49 559
798 359 4 1448
798 367 25 833
798 386 7 1237
798 400 35 343
799 2 25 1430
799 24 55 219
799 29 7 1050
799 44 35 1297
799 74 31 1378
799 149 49 575
799 172 41 812
799 186 4 470
799 202 43 1109
799 221 16 731
799 238 29 341
799 294 11 1200
799 339 22 1020
799 367 37 290
800 4 7 388
800 41 32 642
800 44 47 950
800 54 13 1324
800 129 1 43
800 178 55 1086
800 244 25 544
800 255 5 169
800 290 23 2
800 308 43 813
800 313 17 433
800 314 19 528
800 325 10 296
800 346 49 373
800 377 37 1346
801 48 25 297
801 49 14 626
801 67 33 380
801 84 59 1471
801 115 10 946
801 167 37 93
801 175 7 802
801 177 20 672
801 227 1 1265
801 234 5 1359
801 245 53 1241
801 259 41 375
801 344 43 639
801 375 22 529
801 381 47 228
802 34 43 718
802 71 31 233
802 117 58 118
802 119 25 400
802 151 1 449
802 159 11 1349
802 166 19 457
802 232 15 625
802 234 17 1121
802 238 35 9
802 247 13 1279
802 289 4 107
802 325 39 949
802 351 52 121
802 377 7 419
803 1 37 1257
803 5 49 799
803 18 32 1385
803 76 19 1178
803 123 43 1493
803 170 1 559
803 220 17 860
803 234 55 1121
803 280 13 458
803 331 25 1061
803 333 23 606
803 358 35 755
803 361 27 583
803 386 39 1050
803 391 10 1363
804 34 40 449
804 42 47 970
804 105 28 4
804 164 56 419
804 174 35 760
804 184 1 344
804 192 31 1067
804 214 19 455
804 215 43 982
804 241 13 135
804 259 4 757
804 287 25 413
804 327 49 804
804 377 8 196
805 20 47 945
805 75 37 628
805 117 52 172
805 133 17 699
805 143 58 871
805 154 13 775
805 171 25 755
805 174 41 728
805 247 11 790
805 248 19 1002
805 283 43 1091
805 303 1 1470
805 314 7 985
805 328 22 31
805 348 55 966
806 13 3 1245
806 23 15 500
806 67 58 1150
806 93 43 402
806 147 55 904
806 165 5 1109
806 202 51 1418
806 209 7 1249
806 227 37 715
806 253 25 68
806 293 23 1022
806 308 1 813
806 323 34 1232
806 344 19 1374
806 363 10 251
807 2 9 317
807 16 4 432
807 56 43 710
807 63 16 1190
807 81 19 120
807 84 35 188
807 106 37 1200
807 130 23 78
807 143 25 674
807 202 55 849
807 310 13 653
807 313 47 433
807 314 50 387
807 324 7 840
807 336 28 1385
808 15 13 149
808 28 41 512
808 53 11 237
808 88 21 518
808 115 38 788
808 122 33 752
808 139 17 676
808 152 43 416
808 163 1 1185
808 165 4 391
808 258 50 266
808 276 55 578
808 326 7 71
808 374 59 961
808 379 47 1493
809 35 13 354
809 79 49 758
809 99 25 273
809 126 33 347
809 129 16 86
809 148 37 440
809 168 1 252
809 180 53 1271
809 207 41 1167
809 219 29 733
809 227 7 1265
809 309 11 230
809 310 22 1470
809 345 57 695
809 396 43 318
810 25 59 575
810 27 40 511
810 58 9 1166
810 112 52 397
810 118 5 728
810 190 33 1476
810 196 17 1346
810 232 23 802
810 242 7 1424
810 264 19 1279
810 266 37 559
810 297 25 1030
810 327 43 270
810 331 47 997
810 339 55 158
811 9 7 587
811 24 34 619
811 86 28 1493
811 93 1 163
811 132 38 860
811 173 5 987
811 196 23 112
811 234 53 1121
811 238 47 1354
811 241 19 1285
811 248 31 801
811 258 15 768
811 325 25 1319
811 328 58 275
811 380 55 1428
812 23 3 1029
812 48 53 297
812 53 29 1332
812 58 37 466
812 61 31 1412
812 171 14 755
812 175 19 802
812 186 10 1296
812 214 25 1070
812 319 43 1381
812 331 35 4
812 363 22 1297
812 374 7 617
812 389 5 1303
812 399 50 625
813 7 4 699
813 12 13 188
813 14 1 136
813 32 8 306
813 54 19 541
813 58 25 1166
813 138 31 1189
813 154 49 1103
813 155 37 1100
813 204 28 1027
813 278 23 1121
813 316 53 475
813 327 56 529
813 376 34 1488
813 387 43 234
814 14 31 178
814 21 13 1396
814 39 23 407
814 128 55 303
814 143 10 1018
814 156 40 194
814 176 2 417
814 213 49 447
814 296 52 540
814 322 28 809
814 324 47 130
814 346 43 420
814 353 17 634
814 384 19 1055
814 386 25 1022
815 58 16 1384
815 143 22 1112
815 151 5 1452
815 203 1 717
815 215 37 545
815 262 31 1112
815 288 52 196
815 323 46 675
815 330 28 1297
815 336 25 1385
815 356 55 573
815 363 10 8
815 373 35 1149
815 389 19 1322
816 27 4 816
816 72 17 432
816 103 23 468
816 132 44 116
816 133 34 699
816 169 38 89
816 204 1 1303
816 270 55 874
816 284 51 1029
816 300 31 308
816 308 11 271
816 348 19 788
816 350 59 637
816 384 25 374
816 399 8 171
817 39 17 269
817 46 37 1384
817 83 53 543
817 92 31 997
817 120 5 694
817 159 26 1245
817 209 55 1370
817 224 43 256
817 255 41 1198
817 303 49 1362
817 306 23 299
817 329 58 1488
817 350 35 1424
817 367 7 1030
817 369 29 197
818 78 5 639
818 110 17 254
818 135 25 703
818 158 55 22
818 197 1 814
818 204 43 1257
818 233 19 286
818 241 49 1106
818 242 35 331
818 243 39 415
818 293 28 441
818 297 7 639
818 317 13 344
818 330 46 695
818 381 59 1198
819 47 41 584
819 62 5 1335
819 71 57 782
819 87 46 160
819 96 49 1039
819 106 43 96
819 107 28 234
819 118 53 184
819 132 7 1198
819 187 2 1418
819 206 19 737
819 252 37 824
819 273 35 567
819 284 25 991
819 371 13 1031
820 1 23 1055
820 10 55 1228
820 66 7 88
820 232 2 233
820 236 19 707
820 247 13 1400
820 253 57 1128
820 255 35 678
820 273 53 391
820 295 49 181
820 330 28 453
820 342 16 1200
820 354 45 1107
820 369 40 867
820 375 31 1408
821 31 47 1320
821 33 4 1368
821 132 55 1426
821 173 29 904
821 208 25 92
821 228 40 808
821 238 22 350
821 265 35 1341
821 278 31 170
821 322 13 809
821 325 10 382
821 338 1 776
821 343 16 577
821 355 43 775
821 370 49 702
822 72 47 598
822 127 19 144
822 148 37 360
822 180 53 1280
822 181 28 301
822 182 3 177
822 212 7 1071
822 297 13 1456
822 335 16 237
822 355 25 97
822 356 32 1002
822 367 43 966
822 370 58 30
822 389 1 627
822 393 11 302
823 13 5 145
823 19 55 1174
823 69 11 832
823 79 28 119
823 93 31 760
823 218 13 1128
823 238 49 229
823 246 59 1447
823 254 37 1130
823 269 43 158
823 295 20 266
823 314 51 1089
823 343 25 375
823 363 7 8
823 386 2 170
824 14 31 894
824 25 59 936
824 68 25 922
824 69 41 617
824 93 55 974
824 100 37 500
824 113 14 454
824 121 19 448
824 128 43 1213
824 185 50 477
824 205 1 676
824 337 10 868
824 342 7 893
824 350 29 1298
824 398 17 469
825 12 49 955
825 24 1 1178
825 51 13 834
825 69 29 1365
825 86 23 283
825 88 37 1499
825 172 53 1395
825 189 19 950
825 302 25 1228
825 307 56 492
825 336 8 1094
825 343 4 427
825 362 44 415
825 387 31 590
826 32 7 708
826 58 1 576
826 80 23 1431
826 88 43 1499
826 101 41 642
826 161 31 534
826 193 11 1092
826 231 53 278
826 242 59 455
826 261 20 228
826 264 25 461
826 283 13 535
826 315 37 1107
826 318 4 63
826 396 55 607
827 16 1 852
827 28 31 118
827 45 28 334
827 46 13 1105
827 65 37 187
827 78 47 97
827 85 52 982
827 97 55 680
827 102 49 233
827 159 45 1330
827 161 19 433
827 192 7 432
827 222 40 1250
827 287 23 413
827 369 11 607
828 7 31 1047
828 23 53 877
828 40 19 1065
828 86 23 675
828 98 59 1316
828 99 39 937
828 168 27 311
828 173 43 219
828 191 11 982
828 208 7 796
828 237 34 1066
828 248 16 69
828 339 46 634
828 361 1 202
828 368 49 1031
829 3 43 352
829 21 13 343
829 70 37 606
829 104 53 105
829 120 7 260
829 144 49 1374
829 165 41 1486
829 166 28 1029
829 177 47 1094
829 184 34 1189
829 248 58 801
829 255 11 1154
829 313 17 832
829 365 20 832
829 383 55 278
830 71 13 961
830 132 19 554
830 144 1 358
830 221 10 363
830 227 49 1265
830 234 40 83
830 262 55 1027
830 274 7 1128
830 284 31 991
830 295 27 1475
830 301 4 1475
830 316 35 181
830 331 25 995
830 337 37 239
830 356 43 1029
831 18 19 746
831 29 49 571
831 59 55 308
831 62 23 507
831 86 11 311
831 104 53 484
831 230 46 1127
831 254 31 911
831 276 4 135
831 287 40 413
831 309 59 311
831 323 1 63
831 337 25 955
831 346 13 172
831 363 7 608
832 6 49 764
832 118 46 728
832 127 1 1115
832 143 22 1018
832 165 29 391
832 184 55 91
832 188 31 989
832 196 35 1168
832 200 13 737
832 201 7 43
832 227 37 1150
832 265 53 1137
832 278 17 1102
832 300 19 170
832 334 26 1499
833 1 5 86
833 5 46 323
833 35 52 976
833 66 13 1042
833 111 59 1027
833 115 33 683
833 131 7 697
833 171 55 860
833 223 1 608
833 250 37 1362
833 269 49 901
833 316 23 922
833 326 19 513
833 345 9 1468
833 355 43 437
834 2 8 410
834 10 31 683
834 20 49 1241
834 49 33 764
834 51 1 883
834 106 19 511
834 118 15 505
834 134 5 1280
834 139 25 136
834 141 37 1167
834 243 29 1317
834 273 17 81
834 326 56 1388
834 388 51 919
834 400 41 1155
835 35 4 976
835 85 10 204
835 97 41 579
835 99 20 747
835 141 13 1167
835 148 1 526
835 157 7 277
835 241 55 1287
835 302 27 1236
835 310 37 738
835 319 50 1468
835 336 34 810
835 341 43 307
835 349 25 407
835 381 17 380
836 34 43 554
836 38 37 1241
836 102 10 662
836 204 46 188
836 252 33 718
836 255 53 1154
836 260 2 602
836 282 25 1400
836 289 5 373
836 299 19 1381
836 351 28 467
836 359 22 573
836 371 58 1373
836 380 7 1466
836 387 13 224
837 5 34 731
837 10 1 823
837 16 19 516
837 81 37 1399
837 110 17 1493
837 126 11 1055
837 128 44 887
837 137 41 28
837 154 7 1372
837 171 55 253
837 236 3 1211
837 328 14 30
837 340 22 1010
837 349 49 674
837 397 29 323
838 13 5 1454
838 22 20 472
838 27 49 717
838 92 25 222
838 136 41 976
838 141 13 1227
838 167 1 951
838 253 43 131
838 261 10 1488
838 272 55 727
838 310 38 446
838 349 17 134
838 368 32 672
838 389 29 1237
839 1 17 787
839 42 11 754
839 82 7 795
839 88 31 453
839 91 37 202
839 94 21 683
839 152 44 551
839 197 1 796
839 290 5 104
839 314 55 258
839 318 35 432
839 332 13 1050
839 363 28 1464
839 387 49 22
840 44 41 637
840 55 25 590
840 70 7 835
840 73 17 390
840 191 55 929
840 239 31 457
840 254 50 180
840 257 27 1223
840 276 43 474
840 295 1 466
840 305 59 593
840 322 37 809
840 327 22 1434
840 342 13 893
840 382 47 1208
841 36 3 641
841 63 31 231
841 81 49 587
841 178 13 1186
841 228 56 410
841 253 37 1286
841 278 7 1366
841 291 10 650
841 300 34 549
841 301 46 382
841 317 25 354
841 383 19 1010
841 389 22 256
842 15 25 1372
842 18 10 649
842 34 1 184
842 36 55 1227
842 78 59 225
842 111 41 1232
842 138 7 817
842 162 35 516
842 163 47 571
842 166 52 113
842 172 29 713
842 252 31 1314
842 276 37 599
842 283 43 922
842 363 4 1237
843 18 7 528
843 29 19 650
843 56 43 571
843 144 16 966
843 159 1 1349
843 173 53 1451
843 182 4 29
843 196 59 636
843 220 29 481
843 255 35 833
843 309 41 751
843 349 11 1461
843 350 23 1251
843 381 51 1241
843 387 37 883
844 29 57 1205
844 57 35 932
844 131 33 697
844 159 5 856
844 194 19 1331
844 204 25 234
844 224 9 578
844 247 22 736
844 276 13 305
844 292 43 628
844 297 16 1456
844 350 1 1424
844 391 49 316
844 392 37 1312
845 8 40 368
845 18 37 2
845 60 35 676
845 67 46 45
845 97 5 1337
845 160 57 891
845 163 7 1185
845 177 17 1471
845 208 49 847
845 217 23 246
845 250 25 747
845 264 13 331
845 290 10 1438
845 292 1 1149
845 341 32 800
846 12 3 1213
846 23 1 1029
846 30 11 157
846 33 26 957
846 34 37 449
846 70 7 976
846 71 50 1363
846 94 45 683
846 100 55 722
846 130 35 1055
846 140 23 92
846 154 19 413
846 225 41 431
846 249 13 297
846 360 16 976
847 32 10 307
847 41 37 322
847 76 22 551
847 87 27 590
847 98 5 518
847 140 17 1173
847 150 1 1129
847 233 13 1249
847 242 25 414
847 273 53 405
847 290 47 1332
847 306 34 299
847 347 49 93
847 364 31 936
847 377 43 164
848 8 23 901
848 19 31 1432
848 25 49 332
848 78 35 1027
848 86 10 880
848 93 43 315
848 153 47 976
848 169 15 1412
848 185 51 1486
848 189 55 992
848 193 4 1128
848 319 19 1359
848 337 1 1237
848 340 59 76
848 348 39 136
849 83 5 1162
849 106 34 222
849 114 11 1184
849 154 16 1171
849 196 41 1168
849 209 19 45
849 230 25 971
849 231 22 1042
849 242 1 977
849 254 37 572
849 277 59 1424
849 301 13 882
849 331 47 1061
849 333 29 1020
849 360 52 305
850 6 29 1399
850 81 49 541
850 85 58 204
850 129 10 37
850 172 53 537
850 186 55 1296
850 269 20 901
850 273 35 1197
850 274 46 1031
850 294 5 90
850 317 1 1047
850 358 41 954
850 364 38 185
850 381 17 218
850 397 23 449
851 40 31 1282
851 108 7 184
851 109 13 203
851 115 43 1394
851 153 41 968
851 157 22 1249
851 164 16 1092
851 195 49 563
851 196 5 565
851 215 46 1365
851 287 53 978
851 315 25 548
851 368 1 674
851 384 37 1055
851 388 55 534
852 1 35 1257
852 26 7 919
852 84 41 457
852 95 19 867
852 109 21 203
852 149 43 398
852 154 4 113
852 182 28 177
852 185 31 257
852 220 47 1227
852 230 25 1103
852 242 53 46
852 246 11 1403
852 306 59 389
852 325 14 1038
853 51 25 987
853 89 7 427
853 100 37 1263
853 160 55 1072
853 165 43 1249
853 175 4 278
853 182 19 29
853 183 13 1346
853 246 53 664
853 260 22 1089
853 290 11 360
853 300 49 1352
853 331 47 453
853 349 32 68
853 383 34 989
854 33 4 1
854 80 11 1239
854 112 28 533
854 127 19 1151
854 138 37 417
854 146 57 1435
854 152 43 645
854 198 31 926
854 203 13 1365
854 269 1 391
854 282 25 1435
854 293 17 441
854 317 49 63
854 329 40 1200
854 369 47 607
855 38 13 537
855 42 59 726
855 54 49 807
855 68 55 113
855 87 1 160
855 109 7 315
855 142 31 341
855 149 37 951
855 175 34 1303
855 218 19 260
855 241 25 557
855 304 44 26
855 305 41 957
855 358 17 694
856 35 49 1042
856 95 5 867
856 111 41 386
856 113 55 638
856 126 47 468
856 158 31 458
856 206 7 446
856 211 59 559
856 212 17 896
856 253 20 477
856 275 29 697
856 287 13 413
856 347 37 1237
856 349 53 136
856 360 2 633
857 17 19 1332
857 39 35 1067
857 70 7 463
857 97 23 1227
857 102 52 728
857 115 49 382
857 119 25 893
857 138 1 801
857 223 39 1392
857 229 31 74
857 235 59 617
857 262 14 812
857 301 46 1198
857 354 37 1058
857 355 4 81
858 10 31 194
858 41 39 308
858 44 5 539
858 48 35 1186
858 76 16 1370
858 103 10 301
858 115 1 1339
858 203 44 481
858 225 53 572
858 242 7 1007
858 273 59 478
858 316 29 475
858 349 25 131
858 359 13 1091
858 361 20 229
859 35 43 120
859 61 41 103
859 94 1 80
859 106 46 1237
859 147 19 402
859 149 7 1456
859 180 55 1030
859 205 32 271
859 211 49 573
859 225 23 1215
859 265 5 45
859 294 29 90
859 295 37 1236
859 382 53 78
859 388 25 1098
860 42 17 1359
860 49 2 1112
860 120 13 289
860 138 25 332
860 148 31 307
860 166 40 1288
860 181 19 840
860 184 22 1454
860 198 49 926
860 232 59 1426
860 254 8 433
860 309 53 816
860 339 46 730
860 353 28 852
860 355 37 1018
861 2 43 1446
861 9 37 587
861 14 7 127
861 29 19 1368
861 48 55 271
861 58 58 1296
861 101 47 1153
861 103 23 363
861 122 1 897
861 126 5 1307
861 169 49 279
861 171 32 253
861 328 10 116
861 333 41 1135
861 388 13 1226
862 31 41 1297
862 35 13 440
862 56 31 156
862 90 19 172
862 94 25 1351
862 111 47 915
862 116 7 325
862 191 59 339
862 240 1 618
862 273 23 1129
862 289 29 107
862 331 5 686
862 334 11 747
862 349 55 990
862 378 16 279
863 3 55 317
863 23 23 278
863 67 10 380
863 131 25 119
863 157 1 727
863 185 27 257
863 259 7 633
863 268 31 805
863 271 40 852
863 303 37 206
863 327 49 88
863 347 19 607
863 353 35 593
863 356 14 1431
863 369 4 892
864 12 50 145
864 37 1 179
864 81 45 475
864 109 13 933
864 159 57 970
864 207 11 97
864 217 41 331
864 229 31 93
864 244 7 764
864 245 55 1241
864 275 59 407
864 318 35 1298
864 356 19 205
864 395 25 387
864 399 16 1407
865 35 7 409
865 38 39 1257
865 92 43 465
865 123 13 894
865 125 11 1467
865 143 25 570
865 188 1 387
865 222 19 1087
865 246 23 804
865 276 28 135
865 293 5 751
865 297 31 1020
865 306 17 842
865 318 35 129
865 369 59 265
866 15 49 1070
866 50 5 204
866 58 31 699
866 76 19 1468
866 117 58 1082
866 175 43 1452
866 195 26 118
866 207 11 275
866 222 22 995
866 302 7 1350
866 310 1 1400
866 316 35 738
866 317 37 967
866 352 13 1154
867 48 31 261
867 75 43 1288
867 99 19 241
867 116 59 1171
867 138 46 893
867 140 41 1173
867 182 10 29
867 198 37 103
867 251 52 88
867 260 55 826
867 286 7 591
867 318 17 151
867 335 4 164
867 379 35 570
867 395 29 782
868 41 1 1298
868 97 17 796
868 105 21 420
868 117 52 441
868 131 35 119
868 134 25 675
868 138 40 893
868 191 23 56
868 243 5 303
868 262 13 1280
868 283 31 1468
868 293 47 534
868 297 10 738
868 341 28 202
868 388 57 1127
869 17 7 567
869 19 44 180
869 34 52 707
869 102 40 78
869 123 55 805
869 126 25 1075
869 143 49 1228
869 188 16 1155
869 199 1 225
869 217 29 1307
869 254 19 1400
869 318 5 1089
869 367 31 966
869 374 35 1245
869 381 59 1018
870 9 15 1071
870 14 34 127
870 28 9 512
870 69 55 775
870 116 28 1331
870 154 37 355
870 180 59 1091
870 191 11 1091
870 208 25 471
870 222 51 995
870 265 47 86
870 310 43 579
870 318 41 363
870 331 4 453
870 366 22 457
871 20 23 1361
871 25 47 1022
871 48 55 1492
871 52 43 972
871 54 13 1394
871 127 31 448
871 128 57 971
871 190 37 1433
871 218 7 1467
871 256 1 283
871 270 25 527
871 274 49 638
871 276 52 849
871 277 5 1130
871 381 20 694
872 27 10 1354
872 73 58 475
872 123 25 446
872 153 47 843
872 164 22 73
872 187 7 213
872 189 43 1421
872 217 35 230
872 230 50 998
872 264 31 461
872 277 29 824
872 321 1 911
872 338 41 1335
872 345 14 843
872 374 53 1296
873 5 21 1190
873 23 49 1316
873 39 19 269
873 80 41 494
873 106 37 511
873 163 25 1475
873 191 53 840
873 218 13 260
873 238 59 197
873 246 11 104
873 267 3 1097
873 294 5 1351
873 311 31 1320
873 351 46 96
873 399 8 1222
874 4 4 507
874 47 35 697
874 49 39 29
874 51 7 883
874 65 31 107
874 139 17 1381
874 143 43 559
874 149 57 979
874 178 13 1188
874 211 47 1421
874 216 55 1290
874 284 22 991
874 301 28 45
874 303 1 695
874 352 49 512
875 40 56 1065
875 85 22 204
875 103 1 89
875 141 7 571
875 142 13 449
875 149 3 702
875 161 25 214
875 163 53 1185
875 191 29 579
875 202 37 320
875 233 35 329
875 304 43 501
875 331 59 578
875 390 41 800
875 395 47 625
876 6 17 1229
876 33 55 871
876 35 10 576
876 41 1 1344
876 66 13 1282
876 101 53 968
876 106 7 868
876 144 25 543
876 227 21 715
876 243 41 130
876 289 5 219
876 329 34 1129
876 338 19 218
876 355 58 619
876 359 46 680
877 13 59 1098
877 30 7 706
877 38 55 363
877 40 46 1352
877 124 37 50
877 139 5 466
877 181 52 83
877 192 31 1026
877 209 40 779
877 250 26 224
877 255 1 1213
877 268 15 1499
877 304 19 26
877 327 43 529
877 356 9 1159
878 4 4 409
878 6 23 373
878 46 13 696
878 79 7 733
878 83 17 1226
878 194 37 465
878 288 31 782
878 304 46 258
878 319 49 76
878 340 35 608
878 365 19 585
878 368 25 507
878 371 40 1341
878 382 53 1041
878 389 29 1232
879 3 43 1431
879 17 1 1154
879 99 32 633
879 111 47 536
879 172 53 233
879 207 17 702
879 218 25 205
879 233 10 368
879 268 19 105
879 272 49 1368
879 284 13 830
879 291 40 1249
879 297 7 995
879 371 57 1341
879 389 23 479
880 12 13 529
880 42 41 710
880 68 19 230
880 72 23 432
880 100 25 149
880 112 10 1068
880 213 5 1129
880 287 58 269
880 314 45 1186
880 321 1 1284
880 336 7 1368
880 341 55 816
880 369 43 1290
880 373 53 973
880 386 34 1493
881 8 37 673
881 52 52 637
881 100 55 206
881 141 7 1227
881 143 15 898
881 207 34 896
881 227 43 1168
881 231 23 894
881 233 29 286
881 265 13 513
881 296 59 824
881 298 47 686
881 327 25 818
881 340 5 1174
881 366 19 761
882 75 34 499
882 117 20 121
882 123 14 316
882 124 46 882
882 134 53 79
882 146 7 1067
882 213 11 815
882 216 31 627
882 242 2 1487
882 258 37 722
882 269 56 110
882 327 4 529
882 370 50 151
882 373 59 973
882 379 23 1174
883 9 37 1276
883 20 35 196
883 85 7 1273
883 102 19 233
883 114 59 113
883 116 17 177
883 175 46 802
883 220 10 332
883 239 25 130
883 276 43 119
883 297 22 511
883 314 1 634
883 320 49 1195
883 368 55 726
883 383 13 268
884 57 41 1132
884 60 22 273
884 63 52 1082
884 147 43 872
884 151 31 447
884 158 13 68
884 161 55 728
884 180 1 277
884 205 25 676
884 242 11 923
884 288 16 196
884 318 59 432
884 356 7 824
884 375 3 1408
884 390 29 1466
885 3 43 622
885 44 53 1297
885 79 34 733
885 113 56 773
885 123 19 893
885 223 26 561
885 241 7 457
885 248 40 214
885 255 5 989
885 263 14 1335
885 305 23 937
885 380 49 1358
885 394 1 787
885 397 47 1056
886 25 5 622
886 50 52 467
886 53 28 32
886 54 13 708
886 79 7 470
886 92 43 50
886 97 35 1351
886 108 55 628
886 132 19 341
886 135 1 1072
886 165 59 1109
886 168 10 78
886 321 37 51
886 336 31 175
887 103 4 188
887 110 17 726
887 112 46 533
887 117 22 1442
887 131 1 874
887 134 11 1067
887 144 43 1374
887 166 13 1162
887 179 58 228
887 211 53 96
887 293 49 989
887 297 28 1030
887 331 41 686
887 344 7 815
887 377 31 354
888 2 19 221
888 21 39 1290
888 74 49 636
888 157 13 32
888 158 16 808
888 242 11 455
888 279 44 1481
888 309 53 805
888 312 1 288
888 315 7 710
888 354 31 1153
888 361 33 1068
888 362 25 1320
888 391 58 437
889 24 1 494
889 32 34 1171
889 44 11 343
889 135 22 430
889 152 43 681
889 198 55 248
889 206 14 258
889 225 4 79
889 226 25 1493
889 263 7 364
889 282 52 1234
889 291 28 633
889 329 40 611
889 359 37 271
890 16 28 1135
890 47 53 1112
890 83 17 970
890 88 37 1041
890 94 44 78
890 118 41 237
890 120 9 491
890 148 25 852
890 152 55 832
890 164 4 279
890 209 14 927
890 289 59 761
890 299 20 874
890 363 31 866
890 395 35 491
891 1 5 1412
891 50 23 1026
891 55 43 818
891 73 17 275
891 77 40 1008
891 90 1 619
891 151 37 1015
891 153 35 1296
891 282 32 38
891 285 49 1336
891 299 28 76
891 325 46 307
891 351 13 743
891 364 55 1071
891 397 11 526
892 9 8 45
892 51 31 90
892 73 17 779
892 76 1 551
892 91 13 1288
892 127 43 206
892 166 55 1087
892 203 37 760
892 207 47 832
892 260 19 80
892 287 5 213
892 307 50 1421
892 349 59 134
892 353 23 593
892 371 25 71
893 19 19 1115
893 58 28 544
893 69 3 1365
893 70 32 938
893 105 47 341
893 142 43 89
893 161 37 728
893 218 49 1276
893 262 13 1112
893 298 23 594
893 323 8 1196
893 357 55 544
893 382 17 1041
894 22 31 874
894 79 10 509
894 115 7 1339
894 121 37 1421
894 139 27 968
894 153 47 1261
894 204 16 419
894 216 57 1418
894 219 35 1058
894 253 43 1398
894 296 22 540
894 319 1 323
894 362 49 415
895 1 11 834
895 11 55 629
895 103 49 89
895 115 40 683
895 121 25 107
895 134 29 627
895 161 1 779
895 233 5 405
895 244 7 750
895 259 22 1336
895 275 17 1399
895 283 51 431
895 291 13 222
895 306 20 637
895 310 46 972
896 6 52 447
896 40 49 1433
896 60 43 683
896 63 10 170
896 70 25 1184
896 98 5 283
896 148 55 541
896 176 19 970
896 207 23 1167
896 255 59 976
896 281 45 350
896 289 29 911
896 329 1 611
896 352 13 92
896 381 35 596
897 1 11 448
897 27 25 816
897 46 43 1384
897 64 3 380
897 65 19 565
897 80 1 1065
897 95 35 283
897 99 50 1198
897 107 40 598
897 112 7 696
897 231 29 1316
897 257 55 213
897 275 17 1265
897 284 32 64
897 360 22 305
898 6 59 1399
898 16 40 563
898 49 25 391
898 58 50 1166
898 64 43 380
898 93 19 478
898 134 53 927
898 184 37 91
898 187 14 228
898 188 10 750
898 255 17 1488
898 262 55 1112
898 280 1 330
898 343 33 674
899 40 55 619
899 65 16 113
899 73 1 355
899 89 50 499
899 95 27 867
899 135 13 1072
899 150 44 169
899 162 4 151
899 170 37 1002
899 219 25 1344
899 241 32 197
899 297 22 251
899 360 58 222
899 380 10 1029
900 62 11 88
900 115 19 731
900 124 49 1493
900 130 25 634
900 147 22 454
900 187 27 1418
900 237 40 782
900 245 58 1300
900 258 31 1300
900 276 52 1020
900 283 1 1319
900 318 47 957
900 327 13 1381
900 340 5 1189
900 362 43 539
901 49 7 747
901 78 23 466
901 97 41 1227
901 119 50 1487
901 123 44 247
901 126 17 468
901 143 28 566
901 178 37 1174
901 181 25 1438
901 231 59 924
901 253 32 1286
901 261 19 852
901 267 1 398
901 284 3 414
901 325 13 1157
902 4 28 22
902 59 7 989
902 81 1 910
902 93 31 839
902 136 5 599
902 170 38 137
902 186 44 1072
902 220 11 618
902 233 58 540
902 241 50 699
902 249 55 71
902 270 19 625
902 278 23 910
902 305 35 652
902 322 16 605
903 12 43 1070
903 64 49 1211
903 68 31 751
903 71 7 961
903 78 35 1213
903 94 25 683
903 102 37 198
903 111 5 1027
903 143 13 368
903 148 16 355
903 171 1 353
903 219 23 733
903 220 53 834
903 323 55 1234
903 374 19 898
904 53 39 38
904 122 43 812
904 136 47 155
904 148 28 1451
904 159 23 834
904 174 59 728
904 200 16 127
904 201 19 43
904 204 4 1314
904 240 55 675
904 251 31 437
904 259 7 477
904 270 50 453
904 328 34 131
904 354 37 268
905 1 43 448
905 17 55 389
905 24 4 1421
905 67 52 1428
905 107 1 680
905 146 7 1133
905 225 17 1151
905 233 47 1487
905 237 37 1416
905 250 13 257
905 298 11 571
905 310 49 446
905 335 25 1010
905 363 34 8
905 374 29 577
906 10 11 804
906 12 31 1130
906 35 37 354
906 78 55 1398
906 84 26 457
906 151 58 501
906 171 50 755
906 175 22 548
906 209 19 1015
906 245 35 1300
906 252 2 1004
906 256 43 473
906 295 7 1098
906 318 41 112
906 371 16 797
907 12 49 188
907 39 17 407
907 61 25 1448
907 74 37 1045
907 131 4 268
907 133 29 69
907 167 19 1237
907 182 1 1458
907 185 7 1066
907 191 41 1263
907 267 13 1303
907 277 53 1366
907 350 56 605
907 374 11 486
907 394 34 708
908 101 47 1305
908 106 4 446
908 133 55 175
908 148 16 360
908 200 31 849
908 228 8 73
908 236 19 492
908 244 25 764
908 245 52 1300
908 291 49 1249
908 296 41 1196
908 297 13 360
908 301 34 382
908 316 29 1339
908 335 43 1075
909 10 13 951
909 17 49 1008
909 62 11 776
909 63 4 481
909 106 31 577
909 150 37 373
909 156 19 194
909 174 41 817
909 191 17 219
909 235 29 829
909 262 7 138
909 289 35 882
909 337 22 1058
909 358 1 534
909 371 58 71
910 4 55 479
910 7 52 639
910 15 8 775
910 29 44 497
910 34 49 253
910 56 31 1431
910 150 19 712
910 166 28 752
910 183 13 125
910 272 37 989
910 337 58 1213
910 344 2 214
911 8 29 673
911 15 25 730
911 82 49 557
911 83 5 1208
911 122 37 1056
911 138 46 332
911 192 31 955
911 196 23 221
911 200 19 1316
911 208 43 672
911 256 55 137
911 258 7 619
911 383 15 1127
911 391 1 1378
912 17 7 104
912 49 13 38
912 144 28 134
912 151 1 1451
912 164 31 802
912 173 35 598
912 188 37 1250
912 195 58 1087
912 207 17 1167
912 217 53 1351
912 234 11 31
912 249 43 419
912 258 19 726
912 271 47 43
912 298 23 571
913 8 23 458
913 14 43 222
913 29 39 1205
913 60 20 40
913 103 59 1375
913 121 25 448
913 165 15 1352
913 198 31 130
913 204 8 922
913 220 29 637
913 293 17 430
913 341 1 307
913 342 4 1200
913 358 13 51
913 385 53 1030
914 24 19 1372
914 86 59 1137
914 157 14 901
914 213 11 559
914 222 1 447
914 233 47 1070
914 269 34 1344
914 273 53 672
914 290 17 924
914 300 37 985
914 341 22 1317
914 354 29 1000
914 359 40 271
914 360 4 305
914 371 25 635
915 12 37 619
915 27 7 626
915 73 41 316
915 75 13 628
915 86 29 926
915 112 52 985
915 159 11 856
915 198 25 1285
915 237 16 1066
915 249 58 1408
915 251 46 1300
915 314 1 1089
915 334 23 1483
915 343 19 1337
915 347 31 1238
916 17 31 104
916 24 58 1458
916 30 35 797
916 52 7 618
916 70 43 1425
916 76 19 858
916 164 10 910
916 173 29 417
916 182 25 29
916 190 1 700
916 197 13 814
916 235 5 505
916 260 40 341
916 317 49 344
916 393 53 302
917 46 55 260
917 86 17 926
917 136 34 686
917 148 7 1431
917 151 5 838
917 155 49 652
917 182 28 29
917 242 1 1007
917 257 43 157
917 345 37 1430
917 353 47 593
917 355 21 617
917 370 13 1270
917 372 11 1322
917 385 19 897
918 22 26 472
918 45 1 221
918 50 41 933
918 66 31 138
918 123 43 805
918 125 47 1195
918 144 13 1190
918 155 50 1373
918 158 56 225
918 172 37 1412
918 232 17 74
918 237 19 178
918 293 5 982
918 323 8 675
919 41 55 882
919 60 41 1238
919 61 13 194
919 103 23 1198
919 140 5 897
919 151 29 1420
919 200 25 737
919 226 34 1229
919 267 59 306
919 288 49 196
919 333 11 1106
919 367 43 290
919 372 1 1270
919 390 17 1106
919 394 52 270
920 37 13 204
920 71 7 768
920 79 1 1016
920 99 38 904
920 140 55 1435
920 196 53 38
920 207 59 1065
920 210 11 400
920 214 31 598
920 248 25 1213
920 249 46 838
920 270 19 1261
920 380 28 1128
920 390 5 181
920 392 49 1004
921 56 25 79
921 88 50 868
921 107 19 662
921 121 37 629
921 179 31 1092
921 190 13 1488
921 195 34 548
921 245 17 131
921 250 7 1362
921 253 43 1102
921 260 4 1340
921 300 57 672
921 308 1 70
921 381 55 1278
921 398 41 851
922 51 19 834
922 113 40 897
922 117 16 1056
922 142 13 89
922 152 55 1035
922 193 47 241
922 211 59 844
922 230 7 1103
922 239 43 1174
922 246 11 577
922 274 28 104
922 294 49 713
922 308 31 813
922 350 23 1307
922 362 33 302
923 7 31 37
923 46 7 198
923 47 17 681
923 55 29 1058
923 65 22 1399
923 92 13 858
923 146 49 311
923 203 1 983
923 244 26 1352
923 286 55 1446
923 308 37 813
923 333 40 134
923 379 46 804
923 390 5 1466
924 72 16 847
924 104 49 368
924 127 1 1152
924 146 40 491
924 161 31 1215
924 244 46 750
924 254 19 727
924 265 23 344
924 273 29 1461
924 285 52 410
924 304 58 807
924 313 35 901
924 320 7 283
924 349 13 1352
924 377 25 1058
925 8 59 1004
925 38 49 68
925 49 55 241
925 96 33 353
925 97 11 1351
925 142 28 1089
925 168 4 716
925 193 26 533
925 226 43 611
925 248 13 641
925 249 46 924
925 252 7 391
925 273 37 1461
925 299 19 254
925 368 39 1370
926 23 7 91
926 48 9 256
926 49 55 790
926 68 25 1486
926 191 5 840
926 232 29 465
926 279 1 1074
926 284 20 64
926 289 59 839
926 306 53 842
926 307 44 277
926 316 23 883
926 376 37 583
926 386 16 523
926 389 49 1322
927 28 35 587
927 32 16 544
927 63 46 626
927 136 41 297
927 179 21 587
927 206 55 478
927 235 13 518
927 256 31 500
927 263 49 782
927 266 38 160
927 277 53 743
927 352 8 517
927 364 43 396
927 379 5 1493
927 391 1 1432
928 42 41 1461
928 57 29 1132
928 85 43 882
928 161 20 1363
928 168 7 407
928 218 31 940
928 274 38 880
928 309 53 1098
928 312 49 299
928 319 25 641
928 323 16 675
928 337 13 795
928 367 1 545
928 383 55 653
928 394 46 1257
929 2 55 1430
929 10 29 1228
929 117 25 441
929 151 5 1245
929 155 7 1228
929 167 13 306
929 188 31 1403
929 210 23 1008
929 232 41 1426
929 237 19 1066
929 269 44 137
929 291 34 1327
929 355 49 500
929 373 47 973
929 388 37 119
930 3 49 391
930 12 19 1370
930 20 59 433
930 63 7 1447
930 121 43 511
930 129 1 427
930 130 23 940
930 154 55 275
930 178 13 301
930 287 10 1452
930 288 28 1446
930 317 31 1072
930 361 37 1434
930 385 4 851
930 397 47 413
931 26 7 1042
931 27 3 626
931 54 43 353
931 105 11 181
931 122 51 1187
931 182 13 1241
931 249 19 388
931 278 29 1209
931 296 47 815
931 315 37 557
931 318 49 492
931 358 59 1461
931 383 34 1208
931 388 25 1127
931 397 17 1298
932 54 1 1429
932 121 44 1362
932 149 27 951
932 169 39 497
932 174 55 383
932 176 51 1259
932 188 16 543
932 267 5 520
932 300 19 1107
932 306 49 165
932 360 31 222
932 377 7 164
932 380 58 1428
932 389 11 446
933 13 17 1098
933 17 37 430
933 42 35 471
933 64 55 1339
933 65 19 1399
933 92 31 375
933 115 22 757
933 196 49 1168
933 231 41 278
933 257 46 847
933 271 59 549
933 277 4 494
933 340 28 1205
933 359 51 573
933 397 11 1398
934 32 1 544
934 113 37 390
934 125 11 1038
934 137 53 157
934 156 16 712
934 201 49 956
934 219 21 1373
934 247 35 96
934 295 31 728
934 310 55 416
934 324 23 1250
934 340 29 1153
934 356 43 205
934 360 4 1305
934 376 40 165
935 11 19 938
935 70 31 1362
935 78 1 810
935 89 43 1135
935 110 29 1215
935 131 10 268
935 152 13 832
935 164 3 32
935 173 47 40
935 199 23 491
935 290 35 924
935 292 50 1149
935 331 17 453
935 354 59 28
935 375 40 664
936 18 10 103
936 27 7 896
936 60 35 40
936 114 22 1135
936 120 1 1436
936 145 49 433
936 206 13 103
936 250 43 1156
936 268 25 1476
936 272 55 1245
936 285 3 410
936 288 40 1159
936 298 17 585
936 308 19 813
936 375 31 31
937 20 41 924
937 58 34 1166
937 99 14 591
937 120 11 491
937 156 1 194
937 164 58 733
937 179 55 587
937 187 7 1418
937 215 46 982
937 226 25 1396
937 260 4 849
937 272 50 130
937 301 21 1039
937 363 43 1486
937 393 19 302
938 1 13 1412
938 10 34 804
938 24 7 857
938 33 28 826
938 45 31 315
938 52 1 73
938 63 4 526
938 64 55 1149
938 97 19 1045
938 126 10 347
938 200 40 932
938 212 47 617
938 249 22 463
938 293 53 534
938 328 16 579
939 58 34 472
939 66 49 523
939 98 5 926
939 105 46 1281
939 116 17 805
939 144 31 299
939 184 19 325
939 200 56 1098
939 236 1 1452
939 258 37 726
939 361 13 202
939 367 25 1454
939 378 11 279
939 379 41 804
939 397 59 323
940 4 57 507
940 15 13 382
940 29 49 396
940 61 47 938
940 89 7 233
940 94 31 796
940 107 28 680
940 136 17 987
940 183 37 1238
940 247 11 700
940 290 25 1303
940 324 53 432
940 338 23 91
940 376 19 1488
940 384 43 1055
941 47 41 222
941 69 35 559
941 72 23 1398
941 96 56 1029
941 117 1 1373
941 136 11 91
941 160 13 1385
941 178 31 1186
941 219 47 653
941 226 28 707
941 329 44 1162
941 353 17 202
941 369 5 356
941 385 49 622
941 399 52 213
942 2 43 699
942 56 2 1297
942 86 23 626
942 110 29 1476
942 120 11 1436
942 192 25 350
942 198 7 248
942 244 40 764
942 245 37 68
942 281 19 590
942 285 13 736
942 328 49 247
942 352 56 26
942 374 47 1245
942 396 31 932
943 1 29 893
943 95 11 1353
943 112 52 893
943 133 35 1050
943 139 16 938
943 162 49 626
943 249 46 1226
943 273 5 1366
943 280 20 343
943 294 41 1467
943 298 33 509
943 339 1 1215
943 340 31 353
943 358 59 534
943 399 43 1238
944 45 1 500
944 67 4 1205
944 74 19 977
944 129 16 1438
944 142 34 387
944 192 49 1425
944 207 11 1499
944 232 28 1336
944 261 25 1359
944 262 55 1301
944 296 14 374
944 344 7 1361
944 356 43 1286
944 375 40 1271
945 13 25 1336
945 48 22 570
945 88 49 518
945 96 1 967
945 109 19 499
945 132 44 590
945 134 35 1445
945 228 13 73
945 245 59 1203
945 342 16 893
945 345 7 4
945 360 28 305
945 366 56 1135
945 369 41 307
945 372 53 1133
946 68 37 978
946 76 49 1062
946 134 43 826
946 141 19 883
946 178 25 526
946 221 16 231
946 223 7 561
946 252 32 3
946 272 1 989
946 327 52 818
946 362 55 1201
946 375 13 570
946 395 45 731
947 12 56 609
947 16 7 1252
947 56 43 142
947 67 1 1059
947 141 38 1324
947 216 23 990
947 262 49 164
947 270 31 49
947 295 25 1162
947 297 4 360
947 318 47 363
947 336 16 713
947 353 11 202
947 387 19 113
948 16 16 417
948 50 25 1442
948 92 32 50
948 103 47 894
948 117 1 441
948 130 58 1184
948 155 37 976
948 163 5 1088
948 210 19 116
948 218 43 86
948 254 49 218
948 256 7 1340
948 342 13 281
948 358 23 676
948 388 27 743
949 29 49 1403
949 32 10 565
949 60 55 1486
949 94 37 938
949 109 1 315
949 201 57 104
949 287 23 911
949 294 35 1378
949 302 31 1373
949 316 41 883
949 318 19 151
949 373 7 270
949 380 46 1128
949 389 28 1322
949 399 25 1222
950 26 10 441
950 55 41 1154
950 61 3 968
950 62 53 1197
950 118 59 463
950 127 14 136
950 185 21 1425
950 219 29 1121
950 250 37 674
950 262 31 76
950 288 7 1041
950 308 5 813
950 318 35 638
950 389 47 860
950 395 19 81
951 8 53 897
951 44 19 1286
951 48 11 680
951 106 34 177
951 111 1 643
951 136 17 446
951 166 26 113
951 180 47 1168
951 265 29 118
951 281 49 1351
951 299 22 1392
951 317 13 63
951 336 58 634
951 366 4 457
951 399 7 662
952 48 41 261
952 51 25 1157
952 54 32 1054
952 78 59 543
952 84 23 143
952 102 49 375
952 202 19 88
952 214 2 1014
952 245 29 68
952 272 37 1153
952 275 10 453
952 300 16 672
952 306 53 554
952 340 47 353
952 397 13 1056
953 51 55 90
953 65 10 187
953 78 25 160
953 102 19 375
953 118 43 457
953 131 35 968
953 151 40 50
953 198 51 1369
953 214 31 920
953 228 27 86
953 269 7 1178
953 289 46 134
953 306 5 251
953 320 13 283
953 349 59 198
954 31 41 1314
954 150 49 416
954 210 53 234
954 214 37 1213
954 263 13 1261
954 277 35 1359
954 295 1 289
954 312 25 241
954 339 55 1263
954 351 19 206
954 354 58 185
954 355 45 1290
954 369 11 1362
954 374 17 961
954 383 7 1010
955 21 57 818
955 55 31 1091
955 69 17 1271
955 77 46 1138
955 122 19 812
955 124 34 43
955 177 55 268
955 241 37 288
955 251 13 299
955 257 43 847
955 288 4 1168
955 313 29 1425
955 317 49 135
955 330 1 832
955 366 10 224
956 6 35 1399
956 22 7 1088
956 42 23 997
956 64 39 56
956 97 25 360
956 106 52 446
956 196 47 937
956 198 43 463
956 215 4 629
956 237 49 43
956 288 14 1041
956 311 31 121
956 340 17 602
956 379 57 804
956 389 55 589
957 8 49 458
957 15 45 457
957 45 10 315
957 61 23 523
957 105 59 341
957 111 29 30
957 114 17 733
957 123 3 131
957 175 34 89
957 199 55 353
957 220 1 892
957 228 7 52
957 263 19 1433
957 336 31 713
957 373 41 3
958 6 53 852
958 9 55 218
958 21 43 1082
958 26 40 1403
958 64 1 356
958 116 59 1499
958 190 49 1257
958 249 7 887
958 272 31 1368
958 274 25 894
958 279 19 1481
958 310 13 915
958 354 47 867
958 372 17 1361
958 398 11 903
959 2 55 584
959 35 19 354
959 44 29 932
959 55 2 474
959 56 31 494
959 139 40 91
959 163 22 1152
959 179 7 1442
959 214 13 315
959 219 11 138
959 237 4 1416
959 238 35 229
959 292 25 779
959 306 17 299
959 370 46 265
960 16 1 1252
960 32 31 641
960 95 49 1369
960 154 40 1171
960 175 13 1413
960 203 19 431
960 223 7 991
960 226 58 344
960 230 52 501
960 242 11 145
960 243 5 795
960 254 26 105
960 255 35 840
960 399 43 431
961 20 23 722
961 69 53 1365
961 89 9 79
961 91 43 976
961 94 55 305
961 145 49 323
961 183 13 992
961 189 2 325
961 194 25 172
961 199 17 491
961 209 40 900
961 286 28 978
961 310 37 1476
961 345 31 358
961 388 19 219
962 30 4 685
962 58 52 1384
962 78 29 847
962 84 58 405
962 129 31 1288
962 148 49 355
962 155 37 389
962 187 43 1340
962 321 25 983
962 327 7 529
962 330 10 354
962 341 22 1213
962 354 17 867
962 373 41 1002
962 385 19 1356
963 1 47 787
963 63 13 79
963 67 55 380
963 115 31 382
963 133 11 320
963 163 23 390
963 171 7 1317
963 184 19 453
963 194 4 936
963 206 51 4
963 301 25 771
963 316 34 707
963 338 41 1303
963 343 58 499
963 349 17 1059
964 10 55 565
964 46 31 1061
964 61 49 1171
964 118 17 1067
964 146 40 79
964 210 23 234
964 218 13 1467
964 225 5 1151
964 231 10 1387
964 244 1 605
964 291 43 664
964 302 25 512
964 334 29 747
964 340 59 897
964 379 19 1336
965 17 49 1302
965 21 13 1082
965 111 35 591
965 132 37 432
965 156 7 78
965 183 57 148
965 184 28 1257
965 190 31 1105
965 223 19 561
965 246 47 318
965 271 55 598
965 287 5 111
965 337 44 1335
965 360 10 305
965 387 1 929
966 24 34 228
966 57 1 722
966 96 49 1087
966 146 7 1287
966 156 27 407
966 217 4 956
966 221 19 454
966 223 56 987
966 250 13 288
966 287 17 1109
966 294 22 674
966 310 10 89
966 343 37 577
966 369 25 867
966 399 44 733
967 7 19 239
967 60 35 187
967 61 5 103
967 131 53 268
967 144 10 299
967 155 49 185
967 182 45 1133
967 222 37 768
967 297 40 784
967 310 7 579
967 321 26 179
967 334 59 1372
967 368 55 978
967 373 43 696
967 383 14 1106
968 34 1 548
968 54 57 353
968 70 7 1208
968 141 25 1167
968 163 17 697
968 190 49 910
968 228 13 86
968 326 19 1388
968 333 47 364
968 336 4 1386
968 354 11 273
968 361 43 388
968 387 37 717
968 388 31 219
968 395 23 1261
969 13 5 67
969 50 11 222
969 91 14 637
969 110 23 685
969 177 47 1307
969 279 1 1322
969 299 40 198
969 309 59 69
969 319 7 254
969 321 19 983
969 343 37 266
969 347 32 266
969 392 25 88
969 398 53 170
969 400 29 989
970 10 41 951
970 26 52 1433
970 45 10 290
970 130 29 1055
970 141 1 1324
970 154 55 256
970 160 31 355
970 172 25 40
970 176 19 2
970 204 58 1303
970 309 16 311
970 329 13 833
970 331 35 453
970 332 46 336
970 371 37 49
971 8 5 125
971 45 26 290
971 46 13 1153
971 70 31 196
971 76 19 31
971 142 55 594
971 194 49 686
971 274 22 1369
971 276 37 286
971 298 17 1074
971 316 1 1092
971 337 46 868
971 340 53 286
971 343 10 499
972 18 46 118
972 40 16 32
972 53 41 153
972 134 14 800
972 166 7 609
972 205 31 790
972 223 19 608
972 262 25 1112
972 263 37 1488
972 279 55 972
972 310 43 1470
972 359 52 97
972 366 4 1442
973 23 17 1029
973 29 49 650
973 34 10 548
973 55 53 329
973 99 37 842
973 102 56 800
973 132 43 341
973 157 25 277
973 190 19 682
973 199 41 818
973 214 31 491
973 222 4 1250
973 270 13 16
973 375 7 590
974 7 43 893
974 26 1 536
974 28 35 799
974 56 13 1297
974 198 55 1285
974 208 28 672
974 223 7 752
974 237 46 741
974 243 11 1014
974 264 21 1412
974 272 31 700
974 311 52 104
974 330 25 722
974 336 4 904
974 359 38 1091
975 2 31 260
975 19 19 214
975 37 49 1395
975 70 25 463
975 74 13 977
975 125 59 856
975 132 1 1198
975 172 55 526
975 220 35 834
975 243 5 130
975 267 23 731
975 297 37 784
975 311 43 844
975 351 7 467
975 375 10 1408
976 24 4 368
976 95 38 867
976 116 35 325
976 123 15 1448
976 152 31 516
976 196 23 1346
976 204 19 1470
976 206 44 4
976 208 25 1451
976 259 11 985
976 262 55 169
976 286 49 516
976 298 29 1074
976 302 7 1049
976 343 40 427
977 60 47 187
977 124 50 1129
977 138 40 306
977 145 13 979
977 165 29 49
977 231 59 682
977 237 22 1257
977 278 35 224
977 284 26 64
977 287 43 449
977 318 53 151
977 329 2 1162
977 333 37 8
977 335 7 1234
977 367 55 844
978 19 19 567
978 35 40 354
978 52 34 539
978 62 11 322
978 85 37 882
978 101 17 1105
978 118 29 419
978 236 56 797
978 269 49 520
978 282 31 575
978 295 1 297
978 312 7 891
978 320 43 283
978 345 25 695
978 393 15 972
979 53 59 32
979 133 29 1210
979 166 25 1031
979 177 35 289
979 200 16 957
979 256 31 402
979 260 13 1002
979 310 49 738
979 328 4 116
979 331 41 609
979 341 52 159
979 352 44 1228
979 383 19 619
979 388 7 743
979 400 11 419
980 15 55 1372
980 24 28 388
980 42 10 1287
980 56 37 685
980 68 45 826
980 83 17 1375
980 94 13 683
980 158 49 398
980 194 31 297
980 228 52 1062
980 269 19 1288
980 271 23 478
980 296 4 374
980 336 34 112
980 342 1 1200
981 19 13 1150
981 39 23 17
981 114 47 1135
981 122 43 905
981 147 10 14
981 190 55 1395
981 210 31 390
981 240 1 28
981 263 49 1335
981 305 17 683
981 307 37 283
981 310 19 915
981 318 41 638
981 357 25 336
981 373 59 874
982 6 41 605
982 14 10 136
982 50 49 540
982 64 56 356
982 102 43 139
982 111 23 643
982 126 17 548
982 141 13 974
982 180 53 277
982 208 4 847
982 267 31 758
982 286 37 1252
982 291 28 674
982 318 25 937
982 339 34 664
983 6 41 414
983 9 55 1276
983 49 50 579
983 140 31 69
983 155 45 1442
983 220 34 481
983 221 28 1227
983 244 16 1452
983 245 11 51
983 309 13 805
983 333 22 634
983 365 37 954
983 387 7 158
983 395 5 1209
983 398 59 903
984 10 47 797
984 31 31 88
984 39 59 446
984 117 37 535
984 134 29 1186
984 162 4 383
984 173 17 1022
984 195 52 800
984 196 35 1392
984 197 19 177
984 233 11 655
984 247 57 730
984 272 13 567
984 285 7 447
984 287 23 710
985 2 55 539
985 32 13 910
985 50 39 1026
985 83 49 937
985 155 44 543
985 162 5 1430
985 207 17 715
985 217 53 419
985 276 10 894
985 279 31 1008
985 292 1 622
985 305 59 730
985 337 25 856
985 370 7 799
985 391 22 619
986 14 16 868
986 31 31 334
986 33 1 882
986 51 45 450
986 60 43 231
986 98 41 67
986 118 13 703
986 144 58 796
986 152 25 516
986 169 19 1464
986 199 29 611
986 230 37 1336
986 233 35 625
986 234 23 97
986 288 10 416
987 36 13 134
987 72 29 1481
987 78 35 225
987 93 19 180
987 145 56 1271
987 176 7 1062
987 197 43 237
987 209 4 1072
987 217 47 583
987 234 11 807
987 281 25 628
987 326 51 1115
987 345 31 1396
987 364 37 1061
987 399 40 625
988 22 31 1154
988 51 49 987
988 60 58 125
988 130 5 288
988 148 1 1431
988 156 16 374
988 171 43 674
988 179 37 1403
988 181 28 92
988 261 25 617
988 293 47 1373
988 321 7 51
988 388 19 28
989 51 31 883
989 57 53 987
989 64 1 1209
989 77 43 817
989 108 55 484
989 130 35 1184
989 136 17 599
989 168 19 311
989 180 29 1280
989 191 41 929
989 243 9 1384
989 268 49 970
989 309 7 311
989 311 22 1320
989 397 11 926
990 44 17 1297
990 106 46 1327
990 109 31 1102
990 111 53 1027
990 206 13 1059
990 231 59 1261
990 245 41 1241
990 315 7 1035
990 339 43 273
990 352 55 1154
990 357 1 322
990 374 11 1155
990 377 27 297
990 396 49 96
990 399 19 628
991 4 19 1249
991 71 1 741
991 121 25 841
991 123 37 1395
991 139 22 1493
991 189 55 252
991 220 29 83
991 226 15 611
991 234 59 1121
991 255 5 1488
991 325 10 470
991 328 49 103
991 350 31 1115
991 372 35 1393
991 385 53 179
992 2 55 799
992 10 29 649
992 26 16 1372
992 38 44 763
992 47 19 617
992 79 13 317
992 85 40 1340
992 98 53 315
992 101 1 1171
992 113 3 224
992 115 49 536
992 225 23 431
992 284 7 64
992 352 25 537
992 376 34 1227
993 11 28 771
993 17 1 1008
993 26 31 1369
993 116 13 67
993 128 8 262
993 210 53 643
993 211 5 1469
993 241 55 1215
993 281 19 1263
993 285 45 410
993 288 34 297
993 338 23 776
993 350 17 1307
993 366 25 476
993 399 49 1109
994 17 1 104
994 41 14 1276
994 53 35 728
994 93 49 277
994 105 5 497
994 163 59 387
994 191 46 230
994 214 37 197
994 231 29 894
994 264 25 812
994 269 19 539
994 270 55 1481
994 311 22 318
994 322 9 809
994 388 31 1098
995 1 47 1239
995 19 1 554
995 29 19 396
995 44 35 950
995 51 25 90
995 128 57 599
995 139 37 136
995 175 43 1066
995 196 17 88
995 302 49 1026
995 317 31 763
995 351 7 915
995 358 5 676
995 360 10 1100
995 381 41 1434
996 56 19 779
996 73 4 387
996 81 31 643
996 95 53 22
996 138 7 332
996 171 49 353
996 206 56 289
996 231 25 584
996 232 23 1259
996 233 35 431
996 240 27 155
996 249 43 1226
996 326 13 593
996 337 37 1320
997 12 25 437
997 32 13 545
997 37 19 258
997 69 59 239
997 127 43 700
997 130 11 1286
997 148 50 1451
997 155 1 838
997 157 56 779
997 182 31 29
997 349 5 674
997 362 37 642
997 392 7 526
998 37 51 165
998 40 26 1366
998 89 1 1151
998 132 55 116
998 139 59 1112
998 142 31 594
998 208 10 755
998 244 7 695
998 259 47 858
998 307 20 252
998 319 13 323
998 340 49 437
998 352 43 846
998 361 37 1270
999 3 55 352
999 9 31 1245
999 16 4 1252
999 85 1 644
999 98 17 1075
999 104 51 368
999 141 19 479
999 147 40 188
999 160 13 1094
999 186 28 887
999 327 37 541
999 339 7 1112
999 392 43 1004
1000 2 43 703
1000 64 49 896
1000 99 57 527
1000 103 55 1020
1000 109 7 203
1000 116 11 1331
1000 117 19 441
1000 208 1 847
1000 241 26 892
1000 271 53 1210
1000 324 5 1302
1000 325 13 296
1000 348 37 763
1000 359 16 97
1000 361 31 1213
Điểm tối ưu/tốt nhất tìm được: 14801
Thời gian: 902.074199 giây
Trạng thái: VALID
