Iteration,Time_Seconds,Objective_Value,W_Shift,W_Swap,W_Kick
0,0.0,11307,0.0,0.0,100.0
10,0.022040367126464844,11307,0.0,0.0,100.0
15,0.03363037109375,11307,0.0,0.0,100.0
20,0.049221038818359375,11307,0.0,0.0,100.0
30,0.0715479850769043,11307,0.0,0.0,100.0
40,0.09265971183776855,11307,0.0,0.0,100.0
46,0.10664153099060059,11307,0.0,0.0,100.0
50,0.11496758460998535,11307,0.0,0.0,100.0
58,0.13382983207702637,11307,0.0,0.0,100.0
60,0.13818788528442383,11307,0.0,0.0,100.0
70,0.15772485733032227,11307,0.0,0.0,100.0
80,0.17671704292297363,11307,0.0,0.0,100.0
90,0.19767069816589355,11307,0.0,0.0,100.0
100,0.2165546417236328,11307,0.0,0.0,100.0
110,0.23562192916870117,11307,0.0,0.0,100.0
115,0.24782299995422363,11307,0.0,0.0,100.0
120,0.2583746910095215,11307,0.0,0.0,100.0
130,0.2798924446105957,11307,0.0,0.0,100.0
136,0.29205894470214844,11307,0.0,0.0,100.0
140,0.3011953830718994,11307,0.0,0.0,100.0
147,0.31339573860168457,11307,0.0,0.0,100.0
150,0.31879591941833496,11307,0.0,0.0,100.0
160,0.336780309677124,11307,0.0,0.0,100.0
170,0.3552865982055664,11307,0.0,0.0,100.0
180,0.3756072521209717,11307,0.0,0.0,100.0
190,0.39411377906799316,11307,0.0,0.0,100.0
191,0.39653968811035156,11307,0.0,0.0,100.0
200,0.414294958114624,11307,0.0,0.0,100.0
210,0.43277621269226074,11307,0.0,0.0,100.0
216,0.4454972743988037,11307,0.0,0.0,100.0
219,0.4514753818511963,11307,0.0,0.0,100.0
220,0.4534754753112793,11307,0.0,0.0,100.0
230,0.47278714179992676,11307,0.0,0.0,100.0
240,0.4922823905944824,11307,0.0,0.0,100.0
243,0.49890637397766113,11307,0.0,0.0,100.0
250,0.513789176940918,11307,0.0,0.0,100.0
252,0.5184135437011719,11307,0.0,0.0,100.0
260,0.5350799560546875,11307,0.0,0.0,100.0
270,0.5545003414154053,11307,0.0,0.0,100.0
280,0.5753731727600098,11307,0.0,0.0,100.0
290,0.5946254730224609,11307,0.0,0.0,100.0
300,0.6130785942077637,11307,0.0,0.0,100.0
307,0.6269128322601318,11308,0.0,0.0,100.0
310,0.6335828304290771,11308,0.0,0.0,100.0
320,0.65152907371521,11308,0.0,0.0,100.0
330,0.6716358661651611,11308,0.0,0.0,100.0
340,0.6923301219940186,11308,0.0,0.0,100.0
350,0.7126953601837158,11308,0.0,0.0,100.0
360,0.7325029373168945,11308,0.0,0.0,100.0
370,0.7542643547058105,11308,0.0,0.0,100.0
379,0.7736532688140869,11308,0.0,0.0,100.0
380,0.7749497890472412,11308,0.0,0.0,100.0
390,0.7967195510864258,11308,0.0,0.0,100.0
400,0.8196232318878174,11308,0.0,0.0,100.0
410,0.8443725109100342,11308,0.0,0.0,100.0
420,0.8649964332580566,11308,0.0,0.0,100.0
430,0.8860812187194824,11308,0.0,0.0,100.0
431,0.8885576725006104,11308,0.0,0.0,100.0
440,0.9065430164337158,11308,0.0,0.0,100.0
441,0.9090869426727295,11308,0.0,0.0,100.0
443,0.9136159420013428,11308,0.0,0.0,100.0
446,0.9194848537445068,11308,0.0,0.0,100.0
449,0.9265792369842529,11308,0.0,0.0,100.0
450,0.9279799461364746,11308,0.0,0.0,100.0
460,0.9436733722686768,11308,0.0,0.0,100.0
470,0.9633069038391113,11308,0.0,0.0,100.0
480,0.9837255477905273,11308,0.0,0.0,100.0
490,1.0051372051239014,11308,0.0,0.0,100.0
497,1.0193536281585693,11308,0.0,0.0,100.0
500,1.0256857872009277,11308,0.0,0.0,100.0
510,1.0453920364379883,11308,0.0,0.0,100.0
516,1.0578210353851318,11308,0.0,0.0,100.0
520,1.0665457248687744,11308,0.0,0.0,100.0
530,1.0902705192565918,11308,0.0,0.0,100.0
540,1.1120879650115967,11308,0.0,0.0,100.0
550,1.133026361465454,11308,0.0,0.0,100.0
560,1.1542901992797852,11308,0.0,0.0,100.0
570,1.175828218460083,11308,0.0,0.0,100.0
580,1.1942219734191895,11308,0.0,0.0,100.0
590,1.2166359424591064,11308,0.0,0.0,100.0
600,1.2366256713867188,11308,0.0,0.0,100.0
610,1.258286476135254,11308,0.0,0.0,100.0
620,1.2798843383789062,11308,0.0,0.0,100.0
630,1.3003919124603271,11308,0.0,0.0,100.0
640,1.3204221725463867,11308,0.0,0.0,100.0
641,1.3228678703308105,11308,0.0,0.0,100.0
645,1.33204984664917,11308,0.0,0.0,100.0
648,1.3380112648010254,11308,0.0,0.0,100.0
650,1.342097520828247,11308,0.0,0.0,100.0
653,1.347914218902588,11308,0.0,0.0,100.0
655,1.3522987365722656,11308,0.0,0.0,100.0
660,1.361947774887085,11308,0.0,0.0,100.0
664,1.369774580001831,11308,0.0,0.0,100.0
670,1.3816654682159424,11308,0.0,0.0,100.0
680,1.4009578227996826,11308,0.0,0.0,100.0
690,1.42002534866333,11308,0.0,0.0,100.0
700,1.4409816265106201,11308,0.0,0.0,100.0
705,1.4517512321472168,11308,0.0,0.0,100.0
707,1.456294059753418,11308,0.0,0.0,100.0
710,1.4626727104187012,11308,0.0,0.0,100.0
720,1.483041524887085,11308,0.0,0.0,100.0
730,1.5035631656646729,11308,0.0,0.0,100.0
740,1.5223419666290283,11308,0.0,0.0,100.0
749,1.539172887802124,11308,0.0,0.0,100.0
750,1.5411450862884521,11308,0.0,0.0,100.0
760,1.562058925628662,11308,0.0,0.0,100.0
770,1.5843501091003418,11308,0.0,0.0,100.0
771,1.5874123573303223,11308,0.0,0.0,100.0
780,1.60640549659729,11308,0.0,0.0,100.0
790,1.6257600784301758,11308,0.0,0.0,100.0
800,1.6483886241912842,11308,0.0,0.0,100.0
809,1.6663260459899902,11308,0.0,0.0,100.0
810,1.6676647663116455,11308,0.0,0.0,100.0
820,1.6865487098693848,11308,0.0,0.0,100.0
830,1.7076199054718018,11308,0.0,0.0,100.0
835,1.7179937362670898,11308,0.0,0.0,100.0
840,1.7289690971374512,11308,0.0,0.0,100.0
848,1.7448639869689941,11308,0.0,0.0,100.0
850,1.748286247253418,11308,0.0,0.0,100.0
860,1.7671318054199219,11308,0.0,0.0,100.0
870,1.7869086265563965,11308,0.0,0.0,100.0
871,1.7894761562347412,11308,0.0,0.0,100.0
880,1.8099114894866943,11308,0.0,0.0,100.0
890,1.8274290561676025,11308,0.0,0.0,100.0
900,1.846851110458374,11308,0.0,0.0,100.0
902,1.8512589931488037,11308,0.0,0.0,100.0
910,1.8662385940551758,11308,0.0,0.0,100.0
913,1.8730335235595703,11308,0.0,0.0,100.0
920,1.8860971927642822,11308,0.0,0.0,100.0
927,1.9002385139465332,11308,0.0,0.0,100.0
930,1.9060966968536377,11308,0.0,0.0,100.0
940,1.924858808517456,11308,0.0,0.0,100.0
950,1.9449641704559326,11308,0.0,0.0,100.0
960,1.9646375179290771,11308,0.0,0.0,100.0
970,1.9854209423065186,11308,0.0,0.0,100.0
980,2.0053672790527344,11308,0.0,0.0,100.0
989,2.0253565311431885,11308,0.0,0.0,100.0
990,2.0276105403900146,11308,0.0,0.0,100.0
1000,2.0483598709106445,11308,0.0,0.0,100.0
1008,2.0649850368499756,11308,0.0,0.0,100.0
1010,2.0685226917266846,11308,0.0,0.0,100.0
1020,2.0919878482818604,11308,0.0,0.0,100.0
1030,2.1116251945495605,11308,0.0,0.0,100.0
1040,2.1320314407348633,11308,0.0,0.0,100.0
1050,2.1512045860290527,11308,0.0,0.0,100.0
1060,2.1698319911956787,11308,0.0,0.0,100.0
1070,2.1874871253967285,11308,0.0,0.0,100.0
1071,2.1900837421417236,11308,0.0,0.0,100.0
1080,2.208085060119629,11308,0.0,0.0,100.0
1090,2.2272465229034424,11308,0.0,0.0,100.0
1100,2.247612953186035,11308,0.0,0.0,100.0
1110,2.270313024520874,11308,0.0,0.0,100.0
1120,2.293858051300049,11308,0.0,0.0,100.0
1130,2.3134071826934814,11308,0.0,0.0,100.0
1140,2.3330235481262207,11308,0.0,0.0,100.0
1150,2.3551111221313477,11308,0.0,0.0,100.0
1160,2.376528739929199,11308,0.0,0.0,100.0
1170,2.397789239883423,11308,0.0,0.0,100.0
1173,2.404207944869995,11308,0.0,0.0,100.0
1180,2.417990207672119,11308,0.0,0.0,100.0
1189,2.437246322631836,11308,0.0,0.0,100.0
1190,2.438602924346924,11308,0.0,0.0,100.0
1200,2.459545135498047,11308,0.0,0.0,100.0
1208,2.4753501415252686,11308,0.0,0.0,100.0
1210,2.4800612926483154,11308,0.0,0.0,100.0
1220,2.4983160495758057,11308,0.0,0.0,100.0
1230,2.5211660861968994,11308,0.0,0.0,100.0
1234,2.5302982330322266,11308,0.0,0.0,100.0
1236,2.534193515777588,11308,0.0,0.0,100.0
1239,2.541057825088501,11308,0.0,0.0,100.0
1240,2.5431253910064697,11308,0.0,0.0,100.0
1250,2.563324451446533,11308,0.0,0.0,100.0
1260,2.5843281745910645,11308,0.0,0.0,100.0
1270,2.603519916534424,11308,0.0,0.0,100.0
1280,2.6213300228118896,11308,0.0,0.0,100.0
1290,2.6435728073120117,11308,0.0,0.0,100.0
1296,2.654630422592163,11308,0.0,0.0,100.0
1300,2.663396120071411,11308,0.0,0.0,100.0
1310,2.6828248500823975,11308,0.0,0.0,100.0
1320,2.702260971069336,11308,0.0,0.0,100.0
1330,2.7221930027008057,11308,0.0,0.0,100.0
1340,2.7424240112304688,11308,0.0,0.0,100.0
1350,2.767125129699707,11308,0.0,0.0,100.0
1360,2.788029909133911,11308,0.0,0.0,100.0
1370,2.8073689937591553,11308,0.0,0.0,100.0
1375,2.8184545040130615,11308,0.0,0.0,100.0
1380,2.827650308609009,11308,0.0,0.0,100.0
1382,2.8316092491149902,11308,0.0,0.0,100.0
1390,2.847263813018799,11308,0.0,0.0,100.0
1399,2.8647453784942627,11308,0.0,0.0,100.0
1400,2.8667914867401123,11308,0.0,0.0,100.0
1406,2.879070281982422,11308,0.0,0.0,100.0
1410,2.888157844543457,11308,0.0,0.0,100.0
1413,2.8950767517089844,11308,0.0,0.0,100.0
1420,2.9109745025634766,11308,0.0,0.0,100.0
1430,2.9324533939361572,11308,0.0,0.0,100.0
1440,2.9519948959350586,11308,0.0,0.0,100.0
1450,2.971630573272705,11308,0.0,0.0,100.0
1452,2.9781293869018555,11308,0.0,0.0,100.0
1460,2.999605417251587,11308,0.0,0.0,100.0
1470,3.02646541595459,11308,0.0,0.0,100.0
1480,3.0524110794067383,11308,0.0,0.0,100.0
1490,3.0770626068115234,11308,0.0,0.0,100.0
1500,3.097104072570801,11308,0.0,0.0,100.0
1510,3.114943027496338,11308,0.0,0.0,100.0
1520,3.1338207721710205,11308,0.0,0.0,100.0
1530,3.1537649631500244,11308,0.0,0.0,100.0
1540,3.172255039215088,11308,0.0,0.0,100.0
1550,3.1896519660949707,11308,0.0,0.0,100.0
1560,3.209839344024658,11308,0.0,0.0,100.0
1570,3.228184461593628,11308,0.0,0.0,100.0
1580,3.2493178844451904,11308,0.0,0.0,100.0
1590,3.267810583114624,11308,0.0,0.0,100.0
1593,3.274503469467163,11308,0.0,0.0,100.0
1600,3.2887866497039795,11308,0.0,0.0,100.0
1608,3.3046159744262695,11308,0.0,0.0,100.0
1610,3.3087034225463867,11308,0.0,0.0,100.0
1614,3.31756329536438,11308,0.0,0.0,100.0
1620,3.3288683891296387,11308,0.0,0.0,100.0
1630,3.348881483078003,11308,0.0,0.0,100.0
1640,3.3675007820129395,11308,0.0,0.0,100.0
1642,3.3712639808654785,11308,0.0,0.0,100.0
1650,3.386497974395752,11308,0.0,0.0,100.0
1660,3.405259370803833,11308,0.0,0.0,100.0
1670,3.422238349914551,11308,0.0,0.0,100.0
1680,3.4411473274230957,11308,0.0,0.0,100.0
1690,3.4591894149780273,11308,0.0,0.0,100.0
1700,3.477679491043091,11308,0.0,0.0,100.0
1710,3.4994077682495117,11308,0.0,0.0,100.0
1720,3.519101619720459,11308,0.0,0.0,100.0
1730,3.5383036136627197,11308,0.0,0.0,100.0
1740,3.555938959121704,11308,0.0,0.0,100.0
1750,3.576955795288086,11308,0.0,0.0,100.0
1760,3.5983755588531494,11308,0.0,0.0,100.0
1770,3.618368148803711,11308,0.0,0.0,100.0
1780,3.63755464553833,11308,0.0,0.0,100.0
1790,3.6572751998901367,11308,0.0,0.0,100.0
1796,3.6707630157470703,11308,0.0,0.0,100.0
1800,3.679478645324707,11308,0.0,0.0,100.0
1804,3.6879794597625732,11308,0.0,0.0,100.0
1805,3.690488576889038,11308,0.0,0.0,100.0
1806,3.693234920501709,11308,0.0,0.0,100.0
1810,3.702908992767334,11308,0.0,0.0,100.0
1820,3.724813222885132,11308,0.0,0.0,100.0
1830,3.7461562156677246,11308,0.0,0.0,100.0
1832,3.750302791595459,11308,0.0,0.0,100.0
1840,3.766312837600708,11308,0.0,0.0,100.0
1850,3.78794527053833,11308,0.0,0.0,100.0
1860,3.808401346206665,11308,0.0,0.0,100.0
1870,3.8300185203552246,11308,0.0,0.0,100.0
1880,3.852442979812622,11308,0.0,0.0,100.0
1890,3.8717057704925537,11308,0.0,0.0,100.0
1900,3.8951985836029053,11308,0.0,0.0,100.0
1910,3.916768789291382,11308,0.0,0.0,100.0
1920,3.9386885166168213,11308,0.0,0.0,100.0
1930,3.95932674407959,11308,0.0,0.0,100.0
1940,3.9787752628326416,11308,0.0,0.0,100.0
1950,4.000052452087402,11308,0.0,0.0,100.0
1960,4.01718282699585,11308,0.0,0.0,100.0
1970,4.034525156021118,11308,0.0,0.0,100.0
1980,4.056393623352051,11308,0.0,0.0,100.0
1990,4.074941635131836,11308,0.0,0.0,100.0
2000,4.094674348831177,11308,0.0,0.0,100.0
2010,4.116091728210449,11308,0.0,0.0,100.0
2020,4.136492967605591,11308,0.0,0.0,100.0
2030,4.156744956970215,11308,0.0,0.0,100.0
2040,4.175382375717163,11308,0.0,0.0,100.0
2050,4.199629306793213,11308,0.0,0.0,100.0
2060,4.221530437469482,11308,0.0,0.0,100.0
2070,4.2431724071502686,11308,0.0,0.0,100.0
2075,4.257514476776123,11308,0.0,0.0,100.0
2080,4.273085832595825,11308,0.0,0.0,100.0
2090,4.295627593994141,11308,0.0,0.0,100.0
2100,4.317612171173096,11308,0.0,0.0,100.0
2110,4.337698221206665,11308,0.0,0.0,100.0
2118,4.353451728820801,11308,0.0,0.0,100.0
2120,4.357058525085449,11308,0.0,0.0,100.0
2130,4.378231048583984,11308,0.0,0.0,100.0
2140,4.397521018981934,11308,0.0,0.0,100.0
2143,4.40449857711792,11308,0.0,0.0,100.0
2150,4.419832706451416,11308,0.0,0.0,100.0
2160,4.440133571624756,11308,0.0,0.0,100.0
2166,4.452505826950073,11308,0.0,0.0,100.0
2170,4.459486246109009,11308,0.0,0.0,100.0
2180,4.4771409034729,11308,0.0,0.0,100.0
2183,4.4828925132751465,11308,0.0,0.0,100.0
2190,4.497315406799316,11308,0.0,0.0,100.0
2200,4.517413139343262,11308,0.0,0.0,100.0
2210,4.53659725189209,11308,0.0,0.0,100.0
2220,4.556413650512695,11308,0.0,0.0,100.0
2230,4.577903509140015,11308,0.0,0.0,100.0
2240,4.5991785526275635,11308,0.0,0.0,100.0
2242,4.604477882385254,11308,0.0,0.0,100.0
2250,4.624602556228638,11308,0.0,0.0,100.0
2260,4.6469666957855225,11308,0.0,0.0,100.0
2270,4.669381380081177,11308,0.0,0.0,100.0
2280,4.692499399185181,11308,0.0,0.0,100.0
2290,4.71139931678772,11308,0.0,0.0,100.0
2300,4.731344699859619,11308,0.0,0.0,100.0
2310,4.752259254455566,11308,0.0,0.0,100.0
2320,4.77230978012085,11308,0.0,0.0,100.0
2330,4.792699575424194,11308,0.0,0.0,100.0
2331,4.7952728271484375,11309,0.0,0.0,100.0
2340,4.816264629364014,11309,0.0,0.0,100.0
2350,4.841688394546509,11309,0.0,0.0,100.0
2360,4.864682674407959,11309,0.0,0.0,100.0
2370,4.885082006454468,11309,0.0,0.0,100.0
2380,4.906359910964966,11309,0.0,0.0,100.0
2390,4.927044153213501,11309,0.0,0.0,100.0
2400,4.946369647979736,11309,0.0,0.0,100.0
2410,4.9675610065460205,11309,0.0,0.0,100.0
2420,4.987143278121948,11309,0.0,0.0,100.0
2430,5.006911993026733,11309,0.0,0.0,100.0
2440,5.027667999267578,11309,0.0,0.0,100.0
2450,5.047383785247803,11309,0.0,0.0,100.0
2460,5.067422151565552,11309,0.0,0.0,100.0
2470,5.086914777755737,11309,0.0,0.0,100.0
2480,5.108591079711914,11309,0.0,0.0,100.0
2490,5.1281116008758545,11309,0.0,0.0,100.0
2500,5.149525880813599,11309,0.0,0.0,100.0
2510,5.168133497238159,11309,0.0,0.0,100.0
2520,5.18640923500061,11309,0.0,0.0,100.0
2530,5.206464052200317,11309,0.0,0.0,100.0
2540,5.22597074508667,11309,0.0,0.0,100.0
2550,5.246800422668457,11309,0.0,0.0,100.0
2560,5.271231174468994,11309,0.0,0.0,100.0
2570,5.29192852973938,11309,0.0,0.0,100.0
2580,5.312669515609741,11309,0.0,0.0,100.0
2590,5.33723258972168,11309,0.0,0.0,100.0
2591,5.340042352676392,11310,0.0,0.0,100.0
2600,5.360621690750122,11310,0.0,0.0,100.0
2610,5.382591009140015,11310,0.0,0.0,100.0
2620,5.401944875717163,11310,0.0,0.0,100.0
2621,5.404689073562622,11310,0.0,0.0,100.0
2624,5.411505937576294,11310,0.0,0.0,100.0
2630,5.422043800354004,11310,0.0,0.0,100.0
2640,5.441983938217163,11310,0.0,0.0,100.0
2641,5.444503307342529,11310,0.0,0.0,100.0
2650,5.4621357917785645,11310,0.0,0.0,100.0
2660,5.481503009796143,11310,0.0,0.0,100.0
2670,5.500164031982422,11310,0.0,0.0,100.0
2680,5.5199034214019775,11310,0.0,0.0,100.0
2690,5.539257526397705,11310,0.0,0.0,100.0
2700,5.55954909324646,11310,0.0,0.0,100.0
2710,5.580303907394409,11310,0.0,0.0,100.0
2720,5.600886583328247,11310,0.0,0.0,100.0
2730,5.624814033508301,11310,0.0,0.0,100.0
2740,5.6463305950164795,11310,0.0,0.0,100.0
2743,5.65358567237854,11311,0.0,0.0,100.0
2750,5.668013334274292,11311,0.0,0.0,100.0
2760,5.6875855922698975,11311,0.0,0.0,100.0
2770,5.707676410675049,11311,0.0,0.0,100.0
2772,5.712156295776367,11311,0.0,0.0,100.0
2780,5.727689266204834,11311,0.0,0.0,100.0
2782,5.732334613800049,11312,0.0,0.0,100.0
2790,5.748029947280884,11312,0.0,0.0,100.0
2800,5.7670018672943115,11312,0.0,0.0,100.0
2810,5.789583206176758,11312,0.0,0.0,100.0
2820,5.812433481216431,11312,0.0,0.0,100.0
2830,5.832876205444336,11312,0.0,0.0,100.0
2839,5.8535284996032715,11312,0.0,0.0,100.0
2840,5.85569429397583,11312,0.0,0.0,100.0
2850,5.878498077392578,11312,0.0,0.0,100.0
2860,5.900397539138794,11312,0.0,0.0,100.0
2870,5.919344902038574,11312,0.0,0.0,100.0
2880,5.940129041671753,11312,0.0,0.0,100.0
2890,5.96216082572937,11312,0.0,0.0,100.0
2900,5.980674505233765,11312,0.0,0.0,100.0
2910,5.999497890472412,11312,0.0,0.0,100.0
2920,6.022513389587402,11312,0.0,0.0,100.0
2930,6.04321813583374,11312,0.0,0.0,100.0
2940,6.066409111022949,11312,0.0,0.0,100.0
2950,6.0859105587005615,11312,0.0,0.0,100.0
2960,6.108844995498657,11312,0.0,0.0,100.0
2970,6.130547046661377,11312,0.0,0.0,100.0
2976,6.144852638244629,11312,0.0,0.0,100.0
2980,6.152097940444946,11312,0.0,0.0,100.0
2990,6.171120882034302,11312,0.0,0.0,100.0
3000,6.192021369934082,11312,0.0,0.0,100.0
3010,6.21279764175415,11312,0.0,0.0,100.0
3020,6.23115611076355,11312,0.0,0.0,100.0
3030,6.2513587474823,11312,0.0,0.0,100.0
3040,6.271148681640625,11312,0.0,0.0,100.0
3050,6.288321495056152,11312,0.0,0.0,100.0
3060,6.309950828552246,11312,0.0,0.0,100.0
3070,6.334087133407593,11312,0.0,0.0,100.0
3080,6.353792428970337,11312,0.0,0.0,100.0
3090,6.3744423389434814,11312,0.0,0.0,100.0
3100,6.393923759460449,11312,0.0,0.0,100.0
3110,6.414583444595337,11312,0.0,0.0,100.0
3118,6.431864976882935,11312,0.0,0.0,100.0
3120,6.436161518096924,11312,0.0,0.0,100.0
3121,6.438682794570923,11312,0.0,0.0,100.0
3126,6.448795318603516,11312,0.0,0.0,100.0
3130,6.456317901611328,11312,0.0,0.0,100.0
3140,6.47627592086792,11312,0.0,0.0,100.0
3150,6.495993375778198,11312,0.0,0.0,100.0
3160,6.516520738601685,11312,0.0,0.0,100.0
3170,6.538501024246216,11312,0.0,0.0,100.0
3176,6.553206920623779,11312,0.0,0.0,100.0
3180,6.561429500579834,11312,0.0,0.0,100.0
3188,6.58124303817749,11312,0.0,0.0,100.0
3190,6.585594177246094,11312,0.0,0.0,100.0
3192,6.590825080871582,11312,0.0,0.0,100.0
3200,6.609819412231445,11312,0.0,0.0,100.0
3210,6.632293701171875,11312,0.0,0.0,100.0
3220,6.655262231826782,11312,0.0,0.0,100.0
3230,6.681405305862427,11312,0.0,0.0,100.0
3240,6.701904773712158,11312,0.0,0.0,100.0
3250,6.726384401321411,11312,0.0,0.0,100.0
3260,6.7490880489349365,11312,0.0,0.0,100.0
3270,6.7706825733184814,11312,0.0,0.0,100.0
3272,6.775925874710083,11312,0.0,0.0,100.0
3280,6.793007135391235,11312,0.0,0.0,100.0
3287,6.805379867553711,11312,0.0,0.0,100.0
3290,6.811258792877197,11312,0.0,0.0,100.0
3300,6.835041284561157,11312,0.0,0.0,100.0
3310,6.855271816253662,11312,0.0,0.0,100.0
3320,6.875725984573364,11312,0.0,0.0,100.0
3330,6.896347761154175,11312,0.0,0.0,100.0
3340,6.9178550243377686,11312,0.0,0.0,100.0
3350,6.938624143600464,11312,0.0,0.0,100.0
3360,6.960005521774292,11312,0.0,0.0,100.0
3370,6.980926275253296,11312,0.0,0.0,100.0
3380,6.9989097118377686,11312,0.0,0.0,100.0
3387,7.012057542800903,11312,0.0,0.0,100.0
3390,7.0174784660339355,11312,0.0,0.0,100.0
3400,7.038514614105225,11312,0.0,0.0,100.0
3410,7.0587732791900635,11312,0.0,0.0,100.0
3420,7.0782692432403564,11312,0.0,0.0,100.0
3430,7.098089694976807,11312,0.0,0.0,100.0
3440,7.119852542877197,11312,0.0,0.0,100.0
3450,7.13942813873291,11312,0.0,0.0,100.0
3453,7.145999431610107,11312,0.0,0.0,100.0
3460,7.159636974334717,11312,0.0,0.0,100.0
3470,7.180393934249878,11312,0.0,0.0,100.0
3475,7.190950155258179,11313,0.0,0.0,100.0
3480,7.201995849609375,11313,0.0,0.0,100.0
3490,7.222222089767456,11313,0.0,0.0,100.0
3500,7.2428436279296875,11313,0.0,0.0,100.0
3510,7.262829780578613,11313,0.0,0.0,100.0
3518,7.2785491943359375,11313,0.0,0.0,100.0
3520,7.2821128368377686,11313,0.0,0.0,100.0
3530,7.302624702453613,11313,0.0,0.0,100.0
3540,7.323487043380737,11313,0.0,0.0,100.0
3550,7.3479180335998535,11313,0.0,0.0,100.0
3560,7.367692232131958,11313,0.0,0.0,100.0
3570,7.391057252883911,11313,0.0,0.0,100.0
3580,7.411849737167358,11313,0.0,0.0,100.0
3586,7.4259443283081055,11314,0.0,0.0,100.0
3590,7.434555530548096,11314,0.0,0.0,100.0
3600,7.4555747509002686,11314,0.0,0.0,100.0
3607,7.4701151847839355,11314,0.0,0.0,100.0
3610,7.476001024246216,11314,0.0,0.0,100.0
3620,7.496649503707886,11314,0.0,0.0,100.0
3630,7.5171284675598145,11314,0.0,0.0,100.0
3640,7.535649538040161,11314,0.0,0.0,100.0
3650,7.557348966598511,11314,0.0,0.0,100.0
3660,7.5797882080078125,11314,0.0,0.0,100.0
3670,7.599451303482056,11314,0.0,0.0,100.0
3680,7.6207661628723145,11314,0.0,0.0,100.0
3690,7.642333984375,11314,0.0,0.0,100.0
3700,7.662308931350708,11314,0.0,0.0,100.0
3710,7.683244705200195,11314,0.0,0.0,100.0
3720,7.704554557800293,11314,0.0,0.0,100.0
3730,7.725645065307617,11314,0.0,0.0,100.0
3740,7.74621057510376,11314,0.0,0.0,100.0
3744,7.754634141921997,11314,0.0,0.0,100.0
3750,7.765604257583618,11314,0.0,0.0,100.0
3756,7.778124809265137,11314,0.0,0.0,100.0
3760,7.786453723907471,11314,0.0,0.0,100.0
3770,7.810240983963013,11314,0.0,0.0,100.0
3780,7.832534074783325,11314,0.0,0.0,100.0
3790,7.853964567184448,11314,0.0,0.0,100.0
3800,7.87576699256897,11314,0.0,0.0,100.0
3810,7.898299217224121,11314,0.0,0.0,100.0
3820,7.919085741043091,11314,0.0,0.0,100.0
3830,7.940557241439819,11314,0.0,0.0,100.0
3838,7.958272695541382,11315,0.0,0.0,100.0
3840,7.961817741394043,11315,0.0,0.0,100.0
3850,7.981132745742798,11315,0.0,0.0,100.0
3853,7.9879302978515625,11315,0.0,0.0,100.0
3860,8.002077579498291,11315,0.0,0.0,100.0
3864,8.01076602935791,11315,0.0,0.0,100.0
3865,8.013400316238403,11315,0.0,0.0,100.0
3870,8.023404836654663,11315,0.0,0.0,100.0
3880,8.043895959854126,11315,0.0,0.0,100.0
3890,8.0652916431427,11315,0.0,0.0,100.0
3900,8.085962533950806,11315,0.0,0.0,100.0
3907,8.099130868911743,11315,0.0,0.0,100.0
3910,8.10526442527771,11315,0.0,0.0,100.0
3920,8.124861717224121,11315,0.0,0.0,100.0
3930,8.142688751220703,11315,0.0,0.0,100.0
3933,8.149441242218018,11315,0.0,0.0,100.0
3940,8.162069320678711,11315,0.0,0.0,100.0
3950,8.180848360061646,11315,0.0,0.0,100.0
3960,8.202311754226685,11315,0.0,0.0,100.0
3970,8.223332405090332,11315,0.0,0.0,100.0
3980,8.242958068847656,11315,0.0,0.0,100.0
3990,8.263895511627197,11315,0.0,0.0,100.0
4000,8.28423285484314,11315,0.0,0.0,100.0
4010,8.305696487426758,11315,0.0,0.0,100.0
4020,8.324596166610718,11315,0.0,0.0,100.0
4028,8.342666864395142,11315,0.0,0.0,100.0
4030,8.347014904022217,11315,0.0,0.0,100.0
4040,8.367077589035034,11315,0.0,0.0,100.0
4050,8.386879205703735,11315,0.0,0.0,100.0
4060,8.407652139663696,11315,0.0,0.0,100.0
4070,8.428129434585571,11315,0.0,0.0,100.0
4080,8.446089267730713,11315,0.0,0.0,100.0
4090,8.464334726333618,11315,0.0,0.0,100.0
4100,8.485079288482666,11315,0.0,0.0,100.0
4110,8.5056471824646,11315,0.0,0.0,100.0
4120,8.527445793151855,11315,0.0,0.0,100.0
4130,8.548814058303833,11315,0.0,0.0,100.0
4140,8.570083379745483,11315,0.0,0.0,100.0
4150,8.590869188308716,11315,0.0,0.0,100.0
4160,8.611403942108154,11315,0.0,0.0,100.0
4170,8.634715795516968,11315,0.0,0.0,100.0
4180,8.658182621002197,11315,0.0,0.0,100.0
4190,8.68204951286316,11315,0.0,0.0,100.0
4200,8.722707748413086,11316,0.0,0.0,100.0
4210,8.765462398529053,11316,0.0,0.0,100.0
4220,8.799817323684692,11316,0.0,0.0,100.0
4230,8.845344305038452,11316,0.0,0.0,100.0
4240,8.88603162765503,11316,0.0,0.0,100.0
4250,8.917712926864624,11316,0.0,0.0,100.0
4260,8.942478656768799,11316,0.0,0.0,100.0
4270,8.970681190490723,11316,0.0,0.0,100.0
4280,8.998866081237793,11316,0.0,0.0,100.0
4290,9.024087190628052,11316,0.0,0.0,100.0
4300,9.049789667129517,11316,0.0,0.0,100.0
4310,9.072581052780151,11316,0.0,0.0,100.0
4320,9.095659971237183,11316,0.0,0.0,100.0
4330,9.120078802108765,11316,0.0,0.0,100.0
4338,9.138056755065918,11316,0.0,0.0,100.0
4340,9.14164400100708,11316,0.0,0.0,100.0
4350,9.164580345153809,11316,0.0,0.0,100.0
4360,9.185487270355225,11316,0.0,0.0,100.0
4370,9.204636812210083,11316,0.0,0.0,100.0
4380,9.22597336769104,11316,0.0,0.0,100.0
4382,9.230711936950684,11316,0.0,0.0,100.0
4390,9.24712872505188,11316,0.0,0.0,100.0
4400,9.265610456466675,11316,0.0,0.0,100.0
4410,9.287272930145264,11316,0.0,0.0,100.0
4420,9.30508303642273,11316,0.0,0.0,100.0
4430,9.32755160331726,11316,0.0,0.0,100.0
4440,9.353234767913818,11316,0.0,0.0,100.0
4450,9.3721342086792,11316,0.0,0.0,100.0
4460,9.389975547790527,11316,0.0,0.0,100.0
4463,9.396924495697021,11316,0.0,0.0,100.0
4470,9.412205934524536,11316,0.0,0.0,100.0
4480,9.4307119846344,11316,0.0,0.0,100.0
4490,9.451441287994385,11316,0.0,0.0,100.0
4500,9.471124649047852,11316,0.0,0.0,100.0
4510,9.49238395690918,11316,0.0,0.0,100.0
4520,9.514615058898926,11316,0.0,0.0,100.0
4530,9.534170866012573,11316,0.0,0.0,100.0
4540,9.554454326629639,11316,0.0,0.0,100.0
4541,9.556983947753906,11316,0.0,0.0,100.0
4550,9.57586669921875,11316,0.0,0.0,100.0
4560,9.596240520477295,11316,0.0,0.0,100.0
4570,9.618218660354614,11316,0.0,0.0,100.0
4580,9.639131784439087,11316,0.0,0.0,100.0
4584,9.648072719573975,11316,0.0,0.0,100.0
4590,9.660886287689209,11316,0.0,0.0,100.0
4600,9.680618047714233,11316,0.0,0.0,100.0
4610,9.701492547988892,11316,0.0,0.0,100.0
4620,9.72327184677124,11316,0.0,0.0,100.0
4623,9.72943639755249,11317,0.0,0.0,100.0
4630,9.74146294593811,11317,0.0,0.0,100.0
4631,9.744070291519165,11317,0.0,0.0,100.0
4640,9.763147830963135,11317,0.0,0.0,100.0
4644,9.771214008331299,11317,0.0,0.0,100.0
4650,9.785562992095947,11317,0.0,0.0,100.0
4651,9.788166046142578,11317,0.0,0.0,100.0
4660,9.80838942527771,11317,0.0,0.0,100.0
4670,9.830690383911133,11317,0.0,0.0,100.0
4680,9.85215449333191,11317,0.0,0.0,100.0
4689,9.87185788154602,11317,0.0,0.0,100.0
4690,9.873205661773682,11317,0.0,0.0,100.0
4700,9.893224477767944,11317,0.0,0.0,100.0
4710,9.913212299346924,11317,0.0,0.0,100.0
4720,9.933552026748657,11317,0.0,0.0,100.0
4730,9.953803777694702,11317,0.0,0.0,100.0
4737,9.972788333892822,11317,0.0,0.0,100.0
4740,9.979326009750366,11317,0.0,0.0,100.0
4750,9.998422861099243,11317,0.0,0.0,100.0
4760,10.02116322517395,11317,0.0,0.0,100.0
4770,10.04122519493103,11317,0.0,0.0,100.0
4780,10.067463636398315,11317,0.0,0.0,100.0
4790,10.088038206100464,11317,0.0,0.0,100.0
4800,10.108129739761353,11317,0.0,0.0,100.0
4810,10.14225149154663,11317,0.0,0.0,100.0
4820,10.1638822555542,11317,0.0,0.0,100.0
4830,10.188592910766602,11317,0.0,0.0,100.0
4840,10.21758222579956,11317,0.0,0.0,100.0
4850,10.23664665222168,11317,0.0,0.0,100.0
4860,10.256679058074951,11317,0.0,0.0,100.0
4870,10.276142835617065,11317,0.0,0.0,100.0
4876,10.288962841033936,11317,0.0,0.0,100.0
4880,10.307146549224854,11317,0.0,0.0,100.0
4890,10.340579986572266,11317,0.0,0.0,100.0
4900,10.370705604553223,11317,0.0,0.0,100.0
4910,10.395310878753662,11317,0.0,0.0,100.0
4920,10.42146611213684,11317,0.0,0.0,100.0
4930,10.444908857345581,11317,0.0,0.0,100.0
4940,10.465826749801636,11317,0.0,0.0,100.0
4941,10.46842098236084,11318,0.0,0.0,100.0
4950,10.486375570297241,11318,0.0,0.0,100.0
4960,10.50586485862732,11318,0.0,0.0,100.0
4970,10.52590036392212,11318,0.0,0.0,100.0
4971,10.52834439277649,11318,0.0,0.0,100.0
4980,10.546565532684326,11318,0.0,0.0,100.0
4990,10.565837860107422,11318,0.0,0.0,100.0
5000,10.58674669265747,11318,0.0,0.0,100.0
5010,10.607370615005493,11318,0.0,0.0,100.0
5020,10.627284526824951,11318,0.0,0.0,100.0
5030,10.647274494171143,11318,0.0,0.0,100.0
5040,10.672950267791748,11318,0.0,0.0,100.0
5050,10.693882942199707,11318,0.0,0.0,100.0
5053,10.700305223464966,11318,0.0,0.0,100.0
5060,10.716382503509521,11318,0.0,0.0,100.0
5070,10.738625288009644,11318,0.0,0.0,100.0
5080,10.761895179748535,11318,0.0,0.0,100.0
5090,10.789523124694824,11318,0.0,0.0,100.0
5100,10.811793327331543,11318,0.0,0.0,100.0
5110,10.839449882507324,11318,0.0,0.0,100.0
5113,10.847239971160889,11318,0.0,0.0,100.0
5116,10.859234809875488,11318,0.0,0.0,100.0
5118,10.86404538154602,11318,0.0,0.0,100.0
5120,10.87082815170288,11318,0.0,0.0,100.0
5130,10.889721393585205,11318,0.0,0.0,100.0
5140,10.910232543945312,11318,0.0,0.0,100.0
5150,10.936084508895874,11318,0.0,0.0,100.0
5160,10.957639932632446,11318,0.0,0.0,100.0
5170,10.978586435317993,11318,0.0,0.0,100.0
5180,10.998610496520996,11318,0.0,0.0,100.0
5190,11.024459838867188,11318,0.0,0.0,100.0
5200,11.05060625076294,11318,0.0,0.0,100.0
5210,11.073397874832153,11318,0.0,0.0,100.0
5220,11.097285270690918,11318,0.0,0.0,100.0
5230,11.119290828704834,11318,0.0,0.0,100.0
5240,11.141856670379639,11318,0.0,0.0,100.0
5250,11.165420532226562,11318,0.0,0.0,100.0
5260,11.18469762802124,11318,0.0,0.0,100.0
5270,11.205419778823853,11318,0.0,0.0,100.0
5280,11.227918863296509,11318,0.0,0.0,100.0
5290,11.247712135314941,11318,0.0,0.0,100.0
5300,11.269209146499634,11318,0.0,0.0,100.0
5310,11.291134357452393,11318,0.0,0.0,100.0
5320,11.315470218658447,11318,0.0,0.0,100.0
5330,11.336792469024658,11318,0.0,0.0,100.0
5340,11.358582973480225,11318,0.0,0.0,100.0
5350,11.380943298339844,11318,0.0,0.0,100.0
5360,11.401116371154785,11318,0.0,0.0,100.0
5370,11.4241464138031,11318,0.0,0.0,100.0
5380,11.446118831634521,11318,0.0,0.0,100.0
5390,11.467214584350586,11318,0.0,0.0,100.0
5400,11.488135814666748,11318,0.0,0.0,100.0
5410,11.510263204574585,11318,0.0,0.0,100.0
5420,11.53370475769043,11318,0.0,0.0,100.0
5430,11.555795907974243,11318,0.0,0.0,100.0
5440,11.575814962387085,11318,0.0,0.0,100.0
5450,11.596491813659668,11318,0.0,0.0,100.0
5460,11.616583347320557,11318,0.0,0.0,100.0
5470,11.64042854309082,11318,0.0,0.0,100.0
5480,11.658951044082642,11318,0.0,0.0,100.0
5490,11.677793025970459,11318,0.0,0.0,100.0
5500,11.697998285293579,11318,0.0,0.0,100.0
5510,11.718653440475464,11318,0.0,0.0,100.0
5520,11.743211269378662,11318,0.0,0.0,100.0
5529,11.765496730804443,11318,0.0,0.0,100.0
5530,11.767708778381348,11318,0.0,0.0,100.0
5540,11.784857511520386,11318,0.0,0.0,100.0
5550,11.806330680847168,11318,0.0,0.0,100.0
5560,11.827890634536743,11318,0.0,0.0,100.0
5570,11.852599859237671,11318,0.0,0.0,100.0
5573,11.859913349151611,11318,0.0,0.0,100.0
5580,11.876542091369629,11318,0.0,0.0,100.0
5590,11.89874529838562,11318,0.0,0.0,100.0
5600,11.923461198806763,11318,0.0,0.0,100.0
5610,11.945852041244507,11318,0.0,0.0,100.0
5613,11.953011751174927,11318,0.0,0.0,100.0
5620,11.967756271362305,11318,0.0,0.0,100.0
5628,11.984086990356445,11318,0.0,0.0,100.0
5630,11.987695693969727,11318,0.0,0.0,100.0
5639,12.006967067718506,11318,0.0,0.0,100.0
5640,12.009089946746826,11318,0.0,0.0,100.0
5650,12.03143310546875,11318,0.0,0.0,100.0
5660,12.0526123046875,11318,0.0,0.0,100.0
5670,12.07448673248291,11318,0.0,0.0,100.0
5680,12.094813585281372,11318,0.0,0.0,100.0
5690,12.115644454956055,11318,0.0,0.0,100.0
5700,12.136104583740234,11318,0.0,0.0,100.0
5710,12.156532526016235,11318,0.0,0.0,100.0
5720,12.176326274871826,11318,0.0,0.0,100.0
5730,12.195112228393555,11318,0.0,0.0,100.0
5740,12.214693784713745,11318,0.0,0.0,100.0
5750,12.233935832977295,11318,0.0,0.0,100.0
5760,12.253991842269897,11318,0.0,0.0,100.0
5770,12.274630546569824,11318,0.0,0.0,100.0
5780,12.295598983764648,11318,0.0,0.0,100.0
5790,12.31480360031128,11318,0.0,0.0,100.0
5800,12.336121082305908,11318,0.0,0.0,100.0
5810,12.356456756591797,11318,0.0,0.0,100.0
5820,12.376828670501709,11318,0.0,0.0,100.0
5830,12.39639949798584,11318,0.0,0.0,100.0
5840,12.418034076690674,11318,0.0,0.0,100.0
5850,12.437896251678467,11318,0.0,0.0,100.0
5860,12.456504821777344,11318,0.0,0.0,100.0
5870,12.476187705993652,11318,0.0,0.0,100.0
5880,12.493565797805786,11318,0.0,0.0,100.0
5890,12.516758441925049,11318,0.0,0.0,100.0
5900,12.539867639541626,11318,0.0,0.0,100.0
5910,12.558001518249512,11318,0.0,0.0,100.0
5920,12.576754093170166,11318,0.0,0.0,100.0
5930,12.595520734786987,11318,0.0,0.0,100.0
5940,12.612800359725952,11318,0.0,0.0,100.0
5950,12.631170988082886,11318,0.0,0.0,100.0
5960,12.649157285690308,11318,0.0,0.0,100.0
5969,12.669360160827637,11318,0.0,0.0,100.0
5970,12.671622276306152,11318,0.0,0.0,100.0
5972,12.676822900772095,11318,0.0,0.0,100.0
5980,12.69424819946289,11318,0.0,0.0,100.0
5990,12.71301531791687,11318,0.0,0.0,100.0
6000,12.733245372772217,11318,0.0,0.0,100.0
6002,12.737929582595825,11318,0.0,0.0,100.0
6010,12.756004095077515,11318,0.0,0.0,100.0
6020,12.776663064956665,11318,0.0,0.0,100.0
6023,12.78352403640747,11318,0.0,0.0,100.0
6030,12.79661750793457,11318,0.0,0.0,100.0
6040,12.815901756286621,11318,0.0,0.0,100.0
6050,12.834896087646484,11318,0.0,0.0,100.0
6060,12.853882074356079,11318,0.0,0.0,100.0
6070,12.873552322387695,11318,0.0,0.0,100.0
6080,12.893688201904297,11318,0.0,0.0,100.0
6085,12.905921936035156,11318,0.0,0.0,100.0
6090,12.917212963104248,11318,0.0,0.0,100.0
6100,12.93788480758667,11318,0.0,0.0,100.0
6110,12.95857286453247,11318,0.0,0.0,100.0
6120,12.982871532440186,11318,0.0,0.0,100.0
6130,13.00883412361145,11318,0.0,0.0,100.0
6140,13.040819644927979,11318,0.0,0.0,100.0
6150,13.068153858184814,11318,0.0,0.0,100.0
6160,13.093688011169434,11318,0.0,0.0,100.0
6170,13.11505126953125,11318,0.0,0.0,100.0
6180,13.135802984237671,11318,0.0,0.0,100.0
6190,13.154716491699219,11318,0.0,0.0,100.0
6200,13.17510986328125,11318,0.0,0.0,100.0
6210,13.194263219833374,11318,0.0,0.0,100.0
6220,13.213102579116821,11318,0.0,0.0,100.0
6230,13.231203079223633,11318,0.0,0.0,100.0
6240,13.250786066055298,11318,0.0,0.0,100.0
6246,13.261285781860352,11318,0.0,0.0,100.0
6250,13.269383192062378,11318,0.0,0.0,100.0
6260,13.289069890975952,11318,0.0,0.0,100.0
6270,13.307217359542847,11318,0.0,0.0,100.0
6280,13.326420068740845,11318,0.0,0.0,100.0
6288,13.34217381477356,11318,0.0,0.0,100.0
6290,13.346699237823486,11318,0.0,0.0,100.0
6300,13.366950511932373,11318,0.0,0.0,100.0
6310,13.385581493377686,11318,0.0,0.0,100.0
6320,13.403540849685669,11318,0.0,0.0,100.0
6330,13.425349235534668,11318,0.0,0.0,100.0
6340,13.445672750473022,11318,0.0,0.0,100.0
6350,13.466891050338745,11318,0.0,0.0,100.0
6360,13.485990047454834,11318,0.0,0.0,100.0
6370,13.506778955459595,11318,0.0,0.0,100.0
6373,13.513359308242798,11318,0.0,0.0,100.0
6378,13.524468421936035,11319,0.0,0.0,100.0
6380,13.52887749671936,11319,0.0,0.0,100.0
6390,13.548673868179321,11319,0.0,0.0,100.0
6400,13.566485404968262,11319,0.0,0.0,100.0
6410,13.587309122085571,11319,0.0,0.0,100.0
6416,13.598300218582153,11319,0.0,0.0,100.0
6420,13.606406688690186,11319,0.0,0.0,100.0
6430,13.627963781356812,11319,0.0,0.0,100.0
6440,13.647505521774292,11319,0.0,0.0,100.0
6447,13.660643577575684,11320,0.0,0.0,100.0
6450,13.666184663772583,11320,0.0,0.0,100.0
6460,13.68785285949707,11320,0.0,0.0,100.0
6470,13.705697298049927,11320,0.0,0.0,100.0
6480,13.725152730941772,11320,0.0,0.0,100.0
6490,13.74646544456482,11320,0.0,0.0,100.0
6500,13.766438961029053,11320,0.0,0.0,100.0
6510,13.784513473510742,11320,0.0,0.0,100.0
6520,13.80546259880066,11320,0.0,0.0,100.0
6530,13.825685977935791,11320,0.0,0.0,100.0
6540,13.84898066520691,11320,0.0,0.0,100.0
6550,13.867746114730835,11320,0.0,0.0,100.0
6560,13.888596296310425,11320,0.0,0.0,100.0
6570,13.908815622329712,11320,0.0,0.0,100.0
6579,13.927266597747803,11320,0.0,0.0,100.0
6580,13.92942476272583,11320,0.0,0.0,100.0
6590,13.949554920196533,11320,0.0,0.0,100.0
6600,13.9710214138031,11320,0.0,0.0,100.0
6602,13.975789070129395,11321,0.0,0.0,100.0
6610,13.98917531967163,11321,0.0,0.0,100.0
6620,14.008382081985474,11321,0.0,0.0,100.0
6630,14.02988576889038,11321,0.0,0.0,100.0
6640,14.05118727684021,11321,0.0,0.0,100.0
6650,14.073295831680298,11321,0.0,0.0,100.0
6660,14.092339515686035,11321,0.0,0.0,100.0
6670,14.111410856246948,11321,0.0,0.0,100.0
6680,14.133298635482788,11321,0.0,0.0,100.0
6688,14.150700807571411,11321,0.0,0.0,100.0
6690,14.154957056045532,11321,0.0,0.0,100.0
6700,14.172540187835693,11321,0.0,0.0,100.0
6702,14.176417589187622,11321,0.0,0.0,100.0
6710,14.190271615982056,11321,0.0,0.0,100.0
6720,14.208048582077026,11321,0.0,0.0,100.0
6730,14.225988388061523,11321,0.0,0.0,100.0
6740,14.248300552368164,11321,0.0,0.0,100.0
6750,14.271464109420776,11321,0.0,0.0,100.0
6760,14.29504132270813,11321,0.0,0.0,100.0
6770,14.315410614013672,11321,0.0,0.0,100.0
6780,14.336962223052979,11321,0.0,0.0,100.0
6790,14.360211610794067,11321,0.0,0.0,100.0
6800,14.380300521850586,11321,0.0,0.0,100.0
6810,14.401466608047485,11321,0.0,0.0,100.0
6820,14.424917697906494,11321,0.0,0.0,100.0
6826,14.436037540435791,11321,0.0,0.0,100.0
6830,14.444465160369873,11321,0.0,0.0,100.0
6840,14.4645516872406,11321,0.0,0.0,100.0
6850,14.48239517211914,11321,0.0,0.0,100.0
6860,14.501371383666992,11321,0.0,0.0,100.0
6870,14.521750688552856,11321,0.0,0.0,100.0
6880,14.5453519821167,11321,0.0,0.0,100.0
6890,14.573050737380981,11321,0.0,0.0,100.0
6900,14.596218347549438,11321,0.0,0.0,100.0
6910,14.617936611175537,11321,0.0,0.0,100.0
6920,14.643808126449585,11321,0.0,0.0,100.0
6930,14.663389205932617,11321,0.0,0.0,100.0
6940,14.684506177902222,11321,0.0,0.0,100.0
6950,14.709657669067383,11321,0.0,0.0,100.0
6960,14.73337197303772,11321,0.0,0.0,100.0
6970,14.754095554351807,11321,0.0,0.0,100.0
6980,14.774799823760986,11321,0.0,0.0,100.0
6990,14.795335531234741,11321,0.0,0.0,100.0
7000,14.817280054092407,11321,0.0,0.0,100.0
7010,14.838919639587402,11321,0.0,0.0,100.0
7020,14.861032724380493,11321,0.0,0.0,100.0
7030,14.883315086364746,11321,0.0,0.0,100.0
7040,14.9050612449646,11321,0.0,0.0,100.0
7050,14.923789024353027,11321,0.0,0.0,100.0
7060,14.944528579711914,11321,0.0,0.0,100.0
7070,14.963685512542725,11321,0.0,0.0,100.0
7080,14.983767032623291,11321,0.0,0.0,100.0
7090,15.003628969192505,11321,0.0,0.0,100.0
7100,15.023135662078857,11321,0.0,0.0,100.0
7106,15.033891916275024,11321,0.0,0.0,100.0
7110,15.042568683624268,11321,0.0,0.0,100.0
7120,15.063043594360352,11321,0.0,0.0,100.0
7124,15.071330547332764,11321,0.0,0.0,100.0
7130,15.08349323272705,11321,0.0,0.0,100.0
7140,15.103969097137451,11321,0.0,0.0,100.0
7150,15.122293710708618,11321,0.0,0.0,100.0
7160,15.144691705703735,11321,0.0,0.0,100.0
7170,15.1653733253479,11321,0.0,0.0,100.0
7174,15.173916339874268,11321,0.0,0.0,100.0
7180,15.185024499893188,11321,0.0,0.0,100.0
7190,15.203328371047974,11321,0.0,0.0,100.0
7200,15.221535205841064,11321,0.0,0.0,100.0
7210,15.242040395736694,11321,0.0,0.0,100.0
7220,15.262094974517822,11321,0.0,0.0,100.0
7230,15.279860496520996,11321,0.0,0.0,100.0
7240,15.29869532585144,11321,0.0,0.0,100.0
7250,15.320101499557495,11321,0.0,0.0,100.0
7260,15.341536283493042,11321,0.0,0.0,100.0
7264,15.351019382476807,11321,0.0,0.0,100.0
7268,15.359676122665405,11322,0.0,0.0,100.0
7270,15.364298820495605,11322,0.0,0.0,100.0
7280,15.38635802268982,11322,0.0,0.0,100.0
7290,15.408511400222778,11322,0.0,0.0,100.0
7300,15.426305055618286,11322,0.0,0.0,100.0
7308,15.44289255142212,11322,0.0,0.0,100.0
7310,15.44692063331604,11322,0.0,0.0,100.0
7320,15.46656084060669,11322,0.0,0.0,100.0
7324,15.476146221160889,11322,0.0,0.0,100.0
7330,15.488440990447998,11322,0.0,0.0,100.0
7340,15.51016879081726,11322,0.0,0.0,100.0
7350,15.52930760383606,11322,0.0,0.0,100.0
7360,15.548574924468994,11322,0.0,0.0,100.0
7370,15.571682929992676,11322,0.0,0.0,100.0
7380,15.591597557067871,11322,0.0,0.0,100.0
7390,15.612154245376587,11322,0.0,0.0,100.0
7400,15.633579730987549,11322,0.0,0.0,100.0
7410,15.653478384017944,11322,0.0,0.0,100.0
7420,15.674064636230469,11322,0.0,0.0,100.0
7430,15.693208456039429,11322,0.0,0.0,100.0
7440,15.71424651145935,11322,0.0,0.0,100.0
7450,15.737569093704224,11322,0.0,0.0,100.0
7460,15.75904107093811,11322,0.0,0.0,100.0
7470,15.7807137966156,11322,0.0,0.0,100.0
7480,15.802636623382568,11322,0.0,0.0,100.0
7490,15.824254751205444,11322,0.0,0.0,100.0
7493,15.830602169036865,11322,0.0,0.0,100.0
7500,15.845552921295166,11322,0.0,0.0,100.0
7510,15.866011381149292,11322,0.0,0.0,100.0
7520,15.886920928955078,11322,0.0,0.0,100.0
7530,15.908660411834717,11322,0.0,0.0,100.0
7540,15.928363800048828,11322,0.0,0.0,100.0
7550,15.947782039642334,11322,0.0,0.0,100.0
7560,15.967130422592163,11322,0.0,0.0,100.0
7570,15.986372709274292,11322,0.0,0.0,100.0
7580,16.005852460861206,11322,0.0,0.0,100.0
7590,16.0246844291687,11322,0.0,0.0,100.0
7600,16.043305158615112,11322,0.0,0.0,100.0
7610,16.061554193496704,11322,0.0,0.0,100.0
7620,16.080604314804077,11322,0.0,0.0,100.0
7630,16.101356983184814,11322,0.0,0.0,100.0
7640,16.120360612869263,11322,0.0,0.0,100.0
7650,16.142150402069092,11322,0.0,0.0,100.0
7660,16.162626266479492,11322,0.0,0.0,100.0
7661,16.16526436805725,11322,0.0,0.0,100.0
7668,16.180994033813477,11322,0.0,0.0,100.0
7670,16.184386730194092,11322,0.0,0.0,100.0
7680,16.205185174942017,11322,0.0,0.0,100.0
7690,16.223557233810425,11322,0.0,0.0,100.0
7700,16.245229244232178,11322,0.0,0.0,100.0
7710,16.26466464996338,11322,0.0,0.0,100.0
7720,16.283952951431274,11322,0.0,0.0,100.0
7730,16.30324649810791,11322,0.0,0.0,100.0
7740,16.32281517982483,11322,0.0,0.0,100.0
7750,16.3407781124115,11322,0.0,0.0,100.0
7760,16.35946035385132,11322,0.0,0.0,100.0
7770,16.379060745239258,11322,0.0,0.0,100.0
7780,16.39707326889038,11322,0.0,0.0,100.0
7790,16.41515302658081,11322,0.0,0.0,100.0
7800,16.433520317077637,11322,0.0,0.0,100.0
7801,16.436845064163208,11322,0.0,0.0,100.0
7810,16.457870721817017,11322,0.0,0.0,100.0
7820,16.479671478271484,11322,0.0,0.0,100.0
7830,16.498988389968872,11322,0.0,0.0,100.0
7839,16.51774835586548,11322,0.0,0.0,100.0
7840,16.519059658050537,11322,0.0,0.0,100.0
7850,16.542407035827637,11322,0.0,0.0,100.0
7860,16.563068866729736,11322,0.0,0.0,100.0
7870,16.594699144363403,11322,0.0,0.0,100.0
7880,16.616419076919556,11322,0.0,0.0,100.0
7890,16.641663551330566,11322,0.0,0.0,100.0
7900,16.66292977333069,11322,0.0,0.0,100.0
7910,16.68392515182495,11322,0.0,0.0,100.0
7920,16.70520830154419,11322,0.0,0.0,100.0
7930,16.72704267501831,11322,0.0,0.0,100.0
7940,16.74709391593933,11322,0.0,0.0,100.0
7950,16.76976251602173,11322,0.0,0.0,100.0
7960,16.79075050354004,11322,0.0,0.0,100.0
7970,16.807424068450928,11322,0.0,0.0,100.0
7980,16.828986883163452,11322,0.0,0.0,100.0
7990,16.854127645492554,11322,0.0,0.0,100.0
8000,16.872341632843018,11322,0.0,0.0,100.0
8010,16.893422842025757,11322,0.0,0.0,100.0
8020,16.915130615234375,11322,0.0,0.0,100.0
8030,16.934120178222656,11322,0.0,0.0,100.0
8040,16.955800771713257,11322,0.0,0.0,100.0
8050,16.97440195083618,11322,0.0,0.0,100.0
8060,16.9957537651062,11322,0.0,0.0,100.0
8070,17.015069007873535,11322,0.0,0.0,100.0
8080,17.03351879119873,11322,0.0,0.0,100.0
8090,17.05437994003296,11322,0.0,0.0,100.0
8100,17.07680916786194,11322,0.0,0.0,100.0
8110,17.099604845046997,11322,0.0,0.0,100.0
8120,17.119800806045532,11322,0.0,0.0,100.0
8130,17.14228129386902,11322,0.0,0.0,100.0
8140,17.162366151809692,11322,0.0,0.0,100.0
8150,17.185089349746704,11322,0.0,0.0,100.0
8156,17.199543476104736,11323,0.0,0.0,100.0
8160,17.20940899848938,11323,0.0,0.0,100.0
8170,17.228334188461304,11323,0.0,0.0,100.0
8179,17.246930599212646,11323,0.0,0.0,100.0
8180,17.24912142753601,11323,0.0,0.0,100.0
8190,17.26742720603943,11323,0.0,0.0,100.0
8200,17.28638792037964,11323,0.0,0.0,100.0
8210,17.307528972625732,11323,0.0,0.0,100.0
8220,17.329268217086792,11323,0.0,0.0,100.0
8230,17.351256370544434,11323,0.0,0.0,100.0
8240,17.374144077301025,11323,0.0,0.0,100.0
8250,17.394755840301514,11323,0.0,0.0,100.0
8260,17.417360544204712,11323,0.0,0.0,100.0
8270,17.43930697441101,11323,0.0,0.0,100.0
8280,17.459476232528687,11323,0.0,0.0,100.0
8290,17.4802885055542,11323,0.0,0.0,100.0
8300,17.50047278404236,11323,0.0,0.0,100.0
8310,17.520395517349243,11323,0.0,0.0,100.0
8318,17.538486003875732,11323,0.0,0.0,100.0
8320,17.54294729232788,11323,0.0,0.0,100.0
8330,17.565694570541382,11323,0.0,0.0,100.0
8340,17.58729600906372,11323,0.0,0.0,100.0
8350,17.608777284622192,11323,0.0,0.0,100.0
8360,17.630252361297607,11323,0.0,0.0,100.0
8370,17.651231050491333,11323,0.0,0.0,100.0
8380,17.673295974731445,11323,0.0,0.0,100.0
8390,17.694659948349,11323,0.0,0.0,100.0
8400,17.716935873031616,11323,0.0,0.0,100.0
8410,17.738163232803345,11323,0.0,0.0,100.0
8420,17.761617422103882,11323,0.0,0.0,100.0
8430,17.784390449523926,11323,0.0,0.0,100.0
8440,17.805002212524414,11323,0.0,0.0,100.0
8450,17.825067281723022,11323,0.0,0.0,100.0
8460,17.84844994544983,11323,0.0,0.0,100.0
8470,17.86885118484497,11323,0.0,0.0,100.0
8480,17.899845838546753,11323,0.0,0.0,100.0
8490,17.92249631881714,11323,0.0,0.0,100.0
8500,17.942322254180908,11323,0.0,0.0,100.0
8510,17.962939977645874,11323,0.0,0.0,100.0
8520,17.981261253356934,11323,0.0,0.0,100.0
8530,18.003108024597168,11323,0.0,0.0,100.0
8540,18.025614976882935,11323,0.0,0.0,100.0
8550,18.04676103591919,11323,0.0,0.0,100.0
8560,18.06715750694275,11323,0.0,0.0,100.0
8570,18.087549924850464,11323,0.0,0.0,100.0
8580,18.107348442077637,11323,0.0,0.0,100.0
8590,18.12740993499756,11323,0.0,0.0,100.0
8600,18.149315118789673,11323,0.0,0.0,100.0
8610,18.165656805038452,11323,0.0,0.0,100.0
8620,18.185567617416382,11323,0.0,0.0,100.0
8630,18.205759286880493,11323,0.0,0.0,100.0
8640,18.2272846698761,11323,0.0,0.0,100.0
8650,18.250113248825073,11323,0.0,0.0,100.0
8660,18.272573471069336,11323,0.0,0.0,100.0
8670,18.28988552093506,11323,0.0,0.0,100.0
8680,18.310784578323364,11323,0.0,0.0,100.0
8690,18.328518867492676,11323,0.0,0.0,100.0
8700,18.34492540359497,11323,0.0,0.0,100.0
8710,18.365053176879883,11323,0.0,0.0,100.0
8720,18.38450288772583,11323,0.0,0.0,100.0
8730,18.40714430809021,11323,0.0,0.0,100.0
8740,18.42704486846924,11323,0.0,0.0,100.0
8750,18.44592046737671,11323,0.0,0.0,100.0
8760,18.46686029434204,11323,0.0,0.0,100.0
8761,18.469390630722046,11323,0.0,0.0,100.0
8770,18.486969470977783,11323,0.0,0.0,100.0
8780,18.508933305740356,11323,0.0,0.0,100.0
8787,18.52355718612671,11324,0.0,0.0,100.0
8790,18.528658151626587,11324,0.0,0.0,100.0
8800,18.549758434295654,11324,0.0,0.0,100.0
8810,18.569212913513184,11324,0.0,0.0,100.0
8818,18.58604669570923,11324,0.0,0.0,100.0
8820,18.589558124542236,11324,0.0,0.0,100.0
8830,18.607661247253418,11324,0.0,0.0,100.0
8840,18.629500150680542,11324,0.0,0.0,100.0
8847,18.646063327789307,11324,0.0,0.0,100.0
8850,18.652084350585938,11324,0.0,0.0,100.0
8860,18.676392078399658,11324,0.0,0.0,100.0
8870,18.69737458229065,11324,0.0,0.0,100.0
8880,18.71802067756653,11324,0.0,0.0,100.0
8890,18.737955570220947,11324,0.0,0.0,100.0
8892,18.743751287460327,11324,0.0,0.0,100.0
8900,18.760926008224487,11324,0.0,0.0,100.0
8910,18.78498125076294,11324,0.0,0.0,100.0
8920,18.805694580078125,11324,0.0,0.0,100.0
8930,18.82565689086914,11324,0.0,0.0,100.0
8940,18.84986972808838,11324,0.0,0.0,100.0
8950,18.870128393173218,11324,0.0,0.0,100.0
8960,18.890979528427124,11324,0.0,0.0,100.0
8970,18.910866737365723,11324,0.0,0.0,100.0
8980,18.92947220802307,11324,0.0,0.0,100.0
8987,18.94468355178833,11324,0.0,0.0,100.0
8990,18.951069116592407,11324,0.0,0.0,100.0
9000,18.97232985496521,11324,0.0,0.0,100.0
9010,18.99253797531128,11324,0.0,0.0,100.0
9020,19.011925220489502,11324,0.0,0.0,100.0
9030,19.031415224075317,11324,0.0,0.0,100.0
9040,19.053688049316406,11324,0.0,0.0,100.0
9050,19.073244333267212,11324,0.0,0.0,100.0
9060,19.093228101730347,11324,0.0,0.0,100.0
9070,19.11390256881714,11324,0.0,0.0,100.0
9080,19.133500576019287,11324,0.0,0.0,100.0
9090,19.15303683280945,11324,0.0,0.0,100.0
9100,19.172166347503662,11324,0.0,0.0,100.0
9110,19.192334413528442,11324,0.0,0.0,100.0
9120,19.21385884284973,11324,0.0,0.0,100.0
9130,19.234058141708374,11324,0.0,0.0,100.0
9140,19.25209951400757,11324,0.0,0.0,100.0
9150,19.27402663230896,11324,0.0,0.0,100.0
9160,19.29567527770996,11324,0.0,0.0,100.0
9170,19.31550097465515,11324,0.0,0.0,100.0
9180,19.33535075187683,11324,0.0,0.0,100.0
9190,19.354726552963257,11324,0.0,0.0,100.0
9200,19.375859022140503,11324,0.0,0.0,100.0
9210,19.398972034454346,11324,0.0,0.0,100.0
9220,19.42162013053894,11324,0.0,0.0,100.0
9230,19.441166400909424,11324,0.0,0.0,100.0
9240,19.461931943893433,11324,0.0,0.0,100.0
9250,19.48261260986328,11324,0.0,0.0,100.0
9260,19.503699779510498,11324,0.0,0.0,100.0
9270,19.525090217590332,11324,0.0,0.0,100.0
9274,19.53452467918396,11324,0.0,0.0,100.0
9280,19.545625925064087,11324,0.0,0.0,100.0
9290,19.56579351425171,11324,0.0,0.0,100.0
9300,19.587212324142456,11324,0.0,0.0,100.0
9310,19.606300592422485,11324,0.0,0.0,100.0
9317,19.62390398979187,11325,0.0,0.0,100.0
9320,19.63159728050232,11325,0.0,0.0,100.0
9330,19.654289722442627,11325,0.0,0.0,100.0
9340,19.676032066345215,11325,0.0,0.0,100.0
9350,19.69271492958069,11325,0.0,0.0,100.0
9355,19.704621076583862,11326,0.0,0.0,100.0
9358,19.711557388305664,11326,0.0,0.0,100.0
9360,19.715840578079224,11326,0.0,0.0,100.0
9370,19.737894535064697,11326,0.0,0.0,100.0
9380,19.759510040283203,11326,0.0,0.0,100.0
9390,19.78072428703308,11326,0.0,0.0,100.0
9400,19.80209732055664,11326,0.0,0.0,100.0
9410,19.825024843215942,11326,0.0,0.0,100.0
9420,19.849482536315918,11326,0.0,0.0,100.0
9430,19.872131824493408,11326,0.0,0.0,100.0
9440,19.89342713356018,11326,0.0,0.0,100.0
9450,19.918129920959473,11326,0.0,0.0,100.0
9460,19.93782687187195,11326,0.0,0.0,100.0
9470,19.958677291870117,11326,0.0,0.0,100.0
9480,19.982398509979248,11326,0.0,0.0,100.0
9490,20.006630659103394,11326,0.0,0.0,100.0
9500,20.027048349380493,11326,0.0,0.0,100.0
9510,20.046860933303833,11326,0.0,0.0,100.0
9520,20.067880630493164,11326,0.0,0.0,100.0
9530,20.086727380752563,11326,0.0,0.0,100.0
9540,20.109898805618286,11326,0.0,0.0,100.0
9550,20.133049249649048,11326,0.0,0.0,100.0
9560,20.152213096618652,11326,0.0,0.0,100.0
9570,20.171934604644775,11326,0.0,0.0,100.0
9580,20.193236112594604,11326,0.0,0.0,100.0
9590,20.21408772468567,11326,0.0,0.0,100.0
9600,20.232263326644897,11326,0.0,0.0,100.0
9610,20.25260043144226,11326,0.0,0.0,100.0
9620,20.273905515670776,11326,0.0,0.0,100.0
9630,20.293551921844482,11326,0.0,0.0,100.0
9640,20.31562376022339,11326,0.0,0.0,100.0
9650,20.333628177642822,11326,0.0,0.0,100.0
9660,20.35326862335205,11326,0.0,0.0,100.0
9670,20.37418818473816,11326,0.0,0.0,100.0
9680,20.394572496414185,11326,0.0,0.0,100.0
9690,20.416155099868774,11326,0.0,0.0,100.0
9700,20.435955047607422,11326,0.0,0.0,100.0
9710,20.454102754592896,11326,0.0,0.0,100.0
9720,20.47539496421814,11326,0.0,0.0,100.0
9730,20.49514389038086,11326,0.0,0.0,100.0
9740,20.51399254798889,11326,0.0,0.0,100.0
9750,20.533035278320312,11326,0.0,0.0,100.0
9760,20.555145978927612,11326,0.0,0.0,100.0
9770,20.576208114624023,11326,0.0,0.0,100.0
9780,20.597045183181763,11326,0.0,0.0,100.0
9790,20.6157808303833,11326,0.0,0.0,100.0
9800,20.636585235595703,11326,0.0,0.0,100.0
9810,20.656855821609497,11326,0.0,0.0,100.0
9820,20.672865390777588,11326,0.0,0.0,100.0
9830,20.692601919174194,11326,0.0,0.0,100.0
9840,20.712473154067993,11326,0.0,0.0,100.0
9850,20.728676080703735,11326,0.0,0.0,100.0
9860,20.7476487159729,11326,0.0,0.0,100.0
9870,20.76721477508545,11326,0.0,0.0,100.0
9880,20.78766942024231,11326,0.0,0.0,100.0
9890,20.809184551239014,11326,0.0,0.0,100.0
9900,20.829456090927124,11326,0.0,0.0,100.0
9910,20.85020875930786,11326,0.0,0.0,100.0
9920,20.87060570716858,11326,0.0,0.0,100.0
9929,20.89134669303894,11326,0.0,0.0,100.0
9930,20.89409589767456,11326,0.0,0.0,100.0
9936,20.907567739486694,11326,0.0,0.0,100.0
9940,20.91498374938965,11326,0.0,0.0,100.0
9950,20.93511438369751,11326,0.0,0.0,100.0
9960,20.955206871032715,11326,0.0,0.0,100.0
9970,20.981496334075928,11326,0.0,0.0,100.0
9980,21.00382709503174,11326,0.0,0.0,100.0
9990,21.02696704864502,11326,0.0,0.0,100.0
10000,21.04568886756897,11326,0.0,0.0,100.0
10002,21.05046033859253,11326,0.0,0.0,100.0
10010,21.06765389442444,11326,0.0,0.0,100.0
10020,21.087526321411133,11326,0.0,0.0,100.0
10030,21.109516620635986,11326,0.0,0.0,100.0
10040,21.130003690719604,11326,0.0,0.0,100.0
10050,21.153608083724976,11326,0.0,0.0,100.0
10060,21.174119234085083,11326,0.0,0.0,100.0
10070,21.19362759590149,11326,0.0,0.0,100.0
10075,21.20516085624695,11327,0.0,0.0,100.0
10080,21.21412467956543,11327,0.0,0.0,100.0
10090,21.23336911201477,11327,0.0,0.0,100.0
10100,21.253318071365356,11327,0.0,0.0,100.0
10110,21.2728533744812,11327,0.0,0.0,100.0
10120,21.294243335723877,11327,0.0,0.0,100.0
10130,21.314494132995605,11327,0.0,0.0,100.0
10140,21.33339524269104,11327,0.0,0.0,100.0
10150,21.352354049682617,11327,0.0,0.0,100.0
10160,21.373246431350708,11327,0.0,0.0,100.0
10170,21.393686771392822,11327,0.0,0.0,100.0
10180,21.412790775299072,11327,0.0,0.0,100.0
10190,21.432342529296875,11327,0.0,0.0,100.0
10193,21.438644886016846,11327,0.0,0.0,100.0
10200,21.45177388191223,11327,0.0,0.0,100.0
10210,21.470807790756226,11327,0.0,0.0,100.0
10220,21.491105794906616,11327,0.0,0.0,100.0
10230,21.512394905090332,11327,0.0,0.0,100.0
10240,21.53291082382202,11327,0.0,0.0,100.0
10250,21.55422043800354,11327,0.0,0.0,100.0
10260,21.57435178756714,11327,0.0,0.0,100.0
10270,21.594104290008545,11327,0.0,0.0,100.0
10280,21.613120555877686,11327,0.0,0.0,100.0
10290,21.634342193603516,11327,0.0,0.0,100.0
10299,21.65417766571045,11327,0.0,0.0,100.0
10300,21.656764030456543,11327,0.0,0.0,100.0
10310,21.673991680145264,11327,0.0,0.0,100.0
10320,21.693990468978882,11327,0.0,0.0,100.0
10330,21.7159321308136,11327,0.0,0.0,100.0
10340,21.735202074050903,11327,0.0,0.0,100.0
10350,21.75733518600464,11327,0.0,0.0,100.0
10360,21.77751851081848,11327,0.0,0.0,100.0
10370,21.800970315933228,11327,0.0,0.0,100.0
10380,21.824373722076416,11327,0.0,0.0,100.0
10390,21.847419023513794,11327,0.0,0.0,100.0
10395,21.859013557434082,11327,0.0,0.0,100.0
10400,21.86992859840393,11327,0.0,0.0,100.0
10410,21.892343282699585,11327,0.0,0.0,100.0
10420,21.912890672683716,11327,0.0,0.0,100.0
10430,21.93354868888855,11327,0.0,0.0,100.0
10440,21.95651650428772,11327,0.0,0.0,100.0
10450,21.977264165878296,11327,0.0,0.0,100.0
10460,21.997941732406616,11327,0.0,0.0,100.0
10470,22.016984462738037,11327,0.0,0.0,100.0
10480,22.03365993499756,11327,0.0,0.0,100.0
10490,22.055460929870605,11327,0.0,0.0,100.0
10500,22.076817274093628,11327,0.0,0.0,100.0
10510,22.098355054855347,11327,0.0,0.0,100.0
10519,22.11713194847107,11328,0.0,0.0,100.0
10520,22.119295597076416,11328,0.0,0.0,100.0
10530,22.138635635375977,11328,0.0,0.0,100.0
10540,22.16308879852295,11328,0.0,0.0,100.0
10541,22.165722608566284,11328,0.0,0.0,100.0
10550,22.183433771133423,11328,0.0,0.0,100.0
10560,22.20346164703369,11328,0.0,0.0,100.0
10570,22.223262310028076,11328,0.0,0.0,100.0
10580,22.243568897247314,11328,0.0,0.0,100.0
10590,22.263882398605347,11328,0.0,0.0,100.0
10600,22.286648511886597,11328,0.0,0.0,100.0
10610,22.30538535118103,11328,0.0,0.0,100.0
10620,22.325568675994873,11328,0.0,0.0,100.0
10630,22.344965934753418,11328,0.0,0.0,100.0
10640,22.36538338661194,11328,0.0,0.0,100.0
10650,22.384721994400024,11328,0.0,0.0,100.0
10660,22.406911849975586,11328,0.0,0.0,100.0
10670,22.42446756362915,11328,0.0,0.0,100.0
10680,22.445157527923584,11328,0.0,0.0,100.0
10690,22.46506142616272,11328,0.0,0.0,100.0
10700,22.48391366004944,11328,0.0,0.0,100.0
10710,22.50221824645996,11328,0.0,0.0,100.0
10720,22.522705793380737,11328,0.0,0.0,100.0
10730,22.5428204536438,11328,0.0,0.0,100.0
10740,22.565251350402832,11328,0.0,0.0,100.0
10750,22.58628535270691,11328,0.0,0.0,100.0
10757,22.60118532180786,11328,0.0,0.0,100.0
10760,22.606525659561157,11328,0.0,0.0,100.0
10770,22.624940395355225,11328,0.0,0.0,100.0
10780,22.645009517669678,11328,0.0,0.0,100.0
10786,22.65842890739441,11328,0.0,0.0,100.0
10790,22.66751718521118,11328,0.0,0.0,100.0
10800,22.688616037368774,11328,0.0,0.0,100.0
10810,22.70862603187561,11328,0.0,0.0,100.0
10820,22.72757649421692,11328,0.0,0.0,100.0
10830,22.74786639213562,11328,0.0,0.0,100.0
10840,22.772037029266357,11328,0.0,0.0,100.0
10850,22.794004440307617,11328,0.0,0.0,100.0
10860,22.814364194869995,11328,0.0,0.0,100.0
10870,22.83572483062744,11328,0.0,0.0,100.0
10880,22.85990333557129,11328,0.0,0.0,100.0
10890,22.88192343711853,11328,0.0,0.0,100.0
10900,22.903888702392578,11328,0.0,0.0,100.0
10910,22.92265009880066,11328,0.0,0.0,100.0
10920,22.943260669708252,11328,0.0,0.0,100.0
10930,22.963359117507935,11328,0.0,0.0,100.0
10940,22.984525442123413,11328,0.0,0.0,100.0
10950,23.006919622421265,11328,0.0,0.0,100.0
10956,23.030131340026855,11328,0.0,0.0,100.0
10960,23.03922724723816,11328,0.0,0.0,100.0
10969,23.06885027885437,11328,0.0,0.0,100.0
10970,23.074442148208618,11328,0.0,0.0,100.0
10980,23.096506595611572,11328,0.0,0.0,100.0
10990,23.117336988449097,11328,0.0,0.0,100.0
11000,23.13700032234192,11328,0.0,0.0,100.0
11010,23.158892154693604,11328,0.0,0.0,100.0
11020,23.178165912628174,11328,0.0,0.0,100.0
11030,23.197723865509033,11328,0.0,0.0,100.0
11040,23.216206550598145,11328,0.0,0.0,100.0
11050,23.236806869506836,11328,0.0,0.0,100.0
11060,23.25621485710144,11328,0.0,0.0,100.0
11070,23.274953365325928,11328,0.0,0.0,100.0
11080,23.295727252960205,11328,0.0,0.0,100.0
11090,23.31428551673889,11328,0.0,0.0,100.0
11100,23.33439040184021,11328,0.0,0.0,100.0
11110,23.35617971420288,11328,0.0,0.0,100.0
11120,23.374218940734863,11328,0.0,0.0,100.0
11130,23.391972303390503,11328,0.0,0.0,100.0
11140,23.41325283050537,11328,0.0,0.0,100.0
11150,23.430892944335938,11328,0.0,0.0,100.0
11160,23.45030188560486,11328,0.0,0.0,100.0
11170,23.471087217330933,11328,0.0,0.0,100.0
11180,23.48793339729309,11328,0.0,0.0,100.0
11190,23.51054072380066,11328,0.0,0.0,100.0
11200,23.53083086013794,11328,0.0,0.0,100.0
11210,23.55001950263977,11328,0.0,0.0,100.0
11220,23.57031559944153,11328,0.0,0.0,100.0
11230,23.59064793586731,11328,0.0,0.0,100.0
11236,23.603883743286133,11328,0.0,0.0,100.0
11240,23.613205432891846,11328,0.0,0.0,100.0
11250,23.63776969909668,11328,0.0,0.0,100.0
11260,23.656925439834595,11328,0.0,0.0,100.0
11270,23.679470539093018,11328,0.0,0.0,100.0
11280,23.7013897895813,11328,0.0,0.0,100.0
11290,23.723069667816162,11328,0.0,0.0,100.0
11300,23.747488021850586,11328,0.0,0.0,100.0
11310,23.768347024917603,11328,0.0,0.0,100.0
11320,23.792699813842773,11328,0.0,0.0,100.0
11330,23.81317663192749,11328,0.0,0.0,100.0
11340,23.835067749023438,11328,0.0,0.0,100.0
11350,23.855931758880615,11328,0.0,0.0,100.0
11360,23.877484560012817,11328,0.0,0.0,100.0
11370,23.905550479888916,11328,0.0,0.0,100.0
11380,23.926867961883545,11328,0.0,0.0,100.0
11390,23.947558403015137,11328,0.0,0.0,100.0
11400,23.96698546409607,11328,0.0,0.0,100.0
11410,23.98619794845581,11328,0.0,0.0,100.0
11417,24.000231504440308,11328,0.0,0.0,100.0
11420,24.006999254226685,11328,0.0,0.0,100.0
11430,24.027260303497314,11328,0.0,0.0,100.0
11440,24.044694185256958,11328,0.0,0.0,100.0
11450,24.064513683319092,11328,0.0,0.0,100.0
11460,24.083608865737915,11328,0.0,0.0,100.0
11470,24.101864337921143,11328,0.0,0.0,100.0
11480,24.122145652770996,11328,0.0,0.0,100.0
11488,24.139687061309814,11328,0.0,0.0,100.0
11490,24.144200563430786,11328,0.0,0.0,100.0
11500,24.166579008102417,11328,0.0,0.0,100.0
11510,24.188454627990723,11328,0.0,0.0,100.0
11520,24.207765579223633,11328,0.0,0.0,100.0
11530,24.22865629196167,11328,0.0,0.0,100.0
11540,24.247867822647095,11328,0.0,0.0,100.0
11550,24.267509937286377,11328,0.0,0.0,100.0
11560,24.28851294517517,11328,0.0,0.0,100.0
11570,24.309330701828003,11328,0.0,0.0,100.0
11580,24.33023500442505,11328,0.0,0.0,100.0
11590,24.351147413253784,11328,0.0,0.0,100.0
11600,24.370260000228882,11328,0.0,0.0,100.0
11610,24.390148878097534,11328,0.0,0.0,100.0
11620,24.411282062530518,11328,0.0,0.0,100.0
11630,24.43031597137451,11328,0.0,0.0,100.0
11640,24.449361562728882,11328,0.0,0.0,100.0
11641,24.451804161071777,11328,0.0,0.0,100.0
11650,24.470030784606934,11328,0.0,0.0,100.0
11660,24.491065502166748,11328,0.0,0.0,100.0
11670,24.511535167694092,11328,0.0,0.0,100.0
11680,24.53259801864624,11328,0.0,0.0,100.0
11690,24.55187177658081,11328,0.0,0.0,100.0
11700,24.572181701660156,11328,0.0,0.0,100.0
11710,24.592808485031128,11328,0.0,0.0,100.0
11720,24.614155054092407,11328,0.0,0.0,100.0
11730,24.633578300476074,11328,0.0,0.0,100.0
11740,24.65350341796875,11328,0.0,0.0,100.0
11750,24.671891450881958,11328,0.0,0.0,100.0
11760,24.691847562789917,11328,0.0,0.0,100.0
11770,24.711920499801636,11328,0.0,0.0,100.0
11780,24.729847192764282,11328,0.0,0.0,100.0
11790,24.750560522079468,11328,0.0,0.0,100.0
11800,24.772953271865845,11328,0.0,0.0,100.0
11810,24.793682098388672,11328,0.0,0.0,100.0
11820,24.81538224220276,11328,0.0,0.0,100.0
11828,24.835707426071167,11329,0.0,0.0,100.0
11830,24.840332984924316,11329,0.0,0.0,100.0
11840,24.864590644836426,11329,0.0,0.0,100.0
11850,24.888006448745728,11329,0.0,0.0,100.0
11860,24.91565442085266,11329,0.0,0.0,100.0
11870,24.937178373336792,11329,0.0,0.0,100.0
11880,24.9572114944458,11329,0.0,0.0,100.0
11890,24.978420972824097,11329,0.0,0.0,100.0
11900,24.998122930526733,11329,0.0,0.0,100.0
11910,25.01707673072815,11329,0.0,0.0,100.0
11920,25.037368774414062,11329,0.0,0.0,100.0
11930,25.05704951286316,11329,0.0,0.0,100.0
11940,25.076492309570312,11329,0.0,0.0,100.0
11950,25.097947359085083,11329,0.0,0.0,100.0
11960,25.117315769195557,11329,0.0,0.0,100.0
11970,25.138291120529175,11329,0.0,0.0,100.0
11980,25.161938667297363,11329,0.0,0.0,100.0
11990,25.181639432907104,11329,0.0,0.0,100.0
12000,25.20079255104065,11329,0.0,0.0,100.0
12010,25.21886444091797,11329,0.0,0.0,100.0
12020,25.23466730117798,11329,0.0,0.0,100.0
12030,25.253313541412354,11329,0.0,0.0,100.0
12040,25.276058435440063,11329,0.0,0.0,100.0
12050,25.295761108398438,11329,0.0,0.0,100.0
12060,25.316678762435913,11329,0.0,0.0,100.0
12070,25.336445808410645,11329,0.0,0.0,100.0
12080,25.356448650360107,11329,0.0,0.0,100.0
12090,25.376830577850342,11329,0.0,0.0,100.0
12100,25.39600968360901,11329,0.0,0.0,100.0
12110,25.41640830039978,11329,0.0,0.0,100.0
12120,25.436020135879517,11329,0.0,0.0,100.0
12130,25.456294775009155,11329,0.0,0.0,100.0
12140,25.47618269920349,11329,0.0,0.0,100.0
12150,25.495275497436523,11329,0.0,0.0,100.0
12160,25.515028715133667,11329,0.0,0.0,100.0
12170,25.53549337387085,11329,0.0,0.0,100.0
12180,25.556070566177368,11329,0.0,0.0,100.0
12190,25.576136589050293,11329,0.0,0.0,100.0
12200,25.596887588500977,11329,0.0,0.0,100.0
12210,25.617805242538452,11329,0.0,0.0,100.0
12220,25.636990308761597,11329,0.0,0.0,100.0
12230,25.658841133117676,11329,0.0,0.0,100.0
12240,25.679893732070923,11329,0.0,0.0,100.0
12250,25.70158839225769,11329,0.0,0.0,100.0
12260,25.723143100738525,11329,0.0,0.0,100.0
12270,25.74424695968628,11329,0.0,0.0,100.0
12280,25.76552152633667,11329,0.0,0.0,100.0
12290,25.783480167388916,11329,0.0,0.0,100.0
12300,25.804014921188354,11329,0.0,0.0,100.0
12310,25.82537603378296,11329,0.0,0.0,100.0
12320,25.8480281829834,11329,0.0,0.0,100.0
12330,25.868901014328003,11329,0.0,0.0,100.0
12340,25.888747215270996,11329,0.0,0.0,100.0
12350,25.906847715377808,11329,0.0,0.0,100.0
12358,25.92431116104126,11330,0.0,0.0,100.0
12360,25.92708945274353,11330,0.0,0.0,100.0
12370,25.94513177871704,11330,0.0,0.0,100.0
12380,25.965218782424927,11330,0.0,0.0,100.0
12390,25.985283851623535,11330,0.0,0.0,100.0
12400,26.004350662231445,11330,0.0,0.0,100.0
12403,26.0105197429657,11331,0.0,0.0,100.0
12410,26.024693965911865,11331,0.0,0.0,100.0
12420,26.044081687927246,11331,0.0,0.0,100.0
12430,26.0636944770813,11331,0.0,0.0,100.0
12431,26.066250562667847,11331,0.0,0.0,100.0
12440,26.086196899414062,11331,0.0,0.0,100.0
12450,26.106592893600464,11331,0.0,0.0,100.0
12460,26.12662124633789,11331,0.0,0.0,100.0
12470,26.146482229232788,11331,0.0,0.0,100.0
12480,26.167251348495483,11331,0.0,0.0,100.0
12484,26.174800634384155,11331,0.0,0.0,100.0
12490,26.18729305267334,11331,0.0,0.0,100.0
12500,26.207117080688477,11331,0.0,0.0,100.0
12510,26.227274417877197,11331,0.0,0.0,100.0
12520,26.245007753372192,11331,0.0,0.0,100.0
12530,26.2662410736084,11331,0.0,0.0,100.0
12540,26.284279823303223,11331,0.0,0.0,100.0
12544,26.2940456867218,11331,0.0,0.0,100.0
12547,26.301756143569946,11332,0.0,0.0,100.0
12550,26.311132192611694,11332,0.0,0.0,100.0
12560,26.331955909729004,11332,0.0,0.0,100.0
12561,26.334558486938477,11332,0.0,0.0,100.0
12570,26.3526451587677,11332,0.0,0.0,100.0
12580,26.373615741729736,11332,0.0,0.0,100.0
12590,26.3910973072052,11332,0.0,0.0,100.0
12600,26.409745693206787,11332,0.0,0.0,100.0
12610,26.430068731307983,11332,0.0,0.0,100.0
12620,26.44729495048523,11332,0.0,0.0,100.0
12629,26.464447259902954,11332,0.0,0.0,100.0
12630,26.465853929519653,11332,0.0,0.0,100.0
12633,26.47251534461975,11332,0.0,0.0,100.0
12640,26.485676050186157,11332,0.0,0.0,100.0
12650,26.50608515739441,11332,0.0,0.0,100.0
12660,26.527817964553833,11332,0.0,0.0,100.0
12670,26.547932863235474,11332,0.0,0.0,100.0
12680,26.568344831466675,11332,0.0,0.0,100.0
12690,26.590515613555908,11332,0.0,0.0,100.0
12700,26.611388444900513,11332,0.0,0.0,100.0
12710,26.63267207145691,11332,0.0,0.0,100.0
12720,26.65313410758972,11332,0.0,0.0,100.0
12730,26.672979593276978,11332,0.0,0.0,100.0
12740,26.69201397895813,11332,0.0,0.0,100.0
12750,26.713582038879395,11332,0.0,0.0,100.0
12760,26.734834671020508,11332,0.0,0.0,100.0
12770,26.75368571281433,11332,0.0,0.0,100.0
12780,26.771816730499268,11332,0.0,0.0,100.0
12790,26.793067932128906,11332,0.0,0.0,100.0
12800,26.81252670288086,11332,0.0,0.0,100.0
12810,26.833550453186035,11332,0.0,0.0,100.0
12820,26.853800773620605,11332,0.0,0.0,100.0
12830,26.87524938583374,11332,0.0,0.0,100.0
12840,26.89640998840332,11332,0.0,0.0,100.0
12850,26.916293144226074,11332,0.0,0.0,100.0
12860,26.93461537361145,11332,0.0,0.0,100.0
12870,26.955220222473145,11332,0.0,0.0,100.0
12880,26.976449489593506,11332,0.0,0.0,100.0
12890,26.99629831314087,11332,0.0,0.0,100.0
12900,27.018601417541504,11332,0.0,0.0,100.0
12901,27.021216869354248,11332,0.0,0.0,100.0
12910,27.03929829597473,11332,0.0,0.0,100.0
12920,27.060572624206543,11332,0.0,0.0,100.0
12930,27.07911515235901,11332,0.0,0.0,100.0
12940,27.09913969039917,11332,0.0,0.0,100.0
12950,27.117818355560303,11332,0.0,0.0,100.0
12960,27.136560678482056,11332,0.0,0.0,100.0
12970,27.15869641304016,11332,0.0,0.0,100.0
12980,27.1769597530365,11332,0.0,0.0,100.0
12990,27.19794249534607,11332,0.0,0.0,100.0
13000,27.217153787612915,11332,0.0,0.0,100.0
13010,27.23501682281494,11332,0.0,0.0,100.0
13020,27.254316806793213,11332,0.0,0.0,100.0
13030,27.275641918182373,11332,0.0,0.0,100.0
13040,27.297143697738647,11332,0.0,0.0,100.0
13050,27.317095279693604,11332,0.0,0.0,100.0
13060,27.33860969543457,11332,0.0,0.0,100.0
13070,27.35832691192627,11332,0.0,0.0,100.0
13080,27.38055396080017,11332,0.0,0.0,100.0
13090,27.40296959877014,11332,0.0,0.0,100.0
13100,27.427191495895386,11332,0.0,0.0,100.0
13110,27.44856071472168,11332,0.0,0.0,100.0
13120,27.469189882278442,11332,0.0,0.0,100.0
13130,27.488942861557007,11332,0.0,0.0,100.0
13140,27.51004385948181,11332,0.0,0.0,100.0
13150,27.52785897254944,11332,0.0,0.0,100.0
13160,27.549861431121826,11332,0.0,0.0,100.0
13170,27.572206497192383,11332,0.0,0.0,100.0
13180,27.59303617477417,11332,0.0,0.0,100.0
13190,27.61452579498291,11332,0.0,0.0,100.0
13200,27.636635780334473,11332,0.0,0.0,100.0
13203,27.64412212371826,11332,0.0,0.0,100.0
13210,27.657994031906128,11332,0.0,0.0,100.0
13220,27.679933547973633,11332,0.0,0.0,100.0
13230,27.70088028907776,11332,0.0,0.0,100.0
13240,27.721013069152832,11332,0.0,0.0,100.0
13250,27.742713451385498,11332,0.0,0.0,100.0
13260,27.761115789413452,11332,0.0,0.0,100.0
13270,27.782524585723877,11332,0.0,0.0,100.0
13280,27.80264925956726,11332,0.0,0.0,100.0
13290,27.82429075241089,11332,0.0,0.0,100.0
13300,27.84612202644348,11332,0.0,0.0,100.0
13310,27.8683443069458,11332,0.0,0.0,100.0
13320,27.889723777770996,11332,0.0,0.0,100.0
13330,27.908681392669678,11332,0.0,0.0,100.0
13340,27.93056607246399,11332,0.0,0.0,100.0
13350,27.95098638534546,11332,0.0,0.0,100.0
13360,27.967894554138184,11332,0.0,0.0,100.0
13370,27.99158239364624,11332,0.0,0.0,100.0
13377,28.0090115070343,11332,0.0,0.0,100.0
13380,28.015950441360474,11332,0.0,0.0,100.0
13388,28.036130666732788,11332,0.0,0.0,100.0
13390,28.039885759353638,11332,0.0,0.0,100.0
13400,28.059409379959106,11332,0.0,0.0,100.0
13410,28.081918716430664,11332,0.0,0.0,100.0
13420,28.102861642837524,11332,0.0,0.0,100.0
13430,28.12379026412964,11332,0.0,0.0,100.0
13440,28.14526915550232,11332,0.0,0.0,100.0
13450,28.164994716644287,11332,0.0,0.0,100.0
13460,28.186824083328247,11332,0.0,0.0,100.0
13470,28.206995248794556,11332,0.0,0.0,100.0
13480,28.227651357650757,11332,0.0,0.0,100.0
13490,28.247283220291138,11332,0.0,0.0,100.0
13500,28.268193006515503,11332,0.0,0.0,100.0
13510,28.288270473480225,11332,0.0,0.0,100.0
13520,28.310862064361572,11332,0.0,0.0,100.0
13530,28.33034586906433,11332,0.0,0.0,100.0
13540,28.351884841918945,11332,0.0,0.0,100.0
13550,28.373350143432617,11332,0.0,0.0,100.0
13560,28.392831802368164,11332,0.0,0.0,100.0
13570,28.41069221496582,11332,0.0,0.0,100.0
13580,28.43100905418396,11332,0.0,0.0,100.0
13590,28.44893765449524,11332,0.0,0.0,100.0
13600,28.468016386032104,11332,0.0,0.0,100.0
13610,28.486976385116577,11332,0.0,0.0,100.0
13620,28.50600004196167,11332,0.0,0.0,100.0
13630,28.524712324142456,11332,0.0,0.0,100.0
13640,28.545129776000977,11332,0.0,0.0,100.0
13650,28.564696788787842,11332,0.0,0.0,100.0
13660,28.584243059158325,11332,0.0,0.0,100.0
13670,28.60783314704895,11332,0.0,0.0,100.0
13680,28.627826690673828,11332,0.0,0.0,100.0
13690,28.64771604537964,11332,0.0,0.0,100.0
13700,28.66767978668213,11332,0.0,0.0,100.0
13710,28.691365003585815,11332,0.0,0.0,100.0
13715,28.70253324508667,11332,0.0,0.0,100.0
13720,28.714315176010132,11332,0.0,0.0,100.0
13730,28.734785079956055,11332,0.0,0.0,100.0
13740,28.754345417022705,11332,0.0,0.0,100.0
13750,28.774542808532715,11332,0.0,0.0,100.0
13760,28.79424238204956,11332,0.0,0.0,100.0
13770,28.814523935317993,11332,0.0,0.0,100.0
13780,28.83486533164978,11332,0.0,0.0,100.0
13790,28.8524227142334,11332,0.0,0.0,100.0
13800,28.873254776000977,11332,0.0,0.0,100.0
13810,28.892526865005493,11332,0.0,0.0,100.0
13820,28.913854598999023,11332,0.0,0.0,100.0
13830,28.934614419937134,11332,0.0,0.0,100.0
13840,28.95352602005005,11332,0.0,0.0,100.0
13850,28.97497296333313,11332,0.0,0.0,100.0
13860,28.99342155456543,11332,0.0,0.0,100.0
13870,29.012908220291138,11332,0.0,0.0,100.0
13880,29.033076286315918,11332,0.0,0.0,100.0
13890,29.05156707763672,11332,0.0,0.0,100.0
13900,29.07201099395752,11332,0.0,0.0,100.0
13910,29.09119200706482,11332,0.0,0.0,100.0
13920,29.111180543899536,11332,0.0,0.0,100.0
13930,29.129175424575806,11332,0.0,0.0,100.0
13940,29.14718723297119,11332,0.0,0.0,100.0
13950,29.16727089881897,11332,0.0,0.0,100.0
13960,29.190276384353638,11332,0.0,0.0,100.0
13970,29.20963144302368,11332,0.0,0.0,100.0
13980,29.228344678878784,11332,0.0,0.0,100.0
13990,29.249140977859497,11332,0.0,0.0,100.0
14000,29.26957058906555,11332,0.0,0.0,100.0
14010,29.290537357330322,11332,0.0,0.0,100.0
14020,29.312047004699707,11332,0.0,0.0,100.0
14030,29.33245611190796,11332,0.0,0.0,100.0
14040,29.352087020874023,11332,0.0,0.0,100.0
14050,29.370744466781616,11332,0.0,0.0,100.0
14060,29.38980793952942,11332,0.0,0.0,100.0
14070,29.41038465499878,11332,0.0,0.0,100.0
14080,29.429567337036133,11332,0.0,0.0,100.0
14090,29.447670459747314,11332,0.0,0.0,100.0
14098,29.46453833580017,11332,0.0,0.0,100.0
14100,29.468061685562134,11332,0.0,0.0,100.0
14106,29.481657028198242,11332,0.0,0.0,100.0
14110,29.490427494049072,11332,0.0,0.0,100.0
14120,29.510956287384033,11332,0.0,0.0,100.0
14130,29.529844760894775,11332,0.0,0.0,100.0
14140,29.54748272895813,11332,0.0,0.0,100.0
14150,29.56936001777649,11332,0.0,0.0,100.0
14160,29.590810775756836,11332,0.0,0.0,100.0
14170,29.61010980606079,11332,0.0,0.0,100.0
14180,29.627801418304443,11332,0.0,0.0,100.0
14190,29.647074699401855,11332,0.0,0.0,100.0
14200,29.66719913482666,11332,0.0,0.0,100.0
14210,29.685807466506958,11332,0.0,0.0,100.0
14220,29.70417594909668,11332,0.0,0.0,100.0
14229,29.723538875579834,11333,0.0,0.0,100.0
14230,29.72563099861145,11333,0.0,0.0,100.0
14240,29.746816873550415,11333,0.0,0.0,100.0
14250,29.76921772956848,11333,0.0,0.0,100.0
14257,29.783681869506836,11333,0.0,0.0,100.0
14260,29.790546894073486,11333,0.0,0.0,100.0
14270,29.811057806015015,11333,0.0,0.0,100.0
14280,29.83139967918396,11333,0.0,0.0,100.0
14290,29.849817276000977,11333,0.0,0.0,100.0
14300,29.87162971496582,11333,0.0,0.0,100.0
14310,29.892026901245117,11333,0.0,0.0,100.0
14320,29.914702653884888,11333,0.0,0.0,100.0
14330,29.934277296066284,11333,0.0,0.0,100.0
14340,29.956326723098755,11333,0.0,0.0,100.0
14350,29.98002576828003,11333,0.0,0.0,100.0
14360,30.0026638507843,11333,0.0,0.0,100.0
14370,30.02432370185852,11333,0.0,0.0,100.0
14380,30.04541516304016,11333,0.0,0.0,100.0
14390,30.063620805740356,11333,0.0,0.0,100.0
14400,30.085017919540405,11333,0.0,0.0,100.0
14410,30.105942249298096,11333,0.0,0.0,100.0
14420,30.128424882888794,11333,0.0,0.0,100.0
14430,30.150236129760742,11333,0.0,0.0,100.0
14440,30.169066667556763,11333,0.0,0.0,100.0
14450,30.192310333251953,11333,0.0,0.0,100.0
14460,30.212910413742065,11333,0.0,0.0,100.0
14470,30.234317779541016,11333,0.0,0.0,100.0
14480,30.255364656448364,11333,0.0,0.0,100.0
14490,30.275616884231567,11333,0.0,0.0,100.0
14500,30.29335379600525,11333,0.0,0.0,100.0
14510,30.314409017562866,11333,0.0,0.0,100.0
14520,30.336860418319702,11333,0.0,0.0,100.0
14530,30.359946250915527,11333,0.0,0.0,100.0
14540,30.379441022872925,11333,0.0,0.0,100.0
14550,30.3990478515625,11333,0.0,0.0,100.0
14560,30.42005181312561,11333,0.0,0.0,100.0
14570,30.44096064567566,11333,0.0,0.0,100.0
14580,30.4578959941864,11333,0.0,0.0,100.0
14590,30.47857666015625,11333,0.0,0.0,100.0
14600,30.49652600288391,11333,0.0,0.0,100.0
14610,30.516369581222534,11333,0.0,0.0,100.0
14620,30.537205934524536,11333,0.0,0.0,100.0
14630,30.558813095092773,11333,0.0,0.0,100.0
14640,30.580913066864014,11333,0.0,0.0,100.0
14650,30.60082483291626,11333,0.0,0.0,100.0
14660,30.621546030044556,11333,0.0,0.0,100.0
14670,30.640979528427124,11333,0.0,0.0,100.0
14680,30.661866188049316,11333,0.0,0.0,100.0
14690,30.684934616088867,11333,0.0,0.0,100.0
14700,30.706087350845337,11333,0.0,0.0,100.0
14710,30.72754406929016,11333,0.0,0.0,100.0
14720,30.75013041496277,11333,0.0,0.0,100.0
14730,30.771051168441772,11333,0.0,0.0,100.0
14740,30.79315447807312,11333,0.0,0.0,100.0
14750,30.81488537788391,11333,0.0,0.0,100.0
14760,30.834442377090454,11333,0.0,0.0,100.0
14770,30.853471994400024,11333,0.0,0.0,100.0
14780,30.872509956359863,11333,0.0,0.0,100.0
14790,30.891492128372192,11333,0.0,0.0,100.0
14794,30.899681091308594,11333,0.0,0.0,100.0
14800,30.91104745864868,11333,0.0,0.0,100.0
14810,30.931150436401367,11333,0.0,0.0,100.0
14820,30.950813055038452,11333,0.0,0.0,100.0
14830,30.96883511543274,11333,0.0,0.0,100.0
14840,30.98959517478943,11333,0.0,0.0,100.0
14843,30.996302604675293,11333,0.0,0.0,100.0
14850,31.01059079170227,11333,0.0,0.0,100.0
14860,31.03127694129944,11333,0.0,0.0,100.0
14870,31.050775051116943,11333,0.0,0.0,100.0
14880,31.072640657424927,11333,0.0,0.0,100.0
14890,31.095985651016235,11333,0.0,0.0,100.0
14900,31.116249322891235,11333,0.0,0.0,100.0
14910,31.13520884513855,11333,0.0,0.0,100.0
14920,31.155954360961914,11333,0.0,0.0,100.0
14930,31.17884349822998,11333,0.0,0.0,100.0
14940,31.198465585708618,11333,0.0,0.0,100.0
14950,31.220547437667847,11333,0.0,0.0,100.0
14960,31.24071168899536,11333,0.0,0.0,100.0
14970,31.260921239852905,11333,0.0,0.0,100.0
14980,31.28079843521118,11333,0.0,0.0,100.0
14990,31.30047845840454,11333,0.0,0.0,100.0
15000,31.31822395324707,11333,0.0,0.0,100.0
15010,31.339354753494263,11333,0.0,0.0,100.0
15020,31.358626127243042,11333,0.0,0.0,100.0
15030,31.374178886413574,11333,0.0,0.0,100.0
15040,31.393027782440186,11333,0.0,0.0,100.0
15050,31.413912057876587,11333,0.0,0.0,100.0
15060,31.435104846954346,11333,0.0,0.0,100.0
15070,31.456793785095215,11333,0.0,0.0,100.0
15080,31.47787642478943,11333,0.0,0.0,100.0
15090,31.497965097427368,11333,0.0,0.0,100.0
15100,31.516120433807373,11333,0.0,0.0,100.0
15110,31.533969402313232,11333,0.0,0.0,100.0
15120,31.554770469665527,11333,0.0,0.0,100.0
15130,31.577026844024658,11333,0.0,0.0,100.0
15140,31.598020315170288,11333,0.0,0.0,100.0
15150,31.61783456802368,11333,0.0,0.0,100.0
15152,31.622515201568604,11333,0.0,0.0,100.0
15160,31.63898754119873,11333,0.0,0.0,100.0
15170,31.659504652023315,11333,0.0,0.0,100.0
15180,31.679959774017334,11333,0.0,0.0,100.0
15190,31.69937562942505,11333,0.0,0.0,100.0
15200,31.718074083328247,11333,0.0,0.0,100.0
15206,31.732243061065674,11333,0.0,0.0,100.0
15210,31.74129891395569,11333,0.0,0.0,100.0
15220,31.765332460403442,11333,0.0,0.0,100.0
15230,31.78942322731018,11333,0.0,0.0,100.0
15240,31.80967378616333,11333,0.0,0.0,100.0
15250,31.832064151763916,11333,0.0,0.0,100.0
15260,31.851406574249268,11333,0.0,0.0,100.0
15270,31.871373414993286,11333,0.0,0.0,100.0
15280,31.89261221885681,11333,0.0,0.0,100.0
15290,31.91229486465454,11333,0.0,0.0,100.0
15300,31.932766675949097,11333,0.0,0.0,100.0
15310,31.954556941986084,11333,0.0,0.0,100.0
15320,31.974812984466553,11333,0.0,0.0,100.0
15330,31.996493577957153,11333,0.0,0.0,100.0
15340,32.01729202270508,11333,0.0,0.0,100.0
15350,32.038049936294556,11333,0.0,0.0,100.0
15360,32.05861306190491,11333,0.0,0.0,100.0
15370,32.080552101135254,11333,0.0,0.0,100.0
15380,32.09790802001953,11333,0.0,0.0,100.0
15390,32.11740970611572,11333,0.0,0.0,100.0
15400,32.13591742515564,11333,0.0,0.0,100.0
15410,32.155526638031006,11333,0.0,0.0,100.0
15420,32.17541456222534,11333,0.0,0.0,100.0
15430,32.197665214538574,11333,0.0,0.0,100.0
15440,32.21787691116333,11333,0.0,0.0,100.0
15450,32.237448930740356,11333,0.0,0.0,100.0
15460,32.259690284729004,11333,0.0,0.0,100.0
15470,32.281373262405396,11333,0.0,0.0,100.0
15480,32.302918910980225,11333,0.0,0.0,100.0
15490,32.32310962677002,11333,0.0,0.0,100.0
15500,32.34326910972595,11333,0.0,0.0,100.0
15510,32.365564823150635,11333,0.0,0.0,100.0
15520,32.38595104217529,11333,0.0,0.0,100.0
15530,32.403640031814575,11333,0.0,0.0,100.0
15540,32.42437243461609,11333,0.0,0.0,100.0
15550,32.44391584396362,11333,0.0,0.0,100.0
15560,32.46250057220459,11333,0.0,0.0,100.0
15570,32.48127007484436,11333,0.0,0.0,100.0
15580,32.50045394897461,11333,0.0,0.0,100.0
15590,32.52144432067871,11333,0.0,0.0,100.0
15598,32.538809061050415,11333,0.0,0.0,100.0
15600,32.54201650619507,11333,0.0,0.0,100.0
15610,32.562212228775024,11333,0.0,0.0,100.0
15620,32.58070516586304,11333,0.0,0.0,100.0
15630,32.6001410484314,11333,0.0,0.0,100.0
15640,32.619038343429565,11333,0.0,0.0,100.0
15650,32.63952279090881,11333,0.0,0.0,100.0
15660,32.65803360939026,11333,0.0,0.0,100.0
15670,32.67630457878113,11333,0.0,0.0,100.0
15680,32.69402003288269,11333,0.0,0.0,100.0
15690,32.7129065990448,11333,0.0,0.0,100.0
15700,32.734126806259155,11333,0.0,0.0,100.0
15710,32.7563202381134,11333,0.0,0.0,100.0
15720,32.77931332588196,11333,0.0,0.0,100.0
15730,32.798648834228516,11333,0.0,0.0,100.0
15740,32.8176748752594,11333,0.0,0.0,100.0
15750,32.83648347854614,11333,0.0,0.0,100.0
15760,32.85348677635193,11333,0.0,0.0,100.0
15770,32.872681856155396,11333,0.0,0.0,100.0
15780,32.89206504821777,11333,0.0,0.0,100.0
15790,32.91394019126892,11333,0.0,0.0,100.0
15800,32.933287620544434,11333,0.0,0.0,100.0
15810,32.95233082771301,11333,0.0,0.0,100.0
15820,32.97070360183716,11333,0.0,0.0,100.0
15830,32.993016481399536,11333,0.0,0.0,100.0
15840,33.0159649848938,11333,0.0,0.0,100.0
15850,33.04411482810974,11333,0.0,0.0,100.0
15860,33.07022500038147,11333,0.0,0.0,100.0
15863,33.07591986656189,11334,0.0,0.0,100.0
15870,33.08952856063843,11334,0.0,0.0,100.0
15880,33.10837697982788,11334,0.0,0.0,100.0
15890,33.129430055618286,11334,0.0,0.0,100.0
15900,33.148573875427246,11334,0.0,0.0,100.0
15910,33.16792130470276,11334,0.0,0.0,100.0
15920,33.18844032287598,11334,0.0,0.0,100.0
15930,33.206711769104004,11334,0.0,0.0,100.0
15940,33.22706890106201,11334,0.0,0.0,100.0
15950,33.24606275558472,11334,0.0,0.0,100.0
15960,33.2674241065979,11334,0.0,0.0,100.0
15970,33.28838777542114,11334,0.0,0.0,100.0
15980,33.30968236923218,11334,0.0,0.0,100.0
15990,33.33027648925781,11334,0.0,0.0,100.0
16000,33.347975969314575,11334,0.0,0.0,100.0
16010,33.36726403236389,11334,0.0,0.0,100.0
16020,33.38711500167847,11334,0.0,0.0,100.0
16030,33.40610361099243,11334,0.0,0.0,100.0
16040,33.423603534698486,11334,0.0,0.0,100.0
16050,33.44435381889343,11334,0.0,0.0,100.0
16060,33.46622943878174,11334,0.0,0.0,100.0
16070,33.486594915390015,11334,0.0,0.0,100.0
16080,33.506704807281494,11334,0.0,0.0,100.0
16090,33.52599859237671,11334,0.0,0.0,100.0
16100,33.54723858833313,11334,0.0,0.0,100.0
16110,33.56589126586914,11334,0.0,0.0,100.0
16120,33.58772802352905,11334,0.0,0.0,100.0
16130,33.60962462425232,11334,0.0,0.0,100.0
16140,33.62816500663757,11334,0.0,0.0,100.0
16142,33.63342475891113,11334,0.0,0.0,100.0
16150,33.6503541469574,11334,0.0,0.0,100.0
16160,33.67030191421509,11334,0.0,0.0,100.0
16170,33.68981432914734,11334,0.0,0.0,100.0
16180,33.71151375770569,11334,0.0,0.0,100.0
16190,33.73364806175232,11334,0.0,0.0,100.0
16200,33.75193548202515,11334,0.0,0.0,100.0
16210,33.770174503326416,11334,0.0,0.0,100.0
16220,33.794461727142334,11334,0.0,0.0,100.0
16230,33.81484580039978,11334,0.0,0.0,100.0
16233,33.8204083442688,11334,0.0,0.0,100.0
16240,33.83481240272522,11334,0.0,0.0,100.0
16250,33.857556104660034,11334,0.0,0.0,100.0
16260,33.8809609413147,11334,0.0,0.0,100.0
16270,33.902077198028564,11334,0.0,0.0,100.0
16280,33.92364525794983,11334,0.0,0.0,100.0
16290,33.942455768585205,11334,0.0,0.0,100.0
16300,33.96065068244934,11334,0.0,0.0,100.0
16310,33.98079013824463,11334,0.0,0.0,100.0
16320,34.001960039138794,11334,0.0,0.0,100.0
16330,34.0228545665741,11334,0.0,0.0,100.0
16340,34.04068350791931,11334,0.0,0.0,100.0
16350,34.06013298034668,11334,0.0,0.0,100.0
16360,34.07823371887207,11334,0.0,0.0,100.0
16370,34.09703350067139,11334,0.0,0.0,100.0
16380,34.11580443382263,11334,0.0,0.0,100.0
16390,34.13677740097046,11334,0.0,0.0,100.0
16400,34.15585374832153,11334,0.0,0.0,100.0
16410,34.176007986068726,11334,0.0,0.0,100.0
16420,34.19762825965881,11334,0.0,0.0,100.0
16430,34.21817588806152,11334,0.0,0.0,100.0
16440,34.23599576950073,11334,0.0,0.0,100.0
16450,34.25578784942627,11334,0.0,0.0,100.0
16457,34.27192044258118,11334,0.0,0.0,100.0
16460,34.27720284461975,11334,0.0,0.0,100.0
16470,34.29990887641907,11334,0.0,0.0,100.0
16480,34.32025384902954,11334,0.0,0.0,100.0
16490,34.340083837509155,11334,0.0,0.0,100.0
16500,34.3590931892395,11334,0.0,0.0,100.0
16510,34.37878394126892,11334,0.0,0.0,100.0
16520,34.39853024482727,11334,0.0,0.0,100.0
16530,34.41821026802063,11334,0.0,0.0,100.0
16540,34.43856477737427,11334,0.0,0.0,100.0
16550,34.4587836265564,11334,0.0,0.0,100.0
16560,34.480997800827026,11334,0.0,0.0,100.0
16570,34.49904465675354,11334,0.0,0.0,100.0
16580,34.518571853637695,11334,0.0,0.0,100.0
16590,34.53817963600159,11334,0.0,0.0,100.0
16600,34.55577325820923,11334,0.0,0.0,100.0
16610,34.57725524902344,11334,0.0,0.0,100.0
16620,34.5971474647522,11334,0.0,0.0,100.0
16630,34.618042945861816,11334,0.0,0.0,100.0
16640,34.640501499176025,11334,0.0,0.0,100.0
16650,34.661555767059326,11334,0.0,0.0,100.0
16660,34.68332839012146,11334,0.0,0.0,100.0
16670,34.70343208312988,11334,0.0,0.0,100.0
16680,34.72228288650513,11334,0.0,0.0,100.0
16690,34.74012613296509,11334,0.0,0.0,100.0
16700,34.76118612289429,11334,0.0,0.0,100.0
16710,34.78237795829773,11334,0.0,0.0,100.0
16720,34.801218032836914,11334,0.0,0.0,100.0
16730,34.82216954231262,11334,0.0,0.0,100.0
16740,34.8432343006134,11334,0.0,0.0,100.0
16750,34.864497661590576,11334,0.0,0.0,100.0
16760,34.88813591003418,11334,0.0,0.0,100.0
16770,34.90814781188965,11334,0.0,0.0,100.0
16780,34.92755436897278,11334,0.0,0.0,100.0
16790,34.94865131378174,11334,0.0,0.0,100.0
16800,34.968655586242676,11334,0.0,0.0,100.0
16810,34.98768877983093,11334,0.0,0.0,100.0
16820,35.007152795791626,11334,0.0,0.0,100.0
16830,35.03159022331238,11334,0.0,0.0,100.0
16840,35.059248208999634,11334,0.0,0.0,100.0
16850,35.08063006401062,11334,0.0,0.0,100.0
16860,35.1027991771698,11334,0.0,0.0,100.0
16870,35.12388467788696,11334,0.0,0.0,100.0
16880,35.14307761192322,11334,0.0,0.0,100.0
16890,35.16311836242676,11334,0.0,0.0,100.0
16900,35.180521726608276,11334,0.0,0.0,100.0
16910,35.20005178451538,11334,0.0,0.0,100.0
16920,35.22214317321777,11334,0.0,0.0,100.0
16930,35.24318528175354,11334,0.0,0.0,100.0
16940,35.26278901100159,11334,0.0,0.0,100.0
16950,35.2848174571991,11334,0.0,0.0,100.0
16960,35.30410623550415,11334,0.0,0.0,100.0
16970,35.325439453125,11334,0.0,0.0,100.0
16980,35.346025466918945,11334,0.0,0.0,100.0
16990,35.36765694618225,11334,0.0,0.0,100.0
17000,35.38893437385559,11334,0.0,0.0,100.0
17010,35.40953016281128,11334,0.0,0.0,100.0
17020,35.42825388908386,11334,0.0,0.0,100.0
17030,35.44578242301941,11334,0.0,0.0,100.0
17040,35.46287226676941,11334,0.0,0.0,100.0
17050,35.48144555091858,11334,0.0,0.0,100.0
17060,35.4995903968811,11334,0.0,0.0,100.0
17070,35.521080017089844,11334,0.0,0.0,100.0
17080,35.53893327713013,11334,0.0,0.0,100.0
17090,35.56052851676941,11334,0.0,0.0,100.0
17100,35.57883143424988,11334,0.0,0.0,100.0
17110,35.59937071800232,11334,0.0,0.0,100.0
17120,35.62094974517822,11334,0.0,0.0,100.0
17125,35.630550384521484,11334,0.0,0.0,100.0
17130,35.64152526855469,11334,0.0,0.0,100.0
17140,35.66297650337219,11334,0.0,0.0,100.0
17150,35.6835081577301,11334,0.0,0.0,100.0
17160,35.70202326774597,11334,0.0,0.0,100.0
17170,35.72232460975647,11334,0.0,0.0,100.0
17180,35.74192690849304,11334,0.0,0.0,100.0
17190,35.7627649307251,11334,0.0,0.0,100.0
17200,35.78389382362366,11334,0.0,0.0,100.0
17210,35.8049373626709,11334,0.0,0.0,100.0
17220,35.8246750831604,11334,0.0,0.0,100.0
17230,35.84642744064331,11334,0.0,0.0,100.0
17240,35.86786222457886,11334,0.0,0.0,100.0
17250,35.8882954120636,11334,0.0,0.0,100.0
17260,35.90781855583191,11334,0.0,0.0,100.0
17270,35.928245306015015,11334,0.0,0.0,100.0
17280,35.94823980331421,11334,0.0,0.0,100.0
17289,35.9656548500061,11334,0.0,0.0,100.0
17290,35.96772480010986,11334,0.0,0.0,100.0
17300,35.98778247833252,11334,0.0,0.0,100.0
17310,36.00711512565613,11334,0.0,0.0,100.0
17320,36.02731800079346,11334,0.0,0.0,100.0
17330,36.04707717895508,11334,0.0,0.0,100.0
17340,36.067620515823364,11334,0.0,0.0,100.0
17350,36.08877205848694,11334,0.0,0.0,100.0
17360,36.10983490943909,11334,0.0,0.0,100.0
17370,36.13009691238403,11334,0.0,0.0,100.0
17380,36.14996862411499,11334,0.0,0.0,100.0
17390,36.167386054992676,11334,0.0,0.0,100.0
17400,36.18666458129883,11334,0.0,0.0,100.0
17410,36.2064573764801,11334,0.0,0.0,100.0
17420,36.225085973739624,11334,0.0,0.0,100.0
17430,36.246052742004395,11334,0.0,0.0,100.0
17440,36.268227100372314,11334,0.0,0.0,100.0
17450,36.290623903274536,11334,0.0,0.0,100.0
17460,36.31280040740967,11334,0.0,0.0,100.0
17470,36.33325123786926,11334,0.0,0.0,100.0
17480,36.35203146934509,11334,0.0,0.0,100.0
17490,36.372146129608154,11334,0.0,0.0,100.0
17500,36.392301082611084,11334,0.0,0.0,100.0
17510,36.41023850440979,11334,0.0,0.0,100.0
17520,36.43048691749573,11334,0.0,0.0,100.0
17530,36.448753356933594,11334,0.0,0.0,100.0
17540,36.46920824050903,11334,0.0,0.0,100.0
17550,36.49100089073181,11334,0.0,0.0,100.0
17560,36.509902000427246,11334,0.0,0.0,100.0
17570,36.52898716926575,11334,0.0,0.0,100.0
17580,36.548301696777344,11334,0.0,0.0,100.0
17590,36.56828427314758,11334,0.0,0.0,100.0
17600,36.585617542266846,11334,0.0,0.0,100.0
17610,36.607574224472046,11334,0.0,0.0,100.0
17620,36.628278732299805,11334,0.0,0.0,100.0
17630,36.649253606796265,11334,0.0,0.0,100.0
17640,36.67002034187317,11334,0.0,0.0,100.0
17650,36.690351486206055,11334,0.0,0.0,100.0
17660,36.710041999816895,11334,0.0,0.0,100.0
17670,36.73137450218201,11334,0.0,0.0,100.0
17680,36.752601623535156,11334,0.0,0.0,100.0
17687,36.76741576194763,11334,0.0,0.0,100.0
17690,36.774075984954834,11334,0.0,0.0,100.0
17700,36.7961802482605,11334,0.0,0.0,100.0
17710,36.81705355644226,11334,0.0,0.0,100.0
17720,36.83914232254028,11334,0.0,0.0,100.0
17730,36.858487367630005,11334,0.0,0.0,100.0
17740,36.880189180374146,11334,0.0,0.0,100.0
17750,36.901143312454224,11334,0.0,0.0,100.0
17760,36.92189645767212,11334,0.0,0.0,100.0
17770,36.941038608551025,11334,0.0,0.0,100.0
17780,36.95791411399841,11334,0.0,0.0,100.0
17790,36.9774489402771,11334,0.0,0.0,100.0
17800,36.99424123764038,11334,0.0,0.0,100.0
17810,37.01118803024292,11334,0.0,0.0,100.0
17813,37.01766633987427,11334,0.0,0.0,100.0
17820,37.02946758270264,11334,0.0,0.0,100.0
17830,37.0474157333374,11334,0.0,0.0,100.0
17840,37.06636357307434,11334,0.0,0.0,100.0
17850,37.086557388305664,11334,0.0,0.0,100.0
17860,37.10604000091553,11334,0.0,0.0,100.0
17870,37.12580585479736,11334,0.0,0.0,100.0
17880,37.14534115791321,11334,0.0,0.0,100.0
17890,37.1648964881897,11334,0.0,0.0,100.0
17900,37.18506836891174,11334,0.0,0.0,100.0
17910,37.2058687210083,11334,0.0,0.0,100.0
17920,37.22450041770935,11334,0.0,0.0,100.0
17930,37.24670910835266,11334,0.0,0.0,100.0
17938,37.262126207351685,11334,0.0,0.0,100.0
17940,37.26572036743164,11334,0.0,0.0,100.0
17950,37.28527212142944,11334,0.0,0.0,100.0
17960,37.30546283721924,11334,0.0,0.0,100.0
17970,37.32702851295471,11334,0.0,0.0,100.0
17980,37.34679651260376,11334,0.0,0.0,100.0
17990,37.36567306518555,11334,0.0,0.0,100.0
18000,37.38683223724365,11334,0.0,0.0,100.0
18010,37.40831160545349,11334,0.0,0.0,100.0
18020,37.4294810295105,11334,0.0,0.0,100.0
18030,37.44931507110596,11334,0.0,0.0,100.0
18040,37.467740297317505,11334,0.0,0.0,100.0
18050,37.4862642288208,11334,0.0,0.0,100.0
18060,37.50537300109863,11334,0.0,0.0,100.0
18070,37.524333238601685,11334,0.0,0.0,100.0
18080,37.54522657394409,11334,0.0,0.0,100.0
18090,37.56515955924988,11334,0.0,0.0,100.0
18100,37.58596968650818,11334,0.0,0.0,100.0
18110,37.60523223876953,11334,0.0,0.0,100.0
18120,37.62464237213135,11334,0.0,0.0,100.0
18130,37.64574909210205,11334,0.0,0.0,100.0
18140,37.66484069824219,11334,0.0,0.0,100.0
18150,37.6846764087677,11334,0.0,0.0,100.0
18160,37.70847773551941,11334,0.0,0.0,100.0
18170,37.726096868515015,11334,0.0,0.0,100.0
18180,37.7475848197937,11334,0.0,0.0,100.0
18189,37.76595211029053,11334,0.0,0.0,100.0
18190,37.768117904663086,11334,0.0,0.0,100.0
18200,37.78723907470703,11334,0.0,0.0,100.0
18210,37.80767273902893,11334,0.0,0.0,100.0
18217,37.82139015197754,11334,0.0,0.0,100.0
18220,37.82770562171936,11334,0.0,0.0,100.0
18230,37.848416805267334,11334,0.0,0.0,100.0
18240,37.86770224571228,11334,0.0,0.0,100.0
18250,37.8872287273407,11334,0.0,0.0,100.0
18260,37.90889573097229,11334,0.0,0.0,100.0
18270,37.9271035194397,11334,0.0,0.0,100.0
18280,37.94438052177429,11334,0.0,0.0,100.0
18290,37.96534848213196,11334,0.0,0.0,100.0
18296,37.97791314125061,11335,0.0,0.0,100.0
18300,37.98618960380554,11335,0.0,0.0,100.0
18310,38.00495457649231,11335,0.0,0.0,100.0
18320,38.02458667755127,11335,0.0,0.0,100.0
18330,38.04168248176575,11335,0.0,0.0,100.0
18340,38.061413288116455,11335,0.0,0.0,100.0
18350,38.084304332733154,11335,0.0,0.0,100.0
18360,38.106096506118774,11335,0.0,0.0,100.0
18370,38.12572431564331,11335,0.0,0.0,100.0
18380,38.14523673057556,11335,0.0,0.0,100.0
18390,38.16709327697754,11335,0.0,0.0,100.0
18400,38.18718385696411,11335,0.0,0.0,100.0
18410,38.20813536643982,11335,0.0,0.0,100.0
18420,38.22817659378052,11335,0.0,0.0,100.0
18429,38.24772119522095,11335,0.0,0.0,100.0
18430,38.24989581108093,11335,0.0,0.0,100.0
18440,38.26989793777466,11335,0.0,0.0,100.0
18450,38.2904109954834,11335,0.0,0.0,100.0
18460,38.31120324134827,11335,0.0,0.0,100.0
18470,38.33254075050354,11335,0.0,0.0,100.0
18480,38.35657453536987,11335,0.0,0.0,100.0
18490,38.376325607299805,11335,0.0,0.0,100.0
18500,38.39545798301697,11335,0.0,0.0,100.0
18510,38.41435146331787,11335,0.0,0.0,100.0
18520,38.43137454986572,11335,0.0,0.0,100.0
18530,38.45012450218201,11335,0.0,0.0,100.0
18540,38.46809363365173,11335,0.0,0.0,100.0
18550,38.48646068572998,11335,0.0,0.0,100.0
18560,38.508589029312134,11335,0.0,0.0,100.0
18570,38.53221583366394,11335,0.0,0.0,100.0
18580,38.55482578277588,11335,0.0,0.0,100.0
18590,38.57634472846985,11335,0.0,0.0,100.0
18600,38.59799122810364,11335,0.0,0.0,100.0
18610,38.62117791175842,11335,0.0,0.0,100.0
18620,38.641764402389526,11335,0.0,0.0,100.0
18630,38.66535019874573,11335,0.0,0.0,100.0
18640,38.68697810173035,11335,0.0,0.0,100.0
18650,38.70567345619202,11335,0.0,0.0,100.0
18660,38.731353759765625,11335,0.0,0.0,100.0
18670,38.75433397293091,11335,0.0,0.0,100.0
18680,38.77946639060974,11335,0.0,0.0,100.0
18690,38.80024027824402,11335,0.0,0.0,100.0
18700,38.822890281677246,11335,0.0,0.0,100.0
18710,38.84549593925476,11335,0.0,0.0,100.0
18715,38.86177897453308,11335,0.0,0.0,100.0
18720,38.87133431434631,11335,0.0,0.0,100.0
18730,38.895437717437744,11335,0.0,0.0,100.0
18738,38.911630630493164,11335,0.0,0.0,100.0
18740,38.91529607772827,11335,0.0,0.0,100.0
18750,38.93602895736694,11335,0.0,0.0,100.0
18760,38.95960593223572,11335,0.0,0.0,100.0
18770,38.981186628341675,11335,0.0,0.0,100.0
18780,39.00306940078735,11335,0.0,0.0,100.0
18790,39.02387189865112,11335,0.0,0.0,100.0
18800,39.04412841796875,11335,0.0,0.0,100.0
18810,39.064995527267456,11335,0.0,0.0,100.0
18820,39.086408853530884,11335,0.0,0.0,100.0
18826,39.098876953125,11335,0.0,0.0,100.0
18830,39.10732293128967,11335,0.0,0.0,100.0
18840,39.12532567977905,11335,0.0,0.0,100.0
18850,39.14600658416748,11335,0.0,0.0,100.0
18860,39.16429328918457,11335,0.0,0.0,100.0
18870,39.181156635284424,11335,0.0,0.0,100.0
18880,39.20317077636719,11335,0.0,0.0,100.0
18890,39.22265958786011,11335,0.0,0.0,100.0
18900,39.24343132972717,11335,0.0,0.0,100.0
18910,39.26321482658386,11335,0.0,0.0,100.0
18920,39.281533002853394,11335,0.0,0.0,100.0
18930,39.29888916015625,11335,0.0,0.0,100.0
18940,39.31940317153931,11335,0.0,0.0,100.0
18950,39.33780241012573,11335,0.0,0.0,100.0
18960,39.357229709625244,11335,0.0,0.0,100.0
18970,39.3779296875,11335,0.0,0.0,100.0
18980,39.397825956344604,11335,0.0,0.0,100.0
18990,39.41719198226929,11335,0.0,0.0,100.0
19000,39.4359245300293,11335,0.0,0.0,100.0
19010,39.45486927032471,11335,0.0,0.0,100.0
19020,39.473978757858276,11335,0.0,0.0,100.0
19030,39.49385118484497,11335,0.0,0.0,100.0
19040,39.51279664039612,11335,0.0,0.0,100.0
19050,39.5303590297699,11335,0.0,0.0,100.0
19060,39.550177335739136,11335,0.0,0.0,100.0
19070,39.570446491241455,11335,0.0,0.0,100.0
19080,39.59149646759033,11335,0.0,0.0,100.0
19090,39.61038637161255,11335,0.0,0.0,100.0
19100,39.629597663879395,11335,0.0,0.0,100.0
19104,39.63764142990112,11335,0.0,0.0,100.0
19110,39.64968967437744,11335,0.0,0.0,100.0
19120,39.66758441925049,11335,0.0,0.0,100.0
19130,39.68649339675903,11335,0.0,0.0,100.0
19140,39.710083961486816,11335,0.0,0.0,100.0
19150,39.729477882385254,11335,0.0,0.0,100.0
19160,39.75024056434631,11335,0.0,0.0,100.0
19170,39.7712025642395,11335,0.0,0.0,100.0
19180,39.78916263580322,11335,0.0,0.0,100.0
19184,39.79734706878662,11336,0.0,0.0,100.0
19190,39.80752420425415,11336,0.0,0.0,100.0
19200,39.82746767997742,11336,0.0,0.0,100.0
19210,39.847089529037476,11336,0.0,0.0,100.0
19219,39.8649537563324,11336,0.0,0.0,100.0
19220,39.866482973098755,11336,0.0,0.0,100.0
19230,39.88811683654785,11336,0.0,0.0,100.0
19240,39.907999992370605,11336,0.0,0.0,100.0
19250,39.92897415161133,11336,0.0,0.0,100.0
19260,39.950297594070435,11336,0.0,0.0,100.0
19270,39.97049331665039,11336,0.0,0.0,100.0
19280,39.99167060852051,11336,0.0,0.0,100.0
19290,40.013243198394775,11336,0.0,0.0,100.0
19300,40.031200647354126,11336,0.0,0.0,100.0
19310,40.05286002159119,11336,0.0,0.0,100.0
19320,40.07308602333069,11336,0.0,0.0,100.0
19330,40.093677282333374,11336,0.0,0.0,100.0
19340,40.11510109901428,11336,0.0,0.0,100.0
19350,40.135106801986694,11336,0.0,0.0,100.0
19360,40.157942056655884,11336,0.0,0.0,100.0
19370,40.17899703979492,11336,0.0,0.0,100.0
19380,40.20358419418335,11336,0.0,0.0,100.0
19390,40.22428894042969,11336,0.0,0.0,100.0
19400,40.24300837516785,11336,0.0,0.0,100.0
19410,40.26194357872009,11336,0.0,0.0,100.0
19420,40.28305697441101,11336,0.0,0.0,100.0
19430,40.30629825592041,11336,0.0,0.0,100.0
19440,40.3273503780365,11336,0.0,0.0,100.0
19450,40.34706950187683,11336,0.0,0.0,100.0
19460,40.36498975753784,11336,0.0,0.0,100.0
19470,40.385401248931885,11336,0.0,0.0,100.0
19480,40.40570783615112,11336,0.0,0.0,100.0
19490,40.423434257507324,11336,0.0,0.0,100.0
19500,40.44090676307678,11336,0.0,0.0,100.0
19510,40.46115803718567,11336,0.0,0.0,100.0
19520,40.481542110443115,11336,0.0,0.0,100.0
19530,40.50095510482788,11336,0.0,0.0,100.0
19540,40.520870208740234,11336,0.0,0.0,100.0
19550,40.5395302772522,11336,0.0,0.0,100.0
19552,40.544201135635376,11336,0.0,0.0,100.0
19560,40.56051015853882,11336,0.0,0.0,100.0
19570,40.58132314682007,11336,0.0,0.0,100.0
19580,40.600358963012695,11336,0.0,0.0,100.0
19590,40.62082862854004,11336,0.0,0.0,100.0
19600,40.64192843437195,11336,0.0,0.0,100.0
19610,40.665029764175415,11336,0.0,0.0,100.0
19620,40.686012983322144,11336,0.0,0.0,100.0
19630,40.70670771598816,11336,0.0,0.0,100.0
19640,40.72479462623596,11336,0.0,0.0,100.0
19650,40.74502205848694,11336,0.0,0.0,100.0
19660,40.76538038253784,11336,0.0,0.0,100.0
19670,40.78726410865784,11336,0.0,0.0,100.0
19680,40.80634951591492,11336,0.0,0.0,100.0
19690,40.82631230354309,11336,0.0,0.0,100.0
19700,40.84645104408264,11336,0.0,0.0,100.0
19710,40.867586851119995,11336,0.0,0.0,100.0
19720,40.88866829872131,11336,0.0,0.0,100.0
19730,40.909345865249634,11336,0.0,0.0,100.0
19740,40.9294753074646,11336,0.0,0.0,100.0
19750,40.94967985153198,11336,0.0,0.0,100.0
19760,40.96687364578247,11336,0.0,0.0,100.0
19770,40.98825931549072,11336,0.0,0.0,100.0
19780,41.00988292694092,11336,0.0,0.0,100.0
19790,41.032652616500854,11336,0.0,0.0,100.0
19800,41.0543258190155,11336,0.0,0.0,100.0
19810,41.07846283912659,11336,0.0,0.0,100.0
19820,41.100435972213745,11336,0.0,0.0,100.0
19830,41.11971187591553,11336,0.0,0.0,100.0
19840,41.139540910720825,11336,0.0,0.0,100.0
19850,41.15934753417969,11336,0.0,0.0,100.0
19860,41.17801332473755,11336,0.0,0.0,100.0
19870,41.197059631347656,11336,0.0,0.0,100.0
19880,41.21942615509033,11336,0.0,0.0,100.0
19890,41.24001669883728,11336,0.0,0.0,100.0
19898,41.258830547332764,11336,0.0,0.0,100.0
19900,41.26353716850281,11336,0.0,0.0,100.0
19910,41.28338146209717,11336,0.0,0.0,100.0
19920,41.30234360694885,11336,0.0,0.0,100.0
19930,41.32315754890442,11336,0.0,0.0,100.0
19940,41.341963052749634,11336,0.0,0.0,100.0
19944,41.350844621658325,11336,0.0,0.0,100.0
19950,41.36032176017761,11336,0.0,0.0,100.0
19960,41.37939381599426,11336,0.0,0.0,100.0
19970,41.39978289604187,11336,0.0,0.0,100.0
19980,41.420177698135376,11336,0.0,0.0,100.0
19990,41.43953251838684,11336,0.0,0.0,100.0
20000,41.45776915550232,11336,0.0,0.0,100.0
20010,41.47709536552429,11336,0.0,0.0,100.0
20020,41.49724268913269,11336,0.0,0.0,100.0
20030,41.5153923034668,11336,0.0,0.0,100.0
20040,41.5387818813324,11336,0.0,0.0,100.0
20050,41.56152653694153,11336,0.0,0.0,100.0
20060,41.583322525024414,11336,0.0,0.0,100.0
20070,41.60357403755188,11336,0.0,0.0,100.0
20080,41.62379169464111,11336,0.0,0.0,100.0
20090,41.643654584884644,11336,0.0,0.0,100.0
20092,41.649226903915405,11336,0.0,0.0,100.0
20100,41.66620326042175,11336,0.0,0.0,100.0
20110,41.68791961669922,11336,0.0,0.0,100.0
20120,41.70995569229126,11336,0.0,0.0,100.0
20130,41.72996473312378,11336,0.0,0.0,100.0
20140,41.748889207839966,11336,0.0,0.0,100.0
20150,41.76937818527222,11336,0.0,0.0,100.0
20160,41.78941082954407,11336,0.0,0.0,100.0
20170,41.80809664726257,11336,0.0,0.0,100.0
20180,41.82950162887573,11336,0.0,0.0,100.0
20190,41.84904503822327,11336,0.0,0.0,100.0
20200,41.86877775192261,11336,0.0,0.0,100.0
20210,41.89036536216736,11336,0.0,0.0,100.0
20220,41.909178256988525,11336,0.0,0.0,100.0
20230,41.92787790298462,11336,0.0,0.0,100.0
20240,41.94692063331604,11336,0.0,0.0,100.0
20250,41.96714234352112,11336,0.0,0.0,100.0
20260,41.98693132400513,11336,0.0,0.0,100.0
20265,41.99670696258545,11336,0.0,0.0,100.0
20270,42.00663089752197,11336,0.0,0.0,100.0
20280,42.02720379829407,11336,0.0,0.0,100.0
20290,42.047059059143066,11336,0.0,0.0,100.0
20300,42.07036328315735,11336,0.0,0.0,100.0
20310,42.09087824821472,11336,0.0,0.0,100.0
20320,42.10969948768616,11336,0.0,0.0,100.0
20330,42.12898230552673,11336,0.0,0.0,100.0
20340,42.150999307632446,11336,0.0,0.0,100.0
20350,42.1701123714447,11336,0.0,0.0,100.0
20360,42.190476417541504,11336,0.0,0.0,100.0
20370,42.212169885635376,11336,0.0,0.0,100.0
20380,42.23196744918823,11336,0.0,0.0,100.0
20390,42.24995684623718,11336,0.0,0.0,100.0
20400,42.2699191570282,11336,0.0,0.0,100.0
20410,42.29078555107117,11336,0.0,0.0,100.0
20420,42.309024810791016,11336,0.0,0.0,100.0
20430,42.32920837402344,11336,0.0,0.0,100.0
20440,42.35131502151489,11336,0.0,0.0,100.0
20450,42.37085175514221,11336,0.0,0.0,100.0
20460,42.393500089645386,11336,0.0,0.0,100.0
20470,42.41515302658081,11336,0.0,0.0,100.0
20480,42.4380304813385,11336,0.0,0.0,100.0
20490,42.45758867263794,11336,0.0,0.0,100.0
20500,42.47815418243408,11336,0.0,0.0,100.0
20510,42.49892330169678,11336,0.0,0.0,100.0
20520,42.520639419555664,11336,0.0,0.0,100.0
20530,42.542447328567505,11336,0.0,0.0,100.0
20540,42.563191652297974,11336,0.0,0.0,100.0
20550,42.584208488464355,11336,0.0,0.0,100.0
20553,42.59175372123718,11336,0.0,0.0,100.0
20560,42.606831312179565,11336,0.0,0.0,100.0
20570,42.63013482093811,11336,0.0,0.0,100.0
20580,42.65449094772339,11336,0.0,0.0,100.0
20590,42.67740869522095,11336,0.0,0.0,100.0
20600,42.70021080970764,11336,0.0,0.0,100.0
20610,42.72392225265503,11336,0.0,0.0,100.0
20620,42.744237422943115,11336,0.0,0.0,100.0
20630,42.76903200149536,11336,0.0,0.0,100.0
20640,42.791396141052246,11336,0.0,0.0,100.0
20650,42.816524267196655,11336,0.0,0.0,100.0
20660,42.83778429031372,11336,0.0,0.0,100.0
20670,42.861865282058716,11336,0.0,0.0,100.0
20680,42.88503909111023,11336,0.0,0.0,100.0
20690,42.9071044921875,11336,0.0,0.0,100.0
20700,42.92556357383728,11336,0.0,0.0,100.0
20710,42.947569131851196,11336,0.0,0.0,100.0
20720,42.966184854507446,11336,0.0,0.0,100.0
20730,42.98979735374451,11336,0.0,0.0,100.0
20740,43.01744031906128,11336,0.0,0.0,100.0
20750,43.05003523826599,11336,0.0,0.0,100.0
20760,43.08082318305969,11336,0.0,0.0,100.0
20770,43.099979639053345,11336,0.0,0.0,100.0
20780,43.121917486190796,11336,0.0,0.0,100.0
20790,43.14136028289795,11336,0.0,0.0,100.0
20800,43.162827253341675,11336,0.0,0.0,100.0
20810,43.183048725128174,11336,0.0,0.0,100.0
20820,43.20280599594116,11336,0.0,0.0,100.0
20830,43.22823095321655,11336,0.0,0.0,100.0
20837,43.24562883377075,11336,0.0,0.0,100.0
20840,43.25282430648804,11336,0.0,0.0,100.0
20850,43.27596569061279,11336,0.0,0.0,100.0
20860,43.2999324798584,11336,0.0,0.0,100.0
20870,43.32263684272766,11336,0.0,0.0,100.0
20880,43.34718298912048,11336,0.0,0.0,100.0
20890,43.36656665802002,11336,0.0,0.0,100.0
20900,43.38786959648132,11336,0.0,0.0,100.0
20910,43.40522050857544,11336,0.0,0.0,100.0
20920,43.426520347595215,11336,0.0,0.0,100.0
20921,43.429155111312866,11336,0.0,0.0,100.0
20930,43.44843244552612,11336,0.0,0.0,100.0
20940,43.47082233428955,11336,0.0,0.0,100.0
20950,43.49050736427307,11336,0.0,0.0,100.0
20960,43.50889468193054,11336,0.0,0.0,100.0
20970,43.53215479850769,11336,0.0,0.0,100.0
20980,43.55481743812561,11336,0.0,0.0,100.0
20989,43.57529950141907,11336,0.0,0.0,100.0
20990,43.57776498794556,11336,0.0,0.0,100.0
21000,43.59947872161865,11336,0.0,0.0,100.0
21010,43.621134519577026,11336,0.0,0.0,100.0
21020,43.64670968055725,11336,0.0,0.0,100.0
21030,43.66767883300781,11336,0.0,0.0,100.0
21040,43.689778089523315,11336,0.0,0.0,100.0
21050,43.713322162628174,11336,0.0,0.0,100.0
21054,43.72114658355713,11336,0.0,0.0,100.0
21060,43.7355432510376,11336,0.0,0.0,100.0
21070,43.75835680961609,11336,0.0,0.0,100.0
21080,43.78557085990906,11336,0.0,0.0,100.0
21090,43.812931299209595,11336,0.0,0.0,100.0
21100,43.83551025390625,11336,0.0,0.0,100.0
21110,43.86091232299805,11336,0.0,0.0,100.0
21120,43.88653349876404,11336,0.0,0.0,100.0
21130,43.90751123428345,11336,0.0,0.0,100.0
21140,43.92984485626221,11336,0.0,0.0,100.0
21150,43.95205616950989,11336,0.0,0.0,100.0
21160,43.97426986694336,11336,0.0,0.0,100.0
21170,43.99507141113281,11336,0.0,0.0,100.0
21180,44.01390504837036,11336,0.0,0.0,100.0
21190,44.03580570220947,11336,0.0,0.0,100.0
21200,44.056477308273315,11336,0.0,0.0,100.0
21210,44.08715486526489,11336,0.0,0.0,100.0
21220,44.11114287376404,11336,0.0,0.0,100.0
21230,44.14203381538391,11336,0.0,0.0,100.0
21240,44.16891694068909,11336,0.0,0.0,100.0
21247,44.187071561813354,11336,0.0,0.0,100.0
21250,44.19236755371094,11336,0.0,0.0,100.0
21260,44.21613264083862,11336,0.0,0.0,100.0
21270,44.23977613449097,11336,0.0,0.0,100.0
21280,44.261770725250244,11336,0.0,0.0,100.0
21290,44.28515982627869,11336,0.0,0.0,100.0
21300,44.3195858001709,11336,0.0,0.0,100.0
21310,44.34887909889221,11336,0.0,0.0,100.0
21320,44.38068175315857,11336,0.0,0.0,100.0
21330,44.404629945755005,11336,0.0,0.0,100.0
21340,44.426801681518555,11336,0.0,0.0,100.0
21350,44.456788778305054,11336,0.0,0.0,100.0
21360,44.48790884017944,11336,0.0,0.0,100.0
21370,44.51079869270325,11336,0.0,0.0,100.0
21380,44.54226112365723,11336,0.0,0.0,100.0
21390,44.581228494644165,11336,0.0,0.0,100.0
21400,44.62299466133118,11336,0.0,0.0,100.0
21410,44.67885446548462,11336,0.0,0.0,100.0
21420,44.723034381866455,11336,0.0,0.0,100.0
21430,44.76602053642273,11336,0.0,0.0,100.0
21440,44.792399406433105,11336,0.0,0.0,100.0
21450,44.83108568191528,11336,0.0,0.0,100.0
21460,44.86198568344116,11336,0.0,0.0,100.0
21470,44.89918637275696,11336,0.0,0.0,100.0
21480,44.935633182525635,11336,0.0,0.0,100.0
21490,44.95953822135925,11336,0.0,0.0,100.0
21500,44.98472595214844,11336,0.0,0.0,100.0
21510,45.00946855545044,11336,0.0,0.0,100.0
21520,45.02804946899414,11336,0.0,0.0,100.0
21530,45.05872058868408,11336,0.0,0.0,100.0
21534,45.072380781173706,11336,0.0,0.0,100.0
21540,45.08916163444519,11336,0.0,0.0,100.0
21550,45.118595600128174,11336,0.0,0.0,100.0
21560,45.140817403793335,11336,0.0,0.0,100.0
21570,45.17033123970032,11336,0.0,0.0,100.0
21575,45.18433952331543,11336,0.0,0.0,100.0
21580,45.198575258255005,11336,0.0,0.0,100.0
21590,45.219443559646606,11336,0.0,0.0,100.0
21600,45.238171339035034,11336,0.0,0.0,100.0
21610,45.26113295555115,11336,0.0,0.0,100.0
21620,45.28258419036865,11336,0.0,0.0,100.0
21630,45.30167555809021,11336,0.0,0.0,100.0
21640,45.32457208633423,11336,0.0,0.0,100.0
21650,45.34791445732117,11336,0.0,0.0,100.0
21660,45.36874842643738,11336,0.0,0.0,100.0
21670,45.390044927597046,11336,0.0,0.0,100.0
21680,45.41082787513733,11336,0.0,0.0,100.0
21690,45.43205523490906,11336,0.0,0.0,100.0
21700,45.45135259628296,11336,0.0,0.0,100.0
21710,45.472184896469116,11336,0.0,0.0,100.0
21720,45.49293327331543,11336,0.0,0.0,100.0
21730,45.51312303543091,11336,0.0,0.0,100.0
21740,45.53415060043335,11336,0.0,0.0,100.0
21750,45.556111097335815,11336,0.0,0.0,100.0
21760,45.579102516174316,11336,0.0,0.0,100.0
21770,45.60029864311218,11336,0.0,0.0,100.0
21780,45.62091517448425,11336,0.0,0.0,100.0
21790,45.64430785179138,11336,0.0,0.0,100.0
21800,45.6669237613678,11336,0.0,0.0,100.0
21810,45.688557624816895,11336,0.0,0.0,100.0
21820,45.70945882797241,11336,0.0,0.0,100.0
21830,45.730725049972534,11336,0.0,0.0,100.0
21840,45.75271010398865,11336,0.0,0.0,100.0
21850,45.77660155296326,11336,0.0,0.0,100.0
21860,45.799964904785156,11336,0.0,0.0,100.0
21870,45.82197642326355,11336,0.0,0.0,100.0
21880,45.84457850456238,11336,0.0,0.0,100.0
21890,45.86649465560913,11336,0.0,0.0,100.0
21900,45.890565156936646,11336,0.0,0.0,100.0
21910,45.918800592422485,11336,0.0,0.0,100.0
21920,45.941596269607544,11336,0.0,0.0,100.0
21927,45.959622621536255,11336,0.0,0.0,100.0
21930,45.96535921096802,11336,0.0,0.0,100.0
21940,45.98411226272583,11336,0.0,0.0,100.0
21950,46.0050892829895,11336,0.0,0.0,100.0
21960,46.02583050727844,11336,0.0,0.0,100.0
21970,46.044808864593506,11336,0.0,0.0,100.0
21980,46.0685498714447,11336,0.0,0.0,100.0
21990,46.092259645462036,11336,0.0,0.0,100.0
22000,46.11622166633606,11336,0.0,0.0,100.0
22010,46.13553547859192,11336,0.0,0.0,100.0
22020,46.15695905685425,11336,0.0,0.0,100.0
22030,46.17844343185425,11336,0.0,0.0,100.0
22040,46.20223426818848,11336,0.0,0.0,100.0
22050,46.22335743904114,11336,0.0,0.0,100.0
22060,46.243141651153564,11336,0.0,0.0,100.0
22070,46.263182640075684,11336,0.0,0.0,100.0
22080,46.2875030040741,11336,0.0,0.0,100.0
22090,46.31202983856201,11336,0.0,0.0,100.0
22100,46.3333899974823,11336,0.0,0.0,100.0
22110,46.35600829124451,11336,0.0,0.0,100.0
22120,46.37741231918335,11336,0.0,0.0,100.0
22121,46.38015627861023,11336,0.0,0.0,100.0
22130,46.39930534362793,11336,0.0,0.0,100.0
22140,46.42055034637451,11336,0.0,0.0,100.0
22150,46.44298601150513,11336,0.0,0.0,100.0
22160,46.46471190452576,11336,0.0,0.0,100.0
22170,46.48512411117554,11336,0.0,0.0,100.0
22180,46.50715160369873,11336,0.0,0.0,100.0
22190,46.52707648277283,11336,0.0,0.0,100.0
22200,46.548028230667114,11336,0.0,0.0,100.0
22210,46.567826986312866,11336,0.0,0.0,100.0
22220,46.58703947067261,11336,0.0,0.0,100.0
22230,46.60785126686096,11336,0.0,0.0,100.0
22240,46.63146114349365,11336,0.0,0.0,100.0
22250,46.65477514266968,11336,0.0,0.0,100.0
22260,46.67572641372681,11336,0.0,0.0,100.0
22270,46.6963632106781,11336,0.0,0.0,100.0
22280,46.71556615829468,11336,0.0,0.0,100.0
22290,46.73616552352905,11336,0.0,0.0,100.0
22300,46.75506639480591,11336,0.0,0.0,100.0
22310,46.775835275650024,11336,0.0,0.0,100.0
22320,46.79686689376831,11336,0.0,0.0,100.0
22330,46.818544149398804,11336,0.0,0.0,100.0
22340,46.84062838554382,11336,0.0,0.0,100.0
22350,46.861475229263306,11336,0.0,0.0,100.0
22360,46.88363456726074,11336,0.0,0.0,100.0
22370,46.90418601036072,11336,0.0,0.0,100.0
22380,46.92255735397339,11336,0.0,0.0,100.0
22390,46.945401668548584,11336,0.0,0.0,100.0
22400,46.966551542282104,11336,0.0,0.0,100.0
22410,46.987653732299805,11336,0.0,0.0,100.0
22420,47.009610176086426,11336,0.0,0.0,100.0
22430,47.0304274559021,11336,0.0,0.0,100.0
22440,47.04965543746948,11336,0.0,0.0,100.0
22444,47.05801844596863,11336,0.0,0.0,100.0
22450,47.06983971595764,11336,0.0,0.0,100.0
22460,47.090919971466064,11336,0.0,0.0,100.0
22470,47.1093692779541,11336,0.0,0.0,100.0
22480,47.12820887565613,11336,0.0,0.0,100.0
22490,47.14905667304993,11336,0.0,0.0,100.0
22500,47.170658588409424,11336,0.0,0.0,100.0
22510,47.19114971160889,11336,0.0,0.0,100.0
22520,47.2108941078186,11336,0.0,0.0,100.0
22530,47.23436403274536,11336,0.0,0.0,100.0
22540,47.25565481185913,11336,0.0,0.0,100.0
22550,47.27576017379761,11336,0.0,0.0,100.0
22560,47.29821062088013,11336,0.0,0.0,100.0
22570,47.32039213180542,11336,0.0,0.0,100.0
22580,47.34375596046448,11336,0.0,0.0,100.0
22590,47.36421990394592,11336,0.0,0.0,100.0
22600,47.385830879211426,11336,0.0,0.0,100.0
22610,47.407323360443115,11336,0.0,0.0,100.0
22620,47.43080186843872,11336,0.0,0.0,100.0
22630,47.45256185531616,11336,0.0,0.0,100.0
22640,47.47359561920166,11336,0.0,0.0,100.0
22650,47.491748571395874,11336,0.0,0.0,100.0
22660,47.508605003356934,11336,0.0,0.0,100.0
22670,47.5254909992218,11336,0.0,0.0,100.0
22680,47.54659032821655,11336,0.0,0.0,100.0
22690,47.566689252853394,11336,0.0,0.0,100.0
22700,47.587751388549805,11336,0.0,0.0,100.0
22702,47.592554807662964,11336,0.0,0.0,100.0
22710,47.610820055007935,11336,0.0,0.0,100.0
22720,47.63133120536804,11336,0.0,0.0,100.0
22724,47.642436504364014,11336,0.0,0.0,100.0
22730,47.655909061431885,11336,0.0,0.0,100.0
22740,47.67903232574463,11336,0.0,0.0,100.0
22750,47.698617935180664,11336,0.0,0.0,100.0
22753,47.704761266708374,11336,0.0,0.0,100.0
22760,47.71858310699463,11336,0.0,0.0,100.0
22770,47.73920941352844,11336,0.0,0.0,100.0
22780,47.75833010673523,11336,0.0,0.0,100.0
22790,47.78000831604004,11336,0.0,0.0,100.0
22800,47.8014018535614,11336,0.0,0.0,100.0
22810,47.824856996536255,11336,0.0,0.0,100.0
22820,47.84424161911011,11336,0.0,0.0,100.0
22830,47.86451482772827,11336,0.0,0.0,100.0
22840,47.88710689544678,11336,0.0,0.0,100.0
22844,47.89670443534851,11336,0.0,0.0,100.0
22850,47.90896534919739,11336,0.0,0.0,100.0
22860,47.92806887626648,11336,0.0,0.0,100.0
22870,47.94615840911865,11336,0.0,0.0,100.0
22880,47.96604132652283,11336,0.0,0.0,100.0
22884,47.97427749633789,11336,0.0,0.0,100.0
22890,47.98664855957031,11336,0.0,0.0,100.0
22900,48.00684070587158,11336,0.0,0.0,100.0
22910,48.02622604370117,11336,0.0,0.0,100.0
22920,48.05054450035095,11336,0.0,0.0,100.0
22930,48.0717511177063,11336,0.0,0.0,100.0
22940,48.091989517211914,11336,0.0,0.0,100.0
22941,48.09462785720825,11336,0.0,0.0,100.0
22950,48.11457061767578,11336,0.0,0.0,100.0
22960,48.13734316825867,11336,0.0,0.0,100.0
22970,48.15952754020691,11336,0.0,0.0,100.0
22980,48.18201947212219,11336,0.0,0.0,100.0
22990,48.200475215911865,11336,0.0,0.0,100.0
22991,48.20328450202942,11337,0.0,0.0,100.0
23000,48.221911668777466,11337,0.0,0.0,100.0
23010,48.241650104522705,11337,0.0,0.0,100.0
23020,48.26311182975769,11337,0.0,0.0,100.0
23030,48.28350758552551,11337,0.0,0.0,100.0
23040,48.303324937820435,11337,0.0,0.0,100.0
23050,48.32096266746521,11337,0.0,0.0,100.0
23060,48.33931565284729,11337,0.0,0.0,100.0
23070,48.35794472694397,11337,0.0,0.0,100.0
23080,48.380489110946655,11337,0.0,0.0,100.0
23090,48.400879859924316,11337,0.0,0.0,100.0
23100,48.421417236328125,11337,0.0,0.0,100.0
23110,48.439929723739624,11337,0.0,0.0,100.0
23120,48.45951867103577,11337,0.0,0.0,100.0
23130,48.48057270050049,11337,0.0,0.0,100.0
23140,48.50447869300842,11337,0.0,0.0,100.0
23150,48.52869200706482,11337,0.0,0.0,100.0
23160,48.548954486846924,11337,0.0,0.0,100.0
23170,48.56806445121765,11337,0.0,0.0,100.0
23180,48.58995032310486,11337,0.0,0.0,100.0
23190,48.61119055747986,11337,0.0,0.0,100.0
23200,48.63236212730408,11337,0.0,0.0,100.0
23210,48.65282154083252,11337,0.0,0.0,100.0
23220,48.68244981765747,11337,0.0,0.0,100.0
23230,48.70624041557312,11337,0.0,0.0,100.0
23240,48.72708296775818,11337,0.0,0.0,100.0
23250,48.749104022979736,11337,0.0,0.0,100.0
23260,48.786930084228516,11337,0.0,0.0,100.0
23270,48.81195664405823,11337,0.0,0.0,100.0
23280,48.83345627784729,11337,0.0,0.0,100.0
23287,48.85544395446777,11337,0.0,0.0,100.0
23290,48.86436223983765,11337,0.0,0.0,100.0
23300,48.89065718650818,11337,0.0,0.0,100.0
23310,48.9148268699646,11337,0.0,0.0,100.0
23320,48.93684005737305,11337,0.0,0.0,100.0
23330,48.95891833305359,11337,0.0,0.0,100.0
23340,48.9782075881958,11337,0.0,0.0,100.0
23350,48.99880576133728,11337,0.0,0.0,100.0
23360,49.01780033111572,11337,0.0,0.0,100.0
23370,49.03935170173645,11337,0.0,0.0,100.0
23380,49.058018922805786,11337,0.0,0.0,100.0
23390,49.07981991767883,11337,0.0,0.0,100.0
23400,49.10179686546326,11337,0.0,0.0,100.0
23410,49.122519731521606,11337,0.0,0.0,100.0
23420,49.14334440231323,11337,0.0,0.0,100.0
23430,49.16700625419617,11337,0.0,0.0,100.0
23440,49.191258907318115,11337,0.0,0.0,100.0
23450,49.22750759124756,11337,0.0,0.0,100.0
23460,49.24937868118286,11337,0.0,0.0,100.0
23470,49.280404806137085,11337,0.0,0.0,100.0
23480,49.30338168144226,11337,0.0,0.0,100.0
23490,49.32559037208557,11337,0.0,0.0,100.0
23500,49.35005235671997,11337,0.0,0.0,100.0
23510,49.36926817893982,11337,0.0,0.0,100.0
23520,49.391284704208374,11337,0.0,0.0,100.0
23530,49.41327929496765,11337,0.0,0.0,100.0
23540,49.43433451652527,11337,0.0,0.0,100.0
23550,49.45295572280884,11337,0.0,0.0,100.0
23560,49.47434687614441,11337,0.0,0.0,100.0
23570,49.49510955810547,11337,0.0,0.0,100.0
23580,49.51700830459595,11337,0.0,0.0,100.0
23590,49.53899955749512,11337,0.0,0.0,100.0
23600,49.559958696365356,11337,0.0,0.0,100.0
23610,49.582807779312134,11337,0.0,0.0,100.0
23615,49.594646692276,11337,0.0,0.0,100.0
23620,49.605652809143066,11337,0.0,0.0,100.0
23630,49.62732005119324,11337,0.0,0.0,100.0
23640,49.65004873275757,11337,0.0,0.0,100.0
23650,49.67071056365967,11337,0.0,0.0,100.0
23660,49.69220852851868,11337,0.0,0.0,100.0
23670,49.71297335624695,11337,0.0,0.0,100.0
23680,49.73231840133667,11337,0.0,0.0,100.0
23690,49.75523805618286,11337,0.0,0.0,100.0
23700,49.77704930305481,11337,0.0,0.0,100.0
23710,49.79862594604492,11337,0.0,0.0,100.0
23720,49.82197117805481,11337,0.0,0.0,100.0
23730,49.8419885635376,11337,0.0,0.0,100.0
23740,49.86236619949341,11337,0.0,0.0,100.0
23750,49.88260579109192,11337,0.0,0.0,100.0
23760,49.90393877029419,11337,0.0,0.0,100.0
23770,49.9247100353241,11337,0.0,0.0,100.0
23780,49.94331407546997,11337,0.0,0.0,100.0
23790,49.963683128356934,11337,0.0,0.0,100.0
23800,49.99001407623291,11337,0.0,0.0,100.0
23808,50.00848913192749,11337,0.0,0.0,100.0
23810,50.015806674957275,11337,0.0,0.0,100.0
23820,50.03871703147888,11337,0.0,0.0,100.0
23830,50.05877447128296,11337,0.0,0.0,100.0
23840,50.080822706222534,11337,0.0,0.0,100.0
23844,50.09005260467529,11337,0.0,0.0,100.0
23850,50.10408091545105,11337,0.0,0.0,100.0
23860,50.1262743473053,11337,0.0,0.0,100.0
23870,50.14767837524414,11337,0.0,0.0,100.0
23880,50.172317028045654,11337,0.0,0.0,100.0
23890,50.19234657287598,11337,0.0,0.0,100.0
23900,50.21378207206726,11337,0.0,0.0,100.0
23910,50.238245248794556,11337,0.0,0.0,100.0
23918,50.25453591346741,11337,0.0,0.0,100.0
23920,50.25884747505188,11337,0.0,0.0,100.0
23930,50.27706050872803,11337,0.0,0.0,100.0
23940,50.298076152801514,11337,0.0,0.0,100.0
23950,50.31868028640747,11337,0.0,0.0,100.0
23960,50.34332871437073,11337,0.0,0.0,100.0
23970,50.36389183998108,11337,0.0,0.0,100.0
23980,50.3840057849884,11337,0.0,0.0,100.0
23990,50.40354681015015,11337,0.0,0.0,100.0
24000,50.42030215263367,11337,0.0,0.0,100.0
24010,50.440838098526,11337,0.0,0.0,100.0
24020,50.462449073791504,11337,0.0,0.0,100.0
24030,50.48211431503296,11337,0.0,0.0,100.0
24040,50.501943826675415,11337,0.0,0.0,100.0
24050,50.524200439453125,11337,0.0,0.0,100.0
24060,50.544896364212036,11337,0.0,0.0,100.0
24061,50.54780411720276,11337,0.0,0.0,100.0
24070,50.56942367553711,11337,0.0,0.0,100.0
24073,50.57517623901367,11337,0.0,0.0,100.0
24080,50.59052062034607,11337,0.0,0.0,100.0
24090,50.61466717720032,11337,0.0,0.0,100.0
24100,50.6405394077301,11337,0.0,0.0,100.0
24110,50.66100311279297,11337,0.0,0.0,100.0
24120,50.680639028549194,11337,0.0,0.0,100.0
24130,50.70126223564148,11337,0.0,0.0,100.0
24139,50.722238540649414,11337,0.0,0.0,100.0
24140,50.72439646720886,11337,0.0,0.0,100.0
24150,50.747645139694214,11337,0.0,0.0,100.0
24160,50.767836570739746,11337,0.0,0.0,100.0
24170,50.791566610336304,11337,0.0,0.0,100.0
24180,50.80982279777527,11337,0.0,0.0,100.0
24190,50.83141112327576,11337,0.0,0.0,100.0
24200,50.852219343185425,11337,0.0,0.0,100.0
24210,50.873549938201904,11337,0.0,0.0,100.0
24220,50.89652347564697,11337,0.0,0.0,100.0
24230,50.916651010513306,11337,0.0,0.0,100.0
24240,50.93785333633423,11337,0.0,0.0,100.0
24250,50.959561586380005,11337,0.0,0.0,100.0
24260,50.97944235801697,11337,0.0,0.0,100.0
24270,51.00170087814331,11337,0.0,0.0,100.0
24280,51.02222275733948,11337,0.0,0.0,100.0
24290,51.045677185058594,11337,0.0,0.0,100.0
24300,51.067750453948975,11337,0.0,0.0,100.0
24310,51.08891487121582,11337,0.0,0.0,100.0
24320,51.11181592941284,11337,0.0,0.0,100.0
24321,51.1145384311676,11337,0.0,0.0,100.0
24330,51.130032777786255,11337,0.0,0.0,100.0
24340,51.14932441711426,11337,0.0,0.0,100.0
24350,51.16999554634094,11337,0.0,0.0,100.0
24360,51.1898090839386,11337,0.0,0.0,100.0
24370,51.21024703979492,11337,0.0,0.0,100.0
24380,51.229451179504395,11337,0.0,0.0,100.0
24390,51.2492094039917,11337,0.0,0.0,100.0
24400,51.2719943523407,11337,0.0,0.0,100.0
24410,51.29263353347778,11337,0.0,0.0,100.0
24420,51.31603145599365,11337,0.0,0.0,100.0
24430,51.33758878707886,11337,0.0,0.0,100.0
24440,51.35790657997131,11337,0.0,0.0,100.0
24450,51.37641358375549,11337,0.0,0.0,100.0
24460,51.394092082977295,11337,0.0,0.0,100.0
24470,51.413387060165405,11337,0.0,0.0,100.0
24480,51.43377065658569,11337,0.0,0.0,100.0
24490,51.45512008666992,11337,0.0,0.0,100.0
24500,51.47360181808472,11337,0.0,0.0,100.0
24510,51.49291706085205,11337,0.0,0.0,100.0
24520,51.513107776641846,11337,0.0,0.0,100.0
24530,51.53335237503052,11337,0.0,0.0,100.0
24540,51.551939249038696,11337,0.0,0.0,100.0
24550,51.570695638656616,11337,0.0,0.0,100.0
24560,51.59183192253113,11337,0.0,0.0,100.0
24570,51.61570167541504,11337,0.0,0.0,100.0
24580,51.6365282535553,11337,0.0,0.0,100.0
24590,51.658711194992065,11337,0.0,0.0,100.0
24600,51.680988073349,11337,0.0,0.0,100.0
24610,51.702608585357666,11337,0.0,0.0,100.0
24620,51.722909450531006,11337,0.0,0.0,100.0
24630,51.74397301673889,11337,0.0,0.0,100.0
24637,51.75858187675476,11337,0.0,0.0,100.0
24640,51.76550221443176,11337,0.0,0.0,100.0
24650,51.78568387031555,11337,0.0,0.0,100.0
24660,51.80961990356445,11337,0.0,0.0,100.0
24670,51.82993221282959,11337,0.0,0.0,100.0
24680,51.8510684967041,11337,0.0,0.0,100.0
24690,51.87063431739807,11337,0.0,0.0,100.0
24700,51.89089870452881,11337,0.0,0.0,100.0
24710,51.910545349121094,11337,0.0,0.0,100.0
24720,51.93308734893799,11337,0.0,0.0,100.0
24722,51.937227725982666,11337,0.0,0.0,100.0
24730,51.95492243766785,11337,0.0,0.0,100.0
24740,51.97380065917969,11337,0.0,0.0,100.0
24750,51.99353861808777,11337,0.0,0.0,100.0
24760,52.01340413093567,11337,0.0,0.0,100.0
24770,52.03198719024658,11337,0.0,0.0,100.0
24780,52.055285930633545,11337,0.0,0.0,100.0
24790,52.07936644554138,11337,0.0,0.0,100.0
24800,52.101560831069946,11337,0.0,0.0,100.0
24810,52.12144756317139,11337,0.0,0.0,100.0
24820,52.14338707923889,11337,0.0,0.0,100.0
24830,52.16321420669556,11337,0.0,0.0,100.0
24840,52.18424701690674,11337,0.0,0.0,100.0
24850,52.205024003982544,11337,0.0,0.0,100.0
24860,52.22364544868469,11337,0.0,0.0,100.0
24870,52.2475860118866,11337,0.0,0.0,100.0
24880,52.26799273490906,11337,0.0,0.0,100.0
24890,52.28913450241089,11337,0.0,0.0,100.0
24900,52.31110167503357,11337,0.0,0.0,100.0
24910,52.33283877372742,11337,0.0,0.0,100.0
24920,52.35275411605835,11337,0.0,0.0,100.0
24928,52.371095418930054,11337,0.0,0.0,100.0
24930,52.3751904964447,11337,0.0,0.0,100.0
24940,52.39644479751587,11337,0.0,0.0,100.0
24950,52.41317677497864,11337,0.0,0.0,100.0
24960,52.433130979537964,11337,0.0,0.0,100.0
24970,52.45391321182251,11337,0.0,0.0,100.0
24980,52.47306561470032,11337,0.0,0.0,100.0
24990,52.490867376327515,11337,0.0,0.0,100.0
25000,52.513811111450195,11337,0.0,0.0,100.0
25010,52.53776550292969,11337,0.0,0.0,100.0
25020,52.56065893173218,11337,0.0,0.0,100.0
25030,52.58287072181702,11337,0.0,0.0,100.0
25040,52.601726770401,11337,0.0,0.0,100.0
25050,52.623894929885864,11337,0.0,0.0,100.0
25060,52.65120768547058,11337,0.0,0.0,100.0
25070,52.67336368560791,11337,0.0,0.0,100.0
25080,52.696470499038696,11337,0.0,0.0,100.0
25090,52.719894886016846,11337,0.0,0.0,100.0
25100,52.73969054222107,11337,0.0,0.0,100.0
25110,52.76770830154419,11337,0.0,0.0,100.0
25120,52.79159092903137,11337,0.0,0.0,100.0
25130,52.813042402267456,11337,0.0,0.0,100.0
25140,52.83418869972229,11337,0.0,0.0,100.0
25150,52.855692625045776,11337,0.0,0.0,100.0
25160,52.876490354537964,11337,0.0,0.0,100.0
25170,52.90050983428955,11337,0.0,0.0,100.0
25180,52.93248963356018,11337,0.0,0.0,100.0
25190,52.94923758506775,11337,0.0,0.0,100.0
25200,52.96989703178406,11337,0.0,0.0,100.0
25210,52.999032974243164,11337,0.0,0.0,100.0
25220,53.03401494026184,11337,0.0,0.0,100.0
25222,53.03987741470337,11337,0.0,0.0,100.0
25230,53.06494164466858,11337,0.0,0.0,100.0
25240,53.09081220626831,11337,0.0,0.0,100.0
25250,53.112417459487915,11337,0.0,0.0,100.0
25260,53.132872581481934,11337,0.0,0.0,100.0
25270,53.15731906890869,11337,0.0,0.0,100.0
25280,53.178176403045654,11337,0.0,0.0,100.0
25282,53.183515310287476,11337,0.0,0.0,100.0
25290,53.20265746116638,11337,0.0,0.0,100.0
25300,53.2235062122345,11337,0.0,0.0,100.0
25310,53.24679756164551,11337,0.0,0.0,100.0
25320,53.26707983016968,11337,0.0,0.0,100.0
25330,53.28837323188782,11337,0.0,0.0,100.0
25333,53.295634508132935,11337,0.0,0.0,100.0
25340,53.30993342399597,11337,0.0,0.0,100.0
25350,53.33024477958679,11337,0.0,0.0,100.0
25360,53.35399866104126,11337,0.0,0.0,100.0
25370,53.37552785873413,11337,0.0,0.0,100.0
25380,53.39383101463318,11337,0.0,0.0,100.0
25390,53.41458582878113,11337,0.0,0.0,100.0
25400,53.43575859069824,11337,0.0,0.0,100.0
25410,53.4562566280365,11337,0.0,0.0,100.0
25420,53.474592208862305,11337,0.0,0.0,100.0
25425,53.48415541648865,11337,0.0,0.0,100.0
25430,53.493977069854736,11337,0.0,0.0,100.0
25440,53.51431465148926,11337,0.0,0.0,100.0
25450,53.534597635269165,11337,0.0,0.0,100.0
25460,53.55689001083374,11337,0.0,0.0,100.0
25470,53.579036235809326,11337,0.0,0.0,100.0
25480,53.60364365577698,11337,0.0,0.0,100.0
25490,53.62445092201233,11337,0.0,0.0,100.0
25500,53.64697599411011,11337,0.0,0.0,100.0
25510,53.66876459121704,11337,0.0,0.0,100.0
25520,53.699007987976074,11337,0.0,0.0,100.0
25530,53.720263719558716,11337,0.0,0.0,100.0
25540,53.74402928352356,11337,0.0,0.0,100.0
25550,53.77004957199097,11337,0.0,0.0,100.0
25560,53.79584717750549,11337,0.0,0.0,100.0
25570,53.82231092453003,11337,0.0,0.0,100.0
25580,53.84993386268616,11337,0.0,0.0,100.0
25589,53.868072748184204,11337,0.0,0.0,100.0
25590,53.87016677856445,11337,0.0,0.0,100.0
25600,53.907716035842896,11337,0.0,0.0,100.0
25610,53.94038915634155,11337,0.0,0.0,100.0
25620,53.963916540145874,11337,0.0,0.0,100.0
25630,53.98446869850159,11337,0.0,0.0,100.0
25640,54.00656485557556,11337,0.0,0.0,100.0
25650,54.02816820144653,11337,0.0,0.0,100.0
25660,54.05154347419739,11337,0.0,0.0,100.0
25670,54.07516026496887,11337,0.0,0.0,100.0
25680,54.09740734100342,11337,0.0,0.0,100.0
25690,54.123374462127686,11337,0.0,0.0,100.0
25696,54.13649129867554,11337,0.0,0.0,100.0
25700,54.14479207992554,11337,0.0,0.0,100.0
25710,54.1639769077301,11337,0.0,0.0,100.0
25720,54.18402814865112,11337,0.0,0.0,100.0
25730,54.20639252662659,11337,0.0,0.0,100.0
25740,54.22839975357056,11337,0.0,0.0,100.0
25750,54.24823498725891,11337,0.0,0.0,100.0
25760,54.268688678741455,11337,0.0,0.0,100.0
25770,54.29193663597107,11337,0.0,0.0,100.0
25780,54.313668966293335,11337,0.0,0.0,100.0
25790,54.33606672286987,11337,0.0,0.0,100.0
25800,54.360689878463745,11337,0.0,0.0,100.0
25810,54.38261604309082,11337,0.0,0.0,100.0
25820,54.40375208854675,11337,0.0,0.0,100.0
25830,54.421828269958496,11337,0.0,0.0,100.0
25840,54.44211411476135,11337,0.0,0.0,100.0
25850,54.46151423454285,11337,0.0,0.0,100.0
25860,54.48416352272034,11337,0.0,0.0,100.0
25870,54.5095956325531,11337,0.0,0.0,100.0
25880,54.53713393211365,11337,0.0,0.0,100.0
25890,54.560322999954224,11337,0.0,0.0,100.0
25900,54.58226037025452,11337,0.0,0.0,100.0
25910,54.607184171676636,11337,0.0,0.0,100.0
25920,54.63597345352173,11337,0.0,0.0,100.0
25930,54.66268610954285,11337,0.0,0.0,100.0
25940,54.688268423080444,11337,0.0,0.0,100.0
25950,54.709495067596436,11337,0.0,0.0,100.0
25960,54.73181772232056,11337,0.0,0.0,100.0
25970,54.7516450881958,11337,0.0,0.0,100.0
25980,54.77478837966919,11337,0.0,0.0,100.0
25990,54.79942560195923,11337,0.0,0.0,100.0
26000,54.824437379837036,11337,0.0,0.0,100.0
26010,54.8515944480896,11337,0.0,0.0,100.0
26020,54.87821650505066,11337,0.0,0.0,100.0
26030,54.906402826309204,11337,0.0,0.0,100.0
26040,54.93501615524292,11337,0.0,0.0,100.0
26050,54.958256483078,11337,0.0,0.0,100.0
26060,54.98125767707825,11337,0.0,0.0,100.0
26070,55.00199222564697,11337,0.0,0.0,100.0
26080,55.02205181121826,11337,0.0,0.0,100.0
26090,55.047629594802856,11337,0.0,0.0,100.0
26100,55.070703983306885,11337,0.0,0.0,100.0
26110,55.0928635597229,11337,0.0,0.0,100.0
26116,55.10534405708313,11337,0.0,0.0,100.0
26120,55.11711835861206,11337,0.0,0.0,100.0
26130,55.13613557815552,11337,0.0,0.0,100.0
26140,55.159687995910645,11337,0.0,0.0,100.0
26150,55.18385982513428,11337,0.0,0.0,100.0
26160,55.21190810203552,11337,0.0,0.0,100.0
26170,55.235225677490234,11337,0.0,0.0,100.0
26180,55.25881099700928,11337,0.0,0.0,100.0
26190,55.28387522697449,11337,0.0,0.0,100.0
26200,55.306254625320435,11337,0.0,0.0,100.0
26210,55.32703614234924,11337,0.0,0.0,100.0
26220,55.3521523475647,11337,0.0,0.0,100.0
26230,55.37199831008911,11337,0.0,0.0,100.0
26240,55.39113163948059,11337,0.0,0.0,100.0
26250,55.411372900009155,11337,0.0,0.0,100.0
26260,55.43193340301514,11337,0.0,0.0,100.0
26270,55.45327091217041,11337,0.0,0.0,100.0
26280,55.472795724868774,11337,0.0,0.0,100.0
26290,55.4937858581543,11337,0.0,0.0,100.0
26300,55.51620268821716,11337,0.0,0.0,100.0
26310,55.53695106506348,11337,0.0,0.0,100.0
26320,55.557477951049805,11337,0.0,0.0,100.0
26330,55.577799797058105,11337,0.0,0.0,100.0
26340,55.6019721031189,11337,0.0,0.0,100.0
26350,55.622514963150024,11337,0.0,0.0,100.0
26360,55.64677286148071,11337,0.0,0.0,100.0
26370,55.66901087760925,11337,0.0,0.0,100.0
26380,55.68899631500244,11337,0.0,0.0,100.0
26390,55.714224100112915,11337,0.0,0.0,100.0
26400,55.73733329772949,11337,0.0,0.0,100.0
26410,55.758360862731934,11337,0.0,0.0,100.0
26420,55.778260469436646,11337,0.0,0.0,100.0
26430,55.79957842826843,11337,0.0,0.0,100.0
26440,55.81834578514099,11337,0.0,0.0,100.0
26450,55.84014868736267,11337,0.0,0.0,100.0
26460,55.86142349243164,11337,0.0,0.0,100.0
26470,55.88067078590393,11337,0.0,0.0,100.0
26480,55.90251398086548,11337,0.0,0.0,100.0
26490,55.921860218048096,11337,0.0,0.0,100.0
26500,55.94288420677185,11337,0.0,0.0,100.0
26510,55.962581634521484,11337,0.0,0.0,100.0
26520,55.984174728393555,11337,0.0,0.0,100.0
26530,56.00538945198059,11337,0.0,0.0,100.0
26540,56.0263991355896,11337,0.0,0.0,100.0
26550,56.049134969711304,11337,0.0,0.0,100.0
26560,56.06889748573303,11337,0.0,0.0,100.0
26570,56.08795738220215,11337,0.0,0.0,100.0
26580,56.10846996307373,11337,0.0,0.0,100.0
26590,56.12701606750488,11337,0.0,0.0,100.0
26600,56.14684748649597,11337,0.0,0.0,100.0
26610,56.173301219940186,11337,0.0,0.0,100.0
26620,56.19440960884094,11337,0.0,0.0,100.0
26630,56.21395993232727,11337,0.0,0.0,100.0
26640,56.23310136795044,11337,0.0,0.0,100.0
26650,56.25655698776245,11337,0.0,0.0,100.0
26660,56.27932929992676,11337,0.0,0.0,100.0
26670,56.298643589019775,11337,0.0,0.0,100.0
26680,56.31868052482605,11337,0.0,0.0,100.0
26690,56.34019374847412,11337,0.0,0.0,100.0
26700,56.36331582069397,11337,0.0,0.0,100.0
26710,56.383141040802,11337,0.0,0.0,100.0
26720,56.405848264694214,11337,0.0,0.0,100.0
26730,56.43023157119751,11337,0.0,0.0,100.0
26740,56.45282816886902,11337,0.0,0.0,100.0
26750,56.472843408584595,11337,0.0,0.0,100.0
26760,56.49555325508118,11337,0.0,0.0,100.0
26770,56.518397092819214,11337,0.0,0.0,100.0
26780,56.53804421424866,11337,0.0,0.0,100.0
26790,56.55865740776062,11337,0.0,0.0,100.0
26800,56.58184814453125,11337,0.0,0.0,100.0
26810,56.60544013977051,11337,0.0,0.0,100.0
26820,56.626139879226685,11337,0.0,0.0,100.0
26830,56.646029233932495,11337,0.0,0.0,100.0
26840,56.6731390953064,11337,0.0,0.0,100.0
26850,56.69595456123352,11337,0.0,0.0,100.0
26860,56.71925473213196,11337,0.0,0.0,100.0
26870,56.74451422691345,11337,0.0,0.0,100.0
26880,56.766621351242065,11337,0.0,0.0,100.0
26890,56.788251876831055,11337,0.0,0.0,100.0
26900,56.8110888004303,11337,0.0,0.0,100.0
26910,56.834490060806274,11337,0.0,0.0,100.0
26920,56.85375642776489,11337,0.0,0.0,100.0
26930,56.8752326965332,11337,0.0,0.0,100.0
26940,56.89738368988037,11337,0.0,0.0,100.0
26950,56.917092084884644,11337,0.0,0.0,100.0
26960,56.939844846725464,11337,0.0,0.0,100.0
26970,56.962568521499634,11337,0.0,0.0,100.0
26980,56.98504447937012,11337,0.0,0.0,100.0
26990,57.0063853263855,11337,0.0,0.0,100.0
27000,57.028090953826904,11337,0.0,0.0,100.0
27010,57.047789573669434,11337,0.0,0.0,100.0
27020,57.07042980194092,11337,0.0,0.0,100.0
27030,57.09210276603699,11337,0.0,0.0,100.0
27040,57.11483597755432,11337,0.0,0.0,100.0
27041,57.117610692977905,11337,0.0,0.0,100.0
27050,57.13469052314758,11337,0.0,0.0,100.0
27060,57.15860986709595,11337,0.0,0.0,100.0
27070,57.181153774261475,11337,0.0,0.0,100.0
27080,57.20629167556763,11337,0.0,0.0,100.0
27090,57.23040771484375,11337,0.0,0.0,100.0
27100,57.255046129226685,11337,0.0,0.0,100.0
27110,57.28036022186279,11337,0.0,0.0,100.0
27120,57.30234360694885,11337,0.0,0.0,100.0
27130,57.324108839035034,11337,0.0,0.0,100.0
27140,57.34571385383606,11337,0.0,0.0,100.0
27150,57.370633125305176,11337,0.0,0.0,100.0
27160,57.39034962654114,11337,0.0,0.0,100.0
27170,57.41071391105652,11337,0.0,0.0,100.0
27180,57.429444551467896,11337,0.0,0.0,100.0
27190,57.449137687683105,11337,0.0,0.0,100.0
27200,57.46754026412964,11337,0.0,0.0,100.0
27210,57.489678382873535,11337,0.0,0.0,100.0
27220,57.51072382926941,11337,0.0,0.0,100.0
27230,57.53136157989502,11337,0.0,0.0,100.0
27240,57.55413866043091,11337,0.0,0.0,100.0
27250,57.57395267486572,11337,0.0,0.0,100.0
27260,57.59750437736511,11337,0.0,0.0,100.0
27270,57.621461153030396,11337,0.0,0.0,100.0
27280,57.64280414581299,11337,0.0,0.0,100.0
27290,57.66497802734375,11337,0.0,0.0,100.0
27300,57.68397569656372,11337,0.0,0.0,100.0
27310,57.703887939453125,11337,0.0,0.0,100.0
27320,57.729552268981934,11337,0.0,0.0,100.0
27330,57.75208044052124,11337,0.0,0.0,100.0
27340,57.77561116218567,11337,0.0,0.0,100.0
27350,57.797271490097046,11337,0.0,0.0,100.0
27360,57.816065549850464,11337,0.0,0.0,100.0
27370,57.837424755096436,11337,0.0,0.0,100.0
27380,57.85577988624573,11337,0.0,0.0,100.0
27390,57.87653636932373,11337,0.0,0.0,100.0
27400,57.89896249771118,11337,0.0,0.0,100.0
27410,57.91853880882263,11337,0.0,0.0,100.0
27420,57.94019675254822,11337,0.0,0.0,100.0
27430,57.95919370651245,11337,0.0,0.0,100.0
27440,57.97805094718933,11337,0.0,0.0,100.0
27450,57.99883055686951,11337,0.0,0.0,100.0
27460,58.02092742919922,11337,0.0,0.0,100.0
27470,58.04079866409302,11337,0.0,0.0,100.0
27480,58.0623881816864,11337,0.0,0.0,100.0
27490,58.08653497695923,11337,0.0,0.0,100.0
27500,58.10531663894653,11337,0.0,0.0,100.0
27510,58.12641382217407,11337,0.0,0.0,100.0
27520,58.14871668815613,11337,0.0,0.0,100.0
27530,58.16640067100525,11337,0.0,0.0,100.0
27540,58.18653225898743,11337,0.0,0.0,100.0
27550,58.20601272583008,11337,0.0,0.0,100.0
27560,58.22690296173096,11337,0.0,0.0,100.0
27570,58.246477365493774,11337,0.0,0.0,100.0
27580,58.27027678489685,11337,0.0,0.0,100.0
27590,58.295395851135254,11337,0.0,0.0,100.0
27600,58.32019019126892,11337,0.0,0.0,100.0
27610,58.34330081939697,11337,0.0,0.0,100.0
27620,58.36390447616577,11337,0.0,0.0,100.0
27630,58.384265661239624,11337,0.0,0.0,100.0
27640,58.404815673828125,11337,0.0,0.0,100.0
27650,58.42662262916565,11337,0.0,0.0,100.0
27654,58.435301303863525,11337,0.0,0.0,100.0
27660,58.44811773300171,11337,0.0,0.0,100.0
27670,58.47118592262268,11337,0.0,0.0,100.0
27680,58.491429805755615,11337,0.0,0.0,100.0
27690,58.510836362838745,11337,0.0,0.0,100.0
27700,58.53421950340271,11337,0.0,0.0,100.0
27710,58.557663917541504,11337,0.0,0.0,100.0
27720,58.57914352416992,11337,0.0,0.0,100.0
27729,58.599318981170654,11337,0.0,0.0,100.0
27730,58.60147309303284,11337,0.0,0.0,100.0
27740,58.621546268463135,11337,0.0,0.0,100.0
27750,58.640820264816284,11337,0.0,0.0,100.0
27760,58.66404366493225,11337,0.0,0.0,100.0
27770,58.691375494003296,11337,0.0,0.0,100.0
27780,58.719600677490234,11337,0.0,0.0,100.0
27790,58.74250555038452,11337,0.0,0.0,100.0
27800,58.764214754104614,11337,0.0,0.0,100.0
27810,58.79082179069519,11337,0.0,0.0,100.0
27820,58.8167085647583,11337,0.0,0.0,100.0
27830,58.849711656570435,11337,0.0,0.0,100.0
27840,58.88475775718689,11337,0.0,0.0,100.0
27850,58.913458824157715,11337,0.0,0.0,100.0
27860,58.94231700897217,11337,0.0,0.0,100.0
27870,58.96717667579651,11337,0.0,0.0,100.0
27880,58.9940767288208,11337,0.0,0.0,100.0
27890,59.01926851272583,11337,0.0,0.0,100.0
27900,59.04200291633606,11337,0.0,0.0,100.0
27910,59.07902765274048,11337,0.0,0.0,100.0
27920,59.11953330039978,11337,0.0,0.0,100.0
27930,59.139710903167725,11337,0.0,0.0,100.0
27940,59.1596200466156,11337,0.0,0.0,100.0
27950,59.18465304374695,11337,0.0,0.0,100.0
27960,59.20656609535217,11337,0.0,0.0,100.0
27970,59.23193430900574,11337,0.0,0.0,100.0
27980,59.25351595878601,11337,0.0,0.0,100.0
27990,59.279988527297974,11337,0.0,0.0,100.0
28000,59.31029438972473,11337,0.0,0.0,100.0
28010,59.33644104003906,11337,0.0,0.0,100.0
28020,59.36448407173157,11337,0.0,0.0,100.0
28030,59.39047646522522,11337,0.0,0.0,100.0
28040,59.41442155838013,11337,0.0,0.0,100.0
28050,59.4360466003418,11337,0.0,0.0,100.0
28060,59.46196961402893,11337,0.0,0.0,100.0
28070,59.48416757583618,11337,0.0,0.0,100.0
28080,59.50592589378357,11337,0.0,0.0,100.0
28090,59.53014802932739,11337,0.0,0.0,100.0
28100,59.55367994308472,11337,0.0,0.0,100.0
28110,59.57371687889099,11337,0.0,0.0,100.0
28120,59.596107721328735,11337,0.0,0.0,100.0
28130,59.61674618721008,11337,0.0,0.0,100.0
28140,59.641977310180664,11337,0.0,0.0,100.0
28150,59.66416049003601,11337,0.0,0.0,100.0
28160,59.68528985977173,11337,0.0,0.0,100.0
28170,59.708515644073486,11337,0.0,0.0,100.0
28180,59.73277831077576,11337,0.0,0.0,100.0
28190,59.753952741622925,11337,0.0,0.0,100.0
28200,59.778669357299805,11337,0.0,0.0,100.0
28210,59.79692196846008,11337,0.0,0.0,100.0
28220,59.82642936706543,11337,0.0,0.0,100.0
28230,59.84825325012207,11337,0.0,0.0,100.0
28240,59.86947774887085,11337,0.0,0.0,100.0
28250,59.89080452919006,11337,0.0,0.0,100.0
28260,59.910428047180176,11337,0.0,0.0,100.0
28270,59.93020415306091,11337,0.0,0.0,100.0
28280,59.95292663574219,11337,0.0,0.0,100.0
28290,59.97494292259216,11337,0.0,0.0,100.0
28300,59.995081424713135,11337,0.0,0.0,100.0
28310,60.015504121780396,11337,0.0,0.0,100.0
28320,60.03777313232422,11337,0.0,0.0,100.0
28330,60.05924439430237,11337,0.0,0.0,100.0
28340,60.09482717514038,11337,0.0,0.0,100.0
28350,60.12390494346619,11337,0.0,0.0,100.0
28360,60.14778256416321,11337,0.0,0.0,100.0
28370,60.17706871032715,11337,0.0,0.0,100.0
28380,60.20540165901184,11337,0.0,0.0,100.0
28390,60.22572636604309,11337,0.0,0.0,100.0
28400,60.24402165412903,11337,0.0,0.0,100.0
28410,60.26666975021362,11337,0.0,0.0,100.0
28420,60.28811740875244,11337,0.0,0.0,100.0
28430,60.30789923667908,11337,0.0,0.0,100.0
28440,60.329267740249634,11337,0.0,0.0,100.0
28450,60.35066246986389,11337,0.0,0.0,100.0
28460,60.37025260925293,11337,0.0,0.0,100.0
28470,60.38921070098877,11337,0.0,0.0,100.0
28480,60.40825057029724,11337,0.0,0.0,100.0
28483,60.414634227752686,11337,0.0,0.0,100.0
28490,60.428216218948364,11337,0.0,0.0,100.0
28500,60.45019888877869,11337,0.0,0.0,100.0
28510,60.4736750125885,11337,0.0,0.0,100.0
28520,60.49364256858826,11337,0.0,0.0,100.0
28530,60.51185059547424,11337,0.0,0.0,100.0
28540,60.53191566467285,11337,0.0,0.0,100.0
28550,60.556686878204346,11337,0.0,0.0,100.0
28560,60.57824754714966,11337,0.0,0.0,100.0
28570,60.599034547805786,11337,0.0,0.0,100.0
28580,60.61995029449463,11337,0.0,0.0,100.0
28590,60.63957858085632,11337,0.0,0.0,100.0
28600,60.66164946556091,11337,0.0,0.0,100.0
28610,60.68826150894165,11337,0.0,0.0,100.0
28620,60.71153259277344,11337,0.0,0.0,100.0
28630,60.73518705368042,11337,0.0,0.0,100.0
28640,60.757224559783936,11337,0.0,0.0,100.0
28650,60.780800580978394,11337,0.0,0.0,100.0
28660,60.807979583740234,11337,0.0,0.0,100.0
28670,60.832913398742676,11337,0.0,0.0,100.0
28680,60.85427641868591,11337,0.0,0.0,100.0
28690,60.87919616699219,11337,0.0,0.0,100.0
28700,60.90242290496826,11337,0.0,0.0,100.0
28710,60.922205686569214,11337,0.0,0.0,100.0
28720,60.942700147628784,11337,0.0,0.0,100.0
28730,60.96398878097534,11337,0.0,0.0,100.0
28740,60.98659324645996,11337,0.0,0.0,100.0
28744,60.99481678009033,11337,0.0,0.0,100.0
28750,61.008471965789795,11337,0.0,0.0,100.0
28760,61.031269788742065,11337,0.0,0.0,100.0
28770,61.053462266922,11337,0.0,0.0,100.0
28780,61.07774829864502,11337,0.0,0.0,100.0
28790,61.10066199302673,11337,0.0,0.0,100.0
28800,61.12188148498535,11337,0.0,0.0,100.0
28810,61.14235544204712,11337,0.0,0.0,100.0
28820,61.16372466087341,11337,0.0,0.0,100.0
28830,61.18731498718262,11337,0.0,0.0,100.0
28840,61.2071897983551,11337,0.0,0.0,100.0
28850,61.22511124610901,11337,0.0,0.0,100.0
28860,61.24492311477661,11337,0.0,0.0,100.0
28870,61.269431829452515,11337,0.0,0.0,100.0
28880,61.290287256240845,11337,0.0,0.0,100.0
28890,61.31006741523743,11337,0.0,0.0,100.0
28900,61.331414222717285,11337,0.0,0.0,100.0
28910,61.35070276260376,11337,0.0,0.0,100.0
28920,61.37131428718567,11337,0.0,0.0,100.0
28930,61.39136052131653,11337,0.0,0.0,100.0
28940,61.413570404052734,11337,0.0,0.0,100.0
28950,61.43540930747986,11337,0.0,0.0,100.0
28960,61.45530152320862,11337,0.0,0.0,100.0
28970,61.47950792312622,11337,0.0,0.0,100.0
28980,61.49837255477905,11337,0.0,0.0,100.0
28990,61.52149701118469,11337,0.0,0.0,100.0
29000,61.54096531867981,11337,0.0,0.0,100.0
29010,61.56110858917236,11337,0.0,0.0,100.0
29020,61.588114976882935,11337,0.0,0.0,100.0
29030,61.61098670959473,11337,0.0,0.0,100.0
29040,61.63168215751648,11337,0.0,0.0,100.0
29050,61.65834355354309,11337,0.0,0.0,100.0
29060,61.681893825531006,11337,0.0,0.0,100.0
29070,61.70224094390869,11337,0.0,0.0,100.0
29080,61.72425436973572,11337,0.0,0.0,100.0
29090,61.74520540237427,11337,0.0,0.0,100.0
29100,61.76939511299133,11337,0.0,0.0,100.0
29110,61.791099071502686,11337,0.0,0.0,100.0
29120,61.813583850860596,11337,0.0,0.0,100.0
29130,61.834245920181274,11337,0.0,0.0,100.0
29140,61.85614061355591,11337,0.0,0.0,100.0
29150,61.87790656089783,11337,0.0,0.0,100.0
29160,61.89808750152588,11337,0.0,0.0,100.0
29170,61.919851541519165,11337,0.0,0.0,100.0
29180,61.94403028488159,11337,0.0,0.0,100.0
29190,61.965253829956055,11337,0.0,0.0,100.0
29200,61.98705077171326,11337,0.0,0.0,100.0
29210,62.00745105743408,11337,0.0,0.0,100.0
29220,62.025195837020874,11337,0.0,0.0,100.0
29230,62.04527711868286,11337,0.0,0.0,100.0
29240,62.0666229724884,11337,0.0,0.0,100.0
29250,62.088497161865234,11337,0.0,0.0,100.0
29260,62.10868692398071,11337,0.0,0.0,100.0
29270,62.127257108688354,11337,0.0,0.0,100.0
29280,62.14782381057739,11337,0.0,0.0,100.0
29290,62.16791367530823,11337,0.0,0.0,100.0
29300,62.18772029876709,11337,0.0,0.0,100.0
29310,62.20866680145264,11337,0.0,0.0,100.0
29320,62.227702140808105,11337,0.0,0.0,100.0
29330,62.25071120262146,11337,0.0,0.0,100.0
29340,62.275747776031494,11337,0.0,0.0,100.0
29350,62.29395890235901,11337,0.0,0.0,100.0
29360,62.31511163711548,11337,0.0,0.0,100.0
29370,62.33287239074707,11337,0.0,0.0,100.0
29380,62.3533821105957,11337,0.0,0.0,100.0
29390,62.375595569610596,11337,0.0,0.0,100.0
29400,62.39867877960205,11337,0.0,0.0,100.0
29410,62.419249296188354,11337,0.0,0.0,100.0
29420,62.43999481201172,11337,0.0,0.0,100.0
29430,62.462321281433105,11337,0.0,0.0,100.0
29440,62.48677325248718,11337,0.0,0.0,100.0
29450,62.51159620285034,11337,0.0,0.0,100.0
29460,62.53135442733765,11337,0.0,0.0,100.0
29470,62.558313608169556,11337,0.0,0.0,100.0
29480,62.585017681121826,11337,0.0,0.0,100.0
29490,62.607375383377075,11337,0.0,0.0,100.0
29500,62.63475966453552,11337,0.0,0.0,100.0
29510,62.657920360565186,11337,0.0,0.0,100.0
29520,62.67948865890503,11337,0.0,0.0,100.0
29530,62.698768854141235,11337,0.0,0.0,100.0
29540,62.71986508369446,11337,0.0,0.0,100.0
29550,62.74037575721741,11337,0.0,0.0,100.0
29560,62.76217865943909,11337,0.0,0.0,100.0
29570,62.78441143035889,11337,0.0,0.0,100.0
29580,62.80233716964722,11337,0.0,0.0,100.0
29590,62.82292985916138,11337,0.0,0.0,100.0
29600,62.84337830543518,11337,0.0,0.0,100.0
29610,62.86478233337402,11337,0.0,0.0,100.0
29620,62.887749910354614,11337,0.0,0.0,100.0
29630,62.912660360336304,11337,0.0,0.0,100.0
29640,62.93515729904175,11337,0.0,0.0,100.0
29650,62.95338463783264,11337,0.0,0.0,100.0
29660,62.97164511680603,11337,0.0,0.0,100.0
29670,63.0030312538147,11337,0.0,0.0,100.0
29680,63.035112142562866,11337,0.0,0.0,100.0
29690,63.059407472610474,11337,0.0,0.0,100.0
29700,63.0830295085907,11337,0.0,0.0,100.0
29710,63.10429239273071,11337,0.0,0.0,100.0
29720,63.12428545951843,11337,0.0,0.0,100.0
29730,63.14460587501526,11337,0.0,0.0,100.0
29740,63.16354417800903,11337,0.0,0.0,100.0
29750,63.185017585754395,11337,0.0,0.0,100.0
29760,63.20441770553589,11337,0.0,0.0,100.0
29770,63.22422742843628,11337,0.0,0.0,100.0
29780,63.24408578872681,11337,0.0,0.0,100.0
29790,63.26266026496887,11337,0.0,0.0,100.0
29800,63.287312746047974,11337,0.0,0.0,100.0
29810,63.30774426460266,11337,0.0,0.0,100.0
29820,63.32686734199524,11337,0.0,0.0,100.0
29830,63.3475661277771,11337,0.0,0.0,100.0
29840,63.36858606338501,11337,0.0,0.0,100.0
29850,63.38831114768982,11337,0.0,0.0,100.0
29860,63.407885789871216,11337,0.0,0.0,100.0
29870,63.42569923400879,11337,0.0,0.0,100.0
29880,63.44557332992554,11337,0.0,0.0,100.0
29890,63.46617650985718,11337,0.0,0.0,100.0
29900,63.48717451095581,11337,0.0,0.0,100.0
29910,63.50776243209839,11337,0.0,0.0,100.0
29920,63.526002407073975,11337,0.0,0.0,100.0
29930,63.54555583000183,11337,0.0,0.0,100.0
29940,63.567700147628784,11337,0.0,0.0,100.0
29950,63.590935945510864,11337,0.0,0.0,100.0
29960,63.61341404914856,11337,0.0,0.0,100.0
29970,63.63310956954956,11337,0.0,0.0,100.0
29980,63.654091119766235,11337,0.0,0.0,100.0
29990,63.67581129074097,11337,0.0,0.0,100.0
30000,63.69770264625549,11337,0.0,0.0,100.0
30010,63.72001576423645,11337,0.0,0.0,100.0
30020,63.741581201553345,11337,0.0,0.0,100.0
30030,63.76353120803833,11337,0.0,0.0,100.0
30040,63.79197454452515,11337,0.0,0.0,100.0
30050,63.81805634498596,11337,0.0,0.0,100.0
30060,63.8409526348114,11337,0.0,0.0,100.0
30070,63.86444568634033,11337,0.0,0.0,100.0
30080,63.895976066589355,11337,0.0,0.0,100.0
30090,63.919811487197876,11337,0.0,0.0,100.0
30100,63.943976163864136,11337,0.0,0.0,100.0
30110,63.96660852432251,11337,0.0,0.0,100.0
30120,63.992443561553955,11337,0.0,0.0,100.0
30130,64.01432967185974,11337,0.0,0.0,100.0
30140,64.03411436080933,11337,0.0,0.0,100.0
30150,64.05464673042297,11337,0.0,0.0,100.0
30160,64.07366800308228,11337,0.0,0.0,100.0
30170,64.09601473808289,11337,0.0,0.0,100.0
30180,64.11849522590637,11337,0.0,0.0,100.0
30190,64.13593077659607,11337,0.0,0.0,100.0
30200,64.157475233078,11337,0.0,0.0,100.0
30210,64.17959070205688,11337,0.0,0.0,100.0
30220,64.20559048652649,11337,0.0,0.0,100.0
30230,64.22660279273987,11337,0.0,0.0,100.0
30240,64.24804878234863,11337,0.0,0.0,100.0
30250,64.27053737640381,11337,0.0,0.0,100.0
30260,64.29571843147278,11337,0.0,0.0,100.0
30270,64.32038402557373,11337,0.0,0.0,100.0
30273,64.32901787757874,11337,0.0,0.0,100.0
30280,64.34355998039246,11337,0.0,0.0,100.0
30290,64.36523962020874,11337,0.0,0.0,100.0
30300,64.392817735672,11337,0.0,0.0,100.0
30310,64.41519665718079,11337,0.0,0.0,100.0
30320,64.43518257141113,11337,0.0,0.0,100.0
30330,64.45849871635437,11337,0.0,0.0,100.0
30340,64.48018050193787,11337,0.0,0.0,100.0
30350,64.50182437896729,11337,0.0,0.0,100.0
30360,64.52217602729797,11337,0.0,0.0,100.0
30370,64.5458996295929,11337,0.0,0.0,100.0
30380,64.57227921485901,11337,0.0,0.0,100.0
30381,64.57523775100708,11337,0.0,0.0,100.0
30390,64.59714221954346,11337,0.0,0.0,100.0
30400,64.61917066574097,11337,0.0,0.0,100.0
30410,64.64443278312683,11337,0.0,0.0,100.0
30420,64.66576433181763,11337,0.0,0.0,100.0
30430,64.68570590019226,11337,0.0,0.0,100.0
30440,64.71222352981567,11337,0.0,0.0,100.0
30450,64.73533773422241,11337,0.0,0.0,100.0
30460,64.75631499290466,11337,0.0,0.0,100.0
30470,64.77818012237549,11337,0.0,0.0,100.0
30476,64.79157829284668,11337,0.0,0.0,100.0
30480,64.80092692375183,11337,0.0,0.0,100.0
30490,64.82733392715454,11337,0.0,0.0,100.0
30500,64.8614010810852,11337,0.0,0.0,100.0
30510,64.88220810890198,11337,0.0,0.0,100.0
30520,64.9042341709137,11337,0.0,0.0,100.0
30530,64.93205642700195,11337,0.0,0.0,100.0
30540,64.95451974868774,11337,0.0,0.0,100.0
30550,64.97452902793884,11337,0.0,0.0,100.0
30560,64.99352717399597,11337,0.0,0.0,100.0
30570,65.01330161094666,11337,0.0,0.0,100.0
30580,65.03300929069519,11337,0.0,0.0,100.0
30590,65.05511569976807,11337,0.0,0.0,100.0
30600,65.07612562179565,11337,0.0,0.0,100.0
30610,65.10179996490479,11337,0.0,0.0,100.0
30620,65.12404584884644,11337,0.0,0.0,100.0
30630,65.14464116096497,11337,0.0,0.0,100.0
30640,65.1672260761261,11337,0.0,0.0,100.0
30650,65.1904833316803,11337,0.0,0.0,100.0
30660,65.21107482910156,11337,0.0,0.0,100.0
30670,65.23281574249268,11337,0.0,0.0,100.0
30680,65.2539484500885,11337,0.0,0.0,100.0
30690,65.27430438995361,11337,0.0,0.0,100.0
30700,65.30170059204102,11337,0.0,0.0,100.0
30710,65.3285403251648,11337,0.0,0.0,100.0
30720,65.35089421272278,11337,0.0,0.0,100.0
30730,65.38735294342041,11337,0.0,0.0,100.0
30740,65.4122462272644,11337,0.0,0.0,100.0
30750,65.43406176567078,11337,0.0,0.0,100.0
30760,65.45713257789612,11337,0.0,0.0,100.0
30770,65.4802598953247,11337,0.0,0.0,100.0
30780,65.50327205657959,11337,0.0,0.0,100.0
30790,65.52604985237122,11337,0.0,0.0,100.0
30800,65.54864883422852,11337,0.0,0.0,100.0
30810,65.56823825836182,11337,0.0,0.0,100.0
30820,65.58914136886597,11337,0.0,0.0,100.0
30830,65.60811114311218,11337,0.0,0.0,100.0
30840,65.63229322433472,11337,0.0,0.0,100.0
30850,65.65653467178345,11337,0.0,0.0,100.0
30860,65.6790235042572,11337,0.0,0.0,100.0
30870,65.70217394828796,11337,0.0,0.0,100.0
30880,65.72253441810608,11337,0.0,0.0,100.0
30890,65.74195909500122,11337,0.0,0.0,100.0
30900,65.76403832435608,11337,0.0,0.0,100.0
30910,65.78786277770996,11337,0.0,0.0,100.0
30920,65.81110501289368,11337,0.0,0.0,100.0
30930,65.83260202407837,11337,0.0,0.0,100.0
30940,65.85422444343567,11337,0.0,0.0,100.0
30950,65.87728190422058,11337,0.0,0.0,100.0
30960,65.8994665145874,11337,0.0,0.0,100.0
30970,65.92023396492004,11337,0.0,0.0,100.0
30980,65.94251871109009,11337,0.0,0.0,100.0
30990,65.96294212341309,11337,0.0,0.0,100.0
31000,65.98353886604309,11337,0.0,0.0,100.0
31010,66.00604939460754,11337,0.0,0.0,100.0
31020,66.02867078781128,11337,0.0,0.0,100.0
31030,66.05012249946594,11337,0.0,0.0,100.0
31040,66.07164454460144,11337,0.0,0.0,100.0
31050,66.09228658676147,11337,0.0,0.0,100.0
31060,66.11372089385986,11337,0.0,0.0,100.0
31070,66.13340616226196,11337,0.0,0.0,100.0
31080,66.15363430976868,11337,0.0,0.0,100.0
31090,66.17323112487793,11337,0.0,0.0,100.0
31100,66.19337034225464,11337,0.0,0.0,100.0
31110,66.21490669250488,11337,0.0,0.0,100.0
31120,66.23946356773376,11337,0.0,0.0,100.0
31130,66.26515102386475,11337,0.0,0.0,100.0
31140,66.28745365142822,11337,0.0,0.0,100.0
31150,66.31187510490417,11337,0.0,0.0,100.0
31160,66.33325004577637,11337,0.0,0.0,100.0
31170,66.35570907592773,11337,0.0,0.0,100.0
31180,66.37611317634583,11337,0.0,0.0,100.0
31190,66.39844918251038,11337,0.0,0.0,100.0
31200,66.42192435264587,11337,0.0,0.0,100.0
31210,66.44393396377563,11337,0.0,0.0,100.0
31220,66.46588039398193,11337,0.0,0.0,100.0
31230,66.48702359199524,11337,0.0,0.0,100.0
31240,66.5079562664032,11337,0.0,0.0,100.0
31250,66.528146982193,11337,0.0,0.0,100.0
31260,66.5482587814331,11337,0.0,0.0,100.0
31270,66.575603723526,11337,0.0,0.0,100.0
31280,66.60079503059387,11337,0.0,0.0,100.0
31290,66.62538194656372,11337,0.0,0.0,100.0
31300,66.64729189872742,11337,0.0,0.0,100.0
31310,66.67259240150452,11337,0.0,0.0,100.0
31320,66.706307888031,11337,0.0,0.0,100.0
31330,66.72889161109924,11337,0.0,0.0,100.0
31340,66.75165343284607,11337,0.0,0.0,100.0
31350,66.77309036254883,11337,0.0,0.0,100.0
31360,66.79668951034546,11337,0.0,0.0,100.0
31370,66.81838893890381,11337,0.0,0.0,100.0
31380,66.83983564376831,11337,0.0,0.0,100.0
31390,66.86434626579285,11337,0.0,0.0,100.0
31400,66.88596677780151,11337,0.0,0.0,100.0
31410,66.90605139732361,11337,0.0,0.0,100.0
31420,66.92645931243896,11337,0.0,0.0,100.0
31430,66.94807410240173,11337,0.0,0.0,100.0
31440,66.9653377532959,11337,0.0,0.0,100.0
31450,66.98733401298523,11337,0.0,0.0,100.0
31460,67.00896215438843,11337,0.0,0.0,100.0
31461,67.0116331577301,11337,0.0,0.0,100.0
31470,67.02727437019348,11337,0.0,0.0,100.0
31480,67.04829835891724,11337,0.0,0.0,100.0
31490,67.06852889060974,11337,0.0,0.0,100.0
31500,67.0874080657959,11337,0.0,0.0,100.0
31510,67.10920286178589,11337,0.0,0.0,100.0
31520,67.13016366958618,11337,0.0,0.0,100.0
31530,67.14879274368286,11337,0.0,0.0,100.0
31540,67.16576552391052,11337,0.0,0.0,100.0
31550,67.18712186813354,11337,0.0,0.0,100.0
31560,67.20750665664673,11337,0.0,0.0,100.0
31570,67.22828984260559,11337,0.0,0.0,100.0
31580,67.24887871742249,11337,0.0,0.0,100.0
31590,67.2690818309784,11337,0.0,0.0,100.0
31600,67.29055047035217,11337,0.0,0.0,100.0
31610,67.31236863136292,11337,0.0,0.0,100.0
31620,67.33749341964722,11337,0.0,0.0,100.0
31630,67.36362195014954,11337,0.0,0.0,100.0
31640,67.3866400718689,11337,0.0,0.0,100.0
31650,67.40779137611389,11337,0.0,0.0,100.0
31660,67.42800998687744,11337,0.0,0.0,100.0
31670,67.44504165649414,11337,0.0,0.0,100.0
31680,67.46559739112854,11337,0.0,0.0,100.0
31690,67.48456716537476,11337,0.0,0.0,100.0
31700,67.50199961662292,11337,0.0,0.0,100.0
31710,67.52375602722168,11337,0.0,0.0,100.0
31720,67.54428958892822,11337,0.0,0.0,100.0
31730,67.56506752967834,11337,0.0,0.0,100.0
31740,67.58546590805054,11337,0.0,0.0,100.0
31750,67.60911130905151,11337,0.0,0.0,100.0
31760,67.63233780860901,11337,0.0,0.0,100.0
31770,67.65530729293823,11337,0.0,0.0,100.0
31780,67.67768454551697,11337,0.0,0.0,100.0
31790,67.70020580291748,11337,0.0,0.0,100.0
31800,67.7212586402893,11337,0.0,0.0,100.0
31810,67.74152374267578,11337,0.0,0.0,100.0
31820,67.76225447654724,11337,0.0,0.0,100.0
31830,67.78575706481934,11337,0.0,0.0,100.0
31840,67.80606389045715,11337,0.0,0.0,100.0
31850,67.83108711242676,11337,0.0,0.0,100.0
31860,67.851646900177,11337,0.0,0.0,100.0
31870,67.87364935874939,11337,0.0,0.0,100.0
31880,67.89410328865051,11337,0.0,0.0,100.0
31890,67.91322827339172,11337,0.0,0.0,100.0
31900,67.93486428260803,11337,0.0,0.0,100.0
31910,67.95159196853638,11337,0.0,0.0,100.0
31920,67.97360062599182,11337,0.0,0.0,100.0
31930,67.99408984184265,11337,0.0,0.0,100.0
31940,68.01407074928284,11337,0.0,0.0,100.0
31950,68.03531432151794,11337,0.0,0.0,100.0
31960,68.05651569366455,11337,0.0,0.0,100.0
31970,68.08390688896179,11337,0.0,0.0,100.0
31980,68.10462260246277,11337,0.0,0.0,100.0
31989,68.12415838241577,11337,0.0,0.0,100.0
31990,68.12634706497192,11337,0.0,0.0,100.0
32000,68.1473171710968,11337,0.0,0.0,100.0
32010,68.16468524932861,11337,0.0,0.0,100.0
32020,68.18429636955261,11337,0.0,0.0,100.0
32030,68.20419359207153,11337,0.0,0.0,100.0
32040,68.22609639167786,11337,0.0,0.0,100.0
32050,68.2487690448761,11337,0.0,0.0,100.0
32060,68.27163624763489,11337,0.0,0.0,100.0
32070,68.29820799827576,11337,0.0,0.0,100.0
32080,68.32031655311584,11337,0.0,0.0,100.0
32090,68.34355401992798,11337,0.0,0.0,100.0
32100,68.36382722854614,11337,0.0,0.0,100.0
32110,68.38528037071228,11337,0.0,0.0,100.0
32120,68.40729141235352,11337,0.0,0.0,100.0
32130,68.42904353141785,11337,0.0,0.0,100.0
32140,68.45054364204407,11337,0.0,0.0,100.0
32150,68.47067975997925,11337,0.0,0.0,100.0
32160,68.49084305763245,11337,0.0,0.0,100.0
32170,68.50935697555542,11337,0.0,0.0,100.0
32180,68.53197145462036,11337,0.0,0.0,100.0
32190,68.55451393127441,11337,0.0,0.0,100.0
32200,68.57546329498291,11337,0.0,0.0,100.0
32210,68.59360837936401,11337,0.0,0.0,100.0
32220,68.62144994735718,11337,0.0,0.0,100.0
32230,68.64440655708313,11337,0.0,0.0,100.0
32240,68.66716814041138,11337,0.0,0.0,100.0
32250,68.68726968765259,11337,0.0,0.0,100.0
32260,68.71284365653992,11337,0.0,0.0,100.0
32270,68.74003863334656,11337,0.0,0.0,100.0
32280,68.76719307899475,11337,0.0,0.0,100.0
32290,68.80019116401672,11337,0.0,0.0,100.0
32300,68.82933115959167,11337,0.0,0.0,100.0
32310,68.86662864685059,11337,0.0,0.0,100.0
32320,68.90903830528259,11337,0.0,0.0,100.0
32330,68.94556879997253,11337,0.0,0.0,100.0
32340,68.98062014579773,11337,0.0,0.0,100.0
32350,69.009845495224,11337,0.0,0.0,100.0
32360,69.03110718727112,11337,0.0,0.0,100.0
32370,69.05406141281128,11337,0.0,0.0,100.0
32380,69.07806205749512,11337,0.0,0.0,100.0
32390,69.09989380836487,11337,0.0,0.0,100.0
32400,69.11955881118774,11337,0.0,0.0,100.0
32410,69.14115118980408,11337,0.0,0.0,100.0
32420,69.16296625137329,11337,0.0,0.0,100.0
32430,69.1841311454773,11337,0.0,0.0,100.0
32440,69.20514965057373,11337,0.0,0.0,100.0
32450,69.22616410255432,11337,0.0,0.0,100.0
32460,69.25007629394531,11337,0.0,0.0,100.0
32470,69.27134346961975,11337,0.0,0.0,100.0
32480,69.29332256317139,11337,0.0,0.0,100.0
32487,69.31168532371521,11337,0.0,0.0,100.0
32490,69.3187108039856,11337,0.0,0.0,100.0
32494,69.32854771614075,11337,0.0,0.0,100.0
32500,69.34404516220093,11337,0.0,0.0,100.0
32510,69.36711359024048,11337,0.0,0.0,100.0
32520,69.38858032226562,11337,0.0,0.0,100.0
32530,69.41304159164429,11337,0.0,0.0,100.0
32540,69.43444466590881,11337,0.0,0.0,100.0
32550,69.45439219474792,11337,0.0,0.0,100.0
32560,69.47707653045654,11337,0.0,0.0,100.0
32570,69.49792194366455,11337,0.0,0.0,100.0
32580,69.52030849456787,11337,0.0,0.0,100.0
32590,69.54090189933777,11337,0.0,0.0,100.0
32600,69.56171417236328,11337,0.0,0.0,100.0
32610,69.58361744880676,11337,0.0,0.0,100.0
32620,69.60629844665527,11337,0.0,0.0,100.0
32630,69.63265204429626,11337,0.0,0.0,100.0
32640,69.65768575668335,11337,0.0,0.0,100.0
32650,69.67904305458069,11337,0.0,0.0,100.0
32660,69.69994974136353,11337,0.0,0.0,100.0
32670,69.72255325317383,11337,0.0,0.0,100.0
32680,69.74436497688293,11337,0.0,0.0,100.0
32690,69.76697039604187,11337,0.0,0.0,100.0
32700,69.79210829734802,11337,0.0,0.0,100.0
32710,69.81809997558594,11337,0.0,0.0,100.0
32720,69.84934043884277,11337,0.0,0.0,100.0
32730,69.87420535087585,11337,0.0,0.0,100.0
32740,69.89578366279602,11337,0.0,0.0,100.0
32748,69.91321468353271,11337,0.0,0.0,100.0
32750,69.91701698303223,11337,0.0,0.0,100.0
32760,69.93918204307556,11337,0.0,0.0,100.0
32770,69.96101784706116,11337,0.0,0.0,100.0
32780,69.97975158691406,11337,0.0,0.0,100.0
32790,70.00117421150208,11337,0.0,0.0,100.0
32800,70.02926087379456,11337,0.0,0.0,100.0
32810,70.0534496307373,11337,0.0,0.0,100.0
32820,70.08480525016785,11337,0.0,0.0,100.0
32830,70.1214382648468,11337,0.0,0.0,100.0
32840,70.15188646316528,11337,0.0,0.0,100.0
32850,70.17977643013,11337,0.0,0.0,100.0
32860,70.20758652687073,11337,0.0,0.0,100.0
32870,70.22951292991638,11337,0.0,0.0,100.0
32880,70.24872756004333,11337,0.0,0.0,100.0
32890,70.26910471916199,11337,0.0,0.0,100.0
32900,70.30313849449158,11337,0.0,0.0,100.0
32910,70.32650256156921,11337,0.0,0.0,100.0
32920,70.34956002235413,11337,0.0,0.0,100.0
32930,70.37055730819702,11337,0.0,0.0,100.0
32940,70.3936722278595,11337,0.0,0.0,100.0
32950,70.41960835456848,11337,0.0,0.0,100.0
32960,70.43954610824585,11337,0.0,0.0,100.0
32970,70.46022319793701,11337,0.0,0.0,100.0
32980,70.48088479042053,11337,0.0,0.0,100.0
32990,70.50236797332764,11337,0.0,0.0,100.0
33000,70.52384281158447,11337,0.0,0.0,100.0
33010,70.54599738121033,11337,0.0,0.0,100.0
33020,70.56719660758972,11337,0.0,0.0,100.0
33030,70.58958435058594,11337,0.0,0.0,100.0
33040,70.61391949653625,11337,0.0,0.0,100.0
33050,70.63666892051697,11337,0.0,0.0,100.0
33060,70.66015124320984,11337,0.0,0.0,100.0
33070,70.68132948875427,11337,0.0,0.0,100.0
33080,70.70128178596497,11337,0.0,0.0,100.0
33090,70.72146511077881,11337,0.0,0.0,100.0
33100,70.7429690361023,11337,0.0,0.0,100.0
33110,70.76358556747437,11337,0.0,0.0,100.0
33120,70.78560280799866,11337,0.0,0.0,100.0
33130,70.80674934387207,11337,0.0,0.0,100.0
33140,70.82743215560913,11337,0.0,0.0,100.0
33150,70.85031962394714,11337,0.0,0.0,100.0
33160,70.8722186088562,11337,0.0,0.0,100.0
33170,70.89798617362976,11337,0.0,0.0,100.0
33180,70.92285871505737,11337,0.0,0.0,100.0
33190,70.94409894943237,11337,0.0,0.0,100.0
33200,70.96720957756042,11337,0.0,0.0,100.0
33210,70.99120211601257,11337,0.0,0.0,100.0
33220,71.01017141342163,11337,0.0,0.0,100.0
33230,71.03581261634827,11337,0.0,0.0,100.0
33240,71.05822491645813,11337,0.0,0.0,100.0
33250,71.08287596702576,11337,0.0,0.0,100.0
33260,71.10965299606323,11337,0.0,0.0,100.0
33270,71.12935185432434,11337,0.0,0.0,100.0
33280,71.14995265007019,11337,0.0,0.0,100.0
33290,71.1698706150055,11337,0.0,0.0,100.0
33300,71.18865919113159,11337,0.0,0.0,100.0
33310,71.21106600761414,11337,0.0,0.0,100.0
33320,71.23202586174011,11337,0.0,0.0,100.0
33330,71.2523787021637,11337,0.0,0.0,100.0
33340,71.27371168136597,11337,0.0,0.0,100.0
33350,71.29915738105774,11337,0.0,0.0,100.0
33360,71.3201835155487,11337,0.0,0.0,100.0
33370,71.34147047996521,11337,0.0,0.0,100.0
33380,71.36023926734924,11337,0.0,0.0,100.0
33390,71.37970423698425,11337,0.0,0.0,100.0
33400,71.400137424469,11337,0.0,0.0,100.0
33410,71.4191677570343,11337,0.0,0.0,100.0
33420,71.43929314613342,11337,0.0,0.0,100.0
33430,71.45802474021912,11337,0.0,0.0,100.0
33440,71.47885966300964,11337,0.0,0.0,100.0
33450,71.50006747245789,11337,0.0,0.0,100.0
33460,71.52211546897888,11337,0.0,0.0,100.0
33470,71.54408311843872,11337,0.0,0.0,100.0
33480,71.56436085700989,11337,0.0,0.0,100.0
33490,71.58819937705994,11337,0.0,0.0,100.0
33500,71.60949778556824,11337,0.0,0.0,100.0
33510,71.62984013557434,11337,0.0,0.0,100.0
33520,71.6514892578125,11337,0.0,0.0,100.0
33530,71.67416596412659,11337,0.0,0.0,100.0
33540,71.6944751739502,11337,0.0,0.0,100.0
33550,71.71418356895447,11337,0.0,0.0,100.0
33560,71.73591089248657,11337,0.0,0.0,100.0
33570,71.76097655296326,11337,0.0,0.0,100.0
33580,71.7826931476593,11337,0.0,0.0,100.0
33590,71.80294799804688,11337,0.0,0.0,100.0
33600,71.82388663291931,11337,0.0,0.0,100.0
33610,71.84379053115845,11337,0.0,0.0,100.0
33620,71.8661298751831,11337,0.0,0.0,100.0
33630,71.88737988471985,11337,0.0,0.0,100.0
33640,71.90875363349915,11337,0.0,0.0,100.0
33650,71.93446612358093,11337,0.0,0.0,100.0
33660,71.9555230140686,11337,0.0,0.0,100.0
33670,71.97525477409363,11337,0.0,0.0,100.0
33680,71.99792742729187,11337,0.0,0.0,100.0
33690,72.01906323432922,11337,0.0,0.0,100.0
33700,72.04090595245361,11337,0.0,0.0,100.0
33710,72.06456017494202,11337,0.0,0.0,100.0
33720,72.08476734161377,11337,0.0,0.0,100.0
33730,72.10783648490906,11337,0.0,0.0,100.0
33740,72.1275315284729,11337,0.0,0.0,100.0
33750,72.14817762374878,11337,0.0,0.0,100.0
33760,72.16885209083557,11337,0.0,0.0,100.0
33770,72.18875932693481,11337,0.0,0.0,100.0
33780,72.20766520500183,11337,0.0,0.0,100.0
33790,72.22910141944885,11337,0.0,0.0,100.0
33800,72.2514910697937,11337,0.0,0.0,100.0
33810,72.26913213729858,11337,0.0,0.0,100.0
33820,72.29049777984619,11337,0.0,0.0,100.0
33830,72.31403350830078,11337,0.0,0.0,100.0
33840,72.33383631706238,11337,0.0,0.0,100.0
33850,72.35833311080933,11337,0.0,0.0,100.0
33860,72.37849879264832,11337,0.0,0.0,100.0
33870,72.3996102809906,11337,0.0,0.0,100.0
33880,72.42055559158325,11337,0.0,0.0,100.0
33890,72.44219183921814,11337,0.0,0.0,100.0
33900,72.46197652816772,11337,0.0,0.0,100.0
33910,72.48215651512146,11337,0.0,0.0,100.0
33911,72.48502039909363,11338,0.0,0.0,100.0
33920,72.50468635559082,11338,0.0,0.0,100.0
33930,72.52567625045776,11338,0.0,0.0,100.0
33940,72.54744386672974,11338,0.0,0.0,100.0
33950,72.57082772254944,11338,0.0,0.0,100.0
33960,72.59220910072327,11338,0.0,0.0,100.0
33970,72.6132071018219,11338,0.0,0.0,100.0
33980,72.63537335395813,11338,0.0,0.0,100.0
33990,72.65528440475464,11338,0.0,0.0,100.0
34000,72.67923140525818,11338,0.0,0.0,100.0
34010,72.70025825500488,11338,0.0,0.0,100.0
34020,72.72069144248962,11338,0.0,0.0,100.0
34030,72.74137735366821,11338,0.0,0.0,100.0
34040,72.76794338226318,11338,0.0,0.0,100.0
34050,72.789315700531,11338,0.0,0.0,100.0
34060,72.8092691898346,11338,0.0,0.0,100.0
34070,72.82980346679688,11338,0.0,0.0,100.0
34080,72.8505392074585,11338,0.0,0.0,100.0
34090,72.8700954914093,11338,0.0,0.0,100.0
34100,72.89168500900269,11338,0.0,0.0,100.0
34110,72.91347908973694,11338,0.0,0.0,100.0
34120,72.9363169670105,11338,0.0,0.0,100.0
34130,72.95864415168762,11338,0.0,0.0,100.0
34134,72.96756148338318,11338,0.0,0.0,100.0
34140,72.9867479801178,11338,0.0,0.0,100.0
34150,73.01138162612915,11338,0.0,0.0,100.0
34160,73.04242992401123,11338,0.0,0.0,100.0
34170,73.07013297080994,11338,0.0,0.0,100.0
34180,73.09033274650574,11338,0.0,0.0,100.0
34190,73.11221861839294,11338,0.0,0.0,100.0
34200,73.13422346115112,11338,0.0,0.0,100.0
34210,73.15456461906433,11338,0.0,0.0,100.0
34220,73.17513656616211,11338,0.0,0.0,100.0
34230,73.19579577445984,11338,0.0,0.0,100.0
34240,73.21546030044556,11338,0.0,0.0,100.0
34250,73.23635053634644,11338,0.0,0.0,100.0
34260,73.25685358047485,11338,0.0,0.0,100.0
34270,73.27464747428894,11338,0.0,0.0,100.0
34280,73.29600501060486,11338,0.0,0.0,100.0
34290,73.3181004524231,11338,0.0,0.0,100.0
34294,73.32782006263733,11338,0.0,0.0,100.0
34300,73.33980441093445,11338,0.0,0.0,100.0
34310,73.36079025268555,11338,0.0,0.0,100.0
34320,73.38292026519775,11338,0.0,0.0,100.0
34330,73.40289664268494,11338,0.0,0.0,100.0
34340,73.42321991920471,11338,0.0,0.0,100.0
34350,73.44312572479248,11338,0.0,0.0,100.0
34360,73.46195888519287,11338,0.0,0.0,100.0
34370,73.48285102844238,11338,0.0,0.0,100.0
34380,73.5055091381073,11338,0.0,0.0,100.0
34385,73.51629209518433,11338,0.0,0.0,100.0
34390,73.5268337726593,11338,0.0,0.0,100.0
34400,73.54782938957214,11338,0.0,0.0,100.0
34410,73.56885504722595,11338,0.0,0.0,100.0
34420,73.59082961082458,11338,0.0,0.0,100.0
34430,73.61290383338928,11338,0.0,0.0,100.0
34440,73.63222098350525,11338,0.0,0.0,100.0
34450,73.65328550338745,11338,0.0,0.0,100.0
34460,73.67368078231812,11338,0.0,0.0,100.0
34470,73.69589424133301,11338,0.0,0.0,100.0
34480,73.71901416778564,11338,0.0,0.0,100.0
34490,73.73951935768127,11338,0.0,0.0,100.0
34500,73.76622605323792,11338,0.0,0.0,100.0
34510,73.78476190567017,11338,0.0,0.0,100.0
34520,73.8061420917511,11338,0.0,0.0,100.0
34530,73.827321767807,11338,0.0,0.0,100.0
34540,73.84949350357056,11338,0.0,0.0,100.0
34549,73.87046718597412,11338,0.0,0.0,100.0
34550,73.87294387817383,11338,0.0,0.0,100.0
34560,73.8934178352356,11338,0.0,0.0,100.0
34570,73.91200852394104,11338,0.0,0.0,100.0
34580,73.9309651851654,11338,0.0,0.0,100.0
34590,73.9498040676117,11338,0.0,0.0,100.0
34600,73.96976256370544,11338,0.0,0.0,100.0
34610,73.98906898498535,11338,0.0,0.0,100.0
34620,74.00912046432495,11338,0.0,0.0,100.0
34628,74.0238745212555,11338,0.0,0.0,100.0
34630,74.02655792236328,11338,0.0,0.0,100.0
34640,74.0479428768158,11338,0.0,0.0,100.0
34650,74.07109260559082,11338,0.0,0.0,100.0
34660,74.09404468536377,11338,0.0,0.0,100.0
34670,74.11554455757141,11338,0.0,0.0,100.0
34680,74.1353211402893,11338,0.0,0.0,100.0
34690,74.155597448349,11338,0.0,0.0,100.0
34700,74.17519283294678,11338,0.0,0.0,100.0
34710,74.1942937374115,11338,0.0,0.0,100.0
34720,74.214106798172,11338,0.0,0.0,100.0
34730,74.23213219642639,11338,0.0,0.0,100.0
34740,74.25118231773376,11338,0.0,0.0,100.0
34750,74.26886224746704,11338,0.0,0.0,100.0
34760,74.28815817832947,11338,0.0,0.0,100.0
34770,74.31125497817993,11338,0.0,0.0,100.0
34780,74.32886099815369,11338,0.0,0.0,100.0
34790,74.35035705566406,11338,0.0,0.0,100.0
34800,74.37089538574219,11338,0.0,0.0,100.0
34810,74.39404058456421,11338,0.0,0.0,100.0
34820,74.41432476043701,11338,0.0,0.0,100.0
34829,74.43369579315186,11338,0.0,0.0,100.0
34830,74.43586683273315,11338,0.0,0.0,100.0
34840,74.45510768890381,11338,0.0,0.0,100.0
34850,74.47477149963379,11338,0.0,0.0,100.0
34860,74.49775123596191,11338,0.0,0.0,100.0
34870,74.52145290374756,11338,0.0,0.0,100.0
34880,74.54369640350342,11338,0.0,0.0,100.0
34890,74.56616163253784,11338,0.0,0.0,100.0
34900,74.5896532535553,11338,0.0,0.0,100.0
34910,74.61176586151123,11338,0.0,0.0,100.0
34920,74.6354329586029,11338,0.0,0.0,100.0
34930,74.65609884262085,11338,0.0,0.0,100.0
34940,74.67936873435974,11338,0.0,0.0,100.0
34950,74.70216679573059,11338,0.0,0.0,100.0
34960,74.72426676750183,11338,0.0,0.0,100.0
34970,74.74640035629272,11338,0.0,0.0,100.0
34980,74.76892232894897,11338,0.0,0.0,100.0
34990,74.79327988624573,11338,0.0,0.0,100.0
35000,74.8179783821106,11338,0.0,0.0,100.0
35010,74.84221601486206,11338,0.0,0.0,100.0
35020,74.86255526542664,11338,0.0,0.0,100.0
35030,74.88424110412598,11338,0.0,0.0,100.0
35040,74.90564060211182,11338,0.0,0.0,100.0
35050,74.92837309837341,11338,0.0,0.0,100.0
35060,74.94699168205261,11338,0.0,0.0,100.0
35070,74.96738171577454,11338,0.0,0.0,100.0
35080,74.98778820037842,11338,0.0,0.0,100.0
35090,75.0063009262085,11338,0.0,0.0,100.0
35100,75.02758121490479,11338,0.0,0.0,100.0
35110,75.04726886749268,11338,0.0,0.0,100.0
35120,75.07008147239685,11338,0.0,0.0,100.0
35130,75.09208846092224,11338,0.0,0.0,100.0
35140,75.11343884468079,11338,0.0,0.0,100.0
35150,75.13485956192017,11338,0.0,0.0,100.0
35160,75.15642380714417,11338,0.0,0.0,100.0
35170,75.17679452896118,11338,0.0,0.0,100.0
35180,75.19664454460144,11338,0.0,0.0,100.0
35190,75.21858477592468,11338,0.0,0.0,100.0
35200,75.24045395851135,11338,0.0,0.0,100.0
35210,75.26426219940186,11338,0.0,0.0,100.0
35220,75.284494638443,11338,0.0,0.0,100.0
35230,75.31110644340515,11338,0.0,0.0,100.0
35240,75.33402109146118,11338,0.0,0.0,100.0
35250,75.35524582862854,11338,0.0,0.0,100.0
35260,75.3761396408081,11338,0.0,0.0,100.0
35270,75.40117573738098,11338,0.0,0.0,100.0
35280,75.42221665382385,11338,0.0,0.0,100.0
35290,75.44235801696777,11338,0.0,0.0,100.0
35300,75.46230292320251,11338,0.0,0.0,100.0
35310,75.48142170906067,11338,0.0,0.0,100.0
35320,75.50159978866577,11338,0.0,0.0,100.0
35330,75.52114653587341,11338,0.0,0.0,100.0
35340,75.54197764396667,11338,0.0,0.0,100.0
35350,75.56271553039551,11338,0.0,0.0,100.0
35360,75.58757877349854,11338,0.0,0.0,100.0
35370,75.61179947853088,11338,0.0,0.0,100.0
35380,75.63238883018494,11338,0.0,0.0,100.0
35390,75.65134239196777,11338,0.0,0.0,100.0
35400,75.67281651496887,11338,0.0,0.0,100.0
35410,75.69552755355835,11338,0.0,0.0,100.0
35420,75.71616816520691,11338,0.0,0.0,100.0
35430,75.73699045181274,11338,0.0,0.0,100.0
35440,75.75557374954224,11338,0.0,0.0,100.0
35450,75.77439832687378,11338,0.0,0.0,100.0
35460,75.79348134994507,11338,0.0,0.0,100.0
35470,75.81463050842285,11338,0.0,0.0,100.0
35480,75.83592915534973,11338,0.0,0.0,100.0
35490,75.85620331764221,11338,0.0,0.0,100.0
35500,75.8761842250824,11338,0.0,0.0,100.0
35510,75.89648914337158,11338,0.0,0.0,100.0
35520,75.91544079780579,11338,0.0,0.0,100.0
35530,75.93914151191711,11338,0.0,0.0,100.0
35540,75.95754313468933,11338,0.0,0.0,100.0
35550,75.9778642654419,11338,0.0,0.0,100.0
35560,75.9980263710022,11338,0.0,0.0,100.0
35570,76.01741743087769,11338,0.0,0.0,100.0
35580,76.03617310523987,11338,0.0,0.0,100.0
35590,76.05823612213135,11338,0.0,0.0,100.0
35600,76.07907748222351,11338,0.0,0.0,100.0
35610,76.10007643699646,11338,0.0,0.0,100.0
35620,76.12201237678528,11338,0.0,0.0,100.0
35630,76.14111638069153,11338,0.0,0.0,100.0
35640,76.1598117351532,11338,0.0,0.0,100.0
35650,76.17961812019348,11338,0.0,0.0,100.0
35660,76.19890546798706,11338,0.0,0.0,100.0
35670,76.22139501571655,11338,0.0,0.0,100.0
35680,76.24347305297852,11338,0.0,0.0,100.0
35690,76.2655770778656,11338,0.0,0.0,100.0
35700,76.28691577911377,11338,0.0,0.0,100.0
35710,76.31121230125427,11338,0.0,0.0,100.0
35720,76.33253002166748,11338,0.0,0.0,100.0
35730,76.352285861969,11338,0.0,0.0,100.0
35740,76.37388634681702,11338,0.0,0.0,100.0
35750,76.39577412605286,11338,0.0,0.0,100.0
35760,76.41832327842712,11338,0.0,0.0,100.0
35770,76.43712949752808,11338,0.0,0.0,100.0
35780,76.45715498924255,11338,0.0,0.0,100.0
35790,76.47754669189453,11338,0.0,0.0,100.0
35800,76.49922490119934,11338,0.0,0.0,100.0
35810,76.52040195465088,11338,0.0,0.0,100.0
35820,76.5431740283966,11338,0.0,0.0,100.0
35830,76.56875371932983,11338,0.0,0.0,100.0
35840,76.59318828582764,11338,0.0,0.0,100.0
35850,76.62096786499023,11338,0.0,0.0,100.0
35860,76.64424419403076,11338,0.0,0.0,100.0
35870,76.66776299476624,11338,0.0,0.0,100.0
35880,76.69015645980835,11338,0.0,0.0,100.0
35890,76.71220755577087,11338,0.0,0.0,100.0
35894,76.72158193588257,11338,0.0,0.0,100.0
35900,76.73459243774414,11338,0.0,0.0,100.0
35910,76.75584292411804,11338,0.0,0.0,100.0
35920,76.777508020401,11338,0.0,0.0,100.0
35930,76.79740524291992,11338,0.0,0.0,100.0
35934,76.80658483505249,11338,0.0,0.0,100.0
35940,76.82018327713013,11338,0.0,0.0,100.0
35950,76.84087491035461,11338,0.0,0.0,100.0
35960,76.85998296737671,11338,0.0,0.0,100.0
35970,76.88012909889221,11338,0.0,0.0,100.0
35980,76.90010643005371,11338,0.0,0.0,100.0
35990,76.9220974445343,11338,0.0,0.0,100.0
36000,76.94276356697083,11338,0.0,0.0,100.0
36010,76.9649715423584,11338,0.0,0.0,100.0
36020,76.98603558540344,11338,0.0,0.0,100.0
36030,77.0046956539154,11338,0.0,0.0,100.0
36034,77.01305341720581,11338,0.0,0.0,100.0
36040,77.02605128288269,11338,0.0,0.0,100.0
36050,77.04740071296692,11338,0.0,0.0,100.0
36060,77.06689691543579,11338,0.0,0.0,100.0
36070,77.08986186981201,11338,0.0,0.0,100.0
36080,77.1117742061615,11338,0.0,0.0,100.0
36090,77.13181138038635,11338,0.0,0.0,100.0
36100,77.15331602096558,11338,0.0,0.0,100.0
36110,77.17489218711853,11338,0.0,0.0,100.0
36120,77.1955406665802,11338,0.0,0.0,100.0
36130,77.21477770805359,11338,0.0,0.0,100.0
36140,77.23541212081909,11338,0.0,0.0,100.0
36150,77.25646090507507,11338,0.0,0.0,100.0
36160,77.27471685409546,11338,0.0,0.0,100.0
36170,77.29524564743042,11338,0.0,0.0,100.0
36180,77.31907677650452,11338,0.0,0.0,100.0
36190,77.34170389175415,11338,0.0,0.0,100.0
36200,77.3671247959137,11338,0.0,0.0,100.0
36210,77.39006543159485,11338,0.0,0.0,100.0
36220,77.41598272323608,11338,0.0,0.0,100.0
36230,77.4365496635437,11338,0.0,0.0,100.0
36240,77.45754075050354,11338,0.0,0.0,100.0
36250,77.47931241989136,11338,0.0,0.0,100.0
36260,77.49867582321167,11338,0.0,0.0,100.0
36270,77.5173499584198,11338,0.0,0.0,100.0
36280,77.53823256492615,11338,0.0,0.0,100.0
36290,77.56162118911743,11338,0.0,0.0,100.0
36300,77.58543920516968,11338,0.0,0.0,100.0
36310,77.60969233512878,11338,0.0,0.0,100.0
36320,77.63197660446167,11338,0.0,0.0,100.0
36330,77.6559636592865,11338,0.0,0.0,100.0
36340,77.67636060714722,11338,0.0,0.0,100.0
36350,77.69950771331787,11338,0.0,0.0,100.0
36360,77.72245788574219,11338,0.0,0.0,100.0
36370,77.74077153205872,11338,0.0,0.0,100.0
36380,77.76145052909851,11338,0.0,0.0,100.0
36390,77.78276801109314,11338,0.0,0.0,100.0
36400,77.80605006217957,11338,0.0,0.0,100.0
36410,77.83099865913391,11338,0.0,0.0,100.0
36420,77.85506939888,11338,0.0,0.0,100.0
36430,77.87777137756348,11338,0.0,0.0,100.0
36440,77.90023064613342,11338,0.0,0.0,100.0
36450,77.9218008518219,11338,0.0,0.0,100.0
36460,77.9453456401825,11338,0.0,0.0,100.0
36470,77.96742725372314,11338,0.0,0.0,100.0
36480,77.98529767990112,11338,0.0,0.0,100.0
36490,78.005788564682,11338,0.0,0.0,100.0
36500,78.02648210525513,11338,0.0,0.0,100.0
36510,78.0469765663147,11338,0.0,0.0,100.0
36520,78.0715115070343,11338,0.0,0.0,100.0
36530,78.0925817489624,11338,0.0,0.0,100.0
36540,78.11259412765503,11338,0.0,0.0,100.0
36550,78.13403391838074,11338,0.0,0.0,100.0
36560,78.15424370765686,11338,0.0,0.0,100.0
36570,78.17241048812866,11338,0.0,0.0,100.0
36580,78.19446063041687,11338,0.0,0.0,100.0
36590,78.21455383300781,11338,0.0,0.0,100.0
36600,78.23571300506592,11338,0.0,0.0,100.0
36610,78.25546431541443,11338,0.0,0.0,100.0
36620,78.27551603317261,11338,0.0,0.0,100.0
36630,78.29756951332092,11338,0.0,0.0,100.0
36640,78.31754446029663,11338,0.0,0.0,100.0
36650,78.33726501464844,11338,0.0,0.0,100.0
36660,78.35740327835083,11338,0.0,0.0,100.0
36670,78.37594676017761,11338,0.0,0.0,100.0
36680,78.39521765708923,11338,0.0,0.0,100.0
36690,78.41663670539856,11338,0.0,0.0,100.0
36700,78.43766236305237,11338,0.0,0.0,100.0
36710,78.46005392074585,11338,0.0,0.0,100.0
36720,78.47998595237732,11338,0.0,0.0,100.0
36730,78.50299644470215,11338,0.0,0.0,100.0
36740,78.52300357818604,11338,0.0,0.0,100.0
36742,78.5278205871582,11338,0.0,0.0,100.0
36750,78.54563903808594,11338,0.0,0.0,100.0
36760,78.56866931915283,11338,0.0,0.0,100.0
36770,78.59024834632874,11338,0.0,0.0,100.0
36780,78.61305570602417,11338,0.0,0.0,100.0
36790,78.63362669944763,11338,0.0,0.0,100.0
36800,78.65589547157288,11338,0.0,0.0,100.0
36810,78.68272471427917,11338,0.0,0.0,100.0
36820,78.70572566986084,11338,0.0,0.0,100.0
36830,78.72981262207031,11338,0.0,0.0,100.0
36840,78.7513861656189,11338,0.0,0.0,100.0
36850,78.77956581115723,11338,0.0,0.0,100.0
36860,78.80305480957031,11338,0.0,0.0,100.0
36870,78.82491183280945,11338,0.0,0.0,100.0
36880,78.84986877441406,11338,0.0,0.0,100.0
36890,78.87286806106567,11338,0.0,0.0,100.0
36900,78.8953709602356,11338,0.0,0.0,100.0
36910,78.9161479473114,11338,0.0,0.0,100.0
36920,78.9371485710144,11338,0.0,0.0,100.0
36930,78.95951414108276,11338,0.0,0.0,100.0
36940,78.97980618476868,11338,0.0,0.0,100.0
36950,79.00089287757874,11338,0.0,0.0,100.0
36960,79.0204861164093,11338,0.0,0.0,100.0
36970,79.04050707817078,11338,0.0,0.0,100.0
36980,79.05901312828064,11338,0.0,0.0,100.0
36990,79.0810534954071,11338,0.0,0.0,100.0
37000,79.10220861434937,11338,0.0,0.0,100.0
37010,79.12389636039734,11338,0.0,0.0,100.0
37020,79.14268398284912,11338,0.0,0.0,100.0
37030,79.16498804092407,11338,0.0,0.0,100.0
37040,79.1862621307373,11338,0.0,0.0,100.0
37050,79.2106704711914,11338,0.0,0.0,100.0
37060,79.2324104309082,11338,0.0,0.0,100.0
37070,79.25580644607544,11338,0.0,0.0,100.0
37080,79.27934551239014,11338,0.0,0.0,100.0
37090,79.29893946647644,11338,0.0,0.0,100.0
37100,79.31978058815002,11338,0.0,0.0,100.0
37110,79.34233784675598,11338,0.0,0.0,100.0
37120,79.36130714416504,11338,0.0,0.0,100.0
37130,79.38225483894348,11338,0.0,0.0,100.0
37140,79.40553021430969,11338,0.0,0.0,100.0
37150,79.42850852012634,11338,0.0,0.0,100.0
37160,79.44763159751892,11338,0.0,0.0,100.0
37170,79.46843671798706,11338,0.0,0.0,100.0
37180,79.48795676231384,11338,0.0,0.0,100.0
37190,79.50792908668518,11338,0.0,0.0,100.0
37200,79.53025484085083,11338,0.0,0.0,100.0
37210,79.55129170417786,11338,0.0,0.0,100.0
37220,79.57242393493652,11338,0.0,0.0,100.0
37230,79.597177028656,11338,0.0,0.0,100.0
37240,79.61892127990723,11338,0.0,0.0,100.0
37250,79.64121317863464,11338,0.0,0.0,100.0
37260,79.66127920150757,11338,0.0,0.0,100.0
37270,79.68291163444519,11338,0.0,0.0,100.0
37280,79.70465970039368,11338,0.0,0.0,100.0
37290,79.72542905807495,11338,0.0,0.0,100.0
37300,79.7465250492096,11338,0.0,0.0,100.0
37310,79.76641345024109,11338,0.0,0.0,100.0
37320,79.78831911087036,11338,0.0,0.0,100.0
37330,79.80924320220947,11338,0.0,0.0,100.0
37340,79.82919764518738,11338,0.0,0.0,100.0
37350,79.85160040855408,11338,0.0,0.0,100.0
37360,79.87335681915283,11338,0.0,0.0,100.0
37370,79.89443707466125,11338,0.0,0.0,100.0
37380,79.91517519950867,11338,0.0,0.0,100.0
37390,79.93636751174927,11338,0.0,0.0,100.0
37400,79.96232843399048,11338,0.0,0.0,100.0
37410,79.9854063987732,11338,0.0,0.0,100.0
37420,80.00970554351807,11338,0.0,0.0,100.0
37430,80.0346508026123,11338,0.0,0.0,100.0
37440,80.05798530578613,11338,0.0,0.0,100.0
37450,80.08187103271484,11338,0.0,0.0,100.0
37460,80.10432124137878,11338,0.0,0.0,100.0
37470,80.12604570388794,11338,0.0,0.0,100.0
37476,80.14087772369385,11338,0.0,0.0,100.0
37480,80.14899969100952,11338,0.0,0.0,100.0
37490,80.16842699050903,11338,0.0,0.0,100.0
37500,80.19270896911621,11338,0.0,0.0,100.0
37510,80.21534991264343,11338,0.0,0.0,100.0
37520,80.23464155197144,11338,0.0,0.0,100.0
37530,80.25545525550842,11338,0.0,0.0,100.0
37540,80.27895927429199,11338,0.0,0.0,100.0
37550,80.30277395248413,11338,0.0,0.0,100.0
37560,80.32583236694336,11338,0.0,0.0,100.0
37570,80.34704327583313,11338,0.0,0.0,100.0
37580,80.36718130111694,11338,0.0,0.0,100.0
37590,80.38456392288208,11338,0.0,0.0,100.0
37600,80.40620231628418,11338,0.0,0.0,100.0
37610,80.42655038833618,11338,0.0,0.0,100.0
37620,80.44663882255554,11338,0.0,0.0,100.0
37630,80.46813488006592,11338,0.0,0.0,100.0
37640,80.48792433738708,11338,0.0,0.0,100.0
37650,80.50679922103882,11338,0.0,0.0,100.0
37660,80.52795100212097,11338,0.0,0.0,100.0
37670,80.54824185371399,11338,0.0,0.0,100.0
37680,80.56666040420532,11338,0.0,0.0,100.0
37690,80.5890543460846,11338,0.0,0.0,100.0
37700,80.6090841293335,11338,0.0,0.0,100.0
37710,80.62859225273132,11338,0.0,0.0,100.0
37720,80.64981842041016,11338,0.0,0.0,100.0
37730,80.67431545257568,11338,0.0,0.0,100.0
37740,80.69627928733826,11338,0.0,0.0,100.0
37750,80.71586871147156,11338,0.0,0.0,100.0
37760,80.73678207397461,11338,0.0,0.0,100.0
37770,80.75970768928528,11338,0.0,0.0,100.0
37780,80.7804856300354,11338,0.0,0.0,100.0
37790,80.80084729194641,11338,0.0,0.0,100.0
37800,80.82462334632874,11338,0.0,0.0,100.0
37810,80.84617972373962,11338,0.0,0.0,100.0
37812,80.85124397277832,11338,0.0,0.0,100.0
37820,80.86939978599548,11338,0.0,0.0,100.0
37830,80.89255166053772,11338,0.0,0.0,100.0
37840,80.91559290885925,11338,0.0,0.0,100.0
37850,80.93560910224915,11338,0.0,0.0,100.0
37860,80.95643472671509,11338,0.0,0.0,100.0
37870,80.98002004623413,11338,0.0,0.0,100.0
37880,81.00037217140198,11338,0.0,0.0,100.0
37890,81.02536678314209,11338,0.0,0.0,100.0
37900,81.0443058013916,11338,0.0,0.0,100.0
37910,81.06722903251648,11338,0.0,0.0,100.0
37920,81.09084820747375,11338,0.0,0.0,100.0
37930,81.11824369430542,11338,0.0,0.0,100.0
37940,81.13895869255066,11338,0.0,0.0,100.0
37950,81.15853548049927,11338,0.0,0.0,100.0
37960,81.17931699752808,11338,0.0,0.0,100.0
37970,81.19885849952698,11338,0.0,0.0,100.0
37980,81.22034740447998,11338,0.0,0.0,100.0
37990,81.23984885215759,11338,0.0,0.0,100.0
38000,81.25931191444397,11338,0.0,0.0,100.0
38010,81.27890944480896,11338,0.0,0.0,100.0
38020,81.29946875572205,11338,0.0,0.0,100.0
38030,81.31664633750916,11338,0.0,0.0,100.0
38040,81.3406867980957,11338,0.0,0.0,100.0
38050,81.35999655723572,11338,0.0,0.0,100.0
38060,81.37906765937805,11338,0.0,0.0,100.0
38070,81.40095210075378,11338,0.0,0.0,100.0
38080,81.42118906974792,11338,0.0,0.0,100.0
38090,81.4414210319519,11338,0.0,0.0,100.0
38100,81.46053123474121,11338,0.0,0.0,100.0
38110,81.48063063621521,11338,0.0,0.0,100.0
38120,81.50161218643188,11338,0.0,0.0,100.0
38130,81.52418375015259,11338,0.0,0.0,100.0
38140,81.54506087303162,11338,0.0,0.0,100.0
38150,81.56489658355713,11338,0.0,0.0,100.0
38160,81.60097312927246,11338,0.0,0.0,100.0
38170,81.6209146976471,11338,0.0,0.0,100.0
38180,81.6434235572815,11338,0.0,0.0,100.0
38190,81.66398024559021,11338,0.0,0.0,100.0
38200,81.68280625343323,11338,0.0,0.0,100.0
38210,81.7055299282074,11338,0.0,0.0,100.0
38220,81.72811841964722,11338,0.0,0.0,100.0
38230,81.75342798233032,11338,0.0,0.0,100.0
38240,81.77707004547119,11338,0.0,0.0,100.0
38250,81.79947209358215,11338,0.0,0.0,100.0
38260,81.82187485694885,11338,0.0,0.0,100.0
38270,81.84295630455017,11338,0.0,0.0,100.0
38280,81.85964846611023,11338,0.0,0.0,100.0
38290,81.8801155090332,11338,0.0,0.0,100.0
38300,81.90118956565857,11338,0.0,0.0,100.0
38310,81.92223572731018,11338,0.0,0.0,100.0
38320,81.94314312934875,11338,0.0,0.0,100.0
38330,81.96194171905518,11338,0.0,0.0,100.0
38340,81.98395681381226,11338,0.0,0.0,100.0
38350,82.00313305854797,11338,0.0,0.0,100.0
38360,82.02362585067749,11338,0.0,0.0,100.0
38370,82.04217886924744,11338,0.0,0.0,100.0
38380,82.06446886062622,11338,0.0,0.0,100.0
38390,82.08257293701172,11338,0.0,0.0,100.0
38400,82.10252547264099,11338,0.0,0.0,100.0
38410,82.12320470809937,11338,0.0,0.0,100.0
38420,82.14262652397156,11338,0.0,0.0,100.0
38430,82.16176795959473,11338,0.0,0.0,100.0
38440,82.17931962013245,11338,0.0,0.0,100.0
38443,82.1869888305664,11338,0.0,0.0,100.0
38450,82.20271682739258,11338,0.0,0.0,100.0
38460,82.22385597229004,11338,0.0,0.0,100.0
38470,82.24313521385193,11338,0.0,0.0,100.0
38480,82.2626531124115,11338,0.0,0.0,100.0
38489,82.28335571289062,11338,0.0,0.0,100.0
38490,82.28548550605774,11338,0.0,0.0,100.0
38500,82.30661082267761,11338,0.0,0.0,100.0
38510,82.33036923408508,11338,0.0,0.0,100.0
38520,82.34881043434143,11338,0.0,0.0,100.0
38530,82.36750292778015,11338,0.0,0.0,100.0
38540,82.38662481307983,11338,0.0,0.0,100.0
38550,82.40750741958618,11338,0.0,0.0,100.0
38560,82.43034410476685,11338,0.0,0.0,100.0
38570,82.45056772232056,11338,0.0,0.0,100.0
38580,82.47111511230469,11338,0.0,0.0,100.0
38590,82.49060440063477,11338,0.0,0.0,100.0
38600,82.51024746894836,11338,0.0,0.0,100.0
38610,82.52839231491089,11338,0.0,0.0,100.0
38620,82.54995584487915,11338,0.0,0.0,100.0
38630,82.57168173789978,11338,0.0,0.0,100.0
38640,82.59390115737915,11338,0.0,0.0,100.0
38650,82.6146502494812,11338,0.0,0.0,100.0
38660,82.63734030723572,11338,0.0,0.0,100.0
38670,82.65937042236328,11338,0.0,0.0,100.0
38680,82.68469429016113,11338,0.0,0.0,100.0
38690,82.70775246620178,11338,0.0,0.0,100.0
38700,82.73025941848755,11338,0.0,0.0,100.0
38710,82.75723958015442,11338,0.0,0.0,100.0
38720,82.78318381309509,11338,0.0,0.0,100.0
38730,82.8066017627716,11338,0.0,0.0,100.0
38740,82.82902932167053,11338,0.0,0.0,100.0
38750,82.85284185409546,11338,0.0,0.0,100.0
38760,82.87277317047119,11338,0.0,0.0,100.0
38770,82.89811658859253,11338,0.0,0.0,100.0
38780,82.92287993431091,11338,0.0,0.0,100.0
38790,82.94408631324768,11338,0.0,0.0,100.0
38800,82.96524262428284,11338,0.0,0.0,100.0
38810,82.99796557426453,11338,0.0,0.0,100.0
38820,83.0321409702301,11338,0.0,0.0,100.0
38830,83.07312178611755,11338,0.0,0.0,100.0
38840,83.0969307422638,11338,0.0,0.0,100.0
38850,83.11722731590271,11338,0.0,0.0,100.0
38860,83.13777875900269,11338,0.0,0.0,100.0
38870,83.1578278541565,11338,0.0,0.0,100.0
38880,83.17726302146912,11338,0.0,0.0,100.0
38890,83.19918465614319,11338,0.0,0.0,100.0
38900,83.21768307685852,11338,0.0,0.0,100.0
38910,83.23698782920837,11338,0.0,0.0,100.0
38920,83.2585723400116,11338,0.0,0.0,100.0
38930,83.28210592269897,11338,0.0,0.0,100.0
38940,83.3017110824585,11338,0.0,0.0,100.0
38950,83.32379412651062,11338,0.0,0.0,100.0
38960,83.34585618972778,11338,0.0,0.0,100.0
38970,83.36467289924622,11338,0.0,0.0,100.0
38980,83.38474822044373,11338,0.0,0.0,100.0
38990,83.40403437614441,11338,0.0,0.0,100.0
39000,83.42348575592041,11338,0.0,0.0,100.0
39010,83.44203615188599,11338,0.0,0.0,100.0
39020,83.46065163612366,11338,0.0,0.0,100.0
39030,83.47925281524658,11338,0.0,0.0,100.0
39040,83.49764609336853,11338,0.0,0.0,100.0
39050,83.51926875114441,11338,0.0,0.0,100.0
39060,83.53962302207947,11338,0.0,0.0,100.0
39070,83.5570638179779,11338,0.0,0.0,100.0
39080,83.57521915435791,11338,0.0,0.0,100.0
39090,83.59544491767883,11338,0.0,0.0,100.0
39100,83.61846232414246,11338,0.0,0.0,100.0
39110,83.640953540802,11338,0.0,0.0,100.0
39120,83.6642963886261,11338,0.0,0.0,100.0
39130,83.68503737449646,11338,0.0,0.0,100.0
39140,83.7062258720398,11338,0.0,0.0,100.0
39150,83.7265989780426,11338,0.0,0.0,100.0
39160,83.74791359901428,11338,0.0,0.0,100.0
39170,83.77015662193298,11338,0.0,0.0,100.0
39180,83.79290747642517,11338,0.0,0.0,100.0
39190,83.81540775299072,11338,0.0,0.0,100.0
39200,83.83808660507202,11338,0.0,0.0,100.0
39210,83.85846590995789,11338,0.0,0.0,100.0
39220,83.88143467903137,11338,0.0,0.0,100.0
39230,83.90187120437622,11338,0.0,0.0,100.0
39240,83.92252993583679,11338,0.0,0.0,100.0
39250,83.941641330719,11338,0.0,0.0,100.0
39260,83.96299767494202,11338,0.0,0.0,100.0
39270,83.9829933643341,11338,0.0,0.0,100.0
39280,84.00319910049438,11338,0.0,0.0,100.0
39290,84.0234727859497,11338,0.0,0.0,100.0
39300,84.04393911361694,11338,0.0,0.0,100.0
39310,84.06570553779602,11338,0.0,0.0,100.0
39320,84.08524751663208,11338,0.0,0.0,100.0
39330,84.10515451431274,11338,0.0,0.0,100.0
39340,84.12436032295227,11338,0.0,0.0,100.0
39350,84.1430733203888,11338,0.0,0.0,100.0
39360,84.16471123695374,11338,0.0,0.0,100.0
39370,84.18699979782104,11338,0.0,0.0,100.0
39380,84.20714712142944,11338,0.0,0.0,100.0
39390,84.22686958312988,11338,0.0,0.0,100.0
39400,84.24597716331482,11338,0.0,0.0,100.0
39410,84.26545882225037,11338,0.0,0.0,100.0
39420,84.28521299362183,11338,0.0,0.0,100.0
39429,84.3041136264801,11338,0.0,0.0,100.0
39430,84.30625510215759,11338,0.0,0.0,100.0
39440,84.32466244697571,11338,0.0,0.0,100.0
39450,84.34654474258423,11338,0.0,0.0,100.0
39460,84.36528158187866,11338,0.0,0.0,100.0
39470,84.38458943367004,11338,0.0,0.0,100.0
39480,84.40422415733337,11338,0.0,0.0,100.0
39490,84.42540287971497,11338,0.0,0.0,100.0
39492,84.42947459220886,11339,0.0,0.0,100.0
39500,84.44596147537231,11339,0.0,0.0,100.0
39510,84.46547865867615,11339,0.0,0.0,100.0
39520,84.48394799232483,11339,0.0,0.0,100.0
39530,84.50260543823242,11339,0.0,0.0,100.0
39540,84.52293062210083,11339,0.0,0.0,100.0
39550,84.54274940490723,11339,0.0,0.0,100.0
39560,84.56368970870972,11339,0.0,0.0,100.0
39570,84.58479046821594,11339,0.0,0.0,100.0
39580,84.60795998573303,11339,0.0,0.0,100.0
39590,84.62883114814758,11339,0.0,0.0,100.0
39600,84.65228605270386,11339,0.0,0.0,100.0
39610,84.675297498703,11339,0.0,0.0,100.0
39620,84.69770526885986,11339,0.0,0.0,100.0
39630,84.7196753025055,11339,0.0,0.0,100.0
39640,84.74224305152893,11339,0.0,0.0,100.0
39650,84.76312017440796,11339,0.0,0.0,100.0
39660,84.78502225875854,11339,0.0,0.0,100.0
39670,84.81027626991272,11339,0.0,0.0,100.0
39680,84.83460593223572,11339,0.0,0.0,100.0
39690,84.86038327217102,11339,0.0,0.0,100.0
39700,84.89162802696228,11339,0.0,0.0,100.0
39710,84.91321325302124,11339,0.0,0.0,100.0
39720,84.93403577804565,11339,0.0,0.0,100.0
39730,84.95540356636047,11339,0.0,0.0,100.0
39740,84.97707176208496,11339,0.0,0.0,100.0
39750,84.99829912185669,11339,0.0,0.0,100.0
39760,85.01770615577698,11339,0.0,0.0,100.0
39770,85.03794622421265,11339,0.0,0.0,100.0
39780,85.05964636802673,11339,0.0,0.0,100.0
39790,85.07994437217712,11339,0.0,0.0,100.0
39800,85.10163140296936,11339,0.0,0.0,100.0
39810,85.12244772911072,11339,0.0,0.0,100.0
39820,85.14351177215576,11339,0.0,0.0,100.0
39828,85.15966200828552,11339,0.0,0.0,100.0
39830,85.16405868530273,11339,0.0,0.0,100.0
39840,85.18437767028809,11339,0.0,0.0,100.0
39850,85.20454049110413,11339,0.0,0.0,100.0
39860,85.22340869903564,11339,0.0,0.0,100.0
39870,85.24423122406006,11339,0.0,0.0,100.0
39880,85.2643473148346,11339,0.0,0.0,100.0
39890,85.28518724441528,11339,0.0,0.0,100.0
39900,85.3048665523529,11339,0.0,0.0,100.0
39910,85.32491946220398,11339,0.0,0.0,100.0
39920,85.34781646728516,11339,0.0,0.0,100.0
39930,85.36730861663818,11339,0.0,0.0,100.0
39940,85.38899540901184,11339,0.0,0.0,100.0
39943,85.39610981941223,11339,0.0,0.0,100.0
39950,85.41061520576477,11339,0.0,0.0,100.0
39960,85.43063354492188,11339,0.0,0.0,100.0
39970,85.45144820213318,11339,0.0,0.0,100.0
39980,85.47305059432983,11339,0.0,0.0,100.0
39990,85.49429225921631,11339,0.0,0.0,100.0
40000,85.51457834243774,11339,0.0,0.0,100.0
40010,85.5352201461792,11339,0.0,0.0,100.0
40020,85.55500555038452,11339,0.0,0.0,100.0
40030,85.57790112495422,11339,0.0,0.0,100.0
40040,85.59806847572327,11339,0.0,0.0,100.0
40050,85.62024092674255,11339,0.0,0.0,100.0
40060,85.6387095451355,11339,0.0,0.0,100.0
40070,85.66175818443298,11339,0.0,0.0,100.0
40080,85.68366146087646,11339,0.0,0.0,100.0
40090,85.7050666809082,11339,0.0,0.0,100.0
40100,85.72421598434448,11339,0.0,0.0,100.0
40110,85.74605202674866,11339,0.0,0.0,100.0
40120,85.77066135406494,11339,0.0,0.0,100.0
40130,85.79210543632507,11339,0.0,0.0,100.0
40140,85.81431531906128,11339,0.0,0.0,100.0
40150,85.83430504798889,11339,0.0,0.0,100.0
40160,85.85323357582092,11339,0.0,0.0,100.0
40170,85.87314081192017,11339,0.0,0.0,100.0
40180,85.89616823196411,11339,0.0,0.0,100.0
40190,85.91797995567322,11339,0.0,0.0,100.0
40200,85.93643832206726,11339,0.0,0.0,100.0
40210,85.95550298690796,11339,0.0,0.0,100.0
40220,85.97653412818909,11339,0.0,0.0,100.0
40230,85.99654746055603,11339,0.0,0.0,100.0
40240,86.01333689689636,11339,0.0,0.0,100.0
40250,86.03517031669617,11339,0.0,0.0,100.0
40260,86.05536079406738,11339,0.0,0.0,100.0
40270,86.07588243484497,11339,0.0,0.0,100.0
40280,86.09646010398865,11339,0.0,0.0,100.0
40290,86.1158618927002,11339,0.0,0.0,100.0
40300,86.13486623764038,11339,0.0,0.0,100.0
40310,86.1549301147461,11339,0.0,0.0,100.0
40320,86.17503523826599,11339,0.0,0.0,100.0
40330,86.1945161819458,11339,0.0,0.0,100.0
40340,86.21627950668335,11339,0.0,0.0,100.0
40350,86.23412799835205,11339,0.0,0.0,100.0
40360,86.25612735748291,11339,0.0,0.0,100.0
40370,86.2786214351654,11339,0.0,0.0,100.0
40380,86.29913234710693,11339,0.0,0.0,100.0
40390,86.31825828552246,11339,0.0,0.0,100.0
40400,86.34088730812073,11339,0.0,0.0,100.0
40410,86.36082625389099,11339,0.0,0.0,100.0
40420,86.38256311416626,11339,0.0,0.0,100.0
40430,86.40186953544617,11339,0.0,0.0,100.0
40440,86.42297077178955,11339,0.0,0.0,100.0
40450,86.44351148605347,11339,0.0,0.0,100.0
40460,86.46198201179504,11339,0.0,0.0,100.0
40470,86.48408675193787,11339,0.0,0.0,100.0
40480,86.5060248374939,11339,0.0,0.0,100.0
40490,86.52432942390442,11339,0.0,0.0,100.0
40500,86.54400515556335,11339,0.0,0.0,100.0
40510,86.56396794319153,11339,0.0,0.0,100.0
40520,86.5863881111145,11339,0.0,0.0,100.0
40530,86.60925912857056,11339,0.0,0.0,100.0
40540,86.6326744556427,11339,0.0,0.0,100.0
40550,86.65330147743225,11339,0.0,0.0,100.0
40560,86.67381763458252,11339,0.0,0.0,100.0
40570,86.69464445114136,11339,0.0,0.0,100.0
40580,86.71413540840149,11339,0.0,0.0,100.0
40590,86.73606133460999,11339,0.0,0.0,100.0
40600,86.75879645347595,11339,0.0,0.0,100.0
40610,86.77969479560852,11339,0.0,0.0,100.0
40620,86.80238914489746,11339,0.0,0.0,100.0
40630,86.8272967338562,11339,0.0,0.0,100.0
40640,86.84857320785522,11339,0.0,0.0,100.0
40650,86.87303733825684,11339,0.0,0.0,100.0
40660,86.89464449882507,11339,0.0,0.0,100.0
40670,86.9194688796997,11339,0.0,0.0,100.0
40680,86.94138050079346,11339,0.0,0.0,100.0
40690,86.96212530136108,11339,0.0,0.0,100.0
40700,86.98097324371338,11339,0.0,0.0,100.0
40710,87.00152540206909,11339,0.0,0.0,100.0
40720,87.02255463600159,11339,0.0,0.0,100.0
40730,87.04455089569092,11339,0.0,0.0,100.0
40740,87.06686639785767,11339,0.0,0.0,100.0
40750,87.09050726890564,11339,0.0,0.0,100.0
40760,87.11285424232483,11339,0.0,0.0,100.0
40770,87.13454484939575,11339,0.0,0.0,100.0
40780,87.1535496711731,11339,0.0,0.0,100.0
40790,87.1736159324646,11339,0.0,0.0,100.0
40800,87.19348216056824,11339,0.0,0.0,100.0
40810,87.21365022659302,11339,0.0,0.0,100.0
40820,87.23330020904541,11339,0.0,0.0,100.0
40830,87.25330591201782,11339,0.0,0.0,100.0
40840,87.27209615707397,11339,0.0,0.0,100.0
40850,87.29269909858704,11339,0.0,0.0,100.0
40860,87.31349396705627,11339,0.0,0.0,100.0
40870,87.33287310600281,11339,0.0,0.0,100.0
40880,87.3566222190857,11339,0.0,0.0,100.0
40890,87.3778669834137,11339,0.0,0.0,100.0
40900,87.39802694320679,11339,0.0,0.0,100.0
40910,87.41671776771545,11339,0.0,0.0,100.0
40920,87.43617105484009,11339,0.0,0.0,100.0
40930,87.45541214942932,11339,0.0,0.0,100.0
40940,87.47538805007935,11339,0.0,0.0,100.0
40950,87.49606084823608,11339,0.0,0.0,100.0
40960,87.51426982879639,11339,0.0,0.0,100.0
40970,87.53066420555115,11339,0.0,0.0,100.0
40980,87.55239009857178,11339,0.0,0.0,100.0
40990,87.57330632209778,11339,0.0,0.0,100.0
41000,87.59521484375,11339,0.0,0.0,100.0
41010,87.6156415939331,11339,0.0,0.0,100.0
41020,87.63651156425476,11339,0.0,0.0,100.0
41030,87.65781903266907,11339,0.0,0.0,100.0
41040,87.67704391479492,11339,0.0,0.0,100.0
41050,87.69484305381775,11339,0.0,0.0,100.0
41060,87.71252608299255,11339,0.0,0.0,100.0
41070,87.73331189155579,11339,0.0,0.0,100.0
41080,87.75339102745056,11339,0.0,0.0,100.0
41090,87.77729606628418,11339,0.0,0.0,100.0
41100,87.79883241653442,11339,0.0,0.0,100.0
41110,87.82013893127441,11339,0.0,0.0,100.0
41120,87.84129214286804,11339,0.0,0.0,100.0
41130,87.86227178573608,11339,0.0,0.0,100.0
41140,87.88489627838135,11339,0.0,0.0,100.0
41150,87.906569480896,11339,0.0,0.0,100.0
41160,87.92775011062622,11339,0.0,0.0,100.0
41170,87.94830393791199,11339,0.0,0.0,100.0
41180,87.97070074081421,11339,0.0,0.0,100.0
41190,87.99004077911377,11339,0.0,0.0,100.0
41200,88.00969004631042,11339,0.0,0.0,100.0
41210,88.03156733512878,11339,0.0,0.0,100.0
41220,88.04994559288025,11339,0.0,0.0,100.0
41230,88.0695252418518,11339,0.0,0.0,100.0
41240,88.08775997161865,11339,0.0,0.0,100.0
41250,88.10721373558044,11339,0.0,0.0,100.0
41260,88.12657499313354,11339,0.0,0.0,100.0
41270,88.1461169719696,11339,0.0,0.0,100.0
41280,88.1650710105896,11339,0.0,0.0,100.0
41290,88.18495631217957,11339,0.0,0.0,100.0
41300,88.20593166351318,11339,0.0,0.0,100.0
41310,88.22525572776794,11339,0.0,0.0,100.0
41320,88.24422192573547,11339,0.0,0.0,100.0
41330,88.26679968833923,11339,0.0,0.0,100.0
41340,88.28897500038147,11339,0.0,0.0,100.0
41350,88.30896353721619,11339,0.0,0.0,100.0
41360,88.32589077949524,11339,0.0,0.0,100.0
41370,88.34797072410583,11339,0.0,0.0,100.0
41380,88.36666440963745,11339,0.0,0.0,100.0
41390,88.38637232780457,11339,0.0,0.0,100.0
41400,88.40551972389221,11339,0.0,0.0,100.0
41410,88.42429089546204,11339,0.0,0.0,100.0
41420,88.44364166259766,11339,0.0,0.0,100.0
41430,88.46444797515869,11339,0.0,0.0,100.0
41440,88.48318576812744,11339,0.0,0.0,100.0
41450,88.50139737129211,11339,0.0,0.0,100.0
41460,88.5224015712738,11339,0.0,0.0,100.0
41470,88.54397130012512,11339,0.0,0.0,100.0
41480,88.5637035369873,11339,0.0,0.0,100.0
41490,88.58489561080933,11339,0.0,0.0,100.0
41500,88.6029646396637,11339,0.0,0.0,100.0
41510,88.62318992614746,11339,0.0,0.0,100.0
41520,88.6416130065918,11339,0.0,0.0,100.0
41530,88.6607608795166,11339,0.0,0.0,100.0
41540,88.67770290374756,11339,0.0,0.0,100.0
41550,88.70005369186401,11339,0.0,0.0,100.0
41560,88.71949172019958,11339,0.0,0.0,100.0
41570,88.7396605014801,11339,0.0,0.0,100.0
41580,88.75715446472168,11339,0.0,0.0,100.0
41590,88.77705883979797,11339,0.0,0.0,100.0
41600,88.79928278923035,11339,0.0,0.0,100.0
41610,88.8212354183197,11339,0.0,0.0,100.0
41620,88.8422212600708,11339,0.0,0.0,100.0
41630,88.86467432975769,11339,0.0,0.0,100.0
41640,88.88702654838562,11339,0.0,0.0,100.0
41650,88.90814352035522,11339,0.0,0.0,100.0
41660,88.92827415466309,11339,0.0,0.0,100.0
41670,88.94787859916687,11339,0.0,0.0,100.0
41680,88.96983027458191,11339,0.0,0.0,100.0
41690,88.9913866519928,11339,0.0,0.0,100.0
41700,89.01166844367981,11339,0.0,0.0,100.0
41710,89.03135848045349,11339,0.0,0.0,100.0
41720,89.05228734016418,11339,0.0,0.0,100.0
41730,89.07328510284424,11339,0.0,0.0,100.0
41740,89.09778213500977,11339,0.0,0.0,100.0
41750,89.1216995716095,11339,0.0,0.0,100.0
41760,89.14344310760498,11339,0.0,0.0,100.0
41770,89.16229748725891,11339,0.0,0.0,100.0
41780,89.184645652771,11339,0.0,0.0,100.0
41790,89.20718193054199,11339,0.0,0.0,100.0
41800,89.22868037223816,11339,0.0,0.0,100.0
41810,89.2516417503357,11339,0.0,0.0,100.0
41820,89.27302765846252,11339,0.0,0.0,100.0
41830,89.29583716392517,11339,0.0,0.0,100.0
41840,89.31635594367981,11339,0.0,0.0,100.0
41850,89.33776116371155,11339,0.0,0.0,100.0
41860,89.35811448097229,11339,0.0,0.0,100.0
41870,89.37671709060669,11339,0.0,0.0,100.0
41880,89.39693570137024,11339,0.0,0.0,100.0
41884,89.40585470199585,11339,0.0,0.0,100.0
41890,89.4173686504364,11339,0.0,0.0,100.0
41900,89.43836331367493,11339,0.0,0.0,100.0
41910,89.46156549453735,11339,0.0,0.0,100.0
41920,89.48250436782837,11339,0.0,0.0,100.0
41930,89.50075650215149,11339,0.0,0.0,100.0
41940,89.51931881904602,11339,0.0,0.0,100.0
41950,89.54177117347717,11339,0.0,0.0,100.0
41960,89.56328320503235,11339,0.0,0.0,100.0
41970,89.5854651927948,11339,0.0,0.0,100.0
41980,89.60699391365051,11339,0.0,0.0,100.0
41990,89.63032484054565,11339,0.0,0.0,100.0
42000,89.64890718460083,11339,0.0,0.0,100.0
42010,89.6700131893158,11339,0.0,0.0,100.0
42020,89.69056534767151,11339,0.0,0.0,100.0
42030,89.71058797836304,11339,0.0,0.0,100.0
42040,89.7341537475586,11339,0.0,0.0,100.0
42050,89.75496125221252,11339,0.0,0.0,100.0
42060,89.77558040618896,11339,0.0,0.0,100.0
42070,89.79669046401978,11339,0.0,0.0,100.0
42074,89.80496430397034,11339,0.0,0.0,100.0
42080,89.81589031219482,11339,0.0,0.0,100.0
42090,89.83850502967834,11339,0.0,0.0,100.0
42100,89.86271333694458,11339,0.0,0.0,100.0
42110,89.8813169002533,11339,0.0,0.0,100.0
42120,89.90110349655151,11339,0.0,0.0,100.0
42130,89.92242383956909,11339,0.0,0.0,100.0
42140,89.94517683982849,11339,0.0,0.0,100.0
42150,89.96626496315002,11339,0.0,0.0,100.0
42160,89.98691296577454,11339,0.0,0.0,100.0
42170,90.01096844673157,11339,0.0,0.0,100.0
42180,90.03380393981934,11339,0.0,0.0,100.0
42190,90.05851078033447,11339,0.0,0.0,100.0
42200,90.08414030075073,11339,0.0,0.0,100.0
42210,90.1058943271637,11339,0.0,0.0,100.0
42220,90.12756776809692,11339,0.0,0.0,100.0
42230,90.14504384994507,11339,0.0,0.0,100.0
42240,90.17038249969482,11339,0.0,0.0,100.0
42250,90.19170498847961,11339,0.0,0.0,100.0
42260,90.21095824241638,11339,0.0,0.0,100.0
42270,90.2306649684906,11339,0.0,0.0,100.0
42280,90.25314664840698,11339,0.0,0.0,100.0
42290,90.27344965934753,11339,0.0,0.0,100.0
42300,90.29531264305115,11339,0.0,0.0,100.0
42310,90.31677293777466,11339,0.0,0.0,100.0
42320,90.33518671989441,11339,0.0,0.0,100.0
42330,90.35637497901917,11339,0.0,0.0,100.0
42340,90.37488627433777,11339,0.0,0.0,100.0
42350,90.39468932151794,11339,0.0,0.0,100.0
42360,90.41605520248413,11339,0.0,0.0,100.0
42370,90.4346878528595,11339,0.0,0.0,100.0
42380,90.4558675289154,11339,0.0,0.0,100.0
42390,90.47624444961548,11339,0.0,0.0,100.0
42400,90.4953761100769,11339,0.0,0.0,100.0
42410,90.51680898666382,11339,0.0,0.0,100.0
42420,90.53761649131775,11339,0.0,0.0,100.0
42430,90.5579559803009,11339,0.0,0.0,100.0
42440,90.57995462417603,11339,0.0,0.0,100.0
42450,90.60279369354248,11339,0.0,0.0,100.0
42460,90.62311005592346,11339,0.0,0.0,100.0
42470,90.64400506019592,11339,0.0,0.0,100.0
42480,90.6654999256134,11339,0.0,0.0,100.0
42490,90.68885326385498,11339,0.0,0.0,100.0
42500,90.70934748649597,11339,0.0,0.0,100.0
42510,90.73175573348999,11339,0.0,0.0,100.0
42520,90.75421404838562,11339,0.0,0.0,100.0
42530,90.77601099014282,11339,0.0,0.0,100.0
42540,90.79913902282715,11339,0.0,0.0,100.0
42550,90.82134938240051,11339,0.0,0.0,100.0
42560,90.84415793418884,11339,0.0,0.0,100.0
42570,90.86830019950867,11339,0.0,0.0,100.0
42580,90.89663457870483,11339,0.0,0.0,100.0
42590,90.92863893508911,11339,0.0,0.0,100.0
42600,90.95368218421936,11339,0.0,0.0,100.0
42610,90.97792530059814,11339,0.0,0.0,100.0
42620,90.99986386299133,11339,0.0,0.0,100.0
42630,91.02386260032654,11339,0.0,0.0,100.0
42640,91.0454306602478,11339,0.0,0.0,100.0
42650,91.06504487991333,11339,0.0,0.0,100.0
42660,91.1004581451416,11339,0.0,0.0,100.0
42670,91.12549543380737,11339,0.0,0.0,100.0
42680,91.1473593711853,11339,0.0,0.0,100.0
42690,91.17318034172058,11339,0.0,0.0,100.0
42700,91.19439911842346,11339,0.0,0.0,100.0
42710,91.21689653396606,11339,0.0,0.0,100.0
42719,91.23477625846863,11339,0.0,0.0,100.0
42720,91.23696804046631,11339,0.0,0.0,100.0
42723,91.24401617050171,11339,0.0,0.0,100.0
42730,91.2586145401001,11339,0.0,0.0,100.0
42736,91.27021026611328,11339,0.0,0.0,100.0
42740,91.27938318252563,11339,0.0,0.0,100.0
42750,91.30337691307068,11339,0.0,0.0,100.0
42760,91.32589530944824,11339,0.0,0.0,100.0
42770,91.3477087020874,11339,0.0,0.0,100.0
42780,91.36905884742737,11339,0.0,0.0,100.0
42790,91.38921594619751,11339,0.0,0.0,100.0
42800,91.41022872924805,11339,0.0,0.0,100.0
42810,91.42959809303284,11339,0.0,0.0,100.0
42820,91.44868564605713,11339,0.0,0.0,100.0
42830,91.46704483032227,11339,0.0,0.0,100.0
42840,91.48556447029114,11339,0.0,0.0,100.0
42850,91.50236439704895,11339,0.0,0.0,100.0
42860,91.52152705192566,11339,0.0,0.0,100.0
42870,91.54132294654846,11339,0.0,0.0,100.0
42880,91.56186532974243,11339,0.0,0.0,100.0
42890,91.58508539199829,11339,0.0,0.0,100.0
42900,91.60825800895691,11339,0.0,0.0,100.0
42910,91.62957882881165,11339,0.0,0.0,100.0
42920,91.6536226272583,11339,0.0,0.0,100.0
42930,91.6754732131958,11339,0.0,0.0,100.0
42940,91.69709157943726,11339,0.0,0.0,100.0
42950,91.71617794036865,11339,0.0,0.0,100.0
42960,91.73551821708679,11339,0.0,0.0,100.0
42970,91.75479936599731,11339,0.0,0.0,100.0
42980,91.77694606781006,11339,0.0,0.0,100.0
42990,91.79520201683044,11339,0.0,0.0,100.0
43000,91.81537294387817,11339,0.0,0.0,100.0
43010,91.8354709148407,11339,0.0,0.0,100.0
43020,91.8528037071228,11339,0.0,0.0,100.0
43030,91.87146544456482,11339,0.0,0.0,100.0
43040,91.8916347026825,11339,0.0,0.0,100.0
43050,91.909982919693,11339,0.0,0.0,100.0
43060,91.93118476867676,11339,0.0,0.0,100.0
43070,91.94942212104797,11339,0.0,0.0,100.0
43080,91.9703893661499,11339,0.0,0.0,100.0
43090,91.99199962615967,11339,0.0,0.0,100.0
43100,92.01026058197021,11339,0.0,0.0,100.0
43110,92.03023648262024,11339,0.0,0.0,100.0
43120,92.05233669281006,11339,0.0,0.0,100.0
43130,92.07362079620361,11339,0.0,0.0,100.0
43140,92.09586834907532,11339,0.0,0.0,100.0
43150,92.11756682395935,11339,0.0,0.0,100.0
43160,92.13678932189941,11339,0.0,0.0,100.0
43170,92.15966033935547,11339,0.0,0.0,100.0
43180,92.17871856689453,11339,0.0,0.0,100.0
43190,92.19935464859009,11339,0.0,0.0,100.0
43200,92.21961426734924,11339,0.0,0.0,100.0
43210,92.23796582221985,11339,0.0,0.0,100.0
43220,92.25876069068909,11339,0.0,0.0,100.0
43230,92.28206014633179,11339,0.0,0.0,100.0
43234,92.2937741279602,11339,0.0,0.0,100.0
43240,92.30654835700989,11339,0.0,0.0,100.0
43250,92.32671737670898,11339,0.0,0.0,100.0
43260,92.34761643409729,11339,0.0,0.0,100.0
43270,92.36802458763123,11339,0.0,0.0,100.0
43280,92.38723945617676,11339,0.0,0.0,100.0
43290,92.40723061561584,11339,0.0,0.0,100.0
43300,92.42656350135803,11339,0.0,0.0,100.0
43310,92.44486927986145,11339,0.0,0.0,100.0
43320,92.46765446662903,11339,0.0,0.0,100.0
43330,92.48860383033752,11339,0.0,0.0,100.0
43340,92.5106098651886,11339,0.0,0.0,100.0
43350,92.53296446800232,11339,0.0,0.0,100.0
43360,92.55580806732178,11339,0.0,0.0,100.0
43370,92.57712078094482,11339,0.0,0.0,100.0
43380,92.60081052780151,11339,0.0,0.0,100.0
43390,92.63194537162781,11339,0.0,0.0,100.0
43400,92.65580677986145,11339,0.0,0.0,100.0
43408,92.67166924476624,11339,0.0,0.0,100.0
43410,92.676194190979,11339,0.0,0.0,100.0
43420,92.6939435005188,11339,0.0,0.0,100.0
43430,92.71528887748718,11339,0.0,0.0,100.0
43440,92.73524522781372,11339,0.0,0.0,100.0
43450,92.76149535179138,11339,0.0,0.0,100.0
43460,92.78320479393005,11339,0.0,0.0,100.0
43470,92.80402541160583,11339,0.0,0.0,100.0
43480,92.82552719116211,11339,0.0,0.0,100.0
43490,92.84750175476074,11339,0.0,0.0,100.0
43500,92.86999130249023,11339,0.0,0.0,100.0
43510,92.89533925056458,11339,0.0,0.0,100.0
43520,92.92088460922241,11339,0.0,0.0,100.0
43530,92.94285154342651,11339,0.0,0.0,100.0
43540,92.96062278747559,11339,0.0,0.0,100.0
43550,92.98460054397583,11339,0.0,0.0,100.0
43560,93.00920128822327,11339,0.0,0.0,100.0
43570,93.04237079620361,11339,0.0,0.0,100.0
43580,93.07223749160767,11339,0.0,0.0,100.0
43590,93.09614205360413,11339,0.0,0.0,100.0
43600,93.12131476402283,11339,0.0,0.0,100.0
43610,93.14311647415161,11339,0.0,0.0,100.0
43620,93.16415596008301,11339,0.0,0.0,100.0
43630,93.18586730957031,11339,0.0,0.0,100.0
43640,93.20481371879578,11339,0.0,0.0,100.0
43650,93.22728490829468,11339,0.0,0.0,100.0
43660,93.24659395217896,11339,0.0,0.0,100.0
43670,93.26685237884521,11339,0.0,0.0,100.0
43680,93.28923988342285,11339,0.0,0.0,100.0
43690,93.30922174453735,11339,0.0,0.0,100.0
43700,93.32899498939514,11339,0.0,0.0,100.0
43710,93.34963774681091,11339,0.0,0.0,100.0
43720,93.3723394870758,11339,0.0,0.0,100.0
43729,93.39086079597473,11339,0.0,0.0,100.0
43730,93.39224600791931,11339,0.0,0.0,100.0
43740,93.41496682167053,11339,0.0,0.0,100.0
43750,93.43482112884521,11339,0.0,0.0,100.0
43760,93.45701003074646,11339,0.0,0.0,100.0
43770,93.47811770439148,11339,0.0,0.0,100.0
43780,93.49689149856567,11339,0.0,0.0,100.0
43790,93.51860737800598,11339,0.0,0.0,100.0
43800,93.53746962547302,11339,0.0,0.0,100.0
43810,93.55692839622498,11339,0.0,0.0,100.0
43820,93.57637214660645,11339,0.0,0.0,100.0
43830,93.59651970863342,11339,0.0,0.0,100.0
43840,93.61561703681946,11339,0.0,0.0,100.0
43850,93.63454866409302,11339,0.0,0.0,100.0
43860,93.65481901168823,11339,0.0,0.0,100.0
43870,93.67464518547058,11339,0.0,0.0,100.0
43880,93.6983163356781,11339,0.0,0.0,100.0
43890,93.72093749046326,11339,0.0,0.0,100.0
43900,93.747079372406,11339,0.0,0.0,100.0
43910,93.77126717567444,11339,0.0,0.0,100.0
43920,93.79709100723267,11339,0.0,0.0,100.0
43930,93.82195353507996,11339,0.0,0.0,100.0
43940,93.84408688545227,11339,0.0,0.0,100.0
43950,93.873379945755,11339,0.0,0.0,100.0
43960,93.9003074169159,11339,0.0,0.0,100.0
43970,93.92668771743774,11339,0.0,0.0,100.0
43980,93.94887852668762,11339,0.0,0.0,100.0
43990,93.97161364555359,11339,0.0,0.0,100.0
44000,93.9955062866211,11339,0.0,0.0,100.0
44010,94.01714873313904,11339,0.0,0.0,100.0
44020,94.03745651245117,11339,0.0,0.0,100.0
44030,94.0580427646637,11339,0.0,0.0,100.0
44040,94.0811550617218,11339,0.0,0.0,100.0
44050,94.10677862167358,11339,0.0,0.0,100.0
44060,94.12983226776123,11339,0.0,0.0,100.0
44070,94.15436816215515,11339,0.0,0.0,100.0
44080,94.17653107643127,11339,0.0,0.0,100.0
44090,94.19659209251404,11339,0.0,0.0,100.0
44100,94.21605014801025,11339,0.0,0.0,100.0
44110,94.2409610748291,11339,0.0,0.0,100.0
44120,94.2639832496643,11339,0.0,0.0,100.0
44130,94.28291940689087,11339,0.0,0.0,100.0
44140,94.30232310295105,11339,0.0,0.0,100.0
44150,94.32944226264954,11339,0.0,0.0,100.0
44160,94.34829878807068,11339,0.0,0.0,100.0
44170,94.3694715499878,11339,0.0,0.0,100.0
44180,94.39081740379333,11339,0.0,0.0,100.0
44190,94.41464948654175,11339,0.0,0.0,100.0
44200,94.43674612045288,11339,0.0,0.0,100.0
44210,94.45856189727783,11339,0.0,0.0,100.0
44220,94.48194599151611,11339,0.0,0.0,100.0
44230,94.50498533248901,11339,0.0,0.0,100.0
44240,94.52761220932007,11339,0.0,0.0,100.0
44250,94.55226111412048,11339,0.0,0.0,100.0
44260,94.58152794837952,11339,0.0,0.0,100.0
44270,94.60946798324585,11339,0.0,0.0,100.0
44280,94.63127517700195,11339,0.0,0.0,100.0
44290,94.65583920478821,11339,0.0,0.0,100.0
44300,94.68102812767029,11339,0.0,0.0,100.0
44310,94.70912456512451,11339,0.0,0.0,100.0
44320,94.72900605201721,11339,0.0,0.0,100.0
44330,94.75229287147522,11339,0.0,0.0,100.0
44340,94.77977752685547,11339,0.0,0.0,100.0
44350,94.80205249786377,11339,0.0,0.0,100.0
44360,94.82484936714172,11339,0.0,0.0,100.0
44370,94.86194658279419,11339,0.0,0.0,100.0
44380,94.8917989730835,11339,0.0,0.0,100.0
44390,94.91297602653503,11339,0.0,0.0,100.0
44400,94.9382963180542,11339,0.0,0.0,100.0
44410,94.97049474716187,11339,0.0,0.0,100.0
44420,95.00063729286194,11339,0.0,0.0,100.0
44430,95.03102731704712,11339,0.0,0.0,100.0
44440,95.05834484100342,11339,0.0,0.0,100.0
44450,95.10026359558105,11339,0.0,0.0,100.0
44460,95.13835668563843,11339,0.0,0.0,100.0
44470,95.16416692733765,11339,0.0,0.0,100.0
44480,95.18708086013794,11339,0.0,0.0,100.0
44490,95.21529746055603,11339,0.0,0.0,100.0
44500,95.23768591880798,11339,0.0,0.0,100.0
44510,95.2704930305481,11339,0.0,0.0,100.0
44520,95.30670809745789,11339,0.0,0.0,100.0
44524,95.31840062141418,11339,0.0,0.0,100.0
44530,95.33517289161682,11339,0.0,0.0,100.0
44540,95.36390423774719,11339,0.0,0.0,100.0
44550,95.39015221595764,11339,0.0,0.0,100.0
44560,95.41379427909851,11339,0.0,0.0,100.0
44570,95.44057035446167,11339,0.0,0.0,100.0
44580,95.4607002735138,11339,0.0,0.0,100.0
44590,95.48402786254883,11339,0.0,0.0,100.0
44600,95.50614976882935,11339,0.0,0.0,100.0
44610,95.53062462806702,11339,0.0,0.0,100.0
44620,95.55298805236816,11339,0.0,0.0,100.0
44630,95.57426118850708,11339,0.0,0.0,100.0
44640,95.60513257980347,11339,0.0,0.0,100.0
44650,95.6422791481018,11339,0.0,0.0,100.0
44660,95.67329430580139,11339,0.0,0.0,100.0
44670,95.70204448699951,11339,0.0,0.0,100.0
44680,95.72876071929932,11339,0.0,0.0,100.0
44690,95.76115608215332,11339,0.0,0.0,100.0
44700,95.78497457504272,11339,0.0,0.0,100.0
44710,95.80869889259338,11339,0.0,0.0,100.0
44720,95.83533573150635,11339,0.0,0.0,100.0
44730,95.85491394996643,11339,0.0,0.0,100.0
44740,95.87675976753235,11339,0.0,0.0,100.0
44750,95.90157175064087,11339,0.0,0.0,100.0
44760,95.92322897911072,11339,0.0,0.0,100.0
44770,95.94484329223633,11339,0.0,0.0,100.0
44780,95.9669418334961,11339,0.0,0.0,100.0
44790,95.98885989189148,11339,0.0,0.0,100.0
44800,96.00839185714722,11339,0.0,0.0,100.0
44810,96.03485321998596,11339,0.0,0.0,100.0
44820,96.06294393539429,11339,0.0,0.0,100.0
44830,96.10084581375122,11339,0.0,0.0,100.0
44840,96.12505602836609,11339,0.0,0.0,100.0
44850,96.14556694030762,11339,0.0,0.0,100.0
44860,96.16764068603516,11339,0.0,0.0,100.0
44870,96.18799686431885,11339,0.0,0.0,100.0
44880,96.2088074684143,11339,0.0,0.0,100.0
44890,96.22922921180725,11339,0.0,0.0,100.0
44900,96.25551080703735,11339,0.0,0.0,100.0
44910,96.27700781822205,11339,0.0,0.0,100.0
44920,96.29867792129517,11339,0.0,0.0,100.0
44930,96.32078456878662,11339,0.0,0.0,100.0
44940,96.3450345993042,11339,0.0,0.0,100.0
44950,96.36963844299316,11339,0.0,0.0,100.0
44960,96.39421701431274,11339,0.0,0.0,100.0
44970,96.4136893749237,11339,0.0,0.0,100.0
44980,96.43758606910706,11339,0.0,0.0,100.0
44990,96.46568512916565,11339,0.0,0.0,100.0
45000,96.48954510688782,11339,0.0,0.0,100.0
45010,96.51405024528503,11339,0.0,0.0,100.0
45020,96.54099225997925,11339,0.0,0.0,100.0
45030,96.56060409545898,11339,0.0,0.0,100.0
45040,96.58661723136902,11339,0.0,0.0,100.0
45050,96.62715172767639,11339,0.0,0.0,100.0
45060,96.66344594955444,11339,0.0,0.0,100.0
45070,96.69828581809998,11339,0.0,0.0,100.0
45080,96.7388653755188,11339,0.0,0.0,100.0
45090,96.76549649238586,11339,0.0,0.0,100.0
45100,96.79242181777954,11339,0.0,0.0,100.0
45110,96.81515955924988,11339,0.0,0.0,100.0
45120,96.83884453773499,11339,0.0,0.0,100.0
45130,96.85921454429626,11339,0.0,0.0,100.0
45140,96.88543629646301,11339,0.0,0.0,100.0
45150,96.90781426429749,11339,0.0,0.0,100.0
45160,96.9294080734253,11339,0.0,0.0,100.0
45170,96.95860147476196,11339,0.0,0.0,100.0
45180,96.98017287254333,11339,0.0,0.0,100.0
45190,97.00138282775879,11339,0.0,0.0,100.0
45200,97.01978778839111,11339,0.0,0.0,100.0
45210,97.04338240623474,11339,0.0,0.0,100.0
45220,97.06441640853882,11339,0.0,0.0,100.0
45230,97.08780431747437,11339,0.0,0.0,100.0
45240,97.1067898273468,11339,0.0,0.0,100.0
45250,97.12506365776062,11339,0.0,0.0,100.0
45260,97.1469476222992,11339,0.0,0.0,100.0
45270,97.16672682762146,11339,0.0,0.0,100.0
45280,97.18977069854736,11339,0.0,0.0,100.0
45290,97.2120258808136,11339,0.0,0.0,100.0
45300,97.23478150367737,11339,0.0,0.0,100.0
45310,97.25444984436035,11339,0.0,0.0,100.0
45320,97.27460885047913,11339,0.0,0.0,100.0
45330,97.29637789726257,11339,0.0,0.0,100.0
45340,97.31876230239868,11339,0.0,0.0,100.0
45350,97.3430278301239,11339,0.0,0.0,100.0
45360,97.3659737110138,11339,0.0,0.0,100.0
45370,97.39091801643372,11339,0.0,0.0,100.0
45380,97.42046904563904,11339,0.0,0.0,100.0
45390,97.44699311256409,11339,0.0,0.0,100.0
45400,97.46440744400024,11339,0.0,0.0,100.0
45410,97.48658084869385,11339,0.0,0.0,100.0
45420,97.5082151889801,11339,0.0,0.0,100.0
45430,97.52940154075623,11339,0.0,0.0,100.0
45440,97.55216240882874,11339,0.0,0.0,100.0
45450,97.57269477844238,11339,0.0,0.0,100.0
45460,97.59255933761597,11339,0.0,0.0,100.0
45470,97.61261177062988,11339,0.0,0.0,100.0
45480,97.63478136062622,11339,0.0,0.0,100.0
45490,97.65437698364258,11339,0.0,0.0,100.0
45500,97.6766951084137,11339,0.0,0.0,100.0
45510,97.70504975318909,11339,0.0,0.0,100.0
45520,97.72832918167114,11339,0.0,0.0,100.0
45530,97.75106930732727,11339,0.0,0.0,100.0
45540,97.7739531993866,11339,0.0,0.0,100.0
45550,97.79912996292114,11339,0.0,0.0,100.0
45560,97.82358431816101,11339,0.0,0.0,100.0
45570,97.84549140930176,11339,0.0,0.0,100.0
45580,97.87007784843445,11339,0.0,0.0,100.0
45590,97.8935661315918,11339,0.0,0.0,100.0
45600,97.92101383209229,11339,0.0,0.0,100.0
45610,97.94465017318726,11339,0.0,0.0,100.0
45620,97.96824526786804,11339,0.0,0.0,100.0
45630,97.98743057250977,11339,0.0,0.0,100.0
45640,98.00675368309021,11339,0.0,0.0,100.0
45650,98.02770042419434,11339,0.0,0.0,100.0
45660,98.05167031288147,11339,0.0,0.0,100.0
45670,98.07906866073608,11339,0.0,0.0,100.0
45680,98.10222697257996,11339,0.0,0.0,100.0
45690,98.12194418907166,11339,0.0,0.0,100.0
45700,98.1420545578003,11339,0.0,0.0,100.0
45701,98.14485192298889,11339,0.0,0.0,100.0
45710,98.16521668434143,11339,0.0,0.0,100.0
45720,98.18647980690002,11339,0.0,0.0,100.0
45730,98.20810317993164,11339,0.0,0.0,100.0
45740,98.23200535774231,11339,0.0,0.0,100.0
45750,98.25296425819397,11339,0.0,0.0,100.0
45760,98.27776765823364,11339,0.0,0.0,100.0
45770,98.30483603477478,11339,0.0,0.0,100.0
45780,98.3234794139862,11339,0.0,0.0,100.0
45790,98.34442901611328,11339,0.0,0.0,100.0
45800,98.36646628379822,11339,0.0,0.0,100.0
45810,98.38901567459106,11339,0.0,0.0,100.0
45820,98.40819597244263,11339,0.0,0.0,100.0
45830,98.42766571044922,11339,0.0,0.0,100.0
45840,98.44999146461487,11339,0.0,0.0,100.0
45850,98.47279262542725,11339,0.0,0.0,100.0
45860,98.49461722373962,11339,0.0,0.0,100.0
45870,98.51920533180237,11339,0.0,0.0,100.0
45880,98.54344987869263,11339,0.0,0.0,100.0
45890,98.56644868850708,11339,0.0,0.0,100.0
45900,98.58619022369385,11339,0.0,0.0,100.0
45910,98.61014294624329,11339,0.0,0.0,100.0
45920,98.63680458068848,11339,0.0,0.0,100.0
45928,98.66613340377808,11339,0.0,0.0,100.0
45930,98.67181873321533,11339,0.0,0.0,100.0
45940,98.70504140853882,11339,0.0,0.0,100.0
45950,98.72556591033936,11339,0.0,0.0,100.0
45960,98.75720953941345,11339,0.0,0.0,100.0
45970,98.79429626464844,11339,0.0,0.0,100.0
45980,98.82535409927368,11339,0.0,0.0,100.0
45990,98.8603138923645,11339,0.0,0.0,100.0
46000,98.89841079711914,11339,0.0,0.0,100.0
46010,98.94049978256226,11339,0.0,0.0,100.0
46020,98.9924840927124,11339,0.0,0.0,100.0
46030,99.02097988128662,11339,0.0,0.0,100.0
46040,99.04711675643921,11339,0.0,0.0,100.0
46050,99.07254910469055,11339,0.0,0.0,100.0
46060,99.09802961349487,11339,0.0,0.0,100.0
46070,99.1225163936615,11339,0.0,0.0,100.0
46080,99.15211915969849,11339,0.0,0.0,100.0
46090,99.17720580101013,11339,0.0,0.0,100.0
46100,99.20204973220825,11339,0.0,0.0,100.0
46108,99.22427916526794,11339,0.0,0.0,100.0
46110,99.22824907302856,11339,0.0,0.0,100.0
46120,99.25343894958496,11339,0.0,0.0,100.0
46130,99.27431321144104,11339,0.0,0.0,100.0
46140,99.29531216621399,11339,0.0,0.0,100.0
46150,99.3159692287445,11339,0.0,0.0,100.0
46160,99.33928394317627,11339,0.0,0.0,100.0
46170,99.36207699775696,11339,0.0,0.0,100.0
46180,99.3869903087616,11339,0.0,0.0,100.0
46190,99.41028046607971,11339,0.0,0.0,100.0
46200,99.43055129051208,11339,0.0,0.0,100.0
46210,99.45436763763428,11339,0.0,0.0,100.0
46220,99.47574186325073,11339,0.0,0.0,100.0
46230,99.49702596664429,11339,0.0,0.0,100.0
46240,99.5177972316742,11339,0.0,0.0,100.0
46250,99.54200410842896,11339,0.0,0.0,100.0
46260,99.56204438209534,11339,0.0,0.0,100.0
46270,99.5837025642395,11339,0.0,0.0,100.0
46280,99.60602307319641,11339,0.0,0.0,100.0
46290,99.62635064125061,11339,0.0,0.0,100.0
46294,99.63598322868347,11339,0.0,0.0,100.0
46300,99.64765810966492,11339,0.0,0.0,100.0
46310,99.67013216018677,11339,0.0,0.0,100.0
46320,99.69291973114014,11339,0.0,0.0,100.0
46330,99.7145733833313,11339,0.0,0.0,100.0
46340,99.73458170890808,11339,0.0,0.0,100.0
46350,99.75319457054138,11339,0.0,0.0,100.0
46360,99.77068257331848,11339,0.0,0.0,100.0
46370,99.79146242141724,11339,0.0,0.0,100.0
46380,99.81239104270935,11339,0.0,0.0,100.0
46390,99.83347463607788,11339,0.0,0.0,100.0
46400,99.85455513000488,11339,0.0,0.0,100.0
46410,99.87786221504211,11339,0.0,0.0,100.0
46420,99.90012884140015,11339,0.0,0.0,100.0
46430,99.9343090057373,11339,0.0,0.0,100.0
46440,99.95514464378357,11339,0.0,0.0,100.0
46450,99.97672057151794,11339,0.0,0.0,100.0
46460,99.99830722808838,11339,0.0,0.0,100.0
46470,100.0191924571991,11339,0.0,0.0,100.0
46480,100.04262924194336,11339,0.0,0.0,100.0
46490,100.06165075302124,11339,0.0,0.0,100.0
46500,100.08644914627075,11339,0.0,0.0,100.0
46510,100.1082091331482,11339,0.0,0.0,100.0
46520,100.13713669776917,11339,0.0,0.0,100.0
46530,100.15827178955078,11339,0.0,0.0,100.0
46540,100.17757272720337,11339,0.0,0.0,100.0
46550,100.20171403884888,11339,0.0,0.0,100.0
46560,100.2215850353241,11339,0.0,0.0,100.0
46570,100.24247169494629,11339,0.0,0.0,100.0
46579,100.26048135757446,11339,0.0,0.0,100.0
46580,100.26263475418091,11339,0.0,0.0,100.0
46590,100.2829749584198,11339,0.0,0.0,100.0
46600,100.306325674057,11339,0.0,0.0,100.0
46610,100.32444071769714,11339,0.0,0.0,100.0
46620,100.35036277770996,11339,0.0,0.0,100.0
46630,100.37415027618408,11339,0.0,0.0,100.0
46640,100.3995213508606,11339,0.0,0.0,100.0
46650,100.41969895362854,11339,0.0,0.0,100.0
46660,100.43997311592102,11339,0.0,0.0,100.0
46670,100.46340417861938,11339,0.0,0.0,100.0
46680,100.48381662368774,11339,0.0,0.0,100.0
46690,100.50442934036255,11339,0.0,0.0,100.0
46700,100.52448964118958,11339,0.0,0.0,100.0
46710,100.54661059379578,11339,0.0,0.0,100.0
46720,100.56712198257446,11339,0.0,0.0,100.0
46730,100.58859133720398,11339,0.0,0.0,100.0
46740,100.60648465156555,11339,0.0,0.0,100.0
46750,100.62637329101562,11339,0.0,0.0,100.0
46760,100.64769101142883,11339,0.0,0.0,100.0
46770,100.66812205314636,11339,0.0,0.0,100.0
46780,100.68791389465332,11339,0.0,0.0,100.0
46790,100.70746302604675,11339,0.0,0.0,100.0
46800,100.72881126403809,11339,0.0,0.0,100.0
46810,100.74777603149414,11339,0.0,0.0,100.0
46820,100.77059555053711,11339,0.0,0.0,100.0
46830,100.78883409500122,11339,0.0,0.0,100.0
46840,100.81054377555847,11339,0.0,0.0,100.0
46848,100.82781910896301,11339,0.0,0.0,100.0
46850,100.83146119117737,11339,0.0,0.0,100.0
46860,100.85176944732666,11339,0.0,0.0,100.0
46870,100.8737142086029,11339,0.0,0.0,100.0
46880,100.89722800254822,11339,0.0,0.0,100.0
46890,100.92342567443848,11339,0.0,0.0,100.0
46900,100.94419145584106,11339,0.0,0.0,100.0
46910,100.96381211280823,11339,0.0,0.0,100.0
46920,100.98386812210083,11339,0.0,0.0,100.0
46929,101.00225853919983,11339,0.0,0.0,100.0
46930,101.00436902046204,11339,0.0,0.0,100.0
46940,101.02342581748962,11339,0.0,0.0,100.0
46950,101.04287481307983,11339,0.0,0.0,100.0
46960,101.0641348361969,11339,0.0,0.0,100.0
46970,101.08818197250366,11339,0.0,0.0,100.0
46980,101.11017656326294,11339,0.0,0.0,100.0
46990,101.13130974769592,11339,0.0,0.0,100.0
47000,101.15169215202332,11339,0.0,0.0,100.0
47010,101.17156982421875,11339,0.0,0.0,100.0
47020,101.1908688545227,11339,0.0,0.0,100.0
47030,101.2090847492218,11339,0.0,0.0,100.0
47040,101.23277497291565,11339,0.0,0.0,100.0
47050,101.25247406959534,11339,0.0,0.0,100.0
47060,101.27049899101257,11339,0.0,0.0,100.0
47070,101.2916796207428,11339,0.0,0.0,100.0
47080,101.31517887115479,11339,0.0,0.0,100.0
47090,101.33634424209595,11339,0.0,0.0,100.0
47100,101.35514163970947,11339,0.0,0.0,100.0
47110,101.37308382987976,11339,0.0,0.0,100.0
47120,101.39890789985657,11339,0.0,0.0,100.0
47130,101.4226143360138,11339,0.0,0.0,100.0
47140,101.44603157043457,11339,0.0,0.0,100.0
47150,101.46982789039612,11339,0.0,0.0,100.0
47152,101.4741039276123,11339,0.0,0.0,100.0
47160,101.49115777015686,11339,0.0,0.0,100.0
47170,101.51399350166321,11339,0.0,0.0,100.0
47180,101.53540086746216,11339,0.0,0.0,100.0
47190,101.55664014816284,11339,0.0,0.0,100.0
47200,101.57749605178833,11339,0.0,0.0,100.0
47210,101.59900903701782,11339,0.0,0.0,100.0
47220,101.62220191955566,11339,0.0,0.0,100.0
47230,101.64540696144104,11339,0.0,0.0,100.0
47240,101.67151951789856,11339,0.0,0.0,100.0
47250,101.69249868392944,11339,0.0,0.0,100.0
47260,101.71300959587097,11339,0.0,0.0,100.0
47270,101.73601269721985,11339,0.0,0.0,100.0
47280,101.76123642921448,11339,0.0,0.0,100.0
47290,101.78390192985535,11339,0.0,0.0,100.0
47300,101.80542635917664,11339,0.0,0.0,100.0
47310,101.83164930343628,11339,0.0,0.0,100.0
47320,101.85582566261292,11339,0.0,0.0,100.0
47330,101.87391805648804,11339,0.0,0.0,100.0
47340,101.89659214019775,11339,0.0,0.0,100.0
47350,101.92941522598267,11339,0.0,0.0,100.0
47360,101.95542001724243,11339,0.0,0.0,100.0
47370,101.97654461860657,11339,0.0,0.0,100.0
47380,101.99771523475647,11339,0.0,0.0,100.0
47390,102.01542711257935,11339,0.0,0.0,100.0
47400,102.04191470146179,11339,0.0,0.0,100.0
47410,102.07509398460388,11339,0.0,0.0,100.0
47420,102.1045470237732,11339,0.0,0.0,100.0
47430,102.12629318237305,11339,0.0,0.0,100.0
47440,102.15044045448303,11339,0.0,0.0,100.0
47450,102.1694266796112,11339,0.0,0.0,100.0
47460,102.19412279129028,11339,0.0,0.0,100.0
47470,102.21614050865173,11339,0.0,0.0,100.0
47480,102.23829340934753,11339,0.0,0.0,100.0
47490,102.25871920585632,11339,0.0,0.0,100.0
47500,102.28026175498962,11339,0.0,0.0,100.0
47510,102.30466771125793,11339,0.0,0.0,100.0
47520,102.32676911354065,11339,0.0,0.0,100.0
47530,102.34662771224976,11339,0.0,0.0,100.0
47540,102.36661386489868,11339,0.0,0.0,100.0
47550,102.39522624015808,11339,0.0,0.0,100.0
47560,102.41982889175415,11339,0.0,0.0,100.0
47570,102.44267845153809,11339,0.0,0.0,100.0
47580,102.46061611175537,11339,0.0,0.0,100.0
47590,102.48345708847046,11339,0.0,0.0,100.0
47600,102.50466990470886,11339,0.0,0.0,100.0
47610,102.53011536598206,11339,0.0,0.0,100.0
47620,102.55302667617798,11339,0.0,0.0,100.0
47630,102.57360744476318,11339,0.0,0.0,100.0
47640,102.60066080093384,11339,0.0,0.0,100.0
47650,102.61956095695496,11339,0.0,0.0,100.0
47660,102.6423876285553,11339,0.0,0.0,100.0
47670,102.66408491134644,11339,0.0,0.0,100.0
47680,102.68234539031982,11339,0.0,0.0,100.0
47690,102.70167541503906,11339,0.0,0.0,100.0
47700,102.7231993675232,11339,0.0,0.0,100.0
47710,102.74427771568298,11339,0.0,0.0,100.0
47720,102.77387237548828,11339,0.0,0.0,100.0
47725,102.78565454483032,11339,0.0,0.0,100.0
47730,102.7950530052185,11339,0.0,0.0,100.0
47740,102.81667470932007,11339,0.0,0.0,100.0
47750,102.83737778663635,11339,0.0,0.0,100.0
47760,102.85513734817505,11339,0.0,0.0,100.0
47770,102.87667798995972,11339,0.0,0.0,100.0
47780,102.90102458000183,11339,0.0,0.0,100.0
47790,102.92201089859009,11339,0.0,0.0,100.0
47800,102.94420123100281,11339,0.0,0.0,100.0
47810,102.9659628868103,11339,0.0,0.0,100.0
47820,102.99166822433472,11339,0.0,0.0,100.0
47830,103.02345848083496,11339,0.0,0.0,100.0
47840,103.05070972442627,11339,0.0,0.0,100.0
47850,103.08032822608948,11339,0.0,0.0,100.0
47860,103.09979104995728,11339,0.0,0.0,100.0
47870,103.11881947517395,11339,0.0,0.0,100.0
47880,103.14097785949707,11339,0.0,0.0,100.0
47890,103.16251873970032,11339,0.0,0.0,100.0
47900,103.18150210380554,11339,0.0,0.0,100.0
47910,103.20138645172119,11339,0.0,0.0,100.0
47920,103.22630262374878,11339,0.0,0.0,100.0
47930,103.24832844734192,11339,0.0,0.0,100.0
47940,103.26739764213562,11339,0.0,0.0,100.0
47950,103.28708839416504,11339,0.0,0.0,100.0
47960,103.30876755714417,11339,0.0,0.0,100.0
47970,103.33007836341858,11339,0.0,0.0,100.0
47980,103.35285568237305,11339,0.0,0.0,100.0
47990,103.37239265441895,11339,0.0,0.0,100.0
48000,103.39413094520569,11339,0.0,0.0,100.0
48010,103.41514229774475,11339,0.0,0.0,100.0
48020,103.43443489074707,11339,0.0,0.0,100.0
48030,103.45544505119324,11339,0.0,0.0,100.0
48040,103.48061752319336,11339,0.0,0.0,100.0
48050,103.50079298019409,11339,0.0,0.0,100.0
48060,103.52200317382812,11339,0.0,0.0,100.0
48070,103.5420937538147,11339,0.0,0.0,100.0
48080,103.56370282173157,11339,0.0,0.0,100.0
48090,103.58414220809937,11339,0.0,0.0,100.0
48100,103.60538601875305,11339,0.0,0.0,100.0
48110,103.62426733970642,11339,0.0,0.0,100.0
48120,103.64449048042297,11339,0.0,0.0,100.0
48130,103.6651349067688,11339,0.0,0.0,100.0
48140,103.68675255775452,11339,0.0,0.0,100.0
48150,103.70992970466614,11339,0.0,0.0,100.0
48160,103.7312924861908,11339,0.0,0.0,100.0
48170,103.75221633911133,11339,0.0,0.0,100.0
48180,103.7729914188385,11339,0.0,0.0,100.0
48190,103.79561161994934,11339,0.0,0.0,100.0
48200,103.815256357193,11339,0.0,0.0,100.0
48210,103.83504486083984,11339,0.0,0.0,100.0
48220,103.85741257667542,11339,0.0,0.0,100.0
48230,103.8764865398407,11339,0.0,0.0,100.0
48240,103.89732789993286,11339,0.0,0.0,100.0
48250,103.91972351074219,11339,0.0,0.0,100.0
48260,103.93887162208557,11339,0.0,0.0,100.0
48270,103.95728015899658,11339,0.0,0.0,100.0
48280,103.9763605594635,11339,0.0,0.0,100.0
48290,103.99654722213745,11339,0.0,0.0,100.0
48300,104.01544189453125,11339,0.0,0.0,100.0
48310,104.03533625602722,11339,0.0,0.0,100.0
48320,104.05705523490906,11339,0.0,0.0,100.0
48330,104.07830500602722,11339,0.0,0.0,100.0
48340,104.10063672065735,11339,0.0,0.0,100.0
48350,104.12110662460327,11339,0.0,0.0,100.0
48360,104.1401104927063,11339,0.0,0.0,100.0
48370,104.1594500541687,11339,0.0,0.0,100.0
48380,104.18127870559692,11339,0.0,0.0,100.0
48390,104.20337581634521,11339,0.0,0.0,100.0
48400,104.22527980804443,11339,0.0,0.0,100.0
48410,104.24520611763,11339,0.0,0.0,100.0
48420,104.2653260231018,11339,0.0,0.0,100.0
48430,104.28589248657227,11339,0.0,0.0,100.0
48440,104.31624484062195,11339,0.0,0.0,100.0
48450,104.33972191810608,11339,0.0,0.0,100.0
48460,104.36406517028809,11339,0.0,0.0,100.0
48470,104.38372778892517,11339,0.0,0.0,100.0
48480,104.4083833694458,11339,0.0,0.0,100.0
48490,104.43103647232056,11339,0.0,0.0,100.0
48500,104.45466756820679,11339,0.0,0.0,100.0
48510,104.47946310043335,11339,0.0,0.0,100.0
48520,104.50310683250427,11339,0.0,0.0,100.0
48530,104.53622937202454,11339,0.0,0.0,100.0
48540,104.56465768814087,11339,0.0,0.0,100.0
48550,104.59829425811768,11339,0.0,0.0,100.0
48560,104.63295674324036,11339,0.0,0.0,100.0
48570,104.6672739982605,11339,0.0,0.0,100.0
48580,104.69665813446045,11339,0.0,0.0,100.0
48590,104.73134732246399,11339,0.0,0.0,100.0
48600,104.76115250587463,11339,0.0,0.0,100.0
48610,104.79637408256531,11339,0.0,0.0,100.0
48620,104.82555747032166,11339,0.0,0.0,100.0
48630,104.8529736995697,11339,0.0,0.0,100.0
48640,104.88241934776306,11339,0.0,0.0,100.0
48650,104.91065883636475,11339,0.0,0.0,100.0
48660,104.94568395614624,11339,0.0,0.0,100.0
48664,104.9566605091095,11339,0.0,0.0,100.0
48670,104.97501969337463,11339,0.0,0.0,100.0
48680,105.00111365318298,11339,0.0,0.0,100.0
48690,105.02193856239319,11339,0.0,0.0,100.0
48700,105.04995560646057,11339,0.0,0.0,100.0
48710,105.08002805709839,11339,0.0,0.0,100.0
48720,105.11828684806824,11339,0.0,0.0,100.0
48730,105.14247608184814,11339,0.0,0.0,100.0
48740,105.16412329673767,11339,0.0,0.0,100.0
48750,105.1883282661438,11339,0.0,0.0,100.0
48760,105.21304750442505,11339,0.0,0.0,100.0
48770,105.23512887954712,11339,0.0,0.0,100.0
48780,105.25820994377136,11339,0.0,0.0,100.0
48790,105.28358316421509,11339,0.0,0.0,100.0
48800,105.31139850616455,11339,0.0,0.0,100.0
48810,105.33244109153748,11339,0.0,0.0,100.0
48820,105.35875082015991,11339,0.0,0.0,100.0
48830,105.38144278526306,11339,0.0,0.0,100.0
48840,105.40597033500671,11339,0.0,0.0,100.0
48850,105.42958402633667,11339,0.0,0.0,100.0
48860,105.4534204006195,11339,0.0,0.0,100.0
48870,105.4756166934967,11339,0.0,0.0,100.0
48880,105.49912333488464,11339,0.0,0.0,100.0
48890,105.52250075340271,11339,0.0,0.0,100.0
48900,105.54435706138611,11339,0.0,0.0,100.0
48910,105.56413841247559,11339,0.0,0.0,100.0
48920,105.58498454093933,11339,0.0,0.0,100.0
48930,105.6122899055481,11339,0.0,0.0,100.0
48940,105.63196325302124,11339,0.0,0.0,100.0
48950,105.65265083312988,11339,0.0,0.0,100.0
48960,105.6699423789978,11339,0.0,0.0,100.0
48970,105.69085502624512,11339,0.0,0.0,100.0
48980,105.71348285675049,11339,0.0,0.0,100.0
48990,105.7364342212677,11339,0.0,0.0,100.0
49000,105.7588164806366,11339,0.0,0.0,100.0
49010,105.77581882476807,11339,0.0,0.0,100.0
49020,105.80040621757507,11339,0.0,0.0,100.0
49030,105.82244610786438,11339,0.0,0.0,100.0
49040,105.84171104431152,11339,0.0,0.0,100.0
49050,105.86198163032532,11339,0.0,0.0,100.0
49060,105.88451623916626,11339,0.0,0.0,100.0
49070,105.90349173545837,11339,0.0,0.0,100.0
49080,105.92812299728394,11339,0.0,0.0,100.0
49090,105.9492769241333,11339,0.0,0.0,100.0
49100,105.97011947631836,11339,0.0,0.0,100.0
49110,105.99015879631042,11339,0.0,0.0,100.0
49120,106.01113367080688,11339,0.0,0.0,100.0
49130,106.0304012298584,11339,0.0,0.0,100.0
49140,106.05382776260376,11339,0.0,0.0,100.0
49150,106.07446432113647,11339,0.0,0.0,100.0
49160,106.09785914421082,11339,0.0,0.0,100.0
49170,106.12208533287048,11339,0.0,0.0,100.0
49180,106.14419078826904,11339,0.0,0.0,100.0
49190,106.16807270050049,11339,0.0,0.0,100.0
49200,106.18807935714722,11339,0.0,0.0,100.0
49210,106.21021103858948,11339,0.0,0.0,100.0
49220,106.23036932945251,11339,0.0,0.0,100.0
49230,106.25434827804565,11339,0.0,0.0,100.0
49240,106.27631664276123,11339,0.0,0.0,100.0
49250,106.3023145198822,11339,0.0,0.0,100.0
49260,106.323814868927,11339,0.0,0.0,100.0
49270,106.34459114074707,11339,0.0,0.0,100.0
49280,106.3656554222107,11339,0.0,0.0,100.0
49290,106.38535737991333,11339,0.0,0.0,100.0
49300,106.4054102897644,11339,0.0,0.0,100.0
49310,106.42209458351135,11339,0.0,0.0,100.0
49320,106.44159269332886,11339,0.0,0.0,100.0
49330,106.46102476119995,11339,0.0,0.0,100.0
49340,106.48308610916138,11339,0.0,0.0,100.0
49350,106.5023877620697,11339,0.0,0.0,100.0
49360,106.52291226387024,11339,0.0,0.0,100.0
49370,106.54280185699463,11339,0.0,0.0,100.0
49380,106.56433773040771,11339,0.0,0.0,100.0
49390,106.58493638038635,11339,0.0,0.0,100.0
49400,106.6069233417511,11339,0.0,0.0,100.0
49410,106.6273832321167,11339,0.0,0.0,100.0
49420,106.64865374565125,11339,0.0,0.0,100.0
49430,106.67024087905884,11339,0.0,0.0,100.0
49440,106.69382238388062,11339,0.0,0.0,100.0
49450,106.7138283252716,11339,0.0,0.0,100.0
49460,106.73442244529724,11339,0.0,0.0,100.0
49470,106.75604915618896,11339,0.0,0.0,100.0
49480,106.7785804271698,11339,0.0,0.0,100.0
49490,106.80137324333191,11339,0.0,0.0,100.0
49500,106.82360577583313,11339,0.0,0.0,100.0
49510,106.84510397911072,11339,0.0,0.0,100.0
49520,106.86752796173096,11339,0.0,0.0,100.0
49530,106.88884210586548,11339,0.0,0.0,100.0
49540,106.90828275680542,11339,0.0,0.0,100.0
49550,106.93012619018555,11339,0.0,0.0,100.0
49560,106.95338201522827,11339,0.0,0.0,100.0
49570,106.97335505485535,11339,0.0,0.0,100.0
49571,106.9760513305664,11339,0.0,0.0,100.0
49580,106.99569439888,11339,0.0,0.0,100.0
49590,107.01290392875671,11339,0.0,0.0,100.0
49600,107.03352189064026,11339,0.0,0.0,100.0
49610,107.05791091918945,11339,0.0,0.0,100.0
49620,107.08204531669617,11339,0.0,0.0,100.0
49630,107.10441851615906,11339,0.0,0.0,100.0
49640,107.12308692932129,11339,0.0,0.0,100.0
49650,107.1439950466156,11339,0.0,0.0,100.0
49660,107.16290712356567,11339,0.0,0.0,100.0
49670,107.18268632888794,11339,0.0,0.0,100.0
49680,107.20067381858826,11339,0.0,0.0,100.0
49690,107.2235803604126,11339,0.0,0.0,100.0
49700,107.24459600448608,11339,0.0,0.0,100.0
49710,107.26584720611572,11339,0.0,0.0,100.0
49720,107.29217147827148,11339,0.0,0.0,100.0
49730,107.3186662197113,11339,0.0,0.0,100.0
49740,107.34053826332092,11339,0.0,0.0,100.0
49750,107.36082458496094,11339,0.0,0.0,100.0
49760,107.3866503238678,11339,0.0,0.0,100.0
49770,107.41238069534302,11339,0.0,0.0,100.0
49780,107.4361298084259,11339,0.0,0.0,100.0
49790,107.45507407188416,11339,0.0,0.0,100.0
49800,107.47486853599548,11339,0.0,0.0,100.0
49810,107.49722337722778,11339,0.0,0.0,100.0
49820,107.51955604553223,11339,0.0,0.0,100.0
49830,107.54393792152405,11339,0.0,0.0,100.0
49840,107.56468224525452,11339,0.0,0.0,100.0
49850,107.5852735042572,11339,0.0,0.0,100.0
49860,107.60712909698486,11339,0.0,0.0,100.0
49870,107.62919449806213,11339,0.0,0.0,100.0
49880,107.6516420841217,11339,0.0,0.0,100.0
49890,107.67295575141907,11339,0.0,0.0,100.0
49900,107.69401240348816,11339,0.0,0.0,100.0
49910,107.7176365852356,11339,0.0,0.0,100.0
49920,107.73740458488464,11339,0.0,0.0,100.0
49930,107.76046562194824,11339,0.0,0.0,100.0
49940,107.7888514995575,11339,0.0,0.0,100.0
49950,107.81508731842041,11339,0.0,0.0,100.0
49960,107.84208488464355,11339,0.0,0.0,100.0
49970,107.86543440818787,11339,0.0,0.0,100.0
49980,107.8859453201294,11339,0.0,0.0,100.0
49990,107.9081552028656,11339,0.0,0.0,100.0
50000,107.93068289756775,11339,0.0,0.0,100.0
