Iteration,Time_Seconds,Objective_Value,W_Shift,W_Swap,W_Kick
0,0.0,9003,0.0,0.0,100.0
4,0.006487607955932617,9003,0.0,0.0,100.0
10,0.015509843826293945,9003,0.0,0.0,100.0
16,0.0237276554107666,9003,0.0,0.0,100.0
20,0.0297701358795166,9003,0.0,0.0,100.0
21,0.03180432319641113,9003,0.0,0.0,100.0
30,0.04430031776428223,9003,0.0,0.0,100.0
40,0.05819082260131836,9003,0.0,0.0,100.0
50,0.07089114189147949,9003,0.0,0.0,100.0
53,0.07566189765930176,9003,0.0,0.0,100.0
60,0.08529925346374512,9003,0.0,0.0,100.0
70,0.09958863258361816,9003,0.0,0.0,100.0
80,0.11511445045471191,9003,0.0,0.0,100.0
90,0.1312394142150879,9003,0.0,0.0,100.0
100,0.14545321464538574,9003,0.0,0.0,100.0
110,0.16109418869018555,9003,0.0,0.0,100.0
118,0.17290925979614258,9003,0.0,0.0,100.0
120,0.1758894920349121,9003,0.0,0.0,100.0
123,0.18058085441589355,9003,0.0,0.0,100.0
130,0.18939423561096191,9003,0.0,0.0,100.0
140,0.20396947860717773,9003,0.0,0.0,100.0
150,0.21928668022155762,9003,0.0,0.0,100.0
160,0.2330775260925293,9003,0.0,0.0,100.0
161,0.23477721214294434,9003,0.0,0.0,100.0
170,0.2501397132873535,9003,0.0,0.0,100.0
180,0.2639939785003662,9003,0.0,0.0,100.0
190,0.27880382537841797,9003,0.0,0.0,100.0
200,0.2918069362640381,9003,0.0,0.0,100.0
207,0.302807092666626,9003,0.0,0.0,100.0
210,0.306610107421875,9003,0.0,0.0,100.0
220,0.32042765617370605,9003,0.0,0.0,100.0
225,0.3283987045288086,9003,0.0,0.0,100.0
230,0.33523035049438477,9003,0.0,0.0,100.0
235,0.3429715633392334,9003,0.0,0.0,100.0
240,0.34876012802124023,9003,0.0,0.0,100.0
250,0.3620564937591553,9003,0.0,0.0,100.0
260,0.3756551742553711,9003,0.0,0.0,100.0
270,0.38929104804992676,9003,0.0,0.0,100.0
280,0.4050483703613281,9003,0.0,0.0,100.0
289,0.4170689582824707,9003,0.0,0.0,100.0
290,0.418595552444458,9003,0.0,0.0,100.0
295,0.42598581314086914,9003,0.0,0.0,100.0
300,0.4327707290649414,9003,0.0,0.0,100.0
301,0.434478759765625,9004,0.0,0.0,100.0
305,0.440654993057251,9004,0.0,0.0,100.0
310,0.4471466541290283,9004,0.0,0.0,100.0
314,0.45275306701660156,9004,0.0,0.0,100.0
320,0.46185874938964844,9004,0.0,0.0,100.0
329,0.4743659496307373,9004,0.0,0.0,100.0
330,0.47578978538513184,9004,0.0,0.0,100.0
340,0.4885728359222412,9004,0.0,0.0,100.0
350,0.5034360885620117,9004,0.0,0.0,100.0
360,0.5175001621246338,9004,0.0,0.0,100.0
370,0.5312929153442383,9004,0.0,0.0,100.0
380,0.5457050800323486,9004,0.0,0.0,100.0
390,0.5602881908416748,9004,0.0,0.0,100.0
400,0.5732884407043457,9004,0.0,0.0,100.0
410,0.5846891403198242,9004,0.0,0.0,100.0
420,0.5978090763092041,9004,0.0,0.0,100.0
430,0.6108443737030029,9004,0.0,0.0,100.0
440,0.6231920719146729,9004,0.0,0.0,100.0
450,0.6365418434143066,9004,0.0,0.0,100.0
455,0.645298957824707,9005,0.0,0.0,100.0
460,0.6540379524230957,9005,0.0,0.0,100.0
470,0.6691572666168213,9005,0.0,0.0,100.0
473,0.6738855838775635,9005,0.0,0.0,100.0
480,0.683657169342041,9005,0.0,0.0,100.0
487,0.6929516792297363,9005,0.0,0.0,100.0
490,0.696819543838501,9005,0.0,0.0,100.0
500,0.7109470367431641,9005,0.0,0.0,100.0
510,0.724515438079834,9005,0.0,0.0,100.0
520,0.7379021644592285,9005,0.0,0.0,100.0
530,0.751685619354248,9005,0.0,0.0,100.0
540,0.7675235271453857,9005,0.0,0.0,100.0
550,0.7825477123260498,9005,0.0,0.0,100.0
560,0.7964694499969482,9005,0.0,0.0,100.0
564,0.8020758628845215,9005,0.0,0.0,100.0
570,0.8104631900787354,9005,0.0,0.0,100.0
572,0.8136680126190186,9005,0.0,0.0,100.0
579,0.8237514495849609,9005,0.0,0.0,100.0
580,0.8252060413360596,9005,0.0,0.0,100.0
590,0.8397607803344727,9005,0.0,0.0,100.0
597,0.8493466377258301,9005,0.0,0.0,100.0
600,0.8532476425170898,9005,0.0,0.0,100.0
608,0.8678839206695557,9006,0.0,0.0,100.0
610,0.8706700801849365,9006,0.0,0.0,100.0
620,0.8883085250854492,9006,0.0,0.0,100.0
630,0.905609130859375,9006,0.0,0.0,100.0
640,0.9235506057739258,9006,0.0,0.0,100.0
644,0.9306316375732422,9007,0.0,0.0,100.0
650,0.9406270980834961,9007,0.0,0.0,100.0
660,0.9607477188110352,9007,0.0,0.0,100.0
670,0.9743521213531494,9007,0.0,0.0,100.0
679,0.9880199432373047,9008,0.0,0.0,100.0
680,0.9895827770233154,9008,0.0,0.0,100.0
690,1.0026423931121826,9008,0.0,0.0,100.0
700,1.016434907913208,9008,0.0,0.0,100.0
710,1.0307531356811523,9008,0.0,0.0,100.0
720,1.0446581840515137,9008,0.0,0.0,100.0
730,1.0591285228729248,9008,0.0,0.0,100.0
740,1.0729618072509766,9008,0.0,0.0,100.0
743,1.0771048069000244,9008,0.0,0.0,100.0
750,1.0864074230194092,9008,0.0,0.0,100.0
760,1.1000773906707764,9008,0.0,0.0,100.0
770,1.1140525341033936,9008,0.0,0.0,100.0
780,1.1277339458465576,9008,0.0,0.0,100.0
790,1.1419734954833984,9008,0.0,0.0,100.0
800,1.1553351879119873,9008,0.0,0.0,100.0
810,1.169600486755371,9008,0.0,0.0,100.0
820,1.1835076808929443,9008,0.0,0.0,100.0
830,1.1971023082733154,9008,0.0,0.0,100.0
833,1.2012193202972412,9008,0.0,0.0,100.0
840,1.2095003128051758,9008,0.0,0.0,100.0
850,1.2232613563537598,9008,0.0,0.0,100.0
860,1.235814094543457,9008,0.0,0.0,100.0
870,1.2512664794921875,9008,0.0,0.0,100.0
875,1.259002447128296,9008,0.0,0.0,100.0
880,1.2665762901306152,9008,0.0,0.0,100.0
890,1.2803514003753662,9008,0.0,0.0,100.0
900,1.294105052947998,9008,0.0,0.0,100.0
910,1.307171106338501,9008,0.0,0.0,100.0
920,1.3214681148529053,9008,0.0,0.0,100.0
930,1.3347110748291016,9008,0.0,0.0,100.0
934,1.340902328491211,9008,0.0,0.0,100.0
940,1.3490982055664062,9008,0.0,0.0,100.0
945,1.3562901020050049,9008,0.0,0.0,100.0
950,1.3631212711334229,9008,0.0,0.0,100.0
960,1.3767633438110352,9008,0.0,0.0,100.0
968,1.3877768516540527,9008,0.0,0.0,100.0
970,1.3906984329223633,9008,0.0,0.0,100.0
980,1.4044451713562012,9008,0.0,0.0,100.0
990,1.4188392162322998,9008,0.0,0.0,100.0
1000,1.433319330215454,9008,0.0,0.0,100.0
1010,1.4481425285339355,9008,0.0,0.0,100.0
1020,1.4607388973236084,9008,0.0,0.0,100.0
1030,1.474907398223877,9008,0.0,0.0,100.0
1040,1.4880881309509277,9008,0.0,0.0,100.0
1050,1.500208854675293,9008,0.0,0.0,100.0
1060,1.514087438583374,9008,0.0,0.0,100.0
1070,1.52870774269104,9008,0.0,0.0,100.0
1080,1.5431993007659912,9008,0.0,0.0,100.0
1090,1.557102918624878,9008,0.0,0.0,100.0
1100,1.5713918209075928,9008,0.0,0.0,100.0
1110,1.5842254161834717,9008,0.0,0.0,100.0
1114,1.5904910564422607,9009,0.0,0.0,100.0
1120,1.5995774269104004,9009,0.0,0.0,100.0
1130,1.6117019653320312,9009,0.0,0.0,100.0
1140,1.6253550052642822,9009,0.0,0.0,100.0
1150,1.6387557983398438,9009,0.0,0.0,100.0
1159,1.6510114669799805,9010,0.0,0.0,100.0
1160,1.652555227279663,9010,0.0,0.0,100.0
1170,1.666672706604004,9010,0.0,0.0,100.0
1180,1.6800572872161865,9010,0.0,0.0,100.0
1190,1.6937580108642578,9010,0.0,0.0,100.0
1200,1.7073767185211182,9010,0.0,0.0,100.0
1210,1.7201194763183594,9010,0.0,0.0,100.0
1220,1.7347867488861084,9010,0.0,0.0,100.0
1222,1.7380945682525635,9010,0.0,0.0,100.0
1230,1.7505290508270264,9010,0.0,0.0,100.0
1240,1.7640037536621094,9010,0.0,0.0,100.0
1241,1.7658181190490723,9010,0.0,0.0,100.0
1244,1.7699816226959229,9010,0.0,0.0,100.0
1250,1.7779724597930908,9010,0.0,0.0,100.0
1260,1.7927732467651367,9010,0.0,0.0,100.0
1270,1.8077669143676758,9010,0.0,0.0,100.0
1280,1.8225681781768799,9010,0.0,0.0,100.0
1283,1.827453851699829,9010,0.0,0.0,100.0
1290,1.8384103775024414,9010,0.0,0.0,100.0
1300,1.853482961654663,9011,0.0,0.0,100.0
1310,1.8674237728118896,9011,0.0,0.0,100.0
1311,1.8693079948425293,9012,0.0,0.0,100.0
1320,1.8829576969146729,9012,0.0,0.0,100.0
1330,1.8973805904388428,9012,0.0,0.0,100.0
1340,1.9118471145629883,9012,0.0,0.0,100.0
1350,1.9261932373046875,9012,0.0,0.0,100.0
1360,1.9408516883850098,9012,0.0,0.0,100.0
1370,1.954756736755371,9012,0.0,0.0,100.0
1380,1.9682741165161133,9012,0.0,0.0,100.0
1389,1.9816558361053467,9012,0.0,0.0,100.0
1390,1.9831314086914062,9012,0.0,0.0,100.0
1391,1.9848942756652832,9012,0.0,0.0,100.0
1400,1.9989714622497559,9012,0.0,0.0,100.0
1410,2.0125784873962402,9012,0.0,0.0,100.0
1420,2.0255565643310547,9012,0.0,0.0,100.0
1430,2.037679672241211,9012,0.0,0.0,100.0
1440,2.0521509647369385,9012,0.0,0.0,100.0
1450,2.06596040725708,9012,0.0,0.0,100.0
1460,2.077315092086792,9012,0.0,0.0,100.0
1470,2.0915157794952393,9012,0.0,0.0,100.0
1477,2.101834297180176,9012,0.0,0.0,100.0
1478,2.103759288787842,9012,0.0,0.0,100.0
1480,2.1062731742858887,9012,0.0,0.0,100.0
1485,2.1143581867218018,9012,0.0,0.0,100.0
1490,2.121325969696045,9012,0.0,0.0,100.0
1500,2.1346418857574463,9012,0.0,0.0,100.0
1502,2.137956142425537,9012,0.0,0.0,100.0
1510,2.149813413619995,9012,0.0,0.0,100.0
1520,2.166445732116699,9012,0.0,0.0,100.0
1530,2.1795783042907715,9012,0.0,0.0,100.0
1540,2.1942079067230225,9012,0.0,0.0,100.0
1550,2.2077832221984863,9012,0.0,0.0,100.0
1552,2.2110142707824707,9012,0.0,0.0,100.0
1560,2.221801280975342,9012,0.0,0.0,100.0
1570,2.2368860244750977,9012,0.0,0.0,100.0
1580,2.2522730827331543,9012,0.0,0.0,100.0
1590,2.2656168937683105,9012,0.0,0.0,100.0
1600,2.2806243896484375,9012,0.0,0.0,100.0
1610,2.293658494949341,9012,0.0,0.0,100.0
1617,2.303896188735962,9012,0.0,0.0,100.0
1620,2.308321475982666,9012,0.0,0.0,100.0
1630,2.3222858905792236,9013,0.0,0.0,100.0
1640,2.3355906009674072,9013,0.0,0.0,100.0
1650,2.347510576248169,9013,0.0,0.0,100.0
1660,2.360694169998169,9013,0.0,0.0,100.0
1670,2.3750550746917725,9013,0.0,0.0,100.0
1680,2.3871755599975586,9013,0.0,0.0,100.0
1690,2.400049924850464,9013,0.0,0.0,100.0
1700,2.414707660675049,9013,0.0,0.0,100.0
1710,2.428431272506714,9013,0.0,0.0,100.0
1713,2.43285870552063,9013,0.0,0.0,100.0
1720,2.4426658153533936,9013,0.0,0.0,100.0
1730,2.457665205001831,9013,0.0,0.0,100.0
1733,2.4626305103302,9014,0.0,0.0,100.0
1740,2.4724419116973877,9014,0.0,0.0,100.0
1750,2.48803448677063,9014,0.0,0.0,100.0
1760,2.503607988357544,9014,0.0,0.0,100.0
1770,2.5188374519348145,9014,0.0,0.0,100.0
1780,2.533989906311035,9014,0.0,0.0,100.0
1790,2.5479736328125,9014,0.0,0.0,100.0
1800,2.562394618988037,9014,0.0,0.0,100.0
1810,2.5784502029418945,9014,0.0,0.0,100.0
1820,2.5928311347961426,9014,0.0,0.0,100.0
1830,2.607085943222046,9015,0.0,0.0,100.0
1840,2.6201694011688232,9015,0.0,0.0,100.0
1842,2.6234207153320312,9016,0.0,0.0,100.0
1847,2.6305153369903564,9017,0.0,0.0,100.0
1850,2.6338953971862793,9017,0.0,0.0,100.0
1860,2.6475727558135986,9017,0.0,0.0,100.0
1863,2.652010917663574,9017,0.0,0.0,100.0
1870,2.662112236022949,9017,0.0,0.0,100.0
1880,2.6758315563201904,9017,0.0,0.0,100.0
1885,2.6831367015838623,9017,0.0,0.0,100.0
1888,2.6874516010284424,9017,0.0,0.0,100.0
1890,2.690448522567749,9017,0.0,0.0,100.0
1900,2.704808235168457,9017,0.0,0.0,100.0
1910,2.7199597358703613,9017,0.0,0.0,100.0
1920,2.7337236404418945,9017,0.0,0.0,100.0
1930,2.74908185005188,9017,0.0,0.0,100.0
1940,2.7636349201202393,9017,0.0,0.0,100.0
1950,2.7760956287384033,9017,0.0,0.0,100.0
1951,2.7778584957122803,9017,0.0,0.0,100.0
1960,2.7917752265930176,9017,0.0,0.0,100.0
1970,2.805544376373291,9017,0.0,0.0,100.0
1980,2.8192808628082275,9017,0.0,0.0,100.0
1990,2.832792043685913,9017,0.0,0.0,100.0
1993,2.837465286254883,9017,0.0,0.0,100.0
2000,2.847346067428589,9017,0.0,0.0,100.0
2010,2.8604323863983154,9017,0.0,0.0,100.0
2020,2.8755383491516113,9017,0.0,0.0,100.0
2030,2.889934539794922,9017,0.0,0.0,100.0
2040,2.90350341796875,9017,0.0,0.0,100.0
2050,2.917083501815796,9017,0.0,0.0,100.0
2060,2.9302122592926025,9017,0.0,0.0,100.0
2070,2.9422879219055176,9017,0.0,0.0,100.0
2080,2.9559311866760254,9017,0.0,0.0,100.0
2090,2.969207525253296,9017,0.0,0.0,100.0
2100,2.982279062271118,9017,0.0,0.0,100.0
2110,2.996548652648926,9017,0.0,0.0,100.0
2120,3.0106990337371826,9017,0.0,0.0,100.0
2130,3.022742748260498,9017,0.0,0.0,100.0
2140,3.035167694091797,9017,0.0,0.0,100.0
2141,3.0368893146514893,9017,0.0,0.0,100.0
2150,3.0484538078308105,9017,0.0,0.0,100.0
2158,3.060248851776123,9017,0.0,0.0,100.0
2160,3.063164472579956,9017,0.0,0.0,100.0
2170,3.0769968032836914,9017,0.0,0.0,100.0
2180,3.0913209915161133,9017,0.0,0.0,100.0
2190,3.1057116985321045,9017,0.0,0.0,100.0
2199,3.11859393119812,9017,0.0,0.0,100.0
2200,3.119602680206299,9017,0.0,0.0,100.0
2210,3.13183331489563,9017,0.0,0.0,100.0
2220,3.1460416316986084,9017,0.0,0.0,100.0
2230,3.1612350940704346,9017,0.0,0.0,100.0
2240,3.175926923751831,9017,0.0,0.0,100.0
2250,3.189913034439087,9017,0.0,0.0,100.0
2260,3.2054028511047363,9017,0.0,0.0,100.0
2266,3.2138607501983643,9017,0.0,0.0,100.0
2270,3.219407081604004,9017,0.0,0.0,100.0
2280,3.2335758209228516,9017,0.0,0.0,100.0
2290,3.2468719482421875,9017,0.0,0.0,100.0
2300,3.26308536529541,9017,0.0,0.0,100.0
2310,3.2764151096343994,9017,0.0,0.0,100.0
2320,3.2904231548309326,9017,0.0,0.0,100.0
2330,3.3032240867614746,9017,0.0,0.0,100.0
2335,3.309154987335205,9017,0.0,0.0,100.0
2340,3.316826820373535,9017,0.0,0.0,100.0
2350,3.33001708984375,9017,0.0,0.0,100.0
2360,3.3445022106170654,9017,0.0,0.0,100.0
2370,3.358137845993042,9017,0.0,0.0,100.0
2380,3.3720061779022217,9017,0.0,0.0,100.0
2390,3.385053873062134,9017,0.0,0.0,100.0
2400,3.39697527885437,9017,0.0,0.0,100.0
2410,3.4109294414520264,9017,0.0,0.0,100.0
2418,3.4224469661712646,9017,0.0,0.0,100.0
2420,3.425618886947632,9017,0.0,0.0,100.0
2430,3.4395639896392822,9017,0.0,0.0,100.0
2440,3.453329086303711,9017,0.0,0.0,100.0
2450,3.4669227600097656,9017,0.0,0.0,100.0
2452,3.4696173667907715,9017,0.0,0.0,100.0
2456,3.4761743545532227,9017,0.0,0.0,100.0
2460,3.482177734375,9017,0.0,0.0,100.0
2467,3.4931538105010986,9017,0.0,0.0,100.0
2470,3.4976162910461426,9017,0.0,0.0,100.0
2480,3.5127594470977783,9017,0.0,0.0,100.0
2490,3.5270540714263916,9017,0.0,0.0,100.0
2500,3.5408618450164795,9017,0.0,0.0,100.0
2510,3.5559298992156982,9017,0.0,0.0,100.0
2520,3.5681374073028564,9017,0.0,0.0,100.0
2530,3.5822150707244873,9017,0.0,0.0,100.0
2540,3.5962107181549072,9017,0.0,0.0,100.0
2550,3.612308979034424,9017,0.0,0.0,100.0
2560,3.6277079582214355,9017,0.0,0.0,100.0
2570,3.641981601715088,9017,0.0,0.0,100.0
2580,3.6569347381591797,9017,0.0,0.0,100.0
2590,3.6714794635772705,9017,0.0,0.0,100.0
2600,3.6854512691497803,9017,0.0,0.0,100.0
2610,3.6994528770446777,9017,0.0,0.0,100.0
2620,3.71423602104187,9017,0.0,0.0,100.0
2630,3.727530002593994,9017,0.0,0.0,100.0
2640,3.7417898178100586,9017,0.0,0.0,100.0
2650,3.7556488513946533,9017,0.0,0.0,100.0
2660,3.7703559398651123,9017,0.0,0.0,100.0
2670,3.7848970890045166,9017,0.0,0.0,100.0
2680,3.7990736961364746,9017,0.0,0.0,100.0
2690,3.81231427192688,9017,0.0,0.0,100.0
2700,3.8257060050964355,9017,0.0,0.0,100.0
2710,3.839149236679077,9017,0.0,0.0,100.0
2720,3.851823568344116,9017,0.0,0.0,100.0
2728,3.863618850708008,9017,0.0,0.0,100.0
2730,3.8666162490844727,9017,0.0,0.0,100.0
2740,3.8802483081817627,9017,0.0,0.0,100.0
2750,3.894742488861084,9017,0.0,0.0,100.0
2760,3.9085350036621094,9017,0.0,0.0,100.0
2770,3.9229934215545654,9017,0.0,0.0,100.0
2780,3.936985731124878,9017,0.0,0.0,100.0
2790,3.949780225753784,9017,0.0,0.0,100.0
2800,3.9624550342559814,9017,0.0,0.0,100.0
2810,3.976465940475464,9017,0.0,0.0,100.0
2820,3.9910340309143066,9017,0.0,0.0,100.0
2827,4.00037407875061,9017,0.0,0.0,100.0
2830,4.00366997718811,9017,0.0,0.0,100.0
2838,4.015320062637329,9017,0.0,0.0,100.0
2840,4.0176451206207275,9017,0.0,0.0,100.0
2850,4.031214475631714,9017,0.0,0.0,100.0
2860,4.045578956604004,9017,0.0,0.0,100.0
2870,4.059427976608276,9017,0.0,0.0,100.0
2880,4.0744469165802,9017,0.0,0.0,100.0
2890,4.087291479110718,9017,0.0,0.0,100.0
2897,4.097217559814453,9017,0.0,0.0,100.0
2900,4.101550102233887,9017,0.0,0.0,100.0
2910,4.1141111850738525,9017,0.0,0.0,100.0
2920,4.127194166183472,9017,0.0,0.0,100.0
2930,4.140080451965332,9017,0.0,0.0,100.0
2940,4.156019687652588,9017,0.0,0.0,100.0
2950,4.169347763061523,9017,0.0,0.0,100.0
2960,4.183272838592529,9017,0.0,0.0,100.0
2962,4.186473369598389,9017,0.0,0.0,100.0
2970,4.196146488189697,9017,0.0,0.0,100.0
2980,4.209806680679321,9017,0.0,0.0,100.0
2990,4.224053621292114,9017,0.0,0.0,100.0
2996,4.23225212097168,9017,0.0,0.0,100.0
3000,4.237675189971924,9017,0.0,0.0,100.0
3010,4.251099348068237,9017,0.0,0.0,100.0
3019,4.265654563903809,9017,0.0,0.0,100.0
3020,4.266566514968872,9017,0.0,0.0,100.0
3027,4.2752790451049805,9017,0.0,0.0,100.0
3030,4.279143333435059,9017,0.0,0.0,100.0
3040,4.292854309082031,9017,0.0,0.0,100.0
3046,4.302149295806885,9017,0.0,0.0,100.0
3050,4.3069868087768555,9017,0.0,0.0,100.0
3054,4.312631845474243,9017,0.0,0.0,100.0
3060,4.321603775024414,9017,0.0,0.0,100.0
3070,4.3350605964660645,9017,0.0,0.0,100.0
3080,4.348970174789429,9017,0.0,0.0,100.0
3086,4.3582375049591064,9017,0.0,0.0,100.0
3090,4.36430549621582,9017,0.0,0.0,100.0
3097,4.375149488449097,9017,0.0,0.0,100.0
3100,4.379715442657471,9017,0.0,0.0,100.0
3102,4.382967948913574,9017,0.0,0.0,100.0
3110,4.394524574279785,9017,0.0,0.0,100.0
3120,4.409120321273804,9017,0.0,0.0,100.0
3130,4.423447847366333,9017,0.0,0.0,100.0
3140,4.43769645690918,9017,0.0,0.0,100.0
3150,4.451843500137329,9017,0.0,0.0,100.0
3160,4.465784072875977,9017,0.0,0.0,100.0
3170,4.480682611465454,9017,0.0,0.0,100.0
3180,4.494908094406128,9017,0.0,0.0,100.0
3190,4.508326530456543,9017,0.0,0.0,100.0
3200,4.5220253467559814,9017,0.0,0.0,100.0
3204,4.528321027755737,9017,0.0,0.0,100.0
3210,4.537268877029419,9017,0.0,0.0,100.0
3220,4.551684379577637,9017,0.0,0.0,100.0
3230,4.566112279891968,9017,0.0,0.0,100.0
3231,4.567837715148926,9017,0.0,0.0,100.0
3232,4.569535732269287,9017,0.0,0.0,100.0
3240,4.580904245376587,9017,0.0,0.0,100.0
3250,4.5958778858184814,9017,0.0,0.0,100.0
3260,4.610112190246582,9017,0.0,0.0,100.0
3270,4.625373363494873,9017,0.0,0.0,100.0
3280,4.639023780822754,9017,0.0,0.0,100.0
3290,4.654061794281006,9017,0.0,0.0,100.0
3294,4.659925222396851,9018,0.0,0.0,100.0
3300,4.6679465770721436,9018,0.0,0.0,100.0
3310,4.682830095291138,9018,0.0,0.0,100.0
3320,4.695225477218628,9018,0.0,0.0,100.0
3330,4.709543466567993,9018,0.0,0.0,100.0
3333,4.714266061782837,9018,0.0,0.0,100.0
3340,4.723567008972168,9018,0.0,0.0,100.0
3348,4.735167980194092,9018,0.0,0.0,100.0
3350,4.738175630569458,9018,0.0,0.0,100.0
3360,4.751490592956543,9018,0.0,0.0,100.0
3370,4.766640901565552,9018,0.0,0.0,100.0
3380,4.781024217605591,9018,0.0,0.0,100.0
3388,4.793780088424683,9018,0.0,0.0,100.0
3390,4.796959400177002,9018,0.0,0.0,100.0
3400,4.8110175132751465,9018,0.0,0.0,100.0
3410,4.824565649032593,9018,0.0,0.0,100.0
3420,4.839011907577515,9018,0.0,0.0,100.0
3430,4.854241847991943,9018,0.0,0.0,100.0
3433,4.858440399169922,9018,0.0,0.0,100.0
3440,4.867883205413818,9018,0.0,0.0,100.0
3450,4.882401466369629,9018,0.0,0.0,100.0
3460,4.896730422973633,9018,0.0,0.0,100.0
3470,4.911537170410156,9018,0.0,0.0,100.0
3471,4.913253545761108,9018,0.0,0.0,100.0
3480,4.925333023071289,9018,0.0,0.0,100.0
3490,4.939138174057007,9018,0.0,0.0,100.0
3500,4.952215194702148,9018,0.0,0.0,100.0
3508,4.963372707366943,9018,0.0,0.0,100.0
3510,4.965744972229004,9018,0.0,0.0,100.0
3520,4.97845721244812,9018,0.0,0.0,100.0
3528,4.989548683166504,9018,0.0,0.0,100.0
3530,4.9920268058776855,9018,0.0,0.0,100.0
3540,5.005046129226685,9018,0.0,0.0,100.0
3550,5.017473220825195,9018,0.0,0.0,100.0
3560,5.033800363540649,9018,0.0,0.0,100.0
3562,5.037341117858887,9018,0.0,0.0,100.0
3570,5.0479912757873535,9018,0.0,0.0,100.0
3574,5.053760766983032,9018,0.0,0.0,100.0
3580,5.061726331710815,9018,0.0,0.0,100.0
3590,5.074858903884888,9018,0.0,0.0,100.0
3600,5.088962078094482,9018,0.0,0.0,100.0
3610,5.103289842605591,9018,0.0,0.0,100.0
3618,5.114860773086548,9018,0.0,0.0,100.0
3620,5.11778712272644,9018,0.0,0.0,100.0
3630,5.131653070449829,9018,0.0,0.0,100.0
3640,5.145822286605835,9018,0.0,0.0,100.0
3650,5.1606245040893555,9018,0.0,0.0,100.0
3651,5.162369012832642,9018,0.0,0.0,100.0
3660,5.17370343208313,9018,0.0,0.0,100.0
3670,5.189075708389282,9018,0.0,0.0,100.0
3680,5.204113721847534,9018,0.0,0.0,100.0
3688,5.21634316444397,9018,0.0,0.0,100.0
3690,5.218790769577026,9018,0.0,0.0,100.0
3700,5.232207298278809,9018,0.0,0.0,100.0
3710,5.245868921279907,9018,0.0,0.0,100.0
3720,5.261745452880859,9018,0.0,0.0,100.0
3730,5.2751641273498535,9018,0.0,0.0,100.0
3734,5.280927419662476,9018,0.0,0.0,100.0
3738,5.287032842636108,9018,0.0,0.0,100.0
3740,5.29022741317749,9018,0.0,0.0,100.0
3750,5.30445671081543,9018,0.0,0.0,100.0
3760,5.319363117218018,9018,0.0,0.0,100.0
3770,5.333978652954102,9018,0.0,0.0,100.0
3780,5.3484132289886475,9018,0.0,0.0,100.0
3787,5.359393358230591,9018,0.0,0.0,100.0
3790,5.363450765609741,9018,0.0,0.0,100.0
3800,5.377550363540649,9018,0.0,0.0,100.0
3810,5.390359878540039,9018,0.0,0.0,100.0
3820,5.404979467391968,9018,0.0,0.0,100.0
3830,5.419283866882324,9018,0.0,0.0,100.0
3839,5.432772636413574,9018,0.0,0.0,100.0
3840,5.434300899505615,9018,0.0,0.0,100.0
3849,5.447446346282959,9018,0.0,0.0,100.0
3850,5.448993921279907,9018,0.0,0.0,100.0
3860,5.461958408355713,9018,0.0,0.0,100.0
3870,5.4783196449279785,9018,0.0,0.0,100.0
3880,5.493333578109741,9018,0.0,0.0,100.0
3890,5.507559061050415,9018,0.0,0.0,100.0
3900,5.521571397781372,9018,0.0,0.0,100.0
3910,5.535463571548462,9018,0.0,0.0,100.0
3920,5.54831075668335,9018,0.0,0.0,100.0
3930,5.562053680419922,9018,0.0,0.0,100.0
3940,5.576552867889404,9018,0.0,0.0,100.0
3945,5.584439992904663,9018,0.0,0.0,100.0
3950,5.591501235961914,9018,0.0,0.0,100.0
3960,5.605754137039185,9018,0.0,0.0,100.0
3970,5.6201090812683105,9018,0.0,0.0,100.0
3974,5.62628698348999,9018,0.0,0.0,100.0
3980,5.634978771209717,9018,0.0,0.0,100.0
3982,5.638439416885376,9018,0.0,0.0,100.0
3990,5.651520252227783,9018,0.0,0.0,100.0
4000,5.6653687953948975,9018,0.0,0.0,100.0
4010,5.679559946060181,9018,0.0,0.0,100.0
4020,5.695322751998901,9018,0.0,0.0,100.0
4030,5.708975553512573,9018,0.0,0.0,100.0
4040,5.723344326019287,9018,0.0,0.0,100.0
4050,5.737411022186279,9018,0.0,0.0,100.0
4060,5.749685049057007,9018,0.0,0.0,100.0
4070,5.76467227935791,9018,0.0,0.0,100.0
4080,5.77759861946106,9018,0.0,0.0,100.0
4090,5.792417526245117,9018,0.0,0.0,100.0
4100,5.806447744369507,9018,0.0,0.0,100.0
4110,5.820920944213867,9018,0.0,0.0,100.0
4112,5.824242115020752,9018,0.0,0.0,100.0
4120,5.835294485092163,9018,0.0,0.0,100.0
4121,5.837114095687866,9019,0.0,0.0,100.0
4124,5.841935396194458,9019,0.0,0.0,100.0
4130,5.850772857666016,9019,0.0,0.0,100.0
4140,5.8653552532196045,9019,0.0,0.0,100.0
4150,5.879375219345093,9019,0.0,0.0,100.0
4160,5.894073009490967,9019,0.0,0.0,100.0
4170,5.908736944198608,9019,0.0,0.0,100.0
4180,5.922032117843628,9019,0.0,0.0,100.0
4190,5.935020446777344,9019,0.0,0.0,100.0
4200,5.948780298233032,9019,0.0,0.0,100.0
4204,5.955051898956299,9020,0.0,0.0,100.0
4210,5.964021682739258,9020,0.0,0.0,100.0
4220,5.976943731307983,9020,0.0,0.0,100.0
4230,5.990159749984741,9020,0.0,0.0,100.0
4240,6.002254962921143,9020,0.0,0.0,100.0
4250,6.015744686126709,9020,0.0,0.0,100.0
4260,6.029779672622681,9020,0.0,0.0,100.0
4270,6.044220685958862,9020,0.0,0.0,100.0
4280,6.058965444564819,9020,0.0,0.0,100.0
4290,6.07368016242981,9020,0.0,0.0,100.0
4300,6.0875184535980225,9020,0.0,0.0,100.0
4310,6.10127854347229,9020,0.0,0.0,100.0
4317,6.111392974853516,9020,0.0,0.0,100.0
4320,6.1152942180633545,9020,0.0,0.0,100.0
4330,6.130396127700806,9020,0.0,0.0,100.0
4340,6.144885063171387,9020,0.0,0.0,100.0
4350,6.160741567611694,9020,0.0,0.0,100.0
4352,6.16340184211731,9020,0.0,0.0,100.0
4360,6.173275709152222,9020,0.0,0.0,100.0
4370,6.186379671096802,9020,0.0,0.0,100.0
4380,6.201235771179199,9020,0.0,0.0,100.0
4388,6.213019132614136,9020,0.0,0.0,100.0
4390,6.215983629226685,9020,0.0,0.0,100.0
4400,6.22996973991394,9020,0.0,0.0,100.0
4410,6.242480754852295,9020,0.0,0.0,100.0
4420,6.257799863815308,9020,0.0,0.0,100.0
4430,6.274496078491211,9020,0.0,0.0,100.0
4440,6.287884950637817,9020,0.0,0.0,100.0
4450,6.300314903259277,9020,0.0,0.0,100.0
4451,6.302050590515137,9020,0.0,0.0,100.0
4460,6.314553499221802,9020,0.0,0.0,100.0
4462,6.317113637924194,9020,0.0,0.0,100.0
4470,6.328049659729004,9020,0.0,0.0,100.0
4480,6.34041166305542,9020,0.0,0.0,100.0
4490,6.354283094406128,9020,0.0,0.0,100.0
4500,6.367257356643677,9020,0.0,0.0,100.0
4510,6.381645202636719,9020,0.0,0.0,100.0
4520,6.396450519561768,9020,0.0,0.0,100.0
4530,6.411685466766357,9020,0.0,0.0,100.0
4540,6.426506280899048,9020,0.0,0.0,100.0
4550,6.442371129989624,9020,0.0,0.0,100.0
4559,6.456403493881226,9020,0.0,0.0,100.0
4560,6.457870244979858,9020,0.0,0.0,100.0
4570,6.4722349643707275,9020,0.0,0.0,100.0
4579,6.484987735748291,9020,0.0,0.0,100.0
4580,6.486504077911377,9020,0.0,0.0,100.0
4588,6.498445510864258,9020,0.0,0.0,100.0
4590,6.500837802886963,9020,0.0,0.0,100.0
4600,6.513979196548462,9020,0.0,0.0,100.0
4610,6.526468276977539,9020,0.0,0.0,100.0
4620,6.541117191314697,9020,0.0,0.0,100.0
4630,6.554827451705933,9020,0.0,0.0,100.0
4640,6.56858229637146,9020,0.0,0.0,100.0
4650,6.5827553272247314,9020,0.0,0.0,100.0
4660,6.598793029785156,9020,0.0,0.0,100.0
4670,6.613604545593262,9020,0.0,0.0,100.0
4680,6.629244089126587,9020,0.0,0.0,100.0
4690,6.644967079162598,9020,0.0,0.0,100.0
4700,6.660264253616333,9020,0.0,0.0,100.0
4702,6.663790702819824,9020,0.0,0.0,100.0
4710,6.674526214599609,9020,0.0,0.0,100.0
4720,6.688352346420288,9020,0.0,0.0,100.0
4730,6.700848340988159,9021,0.0,0.0,100.0
4740,6.714218378067017,9021,0.0,0.0,100.0
4750,6.728364706039429,9021,0.0,0.0,100.0
4760,6.743079662322998,9021,0.0,0.0,100.0
4770,6.758420944213867,9021,0.0,0.0,100.0
4776,6.768035411834717,9021,0.0,0.0,100.0
4780,6.773505449295044,9021,0.0,0.0,100.0
4785,6.781099796295166,9021,0.0,0.0,100.0
4790,6.78897500038147,9021,0.0,0.0,100.0
4800,6.8033647537231445,9021,0.0,0.0,100.0
4810,6.818636178970337,9021,0.0,0.0,100.0
4820,6.832537412643433,9021,0.0,0.0,100.0
4830,6.847355127334595,9021,0.0,0.0,100.0
4840,6.861955404281616,9021,0.0,0.0,100.0
4850,6.8763813972473145,9021,0.0,0.0,100.0
4860,6.890459060668945,9021,0.0,0.0,100.0
4870,6.904630661010742,9021,0.0,0.0,100.0
4880,6.919303894042969,9021,0.0,0.0,100.0
4890,6.934353351593018,9021,0.0,0.0,100.0
4900,6.948513746261597,9021,0.0,0.0,100.0
4910,6.9626922607421875,9021,0.0,0.0,100.0
4920,6.976922273635864,9021,0.0,0.0,100.0
4930,6.992163419723511,9021,0.0,0.0,100.0
4940,7.006858825683594,9021,0.0,0.0,100.0
4950,7.019675970077515,9021,0.0,0.0,100.0
4960,7.03312873840332,9021,0.0,0.0,100.0
4970,7.047837972640991,9021,0.0,0.0,100.0
4980,7.061970233917236,9021,0.0,0.0,100.0
4990,7.076708078384399,9021,0.0,0.0,100.0
5000,7.090743780136108,9021,0.0,0.0,100.0
5010,7.104279041290283,9021,0.0,0.0,100.0
5020,7.118940114974976,9021,0.0,0.0,100.0
5030,7.1325037479400635,9021,0.0,0.0,100.0
5040,7.144021511077881,9021,0.0,0.0,100.0
5044,7.149729490280151,9021,0.0,0.0,100.0
5050,7.1584131717681885,9021,0.0,0.0,100.0
5060,7.172057390213013,9021,0.0,0.0,100.0
5064,7.178086996078491,9021,0.0,0.0,100.0
5070,7.187519550323486,9021,0.0,0.0,100.0
5080,7.201885461807251,9021,0.0,0.0,100.0
5090,7.21905255317688,9021,0.0,0.0,100.0
5100,7.233426094055176,9021,0.0,0.0,100.0
5110,7.246992111206055,9021,0.0,0.0,100.0
5120,7.26196551322937,9021,0.0,0.0,100.0
5130,7.27600884437561,9021,0.0,0.0,100.0
5140,7.290837287902832,9021,0.0,0.0,100.0
5150,7.305516242980957,9021,0.0,0.0,100.0
5157,7.315448522567749,9022,0.0,0.0,100.0
5160,7.319532632827759,9022,0.0,0.0,100.0
5170,7.333724498748779,9022,0.0,0.0,100.0
5180,7.347113370895386,9022,0.0,0.0,100.0
5190,7.361053228378296,9022,0.0,0.0,100.0
5197,7.372909307479858,9022,0.0,0.0,100.0
5200,7.376436948776245,9022,0.0,0.0,100.0
5210,7.390521287918091,9022,0.0,0.0,100.0
5218,7.4030914306640625,9022,0.0,0.0,100.0
5220,7.406044244766235,9022,0.0,0.0,100.0
5223,7.41087007522583,9022,0.0,0.0,100.0
5230,7.421547174453735,9022,0.0,0.0,100.0
5240,7.43505072593689,9022,0.0,0.0,100.0
5250,7.450007677078247,9022,0.0,0.0,100.0
5260,7.464950084686279,9022,0.0,0.0,100.0
5270,7.480865240097046,9022,0.0,0.0,100.0
5273,7.484645843505859,9022,0.0,0.0,100.0
5280,7.495703935623169,9022,0.0,0.0,100.0
5290,7.510725498199463,9022,0.0,0.0,100.0
5300,7.524695158004761,9022,0.0,0.0,100.0
5310,7.538954973220825,9022,0.0,0.0,100.0
5320,7.553288459777832,9022,0.0,0.0,100.0
5330,7.568797588348389,9022,0.0,0.0,100.0
5340,7.582116603851318,9022,0.0,0.0,100.0
5350,7.59834361076355,9022,0.0,0.0,100.0
5360,7.6140124797821045,9022,0.0,0.0,100.0
5370,7.627816915512085,9022,0.0,0.0,100.0
5380,7.6432716846466064,9022,0.0,0.0,100.0
5390,7.6585493087768555,9022,0.0,0.0,100.0
5400,7.673137187957764,9022,0.0,0.0,100.0
5410,7.686017274856567,9022,0.0,0.0,100.0
5420,7.699352741241455,9022,0.0,0.0,100.0
5430,7.7131407260894775,9022,0.0,0.0,100.0
5440,7.727222919464111,9022,0.0,0.0,100.0
5450,7.740389108657837,9022,0.0,0.0,100.0
5460,7.754674434661865,9022,0.0,0.0,100.0
5470,7.7681238651275635,9022,0.0,0.0,100.0
5480,7.783300161361694,9022,0.0,0.0,100.0
5490,7.797649383544922,9022,0.0,0.0,100.0
5500,7.813194990158081,9022,0.0,0.0,100.0
5510,7.827922821044922,9022,0.0,0.0,100.0
5520,7.841005325317383,9022,0.0,0.0,100.0
5530,7.856153249740601,9022,0.0,0.0,100.0
5540,7.8712921142578125,9022,0.0,0.0,100.0
5550,7.886310815811157,9022,0.0,0.0,100.0
5560,7.901583909988403,9022,0.0,0.0,100.0
5570,7.916435241699219,9022,0.0,0.0,100.0
5576,7.925060033798218,9022,0.0,0.0,100.0
5580,7.931124448776245,9022,0.0,0.0,100.0
5590,7.9494242668151855,9022,0.0,0.0,100.0
5600,7.96426796913147,9022,0.0,0.0,100.0
5610,7.980017900466919,9022,0.0,0.0,100.0
5620,7.996498107910156,9022,0.0,0.0,100.0
5630,8.010375738143921,9022,0.0,0.0,100.0
5637,8.020120620727539,9022,0.0,0.0,100.0
5640,8.023988008499146,9022,0.0,0.0,100.0
5650,8.03880500793457,9022,0.0,0.0,100.0
5660,8.05270504951477,9022,0.0,0.0,100.0
5670,8.067332983016968,9022,0.0,0.0,100.0
5680,8.080090999603271,9022,0.0,0.0,100.0
5687,8.090882778167725,9022,0.0,0.0,100.0
5690,8.09568476676941,9022,0.0,0.0,100.0
5700,8.108941793441772,9022,0.0,0.0,100.0
5710,8.122690439224243,9022,0.0,0.0,100.0
5720,8.136016130447388,9022,0.0,0.0,100.0
5730,8.149921655654907,9022,0.0,0.0,100.0
5740,8.165073156356812,9022,0.0,0.0,100.0
5750,8.178897380828857,9022,0.0,0.0,100.0
5760,8.192856311798096,9022,0.0,0.0,100.0
5763,8.198274374008179,9022,0.0,0.0,100.0
5770,8.20803451538086,9022,0.0,0.0,100.0
5780,8.222381830215454,9022,0.0,0.0,100.0
5790,8.236838817596436,9022,0.0,0.0,100.0
5800,8.250343084335327,9022,0.0,0.0,100.0
5810,8.265441179275513,9022,0.0,0.0,100.0
5820,8.277447700500488,9022,0.0,0.0,100.0
5830,8.290082693099976,9022,0.0,0.0,100.0
5840,8.304717302322388,9022,0.0,0.0,100.0
5850,8.31886076927185,9022,0.0,0.0,100.0
5860,8.331855058670044,9022,0.0,0.0,100.0
5870,8.347129344940186,9022,0.0,0.0,100.0
5880,8.362505912780762,9022,0.0,0.0,100.0
5890,8.377474069595337,9022,0.0,0.0,100.0
5900,8.392861127853394,9022,0.0,0.0,100.0
5909,8.407016277313232,9022,0.0,0.0,100.0
5910,8.407955408096313,9022,0.0,0.0,100.0
5920,8.423136234283447,9022,0.0,0.0,100.0
5930,8.438075304031372,9022,0.0,0.0,100.0
5940,8.453399896621704,9022,0.0,0.0,100.0
5950,8.467995166778564,9022,0.0,0.0,100.0
5960,8.482158660888672,9022,0.0,0.0,100.0
5970,8.497574090957642,9022,0.0,0.0,100.0
5980,8.51184606552124,9022,0.0,0.0,100.0
5990,8.525873899459839,9022,0.0,0.0,100.0
6000,8.53878402709961,9022,0.0,0.0,100.0
6010,8.554033279418945,9022,0.0,0.0,100.0
6020,8.568177223205566,9022,0.0,0.0,100.0
6030,8.581002712249756,9022,0.0,0.0,100.0
6040,8.594343662261963,9022,0.0,0.0,100.0
6043,8.599379777908325,9023,0.0,0.0,100.0
6050,8.608851909637451,9023,0.0,0.0,100.0
6060,8.623120307922363,9023,0.0,0.0,100.0
6070,8.638161182403564,9023,0.0,0.0,100.0
6080,8.652007579803467,9023,0.0,0.0,100.0
6086,8.660967588424683,9024,0.0,0.0,100.0
6090,8.666478633880615,9024,0.0,0.0,100.0
6100,8.680302619934082,9024,0.0,0.0,100.0
6110,8.694578409194946,9024,0.0,0.0,100.0
6120,8.709760189056396,9024,0.0,0.0,100.0
6130,8.723707914352417,9024,0.0,0.0,100.0
6140,8.737622737884521,9024,0.0,0.0,100.0
6150,8.752029657363892,9024,0.0,0.0,100.0
6160,8.766457080841064,9024,0.0,0.0,100.0
6170,8.780938148498535,9024,0.0,0.0,100.0
6180,8.795486450195312,9024,0.0,0.0,100.0
6190,8.809803485870361,9024,0.0,0.0,100.0
6200,8.824053287506104,9024,0.0,0.0,100.0
6210,8.836456775665283,9024,0.0,0.0,100.0
6220,8.849796056747437,9024,0.0,0.0,100.0
6230,8.865122079849243,9024,0.0,0.0,100.0
6240,8.87868618965149,9024,0.0,0.0,100.0
6250,8.892814874649048,9024,0.0,0.0,100.0
6260,8.90673303604126,9024,0.0,0.0,100.0
6270,8.919985055923462,9024,0.0,0.0,100.0
6280,8.934786081314087,9024,0.0,0.0,100.0
6290,8.948745965957642,9024,0.0,0.0,100.0
6298,8.961066484451294,9025,0.0,0.0,100.0
6300,8.963414192199707,9025,0.0,0.0,100.0
6302,8.96605134010315,9026,0.0,0.0,100.0
6310,8.976763010025024,9026,0.0,0.0,100.0
6320,8.990022420883179,9026,0.0,0.0,100.0
6330,9.002052068710327,9026,0.0,0.0,100.0
6340,9.01531457901001,9026,0.0,0.0,100.0
6350,9.028477191925049,9026,0.0,0.0,100.0
6360,9.04298996925354,9026,0.0,0.0,100.0
6370,9.055574178695679,9026,0.0,0.0,100.0
6376,9.063599824905396,9026,0.0,0.0,100.0
6380,9.069483757019043,9026,0.0,0.0,100.0
6390,9.08230996131897,9026,0.0,0.0,100.0
6400,9.096062421798706,9026,0.0,0.0,100.0
6402,9.099298477172852,9026,0.0,0.0,100.0
6410,9.109023571014404,9026,0.0,0.0,100.0
6420,9.123692750930786,9026,0.0,0.0,100.0
6430,9.137401103973389,9026,0.0,0.0,100.0
6440,9.151143312454224,9026,0.0,0.0,100.0
6450,9.165125370025635,9026,0.0,0.0,100.0
6460,9.180137634277344,9026,0.0,0.0,100.0
6463,9.184329271316528,9026,0.0,0.0,100.0
6470,9.195311784744263,9026,0.0,0.0,100.0
6473,9.199652910232544,9027,0.0,0.0,100.0
6480,9.210340738296509,9027,0.0,0.0,100.0
6490,9.224607229232788,9027,0.0,0.0,100.0
6500,9.23765778541565,9027,0.0,0.0,100.0
6510,9.251700639724731,9027,0.0,0.0,100.0
6512,9.254977226257324,9027,0.0,0.0,100.0
6520,9.26861572265625,9027,0.0,0.0,100.0
6530,9.283069849014282,9027,0.0,0.0,100.0
6538,9.294398069381714,9027,0.0,0.0,100.0
6540,9.296811819076538,9027,0.0,0.0,100.0
6550,9.311414241790771,9027,0.0,0.0,100.0
6560,9.324005603790283,9027,0.0,0.0,100.0
6570,9.338263988494873,9027,0.0,0.0,100.0
6580,9.352513790130615,9027,0.0,0.0,100.0
6590,9.36624264717102,9027,0.0,0.0,100.0
6600,9.380950212478638,9027,0.0,0.0,100.0
6610,9.395175695419312,9027,0.0,0.0,100.0
6620,9.409894227981567,9027,0.0,0.0,100.0
6630,9.42433786392212,9027,0.0,0.0,100.0
6640,9.436794996261597,9027,0.0,0.0,100.0
6650,9.452036380767822,9027,0.0,0.0,100.0
6660,9.465864896774292,9027,0.0,0.0,100.0
6670,9.479914665222168,9027,0.0,0.0,100.0
6680,9.494274854660034,9027,0.0,0.0,100.0
6690,9.508344650268555,9027,0.0,0.0,100.0
6693,9.512130975723267,9027,0.0,0.0,100.0
6700,9.520654201507568,9027,0.0,0.0,100.0
6710,9.534939527511597,9027,0.0,0.0,100.0
6720,9.549264907836914,9027,0.0,0.0,100.0
6730,9.561474561691284,9027,0.0,0.0,100.0
6740,9.575233459472656,9027,0.0,0.0,100.0
6750,9.58935809135437,9027,0.0,0.0,100.0
6760,9.603139162063599,9027,0.0,0.0,100.0
6763,9.606725931167603,9028,0.0,0.0,100.0
6770,9.615573644638062,9028,0.0,0.0,100.0
6780,9.629112005233765,9028,0.0,0.0,100.0
6790,9.64285397529602,9028,0.0,0.0,100.0
6800,9.655709505081177,9028,0.0,0.0,100.0
6810,9.670894861221313,9028,0.0,0.0,100.0
6820,9.685271739959717,9028,0.0,0.0,100.0
6827,9.696269512176514,9028,0.0,0.0,100.0
6830,9.700416803359985,9028,0.0,0.0,100.0
6840,9.715415477752686,9028,0.0,0.0,100.0
6850,9.72785997390747,9029,0.0,0.0,100.0
6860,9.742842674255371,9029,0.0,0.0,100.0
6870,9.75556468963623,9029,0.0,0.0,100.0
6880,9.770327091217041,9029,0.0,0.0,100.0
6890,9.784480333328247,9029,0.0,0.0,100.0
6900,9.798006772994995,9029,0.0,0.0,100.0
6910,9.812670707702637,9029,0.0,0.0,100.0
6920,9.826869249343872,9029,0.0,0.0,100.0
6930,9.840140581130981,9029,0.0,0.0,100.0
6940,9.853659868240356,9029,0.0,0.0,100.0
6942,9.856454610824585,9029,0.0,0.0,100.0
6950,9.868144035339355,9029,0.0,0.0,100.0
6960,9.882568359375,9029,0.0,0.0,100.0
6970,9.896068811416626,9029,0.0,0.0,100.0
6980,9.910106420516968,9029,0.0,0.0,100.0
6990,9.923524618148804,9029,0.0,0.0,100.0
6995,9.930858612060547,9029,0.0,0.0,100.0
7000,9.937345504760742,9029,0.0,0.0,100.0
7010,9.951615571975708,9029,0.0,0.0,100.0
7020,9.966297149658203,9029,0.0,0.0,100.0
7030,9.981751203536987,9029,0.0,0.0,100.0
7037,9.992727279663086,9029,0.0,0.0,100.0
7040,9.995598793029785,9029,0.0,0.0,100.0
7048,10.007647275924683,9029,0.0,0.0,100.0
7050,10.0100679397583,9029,0.0,0.0,100.0
7060,10.024226188659668,9029,0.0,0.0,100.0
7070,10.040380716323853,9029,0.0,0.0,100.0
7080,10.05392336845398,9029,0.0,0.0,100.0
7090,10.067469358444214,9029,0.0,0.0,100.0
7100,10.082600593566895,9029,0.0,0.0,100.0
7110,10.096137762069702,9029,0.0,0.0,100.0
7120,10.109764337539673,9029,0.0,0.0,100.0
7130,10.123997449874878,9029,0.0,0.0,100.0
7140,10.137900352478027,9029,0.0,0.0,100.0
7150,10.153189420700073,9029,0.0,0.0,100.0
7160,10.167305707931519,9029,0.0,0.0,100.0
7170,10.182643413543701,9029,0.0,0.0,100.0
7180,10.196693420410156,9029,0.0,0.0,100.0
7190,10.211411237716675,9029,0.0,0.0,100.0
7200,10.225113868713379,9029,0.0,0.0,100.0
7209,10.238060235977173,9030,0.0,0.0,100.0
7210,10.2396080493927,9030,0.0,0.0,100.0
7211,10.241503715515137,9030,0.0,0.0,100.0
7220,10.253671646118164,9030,0.0,0.0,100.0
7226,10.262693405151367,9030,0.0,0.0,100.0
7230,10.268980741500854,9030,0.0,0.0,100.0
7240,10.284143447875977,9030,0.0,0.0,100.0
7250,10.296980857849121,9030,0.0,0.0,100.0
7260,10.308554887771606,9030,0.0,0.0,100.0
7270,10.321398973464966,9030,0.0,0.0,100.0
7280,10.334963083267212,9030,0.0,0.0,100.0
7290,10.349560022354126,9030,0.0,0.0,100.0
7300,10.36408257484436,9030,0.0,0.0,100.0
7310,10.377797365188599,9030,0.0,0.0,100.0
7320,10.391270875930786,9030,0.0,0.0,100.0
7330,10.40510630607605,9030,0.0,0.0,100.0
7340,10.41861343383789,9030,0.0,0.0,100.0
7350,10.432300806045532,9030,0.0,0.0,100.0
7360,10.445613622665405,9030,0.0,0.0,100.0
7370,10.4596266746521,9030,0.0,0.0,100.0
7380,10.472445487976074,9030,0.0,0.0,100.0
7390,10.486766815185547,9030,0.0,0.0,100.0
7400,10.500642776489258,9030,0.0,0.0,100.0
7410,10.514219522476196,9030,0.0,0.0,100.0
7420,10.529456853866577,9030,0.0,0.0,100.0
7430,10.543380737304688,9030,0.0,0.0,100.0
7432,10.546648740768433,9031,0.0,0.0,100.0
7433,10.548303127288818,9031,0.0,0.0,100.0
7440,10.557644844055176,9031,0.0,0.0,100.0
7450,10.570773839950562,9031,0.0,0.0,100.0
7460,10.584956169128418,9031,0.0,0.0,100.0
7470,10.59850287437439,9031,0.0,0.0,100.0
7480,10.613923072814941,9031,0.0,0.0,100.0
7490,10.625772714614868,9031,0.0,0.0,100.0
7500,10.642724752426147,9031,0.0,0.0,100.0
7510,10.662337064743042,9031,0.0,0.0,100.0
7520,10.677647352218628,9031,0.0,0.0,100.0
7530,10.692549467086792,9031,0.0,0.0,100.0
7540,10.704882383346558,9031,0.0,0.0,100.0
7550,10.718529462814331,9031,0.0,0.0,100.0
7560,10.732945919036865,9031,0.0,0.0,100.0
7570,10.747827529907227,9031,0.0,0.0,100.0
7580,10.761368751525879,9031,0.0,0.0,100.0
7590,10.775598764419556,9031,0.0,0.0,100.0
7600,10.790750503540039,9031,0.0,0.0,100.0
7604,10.797256231307983,9031,0.0,0.0,100.0
7610,10.806766033172607,9031,0.0,0.0,100.0
7620,10.82180905342102,9031,0.0,0.0,100.0
7630,10.83654499053955,9031,0.0,0.0,100.0
7640,10.850631475448608,9031,0.0,0.0,100.0
7650,10.868695974349976,9031,0.0,0.0,100.0
7658,10.884458065032959,9031,0.0,0.0,100.0
7660,10.886430501937866,9031,0.0,0.0,100.0
7670,10.901638269424438,9031,0.0,0.0,100.0
7680,10.923889398574829,9031,0.0,0.0,100.0
7690,10.940853118896484,9031,0.0,0.0,100.0
7700,10.961540222167969,9031,0.0,0.0,100.0
7710,10.975944519042969,9031,0.0,0.0,100.0
7720,10.990315675735474,9031,0.0,0.0,100.0
7730,11.004552841186523,9031,0.0,0.0,100.0
7740,11.018284320831299,9031,0.0,0.0,100.0
7750,11.03264331817627,9031,0.0,0.0,100.0
7760,11.047321796417236,9031,0.0,0.0,100.0
7770,11.061959981918335,9031,0.0,0.0,100.0
7780,11.076261758804321,9031,0.0,0.0,100.0
7790,11.092017412185669,9031,0.0,0.0,100.0
7800,11.107006788253784,9031,0.0,0.0,100.0
7810,11.12102746963501,9031,0.0,0.0,100.0
7820,11.134628057479858,9031,0.0,0.0,100.0
7830,11.148106575012207,9031,0.0,0.0,100.0
7840,11.163283586502075,9031,0.0,0.0,100.0
7850,11.178135871887207,9031,0.0,0.0,100.0
7860,11.19271969795227,9031,0.0,0.0,100.0
7870,11.206759452819824,9031,0.0,0.0,100.0
7880,11.221008062362671,9031,0.0,0.0,100.0
7890,11.234296321868896,9031,0.0,0.0,100.0
7900,11.24824857711792,9031,0.0,0.0,100.0
7910,11.262308120727539,9031,0.0,0.0,100.0
7920,11.278158903121948,9031,0.0,0.0,100.0
7930,11.291077136993408,9031,0.0,0.0,100.0
7940,11.305502653121948,9031,0.0,0.0,100.0
7950,11.319045305252075,9031,0.0,0.0,100.0
7952,11.322208881378174,9031,0.0,0.0,100.0
7955,11.32644510269165,9031,0.0,0.0,100.0
7960,11.332835674285889,9031,0.0,0.0,100.0
7970,11.346197366714478,9031,0.0,0.0,100.0
7980,11.360896110534668,9031,0.0,0.0,100.0
7986,11.368945121765137,9031,0.0,0.0,100.0
7990,11.374480724334717,9031,0.0,0.0,100.0
8000,11.388735055923462,9031,0.0,0.0,100.0
8010,11.402255058288574,9031,0.0,0.0,100.0
8020,11.4164297580719,9031,0.0,0.0,100.0
8030,11.431336402893066,9031,0.0,0.0,100.0
8040,11.444759845733643,9031,0.0,0.0,100.0
8050,11.456842184066772,9031,0.0,0.0,100.0
8060,11.47005581855774,9031,0.0,0.0,100.0
8070,11.483961820602417,9031,0.0,0.0,100.0
8080,11.496898889541626,9031,0.0,0.0,100.0
8090,11.511572360992432,9031,0.0,0.0,100.0
8100,11.525274515151978,9031,0.0,0.0,100.0
8110,11.538556575775146,9031,0.0,0.0,100.0
8120,11.55254054069519,9031,0.0,0.0,100.0
8130,11.565844774246216,9031,0.0,0.0,100.0
8140,11.579869270324707,9031,0.0,0.0,100.0
8150,11.593103885650635,9031,0.0,0.0,100.0
8160,11.606764793395996,9031,0.0,0.0,100.0
8170,11.620463371276855,9031,0.0,0.0,100.0
8180,11.636780738830566,9031,0.0,0.0,100.0
8190,11.649905681610107,9031,0.0,0.0,100.0
8200,11.664148807525635,9031,0.0,0.0,100.0
8210,11.678334951400757,9031,0.0,0.0,100.0
8220,11.691899299621582,9031,0.0,0.0,100.0
8230,11.706732034683228,9031,0.0,0.0,100.0
8240,11.720890522003174,9031,0.0,0.0,100.0
8250,11.734347581863403,9031,0.0,0.0,100.0
8260,11.747314691543579,9031,0.0,0.0,100.0
8270,11.760718584060669,9031,0.0,0.0,100.0
8280,11.775151252746582,9031,0.0,0.0,100.0
8284,11.78163766860962,9031,0.0,0.0,100.0
8290,11.790271282196045,9031,0.0,0.0,100.0
8300,11.805031061172485,9031,0.0,0.0,100.0
8304,11.810315132141113,9032,0.0,0.0,100.0
8305,11.812068223953247,9032,0.0,0.0,100.0
8310,11.81973934173584,9032,0.0,0.0,100.0
8320,11.834932088851929,9032,0.0,0.0,100.0
8330,11.849250078201294,9032,0.0,0.0,100.0
8340,11.864203929901123,9032,0.0,0.0,100.0
8350,11.879118204116821,9032,0.0,0.0,100.0
8360,11.893242359161377,9032,0.0,0.0,100.0
8370,11.90831971168518,9032,0.0,0.0,100.0
8380,11.921883583068848,9032,0.0,0.0,100.0
8390,11.935625553131104,9032,0.0,0.0,100.0
8400,11.950131893157959,9032,0.0,0.0,100.0
8410,11.963801860809326,9032,0.0,0.0,100.0
8420,11.978470087051392,9032,0.0,0.0,100.0
8430,11.993092060089111,9032,0.0,0.0,100.0
8440,12.006872653961182,9032,0.0,0.0,100.0
8450,12.020566701889038,9032,0.0,0.0,100.0
8460,12.035515069961548,9032,0.0,0.0,100.0
8470,12.049351453781128,9032,0.0,0.0,100.0
8480,12.063413619995117,9032,0.0,0.0,100.0
8490,12.077672004699707,9032,0.0,0.0,100.0
8500,12.090605020523071,9032,0.0,0.0,100.0
8510,12.105338096618652,9032,0.0,0.0,100.0
8520,12.118758201599121,9032,0.0,0.0,100.0
8530,12.132308006286621,9032,0.0,0.0,100.0
8540,12.146231174468994,9032,0.0,0.0,100.0
8550,12.16017484664917,9032,0.0,0.0,100.0
8560,12.174769639968872,9032,0.0,0.0,100.0
8570,12.188903570175171,9032,0.0,0.0,100.0
8580,12.20336103439331,9032,0.0,0.0,100.0
8590,12.218785285949707,9032,0.0,0.0,100.0
8591,12.220622539520264,9032,0.0,0.0,100.0
8600,12.23352861404419,9032,0.0,0.0,100.0
8610,12.247806549072266,9032,0.0,0.0,100.0
8620,12.261266946792603,9032,0.0,0.0,100.0
8630,12.277046918869019,9032,0.0,0.0,100.0
8640,12.293465614318848,9032,0.0,0.0,100.0
8650,12.3076491355896,9032,0.0,0.0,100.0
8660,12.321339845657349,9032,0.0,0.0,100.0
8667,12.331383228302002,9033,0.0,0.0,100.0
8670,12.335924863815308,9033,0.0,0.0,100.0
8680,12.351624488830566,9033,0.0,0.0,100.0
8690,12.36465573310852,9033,0.0,0.0,100.0
8700,12.377686023712158,9033,0.0,0.0,100.0
8710,12.392738103866577,9033,0.0,0.0,100.0
8719,12.406315565109253,9033,0.0,0.0,100.0
8720,12.407209873199463,9033,0.0,0.0,100.0
8730,12.422150135040283,9033,0.0,0.0,100.0
8740,12.436601161956787,9033,0.0,0.0,100.0
8750,12.44978404045105,9033,0.0,0.0,100.0
8760,12.462353229522705,9033,0.0,0.0,100.0
8770,12.476047992706299,9033,0.0,0.0,100.0
8780,12.488564014434814,9033,0.0,0.0,100.0
8790,12.502211332321167,9033,0.0,0.0,100.0
8800,12.514856576919556,9033,0.0,0.0,100.0
8810,12.530199527740479,9033,0.0,0.0,100.0
8812,12.533930540084839,9033,0.0,0.0,100.0
8820,12.545235872268677,9033,0.0,0.0,100.0
8830,12.558929681777954,9033,0.0,0.0,100.0
8835,12.566381454467773,9034,0.0,0.0,100.0
8840,12.572362899780273,9034,0.0,0.0,100.0
8850,12.586357593536377,9034,0.0,0.0,100.0
8860,12.600645303726196,9034,0.0,0.0,100.0
8870,12.615971088409424,9034,0.0,0.0,100.0
8880,12.629532814025879,9034,0.0,0.0,100.0
8890,12.644073009490967,9034,0.0,0.0,100.0
8900,12.659104824066162,9034,0.0,0.0,100.0
8910,12.673887252807617,9034,0.0,0.0,100.0
8915,12.680841445922852,9034,0.0,0.0,100.0
8920,12.687955856323242,9034,0.0,0.0,100.0
8930,12.703764915466309,9034,0.0,0.0,100.0
8940,12.71700119972229,9034,0.0,0.0,100.0
8950,12.73145604133606,9034,0.0,0.0,100.0
8960,12.745737791061401,9034,0.0,0.0,100.0
8970,12.759328603744507,9034,0.0,0.0,100.0
8980,12.774537801742554,9034,0.0,0.0,100.0
8990,12.788445711135864,9034,0.0,0.0,100.0
9000,12.800458908081055,9034,0.0,0.0,100.0
9010,12.815199613571167,9034,0.0,0.0,100.0
9020,12.829810857772827,9034,0.0,0.0,100.0
9030,12.843971490859985,9034,0.0,0.0,100.0
9040,12.856969356536865,9034,0.0,0.0,100.0
9050,12.871407747268677,9034,0.0,0.0,100.0
9060,12.886725187301636,9034,0.0,0.0,100.0
9070,12.899843454360962,9034,0.0,0.0,100.0
9080,12.912753105163574,9034,0.0,0.0,100.0
9083,12.917613744735718,9034,0.0,0.0,100.0
9090,12.927915573120117,9034,0.0,0.0,100.0
9098,12.938729524612427,9034,0.0,0.0,100.0
9100,12.941309690475464,9034,0.0,0.0,100.0
9110,12.953680753707886,9034,0.0,0.0,100.0
9120,12.967777490615845,9034,0.0,0.0,100.0
9130,12.981561422348022,9034,0.0,0.0,100.0
9140,12.995766162872314,9034,0.0,0.0,100.0
9144,13.002177238464355,9034,0.0,0.0,100.0
9150,13.011566162109375,9034,0.0,0.0,100.0
9160,13.025990962982178,9034,0.0,0.0,100.0
9170,13.040950298309326,9034,0.0,0.0,100.0
9180,13.054993629455566,9034,0.0,0.0,100.0
9190,13.071012020111084,9034,0.0,0.0,100.0
9200,13.083399295806885,9034,0.0,0.0,100.0
9210,13.094585657119751,9034,0.0,0.0,100.0
9220,13.10749101638794,9034,0.0,0.0,100.0
9230,13.121681451797485,9034,0.0,0.0,100.0
9240,13.135807037353516,9034,0.0,0.0,100.0
9250,13.148307800292969,9034,0.0,0.0,100.0
9260,13.164238929748535,9034,0.0,0.0,100.0
9270,13.179552555084229,9034,0.0,0.0,100.0
9280,13.194509267807007,9034,0.0,0.0,100.0
9290,13.208791732788086,9034,0.0,0.0,100.0
9300,13.223031997680664,9034,0.0,0.0,100.0
9310,13.238130569458008,9034,0.0,0.0,100.0
9320,13.252099514007568,9034,0.0,0.0,100.0
9330,13.26584792137146,9034,0.0,0.0,100.0
9340,13.282660007476807,9034,0.0,0.0,100.0
9350,13.296561479568481,9034,0.0,0.0,100.0
9360,13.309925079345703,9034,0.0,0.0,100.0
9370,13.32496976852417,9034,0.0,0.0,100.0
9380,13.339318037033081,9034,0.0,0.0,100.0
9390,13.354033470153809,9034,0.0,0.0,100.0
9400,13.368156671524048,9034,0.0,0.0,100.0
9410,13.382049083709717,9034,0.0,0.0,100.0
9420,13.395755529403687,9034,0.0,0.0,100.0
9430,13.409558296203613,9034,0.0,0.0,100.0
9437,13.421203374862671,9034,0.0,0.0,100.0
9440,13.425241231918335,9034,0.0,0.0,100.0
9444,13.431602239608765,9034,0.0,0.0,100.0
9450,13.440163135528564,9034,0.0,0.0,100.0
9460,13.454483032226562,9034,0.0,0.0,100.0
9470,13.468628168106079,9034,0.0,0.0,100.0
9480,13.482033967971802,9034,0.0,0.0,100.0
9490,13.493794679641724,9034,0.0,0.0,100.0
9500,13.507810115814209,9034,0.0,0.0,100.0
9510,13.520602226257324,9034,0.0,0.0,100.0
9520,13.53416633605957,9034,0.0,0.0,100.0
9530,13.54830002784729,9034,0.0,0.0,100.0
9540,13.564521789550781,9034,0.0,0.0,100.0
9550,13.577071905136108,9034,0.0,0.0,100.0
9560,13.59057331085205,9034,0.0,0.0,100.0
9570,13.604438304901123,9034,0.0,0.0,100.0
9580,13.617775678634644,9034,0.0,0.0,100.0
9590,13.630806922912598,9034,0.0,0.0,100.0
9591,13.632615089416504,9034,0.0,0.0,100.0
9600,13.646617650985718,9034,0.0,0.0,100.0
9610,13.660778760910034,9034,0.0,0.0,100.0
9620,13.674809217453003,9034,0.0,0.0,100.0
9630,13.689503908157349,9034,0.0,0.0,100.0
9640,13.701766014099121,9034,0.0,0.0,100.0
9649,13.715156078338623,9035,0.0,0.0,100.0
9650,13.716593980789185,9035,0.0,0.0,100.0
9660,13.730706453323364,9035,0.0,0.0,100.0
9670,13.744171857833862,9035,0.0,0.0,100.0
9680,13.757131099700928,9035,0.0,0.0,100.0
9690,13.770539999008179,9035,0.0,0.0,100.0
9700,13.784913778305054,9035,0.0,0.0,100.0
9710,13.797786951065063,9035,0.0,0.0,100.0
9720,13.81363582611084,9035,0.0,0.0,100.0
9730,13.82747745513916,9035,0.0,0.0,100.0
9740,13.84056568145752,9035,0.0,0.0,100.0
9744,13.845683574676514,9035,0.0,0.0,100.0
9750,13.853016138076782,9035,0.0,0.0,100.0
9760,13.867820978164673,9035,0.0,0.0,100.0
9770,13.882539987564087,9035,0.0,0.0,100.0
9780,13.897249221801758,9035,0.0,0.0,100.0
9790,13.910645484924316,9035,0.0,0.0,100.0
9800,13.925022840499878,9035,0.0,0.0,100.0
9810,13.938710689544678,9035,0.0,0.0,100.0
9820,13.951939582824707,9035,0.0,0.0,100.0
9830,13.9643394947052,9035,0.0,0.0,100.0
9840,13.977334260940552,9035,0.0,0.0,100.0
9850,13.9919114112854,9035,0.0,0.0,100.0
9860,14.004509210586548,9035,0.0,0.0,100.0
9870,14.019752740859985,9035,0.0,0.0,100.0
9880,14.034029245376587,9035,0.0,0.0,100.0
9890,14.046332597732544,9035,0.0,0.0,100.0
9895,14.053747177124023,9035,0.0,0.0,100.0
9900,14.061598062515259,9035,0.0,0.0,100.0
9910,14.075804233551025,9035,0.0,0.0,100.0
9920,14.08899736404419,9035,0.0,0.0,100.0
9930,14.102457761764526,9035,0.0,0.0,100.0
9940,14.117132425308228,9035,0.0,0.0,100.0
9950,14.131884574890137,9035,0.0,0.0,100.0
9960,14.145907878875732,9035,0.0,0.0,100.0
9970,14.159573554992676,9035,0.0,0.0,100.0
9980,14.172136306762695,9035,0.0,0.0,100.0
9990,14.185894012451172,9035,0.0,0.0,100.0
10000,14.200764894485474,9035,0.0,0.0,100.0
10010,14.215966701507568,9035,0.0,0.0,100.0
10020,14.230205059051514,9035,0.0,0.0,100.0
10030,14.243707656860352,9035,0.0,0.0,100.0
10040,14.256939888000488,9035,0.0,0.0,100.0
10050,14.272364616394043,9035,0.0,0.0,100.0
10060,14.289039611816406,9035,0.0,0.0,100.0
10070,14.302876234054565,9035,0.0,0.0,100.0
10080,14.316551208496094,9035,0.0,0.0,100.0
10090,14.330513954162598,9035,0.0,0.0,100.0
10100,14.344833612442017,9035,0.0,0.0,100.0
10110,14.35921335220337,9035,0.0,0.0,100.0
10120,14.37291669845581,9035,0.0,0.0,100.0
10130,14.388312339782715,9035,0.0,0.0,100.0
10140,14.402133703231812,9035,0.0,0.0,100.0
10150,14.415775060653687,9035,0.0,0.0,100.0
10160,14.432949542999268,9035,0.0,0.0,100.0
10170,14.447269678115845,9035,0.0,0.0,100.0
10180,14.462433576583862,9035,0.0,0.0,100.0
10181,14.464327096939087,9035,0.0,0.0,100.0
10190,14.476528406143188,9035,0.0,0.0,100.0
10200,14.490204095840454,9035,0.0,0.0,100.0
10210,14.505491495132446,9035,0.0,0.0,100.0
10220,14.518107652664185,9035,0.0,0.0,100.0
10230,14.532084941864014,9035,0.0,0.0,100.0
10240,14.545347452163696,9035,0.0,0.0,100.0
10250,14.559132814407349,9035,0.0,0.0,100.0
10260,14.573073625564575,9035,0.0,0.0,100.0
10270,14.587780475616455,9035,0.0,0.0,100.0
10280,14.60245680809021,9035,0.0,0.0,100.0
10290,14.618042945861816,9035,0.0,0.0,100.0
10295,14.625964403152466,9036,0.0,0.0,100.0
10300,14.63291621208191,9036,0.0,0.0,100.0
10310,14.646839380264282,9036,0.0,0.0,100.0
10320,14.660469770431519,9036,0.0,0.0,100.0
10330,14.67515516281128,9036,0.0,0.0,100.0
10340,14.689455509185791,9036,0.0,0.0,100.0
10350,14.703094005584717,9036,0.0,0.0,100.0
10360,14.717217922210693,9036,0.0,0.0,100.0
10370,14.7302086353302,9036,0.0,0.0,100.0
10380,14.743521451950073,9036,0.0,0.0,100.0
10390,14.757506847381592,9036,0.0,0.0,100.0
10400,14.773396730422974,9036,0.0,0.0,100.0
10410,14.78925895690918,9036,0.0,0.0,100.0
10420,14.802943468093872,9036,0.0,0.0,100.0
10428,14.815093994140625,9036,0.0,0.0,100.0
10430,14.817599296569824,9036,0.0,0.0,100.0
10440,14.83203673362732,9036,0.0,0.0,100.0
10450,14.845034837722778,9036,0.0,0.0,100.0
10460,14.859907388687134,9036,0.0,0.0,100.0
10470,14.876022100448608,9036,0.0,0.0,100.0
10480,14.891592502593994,9036,0.0,0.0,100.0
10490,14.905913829803467,9036,0.0,0.0,100.0
10500,14.920660257339478,9036,0.0,0.0,100.0
10510,14.934868812561035,9036,0.0,0.0,100.0
10516,14.94315218925476,9036,0.0,0.0,100.0
10518,14.946388721466064,9036,0.0,0.0,100.0
10520,14.948204517364502,9036,0.0,0.0,100.0
10530,14.96109914779663,9036,0.0,0.0,100.0
10540,14.975175380706787,9036,0.0,0.0,100.0
10550,14.990501880645752,9036,0.0,0.0,100.0
10560,15.00607705116272,9036,0.0,0.0,100.0
10570,15.019347906112671,9036,0.0,0.0,100.0
10580,15.034061908721924,9036,0.0,0.0,100.0
10590,15.048444986343384,9036,0.0,0.0,100.0
10600,15.06270694732666,9036,0.0,0.0,100.0
10610,15.077551364898682,9036,0.0,0.0,100.0
10620,15.092619895935059,9036,0.0,0.0,100.0
10630,15.107445240020752,9036,0.0,0.0,100.0
10640,15.122090816497803,9036,0.0,0.0,100.0
10650,15.13590955734253,9036,0.0,0.0,100.0
10660,15.150284051895142,9036,0.0,0.0,100.0
10670,15.164073705673218,9036,0.0,0.0,100.0
10680,15.180089712142944,9036,0.0,0.0,100.0
10690,15.193456411361694,9036,0.0,0.0,100.0
10700,15.208355903625488,9036,0.0,0.0,100.0
10710,15.223000764846802,9036,0.0,0.0,100.0
10720,15.237526893615723,9036,0.0,0.0,100.0
10730,15.252599000930786,9036,0.0,0.0,100.0
10740,15.266107559204102,9036,0.0,0.0,100.0
10750,15.279449462890625,9036,0.0,0.0,100.0
10760,15.294875621795654,9036,0.0,0.0,100.0
10770,15.30879020690918,9036,0.0,0.0,100.0
10780,15.323885679244995,9036,0.0,0.0,100.0
10790,15.336551666259766,9036,0.0,0.0,100.0
10800,15.348657608032227,9036,0.0,0.0,100.0
10810,15.36195683479309,9036,0.0,0.0,100.0
10811,15.363731145858765,9036,0.0,0.0,100.0
10820,15.375789880752563,9036,0.0,0.0,100.0
10830,15.390867233276367,9036,0.0,0.0,100.0
10831,15.39266586303711,9036,0.0,0.0,100.0
10840,15.40462040901184,9036,0.0,0.0,100.0
10850,15.418129444122314,9036,0.0,0.0,100.0
10860,15.432358026504517,9036,0.0,0.0,100.0
10870,15.446990251541138,9036,0.0,0.0,100.0
10880,15.46116018295288,9036,0.0,0.0,100.0
10890,15.475383996963501,9036,0.0,0.0,100.0
10900,15.4893319606781,9036,0.0,0.0,100.0
10910,15.503541469573975,9036,0.0,0.0,100.0
10920,15.517736434936523,9036,0.0,0.0,100.0
10930,15.533730030059814,9036,0.0,0.0,100.0
10940,15.548715829849243,9036,0.0,0.0,100.0
10950,15.562721252441406,9036,0.0,0.0,100.0
10960,15.577131032943726,9036,0.0,0.0,100.0
10970,15.592592000961304,9036,0.0,0.0,100.0
10978,15.604609966278076,9036,0.0,0.0,100.0
10980,15.607697010040283,9036,0.0,0.0,100.0
10990,15.622016191482544,9036,0.0,0.0,100.0
11000,15.634413480758667,9036,0.0,0.0,100.0
11010,15.649102210998535,9036,0.0,0.0,100.0
11020,15.66458249092102,9036,0.0,0.0,100.0
11030,15.67797327041626,9036,0.0,0.0,100.0
11040,15.691215991973877,9036,0.0,0.0,100.0
11050,15.705546140670776,9036,0.0,0.0,100.0
11060,15.721698522567749,9036,0.0,0.0,100.0
11070,15.73660922050476,9036,0.0,0.0,100.0
11077,15.747739791870117,9036,0.0,0.0,100.0
11080,15.75231671333313,9036,0.0,0.0,100.0
11090,15.765669345855713,9036,0.0,0.0,100.0
11100,15.779079914093018,9036,0.0,0.0,100.0
11110,15.792153596878052,9036,0.0,0.0,100.0
11120,15.806948184967041,9036,0.0,0.0,100.0
11130,15.821152687072754,9036,0.0,0.0,100.0
11140,15.834684610366821,9036,0.0,0.0,100.0
11150,15.846743822097778,9036,0.0,0.0,100.0
11157,15.857587575912476,9037,0.0,0.0,100.0
11160,15.861591815948486,9037,0.0,0.0,100.0
11170,15.876482963562012,9037,0.0,0.0,100.0
11180,15.891151189804077,9037,0.0,0.0,100.0
11190,15.905461549758911,9037,0.0,0.0,100.0
11200,15.919071435928345,9037,0.0,0.0,100.0
11210,15.933940410614014,9037,0.0,0.0,100.0
11220,15.947532653808594,9037,0.0,0.0,100.0
11230,15.962310314178467,9037,0.0,0.0,100.0
11240,15.97646164894104,9037,0.0,0.0,100.0
11250,15.990440845489502,9037,0.0,0.0,100.0
11260,16.00377607345581,9037,0.0,0.0,100.0
11270,16.01630663871765,9037,0.0,0.0,100.0
11280,16.03003430366516,9037,0.0,0.0,100.0
11290,16.043033361434937,9037,0.0,0.0,100.0
11300,16.056596517562866,9037,0.0,0.0,100.0
11310,16.07017421722412,9037,0.0,0.0,100.0
11320,16.081985235214233,9037,0.0,0.0,100.0
11330,16.095436811447144,9037,0.0,0.0,100.0
11340,16.10894203186035,9037,0.0,0.0,100.0
11350,16.12100911140442,9037,0.0,0.0,100.0
11360,16.134582042694092,9037,0.0,0.0,100.0
11370,16.149799823760986,9037,0.0,0.0,100.0
11380,16.164423942565918,9037,0.0,0.0,100.0
11390,16.178999185562134,9037,0.0,0.0,100.0
11400,16.192519664764404,9037,0.0,0.0,100.0
11410,16.20710062980652,9037,0.0,0.0,100.0
11420,16.22138786315918,9037,0.0,0.0,100.0
11430,16.23497176170349,9037,0.0,0.0,100.0
11440,16.248411417007446,9037,0.0,0.0,100.0
11450,16.26012897491455,9037,0.0,0.0,100.0
11460,16.274304389953613,9037,0.0,0.0,100.0
11468,16.28844428062439,9037,0.0,0.0,100.0
11470,16.291760206222534,9037,0.0,0.0,100.0
11480,16.306301832199097,9037,0.0,0.0,100.0
11490,16.321109533309937,9037,0.0,0.0,100.0
11500,16.334624767303467,9037,0.0,0.0,100.0
11507,16.345059156417847,9037,0.0,0.0,100.0
11510,16.34854221343994,9037,0.0,0.0,100.0
11520,16.362447500228882,9038,0.0,0.0,100.0
11530,16.376086711883545,9038,0.0,0.0,100.0
11540,16.389825582504272,9038,0.0,0.0,100.0
11550,16.40480351448059,9038,0.0,0.0,100.0
11558,16.41701602935791,9038,0.0,0.0,100.0
11560,16.419467449188232,9038,0.0,0.0,100.0
11570,16.433638334274292,9038,0.0,0.0,100.0
11580,16.44824504852295,9038,0.0,0.0,100.0
11583,16.453052759170532,9038,0.0,0.0,100.0
11590,16.46308732032776,9038,0.0,0.0,100.0
11600,16.478674173355103,9038,0.0,0.0,100.0
11605,16.485322952270508,9038,0.0,0.0,100.0
11610,16.49115753173828,9038,0.0,0.0,100.0
11620,16.505648612976074,9038,0.0,0.0,100.0
11621,16.50754165649414,9038,0.0,0.0,100.0
11630,16.520328283309937,9038,0.0,0.0,100.0
11640,16.533194303512573,9038,0.0,0.0,100.0
11650,16.546588897705078,9038,0.0,0.0,100.0
11660,16.560724020004272,9038,0.0,0.0,100.0
11670,16.575780391693115,9038,0.0,0.0,100.0
11680,16.591261386871338,9038,0.0,0.0,100.0
11690,16.60528826713562,9038,0.0,0.0,100.0
11700,16.61883234977722,9038,0.0,0.0,100.0
11710,16.631378650665283,9038,0.0,0.0,100.0
11720,16.646507740020752,9038,0.0,0.0,100.0
11723,16.651363372802734,9038,0.0,0.0,100.0
11730,16.661474466323853,9038,0.0,0.0,100.0
11740,16.675265073776245,9038,0.0,0.0,100.0
11750,16.69007921218872,9038,0.0,0.0,100.0
11760,16.704330682754517,9038,0.0,0.0,100.0
11770,16.718345880508423,9038,0.0,0.0,100.0
11780,16.73115634918213,9038,0.0,0.0,100.0
11790,16.745842456817627,9038,0.0,0.0,100.0
11800,16.761149644851685,9038,0.0,0.0,100.0
11810,16.77556347846985,9038,0.0,0.0,100.0
11820,16.790512800216675,9038,0.0,0.0,100.0
11830,16.805198669433594,9038,0.0,0.0,100.0
11840,16.81936812400818,9038,0.0,0.0,100.0
11850,16.832645893096924,9038,0.0,0.0,100.0
11860,16.847400426864624,9038,0.0,0.0,100.0
11870,16.861659049987793,9038,0.0,0.0,100.0
11880,16.874033451080322,9038,0.0,0.0,100.0
11890,16.888742208480835,9038,0.0,0.0,100.0
11900,16.903409719467163,9038,0.0,0.0,100.0
11910,16.916353225708008,9038,0.0,0.0,100.0
11920,16.93096375465393,9038,0.0,0.0,100.0
11930,16.944437980651855,9038,0.0,0.0,100.0
11940,16.95856285095215,9038,0.0,0.0,100.0
11950,16.975321769714355,9038,0.0,0.0,100.0
11960,16.988909244537354,9038,0.0,0.0,100.0
11970,17.00222945213318,9038,0.0,0.0,100.0
11980,17.01701307296753,9038,0.0,0.0,100.0
11990,17.0317702293396,9038,0.0,0.0,100.0
12000,17.045324325561523,9038,0.0,0.0,100.0
12010,17.05946636199951,9038,0.0,0.0,100.0
12020,17.07329797744751,9038,0.0,0.0,100.0
12030,17.088274717330933,9038,0.0,0.0,100.0
12040,17.10217785835266,9038,0.0,0.0,100.0
12050,17.117376804351807,9038,0.0,0.0,100.0
12060,17.130515336990356,9038,0.0,0.0,100.0
12069,17.14422297477722,9038,0.0,0.0,100.0
12070,17.145707607269287,9038,0.0,0.0,100.0
12080,17.159475326538086,9038,0.0,0.0,100.0
12090,17.173234939575195,9038,0.0,0.0,100.0
12100,17.1870276927948,9038,0.0,0.0,100.0
12110,17.202049732208252,9038,0.0,0.0,100.0
12115,17.20997953414917,9038,0.0,0.0,100.0
12120,17.215993404388428,9038,0.0,0.0,100.0
12130,17.230323314666748,9038,0.0,0.0,100.0
12140,17.244817972183228,9038,0.0,0.0,100.0
12150,17.259221076965332,9038,0.0,0.0,100.0
12160,17.27181315422058,9038,0.0,0.0,100.0
12170,17.285877227783203,9038,0.0,0.0,100.0
12180,17.301743507385254,9038,0.0,0.0,100.0
12190,17.31425189971924,9038,0.0,0.0,100.0
12200,17.327769994735718,9038,0.0,0.0,100.0
12210,17.34234118461609,9038,0.0,0.0,100.0
12220,17.356606006622314,9038,0.0,0.0,100.0
12230,17.37149405479431,9038,0.0,0.0,100.0
12240,17.38525080680847,9038,0.0,0.0,100.0
12250,17.39957594871521,9038,0.0,0.0,100.0
12260,17.4144127368927,9038,0.0,0.0,100.0
12270,17.428813695907593,9038,0.0,0.0,100.0
12280,17.443758487701416,9038,0.0,0.0,100.0
12290,17.45778226852417,9038,0.0,0.0,100.0
12300,17.472105503082275,9038,0.0,0.0,100.0
12310,17.48559308052063,9038,0.0,0.0,100.0
12320,17.49885368347168,9038,0.0,0.0,100.0
12330,17.512880325317383,9038,0.0,0.0,100.0
12340,17.52788782119751,9038,0.0,0.0,100.0
12350,17.54265809059143,9038,0.0,0.0,100.0
12360,17.557856798171997,9038,0.0,0.0,100.0
12370,17.573084354400635,9038,0.0,0.0,100.0
12380,17.587768077850342,9038,0.0,0.0,100.0
12390,17.604090452194214,9038,0.0,0.0,100.0
12400,17.61774206161499,9038,0.0,0.0,100.0
12410,17.631917476654053,9038,0.0,0.0,100.0
12420,17.64726185798645,9038,0.0,0.0,100.0
12430,17.659684658050537,9038,0.0,0.0,100.0
12440,17.674005031585693,9038,0.0,0.0,100.0
12450,17.688241243362427,9038,0.0,0.0,100.0
12460,17.70263934135437,9038,0.0,0.0,100.0
12470,17.717665195465088,9038,0.0,0.0,100.0
12480,17.730119943618774,9038,0.0,0.0,100.0
12490,17.74489140510559,9038,0.0,0.0,100.0
12500,17.759029626846313,9038,0.0,0.0,100.0
12510,17.773958444595337,9038,0.0,0.0,100.0
12520,17.787713527679443,9038,0.0,0.0,100.0
12530,17.80179262161255,9038,0.0,0.0,100.0
12540,17.815600395202637,9038,0.0,0.0,100.0
12550,17.829842805862427,9038,0.0,0.0,100.0
12560,17.84274673461914,9038,0.0,0.0,100.0
12570,17.85792064666748,9038,0.0,0.0,100.0
12580,17.87265682220459,9038,0.0,0.0,100.0
12590,17.889633655548096,9038,0.0,0.0,100.0
12600,17.90489411354065,9038,0.0,0.0,100.0
12610,17.919371604919434,9038,0.0,0.0,100.0
12620,17.934072732925415,9038,0.0,0.0,100.0
12630,17.95064663887024,9038,0.0,0.0,100.0
12640,17.961950063705444,9038,0.0,0.0,100.0
12650,17.97587537765503,9038,0.0,0.0,100.0
12660,17.98965048789978,9038,0.0,0.0,100.0
12670,18.005918979644775,9038,0.0,0.0,100.0
12673,18.0110445022583,9038,0.0,0.0,100.0
12680,18.020832061767578,9038,0.0,0.0,100.0
12690,18.03663158416748,9038,0.0,0.0,100.0
12700,18.050459623336792,9038,0.0,0.0,100.0
12710,18.06560730934143,9038,0.0,0.0,100.0
12720,18.07965922355652,9038,0.0,0.0,100.0
12730,18.093433618545532,9038,0.0,0.0,100.0
12740,18.107468605041504,9038,0.0,0.0,100.0
12750,18.12335968017578,9038,0.0,0.0,100.0
12760,18.137916326522827,9038,0.0,0.0,100.0
12770,18.152191400527954,9038,0.0,0.0,100.0
12780,18.167688608169556,9038,0.0,0.0,100.0
12790,18.18099355697632,9038,0.0,0.0,100.0
12800,18.195497751235962,9038,0.0,0.0,100.0
12802,18.199068546295166,9039,0.0,0.0,100.0
12810,18.211024045944214,9039,0.0,0.0,100.0
12820,18.226222276687622,9039,0.0,0.0,100.0
12830,18.23981022834778,9039,0.0,0.0,100.0
12840,18.252155303955078,9039,0.0,0.0,100.0
12850,18.26679825782776,9039,0.0,0.0,100.0
12860,18.281140565872192,9039,0.0,0.0,100.0
12870,18.295496463775635,9039,0.0,0.0,100.0
12880,18.310274124145508,9039,0.0,0.0,100.0
12890,18.3255717754364,9039,0.0,0.0,100.0
12900,18.340438842773438,9039,0.0,0.0,100.0
12910,18.354409217834473,9039,0.0,0.0,100.0
12920,18.367020845413208,9039,0.0,0.0,100.0
12930,18.381627559661865,9039,0.0,0.0,100.0
12940,18.395787239074707,9039,0.0,0.0,100.0
12950,18.410417318344116,9039,0.0,0.0,100.0
12960,18.424375295639038,9039,0.0,0.0,100.0
12970,18.437546253204346,9039,0.0,0.0,100.0
12980,18.45273494720459,9039,0.0,0.0,100.0
12990,18.46687912940979,9039,0.0,0.0,100.0
13000,18.481244325637817,9039,0.0,0.0,100.0
13010,18.494123697280884,9039,0.0,0.0,100.0
13020,18.506544589996338,9039,0.0,0.0,100.0
13030,18.520784378051758,9039,0.0,0.0,100.0
13040,18.535035133361816,9039,0.0,0.0,100.0
13050,18.54926323890686,9039,0.0,0.0,100.0
13057,18.56107187271118,9039,0.0,0.0,100.0
13060,18.565134286880493,9039,0.0,0.0,100.0
13070,18.58014154434204,9039,0.0,0.0,100.0
13080,18.595789909362793,9039,0.0,0.0,100.0
13090,18.610398530960083,9039,0.0,0.0,100.0
13100,18.62696647644043,9039,0.0,0.0,100.0
13110,18.639191150665283,9039,0.0,0.0,100.0
13115,18.64767622947693,9039,0.0,0.0,100.0
13120,18.6544406414032,9039,0.0,0.0,100.0
13130,18.66949701309204,9039,0.0,0.0,100.0
13140,18.684865951538086,9039,0.0,0.0,100.0
13150,18.69698691368103,9039,0.0,0.0,100.0
13160,18.71188187599182,9039,0.0,0.0,100.0
13170,18.727319478988647,9039,0.0,0.0,100.0
13180,18.74101185798645,9039,0.0,0.0,100.0
13190,18.7561297416687,9039,0.0,0.0,100.0
13200,18.770386457443237,9039,0.0,0.0,100.0
13210,18.783825874328613,9039,0.0,0.0,100.0
13220,18.799572944641113,9039,0.0,0.0,100.0
13230,18.81315803527832,9039,0.0,0.0,100.0
13240,18.827027082443237,9039,0.0,0.0,100.0
13250,18.8418288230896,9039,0.0,0.0,100.0
13260,18.856335401535034,9039,0.0,0.0,100.0
13270,18.87073564529419,9039,0.0,0.0,100.0
13280,18.885364055633545,9039,0.0,0.0,100.0
13290,18.89998173713684,9039,0.0,0.0,100.0
13300,18.91437339782715,9039,0.0,0.0,100.0
13310,18.92952609062195,9039,0.0,0.0,100.0
13320,18.944437503814697,9039,0.0,0.0,100.0
13330,18.960536241531372,9039,0.0,0.0,100.0
13340,18.977111339569092,9039,0.0,0.0,100.0
13350,18.9910671710968,9039,0.0,0.0,100.0
13360,19.004926919937134,9039,0.0,0.0,100.0
13370,19.019569873809814,9039,0.0,0.0,100.0
13371,19.021296501159668,9040,0.0,0.0,100.0
13380,19.034772157669067,9040,0.0,0.0,100.0
13390,19.04916477203369,9040,0.0,0.0,100.0
13400,19.06186532974243,9040,0.0,0.0,100.0
13410,19.076905727386475,9040,0.0,0.0,100.0
13420,19.090319633483887,9040,0.0,0.0,100.0
13430,19.10405945777893,9040,0.0,0.0,100.0
13440,19.11745595932007,9040,0.0,0.0,100.0
13450,19.131033897399902,9040,0.0,0.0,100.0
13460,19.144762992858887,9040,0.0,0.0,100.0
13470,19.159538507461548,9040,0.0,0.0,100.0
13480,19.17415165901184,9040,0.0,0.0,100.0
13490,19.189071655273438,9040,0.0,0.0,100.0
13500,19.20282816886902,9040,0.0,0.0,100.0
13510,19.219122886657715,9040,0.0,0.0,100.0
13520,19.232702016830444,9040,0.0,0.0,100.0
13530,19.246314764022827,9040,0.0,0.0,100.0
13540,19.25955581665039,9040,0.0,0.0,100.0
13550,19.273704767227173,9040,0.0,0.0,100.0
13552,19.276979207992554,9040,0.0,0.0,100.0
13560,19.287041425704956,9040,0.0,0.0,100.0
13570,19.30322527885437,9040,0.0,0.0,100.0
13580,19.318044424057007,9040,0.0,0.0,100.0
13590,19.331685781478882,9040,0.0,0.0,100.0
13600,19.345863580703735,9040,0.0,0.0,100.0
13610,19.35906195640564,9040,0.0,0.0,100.0
13620,19.373561143875122,9040,0.0,0.0,100.0
13630,19.388070106506348,9040,0.0,0.0,100.0
13640,19.399983644485474,9040,0.0,0.0,100.0
13650,19.415448904037476,9040,0.0,0.0,100.0
13660,19.429768562316895,9040,0.0,0.0,100.0
13670,19.443572998046875,9040,0.0,0.0,100.0
13680,19.458274126052856,9040,0.0,0.0,100.0
13690,19.472716569900513,9040,0.0,0.0,100.0
13699,19.484694719314575,9040,0.0,0.0,100.0
13700,19.486243963241577,9040,0.0,0.0,100.0
13710,19.501270294189453,9040,0.0,0.0,100.0
13720,19.51406502723694,9040,0.0,0.0,100.0
13730,19.529499292373657,9040,0.0,0.0,100.0
13740,19.543172597885132,9040,0.0,0.0,100.0
13750,19.558539867401123,9040,0.0,0.0,100.0
13760,19.570549249649048,9040,0.0,0.0,100.0
13770,19.58723473548889,9040,0.0,0.0,100.0
13780,19.60054349899292,9040,0.0,0.0,100.0
13790,19.614816427230835,9040,0.0,0.0,100.0
13800,19.628449201583862,9040,0.0,0.0,100.0
13810,19.6416757106781,9040,0.0,0.0,100.0
13820,19.656657934188843,9040,0.0,0.0,100.0
13830,19.67105197906494,9040,0.0,0.0,100.0
13840,19.685988426208496,9040,0.0,0.0,100.0
13850,19.70179271697998,9040,0.0,0.0,100.0
13860,19.716848850250244,9040,0.0,0.0,100.0
13870,19.73174548149109,9040,0.0,0.0,100.0
13880,19.745532035827637,9040,0.0,0.0,100.0
13890,19.7615704536438,9040,0.0,0.0,100.0
13900,19.776326894760132,9040,0.0,0.0,100.0
13910,19.790318965911865,9040,0.0,0.0,100.0
13920,19.80371332168579,9040,0.0,0.0,100.0
13925,19.8116295337677,9041,0.0,0.0,100.0
13930,19.81930947303772,9041,0.0,0.0,100.0
13940,19.83241295814514,9041,0.0,0.0,100.0
13950,19.8451931476593,9041,0.0,0.0,100.0
13960,19.858630895614624,9041,0.0,0.0,100.0
13970,19.87371516227722,9041,0.0,0.0,100.0
13980,19.889085054397583,9041,0.0,0.0,100.0
13990,19.902645111083984,9041,0.0,0.0,100.0
14000,19.91775393486023,9041,0.0,0.0,100.0
14010,19.932806253433228,9041,0.0,0.0,100.0
14020,19.946151733398438,9041,0.0,0.0,100.0
14030,19.959303855895996,9041,0.0,0.0,100.0
14040,19.973817110061646,9041,0.0,0.0,100.0
14050,19.988986492156982,9041,0.0,0.0,100.0
14060,20.001755714416504,9041,0.0,0.0,100.0
14070,20.015315532684326,9041,0.0,0.0,100.0
14080,20.02880048751831,9041,0.0,0.0,100.0
14090,20.04241967201233,9041,0.0,0.0,100.0
14100,20.05803918838501,9041,0.0,0.0,100.0
14110,20.073049306869507,9041,0.0,0.0,100.0
14120,20.08803653717041,9041,0.0,0.0,100.0
14127,20.097777605056763,9041,0.0,0.0,100.0
14130,20.101813316345215,9041,0.0,0.0,100.0
14140,20.11662220954895,9041,0.0,0.0,100.0
14150,20.131245374679565,9041,0.0,0.0,100.0
14160,20.14519500732422,9041,0.0,0.0,100.0
14170,20.15890073776245,9041,0.0,0.0,100.0
14180,20.175965785980225,9041,0.0,0.0,100.0
14190,20.19217586517334,9041,0.0,0.0,100.0
14200,20.206332683563232,9041,0.0,0.0,100.0
14210,20.22016143798828,9041,0.0,0.0,100.0
14220,20.235491037368774,9041,0.0,0.0,100.0
14230,20.249743223190308,9041,0.0,0.0,100.0
14240,20.262134075164795,9041,0.0,0.0,100.0
14250,20.27564263343811,9041,0.0,0.0,100.0
14260,20.29024386405945,9041,0.0,0.0,100.0
14270,20.30676579475403,9041,0.0,0.0,100.0
14280,20.320982217788696,9041,0.0,0.0,100.0
14290,20.334854125976562,9041,0.0,0.0,100.0
14300,20.347226858139038,9041,0.0,0.0,100.0
14310,20.361618518829346,9041,0.0,0.0,100.0
14320,20.375802993774414,9041,0.0,0.0,100.0
14330,20.391040802001953,9041,0.0,0.0,100.0
14340,20.405375003814697,9041,0.0,0.0,100.0
14350,20.41928720474243,9041,0.0,0.0,100.0
14360,20.433038234710693,9041,0.0,0.0,100.0
14370,20.446974754333496,9041,0.0,0.0,100.0
14380,20.46039390563965,9041,0.0,0.0,100.0
14390,20.473495960235596,9041,0.0,0.0,100.0
14400,20.488276481628418,9041,0.0,0.0,100.0
14410,20.502540826797485,9041,0.0,0.0,100.0
14420,20.516671657562256,9041,0.0,0.0,100.0
14430,20.53139066696167,9041,0.0,0.0,100.0
14440,20.54598879814148,9041,0.0,0.0,100.0
14450,20.56003499031067,9041,0.0,0.0,100.0
14460,20.57408571243286,9041,0.0,0.0,100.0
14470,20.590119123458862,9041,0.0,0.0,100.0
14480,20.605704307556152,9041,0.0,0.0,100.0
14490,20.619661808013916,9041,0.0,0.0,100.0
14494,20.626087188720703,9041,0.0,0.0,100.0
14500,20.63480234146118,9041,0.0,0.0,100.0
14510,20.653883457183838,9041,0.0,0.0,100.0
14520,20.66968011856079,9041,0.0,0.0,100.0
14530,20.6828453540802,9041,0.0,0.0,100.0
14540,20.697149753570557,9041,0.0,0.0,100.0
14550,20.7097647190094,9041,0.0,0.0,100.0
14560,20.724374771118164,9041,0.0,0.0,100.0
14570,20.738008499145508,9041,0.0,0.0,100.0
14580,20.754878759384155,9041,0.0,0.0,100.0
14590,20.770399570465088,9041,0.0,0.0,100.0
14600,20.785095930099487,9041,0.0,0.0,100.0
14610,20.798707008361816,9041,0.0,0.0,100.0
14617,20.80997395515442,9041,0.0,0.0,100.0
14620,20.813525438308716,9041,0.0,0.0,100.0
14630,20.8297758102417,9041,0.0,0.0,100.0
14640,20.845172882080078,9041,0.0,0.0,100.0
14650,20.85949683189392,9041,0.0,0.0,100.0
14660,20.87852191925049,9041,0.0,0.0,100.0
14670,20.895968914031982,9041,0.0,0.0,100.0
14680,20.915571689605713,9041,0.0,0.0,100.0
14690,20.93231177330017,9041,0.0,0.0,100.0
14700,20.94864249229431,9041,0.0,0.0,100.0
14710,20.965149879455566,9041,0.0,0.0,100.0
14720,20.978569269180298,9041,0.0,0.0,100.0
14730,20.991000175476074,9041,0.0,0.0,100.0
14740,21.005207538604736,9041,0.0,0.0,100.0
14750,21.02017831802368,9041,0.0,0.0,100.0
14760,21.034950733184814,9041,0.0,0.0,100.0
14770,21.0490665435791,9041,0.0,0.0,100.0
14780,21.062657594680786,9041,0.0,0.0,100.0
14782,21.066092252731323,9042,0.0,0.0,100.0
14790,21.07667827606201,9042,0.0,0.0,100.0
14800,21.090317487716675,9042,0.0,0.0,100.0
14810,21.104557275772095,9042,0.0,0.0,100.0
14820,21.118245601654053,9042,0.0,0.0,100.0
14830,21.13293981552124,9042,0.0,0.0,100.0
14840,21.14766526222229,9042,0.0,0.0,100.0
14850,21.162593841552734,9042,0.0,0.0,100.0
14860,21.176506519317627,9042,0.0,0.0,100.0
14870,21.190739631652832,9042,0.0,0.0,100.0
14880,21.20473861694336,9042,0.0,0.0,100.0
14890,21.21912670135498,9042,0.0,0.0,100.0
14900,21.232807636260986,9042,0.0,0.0,100.0
14910,21.245453596115112,9042,0.0,0.0,100.0
14920,21.259128093719482,9042,0.0,0.0,100.0
14930,21.273876190185547,9042,0.0,0.0,100.0
14940,21.288034677505493,9042,0.0,0.0,100.0
14950,21.303856372833252,9042,0.0,0.0,100.0
14960,21.317771673202515,9042,0.0,0.0,100.0
14970,21.331823348999023,9042,0.0,0.0,100.0
14980,21.342605352401733,9042,0.0,0.0,100.0
14990,21.356117248535156,9042,0.0,0.0,100.0
15000,21.37148952484131,9042,0.0,0.0,100.0
15010,21.385895252227783,9042,0.0,0.0,100.0
15020,21.400408506393433,9042,0.0,0.0,100.0
15030,21.412806272506714,9042,0.0,0.0,100.0
15036,21.422475814819336,9042,0.0,0.0,100.0
15040,21.427542209625244,9042,0.0,0.0,100.0
15050,21.44192123413086,9042,0.0,0.0,100.0
15060,21.45540738105774,9042,0.0,0.0,100.0
15070,21.46916151046753,9042,0.0,0.0,100.0
15073,21.474125862121582,9042,0.0,0.0,100.0
15080,21.484731912612915,9042,0.0,0.0,100.0
15083,21.48940110206604,9042,0.0,0.0,100.0
15090,21.499615907669067,9042,0.0,0.0,100.0
15093,21.50331687927246,9042,0.0,0.0,100.0
15100,21.513697624206543,9042,0.0,0.0,100.0
15110,21.52847123146057,9042,0.0,0.0,100.0
15120,21.544238805770874,9042,0.0,0.0,100.0
15130,21.559077978134155,9042,0.0,0.0,100.0
15140,21.57252264022827,9042,0.0,0.0,100.0
15150,21.588549375534058,9042,0.0,0.0,100.0
15160,21.605467081069946,9042,0.0,0.0,100.0
15170,21.61869716644287,9042,0.0,0.0,100.0
15180,21.63228487968445,9042,0.0,0.0,100.0
15190,21.647291898727417,9042,0.0,0.0,100.0
15200,21.663833141326904,9042,0.0,0.0,100.0
15210,21.677231311798096,9042,0.0,0.0,100.0
15220,21.692745447158813,9042,0.0,0.0,100.0
15230,21.70767092704773,9042,0.0,0.0,100.0
15240,21.722313404083252,9042,0.0,0.0,100.0
15250,21.73765778541565,9042,0.0,0.0,100.0
15260,21.752756118774414,9042,0.0,0.0,100.0
15270,21.76555585861206,9042,0.0,0.0,100.0
15280,21.779295444488525,9042,0.0,0.0,100.0
15290,21.792964935302734,9042,0.0,0.0,100.0
15300,21.80702042579651,9042,0.0,0.0,100.0
15310,21.819237232208252,9042,0.0,0.0,100.0
15320,21.834421634674072,9042,0.0,0.0,100.0
15330,21.850288152694702,9042,0.0,0.0,100.0
15340,21.86406707763672,9042,0.0,0.0,100.0
15350,21.87903618812561,9042,0.0,0.0,100.0
15358,21.891238689422607,9043,0.0,0.0,100.0
15360,21.8936870098114,9043,0.0,0.0,100.0
15370,21.908633947372437,9043,0.0,0.0,100.0
15380,21.92313575744629,9043,0.0,0.0,100.0
15390,21.93824005126953,9043,0.0,0.0,100.0
15400,21.953745365142822,9043,0.0,0.0,100.0
15410,21.967693090438843,9043,0.0,0.0,100.0
15418,21.979888677597046,9043,0.0,0.0,100.0
15420,21.982925176620483,9043,0.0,0.0,100.0
15430,21.997324466705322,9043,0.0,0.0,100.0
15440,22.01127290725708,9043,0.0,0.0,100.0
15450,22.02687406539917,9043,0.0,0.0,100.0
15460,22.03952169418335,9043,0.0,0.0,100.0
15467,22.049437999725342,9043,0.0,0.0,100.0
15470,22.052861213684082,9043,0.0,0.0,100.0
15480,22.066036224365234,9043,0.0,0.0,100.0
15490,22.079962253570557,9043,0.0,0.0,100.0
15500,22.092379570007324,9043,0.0,0.0,100.0
15510,22.105741262435913,9043,0.0,0.0,100.0
15520,22.117478609085083,9043,0.0,0.0,100.0
15530,22.131703853607178,9043,0.0,0.0,100.0
15540,22.145558834075928,9043,0.0,0.0,100.0
15550,22.159667253494263,9043,0.0,0.0,100.0
15560,22.174113512039185,9043,0.0,0.0,100.0
15570,22.187021732330322,9043,0.0,0.0,100.0
15580,22.201366424560547,9043,0.0,0.0,100.0
15590,22.215518474578857,9043,0.0,0.0,100.0
15600,22.230342626571655,9043,0.0,0.0,100.0
15610,22.2445969581604,9043,0.0,0.0,100.0
15620,22.25871992111206,9043,0.0,0.0,100.0
15629,22.27277112007141,9043,0.0,0.0,100.0
15630,22.27435278892517,9043,0.0,0.0,100.0
15640,22.28790020942688,9043,0.0,0.0,100.0
15650,22.30180859565735,9043,0.0,0.0,100.0
15660,22.317684650421143,9043,0.0,0.0,100.0
15670,22.332046031951904,9043,0.0,0.0,100.0
15680,22.34571599960327,9043,0.0,0.0,100.0
15690,22.360307931900024,9043,0.0,0.0,100.0
15700,22.37525177001953,9043,0.0,0.0,100.0
15710,22.388723850250244,9043,0.0,0.0,100.0
15720,22.40284037590027,9043,0.0,0.0,100.0
15730,22.416229963302612,9043,0.0,0.0,100.0
15740,22.431101083755493,9043,0.0,0.0,100.0
15750,22.446744918823242,9043,0.0,0.0,100.0
15760,22.462021589279175,9043,0.0,0.0,100.0
15769,22.475209951400757,9043,0.0,0.0,100.0
15770,22.476738214492798,9043,0.0,0.0,100.0
15780,22.491713762283325,9043,0.0,0.0,100.0
15790,22.508371114730835,9043,0.0,0.0,100.0
15800,22.522923469543457,9043,0.0,0.0,100.0
15810,22.53747272491455,9043,0.0,0.0,100.0
15818,22.55026149749756,9043,0.0,0.0,100.0
15820,22.552825212478638,9043,0.0,0.0,100.0
15830,22.568502187728882,9043,0.0,0.0,100.0
15840,22.5829918384552,9043,0.0,0.0,100.0
15850,22.597551584243774,9043,0.0,0.0,100.0
15860,22.612493991851807,9043,0.0,0.0,100.0
15870,22.627079963684082,9043,0.0,0.0,100.0
15880,22.643245220184326,9043,0.0,0.0,100.0
15890,22.658019065856934,9043,0.0,0.0,100.0
15900,22.671879053115845,9043,0.0,0.0,100.0
15910,22.686535120010376,9043,0.0,0.0,100.0
15920,22.70104742050171,9043,0.0,0.0,100.0
15930,22.713715314865112,9043,0.0,0.0,100.0
15940,22.725643157958984,9043,0.0,0.0,100.0
15950,22.740923404693604,9043,0.0,0.0,100.0
15960,22.754926919937134,9043,0.0,0.0,100.0
15970,22.769590616226196,9043,0.0,0.0,100.0
15980,22.78393530845642,9043,0.0,0.0,100.0
15987,22.79213809967041,9043,0.0,0.0,100.0
15990,22.796074628829956,9043,0.0,0.0,100.0
16000,22.809555530548096,9043,0.0,0.0,100.0
16010,22.82381844520569,9043,0.0,0.0,100.0
16020,22.83771777153015,9043,0.0,0.0,100.0
16030,22.853917598724365,9043,0.0,0.0,100.0
16040,22.869176626205444,9043,0.0,0.0,100.0
16050,22.883822917938232,9043,0.0,0.0,100.0
16060,22.899252891540527,9043,0.0,0.0,100.0
16070,22.91187858581543,9043,0.0,0.0,100.0
16080,22.93055534362793,9043,0.0,0.0,100.0
16090,22.946603775024414,9043,0.0,0.0,100.0
16100,22.965782642364502,9043,0.0,0.0,100.0
16110,22.98104214668274,9043,0.0,0.0,100.0
16120,22.9958074092865,9043,0.0,0.0,100.0
16130,23.009297370910645,9043,0.0,0.0,100.0
16140,23.02478003501892,9043,0.0,0.0,100.0
16150,23.03950262069702,9043,0.0,0.0,100.0
16160,23.05412793159485,9043,0.0,0.0,100.0
16170,23.06885838508606,9043,0.0,0.0,100.0
16180,23.083484172821045,9043,0.0,0.0,100.0
16183,23.087789058685303,9043,0.0,0.0,100.0
16190,23.096420288085938,9043,0.0,0.0,100.0
16200,23.111093997955322,9043,0.0,0.0,100.0
16203,23.11625862121582,9043,0.0,0.0,100.0
16210,23.126246690750122,9043,0.0,0.0,100.0
16220,23.140403270721436,9043,0.0,0.0,100.0
16230,23.15402102470398,9043,0.0,0.0,100.0
16240,23.171395778656006,9043,0.0,0.0,100.0
16250,23.187453508377075,9043,0.0,0.0,100.0
16260,23.20286250114441,9043,0.0,0.0,100.0
16270,23.217579126358032,9043,0.0,0.0,100.0
16280,23.233549118041992,9043,0.0,0.0,100.0
16290,23.24629044532776,9043,0.0,0.0,100.0
16300,23.261759042739868,9043,0.0,0.0,100.0
16310,23.274956464767456,9043,0.0,0.0,100.0
16320,23.28961205482483,9043,0.0,0.0,100.0
16330,23.303351879119873,9043,0.0,0.0,100.0
16340,23.31838822364807,9043,0.0,0.0,100.0
16350,23.33297824859619,9043,0.0,0.0,100.0
16360,23.344510793685913,9043,0.0,0.0,100.0
16370,23.35788607597351,9043,0.0,0.0,100.0
16380,23.37192988395691,9043,0.0,0.0,100.0
16390,23.386476278305054,9043,0.0,0.0,100.0
16400,23.399904251098633,9043,0.0,0.0,100.0
16410,23.41440463066101,9043,0.0,0.0,100.0
16420,23.42960834503174,9043,0.0,0.0,100.0
16430,23.44397735595703,9043,0.0,0.0,100.0
16440,23.458430767059326,9043,0.0,0.0,100.0
16450,23.472994804382324,9043,0.0,0.0,100.0
16460,23.48695683479309,9043,0.0,0.0,100.0
16470,23.50106978416443,9043,0.0,0.0,100.0
16480,23.52099585533142,9043,0.0,0.0,100.0
16490,23.534734964370728,9043,0.0,0.0,100.0
16500,23.54964804649353,9043,0.0,0.0,100.0
16510,23.564067363739014,9043,0.0,0.0,100.0
16520,23.579390287399292,9043,0.0,0.0,100.0
16530,23.594669818878174,9043,0.0,0.0,100.0
16540,23.610029935836792,9043,0.0,0.0,100.0
16550,23.62433123588562,9043,0.0,0.0,100.0
16560,23.63786244392395,9043,0.0,0.0,100.0
16570,23.652363300323486,9043,0.0,0.0,100.0
16580,23.66545295715332,9043,0.0,0.0,100.0
16590,23.679269313812256,9043,0.0,0.0,100.0
16600,23.691615104675293,9043,0.0,0.0,100.0
16610,23.70544719696045,9043,0.0,0.0,100.0
16620,23.720273733139038,9043,0.0,0.0,100.0
16623,23.725116968154907,9043,0.0,0.0,100.0
16630,23.735802173614502,9043,0.0,0.0,100.0
16640,23.750135898590088,9043,0.0,0.0,100.0
16650,23.764013051986694,9043,0.0,0.0,100.0
16660,23.779834270477295,9043,0.0,0.0,100.0
16670,23.795771837234497,9043,0.0,0.0,100.0
16680,23.809759378433228,9043,0.0,0.0,100.0
16690,23.824289798736572,9043,0.0,0.0,100.0
16700,23.840101718902588,9043,0.0,0.0,100.0
16708,23.85224175453186,9043,0.0,0.0,100.0
16710,23.854664087295532,9043,0.0,0.0,100.0
16720,23.86833167076111,9043,0.0,0.0,100.0
16730,23.88226342201233,9043,0.0,0.0,100.0
16740,23.896053075790405,9043,0.0,0.0,100.0
16750,23.911470413208008,9043,0.0,0.0,100.0
16760,23.924803256988525,9043,0.0,0.0,100.0
16770,23.939398288726807,9043,0.0,0.0,100.0
16780,23.955609798431396,9043,0.0,0.0,100.0
16790,23.97117590904236,9043,0.0,0.0,100.0
16800,23.985748052597046,9043,0.0,0.0,100.0
16810,23.999755382537842,9043,0.0,0.0,100.0
16820,24.01433825492859,9043,0.0,0.0,100.0
16830,24.030009031295776,9043,0.0,0.0,100.0
16840,24.044415712356567,9043,0.0,0.0,100.0
16850,24.059978485107422,9043,0.0,0.0,100.0
16860,24.074265480041504,9043,0.0,0.0,100.0
16870,24.088714122772217,9043,0.0,0.0,100.0
16880,24.103711128234863,9043,0.0,0.0,100.0
16890,24.11842370033264,9043,0.0,0.0,100.0
16900,24.132681369781494,9043,0.0,0.0,100.0
16910,24.146149158477783,9043,0.0,0.0,100.0
16920,24.160630226135254,9043,0.0,0.0,100.0
16930,24.1756649017334,9043,0.0,0.0,100.0
16940,24.189793825149536,9043,0.0,0.0,100.0
16950,24.20498514175415,9043,0.0,0.0,100.0
16960,24.21980905532837,9043,0.0,0.0,100.0
16970,24.233938932418823,9043,0.0,0.0,100.0
16980,24.248652458190918,9043,0.0,0.0,100.0
16990,24.263225317001343,9043,0.0,0.0,100.0
17000,24.279587984085083,9043,0.0,0.0,100.0
17010,24.293522596359253,9043,0.0,0.0,100.0
17020,24.307300806045532,9043,0.0,0.0,100.0
17030,24.322962522506714,9043,0.0,0.0,100.0
17040,24.336735486984253,9043,0.0,0.0,100.0
17050,24.352333784103394,9043,0.0,0.0,100.0
17060,24.368335485458374,9043,0.0,0.0,100.0
17070,24.38210892677307,9043,0.0,0.0,100.0
17080,24.396129846572876,9043,0.0,0.0,100.0
17090,24.409361362457275,9043,0.0,0.0,100.0
17100,24.424630403518677,9043,0.0,0.0,100.0
17110,24.43980312347412,9043,0.0,0.0,100.0
17120,24.453603267669678,9043,0.0,0.0,100.0
17130,24.466883897781372,9043,0.0,0.0,100.0
17140,24.48020601272583,9043,0.0,0.0,100.0
17150,24.495704650878906,9043,0.0,0.0,100.0
17160,24.509845733642578,9043,0.0,0.0,100.0
17170,24.5243718624115,9043,0.0,0.0,100.0
17180,24.537749528884888,9043,0.0,0.0,100.0
17190,24.552675008773804,9043,0.0,0.0,100.0
17200,24.566835165023804,9043,0.0,0.0,100.0
17210,24.580662965774536,9043,0.0,0.0,100.0
17220,24.59363603591919,9043,0.0,0.0,100.0
17230,24.60930824279785,9043,0.0,0.0,100.0
17240,24.62377691268921,9043,0.0,0.0,100.0
17250,24.638564348220825,9043,0.0,0.0,100.0
17256,24.648051500320435,9043,0.0,0.0,100.0
17260,24.653928995132446,9043,0.0,0.0,100.0
17270,24.66947841644287,9043,0.0,0.0,100.0
17280,24.684728384017944,9043,0.0,0.0,100.0
17290,24.699005603790283,9043,0.0,0.0,100.0
17300,24.713027715682983,9043,0.0,0.0,100.0
17310,24.72868585586548,9043,0.0,0.0,100.0
17320,24.743561267852783,9043,0.0,0.0,100.0
17330,24.757835149765015,9043,0.0,0.0,100.0
17340,24.77544140815735,9043,0.0,0.0,100.0
17350,24.796144247055054,9043,0.0,0.0,100.0
17360,24.81436824798584,9043,0.0,0.0,100.0
17370,24.8317608833313,9043,0.0,0.0,100.0
17380,24.844509840011597,9043,0.0,0.0,100.0
17390,24.864906311035156,9043,0.0,0.0,100.0
17400,24.880765676498413,9043,0.0,0.0,100.0
17410,24.896005868911743,9043,0.0,0.0,100.0
17420,24.915872812271118,9043,0.0,0.0,100.0
17430,24.931251525878906,9043,0.0,0.0,100.0
17440,24.944132804870605,9043,0.0,0.0,100.0
17450,24.959868669509888,9043,0.0,0.0,100.0
17460,24.97577452659607,9043,0.0,0.0,100.0
17470,24.990596771240234,9043,0.0,0.0,100.0
17480,25.005943775177002,9043,0.0,0.0,100.0
17490,25.02110457420349,9043,0.0,0.0,100.0
17500,25.03383731842041,9043,0.0,0.0,100.0
17510,25.04759955406189,9043,0.0,0.0,100.0
17520,25.062363862991333,9043,0.0,0.0,100.0
17530,25.077258825302124,9043,0.0,0.0,100.0
17531,25.07921266555786,9043,0.0,0.0,100.0
17540,25.09080481529236,9043,0.0,0.0,100.0
17550,25.104257345199585,9043,0.0,0.0,100.0
17560,25.118836402893066,9043,0.0,0.0,100.0
17570,25.13300061225891,9043,0.0,0.0,100.0
17580,25.14683699607849,9043,0.0,0.0,100.0
17590,25.16192126274109,9043,0.0,0.0,100.0
17600,25.177042484283447,9043,0.0,0.0,100.0
17610,25.189685821533203,9043,0.0,0.0,100.0
17620,25.203110218048096,9043,0.0,0.0,100.0
17630,25.217907905578613,9043,0.0,0.0,100.0
17631,25.21986746788025,9043,0.0,0.0,100.0
17640,25.235644102096558,9043,0.0,0.0,100.0
17650,25.250428676605225,9043,0.0,0.0,100.0
17657,25.2590389251709,9044,0.0,0.0,100.0
17660,25.263110160827637,9044,0.0,0.0,100.0
17670,25.277475833892822,9044,0.0,0.0,100.0
17680,25.289692401885986,9044,0.0,0.0,100.0
17690,25.304046869277954,9044,0.0,0.0,100.0
17700,25.318137407302856,9044,0.0,0.0,100.0
17710,25.331719160079956,9044,0.0,0.0,100.0
17720,25.345790147781372,9044,0.0,0.0,100.0
17730,25.360068798065186,9044,0.0,0.0,100.0
17740,25.373074293136597,9044,0.0,0.0,100.0
17750,25.386946439743042,9044,0.0,0.0,100.0
17760,25.40240502357483,9044,0.0,0.0,100.0
17770,25.41703748703003,9044,0.0,0.0,100.0
17780,25.430717945098877,9044,0.0,0.0,100.0
17790,25.44526743888855,9044,0.0,0.0,100.0
17800,25.460714101791382,9044,0.0,0.0,100.0
17810,25.47408437728882,9044,0.0,0.0,100.0
17820,25.48776364326477,9044,0.0,0.0,100.0
17830,25.501779794692993,9044,0.0,0.0,100.0
17840,25.516736268997192,9044,0.0,0.0,100.0
17850,25.531574249267578,9044,0.0,0.0,100.0
17860,25.545981645584106,9044,0.0,0.0,100.0
17870,25.56033945083618,9044,0.0,0.0,100.0
17880,25.575093030929565,9044,0.0,0.0,100.0
17890,25.589739084243774,9044,0.0,0.0,100.0
17900,25.604236602783203,9044,0.0,0.0,100.0
17910,25.621225595474243,9044,0.0,0.0,100.0
17920,25.635761499404907,9044,0.0,0.0,100.0
17930,25.650164365768433,9044,0.0,0.0,100.0
17940,25.664117336273193,9044,0.0,0.0,100.0
17950,25.677409172058105,9044,0.0,0.0,100.0
17960,25.690507650375366,9044,0.0,0.0,100.0
17970,25.705713033676147,9044,0.0,0.0,100.0
17971,25.7075457572937,9044,0.0,0.0,100.0
17977,25.716338396072388,9044,0.0,0.0,100.0
17980,25.721025943756104,9044,0.0,0.0,100.0
17990,25.734479188919067,9044,0.0,0.0,100.0
18000,25.749715089797974,9044,0.0,0.0,100.0
18010,25.763593912124634,9044,0.0,0.0,100.0
18020,25.7778377532959,9044,0.0,0.0,100.0
18030,25.793927907943726,9044,0.0,0.0,100.0
18040,25.806536436080933,9044,0.0,0.0,100.0
18050,25.82066059112549,9044,0.0,0.0,100.0
18057,25.830127477645874,9045,0.0,0.0,100.0
18060,25.833571672439575,9045,0.0,0.0,100.0
18070,25.847515106201172,9045,0.0,0.0,100.0
18080,25.86180567741394,9045,0.0,0.0,100.0
18090,25.87645387649536,9045,0.0,0.0,100.0
18100,25.890668869018555,9045,0.0,0.0,100.0
18110,25.904091119766235,9045,0.0,0.0,100.0
18120,25.91756772994995,9045,0.0,0.0,100.0
18130,25.9310085773468,9045,0.0,0.0,100.0
18133,25.93528723716736,9046,0.0,0.0,100.0
18140,25.946176528930664,9046,0.0,0.0,100.0
18150,25.963757753372192,9046,0.0,0.0,100.0
18160,25.977803707122803,9046,0.0,0.0,100.0
18170,25.992338180541992,9046,0.0,0.0,100.0
18180,26.007476091384888,9046,0.0,0.0,100.0
18190,26.021092176437378,9046,0.0,0.0,100.0
18200,26.03683114051819,9046,0.0,0.0,100.0
18210,26.051865339279175,9046,0.0,0.0,100.0
18220,26.066880702972412,9046,0.0,0.0,100.0
18230,26.079448461532593,9046,0.0,0.0,100.0
18240,26.093592405319214,9046,0.0,0.0,100.0
18250,26.108219623565674,9046,0.0,0.0,100.0
18260,26.122678995132446,9046,0.0,0.0,100.0
18270,26.13773202896118,9046,0.0,0.0,100.0
18280,26.152486085891724,9046,0.0,0.0,100.0
18290,26.166165828704834,9046,0.0,0.0,100.0
18300,26.180549144744873,9046,0.0,0.0,100.0
18306,26.189632177352905,9046,0.0,0.0,100.0
18310,26.195261001586914,9046,0.0,0.0,100.0
18320,26.209786415100098,9046,0.0,0.0,100.0
18330,26.22244167327881,9046,0.0,0.0,100.0
18340,26.23713207244873,9046,0.0,0.0,100.0
18350,26.251824855804443,9046,0.0,0.0,100.0
18360,26.264912843704224,9046,0.0,0.0,100.0
18370,26.278148651123047,9046,0.0,0.0,100.0
18380,26.292832851409912,9046,0.0,0.0,100.0
18390,26.307066440582275,9046,0.0,0.0,100.0
18400,26.323830127716064,9046,0.0,0.0,100.0
18410,26.339825868606567,9046,0.0,0.0,100.0
18420,26.356828451156616,9046,0.0,0.0,100.0
18430,26.371153831481934,9046,0.0,0.0,100.0
18440,26.387309789657593,9046,0.0,0.0,100.0
18450,26.403249263763428,9046,0.0,0.0,100.0
18460,26.419259071350098,9046,0.0,0.0,100.0
18463,26.42388939857483,9047,0.0,0.0,100.0
18470,26.434917449951172,9047,0.0,0.0,100.0
18480,26.450551986694336,9047,0.0,0.0,100.0
18490,26.464937686920166,9047,0.0,0.0,100.0
18500,26.47910785675049,9047,0.0,0.0,100.0
18510,26.49484896659851,9047,0.0,0.0,100.0
18520,26.50864267349243,9047,0.0,0.0,100.0
18530,26.524258613586426,9047,0.0,0.0,100.0
18540,26.538771390914917,9047,0.0,0.0,100.0
18550,26.55443501472473,9047,0.0,0.0,100.0
18560,26.56985092163086,9047,0.0,0.0,100.0
18570,26.584171295166016,9047,0.0,0.0,100.0
18580,26.599096298217773,9047,0.0,0.0,100.0
18590,26.613992929458618,9047,0.0,0.0,100.0
18600,26.62870216369629,9047,0.0,0.0,100.0
18610,26.643691062927246,9047,0.0,0.0,100.0
18615,26.65194606781006,9047,0.0,0.0,100.0
18620,26.658615350723267,9047,0.0,0.0,100.0
18630,26.673654079437256,9047,0.0,0.0,100.0
18640,26.689014196395874,9047,0.0,0.0,100.0
18650,26.703524827957153,9047,0.0,0.0,100.0
18660,26.71951127052307,9047,0.0,0.0,100.0
18670,26.735920667648315,9047,0.0,0.0,100.0
18680,26.750860929489136,9048,0.0,0.0,100.0
18690,26.76474165916443,9048,0.0,0.0,100.0
18700,26.77971053123474,9048,0.0,0.0,100.0
18710,26.79449725151062,9048,0.0,0.0,100.0
18720,26.81032109260559,9048,0.0,0.0,100.0
18730,26.826358318328857,9048,0.0,0.0,100.0
18740,26.840928316116333,9048,0.0,0.0,100.0
18750,26.85543990135193,9048,0.0,0.0,100.0
18760,26.868962287902832,9048,0.0,0.0,100.0
18770,26.881560802459717,9048,0.0,0.0,100.0
18780,26.895772457122803,9048,0.0,0.0,100.0
18781,26.897661924362183,9048,0.0,0.0,100.0
18790,26.911334991455078,9048,0.0,0.0,100.0
18800,26.92592716217041,9048,0.0,0.0,100.0
18810,26.94141674041748,9048,0.0,0.0,100.0
18820,26.95580005645752,9048,0.0,0.0,100.0
18830,26.97054100036621,9048,0.0,0.0,100.0
18840,26.983613967895508,9048,0.0,0.0,100.0
18850,26.996706247329712,9048,0.0,0.0,100.0
18860,27.009660243988037,9048,0.0,0.0,100.0
18870,27.02494740486145,9048,0.0,0.0,100.0
18880,27.03841543197632,9048,0.0,0.0,100.0
18890,27.051913738250732,9048,0.0,0.0,100.0
18900,27.066913843154907,9048,0.0,0.0,100.0
18910,27.083427667617798,9048,0.0,0.0,100.0
18920,27.099735975265503,9048,0.0,0.0,100.0
18930,27.114630699157715,9048,0.0,0.0,100.0
18940,27.12767744064331,9048,0.0,0.0,100.0
18950,27.142724990844727,9048,0.0,0.0,100.0
18960,27.159615516662598,9048,0.0,0.0,100.0
18970,27.1726131439209,9048,0.0,0.0,100.0
18980,27.189462900161743,9048,0.0,0.0,100.0
18990,27.20379900932312,9048,0.0,0.0,100.0
19000,27.220263242721558,9048,0.0,0.0,100.0
19010,27.235341548919678,9048,0.0,0.0,100.0
19020,27.247581005096436,9048,0.0,0.0,100.0
19030,27.26140522956848,9048,0.0,0.0,100.0
19040,27.275535821914673,9048,0.0,0.0,100.0
19050,27.290048122406006,9048,0.0,0.0,100.0
19060,27.30425453186035,9048,0.0,0.0,100.0
19070,27.318552494049072,9048,0.0,0.0,100.0
19080,27.33494520187378,9048,0.0,0.0,100.0
19090,27.350754737854004,9048,0.0,0.0,100.0
19096,27.359936475753784,9048,0.0,0.0,100.0
19100,27.36435031890869,9048,0.0,0.0,100.0
19110,27.37940502166748,9048,0.0,0.0,100.0
19120,27.39580750465393,9048,0.0,0.0,100.0
19130,27.408910989761353,9048,0.0,0.0,100.0
19140,27.422386407852173,9048,0.0,0.0,100.0
19150,27.43643546104431,9048,0.0,0.0,100.0
19160,27.450148344039917,9048,0.0,0.0,100.0
19163,27.455096006393433,9048,0.0,0.0,100.0
19170,27.464367389678955,9048,0.0,0.0,100.0
19180,27.479579210281372,9048,0.0,0.0,100.0
19190,27.494497537612915,9048,0.0,0.0,100.0
19200,27.51045250892639,9048,0.0,0.0,100.0
19210,27.523720026016235,9048,0.0,0.0,100.0
19220,27.53803038597107,9048,0.0,0.0,100.0
19230,27.551681995391846,9048,0.0,0.0,100.0
19240,27.565689086914062,9048,0.0,0.0,100.0
19250,27.579953908920288,9048,0.0,0.0,100.0
19260,27.59488320350647,9048,0.0,0.0,100.0
19270,27.610844612121582,9048,0.0,0.0,100.0
19280,27.624852657318115,9048,0.0,0.0,100.0
19290,27.639296293258667,9048,0.0,0.0,100.0
19300,27.651387929916382,9048,0.0,0.0,100.0
19310,27.665899515151978,9048,0.0,0.0,100.0
19320,27.679587841033936,9048,0.0,0.0,100.0
19330,27.69436001777649,9048,0.0,0.0,100.0
19340,27.708606719970703,9048,0.0,0.0,100.0
19350,27.723038911819458,9048,0.0,0.0,100.0
19360,27.741208791732788,9048,0.0,0.0,100.0
19370,27.756173372268677,9048,0.0,0.0,100.0
19380,27.769558668136597,9048,0.0,0.0,100.0
19390,27.78434419631958,9048,0.0,0.0,100.0
19400,27.798319339752197,9048,0.0,0.0,100.0
19410,27.81398630142212,9048,0.0,0.0,100.0
19420,27.828497648239136,9048,0.0,0.0,100.0
19430,27.84317636489868,9048,0.0,0.0,100.0
19440,27.857295274734497,9048,0.0,0.0,100.0
19450,27.872520923614502,9048,0.0,0.0,100.0
19460,27.88837456703186,9048,0.0,0.0,100.0
19470,27.90046453475952,9048,0.0,0.0,100.0
19480,27.913732290267944,9048,0.0,0.0,100.0
19490,27.929108381271362,9048,0.0,0.0,100.0
19500,27.94440007209778,9048,0.0,0.0,100.0
19510,27.957255363464355,9048,0.0,0.0,100.0
19520,27.971379280090332,9048,0.0,0.0,100.0
19530,27.989731788635254,9048,0.0,0.0,100.0
19540,28.00550627708435,9048,0.0,0.0,100.0
19550,28.019677877426147,9048,0.0,0.0,100.0
19557,28.029129028320312,9048,0.0,0.0,100.0
19560,28.032646417617798,9048,0.0,0.0,100.0
19570,28.047884464263916,9048,0.0,0.0,100.0
19580,28.063416481018066,9048,0.0,0.0,100.0
19590,28.08128023147583,9048,0.0,0.0,100.0
19600,28.09545588493347,9048,0.0,0.0,100.0
19610,28.110284090042114,9048,0.0,0.0,100.0
19620,28.124616861343384,9048,0.0,0.0,100.0
19630,28.140133380889893,9048,0.0,0.0,100.0
19640,28.153738260269165,9048,0.0,0.0,100.0
19650,28.16801881790161,9048,0.0,0.0,100.0
19652,28.170729398727417,9048,0.0,0.0,100.0
19660,28.180744886398315,9048,0.0,0.0,100.0
19670,28.193893432617188,9048,0.0,0.0,100.0
19680,28.208934783935547,9048,0.0,0.0,100.0
19690,28.221871614456177,9048,0.0,0.0,100.0
19700,28.235382795333862,9048,0.0,0.0,100.0
19710,28.25023865699768,9048,0.0,0.0,100.0
19720,28.263420820236206,9048,0.0,0.0,100.0
19730,28.277091026306152,9048,0.0,0.0,100.0
19740,28.291460752487183,9048,0.0,0.0,100.0
19750,28.304835557937622,9048,0.0,0.0,100.0
19760,28.317797660827637,9048,0.0,0.0,100.0
19770,28.332731246948242,9048,0.0,0.0,100.0
19780,28.34749674797058,9048,0.0,0.0,100.0
19790,28.361000061035156,9048,0.0,0.0,100.0
19800,28.37739634513855,9048,0.0,0.0,100.0
19810,28.391711235046387,9048,0.0,0.0,100.0
19820,28.407535314559937,9048,0.0,0.0,100.0
19830,28.421647787094116,9048,0.0,0.0,100.0
19840,28.434911727905273,9048,0.0,0.0,100.0
19850,28.448519229888916,9048,0.0,0.0,100.0
19860,28.462010383605957,9048,0.0,0.0,100.0
19870,28.4750874042511,9048,0.0,0.0,100.0
19880,28.490143537521362,9048,0.0,0.0,100.0
19890,28.503295183181763,9048,0.0,0.0,100.0
19900,28.51642942428589,9048,0.0,0.0,100.0
19910,28.53002381324768,9048,0.0,0.0,100.0
19916,28.539520502090454,9048,0.0,0.0,100.0
19920,28.545342445373535,9048,0.0,0.0,100.0
19930,28.559218406677246,9048,0.0,0.0,100.0
19940,28.572349071502686,9048,0.0,0.0,100.0
19950,28.585274934768677,9048,0.0,0.0,100.0
19960,28.599342584609985,9048,0.0,0.0,100.0
19970,28.613272666931152,9048,0.0,0.0,100.0
19980,28.627502918243408,9048,0.0,0.0,100.0
19990,28.639533281326294,9048,0.0,0.0,100.0
20000,28.654659032821655,9048,0.0,0.0,100.0
20010,28.66899347305298,9048,0.0,0.0,100.0
20020,28.683733463287354,9048,0.0,0.0,100.0
20030,28.698715925216675,9048,0.0,0.0,100.0
20040,28.71386218070984,9048,0.0,0.0,100.0
20050,28.728567123413086,9048,0.0,0.0,100.0
20060,28.742897748947144,9048,0.0,0.0,100.0
20070,28.758009433746338,9048,0.0,0.0,100.0
20080,28.772798776626587,9048,0.0,0.0,100.0
20090,28.78740119934082,9048,0.0,0.0,100.0
20100,28.802579641342163,9048,0.0,0.0,100.0
20110,28.81715154647827,9048,0.0,0.0,100.0
20120,28.830973386764526,9048,0.0,0.0,100.0
20130,28.844275951385498,9048,0.0,0.0,100.0
20140,28.858367443084717,9048,0.0,0.0,100.0
20150,28.872193098068237,9048,0.0,0.0,100.0
20160,28.884702444076538,9048,0.0,0.0,100.0
20170,28.899683237075806,9048,0.0,0.0,100.0
20180,28.914071321487427,9048,0.0,0.0,100.0
20185,28.92134428024292,9048,0.0,0.0,100.0
20190,28.92839241027832,9048,0.0,0.0,100.0
20200,28.943216800689697,9048,0.0,0.0,100.0
20210,28.956961393356323,9048,0.0,0.0,100.0
20220,28.970069646835327,9048,0.0,0.0,100.0
20230,28.98503875732422,9048,0.0,0.0,100.0
20240,28.999146223068237,9048,0.0,0.0,100.0
20250,29.01374316215515,9048,0.0,0.0,100.0
20260,29.029063940048218,9048,0.0,0.0,100.0
20270,29.043790102005005,9048,0.0,0.0,100.0
20280,29.057140350341797,9048,0.0,0.0,100.0
20290,29.071956157684326,9048,0.0,0.0,100.0
20300,29.086021184921265,9048,0.0,0.0,100.0
20310,29.10131859779358,9048,0.0,0.0,100.0
20320,29.116350650787354,9048,0.0,0.0,100.0
20328,29.12716507911682,9048,0.0,0.0,100.0
20330,29.130284070968628,9048,0.0,0.0,100.0
20340,29.144949674606323,9048,0.0,0.0,100.0
20350,29.15937638282776,9048,0.0,0.0,100.0
20360,29.17564582824707,9048,0.0,0.0,100.0
20370,29.190044403076172,9048,0.0,0.0,100.0
20380,29.205156087875366,9048,0.0,0.0,100.0
20390,29.220338344573975,9048,0.0,0.0,100.0
20400,29.235070943832397,9048,0.0,0.0,100.0
20410,29.248135566711426,9048,0.0,0.0,100.0
20420,29.260854959487915,9048,0.0,0.0,100.0
20430,29.276593923568726,9048,0.0,0.0,100.0
20440,29.29062581062317,9048,0.0,0.0,100.0
20450,29.30435347557068,9048,0.0,0.0,100.0
20460,29.31847095489502,9048,0.0,0.0,100.0
20470,29.334913969039917,9048,0.0,0.0,100.0
20480,29.349411010742188,9048,0.0,0.0,100.0
20490,29.36262607574463,9048,0.0,0.0,100.0
20500,29.377054452896118,9048,0.0,0.0,100.0
20510,29.39203667640686,9048,0.0,0.0,100.0
20520,29.405975580215454,9048,0.0,0.0,100.0
20530,29.421613216400146,9048,0.0,0.0,100.0
20540,29.43547487258911,9048,0.0,0.0,100.0
20550,29.45049214363098,9048,0.0,0.0,100.0
20560,29.464573621749878,9048,0.0,0.0,100.0
20570,29.47849154472351,9048,0.0,0.0,100.0
20580,29.493040084838867,9048,0.0,0.0,100.0
20590,29.508436679840088,9048,0.0,0.0,100.0
20600,29.523284673690796,9048,0.0,0.0,100.0
20610,29.539942264556885,9048,0.0,0.0,100.0
20620,29.553592205047607,9048,0.0,0.0,100.0
20630,29.568369150161743,9048,0.0,0.0,100.0
20639,29.582865238189697,9048,0.0,0.0,100.0
20640,29.583824157714844,9048,0.0,0.0,100.0
20650,29.59970784187317,9048,0.0,0.0,100.0
20660,29.616023302078247,9048,0.0,0.0,100.0
20670,29.63549280166626,9048,0.0,0.0,100.0
20680,29.652509927749634,9048,0.0,0.0,100.0
20681,29.65451407432556,9048,0.0,0.0,100.0
20690,29.668655395507812,9048,0.0,0.0,100.0
20700,29.682499647140503,9048,0.0,0.0,100.0
20710,29.69738483428955,9048,0.0,0.0,100.0
20720,29.713127851486206,9048,0.0,0.0,100.0
20730,29.72961664199829,9048,0.0,0.0,100.0
20740,29.74347496032715,9048,0.0,0.0,100.0
20750,29.758824110031128,9048,0.0,0.0,100.0
20760,29.773863315582275,9048,0.0,0.0,100.0
20770,29.789120197296143,9048,0.0,0.0,100.0
20780,29.80387783050537,9048,0.0,0.0,100.0
20790,29.81910991668701,9048,0.0,0.0,100.0
20791,29.82107162475586,9048,0.0,0.0,100.0
20800,29.834868907928467,9048,0.0,0.0,100.0
20810,29.849485635757446,9048,0.0,0.0,100.0
20820,29.86375069618225,9048,0.0,0.0,100.0
20830,29.877496480941772,9048,0.0,0.0,100.0
20840,29.892136573791504,9048,0.0,0.0,100.0
20850,29.906853437423706,9048,0.0,0.0,100.0
20860,29.921477556228638,9048,0.0,0.0,100.0
20870,29.934842586517334,9048,0.0,0.0,100.0
20880,29.94937014579773,9048,0.0,0.0,100.0
20890,29.963953018188477,9048,0.0,0.0,100.0
20900,29.978156805038452,9048,0.0,0.0,100.0
20910,29.99258804321289,9048,0.0,0.0,100.0
20920,30.006397247314453,9048,0.0,0.0,100.0
20930,30.020391941070557,9048,0.0,0.0,100.0
20940,30.03637981414795,9048,0.0,0.0,100.0
20950,30.051575899124146,9048,0.0,0.0,100.0
20960,30.065584182739258,9048,0.0,0.0,100.0
20970,30.080293655395508,9048,0.0,0.0,100.0
20980,30.094403505325317,9048,0.0,0.0,100.0
20990,30.108190298080444,9048,0.0,0.0,100.0
21000,30.122502326965332,9048,0.0,0.0,100.0
21010,30.139738082885742,9048,0.0,0.0,100.0
21020,30.15455913543701,9048,0.0,0.0,100.0
21030,30.171783924102783,9048,0.0,0.0,100.0
21040,30.18567180633545,9048,0.0,0.0,100.0
21050,30.199646949768066,9048,0.0,0.0,100.0
21060,30.21616840362549,9048,0.0,0.0,100.0
21070,30.231236696243286,9048,0.0,0.0,100.0
21080,30.245556116104126,9048,0.0,0.0,100.0
21090,30.260946035385132,9048,0.0,0.0,100.0
21100,30.27714705467224,9048,0.0,0.0,100.0
21110,30.295433282852173,9048,0.0,0.0,100.0
21120,30.309367895126343,9048,0.0,0.0,100.0
21130,30.323696613311768,9048,0.0,0.0,100.0
21140,30.340454816818237,9048,0.0,0.0,100.0
21150,30.355464935302734,9048,0.0,0.0,100.0
21160,30.369409561157227,9048,0.0,0.0,100.0
21170,30.383963346481323,9048,0.0,0.0,100.0
21180,30.397607803344727,9048,0.0,0.0,100.0
21190,30.41166639328003,9048,0.0,0.0,100.0
21200,30.427445650100708,9048,0.0,0.0,100.0
21210,30.441426038742065,9048,0.0,0.0,100.0
21220,30.45557713508606,9048,0.0,0.0,100.0
21230,30.470454692840576,9048,0.0,0.0,100.0
21240,30.485100746154785,9048,0.0,0.0,100.0
21250,30.498960971832275,9048,0.0,0.0,100.0
21260,30.515658617019653,9048,0.0,0.0,100.0
21270,30.528547763824463,9048,0.0,0.0,100.0
21280,30.54151487350464,9048,0.0,0.0,100.0
21290,30.554767847061157,9048,0.0,0.0,100.0
21300,30.56805443763733,9048,0.0,0.0,100.0
21310,30.582682609558105,9048,0.0,0.0,100.0
21320,30.59782361984253,9048,0.0,0.0,100.0
21330,30.611127614974976,9048,0.0,0.0,100.0
21340,30.62430429458618,9048,0.0,0.0,100.0
21350,30.639745235443115,9048,0.0,0.0,100.0
21360,30.655282735824585,9048,0.0,0.0,100.0
21370,30.670116901397705,9048,0.0,0.0,100.0
21380,30.68472695350647,9048,0.0,0.0,100.0
21390,30.697092056274414,9048,0.0,0.0,100.0
21400,30.709681034088135,9048,0.0,0.0,100.0
21410,30.723620891571045,9048,0.0,0.0,100.0
21420,30.738481998443604,9048,0.0,0.0,100.0
21430,30.754669189453125,9048,0.0,0.0,100.0
21440,30.76719880104065,9048,0.0,0.0,100.0
21450,30.78122353553772,9048,0.0,0.0,100.0
21460,30.79452085494995,9048,0.0,0.0,100.0
21470,30.808417558670044,9048,0.0,0.0,100.0
21480,30.82341980934143,9048,0.0,0.0,100.0
21490,30.83775544166565,9048,0.0,0.0,100.0
21500,30.852553367614746,9048,0.0,0.0,100.0
21510,30.86725902557373,9048,0.0,0.0,100.0
21520,30.887133359909058,9048,0.0,0.0,100.0
21530,30.909040212631226,9048,0.0,0.0,100.0
21540,30.932053565979004,9048,0.0,0.0,100.0
21550,30.94667410850525,9048,0.0,0.0,100.0
21560,30.96649432182312,9048,0.0,0.0,100.0
21570,30.981158018112183,9048,0.0,0.0,100.0
21572,30.984517574310303,9048,0.0,0.0,100.0
21580,30.995640754699707,9048,0.0,0.0,100.0
21590,31.009880542755127,9048,0.0,0.0,100.0
21600,31.023256540298462,9048,0.0,0.0,100.0
21610,31.038365840911865,9048,0.0,0.0,100.0
21620,31.052990913391113,9048,0.0,0.0,100.0
21630,31.066722869873047,9048,0.0,0.0,100.0
21640,31.080471754074097,9048,0.0,0.0,100.0
21650,31.09294891357422,9048,0.0,0.0,100.0
21660,31.105468273162842,9048,0.0,0.0,100.0
21670,31.11982798576355,9048,0.0,0.0,100.0
21680,31.134552001953125,9048,0.0,0.0,100.0
21690,31.148818254470825,9048,0.0,0.0,100.0
21700,31.16456913948059,9048,0.0,0.0,100.0
21710,31.18047046661377,9048,0.0,0.0,100.0
21720,31.195425510406494,9048,0.0,0.0,100.0
21730,31.21083092689514,9048,0.0,0.0,100.0
21740,31.225268602371216,9048,0.0,0.0,100.0
21750,31.240360260009766,9048,0.0,0.0,100.0
21760,31.25462579727173,9048,0.0,0.0,100.0
21770,31.268699884414673,9048,0.0,0.0,100.0
21779,31.28240156173706,9049,0.0,0.0,100.0
21780,31.283875465393066,9049,0.0,0.0,100.0
21790,31.294445991516113,9049,0.0,0.0,100.0
21800,31.307878732681274,9049,0.0,0.0,100.0
21810,31.321370124816895,9049,0.0,0.0,100.0
21820,31.335402488708496,9049,0.0,0.0,100.0
21830,31.349929094314575,9049,0.0,0.0,100.0
21840,31.364466905593872,9049,0.0,0.0,100.0
21850,31.379175424575806,9049,0.0,0.0,100.0
21860,31.39190697669983,9049,0.0,0.0,100.0
21870,31.40455722808838,9049,0.0,0.0,100.0
21880,31.42017436027527,9049,0.0,0.0,100.0
21882,31.423586130142212,9049,0.0,0.0,100.0
21890,31.435200929641724,9049,0.0,0.0,100.0
21900,31.451797008514404,9049,0.0,0.0,100.0
21910,31.464815378189087,9049,0.0,0.0,100.0
21920,31.480590343475342,9049,0.0,0.0,100.0
21930,31.49527597427368,9049,0.0,0.0,100.0
21940,31.508665323257446,9049,0.0,0.0,100.0
21950,31.521892786026,9049,0.0,0.0,100.0
21960,31.535059690475464,9049,0.0,0.0,100.0
21970,31.548951387405396,9049,0.0,0.0,100.0
21980,31.561638116836548,9049,0.0,0.0,100.0
21990,31.575836181640625,9049,0.0,0.0,100.0
22000,31.59037160873413,9049,0.0,0.0,100.0
22010,31.604996919631958,9049,0.0,0.0,100.0
22020,31.620389699935913,9049,0.0,0.0,100.0
22030,31.633840322494507,9049,0.0,0.0,100.0
22040,31.648504495620728,9049,0.0,0.0,100.0
22050,31.6619713306427,9049,0.0,0.0,100.0
22060,31.675137519836426,9049,0.0,0.0,100.0
22070,31.68951725959778,9049,0.0,0.0,100.0
22080,31.703388929367065,9049,0.0,0.0,100.0
22090,31.718990087509155,9049,0.0,0.0,100.0
22100,31.733742713928223,9049,0.0,0.0,100.0
22110,31.748950481414795,9049,0.0,0.0,100.0
22120,31.76310110092163,9049,0.0,0.0,100.0
22130,31.776866674423218,9049,0.0,0.0,100.0
22140,31.790931701660156,9049,0.0,0.0,100.0
22150,31.806172609329224,9049,0.0,0.0,100.0
22160,31.82148838043213,9049,0.0,0.0,100.0
22170,31.83554744720459,9049,0.0,0.0,100.0
22180,31.849587440490723,9049,0.0,0.0,100.0
22190,31.864967107772827,9049,0.0,0.0,100.0
22200,31.880006551742554,9049,0.0,0.0,100.0
22210,31.893345594406128,9049,0.0,0.0,100.0
22220,31.905733585357666,9049,0.0,0.0,100.0
22230,31.919424533843994,9049,0.0,0.0,100.0
22240,31.933377981185913,9049,0.0,0.0,100.0
22250,31.948224782943726,9049,0.0,0.0,100.0
22260,31.963867902755737,9049,0.0,0.0,100.0
22270,31.978803634643555,9049,0.0,0.0,100.0
22280,31.993326663970947,9049,0.0,0.0,100.0
22290,32.00713229179382,9049,0.0,0.0,100.0
22300,32.02165865898132,9049,0.0,0.0,100.0
22310,32.03619837760925,9049,0.0,0.0,100.0
22320,32.04946279525757,9049,0.0,0.0,100.0
22330,32.06454944610596,9049,0.0,0.0,100.0
22340,32.078415632247925,9049,0.0,0.0,100.0
22350,32.09333944320679,9049,0.0,0.0,100.0
22360,32.10824131965637,9049,0.0,0.0,100.0
22370,32.12173104286194,9049,0.0,0.0,100.0
22380,32.134493589401245,9049,0.0,0.0,100.0
22390,32.14942264556885,9049,0.0,0.0,100.0
22400,32.16390585899353,9049,0.0,0.0,100.0
22402,32.16669034957886,9049,0.0,0.0,100.0
22410,32.17866277694702,9049,0.0,0.0,100.0
22420,32.19369101524353,9049,0.0,0.0,100.0
22430,32.208163022994995,9049,0.0,0.0,100.0
22440,32.222097396850586,9049,0.0,0.0,100.0
22450,32.23794388771057,9049,0.0,0.0,100.0
22460,32.25188684463501,9049,0.0,0.0,100.0
22470,32.26576256752014,9049,0.0,0.0,100.0
22480,32.278769969940186,9049,0.0,0.0,100.0
22490,32.29312539100647,9049,0.0,0.0,100.0
22500,32.30553936958313,9049,0.0,0.0,100.0
22510,32.31945300102234,9049,0.0,0.0,100.0
22520,32.33483123779297,9049,0.0,0.0,100.0
22530,32.3491792678833,9049,0.0,0.0,100.0
22540,32.364036560058594,9049,0.0,0.0,100.0
22547,32.374732971191406,9049,0.0,0.0,100.0
22550,32.37882852554321,9049,0.0,0.0,100.0
22560,32.392857789993286,9049,0.0,0.0,100.0
22570,32.40799880027771,9049,0.0,0.0,100.0
22580,32.42163872718811,9049,0.0,0.0,100.0
22590,32.43496513366699,9049,0.0,0.0,100.0
22600,32.44798970222473,9049,0.0,0.0,100.0
22610,32.461005449295044,9049,0.0,0.0,100.0
22620,32.476075887680054,9049,0.0,0.0,100.0
22630,32.489686489105225,9049,0.0,0.0,100.0
22640,32.503403186798096,9049,0.0,0.0,100.0
22650,32.515809774398804,9049,0.0,0.0,100.0
22660,32.530481576919556,9049,0.0,0.0,100.0
22670,32.544164180755615,9049,0.0,0.0,100.0
22680,32.55724263191223,9049,0.0,0.0,100.0
22690,32.571317195892334,9049,0.0,0.0,100.0
22700,32.585386514663696,9049,0.0,0.0,100.0
22710,32.60023736953735,9049,0.0,0.0,100.0
22720,32.61537551879883,9049,0.0,0.0,100.0
22730,32.63070058822632,9049,0.0,0.0,100.0
22740,32.64470434188843,9049,0.0,0.0,100.0
22750,32.65902233123779,9049,0.0,0.0,100.0
22760,32.67111301422119,9049,0.0,0.0,100.0
22770,32.68649387359619,9049,0.0,0.0,100.0
22780,32.70031666755676,9049,0.0,0.0,100.0
22790,32.715407609939575,9049,0.0,0.0,100.0
22800,32.73036766052246,9049,0.0,0.0,100.0
22810,32.74508309364319,9049,0.0,0.0,100.0
22820,32.760414838790894,9049,0.0,0.0,100.0
22830,32.775938987731934,9049,0.0,0.0,100.0
22840,32.791224241256714,9049,0.0,0.0,100.0
22850,32.80490231513977,9049,0.0,0.0,100.0
22860,32.81869339942932,9049,0.0,0.0,100.0
22870,32.83290362358093,9049,0.0,0.0,100.0
22880,32.84707283973694,9049,0.0,0.0,100.0
22890,32.86122751235962,9049,0.0,0.0,100.0
22895,32.86852765083313,9049,0.0,0.0,100.0
22900,32.87527418136597,9049,0.0,0.0,100.0
22910,32.888697147369385,9049,0.0,0.0,100.0
22920,32.90186047554016,9049,0.0,0.0,100.0
22930,32.916197299957275,9049,0.0,0.0,100.0
22940,32.92913818359375,9049,0.0,0.0,100.0
22950,32.94393038749695,9049,0.0,0.0,100.0
22960,32.957340478897095,9049,0.0,0.0,100.0
22970,32.97115468978882,9049,0.0,0.0,100.0
22980,32.98491311073303,9049,0.0,0.0,100.0
22990,32.999061584472656,9049,0.0,0.0,100.0
23000,33.01292300224304,9049,0.0,0.0,100.0
23010,33.02843737602234,9049,0.0,0.0,100.0
23020,33.04199576377869,9049,0.0,0.0,100.0
23030,33.05668115615845,9049,0.0,0.0,100.0
23040,33.070842266082764,9049,0.0,0.0,100.0
23050,33.085745334625244,9049,0.0,0.0,100.0
23060,33.10021090507507,9049,0.0,0.0,100.0
23070,33.11325025558472,9049,0.0,0.0,100.0
23080,33.129937171936035,9049,0.0,0.0,100.0
23090,33.14289355278015,9049,0.0,0.0,100.0
23100,33.15634751319885,9049,0.0,0.0,100.0
23110,33.17322087287903,9049,0.0,0.0,100.0
23120,33.18759560585022,9049,0.0,0.0,100.0
23130,33.202510833740234,9049,0.0,0.0,100.0
23140,33.216474294662476,9049,0.0,0.0,100.0
23150,33.23104667663574,9049,0.0,0.0,100.0
23160,33.24524140357971,9049,0.0,0.0,100.0
23170,33.259214878082275,9049,0.0,0.0,100.0
23180,33.274420738220215,9049,0.0,0.0,100.0
23190,33.288960695266724,9049,0.0,0.0,100.0
23200,33.303576946258545,9049,0.0,0.0,100.0
23210,33.3182635307312,9049,0.0,0.0,100.0
23220,33.333139181137085,9049,0.0,0.0,100.0
23230,33.348875522613525,9049,0.0,0.0,100.0
23240,33.3619384765625,9049,0.0,0.0,100.0
23250,33.375720262527466,9049,0.0,0.0,100.0
23258,33.38805270195007,9050,0.0,0.0,100.0
23260,33.391108989715576,9050,0.0,0.0,100.0
23270,33.40631413459778,9050,0.0,0.0,100.0
23280,33.421018838882446,9050,0.0,0.0,100.0
23290,33.43621039390564,9050,0.0,0.0,100.0
23300,33.45138764381409,9050,0.0,0.0,100.0
23310,33.46575570106506,9050,0.0,0.0,100.0
23320,33.480324268341064,9050,0.0,0.0,100.0
23330,33.494126081466675,9050,0.0,0.0,100.0
23340,33.507108211517334,9050,0.0,0.0,100.0
23350,33.52030944824219,9050,0.0,0.0,100.0
23360,33.53385806083679,9050,0.0,0.0,100.0
23370,33.54873013496399,9050,0.0,0.0,100.0
23380,33.56228542327881,9050,0.0,0.0,100.0
23390,33.57593870162964,9050,0.0,0.0,100.0
23400,33.58781862258911,9050,0.0,0.0,100.0
23410,33.601229429244995,9050,0.0,0.0,100.0
23420,33.61630201339722,9050,0.0,0.0,100.0
23430,33.629225730895996,9050,0.0,0.0,100.0
23440,33.64357542991638,9050,0.0,0.0,100.0
23450,33.65956163406372,9050,0.0,0.0,100.0
23460,33.67508792877197,9050,0.0,0.0,100.0
23470,33.689783334732056,9050,0.0,0.0,100.0
23480,33.70420551300049,9050,0.0,0.0,100.0
23490,33.7185001373291,9050,0.0,0.0,100.0
23500,33.73441171646118,9050,0.0,0.0,100.0
23510,33.74856758117676,9050,0.0,0.0,100.0
23520,33.762317180633545,9050,0.0,0.0,100.0
23530,33.77555561065674,9050,0.0,0.0,100.0
23540,33.789621114730835,9050,0.0,0.0,100.0
23550,33.80372214317322,9050,0.0,0.0,100.0
23560,33.8182327747345,9050,0.0,0.0,100.0
23570,33.83280062675476,9050,0.0,0.0,100.0
23580,33.84712505340576,9050,0.0,0.0,100.0
23590,33.86187410354614,9050,0.0,0.0,100.0
23600,33.87687659263611,9050,0.0,0.0,100.0
23610,33.88978123664856,9050,0.0,0.0,100.0
23620,33.90288782119751,9050,0.0,0.0,100.0
23630,33.917539834976196,9050,0.0,0.0,100.0
23640,33.931291818618774,9050,0.0,0.0,100.0
23650,33.946645975112915,9050,0.0,0.0,100.0
23660,33.96075415611267,9050,0.0,0.0,100.0
23670,33.974772930145264,9051,0.0,0.0,100.0
23680,33.988619327545166,9051,0.0,0.0,100.0
23690,34.00374627113342,9051,0.0,0.0,100.0
23700,34.01889991760254,9051,0.0,0.0,100.0
23710,34.03190994262695,9051,0.0,0.0,100.0
23717,34.042356967926025,9051,0.0,0.0,100.0
23720,34.04708290100098,9051,0.0,0.0,100.0
23730,34.05988812446594,9051,0.0,0.0,100.0
23740,34.07243347167969,9051,0.0,0.0,100.0
23750,34.087058305740356,9051,0.0,0.0,100.0
23760,34.101308822631836,9051,0.0,0.0,100.0
23770,34.11511850357056,9051,0.0,0.0,100.0
23780,34.129997968673706,9051,0.0,0.0,100.0
23790,34.14307880401611,9051,0.0,0.0,100.0
23800,34.1544713973999,9051,0.0,0.0,100.0
23810,34.167566776275635,9051,0.0,0.0,100.0
23820,34.1823935508728,9051,0.0,0.0,100.0
23830,34.1962776184082,9051,0.0,0.0,100.0
23840,34.211095571517944,9051,0.0,0.0,100.0
23850,34.22411298751831,9051,0.0,0.0,100.0
23860,34.237987756729126,9051,0.0,0.0,100.0
23870,34.25150442123413,9051,0.0,0.0,100.0
23880,34.2645161151886,9051,0.0,0.0,100.0
23890,34.277098655700684,9051,0.0,0.0,100.0
23900,34.291802167892456,9051,0.0,0.0,100.0
23910,34.3050172328949,9051,0.0,0.0,100.0
23920,34.31815528869629,9051,0.0,0.0,100.0
23930,34.33253264427185,9051,0.0,0.0,100.0
23940,34.346622467041016,9051,0.0,0.0,100.0
23950,34.35951638221741,9051,0.0,0.0,100.0
23960,34.37346529960632,9051,0.0,0.0,100.0
23970,34.38830876350403,9051,0.0,0.0,100.0
23980,34.40395474433899,9051,0.0,0.0,100.0
23990,34.41826343536377,9051,0.0,0.0,100.0
23995,34.42647576332092,9051,0.0,0.0,100.0
24000,34.43451261520386,9051,0.0,0.0,100.0
24010,34.447598934173584,9051,0.0,0.0,100.0
24020,34.46198129653931,9051,0.0,0.0,100.0
24030,34.480032205581665,9051,0.0,0.0,100.0
24040,34.4944863319397,9051,0.0,0.0,100.0
24050,34.50833082199097,9051,0.0,0.0,100.0
24060,34.522619009017944,9051,0.0,0.0,100.0
24070,34.53627347946167,9051,0.0,0.0,100.0
24080,34.54951786994934,9051,0.0,0.0,100.0
24090,34.56297540664673,9051,0.0,0.0,100.0
24100,34.57749056816101,9051,0.0,0.0,100.0
24110,34.59113621711731,9051,0.0,0.0,100.0
24120,34.60640001296997,9051,0.0,0.0,100.0
24130,34.62211847305298,9051,0.0,0.0,100.0
24131,34.62401556968689,9051,0.0,0.0,100.0
24140,34.635700941085815,9051,0.0,0.0,100.0
24150,34.650551080703735,9051,0.0,0.0,100.0
24160,34.664228677749634,9051,0.0,0.0,100.0
24170,34.67955732345581,9051,0.0,0.0,100.0
24180,34.694817781448364,9051,0.0,0.0,100.0
24190,34.70958876609802,9051,0.0,0.0,100.0
24200,34.7235324382782,9051,0.0,0.0,100.0
24205,34.73043394088745,9051,0.0,0.0,100.0
24210,34.737406730651855,9051,0.0,0.0,100.0
24220,34.75198674201965,9051,0.0,0.0,100.0
24230,34.7667920589447,9051,0.0,0.0,100.0
24240,34.77870464324951,9051,0.0,0.0,100.0
24250,34.79297661781311,9051,0.0,0.0,100.0
24260,34.805999517440796,9051,0.0,0.0,100.0
24263,34.810404777526855,9051,0.0,0.0,100.0
24270,34.819952726364136,9051,0.0,0.0,100.0
24280,34.833542346954346,9051,0.0,0.0,100.0
24290,34.846435546875,9051,0.0,0.0,100.0
24292,34.84983944892883,9051,0.0,0.0,100.0
24300,34.86037302017212,9051,0.0,0.0,100.0
24310,34.875839710235596,9051,0.0,0.0,100.0
24320,34.8916711807251,9051,0.0,0.0,100.0
24330,34.906170129776,9051,0.0,0.0,100.0
24340,34.92081141471863,9051,0.0,0.0,100.0
24350,34.93494701385498,9051,0.0,0.0,100.0
24360,34.94860601425171,9051,0.0,0.0,100.0
24370,34.96251821517944,9051,0.0,0.0,100.0
24380,34.97591853141785,9051,0.0,0.0,100.0
24384,34.981804847717285,9051,0.0,0.0,100.0
24390,34.99121594429016,9051,0.0,0.0,100.0
24400,35.007575035095215,9051,0.0,0.0,100.0
24410,35.02343130111694,9051,0.0,0.0,100.0
24420,35.03741145133972,9051,0.0,0.0,100.0
24430,35.05188775062561,9051,0.0,0.0,100.0
24440,35.064945697784424,9051,0.0,0.0,100.0
24443,35.0697500705719,9051,0.0,0.0,100.0
24450,35.08022618293762,9051,0.0,0.0,100.0
24460,35.09407162666321,9051,0.0,0.0,100.0
24470,35.10739493370056,9051,0.0,0.0,100.0
24480,35.12393116950989,9051,0.0,0.0,100.0
24487,35.13537383079529,9051,0.0,0.0,100.0
24490,35.140244007110596,9051,0.0,0.0,100.0
24500,35.15530014038086,9051,0.0,0.0,100.0
24507,35.16633224487305,9051,0.0,0.0,100.0
24510,35.17033314704895,9051,0.0,0.0,100.0
24520,35.18417048454285,9051,0.0,0.0,100.0
24530,35.1967134475708,9051,0.0,0.0,100.0
24540,35.21100640296936,9051,0.0,0.0,100.0
24550,35.22375750541687,9051,0.0,0.0,100.0
24560,35.238349199295044,9051,0.0,0.0,100.0
24570,35.25206112861633,9051,0.0,0.0,100.0
24580,35.26573038101196,9051,0.0,0.0,100.0
24590,35.28017616271973,9051,0.0,0.0,100.0
24600,35.29424238204956,9051,0.0,0.0,100.0
24610,35.30816459655762,9051,0.0,0.0,100.0
24620,35.324044942855835,9051,0.0,0.0,100.0
24630,35.338852405548096,9051,0.0,0.0,100.0
24640,35.354795694351196,9051,0.0,0.0,100.0
24650,35.36851763725281,9051,0.0,0.0,100.0
24660,35.38311004638672,9051,0.0,0.0,100.0
24670,35.395819902420044,9051,0.0,0.0,100.0
24680,35.411624908447266,9051,0.0,0.0,100.0
24690,35.42796087265015,9051,0.0,0.0,100.0
24700,35.4417781829834,9051,0.0,0.0,100.0
24710,35.455594301223755,9051,0.0,0.0,100.0
24720,35.46981906890869,9051,0.0,0.0,100.0
24730,35.483760833740234,9051,0.0,0.0,100.0
24740,35.497597217559814,9051,0.0,0.0,100.0
24750,35.511656522750854,9051,0.0,0.0,100.0
24760,35.525617361068726,9051,0.0,0.0,100.0
24770,35.53890943527222,9051,0.0,0.0,100.0
24780,35.552903175354004,9051,0.0,0.0,100.0
24790,35.56742548942566,9051,0.0,0.0,100.0
24800,35.581886291503906,9051,0.0,0.0,100.0
24810,35.596285343170166,9051,0.0,0.0,100.0
24820,35.61045527458191,9051,0.0,0.0,100.0
24830,35.625441789627075,9051,0.0,0.0,100.0
24840,35.639604568481445,9051,0.0,0.0,100.0
24850,35.654661655426025,9051,0.0,0.0,100.0
24860,35.66917943954468,9051,0.0,0.0,100.0
24870,35.682085037231445,9051,0.0,0.0,100.0
24880,35.6970431804657,9051,0.0,0.0,100.0
24890,35.71185278892517,9051,0.0,0.0,100.0
24900,35.72661375999451,9051,0.0,0.0,100.0
24910,35.741835832595825,9051,0.0,0.0,100.0
24920,35.75744128227234,9051,0.0,0.0,100.0
24930,35.77287530899048,9051,0.0,0.0,100.0
24940,35.787217140197754,9051,0.0,0.0,100.0
24950,35.80231475830078,9051,0.0,0.0,100.0
24960,35.8200147151947,9051,0.0,0.0,100.0
24970,35.83396077156067,9051,0.0,0.0,100.0
24980,35.84721803665161,9051,0.0,0.0,100.0
24990,35.863667488098145,9051,0.0,0.0,100.0
25000,35.87653160095215,9051,0.0,0.0,100.0
25010,35.89053750038147,9051,0.0,0.0,100.0
25020,35.90422773361206,9051,0.0,0.0,100.0
25030,35.9194176197052,9051,0.0,0.0,100.0
25040,35.934749603271484,9051,0.0,0.0,100.0
25050,35.94804263114929,9051,0.0,0.0,100.0
25060,35.96173286437988,9051,0.0,0.0,100.0
25070,35.97550988197327,9051,0.0,0.0,100.0
25080,35.98946762084961,9051,0.0,0.0,100.0
25090,36.00329089164734,9051,0.0,0.0,100.0
25100,36.01793384552002,9051,0.0,0.0,100.0
25110,36.033153772354126,9051,0.0,0.0,100.0
25120,36.0464768409729,9051,0.0,0.0,100.0
25130,36.06028175354004,9051,0.0,0.0,100.0
25140,36.07343578338623,9051,0.0,0.0,100.0
25150,36.087790966033936,9051,0.0,0.0,100.0
25160,36.10278940200806,9051,0.0,0.0,100.0
25170,36.11611819267273,9051,0.0,0.0,100.0
25180,36.130871057510376,9051,0.0,0.0,100.0
25190,36.1444034576416,9051,0.0,0.0,100.0
25200,36.158531665802,9051,0.0,0.0,100.0
25210,36.17238092422485,9051,0.0,0.0,100.0
25220,36.18784689903259,9051,0.0,0.0,100.0
25230,36.20260763168335,9051,0.0,0.0,100.0
25240,36.217142820358276,9051,0.0,0.0,100.0
25250,36.23016571998596,9051,0.0,0.0,100.0
25260,36.24554896354675,9051,0.0,0.0,100.0
25270,36.25978994369507,9051,0.0,0.0,100.0
25280,36.27325081825256,9051,0.0,0.0,100.0
25290,36.28755855560303,9051,0.0,0.0,100.0
25300,36.30215787887573,9051,0.0,0.0,100.0
25310,36.3172082901001,9051,0.0,0.0,100.0
25320,36.33152961730957,9051,0.0,0.0,100.0
25330,36.34699058532715,9051,0.0,0.0,100.0
25340,36.36355185508728,9051,0.0,0.0,100.0
25350,36.37844371795654,9051,0.0,0.0,100.0
25360,36.3921582698822,9051,0.0,0.0,100.0
25370,36.40776872634888,9051,0.0,0.0,100.0
25380,36.42254328727722,9051,0.0,0.0,100.0
25390,36.43779373168945,9051,0.0,0.0,100.0
25400,36.450926780700684,9051,0.0,0.0,100.0
25410,36.46571946144104,9051,0.0,0.0,100.0
25420,36.47954225540161,9051,0.0,0.0,100.0
25430,36.49401545524597,9051,0.0,0.0,100.0
25440,36.506255865097046,9051,0.0,0.0,100.0
25450,36.518707513809204,9051,0.0,0.0,100.0
25460,36.53439211845398,9051,0.0,0.0,100.0
25470,36.54871129989624,9051,0.0,0.0,100.0
25480,36.56263017654419,9051,0.0,0.0,100.0
25490,36.57684397697449,9051,0.0,0.0,100.0
25500,36.59334063529968,9051,0.0,0.0,100.0
25510,36.606356382369995,9051,0.0,0.0,100.0
25520,36.62144088745117,9051,0.0,0.0,100.0
25530,36.63511681556702,9051,0.0,0.0,100.0
25540,36.64929795265198,9051,0.0,0.0,100.0
25550,36.66534662246704,9051,0.0,0.0,100.0
25560,36.68167471885681,9051,0.0,0.0,100.0
25570,36.697471618652344,9051,0.0,0.0,100.0
25580,36.710713386535645,9051,0.0,0.0,100.0
25590,36.72539401054382,9051,0.0,0.0,100.0
25600,36.74107527732849,9051,0.0,0.0,100.0
25610,36.755000829696655,9051,0.0,0.0,100.0
25620,36.76935911178589,9051,0.0,0.0,100.0
25630,36.78391623497009,9051,0.0,0.0,100.0
25640,36.79892921447754,9051,0.0,0.0,100.0
25650,36.811697006225586,9051,0.0,0.0,100.0
25660,36.82612204551697,9051,0.0,0.0,100.0
25670,36.84217381477356,9051,0.0,0.0,100.0
25680,36.85466408729553,9051,0.0,0.0,100.0
25690,36.86982202529907,9051,0.0,0.0,100.0
25696,36.87772464752197,9051,0.0,0.0,100.0
25700,36.88344717025757,9051,0.0,0.0,100.0
25710,36.89674472808838,9051,0.0,0.0,100.0
25720,36.91136813163757,9051,0.0,0.0,100.0
25730,36.92583107948303,9051,0.0,0.0,100.0
25732,36.929200172424316,9051,0.0,0.0,100.0
25740,36.94090151786804,9051,0.0,0.0,100.0
25750,36.95546507835388,9051,0.0,0.0,100.0
25760,36.9716215133667,9051,0.0,0.0,100.0
25770,36.98595142364502,9051,0.0,0.0,100.0
25780,36.99980974197388,9051,0.0,0.0,100.0
25790,37.013877391815186,9051,0.0,0.0,100.0
25800,37.028401136398315,9051,0.0,0.0,100.0
25810,37.044050216674805,9051,0.0,0.0,100.0
25820,37.05833077430725,9051,0.0,0.0,100.0
25830,37.07335042953491,9051,0.0,0.0,100.0
25840,37.088526010513306,9051,0.0,0.0,100.0
25850,37.10347867012024,9051,0.0,0.0,100.0
25860,37.1171088218689,9051,0.0,0.0,100.0
25870,37.131579875946045,9051,0.0,0.0,100.0
25880,37.14547777175903,9051,0.0,0.0,100.0
25890,37.1597957611084,9051,0.0,0.0,100.0
25898,37.17271566390991,9052,0.0,0.0,100.0
25900,37.17604398727417,9052,0.0,0.0,100.0
25910,37.19192385673523,9052,0.0,0.0,100.0
25920,37.207003116607666,9052,0.0,0.0,100.0
25930,37.223283529281616,9052,0.0,0.0,100.0
25940,37.23782825469971,9052,0.0,0.0,100.0
25950,37.25250840187073,9052,0.0,0.0,100.0
25960,37.268025159835815,9052,0.0,0.0,100.0
25970,37.28073716163635,9052,0.0,0.0,100.0
25980,37.29560923576355,9052,0.0,0.0,100.0
25990,37.31096649169922,9052,0.0,0.0,100.0
26000,37.32629442214966,9052,0.0,0.0,100.0
26010,37.34173583984375,9052,0.0,0.0,100.0
26020,37.35759711265564,9052,0.0,0.0,100.0
26030,37.373828649520874,9052,0.0,0.0,100.0
26040,37.388652086257935,9052,0.0,0.0,100.0
26050,37.403239727020264,9052,0.0,0.0,100.0
26060,37.41975116729736,9052,0.0,0.0,100.0
26070,37.4339497089386,9052,0.0,0.0,100.0
26080,37.44858694076538,9052,0.0,0.0,100.0
26090,37.46133279800415,9052,0.0,0.0,100.0
26100,37.4741747379303,9052,0.0,0.0,100.0
26110,37.49120807647705,9052,0.0,0.0,100.0
26111,37.49315595626831,9052,0.0,0.0,100.0
26120,37.506325244903564,9052,0.0,0.0,100.0
26130,37.521013021469116,9052,0.0,0.0,100.0
26140,37.536065101623535,9052,0.0,0.0,100.0
26150,37.550509452819824,9052,0.0,0.0,100.0
26160,37.56480383872986,9052,0.0,0.0,100.0
26170,37.578742265701294,9052,0.0,0.0,100.0
26180,37.59246563911438,9052,0.0,0.0,100.0
26183,37.59759569168091,9052,0.0,0.0,100.0
26190,37.60728478431702,9052,0.0,0.0,100.0
26200,37.62176322937012,9052,0.0,0.0,100.0
26210,37.63597822189331,9052,0.0,0.0,100.0
26220,37.649704456329346,9052,0.0,0.0,100.0
26230,37.66442251205444,9052,0.0,0.0,100.0
26240,37.68094873428345,9052,0.0,0.0,100.0
26250,37.69654893875122,9052,0.0,0.0,100.0
26260,37.71154975891113,9052,0.0,0.0,100.0
26270,37.727256536483765,9052,0.0,0.0,100.0
26280,37.74326539039612,9052,0.0,0.0,100.0
26290,37.756911516189575,9052,0.0,0.0,100.0
26300,37.771331548690796,9052,0.0,0.0,100.0
26310,37.7859468460083,9052,0.0,0.0,100.0
26320,37.79947519302368,9052,0.0,0.0,100.0
26330,37.81353306770325,9052,0.0,0.0,100.0
26340,37.828518867492676,9052,0.0,0.0,100.0
26350,37.84437441825867,9052,0.0,0.0,100.0
26360,37.8578245639801,9052,0.0,0.0,100.0
26370,37.872135162353516,9052,0.0,0.0,100.0
26380,37.88796782493591,9052,0.0,0.0,100.0
26386,37.89794683456421,9053,0.0,0.0,100.0
26388,37.900625467300415,9053,0.0,0.0,100.0
26390,37.90247821807861,9053,0.0,0.0,100.0
26400,37.918054819107056,9053,0.0,0.0,100.0
26410,37.9327757358551,9053,0.0,0.0,100.0
26420,37.948073387145996,9053,0.0,0.0,100.0
26430,37.961002826690674,9053,0.0,0.0,100.0
26440,37.974018812179565,9053,0.0,0.0,100.0
26450,37.98866891860962,9053,0.0,0.0,100.0
26460,38.004151582717896,9053,0.0,0.0,100.0
26470,38.01957845687866,9053,0.0,0.0,100.0
26480,38.03396821022034,9053,0.0,0.0,100.0
26490,38.04821968078613,9053,0.0,0.0,100.0
26500,38.06189846992493,9053,0.0,0.0,100.0
26510,38.07624435424805,9053,0.0,0.0,100.0
26520,38.090411901474,9053,0.0,0.0,100.0
26530,38.104273080825806,9053,0.0,0.0,100.0
26540,38.11917448043823,9053,0.0,0.0,100.0
26550,38.13387060165405,9053,0.0,0.0,100.0
26560,38.14903950691223,9053,0.0,0.0,100.0
26570,38.16425275802612,9053,0.0,0.0,100.0
26580,38.17824578285217,9053,0.0,0.0,100.0
26590,38.19015169143677,9053,0.0,0.0,100.0
26600,38.20397710800171,9053,0.0,0.0,100.0
26610,38.21864080429077,9053,0.0,0.0,100.0
26620,38.23184251785278,9053,0.0,0.0,100.0
26621,38.23362445831299,9053,0.0,0.0,100.0
26630,38.2466938495636,9053,0.0,0.0,100.0
26640,38.25967597961426,9053,0.0,0.0,100.0
26650,38.27284526824951,9053,0.0,0.0,100.0
26660,38.28517150878906,9053,0.0,0.0,100.0
26670,38.29780960083008,9053,0.0,0.0,100.0
26680,38.31208920478821,9053,0.0,0.0,100.0
26690,38.325889110565186,9053,0.0,0.0,100.0
26700,38.340786933898926,9053,0.0,0.0,100.0
26710,38.35812163352966,9053,0.0,0.0,100.0
26720,38.372276306152344,9053,0.0,0.0,100.0
26722,38.37505102157593,9053,0.0,0.0,100.0
26730,38.38612699508667,9053,0.0,0.0,100.0
26740,38.400002241134644,9053,0.0,0.0,100.0
26750,38.4146363735199,9053,0.0,0.0,100.0
26760,38.42960286140442,9053,0.0,0.0,100.0
26770,38.44391345977783,9053,0.0,0.0,100.0
26780,38.45814299583435,9053,0.0,0.0,100.0
26790,38.47167491912842,9053,0.0,0.0,100.0
26800,38.48646783828735,9053,0.0,0.0,100.0
26810,38.50144934654236,9053,0.0,0.0,100.0
26820,38.517088413238525,9053,0.0,0.0,100.0
26830,38.53200340270996,9053,0.0,0.0,100.0
26840,38.54531240463257,9053,0.0,0.0,100.0
26850,38.56034874916077,9053,0.0,0.0,100.0
26860,38.5763738155365,9053,0.0,0.0,100.0
26870,38.590811014175415,9053,0.0,0.0,100.0
26880,38.60527968406677,9053,0.0,0.0,100.0
26890,38.619423627853394,9053,0.0,0.0,100.0
26900,38.63453912734985,9053,0.0,0.0,100.0
26910,38.64987874031067,9053,0.0,0.0,100.0
26920,38.664681911468506,9053,0.0,0.0,100.0
26930,38.67859244346619,9053,0.0,0.0,100.0
26940,38.69316554069519,9053,0.0,0.0,100.0
26950,38.70631003379822,9053,0.0,0.0,100.0
26960,38.72019410133362,9053,0.0,0.0,100.0
26970,38.73282265663147,9053,0.0,0.0,100.0
26980,38.748602867126465,9053,0.0,0.0,100.0
26990,38.76369881629944,9053,0.0,0.0,100.0
27000,38.7787139415741,9053,0.0,0.0,100.0
27010,38.792004346847534,9053,0.0,0.0,100.0
27020,38.80691933631897,9053,0.0,0.0,100.0
27030,38.82338547706604,9053,0.0,0.0,100.0
27040,38.836055755615234,9053,0.0,0.0,100.0
27050,38.85030770301819,9053,0.0,0.0,100.0
27060,38.86665678024292,9053,0.0,0.0,100.0
27070,38.88096761703491,9053,0.0,0.0,100.0
27080,38.895530223846436,9053,0.0,0.0,100.0
27090,38.909939765930176,9053,0.0,0.0,100.0
27100,38.925087451934814,9053,0.0,0.0,100.0
27110,38.93909764289856,9053,0.0,0.0,100.0
27120,38.95322251319885,9053,0.0,0.0,100.0
27130,38.96844673156738,9053,0.0,0.0,100.0
27140,38.98283839225769,9053,0.0,0.0,100.0
27150,38.996137380599976,9053,0.0,0.0,100.0
27160,39.01170349121094,9053,0.0,0.0,100.0
27170,39.027079343795776,9053,0.0,0.0,100.0
27180,39.04244089126587,9053,0.0,0.0,100.0
27190,39.056347131729126,9053,0.0,0.0,100.0
27200,39.071595191955566,9053,0.0,0.0,100.0
27210,39.08507037162781,9053,0.0,0.0,100.0
27220,39.09931302070618,9053,0.0,0.0,100.0
27230,39.11443877220154,9053,0.0,0.0,100.0
27240,39.129472494125366,9053,0.0,0.0,100.0
27250,39.143837451934814,9053,0.0,0.0,100.0
27260,39.15907144546509,9053,0.0,0.0,100.0
27270,39.173367977142334,9053,0.0,0.0,100.0
27280,39.18742823600769,9053,0.0,0.0,100.0
27290,39.19966650009155,9053,0.0,0.0,100.0
27300,39.21466422080994,9053,0.0,0.0,100.0
27310,39.22716546058655,9053,0.0,0.0,100.0
27320,39.24242949485779,9053,0.0,0.0,100.0
27328,39.25344371795654,9053,0.0,0.0,100.0
27330,39.255889892578125,9053,0.0,0.0,100.0
27340,39.27027940750122,9053,0.0,0.0,100.0
27350,39.28500509262085,9053,0.0,0.0,100.0
27360,39.298136949539185,9053,0.0,0.0,100.0
27370,39.31173777580261,9053,0.0,0.0,100.0
27380,39.32653737068176,9053,0.0,0.0,100.0
27390,39.340686559677124,9053,0.0,0.0,100.0
27400,39.356109857559204,9053,0.0,0.0,100.0
27410,39.369873046875,9053,0.0,0.0,100.0
27420,39.38420128822327,9053,0.0,0.0,100.0
27430,39.39844369888306,9053,0.0,0.0,100.0
27440,39.41325902938843,9053,0.0,0.0,100.0
27443,39.416990518569946,9053,0.0,0.0,100.0
27450,39.426416635513306,9053,0.0,0.0,100.0
27460,39.44090914726257,9053,0.0,0.0,100.0
27470,39.4542772769928,9053,0.0,0.0,100.0
27480,39.468576192855835,9053,0.0,0.0,100.0
27490,39.483891248703,9053,0.0,0.0,100.0
27500,39.496500730514526,9053,0.0,0.0,100.0
27510,39.50827765464783,9053,0.0,0.0,100.0
27520,39.52332091331482,9053,0.0,0.0,100.0
27530,39.5386221408844,9053,0.0,0.0,100.0
27540,39.55168032646179,9053,0.0,0.0,100.0
27550,39.56551933288574,9053,0.0,0.0,100.0
27560,39.58066725730896,9053,0.0,0.0,100.0
27570,39.59444069862366,9053,0.0,0.0,100.0
27580,39.610010385513306,9053,0.0,0.0,100.0
27590,39.625051736831665,9053,0.0,0.0,100.0
27600,39.637778997421265,9053,0.0,0.0,100.0
27610,39.651756048202515,9053,0.0,0.0,100.0
27620,39.666778326034546,9053,0.0,0.0,100.0
27630,39.680575370788574,9053,0.0,0.0,100.0
27640,39.69416689872742,9053,0.0,0.0,100.0
27650,39.70796012878418,9053,0.0,0.0,100.0
27660,39.72491788864136,9053,0.0,0.0,100.0
27670,39.73849868774414,9053,0.0,0.0,100.0
27680,39.75235104560852,9053,0.0,0.0,100.0
27690,39.76630187034607,9053,0.0,0.0,100.0
27700,39.77837824821472,9053,0.0,0.0,100.0
27710,39.79302191734314,9053,0.0,0.0,100.0
27720,39.80808091163635,9053,0.0,0.0,100.0
27730,39.82297325134277,9053,0.0,0.0,100.0
27740,39.837368965148926,9053,0.0,0.0,100.0
27750,39.85256338119507,9053,0.0,0.0,100.0
27760,39.86798357963562,9053,0.0,0.0,100.0
27770,39.88263440132141,9053,0.0,0.0,100.0
27780,39.896756172180176,9053,0.0,0.0,100.0
27790,39.9117476940155,9053,0.0,0.0,100.0
27800,39.926716566085815,9053,0.0,0.0,100.0
27810,39.94199085235596,9053,0.0,0.0,100.0
27820,39.9557888507843,9053,0.0,0.0,100.0
27830,39.97080421447754,9053,0.0,0.0,100.0
27840,39.985169887542725,9053,0.0,0.0,100.0
27850,39.998801708221436,9053,0.0,0.0,100.0
27860,40.012088775634766,9053,0.0,0.0,100.0
27870,40.02652311325073,9053,0.0,0.0,100.0
27880,40.03936505317688,9053,0.0,0.0,100.0
27890,40.05537819862366,9053,0.0,0.0,100.0
27900,40.07035541534424,9053,0.0,0.0,100.0
27910,40.08430480957031,9053,0.0,0.0,100.0
27920,40.0983247756958,9053,0.0,0.0,100.0
27930,40.11253762245178,9053,0.0,0.0,100.0
27940,40.12683868408203,9053,0.0,0.0,100.0
27950,40.13954520225525,9053,0.0,0.0,100.0
27960,40.154505252838135,9053,0.0,0.0,100.0
27970,40.16776776313782,9053,0.0,0.0,100.0
27980,40.182111978530884,9053,0.0,0.0,100.0
27990,40.19595909118652,9053,0.0,0.0,100.0
28000,40.21052598953247,9053,0.0,0.0,100.0
28010,40.22468638420105,9053,0.0,0.0,100.0
28020,40.23896336555481,9053,0.0,0.0,100.0
28030,40.25066542625427,9053,0.0,0.0,100.0
28040,40.265172243118286,9053,0.0,0.0,100.0
28050,40.279463052749634,9053,0.0,0.0,100.0
28060,40.293744802474976,9053,0.0,0.0,100.0
28070,40.30752229690552,9053,0.0,0.0,100.0
28080,40.321940422058105,9053,0.0,0.0,100.0
28090,40.33801484107971,9053,0.0,0.0,100.0
28100,40.35412573814392,9053,0.0,0.0,100.0
28110,40.36944389343262,9053,0.0,0.0,100.0
28120,40.38438296318054,9053,0.0,0.0,100.0
28130,40.39802432060242,9053,0.0,0.0,100.0
28140,40.412386894226074,9053,0.0,0.0,100.0
28150,40.42557692527771,9053,0.0,0.0,100.0
28160,40.43931818008423,9053,0.0,0.0,100.0
28170,40.45359539985657,9053,0.0,0.0,100.0
28180,40.46852970123291,9053,0.0,0.0,100.0
28190,40.48155975341797,9053,0.0,0.0,100.0
28200,40.495370626449585,9053,0.0,0.0,100.0
28210,40.50952100753784,9053,0.0,0.0,100.0
28220,40.52505898475647,9053,0.0,0.0,100.0
28230,40.53989505767822,9053,0.0,0.0,100.0
28240,40.55247902870178,9053,0.0,0.0,100.0
28250,40.56769347190857,9053,0.0,0.0,100.0
28260,40.58376455307007,9053,0.0,0.0,100.0
28270,40.59782886505127,9053,0.0,0.0,100.0
28280,40.61168432235718,9053,0.0,0.0,100.0
28290,40.62712216377258,9053,0.0,0.0,100.0
28300,40.64475607872009,9053,0.0,0.0,100.0
28310,40.663371562957764,9053,0.0,0.0,100.0
28320,40.67834162712097,9053,0.0,0.0,100.0
28330,40.69364023208618,9053,0.0,0.0,100.0
28340,40.706724405288696,9053,0.0,0.0,100.0
28350,40.72116255760193,9053,0.0,0.0,100.0
28360,40.733322620391846,9053,0.0,0.0,100.0
28364,40.73990321159363,9053,0.0,0.0,100.0
28370,40.74701261520386,9053,0.0,0.0,100.0
28380,40.76207995414734,9053,0.0,0.0,100.0
28390,40.777220010757446,9053,0.0,0.0,100.0
28400,40.792590856552124,9053,0.0,0.0,100.0
28410,40.808180809020996,9053,0.0,0.0,100.0
28420,40.82301473617554,9053,0.0,0.0,100.0
28430,40.83705735206604,9053,0.0,0.0,100.0
28440,40.85148549079895,9053,0.0,0.0,100.0
28450,40.869162797927856,9053,0.0,0.0,100.0
28460,40.889052391052246,9053,0.0,0.0,100.0
28470,40.91433548927307,9053,0.0,0.0,100.0
28480,40.931212425231934,9053,0.0,0.0,100.0
28490,40.951988697052,9053,0.0,0.0,100.0
28500,40.96971416473389,9053,0.0,0.0,100.0
28510,40.984431982040405,9053,0.0,0.0,100.0
28520,40.998456954956055,9053,0.0,0.0,100.0
28530,41.012372970581055,9053,0.0,0.0,100.0
28540,41.027427196502686,9053,0.0,0.0,100.0
28550,41.04176449775696,9053,0.0,0.0,100.0
28560,41.056822299957275,9053,0.0,0.0,100.0
28570,41.072614431381226,9053,0.0,0.0,100.0
28580,41.087289333343506,9053,0.0,0.0,100.0
28590,41.10179829597473,9053,0.0,0.0,100.0
28600,41.11551904678345,9053,0.0,0.0,100.0
28610,41.12932991981506,9053,0.0,0.0,100.0
28620,41.143837213516235,9053,0.0,0.0,100.0
28630,41.15960717201233,9053,0.0,0.0,100.0
28640,41.174270153045654,9053,0.0,0.0,100.0
28650,41.186572551727295,9053,0.0,0.0,100.0
28660,41.20174264907837,9053,0.0,0.0,100.0
28670,41.21638083457947,9053,0.0,0.0,100.0
28680,41.23062324523926,9053,0.0,0.0,100.0
28690,41.245529890060425,9053,0.0,0.0,100.0
28700,41.25964307785034,9053,0.0,0.0,100.0
28710,41.27486824989319,9053,0.0,0.0,100.0
28720,41.28905487060547,9053,0.0,0.0,100.0
28730,41.30268406867981,9053,0.0,0.0,100.0
28740,41.317588806152344,9053,0.0,0.0,100.0
28750,41.33023381233215,9053,0.0,0.0,100.0
28760,41.34443807601929,9053,0.0,0.0,100.0
28770,41.35855555534363,9053,0.0,0.0,100.0
28780,41.37532353401184,9053,0.0,0.0,100.0
28790,41.390315532684326,9053,0.0,0.0,100.0
28800,41.40454888343811,9053,0.0,0.0,100.0
28810,41.42095065116882,9053,0.0,0.0,100.0
28820,41.436254262924194,9053,0.0,0.0,100.0
28830,41.45166492462158,9053,0.0,0.0,100.0
28840,41.46657347679138,9053,0.0,0.0,100.0
28850,41.48203134536743,9053,0.0,0.0,100.0
28860,41.497355699539185,9053,0.0,0.0,100.0
28870,41.51313638687134,9053,0.0,0.0,100.0
28880,41.52658557891846,9053,0.0,0.0,100.0
28890,41.5413179397583,9053,0.0,0.0,100.0
28900,41.555383920669556,9053,0.0,0.0,100.0
28910,41.569435358047485,9053,0.0,0.0,100.0
28920,41.58423447608948,9053,0.0,0.0,100.0
28930,41.598663330078125,9053,0.0,0.0,100.0
28940,41.611844301223755,9053,0.0,0.0,100.0
28950,41.6263701915741,9053,0.0,0.0,100.0
28960,41.6385293006897,9053,0.0,0.0,100.0
28970,41.65306329727173,9053,0.0,0.0,100.0
28980,41.66672873497009,9053,0.0,0.0,100.0
28990,41.68116211891174,9053,0.0,0.0,100.0
29000,41.695847511291504,9053,0.0,0.0,100.0
29010,41.71008062362671,9053,0.0,0.0,100.0
29020,41.72347664833069,9053,0.0,0.0,100.0
29030,41.73856282234192,9053,0.0,0.0,100.0
29040,41.75415515899658,9053,0.0,0.0,100.0
29050,41.76765441894531,9053,0.0,0.0,100.0
29060,41.78079652786255,9053,0.0,0.0,100.0
29070,41.79442811012268,9053,0.0,0.0,100.0
29073,41.79874587059021,9053,0.0,0.0,100.0
29080,41.807828426361084,9053,0.0,0.0,100.0
29090,41.81978416442871,9053,0.0,0.0,100.0
29100,41.835021018981934,9053,0.0,0.0,100.0
29110,41.84912729263306,9053,0.0,0.0,100.0
29120,41.86407709121704,9053,0.0,0.0,100.0
29130,41.87825894355774,9053,0.0,0.0,100.0
29140,41.892120361328125,9053,0.0,0.0,100.0
29150,41.9058952331543,9053,0.0,0.0,100.0
29160,41.92087483406067,9053,0.0,0.0,100.0
29170,41.93588733673096,9053,0.0,0.0,100.0
29180,41.94995903968811,9053,0.0,0.0,100.0
29190,41.96324920654297,9053,0.0,0.0,100.0
29200,41.9770085811615,9053,0.0,0.0,100.0
29210,41.99186158180237,9053,0.0,0.0,100.0
29220,42.004531383514404,9053,0.0,0.0,100.0
29230,42.019516944885254,9053,0.0,0.0,100.0
29240,42.03443717956543,9053,0.0,0.0,100.0
29250,42.048584938049316,9053,0.0,0.0,100.0
29260,42.060280561447144,9053,0.0,0.0,100.0
29270,42.07258868217468,9053,0.0,0.0,100.0
29280,42.08689856529236,9053,0.0,0.0,100.0
29290,42.102081537246704,9053,0.0,0.0,100.0
29300,42.11588382720947,9053,0.0,0.0,100.0
29310,42.131614208221436,9053,0.0,0.0,100.0
29320,42.146549463272095,9053,0.0,0.0,100.0
29330,42.16105318069458,9053,0.0,0.0,100.0
29340,42.17557740211487,9053,0.0,0.0,100.0
29350,42.191197633743286,9053,0.0,0.0,100.0
29360,42.20492672920227,9053,0.0,0.0,100.0
29370,42.218796491622925,9053,0.0,0.0,100.0
29380,42.23369812965393,9053,0.0,0.0,100.0
29390,42.24739623069763,9053,0.0,0.0,100.0
29400,42.261362075805664,9053,0.0,0.0,100.0
29410,42.27552008628845,9053,0.0,0.0,100.0
29420,42.289348125457764,9053,0.0,0.0,100.0
29430,42.30370497703552,9053,0.0,0.0,100.0
29440,42.31861138343811,9053,0.0,0.0,100.0
29450,42.33293414115906,9053,0.0,0.0,100.0
29460,42.34547233581543,9053,0.0,0.0,100.0
29470,42.36001992225647,9053,0.0,0.0,100.0
29480,42.37640404701233,9053,0.0,0.0,100.0
29490,42.38948583602905,9053,0.0,0.0,100.0
29500,42.40199398994446,9053,0.0,0.0,100.0
29510,42.41641640663147,9053,0.0,0.0,100.0
29520,42.42964577674866,9053,0.0,0.0,100.0
29530,42.444127321243286,9053,0.0,0.0,100.0
29540,42.45725965499878,9053,0.0,0.0,100.0
29550,42.472161054611206,9053,0.0,0.0,100.0
29560,42.487364292144775,9053,0.0,0.0,100.0
29570,42.50308322906494,9053,0.0,0.0,100.0
29580,42.51756024360657,9053,0.0,0.0,100.0
29584,42.523730516433716,9053,0.0,0.0,100.0
29590,42.53274393081665,9053,0.0,0.0,100.0
29600,42.54601168632507,9053,0.0,0.0,100.0
29610,42.561007261276245,9053,0.0,0.0,100.0
29620,42.576448917388916,9053,0.0,0.0,100.0
29630,42.58997178077698,9053,0.0,0.0,100.0
29640,42.60429000854492,9053,0.0,0.0,100.0
29650,42.61819076538086,9053,0.0,0.0,100.0
29660,42.63216805458069,9053,0.0,0.0,100.0
29670,42.6472647190094,9053,0.0,0.0,100.0
29680,42.66141939163208,9053,0.0,0.0,100.0
29690,42.67635250091553,9053,0.0,0.0,100.0
29700,42.68917107582092,9053,0.0,0.0,100.0
29710,42.704430103302,9053,0.0,0.0,100.0
29720,42.71904397010803,9053,0.0,0.0,100.0
29730,42.734944343566895,9053,0.0,0.0,100.0
29740,42.74829912185669,9053,0.0,0.0,100.0
29750,42.76286578178406,9053,0.0,0.0,100.0
29760,42.77909016609192,9053,0.0,0.0,100.0
29770,42.79333734512329,9053,0.0,0.0,100.0
29780,42.80792164802551,9053,0.0,0.0,100.0
29790,42.8224732875824,9053,0.0,0.0,100.0
29800,42.83550500869751,9053,0.0,0.0,100.0
29810,42.850465536117554,9053,0.0,0.0,100.0
29820,42.86579084396362,9053,0.0,0.0,100.0
29830,42.881338357925415,9053,0.0,0.0,100.0
29840,42.893019676208496,9053,0.0,0.0,100.0
29850,42.90817308425903,9053,0.0,0.0,100.0
29851,42.9100296497345,9053,0.0,0.0,100.0
29860,42.92233324050903,9053,0.0,0.0,100.0
29870,42.93756079673767,9053,0.0,0.0,100.0
29880,42.95033144950867,9053,0.0,0.0,100.0
29890,42.9646577835083,9053,0.0,0.0,100.0
29900,42.977736473083496,9053,0.0,0.0,100.0
29910,42.99156999588013,9053,0.0,0.0,100.0
29920,43.00413227081299,9053,0.0,0.0,100.0
29930,43.01852226257324,9053,0.0,0.0,100.0
29935,43.02874159812927,9053,0.0,0.0,100.0
29940,43.03604483604431,9053,0.0,0.0,100.0
29950,43.05236315727234,9053,0.0,0.0,100.0
29960,43.0656955242157,9053,0.0,0.0,100.0
29970,43.08029389381409,9053,0.0,0.0,100.0
29980,43.09561824798584,9053,0.0,0.0,100.0
29990,43.10951066017151,9053,0.0,0.0,100.0
30000,43.12400460243225,9053,0.0,0.0,100.0
30010,43.137803077697754,9053,0.0,0.0,100.0
30020,43.15114641189575,9053,0.0,0.0,100.0
30024,43.15756845474243,9053,0.0,0.0,100.0
30030,43.16562843322754,9053,0.0,0.0,100.0
30040,43.17898964881897,9053,0.0,0.0,100.0
30050,43.19223499298096,9053,0.0,0.0,100.0
30060,43.20643138885498,9053,0.0,0.0,100.0
30070,43.221861600875854,9053,0.0,0.0,100.0
30080,43.23759412765503,9053,0.0,0.0,100.0
30090,43.25306844711304,9053,0.0,0.0,100.0
30100,43.26735258102417,9053,0.0,0.0,100.0
30110,43.2818398475647,9053,0.0,0.0,100.0
30120,43.29540967941284,9053,0.0,0.0,100.0
30130,43.3092098236084,9053,0.0,0.0,100.0
30140,43.324748039245605,9053,0.0,0.0,100.0
30150,43.33907437324524,9053,0.0,0.0,100.0
30160,43.35284996032715,9053,0.0,0.0,100.0
30170,43.36633324623108,9053,0.0,0.0,100.0
30180,43.38198900222778,9053,0.0,0.0,100.0
30190,43.39471101760864,9053,0.0,0.0,100.0
30200,43.4084587097168,9053,0.0,0.0,100.0
30210,43.42290639877319,9053,0.0,0.0,100.0
30220,43.43676495552063,9053,0.0,0.0,100.0
30230,43.450087547302246,9053,0.0,0.0,100.0
30240,43.46447277069092,9053,0.0,0.0,100.0
30250,43.479618072509766,9053,0.0,0.0,100.0
30260,43.49274682998657,9053,0.0,0.0,100.0
30270,43.50773549079895,9053,0.0,0.0,100.0
30280,43.52160453796387,9053,0.0,0.0,100.0
30290,43.53659653663635,9053,0.0,0.0,100.0
30300,43.550851345062256,9053,0.0,0.0,100.0
30310,43.56496047973633,9053,0.0,0.0,100.0
30320,43.579256534576416,9053,0.0,0.0,100.0
30330,43.5926775932312,9053,0.0,0.0,100.0
30340,43.60644006729126,9053,0.0,0.0,100.0
30350,43.622387409210205,9053,0.0,0.0,100.0
30360,43.636266469955444,9053,0.0,0.0,100.0
30370,43.65066599845886,9053,0.0,0.0,100.0
30380,43.663764238357544,9053,0.0,0.0,100.0
30390,43.6775848865509,9053,0.0,0.0,100.0
30400,43.691264152526855,9053,0.0,0.0,100.0
30410,43.70595407485962,9053,0.0,0.0,100.0
30420,43.71963906288147,9053,0.0,0.0,100.0
30430,43.73314952850342,9053,0.0,0.0,100.0
30440,43.74670457839966,9053,0.0,0.0,100.0
30450,43.76013445854187,9053,0.0,0.0,100.0
30460,43.77374577522278,9053,0.0,0.0,100.0
30470,43.787251710891724,9053,0.0,0.0,100.0
30480,43.80104398727417,9053,0.0,0.0,100.0
30489,43.81474256515503,9053,0.0,0.0,100.0
30490,43.81628704071045,9053,0.0,0.0,100.0
30500,43.83001136779785,9053,0.0,0.0,100.0
30510,43.84375476837158,9053,0.0,0.0,100.0
30520,43.85735487937927,9053,0.0,0.0,100.0
30530,43.870997190475464,9053,0.0,0.0,100.0
30540,43.88516569137573,9053,0.0,0.0,100.0
30550,43.89883637428284,9053,0.0,0.0,100.0
30560,43.913110971450806,9053,0.0,0.0,100.0
30570,43.92652916908264,9053,0.0,0.0,100.0
30580,43.9426953792572,9053,0.0,0.0,100.0
30590,43.95797538757324,9053,0.0,0.0,100.0
30600,43.97273087501526,9053,0.0,0.0,100.0
30610,43.98759198188782,9053,0.0,0.0,100.0
30620,44.00252437591553,9053,0.0,0.0,100.0
30630,44.01633024215698,9053,0.0,0.0,100.0
30640,44.03025269508362,9053,0.0,0.0,100.0
30650,44.04474949836731,9053,0.0,0.0,100.0
30660,44.06002974510193,9053,0.0,0.0,100.0
30670,44.07410502433777,9053,0.0,0.0,100.0
30680,44.08884286880493,9053,0.0,0.0,100.0
30690,44.10229182243347,9053,0.0,0.0,100.0
30700,44.11698126792908,9053,0.0,0.0,100.0
30710,44.13224220275879,9053,0.0,0.0,100.0
30720,44.147695541381836,9053,0.0,0.0,100.0
30730,44.16213893890381,9053,0.0,0.0,100.0
30740,44.17662286758423,9053,0.0,0.0,100.0
30750,44.1913001537323,9053,0.0,0.0,100.0
30760,44.20511746406555,9053,0.0,0.0,100.0
30770,44.21798634529114,9053,0.0,0.0,100.0
30774,44.22438168525696,9053,0.0,0.0,100.0
30780,44.23370552062988,9053,0.0,0.0,100.0
30790,44.247649908065796,9053,0.0,0.0,100.0
30800,44.26131725311279,9053,0.0,0.0,100.0
30810,44.2736439704895,9053,0.0,0.0,100.0
30820,44.28653264045715,9053,0.0,0.0,100.0
30830,44.29914331436157,9053,0.0,0.0,100.0
30840,44.313167572021484,9053,0.0,0.0,100.0
30850,44.32700157165527,9053,0.0,0.0,100.0
30860,44.34151268005371,9053,0.0,0.0,100.0
30870,44.35791802406311,9053,0.0,0.0,100.0
30880,44.37254238128662,9053,0.0,0.0,100.0
30890,44.38786005973816,9053,0.0,0.0,100.0
30900,44.401365756988525,9053,0.0,0.0,100.0
30910,44.41487264633179,9053,0.0,0.0,100.0
30920,44.427778482437134,9053,0.0,0.0,100.0
30930,44.44213151931763,9053,0.0,0.0,100.0
30940,44.45626974105835,9053,0.0,0.0,100.0
30950,44.4700231552124,9053,0.0,0.0,100.0
30960,44.48233222961426,9053,0.0,0.0,100.0
30970,44.495675802230835,9053,0.0,0.0,100.0
30980,44.51021957397461,9053,0.0,0.0,100.0
30990,44.52560901641846,9053,0.0,0.0,100.0
31000,44.538965463638306,9053,0.0,0.0,100.0
31010,44.55325222015381,9053,0.0,0.0,100.0
31020,44.567073822021484,9053,0.0,0.0,100.0
31030,44.580360651016235,9053,0.0,0.0,100.0
31040,44.59413146972656,9053,0.0,0.0,100.0
31050,44.6086323261261,9053,0.0,0.0,100.0
31060,44.623252630233765,9053,0.0,0.0,100.0
31070,44.63827180862427,9053,0.0,0.0,100.0
31080,44.65380883216858,9053,0.0,0.0,100.0
31090,44.668148040771484,9053,0.0,0.0,100.0
31100,44.68275833129883,9053,0.0,0.0,100.0
31110,44.697312116622925,9053,0.0,0.0,100.0
31120,44.709961891174316,9053,0.0,0.0,100.0
31130,44.7246515750885,9053,0.0,0.0,100.0
31140,44.73723840713501,9053,0.0,0.0,100.0
31150,44.75042939186096,9053,0.0,0.0,100.0
31160,44.7647647857666,9053,0.0,0.0,100.0
31170,44.77866768836975,9053,0.0,0.0,100.0
31180,44.79255986213684,9053,0.0,0.0,100.0
31190,44.80606508255005,9053,0.0,0.0,100.0
31200,44.82037591934204,9053,0.0,0.0,100.0
31210,44.83505916595459,9053,0.0,0.0,100.0
31220,44.8504695892334,9053,0.0,0.0,100.0
31230,44.86551094055176,9053,0.0,0.0,100.0
31240,44.87993264198303,9053,0.0,0.0,100.0
31250,44.895310163497925,9053,0.0,0.0,100.0
31260,44.91074848175049,9053,0.0,0.0,100.0
31270,44.92602252960205,9053,0.0,0.0,100.0
31280,44.94041705131531,9053,0.0,0.0,100.0
31290,44.95440125465393,9053,0.0,0.0,100.0
31300,44.968587160110474,9053,0.0,0.0,100.0
31310,44.98416447639465,9053,0.0,0.0,100.0
31320,44.999197244644165,9053,0.0,0.0,100.0
31330,45.01233673095703,9053,0.0,0.0,100.0
31340,45.026488304138184,9053,0.0,0.0,100.0
31350,45.042630672454834,9053,0.0,0.0,100.0
31360,45.05713629722595,9053,0.0,0.0,100.0
31370,45.07080698013306,9053,0.0,0.0,100.0
31380,45.0845160484314,9053,0.0,0.0,100.0
31390,45.09925556182861,9053,0.0,0.0,100.0
31400,45.112902879714966,9053,0.0,0.0,100.0
31410,45.12738561630249,9053,0.0,0.0,100.0
31420,45.1413209438324,9053,0.0,0.0,100.0
31430,45.155930042266846,9053,0.0,0.0,100.0
31440,45.17100429534912,9053,0.0,0.0,100.0
31450,45.18516993522644,9053,0.0,0.0,100.0
31460,45.20045709609985,9053,0.0,0.0,100.0
31470,45.217575550079346,9053,0.0,0.0,100.0
31480,45.23319983482361,9053,0.0,0.0,100.0
31490,45.24947166442871,9053,0.0,0.0,100.0
31500,45.2647819519043,9053,0.0,0.0,100.0
31510,45.279444456100464,9053,0.0,0.0,100.0
31520,45.29189944267273,9053,0.0,0.0,100.0
31530,45.30625939369202,9053,0.0,0.0,100.0
31540,45.32009792327881,9053,0.0,0.0,100.0
31550,45.33459544181824,9053,0.0,0.0,100.0
31560,45.34895658493042,9053,0.0,0.0,100.0
31570,45.36337995529175,9053,0.0,0.0,100.0
31580,45.378846168518066,9053,0.0,0.0,100.0
31590,45.39346194267273,9053,0.0,0.0,100.0
31600,45.40606760978699,9053,0.0,0.0,100.0
31610,45.4192271232605,9053,0.0,0.0,100.0
31620,45.43232536315918,9053,0.0,0.0,100.0
31630,45.446178674697876,9053,0.0,0.0,100.0
31640,45.45974516868591,9053,0.0,0.0,100.0
31650,45.47430920600891,9053,0.0,0.0,100.0
31660,45.489238262176514,9053,0.0,0.0,100.0
31665,45.49661636352539,9053,0.0,0.0,100.0
31670,45.50345206260681,9053,0.0,0.0,100.0
31680,45.51692986488342,9053,0.0,0.0,100.0
31690,45.53256368637085,9053,0.0,0.0,100.0
31700,45.54659152030945,9053,0.0,0.0,100.0
31710,45.56134080886841,9053,0.0,0.0,100.0
31720,45.574554443359375,9053,0.0,0.0,100.0
31730,45.59053659439087,9053,0.0,0.0,100.0
31740,45.60502910614014,9053,0.0,0.0,100.0
31750,45.61960315704346,9053,0.0,0.0,100.0
31760,45.63347506523132,9053,0.0,0.0,100.0
31770,45.647979497909546,9053,0.0,0.0,100.0
31780,45.66165018081665,9053,0.0,0.0,100.0
31790,45.67622518539429,9053,0.0,0.0,100.0
31800,45.690239906311035,9053,0.0,0.0,100.0
31810,45.705474615097046,9053,0.0,0.0,100.0
31820,45.72031807899475,9053,0.0,0.0,100.0
31830,45.73506307601929,9053,0.0,0.0,100.0
31840,45.75024175643921,9053,0.0,0.0,100.0
31850,45.76294469833374,9053,0.0,0.0,100.0
31856,45.77220344543457,9053,0.0,0.0,100.0
31860,45.77787899971008,9053,0.0,0.0,100.0
31870,45.7924599647522,9053,0.0,0.0,100.0
31880,45.80569338798523,9053,0.0,0.0,100.0
31890,45.82085180282593,9053,0.0,0.0,100.0
31895,45.82889676094055,9053,0.0,0.0,100.0
31900,45.83606433868408,9053,0.0,0.0,100.0
31910,45.84838247299194,9053,0.0,0.0,100.0
31920,45.86120533943176,9053,0.0,0.0,100.0
31930,45.87550902366638,9053,0.0,0.0,100.0
31940,45.89075040817261,9053,0.0,0.0,100.0
31950,45.90441966056824,9053,0.0,0.0,100.0
31960,45.91889691352844,9053,0.0,0.0,100.0
31970,45.93457317352295,9053,0.0,0.0,100.0
31980,45.94994330406189,9053,0.0,0.0,100.0
31985,45.95857334136963,9053,0.0,0.0,100.0
31990,45.965919971466064,9053,0.0,0.0,100.0
32000,45.980416774749756,9053,0.0,0.0,100.0
32010,45.994256258010864,9053,0.0,0.0,100.0
32020,46.00944805145264,9053,0.0,0.0,100.0
32030,46.02452349662781,9053,0.0,0.0,100.0
32040,46.037272691726685,9053,0.0,0.0,100.0
32050,46.050774574279785,9053,0.0,0.0,100.0
32060,46.0646858215332,9053,0.0,0.0,100.0
32070,46.07672142982483,9053,0.0,0.0,100.0
32080,46.08996343612671,9053,0.0,0.0,100.0
32090,46.10379767417908,9053,0.0,0.0,100.0
32100,46.11830949783325,9053,0.0,0.0,100.0
32110,46.13032388687134,9053,0.0,0.0,100.0
32120,46.14407753944397,9053,0.0,0.0,100.0
32130,46.15795373916626,9053,0.0,0.0,100.0
32140,46.17153000831604,9053,0.0,0.0,100.0
32150,46.18431115150452,9053,0.0,0.0,100.0
32160,46.19909358024597,9053,0.0,0.0,100.0
32170,46.214473485946655,9053,0.0,0.0,100.0
32180,46.230079650878906,9053,0.0,0.0,100.0
32190,46.244614124298096,9053,0.0,0.0,100.0
32200,46.258124113082886,9053,0.0,0.0,100.0
32210,46.272271394729614,9053,0.0,0.0,100.0
32220,46.2869610786438,9053,0.0,0.0,100.0
32230,46.301265478134155,9053,0.0,0.0,100.0
32240,46.31702661514282,9053,0.0,0.0,100.0
32250,46.332414627075195,9053,0.0,0.0,100.0
32260,46.346426010131836,9053,0.0,0.0,100.0
32270,46.36154818534851,9053,0.0,0.0,100.0
32280,46.37617015838623,9053,0.0,0.0,100.0
32290,46.39016032218933,9053,0.0,0.0,100.0
32300,46.402830362319946,9053,0.0,0.0,100.0
32310,46.414623498916626,9053,0.0,0.0,100.0
32320,46.43031978607178,9053,0.0,0.0,100.0
32330,46.4433491230011,9053,0.0,0.0,100.0
32340,46.45815634727478,9053,0.0,0.0,100.0
32350,46.47186613082886,9053,0.0,0.0,100.0
32360,46.48551917076111,9053,0.0,0.0,100.0
32370,46.500364542007446,9053,0.0,0.0,100.0
32380,46.515085220336914,9053,0.0,0.0,100.0
32390,46.52948451042175,9053,0.0,0.0,100.0
32400,46.54395651817322,9053,0.0,0.0,100.0
32410,46.556994676589966,9053,0.0,0.0,100.0
32420,46.57006621360779,9053,0.0,0.0,100.0
32430,46.58402681350708,9053,0.0,0.0,100.0
32440,46.596800327301025,9053,0.0,0.0,100.0
32450,46.611260652542114,9053,0.0,0.0,100.0
32460,46.62471389770508,9053,0.0,0.0,100.0
32470,46.63968253135681,9053,0.0,0.0,100.0
32480,46.6537230014801,9053,0.0,0.0,100.0
32490,46.66920518875122,9053,0.0,0.0,100.0
32500,46.68261671066284,9053,0.0,0.0,100.0
32510,46.69634532928467,9053,0.0,0.0,100.0
32520,46.71126651763916,9053,0.0,0.0,100.0
32530,46.7244975566864,9053,0.0,0.0,100.0
32540,46.73973798751831,9053,0.0,0.0,100.0
32550,46.75386095046997,9053,0.0,0.0,100.0
32560,46.769099950790405,9053,0.0,0.0,100.0
32570,46.78315496444702,9053,0.0,0.0,100.0
32580,46.797324657440186,9053,0.0,0.0,100.0
32590,46.811540603637695,9053,0.0,0.0,100.0
32600,46.8249146938324,9053,0.0,0.0,100.0
32610,46.83874011039734,9053,0.0,0.0,100.0
32620,46.85441875457764,9053,0.0,0.0,100.0
32630,46.869998931884766,9053,0.0,0.0,100.0
32640,46.88439154624939,9053,0.0,0.0,100.0
32650,46.8994414806366,9053,0.0,0.0,100.0
32660,46.91273832321167,9053,0.0,0.0,100.0
32670,46.927140951156616,9053,0.0,0.0,100.0
32680,46.94158482551575,9053,0.0,0.0,100.0
32690,46.95629262924194,9053,0.0,0.0,100.0
32700,46.97106957435608,9053,0.0,0.0,100.0
32710,46.985485553741455,9053,0.0,0.0,100.0
32720,46.99997663497925,9053,0.0,0.0,100.0
32730,47.01490616798401,9053,0.0,0.0,100.0
32740,47.02911162376404,9053,0.0,0.0,100.0
32750,47.04356098175049,9053,0.0,0.0,100.0
32760,47.058005809783936,9053,0.0,0.0,100.0
32770,47.07192921638489,9053,0.0,0.0,100.0
32780,47.08511757850647,9053,0.0,0.0,100.0
32790,47.10225796699524,9053,0.0,0.0,100.0
32800,47.11644101142883,9053,0.0,0.0,100.0
32810,47.130507707595825,9053,0.0,0.0,100.0
32820,47.144885778427124,9053,0.0,0.0,100.0
32830,47.15956091880798,9053,0.0,0.0,100.0
32840,47.17401313781738,9053,0.0,0.0,100.0
32850,47.18860936164856,9053,0.0,0.0,100.0
32860,47.20286250114441,9053,0.0,0.0,100.0
32870,47.217551946640015,9053,0.0,0.0,100.0
32880,47.231595039367676,9053,0.0,0.0,100.0
32890,47.245710372924805,9053,0.0,0.0,100.0
32900,47.25943350791931,9053,0.0,0.0,100.0
32910,47.2735698223114,9053,0.0,0.0,100.0
32920,47.28811717033386,9053,0.0,0.0,100.0
32930,47.300644636154175,9053,0.0,0.0,100.0
32940,47.31496024131775,9053,0.0,0.0,100.0
32950,47.328516244888306,9053,0.0,0.0,100.0
32960,47.34205365180969,9053,0.0,0.0,100.0
32970,47.35497188568115,9053,0.0,0.0,100.0
32980,47.36974120140076,9053,0.0,0.0,100.0
32990,47.385353088378906,9053,0.0,0.0,100.0
33000,47.398478984832764,9053,0.0,0.0,100.0
33010,47.4130220413208,9053,0.0,0.0,100.0
33020,47.42614936828613,9053,0.0,0.0,100.0
33030,47.44114375114441,9053,0.0,0.0,100.0
33040,47.45664739608765,9053,0.0,0.0,100.0
33050,47.469727516174316,9053,0.0,0.0,100.0
33060,47.48301100730896,9053,0.0,0.0,100.0
33070,47.496965169906616,9053,0.0,0.0,100.0
33080,47.51210832595825,9053,0.0,0.0,100.0
33090,47.52713489532471,9053,0.0,0.0,100.0
33100,47.54106402397156,9053,0.0,0.0,100.0
33110,47.55354452133179,9053,0.0,0.0,100.0
33120,47.56884574890137,9053,0.0,0.0,100.0
33130,47.58239817619324,9053,0.0,0.0,100.0
33140,47.599201679229736,9053,0.0,0.0,100.0
33150,47.61494016647339,9053,0.0,0.0,100.0
33160,47.631028175354004,9053,0.0,0.0,100.0
33170,47.64692234992981,9053,0.0,0.0,100.0
33180,47.66089224815369,9053,0.0,0.0,100.0
33190,47.67605781555176,9053,0.0,0.0,100.0
33200,47.69082260131836,9053,0.0,0.0,100.0
33210,47.70444965362549,9053,0.0,0.0,100.0
33220,47.720256090164185,9053,0.0,0.0,100.0
33230,47.733957290649414,9053,0.0,0.0,100.0
33240,47.74923276901245,9053,0.0,0.0,100.0
33250,47.76284837722778,9053,0.0,0.0,100.0
33260,47.777960538864136,9053,0.0,0.0,100.0
33270,47.79197883605957,9053,0.0,0.0,100.0
33280,47.80541729927063,9053,0.0,0.0,100.0
33290,47.819817543029785,9053,0.0,0.0,100.0
33300,47.835322856903076,9053,0.0,0.0,100.0
33310,47.84930348396301,9053,0.0,0.0,100.0
33320,47.86331605911255,9053,0.0,0.0,100.0
33328,47.875519037246704,9053,0.0,0.0,100.0
33330,47.8781099319458,9053,0.0,0.0,100.0
33340,47.89269042015076,9053,0.0,0.0,100.0
33350,47.90637922286987,9053,0.0,0.0,100.0
33360,47.91957187652588,9053,0.0,0.0,100.0
33370,47.93581485748291,9053,0.0,0.0,100.0
33380,47.952083110809326,9053,0.0,0.0,100.0
33390,47.96637797355652,9053,0.0,0.0,100.0
33400,47.98152470588684,9053,0.0,0.0,100.0
33410,47.996079444885254,9053,0.0,0.0,100.0
33420,48.01187562942505,9053,0.0,0.0,100.0
33430,48.02559208869934,9053,0.0,0.0,100.0
33440,48.03997015953064,9053,0.0,0.0,100.0
33450,48.055975675582886,9053,0.0,0.0,100.0
33460,48.07322144508362,9053,0.0,0.0,100.0
33470,48.08780241012573,9053,0.0,0.0,100.0
33480,48.10085844993591,9053,0.0,0.0,100.0
33490,48.115394592285156,9053,0.0,0.0,100.0
33500,48.1273410320282,9053,0.0,0.0,100.0
33510,48.14059901237488,9053,0.0,0.0,100.0
33520,48.15571641921997,9053,0.0,0.0,100.0
33530,48.16884469985962,9053,0.0,0.0,100.0
33540,48.18184733390808,9053,0.0,0.0,100.0
33550,48.19497561454773,9053,0.0,0.0,100.0
33560,48.21017289161682,9053,0.0,0.0,100.0
33570,48.225131034851074,9053,0.0,0.0,100.0
33580,48.24098563194275,9053,0.0,0.0,100.0
33590,48.25690722465515,9053,0.0,0.0,100.0
33600,48.27074217796326,9053,0.0,0.0,100.0
33610,48.28504133224487,9053,0.0,0.0,100.0
33620,48.30018973350525,9053,0.0,0.0,100.0
33630,48.31479239463806,9053,0.0,0.0,100.0
33640,48.32769966125488,9053,0.0,0.0,100.0
33650,48.343220472335815,9053,0.0,0.0,100.0
33660,48.35684323310852,9053,0.0,0.0,100.0
33670,48.37191963195801,9053,0.0,0.0,100.0
33680,48.3872172832489,9053,0.0,0.0,100.0
33690,48.403226375579834,9053,0.0,0.0,100.0
33700,48.41684436798096,9053,0.0,0.0,100.0
33710,48.43224358558655,9053,0.0,0.0,100.0
33720,48.4467408657074,9053,0.0,0.0,100.0
33730,48.46096348762512,9053,0.0,0.0,100.0
33740,48.47661590576172,9053,0.0,0.0,100.0
33750,48.49103355407715,9053,0.0,0.0,100.0
33760,48.50659704208374,9053,0.0,0.0,100.0
33770,48.5200572013855,9053,0.0,0.0,100.0
33780,48.5351037979126,9053,0.0,0.0,100.0
33790,48.550214767456055,9053,0.0,0.0,100.0
33800,48.564406871795654,9053,0.0,0.0,100.0
33810,48.57875204086304,9053,0.0,0.0,100.0
33811,48.58050990104675,9053,0.0,0.0,100.0
33820,48.59367656707764,9053,0.0,0.0,100.0
33830,48.60908079147339,9053,0.0,0.0,100.0
33840,48.62363290786743,9053,0.0,0.0,100.0
33850,48.63826370239258,9053,0.0,0.0,100.0
33860,48.6542911529541,9053,0.0,0.0,100.0
33870,48.66803002357483,9053,0.0,0.0,100.0
33880,48.68182158470154,9053,0.0,0.0,100.0
33890,48.69602823257446,9053,0.0,0.0,100.0
33900,48.70930790901184,9053,0.0,0.0,100.0
33910,48.7232027053833,9053,0.0,0.0,100.0
33920,48.73656415939331,9053,0.0,0.0,100.0
33930,48.75254273414612,9053,0.0,0.0,100.0
33940,48.76691675186157,9053,0.0,0.0,100.0
33945,48.77450442314148,9053,0.0,0.0,100.0
33950,48.78113031387329,9053,0.0,0.0,100.0
33960,48.794283390045166,9053,0.0,0.0,100.0
33970,48.8103244304657,9053,0.0,0.0,100.0
33980,48.82559132575989,9053,0.0,0.0,100.0
33990,48.83929944038391,9053,0.0,0.0,100.0
34000,48.85403513908386,9053,0.0,0.0,100.0
34010,48.868399143218994,9053,0.0,0.0,100.0
34020,48.8827383518219,9053,0.0,0.0,100.0
34030,48.897634983062744,9053,0.0,0.0,100.0
34040,48.9098482131958,9053,0.0,0.0,100.0
34050,48.92253828048706,9053,0.0,0.0,100.0
34060,48.93616461753845,9053,0.0,0.0,100.0
34070,48.9517707824707,9053,0.0,0.0,100.0
34080,48.966535329818726,9053,0.0,0.0,100.0
34090,48.980433225631714,9053,0.0,0.0,100.0
34100,48.99572443962097,9053,0.0,0.0,100.0
34110,49.010722637176514,9053,0.0,0.0,100.0
34120,49.025192975997925,9053,0.0,0.0,100.0
34130,49.039170265197754,9053,0.0,0.0,100.0
34140,49.05376386642456,9053,0.0,0.0,100.0
34150,49.06709408760071,9053,0.0,0.0,100.0
34160,49.083194971084595,9053,0.0,0.0,100.0
34170,49.09636569023132,9053,0.0,0.0,100.0
34180,49.1115038394928,9053,0.0,0.0,100.0
34190,49.12519884109497,9053,0.0,0.0,100.0
34200,49.139904737472534,9053,0.0,0.0,100.0
34210,49.15389585494995,9053,0.0,0.0,100.0
34220,49.16915512084961,9053,0.0,0.0,100.0
34230,49.18413186073303,9053,0.0,0.0,100.0
34240,49.20053243637085,9053,0.0,0.0,100.0
34250,49.214844703674316,9053,0.0,0.0,100.0
34260,49.22906947135925,9053,0.0,0.0,100.0
34270,49.2463743686676,9053,0.0,0.0,100.0
34280,49.26312708854675,9053,0.0,0.0,100.0
34290,49.27558970451355,9053,0.0,0.0,100.0
34300,49.290818214416504,9053,0.0,0.0,100.0
34310,49.30547857284546,9053,0.0,0.0,100.0
34320,49.32182049751282,9053,0.0,0.0,100.0
34330,49.336508989334106,9053,0.0,0.0,100.0
34340,49.35104012489319,9053,0.0,0.0,100.0
34350,49.36578178405762,9053,0.0,0.0,100.0
34360,49.38010549545288,9053,0.0,0.0,100.0
34370,49.40237259864807,9053,0.0,0.0,100.0
34380,49.417091846466064,9053,0.0,0.0,100.0
34390,49.43327832221985,9053,0.0,0.0,100.0
34400,49.44597554206848,9053,0.0,0.0,100.0
34410,49.45978355407715,9053,0.0,0.0,100.0
34420,49.47403264045715,9053,0.0,0.0,100.0
34430,49.48881769180298,9053,0.0,0.0,100.0
34440,49.503623485565186,9053,0.0,0.0,100.0
34450,49.51969242095947,9053,0.0,0.0,100.0
34460,49.53397870063782,9053,0.0,0.0,100.0
34461,49.53582239151001,9053,0.0,0.0,100.0
34470,49.54882073402405,9053,0.0,0.0,100.0
34480,49.56358814239502,9053,0.0,0.0,100.0
34490,49.57833433151245,9053,0.0,0.0,100.0
34500,49.5924973487854,9053,0.0,0.0,100.0
34510,49.60686445236206,9053,0.0,0.0,100.0
34520,49.621469259262085,9053,0.0,0.0,100.0
34530,49.635472536087036,9053,0.0,0.0,100.0
34540,49.65065145492554,9053,0.0,0.0,100.0
34550,49.66547679901123,9053,0.0,0.0,100.0
34560,49.680336475372314,9053,0.0,0.0,100.0
34570,49.695467710494995,9053,0.0,0.0,100.0
34580,49.709983825683594,9053,0.0,0.0,100.0
34590,49.72380185127258,9053,0.0,0.0,100.0
34600,49.73779845237732,9053,0.0,0.0,100.0
34610,49.75093865394592,9053,0.0,0.0,100.0
34620,49.764362812042236,9053,0.0,0.0,100.0
34630,49.77884340286255,9053,0.0,0.0,100.0
34640,49.79272437095642,9053,0.0,0.0,100.0
34650,49.805983543395996,9053,0.0,0.0,100.0
34660,49.82087540626526,9053,0.0,0.0,100.0
34670,49.834969997406006,9053,0.0,0.0,100.0
34680,49.85005497932434,9053,0.0,0.0,100.0
34690,49.86389660835266,9053,0.0,0.0,100.0
34700,49.8784818649292,9053,0.0,0.0,100.0
34710,49.89279246330261,9053,0.0,0.0,100.0
34720,49.90713381767273,9053,0.0,0.0,100.0
34730,49.92163681983948,9053,0.0,0.0,100.0
34740,49.936931133270264,9053,0.0,0.0,100.0
34750,49.95341467857361,9053,0.0,0.0,100.0
34760,49.96731185913086,9053,0.0,0.0,100.0
34770,49.98252534866333,9053,0.0,0.0,100.0
34780,49.99679732322693,9053,0.0,0.0,100.0
34790,50.01016974449158,9053,0.0,0.0,100.0
34800,50.02463483810425,9053,0.0,0.0,100.0
34810,50.039685010910034,9053,0.0,0.0,100.0
34820,50.05357360839844,9053,0.0,0.0,100.0
34830,50.06806206703186,9053,0.0,0.0,100.0
34840,50.08287453651428,9053,0.0,0.0,100.0
34850,50.09680891036987,9053,0.0,0.0,100.0
34860,50.11164307594299,9053,0.0,0.0,100.0
34870,50.1270170211792,9053,0.0,0.0,100.0
34880,50.14368557929993,9053,0.0,0.0,100.0
34890,50.15586042404175,9053,0.0,0.0,100.0
34900,50.17074632644653,9053,0.0,0.0,100.0
34910,50.18532180786133,9053,0.0,0.0,100.0
34920,50.20090675354004,9053,0.0,0.0,100.0
34930,50.21452736854553,9053,0.0,0.0,100.0
34940,50.228208780288696,9053,0.0,0.0,100.0
34950,50.242615938186646,9053,0.0,0.0,100.0
34960,50.25653290748596,9053,0.0,0.0,100.0
34970,50.27003288269043,9053,0.0,0.0,100.0
34980,50.283771276474,9053,0.0,0.0,100.0
34990,50.29788541793823,9053,0.0,0.0,100.0
35000,50.31207323074341,9053,0.0,0.0,100.0
35010,50.32638669013977,9053,0.0,0.0,100.0
35020,50.34065580368042,9053,0.0,0.0,100.0
35030,50.35480332374573,9053,0.0,0.0,100.0
35040,50.36846613883972,9053,0.0,0.0,100.0
35050,50.38290238380432,9053,0.0,0.0,100.0
35060,50.398056745529175,9053,0.0,0.0,100.0
35070,50.4132297039032,9053,0.0,0.0,100.0
35080,50.42772436141968,9053,0.0,0.0,100.0
35090,50.442413091659546,9053,0.0,0.0,100.0
35100,50.45705318450928,9053,0.0,0.0,100.0
35110,50.471012592315674,9053,0.0,0.0,100.0
35120,50.485281229019165,9053,0.0,0.0,100.0
35130,50.499473094940186,9053,0.0,0.0,100.0
35140,50.513657331466675,9053,0.0,0.0,100.0
35150,50.52865219116211,9053,0.0,0.0,100.0
35160,50.54268550872803,9053,0.0,0.0,100.0
35170,50.55677366256714,9053,0.0,0.0,100.0
35180,50.572627782821655,9053,0.0,0.0,100.0
35190,50.58466124534607,9053,0.0,0.0,100.0
35200,50.600303411483765,9053,0.0,0.0,100.0
35210,50.61433529853821,9053,0.0,0.0,100.0
35220,50.62794876098633,9053,0.0,0.0,100.0
35230,50.64323830604553,9053,0.0,0.0,100.0
35240,50.660274267196655,9053,0.0,0.0,100.0
35250,50.67376685142517,9053,0.0,0.0,100.0
35260,50.68886375427246,9053,0.0,0.0,100.0
35270,50.70414161682129,9053,0.0,0.0,100.0
35280,50.71807503700256,9053,0.0,0.0,100.0
35290,50.73158407211304,9053,0.0,0.0,100.0
35300,50.74489498138428,9053,0.0,0.0,100.0
35310,50.76068449020386,9053,0.0,0.0,100.0
35320,50.77507948875427,9053,0.0,0.0,100.0
35330,50.78956198692322,9053,0.0,0.0,100.0
35340,50.803460121154785,9053,0.0,0.0,100.0
35350,50.81901812553406,9053,0.0,0.0,100.0
35360,50.833263635635376,9053,0.0,0.0,100.0
35370,50.84752583503723,9053,0.0,0.0,100.0
35380,50.862462520599365,9053,0.0,0.0,100.0
35390,50.88187599182129,9053,0.0,0.0,100.0
35400,50.90085220336914,9053,0.0,0.0,100.0
35410,50.92142462730408,9053,0.0,0.0,100.0
35420,50.93601727485657,9053,0.0,0.0,100.0
35430,50.95537972450256,9053,0.0,0.0,100.0
35440,50.974445819854736,9053,0.0,0.0,100.0
35450,50.98641753196716,9053,0.0,0.0,100.0
35455,50.99378538131714,9053,0.0,0.0,100.0
35460,51.001641511917114,9053,0.0,0.0,100.0
35470,51.01581120491028,9053,0.0,0.0,100.0
35480,51.02982568740845,9053,0.0,0.0,100.0
35490,51.045002460479736,9053,0.0,0.0,100.0
35500,51.06026244163513,9053,0.0,0.0,100.0
35510,51.074517488479614,9053,0.0,0.0,100.0
35520,51.08773899078369,9053,0.0,0.0,100.0
35530,51.10298728942871,9053,0.0,0.0,100.0
35540,51.11875867843628,9053,0.0,0.0,100.0
35550,51.13252258300781,9053,0.0,0.0,100.0
35560,51.14650011062622,9053,0.0,0.0,100.0
35570,51.16033124923706,9053,0.0,0.0,100.0
35580,51.17456293106079,9053,0.0,0.0,100.0
35590,51.18821096420288,9053,0.0,0.0,100.0
35600,51.2029082775116,9053,0.0,0.0,100.0
35610,51.21872329711914,9053,0.0,0.0,100.0
35620,51.234108686447144,9053,0.0,0.0,100.0
35630,51.2494158744812,9053,0.0,0.0,100.0
35640,51.263339042663574,9053,0.0,0.0,100.0
35650,51.27789235115051,9053,0.0,0.0,100.0
35660,51.293638944625854,9053,0.0,0.0,100.0
35670,51.306742906570435,9053,0.0,0.0,100.0
35680,51.318854331970215,9053,0.0,0.0,100.0
35690,51.332650661468506,9053,0.0,0.0,100.0
35700,51.345221519470215,9053,0.0,0.0,100.0
35710,51.35767579078674,9053,0.0,0.0,100.0
35720,51.372705936431885,9053,0.0,0.0,100.0
35730,51.38528823852539,9053,0.0,0.0,100.0
35740,51.4033625125885,9053,0.0,0.0,100.0
35750,51.41864085197449,9053,0.0,0.0,100.0
35760,51.43219351768494,9053,0.0,0.0,100.0
35770,51.447744369506836,9053,0.0,0.0,100.0
35780,51.46227502822876,9053,0.0,0.0,100.0
35790,51.47652268409729,9053,0.0,0.0,100.0
35800,51.48976230621338,9053,0.0,0.0,100.0
35810,51.50407814979553,9053,0.0,0.0,100.0
35820,51.51875281333923,9053,0.0,0.0,100.0
35830,51.53451943397522,9053,0.0,0.0,100.0
35840,51.55020999908447,9053,0.0,0.0,100.0
35850,51.56343984603882,9053,0.0,0.0,100.0
35860,51.57730674743652,9053,0.0,0.0,100.0
35870,51.59314227104187,9053,0.0,0.0,100.0
35880,51.608078718185425,9053,0.0,0.0,100.0
35890,51.623491525650024,9053,0.0,0.0,100.0
35900,51.64067506790161,9053,0.0,0.0,100.0
35910,51.66066932678223,9053,0.0,0.0,100.0
35920,51.67732763290405,9053,0.0,0.0,100.0
35930,51.69608497619629,9053,0.0,0.0,100.0
35940,51.711039781570435,9053,0.0,0.0,100.0
35950,51.72657632827759,9053,0.0,0.0,100.0
35960,51.74267292022705,9053,0.0,0.0,100.0
35970,51.758386850357056,9053,0.0,0.0,100.0
35980,51.77270984649658,9053,0.0,0.0,100.0
35990,51.788440227508545,9053,0.0,0.0,100.0
36000,51.80352783203125,9053,0.0,0.0,100.0
36010,51.81934118270874,9053,0.0,0.0,100.0
36020,51.83585739135742,9053,0.0,0.0,100.0
36030,51.85183143615723,9053,0.0,0.0,100.0
36040,51.866490840911865,9053,0.0,0.0,100.0
36050,51.87950253486633,9053,0.0,0.0,100.0
36060,51.89470195770264,9053,0.0,0.0,100.0
36070,51.91184663772583,9053,0.0,0.0,100.0
36080,51.9260356426239,9053,0.0,0.0,100.0
36090,51.94132614135742,9053,0.0,0.0,100.0
36100,51.95544171333313,9053,0.0,0.0,100.0
36110,51.96970748901367,9053,0.0,0.0,100.0
36120,51.98508262634277,9053,0.0,0.0,100.0
36130,51.99988794326782,9053,0.0,0.0,100.0
36140,52.01375126838684,9053,0.0,0.0,100.0
36150,52.02830696105957,9053,0.0,0.0,100.0
36160,52.04246163368225,9053,0.0,0.0,100.0
36170,52.056379318237305,9053,0.0,0.0,100.0
36180,52.070629596710205,9053,0.0,0.0,100.0
36190,52.085201025009155,9053,0.0,0.0,100.0
36200,52.09917855262756,9053,0.0,0.0,100.0
36210,52.11346650123596,9053,0.0,0.0,100.0
36220,52.12801265716553,9053,0.0,0.0,100.0
36230,52.14352297782898,9053,0.0,0.0,100.0
36240,52.161078691482544,9053,0.0,0.0,100.0
36250,52.17552208900452,9053,0.0,0.0,100.0
36260,52.18997383117676,9053,0.0,0.0,100.0
36270,52.20435452461243,9053,0.0,0.0,100.0
36280,52.21851205825806,9053,0.0,0.0,100.0
36290,52.23296499252319,9053,0.0,0.0,100.0
36300,52.24697542190552,9053,0.0,0.0,100.0
36310,52.26205348968506,9053,0.0,0.0,100.0
36320,52.276973485946655,9053,0.0,0.0,100.0
36330,52.29239749908447,9053,0.0,0.0,100.0
36340,52.30762720108032,9053,0.0,0.0,100.0
36350,52.32235622406006,9053,0.0,0.0,100.0
36360,52.336949825286865,9053,0.0,0.0,100.0
36370,52.35206055641174,9053,0.0,0.0,100.0
36375,52.36005759239197,9053,0.0,0.0,100.0
36380,52.36672616004944,9053,0.0,0.0,100.0
36390,52.38252305984497,9053,0.0,0.0,100.0
36400,52.398653507232666,9053,0.0,0.0,100.0
36410,52.412858963012695,9053,0.0,0.0,100.0
36420,52.42662167549133,9053,0.0,0.0,100.0
36430,52.441949129104614,9053,0.0,0.0,100.0
36440,52.46144485473633,9053,0.0,0.0,100.0
36450,52.47582745552063,9053,0.0,0.0,100.0
36460,52.4893319606781,9053,0.0,0.0,100.0
36470,52.50303936004639,9053,0.0,0.0,100.0
36480,52.518975257873535,9053,0.0,0.0,100.0
36490,52.53288245201111,9053,0.0,0.0,100.0
36500,52.546345233917236,9053,0.0,0.0,100.0
36510,52.56035923957825,9053,0.0,0.0,100.0
36520,52.57501149177551,9053,0.0,0.0,100.0
36530,52.58907651901245,9053,0.0,0.0,100.0
36540,52.60237979888916,9053,0.0,0.0,100.0
36550,52.61737823486328,9053,0.0,0.0,100.0
36560,52.632901430130005,9053,0.0,0.0,100.0
36570,52.64712119102478,9053,0.0,0.0,100.0
36580,52.659621238708496,9053,0.0,0.0,100.0
36590,52.673911333084106,9053,0.0,0.0,100.0
36600,52.6883602142334,9053,0.0,0.0,100.0
36610,52.702430725097656,9053,0.0,0.0,100.0
36620,52.716973543167114,9053,0.0,0.0,100.0
36630,52.73084783554077,9053,0.0,0.0,100.0
36640,52.74613809585571,9053,0.0,0.0,100.0
36650,52.75935506820679,9053,0.0,0.0,100.0
36660,52.775134801864624,9053,0.0,0.0,100.0
36670,52.788320541381836,9053,0.0,0.0,100.0
36680,52.80086970329285,9053,0.0,0.0,100.0
36690,52.81526851654053,9053,0.0,0.0,100.0
36700,52.83085632324219,9053,0.0,0.0,100.0
36710,52.846965074539185,9053,0.0,0.0,100.0
36720,52.86076593399048,9053,0.0,0.0,100.0
36730,52.874857664108276,9053,0.0,0.0,100.0
36740,52.88910436630249,9053,0.0,0.0,100.0
36750,52.90353536605835,9053,0.0,0.0,100.0
36760,52.91797184944153,9053,0.0,0.0,100.0
36770,52.93329668045044,9053,0.0,0.0,100.0
36780,52.94776773452759,9053,0.0,0.0,100.0
36790,52.96078586578369,9053,0.0,0.0,100.0
36800,52.977253437042236,9053,0.0,0.0,100.0
36810,52.99155330657959,9053,0.0,0.0,100.0
36820,53.003960847854614,9053,0.0,0.0,100.0
36830,53.01736760139465,9053,0.0,0.0,100.0
36840,53.03153705596924,9053,0.0,0.0,100.0
36850,53.045764207839966,9053,0.0,0.0,100.0
36860,53.0600266456604,9053,0.0,0.0,100.0
36870,53.07367515563965,9053,0.0,0.0,100.0
36880,53.08759665489197,9053,0.0,0.0,100.0
36890,53.103336572647095,9053,0.0,0.0,100.0
36900,53.11963367462158,9053,0.0,0.0,100.0
36910,53.13264536857605,9053,0.0,0.0,100.0
36920,53.147053718566895,9053,0.0,0.0,100.0
36930,53.16054582595825,9053,0.0,0.0,100.0
36940,53.1746883392334,9053,0.0,0.0,100.0
36950,53.18917202949524,9053,0.0,0.0,100.0
36960,53.20621299743652,9053,0.0,0.0,100.0
36970,53.22298789024353,9053,0.0,0.0,100.0
36980,53.23834252357483,9053,0.0,0.0,100.0
36990,53.2543671131134,9053,0.0,0.0,100.0
37000,53.26860952377319,9053,0.0,0.0,100.0
37010,53.28244066238403,9053,0.0,0.0,100.0
37020,53.2965304851532,9053,0.0,0.0,100.0
37030,53.31240367889404,9053,0.0,0.0,100.0
37040,53.32756447792053,9053,0.0,0.0,100.0
37050,53.342177391052246,9053,0.0,0.0,100.0
37060,53.355655670166016,9053,0.0,0.0,100.0
37070,53.37039923667908,9053,0.0,0.0,100.0
37080,53.38544845581055,9053,0.0,0.0,100.0
37090,53.4018976688385,9053,0.0,0.0,100.0
37100,53.417598247528076,9053,0.0,0.0,100.0
37110,53.43023347854614,9053,0.0,0.0,100.0
37120,53.44273400306702,9053,0.0,0.0,100.0
37130,53.45535969734192,9053,0.0,0.0,100.0
37140,53.469380378723145,9053,0.0,0.0,100.0
37150,53.48204731941223,9053,0.0,0.0,100.0
37160,53.495861291885376,9053,0.0,0.0,100.0
37170,53.51113820075989,9053,0.0,0.0,100.0
37180,53.52580213546753,9053,0.0,0.0,100.0
37190,53.53992557525635,9053,0.0,0.0,100.0
37200,53.55549883842468,9053,0.0,0.0,100.0
37210,53.568002700805664,9053,0.0,0.0,100.0
37220,53.58142590522766,9053,0.0,0.0,100.0
37230,53.594151735305786,9053,0.0,0.0,100.0
37240,53.60897207260132,9053,0.0,0.0,100.0
37250,53.62133979797363,9053,0.0,0.0,100.0
37260,53.63522219657898,9053,0.0,0.0,100.0
37270,53.64702224731445,9053,0.0,0.0,100.0
37280,53.660881996154785,9053,0.0,0.0,100.0
37290,53.67502164840698,9053,0.0,0.0,100.0
37300,53.689773082733154,9053,0.0,0.0,100.0
37310,53.705058574676514,9053,0.0,0.0,100.0
37320,53.72010588645935,9053,0.0,0.0,100.0
37330,53.733261585235596,9053,0.0,0.0,100.0
37340,53.74646592140198,9053,0.0,0.0,100.0
37350,53.75987124443054,9053,0.0,0.0,100.0
37360,53.77404594421387,9053,0.0,0.0,100.0
37370,53.788761138916016,9053,0.0,0.0,100.0
37380,53.80488181114197,9053,0.0,0.0,100.0
37390,53.8188111782074,9053,0.0,0.0,100.0
37400,53.83329939842224,9053,0.0,0.0,100.0
37410,53.846916913986206,9053,0.0,0.0,100.0
37420,53.86176657676697,9053,0.0,0.0,100.0
37430,53.87632942199707,9053,0.0,0.0,100.0
37440,53.890708923339844,9053,0.0,0.0,100.0
37450,53.90557622909546,9053,0.0,0.0,100.0
37460,53.91984963417053,9053,0.0,0.0,100.0
37462,53.92323541641235,9053,0.0,0.0,100.0
37470,53.93510389328003,9053,0.0,0.0,100.0
37480,53.94947648048401,9053,0.0,0.0,100.0
37490,53.96520280838013,9053,0.0,0.0,100.0
37500,53.97854566574097,9053,0.0,0.0,100.0
37510,53.99385929107666,9053,0.0,0.0,100.0
37520,54.00655150413513,9053,0.0,0.0,100.0
37530,54.02111458778381,9053,0.0,0.0,100.0
37540,54.035645961761475,9053,0.0,0.0,100.0
37550,54.05117583274841,9053,0.0,0.0,100.0
37560,54.06567049026489,9053,0.0,0.0,100.0
37570,54.07953500747681,9053,0.0,0.0,100.0
37580,54.09405493736267,9053,0.0,0.0,100.0
37590,54.10766911506653,9053,0.0,0.0,100.0
37600,54.123040199279785,9053,0.0,0.0,100.0
37610,54.13756227493286,9053,0.0,0.0,100.0
37620,54.150696754455566,9053,0.0,0.0,100.0
37630,54.166340827941895,9053,0.0,0.0,100.0
37632,54.16979122161865,9053,0.0,0.0,100.0
37640,54.179866552352905,9053,0.0,0.0,100.0
37650,54.19456148147583,9053,0.0,0.0,100.0
37660,54.2084481716156,9053,0.0,0.0,100.0
37670,54.22308039665222,9053,0.0,0.0,100.0
37680,54.237457036972046,9053,0.0,0.0,100.0
37690,54.2510290145874,9053,0.0,0.0,100.0
37700,54.26560568809509,9053,0.0,0.0,100.0
37710,54.2799813747406,9053,0.0,0.0,100.0
37720,54.294392347335815,9053,0.0,0.0,100.0
37730,54.30857229232788,9053,0.0,0.0,100.0
37740,54.323527574539185,9053,0.0,0.0,100.0
37750,54.336623430252075,9053,0.0,0.0,100.0
37760,54.350897550582886,9053,0.0,0.0,100.0
37770,54.36653661727905,9053,0.0,0.0,100.0
37780,54.37977933883667,9053,0.0,0.0,100.0
37790,54.39410853385925,9053,0.0,0.0,100.0
37800,54.409358978271484,9053,0.0,0.0,100.0
37810,54.42378616333008,9053,0.0,0.0,100.0
37820,54.43770909309387,9053,0.0,0.0,100.0
37830,54.45343255996704,9053,0.0,0.0,100.0
37840,54.46772909164429,9053,0.0,0.0,100.0
37850,54.482237339019775,9053,0.0,0.0,100.0
37860,54.49612355232239,9053,0.0,0.0,100.0
37870,54.509387254714966,9053,0.0,0.0,100.0
37880,54.52399444580078,9053,0.0,0.0,100.0
37890,54.53816080093384,9053,0.0,0.0,100.0
37900,54.5524685382843,9053,0.0,0.0,100.0
37910,54.56697201728821,9053,0.0,0.0,100.0
37920,54.58159041404724,9053,0.0,0.0,100.0
37930,54.59430718421936,9053,0.0,0.0,100.0
37940,54.606833696365356,9053,0.0,0.0,100.0
37950,54.62138533592224,9053,0.0,0.0,100.0
37952,54.624799489974976,9053,0.0,0.0,100.0
37960,54.63641715049744,9053,0.0,0.0,100.0
37970,54.64985990524292,9053,0.0,0.0,100.0
37980,54.66336178779602,9053,0.0,0.0,100.0
37990,54.6764075756073,9053,0.0,0.0,100.0
38000,54.68863224983215,9053,0.0,0.0,100.0
38010,54.70293688774109,9053,0.0,0.0,100.0
38020,54.71634125709534,9053,0.0,0.0,100.0
38030,54.72965669631958,9053,0.0,0.0,100.0
38040,54.745107889175415,9053,0.0,0.0,100.0
38050,54.75903391838074,9053,0.0,0.0,100.0
38060,54.77333903312683,9053,0.0,0.0,100.0
38070,54.7882936000824,9053,0.0,0.0,100.0
38080,54.80269384384155,9053,0.0,0.0,100.0
38090,54.81669640541077,9053,0.0,0.0,100.0
38100,54.83325481414795,9053,0.0,0.0,100.0
38110,54.84729361534119,9053,0.0,0.0,100.0
38120,54.862141370773315,9053,0.0,0.0,100.0
38130,54.87674164772034,9053,0.0,0.0,100.0
38140,54.89198589324951,9053,0.0,0.0,100.0
38150,54.90568017959595,9053,0.0,0.0,100.0
38160,54.920204877853394,9053,0.0,0.0,100.0
38170,54.93465185165405,9053,0.0,0.0,100.0
38180,54.94967222213745,9053,0.0,0.0,100.0
38190,54.96294450759888,9053,0.0,0.0,100.0
38200,54.97690534591675,9053,0.0,0.0,100.0
38210,54.99223208427429,9053,0.0,0.0,100.0
38220,55.00429368019104,9053,0.0,0.0,100.0
38230,55.01897192001343,9053,0.0,0.0,100.0
38240,55.0329532623291,9053,0.0,0.0,100.0
38250,55.0470016002655,9053,0.0,0.0,100.0
38260,55.060985803604126,9053,0.0,0.0,100.0
38270,55.076595067977905,9053,0.0,0.0,100.0
38280,55.09152555465698,9053,0.0,0.0,100.0
38290,55.10695838928223,9053,0.0,0.0,100.0
38300,55.12172031402588,9053,0.0,0.0,100.0
38310,55.1369252204895,9053,0.0,0.0,100.0
38320,55.151103258132935,9053,0.0,0.0,100.0
38330,55.163150787353516,9053,0.0,0.0,100.0
38340,55.17747473716736,9053,0.0,0.0,100.0
38350,55.191906213760376,9053,0.0,0.0,100.0
38360,55.206369161605835,9053,0.0,0.0,100.0
38370,55.22187399864197,9053,0.0,0.0,100.0
38380,55.23641753196716,9053,0.0,0.0,100.0
38390,55.249809980392456,9053,0.0,0.0,100.0
38400,55.26483511924744,9053,0.0,0.0,100.0
38410,55.27778244018555,9053,0.0,0.0,100.0
38420,55.291905879974365,9053,0.0,0.0,100.0
38430,55.304659605026245,9053,0.0,0.0,100.0
38438,55.31484508514404,9053,0.0,0.0,100.0
38440,55.317853689193726,9053,0.0,0.0,100.0
38450,55.33058762550354,9053,0.0,0.0,100.0
38460,55.345147132873535,9053,0.0,0.0,100.0
38470,55.35881853103638,9053,0.0,0.0,100.0
38480,55.37389063835144,9053,0.0,0.0,100.0
38490,55.388381004333496,9053,0.0,0.0,100.0
38500,55.4043333530426,9053,0.0,0.0,100.0
38510,55.417152643203735,9053,0.0,0.0,100.0
38520,55.43237614631653,9053,0.0,0.0,100.0
38530,55.44755554199219,9053,0.0,0.0,100.0
38540,55.46156167984009,9053,0.0,0.0,100.0
38550,55.47727346420288,9053,0.0,0.0,100.0
38560,55.49238038063049,9053,0.0,0.0,100.0
38570,55.506516456604004,9053,0.0,0.0,100.0
38580,55.52105093002319,9053,0.0,0.0,100.0
38590,55.536375999450684,9053,0.0,0.0,100.0
38600,55.55051636695862,9053,0.0,0.0,100.0
38610,55.564435720443726,9053,0.0,0.0,100.0
38620,55.578442096710205,9053,0.0,0.0,100.0
38630,55.59292674064636,9053,0.0,0.0,100.0
38640,55.60713076591492,9053,0.0,0.0,100.0
38650,55.62003779411316,9053,0.0,0.0,100.0
38660,55.63393568992615,9053,0.0,0.0,100.0
38670,55.65159749984741,9053,0.0,0.0,100.0
38680,55.66783618927002,9053,0.0,0.0,100.0
38690,55.681010484695435,9053,0.0,0.0,100.0
38700,55.6947500705719,9053,0.0,0.0,100.0
38710,55.70940351486206,9053,0.0,0.0,100.0
38720,55.7248215675354,9053,0.0,0.0,100.0
38730,55.7399468421936,9053,0.0,0.0,100.0
38740,55.75470948219299,9053,0.0,0.0,100.0
38750,55.76845741271973,9053,0.0,0.0,100.0
38760,55.783960580825806,9053,0.0,0.0,100.0
38770,55.79928660392761,9053,0.0,0.0,100.0
38780,55.81363534927368,9053,0.0,0.0,100.0
38790,55.82817196846008,9053,0.0,0.0,100.0
38800,55.84263730049133,9053,0.0,0.0,100.0
38810,55.85512328147888,9053,0.0,0.0,100.0
38820,55.86742353439331,9053,0.0,0.0,100.0
38830,55.88183784484863,9053,0.0,0.0,100.0
38840,55.89553189277649,9053,0.0,0.0,100.0
38850,55.909035205841064,9053,0.0,0.0,100.0
38860,55.92344069480896,9053,0.0,0.0,100.0
38870,55.93588733673096,9053,0.0,0.0,100.0
38880,55.95095729827881,9053,0.0,0.0,100.0
38890,55.9652042388916,9053,0.0,0.0,100.0
38900,55.982298135757446,9053,0.0,0.0,100.0
38910,55.996901512145996,9053,0.0,0.0,100.0
38920,56.01063108444214,9053,0.0,0.0,100.0
38922,56.014432191848755,9053,0.0,0.0,100.0
38930,56.023839235305786,9053,0.0,0.0,100.0
38940,56.03803825378418,9053,0.0,0.0,100.0
38950,56.05348253250122,9053,0.0,0.0,100.0
38960,56.06699872016907,9053,0.0,0.0,100.0
38970,56.08271026611328,9053,0.0,0.0,100.0
38980,56.096999645233154,9053,0.0,0.0,100.0
38990,56.112295627593994,9053,0.0,0.0,100.0
39000,56.128148794174194,9053,0.0,0.0,100.0
39010,56.143588066101074,9053,0.0,0.0,100.0
39020,56.15864896774292,9053,0.0,0.0,100.0
39030,56.172635316848755,9053,0.0,0.0,100.0
39040,56.187110900878906,9053,0.0,0.0,100.0
39050,56.200202226638794,9053,0.0,0.0,100.0
39060,56.2140326499939,9053,0.0,0.0,100.0
39070,56.22892713546753,9053,0.0,0.0,100.0
39080,56.244776487350464,9053,0.0,0.0,100.0
39090,56.25879430770874,9053,0.0,0.0,100.0
39100,56.272663831710815,9053,0.0,0.0,100.0
39110,56.28752946853638,9053,0.0,0.0,100.0
39120,56.304131746292114,9053,0.0,0.0,100.0
39130,56.318384408950806,9053,0.0,0.0,100.0
39140,56.33244252204895,9053,0.0,0.0,100.0
39150,56.346662282943726,9053,0.0,0.0,100.0
39160,56.35933256149292,9053,0.0,0.0,100.0
39170,56.373456716537476,9053,0.0,0.0,100.0
39180,56.38899803161621,9053,0.0,0.0,100.0
39190,56.40575957298279,9053,0.0,0.0,100.0
39200,56.42121648788452,9053,0.0,0.0,100.0
39210,56.43550896644592,9053,0.0,0.0,100.0
39220,56.44798970222473,9053,0.0,0.0,100.0
39230,56.463261127471924,9053,0.0,0.0,100.0
39240,56.47828912734985,9053,0.0,0.0,100.0
39250,56.49335789680481,9053,0.0,0.0,100.0
39260,56.508769273757935,9053,0.0,0.0,100.0
39270,56.52175807952881,9053,0.0,0.0,100.0
39280,56.5369086265564,9053,0.0,0.0,100.0
39290,56.55090618133545,9053,0.0,0.0,100.0
39300,56.564576625823975,9053,0.0,0.0,100.0
39310,56.57883548736572,9053,0.0,0.0,100.0
39320,56.59313154220581,9053,0.0,0.0,100.0
39330,56.60628938674927,9053,0.0,0.0,100.0
39340,56.621835231781006,9053,0.0,0.0,100.0
39350,56.63527846336365,9053,0.0,0.0,100.0
39360,56.650447607040405,9053,0.0,0.0,100.0
39370,56.66434144973755,9053,0.0,0.0,100.0
39380,56.67602586746216,9053,0.0,0.0,100.0
39390,56.69186043739319,9053,0.0,0.0,100.0
39400,56.70628547668457,9053,0.0,0.0,100.0
39410,56.722684144973755,9053,0.0,0.0,100.0
39420,56.73936104774475,9053,0.0,0.0,100.0
39427,56.751654386520386,9053,0.0,0.0,100.0
39430,56.756948471069336,9053,0.0,0.0,100.0
39440,56.77155137062073,9053,0.0,0.0,100.0
39450,56.7878155708313,9053,0.0,0.0,100.0
39460,56.803420543670654,9053,0.0,0.0,100.0
39470,56.818469285964966,9053,0.0,0.0,100.0
39480,56.83349347114563,9053,0.0,0.0,100.0
39490,56.84741687774658,9053,0.0,0.0,100.0
39500,56.86195492744446,9053,0.0,0.0,100.0
39510,56.87654089927673,9053,0.0,0.0,100.0
39520,56.89163255691528,9053,0.0,0.0,100.0
39530,56.906763792037964,9053,0.0,0.0,100.0
39540,56.9198043346405,9053,0.0,0.0,100.0
39550,56.93540000915527,9053,0.0,0.0,100.0
39560,56.950138330459595,9053,0.0,0.0,100.0
39570,56.96534514427185,9053,0.0,0.0,100.0
39580,56.97925662994385,9053,0.0,0.0,100.0
39590,56.99449014663696,9053,0.0,0.0,100.0
39600,57.00778841972351,9053,0.0,0.0,100.0
39610,57.02126502990723,9053,0.0,0.0,100.0
39620,57.037524461746216,9053,0.0,0.0,100.0
39630,57.05209422111511,9053,0.0,0.0,100.0
39640,57.06735372543335,9053,0.0,0.0,100.0
39650,57.08131122589111,9053,0.0,0.0,100.0
39660,57.095590114593506,9053,0.0,0.0,100.0
39670,57.109827518463135,9053,0.0,0.0,100.0
39680,57.12323999404907,9053,0.0,0.0,100.0
39690,57.13764214515686,9053,0.0,0.0,100.0
39700,57.15262770652771,9053,0.0,0.0,100.0
39710,57.16681385040283,9053,0.0,0.0,100.0
39720,57.1800172328949,9053,0.0,0.0,100.0
39730,57.19447684288025,9053,0.0,0.0,100.0
39740,57.209444999694824,9053,0.0,0.0,100.0
39750,57.223872900009155,9053,0.0,0.0,100.0
39760,57.23869729042053,9053,0.0,0.0,100.0
39770,57.25194048881531,9053,0.0,0.0,100.0
39780,57.26745343208313,9053,0.0,0.0,100.0
39781,57.26925492286682,9053,0.0,0.0,100.0
39790,57.28106641769409,9053,0.0,0.0,100.0
39800,57.29614210128784,9053,0.0,0.0,100.0
39810,57.309462785720825,9053,0.0,0.0,100.0
39820,57.32388663291931,9053,0.0,0.0,100.0
39830,57.338924169540405,9053,0.0,0.0,100.0
39840,57.35320162773132,9053,0.0,0.0,100.0
39850,57.36757516860962,9053,0.0,0.0,100.0
39860,57.38289284706116,9053,0.0,0.0,100.0
39870,57.39414310455322,9053,0.0,0.0,100.0
39880,57.408095598220825,9053,0.0,0.0,100.0
39890,57.42195129394531,9053,0.0,0.0,100.0
39900,57.43503141403198,9053,0.0,0.0,100.0
39910,57.449889183044434,9053,0.0,0.0,100.0
39920,57.46478867530823,9053,0.0,0.0,100.0
39930,57.47841262817383,9053,0.0,0.0,100.0
39940,57.49274277687073,9053,0.0,0.0,100.0
39950,57.50675940513611,9053,0.0,0.0,100.0
39960,57.52175688743591,9053,0.0,0.0,100.0
39970,57.537447452545166,9053,0.0,0.0,100.0
39980,57.55077147483826,9053,0.0,0.0,100.0
39990,57.565035820007324,9053,0.0,0.0,100.0
40000,57.579806327819824,9053,0.0,0.0,100.0
40010,57.59542965888977,9053,0.0,0.0,100.0
40020,57.610098123550415,9053,0.0,0.0,100.0
40030,57.624380588531494,9053,0.0,0.0,100.0
40040,57.63946223258972,9053,0.0,0.0,100.0
40050,57.65459370613098,9053,0.0,0.0,100.0
40060,57.66860032081604,9053,0.0,0.0,100.0
40070,57.68416619300842,9053,0.0,0.0,100.0
40080,57.69986653327942,9053,0.0,0.0,100.0
40090,57.71554756164551,9053,0.0,0.0,100.0
40100,57.73111581802368,9053,0.0,0.0,100.0
40110,57.74504113197327,9053,0.0,0.0,100.0
40120,57.7589967250824,9053,0.0,0.0,100.0
40130,57.77364206314087,9053,0.0,0.0,100.0
40140,57.78802561759949,9053,0.0,0.0,100.0
40150,57.80283188819885,9053,0.0,0.0,100.0
40160,57.814844369888306,9053,0.0,0.0,100.0
40170,57.83235263824463,9053,0.0,0.0,100.0
40180,57.846598625183105,9053,0.0,0.0,100.0
40190,57.86116313934326,9053,0.0,0.0,100.0
40200,57.87583923339844,9053,0.0,0.0,100.0
40205,57.88354802131653,9053,0.0,0.0,100.0
40210,57.891284704208374,9053,0.0,0.0,100.0
40220,57.90469813346863,9053,0.0,0.0,100.0
40230,57.91920757293701,9053,0.0,0.0,100.0
40240,57.9345920085907,9053,0.0,0.0,100.0
40250,57.94941067695618,9053,0.0,0.0,100.0
40260,57.963807821273804,9053,0.0,0.0,100.0
40270,57.97807860374451,9053,0.0,0.0,100.0
40280,57.9914927482605,9053,0.0,0.0,100.0
40290,58.005810499191284,9053,0.0,0.0,100.0
40300,58.021477460861206,9053,0.0,0.0,100.0
40310,58.03413271903992,9053,0.0,0.0,100.0
40320,58.04786801338196,9053,0.0,0.0,100.0
40330,58.062543869018555,9053,0.0,0.0,100.0
40340,58.07887411117554,9053,0.0,0.0,100.0
40350,58.093631982803345,9053,0.0,0.0,100.0
40360,58.107237577438354,9053,0.0,0.0,100.0
40370,58.11992073059082,9053,0.0,0.0,100.0
40380,58.134079933166504,9053,0.0,0.0,100.0
40390,58.147733211517334,9053,0.0,0.0,100.0
40400,58.161580085754395,9053,0.0,0.0,100.0
40410,58.176578760147095,9053,0.0,0.0,100.0
40420,58.19031071662903,9053,0.0,0.0,100.0
40430,58.20471549034119,9053,0.0,0.0,100.0
40440,58.2168333530426,9053,0.0,0.0,100.0
40450,58.23099422454834,9053,0.0,0.0,100.0
40460,58.24500393867493,9053,0.0,0.0,100.0
40464,58.25097608566284,9053,0.0,0.0,100.0
40470,58.259724378585815,9053,0.0,0.0,100.0
40480,58.274903297424316,9053,0.0,0.0,100.0
40490,58.28839373588562,9053,0.0,0.0,100.0
40500,58.30237913131714,9053,0.0,0.0,100.0
40510,58.31790256500244,9053,0.0,0.0,100.0
40520,58.331812620162964,9053,0.0,0.0,100.0
40530,58.34560418128967,9053,0.0,0.0,100.0
40540,58.35811400413513,9053,0.0,0.0,100.0
40550,58.37303304672241,9053,0.0,0.0,100.0
40560,58.388134479522705,9053,0.0,0.0,100.0
40570,58.402931690216064,9053,0.0,0.0,100.0
40580,58.42065715789795,9053,0.0,0.0,100.0
40590,58.43609118461609,9053,0.0,0.0,100.0
40600,58.45109295845032,9053,0.0,0.0,100.0
40610,58.46366572380066,9053,0.0,0.0,100.0
40620,58.477014780044556,9053,0.0,0.0,100.0
40630,58.49094796180725,9053,0.0,0.0,100.0
40634,58.497960567474365,9053,0.0,0.0,100.0
40640,58.506876707077026,9053,0.0,0.0,100.0
40650,58.51965355873108,9053,0.0,0.0,100.0
40660,58.53312015533447,9053,0.0,0.0,100.0
40670,58.54807209968567,9053,0.0,0.0,100.0
40680,58.56298804283142,9053,0.0,0.0,100.0
40690,58.575268030166626,9053,0.0,0.0,100.0
40700,58.59125566482544,9053,0.0,0.0,100.0
40710,58.60470700263977,9053,0.0,0.0,100.0
40720,58.61869406700134,9053,0.0,0.0,100.0
40730,58.63352704048157,9053,0.0,0.0,100.0
40740,58.64750075340271,9053,0.0,0.0,100.0
40750,58.662861347198486,9053,0.0,0.0,100.0
40760,58.67632222175598,9053,0.0,0.0,100.0
40770,58.690404653549194,9053,0.0,0.0,100.0
40780,58.70603704452515,9053,0.0,0.0,100.0
40790,58.7222363948822,9053,0.0,0.0,100.0
40800,58.737260580062866,9053,0.0,0.0,100.0
40810,58.75356340408325,9053,0.0,0.0,100.0
40820,58.76805305480957,9053,0.0,0.0,100.0
40830,58.781962633132935,9053,0.0,0.0,100.0
40840,58.796178102493286,9053,0.0,0.0,100.0
40850,58.809508085250854,9053,0.0,0.0,100.0
40860,58.8233757019043,9053,0.0,0.0,100.0
40870,58.83761262893677,9053,0.0,0.0,100.0
40880,58.8510947227478,9053,0.0,0.0,100.0
40890,58.865562438964844,9053,0.0,0.0,100.0
40900,58.87885546684265,9053,0.0,0.0,100.0
40910,58.893261432647705,9053,0.0,0.0,100.0
40920,58.907774448394775,9053,0.0,0.0,100.0
40930,58.922876834869385,9053,0.0,0.0,100.0
40940,58.93760895729065,9053,0.0,0.0,100.0
40950,58.951921701431274,9053,0.0,0.0,100.0
40960,58.967416524887085,9053,0.0,0.0,100.0
40970,58.98057746887207,9053,0.0,0.0,100.0
40980,58.99514603614807,9053,0.0,0.0,100.0
40990,59.00955057144165,9053,0.0,0.0,100.0
41000,59.02519488334656,9053,0.0,0.0,100.0
41010,59.0382297039032,9053,0.0,0.0,100.0
41020,59.05317449569702,9053,0.0,0.0,100.0
41030,59.06674599647522,9053,0.0,0.0,100.0
41040,59.08035945892334,9053,0.0,0.0,100.0
41050,59.09464430809021,9053,0.0,0.0,100.0
41060,59.10741114616394,9053,0.0,0.0,100.0
41070,59.12221837043762,9053,0.0,0.0,100.0
41080,59.135825395584106,9053,0.0,0.0,100.0
41090,59.151246309280396,9053,0.0,0.0,100.0
41100,59.164565563201904,9053,0.0,0.0,100.0
41110,59.17834663391113,9053,0.0,0.0,100.0
41120,59.19243025779724,9053,0.0,0.0,100.0
41130,59.205816984176636,9053,0.0,0.0,100.0
41140,59.21939992904663,9053,0.0,0.0,100.0
41150,59.23384976387024,9053,0.0,0.0,100.0
41160,59.24885964393616,9053,0.0,0.0,100.0
41170,59.261576652526855,9053,0.0,0.0,100.0
41180,59.27723550796509,9053,0.0,0.0,100.0
41190,59.292717933654785,9053,0.0,0.0,100.0
41200,59.306742429733276,9053,0.0,0.0,100.0
41210,59.32074189186096,9053,0.0,0.0,100.0
41220,59.33695435523987,9053,0.0,0.0,100.0
41230,59.35398745536804,9053,0.0,0.0,100.0
41240,59.36780643463135,9053,0.0,0.0,100.0
41250,59.38025975227356,9053,0.0,0.0,100.0
41260,59.39467239379883,9053,0.0,0.0,100.0
41270,59.4090473651886,9053,0.0,0.0,100.0
41280,59.42449474334717,9053,0.0,0.0,100.0
41290,59.44050168991089,9053,0.0,0.0,100.0
41300,59.454938888549805,9053,0.0,0.0,100.0
41310,59.46876311302185,9053,0.0,0.0,100.0
41320,59.484514474868774,9053,0.0,0.0,100.0
41330,59.49791932106018,9053,0.0,0.0,100.0
41340,59.51301097869873,9053,0.0,0.0,100.0
41350,59.52898025512695,9053,0.0,0.0,100.0
41360,59.543315410614014,9053,0.0,0.0,100.0
41370,59.55795097351074,9053,0.0,0.0,100.0
41380,59.570122718811035,9053,0.0,0.0,100.0
41390,59.58454465866089,9053,0.0,0.0,100.0
41400,59.59848761558533,9053,0.0,0.0,100.0
41410,59.61230707168579,9053,0.0,0.0,100.0
41420,59.62536120414734,9053,0.0,0.0,100.0
41430,59.63982915878296,9053,0.0,0.0,100.0
41440,59.65517830848694,9053,0.0,0.0,100.0
41450,59.66895580291748,9053,0.0,0.0,100.0
41460,59.681559324264526,9053,0.0,0.0,100.0
41470,59.69644379615784,9053,0.0,0.0,100.0
41480,59.712486028671265,9053,0.0,0.0,100.0
41490,59.72484230995178,9053,0.0,0.0,100.0
41500,59.74007487297058,9053,0.0,0.0,100.0
41510,59.7550368309021,9053,0.0,0.0,100.0
41520,59.76889157295227,9053,0.0,0.0,100.0
41521,59.770817041397095,9053,0.0,0.0,100.0
41530,59.78309202194214,9053,0.0,0.0,100.0
41540,59.79714226722717,9053,0.0,0.0,100.0
41550,59.81261849403381,9053,0.0,0.0,100.0
41560,59.827454805374146,9053,0.0,0.0,100.0
41570,59.840248584747314,9053,0.0,0.0,100.0
41580,59.855159282684326,9053,0.0,0.0,100.0
41590,59.867164850234985,9053,0.0,0.0,100.0
41600,59.8793306350708,9053,0.0,0.0,100.0
41610,59.89358592033386,9053,0.0,0.0,100.0
41620,59.90569591522217,9053,0.0,0.0,100.0
41630,59.918734550476074,9053,0.0,0.0,100.0
41640,59.932796239852905,9053,0.0,0.0,100.0
41650,59.9464373588562,9053,0.0,0.0,100.0
41660,59.96219992637634,9053,0.0,0.0,100.0
41670,59.976600885391235,9053,0.0,0.0,100.0
41680,59.99072003364563,9053,0.0,0.0,100.0
41690,60.00379419326782,9053,0.0,0.0,100.0
41700,60.01892018318176,9053,0.0,0.0,100.0
41710,60.03316020965576,9053,0.0,0.0,100.0
41720,60.04714322090149,9053,0.0,0.0,100.0
41730,60.061161279678345,9053,0.0,0.0,100.0
41740,60.07443904876709,9053,0.0,0.0,100.0
41750,60.086997985839844,9053,0.0,0.0,100.0
41760,60.102171421051025,9053,0.0,0.0,100.0
41770,60.11540675163269,9053,0.0,0.0,100.0
41780,60.12906074523926,9053,0.0,0.0,100.0
41790,60.142536878585815,9053,0.0,0.0,100.0
41800,60.157021045684814,9053,0.0,0.0,100.0
41810,60.17171239852905,9053,0.0,0.0,100.0
41820,60.18660283088684,9053,0.0,0.0,100.0
41830,60.20008683204651,9053,0.0,0.0,100.0
41840,60.214489459991455,9053,0.0,0.0,100.0
41850,60.229270458221436,9053,0.0,0.0,100.0
41860,60.24254608154297,9053,0.0,0.0,100.0
41870,60.256664991378784,9053,0.0,0.0,100.0
41880,60.271158933639526,9053,0.0,0.0,100.0
41890,60.28573942184448,9053,0.0,0.0,100.0
41900,60.300283432006836,9053,0.0,0.0,100.0
41910,60.31516742706299,9053,0.0,0.0,100.0
41920,60.32994484901428,9053,0.0,0.0,100.0
41930,60.34497547149658,9053,0.0,0.0,100.0
41940,60.35882329940796,9053,0.0,0.0,100.0
41950,60.37196588516235,9053,0.0,0.0,100.0
41960,60.38632154464722,9053,0.0,0.0,100.0
41970,60.400656938552856,9053,0.0,0.0,100.0
41980,60.41430354118347,9053,0.0,0.0,100.0
41990,60.428067445755005,9053,0.0,0.0,100.0
42000,60.442434549331665,9053,0.0,0.0,100.0
42010,60.45617318153381,9053,0.0,0.0,100.0
42020,60.46977257728577,9053,0.0,0.0,100.0
42030,60.48417854309082,9053,0.0,0.0,100.0
42040,60.49883055686951,9053,0.0,0.0,100.0
42050,60.512675523757935,9053,0.0,0.0,100.0
42060,60.52772307395935,9053,0.0,0.0,100.0
42070,60.542447566986084,9053,0.0,0.0,100.0
42080,60.55724310874939,9053,0.0,0.0,100.0
42090,60.57205581665039,9053,0.0,0.0,100.0
42100,60.587892293930054,9053,0.0,0.0,100.0
42110,60.60288739204407,9053,0.0,0.0,100.0
42120,60.617377519607544,9053,0.0,0.0,100.0
42130,60.6312038898468,9053,0.0,0.0,100.0
42140,60.64782667160034,9053,0.0,0.0,100.0
42150,60.66255855560303,9053,0.0,0.0,100.0
42160,60.6750009059906,9053,0.0,0.0,100.0
42170,60.68915009498596,9053,0.0,0.0,100.0
42180,60.703863859176636,9053,0.0,0.0,100.0
42190,60.717931270599365,9053,0.0,0.0,100.0
42200,60.73078370094299,9053,0.0,0.0,100.0
42210,60.74478888511658,9053,0.0,0.0,100.0
42220,60.76168155670166,9053,0.0,0.0,100.0
42228,60.77369475364685,9053,0.0,0.0,100.0
42230,60.7769296169281,9053,0.0,0.0,100.0
42240,60.79196071624756,9053,0.0,0.0,100.0
42250,60.80757546424866,9053,0.0,0.0,100.0
42260,60.82214379310608,9053,0.0,0.0,100.0
42270,60.8365843296051,9053,0.0,0.0,100.0
42280,60.85167741775513,9053,0.0,0.0,100.0
42290,60.86846137046814,9053,0.0,0.0,100.0
42300,60.88643288612366,9053,0.0,0.0,100.0
42310,60.907036542892456,9053,0.0,0.0,100.0
42320,60.928093671798706,9053,0.0,0.0,100.0
42330,60.94204926490784,9053,0.0,0.0,100.0
42340,60.961671352386475,9053,0.0,0.0,100.0
42350,60.976481199264526,9053,0.0,0.0,100.0
42360,60.99302649497986,9053,0.0,0.0,100.0
42370,61.006850481033325,9053,0.0,0.0,100.0
42380,61.02096939086914,9053,0.0,0.0,100.0
42390,61.03564429283142,9053,0.0,0.0,100.0
42400,61.04723405838013,9053,0.0,0.0,100.0
42410,61.060232162475586,9053,0.0,0.0,100.0
42420,61.073002099990845,9053,0.0,0.0,100.0
42430,61.08634328842163,9053,0.0,0.0,100.0
42440,61.100069522857666,9053,0.0,0.0,100.0
42449,61.115216970443726,9053,0.0,0.0,100.0
42450,61.11674118041992,9053,0.0,0.0,100.0
42460,61.13105916976929,9053,0.0,0.0,100.0
42470,61.146235704422,9053,0.0,0.0,100.0
42480,61.15882635116577,9053,0.0,0.0,100.0
42490,61.17373609542847,9053,0.0,0.0,100.0
42500,61.18644738197327,9053,0.0,0.0,100.0
42510,61.20250844955444,9053,0.0,0.0,100.0
42520,61.21705484390259,9053,0.0,0.0,100.0
42530,61.232590198516846,9053,0.0,0.0,100.0
42540,61.24659562110901,9053,0.0,0.0,100.0
42550,61.26040053367615,9053,0.0,0.0,100.0
42560,61.274744272232056,9053,0.0,0.0,100.0
42570,61.28992295265198,9053,0.0,0.0,100.0
42580,61.304059982299805,9053,0.0,0.0,100.0
42590,61.318686962127686,9053,0.0,0.0,100.0
42600,61.33234190940857,9053,0.0,0.0,100.0
42610,61.345632791519165,9053,0.0,0.0,100.0
42618,61.35769295692444,9053,0.0,0.0,100.0
42620,61.36075139045715,9053,0.0,0.0,100.0
42630,61.37517285346985,9053,0.0,0.0,100.0
42640,61.389790773391724,9053,0.0,0.0,100.0
42650,61.402459144592285,9053,0.0,0.0,100.0
42660,61.41568565368652,9053,0.0,0.0,100.0
42670,61.43174767494202,9053,0.0,0.0,100.0
42680,61.4466507434845,9053,0.0,0.0,100.0
42690,61.46166229248047,9053,0.0,0.0,100.0
42700,61.475141286849976,9053,0.0,0.0,100.0
42710,61.489624977111816,9053,0.0,0.0,100.0
42720,61.50237059593201,9053,0.0,0.0,100.0
42730,61.51581001281738,9053,0.0,0.0,100.0
42740,61.530192613601685,9053,0.0,0.0,100.0
42750,61.543495178222656,9053,0.0,0.0,100.0
42760,61.558032512664795,9053,0.0,0.0,100.0
42770,61.5727276802063,9053,0.0,0.0,100.0
42780,61.5884747505188,9053,0.0,0.0,100.0
42790,61.602089643478394,9053,0.0,0.0,100.0
42800,61.61704778671265,9053,0.0,0.0,100.0
42810,61.630061626434326,9053,0.0,0.0,100.0
42820,61.64547801017761,9053,0.0,0.0,100.0
42830,61.66166353225708,9053,0.0,0.0,100.0
42840,61.67666745185852,9053,0.0,0.0,100.0
42850,61.69306516647339,9053,0.0,0.0,100.0
42860,61.70773267745972,9053,0.0,0.0,100.0
42870,61.72277355194092,9053,0.0,0.0,100.0
42880,61.73884987831116,9053,0.0,0.0,100.0
42890,61.75277376174927,9053,0.0,0.0,100.0
42900,61.767552852630615,9053,0.0,0.0,100.0
42910,61.7834587097168,9053,0.0,0.0,100.0
42920,61.79764533042908,9053,0.0,0.0,100.0
42930,61.810157775878906,9053,0.0,0.0,100.0
42940,61.824915170669556,9053,0.0,0.0,100.0
42950,61.840331077575684,9053,0.0,0.0,100.0
42960,61.85445284843445,9053,0.0,0.0,100.0
42970,61.86786913871765,9053,0.0,0.0,100.0
42980,61.882073402404785,9053,0.0,0.0,100.0
42990,61.89643716812134,9053,0.0,0.0,100.0
43000,61.91036295890808,9053,0.0,0.0,100.0
43009,61.92401123046875,9053,0.0,0.0,100.0
43010,61.92491602897644,9053,0.0,0.0,100.0
43020,61.938904762268066,9053,0.0,0.0,100.0
43030,61.95303702354431,9053,0.0,0.0,100.0
43040,61.96658253669739,9053,0.0,0.0,100.0
43050,61.98171091079712,9053,0.0,0.0,100.0
43060,61.997251987457275,9053,0.0,0.0,100.0
43070,62.01152276992798,9053,0.0,0.0,100.0
43080,62.026207447052,9053,0.0,0.0,100.0
43090,62.041059732437134,9053,0.0,0.0,100.0
43100,62.05451440811157,9053,0.0,0.0,100.0
43110,62.06741404533386,9053,0.0,0.0,100.0
43120,62.081345319747925,9053,0.0,0.0,100.0
43130,62.094502687454224,9053,0.0,0.0,100.0
43140,62.108540534973145,9053,0.0,0.0,100.0
43150,62.12383699417114,9053,0.0,0.0,100.0
43160,62.137709856033325,9053,0.0,0.0,100.0
43170,62.152252197265625,9053,0.0,0.0,100.0
43180,62.16704988479614,9053,0.0,0.0,100.0
43190,62.18105888366699,9053,0.0,0.0,100.0
43200,62.196688652038574,9053,0.0,0.0,100.0
43210,62.21247935295105,9053,0.0,0.0,100.0
43220,62.229368686676025,9053,0.0,0.0,100.0
43230,62.2449471950531,9053,0.0,0.0,100.0
43240,62.25966429710388,9053,0.0,0.0,100.0
43250,62.274442195892334,9053,0.0,0.0,100.0
43260,62.287726163864136,9053,0.0,0.0,100.0
43270,62.3017418384552,9053,0.0,0.0,100.0
43280,62.316232681274414,9053,0.0,0.0,100.0
43290,62.329567193984985,9053,0.0,0.0,100.0
43300,62.34108519554138,9053,0.0,0.0,100.0
43310,62.355459213256836,9053,0.0,0.0,100.0
43320,62.370227336883545,9053,0.0,0.0,100.0
43330,62.38423156738281,9053,0.0,0.0,100.0
43340,62.39923715591431,9053,0.0,0.0,100.0
43350,62.414101123809814,9053,0.0,0.0,100.0
43360,62.42926502227783,9053,0.0,0.0,100.0
43370,62.44417142868042,9053,0.0,0.0,100.0
43380,62.458449363708496,9053,0.0,0.0,100.0
43390,62.47335457801819,9053,0.0,0.0,100.0
43400,62.48807072639465,9053,0.0,0.0,100.0
43410,62.50339484214783,9053,0.0,0.0,100.0
43420,62.51812934875488,9053,0.0,0.0,100.0
43430,62.53281092643738,9053,0.0,0.0,100.0
43440,62.54698848724365,9053,0.0,0.0,100.0
43450,62.56286025047302,9053,0.0,0.0,100.0
43460,62.580162048339844,9053,0.0,0.0,100.0
43470,62.59489941596985,9053,0.0,0.0,100.0
43480,62.609203577041626,9053,0.0,0.0,100.0
43490,62.624165058135986,9053,0.0,0.0,100.0
43500,62.63896822929382,9053,0.0,0.0,100.0
43510,62.655823707580566,9053,0.0,0.0,100.0
43520,62.67180037498474,9053,0.0,0.0,100.0
43530,62.68683695793152,9053,0.0,0.0,100.0
43536,62.69867825508118,9053,0.0,0.0,100.0
43540,62.70478963851929,9053,0.0,0.0,100.0
43550,62.720349073410034,9053,0.0,0.0,100.0
43560,62.734726428985596,9053,0.0,0.0,100.0
43570,62.749085426330566,9053,0.0,0.0,100.0
43580,62.76313853263855,9053,0.0,0.0,100.0
43590,62.7769820690155,9053,0.0,0.0,100.0
43600,62.79107332229614,9053,0.0,0.0,100.0
43610,62.806150913238525,9053,0.0,0.0,100.0
43620,62.82223105430603,9053,0.0,0.0,100.0
43630,62.83613419532776,9053,0.0,0.0,100.0
43640,62.85012769699097,9053,0.0,0.0,100.0
43650,62.86511468887329,9053,0.0,0.0,100.0
43660,62.876465797424316,9053,0.0,0.0,100.0
43670,62.892019271850586,9053,0.0,0.0,100.0
43680,62.906943798065186,9053,0.0,0.0,100.0
43690,62.919859409332275,9053,0.0,0.0,100.0
43700,62.934226989746094,9053,0.0,0.0,100.0
43710,62.94740557670593,9053,0.0,0.0,100.0
43720,62.96276021003723,9053,0.0,0.0,100.0
43730,62.977254152297974,9053,0.0,0.0,100.0
43740,62.990808963775635,9053,0.0,0.0,100.0
43750,63.00672006607056,9053,0.0,0.0,100.0
43760,63.02148747444153,9053,0.0,0.0,100.0
43770,63.03512001037598,9053,0.0,0.0,100.0
43780,63.050647020339966,9053,0.0,0.0,100.0
43790,63.06648397445679,9053,0.0,0.0,100.0
43800,63.08306932449341,9053,0.0,0.0,100.0
43810,63.09810733795166,9053,0.0,0.0,100.0
43820,63.11239528656006,9053,0.0,0.0,100.0
43830,63.12711977958679,9053,0.0,0.0,100.0
43840,63.142751932144165,9053,0.0,0.0,100.0
43850,63.15781760215759,9053,0.0,0.0,100.0
43860,63.1764349937439,9053,0.0,0.0,100.0
43870,63.192309617996216,9053,0.0,0.0,100.0
43880,63.20694851875305,9053,0.0,0.0,100.0
43890,63.22509741783142,9053,0.0,0.0,100.0
43900,63.24040722846985,9053,0.0,0.0,100.0
43910,63.25436234474182,9053,0.0,0.0,100.0
43920,63.271648645401,9053,0.0,0.0,100.0
43930,63.28572964668274,9053,0.0,0.0,100.0
43940,63.30052876472473,9053,0.0,0.0,100.0
43950,63.31472635269165,9053,0.0,0.0,100.0
43960,63.33036541938782,9053,0.0,0.0,100.0
43970,63.345703125,9053,0.0,0.0,100.0
43980,63.35986018180847,9053,0.0,0.0,100.0
43990,63.372668504714966,9053,0.0,0.0,100.0
44000,63.38663697242737,9053,0.0,0.0,100.0
44010,63.40093755722046,9053,0.0,0.0,100.0
44020,63.41440963745117,9053,0.0,0.0,100.0
44030,63.430413007736206,9053,0.0,0.0,100.0
44040,63.44571828842163,9053,0.0,0.0,100.0
44050,63.46117067337036,9053,0.0,0.0,100.0
44060,63.47594594955444,9053,0.0,0.0,100.0
44070,63.4900848865509,9053,0.0,0.0,100.0
44080,63.505232095718384,9053,0.0,0.0,100.0
44090,63.52162146568298,9053,0.0,0.0,100.0
44100,63.536999464035034,9053,0.0,0.0,100.0
44110,63.550501585006714,9053,0.0,0.0,100.0
44120,63.56616449356079,9053,0.0,0.0,100.0
44130,63.579387187957764,9053,0.0,0.0,100.0
44138,63.590705156326294,9053,0.0,0.0,100.0
44140,63.5932343006134,9053,0.0,0.0,100.0
44150,63.60655379295349,9053,0.0,0.0,100.0
44160,63.62182688713074,9053,0.0,0.0,100.0
44170,63.63656830787659,9053,0.0,0.0,100.0
44180,63.65160846710205,9053,0.0,0.0,100.0
44190,63.6669397354126,9053,0.0,0.0,100.0
44200,63.682159662246704,9053,0.0,0.0,100.0
44210,63.69735336303711,9053,0.0,0.0,100.0
44220,63.714327812194824,9053,0.0,0.0,100.0
44230,63.7292640209198,9053,0.0,0.0,100.0
44240,63.74435472488403,9053,0.0,0.0,100.0
44250,63.75834035873413,9053,0.0,0.0,100.0
44260,63.773446798324585,9053,0.0,0.0,100.0
44270,63.7882776260376,9053,0.0,0.0,100.0
44280,63.804311990737915,9053,0.0,0.0,100.0
44290,63.81802678108215,9053,0.0,0.0,100.0
44300,63.83220863342285,9053,0.0,0.0,100.0
44310,63.84424042701721,9053,0.0,0.0,100.0
44320,63.858821630477905,9053,0.0,0.0,100.0
44330,63.8730103969574,9053,0.0,0.0,100.0
44340,63.888378381729126,9053,0.0,0.0,100.0
44350,63.90378427505493,9053,0.0,0.0,100.0
44360,63.91826844215393,9053,0.0,0.0,100.0
44370,63.93116521835327,9053,0.0,0.0,100.0
44380,63.94553756713867,9053,0.0,0.0,100.0
44390,63.960129499435425,9053,0.0,0.0,100.0
44400,63.976712465286255,9053,0.0,0.0,100.0
44410,63.992210388183594,9053,0.0,0.0,100.0
44420,64.00631928443909,9053,0.0,0.0,100.0
44430,64.01913523674011,9053,0.0,0.0,100.0
44440,64.03408527374268,9053,0.0,0.0,100.0
44450,64.0470221042633,9053,0.0,0.0,100.0
44460,64.06248116493225,9053,0.0,0.0,100.0
44470,64.07746124267578,9053,0.0,0.0,100.0
44480,64.09099173545837,9053,0.0,0.0,100.0
44490,64.10450196266174,9053,0.0,0.0,100.0
44500,64.11895608901978,9053,0.0,0.0,100.0
44510,64.13443112373352,9053,0.0,0.0,100.0
44520,64.14785051345825,9053,0.0,0.0,100.0
44530,64.1630642414093,9053,0.0,0.0,100.0
44540,64.17954730987549,9053,0.0,0.0,100.0
44550,64.19451951980591,9053,0.0,0.0,100.0
44560,64.20929789543152,9053,0.0,0.0,100.0
44570,64.22420001029968,9053,0.0,0.0,100.0
44580,64.23917174339294,9053,0.0,0.0,100.0
44590,64.25304436683655,9053,0.0,0.0,100.0
44600,64.26849293708801,9053,0.0,0.0,100.0
44610,64.28257703781128,9053,0.0,0.0,100.0
44620,64.29699301719666,9053,0.0,0.0,100.0
44630,64.31236171722412,9053,0.0,0.0,100.0
44640,64.3285493850708,9053,0.0,0.0,100.0
44650,64.34427213668823,9053,0.0,0.0,100.0
44660,64.35743069648743,9053,0.0,0.0,100.0
44670,64.3718683719635,9053,0.0,0.0,100.0
44680,64.38541674613953,9053,0.0,0.0,100.0
44690,64.4012725353241,9053,0.0,0.0,100.0
44700,64.41541361808777,9053,0.0,0.0,100.0
44710,64.43144273757935,9053,0.0,0.0,100.0
44720,64.4468286037445,9053,0.0,0.0,100.0
44730,64.46221733093262,9053,0.0,0.0,100.0
44740,64.4768455028534,9053,0.0,0.0,100.0
44750,64.49466323852539,9053,0.0,0.0,100.0
44760,64.50943303108215,9053,0.0,0.0,100.0
44764,64.51594424247742,9053,0.0,0.0,100.0
44770,64.52315926551819,9053,0.0,0.0,100.0
44780,64.53585982322693,9053,0.0,0.0,100.0
44790,64.55040860176086,9053,0.0,0.0,100.0
44800,64.564706325531,9053,0.0,0.0,100.0
44810,64.57879066467285,9053,0.0,0.0,100.0
44820,64.59219455718994,9053,0.0,0.0,100.0
44830,64.60559010505676,9053,0.0,0.0,100.0
44840,64.61974310874939,9053,0.0,0.0,100.0
44850,64.63513946533203,9053,0.0,0.0,100.0
44860,64.64991092681885,9053,0.0,0.0,100.0
44870,64.66508793830872,9053,0.0,0.0,100.0
44880,64.67879271507263,9053,0.0,0.0,100.0
44890,64.69402527809143,9053,0.0,0.0,100.0
44900,64.70932173728943,9053,0.0,0.0,100.0
44910,64.72313904762268,9053,0.0,0.0,100.0
44920,64.73890900611877,9053,0.0,0.0,100.0
44930,64.75316548347473,9053,0.0,0.0,100.0
44940,64.7700731754303,9053,0.0,0.0,100.0
44950,64.78436350822449,9053,0.0,0.0,100.0
44960,64.79854369163513,9053,0.0,0.0,100.0
44970,64.81352376937866,9053,0.0,0.0,100.0
44980,64.8272967338562,9053,0.0,0.0,100.0
44990,64.8413314819336,9053,0.0,0.0,100.0
45000,64.85566902160645,9053,0.0,0.0,100.0
45010,64.87065410614014,9053,0.0,0.0,100.0
45020,64.88493466377258,9053,0.0,0.0,100.0
45030,64.89956402778625,9053,0.0,0.0,100.0
45040,64.91394686698914,9053,0.0,0.0,100.0
45050,64.92720913887024,9053,0.0,0.0,100.0
45053,64.93234705924988,9053,0.0,0.0,100.0
45060,64.94215750694275,9053,0.0,0.0,100.0
45070,64.95676469802856,9053,0.0,0.0,100.0
45080,64.97225189208984,9053,0.0,0.0,100.0
45090,64.9863908290863,9053,0.0,0.0,100.0
45100,64.99966979026794,9053,0.0,0.0,100.0
45110,65.01312589645386,9053,0.0,0.0,100.0
45120,65.02519607543945,9053,0.0,0.0,100.0
45130,65.03797268867493,9053,0.0,0.0,100.0
45140,65.05065488815308,9053,0.0,0.0,100.0
45150,65.0648603439331,9053,0.0,0.0,100.0
45160,65.07885837554932,9053,0.0,0.0,100.0
45170,65.09216928482056,9053,0.0,0.0,100.0
45180,65.10692000389099,9053,0.0,0.0,100.0
45190,65.12213277816772,9053,0.0,0.0,100.0
45200,65.13370060920715,9053,0.0,0.0,100.0
45210,65.14879083633423,9053,0.0,0.0,100.0
45220,65.16400980949402,9053,0.0,0.0,100.0
45230,65.18076491355896,9053,0.0,0.0,100.0
45240,65.19633841514587,9053,0.0,0.0,100.0
45250,65.21115565299988,9053,0.0,0.0,100.0
45260,65.22537970542908,9053,0.0,0.0,100.0
45270,65.24019455909729,9053,0.0,0.0,100.0
45280,65.25460171699524,9053,0.0,0.0,100.0
45290,65.26965093612671,9053,0.0,0.0,100.0
45300,65.28513503074646,9053,0.0,0.0,100.0
45310,65.30063533782959,9053,0.0,0.0,100.0
45320,65.31396985054016,9053,0.0,0.0,100.0
45330,65.32942819595337,9053,0.0,0.0,100.0
45340,65.34224224090576,9053,0.0,0.0,100.0
45350,65.35685396194458,9053,0.0,0.0,100.0
45360,65.37127709388733,9053,0.0,0.0,100.0
45370,65.38649988174438,9053,0.0,0.0,100.0
45380,65.39990305900574,9053,0.0,0.0,100.0
45390,65.41544222831726,9053,0.0,0.0,100.0
45400,65.433762550354,9053,0.0,0.0,100.0
45410,65.44764494895935,9053,0.0,0.0,100.0
45412,65.45106291770935,9053,0.0,0.0,100.0
45420,65.4630675315857,9053,0.0,0.0,100.0
45430,65.47703337669373,9053,0.0,0.0,100.0
45440,65.49243545532227,9053,0.0,0.0,100.0
45450,65.50648093223572,9053,0.0,0.0,100.0
45460,65.52228140830994,9053,0.0,0.0,100.0
45470,65.53638458251953,9053,0.0,0.0,100.0
45471,65.53827810287476,9053,0.0,0.0,100.0
45480,65.55224061012268,9053,0.0,0.0,100.0
45490,65.56572318077087,9053,0.0,0.0,100.0
45500,65.5808572769165,9053,0.0,0.0,100.0
45510,65.59553170204163,9053,0.0,0.0,100.0
45520,65.60954213142395,9053,0.0,0.0,100.0
45530,65.62258052825928,9053,0.0,0.0,100.0
45540,65.6359691619873,9053,0.0,0.0,100.0
45550,65.65207958221436,9053,0.0,0.0,100.0
45560,65.66506338119507,9053,0.0,0.0,100.0
45570,65.68098831176758,9053,0.0,0.0,100.0
45580,65.69513487815857,9053,0.0,0.0,100.0
45590,65.71064448356628,9053,0.0,0.0,100.0
45600,65.72582817077637,9053,0.0,0.0,100.0
45610,65.7404191493988,9053,0.0,0.0,100.0
45620,65.75540518760681,9053,0.0,0.0,100.0
45623,65.76006841659546,9053,0.0,0.0,100.0
45630,65.77186012268066,9053,0.0,0.0,100.0
45640,65.79004073143005,9053,0.0,0.0,100.0
45650,65.80480241775513,9053,0.0,0.0,100.0
45660,65.82023286819458,9053,0.0,0.0,100.0
45670,65.83575367927551,9053,0.0,0.0,100.0
45680,65.85062980651855,9053,0.0,0.0,100.0
45690,65.86574530601501,9053,0.0,0.0,100.0
45700,65.87972640991211,9053,0.0,0.0,100.0
45710,65.89450931549072,9053,0.0,0.0,100.0
45720,65.90893220901489,9053,0.0,0.0,100.0
45730,65.92359137535095,9053,0.0,0.0,100.0
45740,65.93765592575073,9053,0.0,0.0,100.0
45750,65.95252227783203,9053,0.0,0.0,100.0
45760,65.96773505210876,9053,0.0,0.0,100.0
45770,65.98166227340698,9053,0.0,0.0,100.0
45780,65.99573850631714,9053,0.0,0.0,100.0
45790,66.01120090484619,9053,0.0,0.0,100.0
45800,66.02495002746582,9053,0.0,0.0,100.0
45810,66.03946661949158,9053,0.0,0.0,100.0
45820,66.05363821983337,9053,0.0,0.0,100.0
45830,66.06758141517639,9053,0.0,0.0,100.0
45840,66.08027505874634,9053,0.0,0.0,100.0
45850,66.094153881073,9053,0.0,0.0,100.0
45860,66.10850119590759,9053,0.0,0.0,100.0
45870,66.12216281890869,9053,0.0,0.0,100.0
45880,66.13761448860168,9053,0.0,0.0,100.0
45890,66.15176248550415,9053,0.0,0.0,100.0
45900,66.1659185886383,9053,0.0,0.0,100.0
45910,66.17944383621216,9053,0.0,0.0,100.0
45920,66.19298815727234,9053,0.0,0.0,100.0
45930,66.20678329467773,9053,0.0,0.0,100.0
45940,66.22195267677307,9053,0.0,0.0,100.0
45950,66.23643398284912,9053,0.0,0.0,100.0
45960,66.24907541275024,9053,0.0,0.0,100.0
45970,66.26514172554016,9053,0.0,0.0,100.0
45980,66.28053879737854,9053,0.0,0.0,100.0
45990,66.2936019897461,9053,0.0,0.0,100.0
46000,66.3086302280426,9053,0.0,0.0,100.0
46010,66.32299494743347,9053,0.0,0.0,100.0
46020,66.33689284324646,9053,0.0,0.0,100.0
46030,66.35028982162476,9053,0.0,0.0,100.0
46040,66.36437463760376,9053,0.0,0.0,100.0
46050,66.379075050354,9053,0.0,0.0,100.0
46060,66.39369702339172,9053,0.0,0.0,100.0
46070,66.40952205657959,9053,0.0,0.0,100.0
46080,66.42423462867737,9053,0.0,0.0,100.0
46090,66.43893623352051,9053,0.0,0.0,100.0
46100,66.45293378829956,9053,0.0,0.0,100.0
46110,66.46814155578613,9053,0.0,0.0,100.0
46120,66.48426866531372,9053,0.0,0.0,100.0
46130,66.49863791465759,9053,0.0,0.0,100.0
46140,66.51268577575684,9053,0.0,0.0,100.0
46150,66.52592611312866,9053,0.0,0.0,100.0
46160,66.54637265205383,9053,0.0,0.0,100.0
46170,66.56553339958191,9053,0.0,0.0,100.0
46180,66.58180475234985,9053,0.0,0.0,100.0
46190,66.60102725028992,9053,0.0,0.0,100.0
46200,66.61674618721008,9053,0.0,0.0,100.0
46210,66.62972402572632,9053,0.0,0.0,100.0
46220,66.64382290840149,9053,0.0,0.0,100.0
46230,66.65881133079529,9053,0.0,0.0,100.0
46240,66.67068147659302,9053,0.0,0.0,100.0
46250,66.68364524841309,9053,0.0,0.0,100.0
46260,66.69916367530823,9053,0.0,0.0,100.0
46270,66.711510181427,9053,0.0,0.0,100.0
46280,66.72811937332153,9053,0.0,0.0,100.0
46290,66.74468278884888,9053,0.0,0.0,100.0
46300,66.75865888595581,9053,0.0,0.0,100.0
46310,66.77330374717712,9053,0.0,0.0,100.0
46320,66.78834462165833,9053,0.0,0.0,100.0
46330,66.80324792861938,9053,0.0,0.0,100.0
46340,66.81784296035767,9053,0.0,0.0,100.0
46350,66.83128952980042,9053,0.0,0.0,100.0
46360,66.84630036354065,9053,0.0,0.0,100.0
46370,66.86087822914124,9053,0.0,0.0,100.0
46380,66.87739133834839,9053,0.0,0.0,100.0
46390,66.89169025421143,9053,0.0,0.0,100.0
46400,66.90599703788757,9053,0.0,0.0,100.0
46410,66.91944789886475,9053,0.0,0.0,100.0
46420,66.93205976486206,9053,0.0,0.0,100.0
46430,66.94653630256653,9053,0.0,0.0,100.0
46440,66.96000814437866,9053,0.0,0.0,100.0
46450,66.97463488578796,9053,0.0,0.0,100.0
46460,66.99074816703796,9053,0.0,0.0,100.0
46470,67.00444269180298,9053,0.0,0.0,100.0
46480,67.01941132545471,9053,0.0,0.0,100.0
46490,67.03548336029053,9053,0.0,0.0,100.0
46500,67.05000329017639,9053,0.0,0.0,100.0
46510,67.06515955924988,9053,0.0,0.0,100.0
46520,67.07948088645935,9053,0.0,0.0,100.0
46530,67.09304809570312,9053,0.0,0.0,100.0
46540,67.10850763320923,9053,0.0,0.0,100.0
46550,67.12257051467896,9053,0.0,0.0,100.0
46560,67.13603663444519,9053,0.0,0.0,100.0
46570,67.15128087997437,9053,0.0,0.0,100.0
46580,67.16508984565735,9053,0.0,0.0,100.0
46590,67.18023204803467,9053,0.0,0.0,100.0
46600,67.19467186927795,9053,0.0,0.0,100.0
46610,67.20930624008179,9053,0.0,0.0,100.0
46620,67.22485780715942,9053,0.0,0.0,100.0
46630,67.23871684074402,9053,0.0,0.0,100.0
46640,67.25206470489502,9053,0.0,0.0,100.0
46650,67.26707291603088,9053,0.0,0.0,100.0
46660,67.28171730041504,9053,0.0,0.0,100.0
46670,67.29587078094482,9053,0.0,0.0,100.0
46680,67.31041550636292,9053,0.0,0.0,100.0
46690,67.32494688034058,9053,0.0,0.0,100.0
46700,67.33862042427063,9053,0.0,0.0,100.0
46710,67.35172915458679,9053,0.0,0.0,100.0
46720,67.36504673957825,9053,0.0,0.0,100.0
46730,67.37948751449585,9053,0.0,0.0,100.0
46740,67.39547753334045,9053,0.0,0.0,100.0
46750,67.40933609008789,9053,0.0,0.0,100.0
46760,67.42312836647034,9053,0.0,0.0,100.0
46770,67.437331199646,9053,0.0,0.0,100.0
46780,67.4530622959137,9053,0.0,0.0,100.0
46790,67.46868991851807,9053,0.0,0.0,100.0
46800,67.48482394218445,9053,0.0,0.0,100.0
46810,67.50076365470886,9053,0.0,0.0,100.0
46820,67.5167384147644,9053,0.0,0.0,100.0
46830,67.53080749511719,9053,0.0,0.0,100.0
46840,67.54440951347351,9053,0.0,0.0,100.0
46850,67.55962824821472,9053,0.0,0.0,100.0
46860,67.57542419433594,9053,0.0,0.0,100.0
46870,67.59157729148865,9053,0.0,0.0,100.0
46880,67.605952501297,9053,0.0,0.0,100.0
46890,67.6214771270752,9053,0.0,0.0,100.0
46900,67.6368248462677,9053,0.0,0.0,100.0
46910,67.65003108978271,9053,0.0,0.0,100.0
46920,67.66429829597473,9053,0.0,0.0,100.0
46930,67.68024635314941,9053,0.0,0.0,100.0
46940,67.69538164138794,9053,0.0,0.0,100.0
46950,67.7090425491333,9053,0.0,0.0,100.0
46960,67.71990489959717,9053,0.0,0.0,100.0
46970,67.73487424850464,9053,0.0,0.0,100.0
46980,67.74980521202087,9053,0.0,0.0,100.0
46990,67.76402974128723,9053,0.0,0.0,100.0
47000,67.78041911125183,9053,0.0,0.0,100.0
47010,67.7936429977417,9053,0.0,0.0,100.0
47020,67.80873966217041,9053,0.0,0.0,100.0
47030,67.82249331474304,9053,0.0,0.0,100.0
47040,67.836510181427,9053,0.0,0.0,100.0
47050,67.85069012641907,9053,0.0,0.0,100.0
47060,67.86361360549927,9053,0.0,0.0,100.0
47070,67.87785363197327,9053,0.0,0.0,100.0
47080,67.8950457572937,9053,0.0,0.0,100.0
47090,67.9090268611908,9053,0.0,0.0,100.0
47100,67.9233546257019,9053,0.0,0.0,100.0
47110,67.93726801872253,9053,0.0,0.0,100.0
47120,67.95046424865723,9053,0.0,0.0,100.0
47130,67.96253800392151,9053,0.0,0.0,100.0
47140,67.97852158546448,9053,0.0,0.0,100.0
47150,67.99258041381836,9053,0.0,0.0,100.0
47160,68.00716972351074,9053,0.0,0.0,100.0
47170,68.02098178863525,9053,0.0,0.0,100.0
47180,68.0352635383606,9053,0.0,0.0,100.0
47190,68.04981017112732,9053,0.0,0.0,100.0
47200,68.0652129650116,9053,0.0,0.0,100.0
47210,68.08187460899353,9053,0.0,0.0,100.0
47220,68.09958791732788,9053,0.0,0.0,100.0
47230,68.11507654190063,9053,0.0,0.0,100.0
47240,68.12680888175964,9053,0.0,0.0,100.0
47250,68.1439757347107,9053,0.0,0.0,100.0
47260,68.15830731391907,9053,0.0,0.0,100.0
47270,68.17482018470764,9053,0.0,0.0,100.0
47280,68.19029450416565,9053,0.0,0.0,100.0
47290,68.20504522323608,9053,0.0,0.0,100.0
47300,68.22008275985718,9053,0.0,0.0,100.0
47310,68.23488116264343,9053,0.0,0.0,100.0
47320,68.25102019309998,9053,0.0,0.0,100.0
47330,68.26510262489319,9053,0.0,0.0,100.0
47336,68.27297282218933,9053,0.0,0.0,100.0
47340,68.2785325050354,9053,0.0,0.0,100.0
47350,68.29173183441162,9053,0.0,0.0,100.0
47360,68.30542612075806,9053,0.0,0.0,100.0
47370,68.31958746910095,9053,0.0,0.0,100.0
47380,68.33459711074829,9053,0.0,0.0,100.0
47390,68.35038328170776,9053,0.0,0.0,100.0
47400,68.3652822971344,9053,0.0,0.0,100.0
47410,68.37993264198303,9053,0.0,0.0,100.0
47420,68.3934395313263,9053,0.0,0.0,100.0
47430,68.41127514839172,9053,0.0,0.0,100.0
47440,68.42704176902771,9053,0.0,0.0,100.0
47450,68.44146084785461,9053,0.0,0.0,100.0
47460,68.45538115501404,9053,0.0,0.0,100.0
47470,68.4720869064331,9053,0.0,0.0,100.0
47480,68.48741507530212,9053,0.0,0.0,100.0
47490,68.5036690235138,9053,0.0,0.0,100.0
47500,68.51916909217834,9053,0.0,0.0,100.0
47510,68.53467297554016,9053,0.0,0.0,100.0
47520,68.55128812789917,9053,0.0,0.0,100.0
47530,68.56552958488464,9053,0.0,0.0,100.0
47540,68.57975888252258,9053,0.0,0.0,100.0
47550,68.59413528442383,9053,0.0,0.0,100.0
47560,68.60877919197083,9053,0.0,0.0,100.0
47570,68.62209749221802,9053,0.0,0.0,100.0
47580,68.63768219947815,9053,0.0,0.0,100.0
47590,68.65909004211426,9053,0.0,0.0,100.0
47600,68.67465114593506,9053,0.0,0.0,100.0
47610,68.69292259216309,9053,0.0,0.0,100.0
47620,68.7100076675415,9053,0.0,0.0,100.0
47630,68.72921419143677,9053,0.0,0.0,100.0
47640,68.7465705871582,9053,0.0,0.0,100.0
47650,68.7655098438263,9053,0.0,0.0,100.0
47660,68.78144574165344,9053,0.0,0.0,100.0
47670,68.79928493499756,9053,0.0,0.0,100.0
47680,68.81441259384155,9053,0.0,0.0,100.0
47690,68.82962346076965,9053,0.0,0.0,100.0
47700,68.84462022781372,9053,0.0,0.0,100.0
47710,68.85912466049194,9053,0.0,0.0,100.0
47720,68.87279462814331,9053,0.0,0.0,100.0
47730,68.88676166534424,9053,0.0,0.0,100.0
47740,68.90272784233093,9053,0.0,0.0,100.0
47750,68.91668343544006,9053,0.0,0.0,100.0
47760,68.93196225166321,9053,0.0,0.0,100.0
47770,68.94566178321838,9053,0.0,0.0,100.0
47780,68.96040320396423,9053,0.0,0.0,100.0
47790,68.97630667686462,9053,0.0,0.0,100.0
47800,68.99285507202148,9053,0.0,0.0,100.0
47810,69.0100839138031,9053,0.0,0.0,100.0
47820,69.02700352668762,9053,0.0,0.0,100.0
47830,69.0460352897644,9053,0.0,0.0,100.0
47840,69.06086468696594,9053,0.0,0.0,100.0
47850,69.07561707496643,9053,0.0,0.0,100.0
47860,69.09033823013306,9053,0.0,0.0,100.0
47870,69.10484409332275,9053,0.0,0.0,100.0
47880,69.12022972106934,9053,0.0,0.0,100.0
47890,69.13583827018738,9053,0.0,0.0,100.0
47900,69.15110325813293,9053,0.0,0.0,100.0
47910,69.16461944580078,9053,0.0,0.0,100.0
47920,69.17997407913208,9053,0.0,0.0,100.0
47930,69.19415020942688,9053,0.0,0.0,100.0
47940,69.20633268356323,9053,0.0,0.0,100.0
47950,69.22289156913757,9053,0.0,0.0,100.0
47960,69.23752903938293,9053,0.0,0.0,100.0
47970,69.25283908843994,9053,0.0,0.0,100.0
47980,69.26789951324463,9053,0.0,0.0,100.0
47990,69.28224420547485,9053,0.0,0.0,100.0
48000,69.29597020149231,9053,0.0,0.0,100.0
48010,69.31036496162415,9053,0.0,0.0,100.0
48020,69.32562637329102,9053,0.0,0.0,100.0
48030,69.33967351913452,9053,0.0,0.0,100.0
48040,69.35337281227112,9053,0.0,0.0,100.0
48050,69.36679172515869,9053,0.0,0.0,100.0
48060,69.38168811798096,9053,0.0,0.0,100.0
48063,69.38598299026489,9053,0.0,0.0,100.0
48070,69.39660310745239,9053,0.0,0.0,100.0
48073,69.40163683891296,9053,0.0,0.0,100.0
48080,69.41141247749329,9053,0.0,0.0,100.0
48090,69.4257161617279,9053,0.0,0.0,100.0
48100,69.44098949432373,9053,0.0,0.0,100.0
48109,69.45773553848267,9053,0.0,0.0,100.0
48110,69.45926356315613,9053,0.0,0.0,100.0
48120,69.47307705879211,9053,0.0,0.0,100.0
48130,69.48687624931335,9053,0.0,0.0,100.0
48140,69.50276780128479,9053,0.0,0.0,100.0
48150,69.51647686958313,9053,0.0,0.0,100.0
48160,69.52880072593689,9053,0.0,0.0,100.0
48170,69.54220914840698,9053,0.0,0.0,100.0
48180,69.55574536323547,9053,0.0,0.0,100.0
48190,69.56962633132935,9053,0.0,0.0,100.0
48200,69.58498358726501,9053,0.0,0.0,100.0
48210,69.599289894104,9053,0.0,0.0,100.0
48220,69.61319351196289,9053,0.0,0.0,100.0
48230,69.6286506652832,9053,0.0,0.0,100.0
48240,69.64256763458252,9053,0.0,0.0,100.0
48250,69.65610837936401,9053,0.0,0.0,100.0
48260,69.6705687046051,9053,0.0,0.0,100.0
48270,69.68437218666077,9053,0.0,0.0,100.0
48280,69.69989967346191,9053,0.0,0.0,100.0
48290,69.71414470672607,9053,0.0,0.0,100.0
48300,69.72721028327942,9053,0.0,0.0,100.0
48310,69.73946952819824,9053,0.0,0.0,100.0
48320,69.75403571128845,9053,0.0,0.0,100.0
48330,69.76916718482971,9053,0.0,0.0,100.0
48340,69.78448176383972,9053,0.0,0.0,100.0
48350,69.80092406272888,9053,0.0,0.0,100.0
48360,69.81542348861694,9053,0.0,0.0,100.0
48370,69.82850575447083,9053,0.0,0.0,100.0
48380,69.84136962890625,9053,0.0,0.0,100.0
48390,69.8553318977356,9053,0.0,0.0,100.0
48400,69.87063670158386,9053,0.0,0.0,100.0
48410,69.88439679145813,9053,0.0,0.0,100.0
48420,69.89807486534119,9053,0.0,0.0,100.0
48430,69.9136152267456,9053,0.0,0.0,100.0
48440,69.92863941192627,9053,0.0,0.0,100.0
48450,69.94176578521729,9053,0.0,0.0,100.0
48460,69.95554947853088,9053,0.0,0.0,100.0
48470,69.9685971736908,9053,0.0,0.0,100.0
48480,69.98193073272705,9053,0.0,0.0,100.0
48490,69.99723267555237,9053,0.0,0.0,100.0
48500,70.01191568374634,9053,0.0,0.0,100.0
48510,70.02540063858032,9053,0.0,0.0,100.0
48520,70.04004454612732,9053,0.0,0.0,100.0
48530,70.05531287193298,9053,0.0,0.0,100.0
48540,70.06932139396667,9053,0.0,0.0,100.0
48550,70.08428978919983,9053,0.0,0.0,100.0
48560,70.09931921958923,9053,0.0,0.0,100.0
48570,70.11229729652405,9053,0.0,0.0,100.0
48580,70.12729668617249,9053,0.0,0.0,100.0
48590,70.1432056427002,9053,0.0,0.0,100.0
48600,70.15815210342407,9053,0.0,0.0,100.0
48610,70.1720061302185,9053,0.0,0.0,100.0
48620,70.18698167800903,9053,0.0,0.0,100.0
48630,70.20090174674988,9053,0.0,0.0,100.0
48640,70.21516585350037,9053,0.0,0.0,100.0
48647,70.2266149520874,9053,0.0,0.0,100.0
48650,70.23022937774658,9053,0.0,0.0,100.0
48660,70.2451286315918,9053,0.0,0.0,100.0
48670,70.2605197429657,9053,0.0,0.0,100.0
48680,70.27366971969604,9053,0.0,0.0,100.0
48690,70.28809142112732,9053,0.0,0.0,100.0
48700,70.3034439086914,9053,0.0,0.0,100.0
48710,70.3176999092102,9053,0.0,0.0,100.0
48720,70.33238530158997,9053,0.0,0.0,100.0
48730,70.34598350524902,9053,0.0,0.0,100.0
48740,70.36045932769775,9053,0.0,0.0,100.0
48750,70.37527847290039,9053,0.0,0.0,100.0
48760,70.39094257354736,9053,0.0,0.0,100.0
48770,70.40507316589355,9053,0.0,0.0,100.0
48780,70.41897296905518,9053,0.0,0.0,100.0
48790,70.43342280387878,9053,0.0,0.0,100.0
48800,70.45062828063965,9053,0.0,0.0,100.0
48810,70.46486473083496,9053,0.0,0.0,100.0
48820,70.4788088798523,9053,0.0,0.0,100.0
48830,70.49288702011108,9053,0.0,0.0,100.0
48840,70.50615501403809,9053,0.0,0.0,100.0
48850,70.51985001564026,9053,0.0,0.0,100.0
48854,70.52647066116333,9053,0.0,0.0,100.0
48860,70.53532028198242,9053,0.0,0.0,100.0
48870,70.54949164390564,9053,0.0,0.0,100.0
48879,70.5623197555542,9053,0.0,0.0,100.0
48880,70.56382822990417,9053,0.0,0.0,100.0
48890,70.57823705673218,9053,0.0,0.0,100.0
48900,70.59233260154724,9053,0.0,0.0,100.0
48910,70.60587477684021,9053,0.0,0.0,100.0
48920,70.61946320533752,9053,0.0,0.0,100.0
48930,70.63342952728271,9053,0.0,0.0,100.0
48940,70.65205931663513,9053,0.0,0.0,100.0
48950,70.66761374473572,9053,0.0,0.0,100.0
48960,70.6816577911377,9053,0.0,0.0,100.0
48970,70.69660305976868,9053,0.0,0.0,100.0
48980,70.71093416213989,9053,0.0,0.0,100.0
48990,70.72637557983398,9053,0.0,0.0,100.0
49000,70.74188446998596,9053,0.0,0.0,100.0
49010,70.7591199874878,9053,0.0,0.0,100.0
49020,70.77195858955383,9053,0.0,0.0,100.0
49030,70.79002952575684,9053,0.0,0.0,100.0
49040,70.80666184425354,9053,0.0,0.0,100.0
49050,70.82069087028503,9053,0.0,0.0,100.0
49060,70.83682250976562,9053,0.0,0.0,100.0
49070,70.85142183303833,9053,0.0,0.0,100.0
49080,70.87090158462524,9053,0.0,0.0,100.0
49090,70.89084529876709,9053,0.0,0.0,100.0
49100,70.91374921798706,9053,0.0,0.0,100.0
49110,70.93141174316406,9053,0.0,0.0,100.0
49120,70.94975161552429,9053,0.0,0.0,100.0
49130,70.96896576881409,9053,0.0,0.0,100.0
49140,70.98421430587769,9053,0.0,0.0,100.0
49150,70.99785423278809,9053,0.0,0.0,100.0
49160,71.01193356513977,9053,0.0,0.0,100.0
49170,71.02763962745667,9053,0.0,0.0,100.0
49180,71.04311466217041,9053,0.0,0.0,100.0
49190,71.05822610855103,9053,0.0,0.0,100.0
49200,71.07454180717468,9053,0.0,0.0,100.0
49210,71.08938837051392,9053,0.0,0.0,100.0
49220,71.10399198532104,9053,0.0,0.0,100.0
49230,71.11706829071045,9053,0.0,0.0,100.0
49240,71.13329887390137,9053,0.0,0.0,100.0
49250,71.14744997024536,9053,0.0,0.0,100.0
49260,71.16232538223267,9053,0.0,0.0,100.0
49270,71.17683911323547,9053,0.0,0.0,100.0
49280,71.19084572792053,9053,0.0,0.0,100.0
49290,71.20565986633301,9053,0.0,0.0,100.0
49300,71.21957588195801,9053,0.0,0.0,100.0
49310,71.23277163505554,9053,0.0,0.0,100.0
49320,71.24522638320923,9053,0.0,0.0,100.0
49330,71.25804090499878,9053,0.0,0.0,100.0
49340,71.27283763885498,9053,0.0,0.0,100.0
49350,71.2872166633606,9053,0.0,0.0,100.0
49360,71.30162286758423,9053,0.0,0.0,100.0
49370,71.31556510925293,9053,0.0,0.0,100.0
49380,71.33028793334961,9053,0.0,0.0,100.0
49390,71.34505248069763,9053,0.0,0.0,100.0
49400,71.3594102859497,9053,0.0,0.0,100.0
49410,71.37396574020386,9053,0.0,0.0,100.0
49420,71.3885269165039,9053,0.0,0.0,100.0
49430,71.4034743309021,9053,0.0,0.0,100.0
49440,71.41813945770264,9053,0.0,0.0,100.0
49450,71.43379759788513,9053,0.0,0.0,100.0
49460,71.4498381614685,9053,0.0,0.0,100.0
49470,71.46484661102295,9053,0.0,0.0,100.0
49480,71.47866749763489,9053,0.0,0.0,100.0
49490,71.49239754676819,9053,0.0,0.0,100.0
49500,71.50576162338257,9053,0.0,0.0,100.0
49510,71.5199806690216,9053,0.0,0.0,100.0
49520,71.53494787216187,9053,0.0,0.0,100.0
49530,71.54743981361389,9053,0.0,0.0,100.0
49540,71.56121039390564,9053,0.0,0.0,100.0
49550,71.57659721374512,9053,0.0,0.0,100.0
49560,71.59314632415771,9053,0.0,0.0,100.0
49570,71.61169123649597,9053,0.0,0.0,100.0
49580,71.62588882446289,9053,0.0,0.0,100.0
49590,71.64066457748413,9053,0.0,0.0,100.0
49600,71.65649914741516,9053,0.0,0.0,100.0
49610,71.67565274238586,9053,0.0,0.0,100.0
49620,71.68996596336365,9053,0.0,0.0,100.0
49630,71.70569467544556,9053,0.0,0.0,100.0
49640,71.72089862823486,9053,0.0,0.0,100.0
49650,71.73683977127075,9053,0.0,0.0,100.0
49660,71.75240468978882,9053,0.0,0.0,100.0
49670,71.76640605926514,9053,0.0,0.0,100.0
49680,71.7867705821991,9053,0.0,0.0,100.0
49690,71.80593156814575,9053,0.0,0.0,100.0
49700,71.82130265235901,9053,0.0,0.0,100.0
49710,71.83509230613708,9053,0.0,0.0,100.0
49720,71.84990119934082,9053,0.0,0.0,100.0
49730,71.8644471168518,9053,0.0,0.0,100.0
49740,71.87900757789612,9053,0.0,0.0,100.0
49750,71.89292597770691,9053,0.0,0.0,100.0
49760,71.90582656860352,9053,0.0,0.0,100.0
49770,71.92052984237671,9053,0.0,0.0,100.0
49780,71.93380689620972,9053,0.0,0.0,100.0
49790,71.94841861724854,9053,0.0,0.0,100.0
49800,71.96306562423706,9053,0.0,0.0,100.0
49810,71.97712063789368,9053,0.0,0.0,100.0
49820,71.99138259887695,9053,0.0,0.0,100.0
49830,72.00555372238159,9053,0.0,0.0,100.0
49840,72.02025818824768,9053,0.0,0.0,100.0
49850,72.03419518470764,9053,0.0,0.0,100.0
49860,72.04891729354858,9053,0.0,0.0,100.0
49870,72.06346082687378,9053,0.0,0.0,100.0
49880,72.0773537158966,9053,0.0,0.0,100.0
49890,72.09333395957947,9053,0.0,0.0,100.0
49900,72.10905694961548,9053,0.0,0.0,100.0
49910,72.12337756156921,9053,0.0,0.0,100.0
49920,72.13925170898438,9053,0.0,0.0,100.0
49930,72.15638136863708,9053,0.0,0.0,100.0
49940,72.17277383804321,9053,0.0,0.0,100.0
49950,72.18795347213745,9053,0.0,0.0,100.0
49960,72.20375108718872,9053,0.0,0.0,100.0
49970,72.21798419952393,9053,0.0,0.0,100.0
49980,72.23516082763672,9053,0.0,0.0,100.0
49990,72.24887132644653,9053,0.0,0.0,100.0
50000,72.26177191734314,9053,0.0,0.0,100.0
