13140
1 41 19 1066
1 75 1 498
1 90 58 1290
1 149 27 1146
1 152 37 915
1 208 34 463
1 227 46 158
1 287 23 939
1 318 55 297
1 327 31 57
1 336 44 172
1 345 13 74
1 374 7 626
1 396 4 1354
2 53 59 1162
2 112 33 325
2 121 29 434
2 159 44 423
2 172 7 896
2 217 49 564
2 220 37 670
2 227 13 961
2 284 19 205
2 324 16 861
2 340 1 622
3 3 31 125
3 8 49 1403
3 14 9 381
3 74 17 938
3 90 5 1231
3 108 56 405
3 124 51 1498
3 139 39 940
3 220 20 972
3 279 1 970
3 286 46 54
3 342 28 856
4 12 31 141
4 39 49 573
4 53 59 408
4 88 1 904
4 122 11 306
4 140 55 1205
4 196 22 734
4 212 13 1249
4 274 28 1028
4 299 17 563
4 337 35 627
4 394 43 821
5 10 13 328
5 21 43 202
5 40 58 798
5 71 7 1077
5 114 27 283
5 133 16 1201
5 237 53 1191
5 251 19 881
5 259 37 1477
5 333 11 1315
5 336 3 172
5 352 49 1401
5 394 32 918
6 3 38 126
6 24 14 908
6 78 1 426
6 108 19 13
6 166 11 1375
6 213 25 565
6 215 46 762
6 220 49 972
6 260 31 958
6 278 55 1231
6 322 58 1014
6 358 4 1398
6 371 7 424
7 9 38 508
7 23 10 720
7 24 55 908
7 40 22 798
7 49 58 4
7 109 46 712
7 118 27 415
7 148 29 1306
7 184 4 1302
7 290 53 1170
8 3 14 126
8 33 40 666
8 68 46 220
8 145 5 666
8 167 19 1489
8 233 2 302
8 259 22 479
8 294 56 560
8 308 28 721
8 344 9 609
8 356 7 1432
8 357 52 393
8 387 37 1500
9 8 35 1276
9 50 2 278
9 93 40 1203
9 123 16 629
9 129 49 561
9 143 59 845
9 177 7 1425
9 184 10 1355
9 188 19 839
9 198 45 4
9 209 25 1108
9 321 5 769
9 382 29 1402
9 394 31 1195
10 7 19 448
10 9 31 508
10 90 29 1290
10 101 43 210
10 209 4 1324
10 229 37 1193
10 233 1 268
10 242 7 1154
10 337 25 395
10 341 49 259
10 370 57 900
10 373 13 268
11 33 31 1371
11 107 43 1478
11 136 25 979
11 151 5 1066
11 220 37 1134
11 250 7 208
11 268 20 352
11 274 11 89
11 305 55 797
11 306 1 527
11 322 34 1359
11 338 13 8
11 388 52 779
12 10 49 591
12 92 25 920
12 108 9 525
12 161 52 1156
12 172 43 396
12 179 40 430
12 204 4 880
12 213 19 565
12 292 1 53
12 314 14 258
12 320 37 1307
12 335 29 1268
12 396 55 781
13 7 25 448
13 129 31 1306
13 135 58 1115
13 157 1 270
13 167 55 649
13 240 43 1053
13 249 37 447
13 281 19 1276
13 307 10 1469
13 314 49 241
13 342 47 1340
13 365 7 1257
13 379 3 7
13 398 13 437
14 3 1 126
14 67 7 1207
14 104 19 1147
14 116 34 1039
14 121 5 821
14 166 26 299
14 218 57 410
14 249 13 1144
14 253 11 406
14 327 44 1098
14 374 49 955
14 384 40 586
15 11 43 1446
15 43 17 655
15 74 11 810
15 76 37 1117
15 103 47 80
15 154 7 1419
15 174 1 876
15 187 29 1187
15 259 49 1477
15 260 21 245
15 264 19 921
15 305 13 1020
15 366 5 277
15 368 59 391
15 388 34 779
16 111 43 1191
16 132 17 1153
16 135 19 1019
16 136 31 654
16 143 27 176
16 163 21 116
16 170 40 900
16 189 55 682
16 214 7 125
16 252 37 1155
16 265 4 955
16 345 49 145
16 358 1 1398
16 375 29 864
17 46 7 464
17 48 11 26
17 67 19 18
17 114 3 508
17 187 5 1183
17 190 29 10
17 256 43 1094
17 258 32 1297
17 271 37 872
17 277 56 352
17 309 49 419
17 374 13 626
17 378 41 630
18 2 19 156
18 3 38 1045
18 28 34 1114
18 131 14 1172
18 191 49 1488
18 209 4 1108
18 229 43 204
18 243 23 1345
18 337 47 748
18 345 56 1383
18 357 26 1431
18 360 1 13
18 392 7 250
19 3 7 1045
19 53 19 408
19 73 23 325
19 137 28 295
19 160 11 875
19 184 1 1384
19 241 31 1083
19 286 25 374
19 304 41 899
19 367 16 890
19 387 4 300
20 14 1 146
20 39 51 848
20 50 22 940
20 53 13 1199
20 78 15 778
20 81 25 946
20 116 58 315
20 188 32 494
20 196 37 734
20 256 19 259
20 332 5 697
20 335 49 938
20 340 43 1171
20 359 40 432
20 374 7 693
21 99 10 124
21 119 44 1361
21 156 37 1062
21 165 49 436
21 247 35 1431
21 279 1 455
21 284 19 591
21 302 31 1383
21 308 53 535
21 327 7 794
21 358 58 781
21 399 55 1362
22 7 43 734
22 57 1 150
22 107 55 1478
22 148 13 722
22 162 52 1065
22 173 39 123
22 190 17 946
22 196 49 1018
22 229 31 785
22 298 25 1224
22 342 46 856
22 348 19 122
22 364 23 1276
22 383 7 705
23 3 33 919
23 21 20 588
23 45 10 152
23 63 51 727
23 193 37 1088
23 250 27 866
23 257 7 614
23 267 4 170
23 340 55 622
23 349 16 447
23 389 25 975
23 392 43 250
24 44 1 856
24 79 55 1272
24 125 7 1018
24 168 40 559
24 188 43 1162
24 212 13 772
24 228 35 1297
24 233 4 268
24 260 25 1347
24 284 50 76
24 356 22 1432
25 73 17 325
25 179 3 430
25 223 43 1322
25 226 37 1102
25 241 7 380
25 261 15 900
25 279 19 376
25 282 22 898
25 309 25 1197
25 354 31 227
25 364 1 869
25 372 13 1491
25 387 56 1137
25 389 11 341
26 9 32 348
26 15 7 105
26 17 3 1174
26 18 37 40
26 163 44 1015
26 181 28 1206
26 213 10 624
26 219 21 1319
26 237 1 1379
26 271 57 40
26 275 49 73
26 379 13 524
26 382 53 661
27 8 33 409
27 10 49 201
27 43 37 1350
27 116 19 1100
27 145 59 666
27 147 1 602
27 171 14 286
27 201 10 1130
27 250 3 866
27 269 22 902
27 275 28 1388
27 277 52 956
27 299 31 157
27 324 7 861
28 4 17 715
28 12 27 1434
28 13 13 1236
28 111 55 765
28 124 38 489
28 195 19 119
28 221 10 1270
28 258 49 226
28 337 5 1381
28 378 25 40
29 56 43 1131
29 57 40 1296
29 59 17 353
29 118 29 415
29 142 25 817
29 208 4 463
29 254 59 1211
29 269 23 878
29 278 34 1332
29 316 9 842
29 319 37 743
29 328 53 725
29 330 31 1131
29 349 46 1493
29 355 20 38
30 9 2 348
30 18 31 1254
30 67 13 103
30 70 7 834
30 80 59 1351
30 87 34 1230
30 111 49 1191
30 121 11 122
30 192 46 217
30 250 25 208
30 268 55 926
30 284 19 539
30 335 39 1268
31 42 10 1115
31 106 34 1234
31 124 14 1398
31 138 8 363
31 169 19 1239
31 226 55 1102
31 230 4 1407
31 246 28 796
31 288 38 102
31 290 41 246
31 304 21 899
31 353 51 628
32 14 49 1273
32 32 7 1320
32 78 56 464
32 79 40 1272
32 109 46 1366
32 145 59 951
32 159 15 277
32 190 35 1130
32 254 11 1442
32 306 52 527
32 318 28 684
32 335 23 938
32 342 5 984
32 356 3 428
33 7 19 1137
33 9 25 508
33 59 41 888
33 109 50 712
33 137 46 430
33 237 23 1191
33 269 29 878
33 287 3 109
33 292 43 1136
33 302 7 817
33 304 15 899
33 329 37 955
33 341 32 834
34 32 43 473
34 94 7 128
34 150 1 670
34 157 41 1106
34 160 9 467
34 172 25 896
34 196 46 749
34 211 49 80
34 250 14 1473
34 291 31 852
34 307 29 1469
34 337 4 395
34 350 55 836
34 363 37 1381
34 371 19 605
35 11 31 765
35 68 22 973
35 72 55 760
35 88 25 904
35 121 43 434
35 131 45 96
35 213 16 764
35 242 37 408
35 268 1 593
35 328 53 759
35 355 49 54
35 367 29 743
35 384 10 586
36 43 29 1350
36 63 43 627
36 104 16 1147
36 114 41 388
36 131 1 1424
36 148 31 919
36 151 11 249
36 228 49 1133
36 241 22 612
36 259 38 479
36 303 33 558
36 319 7 38
36 321 5 254
36 371 25 557
37 24 57 908
37 158 29 590
37 193 49 1088
37 240 1 1053
37 241 10 1083
37 260 7 1324
37 262 13 13
37 281 26 919
37 283 47 394
37 287 17 606
37 317 37 1079
37 335 34 512
37 348 43 1160
38 16 22 1012
38 44 28 555
38 50 37 1482
38 106 19 1234
38 134 43 775
38 212 49 772
38 236 25 791
38 263 16 686
38 281 40 1276
38 336 32 172
38 339 1 1024
38 356 11 1461
38 389 59 813
39 123 25 32
39 128 41 1359
39 130 11 1362
39 172 1 1303
39 184 31 126
39 190 20 1130
39 236 43 910
39 273 55 738
39 305 37 1024
39 347 13 839
39 381 49 261
40 42 25 202
40 96 34 439
40 130 23 78
40 137 53 743
40 142 13 1168
40 147 11 712
40 172 43 896
40 199 49 140
40 209 40 1108
40 232 55 931
40 273 1 201
40 302 15 869
40 360 28 133
40 367 58 817
40 377 47 1057
41 11 25 549
41 70 1 780
41 78 43 856
41 136 31 1480
41 140 58 1424
41 177 37 896
41 194 5 790
41 218 22 253
41 240 47 1053
41 277 16 881
41 281 13 1418
41 339 51 1074
41 370 9 900
41 372 11 896
42 18 1 1321
42 60 7 286
42 101 25 315
42 176 34 722
42 221 50 986
42 222 29 656
42 245 37 704
42 279 31 455
42 331 13 1361
42 362 43 790
42 378 22 69
42 391 55 1085
42 397 16 1196
43 102 55 1173
43 139 51 1224
43 144 43 1089
43 169 11 489
43 188 7 494
43 227 22 68
43 251 46 778
43 267 34 778
43 281 13 1261
43 293 16 366
43 378 59 890
43 384 2 586
43 398 26 810
44 12 37 88
44 19 7 855
44 82 19 139
44 196 28 1438
44 197 35 1024
44 229 31 204
44 241 13 612
44 298 3 1224
44 301 55 783
44 306 16 1192
44 320 25 297
45 5 49 467
45 45 1 178
45 56 35 147
45 111 20 405
45 120 9 1181
45 131 26 902
45 144 13 893
45 275 37 984
45 290 59 1240
45 325 45 1307
45 327 16 794
45 334 56 1453
45 348 31 418
45 384 40 42
46 49 34 4
46 82 43 234
46 94 58 128
46 142 47 1171
46 206 13 636
46 258 10 907
46 284 49 740
46 306 7 527
46 319 2 1231
46 347 21 306
46 355 31 54
46 363 40 785
46 384 27 512
46 399 37 493
47 3 43 125
47 7 49 527
47 17 22 1362
47 23 16 761
47 48 55 839
47 57 40 1239
47 61 25 878
47 93 19 140
47 122 29 918
47 147 59 444
47 186 1 124
47 267 34 555
47 286 52 374
48 60 9 993
48 71 5 1286
48 120 19 1181
48 140 21 147
48 200 37 1106
48 218 58 637
48 241 1 874
48 252 27 761
48 254 7 1211
48 274 41 356
48 281 13 1235
48 353 51 434
48 382 47 453
49 20 37 874
49 60 55 565
49 91 59 87
49 100 14 857
49 194 50 545
49 206 46 579
49 257 52 1396
49 267 22 464
49 274 29 1483
49 293 10 156
49 306 25 146
49 307 7 1469
49 374 2 1370
49 377 41 1057
49 392 31 554
50 17 52 1362
50 20 21 975
50 59 59 743
50 97 2 871
50 129 37 1306
50 259 43 728
50 269 11 1144
50 274 7 1483
50 291 33 473
50 325 31 1312
50 332 9 697
50 338 28 23
50 358 13 684
51 7 16 448
51 8 11 960
51 41 49 479
51 54 20 1040
51 62 25 766
51 121 13 434
51 142 59 1171
51 196 56 1438
51 207 37 1291
51 215 4 762
51 327 28 4
51 354 46 227
51 355 7 54
51 389 53 813
52 9 43 786
52 70 1 530
52 150 28 146
52 160 5 622
52 182 7 950
52 185 38 537
52 223 31 182
52 260 25 1409
52 282 55 898
52 290 59 1170
53 7 49 540
53 11 43 826
53 50 31 940
53 62 8 761
53 90 35 1203
53 138 53 1339
53 152 19 1261
53 165 25 906
53 173 2 1071
53 254 41 1402
53 255 10 22
53 270 29 494
53 349 13 447
53 372 55 1366
54 24 17 908
54 30 47 679
54 41 56 10
54 44 10 1200
54 100 28 857
54 117 35 850
54 163 13 1200
54 265 25 960
54 275 40 1388
54 285 31 966
54 297 21 1075
54 339 1 199
55 15 10 105
55 49 27 30
55 67 31 103
55 102 13 1173
55 117 7 1172
55 155 22 1341
55 188 37 1294
55 241 19 612
55 281 43 919
55 291 1 473
55 303 51 558
55 311 35 753
56 18 44 1138
56 23 13 1135
56 34 53 1026
56 59 10 888
56 118 47 415
56 148 1 919
56 195 19 844
56 240 35 1053
56 285 31 1194
56 294 3 976
56 312 39 340
57 99 46 790
57 127 31 90
57 135 1 1019
57 150 58 871
57 192 55 217
57 207 37 133
57 224 52 1127
57 225 7 453
57 271 33 40
57 295 4 1026
57 297 26 1075
57 368 19 1296
57 392 13 299
57 400 10 1310
58 38 7 540
58 58 19 481
58 126 16 373
58 127 10 728
58 141 4 217
58 183 55 1035
58 197 41 1024
58 207 43 408
58 269 59 715
58 318 25 1445
58 319 13 555
58 324 1 907
58 367 35 23
58 368 53 391
59 114 31 283
59 149 17 1146
59 165 1 1357
59 173 27 333
59 180 19 1443
59 205 13 138
59 234 43 682
59 316 39 842
59 322 58 1359
59 323 11 855
59 357 33 393
59 358 7 1398
59 359 47 1072
59 366 25 923
60 7 55 1403
60 41 1 1243
60 51 52 1413
60 66 37 1259
60 148 11 1170
60 177 13 720
60 191 7 190
60 212 33 1249
60 265 43 591
60 267 16 1480
60 313 25 1247
60 316 19 1186
60 387 49 597
61 153 7 446
61 171 25 603
61 174 1 770
61 178 23 900
61 186 13 810
61 206 49 636
61 229 31 56
61 232 11 931
61 344 58 609
61 375 20 864
61 392 37 921
61 396 52 1140
62 7 22 1137
62 17 49 500
62 30 3 679
62 65 25 76
62 97 7 1010
62 124 55 1402
62 157 59 1443
62 170 16 446
62 195 31 1406
62 253 1 406
62 299 37 1321
62 316 43 97
62 385 39 1101
63 10 22 328
63 13 13 1478
63 35 52 1131
63 74 29 119
63 76 7 1117
63 120 25 1181
63 123 58 629
63 125 37 1238
63 211 2 1362
63 241 19 874
63 278 49 115
63 330 40 1131
63 351 31 890
63 361 43 455
64 31 1 604
64 46 25 1384
64 133 40 1201
64 173 43 1404
64 197 5 493
64 227 33 961
64 229 19 204
64 242 13 26
64 247 31 1404
64 279 37 455
64 310 7 1363
64 341 9 1371
64 371 55 605
65 132 52 1153
65 136 43 924
65 137 55 328
65 157 11 697
65 170 4 1296
65 177 19 896
65 186 57 290
65 207 25 408
65 223 13 959
65 253 7 406
65 310 17 28
65 334 1 137
65 373 31 356
65 391 37 1085
66 14 23 230
66 28 43 170
66 74 35 750
66 119 27 105
66 129 37 561
66 189 19 682
66 207 14 1074
66 212 55 778
66 230 3 1010
66 370 5 1284
66 384 52 92
66 385 31 279
67 28 55 1028
67 153 37 1057
67 197 41 1066
67 201 31 1130
67 231 13 1163
67 268 49 246
67 269 47 1386
67 288 4 102
67 327 43 512
67 334 34 36
67 337 53 395
67 351 25 788
67 355 7 564
68 82 37 1488
68 96 52 439
68 147 56 602
68 175 25 578
68 191 19 632
68 193 33 169
68 199 1 140
68 224 16 967
68 259 4 728
68 271 8 893
68 307 41 1076
68 335 23 182
68 364 58 869
68 392 43 299
69 4 5 794
69 27 43 529
69 133 49 90
69 135 35 208
69 164 31 1111
69 172 19 196
69 226 58 220
69 236 1 1302
69 288 55 1106
69 312 13 444
69 322 52 1379
69 332 17 697
69 355 38 38
70 17 50 1174
70 91 1 87
70 109 4 1113
70 114 56 353
70 127 16 90
70 167 34 1192
70 202 13 1117
70 235 22 1034
70 238 45 1115
70 286 19 374
70 288 27 775
70 296 8 113
70 307 25 1469
70 318 31 1445
71 1 10 1
71 3 19 735
71 23 31 761
71 94 23 557
71 114 1 508
71 137 27 430
71 140 4 910
71 181 7 1206
71 202 43 1117
71 283 39 233
71 306 34 126
71 310 37 233
71 321 16 893
72 19 55 855
72 30 53 679
72 43 47 1350
72 53 7 1347
72 79 28 868
72 87 10 1230
72 115 59 538
72 135 25 1115
72 179 13 430
72 210 37 388
72 251 50 778
72 268 1 1461
72 276 32 611
73 45 7 152
73 50 58 1049
73 97 25 35
73 98 13 1314
73 127 19 90
73 145 17 1351
73 203 21 423
73 237 11 1379
73 254 29 1211
73 311 33 428
73 341 37 684
74 7 25 678
74 20 3 769
74 186 21 1404
74 232 13 931
74 273 31 832
74 319 15 743
74 332 7 697
74 344 9 1392
74 353 55 1049
74 354 49 227
74 393 43 353
75 14 23 381
75 37 25 655
75 40 10 798
75 69 29 106
75 148 35 413
75 164 43 992
75 247 41 1210
75 310 17 1363
75 315 13 1129
75 334 1 1327
75 348 37 122
75 373 19 912
75 378 5 630
75 390 31 681
76 15 4 915
76 17 10 1213
76 87 13 717
76 96 55 439
76 142 59 588
76 215 37 762
76 230 49 1010
76 250 26 1232
76 271 51 1426
76 298 41 1049
76 344 34 1136
76 371 43 605
76 388 31 1018
76 394 19 821
77 5 13 649
77 12 37 1198
77 23 19 362
77 52 34 44
77 121 56 434
77 188 43 263
77 233 28 268
77 265 49 960
77 280 31 250
77 329 8 405
77 359 47 1195
77 364 3 1276
77 366 41 1199
78 61 43 878
78 65 13 1036
78 82 31 139
78 93 58 76
78 158 47 1236
78 179 20 662
78 191 7 1254
78 224 4 525
78 228 29 1400
78 244 49 299
78 389 41 813
79 14 31 560
79 20 22 1272
79 77 38 370
79 108 55 357
79 142 17 588
79 162 4 1065
79 187 51 264
79 210 25 230
79 229 7 56
79 258 13 226
79 320 33 388
79 331 59 525
79 355 46 540
80 66 55 1237
80 75 40 498
80 117 49 1074
80 165 21 382
80 237 47 1379
80 329 2 1381
80 333 19 533
80 346 51 1029
80 348 25 1160
80 355 43 540
80 361 8 1401
80 374 13 1210
80 379 31 594
81 15 51 105
81 64 13 520
81 106 16 136
81 124 31 743
81 126 22 373
81 178 35 293
81 184 19 455
81 200 8 147
81 202 46 1117
81 247 56 226
81 271 1 893
81 298 59 1224
81 353 28 173
82 26 14 1126
82 47 9 474
82 155 53 1341
82 166 38 299
82 198 1 1062
82 212 19 357
82 226 4 568
82 244 49 612
82 311 29 428
82 345 31 1418
82 370 7 900
83 63 40 1474
83 82 25 1208
83 121 53 122
83 122 23 622
83 156 31 735
83 226 13 1102
83 240 56 1053
83 257 37 264
83 283 35 1113
83 342 47 437
83 353 4 6
83 374 19 626
83 397 43 1196
84 20 37 448
84 63 52 1082
84 106 28 156
84 152 43 1261
84 209 13 69
84 220 8 1238
84 250 19 1232
84 258 31 448
84 275 34 73
84 290 41 922
84 340 55 14
84 399 1 1455
85 56 21 411
85 91 57 87
85 148 49 413
85 178 43 293
85 220 45 843
85 251 37 177
85 311 13 428
85 325 7 1312
85 341 1 1371
85 342 59 578
85 366 11 626
85 369 31 59
85 372 19 1159
85 385 15 279
86 4 35 794
86 29 4 1168
86 53 7 800
86 81 13 62
86 108 38 1063
86 118 9 415
86 121 11 821
86 191 25 190
86 222 47 204
86 258 55 698
86 261 29 900
86 268 43 593
86 283 23 233
86 307 32 1409
86 314 19 241
87 16 4 1012
87 17 7 1213
87 25 27 432
87 56 1 131
87 97 31 336
87 114 17 283
87 154 51 1320
87 222 59 656
87 225 56 453
87 248 25 103
87 287 11 109
87 319 22 1231
87 372 35 871
87 398 13 110
88 34 57 1443
88 65 31 1043
88 145 11 1351
88 148 13 295
88 152 25 1306
88 164 7 872
88 172 49 396
88 229 37 697
88 241 15 987
88 242 19 614
88 308 3 535
88 388 43 1311
89 15 16 915
89 53 13 1116
89 59 55 888
89 78 52 856
89 84 7 422
89 144 46 124
89 175 25 538
89 259 22 1032
89 268 1 352
89 311 11 428
89 320 58 297
89 330 19 413
90 18 28 774
90 27 41 778
90 79 7 868
90 81 13 323
90 110 53 905
90 172 37 1303
90 174 43 634
90 201 19 128
90 229 55 1193
90 316 32 631
90 368 59 1198
90 385 49 976
90 387 10 1500
91 13 31 8
91 65 7 306
91 72 43 760
91 77 49 15
91 103 23 96
91 122 29 1220
91 163 37 1270
91 170 46 1296
91 189 25 1077
91 191 13 1254
91 241 55 612
91 327 19 57
91 380 1 1385
92 9 56 835
92 20 46 825
92 32 4 1144
92 43 11 1350
92 119 23 1452
92 139 19 1224
92 163 37 116
92 224 28 967
92 293 43 615
92 298 15 1224
92 318 49 449
92 369 31 220
92 382 25 453
92 400 1 36
93 9 49 348
93 27 55 975
93 39 14 450
93 67 19 1207
93 70 1 596
93 77 7 759
93 108 43 626
93 109 28 1366
93 117 11 1074
93 134 31 875
93 145 47 666
93 319 25 38
93 342 35 578
93 361 57 550
93 394 37 1195
94 21 19 630
94 87 13 1399
94 115 29 134
94 124 43 489
94 157 1 92
94 168 49 559
94 241 7 987
94 256 16 259
94 262 10 357
94 359 4 1114
94 387 55 1268
94 391 31 177
94 400 58 1195
95 27 17 529
95 44 22 748
95 116 19 1386
95 150 28 825
95 165 37 1230
95 175 1 538
95 196 32 1438
95 211 43 1432
95 212 50 123
95 246 13 796
95 268 7 1461
95 353 25 1252
95 357 55 1431
96 99 4 750
96 113 55 881
96 134 27 500
96 166 33 228
96 168 21 1159
96 222 23 204
96 238 7 592
96 243 13 1345
96 334 9 1246
96 357 46 380
96 364 25 1351
96 373 15 1049
96 381 37 261
97 19 43 855
97 104 49 1147
97 150 52 146
97 165 25 580
97 199 56 1262
97 226 40 1102
97 230 4 186
97 253 38 406
97 259 1 1189
97 264 11 1045
97 272 7 826
97 279 31 567
97 297 19 243
97 310 13 1094
97 370 17 1284
98 5 43 77
98 49 58 30
98 110 11 1499
98 124 7 646
98 125 16 780
98 159 25 551
98 195 1 119
98 233 52 302
98 267 40 540
98 289 20 894
98 306 32 527
98 387 49 1500
99 65 25 1491
99 111 31 20
99 152 38 835
99 179 4 714
99 190 8 1130
99 250 50 608
99 256 10 769
99 260 43 909
99 278 16 786
99 347 19 918
99 366 13 277
99 371 55 81
99 389 1 843
100 7 31 1481
100 15 7 619
100 34 5 1301
100 60 19 487
100 119 11 947
100 133 52 410
100 144 58 1348
100 221 46 986
100 294 13 560
100 322 2 654
100 342 49 1432
100 363 55 1156
100 367 17 432
100 389 40 4
101 7 40 1137
101 50 16 1482
101 111 43 1205
101 115 11 1426
101 128 35 1194
101 135 7 988
101 161 13 1272
101 206 58 587
101 217 31 1088
101 289 26 894
101 325 47 788
101 338 20 23
101 384 49 1424
102 41 51 924
102 61 19 878
102 170 13 523
102 200 43 147
102 215 16 762
102 225 55 750
102 227 1 1240
102 238 5 524
102 263 33 686
102 305 7 1020
102 308 39 535
102 309 25 1251
102 335 41 182
102 336 23 172
102 349 58 384
103 14 15 146
103 36 13 1259
103 38 49 137
103 47 5 380
103 63 1 1489
103 77 8 15
103 97 25 871
103 108 19 666
103 111 38 32
103 197 47 922
103 203 44 1066
103 310 59 233
103 352 53 986
104 27 17 1138
104 56 49 1357
104 67 55 773
104 99 4 452
104 161 52 1251
104 194 7 842
104 225 1 472
104 283 23 967
104 334 31 542
104 352 28 816
104 360 40 1058
104 400 13 36
105 152 15 650
105 163 1 1200
105 165 26 1230
105 170 7 774
105 181 34 1206
105 182 49 950
105 184 56 1384
105 211 43 1102
105 235 51 1034
105 306 37 146
105 343 40 519
105 358 10 1135
105 360 31 107
105 368 22 391
106 49 13 700
106 57 49 1239
106 78 16 125
106 115 23 538
106 161 32 1362
106 175 19 73
106 223 57 51
106 267 1 992
106 291 37 1178
106 299 5 542
106 334 7 137
106 347 25 839
106 400 10 36
107 15 57 576
107 32 16 844
107 143 11 264
107 211 43 511
107 237 33 1379
107 247 35 226
107 308 19 535
107 360 37 107
107 361 21 992
107 387 7 8
108 1 19 1
108 7 34 448
108 11 25 403
108 35 31 1085
108 66 7 1259
108 78 1 110
108 136 13 793
108 167 4 445
108 172 43 196
108 247 29 470
108 298 23 1224
108 373 37 1240
108 399 52 493
109 9 43 80
109 30 17 679
109 36 11 51
109 56 53 1311
109 107 39 816
109 135 4 496
109 173 55 1171
109 200 13 316
109 225 34 1174
109 235 7 1034
109 236 22 910
109 291 49 102
109 359 29 985
110 24 35 908
110 77 13 919
110 78 43 304
110 108 37 525
110 128 55 1482
110 141 22 217
110 168 53 1159
110 255 7 22
110 279 58 539
110 291 31 102
110 352 47 1401
110 361 26 1026
111 18 37 987
111 45 25 152
111 48 29 605
111 54 7 628
111 186 19 124
111 199 52 1483
111 213 13 764
111 233 4 729
111 290 23 246
111 299 47 563
111 322 55 1359
111 333 11 154
111 364 59 1040
111 387 16 1372
112 5 55 77
112 15 28 800
112 30 15 679
112 74 43 1159
112 116 37 853
112 125 25 130
112 142 45 1168
112 153 19 1057
112 161 1 444
112 167 40 1211
112 201 49 903
112 250 31 866
112 320 9 753
112 397 4 1196
113 64 25 344
113 113 58 939
113 115 17 810
113 117 19 434
113 143 56 176
113 147 15 602
113 233 10 302
113 276 1 611
113 278 7 544
113 294 21 263
113 298 5 661
113 370 35 872
114 32 55 178
114 54 26 1040
114 63 34 154
114 119 53 1114
114 122 41 1220
114 135 20 1115
114 164 37 1402
114 225 43 770
114 238 9 592
114 298 13 1049
114 306 4 454
114 348 49 790
114 366 11 1434
114 367 47 817
115 17 20 1213
115 20 7 769
115 39 39 450
115 126 43 373
115 153 31 1057
115 158 47 130
115 194 2 545
115 224 52 525
115 228 15 511
115 247 11 473
115 265 28 960
115 304 49 899
115 365 4 1257
116 52 3 44
116 117 59 1172
116 136 31 793
116 146 26 668
116 168 5 559
116 176 53 1072
116 220 49 845
116 240 19 1053
116 250 55 1232
116 256 7 173
116 281 16 1418
116 306 22 527
116 343 10 1481
116 364 13 869
116 395 38 804
117 28 33 170
117 51 44 1087
117 115 53 810
117 117 25 775
117 125 37 130
117 143 23 1254
117 151 59 1066
117 163 19 779
117 228 11 167
117 255 28 22
117 303 31 558
117 311 50 753
117 340 7 290
117 355 16 564
117 376 41 124
118 9 25 348
118 99 52 750
118 119 23 947
118 136 37 881
118 165 55 906
118 168 4 1081
118 174 7 479
118 233 13 376
118 254 41 1294
118 268 19 593
118 330 16 727
118 344 43 1392
118 357 1 80
119 23 34 720
119 33 49 576
119 58 43 875
119 81 13 1301
119 95 25 80
119 128 5 1482
119 167 7 92
119 172 37 196
119 183 19 1035
119 204 52 1301
119 206 31 753
119 229 1 1193
119 314 56 241
120 1 37 1
120 29 26 1170
120 41 55 924
120 50 1 940
120 62 43 1474
120 73 47 325
120 77 13 1381
120 116 52 1039
120 189 31 747
120 250 7 680
120 268 19 246
120 334 49 1246
120 336 40 172
120 364 17 993
120 368 11 727
121 47 11 688
121 134 37 356
121 171 1 264
121 189 50 1361
121 194 5 682
121 244 19 258
121 279 14 455
121 288 46 1094
121 324 7 1019
121 351 25 470
121 378 17 40
121 381 31 261
122 11 7 403
122 13 31 1261
122 81 25 1481
122 93 49 896
122 172 56 896
122 208 22 463
122 223 2 51
122 273 39 201
122 305 14 1024
122 326 43 1481
122 336 37 172
122 387 52 1137
122 396 19 1315
123 59 23 888
123 100 40 857
123 161 25 249
123 204 1 779
123 217 43 563
123 220 19 845
123 292 37 1351
123 293 28 1370
123 318 55 449
123 341 13 1371
123 347 31 521
123 348 7 263
123 373 50 912
124 2 7 1262
124 51 25 1419
124 86 20 1325
124 107 31 923
124 163 43 10
124 168 1 559
124 226 37 738
124 310 59 1363
124 318 14 748
124 363 4 1156
124 368 35 391
124 396 28 1432
125 15 7 576
125 43 31 1350
125 108 13 357
125 116 22 1039
125 188 1 494
125 194 5 826
125 213 34 106
125 241 10 206
125 284 43 1243
125 337 37 395
125 345 25 861
125 371 39 1386
126 27 23 975
126 73 11 325
126 81 43 279
126 95 31 764
126 97 19 693
126 127 9 90
126 131 38 1424
126 249 13 1455
126 293 3 54
126 310 17 233
126 342 59 778
126 372 29 896
126 377 1 1057
127 12 20 1500
127 45 10 178
127 46 31 83
127 94 7 875
127 136 49 44
127 147 13 602
127 178 59 418
127 201 37 6
127 222 16 656
127 268 25 593
127 292 43 1351
127 333 41 154
127 368 1 1296
128 9 25 57
128 38 10 976
128 44 7 596
128 135 53 1019
128 184 49 528
128 198 40 177
128 204 1 1098
128 224 22 525
128 248 43 228
128 252 16 1155
128 265 13 59
128 278 31 698
128 287 37 109
128 392 45 984
129 66 55 344
129 70 7 515
129 81 1 946
129 116 51 1386
129 124 31 1402
129 175 37 73
129 191 43 68
129 224 13 885
129 225 19 453
129 227 16 416
129 322 22 1359
129 366 25 1199
129 373 27 1112
130 3 25 267
130 21 37 1001
130 32 7 394
130 37 45 753
130 48 49 839
130 52 29 44
130 135 11 208
130 143 55 1254
130 160 23 1355
130 165 1 906
130 195 19 303
130 212 31 749
130 291 13 102
130 299 35 1080
131 7 58 448
131 21 43 130
131 33 25 394
131 51 55 1304
131 56 3 1493
131 87 52 1230
131 144 13 1089
131 146 38 590
131 149 22 1146
131 190 16 1130
131 200 31 702
131 330 19 823
131 372 5 59
132 14 23 560
132 31 31 604
132 32 58 178
132 129 8 823
132 239 1 456
132 287 17 939
132 291 39 858
132 324 46 861
132 325 25 170
132 335 19 1268
132 369 13 942
133 9 19 700
133 32 46 868
133 64 43 1073
133 151 13 249
133 168 11 559
133 210 55 951
133 219 4 1319
133 254 23 1402
133 258 16 315
133 275 31 89
133 287 34 109
133 349 40 410
133 351 49 470
133 385 7 279
134 29 38 1170
134 47 11 436
134 130 41 868
134 146 7 926
134 166 21 228
134 183 34 1035
134 184 4 909
134 241 31 612
134 249 55 1072
134 256 27 769
134 267 1 1480
134 311 15 428
134 359 45 1072
135 13 20 1236
135 54 49 310
135 87 4 717
135 90 17 1290
135 104 44 1147
135 129 37 823
135 174 32 39
135 177 13 134
135 178 41 748
135 233 58 563
135 310 11 28
135 324 1 747
135 392 7 984
135 396 28 1354
136 77 43 574
136 95 20 542
136 114 29 388
136 164 49 530
136 178 35 418
136 248 53 328
136 260 10 958
136 287 5 939
136 288 40 1404
136 332 37 1268
136 367 47 890
136 382 59 661
136 384 25 92
136 391 31 727
137 86 3 1325
137 176 37 1192
137 195 31 243
137 222 9 656
137 230 23 131
137 234 41 1286
137 249 43 348
137 285 57 270
137 313 49 1247
137 351 25 890
137 381 19 261
137 389 1 975
137 393 13 353
138 17 13 1406
138 40 46 798
138 49 31 30
138 113 58 791
138 161 49 1251
138 179 43 430
138 185 25 537
138 256 52 769
138 262 34 1321
138 268 37 593
138 304 19 899
138 339 1 372
138 364 5 869
138 374 21 832
138 390 7 681
139 42 46 1312
139 43 43 1054
139 56 1 1493
139 110 53 681
139 160 10 549
139 175 25 1179
139 186 19 43
139 192 7 217
139 211 55 616
139 263 4 686
139 291 13 947
139 334 49 1453
140 10 34 201
140 15 21 915
140 46 49 1061
140 47 15 474
140 186 7 810
140 201 31 6
140 208 37 463
140 223 2 304
140 250 57 208
140 261 17 834
140 262 43 825
140 269 11 1134
140 270 19 496
140 333 55 533
141 10 16 328
141 49 37 4
141 68 31 973
141 69 34 1469
141 86 26 1325
141 169 11 852
141 170 13 446
141 230 41 1010
141 335 4 938
141 348 45 122
141 355 52 54
141 356 59 1432
141 367 43 23
141 368 49 727
141 396 22 1493
142 13 31 1236
142 52 59 559
142 68 13 230
142 151 3 1066
142 153 7 1040
142 155 51 1341
142 176 41 1116
142 184 43 958
142 219 25 1319
142 234 11 340
142 291 37 846
142 333 5 1360
142 393 19 299
143 36 29 51
143 39 25 169
143 57 10 130
143 157 47 288
143 292 34 53
143 305 1 557
143 316 13 1186
143 320 43 1179
143 337 5 1262
143 343 7 1481
143 353 58 885
143 391 38 942
144 42 22 1299
144 49 19 1301
144 56 29 147
144 59 35 353
144 65 37 288
144 106 31 1234
144 114 9 508
144 155 47 1341
144 160 17 622
144 178 41 1431
144 285 43 1040
144 300 13 183
144 366 4 923
144 380 25 1385
145 39 13 173
145 57 10 361
145 66 19 290
145 69 1 78
145 93 7 1219
145 148 41 1087
145 212 33 947
145 223 44 51
145 276 55 611
145 304 23 899
145 311 31 1124
145 321 27 254
146 10 28 328
146 29 4 1170
146 46 37 1384
146 58 55 946
146 84 45 422
146 90 23 370
146 165 7 436
146 176 59 1297
146 204 51 551
146 257 31 1396
146 270 41 266
146 274 17 759
146 330 1 823
146 351 13 554
147 21 37 202
147 33 1 1419
147 56 59 147
147 71 29 496
147 127 13 90
147 156 25 1062
147 165 55 580
147 214 10 565
147 262 21 1195
147 303 19 558
147 307 33 662
147 311 15 1124
147 337 31 395
147 341 44 1080
148 48 41 403
148 50 28 885
148 71 39 614
148 117 7 73
148 128 47 624
148 130 37 78
148 164 43 300
148 206 25 636
148 208 34 1133
148 217 14 593
148 256 19 1401
148 278 1 1239
148 281 22 333
148 288 4 1106
148 328 11 97
149 10 1 328
149 37 13 615
149 54 25 628
149 113 19 791
149 139 56 1275
149 191 43 6
149 197 29 493
149 212 37 778
149 250 7 1452
149 281 49 919
149 292 4 467
149 335 35 693
149 358 22 1389
149 366 47 923
150 7 40 1403
150 19 31 855
150 69 5 78
150 72 56 573
150 104 28 1147
150 196 10 734
150 209 16 562
150 220 43 1127
150 237 59 1191
150 241 7 196
150 290 52 1406
150 315 1 1129
151 7 31 678
151 35 52 190
151 78 34 464
151 116 28 1445
151 125 4 1018
151 225 46 770
151 248 59 1298
151 251 15 408
151 252 20 1155
151 278 25 115
151 310 10 1094
151 322 49 1359
152 44 10 748
152 45 46 866
152 65 37 1043
152 92 13 920
152 104 4 1147
152 150 52 825
152 213 31 1304
152 224 1 525
152 236 58 988
152 370 21 1284
152 379 26 524
153 21 19 953
153 99 10 1413
153 108 43 525
153 132 2 1153
153 165 55 1230
153 168 7 1275
153 179 25 662
153 221 13 986
153 227 37 605
153 335 59 512
153 352 29 986
153 375 17 864
153 387 49 1137
153 400 4 1127
154 90 47 142
154 96 22 439
154 124 50 646
154 176 25 1116
154 209 4 1187
154 238 15 592
154 247 34 489
154 256 31 1483
154 294 27 263
154 314 8 1071
154 354 55 227
154 368 41 391
154 372 19 1366
154 377 13 1426
154 378 2 69
155 55 26 1214
155 79 49 1438
155 143 7 845
155 168 43 1020
155 219 46 1319
155 220 13 1134
155 230 17 186
155 258 4 947
155 271 37 1426
155 273 9 136
155 281 19 333
155 287 31 939
155 354 1 1403
155 367 53 890
156 18 43 631
156 35 25 1335
156 123 52 753
156 134 33 1054
156 144 19 1089
156 184 14 958
156 190 11 946
156 237 41 1191
156 264 31 921
156 265 1 862
156 267 8 1434
156 285 37 167
156 299 29 1162
156 353 4 971
157 101 13 1040
157 128 1 366
157 189 31 682
157 193 51 797
157 207 55 1276
157 232 43 931
157 240 49 1053
157 332 23 1155
157 358 4 781
157 391 19 1085
157 392 45 921
158 54 25 193
158 82 56 1208
158 107 13 816
158 157 35 788
158 170 52 150
158 211 43 1393
158 247 39 1339
158 277 10 227
158 282 7 898
158 298 5 1224
158 345 19 861
158 359 1 1072
158 361 31 481
159 102 1 1173
159 127 41 728
159 154 13 888
159 177 19 1425
159 183 43 1035
159 215 8 762
159 265 26 335
159 269 49 1386
159 321 29 893
159 343 32 519
159 377 23 82
159 394 37 821
160 41 49 1243
160 54 44 628
160 104 40 1147
160 120 56 1181
160 150 28 670
160 163 31 868
160 177 7 1112
160 287 17 487
160 344 19 843
160 354 10 971
160 359 22 1235
160 385 13 545
160 394 2 1208
161 37 27 615
161 56 25 1311
161 58 56 361
161 78 19 464
161 79 4 8
161 104 22 1147
161 106 1 136
161 187 39 923
161 211 13 1347
161 244 31 258
161 309 43 881
161 355 10 564
161 396 7 1500
162 44 22 856
162 70 1 606
162 105 7 159
162 117 11 850
162 127 53 519
162 166 19 988
162 169 41 956
162 177 55 1489
162 227 58 68
162 265 14 1429
162 334 28 36
162 340 43 1157
162 377 35 597
162 393 49 363
162 400 31 1299
163 25 13 702
163 70 31 596
163 71 37 614
163 90 17 142
163 93 40 810
163 111 25 1205
163 174 19 634
163 227 1 118
163 276 49 611
163 283 29 96
163 299 5 606
163 352 23 249
163 378 10 69
163 388 7 463
164 11 49 765
164 18 28 1321
164 90 31 1290
164 123 46 1083
164 175 37 789
164 220 33 972
164 233 10 563
164 251 21 408
164 262 55 300
164 292 25 1389
164 304 7 899
164 328 2 725
164 340 15 290
165 12 49 88
165 82 9 1488
165 156 55 1062
165 171 37 50
165 172 13 896
165 179 31 1108
165 240 7 1053
165 258 45 226
165 299 22 489
165 324 3 1019
165 341 26 596
165 346 1 1029
166 5 7 1180
166 53 52 1116
166 90 29 729
166 96 46 439
166 175 39 1179
166 179 55 662
166 223 20 1000
166 236 31 1355
166 250 1 208
166 258 58 226
166 307 17 842
166 373 25 1207
166 374 13 1488
167 67 1 1207
167 68 37 973
167 85 32 295
167 88 49 904
167 91 23 87
167 151 17 1066
167 164 25 872
167 179 19 131
167 232 15 931
167 286 43 651
167 319 7 378
167 347 55 28
168 44 25 555
168 68 28 115
168 69 45 78
168 82 49 139
168 103 22 80
168 144 13 157
168 149 19 1146
168 164 55 1179
168 197 47 467
168 213 1 1008
168 253 9 406
168 334 38 695
168 354 4 693
169 41 1 792
169 46 43 1024
169 62 19 761
169 94 11 128
169 142 28 817
169 143 53 845
169 168 25 559
169 179 16 430
169 190 5 946
169 204 58 551
169 234 14 682
169 238 7 524
169 300 55 183
169 347 37 918
169 395 21 804
170 29 13 1170
170 50 46 278
170 60 38 1400
170 63 55 627
170 99 16 1413
170 107 32 167
170 125 20 780
170 135 23 88
170 172 49 196
170 222 43 560
170 257 1 1446
170 261 11 834
170 334 25 137
170 338 7 698
170 389 28 975
171 59 59 816
171 108 55 626
171 122 53 1220
171 128 29 366
171 146 25 154
171 156 43 1276
171 234 5 340
171 258 22 907
171 294 33 800
171 338 1 698
171 354 13 776
171 360 9 133
171 370 7 1284
171 372 31 871
171 382 41 661
172 24 11 908
172 103 35 939
172 157 47 6
172 167 13 92
172 176 9 1297
172 195 50 1468
172 207 19 133
172 215 58 762
172 288 37 1404
172 316 43 1290
172 321 31 893
172 382 17 1402
173 9 37 348
173 60 31 1191
173 98 2 1314
173 117 23 1074
173 168 59 1159
173 174 49 634
173 204 56 1098
173 241 16 612
173 268 25 926
173 271 43 813
173 349 10 410
173 362 7 1470
173 364 20 540
174 27 53 778
174 37 56 615
174 93 43 76
174 101 9 210
174 108 25 357
174 123 1 32
174 151 35 1211
174 217 13 28
174 240 4 1053
174 306 40 527
174 331 49 728
174 343 19 1169
174 368 7 391
174 372 33 871
174 399 46 1362
175 65 20 846
175 75 10 498
175 147 59 1111
175 159 55 1113
175 169 41 1452
175 200 44 1119
175 298 1 1049
175 308 31 721
175 311 3 1124
175 344 7 1253
176 70 56 515
176 118 7 415
176 130 39 403
176 134 19 967
176 138 41 1339
176 160 11 467
176 223 31 959
176 237 17 481
176 253 51 406
176 257 28 869
176 304 5 899
176 341 43 259
176 351 13 470
176 360 2 295
177 11 14 765
177 13 25 1261
177 57 7 361
177 129 31 1145
177 130 23 868
177 158 44 1396
177 172 51 583
177 193 55 362
177 250 1 1452
177 269 59 878
177 332 35 785
177 351 19 1410
177 363 40 1381
178 5 55 918
178 11 43 403
178 37 49 655
178 62 11 521
178 92 1 920
178 158 17 130
178 174 7 39
178 178 29 1431
178 242 13 1220
178 254 5 839
178 270 53 266
178 334 32 137
178 398 37 905
179 34 35 1040
179 48 47 839
179 59 5 361
179 82 7 1058
179 128 3 366
179 138 41 1251
179 197 59 493
179 210 37 30
179 294 13 1145
179 359 11 985
179 364 1 540
179 382 27 453
179 399 20 493
180 23 43 761
180 87 13 1230
180 101 19 418
180 152 37 15
180 195 8 1468
180 211 49 1347
180 227 4 605
180 248 23 228
180 249 55 1108
180 257 46 869
180 297 25 243
180 335 41 938
180 376 29 20
180 377 59 335
181 2 25 63
181 32 22 1443
181 47 29 474
181 82 50 234
181 109 31 910
181 194 35 790
181 197 5 1024
181 200 13 106
181 225 40 750
181 233 55 563
181 292 58 467
181 331 9 1361
182 54 49 1425
182 68 28 924
182 96 16 439
182 99 4 1413
182 123 25 629
182 137 53 430
182 168 2 1020
182 172 31 1284
182 190 23 10
182 231 8 1163
182 272 19 62
182 321 59 254
182 323 41 855
182 378 55 40
183 57 37 1296
183 126 28 373
183 137 25 430
183 142 22 817
183 159 8 813
183 165 31 906
183 182 55 950
183 217 49 645
183 246 43 796
183 251 16 177
183 261 13 185
183 347 1 839
183 356 47 1461
184 21 13 1402
184 22 37 543
184 56 27 1311
184 79 19 1272
184 108 49 1400
184 130 1 403
184 211 43 341
184 260 22 725
184 313 31 1247
184 321 53 254
184 357 56 393
184 364 35 869
184 379 7 168
184 398 3 1014
185 5 32 669
185 15 46 105
185 23 7 1200
185 57 43 1239
185 84 1 422
185 101 25 210
185 116 55 315
185 283 23 1442
185 322 16 1158
185 330 13 1131
185 337 59 1468
185 339 19 372
185 398 49 297
186 47 53 436
186 71 29 1286
186 111 13 729
186 137 7 942
186 163 43 1200
186 199 58 1279
186 222 47 656
186 225 40 1174
186 228 25 511
186 238 35 592
186 255 37 22
186 290 1 1471
186 318 49 684
186 340 31 1171
187 23 7 1478
187 43 23 1350
187 79 10 868
187 80 41 1062
187 139 25 366
187 142 55 1168
187 165 37 436
187 170 31 374
187 209 43 496
187 241 13 380
187 299 17 157
187 340 49 13
187 358 4 241
187 368 53 808
188 11 25 286
188 37 31 1279
188 42 4 202
188 69 11 106
188 116 43 315
188 183 1 1035
188 221 16 986
188 223 7 1000
188 270 13 303
188 274 47 89
188 317 49 1079
189 12 19 737
189 36 55 51
189 167 4 133
189 184 39 303
189 194 1 682
189 251 31 270
189 308 37 535
189 323 29 855
189 334 25 1453
189 338 16 23
189 365 13 1257
189 366 59 923
189 396 34 1140
190 2 43 1262
190 58 25 563
190 150 55 808
190 169 7 1354
190 200 31 1351
190 209 21 496
190 216 13 373
190 312 2 1145
190 351 50 788
190 372 47 871
190 374 9 1179
191 21 37 266
191 39 19 790
191 54 25 523
191 106 55 1279
191 110 5 1499
191 164 49 300
191 183 46 1035
191 194 17 790
191 221 43 1376
191 226 7 1102
191 229 31 529
191 273 13 1335
191 335 11 938
191 352 29 527
191 369 1 59
192 1 56 1
192 27 29 1138
192 62 59 521
192 79 49 8
192 151 5 586
192 223 7 959
192 253 33 406
192 261 17 105
192 274 35 759
192 307 44 1469
192 325 19 1312
192 334 13 137
192 340 21 550
192 355 1 564
193 79 25 1438
193 147 23 1111
193 175 1 1134
193 190 17 800
193 193 37 1077
193 209 46 1108
193 233 43 268
193 273 55 1094
193 302 20 1303
193 322 7 654
193 328 59 372
193 368 35 1296
193 376 29 368
193 391 49 548
194 28 22 1028
194 82 37 234
194 128 47 1482
194 142 59 1168
194 143 35 845
194 144 52 157
194 146 7 154
194 175 55 578
194 191 14 769
194 210 1 922
194 230 28 1407
194 258 25 452
194 339 31 520
194 371 43 862
195 9 25 850
195 20 17 872
195 48 29 650
195 100 56 857
195 128 53 624
195 163 45 609
195 172 31 196
195 206 22 32
195 211 49 1102
195 214 14 413
195 230 19 1407
195 245 7 1277
195 272 1 826
195 278 37 902
195 366 43 923
196 14 29 1273
196 20 7 825
196 22 31 543
196 57 44 989
196 123 38 629
196 154 57 888
196 242 1 614
196 258 22 698
196 292 19 53
196 296 25 113
196 362 9 598
197 121 46 1469
197 137 31 328
197 172 25 583
197 216 37 373
197 225 34 1498
197 228 41 167
197 253 29 406
197 290 5 246
197 291 7 473
197 293 16 141
197 332 52 1136
197 349 49 410
197 398 56 437
198 15 7 1327
198 38 26 540
198 95 1 1386
198 128 41 366
198 184 43 721
198 196 37 591
198 217 55 1088
198 264 47 850
198 298 17 455
198 370 53 560
198 391 32 253
199 42 40 530
199 113 46 791
199 153 56 1057
199 179 19 430
199 212 25 1350
199 243 3 1345
199 252 31 489
199 267 22 1480
199 275 14 89
199 293 37 152
199 302 34 1383
199 372 9 871
200 40 55 798
200 56 5 1493
200 94 16 128
200 123 10 32
200 139 44 1224
200 201 37 1130
200 209 1 1324
200 225 28 1498
200 230 59 1010
200 255 49 22
200 277 19 1471
200 316 32 1186
200 354 52 559
200 399 40 493
201 9 55 80
201 33 22 394
201 53 13 669
201 70 45 834
201 123 31 458
201 225 49 750
201 236 40 791
201 237 7 1191
201 272 1 9
201 290 11 246
201 325 5 193
201 334 16 1340
201 353 28 1252
202 43 17 1054
202 63 3 1474
202 87 10 650
202 93 22 1124
202 96 7 439
202 160 41 634
202 166 31 988
202 175 37 1431
202 193 13 254
202 255 19 22
202 287 25 109
202 326 58 170
202 377 35 82
202 387 28 1137
203 5 37 649
203 85 13 1379
203 131 55 96
203 146 43 590
203 153 7 557
203 208 25 1133
203 221 1 986
203 237 4 1191
203 251 34 1298
203 270 47 924
203 290 19 1406
203 298 49 1049
204 24 53 908
204 38 4 137
204 67 15 1280
204 72 34 1294
204 76 49 1117
204 116 56 1480
204 129 7 568
204 134 37 176
204 158 47 259
204 248 13 628
204 251 26 206
204 295 11 1026
204 355 43 54
204 372 22 871
205 2 13 1262
205 56 5 1357
205 80 47 881
205 123 40 110
205 125 34 550
205 193 9 362
205 206 58 579
205 235 25 1034
205 252 52 142
205 259 19 479
205 273 43 661
205 301 1 783
205 363 22 785
206 46 43 1061
206 65 55 288
206 81 25 74
206 114 7 283
206 122 17 1088
206 180 1 177
206 188 9 839
206 223 19 304
206 284 13 544
206 286 4 651
206 312 31 340
206 322 37 669
206 337 50 395
206 375 47 864
207 55 31 1214
207 67 51 889
207 134 55 1446
207 146 26 1018
207 148 59 1194
207 168 17 1020
207 176 43 1192
207 216 4 373
207 217 19 563
207 237 13 905
207 259 1 728
207 264 47 1210
207 364 10 869
208 17 43 1362
208 20 1 769
208 39 49 83
208 56 40 1311
208 86 7 1325
208 125 25 784
208 185 31 537
208 244 56 258
208 246 37 796
208 261 53 185
208 279 21 528
208 281 28 573
208 298 17 1224
208 349 13 410
208 366 19 743
209 37 19 655
209 51 28 1413
209 121 2 434
209 185 43 537
209 195 13 119
209 222 35 1470
209 274 41 759
209 279 4 455
209 286 49 338
209 291 55 473
209 356 25 1432
209 364 17 1276
210 134 43 176
210 144 1 1346
210 147 29 602
210 175 31 538
210 230 8 1407
210 234 35 1286
210 237 25 1234
210 278 50 1231
210 302 16 1238
210 310 59 1094
210 322 22 1379
210 337 53 394
210 356 56 136
210 400 38 36
211 8 29 481
211 18 32 987
211 23 16 362
211 82 19 1098
211 95 8 542
211 128 3 624
211 142 1 1171
211 199 13 1157
211 219 40 1319
211 256 49 302
211 270 59 924
211 296 43 113
211 340 25 622
211 345 55 1418
212 7 10 844
212 71 15 1286
212 123 7 110
212 136 25 881
212 146 1 313
212 264 31 1210
212 306 20 1246
212 333 5 1315
212 351 50 1410
212 356 13 721
212 358 55 106
212 367 23 432
212 373 44 912
213 35 25 1085
213 119 59 105
213 149 57 1146
213 163 20 826
213 165 13 436
213 166 17 921
213 242 43 650
213 314 49 81
213 322 31 524
213 352 4 527
213 368 39 391
213 371 7 1162
213 372 28 1159
214 91 29 87
214 98 19 1314
214 130 59 78
214 135 1 316
214 153 37 1302
214 224 10 1081
214 225 15 453
214 238 49 592
214 274 13 1483
214 281 25 573
214 286 51 283
214 350 32 836
214 352 41 1401
214 400 4 36
215 20 37 769
215 39 19 573
215 68 49 220
215 160 29 875
215 181 52 1206
215 238 13 592
215 254 55 1442
215 281 1 511
215 285 43 533
215 309 25 1213
215 329 31 1381
215 341 7 1249
215 357 58 651
216 50 40 278
216 107 31 816
216 124 49 489
216 164 3 872
216 210 43 922
216 217 21 1088
216 226 14 775
216 242 26 82
216 288 10 102
216 303 1 558
216 308 7 1178
216 321 17 243
216 387 58 1268
217 53 41 1236
217 104 1 1147
217 176 45 1192
217 193 57 1077
217 211 7 1362
217 258 52 226
217 268 20 1127
217 275 49 89
217 314 14 530
217 329 37 648
217 351 25 1410
217 356 4 1230
217 393 31 363
218 7 7 1339
218 145 23 848
218 154 44 1419
218 161 34 444
218 234 5 1207
218 235 11 1034
218 242 55 1220
218 310 14 1363
218 332 29 1073
218 341 25 259
218 345 19 1418
218 351 1 788
218 376 40 1155
219 3 7 126
219 12 1 1198
219 48 17 403
219 60 13 565
219 87 31 1230
219 90 41 1231
219 95 37 542
219 125 25 1183
219 165 43 382
219 267 34 1235
219 286 51 592
219 294 19 560
219 316 55 1186
219 366 29 626
220 2 25 1262
220 34 7 268
220 44 40 772
220 50 10 278
220 56 29 550
220 64 16 1073
220 74 5 119
220 82 31 1208
220 114 1 388
220 201 52 128
220 208 13 1273
220 248 47 1298
220 280 37 250
220 363 19 785
221 34 53 1399
221 97 55 1010
221 107 49 816
221 144 13 562
221 199 3 1157
221 213 46 764
221 222 1 656
221 251 43 778
221 273 37 661
221 316 19 1348
221 318 28 449
221 331 41 474
221 366 23 923
221 375 59 864
222 7 13 915
222 54 37 419
222 59 11 353
222 120 3 1181
222 160 46 1355
222 230 28 1474
222 237 41 905
222 310 17 1478
222 329 19 1381
222 355 7 772
222 364 1 1351
222 375 44 864
222 376 23 737
222 392 49 921
223 2 49 156
223 17 13 115
223 20 53 874
223 42 27 1115
223 59 25 765
223 136 43 1169
223 152 19 658
223 154 38 646
223 230 35 479
223 244 7 299
223 256 58 1483
223 284 31 591
223 332 1 1268
223 370 3 900
224 11 31 333
224 16 1 1012
224 35 52 1085
224 59 11 765
224 78 25 464
224 107 55 167
224 109 13 712
224 180 4 341
224 208 7 1273
224 299 17 542
224 307 37 1469
224 312 19 1145
224 359 41 1072
225 3 25 735
225 47 55 436
225 80 49 1351
225 110 47 115
225 128 29 874
225 176 34 1019
225 218 4 1406
225 284 43 988
225 309 38 800
225 356 9 1432
225 359 1 548
225 378 23 630
225 379 19 168
226 20 43 1272
226 128 47 874
226 178 5 418
226 260 7 1119
226 261 59 900
226 268 55 1461
226 337 45 395
226 340 31 14
226 341 38 1371
226 357 1 1131
226 394 51 68
227 114 23 388
227 130 5 333
227 172 1 1080
227 187 21 923
227 211 37 91
227 243 50 1345
227 265 46 304
227 269 31 662
227 333 29 533
227 351 13 774
227 356 52 136
227 357 7 1131
227 387 58 300
227 396 25 1354
228 37 50 1279
228 47 41 436
228 60 2 848
228 101 37 1442
228 123 34 110
228 163 19 868
228 174 25 770
228 182 9 950
228 190 29 682
228 230 47 1010
228 245 43 1277
228 277 31 881
228 346 23 1029
228 380 14 1385
229 2 13 156
229 16 34 1012
229 24 1 908
229 47 17 436
229 82 25 1488
229 103 19 549
229 104 55 1147
229 168 5 1159
229 198 40 766
229 267 46 1480
229 321 37 254
229 331 21 474
230 43 13 1054
230 46 1 1061
230 128 46 1194
230 139 37 622
230 194 53 682
230 195 7 1406
230 224 16 885
230 271 31 813
230 272 25 89
230 313 55 1247
230 334 43 36
230 340 49 1154
230 344 22 1136
230 365 19 1257
231 20 1 872
231 75 55 498
231 82 3 1488
231 85 49 1399
231 110 28 905
231 143 53 297
231 148 17 1087
231 157 25 697
231 212 20 1249
231 319 10 116
231 351 38 470
231 373 13 912
231 382 59 1402
232 38 19 137
232 117 7 434
232 164 38 992
232 170 58 1144
232 195 51 844
232 220 25 1238
232 309 3 680
232 316 13 1290
232 321 1 966
232 338 22 1434
232 343 46 519
232 357 9 651
232 377 49 1057
232 380 31 1385
233 32 40 374
233 52 59 1499
233 58 31 92
233 72 28 380
233 87 7 1230
233 93 56 810
233 132 22 1153
233 165 1 580
233 194 37 1140
233 225 45 750
233 302 19 817
233 355 10 54
234 44 4 53
234 66 9 344
234 121 29 821
234 124 43 743
234 144 37 1089
234 158 31 590
234 166 40 299
234 176 23 779
234 182 13 950
234 223 15 1000
234 250 33 1232
234 276 25 611
234 290 59 246
234 353 55 885
234 389 7 525
235 47 43 688
235 136 37 654
235 149 41 1146
235 166 53 921
235 171 33 50
235 176 4 432
235 177 25 1425
235 187 29 264
235 211 7 616
235 229 56 785
235 249 13 1296
235 286 1 374
235 388 19 1311
236 4 5 808
236 14 35 230
236 17 31 119
236 21 37 1476
236 60 19 1372
236 77 55 759
236 165 14 1357
236 233 7 302
236 238 23 45
236 288 1 102
236 298 29 455
236 308 10 721
236 372 47 896
236 388 52 1018
237 42 28 1199
237 60 7 1372
237 85 31 810
237 111 37 1251
237 184 52 333
237 200 19 445
237 205 55 138
237 250 43 1452
237 278 49 544
237 314 13 384
237 338 25 23
237 364 3 993
237 376 5 960
238 56 23 1018
238 65 49 1491
238 75 46 498
238 80 4 1062
238 151 8 1066
238 154 13 759
238 161 40 452
238 175 19 578
238 187 53 740
238 203 58 1410
238 225 31 1174
238 375 27 864
239 35 34 1335
239 45 28 793
239 79 1 574
239 118 32 415
239 178 41 418
239 250 43 208
239 265 19 559
239 267 13 1480
239 273 49 661
239 306 58 157
239 337 56 395
239 365 22 1257
239 388 9 1311
240 14 9 560
240 24 27 908
240 43 7 655
240 95 13 1138
240 114 25 283
240 147 17 1111
240 177 22 1076
240 252 4 142
240 299 49 1162
240 344 43 1178
240 354 19 1403
240 365 1 1257
240 366 35 626
241 14 29 381
241 37 3 775
241 49 7 725
241 79 22 28
241 97 37 35
241 103 1 109
241 122 41 918
241 160 15 549
241 183 58 1035
241 237 35 376
241 319 10 576
241 361 31 1026
242 17 46 157
242 25 37 1304
242 46 19 1061
242 57 31 361
242 72 13 760
242 127 53 167
242 149 51 1146
242 171 55 1203
242 235 5 1034
242 247 49 1339
242 325 10 764
242 334 25 1340
242 335 41 512
242 336 35 172
243 13 7 1261
243 128 55 366
243 178 1 293
243 219 13 1319
243 232 46 931
243 234 23 340
243 235 3 1034
243 251 58 881
243 266 19 247
243 291 50 473
243 298 41 919
243 317 31 1079
243 395 25 804
244 3 55 1045
244 154 25 1386
244 159 13 551
244 208 4 1133
244 210 50 230
244 213 1 710
244 221 46 728
244 259 31 1032
244 312 19 516
244 345 7 74
244 349 40 971
244 387 37 210
245 2 1 678
245 33 25 774
245 61 49 878
245 95 7 1194
245 118 11 415
245 131 31 96
245 150 19 976
245 174 13 770
245 176 35 381
245 355 28 54
245 373 55 1324
245 393 43 1332
246 18 28 1254
246 66 43 1360
246 151 10 1066
246 178 35 606
246 204 55 779
246 209 49 1108
246 211 37 549
246 214 4 245
246 243 52 1345
246 250 19 1452
246 257 16 1396
246 319 13 38
247 5 7 1263
247 61 13 878
247 74 31 750
247 90 5 370
247 119 17 1452
247 186 38 587
247 193 25 362
247 244 56 146
247 259 1 1477
247 278 22 115
247 283 11 1113
247 339 49 1244
247 361 43 551
247 362 19 1396
247 397 34 1196
248 51 4 1419
248 57 25 1239
248 130 47 403
248 141 50 217
248 163 55 1270
248 186 37 745
248 188 43 596
248 214 13 634
248 252 28 617
248 272 9 1359
248 281 16 821
248 288 19 909
248 309 32 1197
248 358 1 106
249 8 47 176
249 34 43 1201
249 46 7 1061
249 90 4 1290
249 106 13 1234
249 133 55 1116
249 148 59 919
249 174 25 634
249 262 1 825
249 285 51 40
249 305 21 797
249 311 19 1124
249 343 16 1389
249 376 31 737
250 3 32 1045
250 20 13 825
250 82 25 1058
250 83 43 120
250 144 50 1089
250 229 3 204
250 264 29 1045
250 270 53 494
250 271 55 1426
250 280 1 250
250 335 10 1268
250 351 19 520
250 382 59 453
250 389 23 813
250 396 7 1100
251 53 1 1162
251 69 47 78
251 90 23 1203
251 94 17 30
251 109 40 1113
251 152 31 254
251 233 13 364
251 236 25 1355
251 273 8 661
251 308 43 535
251 335 5 512
252 3 31 1252
252 21 15 630
252 43 59 1350
252 79 46 720
252 110 23 905
252 144 7 1089
252 176 27 1297
252 228 13 511
252 244 37 193
252 260 1 133
252 309 55 747
252 338 4 23
252 374 49 1210
253 23 43 720
253 64 49 368
253 81 37 323
253 130 53 1366
253 133 16 1089
253 150 55 871
253 159 32 288
253 166 3 228
253 220 25 1273
253 226 10 1102
253 249 19 1072
253 334 46 63
254 15 31 233
254 82 15 1058
254 135 51 1019
254 158 8 590
254 271 3 40
254 288 34 1106
254 301 38 783
254 325 23 788
254 332 13 697
254 344 43 1284
254 351 55 520
254 357 10 80
254 371 19 1162
254 392 25 984
255 25 49 1304
255 92 31 920
255 109 25 1113
255 125 7 1183
255 133 4 1089
255 167 37 206
255 175 56 1134
255 203 40 735
255 206 1 636
255 243 45 1345
255 299 17 616
255 359 13 1072
255 365 10 1257
255 394 19 656
256 85 19 1399
256 103 28 939
256 138 31 1251
256 236 50 791
256 251 1 408
256 268 37 1083
256 283 5 233
256 335 41 774
256 348 55 78
256 362 25 1276
256 368 35 125
256 384 7 586
257 115 23 1085
257 129 7 561
257 150 49 825
257 200 55 147
257 225 28 167
257 247 59 470
257 290 53 246
257 294 45 560
257 338 4 1221
257 358 31 106
257 366 1 640
257 398 15 905
258 25 1 487
258 35 28 1335
258 68 16 973
258 73 31 325
258 74 33 750
258 107 37 627
258 115 7 1085
258 206 43 636
258 247 23 470
258 275 9 73
258 299 49 616
258 347 19 523
258 395 55 804
259 8 41 176
259 9 49 394
259 104 58 1147
259 171 25 50
259 187 37 1156
259 188 43 494
259 189 13 1174
259 207 3 712
259 219 55 1319
259 235 1 1034
259 287 39 109
259 346 9 1029
259 356 20 428
259 366 7 923
260 5 13 1263
260 46 25 1315
260 48 59 605
260 74 7 1376
260 107 44 1253
260 149 37 1146
260 198 49 720
260 208 1 463
260 252 20 617
260 294 33 560
260 328 11 372
260 330 4 107
260 371 39 424
260 394 55 656
261 32 22 374
261 37 1 1394
261 43 47 655
261 59 11 743
261 159 49 1366
261 214 27 413
261 257 13 858
261 264 25 921
261 297 7 1075
261 337 33 395
261 338 55 8
261 345 43 1383
261 357 16 393
261 371 37 1219
262 26 37 1126
262 40 31 798
262 50 49 940
262 57 28 361
262 62 11 1154
262 81 19 109
262 132 43 1153
262 146 2 926
262 171 56 264
262 238 23 614
262 247 16 226
262 275 34 649
263 37 55 655
263 85 31 259
263 95 13 472
263 189 49 682
263 201 4 572
263 238 53 1115
263 240 23 1053
263 258 37 766
263 303 59 558
263 333 41 533
263 363 10 785
263 390 19 681
264 115 17 538
264 117 4 1172
264 136 25 536
264 147 11 444
264 161 49 249
264 175 37 142
264 189 21 1361
264 190 35 946
264 250 13 208
264 251 55 83
264 284 43 205
264 321 19 966
264 329 1 405
264 339 7 520
265 16 55 1012
265 33 34 1371
265 95 43 1106
265 125 58 1028
265 144 31 658
265 146 13 926
265 188 25 494
265 193 37 362
265 208 1 1273
265 213 19 710
265 237 5 1379
265 311 7 1124
265 327 22 57
265 379 9 524
266 60 27 848
266 63 14 381
266 65 31 909
266 70 50 760
266 97 19 1010
266 166 59 299
266 229 37 3
266 319 7 1231
266 335 25 512
266 348 43 769
266 373 1 912
266 375 57 864
267 41 13 792
267 64 56 1073
267 67 43 18
267 107 49 1208
267 120 17 1181
267 181 25 1206
267 188 9 662
267 222 7 42
267 226 20 410
267 230 1 1010
267 264 3 579
267 377 29 1057
267 391 38 946
268 28 1 1114
268 69 58 1340
268 90 11 1290
268 125 40 1028
268 139 15 940
268 144 37 893
268 193 25 1088
268 203 55 1410
268 217 43 564
268 289 31 894
268 301 49 783
268 341 7 259
268 342 5 578
268 376 13 960
268 385 19 512
269 12 13 37
269 51 31 1393
269 83 7 120
269 135 17 496
269 137 53 942
269 177 22 1489
269 197 41 38
269 199 34 1263
269 294 49 263
269 297 1 1075
269 306 37 793
269 328 29 725
269 387 26 1268
269 396 19 1493
270 42 1 1299
270 51 19 1413
270 52 13 73
270 72 56 380
270 101 7 1442
270 165 15 1042
270 177 33 1489
270 188 49 1350
270 210 37 922
270 217 43 1097
270 218 25 579
270 275 22 984
270 355 28 564
270 370 53 872
271 2 13 1032
271 17 22 157
271 57 38 989
271 72 58 760
271 106 25 156
271 129 7 1306
271 171 43 603
271 207 31 1074
271 271 2 813
271 287 28 109
271 331 11 1361
271 360 49 1240
271 368 47 391
272 9 38 394
272 56 22 1384
272 68 55 1236
272 91 3 87
272 106 7 1234
272 172 49 1043
272 204 46 779
272 214 34 91
272 240 58 1053
272 253 53 406
272 287 1 939
272 303 10 558
272 359 16 1072
272 363 19 1156
272 382 13 453
273 3 19 125
273 31 38 604
273 71 3 1077
273 111 25 1191
273 148 1 1170
273 151 9 249
273 155 7 1341
273 166 5 1064
273 190 29 1130
273 208 13 463
273 245 49 624
273 305 55 1269
273 341 31 341
273 378 11 1409
274 5 43 649
274 39 55 169
274 132 4 1153
274 140 31 1156
274 144 19 893
274 148 41 1170
274 154 37 365
274 208 16 1273
274 233 22 376
274 275 1 73
274 284 25 205
274 362 52 666
274 375 34 864
275 66 2 1259
275 81 7 323
275 131 25 96
275 139 38 381
275 166 35 988
275 172 13 1284
275 191 31 1339
275 231 43 1163
275 299 47 616
275 312 19 985
275 342 52 1340
275 352 29 249
276 21 49 1075
276 52 16 44
276 53 13 408
276 88 7 904
276 93 46 76
276 122 29 788
276 159 31 1113
276 176 2 1297
276 225 19 1174
276 273 25 136
276 290 11 922
276 357 55 1178
276 362 37 293
276 378 35 890
277 3 31 28
277 11 43 333
277 30 7 679
277 52 23 134
277 77 19 370
277 79 16 1272
277 144 49 91
277 210 25 801
277 292 55 467
277 311 39 1423
277 318 9 297
277 350 2 836
277 382 35 1077
278 8 47 960
278 13 37 808
278 49 55 30
278 262 7 357
278 340 43 14
278 347 19 903
278 356 14 1461
278 369 2 838
278 371 26 81
278 387 34 791
278 392 49 228
279 25 13 246
279 59 58 353
279 72 38 380
279 77 7 1251
279 117 1 775
279 178 5 293
279 184 22 909
279 218 19 1131
279 280 25 250
279 359 11 1072
279 376 47 20
279 379 49 524
279 389 44 975
280 32 43 178
280 101 31 210
280 135 53 208
280 144 10 1348
280 153 49 193
280 164 39 69
280 175 20 142
280 199 4 1483
280 202 16 1117
280 223 27 959
280 251 1 778
280 253 25 406
280 258 46 698
280 263 13 686
281 28 44 1028
281 34 7 1039
281 51 34 1413
281 54 55 1425
281 93 19 810
281 94 25 30
281 113 10 791
281 137 17 1071
281 144 22 893
281 214 52 1080
281 223 13 304
281 329 40 951
281 343 2 1389
281 344 49 843
282 15 10 1327
282 35 58 1335
282 77 49 759
282 122 47 693
282 131 37 1172
282 145 8 905
282 155 5 1341
282 164 19 1111
282 188 27 766
282 199 31 1263
282 206 43 1306
282 243 34 1345
282 375 25 864
283 47 32 688
283 102 43 1173
283 109 28 1113
283 136 7 793
283 138 47 1251
283 164 55 872
283 184 1 1355
283 264 23 1045
283 275 4 1388
283 355 40 54
284 8 29 176
284 55 38 1214
284 62 56 629
284 129 13 561
284 132 31 1153
284 209 1 1187
284 248 27 228
284 271 49 893
284 287 9 109
284 330 33 151
284 346 58 1029
284 397 22 1196
285 24 9 908
285 96 1 439
285 116 52 1480
285 150 46 808
285 152 13 835
285 257 56 786
285 305 37 797
285 324 34 1443
285 348 20 1160
285 372 59 59
285 398 25 827
286 29 19 1170
286 43 23 655
286 48 5 403
286 113 1 77
286 124 7 1402
286 136 55 979
286 152 25 15
286 158 11 903
286 186 13 124
286 198 49 38
286 268 37 231
286 284 33 740
286 332 46 1155
287 20 4 825
287 39 43 573
287 52 29 1499
287 85 57 1399
287 91 15 87
287 98 32 1314
287 171 25 264
287 174 7 688
287 217 19 646
287 252 49 142
287 274 17 89
287 311 11 1124
287 378 55 69
287 383 37 705
288 32 57 1482
288 38 22 976
288 81 31 946
288 109 15 1113
288 155 55 1341
288 160 29 634
288 172 25 1363
288 177 4 1425
288 199 8 140
288 203 52 1066
288 306 1 1192
288 332 47 989
288 339 37 1320
288 362 19 288
289 44 37 596
289 64 55 382
289 107 2 167
289 111 19 544
289 147 11 602
289 229 43 1193
289 237 35 1191
289 242 31 1154
289 256 40 1094
289 258 7 766
289 284 50 16
289 288 25 102
289 301 13 783
289 327 28 794
290 11 9 1244
290 42 4 1299
290 48 7 1371
290 80 1 881
290 122 47 1088
290 133 21 640
290 200 50 147
290 221 58 986
290 261 43 900
290 318 38 449
290 331 41 1361
290 381 25 261
291 144 49 1348
291 147 33 602
291 151 7 249
291 186 13 43
291 195 43 1298
291 229 1 3
291 271 55 1038
291 291 25 947
291 325 9 1312
291 327 40 794
291 344 37 609
291 352 17 452
291 362 52 598
291 369 19 59
292 7 7 1186
292 34 23 1399
292 48 3 403
292 58 25 481
292 68 45 973
292 86 55 1325
292 94 5 1350
292 97 50 336
292 110 34 905
292 135 37 1019
292 161 40 481
292 190 59 1130
292 272 13 1359
292 366 20 1199
293 35 34 1085
293 49 7 4
293 59 47 353
293 78 40 125
293 155 19 1341
293 159 1 423
293 234 37 340
293 248 29 628
293 256 57 1401
293 269 5 1386
293 341 51 1371
293 349 13 123
293 366 49 923
294 79 40 1438
294 107 55 816
294 110 45 115
294 113 7 791
294 135 35 496
294 189 25 682
294 212 51 834
294 223 20 959
294 238 29 592
294 285 13 1194
294 335 49 693
294 336 1 172
294 374 31 1488
294 391 3 151
295 13 44 637
295 14 17 560
295 27 11 529
295 48 29 403
295 97 3 35
295 99 19 750
295 170 34 910
295 175 37 1452
295 206 31 636
295 215 22 762
295 231 55 1163
295 346 27 1029
295 359 59 1072
295 397 13 1196
296 2 19 1262
296 60 25 409
296 70 7 1453
296 87 1 1399
296 106 37 1234
296 159 31 423
296 203 40 1410
296 222 55 1470
296 266 13 247
296 338 49 1396
296 340 43 13
296 398 57 827
297 12 44 88
297 15 37 1108
297 26 19 1126
297 49 25 4
297 62 1 761
297 119 23 1114
297 268 56 971
297 275 40 984
297 279 28 528
297 297 31 572
297 310 10 1363
297 387 7 1137
297 391 13 253
298 115 59 1426
298 187 1 259
298 223 19 182
298 246 34 796
298 268 55 1083
298 322 43 654
298 334 13 1299
298 356 47 1230
298 359 51 1072
298 362 25 1470
298 367 23 220
298 369 38 220
298 382 3 453
299 33 58 1371
299 94 41 30
299 122 47 1220
299 131 32 1424
299 161 38 444
299 197 23 922
299 226 51 738
299 274 4 378
299 325 29 1312
299 336 19 172
299 345 43 1418
299 366 49 743
300 12 7 37
300 49 49 725
300 56 46 1311
300 62 11 629
300 97 25 1010
300 130 53 403
300 170 40 624
300 173 56 123
300 190 43 946
300 198 37 446
300 212 19 670
300 221 32 500
300 273 1 738
300 292 13 448
301 58 55 340
301 61 7 878
301 121 59 764
301 124 25 743
301 176 11 669
301 177 31 1112
301 181 16 1206
301 272 3 1211
301 273 19 661
301 302 13 1499
301 312 37 251
301 316 43 1048
301 326 34 1481
301 332 53 1155
301 333 47 533
302 21 31 130
302 29 16 695
302 30 37 679
302 119 5 1452
302 168 7 559
302 214 22 293
302 240 39 1053
302 244 9 258
302 297 55 139
302 321 25 254
302 348 50 1178
302 354 19 227
302 395 1 804
303 25 37 1360
303 59 34 361
303 74 47 1198
303 128 5 1194
303 174 20 732
303 180 14 266
303 215 43 762
303 232 9 931
303 288 31 1106
303 319 25 116
303 335 11 182
303 376 41 20
303 396 1 1354
304 4 49 1268
304 30 59 679
304 69 41 1138
304 80 37 1131
304 136 25 44
304 197 44 493
304 211 55 1347
304 311 3 1423
304 314 13 1279
304 327 46 956
304 330 32 413
304 364 1 1040
304 368 52 1296
304 389 17 813
305 3 43 1045
305 24 25 908
305 75 4 498
305 81 55 323
305 127 22 90
305 148 13 1087
305 183 37 1035
305 322 7 669
305 376 49 1155
305 377 59 82
305 383 51 705
306 10 19 328
306 33 7 700
306 47 25 688
306 53 13 800
306 72 10 1294
306 75 49 498
306 97 43 336
306 106 52 1234
306 154 37 1419
306 210 1 230
306 268 31 971
306 304 29 899
306 342 58 856
306 400 55 1195
307 33 40 700
307 39 13 790
307 64 1 973
307 106 37 1279
307 108 32 357
307 140 52 1073
307 171 26 519
307 248 5 103
307 341 20 1080
307 353 55 628
307 354 58 1403
307 358 8 781
307 393 43 91
308 80 11 1062
308 85 1 1287
308 87 22 437
308 111 32 544
308 125 7 1028
308 196 58 749
308 249 13 348
308 260 55 1259
308 272 43 1211
308 275 19 984
308 312 37 985
308 348 25 790
308 359 53 1195
308 364 5 540
309 52 49 134
309 53 55 410
309 54 51 728
309 55 2 1214
309 183 31 1035
309 196 15 352
309 304 47 899
309 327 10 57
309 329 22 955
309 389 13 975
309 398 37 827
310 6 49 476
310 29 19 1286
310 45 4 178
310 79 25 868
310 95 37 1138
310 122 59 1220
310 131 13 1424
310 133 1 1089
310 160 22 549
310 163 8 10
310 164 31 454
310 212 55 772
310 299 47 596
311 27 29 529
311 36 15 939
311 54 43 310
311 79 31 1303
311 156 25 846
311 171 19 1356
311 186 8 1404
311 201 49 128
311 274 23 759
311 355 38 852
311 388 55 1360
311 389 17 992
311 390 1 681
312 4 23 715
312 124 25 646
312 137 29 1071
312 173 44 1434
312 191 2 989
312 236 58 1413
312 237 35 481
312 275 52 73
312 324 31 1407
312 329 15 951
312 338 49 23
312 351 19 772
312 363 37 785
313 10 7 1495
313 35 28 1085
313 39 1 83
313 59 22 288
313 85 50 1287
313 145 11 16
313 187 17 122
313 199 19 1015
313 251 34 270
313 284 56 740
313 370 47 872
313 372 5 158
313 393 13 1445
314 40 7 798
314 57 31 150
314 72 4 1087
314 74 11 119
314 117 25 1074
314 119 35 1361
314 209 40 597
314 234 29 340
314 260 37 1409
314 277 22 956
314 283 44 1113
314 315 49 1129
314 320 46 150
314 345 14 145
315 80 35 1062
315 81 57 74
315 138 47 363
315 187 55 923
315 253 21 406
315 265 16 59
315 302 49 1499
315 318 38 297
315 330 31 823
315 342 23 578
315 343 1 1169
316 71 15 1077
316 119 40 157
316 123 19 32
316 144 34 893
316 145 13 951
316 176 47 1192
316 177 31 134
316 272 49 1201
316 312 43 985
316 319 10 1231
316 344 22 609
316 348 55 122
316 394 25 1195
317 51 19 437
317 109 43 1366
317 129 38 521
317 133 46 1201
317 134 55 875
317 140 16 1205
317 148 35 1306
317 173 25 1171
317 233 31 729
317 293 22 141
317 356 11 1432
317 363 13 910
317 380 7 1385
317 398 1 810
318 3 49 267
318 110 59 115
318 117 15 1054
318 134 32 176
318 211 55 1432
318 247 37 226
318 254 47 1402
318 266 8 247
318 285 43 167
318 292 25 53
318 314 19 1071
318 354 1 971
318 362 40 455
319 101 13 627
319 114 31 388
319 122 41 1088
319 128 5 366
319 147 47 1111
319 279 10 528
319 319 7 743
319 324 44 1019
319 325 59 788
319 360 55 133
319 367 34 564
319 370 17 789
319 393 49 951
319 394 1 821
320 20 41 448
320 58 19 938
320 95 55 1138
320 137 29 150
320 144 1 157
320 178 53 1172
320 240 25 1053
320 247 17 470
320 250 37 368
320 282 32 898
320 288 7 102
320 298 27 1224
320 299 11 1080
320 376 59 737
320 391 43 253
321 15 13 233
321 63 22 727
321 64 10 1073
321 67 37 1207
321 143 44 845
321 151 29 586
321 152 49 254
321 204 4 1098
321 218 55 1131
321 332 47 1073
321 346 33 1029
321 379 25 168
322 5 31 666
322 17 28 157
322 44 25 856
322 58 13 481
322 95 49 764
322 128 35 874
322 135 57 1019
322 140 4 147
322 165 19 580
322 246 40 796
322 269 7 715
322 335 17 1169
322 356 23 721
322 379 43 594
323 56 17 131
323 63 4 154
323 100 10 857
323 145 35 951
323 157 46 141
323 252 28 1155
323 257 19 858
323 352 39 1401
323 353 32 434
323 356 59 1230
323 366 7 640
324 27 7 529
324 44 34 772
324 125 55 1238
324 131 3 96
324 135 1 1115
324 159 9 1366
324 242 39 82
324 247 27 1210
324 253 15 406
324 275 21 649
324 277 58 227
324 299 19 1321
324 308 31 535
324 342 13 778
325 8 28 1276
325 13 13 1320
325 39 1 450
325 49 7 88
325 157 53 697
325 165 19 1042
325 208 10 1273
325 237 37 1413
325 259 55 1477
325 260 58 958
325 277 46 474
325 291 49 852
326 3 55 1252
326 8 11 481
326 31 26 604
326 74 44 119
326 92 7 920
326 235 19 1034
326 250 37 208
326 268 31 593
326 299 1 616
326 300 4 183
326 308 14 1178
326 325 35 1419
326 338 16 8
326 358 46 781
326 388 49 779
327 109 31 1388
327 115 5 134
327 135 41 208
327 147 52 602
327 165 13 382
327 194 11 545
327 199 7 1157
327 269 58 662
327 303 27 558
327 342 29 578
327 356 37 428
327 382 23 661
327 393 44 338
328 9 45 946
328 50 7 1482
328 70 37 1453
328 97 51 1010
328 164 19 794
328 187 43 1156
328 203 13 432
328 214 55 125
328 226 58 1102
328 241 10 987
328 270 49 496
328 273 1 661
328 314 26 241
328 323 17 855
328 371 31 424
329 33 22 396
329 51 46 1413
329 99 43 124
329 154 49 850
329 168 1 1159
329 199 16 1015
329 251 28 270
329 264 3 634
329 277 58 474
329 325 31 170
329 366 5 626
329 380 37 1385
329 394 7 1208
330 129 49 1145
330 135 19 745
330 137 10 430
330 247 56 1339
330 278 3 115
330 302 37 817
330 311 1 1423
330 343 7 1389
330 346 41 1029
330 348 14 651
330 376 53 20
330 398 45 905
331 34 10 1106
331 87 25 717
331 130 37 403
331 163 19 10
331 194 4 545
331 198 52 38
331 210 13 922
331 307 46 1409
331 334 31 1453
331 337 41 395
331 361 55 1026
332 5 37 1076
332 99 52 124
332 153 55 446
332 163 15 779
332 236 32 323
332 251 4 408
332 287 13 923
332 325 11 193
332 365 49 1257
332 392 21 921
333 99 22 862
333 100 43 857
333 125 1 1018
333 128 35 624
333 166 4 299
333 226 25 1495
333 236 13 791
333 258 7 448
333 286 19 1157
333 290 57 734
333 325 11 1419
333 326 52 170
333 362 16 293
334 69 19 1119
334 76 25 1117
334 101 49 315
334 124 31 1398
334 166 47 299
334 173 21 378
334 175 43 578
334 230 11 131
334 288 55 988
334 368 17 1332
334 392 39 250
334 398 1 158
335 8 47 481
335 52 23 73
335 56 29 1357
335 74 7 938
335 114 5 283
335 137 9 942
335 158 53 259
335 178 21 1172
335 196 40 413
335 201 16 903
335 227 13 1240
335 232 3 931
335 297 55 1243
335 370 35 789
336 17 52 115
336 69 49 1119
336 78 1 125
336 82 19 365
336 123 13 32
336 136 39 44
336 170 44 374
336 232 25 931
336 309 55 800
336 316 32 97
336 351 7 788
336 355 4 564
337 90 52 1290
337 114 47 283
337 180 40 341
337 190 34 1355
337 201 55 1130
337 260 58 630
337 284 2 740
337 305 19 1020
337 308 23 1392
337 329 37 951
337 339 7 199
337 351 43 1410
337 383 26 705
338 9 13 57
338 49 34 1473
338 90 49 1290
338 103 37 80
338 106 4 136
338 112 19 325
338 199 58 1157
338 200 51 106
338 204 40 779
338 233 55 364
338 267 25 199
338 272 43 89
338 277 31 956
338 397 28 1196
339 15 7 915
339 69 59 1138
339 136 39 966
339 137 5 942
339 143 1 845
339 154 55 230
339 237 47 1332
339 253 43 406
339 273 19 201
339 318 50 794
339 346 3 1029
339 358 28 781
339 368 37 391
340 5 13 1404
340 51 25 1235
340 64 38 344
340 74 59 1284
340 87 51 717
340 113 1 1178
340 123 46 629
340 133 28 1089
340 156 7 83
340 176 49 1116
340 184 4 1384
340 222 41 656
340 325 35 764
340 360 43 107
341 23 16 720
341 49 34 30
341 80 43 361
341 87 4 650
341 125 31 550
341 128 50 1482
341 167 55 579
341 220 25 1134
341 225 20 1108
341 265 58 591
341 278 46 1239
341 300 1 183
341 334 52 36
341 359 11 449
341 372 7 871
342 29 15 1168
342 42 31 1133
342 74 59 810
342 144 34 1089
342 157 21 270
342 210 43 388
342 225 55 472
342 265 52 960
342 307 1 1469
342 328 3 759
342 331 37 1361
342 340 25 14
342 369 39 850
342 398 7 827
343 4 35 808
343 7 49 1429
343 65 55 909
343 103 46 939
343 119 41 947
343 129 19 561
343 155 25 1341
343 164 13 670
343 205 31 138
343 209 27 69
343 232 59 931
343 265 52 335
343 311 17 1124
344 5 37 77
344 38 10 587
344 66 32 1259
344 81 20 587
344 107 13 1208
344 189 55 634
344 223 25 1000
344 228 47 167
344 241 50 874
344 264 59 1045
344 287 45 109
344 329 1 951
344 333 41 53
344 363 7 1156
344 384 4 561
345 4 58 808
345 43 3 1350
345 46 38 1315
345 50 43 508
345 69 5 797
345 107 32 9
345 156 13 1119
345 177 19 473
345 211 25 341
345 245 50 1277
345 258 46 1297
345 283 11 450
345 311 29 753
345 378 9 634
346 7 13 1481
346 10 40 1168
346 77 1 15
346 170 49 1144
346 246 21 796
346 274 29 993
346 297 55 572
346 330 8 727
346 370 35 1284
347 10 37 175
347 30 19 679
347 50 40 885
347 56 51 1311
347 94 53 30
347 124 15 489
347 212 7 778
347 229 55 529
347 244 31 1076
347 265 1 955
347 278 21 1332
347 284 25 561
347 342 49 578
347 368 45 727
348 113 50 881
348 138 35 8
348 145 1 16
348 149 53 1146
348 185 19 537
348 248 7 1298
348 260 43 1347
348 264 10 1210
348 308 28 535
348 335 23 1133
348 353 4 628
348 363 25 785
348 369 14 631
348 398 31 827
349 53 53 1347
349 67 15 889
349 69 29 1418
349 90 41 142
349 142 10 817
349 167 7 1192
349 232 35 931
349 245 1 173
349 249 55 447
349 269 13 662
349 285 25 533
349 333 23 1360
349 337 59 395
350 1 52 1
350 48 29 1371
350 72 4 760
350 117 25 434
350 119 49 105
350 128 17 874
350 137 47 743
350 172 55 1284
350 267 40 170
350 314 7 384
350 334 37 137
350 370 11 900
350 398 19 827
351 57 20 361
351 91 35 87
351 107 13 1219
351 135 47 1019
351 226 7 992
351 233 38 729
351 239 55 456
351 259 28 1477
351 319 1 563
351 325 11 315
351 335 41 1205
351 391 43 960
352 7 44 1429
352 47 41 241
352 119 7 336
352 135 3 316
352 158 11 1236
352 187 17 740
352 213 13 1375
352 245 55 1277
352 264 1 888
352 273 31 136
352 353 25 1140
352 356 23 1461
352 374 50 626
352 376 35 20
353 56 53 1054
353 82 37 1208
353 146 33 590
353 159 13 423
353 174 55 770
353 187 41 259
353 189 45 682
353 210 20 801
353 259 1 753
353 316 25 1186
353 324 10 1019
353 351 49 520
353 363 7 785
354 11 56 549
354 50 13 278
354 81 49 323
354 98 7 1314
354 103 17 80
354 128 5 624
354 180 45 266
354 249 37 550
354 357 1 1431
354 376 19 20
354 378 23 890
354 385 31 874
355 93 46 1474
355 135 35 1115
355 156 49 1062
355 167 57 1192
355 170 22 446
355 189 7 816
355 254 5 1442
355 259 38 1189
355 277 13 881
355 288 1 603
355 342 55 1340
355 347 31 306
355 352 27 527
355 357 43 393
356 64 13 1073
356 139 55 418
356 149 1 1146
356 168 46 1159
356 170 28 1279
356 178 53 1370
356 308 19 1178
356 316 7 631
356 339 31 372
356 351 3 890
356 359 17 1114
357 28 37 1114
357 45 40 866
357 73 5 325
357 74 59 119
357 77 13 538
357 80 33 226
357 135 55 1019
357 171 19 264
357 259 1 1032
357 264 53 1045
357 266 43 247
357 299 23 616
357 327 7 57
357 335 17 693
357 360 46 107
358 80 53 1062
358 133 49 278
358 140 58 1205
358 200 7 1220
358 218 14 657
358 288 4 603
358 300 34 183
358 309 20 1001
358 354 1 227
358 374 25 626
358 382 45 453
359 17 7 1346
359 20 11 825
359 42 52 1199
359 74 5 1198
359 190 43 1355
359 247 13 489
359 254 1 1119
359 258 55 947
359 264 15 921
359 329 34 405
359 363 49 785
359 394 37 68
360 13 37 1261
360 48 35 839
360 52 11 134
360 80 29 881
360 91 5 87
360 108 43 357
360 151 2 249
360 159 55 1180
360 177 22 473
360 241 19 380
360 249 25 1072
360 262 13 597
360 273 49 1335
360 339 7 1024
361 82 19 1058
361 85 32 1238
361 95 55 1111
361 103 43 843
361 132 50 1153
361 186 13 745
361 233 46 376
361 257 7 717
361 267 52 555
361 270 41 494
361 316 26 842
361 368 5 1332
361 392 1 308
362 48 13 650
362 53 31 800
362 94 19 875
362 108 51 979
362 113 43 939
362 124 25 852
362 174 3 732
362 177 58 1489
362 178 49 293
362 197 17 110
362 199 8 1015
362 249 21 409
362 384 40 92
363 51 37 411
363 57 4 1239
363 82 55 1488
363 90 29 454
363 168 11 1020
363 254 7 185
363 255 22 22
363 299 59 616
363 311 9 1124
363 318 16 684
363 331 19 1361
363 339 44 1471
363 393 49 688
364 12 39 141
364 56 7 550
364 124 55 646
364 132 37 1153
364 134 49 356
364 157 43 128
364 161 33 249
364 167 15 206
364 193 1 1392
364 235 13 1034
364 325 11 267
365 34 53 1106
365 36 23 591
365 53 5 1116
365 175 49 1431
365 208 2 861
365 251 40 270
365 256 28 302
365 257 43 869
365 263 19 686
365 302 31 1363
365 335 55 693
365 356 59 136
365 357 46 393
365 389 34 975
366 22 13 543
366 39 7 450
366 91 25 87
366 130 56 403
366 138 5 574
366 142 29 1171
366 207 43 559
366 245 31 1240
366 286 19 651
366 306 52 971
366 334 22 36
366 339 38 1074
366 393 1 353
367 27 41 529
367 39 13 169
367 119 29 947
367 124 32 152
367 142 53 588
367 165 49 580
367 197 25 110
367 237 7 1379
367 238 17 524
367 306 43 454
367 314 9 241
367 323 59 855
367 351 2 1410
367 366 23 626
368 80 19 226
368 90 11 454
368 118 1 415
368 151 55 586
368 165 51 1357
368 171 13 1203
368 194 17 545
368 247 25 473
368 272 7 89
368 299 4 616
368 315 43 1129
368 370 49 900
369 11 43 765
369 12 51 737
369 90 23 1290
369 91 17 87
369 119 47 1114
369 133 58 90
369 196 4 1468
369 208 37 1133
369 243 7 1345
369 275 55 984
369 291 9 846
369 308 19 1392
369 357 25 393
370 8 59 1276
370 60 37 409
370 80 29 1372
370 87 1 1230
370 150 52 1270
370 207 43 521
370 251 16 586
370 253 47 406
370 275 31 984
370 312 25 340
370 321 21 254
370 323 5 855
370 374 7 1038
371 38 16 137
371 43 58 1054
371 62 29 987
371 70 31 640
371 108 2 357
371 110 55 905
371 155 40 1341
371 156 43 16
371 160 23 765
371 166 53 228
371 229 25 529
371 251 19 555
371 327 10 794
371 354 7 227
371 389 49 975
372 38 28 587
372 47 35 688
372 51 25 1413
372 154 31 1419
372 165 13 906
372 239 49 456
372 241 4 874
372 256 19 1094
372 262 46 1347
372 292 39 975
372 327 7 637
372 344 22 843
372 365 43 1257
372 379 55 524
372 384 1 42
373 14 29 560
373 27 46 975
373 32 34 374
373 39 8 573
373 186 49 43
373 196 1 1468
373 204 31 779
373 226 4 704
373 235 39 1034
373 294 19 340
373 307 23 1469
373 373 13 356
373 387 43 1137
374 15 19 105
374 93 44 1135
374 122 17 306
374 152 7 555
374 159 57 302
374 178 52 900
374 190 47 1130
374 199 37 1157
374 219 31 1319
374 222 27 656
374 320 13 388
374 399 49 1455
375 15 4 105
375 33 19 394
375 70 25 720
375 108 9 13
375 146 13 590
375 154 43 888
375 160 7 467
375 176 22 1116
375 233 34 267
375 252 1 142
375 358 31 118
375 379 49 594
376 12 55 1198
376 36 41 1259
376 55 43 1214
376 106 20 136
376 149 47 1146
376 151 4 249
376 171 37 655
376 172 26 1284
376 195 13 243
376 232 52 931
376 275 1 1388
376 302 49 1363
376 340 7 1171
376 378 11 634
376 394 31 656
377 25 19 1304
377 33 43 576
377 51 4 437
377 101 31 627
377 125 7 130
377 134 49 704
377 143 17 1498
377 145 35 666
377 165 37 840
377 224 56 967
377 251 25 270
377 322 46 688
377 340 13 550
378 41 27 213
378 62 25 761
378 87 1 437
378 122 4 1088
378 178 11 418
378 201 22 126
378 222 59 1384
378 269 53 1144
378 291 44 102
378 316 55 596
378 321 9 966
378 340 37 14
378 356 7 428
378 378 17 1409
378 385 31 976
379 29 8 1170
379 37 2 615
379 44 50 53
379 54 25 419
379 60 43 190
379 128 29 1194
379 148 11 1306
379 164 13 1111
379 225 31 1498
379 316 37 1290
379 355 34 1270
379 396 22 1354
380 10 19 449
380 27 37 975
380 28 40 1114
380 80 29 1062
380 110 11 681
380 118 22 415
380 250 31 368
380 290 35 922
380 293 46 615
380 349 1 447
380 356 4 1432
380 361 25 992
380 368 50 391
381 23 55 861
381 103 47 1489
381 106 4 1234
381 130 16 1438
381 132 29 1153
381 192 13 217
381 210 49 922
381 225 7 1174
381 226 10 992
381 228 58 1133
381 244 19 143
381 272 31 1211
381 337 23 1468
381 379 39 524
382 9 9 23
382 12 25 1198
382 38 31 986
382 154 37 759
382 161 4 444
382 222 49 560
382 261 29 834
382 270 7 496
382 283 13 1113
382 372 20 871
382 375 52 864
382 376 41 737
382 378 47 40
382 384 16 512
383 3 49 1252
383 121 17 823
383 123 43 629
383 175 25 73
383 193 7 1334
383 211 20 1347
383 228 11 646
383 285 31 533
383 299 1 489
383 303 39 558
383 306 46 454
383 319 4 555
383 348 56 1160
384 10 14 175
384 49 25 1473
384 77 1 370
384 101 32 315
384 134 19 356
384 153 43 1057
384 179 37 662
384 199 10 1157
384 201 7 6
384 348 49 78
384 374 55 368
385 15 14 105
385 34 7 1026
385 40 34 798
385 166 10 988
385 199 51 1015
385 229 25 204
385 234 29 1277
385 238 3 1115
385 286 22 1157
385 306 40 146
385 324 19 1083
385 328 57 372
385 371 43 424
386 14 4 560
386 118 41 415
386 226 31 738
386 256 16 1483
386 260 55 630
386 296 37 113
386 298 19 1049
386 306 13 527
386 326 25 907
386 327 1 57
386 361 50 992
386 389 23 4
387 30 13 679
387 54 15 628
387 65 1 288
387 94 47 30
387 100 37 857
387 129 26 1324
387 172 43 583
387 195 7 119
387 196 40 352
387 238 23 592
387 248 11 328
387 260 52 958
387 294 19 800
387 322 55 1158
388 14 17 381
388 29 7 167
388 34 13 1443
388 43 11 1054
388 54 31 310
388 56 5 1311
388 77 1 1199
388 90 23 454
388 176 35 1072
388 227 55 118
388 251 37 270
388 255 40 22
388 310 15 1094
388 347 44 1268
388 387 58 1372
389 3 32 1073
389 12 1 88
389 17 19 157
389 57 22 130
389 109 46 1113
389 136 50 793
389 155 10 1341
389 226 38 775
389 243 15 1345
389 253 55 406
389 279 26 539
389 344 58 843
389 376 5 368
389 388 7 470
390 7 31 540
390 87 1 650
390 113 16 1468
390 117 35 775
390 132 41 1153
390 139 45 381
390 151 53 1211
390 187 43 122
390 233 4 419
390 263 8 686
390 357 58 1431
390 393 49 1445
391 8 7 481
391 13 49 808
391 29 25 167
391 81 43 74
391 90 11 370
391 116 31 1039
391 125 1 1183
391 150 4 310
391 172 13 297
391 220 55 972
391 331 39 474
391 384 19 92
391 389 9 975
392 48 47 146
392 101 43 1442
392 146 55 1018
392 157 40 128
392 209 26 1187
392 261 29 1168
392 287 33 939
392 308 1 721
392 334 52 137
392 394 3 656
392 396 22 1315
393 7 4 1137
393 18 7 1423
393 30 45 679
393 75 28 498
393 153 49 1040
393 207 32 712
393 242 19 1220
393 270 59 494
393 307 13 1470
393 324 40 1443
393 330 10 107
393 334 56 1246
393 342 17 984
393 343 37 519
393 362 25 173
394 9 21 946
394 72 55 1294
394 169 11 1239
394 265 1 960
394 270 5 266
394 275 37 89
394 278 31 1332
394 310 53 28
394 339 25 1043
394 348 49 1160
394 354 34 227
394 366 19 923
394 385 7 1315
394 394 43 1195
395 34 13 1106
395 59 11 288
395 65 39 909
395 106 8 1279
395 166 37 228
395 168 1 1275
395 201 25 572
395 240 33 1053
395 258 22 452
395 377 5 82
395 383 55 705
395 400 16 1127
396 70 43 1038
396 74 37 1284
396 114 21 508
396 128 29 624
396 139 56 993
396 190 52 1130
396 238 47 1115
396 284 7 1243
396 302 32 869
396 325 2 1312
396 335 11 1205
396 360 4 1058
396 391 39 384
397 3 7 919
397 8 59 176
397 17 49 1213
397 53 41 408
397 79 31 1426
397 130 17 467
397 131 13 96
397 162 46 1065
397 181 1 1206
397 221 4 523
397 253 57 406
397 345 37 1124
397 356 26 428
397 372 53 896
398 3 49 735
398 34 55 1039
398 97 57 336
398 111 9 20
398 122 53 622
398 135 5 208
398 165 25 1357
398 185 13 537
398 237 23 481
398 250 1 784
398 257 31 614
398 266 34 247
398 277 19 956
398 287 39 939
398 384 45 92
399 174 27 921
399 208 19 1133
399 214 22 413
399 232 1 931
399 247 53 1210
399 248 13 228
399 257 43 614
399 270 35 303
399 271 31 979
399 308 5 535
399 313 37 1247
399 357 10 393
399 368 59 1058
399 389 15 975
400 25 13 1360
400 68 34 973
400 92 56 920
400 130 41 1362
400 155 49 1341
400 177 31 1425
400 212 19 123
400 244 44 193
400 279 37 376
400 299 53 542
400 327 28 956
400 364 3 869
401 51 13 1419
401 87 10 717
401 124 45 1498
401 125 52 1028
401 164 3 1280
401 167 49 92
401 180 55 1370
401 206 58 1407
401 287 43 725
401 293 37 1370
401 302 19 869
401 378 1 40
402 1 22 1
402 14 47 230
402 93 31 76
402 94 35 875
402 173 50 1171
402 187 5 122
402 208 40 1273
402 215 19 762
402 226 55 220
402 263 43 686
402 283 25 1480
402 354 28 227
402 378 37 69
403 7 19 734
403 42 22 504
403 70 31 1038
403 140 40 147
403 147 27 602
403 163 13 868
403 213 46 106
403 218 51 253
403 229 55 204
403 264 17 1210
403 279 10 376
403 374 1 1038
404 136 31 924
404 143 41 1254
404 209 1 1108
404 228 23 1400
404 245 55 1240
404 255 43 22
404 310 9 233
404 326 46 182
404 352 52 249
404 382 35 1402
404 388 4 470
405 2 55 1415
405 13 31 808
405 81 49 946
405 161 19 444
405 177 7 587
405 178 11 1431
405 191 13 190
405 192 43 217
405 193 27 797
405 290 3 336
405 373 37 1049
405 384 46 670
406 62 49 1474
406 64 25 1073
406 69 35 816
406 93 37 1203
406 161 32 562
406 165 19 1357
406 211 51 341
406 233 16 1446
406 288 28 116
406 320 13 1307
406 332 43 1291
406 368 9 391
406 399 2 493
407 32 58 374
407 83 13 120
407 119 55 336
407 156 7 1062
407 184 44 1384
407 222 29 1470
407 233 40 302
407 253 31 406
407 258 26 226
407 299 21 1321
407 351 1 772
407 352 17 1246
407 364 5 993
407 378 11 40
408 12 43 1500
408 41 31 1066
408 48 19 1371
408 74 40 119
408 97 7 454
408 99 57 669
408 117 25 1172
408 134 15 176
408 143 49 264
408 214 37 423
408 234 22 1286
408 284 1 1135
408 339 27 1074
408 375 55 864
409 5 25 649
409 10 37 586
409 113 16 791
409 114 29 598
409 117 23 775
409 128 1 624
409 218 34 637
409 221 10 986
409 223 49 182
409 226 19 154
409 269 7 3
409 281 4 573
409 319 31 563
409 337 47 395
409 339 43 1244
410 49 55 4
410 95 25 764
410 131 44 1172
410 138 23 363
410 142 35 588
410 159 31 1180
410 205 7 138
410 228 53 511
410 245 1 1277
410 252 49 1085
410 268 19 1461
410 276 13 611
410 288 40 562
410 354 37 559
410 396 58 1140
411 49 4 458
411 73 59 325
411 87 7 437
411 117 15 434
411 139 25 381
411 145 43 905
411 178 34 900
411 226 22 1102
411 252 1 1085
411 310 41 1478
411 345 37 74
411 349 10 1493
411 378 47 69
412 2 13 63
412 13 31 926
412 52 55 73
412 65 43 288
412 70 19 1453
412 90 9 1290
412 126 1 373
412 140 37 578
412 187 53 923
412 217 25 28
412 269 17 1144
412 308 29 1178
412 367 11 432
413 3 19 1045
413 17 13 1179
413 18 56 1321
413 136 25 1023
413 190 59 800
413 191 32 1446
413 213 4 18
413 286 37 54
413 351 7 1410
413 360 16 1240
413 377 29 789
414 4 3 1268
414 60 55 409
414 72 8 760
414 166 1 988
414 178 5 124
414 210 49 458
414 242 19 82
414 249 31 1072
414 311 40 753
414 316 14 97
414 325 25 1312
414 338 46 8
414 357 28 393
414 396 43 1140
414 397 37 1196
415 42 37 1312
415 69 41 1119
415 70 49 780
415 120 21 1181
415 133 13 1201
415 136 55 536
415 140 1 1298
415 146 25 590
415 177 16 134
415 194 7 682
415 260 46 436
415 321 53 893
415 355 4 1270
415 365 31 1257
416 24 3 908
416 29 37 1168
416 79 31 1272
416 101 57 1442
416 118 34 415
416 203 52 1284
416 232 27 931
416 247 23 226
416 258 46 315
416 307 40 662
416 312 7 251
416 346 19 1029
416 376 25 1253
416 392 13 131
417 59 35 765
417 130 29 467
417 183 7 1035
417 209 13 1108
417 215 26 762
417 220 31 116
417 256 16 1401
417 276 39 611
417 296 1 113
417 299 11 157
417 321 23 254
417 340 19 14
417 363 52 785
417 382 5 453
418 10 22 1168
418 44 10 596
418 49 55 1054
418 79 37 1272
418 113 4 77
418 155 32 1341
418 158 47 590
418 265 1 1429
418 319 40 743
418 340 49 14
418 368 25 391
418 370 29 872
419 6 13 476
419 67 25 838
419 119 55 1114
419 165 1 436
419 168 46 1081
419 178 17 418
419 221 7 1270
419 259 31 728
419 263 52 686
419 267 10 463
419 292 34 467
419 316 19 631
419 319 37 563
419 362 58 1498
420 51 16 1419
420 52 5 1404
420 65 31 447
420 140 10 578
420 152 43 15
420 162 13 1065
420 163 1 868
420 209 28 1108
420 242 20 774
420 249 55 348
420 284 37 76
420 349 7 410
420 350 50 836
421 69 40 78
421 79 4 1426
421 120 37 1181
421 122 59 918
421 163 31 277
421 169 35 1180
421 172 7 583
421 180 1 773
421 187 23 1187
421 237 11 1174
421 250 19 866
421 278 13 1231
421 298 25 1049
421 327 56 512
421 356 16 1432
422 13 49 637
422 69 17 78
422 103 29 549
422 108 43 666
422 122 11 788
422 157 47 270
422 159 25 1180
422 193 19 169
422 233 34 729
422 314 37 241
422 369 7 220
422 377 23 1057
422 396 31 1140
423 10 43 328
423 18 4 1321
423 57 40 361
423 67 25 1280
423 76 19 1117
423 158 23 573
423 171 7 264
423 193 13 1189
423 274 59 89
423 288 46 909
423 291 50 1024
423 327 1 1366
423 361 32 1401
423 378 17 634
424 57 4 80
424 105 49 159
424 106 58 1234
424 171 13 50
424 176 1 722
424 206 40 28
424 254 47 1442
424 321 35 254
424 322 10 654
424 329 28 955
424 333 21 533
424 348 31 1160
425 56 5 617
425 60 37 565
425 173 1 858
425 175 49 538
425 200 25 1106
425 218 22 579
425 226 16 722
425 272 9 1211
425 277 55 956
425 306 19 126
425 356 35 136
425 358 13 1389
426 4 3 808
426 7 32 1403
426 41 25 10
426 51 39 437
426 60 19 993
426 88 14 904
426 171 49 519
426 307 53 1409
426 342 23 1445
426 359 47 449
426 362 10 1470
426 392 55 131
427 8 53 176
427 38 10 137
427 50 25 885
427 56 19 147
427 72 1 1087
427 132 55 1153
427 159 43 258
427 168 47 559
427 204 7 1301
427 239 37 456
427 250 13 368
427 301 32 783
427 314 21 81
427 360 4 13
428 13 25 1478
428 72 9 1087
428 117 59 850
428 158 29 1236
428 248 19 228
428 254 47 1294
428 280 53 250
428 290 41 734
428 302 34 1303
428 350 37 836
428 372 23 59
428 392 55 62
428 398 1 827
429 42 50 1115
429 97 13 693
429 118 59 415
429 133 45 90
429 157 23 270
429 230 35 349
429 238 33 592
429 271 19 624
429 312 7 985
429 344 1 609
429 351 25 772
429 382 4 641
429 392 55 250
430 47 20 688
430 67 13 18
430 74 35 1198
430 94 47 875
430 122 5 306
430 124 25 489
430 131 49 96
430 163 38 382
430 276 43 611
430 288 7 775
430 290 23 336
430 311 1 1124
430 361 55 761
431 21 1 588
431 56 29 1384
431 87 22 1230
431 182 17 950
431 191 43 1339
431 194 9 682
431 196 31 734
431 235 41 1034
431 293 58 1370
431 306 19 527
431 338 13 23
431 363 25 1156
431 368 55 391
431 372 11 59
432 14 29 230
432 21 19 266
432 32 25 749
432 77 49 328
432 111 55 32
432 126 33 373
432 168 4 1020
432 178 40 293
432 214 1 91
432 258 37 1297
432 335 44 938
432 373 8 1049
433 2 7 678
433 5 31 1287
433 11 19 1394
433 89 1 1439
433 192 58 217
433 206 28 32
433 207 49 640
433 234 13 340
433 243 11 1345
433 267 37 1480
433 292 16 53
433 369 43 597
434 25 27 1304
434 35 31 1335
434 36 23 1259
434 84 55 422
434 122 19 306
434 166 17 228
434 198 49 1140
434 200 37 106
434 204 4 551
434 207 13 1397
434 322 34 524
434 358 1 241
434 374 43 368
434 396 7 1140
435 62 1 629
435 64 49 973
435 79 38 868
435 103 29 1489
435 154 31 1320
435 175 7 1431
435 177 22 1112
435 188 25 1162
435 294 13 263
435 351 55 788
435 354 43 971
435 364 3 1351
436 8 13 176
436 108 15 1400
436 124 7 489
436 155 3 1341
436 170 19 1144
436 180 43 1370
436 186 37 1286
436 236 58 1221
436 267 49 1480
436 268 26 1127
436 371 32 862
437 29 46 695
437 45 4 152
437 95 26 1111
437 181 37 1206
437 190 13 1130
437 195 9 1298
437 217 55 1311
437 268 50 1461
437 292 31 53
437 299 19 489
437 326 1 170
437 367 7 1359
437 371 15 81
438 12 25 737
438 117 41 1172
438 157 23 1106
438 192 1 217
438 206 46 1254
438 242 31 1220
438 268 49 352
438 300 16 183
438 366 11 923
438 383 19 705
438 385 7 335
438 386 55 1427
438 393 37 1445
439 7 13 844
439 107 9 1370
439 112 55 325
439 128 52 366
439 141 40 217
439 149 3 1146
439 158 59 356
439 217 44 1014
439 236 37 791
439 242 31 26
439 246 25 796
439 293 20 54
439 335 29 1205
440 12 2 1434
440 57 22 989
440 68 7 973
440 69 49 1340
440 169 47 1354
440 182 33 950
440 184 19 958
440 206 10 579
440 228 29 646
440 269 35 1386
440 310 41 233
440 349 43 1493
440 352 26 816
441 30 32 679
441 79 19 1168
441 96 4 439
441 135 27 496
441 147 9 602
441 170 13 821
441 176 39 1116
441 235 34 1034
441 240 41 1053
441 277 52 227
441 331 47 1361
441 378 7 40
442 20 58 1272
442 23 22 761
442 67 13 1207
442 71 31 496
442 148 49 1087
442 179 4 695
442 184 28 958
442 229 7 1193
442 337 17 395
442 357 1 651
442 363 34 1381
442 386 37 1427
442 396 19 1354
443 18 31 1321
443 21 1 1402
443 131 55 902
443 182 41 950
443 195 49 344
443 223 37 182
443 241 43 874
443 245 19 134
443 337 35 395
443 351 25 520
443 360 13 133
443 369 7 850
443 389 29 992
444 23 58 861
444 25 31 1360
444 46 25 1061
444 80 3 361
444 147 35 602
444 151 39 249
444 182 29 950
444 212 43 572
444 224 7 885
444 282 52 898
444 283 5 450
444 335 13 182
444 394 19 848
445 17 34 1213
445 41 37 1064
445 72 21 760
445 79 1 1438
445 122 29 1088
445 159 13 1180
445 171 7 1203
445 210 25 388
445 215 55 762
445 307 19 1469
445 332 49 1291
445 348 44 432
445 358 4 106
446 14 35 428
446 30 25 679
446 54 20 628
446 56 49 1131
446 95 13 946
446 158 5 1010
446 173 27 1404
446 177 1 1425
446 186 31 43
446 268 7 246
446 271 43 624
446 333 47 1360
446 346 11 1029
446 367 53 564
446 397 40 1196
447 10 55 175
447 37 49 125
447 39 31 790
447 101 1 315
447 131 7 96
447 160 5 549
447 196 25 591
447 210 37 458
447 213 13 1401
447 255 16 22
447 272 19 1201
447 303 47 558
447 305 43 557
448 22 26 543
448 28 49 1187
448 120 40 1181
448 136 3 966
448 167 43 133
448 171 31 1203
448 177 13 1425
448 243 47 1345
448 288 58 603
448 307 16 1469
448 308 35 535
448 342 52 1432
448 344 37 1253
448 399 55 170
449 45 58 152
449 52 21 44
449 125 13 1028
449 134 49 176
449 171 1 1356
449 186 43 458
449 226 16 410
449 256 31 1094
449 258 34 698
449 283 55 233
449 284 37 539
449 345 25 145
449 356 47 721
450 6 37 476
450 21 31 588
450 94 5 557
450 129 1 521
450 137 15 295
450 142 19 1171
450 143 10 176
450 203 52 423
450 230 35 1407
450 270 47 494
450 278 28 698
450 279 25 970
450 285 43 766
450 290 13 336
450 316 21 842
451 44 40 603
451 57 7 989
451 65 57 306
451 85 43 363
451 103 11 939
451 124 1 1082
451 157 23 697
451 163 19 1200
451 180 13 177
451 218 34 1244
451 288 16 116
451 300 31 183
451 390 49 681
452 50 7 278
452 54 57 310
452 65 45 1225
452 222 23 656
452 264 5 1045
452 265 13 335
452 281 1 1235
452 287 16 923
452 294 50 800
452 328 19 725
452 346 21 1029
452 399 10 1455
453 83 37 120
453 135 53 988
453 157 19 141
453 190 1 1130
453 201 3 1130
453 210 21 1322
453 220 13 1500
453 290 17 246
453 345 25 1124
453 387 55 791
453 388 10 1018
454 28 20 1114
454 29 31 1168
454 64 25 1303
454 65 37 1036
454 93 1 107
454 134 45 1054
454 138 34 1299
454 142 43 1168
454 163 50 116
454 241 13 874
454 254 4 185
454 329 7 955
454 332 17 1291
454 336 11 172
455 17 34 119
455 40 52 798
455 80 7 226
455 106 16 1234
455 148 49 295
455 152 55 555
455 162 22 1065
455 169 41 1180
455 201 28 568
455 212 1 1249
455 365 25 1257
455 398 43 437
456 12 14 1198
456 17 37 1174
456 22 19 543
456 28 10 1423
456 44 34 1327
456 50 43 842
456 65 1 1043
456 123 31 629
456 178 47 418
456 229 49 529
456 264 5 921
456 268 25 789
456 277 7 881
456 311 29 1124
457 8 1 481
457 10 22 175
457 32 46 1372
457 57 19 989
457 64 49 1303
457 116 3 919
457 125 40 1238
457 209 55 496
457 228 17 1297
457 306 37 527
457 312 33 1187
457 339 7 372
457 372 53 59
458 2 38 1032
458 8 59 1438
458 35 43 352
458 63 1 154
458 89 13 1439
458 124 49 1402
458 133 25 640
458 143 35 264
458 160 53 875
458 293 4 141
458 311 22 428
458 329 19 951
458 394 7 918
458 400 31 1199
459 20 45 1272
459 37 7 615
459 42 28 1299
459 66 56 1493
459 74 47 119
459 142 40 817
459 198 1 536
459 223 49 959
459 226 13 220
459 238 22 1115
459 304 17 899
459 326 34 1155
459 333 11 533
459 353 19 173
459 378 4 1409
460 16 10 1012
460 21 15 202
460 69 26 78
460 78 31 110
460 175 1 578
460 179 28 714
460 207 19 813
460 226 43 220
460 228 13 167
460 244 38 612
460 312 55 1187
460 330 7 413
460 398 49 810
461 38 39 1081
461 95 1 764
461 114 35 508
461 141 10 217
461 146 19 313
461 206 46 636
461 219 52 1319
461 230 37 1407
461 236 31 68
461 271 13 813
461 300 28 183
461 325 17 170
461 391 55 727
462 13 37 1478
462 15 34 233
462 113 43 791
462 144 25 1348
462 257 1 786
462 266 46 247
462 267 16 555
462 289 49 894
462 294 7 1293
462 319 31 576
462 347 55 432
462 361 19 417
462 376 23 646
463 28 37 1273
463 35 13 128
463 44 31 772
463 47 7 474
463 93 34 199
463 118 4 415
463 128 1 1482
463 169 19 508
463 179 9 1397
463 279 16 376
463 303 22 558
463 374 26 693
464 62 23 629
464 63 4 727
464 108 56 748
464 273 13 201
464 308 41 535
464 329 20 1481
464 367 8 472
464 376 10 544
464 390 37 681
464 393 43 1445
465 36 11 1259
465 58 37 545
465 59 59 765
465 90 49 370
465 122 35 1088
465 158 52 590
465 258 45 448
465 271 25 624
465 314 19 1279
465 328 5 759
465 345 7 1383
466 44 28 316
466 140 25 147
466 204 43 738
466 208 22 1273
466 217 38 300
466 243 57 1345
466 268 31 352
466 285 49 270
466 333 35 533
466 364 47 993
466 371 7 605
466 374 1 1210
466 393 14 363
466 396 19 1432
467 56 4 1131
467 90 2 1290
467 150 19 348
467 171 49 1203
467 224 33 1081
467 230 59 479
467 235 47 1034
467 246 16 796
467 249 43 1455
467 250 7 368
467 263 40 686
467 290 29 1406
467 333 53 533
467 344 37 1200
467 368 57 391
468 21 49 588
468 47 23 436
468 89 37 1439
468 94 41 557
468 133 33 90
468 138 4 1251
468 146 13 154
468 192 19 217
468 198 58 720
468 318 1 290
468 321 7 714
468 357 27 915
468 376 17 1116
469 26 8 1126
469 72 31 1294
469 87 3 631
469 140 34 1058
469 154 43 759
469 172 55 268
469 178 17 896
469 187 52 1187
469 213 13 624
469 222 23 42
469 334 49 1299
469 337 59 394
469 345 38 145
469 376 1 20
470 94 31 128
470 108 1 748
470 124 19 1402
470 221 39 500
470 254 56 1119
470 264 5 1210
470 286 58 283
470 297 13 1075
470 299 35 596
470 331 17 474
470 356 47 1432
470 387 7 1268
471 105 32 159
471 133 9 640
471 186 55 43
471 209 45 1477
471 215 1 762
471 254 17 1442
471 264 41 579
471 287 7 109
471 303 25 558
471 321 38 1396
471 324 13 1019
471 348 49 122
471 354 4 1403
471 393 27 353
472 41 7 298
472 74 29 1198
472 75 25 498
472 97 38 1075
472 135 21 1019
472 143 4 1498
472 213 43 764
472 250 55 1452
472 260 1 1347
472 274 23 356
472 373 13 1112
472 385 31 1315
473 8 23 176
473 53 25 1192
473 78 4 424
473 93 16 1474
473 135 59 1019
473 156 43 735
473 169 35 1354
473 209 8 1108
473 247 11 226
473 320 1 245
473 348 19 769
473 377 47 835
473 388 50 1360
474 3 7 68
474 17 43 157
474 32 19 835
474 148 17 1170
474 153 49 557
474 165 13 580
474 199 40 1263
474 252 1 1155
474 255 46 22
474 297 31 77
474 333 25 1360
474 345 55 1124
474 368 27 391
475 29 2 1286
475 53 29 408
475 54 7 193
475 67 25 773
475 90 47 729
475 164 32 69
475 171 49 603
475 184 16 303
475 208 43 861
475 319 13 1366
475 354 37 971
475 370 41 872
475 371 55 1386
475 376 20 1116
476 52 17 609
476 95 1 1194
476 101 13 418
476 130 19 403
476 134 55 852
476 208 31 1273
476 262 37 357
476 267 40 1480
476 293 43 141
476 308 7 1392
476 311 5 753
476 398 50 1014
477 10 7 1168
477 20 55 448
477 43 41 655
477 45 52 866
477 129 26 823
477 153 37 557
477 162 34 1065
477 165 19 906
477 203 57 583
477 234 31 1286
477 245 2 737
477 294 43 1293
477 339 14 1244
477 355 49 1270
478 16 46 1012
478 29 43 580
478 32 49 374
478 49 13 30
478 54 37 1425
478 71 19 1077
478 157 31 1372
478 176 53 1192
478 242 55 82
478 260 10 1388
478 272 25 826
479 14 41 230
479 26 55 1126
479 43 5 655
479 52 47 134
479 97 33 1010
479 158 29 1010
479 189 51 629
479 191 13 1332
479 193 37 1392
479 262 22 825
479 264 3 888
479 320 26 753
479 332 59 697
479 379 43 118
479 392 7 131
480 6 19 476
480 47 41 380
480 71 17 1077
480 115 53 538
480 134 25 875
480 160 46 549
480 187 59 1187
480 193 55 254
480 197 23 493
480 281 7 511
480 302 33 817
480 318 14 449
480 341 3 259
480 369 37 631
480 376 29 737
481 34 29 1399
481 58 49 340
481 60 37 1372
481 78 19 856
481 93 14 199
481 180 25 853
481 206 46 1407
481 224 43 885
481 243 5 1345
481 297 31 1075
481 305 1 1269
481 319 10 38
481 335 23 512
482 4 19 715
482 125 43 1238
482 180 1 1443
482 184 56 428
482 190 23 800
482 196 37 352
482 214 25 293
482 291 7 947
482 332 5 1268
482 345 13 1383
482 387 28 791
482 389 17 975
483 18 21 1423
483 53 17 1347
483 80 59 1062
483 97 13 871
483 171 1 1226
483 200 7 106
483 268 31 246
483 273 43 201
483 297 37 630
483 319 28 38
483 370 5 789
484 79 9 1272
484 101 19 1442
484 119 35 336
484 133 38 520
484 137 17 942
484 167 43 579
484 177 2 1076
484 194 46 1351
484 212 57 670
484 265 13 862
484 303 53 558
484 309 26 338
484 333 31 393
484 394 49 1398
485 29 31 1170
485 70 37 606
485 108 57 1400
485 116 4 853
485 131 27 1172
485 168 55 1020
485 176 23 1192
485 181 13 1206
485 193 49 1392
485 324 43 907
485 328 21 1355
485 336 7 172
485 338 46 1221
485 355 34 540
486 13 55 780
486 69 43 78
486 150 16 204
486 152 19 1376
486 155 45 1341
486 182 1 950
486 204 34 1098
486 218 4 253
486 253 27 406
486 292 13 467
486 329 52 1481
486 347 7 28
486 348 38 651
487 11 55 826
487 34 9 1026
487 36 23 51
487 56 29 1311
487 115 41 1426
487 156 31 1119
487 173 49 1470
487 189 37 693
487 206 20 636
487 261 35 185
487 305 43 1269
487 341 25 1371
487 361 13 1026
487 366 5 1199
487 383 1 705
488 8 53 1445
488 34 29 1106
488 56 35 1357
488 80 4 640
488 87 19 1230
488 95 7 1138
488 142 47 1168
488 144 1 562
488 147 41 602
488 224 22 885
488 364 11 540
488 369 43 59
488 382 59 54
489 21 37 953
489 87 7 650
489 167 22 92
489 176 29 1359
489 203 10 423
489 207 55 559
489 281 16 573
489 285 25 1194
489 300 49 183
489 303 3 558
489 307 47 662
489 312 43 1187
489 333 59 154
489 342 34 856
490 72 51 1087
490 81 1 1301
490 103 35 80
490 109 19 1389
490 149 43 1146
490 153 45 568
490 160 5 875
490 175 7 789
490 199 37 140
490 207 55 813
490 243 29 1345
490 262 40 411
490 267 22 170
490 305 13 955
490 315 25 1129
491 7 34 1137
491 13 25 1236
491 20 53 448
491 46 13 83
491 54 37 728
491 59 5 816
491 130 7 1366
491 182 23 950
491 228 49 1311
491 246 55 796
491 289 1 894
491 349 10 123
491 379 19 118
491 397 46 1196
492 29 46 1286
492 32 7 1235
492 41 31 479
492 48 41 839
492 57 55 150
492 75 19 498
492 119 53 947
492 157 50 697
492 208 43 1273
492 320 25 1307
492 330 10 413
492 335 5 1429
492 342 37 437
492 388 2 1311
492 400 58 36
493 56 7 1311
493 63 16 1136
493 95 1 542
493 131 19 50
493 149 35 1146
493 157 53 1372
493 160 9 875
493 226 13 1495
493 257 25 1039
493 287 55 606
493 321 47 893
493 349 43 409
494 2 21 1415
494 5 25 77
494 52 19 44
494 69 29 78
494 85 7 1287
494 104 52 1147
494 127 38 90
494 156 44 528
494 181 56 1206
494 229 31 3
494 277 49 956
494 294 1 263
494 354 15 971
495 32 46 178
495 76 55 1117
495 95 37 764
495 114 11 508
495 177 28 1425
495 207 31 1276
495 214 43 245
495 276 19 611
495 362 25 748
495 364 5 1040
495 366 8 1199
495 379 1 168
495 387 14 1268
495 392 49 984
496 3 55 735
496 65 43 846
496 140 16 147
496 175 25 142
496 196 4 1438
496 220 31 845
496 229 8 204
496 270 1 924
496 282 49 898
496 293 13 152
496 294 38 560
496 307 59 1409
496 310 22 1094
496 328 47 97
496 336 52 172
497 10 43 586
497 40 25 798
497 63 31 769
497 67 13 312
497 81 55 109
497 97 37 336
497 117 2 1172
497 145 53 951
497 158 35 356
497 206 28 636
497 270 23 494
497 291 7 858
497 372 5 896
498 9 49 508
498 17 4 903
498 20 57 975
498 36 53 51
498 66 15 1259
498 125 1 1238
498 130 7 362
498 169 41 1354
498 207 37 445
498 279 22 455
498 342 19 1340
498 378 47 634
498 382 45 1077
498 384 34 299
499 92 37 920
499 93 28 107
499 94 45 128
499 114 47 388
499 140 10 910
499 168 23 1159
499 180 4 177
499 229 19 1193
499 268 32 1461
499 285 55 966
499 286 7 1445
499 316 49 57
499 352 41 249
500 21 1 953
500 24 31 908
500 32 28 1429
500 110 11 245
500 134 51 967
500 138 5 1339
500 153 7 1023
500 256 25 1401
500 290 43 1240
500 293 40 1370
500 316 33 1290
500 334 55 36
500 400 13 1127
501 43 31 1054
501 127 43 90
501 146 49 926
501 147 41 1111
501 157 16 270
501 174 33 921
501 179 22 430
501 182 4 950
501 225 26 1174
501 226 1 1102
501 247 9 226
501 309 37 1213
501 314 45 530
501 372 29 871
501 374 56 955
502 14 11 381
502 57 58 1293
502 68 34 115
502 83 1 120
502 93 40 107
502 135 47 208
502 245 25 134
502 271 49 1038
502 298 5 1038
502 373 7 1114
503 17 37 119
503 33 4 394
503 57 50 1293
503 62 1 766
503 148 29 1170
503 175 7 1471
503 181 19 1206
503 201 22 1130
503 213 32 38
503 289 56 894
503 290 35 1240
503 363 14 785
503 368 11 1332
504 9 7 348
504 46 39 464
504 87 31 650
504 106 46 1234
504 107 19 1208
504 238 17 592
504 269 23 1134
504 270 37 303
504 290 29 246
504 337 27 395
504 348 1 1160
504 351 49 9
504 390 13 681
505 20 59 872
505 64 13 1303
505 66 49 1259
505 101 1 1442
505 163 26 1270
505 226 22 154
505 237 17 1191
505 245 31 1277
505 249 8 409
505 265 38 335
505 287 47 606
505 332 35 697
505 356 5 1461
505 396 44 1354
506 64 46 520
506 81 13 587
506 122 23 693
506 124 31 1082
506 174 19 39
506 184 38 16
506 195 50 303
506 199 57 1015
506 206 43 28
506 287 55 725
506 288 4 1312
506 310 29 1478
506 326 1 182
506 369 7 59
507 40 1 798
507 127 7 90
507 132 35 1153
507 150 43 808
507 159 26 288
507 165 9 1357
507 254 17 1119
507 260 49 909
507 284 31 539
507 316 13 842
507 362 38 912
508 18 25 1254
508 47 29 436
508 53 43 1307
508 59 5 888
508 80 34 1131
508 147 23 602
508 157 41 288
508 177 10 1112
508 186 56 124
508 206 19 579
508 232 50 931
508 331 17 681
508 351 37 774
509 70 25 515
509 80 2 226
509 110 5 905
509 247 17 1339
509 254 10 1119
509 256 55 551
509 267 7 1480
509 278 52 544
509 282 37 898
509 288 49 1094
509 300 21 183
509 311 59 428
509 314 43 241
509 318 34 449
510 5 25 467
510 60 49 1372
510 137 23 1071
510 138 1 1251
510 176 47 1116
510 207 55 141
510 247 21 226
510 261 41 834
510 277 7 572
510 278 4 544
510 312 15 985
510 347 43 839
510 366 34 1199
510 371 37 1162
511 12 50 37
511 30 9 679
511 47 4 474
511 63 19 727
511 113 40 1468
511 279 13 528
511 330 22 1131
511 334 37 1340
511 345 25 1383
511 346 17 1029
511 347 57 839
511 359 7 1072
511 377 47 335
511 387 1 597
512 53 5 800
512 110 1 1499
512 134 15 875
512 168 59 1020
512 247 43 226
512 273 27 738
512 290 25 922
512 294 55 1291
512 320 22 297
512 341 38 1249
512 349 7 835
512 400 45 1199
513 5 56 1076
513 51 32 1087
513 105 37 159
513 117 17 850
513 118 25 415
513 121 27 434
513 140 19 910
513 160 1 549
513 223 7 51
513 298 3 1049
513 309 43 1213
513 343 13 519
513 367 47 1272
514 19 25 855
514 20 39 448
514 21 14 1038
514 107 33 1201
514 125 58 1183
514 174 43 1294
514 196 52 591
514 236 55 1355
514 248 31 228
514 288 3 988
514 310 23 1478
514 329 10 955
514 373 19 268
515 29 46 580
515 53 35 408
515 57 19 80
515 68 13 924
515 118 37 415
515 119 57 105
515 184 22 958
515 255 4 22
515 259 7 728
515 274 11 759
515 294 25 560
515 298 43 1049
515 308 1 535
515 342 40 1340
516 52 13 609
516 146 15 313
516 151 27 586
516 163 19 277
516 172 33 896
516 187 31 740
516 203 4 583
516 282 43 898
516 284 37 544
516 306 10 527
516 318 1 449
516 344 55 609
516 395 49 804
517 7 3 448
517 32 34 1144
517 50 28 278
517 78 21 424
517 86 49 1325
517 147 25 602
517 195 55 119
517 224 43 1081
517 247 19 1431
517 252 10 1085
517 279 40 376
517 286 13 374
517 356 1 1432
517 370 17 900
518 21 55 1075
518 41 27 479
518 42 43 1312
518 45 10 636
518 51 13 1346
518 77 37 538
518 114 1 283
518 180 46 1443
518 189 31 1077
518 213 7 624
518 214 4 413
518 225 16 828
518 312 50 786
518 345 19 145
518 372 25 1159
519 4 5 1023
519 25 13 1304
519 33 1 394
519 87 40 1399
519 131 31 1172
519 168 29 1020
519 172 57 396
519 207 49 445
519 212 19 947
519 241 25 380
519 324 37 907
519 332 23 1291
519 338 7 1396
519 346 46 1029
520 11 25 1446
520 85 19 363
520 129 1 1306
520 149 49 1146
520 199 31 1015
520 210 43 30
520 218 37 637
520 245 13 737
520 256 34 769
520 275 40 89
520 281 7 821
520 348 55 790
520 356 23 136
521 5 49 669
521 12 26 1500
521 65 19 447
521 101 45 207
521 108 1 666
521 120 23 1181
521 138 59 761
521 139 13 539
521 251 10 115
521 255 34 22
521 311 43 753
521 394 39 843
522 20 23 448
522 80 53 361
522 100 1 857
522 108 37 748
522 116 28 853
522 143 13 845
522 200 31 1127
522 249 19 1455
522 256 43 302
522 261 55 900
522 302 25 869
522 324 4 747
522 371 15 424
522 385 7 545
523 105 1 159
523 106 49 136
523 180 37 341
523 197 59 38
523 214 52 565
523 231 26 1163
523 265 40 59
523 270 45 303
523 334 10 1340
523 387 7 597
524 28 28 1114
524 51 52 1419
524 78 56 110
524 87 49 650
524 95 19 1138
524 114 16 388
524 188 37 910
524 190 47 10
524 213 25 715
524 244 8 612
524 340 31 622
524 366 45 923
524 379 1 438
525 34 47 1040
525 38 13 540
525 110 41 681
525 117 35 434
525 128 49 1194
525 149 39 1146
525 177 19 1112
525 193 9 254
525 287 53 109
525 314 31 241
525 321 17 254
525 359 29 1072
525 363 43 740
525 369 25 59
525 388 58 779
526 53 53 408
526 69 43 1340
526 74 46 1376
526 88 19 904
526 124 25 1402
526 146 37 926
526 243 1 1345
526 328 23 1058
526 337 15 395
526 363 58 1381
526 369 31 597
526 377 17 1057
526 387 10 1137
526 396 49 1100
527 38 40 986
527 44 55 856
527 101 7 627
527 109 49 1113
527 123 16 32
527 224 13 525
527 244 1 612
527 249 31 781
527 270 23 924
527 271 45 1426
527 318 52 748
527 379 19 594
528 64 10 310
528 68 7 115
528 106 1 1279
528 108 49 357
528 125 20 1238
528 186 55 1286
528 200 44 1315
528 207 25 141
528 217 13 563
528 287 23 109
528 315 38 1129
528 321 29 254
528 348 31 472
529 8 35 960
529 38 10 1158
529 133 49 428
529 134 26 1054
529 162 31 1065
529 190 5 10
529 196 46 734
529 256 22 259
529 257 13 786
529 260 55 958
529 269 7 662
529 287 3 939
529 366 16 1199
530 39 31 450
530 43 59 655
530 53 47 800
530 67 27 103
530 92 19 920
530 99 10 729
530 107 15 167
530 156 50 1276
530 157 25 128
530 166 41 228
530 169 1 1180
530 204 7 779
530 252 55 185
530 280 23 250
530 338 38 23
531 9 7 1429
531 26 43 1126
531 32 25 1144
531 139 56 450
531 146 49 154
531 156 19 1062
531 160 23 467
531 180 13 42
531 223 1 959
531 274 35 993
531 288 37 988
532 21 13 588
532 38 28 1081
532 43 2 1054
532 118 49 415
532 137 11 942
532 217 19 1498
532 257 31 419
532 259 25 1477
532 269 37 1386
532 311 5 1124
532 379 7 118
533 13 7 1236
533 75 34 498
533 95 13 542
533 108 25 1400
533 116 1 1039
533 169 59 1180
533 172 37 583
533 197 11 493
533 200 49 1198
533 248 41 103
533 264 22 1210
533 322 19 1359
533 377 47 597
534 8 9 481
534 59 1 361
534 66 19 770
534 152 43 254
534 250 3 1473
534 306 55 527
534 314 13 1071
534 345 31 74
534 353 28 971
534 375 39 864
534 380 49 1385
534 387 25 300
535 6 31 476
535 14 7 560
535 17 22 1287
535 21 55 588
535 91 44 87
535 99 13 1413
535 178 29 124
535 219 10 1319
535 285 3 533
535 300 52 183
535 308 16 721
535 331 35 525
535 394 25 454
535 396 19 781
536 70 37 780
536 93 46 1203
536 114 25 353
536 125 13 130
536 130 11 403
536 158 17 1236
536 168 41 1020
536 268 55 593
536 285 27 40
536 287 59 725
536 339 19 1024
536 398 31 297
537 9 31 394
537 66 26 1237
537 74 9 938
537 149 11 1146
537 209 49 1419
537 211 55 91
537 222 20 1470
537 228 53 1400
537 230 14 1407
537 253 3 406
537 263 22 686
537 298 1 1224
537 331 16 1361
537 345 37 1383
538 60 25 487
538 71 33 1286
538 123 4 110
538 127 59 519
538 135 23 208
538 165 19 436
538 234 35 340
538 264 37 843
538 288 10 603
538 326 13 1155
538 333 45 53
538 356 47 428
538 360 16 133
538 367 31 564
539 7 10 1186
539 56 37 1018
539 64 7 1073
539 85 55 640
539 114 52 353
539 128 41 1194
539 132 39 1153
539 163 25 303
539 176 29 1192
539 178 23 1370
539 204 43 779
539 211 1 364
539 226 32 1102
539 278 19 698
539 379 13 168
540 9 55 57
540 69 29 1119
540 79 1 8
540 102 19 1173
540 130 7 78
540 132 46 1153
540 147 37 602
540 197 17 1397
540 226 4 1102
540 288 25 988
540 298 11 74
541 63 4 1489
541 114 39 353
541 136 13 966
541 161 22 444
541 171 7 50
541 241 25 384
541 283 57 233
541 328 29 759
541 332 41 1268
541 376 31 1116
541 394 49 1195
541 395 43 804
542 41 49 10
542 42 57 530
542 101 26 1442
542 176 53 545
542 195 1 844
542 222 13 204
542 225 37 750
542 237 35 1379
542 290 41 336
542 307 5 1076
542 326 10 1155
542 328 55 372
542 378 20 69
542 385 44 545
543 14 17 295
543 17 19 1362
543 124 13 646
543 137 59 942
543 140 38 1205
543 160 41 765
543 181 49 1206
543 191 25 6
543 221 4 500
543 250 7 866
543 304 57 899
543 308 35 1178
543 351 31 788
543 384 1 1363
544 34 29 1039
544 38 44 587
544 77 31 15
544 137 5 295
544 138 35 761
544 164 7 1111
544 165 56 1357
544 225 52 1108
544 235 17 1034
544 288 22 562
544 312 25 444
544 343 37 1481
545 2 1 1262
545 115 29 1426
545 169 17 1354
545 186 31 124
545 188 55 890
545 247 53 470
545 248 5 228
545 260 40 725
545 266 26 247
545 288 7 1106
545 306 50 1192
545 400 46 1299
546 1 4 1
546 34 47 268
546 66 25 1259
546 151 35 586
546 158 53 573
546 195 38 1298
546 203 49 423
546 234 11 1277
546 256 13 259
546 289 43 894
546 363 1 1156
546 392 19 250
546 397 31 1196
547 20 9 825
547 68 58 1236
547 70 1 1453
547 105 43 159
547 107 49 1370
547 149 14 1146
547 150 22 348
547 198 28 304
547 200 31 1198
547 219 37 1319
547 320 19 753
547 355 16 54
548 58 25 938
548 68 19 300
548 72 31 573
548 101 7 418
548 122 5 788
548 152 43 915
548 184 55 303
548 187 47 1187
548 222 49 1384
548 227 52 605
548 297 37 243
548 299 59 596
548 330 16 1131
548 393 1 1332
549 28 57 1114
549 37 25 1456
549 59 49 361
549 109 43 712
549 153 13 1057
549 170 37 624
549 182 35 950
549 249 31 1470
549 267 4 1480
549 276 7 611
549 310 19 1363
549 329 1 1481
549 347 51 1268
549 353 21 1252
549 368 11 1235
550 34 11 1040
550 56 38 1311
550 58 25 411
550 68 4 1252
550 70 57 834
550 78 49 464
550 81 19 323
550 160 7 622
550 220 15 845
550 228 55 1400
550 240 53 1053
550 269 1 662
550 344 40 609
551 14 5 146
551 20 35 825
551 28 31 1114
551 109 21 1366
551 157 29 6
551 208 52 1133
551 218 56 1406
551 254 17 1294
551 256 26 1483
551 269 11 878
551 305 37 1020
551 357 7 393
551 363 2 785
551 391 44 942
552 17 31 1213
552 74 23 119
552 109 10 266
552 145 3 658
552 158 59 573
552 183 13 1035
552 220 55 845
552 237 53 1174
552 254 5 1402
552 344 34 609
552 359 1 432
553 48 29 839
553 52 47 1404
553 142 5 588
553 200 25 1119
553 211 19 616
553 228 23 511
553 232 40 931
553 236 37 1355
553 259 10 1477
553 261 31 105
553 274 59 1074
553 285 51 1194
553 340 33 290
553 351 55 9
553 397 1 1196
554 18 7 1321
554 42 49 1199
554 50 26 940
554 144 10 1346
554 176 34 1116
554 224 16 525
554 236 31 109
554 256 20 1483
554 294 37 1293
554 323 53 855
554 361 1 1063
554 363 46 1381
554 376 57 1155
555 1 49 1
555 24 59 908
555 33 56 394
555 74 53 119
555 111 9 1191
555 140 20 942
555 168 47 1020
555 219 16 1319
555 248 23 103
555 285 37 533
555 292 13 53
555 335 25 1429
555 356 32 1432
555 365 34 1257
555 387 28 300
556 51 58 1087
556 68 49 1236
556 81 44 323
556 96 10 439
556 106 13 1008
556 153 31 193
556 186 27 712
556 191 1 1339
556 325 41 315
556 360 52 295
556 363 7 740
556 365 37 1257
556 378 25 69
557 32 32 178
557 96 43 439
557 116 13 1100
557 208 46 1133
557 221 26 986
557 236 16 1302
557 286 55 1445
557 324 49 393
557 356 5 428
557 359 3 1072
557 368 11 1058
557 382 29 453
557 398 7 1014
557 400 58 956
558 11 19 286
558 57 49 1296
558 111 25 1430
558 186 1 43
558 204 10 205
558 212 32 670
558 222 29 204
558 256 46 302
558 279 7 455
558 284 55 544
558 329 43 951
558 338 13 698
558 348 37 1160
559 1 44 1
559 14 13 146
559 35 52 1205
559 90 41 729
559 94 31 557
559 147 50 602
559 149 55 1146
559 167 58 92
559 173 26 123
559 199 37 1263
559 237 47 1174
559 323 35 855
559 353 10 885
559 373 1 1315
560 59 5 743
560 62 19 629
560 210 37 1280
560 217 26 645
560 242 7 408
560 262 32 825
560 325 59 193
560 337 17 1381
560 366 55 1199
560 367 50 817
560 384 21 586
560 394 13 1195
560 396 1 781
561 21 1 266
561 29 7 1286
561 30 56 679
561 42 22 530
561 62 49 521
561 71 10 1077
561 110 20 115
561 116 16 1386
561 155 43 1341
561 166 33 988
561 191 26 989
561 227 13 605
561 236 40 1355
561 388 58 1360
562 39 13 344
562 95 43 542
562 111 49 32
562 207 7 1291
562 209 1 496
562 220 38 972
562 228 57 1297
562 241 34 612
562 250 25 368
562 341 21 1371
562 368 4 1136
563 7 40 1186
563 22 55 543
563 31 13 604
563 97 19 35
563 160 35 634
563 171 2 286
563 189 31 370
563 233 25 268
563 242 51 82
563 336 9 172
563 354 43 227
563 384 28 299
563 399 37 721
564 12 13 1434
564 103 11 1000
564 159 50 1180
564 186 25 43
564 187 31 122
564 197 23 1024
564 252 4 1155
564 344 40 1253
564 354 37 1403
564 359 17 1195
564 362 55 1396
564 364 29 540
564 373 45 1049
565 4 17 808
565 15 43 1108
565 41 1 479
565 42 55 1115
565 114 23 508
565 133 46 515
565 140 37 147
565 157 35 92
565 191 13 989
565 195 19 1468
565 250 31 208
565 269 29 1386
565 307 40 1469
565 318 25 684
565 367 59 23
566 4 43 715
566 30 51 679
566 51 4 1393
566 95 15 1106
566 103 13 939
566 106 25 1279
566 156 45 1062
566 175 56 789
566 201 1 6
566 266 40 247
566 315 31 1129
566 341 19 684
566 373 7 356
567 18 43 1254
567 69 46 1406
567 109 31 759
567 120 34 1181
567 169 11 1180
567 185 1 537
567 209 38 924
567 213 56 842
567 222 5 42
567 232 29 931
567 284 49 988
567 317 13 1079
567 348 21 1178
568 49 22 30
568 119 17 947
568 122 5 918
568 136 1 1023
568 138 40 363
568 195 25 1298
568 214 58 125
568 222 13 656
568 225 37 1498
568 247 10 1339
568 285 49 533
568 287 20 939
569 77 7 370
569 111 37 1191
569 124 13 1498
569 125 1 130
569 134 21 704
569 159 43 1180
569 221 57 1376
569 222 17 42
569 325 27 1312
569 332 53 989
569 345 31 145
569 363 49 1381
569 366 25 1434
570 46 13 1061
570 65 25 447
570 75 31 498
570 120 43 1181
570 169 53 852
570 228 37 511
570 244 56 1023
570 247 5 473
570 264 29 1210
570 280 35 250
570 290 39 1406
570 294 19 1293
570 316 49 842
570 341 1 175
571 45 37 178
571 54 13 728
571 169 55 1239
571 194 59 682
571 227 4 1240
571 329 40 1481
571 337 43 395
571 338 25 698
571 357 1 393
571 368 35 727
571 372 10 1159
571 382 47 1077
572 47 27 688
572 58 55 411
572 94 5 128
572 168 13 1159
572 172 1 896
572 174 7 770
572 181 40 1206
572 210 31 230
572 222 11 656
572 235 53 1034
572 330 37 727
572 349 50 835
572 357 22 393
572 373 43 1114
573 10 56 1389
573 15 1 233
573 21 13 953
573 49 7 30
573 57 22 279
573 86 31 1325
573 104 37 1147
573 138 53 761
573 176 4 1297
573 225 50 453
573 247 20 1210
573 270 43 266
573 311 41 1124
573 373 45 356
574 71 37 496
574 76 1 1117
574 81 31 615
574 120 49 1181
574 155 13 1341
574 213 19 381
574 225 40 463
574 227 52 1240
574 229 44 697
574 246 58 796
574 251 16 115
574 253 23 406
574 270 5 924
574 322 25 669
575 9 31 303
575 16 19 1012
575 46 55 376
575 56 13 1311
575 99 9 715
575 133 25 278
575 139 49 622
575 148 23 1087
575 274 1 89
575 310 35 28
575 337 29 395
575 361 38 1026
575 368 15 391
575 384 43 1363
576 7 43 1186
576 70 14 515
576 79 55 720
576 98 37 1314
576 100 19 857
576 148 25 413
576 157 2 141
576 178 5 748
576 243 41 1345
576 250 49 208
576 252 10 185
576 368 29 727
576 374 31 955
577 52 53 609
577 68 16 924
577 72 34 760
577 80 13 1351
577 108 37 13
577 122 23 918
577 145 29 951
577 242 25 1246
577 248 19 1355
577 279 43 376
577 343 46 588
577 367 7 890
577 375 41 864
577 394 55 821
578 82 7 139
578 110 3 1499
578 119 35 1452
578 121 52 89
578 122 19 1088
578 188 37 494
578 197 27 110
578 216 58 373
578 264 29 850
578 265 15 960
578 287 11 1220
578 316 21 596
579 63 49 1082
579 66 19 1259
579 118 57 415
579 164 37 1141
579 211 26 616
579 284 13 740
579 294 1 1291
579 311 17 428
579 320 46 297
579 326 34 907
579 353 9 434
580 27 13 972
580 44 40 596
580 49 10 725
580 106 7 961
580 133 25 90
580 144 52 1348
580 153 32 1023
580 170 19 446
580 217 56 103
580 233 49 268
580 249 1 196
580 278 28 786
580 391 15 548
580 394 43 918
581 10 40 328
581 12 31 37
581 62 58 1474
581 68 4 973
581 114 17 508
581 130 35 1438
581 150 7 976
581 175 19 789
581 247 25 1210
581 250 51 1452
581 302 43 817
581 320 28 1307
581 343 10 588
581 346 15 1029
582 18 16 1261
582 47 53 241
582 77 31 915
582 90 41 1290
582 124 37 1082
582 206 19 1254
582 211 26 91
582 253 49 406
582 262 1 1195
582 272 7 9
582 287 4 205
582 306 46 126
582 346 13 1029
582 397 55 1196
583 17 37 157
583 18 43 1321
583 42 7 1299
583 99 16 750
583 110 35 681
583 142 57 1168
583 191 27 1339
583 247 59 1210
583 297 31 1354
583 331 41 1357
583 352 25 527
583 372 53 871
583 373 1 1112
583 400 46 36
584 29 34 1170
584 72 14 1294
584 117 21 850
584 161 49 481
584 238 47 592
584 271 37 813
584 274 23 1483
584 282 25 898
584 315 7 1129
584 343 43 588
584 370 19 1284
584 393 1 363
585 38 37 986
585 59 53 288
585 82 14 1098
585 95 31 80
585 132 10 1153
585 160 41 549
585 235 49 1034
585 238 3 45
585 268 25 352
585 278 46 1231
585 340 55 1154
585 354 43 1403
585 362 7 569
585 379 19 524
586 23 52 720
586 47 11 766
586 50 16 278
586 57 37 361
586 122 47 918
586 135 5 88
586 148 44 1170
586 179 34 1453
586 207 19 712
586 223 1 160
586 236 28 988
586 287 9 923
586 376 59 368
586 396 40 781
587 10 28 1389
587 12 57 1434
587 50 43 278
587 86 37 1325
587 146 2 590
587 197 11 110
587 230 26 1474
587 234 35 1207
587 245 49 173
587 259 22 728
587 279 7 376
587 307 53 842
587 335 19 1205
587 400 31 36
588 5 43 145
588 67 8 838
588 95 20 1194
588 99 28 1235
588 108 55 666
588 136 49 942
588 146 31 1048
588 246 1 796
588 269 53 878
588 272 13 9
588 279 25 376
588 302 38 1499
589 8 5 176
589 52 53 44
589 65 20 40
589 69 35 78
589 196 13 734
589 244 37 1023
589 320 43 297
589 326 7 170
589 368 51 1474
589 391 25 727
590 41 25 20
590 69 11 797
590 117 55 775
590 121 41 823
590 137 51 430
590 153 1 446
590 171 57 286
590 193 21 1077
590 198 32 536
590 211 43 364
590 270 5 303
590 338 37 698
590 371 13 557
590 393 7 353
591 81 1 323
591 158 5 1236
591 164 19 1179
591 184 58 303
591 210 49 388
591 236 34 68
591 280 11 250
591 294 25 1291
591 304 53 899
591 343 7 519
591 347 37 306
591 365 55 1257
591 384 13 586
591 392 43 1226
592 29 56 1170
592 46 49 1315
592 106 22 1234
592 143 41 297
592 158 47 573
592 170 8 1144
592 193 31 1392
592 227 25 68
592 274 43 356
592 324 28 1443
592 348 1 122
592 392 13 250
593 193 49 1077
593 212 43 872
593 246 10 796
593 266 55 247
593 272 19 1151
593 283 1 96
593 284 31 205
593 311 47 1124
593 337 23 1262
593 344 13 843
593 357 7 80
593 387 4 597
593 396 16 1100
593 399 25 1135
594 46 50 1221
594 64 19 1073
594 67 31 18
594 111 37 20
594 186 43 43
594 191 13 1334
594 256 1 1401
594 258 58 947
594 356 9 428
594 357 4 393
594 378 29 890
594 384 55 92
595 64 13 973
595 69 53 78
595 110 23 681
595 142 55 177
595 197 46 493
595 238 5 592
595 242 49 26
595 244 25 612
595 256 34 1094
595 278 38 1231
595 290 59 734
595 331 19 474
595 335 16 1133
595 349 1 410
596 97 26 336
596 116 15 1423
596 187 13 1183
596 239 19 456
596 251 49 177
596 277 34 881
596 299 47 542
596 300 7 183
596 329 4 951
596 337 23 395
596 343 1 519
596 360 10 295
597 5 15 579
597 142 31 817
597 166 43 921
597 168 34 559
597 170 55 1144
597 218 26 253
597 221 9 1376
597 236 45 1302
597 298 13 1224
597 327 37 794
597 335 52 512
597 338 1 23
597 400 49 1127
598 10 57 586
598 69 35 1340
598 122 55 306
598 137 53 1071
598 159 37 551
598 170 19 900
598 244 44 1076
598 260 31 62
598 267 22 199
598 302 4 817
598 368 11 391
598 385 25 874
599 24 23 908
599 30 34 679
599 44 16 596
599 65 45 622
599 165 1 382
599 188 51 1162
599 214 58 293
599 232 7 931
599 233 37 302
599 262 55 825
599 271 25 1426
599 272 19 1383
599 322 31 1158
599 359 43 1072
600 58 33 938
600 106 10 1234
600 136 19 654
600 140 4 1205
600 147 43 602
600 168 45 1020
600 228 13 1400
600 281 1 573
600 322 49 1379
600 325 17 1312
600 368 47 125
600 374 38 626
600 389 29 525
600 392 56 228
601 14 51 560
601 62 47 766
601 106 43 1234
601 114 7 598
601 132 13 1153
601 211 25 637
601 277 38 956
601 311 59 1124
601 320 22 150
601 334 55 1299
601 345 1 74
601 369 9 1233
601 398 15 827
602 8 1 176
602 48 35 146
602 70 39 1038
602 97 31 693
602 119 27 1361
602 154 55 715
602 197 25 1066
602 257 4 786
602 287 37 939
602 324 19 907
602 344 49 1253
602 345 7 145
602 354 16 1403
602 375 13 864
603 53 47 408
603 121 17 434
603 123 4 32
603 175 19 538
603 236 13 1355
603 238 11 592
603 263 28 686
603 277 8 956
603 305 50 1020
603 312 31 985
603 316 55 631
603 367 23 23
603 368 1 391
603 391 37 253
604 87 16 1230
604 103 41 96
604 116 58 1445
604 165 37 580
604 182 43 950
604 188 19 494
604 194 35 545
604 228 25 1471
604 233 32 302
604 327 10 4
604 392 27 250
605 13 56 1261
605 48 53 650
605 94 3 128
605 189 49 1389
605 204 7 1098
605 217 43 592
605 245 37 1277
605 250 13 1452
605 253 35 406
605 257 22 1396
605 325 41 1419
606 11 19 1446
606 32 40 178
606 71 1 1077
606 74 35 797
606 95 43 1111
606 133 3 1275
606 162 7 1065
606 246 31 796
606 291 49 947
606 306 58 793
606 312 25 1045
606 368 29 391
606 376 47 544
607 33 55 1371
607 58 49 875
607 66 39 1350
607 100 4 857
607 151 17 670
607 222 7 656
607 260 9 1347
607 281 19 511
607 322 1 1158
607 351 31 1410
607 352 35 527
607 362 13 293
607 387 46 1137
608 10 4 328
608 23 19 720
608 47 53 688
608 48 25 26
608 63 9 1474
608 87 28 717
608 158 59 590
608 225 1 749
608 277 13 956
608 314 55 1071
608 343 16 519
608 358 22 781
608 368 45 391
609 2 51 63
609 11 55 333
609 42 37 530
609 68 16 230
609 164 43 3
609 166 7 228
609 171 25 1203
609 225 22 453
609 258 13 1297
609 290 9 336
609 339 1 1074
609 347 31 839
609 384 19 42
610 27 11 778
610 90 23 1340
610 186 37 124
610 195 19 1298
610 214 25 125
610 215 13 762
610 221 4 986
610 265 55 960
610 275 58 984
610 341 31 684
610 388 16 1083
610 398 50 110
611 12 49 141
611 15 27 233
611 77 31 1200
611 93 43 1203
611 107 21 757
611 144 10 1089
611 178 13 900
611 182 25 950
611 193 3 362
611 225 15 1183
611 229 55 697
611 260 46 62
611 270 1 303
611 343 40 588
612 41 7 213
612 127 23 519
612 128 59 366
612 135 55 208
612 151 16 249
612 152 43 835
612 155 1 1341
612 238 11 45
612 294 51 1291
612 335 29 938
612 355 4 852
612 392 25 131
612 400 19 36
613 12 37 737
613 20 15 825
613 32 28 473
613 97 1 189
613 124 55 743
613 133 49 515
613 140 21 1205
613 166 53 299
613 175 32 142
613 238 41 592
613 319 43 38
613 342 17 1445
613 360 25 295
613 368 19 391
614 11 26 175
614 54 31 606
614 58 19 4
614 63 1 1136
614 94 4 30
614 129 13 1306
614 145 59 905
614 186 49 1404
614 235 37 1034
614 264 35 1210
614 288 7 1094
614 299 47 489
614 321 23 299
614 368 53 125
614 386 43 1427
615 8 37 960
615 30 5 679
615 49 10 700
615 138 53 363
615 179 43 1453
615 195 31 293
615 228 19 167
615 233 1 729
615 234 17 1207
615 297 49 572
615 340 13 622
615 349 55 1469
615 358 22 106
615 400 7 36
616 15 13 1327
616 24 46 908
616 27 11 1138
616 48 23 650
616 49 19 30
616 62 7 26
616 111 3 20
616 122 35 1220
616 168 9 559
616 188 31 766
616 208 16 463
616 237 59 1174
616 246 49 796
616 330 40 1307
616 361 55 455
617 15 22 105
617 66 43 1259
617 94 35 128
617 100 49 857
617 111 31 32
617 160 29 622
617 168 3 559
617 301 7 783
617 323 47 855
617 332 19 697
617 347 55 1303
617 360 16 365
617 378 13 630
618 20 35 1272
618 32 28 374
618 47 23 688
618 67 31 1207
618 123 46 32
618 173 13 378
618 192 25 217
618 204 10 1098
618 254 58 185
618 267 37 170
618 291 19 283
618 334 3 1340
619 25 51 651
619 34 47 1106
619 57 55 1293
619 101 19 210
619 127 11 90
619 195 37 154
619 197 23 38
619 275 4 73
619 302 16 1499
619 305 43 955
619 324 13 1083
619 350 7 836
619 361 25 1169
619 391 31 384
620 12 43 37
620 68 37 115
620 113 13 1468
620 125 4 130
620 196 52 1438
620 217 31 300
620 223 19 51
620 225 16 1102
620 245 55 737
620 288 1 1094
620 312 7 516
620 349 49 1469
620 371 25 605
621 30 41 679
621 44 4 1238
621 47 37 688
621 109 7 266
621 128 55 1194
621 129 49 1306
621 159 25 277
621 196 10 1438
621 201 1 572
621 208 57 463
621 231 19 1163
621 342 17 437
621 350 43 836
621 360 31 1058
621 373 13 1114
622 32 16 394
622 40 4 798
622 51 43 1304
622 54 38 628
622 63 31 381
622 68 10 973
622 72 19 1294
622 138 55 1251
622 144 28 1348
622 158 34 1396
622 255 57 22
622 290 8 922
622 303 14 558
622 344 46 1284
622 353 22 6
623 1 34 1
623 54 27 728
623 98 49 1314
623 179 22 8
623 211 13 91
623 228 5 646
623 235 57 1034
623 237 53 1332
623 250 1 1232
623 259 45 479
623 316 37 57
623 343 10 519
623 368 43 727
623 372 31 896
624 39 38 573
624 58 55 1200
624 79 26 1168
624 91 51 87
624 134 3 598
624 169 11 1452
624 243 59 1345
624 290 1 734
624 300 44 183
624 329 22 951
624 333 35 1360
624 358 14 781
625 39 25 83
625 67 37 103
625 68 58 973
625 71 41 1077
625 90 29 142
625 262 52 1321
625 285 31 1040
625 290 11 336
625 312 7 1409
625 339 19 1244
625 373 1 207
625 396 13 1432
626 48 23 839
626 49 25 725
626 51 55 1087
626 102 49 1173
626 143 4 297
626 149 9 1146
626 155 38 1341
626 307 19 842
626 328 29 97
626 367 1 890
626 390 43 681
627 41 33 1243
627 52 31 44
627 86 44 1325
627 95 49 472
627 96 19 439
627 114 27 542
627 140 7 910
627 160 53 549
627 188 15 494
627 227 10 1240
627 262 56 489
627 365 40 1257
627 368 29 1332
628 7 58 527
628 41 13 10
628 57 37 150
628 76 31 1117
628 87 44 1230
628 97 1 460
628 102 25 1173
628 112 7 325
628 167 40 1192
628 201 22 128
628 288 52 909
628 331 47 241
629 12 19 1198
629 38 43 986
629 66 37 258
629 136 55 1169
629 157 33 128
629 184 51 1355
629 251 13 270
629 275 25 1388
629 299 5 1080
629 309 9 747
629 336 16 172
629 358 2 684
629 376 7 20
630 17 26 119
630 25 49 487
630 30 1 679
630 67 56 18
630 117 21 434
630 134 37 1054
630 157 19 270
630 193 31 411
630 261 43 105
630 294 45 1291
630 319 16 576
630 322 3 1471
630 327 13 794
631 16 16 1012
631 27 1 972
631 103 35 96
631 131 25 1424
631 147 29 444
631 152 39 254
631 170 55 1296
631 176 45 1116
631 239 7 456
631 242 19 650
631 255 13 22
631 259 4 1032
631 319 58 1231
631 333 53 53
631 341 49 1249
632 42 28 530
632 70 13 1453
632 82 49 887
632 145 1 905
632 169 57 1239
632 173 43 617
632 229 19 529
632 288 4 1094
632 322 7 1158
632 327 10 512
632 331 53 474
632 340 37 290
632 395 31 804
632 397 25 1196
633 196 25 1468
633 233 10 196
633 234 53 340
633 236 40 988
633 246 4 796
633 294 43 800
633 296 13 113
633 328 37 372
633 329 7 951
633 333 17 1360
633 361 19 472
633 367 35 220
634 21 15 1476
634 53 19 669
634 79 8 303
634 153 25 1057
634 161 55 249
634 173 39 1071
634 187 47 1183
634 240 13 1053
634 284 2 76
634 310 43 233
634 320 31 245
634 331 11 1301
634 372 45 871
634 392 50 131
634 400 58 1299
635 44 49 1130
635 53 47 1162
635 54 43 606
635 65 25 909
635 77 13 15
635 122 17 918
635 147 7 602
635 171 19 519
635 203 58 750
635 209 52 496
635 260 37 245
635 278 34 786
635 294 1 553
635 351 9 890
635 384 40 1363
636 17 33 157
636 24 49 908
636 167 55 206
636 174 51 732
636 211 39 80
636 219 7 1319
636 228 47 511
636 292 28 1351
636 307 3 1469
636 309 19 970
636 324 25 1019
636 333 37 141
636 348 13 122
636 369 43 1210
636 387 10 597
637 101 31 1442
637 106 46 136
637 137 13 150
637 169 55 1354
637 187 23 740
637 218 7 1271
637 222 29 42
637 257 16 1039
637 262 19 190
637 268 49 789
637 280 3 250
637 286 37 592
637 288 10 619
637 309 57 1251
638 32 13 394
638 65 1 306
638 71 26 1286
638 135 16 1019
638 136 20 793
638 203 28 1066
638 206 34 1254
638 223 55 304
638 241 43 380
638 275 31 73
638 302 46 1499
638 326 10 170
638 348 37 418
638 349 7 123
638 399 52 1455
639 28 25 1114
639 53 59 1347
639 64 55 973
639 136 9 44
639 165 37 1357
639 177 34 1425
639 188 49 494
639 217 43 1088
639 233 1 419
639 298 5 1049
639 387 13 1372
639 400 16 1310
640 31 55 604
640 33 44 394
640 88 31 904
640 118 39 415
640 178 52 293
640 180 13 1370
640 232 21 931
640 256 28 1401
640 279 10 539
640 349 4 410
640 377 35 1057
641 23 26 1200
641 37 39 1376
641 50 22 278
641 103 59 80
641 118 19 415
641 140 43 1424
641 179 7 430
641 242 1 82
641 245 55 624
641 261 5 834
641 278 10 500
641 279 51 376
641 304 37 899
641 327 31 512
642 1 7 1
642 25 37 246
642 38 25 587
642 52 13 44
642 79 1 1272
642 166 41 921
642 207 55 712
642 239 43 456
642 257 34 614
642 265 4 335
642 354 16 227
642 358 28 118
643 1 28 1
643 14 31 428
643 49 34 725
643 78 52 130
643 178 5 900
643 183 25 1035
643 228 59 646
643 263 46 686
643 285 7 533
643 367 21 432
643 378 41 890
644 5 19 1263
644 20 23 769
644 51 31 1413
644 54 45 966
644 59 13 361
644 102 37 1173
644 135 43 1115
644 138 11 363
644 167 51 1489
644 194 7 1351
644 218 15 505
644 263 25 686
644 296 55 113
644 363 28 785
644 386 1 1427
645 10 1 1168
645 24 37 908
645 32 28 394
645 42 16 1299
645 79 43 436
645 96 13 439
645 122 35 306
645 124 20 1082
645 213 7 1375
645 256 51 1401
645 278 25 1231
645 292 40 467
646 1 31 1
646 21 37 83
646 95 49 1111
646 96 58 439
646 124 1 984
646 143 53 1254
646 158 35 1236
646 162 10 1065
646 164 13 992
646 168 23 1020
646 174 27 1294
646 248 41 1073
646 283 25 233
646 356 5 721
646 376 17 544
647 56 41 1054
647 67 37 773
647 68 16 220
647 85 49 1238
647 171 31 286
647 187 29 923
647 211 43 793
647 307 13 1469
647 336 55 172
647 341 1 1454
647 360 58 107
647 362 22 1470
647 386 7 1427
647 392 25 62
648 5 3 1180
648 46 55 1315
648 58 19 545
648 109 37 1113
648 111 43 1324
648 154 31 850
648 187 29 1183
648 212 15 749
648 214 26 1080
648 270 7 924
648 332 13 1291
648 338 10 698
648 356 1 428
648 377 35 335
649 35 1 503
649 38 19 986
649 69 47 1418
649 95 57 542
649 118 45 415
649 175 31 578
649 195 49 1298
649 261 15 185
649 294 25 1293
649 295 17 1026
649 303 5 558
649 338 10 8
650 15 22 619
650 32 4 374
650 79 19 279
650 133 52 90
650 169 29 1452
650 186 55 636
650 203 40 204
650 225 10 750
650 258 1 452
650 294 13 1392
650 304 25 899
650 334 49 36
650 359 59 1235
651 7 46 1186
651 38 55 137
651 46 31 1384
651 51 1 411
651 69 59 1418
651 82 19 234
651 99 13 715
651 183 40 1035
651 249 50 781
651 290 28 922
651 376 10 1116
652 7 25 1403
652 50 34 885
652 55 7 1214
652 78 13 856
652 120 11 1181
652 162 1 1065
652 168 16 559
652 200 51 1351
652 243 39 1345
652 247 4 226
652 298 19 1038
652 356 49 1230
653 2 51 304
653 24 41 908
653 78 31 856
653 91 49 87
653 120 27 1181
653 148 11 919
653 220 20 1419
653 230 5 479
653 260 7 245
653 271 56 976
653 307 29 662
653 319 34 378
653 329 46 951
653 331 25 1361
654 38 46 137
654 108 1 979
654 129 33 568
654 150 43 670
654 164 20 872
654 254 17 839
654 261 55 105
654 285 13 533
654 294 9 800
654 347 37 839
654 366 57 1199
654 398 26 437
655 2 3 58
655 21 7 1476
655 25 51 702
655 28 19 170
655 30 49 679
655 35 46 1335
655 60 13 993
655 90 11 1203
655 120 58 1181
655 130 1 362
655 165 31 1357
655 187 17 264
655 234 35 1277
655 355 25 564
655 360 43 1058
656 10 40 578
656 37 31 655
656 62 14 629
656 74 5 810
656 150 19 146
656 198 22 536
656 209 28 597
656 214 16 1080
656 241 1 206
656 272 43 1263
656 274 59 759
656 375 11 864
657 47 29 688
657 54 25 966
657 60 33 1372
657 113 1 97
657 115 41 538
657 125 49 130
657 145 16 666
657 178 31 900
657 230 7 186
657 238 5 1115
657 263 57 686
657 270 9 924
657 320 22 1307
657 335 39 938
658 124 55 1473
658 127 35 519
658 135 16 1115
658 172 31 583
658 188 43 662
658 198 13 1062
658 219 1 1319
658 245 7 704
658 259 52 1477
658 264 4 843
658 288 37 603
658 331 29 681
658 337 20 395
658 355 40 564
658 379 25 594
659 3 49 1045
659 124 7 852
659 160 3 549
659 163 37 10
659 188 43 890
659 257 58 717
659 291 25 942
659 324 55 1407
659 374 21 1038
659 385 31 335
659 391 14 1085
660 5 49 579
660 18 4 1138
660 45 44 152
660 50 58 278
660 59 41 353
660 74 17 797
660 129 13 665
660 222 11 1384
660 243 37 1345
660 265 31 263
660 293 22 366
660 376 35 1253
660 392 7 554
661 51 4 1235
661 138 17 1251
661 166 11 228
661 169 59 1239
661 196 34 734
661 213 22 1401
661 217 13 887
661 228 40 1133
661 230 9 186
661 233 25 302
661 266 51 247
661 319 1 576
661 341 55 341
661 376 43 1116
662 59 35 743
662 69 59 1469
662 113 22 1140
662 132 33 1153
662 168 31 559
662 193 43 1189
662 267 1 464
662 275 16 1388
662 310 29 1363
662 314 55 1393
662 325 47 1307
662 334 52 1246
662 339 25 372
662 345 37 1059
662 394 9 843
663 45 13 178
663 227 40 605
663 231 31 1163
663 235 43 1034
663 315 19 1129
663 319 4 563
663 320 7 150
663 326 55 907
663 332 47 785
663 384 1 1500
663 389 51 975
664 27 15 529
664 53 59 1085
664 60 19 1189
664 93 34 107
664 178 5 1431
664 265 28 591
664 277 10 881
664 328 47 372
664 338 7 1221
664 352 37 1401
664 358 25 1398
664 370 23 789
664 389 3 975
665 19 20 855
665 74 25 797
665 95 49 542
665 135 35 1172
665 140 13 1205
665 167 31 445
665 195 55 154
665 241 10 874
665 245 43 134
665 267 16 1235
665 274 47 759
665 319 4 38
665 320 28 297
665 369 37 1210
666 16 13 1012
666 28 46 1273
666 31 8 604
666 32 19 749
666 50 55 278
666 69 49 106
666 82 1 365
666 138 29 363
666 147 31 602
666 155 16 1341
666 166 39 228
666 174 33 876
666 397 58 1196
667 21 13 1001
667 46 19 1221
667 51 58 1304
667 59 51 361
667 79 34 1426
667 182 31 950
667 217 25 887
667 221 4 1376
667 282 10 898
667 290 17 336
667 304 45 899
667 372 1 732
667 382 43 453
667 385 37 976
668 55 49 1214
668 77 55 574
668 93 43 140
668 138 28 8
668 139 37 366
668 179 31 430
668 230 41 131
668 241 22 380
668 247 17 1404
668 257 46 1396
668 271 7 1426
668 282 19 898
668 316 13 1348
669 24 29 908
669 70 1 720
669 105 25 159
669 125 10 1028
669 128 47 366
669 174 37 770
669 248 49 628
669 287 16 109
669 320 7 1307
669 330 34 1307
669 344 52 1253
669 363 19 740
669 373 55 1207
669 399 13 1362
670 58 7 1134
670 128 17 1194
670 134 55 500
670 194 27 545
670 198 46 536
670 199 2 1015
670 224 49 525
670 241 43 612
670 257 31 786
670 305 21 535
670 309 13 747
670 331 35 474
670 351 37 9
670 372 41 1159
671 4 7 790
671 91 40 87
671 122 53 306
671 138 46 761
671 151 19 586
671 199 25 1015
671 201 10 6
671 203 37 1410
671 234 59 1286
671 260 43 1409
671 316 2 842
671 372 34 1159
672 68 52 1236
672 88 43 904
672 130 20 1438
672 139 55 940
672 141 37 217
672 159 7 1113
672 241 22 874
672 242 1 774
672 274 5 356
672 294 31 1293
672 303 16 558
672 306 13 1192
672 341 25 834
673 3 13 735
673 56 17 1018
673 59 35 888
673 116 49 1039
673 122 53 1088
673 133 46 410
673 156 31 528
673 182 27 950
673 186 21 1063
673 247 19 1404
673 250 1 368
673 283 59 96
673 349 10 835
673 367 41 23
673 380 55 1385
674 108 32 748
674 120 47 1181
674 146 13 1018
674 154 8 1316
674 170 43 1144
674 180 4 773
674 191 37 1254
674 214 55 293
674 269 1 878
674 305 26 1024
674 344 19 1253
674 363 49 1156
674 376 17 124
675 34 55 1443
675 64 52 368
675 165 7 382
675 204 49 62
675 210 1 801
675 218 28 410
675 248 25 228
675 330 34 823
675 335 47 1205
675 339 39 372
675 368 43 391
675 379 13 594
676 43 53 1350
676 46 31 1024
676 64 4 637
676 93 22 810
676 96 39 439
676 111 27 405
676 137 37 1071
676 154 43 700
676 208 10 861
676 256 49 1483
676 274 47 1028
676 286 55 592
676 287 59 109
676 332 17 785
676 389 35 813
677 2 7 1032
677 26 1 1126
677 49 56 700
677 50 46 885
677 59 5 288
677 136 13 654
677 159 32 1366
677 224 19 885
677 249 37 454
677 336 28 172
677 342 50 856
677 343 43 1389
677 344 22 1253
677 388 25 779
678 4 59 790
678 29 49 1286
678 34 11 1399
678 132 25 1153
678 143 23 1498
678 245 7 134
678 278 40 793
678 279 14 970
678 282 28 898
678 325 53 764
678 340 1 14
678 369 55 1210
678 376 47 737
678 399 31 1193
679 63 56 1082
679 95 20 764
679 164 31 872
679 183 51 1035
679 211 37 1362
679 284 8 591
679 298 29 919
679 308 5 1178
679 312 43 1207
679 341 25 1249
679 345 14 1059
679 374 1 626
680 25 1 1304
680 60 55 1191
680 66 19 185
680 69 5 1418
680 112 13 325
680 176 53 1297
680 214 28 234
680 223 49 51
680 247 33 1210
680 312 7 786
680 326 43 1155
680 334 25 1299
680 379 37 118
681 20 17 825
681 33 13 396
681 70 21 606
681 81 49 587
681 89 8 1439
681 190 53 10
681 207 55 408
681 238 19 592
681 251 3 270
681 262 37 597
681 302 43 1303
681 325 29 315
681 349 25 410
682 37 19 775
682 47 17 688
682 52 53 1404
682 67 39 838
682 168 29 576
682 172 55 1080
682 193 43 797
682 256 31 1270
682 304 10 899
682 333 37 393
682 334 7 1340
682 340 25 290
682 378 1 1409
682 399 13 493
683 66 49 185
683 137 59 1071
683 162 25 1065
683 242 13 1246
683 258 55 766
683 267 10 1480
683 269 17 878
683 345 19 74
683 349 1 123
683 363 37 1135
683 371 31 1162
683 378 40 1409
684 35 10 352
684 72 22 1294
684 83 49 120
684 107 44 1208
684 125 1 1252
684 167 37 92
684 227 28 158
684 271 31 624
684 287 7 487
684 300 40 183
684 312 55 1409
684 327 25 794
684 342 35 437
684 349 4 123
684 383 13 705
685 7 55 915
685 58 50 4
685 95 19 1106
685 99 32 715
685 144 40 893
685 157 9 128
685 167 16 445
685 250 43 1232
685 260 58 1259
685 272 1 702
685 301 25 783
685 310 29 1296
685 362 13 82
686 24 5 908
686 71 17 1286
686 78 31 778
686 151 58 249
686 184 34 455
686 187 14 1187
686 195 25 1406
686 254 1 1211
686 294 37 1100
686 308 11 535
686 375 22 864
686 381 7 261
687 3 51 729
687 23 7 1135
687 95 55 764
687 128 4 1359
687 211 37 616
687 259 34 1032
687 264 13 579
687 270 29 266
687 325 49 1312
687 353 1 628
687 355 26 627
687 358 10 1398
687 364 47 1276
688 10 25 328
688 25 31 651
688 53 17 193
688 72 7 1294
688 130 58 403
688 140 49 1205
688 142 1 817
688 195 13 846
688 237 37 1332
688 242 3 1220
688 269 22 1386
688 396 10 1140
689 2 31 156
689 8 13 1058
689 11 37 765
689 37 49 775
689 80 23 1062
689 226 3 722
689 274 53 993
689 308 21 721
689 319 16 38
689 329 28 1381
689 337 11 1262
689 364 1 592
689 369 43 850
690 17 28 1398
690 47 23 241
690 56 4 411
690 57 25 361
690 69 13 78
690 72 1 760
690 79 52 1272
690 90 59 1203
690 149 45 1146
690 157 43 92
690 180 15 1443
690 309 38 970
690 344 55 843
690 346 7 1029
691 11 7 333
691 51 22 1413
691 118 51 415
691 129 55 521
691 134 25 37
691 137 37 430
691 179 1 714
691 206 4 68
691 218 31 637
691 236 16 151
691 272 43 1359
691 322 13 1158
692 2 43 1032
692 17 31 115
692 45 49 866
692 83 19 120
692 105 55 159
692 112 1 325
692 162 16 1065
692 221 34 986
692 236 7 1355
692 272 25 1211
692 299 29 542
692 311 59 753
692 370 41 789
693 28 1 1498
693 56 47 147
693 73 25 325
693 74 28 750
693 133 55 90
693 153 7 1456
693 199 13 140
693 206 43 32
693 231 49 1163
693 334 40 1299
693 347 31 376
693 384 4 1500
693 386 20 1427
694 4 19 808
694 37 1 655
694 58 56 938
694 63 46 627
694 80 31 226
694 85 26 1482
694 97 13 341
694 204 38 1301
694 228 35 511
694 299 41 606
694 347 21 1268
694 356 7 721
695 12 37 1434
695 38 4 587
695 57 52 1239
695 59 17 288
695 135 47 988
695 169 35 370
695 190 29 946
695 236 1 791
695 268 7 1127
695 269 21 715
695 333 43 53
695 344 55 1392
695 351 13 1410
696 18 38 579
696 58 13 938
696 60 25 1372
696 106 49 1008
696 120 1 1181
696 194 5 1140
696 197 31 493
696 220 7 972
696 243 20 1345
696 244 43 1246
696 291 55 942
696 338 52 23
696 360 22 295
696 378 35 630
697 27 13 529
697 32 1 1144
697 97 55 1159
697 127 35 728
697 182 37 950
697 201 50 6
697 259 19 1032
697 271 25 893
697 298 22 1049
697 309 31 970
697 367 11 220
697 371 7 1386
697 393 15 338
698 17 49 1362
698 34 23 1026
698 62 53 1474
698 69 59 797
698 71 55 1077
698 87 16 1399
698 246 46 796
698 274 25 356
698 286 34 1445
698 287 57 725
698 311 13 753
698 314 7 530
698 333 29 154
698 375 31 864
699 2 49 1032
699 20 1 448
699 21 31 1476
699 25 7 1304
699 105 19 159
699 121 59 122
699 210 25 951
699 281 37 1276
699 282 13 898
699 315 55 1129
699 329 16 405
699 334 40 137
699 346 35 1029
699 355 45 1270
699 399 4 1455
700 66 37 185
700 72 28 760
700 90 17 1203
700 128 3 1482
700 170 25 1321
700 211 49 1393
700 257 13 1039
700 266 31 247
700 377 23 1426
700 382 46 496
700 393 19 338
701 82 43 139
701 115 29 538
701 147 21 602
701 259 55 728
701 260 58 1119
701 267 25 778
701 310 53 1478
701 327 16 956
701 351 38 788
701 363 1 910
701 377 49 967
701 397 8 1196
702 99 1 1413
702 100 22 857
702 110 7 1499
702 161 43 249
702 190 59 1461
702 198 25 177
702 210 9 237
702 217 31 1014
702 327 13 512
702 328 49 1355
702 359 35 1195
702 367 47 564
702 371 39 862
702 377 29 335
703 2 7 63
703 21 25 266
703 62 23 521
703 80 47 361
703 136 55 654
703 147 59 602
703 176 31 1192
703 249 38 1470
703 260 34 958
703 263 49 686
703 284 43 539
703 293 19 1243
703 325 11 1312
703 368 17 1296
704 48 47 605
704 95 7 946
704 116 22 896
704 194 3 682
704 264 28 888
704 299 5 596
704 351 33 470
704 357 19 393
704 368 31 391
704 386 49 1427
704 400 13 1310
705 12 43 737
705 42 19 530
705 74 22 750
705 78 1 424
705 122 11 918
705 193 13 1169
705 247 17 1431
705 257 40 264
705 277 55 474
705 305 7 797
705 312 27 1253
705 361 49 761
705 367 5 220
706 2 44 156
706 29 40 1477
706 41 21 20
706 50 8 940
706 89 25 1439
706 106 49 1234
706 145 19 905
706 181 31 1206
706 198 16 4
706 290 1 336
706 307 52 1469
706 309 55 1213
707 14 17 297
707 56 23 1357
707 71 5 1077
707 103 49 1489
707 140 19 1424
707 164 43 1402
707 168 3 1159
707 176 37 1116
707 211 39 1393
707 229 13 1193
707 236 55 68
707 326 27 170
707 366 35 923
707 371 7 81
708 40 37 798
708 43 7 1350
708 129 19 521
708 150 1 310
708 180 4 1443
708 186 31 587
708 208 43 1133
708 222 41 1384
708 224 10 614
708 265 13 365
708 270 35 924
708 288 28 102
708 373 49 1114
709 27 59 975
709 66 43 1350
709 84 31 422
709 136 19 924
709 166 13 921
709 173 37 378
709 210 55 388
709 224 1 967
709 298 49 1224
709 312 7 444
709 318 25 449
709 340 15 848
710 14 43 381
710 45 16 866
710 48 35 605
710 97 55 454
710 121 31 1469
710 146 38 1098
710 171 45 286
710 184 52 126
710 212 7 670
710 279 49 455
710 293 13 1233
710 328 23 97
710 360 28 1240
710 361 19 963
710 374 1 277
711 3 1 28
711 65 13 306
711 87 28 631
711 137 49 430
711 194 11 682
711 209 7 69
711 213 46 842
711 243 26 1345
711 272 37 702
711 283 35 450
711 339 19 1074
711 344 31 609
711 354 51 693
712 27 47 1138
712 59 16 361
712 144 31 1089
712 160 13 549
712 174 25 876
712 191 1 1254
712 258 43 698
712 289 37 894
712 306 20 1192
712 340 7 14
712 370 11 872
712 373 49 1207
713 2 1 237
713 23 34 1478
713 64 40 973
713 93 37 810
713 115 11 538
713 167 57 445
713 204 8 551
713 211 13 80
713 218 20 637
713 253 17 406
713 305 43 405
713 312 25 985
713 361 49 1026
714 15 25 576
714 69 19 797
714 74 11 259
714 103 29 80
714 119 31 947
714 153 57 557
714 157 53 270
714 165 7 580
714 212 37 1224
714 243 55 1345
714 311 33 1124
714 313 1 1247
714 361 43 1026
714 366 51 743
715 36 1 54
715 44 58 1238
715 52 29 609
715 99 4 715
715 146 44 1018
715 213 13 496
715 286 37 283
715 287 9 487
715 322 40 1379
715 324 49 1443
715 360 26 365
715 362 16 82
715 364 7 993
715 387 55 1372
715 388 19 1456
716 19 37 855
716 27 23 1138
716 35 55 370
716 60 13 487
716 130 17 868
716 151 31 249
716 175 43 73
716 205 50 138
716 230 25 479
716 234 5 1277
716 237 59 1379
716 252 7 1155
716 337 35 394
716 352 47 816
716 360 1 1058
717 33 40 396
717 50 19 940
717 56 7 1357
717 60 9 848
717 64 1 637
717 111 49 20
717 137 5 1074
717 256 37 1483
717 330 25 1131
717 379 56 168
717 382 23 54
718 20 26 825
718 43 1 1350
718 71 29 1077
718 84 49 422
718 137 57 1074
718 167 7 579
718 181 4 1206
718 206 38 636
718 211 31 511
718 227 20 1240
718 304 55 899
718 308 45 535
718 340 13 1171
718 372 11 871
719 21 25 588
719 23 31 1478
719 41 13 20
719 133 55 1089
719 145 9 1351
719 205 1 138
719 238 41 1115
719 282 46 898
719 290 59 922
719 333 11 141
719 344 19 1136
719 389 43 4
719 394 49 821
720 33 28 1419
720 51 40 1413
720 65 1 846
720 111 55 729
720 136 45 1023
720 153 31 446
720 220 15 972
720 234 35 682
720 243 43 1345
720 267 19 1480
720 336 13 172
720 356 7 136
720 392 49 250
721 79 46 28
721 118 13 415
721 123 27 458
721 128 17 1359
721 137 15 150
721 196 55 535
721 224 10 1495
721 230 43 1010
721 251 7 270
721 268 19 926
721 278 31 364
721 279 52 528
721 306 38 1072
721 396 2 1140
722 12 19 88
722 34 23 268
722 41 33 298
722 123 7 32
722 153 49 446
722 189 37 1457
722 225 28 463
722 236 4 1355
722 239 14 456
723 23 13 761
723 45 43 866
723 66 49 1434
723 99 34 561
723 169 37 227
723 215 40 762
723 217 20 564
723 256 1 1483
723 292 31 467
723 337 10 395
723 390 55 681
723 399 25 1362
724 11 7 1446
724 37 55 753
724 64 28 1303
724 81 49 109
724 101 13 1442
724 118 53 415
724 148 17 1306
724 163 32 628
724 181 46 1206
724 199 22 1015
724 220 37 1473
724 260 4 958
724 264 1 579
724 318 19 297
725 4 53 794
725 5 14 1393
725 20 25 769
725 44 27 1327
725 47 23 474
725 116 7 853
725 227 55 416
725 292 58 53
725 300 10 183
725 301 19 783
725 306 49 146
725 332 5 785
725 364 3 540
725 376 35 124
725 382 43 1077
726 10 14 578
726 44 49 748
726 51 31 140
726 85 25 97
726 88 37 904
726 186 55 1063
726 235 45 1034
726 294 19 1291
726 313 7 1247
726 325 41 764
726 358 34 118
726 369 1 220
727 23 52 861
727 85 31 82
727 87 56 650
727 165 37 1042
727 226 20 220
727 230 23 1280
727 268 8 593
727 279 28 376
727 309 43 926
727 321 47 254
727 355 13 54
727 368 4 391
727 376 17 20
727 396 49 1354
728 11 13 403
728 27 35 1138
728 31 43 604
728 151 19 249
728 223 31 304
728 237 17 1379
728 270 11 494
728 338 28 1396
728 341 57 69
728 344 49 1284
728 392 37 131
729 11 19 765
729 77 55 919
729 82 31 365
729 103 7 549
729 107 49 167
729 187 23 264
729 199 37 1015
729 220 9 845
729 280 47 250
729 282 40 898
729 347 26 1379
729 351 43 953
729 376 59 544
730 5 55 89
730 42 40 134
730 52 5 44
730 100 34 857
730 187 37 1183
730 206 22 1407
730 258 14 452
730 262 25 1296
730 283 43 96
730 298 17 919
730 332 1 697
730 363 52 1381
730 375 9 864
731 2 55 678
731 5 49 918
731 71 13 1077
731 77 7 538
731 104 31 1147
731 150 4 670
731 203 37 1201
731 258 21 1297
731 278 25 793
731 298 41 1224
731 322 46 654
731 389 53 975
732 10 8 449
732 14 11 146
732 15 4 118
732 29 57 338
732 111 13 1043
732 115 47 538
732 118 43 415
732 137 45 1074
732 223 37 51
732 273 25 661
732 322 1 669
732 355 19 1495
732 363 49 1135
732 376 55 1155
733 113 55 939
733 142 13 817
733 153 3 1057
733 179 46 131
733 195 8 293
733 227 19 68
733 233 49 563
733 266 22 247
733 306 28 88
733 319 34 1231
733 326 58 182
733 338 40 1396
733 349 16 123
733 355 25 1081
734 8 3 176
734 75 43 498
734 85 37 640
734 126 49 373
734 150 7 310
734 199 52 140
734 230 1 1280
734 262 22 190
734 294 55 1145
734 328 29 1058
734 340 13 1154
734 366 10 1199
734 399 26 493
735 67 25 1016
735 113 4 97
735 143 17 1254
735 145 7 666
735 176 13 779
735 218 1 253
735 228 47 1400
735 261 43 834
735 265 49 335
735 283 53 96
735 312 55 444
735 320 22 753
735 332 11 1291
735 338 40 1221
736 23 4 761
736 37 43 655
736 51 40 140
736 67 49 103
736 109 55 266
736 130 35 1362
736 154 19 759
736 166 23 988
736 194 15 1351
736 199 25 140
736 222 1 204
736 245 31 173
736 356 28 1461
737 27 23 529
737 47 41 688
737 51 58 535
737 69 21 78
737 92 43 920
737 95 37 1111
737 110 19 1499
737 161 31 444
737 176 11 1297
737 180 7 177
737 348 50 432
737 393 25 363
738 34 47 1026
738 71 13 1286
738 129 43 823
738 154 37 715
738 176 28 1019
738 189 56 1361
738 199 22 140
738 207 9 1276
738 258 19 452
738 260 34 1409
738 266 1 247
738 336 5 172
738 384 49 512
739 2 49 1262
739 26 25 1126
739 58 55 545
739 117 19 1172
739 152 38 555
739 153 7 1057
739 160 59 622
739 184 1 958
739 211 32 1347
739 267 4 778
739 373 13 907
739 379 43 168
739 400 22 1199
740 19 49 855
740 33 37 666
740 34 41 1040
740 46 55 493
740 48 17 1371
740 136 13 1023
740 139 19 622
740 149 5 1146
740 155 34 1341
740 200 43 445
740 224 7 967
740 277 10 572
740 298 47 455
740 327 1 956
740 353 31 885
741 77 37 1199
741 89 49 1439
741 90 17 729
741 144 58 1089
741 159 27 423
741 227 1 68
741 273 7 1335
741 293 33 1370
741 302 46 1363
741 319 4 116
741 327 55 637
741 336 25 172
741 387 13 300
741 398 19 1014
742 53 15 800
742 63 20 1158
742 80 5 1372
742 94 17 557
742 96 26 439
742 122 59 1088
742 137 57 430
742 139 8 366
742 150 37 871
742 233 34 563
742 240 51 1053
742 278 43 116
742 304 31 899
742 387 1 300
743 84 19 422
743 119 15 336
743 157 10 270
743 171 31 264
743 188 55 1162
743 198 52 177
743 267 49 170
743 283 23 450
743 307 3 1470
743 343 7 1169
743 345 25 1059
743 347 37 903
743 360 46 1058
744 37 49 615
744 78 7 856
744 87 37 1399
744 94 59 875
744 138 35 363
744 183 10 1035
744 211 27 511
744 238 21 592
744 242 43 82
744 257 55 869
744 259 13 1477
744 290 47 246
744 307 5 1470
744 316 1 1348
744 332 41 1291
745 3 49 448
745 9 9 684
745 38 16 540
745 124 1 646
745 164 31 794
745 196 40 591
745 252 28 185
745 287 7 939
745 299 25 542
745 300 37 183
745 330 46 1131
745 358 43 781
745 363 13 1156
746 27 31 972
746 37 19 615
746 65 49 306
746 94 1 128
746 139 55 243
746 160 29 1355
746 163 25 474
746 169 59 1452
746 177 16 1489
746 206 10 1407
746 269 47 878
746 270 13 494
746 278 39 1332
746 299 35 616
746 303 45 558
747 5 55 1350
747 33 2 396
747 67 13 773
747 77 51 370
747 217 37 1014
747 222 35 656
747 286 10 374
747 302 46 1303
747 318 7 748
747 349 43 410
747 373 26 912
747 374 19 1370
747 379 31 168
748 54 33 548
748 69 53 1138
748 89 55 1439
748 138 5 363
748 205 19 138
748 208 1 1133
748 213 46 38
748 227 28 68
748 237 59 481
748 275 7 1388
748 291 13 852
748 322 37 1379
748 342 10 856
748 368 31 1296
748 388 25 548
749 9 55 508
749 11 7 765
749 24 21 908
749 62 37 761
749 130 35 868
749 199 13 1015
749 240 11 1053
749 260 51 630
749 277 3 881
749 303 49 558
749 304 1 899
749 307 29 1076
749 372 41 1366
750 27 11 972
750 82 7 365
750 85 56 363
750 188 13 979
750 194 29 826
750 201 19 568
750 217 25 1014
750 258 4 698
750 288 1 909
750 292 37 53
750 310 17 1094
750 325 33 1312
750 334 22 137
751 49 1 458
751 128 35 1482
751 154 49 715
751 183 22 1035
751 269 41 878
751 297 13 77
751 312 31 1253
751 318 28 748
751 335 46 1403
751 355 58 564
751 371 37 81
751 379 7 594
752 65 45 1043
752 142 35 1171
752 209 40 1187
752 230 43 479
752 237 53 698
752 241 4 1083
752 247 58 1339
752 251 10 177
752 318 19 1445
752 334 13 1340
752 356 16 1461
752 394 25 843
753 32 58 868
753 52 1 44
753 123 25 1083
753 139 19 1388
753 147 46 602
753 170 28 1144
753 188 49 662
753 223 7 304
753 224 3 885
753 299 11 1162
753 329 16 1481
753 330 38 650
753 346 44 1029
753 348 31 432
754 27 5 529
754 52 59 1404
754 57 55 279
754 91 21 87
754 94 53 765
754 174 33 770
754 200 25 106
754 298 7 1224
754 378 9 40
754 396 46 1140
755 42 52 1299
755 45 16 636
755 55 57 1214
755 64 49 1073
755 69 41 106
755 147 1 712
755 156 19 16
755 213 34 1304
755 261 37 105
755 274 5 89
755 332 8 1136
755 333 29 141
755 363 46 740
756 15 51 233
756 42 55 1133
756 57 13 1239
756 196 37 1468
756 211 7 341
756 230 45 1010
756 247 25 1339
756 279 2 376
756 280 33 250
756 298 29 1224
756 303 43 558
756 368 17 391
756 391 21 1431
757 116 22 315
757 128 57 1194
757 145 10 905
757 159 32 551
757 179 43 131
757 196 46 1468
757 215 50 762
757 249 37 205
757 272 1 1263
757 297 26 630
757 348 14 1160
757 358 19 106
757 375 7 864
758 77 25 370
758 111 43 729
758 199 9 1483
758 237 17 1186
758 241 19 987
758 260 31 725
758 277 58 628
758 287 1 1220
758 305 38 405
758 306 49 157
758 326 4 182
758 365 52 1257
759 1 13 1
759 34 17 268
759 79 25 1272
759 134 21 875
759 149 7 1146
759 187 19 1183
759 220 55 1127
759 226 34 410
759 240 45 1053
759 257 28 858
759 272 49 1263
759 282 4 898
759 355 37 1324
759 392 9 62
760 12 37 37
760 23 7 720
760 51 28 1087
760 127 41 90
760 143 35 297
760 158 58 1396
760 161 1 619
760 204 10 779
760 245 50 853
760 250 19 1473
760 306 43 527
760 313 13 1247
760 393 31 353
761 20 7 1272
761 39 25 450
761 97 49 1159
761 111 31 967
761 122 35 781
761 177 44 1425
761 190 17 10
761 214 10 125
761 281 4 511
761 284 13 988
761 316 19 1290
761 341 56 1249
761 385 38 1489
762 6 55 476
762 38 1 587
762 128 49 366
762 130 5 868
762 131 9 1172
762 149 25 1146
762 180 20 177
762 188 51 839
762 229 45 529
762 232 17 931
762 256 34 1483
762 277 13 227
762 307 23 1409
762 372 29 59
763 7 37 1186
763 74 31 938
763 79 28 1272
763 127 17 958
763 134 49 1054
763 165 44 906
763 201 55 6
763 232 33 931
763 299 11 606
763 327 25 780
763 344 58 1178
764 32 55 868
764 57 28 130
764 180 37 1443
764 181 10 1206
764 188 19 890
764 208 4 1273
764 237 1 1174
764 309 49 970
764 355 43 852
764 387 16 597
764 398 31 437
765 12 55 1500
765 15 1 105
765 79 13 1438
765 89 19 1439
765 131 43 902
765 172 38 268
765 173 49 1071
765 209 7 1187
765 247 47 1339
765 270 5 494
765 272 25 1359
765 353 16 1140
765 382 53 1077
766 25 25 246
766 35 46 352
766 67 37 889
766 108 51 1063
766 109 16 712
766 137 59 430
766 143 49 1498
766 233 43 264
766 244 7 1076
766 272 55 1263
766 299 23 1321
766 349 2 835
766 361 19 1026
766 399 34 419
767 32 10 1482
767 64 4 1073
767 69 23 1418
767 91 32 87
767 117 17 775
767 124 55 1398
767 167 37 1211
767 213 34 81
767 268 43 246
767 288 1 1106
767 343 7 588
767 353 40 1252
767 357 13 393
767 369 49 631
768 3 13 1045
768 38 7 1081
768 85 50 1407
768 88 56 904
768 140 28 910
768 158 31 1010
768 166 11 921
768 207 1 1397
768 258 19 315
768 265 25 955
768 302 22 1499
768 309 33 1001
768 319 46 555
768 330 37 151
769 60 31 993
769 104 7 1147
769 117 58 434
769 233 20 729
769 242 37 1154
769 252 25 1155
769 284 1 539
769 286 13 283
769 292 10 53
769 328 35 372
769 351 43 772
769 352 47 249
769 400 16 36
770 3 31 1219
770 87 4 1399
770 107 19 1219
770 108 37 979
770 213 55 381
770 228 1 1400
770 241 52 380
770 266 58 247
770 277 7 116
770 305 25 1020
770 342 16 856
770 360 49 107
770 368 23 125
770 385 43 1489
771 23 4 1478
771 58 31 545
771 116 21 919
771 122 29 306
771 127 59 167
771 158 17 590
771 167 52 133
771 209 10 1187
771 221 7 986
771 235 15 1034
771 253 19 406
771 258 40 698
771 304 13 899
771 396 25 781
772 4 53 715
772 29 19 695
772 120 13 1181
772 142 29 588
772 180 57 177
772 213 31 81
772 233 9 268
772 272 25 1263
772 296 49 113
772 343 46 1481
772 349 4 447
772 364 7 1276
772 392 38 62
773 46 31 1221
773 47 5 436
773 50 43 940
773 69 29 1340
773 70 25 606
773 193 8 1088
773 237 22 1174
773 268 55 246
773 290 17 922
773 299 35 1162
773 320 19 1307
773 332 15 1291
773 378 13 1409
774 36 25 939
774 46 44 702
774 70 32 515
774 78 13 125
774 91 10 87
774 137 1 430
774 176 51 1297
774 196 7 734
774 223 56 959
774 224 4 967
774 261 41 185
774 275 19 89
774 335 53 182
774 366 16 464
775 49 14 458
775 83 32 120
775 143 8 176
775 173 49 985
775 174 43 732
775 251 40 115
775 262 37 825
775 264 5 634
775 283 11 96
775 291 19 852
775 305 55 921
775 333 59 393
775 364 27 592
775 392 1 921
776 69 1 1340
776 93 55 76
776 103 41 939
776 121 29 764
776 159 13 288
776 161 52 444
776 167 10 1192
776 172 20 1043
776 186 37 43
776 311 4 749
776 343 43 519
776 399 33 493
777 10 49 1168
777 18 39 1321
777 52 35 1499
777 137 23 942
777 237 17 1174
777 241 28 384
777 256 44 1401
777 281 10 1418
777 293 25 54
777 341 31 1080
777 345 13 407
777 391 19 151
777 393 2 338
777 399 58 6
778 27 9 529
778 32 22 178
778 103 59 893
778 112 50 325
778 114 29 508
778 160 1 467
778 208 19 463
778 236 16 1355
778 317 43 1079
778 318 4 1445
778 338 37 1221
778 371 31 605
779 7 25 1137
779 11 21 403
779 17 13 1287
779 42 7 1115
779 65 49 288
779 99 46 715
779 155 28 1341
779 174 55 479
779 176 19 1297
779 194 43 794
779 195 31 1468
779 209 10 562
779 230 16 1407
779 270 3 924
779 281 40 1418
780 18 50 1138
780 48 23 605
780 72 34 380
780 87 1 717
780 121 29 122
780 167 16 92
780 225 31 453
780 235 59 1034
780 251 43 177
780 297 8 630
780 327 40 637
780 362 13 598
780 384 4 1363
781 3 49 966
781 77 13 1251
781 109 19 1113
781 146 43 668
781 161 39 1156
781 180 31 907
781 187 37 740
781 193 8 411
781 254 53 1402
781 286 55 283
781 294 1 340
781 338 26 1221
781 360 22 107
782 129 49 1324
782 140 34 1205
782 171 15 603
782 173 55 858
782 190 43 1130
782 206 39 1407
782 238 3 592
782 242 25 1220
782 253 13 406
782 271 19 1426
782 285 45 1156
782 337 8 395
783 32 19 178
783 94 11 557
783 164 1 757
783 170 26 900
783 173 37 1171
783 185 7 537
783 191 49 989
783 197 53 922
783 235 55 1034
783 259 58 728
783 287 29 606
783 329 22 1381
783 341 43 1249
783 360 16 107
784 50 52 278
784 115 16 1426
784 235 31 1034
784 241 46 612
784 247 35 1339
784 255 1 22
784 269 4 662
784 306 25 157
784 324 28 1083
784 351 19 788
784 400 37 1299
785 22 43 543
785 43 28 464
785 85 19 1482
785 129 51 521
785 157 47 128
785 167 10 1489
785 178 23 418
785 198 4 4
785 204 31 1098
785 212 13 872
785 225 55 1183
785 318 1 297
785 324 34 1083
785 375 49 864
786 7 25 734
786 51 28 140
786 66 31 1434
786 90 11 142
786 147 41 444
786 200 19 1351
786 252 4 1085
786 253 45 406
786 279 55 528
786 281 37 59
786 287 47 109
786 292 58 568
786 293 1 1221
786 378 17 69
786 396 14 1354
787 1 1 1
787 46 19 702
787 111 25 729
787 159 31 354
787 171 13 264
787 196 51 734
787 217 7 300
787 227 45 1240
787 269 37 1144
787 270 35 266
787 327 4 57
787 369 55 59
787 387 40 210
788 4 41 808
788 33 37 396
788 47 35 766
788 97 49 35
788 144 44 1348
788 175 31 1431
788 180 25 1370
788 195 55 1468
788 210 19 230
788 281 10 511
788 308 8 535
788 347 13 918
788 382 47 661
789 13 43 1320
789 22 1 543
789 28 20 1187
789 35 27 128
789 69 53 1418
789 152 56 1306
789 204 37 779
789 218 31 1244
789 236 10 151
789 261 25 105
789 293 7 156
789 294 15 340
789 337 13 395
790 28 16 1187
790 163 31 960
790 180 1 344
790 211 25 1102
790 232 37 931
790 264 7 1210
790 265 22 960
790 277 4 956
790 285 9 970
790 290 49 734
790 308 58 1392
790 361 39 761
790 391 44 1085
790 397 19 1196
791 7 37 540
791 37 9 655
791 60 31 1400
791 72 16 380
791 90 7 1290
791 97 49 871
791 106 13 136
791 111 19 1191
791 144 4 157
791 192 28 217
791 230 23 1474
791 312 44 1145
791 319 40 563
791 335 35 182
791 349 25 835
792 36 29 1259
792 98 55 1314
792 103 9 939
792 123 45 110
792 131 1 902
792 212 37 572
792 224 13 967
792 280 17 250
792 281 19 1235
792 294 25 1392
792 318 52 449
792 330 22 823
792 366 59 1199
793 7 1 1137
793 14 43 110
793 42 51 1312
793 49 10 30
793 178 17 748
793 259 22 1477
793 283 47 967
793 308 25 535
793 355 13 564
793 361 31 992
793 375 4 864
793 378 59 634
794 11 32 549
794 59 23 361
794 95 25 1138
794 137 29 430
794 156 3 1119
794 195 49 119
794 211 43 616
794 220 38 845
794 254 1 185
794 264 7 634
794 268 13 789
794 273 19 738
794 362 10 82
794 391 55 253
795 62 20 1474
795 133 27 1201
795 148 58 295
795 165 31 580
795 189 37 1389
795 211 13 616
795 214 7 565
795 238 25 592
795 264 1 850
795 285 3 766
795 329 52 405
795 333 17 154
795 356 44 136
795 363 55 1381
795 399 49 493
796 30 39 679
796 54 55 419
796 114 29 283
796 122 41 306
796 151 25 586
796 173 21 1171
796 223 7 182
796 242 43 1220
796 328 4 725
796 334 31 1246
796 353 49 971
796 356 37 1432
796 389 19 975
797 5 19 1350
797 8 7 902
797 10 51 586
797 97 37 1159
797 114 5 353
797 123 13 890
797 167 10 92
797 200 25 1499
797 305 33 1020
797 307 49 586
797 329 43 1381
797 360 55 107
797 379 1 524
798 19 1 855
798 51 49 1413
798 62 35 521
798 65 31 846
798 167 13 445
798 210 19 922
798 211 39 511
798 223 26 182
798 230 59 131
798 241 7 874
798 290 55 734
798 293 16 1370
798 370 37 900
798 377 47 82
799 8 5 481
799 12 1 37
799 101 31 207
799 131 49 1172
799 135 13 1115
799 142 41 1171
799 194 39 1140
799 220 26 972
799 249 15 1470
799 262 19 825
799 265 8 960
799 321 11 966
799 371 44 1310
800 37 7 1394
800 75 58 498
800 128 2 1359
800 136 37 1169
800 154 43 538
800 173 25 1071
800 182 47 950
800 208 34 861
800 267 31 555
800 326 55 182
800 346 5 1029
800 359 11 1114
800 371 14 1162
800 391 49 1170
801 6 1 476
801 26 31 1126
801 40 16 798
801 194 11 826
801 206 7 636
801 212 43 123
801 261 23 185
801 264 5 579
801 265 27 559
801 283 49 233
801 292 37 467
801 319 19 1231
801 379 55 594
801 385 51 279
802 90 23 729
802 139 55 1224
802 162 49 1065
802 176 40 1297
802 186 43 1183
802 254 17 185
802 298 33 1224
802 304 59 899
802 309 1 1001
802 310 7 233
802 340 9 622
803 9 32 835
803 48 16 605
803 99 7 729
803 114 3 283
803 183 28 1035
803 196 22 1438
803 224 19 525
803 225 55 1498
803 236 25 760
803 290 41 1406
803 297 43 243
803 300 58 183
803 344 13 1253
803 382 10 453
804 106 4 1279
804 111 7 267
804 125 1 1028
804 145 13 848
804 148 19 919
804 169 47 1180
804 270 11 303
804 303 57 558
804 342 49 437
804 366 43 1199
804 376 51 1155
804 389 29 843
804 399 16 493
805 2 55 63
805 28 7 1498
805 32 46 1399
805 38 52 540
805 119 1 1361
805 158 59 259
805 200 3 1261
805 226 10 775
805 227 49 605
805 257 25 786
805 311 13 1124
805 359 41 449
806 21 9 202
806 57 31 989
806 93 34 76
806 132 7 1153
806 140 1 1205
806 146 19 1018
806 159 50 656
806 188 57 263
806 277 4 1327
806 288 13 1312
806 320 16 1307
806 346 55 1029
806 391 43 1482
807 16 58 1012
807 28 34 1028
807 37 19 1429
807 40 49 798
807 81 39 615
807 144 55 1348
807 163 1 10
807 302 15 817
807 349 43 447
807 353 27 1049
807 366 37 923
807 399 31 1298
808 51 46 140
808 55 19 1214
808 80 53 662
808 84 37 422
808 108 9 666
808 140 25 9
808 228 43 1297
808 237 3 1379
808 250 49 1232
808 270 23 266
808 278 28 544
808 298 35 1049
808 348 31 1178
808 355 56 540
808 364 5 1276
809 5 13 1076
809 10 37 328
809 29 10 1168
809 54 50 606
809 63 58 627
809 131 19 96
809 169 5 508
809 217 1 1097
809 221 55 986
809 279 28 970
809 293 44 366
809 373 31 912
810 20 31 975
810 22 7 543
810 100 25 857
810 110 41 1499
810 122 47 306
810 191 20 1339
810 204 28 779
810 213 49 381
810 214 2 565
810 219 34 1319
810 227 13 68
810 271 43 893
810 278 16 1231
811 3 56 126
811 15 34 576
811 91 37 87
811 97 15 1159
811 109 1 1113
811 114 53 508
811 117 4 850
811 194 41 682
811 207 7 141
811 247 11 470
811 248 23 1298
811 250 19 208
811 312 25 1145
811 343 31 1169
811 378 49 40
812 2 19 63
812 37 13 655
812 54 37 1040
812 60 43 848
812 64 28 344
812 121 49 434
812 153 55 1040
812 166 59 921
812 196 52 636
812 199 4 140
812 250 7 1232
812 366 47 626
812 370 23 1284
812 388 31 1311
813 9 19 678
813 11 49 403
813 23 10 1478
813 53 8 1116
813 58 55 481
813 62 1 1474
813 63 31 1474
813 67 37 18
813 108 3 1400
813 166 47 228
813 201 16 6
813 264 23 850
813 265 13 234
813 385 25 1489
814 5 31 579
814 32 50 178
814 57 16 1239
814 90 29 1203
814 124 43 1082
814 133 22 1089
814 145 14 666
814 201 55 128
814 248 1 228
814 267 4 992
814 275 8 649
814 299 47 1321
814 384 58 561
814 385 37 512
815 2 1 63
815 93 13 107
815 121 55 823
815 172 44 470
815 182 51 950
815 193 31 797
815 197 8 493
815 209 19 1477
815 228 17 646
815 241 58 874
815 244 25 1076
815 268 38 1461
815 333 23 533
816 2 38 63
816 14 7 146
816 85 25 1399
816 116 52 919
816 147 11 1111
816 151 21 249
816 210 55 922
816 272 13 826
816 291 1 942
816 313 43 1247
816 329 49 405
816 372 35 59
816 392 31 1042
817 8 3 481
817 44 13 596
817 64 49 382
817 82 55 1058
817 102 31 1173
817 184 16 909
817 200 37 1220
817 237 29 1174
817 284 25 16
817 291 44 947
817 307 11 1076
817 309 7 419
817 321 19 1327
818 27 59 529
818 57 25 150
818 82 14 3
818 112 43 325
818 151 47 586
818 189 55 1174
818 255 31 22
818 278 28 1231
818 316 37 1348
818 345 49 74
818 356 34 1432
818 367 7 23
818 382 1 870
818 396 9 1354
819 7 28 1403
819 82 13 139
819 85 55 97
819 100 46 857
819 133 1 90
819 142 11 714
819 150 37 204
819 172 7 1080
819 200 49 1106
819 234 17 1277
819 304 43 899
819 314 19 1393
820 7 52 1403
820 25 19 1360
820 61 37 878
820 99 1 750
820 115 43 1426
820 163 25 609
820 233 49 1446
820 248 17 103
820 280 5 250
820 288 45 562
820 330 13 727
820 344 33 843
820 363 10 1156
820 366 23 1083
820 373 55 912
821 121 47 823
821 125 21 1183
821 137 19 150
821 139 49 1388
821 242 1 1154
821 250 31 1452
821 254 7 839
821 267 43 1480
821 272 13 614
821 274 40 1483
821 305 9 1269
821 325 35 1312
821 355 56 38
822 193 13 1088
822 209 7 1477
822 218 43 1406
822 227 25 118
822 260 28 1347
822 274 47 1483
822 285 57 533
822 290 37 1406
822 292 22 53
822 307 35 842
822 344 10 1284
822 347 31 1268
822 356 40 721
823 14 5 381
823 15 19 233
823 40 40 798
823 47 1 688
823 56 15 1311
823 60 31 565
823 85 55 259
823 177 43 1112
823 203 37 735
823 278 7 1332
823 304 3 899
823 328 53 372
823 341 49 69
824 62 41 629
824 71 29 614
824 75 37 498
824 107 25 993
824 125 34 1018
824 179 52 8
824 184 43 428
824 308 47 535
824 322 55 1014
824 331 4 1361
824 332 59 1291
824 335 17 1268
825 51 10 437
825 62 47 521
825 72 1 502
825 217 43 103
825 221 19 1270
825 251 14 1298
825 277 4 227
825 303 35 558
825 399 7 1455
826 57 40 130
826 63 1 727
826 68 52 973
826 114 9 283
826 137 55 1074
826 142 17 1171
826 179 58 1294
826 210 43 230
826 240 28 1053
826 307 37 842
826 327 13 637
826 346 49 1029
826 363 34 1156
827 9 31 23
827 20 43 448
827 173 37 947
827 207 49 813
827 218 19 253
827 288 55 603
827 316 3 1186
827 327 7 780
827 333 47 53
827 344 10 1136
827 399 28 1362
828 2 56 156
828 67 1 103
828 116 19 1039
828 117 35 1074
828 165 31 382
828 189 37 682
828 258 8 315
828 289 13 894
828 308 11 1178
828 321 17 1327
828 331 47 681
828 334 43 1299
828 360 25 133
829 44 19 557
829 54 1 193
829 72 40 502
829 138 23 1251
829 156 43 335
829 193 7 169
829 209 58 1477
829 225 16 1108
829 227 13 291
829 259 37 753
829 348 25 122
829 368 33 391
830 6 25 476
830 43 5 464
830 44 22 555
830 50 19 278
830 153 15 1456
830 186 37 712
830 234 41 1277
830 241 58 612
830 248 11 628
830 281 7 1418
830 286 33 283
830 301 44 783
830 314 1 258
830 331 13 474
831 28 25 1028
831 53 5 1347
831 82 37 139
831 97 19 336
831 140 28 1156
831 159 7 288
831 177 13 815
831 193 1 254
831 207 49 408
831 209 34 1477
831 242 44 26
831 287 23 1220
831 381 56 261
831 387 16 300
832 34 4 1039
832 48 49 1371
832 80 17 662
832 130 11 333
832 136 19 1023
832 167 1 445
832 169 29 370
832 180 46 1370
832 222 35 204
832 233 13 302
832 284 7 76
832 299 23 563
832 319 52 563
832 343 56 519
833 43 4 1054
833 77 33 328
833 80 23 662
833 125 10 1183
833 129 25 521
833 176 41 545
833 177 7 1489
833 216 19 373
833 224 49 1493
833 237 31 1379
833 265 16 335
833 324 1 1083
833 343 37 588
833 344 13 1136
833 371 43 1386
834 65 55 1043
834 95 31 1386
834 114 53 388
834 130 44 1438
834 134 21 37
834 214 37 125
834 279 26 455
834 287 41 923
834 295 35 1026
834 327 13 4
834 389 7 975
834 393 9 338
835 32 43 868
835 53 1 1116
835 117 47 1074
835 146 25 1098
835 161 37 481
835 174 13 732
835 206 4 636
835 214 19 293
835 220 50 670
835 234 59 1113
835 240 9 1053
835 303 41 558
835 311 7 753
836 2 38 156
836 17 19 1287
836 57 34 150
836 59 23 353
836 84 13 422
836 174 55 688
836 200 49 45
836 208 25 463
836 245 43 173
836 269 5 878
836 289 7 894
836 320 1 1307
836 329 31 405
836 365 28 1257
837 4 1 715
837 5 49 649
837 13 19 1478
837 63 40 727
837 83 25 120
837 189 31 1361
837 210 56 458
837 244 43 146
837 278 8 1239
837 281 13 573
837 340 3 550
837 353 16 1252
838 109 55 846
838 172 39 1284
838 199 16 140
838 213 22 565
838 223 49 1000
838 245 33 737
838 252 44 142
838 314 1 384
838 329 19 955
838 331 37 474
838 350 25 836
838 365 58 1257
838 366 53 1434
838 377 5 835
839 57 7 1296
839 130 3 78
839 153 25 446
839 156 43 169
839 215 32 762
839 229 49 1193
839 232 57 931
839 274 29 89
839 278 21 1239
839 319 40 576
839 358 37 781
839 362 10 1396
840 40 13 798
840 51 19 1346
840 68 22 300
840 111 43 544
840 115 1 1426
840 129 33 1324
840 221 16 1376
840 243 31 1345
840 247 51 1339
840 273 25 1094
840 286 10 1445
840 317 3 1079
840 349 7 1493
840 371 56 424
841 18 44 40
841 27 53 529
841 42 1 202
841 47 39 688
841 91 19 87
841 191 55 1332
841 259 13 479
841 272 49 826
841 279 7 539
841 284 26 740
841 342 21 1340
841 373 31 268
842 38 55 587
842 46 13 1221
842 72 1 594
842 80 11 1372
842 93 34 140
842 106 27 1234
842 133 46 1089
842 140 58 1156
842 161 19 1134
842 189 7 1457
842 194 25 545
842 291 37 473
842 297 49 77
842 326 31 1155
842 388 22 1311
843 111 27 765
843 156 3 16
843 165 37 906
843 172 55 470
843 182 19 950
843 197 35 38
843 239 31 456
843 257 22 869
843 264 47 1045
843 272 49 1211
843 283 59 1480
843 324 43 1443
844 82 19 3
844 100 52 857
844 137 10 150
844 154 13 850
844 162 43 1065
844 165 57 436
844 171 1 50
844 229 27 697
844 260 40 958
844 287 5 487
844 293 34 54
845 16 49 1012
845 34 11 1443
845 62 21 629
845 83 55 120
845 97 7 35
845 135 29 208
845 172 25 396
845 179 34 430
845 229 43 785
845 322 13 1471
845 352 37 816
845 354 1 693
845 357 39 393
845 359 5 1072
846 39 49 450
846 49 15 725
846 117 41 775
846 160 47 765
846 213 7 764
846 223 32 51
846 261 23 834
846 284 25 1243
846 291 19 102
846 318 1 1445
846 329 10 951
846 348 37 790
847 99 7 1413
847 144 40 1089
847 153 55 193
847 165 25 436
847 185 49 537
847 237 1 1191
847 268 19 971
847 290 38 1471
847 308 33 535
847 343 10 1169
847 344 4 609
847 351 43 788
847 386 13 1427
848 3 13 704
848 13 49 1261
848 38 22 986
848 54 37 310
848 101 1 210
848 114 59 508
848 118 17 415
848 290 41 1240
848 297 43 630
848 349 31 410
848 356 25 1461
848 359 19 432
849 75 52 498
849 91 55 87
849 114 49 283
849 139 25 418
849 195 45 844
849 200 31 1499
849 238 1 987
849 247 41 226
849 273 13 738
849 275 37 866
849 359 11 1195
849 361 57 992
849 399 4 1298
850 7 13 1137
850 33 8 396
850 71 11 1286
850 110 5 681
850 146 19 590
850 180 31 1443
850 275 16 73
850 316 37 97
850 344 52 843
850 345 1 145
850 359 23 1072
850 361 55 140
850 394 25 918
851 67 25 18
851 75 22 498
851 124 9 1082
851 156 31 1062
851 194 41 1140
851 196 16 734
851 233 46 267
851 268 1 789
851 279 52 455
851 293 13 141
851 297 37 1354
851 299 50 1321
851 321 19 254
851 334 43 1327
851 355 56 54
852 6 43 476
852 54 13 193
852 62 2 520
852 74 35 810
852 122 53 918
852 162 39 1065
852 167 28 92
852 228 17 511
852 259 4 1477
852 262 25 597
852 274 11 356
852 312 7 340
852 328 59 97
852 357 49 380
853 28 37 1028
853 47 59 688
853 67 7 103
853 113 51 939
853 144 55 157
853 161 19 562
853 230 5 131
853 253 41 406
853 261 29 105
853 281 46 919
854 39 31 848
854 59 45 361
854 80 43 1062
854 104 13 1147
854 109 7 617
854 120 52 1181
854 200 55 1499
854 240 16 1053
854 294 1 1293
854 311 35 1124
854 336 50 172
854 369 25 220
854 379 38 168
855 28 55 1423
855 58 43 481
855 79 38 8
855 134 1 875
855 166 21 988
855 223 31 1000
855 227 16 68
855 234 47 1277
855 239 26 456
855 255 52 22
855 273 7 201
855 282 58 898
855 334 49 1327
856 9 13 508
856 22 49 543
856 53 53 193
856 78 31 464
856 138 29 1251
856 162 58 1065
856 169 17 370
856 189 25 821
856 206 19 28
856 241 2 380
856 328 23 372
856 346 39 1029
856 349 46 447
856 357 10 1131
857 23 31 720
857 99 43 1413
857 176 59 545
857 193 13 797
857 203 1 583
857 208 7 1133
857 228 25 1297
857 258 10 448
857 299 55 542
857 350 21 836
857 373 27 356
857 397 52 1196
858 45 16 178
858 50 37 885
858 89 33 1439
858 159 43 656
858 184 10 909
858 250 50 1473
858 256 1 1270
858 314 19 384
858 316 25 1290
858 319 13 576
858 366 57 923
858 387 40 1500
859 23 10 761
859 35 34 122
859 68 55 295
859 105 14 159
859 107 49 1478
859 122 41 693
859 132 27 1153
859 145 23 666
859 166 45 228
859 171 19 603
859 214 37 413
859 219 58 1319
859 264 31 843
859 367 29 220
860 25 7 432
860 53 11 408
860 77 25 759
860 110 43 115
860 186 45 810
860 198 16 1062
860 227 1 605
860 244 49 535
860 270 23 303
860 287 13 109
860 317 19 1079
860 334 58 137
860 354 39 227
860 400 4 619
861 34 59 268
861 62 17 1154
861 72 10 380
861 98 25 1314
861 108 43 789
861 172 19 583
861 177 37 134
861 185 55 537
861 244 51 1076
861 264 8 888
861 309 13 1213
861 319 31 1231
861 340 2 251
861 366 23 743
862 42 19 1299
862 52 7 44
862 74 41 797
862 78 38 856
862 170 10 1252
862 182 53 950
862 206 34 636
862 223 1 1000
862 244 26 258
862 260 50 1409
862 280 59 250
862 285 43 270
862 381 13 261
862 393 55 1397
863 29 46 1170
863 35 43 1335
863 48 5 1371
863 109 52 1113
863 140 28 9
863 180 8 1443
863 211 31 616
863 212 19 778
863 230 11 1010
863 319 1 38
863 344 55 1253
863 347 37 523
863 379 13 118
864 16 52 1012
864 69 19 78
864 147 4 602
864 191 13 1339
864 223 43 1000
864 226 31 154
864 242 25 1154
864 243 9 1345
864 257 57 1039
864 327 1 4
864 356 40 1432
864 372 17 871
864 398 21 158
865 59 59 288
865 64 1 1073
865 120 45 1181
865 134 38 875
865 150 22 1270
865 152 55 1481
865 221 16 500
865 222 47 1470
865 229 26 3
865 327 13 780
865 330 4 823
865 348 7 122
865 367 52 817
866 18 10 1321
866 32 25 178
866 39 44 83
866 54 19 310
866 62 23 766
866 67 31 773
866 82 50 1058
866 129 14 521
866 203 37 1066
866 223 56 1000
866 343 4 519
866 353 40 434
866 364 1 1276
867 1 16 1
867 13 43 1236
867 93 1 341
867 111 33 1251
867 128 31 366
867 176 47 1359
867 196 49 749
867 218 22 1406
867 293 19 366
867 299 41 1162
867 302 13 1238
867 310 10 1296
867 345 25 1418
867 355 37 564
867 359 29 1195
868 17 7 157
868 57 57 130
868 110 1 115
868 151 23 1066
868 207 26 813
868 217 49 593
868 259 16 700
868 284 19 1135
868 320 3 388
868 325 53 315
868 352 55 1401
868 354 13 1403
868 377 11 335
869 68 19 1076
869 91 27 87
869 150 40 825
869 158 55 130
869 164 45 794
869 216 52 373
869 275 1 649
869 286 32 338
869 310 43 750
869 332 15 697
869 353 37 434
870 69 35 1418
870 166 9 228
870 189 31 634
870 203 13 1482
870 206 19 609
870 220 25 845
870 278 1 544
870 284 39 740
870 302 52 1363
870 330 43 413
870 396 55 1140
871 32 28 749
871 63 46 154
871 69 17 106
871 79 43 8
871 82 55 365
871 166 35 228
871 209 52 597
871 232 31 931
871 265 40 960
871 273 19 1335
871 286 37 374
871 363 10 740
872 41 20 792
872 72 4 1294
872 90 53 1231
872 95 31 1138
872 113 25 36
872 198 58 766
872 219 49 1319
872 223 39 304
872 233 46 264
872 265 10 862
872 319 43 1231
872 360 7 1240
872 363 16 1156
872 377 37 82
873 32 39 1144
873 52 23 44
873 55 13 1214
873 68 7 1252
873 93 28 1135
873 113 31 791
873 148 17 413
873 265 19 960
873 278 25 544
873 292 1 568
873 396 52 1354
873 397 49 1196
874 15 25 800
874 18 40 40
874 63 43 154
874 143 47 845
874 159 7 277
874 161 49 444
874 192 34 217
874 213 52 381
874 333 1 533
874 366 21 743
874 384 55 1424
875 12 31 88
875 49 1 30
875 60 19 1400
875 78 4 125
875 125 13 1252
875 140 8 1205
875 189 43 575
875 222 11 42
875 312 37 1145
875 366 51 923
875 374 25 1038
876 67 8 18
876 93 40 896
876 101 2 627
876 127 25 728
876 173 31 123
876 240 21 1053
876 246 52 796
876 267 49 555
876 299 19 606
876 374 43 464
876 376 23 544
876 387 16 1137
877 2 31 1262
877 51 55 1413
877 56 59 1311
877 74 46 938
877 127 29 90
877 133 40 428
877 182 15 950
877 188 19 979
877 233 37 1446
877 316 7 97
877 347 51 1124
877 358 43 106
877 386 25 1427
877 392 1 62
878 23 1 1478
878 61 55 878
878 77 13 370
878 127 17 728
878 139 9 1224
878 155 59 1341
878 167 31 206
878 251 46 1306
878 316 49 596
878 326 43 182
878 334 28 1453
878 340 20 1154
878 360 25 1240
879 10 32 586
879 14 7 381
879 48 47 1371
879 82 55 3
879 148 41 1306
879 175 43 1431
879 208 51 1273
879 242 25 650
879 244 1 1246
879 254 35 1119
879 324 10 1295
879 349 16 1493
879 385 20 335
880 24 7 908
880 77 37 919
880 128 57 366
880 151 35 1066
880 200 50 858
880 218 16 1406
880 232 5 931
880 247 29 226
880 290 47 336
880 348 1 790
880 354 9 1403
881 47 11 474
881 72 1 1294
881 120 5 1181
881 125 25 550
881 139 49 539
881 152 7 658
881 180 28 907
881 198 31 63
881 212 13 834
881 250 55 866
881 262 21 1296
881 290 35 246
881 303 37 558
881 359 19 1195
882 21 19 1476
882 103 53 80
882 163 31 10
882 167 4 1192
882 225 43 1499
882 257 13 1396
882 264 16 843
882 269 11 1386
882 286 7 1393
882 321 57 893
882 322 1 18
882 331 59 681
882 339 39 1244
882 355 46 852
882 375 37 864
883 51 38 1087
883 52 7 609
883 84 27 422
883 138 11 1251
883 173 55 1404
883 177 34 134
883 213 49 565
883 254 25 1294
883 273 14 661
883 297 43 1075
883 310 59 1478
883 338 19 1434
884 18 58 1254
884 43 7 1054
884 44 55 53
884 72 52 1294
884 116 9 1039
884 129 13 568
884 178 29 418
884 199 44 1483
884 267 1 555
884 271 20 458
884 302 37 1363
884 320 49 1307
885 11 49 286
885 12 8 1198
885 63 55 702
885 66 25 1493
885 103 17 96
885 159 19 1180
885 198 46 446
885 208 13 861
885 217 31 646
885 257 43 1039
885 272 37 1359
885 359 41 1195
885 381 1 261
886 45 57 1153
886 46 1 26
886 111 31 630
886 113 28 1468
886 131 37 96
886 147 19 602
886 164 43 69
886 165 7 906
886 197 11 1024
886 229 51 3
886 232 23 931
886 260 13 909
886 318 25 196
886 325 21 1312
886 334 16 637
887 10 58 328
887 17 49 1406
887 29 7 695
887 93 22 76
887 143 53 264
887 169 41 1347
887 198 19 1140
887 201 38 568
887 224 44 967
887 279 55 539
887 295 1 1026
887 318 31 449
887 327 34 57
887 371 3 1219
888 15 1 915
888 29 43 1286
888 62 4 629
888 123 37 110
888 126 8 373
888 142 35 177
888 163 31 826
888 201 40 6
888 206 25 1407
888 214 28 293
888 307 21 1469
888 320 16 1179
888 379 50 118
888 391 55 151
889 9 55 1298
889 34 9 1275
889 97 43 35
889 146 39 1018
889 148 22 1170
889 163 14 1270
889 169 47 370
889 183 4 1035
889 322 52 1359
889 376 59 1155
890 8 41 1445
890 14 9 146
890 30 22 679
890 119 47 1452
890 125 19 1028
890 187 29 259
890 194 16 682
890 196 43 1468
890 257 2 1396
890 281 58 511
890 293 13 366
890 384 34 1363
891 13 1 1236
891 46 55 1061
891 79 37 28
891 85 32 1399
891 109 46 1389
891 120 29 1181
891 146 49 1098
891 163 19 1488
891 292 43 1357
891 297 7 243
891 318 13 196
891 337 17 1262
892 5 19 77
892 7 46 527
892 36 53 1259
892 64 16 1303
892 92 49 920
892 94 13 875
892 137 43 1074
892 210 9 458
892 213 58 381
892 225 55 44
892 238 1 45
892 261 34 105
892 286 40 283
892 346 25 1029
893 38 25 1158
893 69 23 816
893 75 14 498
893 186 55 745
893 229 49 204
893 251 28 177
893 267 43 555
893 273 39 1335
893 302 46 1238
893 313 19 1247
893 321 5 893
893 334 32 1340
893 336 59 172
893 354 7 1159
893 385 1 512
894 11 39 826
894 148 5 1306
894 178 49 418
894 206 58 1201
894 214 7 903
894 278 55 793
894 317 25 1079
894 330 46 413
894 372 43 871
894 388 1 1456
895 66 33 1350
895 69 15 78
895 78 28 125
895 147 53 1111
895 181 43 1206
895 197 5 922
895 245 56 134
895 250 7 1473
895 270 47 303
895 298 31 1224
895 312 19 1409
895 332 41 697
895 342 17 578
895 394 49 454
896 3 7 735
896 12 55 37
896 72 31 760
896 113 16 479
896 116 28 1480
896 139 19 1275
896 156 37 1119
896 178 23 124
896 247 41 473
896 251 4 206
896 264 26 888
896 269 46 1144
896 283 35 1480
896 375 2 864
897 2 1 156
897 29 52 1286
897 47 44 474
897 77 55 15
897 111 21 1324
897 128 41 1482
897 149 32 1146
897 158 39 1010
897 209 27 562
897 222 25 656
897 292 46 1357
897 324 7 1083
897 362 49 666
897 366 17 626
897 367 35 432
898 14 59 110
898 16 31 1012
898 23 49 861
898 29 52 338
898 34 3 1040
898 56 41 1493
898 89 43 1439
898 104 10 1147
898 108 14 1063
898 110 25 905
898 157 55 270
898 201 34 6
898 310 29 28
898 325 5 764
898 377 19 597
899 5 25 1287
899 51 43 1372
899 75 7 498
899 78 4 856
899 101 49 627
899 106 1 1234
899 114 23 283
899 170 46 900
899 196 55 591
899 204 58 118
899 242 31 774
899 245 13 1277
899 283 11 233
899 388 19 470
900 18 1 1138
900 43 35 655
900 139 37 1080
900 172 14 583
900 184 49 958
900 213 57 823
900 316 19 97
900 341 43 1371
900 344 4 1253
900 357 25 695
900 360 52 107
900 376 11 368
900 395 7 804
901 7 28 734
901 9 55 23
901 32 31 1144
901 34 59 1026
901 36 47 1259
901 59 17 888
901 159 37 656
901 180 49 266
901 205 43 138
901 214 13 1080
901 303 7 558
901 382 53 453
902 37 55 661
902 140 13 147
902 171 33 603
902 237 9 1379
902 259 16 1477
902 307 5 1469
902 309 19 747
902 331 7 1361
902 333 53 154
902 345 1 1383
902 351 37 890
902 362 25 1396
902 366 41 1434
902 383 43 705
903 2 45 678
903 24 43 908
903 74 37 938
903 107 1 816
903 116 40 1039
903 135 59 496
903 168 17 1081
903 170 22 1495
903 175 13 1431
903 201 19 6
903 244 49 1023
903 245 25 704
903 373 55 356
903 394 7 1195
904 4 35 1268
904 27 3 529
904 42 8 1433
904 52 37 44
904 124 13 1082
904 133 27 1116
904 200 55 1351
904 210 31 951
904 268 49 1083
904 275 22 89
904 324 44 684
904 393 39 338
905 8 47 1445
905 24 19 908
905 25 1 1360
905 43 29 655
905 54 25 310
905 135 40 496
905 160 43 622
905 166 17 988
905 186 32 1183
905 287 11 464
905 288 37 1094
905 307 49 1076
905 369 21 597
906 48 5 26
906 107 1 1201
906 111 56 20
906 139 33 366
906 168 31 1020
906 210 49 30
906 235 28 1034
906 254 46 185
906 273 39 136
906 277 7 352
906 346 37 1029
906 353 10 173
906 380 19 1385
906 400 43 956
907 39 33 344
907 74 17 119
907 101 43 418
907 222 1 1470
907 226 52 220
907 269 3 878
907 288 55 384
907 328 5 372
907 335 47 512
907 360 19 295
907 364 23 993
907 368 13 391
907 376 41 368
907 393 7 738
908 21 13 984
908 64 26 973
908 67 43 773
908 197 47 1024
908 245 1 134
908 258 7 907
908 277 22 881
908 288 40 1312
908 299 11 616
908 316 50 97
908 322 31 1359
908 334 34 542
908 358 58 106
909 8 7 1403
909 49 37 725
909 52 15 609
909 110 3 905
909 125 49 1028
909 151 47 1066
909 176 29 1297
909 177 10 1425
909 226 22 722
909 259 19 728
909 269 13 1386
909 273 55 201
909 318 44 449
910 34 35 268
910 54 14 419
910 90 49 729
910 136 44 44
910 153 51 1057
910 159 37 1366
910 180 31 266
910 198 7 536
910 209 10 1324
910 272 20 1211
910 302 55 817
910 305 1 797
910 339 25 1244
910 366 59 626
911 69 10 78
911 70 37 760
911 101 1 418
911 170 7 374
911 184 43 126
911 234 59 1277
911 275 13 1388
911 277 20 572
911 297 49 243
911 371 25 862
912 2 25 1032
912 4 29 808
912 18 16 1321
912 25 8 702
912 60 43 1400
912 65 49 846
912 90 55 1290
912 159 37 1180
912 207 31 408
912 220 3 845
912 249 57 1470
912 272 20 9
913 28 31 1028
913 35 37 128
913 91 53 87
913 117 47 73
913 125 4 1028
913 152 19 1306
913 224 10 967
913 258 14 766
913 287 17 1220
913 347 49 28
913 352 44 816
913 382 41 453
914 29 21 167
914 47 17 766
914 53 41 193
914 132 19 1153
914 167 4 290
914 176 29 545
914 210 8 230
914 238 13 987
914 249 37 1455
914 300 25 183
914 316 49 1186
914 324 31 861
914 340 43 290
914 375 15 864
915 28 25 1498
915 46 7 1384
915 51 46 1304
915 99 28 452
915 112 39 325
915 145 21 905
915 178 31 1370
915 262 4 1195
915 268 33 231
915 287 43 109
915 338 58 698
915 346 53 1029
915 369 49 59
915 394 13 454
916 17 1 1179
916 59 37 353
916 96 31 439
916 137 55 430
916 162 19 1065
916 190 40 1130
916 225 34 453
916 238 7 45
916 269 23 3
916 299 59 1321
916 314 44 1071
916 343 4 1481
916 347 25 306
916 377 49 82
917 5 43 1287
917 21 38 869
917 35 58 370
917 53 23 193
917 60 1 1372
917 145 5 1351
917 184 49 126
917 196 55 749
917 270 17 266
917 318 19 748
917 331 7 241
917 333 53 1360
917 342 47 578
918 42 51 134
918 81 37 279
918 104 34 1147
918 142 4 1171
918 171 43 50
918 193 7 1189
918 204 1 551
918 249 25 1455
918 265 13 559
918 285 19 766
918 324 31 1019
918 344 16 1253
918 355 55 564
919 13 37 1236
919 32 55 374
919 58 51 938
919 62 49 629
919 134 19 1054
919 137 35 942
919 145 29 666
919 165 25 382
919 174 7 876
919 194 23 1351
919 237 47 1191
919 261 1 900
919 288 58 1106
919 306 16 527
919 373 31 1049
920 14 41 295
920 52 29 73
920 79 49 1272
920 85 37 1287
920 91 7 87
920 108 25 666
920 124 19 1398
920 128 16 624
920 149 59 1146
920 179 13 695
920 223 44 959
920 263 1 686
920 284 31 1135
920 369 55 850
920 378 4 69
921 40 28 798
921 61 32 878
921 74 53 1198
921 87 25 631
921 108 8 1400
921 212 49 872
921 245 20 1277
921 256 40 769
921 257 37 1039
921 268 1 246
921 272 13 1211
921 310 58 1296
921 316 43 57
922 11 25 665
922 30 43 679
922 48 35 650
922 82 45 1488
922 137 4 150
922 144 7 1348
922 205 37 138
922 210 31 922
922 287 41 109
922 303 29 558
922 312 19 786
922 330 51 413
922 350 13 836
922 355 1 852
922 396 57 1354
923 60 13 1191
923 93 1 1203
923 114 46 508
923 244 31 146
923 283 22 1113
923 290 59 1406
923 298 35 1224
923 321 55 893
923 322 4 169
923 356 41 1230
923 359 9 1072
923 371 50 424
923 377 11 1057
923 396 25 1100
924 32 7 178
924 38 28 137
924 54 43 419
924 166 15 228
924 180 25 1443
924 189 49 654
924 254 17 1211
924 309 38 747
924 312 2 985
924 319 55 116
924 327 10 637
924 338 19 8
924 384 22 1363
924 391 31 1157
925 85 44 295
925 124 25 1082
925 131 55 1172
925 172 31 396
925 173 1 1404
925 191 49 1254
925 197 29 110
925 275 13 866
925 284 7 16
925 285 37 1194
925 308 16 535
925 332 59 1073
925 354 22 1403
926 21 19 83
926 63 1 381
926 87 43 1399
926 123 34 629
926 135 40 1019
926 213 4 1401
926 291 14 473
926 305 7 921
926 312 55 985
926 351 49 890
926 352 53 816
926 393 25 1332
927 32 22 1144
927 53 29 193
927 56 35 1311
927 124 3 489
927 133 25 1089
927 169 11 956
927 174 37 634
927 175 31 1179
927 256 49 769
927 285 44 887
927 297 13 1243
927 351 57 774
927 364 1 993
928 2 13 678
928 8 25 176
928 21 1 630
928 25 27 1360
928 50 33 278
928 66 37 1493
928 77 50 880
928 172 9 1303
928 262 58 825
928 264 7 843
928 292 22 568
928 351 44 9
928 356 19 721
929 36 17 591
929 46 31 1061
929 123 1 356
929 146 55 590
929 186 50 1183
929 228 7 1297
929 258 13 315
929 269 59 1386
929 307 35 662
929 317 9 1079
929 377 41 335
929 388 4 779
930 19 13 855
930 27 53 972
930 70 1 834
930 90 59 729
930 143 29 845
930 144 26 124
930 166 5 1375
930 189 31 821
930 216 46 373
930 242 49 1220
930 299 41 616
930 341 20 341
930 360 7 295
931 4 41 715
931 86 13 1325
931 100 7 857
931 114 11 388
931 147 17 602
931 191 56 989
931 210 19 388
931 213 28 565
931 278 34 1239
931 285 43 972
931 324 52 1443
931 360 37 295
931 384 3 92
932 10 16 1495
932 14 3 146
932 27 35 529
932 60 37 1127
932 104 25 1147
932 128 11 1194
932 134 19 176
932 179 46 1453
932 186 51 1384
932 261 43 185
932 310 5 28
932 316 31 777
932 319 7 563
932 346 29 1029
932 396 13 1493
933 77 19 91
933 103 49 939
933 164 1 794
933 228 35 1400
933 272 55 1211
933 288 7 909
933 290 23 1240
933 312 44 444
933 368 59 727
933 373 13 1324
933 377 41 967
934 14 11 560
934 15 19 576
934 18 13 1321
934 47 59 380
934 58 45 340
934 106 40 1234
934 135 49 1019
934 156 51 1119
934 164 7 1280
934 265 56 335
934 274 3 89
934 286 16 374
934 325 23 1312
935 38 22 540
935 50 4 940
935 118 15 415
935 143 11 1254
935 145 57 905
935 194 59 842
935 312 7 1145
935 372 47 59
935 374 43 693
935 392 32 131
936 16 40 1012
936 53 23 410
936 129 7 521
936 153 43 1456
936 174 25 39
936 186 14 1384
936 201 1 903
936 234 47 1207
936 248 29 228
936 253 59 406
936 290 4 734
936 294 31 1291
936 374 49 277
936 377 35 967
937 40 43 798
937 63 13 1474
937 90 59 142
937 117 19 850
937 119 29 1361
937 126 40 373
937 140 7 578
937 164 2 1111
937 208 10 1133
937 274 53 356
937 330 25 151
937 399 46 170
938 33 16 396
938 60 43 565
938 80 35 1351
938 131 9 902
938 148 23 1306
938 182 21 950
938 193 25 1189
938 221 13 1376
938 231 2 1163
938 271 49 773
938 316 31 842
938 368 19 1332
938 387 37 1137
939 4 1 808
939 35 49 124
939 49 31 4
939 57 37 1239
939 108 25 525
939 154 55 538
939 173 43 1470
939 176 10 722
939 177 22 1425
939 237 59 1332
939 259 14 574
939 320 52 1307
939 360 7 107
939 366 17 1434
940 9 49 1134
940 57 58 279
940 130 53 467
940 186 7 43
940 229 25 1193
940 243 17 1345
940 275 34 89
940 294 1 1100
940 339 43 372
940 345 37 861
940 354 22 227
940 378 15 1409
941 5 8 77
941 8 35 1403
941 14 17 146
941 27 47 972
941 114 59 388
941 120 15 1181
941 126 55 373
941 134 31 775
941 190 19 946
941 221 1 1376
941 245 21 853
941 275 40 959
941 299 52 616
942 43 53 655
942 60 13 409
942 87 19 717
942 198 25 304
942 208 34 1273
942 213 55 511
942 249 43 550
942 266 4 247
942 320 31 1307
942 339 7 1074
942 376 17 737
943 4 28 715
943 17 52 1213
943 118 55 415
943 135 17 208
943 157 41 1372
943 158 49 590
943 255 25 22
943 259 31 1477
943 275 37 959
943 309 19 419
943 356 3 721
943 357 46 651
943 396 13 1140
944 33 22 576
944 45 1 152
944 133 26 1275
944 179 34 1108
944 192 31 217
944 223 15 182
944 226 19 722
944 246 7 796
944 253 5 406
944 303 55 558
944 329 10 1381
944 337 39 395
945 103 44 549
945 147 17 444
945 163 49 609
945 221 27 1376
945 236 58 1355
945 299 4 1162
945 310 47 1478
945 329 13 405
945 330 1 413
945 342 41 856
945 368 33 1296
945 391 7 253
945 398 20 110
946 5 43 467
946 77 55 525
946 101 51 418
946 125 40 1183
946 165 31 436
946 198 10 536
946 270 59 266
946 273 1 1335
946 281 37 1418
946 327 25 956
946 329 7 160
946 339 14 372
947 40 19 798
947 48 11 605
947 62 5 521
947 81 25 323
947 122 2 1088
947 181 22 1206
947 191 39 190
947 247 37 1339
947 272 55 614
947 284 13 591
947 347 49 885
947 383 31 705
948 11 49 549
948 13 25 201
948 18 43 774
948 32 46 473
948 43 9 1350
948 47 2 474
948 69 11 1406
948 108 31 13
948 120 7 1181
948 143 41 1498
948 187 23 122
948 211 37 1347
948 287 5 109
948 320 16 753
948 344 58 1253
949 2 37 1262
949 9 45 1134
949 10 51 578
949 13 21 808
949 30 11 679
949 97 14 1010
949 158 34 573
949 187 31 1187
949 230 55 1474
949 234 43 340
949 281 58 449
949 359 49 1072
949 390 25 681
950 5 15 669
950 32 37 1429
950 79 26 279
950 111 43 20
950 115 5 538
950 249 55 1455
950 256 22 551
950 346 31 1029
950 369 33 557
950 370 11 789
951 5 19 467
951 10 8 328
951 70 13 606
951 133 43 520
951 154 37 888
951 217 25 1097
951 220 56 1419
951 256 52 1094
951 309 1 1213
951 311 5 745
951 316 31 1348
951 336 46 172
951 376 41 544
952 27 23 778
952 54 57 606
952 91 13 87
952 147 39 602
952 154 50 888
952 169 17 1180
952 182 11 950
952 189 25 654
952 195 43 344
952 292 7 53
952 335 2 938
953 13 13 572
953 27 1 529
953 66 31 185
953 124 45 646
953 175 7 142
953 176 23 545
953 188 55 494
953 190 35 10
953 230 11 479
953 252 25 617
953 284 3 591
953 331 39 1361
954 128 23 1482
954 208 19 1273
954 223 15 51
954 236 4 791
954 238 31 1115
954 267 10 452
954 275 57 73
954 288 7 562
954 299 41 542
954 327 44 780
954 339 49 372
954 382 1 453
955 24 39 908
955 35 55 1335
955 47 4 688
955 54 43 523
955 151 37 249
955 184 19 816
955 203 31 1482
955 210 7 388
955 250 25 1452
955 269 15 662
955 321 11 299
955 393 49 1332
956 16 7 1012
956 51 20 1087
956 70 37 720
956 79 4 1272
956 139 43 450
956 176 55 1192
956 179 31 714
956 292 28 448
956 304 34 899
956 319 16 1366
956 328 13 725
956 344 1 1253
956 345 49 1383
956 360 25 107
956 389 11 975
957 1 40 1
957 60 43 993
957 117 23 1054
957 152 50 1376
957 178 7 1370
957 224 25 967
957 225 37 453
957 230 29 131
957 266 16 247
957 275 34 984
957 281 2 1418
957 297 9 163
957 322 19 1379
957 330 58 1307
957 337 47 1262
958 23 22 720
958 90 47 1290
958 99 7 124
958 154 49 700
958 182 45 950
958 208 13 1133
958 240 31 1053
958 252 25 185
958 330 58 1131
958 361 33 1063
958 366 1 923
958 372 4 1366
959 57 34 989
959 67 49 18
959 135 38 1115
959 148 47 1087
959 171 19 1203
959 190 45 1130
959 205 25 138
959 209 10 496
959 238 31 592
959 314 13 241
959 320 4 1307
959 345 56 145
959 352 17 816
959 356 53 428
959 364 8 869
960 44 25 1130
960 68 37 1252
960 85 55 1287
960 178 3 293
960 193 31 474
960 201 22 1471
960 219 28 1319
960 228 49 1297
960 249 51 447
960 269 5 1134
960 306 19 1384
960 338 45 23
960 339 7 1043
960 351 14 788
960 376 11 737
961 9 37 678
961 11 2 765
961 111 19 267
961 125 10 780
961 129 13 823
961 167 34 445
961 170 43 446
961 214 7 423
961 299 23 1162
961 322 46 524
961 332 17 989
961 334 52 1453
962 33 10 394
962 34 17 1040
962 52 25 1404
962 114 7 508
962 120 32 1181
962 127 4 90
962 151 1 1066
962 167 28 579
962 168 57 1020
962 207 13 1276
962 223 37 1000
962 232 19 931
962 274 23 1189
962 307 53 1470
962 371 43 81
963 42 31 530
963 129 49 568
963 142 11 1171
963 192 16 217
963 193 55 1189
963 207 7 712
963 230 53 479
963 238 5 614
963 242 43 1154
963 265 1 335
963 284 37 1243
963 332 21 697
963 338 25 8
964 50 52 1482
964 67 19 773
964 77 43 370
964 101 37 315
964 119 5 336
964 126 25 373
964 149 29 1146
964 166 17 299
964 271 13 40
964 373 8 912
964 388 1 470
964 389 47 813
965 4 35 715
965 29 10 695
965 58 19 815
965 62 8 629
965 100 31 857
965 115 49 1426
965 264 47 888
965 279 1 528
965 309 26 747
965 324 4 907
965 326 14 170
965 341 37 834
965 347 43 306
965 398 51 437
965 400 57 1310
966 38 43 137
966 74 23 1198
966 93 4 1203
966 140 1 147
966 211 19 364
966 240 37 1053
966 250 13 1232
966 251 28 778
966 258 50 698
966 270 11 924
966 325 35 193
966 336 57 172
966 348 7 1160
967 5 33 1404
967 10 52 1168
967 67 19 103
967 81 1 279
967 102 7 1173
967 169 23 1180
967 247 31 470
967 265 37 263
967 286 58 592
967 294 13 1293
967 331 17 241
967 349 28 835
967 376 11 1253
967 380 43 1385
968 53 7 745
968 82 25 139
968 154 19 1320
968 156 37 528
968 158 10 590
968 160 23 634
968 164 55 794
968 179 1 695
968 211 49 511
968 233 16 302
968 254 47 1211
968 332 29 1291
968 378 31 40
969 3 25 126
969 49 45 1473
969 52 43 609
969 117 23 1172
969 168 31 1159
969 197 59 1024
969 233 20 302
969 234 53 1207
969 263 37 686
969 282 1 898
969 292 40 1351
969 294 49 906
969 310 29 1094
969 327 34 956
969 395 13 804
970 46 37 1061
970 57 31 1239
970 77 8 1201
970 98 44 1314
970 117 41 73
970 121 23 434
970 131 51 902
970 158 17 356
970 225 25 750
970 256 55 1483
970 311 49 1124
970 339 2 1244
970 357 28 1131
971 3 1 1045
971 60 37 993
971 64 19 973
971 99 10 790
971 112 27 325
971 158 23 590
971 172 55 1363
971 174 13 688
971 242 50 774
971 296 31 113
971 347 43 1379
971 362 7 82
972 13 25 808
972 47 35 436
972 71 33 496
972 74 14 750
972 111 43 1251
972 130 31 78
972 279 10 455
972 304 39 899
972 333 41 1360
972 336 21 172
972 376 3 1116
972 378 53 69
972 399 58 1362
973 20 55 769
973 29 34 1168
973 99 52 452
973 114 11 283
973 140 31 1205
973 183 16 1035
973 204 19 551
973 304 27 899
973 308 13 535
973 318 22 449
973 319 1 378
973 365 46 1257
973 382 29 661
973 384 7 512
974 1 25 1
974 16 37 1012
974 36 13 51
974 139 49 1157
974 208 28 1133
974 238 33 1115
974 279 7 528
974 310 53 6
974 324 1 1407
974 366 55 1434
974 368 47 727
975 17 16 1287
975 64 37 1073
975 72 49 1294
975 195 19 344
975 196 7 1438
975 241 55 874
975 281 13 333
975 291 43 283
975 302 52 1499
975 356 29 136
975 394 1 918
976 21 49 869
976 24 33 908
976 56 59 1018
976 62 7 1474
976 143 23 845
976 160 17 549
976 198 1 139
976 203 55 1201
976 229 9 3
976 230 35 1474
976 260 25 958
976 294 37 286
976 309 43 747
976 332 41 989
976 340 13 14
977 11 32 403
977 45 28 178
977 56 47 1384
977 72 25 1087
977 90 53 1203
977 124 1 743
977 148 55 413
977 152 19 15
977 193 49 474
977 226 57 775
977 229 37 529
977 268 43 1461
977 365 16 1257
977 366 13 743
978 50 37 278
978 62 29 521
978 68 55 115
978 99 7 750
978 152 32 1376
978 156 21 1119
978 158 5 1396
978 184 25 1157
978 257 46 1039
978 258 1 947
978 304 51 899
978 358 10 1389
978 399 16 1362
979 52 58 44
979 132 15 1153
979 154 51 365
979 165 7 492
979 176 23 1019
979 196 46 591
979 213 1 1375
979 230 37 1010
979 241 31 380
979 353 4 434
979 368 41 1198
979 376 49 737
980 11 32 175
980 33 19 396
980 42 10 1299
980 108 43 748
980 184 37 958
980 198 4 139
980 230 23 1010
980 325 56 1312
980 327 25 1366
980 329 7 1381
980 359 17 449
980 376 15 1116
980 379 49 168
981 26 50 1126
981 30 28 679
981 69 33 78
981 93 37 1474
981 158 35 130
981 190 41 10
981 194 23 682
981 195 3 243
981 207 7 445
981 296 19 113
981 328 1 759
981 333 17 533
981 354 25 227
981 393 56 1244
982 12 7 737
982 14 1 560
982 34 55 1399
982 97 26 424
982 143 5 264
982 148 35 1087
982 154 19 888
982 175 13 142
982 189 57 693
982 196 37 1438
982 198 40 536
982 200 43 45
982 332 3 697
982 353 51 1049
982 387 31 1137
983 21 21 202
983 38 1 1081
983 95 7 749
983 143 5 1254
983 163 50 868
983 175 55 142
983 222 35 1384
983 223 25 51
983 234 11 1207
983 237 29 1191
983 325 59 1312
983 400 45 233
984 5 14 1350
984 12 31 1500
984 44 37 1327
984 260 7 958
984 285 43 970
984 292 28 53
984 309 49 747
984 314 1 81
984 329 25 1381
984 366 35 1434
984 369 55 597
984 382 11 1402
984 393 19 353
985 8 58 960
985 31 49 604
985 41 13 1066
985 85 37 259
985 137 47 328
985 148 7 1087
985 230 41 479
985 235 9 1034
985 270 3 303
985 338 55 1221
985 347 43 1124
985 353 28 1140
985 391 31 942
986 21 55 953
986 58 15 411
986 59 11 816
986 70 7 606
986 80 23 1372
986 103 31 1489
986 123 28 629
986 170 40 446
986 206 43 1407
986 218 1 1406
986 290 35 1406
986 355 51 1081
986 359 13 985
986 389 5 975
987 8 47 1438
987 16 26 1012
987 32 22 835
987 34 52 268
987 133 58 1116
987 134 37 967
987 143 7 297
987 158 35 259
987 166 1 299
987 189 43 1174
987 214 49 1080
987 225 10 1498
987 320 55 1307
987 349 3 409
987 386 31 1427
988 3 1 735
988 16 43 1012
988 31 19 604
988 67 7 773
988 138 37 363
988 150 40 871
988 168 23 559
988 201 13 6
988 218 55 657
988 249 32 1455
988 259 46 199
988 345 49 1418
988 385 26 976
989 2 55 1032
989 28 16 1028
989 60 49 993
989 65 7 447
989 125 44 1252
989 177 13 1489
989 184 3 298
989 230 1 349
989 245 25 1277
989 250 20 368
989 265 40 263
989 349 37 410
989 374 31 626
990 24 51 908
990 42 25 530
990 119 41 105
990 153 19 193
990 169 29 1180
990 219 43 1319
990 220 57 1273
990 228 55 1297
990 231 37 1163
990 262 3 190
990 264 1 634
990 314 32 1071
990 321 7 254
990 332 23 1073
990 335 11 693
991 68 25 924
991 79 31 299
991 91 47 87
991 254 41 1442
991 317 56 1079
991 320 10 1307
991 330 52 823
991 332 35 1291
991 342 45 1340
991 343 49 1481
991 379 37 594
991 385 13 1315
992 13 13 808
992 56 17 1311
992 58 57 102
992 93 19 76
992 106 44 1279
992 121 27 1469
992 209 37 1187
992 211 7 364
992 241 40 874
992 268 31 789
992 279 4 528
992 363 22 1156
992 398 49 905
993 6 7 476
993 54 14 310
993 56 3 131
993 140 32 147
993 159 57 1366
993 226 19 1102
993 260 45 725
993 285 50 766
993 306 22 146
993 325 5 315
993 378 28 1409
994 39 19 450
994 57 10 989
994 71 25 496
994 136 1 793
994 137 29 942
994 142 23 177
994 154 31 888
994 168 5 576
994 186 49 290
994 187 27 923
994 244 55 299
994 266 37 247
994 381 43 261
994 385 14 976
995 8 52 481
995 41 55 1066
995 70 31 780
995 73 37 325
995 93 25 1310
995 119 39 105
995 162 28 1065
995 164 19 454
995 198 46 177
995 213 49 823
995 284 14 76
995 294 1 800
995 318 7 603
995 332 5 1291
996 13 7 808
996 38 13 1081
996 47 35 241
996 106 55 1234
996 128 43 1194
996 184 46 958
996 210 37 230
996 229 31 697
996 258 16 698
996 306 1 454
996 309 19 1251
996 318 4 449
997 12 43 1198
997 97 33 35
997 145 31 905
997 153 49 770
997 172 1 1284
997 175 7 1424
997 247 39 226
997 274 41 993
997 282 16 898
997 328 29 372
997 330 19 107
997 347 55 1379
997 394 25 658
998 7 10 915
998 32 40 1429
998 67 2 1016
998 87 7 1399
998 101 20 627
998 140 37 1058
998 151 50 1066
998 170 43 1296
998 177 16 1425
998 200 25 445
998 273 31 661
998 339 55 1024
999 4 11 808
999 43 9 1054
999 114 49 353
999 117 46 434
999 131 32 902
999 148 15 1087
999 162 55 1065
999 212 19 834
999 262 40 357
999 309 51 1442
999 322 4 669
999 330 58 413
999 355 43 150
999 399 25 721
1000 9 37 786
1000 25 8 1360
1000 57 28 1239
1000 77 13 1014
1000 96 49 439
1000 108 31 525
1000 115 41 1085
1000 125 19 130
1000 195 45 293
1000 220 3 972
1000 264 17 1045
1000 283 35 1468
1000 337 1 395
1000 387 22 791
Điểm tối ưu/tốt nhất tìm được: 13140
Thời gian: 900.483323 giây
Trạng thái: VALID
