11755
1 36 16 999
1 48 25 775
1 75 51 1116
1 101 4 1071
1 105 29 1092
1 134 31 1113
1 144 7 1123
1 173 19 249
1 198 23 733
1 212 1 783
1 270 38 559
1 286 47 806
1 302 43 612
1 309 13 73
1 311 58 444
2 81 59 811
2 84 43 1099
2 90 35 940
2 96 25 1123
2 132 47 480
2 161 31 1118
2 168 29 1060
2 185 13 546
2 236 7 537
2 259 19 792
2 260 49 708
2 262 1 201
2 263 55 321
2 280 5 762
2 299 53 338
3 31 49 1074
3 59 4 787
3 73 19 75
3 88 22 1120
3 91 47 625
3 119 55 1103
3 139 25 854
3 146 35 237
3 154 37 769
3 229 1 256
3 241 7 730
3 253 29 1023
3 286 11 1001
3 289 14 261
3 308 58 370
4 12 35 545
4 23 17 604
4 79 37 418
4 80 46 549
4 90 5 1050
4 103 59 307
4 109 26 416
4 141 55 783
4 176 23 592
4 182 8 111
4 191 1 164
4 195 52 208
4 256 19 1021
4 263 13 947
4 317 28 381
5 11 49 911
5 35 13 124
5 60 33 30
5 66 7 133
5 91 53 99
5 120 40 101
5 145 5 188
5 151 55 424
5 194 19 714
5 197 44 899
5 205 29 518
5 274 1 31
5 303 17 624
5 315 59 1111
6 91 11 907
6 113 55 362
6 114 25 190
6 125 16 839
6 163 19 8
6 169 31 466
6 176 3 340
6 228 13 515
6 240 7 130
6 242 21 799
6 277 41 916
6 279 37 1103
6 287 49 86
6 301 44 1132
6 306 35 988
7 36 31 999
7 44 22 223
7 56 13 1078
7 83 55 794
7 91 17 157
7 111 58 527
7 118 11 609
7 172 49 633
7 199 34 902
7 203 7 630
7 212 47 96
7 271 1 133
7 288 25 688
7 308 19 928
7 320 41 595
8 37 25 525
8 55 14 129
8 57 59 1098
8 71 37 193
8 75 55 167
8 82 53 953
8 90 29 242
8 102 23 141
8 124 31 1185
8 176 11 899
8 240 43 1114
8 274 1 856
8 291 49 916
8 307 35 21
8 310 19 1039
9 7 17 702
9 52 35 107
9 63 43 1106
9 79 37 1006
9 110 4 826
9 121 13 713
9 122 7 1016
9 139 47 592
9 173 19 454
9 180 11 1033
9 195 58 607
9 200 23 136
9 221 55 223
9 255 51 976
9 318 1 1092
10 2 31 982
10 81 35 272
10 124 44 1185
10 152 7 656
10 171 37 676
10 180 13 391
10 181 5 554
10 188 52 1134
10 207 49 28
10 211 25 806
10 221 10 223
10 271 55 986
10 274 20 380
10 309 17 795
11 1 7 580
11 33 47 559
11 75 22 910
11 94 28 499
11 110 25 780
11 133 31 287
11 205 16 750
11 209 19 708
11 224 58 806
11 244 40 672
11 255 1 557
11 267 55 796
11 276 53 51
11 279 13 645
11 300 49 962
12 1 51 724
12 19 49 1020
12 43 22 966
12 48 7 879
12 71 37 73
12 82 59 303
12 93 29 708
12 115 19 358
12 177 13 1143
12 183 47 751
12 223 4 1131
12 233 56 1020
12 236 25 749
12 282 31 697
12 309 35 207
13 4 34 370
13 103 46 268
13 116 50 52
13 122 55 574
13 131 59 264
13 145 13 367
13 175 19 962
13 200 7 392
13 262 17 911
13 264 4 686
13 289 26 879
13 313 38 649
13 314 10 410
13 315 41 312
13 319 1 432
14 12 47 537
14 29 58 788
14 30 35 990
14 36 25 304
14 71 7 1043
14 103 5 730
14 115 37 223
14 116 19 191
14 185 43 758
14 240 1 818
14 266 40 135
14 275 23 886
14 302 13 927
14 315 29 678
14 316 49 286
15 6 31 571
15 32 51 743
15 47 2 51
15 65 10 418
15 83 25 794
15 134 13 676
15 138 17 456
15 155 35 99
15 183 46 738
15 203 38 338
15 252 28 216
15 257 19 208
15 258 7 296
15 293 59 512
15 318 55 753
16 22 16 535
16 56 46 574
16 68 10 405
16 73 43 1113
16 104 13 1056
16 157 49 1026
16 182 19 303
16 190 25 582
16 236 31 278
16 276 29 825
16 287 55 636
16 290 4 1163
16 293 23 424
16 306 59 354
16 311 1 206
17 29 40 601
17 42 43 1170
17 59 16 307
17 66 31 539
17 68 28 453
17 110 7 372
17 154 56 1171
17 181 1 55
17 195 52 578
17 204 22 94
17 235 47 481
17 238 35 78
17 243 3 805
17 267 10 935
17 309 19 413
18 31 31 968
18 50 37 61
18 70 49 477
18 94 16 764
18 116 51 282
18 170 25 601
18 174 19 32
18 197 43 303
18 210 1 358
18 215 27 437
18 258 4 239
18 285 55 929
18 295 10 811
18 296 29 959
19 20 28 22
19 24 59 1093
19 59 49 779
19 125 25 659
19 164 23 499
19 168 5 1060
19 209 40 549
19 226 35 883
19 239 31 303
19 259 7 433
19 284 19 593
19 289 13 956
19 294 43 924
19 298 1 136
19 312 37 285
20 41 34 557
20 57 53 688
20 68 47 474
20 84 19 975
20 101 40 1071
20 129 43 443
20 130 23 1143
20 157 27 1123
20 170 17 188
20 195 2 156
20 207 31 408
20 214 55 943
20 231 13 472
20 282 49 370
20 320 11 630
21 27 55 978
21 78 49 165
21 113 19 1141
21 124 31 475
21 137 44 604
21 151 7 366
21 161 25 55
21 162 53 829
21 207 16 1174
21 208 14 1170
21 225 1 565
21 271 38 189
21 320 35 1088
22 9 8 444
22 18 13 1074
22 29 31 187
22 50 52 454
22 89 34 536
22 93 23 323
22 111 49 1037
22 112 43 416
22 191 1 263
22 210 5 163
22 257 55 386
22 282 25 1092
22 288 37 522
22 312 19 285
22 314 16 294
23 10 7 354
23 22 25 535
23 31 1 554
23 37 19 857
23 45 17 105
23 49 35 677
23 65 49 512
23 98 37 857
23 128 31 648
23 216 55 947
23 218 13 59
23 221 40 223
23 243 43 677
24 7 17 2
24 24 41 1068
24 25 19 298
24 33 45 1067
24 52 29 87
24 118 11 1053
24 165 43 685
24 166 59 162
24 197 4 956
24 201 22 595
24 205 1 1189
24 243 37 1133
24 246 7 1048
24 251 31 162
24 308 34 618
25 15 8 2
25 27 43 228
25 69 28 821
25 92 41 1155
25 110 49 826
25 118 53 474
25 168 59 520
25 191 37 198
25 207 1 568
25 253 23 333
25 255 33 225
25 270 19 190
25 279 55 333
25 316 13 665
26 30 35 480
26 38 43 130
26 71 50 1043
26 118 28 639
26 121 25 380
26 133 13 859
26 142 19 1177
26 181 17 55
26 186 31 200
26 195 37 244
26 198 47 733
26 210 41 358
26 224 55 805
26 229 4 256
26 317 21 861
27 10 4 779
27 24 1 805
27 34 23 553
27 82 29 799
27 111 19 938
27 158 41 522
27 164 35 787
27 183 49 751
27 191 51 717
27 196 25 457
27 206 13 465
27 258 10 1061
27 293 59 261
27 296 17 959
27 303 47 998
28 1 7 655
28 18 50 377
28 43 28 717
28 57 47 966
28 114 3 1111
28 155 1 636
28 169 31 1009
28 198 53 528
28 204 37 549
28 218 55 592
28 229 16 740
28 234 19 343
28 300 43 907
28 318 40 541
29 28 25 284
29 43 1 630
29 55 4 412
29 97 43 283
29 107 14 13
29 115 7 450
29 160 31 436
29 168 41 295
29 170 39 913
29 192 19 409
29 219 10 1157
29 256 49 944
29 286 29 283
29 295 22 600
29 309 34 387
30 36 49 228
30 57 53 1098
30 83 46 534
30 129 39 207
30 132 35 575
30 150 23 263
30 163 1 8
30 197 7 667
30 206 10 99
30 225 13 287
30 238 58 78
30 245 26 124
30 261 17 576
30 314 43 940
30 320 5 1074
31 11 32 353
31 29 3 624
31 36 25 434
31 108 16 667
31 141 55 640
31 163 41 534
31 180 29 515
31 196 37 457
31 198 11 528
31 206 8 134
31 208 23 123
31 239 43 966
31 282 19 121
31 312 52 171
32 11 56 217
32 28 38 401
32 29 49 1000
32 120 28 466
32 148 23 593
32 158 10 1026
32 192 19 302
32 193 59 1128
32 194 43 735
32 199 13 806
32 218 31 549
32 247 17 118
32 269 7 628
32 303 3 1015
33 10 13 803
33 15 50 989
33 35 55 40
33 60 38 1169
33 91 29 508
33 118 32 79
33 165 47 228
33 169 19 466
33 192 7 940
33 199 16 806
33 231 5 206
33 243 1 677
33 256 43 944
33 261 23 312
33 265 25 1088
34 19 1 920
34 58 25 366
34 104 35 283
34 129 43 329
34 132 23 383
34 137 31 501
34 141 19 954
34 150 59 576
34 177 3 287
34 191 55 220
34 193 29 528
34 202 50 123
34 254 16 409
34 267 7 1044
34 269 10 360
35 41 1 539
35 46 53 970
35 66 33 662
35 71 49 183
35 187 55 605
35 189 9 407
35 195 13 244
35 205 59 1189
35 214 37 1060
35 233 5 1099
35 254 28 231
35 275 23 1088
35 286 17 567
35 287 19 1026
35 316 43 87
36 30 4 929
36 33 41 559
36 61 13 618
36 78 25 1112
36 106 47 124
36 131 29 688
36 133 31 47
36 136 55 522
36 144 43 418
36 158 59 568
36 205 7 750
36 241 52 1015
36 271 19 294
36 278 1 905
36 280 35 459
37 26 37 718
37 36 13 1007
37 45 1 863
37 46 33 197
37 56 7 748
37 58 28 366
37 73 58 507
37 93 47 52
37 109 25 752
37 126 20 92
37 211 49 678
37 225 3 426
37 253 11 1023
37 285 43 929
37 309 16 578
38 1 31 770
38 6 1 739
38 104 35 273
38 133 43 58
38 144 13 1016
38 147 53 522
38 160 37 436
38 213 19 697
38 220 56 1052
38 226 47 525
38 239 49 418
38 254 22 614
38 274 7 31
38 305 25 866
39 29 37 405
39 50 4 527
39 89 43 464
39 135 40 512
39 140 55 700
39 182 20 1099
39 185 25 414
39 193 47 578
39 209 7 708
39 215 53 1149
39 241 34 906
39 242 49 219
39 277 17 206
39 299 1 808
39 300 10 748
40 25 7 298
40 27 43 306
40 45 29 37
40 62 1 748
40 130 17 318
40 160 52 1093
40 166 5 840
40 179 57 413
40 277 55 486
40 284 25 731
40 286 31 644
40 295 33 317
40 305 13 605
40 306 41 587
41 10 43 316
41 23 35 197
41 25 19 788
41 40 7 911
41 50 55 854
41 122 13 96
41 132 31 225
41 160 46 1156
41 161 9 1084
41 179 37 206
41 183 41 924
41 184 53 944
41 241 26 657
41 251 4 938
41 294 49 999
42 24 17 582
42 36 7 434
42 44 23 885
42 62 10 1104
42 70 37 477
42 82 59 75
42 116 55 614
42 153 34 625
42 173 13 635
42 178 1 718
42 179 19 206
42 255 49 257
42 270 46 938
42 300 25 350
42 303 29 899
43 17 37 806
43 46 43 506
43 66 55 525
43 71 19 73
43 97 49 37
43 125 34 659
43 126 13 547
43 147 11 387
43 174 25 1107
43 278 31 904
43 286 7 567
43 291 45 429
43 301 1 204
44 5 56 1079
44 34 13 895
44 62 31 101
44 76 23 1170
44 84 52 648
44 87 19 1057
44 106 47 515
44 111 10 928
44 131 45 1044
44 185 37 31
44 232 5 60
44 251 34 693
44 268 25 133
44 284 15 979
44 297 29 219
45 8 47 859
45 44 4 36
45 55 25 129
45 119 31 416
45 131 17 525
45 140 38 700
45 196 19 472
45 197 1 667
45 211 7 806
45 229 28 740
45 233 23 1020
45 247 34 812
45 248 55 1063
45 262 53 201
45 282 49 656
46 11 34 1056
46 17 1 806
46 72 25 1046
46 117 5 849
46 131 41 920
46 144 49 381
46 156 17 885
46 223 58 123
46 228 37 530
46 241 22 803
46 243 13 1133
46 275 53 1056
46 280 11 739
46 302 7 577
46 307 45 465
47 3 55 616
47 4 13 77
47 24 43 92
47 42 45 832
47 57 29 545
47 84 4 706
47 110 25 826
47 115 7 611
47 168 35 821
47 185 31 546
47 198 10 1143
47 203 49 339
47 228 1 875
47 231 17 1061
47 296 59 1144
48 22 52 164
48 47 8 323
48 98 49 857
48 99 31 404
48 130 14 348
48 140 37 919
48 153 26 1022
48 168 41 1033
48 180 5 466
48 209 1 708
48 225 56 426
48 253 23 336
48 255 19 257
48 269 16 785
48 284 43 731
49 16 8 190
49 38 55 738
49 78 26 702
49 84 19 353
49 88 14 1195
49 99 1 515
49 104 5 465
49 119 52 239
49 158 47 948
49 218 33 947
49 252 16 1132
49 258 38 875
49 262 22 201
49 311 43 481
50 32 7 387
50 50 1 61
50 101 31 632
50 126 25 92
50 132 59 585
50 157 49 881
50 164 47 151
50 175 20 1073
50 187 34 966
50 238 4 1106
50 243 37 805
50 246 29 1108
50 266 56 407
50 315 53 1111
50 317 43 1057
51 4 7 69
51 11 2 773
51 14 19 269
51 38 37 1041
51 53 21 42
51 80 55 821
51 87 49 164
51 108 25 940
51 183 11 968
51 211 33 294
51 213 52 911
51 233 31 1099
51 248 43 934
51 307 29 1156
51 308 13 988
52 10 13 27
52 42 19 295
52 101 16 973
52 111 1 1079
52 118 23 436
52 142 59 1177
52 189 55 317
52 199 46 717
52 206 4 792
52 208 7 1170
52 260 31 338
52 271 9 605
52 301 37 988
52 313 43 970
52 314 25 410
53 39 7 535
53 55 38 129
53 71 1 1043
53 86 41 1130
53 106 59 787
53 109 5 752
53 112 19 959
53 124 13 815
53 137 34 40
53 179 43 582
53 198 47 577
53 245 25 1019
53 265 55 968
53 282 49 974
53 315 23 375
54 9 7 566
54 28 19 1050
54 46 13 711
54 99 55 1100
54 108 10 142
54 138 1 456
54 159 23 635
54 171 16 819
54 173 40 410
54 208 47 465
54 210 29 707
54 218 43 948
54 256 31 1021
54 279 25 198
54 301 49 966
55 3 37 1088
55 29 43 32
55 39 7 18
55 58 57 1106
55 64 3 601
55 115 25 656
55 123 19 377
55 131 11 471
55 155 5 133
55 187 52 767
55 193 29 781
55 200 17 971
55 240 31 130
55 305 13 748
56 2 43 849
56 12 5 758
56 38 55 1187
56 53 28 6
56 71 19 1131
56 107 1 450
56 165 53 356
56 193 23 234
56 215 17 437
56 226 11 883
56 229 49 740
56 282 37 962
56 305 32 344
56 317 13 861
56 318 8 317
57 3 7 234
57 5 31 32
57 33 53 1106
57 82 1 799
57 88 5 1195
57 105 17 536
57 114 37 886
57 136 22 688
57 169 13 127
57 182 55 22
57 254 49 619
57 286 35 37
57 295 25 811
57 306 41 697
57 309 29 207
58 6 15 739
58 23 13 979
58 41 10 272
58 45 19 105
58 54 59 940
58 97 43 37
58 117 49 942
58 146 38 237
58 147 1 1058
58 189 52 111
58 203 25 779
58 232 35 60
58 275 5 164
58 304 55 219
58 318 40 618
59 7 11 1163
59 23 23 979
59 41 50 271
59 78 1 846
59 80 7 600
59 133 44 135
59 151 19 998
59 174 25 312
59 195 58 547
59 199 31 935
59 239 37 348
59 262 53 778
59 308 16 771
60 8 5 859
60 15 20 989
60 39 56 535
60 97 13 283
60 125 49 659
60 127 9 1060
60 132 17 129
60 149 1 738
60 164 29 787
60 172 44 170
60 178 37 55
60 179 25 329
60 260 31 88
60 264 52 1040
60 277 35 486
61 16 25 1189
61 28 37 120
61 131 53 231
61 188 43 1134
61 193 55 1113
61 211 7 1102
61 223 31 534
61 238 13 674
61 240 49 130
61 254 34 778
61 269 46 459
61 295 15 639
61 305 1 279
61 313 22 527
61 320 59 1074
62 19 9 821
62 40 29 706
62 65 19 135
62 90 23 242
62 106 25 501
62 119 49 648
62 123 43 1027
62 131 7 307
62 138 46 117
62 174 56 193
62 219 1 73
62 258 4 771
62 301 13 100
62 303 17 916
62 316 38 388
63 11 3 617
63 68 53 114
63 79 31 628
63 81 11 420
63 90 35 165
63 117 51 942
63 133 19 1079
63 136 16 522
63 167 41 775
63 187 8 962
63 223 28 123
63 234 43 343
63 239 55 348
63 262 47 930
63 286 23 806
64 40 53 1074
64 66 55 662
64 77 43 808
64 130 59 217
64 140 19 700
64 152 11 946
64 174 26 961
64 193 47 541
64 233 5 22
64 236 1 278
64 243 7 1133
64 287 31 527
64 299 41 808
64 305 49 950
64 306 35 718
65 74 37 823
65 95 29 818
65 109 13 572
65 112 49 1174
65 114 1 506
65 145 59 672
65 181 17 753
65 188 43 190
65 254 10 614
65 277 41 755
65 286 53 383
65 296 5 571
65 298 46 617
65 299 7 808
65 301 19 1132
66 40 1 467
66 94 31 641
66 104 59 832
66 118 41 474
66 165 17 938
66 172 25 141
66 196 3 457
66 238 55 13
66 244 37 336
66 250 19 1125
66 260 13 216
66 262 11 201
66 280 7 670
66 287 43 645
66 296 29 418
67 3 25 207
67 64 59 188
67 83 14 1040
67 118 35 92
67 137 38 645
67 147 53 1058
67 172 7 773
67 182 55 595
67 232 23 1163
67 236 49 749
67 247 41 307
67 257 43 383
67 296 11 571
67 299 47 338
67 319 1 443
68 1 43 770
68 35 29 1052
68 81 59 480
68 84 19 665
68 89 1 141
68 91 53 424
68 132 47 815
68 188 22 190
68 197 34 667
68 218 49 611
68 257 25 902
68 259 38 372
68 284 55 464
68 289 9 311
68 314 4 663
69 29 43 307
69 39 13 685
69 86 17 78
69 91 35 157
69 96 11 501
69 121 3 546
69 142 41 345
69 144 7 188
69 167 20 810
69 223 28 469
69 236 49 343
69 246 23 594
69 278 25 905
69 301 37 337
69 317 31 861
70 17 13 1015
70 58 37 1020
70 69 58 505
70 88 31 1195
70 100 43 852
70 153 50 727
70 167 17 810
70 169 9 1009
70 210 7 286
70 226 53 685
70 232 41 450
70 249 26 327
70 250 4 451
70 257 20 1087
70 318 55 1071
71 10 49 316
71 12 17 271
71 29 31 1134
71 37 44 902
71 39 57 1116
71 62 19 906
71 84 22 975
71 95 35 767
71 97 7 691
71 115 52 1008
71 161 37 883
71 182 13 198
71 197 1 512
71 204 4 162
71 237 26 553
72 55 37 543
72 61 20 207
72 70 13 477
72 79 31 793
72 105 53 537
72 114 49 506
72 130 3 348
72 152 11 314
72 153 44 1020
72 268 25 1122
72 278 40 1127
72 288 55 292
72 293 59 54
72 309 16 913
72 314 28 557
73 24 41 1187
73 37 31 469
73 59 1 148
73 64 17 969
73 78 25 875
73 88 13 876
73 106 29 408
73 130 23 1009
73 147 11 216
73 172 19 778
73 200 35 28
73 276 5 111
73 283 51 999
73 287 55 904
73 312 44 171
74 25 31 298
74 34 41 547
74 60 37 278
74 79 49 1143
74 96 59 707
74 98 34 920
74 120 55 1050
74 173 13 392
74 180 47 51
74 197 43 477
74 256 26 484
74 271 20 935
74 274 2 585
74 291 7 943
74 313 16 527
75 55 3 291
75 62 31 216
75 64 35 336
75 78 13 33
75 79 55 520
75 90 11 340
75 106 47 750
75 118 1 40
75 148 27 376
75 149 37 80
75 164 41 954
75 196 7 351
75 225 49 565
75 290 19 311
75 314 22 940
76 12 53 1041
76 14 59 155
76 23 32 54
76 32 13 631
76 46 23 197
76 61 1 1012
76 64 5 1021
76 72 43 185
76 73 34 582
76 151 49 1087
76 167 19 775
76 213 37 105
76 221 9 656
76 246 17 1028
76 281 25 1132
77 2 43 242
77 3 37 557
77 4 34 839
77 16 55 1128
77 84 22 353
77 92 53 257
77 133 7 953
77 149 1 1025
77 159 41 635
77 186 28 259
77 225 13 426
77 270 19 559
77 293 25 36
77 300 49 808
78 15 43 1149
78 27 13 157
78 72 31 114
78 74 55 838
78 94 37 383
78 114 49 147
78 119 27 750
78 131 1 356
78 165 17 986
78 184 25 1141
78 200 23 475
78 223 4 123
78 248 8 1063
78 250 40 1125
78 313 19 527
79 2 37 982
79 12 55 450
79 93 29 279
79 98 43 764
79 103 11 380
79 110 16 826
79 111 7 693
79 154 25 1176
79 203 49 100
79 229 57 740
79 245 19 79
79 249 31 981
79 270 13 146
79 308 46 982
79 319 2 469
80 28 44 609
80 55 7 522
80 104 59 2
80 108 10 940
80 126 26 532
80 131 55 471
80 145 5 474
80 161 49 60
80 195 40 1134
80 218 19 947
80 233 16 1099
80 281 31 559
80 287 1 1078
80 290 34 714
80 314 13 663
81 56 52 788
81 84 16 353
81 86 29 938
81 87 25 849
81 128 22 771
81 142 35 1177
81 150 43 896
81 159 11 65
81 167 31 1180
81 195 49 239
81 212 5 96
81 259 1 366
81 276 59 28
81 279 19 990
81 305 7 767
82 7 35 1012
82 17 43 475
82 35 21 976
82 38 7 735
82 41 28 60
82 51 25 1125
82 61 55 618
82 94 16 499
82 141 31 442
82 245 49 189
82 252 2 286
82 261 59 861
82 273 37 503
82 275 11 886
82 286 47 201
83 5 43 129
83 45 23 65
83 92 35 1155
83 93 41 279
83 109 37 281
83 127 19 335
83 142 39 1177
83 159 17 1006
83 178 26 424
83 186 10 200
83 238 47 13
83 250 7 796
83 288 13 630
83 312 1 285
84 6 7 678
84 23 53 979
84 41 22 800
84 42 38 832
84 54 35 607
84 98 16 890
84 124 25 1185
84 130 3 318
84 144 43 381
84 152 11 185
84 220 55 1151
84 275 1 1015
84 282 31 664
84 316 49 805
84 320 47 375
85 2 49 624
85 63 43 434
85 88 3 876
85 102 59 122
85 124 13 1185
85 138 27 456
85 152 5 185
85 156 17 594
85 180 53 87
85 200 11 971
85 218 39 490
85 237 31 1037
85 299 35 443
85 300 22 1113
85 302 7 236
86 1 13 580
86 10 37 677
86 21 7 358
86 32 43 1033
86 49 29 677
86 97 49 691
86 182 55 731
86 211 25 1102
86 213 19 981
86 255 31 1040
86 270 22 938
86 298 40 141
86 303 47 536
86 307 59 407
87 48 37 1021
87 63 31 358
87 68 1 405
87 108 49 667
87 122 43 45
87 127 26 271
87 130 10 318
87 133 19 811
87 153 4 968
87 155 35 426
87 206 16 134
87 250 7 179
87 307 13 784
87 308 55 106
88 35 11 367
88 45 53 863
88 48 13 686
88 55 1 1035
88 67 49 197
88 74 7 838
88 82 41 545
88 118 25 815
88 136 55 1068
88 159 17 1002
88 230 37 87
88 241 4 906
88 273 19 1023
88 294 59 1059
88 302 43 360
89 23 53 54
89 33 55 764
89 43 31 717
89 55 58 522
89 90 29 760
89 97 25 283
89 109 13 752
89 110 34 118
89 115 37 713
89 170 17 502
89 207 4 568
89 230 7 148
89 243 20 1133
89 251 10 1085
89 254 1 47
90 8 53 329
90 18 32 913
90 30 7 906
90 31 19 528
90 57 1 219
90 88 59 876
90 109 35 38
90 124 27 534
90 131 11 231
90 201 23 676
90 207 43 771
90 220 38 1151
90 251 55 810
90 296 47 571
90 311 16 481
91 3 49 234
91 44 29 278
91 105 35 927
91 127 56 47
91 135 13 924
91 142 47 1177
91 147 53 117
91 148 11 593
91 183 23 356
91 190 1 883
91 218 25 969
91 243 19 247
91 256 37 215
91 267 31 769
91 289 7 920
92 6 27 54
92 34 41 773
92 35 53 1052
92 76 7 946
92 145 47 81
92 186 16 259
92 217 1 12
92 221 58 1026
92 264 19 940
92 267 4 1020
92 271 31 986
92 281 43 956
92 287 49 220
92 297 11 813
92 319 37 753
93 12 29 61
93 36 4 434
93 52 23 310
93 116 37 191
93 132 17 1040
93 144 31 1074
93 177 13 314
93 233 35 780
93 237 8 1127
93 238 47 1050
93 244 1 953
93 273 55 579
93 274 25 1084
93 283 19 637
93 287 43 81
94 15 7 1160
94 27 55 306
94 52 47 996
94 58 49 1088
94 108 33 1151
94 112 13 587
94 117 43 1151
94 136 52 534
94 142 31 1177
94 194 19 986
94 236 25 537
94 240 37 818
94 279 1 387
95 12 10 450
95 33 5 528
95 47 19 391
95 57 17 233
95 122 49 574
95 129 43 858
95 135 37 386
95 157 25 1104
95 173 7 825
95 189 40 165
95 193 29 578
95 195 34 1072
95 233 53 1099
95 252 13 1123
95 288 55 566
96 43 25 594
96 46 11 1028
96 65 56 575
96 134 49 376
96 137 22 135
96 171 1 138
96 189 13 811
96 193 47 587
96 199 37 828
96 225 7 273
96 271 31 133
96 278 43 1127
96 298 40 136
97 26 58 412
97 37 37 870
97 43 13 60
97 67 50 997
97 98 55 890
97 161 8 55
97 210 3 358
97 238 5 674
97 243 25 247
97 248 21 1063
97 280 17 388
97 285 45 483
97 286 35 567
97 308 31 566
98 31 27 968
98 33 16 1130
98 102 47 69
98 117 5 1185
98 120 43 730
98 126 19 547
98 128 31 1156
98 130 1 1009
98 146 51 237
98 162 23 755
98 184 35 360
98 205 11 750
98 211 37 859
98 268 58 61
98 273 7 579
99 5 49 117
99 98 1 890
99 102 45 547
99 122 13 489
99 134 55 376
99 168 59 612
99 179 19 818
99 205 17 650
99 206 7 465
99 214 37 354
99 222 41 678
99 263 25 871
99 288 31 121
99 290 4 959
99 294 23 854
100 14 4 832
100 19 11 773
100 49 25 162
100 101 32 484
100 137 28 999
100 147 1 216
100 166 23 805
100 185 50 31
100 211 19 1008
100 258 43 1061
100 275 35 164
100 278 55 80
100 289 7 136
100 295 16 705
100 307 47 21
101 3 43 1088
101 71 31 609
101 113 14 1012
101 115 7 1008
101 214 51 1025
101 216 19 765
101 225 25 273
101 230 40 268
101 245 55 1028
101 250 2 1167
101 275 23 265
101 280 59 610
101 319 37 304
102 28 13 1050
102 38 25 340
102 98 37 466
102 160 55 86
102 170 17 870
102 183 35 849
102 238 29 795
102 262 21 376
102 264 52 664
102 281 2 793
102 289 7 996
102 293 19 372
102 298 58 506
102 316 43 587
102 320 41 630
103 68 9 829
103 69 40 518
103 82 35 819
103 117 16 942
103 168 11 688
103 194 25 1157
103 195 31 244
103 204 13 483
103 232 53 450
103 238 1 1106
103 264 4 1053
103 284 49 408
103 300 46 870
103 315 29 190
103 317 56 1057
104 6 31 578
104 11 22 454
104 39 7 391
104 142 11 1177
104 154 1 1104
104 204 50 549
104 230 58 1157
104 245 43 124
104 251 55 1029
104 259 25 1100
104 264 19 803
104 265 37 469
104 285 13 386
105 27 25 1138
105 36 31 663
105 45 17 37
105 54 53 812
105 60 1 705
105 67 49 637
105 80 43 411
105 96 47 401
105 102 7 547
105 174 9 1107
105 191 20 33
105 194 38 1019
105 196 55 457
105 227 13 749
105 235 5 220
106 60 13 30
106 62 7 250
106 75 31 574
106 112 43 1129
106 113 55 900
106 132 17 59
106 133 50 135
106 165 41 1170
106 172 19 633
106 196 37 351
106 254 34 717
106 302 2 612
106 316 25 743
106 317 10 1057
107 5 7 201
107 9 37 976
107 10 40 316
107 11 43 881
107 104 35 129
107 143 1 1048
107 145 29 312
107 146 27 237
107 151 31 998
107 172 55 773
107 185 19 546
107 194 13 167
107 233 23 247
107 292 51 1130
107 315 17 512
108 11 55 975
108 35 35 506
108 46 41 911
108 49 32 750
108 95 17 386
108 128 14 648
108 129 49 780
108 153 28 625
108 166 53 805
108 195 25 6
108 202 1 1122
108 273 8 503
108 277 22 1085
108 292 37 856
108 299 47 329
109 8 28 575
109 31 20 1189
109 34 11 193
109 53 52 358
109 73 49 75
109 97 13 691
109 116 43 614
109 125 25 1174
109 240 31 545
109 259 7 914
109 282 37 1194
109 285 55 257
109 292 1 576
110 33 17 990
110 50 52 61
110 71 55 609
110 142 47 345
110 156 11 743
110 167 7 775
110 185 43 31
110 190 37 221
110 196 31 472
110 199 49 252
110 231 23 561
110 239 19 568
110 264 1 1053
110 286 29 806
110 309 4 387
111 6 49 87
111 46 53 693
111 138 19 117
111 170 13 1000
111 189 46 165
111 220 1 302
111 234 26 343
111 253 59 1023
111 257 37 907
111 260 8 823
111 277 57 907
111 278 16 490
111 288 21 321
111 299 5 808
111 310 31 1039
112 13 1 69
112 35 25 592
112 42 55 295
112 58 10 1088
112 110 7 780
112 171 28 377
112 172 13 170
112 179 49 472
112 180 35 515
112 198 53 733
112 212 41 813
112 243 3 247
112 287 31 1078
112 289 20 735
112 317 43 332
113 2 37 1156
113 8 17 652
113 22 19 69
113 24 59 490
113 35 47 1170
113 72 7 185
113 88 29 876
113 121 13 982
113 181 23 988
113 201 49 1039
113 242 55 799
113 269 43 796
113 277 41 795
113 311 4 767
113 316 32 969
114 12 29 537
114 15 43 333
114 21 37 866
114 30 17 480
114 66 49 105
114 121 10 207
114 130 41 1016
114 131 47 1044
114 165 5 228
114 169 1 249
114 186 22 259
114 187 19 279
114 209 7 549
114 237 13 47
114 320 25 735
115 9 43 367
115 54 16 163
115 55 40 412
115 61 32 499
115 102 29 141
115 137 13 197
115 143 57 1108
115 148 53 950
115 167 25 810
115 196 20 351
115 203 49 1157
115 228 2 151
115 269 10 215
115 313 37 101
116 6 37 604
116 31 13 828
116 34 25 895
116 51 31 106
116 88 10 1120
116 98 52 857
116 124 55 1185
116 156 59 856
116 190 1 948
116 200 29 311
116 210 5 327
116 221 7 383
116 249 19 327
116 251 43 810
116 293 41 424
117 3 13 408
117 17 37 114
117 24 5 1043
117 53 55 633
117 55 31 1043
117 61 51 499
117 65 28 1006
117 102 19 122
117 119 58 499
117 132 47 225
117 202 43 616
117 230 34 386
117 245 21 433
117 259 1 862
117 304 8 792
118 37 37 1199
118 58 55 914
118 62 58 705
118 116 25 614
118 147 5 216
118 172 19 1072
118 185 43 1176
118 242 49 92
118 255 15 412
118 262 23 609
118 266 34 875
118 274 7 328
118 277 41 863
118 299 13 808
119 2 25 242
119 11 58 244
119 14 53 155
119 27 39 978
119 82 29 295
119 85 9 459
119 88 5 876
119 145 23 1141
119 147 49 501
119 150 37 825
119 154 19 512
119 202 43 64
119 206 13 751
119 235 17 607
119 259 33 1141
120 11 55 353
120 13 9 727
120 26 4 410
120 54 17 87
120 66 37 329
120 135 19 755
120 138 41 456
120 215 29 437
120 216 43 821
120 219 32 727
120 222 11 328
120 227 13 812
120 258 22 49
120 270 1 252
120 277 59 795
121 23 35 614
121 73 52 6
121 106 59 101
121 119 16 1054
121 127 31 20
121 154 55 286
121 159 1 1176
121 183 29 120
121 199 49 935
121 214 25 829
121 227 40 749
121 233 46 1099
121 251 22 1029
121 283 3 637
121 293 11 426
122 3 13 234
122 18 31 1111
122 21 37 344
122 74 25 739
122 76 43 631
122 81 29 743
122 118 9 815
122 145 11 1141
122 175 47 358
122 193 35 1113
122 195 19 1134
122 208 53 27
122 231 23 387
122 263 1 217
122 303 17 130
123 31 25 828
123 33 35 1160
123 43 44 594
123 73 10 165
123 77 37 32
123 82 7 545
123 110 13 278
123 120 1 1001
123 133 55 879
123 148 59 323
123 170 29 1000
123 225 50 333
123 251 22 693
123 270 19 345
123 299 17 1128
124 2 43 1026
124 31 1 167
124 74 31 1029
124 77 49 1056
124 93 59 97
124 100 37 635
124 102 35 221
124 157 7 501
124 204 19 600
124 236 55 749
124 269 27 854
124 311 22 962
124 316 13 87
125 9 22 630
125 10 55 803
125 12 17 537
125 20 4 252
125 28 13 1171
125 51 46 106
125 73 58 810
125 110 19 826
125 175 49 1073
125 183 41 930
125 186 1 609
125 245 32 1152
125 249 25 890
125 293 53 1102
125 298 10 1078
126 3 1 1100
126 26 28 410
126 33 59 990
126 48 13 879
126 79 43 223
126 126 55 408
126 148 5 86
126 192 7 974
126 198 17 1143
126 200 20 1155
126 221 10 327
126 262 23 376
126 267 49 769
126 276 41 744
126 311 34 568
127 15 25 1160
127 43 55 506
127 46 59 64
127 105 37 941
127 125 45 659
127 170 16 1000
127 188 13 1134
127 191 49 731
127 205 1 750
127 244 10 42
127 258 32 1061
127 273 3 503
127 296 35 571
127 318 40 996
128 39 26 635
128 80 31 314
128 119 40 499
128 132 23 464
128 168 53 81
128 176 5 693
128 198 1 383
128 208 47 434
128 213 58 418
128 218 43 1072
128 228 16 875
128 229 37 927
128 246 11 751
128 275 3 886
128 306 34 852
129 38 31 586
129 41 25 505
129 44 5 108
129 119 28 784
129 121 1 310
129 174 20 1194
129 177 55 28
129 232 41 42
129 281 13 1132
129 289 37 1102
129 290 16 1192
129 300 49 1160
129 301 9 167
129 305 43 866
129 315 7 512
130 8 13 272
130 72 43 114
130 98 52 971
130 123 49 640
130 125 7 757
130 170 5 913
130 182 37 111
130 229 10 740
130 236 25 400
130 284 1 940
130 295 22 639
130 301 31 223
130 316 55 1098
130 318 19 1092
130 320 17 1171
131 5 49 829
131 31 7 302
131 49 53 764
131 56 40 788
131 121 31 1199
131 146 15 237
131 149 19 1033
131 176 11 150
131 186 58 200
131 238 37 1106
131 251 27 810
131 258 55 593
131 265 43 324
131 270 1 146
131 294 23 870
132 17 55 434
132 42 31 1170
132 52 5 292
132 60 49 845
132 75 7 165
132 106 11 953
132 110 44 826
132 132 17 731
132 141 25 954
132 143 13 1094
132 147 59 947
132 177 20 890
132 199 1 652
132 232 47 1118
132 237 38 47
133 35 29 1170
133 38 49 738
133 91 1 907
133 108 13 940
133 135 31 852
133 142 23 1177
133 152 3 216
133 157 37 839
133 173 55 607
133 211 43 688
133 222 17 190
133 244 19 953
133 253 35 333
133 270 25 541
133 316 7 969
134 1 43 486
134 44 11 920
134 50 16 263
134 74 49 1002
134 77 1 32
134 82 5 783
134 91 9 750
134 97 57 283
134 125 13 659
134 148 53 904
134 151 37 1050
134 158 29 457
134 183 35 471
134 224 19 59
134 303 55 276
135 25 34 788
135 31 49 566
135 51 46 1058
135 58 7 272
135 84 28 789
135 143 19 972
135 162 41 829
135 183 3 849
135 196 37 276
135 209 14 835
135 255 55 70
135 261 53 20
135 267 43 935
135 269 10 628
135 318 25 935
136 21 50 69
136 23 59 614
136 51 26 1194
136 76 47 556
136 79 43 453
136 105 17 927
136 138 19 456
136 159 41 688
136 186 1 259
136 215 15 437
136 258 55 771
136 285 37 813
136 288 7 964
136 292 31 1098
136 296 35 959
137 52 17 133
137 101 13 1071
137 120 43 1000
137 132 47 731
137 144 31 876
137 164 49 954
137 167 23 810
137 174 37 1107
137 199 7 1050
137 230 57 784
137 246 55 1043
137 277 41 486
137 292 1 780
137 312 10 171
137 313 28 527
138 24 17 1187
138 26 19 412
138 83 7 534
138 109 53 38
138 156 55 644
138 196 31 351
138 201 35 595
138 202 13 495
138 203 1 910
138 206 28 751
138 226 23 875
138 228 49 1128
138 229 45 256
138 262 41 1182
138 293 11 1156
139 25 58 298
139 31 31 753
139 54 22 863
139 77 1 414
139 89 49 464
139 109 16 572
139 135 13 750
139 153 28 350
139 170 5 490
139 174 7 321
139 201 47 142
139 207 55 678
139 216 43 664
139 277 35 440
139 279 40 571
140 1 19 724
140 12 59 537
140 13 4 58
140 63 25 1035
140 103 53 307
140 133 15 895
140 136 37 656
140 145 41 45
140 160 7 395
140 170 23 188
140 219 1 811
140 268 10 1039
140 270 34 559
140 283 43 21
140 305 49 68
141 14 16 625
141 37 31 480
141 47 7 556
141 58 13 286
141 87 49 698
141 89 46 554
141 109 11 281
141 138 35 456
141 207 43 1040
141 223 4 78
141 233 23 435
141 245 56 698
141 273 26 579
141 288 37 595
142 36 44 304
142 118 41 40
142 193 53 656
142 195 19 6
142 215 11 437
142 235 59 220
142 242 13 265
142 248 33 934
142 258 3 49
142 273 55 503
142 282 7 961
142 286 1 567
142 303 23 130
142 320 28 656
143 11 56 264
143 44 35 1144
143 88 25 876
143 90 59 165
143 112 31 127
143 127 1 650
143 128 43 466
143 135 28 512
143 160 7 86
143 164 11 189
143 201 47 475
143 217 53 1050
143 265 13 347
143 276 41 579
143 302 20 360
144 11 52 353
144 23 5 748
144 45 17 65
144 48 7 412
144 78 55 665
144 114 25 886
144 122 37 45
144 171 46 1029
144 194 13 911
144 252 49 711
144 262 19 376
144 292 1 924
144 296 23 571
144 300 43 891
145 22 9 1106
145 64 53 148
145 109 3 752
145 138 29 456
145 157 55 585
145 160 13 49
145 169 49 138
145 210 1 707
145 219 22 217
145 244 34 954
145 262 59 582
145 269 16 616
145 279 40 265
145 300 19 808
145 308 46 799
146 27 8 228
146 34 35 391
146 56 22 996
146 119 49 1103
146 160 57 594
146 166 41 1131
146 200 47 971
146 211 1 307
146 216 31 356
146 242 43 219
146 243 37 247
146 251 52 162
146 267 13 854
146 269 28 628
147 17 19 1124
147 52 59 70
147 142 3 1177
147 146 1 237
147 151 43 775
147 191 15 636
147 200 7 311
147 217 23 819
147 219 40 1157
147 254 34 1054
147 262 13 201
147 272 26 678
147 290 31 138
147 317 10 861
148 29 46 778
148 46 17 600
148 77 55 1073
148 127 25 1060
148 130 11 1016
148 152 19 216
148 173 37 410
148 207 40 553
148 223 43 123
148 225 31 273
148 253 23 61
148 267 7 208
148 277 53 157
148 291 49 795
148 304 1 988
149 17 56 59
149 27 2 11
149 79 27 819
149 97 37 283
149 102 9 122
149 119 49 578
149 143 45 1153
149 151 33 339
149 222 17 225
149 244 52 1078
149 269 13 1163
149 280 43 610
149 281 19 307
149 318 22 618
150 21 49 429
150 46 41 999
150 63 3 312
150 64 53 1021
150 75 25 942
150 78 8 875
150 79 37 321
150 90 59 631
150 152 1 656
150 156 17 644
150 164 47 914
150 179 13 329
150 233 44 22
150 292 31 1125
150 305 55 866
151 24 35 1143
151 31 25 450
151 57 5 857
151 146 3 237
151 150 29 1088
151 182 31 595
151 186 22 200
151 192 7 1163
151 210 10 707
151 247 59 556
151 257 51 815
151 273 14 579
151 290 40 311
151 308 56 672
151 310 43 286
152 24 17 610
152 50 34 649
152 72 19 114
152 77 25 474
152 86 43 693
152 136 52 1113
152 146 47 237
152 162 59 755
152 171 40 793
152 206 8 751
152 210 23 163
152 247 49 118
152 249 55 981
152 268 4 411
152 294 1 129
153 11 1 825
153 23 35 141
153 27 31 228
153 87 4 953
153 133 25 982
153 163 17 534
153 174 7 282
153 181 23 554
153 186 39 200
153 218 13 362
153 226 53 1169
153 237 19 148
153 242 43 265
153 261 29 1129
153 316 55 97
154 18 16 86
154 25 10 298
154 63 49 601
154 76 3 769
154 111 58 870
154 169 25 471
154 182 20 111
154 187 7 685
154 191 31 263
154 206 37 781
154 207 55 1149
154 223 46 123
154 317 43 861
155 7 53 1163
155 31 55 155
155 57 5 688
155 61 14 443
155 103 47 1001
155 106 35 998
155 137 19 459
155 141 25 891
155 143 31 1094
155 150 23 896
155 157 1 80
155 163 11 252
155 259 37 792
155 284 7 731
155 316 43 577
156 24 31 1151
156 53 1 945
156 62 26 1089
156 74 49 304
156 104 53 314
156 186 16 467
156 195 22 1134
156 205 59 899
156 218 33 77
156 221 19 730
156 244 46 863
156 266 43 105
156 286 29 778
156 288 7 75
156 305 37 68
157 24 41 769
157 60 43 96
157 67 31 392
157 110 4 118
157 117 29 1185
157 186 52 609
157 195 49 6
157 204 16 162
157 212 35 885
157 223 1 1132
157 264 55 207
157 272 58 134
157 278 22 905
157 283 7 219
157 290 13 714
158 18 44 1102
158 35 29 1012
158 64 53 408
158 111 40 693
158 139 59 1176
158 176 55 271
158 184 23 667
158 201 47 783
158 229 37 740
158 244 49 641
158 250 16 796
158 283 3 219
158 307 1 961
158 309 11 353
158 316 32 388
159 5 31 928
159 10 58 970
159 42 13 568
159 43 43 1073
159 53 22 1067
159 84 28 310
159 119 10 1054
159 126 37 1131
159 128 19 648
159 130 7 318
159 138 25 456
159 300 52 272
159 303 1 624
159 319 4 443
160 18 25 1111
160 27 19 1138
160 51 31 1194
160 66 43 769
160 69 40 821
160 149 50 1027
160 167 13 810
160 175 17 532
160 215 47 437
160 223 37 1142
160 265 9 890
160 274 55 856
160 286 35 201
160 291 2 943
160 298 28 950
161 64 17 1021
161 89 4 464
161 121 25 713
161 181 59 1194
161 189 1 294
161 202 43 1122
161 209 28 835
161 233 10 1099
161 236 55 537
161 255 19 1002
161 266 49 1044
161 291 13 628
161 312 37 171
161 319 32 443
162 3 7 408
162 15 55 1085
162 22 37 1122
162 33 35 121
162 86 41 938
162 96 11 136
162 114 19 1111
162 150 17 442
162 175 23 998
162 217 1 813
162 220 13 789
162 224 25 693
162 235 28 411
162 247 5 744
162 277 3 966
163 74 13 823
163 128 56 648
163 149 37 291
163 151 44 883
163 166 59 1057
163 178 31 122
163 180 11 505
163 225 50 273
163 244 28 336
163 251 19 973
163 254 3 717
163 256 7 561
163 295 25 317
163 307 22 261
164 19 13 276
164 22 25 311
164 37 15 124
164 39 31 18
164 58 49 636
164 92 29 1155
164 98 8 1067
164 130 5 670
164 149 56 282
164 187 37 767
164 228 1 1128
164 233 47 247
164 281 22 189
164 304 43 65
165 4 4 370
165 11 55 433
165 15 49 255
165 16 19 594
165 18 10 377
165 29 31 1000
165 35 35 605
165 60 37 705
165 188 13 518
165 195 25 547
165 241 43 459
165 250 58 451
165 269 28 323
165 293 53 328
165 320 16 375
166 14 7 100
166 16 9 594
166 31 43 968
166 45 29 506
166 50 4 630
166 88 16 1195
166 115 19 859
166 125 22 38
166 138 34 117
166 166 53 12
166 176 31 265
166 188 25 928
166 198 47 1026
166 203 49 511
166 213 40 99
167 8 47 779
167 42 37 755
167 57 5 838
167 76 17 556
167 89 19 375
167 94 2 950
167 111 13 946
167 151 55 443
167 181 35 762
167 193 11 291
167 197 44 281
167 202 25 669
167 227 31 812
167 279 7 198
167 301 49 469
168 3 19 507
168 11 1 947
168 16 14 1053
168 81 5 414
168 117 59 942
168 125 40 733
168 149 32 1025
168 168 23 565
168 221 10 572
168 232 53 13
168 302 55 1127
168 310 49 1144
168 311 28 164
168 313 46 970
168 314 7 1068
169 35 59 328
169 45 47 618
169 54 3 863
169 73 52 810
169 77 25 1056
169 80 19 347
169 101 22 1071
169 112 7 416
169 116 37 225
169 150 1 64
169 151 55 862
169 171 31 55
169 177 43 314
169 225 14 273
169 278 34 80
170 3 55 785
170 8 11 859
170 20 19 828
170 47 37 495
170 50 52 959
170 92 7 890
170 161 1 60
170 170 41 502
170 174 44 1107
170 217 35 1157
170 228 31 1100
170 276 23 744
170 277 5 1085
170 298 15 508
170 317 49 861
171 2 37 1036
171 12 53 377
171 27 33 1138
171 32 20 743
171 33 31 764
171 67 25 744
171 82 59 545
171 138 13 117
171 175 1 1073
171 186 4 200
171 225 15 360
171 227 55 374
171 266 43 354
171 315 41 190
171 320 29 1171
172 3 1 409
172 16 25 1057
172 18 38 411
172 44 45 36
172 45 59 38
172 71 31 73
172 98 19 1067
172 185 49 546
172 226 35 612
172 228 13 900
172 230 22 652
172 237 8 532
172 247 47 1071
172 292 55 36
172 312 16 975
173 5 55 857
173 7 37 1163
173 17 45 312
173 72 25 114
173 88 51 876
173 101 14 632
173 161 39 377
173 197 4 667
173 216 31 208
173 219 7 1169
173 222 53 678
173 266 19 784
173 313 22 1058
173 320 35 527
174 25 19 915
174 31 44 1012
174 40 11 302
174 87 28 356
174 90 56 118
174 124 7 954
174 166 41 805
174 184 35 444
174 200 26 255
174 223 16 123
174 225 1 586
174 235 23 982
174 266 13 775
174 302 37 612
174 315 49 268
175 5 3 129
175 27 31 157
175 28 13 401
175 37 37 630
175 68 1 1107
175 80 22 832
175 111 10 1058
175 117 41 569
175 127 26 47
175 149 43 818
175 164 17 189
175 250 19 451
175 288 51 567
175 292 55 924
176 43 1 767
176 44 59 404
176 56 28 1122
176 87 44 576
176 108 7 142
176 114 19 971
176 115 55 637
176 116 32 195
176 162 5 407
176 175 53 553
176 183 11 1040
176 241 37 670
176 265 13 136
176 293 47 1102
176 302 49 612
177 9 16 440
177 23 11 453
177 130 23 670
177 133 19 982
177 142 57 345
177 152 35 1029
177 207 31 698
177 233 7 435
177 235 5 982
177 237 25 611
177 239 44 189
177 240 1 1114
177 261 37 943
177 264 49 1199
177 307 52 261
178 14 23 619
178 30 17 1057
178 50 37 527
178 53 28 928
178 56 7 480
178 94 49 1009
178 140 19 5
178 142 13 1177
178 170 3 490
178 217 59 1134
178 223 25 672
178 275 47 265
178 280 40 670
178 305 55 107
178 307 11 21
179 10 7 803
179 21 55 946
179 76 5 769
179 109 34 281
179 114 13 1111
179 140 49 700
179 142 10 345
179 193 47 259
179 195 44 244
179 197 1 956
179 216 19 356
179 262 53 376
179 269 37 616
179 270 25 971
179 303 41 1015
180 34 7 1073
180 47 19 885
180 70 11 477
180 90 52 467
180 177 43 819
180 183 35 1040
180 189 13 165
180 192 4 530
180 202 57 1058
180 226 17 136
180 239 37 1054
180 247 41 164
180 261 49 771
180 276 25 750
180 285 27 19
181 3 49 198
181 6 25 64
181 104 53 631
181 138 8 117
181 152 35 269
181 157 37 730
181 159 11 764
181 207 31 1016
181 228 16 151
181 230 55 405
181 235 41 32
181 244 1 1187
181 280 29 221
181 299 5 329
181 320 13 1085
182 1 25 759
182 15 15 1085
182 28 51 401
182 31 9 108
182 46 29 1141
182 65 19 610
182 88 7 876
182 127 1 271
182 151 31 366
182 170 13 913
182 190 37 854
182 235 59 954
182 236 43 12
182 283 55 459
182 303 5 130
183 5 38 950
183 30 13 906
183 60 21 87
183 85 31 43
183 86 11 1174
183 95 9 702
183 99 49 906
183 119 25 453
183 143 15 1153
183 145 5 1100
183 181 1 475
183 184 53 1108
183 269 58 714
183 316 43 405
184 21 15 358
184 22 22 535
184 53 4 1173
184 72 25 903
184 101 40 391
184 128 43 472
184 137 1 604
184 149 51 1089
184 181 49 1116
184 211 31 1173
184 223 8 268
184 232 35 858
184 297 58 118
184 307 47 261
185 2 32 870
185 56 25 480
185 67 37 744
185 88 3 1195
185 128 58 685
185 160 10 779
185 171 43 803
185 187 46 1006
185 201 29 595
185 253 17 333
185 268 55 388
185 274 13 328
185 288 49 688
185 293 41 21
185 311 22 943
186 12 35 45
186 36 1 999
186 42 25 1058
186 135 22 1199
186 153 58 223
186 160 43 436
186 161 39 825
186 168 17 81
186 183 5 751
186 187 13 206
186 256 31 815
186 266 7 896
186 277 19 966
186 280 29 900
186 290 10 86
187 11 19 825
187 24 47 444
187 31 25 4
187 58 40 77
187 80 49 832
187 92 13 257
187 94 34 155
187 112 1 127
187 152 17 185
187 179 43 51
187 201 5 595
187 209 10 549
187 236 55 12
187 252 31 376
187 314 37 981
188 14 47 640
188 47 13 323
188 50 7 595
188 81 35 973
188 106 17 311
188 131 41 525
188 156 19 644
188 159 5 780
188 185 31 206
188 207 10 670
188 226 59 989
188 229 1 927
188 233 29 247
188 256 43 484
188 295 21 924
189 2 37 242
189 23 53 614
189 48 43 310
189 84 2 1099
189 96 13 636
189 140 49 5
189 143 19 1048
189 151 57 1087
189 154 31 512
189 175 35 784
189 183 5 356
189 204 10 483
189 238 23 1106
189 258 25 593
189 316 15 73
190 25 7 604
190 36 10 434
190 72 49 716
190 96 29 566
190 119 31 1044
190 133 19 1163
190 143 25 1048
190 149 1 896
190 152 41 580
190 179 43 490
190 233 17 22
190 282 37 698
190 283 55 213
190 298 34 631
190 305 13 344
191 6 1 678
191 15 27 2
191 16 32 1053
191 20 37 136
191 54 25 567
191 133 43 433
191 148 49 593
191 151 55 302
191 160 7 1192
191 166 47 840
191 168 53 1060
191 181 17 1173
191 188 14 652
191 212 41 8
191 239 19 543
192 10 46 803
192 31 56 255
192 48 39 890
192 83 31 794
192 97 14 871
192 107 7 233
192 108 2 142
192 118 23 815
192 152 25 580
192 177 19 1143
192 235 11 982
192 255 51 557
192 270 28 665
193 36 22 999
193 54 29 792
193 59 58 840
193 76 2 573
193 105 35 1027
193 108 45 1151
193 113 37 367
193 135 16 924
193 151 31 219
193 205 55 650
193 207 10 1131
193 232 53 530
193 269 49 1134
193 297 5 711
194 2 13 295
194 27 7 157
194 46 55 1141
194 76 11 556
194 97 49 871
194 145 38 1100
194 164 47 234
194 171 3 55
194 213 40 1084
194 218 19 969
194 225 57 347
194 238 23 1050
194 285 25 631
194 298 44 20
194 310 31 164
195 20 52 752
195 25 19 604
195 36 10 927
195 74 37 706
195 98 22 19
195 113 2 1141
195 115 46 713
195 127 13 271
195 138 41 117
195 161 55 1084
195 192 28 974
195 206 25 97
195 266 34 630
195 277 31 916
196 10 28 970
196 30 17 1016
196 32 13 387
196 58 34 975
196 81 23 919
196 134 43 1143
196 174 19 1107
196 185 37 758
196 193 11 1006
196 199 50 920
196 214 57 883
196 227 4 1161
196 237 7 77
196 318 1 382
196 320 55 656
197 27 13 228
197 29 40 676
197 64 11 579
197 65 46 676
197 73 37 6
197 110 43 118
197 117 7 942
197 142 1 1177
197 160 20 1093
197 170 3 1000
197 183 55 356
197 185 50 956
197 239 31 348
197 263 26 99
197 267 57 276
198 40 5 507
198 45 23 37
198 47 14 51
198 54 29 607
198 67 19 336
198 89 34 1134
198 95 41 818
198 105 11 536
198 108 43 80
198 125 1 38
198 137 37 40
198 197 25 956
198 226 46 989
198 233 31 435
198 258 8 593
199 7 37 207
199 9 1 367
199 20 46 303
199 27 49 978
199 75 25 821
199 106 17 408
199 120 43 337
199 143 8 1108
199 169 13 1009
199 185 57 508
199 188 4 916
199 227 19 749
199 272 28 255
199 278 34 904
199 289 39 508
200 4 46 528
200 40 35 467
200 69 7 624
200 74 49 739
200 94 55 392
200 131 41 778
200 132 17 585
200 151 13 366
200 157 1 265
200 176 31 317
200 218 37 592
200 227 10 749
200 256 25 215
200 274 19 31
200 281 58 812
201 38 32 1187
201 83 52 217
201 89 25 554
201 116 13 474
201 125 7 38
201 133 37 27
201 160 56 942
201 164 17 628
201 251 28 672
201 278 20 490
201 286 11 806
201 291 3 750
201 318 43 778
202 8 23 1035
202 15 31 1149
202 34 47 391
202 60 19 845
202 101 58 391
202 111 13 1037
202 126 1 744
202 130 5 326
202 195 55 619
202 209 16 549
202 218 43 611
202 258 50 970
202 270 25 559
202 283 37 999
202 292 7 1098
203 13 22 944
203 20 58 828
203 32 31 1033
203 61 25 566
203 79 1 453
203 91 29 157
203 106 47 92
203 124 38 1185
203 142 17 345
203 144 43 1016
203 170 7 913
203 187 19 685
203 250 10 796
203 304 49 65
204 1 37 759
204 34 27 1073
204 55 19 530
204 102 5 221
204 103 11 97
204 201 31 142
204 204 56 233
204 207 16 698
204 209 1 549
204 228 8 151
204 230 52 641
204 235 35 665
204 259 43 372
204 262 25 911
204 272 22 556
205 61 27 358
205 86 50 1008
205 93 47 520
205 108 52 142
205 114 31 190
205 121 16 713
205 133 1 941
205 149 7 1027
205 171 40 819
205 175 5 1073
205 182 55 543
205 190 43 1071
205 219 19 1020
205 233 14 1099
205 297 11 866
206 14 40 625
206 35 47 328
206 82 5 1118
206 85 49 474
206 90 7 941
206 94 22 764
206 103 53 1001
206 119 25 239
206 190 9 512
206 200 55 311
206 203 43 409
206 236 31 537
206 298 57 136
206 306 29 135
206 318 16 1071
207 14 31 640
207 41 28 505
207 71 7 193
207 111 52 928
207 120 22 1001
207 122 37 96
207 134 43 714
207 170 19 913
207 178 13 858
207 195 4 607
207 224 58 805
207 260 33 224
207 276 41 640
207 277 17 486
207 307 47 340
208 54 47 163
208 80 40 347
208 105 23 1033
208 117 31 61
208 130 5 348
208 152 3 656
208 176 13 340
208 186 16 200
208 192 10 220
208 226 35 1169
208 235 29 982
208 261 53 576
208 272 7 295
208 285 19 929
208 308 37 771
209 17 31 434
209 18 46 121
209 32 55 669
209 37 13 857
209 45 25 845
209 52 35 1009
209 89 19 968
209 122 1 107
209 196 37 472
209 232 59 312
209 272 43 356
209 279 9 43
209 293 29 753
209 310 50 279
209 317 22 1057
210 79 49 64
210 110 46 780
210 119 57 813
210 129 25 996
210 150 53 980
210 158 23 522
210 213 40 65
210 244 19 815
210 259 13 433
210 264 31 281
210 289 1 1088
210 300 43 554
210 316 7 784
211 1 7 770
211 12 17 1102
211 47 50 188
211 61 38 443
211 67 25 997
211 90 33 467
211 98 22 231
211 122 3 672
211 155 59 636
211 167 1 810
211 195 46 607
211 197 43 667
211 199 13 150
211 239 55 383
211 317 19 332
212 36 7 304
212 47 55 979
212 49 41 1123
212 71 43 1043
212 78 37 665
212 84 34 648
212 110 13 826
212 126 1 92
212 152 27 752
212 164 5 234
212 192 10 825
212 233 51 1099
212 240 19 130
212 253 29 215
212 276 23 825
213 15 25 333
213 63 1 272
213 65 7 33
213 71 37 1043
213 77 49 453
213 80 15 674
213 92 5 435
213 115 10 324
213 116 20 317
213 168 13 520
213 202 43 518
213 208 41 639
213 218 32 946
213 271 55 189
214 16 13 755
214 57 55 451
214 78 7 506
214 91 11 157
214 96 59 1123
214 137 43 767
214 143 49 1153
214 146 53 237
214 157 26 354
214 160 4 525
214 162 31 407
214 176 1 340
214 231 47 304
214 289 19 387
214 312 33 70
215 23 59 453
215 26 19 339
215 28 25 401
215 49 11 80
215 63 31 600
215 78 7 340
215 113 37 532
215 153 22 1123
215 159 53 1002
215 169 13 471
215 188 45 916
215 198 43 832
215 212 29 885
215 299 17 329
215 306 5 360
216 1 19 486
216 13 23 765
216 15 43 2
216 32 25 507
216 45 9 970
216 108 16 1113
216 117 11 849
216 171 4 676
216 240 55 545
216 241 40 906
216 246 50 467
216 257 31 857
216 314 1 980
217 56 34 156
217 77 43 515
217 128 31 765
217 166 5 261
217 168 53 821
217 170 19 502
217 198 29 744
217 236 49 12
217 251 10 1029
217 268 7 1039
217 285 21 386
217 289 55 755
217 294 41 870
217 308 16 935
217 310 25 100
218 11 25 773
218 59 19 118
218 68 23 474
218 76 3 946
218 122 44 672
218 145 59 881
218 192 34 150
218 193 55 639
218 240 49 1114
218 244 31 382
218 255 7 257
218 256 13 484
218 262 29 633
218 290 40 714
218 313 37 97
219 87 46 1057
219 133 25 263
219 162 35 796
219 165 53 929
219 197 13 667
219 198 11 856
219 200 9 1155
219 204 55 483
219 205 29 718
219 235 5 107
219 259 49 356
219 264 20 686
219 286 41 37
219 292 37 576
219 302 1 599
220 57 59 595
220 62 22 748
220 66 13 29
220 78 37 678
220 95 11 386
220 103 53 730
220 111 4 870
220 122 55 81
220 161 43 55
220 218 7 905
220 295 49 639
220 304 31 553
220 309 47 795
220 315 35 813
220 318 19 1071
221 39 31 391
221 129 2 895
221 135 19 444
221 151 55 825
221 203 26 630
221 205 53 899
221 207 13 845
221 221 22 413
221 237 37 1037
221 274 49 585
221 283 7 21
221 293 59 1102
221 307 35 961
221 311 43 450
222 17 50 806
222 34 41 785
222 84 16 706
222 98 13 454
222 138 22 117
222 162 57 829
222 193 20 587
222 206 7 99
222 224 37 1126
222 231 35 304
222 270 1 971
222 281 10 665
222 282 25 418
222 305 31 6
222 315 5 678
223 5 13 336
223 9 40 718
223 15 1 1085
223 102 59 141
223 109 7 752
223 122 49 107
223 127 9 20
223 132 25 585
223 156 23 644
223 203 55 339
223 225 31 347
223 239 44 138
223 305 19 948
223 307 29 21
224 21 2 866
224 23 47 54
224 24 7 1187
224 54 49 914
224 58 40 975
224 61 25 294
224 108 52 667
224 118 45 92
224 123 34 410
224 145 17 881
224 147 59 1012
224 232 11 858
224 247 23 27
224 271 55 215
224 293 29 748
225 10 49 120
225 25 25 788
225 34 47 895
225 39 20 40
225 89 10 464
225 114 43 289
225 124 31 486
225 164 35 628
225 176 53 317
225 205 28 947
225 250 7 846
225 273 1 579
225 287 37 954
225 299 15 808
225 301 55 469
226 23 35 697
226 30 59 929
226 56 56 156
226 73 31 582
226 97 7 871
226 118 29 815
226 126 43 408
226 144 2 653
226 175 41 998
226 195 52 252
226 211 15 1056
226 225 37 899
226 266 49 404
226 274 25 31
226 302 19 599
227 14 17 832
227 44 41 604
227 45 29 105
227 54 3 567
227 57 35 1108
227 66 31 1124
227 74 13 904
227 88 46 1195
227 143 37 1108
227 156 43 711
227 168 23 295
227 193 55 377
227 248 25 934
227 260 7 216
227 282 51 118
228 45 11 970
228 50 40 151
228 79 25 916
228 83 22 794
228 120 46 975
228 127 31 650
228 136 7 959
228 137 4 375
228 164 43 256
228 206 52 465
228 209 37 835
228 279 49 391
228 284 55 940
228 290 13 138
228 313 1 911
229 20 57 764
229 37 49 231
229 42 7 571
229 43 31 75
229 61 44 633
229 84 40 1028
229 88 1 876
229 145 35 716
229 148 29 904
229 163 5 409
229 201 23 1039
229 228 25 139
229 237 13 611
229 254 19 1156
230 38 45 1152
230 58 58 281
230 70 52 477
230 111 16 1037
230 118 29 40
230 122 7 81
230 145 11 1100
230 199 37 738
230 206 1 781
230 219 4 727
230 231 23 304
230 252 40 948
230 301 31 327
230 303 35 624
230 315 55 632
231 13 3 944
231 45 11 541
231 52 17 107
231 67 43 99
231 117 59 849
231 135 49 586
231 168 47 635
231 176 5 150
231 177 7 339
231 185 31 959
231 211 39 507
231 213 55 702
231 226 37 989
231 276 53 825
231 302 25 360
232 31 37 450
232 32 49 631
232 35 53 506
232 48 21 625
232 53 13 891
232 68 7 829
232 89 1 1008
232 139 17 367
232 148 47 593
232 166 5 273
232 204 34 633
232 222 11 961
232 231 29 401
232 257 43 136
232 306 59 618
233 1 43 724
233 3 13 1100
233 24 17 1161
233 58 49 840
233 86 41 706
233 96 59 566
233 104 23 580
233 135 25 755
233 141 37 1027
233 197 28 281
233 217 31 269
233 235 34 481
233 267 4 208
233 275 11 1015
233 287 7 1056
234 58 28 272
234 94 25 950
234 98 34 198
234 102 23 547
234 103 5 18
234 104 59 879
234 117 53 1185
234 124 8 486
234 130 17 670
234 151 37 561
234 155 41 471
234 243 13 213
234 259 43 1141
234 270 31 971
234 278 19 905
235 44 59 108
235 60 7 778
235 69 46 1125
235 85 13 506
235 104 23 129
235 131 29 1104
235 167 55 775
235 189 4 875
235 196 31 276
235 197 25 94
235 211 37 307
235 226 41 198
235 231 35 190
235 258 1 239
235 259 50 1141
236 8 53 652
236 13 1 58
236 60 19 854
236 103 55 1129
236 104 57 356
236 119 49 375
236 197 8 1006
236 213 46 105
236 215 32 437
236 228 28 139
236 255 13 1002
236 273 3 425
236 291 39 628
237 21 49 559
237 23 59 27
237 24 5 347
237 60 1 481
237 72 43 716
237 115 28 367
237 131 35 738
237 250 22 451
237 271 7 244
237 272 19 1104
237 284 31 165
237 296 53 255
237 299 17 580
237 309 41 353
237 317 14 1057
238 3 44 644
238 19 53 444
238 85 55 135
238 141 27 442
238 190 49 812
238 194 19 501
238 233 34 22
238 249 13 981
238 255 1 380
238 271 37 310
238 278 7 242
238 295 10 611
239 12 46 942
239 38 38 340
239 39 1 18
239 40 43 1074
239 63 19 601
239 88 49 876
239 127 13 20
239 152 59 216
239 162 25 796
239 163 11 8
239 179 7 13
239 209 51 835
239 211 32 806
239 219 56 73
239 294 23 1048
240 1 55 770
240 14 17 619
240 16 49 190
240 22 38 287
240 114 7 147
240 140 32 919
240 142 4 345
240 148 59 950
240 196 44 351
240 231 11 575
240 235 41 982
240 245 25 1152
240 256 13 215
240 270 21 1149
240 319 1 753
241 18 1 94
241 31 43 773
241 33 29 1130
241 53 55 828
241 80 19 68
241 86 35 1008
241 94 38 895
241 118 59 92
241 149 49 1125
241 160 31 829
241 232 53 1072
241 235 23 481
241 240 7 818
241 313 14 930
241 319 4 753
242 70 19 477
242 75 7 662
242 89 10 1112
242 91 29 1009
242 119 13 499
242 126 43 471
242 168 35 956
242 187 31 685
242 203 21 81
242 230 25 784
242 253 5 628
242 264 55 1078
242 276 41 779
242 289 37 1015
242 295 16 317
243 24 47 343
243 32 27 567
243 45 59 105
243 86 17 1131
243 128 40 466
243 189 37 480
243 198 55 733
243 238 5 773
243 260 19 900
243 284 31 845
243 286 35 1001
243 303 11 998
243 305 43 344
243 310 13 1152
243 316 49 568
244 12 53 271
244 20 43 1025
244 59 46 986
244 63 19 1106
244 103 35 1059
244 121 16 714
244 188 56 1189
244 194 37 404
244 197 4 303
244 232 23 520
244 234 7 899
244 279 25 697
244 280 29 388
244 297 32 906
244 320 11 259
245 2 25 624
245 13 1 944
245 141 33 640
245 157 39 585
245 158 29 81
245 175 4 532
245 176 17 857
245 229 20 927
245 241 52 744
245 250 43 1125
245 270 49 1149
245 281 7 910
245 283 13 21
245 293 11 263
245 320 47 1041
246 13 9 58
246 43 38 60
246 73 21 156
246 80 25 429
246 85 2 124
246 126 13 233
246 131 53 920
246 158 11 1124
246 181 35 753
246 212 41 121
246 233 47 1020
246 246 55 1108
246 282 31 575
246 291 43 628
246 307 19 961
247 36 28 927
247 37 37 525
247 87 52 698
247 96 5 1123
247 126 31 454
247 175 11 975
247 203 55 139
247 205 59 130
247 210 35 727
247 217 25 1134
247 251 46 810
247 253 17 193
247 254 49 433
247 268 19 350
248 7 59 1163
248 20 15 752
248 69 46 239
248 86 1 969
248 96 29 1143
248 115 7 223
248 140 55 5
248 156 5 594
248 161 25 1118
248 184 51 388
248 201 11 271
248 203 20 1068
248 281 40 1132
248 304 31 953
248 307 53 207
249 15 13 1160
249 20 1 1098
249 34 27 895
249 42 7 863
249 55 4 543
249 70 25 477
249 110 22 118
249 164 17 295
249 191 37 481
249 206 34 465
249 248 51 934
249 257 45 327
249 293 43 377
249 294 11 124
249 301 57 536
250 11 27 911
250 41 15 272
250 73 46 800
250 95 59 575
250 97 31 283
250 125 1 659
250 145 11 474
250 152 41 185
250 205 23 1103
250 207 7 51
250 218 55 1061
250 220 19 881
250 235 25 220
250 286 35 420
250 288 49 630
251 82 11 783
251 107 7 59
251 129 49 207
251 183 25 968
251 199 34 935
251 207 55 541
251 224 46 1061
251 244 22 953
251 252 31 980
251 283 13 592
251 290 2 311
251 293 53 633
251 302 38 360
251 311 58 483
252 19 7 276
252 37 25 1099
252 45 53 37
252 55 49 412
252 87 9 100
252 89 37 328
252 106 41 501
252 108 2 337
252 169 13 585
252 174 19 979
252 177 43 1054
252 194 31 413
252 205 35 135
252 314 58 1068
252 315 23 986
253 29 10 32
253 48 43 686
253 57 41 986
253 63 37 42
253 67 31 739
253 120 25 1006
253 165 35 929
253 181 55 283
253 186 1 200
253 199 49 150
253 225 13 565
253 235 5 171
253 278 7 80
253 309 17 387
253 320 47 1048
254 23 53 405
254 32 7 781
254 42 13 1089
254 82 46 150
254 93 37 980
254 99 49 392
254 105 23 1098
254 109 4 281
254 197 1 303
254 230 25 1027
254 231 19 1100
254 232 56 54
254 243 31 677
254 254 40 789
254 275 29 886
255 12 29 649
255 38 25 1041
255 54 59 348
255 57 35 219
255 59 10 495
255 84 7 1099
255 101 22 484
255 140 31 700
255 144 1 1074
255 169 38 1092
255 186 50 200
255 199 46 8
255 223 13 123
255 318 19 996
255 320 53 881
256 2 19 870
256 24 17 1043
256 43 9 717
256 69 34 601
256 76 1 769
256 87 43 565
256 125 4 839
256 156 7 594
256 173 31 117
256 174 37 961
256 177 49 662
256 246 23 969
256 266 13 693
256 279 58 1103
256 300 55 808
257 2 7 982
257 9 46 367
257 34 1 338
257 66 37 414
257 82 11 1171
257 83 49 217
257 99 32 134
257 112 20 1129
257 115 55 8
257 149 3 1089
257 157 14 1060
257 168 29 96
257 193 41 905
257 201 53 859
257 221 58 819
258 4 16 370
258 13 23 69
258 48 19 553
258 60 25 778
258 62 50 215
258 90 29 416
258 97 37 871
258 98 7 674
258 99 31 261
258 102 14 122
258 116 2 52
258 145 47 632
258 205 53 130
258 242 55 92
259 2 19 407
259 28 38 1171
259 38 33 808
259 41 56 272
259 49 5 818
259 61 25 938
259 63 8 61
259 72 1 185
259 128 46 648
259 213 16 793
259 275 53 265
259 291 49 913
259 308 43 106
259 314 13 294
260 4 31 188
260 48 25 530
260 67 13 997
260 104 34 832
260 114 55 83
260 122 1 81
260 168 41 612
260 172 43 141
260 199 49 902
260 247 11 27
260 267 52 1020
260 282 19 896
260 287 37 639
260 311 7 28
261 79 45 702
261 100 49 51
261 116 37 282
261 127 57 271
261 132 23 1008
261 143 19 1094
261 157 32 189
261 162 11 678
261 195 4 6
261 206 13 134
261 229 25 927
261 245 7 96
261 309 2 795
262 22 13 532
262 47 31 201
262 63 25 413
262 106 52 163
262 138 17 117
262 196 7 472
262 198 23 101
262 224 4 442
262 225 37 314
262 237 43 553
262 261 11 943
262 265 19 793
262 300 56 1102
262 307 47 954
263 11 7 947
263 49 55 454
263 80 46 1059
263 105 41 255
263 118 52 639
263 136 25 244
263 145 29 716
263 170 23 490
263 215 50 437
263 251 58 1029
263 284 2 979
263 291 19 233
263 293 17 1156
263 296 31 418
263 310 13 554
264 20 58 1025
264 21 13 6
264 22 40 69
264 53 19 198
264 140 7 919
264 159 53 1029
264 204 37 600
264 208 17 557
264 209 43 708
264 230 2 989
264 256 49 45
264 294 35 111
264 305 26 576
264 316 31 665
265 31 49 108
265 56 26 676
265 66 38 826
265 77 13 1063
265 97 45 691
265 148 17 789
265 162 53 407
265 164 5 377
265 224 58 1035
265 233 29 435
265 246 55 594
265 258 31 771
265 262 35 674
265 281 22 956
265 294 7 124
266 29 13 601
266 67 31 619
266 79 50 885
266 86 41 711
266 93 11 520
266 114 37 1111
266 165 29 866
266 192 19 220
266 200 1 255
266 216 7 356
266 223 55 268
266 260 25 264
266 267 46 935
266 289 3 920
266 306 17 941
267 6 37 578
267 19 49 276
267 43 46 1073
267 119 52 375
267 125 28 38
267 146 33 237
267 177 7 314
267 220 2 789
267 237 19 607
267 259 57 338
267 304 13 61
267 308 43 799
268 22 58 743
268 27 19 157
268 33 41 528
268 63 43 600
268 65 25 575
268 75 1 215
268 111 16 693
268 128 34 414
268 135 4 47
268 136 10 1068
268 171 55 819
268 198 8 1143
268 238 28 1106
268 272 49 1113
268 307 53 556
269 35 53 418
269 49 5 323
269 88 35 876
269 99 19 813
269 116 31 191
269 119 37 465
269 132 16 464
269 138 23 456
269 186 28 200
269 191 56 935
269 244 25 953
269 246 49 594
269 269 13 291
269 303 10 624
269 316 44 317
270 15 43 1085
270 30 41 1189
270 45 1 105
270 77 57 249
270 85 13 190
270 117 31 942
270 131 11 264
270 135 37 444
270 137 33 863
270 168 55 1116
270 171 28 693
270 228 25 151
270 250 52 451
270 260 7 264
270 263 20 751
271 21 3 969
271 23 29 614
271 38 19 738
271 101 49 58
271 113 25 135
271 119 46 193
271 122 13 1059
271 129 37 420
271 223 52 296
271 228 10 530
271 268 55 849
271 288 33 706
271 300 43 870
272 20 43 252
272 120 37 1155
272 151 31 775
272 170 23 601
272 173 1 607
272 193 7 587
272 224 40 1085
272 228 4 1128
272 245 25 1028
272 255 19 879
272 266 10 896
272 270 46 665
272 275 55 886
272 286 35 208
272 302 13 577
273 9 1 440
273 14 44 155
273 41 46 861
273 63 13 28
273 67 19 250
273 98 31 118
273 126 25 1171
273 135 34 750
273 140 49 919
273 148 5 950
273 164 40 36
273 204 58 633
273 272 7 840
273 299 29 338
274 10 25 970
274 16 33 691
274 44 53 913
274 107 13 450
274 119 7 42
274 147 1 522
274 164 23 787
274 183 31 481
274 206 46 561
274 244 50 1041
274 279 37 216
274 288 55 1008
274 309 4 795
274 315 44 997
274 316 19 286
275 3 26 234
275 55 7 530
275 89 40 1008
275 121 10 1002
275 161 13 536
275 171 37 819
275 201 59 65
275 206 55 751
275 211 19 329
275 218 49 490
275 287 1 220
275 288 45 522
275 319 34 1093
276 7 47 839
276 18 28 859
276 55 7 543
276 68 41 730
276 76 19 556
276 116 13 191
276 118 17 815
276 119 10 566
276 172 57 463
276 227 37 749
276 243 31 560
276 251 22 973
276 275 53 886
276 283 1 21
276 298 43 545
277 3 19 557
277 14 29 155
277 40 10 467
277 54 17 944
277 55 43 815
277 57 23 1007
277 105 47 1033
277 225 25 565
277 229 31 256
277 253 35 1161
277 263 49 760
277 271 37 969
277 288 13 566
277 296 53 796
277 305 1 408
278 22 52 535
278 60 14 231
278 118 4 815
278 125 1 839
278 161 31 818
278 169 37 471
278 182 43 781
278 183 29 1001
278 200 25 639
278 214 55 565
278 252 21 51
278 258 7 360
278 293 47 947
279 131 47 231
279 146 31 237
279 150 11 442
279 167 8 810
279 186 37 909
279 196 15 472
279 200 59 1155
279 202 19 495
279 210 13 727
279 213 4 99
279 231 41 123
279 232 35 1163
279 256 25 45
279 258 1 1061
279 263 49 1171
280 46 47 518
280 73 19 201
280 89 40 33
280 94 7 755
280 107 43 59
280 120 51 1073
280 183 23 1084
280 213 37 996
280 238 1 354
280 256 55 1021
280 261 17 141
280 292 32 617
280 295 10 910
280 299 5 433
280 314 28 546
281 1 49 770
281 51 40 1058
281 117 23 849
281 149 19 1089
281 165 59 228
281 178 32 672
281 182 13 324
281 187 37 333
281 195 55 988
281 197 7 303
281 232 43 68
281 254 10 414
281 298 4 136
281 305 45 1124
281 317 1 1057
282 2 56 242
282 39 31 1143
282 45 5 37
282 50 19 88
282 62 13 516
282 107 25 771
282 122 7 141
282 144 43 188
282 177 37 799
282 179 50 787
282 192 16 940
282 206 1 792
282 213 22 981
282 232 29 68
283 10 22 316
283 46 46 197
283 73 49 507
283 100 32 65
283 117 17 1185
283 144 25 640
283 151 7 294
283 169 1 471
283 172 37 1072
283 175 53 998
283 212 5 454
283 240 55 1114
283 247 19 914
283 272 43 1104
283 283 13 219
284 22 37 311
284 25 28 788
284 41 55 134
284 42 13 883
284 71 20 193
284 84 7 648
284 127 50 650
284 149 43 291
284 186 25 200
284 200 59 339
284 271 32 1130
284 319 4 1093
285 24 53 587
285 44 58 920
285 77 26 32
285 79 49 714
285 119 1 706
285 149 43 795
285 165 17 338
285 168 7 821
285 209 10 708
285 219 55 727
285 230 34 148
285 243 13 677
285 287 37 688
285 294 5 1127
285 302 19 1127
286 22 22 311
286 34 29 1073
286 72 25 716
286 99 13 821
286 108 19 1151
286 163 59 534
286 184 41 605
286 204 1 483
286 223 37 78
286 232 11 1012
286 241 4 947
286 254 46 18
286 258 7 1061
286 267 34 997
286 275 17 265
287 21 49 969
287 22 31 854
287 44 29 263
287 68 11 988
287 82 5 310
287 92 17 257
287 127 13 650
287 171 34 566
287 191 19 641
287 240 1 130
287 251 43 905
287 259 25 338
287 265 37 1089
287 278 7 490
287 296 23 959
288 14 29 1127
288 29 22 1174
288 36 7 1007
288 49 17 323
288 58 52 1088
288 83 19 534
288 87 58 890
288 126 43 215
288 147 3 522
288 162 5 31
288 182 31 111
288 219 25 539
288 226 11 391
288 246 50 981
288 258 13 172
289 25 16 298
289 26 26 339
289 45 59 863
289 78 55 950
289 106 53 410
289 136 38 1068
289 168 23 1060
289 174 43 751
289 182 2 172
289 184 35 914
289 185 19 744
289 202 31 1058
289 236 49 278
289 300 10 755
290 14 2 625
290 55 4 1035
290 92 49 1155
290 166 47 12
290 222 23 31
290 224 38 1061
290 241 25 730
290 245 31 605
290 254 51 628
290 274 55 328
290 275 35 223
290 280 11 610
290 289 43 920
290 295 28 811
290 300 7 338
291 17 7 1124
291 57 53 986
291 81 29 111
291 109 22 281
291 125 31 839
291 178 1 501
291 194 44 413
291 228 34 1100
291 257 55 197
291 269 25 291
291 298 19 630
291 307 59 21
291 309 11 795
291 312 13 975
292 20 1 686
292 102 16 69
292 107 9 676
292 124 55 534
292 137 4 604
292 184 7 605
292 188 37 1134
292 195 13 31
292 202 43 707
292 229 25 740
292 257 19 134
292 286 59 778
292 313 31 508
292 316 50 607
293 2 55 216
293 39 44 1116
293 52 11 1152
293 82 59 1073
293 104 35 1021
293 143 31 1153
293 150 41 611
293 174 49 1016
293 211 19 506
293 216 13 1006
293 218 25 545
293 232 29 1057
293 261 53 943
293 287 37 123
294 9 49 292
294 12 17 905
294 38 1 1152
294 65 52 36
294 71 43 456
294 77 55 32
294 88 20 1195
294 115 34 733
294 169 37 249
294 174 7 854
294 208 11 557
294 210 15 707
294 277 5 157
294 279 28 664
294 294 47 111
295 25 13 788
295 43 16 966
295 49 11 457
295 61 37 279
295 66 25 945
295 69 31 387
295 88 1 1120
295 95 47 1072
295 101 58 632
295 104 41 283
295 126 49 1067
295 186 4 609
295 255 7 618
295 289 19 636
295 301 43 287
296 36 40 1007
296 46 47 600
296 60 25 87
296 111 19 1058
296 117 22 1151
296 131 29 264
296 134 49 730
296 157 13 78
296 192 7 845
296 212 44 121
296 226 59 1122
296 295 34 1043
296 298 37 141
296 306 17 1063
296 307 5 580
297 2 55 133
297 4 34 242
297 19 11 444
297 48 20 942
297 63 13 413
297 84 1 353
297 133 49 1163
297 142 29 345
297 157 7 337
297 169 44 1009
297 184 59 697
297 187 26 1009
297 210 5 707
297 236 38 537
297 306 53 697
298 2 7 409
298 8 23 779
298 60 32 96
298 104 59 273
298 113 1 611
298 135 52 924
298 145 29 1100
298 159 11 60
298 166 47 805
298 195 38 547
298 213 26 13
298 264 19 789
298 274 55 664
298 284 43 930
298 313 16 1199
299 21 25 610
299 40 5 1152
299 129 50 644
299 150 55 1040
299 174 45 94
299 175 23 1092
299 190 19 30
299 205 9 135
299 207 58 678
299 208 43 527
299 250 31 451
299 254 1 1131
299 263 38 751
299 268 13 1122
299 309 35 353
300 20 46 148
300 30 25 75
300 110 33 435
300 135 13 1129
300 151 27 998
300 152 59 580
300 161 7 930
300 163 5 8
300 185 55 546
300 199 40 738
300 267 19 133
300 269 16 1163
300 280 1 762
300 316 50 665
301 16 43 1128
301 35 59 40
301 45 7 105
301 67 31 336
301 89 40 328
301 171 25 377
301 190 19 515
301 217 47 1134
301 225 13 781
301 228 9 891
301 242 1 559
301 246 5 1028
301 260 50 900
301 269 28 433
301 307 17 780
302 10 16 354
302 12 47 310
302 51 40 1098
302 63 49 413
302 102 9 547
302 103 37 18
302 106 23 515
302 148 35 323
302 192 4 189
302 210 29 829
302 261 53 312
302 265 25 578
302 281 13 998
302 295 43 165
302 309 59 387
303 2 31 849
303 7 4 735
303 19 11 821
303 28 14 609
303 31 25 618
303 35 23 367
303 75 7 986
303 123 50 13
303 146 55 237
303 155 59 825
303 162 53 1176
303 187 1 412
303 208 35 27
303 251 19 1085
303 255 43 845
304 11 43 239
304 58 46 354
304 85 1 711
304 111 19 693
304 130 35 348
304 140 13 5
304 154 55 1059
304 205 17 899
304 209 22 549
304 211 49 191
304 230 31 49
304 237 37 1124
304 245 25 79
304 266 10 33
304 275 29 1056
305 26 22 339
305 85 15 711
305 100 25 959
305 105 47 1098
305 111 1 870
305 135 38 735
305 179 56 567
305 186 19 259
305 203 49 1068
305 257 31 907
305 264 4 295
305 283 43 592
305 285 7 97
306 11 31 242
306 34 23 895
306 35 20 440
306 60 37 778
306 76 25 769
306 81 59 156
306 124 13 252
306 125 10 733
306 131 41 582
306 136 55 688
306 188 7 429
306 194 1 996
306 286 5 806
306 301 50 287
306 303 29 624
307 4 25 370
307 11 43 825
307 39 37 685
307 46 5 506
307 76 41 233
307 96 35 636
307 102 11 547
307 120 31 730
307 121 16 268
307 129 57 644
307 133 7 885
307 135 28 755
307 217 53 1157
307 223 1 123
307 225 19 273
308 14 53 269
308 31 49 618
308 36 7 999
308 83 10 534
308 99 31 929
308 107 37 545
308 127 1 1060
308 154 55 312
308 170 21 1000
308 182 25 595
308 190 13 582
308 217 43 1124
308 247 47 1199
308 277 5 966
309 4 13 377
309 20 46 22
309 51 40 383
309 68 52 512
309 71 19 1043
309 75 58 966
309 117 11 1151
309 145 49 755
309 204 16 633
309 216 25 990
309 236 31 12
309 283 7 635
309 313 37 261
309 315 3 813
310 6 31 910
310 70 16 477
310 95 23 121
310 108 7 1113
310 161 50 55
310 215 39 437
310 216 43 302
310 222 47 961
310 223 1 582
310 224 4 440
310 250 13 451
310 286 41 875
310 288 27 75
310 291 55 582
310 294 11 278
311 13 23 974
311 54 1 348
311 68 5 829
311 76 17 631
311 93 49 33
311 105 55 536
311 118 43 532
311 121 13 268
311 155 35 1129
311 156 47 594
311 161 7 536
311 184 59 858
311 201 41 783
311 204 37 162
311 246 53 708
312 28 43 1171
312 51 13 765
312 99 37 100
312 102 1 547
312 114 27 147
312 123 19 443
312 143 55 972
312 164 41 1088
312 178 49 858
312 188 16 518
312 220 7 353
312 250 4 796
312 256 31 1103
312 277 25 907
312 299 22 338
313 6 19 783
313 19 11 78
313 21 49 610
313 51 2 751
313 54 5 567
313 68 29 405
313 77 37 515
313 103 23 1107
313 174 14 312
313 182 31 324
313 251 46 28
313 293 59 1156
313 305 7 866
313 314 43 557
313 319 25 432
314 8 17 823
314 15 31 2
314 29 25 121
314 37 7 541
314 44 43 36
314 71 19 43
314 73 40 97
314 83 3 555
314 99 55 556
314 109 1 752
314 205 53 947
314 264 37 317
314 280 29 610
314 286 11 905
314 299 59 528
315 11 43 975
315 20 22 505
315 61 37 483
315 103 41 276
315 129 1 644
315 149 57 762
315 209 34 708
315 224 27 440
315 235 5 954
315 236 13 12
315 238 55 1106
315 249 7 998
315 273 49 1161
315 299 53 443
316 13 26 727
316 18 55 859
316 31 49 828
316 35 53 367
316 59 14 118
316 76 10 631
316 90 5 165
316 103 23 18
316 129 19 858
316 174 43 1194
316 202 38 208
316 203 1 100
316 266 7 404
316 270 28 971
316 298 58 630
317 77 49 387
317 86 59 706
317 117 11 942
317 132 53 129
317 138 7 456
317 166 17 840
317 187 4 333
317 220 25 1199
317 221 1 1026
317 222 29 577
317 245 37 674
317 270 22 559
317 283 43 635
317 291 13 916
317 313 31 930
318 23 17 614
318 27 32 306
318 39 39 219
318 59 1 787
318 63 25 663
318 66 43 480
318 78 13 678
318 117 47 383
318 125 4 659
318 162 23 407
318 172 50 773
318 176 29 265
318 215 7 437
318 265 55 561
318 301 9 287
319 30 41 973
319 63 25 985
319 81 11 919
319 122 19 1016
319 129 33 1131
319 132 55 815
319 141 7 78
319 168 31 1060
319 171 4 566
319 177 37 1056
319 209 46 835
319 280 17 717
319 283 13 637
319 295 43 467
319 306 59 969
320 1 27 580
320 3 49 1100
320 83 4 794
320 132 41 554
320 164 7 36
320 192 46 1101
320 205 17 947
320 250 1 451
320 278 14 905
320 281 38 1176
320 284 19 760
320 292 31 1144
320 293 55 748
320 298 43 950
320 312 10 70
321 22 43 420
321 43 34 594
321 63 55 528
321 64 59 408
321 100 50 21
321 110 7 826
321 132 10 94
321 176 23 150
321 196 3 276
321 209 26 708
321 226 41 239
321 233 29 1099
321 284 37 652
321 304 13 792
321 305 19 605
322 6 43 571
322 11 10 354
322 110 1 118
322 121 4 858
322 193 59 31
322 204 19 657
322 211 13 1102
322 220 31 976
322 236 25 83
322 270 40 484
322 280 29 762
322 288 55 75
322 300 51 594
323 9 37 900
323 16 44 264
323 65 1 587
323 74 55 823
323 102 41 928
323 109 22 572
323 134 13 242
323 179 49 996
323 207 4 645
323 239 7 805
323 268 19 388
323 278 31 490
323 288 25 117
323 317 34 1057
324 12 37 219
324 33 23 857
324 46 41 197
324 81 47 919
324 131 29 525
324 132 27 815
324 143 7 1153
324 158 55 360
324 162 5 705
324 182 43 663
324 235 35 171
324 246 59 981
324 282 19 162
324 298 16 1073
324 300 52 891
325 24 47 1068
325 53 1 54
325 89 10 554
325 135 4 755
325 141 43 336
325 169 13 466
325 179 55 51
325 200 27 1155
325 203 19 670
325 230 7 1002
325 245 37 302
325 249 49 979
325 302 31 599
326 8 47 624
326 26 13 410
326 36 1 663
326 58 39 281
326 76 34 769
326 124 19 475
326 131 59 231
326 205 53 106
326 237 43 947
326 242 55 559
326 246 17 1048
326 286 49 567
326 303 5 899
326 304 25 65
326 309 11 578
327 59 31 414
327 66 1 268
327 79 55 735
327 109 29 752
327 168 41 839
327 200 7 698
327 203 37 743
327 215 15 1149
327 227 22 812
327 242 43 512
327 251 52 938
327 255 25 225
327 283 9 362
327 311 19 164
327 320 5 1048
328 54 35 302
328 146 23 237
328 160 4 395
328 183 58 730
328 195 1 6
328 196 51 276
328 216 37 528
328 227 19 374
328 236 7 278
328 247 47 164
328 258 13 453
328 261 41 883
328 280 49 388
328 293 31 879
328 295 16 454
329 27 1 228
329 97 56 691
329 114 31 886
329 128 16 765
329 139 35 1176
329 189 43 906
329 190 7 515
329 224 37 65
329 225 49 781
329 227 19 225
329 232 53 259
329 247 11 135
329 252 28 286
329 261 47 380
329 293 41 1102
330 9 31 630
330 18 43 828
330 23 29 1116
330 29 52 391
330 40 47 302
330 60 19 1015
330 71 13 1043
330 93 35 535
330 144 55 1074
330 168 11 81
330 173 40 981
330 201 17 787
330 205 7 135
330 283 1 592
330 301 25 813
331 13 7 58
331 21 55 69
331 35 47 959
331 36 26 1007
331 83 37 1040
331 109 19 38
331 110 10 826
331 125 4 38
331 143 14 972
331 173 34 825
331 177 21 105
331 192 40 974
331 199 31 920
331 216 49 859
331 231 53 1161
332 14 15 832
332 22 37 69
332 28 25 1050
332 78 19 213
332 121 10 370
332 131 29 1044
332 140 3 700
332 145 17 474
332 198 1 981
332 213 55 527
332 282 43 641
332 283 49 459
332 302 31 612
333 9 39 440
333 35 53 347
333 61 49 674
333 66 31 515
333 69 16 601
333 119 7 239
333 129 25 858
333 168 23 1160
333 177 3 640
333 199 43 738
333 246 59 1028
333 247 29 1199
333 256 19 1103
333 281 46 793
333 320 10 375
334 27 7 1138
334 29 34 900
334 120 58 821
334 121 46 941
334 174 37 94
334 191 19 930
334 221 28 730
334 256 13 944
334 266 31 429
334 282 49 896
334 302 1 1127
334 312 25 171
335 33 53 930
335 56 34 1063
335 106 23 124
335 110 58 826
335 114 1 147
335 131 41 375
335 158 5 948
335 203 19 163
335 227 10 1161
335 236 13 83
335 289 49 78
335 292 25 68
335 294 17 1059
335 310 37 554
335 318 45 685
336 18 52 832
336 55 10 543
336 91 23 157
336 95 43 702
336 119 7 138
336 130 5 318
336 172 33 945
336 181 47 753
336 204 2 233
336 216 25 188
336 226 31 989
336 227 20 1161
336 241 15 906
336 251 49 162
336 311 58 744
337 7 23 839
337 26 55 412
337 27 37 157
337 74 49 838
337 90 10 118
337 142 1 345
337 155 47 636
337 157 33 36
337 174 43 785
337 179 19 13
337 192 58 247
337 211 3 195
337 223 7 406
337 287 27 220
337 314 13 980
338 3 55 234
338 9 22 566
338 12 49 499
338 30 46 311
338 46 27 1141
338 50 1 336
338 96 11 401
338 131 53 525
338 192 7 1052
338 231 17 106
338 232 41 68
338 270 34 971
338 275 4 1056
338 296 59 198
338 297 29 929
339 2 50 990
339 26 22 718
339 32 43 567
339 47 7 1134
339 57 4 1098
339 73 16 201
339 146 19 237
339 150 47 576
339 167 11 775
339 169 57 471
339 252 37 1132
339 311 31 568
339 312 1 70
339 317 28 861
340 16 32 1128
340 19 29 920
340 36 22 663
340 47 38 323
340 74 7 420
340 75 55 974
340 99 43 261
340 153 19 1123
340 155 53 108
340 176 58 693
340 180 5 515
340 190 25 883
340 217 17 559
340 253 47 215
340 311 49 744
341 12 17 758
341 54 41 812
341 63 31 108
341 79 55 793
341 82 23 545
341 102 53 1171
341 104 11 268
341 118 13 79
341 178 37 122
341 189 49 111
341 224 1 59
341 263 7 1035
341 278 4 905
341 294 47 1039
341 309 29 913
342 5 1 928
342 29 13 778
342 54 59 12
342 104 31 810
342 123 25 163
342 125 44 38
342 131 7 525
342 161 19 1059
342 217 11 1173
342 232 34 632
342 243 49 213
342 244 56 954
342 287 37 795
342 294 5 1059
342 296 41 959
343 32 31 781
343 35 5 286
343 37 50 124
343 39 13 1116
343 60 43 19
343 79 37 520
343 80 1 68
343 161 19 469
343 200 29 391
343 205 35 1189
343 214 55 151
343 257 7 263
343 273 25 1023
343 277 47 486
344 2 26 407
344 22 4 662
344 24 17 108
344 38 51 1007
344 75 13 942
344 107 38 565
344 109 22 416
344 115 7 324
344 126 31 69
344 145 43 206
344 156 35 755
344 189 55 920
344 210 45 163
344 280 11 762
344 290 1 714
345 76 9 1170
345 91 7 424
345 110 58 435
345 153 13 1103
345 163 29 1103
345 202 44 1155
345 213 1 760
345 224 16 1084
345 225 31 426
345 229 55 256
345 281 49 793
345 288 37 117
345 289 19 278
345 296 23 291
345 306 11 697
346 7 59 839
346 23 11 565
346 26 55 578
346 54 47 87
346 63 31 528
346 75 1 411
346 82 53 783
346 86 13 1008
346 157 27 1026
346 186 7 467
346 198 5 856
346 249 15 327
346 285 43 698
346 295 38 808
346 320 35 43
347 17 14 1124
347 49 23 1131
347 82 11 75
347 102 44 122
347 110 55 780
347 131 41 231
347 144 1 1016
347 145 53 716
347 153 8 968
347 180 35 635
347 192 19 718
347 266 46 875
347 285 25 483
347 303 29 276
347 305 31 657
348 2 49 216
348 19 35 773
348 24 47 1161
348 32 9 669
348 34 7 139
348 53 28 1002
348 54 41 217
348 56 4 336
348 58 13 221
348 106 25 1155
348 150 23 43
348 175 53 785
348 192 16 845
348 291 31 795
348 306 59 943
349 56 31 633
349 82 23 783
349 86 17 33
349 92 5 257
349 141 19 891
349 152 49 269
349 161 43 1084
349 184 37 507
349 191 7 883
349 195 1 208
349 245 51 617
349 256 39 815
349 271 25 1130
349 288 13 164
349 307 59 310
350 14 29 640
350 29 19 1174
350 40 59 302
350 116 43 191
350 118 35 532
350 156 55 956
350 165 11 938
350 170 5 601
350 193 40 656
350 195 1 244
350 205 17 718
350 238 49 1132
350 264 52 541
350 279 22 697
350 280 7 459
351 19 55 907
351 38 7 1152
351 48 37 662
351 69 16 18
351 70 34 477
351 73 46 1113
351 76 5 946
351 137 26 344
351 138 13 456
351 142 23 345
351 154 49 324
351 160 58 779
351 185 1 150
351 191 19 717
352 1 1 486
352 13 40 727
352 40 47 911
352 74 43 823
352 75 26 707
352 102 5 122
352 113 32 804
352 121 37 546
352 148 7 155
352 196 9 276
352 225 20 781
352 226 29 714
352 235 59 32
352 319 13 115
353 54 41 944
353 56 22 480
353 103 37 935
353 107 43 233
353 130 53 1143
353 137 8 291
353 175 49 975
353 176 34 592
353 192 31 1052
353 196 1 351
353 250 27 796
353 262 59 376
353 275 5 886
353 307 47 471
353 320 56 58
354 42 49 625
354 84 38 648
354 121 25 1002
354 135 16 735
354 150 41 43
354 161 56 818
354 185 43 733
354 198 35 793
354 199 13 407
354 219 7 1157
354 254 2 1156
354 258 19 96
354 264 22 68
354 269 28 1078
354 308 10 771
355 15 26 1085
355 24 47 1187
355 58 34 1071
355 61 55 778
355 82 32 752
355 116 49 317
355 122 43 489
355 134 13 345
355 159 53 426
355 170 1 490
355 206 4 134
355 238 11 339
355 253 41 215
355 287 19 221
355 320 17 630
356 1 19 770
356 6 57 250
356 10 1 803
356 20 40 1073
356 33 7 207
356 42 9 286
356 74 13 420
356 96 35 1174
356 128 37 518
356 181 29 1194
356 194 31 42
356 218 25 77
356 222 17 20
356 261 55 338
356 266 4 879
357 7 11 731
357 44 47 705
357 54 23 778
357 82 49 545
357 112 55 577
357 125 13 1174
357 145 53 775
357 193 29 1041
357 201 1 420
357 213 40 105
357 243 7 677
357 264 25 803
357 292 31 33
357 312 3 952
357 319 20 432
358 49 35 1061
358 104 25 1106
358 112 31 670
358 131 1 231
358 152 53 78
358 187 37 858
358 202 55 1155
358 212 5 924
358 229 19 256
358 236 7 12
358 247 59 799
358 252 27 881
358 280 3 762
358 290 43 311
358 293 11 612
359 31 14 1189
359 63 31 272
359 68 41 453
359 73 10 295
359 82 53 323
359 116 55 474
359 147 29 387
359 159 5 1002
359 252 25 286
359 255 49 434
359 283 19 21
359 292 43 162
359 295 37 1012
359 305 1 657
360 1 19 580
360 2 49 133
360 10 31 536
360 15 1 1160
360 49 53 133
360 51 37 165
360 55 40 530
360 133 14 1079
360 136 34 534
360 152 25 1029
360 190 27 1134
360 270 58 190
360 273 7 425
360 279 43 198
360 313 46 649
361 15 7 1038
361 47 37 188
361 81 29 314
361 94 58 980
361 101 22 649
361 123 55 652
361 127 49 47
361 136 43 345
361 138 47 456
361 178 25 122
361 215 3 1149
361 217 16 813
361 274 32 785
361 276 53 731
361 279 19 618
362 3 50 206
362 5 55 129
362 13 22 58
362 24 17 343
362 38 43 1041
362 98 19 139
362 107 25 1052
362 129 31 996
362 159 59 640
362 161 1 536
362 167 38 810
362 176 29 340
362 202 13 1155
362 266 10 1044
362 279 7 664
363 33 43 465
363 42 19 571
363 60 37 575
363 71 25 43
363 79 55 188
363 108 13 785
363 132 29 731
363 175 35 1073
363 188 49 928
363 198 59 1143
363 209 16 708
363 214 7 1025
363 241 46 1025
363 285 1 674
363 312 32 171
364 18 10 1182
364 28 1 120
364 39 43 362
364 49 59 919
364 55 13 522
364 71 25 193
364 104 41 879
364 116 55 52
364 174 49 1194
364 180 17 592
364 187 22 829
364 200 47 426
364 263 37 1118
364 316 32 231
364 320 53 1048
365 3 19 234
365 16 51 409
365 41 4 148
365 67 25 619
365 72 13 185
365 129 31 858
365 144 7 1074
365 161 57 55
365 164 41 139
365 188 37 896
365 227 46 749
365 233 11 22
365 272 43 295
365 313 1 970
366 34 53 895
366 50 16 775
366 62 32 1089
366 87 25 261
366 108 13 1113
366 113 55 1012
366 117 23 120
366 166 5 1052
366 171 28 793
366 220 9 789
366 230 40 87
366 231 7 575
366 233 47 435
366 237 49 148
366 258 1 771
367 21 55 941
367 37 25 459
367 143 43 1048
367 166 35 1170
367 182 1 111
367 186 31 1172
367 212 19 924
367 242 14 1001
367 247 29 27
367 275 5 1015
367 280 59 900
367 298 40 760
367 299 23 466
367 319 10 443
367 320 47 630
368 18 26 913
368 61 56 885
368 70 1 477
368 78 15 1157
368 90 20 780
368 124 3 475
368 139 11 854
368 150 47 1088
368 210 13 163
368 212 35 783
368 224 22 59
368 230 7 261
368 233 41 247
368 246 53 969
368 291 49 569
369 22 49 535
369 94 25 250
369 110 28 826
369 121 56 21
369 125 10 839
369 138 15 117
369 148 41 593
369 154 31 312
369 156 17 755
369 165 35 356
369 254 43 717
369 289 37 956
369 293 59 986
369 298 19 189
370 2 31 773
370 19 5 444
370 23 43 483
370 43 37 752
370 81 41 1093
370 89 49 1112
370 134 25 637
370 147 20 1006
370 183 23 811
370 186 58 259
370 205 13 135
370 231 1 594
370 240 7 103
370 260 45 946
370 296 53 198
371 24 29 347
371 26 58 578
371 69 55 505
371 75 22 429
371 97 49 283
371 164 37 36
371 178 25 1036
371 180 17 466
371 183 47 968
371 186 19 200
371 200 1 698
371 222 5 20
371 223 10 123
371 272 7 793
371 311 13 764
372 26 31 412
372 28 37 284
372 81 17 1093
372 87 19 698
372 89 10 404
372 96 59 401
372 124 25 206
372 148 41 904
372 149 13 1025
372 167 23 775
372 178 45 876
372 251 4 1029
372 264 49 1170
372 276 43 28
372 319 7 432
373 20 13 388
373 21 20 941
373 40 29 467
373 56 16 539
373 74 1 990
373 77 25 515
373 82 9 783
373 121 31 1002
373 133 55 358
373 142 5 1177
373 148 45 593
373 152 11 490
373 166 47 1141
373 198 41 1143
373 272 34 255
374 22 37 135
374 53 43 197
374 66 13 469
374 70 32 477
374 96 53 566
374 140 1 919
374 154 55 1176
374 218 25 617
374 248 21 961
374 255 7 557
374 260 49 946
374 275 5 223
374 294 47 129
374 307 35 261
375 7 11 702
375 30 5 480
375 69 37 624
375 75 40 707
375 92 23 891
375 117 1 849
375 142 17 1177
375 144 25 1074
375 148 34 593
375 159 55 913
375 195 31 547
375 218 43 1068
375 264 7 32
375 274 19 129
375 313 13 970
376 17 19 366
376 21 49 77
376 55 16 1035
376 103 53 781
376 134 37 59
376 147 23 1012
376 149 31 738
376 158 4 1026
376 166 29 805
376 175 47 1176
376 190 25 800
376 197 10 667
376 211 43 294
376 247 35 910
376 294 41 854
377 5 43 1079
377 37 31 450
377 48 49 530
377 52 11 107
377 72 20 903
377 78 7 213
377 102 35 122
377 135 13 735
377 140 25 919
377 149 37 1033
377 151 55 43
377 164 17 566
377 210 47 829
377 217 1 1134
377 253 5 1023
378 8 47 499
378 104 26 356
378 126 43 69
378 135 19 484
378 141 1 381
378 202 31 614
378 216 37 8
378 231 59 472
378 234 13 899
378 235 41 665
378 239 49 693
378 247 17 27
378 252 9 752
378 278 22 80
378 289 55 466
379 3 31 1088
379 23 35 748
379 27 1 978
379 46 47 1028
379 48 8 1021
379 53 20 310
379 78 50 340
379 97 13 37
379 132 17 575
379 139 29 193
379 200 41 475
379 223 25 123
379 239 37 1053
379 261 58 58
379 286 23 420
380 22 52 507
380 27 55 157
380 39 19 635
380 79 13 743
380 91 49 750
380 137 37 1067
380 160 46 1093
380 177 31 377
380 215 23 437
380 236 26 465
380 266 40 386
380 292 7 249
380 297 5 557
380 313 43 101
380 316 1 484
381 8 34 823
381 63 19 1035
381 64 17 70
381 91 47 424
381 99 37 556
381 139 23 328
381 147 11 522
381 189 44 111
381 206 1 4
381 234 56 343
381 243 49 247
381 250 13 796
381 273 25 425
381 300 8 350
382 30 53 1057
382 68 41 988
382 70 44 100
382 91 13 424
382 130 26 348
382 135 37 906
382 142 15 1177
382 144 49 99
382 163 55 409
382 250 1 1125
382 262 23 760
382 295 28 600
382 298 46 472
382 306 5 718
382 316 57 587
383 13 22 727
383 54 29 924
383 58 13 1182
383 100 3 420
383 183 53 738
383 213 16 1068
383 218 31 948
383 243 8 247
383 255 37 70
383 256 25 1021
383 258 19 771
383 275 1 886
383 282 44 656
383 289 57 311
383 301 49 129
384 10 31 120
384 18 21 1100
384 44 53 1131
384 95 47 530
384 114 1 83
384 124 26 475
384 138 15 456
384 163 35 8
384 170 41 1000
384 180 19 87
384 195 10 208
384 226 13 976
384 244 58 420
384 305 49 576
384 307 17 471
385 23 47 804
385 43 37 1063
385 54 4 87
385 71 57 1043
385 79 49 799
385 85 32 1092
385 98 25 857
385 108 1 1151
385 159 29 65
385 183 16 738
385 235 22 665
385 274 7 856
385 286 41 420
385 295 43 811
385 296 53 96
386 4 49 440
386 30 29 990
386 80 43 706
386 112 1 1129
386 114 7 1111
386 127 13 335
386 141 56 225
386 151 31 302
386 166 35 12
386 196 25 276
386 256 20 45
386 270 46 190
386 277 41 483
386 279 37 618
387 7 29 735
387 26 1 362
387 30 53 568
387 83 13 794
387 107 39 18
387 123 31 896
387 172 57 945
387 183 5 940
387 193 34 541
387 218 49 351
387 239 19 383
387 281 46 956
387 288 9 440
387 289 25 1156
388 9 55 1000
388 92 59 891
388 105 35 1098
388 107 19 1112
388 120 50 337
388 123 8 640
388 134 13 730
388 149 38 133
388 156 5 885
388 165 47 418
388 256 31 215
388 279 43 569
388 292 26 33
388 296 53 1144
388 302 1 360
389 14 5 619
389 29 33 405
389 81 23 1093
389 91 16 907
389 93 31 520
389 97 19 871
389 121 37 512
389 123 45 1052
389 149 7 1036
389 194 56 911
389 212 1 672
389 257 25 1129
389 277 41 907
389 319 13 304
390 1 1 770
390 2 37 910
390 10 52 536
390 19 41 1194
390 28 7 401
390 33 56 1130
390 85 15 135
390 150 59 1088
390 170 11 601
390 202 31 1155
390 215 5 437
390 217 23 1124
390 238 13 1106
390 269 25 323
390 292 19 576
391 3 55 307
391 13 11 974
391 36 16 304
391 47 25 80
391 58 4 914
391 71 38 183
391 74 19 706
391 132 53 585
391 143 49 1048
391 145 29 45
391 175 59 532
391 188 34 896
391 197 46 252
391 208 23 557
391 301 7 813
392 28 7 1171
392 35 53 605
392 84 13 937
392 88 25 1195
392 102 5 1122
392 109 3 572
392 142 29 1177
392 180 41 75
392 205 23 947
392 206 31 465
392 261 59 20
392 272 46 295
392 302 19 577
392 307 17 310
392 320 35 58
393 1 31 580
393 21 26 69
393 39 43 426
393 55 1 858
393 59 7 1112
393 95 47 619
393 97 19 37
393 119 37 566
393 133 13 718
393 156 5 644
393 208 59 946
393 210 17 707
393 227 10 374
393 265 55 875
393 319 40 304
394 39 43 1133
394 100 25 21
394 101 31 649
394 129 13 990
394 142 9 1177
394 165 29 966
394 169 3 1009
394 170 41 913
394 184 47 858
394 207 34 1016
394 215 58 437
394 260 19 707
394 278 37 1127
394 304 49 794
394 320 23 753
395 5 43 829
395 8 11 805
395 41 31 148
395 81 41 743
395 110 7 516
395 114 37 190
395 121 28 713
395 144 19 1074
395 196 55 351
395 240 2 545
395 246 47 37
395 265 13 656
395 292 49 532
395 295 25 1098
395 299 35 799
396 6 37 783
396 53 46 945
396 54 23 914
396 55 55 530
396 75 2 1116
396 102 11 1122
396 146 13 237
396 147 19 522
396 152 5 656
396 159 41 578
396 183 59 1001
396 225 25 347
396 268 34 1079
396 311 43 339
396 318 15 996
397 39 15 340
397 49 46 1123
397 86 23 706
397 97 19 691
397 99 38 929
397 116 1 474
397 121 56 858
397 160 31 594
397 210 43 163
397 211 7 329
397 229 34 740
397 264 52 1199
397 314 26 981
398 7 47 2
398 23 59 36
398 61 31 674
398 65 25 664
398 75 13 662
398 82 35 1171
398 117 52 120
398 170 11 502
398 184 1 546
398 205 41 899
398 222 29 771
398 230 8 989
398 281 22 307
398 311 3 64
398 315 43 312
399 20 25 22
399 38 19 1187
399 71 1 43
399 73 28 198
399 115 43 962
399 121 46 730
399 125 13 733
399 129 55 1174
399 132 41 575
399 172 31 463
399 191 37 717
399 203 7 163
399 295 49 600
399 308 16 982
399 313 52 649
400 15 31 333
400 32 7 743
400 56 43 574
400 61 37 272
400 111 55 870
400 114 2 190
400 118 41 1053
400 123 46 410
400 127 49 20
400 136 13 404
400 172 25 170
400 188 16 1134
400 246 35 1132
400 299 11 1128
400 316 19 97
401 13 43 727
401 25 1 298
401 52 13 996
401 65 22 587
401 84 52 310
401 101 15 649
401 163 41 252
401 166 11 52
401 209 4 708
401 214 7 616
401 232 35 1118
401 239 57 87
401 248 37 934
401 298 46 950
401 310 26 1144
402 32 37 669
402 54 2 163
402 61 45 711
402 105 41 348
402 112 13 617
402 116 7 474
402 133 31 859
402 185 50 748
402 228 28 151
402 230 25 641
402 238 23 1173
402 244 20 1078
402 264 58 796
402 308 4 138
403 4 1 370
403 10 40 677
403 42 9 625
403 54 20 863
403 84 22 937
403 99 49 929
403 102 5 69
403 112 43 1174
403 144 13 640
403 175 25 998
403 182 27 543
403 187 34 1116
403 198 47 856
403 285 57 976
403 318 31 618
404 16 31 58
404 47 43 201
404 49 49 717
404 62 10 1008
404 64 35 191
404 66 27 769
404 67 19 997
404 78 56 1060
404 148 17 376
404 161 13 818
404 191 51 501
404 245 37 605
404 267 1 859
405 12 35 1102
405 32 37 567
405 53 31 97
405 85 7 22
405 94 25 764
405 124 57 486
405 165 53 475
405 171 4 778
405 185 49 561
405 240 13 130
405 252 1 664
405 257 19 1056
405 261 41 380
405 267 46 796
405 294 29 1169
406 12 47 61
406 14 19 625
406 29 55 475
406 52 11 600
406 91 35 907
406 119 52 902
406 126 31 532
406 142 44 1177
406 183 29 1007
406 189 16 811
406 200 4 698
406 232 59 68
406 243 21 1108
406 249 7 106
406 318 1 935
407 4 28 370
407 38 55 130
407 40 7 706
407 44 41 1144
407 49 17 919
407 60 1 323
407 76 35 233
407 88 19 876
407 106 23 408
407 154 13 512
407 165 53 672
407 212 59 1041
407 249 49 354
407 309 11 913
407 315 5 997
408 22 20 420
408 24 29 840
408 27 38 228
408 95 50 575
408 127 44 650
408 202 25 495
408 204 16 483
408 228 9 139
408 242 55 65
408 255 1 618
408 272 13 535
408 295 52 811
408 310 32 554
409 20 28 302
409 35 23 506
409 37 43 525
409 80 8 1194
409 101 25 973
409 133 49 718
409 180 11 466
409 214 19 1060
409 225 31 360
409 227 16 749
409 245 55 944
409 255 3 697
409 273 37 579
409 298 13 760
409 299 1 329
410 39 7 413
410 58 52 1006
410 66 31 221
410 72 3 114
410 79 37 916
410 85 55 896
410 102 1 122
410 104 17 879
410 132 21 575
410 210 11 358
410 242 43 541
410 260 25 506
410 261 29 20
410 301 13 753
410 309 19 795
411 13 11 944
411 53 43 6
411 59 13 376
411 63 1 1196
411 65 52 1009
411 89 55 1134
411 126 19 702
411 164 59 234
411 221 49 465
411 235 47 220
411 246 41 708
411 264 25 1040
411 286 23 442
411 290 37 714
411 309 7 795
412 62 25 101
412 68 17 1107
412 149 43 1089
412 156 21 644
412 172 1 1072
412 182 31 944
412 192 13 935
412 201 5 1199
412 215 19 1149
412 216 7 60
412 223 55 78
412 246 53 858
412 271 49 420
412 301 39 980
412 320 11 1074
413 25 1 788
413 59 46 307
413 108 14 142
413 127 33 1060
413 137 4 945
413 161 49 1036
413 169 37 108
413 170 9 913
413 176 7 592
413 241 22 1025
413 252 43 216
413 281 19 907
413 283 25 219
413 303 53 823
413 315 41 997
414 25 16 788
414 68 47 405
414 99 27 337
414 113 43 1039
414 121 34 616
414 148 23 793
414 175 25 1073
414 178 49 424
414 207 37 1116
414 239 1 250
414 242 9 424
414 268 13 350
414 292 19 687
414 313 58 649
414 314 55 557
415 49 45 750
415 62 52 705
415 92 3 1155
415 96 23 1043
415 123 7 375
415 151 19 442
415 162 41 442
415 189 16 1129
415 218 55 804
415 279 10 198
415 284 32 464
415 287 37 803
415 307 43 784
415 315 5 896
415 319 13 549
416 12 5 1124
416 49 11 454
416 76 59 769
416 91 32 625
416 107 50 1079
416 133 45 885
416 136 34 522
416 175 3 1176
416 191 14 220
416 228 19 645
416 255 7 697
416 265 55 1125
416 272 40 535
416 277 29 483
416 279 26 387
417 2 31 1022
417 6 19 64
417 11 49 310
417 13 47 944
417 47 13 910
417 70 55 477
417 80 25 1059
417 90 9 941
417 137 52 645
417 138 11 456
417 153 44 838
417 219 28 662
417 242 37 387
417 246 3 981
417 249 57 454
418 34 11 895
418 42 25 295
418 68 53 988
418 72 19 1180
418 75 1 1054
418 82 5 268
418 96 29 969
418 122 49 96
418 141 13 954
418 156 41 856
418 194 55 42
418 209 7 835
418 267 34 1044
418 297 47 866
418 306 59 1063
419 5 55 111
419 8 35 652
419 49 23 818
419 54 25 217
419 68 41 469
419 152 5 314
419 162 29 31
419 176 11 317
419 212 27 792
419 263 49 947
419 289 37 416
419 291 19 367
419 298 31 631
419 305 14 405
419 310 7 1144
420 22 55 507
420 67 7 997
420 97 1 871
420 123 37 265
420 126 31 92
420 199 13 902
420 219 19 217
420 235 53 220
420 237 49 1021
420 271 26 1163
420 279 40 664
420 316 43 1098
420 319 58 432
420 320 17 595
421 29 44 900
421 47 38 1059
421 61 13 938
421 86 8 1130
421 88 17 1120
421 127 1 335
421 191 19 945
421 252 25 302
421 253 59 907
421 261 11 141
421 262 47 792
421 267 56 1144
421 268 28 133
421 308 32 507
421 310 49 1152
422 3 55 198
422 19 59 760
422 40 23 507
422 101 4 632
422 114 37 971
422 116 7 191
422 120 19 540
422 150 41 971
422 155 11 636
422 216 13 721
422 264 49 281
422 284 31 940
422 290 1 556
422 291 25 795
422 301 43 753
423 13 47 58
423 43 28 956
423 59 52 840
423 175 10 1073
423 186 37 609
423 187 43 353
423 205 23 106
423 207 19 28
423 220 55 789
423 258 13 1126
423 273 32 579
423 289 1 1102
423 307 17 21
423 314 7 981
424 6 43 578
424 12 23 537
424 24 4 1187
424 76 9 946
424 78 13 657
424 82 7 783
424 88 17 876
424 108 19 1113
424 115 31 656
424 124 25 486
424 141 37 475
424 193 35 1041
424 216 49 528
424 242 55 387
424 269 1 135
425 30 1 75
425 47 43 556
425 60 25 765
425 86 17 407
425 87 7 92
425 111 52 1112
425 181 29 1173
425 186 55 259
425 194 13 155
425 221 49 223
425 229 37 256
425 236 3 12
425 255 31 758
425 298 22 220
425 317 10 332
426 47 13 1118
426 63 25 61
426 82 29 101
426 107 43 13
426 110 7 118
426 111 10 693
426 113 1 900
426 129 55 990
426 133 31 856
426 160 38 1093
426 229 22 256
426 313 50 1058
427 37 13 208
427 50 55 61
427 75 2 165
427 110 28 780
427 111 40 339
427 112 31 1174
427 123 58 914
427 128 52 22
427 197 25 512
427 215 7 1149
427 225 44 273
427 235 37 220
427 236 19 12
427 250 10 451
427 254 49 1054
428 31 31 1189
428 34 17 553
428 59 40 148
428 65 52 910
428 101 22 628
428 115 58 637
428 118 29 1053
428 120 49 1015
428 187 25 155
428 188 55 916
428 191 43 636
428 217 11 12
428 231 19 575
428 242 13 326
428 301 7 520
429 4 50 804
429 35 17 605
429 59 22 534
429 80 7 411
429 102 35 928
429 113 55 1022
429 125 37 733
429 159 47 990
429 178 13 55
429 239 43 391
429 284 25 70
429 285 31 572
429 303 59 823
429 309 4 578
429 313 10 101
430 42 31 295
430 54 7 348
430 55 28 129
430 104 41 1021
430 124 1 974
430 132 25 337
430 154 44 348
430 168 5 677
430 170 53 490
430 174 15 321
430 212 23 813
430 213 37 303
430 218 9 617
430 244 58 106
430 246 55 347
431 81 11 351
431 97 7 37
431 105 53 1033
431 115 13 1104
431 120 50 775
431 122 2 574
431 140 19 919
431 170 37 913
431 172 57 170
431 206 25 751
431 244 34 1036
431 265 43 52
431 293 17 554
431 313 40 527
431 318 28 935
432 18 16 1074
432 39 49 40
432 69 34 451
432 76 47 769
432 79 37 885
432 114 55 971
432 159 5 990
432 183 23 1171
432 214 1 377
432 243 25 805
432 274 43 328
432 278 7 115
432 285 19 337
432 313 10 508
433 17 8 312
433 23 41 1108
433 50 31 151
433 67 1 997
433 149 50 1173
433 157 55 150
433 189 34 1020
433 196 19 276
433 229 13 256
433 255 37 879
433 256 25 1103
433 306 47 1103
433 312 43 285
433 319 16 66
434 37 1 480
434 85 55 19
434 90 17 216
434 91 43 750
434 98 49 454
434 104 23 273
434 137 13 375
434 149 45 896
434 164 53 762
434 243 31 213
434 249 19 287
434 255 7 1040
434 301 25 324
434 310 37 1144
435 8 41 652
435 61 37 938
435 78 13 1112
435 105 35 1033
435 106 47 42
435 107 51 318
435 121 44 546
435 139 23 945
435 188 28 652
435 189 55 444
435 199 19 652
435 206 4 781
435 216 31 821
435 251 1 938
435 285 7 68
436 5 43 536
436 41 19 60
436 48 37 644
436 78 31 702
436 93 5 279
436 103 17 380
436 118 53 40
436 139 41 945
436 145 23 716
436 211 1 804
436 213 58 688
436 230 7 849
436 243 25 1133
436 245 13 296
436 312 49 171
437 3 7 49
437 27 43 978
437 68 3 405
437 72 13 1180
437 95 11 1072
437 97 56 37
437 145 41 367
437 164 47 139
437 192 49 758
437 204 37 170
437 234 32 343
437 252 22 866
437 281 28 1132
437 297 5 263
438 4 10 582
438 9 55 663
438 83 31 217
438 95 59 121
438 140 37 5
438 161 3 269
438 168 41 1060
438 185 25 753
438 190 14 948
438 221 7 1026
438 226 19 433
438 236 49 537
438 277 21 795
438 285 43 97
438 293 35 377
439 59 28 307
439 65 14 744
439 74 50 2
439 135 7 687
439 193 59 1021
439 200 11 156
439 224 46 440
439 230 43 989
439 235 41 481
439 240 32 1114
439 242 2 404
439 247 23 1132
439 266 25 386
439 291 55 750
439 294 17 111
440 4 13 69
440 14 7 269
440 28 50 284
440 46 23 64
440 60 19 481
440 109 1 281
440 111 3 1058
440 149 26 738
440 164 11 151
440 201 58 676
440 241 34 1106
440 246 40 480
440 258 31 875
440 279 16 1103
440 308 43 982
441 1 37 770
441 15 19 333
441 21 55 68
441 63 13 108
441 107 7 1001
441 111 34 938
441 112 50 416
441 125 28 839
441 173 43 117
441 192 46 940
441 202 1 502
441 293 41 272
441 297 59 866
441 300 25 649
442 16 25 249
442 44 16 36
442 98 13 19
442 112 31 495
442 118 23 354
442 129 37 990
442 179 43 375
442 208 29 650
442 239 19 370
442 254 58 433
442 271 51 914
442 289 7 956
442 309 5 207
442 310 1 1144
443 1 33 724
443 27 1 306
443 50 44 959
443 54 53 792
443 57 23 495
443 146 21 237
443 149 26 1025
443 190 55 1169
443 247 47 812
443 266 13 890
443 285 49 792
443 298 40 1100
443 319 7 443
444 33 59 466
444 60 55 997
444 117 35 1185
444 129 13 1131
444 145 11 716
444 178 49 323
444 225 45 347
444 233 41 435
444 242 19 561
444 276 23 607
444 282 37 617
444 284 1 930
444 293 5 1156
444 312 7 285
444 319 27 1093
445 10 34 120
445 40 23 954
445 42 19 664
445 52 53 948
445 83 8 794
445 98 40 857
445 177 25 799
445 181 5 1157
445 236 1 537
445 246 47 1043
445 250 16 451
445 255 49 879
445 278 31 80
445 286 59 859
445 291 55 795
446 47 13 885
446 60 37 845
446 68 10 730
446 103 17 781
446 111 28 127
446 123 1 914
446 125 25 839
446 171 43 1029
446 175 5 1176
446 189 46 891
446 207 34 408
446 234 20 899
446 307 59 340
446 310 55 1133
446 314 52 981
447 66 37 231
447 72 49 114
447 79 1 321
447 130 35 670
447 158 41 803
447 169 25 711
447 172 8 633
447 202 13 1058
447 204 19 94
447 209 22 708
447 249 31 979
447 251 46 890
447 278 55 560
447 281 43 910
447 286 58 201
448 33 8 121
448 59 52 139
448 65 49 910
448 96 17 401
448 106 59 1187
448 143 37 1048
448 149 44 1173
448 157 25 900
448 183 19 42
448 209 10 835
448 219 56 114
448 243 13 805
448 251 31 905
448 279 22 990
448 285 3 976
449 10 4 970
449 16 25 1053
449 24 53 1187
449 33 7 1009
449 64 47 969
449 94 1 87
449 106 59 750
449 108 13 569
449 114 9 289
449 179 33 418
449 180 41 716
449 207 20 408
449 249 49 785
449 255 43 697
449 262 23 705
450 53 49 358
450 62 58 667
450 87 32 718
450 101 55 628
450 116 7 52
450 168 5 1160
450 180 41 515
450 192 43 942
450 195 16 988
450 212 47 1085
450 231 23 401
450 281 20 617
450 293 29 1102
450 296 53 919
450 302 25 577
451 16 43 988
451 42 25 571
451 110 16 278
451 113 39 1163
451 115 22 444
451 159 1 426
451 204 4 483
451 215 37 437
451 217 53 1124
451 229 7 927
451 245 49 800
451 252 19 572
451 259 31 885
451 280 59 388
451 311 10 261
452 29 9 307
452 41 22 239
452 43 1 879
452 62 31 713
452 81 41 811
452 86 28 1008
452 100 43 213
452 103 5 97
452 105 35 941
452 109 7 281
452 175 25 1026
452 182 13 787
452 250 37 796
452 256 57 815
452 308 49 1133
453 7 5 702
453 15 33 989
453 63 1 528
453 88 27 1120
453 94 22 350
453 96 41 969
453 120 37 1073
453 133 14 856
453 145 19 81
453 147 29 117
453 164 49 628
453 165 10 929
453 176 7 265
453 211 55 1173
453 249 44 979
454 14 29 100
454 23 41 193
454 24 17 228
454 51 38 51
454 63 43 859
454 158 35 565
454 171 7 819
454 199 25 652
454 206 10 465
454 210 5 358
454 211 1 508
454 224 58 530
454 227 22 749
454 228 13 875
454 305 49 405
455 13 5 765
455 22 34 311
455 109 20 281
455 112 49 587
455 122 7 107
455 135 58 1199
455 163 28 8
455 182 1 765
455 187 13 279
455 210 47 707
455 243 43 247
455 293 53 1053
455 305 38 107
456 12 23 450
456 21 43 374
456 30 7 347
456 65 58 758
456 115 25 859
456 125 13 839
456 150 5 32
456 168 47 1060
456 174 31 94
456 175 3 1073
456 177 49 616
456 218 37 434
456 252 19 752
456 275 29 223
456 299 17 808
457 23 47 614
457 41 4 505
457 83 22 252
457 99 57 1113
457 128 43 1156
457 137 16 501
457 138 32 456
457 205 11 213
457 220 27 601
457 232 25 54
457 241 34 854
457 254 13 1054
457 280 7 717
457 300 37 1087
457 306 55 587
458 1 13 486
458 8 5 823
458 30 59 973
458 31 19 450
458 49 17 677
458 63 26 568
458 66 43 226
458 79 55 252
458 89 40 154
458 113 49 697
458 173 37 454
458 196 7 457
458 203 31 779
458 246 11 1043
458 319 1 115
459 49 59 133
459 92 4 891
459 119 28 773
459 173 49 705
459 185 31 744
459 219 19 539
459 230 13 849
459 246 40 771
459 250 10 1125
459 261 35 42
459 277 47 157
459 280 43 388
459 286 53 442
459 308 7 370
459 315 17 896
460 40 41 426
460 66 56 625
460 77 7 453
460 87 28 1015
460 108 49 142
460 120 52 1000
460 130 21 348
460 145 5 881
460 148 35 950
460 155 11 1194
460 166 23 568
460 244 37 577
460 249 43 454
460 268 16 1122
460 287 1 688
461 28 7 284
461 52 23 107
461 68 25 988
461 71 37 456
461 73 55 201
461 100 3 649
461 109 1 572
461 133 31 941
461 144 19 99
461 204 28 549
461 209 13 708
461 214 49 1111
461 229 16 256
461 284 43 792
461 307 47 216
462 13 29 944
462 64 47 1021
462 66 7 769
462 72 31 185
462 81 41 55
462 83 43 534
462 87 25 164
462 122 19 141
462 129 49 554
462 151 37 785
462 186 4 259
462 204 13 633
462 239 56 670
462 258 16 453
463 5 49 201
463 37 7 156
463 63 43 1035
463 86 11 40
463 99 19 1130
463 111 39 1079
463 118 59 474
463 168 17 264
463 179 26 914
463 181 23 656
463 191 13 255
463 200 47 826
463 258 34 771
463 278 4 904
463 285 55 617
464 17 49 312
464 35 40 976
464 45 7 970
464 62 34 501
464 75 9 1189
464 116 21 838
464 155 17 825
464 180 55 87
464 220 44 30
464 230 31 386
464 265 13 968
464 282 25 118
464 303 53 624
464 318 4 1092
464 320 19 58
465 37 1 857
465 47 49 426
465 56 31 676
465 59 19 567
465 90 53 940
465 113 55 1039
465 139 46 976
465 147 23 216
465 183 59 1007
465 208 11 914
465 255 25 758
465 271 13 969
465 287 7 645
465 296 41 96
465 299 35 466
466 18 28 121
466 22 22 164
466 35 4 54
466 36 52 228
466 56 25 1078
466 57 55 440
466 84 14 310
466 85 57 913
466 101 40 609
466 117 17 120
466 219 10 539
466 252 19 866
466 270 1 541
466 278 7 904
466 310 31 279
467 10 13 354
467 14 32 155
467 25 34 604
467 40 41 302
467 64 11 336
467 68 17 469
467 95 29 767
467 111 25 527
467 147 47 1063
467 166 23 142
467 207 49 541
467 208 4 27
467 236 37 12
467 314 58 557
467 318 52 753
468 46 16 64
468 65 52 758
468 68 7 713
468 86 1 1130
468 100 37 953
468 137 56 863
468 183 59 356
468 194 20 536
468 242 43 530
468 263 27 217
468 264 49 42
468 306 47 454
468 308 34 106
468 314 10 980
468 317 3 861
469 3 31 234
469 21 25 748
469 33 43 1130
469 38 19 1041
469 61 45 272
469 75 10 1089
469 162 29 1176
469 163 5 618
469 185 37 150
469 237 50 518
469 270 1 665
469 281 7 907
469 284 56 1002
469 302 13 599
470 4 55 630
470 27 13 1138
470 33 53 121
470 41 43 193
470 87 46 565
470 89 28 1087
470 116 19 474
470 123 2 97
470 131 35 264
470 163 49 409
470 183 5 471
470 185 7 1156
470 187 40 155
470 211 31 1169
470 246 11 1132
471 2 1 28
471 3 43 507
471 4 22 624
471 7 35 731
471 8 15 779
471 59 28 148
471 86 5 1174
471 91 40 750
471 149 31 383
471 178 55 323
471 194 9 911
471 200 25 136
471 202 50 707
471 235 59 665
471 272 37 793
472 30 17 929
472 37 1 534
472 86 53 1174
472 90 23 165
472 116 49 614
472 118 57 40
472 121 46 811
472 134 37 891
472 141 13 292
472 156 35 130
472 160 43 1093
472 161 27 1029
472 200 11 255
472 247 7 812
472 262 25 705
473 5 31 1102
473 11 25 433
473 38 37 1187
473 43 13 717
473 50 7 576
473 113 49 863
473 118 1 815
473 120 10 1050
473 174 3 1107
473 175 53 532
473 240 55 103
473 266 22 1040
473 267 19 80
473 273 44 503
473 298 16 891
474 1 25 770
474 6 55 571
474 73 2 19
474 96 11 941
474 106 41 953
474 161 44 60
474 168 7 1118
474 177 31 105
474 193 23 78
474 203 37 779
474 220 49 73
474 258 16 593
474 261 53 968
474 310 19 1144
474 320 29 1048
475 2 49 1156
475 20 55 752
475 32 9 705
475 57 25 440
475 98 28 480
475 150 35 454
475 183 59 738
475 208 47 1035
475 212 53 714
475 231 41 329
475 233 7 495
475 255 1 758
475 288 13 553
475 291 20 804
475 315 44 998
476 15 9 1149
476 20 40 454
476 27 57 1138
476 28 25 609
476 87 46 356
476 112 1 1174
476 155 7 108
476 204 21 483
476 206 34 751
476 219 37 1157
476 226 55 136
476 242 49 670
476 288 13 121
476 307 5 21
477 14 53 640
477 20 37 572
477 59 20 188
477 66 25 1143
477 71 49 1131
477 76 59 233
477 80 10 429
477 105 17 1033
477 114 44 1111
477 116 13 282
477 157 31 585
477 190 1 221
477 225 55 314
477 229 40 927
477 272 7 665
478 31 49 1189
478 36 4 1007
478 93 43 980
478 94 22 377
478 101 28 785
478 103 41 1107
478 112 13 670
478 129 9 644
478 172 31 170
478 184 35 549
478 190 37 657
478 215 17 1149
478 242 45 404
478 279 55 420
478 296 7 440
479 7 35 6
479 16 13 1128
479 56 55 1177
479 68 5 405
479 138 9 456
479 149 43 133
479 156 47 130
479 167 1 1180
479 171 37 693
479 190 19 974
479 192 49 153
479 243 25 1108
479 250 40 451
479 259 31 565
479 268 58 794
480 40 5 302
480 56 10 480
480 86 41 1174
480 105 23 1027
480 147 17 1058
480 160 55 624
480 192 58 974
480 236 25 12
480 244 7 1078
480 256 31 45
480 272 2 840
480 284 49 940
480 287 13 1026
480 290 46 1163
480 301 19 520
481 21 1 982
481 46 29 890
481 47 7 688
481 57 11 794
481 99 37 1130
481 104 5 481
481 146 45 237
481 148 53 718
481 234 49 899
481 268 58 1050
481 272 55 1104
481 275 41 886
481 285 25 383
481 294 35 585
481 307 23 465
482 3 44 207
482 12 11 1102
482 50 57 775
482 54 23 792
482 60 25 481
482 105 5 536
482 165 53 966
482 182 1 324
482 191 31 636
482 228 13 139
482 251 19 1029
482 254 7 47
482 297 55 263
482 304 37 19
482 311 16 767
483 6 33 1046
483 62 22 906
483 103 31 197
483 134 13 986
483 155 29 636
483 157 8 585
483 183 5 738
483 186 25 259
483 192 58 998
483 195 55 547
483 257 43 208
483 284 49 652
483 288 37 75
483 292 1 775
484 3 31 307
484 30 35 303
484 58 22 292
484 94 19 155
484 111 4 1112
484 141 13 442
484 179 37 375
484 189 28 317
484 191 7 1173
484 218 43 804
484 244 25 1124
484 246 11 767
484 262 41 633
484 284 55 930
484 302 49 1127
485 18 28 1174
485 23 59 197
485 105 37 536
485 133 55 982
485 144 7 653
485 154 31 1176
485 196 3 400
485 224 52 1061
485 247 49 1071
485 255 13 557
485 258 22 1061
485 259 39 366
485 286 17 420
485 291 43 913
485 313 19 649
486 16 2 1182
486 24 11 343
486 36 19 999
486 83 55 1048
486 129 25 420
486 137 58 628
486 150 35 442
486 152 29 78
486 177 31 471
486 213 22 821
486 219 40 607
486 223 7 672
486 256 43 1021
486 287 14 243
486 288 49 121
487 1 37 580
487 13 43 765
487 44 19 920
487 68 35 1107
487 71 7 1028
487 74 26 823
487 88 11 1195
487 131 4 1079
487 151 55 800
487 174 49 605
487 176 16 150
487 179 31 914
487 200 47 255
487 270 22 1185
487 296 41 674
488 33 47 1106
488 45 11 506
488 69 58 1130
488 86 53 579
488 88 21 876
488 93 29 268
488 105 15 1027
488 174 1 1194
488 181 17 546
488 191 49 1072
488 215 35 437
488 219 43 1169
488 237 7 649
488 250 25 451
488 282 38 118
489 13 35 69
489 64 41 758
489 100 31 21
489 107 19 18
489 109 9 281
489 116 13 614
489 129 25 443
489 130 5 1016
489 171 43 566
489 224 55 806
489 234 1 899
489 243 49 1108
489 254 38 924
489 319 46 432
490 21 13 941
490 34 59 139
490 39 31 635
490 44 41 1041
490 47 27 907
490 64 11 1111
490 68 1 829
490 143 3 1094
490 145 47 716
490 205 35 899
490 217 25 269
490 243 43 805
490 248 19 934
490 250 38 179
490 251 52 28
491 1 15 770
491 9 1 65
491 45 5 105
491 91 13 907
491 102 47 1122
491 161 55 60
491 183 37 968
491 195 39 156
491 227 25 374
491 233 49 435
491 253 59 215
491 265 19 787
491 282 7 333
491 291 31 943
491 311 28 261
492 10 33 354
492 34 5 139
492 50 19 980
492 103 53 197
492 131 22 77
492 154 55 600
492 174 43 895
492 177 49 314
492 199 7 738
492 204 1 633
492 210 13 707
492 235 47 813
492 289 38 610
492 306 59 546
492 318 25 1071
493 17 43 806
493 26 1 578
493 37 25 156
493 46 47 999
493 55 16 530
493 74 19 304
493 77 56 1015
493 79 31 735
493 95 11 818
493 125 7 839
493 159 53 1107
493 166 29 804
493 178 38 1023
493 189 49 811
493 227 4 812
494 22 37 535
494 23 35 193
494 33 50 466
494 42 43 444
494 131 52 1044
494 153 19 223
494 159 29 197
494 170 1 1000
494 192 22 685
494 208 41 27
494 212 5 639
494 250 7 1125
494 262 11 930
494 281 55 812
494 313 58 711
495 11 8 40
495 50 40 1067
495 67 43 657
495 77 31 268
495 131 5 264
495 132 59 464
495 148 23 904
495 180 47 75
495 182 55 765
495 183 3 356
495 210 50 163
495 212 35 792
495 226 17 883
495 238 29 13
495 320 11 845
496 5 19 678
496 52 47 70
496 68 29 1107
496 86 59 1008
496 89 1 464
496 97 25 691
496 120 34 1002
496 143 43 1108
496 219 13 1169
496 223 55 123
496 268 31 1050
496 287 7 636
496 290 16 138
496 294 11 989
496 320 41 1074
497 42 25 318
497 63 19 61
497 107 37 1112
497 114 7 886
497 155 5 1194
497 184 53 906
497 190 1 459
497 193 41 291
497 220 56 601
497 235 45 220
497 247 11 164
497 258 13 771
497 272 16 1104
497 304 49 953
497 310 33 407
498 58 22 108
498 96 47 136
498 99 25 392
498 104 58 268
498 141 43 78
498 159 29 474
498 169 1 108
498 171 49 609
498 192 55 247
498 221 15 223
498 229 7 740
498 247 53 799
498 258 10 172
498 273 32 1023
498 318 39 935
499 26 43 410
499 36 25 999
499 40 10 904
499 51 7 787
499 85 31 811
499 114 19 886
499 116 37 474
499 183 47 507
499 193 41 1113
499 210 23 358
499 217 1 819
499 244 28 1124
499 271 14 54
499 273 55 1161
499 288 49 321
500 4 49 839
500 45 37 970
500 47 13 1036
500 81 34 55
500 113 25 1039
500 144 7 381
500 149 19 875
500 159 17 426
500 184 11 388
500 192 46 545
500 198 29 733
500 222 41 31
500 272 1 388
500 283 55 999
500 320 59 375
501 47 37 505
501 73 52 75
501 106 58 953
501 109 15 416
501 112 1 670
501 149 43 1182
501 162 17 1176
501 170 11 870
501 200 13 639
501 208 5 94
501 235 35 982
501 272 22 255
501 273 25 1161
501 291 7 367
501 302 31 927
502 19 23 276
502 88 5 1120
502 94 16 165
502 108 26 142
502 109 40 752
502 121 56 1093
502 122 49 672
502 126 43 424
502 162 14 705
502 180 47 1002
502 182 9 663
502 222 53 221
502 249 1 521
502 258 19 453
502 295 31 705
503 25 55 788
503 52 29 996
503 60 31 323
503 84 25 665
503 113 19 86
503 117 17 61
503 167 23 1180
503 171 1 693
503 174 7 895
503 208 4 1170
503 255 13 65
503 256 43 29
503 275 35 886
503 292 49 1098
503 313 37 1058
504 11 31 239
504 43 7 206
504 71 50 1028
504 110 1 435
504 116 43 474
504 127 25 650
504 149 55 1089
504 193 47 31
504 217 13 1157
504 241 22 730
504 258 4 593
504 261 29 42
504 262 11 1144
504 305 37 197
504 307 41 387
505 2 49 407
505 11 19 911
505 20 43 752
505 33 17 1160
505 73 10 793
505 82 29 783
505 101 1 632
505 109 5 572
505 147 55 1058
505 163 13 358
505 165 37 861
505 233 27 435
505 244 40 577
505 250 22 796
505 253 53 215
506 25 10 604
506 56 31 156
506 95 47 818
506 105 1 1027
506 126 43 652
506 137 34 453
506 140 13 919
506 176 59 150
506 190 37 812
506 216 49 998
506 225 55 899
506 259 27 1151
506 284 19 70
506 303 53 481
506 307 41 961
507 31 49 32
507 37 37 459
507 40 23 426
507 64 41 191
507 95 5 121
507 118 29 609
507 167 10 810
507 172 13 773
507 208 47 928
507 227 7 225
507 278 2 571
507 296 59 718
507 306 53 819
507 309 17 207
507 313 34 1199
508 72 7 114
508 82 41 1118
508 93 17 980
508 117 11 1185
508 132 23 585
508 141 13 783
508 160 19 829
508 169 43 249
508 191 37 930
508 206 28 561
508 226 47 604
508 229 52 927
508 237 31 1127
508 266 49 360
508 278 56 495
509 16 37 594
509 51 43 787
509 54 41 163
509 61 7 938
509 115 19 22
509 116 25 191
509 123 58 410
509 128 22 414
509 174 13 961
509 192 31 150
509 193 17 587
509 255 1 1011
509 286 47 567
509 293 35 328
509 301 51 1132
510 19 1 276
510 64 11 857
510 94 22 443
510 146 5 237
510 158 47 1056
510 187 37 151
510 214 49 522
510 238 40 13
510 239 55 948
510 253 17 215
510 262 31 911
510 271 43 632
510 275 13 223
510 297 53 216
510 317 34 861
511 12 5 450
511 23 23 1116
511 59 31 1116
511 68 59 469
511 80 1 832
511 103 35 276
511 108 19 586
511 135 13 411
511 144 49 457
511 179 43 1112
511 205 47 718
511 225 25 314
511 230 55 1157
511 263 38 1035
511 274 8 129
512 64 59 189
512 75 43 605
512 80 10 674
512 127 37 20
512 158 28 522
512 162 23 678
512 195 16 244
512 209 25 835
512 219 20 1169
512 231 35 138
512 238 7 1106
512 240 51 545
512 273 55 425
512 285 1 257
512 301 31 731
513 12 5 1102
513 83 46 122
513 84 25 789
513 125 56 839
513 131 17 1025
513 147 41 1133
513 179 32 840
513 205 7 1189
513 217 29 813
513 240 13 1114
513 241 51 771
513 248 1 1063
513 282 37 370
513 303 49 976
513 311 10 206
514 3 37 234
514 18 19 832
514 48 1 553
514 57 5 501
514 67 7 744
514 85 43 783
514 112 32 259
514 137 26 197
514 143 55 1153
514 148 23 950
514 158 59 565
514 206 16 751
514 213 49 527
514 219 13 539
515 56 19 748
515 58 16 221
515 71 31 193
515 73 28 97
515 103 23 97
515 128 4 648
515 151 55 453
515 186 8 259
515 195 37 607
515 212 35 338
515 231 53 304
515 244 40 336
515 278 1 242
515 284 43 414
515 303 47 1015
516 4 7 377
516 51 14 1098
516 57 59 997
516 61 31 1012
516 72 55 716
516 161 2 1037
516 195 25 208
516 217 29 12
516 226 47 242
516 244 10 945
516 252 49 1123
516 263 37 21
516 276 35 546
517 16 43 1189
517 43 13 767
517 68 1 114
517 110 31 826
517 133 49 27
517 150 17 611
517 175 47 785
517 187 25 221
517 216 39 356
517 263 56 481
517 276 53 546
517 277 5 486
517 300 10 1087
517 304 20 219
518 13 11 58
518 52 53 996
518 53 55 928
518 58 31 1182
518 115 34 656
518 122 25 96
518 174 49 480
518 182 19 849
518 203 45 1092
518 239 13 99
518 252 38 1123
518 269 4 854
518 276 59 111
518 313 1 527
518 317 7 1057
519 9 58 367
519 41 31 81
519 85 37 1057
519 128 25 648
519 140 7 5
519 168 17 688
519 180 11 409
519 202 50 1122
519 211 43 1022
519 221 4 828
519 238 29 674
519 249 19 785
519 306 35 512
519 307 23 21
519 314 55 980
520 1 37 486
520 70 4 477
520 109 47 281
520 118 7 815
520 119 52 193
520 198 11 618
520 229 28 256
520 244 16 641
520 261 35 968
520 262 43 1144
520 286 41 806
520 294 23 1059
520 308 13 370
520 315 50 813
520 319 1 1093
521 14 1 640
521 59 37 376
521 122 19 107
521 134 32 502
521 141 3 1027
521 142 41 1177
521 151 43 366
521 212 11 96
521 248 13 934
521 253 23 1023
521 261 29 883
521 293 49 54
521 294 17 1039
521 297 47 219
521 305 55 576
522 19 29 444
522 43 31 561
522 101 10 632
522 108 25 785
522 130 47 1016
522 136 43 43
522 139 37 1079
522 149 55 1027
522 164 59 554
522 198 17 744
522 210 2 727
522 222 41 221
522 241 52 1170
522 249 13 106
522 281 19 956
523 21 45 68
523 58 13 914
523 95 5 386
523 120 34 639
523 136 55 953
523 141 37 973
523 190 49 854
523 204 27 162
523 206 31 751
523 210 25 358
523 251 10 672
523 252 7 1022
523 276 59 579
523 282 1 418
523 293 43 272
524 7 35 2
524 12 43 404
524 32 31 669
524 53 40 6
524 58 37 1182
524 66 20 1122
524 81 49 743
524 87 28 953
524 93 47 535
524 112 7 1174
524 173 14 607
524 222 53 225
524 248 1 934
524 317 25 861
525 32 56 1033
525 60 32 1085
525 113 25 674
525 130 29 670
525 184 47 141
525 199 22 8
525 215 1 1149
525 257 43 857
525 267 16 1044
525 280 53 670
525 299 3 808
525 301 49 167
525 313 10 28
525 317 7 861
525 318 40 317
526 2 13 624
526 13 35 944
526 78 55 1112
526 90 10 242
526 101 19 632
526 104 59 648
526 106 41 12
526 171 4 803
526 182 31 787
526 238 29 339
526 254 37 433
526 301 25 536
526 307 17 954
526 309 23 795
527 107 7 881
527 127 31 271
527 129 43 662
527 130 5 217
527 180 23 391
527 181 11 191
527 204 28 94
527 237 1 350
527 241 19 1199
527 252 49 664
527 256 56 533
527 267 13 1044
527 270 52 484
527 293 47 879
527 310 38 407
528 14 11 155
528 16 56 1053
528 28 19 120
528 32 25 487
528 92 29 891
528 159 41 1006
528 198 35 528
528 202 44 495
528 207 7 553
528 215 53 437
528 274 49 328
528 280 23 762
528 284 2 731
528 296 37 440
528 318 16 778
529 35 23 52
529 46 29 530
529 59 32 483
529 98 25 466
529 101 37 632
529 134 49 1124
529 177 19 819
529 181 17 656
529 224 1 442
529 227 14 1161
529 231 9 575
529 252 46 881
529 254 56 1156
529 261 7 20
530 11 46 825
530 25 28 298
530 31 49 81
530 59 14 840
530 64 17 336
530 80 3 821
530 81 53 420
530 89 25 375
530 97 8 283
530 121 34 310
530 191 19 1012
530 198 59 1006
530 277 43 916
530 312 55 171
530 315 41 792
531 3 31 707
531 7 17 6
531 23 47 36
531 64 29 758
531 85 25 896
531 97 37 37
531 175 41 849
531 197 49 1006
531 203 7 870
531 227 1 749
531 233 13 435
531 257 43 1087
531 281 22 907
531 296 35 291
531 299 53 580
532 11 22 214
532 29 46 1000
532 87 14 953
532 112 7 1129
532 170 3 913
532 175 34 789
532 198 17 577
532 205 5 392
532 208 11 1035
532 213 58 996
532 219 43 607
532 230 19 1157
532 258 51 593
532 273 25 503
532 291 37 804
533 31 49 302
533 37 44 156
533 50 22 1104
533 55 32 961
533 129 39 941
533 135 58 1048
533 143 25 1153
533 158 35 948
533 179 8 568
533 201 29 64
533 210 37 727
533 211 1 121
533 217 17 12
533 270 19 541
533 273 13 503
534 5 19 499
534 10 28 803
534 45 39 970
534 109 11 416
534 116 3 282
534 128 31 823
534 145 1 312
534 200 46 639
534 246 58 467
534 257 50 136
534 258 14 1061
534 277 23 486
534 288 7 164
534 294 41 1048
535 12 35 271
535 21 43 559
535 39 50 635
535 62 55 906
535 113 13 1039
535 167 5 775
535 188 2 139
535 202 7 1037
535 210 11 163
535 234 31 899
535 249 37 106
535 270 58 1149
535 278 20 242
535 285 25 528
536 29 40 405
536 58 27 36
536 83 37 794
536 85 20 916
536 160 16 49
536 171 52 803
536 179 31 567
536 183 5 42
536 192 1 434
536 230 13 738
536 242 7 859
536 265 55 717
536 278 49 242
536 284 43 70
537 5 9 950
537 23 29 979
537 76 1 946
537 99 13 929
537 127 19 20
537 153 37 350
537 164 41 914
537 175 35 553
537 184 7 546
537 219 46 1169
537 242 31 129
537 246 23 32
537 285 55 787
537 294 53 1059
537 313 25 1015
538 41 16 800
538 63 44 1119
538 81 19 156
538 96 5 401
538 110 55 372
538 172 21 50
538 187 34 930
538 207 25 698
538 209 2 835
538 228 49 891
538 233 13 1020
538 260 38 487
538 285 7 386
538 299 58 916
538 314 28 108
539 12 29 450
539 59 31 1133
539 72 19 185
539 92 17 1155
539 97 37 4
539 122 25 81
539 181 47 55
539 183 23 471
539 235 4 665
539 236 13 537
539 287 49 410
539 288 7 292
539 307 41 1156
539 311 43 278
539 318 1 916
540 7 1 735
540 9 40 444
540 40 17 507
540 67 56 99
540 80 10 1116
540 98 43 760
540 154 31 1059
540 166 19 1108
540 186 3 467
540 200 23 971
540 203 13 50
540 215 28 1149
540 269 25 628
540 280 53 388
540 319 7 1093
541 1 37 655
541 7 35 702
541 15 55 2
541 45 41 58
541 46 16 197
541 64 11 969
541 164 23 714
541 170 5 1000
541 172 7 170
541 174 26 605
541 216 43 40
541 223 19 672
541 258 1 593
541 290 50 311
542 6 43 630
542 32 9 567
542 35 41 506
542 42 49 444
542 44 5 1041
542 57 47 1108
542 72 31 716
542 81 35 611
542 99 37 392
542 142 7 1177
542 177 13 105
542 192 19 758
542 231 3 575
542 250 22 1125
542 286 53 875
543 2 44 407
543 20 1 828
543 50 28 454
543 65 55 291
543 77 31 1008
543 138 5 456
543 172 13 1072
543 177 20 314
543 198 35 1026
543 217 41 19
543 223 37 268
543 233 17 495
543 262 25 376
543 269 58 1078
543 292 50 856
544 6 55 910
544 27 43 157
544 33 8 505
544 59 34 1133
544 71 2 193
544 127 38 271
544 134 21 392
544 142 53 345
544 166 27 1044
544 173 31 410
544 201 10 595
544 215 19 437
544 222 13 505
544 250 15 1125
544 304 49 553
545 44 29 896
545 105 17 1098
545 113 2 1039
545 117 50 61
545 126 31 1067
545 139 11 1176
545 144 13 1176
545 159 53 65
545 173 25 18
545 191 37 966
545 194 43 911
545 199 58 619
545 200 7 255
545 262 19 1182
545 314 22 410
546 14 22 269
546 16 25 607
546 37 43 358
546 60 56 208
546 79 33 764
546 83 1 794
546 86 53 32
546 107 49 233
546 122 13 141
546 230 19 1044
546 264 37 789
546 267 7 101
546 281 4 1132
546 307 31 706
547 6 14 269
547 7 29 919
547 9 43 440
547 56 1 532
547 89 52 464
547 92 37 890
547 106 35 743
547 135 26 718
547 142 33 1177
547 145 11 881
547 166 55 467
547 174 57 961
547 192 39 220
547 214 7 279
547 288 19 667
548 23 19 54
548 36 46 1007
548 73 43 793
548 78 1 1157
548 90 17 242
548 97 55 871
548 142 7 345
548 189 10 819
548 216 13 528
548 241 26 906
548 286 41 644
548 287 31 123
548 302 21 612
548 305 37 58
548 310 50 973
549 3 31 409
549 11 13 1130
549 43 16 239
549 62 28 845
549 108 4 785
549 134 49 986
549 149 19 1027
549 179 43 840
549 202 55 64
549 219 1 662
549 279 40 216
549 309 35 795
549 312 8 975
549 314 25 108
550 3 7 507
550 20 19 505
550 46 47 913
550 48 31 748
550 80 16 1194
550 82 3 783
550 104 41 2
550 180 43 505
550 184 35 507
550 199 13 920
550 218 49 592
550 233 59 22
550 241 22 752
550 258 37 593
550 278 28 905
551 49 41 648
551 62 46 101
551 106 53 86
551 140 31 5
551 173 43 392
551 204 4 633
551 226 35 881
551 230 22 758
551 268 58 624
551 274 25 328
551 276 17 945
551 284 37 464
551 294 29 1035
552 7 41 1099
552 8 22 823
552 28 32 401
552 32 1 631
552 73 51 789
552 165 29 986
552 166 49 557
552 204 26 233
552 205 5 213
552 206 58 751
552 273 43 425
552 298 13 1073
552 300 7 554
552 303 11 130
552 310 37 164
553 59 40 376
553 65 37 587
553 128 4 1001
553 131 49 582
553 152 47 78
553 215 45 437
553 226 35 976
553 232 53 68
553 255 31 990
553 273 19 425
553 279 55 391
553 282 25 1067
553 291 13 943
553 303 29 481
553 308 58 604
554 7 55 6
554 14 11 619
554 53 31 310
554 82 29 303
554 85 43 326
554 100 37 764
554 111 7 1058
554 117 41 120
554 152 23 946
554 179 25 223
554 219 4 811
554 225 57 360
554 264 51 295
554 303 16 998
554 313 19 614
555 29 20 676
555 33 17 528
555 59 25 307
555 67 37 637
555 80 4 68
555 118 35 815
555 126 55 532
555 134 49 735
555 163 53 618
555 169 7 466
555 174 13 1107
555 211 43 137
555 265 31 286
555 309 23 913
555 320 29 43
556 37 13 870
556 64 59 148
556 68 31 405
556 71 43 1131
556 72 37 716
556 129 19 731
556 133 33 1087
556 179 7 499
556 206 51 751
556 267 4 935
556 284 55 895
556 302 25 1127
556 312 1 225
556 320 41 259
557 21 55 610
557 79 38 64
557 81 47 314
557 83 19 794
557 95 17 1072
557 99 25 42
557 106 11 408
557 151 49 366
557 171 4 135
557 180 59 51
557 193 35 577
557 195 22 6
557 215 9 437
557 287 43 1056
557 304 31 535
558 34 23 785
558 52 4 600
558 69 1 852
558 74 55 304
558 78 31 950
558 135 51 750
558 169 7 471
558 183 59 968
558 215 21 437
558 217 29 269
558 219 16 1020
558 250 37 451
558 258 13 593
558 260 45 1074
558 281 25 910
559 29 1 676
559 36 4 999
559 41 16 148
559 56 25 201
559 60 55 261
559 62 19 624
559 140 43 5
559 141 38 840
559 161 7 1023
559 167 47 775
559 198 29 981
559 217 59 269
559 222 32 247
559 228 52 677
560 29 37 788
560 34 11 433
560 37 55 165
560 39 43 535
560 51 4 106
560 68 47 512
560 70 17 100
560 92 7 1155
560 104 59 314
560 120 25 8
560 205 29 1189
560 254 19 231
560 280 23 900
560 314 34 1111
560 318 31 1071
561 11 22 698
561 12 5 537
561 14 38 155
561 30 29 1016
561 95 58 702
561 104 11 580
561 133 7 326
561 134 14 75
561 137 49 767
561 155 53 1194
561 176 47 271
561 192 25 409
561 201 35 1039
561 216 31 60
561 228 43 875
562 25 13 298
562 44 23 1144
562 67 8 639
562 70 46 477
562 107 32 13
562 108 4 1151
562 120 19 773
562 123 1 13
562 170 29 917
562 186 37 467
562 223 58 1016
562 251 26 852
562 285 49 19
562 286 17 859
563 31 37 81
563 34 17 804
563 44 47 65
563 47 25 885
563 75 43 794
563 132 29 225
563 157 55 881
563 174 1 605
563 232 35 68
563 236 19 465
563 252 49 810
563 263 9 1118
563 274 31 328
563 313 13 101
563 320 59 43
564 12 53 905
564 14 35 1127
564 17 19 806
564 23 11 979
564 33 29 667
564 65 49 36
564 66 7 221
564 74 31 420
564 148 39 989
564 162 17 30
564 192 56 1001
564 194 13 556
564 248 3 961
564 292 43 61
564 305 25 948
565 46 35 600
565 93 41 188
565 104 11 273
565 108 25 586
565 126 7 454
565 150 5 576
565 154 13 1022
565 187 1 333
565 200 17 255
565 203 37 139
565 226 23 883
565 273 49 579
565 304 19 344
565 305 55 1124
565 310 44 279
566 29 31 778
566 36 10 304
566 41 4 1125
566 67 13 619
566 119 34 188
566 126 37 92
566 155 17 648
566 168 29 1118
566 174 25 321
566 215 41 437
566 217 59 1124
566 238 47 674
566 240 49 818
566 241 55 1025
566 254 22 1156
567 3 55 1088
567 87 1 1173
567 100 43 762
567 148 13 989
567 163 29 409
567 169 49 471
567 187 7 966
567 196 21 457
567 211 31 329
567 213 37 1084
567 252 26 51
567 262 11 376
567 278 4 353
567 283 15 459
567 296 47 773
568 10 1 27
568 20 15 505
568 38 43 340
568 41 34 81
568 59 55 1107
568 91 53 907
568 109 41 38
568 120 58 639
568 141 49 442
568 185 19 753
568 220 7 739
568 260 25 975
568 303 38 163
568 312 31 975
569 19 29 1020
569 47 1 784
569 88 7 1120
569 89 13 464
569 109 56 281
569 119 22 302
569 205 10 947
569 206 16 561
569 216 51 8
569 224 58 440
569 232 41 1072
569 233 49 1099
569 241 46 906
569 249 25 106
569 278 34 905
570 19 41 762
570 26 7 410
570 51 28 1125
570 92 2 891
570 93 5 520
570 153 13 372
570 180 35 86
570 252 10 840
570 260 55 962
570 263 31 871
570 272 19 535
570 282 49 1182
570 292 37 263
570 311 25 231
571 26 46 339
571 52 11 996
571 57 23 501
571 61 49 778
571 80 28 586
571 82 59 783
571 122 31 489
571 133 55 27
571 144 1 188
571 150 35 811
571 186 7 200
571 206 25 561
571 295 40 467
571 300 13 543
571 306 19 1063
572 33 41 990
572 41 13 148
572 44 47 1131
572 58 22 22
572 128 4 749
572 160 1 86
572 211 49 294
572 241 10 47
572 250 16 179
572 262 34 705
572 270 37 484
572 296 59 571
572 304 43 1002
572 315 20 727
572 318 28 685
573 17 37 904
573 62 25 1008
573 100 7 764
573 114 44 886
573 116 32 52
573 119 13 813
573 172 1 1052
573 208 16 914
573 216 49 968
573 230 22 409
573 282 55 501
573 297 41 799
573 300 28 962
573 309 59 207
574 11 55 239
574 22 15 989
574 125 58 733
574 134 31 367
574 170 7 1000
574 178 43 1053
574 216 49 1059
574 229 40 256
574 233 53 249
574 244 25 336
574 255 9 253
574 274 3 733
574 297 47 612
574 300 22 567
574 309 1 913
575 36 1 1007
575 42 43 973
575 57 47 443
575 64 17 1100
575 66 38 264
575 146 7 237
575 185 32 895
575 222 55 961
575 228 22 151
575 232 53 1118
575 240 9 545
575 257 49 907
575 258 58 593
575 270 25 345
575 281 4 907
576 2 55 1067
576 42 37 1170
576 101 1 1071
576 105 11 1027
576 108 22 569
576 156 15 594
576 163 9 8
576 192 4 685
576 218 49 905
576 252 31 1072
576 258 34 239
576 265 43 624
576 293 17 748
576 307 41 823
576 312 19 171
577 11 1 1056
577 25 34 298
577 31 19 142
577 44 13 1041
577 53 16 31
577 65 55 418
577 103 47 758
577 105 23 927
577 112 49 259
577 144 25 1016
577 173 31 825
577 188 7 518
577 224 4 59
577 279 38 569
577 296 59 60
578 13 17 58
578 25 4 788
578 79 50 134
578 127 25 20
578 148 29 86
578 176 41 150
578 196 13 351
578 218 55 611
578 222 23 347
578 228 7 900
578 237 19 47
578 243 31 1108
578 250 46 451
578 257 37 1129
578 319 10 1093
579 18 43 323
579 30 23 1016
579 38 26 808
579 87 9 698
579 102 17 547
579 130 47 1143
579 131 59 1044
579 172 19 170
579 209 31 835
579 244 49 1078
579 255 13 253
579 272 34 1035
579 280 4 388
579 293 41 263
579 298 37 686
580 2 26 28
580 3 1 234
580 35 55 367
580 59 10 148
580 74 19 1098
580 83 57 1040
580 134 49 502
580 157 43 380
580 158 23 1056
580 175 35 943
580 206 37 99
580 263 13 217
580 272 31 1035
580 307 40 261
581 6 49 783
581 17 19 312
581 71 25 73
581 87 13 303
581 94 16 383
581 105 11 1098
581 109 5 416
581 113 37 1039
581 119 55 499
581 185 44 595
581 189 58 1020
581 288 7 720
581 297 31 866
581 312 1 973
581 320 53 595
582 27 49 1138
582 32 19 705
582 57 35 986
582 67 9 197
582 99 56 337
582 105 28 941
582 147 25 1063
582 187 45 412
582 196 31 457
582 221 1 985
582 223 38 534
582 278 4 242
582 282 13 575
583 18 40 828
583 32 7 1033
583 36 34 663
583 71 25 1043
583 83 43 217
583 88 23 876
583 114 19 946
583 122 55 141
583 131 49 1025
583 227 16 812
583 238 59 674
583 246 5 981
583 247 46 118
583 266 13 490
583 303 29 1128
584 5 7 1122
584 20 45 388
584 22 40 1106
584 39 19 1116
584 41 25 148
584 46 23 370
584 48 33 644
584 69 52 852
584 72 14 716
584 95 59 386
584 98 49 543
584 183 5 930
584 235 43 220
584 256 1 45
584 263 55 1182
585 51 20 165
585 74 25 1033
585 105 29 1033
585 120 43 1006
585 125 37 38
585 136 3 201
585 149 31 291
585 168 50 1060
585 189 56 480
585 225 7 565
585 252 16 1123
585 254 52 619
585 312 13 973
585 313 46 1040
586 12 25 404
586 25 10 788
586 83 16 794
586 108 1 1113
586 115 4 367
586 131 23 264
586 134 45 376
586 195 7 6
586 202 27 616
586 237 19 611
586 239 57 377
586 263 31 924
586 265 37 413
586 313 49 1040
587 13 47 727
587 42 9 832
587 111 55 938
587 126 31 233
587 154 13 732
587 198 23 577
587 204 40 600
587 210 7 727
587 221 19 656
587 228 1 645
587 232 17 450
587 250 43 451
587 251 4 852
587 269 28 291
587 293 35 340
588 4 52 582
588 58 49 291
588 68 59 1107
588 72 7 716
588 114 13 971
588 132 11 383
588 137 32 375
588 145 29 233
588 186 43 200
588 190 19 537
588 210 3 707
588 225 25 781
588 237 55 350
588 318 37 541
589 14 11 640
589 22 46 420
589 39 21 502
589 134 55 1143
589 135 8 137
589 141 31 78
589 160 1 525
589 198 5 577
589 212 41 434
589 225 49 347
589 240 13 545
589 242 37 1078
589 261 35 312
589 302 25 612
590 31 37 773
590 41 52 861
590 49 23 677
590 51 28 539
590 76 41 556
590 97 19 4
590 112 9 587
590 136 31 522
590 226 25 881
590 271 43 54
590 274 56 380
590 291 2 569
590 298 34 891
590 306 47 819
590 317 16 861
591 14 27 269
591 33 5 559
591 113 13 881
591 124 49 1185
591 149 37 86
591 164 53 189
591 178 7 718
591 180 35 505
591 187 1 375
591 200 17 1088
591 224 55 1035
591 241 58 854
591 272 19 663
591 273 31 1161
591 316 45 943
592 10 3 354
592 52 35 475
592 83 19 1040
592 111 45 1037
592 139 55 945
592 154 7 1176
592 162 17 829
592 180 23 1002
592 204 14 600
592 206 52 97
592 240 25 1114
592 249 57 327
592 283 31 362
592 312 49 952
592 314 38 940
593 42 13 444
593 69 25 662
593 76 17 946
593 79 50 702
593 97 2 283
593 116 20 282
593 123 55 1026
593 129 31 207
593 148 7 950
593 160 58 475
593 198 29 618
593 209 43 549
593 271 37 54
593 301 9 525
594 12 11 599
594 25 25 298
594 43 55 206
594 45 17 506
594 49 41 80
594 57 29 443
594 64 5 535
594 86 3 40
594 138 21 456
594 177 31 799
594 180 35 87
594 196 7 83
594 269 52 779
594 299 59 329
594 302 44 927
595 49 53 818
595 84 22 648
595 95 19 386
595 124 7 475
595 135 46 411
595 155 35 108
595 187 40 333
595 200 11 475
595 228 58 645
595 229 49 927
595 242 25 1054
595 270 16 541
595 280 55 221
595 289 2 391
595 315 13 739
596 35 55 976
596 88 7 1195
596 101 4 973
596 119 25 499
596 127 38 650
596 144 43 640
596 149 49 1033
596 158 11 948
596 172 19 136
596 182 13 111
596 193 35 234
596 238 17 599
596 258 28 593
596 287 57 221
596 297 23 162
597 8 35 329
597 52 29 948
597 67 37 997
597 107 19 545
597 115 4 652
597 123 1 845
597 132 59 1100
597 165 31 945
597 171 16 803
597 224 13 1035
597 227 43 749
597 234 7 343
597 284 51 1155
597 285 25 572
597 299 11 329
598 23 17 773
598 94 58 318
598 99 25 929
598 102 5 1171
598 112 37 959
598 122 31 107
598 136 55 370
598 150 49 263
598 165 35 228
598 228 19 151
598 239 45 693
598 244 13 641
598 273 51 425
598 276 41 370
598 301 1 1133
599 29 19 405
599 45 31 863
599 64 47 1100
599 98 43 601
599 122 37 574
599 150 35 263
599 178 1 1022
599 199 52 150
599 215 41 1149
599 222 5 151
599 258 22 453
599 273 14 1023
599 279 28 547
599 281 58 206
599 285 8 976
600 5 32 1028
600 15 25 989
600 19 47 821
600 35 59 979
600 51 39 142
600 53 16 97
600 72 49 185
600 73 22 75
600 80 43 1059
600 98 19 764
600 241 7 760
600 249 1 327
600 311 55 410
600 314 10 511
600 320 53 527
601 8 23 859
601 9 52 101
601 101 10 1071
601 121 40 858
601 124 25 252
601 137 31 40
601 143 14 1108
601 164 49 295
601 175 47 849
601 194 43 183
601 219 7 73
601 225 55 273
601 226 5 989
601 256 1 1103
601 259 19 762
602 9 40 566
602 56 55 676
602 62 31 667
602 76 16 1170
602 80 28 282
602 122 7 398
602 123 25 966
602 135 13 852
602 147 5 1012
602 178 50 122
602 199 34 1050
602 229 58 256
602 257 19 263
602 300 1 36
602 301 43 75
603 8 35 805
603 25 7 788
603 48 55 686
603 68 3 829
603 81 23 55
603 88 11 876
603 99 31 68
603 109 17 38
603 118 49 815
603 215 25 437
603 251 19 852
603 267 52 935
603 278 13 353
603 282 43 961
603 300 28 594
604 17 38 408
604 41 43 539
604 74 31 645
604 103 1 197
604 117 35 383
604 122 7 574
604 161 49 930
604 164 23 767
604 173 28 18
604 228 46 107
604 271 13 795
604 274 3 338
604 292 56 33
604 301 19 739
605 2 37 295
605 20 58 752
605 28 1 1050
605 41 8 800
605 48 49 30
605 62 19 101
605 106 5 92
605 145 23 611
605 155 11 133
605 168 31 70
605 181 53 480
605 184 35 347
605 231 47 370
605 267 16 854
605 292 26 520
606 1 7 724
606 13 11 727
606 29 37 391
606 64 41 70
606 79 43 1118
606 136 34 1052
606 138 2 117
606 182 56 1099
606 212 49 1085
606 229 25 256
606 258 52 360
606 275 17 1015
606 279 28 697
606 281 4 556
606 292 19 856
607 40 5 911
607 55 22 530
607 57 35 856
607 95 17 818
607 124 31 252
607 125 52 839
607 145 29 188
607 163 3 8
607 168 11 677
607 175 41 1176
607 193 47 291
607 219 8 607
607 229 13 740
607 250 19 796
607 263 56 1118
608 14 22 155
608 29 46 32
608 51 37 1098
608 60 31 87
608 64 1 601
608 89 52 404
608 147 59 124
608 161 55 1036
608 166 5 81
608 206 13 561
608 225 25 426
608 282 7 988
608 296 17 198
609 55 40 543
609 87 28 1098
609 105 53 64
609 152 19 483
609 162 7 407
609 181 1 1111
609 212 11 122
609 261 59 42
609 266 55 708
609 267 46 997
609 277 33 269
609 280 23 717
609 282 49 988
609 287 13 688
609 309 21 913
610 13 53 727
610 15 37 255
610 31 57 450
610 40 46 467
610 73 34 75
610 82 11 310
610 98 13 1067
610 116 1 317
610 124 7 1185
610 168 17 1118
610 187 22 412
610 198 5 793
610 293 41 54
610 299 31 808
611 23 47 748
611 58 25 292
611 91 41 157
611 166 1 1044
611 173 34 794
611 195 28 208
611 211 13 1173
611 241 9 906
611 242 37 424
611 257 43 705
611 271 55 969
611 285 3 231
611 289 20 1102
611 305 51 520
611 317 31 1057
612 16 25 167
612 42 50 571
612 76 29 631
612 78 13 702
612 110 22 826
612 117 59 383
612 129 7 344
612 162 17 678
612 214 31 842
612 244 2 520
612 271 55 1163
612 275 11 1056
612 292 37 362
612 298 43 107
612 306 5 1063
613 27 25 228
613 28 8 120
613 34 41 532
613 69 19 124
613 70 22 477
613 85 37 838
613 128 31 592
613 135 58 142
613 186 34 200
613 221 50 819
613 227 4 225
613 260 43 338
613 275 1 223
613 285 14 68
613 297 53 219
614 6 31 250
614 38 55 1007
614 46 40 619
614 50 9 546
614 90 4 760
614 92 29 257
614 110 16 435
614 114 19 83
614 122 50 141
614 137 13 616
614 181 23 1111
614 192 1 685
614 201 47 64
614 271 25 706
614 308 37 1028
615 49 35 133
615 68 43 469
615 112 57 416
615 124 37 252
615 145 5 611
615 154 25 667
615 158 29 122
615 176 41 942
615 215 55 437
615 245 1 800
615 268 15 1106
615 290 31 714
615 303 52 808
615 305 19 767
615 319 7 66
616 19 35 578
616 25 4 298
616 28 19 1171
616 49 55 677
616 51 46 787
616 98 58 652
616 107 37 1001
616 124 7 252
616 136 25 522
616 153 16 303
616 170 23 1000
616 172 49 1052
616 206 1 99
616 238 31 339
616 314 13 1199
617 24 41 1050
617 37 51 156
617 41 31 249
617 82 23 1118
617 98 58 803
617 103 11 1129
617 191 3 255
617 192 34 974
617 222 13 832
617 231 29 106
617 243 25 677
617 251 16 1029
617 271 43 1028
617 281 8 336
617 289 19 1088
618 14 7 625
618 55 51 263
618 59 4 1054
618 80 34 314
618 94 46 764
618 101 10 785
618 115 22 324
618 137 31 556
618 140 55 919
618 164 29 954
618 208 17 434
618 237 38 947
618 253 19 861
618 276 59 592
618 287 25 645
619 4 45 377
619 15 37 1160
619 91 16 424
619 106 35 404
619 109 32 38
619 166 43 1044
619 172 25 633
619 181 23 997
619 241 13 154
619 260 7 376
619 263 1 687
619 267 19 769
619 268 55 966
619 304 49 1029
619 308 58 988
620 2 13 1156
620 41 40 1044
620 84 33 1099
620 117 1 942
620 121 10 372
620 124 51 954
620 152 37 269
620 158 59 81
620 191 3 636
620 227 7 374
620 292 19 167
620 294 23 1169
620 303 55 998
620 311 46 450
620 312 28 973
621 24 23 1161
621 80 49 971
621 125 25 38
621 141 43 151
621 142 21 1177
621 154 38 667
621 163 14 8
621 179 31 135
621 209 4 549
621 258 58 239
621 267 7 935
621 290 55 714
621 306 47 360
622 10 58 120
622 51 55 142
622 63 33 61
622 98 1 1067
622 106 9 1187
622 153 25 1020
622 166 23 1052
622 181 5 565
622 194 43 575
622 242 13 559
622 275 51 886
622 295 38 611
622 303 19 976
622 309 53 387
623 16 19 1128
623 24 59 717
623 45 5 863
623 154 13 302
623 168 53 612
623 194 1 986
623 199 10 738
623 200 17 28
623 246 35 981
623 287 49 344
623 292 37 775
623 298 46 760
623 303 23 1015
623 308 25 362
624 5 14 950
624 8 35 859
624 17 19 904
624 47 49 784
624 73 25 1113
624 116 31 838
624 125 7 659
624 150 53 1156
624 168 29 70
624 227 1 1161
624 243 57 677
624 262 23 930
624 270 4 541
624 289 37 920
624 295 46 910
625 16 51 1085
625 28 31 1171
625 76 1 1170
625 100 3 764
625 128 37 1173
625 141 43 292
625 143 9 1048
625 185 19 508
625 207 16 672
625 217 23 12
625 271 25 986
625 275 49 886
625 278 58 353
625 280 47 900
625 281 13 307
626 10 31 970
626 49 7 601
626 71 13 1028
626 74 1 304
626 92 25 435
626 103 5 380
626 109 20 416
626 115 49 515
626 148 17 155
626 190 44 221
626 191 55 124
626 199 9 652
626 229 52 256
626 280 35 610
626 312 22 225
627 21 13 610
627 27 1 157
627 29 22 405
627 93 53 185
627 115 26 733
627 120 34 101
627 134 49 367
627 164 47 628
627 196 43 276
627 217 29 1157
627 253 7 162
627 272 37 731
627 296 41 60
627 298 31 760
627 300 9 36
628 34 41 895
628 46 59 600
628 52 53 70
628 54 19 1000
628 82 35 953
628 89 26 464
628 93 11 279
628 96 3 1123
628 104 17 314
628 111 7 928
628 142 37 1177
628 176 23 271
628 196 43 457
628 206 32 792
628 275 47 223
629 15 13 2
629 18 32 1073
629 62 55 667
629 85 49 1057
629 127 1 20
629 154 37 1104
629 170 53 870
629 181 25 272
629 191 45 387
629 205 23 518
629 225 19 426
629 266 27 404
629 290 10 959
629 294 59 611
629 312 7 70
630 75 27 585
630 80 40 1116
630 106 17 953
630 133 31 31
630 146 9 237
630 149 55 554
630 186 13 259
630 253 53 1023
630 274 43 856
630 275 3 223
630 280 5 610
630 292 20 532
630 302 49 577
630 311 37 499
631 22 55 1122
631 48 1 1021
631 58 21 36
631 96 49 401
631 111 34 217
631 112 37 1174
631 120 31 693
631 126 44 744
631 139 53 945
631 167 9 775
631 211 25 1068
631 261 29 58
631 279 58 569
631 301 13 731
632 30 17 730
632 32 13 507
632 57 59 857
632 84 4 998
632 161 43 1023
632 162 47 755
632 213 1 854
632 218 55 491
632 236 25 278
632 249 37 998
632 256 7 45
632 274 50 380
632 282 19 988
632 291 31 257
632 307 35 580
633 23 5 614
633 41 43 800
633 58 55 840
633 62 34 416
633 71 19 1028
633 126 25 1072
633 137 16 291
633 167 7 1180
633 173 13 481
633 217 59 1173
633 247 47 1174
633 261 10 576
633 282 37 697
633 300 31 604
633 302 1 577
634 10 1 779
634 23 53 565
634 25 46 298
634 34 5 804
634 81 29 55
634 116 37 614
634 134 13 502
634 145 41 472
634 155 23 148
634 180 35 409
634 182 56 336
634 192 10 685
634 202 19 1084
634 288 31 440
634 296 17 418
635 20 56 329
635 26 31 1001
635 33 59 465
635 42 44 568
635 51 13 1194
635 76 53 233
635 80 34 1194
635 119 7 1054
635 144 19 653
635 182 49 595
635 240 25 818
635 264 10 803
635 274 1 1084
635 277 29 916
635 293 23 879
636 15 55 989
636 49 53 247
636 57 59 501
636 116 49 225
636 117 9 942
636 126 43 231
636 139 5 553
636 217 11 1134
636 234 25 899
636 244 15 520
636 252 37 948
636 276 41 111
636 294 47 854
636 296 29 571
636 299 3 329
637 1 43 580
637 10 49 803
637 20 40 1025
637 28 13 284
637 76 23 631
637 93 11 535
637 150 17 1111
637 168 47 1160
637 171 55 693
637 194 3 198
637 213 34 429
637 231 1 575
637 241 52 657
637 270 19 1185
637 318 28 541
638 31 49 450
638 65 31 541
638 69 28 134
638 75 7 215
638 97 1 37
638 116 19 52
638 132 23 731
638 151 55 294
638 191 13 945
638 209 25 549
638 222 43 347
638 228 46 557
638 235 59 982
638 251 39 1029
639 37 43 1199
639 48 51 890
639 53 58 928
639 90 31 467
639 122 13 574
639 131 47 1194
639 160 40 796
639 182 25 111
639 190 7 948
639 229 4 927
639 262 23 674
639 278 1 495
639 280 11 900
639 292 19 362
639 317 33 332
640 1 37 724
640 10 19 970
640 11 46 353
640 12 41 404
640 17 55 876
640 40 23 1074
640 45 35 105
640 64 9 601
640 78 51 33
640 102 11 649
640 115 31 22
640 124 14 475
640 224 26 1061
640 251 1 162
641 6 49 70
641 32 45 631
641 54 25 792
641 100 13 758
641 105 4 1033
641 119 38 239
641 130 28 348
641 135 1 755
641 184 11 507
641 218 55 490
641 221 7 1085
641 246 41 1043
641 255 20 434
641 263 31 518
642 4 43 77
642 9 7 310
642 38 19 1007
642 43 3 75
642 47 25 391
642 68 35 469
642 73 16 515
642 87 46 539
642 95 11 234
642 115 13 202
642 116 37 52
642 222 53 151
642 229 49 256
642 284 31 652
642 285 55 1152
643 13 10 69
643 65 4 1006
643 67 49 336
643 85 55 973
643 137 43 890
643 144 37 640
643 166 41 1061
643 169 13 1092
643 192 7 220
643 219 1 1169
643 232 35 450
643 245 31 444
643 253 59 333
643 260 25 351
644 10 22 970
644 54 35 1000
644 76 11 769
644 115 7 1104
644 154 43 1103
644 174 15 94
644 187 25 685
644 195 57 6
644 202 49 1053
644 253 13 333
644 263 1 518
644 266 39 429
644 276 19 51
644 290 28 138
644 292 31 956
645 9 43 639
645 25 1 915
645 42 55 1170
645 44 11 885
645 83 28 1040
645 86 47 33
645 96 59 941
645 125 13 38
645 134 37 986
645 146 41 237
645 184 5 605
645 223 16 569
645 238 53 339
645 241 34 760
645 250 49 451
646 38 49 1187
646 54 17 292
646 67 19 619
646 102 7 122
646 137 43 863
646 143 37 1153
646 159 53 60
646 187 25 941
646 190 31 1163
646 204 13 162
646 232 11 13
646 236 56 278
646 278 1 904
646 290 28 556
646 314 4 980
647 19 41 1020
647 61 37 633
647 67 25 303
647 79 43 520
647 98 31 1056
647 103 11 758
647 128 13 409
647 213 7 527
647 242 19 265
647 283 2 635
647 291 56 1160
647 310 50 264
647 315 17 632
648 33 17 930
648 42 37 863
648 71 45 73
648 79 1 702
648 82 14 501
648 88 27 876
648 95 29 1072
648 148 43 593
648 151 33 810
648 164 31 36
648 213 49 1084
648 227 22 374
648 230 7 87
648 232 53 549
648 270 10 559
649 5 39 269
649 12 28 942
649 25 51 298
649 76 59 1170
649 95 35 818
649 96 43 501
649 159 16 635
649 163 25 534
649 235 11 481
649 247 21 914
649 262 5 1144
649 286 31 1131
649 290 13 706
649 291 1 429
649 305 55 344
650 6 7 578
650 42 38 568
650 65 19 1009
650 74 49 904
650 76 11 233
650 101 16 391
650 115 4 1008
650 117 53 1151
650 131 23 1079
650 148 47 789
650 172 32 136
650 180 45 505
650 191 57 263
650 261 13 866
650 305 25 508
651 7 23 134
651 22 46 743
651 33 59 559
651 45 53 105
651 85 38 124
651 102 49 547
651 124 13 974
651 143 1 1108
651 168 17 697
651 195 55 31
651 201 5 142
651 238 11 1041
651 248 27 1063
651 284 7 804
651 285 31 487
652 3 13 1088
652 9 46 605
652 11 39 943
652 40 53 302
652 74 1 22
652 132 5 321
652 144 55 1123
652 147 29 1058
652 151 7 442
652 241 34 569
652 258 31 453
652 293 19 612
652 297 23 929
652 310 25 980
652 316 49 676
653 31 3 155
653 43 40 546
653 46 23 1028
653 47 25 52
653 83 46 794
653 100 49 764
653 185 7 502
653 207 55 1016
653 215 13 1149
653 226 11 1025
653 230 43 148
653 237 19 1037
653 269 37 1152
653 271 31 783
653 307 17 961
654 60 56 30
654 88 53 876
654 94 16 377
654 115 22 198
654 116 37 259
654 123 9 265
654 143 44 972
654 157 27 501
654 160 31 1093
654 175 25 943
654 186 13 200
654 217 5 350
654 279 34 216
654 284 1 1002
654 300 49 386
655 8 23 303
655 27 37 1138
655 52 35 996
655 64 29 1021
655 80 25 411
655 113 7 1141
655 122 13 107
655 142 51 1177
655 154 55 861
655 156 41 885
655 162 11 31
655 214 19 354
655 254 43 1163
655 260 31 1038
655 305 2 344
656 19 13 416
656 41 25 60
656 58 52 1160
656 86 59 1174
656 104 16 356
656 119 21 750
656 136 40 753
656 208 35 434
656 216 43 572
656 253 29 333
656 259 31 819
656 282 7 762
656 284 55 760
656 303 47 1128
656 313 49 97
657 63 56 781
657 74 49 823
657 89 37 33
657 90 11 686
657 108 7 1151
657 174 13 480
657 176 47 857
657 178 43 871
657 242 32 1048
657 243 25 213
657 258 4 1061
657 282 19 150
657 286 41 859
658 13 28 727
658 49 53 601
658 120 22 1157
658 129 43 990
658 134 1 730
658 136 37 1149
658 145 35 775
658 159 25 976
658 165 41 464
658 203 55 163
658 205 31 947
658 292 13 207
658 300 50 170
658 305 7 799
659 78 31 1157
659 80 13 429
659 97 19 283
659 104 11 879
659 111 1 1112
659 113 51 1039
659 115 37 1008
659 128 43 648
659 168 47 1079
659 181 17 565
659 219 4 1169
659 227 7 1161
659 254 40 433
659 255 55 697
659 311 27 943
660 18 8 1100
660 28 19 401
660 65 52 575
660 79 31 1006
660 104 40 465
660 119 49 261
660 124 1 1185
660 140 43 700
660 153 25 625
660 156 11 956
660 163 17 8
660 246 29 1043
660 256 13 1021
660 259 57 1141
661 79 33 916
661 93 29 980
661 106 47 408
661 111 40 946
661 122 1 96
661 126 13 1167
661 153 44 625
661 165 5 582
661 208 59 434
661 223 7 123
661 233 53 435
661 273 49 503
661 284 19 1118
661 288 55 38
661 303 10 808
662 5 43 1050
662 42 1 444
662 69 7 785
662 89 40 162
662 110 55 435
662 118 59 52
662 163 35 1103
662 177 19 616
662 179 49 329
662 244 10 664
662 254 31 789
662 290 13 86
662 301 25 762
662 307 29 471
663 5 45 269
663 8 5 272
663 14 53 625
663 28 19 609
663 35 41 1052
663 53 7 945
663 81 29 832
663 104 23 1112
663 115 57 656
663 118 11 815
663 181 35 31
663 183 17 968
663 218 13 1093
663 243 1 213
663 280 55 762
664 37 25 870
664 77 7 150
664 123 4 13
664 127 19 271
664 130 16 348
664 139 47 808
664 148 23 86
664 184 29 360
664 194 55 404
664 228 37 1128
664 239 43 370
664 245 31 1160
664 273 49 1023
665 6 45 610
665 8 13 779
665 88 15 876
665 89 7 464
665 108 10 1113
665 110 31 780
665 146 17 237
665 152 29 185
665 231 23 636
665 245 19 1160
665 250 1 796
665 258 49 1061
665 260 37 1099
665 302 25 599
665 314 55 1199
666 17 43 904
666 42 25 863
666 89 34 162
666 127 7 271
666 129 55 811
666 145 47 611
666 146 11 237
666 177 2 101
666 178 37 353
666 239 13 418
666 266 19 411
666 295 22 279
666 297 41 866
666 301 49 1106
666 309 53 795
667 19 17 821
667 35 29 976
667 71 13 193
667 111 7 1079
667 117 59 1185
667 119 46 706
667 160 37 829
667 168 41 122
667 175 49 789
667 200 5 311
667 201 53 354
667 221 55 200
667 278 34 490
667 287 1 595
667 315 10 986
668 10 55 970
668 11 52 433
668 76 23 769
668 80 26 1116
668 95 17 121
668 102 3 122
668 226 13 239
668 237 37 409
668 241 20 1170
668 247 5 650
668 266 33 879
668 267 10 1020
668 280 7 702
668 310 45 1144
668 318 49 1092
669 31 55 162
669 50 25 454
669 53 9 392
669 82 5 304
669 97 31 37
669 104 41 1056
669 108 28 1113
669 137 46 767
669 166 59 107
669 171 43 676
669 187 16 122
669 220 1 881
669 223 52 1128
669 256 37 944
669 284 19 464
670 1 1 580
670 16 31 784
670 24 35 800
670 25 40 298
670 27 25 157
670 37 13 525
670 41 22 60
670 44 29 1131
670 156 17 743
670 186 19 467
670 230 55 852
670 255 7 758
670 280 5 900
670 298 52 58
670 317 37 332
671 38 1 1041
671 42 37 318
671 52 5 996
671 79 31 433
671 93 59 279
671 96 41 636
671 115 25 367
671 124 13 534
671 148 17 904
671 170 11 188
671 177 21 1054
671 193 29 587
671 244 43 945
671 247 19 799
671 269 46 323
672 72 56 185
672 80 9 347
672 115 45 980
672 147 21 216
672 158 43 522
672 163 7 8
672 168 49 520
672 198 1 1143
672 204 52 600
672 217 35 1124
672 220 27 353
672 228 13 151
672 255 3 1130
672 297 23 711
672 311 37 339
673 20 49 22
673 49 59 924
673 83 40 794
673 87 56 718
673 108 25 569
673 198 53 577
673 225 7 426
673 241 37 1025
673 244 31 954
673 252 16 286
673 256 19 215
673 266 3 1044
673 277 1 966
673 310 43 971
673 312 13 285
674 35 47 40
674 79 31 525
674 81 53 630
674 91 41 1009
674 102 51 547
674 121 4 714
674 142 25 1177
674 148 59 904
674 173 55 730
674 184 37 1141
674 188 43 1123
674 222 35 537
674 227 1 812
674 283 27 592
674 305 19 950
675 32 19 631
675 39 49 18
675 77 43 1063
675 96 1 1123
675 165 59 1061
675 173 55 77
675 174 31 1107
675 175 35 358
675 278 37 571
675 285 15 976
675 290 10 714
675 303 47 899
675 312 4 975
675 319 25 469
676 2 33 1068
676 6 15 928
676 10 1 316
676 13 45 727
676 20 28 434
676 60 49 941
676 85 38 702
676 90 53 165
676 100 20 774
676 109 47 38
676 114 55 1111
676 231 11 106
676 254 7 916
676 306 13 360
676 317 4 1057
677 29 58 405
677 53 28 386
677 56 31 1063
677 86 47 579
677 93 41 520
677 103 23 283
677 119 19 578
677 127 13 120
677 156 17 956
677 187 4 962
677 255 43 225
677 281 1 998
677 294 35 924
677 302 7 612
677 307 11 780
678 11 33 911
678 12 53 794
678 26 19 1001
678 60 7 481
678 66 3 1143
678 78 43 678
678 90 29 165
678 131 25 1044
678 142 27 1177
678 200 1 1155
678 212 41 418
678 264 22 541
678 274 13 380
678 280 11 221
678 318 37 1071
679 9 58 605
679 10 8 27
679 31 43 142
679 41 13 249
679 69 28 1111
679 95 35 530
679 101 55 318
679 120 16 101
679 169 37 711
679 182 31 543
679 217 41 966
679 242 3 799
679 274 19 328
679 293 11 753
679 302 49 599
680 20 58 1071
680 38 31 1041
680 70 23 100
680 101 7 632
680 127 43 271
680 131 41 614
680 163 5 1103
680 166 29 142
680 229 10 256
680 255 19 65
680 259 49 372
680 287 25 86
680 288 37 687
680 290 1 1163
680 310 14 1144
681 8 29 779
681 19 41 129
681 152 47 185
681 153 52 1103
681 160 43 395
681 162 23 1176
681 192 34 247
681 194 37 167
681 200 5 339
681 209 1 497
681 223 7 582
681 265 56 324
681 269 49 1093
681 298 26 760
681 312 10 973
682 1 49 580
682 2 57 409
682 5 31 282
682 52 2 600
682 54 35 1078
682 65 4 587
682 72 37 185
682 83 28 794
682 87 25 962
682 109 10 38
682 147 17 586
682 229 7 256
682 253 23 215
682 282 19 418
682 313 13 527
683 4 14 804
683 6 32 64
683 29 10 121
683 39 44 974
683 56 19 480
683 62 4 215
683 70 28 477
683 76 17 769
683 101 7 1071
683 124 49 486
683 163 59 358
683 210 23 286
683 268 25 1079
683 302 37 599
683 318 1 778
684 24 17 444
684 26 25 412
684 33 59 930
684 37 7 857
684 91 13 508
684 117 53 849
684 163 5 534
684 169 44 108
684 180 41 28
684 205 11 650
684 220 1 30
684 247 35 678
684 273 37 425
684 285 31 813
685 24 29 1161
685 30 47 929
685 36 10 999
685 56 19 944
685 100 49 796
685 102 1 649
685 113 39 1141
685 153 16 350
685 176 5 271
685 179 43 350
685 191 31 27
685 232 23 13
685 251 13 1029
685 302 55 599
685 309 25 353
686 13 5 974
686 88 9 876
686 101 40 632
686 119 22 773
686 151 25 825
686 162 35 375
686 170 47 188
686 192 55 758
686 212 17 783
686 215 1 437
686 226 53 883
686 254 19 414
686 262 29 705
686 277 51 755
686 320 7 43
687 36 37 663
687 45 34 970
687 53 52 414
687 71 56 1131
687 98 49 139
687 100 27 988
687 153 31 593
687 170 1 406
687 197 46 667
687 199 16 920
687 275 5 1088
687 292 20 244
687 298 40 1012
687 309 9 795
688 14 5 100
688 68 7 405
688 71 37 28
688 78 26 946
688 109 13 281
688 141 56 927
688 192 44 779
688 195 10 6
688 236 31 749
688 254 15 414
688 265 49 443
688 276 41 592
688 283 1 1087
688 310 19 1152
689 38 55 340
689 50 19 595
689 81 5 919
689 91 59 157
689 125 31 733
689 151 49 883
689 153 34 372
689 158 47 652
689 165 53 370
689 175 29 975
689 201 17 142
689 243 13 247
689 261 23 20
689 271 7 54
689 273 43 1161
690 27 13 978
690 32 55 631
690 33 47 505
690 36 37 1007
690 67 25 214
690 71 1 1028
690 113 50 1012
690 120 34 730
690 165 29 228
690 178 19 55
690 223 7 1131
690 280 41 717
690 287 43 508
690 313 31 711
691 7 23 2
691 21 7 610
691 37 1 1199
691 42 55 568
691 51 13 18
691 100 19 721
691 117 59 1151
691 126 37 800
691 158 29 565
691 251 25 257
691 257 49 383
691 289 31 610
691 298 16 760
691 302 43 599
691 320 5 43
692 11 7 1087
692 26 19 410
692 44 59 896
692 89 28 554
692 101 22 632
692 105 17 1092
692 147 35 1058
692 157 31 828
692 166 41 273
692 167 15 810
692 177 43 442
692 198 25 856
692 266 1 372
692 274 49 733
692 297 53 505
693 8 41 343
693 20 1 505
693 21 43 969
693 24 23 840
693 31 49 226
693 37 13 80
693 46 29 1028
693 63 7 528
693 100 25 265
693 170 53 502
693 178 19 424
693 192 38 942
693 249 31 890
693 287 55 117
693 308 4 902
694 19 46 752
694 89 16 404
694 92 4 890
694 105 23 348
694 141 7 657
694 150 53 547
694 178 19 323
694 180 29 51
694 216 31 8
694 249 38 979
694 251 1 1029
694 284 25 326
694 292 49 249
694 294 59 1039
694 314 13 1068
695 6 13 250
695 31 9 162
695 63 19 272
695 76 5 631
695 104 47 283
695 115 43 8
695 144 37 876
695 150 53 896
695 156 7 644
695 226 55 883
695 231 41 106
695 250 28 451
695 301 49 1035
695 305 57 748
695 320 17 43
696 46 29 711
696 47 38 201
696 72 13 114
696 90 53 760
696 95 59 609
696 111 10 560
696 117 25 1151
696 129 19 713
696 194 43 167
696 202 31 805
696 224 7 65
696 232 49 156
696 235 17 665
696 236 1 465
696 269 55 963
697 74 49 706
697 105 29 426
697 113 31 167
697 115 37 539
697 123 40 896
697 159 43 976
697 161 1 1036
697 179 19 840
697 188 10 518
697 191 25 636
697 269 58 291
697 270 7 559
697 303 47 276
697 305 15 866
698 2 49 849
698 5 19 839
698 25 37 298
698 39 13 964
698 82 53 471
698 110 55 826
698 166 9 124
698 170 5 917
698 180 59 716
698 193 43 670
698 256 1 561
698 268 40 61
698 274 32 380
698 277 17 863
698 286 47 208
699 15 19 2
699 39 37 1143
699 71 25 1131
699 74 43 739
699 118 41 52
699 148 47 904
699 150 23 576
699 184 5 1108
699 208 53 1035
699 242 1 424
699 256 13 45
699 257 32 220
699 264 58 541
699 287 49 945
699 300 10 338
700 10 55 779
700 42 25 1170
700 124 1 954
700 186 22 467
700 205 53 1189
700 209 46 708
700 219 58 727
700 228 50 762
700 242 15 92
700 252 31 311
700 257 7 852
700 284 38 1002
700 318 34 685
701 7 5 2
701 28 7 609
701 39 55 635
701 47 13 52
701 73 52 515
701 86 35 32
701 106 41 92
701 116 1 838
701 138 59 117
701 164 23 1026
701 231 43 387
701 242 19 404
701 276 17 640
701 278 46 1127
701 314 25 557
702 28 1 401
702 35 47 386
702 62 37 250
702 79 25 920
702 86 17 32
702 118 31 354
702 178 49 1022
702 180 41 51
702 181 5 1116
702 187 10 648
702 190 19 582
702 234 13 343
702 277 59 1085
702 304 55 553
703 12 17 545
703 21 55 845
703 25 43 298
703 68 11 829
703 79 31 803
703 99 37 881
703 103 5 1129
703 167 21 775
703 171 13 819
703 222 41 225
703 228 7 1128
703 231 59 304
703 287 25 904
703 296 23 418
703 310 1 407
704 29 37 1000
704 69 7 1088
704 87 28 849
704 99 55 100
704 102 23 928
704 142 49 1177
704 149 43 86
704 153 40 1103
704 157 31 881
704 171 52 793
704 174 1 273
704 176 5 340
704 179 19 78
704 181 17 1116
704 189 13 838
705 16 37 1189
705 19 59 129
705 34 53 804
705 61 25 1012
705 114 7 971
705 164 5 499
705 193 23 1128
705 210 35 163
705 225 55 287
705 237 19 565
705 264 1 295
705 270 13 541
705 277 29 486
705 279 46 198
705 305 49 948
706 42 1 392
706 47 25 518
706 49 35 1074
706 60 49 481
706 75 43 986
706 141 37 442
706 144 31 99
706 187 19 318
706 228 16 645
706 248 7 934
706 251 13 672
706 268 22 388
706 278 46 905
706 289 57 956
706 306 53 1063
707 29 31 900
707 51 25 282
707 77 51 268
707 116 13 225
707 129 55 713
707 156 47 453
707 161 9 269
707 181 23 272
707 185 43 502
707 200 29 156
707 201 41 787
707 222 59 577
707 227 19 812
707 272 4 61
707 305 37 748
708 34 59 785
708 60 1 261
708 66 25 268
708 67 43 637
708 77 37 453
708 153 22 968
708 156 41 594
708 157 32 1104
708 160 10 436
708 166 47 162
708 258 19 1061
708 269 52 291
708 273 55 1023
708 285 14 156
708 290 7 714
709 70 41 477
709 72 25 1180
709 177 14 799
709 192 50 825
709 208 53 483
709 230 56 1044
709 240 19 1114
709 241 46 771
709 244 43 953
709 259 37 914
709 270 4 971
709 283 7 637
709 290 1 959
709 301 31 1132
710 3 55 707
710 4 7 828
710 28 25 120
710 46 41 881
710 67 43 619
710 69 37 1125
710 108 13 1151
710 127 19 669
710 135 10 250
710 145 35 367
710 148 47 698
710 177 31 686
710 205 3 1189
710 251 16 852
710 261 53 866
711 33 11 990
711 35 43 1052
711 81 47 973
711 120 22 1006
711 133 55 164
711 144 13 457
711 159 59 635
711 162 7 705
711 187 28 535
711 200 41 698
711 213 37 13
711 231 32 1027
711 241 49 752
711 252 34 376
711 281 1 189
712 2 31 1026
712 6 25 783
712 14 29 619
712 74 55 706
712 87 40 303
712 105 9 255
712 111 37 946
712 141 43 954
712 210 7 707
712 213 19 821
712 224 13 440
712 226 17 612
712 260 2 376
712 287 49 221
713 10 16 970
713 55 1 530
713 105 29 1027
713 145 53 611
713 155 47 1129
713 178 19 1022
713 197 10 303
713 210 23 707
713 219 7 811
713 254 4 141
713 263 31 767
713 281 13 793
713 292 43 854
713 303 58 808
713 316 25 405
714 2 27 686
714 4 7 924
714 5 49 1102
714 23 35 979
714 24 11 800
714 37 19 902
714 50 45 527
714 60 1 1059
714 81 25 1093
714 113 55 674
714 141 31 973
714 233 5 495
714 262 41 705
714 264 16 281
714 285 37 631
715 46 37 156
715 50 55 959
715 72 1 716
715 90 5 941
715 116 32 474
715 131 11 356
715 162 53 755
715 163 41 409
715 176 23 340
715 187 26 767
715 209 43 835
715 229 19 740
715 263 49 1118
715 276 29 945
715 308 46 566
716 11 19 264
716 14 37 625
716 26 16 762
716 87 40 1173
716 88 3 1120
716 100 31 762
716 103 35 18
716 104 23 1021
716 152 47 490
716 181 7 711
716 184 26 546
716 190 55 512
716 233 1 247
716 241 28 412
717 10 13 800
717 26 16 410
717 37 49 80
717 85 37 506
717 92 7 891
717 93 9 155
717 100 25 27
717 132 47 575
717 168 23 70
717 171 19 566
717 180 11 635
717 193 59 69
717 195 34 424
717 277 53 916
717 313 43 649
718 16 13 567
718 26 22 578
718 27 31 978
718 63 43 748
718 101 7 973
718 116 55 191
718 120 40 1063
718 150 47 547
718 160 49 959
718 165 37 356
718 188 28 857
718 235 11 954
718 246 17 858
718 272 19 255
718 312 4 70
719 11 10 1130
719 19 1 821
719 67 3 197
719 78 45 862
719 81 41 314
719 99 31 86
719 103 7 1107
719 217 35 1173
719 218 37 134
719 267 22 133
719 284 25 1128
719 294 29 611
719 300 58 8
719 315 53 190
719 318 55 996
720 3 13 896
720 34 35 139
720 40 17 302
720 85 37 43
720 94 46 155
720 114 57 886
720 121 43 941
720 140 2 5
720 141 49 151
720 163 11 1103
720 179 7 569
720 267 19 292
720 268 31 1106
720 296 22 440
720 311 28 764
721 3 43 234
721 11 50 1151
721 49 29 92
721 61 25 388
721 86 53 706
721 143 19 1153
721 171 14 863
721 173 55 18
721 175 59 553
721 207 10 51
721 218 37 905
721 237 1 77
721 247 41 1199
721 267 31 1020
721 279 34 265
722 35 17 328
722 52 29 107
722 62 40 624
722 78 49 875
722 127 55 335
722 134 25 670
722 158 7 652
722 161 43 1036
722 181 47 546
722 184 23 605
722 196 19 400
722 254 2 614
722 283 9 592
722 310 13 338
722 311 34 345
723 23 5 1025
723 27 7 978
723 42 43 755
723 44 29 604
723 54 11 607
723 78 25 165
723 120 22 249
723 124 49 475
723 134 37 1113
723 137 34 999
723 168 41 956
723 177 55 105
723 200 59 971
723 225 13 586
723 229 1 740
724 20 37 148
724 74 13 1033
724 75 33 942
724 106 23 1187
724 130 10 348
724 144 19 1176
724 147 5 522
724 160 58 86
724 199 55 685
724 206 25 134
724 226 41 989
724 259 49 338
724 262 28 201
724 274 1 328
724 316 43 47
725 28 1 1171
725 36 13 999
725 50 32 576
725 135 37 750
725 141 55 891
725 212 17 96
725 214 43 1060
725 230 40 900
725 243 19 677
725 247 51 1071
725 300 28 380
725 308 10 1079
725 318 7 1092
726 27 20 228
726 42 31 883
726 78 44 1157
726 97 25 37
726 102 35 547
726 106 29 163
726 115 52 223
726 133 37 811
726 151 1 339
726 153 7 418
726 156 5 453
726 206 13 97
726 248 55 934
727 10 55 120
727 13 59 944
727 15 37 2
727 60 25 1182
727 69 34 151
727 116 43 259
727 157 49 1104
727 183 29 507
727 194 1 42
727 200 53 311
727 231 41 1161
727 241 10 760
727 266 22 1044
727 282 13 664
727 298 7 631
728 16 31 988
728 34 11 804
728 62 49 101
728 66 55 231
728 78 37 708
728 100 19 27
728 106 29 1187
728 114 14 886
728 120 52 386
728 140 43 919
728 158 47 97
728 178 7 1053
728 182 25 944
728 198 23 528
728 234 2 343
729 21 49 866
729 33 47 372
729 60 37 765
729 95 41 1057
729 149 19 291
729 167 3 810
729 171 16 1169
729 187 10 553
729 204 7 483
729 205 5 518
729 210 34 829
729 217 23 610
729 227 28 812
729 254 44 789
729 266 57 1129
730 14 1 269
730 47 56 518
730 57 23 856
730 67 49 303
730 97 3 691
730 104 29 273
730 130 17 1009
730 141 25 840
730 160 7 779
730 185 19 733
730 224 34 59
730 236 43 537
730 263 37 217
730 269 31 616
730 311 10 64
731 11 25 947
731 42 55 832
731 52 41 310
731 54 1 733
731 106 59 163
731 110 31 372
731 140 8 700
731 145 5 233
731 154 37 582
731 156 3 594
731 166 53 107
731 184 17 347
731 186 46 200
731 273 21 579
731 302 13 612
732 25 55 604
732 53 31 198
732 107 37 1052
732 122 25 107
732 129 1 207
732 155 41 108
732 163 49 8
732 178 44 27
732 188 22 139
732 201 29 1068
732 208 35 123
732 240 7 1114
732 264 52 281
732 302 13 236
733 133 43 1038
733 148 53 1071
733 149 13 436
733 157 25 150
733 158 17 568
733 182 37 849
733 220 1 433
733 274 7 380
733 276 19 579
733 285 49 483
733 297 29 906
733 309 35 913
733 313 22 911
733 317 31 381
733 318 58 753
734 55 1 543
734 76 11 1170
734 93 23 980
734 98 31 601
734 128 49 414
734 135 7 771
734 150 43 547
734 169 19 471
734 194 37 911
734 210 16 727
734 239 45 250
734 244 34 520
734 258 58 96
734 305 25 279
734 314 4 294
735 4 14 188
735 62 55 705
735 65 19 910
735 70 58 477
735 101 22 318
735 113 31 321
735 132 29 383
735 136 46 43
735 174 7 1015
735 193 41 242
735 203 50 1129
735 239 37 902
735 246 17 685
735 291 1 628
735 313 26 930
736 27 19 978
736 47 31 139
736 76 43 946
736 89 46 464
736 135 1 906
736 182 49 38
736 184 29 1061
736 208 35 483
736 223 8 1132
736 231 23 575
736 240 38 130
736 281 25 793
736 294 11 1059
736 300 14 1087
736 312 58 171
737 19 59 773
737 35 23 185
737 41 49 272
737 84 28 648
737 91 47 99
737 111 44 928
737 112 31 587
737 145 35 54
737 164 37 377
737 203 55 101
737 214 1 616
737 287 19 100
737 292 13 1184
737 311 7 64
737 318 10 1092
738 13 5 944
738 20 40 686
738 24 17 1050
738 76 53 946
738 102 13 928
738 111 28 1079
738 116 1 191
738 177 20 525
738 206 46 134
738 214 32 292
738 227 7 749
738 253 37 628
738 262 11 778
738 302 55 612
738 316 49 505
739 6 9 159
739 19 35 752
739 25 22 604
739 48 31 530
739 72 25 185
739 110 4 372
739 111 43 1058
739 154 37 312
739 194 13 604
739 268 56 269
739 280 1 717
739 293 7 789
739 294 41 1039
739 301 49 980
739 315 29 632
740 15 43 255
740 22 55 743
740 25 31 788
740 30 11 37
740 56 34 51
740 86 5 579
740 87 58 18
740 94 1 641
740 118 13 92
740 186 26 467
740 191 49 265
740 222 41 505
740 282 37 501
740 293 22 54
740 312 15 171
741 6 15 42
741 36 10 1007
741 78 19 340
741 92 41 891
741 116 43 282
741 122 57 45
741 156 13 594
741 162 55 829
741 167 5 810
741 177 31 28
741 227 28 374
741 271 37 233
741 272 25 556
741 310 1 264
742 6 1 610
742 11 40 1087
742 16 43 120
742 18 52 1123
742 25 22 298
742 28 55 401
742 48 13 644
742 57 59 443
742 59 7 1116
742 92 10 435
742 107 31 1112
742 193 35 587
742 260 25 632
742 298 37 760
743 115 19 324
743 122 25 574
743 160 22 395
743 172 7 1072
743 180 11 515
743 182 49 663
743 215 5 1149
743 234 37 343
743 237 13 133
743 262 29 376
743 271 55 310
743 286 17 208
743 287 1 639
743 307 47 580
743 310 43 586
744 11 25 1087
744 26 44 718
744 62 28 250
744 75 4 942
744 95 53 234
744 135 49 924
744 177 31 411
744 190 13 959
744 209 20 835
744 222 35 20
744 227 9 812
744 287 37 945
744 297 17 219
744 312 1 975
745 38 32 1007
745 52 59 948
745 76 23 233
745 82 11 799
745 119 28 375
745 168 47 677
745 171 4 819
745 195 19 239
745 196 15 276
745 217 41 1124
745 241 52 636
745 244 43 743
745 256 7 944
745 274 55 153
745 283 37 213
746 15 1 2
746 18 37 707
746 23 51 54
746 35 5 328
746 39 25 502
746 85 31 304
746 108 16 1151
746 111 7 127
746 141 57 657
746 174 43 1015
746 176 35 857
746 223 10 469
746 235 53 982
746 260 20 516
747 15 43 1160
747 25 49 788
747 42 37 435
747 46 35 1015
747 59 1 326
747 68 5 469
747 91 23 99
747 100 31 796
747 105 19 348
747 145 29 644
747 214 55 354
747 252 7 572
747 262 27 705
747 293 59 789
747 295 16 279
748 13 7 765
748 18 31 832
748 62 16 1008
748 118 29 52
748 129 43 318
748 139 35 609
748 140 25 700
748 143 3 1153
748 151 56 905
748 169 19 585
748 171 10 1169
748 245 49 821
748 264 40 1128
748 272 13 356
748 303 1 976
749 24 11 1187
749 35 23 469
749 38 31 340
749 88 1 1195
749 107 43 1001
749 120 37 975
749 133 50 604
749 138 3 456
749 211 25 1000
749 232 5 1072
749 261 13 42
749 263 19 518
749 277 29 863
749 290 58 959
749 312 7 952
750 2 37 1026
750 34 29 895
750 55 43 263
750 98 46 601
750 122 13 81
750 148 11 718
750 152 5 120
750 169 19 711
750 206 1 134
750 216 55 1006
750 222 59 151
750 250 7 451
750 280 23 702
750 285 31 100
750 291 25 804
751 2 7 686
751 8 11 499
751 19 47 920
751 21 55 122
751 48 33 866
751 144 37 1074
751 145 31 1141
751 158 41 81
751 161 13 58
751 169 1 466
751 173 43 528
751 218 19 592
751 264 52 42
751 290 25 138
751 312 28 171
752 2 49 94
752 7 25 2
752 22 45 532
752 90 15 367
752 93 35 279
752 148 59 793
752 179 27 490
752 208 41 557
752 215 3 437
752 230 55 641
752 243 19 805
752 253 37 585
752 256 7 1103
752 262 23 633
752 302 31 577
753 7 11 735
753 32 1 743
753 58 13 36
753 113 7 1012
753 115 38 324
753 121 25 310
753 130 17 217
753 144 20 640
753 183 35 871
753 184 29 1074
753 202 43 435
753 231 5 575
753 260 31 962
753 291 56 549
753 313 52 711
754 42 14 571
754 50 31 1036
754 53 22 672
754 61 43 499
754 70 7 477
754 102 4 547
754 111 10 527
754 149 37 762
754 182 55 303
754 207 1 929
754 240 26 130
754 248 49 1063
754 254 34 1156
754 300 19 338
755 2 31 505
755 18 55 244
755 43 10 1042
755 66 25 105
755 76 41 631
755 154 13 780
755 190 19 883
755 198 53 1026
755 207 7 929
755 217 43 269
755 237 45 670
755 244 37 672
755 258 58 771
755 273 1 1023
755 291 49 943
756 57 11 997
756 88 25 1120
756 96 35 1123
756 113 14 1141
756 126 1 499
756 160 19 800
756 169 37 1009
756 178 45 501
756 203 55 1037
756 209 22 729
756 217 31 966
756 293 29 328
756 316 49 1001
756 319 7 469
757 34 49 1130
757 80 37 347
757 87 46 953
757 108 34 142
757 110 1 826
757 127 8 335
757 130 52 348
757 138 58 456
757 155 29 997
757 205 23 650
757 239 13 189
757 247 26 812
757 270 43 938
757 312 40 171
757 313 55 711
758 1 25 724
758 9 49 348
758 14 1 619
758 44 19 36
758 46 29 930
758 61 7 388
758 75 40 781
758 85 13 1187
758 98 43 543
758 167 11 1180
758 172 31 141
758 198 35 307
758 203 21 920
758 206 56 465
758 285 3 383
759 21 37 358
759 34 59 895
759 47 1 885
759 88 43 876
759 90 29 118
759 105 41 804
759 114 45 506
759 120 52 466
759 153 13 625
759 169 25 924
759 196 55 472
759 198 17 1026
759 204 19 549
759 253 11 333
759 281 31 997
760 39 13 40
760 59 50 307
760 67 7 619
760 90 53 941
760 100 19 674
760 168 23 582
760 170 29 502
760 184 58 906
760 211 2 1068
760 239 44 981
760 263 31 506
760 265 39 968
760 279 25 216
760 290 55 138
761 2 7 990
761 49 11 1123
761 87 13 698
761 91 17 99
761 107 31 337
761 182 19 1080
761 194 1 413
761 201 29 420
761 210 35 707
761 226 5 883
761 233 41 22
761 249 49 106
761 289 37 636
761 310 43 914
761 318 58 317
762 10 49 536
762 11 19 943
762 16 37 691
762 23 29 150
762 24 59 1161
762 46 7 197
762 83 46 217
762 139 5 592
762 168 35 295
762 169 9 711
762 181 53 283
762 198 17 981
762 203 1 236
762 216 55 769
762 268 32 1122
763 9 28 940
763 51 1 106
763 54 41 567
763 60 43 813
763 68 53 469
763 81 5 743
763 94 34 980
763 122 7 1059
763 146 49 237
763 154 21 138
763 162 47 678
763 174 37 273
763 188 16 139
763 207 31 51
763 308 56 902
764 9 52 440
764 23 1 697
764 36 44 999
764 65 28 910
764 85 31 124
764 120 40 1040
764 122 19 574
764 158 35 803
764 177 9 105
764 197 4 512
764 204 25 600
764 220 55 739
764 267 37 1044
764 278 49 353
764 302 13 1127
765 26 25 1001
765 99 45 1130
765 108 28 569
765 148 5 191
765 165 59 829
765 177 1 314
765 179 37 787
765 190 7 30
765 259 31 264
765 264 49 193
765 267 52 769
765 287 55 1056
765 305 19 197
765 310 13 264
766 7 47 714
766 30 35 688
766 48 25 644
766 50 13 263
766 92 5 1155
766 95 29 464
766 105 1 1033
766 138 55 456
766 181 59 272
766 183 53 434
766 211 49 155
766 222 11 577
766 256 7 484
766 285 43 257
766 317 39 861
767 20 28 136
767 31 31 318
767 36 43 1007
767 52 23 948
767 59 49 534
767 75 10 1052
767 112 1 416
767 149 19 554
767 205 35 650
767 217 25 819
767 222 53 632
767 230 58 1009
767 253 47 333
767 287 38 327
767 318 13 317
768 23 1 198
768 58 55 366
768 71 19 779
768 90 41 731
768 170 25 490
768 173 4 825
768 180 59 515
768 195 10 239
768 207 28 698
768 228 13 762
768 238 23 1041
768 265 31 607
768 282 43 164
768 288 37 121
768 315 52 813
769 7 41 919
769 54 11 863
769 94 55 1009
769 130 53 1016
769 143 13 1048
769 146 29 237
769 168 7 1060
769 169 44 585
769 188 3 1134
769 196 25 472
769 203 49 870
769 223 20 123
769 231 23 329
769 252 34 698
769 261 59 424
770 12 11 537
770 36 16 1007
770 80 28 1059
770 84 7 937
770 93 35 33
770 118 5 40
770 147 1 1006
770 158 21 522
770 162 25 442
770 227 44 812
770 232 23 858
770 243 38 296
770 258 55 96
770 284 49 895
770 314 31 557
771 16 31 755
771 83 10 555
771 100 55 265
771 121 13 1084
771 146 25 237
771 155 47 1189
771 166 37 142
771 175 17 943
771 192 22 789
771 204 7 94
771 231 53 1100
771 273 43 579
771 294 29 989
771 316 1 33
771 319 49 753
772 21 31 624
772 77 37 699
772 81 55 55
772 123 57 13
772 127 7 650
772 174 43 321
772 180 47 409
772 182 13 595
772 217 51 269
772 264 4 1040
772 269 19 628
772 276 23 546
772 293 29 875
772 303 27 976
772 308 1 566
773 1 55 580
773 8 17 779
773 34 59 804
773 45 3 105
773 52 51 435
773 54 10 87
773 66 44 1008
773 113 37 1022
773 144 31 1123
773 145 5 716
773 161 19 1036
773 174 25 979
773 183 41 1001
773 210 15 829
773 312 7 171
774 14 3 619
774 29 22 788
774 31 13 32
774 53 8 1199
774 54 17 792
774 68 5 988
774 91 32 424
774 110 52 826
774 127 55 20
774 157 25 78
774 194 43 42
774 246 59 295
774 255 37 380
775 34 47 553
775 48 49 686
775 65 22 586
775 103 53 18
775 148 43 376
775 152 37 490
775 171 28 304
775 176 5 265
775 227 10 225
775 257 13 22
775 266 19 1025
775 267 1 1020
775 268 40 1122
775 291 55 429
775 313 34 711
776 30 19 750
776 33 23 1130
776 55 46 263
776 95 49 890
776 103 35 758
776 118 17 52
776 150 41 576
776 205 59 135
776 219 10 73
776 224 4 65
776 245 26 189
776 284 13 70
776 293 53 554
776 308 1 968
776 313 7 614
777 6 37 739
777 149 19 1173
777 159 35 1006
777 173 14 825
777 190 49 1169
777 196 2 472
777 202 56 502
777 233 17 247
777 251 25 88
777 253 47 1023
777 261 29 582
777 270 31 938
777 271 7 189
777 293 41 748
777 318 44 996
778 21 49 982
778 35 35 124
778 49 10 92
778 82 23 268
778 91 5 424
778 125 44 839
778 142 53 1177
778 155 59 265
778 162 47 442
778 206 16 465
778 211 55 121
778 225 37 426
778 228 13 530
778 249 19 106
778 316 25 787
779 11 43 665
779 35 11 54
779 62 13 339
779 64 5 408
779 95 53 592
779 98 46 466
779 136 31 370
779 178 21 122
779 183 49 1007
779 203 55 1092
779 224 37 1085
779 226 59 1169
779 261 41 1129
779 274 27 856
779 319 16 432
780 14 4 625
780 25 26 604
780 48 19 662
780 52 41 764
780 55 37 412
780 80 55 586
780 84 51 975
780 163 17 618
780 173 43 18
780 177 31 678
780 209 58 708
780 277 1 861
780 290 14 311
780 302 7 599
780 306 47 988
781 7 11 134
781 32 19 487
781 68 23 512
781 71 13 43
781 100 38 852
781 125 7 733
781 193 17 234
781 208 59 219
781 217 55 813
781 245 25 444
781 261 35 576
781 263 1 1118
781 283 31 637
781 290 43 179
781 315 5 986
782 17 19 435
782 24 23 343
782 26 49 362
782 27 45 1138
782 39 1 535
782 44 41 459
782 66 13 769
782 70 39 477
782 93 5 502
782 167 29 775
782 188 34 97
782 198 10 981
782 217 53 610
782 300 31 891
782 301 55 792
783 3 1 507
783 6 37 928
783 27 55 228
783 40 14 467
783 49 53 92
783 101 49 649
783 146 43 237
783 195 19 252
783 209 31 708
783 253 35 215
783 292 45 924
783 294 29 1039
783 299 22 808
783 303 11 916
783 310 7 858
784 38 37 586
784 47 31 688
784 48 7 231
784 60 43 139
784 95 41 234
784 103 11 18
784 112 13 962
784 133 25 287
784 139 35 1122
784 172 56 1072
784 184 29 858
784 207 22 28
784 262 47 582
784 267 49 208
784 312 2 171
785 49 5 156
785 53 46 6
785 99 49 632
785 101 55 484
785 108 1 785
785 143 25 1094
785 146 58 237
785 215 43 437
785 223 38 1016
785 253 15 333
785 258 22 96
785 283 31 459
785 295 19 639
785 306 41 354
785 314 7 980
786 11 37 553
786 14 1 155
786 24 53 343
786 33 35 890
786 35 17 40
786 72 19 716
786 82 43 150
786 92 11 1155
786 123 4 845
786 131 41 134
786 170 47 502
786 214 31 1129
786 216 56 1132
786 251 49 938
786 292 13 576
787 13 3 69
787 37 49 525
787 38 55 1041
787 39 25 40
787 66 19 268
787 77 44 788
787 98 37 601
787 230 40 78
787 272 31 255
787 286 23 208
787 304 7 19
787 310 13 697
788 26 13 578
788 33 53 559
788 112 25 587
788 172 37 50
788 183 47 1171
788 185 49 250
788 205 35 518
788 245 55 148
788 249 1 386
788 265 43 1187
788 268 10 966
788 274 31 1084
788 299 29 329
788 312 22 171
788 315 5 813
789 4 9 641
789 10 49 677
789 14 7 832
789 17 31 1015
789 88 41 876
789 120 22 1155
789 121 43 268
789 140 15 700
789 155 5 1189
789 179 55 375
789 210 13 829
789 226 35 525
789 238 53 674
789 267 2 292
789 318 28 1071
790 70 9 477
790 103 5 307
790 126 37 292
790 144 49 1176
790 154 45 469
790 164 43 943
790 172 14 1052
790 173 19 77
790 187 1 648
790 197 25 281
790 215 23 1090
790 270 28 559
790 282 56 767
790 290 34 556
790 295 31 639
791 6 1 1124
791 16 25 58
791 27 49 157
791 68 53 453
791 80 10 706
791 118 47 1053
791 177 31 800
791 211 43 1100
791 213 37 821
791 251 7 1029
791 257 13 434
791 286 17 283
791 310 55 279
791 311 19 261
792 38 15 1041
792 48 43 879
792 71 49 43
792 110 37 780
792 126 1 454
792 127 57 650
792 139 23 976
792 161 25 1037
792 174 19 895
792 199 40 767
792 219 7 1020
792 229 34 256
792 277 53 486
792 295 10 924
793 8 20 823
793 12 23 404
793 23 59 792
793 45 41 970
793 59 10 787
793 76 7 1011
793 80 25 832
793 86 5 33
793 93 35 268
793 150 53 43
793 217 29 1050
793 221 16 849
793 223 1 78
793 272 50 556
793 307 47 823
794 26 1 410
794 43 13 64
794 53 26 372
794 105 59 999
794 115 16 733
794 127 19 650
794 152 35 185
794 170 29 870
794 174 55 1194
794 176 5 317
794 183 23 738
794 239 49 1107
794 249 7 979
794 297 11 219
794 304 31 19
795 3 7 586
795 14 23 1127
795 28 43 401
795 76 47 233
795 90 41 940
795 108 4 1113
795 134 25 714
795 169 55 108
795 195 37 619
795 248 50 961
795 267 1 170
795 277 13 966
795 280 16 900
795 306 11 1199
795 314 19 108
796 26 16 339
796 32 31 743
796 61 43 618
796 81 1 291
796 107 19 1052
796 120 58 975
796 138 4 117
796 152 37 1029
796 179 8 217
796 194 39 536
796 221 13 383
796 258 55 1126
796 271 49 685
796 285 25 1173
797 5 49 1050
797 7 59 731
797 29 9 1000
797 46 35 619
797 50 55 744
797 105 29 536
797 117 53 942
797 165 5 418
797 178 20 1053
797 202 37 1161
797 203 31 163
797 206 43 134
797 260 1 823
797 265 25 1187
797 281 46 907
798 38 7 1041
798 41 52 292
798 81 11 68
798 83 1 1040
798 133 19 326
798 151 31 611
798 208 5 928
798 251 58 938
798 254 25 717
798 255 37 257
798 258 28 239
798 265 13 337
798 270 55 190
798 280 47 762
798 285 43 674
799 43 16 60
799 60 25 1169
799 78 43 33
799 80 2 347
799 134 37 502
799 136 19 688
799 138 10 117
799 151 56 442
799 167 41 810
799 168 29 612
799 261 53 879
799 268 31 1079
799 278 50 495
799 280 23 221
800 4 52 242
800 17 25 408
800 27 3 1138
800 43 22 1073
800 49 1 764
800 57 17 997
800 66 55 515
800 158 41 1026
800 182 37 22
800 185 7 753
800 189 34 826
800 215 13 437
800 226 59 525
800 285 43 386
Điểm tối ưu/tốt nhất tìm được: 11755
Thời gian: 900.695226 giây
Trạng thái: VALID
