Iteration,Time_Seconds,Objective_Value,W_Shift,W_Swap,W_Kick
0,0.0,11844,100.0,0.0,0.0
2,0.006766796112060547,11844,100.0,0.0,0.0
3,0.009505271911621094,11844,100.0,0.0,0.0
4,0.012360811233520508,11844,100.0,0.0,0.0
10,0.025058507919311523,11844,100.0,0.0,0.0
11,0.02777242660522461,11844,100.0,0.0,0.0
12,0.030623912811279297,11844,100.0,0.0,0.0
13,0.03335833549499512,11844,100.0,0.0,0.0
16,0.04098176956176758,11844,100.0,0.0,0.0
17,0.04390454292297363,11844,100.0,0.0,0.0
18,0.0469663143157959,11844,100.0,0.0,0.0
19,0.04962968826293945,11844,100.0,0.0,0.0
20,0.05198383331298828,11844,100.0,0.0,0.0
25,0.0635061264038086,11844,100.0,0.0,0.0
26,0.06615591049194336,11844,100.0,0.0,0.0
28,0.07200360298156738,11844,100.0,0.0,0.0
29,0.07536673545837402,11844,100.0,0.0,0.0
30,0.07825613021850586,11844,100.0,0.0,0.0
36,0.09293985366821289,11844,100.0,0.0,0.0
37,0.09558987617492676,11844,100.0,0.0,0.0
40,0.10132408142089844,11844,100.0,0.0,0.0
41,0.10470128059387207,11844,100.0,0.0,0.0
42,0.10789108276367188,11844,100.0,0.0,0.0
43,0.11072444915771484,11844,100.0,0.0,0.0
44,0.11357307434082031,11844,100.0,0.0,0.0
50,0.12755274772644043,11844,100.0,0.0,0.0
52,0.13287138938903809,11844,100.0,0.0,0.0
53,0.13554954528808594,11844,100.0,0.0,0.0
54,0.13834476470947266,11844,100.0,0.0,0.0
55,0.14107060432434082,11844,100.0,0.0,0.0
56,0.14387822151184082,11844,100.0,0.0,0.0
57,0.14663004875183105,11844,100.0,0.0,0.0
60,0.15528011322021484,11844,100.0,0.0,0.0
61,0.1580967903137207,11844,100.0,0.0,0.0
62,0.1608598232269287,11844,100.0,0.0,0.0
65,0.1680600643157959,11844,100.0,0.0,0.0
68,0.17656707763671875,11844,100.0,0.0,0.0
69,0.1793513298034668,11844,100.0,0.0,0.0
70,0.18097305297851562,11844,100.0,0.0,0.0
71,0.18385744094848633,11844,100.0,0.0,0.0
73,0.18902802467346191,11844,100.0,0.0,0.0
74,0.19170904159545898,11844,100.0,0.0,0.0
76,0.19678592681884766,11844,100.0,0.0,0.0
79,0.2045133113861084,11844,100.0,0.0,0.0
80,0.20617365837097168,11844,100.0,0.0,0.0
83,0.21309638023376465,11844,100.0,0.0,0.0
84,0.21574735641479492,11844,100.0,0.0,0.0
85,0.21840119361877441,11844,100.0,0.0,0.0
87,0.22359132766723633,11844,100.0,0.0,0.0
90,0.2311570644378662,11844,100.0,0.0,0.0
91,0.23426294326782227,11844,100.0,0.0,0.0
94,0.24296164512634277,11844,100.0,0.0,0.0
97,0.2507922649383545,11844,100.0,0.0,0.0
98,0.25356054306030273,11844,100.0,0.0,0.0
99,0.25629591941833496,11844,100.0,0.0,0.0
100,0.25899577140808105,11844,100.0,0.0,0.0
102,0.26448822021484375,11844,100.0,0.0,0.0
107,0.2756078243255615,11844,100.0,0.0,0.0
108,0.2785320281982422,11844,100.0,0.0,0.0
109,0.28133368492126465,11844,100.0,0.0,0.0
110,0.2836780548095703,11844,100.0,0.0,0.0
120,0.3047630786895752,11844,100.0,0.0,0.0
123,0.3122134208679199,11844,100.0,0.0,0.0
127,0.32214784622192383,11844,100.0,0.0,0.0
128,0.32509803771972656,11844,100.0,0.0,0.0
129,0.3281722068786621,11844,100.0,0.0,0.0
130,0.33055734634399414,11844,100.0,0.0,0.0
134,0.34119391441345215,11844,100.0,0.0,0.0
137,0.3498837947845459,11844,100.0,0.0,0.0
140,0.35768985748291016,11844,100.0,0.0,0.0
142,0.3639824390411377,11844,100.0,0.0,0.0
143,0.3668520450592041,11844,100.0,0.0,0.0
147,0.3768911361694336,11844,100.0,0.0,0.0
149,0.3821077346801758,11844,100.0,0.0,0.0
150,0.38489413261413574,11844,100.0,0.0,0.0
155,0.397064208984375,11844,100.0,0.0,0.0
156,0.39975738525390625,11844,100.0,0.0,0.0
158,0.40491437911987305,11844,100.0,0.0,0.0
159,0.4076354503631592,11844,100.0,0.0,0.0
160,0.4099717140197754,11844,100.0,0.0,0.0
162,0.41527247428894043,11844,100.0,0.0,0.0
165,0.4211874008178711,11844,100.0,0.0,0.0
166,0.42383790016174316,11844,100.0,0.0,0.0
167,0.4266800880432129,11844,100.0,0.0,0.0
170,0.4336273670196533,11844,100.0,0.0,0.0
171,0.43671107292175293,11844,100.0,0.0,0.0
174,0.44450950622558594,11844,100.0,0.0,0.0
176,0.449613094329834,11844,100.0,0.0,0.0
177,0.4523043632507324,11844,100.0,0.0,0.0
180,0.45966362953186035,11844,100.0,0.0,0.0
187,0.4774799346923828,11844,100.0,0.0,0.0
190,0.4847571849822998,11844,100.0,0.0,0.0
191,0.48741650581359863,11844,100.0,0.0,0.0
192,0.49033212661743164,11844,100.0,0.0,0.0
194,0.49543070793151855,11844,100.0,0.0,0.0
195,0.49802088737487793,11844,100.0,0.0,0.0
197,0.5029325485229492,11844,100.0,0.0,0.0
198,0.5055451393127441,11844,100.0,0.0,0.0
199,0.5082485675811768,11844,100.0,0.0,0.0
200,0.5105648040771484,11844,100.0,0.0,0.0
203,0.5180404186248779,11844,100.0,0.0,0.0
204,0.5208394527435303,11844,100.0,0.0,0.0
205,0.5234842300415039,11844,100.0,0.0,0.0
207,0.5284395217895508,11844,100.0,0.0,0.0
210,0.535043478012085,11844,100.0,0.0,0.0
211,0.5378026962280273,11844,100.0,0.0,0.0
218,0.5549817085266113,11844,100.0,0.0,0.0
220,0.5599851608276367,11844,100.0,0.0,0.0
221,0.5635840892791748,11844,100.0,0.0,0.0
222,0.566338300704956,11844,100.0,0.0,0.0
226,0.576460599899292,11844,100.0,0.0,0.0
227,0.5792052745819092,11844,100.0,0.0,0.0
228,0.5821130275726318,11844,100.0,0.0,0.0
230,0.5869960784912109,11844,100.0,0.0,0.0
231,0.5898098945617676,11844,100.0,0.0,0.0
232,0.592738151550293,11844,100.0,0.0,0.0
233,0.5953912734985352,11844,100.0,0.0,0.0
234,0.5982637405395508,11844,100.0,0.0,0.0
239,0.6105396747589111,11844,100.0,0.0,0.0
240,0.6132609844207764,11844,100.0,0.0,0.0
242,0.6183640956878662,11844,100.0,0.0,0.0
243,0.6211061477661133,11844,100.0,0.0,0.0
245,0.6261441707611084,11844,100.0,0.0,0.0
246,0.6287877559661865,11844,100.0,0.0,0.0
247,0.6315031051635742,11844,100.0,0.0,0.0
249,0.636080265045166,11844,100.0,0.0,0.0
250,0.6388199329376221,11844,100.0,0.0,0.0
253,0.6458132266998291,11844,100.0,0.0,0.0
254,0.6485373973846436,11844,100.0,0.0,0.0
256,0.653663158416748,11844,100.0,0.0,0.0
259,0.6604712009429932,11844,100.0,0.0,0.0
260,0.6634516716003418,11844,100.0,0.0,0.0
267,0.678704023361206,11844,100.0,0.0,0.0
268,0.6813523769378662,11844,100.0,0.0,0.0
270,0.6863095760345459,11844,100.0,0.0,0.0
271,0.6891093254089355,11844,100.0,0.0,0.0
275,0.6989138126373291,11844,100.0,0.0,0.0
276,0.7015676498413086,11844,100.0,0.0,0.0
280,0.7113502025604248,11844,100.0,0.0,0.0
282,0.7164249420166016,11844,100.0,0.0,0.0
284,0.7215423583984375,11844,100.0,0.0,0.0
290,0.7363426685333252,11844,100.0,0.0,0.0
291,0.739098310470581,11844,100.0,0.0,0.0
292,0.741849422454834,11844,100.0,0.0,0.0
294,0.7470629215240479,11844,100.0,0.0,0.0
295,0.749887228012085,11844,100.0,0.0,0.0
297,0.7551779747009277,11844,100.0,0.0,0.0
300,0.7627601623535156,11844,100.0,0.0,0.0
301,0.7655220031738281,11844,100.0,0.0,0.0
306,0.7786030769348145,11844,100.0,0.0,0.0
307,0.7813892364501953,11844,100.0,0.0,0.0
309,0.7865900993347168,11844,100.0,0.0,0.0
310,0.7882018089294434,11844,100.0,0.0,0.0
311,0.7910909652709961,11844,100.0,0.0,0.0
312,0.7939772605895996,11844,100.0,0.0,0.0
313,0.7967643737792969,11844,100.0,0.0,0.0
316,0.8044214248657227,11844,100.0,0.0,0.0
317,0.8071293830871582,11844,100.0,0.0,0.0
318,0.8098576068878174,11844,100.0,0.0,0.0
319,0.812532901763916,11844,100.0,0.0,0.0
320,0.8152072429656982,11844,100.0,0.0,0.0
323,0.8219559192657471,11844,100.0,0.0,0.0
324,0.8245105743408203,11844,100.0,0.0,0.0
329,0.8358979225158691,11844,100.0,0.0,0.0
330,0.8382704257965088,11844,100.0,0.0,0.0
331,0.8409984111785889,11844,100.0,0.0,0.0
332,0.8435733318328857,11844,100.0,0.0,0.0
333,0.8463163375854492,11844,100.0,0.0,0.0
335,0.8511967658996582,11844,100.0,0.0,0.0
337,0.8562796115875244,11844,100.0,0.0,0.0
339,0.8613262176513672,11844,100.0,0.0,0.0
340,0.8640182018280029,11844,100.0,0.0,0.0
341,0.8670496940612793,11844,100.0,0.0,0.0
342,0.8700509071350098,11844,100.0,0.0,0.0
349,0.8860762119293213,11844,100.0,0.0,0.0
350,0.8875560760498047,11844,100.0,0.0,0.0
351,0.890190839767456,11844,100.0,0.0,0.0
352,0.8927628993988037,11844,100.0,0.0,0.0
353,0.8954837322235107,11844,100.0,0.0,0.0
360,0.911839485168457,11844,100.0,0.0,0.0
363,0.9194269180297852,11844,100.0,0.0,0.0
365,0.924443244934082,11844,100.0,0.0,0.0
369,0.9333505630493164,11844,100.0,0.0,0.0
370,0.9360249042510986,11844,100.0,0.0,0.0
371,0.9386601448059082,11844,100.0,0.0,0.0
372,0.9412803649902344,11844,100.0,0.0,0.0
377,0.9546051025390625,11844,100.0,0.0,0.0
378,0.9573354721069336,11844,100.0,0.0,0.0
380,0.9620480537414551,11844,100.0,0.0,0.0
383,0.9698872566223145,11844,100.0,0.0,0.0
384,0.9725627899169922,11844,100.0,0.0,0.0
386,0.9775688648223877,11844,100.0,0.0,0.0
390,0.9869537353515625,11844,100.0,0.0,0.0
393,0.9936716556549072,11844,100.0,0.0,0.0
394,0.996312141418457,11844,100.0,0.0,0.0
400,1.010453224182129,11844,100.0,0.0,0.0
405,1.0222868919372559,11844,100.0,0.0,0.0
406,1.0249581336975098,11844,100.0,0.0,0.0
407,1.0275964736938477,11844,100.0,0.0,0.0
409,1.0330028533935547,11844,100.0,0.0,0.0
410,1.0357036590576172,11844,100.0,0.0,0.0
413,1.043832540512085,11844,100.0,0.0,0.0
416,1.051543951034546,11844,100.0,0.0,0.0
418,1.0563130378723145,11844,100.0,0.0,0.0
420,1.06138277053833,11844,100.0,0.0,0.0
421,1.0641553401947021,11844,100.0,0.0,0.0
423,1.069136381149292,11844,100.0,0.0,0.0
429,1.084315299987793,11844,100.0,0.0,0.0
430,1.0871264934539795,11844,100.0,0.0,0.0
433,1.0948197841644287,11844,100.0,0.0,0.0
436,1.1022398471832275,11844,100.0,0.0,0.0
440,1.112532377243042,11844,100.0,0.0,0.0
441,1.1155004501342773,11844,100.0,0.0,0.0
446,1.1283917427062988,11844,100.0,0.0,0.0
447,1.131394624710083,11844,100.0,0.0,0.0
448,1.1342620849609375,11844,100.0,0.0,0.0
450,1.1392133235931396,11844,100.0,0.0,0.0
452,1.1447381973266602,11844,100.0,0.0,0.0
453,1.1476008892059326,11844,100.0,0.0,0.0
456,1.1547131538391113,11844,100.0,0.0,0.0
458,1.1598889827728271,11844,100.0,0.0,0.0
460,1.1649806499481201,11844,100.0,0.0,0.0
461,1.1679604053497314,11844,100.0,0.0,0.0
462,1.1709840297698975,11844,100.0,0.0,0.0
464,1.1776962280273438,11844,100.0,0.0,0.0
465,1.1814560890197754,11844,100.0,0.0,0.0
467,1.186830997467041,11844,100.0,0.0,0.0
468,1.1899034976959229,11844,100.0,0.0,0.0
470,1.1950569152832031,11844,100.0,0.0,0.0
471,1.1989998817443848,11844,100.0,0.0,0.0
472,1.2019450664520264,11844,100.0,0.0,0.0
478,1.2167878150939941,11844,100.0,0.0,0.0
479,1.2196540832519531,11844,100.0,0.0,0.0
480,1.2214689254760742,11844,100.0,0.0,0.0
481,1.2248563766479492,11844,100.0,0.0,0.0
482,1.227736234664917,11844,100.0,0.0,0.0
485,1.2345151901245117,11844,100.0,0.0,0.0
487,1.2400612831115723,11844,100.0,0.0,0.0
489,1.2453906536102295,11844,100.0,0.0,0.0
490,1.2482833862304688,11844,100.0,0.0,0.0
494,1.257991075515747,11844,100.0,0.0,0.0
496,1.2635102272033691,11844,100.0,0.0,0.0
497,1.2663369178771973,11844,100.0,0.0,0.0
498,1.2690858840942383,11844,100.0,0.0,0.0
499,1.272136926651001,11844,100.0,0.0,0.0
500,1.2756729125976562,11844,100.0,0.0,0.0
501,1.2785773277282715,11844,100.0,0.0,0.0
503,1.2845172882080078,11844,100.0,0.0,0.0
510,1.302093267440796,11844,100.0,0.0,0.0
512,1.3079698085784912,11844,100.0,0.0,0.0
514,1.3133738040924072,11844,100.0,0.0,0.0
515,1.3162429332733154,11844,100.0,0.0,0.0
520,1.329310417175293,11844,100.0,0.0,0.0
526,1.3441686630249023,11844,100.0,0.0,0.0
530,1.3531668186187744,11844,100.0,0.0,0.0
533,1.3612966537475586,11844,100.0,0.0,0.0
535,1.3669068813323975,11844,100.0,0.0,0.0
537,1.3722424507141113,11844,100.0,0.0,0.0
538,1.3749399185180664,11844,100.0,0.0,0.0
539,1.3777906894683838,11844,100.0,0.0,0.0
540,1.3805420398712158,11844,100.0,0.0,0.0
541,1.3833940029144287,11844,100.0,0.0,0.0
544,1.391115427017212,11844,100.0,0.0,0.0
548,1.4013323783874512,11844,100.0,0.0,0.0
550,1.406414270401001,11844,100.0,0.0,0.0
551,1.4091863632202148,11844,100.0,0.0,0.0
552,1.4118571281433105,11844,100.0,0.0,0.0
553,1.4145197868347168,11844,100.0,0.0,0.0
554,1.417264699935913,11844,100.0,0.0,0.0
557,1.4254307746887207,11844,100.0,0.0,0.0
558,1.4282872676849365,11844,100.0,0.0,0.0
559,1.4311909675598145,11844,100.0,0.0,0.0
560,1.4335894584655762,11844,100.0,0.0,0.0
562,1.4383840560913086,11844,100.0,0.0,0.0
567,1.45125150680542,11844,100.0,0.0,0.0
570,1.4585535526275635,11844,100.0,0.0,0.0
572,1.463958740234375,11844,100.0,0.0,0.0
573,1.46683669090271,11844,100.0,0.0,0.0
576,1.4748520851135254,11844,100.0,0.0,0.0
577,1.478085994720459,11844,100.0,0.0,0.0
579,1.4840295314788818,11844,100.0,0.0,0.0
580,1.4868357181549072,11844,100.0,0.0,0.0
581,1.489567518234253,11844,100.0,0.0,0.0
582,1.492260456085205,11844,100.0,0.0,0.0
583,1.4948420524597168,11844,100.0,0.0,0.0
586,1.5026438236236572,11844,100.0,0.0,0.0
587,1.5054676532745361,11844,100.0,0.0,0.0
590,1.5127429962158203,11844,100.0,0.0,0.0
591,1.5159499645233154,11844,100.0,0.0,0.0
599,1.535374641418457,11844,100.0,0.0,0.0
600,1.538106918334961,11844,100.0,0.0,0.0
602,1.5426948070526123,11844,100.0,0.0,0.0
603,1.5453836917877197,11844,100.0,0.0,0.0
606,1.552222728729248,11844,100.0,0.0,0.0
608,1.5578148365020752,11844,100.0,0.0,0.0
609,1.5606279373168945,11844,100.0,0.0,0.0
610,1.5634093284606934,11844,100.0,0.0,0.0
613,1.5713918209075928,11844,100.0,0.0,0.0
615,1.577601432800293,11844,100.0,0.0,0.0
616,1.5805647373199463,11844,100.0,0.0,0.0
617,1.5836081504821777,11844,100.0,0.0,0.0
619,1.5895893573760986,11844,100.0,0.0,0.0
620,1.592223882675171,11844,100.0,0.0,0.0
624,1.6028451919555664,11844,100.0,0.0,0.0
625,1.6061716079711914,11844,100.0,0.0,0.0
629,1.620765209197998,11844,100.0,0.0,0.0
630,1.624030351638794,11844,100.0,0.0,0.0
631,1.6276674270629883,11844,100.0,0.0,0.0
632,1.6306304931640625,11844,100.0,0.0,0.0
633,1.6336264610290527,11844,100.0,0.0,0.0
638,1.6474106311798096,11844,100.0,0.0,0.0
640,1.6516945362091064,11844,100.0,0.0,0.0
647,1.668076992034912,11844,100.0,0.0,0.0
650,1.6771748065948486,11844,100.0,0.0,0.0
652,1.6827318668365479,11844,100.0,0.0,0.0
655,1.6905994415283203,11844,100.0,0.0,0.0
657,1.6958329677581787,11844,100.0,0.0,0.0
658,1.698573350906372,11844,100.0,0.0,0.0
660,1.703901767730713,11844,100.0,0.0,0.0
663,1.7120227813720703,11844,100.0,0.0,0.0
664,1.7149105072021484,11844,100.0,0.0,0.0
665,1.7177963256835938,11844,100.0,0.0,0.0
667,1.723050594329834,11844,100.0,0.0,0.0
668,1.7257418632507324,11844,100.0,0.0,0.0
670,1.7308175563812256,11844,100.0,0.0,0.0
671,1.73360276222229,11844,100.0,0.0,0.0
672,1.7365458011627197,11844,100.0,0.0,0.0
673,1.7394561767578125,11844,100.0,0.0,0.0
674,1.7422051429748535,11844,100.0,0.0,0.0
675,1.7449390888214111,11844,100.0,0.0,0.0
676,1.7476701736450195,11844,100.0,0.0,0.0
678,1.753758192062378,11844,100.0,0.0,0.0
680,1.7590749263763428,11844,100.0,0.0,0.0
681,1.761772871017456,11844,100.0,0.0,0.0
682,1.764521837234497,11844,100.0,0.0,0.0
684,1.7696681022644043,11844,100.0,0.0,0.0
687,1.7766213417053223,11844,100.0,0.0,0.0
688,1.7794990539550781,11844,100.0,0.0,0.0
690,1.7841887474060059,11844,100.0,0.0,0.0
694,1.7945303916931152,11844,100.0,0.0,0.0
700,1.8084423542022705,11844,100.0,0.0,0.0
703,1.8160860538482666,11844,100.0,0.0,0.0
704,1.8187191486358643,11844,100.0,0.0,0.0
705,1.8214209079742432,11844,100.0,0.0,0.0
706,1.824026346206665,11844,100.0,0.0,0.0
709,1.8314995765686035,11844,100.0,0.0,0.0
710,1.8341820240020752,11844,100.0,0.0,0.0
712,1.8390734195709229,11844,100.0,0.0,0.0
715,1.846510887145996,11844,100.0,0.0,0.0
717,1.8516099452972412,11844,100.0,0.0,0.0
720,1.8584809303283691,11844,100.0,0.0,0.0
721,1.8612055778503418,11844,100.0,0.0,0.0
723,1.8662693500518799,11844,100.0,0.0,0.0
724,1.8689377307891846,11844,100.0,0.0,0.0
725,1.8717596530914307,11844,100.0,0.0,0.0
726,1.8750629425048828,11844,100.0,0.0,0.0
730,1.8850219249725342,11844,100.0,0.0,0.0
732,1.8894453048706055,11844,100.0,0.0,0.0
734,1.8946034908294678,11844,100.0,0.0,0.0
735,1.8972959518432617,11844,100.0,0.0,0.0
736,1.900151014328003,11844,100.0,0.0,0.0
740,1.9106605052947998,11844,100.0,0.0,0.0
741,1.9138069152832031,11844,100.0,0.0,0.0
748,1.9310896396636963,11844,100.0,0.0,0.0
749,1.9338078498840332,11844,100.0,0.0,0.0
750,1.9361226558685303,11844,100.0,0.0,0.0
752,1.941319227218628,11844,100.0,0.0,0.0
755,1.9495010375976562,11844,100.0,0.0,0.0
756,1.9525587558746338,11844,100.0,0.0,0.0
757,1.955578327178955,11844,100.0,0.0,0.0
758,1.9585590362548828,11844,100.0,0.0,0.0
760,1.963677167892456,11844,100.0,0.0,0.0
761,1.9665076732635498,11844,100.0,0.0,0.0
763,1.971757411956787,11844,100.0,0.0,0.0
764,1.9745941162109375,11844,100.0,0.0,0.0
765,1.9773170948028564,11844,100.0,0.0,0.0
766,1.9800710678100586,11844,100.0,0.0,0.0
767,1.9829423427581787,11844,100.0,0.0,0.0
768,1.9856421947479248,11844,100.0,0.0,0.0
769,1.9883599281311035,11844,100.0,0.0,0.0
770,1.990868330001831,11844,100.0,0.0,0.0
772,1.9956295490264893,11844,100.0,0.0,0.0
776,2.0061044692993164,11844,100.0,0.0,0.0
777,2.009168863296509,11844,100.0,0.0,0.0
778,2.0121541023254395,11844,100.0,0.0,0.0
780,2.015634536743164,11844,100.0,0.0,0.0
782,2.0200116634368896,11844,100.0,0.0,0.0
784,2.025103807449341,11844,100.0,0.0,0.0
787,2.033219337463379,11844,100.0,0.0,0.0
788,2.036024332046509,11844,100.0,0.0,0.0
790,2.040027141571045,11844,100.0,0.0,0.0
792,2.045175552368164,11844,100.0,0.0,0.0
794,2.0503690242767334,11844,100.0,0.0,0.0
797,2.057762861251831,11844,100.0,0.0,0.0
799,2.0631887912750244,11844,100.0,0.0,0.0
800,2.066020965576172,11844,100.0,0.0,0.0
802,2.0714643001556396,11844,100.0,0.0,0.0
803,2.0762155055999756,11844,100.0,0.0,0.0
805,2.081808090209961,11844,100.0,0.0,0.0
807,2.086939811706543,11844,100.0,0.0,0.0
808,2.0896060466766357,11844,100.0,0.0,0.0
809,2.0923163890838623,11844,100.0,0.0,0.0
810,2.095071792602539,11844,100.0,0.0,0.0
813,2.101707696914673,11844,100.0,0.0,0.0
817,2.109847068786621,11844,100.0,0.0,0.0
820,2.117105484008789,11844,100.0,0.0,0.0
821,2.1198859214782715,11844,100.0,0.0,0.0
822,2.1225085258483887,11844,100.0,0.0,0.0
824,2.1276016235351562,11844,100.0,0.0,0.0
827,2.134822368621826,11844,100.0,0.0,0.0
830,2.141814708709717,11844,100.0,0.0,0.0
834,2.151986598968506,11844,100.0,0.0,0.0
835,2.1548147201538086,11844,100.0,0.0,0.0
840,2.166764497756958,11844,100.0,0.0,0.0
841,2.1697919368743896,11844,100.0,0.0,0.0
843,2.1752681732177734,11844,100.0,0.0,0.0
844,2.1780288219451904,11844,100.0,0.0,0.0
846,2.1835711002349854,11844,100.0,0.0,0.0
850,2.193895101547241,11844,100.0,0.0,0.0
854,2.204580783843994,11844,100.0,0.0,0.0
857,2.2122538089752197,11844,100.0,0.0,0.0
858,2.2149760723114014,11844,100.0,0.0,0.0
859,2.21767258644104,11844,100.0,0.0,0.0
860,2.2204701900482178,11844,100.0,0.0,0.0
861,2.2233941555023193,11844,100.0,0.0,0.0
863,2.228703260421753,11844,100.0,0.0,0.0
864,2.23203444480896,11844,100.0,0.0,0.0
865,2.2349448204040527,11844,100.0,0.0,0.0
870,2.2476110458374023,11844,100.0,0.0,0.0
871,2.250392198562622,11844,100.0,0.0,0.0
873,2.254704475402832,11844,100.0,0.0,0.0
875,2.259781837463379,11844,100.0,0.0,0.0
878,2.267376661300659,11844,100.0,0.0,0.0
880,2.2715368270874023,11844,100.0,0.0,0.0
882,2.2768938541412354,11844,100.0,0.0,0.0
885,2.2843992710113525,11844,100.0,0.0,0.0
887,2.28951096534729,11844,100.0,0.0,0.0
890,2.29666805267334,11844,100.0,0.0,0.0
891,2.299520969390869,11844,100.0,0.0,0.0
893,2.304733991622925,11844,100.0,0.0,0.0
894,2.30741810798645,11844,100.0,0.0,0.0
897,2.3149521350860596,11844,100.0,0.0,0.0
898,2.317650079727173,11844,100.0,0.0,0.0
899,2.3206403255462646,11844,100.0,0.0,0.0
900,2.32297682762146,11844,100.0,0.0,0.0
901,2.3257343769073486,11844,100.0,0.0,0.0
902,2.3284690380096436,11844,100.0,0.0,0.0
905,2.336207866668701,11844,100.0,0.0,0.0
906,2.3390519618988037,11844,100.0,0.0,0.0
907,2.341829776763916,11844,100.0,0.0,0.0
908,2.344680070877075,11844,100.0,0.0,0.0
909,2.3474090099334717,11844,100.0,0.0,0.0
910,2.350187063217163,11844,100.0,0.0,0.0
915,2.3628759384155273,11844,100.0,0.0,0.0
916,2.3656208515167236,11844,100.0,0.0,0.0
920,2.3751816749572754,11844,100.0,0.0,0.0
922,2.3795723915100098,11844,100.0,0.0,0.0
924,2.3847134113311768,11844,100.0,0.0,0.0
927,2.3924131393432617,11844,100.0,0.0,0.0
930,2.400373697280884,11844,100.0,0.0,0.0
931,2.403527021408081,11844,100.0,0.0,0.0
932,2.406296968460083,11844,100.0,0.0,0.0
933,2.4095027446746826,11844,100.0,0.0,0.0
935,2.4161760807037354,11844,100.0,0.0,0.0
936,2.4194998741149902,11844,100.0,0.0,0.0
938,2.425093173980713,11844,100.0,0.0,0.0
940,2.4311654567718506,11844,100.0,0.0,0.0
942,2.43595552444458,11844,100.0,0.0,0.0
943,2.4388110637664795,11844,100.0,0.0,0.0
945,2.443483591079712,11844,100.0,0.0,0.0
950,2.4541194438934326,11844,100.0,0.0,0.0
952,2.459185838699341,11844,100.0,0.0,0.0
953,2.4627530574798584,11844,100.0,0.0,0.0
954,2.4657018184661865,11844,100.0,0.0,0.0
955,2.4685463905334473,11844,100.0,0.0,0.0
956,2.4723761081695557,11844,100.0,0.0,0.0
958,2.4798669815063477,11844,100.0,0.0,0.0
960,2.485999822616577,11844,100.0,0.0,0.0
967,2.5022470951080322,11844,100.0,0.0,0.0
970,2.5094871520996094,11844,100.0,0.0,0.0
971,2.5124664306640625,11844,100.0,0.0,0.0
972,2.516136884689331,11844,100.0,0.0,0.0
974,2.5215559005737305,11844,100.0,0.0,0.0
975,2.5243606567382812,11844,100.0,0.0,0.0
976,2.527015209197998,11844,100.0,0.0,0.0
978,2.531392812728882,11844,100.0,0.0,0.0
979,2.534106969833374,11844,100.0,0.0,0.0
980,2.536543130874634,11844,100.0,0.0,0.0
986,2.5508792400360107,11844,100.0,0.0,0.0
987,2.5536892414093018,11844,100.0,0.0,0.0
990,2.561065196990967,11844,100.0,0.0,0.0
991,2.5639455318450928,11844,100.0,0.0,0.0
992,2.566826343536377,11844,100.0,0.0,0.0
996,2.5770089626312256,11844,100.0,0.0,0.0
999,2.5843164920806885,11844,100.0,0.0,0.0
1000,2.585999011993408,11844,100.0,0.0,0.0
1001,2.5888445377349854,11844,100.0,0.0,0.0
1002,2.5916647911071777,11844,100.0,0.0,0.0
1003,2.5945026874542236,11844,100.0,0.0,0.0
1005,2.5988919734954834,11844,100.0,0.0,0.0
1010,2.608278751373291,11844,100.0,0.0,0.0
1012,2.6127126216888428,11844,100.0,0.0,0.0
1016,2.6218652725219727,11844,100.0,0.0,0.0
1017,2.62510347366333,11844,100.0,0.0,0.0
1020,2.6327216625213623,11844,100.0,0.0,0.0
1026,2.6495888233184814,11844,100.0,0.0,0.0
1028,2.6542720794677734,11844,100.0,0.0,0.0
1029,2.6569151878356934,11844,100.0,0.0,0.0
1030,2.659695863723755,11844,100.0,0.0,0.0
1032,2.664870500564575,11844,100.0,0.0,0.0
1033,2.667665481567383,11844,100.0,0.0,0.0
1037,2.6770694255828857,11844,100.0,0.0,0.0
1038,2.6798181533813477,11844,100.0,0.0,0.0
1039,2.6828746795654297,11844,100.0,0.0,0.0
1040,2.68593430519104,11844,100.0,0.0,0.0
1042,2.691145658493042,11844,100.0,0.0,0.0
1044,2.6962578296661377,11844,100.0,0.0,0.0
1045,2.6988518238067627,11844,100.0,0.0,0.0
1050,2.7100331783294678,11844,100.0,0.0,0.0
1051,2.7128567695617676,11844,100.0,0.0,0.0
1052,2.7155582904815674,11844,100.0,0.0,0.0
1057,2.728327512741089,11844,100.0,0.0,0.0
1060,2.73577618598938,11844,100.0,0.0,0.0
1062,2.740983009338379,11844,100.0,0.0,0.0
1067,2.7531356811523438,11844,100.0,0.0,0.0
1070,2.7605459690093994,11844,100.0,0.0,0.0
1071,2.763324499130249,11844,100.0,0.0,0.0
1075,2.7732834815979004,11844,100.0,0.0,0.0
1077,2.7790281772613525,11844,100.0,0.0,0.0
1078,2.782191753387451,11844,100.0,0.0,0.0
1079,2.7850329875946045,11844,100.0,0.0,0.0
1080,2.787870168685913,11844,100.0,0.0,0.0
1083,2.7956392765045166,11844,100.0,0.0,0.0
1086,2.80320405960083,11844,100.0,0.0,0.0
1088,2.807525157928467,11844,100.0,0.0,0.0
1090,2.812192678451538,11844,100.0,0.0,0.0
1092,2.817286491394043,11844,100.0,0.0,0.0
1095,2.824636936187744,11844,100.0,0.0,0.0
1096,2.8275790214538574,11844,100.0,0.0,0.0
1098,2.832723379135132,11844,100.0,0.0,0.0
1099,2.8357865810394287,11844,100.0,0.0,0.0
1100,2.838317394256592,11844,100.0,0.0,0.0
1106,2.8526246547698975,11844,100.0,0.0,0.0
1110,2.8629751205444336,11844,100.0,0.0,0.0
1114,2.8730504512786865,11844,100.0,0.0,0.0
1115,2.875833034515381,11844,100.0,0.0,0.0
1116,2.8785347938537598,11844,100.0,0.0,0.0
1120,2.8883349895477295,11844,100.0,0.0,0.0
1122,2.8936593532562256,11844,100.0,0.0,0.0
1124,2.8988311290740967,11844,100.0,0.0,0.0
1125,2.9015610218048096,11844,100.0,0.0,0.0
1127,2.9066991806030273,11844,100.0,0.0,0.0
1128,2.9095075130462646,11844,100.0,0.0,0.0
1130,2.9143612384796143,11844,100.0,0.0,0.0
1132,2.919705867767334,11844,100.0,0.0,0.0
1133,2.9223952293395996,11844,100.0,0.0,0.0
1134,2.925065279006958,11844,100.0,0.0,0.0
1136,2.9301297664642334,11844,100.0,0.0,0.0
1137,2.932894468307495,11844,100.0,0.0,0.0
1140,2.940380096435547,11844,100.0,0.0,0.0
1141,2.943159341812134,11844,100.0,0.0,0.0
1146,2.9556214809417725,11844,100.0,0.0,0.0
1150,2.9651453495025635,11844,100.0,0.0,0.0
1154,2.9753029346466064,11844,100.0,0.0,0.0
1157,2.9825925827026367,11844,100.0,0.0,0.0
1158,2.9852187633514404,11844,100.0,0.0,0.0
1160,2.989081859588623,11844,100.0,0.0,0.0
1161,2.9923031330108643,11844,100.0,0.0,0.0
1167,3.0087413787841797,11844,100.0,0.0,0.0
1170,3.016583204269409,11844,100.0,0.0,0.0
1171,3.019965171813965,11844,100.0,0.0,0.0
1172,3.0229530334472656,11844,100.0,0.0,0.0
1173,3.026244878768921,11844,100.0,0.0,0.0
1175,3.0319581031799316,11844,100.0,0.0,0.0
1177,3.0375354290008545,11844,100.0,0.0,0.0
1178,3.040492296218872,11844,100.0,0.0,0.0
1180,3.0449581146240234,11844,100.0,0.0,0.0
1184,3.0558929443359375,11844,100.0,0.0,0.0
1185,3.0593910217285156,11844,100.0,0.0,0.0
1186,3.062620162963867,11844,100.0,0.0,0.0
1190,3.072509288787842,11844,100.0,0.0,0.0
1197,3.0892155170440674,11844,100.0,0.0,0.0
1198,3.09199857711792,11844,100.0,0.0,0.0
1199,3.094679832458496,11844,100.0,0.0,0.0
1200,3.097062110900879,11844,100.0,0.0,0.0
1202,3.101663589477539,11844,100.0,0.0,0.0
1206,3.112217664718628,11844,100.0,0.0,0.0
1209,3.120033025741577,11844,100.0,0.0,0.0
1210,3.122347593307495,11844,100.0,0.0,0.0
1215,3.1347033977508545,11844,100.0,0.0,0.0
1217,3.139031410217285,11844,100.0,0.0,0.0
1220,3.1460821628570557,11844,100.0,0.0,0.0
1222,3.151209831237793,11844,100.0,0.0,0.0
1223,3.1539993286132812,11844,100.0,0.0,0.0
1225,3.1601243019104004,11844,100.0,0.0,0.0
1226,3.1630074977874756,11844,100.0,0.0,0.0
1228,3.1688718795776367,11844,100.0,0.0,0.0
1230,3.174734354019165,11844,100.0,0.0,0.0
1231,3.1777708530426025,11844,100.0,0.0,0.0
1232,3.1811556816101074,11844,100.0,0.0,0.0
1234,3.186251401901245,11844,100.0,0.0,0.0
1237,3.193908929824829,11844,100.0,0.0,0.0
1239,3.1996986865997314,11844,100.0,0.0,0.0
1240,3.2021124362945557,11844,100.0,0.0,0.0
1243,3.210780143737793,11844,100.0,0.0,0.0
1245,3.216876745223999,11844,100.0,0.0,0.0
1250,3.2290842533111572,11844,100.0,0.0,0.0
1256,3.245924234390259,11844,100.0,0.0,0.0
1257,3.2488512992858887,11844,100.0,0.0,0.0
1258,3.2517426013946533,11844,100.0,0.0,0.0
1259,3.2551214694976807,11844,100.0,0.0,0.0
1260,3.2584054470062256,11844,100.0,0.0,0.0
1261,3.26131010055542,11844,100.0,0.0,0.0
1264,3.26911997795105,11844,100.0,0.0,0.0
1266,3.2746164798736572,11844,100.0,0.0,0.0
1268,3.279243230819702,11844,100.0,0.0,0.0
1269,3.2819979190826416,11844,100.0,0.0,0.0
1270,3.28486704826355,11844,100.0,0.0,0.0
1273,3.2928597927093506,11844,100.0,0.0,0.0
1276,3.300476312637329,11844,100.0,0.0,0.0
1278,3.3070037364959717,11844,100.0,0.0,0.0
1280,3.3123085498809814,11844,100.0,0.0,0.0
1282,3.3180015087127686,11844,100.0,0.0,0.0
1283,3.3217928409576416,11844,100.0,0.0,0.0
1286,3.329167604446411,11844,100.0,0.0,0.0
1287,3.3319125175476074,11844,100.0,0.0,0.0
1289,3.337252378463745,11844,100.0,0.0,0.0
1290,3.340043544769287,11844,100.0,0.0,0.0
1293,3.3482882976531982,11844,100.0,0.0,0.0
1294,3.3512980937957764,11844,100.0,0.0,0.0
1295,3.3544771671295166,11844,100.0,0.0,0.0
1297,3.360220193862915,11844,100.0,0.0,0.0
1298,3.3630895614624023,11844,100.0,0.0,0.0
1300,3.3674819469451904,11844,100.0,0.0,0.0
1301,3.3705570697784424,11844,100.0,0.0,0.0
1306,3.3839356899261475,11844,100.0,0.0,0.0
1307,3.3868608474731445,11844,100.0,0.0,0.0
1310,3.3951327800750732,11844,100.0,0.0,0.0
1311,3.3981871604919434,11844,100.0,0.0,0.0
1313,3.4034461975097656,11844,100.0,0.0,0.0
1314,3.406261444091797,11844,100.0,0.0,0.0
1315,3.409041404724121,11844,100.0,0.0,0.0
1316,3.4118802547454834,11844,100.0,0.0,0.0
1318,3.4176409244537354,11844,100.0,0.0,0.0
1319,3.4205281734466553,11844,100.0,0.0,0.0
1320,3.4231531620025635,11844,100.0,0.0,0.0
1321,3.4260807037353516,11844,100.0,0.0,0.0
1324,3.4338738918304443,11844,100.0,0.0,0.0
1325,3.436763286590576,11844,100.0,0.0,0.0
1327,3.4420602321624756,11844,100.0,0.0,0.0
1330,3.4478840827941895,11844,100.0,0.0,0.0
1331,3.450665235519409,11844,100.0,0.0,0.0
1332,3.4535634517669678,11844,100.0,0.0,0.0
1334,3.458885431289673,11844,100.0,0.0,0.0
1335,3.46213436126709,11844,100.0,0.0,0.0
1336,3.4649834632873535,11844,100.0,0.0,0.0
1337,3.467759847640991,11844,100.0,0.0,0.0
1338,3.4706006050109863,11844,100.0,0.0,0.0
1340,3.4758379459381104,11844,100.0,0.0,0.0
1341,3.4795563220977783,11844,100.0,0.0,0.0
1348,3.4981563091278076,11844,100.0,0.0,0.0
1350,3.503699779510498,11844,100.0,0.0,0.0
1351,3.506749153137207,11844,100.0,0.0,0.0
1352,3.5097262859344482,11844,100.0,0.0,0.0
1353,3.5126614570617676,11844,100.0,0.0,0.0
1355,3.518120527267456,11844,100.0,0.0,0.0
1359,3.5288188457489014,11844,100.0,0.0,0.0
1360,3.5317039489746094,11844,100.0,0.0,0.0
1361,3.5346016883850098,11844,100.0,0.0,0.0
1363,3.542140245437622,11844,100.0,0.0,0.0
1364,3.54518985748291,11844,100.0,0.0,0.0
1367,3.5543437004089355,11844,100.0,0.0,0.0
1370,3.562764883041382,11844,100.0,0.0,0.0
1372,3.5684430599212646,11844,100.0,0.0,0.0
1373,3.5725927352905273,11844,100.0,0.0,0.0
1374,3.5757336616516113,11844,100.0,0.0,0.0
1377,3.5845024585723877,11844,100.0,0.0,0.0
1380,3.591567277908325,11844,100.0,0.0,0.0
1386,3.6147029399871826,11844,100.0,0.0,0.0
1390,3.624673366546631,11844,100.0,0.0,0.0
1391,3.6276695728302,11844,100.0,0.0,0.0
1392,3.630403757095337,11844,100.0,0.0,0.0
1393,3.6332099437713623,11844,100.0,0.0,0.0
1394,3.6359591484069824,11844,100.0,0.0,0.0
1396,3.6412956714630127,11844,100.0,0.0,0.0
1399,3.6478652954101562,11844,100.0,0.0,0.0
1400,3.651022434234619,11844,100.0,0.0,0.0
1401,3.653822898864746,11844,100.0,0.0,0.0
1402,3.6566498279571533,11844,100.0,0.0,0.0
1403,3.660101890563965,11844,100.0,0.0,0.0
1405,3.6654999256134033,11844,100.0,0.0,0.0
1407,3.6710455417633057,11844,100.0,0.0,0.0
1410,3.678861141204834,11844,100.0,0.0,0.0
1412,3.6842398643493652,11844,100.0,0.0,0.0
1413,3.687295913696289,11844,100.0,0.0,0.0
1414,3.6900792121887207,11844,100.0,0.0,0.0
1415,3.692997694015503,11844,100.0,0.0,0.0
1417,3.6973822116851807,11844,100.0,0.0,0.0
1420,3.7039875984191895,11844,100.0,0.0,0.0
1422,3.709559202194214,11844,100.0,0.0,0.0
1425,3.719155788421631,11844,100.0,0.0,0.0
1427,3.725310802459717,11844,100.0,0.0,0.0
1429,3.7305679321289062,11844,100.0,0.0,0.0
1430,3.7333006858825684,11844,100.0,0.0,0.0
1432,3.738652467727661,11844,100.0,0.0,0.0
1433,3.7414753437042236,11844,100.0,0.0,0.0
1435,3.7467172145843506,11844,100.0,0.0,0.0
1436,3.7494940757751465,11844,100.0,0.0,0.0
1440,3.7581379413604736,11844,100.0,0.0,0.0
1444,3.770439624786377,11844,100.0,0.0,0.0
1445,3.773361921310425,11844,100.0,0.0,0.0
1446,3.776163339614868,11844,100.0,0.0,0.0
1447,3.779036521911621,11844,100.0,0.0,0.0
1450,3.7869670391082764,11844,100.0,0.0,0.0
1451,3.789869785308838,11844,100.0,0.0,0.0
1454,3.7988739013671875,11844,100.0,0.0,0.0
1456,3.8044326305389404,11844,100.0,0.0,0.0
1460,3.813876152038574,11844,100.0,0.0,0.0
1462,3.81901216506958,11844,100.0,0.0,0.0
1464,3.8242948055267334,11844,100.0,0.0,0.0
1469,3.837428569793701,11844,100.0,0.0,0.0
1470,3.8398118019104004,11844,100.0,0.0,0.0
1474,3.8488988876342773,11844,100.0,0.0,0.0
1480,3.8640685081481934,11844,100.0,0.0,0.0
1481,3.86698317527771,11844,100.0,0.0,0.0
1484,3.8747055530548096,11844,100.0,0.0,0.0
1487,3.884060859680176,11844,100.0,0.0,0.0
1489,3.8893048763275146,11844,100.0,0.0,0.0
1490,3.8916563987731934,11844,100.0,0.0,0.0
1494,3.902602195739746,11844,100.0,0.0,0.0
1495,3.9053473472595215,11844,100.0,0.0,0.0
1497,3.909759521484375,11844,100.0,0.0,0.0
1500,3.917869806289673,11844,100.0,0.0,0.0
1501,3.9207074642181396,11844,100.0,0.0,0.0
1503,3.926050901412964,11844,100.0,0.0,0.0
1504,3.928750514984131,11844,100.0,0.0,0.0
1506,3.9337387084960938,11844,100.0,0.0,0.0
1508,3.9393351078033447,11844,100.0,0.0,0.0
1510,3.944837808609009,11844,100.0,0.0,0.0
1513,3.9530932903289795,11844,100.0,0.0,0.0
1515,3.9594779014587402,11844,100.0,0.0,0.0
1520,3.9706196784973145,11844,100.0,0.0,0.0
1521,3.9746205806732178,11844,100.0,0.0,0.0
1522,3.9776415824890137,11844,100.0,0.0,0.0
1523,3.9808003902435303,11844,100.0,0.0,0.0
1524,3.983795404434204,11844,100.0,0.0,0.0
1525,3.9866745471954346,11844,100.0,0.0,0.0
1527,3.992591142654419,11844,100.0,0.0,0.0
1528,3.995612144470215,11844,100.0,0.0,0.0
1529,3.998765230178833,11844,100.0,0.0,0.0
1530,4.001621246337891,11844,100.0,0.0,0.0
1531,4.004723787307739,11844,100.0,0.0,0.0
1532,4.007962942123413,11844,100.0,0.0,0.0
1534,4.0150837898254395,11844,100.0,0.0,0.0
1535,4.018677711486816,11844,100.0,0.0,0.0
1536,4.02212929725647,11844,100.0,0.0,0.0
1539,4.030587673187256,11844,100.0,0.0,0.0
1540,4.033136367797852,11844,100.0,0.0,0.0
1542,4.0381364822387695,11844,100.0,0.0,0.0
1543,4.041242837905884,11844,100.0,0.0,0.0
1547,4.0524632930755615,11844,100.0,0.0,0.0
1548,4.055429697036743,11844,100.0,0.0,0.0
1549,4.058428764343262,11844,100.0,0.0,0.0
1550,4.060476064682007,11844,100.0,0.0,0.0
1552,4.066422700881958,11844,100.0,0.0,0.0
1553,4.069467306137085,11844,100.0,0.0,0.0
1555,4.07458758354187,11844,100.0,0.0,0.0
1559,4.0877134799957275,11844,100.0,0.0,0.0
1560,4.090314865112305,11844,100.0,0.0,0.0
1567,4.109171628952026,11844,100.0,0.0,0.0
1570,4.115505218505859,11844,100.0,0.0,0.0
1571,4.118525981903076,11844,100.0,0.0,0.0
1574,4.126216888427734,11844,100.0,0.0,0.0
1575,4.12903904914856,11844,100.0,0.0,0.0
1578,4.136732578277588,11844,100.0,0.0,0.0
1580,4.141986131668091,11844,100.0,0.0,0.0
1581,4.145193576812744,11844,100.0,0.0,0.0
1584,4.153254985809326,11844,100.0,0.0,0.0
1589,4.167018413543701,11844,100.0,0.0,0.0
1590,4.169433116912842,11844,100.0,0.0,0.0
1591,4.172327995300293,11844,100.0,0.0,0.0
1592,4.175120115280151,11844,100.0,0.0,0.0
1593,4.177991151809692,11844,100.0,0.0,0.0
1596,4.185887336730957,11844,100.0,0.0,0.0
1597,4.18874192237854,11844,100.0,0.0,0.0
1599,4.194960117340088,11844,100.0,0.0,0.0
1600,4.198297023773193,11844,100.0,0.0,0.0
1602,4.2029709815979,11844,100.0,0.0,0.0
1603,4.205770492553711,11844,100.0,0.0,0.0
1606,4.2137298583984375,11844,100.0,0.0,0.0
1610,4.224394798278809,11844,100.0,0.0,0.0
1615,4.236476898193359,11844,100.0,0.0,0.0
1617,4.241015434265137,11844,100.0,0.0,0.0
1618,4.244513988494873,11844,100.0,0.0,0.0
1620,4.250377655029297,11844,100.0,0.0,0.0
1622,4.255900144577026,11844,100.0,0.0,0.0
1623,4.258652448654175,11844,100.0,0.0,0.0
1624,4.261476039886475,11844,100.0,0.0,0.0
1625,4.264346599578857,11844,100.0,0.0,0.0
1628,4.272303581237793,11844,100.0,0.0,0.0
1630,4.276871919631958,11844,100.0,0.0,0.0
1633,4.283709764480591,11844,100.0,0.0,0.0
1636,4.2919557094573975,11844,100.0,0.0,0.0
1638,4.297935962677002,11844,100.0,0.0,0.0
1640,4.303378343582153,11844,100.0,0.0,0.0
1641,4.306125164031982,11844,100.0,0.0,0.0
1642,4.308916807174683,11844,100.0,0.0,0.0
1643,4.312397241592407,11844,100.0,0.0,0.0
1646,4.320785760879517,11844,100.0,0.0,0.0
1648,4.326182842254639,11844,100.0,0.0,0.0
1650,4.330259084701538,11844,100.0,0.0,0.0
1653,4.33841347694397,11844,100.0,0.0,0.0
1657,4.34795880317688,11844,100.0,0.0,0.0
1660,4.355470895767212,11844,100.0,0.0,0.0
1664,4.366371154785156,11844,100.0,0.0,0.0
1666,4.371604681015015,11844,100.0,0.0,0.0
1667,4.374636173248291,11844,100.0,0.0,0.0
1669,4.379887580871582,11844,100.0,0.0,0.0
1670,4.38278865814209,11844,100.0,0.0,0.0
1672,4.388363838195801,11844,100.0,0.0,0.0
1673,4.3911943435668945,11844,100.0,0.0,0.0
1675,4.3967554569244385,11844,100.0,0.0,0.0
1676,4.399608850479126,11844,100.0,0.0,0.0
1680,4.409260034561157,11844,100.0,0.0,0.0
1684,4.419064998626709,11844,100.0,0.0,0.0
1686,4.423645496368408,11844,100.0,0.0,0.0
1690,4.4333062171936035,11844,100.0,0.0,0.0
1692,4.437753677368164,11844,100.0,0.0,0.0
1699,4.454153776168823,11844,100.0,0.0,0.0
1700,4.456889629364014,11844,100.0,0.0,0.0
1701,4.459605693817139,11844,100.0,0.0,0.0
1705,4.468996524810791,11844,100.0,0.0,0.0
1706,4.471785068511963,11844,100.0,0.0,0.0
1710,4.481420516967773,11844,100.0,0.0,0.0
1712,4.486902236938477,11844,100.0,0.0,0.0
1714,4.49241304397583,11844,100.0,0.0,0.0
1717,4.500253677368164,11844,100.0,0.0,0.0
1718,4.502992391586304,11844,100.0,0.0,0.0
1720,4.508067607879639,11844,100.0,0.0,0.0
1722,4.513434886932373,11844,100.0,0.0,0.0
1723,4.516369581222534,11844,100.0,0.0,0.0
1724,4.5191874504089355,11844,100.0,0.0,0.0
1727,4.526132583618164,11844,100.0,0.0,0.0
1730,4.532572507858276,11844,100.0,0.0,0.0
1736,4.547734260559082,11844,100.0,0.0,0.0
1738,4.5533246994018555,11844,100.0,0.0,0.0
1740,4.558781623840332,11844,100.0,0.0,0.0
1741,4.5616302490234375,11844,100.0,0.0,0.0
1742,4.564605474472046,11844,100.0,0.0,0.0
1744,4.570049285888672,11844,100.0,0.0,0.0
1745,4.572887897491455,11844,100.0,0.0,0.0
1748,4.580796957015991,11844,100.0,0.0,0.0
1750,4.586071252822876,11844,100.0,0.0,0.0
1751,4.589008569717407,11844,100.0,0.0,0.0
1754,4.596110105514526,11844,100.0,0.0,0.0
1760,4.6113667488098145,11844,100.0,0.0,0.0
1761,4.614070415496826,11844,100.0,0.0,0.0
1762,4.61690092086792,11844,100.0,0.0,0.0
1764,4.621344566345215,11844,100.0,0.0,0.0
1768,4.630454778671265,11844,100.0,0.0,0.0
1769,4.633288145065308,11844,100.0,0.0,0.0
1770,4.635693550109863,11844,100.0,0.0,0.0
1771,4.638650417327881,11844,100.0,0.0,0.0
1772,4.641387224197388,11844,100.0,0.0,0.0
1775,4.6491758823394775,11844,100.0,0.0,0.0
1777,4.6540937423706055,11844,100.0,0.0,0.0
1780,4.6615049839019775,11844,100.0,0.0,0.0
1781,4.66434907913208,11844,100.0,0.0,0.0
1782,4.667133331298828,11844,100.0,0.0,0.0
1786,4.677797317504883,11844,100.0,0.0,0.0
1789,4.683675289154053,11844,100.0,0.0,0.0
1790,4.686053991317749,11844,100.0,0.0,0.0
1792,4.690326452255249,11844,100.0,0.0,0.0
1794,4.695801496505737,11844,100.0,0.0,0.0
1798,4.7057130336761475,11844,100.0,0.0,0.0
1800,4.7108049392700195,11844,100.0,0.0,0.0
1804,4.721314907073975,11844,100.0,0.0,0.0
1807,4.728937864303589,11844,100.0,0.0,0.0
1810,4.7363505363464355,11844,100.0,0.0,0.0
1812,4.741333723068237,11844,100.0,0.0,0.0
1813,4.743977785110474,11844,100.0,0.0,0.0
1815,4.748968124389648,11844,100.0,0.0,0.0
1816,4.75178861618042,11844,100.0,0.0,0.0
1817,4.7545294761657715,11844,100.0,0.0,0.0
1818,4.757423639297485,11844,100.0,0.0,0.0
1819,4.760122060775757,11844,100.0,0.0,0.0
1820,4.762446880340576,11844,100.0,0.0,0.0
1823,4.769470691680908,11844,100.0,0.0,0.0
1824,4.772218704223633,11844,100.0,0.0,0.0
1827,4.779785871505737,11844,100.0,0.0,0.0
1830,4.7876763343811035,11844,100.0,0.0,0.0
1833,4.795669794082642,11844,100.0,0.0,0.0
1838,4.807549953460693,11844,100.0,0.0,0.0
1840,4.811497449874878,11844,100.0,0.0,0.0
1842,4.816971778869629,11844,100.0,0.0,0.0
1844,4.822168588638306,11844,100.0,0.0,0.0
1845,4.8248796463012695,11844,100.0,0.0,0.0
1847,4.8299267292022705,11844,100.0,0.0,0.0
1848,4.83275842666626,11844,100.0,0.0,0.0
1849,4.835727691650391,11844,100.0,0.0,0.0
1850,4.838158845901489,11844,100.0,0.0,0.0
1854,4.847747802734375,11844,100.0,0.0,0.0
1855,4.8504250049591064,11844,100.0,0.0,0.0
1857,4.855511903762817,11844,100.0,0.0,0.0
1858,4.858216285705566,11844,100.0,0.0,0.0
1859,4.860928297042847,11844,100.0,0.0,0.0
1860,4.8633153438568115,11844,100.0,0.0,0.0
1861,4.866124391555786,11844,100.0,0.0,0.0
1866,4.878323554992676,11844,100.0,0.0,0.0
1868,4.883629322052002,11844,100.0,0.0,0.0
1870,4.888471603393555,11844,100.0,0.0,0.0
1874,4.899089097976685,11844,100.0,0.0,0.0
1875,4.901797771453857,11844,100.0,0.0,0.0
1880,4.913895845413208,11844,100.0,0.0,0.0
1881,4.916980028152466,11844,100.0,0.0,0.0
1885,4.927868604660034,11844,100.0,0.0,0.0
1888,4.935960054397583,11844,100.0,0.0,0.0
1889,4.938689708709717,11844,100.0,0.0,0.0
1890,4.9414427280426025,11844,100.0,0.0,0.0
1893,4.949125051498413,11844,100.0,0.0,0.0
1894,4.952022075653076,11844,100.0,0.0,0.0
1900,4.965057134628296,11844,100.0,0.0,0.0
1903,4.972728729248047,11844,100.0,0.0,0.0
1908,4.9837563037872314,11844,100.0,0.0,0.0
1909,4.986437797546387,11844,100.0,0.0,0.0
1910,4.988179445266724,11844,100.0,0.0,0.0
1913,4.996953248977661,11844,100.0,0.0,0.0
1914,4.999837398529053,11844,100.0,0.0,0.0
1916,5.005243301391602,11844,100.0,0.0,0.0
1917,5.007908582687378,11844,100.0,0.0,0.0
1920,5.0165698528289795,11844,100.0,0.0,0.0
1921,5.019502639770508,11844,100.0,0.0,0.0
1923,5.025426149368286,11844,100.0,0.0,0.0
1927,5.035307884216309,11844,100.0,0.0,0.0
1930,5.043341636657715,11844,100.0,0.0,0.0
1932,5.04794716835022,11844,100.0,0.0,0.0
1933,5.05073618888855,11844,100.0,0.0,0.0
1935,5.056985378265381,11844,100.0,0.0,0.0
1938,5.065877676010132,11844,100.0,0.0,0.0
1940,5.070459604263306,11844,100.0,0.0,0.0
1948,5.08944845199585,11844,100.0,0.0,0.0
1950,5.093541383743286,11844,100.0,0.0,0.0
1951,5.096484661102295,11844,100.0,0.0,0.0
1955,5.107093572616577,11844,100.0,0.0,0.0
1956,5.110034465789795,11844,100.0,0.0,0.0
1959,5.118077039718628,11844,100.0,0.0,0.0
1960,5.120500564575195,11844,100.0,0.0,0.0
1965,5.132783889770508,11844,100.0,0.0,0.0
1966,5.135492324829102,11844,100.0,0.0,0.0
1967,5.1382763385772705,11844,100.0,0.0,0.0
1969,5.143710374832153,11844,100.0,0.0,0.0
1970,5.146255731582642,11844,100.0,0.0,0.0
1973,5.154396295547485,11844,100.0,0.0,0.0
1974,5.157254219055176,11844,100.0,0.0,0.0
1976,5.162474632263184,11844,100.0,0.0,0.0
1979,5.170540809631348,11844,100.0,0.0,0.0
1980,5.173385381698608,11844,100.0,0.0,0.0
1982,5.177693843841553,11844,100.0,0.0,0.0
1986,5.187890291213989,11844,100.0,0.0,0.0
1990,5.201308012008667,11844,100.0,0.0,0.0
1992,5.208103179931641,11844,100.0,0.0,0.0
1994,5.213531970977783,11844,100.0,0.0,0.0
1997,5.221605539321899,11844,100.0,0.0,0.0
2000,5.229833126068115,11844,100.0,0.0,0.0
2003,5.2382776737213135,11844,100.0,0.0,0.0
2004,5.241208076477051,11844,100.0,0.0,0.0
2005,5.244394063949585,11844,100.0,0.0,0.0
2009,5.254704475402832,11844,100.0,0.0,0.0
2010,5.257548093795776,11844,100.0,0.0,0.0
2015,5.27030611038208,11844,100.0,0.0,0.0
2016,5.273254632949829,11844,100.0,0.0,0.0
2018,5.27852725982666,11844,100.0,0.0,0.0
2019,5.281253337860107,11844,100.0,0.0,0.0
2020,5.2837066650390625,11844,100.0,0.0,0.0
2024,5.2930803298950195,11844,100.0,0.0,0.0
2026,5.298588514328003,11844,100.0,0.0,0.0
2028,5.303968667984009,11844,100.0,0.0,0.0
2030,5.3091301918029785,11844,100.0,0.0,0.0
2035,5.322129487991333,11844,100.0,0.0,0.0
2038,5.329851388931274,11844,100.0,0.0,0.0
2039,5.3326427936553955,11844,100.0,0.0,0.0
2040,5.334971904754639,11844,100.0,0.0,0.0
2045,5.348653554916382,11844,100.0,0.0,0.0
2046,5.35148549079895,11844,100.0,0.0,0.0
2049,5.360559463500977,11844,100.0,0.0,0.0
2050,5.363087177276611,11844,100.0,0.0,0.0
2053,5.3732757568359375,11844,100.0,0.0,0.0
2055,5.3787548542022705,11844,100.0,0.0,0.0
2056,5.381608247756958,11844,100.0,0.0,0.0
2060,5.390848875045776,11844,100.0,0.0,0.0
2064,5.400793552398682,11844,100.0,0.0,0.0
2065,5.403615713119507,11844,100.0,0.0,0.0
2066,5.406432867050171,11844,100.0,0.0,0.0
2070,5.417017936706543,11844,100.0,0.0,0.0
2073,5.428050518035889,11844,100.0,0.0,0.0
2074,5.432012319564819,11844,100.0,0.0,0.0
2076,5.437658309936523,11844,100.0,0.0,0.0
2077,5.440566062927246,11844,100.0,0.0,0.0
2079,5.446929693222046,11844,100.0,0.0,0.0
2080,5.450444221496582,11844,100.0,0.0,0.0
2087,5.480642318725586,11844,100.0,0.0,0.0
2090,5.488143682479858,11844,100.0,0.0,0.0
2093,5.498850345611572,11844,100.0,0.0,0.0
2096,5.511678218841553,11844,100.0,0.0,0.0
2099,5.5192036628723145,11844,100.0,0.0,0.0
2100,5.5215959548950195,11844,100.0,0.0,0.0
2101,5.524381875991821,11844,100.0,0.0,0.0
2102,5.527087688446045,11844,100.0,0.0,0.0
2108,5.540637731552124,11844,100.0,0.0,0.0
2110,5.545411109924316,11844,100.0,0.0,0.0
2113,5.551527500152588,11844,100.0,0.0,0.0
2115,5.5569658279418945,11844,100.0,0.0,0.0
2118,5.563952207565308,11844,100.0,0.0,0.0
2120,5.568557977676392,11844,100.0,0.0,0.0
2123,5.576183080673218,11844,100.0,0.0,0.0
2127,5.586354494094849,11844,100.0,0.0,0.0
2129,5.591495752334595,11844,100.0,0.0,0.0
2130,5.593116998672485,11844,100.0,0.0,0.0
2131,5.596073627471924,11844,100.0,0.0,0.0
2135,5.606101989746094,11844,100.0,0.0,0.0
2136,5.608777046203613,11844,100.0,0.0,0.0
2137,5.611481666564941,11844,100.0,0.0,0.0
2138,5.6140806674957275,11844,100.0,0.0,0.0
2140,5.61875581741333,11844,100.0,0.0,0.0
2143,5.626262664794922,11844,100.0,0.0,0.0
2144,5.628872632980347,11844,100.0,0.0,0.0
2150,5.643266439437866,11844,100.0,0.0,0.0
2158,5.66124415397644,11844,100.0,0.0,0.0
2160,5.66530966758728,11844,100.0,0.0,0.0
2162,5.6703290939331055,11844,100.0,0.0,0.0
2165,5.67778205871582,11844,100.0,0.0,0.0
2166,5.680421352386475,11844,100.0,0.0,0.0
2168,5.68465781211853,11844,100.0,0.0,0.0
2170,5.6893227100372314,11844,100.0,0.0,0.0
2172,5.6945836544036865,11844,100.0,0.0,0.0
2175,5.702043533325195,11844,100.0,0.0,0.0
2177,5.707071781158447,11844,100.0,0.0,0.0
2178,5.709854364395142,11844,100.0,0.0,0.0
2179,5.7125818729400635,11844,100.0,0.0,0.0
2180,5.7147910594940186,11844,100.0,0.0,0.0
2182,5.721590995788574,11844,100.0,0.0,0.0
2185,5.728605270385742,11844,100.0,0.0,0.0
2187,5.733811140060425,11844,100.0,0.0,0.0
2189,5.738886117935181,11844,100.0,0.0,0.0
2190,5.740489959716797,11844,100.0,0.0,0.0
2191,5.743303060531616,11844,100.0,0.0,0.0
2197,5.758253335952759,11844,100.0,0.0,0.0
2198,5.761019945144653,11844,100.0,0.0,0.0
2200,5.7660300731658936,11844,100.0,0.0,0.0
2201,5.768839597702026,11844,100.0,0.0,0.0
2207,5.784058570861816,11844,100.0,0.0,0.0
2210,5.790982723236084,11844,100.0,0.0,0.0
2215,5.802724838256836,11844,100.0,0.0,0.0
2217,5.807887077331543,11844,100.0,0.0,0.0
2220,5.815670013427734,11844,100.0,0.0,0.0
2224,5.824217319488525,11844,100.0,0.0,0.0
2227,5.8314595222473145,11844,100.0,0.0,0.0
2228,5.834332227706909,11844,100.0,0.0,0.0
2230,5.839810132980347,11844,100.0,0.0,0.0
2231,5.842629671096802,11844,100.0,0.0,0.0
2235,5.852714776992798,11844,100.0,0.0,0.0
2236,5.855454206466675,11844,100.0,0.0,0.0
2239,5.863046407699585,11844,100.0,0.0,0.0
2240,5.8653786182403564,11844,100.0,0.0,0.0
2244,5.875579118728638,11844,100.0,0.0,0.0
2245,5.878309726715088,11844,100.0,0.0,0.0
2246,5.881123065948486,11844,100.0,0.0,0.0
2247,5.883942365646362,11844,100.0,0.0,0.0
2248,5.886684417724609,11844,100.0,0.0,0.0
2250,5.891678094863892,11844,100.0,0.0,0.0
2252,5.897071123123169,11844,100.0,0.0,0.0
2253,5.899785757064819,11844,100.0,0.0,0.0
2255,5.904977083206177,11844,100.0,0.0,0.0
2257,5.9094343185424805,11844,100.0,0.0,0.0
2258,5.912203550338745,11844,100.0,0.0,0.0
2259,5.915060043334961,11844,100.0,0.0,0.0
2260,5.9175615310668945,11844,100.0,0.0,0.0
2261,5.920548677444458,11844,100.0,0.0,0.0
2262,5.923304080963135,11844,100.0,0.0,0.0
2263,5.926164627075195,11844,100.0,0.0,0.0
2266,5.933040142059326,11844,100.0,0.0,0.0
2268,5.938202619552612,11844,100.0,0.0,0.0
2270,5.942249059677124,11844,100.0,0.0,0.0
2273,5.950059413909912,11844,100.0,0.0,0.0
2278,5.961938858032227,11844,100.0,0.0,0.0
2279,5.964725017547607,11844,100.0,0.0,0.0
2280,5.967093467712402,11844,100.0,0.0,0.0
2282,5.972524166107178,11844,100.0,0.0,0.0
2285,5.980262994766235,11844,100.0,0.0,0.0
2287,5.985541582107544,11844,100.0,0.0,0.0
2290,5.992597579956055,11844,100.0,0.0,0.0
2292,5.997838735580444,11844,100.0,0.0,0.0
2296,6.0084357261657715,11844,100.0,0.0,0.0
2298,6.014267444610596,11844,100.0,0.0,0.0
2300,6.018847465515137,11844,100.0,0.0,0.0
2302,6.0245184898376465,11844,100.0,0.0,0.0
2304,6.029934406280518,11844,100.0,0.0,0.0
2307,6.036098480224609,11844,100.0,0.0,0.0
2309,6.041362285614014,11844,100.0,0.0,0.0
2310,6.043881177902222,11844,100.0,0.0,0.0
2311,6.046761512756348,11844,100.0,0.0,0.0
2314,6.054425954818726,11844,100.0,0.0,0.0
2320,6.069706439971924,11844,100.0,0.0,0.0
2322,6.075304985046387,11844,100.0,0.0,0.0
2324,6.080591917037964,11844,100.0,0.0,0.0
2330,6.095768690109253,11844,100.0,0.0,0.0
2331,6.098747730255127,11844,100.0,0.0,0.0
2332,6.101605653762817,11844,100.0,0.0,0.0
2337,6.113606214523315,11844,100.0,0.0,0.0
2338,6.116412162780762,11844,100.0,0.0,0.0
2340,6.121493101119995,11844,100.0,0.0,0.0
2343,6.1294941902160645,11844,100.0,0.0,0.0
2344,6.132391452789307,11844,100.0,0.0,0.0
2347,6.140224456787109,11844,100.0,0.0,0.0
2348,6.143106698989868,11844,100.0,0.0,0.0
2350,6.148016691207886,11844,100.0,0.0,0.0
2351,6.150953054428101,11844,100.0,0.0,0.0
2353,6.156840801239014,11844,100.0,0.0,0.0
2354,6.160144090652466,11844,100.0,0.0,0.0
2355,6.163454294204712,11844,100.0,0.0,0.0
2356,6.166399240493774,11844,100.0,0.0,0.0
2357,6.1692609786987305,11844,100.0,0.0,0.0
2359,6.173978328704834,11844,100.0,0.0,0.0
2360,6.1763997077941895,11844,100.0,0.0,0.0
2361,6.179415225982666,11844,100.0,0.0,0.0
2362,6.182494878768921,11844,100.0,0.0,0.0
2363,6.185395240783691,11844,100.0,0.0,0.0
2364,6.1881444454193115,11844,100.0,0.0,0.0
2369,6.2062087059021,11844,100.0,0.0,0.0
2370,6.20915150642395,11844,100.0,0.0,0.0
2372,6.21479606628418,11844,100.0,0.0,0.0
2375,6.2231597900390625,11844,100.0,0.0,0.0
2377,6.229031085968018,11844,100.0,0.0,0.0
2380,6.2376062870025635,11844,100.0,0.0,0.0
2383,6.245167970657349,11844,100.0,0.0,0.0
2386,6.251915454864502,11844,100.0,0.0,0.0
2387,6.25508713722229,11844,100.0,0.0,0.0
2388,6.258494853973389,11844,100.0,0.0,0.0
2390,6.267388105392456,11844,100.0,0.0,0.0
2392,6.273098468780518,11844,100.0,0.0,0.0
2394,6.279268503189087,11844,100.0,0.0,0.0
2397,6.28755259513855,11844,100.0,0.0,0.0
2400,6.295002460479736,11844,100.0,0.0,0.0
2403,6.303134441375732,11844,100.0,0.0,0.0
2408,6.31720495223999,11844,100.0,0.0,0.0
2410,6.322837829589844,11844,100.0,0.0,0.0
2412,6.328362703323364,11844,100.0,0.0,0.0
2413,6.331337928771973,11844,100.0,0.0,0.0
2414,6.334353446960449,11844,100.0,0.0,0.0
2420,6.3487770557403564,11844,100.0,0.0,0.0
2421,6.351845741271973,11844,100.0,0.0,0.0
2423,6.357803583145142,11844,100.0,0.0,0.0
2424,6.360800266265869,11844,100.0,0.0,0.0
2425,6.363616228103638,11844,100.0,0.0,0.0
2428,6.3724329471588135,11844,100.0,0.0,0.0
2430,6.376980543136597,11844,100.0,0.0,0.0
2432,6.382416009902954,11844,100.0,0.0,0.0
2433,6.385277032852173,11844,100.0,0.0,0.0
2434,6.388025522232056,11844,100.0,0.0,0.0
2437,6.395158767700195,11844,100.0,0.0,0.0
2440,6.403293609619141,11844,100.0,0.0,0.0
2445,6.417135715484619,11844,100.0,0.0,0.0
2446,6.4203174114227295,11844,100.0,0.0,0.0
2449,6.428551912307739,11844,100.0,0.0,0.0
2450,6.431214094161987,11844,100.0,0.0,0.0
2455,6.446000576019287,11844,100.0,0.0,0.0
2456,6.448864936828613,11844,100.0,0.0,0.0
2460,6.45906925201416,11844,100.0,0.0,0.0
2461,6.462165832519531,11844,100.0,0.0,0.0
2466,6.4763877391815186,11844,100.0,0.0,0.0
2468,6.481940746307373,11844,100.0,0.0,0.0
2470,6.48638653755188,11844,100.0,0.0,0.0
2472,6.49222469329834,11844,100.0,0.0,0.0
2475,6.500218868255615,11844,100.0,0.0,0.0
2476,6.5030248165130615,11844,100.0,0.0,0.0
2478,6.507487535476685,11844,100.0,0.0,0.0
2479,6.510363817214966,11844,100.0,0.0,0.0
2480,6.51291036605835,11844,100.0,0.0,0.0
2483,6.519440174102783,11844,100.0,0.0,0.0
2484,6.522220134735107,11844,100.0,0.0,0.0
2487,6.53013277053833,11844,100.0,0.0,0.0
2488,6.532953262329102,11844,100.0,0.0,0.0
2490,6.537119150161743,11844,100.0,0.0,0.0
2491,6.540061950683594,11844,100.0,0.0,0.0
2492,6.543086290359497,11844,100.0,0.0,0.0
2493,6.54606032371521,11844,100.0,0.0,0.0
2496,6.554631948471069,11844,100.0,0.0,0.0
2500,6.564506769180298,11844,100.0,0.0,0.0
2502,6.570131301879883,11844,100.0,0.0,0.0
2503,6.57311749458313,11844,100.0,0.0,0.0
2506,6.579859256744385,11844,100.0,0.0,0.0
2507,6.583096027374268,11844,100.0,0.0,0.0
2510,6.590127944946289,11844,100.0,0.0,0.0
2515,6.604400634765625,11844,100.0,0.0,0.0
2516,6.607381343841553,11844,100.0,0.0,0.0
2517,6.61038064956665,11844,100.0,0.0,0.0
2520,6.61898946762085,11844,100.0,0.0,0.0
2521,6.622271776199341,11844,100.0,0.0,0.0
2525,6.63314151763916,11844,100.0,0.0,0.0
2527,6.638837575912476,11844,100.0,0.0,0.0
2528,6.641833066940308,11844,100.0,0.0,0.0
2530,6.6476898193359375,11844,100.0,0.0,0.0
2531,6.6505961418151855,11844,100.0,0.0,0.0
2534,6.658634662628174,11844,100.0,0.0,0.0
2535,6.6615564823150635,11844,100.0,0.0,0.0
2537,6.666805267333984,11844,100.0,0.0,0.0
2538,6.669637203216553,11844,100.0,0.0,0.0
2539,6.675059080123901,11844,100.0,0.0,0.0
2540,6.678662300109863,11844,100.0,0.0,0.0
2541,6.68169903755188,11844,100.0,0.0,0.0
2543,6.687358617782593,11844,100.0,0.0,0.0
2544,6.690286636352539,11844,100.0,0.0,0.0
2547,6.700377941131592,11844,100.0,0.0,0.0
2548,6.703806638717651,11844,100.0,0.0,0.0
2550,6.70941162109375,11844,100.0,0.0,0.0
2551,6.712462663650513,11844,100.0,0.0,0.0
2554,6.721013307571411,11844,100.0,0.0,0.0
2557,6.729578495025635,11844,100.0,0.0,0.0
2560,6.736497640609741,11844,100.0,0.0,0.0
2567,6.751169443130493,11844,100.0,0.0,0.0
2569,6.756620645523071,11844,100.0,0.0,0.0
2570,6.7583231925964355,11844,100.0,0.0,0.0
2573,6.7654900550842285,11844,100.0,0.0,0.0
2578,6.778300046920776,11844,100.0,0.0,0.0
2580,6.783722162246704,11844,100.0,0.0,0.0
2583,6.792639493942261,11844,100.0,0.0,0.0
2589,6.80851936340332,11844,100.0,0.0,0.0
2590,6.811417102813721,11844,100.0,0.0,0.0
2591,6.8143391609191895,11844,100.0,0.0,0.0
2592,6.817198276519775,11844,100.0,0.0,0.0
2593,6.8200013637542725,11844,100.0,0.0,0.0
2600,6.837337017059326,11844,100.0,0.0,0.0
2602,6.841728210449219,11844,100.0,0.0,0.0
2604,6.846857309341431,11844,100.0,0.0,0.0
2605,6.849682331085205,11844,100.0,0.0,0.0
2606,6.852577209472656,11844,100.0,0.0,0.0
2607,6.855447292327881,11844,100.0,0.0,0.0
2608,6.858340501785278,11844,100.0,0.0,0.0
2609,6.861265420913696,11844,100.0,0.0,0.0
2610,6.864034414291382,11844,100.0,0.0,0.0
2612,6.8696348667144775,11844,100.0,0.0,0.0
2616,6.879884719848633,11844,100.0,0.0,0.0
2620,6.889046669006348,11844,100.0,0.0,0.0
2621,6.89217734336853,11844,100.0,0.0,0.0
2624,6.901133060455322,11844,100.0,0.0,0.0
2630,6.917743921279907,11844,100.0,0.0,0.0
2633,6.926708698272705,11844,100.0,0.0,0.0
2637,6.9381678104400635,11844,100.0,0.0,0.0
2639,6.945178031921387,11844,100.0,0.0,0.0
2640,6.948078632354736,11844,100.0,0.0,0.0
2643,6.956575632095337,11844,100.0,0.0,0.0
2644,6.959547281265259,11844,100.0,0.0,0.0
2646,6.9652793407440186,11844,100.0,0.0,0.0
2647,6.968277931213379,11844,100.0,0.0,0.0
2649,6.973843336105347,11844,100.0,0.0,0.0
2650,6.977070569992065,11844,100.0,0.0,0.0
2653,6.98589825630188,11844,100.0,0.0,0.0
2655,6.991455316543579,11844,100.0,0.0,0.0
2660,7.003736734390259,11844,100.0,0.0,0.0
2663,7.012267112731934,11844,100.0,0.0,0.0
2670,7.031734943389893,11844,100.0,0.0,0.0
2674,7.041574001312256,11844,100.0,0.0,0.0
2679,7.05569052696228,11844,100.0,0.0,0.0
2680,7.05824875831604,11844,100.0,0.0,0.0
2682,7.063455581665039,11844,100.0,0.0,0.0
2685,7.071583271026611,11844,100.0,0.0,0.0
2689,7.083505630493164,11844,100.0,0.0,0.0
2690,7.08536696434021,11844,100.0,0.0,0.0
2692,7.090935230255127,11844,100.0,0.0,0.0
2694,7.0967419147491455,11844,100.0,0.0,0.0
2696,7.102496147155762,11844,100.0,0.0,0.0
2699,7.1114821434021,11844,100.0,0.0,0.0
2700,7.113378524780273,11844,100.0,0.0,0.0
2701,7.116364002227783,11844,100.0,0.0,0.0
2703,7.121825456619263,11844,100.0,0.0,0.0
2704,7.124653577804565,11844,100.0,0.0,0.0
2705,7.1275482177734375,11844,100.0,0.0,0.0
2706,7.130401372909546,11844,100.0,0.0,0.0
2709,7.13757586479187,11844,100.0,0.0,0.0
2710,7.1402013301849365,11844,100.0,0.0,0.0
2712,7.145801782608032,11844,100.0,0.0,0.0
2714,7.151710510253906,11844,100.0,0.0,0.0
2716,7.157374382019043,11844,100.0,0.0,0.0
2720,7.167599201202393,11844,100.0,0.0,0.0
2721,7.1704957485198975,11844,100.0,0.0,0.0
2722,7.173426151275635,11844,100.0,0.0,0.0
2726,7.1829001903533936,11844,100.0,0.0,0.0
2730,7.192531108856201,11844,100.0,0.0,0.0
2737,7.211120128631592,11844,100.0,0.0,0.0
2740,7.218128681182861,11844,100.0,0.0,0.0
2745,7.231610536575317,11844,100.0,0.0,0.0
2748,7.240038633346558,11844,100.0,0.0,0.0
2750,7.246246099472046,11844,100.0,0.0,0.0
2751,7.249287366867065,11844,100.0,0.0,0.0
2759,7.26932168006897,11844,100.0,0.0,0.0
2760,7.2727015018463135,11844,100.0,0.0,0.0
2762,7.278442859649658,11844,100.0,0.0,0.0
2767,7.291667699813843,11844,100.0,0.0,0.0
2769,7.297145366668701,11844,100.0,0.0,0.0
2770,7.300071954727173,11844,100.0,0.0,0.0
2772,7.3055579662323,11844,100.0,0.0,0.0
2774,7.310128688812256,11844,100.0,0.0,0.0
2775,7.312951564788818,11844,100.0,0.0,0.0
2777,7.31882643699646,11844,100.0,0.0,0.0
2780,7.326279878616333,11844,100.0,0.0,0.0
2781,7.329304456710815,11844,100.0,0.0,0.0
2783,7.334937334060669,11844,100.0,0.0,0.0
2784,7.337888479232788,11844,100.0,0.0,0.0
2788,7.348845481872559,11844,100.0,0.0,0.0
2789,7.351733684539795,11844,100.0,0.0,0.0
2790,7.355136156082153,11844,100.0,0.0,0.0
2791,7.358113050460815,11844,100.0,0.0,0.0
2794,7.366267681121826,11844,100.0,0.0,0.0
2798,7.377056837081909,11844,100.0,0.0,0.0
2800,7.383033037185669,11844,100.0,0.0,0.0
2803,7.391388654708862,11844,100.0,0.0,0.0
2804,7.39432168006897,11844,100.0,0.0,0.0
2808,7.405134916305542,11844,100.0,0.0,0.0
2809,7.4101433753967285,11844,100.0,0.0,0.0
2810,7.4130659103393555,11844,100.0,0.0,0.0
2812,7.419568061828613,11844,100.0,0.0,0.0
2814,7.425400972366333,11844,100.0,0.0,0.0
2819,7.438542366027832,11844,100.0,0.0,0.0
2820,7.441065073013306,11844,100.0,0.0,0.0
2822,7.447377920150757,11844,100.0,0.0,0.0
2824,7.453028678894043,11844,100.0,0.0,0.0
2825,7.455974817276001,11844,100.0,0.0,0.0
2830,7.469497919082642,11844,100.0,0.0,0.0
2832,7.475443601608276,11844,100.0,0.0,0.0
2835,7.483365297317505,11844,100.0,0.0,0.0
2839,7.4962499141693115,11844,100.0,0.0,0.0
2840,7.498763799667358,11844,100.0,0.0,0.0
2847,7.515347957611084,11844,100.0,0.0,0.0
2849,7.521299600601196,11844,100.0,0.0,0.0
2850,7.52391791343689,11844,100.0,0.0,0.0
2851,7.526952028274536,11844,100.0,0.0,0.0
2859,7.552681922912598,11844,100.0,0.0,0.0
2860,7.555268049240112,11844,100.0,0.0,0.0
2861,7.5585174560546875,11844,100.0,0.0,0.0
2862,7.561434030532837,11844,100.0,0.0,0.0
2866,7.572322130203247,11844,100.0,0.0,0.0
2867,7.575258255004883,11844,100.0,0.0,0.0
2869,7.580671548843384,11844,100.0,0.0,0.0
2870,7.5835044384002686,11844,100.0,0.0,0.0
2874,7.593271017074585,11844,100.0,0.0,0.0
2876,7.5988171100616455,11844,100.0,0.0,0.0
2878,7.604835510253906,11844,100.0,0.0,0.0
2880,7.610073089599609,11844,100.0,0.0,0.0
2881,7.612982988357544,11844,100.0,0.0,0.0
2882,7.6157708168029785,11844,100.0,0.0,0.0
2883,7.618666172027588,11844,100.0,0.0,0.0
2884,7.621598482131958,11844,100.0,0.0,0.0
2887,7.630011081695557,11844,100.0,0.0,0.0
2890,7.637979030609131,11844,100.0,0.0,0.0
2891,7.6409149169921875,11844,100.0,0.0,0.0
2895,7.651707172393799,11844,100.0,0.0,0.0
2896,7.654459476470947,11844,100.0,0.0,0.0
2898,7.659708499908447,11844,100.0,0.0,0.0
2900,7.663771629333496,11844,100.0,0.0,0.0
2901,7.666495323181152,11844,100.0,0.0,0.0
2903,7.670974016189575,11844,100.0,0.0,0.0
2904,7.674220561981201,11844,100.0,0.0,0.0
2910,7.690565586090088,11844,100.0,0.0,0.0
2911,7.693671226501465,11844,100.0,0.0,0.0
2914,7.70209813117981,11844,100.0,0.0,0.0
2920,7.718209505081177,11844,100.0,0.0,0.0
2926,7.73272180557251,11844,100.0,0.0,0.0
2927,7.735553741455078,11844,100.0,0.0,0.0
2929,7.7416441440582275,11844,100.0,0.0,0.0
2930,7.744148015975952,11844,100.0,0.0,0.0
2933,7.751574993133545,11844,100.0,0.0,0.0
2937,7.761221647262573,11844,100.0,0.0,0.0
2940,7.767887115478516,11844,100.0,0.0,0.0
2941,7.770788669586182,11844,100.0,0.0,0.0
2945,7.78061056137085,11844,100.0,0.0,0.0
2946,7.7835693359375,11844,100.0,0.0,0.0
2950,7.7954957485198975,11844,100.0,0.0,0.0
2952,7.801257371902466,11844,100.0,0.0,0.0
2954,7.8067710399627686,11844,100.0,0.0,0.0
2960,7.821428537368774,11844,100.0,0.0,0.0
2961,7.824433088302612,11844,100.0,0.0,0.0
2962,7.827256917953491,11844,100.0,0.0,0.0
2964,7.8336310386657715,11844,100.0,0.0,0.0
2967,7.841001272201538,11844,100.0,0.0,0.0
2968,7.843989610671997,11844,100.0,0.0,0.0
2970,7.849297523498535,11844,100.0,0.0,0.0
2980,7.873355150222778,11844,100.0,0.0,0.0
2983,7.881579875946045,11844,100.0,0.0,0.0
2987,7.891902923583984,11844,100.0,0.0,0.0
2989,7.897220611572266,11844,100.0,0.0,0.0
2990,7.899582624435425,11844,100.0,0.0,0.0
2991,7.9024176597595215,11844,100.0,0.0,0.0
2992,7.905409097671509,11844,100.0,0.0,0.0
2994,7.911458969116211,11844,100.0,0.0,0.0
2998,7.922489166259766,11844,100.0,0.0,0.0
3000,7.926851034164429,11844,100.0,0.0,0.0
3002,7.9322075843811035,11844,100.0,0.0,0.0
3005,7.939856052398682,11844,100.0,0.0,0.0
3010,7.953547954559326,11844,100.0,0.0,0.0
3013,7.960632085800171,11844,100.0,0.0,0.0
3015,7.966948747634888,11844,100.0,0.0,0.0
3016,7.969900131225586,11844,100.0,0.0,0.0
3017,7.973144769668579,11844,100.0,0.0,0.0
3020,7.980820178985596,11844,100.0,0.0,0.0
3022,7.98625111579895,11844,100.0,0.0,0.0
3024,7.990849256515503,11844,100.0,0.0,0.0
3025,7.9944586753845215,11844,100.0,0.0,0.0
3027,7.999950408935547,11844,100.0,0.0,0.0
3030,8.00802206993103,11844,100.0,0.0,0.0
3032,8.013517141342163,11844,100.0,0.0,0.0
3033,8.016363620758057,11844,100.0,0.0,0.0
3037,8.029171228408813,11844,100.0,0.0,0.0
3039,8.034614086151123,11844,100.0,0.0,0.0
3040,8.037596940994263,11844,100.0,0.0,0.0
3042,8.043179035186768,11844,100.0,0.0,0.0
3047,8.056578159332275,11844,100.0,0.0,0.0
3048,8.059539556503296,11844,100.0,0.0,0.0
3049,8.064191579818726,11844,100.0,0.0,0.0
3050,8.067083597183228,11844,100.0,0.0,0.0
3053,8.074926614761353,11844,100.0,0.0,0.0
3057,8.085697889328003,11844,100.0,0.0,0.0
3059,8.091517686843872,11844,100.0,0.0,0.0
3060,8.094494342803955,11844,100.0,0.0,0.0
3061,8.097503185272217,11844,100.0,0.0,0.0
3067,8.111621618270874,11844,100.0,0.0,0.0
3070,8.119188785552979,11844,100.0,0.0,0.0
3071,8.122291088104248,11844,100.0,0.0,0.0
3073,8.127767086029053,11844,100.0,0.0,0.0
3075,8.133311986923218,11844,100.0,0.0,0.0
3076,8.1361563205719,11844,100.0,0.0,0.0
3077,8.139126777648926,11844,100.0,0.0,0.0
3078,8.141944646835327,11844,100.0,0.0,0.0
3079,8.145107984542847,11844,100.0,0.0,0.0
3080,8.147655248641968,11844,100.0,0.0,0.0
3081,8.150884866714478,11844,100.0,0.0,0.0
3083,8.156373739242554,11844,100.0,0.0,0.0
3087,8.166933298110962,11844,100.0,0.0,0.0
3088,8.16976284980774,11844,100.0,0.0,0.0
3090,8.17513370513916,11844,100.0,0.0,0.0
3093,8.182222843170166,11844,100.0,0.0,0.0
3099,8.199573755264282,11844,100.0,0.0,0.0
3100,8.202508211135864,11844,100.0,0.0,0.0
3102,8.208189010620117,11844,100.0,0.0,0.0
3104,8.213797092437744,11844,100.0,0.0,0.0
3106,8.219215869903564,11844,100.0,0.0,0.0
3109,8.227244138717651,11844,100.0,0.0,0.0
3110,8.229673862457275,11844,100.0,0.0,0.0
3114,8.240099906921387,11844,100.0,0.0,0.0
3116,8.245548486709595,11844,100.0,0.0,0.0
3117,8.24846863746643,11844,100.0,0.0,0.0
3120,8.255811929702759,11844,100.0,0.0,0.0
3121,8.258729934692383,11844,100.0,0.0,0.0
3123,8.264318227767944,11844,100.0,0.0,0.0
3128,8.2781240940094,11844,100.0,0.0,0.0
3129,8.281024694442749,11844,100.0,0.0,0.0
3130,8.283436059951782,11844,100.0,0.0,0.0
3132,8.288833379745483,11844,100.0,0.0,0.0
3133,8.292171239852905,11844,100.0,0.0,0.0
3140,8.311134576797485,11844,100.0,0.0,0.0
3141,8.314127206802368,11844,100.0,0.0,0.0
3142,8.31705617904663,11844,100.0,0.0,0.0
3143,8.32013988494873,11844,100.0,0.0,0.0
3145,8.325863361358643,11844,100.0,0.0,0.0
3149,8.33556866645813,11844,100.0,0.0,0.0
3150,8.338634967803955,11844,100.0,0.0,0.0
3151,8.341663599014282,11844,100.0,0.0,0.0
3152,8.344593286514282,11844,100.0,0.0,0.0
3153,8.347529411315918,11844,100.0,0.0,0.0
3158,8.360496997833252,11844,100.0,0.0,0.0
3160,8.365882635116577,11844,100.0,0.0,0.0
3161,8.368740558624268,11844,100.0,0.0,0.0
3166,8.380776405334473,11844,100.0,0.0,0.0
3170,8.38998031616211,11844,100.0,0.0,0.0
3173,8.397178888320923,11844,100.0,0.0,0.0
3174,8.3999662399292,11844,100.0,0.0,0.0
3176,8.40523886680603,11844,100.0,0.0,0.0
3177,8.407946825027466,11844,100.0,0.0,0.0
3179,8.412321329116821,11844,100.0,0.0,0.0
3180,8.413963317871094,11844,100.0,0.0,0.0
3183,8.421366930007935,11844,100.0,0.0,0.0
3185,8.426429748535156,11844,100.0,0.0,0.0
3190,8.438469409942627,11844,100.0,0.0,0.0
3196,8.451806545257568,11844,100.0,0.0,0.0
3199,8.459470987319946,11844,100.0,0.0,0.0
3200,8.461792707443237,11844,100.0,0.0,0.0
3202,8.467066764831543,11844,100.0,0.0,0.0
3204,8.47257113456726,11844,100.0,0.0,0.0
3205,8.475380420684814,11844,100.0,0.0,0.0
3207,8.481614351272583,11844,100.0,0.0,0.0
3210,8.489498853683472,11844,100.0,0.0,0.0
3213,8.497326612472534,11844,100.0,0.0,0.0
3216,8.504565477371216,11844,100.0,0.0,0.0
3219,8.515663385391235,11844,100.0,0.0,0.0
3220,8.518348693847656,11844,100.0,0.0,0.0
3223,8.527088642120361,11844,100.0,0.0,0.0
3227,8.53667664527893,11844,100.0,0.0,0.0
3230,8.544459581375122,11844,100.0,0.0,0.0
3234,8.55599856376648,11844,100.0,0.0,0.0
3236,8.561568975448608,11844,100.0,0.0,0.0
3237,8.564324855804443,11844,100.0,0.0,0.0
3238,8.567363023757935,11844,100.0,0.0,0.0
3240,8.572987794876099,11844,100.0,0.0,0.0
3243,8.580475568771362,11844,100.0,0.0,0.0
3244,8.583891868591309,11844,100.0,0.0,0.0
3245,8.586788654327393,11844,100.0,0.0,0.0
3247,8.592247247695923,11844,100.0,0.0,0.0
3250,8.60014533996582,11844,100.0,0.0,0.0
3251,8.603068351745605,11844,100.0,0.0,0.0
3252,8.606056451797485,11844,100.0,0.0,0.0
3253,8.609144926071167,11844,100.0,0.0,0.0
3255,8.614696502685547,11844,100.0,0.0,0.0
3260,8.626547813415527,11844,100.0,0.0,0.0
3261,8.629434823989868,11844,100.0,0.0,0.0
3262,8.632276058197021,11844,100.0,0.0,0.0
3264,8.637759447097778,11844,100.0,0.0,0.0
3269,8.651004314422607,11844,100.0,0.0,0.0
3270,8.653420448303223,11844,100.0,0.0,0.0
3276,8.667719841003418,11844,100.0,0.0,0.0
3278,8.673213720321655,11844,100.0,0.0,0.0
3279,8.67617154121399,11844,100.0,0.0,0.0
3280,8.679060459136963,11844,100.0,0.0,0.0
3282,8.684704065322876,11844,100.0,0.0,0.0
3287,8.696416139602661,11844,100.0,0.0,0.0
3290,8.70403528213501,11844,100.0,0.0,0.0
3291,8.70686411857605,11844,100.0,0.0,0.0
3292,8.709789514541626,11844,100.0,0.0,0.0
3297,8.724432945251465,11844,100.0,0.0,0.0
3299,8.729788064956665,11844,100.0,0.0,0.0
3300,8.732738018035889,11844,100.0,0.0,0.0
3301,8.735591173171997,11844,100.0,0.0,0.0
3304,8.743491649627686,11844,100.0,0.0,0.0
3305,8.74636197090149,11844,100.0,0.0,0.0
3309,8.75731372833252,11844,100.0,0.0,0.0
3310,8.76018762588501,11844,100.0,0.0,0.0
3311,8.763137578964233,11844,100.0,0.0,0.0
3314,8.771148681640625,11844,100.0,0.0,0.0
3315,8.774133682250977,11844,100.0,0.0,0.0
3316,8.777043342590332,11844,100.0,0.0,0.0
3319,8.785264730453491,11844,100.0,0.0,0.0
3320,8.788704872131348,11844,100.0,0.0,0.0
3326,8.804956674575806,11844,100.0,0.0,0.0
3329,8.81297254562378,11844,100.0,0.0,0.0
3330,8.815488576889038,11844,100.0,0.0,0.0
3331,8.818786144256592,11844,100.0,0.0,0.0
3332,8.82172679901123,11844,100.0,0.0,0.0
3333,8.824657917022705,11844,100.0,0.0,0.0
3335,8.830714464187622,11844,100.0,0.0,0.0
3338,8.83804726600647,11844,100.0,0.0,0.0
3339,8.840872526168823,11844,100.0,0.0,0.0
3340,8.843733072280884,11844,100.0,0.0,0.0
3345,8.856936693191528,11844,100.0,0.0,0.0
3346,8.860051155090332,11844,100.0,0.0,0.0
3347,8.862915515899658,11844,100.0,0.0,0.0
3349,8.867375135421753,11844,100.0,0.0,0.0
3350,8.869717836380005,11844,100.0,0.0,0.0
3351,8.87260127067566,11844,100.0,0.0,0.0
3352,8.875325202941895,11844,100.0,0.0,0.0
3354,8.880900382995605,11844,100.0,0.0,0.0
3355,8.88387393951416,11844,100.0,0.0,0.0
3356,8.886768579483032,11844,100.0,0.0,0.0
3359,8.895771980285645,11844,100.0,0.0,0.0
3360,8.89853835105896,11844,100.0,0.0,0.0
3363,8.907357215881348,11844,100.0,0.0,0.0
3364,8.910340070724487,11844,100.0,0.0,0.0
3367,8.92111849784851,11844,100.0,0.0,0.0
3369,8.926648616790771,11844,100.0,0.0,0.0
3370,8.929106950759888,11844,100.0,0.0,0.0
3371,8.932066440582275,11844,100.0,0.0,0.0
3373,8.93657636642456,11844,100.0,0.0,0.0
3375,8.942160367965698,11844,100.0,0.0,0.0
3380,8.954931735992432,11844,100.0,0.0,0.0
3381,8.957803726196289,11844,100.0,0.0,0.0
3383,8.963307857513428,11844,100.0,0.0,0.0
3389,8.9784414768219,11844,100.0,0.0,0.0
3390,8.981178522109985,11844,100.0,0.0,0.0
3395,8.99335765838623,11844,100.0,0.0,0.0
3397,8.9986093044281,11844,100.0,0.0,0.0
3400,9.006408452987671,11844,100.0,0.0,0.0
3401,9.009417295455933,11844,100.0,0.0,0.0
3402,9.012191534042358,11844,100.0,0.0,0.0
3403,9.01516079902649,11844,100.0,0.0,0.0
3404,9.018009901046753,11844,100.0,0.0,0.0
3407,9.028281927108765,11844,100.0,0.0,0.0
3410,9.036186218261719,11844,100.0,0.0,0.0
3411,9.039159774780273,11844,100.0,0.0,0.0
3414,9.04756784439087,11844,100.0,0.0,0.0
3419,9.059426546096802,11844,100.0,0.0,0.0
3420,9.061845064163208,11844,100.0,0.0,0.0
3422,9.066675424575806,11844,100.0,0.0,0.0
3423,9.06989598274231,11844,100.0,0.0,0.0
3424,9.073203086853027,11844,100.0,0.0,0.0
3425,9.076369762420654,11844,100.0,0.0,0.0
3429,9.086853265762329,11844,100.0,0.0,0.0
3430,9.089348554611206,11844,100.0,0.0,0.0
3433,9.09789228439331,11844,100.0,0.0,0.0
3436,9.105852842330933,11844,100.0,0.0,0.0
3438,9.1115403175354,11844,100.0,0.0,0.0
3440,9.117162942886353,11844,100.0,0.0,0.0
3445,9.129246473312378,11844,100.0,0.0,0.0
3450,9.14187216758728,11844,100.0,0.0,0.0
3451,9.145169973373413,11844,100.0,0.0,0.0
3453,9.149901151657104,11844,100.0,0.0,0.0
3456,9.158127307891846,11844,100.0,0.0,0.0
3460,9.168744087219238,11844,100.0,0.0,0.0
3461,9.171608209609985,11844,100.0,0.0,0.0
3462,9.174370765686035,11844,100.0,0.0,0.0
3463,9.177640676498413,11844,100.0,0.0,0.0
3467,9.187985897064209,11844,100.0,0.0,0.0
3468,9.190735816955566,11844,100.0,0.0,0.0
3470,9.195738315582275,11844,100.0,0.0,0.0
3472,9.201303243637085,11844,100.0,0.0,0.0
3476,9.213160753250122,11844,100.0,0.0,0.0
3477,9.216371059417725,11844,100.0,0.0,0.0
3480,9.22407603263855,11844,100.0,0.0,0.0
3481,9.227307319641113,11844,100.0,0.0,0.0
3482,9.230211019515991,11844,100.0,0.0,0.0
3487,9.243749856948853,11844,100.0,0.0,0.0
3488,9.247005939483643,11844,100.0,0.0,0.0
3489,9.249931335449219,11844,100.0,0.0,0.0
3490,9.251687049865723,11844,100.0,0.0,0.0
3493,9.259683609008789,11844,100.0,0.0,0.0
3497,9.269981145858765,11844,100.0,0.0,0.0
3499,9.275547742843628,11844,100.0,0.0,0.0
3500,9.278443336486816,11844,100.0,0.0,0.0
3503,9.286188125610352,11844,100.0,0.0,0.0
3505,9.291436910629272,11844,100.0,0.0,0.0
3507,9.296756267547607,11844,100.0,0.0,0.0
3508,9.299623489379883,11844,100.0,0.0,0.0
3509,9.302472114562988,11844,100.0,0.0,0.0
3510,9.305500507354736,11844,100.0,0.0,0.0
3517,9.32359790802002,11844,100.0,0.0,0.0
3520,9.331393957138062,11844,100.0,0.0,0.0
3523,9.339600324630737,11844,100.0,0.0,0.0
3525,9.345196962356567,11844,100.0,0.0,0.0
3526,9.34821629524231,11844,100.0,0.0,0.0
3530,9.35827898979187,11844,100.0,0.0,0.0
3531,9.361287832260132,11844,100.0,0.0,0.0
3532,9.364408254623413,11844,100.0,0.0,0.0
3533,9.367822408676147,11844,100.0,0.0,0.0
3534,9.370907306671143,11844,100.0,0.0,0.0
3537,9.379676103591919,11844,100.0,0.0,0.0
3538,9.382639408111572,11844,100.0,0.0,0.0
3539,9.38551378250122,11844,100.0,0.0,0.0
3540,9.38796329498291,11844,100.0,0.0,0.0
3542,9.393399715423584,11844,100.0,0.0,0.0
3544,9.398851871490479,11844,100.0,0.0,0.0
3545,9.401715517044067,11844,100.0,0.0,0.0
3549,9.413031816482544,11844,100.0,0.0,0.0
3550,9.415572881698608,11844,100.0,0.0,0.0
3553,9.426048278808594,11844,100.0,0.0,0.0
3556,9.434746503829956,11844,100.0,0.0,0.0
3557,9.437834739685059,11844,100.0,0.0,0.0
3559,9.442626476287842,11844,100.0,0.0,0.0
3560,9.44564175605774,11844,100.0,0.0,0.0
3564,9.456194400787354,11844,100.0,0.0,0.0
3566,9.46177864074707,11844,100.0,0.0,0.0
3568,9.467456340789795,11844,100.0,0.0,0.0
3570,9.4717116355896,11844,100.0,0.0,0.0
3572,9.477190256118774,11844,100.0,0.0,0.0
3573,9.480161905288696,11844,100.0,0.0,0.0
3574,9.483009576797485,11844,100.0,0.0,0.0
3577,9.490844011306763,11844,100.0,0.0,0.0
3578,9.494287729263306,11844,100.0,0.0,0.0
3579,9.497416019439697,11844,100.0,0.0,0.0
3580,9.500003337860107,11844,100.0,0.0,0.0
3581,9.502928018569946,11844,100.0,0.0,0.0
3582,9.5057954788208,11844,100.0,0.0,0.0
3584,9.511621475219727,11844,100.0,0.0,0.0
3590,9.527883291244507,11844,100.0,0.0,0.0
3598,9.54733157157898,11844,100.0,0.0,0.0
3599,9.550098657608032,11844,100.0,0.0,0.0
3600,9.551911115646362,11844,100.0,0.0,0.0
3601,9.55470871925354,11844,100.0,0.0,0.0
3602,9.557610988616943,11844,100.0,0.0,0.0
3604,9.563207864761353,11844,100.0,0.0,0.0
3610,9.578874826431274,11844,100.0,0.0,0.0
3613,9.586781978607178,11844,100.0,0.0,0.0
3615,9.592126369476318,11844,100.0,0.0,0.0
3616,9.594903945922852,11844,100.0,0.0,0.0
3619,9.602722644805908,11844,100.0,0.0,0.0
3620,9.605476379394531,11844,100.0,0.0,0.0
3630,9.629636287689209,11844,100.0,0.0,0.0
3631,9.63266396522522,11844,100.0,0.0,0.0
3632,9.635644435882568,11844,100.0,0.0,0.0
3634,9.641336679458618,11844,100.0,0.0,0.0
3635,9.644387483596802,11844,100.0,0.0,0.0
3640,9.656089544296265,11844,100.0,0.0,0.0
3645,9.668891191482544,11844,100.0,0.0,0.0
3646,9.671713590621948,11844,100.0,0.0,0.0
3648,9.677365779876709,11844,100.0,0.0,0.0
3650,9.683459520339966,11844,100.0,0.0,0.0
3653,9.692010402679443,11844,100.0,0.0,0.0
3658,9.704861402511597,11844,100.0,0.0,0.0
3659,9.707854270935059,11844,100.0,0.0,0.0
3660,9.710320949554443,11844,100.0,0.0,0.0
3667,9.728554964065552,11844,100.0,0.0,0.0
3670,9.736109733581543,11844,100.0,0.0,0.0
3679,9.759458541870117,11844,100.0,0.0,0.0
3680,9.761894941329956,11844,100.0,0.0,0.0
3681,9.764919757843018,11844,100.0,0.0,0.0
3690,9.78928828239441,11844,100.0,0.0,0.0
3691,9.792451858520508,11844,100.0,0.0,0.0
3694,9.800505876541138,11844,100.0,0.0,0.0
3695,9.803425788879395,11844,100.0,0.0,0.0
3696,9.806356430053711,11844,100.0,0.0,0.0
3698,9.812665224075317,11844,100.0,0.0,0.0
3700,9.818588972091675,11844,100.0,0.0,0.0
3704,9.828785181045532,11844,100.0,0.0,0.0
3706,9.833893537521362,11844,100.0,0.0,0.0
3707,9.836988687515259,11844,100.0,0.0,0.0
3708,9.839973211288452,11844,100.0,0.0,0.0
3710,9.845140218734741,11844,100.0,0.0,0.0
3713,9.853359460830688,11844,100.0,0.0,0.0
3714,9.856212615966797,11844,100.0,0.0,0.0
3718,9.866793870925903,11844,100.0,0.0,0.0
3720,9.87166953086853,11844,100.0,0.0,0.0
3724,9.882123231887817,11844,100.0,0.0,0.0
3726,9.887445211410522,11844,100.0,0.0,0.0
3728,9.892722606658936,11844,100.0,0.0,0.0
3730,9.897771120071411,11844,100.0,0.0,0.0
3731,9.900693655014038,11844,100.0,0.0,0.0
3732,9.903695344924927,11844,100.0,0.0,0.0
3736,9.913539409637451,11844,100.0,0.0,0.0
3737,9.917061805725098,11844,100.0,0.0,0.0
3740,9.923551559448242,11844,100.0,0.0,0.0
3743,9.930670261383057,11844,100.0,0.0,0.0
3748,9.942652702331543,11844,100.0,0.0,0.0
3750,9.948408126831055,11844,100.0,0.0,0.0
3751,9.951278686523438,11844,100.0,0.0,0.0
3752,9.95406174659729,11844,100.0,0.0,0.0
3753,9.956780910491943,11844,100.0,0.0,0.0
3756,9.965073823928833,11844,100.0,0.0,0.0
3758,9.970974922180176,11844,100.0,0.0,0.0
3760,9.976784706115723,11844,100.0,0.0,0.0
3766,9.991469621658325,11844,100.0,0.0,0.0
3770,10.00167727470398,11844,100.0,0.0,0.0
3775,10.014868021011353,11844,100.0,0.0,0.0
3778,10.022742748260498,11844,100.0,0.0,0.0
3780,10.028178691864014,11844,100.0,0.0,0.0
3781,10.031961441040039,11844,100.0,0.0,0.0
3785,10.042665958404541,11844,100.0,0.0,0.0
3787,10.04839563369751,11844,100.0,0.0,0.0
3789,10.05386734008789,11844,100.0,0.0,0.0
3790,10.056716442108154,11844,100.0,0.0,0.0
3795,10.06935429573059,11844,100.0,0.0,0.0
3799,10.080712080001831,11844,100.0,0.0,0.0
3800,10.083333730697632,11844,100.0,0.0,0.0
3802,10.088952541351318,11844,100.0,0.0,0.0
3803,10.091874361038208,11844,100.0,0.0,0.0
3805,10.097363233566284,11844,100.0,0.0,0.0
3808,10.105328798294067,11844,100.0,0.0,0.0
3809,10.108160972595215,11844,100.0,0.0,0.0
3810,10.110601663589478,11844,100.0,0.0,0.0
3811,10.113569021224976,11844,100.0,0.0,0.0
3815,10.124239444732666,11844,100.0,0.0,0.0
3816,10.127120971679688,11844,100.0,0.0,0.0
3819,10.135062456130981,11844,100.0,0.0,0.0
3820,10.13783073425293,11844,100.0,0.0,0.0
3824,10.147705316543579,11844,100.0,0.0,0.0
3825,10.150575399398804,11844,100.0,0.0,0.0
3828,10.158737182617188,11844,100.0,0.0,0.0
3830,10.164083480834961,11844,100.0,0.0,0.0
3834,10.175244569778442,11844,100.0,0.0,0.0
3835,10.178413391113281,11844,100.0,0.0,0.0
3837,10.18395733833313,11844,100.0,0.0,0.0
3838,10.186809301376343,11844,100.0,0.0,0.0
3839,10.189597368240356,11844,100.0,0.0,0.0
3840,10.192049264907837,11844,100.0,0.0,0.0
3841,10.195146322250366,11844,100.0,0.0,0.0
3843,10.200170278549194,11844,100.0,0.0,0.0
3849,10.21656847000122,11844,100.0,0.0,0.0
3850,10.218290567398071,11844,100.0,0.0,0.0
3851,10.22121548652649,11844,100.0,0.0,0.0
3853,10.2271568775177,11844,100.0,0.0,0.0
3860,10.243561267852783,11844,100.0,0.0,0.0
3862,10.24971318244934,11844,100.0,0.0,0.0
3865,10.257521390914917,11844,100.0,0.0,0.0
3868,10.264569520950317,11844,100.0,0.0,0.0
3869,10.267448663711548,11844,100.0,0.0,0.0
3870,10.269127130508423,11844,100.0,0.0,0.0
3877,10.287438154220581,11844,100.0,0.0,0.0
3880,10.295428037643433,11844,100.0,0.0,0.0
3888,10.31640338897705,11844,100.0,0.0,0.0
3890,10.321907043457031,11844,100.0,0.0,0.0
3893,10.329711675643921,11844,100.0,0.0,0.0
3894,10.33267855644226,11844,100.0,0.0,0.0
3896,10.33748173713684,11844,100.0,0.0,0.0
3900,10.347776174545288,11844,100.0,0.0,0.0
3902,10.353501796722412,11844,100.0,0.0,0.0
3906,10.363449335098267,11844,100.0,0.0,0.0
3908,10.368871688842773,11844,100.0,0.0,0.0
3910,10.373891353607178,11844,100.0,0.0,0.0
3912,10.379539489746094,11844,100.0,0.0,0.0
3913,10.382497787475586,11844,100.0,0.0,0.0
3920,10.399424314498901,11844,100.0,0.0,0.0
3921,10.402297735214233,11844,100.0,0.0,0.0
3925,10.413039207458496,11844,100.0,0.0,0.0
3926,10.416298151016235,11844,100.0,0.0,0.0
3927,10.419168472290039,11844,100.0,0.0,0.0
3928,10.4220552444458,11844,100.0,0.0,0.0
3930,10.426359176635742,11844,100.0,0.0,0.0
3934,10.437744379043579,11844,100.0,0.0,0.0
3940,10.45152497291565,11844,100.0,0.0,0.0
3944,10.462310314178467,11844,100.0,0.0,0.0
3950,10.476729154586792,11844,100.0,0.0,0.0
3953,10.484755754470825,11844,100.0,0.0,0.0
3957,10.495398044586182,11844,100.0,0.0,0.0
3959,10.501163244247437,11844,100.0,0.0,0.0
3960,10.503765106201172,11844,100.0,0.0,0.0
3968,10.524832487106323,11844,100.0,0.0,0.0
3970,10.530094146728516,11844,100.0,0.0,0.0
3972,10.535975694656372,11844,100.0,0.0,0.0
3973,10.538997173309326,11844,100.0,0.0,0.0
3977,10.549287557601929,11844,100.0,0.0,0.0
3980,10.557651042938232,11844,100.0,0.0,0.0
3983,10.564842462539673,11844,100.0,0.0,0.0
3985,10.570129156112671,11844,100.0,0.0,0.0
3986,10.572931051254272,11844,100.0,0.0,0.0
3990,10.582339525222778,11844,100.0,0.0,0.0
3991,10.585216283798218,11844,100.0,0.0,0.0
3997,10.599430322647095,11844,100.0,0.0,0.0
3998,10.602502584457397,11844,100.0,0.0,0.0
4000,10.60708999633789,11844,100.0,0.0,0.0
4001,10.609996557235718,11844,100.0,0.0,0.0
4010,10.632445096969604,11844,100.0,0.0,0.0
4012,10.637944459915161,11844,100.0,0.0,0.0
4014,10.642433643341064,11844,100.0,0.0,0.0
4015,10.645350694656372,11844,100.0,0.0,0.0
4016,10.648144006729126,11844,100.0,0.0,0.0
4020,10.657184362411499,11844,100.0,0.0,0.0
4029,10.679403305053711,11844,100.0,0.0,0.0
4030,10.68228554725647,11844,100.0,0.0,0.0
4034,10.692715406417847,11844,100.0,0.0,0.0
4035,10.695483207702637,11844,100.0,0.0,0.0
4038,10.703494310379028,11844,100.0,0.0,0.0
4039,10.7062246799469,11844,100.0,0.0,0.0
4040,10.708939790725708,11844,100.0,0.0,0.0
4042,10.714361429214478,11844,100.0,0.0,0.0
4044,10.719869136810303,11844,100.0,0.0,0.0
4046,10.725555181503296,11844,100.0,0.0,0.0
4047,10.728406190872192,11844,100.0,0.0,0.0
4049,10.733859539031982,11844,100.0,0.0,0.0
4050,10.73672604560852,11844,100.0,0.0,0.0
4051,10.739611625671387,11844,100.0,0.0,0.0
4052,10.742537021636963,11844,100.0,0.0,0.0
4055,10.750357151031494,11844,100.0,0.0,0.0
4060,10.762598991394043,11844,100.0,0.0,0.0
4063,10.770524501800537,11844,100.0,0.0,0.0
4069,10.787456512451172,11844,100.0,0.0,0.0
4070,10.790588617324829,11844,100.0,0.0,0.0
4071,10.793795585632324,11844,100.0,0.0,0.0
4072,10.796971559524536,11844,100.0,0.0,0.0
4073,10.799970149993896,11844,100.0,0.0,0.0
4076,10.808329105377197,11844,100.0,0.0,0.0
4077,10.81116509437561,11844,100.0,0.0,0.0
4079,10.815935134887695,11844,100.0,0.0,0.0
4080,10.818459272384644,11844,100.0,0.0,0.0
4082,10.824208974838257,11844,100.0,0.0,0.0
4083,10.827013969421387,11844,100.0,0.0,0.0
4086,10.835017681121826,11844,100.0,0.0,0.0
4090,10.843770265579224,11844,100.0,0.0,0.0
4091,10.846834897994995,11844,100.0,0.0,0.0
4094,10.855480909347534,11844,100.0,0.0,0.0
4099,10.86788296699524,11844,100.0,0.0,0.0
4100,10.870704412460327,11844,100.0,0.0,0.0
4102,10.876102924346924,11844,100.0,0.0,0.0
4104,10.881626844406128,11844,100.0,0.0,0.0
4106,10.887268781661987,11844,100.0,0.0,0.0
4108,10.892846822738647,11844,100.0,0.0,0.0
4110,10.897812128067017,11844,100.0,0.0,0.0
4117,10.91612434387207,11844,100.0,0.0,0.0
4118,10.919254541397095,11844,100.0,0.0,0.0
4120,10.924930095672607,11844,100.0,0.0,0.0
4121,10.928406476974487,11844,100.0,0.0,0.0
4128,10.947025060653687,11844,100.0,0.0,0.0
4130,10.952449083328247,11844,100.0,0.0,0.0
4131,10.955850601196289,11844,100.0,0.0,0.0
4132,10.95904278755188,11844,100.0,0.0,0.0
4138,10.979107141494751,11844,100.0,0.0,0.0
4139,10.982035875320435,11844,100.0,0.0,0.0
4140,10.984599113464355,11844,100.0,0.0,0.0
4145,10.999053239822388,11844,100.0,0.0,0.0
4146,11.002075433731079,11844,100.0,0.0,0.0
4148,11.007787227630615,11844,100.0,0.0,0.0
4149,11.010819435119629,11844,100.0,0.0,0.0
4150,11.013820886611938,11844,100.0,0.0,0.0
4151,11.016810894012451,11844,100.0,0.0,0.0
4153,11.02235198020935,11844,100.0,0.0,0.0
4154,11.025814533233643,11844,100.0,0.0,0.0
4158,11.03765869140625,11844,100.0,0.0,0.0
4160,11.043892621994019,11844,100.0,0.0,0.0
4163,11.05271029472351,11844,100.0,0.0,0.0
4167,11.065746545791626,11844,100.0,0.0,0.0
4169,11.071957349777222,11844,100.0,0.0,0.0
4170,11.07466197013855,11844,100.0,0.0,0.0
4171,11.077964544296265,11844,100.0,0.0,0.0
4176,11.092581987380981,11844,100.0,0.0,0.0
4180,11.10184121131897,11844,100.0,0.0,0.0
4182,11.10727834701538,11844,100.0,0.0,0.0
4188,11.125436782836914,11844,100.0,0.0,0.0
4190,11.130055904388428,11844,100.0,0.0,0.0
4199,11.154221296310425,11844,100.0,0.0,0.0
4200,11.156909704208374,11844,100.0,0.0,0.0
4204,11.168407440185547,11844,100.0,0.0,0.0
4206,11.173731088638306,11844,100.0,0.0,0.0
4208,11.179723978042603,11844,100.0,0.0,0.0
4210,11.18589735031128,11844,100.0,0.0,0.0
4211,11.188979864120483,11844,100.0,0.0,0.0
4213,11.195147275924683,11844,100.0,0.0,0.0
4217,11.206675291061401,11844,100.0,0.0,0.0
4218,11.209725618362427,11844,100.0,0.0,0.0
4220,11.215409994125366,11844,100.0,0.0,0.0
4223,11.225204706192017,11844,100.0,0.0,0.0
4225,11.231531858444214,11844,100.0,0.0,0.0
4227,11.237375974655151,11844,100.0,0.0,0.0
4228,11.240605115890503,11844,100.0,0.0,0.0
4230,11.245900869369507,11844,100.0,0.0,0.0
4234,11.257132053375244,11844,100.0,0.0,0.0
4236,11.262060642242432,11844,100.0,0.0,0.0
4237,11.265982627868652,11844,100.0,0.0,0.0
4239,11.272323846817017,11844,100.0,0.0,0.0
4240,11.27468466758728,11844,100.0,0.0,0.0
4244,11.287380456924438,11844,100.0,0.0,0.0
4250,11.3064706325531,11844,100.0,0.0,0.0
4256,11.328939437866211,11844,100.0,0.0,0.0
4257,11.332011699676514,11844,100.0,0.0,0.0
4260,11.34000563621521,11844,100.0,0.0,0.0
4264,11.351598501205444,11844,100.0,0.0,0.0
4266,11.359772205352783,11844,100.0,0.0,0.0
4267,11.363163471221924,11844,100.0,0.0,0.0
4268,11.367091417312622,11844,100.0,0.0,0.0
4270,11.373264074325562,11844,100.0,0.0,0.0
4278,11.396897315979004,11844,100.0,0.0,0.0
4279,11.40114688873291,11844,100.0,0.0,0.0
4280,11.403995275497437,11844,100.0,0.0,0.0
4281,11.407166957855225,11844,100.0,0.0,0.0
4283,11.41296911239624,11844,100.0,0.0,0.0
4284,11.416071891784668,11844,100.0,0.0,0.0
4286,11.421040534973145,11844,100.0,0.0,0.0
4288,11.427720546722412,11844,100.0,0.0,0.0
4290,11.432742357254028,11844,100.0,0.0,0.0
4296,11.44892430305481,11844,100.0,0.0,0.0
4300,11.458697319030762,11844,100.0,0.0,0.0
4310,11.485498905181885,11844,100.0,0.0,0.0
4311,11.488542556762695,11844,100.0,0.0,0.0
4313,11.493221521377563,11844,100.0,0.0,0.0
4318,11.50818681716919,11844,100.0,0.0,0.0
4320,11.514742612838745,11844,100.0,0.0,0.0
4322,11.52152681350708,11844,100.0,0.0,0.0
4325,11.530287027359009,11844,100.0,0.0,0.0
4326,11.53337550163269,11844,100.0,0.0,0.0
4329,11.541971445083618,11844,100.0,0.0,0.0
4330,11.544909715652466,11844,100.0,0.0,0.0
4334,11.555583238601685,11844,100.0,0.0,0.0
4336,11.562556743621826,11844,100.0,0.0,0.0
4340,11.574939250946045,11844,100.0,0.0,0.0
4348,11.597339630126953,11844,100.0,0.0,0.0
4350,11.602680683135986,11844,100.0,0.0,0.0
4351,11.60581374168396,11844,100.0,0.0,0.0
4352,11.608765602111816,11844,100.0,0.0,0.0
4356,11.61915898323059,11844,100.0,0.0,0.0
4360,11.63048505783081,11844,100.0,0.0,0.0
4366,11.647586107254028,11844,100.0,0.0,0.0
4370,11.658446788787842,11844,100.0,0.0,0.0
4371,11.661577463150024,11844,100.0,0.0,0.0
4374,11.669711112976074,11844,100.0,0.0,0.0
4375,11.672785520553589,11844,100.0,0.0,0.0
4377,11.678938388824463,11844,100.0,0.0,0.0
4378,11.682114124298096,11844,100.0,0.0,0.0
4379,11.685488224029541,11844,100.0,0.0,0.0
4380,11.688125848770142,11844,100.0,0.0,0.0
4384,11.698277711868286,11844,100.0,0.0,0.0
4388,11.708793640136719,11844,100.0,0.0,0.0
4390,11.714105606079102,11844,100.0,0.0,0.0
4393,11.722524404525757,11844,100.0,0.0,0.0
4399,11.740030765533447,11844,100.0,0.0,0.0
4400,11.742642641067505,11844,100.0,0.0,0.0
4401,11.745748043060303,11844,100.0,0.0,0.0
4407,11.762271642684937,11844,100.0,0.0,0.0
4410,11.771207332611084,11844,100.0,0.0,0.0
4411,11.77494478225708,11844,100.0,0.0,0.0
4412,11.779072761535645,11844,100.0,0.0,0.0
4419,11.799597024917603,11844,100.0,0.0,0.0
4420,11.802685499191284,11844,100.0,0.0,0.0
4425,11.817774534225464,11844,100.0,0.0,0.0
4430,11.831970453262329,11844,100.0,0.0,0.0
4431,11.835106611251831,11844,100.0,0.0,0.0
4432,11.838346481323242,11844,100.0,0.0,0.0
4435,11.847275972366333,11844,100.0,0.0,0.0
4439,11.858660459518433,11844,100.0,0.0,0.0
4440,11.862104177474976,11844,100.0,0.0,0.0
4442,11.867975234985352,11844,100.0,0.0,0.0
4443,11.870834350585938,11844,100.0,0.0,0.0
4445,11.876444339752197,11844,100.0,0.0,0.0
4448,11.88457441329956,11844,100.0,0.0,0.0
4449,11.887611865997314,11844,100.0,0.0,0.0
4450,11.890342473983765,11844,100.0,0.0,0.0
4451,11.893350601196289,11844,100.0,0.0,0.0
4453,11.898766040802002,11844,100.0,0.0,0.0
4455,11.90446162223816,11844,100.0,0.0,0.0
4456,11.90733814239502,11844,100.0,0.0,0.0
4457,11.910171031951904,11844,100.0,0.0,0.0
4460,11.917105674743652,11844,100.0,0.0,0.0
4461,11.920173406600952,11844,100.0,0.0,0.0
4465,11.929829120635986,11844,100.0,0.0,0.0
4470,11.941877603530884,11844,100.0,0.0,0.0
4471,11.94484281539917,11844,100.0,0.0,0.0
4473,11.950555562973022,11844,100.0,0.0,0.0
4479,11.96663522720337,11844,100.0,0.0,0.0
4480,11.969186305999756,11844,100.0,0.0,0.0
4482,11.974823474884033,11844,100.0,0.0,0.0
4485,11.982182741165161,11844,100.0,0.0,0.0
4490,11.995502233505249,11844,100.0,0.0,0.0
4492,12.001115083694458,11844,100.0,0.0,0.0
4493,12.00416898727417,11844,100.0,0.0,0.0
4500,12.02129340171814,11844,100.0,0.0,0.0
4503,12.029426097869873,11844,100.0,0.0,0.0
4506,12.039580821990967,11844,100.0,0.0,0.0
4510,12.049960136413574,11844,100.0,0.0,0.0
4511,12.052837133407593,11844,100.0,0.0,0.0
4512,12.055779933929443,11844,100.0,0.0,0.0
4513,12.058639287948608,11844,100.0,0.0,0.0
4515,12.064183712005615,11844,100.0,0.0,0.0
4517,12.069069385528564,11844,100.0,0.0,0.0
4519,12.07504653930664,11844,100.0,0.0,0.0
4520,12.077766180038452,11844,100.0,0.0,0.0
4527,12.095443725585938,11844,100.0,0.0,0.0
4530,12.10308837890625,11844,100.0,0.0,0.0
4533,12.110994100570679,11844,100.0,0.0,0.0
4534,12.11383867263794,11844,100.0,0.0,0.0
4535,12.116937160491943,11844,100.0,0.0,0.0
4538,12.125392436981201,11844,100.0,0.0,0.0
4539,12.1282057762146,11844,100.0,0.0,0.0
4540,12.130716323852539,11844,100.0,0.0,0.0
4541,12.133733987808228,11844,100.0,0.0,0.0
4543,12.139253854751587,11844,100.0,0.0,0.0
4544,12.142287015914917,11844,100.0,0.0,0.0
4550,12.156141996383667,11844,100.0,0.0,0.0
4553,12.163801908493042,11844,100.0,0.0,0.0
4554,12.166766881942749,11844,100.0,0.0,0.0
4558,12.176320791244507,11844,100.0,0.0,0.0
4560,12.181355953216553,11844,100.0,0.0,0.0
4561,12.184218406677246,11844,100.0,0.0,0.0
4563,12.189318656921387,11844,100.0,0.0,0.0
4566,12.198168516159058,11844,100.0,0.0,0.0
4570,12.208932638168335,11844,100.0,0.0,0.0
4578,12.230523824691772,11844,100.0,0.0,0.0
4580,12.234973669052124,11844,100.0,0.0,0.0
4583,12.242959260940552,11844,100.0,0.0,0.0
4589,12.25951361656189,11844,100.0,0.0,0.0
4590,12.262110948562622,11844,100.0,0.0,0.0
4591,12.265215396881104,11844,100.0,0.0,0.0
4598,12.285582780838013,11844,100.0,0.0,0.0
4599,12.288793802261353,11844,100.0,0.0,0.0
4600,12.292132139205933,11844,100.0,0.0,0.0
4605,12.306940078735352,11844,100.0,0.0,0.0
4610,12.323188543319702,11844,100.0,0.0,0.0
4618,12.345370054244995,11844,100.0,0.0,0.0
4619,12.348368644714355,11844,100.0,0.0,0.0
4620,12.35125470161438,11844,100.0,0.0,0.0
4622,12.35701060295105,11844,100.0,0.0,0.0
4626,12.367608070373535,11844,100.0,0.0,0.0
4627,12.37061071395874,11844,100.0,0.0,0.0
4629,12.376250267028809,11844,100.0,0.0,0.0
4630,12.379155397415161,11844,100.0,0.0,0.0
4633,12.387439727783203,11844,100.0,0.0,0.0
4634,12.390267372131348,11844,100.0,0.0,0.0
4638,12.400254964828491,11844,100.0,0.0,0.0
4639,12.403123378753662,11844,100.0,0.0,0.0
4640,12.405563592910767,11844,100.0,0.0,0.0
4644,12.4175283908844,11844,100.0,0.0,0.0
4647,12.425756931304932,11844,100.0,0.0,0.0
4648,12.428722143173218,11844,100.0,0.0,0.0
4650,12.434885263442993,11844,100.0,0.0,0.0
4652,12.440811157226562,11844,100.0,0.0,0.0
4654,12.447500705718994,11844,100.0,0.0,0.0
4657,12.456202268600464,11844,100.0,0.0,0.0
4660,12.46440052986145,11844,100.0,0.0,0.0
4661,12.467957973480225,11844,100.0,0.0,0.0
4664,12.476708889007568,11844,100.0,0.0,0.0
4665,12.47976016998291,11844,100.0,0.0,0.0
4667,12.48556137084961,11844,100.0,0.0,0.0
4670,12.493205785751343,11844,100.0,0.0,0.0
4676,12.51045846939087,11844,100.0,0.0,0.0
4678,12.51699185371399,11844,100.0,0.0,0.0
4679,12.52026104927063,11844,100.0,0.0,0.0
4680,12.523595571517944,11844,100.0,0.0,0.0
4681,12.526617765426636,11844,100.0,0.0,0.0
4683,12.532512903213501,11844,100.0,0.0,0.0
4686,12.54146409034729,11844,100.0,0.0,0.0
4689,12.549696445465088,11844,100.0,0.0,0.0
4690,12.552332401275635,11844,100.0,0.0,0.0
4691,12.55758547782898,11844,100.0,0.0,0.0
4692,12.560950517654419,11844,100.0,0.0,0.0
4695,12.56954050064087,11844,100.0,0.0,0.0
4700,12.58310604095459,11844,100.0,0.0,0.0
4702,12.588874578475952,11844,100.0,0.0,0.0
4706,12.599792718887329,11844,100.0,0.0,0.0
4710,12.611196994781494,11844,100.0,0.0,0.0
4714,12.627796173095703,11844,100.0,0.0,0.0
4716,12.634002447128296,11844,100.0,0.0,0.0
4718,12.639891386032104,11844,100.0,0.0,0.0
4719,12.642932891845703,11844,100.0,0.0,0.0
4720,12.645582437515259,11844,100.0,0.0,0.0
4723,12.654280424118042,11844,100.0,0.0,0.0
4724,12.657427787780762,11844,100.0,0.0,0.0
4726,12.66305685043335,11844,100.0,0.0,0.0
4728,12.668556451797485,11844,100.0,0.0,0.0
4729,12.671418905258179,11844,100.0,0.0,0.0
4730,12.673912048339844,11844,100.0,0.0,0.0
4732,12.679705142974854,11844,100.0,0.0,0.0
4740,12.700369119644165,11844,100.0,0.0,0.0
4744,12.711280107498169,11844,100.0,0.0,0.0
4749,12.723639249801636,11844,100.0,0.0,0.0
4750,12.726020097732544,11844,100.0,0.0,0.0
4752,12.731359004974365,11844,100.0,0.0,0.0
4760,12.750787258148193,11844,100.0,0.0,0.0
4762,12.756302118301392,11844,100.0,0.0,0.0
4764,12.761874437332153,11844,100.0,0.0,0.0
4768,12.772990703582764,11844,100.0,0.0,0.0
4770,12.778166770935059,11844,100.0,0.0,0.0
4771,12.781155347824097,11844,100.0,0.0,0.0
4772,12.784117460250854,11844,100.0,0.0,0.0
4776,12.79492735862732,11844,100.0,0.0,0.0
4777,12.797788858413696,11844,100.0,0.0,0.0
4780,12.80449390411377,11844,100.0,0.0,0.0
4781,12.807408571243286,11844,100.0,0.0,0.0
4790,12.830729722976685,11844,100.0,0.0,0.0
4793,12.837887525558472,11844,100.0,0.0,0.0
4799,12.853428363800049,11844,100.0,0.0,0.0
4800,12.856208086013794,11844,100.0,0.0,0.0
4804,12.866456508636475,11844,100.0,0.0,0.0
4805,12.869223594665527,11844,100.0,0.0,0.0
4808,12.876796245574951,11844,100.0,0.0,0.0
4810,12.882263898849487,11844,100.0,0.0,0.0
4814,12.892619371414185,11844,100.0,0.0,0.0
4818,12.903170585632324,11844,100.0,0.0,0.0
4820,12.907825708389282,11844,100.0,0.0,0.0
4824,12.918652296066284,11844,100.0,0.0,0.0
4826,12.924623727798462,11844,100.0,0.0,0.0
4827,12.927547693252563,11844,100.0,0.0,0.0
4830,12.935435771942139,11844,100.0,0.0,0.0
4831,12.9385666847229,11844,100.0,0.0,0.0
4837,12.954832792282104,11844,100.0,0.0,0.0
4838,12.957798480987549,11844,100.0,0.0,0.0
4840,12.963104486465454,11844,100.0,0.0,0.0
4843,12.970664978027344,11844,100.0,0.0,0.0
4847,12.981579065322876,11844,100.0,0.0,0.0
4850,12.989280939102173,11844,100.0,0.0,0.0
4858,13.009993553161621,11844,100.0,0.0,0.0
4860,13.015562772750854,11844,100.0,0.0,0.0
4866,13.032872676849365,11844,100.0,0.0,0.0
4870,13.047088623046875,11844,100.0,0.0,0.0
4871,13.050393104553223,11844,100.0,0.0,0.0
4873,13.056254148483276,11844,100.0,0.0,0.0
4874,13.05934762954712,11844,100.0,0.0,0.0
4877,13.068203926086426,11844,100.0,0.0,0.0
4880,13.075594902038574,11844,100.0,0.0,0.0
4882,13.080585479736328,11844,100.0,0.0,0.0
4884,13.086217641830444,11844,100.0,0.0,0.0
4890,13.102161407470703,11844,100.0,0.0,0.0
4891,13.105254888534546,11844,100.0,0.0,0.0
4893,13.111140966415405,11844,100.0,0.0,0.0
4896,13.119362592697144,11844,100.0,0.0,0.0
4900,13.129972696304321,11844,100.0,0.0,0.0
4902,13.13462495803833,11844,100.0,0.0,0.0
4903,13.137391567230225,11844,100.0,0.0,0.0
4905,13.142835140228271,11844,100.0,0.0,0.0
4908,13.14947772026062,11844,100.0,0.0,0.0
4910,13.155048370361328,11844,100.0,0.0,0.0
4914,13.165458679199219,11844,100.0,0.0,0.0
4920,13.17948031425476,11844,100.0,0.0,0.0
4921,13.182399988174438,11844,100.0,0.0,0.0
4922,13.185371160507202,11844,100.0,0.0,0.0
4924,13.189846754074097,11844,100.0,0.0,0.0
4926,13.195175886154175,11844,100.0,0.0,0.0
4927,13.198490381240845,11844,100.0,0.0,0.0
4928,13.201669692993164,11844,100.0,0.0,0.0
4930,13.207137823104858,11844,100.0,0.0,0.0
4931,13.210303783416748,11844,100.0,0.0,0.0
4932,13.2132728099823,11844,100.0,0.0,0.0
4933,13.216197729110718,11844,100.0,0.0,0.0
4937,13.227590799331665,11844,100.0,0.0,0.0
4940,13.234769105911255,11844,100.0,0.0,0.0
4943,13.2432701587677,11844,100.0,0.0,0.0
4945,13.248869895935059,11844,100.0,0.0,0.0
4950,13.260967254638672,11844,100.0,0.0,0.0
4951,13.264029026031494,11844,100.0,0.0,0.0
4953,13.269717693328857,11844,100.0,0.0,0.0
4957,13.27968168258667,11844,100.0,0.0,0.0
4960,13.28793215751648,11844,100.0,0.0,0.0
4963,13.296990156173706,11844,100.0,0.0,0.0
4964,13.30012059211731,11844,100.0,0.0,0.0
4966,13.305861711502075,11844,100.0,0.0,0.0
4968,13.311506748199463,11844,100.0,0.0,0.0
4969,13.314465522766113,11844,100.0,0.0,0.0
4970,13.317190885543823,11844,100.0,0.0,0.0
4974,13.328818082809448,11844,100.0,0.0,0.0
4976,13.33500862121582,11844,100.0,0.0,0.0
4980,13.346564769744873,11844,100.0,0.0,0.0
4981,13.349636554718018,11844,100.0,0.0,0.0
4982,13.352668523788452,11844,100.0,0.0,0.0
4983,13.355690002441406,11844,100.0,0.0,0.0
4986,13.364331483840942,11844,100.0,0.0,0.0
4987,13.367374658584595,11844,100.0,0.0,0.0
4988,13.3706955909729,11844,100.0,0.0,0.0
4989,13.37373161315918,11844,100.0,0.0,0.0
4990,13.376315593719482,11844,100.0,0.0,0.0
4991,13.379314422607422,11844,100.0,0.0,0.0
4996,13.392725706100464,11844,100.0,0.0,0.0
4997,13.395586013793945,11844,100.0,0.0,0.0
4998,13.398431777954102,11844,100.0,0.0,0.0
4999,13.401475429534912,11844,100.0,0.0,0.0
5000,13.404125928878784,11844,100.0,0.0,0.0
5004,13.414036989212036,11844,100.0,0.0,0.0
5005,13.416930198669434,11844,100.0,0.0,0.0
5010,13.429592370986938,11844,100.0,0.0,0.0
5014,13.440464735031128,11844,100.0,0.0,0.0
5020,13.45625638961792,11844,100.0,0.0,0.0
5021,13.459391117095947,11844,100.0,0.0,0.0
5022,13.462494611740112,11844,100.0,0.0,0.0
5026,13.473647832870483,11844,100.0,0.0,0.0
5030,13.483824968338013,11844,100.0,0.0,0.0
5031,13.486800909042358,11844,100.0,0.0,0.0
5033,13.492294549942017,11844,100.0,0.0,0.0
5037,13.50339651107788,11844,100.0,0.0,0.0
5040,13.511723041534424,11844,100.0,0.0,0.0
5042,13.517657041549683,11844,100.0,0.0,0.0
5045,13.526237964630127,11844,100.0,0.0,0.0
5046,13.529296398162842,11844,100.0,0.0,0.0
5050,13.540295362472534,11844,100.0,0.0,0.0
5052,13.546005010604858,11844,100.0,0.0,0.0
5053,13.54890775680542,11844,100.0,0.0,0.0
5054,13.551838159561157,11844,100.0,0.0,0.0
5060,13.566901206970215,11844,100.0,0.0,0.0
5061,13.570067167282104,11844,100.0,0.0,0.0
5062,13.573054552078247,11844,100.0,0.0,0.0
5064,13.578832626342773,11844,100.0,0.0,0.0
5069,13.59225583076477,11844,100.0,0.0,0.0
5070,13.594860792160034,11844,100.0,0.0,0.0
5077,13.613496780395508,11844,100.0,0.0,0.0
5080,13.620564460754395,11844,100.0,0.0,0.0
5081,13.623528718948364,11844,100.0,0.0,0.0
5082,13.626385927200317,11844,100.0,0.0,0.0
5085,13.637575149536133,11844,100.0,0.0,0.0
5086,13.640979766845703,11844,100.0,0.0,0.0
5090,13.651159524917603,11844,100.0,0.0,0.0
5091,13.65406084060669,11844,100.0,0.0,0.0
5093,13.659966230392456,11844,100.0,0.0,0.0
5094,13.66297197341919,11844,100.0,0.0,0.0
5098,13.673922300338745,11844,100.0,0.0,0.0
5100,13.679134368896484,11844,100.0,0.0,0.0
5102,13.684766054153442,11844,100.0,0.0,0.0
5103,13.687906980514526,11844,100.0,0.0,0.0
5104,13.690801858901978,11844,100.0,0.0,0.0
5106,13.695409297943115,11844,100.0,0.0,0.0
5110,13.705637216567993,11844,100.0,0.0,0.0
5112,13.7113516330719,11844,100.0,0.0,0.0
5116,13.720504760742188,11844,100.0,0.0,0.0
5118,13.725157022476196,11844,100.0,0.0,0.0
5119,13.72801423072815,11844,100.0,0.0,0.0
5120,13.730432271957397,11844,100.0,0.0,0.0
5121,13.733319997787476,11844,100.0,0.0,0.0
5125,13.743366241455078,11844,100.0,0.0,0.0
5126,13.74629831314087,11844,100.0,0.0,0.0
5127,13.749292850494385,11844,100.0,0.0,0.0
5128,13.752102375030518,11844,100.0,0.0,0.0
5130,13.757591009140015,11844,100.0,0.0,0.0
5134,13.768471956253052,11844,100.0,0.0,0.0
5135,13.771381616592407,11844,100.0,0.0,0.0
5140,13.784411907196045,11844,100.0,0.0,0.0
5141,13.787415742874146,11844,100.0,0.0,0.0
5148,13.803186416625977,11844,100.0,0.0,0.0
5150,13.808265447616577,11844,100.0,0.0,0.0
5152,13.813896656036377,11844,100.0,0.0,0.0
5154,13.819187879562378,11844,100.0,0.0,0.0
5160,13.83254599571228,11844,100.0,0.0,0.0
5163,13.841265678405762,11844,100.0,0.0,0.0
5165,13.84691834449768,11844,100.0,0.0,0.0
5166,13.849880456924438,11844,100.0,0.0,0.0
5168,13.854668140411377,11844,100.0,0.0,0.0
5170,13.859733819961548,11844,100.0,0.0,0.0
5175,13.872253656387329,11844,100.0,0.0,0.0
5179,13.883038520812988,11844,100.0,0.0,0.0
5180,13.885568857192993,11844,100.0,0.0,0.0
5182,13.891092777252197,11844,100.0,0.0,0.0
5187,13.904239892959595,11844,100.0,0.0,0.0
5189,13.90981936454773,11844,100.0,0.0,0.0
5190,13.912429809570312,11844,100.0,0.0,0.0
5192,13.917993307113647,11844,100.0,0.0,0.0
5198,13.932163953781128,11844,100.0,0.0,0.0
5199,13.935061931610107,11844,100.0,0.0,0.0
5200,13.93750786781311,11844,100.0,0.0,0.0
5201,13.94049859046936,11844,100.0,0.0,0.0
5202,13.94353699684143,11844,100.0,0.0,0.0
5204,13.949106454849243,11844,100.0,0.0,0.0
5209,13.962360620498657,11844,100.0,0.0,0.0
5210,13.96539044380188,11844,100.0,0.0,0.0
5218,13.985438823699951,11844,100.0,0.0,0.0
5219,13.988353490829468,11844,100.0,0.0,0.0
5220,13.990779161453247,11844,100.0,0.0,0.0
5221,13.993622541427612,11844,100.0,0.0,0.0
5224,14.001618385314941,11844,100.0,0.0,0.0
5230,14.01808476448059,11844,100.0,0.0,0.0
5234,14.02889347076416,11844,100.0,0.0,0.0
5239,14.04545259475708,11844,100.0,0.0,0.0
5240,14.048339605331421,11844,100.0,0.0,0.0
5248,14.071725130081177,11844,100.0,0.0,0.0
5249,14.074969053268433,11844,100.0,0.0,0.0
5250,14.077871322631836,11844,100.0,0.0,0.0
5251,14.081289529800415,11844,100.0,0.0,0.0
5254,14.089116096496582,11844,100.0,0.0,0.0
5255,14.092120170593262,11844,100.0,0.0,0.0
5256,14.095075607299805,11844,100.0,0.0,0.0
5260,14.106280088424683,11844,100.0,0.0,0.0
5266,14.120964288711548,11844,100.0,0.0,0.0
5268,14.126908779144287,11844,100.0,0.0,0.0
5270,14.132712125778198,11844,100.0,0.0,0.0
5277,14.152953386306763,11844,100.0,0.0,0.0
5278,14.156044006347656,11844,100.0,0.0,0.0
5280,14.161458969116211,11844,100.0,0.0,0.0
5281,14.164722919464111,11844,100.0,0.0,0.0
5282,14.16759967803955,11844,100.0,0.0,0.0
5286,14.178207635879517,11844,100.0,0.0,0.0
5287,14.181205034255981,11844,100.0,0.0,0.0
5288,14.184133291244507,11844,100.0,0.0,0.0
5290,14.189371347427368,11844,100.0,0.0,0.0
5298,14.212219953536987,11844,100.0,0.0,0.0
5300,14.216850996017456,11844,100.0,0.0,0.0
5304,14.22964596748352,11844,100.0,0.0,0.0
5310,14.247846126556396,11844,100.0,0.0,0.0
5311,14.251030683517456,11844,100.0,0.0,0.0
5313,14.255796194076538,11844,100.0,0.0,0.0
5315,14.262380123138428,11844,100.0,0.0,0.0
5317,14.26735806465149,11844,100.0,0.0,0.0
5319,14.273030042648315,11844,100.0,0.0,0.0
5320,14.275660276412964,11844,100.0,0.0,0.0
5321,14.278710842132568,11844,100.0,0.0,0.0
5328,14.298008680343628,11844,100.0,0.0,0.0
5330,14.303324460983276,11844,100.0,0.0,0.0
5331,14.306323528289795,11844,100.0,0.0,0.0
5336,14.322116136550903,11844,100.0,0.0,0.0
5337,14.325532674789429,11844,100.0,0.0,0.0
5338,14.328764915466309,11844,100.0,0.0,0.0
5339,14.33264708518982,11844,100.0,0.0,0.0
5340,14.33545708656311,11844,100.0,0.0,0.0
5342,14.341691493988037,11844,100.0,0.0,0.0
5347,14.35583209991455,11844,100.0,0.0,0.0
5348,14.358886241912842,11844,100.0,0.0,0.0
5350,14.36371660232544,11844,100.0,0.0,0.0
5352,14.370355129241943,11844,100.0,0.0,0.0
5358,14.388663530349731,11844,100.0,0.0,0.0
5360,14.394683599472046,11844,100.0,0.0,0.0
5362,14.400541067123413,11844,100.0,0.0,0.0
5363,14.403560876846313,11844,100.0,0.0,0.0
5369,14.418713092803955,11844,100.0,0.0,0.0
5370,14.420607089996338,11844,100.0,0.0,0.0
5374,14.431963205337524,11844,100.0,0.0,0.0
5379,14.446385145187378,11844,100.0,0.0,0.0
5380,14.448096752166748,11844,100.0,0.0,0.0
5382,14.453479766845703,11844,100.0,0.0,0.0
5383,14.456666946411133,11844,100.0,0.0,0.0
5384,14.459543943405151,11844,100.0,0.0,0.0
5386,14.465463399887085,11844,100.0,0.0,0.0
5387,14.46850299835205,11844,100.0,0.0,0.0
5390,14.476378440856934,11844,100.0,0.0,0.0
5400,14.50240159034729,11844,100.0,0.0,0.0
5403,14.510528326034546,11844,100.0,0.0,0.0
5405,14.515837669372559,11844,100.0,0.0,0.0
5406,14.518970012664795,11844,100.0,0.0,0.0
5410,14.529781579971313,11844,100.0,0.0,0.0
5412,14.535603761672974,11844,100.0,0.0,0.0
5413,14.538562059402466,11844,100.0,0.0,0.0
5414,14.541543960571289,11844,100.0,0.0,0.0
5418,14.552306175231934,11844,100.0,0.0,0.0
5419,14.555197715759277,11844,100.0,0.0,0.0
5420,14.557715654373169,11844,100.0,0.0,0.0
5423,14.566611528396606,11844,100.0,0.0,0.0
5424,14.56953477859497,11844,100.0,0.0,0.0
5430,14.585274696350098,11844,100.0,0.0,0.0
5432,14.590884685516357,11844,100.0,0.0,0.0
5435,14.599064350128174,11844,100.0,0.0,0.0
5438,14.607189416885376,11844,100.0,0.0,0.0
5440,14.612427949905396,11844,100.0,0.0,0.0
5450,14.636813640594482,11844,100.0,0.0,0.0
5451,14.63979196548462,11844,100.0,0.0,0.0
5453,14.64571237564087,11844,100.0,0.0,0.0
5455,14.651260137557983,11844,100.0,0.0,0.0
5458,14.66014552116394,11844,100.0,0.0,0.0
5459,14.6631920337677,11844,100.0,0.0,0.0
5460,14.66495156288147,11844,100.0,0.0,0.0
5461,14.6679368019104,11844,100.0,0.0,0.0
5467,14.680851459503174,11844,100.0,0.0,0.0
5469,14.686938285827637,11844,100.0,0.0,0.0
5470,14.689478874206543,11844,100.0,0.0,0.0
5474,14.699631690979004,11844,100.0,0.0,0.0
5475,14.702766180038452,11844,100.0,0.0,0.0
5480,14.716127395629883,11844,100.0,0.0,0.0
5481,14.71915578842163,11844,100.0,0.0,0.0
5482,14.722196817398071,11844,100.0,0.0,0.0
5488,14.738305807113647,11844,100.0,0.0,0.0
5490,14.744178533554077,11844,100.0,0.0,0.0
5499,14.769339084625244,11844,100.0,0.0,0.0
5500,14.772001028060913,11844,100.0,0.0,0.0
5506,14.786876678466797,11844,100.0,0.0,0.0
5507,14.789985418319702,11844,100.0,0.0,0.0
5508,14.79311466217041,11844,100.0,0.0,0.0
5509,14.796360969543457,11844,100.0,0.0,0.0
5510,14.799433469772339,11844,100.0,0.0,0.0
5516,14.814459562301636,11844,100.0,0.0,0.0
5517,14.817452192306519,11844,100.0,0.0,0.0
5520,14.824714660644531,11844,100.0,0.0,0.0
5521,14.827957153320312,11844,100.0,0.0,0.0
5525,14.83816146850586,11844,100.0,0.0,0.0
5527,14.844348430633545,11844,100.0,0.0,0.0
5530,14.852848529815674,11844,100.0,0.0,0.0
5533,14.861054182052612,11844,100.0,0.0,0.0
5540,14.880435228347778,11844,100.0,0.0,0.0
5545,14.894406080245972,11844,100.0,0.0,0.0
5549,14.904539823532104,11844,100.0,0.0,0.0
5550,14.90752363204956,11844,100.0,0.0,0.0
5552,14.913136720657349,11844,100.0,0.0,0.0
5555,14.920521259307861,11844,100.0,0.0,0.0
5556,14.923829078674316,11844,100.0,0.0,0.0
5559,14.931347846984863,11844,100.0,0.0,0.0
5560,14.933812379837036,11844,100.0,0.0,0.0
5562,14.93876051902771,11844,100.0,0.0,0.0
5564,14.944620132446289,11844,100.0,0.0,0.0
5567,14.954313039779663,11844,100.0,0.0,0.0
5568,14.958292007446289,11844,100.0,0.0,0.0
5570,14.964497804641724,11844,100.0,0.0,0.0
5577,14.985907793045044,11844,100.0,0.0,0.0
5580,14.993311882019043,11844,100.0,0.0,0.0
5582,14.998271703720093,11844,100.0,0.0,0.0
5590,15.019145488739014,11844,100.0,0.0,0.0
5598,15.03926157951355,11844,100.0,0.0,0.0
5600,15.046201229095459,11844,100.0,0.0,0.0
5604,15.05937933921814,11844,100.0,0.0,0.0
5605,15.062495231628418,11844,100.0,0.0,0.0
5606,15.065567970275879,11844,100.0,0.0,0.0
5609,15.074021577835083,11844,100.0,0.0,0.0
5610,15.07673454284668,11844,100.0,0.0,0.0
5611,15.079938411712646,11844,100.0,0.0,0.0
5614,15.088552713394165,11844,100.0,0.0,0.0
5615,15.091552019119263,11844,100.0,0.0,0.0
5620,15.105667114257812,11844,100.0,0.0,0.0
5625,15.119324922561646,11844,100.0,0.0,0.0
5626,15.12300419807434,11844,100.0,0.0,0.0
5627,15.126211643218994,11844,100.0,0.0,0.0
5629,15.13193964958191,11844,100.0,0.0,0.0
5630,15.134833097457886,11844,100.0,0.0,0.0
5634,15.144958972930908,11844,100.0,0.0,0.0
5638,15.156557321548462,11844,100.0,0.0,0.0
5640,15.161000728607178,11844,100.0,0.0,0.0
5642,15.166634798049927,11844,100.0,0.0,0.0
5647,15.17849087715149,11844,100.0,0.0,0.0
5650,15.184490442276001,11844,100.0,0.0,0.0
5652,15.190534114837646,11844,100.0,0.0,0.0
5654,15.197328329086304,11844,100.0,0.0,0.0
5656,15.20450758934021,11844,100.0,0.0,0.0
5660,15.216519594192505,11844,100.0,0.0,0.0
5661,15.219903469085693,11844,100.0,0.0,0.0
5667,15.237056493759155,11844,100.0,0.0,0.0
5670,15.244400024414062,11844,100.0,0.0,0.0
5674,15.25453233718872,11844,100.0,0.0,0.0
5675,15.25764513015747,11844,100.0,0.0,0.0
5677,15.262969493865967,11844,100.0,0.0,0.0
5678,15.265697002410889,11844,100.0,0.0,0.0
5679,15.268660068511963,11844,100.0,0.0,0.0
5680,15.271597862243652,11844,100.0,0.0,0.0
5685,15.284125089645386,11844,100.0,0.0,0.0
5690,15.296029329299927,11844,100.0,0.0,0.0
5691,15.298932552337646,11844,100.0,0.0,0.0
5695,15.308488368988037,11844,100.0,0.0,0.0
5699,15.319348335266113,11844,100.0,0.0,0.0
5700,15.32192087173462,11844,100.0,0.0,0.0
5706,15.335994958877563,11844,100.0,0.0,0.0
5710,15.346442699432373,11844,100.0,0.0,0.0
5711,15.349535703659058,11844,100.0,0.0,0.0
5712,15.352378606796265,11844,100.0,0.0,0.0
5716,15.364567995071411,11844,100.0,0.0,0.0
5719,15.372727155685425,11844,100.0,0.0,0.0
5720,15.375277280807495,11844,100.0,0.0,0.0
5721,15.378268480300903,11844,100.0,0.0,0.0
5722,15.381283283233643,11844,100.0,0.0,0.0
5728,15.397013902664185,11844,100.0,0.0,0.0
5729,15.399836301803589,11844,100.0,0.0,0.0
5730,15.401468992233276,11844,100.0,0.0,0.0
5733,15.409142017364502,11844,100.0,0.0,0.0
5736,15.420520782470703,11844,100.0,0.0,0.0
5737,15.424011468887329,11844,100.0,0.0,0.0
5740,15.434116125106812,11844,100.0,0.0,0.0
5741,15.43766188621521,11844,100.0,0.0,0.0
5743,15.444611072540283,11844,100.0,0.0,0.0
5745,15.451822996139526,11844,100.0,0.0,0.0
5750,15.471332788467407,11844,100.0,0.0,0.0
5751,15.476027727127075,11844,100.0,0.0,0.0
5753,15.481959342956543,11844,100.0,0.0,0.0
5757,15.495622396469116,11844,100.0,0.0,0.0
5760,15.50852918624878,11844,100.0,0.0,0.0
5762,15.514543056488037,11844,100.0,0.0,0.0
5763,15.517576456069946,11844,100.0,0.0,0.0
5766,15.52511978149414,11844,100.0,0.0,0.0
5767,15.528041362762451,11844,100.0,0.0,0.0
5768,15.530877113342285,11844,100.0,0.0,0.0
5770,15.535980224609375,11844,100.0,0.0,0.0
5771,15.539092063903809,11844,100.0,0.0,0.0
5772,15.542019128799438,11844,100.0,0.0,0.0
5775,15.549894094467163,11844,100.0,0.0,0.0
5776,15.552654027938843,11844,100.0,0.0,0.0
5777,15.555338382720947,11844,100.0,0.0,0.0
5779,15.559839248657227,11844,100.0,0.0,0.0
5780,15.562348127365112,11844,100.0,0.0,0.0
5782,15.568121910095215,11844,100.0,0.0,0.0
5783,15.571079969406128,11844,100.0,0.0,0.0
5784,15.574021339416504,11844,100.0,0.0,0.0
5786,15.5796959400177,11844,100.0,0.0,0.0
5789,15.589070081710815,11844,100.0,0.0,0.0
5790,15.592124938964844,11844,100.0,0.0,0.0
5791,15.595215320587158,11844,100.0,0.0,0.0
5792,15.59816312789917,11844,100.0,0.0,0.0
5794,15.603792428970337,11844,100.0,0.0,0.0
5796,15.60934066772461,11844,100.0,0.0,0.0
5799,15.617598533630371,11844,100.0,0.0,0.0
5800,15.620491743087769,11844,100.0,0.0,0.0
5810,15.645546674728394,11844,100.0,0.0,0.0
5819,15.668957471847534,11844,100.0,0.0,0.0
5820,15.670751810073853,11844,100.0,0.0,0.0
5821,15.673808813095093,11844,100.0,0.0,0.0
5828,15.694124221801758,11844,100.0,0.0,0.0
5829,15.69717288017273,11844,100.0,0.0,0.0
5830,15.700139045715332,11844,100.0,0.0,0.0
5831,15.703030109405518,11844,100.0,0.0,0.0
5832,15.70595097541809,11844,100.0,0.0,0.0
5834,15.712132692337036,11844,100.0,0.0,0.0
5837,15.719943523406982,11844,100.0,0.0,0.0
5838,15.723012924194336,11844,100.0,0.0,0.0
5840,15.728338718414307,11844,100.0,0.0,0.0
5841,15.731350183486938,11844,100.0,0.0,0.0
5847,15.746405839920044,11844,100.0,0.0,0.0
5850,15.754610061645508,11844,100.0,0.0,0.0
5853,15.762731313705444,11844,100.0,0.0,0.0
5858,15.776189804077148,11844,100.0,0.0,0.0
5859,15.778968334197998,11844,100.0,0.0,0.0
5860,15.78144121170044,11844,100.0,0.0,0.0
5862,15.78712248802185,11844,100.0,0.0,0.0
5863,15.790152549743652,11844,100.0,0.0,0.0
5869,15.805166482925415,11844,100.0,0.0,0.0
5870,15.80810809135437,11844,100.0,0.0,0.0
5873,15.816276550292969,11844,100.0,0.0,0.0
5877,15.827221393585205,11844,100.0,0.0,0.0
5879,15.832643270492554,11844,100.0,0.0,0.0
5880,15.83506989479065,11844,100.0,0.0,0.0
5883,15.843197345733643,11844,100.0,0.0,0.0
5890,15.860587120056152,11844,100.0,0.0,0.0
5896,15.874640703201294,11844,100.0,0.0,0.0
5899,15.882957935333252,11844,100.0,0.0,0.0
5900,15.885426998138428,11844,100.0,0.0,0.0
5901,15.888357400894165,11844,100.0,0.0,0.0
5904,15.896241188049316,11844,100.0,0.0,0.0
5909,15.909607887268066,11844,100.0,0.0,0.0
5910,15.91208267211914,11844,100.0,0.0,0.0
5913,15.92025899887085,11844,100.0,0.0,0.0
5917,15.929770946502686,11844,100.0,0.0,0.0
5920,15.937557458877563,11844,100.0,0.0,0.0
5930,15.964141368865967,11844,100.0,0.0,0.0
5936,15.9802827835083,11844,100.0,0.0,0.0
5940,15.991255283355713,11844,100.0,0.0,0.0
5943,15.99925684928894,11844,100.0,0.0,0.0
5944,16.002193450927734,11844,100.0,0.0,0.0
5945,16.005041122436523,11844,100.0,0.0,0.0
5946,16.007949590682983,11844,100.0,0.0,0.0
5949,16.015479564666748,11844,100.0,0.0,0.0
5950,16.017980098724365,11844,100.0,0.0,0.0
5959,16.043083429336548,11844,100.0,0.0,0.0
5960,16.047394037246704,11844,100.0,0.0,0.0
5964,16.058351278305054,11844,100.0,0.0,0.0
5967,16.066501140594482,11844,100.0,0.0,0.0
5970,16.073586463928223,11844,100.0,0.0,0.0
5973,16.081154584884644,11844,100.0,0.0,0.0
5974,16.08426070213318,11844,100.0,0.0,0.0
5980,16.10048508644104,11844,100.0,0.0,0.0
5982,16.10611581802368,11844,100.0,0.0,0.0
5984,16.1117103099823,11844,100.0,0.0,0.0
5989,16.125496864318848,11844,100.0,0.0,0.0
5990,16.12809729576111,11844,100.0,0.0,0.0
5996,16.144312381744385,11844,100.0,0.0,0.0
5997,16.147265672683716,11844,100.0,0.0,0.0
5999,16.152883052825928,11844,100.0,0.0,0.0
6000,16.155399560928345,11844,100.0,0.0,0.0
6005,16.168190717697144,11844,100.0,0.0,0.0
6006,16.171461582183838,11844,100.0,0.0,0.0
6010,16.18156361579895,11844,100.0,0.0,0.0
6012,16.18733525276184,11844,100.0,0.0,0.0
6014,16.193360567092896,11844,100.0,0.0,0.0
6020,16.20883846282959,11844,100.0,0.0,0.0
6021,16.212392330169678,11844,100.0,0.0,0.0
6028,16.23166251182556,11844,100.0,0.0,0.0
6030,16.236316204071045,11844,100.0,0.0,0.0
6037,16.25646138191223,11844,100.0,0.0,0.0
6039,16.262123584747314,11844,100.0,0.0,0.0
6040,16.26469588279724,11844,100.0,0.0,0.0
6047,16.281771659851074,11844,100.0,0.0,0.0
6050,16.288910388946533,11844,100.0,0.0,0.0
6052,16.294702529907227,11844,100.0,0.0,0.0
6054,16.300639629364014,11844,100.0,0.0,0.0
6057,16.307982921600342,11844,100.0,0.0,0.0
6060,16.316401720046997,11844,100.0,0.0,0.0
6062,16.32219362258911,11844,100.0,0.0,0.0
6068,16.338545560836792,11844,100.0,0.0,0.0
6069,16.341514348983765,11844,100.0,0.0,0.0
6070,16.344136953353882,11844,100.0,0.0,0.0
6072,16.349785327911377,11844,100.0,0.0,0.0
6076,16.35968804359436,11844,100.0,0.0,0.0
6080,16.37188744544983,11844,100.0,0.0,0.0
6081,16.37498903274536,11844,100.0,0.0,0.0
6082,16.378023386001587,11844,100.0,0.0,0.0
6085,16.38646912574768,11844,100.0,0.0,0.0
6087,16.392401456832886,11844,100.0,0.0,0.0
6088,16.39542317390442,11844,100.0,0.0,0.0
6090,16.400996208190918,11844,100.0,0.0,0.0
6093,16.409316778182983,11844,100.0,0.0,0.0
6095,16.414750576019287,11844,100.0,0.0,0.0
6098,16.423166275024414,11844,100.0,0.0,0.0
6099,16.427024364471436,11844,100.0,0.0,0.0
6100,16.42969846725464,11844,100.0,0.0,0.0
6101,16.432920932769775,11844,100.0,0.0,0.0
6106,16.44650626182556,11844,100.0,0.0,0.0
6110,16.457682847976685,11844,100.0,0.0,0.0
6112,16.463748455047607,11844,100.0,0.0,0.0
6114,16.468580722808838,11844,100.0,0.0,0.0
6119,16.482179880142212,11844,100.0,0.0,0.0
6120,16.485157012939453,11844,100.0,0.0,0.0
6124,16.49539804458618,11844,100.0,0.0,0.0
6127,16.503946542739868,11844,100.0,0.0,0.0
6128,16.50692319869995,11844,100.0,0.0,0.0
6129,16.50991940498352,11844,100.0,0.0,0.0
6130,16.512632608413696,11844,100.0,0.0,0.0
6137,16.53473925590515,11844,100.0,0.0,0.0
6140,16.54368019104004,11844,100.0,0.0,0.0
6142,16.549484252929688,11844,100.0,0.0,0.0
6145,16.558332920074463,11844,100.0,0.0,0.0
6150,16.572194576263428,11844,100.0,0.0,0.0
6157,16.5922749042511,11844,100.0,0.0,0.0
6160,16.60000205039978,11844,100.0,0.0,0.0
6162,16.60578989982605,11844,100.0,0.0,0.0
6163,16.609097003936768,11844,100.0,0.0,0.0
6165,16.615221738815308,11844,100.0,0.0,0.0
6168,16.622983694076538,11844,100.0,0.0,0.0
6170,16.628188848495483,11844,100.0,0.0,0.0
6174,16.63877010345459,11844,100.0,0.0,0.0
6177,16.64640235900879,11844,100.0,0.0,0.0
6180,16.654310941696167,11844,100.0,0.0,0.0
6185,16.668466567993164,11844,100.0,0.0,0.0
6188,16.67709517478943,11844,100.0,0.0,0.0
6190,16.681649923324585,11844,100.0,0.0,0.0
6196,16.695733070373535,11844,100.0,0.0,0.0
6200,16.706331491470337,11844,100.0,0.0,0.0
6203,16.714614868164062,11844,100.0,0.0,0.0
6205,16.720294952392578,11844,100.0,0.0,0.0
6206,16.723350048065186,11844,100.0,0.0,0.0
6209,16.7322940826416,11844,100.0,0.0,0.0
6210,16.734132766723633,11844,100.0,0.0,0.0
6216,16.749510049819946,11844,100.0,0.0,0.0
6218,16.755704402923584,11844,100.0,0.0,0.0
6220,16.761406898498535,11844,100.0,0.0,0.0
6222,16.767191886901855,11844,100.0,0.0,0.0
6224,16.774118185043335,11844,100.0,0.0,0.0
6225,16.777804851531982,11844,100.0,0.0,0.0
6229,16.79152822494507,11844,100.0,0.0,0.0
6230,16.795090675354004,11844,100.0,0.0,0.0
6231,16.799269199371338,11844,100.0,0.0,0.0
6236,16.818381547927856,11844,100.0,0.0,0.0
6240,16.829528331756592,11844,100.0,0.0,0.0
6241,16.83278799057007,11844,100.0,0.0,0.0
6243,16.83961057662964,11844,100.0,0.0,0.0
6248,16.853748083114624,11844,100.0,0.0,0.0
6249,16.85667896270752,11844,100.0,0.0,0.0
6250,16.859126806259155,11844,100.0,0.0,0.0
6252,16.86382222175598,11844,100.0,0.0,0.0
6260,16.883125066757202,11844,100.0,0.0,0.0
6261,16.886178970336914,11844,100.0,0.0,0.0
6264,16.894239902496338,11844,100.0,0.0,0.0
6265,16.89708375930786,11844,100.0,0.0,0.0
6266,16.900291442871094,11844,100.0,0.0,0.0
6270,16.912099838256836,11844,100.0,0.0,0.0
6272,16.91855216026306,11844,100.0,0.0,0.0
6278,16.934916019439697,11844,100.0,0.0,0.0
6280,16.94031000137329,11844,100.0,0.0,0.0
6282,16.94604778289795,11844,100.0,0.0,0.0
6285,16.956801176071167,11844,100.0,0.0,0.0
6286,16.960511207580566,11844,100.0,0.0,0.0
6288,16.967381238937378,11844,100.0,0.0,0.0
6290,16.97333335876465,11844,100.0,0.0,0.0
6298,16.996800422668457,11844,100.0,0.0,0.0
6300,17.00251817703247,11844,100.0,0.0,0.0
6302,17.008546352386475,11844,100.0,0.0,0.0
6303,17.011624813079834,11844,100.0,0.0,0.0
6304,17.014710426330566,11844,100.0,0.0,0.0
6306,17.020729780197144,11844,100.0,0.0,0.0
6310,17.033551931381226,11844,100.0,0.0,0.0
6312,17.039594650268555,11844,100.0,0.0,0.0
6313,17.042800188064575,11844,100.0,0.0,0.0
6319,17.061930179595947,11844,100.0,0.0,0.0
6320,17.064770460128784,11844,100.0,0.0,0.0
6324,17.076809883117676,11844,100.0,0.0,0.0
6327,17.085386037826538,11844,100.0,0.0,0.0
6330,17.093808889389038,11844,100.0,0.0,0.0
6331,17.097768783569336,11844,100.0,0.0,0.0
6335,17.109147310256958,11844,100.0,0.0,0.0
6336,17.11214303970337,11844,100.0,0.0,0.0
6340,17.123998880386353,11844,100.0,0.0,0.0
6341,17.127089738845825,11844,100.0,0.0,0.0
6342,17.130144596099854,11844,100.0,0.0,0.0
6347,17.144525289535522,11844,100.0,0.0,0.0
6348,17.14833664894104,11844,100.0,0.0,0.0
6349,17.151514053344727,11844,100.0,0.0,0.0
6350,17.153437852859497,11844,100.0,0.0,0.0
6354,17.164944887161255,11844,100.0,0.0,0.0
6360,17.180828094482422,11844,100.0,0.0,0.0
6366,17.198079586029053,11844,100.0,0.0,0.0
6369,17.207467079162598,11844,100.0,0.0,0.0
6370,17.20932698249817,11844,100.0,0.0,0.0
6373,17.217954635620117,11844,100.0,0.0,0.0
6374,17.22160506248474,11844,100.0,0.0,0.0
6377,17.231090784072876,11844,100.0,0.0,0.0
6380,17.239542484283447,11844,100.0,0.0,0.0
6382,17.244746685028076,11844,100.0,0.0,0.0
6385,17.25329089164734,11844,100.0,0.0,0.0
6386,17.25669550895691,11844,100.0,0.0,0.0
6389,17.26620316505432,11844,100.0,0.0,0.0
6390,17.26882815361023,11844,100.0,0.0,0.0
6391,17.272022247314453,11844,100.0,0.0,0.0
6395,17.283467292785645,11844,100.0,0.0,0.0
6396,17.286598205566406,11844,100.0,0.0,0.0
6397,17.289759397506714,11844,100.0,0.0,0.0
6399,17.295212984085083,11844,100.0,0.0,0.0
6400,17.298494815826416,11844,100.0,0.0,0.0
6404,17.309322595596313,11844,100.0,0.0,0.0
6406,17.314284563064575,11844,100.0,0.0,0.0
6409,17.324023246765137,11844,100.0,0.0,0.0
6410,17.327224016189575,11844,100.0,0.0,0.0
6412,17.333521842956543,11844,100.0,0.0,0.0
6417,17.347930669784546,11844,100.0,0.0,0.0
6420,17.355422496795654,11844,100.0,0.0,0.0
6425,17.36929440498352,11844,100.0,0.0,0.0
6426,17.37228775024414,11844,100.0,0.0,0.0
6429,17.3798828125,11844,100.0,0.0,0.0
6430,17.38167715072632,11844,100.0,0.0,0.0
6434,17.392951011657715,11844,100.0,0.0,0.0
6437,17.401320457458496,11844,100.0,0.0,0.0
6440,17.40917205810547,11844,100.0,0.0,0.0
6441,17.412172555923462,11844,100.0,0.0,0.0
6449,17.433980703353882,11844,100.0,0.0,0.0
6450,17.437262296676636,11844,100.0,0.0,0.0
6453,17.446341276168823,11844,100.0,0.0,0.0
6456,17.454861402511597,11844,100.0,0.0,0.0
6460,17.46571397781372,11844,100.0,0.0,0.0
6462,17.4712553024292,11844,100.0,0.0,0.0
6464,17.476871013641357,11844,100.0,0.0,0.0
6465,17.4799964427948,11844,100.0,0.0,0.0
6467,17.485961198806763,11844,100.0,0.0,0.0
6469,17.49189066886902,11844,100.0,0.0,0.0
6470,17.49496054649353,11844,100.0,0.0,0.0
6471,17.497937440872192,11844,100.0,0.0,0.0
6474,17.507749557495117,11844,100.0,0.0,0.0
6475,17.5112464427948,11844,100.0,0.0,0.0
6476,17.514309644699097,11844,100.0,0.0,0.0
6480,17.52374243736267,11844,100.0,0.0,0.0
6482,17.529601573944092,11844,100.0,0.0,0.0
6490,17.55043387413025,11844,100.0,0.0,0.0
6491,17.554155588150024,11844,100.0,0.0,0.0
6494,17.564075469970703,11844,100.0,0.0,0.0
6495,17.567197799682617,11844,100.0,0.0,0.0
6497,17.574093341827393,11844,100.0,0.0,0.0
6498,17.577367305755615,11844,100.0,0.0,0.0
6500,17.584547996520996,11844,100.0,0.0,0.0
6501,17.58788776397705,11844,100.0,0.0,0.0
6504,17.597456216812134,11844,100.0,0.0,0.0
6510,17.614871501922607,11844,100.0,0.0,0.0
6512,17.620826721191406,11844,100.0,0.0,0.0
6513,17.623951196670532,11844,100.0,0.0,0.0
6517,17.634581089019775,11844,100.0,0.0,0.0
6520,17.643014430999756,11844,100.0,0.0,0.0
6521,17.646059036254883,11844,100.0,0.0,0.0
6523,17.651633739471436,11844,100.0,0.0,0.0
6529,17.667672157287598,11844,100.0,0.0,0.0
6530,17.670555114746094,11844,100.0,0.0,0.0
6534,17.679896593093872,11844,100.0,0.0,0.0
6536,17.685890913009644,11844,100.0,0.0,0.0
6540,17.696448802947998,11844,100.0,0.0,0.0
6545,17.710177898406982,11844,100.0,0.0,0.0
6550,17.72387719154358,11844,100.0,0.0,0.0
6552,17.72994303703308,11844,100.0,0.0,0.0
6553,17.73305916786194,11844,100.0,0.0,0.0
6557,17.744054079055786,11844,100.0,0.0,0.0
6558,17.747289657592773,11844,100.0,0.0,0.0
6560,17.7532856464386,11844,100.0,0.0,0.0
6563,17.76097869873047,11844,100.0,0.0,0.0
6567,17.771802186965942,11844,100.0,0.0,0.0
6570,17.780288219451904,11844,100.0,0.0,0.0
6573,17.789425134658813,11844,100.0,0.0,0.0
6580,17.80994176864624,11844,100.0,0.0,0.0
6582,17.81601095199585,11844,100.0,0.0,0.0
6584,17.82172918319702,11844,100.0,0.0,0.0
6587,17.829276084899902,11844,100.0,0.0,0.0
6588,17.83216381072998,11844,100.0,0.0,0.0
6590,17.837832927703857,11844,100.0,0.0,0.0
6600,17.86379599571228,11844,100.0,0.0,0.0
6607,17.88167691230774,11844,100.0,0.0,0.0
6610,17.888620376586914,11844,100.0,0.0,0.0
6613,17.896835803985596,11844,100.0,0.0,0.0
6617,17.90777015686035,11844,100.0,0.0,0.0
6620,17.915193796157837,11844,100.0,0.0,0.0
6625,17.9294912815094,11844,100.0,0.0,0.0
6628,17.938598155975342,11844,100.0,0.0,0.0
6630,17.944398403167725,11844,100.0,0.0,0.0
6633,17.953272104263306,11844,100.0,0.0,0.0
6636,17.96172833442688,11844,100.0,0.0,0.0
6637,17.96506690979004,11844,100.0,0.0,0.0
6640,17.97312879562378,11844,100.0,0.0,0.0
6641,17.9762704372406,11844,100.0,0.0,0.0
6644,17.984161615371704,11844,100.0,0.0,0.0
6646,17.990192413330078,11844,100.0,0.0,0.0
6647,17.99317240715027,11844,100.0,0.0,0.0
6648,17.996219635009766,11844,100.0,0.0,0.0
6649,17.999560594558716,11844,100.0,0.0,0.0
6650,18.00232720375061,11844,100.0,0.0,0.0
6656,18.018358945846558,11844,100.0,0.0,0.0
6660,18.029544353485107,11844,100.0,0.0,0.0
6664,18.040533781051636,11844,100.0,0.0,0.0
6670,18.062177181243896,11844,100.0,0.0,0.0
6674,18.073930501937866,11844,100.0,0.0,0.0
6677,18.08334255218506,11844,100.0,0.0,0.0
6678,18.086517572402954,11844,100.0,0.0,0.0
6680,18.09218430519104,11844,100.0,0.0,0.0
6681,18.095210552215576,11844,100.0,0.0,0.0
6682,18.09826898574829,11844,100.0,0.0,0.0
6683,18.101356983184814,11844,100.0,0.0,0.0
6686,18.110008001327515,11844,100.0,0.0,0.0
6687,18.113190412521362,11844,100.0,0.0,0.0
6690,18.121508598327637,11844,100.0,0.0,0.0
6694,18.132566213607788,11844,100.0,0.0,0.0
6700,18.148389101028442,11844,100.0,0.0,0.0
6701,18.15156602859497,11844,100.0,0.0,0.0
6707,18.168365716934204,11844,100.0,0.0,0.0
6709,18.174687147140503,11844,100.0,0.0,0.0
6710,18.17749857902527,11844,100.0,0.0,0.0
6711,18.180778980255127,11844,100.0,0.0,0.0
6712,18.184008359909058,11844,100.0,0.0,0.0
6714,18.189676523208618,11844,100.0,0.0,0.0
6720,18.20574688911438,11844,100.0,0.0,0.0
6721,18.209033727645874,11844,100.0,0.0,0.0
6722,18.212108373641968,11844,100.0,0.0,0.0
6724,18.217840433120728,11844,100.0,0.0,0.0
6728,18.230501651763916,11844,100.0,0.0,0.0
6729,18.23358130455017,11844,100.0,0.0,0.0
6730,18.236188650131226,11844,100.0,0.0,0.0
6735,18.249978065490723,11844,100.0,0.0,0.0
6740,18.262776136398315,11844,100.0,0.0,0.0
6741,18.265968799591064,11844,100.0,0.0,0.0
6742,18.269079446792603,11844,100.0,0.0,0.0
6746,18.28042960166931,11844,100.0,0.0,0.0
6747,18.283774614334106,11844,100.0,0.0,0.0
6750,18.291503190994263,11844,100.0,0.0,0.0
6752,18.29728865623474,11844,100.0,0.0,0.0
6756,18.30847454071045,11844,100.0,0.0,0.0
6760,18.319190979003906,11844,100.0,0.0,0.0
6761,18.323174953460693,11844,100.0,0.0,0.0
6762,18.32632303237915,11844,100.0,0.0,0.0
6765,18.335041522979736,11844,100.0,0.0,0.0
6766,18.33850359916687,11844,100.0,0.0,0.0
6767,18.341818809509277,11844,100.0,0.0,0.0
6770,18.353026390075684,11844,100.0,0.0,0.0
6774,18.365667819976807,11844,100.0,0.0,0.0
6775,18.368885278701782,11844,100.0,0.0,0.0
6776,18.372087478637695,11844,100.0,0.0,0.0
6778,18.377978563308716,11844,100.0,0.0,0.0
6780,18.38277578353882,11844,100.0,0.0,0.0
6784,18.393085479736328,11844,100.0,0.0,0.0
6787,18.40183138847351,11844,100.0,0.0,0.0
6788,18.40570831298828,11844,100.0,0.0,0.0
6790,18.411752223968506,11844,100.0,0.0,0.0
6791,18.41483235359192,11844,100.0,0.0,0.0
6795,18.424752712249756,11844,100.0,0.0,0.0
6797,18.430426836013794,11844,100.0,0.0,0.0
6800,18.43909525871277,11844,100.0,0.0,0.0
6801,18.44248366355896,11844,100.0,0.0,0.0
6803,18.448550701141357,11844,100.0,0.0,0.0
6805,18.454267024993896,11844,100.0,0.0,0.0
6807,18.46002435684204,11844,100.0,0.0,0.0
6810,18.46825933456421,11844,100.0,0.0,0.0
6811,18.471723556518555,11844,100.0,0.0,0.0
6813,18.477518558502197,11844,100.0,0.0,0.0
6819,18.493268489837646,11844,100.0,0.0,0.0
6820,18.496281385421753,11844,100.0,0.0,0.0
6824,18.507291316986084,11844,100.0,0.0,0.0
6830,18.52396821975708,11844,100.0,0.0,0.0
6831,18.527108907699585,11844,100.0,0.0,0.0
6836,18.541420221328735,11844,100.0,0.0,0.0
6837,18.54450535774231,11844,100.0,0.0,0.0
6840,18.552223682403564,11844,100.0,0.0,0.0
6842,18.557555437088013,11844,100.0,0.0,0.0
6843,18.56080412864685,11844,100.0,0.0,0.0
6848,18.576148986816406,11844,100.0,0.0,0.0
6850,18.58111834526062,11844,100.0,0.0,0.0
6851,18.584622144699097,11844,100.0,0.0,0.0
6855,18.595909118652344,11844,100.0,0.0,0.0
6857,18.601134777069092,11844,100.0,0.0,0.0
6858,18.6043381690979,11844,100.0,0.0,0.0
6860,18.610134601593018,11844,100.0,0.0,0.0
6863,18.618948698043823,11844,100.0,0.0,0.0
6870,18.636655807495117,11844,100.0,0.0,0.0
6871,18.639758825302124,11844,100.0,0.0,0.0
6874,18.648372650146484,11844,100.0,0.0,0.0
6877,18.656476974487305,11844,100.0,0.0,0.0
6880,18.664725303649902,11844,100.0,0.0,0.0
6884,18.675297021865845,11844,100.0,0.0,0.0
6885,18.6783230304718,11844,100.0,0.0,0.0
6887,18.683650255203247,11844,100.0,0.0,0.0
6890,18.69111156463623,11844,100.0,0.0,0.0
6898,18.713336944580078,11844,100.0,0.0,0.0
6900,18.719088077545166,11844,100.0,0.0,0.0
6901,18.722502946853638,11844,100.0,0.0,0.0
6903,18.72846269607544,11844,100.0,0.0,0.0
6910,18.74682307243347,11844,100.0,0.0,0.0
6911,18.750000953674316,11844,100.0,0.0,0.0
6918,18.769838571548462,11844,100.0,0.0,0.0
6920,18.775307178497314,11844,100.0,0.0,0.0
6924,18.786152124404907,11844,100.0,0.0,0.0
6927,18.7944598197937,11844,100.0,0.0,0.0
6930,18.802619457244873,11844,100.0,0.0,0.0
6931,18.805948972702026,11844,100.0,0.0,0.0
6940,18.828625440597534,11844,100.0,0.0,0.0
6943,18.837055683135986,11844,100.0,0.0,0.0
6944,18.84032154083252,11844,100.0,0.0,0.0
6947,18.84883689880371,11844,100.0,0.0,0.0
6948,18.851952075958252,11844,100.0,0.0,0.0
6950,18.857239961624146,11844,100.0,0.0,0.0
6957,18.87680149078369,11844,100.0,0.0,0.0
6958,18.879773139953613,11844,100.0,0.0,0.0
6960,18.885584354400635,11844,100.0,0.0,0.0
6966,18.90297269821167,11844,100.0,0.0,0.0
6970,18.915056705474854,11844,100.0,0.0,0.0
6971,18.918489933013916,11844,100.0,0.0,0.0
6976,18.93247652053833,11844,100.0,0.0,0.0
6980,18.94419813156128,11844,100.0,0.0,0.0
6981,18.94777774810791,11844,100.0,0.0,0.0
6986,18.96490168571472,11844,100.0,0.0,0.0
6990,18.976109266281128,11844,100.0,0.0,0.0
6996,18.992491483688354,11844,100.0,0.0,0.0
6999,19.00070858001709,11844,100.0,0.0,0.0
7000,19.00370955467224,11844,100.0,0.0,0.0
7006,19.019378185272217,11844,100.0,0.0,0.0
7008,19.02526593208313,11844,100.0,0.0,0.0
7010,19.03075098991394,11844,100.0,0.0,0.0
7014,19.041139602661133,11844,100.0,0.0,0.0
7020,19.059582948684692,11844,100.0,0.0,0.0
7021,19.063089609146118,11844,100.0,0.0,0.0
7023,19.069387674331665,11844,100.0,0.0,0.0
7029,19.086005210876465,11844,100.0,0.0,0.0
7030,19.088869094848633,11844,100.0,0.0,0.0
7034,19.09850287437439,11844,100.0,0.0,0.0
7040,19.11167311668396,11844,100.0,0.0,0.0
7043,19.1206636428833,11844,100.0,0.0,0.0
7050,19.13873600959778,11844,100.0,0.0,0.0
7059,19.161503553390503,11844,100.0,0.0,0.0
7060,19.164098739624023,11844,100.0,0.0,0.0
7067,19.18251347541809,11844,100.0,0.0,0.0
7070,19.190499782562256,11844,100.0,0.0,0.0
7071,19.19361400604248,11844,100.0,0.0,0.0
7073,19.198824644088745,11844,100.0,0.0,0.0
7075,19.205040216445923,11844,100.0,0.0,0.0
7077,19.211252212524414,11844,100.0,0.0,0.0
7079,19.217649221420288,11844,100.0,0.0,0.0
7080,19.220548152923584,11844,100.0,0.0,0.0
7081,19.22415590286255,11844,100.0,0.0,0.0
7082,19.22724962234497,11844,100.0,0.0,0.0
7083,19.230613470077515,11844,100.0,0.0,0.0
7084,19.2336642742157,11844,100.0,0.0,0.0
7090,19.24891757965088,11844,100.0,0.0,0.0
7092,19.255358695983887,11844,100.0,0.0,0.0
7094,19.261451959609985,11844,100.0,0.0,0.0
7095,19.26476526260376,11844,100.0,0.0,0.0
7100,19.278875827789307,11844,100.0,0.0,0.0
7102,19.285048246383667,11844,100.0,0.0,0.0
7109,19.303741693496704,11844,100.0,0.0,0.0
7110,19.30632996559143,11844,100.0,0.0,0.0
7115,19.32176375389099,11844,100.0,0.0,0.0
7118,19.32989001274109,11844,100.0,0.0,0.0
7120,19.335867166519165,11844,100.0,0.0,0.0
7123,19.34454345703125,11844,100.0,0.0,0.0
7124,19.347591161727905,11844,100.0,0.0,0.0
7129,19.36149024963379,11844,100.0,0.0,0.0
7130,19.364212036132812,11844,100.0,0.0,0.0
7131,19.36742377281189,11844,100.0,0.0,0.0
7134,19.375973224639893,11844,100.0,0.0,0.0
7138,19.3867506980896,11844,100.0,0.0,0.0
7140,19.391742706298828,11844,100.0,0.0,0.0
7142,19.397759675979614,11844,100.0,0.0,0.0
7150,19.419471502304077,11844,100.0,0.0,0.0
7154,19.430704355239868,11844,100.0,0.0,0.0
7160,19.44573402404785,11844,100.0,0.0,0.0
7168,19.467687129974365,11844,100.0,0.0,0.0
7170,19.473143339157104,11844,100.0,0.0,0.0
7171,19.476151943206787,11844,100.0,0.0,0.0
7173,19.48177742958069,11844,100.0,0.0,0.0
7176,19.489548683166504,11844,100.0,0.0,0.0
7178,19.49548840522766,11844,100.0,0.0,0.0
7179,19.49853801727295,11844,100.0,0.0,0.0
7180,19.50160503387451,11844,100.0,0.0,0.0
7182,19.50753617286682,11844,100.0,0.0,0.0
7184,19.513400554656982,11844,100.0,0.0,0.0
7188,19.525100469589233,11844,100.0,0.0,0.0
7190,19.530502319335938,11844,100.0,0.0,0.0
7196,19.54439067840576,11844,100.0,0.0,0.0
7199,19.55109429359436,11844,100.0,0.0,0.0
7200,19.554261684417725,11844,100.0,0.0,0.0
7203,19.563316583633423,11844,100.0,0.0,0.0
7210,19.58272123336792,11844,100.0,0.0,0.0
7215,19.596631288528442,11844,100.0,0.0,0.0
7220,19.609458923339844,11844,100.0,0.0,0.0
7223,19.617714643478394,11844,100.0,0.0,0.0
7228,19.630603790283203,11844,100.0,0.0,0.0
7230,19.63501524925232,11844,100.0,0.0,0.0
7231,19.638570070266724,11844,100.0,0.0,0.0
7232,19.641517877578735,11844,100.0,0.0,0.0
7236,19.653510570526123,11844,100.0,0.0,0.0
7239,19.661733865737915,11844,100.0,0.0,0.0
7240,19.66359043121338,11844,100.0,0.0,0.0
7241,19.66665029525757,11844,100.0,0.0,0.0
7243,19.672309398651123,11844,100.0,0.0,0.0
7245,19.677782773971558,11844,100.0,0.0,0.0
7246,19.68084955215454,11844,100.0,0.0,0.0
7249,19.68953013420105,11844,100.0,0.0,0.0
7250,19.692050218582153,11844,100.0,0.0,0.0
7256,19.707581043243408,11844,100.0,0.0,0.0
7260,19.718429803848267,11844,100.0,0.0,0.0
7264,19.730470657348633,11844,100.0,0.0,0.0
7266,19.73669123649597,11844,100.0,0.0,0.0
7270,19.748162508010864,11844,100.0,0.0,0.0
7271,19.751400232315063,11844,100.0,0.0,0.0
7274,19.76010537147522,11844,100.0,0.0,0.0
7280,19.77648949623108,11844,100.0,0.0,0.0
7284,19.788130521774292,11844,100.0,0.0,0.0
7289,19.8020179271698,11844,100.0,0.0,0.0
7290,19.80470061302185,11844,100.0,0.0,0.0
7292,19.811333894729614,11844,100.0,0.0,0.0
7299,19.831337928771973,11844,100.0,0.0,0.0
7300,19.833888292312622,11844,100.0,0.0,0.0
7301,19.837081909179688,11844,100.0,0.0,0.0
7305,19.848735332489014,11844,100.0,0.0,0.0
7308,19.857377290725708,11844,100.0,0.0,0.0
7310,19.862984657287598,11844,100.0,0.0,0.0
7315,19.876662492752075,11844,100.0,0.0,0.0
7316,19.879610300064087,11844,100.0,0.0,0.0
7320,19.89060115814209,11844,100.0,0.0,0.0
7321,19.893619537353516,11844,100.0,0.0,0.0
7322,19.896645069122314,11844,100.0,0.0,0.0
7329,19.914785623550415,11844,100.0,0.0,0.0
7330,19.918187618255615,11844,100.0,0.0,0.0
7334,19.929340362548828,11844,100.0,0.0,0.0
7337,19.937695026397705,11844,100.0,0.0,0.0
7340,19.94589328765869,11844,100.0,0.0,0.0
7346,19.965298175811768,11844,100.0,0.0,0.0
7349,19.976202249526978,11844,100.0,0.0,0.0
7350,19.979137182235718,11844,100.0,0.0,0.0
7354,19.994349002838135,11844,100.0,0.0,0.0
7360,20.010756492614746,11844,100.0,0.0,0.0
7363,20.018954515457153,11844,100.0,0.0,0.0
7367,20.030150413513184,11844,100.0,0.0,0.0
7369,20.03686809539795,11844,100.0,0.0,0.0
7370,20.039750576019287,11844,100.0,0.0,0.0
7371,20.043314695358276,11844,100.0,0.0,0.0
7376,20.060961961746216,11844,100.0,0.0,0.0
7380,20.073366165161133,11844,100.0,0.0,0.0
7382,20.07982897758484,11844,100.0,0.0,0.0
7385,20.090553998947144,11844,100.0,0.0,0.0
7389,20.10270667076111,11844,100.0,0.0,0.0
7390,20.105576753616333,11844,100.0,0.0,0.0
7393,20.114675045013428,11844,100.0,0.0,0.0
7395,20.120993614196777,11844,100.0,0.0,0.0
7398,20.130531787872314,11844,100.0,0.0,0.0
7400,20.136199474334717,11844,100.0,0.0,0.0
7405,20.150044441223145,11844,100.0,0.0,0.0
7408,20.158129453659058,11844,100.0,0.0,0.0
7410,20.16386127471924,11844,100.0,0.0,0.0
7412,20.17015552520752,11844,100.0,0.0,0.0
7414,20.177077770233154,11844,100.0,0.0,0.0
7420,20.192911386489868,11844,100.0,0.0,0.0
7421,20.196306467056274,11844,100.0,0.0,0.0
7428,20.21748447418213,11844,100.0,0.0,0.0
7429,20.22108244895935,11844,100.0,0.0,0.0
7430,20.224543571472168,11844,100.0,0.0,0.0
7432,20.230779886245728,11844,100.0,0.0,0.0
7433,20.2339026927948,11844,100.0,0.0,0.0
7440,20.25515389442444,11844,100.0,0.0,0.0
7449,20.27879571914673,11844,100.0,0.0,0.0
7450,20.282105445861816,11844,100.0,0.0,0.0
7452,20.288609266281128,11844,100.0,0.0,0.0
7453,20.29315447807312,11844,100.0,0.0,0.0
7454,20.296881198883057,11844,100.0,0.0,0.0
7455,20.30014157295227,11844,100.0,0.0,0.0
7460,20.31451988220215,11844,100.0,0.0,0.0
7461,20.31775188446045,11844,100.0,0.0,0.0
7463,20.324158668518066,11844,100.0,0.0,0.0
7464,20.32749915122986,11844,100.0,0.0,0.0
7469,20.344016790390015,11844,100.0,0.0,0.0
7470,20.347147226333618,11844,100.0,0.0,0.0
7476,20.36978030204773,11844,100.0,0.0,0.0
7477,20.37315273284912,11844,100.0,0.0,0.0
7480,20.38182759284973,11844,100.0,0.0,0.0
7482,20.388923168182373,11844,100.0,0.0,0.0
7484,20.39508867263794,11844,100.0,0.0,0.0
7488,20.407445669174194,11844,100.0,0.0,0.0
7489,20.411043167114258,11844,100.0,0.0,0.0
7490,20.414212465286255,11844,100.0,0.0,0.0
7491,20.417333841323853,11844,100.0,0.0,0.0
7495,20.42931890487671,11844,100.0,0.0,0.0
7496,20.432533025741577,11844,100.0,0.0,0.0
7497,20.435643672943115,11844,100.0,0.0,0.0
7498,20.438713788986206,11844,100.0,0.0,0.0
7499,20.44173550605774,11844,100.0,0.0,0.0
7500,20.4444260597229,11844,100.0,0.0,0.0
7503,20.452361583709717,11844,100.0,0.0,0.0
7504,20.455410480499268,11844,100.0,0.0,0.0
7508,20.467140197753906,11844,100.0,0.0,0.0
7509,20.47029709815979,11844,100.0,0.0,0.0
7510,20.474976062774658,11844,100.0,0.0,0.0
7511,20.47861886024475,11844,100.0,0.0,0.0
7512,20.483007669448853,11844,100.0,0.0,0.0
7515,20.49180316925049,11844,100.0,0.0,0.0
7518,20.5003604888916,11844,100.0,0.0,0.0
7520,20.50580859184265,11844,100.0,0.0,0.0
7521,20.508968353271484,11844,100.0,0.0,0.0
7524,20.517632484436035,11844,100.0,0.0,0.0
7526,20.52358055114746,11844,100.0,0.0,0.0
7527,20.526790857315063,11844,100.0,0.0,0.0
7530,20.53554391860962,11844,100.0,0.0,0.0
7531,20.538612127304077,11844,100.0,0.0,0.0
7539,20.561808586120605,11844,100.0,0.0,0.0
7540,20.56455683708191,11844,100.0,0.0,0.0
7550,20.594204425811768,11844,100.0,0.0,0.0
7551,20.597678422927856,11844,100.0,0.0,0.0
7555,20.609312057495117,11844,100.0,0.0,0.0
7556,20.612401723861694,11844,100.0,0.0,0.0
7560,20.622070789337158,11844,100.0,0.0,0.0
7563,20.630783319473267,11844,100.0,0.0,0.0
7566,20.638530492782593,11844,100.0,0.0,0.0
7567,20.64155077934265,11844,100.0,0.0,0.0
7570,20.650904178619385,11844,100.0,0.0,0.0
7575,20.664480924606323,11844,100.0,0.0,0.0
7580,20.678301095962524,11844,100.0,0.0,0.0
7581,20.681474924087524,11844,100.0,0.0,0.0
7585,20.693541288375854,11844,100.0,0.0,0.0
7586,20.696802854537964,11844,100.0,0.0,0.0
7588,20.701886415481567,11844,100.0,0.0,0.0
7590,20.707324743270874,11844,100.0,0.0,0.0
7591,20.71049737930298,11844,100.0,0.0,0.0
7595,20.72114872932434,11844,100.0,0.0,0.0
7600,20.73367190361023,11844,100.0,0.0,0.0
7607,20.752156734466553,11844,100.0,0.0,0.0
7610,20.759208917617798,11844,100.0,0.0,0.0
7617,20.781656742095947,11844,100.0,0.0,0.0
7620,20.792311191558838,11844,100.0,0.0,0.0
7621,20.795958995819092,11844,100.0,0.0,0.0
7623,20.802085876464844,11844,100.0,0.0,0.0
7628,20.81702446937561,11844,100.0,0.0,0.0
7629,20.820528745651245,11844,100.0,0.0,0.0
7630,20.823312997817993,11844,100.0,0.0,0.0
7632,20.82834815979004,11844,100.0,0.0,0.0
7640,20.84824538230896,11844,100.0,0.0,0.0
7641,20.851409196853638,11844,100.0,0.0,0.0
7644,20.85994529724121,11844,100.0,0.0,0.0
7645,20.86306357383728,11844,100.0,0.0,0.0
7647,20.868906021118164,11844,100.0,0.0,0.0
7650,20.876845836639404,11844,100.0,0.0,0.0
7653,20.885600090026855,11844,100.0,0.0,0.0
7656,20.894279718399048,11844,100.0,0.0,0.0
7657,20.897377252578735,11844,100.0,0.0,0.0
7660,20.90608239173889,11844,100.0,0.0,0.0
7661,20.90957236289978,11844,100.0,0.0,0.0
7666,20.923579216003418,11844,100.0,0.0,0.0
7667,20.92741107940674,11844,100.0,0.0,0.0
7670,20.935697555541992,11844,100.0,0.0,0.0
7680,20.96518063545227,11844,100.0,0.0,0.0
7690,20.993367910385132,11844,100.0,0.0,0.0
7691,20.996636629104614,11844,100.0,0.0,0.0
7692,20.999751091003418,11844,100.0,0.0,0.0
7693,21.002870559692383,11844,100.0,0.0,0.0
7698,21.016507387161255,11844,100.0,0.0,0.0
7699,21.019601821899414,11844,100.0,0.0,0.0
7700,21.022746562957764,11844,100.0,0.0,0.0
7705,21.036734104156494,11844,100.0,0.0,0.0
7706,21.039844036102295,11844,100.0,0.0,0.0
7707,21.043009519577026,11844,100.0,0.0,0.0
7708,21.047022342681885,11844,100.0,0.0,0.0
7710,21.053163051605225,11844,100.0,0.0,0.0
7711,21.05654501914978,11844,100.0,0.0,0.0
7713,21.064072847366333,11844,100.0,0.0,0.0
7714,21.067400217056274,11844,100.0,0.0,0.0
7718,21.08052372932434,11844,100.0,0.0,0.0
7720,21.086724281311035,11844,100.0,0.0,0.0
7722,21.09351396560669,11844,100.0,0.0,0.0
7724,21.099674701690674,11844,100.0,0.0,0.0
7725,21.10382056236267,11844,100.0,0.0,0.0
7730,21.11854314804077,11844,100.0,0.0,0.0
7731,21.122356176376343,11844,100.0,0.0,0.0
7739,21.145164012908936,11844,100.0,0.0,0.0
7740,21.14797282218933,11844,100.0,0.0,0.0
7744,21.160058975219727,11844,100.0,0.0,0.0
7745,21.163390159606934,11844,100.0,0.0,0.0
7746,21.166945695877075,11844,100.0,0.0,0.0
7749,21.1760733127594,11844,100.0,0.0,0.0
7750,21.17911696434021,11844,100.0,0.0,0.0
7753,21.18818211555481,11844,100.0,0.0,0.0
7754,21.191258430480957,11844,100.0,0.0,0.0
7755,21.194366693496704,11844,100.0,0.0,0.0
7760,21.207530975341797,11844,100.0,0.0,0.0
7765,21.222297430038452,11844,100.0,0.0,0.0
7767,21.229711294174194,11844,100.0,0.0,0.0
7770,21.237925052642822,11844,100.0,0.0,0.0
7778,21.25894784927368,11844,100.0,0.0,0.0
7780,21.264360427856445,11844,100.0,0.0,0.0
7785,21.279950618743896,11844,100.0,0.0,0.0
7786,21.283543825149536,11844,100.0,0.0,0.0
7789,21.29307198524475,11844,100.0,0.0,0.0
7790,21.2964870929718,11844,100.0,0.0,0.0
7791,21.300222873687744,11844,100.0,0.0,0.0
7800,21.32448697090149,11844,100.0,0.0,0.0
7804,21.336544513702393,11844,100.0,0.0,0.0
7805,21.339740753173828,11844,100.0,0.0,0.0
7807,21.345577716827393,11844,100.0,0.0,0.0
7809,21.351383209228516,11844,100.0,0.0,0.0
7810,21.354597806930542,11844,100.0,0.0,0.0
7813,21.36381459236145,11844,100.0,0.0,0.0
7814,21.366973638534546,11844,100.0,0.0,0.0
7818,21.378591537475586,11844,100.0,0.0,0.0
7820,21.384087562561035,11844,100.0,0.0,0.0
7825,21.397468328475952,11844,100.0,0.0,0.0
7827,21.403695344924927,11844,100.0,0.0,0.0
7828,21.40758466720581,11844,100.0,0.0,0.0
7829,21.410773992538452,11844,100.0,0.0,0.0
7830,21.41359305381775,11844,100.0,0.0,0.0
7833,21.4223735332489,11844,100.0,0.0,0.0
7838,21.43721914291382,11844,100.0,0.0,0.0
7840,21.44273614883423,11844,100.0,0.0,0.0
7850,21.46918535232544,11844,100.0,0.0,0.0
7851,21.47236967086792,11844,100.0,0.0,0.0
7854,21.480865478515625,11844,100.0,0.0,0.0
7860,21.497408151626587,11844,100.0,0.0,0.0
7864,21.508201837539673,11844,100.0,0.0,0.0
7870,21.52478814125061,11844,100.0,0.0,0.0
7871,21.52807879447937,11844,100.0,0.0,0.0
7872,21.531277418136597,11844,100.0,0.0,0.0
7875,21.53994345664978,11844,100.0,0.0,0.0
7880,21.5537531375885,11844,100.0,0.0,0.0
7882,21.55986714363098,11844,100.0,0.0,0.0
7883,21.56319260597229,11844,100.0,0.0,0.0
7887,21.57892155647278,11844,100.0,0.0,0.0
7889,21.585461854934692,11844,100.0,0.0,0.0
7890,21.58841061592102,11844,100.0,0.0,0.0
7891,21.594350814819336,11844,100.0,0.0,0.0
7895,21.607117652893066,11844,100.0,0.0,0.0
7900,21.6243999004364,11844,100.0,0.0,0.0
7904,21.635297775268555,11844,100.0,0.0,0.0
7908,21.64612054824829,11844,100.0,0.0,0.0
7910,21.652007818222046,11844,100.0,0.0,0.0
7918,21.67513108253479,11844,100.0,0.0,0.0
7920,21.68106746673584,11844,100.0,0.0,0.0
7930,21.70997428894043,11844,100.0,0.0,0.0
7933,21.716800928115845,11844,100.0,0.0,0.0
7938,21.73157548904419,11844,100.0,0.0,0.0
7940,21.73635506629944,11844,100.0,0.0,0.0
7944,21.747655868530273,11844,100.0,0.0,0.0
7945,21.750712633132935,11844,100.0,0.0,0.0
7946,21.753875970840454,11844,100.0,0.0,0.0
7950,21.76487708091736,11844,100.0,0.0,0.0
7952,21.771052360534668,11844,100.0,0.0,0.0
7955,21.778327465057373,11844,100.0,0.0,0.0
7957,21.785052061080933,11844,100.0,0.0,0.0
7960,21.792820930480957,11844,100.0,0.0,0.0
7970,21.820844888687134,11844,100.0,0.0,0.0
7973,21.8302903175354,11844,100.0,0.0,0.0
7980,21.848395586013794,11844,100.0,0.0,0.0
7983,21.857179880142212,11844,100.0,0.0,0.0
7986,21.864928483963013,11844,100.0,0.0,0.0
7989,21.872467041015625,11844,100.0,0.0,0.0
7990,21.87501811981201,11844,100.0,0.0,0.0
7998,21.89878535270691,11844,100.0,0.0,0.0
8000,21.9038302898407,11844,100.0,0.0,0.0
8003,21.91227626800537,11844,100.0,0.0,0.0
8008,21.926973581314087,11844,100.0,0.0,0.0
8009,21.93019413948059,11844,100.0,0.0,0.0
8010,21.932897329330444,11844,100.0,0.0,0.0
8011,21.936269283294678,11844,100.0,0.0,0.0
8012,21.939388751983643,11844,100.0,0.0,0.0
8017,21.95303225517273,11844,100.0,0.0,0.0
8020,21.960997104644775,11844,100.0,0.0,0.0
8021,21.96438241004944,11844,100.0,0.0,0.0
8025,21.97847557067871,11844,100.0,0.0,0.0
8030,21.993387460708618,11844,100.0,0.0,0.0
8032,22.000329971313477,11844,100.0,0.0,0.0
8033,22.00372886657715,11844,100.0,0.0,0.0
8035,22.00993824005127,11844,100.0,0.0,0.0
8039,22.021347522735596,11844,100.0,0.0,0.0
8040,22.024239540100098,11844,100.0,0.0,0.0
8050,22.053266286849976,11844,100.0,0.0,0.0
8052,22.061859846115112,11844,100.0,0.0,0.0
8060,22.086920022964478,11844,100.0,0.0,0.0
8062,22.09349298477173,11844,100.0,0.0,0.0
8067,22.10766053199768,11844,100.0,0.0,0.0
8070,22.114904642105103,11844,100.0,0.0,0.0
8072,22.12095332145691,11844,100.0,0.0,0.0
8076,22.132774114608765,11844,100.0,0.0,0.0
8077,22.13582158088684,11844,100.0,0.0,0.0
8079,22.141852855682373,11844,100.0,0.0,0.0
8080,22.144638776779175,11844,100.0,0.0,0.0
8082,22.150649309158325,11844,100.0,0.0,0.0
8085,22.158548593521118,11844,100.0,0.0,0.0
8090,22.172189712524414,11844,100.0,0.0,0.0
8091,22.17556381225586,11844,100.0,0.0,0.0
8092,22.179377555847168,11844,100.0,0.0,0.0
8096,22.192884922027588,11844,100.0,0.0,0.0
8098,22.199673652648926,11844,100.0,0.0,0.0
8100,22.206286907196045,11844,100.0,0.0,0.0
8104,22.218665838241577,11844,100.0,0.0,0.0
8110,22.236297607421875,11844,100.0,0.0,0.0
8111,22.239604949951172,11844,100.0,0.0,0.0
8112,22.242924213409424,11844,100.0,0.0,0.0
8114,22.249286651611328,11844,100.0,0.0,0.0
8120,22.266029119491577,11844,100.0,0.0,0.0
8123,22.274720191955566,11844,100.0,0.0,0.0
8125,22.28130269050598,11844,100.0,0.0,0.0
8130,22.295305728912354,11844,100.0,0.0,0.0
8132,22.301113843917847,11844,100.0,0.0,0.0
8134,22.307157039642334,11844,100.0,0.0,0.0
8136,22.31304407119751,11844,100.0,0.0,0.0
8138,22.31840419769287,11844,100.0,0.0,0.0
8139,22.321569204330444,11844,100.0,0.0,0.0
8140,22.32440423965454,11844,100.0,0.0,0.0
8141,22.327922105789185,11844,100.0,0.0,0.0
8143,22.334282398223877,11844,100.0,0.0,0.0
8145,22.342085599899292,11844,100.0,0.0,0.0
8149,22.353849411010742,11844,100.0,0.0,0.0
8150,22.356794357299805,11844,100.0,0.0,0.0
8151,22.360212802886963,11844,100.0,0.0,0.0
8156,22.374428272247314,11844,100.0,0.0,0.0
8158,22.380587816238403,11844,100.0,0.0,0.0
8160,22.387179613113403,11844,100.0,0.0,0.0
8161,22.390493869781494,11844,100.0,0.0,0.0
8166,22.405332565307617,11844,100.0,0.0,0.0
8168,22.412518978118896,11844,100.0,0.0,0.0
8170,22.417760610580444,11844,100.0,0.0,0.0
8173,22.429194927215576,11844,100.0,0.0,0.0
8179,22.446731090545654,11844,100.0,0.0,0.0
8180,22.450146198272705,11844,100.0,0.0,0.0
8183,22.45930051803589,11844,100.0,0.0,0.0
8184,22.462409734725952,11844,100.0,0.0,0.0
8188,22.47341799736023,11844,100.0,0.0,0.0
8189,22.476646661758423,11844,100.0,0.0,0.0
8190,22.479331731796265,11844,100.0,0.0,0.0
8194,22.49020743370056,11844,100.0,0.0,0.0
8200,22.50670623779297,11844,100.0,0.0,0.0
8202,22.512682676315308,11844,100.0,0.0,0.0
8207,22.52721619606018,11844,100.0,0.0,0.0
8209,22.536255836486816,11844,100.0,0.0,0.0
8210,22.540282249450684,11844,100.0,0.0,0.0
8211,22.54502296447754,11844,100.0,0.0,0.0
8217,22.56222367286682,11844,100.0,0.0,0.0
8219,22.568195581436157,11844,100.0,0.0,0.0
8220,22.571906328201294,11844,100.0,0.0,0.0
8223,22.582479238510132,11844,100.0,0.0,0.0
8224,22.58630394935608,11844,100.0,0.0,0.0
8226,22.595208644866943,11844,100.0,0.0,0.0
8228,22.604097366333008,11844,100.0,0.0,0.0
8230,22.610066890716553,11844,100.0,0.0,0.0
8234,22.622137784957886,11844,100.0,0.0,0.0
8236,22.628655672073364,11844,100.0,0.0,0.0
8240,22.640639543533325,11844,100.0,0.0,0.0
8245,22.65530228614807,11844,100.0,0.0,0.0
8248,22.664408922195435,11844,100.0,0.0,0.0
8250,22.669804334640503,11844,100.0,0.0,0.0
8251,22.67296838760376,11844,100.0,0.0,0.0
8254,22.681211948394775,11844,100.0,0.0,0.0
8256,22.68745756149292,11844,100.0,0.0,0.0
8260,22.69770646095276,11844,100.0,0.0,0.0
8262,22.702791213989258,11844,100.0,0.0,0.0
8263,22.705768585205078,11844,100.0,0.0,0.0
8270,22.727202892303467,11844,100.0,0.0,0.0
8273,22.73661231994629,11844,100.0,0.0,0.0
8280,22.763432025909424,11844,100.0,0.0,0.0
8287,22.78367567062378,11844,100.0,0.0,0.0
8290,22.79142475128174,11844,100.0,0.0,0.0
8291,22.794589519500732,11844,100.0,0.0,0.0
8295,22.80665373802185,11844,100.0,0.0,0.0
8296,22.809852361679077,11844,100.0,0.0,0.0
8300,22.820083379745483,11844,100.0,0.0,0.0
8310,22.850701570510864,11844,100.0,0.0,0.0
8313,22.859891414642334,11844,100.0,0.0,0.0
8314,22.863133430480957,11844,100.0,0.0,0.0
8319,22.87697410583496,11844,100.0,0.0,0.0
8320,22.879550457000732,11844,100.0,0.0,0.0
8323,22.888715028762817,11844,100.0,0.0,0.0
8324,22.89207887649536,11844,100.0,0.0,0.0
8325,22.895268440246582,11844,100.0,0.0,0.0
8330,22.910096168518066,11844,100.0,0.0,0.0
8333,22.91809606552124,11844,100.0,0.0,0.0
8334,22.921196699142456,11844,100.0,0.0,0.0
8339,22.93483328819275,11844,100.0,0.0,0.0
8340,22.93743348121643,11844,100.0,0.0,0.0
8345,22.950958013534546,11844,100.0,0.0,0.0
8349,22.962716341018677,11844,100.0,0.0,0.0
8350,22.96552324295044,11844,100.0,0.0,0.0
8360,22.993489980697632,11844,100.0,0.0,0.0
8365,23.00786542892456,11844,100.0,0.0,0.0
8369,23.01919174194336,11844,100.0,0.0,0.0
8370,23.02104949951172,11844,100.0,0.0,0.0
8373,23.02996516227722,11844,100.0,0.0,0.0
8375,23.0358989238739,11844,100.0,0.0,0.0
8376,23.0390625,11844,100.0,0.0,0.0
8380,23.049776315689087,11844,100.0,0.0,0.0
8387,23.072601795196533,11844,100.0,0.0,0.0
8389,23.079132080078125,11844,100.0,0.0,0.0
8390,23.081307888031006,11844,100.0,0.0,0.0
8393,23.090352296829224,11844,100.0,0.0,0.0
8397,23.101657390594482,11844,100.0,0.0,0.0
8398,23.105108499526978,11844,100.0,0.0,0.0
8400,23.109992265701294,11844,100.0,0.0,0.0
8410,23.13674783706665,11844,100.0,0.0,0.0
8411,23.140034914016724,11844,100.0,0.0,0.0
8412,23.143036127090454,11844,100.0,0.0,0.0
8417,23.156255960464478,11844,100.0,0.0,0.0
8420,23.164899349212646,11844,100.0,0.0,0.0
8428,23.18646550178528,11844,100.0,0.0,0.0
8429,23.18953847885132,11844,100.0,0.0,0.0
8430,23.192702293395996,11844,100.0,0.0,0.0
8432,23.199213981628418,11844,100.0,0.0,0.0
8434,23.205159187316895,11844,100.0,0.0,0.0
8435,23.20826005935669,11844,100.0,0.0,0.0
8440,23.224252700805664,11844,100.0,0.0,0.0
8441,23.228189706802368,11844,100.0,0.0,0.0
8447,23.24498176574707,11844,100.0,0.0,0.0
8449,23.25160789489746,11844,100.0,0.0,0.0
8450,23.25464916229248,11844,100.0,0.0,0.0
8460,23.282673597335815,11844,100.0,0.0,0.0
8464,23.29512071609497,11844,100.0,0.0,0.0
8467,23.304570198059082,11844,100.0,0.0,0.0
8470,23.311850786209106,11844,100.0,0.0,0.0
8476,23.328375101089478,11844,100.0,0.0,0.0
8477,23.331629037857056,11844,100.0,0.0,0.0
8479,23.337745189666748,11844,100.0,0.0,0.0
8480,23.3404438495636,11844,100.0,0.0,0.0
8481,23.343744039535522,11844,100.0,0.0,0.0
8483,23.350006103515625,11844,100.0,0.0,0.0
8485,23.35611844062805,11844,100.0,0.0,0.0
8489,23.368014097213745,11844,100.0,0.0,0.0
8490,23.371219396591187,11844,100.0,0.0,0.0
8491,23.374359607696533,11844,100.0,0.0,0.0
8495,23.38503098487854,11844,100.0,0.0,0.0
8496,23.388152360916138,11844,100.0,0.0,0.0
8497,23.39147448539734,11844,100.0,0.0,0.0
8500,23.39915657043457,11844,100.0,0.0,0.0
8506,23.4160635471344,11844,100.0,0.0,0.0
8508,23.42205548286438,11844,100.0,0.0,0.0
8509,23.425533533096313,11844,100.0,0.0,0.0
8510,23.428839445114136,11844,100.0,0.0,0.0
8517,23.450312852859497,11844,100.0,0.0,0.0
8520,23.459188222885132,11844,100.0,0.0,0.0
8522,23.465426206588745,11844,100.0,0.0,0.0
8523,23.4687283039093,11844,100.0,0.0,0.0
8526,23.482202768325806,11844,100.0,0.0,0.0
8527,23.487497568130493,11844,100.0,0.0,0.0
8530,23.49821710586548,11844,100.0,0.0,0.0
8531,23.50230646133423,11844,100.0,0.0,0.0
8532,23.5056893825531,11844,100.0,0.0,0.0
8534,23.512471199035645,11844,100.0,0.0,0.0
8535,23.515594482421875,11844,100.0,0.0,0.0
8537,23.52180504798889,11844,100.0,0.0,0.0
8540,23.530918836593628,11844,100.0,0.0,0.0
8544,23.54388999938965,11844,100.0,0.0,0.0
8546,23.550368309020996,11844,100.0,0.0,0.0
8550,23.56202721595764,11844,100.0,0.0,0.0
8552,23.568721771240234,11844,100.0,0.0,0.0
8553,23.57209873199463,11844,100.0,0.0,0.0
8557,23.586088180541992,11844,100.0,0.0,0.0
8560,23.596457481384277,11844,100.0,0.0,0.0
8561,23.601181507110596,11844,100.0,0.0,0.0
8562,23.605142831802368,11844,100.0,0.0,0.0
8566,23.616833209991455,11844,100.0,0.0,0.0
8570,23.628105640411377,11844,100.0,0.0,0.0
8577,23.64860439300537,11844,100.0,0.0,0.0
8580,23.65601396560669,11844,100.0,0.0,0.0
8581,23.65928363800049,11844,100.0,0.0,0.0
8586,23.67350196838379,11844,100.0,0.0,0.0
8588,23.679399490356445,11844,100.0,0.0,0.0
8589,23.682506799697876,11844,100.0,0.0,0.0
8590,23.68445611000061,11844,100.0,0.0,0.0
8593,23.693499326705933,11844,100.0,0.0,0.0
8600,23.713979721069336,11844,100.0,0.0,0.0
8601,23.717496395111084,11844,100.0,0.0,0.0
8605,23.72905969619751,11844,100.0,0.0,0.0
8606,23.732085704803467,11844,100.0,0.0,0.0
8609,23.741986989974976,11844,100.0,0.0,0.0
8610,23.744382619857788,11844,100.0,0.0,0.0
8617,23.765885829925537,11844,100.0,0.0,0.0
8618,23.76927638053894,11844,100.0,0.0,0.0
8619,23.772635221481323,11844,100.0,0.0,0.0
8620,23.77648138999939,11844,100.0,0.0,0.0
8621,23.78005027770996,11844,100.0,0.0,0.0
8625,23.792524099349976,11844,100.0,0.0,0.0
8627,23.800058364868164,11844,100.0,0.0,0.0
8629,23.806724548339844,11844,100.0,0.0,0.0
8630,23.810062646865845,11844,100.0,0.0,0.0
8634,23.82243275642395,11844,100.0,0.0,0.0
8637,23.83153748512268,11844,100.0,0.0,0.0
8640,23.839945554733276,11844,100.0,0.0,0.0
8642,23.846050024032593,11844,100.0,0.0,0.0
8648,23.862642288208008,11844,100.0,0.0,0.0
8649,23.865869998931885,11844,100.0,0.0,0.0
8650,23.86854577064514,11844,100.0,0.0,0.0
8652,23.874931812286377,11844,100.0,0.0,0.0
8655,23.88383913040161,11844,100.0,0.0,0.0
8656,23.8869366645813,11844,100.0,0.0,0.0
8657,23.889957427978516,11844,100.0,0.0,0.0
8660,23.897921085357666,11844,100.0,0.0,0.0
8662,23.902932167053223,11844,100.0,0.0,0.0
8670,23.9243106842041,11844,100.0,0.0,0.0
8672,23.9300479888916,11844,100.0,0.0,0.0
8674,23.93573546409607,11844,100.0,0.0,0.0
8676,23.94158124923706,11844,100.0,0.0,0.0
8680,23.95263648033142,11844,100.0,0.0,0.0
8681,23.955758571624756,11844,100.0,0.0,0.0
8683,23.96162724494934,11844,100.0,0.0,0.0
8685,23.967607975006104,11844,100.0,0.0,0.0
8687,23.97352886199951,11844,100.0,0.0,0.0
8690,23.981863498687744,11844,100.0,0.0,0.0
8691,23.984988689422607,11844,100.0,0.0,0.0
8694,23.99345302581787,11844,100.0,0.0,0.0
8700,24.008967876434326,11844,100.0,0.0,0.0
8701,24.011996507644653,11844,100.0,0.0,0.0
8706,24.024845600128174,11844,100.0,0.0,0.0
8709,24.03368377685547,11844,100.0,0.0,0.0
8710,24.036271572113037,11844,100.0,0.0,0.0
8713,24.0448956489563,11844,100.0,0.0,0.0
8719,24.062530517578125,11844,100.0,0.0,0.0
8720,24.065423011779785,11844,100.0,0.0,0.0
8722,24.07588219642639,11844,100.0,0.0,0.0
8730,24.100119829177856,11844,100.0,0.0,0.0
8738,24.12332057952881,11844,100.0,0.0,0.0
8740,24.129150390625,11844,100.0,0.0,0.0
8746,24.146345376968384,11844,100.0,0.0,0.0
8750,24.156675577163696,11844,100.0,0.0,0.0
8755,24.172053813934326,11844,100.0,0.0,0.0
8760,24.184539079666138,11844,100.0,0.0,0.0
8769,24.21134662628174,11844,100.0,0.0,0.0
8770,24.21409559249878,11844,100.0,0.0,0.0
8773,24.223758935928345,11844,100.0,0.0,0.0
8774,24.227774143218994,11844,100.0,0.0,0.0
8777,24.237162828445435,11844,100.0,0.0,0.0
8779,24.243343114852905,11844,100.0,0.0,0.0
8780,24.246272563934326,11844,100.0,0.0,0.0
8789,24.275609016418457,11844,100.0,0.0,0.0
8790,24.27830171585083,11844,100.0,0.0,0.0
8796,24.29572296142578,11844,100.0,0.0,0.0
8800,24.30914306640625,11844,100.0,0.0,0.0
8802,24.318321228027344,11844,100.0,0.0,0.0
8803,24.321794033050537,11844,100.0,0.0,0.0
8804,24.32520055770874,11844,100.0,0.0,0.0
8806,24.33155870437622,11844,100.0,0.0,0.0
8807,24.334906816482544,11844,100.0,0.0,0.0
8808,24.34076952934265,11844,100.0,0.0,0.0
8809,24.344279527664185,11844,100.0,0.0,0.0
8810,24.34757161140442,11844,100.0,0.0,0.0
8812,24.354318618774414,11844,100.0,0.0,0.0
8817,24.36884307861328,11844,100.0,0.0,0.0
8818,24.372454166412354,11844,100.0,0.0,0.0
8820,24.378425121307373,11844,100.0,0.0,0.0
8826,24.398995876312256,11844,100.0,0.0,0.0
8829,24.40812921524048,11844,100.0,0.0,0.0
8830,24.411484479904175,11844,100.0,0.0,0.0
8832,24.417943477630615,11844,100.0,0.0,0.0
8835,24.427562952041626,11844,100.0,0.0,0.0
8840,24.44283652305603,11844,100.0,0.0,0.0
8846,24.45925807952881,11844,100.0,0.0,0.0
8850,24.471150636672974,11844,100.0,0.0,0.0
8853,24.481841325759888,11844,100.0,0.0,0.0
8855,24.488707065582275,11844,100.0,0.0,0.0
8856,24.492798566818237,11844,100.0,0.0,0.0
8860,24.501755475997925,11844,100.0,0.0,0.0
8861,24.505324840545654,11844,100.0,0.0,0.0
8862,24.50843620300293,11844,100.0,0.0,0.0
8864,24.514347553253174,11844,100.0,0.0,0.0
8866,24.520668268203735,11844,100.0,0.0,0.0
8869,24.52935004234314,11844,100.0,0.0,0.0
8870,24.532070875167847,11844,100.0,0.0,0.0
8874,24.54349970817566,11844,100.0,0.0,0.0
8880,24.560694694519043,11844,100.0,0.0,0.0
8883,24.568477630615234,11844,100.0,0.0,0.0
8884,24.571743726730347,11844,100.0,0.0,0.0
8885,24.574984788894653,11844,100.0,0.0,0.0
8888,24.588780641555786,11844,100.0,0.0,0.0
8889,24.592207670211792,11844,100.0,0.0,0.0
8890,24.595094442367554,11844,100.0,0.0,0.0
8893,24.605257511138916,11844,100.0,0.0,0.0
8899,24.623310089111328,11844,100.0,0.0,0.0
8900,24.626214742660522,11844,100.0,0.0,0.0
8903,24.635990619659424,11844,100.0,0.0,0.0
8910,24.656348943710327,11844,100.0,0.0,0.0
8913,24.665897369384766,11844,100.0,0.0,0.0
8916,24.675113439559937,11844,100.0,0.0,0.0
8917,24.678194522857666,11844,100.0,0.0,0.0
8918,24.681447982788086,11844,100.0,0.0,0.0
8920,24.68757462501526,11844,100.0,0.0,0.0
8923,24.696117401123047,11844,100.0,0.0,0.0
8926,24.7049777507782,11844,100.0,0.0,0.0
8927,24.70814609527588,11844,100.0,0.0,0.0
8928,24.71132469177246,11844,100.0,0.0,0.0
8930,24.71717405319214,11844,100.0,0.0,0.0
8934,24.72926354408264,11844,100.0,0.0,0.0
8940,24.744091987609863,11844,100.0,0.0,0.0
8943,24.754560470581055,11844,100.0,0.0,0.0
8945,24.761136293411255,11844,100.0,0.0,0.0
8947,24.767566680908203,11844,100.0,0.0,0.0
8950,24.775081872940063,11844,100.0,0.0,0.0
8952,24.78153967857361,11844,100.0,0.0,0.0
8956,24.792861938476562,11844,100.0,0.0,0.0
8957,24.796977043151855,11844,100.0,0.0,0.0
8960,24.806453466415405,11844,100.0,0.0,0.0
8962,24.812350273132324,11844,100.0,0.0,0.0
8964,24.81735920906067,11844,100.0,0.0,0.0
8970,24.83339524269104,11844,100.0,0.0,0.0
8971,24.836596488952637,11844,100.0,0.0,0.0
8980,24.86170530319214,11844,100.0,0.0,0.0
8988,24.885255098342896,11844,100.0,0.0,0.0
8990,24.891544342041016,11844,100.0,0.0,0.0
8993,24.900437593460083,11844,100.0,0.0,0.0
8995,24.90585494041443,11844,100.0,0.0,0.0
9000,24.919743299484253,11844,100.0,0.0,0.0
9001,24.923268795013428,11844,100.0,0.0,0.0
9003,24.92974281311035,11844,100.0,0.0,0.0
9004,24.933040618896484,11844,100.0,0.0,0.0
9005,24.936331510543823,11844,100.0,0.0,0.0
9006,24.939424991607666,11844,100.0,0.0,0.0
9009,24.947954416275024,11844,100.0,0.0,0.0
9010,24.95071315765381,11844,100.0,0.0,0.0
9015,24.965791702270508,11844,100.0,0.0,0.0
9018,24.974382162094116,11844,100.0,0.0,0.0
9020,24.98020601272583,11844,100.0,0.0,0.0
9021,24.983663320541382,11844,100.0,0.0,0.0
9024,24.992669582366943,11844,100.0,0.0,0.0
9026,24.99863362312317,11844,100.0,0.0,0.0
9029,25.007561206817627,11844,100.0,0.0,0.0
9030,25.01016092300415,11844,100.0,0.0,0.0
9034,25.021915435791016,11844,100.0,0.0,0.0
9040,25.039494514465332,11844,100.0,0.0,0.0
9047,25.058847665786743,11844,100.0,0.0,0.0
9048,25.06225848197937,11844,100.0,0.0,0.0
9049,25.065964698791504,11844,100.0,0.0,0.0
9050,25.069737911224365,11844,100.0,0.0,0.0
9057,25.097764015197754,11844,100.0,0.0,0.0
9060,25.105756998062134,11844,100.0,0.0,0.0
9065,25.12244701385498,11844,100.0,0.0,0.0
9069,25.134543895721436,11844,100.0,0.0,0.0
9070,25.136591911315918,11844,100.0,0.0,0.0
9071,25.13972759246826,11844,100.0,0.0,0.0
9076,25.15285873413086,11844,100.0,0.0,0.0
9080,25.165043592453003,11844,100.0,0.0,0.0
9083,25.17391347885132,11844,100.0,0.0,0.0
9086,25.18335723876953,11844,100.0,0.0,0.0
9088,25.189849138259888,11844,100.0,0.0,0.0
9089,25.193669319152832,11844,100.0,0.0,0.0
9090,25.19893169403076,11844,100.0,0.0,0.0
9091,25.204365968704224,11844,100.0,0.0,0.0
9099,25.231008291244507,11844,100.0,0.0,0.0
9100,25.234163522720337,11844,100.0,0.0,0.0
9110,25.26390814781189,11844,100.0,0.0,0.0
9120,25.293376922607422,11844,100.0,0.0,0.0
9121,25.29682755470276,11844,100.0,0.0,0.0
9122,25.300185203552246,11844,100.0,0.0,0.0
9123,25.303706645965576,11844,100.0,0.0,0.0
9130,25.323144912719727,11844,100.0,0.0,0.0
9132,25.33008623123169,11844,100.0,0.0,0.0
9133,25.333414554595947,11844,100.0,0.0,0.0
9137,25.35158371925354,11844,100.0,0.0,0.0
9140,25.364563941955566,11844,100.0,0.0,0.0
9142,25.371899843215942,11844,100.0,0.0,0.0
9144,25.379058122634888,11844,100.0,0.0,0.0
9147,25.38995862007141,11844,100.0,0.0,0.0
9150,25.3985755443573,11844,100.0,0.0,0.0
9153,25.40842890739441,11844,100.0,0.0,0.0
9154,25.4122896194458,11844,100.0,0.0,0.0
9155,25.417979955673218,11844,100.0,0.0,0.0
9160,25.442610025405884,11844,100.0,0.0,0.0
9163,25.459198474884033,11844,100.0,0.0,0.0
9170,25.489644050598145,11844,100.0,0.0,0.0
9174,25.514447927474976,11844,100.0,0.0,0.0
9180,25.533932209014893,11844,100.0,0.0,0.0
9181,25.537186861038208,11844,100.0,0.0,0.0
9185,25.549076557159424,11844,100.0,0.0,0.0
9190,25.563457012176514,11844,100.0,0.0,0.0
9200,25.590930700302124,11844,100.0,0.0,0.0
9201,25.59438395500183,11844,100.0,0.0,0.0
9202,25.597763299942017,11844,100.0,0.0,0.0
9203,25.601885080337524,11844,100.0,0.0,0.0
9207,25.61407494544983,11844,100.0,0.0,0.0
9210,25.622729539871216,11844,100.0,0.0,0.0
9211,25.62635612487793,11844,100.0,0.0,0.0
9212,25.629563808441162,11844,100.0,0.0,0.0
9220,25.651878356933594,11844,100.0,0.0,0.0
9223,25.662389039993286,11844,100.0,0.0,0.0
9230,25.684300422668457,11844,100.0,0.0,0.0
9235,25.70016860961914,11844,100.0,0.0,0.0
9236,25.703538179397583,11844,100.0,0.0,0.0
9240,25.71553373336792,11844,100.0,0.0,0.0
9250,25.745385885238647,11844,100.0,0.0,0.0
9253,25.754416942596436,11844,100.0,0.0,0.0
9255,25.760347843170166,11844,100.0,0.0,0.0
9257,25.76645255088806,11844,100.0,0.0,0.0
9258,25.77028512954712,11844,100.0,0.0,0.0
9260,25.77617645263672,11844,100.0,0.0,0.0
9264,25.78959059715271,11844,100.0,0.0,0.0
9265,25.79391098022461,11844,100.0,0.0,0.0
9268,25.8036470413208,11844,100.0,0.0,0.0
9270,25.80949640274048,11844,100.0,0.0,0.0
9272,25.81616735458374,11844,100.0,0.0,0.0
9275,25.824158191680908,11844,100.0,0.0,0.0
9277,25.83014488220215,11844,100.0,0.0,0.0
9280,25.837735891342163,11844,100.0,0.0,0.0
9284,25.84847664833069,11844,100.0,0.0,0.0
9287,25.857187032699585,11844,100.0,0.0,0.0
9290,25.865593433380127,11844,100.0,0.0,0.0
9297,25.88546872138977,11844,100.0,0.0,0.0
9300,25.89454221725464,11844,100.0,0.0,0.0
9305,25.90869688987732,11844,100.0,0.0,0.0
9306,25.912475109100342,11844,100.0,0.0,0.0
9310,25.922842502593994,11844,100.0,0.0,0.0
9312,25.92888569831848,11844,100.0,0.0,0.0
9317,25.942373037338257,11844,100.0,0.0,0.0
9320,25.950449228286743,11844,100.0,0.0,0.0
9321,25.953630447387695,11844,100.0,0.0,0.0
9324,25.96260666847229,11844,100.0,0.0,0.0
9325,25.965712070465088,11844,100.0,0.0,0.0
9330,25.9815194606781,11844,100.0,0.0,0.0
9333,25.991894245147705,11844,100.0,0.0,0.0
9334,25.995248794555664,11844,100.0,0.0,0.0
9335,25.998774766921997,11844,100.0,0.0,0.0
9337,26.005136013031006,11844,100.0,0.0,0.0
9340,26.01464319229126,11844,100.0,0.0,0.0
9348,26.03892970085144,11844,100.0,0.0,0.0
9350,26.044902086257935,11844,100.0,0.0,0.0
9351,26.048600435256958,11844,100.0,0.0,0.0
9352,26.051843404769897,11844,100.0,0.0,0.0
9353,26.055242776870728,11844,100.0,0.0,0.0
9359,26.074601411819458,11844,100.0,0.0,0.0
9360,26.079323053359985,11844,100.0,0.0,0.0
9361,26.083028554916382,11844,100.0,0.0,0.0
9364,26.09116220474243,11844,100.0,0.0,0.0
9370,26.10880970954895,11844,100.0,0.0,0.0
9372,26.11997413635254,11844,100.0,0.0,0.0
9374,26.127427577972412,11844,100.0,0.0,0.0
9379,26.14163589477539,11844,100.0,0.0,0.0
9380,26.144510507583618,11844,100.0,0.0,0.0
9387,26.16599702835083,11844,100.0,0.0,0.0
9390,26.17600655555725,11844,100.0,0.0,0.0
9392,26.183136701583862,11844,100.0,0.0,0.0
9396,26.194612503051758,11844,100.0,0.0,0.0
9397,26.198894739151,11844,100.0,0.0,0.0
9399,26.20627474784851,11844,100.0,0.0,0.0
9400,26.2093026638031,11844,100.0,0.0,0.0
9402,26.214743852615356,11844,100.0,0.0,0.0
9405,26.22519063949585,11844,100.0,0.0,0.0
9406,26.2295024394989,11844,100.0,0.0,0.0
9410,26.241698503494263,11844,100.0,0.0,0.0
9412,26.249191999435425,11844,100.0,0.0,0.0
9413,26.252579927444458,11844,100.0,0.0,0.0
9415,26.257946729660034,11844,100.0,0.0,0.0
9416,26.261271238327026,11844,100.0,0.0,0.0
9417,26.26467204093933,11844,100.0,0.0,0.0
9418,26.26787495613098,11844,100.0,0.0,0.0
9420,26.275979042053223,11844,100.0,0.0,0.0
9426,26.2942111492157,11844,100.0,0.0,0.0
9430,26.30315613746643,11844,100.0,0.0,0.0
9431,26.307005167007446,11844,100.0,0.0,0.0
9432,26.31052017211914,11844,100.0,0.0,0.0
9433,26.313863515853882,11844,100.0,0.0,0.0
9440,26.33384680747986,11844,100.0,0.0,0.0
9450,26.36765456199646,11844,100.0,0.0,0.0
9453,26.378149271011353,11844,100.0,0.0,0.0
9460,26.40295386314392,11844,100.0,0.0,0.0
9470,26.438822507858276,11844,100.0,0.0,0.0
9473,26.44820499420166,11844,100.0,0.0,0.0
9479,26.469003915786743,11844,100.0,0.0,0.0
9480,26.47192621231079,11844,100.0,0.0,0.0
9482,26.47829818725586,11844,100.0,0.0,0.0
9486,26.493208646774292,11844,100.0,0.0,0.0
9489,26.50328278541565,11844,100.0,0.0,0.0
9490,26.506272792816162,11844,100.0,0.0,0.0
9491,26.50987696647644,11844,100.0,0.0,0.0
9496,26.527011394500732,11844,100.0,0.0,0.0
9497,26.530400276184082,11844,100.0,0.0,0.0
9500,26.538400411605835,11844,100.0,0.0,0.0
9503,26.548321962356567,11844,100.0,0.0,0.0
9506,26.560731172561646,11844,100.0,0.0,0.0
9507,26.564491033554077,11844,100.0,0.0,0.0
9508,26.568058729171753,11844,100.0,0.0,0.0
9510,26.574018716812134,11844,100.0,0.0,0.0
9518,26.6019389629364,11844,100.0,0.0,0.0
9520,26.60835862159729,11844,100.0,0.0,0.0
9523,26.618669748306274,11844,100.0,0.0,0.0
9530,26.63901448249817,11844,100.0,0.0,0.0
9531,26.64245367050171,11844,100.0,0.0,0.0
9535,26.655417919158936,11844,100.0,0.0,0.0
9540,26.672401905059814,11844,100.0,0.0,0.0
9542,26.68111562728882,11844,100.0,0.0,0.0
9544,26.687252283096313,11844,100.0,0.0,0.0
9545,26.690332412719727,11844,100.0,0.0,0.0
9547,26.69562864303589,11844,100.0,0.0,0.0
9550,26.70432686805725,11844,100.0,0.0,0.0
9551,26.70750856399536,11844,100.0,0.0,0.0
9553,26.71345019340515,11844,100.0,0.0,0.0
9556,26.722077131271362,11844,100.0,0.0,0.0
9558,26.728187561035156,11844,100.0,0.0,0.0
9560,26.73385763168335,11844,100.0,0.0,0.0
9562,26.739978551864624,11844,100.0,0.0,0.0
9567,26.75169563293457,11844,100.0,0.0,0.0
9570,26.760025024414062,11844,100.0,0.0,0.0
9572,26.7662034034729,11844,100.0,0.0,0.0
9573,26.769363164901733,11844,100.0,0.0,0.0
9576,26.781047344207764,11844,100.0,0.0,0.0
9580,26.79293441772461,11844,100.0,0.0,0.0
9586,26.814218044281006,11844,100.0,0.0,0.0
9587,26.817389726638794,11844,100.0,0.0,0.0
9589,26.823463439941406,11844,100.0,0.0,0.0
9590,26.826597690582275,11844,100.0,0.0,0.0
9591,26.82980751991272,11844,100.0,0.0,0.0
9592,26.83306360244751,11844,100.0,0.0,0.0
9594,26.839061975479126,11844,100.0,0.0,0.0
9596,26.845038414001465,11844,100.0,0.0,0.0
9597,26.848212003707886,11844,100.0,0.0,0.0
9600,26.855625867843628,11844,100.0,0.0,0.0
9605,26.868720293045044,11844,100.0,0.0,0.0
9606,26.871802806854248,11844,100.0,0.0,0.0
9608,26.877995252609253,11844,100.0,0.0,0.0
9610,26.88369083404541,11844,100.0,0.0,0.0
9611,26.8871967792511,11844,100.0,0.0,0.0
9613,26.893134355545044,11844,100.0,0.0,0.0
9615,26.89881706237793,11844,100.0,0.0,0.0
9619,26.910841703414917,11844,100.0,0.0,0.0
9620,26.913684129714966,11844,100.0,0.0,0.0
9623,26.923736810684204,11844,100.0,0.0,0.0
9630,26.943091869354248,11844,100.0,0.0,0.0
9640,26.970649480819702,11844,100.0,0.0,0.0
9641,26.973692655563354,11844,100.0,0.0,0.0
9644,26.982308864593506,11844,100.0,0.0,0.0
9645,26.98551893234253,11844,100.0,0.0,0.0
9647,26.99149799346924,11844,100.0,0.0,0.0
9650,26.999367475509644,11844,100.0,0.0,0.0
9655,27.013048887252808,11844,100.0,0.0,0.0
9656,27.016292572021484,11844,100.0,0.0,0.0
9657,27.01932978630066,11844,100.0,0.0,0.0
9658,27.022298574447632,11844,100.0,0.0,0.0
9660,27.027766704559326,11844,100.0,0.0,0.0
9663,27.03649878501892,11844,100.0,0.0,0.0
9664,27.039541721343994,11844,100.0,0.0,0.0
9670,27.056344509124756,11844,100.0,0.0,0.0
9673,27.06521487236023,11844,100.0,0.0,0.0
9674,27.068310499191284,11844,100.0,0.0,0.0
9677,27.07654356956482,11844,100.0,0.0,0.0
9678,27.08149814605713,11844,100.0,0.0,0.0
9679,27.08506941795349,11844,100.0,0.0,0.0
9680,27.087864875793457,11844,100.0,0.0,0.0
9682,27.093241930007935,11844,100.0,0.0,0.0
9686,27.105070114135742,11844,100.0,0.0,0.0
9687,27.10847234725952,11844,100.0,0.0,0.0
9689,27.114761352539062,11844,100.0,0.0,0.0
9690,27.117490530014038,11844,100.0,0.0,0.0
9694,27.127665758132935,11844,100.0,0.0,0.0
9695,27.130804538726807,11844,100.0,0.0,0.0
9697,27.13663411140442,11844,100.0,0.0,0.0
9700,27.145369291305542,11844,100.0,0.0,0.0
9703,27.15478777885437,11844,100.0,0.0,0.0
9707,27.165688037872314,11844,100.0,0.0,0.0
9709,27.171669483184814,11844,100.0,0.0,0.0
9710,27.174343585968018,11844,100.0,0.0,0.0
9716,27.19346284866333,11844,100.0,0.0,0.0
9718,27.200297355651855,11844,100.0,0.0,0.0
9719,27.203556537628174,11844,100.0,0.0,0.0
9720,27.206714868545532,11844,100.0,0.0,0.0
9721,27.209996223449707,11844,100.0,0.0,0.0
9722,27.213074445724487,11844,100.0,0.0,0.0
9723,27.216418743133545,11844,100.0,0.0,0.0
9730,27.238206386566162,11844,100.0,0.0,0.0
9734,27.249274253845215,11844,100.0,0.0,0.0
9740,27.267131090164185,11844,100.0,0.0,0.0
9741,27.271085262298584,11844,100.0,0.0,0.0
9748,27.292985439300537,11844,100.0,0.0,0.0
9750,27.29887056350708,11844,100.0,0.0,0.0
9760,27.33504033088684,11844,100.0,0.0,0.0
9765,27.357136487960815,11844,100.0,0.0,0.0
9766,27.360792875289917,11844,100.0,0.0,0.0
9769,27.37200617790222,11844,100.0,0.0,0.0
9770,27.37507200241089,11844,100.0,0.0,0.0
9773,27.386190176010132,11844,100.0,0.0,0.0
9776,27.39964985847473,11844,100.0,0.0,0.0
9780,27.411754846572876,11844,100.0,0.0,0.0
9789,27.437824010849,11844,100.0,0.0,0.0
9790,27.44059157371521,11844,100.0,0.0,0.0
9795,27.455294132232666,11844,100.0,0.0,0.0
9798,27.465059518814087,11844,100.0,0.0,0.0
9800,27.470390558242798,11844,100.0,0.0,0.0
9805,27.484380960464478,11844,100.0,0.0,0.0
9807,27.48966908454895,11844,100.0,0.0,0.0
9810,27.498350858688354,11844,100.0,0.0,0.0
9813,27.50752544403076,11844,100.0,0.0,0.0
9819,27.52729105949402,11844,100.0,0.0,0.0
9820,27.5301034450531,11844,100.0,0.0,0.0
9829,27.557497024536133,11844,100.0,0.0,0.0
9830,27.561471223831177,11844,100.0,0.0,0.0
9837,27.58521342277527,11844,100.0,0.0,0.0
9840,27.595844268798828,11844,100.0,0.0,0.0
9846,27.614513874053955,11844,100.0,0.0,0.0
9847,27.617828130722046,11844,100.0,0.0,0.0
9849,27.62408995628357,11844,100.0,0.0,0.0
9850,27.626020669937134,11844,100.0,0.0,0.0
9854,27.638111114501953,11844,100.0,0.0,0.0
9860,27.656141757965088,11844,100.0,0.0,0.0
9864,27.668331623077393,11844,100.0,0.0,0.0
9865,27.671855211257935,11844,100.0,0.0,0.0
9869,27.68391489982605,11844,100.0,0.0,0.0
9870,27.687215328216553,11844,100.0,0.0,0.0
9874,27.69891381263733,11844,100.0,0.0,0.0
9877,27.70879578590393,11844,100.0,0.0,0.0
9880,27.719608783721924,11844,100.0,0.0,0.0
9882,27.726390600204468,11844,100.0,0.0,0.0
9886,27.738354444503784,11844,100.0,0.0,0.0
9890,27.749200344085693,11844,100.0,0.0,0.0
9899,27.77613377571106,11844,100.0,0.0,0.0
9900,27.77938413619995,11844,100.0,0.0,0.0
9906,27.803984880447388,11844,100.0,0.0,0.0
9910,27.815041303634644,11844,100.0,0.0,0.0
9920,27.84373903274536,11844,100.0,0.0,0.0
9921,27.84709119796753,11844,100.0,0.0,0.0
9930,27.873754739761353,11844,100.0,0.0,0.0
9931,27.877197980880737,11844,100.0,0.0,0.0
9936,27.8920955657959,11844,100.0,0.0,0.0
9938,27.89803981781006,11844,100.0,0.0,0.0
9939,27.90130090713501,11844,100.0,0.0,0.0
9940,27.904080152511597,11844,100.0,0.0,0.0
9947,27.924816370010376,11844,100.0,0.0,0.0
9950,27.934650897979736,11844,100.0,0.0,0.0
9952,27.940711736679077,11844,100.0,0.0,0.0
9953,27.94385051727295,11844,100.0,0.0,0.0
9955,27.95000171661377,11844,100.0,0.0,0.0
9959,27.963326930999756,11844,100.0,0.0,0.0
9960,27.96772050857544,11844,100.0,0.0,0.0
9963,27.97825598716736,11844,100.0,0.0,0.0
9968,27.992352724075317,11844,100.0,0.0,0.0
9970,27.99872660636902,11844,100.0,0.0,0.0
9980,28.030750036239624,11844,100.0,0.0,0.0
9981,28.034605503082275,11844,100.0,0.0,0.0
9983,28.04125714302063,11844,100.0,0.0,0.0
9988,28.058011293411255,11844,100.0,0.0,0.0
9990,28.06464457511902,11844,100.0,0.0,0.0
9999,28.097748517990112,11844,100.0,0.0,0.0
10000,28.101130962371826,11844,100.0,0.0,0.0
10010,28.127825498580933,11844,100.0,0.0,0.0
10015,28.141697645187378,11844,100.0,0.0,0.0
10016,28.1457736492157,11844,100.0,0.0,0.0
10017,28.150269746780396,11844,100.0,0.0,0.0
10018,28.153682231903076,11844,100.0,0.0,0.0
10019,28.15696430206299,11844,100.0,0.0,0.0
10020,28.159774780273438,11844,100.0,0.0,0.0
10023,28.168967723846436,11844,100.0,0.0,0.0
10024,28.172314643859863,11844,100.0,0.0,0.0
10026,28.178712844848633,11844,100.0,0.0,0.0
10027,28.182275772094727,11844,100.0,0.0,0.0
10030,28.1907000541687,11844,100.0,0.0,0.0
10033,28.19975471496582,11844,100.0,0.0,0.0
10037,28.211037397384644,11844,100.0,0.0,0.0
10040,28.22008752822876,11844,100.0,0.0,0.0
10046,28.23879909515381,11844,100.0,0.0,0.0
10047,28.242130517959595,11844,100.0,0.0,0.0
10050,28.25034260749817,11844,100.0,0.0,0.0
10054,28.26191735267639,11844,100.0,0.0,0.0
10060,28.2778103351593,11844,100.0,0.0,0.0
10061,28.281012058258057,11844,100.0,0.0,0.0
10062,28.28425669670105,11844,100.0,0.0,0.0
10063,28.287649393081665,11844,100.0,0.0,0.0
10066,28.29720115661621,11844,100.0,0.0,0.0
10070,28.307320833206177,11844,100.0,0.0,0.0
10072,28.312546968460083,11844,100.0,0.0,0.0
10074,28.319257020950317,11844,100.0,0.0,0.0
10080,28.336787223815918,11844,100.0,0.0,0.0
10085,28.350623846054077,11844,100.0,0.0,0.0
10090,28.3656165599823,11844,100.0,0.0,0.0
10094,28.37683629989624,11844,100.0,0.0,0.0
10095,28.379899740219116,11844,100.0,0.0,0.0
10100,28.39403510093689,11844,100.0,0.0,0.0
10105,28.408792734146118,11844,100.0,0.0,0.0
10108,28.417978048324585,11844,100.0,0.0,0.0
10110,28.423694610595703,11844,100.0,0.0,0.0
10111,28.426947355270386,11844,100.0,0.0,0.0
10120,28.45239496231079,11844,100.0,0.0,0.0
10130,28.480781078338623,11844,100.0,0.0,0.0
10140,28.50852918624878,11844,100.0,0.0,0.0
10144,28.523109436035156,11844,100.0,0.0,0.0
10145,28.526623487472534,11844,100.0,0.0,0.0
10147,28.533894538879395,11844,100.0,0.0,0.0
10148,28.53719162940979,11844,100.0,0.0,0.0
10149,28.54108953475952,11844,100.0,0.0,0.0
10150,28.544066905975342,11844,100.0,0.0,0.0
10151,28.548034191131592,11844,100.0,0.0,0.0
10152,28.55149817466736,11844,100.0,0.0,0.0
10153,28.554964780807495,11844,100.0,0.0,0.0
10157,28.566670179367065,11844,100.0,0.0,0.0
10159,28.57240056991577,11844,100.0,0.0,0.0
10160,28.575669765472412,11844,100.0,0.0,0.0
10164,28.587791442871094,11844,100.0,0.0,0.0
10170,28.604475021362305,11844,100.0,0.0,0.0
10180,28.629528999328613,11844,100.0,0.0,0.0
10183,28.638172149658203,11844,100.0,0.0,0.0
10184,28.641239881515503,11844,100.0,0.0,0.0
10187,28.649985551834106,11844,100.0,0.0,0.0
10190,28.658129453659058,11844,100.0,0.0,0.0
10198,28.68101930618286,11844,100.0,0.0,0.0
10200,28.688414573669434,11844,100.0,0.0,0.0
10207,28.707720518112183,11844,100.0,0.0,0.0
10209,28.71430993080139,11844,100.0,0.0,0.0
10210,28.7174289226532,11844,100.0,0.0,0.0
10215,28.7333824634552,11844,100.0,0.0,0.0
10220,28.74703574180603,11844,100.0,0.0,0.0
10221,28.750551462173462,11844,100.0,0.0,0.0
10224,28.75922155380249,11844,100.0,0.0,0.0
10226,28.764328956604004,11844,100.0,0.0,0.0
10230,28.77454686164856,11844,100.0,0.0,0.0
10237,28.793558597564697,11844,100.0,0.0,0.0
10240,28.802051544189453,11844,100.0,0.0,0.0
10241,28.805785655975342,11844,100.0,0.0,0.0
10243,28.811065196990967,11844,100.0,0.0,0.0
10249,28.828856945037842,11844,100.0,0.0,0.0
10250,28.830766677856445,11844,100.0,0.0,0.0
10258,28.854384422302246,11844,100.0,0.0,0.0
10260,28.859641313552856,11844,100.0,0.0,0.0
10266,28.877441883087158,11844,100.0,0.0,0.0
10269,28.885462284088135,11844,100.0,0.0,0.0
10270,28.888145446777344,11844,100.0,0.0,0.0
10278,28.91182518005371,11844,100.0,0.0,0.0
10280,28.920034408569336,11844,100.0,0.0,0.0
10281,28.923513412475586,11844,100.0,0.0,0.0
10284,28.93263077735901,11844,100.0,0.0,0.0
10285,28.935861587524414,11844,100.0,0.0,0.0
10286,28.939109086990356,11844,100.0,0.0,0.0
10288,28.94522213935852,11844,100.0,0.0,0.0
10290,28.952039003372192,11844,100.0,0.0,0.0
10296,28.969861030578613,11844,100.0,0.0,0.0
10297,28.97322130203247,11844,100.0,0.0,0.0
10299,28.97955560684204,11844,100.0,0.0,0.0
10300,28.98228669166565,11844,100.0,0.0,0.0
10303,28.99027943611145,11844,100.0,0.0,0.0
10306,28.99902606010437,11844,100.0,0.0,0.0
10307,29.002366065979004,11844,100.0,0.0,0.0
10308,29.005647659301758,11844,100.0,0.0,0.0
10309,29.009016513824463,11844,100.0,0.0,0.0
10310,29.011838674545288,11844,100.0,0.0,0.0
10313,29.019090175628662,11844,100.0,0.0,0.0
10315,29.025677919387817,11844,100.0,0.0,0.0
10320,29.04080605506897,11844,100.0,0.0,0.0
10326,29.056687355041504,11844,100.0,0.0,0.0
10329,29.06470799446106,11844,100.0,0.0,0.0
10330,29.067553758621216,11844,100.0,0.0,0.0
10331,29.071289777755737,11844,100.0,0.0,0.0
10334,29.079558849334717,11844,100.0,0.0,0.0
10335,29.082891702651978,11844,100.0,0.0,0.0
10336,29.087600708007812,11844,100.0,0.0,0.0
10340,29.102380752563477,11844,100.0,0.0,0.0
10341,29.10624051094055,11844,100.0,0.0,0.0
10343,29.112555027008057,11844,100.0,0.0,0.0
10347,29.123488187789917,11844,100.0,0.0,0.0
10350,29.13171887397766,11844,100.0,0.0,0.0
10357,29.151767015457153,11844,100.0,0.0,0.0
10358,29.154911518096924,11844,100.0,0.0,0.0
10360,29.160280227661133,11844,100.0,0.0,0.0
10362,29.16685390472412,11844,100.0,0.0,0.0
10363,29.170357704162598,11844,100.0,0.0,0.0
10370,29.190916776657104,11844,100.0,0.0,0.0
10372,29.19761610031128,11844,100.0,0.0,0.0
10374,29.204394340515137,11844,100.0,0.0,0.0
10375,29.207931995391846,11844,100.0,0.0,0.0
10378,29.217154502868652,11844,100.0,0.0,0.0
10380,29.22460675239563,11844,100.0,0.0,0.0
10383,29.235313415527344,11844,100.0,0.0,0.0
10386,29.24484086036682,11844,100.0,0.0,0.0
10390,29.255799055099487,11844,100.0,0.0,0.0
10397,29.27575445175171,11844,100.0,0.0,0.0
10400,29.283841371536255,11844,100.0,0.0,0.0
10409,29.31111979484558,11844,100.0,0.0,0.0
10410,29.31474781036377,11844,100.0,0.0,0.0
10412,29.321508407592773,11844,100.0,0.0,0.0
10413,29.3254611492157,11844,100.0,0.0,0.0
10417,29.337764263153076,11844,100.0,0.0,0.0
10419,29.344029903411865,11844,100.0,0.0,0.0
10420,29.346730709075928,11844,100.0,0.0,0.0
10421,29.35033369064331,11844,100.0,0.0,0.0
10428,29.37202262878418,11844,100.0,0.0,0.0
10430,29.37759232521057,11844,100.0,0.0,0.0
10440,29.404940128326416,11844,100.0,0.0,0.0
10443,29.413776397705078,11844,100.0,0.0,0.0
10447,29.426421403884888,11844,100.0,0.0,0.0
10448,29.429980516433716,11844,100.0,0.0,0.0
10449,29.43363046646118,11844,100.0,0.0,0.0
10450,29.43649125099182,11844,100.0,0.0,0.0
10458,29.45988893508911,11844,100.0,0.0,0.0
10460,29.465630769729614,11844,100.0,0.0,0.0
10464,29.477087259292603,11844,100.0,0.0,0.0
10470,29.492793560028076,11844,100.0,0.0,0.0
10477,29.514156103134155,11844,100.0,0.0,0.0
10480,29.52267098426819,11844,100.0,0.0,0.0
10483,29.533210515975952,11844,100.0,0.0,0.0
10490,29.553135633468628,11844,100.0,0.0,0.0
10491,29.55663275718689,11844,100.0,0.0,0.0
10495,29.569883346557617,11844,100.0,0.0,0.0
10500,29.58560562133789,11844,100.0,0.0,0.0
10501,29.588958024978638,11844,100.0,0.0,0.0
10502,29.59237813949585,11844,100.0,0.0,0.0
10506,29.604441165924072,11844,100.0,0.0,0.0
10510,29.616270780563354,11844,100.0,0.0,0.0
10512,29.623448371887207,11844,100.0,0.0,0.0
10516,29.635927200317383,11844,100.0,0.0,0.0
10520,29.64811134338379,11844,100.0,0.0,0.0
10525,29.662033557891846,11844,100.0,0.0,0.0
10526,29.665257930755615,11844,100.0,0.0,0.0
10530,29.677067041397095,11844,100.0,0.0,0.0
10532,29.68299889564514,11844,100.0,0.0,0.0
10533,29.68626046180725,11844,100.0,0.0,0.0
10540,29.7039315700531,11844,100.0,0.0,0.0
10541,29.707129955291748,11844,100.0,0.0,0.0
10543,29.71391463279724,11844,100.0,0.0,0.0
10547,29.727786779403687,11844,100.0,0.0,0.0
10550,29.73566460609436,11844,100.0,0.0,0.0
10553,29.745618104934692,11844,100.0,0.0,0.0
10555,29.75210165977478,11844,100.0,0.0,0.0
10556,29.75536870956421,11844,100.0,0.0,0.0
10558,29.761427640914917,11844,100.0,0.0,0.0
10560,29.76741933822632,11844,100.0,0.0,0.0
10561,29.770630598068237,11844,100.0,0.0,0.0
10566,29.784846782684326,11844,100.0,0.0,0.0
10567,29.788172721862793,11844,100.0,0.0,0.0
10569,29.794514417648315,11844,100.0,0.0,0.0
10570,29.79726791381836,11844,100.0,0.0,0.0
10580,29.828699588775635,11844,100.0,0.0,0.0
10588,29.850855112075806,11844,100.0,0.0,0.0
10590,29.85676646232605,11844,100.0,0.0,0.0
10591,29.86005210876465,11844,100.0,0.0,0.0
10600,29.881792783737183,11844,100.0,0.0,0.0
10603,29.890599489212036,11844,100.0,0.0,0.0
10610,29.909510374069214,11844,100.0,0.0,0.0
10619,29.934832334518433,11844,100.0,0.0,0.0
10620,29.93759036064148,11844,100.0,0.0,0.0
10622,29.942820072174072,11844,100.0,0.0,0.0
10626,29.95636510848999,11844,100.0,0.0,0.0
10628,29.9626784324646,11844,100.0,0.0,0.0
10630,29.96821141242981,11844,100.0,0.0,0.0
10632,29.97438073158264,11844,100.0,0.0,0.0
10636,29.985985040664673,11844,100.0,0.0,0.0
10640,29.9971866607666,11844,100.0,0.0,0.0
10650,30.02691650390625,11844,100.0,0.0,0.0
10656,30.04488444328308,11844,100.0,0.0,0.0
10660,30.055397510528564,11844,100.0,0.0,0.0
10661,30.05882430076599,11844,100.0,0.0,0.0
10666,30.074014902114868,11844,100.0,0.0,0.0
10670,30.085438013076782,11844,100.0,0.0,0.0
10673,30.095991611480713,11844,100.0,0.0,0.0
10677,30.108488082885742,11844,100.0,0.0,0.0
10678,30.111870050430298,11844,100.0,0.0,0.0
10680,30.116804122924805,11844,100.0,0.0,0.0
10684,30.128509521484375,11844,100.0,0.0,0.0
10688,30.138633966445923,11844,100.0,0.0,0.0
10690,30.14436626434326,11844,100.0,0.0,0.0
10697,30.164442777633667,11844,100.0,0.0,0.0
10698,30.167495489120483,11844,100.0,0.0,0.0
10700,30.172648906707764,11844,100.0,0.0,0.0
10701,30.175947666168213,11844,100.0,0.0,0.0
10709,30.198059558868408,11844,100.0,0.0,0.0
10710,30.201205492019653,11844,100.0,0.0,0.0
10715,30.21405553817749,11844,100.0,0.0,0.0
10716,30.217026472091675,11844,100.0,0.0,0.0
10717,30.22000479698181,11844,100.0,0.0,0.0
10720,30.227201461791992,11844,100.0,0.0,0.0
10727,30.24707317352295,11844,100.0,0.0,0.0
10729,30.253133535385132,11844,100.0,0.0,0.0
10730,30.255818605422974,11844,100.0,0.0,0.0
10737,30.275628805160522,11844,100.0,0.0,0.0
10740,30.28407120704651,11844,100.0,0.0,0.0
10750,30.310588359832764,11844,100.0,0.0,0.0
10754,30.3214054107666,11844,100.0,0.0,0.0
10760,30.338536024093628,11844,100.0,0.0,0.0
10766,30.355369329452515,11844,100.0,0.0,0.0
10767,30.35854196548462,11844,100.0,0.0,0.0
10770,30.366727828979492,11844,100.0,0.0,0.0
10771,30.369938611984253,11844,100.0,0.0,0.0
10773,30.376168727874756,11844,100.0,0.0,0.0
10778,30.389479398727417,11844,100.0,0.0,0.0
10780,30.396286487579346,11844,100.0,0.0,0.0
10787,30.414490699768066,11844,100.0,0.0,0.0
10790,30.423458099365234,11844,100.0,0.0,0.0
10796,30.442041635513306,11844,100.0,0.0,0.0
10800,30.454931259155273,11844,100.0,0.0,0.0
10810,30.48150610923767,11844,100.0,0.0,0.0
10813,30.49027967453003,11844,100.0,0.0,0.0
10820,30.509846448898315,11844,100.0,0.0,0.0
10822,30.515740633010864,11844,100.0,0.0,0.0
10823,30.51907444000244,11844,100.0,0.0,0.0
10827,30.52983260154724,11844,100.0,0.0,0.0
10830,30.536333799362183,11844,100.0,0.0,0.0
10840,30.56341791152954,11844,100.0,0.0,0.0
10841,30.566563367843628,11844,100.0,0.0,0.0
10842,30.56964945793152,11844,100.0,0.0,0.0
10845,30.578605890274048,11844,100.0,0.0,0.0
10849,30.590421438217163,11844,100.0,0.0,0.0
10850,30.59372329711914,11844,100.0,0.0,0.0
10854,30.6058611869812,11844,100.0,0.0,0.0
10856,30.612027168273926,11844,100.0,0.0,0.0
10858,30.618163108825684,11844,100.0,0.0,0.0
10860,30.624056339263916,11844,100.0,0.0,0.0
10864,30.63593292236328,11844,100.0,0.0,0.0
10870,30.65321922302246,11844,100.0,0.0,0.0
10871,30.656596422195435,11844,100.0,0.0,0.0
10880,30.679797172546387,11844,100.0,0.0,0.0
10889,30.703177452087402,11844,100.0,0.0,0.0
10890,30.705751180648804,11844,100.0,0.0,0.0
10894,30.71654725074768,11844,100.0,0.0,0.0
10900,30.733765840530396,11844,100.0,0.0,0.0
10905,30.748119831085205,11844,100.0,0.0,0.0
10909,30.759687423706055,11844,100.0,0.0,0.0
10910,30.761491537094116,11844,100.0,0.0,0.0
10920,30.78844690322876,11844,100.0,0.0,0.0
10921,30.791529417037964,11844,100.0,0.0,0.0
10922,30.794718503952026,11844,100.0,0.0,0.0
10924,30.799928665161133,11844,100.0,0.0,0.0
10926,30.80587077140808,11844,100.0,0.0,0.0
10930,30.817274808883667,11844,100.0,0.0,0.0
10933,30.82518696784973,11844,100.0,0.0,0.0
10940,30.844738245010376,11844,100.0,0.0,0.0
10941,30.847880840301514,11844,100.0,0.0,0.0
10942,30.85093355178833,11844,100.0,0.0,0.0
10943,30.85406470298767,11844,100.0,0.0,0.0
10946,30.86259150505066,11844,100.0,0.0,0.0
10949,30.87131905555725,11844,100.0,0.0,0.0
10950,30.874367237091064,11844,100.0,0.0,0.0
10951,30.877394437789917,11844,100.0,0.0,0.0
10952,30.880422115325928,11844,100.0,0.0,0.0
10955,30.888978958129883,11844,100.0,0.0,0.0
10960,30.90120577812195,11844,100.0,0.0,0.0
10964,30.912590265274048,11844,100.0,0.0,0.0
10967,30.92175531387329,11844,100.0,0.0,0.0
10970,30.929455280303955,11844,100.0,0.0,0.0
10971,30.93263292312622,11844,100.0,0.0,0.0
10972,30.93567180633545,11844,100.0,0.0,0.0
10977,30.949751138687134,11844,100.0,0.0,0.0
10980,30.957518100738525,11844,100.0,0.0,0.0
10981,30.96076202392578,11844,100.0,0.0,0.0
10985,30.972055196762085,11844,100.0,0.0,0.0
10986,30.97513437271118,11844,100.0,0.0,0.0
10989,30.983822107315063,11844,100.0,0.0,0.0
10990,30.986621379852295,11844,100.0,0.0,0.0
10993,30.995164394378662,11844,100.0,0.0,0.0
10994,30.99827527999878,11844,100.0,0.0,0.0
10998,31.009750604629517,11844,100.0,0.0,0.0
11000,31.015934228897095,11844,100.0,0.0,0.0
11007,31.037607192993164,11844,100.0,0.0,0.0
11008,31.040717363357544,11844,100.0,0.0,0.0
11009,31.043959379196167,11844,100.0,0.0,0.0
11010,31.046593189239502,11844,100.0,0.0,0.0
11011,31.049779415130615,11844,100.0,0.0,0.0
11013,31.055566787719727,11844,100.0,0.0,0.0
11015,31.061370372772217,11844,100.0,0.0,0.0
11016,31.0644109249115,11844,100.0,0.0,0.0
11017,31.067601442337036,11844,100.0,0.0,0.0
11020,31.075794458389282,11844,100.0,0.0,0.0
11025,31.08875870704651,11844,100.0,0.0,0.0
11026,31.092280864715576,11844,100.0,0.0,0.0
11029,31.10212469100952,11844,100.0,0.0,0.0
11030,31.10488724708557,11844,100.0,0.0,0.0
11031,31.108118295669556,11844,100.0,0.0,0.0
11034,31.11697244644165,11844,100.0,0.0,0.0
11035,31.120174884796143,11844,100.0,0.0,0.0
11040,31.13418960571289,11844,100.0,0.0,0.0
11044,31.146827697753906,11844,100.0,0.0,0.0
11049,31.162651300430298,11844,100.0,0.0,0.0
11050,31.16530704498291,11844,100.0,0.0,0.0
11055,31.178821325302124,11844,100.0,0.0,0.0
11058,31.188424348831177,11844,100.0,0.0,0.0
11059,31.19148850440979,11844,100.0,0.0,0.0
11060,31.194254636764526,11844,100.0,0.0,0.0
11062,31.199827432632446,11844,100.0,0.0,0.0
11064,31.206215143203735,11844,100.0,0.0,0.0
11067,31.215128898620605,11844,100.0,0.0,0.0
11070,31.223422527313232,11844,100.0,0.0,0.0
11075,31.23847770690918,11844,100.0,0.0,0.0
11079,31.249181509017944,11844,100.0,0.0,0.0
11080,31.252214670181274,11844,100.0,0.0,0.0
11081,31.25537419319153,11844,100.0,0.0,0.0
11085,31.26658868789673,11844,100.0,0.0,0.0
11086,31.269662857055664,11844,100.0,0.0,0.0
11090,31.280118703842163,11844,100.0,0.0,0.0
11091,31.283329010009766,11844,100.0,0.0,0.0
11099,31.306016206741333,11844,100.0,0.0,0.0
11100,31.30874276161194,11844,100.0,0.0,0.0
11110,31.33693838119507,11844,100.0,0.0,0.0
11113,31.345043420791626,11844,100.0,0.0,0.0
11120,31.36546301841736,11844,100.0,0.0,0.0
11130,31.393859386444092,11844,100.0,0.0,0.0
11132,31.398885011672974,11844,100.0,0.0,0.0
11136,31.409642934799194,11844,100.0,0.0,0.0
11138,31.4157075881958,11844,100.0,0.0,0.0
11139,31.418879508972168,11844,100.0,0.0,0.0
11140,31.421595811843872,11844,100.0,0.0,0.0
11141,31.42503833770752,11844,100.0,0.0,0.0
11143,31.431532382965088,11844,100.0,0.0,0.0
11144,31.434666633605957,11844,100.0,0.0,0.0
11150,31.451401710510254,11844,100.0,0.0,0.0
11158,31.473036766052246,11844,100.0,0.0,0.0
11160,31.479295253753662,11844,100.0,0.0,0.0
11163,31.489474058151245,11844,100.0,0.0,0.0
11165,31.495439529418945,11844,100.0,0.0,0.0
11168,31.50472068786621,11844,100.0,0.0,0.0
11169,31.50800609588623,11844,100.0,0.0,0.0
11170,31.5113582611084,11844,100.0,0.0,0.0
11180,31.541534185409546,11844,100.0,0.0,0.0
11181,31.544804096221924,11844,100.0,0.0,0.0
11184,31.554104328155518,11844,100.0,0.0,0.0
11185,31.557496070861816,11844,100.0,0.0,0.0
11188,31.56617784500122,11844,100.0,0.0,0.0
11190,31.57106590270996,11844,100.0,0.0,0.0
11192,31.577473878860474,11844,100.0,0.0,0.0
11194,31.5850932598114,11844,100.0,0.0,0.0
11197,31.594935655593872,11844,100.0,0.0,0.0
11200,31.604758501052856,11844,100.0,0.0,0.0
11201,31.608633995056152,11844,100.0,0.0,0.0
11205,31.621568202972412,11844,100.0,0.0,0.0
11206,31.62511134147644,11844,100.0,0.0,0.0
11209,31.63399577140808,11844,100.0,0.0,0.0
11210,31.63587474822998,11844,100.0,0.0,0.0
11213,31.64448094367981,11844,100.0,0.0,0.0
11215,31.649545431137085,11844,100.0,0.0,0.0
11220,31.662785053253174,11844,100.0,0.0,0.0
11222,31.668667316436768,11844,100.0,0.0,0.0
11226,31.67949342727661,11844,100.0,0.0,0.0
11228,31.68570637702942,11844,100.0,0.0,0.0
11230,31.69031858444214,11844,100.0,0.0,0.0
11231,31.693451166152954,11844,100.0,0.0,0.0
11234,31.70189905166626,11844,100.0,0.0,0.0
11240,31.71759057044983,11844,100.0,0.0,0.0
11250,31.74710750579834,11844,100.0,0.0,0.0
11251,31.75040602684021,11844,100.0,0.0,0.0
11254,31.759690523147583,11844,100.0,0.0,0.0
11259,31.77455711364746,11844,100.0,0.0,0.0
11260,31.77736234664917,11844,100.0,0.0,0.0
11261,31.78088402748108,11844,100.0,0.0,0.0
11262,31.784223556518555,11844,100.0,0.0,0.0
11270,31.80500078201294,11844,100.0,0.0,0.0
11278,31.826156854629517,11844,100.0,0.0,0.0
11280,31.830694675445557,11844,100.0,0.0,0.0
11283,31.8393657207489,11844,100.0,0.0,0.0
11287,31.850147247314453,11844,100.0,0.0,0.0
11290,31.857953310012817,11844,100.0,0.0,0.0
11293,31.866360664367676,11844,100.0,0.0,0.0
11294,31.86950969696045,11844,100.0,0.0,0.0
11296,31.875288248062134,11844,100.0,0.0,0.0
11299,31.88385558128357,11844,100.0,0.0,0.0
11300,31.886463165283203,11844,100.0,0.0,0.0
11302,31.892423152923584,11844,100.0,0.0,0.0
11308,31.90917205810547,11844,100.0,0.0,0.0
11310,31.915016412734985,11844,100.0,0.0,0.0
11311,31.91832447052002,11844,100.0,0.0,0.0
11315,31.930391550064087,11844,100.0,0.0,0.0
11316,31.933514833450317,11844,100.0,0.0,0.0
11320,31.944477319717407,11844,100.0,0.0,0.0
11321,31.947617530822754,11844,100.0,0.0,0.0
11329,31.97155237197876,11844,100.0,0.0,0.0
11330,31.97350549697876,11844,100.0,0.0,0.0
11332,31.979387044906616,11844,100.0,0.0,0.0
11335,31.987998485565186,11844,100.0,0.0,0.0
11338,31.99566388130188,11844,100.0,0.0,0.0
11339,31.99890160560608,11844,100.0,0.0,0.0
11340,32.0015025138855,11844,100.0,0.0,0.0
11347,32.02082133293152,11844,100.0,0.0,0.0
11350,32.02914595603943,11844,100.0,0.0,0.0
11351,32.03232765197754,11844,100.0,0.0,0.0
11360,32.056023359298706,11844,100.0,0.0,0.0
11365,32.07075881958008,11844,100.0,0.0,0.0
11366,32.07400345802307,11844,100.0,0.0,0.0
11370,32.08418798446655,11844,100.0,0.0,0.0
11371,32.08739709854126,11844,100.0,0.0,0.0
11377,32.104267597198486,11844,100.0,0.0,0.0
11379,32.11004590988159,11844,100.0,0.0,0.0
11380,32.11270594596863,11844,100.0,0.0,0.0
11386,32.12896776199341,11844,100.0,0.0,0.0
11389,32.137678384780884,11844,100.0,0.0,0.0
11390,32.139540672302246,11844,100.0,0.0,0.0
11391,32.142786502838135,11844,100.0,0.0,0.0
11396,32.15738344192505,11844,100.0,0.0,0.0
11397,32.160502195358276,11844,100.0,0.0,0.0
11399,32.1664354801178,11844,100.0,0.0,0.0
11400,32.169108152389526,11844,100.0,0.0,0.0
11403,32.17737698554993,11844,100.0,0.0,0.0
11410,32.19689583778381,11844,100.0,0.0,0.0
11412,32.20301532745361,11844,100.0,0.0,0.0
11415,32.21176838874817,11844,100.0,0.0,0.0
11418,32.22158718109131,11844,100.0,0.0,0.0
11420,32.22920751571655,11844,100.0,0.0,0.0
11430,32.26086497306824,11844,100.0,0.0,0.0
11436,32.27778458595276,11844,100.0,0.0,0.0
11440,32.289289712905884,11844,100.0,0.0,0.0
11446,32.305933475494385,11844,100.0,0.0,0.0
11450,32.31846070289612,11844,100.0,0.0,0.0
11460,32.34749960899353,11844,100.0,0.0,0.0
11461,32.35078501701355,11844,100.0,0.0,0.0
11464,32.36092400550842,11844,100.0,0.0,0.0
11466,32.36733436584473,11844,100.0,0.0,0.0
11470,32.377586126327515,11844,100.0,0.0,0.0
11471,32.38078713417053,11844,100.0,0.0,0.0
11477,32.39706063270569,11844,100.0,0.0,0.0
11480,32.40646982192993,11844,100.0,0.0,0.0
11483,32.416069746017456,11844,100.0,0.0,0.0
11488,32.43121647834778,11844,100.0,0.0,0.0
11490,32.43720006942749,11844,100.0,0.0,0.0
11500,32.46227765083313,11844,100.0,0.0,0.0
11503,32.47128891944885,11844,100.0,0.0,0.0
11506,32.483630657196045,11844,100.0,0.0,0.0
11510,32.49568486213684,11844,100.0,0.0,0.0
11516,32.51375102996826,11844,100.0,0.0,0.0
11517,32.51701784133911,11844,100.0,0.0,0.0
11519,32.523869037628174,11844,100.0,0.0,0.0
11520,32.52676582336426,11844,100.0,0.0,0.0
11525,32.54057836532593,11844,100.0,0.0,0.0
11528,32.549322843551636,11844,100.0,0.0,0.0
11530,32.555158615112305,11844,100.0,0.0,0.0
11540,32.58340001106262,11844,100.0,0.0,0.0
11542,32.58930015563965,11844,100.0,0.0,0.0
11545,32.597342014312744,11844,100.0,0.0,0.0
11550,32.61138153076172,11844,100.0,0.0,0.0
11551,32.61478328704834,11844,100.0,0.0,0.0
11553,32.620511293411255,11844,100.0,0.0,0.0
11555,32.627690076828,11844,100.0,0.0,0.0
11556,32.631062269210815,11844,100.0,0.0,0.0
11557,32.63481545448303,11844,100.0,0.0,0.0
11560,32.64346265792847,11844,100.0,0.0,0.0
11569,32.66803050041199,11844,100.0,0.0,0.0
11570,32.670759439468384,11844,100.0,0.0,0.0
11577,32.69145631790161,11844,100.0,0.0,0.0
11578,32.69508910179138,11844,100.0,0.0,0.0
11580,32.701412200927734,11844,100.0,0.0,0.0
11584,32.71384882926941,11844,100.0,0.0,0.0
11588,32.72536301612854,11844,100.0,0.0,0.0
11590,32.730961322784424,11844,100.0,0.0,0.0
11591,32.73427605628967,11844,100.0,0.0,0.0
11599,32.756462812423706,11844,100.0,0.0,0.0
11600,32.75909376144409,11844,100.0,0.0,0.0
11604,32.77070951461792,11844,100.0,0.0,0.0
11610,32.787134408950806,11844,100.0,0.0,0.0
11612,32.79327583312988,11844,100.0,0.0,0.0
11613,32.796781063079834,11844,100.0,0.0,0.0
11618,32.81068539619446,11844,100.0,0.0,0.0
11620,32.816378355026245,11844,100.0,0.0,0.0
11621,32.819743394851685,11844,100.0,0.0,0.0
11623,32.825788497924805,11844,100.0,0.0,0.0
11627,32.836954832077026,11844,100.0,0.0,0.0
11630,32.843590259552,11844,100.0,0.0,0.0
11634,32.85537338256836,11844,100.0,0.0,0.0
11636,32.86122250556946,11844,100.0,0.0,0.0
11637,32.864601850509644,11844,100.0,0.0,0.0
11640,32.872870683670044,11844,100.0,0.0,0.0
11645,32.8870964050293,11844,100.0,0.0,0.0
11648,32.89602255821228,11844,100.0,0.0,0.0
11650,32.90141558647156,11844,100.0,0.0,0.0
11651,32.90473031997681,11844,100.0,0.0,0.0
11653,32.9106867313385,11844,100.0,0.0,0.0
11654,32.91389536857605,11844,100.0,0.0,0.0
11660,32.93213677406311,11844,100.0,0.0,0.0
11661,32.93518352508545,11844,100.0,0.0,0.0
11662,32.938446283340454,11844,100.0,0.0,0.0
11669,32.95868372917175,11844,100.0,0.0,0.0
11670,32.96176075935364,11844,100.0,0.0,0.0
11673,32.97032642364502,11844,100.0,0.0,0.0
11679,32.98741436004639,11844,100.0,0.0,0.0
11680,32.99050521850586,11844,100.0,0.0,0.0
11683,32.99847745895386,11844,100.0,0.0,0.0
11687,33.009039640426636,11844,100.0,0.0,0.0
11690,33.0179169178009,11844,100.0,0.0,0.0
11692,33.0254430770874,11844,100.0,0.0,0.0
11693,33.02893877029419,11844,100.0,0.0,0.0
11700,33.0473530292511,11844,100.0,0.0,0.0
11704,33.05962324142456,11844,100.0,0.0,0.0
11707,33.06849789619446,11844,100.0,0.0,0.0
11710,33.07747554779053,11844,100.0,0.0,0.0
11711,33.08113741874695,11844,100.0,0.0,0.0
11714,33.09038043022156,11844,100.0,0.0,0.0
11716,33.09728789329529,11844,100.0,0.0,0.0
11717,33.10206127166748,11844,100.0,0.0,0.0
11719,33.10842323303223,11844,100.0,0.0,0.0
11720,33.11164617538452,11844,100.0,0.0,0.0
11726,33.12990856170654,11844,100.0,0.0,0.0
11728,33.13650608062744,11844,100.0,0.0,0.0
11729,33.139904499053955,11844,100.0,0.0,0.0
11730,33.14281511306763,11844,100.0,0.0,0.0
11740,33.16932392120361,11844,100.0,0.0,0.0
11742,33.175575971603394,11844,100.0,0.0,0.0
11744,33.18155217170715,11844,100.0,0.0,0.0
11748,33.19243860244751,11844,100.0,0.0,0.0
11749,33.195762395858765,11844,100.0,0.0,0.0
11750,33.19896221160889,11844,100.0,0.0,0.0
11755,33.21378517150879,11844,100.0,0.0,0.0
11760,33.22797346115112,11844,100.0,0.0,0.0
11767,33.249189376831055,11844,100.0,0.0,0.0
11770,33.259095191955566,11844,100.0,0.0,0.0
11780,33.28809905052185,11844,100.0,0.0,0.0
11790,33.31813383102417,11844,100.0,0.0,0.0
11794,33.33472537994385,11844,100.0,0.0,0.0
11800,33.35331988334656,11844,100.0,0.0,0.0
11805,33.371272802352905,11844,100.0,0.0,0.0
11807,33.377378702163696,11844,100.0,0.0,0.0
11808,33.38094353675842,11844,100.0,0.0,0.0
11810,33.387192487716675,11844,100.0,0.0,0.0
11812,33.39351797103882,11844,100.0,0.0,0.0
11820,33.41675567626953,11844,100.0,0.0,0.0
11825,33.430638551712036,11844,100.0,0.0,0.0
11828,33.43856358528137,11844,100.0,0.0,0.0
11829,33.442031383514404,11844,100.0,0.0,0.0
11830,33.444997787475586,11844,100.0,0.0,0.0
11831,33.44846487045288,11844,100.0,0.0,0.0
11835,33.460537910461426,11844,100.0,0.0,0.0
11840,33.47593545913696,11844,100.0,0.0,0.0
11842,33.482192277908325,11844,100.0,0.0,0.0
11850,33.50570249557495,11844,100.0,0.0,0.0
11852,33.512959241867065,11844,100.0,0.0,0.0
11854,33.5195198059082,11844,100.0,0.0,0.0
11860,33.53914523124695,11844,100.0,0.0,0.0
11869,33.56860542297363,11844,100.0,0.0,0.0
11870,33.57150626182556,11844,100.0,0.0,0.0
11872,33.57821440696716,11844,100.0,0.0,0.0
11878,33.59645318984985,11844,100.0,0.0,0.0
11880,33.60138511657715,11844,100.0,0.0,0.0
11881,33.60531139373779,11844,100.0,0.0,0.0
11890,33.63158988952637,11844,100.0,0.0,0.0
11893,33.64200496673584,11844,100.0,0.0,0.0
11900,33.66385459899902,11844,100.0,0.0,0.0
11903,33.672847509384155,11844,100.0,0.0,0.0
11909,33.694257974624634,11844,100.0,0.0,0.0
11910,33.69713521003723,11844,100.0,0.0,0.0
11919,33.721198320388794,11844,100.0,0.0,0.0
11920,33.724655628204346,11844,100.0,0.0,0.0
11923,33.73361253738403,11844,100.0,0.0,0.0
11924,33.736950159072876,11844,100.0,0.0,0.0
11928,33.748830795288086,11844,100.0,0.0,0.0
11930,33.754512786865234,11844,100.0,0.0,0.0
11932,33.76069211959839,11844,100.0,0.0,0.0
11940,33.784629106521606,11844,100.0,0.0,0.0
11942,33.79235887527466,11844,100.0,0.0,0.0
11947,33.80810761451721,11844,100.0,0.0,0.0
11950,33.818180084228516,11844,100.0,0.0,0.0
11951,33.82139205932617,11844,100.0,0.0,0.0
11952,33.825002670288086,11844,100.0,0.0,0.0
11953,33.8285014629364,11844,100.0,0.0,0.0
11954,33.83211040496826,11844,100.0,0.0,0.0
11960,33.85190749168396,11844,100.0,0.0,0.0
11964,33.864908933639526,11844,100.0,0.0,0.0
11970,33.88245344161987,11844,100.0,0.0,0.0
11978,33.90550756454468,11844,100.0,0.0,0.0
11980,33.910301208496094,11844,100.0,0.0,0.0
11989,33.935635805130005,11844,100.0,0.0,0.0
11990,33.93834686279297,11844,100.0,0.0,0.0
12000,33.9666862487793,11844,100.0,0.0,0.0
12001,33.970055103302,11844,100.0,0.0,0.0
12010,33.99360990524292,11844,100.0,0.0,0.0
12015,34.00790286064148,11844,100.0,0.0,0.0
12019,34.01939940452576,11844,100.0,0.0,0.0
12020,34.02128291130066,11844,100.0,0.0,0.0
12024,34.03424310684204,11844,100.0,0.0,0.0
12028,34.046852350234985,11844,100.0,0.0,0.0
12030,34.053486347198486,11844,100.0,0.0,0.0
12035,34.06724524497986,11844,100.0,0.0,0.0
12040,34.081348180770874,11844,100.0,0.0,0.0
12041,34.08568096160889,11844,100.0,0.0,0.0
12047,34.10682511329651,11844,100.0,0.0,0.0
12050,34.11511516571045,11844,100.0,0.0,0.0
12053,34.12366008758545,11844,100.0,0.0,0.0
12054,34.126946210861206,11844,100.0,0.0,0.0
12060,34.14321160316467,11844,100.0,0.0,0.0
12061,34.14673709869385,11844,100.0,0.0,0.0
12063,34.151933670043945,11844,100.0,0.0,0.0
12070,34.17196989059448,11844,100.0,0.0,0.0
12071,34.17516541481018,11844,100.0,0.0,0.0
12073,34.18109321594238,11844,100.0,0.0,0.0
12080,34.20020532608032,11844,100.0,0.0,0.0
12081,34.203524112701416,11844,100.0,0.0,0.0
12084,34.21260738372803,11844,100.0,0.0,0.0
12086,34.21866321563721,11844,100.0,0.0,0.0
12090,34.23111581802368,11844,100.0,0.0,0.0
12092,34.237464427948,11844,100.0,0.0,0.0
12098,34.25547432899475,11844,100.0,0.0,0.0
12100,34.26130652427673,11844,100.0,0.0,0.0
12103,34.27035999298096,11844,100.0,0.0,0.0
12107,34.28018665313721,11844,100.0,0.0,0.0
12108,34.283506631851196,11844,100.0,0.0,0.0
12110,34.28956937789917,11844,100.0,0.0,0.0
12111,34.29308557510376,11844,100.0,0.0,0.0
12113,34.299302101135254,11844,100.0,0.0,0.0
12116,34.308297872543335,11844,100.0,0.0,0.0
12120,34.31974673271179,11844,100.0,0.0,0.0
12128,34.34207820892334,11844,100.0,0.0,0.0
12130,34.34691643714905,11844,100.0,0.0,0.0
12139,34.374146699905396,11844,100.0,0.0,0.0
12140,34.37688493728638,11844,100.0,0.0,0.0
12143,34.38518261909485,11844,100.0,0.0,0.0
12144,34.388427734375,11844,100.0,0.0,0.0
12147,34.397963762283325,11844,100.0,0.0,0.0
12149,34.404202699661255,11844,100.0,0.0,0.0
12150,34.40696954727173,11844,100.0,0.0,0.0
12154,34.419241428375244,11844,100.0,0.0,0.0
12156,34.425151109695435,11844,100.0,0.0,0.0
12160,34.43651604652405,11844,100.0,0.0,0.0
12163,34.445658683776855,11844,100.0,0.0,0.0
12165,34.45183181762695,11844,100.0,0.0,0.0
12170,34.463738203048706,11844,100.0,0.0,0.0
12172,34.469584941864014,11844,100.0,0.0,0.0
12175,34.478591203689575,11844,100.0,0.0,0.0
12176,34.48178768157959,11844,100.0,0.0,0.0
12177,34.48505735397339,11844,100.0,0.0,0.0
12180,34.49433994293213,11844,100.0,0.0,0.0
12182,34.500403881073,11844,100.0,0.0,0.0
12185,34.50927114486694,11844,100.0,0.0,0.0
12190,34.52269387245178,11844,100.0,0.0,0.0
12197,34.54165482521057,11844,100.0,0.0,0.0
12200,34.55012392997742,11844,100.0,0.0,0.0
12202,34.55664563179016,11844,100.0,0.0,0.0
12205,34.56552219390869,11844,100.0,0.0,0.0
12208,34.57448673248291,11844,100.0,0.0,0.0
12210,34.58004021644592,11844,100.0,0.0,0.0
12211,34.58341073989868,11844,100.0,0.0,0.0
12213,34.58970403671265,11844,100.0,0.0,0.0
12214,34.59293532371521,11844,100.0,0.0,0.0
12220,34.60918712615967,11844,100.0,0.0,0.0
12225,34.62373399734497,11844,100.0,0.0,0.0
12230,34.63689184188843,11844,100.0,0.0,0.0
12235,34.65138578414917,11844,100.0,0.0,0.0
12236,34.65453219413757,11844,100.0,0.0,0.0
12240,34.66480350494385,11844,100.0,0.0,0.0
12247,34.68329048156738,11844,100.0,0.0,0.0
12250,34.69154143333435,11844,100.0,0.0,0.0
12251,34.694833755493164,11844,100.0,0.0,0.0
12257,34.712109327316284,11844,100.0,0.0,0.0
12258,34.71558427810669,11844,100.0,0.0,0.0
12260,34.720316886901855,11844,100.0,0.0,0.0
12263,34.72916007041931,11844,100.0,0.0,0.0
12264,34.73252272605896,11844,100.0,0.0,0.0
12265,34.73572373390198,11844,100.0,0.0,0.0
12267,34.74189352989197,11844,100.0,0.0,0.0
12269,34.74719786643982,11844,100.0,0.0,0.0
12270,34.750601053237915,11844,100.0,0.0,0.0
12275,34.76624155044556,11844,100.0,0.0,0.0
12280,34.779269218444824,11844,100.0,0.0,0.0
12281,34.78262710571289,11844,100.0,0.0,0.0
12283,34.78908562660217,11844,100.0,0.0,0.0
12284,34.792609453201294,11844,100.0,0.0,0.0
12286,34.79887080192566,11844,100.0,0.0,0.0
12290,34.810778856277466,11844,100.0,0.0,0.0
12291,34.81411933898926,11844,100.0,0.0,0.0
12294,34.82407021522522,11844,100.0,0.0,0.0
12300,34.841806411743164,11844,100.0,0.0,0.0
12302,34.84728002548218,11844,100.0,0.0,0.0
12310,34.87192749977112,11844,100.0,0.0,0.0
12318,34.893965005874634,11844,100.0,0.0,0.0
12320,34.89965009689331,11844,100.0,0.0,0.0
12321,34.9029426574707,11844,100.0,0.0,0.0
12328,34.92324709892273,11844,100.0,0.0,0.0
12329,34.9265615940094,11844,100.0,0.0,0.0
12330,34.93001198768616,11844,100.0,0.0,0.0
12331,34.9332709312439,11844,100.0,0.0,0.0
12332,34.93648076057434,11844,100.0,0.0,0.0
12340,34.96083641052246,11844,100.0,0.0,0.0
12342,34.96714639663696,11844,100.0,0.0,0.0
12350,34.988911867141724,11844,100.0,0.0,0.0
12353,34.99821925163269,11844,100.0,0.0,0.0
12360,35.01739859580994,11844,100.0,0.0,0.0
12362,35.02354121208191,11844,100.0,0.0,0.0
12367,35.03685665130615,11844,100.0,0.0,0.0
12370,35.04553532600403,11844,100.0,0.0,0.0
12371,35.04907417297363,11844,100.0,0.0,0.0
12375,35.05929088592529,11844,100.0,0.0,0.0
12378,35.068464040756226,11844,100.0,0.0,0.0
12380,35.073376178741455,11844,100.0,0.0,0.0
12383,35.0830454826355,11844,100.0,0.0,0.0
12386,35.091928243637085,11844,100.0,0.0,0.0
12387,35.09506368637085,11844,100.0,0.0,0.0
12390,35.10403251647949,11844,100.0,0.0,0.0
12398,35.127482175827026,11844,100.0,0.0,0.0
12400,35.132983446121216,11844,100.0,0.0,0.0
12401,35.13628268241882,11844,100.0,0.0,0.0
12404,35.1450469493866,11844,100.0,0.0,0.0
12410,35.16089987754822,11844,100.0,0.0,0.0
12420,35.18953776359558,11844,100.0,0.0,0.0
12422,35.19677972793579,11844,100.0,0.0,0.0
12428,35.215314865112305,11844,100.0,0.0,0.0
12430,35.221388816833496,11844,100.0,0.0,0.0
12437,35.23914885520935,11844,100.0,0.0,0.0
12439,35.2455894947052,11844,100.0,0.0,0.0
12440,35.24838829040527,11844,100.0,0.0,0.0
12441,35.251692056655884,11844,100.0,0.0,0.0
12448,35.270516872406006,11844,100.0,0.0,0.0
12450,35.275325536727905,11844,100.0,0.0,0.0
12452,35.281153202056885,11844,100.0,0.0,0.0
12459,35.29978823661804,11844,100.0,0.0,0.0
12460,35.30291247367859,11844,100.0,0.0,0.0
12464,35.313310623168945,11844,100.0,0.0,0.0
12465,35.31654334068298,11844,100.0,0.0,0.0
12470,35.33227324485779,11844,100.0,0.0,0.0
12474,35.344762086868286,11844,100.0,0.0,0.0
12475,35.348111629486084,11844,100.0,0.0,0.0
12479,35.36216068267822,11844,100.0,0.0,0.0
12480,35.36558151245117,11844,100.0,0.0,0.0
12481,35.3688223361969,11844,100.0,0.0,0.0
12482,35.37229251861572,11844,100.0,0.0,0.0
12485,35.3814423084259,11844,100.0,0.0,0.0
12489,35.39321327209473,11844,100.0,0.0,0.0
12490,35.395915269851685,11844,100.0,0.0,0.0
12498,35.42070722579956,11844,100.0,0.0,0.0
12500,35.426830768585205,11844,100.0,0.0,0.0
12503,35.43728184700012,11844,100.0,0.0,0.0
12505,35.44366264343262,11844,100.0,0.0,0.0
12507,35.45287251472473,11844,100.0,0.0,0.0
12510,35.46763801574707,11844,100.0,0.0,0.0
12512,35.47558069229126,11844,100.0,0.0,0.0
12514,35.48396921157837,11844,100.0,0.0,0.0
12515,35.48838448524475,11844,100.0,0.0,0.0
12520,35.50898504257202,11844,100.0,0.0,0.0
12522,35.51639127731323,11844,100.0,0.0,0.0
12523,35.519917011260986,11844,100.0,0.0,0.0
12530,35.5382137298584,11844,100.0,0.0,0.0
12531,35.54137563705444,11844,100.0,0.0,0.0
12534,35.549975633621216,11844,100.0,0.0,0.0
12538,35.56171369552612,11844,100.0,0.0,0.0
12540,35.567119121551514,11844,100.0,0.0,0.0
12542,35.5731987953186,11844,100.0,0.0,0.0
12549,35.5936233997345,11844,100.0,0.0,0.0
12550,35.59681844711304,11844,100.0,0.0,0.0
12555,35.610721826553345,11844,100.0,0.0,0.0
12560,35.62615370750427,11844,100.0,0.0,0.0
12570,35.653467416763306,11844,100.0,0.0,0.0
12571,35.65657901763916,11844,100.0,0.0,0.0
12573,35.662463426589966,11844,100.0,0.0,0.0
12574,35.6655969619751,11844,100.0,0.0,0.0
12575,35.66878867149353,11844,100.0,0.0,0.0
12576,35.67189836502075,11844,100.0,0.0,0.0
12577,35.67506289482117,11844,100.0,0.0,0.0
12578,35.678208351135254,11844,100.0,0.0,0.0
12580,35.68272852897644,11844,100.0,0.0,0.0
12584,35.69246816635132,11844,100.0,0.0,0.0
12587,35.7010281085968,11844,100.0,0.0,0.0
12590,35.70837378501892,11844,100.0,0.0,0.0
12591,35.71207594871521,11844,100.0,0.0,0.0
12592,35.715580463409424,11844,100.0,0.0,0.0
12593,35.71890616416931,11844,100.0,0.0,0.0
12596,35.727744340896606,11844,100.0,0.0,0.0
12600,35.737921476364136,11844,100.0,0.0,0.0
12605,35.75299382209778,11844,100.0,0.0,0.0
12607,35.75923705101013,11844,100.0,0.0,0.0
12609,35.76547813415527,11844,100.0,0.0,0.0
12610,35.76818251609802,11844,100.0,0.0,0.0
12615,35.781960248947144,11844,100.0,0.0,0.0
12616,35.78518199920654,11844,100.0,0.0,0.0
12617,35.78829741477966,11844,100.0,0.0,0.0
12620,35.7965145111084,11844,100.0,0.0,0.0
12630,35.82426428794861,11844,100.0,0.0,0.0
12632,35.830270290374756,11844,100.0,0.0,0.0
12633,35.833373069763184,11844,100.0,0.0,0.0
12636,35.84275412559509,11844,100.0,0.0,0.0
12640,35.854562282562256,11844,100.0,0.0,0.0
12641,35.85802960395813,11844,100.0,0.0,0.0
12645,35.86945128440857,11844,100.0,0.0,0.0
12647,35.87526249885559,11844,100.0,0.0,0.0
12650,35.88337993621826,11844,100.0,0.0,0.0
12652,35.889238595962524,11844,100.0,0.0,0.0
12656,35.90040063858032,11844,100.0,0.0,0.0
12658,35.90604043006897,11844,100.0,0.0,0.0
12659,35.908952474594116,11844,100.0,0.0,0.0
12660,35.91167378425598,11844,100.0,0.0,0.0
12663,35.92020630836487,11844,100.0,0.0,0.0
12665,35.9260413646698,11844,100.0,0.0,0.0
12670,35.93842697143555,11844,100.0,0.0,0.0
12672,35.94431138038635,11844,100.0,0.0,0.0
12677,35.95814323425293,11844,100.0,0.0,0.0
12680,35.96627616882324,11844,100.0,0.0,0.0
12686,35.9823899269104,11844,100.0,0.0,0.0
12687,35.985503911972046,11844,100.0,0.0,0.0
12690,35.99268841743469,11844,100.0,0.0,0.0
12691,35.99574375152588,11844,100.0,0.0,0.0
12693,36.00151705741882,11844,100.0,0.0,0.0
12694,36.00497889518738,11844,100.0,0.0,0.0
12696,36.010974645614624,11844,100.0,0.0,0.0
12697,36.01417517662048,11844,100.0,0.0,0.0
12699,36.02022433280945,11844,100.0,0.0,0.0
12700,36.02300763130188,11844,100.0,0.0,0.0
12703,36.031814098358154,11844,100.0,0.0,0.0
12707,36.0448956489563,11844,100.0,0.0,0.0
12710,36.053807497024536,11844,100.0,0.0,0.0
12713,36.06294226646423,11844,100.0,0.0,0.0
12720,36.08344221115112,11844,100.0,0.0,0.0
12722,36.09089398384094,11844,100.0,0.0,0.0
12723,36.094210624694824,11844,100.0,0.0,0.0
12728,36.11070394515991,11844,100.0,0.0,0.0
12730,36.115530252456665,11844,100.0,0.0,0.0
12732,36.121763467788696,11844,100.0,0.0,0.0
12740,36.14527487754822,11844,100.0,0.0,0.0
12741,36.148818016052246,11844,100.0,0.0,0.0
12749,36.17177748680115,11844,100.0,0.0,0.0
12750,36.17499136924744,11844,100.0,0.0,0.0
12753,36.183969497680664,11844,100.0,0.0,0.0
12755,36.189841747283936,11844,100.0,0.0,0.0
12756,36.19314408302307,11844,100.0,0.0,0.0
12760,36.206706523895264,11844,100.0,0.0,0.0
12768,36.231218576431274,11844,100.0,0.0,0.0
12769,36.234649658203125,11844,100.0,0.0,0.0
12770,36.23767137527466,11844,100.0,0.0,0.0
12773,36.246973752975464,11844,100.0,0.0,0.0
12780,36.26420783996582,11844,100.0,0.0,0.0
12782,36.270352363586426,11844,100.0,0.0,0.0
12784,36.277748584747314,11844,100.0,0.0,0.0
12785,36.28117299079895,11844,100.0,0.0,0.0
12789,36.29248261451721,11844,100.0,0.0,0.0
12790,36.295417070388794,11844,100.0,0.0,0.0
12792,36.30129837989807,11844,100.0,0.0,0.0
12797,36.316306829452515,11844,100.0,0.0,0.0
12798,36.31963872909546,11844,100.0,0.0,0.0
12800,36.32552719116211,11844,100.0,0.0,0.0
12802,36.3309440612793,11844,100.0,0.0,0.0
12803,36.33417749404907,11844,100.0,0.0,0.0
12805,36.34064602851868,11844,100.0,0.0,0.0
12810,36.356865644454956,11844,100.0,0.0,0.0
12812,36.3638596534729,11844,100.0,0.0,0.0
12814,36.369256258010864,11844,100.0,0.0,0.0
12816,36.37549066543579,11844,100.0,0.0,0.0
12820,36.38680720329285,11844,100.0,0.0,0.0
12821,36.390044927597046,11844,100.0,0.0,0.0
12823,36.396275997161865,11844,100.0,0.0,0.0
12825,36.403640270233154,11844,100.0,0.0,0.0
12828,36.41290044784546,11844,100.0,0.0,0.0
12830,36.41771936416626,11844,100.0,0.0,0.0
12831,36.42100286483765,11844,100.0,0.0,0.0
12835,36.43249726295471,11844,100.0,0.0,0.0
12840,36.44717717170715,11844,100.0,0.0,0.0
12849,36.476606369018555,11844,100.0,0.0,0.0
12850,36.47863268852234,11844,100.0,0.0,0.0
12857,36.50080990791321,11844,100.0,0.0,0.0
12858,36.504173040390015,11844,100.0,0.0,0.0
12860,36.5101044178009,11844,100.0,0.0,0.0
12864,36.52583122253418,11844,100.0,0.0,0.0
12870,36.54464101791382,11844,100.0,0.0,0.0
12880,36.57442903518677,11844,100.0,0.0,0.0
12883,36.58363366127014,11844,100.0,0.0,0.0
12887,36.59616756439209,11844,100.0,0.0,0.0
12890,36.60490274429321,11844,100.0,0.0,0.0
12894,36.61614680290222,11844,100.0,0.0,0.0
12898,36.62864685058594,11844,100.0,0.0,0.0
12900,36.63358211517334,11844,100.0,0.0,0.0
12905,36.64853763580322,11844,100.0,0.0,0.0
12907,36.65524649620056,11844,100.0,0.0,0.0
12910,36.66388487815857,11844,100.0,0.0,0.0
12911,36.66725134849548,11844,100.0,0.0,0.0
12915,36.67904877662659,11844,100.0,0.0,0.0
12920,36.6949520111084,11844,100.0,0.0,0.0
12924,36.70730972290039,11844,100.0,0.0,0.0
12926,36.71415090560913,11844,100.0,0.0,0.0
12928,36.71956753730774,11844,100.0,0.0,0.0
12930,36.72524404525757,11844,100.0,0.0,0.0
12931,36.72872829437256,11844,100.0,0.0,0.0
12933,36.73503279685974,11844,100.0,0.0,0.0
12940,36.75834536552429,11844,100.0,0.0,0.0
12944,36.77040219306946,11844,100.0,0.0,0.0
12949,36.7856924533844,11844,100.0,0.0,0.0
12950,36.78840088844299,11844,100.0,0.0,0.0
12951,36.79174280166626,11844,100.0,0.0,0.0
12952,36.79486298561096,11844,100.0,0.0,0.0
12954,36.80137610435486,11844,100.0,0.0,0.0
12955,36.804739236831665,11844,100.0,0.0,0.0
12960,36.81878614425659,11844,100.0,0.0,0.0
12970,36.846834897994995,11844,100.0,0.0,0.0
12980,36.875884771347046,11844,100.0,0.0,0.0
12982,36.881691694259644,11844,100.0,0.0,0.0
12986,36.89176559448242,11844,100.0,0.0,0.0
12988,36.89870643615723,11844,100.0,0.0,0.0
12990,36.90781307220459,11844,100.0,0.0,0.0
12994,36.92054891586304,11844,100.0,0.0,0.0
12995,36.92411422729492,11844,100.0,0.0,0.0
12996,36.92752647399902,11844,100.0,0.0,0.0
13000,36.93899965286255,11844,100.0,0.0,0.0
13006,36.960773944854736,11844,100.0,0.0,0.0
13008,36.96721601486206,11844,100.0,0.0,0.0
13009,36.970730781555176,11844,100.0,0.0,0.0
13010,36.97399163246155,11844,100.0,0.0,0.0
13011,36.977391958236694,11844,100.0,0.0,0.0
13014,36.987441062927246,11844,100.0,0.0,0.0
13018,36.99965858459473,11844,100.0,0.0,0.0
13020,37.00679659843445,11844,100.0,0.0,0.0
13022,37.013246059417725,11844,100.0,0.0,0.0
13023,37.01678419113159,11844,100.0,0.0,0.0
13029,37.03505802154541,11844,100.0,0.0,0.0
13030,37.038110971450806,11844,100.0,0.0,0.0
13033,37.050195932388306,11844,100.0,0.0,0.0
13037,37.06270098686218,11844,100.0,0.0,0.0
13039,37.06906485557556,11844,100.0,0.0,0.0
13040,37.071855545043945,11844,100.0,0.0,0.0
13046,37.09115505218506,11844,100.0,0.0,0.0
13050,37.106178283691406,11844,100.0,0.0,0.0
13053,37.11816763877869,11844,100.0,0.0,0.0
13058,37.133504152297974,11844,100.0,0.0,0.0
13060,37.14034605026245,11844,100.0,0.0,0.0
13068,37.164589643478394,11844,100.0,0.0,0.0
13070,37.170668601989746,11844,100.0,0.0,0.0
13071,37.17408990859985,11844,100.0,0.0,0.0
13075,37.185263872146606,11844,100.0,0.0,0.0
13078,37.19337058067322,11844,100.0,0.0,0.0
13079,37.19687342643738,11844,100.0,0.0,0.0
13080,37.19987654685974,11844,100.0,0.0,0.0
13081,37.203381299972534,11844,100.0,0.0,0.0
13084,37.212223291397095,11844,100.0,0.0,0.0
13089,37.226805686950684,11844,100.0,0.0,0.0
13090,37.229658365249634,11844,100.0,0.0,0.0
13091,37.233147621154785,11844,100.0,0.0,0.0
13096,37.24871826171875,11844,100.0,0.0,0.0
13099,37.25901985168457,11844,100.0,0.0,0.0
13100,37.262176275253296,11844,100.0,0.0,0.0
13104,37.273380756378174,11844,100.0,0.0,0.0
13110,37.290509939193726,11844,100.0,0.0,0.0
13112,37.298585414886475,11844,100.0,0.0,0.0
13115,37.309202671051025,11844,100.0,0.0,0.0
13118,37.3188271522522,11844,100.0,0.0,0.0
13120,37.32526969909668,11844,100.0,0.0,0.0
13125,37.34216356277466,11844,100.0,0.0,0.0
13129,37.353877544403076,11844,100.0,0.0,0.0
13130,37.35728716850281,11844,100.0,0.0,0.0
13136,37.37607383728027,11844,100.0,0.0,0.0
13140,37.388373613357544,11844,100.0,0.0,0.0
13150,37.42145228385925,11844,100.0,0.0,0.0
13153,37.43092751502991,11844,100.0,0.0,0.0
13155,37.43713021278381,11844,100.0,0.0,0.0
13160,37.451536655426025,11844,100.0,0.0,0.0
13164,37.46289944648743,11844,100.0,0.0,0.0
13165,37.46620154380798,11844,100.0,0.0,0.0
13170,37.47981882095337,11844,100.0,0.0,0.0
13172,37.48595380783081,11844,100.0,0.0,0.0
13179,37.507341623306274,11844,100.0,0.0,0.0
13180,37.50972080230713,11844,100.0,0.0,0.0
13190,37.54468631744385,11844,100.0,0.0,0.0
13198,37.5687792301178,11844,100.0,0.0,0.0
13200,37.574923038482666,11844,100.0,0.0,0.0
13203,37.584561824798584,11844,100.0,0.0,0.0
13204,37.5885968208313,11844,100.0,0.0,0.0
13210,37.60616087913513,11844,100.0,0.0,0.0
13220,37.63315200805664,11844,100.0,0.0,0.0
13228,37.65630316734314,11844,100.0,0.0,0.0
13230,37.66202640533447,11844,100.0,0.0,0.0
13231,37.665473222732544,11844,100.0,0.0,0.0
13232,37.668763875961304,11844,100.0,0.0,0.0
13233,37.67209339141846,11844,100.0,0.0,0.0
13234,37.675381660461426,11844,100.0,0.0,0.0
13236,37.68186283111572,11844,100.0,0.0,0.0
13240,37.69408988952637,11844,100.0,0.0,0.0
13242,37.700294733047485,11844,100.0,0.0,0.0
13245,37.70954418182373,11844,100.0,0.0,0.0
13247,37.71581292152405,11844,100.0,0.0,0.0
13249,37.72202134132385,11844,100.0,0.0,0.0
13250,37.72495436668396,11844,100.0,0.0,0.0
13251,37.7284836769104,11844,100.0,0.0,0.0
13253,37.73477292060852,11844,100.0,0.0,0.0
13254,37.73815560340881,11844,100.0,0.0,0.0
13257,37.74765968322754,11844,100.0,0.0,0.0
13260,37.756352186203,11844,100.0,0.0,0.0
13264,37.76919221878052,11844,100.0,0.0,0.0
13267,37.77905797958374,11844,100.0,0.0,0.0
13270,37.7880322933197,11844,100.0,0.0,0.0
13274,37.799606800079346,11844,100.0,0.0,0.0
13280,37.819517612457275,11844,100.0,0.0,0.0
13282,37.82501983642578,11844,100.0,0.0,0.0
13283,37.82834601402283,11844,100.0,0.0,0.0
13290,37.84820580482483,11844,100.0,0.0,0.0
13291,37.85154986381531,11844,100.0,0.0,0.0
13300,37.87800168991089,11844,100.0,0.0,0.0
13305,37.893091917037964,11844,100.0,0.0,0.0
13310,37.906561613082886,11844,100.0,0.0,0.0
13311,37.90990352630615,11844,100.0,0.0,0.0
13313,37.91501188278198,11844,100.0,0.0,0.0
13317,37.926045417785645,11844,100.0,0.0,0.0
13320,37.93503522872925,11844,100.0,0.0,0.0
13323,37.943753242492676,11844,100.0,0.0,0.0
13327,37.95573115348816,11844,100.0,0.0,0.0
13330,37.96498107910156,11844,100.0,0.0,0.0
13333,37.97395372390747,11844,100.0,0.0,0.0
13336,37.98268938064575,11844,100.0,0.0,0.0
13340,37.993523359298706,11844,100.0,0.0,0.0
13343,38.001267433166504,11844,100.0,0.0,0.0
13345,38.00726246833801,11844,100.0,0.0,0.0
13350,38.02114391326904,11844,100.0,0.0,0.0
13353,38.03064203262329,11844,100.0,0.0,0.0
13357,38.041770219802856,11844,100.0,0.0,0.0
13360,38.050421476364136,11844,100.0,0.0,0.0
13367,38.07370114326477,11844,100.0,0.0,0.0
13370,38.08283233642578,11844,100.0,0.0,0.0
13377,38.10327100753784,11844,100.0,0.0,0.0
13379,38.10961985588074,11844,100.0,0.0,0.0
13380,38.113049268722534,11844,100.0,0.0,0.0
13389,38.14011478424072,11844,100.0,0.0,0.0
13390,38.142935276031494,11844,100.0,0.0,0.0
13396,38.16093730926514,11844,100.0,0.0,0.0
13400,38.17253375053406,11844,100.0,0.0,0.0
13406,38.18917393684387,11844,100.0,0.0,0.0
13409,38.197996854782104,11844,100.0,0.0,0.0
13410,38.200932025909424,11844,100.0,0.0,0.0
13414,38.212053060531616,11844,100.0,0.0,0.0
13415,38.215240478515625,11844,100.0,0.0,0.0
13420,38.22848653793335,11844,100.0,0.0,0.0
13421,38.2318115234375,11844,100.0,0.0,0.0
13422,38.234922885894775,11844,100.0,0.0,0.0
13424,38.24108600616455,11844,100.0,0.0,0.0
13430,38.25629639625549,11844,100.0,0.0,0.0
13434,38.26885461807251,11844,100.0,0.0,0.0
13435,38.27231478691101,11844,100.0,0.0,0.0
13436,38.27558350563049,11844,100.0,0.0,0.0
13437,38.27885365486145,11844,100.0,0.0,0.0
13438,38.28217530250549,11844,100.0,0.0,0.0
13440,38.28798007965088,11844,100.0,0.0,0.0
13441,38.29143929481506,11844,100.0,0.0,0.0
13442,38.29480695724487,11844,100.0,0.0,0.0
13450,38.31924223899841,11844,100.0,0.0,0.0
13458,38.34286332130432,11844,100.0,0.0,0.0
13459,38.34617233276367,11844,100.0,0.0,0.0
13460,38.349437952041626,11844,100.0,0.0,0.0
13462,38.3554253578186,11844,100.0,0.0,0.0
13465,38.36422085762024,11844,100.0,0.0,0.0
13469,38.376200914382935,11844,100.0,0.0,0.0
13470,38.37903690338135,11844,100.0,0.0,0.0
13471,38.382490158081055,11844,100.0,0.0,0.0
13475,38.394529819488525,11844,100.0,0.0,0.0
13480,38.40867638587952,11844,100.0,0.0,0.0
13483,38.416903495788574,11844,100.0,0.0,0.0
13490,38.43632388114929,11844,100.0,0.0,0.0
13494,38.44898223876953,11844,100.0,0.0,0.0
13499,38.463815212249756,11844,100.0,0.0,0.0
13500,38.466535568237305,11844,100.0,0.0,0.0
13501,38.469823598861694,11844,100.0,0.0,0.0
13509,38.491604804992676,11844,100.0,0.0,0.0
13510,38.49452829360962,11844,100.0,0.0,0.0
13512,38.50119376182556,11844,100.0,0.0,0.0
13514,38.5072066783905,11844,100.0,0.0,0.0
13517,38.51533317565918,11844,100.0,0.0,0.0
13520,38.523908376693726,11844,100.0,0.0,0.0
13529,38.549856424331665,11844,100.0,0.0,0.0
13530,38.5528769493103,11844,100.0,0.0,0.0
13532,38.560335874557495,11844,100.0,0.0,0.0
13535,38.569905042648315,11844,100.0,0.0,0.0
13540,38.58500957489014,11844,100.0,0.0,0.0
13544,38.59704089164734,11844,100.0,0.0,0.0
13545,38.60019397735596,11844,100.0,0.0,0.0
13547,38.60632395744324,11844,100.0,0.0,0.0
13548,38.60962510108948,11844,100.0,0.0,0.0
13550,38.61451292037964,11844,100.0,0.0,0.0
13557,38.63407516479492,11844,100.0,0.0,0.0
13560,38.643112897872925,11844,100.0,0.0,0.0
13566,38.66136574745178,11844,100.0,0.0,0.0
13570,38.6739284992218,11844,100.0,0.0,0.0
13575,38.689241886138916,11844,100.0,0.0,0.0
13580,38.703222036361694,11844,100.0,0.0,0.0
13583,38.71194648742676,11844,100.0,0.0,0.0
13585,38.7170946598053,11844,100.0,0.0,0.0
13590,38.7313973903656,11844,100.0,0.0,0.0
13595,38.745253562927246,11844,100.0,0.0,0.0
13596,38.74865913391113,11844,100.0,0.0,0.0
13600,38.75750660896301,11844,100.0,0.0,0.0
13602,38.763484954833984,11844,100.0,0.0,0.0
13610,38.78577733039856,11844,100.0,0.0,0.0
13619,38.812098264694214,11844,100.0,0.0,0.0
13620,38.8140184879303,11844,100.0,0.0,0.0
13624,38.82589673995972,11844,100.0,0.0,0.0
13630,38.842050313949585,11844,100.0,0.0,0.0
13633,38.850728034973145,11844,100.0,0.0,0.0
13638,38.86342215538025,11844,100.0,0.0,0.0
13640,38.86890935897827,11844,100.0,0.0,0.0
13644,38.880475997924805,11844,100.0,0.0,0.0
13648,38.89208769798279,11844,100.0,0.0,0.0
13650,38.897674560546875,11844,100.0,0.0,0.0
13652,38.90405607223511,11844,100.0,0.0,0.0
13654,38.90979743003845,11844,100.0,0.0,0.0
13658,38.92181587219238,11844,100.0,0.0,0.0
13660,38.92674493789673,11844,100.0,0.0,0.0
13663,38.93467926979065,11844,100.0,0.0,0.0
13667,38.946280002593994,11844,100.0,0.0,0.0
13669,38.952054500579834,11844,100.0,0.0,0.0
13670,38.95474910736084,11844,100.0,0.0,0.0
13671,38.95794057846069,11844,100.0,0.0,0.0
13672,38.96126580238342,11844,100.0,0.0,0.0
13673,38.964621782302856,11844,100.0,0.0,0.0
13676,38.97344398498535,11844,100.0,0.0,0.0
13680,38.984113454818726,11844,100.0,0.0,0.0
13682,38.98989009857178,11844,100.0,0.0,0.0
13684,38.99563145637512,11844,100.0,0.0,0.0
13687,39.00393986701965,11844,100.0,0.0,0.0
13690,39.01202845573425,11844,100.0,0.0,0.0
13694,39.02348184585571,11844,100.0,0.0,0.0
13695,39.026583194732666,11844,100.0,0.0,0.0
13697,39.03237962722778,11844,100.0,0.0,0.0
13699,39.038803815841675,11844,100.0,0.0,0.0
13700,39.04191780090332,11844,100.0,0.0,0.0
13704,39.05472660064697,11844,100.0,0.0,0.0
13706,39.06112241744995,11844,100.0,0.0,0.0
13709,39.07099962234497,11844,100.0,0.0,0.0
13710,39.07433819770813,11844,100.0,0.0,0.0
13712,39.0810170173645,11844,100.0,0.0,0.0
13713,39.084455251693726,11844,100.0,0.0,0.0
13716,39.09458875656128,11844,100.0,0.0,0.0
13717,39.097984075546265,11844,100.0,0.0,0.0
13719,39.10426115989685,11844,100.0,0.0,0.0
13720,39.107593297958374,11844,100.0,0.0,0.0
13726,39.126216173172,11844,100.0,0.0,0.0
13727,39.129475116729736,11844,100.0,0.0,0.0
13728,39.13257718086243,11844,100.0,0.0,0.0
13729,39.13572120666504,11844,100.0,0.0,0.0
13730,39.13762021064758,11844,100.0,0.0,0.0
13731,39.140891551971436,11844,100.0,0.0,0.0
13740,39.16712760925293,11844,100.0,0.0,0.0
13746,39.184773683547974,11844,100.0,0.0,0.0
13750,39.19712567329407,11844,100.0,0.0,0.0
13757,39.21842694282532,11844,100.0,0.0,0.0
13758,39.22207832336426,11844,100.0,0.0,0.0
13760,39.2269401550293,11844,100.0,0.0,0.0
13762,39.23385453224182,11844,100.0,0.0,0.0
13770,39.25619053840637,11844,100.0,0.0,0.0
13772,39.26269578933716,11844,100.0,0.0,0.0
13780,39.285385608673096,11844,100.0,0.0,0.0
13781,39.288885831832886,11844,100.0,0.0,0.0
13782,39.29267644882202,11844,100.0,0.0,0.0
13784,39.29943656921387,11844,100.0,0.0,0.0
13785,39.30299472808838,11844,100.0,0.0,0.0
13787,39.3094379901886,11844,100.0,0.0,0.0
13788,39.31274890899658,11844,100.0,0.0,0.0
13790,39.31888151168823,11844,100.0,0.0,0.0
13791,39.3225302696228,11844,100.0,0.0,0.0
13796,39.33790969848633,11844,100.0,0.0,0.0
13800,39.34890341758728,11844,100.0,0.0,0.0
13806,39.36729669570923,11844,100.0,0.0,0.0
13809,39.376253843307495,11844,100.0,0.0,0.0
13810,39.37828826904297,11844,100.0,0.0,0.0
13812,39.38448238372803,11844,100.0,0.0,0.0
13815,39.39382243156433,11844,100.0,0.0,0.0
13817,39.39984726905823,11844,100.0,0.0,0.0
13820,39.40821099281311,11844,100.0,0.0,0.0
13830,39.436413526535034,11844,100.0,0.0,0.0
13835,39.45036602020264,11844,100.0,0.0,0.0
13840,39.46501660346985,11844,100.0,0.0,0.0
13841,39.46867370605469,11844,100.0,0.0,0.0
13850,39.49507784843445,11844,100.0,0.0,0.0
13857,39.51443552970886,11844,100.0,0.0,0.0
13858,39.517505168914795,11844,100.0,0.0,0.0
13860,39.52290225028992,11844,100.0,0.0,0.0
13870,39.551111698150635,11844,100.0,0.0,0.0
13875,39.56600522994995,11844,100.0,0.0,0.0
13880,39.58063554763794,11844,100.0,0.0,0.0
13884,39.5937077999115,11844,100.0,0.0,0.0
13886,39.59977102279663,11844,100.0,0.0,0.0
13890,39.611459493637085,11844,100.0,0.0,0.0
13891,39.61493396759033,11844,100.0,0.0,0.0
13900,39.638184785842896,11844,100.0,0.0,0.0
13908,39.661139249801636,11844,100.0,0.0,0.0
13909,39.664305448532104,11844,100.0,0.0,0.0
13910,39.66720271110535,11844,100.0,0.0,0.0
13917,39.6876904964447,11844,100.0,0.0,0.0
13919,39.69368362426758,11844,100.0,0.0,0.0
13920,39.6965446472168,11844,100.0,0.0,0.0
13926,39.71421980857849,11844,100.0,0.0,0.0
13927,39.7173330783844,11844,100.0,0.0,0.0
13929,39.723308801651,11844,100.0,0.0,0.0
13930,39.72607660293579,11844,100.0,0.0,0.0
13937,39.745044469833374,11844,100.0,0.0,0.0
13940,39.75344705581665,11844,100.0,0.0,0.0
13942,39.75994849205017,11844,100.0,0.0,0.0
13944,39.766502141952515,11844,100.0,0.0,0.0
13949,39.78376483917236,11844,100.0,0.0,0.0
13950,39.786957025527954,11844,100.0,0.0,0.0
13951,39.790658712387085,11844,100.0,0.0,0.0
13953,39.79697775840759,11844,100.0,0.0,0.0
13958,39.813265562057495,11844,100.0,0.0,0.0
13960,39.819772243499756,11844,100.0,0.0,0.0
13961,39.823081970214844,11844,100.0,0.0,0.0
13963,39.8292191028595,11844,100.0,0.0,0.0
13970,39.85125660896301,11844,100.0,0.0,0.0
13973,39.86073660850525,11844,100.0,0.0,0.0
13980,39.880083084106445,11844,100.0,0.0,0.0
13982,39.8860342502594,11844,100.0,0.0,0.0
13984,39.892120599746704,11844,100.0,0.0,0.0
13988,39.9028754234314,11844,100.0,0.0,0.0
13990,39.90920615196228,11844,100.0,0.0,0.0
13997,39.92928743362427,11844,100.0,0.0,0.0
13999,39.9351065158844,11844,100.0,0.0,0.0
14000,39.93779492378235,11844,100.0,0.0,0.0
14002,39.94397163391113,11844,100.0,0.0,0.0
14003,39.94706845283508,11844,100.0,0.0,0.0
14010,39.965697288513184,11844,100.0,0.0,0.0
14014,39.978508949279785,11844,100.0,0.0,0.0
14020,39.994019746780396,11844,100.0,0.0,0.0
14023,40.002580404281616,11844,100.0,0.0,0.0
14030,40.02293109893799,11844,100.0,0.0,0.0
14032,40.02969169616699,11844,100.0,0.0,0.0
14040,40.05386161804199,11844,100.0,0.0,0.0
14044,40.066285848617554,11844,100.0,0.0,0.0
14046,40.072643995285034,11844,100.0,0.0,0.0
14050,40.084590911865234,11844,100.0,0.0,0.0
14060,40.112850189208984,11844,100.0,0.0,0.0
14070,40.14233732223511,11844,100.0,0.0,0.0
14072,40.14897966384888,11844,100.0,0.0,0.0
14074,40.15520930290222,11844,100.0,0.0,0.0
14076,40.16153907775879,11844,100.0,0.0,0.0
14080,40.17405152320862,11844,100.0,0.0,0.0
14084,40.187724113464355,11844,100.0,0.0,0.0
14085,40.19097447395325,11844,100.0,0.0,0.0
14087,40.19797420501709,11844,100.0,0.0,0.0
14089,40.204625844955444,11844,100.0,0.0,0.0
14090,40.20757722854614,11844,100.0,0.0,0.0
14094,40.219783306121826,11844,100.0,0.0,0.0
14097,40.228044509887695,11844,100.0,0.0,0.0
14098,40.23181891441345,11844,100.0,0.0,0.0
14099,40.2352819442749,11844,100.0,0.0,0.0
14100,40.2384717464447,11844,100.0,0.0,0.0
14110,40.26973795890808,11844,100.0,0.0,0.0
14111,40.273149728775024,11844,100.0,0.0,0.0
14112,40.2767333984375,11844,100.0,0.0,0.0
14114,40.28283715248108,11844,100.0,0.0,0.0
14117,40.29212689399719,11844,100.0,0.0,0.0
14120,40.30076503753662,11844,100.0,0.0,0.0
14125,40.31575655937195,11844,100.0,0.0,0.0
14127,40.32187604904175,11844,100.0,0.0,0.0
14128,40.32539772987366,11844,100.0,0.0,0.0
14130,40.331191062927246,11844,100.0,0.0,0.0
14132,40.33784079551697,11844,100.0,0.0,0.0
14140,40.36104154586792,11844,100.0,0.0,0.0
14142,40.36654186248779,11844,100.0,0.0,0.0
14150,40.38993787765503,11844,100.0,0.0,0.0
14153,40.39893555641174,11844,100.0,0.0,0.0
14160,40.41889214515686,11844,100.0,0.0,0.0
14163,40.427857875823975,11844,100.0,0.0,0.0
14167,40.439494132995605,11844,100.0,0.0,0.0
14170,40.448023557662964,11844,100.0,0.0,0.0
14172,40.454270124435425,11844,100.0,0.0,0.0
14179,40.47307229042053,11844,100.0,0.0,0.0
14180,40.474945068359375,11844,100.0,0.0,0.0
14184,40.486613512039185,11844,100.0,0.0,0.0
14190,40.504170656204224,11844,100.0,0.0,0.0
14195,40.51801872253418,11844,100.0,0.0,0.0
14197,40.52482509613037,11844,100.0,0.0,0.0
14200,40.5335750579834,11844,100.0,0.0,0.0
14202,40.53996396064758,11844,100.0,0.0,0.0
14210,40.5621063709259,11844,100.0,0.0,0.0
14212,40.567554235458374,11844,100.0,0.0,0.0
14215,40.5766658782959,11844,100.0,0.0,0.0
14220,40.593005418777466,11844,100.0,0.0,0.0
14229,40.61643671989441,11844,100.0,0.0,0.0
14230,40.619131088256836,11844,100.0,0.0,0.0
14231,40.622384548187256,11844,100.0,0.0,0.0
14238,40.641242265701294,11844,100.0,0.0,0.0
14240,40.6468780040741,11844,100.0,0.0,0.0
14245,40.661513566970825,11844,100.0,0.0,0.0
14246,40.66467022895813,11844,100.0,0.0,0.0
14250,40.67495012283325,11844,100.0,0.0,0.0
14255,40.692054271698,11844,100.0,0.0,0.0
14260,40.70638036727905,11844,100.0,0.0,0.0
14261,40.710118770599365,11844,100.0,0.0,0.0
14264,40.719313859939575,11844,100.0,0.0,0.0
14270,40.7378613948822,11844,100.0,0.0,0.0
14274,40.750877380371094,11844,100.0,0.0,0.0
14276,40.75738525390625,11844,100.0,0.0,0.0
14277,40.760770320892334,11844,100.0,0.0,0.0
14279,40.76842761039734,11844,100.0,0.0,0.0
14280,40.771995306015015,11844,100.0,0.0,0.0
14287,40.793766498565674,11844,100.0,0.0,0.0
14289,40.80031752586365,11844,100.0,0.0,0.0
14290,40.80320739746094,11844,100.0,0.0,0.0
14300,40.829872846603394,11844,100.0,0.0,0.0
14304,40.84136986732483,11844,100.0,0.0,0.0
14307,40.85103917121887,11844,100.0,0.0,0.0
14310,40.85966610908508,11844,100.0,0.0,0.0
14312,40.86591148376465,11844,100.0,0.0,0.0
14313,40.86927390098572,11844,100.0,0.0,0.0
14314,40.8726806640625,11844,100.0,0.0,0.0
14320,40.888593673706055,11844,100.0,0.0,0.0
14321,40.89201831817627,11844,100.0,0.0,0.0
14324,40.900203704833984,11844,100.0,0.0,0.0
14330,40.9175500869751,11844,100.0,0.0,0.0
14334,40.93035054206848,11844,100.0,0.0,0.0
14335,40.93366622924805,11844,100.0,0.0,0.0
14340,40.9488787651062,11844,100.0,0.0,0.0
14342,40.95590686798096,11844,100.0,0.0,0.0
14345,40.965683698654175,11844,100.0,0.0,0.0
14350,40.97979497909546,11844,100.0,0.0,0.0
14352,40.98600888252258,11844,100.0,0.0,0.0
14353,40.989139556884766,11844,100.0,0.0,0.0
14356,40.99737906455994,11844,100.0,0.0,0.0
14360,41.008339643478394,11844,100.0,0.0,0.0
14363,41.01771354675293,11844,100.0,0.0,0.0
14368,41.03239297866821,11844,100.0,0.0,0.0
14370,41.03800058364868,11844,100.0,0.0,0.0
14373,41.04872274398804,11844,100.0,0.0,0.0
14376,41.05884313583374,11844,100.0,0.0,0.0
14379,41.0720329284668,11844,100.0,0.0,0.0
14380,41.07660961151123,11844,100.0,0.0,0.0
14386,41.09590291976929,11844,100.0,0.0,0.0
14387,41.09930634498596,11844,100.0,0.0,0.0
14389,41.105934381484985,11844,100.0,0.0,0.0
14390,41.10931849479675,11844,100.0,0.0,0.0
14400,41.13754105567932,11844,100.0,0.0,0.0
14406,41.15856599807739,11844,100.0,0.0,0.0
14410,41.171016216278076,11844,100.0,0.0,0.0
14413,41.181593894958496,11844,100.0,0.0,0.0
14420,41.20531916618347,11844,100.0,0.0,0.0
14430,41.239612102508545,11844,100.0,0.0,0.0
14433,41.25016140937805,11844,100.0,0.0,0.0
14436,41.260591983795166,11844,100.0,0.0,0.0
14439,41.27072596549988,11844,100.0,0.0,0.0
14440,41.273812770843506,11844,100.0,0.0,0.0
14441,41.27754735946655,11844,100.0,0.0,0.0
14446,41.29366397857666,11844,100.0,0.0,0.0
14450,41.305638790130615,11844,100.0,0.0,0.0
14451,41.30976748466492,11844,100.0,0.0,0.0
14454,41.319384813308716,11844,100.0,0.0,0.0
14455,41.322741985321045,11844,100.0,0.0,0.0
14458,41.33114290237427,11844,100.0,0.0,0.0
14460,41.33704900741577,11844,100.0,0.0,0.0
14463,41.34674835205078,11844,100.0,0.0,0.0
14466,41.35644173622131,11844,100.0,0.0,0.0
14470,41.36916446685791,11844,100.0,0.0,0.0
14471,41.373772859573364,11844,100.0,0.0,0.0
14472,41.37733840942383,11844,100.0,0.0,0.0
14474,41.38462686538696,11844,100.0,0.0,0.0
14480,41.40713596343994,11844,100.0,0.0,0.0
14490,41.43799924850464,11844,100.0,0.0,0.0
14492,41.444987297058105,11844,100.0,0.0,0.0
14493,41.44884443283081,11844,100.0,0.0,0.0
14500,41.47048044204712,11844,100.0,0.0,0.0
14501,41.47435474395752,11844,100.0,0.0,0.0
14508,41.49541687965393,11844,100.0,0.0,0.0
14510,41.501455545425415,11844,100.0,0.0,0.0
14512,41.507532835006714,11844,100.0,0.0,0.0
14519,41.530027627944946,11844,100.0,0.0,0.0
14520,41.53333282470703,11844,100.0,0.0,0.0
14521,41.53673195838928,11844,100.0,0.0,0.0
14525,41.548630237579346,11844,100.0,0.0,0.0
14527,41.55472016334534,11844,100.0,0.0,0.0
14528,41.558143854141235,11844,100.0,0.0,0.0
14530,41.56417441368103,11844,100.0,0.0,0.0
14532,41.57162857055664,11844,100.0,0.0,0.0
14537,41.588911294937134,11844,100.0,0.0,0.0
14540,41.598456144332886,11844,100.0,0.0,0.0
14549,41.627854108810425,11844,100.0,0.0,0.0
14550,41.63118267059326,11844,100.0,0.0,0.0
14555,41.648170709609985,11844,100.0,0.0,0.0
14559,41.66102480888367,11844,100.0,0.0,0.0
14560,41.66300868988037,11844,100.0,0.0,0.0
14563,41.67100691795349,11844,100.0,0.0,0.0
14564,41.67425274848938,11844,100.0,0.0,0.0
14570,41.691730976104736,11844,100.0,0.0,0.0
14573,41.70090055465698,11844,100.0,0.0,0.0
14576,41.7099826335907,11844,100.0,0.0,0.0
14579,41.718587160110474,11844,100.0,0.0,0.0
14580,41.72178411483765,11844,100.0,0.0,0.0
14590,41.75057530403137,11844,100.0,0.0,0.0
14591,41.754090785980225,11844,100.0,0.0,0.0
14593,41.76088571548462,11844,100.0,0.0,0.0
14594,41.76486945152283,11844,100.0,0.0,0.0
14600,41.78273940086365,11844,100.0,0.0,0.0
14602,41.78868532180786,11844,100.0,0.0,0.0
14604,41.79502248764038,11844,100.0,0.0,0.0
14609,41.81043195724487,11844,100.0,0.0,0.0
14610,41.813441038131714,11844,100.0,0.0,0.0
14613,41.822542667388916,11844,100.0,0.0,0.0
14617,41.83616304397583,11844,100.0,0.0,0.0
14618,41.83962607383728,11844,100.0,0.0,0.0
14620,41.84629034996033,11844,100.0,0.0,0.0
14630,41.87517952919006,11844,100.0,0.0,0.0
14632,41.88164258003235,11844,100.0,0.0,0.0
14640,41.90539216995239,11844,100.0,0.0,0.0
14643,41.914520025253296,11844,100.0,0.0,0.0
14647,41.92599701881409,11844,100.0,0.0,0.0
14650,41.93444752693176,11844,100.0,0.0,0.0
14660,41.96233057975769,11844,100.0,0.0,0.0
14665,41.9768488407135,11844,100.0,0.0,0.0
14668,41.98589301109314,11844,100.0,0.0,0.0
14669,41.98908758163452,11844,100.0,0.0,0.0
14670,41.99184536933899,11844,100.0,0.0,0.0
14672,41.99800229072571,11844,100.0,0.0,0.0
14680,42.020540952682495,11844,100.0,0.0,0.0
14682,42.02660059928894,11844,100.0,0.0,0.0
14690,42.04935121536255,11844,100.0,0.0,0.0
14694,42.0619683265686,11844,100.0,0.0,0.0
14696,42.06843948364258,11844,100.0,0.0,0.0
14698,42.0751097202301,11844,100.0,0.0,0.0
14700,42.08145356178284,11844,100.0,0.0,0.0
14706,42.09974479675293,11844,100.0,0.0,0.0
14709,42.10874009132385,11844,100.0,0.0,0.0
14710,42.11149311065674,11844,100.0,0.0,0.0
14714,42.124653816223145,11844,100.0,0.0,0.0
14720,42.142155170440674,11844,100.0,0.0,0.0
14725,42.155927658081055,11844,100.0,0.0,0.0
14730,42.17038011550903,11844,100.0,0.0,0.0
14740,42.19625163078308,11844,100.0,0.0,0.0
14744,42.20877957344055,11844,100.0,0.0,0.0
14745,42.212130308151245,11844,100.0,0.0,0.0
14748,42.22198224067688,11844,100.0,0.0,0.0
14750,42.227951765060425,11844,100.0,0.0,0.0
14760,42.257688760757446,11844,100.0,0.0,0.0
14761,42.261046409606934,11844,100.0,0.0,0.0
14770,42.29155445098877,11844,100.0,0.0,0.0
14771,42.29530644416809,11844,100.0,0.0,0.0
14772,42.29882454872131,11844,100.0,0.0,0.0
14779,42.32213830947876,11844,100.0,0.0,0.0
14780,42.32500863075256,11844,100.0,0.0,0.0
14781,42.32856345176697,11844,100.0,0.0,0.0
14785,42.34120535850525,11844,100.0,0.0,0.0
14789,42.355963945388794,11844,100.0,0.0,0.0
14790,42.358784437179565,11844,100.0,0.0,0.0
14794,42.37191867828369,11844,100.0,0.0,0.0
14797,42.381741762161255,11844,100.0,0.0,0.0
14798,42.385486364364624,11844,100.0,0.0,0.0
14800,42.39194846153259,11844,100.0,0.0,0.0
14803,42.401376247406006,11844,100.0,0.0,0.0
14810,42.42055535316467,11844,100.0,0.0,0.0
14818,42.443049907684326,11844,100.0,0.0,0.0
14820,42.448787689208984,11844,100.0,0.0,0.0
14826,42.467273235321045,11844,100.0,0.0,0.0
14830,42.47930884361267,11844,100.0,0.0,0.0
14831,42.48275184631348,11844,100.0,0.0,0.0
14838,42.50485110282898,11844,100.0,0.0,0.0
14840,42.5116024017334,11844,100.0,0.0,0.0
14843,42.52119040489197,11844,100.0,0.0,0.0
14846,42.5294828414917,11844,100.0,0.0,0.0
14847,42.533591985702515,11844,100.0,0.0,0.0
14850,42.54124212265015,11844,100.0,0.0,0.0
14856,42.559829235076904,11844,100.0,0.0,0.0
14860,42.57124376296997,11844,100.0,0.0,0.0
14861,42.574809312820435,11844,100.0,0.0,0.0
14868,42.59740662574768,11844,100.0,0.0,0.0
14870,42.602339029312134,11844,100.0,0.0,0.0
14874,42.61352849006653,11844,100.0,0.0,0.0
14880,42.62922024726868,11844,100.0,0.0,0.0
14884,42.644248485565186,11844,100.0,0.0,0.0
14890,42.66425013542175,11844,100.0,0.0,0.0
14898,42.691842794418335,11844,100.0,0.0,0.0
14900,42.69821882247925,11844,100.0,0.0,0.0
14901,42.702550172805786,11844,100.0,0.0,0.0
14903,42.709110498428345,11844,100.0,0.0,0.0
14905,42.71577596664429,11844,100.0,0.0,0.0
14906,42.71925449371338,11844,100.0,0.0,0.0
14908,42.725388288497925,11844,100.0,0.0,0.0
14910,42.73116731643677,11844,100.0,0.0,0.0
14911,42.734609603881836,11844,100.0,0.0,0.0
14912,42.737985610961914,11844,100.0,0.0,0.0
14913,42.7422194480896,11844,100.0,0.0,0.0
14920,42.76304531097412,11844,100.0,0.0,0.0
14921,42.76696443557739,11844,100.0,0.0,0.0
14922,42.770872354507446,11844,100.0,0.0,0.0
14927,42.786110401153564,11844,100.0,0.0,0.0
14930,42.79501700401306,11844,100.0,0.0,0.0
14934,42.80704188346863,11844,100.0,0.0,0.0
14940,42.825183391571045,11844,100.0,0.0,0.0
14941,42.82859516143799,11844,100.0,0.0,0.0
14944,42.84012770652771,11844,100.0,0.0,0.0
14948,42.85337686538696,11844,100.0,0.0,0.0
14949,42.85671281814575,11844,100.0,0.0,0.0
14950,42.860052824020386,11844,100.0,0.0,0.0
14951,42.8634877204895,11844,100.0,0.0,0.0
14953,42.86987924575806,11844,100.0,0.0,0.0
14960,42.89045572280884,11844,100.0,0.0,0.0
14970,42.91852951049805,11844,100.0,0.0,0.0
14971,42.92183876037598,11844,100.0,0.0,0.0
14978,42.941065311431885,11844,100.0,0.0,0.0
14980,42.94682860374451,11844,100.0,0.0,0.0
14983,42.956714391708374,11844,100.0,0.0,0.0
14990,42.9811794757843,11844,100.0,0.0,0.0
14991,42.98462677001953,11844,100.0,0.0,0.0
14992,42.98802733421326,11844,100.0,0.0,0.0
14997,43.002302408218384,11844,100.0,0.0,0.0
14998,43.005502700805664,11844,100.0,0.0,0.0
15000,43.010605812072754,11844,100.0,0.0,0.0
15010,43.0396614074707,11844,100.0,0.0,0.0
15011,43.04315185546875,11844,100.0,0.0,0.0
15017,43.06055474281311,11844,100.0,0.0,0.0
15020,43.06950283050537,11844,100.0,0.0,0.0
15023,43.078880310058594,11844,100.0,0.0,0.0
15025,43.08555817604065,11844,100.0,0.0,0.0
15030,43.10340213775635,11844,100.0,0.0,0.0
15033,43.11296343803406,11844,100.0,0.0,0.0
15040,43.136883020401,11844,100.0,0.0,0.0
15041,43.14014029502869,11844,100.0,0.0,0.0
15044,43.14935851097107,11844,100.0,0.0,0.0
15045,43.152488470077515,11844,100.0,0.0,0.0
15046,43.1556499004364,11844,100.0,0.0,0.0
15050,43.166332483291626,11844,100.0,0.0,0.0
15056,43.18352937698364,11844,100.0,0.0,0.0
15057,43.18683171272278,11844,100.0,0.0,0.0
15058,43.19001221656799,11844,100.0,0.0,0.0
15060,43.19567251205444,11844,100.0,0.0,0.0
15061,43.19921875,11844,100.0,0.0,0.0
15063,43.20539164543152,11844,100.0,0.0,0.0
15070,43.22395205497742,11844,100.0,0.0,0.0
15077,43.24537229537964,11844,100.0,0.0,0.0
15080,43.2541778087616,11844,100.0,0.0,0.0
15081,43.25766682624817,11844,100.0,0.0,0.0
15083,43.26384210586548,11844,100.0,0.0,0.0
15088,43.278892517089844,11844,100.0,0.0,0.0
15090,43.28457975387573,11844,100.0,0.0,0.0
15092,43.29118037223816,11844,100.0,0.0,0.0
15095,43.30033493041992,11844,100.0,0.0,0.0
15100,43.31559133529663,11844,100.0,0.0,0.0
15107,43.33666110038757,11844,100.0,0.0,0.0
15110,43.346169233322144,11844,100.0,0.0,0.0
15113,43.35559272766113,11844,100.0,0.0,0.0
15114,43.359251260757446,11844,100.0,0.0,0.0
15118,43.372578620910645,11844,100.0,0.0,0.0
15120,43.37890410423279,11844,100.0,0.0,0.0
15121,43.38211250305176,11844,100.0,0.0,0.0
15130,43.40812563896179,11844,100.0,0.0,0.0
15133,43.418073892593384,11844,100.0,0.0,0.0
15134,43.42149472236633,11844,100.0,0.0,0.0
15135,43.42503046989441,11844,100.0,0.0,0.0
15136,43.4285306930542,11844,100.0,0.0,0.0
15137,43.432068824768066,11844,100.0,0.0,0.0
15140,43.440919399261475,11844,100.0,0.0,0.0
15143,43.450666189193726,11844,100.0,0.0,0.0
15150,43.472147941589355,11844,100.0,0.0,0.0
15154,43.48478126525879,11844,100.0,0.0,0.0
15157,43.494417667388916,11844,100.0,0.0,0.0
15160,43.50355410575867,11844,100.0,0.0,0.0
15165,43.51869487762451,11844,100.0,0.0,0.0
15167,43.525975704193115,11844,100.0,0.0,0.0
15170,43.534810304641724,11844,100.0,0.0,0.0
15177,43.556220054626465,11844,100.0,0.0,0.0
15179,43.56269645690918,11844,100.0,0.0,0.0
15180,43.56558632850647,11844,100.0,0.0,0.0
15186,43.582026958465576,11844,100.0,0.0,0.0
15188,43.58840274810791,11844,100.0,0.0,0.0
15190,43.59494137763977,11844,100.0,0.0,0.0
15191,43.59864568710327,11844,100.0,0.0,0.0
15192,43.60210561752319,11844,100.0,0.0,0.0
15194,43.60837531089783,11844,100.0,0.0,0.0
15197,43.61730480194092,11844,100.0,0.0,0.0
15200,43.62564706802368,11844,100.0,0.0,0.0
15202,43.63180470466614,11844,100.0,0.0,0.0
15209,43.651633739471436,11844,100.0,0.0,0.0
15210,43.654295444488525,11844,100.0,0.0,0.0
15211,43.65765905380249,11844,100.0,0.0,0.0
15212,43.66161227226257,11844,100.0,0.0,0.0
15218,43.67926025390625,11844,100.0,0.0,0.0
15220,43.68396329879761,11844,100.0,0.0,0.0
15223,43.69224667549133,11844,100.0,0.0,0.0
15230,43.71270442008972,11844,100.0,0.0,0.0
15231,43.71596384048462,11844,100.0,0.0,0.0
15235,43.727853536605835,11844,100.0,0.0,0.0
15236,43.731090784072876,11844,100.0,0.0,0.0
15238,43.73703861236572,11844,100.0,0.0,0.0
15240,43.7425103187561,11844,100.0,0.0,0.0
15245,43.75675106048584,11844,100.0,0.0,0.0
15249,43.76814126968384,11844,100.0,0.0,0.0
15250,43.771018266677856,11844,100.0,0.0,0.0
15252,43.77735710144043,11844,100.0,0.0,0.0
15253,43.78069305419922,11844,100.0,0.0,0.0
15259,43.79651498794556,11844,100.0,0.0,0.0
15260,43.79965090751648,11844,100.0,0.0,0.0
15270,43.82644557952881,11844,100.0,0.0,0.0
15280,43.854284048080444,11844,100.0,0.0,0.0
15290,43.884016036987305,11844,100.0,0.0,0.0
15300,43.91329908370972,11844,100.0,0.0,0.0
15305,43.92769479751587,11844,100.0,0.0,0.0
15306,43.9309458732605,11844,100.0,0.0,0.0
15310,43.942182540893555,11844,100.0,0.0,0.0
15311,43.94551134109497,11844,100.0,0.0,0.0
15320,43.971609354019165,11844,100.0,0.0,0.0
15327,43.99097967147827,11844,100.0,0.0,0.0
15330,43.99926567077637,11844,100.0,0.0,0.0
15336,44.01642680168152,11844,100.0,0.0,0.0
15340,44.02914547920227,11844,100.0,0.0,0.0
15342,44.035483598709106,11844,100.0,0.0,0.0
15349,44.056920528411865,11844,100.0,0.0,0.0
15350,44.0598042011261,11844,100.0,0.0,0.0
15351,44.06348180770874,11844,100.0,0.0,0.0
15352,44.06705927848816,11844,100.0,0.0,0.0
15353,44.07058119773865,11844,100.0,0.0,0.0
15360,44.09169030189514,11844,100.0,0.0,0.0
15364,44.105154037475586,11844,100.0,0.0,0.0
15365,44.108458280563354,11844,100.0,0.0,0.0
15366,44.11180305480957,11844,100.0,0.0,0.0
15368,44.1178183555603,11844,100.0,0.0,0.0
15370,44.12335467338562,11844,100.0,0.0,0.0
15371,44.12663531303406,11844,100.0,0.0,0.0
15372,44.1315495967865,11844,100.0,0.0,0.0
15380,44.15462279319763,11844,100.0,0.0,0.0
15387,44.176188707351685,11844,100.0,0.0,0.0
15389,44.183183431625366,11844,100.0,0.0,0.0
15390,44.18592977523804,11844,100.0,0.0,0.0
15400,44.215086936950684,11844,100.0,0.0,0.0
15401,44.21832776069641,11844,100.0,0.0,0.0
15410,44.243887186050415,11844,100.0,0.0,0.0
15414,44.25536608695984,11844,100.0,0.0,0.0
15415,44.25936961174011,11844,100.0,0.0,0.0
15418,44.26841711997986,11844,100.0,0.0,0.0
15420,44.27418541908264,11844,100.0,0.0,0.0
15422,44.28045868873596,11844,100.0,0.0,0.0
15424,44.286845207214355,11844,100.0,0.0,0.0
15425,44.29018831253052,11844,100.0,0.0,0.0
15426,44.29363036155701,11844,100.0,0.0,0.0
15430,44.303529024124146,11844,100.0,0.0,0.0
15438,44.3256573677063,11844,100.0,0.0,0.0
15439,44.32885956764221,11844,100.0,0.0,0.0
15440,44.331748723983765,11844,100.0,0.0,0.0
15450,44.36397051811218,11844,100.0,0.0,0.0
15458,44.389193296432495,11844,100.0,0.0,0.0
15460,44.39639353752136,11844,100.0,0.0,0.0
15470,44.429845094680786,11844,100.0,0.0,0.0
15477,44.451927185058594,11844,100.0,0.0,0.0
15480,44.46089482307434,11844,100.0,0.0,0.0
15482,44.46730852127075,11844,100.0,0.0,0.0
15484,44.4726459980011,11844,100.0,0.0,0.0
15490,44.49053192138672,11844,100.0,0.0,0.0
15491,44.494221210479736,11844,100.0,0.0,0.0
15497,44.511141300201416,11844,100.0,0.0,0.0
15500,44.51998043060303,11844,100.0,0.0,0.0
15503,44.53012228012085,11844,100.0,0.0,0.0
15510,44.54986596107483,11844,100.0,0.0,0.0
15519,44.577508211135864,11844,100.0,0.0,0.0
15520,44.58033990859985,11844,100.0,0.0,0.0
15523,44.59002184867859,11844,100.0,0.0,0.0
15525,44.596590757369995,11844,100.0,0.0,0.0
15527,44.60296940803528,11844,100.0,0.0,0.0
15530,44.61280798912048,11844,100.0,0.0,0.0
15540,44.64043927192688,11844,100.0,0.0,0.0
15543,44.649916887283325,11844,100.0,0.0,0.0
15549,44.66809844970703,11844,100.0,0.0,0.0
15550,44.670034408569336,11844,100.0,0.0,0.0
15555,44.68428897857666,11844,100.0,0.0,0.0
15556,44.687488079071045,11844,100.0,0.0,0.0
15557,44.690919160842896,11844,100.0,0.0,0.0
15559,44.69821834564209,11844,100.0,0.0,0.0
15560,44.70111083984375,11844,100.0,0.0,0.0
15566,44.71826934814453,11844,100.0,0.0,0.0
15568,44.72479844093323,11844,100.0,0.0,0.0
15570,44.73076367378235,11844,100.0,0.0,0.0
15571,44.734318017959595,11844,100.0,0.0,0.0
15572,44.7377188205719,11844,100.0,0.0,0.0
15578,44.75544333457947,11844,100.0,0.0,0.0
15579,44.758885860443115,11844,100.0,0.0,0.0
15580,44.76190185546875,11844,100.0,0.0,0.0
15581,44.765453577041626,11844,100.0,0.0,0.0
15589,44.7899911403656,11844,100.0,0.0,0.0
15590,44.79326391220093,11844,100.0,0.0,0.0
15600,44.8233859539032,11844,100.0,0.0,0.0
15610,44.851567029953,11844,100.0,0.0,0.0
15612,44.85846734046936,11844,100.0,0.0,0.0
15620,44.88241744041443,11844,100.0,0.0,0.0
15621,44.885493755340576,11844,100.0,0.0,0.0
15630,44.91136884689331,11844,100.0,0.0,0.0
15635,44.92501878738403,11844,100.0,0.0,0.0
15640,44.93871569633484,11844,100.0,0.0,0.0
15642,44.94517683982849,11844,100.0,0.0,0.0
15648,44.961554765701294,11844,100.0,0.0,0.0
15650,44.96747422218323,11844,100.0,0.0,0.0
15655,44.98359441757202,11844,100.0,0.0,0.0
15656,44.98686408996582,11844,100.0,0.0,0.0
15660,44.997666120529175,11844,100.0,0.0,0.0
15661,45.00125288963318,11844,100.0,0.0,0.0
15662,45.00445055961609,11844,100.0,0.0,0.0
15670,45.02802610397339,11844,100.0,0.0,0.0
15676,45.046576499938965,11844,100.0,0.0,0.0
15680,45.05904030799866,11844,100.0,0.0,0.0
15690,45.088390588760376,11844,100.0,0.0,0.0
15695,45.1045708656311,11844,100.0,0.0,0.0
15700,45.11908507347107,11844,100.0,0.0,0.0
15708,45.14338231086731,11844,100.0,0.0,0.0
15710,45.14917325973511,11844,100.0,0.0,0.0
15716,45.16614603996277,11844,100.0,0.0,0.0
15720,45.17802882194519,11844,100.0,0.0,0.0
15723,45.186208724975586,11844,100.0,0.0,0.0
15728,45.207200050354004,11844,100.0,0.0,0.0
15729,45.21070575714111,11844,100.0,0.0,0.0
15730,45.21373701095581,11844,100.0,0.0,0.0
15731,45.21728825569153,11844,100.0,0.0,0.0
15738,45.23806548118591,11844,100.0,0.0,0.0
15740,45.24404215812683,11844,100.0,0.0,0.0
15747,45.26484036445618,11844,100.0,0.0,0.0
15749,45.27091693878174,11844,100.0,0.0,0.0
15750,45.27364206314087,11844,100.0,0.0,0.0
15760,45.30346870422363,11844,100.0,0.0,0.0
15764,45.31536912918091,11844,100.0,0.0,0.0
15766,45.321892976760864,11844,100.0,0.0,0.0
15770,45.332934617996216,11844,100.0,0.0,0.0
15780,45.363874673843384,11844,100.0,0.0,0.0
15782,45.37008476257324,11844,100.0,0.0,0.0
15785,45.37921929359436,11844,100.0,0.0,0.0
15789,45.391266107559204,11844,100.0,0.0,0.0
15790,45.3939323425293,11844,100.0,0.0,0.0
15792,45.40019464492798,11844,100.0,0.0,0.0
15800,45.426286935806274,11844,100.0,0.0,0.0
15807,45.45439267158508,11844,100.0,0.0,0.0
15810,45.466713190078735,11844,100.0,0.0,0.0
15818,45.499115228652954,11844,100.0,0.0,0.0
15819,45.50397229194641,11844,100.0,0.0,0.0
15820,45.50750494003296,11844,100.0,0.0,0.0
15829,45.533942222595215,11844,100.0,0.0,0.0
15830,45.535977363586426,11844,100.0,0.0,0.0
15831,45.53930640220642,11844,100.0,0.0,0.0
15837,45.55693745613098,11844,100.0,0.0,0.0
15840,45.56464385986328,11844,100.0,0.0,0.0
15846,45.58317255973816,11844,100.0,0.0,0.0
15848,45.588685274124146,11844,100.0,0.0,0.0
15850,45.59466624259949,11844,100.0,0.0,0.0
15851,45.59813475608826,11844,100.0,0.0,0.0
15853,45.60463762283325,11844,100.0,0.0,0.0
15856,45.613224267959595,11844,100.0,0.0,0.0
15857,45.616684436798096,11844,100.0,0.0,0.0
15860,45.62506461143494,11844,100.0,0.0,0.0
15867,45.64570069313049,11844,100.0,0.0,0.0
15870,45.65558743476868,11844,100.0,0.0,0.0
15878,45.67779350280762,11844,100.0,0.0,0.0
15880,45.68469595909119,11844,100.0,0.0,0.0
15881,45.6880886554718,11844,100.0,0.0,0.0
15883,45.694499015808105,11844,100.0,0.0,0.0
15884,45.69767189025879,11844,100.0,0.0,0.0
15887,45.706526041030884,11844,100.0,0.0,0.0
15888,45.709778785705566,11844,100.0,0.0,0.0
15889,45.71324586868286,11844,100.0,0.0,0.0
15890,45.71649885177612,11844,100.0,0.0,0.0
15891,45.719767808914185,11844,100.0,0.0,0.0
15895,45.73098397254944,11844,100.0,0.0,0.0
15898,45.740530252456665,11844,100.0,0.0,0.0
15900,45.74706554412842,11844,100.0,0.0,0.0
15904,45.759530782699585,11844,100.0,0.0,0.0
15910,45.77628207206726,11844,100.0,0.0,0.0
15912,45.78272342681885,11844,100.0,0.0,0.0
15920,45.80675172805786,11844,100.0,0.0,0.0
15930,45.83473086357117,11844,100.0,0.0,0.0
15938,45.85720944404602,11844,100.0,0.0,0.0
15940,45.86272382736206,11844,100.0,0.0,0.0
15944,45.8737518787384,11844,100.0,0.0,0.0
15948,45.88575744628906,11844,100.0,0.0,0.0
15950,45.891289710998535,11844,100.0,0.0,0.0
15951,45.89481782913208,11844,100.0,0.0,0.0
15954,45.90321588516235,11844,100.0,0.0,0.0
15960,45.92049956321716,11844,100.0,0.0,0.0
15961,45.92399501800537,11844,100.0,0.0,0.0
15970,45.94938063621521,11844,100.0,0.0,0.0
15971,45.9526948928833,11844,100.0,0.0,0.0
15972,45.95600986480713,11844,100.0,0.0,0.0
15976,45.96981954574585,11844,100.0,0.0,0.0
15980,45.98188400268555,11844,100.0,0.0,0.0
15981,45.98542070388794,11844,100.0,0.0,0.0
15982,45.988701581954956,11844,100.0,0.0,0.0
15986,46.000948667526245,11844,100.0,0.0,0.0
15990,46.01156044006348,11844,100.0,0.0,0.0
15993,46.01973342895508,11844,100.0,0.0,0.0
15996,46.02934789657593,11844,100.0,0.0,0.0
16000,46.04020071029663,11844,100.0,0.0,0.0
16008,46.06554961204529,11844,100.0,0.0,0.0
16010,46.071420669555664,11844,100.0,0.0,0.0
16014,46.08399701118469,11844,100.0,0.0,0.0
16015,46.08749556541443,11844,100.0,0.0,0.0
16020,46.1036434173584,11844,100.0,0.0,0.0
16024,46.11743211746216,11844,100.0,0.0,0.0
16028,46.130964279174805,11844,100.0,0.0,0.0
16030,46.138482332229614,11844,100.0,0.0,0.0
16040,46.167694091796875,11844,100.0,0.0,0.0
16050,46.19620680809021,11844,100.0,0.0,0.0
16051,46.19960689544678,11844,100.0,0.0,0.0
16058,46.219714879989624,11844,100.0,0.0,0.0
16060,46.22530961036682,11844,100.0,0.0,0.0
16070,46.254765033721924,11844,100.0,0.0,0.0
16077,46.27559232711792,11844,100.0,0.0,0.0
16080,46.28390383720398,11844,100.0,0.0,0.0
16082,46.290473222732544,11844,100.0,0.0,0.0
16090,46.31443405151367,11844,100.0,0.0,0.0
16092,46.31984543800354,11844,100.0,0.0,0.0
16093,46.323373794555664,11844,100.0,0.0,0.0
16094,46.32686519622803,11844,100.0,0.0,0.0
16097,46.33605980873108,11844,100.0,0.0,0.0
16100,46.34477210044861,11844,100.0,0.0,0.0
16102,46.35094499588013,11844,100.0,0.0,0.0
16110,46.37463092803955,11844,100.0,0.0,0.0
16114,46.386114835739136,11844,100.0,0.0,0.0
16117,46.3952796459198,11844,100.0,0.0,0.0
16119,46.40228724479675,11844,100.0,0.0,0.0
16120,46.40526461601257,11844,100.0,0.0,0.0
16123,46.41519045829773,11844,100.0,0.0,0.0
16124,46.418593883514404,11844,100.0,0.0,0.0
16128,46.43128943443298,11844,100.0,0.0,0.0
16129,46.43471026420593,11844,100.0,0.0,0.0
16130,46.4381685256958,11844,100.0,0.0,0.0
16139,46.46458387374878,11844,100.0,0.0,0.0
16140,46.46738791465759,11844,100.0,0.0,0.0
16150,46.497575759887695,11844,100.0,0.0,0.0
16156,46.51647162437439,11844,100.0,0.0,0.0
16159,46.524917125701904,11844,100.0,0.0,0.0
16160,46.52768635749817,11844,100.0,0.0,0.0
16163,46.53661012649536,11844,100.0,0.0,0.0
16165,46.542816162109375,11844,100.0,0.0,0.0
16168,46.552146673202515,11844,100.0,0.0,0.0
16170,46.55731463432312,11844,100.0,0.0,0.0
16172,46.56367778778076,11844,100.0,0.0,0.0
16173,46.56704664230347,11844,100.0,0.0,0.0
16174,46.57061553001404,11844,100.0,0.0,0.0
16180,46.58838415145874,11844,100.0,0.0,0.0
16190,46.62152910232544,11844,100.0,0.0,0.0
16191,46.624985456466675,11844,100.0,0.0,0.0
16199,46.64738917350769,11844,100.0,0.0,0.0
16200,46.65025210380554,11844,100.0,0.0,0.0
16202,46.65687441825867,11844,100.0,0.0,0.0
16204,46.66325759887695,11844,100.0,0.0,0.0
16205,46.666693925857544,11844,100.0,0.0,0.0
16207,46.67322063446045,11844,100.0,0.0,0.0
16210,46.681312084198,11844,100.0,0.0,0.0
16211,46.684805393218994,11844,100.0,0.0,0.0
16213,46.69119143486023,11844,100.0,0.0,0.0
16216,46.70164394378662,11844,100.0,0.0,0.0
16219,46.710877895355225,11844,100.0,0.0,0.0
16220,46.71379470825195,11844,100.0,0.0,0.0
16230,46.746753454208374,11844,100.0,0.0,0.0
16232,46.75286388397217,11844,100.0,0.0,0.0
16234,46.75895380973816,11844,100.0,0.0,0.0
16240,46.77633213996887,11844,100.0,0.0,0.0
16246,46.794169187545776,11844,100.0,0.0,0.0
16250,46.80691576004028,11844,100.0,0.0,0.0
16252,46.813295125961304,11844,100.0,0.0,0.0
16254,46.81867718696594,11844,100.0,0.0,0.0
16255,46.82210969924927,11844,100.0,0.0,0.0
16260,46.83683657646179,11844,100.0,0.0,0.0
16262,46.842965841293335,11844,100.0,0.0,0.0
16264,46.84953498840332,11844,100.0,0.0,0.0
16266,46.856648683547974,11844,100.0,0.0,0.0
16270,46.86872577667236,11844,100.0,0.0,0.0
16277,46.88798141479492,11844,100.0,0.0,0.0
16280,46.89642071723938,11844,100.0,0.0,0.0
16284,46.90872263908386,11844,100.0,0.0,0.0
16288,46.92151403427124,11844,100.0,0.0,0.0
16290,46.92767882347107,11844,100.0,0.0,0.0
16300,46.95663928985596,11844,100.0,0.0,0.0
16302,46.96489429473877,11844,100.0,0.0,0.0
16305,46.975786447525024,11844,100.0,0.0,0.0
16310,46.9910569190979,11844,100.0,0.0,0.0
16312,46.997456073760986,11844,100.0,0.0,0.0
16313,47.00091886520386,11844,100.0,0.0,0.0
16318,47.01531195640564,11844,100.0,0.0,0.0
16320,47.02395462989807,11844,100.0,0.0,0.0
16323,47.03408980369568,11844,100.0,0.0,0.0
16324,47.03747320175171,11844,100.0,0.0,0.0
16330,47.05491805076599,11844,100.0,0.0,0.0
16332,47.061463594436646,11844,100.0,0.0,0.0
16334,47.067819356918335,11844,100.0,0.0,0.0
16340,47.08621025085449,11844,100.0,0.0,0.0
16341,47.08982467651367,11844,100.0,0.0,0.0
16348,47.112618923187256,11844,100.0,0.0,0.0
16350,47.11844873428345,11844,100.0,0.0,0.0
16352,47.124924421310425,11844,100.0,0.0,0.0
16360,47.153008460998535,11844,100.0,0.0,0.0
16368,47.17580580711365,11844,100.0,0.0,0.0
16370,47.18142557144165,11844,100.0,0.0,0.0
16374,47.19358491897583,11844,100.0,0.0,0.0
16375,47.19716215133667,11844,100.0,0.0,0.0
16380,47.21333122253418,11844,100.0,0.0,0.0
16381,47.21712875366211,11844,100.0,0.0,0.0
16386,47.2329204082489,11844,100.0,0.0,0.0
16390,47.244656801223755,11844,100.0,0.0,0.0
16391,47.24816131591797,11844,100.0,0.0,0.0
16397,47.266573905944824,11844,100.0,0.0,0.0
16400,47.27564716339111,11844,100.0,0.0,0.0
16404,47.28975176811218,11844,100.0,0.0,0.0
16406,47.29696774482727,11844,100.0,0.0,0.0
16408,47.304648637771606,11844,100.0,0.0,0.0
16410,47.31002473831177,11844,100.0,0.0,0.0
16418,47.33713459968567,11844,100.0,0.0,0.0
16420,47.34335708618164,11844,100.0,0.0,0.0
16424,47.35659599304199,11844,100.0,0.0,0.0
16427,47.3658390045166,11844,100.0,0.0,0.0
16428,47.36963486671448,11844,100.0,0.0,0.0
16429,47.37318205833435,11844,100.0,0.0,0.0
16430,47.377901792526245,11844,100.0,0.0,0.0
16436,47.39648127555847,11844,100.0,0.0,0.0
16439,47.40549063682556,11844,100.0,0.0,0.0
16440,47.40874719619751,11844,100.0,0.0,0.0
16441,47.41208553314209,11844,100.0,0.0,0.0
16446,47.4271354675293,11844,100.0,0.0,0.0
16450,47.43917942047119,11844,100.0,0.0,0.0
16455,47.455055475234985,11844,100.0,0.0,0.0
16458,47.464481592178345,11844,100.0,0.0,0.0
16459,47.46787357330322,11844,100.0,0.0,0.0
16460,47.47095322608948,11844,100.0,0.0,0.0
16461,47.47485089302063,11844,100.0,0.0,0.0
16470,47.50224757194519,11844,100.0,0.0,0.0
16480,47.531513690948486,11844,100.0,0.0,0.0
16484,47.54297947883606,11844,100.0,0.0,0.0
16490,47.56090569496155,11844,100.0,0.0,0.0
16491,47.56513452529907,11844,100.0,0.0,0.0
16493,47.57163119316101,11844,100.0,0.0,0.0
16500,47.59247016906738,11844,100.0,0.0,0.0
16510,47.62091255187988,11844,100.0,0.0,0.0
16512,47.62720322608948,11844,100.0,0.0,0.0
16517,47.64211893081665,11844,100.0,0.0,0.0
16520,47.65151238441467,11844,100.0,0.0,0.0
16523,47.66082215309143,11844,100.0,0.0,0.0
16530,47.680867433547974,11844,100.0,0.0,0.0
16531,47.684200286865234,11844,100.0,0.0,0.0
16540,47.709659576416016,11844,100.0,0.0,0.0
16546,47.72763776779175,11844,100.0,0.0,0.0
16547,47.731316566467285,11844,100.0,0.0,0.0
16550,47.73999357223511,11844,100.0,0.0,0.0
16551,47.74334692955017,11844,100.0,0.0,0.0
16556,47.75732350349426,11844,100.0,0.0,0.0
16557,47.76059889793396,11844,100.0,0.0,0.0
16560,47.77014517784119,11844,100.0,0.0,0.0
16565,47.785135984420776,11844,100.0,0.0,0.0
16566,47.78854727745056,11844,100.0,0.0,0.0
16570,47.79955458641052,11844,100.0,0.0,0.0
16574,47.81144142150879,11844,100.0,0.0,0.0
16576,47.81850051879883,11844,100.0,0.0,0.0
16580,47.8293194770813,11844,100.0,0.0,0.0
16583,47.838255882263184,11844,100.0,0.0,0.0
16587,47.85062050819397,11844,100.0,0.0,0.0
16590,47.859291315078735,11844,100.0,0.0,0.0
16591,47.86264491081238,11844,100.0,0.0,0.0
16597,47.880478858947754,11844,100.0,0.0,0.0
16600,47.88895130157471,11844,100.0,0.0,0.0
16602,47.89530897140503,11844,100.0,0.0,0.0
16603,47.89849853515625,11844,100.0,0.0,0.0
16609,47.9156494140625,11844,100.0,0.0,0.0
16610,47.918333768844604,11844,100.0,0.0,0.0
16612,47.92451500892639,11844,100.0,0.0,0.0
16620,47.948383808135986,11844,100.0,0.0,0.0
16623,47.95813250541687,11844,100.0,0.0,0.0
16630,47.98061776161194,11844,100.0,0.0,0.0
16634,47.99306106567383,11844,100.0,0.0,0.0
16639,48.00801086425781,11844,100.0,0.0,0.0
16640,48.01150369644165,11844,100.0,0.0,0.0
16644,48.02459669113159,11844,100.0,0.0,0.0
16646,48.03156661987305,11844,100.0,0.0,0.0
16648,48.03840923309326,11844,100.0,0.0,0.0
16650,48.04402184486389,11844,100.0,0.0,0.0
16651,48.0474534034729,11844,100.0,0.0,0.0
16652,48.05087327957153,11844,100.0,0.0,0.0
16660,48.07538390159607,11844,100.0,0.0,0.0
16662,48.08161973953247,11844,100.0,0.0,0.0
16665,48.09082007408142,11844,100.0,0.0,0.0
16670,48.10617017745972,11844,100.0,0.0,0.0
16671,48.10972785949707,11844,100.0,0.0,0.0
16677,48.127349853515625,11844,100.0,0.0,0.0
16680,48.13625693321228,11844,100.0,0.0,0.0
16683,48.14696002006531,11844,100.0,0.0,0.0
16690,48.16661047935486,11844,100.0,0.0,0.0
16697,48.18940830230713,11844,100.0,0.0,0.0
16700,48.19815254211426,11844,100.0,0.0,0.0
16709,48.22639060020447,11844,100.0,0.0,0.0
16710,48.230157136917114,11844,100.0,0.0,0.0
16720,48.25791597366333,11844,100.0,0.0,0.0
16730,48.28479242324829,11844,100.0,0.0,0.0
16733,48.294108390808105,11844,100.0,0.0,0.0
16740,48.31440877914429,11844,100.0,0.0,0.0
16741,48.317848205566406,11844,100.0,0.0,0.0
16743,48.32419538497925,11844,100.0,0.0,0.0
16748,48.339704513549805,11844,100.0,0.0,0.0
16750,48.34539341926575,11844,100.0,0.0,0.0
16755,48.3625853061676,11844,100.0,0.0,0.0
16758,48.37185835838318,11844,100.0,0.0,0.0
16760,48.37851047515869,11844,100.0,0.0,0.0
16770,48.407689571380615,11844,100.0,0.0,0.0
16780,48.43599557876587,11844,100.0,0.0,0.0
16783,48.44490122795105,11844,100.0,0.0,0.0
16790,48.46516394615173,11844,100.0,0.0,0.0
16792,48.471633195877075,11844,100.0,0.0,0.0
16795,48.48081398010254,11844,100.0,0.0,0.0
16800,48.495391845703125,11844,100.0,0.0,0.0
16805,48.510154485702515,11844,100.0,0.0,0.0
16807,48.51680254936218,11844,100.0,0.0,0.0
16809,48.5239691734314,11844,100.0,0.0,0.0
16810,48.527008056640625,11844,100.0,0.0,0.0
16818,48.55168414115906,11844,100.0,0.0,0.0
16820,48.55764961242676,11844,100.0,0.0,0.0
16826,48.576348304748535,11844,100.0,0.0,0.0
16830,48.588414907455444,11844,100.0,0.0,0.0
16832,48.59551119804382,11844,100.0,0.0,0.0
16840,48.62097954750061,11844,100.0,0.0,0.0
16842,48.62828969955444,11844,100.0,0.0,0.0
16844,48.634665727615356,11844,100.0,0.0,0.0
16845,48.63798260688782,11844,100.0,0.0,0.0
16848,48.64926075935364,11844,100.0,0.0,0.0
16850,48.65530323982239,11844,100.0,0.0,0.0
16860,48.68402910232544,11844,100.0,0.0,0.0
16862,48.690412282943726,11844,100.0,0.0,0.0
16867,48.70820879936218,11844,100.0,0.0,0.0
16870,48.71525597572327,11844,100.0,0.0,0.0
16874,48.72627329826355,11844,100.0,0.0,0.0
16875,48.72946643829346,11844,100.0,0.0,0.0
16880,48.74345064163208,11844,100.0,0.0,0.0
16884,48.755584478378296,11844,100.0,0.0,0.0
16890,48.77129054069519,11844,100.0,0.0,0.0
16891,48.77483510971069,11844,100.0,0.0,0.0
16900,48.79990911483765,11844,100.0,0.0,0.0
16901,48.803489208221436,11844,100.0,0.0,0.0
16907,48.82013440132141,11844,100.0,0.0,0.0
16910,48.8290331363678,11844,100.0,0.0,0.0
16912,48.835280895233154,11844,100.0,0.0,0.0
16920,48.85851240158081,11844,100.0,0.0,0.0
16922,48.86384844779968,11844,100.0,0.0,0.0
16927,48.87871289253235,11844,100.0,0.0,0.0
16930,48.88741683959961,11844,100.0,0.0,0.0
16939,48.9151177406311,11844,100.0,0.0,0.0
16940,48.917081356048584,11844,100.0,0.0,0.0
16947,48.93814206123352,11844,100.0,0.0,0.0
16950,48.94715428352356,11844,100.0,0.0,0.0
16954,48.95925736427307,11844,100.0,0.0,0.0
16955,48.962482929229736,11844,100.0,0.0,0.0
16958,48.97192144393921,11844,100.0,0.0,0.0
16960,48.97784233093262,11844,100.0,0.0,0.0
16965,48.992112159729004,11844,100.0,0.0,0.0
16966,48.99543905258179,11844,100.0,0.0,0.0
16967,48.999003171920776,11844,100.0,0.0,0.0
16970,49.007652282714844,11844,100.0,0.0,0.0
16980,49.037949323654175,11844,100.0,0.0,0.0
16986,49.0580689907074,11844,100.0,0.0,0.0
16987,49.062066078186035,11844,100.0,0.0,0.0
16988,49.06552577018738,11844,100.0,0.0,0.0
16990,49.07132053375244,11844,100.0,0.0,0.0
16994,49.084824562072754,11844,100.0,0.0,0.0
16996,49.092182636260986,11844,100.0,0.0,0.0
17000,49.10596704483032,11844,100.0,0.0,0.0
17004,49.11834263801575,11844,100.0,0.0,0.0
17008,49.13144373893738,11844,100.0,0.0,0.0
17010,49.137508153915405,11844,100.0,0.0,0.0
17013,49.147866010665894,11844,100.0,0.0,0.0
17015,49.15392208099365,11844,100.0,0.0,0.0
17019,49.16694402694702,11844,100.0,0.0,0.0
17020,49.170403480529785,11844,100.0,0.0,0.0
17023,49.1800320148468,11844,100.0,0.0,0.0
17030,49.20126676559448,11844,100.0,0.0,0.0
17032,49.20766496658325,11844,100.0,0.0,0.0
17038,49.224878549575806,11844,100.0,0.0,0.0
17040,49.229565382003784,11844,100.0,0.0,0.0
17042,49.235795974731445,11844,100.0,0.0,0.0
17049,49.25670266151428,11844,100.0,0.0,0.0
17050,49.259456396102905,11844,100.0,0.0,0.0
17054,49.27132749557495,11844,100.0,0.0,0.0
17060,49.28731846809387,11844,100.0,0.0,0.0
17069,49.31191968917847,11844,100.0,0.0,0.0
17070,49.31468415260315,11844,100.0,0.0,0.0
17073,49.32391381263733,11844,100.0,0.0,0.0
17078,49.33841371536255,11844,100.0,0.0,0.0
17080,49.34441947937012,11844,100.0,0.0,0.0
17083,49.35266590118408,11844,100.0,0.0,0.0
17084,49.3560585975647,11844,100.0,0.0,0.0
17090,49.373992681503296,11844,100.0,0.0,0.0
17091,49.37812376022339,11844,100.0,0.0,0.0
17095,49.390467166900635,11844,100.0,0.0,0.0
17100,49.40468430519104,11844,100.0,0.0,0.0
17106,49.42235517501831,11844,100.0,0.0,0.0
17110,49.4338641166687,11844,100.0,0.0,0.0
17117,49.45467805862427,11844,100.0,0.0,0.0
17120,49.46310353279114,11844,100.0,0.0,0.0
17126,49.48091959953308,11844,100.0,0.0,0.0
17127,49.484219789505005,11844,100.0,0.0,0.0
17130,49.49279975891113,11844,100.0,0.0,0.0
17140,49.520065784454346,11844,100.0,0.0,0.0
17148,49.544275522232056,11844,100.0,0.0,0.0
17150,49.54994535446167,11844,100.0,0.0,0.0
17159,49.57769274711609,11844,100.0,0.0,0.0
17160,49.58054995536804,11844,100.0,0.0,0.0
17161,49.58416199684143,11844,100.0,0.0,0.0
17165,49.59614825248718,11844,100.0,0.0,0.0
17166,49.59938883781433,11844,100.0,0.0,0.0
17170,49.6110577583313,11844,100.0,0.0,0.0
17177,49.63107395172119,11844,100.0,0.0,0.0
17180,49.64025282859802,11844,100.0,0.0,0.0
17182,49.64704203605652,11844,100.0,0.0,0.0
17183,49.650707483291626,11844,100.0,0.0,0.0
17184,49.65415620803833,11844,100.0,0.0,0.0
17185,49.657631158828735,11844,100.0,0.0,0.0
17190,49.672762870788574,11844,100.0,0.0,0.0
17194,49.68606519699097,11844,100.0,0.0,0.0
17198,49.69840693473816,11844,100.0,0.0,0.0
17199,49.701852560043335,11844,100.0,0.0,0.0
17200,49.70478558540344,11844,100.0,0.0,0.0
17206,49.72302985191345,11844,100.0,0.0,0.0
17207,49.726502418518066,11844,100.0,0.0,0.0
17210,49.73659610748291,11844,100.0,0.0,0.0
17214,49.74922156333923,11844,100.0,0.0,0.0
17217,49.75888228416443,11844,100.0,0.0,0.0
17220,49.76963400840759,11844,100.0,0.0,0.0
17222,49.7774772644043,11844,100.0,0.0,0.0
17230,49.80270457267761,11844,100.0,0.0,0.0
17232,49.808939933776855,11844,100.0,0.0,0.0
17233,49.81316637992859,11844,100.0,0.0,0.0
17239,49.83179044723511,11844,100.0,0.0,0.0
17240,49.834662437438965,11844,100.0,0.0,0.0
17243,49.84434533119202,11844,100.0,0.0,0.0
17250,49.865257263183594,11844,100.0,0.0,0.0
17251,49.86873912811279,11844,100.0,0.0,0.0
17257,49.88700485229492,11844,100.0,0.0,0.0
17260,49.89537310600281,11844,100.0,0.0,0.0
17264,49.90801811218262,11844,100.0,0.0,0.0
17270,49.92520785331726,11844,100.0,0.0,0.0
17274,49.93743085861206,11844,100.0,0.0,0.0
17275,49.94082236289978,11844,100.0,0.0,0.0
17280,49.95582056045532,11844,100.0,0.0,0.0
17281,49.95980525016785,11844,100.0,0.0,0.0
17290,49.98709058761597,11844,100.0,0.0,0.0
17297,50.00854802131653,11844,100.0,0.0,0.0
17300,50.01696991920471,11844,100.0,0.0,0.0
17302,50.02401256561279,11844,100.0,0.0,0.0
17310,50.04764008522034,11844,100.0,0.0,0.0
17312,50.05416560173035,11844,100.0,0.0,0.0
17319,50.07633423805237,11844,100.0,0.0,0.0
17320,50.079171895980835,11844,100.0,0.0,0.0
17330,50.112146854400635,11844,100.0,0.0,0.0
17331,50.11566686630249,11844,100.0,0.0,0.0
17340,50.14300298690796,11844,100.0,0.0,0.0
17350,50.17379331588745,11844,100.0,0.0,0.0
17355,50.18932890892029,11844,100.0,0.0,0.0
17358,50.19951820373535,11844,100.0,0.0,0.0
17359,50.20305013656616,11844,100.0,0.0,0.0
17360,50.20585322380066,11844,100.0,0.0,0.0
17365,50.22229981422424,11844,100.0,0.0,0.0
17370,50.23974823951721,11844,100.0,0.0,0.0
17373,50.24953818321228,11844,100.0,0.0,0.0
17380,50.27042484283447,11844,100.0,0.0,0.0
17384,50.282663345336914,11844,100.0,0.0,0.0
17388,50.29449105262756,11844,100.0,0.0,0.0
17390,50.30054330825806,11844,100.0,0.0,0.0
17393,50.30958580970764,11844,100.0,0.0,0.0
17400,50.32962083816528,11844,100.0,0.0,0.0
17405,50.345704078674316,11844,100.0,0.0,0.0
17410,50.359920024871826,11844,100.0,0.0,0.0
17412,50.366382360458374,11844,100.0,0.0,0.0
17413,50.369786977767944,11844,100.0,0.0,0.0
17416,50.37932252883911,11844,100.0,0.0,0.0
17417,50.38281273841858,11844,100.0,0.0,0.0
17419,50.38928008079529,11844,100.0,0.0,0.0
17420,50.39218544960022,11844,100.0,0.0,0.0
17421,50.395657539367676,11844,100.0,0.0,0.0
17422,50.39897179603577,11844,100.0,0.0,0.0
17423,50.402199268341064,11844,100.0,0.0,0.0
17428,50.417316198349,11844,100.0,0.0,0.0
17430,50.42299294471741,11844,100.0,0.0,0.0
17434,50.43399930000305,11844,100.0,0.0,0.0
17437,50.443079710006714,11844,100.0,0.0,0.0
17440,50.45128107070923,11844,100.0,0.0,0.0
17441,50.45468235015869,11844,100.0,0.0,0.0
17449,50.47747492790222,11844,100.0,0.0,0.0
17450,50.4801025390625,11844,100.0,0.0,0.0
17453,50.48947715759277,11844,100.0,0.0,0.0
17454,50.492876291275024,11844,100.0,0.0,0.0
17457,50.50205636024475,11844,100.0,0.0,0.0
17460,50.51045227050781,11844,100.0,0.0,0.0
17464,50.52211785316467,11844,100.0,0.0,0.0
17465,50.52533149719238,11844,100.0,0.0,0.0
17467,50.53206205368042,11844,100.0,0.0,0.0
17470,50.54089665412903,11844,100.0,0.0,0.0
17471,50.54432129859924,11844,100.0,0.0,0.0
17473,50.550443172454834,11844,100.0,0.0,0.0
17480,50.569971561431885,11844,100.0,0.0,0.0
17481,50.57349109649658,11844,100.0,0.0,0.0
17482,50.57690072059631,11844,100.0,0.0,0.0
17484,50.58337664604187,11844,100.0,0.0,0.0
17486,50.5897011756897,11844,100.0,0.0,0.0
17490,50.60044980049133,11844,100.0,0.0,0.0
17491,50.60392475128174,11844,100.0,0.0,0.0
17493,50.6100172996521,11844,100.0,0.0,0.0
17496,50.61933159828186,11844,100.0,0.0,0.0
17500,50.630823850631714,11844,100.0,0.0,0.0
17502,50.63697528839111,11844,100.0,0.0,0.0
17510,50.66077899932861,11844,100.0,0.0,0.0
17514,50.67288327217102,11844,100.0,0.0,0.0
17518,50.684850454330444,11844,100.0,0.0,0.0
17520,50.69054317474365,11844,100.0,0.0,0.0
17523,50.69964790344238,11844,100.0,0.0,0.0
17527,50.71126651763916,11844,100.0,0.0,0.0
17530,50.719820737838745,11844,100.0,0.0,0.0
17540,50.74715805053711,11844,100.0,0.0,0.0
17543,50.75599455833435,11844,100.0,0.0,0.0
17550,50.77671933174133,11844,100.0,0.0,0.0
17560,50.80920195579529,11844,100.0,0.0,0.0
17569,50.83735680580139,11844,100.0,0.0,0.0
17570,50.8393988609314,11844,100.0,0.0,0.0
17572,50.84591484069824,11844,100.0,0.0,0.0
17573,50.849339723587036,11844,100.0,0.0,0.0
17574,50.852712631225586,11844,100.0,0.0,0.0
17576,50.85903549194336,11844,100.0,0.0,0.0
17580,50.87069034576416,11844,100.0,0.0,0.0
17590,50.89966154098511,11844,100.0,0.0,0.0
17591,50.90319633483887,11844,100.0,0.0,0.0
17599,50.9286105632782,11844,100.0,0.0,0.0
17600,50.93200373649597,11844,100.0,0.0,0.0
17604,50.94568490982056,11844,100.0,0.0,0.0
17610,50.96760177612305,11844,100.0,0.0,0.0
17615,50.98335003852844,11844,100.0,0.0,0.0
17620,50.99810004234314,11844,100.0,0.0,0.0
17622,51.004846811294556,11844,100.0,0.0,0.0
17630,51.02871084213257,11844,100.0,0.0,0.0
17635,51.044193267822266,11844,100.0,0.0,0.0
17640,51.05935049057007,11844,100.0,0.0,0.0
17644,51.07150101661682,11844,100.0,0.0,0.0
17648,51.08291697502136,11844,100.0,0.0,0.0
17650,51.08851146697998,11844,100.0,0.0,0.0
17655,51.10513424873352,11844,100.0,0.0,0.0
17660,51.11989212036133,11844,100.0,0.0,0.0
17661,51.12341570854187,11844,100.0,0.0,0.0
17666,51.13834285736084,11844,100.0,0.0,0.0
17670,51.15468883514404,11844,100.0,0.0,0.0
17671,51.158766984939575,11844,100.0,0.0,0.0
17674,51.16807317733765,11844,100.0,0.0,0.0
17677,51.1778461933136,11844,100.0,0.0,0.0
17678,51.181498765945435,11844,100.0,0.0,0.0
17680,51.1865451335907,11844,100.0,0.0,0.0
17683,51.19699692726135,11844,100.0,0.0,0.0
17684,51.200276374816895,11844,100.0,0.0,0.0
17689,51.216450929641724,11844,100.0,0.0,0.0
17690,51.219324827194214,11844,100.0,0.0,0.0
17696,51.2360463142395,11844,100.0,0.0,0.0
17697,51.23930263519287,11844,100.0,0.0,0.0
17698,51.2427294254303,11844,100.0,0.0,0.0
17699,51.246137380599976,11844,100.0,0.0,0.0
17700,51.249056339263916,11844,100.0,0.0,0.0
17706,51.26871061325073,11844,100.0,0.0,0.0
17709,51.27863955497742,11844,100.0,0.0,0.0
17710,51.281655073165894,11844,100.0,0.0,0.0
17717,51.30298686027527,11844,100.0,0.0,0.0
17720,51.31170606613159,11844,100.0,0.0,0.0
17726,51.33016657829285,11844,100.0,0.0,0.0
17728,51.336981773376465,11844,100.0,0.0,0.0
17729,51.340267181396484,11844,100.0,0.0,0.0
17730,51.34310483932495,11844,100.0,0.0,0.0
17731,51.346975803375244,11844,100.0,0.0,0.0
17738,51.36713480949402,11844,100.0,0.0,0.0
17739,51.3704788684845,11844,100.0,0.0,0.0
17740,51.37345314025879,11844,100.0,0.0,0.0
17750,51.402921199798584,11844,100.0,0.0,0.0
17753,51.411850690841675,11844,100.0,0.0,0.0
17755,51.418211936950684,11844,100.0,0.0,0.0
17760,51.43393921852112,11844,100.0,0.0,0.0
17768,51.45506978034973,11844,100.0,0.0,0.0
17770,51.459898948669434,11844,100.0,0.0,0.0
17775,51.4753053188324,11844,100.0,0.0,0.0
17780,51.49043679237366,11844,100.0,0.0,0.0
17789,51.517674922943115,11844,100.0,0.0,0.0
17790,51.520578384399414,11844,100.0,0.0,0.0
17796,51.54030156135559,11844,100.0,0.0,0.0
17799,51.55041480064392,11844,100.0,0.0,0.0
17800,51.55332636833191,11844,100.0,0.0,0.0
17802,51.559884786605835,11844,100.0,0.0,0.0
17805,51.56975436210632,11844,100.0,0.0,0.0
17810,51.587024211883545,11844,100.0,0.0,0.0
17812,51.59427762031555,11844,100.0,0.0,0.0
17816,51.60939955711365,11844,100.0,0.0,0.0
17819,51.61963891983032,11844,100.0,0.0,0.0
17820,51.62290120124817,11844,100.0,0.0,0.0
17827,51.64536452293396,11844,100.0,0.0,0.0
17830,51.65519404411316,11844,100.0,0.0,0.0
17831,51.659058570861816,11844,100.0,0.0,0.0
17835,51.67180037498474,11844,100.0,0.0,0.0
17837,51.67826724052429,11844,100.0,0.0,0.0
17838,51.681721687316895,11844,100.0,0.0,0.0
17840,51.68782377243042,11844,100.0,0.0,0.0
17841,51.69155502319336,11844,100.0,0.0,0.0
17850,51.71512961387634,11844,100.0,0.0,0.0
17857,51.736462354660034,11844,100.0,0.0,0.0
17858,51.739938259124756,11844,100.0,0.0,0.0
17860,51.74703025817871,11844,100.0,0.0,0.0
17861,51.750595569610596,11844,100.0,0.0,0.0
17863,51.75720262527466,11844,100.0,0.0,0.0
17864,51.76094055175781,11844,100.0,0.0,0.0
17865,51.7643940448761,11844,100.0,0.0,0.0
17870,51.78108501434326,11844,100.0,0.0,0.0
17873,51.790913343429565,11844,100.0,0.0,0.0
17880,51.81465125083923,11844,100.0,0.0,0.0
17890,51.84468936920166,11844,100.0,0.0,0.0
17896,51.863510847091675,11844,100.0,0.0,0.0
17900,51.876282691955566,11844,100.0,0.0,0.0
17903,51.88642716407776,11844,100.0,0.0,0.0
17909,51.90448617935181,11844,100.0,0.0,0.0
17910,51.90737509727478,11844,100.0,0.0,0.0
17914,51.91955232620239,11844,100.0,0.0,0.0
17915,51.9228036403656,11844,100.0,0.0,0.0
17920,51.93650770187378,11844,100.0,0.0,0.0
17929,51.962449073791504,11844,100.0,0.0,0.0
17930,51.96534252166748,11844,100.0,0.0,0.0
17934,51.97835111618042,11844,100.0,0.0,0.0
17940,51.99503469467163,11844,100.0,0.0,0.0
17944,52.00729513168335,11844,100.0,0.0,0.0
17945,52.01087284088135,11844,100.0,0.0,0.0
17946,52.01489996910095,11844,100.0,0.0,0.0
17949,52.02467393875122,11844,100.0,0.0,0.0
17950,52.028260231018066,11844,100.0,0.0,0.0
17952,52.03473258018494,11844,100.0,0.0,0.0
17956,52.04763126373291,11844,100.0,0.0,0.0
17960,52.059850454330444,11844,100.0,0.0,0.0
17970,52.08937191963196,11844,100.0,0.0,0.0
17980,52.119128942489624,11844,100.0,0.0,0.0
17981,52.122581243515015,11844,100.0,0.0,0.0
17986,52.138911724090576,11844,100.0,0.0,0.0
17990,52.15057396888733,11844,100.0,0.0,0.0
17992,52.15858769416809,11844,100.0,0.0,0.0
17998,52.17712736129761,11844,100.0,0.0,0.0
18000,52.18208336830139,11844,100.0,0.0,0.0
18006,52.20007133483887,11844,100.0,0.0,0.0
18008,52.20685267448425,11844,100.0,0.0,0.0
18010,52.21297073364258,11844,100.0,0.0,0.0
18013,52.222323417663574,11844,100.0,0.0,0.0
18016,52.23202037811279,11844,100.0,0.0,0.0
18020,52.24374198913574,11844,100.0,0.0,0.0
18025,52.25785207748413,11844,100.0,0.0,0.0
18029,52.26996874809265,11844,100.0,0.0,0.0
18030,52.27282094955444,11844,100.0,0.0,0.0
18031,52.276583194732666,11844,100.0,0.0,0.0
18033,52.282963275909424,11844,100.0,0.0,0.0
18036,52.293150663375854,11844,100.0,0.0,0.0
18040,52.30587363243103,11844,100.0,0.0,0.0
18042,52.31247067451477,11844,100.0,0.0,0.0
18050,52.336867332458496,11844,100.0,0.0,0.0
18055,52.35026931762695,11844,100.0,0.0,0.0
18056,52.353599309921265,11844,100.0,0.0,0.0
18060,52.366424798965454,11844,100.0,0.0,0.0
18061,52.369884729385376,11844,100.0,0.0,0.0
18066,52.384931564331055,11844,100.0,0.0,0.0
18068,52.39096164703369,11844,100.0,0.0,0.0
18069,52.394397497177124,11844,100.0,0.0,0.0
18070,52.39731454849243,11844,100.0,0.0,0.0
18074,52.41025400161743,11844,100.0,0.0,0.0
18080,52.42880654335022,11844,100.0,0.0,0.0
18082,52.43609595298767,11844,100.0,0.0,0.0
18085,52.44578289985657,11844,100.0,0.0,0.0
18086,52.449713468551636,11844,100.0,0.0,0.0
18090,52.461222410202026,11844,100.0,0.0,0.0
18092,52.46757626533508,11844,100.0,0.0,0.0
18095,52.47650384902954,11844,100.0,0.0,0.0
18097,52.48251295089722,11844,100.0,0.0,0.0
18099,52.488789558410645,11844,100.0,0.0,0.0
18100,52.49120616912842,11844,100.0,0.0,0.0
18103,52.50100636482239,11844,100.0,0.0,0.0
18110,52.522266149520874,11844,100.0,0.0,0.0
18114,52.53514266014099,11844,100.0,0.0,0.0
18118,52.548362255096436,11844,100.0,0.0,0.0
18120,52.554826498031616,11844,100.0,0.0,0.0
18121,52.55852031707764,11844,100.0,0.0,0.0
18124,52.568684816360474,11844,100.0,0.0,0.0
18126,52.57517957687378,11844,100.0,0.0,0.0
18130,52.587660789489746,11844,100.0,0.0,0.0
18140,52.61569857597351,11844,100.0,0.0,0.0
18145,52.631640672683716,11844,100.0,0.0,0.0
18147,52.638195514678955,11844,100.0,0.0,0.0
18150,52.64731979370117,11844,100.0,0.0,0.0
18156,52.66484308242798,11844,100.0,0.0,0.0
18160,52.6760835647583,11844,100.0,0.0,0.0
18161,52.679510831832886,11844,100.0,0.0,0.0
18163,52.68574929237366,11844,100.0,0.0,0.0
18164,52.68899369239807,11844,100.0,0.0,0.0
18169,52.70366883277893,11844,100.0,0.0,0.0
18170,52.70645332336426,11844,100.0,0.0,0.0
18179,52.73204207420349,11844,100.0,0.0,0.0
18180,52.73501372337341,11844,100.0,0.0,0.0
18190,52.76774454116821,11844,100.0,0.0,0.0
18199,52.79431867599487,11844,100.0,0.0,0.0
18200,52.797033071517944,11844,100.0,0.0,0.0
18201,52.800376415252686,11844,100.0,0.0,0.0
18207,52.81707215309143,11844,100.0,0.0,0.0
18210,52.826515674591064,11844,100.0,0.0,0.0
18212,52.83283805847168,11844,100.0,0.0,0.0
18216,52.84502410888672,11844,100.0,0.0,0.0
18220,52.856882095336914,11844,100.0,0.0,0.0
18223,52.86625862121582,11844,100.0,0.0,0.0
18226,52.87493586540222,11844,100.0,0.0,0.0
18227,52.878045320510864,11844,100.0,0.0,0.0
18230,52.886892795562744,11844,100.0,0.0,0.0
18233,52.89617133140564,11844,100.0,0.0,0.0
18240,52.9157178401947,11844,100.0,0.0,0.0
18244,52.92771649360657,11844,100.0,0.0,0.0
18250,52.94510054588318,11844,100.0,0.0,0.0
18260,52.97530221939087,11844,100.0,0.0,0.0
18261,52.97856163978577,11844,100.0,0.0,0.0
18264,52.98754119873047,11844,100.0,0.0,0.0
18269,53.0026581287384,11844,100.0,0.0,0.0
18270,53.00545024871826,11844,100.0,0.0,0.0
18273,53.016103744506836,11844,100.0,0.0,0.0
18275,53.022968769073486,11844,100.0,0.0,0.0
18280,53.03848338127136,11844,100.0,0.0,0.0
18284,53.0524423122406,11844,100.0,0.0,0.0
18289,53.068419218063354,11844,100.0,0.0,0.0
18290,53.0713472366333,11844,100.0,0.0,0.0
18292,53.078006982803345,11844,100.0,0.0,0.0
18298,53.09737491607666,11844,100.0,0.0,0.0
18300,53.10364603996277,11844,100.0,0.0,0.0
18301,53.10726070404053,11844,100.0,0.0,0.0
18310,53.132956743240356,11844,100.0,0.0,0.0
18314,53.14530873298645,11844,100.0,0.0,0.0
18320,53.163135290145874,11844,100.0,0.0,0.0
18321,53.167356729507446,11844,100.0,0.0,0.0
18323,53.17487716674805,11844,100.0,0.0,0.0
18325,53.18220567703247,11844,100.0,0.0,0.0
18327,53.18888449668884,11844,100.0,0.0,0.0
18330,53.19829964637756,11844,100.0,0.0,0.0
18336,53.21734094619751,11844,100.0,0.0,0.0
18340,53.229357957839966,11844,100.0,0.0,0.0
18341,53.23280072212219,11844,100.0,0.0,0.0
18343,53.23944568634033,11844,100.0,0.0,0.0
18350,53.260674715042114,11844,100.0,0.0,0.0
18360,53.288489818573,11844,100.0,0.0,0.0
18367,53.312735080718994,11844,100.0,0.0,0.0
18370,53.32240867614746,11844,100.0,0.0,0.0
18380,53.353564977645874,11844,100.0,0.0,0.0
18382,53.36005973815918,11844,100.0,0.0,0.0
18390,53.38361120223999,11844,100.0,0.0,0.0
18391,53.387160539627075,11844,100.0,0.0,0.0
18392,53.39050531387329,11844,100.0,0.0,0.0
18394,53.39692997932434,11844,100.0,0.0,0.0
18396,53.40361762046814,11844,100.0,0.0,0.0
18397,53.406859397888184,11844,100.0,0.0,0.0
18398,53.41008520126343,11844,100.0,0.0,0.0
18400,53.41684412956238,11844,100.0,0.0,0.0
18401,53.42019438743591,11844,100.0,0.0,0.0
18410,53.44575643539429,11844,100.0,0.0,0.0
18420,53.47543382644653,11844,100.0,0.0,0.0
18424,53.48762011528015,11844,100.0,0.0,0.0
18425,53.49105143547058,11844,100.0,0.0,0.0
18429,53.50383687019348,11844,100.0,0.0,0.0
18430,53.50659465789795,11844,100.0,0.0,0.0
18440,53.53637933731079,11844,100.0,0.0,0.0
18450,53.567285776138306,11844,100.0,0.0,0.0
18451,53.570865631103516,11844,100.0,0.0,0.0
18455,53.583948612213135,11844,100.0,0.0,0.0
18460,53.59750533103943,11844,100.0,0.0,0.0
18467,53.61818289756775,11844,100.0,0.0,0.0
18470,53.626657247543335,11844,100.0,0.0,0.0
18477,53.648722648620605,11844,100.0,0.0,0.0
18480,53.65725326538086,11844,100.0,0.0,0.0
18490,53.68488597869873,11844,100.0,0.0,0.0
18500,53.71285057067871,11844,100.0,0.0,0.0
18505,53.72800350189209,11844,100.0,0.0,0.0
18508,53.737534284591675,11844,100.0,0.0,0.0
18510,53.74244427680969,11844,100.0,0.0,0.0
18514,53.75474452972412,11844,100.0,0.0,0.0
18520,53.77227973937988,11844,100.0,0.0,0.0
18521,53.77595114707947,11844,100.0,0.0,0.0
18525,53.78866100311279,11844,100.0,0.0,0.0
18527,53.79524612426758,11844,100.0,0.0,0.0
18530,53.8029351234436,11844,100.0,0.0,0.0
18535,53.816953897476196,11844,100.0,0.0,0.0
18539,53.82816195487976,11844,100.0,0.0,0.0
18540,53.8311185836792,11844,100.0,0.0,0.0
18544,53.843087673187256,11844,100.0,0.0,0.0
18550,53.86121439933777,11844,100.0,0.0,0.0
18556,53.877251386642456,11844,100.0,0.0,0.0
18560,53.88845777511597,11844,100.0,0.0,0.0
18562,53.89461660385132,11844,100.0,0.0,0.0
18568,53.91158604621887,11844,100.0,0.0,0.0
18570,53.917415380477905,11844,100.0,0.0,0.0
18573,53.92691373825073,11844,100.0,0.0,0.0
18579,53.94510507583618,11844,100.0,0.0,0.0
18580,53.947176933288574,11844,100.0,0.0,0.0
18585,53.96149301528931,11844,100.0,0.0,0.0
18587,53.96838736534119,11844,100.0,0.0,0.0
18590,53.97757053375244,11844,100.0,0.0,0.0
18592,53.984110593795776,11844,100.0,0.0,0.0
18594,53.99063038825989,11844,100.0,0.0,0.0
18595,53.99397659301758,11844,100.0,0.0,0.0
18600,54.006845474243164,11844,100.0,0.0,0.0
18601,54.01025700569153,11844,100.0,0.0,0.0
18606,54.02593207359314,11844,100.0,0.0,0.0
18610,54.03797650337219,11844,100.0,0.0,0.0
18616,54.055790424346924,11844,100.0,0.0,0.0
18617,54.059391498565674,11844,100.0,0.0,0.0
18620,54.06811022758484,11844,100.0,0.0,0.0
18626,54.08501839637756,11844,100.0,0.0,0.0
18629,54.094812631607056,11844,100.0,0.0,0.0
18630,54.09694457054138,11844,100.0,0.0,0.0
18632,54.10332679748535,11844,100.0,0.0,0.0
18633,54.10654640197754,11844,100.0,0.0,0.0
18635,54.11280393600464,11844,100.0,0.0,0.0
18638,54.12088346481323,11844,100.0,0.0,0.0
18640,54.12704563140869,11844,100.0,0.0,0.0
18641,54.13061881065369,11844,100.0,0.0,0.0
18644,54.13968586921692,11844,100.0,0.0,0.0
18650,54.15721774101257,11844,100.0,0.0,0.0
18655,54.17312932014465,11844,100.0,0.0,0.0
18657,54.17931818962097,11844,100.0,0.0,0.0
18660,54.18804430961609,11844,100.0,0.0,0.0
18661,54.19205617904663,11844,100.0,0.0,0.0
18666,54.208170890808105,11844,100.0,0.0,0.0
18670,54.22061228752136,11844,100.0,0.0,0.0
18673,54.23019766807556,11844,100.0,0.0,0.0
18675,54.23651933670044,11844,100.0,0.0,0.0
18680,54.25055265426636,11844,100.0,0.0,0.0
18687,54.27238178253174,11844,100.0,0.0,0.0
18688,54.275842905044556,11844,100.0,0.0,0.0
18690,54.28169131278992,11844,100.0,0.0,0.0
18695,54.296223163604736,11844,100.0,0.0,0.0
18700,54.310975074768066,11844,100.0,0.0,0.0
18703,54.32034230232239,11844,100.0,0.0,0.0
18705,54.3272020816803,11844,100.0,0.0,0.0
18706,54.33060383796692,11844,100.0,0.0,0.0
18707,54.33397102355957,11844,100.0,0.0,0.0
18710,54.34376931190491,11844,100.0,0.0,0.0
18716,54.36202931404114,11844,100.0,0.0,0.0
18719,54.371647119522095,11844,100.0,0.0,0.0
18720,54.37457799911499,11844,100.0,0.0,0.0
18721,54.378501176834106,11844,100.0,0.0,0.0
18729,54.40240693092346,11844,100.0,0.0,0.0
18730,54.40521693229675,11844,100.0,0.0,0.0
18731,54.40876364707947,11844,100.0,0.0,0.0
18740,54.43598961830139,11844,100.0,0.0,0.0
18741,54.439515590667725,11844,100.0,0.0,0.0
18742,54.442927837371826,11844,100.0,0.0,0.0
18750,54.46787738800049,11844,100.0,0.0,0.0
18751,54.47111463546753,11844,100.0,0.0,0.0
18754,54.48014760017395,11844,100.0,0.0,0.0
18755,54.48355054855347,11844,100.0,0.0,0.0
18760,54.49795651435852,11844,100.0,0.0,0.0
18769,54.52472257614136,11844,100.0,0.0,0.0
18770,54.5274658203125,11844,100.0,0.0,0.0
18774,54.53874158859253,11844,100.0,0.0,0.0
18775,54.54201531410217,11844,100.0,0.0,0.0
18778,54.55134177207947,11844,100.0,0.0,0.0
18780,54.557140588760376,11844,100.0,0.0,0.0
18788,54.58241939544678,11844,100.0,0.0,0.0
18790,54.58810305595398,11844,100.0,0.0,0.0
18795,54.60187888145447,11844,100.0,0.0,0.0
18797,54.60794806480408,11844,100.0,0.0,0.0
18800,54.616806745529175,11844,100.0,0.0,0.0
18805,54.63217043876648,11844,100.0,0.0,0.0
18810,54.646403551101685,11844,100.0,0.0,0.0
18820,54.67575263977051,11844,100.0,0.0,0.0
18821,54.67903661727905,11844,100.0,0.0,0.0
18830,54.70292687416077,11844,100.0,0.0,0.0
18833,54.71212911605835,11844,100.0,0.0,0.0
18835,54.71828246116638,11844,100.0,0.0,0.0
18840,54.7326717376709,11844,100.0,0.0,0.0
18843,54.74221205711365,11844,100.0,0.0,0.0
18844,54.74557399749756,11844,100.0,0.0,0.0
18850,54.76422071456909,11844,100.0,0.0,0.0
18852,54.77132534980774,11844,100.0,0.0,0.0
18853,54.775986433029175,11844,100.0,0.0,0.0
18854,54.77973175048828,11844,100.0,0.0,0.0
18855,54.783260345458984,11844,100.0,0.0,0.0
18860,54.79726314544678,11844,100.0,0.0,0.0
18870,54.82824468612671,11844,100.0,0.0,0.0
18879,54.853678941726685,11844,100.0,0.0,0.0
18880,54.85707950592041,11844,100.0,0.0,0.0
18888,54.8828399181366,11844,100.0,0.0,0.0
18889,54.886435985565186,11844,100.0,0.0,0.0
18890,54.889270305633545,11844,100.0,0.0,0.0
18891,54.89281368255615,11844,100.0,0.0,0.0
18895,54.90567207336426,11844,100.0,0.0,0.0
18900,54.92053985595703,11844,100.0,0.0,0.0
18910,54.94887828826904,11844,100.0,0.0,0.0
18917,54.96968054771423,11844,100.0,0.0,0.0
18920,54.97753357887268,11844,100.0,0.0,0.0
18922,54.983919858932495,11844,100.0,0.0,0.0
18925,54.992690324783325,11844,100.0,0.0,0.0
18930,55.00707697868347,11844,100.0,0.0,0.0
18934,55.01984620094299,11844,100.0,0.0,0.0
18940,55.03786063194275,11844,100.0,0.0,0.0
18945,55.05374503135681,11844,100.0,0.0,0.0
18949,55.066664934158325,11844,100.0,0.0,0.0
18950,55.069724321365356,11844,100.0,0.0,0.0
18956,55.086533069610596,11844,100.0,0.0,0.0
18957,55.090346336364746,11844,100.0,0.0,0.0
18960,55.09965205192566,11844,100.0,0.0,0.0
18961,55.10311818122864,11844,100.0,0.0,0.0
18967,55.12196588516235,11844,100.0,0.0,0.0
18970,55.131803035736084,11844,100.0,0.0,0.0
18972,55.138607025146484,11844,100.0,0.0,0.0
18976,55.15264821052551,11844,100.0,0.0,0.0
18980,55.16517639160156,11844,100.0,0.0,0.0
18981,55.16881585121155,11844,100.0,0.0,0.0
18990,55.1996374130249,11844,100.0,0.0,0.0
18992,55.207645893096924,11844,100.0,0.0,0.0
19000,55.234615325927734,11844,100.0,0.0,0.0
19001,55.238160133361816,11844,100.0,0.0,0.0
19005,55.250492334365845,11844,100.0,0.0,0.0
19006,55.253915309906006,11844,100.0,0.0,0.0
19008,55.26071834564209,11844,100.0,0.0,0.0
19009,55.264403343200684,11844,100.0,0.0,0.0
19010,55.267287731170654,11844,100.0,0.0,0.0
19012,55.27384901046753,11844,100.0,0.0,0.0
19017,55.289369106292725,11844,100.0,0.0,0.0
19019,55.29596447944641,11844,100.0,0.0,0.0
19020,55.29888439178467,11844,100.0,0.0,0.0
19022,55.30574631690979,11844,100.0,0.0,0.0
19027,55.32145118713379,11844,100.0,0.0,0.0
19029,55.328046798706055,11844,100.0,0.0,0.0
19030,55.33084750175476,11844,100.0,0.0,0.0
19034,55.342548847198486,11844,100.0,0.0,0.0
19040,55.36213827133179,11844,100.0,0.0,0.0
19042,55.36915040016174,11844,100.0,0.0,0.0
19048,55.38972210884094,11844,100.0,0.0,0.0
19050,55.39608669281006,11844,100.0,0.0,0.0
19060,55.430927753448486,11844,100.0,0.0,0.0
19061,55.43530583381653,11844,100.0,0.0,0.0
19068,55.46399283409119,11844,100.0,0.0,0.0
19070,55.47005891799927,11844,100.0,0.0,0.0
19071,55.475013732910156,11844,100.0,0.0,0.0
19080,55.506218910217285,11844,100.0,0.0,0.0
19082,55.51504445075989,11844,100.0,0.0,0.0
19085,55.525768756866455,11844,100.0,0.0,0.0
19090,55.541346311569214,11844,100.0,0.0,0.0
19100,55.570826053619385,11844,100.0,0.0,0.0
19110,55.6018922328949,11844,100.0,0.0,0.0
19114,55.614123821258545,11844,100.0,0.0,0.0
19116,55.62183332443237,11844,100.0,0.0,0.0
19120,55.633793115615845,11844,100.0,0.0,0.0
19121,55.6373770236969,11844,100.0,0.0,0.0
19122,55.640753746032715,11844,100.0,0.0,0.0
19130,55.66504240036011,11844,100.0,0.0,0.0
19140,55.69388508796692,11844,100.0,0.0,0.0
19148,55.71786689758301,11844,100.0,0.0,0.0
19150,55.723448753356934,11844,100.0,0.0,0.0
19154,55.73549795150757,11844,100.0,0.0,0.0
19156,55.74170231819153,11844,100.0,0.0,0.0
19160,55.75318503379822,11844,100.0,0.0,0.0
19165,55.7672164440155,11844,100.0,0.0,0.0
19170,55.7817907333374,11844,100.0,0.0,0.0
19172,55.788533210754395,11844,100.0,0.0,0.0
19174,55.79512882232666,11844,100.0,0.0,0.0
19176,55.801486015319824,11844,100.0,0.0,0.0
19178,55.80773377418518,11844,100.0,0.0,0.0
19180,55.81270098686218,11844,100.0,0.0,0.0
19184,55.82522416114807,11844,100.0,0.0,0.0
19190,55.84266185760498,11844,100.0,0.0,0.0
19191,55.84610676765442,11844,100.0,0.0,0.0
19200,55.87171745300293,11844,100.0,0.0,0.0
19210,55.900320053100586,11844,100.0,0.0,0.0
19216,55.91804099082947,11844,100.0,0.0,0.0
19219,55.92668008804321,11844,100.0,0.0,0.0
19220,55.92989993095398,11844,100.0,0.0,0.0
19228,55.95248341560364,11844,100.0,0.0,0.0
19230,55.95818781852722,11844,100.0,0.0,0.0
19234,55.97048807144165,11844,100.0,0.0,0.0
19240,55.98815560340881,11844,100.0,0.0,0.0
19250,56.01656794548035,11844,100.0,0.0,0.0
19252,56.02310109138489,11844,100.0,0.0,0.0
19260,56.04885530471802,11844,100.0,0.0,0.0
19270,56.07907700538635,11844,100.0,0.0,0.0
19271,56.08251595497131,11844,100.0,0.0,0.0
19280,56.10780739784241,11844,100.0,0.0,0.0
19282,56.114535093307495,11844,100.0,0.0,0.0
19290,56.138686418533325,11844,100.0,0.0,0.0
19296,56.1562659740448,11844,100.0,0.0,0.0
19300,56.169503927230835,11844,100.0,0.0,0.0
19302,56.1759467124939,11844,100.0,0.0,0.0
19310,56.2010178565979,11844,100.0,0.0,0.0
19315,56.21617913246155,11844,100.0,0.0,0.0
19319,56.22781419754028,11844,100.0,0.0,0.0
19320,56.230626344680786,11844,100.0,0.0,0.0
19330,56.260581254959106,11844,100.0,0.0,0.0
19334,56.272722244262695,11844,100.0,0.0,0.0
19335,56.275898694992065,11844,100.0,0.0,0.0
19338,56.28499388694763,11844,100.0,0.0,0.0
19340,56.29076623916626,11844,100.0,0.0,0.0
19349,56.31820583343506,11844,100.0,0.0,0.0
19350,56.32180070877075,11844,100.0,0.0,0.0
19353,56.330347776412964,11844,100.0,0.0,0.0
19355,56.336745500564575,11844,100.0,0.0,0.0
19358,56.346760749816895,11844,100.0,0.0,0.0
19360,56.353190183639526,11844,100.0,0.0,0.0
19362,56.35934543609619,11844,100.0,0.0,0.0
19364,56.36572980880737,11844,100.0,0.0,0.0
19370,56.3840057849884,11844,100.0,0.0,0.0
19373,56.39310669898987,11844,100.0,0.0,0.0
19380,56.41334676742554,11844,100.0,0.0,0.0
19384,56.426138162612915,11844,100.0,0.0,0.0
19389,56.44193720817566,11844,100.0,0.0,0.0
19390,56.44548225402832,11844,100.0,0.0,0.0
19391,56.44885754585266,11844,100.0,0.0,0.0
19392,56.4523503780365,11844,100.0,0.0,0.0
19398,56.47205352783203,11844,100.0,0.0,0.0
19399,56.47556495666504,11844,100.0,0.0,0.0
19400,56.47849154472351,11844,100.0,0.0,0.0
19404,56.49049735069275,11844,100.0,0.0,0.0
19407,56.49997019767761,11844,100.0,0.0,0.0
19410,56.510091066360474,11844,100.0,0.0,0.0
19411,56.51368999481201,11844,100.0,0.0,0.0
19417,56.53236699104309,11844,100.0,0.0,0.0
19420,56.54103446006775,11844,100.0,0.0,0.0
19423,56.550782918930054,11844,100.0,0.0,0.0
19430,56.57116627693176,11844,100.0,0.0,0.0
19438,56.595667600631714,11844,100.0,0.0,0.0
19440,56.60141468048096,11844,100.0,0.0,0.0
19444,56.61364126205444,11844,100.0,0.0,0.0
19450,56.632041454315186,11844,100.0,0.0,0.0
19460,56.661065101623535,11844,100.0,0.0,0.0
19465,56.67633652687073,11844,100.0,0.0,0.0
19469,56.688700437545776,11844,100.0,0.0,0.0
19470,56.691564321517944,11844,100.0,0.0,0.0
19471,56.69517254829407,11844,100.0,0.0,0.0
19473,56.701667070388794,11844,100.0,0.0,0.0
19475,56.70826458930969,11844,100.0,0.0,0.0
19479,56.72012114524841,11844,100.0,0.0,0.0
19480,56.72306489944458,11844,100.0,0.0,0.0
19482,56.72967171669006,11844,100.0,0.0,0.0
19484,56.73701238632202,11844,100.0,0.0,0.0
19490,56.7560555934906,11844,100.0,0.0,0.0
19492,56.76296782493591,11844,100.0,0.0,0.0
19500,56.78893303871155,11844,100.0,0.0,0.0
19503,56.79892897605896,11844,100.0,0.0,0.0
19506,56.81041169166565,11844,100.0,0.0,0.0
19508,56.81692671775818,11844,100.0,0.0,0.0
19509,56.82039546966553,11844,100.0,0.0,0.0
19510,56.82313871383667,11844,100.0,0.0,0.0
19513,56.83263564109802,11844,100.0,0.0,0.0
19520,56.854442834854126,11844,100.0,0.0,0.0
19526,56.87231516838074,11844,100.0,0.0,0.0
19529,56.881516456604004,11844,100.0,0.0,0.0
19530,56.88431000709534,11844,100.0,0.0,0.0
19538,56.90879774093628,11844,100.0,0.0,0.0
19540,56.91472005844116,11844,100.0,0.0,0.0
19542,56.92109394073486,11844,100.0,0.0,0.0
19543,56.924381494522095,11844,100.0,0.0,0.0
19550,56.94538760185242,11844,100.0,0.0,0.0
19560,56.974416732788086,11844,100.0,0.0,0.0
19561,56.97813177108765,11844,100.0,0.0,0.0
19563,56.98372840881348,11844,100.0,0.0,0.0
19565,56.990161657333374,11844,100.0,0.0,0.0
19568,56.99843430519104,11844,100.0,0.0,0.0
19570,57.00445318222046,11844,100.0,0.0,0.0
19572,57.0121214389801,11844,100.0,0.0,0.0
19575,57.021825551986694,11844,100.0,0.0,0.0
19578,57.03132510185242,11844,100.0,0.0,0.0
19580,57.03721284866333,11844,100.0,0.0,0.0
19582,57.043495655059814,11844,100.0,0.0,0.0
19583,57.0471031665802,11844,100.0,0.0,0.0
19584,57.05038261413574,11844,100.0,0.0,0.0
19590,57.06794810295105,11844,100.0,0.0,0.0
19600,57.09836506843567,11844,100.0,0.0,0.0
19602,57.10498070716858,11844,100.0,0.0,0.0
19603,57.10859179496765,11844,100.0,0.0,0.0
19610,57.128151178359985,11844,100.0,0.0,0.0
19613,57.13789081573486,11844,100.0,0.0,0.0
19614,57.1412992477417,11844,100.0,0.0,0.0
19620,57.15904998779297,11844,100.0,0.0,0.0
19626,57.17750430107117,11844,100.0,0.0,0.0
19630,57.1883909702301,11844,100.0,0.0,0.0
19632,57.19482493400574,11844,100.0,0.0,0.0
19640,57.22018313407898,11844,100.0,0.0,0.0
19645,57.23762226104736,11844,100.0,0.0,0.0
19647,57.24439740180969,11844,100.0,0.0,0.0
19650,57.25327134132385,11844,100.0,0.0,0.0
19653,57.262913942337036,11844,100.0,0.0,0.0
19659,57.28097915649414,11844,100.0,0.0,0.0
19660,57.28397560119629,11844,100.0,0.0,0.0
19661,57.28777265548706,11844,100.0,0.0,0.0
19664,57.29826378822327,11844,100.0,0.0,0.0
19667,57.308188915252686,11844,100.0,0.0,0.0
19668,57.31169939041138,11844,100.0,0.0,0.0
19669,57.31525015830994,11844,100.0,0.0,0.0
19670,57.31808590888977,11844,100.0,0.0,0.0
19680,57.348483085632324,11844,100.0,0.0,0.0
19687,57.36686611175537,11844,100.0,0.0,0.0
19690,57.37708258628845,11844,100.0,0.0,0.0
19700,57.405653953552246,11844,100.0,0.0,0.0
19709,57.432411193847656,11844,100.0,0.0,0.0
19710,57.435138463974,11844,100.0,0.0,0.0
19720,57.4658362865448,11844,100.0,0.0,0.0
19724,57.47842812538147,11844,100.0,0.0,0.0
19730,57.495917320251465,11844,100.0,0.0,0.0
19731,57.49948191642761,11844,100.0,0.0,0.0
19739,57.52431082725525,11844,100.0,0.0,0.0
19740,57.527178049087524,11844,100.0,0.0,0.0
19750,57.556583881378174,11844,100.0,0.0,0.0
19759,57.58584642410278,11844,100.0,0.0,0.0
19760,57.58869791030884,11844,100.0,0.0,0.0
19770,57.619080781936646,11844,100.0,0.0,0.0
19780,57.64721345901489,11844,100.0,0.0,0.0
19790,57.67783808708191,11844,100.0,0.0,0.0
19793,57.68624997138977,11844,100.0,0.0,0.0
19800,57.708335638046265,11844,100.0,0.0,0.0
19803,57.71774101257324,11844,100.0,0.0,0.0
19804,57.721091985702515,11844,100.0,0.0,0.0
19810,57.73750376701355,11844,100.0,0.0,0.0
19816,57.755377769470215,11844,100.0,0.0,0.0
19818,57.76208281517029,11844,100.0,0.0,0.0
19820,57.76711678504944,11844,100.0,0.0,0.0
19830,57.79869508743286,11844,100.0,0.0,0.0
19833,57.80849528312683,11844,100.0,0.0,0.0
19834,57.81185746192932,11844,100.0,0.0,0.0
19839,57.82572937011719,11844,100.0,0.0,0.0
19840,57.82853937149048,11844,100.0,0.0,0.0
19845,57.84358072280884,11844,100.0,0.0,0.0
19850,57.86017107963562,11844,100.0,0.0,0.0
19857,57.88117957115173,11844,100.0,0.0,0.0
19858,57.884557247161865,11844,100.0,0.0,0.0
19860,57.890188455581665,11844,100.0,0.0,0.0
19865,57.90562891960144,11844,100.0,0.0,0.0
19869,57.91749596595764,11844,100.0,0.0,0.0
19870,57.920132875442505,11844,100.0,0.0,0.0
19873,57.92896032333374,11844,100.0,0.0,0.0
19874,57.93210458755493,11844,100.0,0.0,0.0
19878,57.94403696060181,11844,100.0,0.0,0.0
19880,57.94986820220947,11844,100.0,0.0,0.0
19890,57.97709894180298,11844,100.0,0.0,0.0
19899,58.003753423690796,11844,100.0,0.0,0.0
19900,58.006508111953735,11844,100.0,0.0,0.0
19903,58.01567721366882,11844,100.0,0.0,0.0
19905,58.020920515060425,11844,100.0,0.0,0.0
19908,58.03063225746155,11844,100.0,0.0,0.0
19910,58.036479473114014,11844,100.0,0.0,0.0
19920,58.066681146621704,11844,100.0,0.0,0.0
19927,58.08798909187317,11844,100.0,0.0,0.0
19930,58.097044944763184,11844,100.0,0.0,0.0
19932,58.10264015197754,11844,100.0,0.0,0.0
19940,58.12467837333679,11844,100.0,0.0,0.0
19942,58.130773067474365,11844,100.0,0.0,0.0
19950,58.15258312225342,11844,100.0,0.0,0.0
19956,58.17404866218567,11844,100.0,0.0,0.0
19960,58.1861937046051,11844,100.0,0.0,0.0
19970,58.2156708240509,11844,100.0,0.0,0.0
19980,58.246875286102295,11844,100.0,0.0,0.0
19981,58.25032353401184,11844,100.0,0.0,0.0
19987,58.26828193664551,11844,100.0,0.0,0.0
19990,58.2766592502594,11844,100.0,0.0,0.0
20000,58.30540323257446,11844,100.0,0.0,0.0
20004,58.317413568496704,11844,100.0,0.0,0.0
20010,58.33582162857056,11844,100.0,0.0,0.0
20012,58.342474937438965,11844,100.0,0.0,0.0
20015,58.350849866867065,11844,100.0,0.0,0.0
20020,58.36582851409912,11844,100.0,0.0,0.0
20030,58.395033836364746,11844,100.0,0.0,0.0
20036,58.41287136077881,11844,100.0,0.0,0.0
20040,58.42333674430847,11844,100.0,0.0,0.0
20048,58.445793867111206,11844,100.0,0.0,0.0
20050,58.45150113105774,11844,100.0,0.0,0.0
20052,58.45762300491333,11844,100.0,0.0,0.0
20060,58.480002880096436,11844,100.0,0.0,0.0
20062,58.485090017318726,11844,100.0,0.0,0.0
20065,58.49325180053711,11844,100.0,0.0,0.0
20070,58.50737929344177,11844,100.0,0.0,0.0
20073,58.51715087890625,11844,100.0,0.0,0.0
20079,58.53420901298523,11844,100.0,0.0,0.0
20080,58.53693437576294,11844,100.0,0.0,0.0
20081,58.54034423828125,11844,100.0,0.0,0.0
20083,58.54646921157837,11844,100.0,0.0,0.0
20085,58.55247139930725,11844,100.0,0.0,0.0
20090,58.56574559211731,11844,100.0,0.0,0.0
20095,58.58140158653259,11844,100.0,0.0,0.0
20100,58.59587812423706,11844,100.0,0.0,0.0
20106,58.6126503944397,11844,100.0,0.0,0.0
20107,58.61609745025635,11844,100.0,0.0,0.0
20110,58.625038146972656,11844,100.0,0.0,0.0
20117,58.644601345062256,11844,100.0,0.0,0.0
20120,58.65314817428589,11844,100.0,0.0,0.0
20130,58.68289518356323,11844,100.0,0.0,0.0
20140,58.71198606491089,11844,100.0,0.0,0.0
20150,58.740137577056885,11844,100.0,0.0,0.0
20154,58.75346922874451,11844,100.0,0.0,0.0
20158,58.76738238334656,11844,100.0,0.0,0.0
20160,58.77524518966675,11844,100.0,0.0,0.0
20169,58.80238366127014,11844,100.0,0.0,0.0
20170,58.80559968948364,11844,100.0,0.0,0.0
20180,58.83458113670349,11844,100.0,0.0,0.0
20182,58.83988165855408,11844,100.0,0.0,0.0
20190,58.86320734024048,11844,100.0,0.0,0.0
20197,58.884018659591675,11844,100.0,0.0,0.0
20200,58.89173603057861,11844,100.0,0.0,0.0
20203,58.900872230529785,11844,100.0,0.0,0.0
20210,58.921616077423096,11844,100.0,0.0,0.0
20213,58.930397748947144,11844,100.0,0.0,0.0
20217,58.94240164756775,11844,100.0,0.0,0.0
20220,58.95219874382019,11844,100.0,0.0,0.0
20230,58.98120307922363,11844,100.0,0.0,0.0
20238,59.004056215286255,11844,100.0,0.0,0.0
20240,59.009761571884155,11844,100.0,0.0,0.0
20241,59.01313519477844,11844,100.0,0.0,0.0
20242,59.01651859283447,11844,100.0,0.0,0.0
20250,59.03768587112427,11844,100.0,0.0,0.0
20252,59.04401159286499,11844,100.0,0.0,0.0
20254,59.05021405220032,11844,100.0,0.0,0.0
20260,59.068337202072144,11844,100.0,0.0,0.0
20264,59.08101725578308,11844,100.0,0.0,0.0
20265,59.084392070770264,11844,100.0,0.0,0.0
20269,59.09693455696106,11844,100.0,0.0,0.0
20270,59.099745988845825,11844,100.0,0.0,0.0
20273,59.109177112579346,11844,100.0,0.0,0.0
20277,59.12028384208679,11844,100.0,0.0,0.0
20280,59.12887215614319,11844,100.0,0.0,0.0
20286,59.14678454399109,11844,100.0,0.0,0.0
20290,59.15741729736328,11844,100.0,0.0,0.0
20297,59.18005990982056,11844,100.0,0.0,0.0
20299,59.18666338920593,11844,100.0,0.0,0.0
20300,59.18957567214966,11844,100.0,0.0,0.0
20303,59.19927096366882,11844,100.0,0.0,0.0
20306,59.208561182022095,11844,100.0,0.0,0.0
20310,59.22054433822632,11844,100.0,0.0,0.0
20311,59.224247455596924,11844,100.0,0.0,0.0
20320,59.25087523460388,11844,100.0,0.0,0.0
20323,59.259122133255005,11844,100.0,0.0,0.0
20325,59.265360593795776,11844,100.0,0.0,0.0
20330,59.27961540222168,11844,100.0,0.0,0.0
20340,59.30796766281128,11844,100.0,0.0,0.0
20346,59.32477307319641,11844,100.0,0.0,0.0
20350,59.33588218688965,11844,100.0,0.0,0.0
20351,59.33929634094238,11844,100.0,0.0,0.0
20354,59.348466873168945,11844,100.0,0.0,0.0
20357,59.3575394153595,11844,100.0,0.0,0.0
20360,59.36617732048035,11844,100.0,0.0,0.0
20370,59.39410161972046,11844,100.0,0.0,0.0
20380,59.42248892784119,11844,100.0,0.0,0.0
20382,59.428791522979736,11844,100.0,0.0,0.0
20383,59.432026386260986,11844,100.0,0.0,0.0
20387,59.444270610809326,11844,100.0,0.0,0.0
20388,59.44758677482605,11844,100.0,0.0,0.0
20389,59.45076060295105,11844,100.0,0.0,0.0
20390,59.45365118980408,11844,100.0,0.0,0.0
20400,59.482905626297,11844,100.0,0.0,0.0
20401,59.48646855354309,11844,100.0,0.0,0.0
20403,59.49292993545532,11844,100.0,0.0,0.0
20406,59.50116991996765,11844,100.0,0.0,0.0
20410,59.511943340301514,11844,100.0,0.0,0.0
20418,59.53553223609924,11844,100.0,0.0,0.0
20420,59.541341066360474,11844,100.0,0.0,0.0
20421,59.54486680030823,11844,100.0,0.0,0.0
20423,59.55102777481079,11844,100.0,0.0,0.0
20424,59.554213523864746,11844,100.0,0.0,0.0
20427,59.563363790512085,11844,100.0,0.0,0.0
20430,59.57259392738342,11844,100.0,0.0,0.0
20434,59.58531308174133,11844,100.0,0.0,0.0
20438,59.59753942489624,11844,100.0,0.0,0.0
20440,59.603134632110596,11844,100.0,0.0,0.0
20447,59.62427997589111,11844,100.0,0.0,0.0
20450,59.63302946090698,11844,100.0,0.0,0.0
20452,59.639615058898926,11844,100.0,0.0,0.0
20454,59.6451895236969,11844,100.0,0.0,0.0
20456,59.651700019836426,11844,100.0,0.0,0.0
20458,59.65797829627991,11844,100.0,0.0,0.0
20460,59.66457748413086,11844,100.0,0.0,0.0
20470,59.69297647476196,11844,100.0,0.0,0.0
20471,59.696377754211426,11844,100.0,0.0,0.0
20476,59.71155762672424,11844,100.0,0.0,0.0
20480,59.723129749298096,11844,100.0,0.0,0.0
20483,59.732457399368286,11844,100.0,0.0,0.0
20485,59.738754987716675,11844,100.0,0.0,0.0
20488,59.74843955039978,11844,100.0,0.0,0.0
20489,59.751837730407715,11844,100.0,0.0,0.0
20490,59.754786014556885,11844,100.0,0.0,0.0
20492,59.76141428947449,11844,100.0,0.0,0.0
20500,59.7881543636322,11844,100.0,0.0,0.0
20501,59.79188680648804,11844,100.0,0.0,0.0
20503,59.79944109916687,11844,100.0,0.0,0.0
20507,59.81179237365723,11844,100.0,0.0,0.0
20510,59.8208441734314,11844,100.0,0.0,0.0
20519,59.84899640083313,11844,100.0,0.0,0.0
20520,59.851842641830444,11844,100.0,0.0,0.0
20528,59.87720036506653,11844,100.0,0.0,0.0
20530,59.88221716880798,11844,100.0,0.0,0.0
20539,59.90974760055542,11844,100.0,0.0,0.0
20540,59.91260528564453,11844,100.0,0.0,0.0
20541,59.916186571121216,11844,100.0,0.0,0.0
20543,59.922402143478394,11844,100.0,0.0,0.0
20544,59.925642013549805,11844,100.0,0.0,0.0
20550,59.94227123260498,11844,100.0,0.0,0.0
20553,59.95083522796631,11844,100.0,0.0,0.0
20560,59.9718177318573,11844,100.0,0.0,0.0
20563,59.98020577430725,11844,100.0,0.0,0.0
20570,59.998425245285034,11844,100.0,0.0,0.0
20572,60.004724740982056,11844,100.0,0.0,0.0
20580,60.02759647369385,11844,100.0,0.0,0.0
20582,60.033769369125366,11844,100.0,0.0,0.0
20586,60.04569339752197,11844,100.0,0.0,0.0
20589,60.054767370224,11844,100.0,0.0,0.0
20590,60.057560205459595,11844,100.0,0.0,0.0
20593,60.0670108795166,11844,100.0,0.0,0.0
20594,60.07046556472778,11844,100.0,0.0,0.0
20596,60.07689547538757,11844,100.0,0.0,0.0
20598,60.085633277893066,11844,100.0,0.0,0.0
20600,60.091885805130005,11844,100.0,0.0,0.0
20601,60.09555959701538,11844,100.0,0.0,0.0
20610,60.12268853187561,11844,100.0,0.0,0.0
20611,60.1260986328125,11844,100.0,0.0,0.0
20612,60.12936353683472,11844,100.0,0.0,0.0
20613,60.13300442695618,11844,100.0,0.0,0.0
20616,60.142080307006836,11844,100.0,0.0,0.0
20617,60.145591259002686,11844,100.0,0.0,0.0
20620,60.153462171554565,11844,100.0,0.0,0.0
20621,60.156834840774536,11844,100.0,0.0,0.0
20630,60.184175968170166,11844,100.0,0.0,0.0
20632,60.19060230255127,11844,100.0,0.0,0.0
20633,60.19380044937134,11844,100.0,0.0,0.0
20639,60.21312355995178,11844,100.0,0.0,0.0
20640,60.216593742370605,11844,100.0,0.0,0.0
20647,60.2374267578125,11844,100.0,0.0,0.0
20650,60.24737596511841,11844,100.0,0.0,0.0
20660,60.27570152282715,11844,100.0,0.0,0.0
20661,60.27939748764038,11844,100.0,0.0,0.0
20663,60.28588938713074,11844,100.0,0.0,0.0
20665,60.29145550727844,11844,100.0,0.0,0.0
20670,60.30685234069824,11844,100.0,0.0,0.0
20675,60.322206020355225,11844,100.0,0.0,0.0
20680,60.33692407608032,11844,100.0,0.0,0.0
20686,60.35548973083496,11844,100.0,0.0,0.0
20687,60.35951614379883,11844,100.0,0.0,0.0
20690,60.36892318725586,11844,100.0,0.0,0.0
20692,60.375263929367065,11844,100.0,0.0,0.0
20695,60.38441562652588,11844,100.0,0.0,0.0
20696,60.38782453536987,11844,100.0,0.0,0.0
20700,60.39840388298035,11844,100.0,0.0,0.0
20703,60.40542697906494,11844,100.0,0.0,0.0
20710,60.424360036849976,11844,100.0,0.0,0.0
20714,60.436410427093506,11844,100.0,0.0,0.0
20720,60.45338487625122,11844,100.0,0.0,0.0
20724,60.4648060798645,11844,100.0,0.0,0.0
20730,60.48000478744507,11844,100.0,0.0,0.0
20731,60.4836049079895,11844,100.0,0.0,0.0
20736,60.498950481414795,11844,100.0,0.0,0.0
20740,60.510884523391724,11844,100.0,0.0,0.0
20750,60.53797698020935,11844,100.0,0.0,0.0
20758,60.56113243103027,11844,100.0,0.0,0.0
20759,60.564382553100586,11844,100.0,0.0,0.0
20760,60.56712293624878,11844,100.0,0.0,0.0
20765,60.5821852684021,11844,100.0,0.0,0.0
20770,60.59710097312927,11844,100.0,0.0,0.0
20774,60.608466386795044,11844,100.0,0.0,0.0
20779,60.62335228919983,11844,100.0,0.0,0.0
20780,60.626137018203735,11844,100.0,0.0,0.0
20783,60.63438940048218,11844,100.0,0.0,0.0
20784,60.6377272605896,11844,100.0,0.0,0.0
20787,60.64644455909729,11844,100.0,0.0,0.0
20789,60.65249943733215,11844,100.0,0.0,0.0
20790,60.655242919921875,11844,100.0,0.0,0.0
20794,60.66765308380127,11844,100.0,0.0,0.0
20797,60.675923347473145,11844,100.0,0.0,0.0
20800,60.68489456176758,11844,100.0,0.0,0.0
20803,60.69412279129028,11844,100.0,0.0,0.0
20806,60.70358753204346,11844,100.0,0.0,0.0
20810,60.71548318862915,11844,100.0,0.0,0.0
20814,60.727407693862915,11844,100.0,0.0,0.0
20818,60.739726305007935,11844,100.0,0.0,0.0
20820,60.74475979804993,11844,100.0,0.0,0.0
20828,60.768301248550415,11844,100.0,0.0,0.0
20830,60.77394962310791,11844,100.0,0.0,0.0
20833,60.783419609069824,11844,100.0,0.0,0.0
20840,60.80306005477905,11844,100.0,0.0,0.0
20850,60.83098912239075,11844,100.0,0.0,0.0
20853,60.84016752243042,11844,100.0,0.0,0.0
20859,60.856054067611694,11844,100.0,0.0,0.0
20860,60.85797357559204,11844,100.0,0.0,0.0
20862,60.86416506767273,11844,100.0,0.0,0.0
20864,60.870879888534546,11844,100.0,0.0,0.0
20865,60.87420654296875,11844,100.0,0.0,0.0
20869,60.88636922836304,11844,100.0,0.0,0.0
20870,60.889135122299194,11844,100.0,0.0,0.0
20874,60.9017653465271,11844,100.0,0.0,0.0
20875,60.905149698257446,11844,100.0,0.0,0.0
20879,60.91765284538269,11844,100.0,0.0,0.0
20880,60.921087980270386,11844,100.0,0.0,0.0
20884,60.93354797363281,11844,100.0,0.0,0.0
20886,60.939921140670776,11844,100.0,0.0,0.0
20890,60.95186972618103,11844,100.0,0.0,0.0
20893,60.9614794254303,11844,100.0,0.0,0.0
20894,60.9650456905365,11844,100.0,0.0,0.0
20895,60.96851348876953,11844,100.0,0.0,0.0
20897,60.9759624004364,11844,100.0,0.0,0.0
20900,60.98477387428284,11844,100.0,0.0,0.0
20901,60.98844909667969,11844,100.0,0.0,0.0
20902,60.991981744766235,11844,100.0,0.0,0.0
20905,61.00120544433594,11844,100.0,0.0,0.0
20906,61.004557371139526,11844,100.0,0.0,0.0
20909,61.013667821884155,11844,100.0,0.0,0.0
20910,61.0164749622345,11844,100.0,0.0,0.0
20919,61.043713331222534,11844,100.0,0.0,0.0
20920,61.04663705825806,11844,100.0,0.0,0.0
20922,61.05345892906189,11844,100.0,0.0,0.0
20927,61.06896495819092,11844,100.0,0.0,0.0
20930,61.07685375213623,11844,100.0,0.0,0.0
20938,61.09939479827881,11844,100.0,0.0,0.0
20940,61.10573101043701,11844,100.0,0.0,0.0
20941,61.109198570251465,11844,100.0,0.0,0.0
20949,61.1325409412384,11844,100.0,0.0,0.0
20950,61.13552927970886,11844,100.0,0.0,0.0
20952,61.14215803146362,11844,100.0,0.0,0.0
20954,61.148810386657715,11844,100.0,0.0,0.0
20955,61.15211272239685,11844,100.0,0.0,0.0
20960,61.16712713241577,11844,100.0,0.0,0.0
20965,61.184324502944946,11844,100.0,0.0,0.0
20966,61.1877019405365,11844,100.0,0.0,0.0
20970,61.20210361480713,11844,100.0,0.0,0.0
20980,61.23293614387512,11844,100.0,0.0,0.0
20982,61.2384295463562,11844,100.0,0.0,0.0
20986,61.25102949142456,11844,100.0,0.0,0.0
20990,61.26270079612732,11844,100.0,0.0,0.0
21000,61.29012608528137,11844,100.0,0.0,0.0
21002,61.29667019844055,11844,100.0,0.0,0.0
21009,61.31710338592529,11844,100.0,0.0,0.0
21010,61.32065391540527,11844,100.0,0.0,0.0
21015,61.33583426475525,11844,100.0,0.0,0.0
21020,61.35073685646057,11844,100.0,0.0,0.0
21025,61.365312337875366,11844,100.0,0.0,0.0
21026,61.36850833892822,11844,100.0,0.0,0.0
21030,61.380170822143555,11844,100.0,0.0,0.0
21032,61.386701822280884,11844,100.0,0.0,0.0
21039,61.406609773635864,11844,100.0,0.0,0.0
21040,61.4093759059906,11844,100.0,0.0,0.0
21047,61.430628538131714,11844,100.0,0.0,0.0
21050,61.43963670730591,11844,100.0,0.0,0.0
21052,61.44591164588928,11844,100.0,0.0,0.0
21058,61.46324348449707,11844,100.0,0.0,0.0
21060,61.469305753707886,11844,100.0,0.0,0.0
21067,61.49066638946533,11844,100.0,0.0,0.0
21070,61.49959063529968,11844,100.0,0.0,0.0
21080,61.52940511703491,11844,100.0,0.0,0.0
21081,61.532917976379395,11844,100.0,0.0,0.0
21085,61.5450758934021,11844,100.0,0.0,0.0
21087,61.551084995269775,11844,100.0,0.0,0.0
21090,61.55936622619629,11844,100.0,0.0,0.0
21095,61.57376503944397,11844,100.0,0.0,0.0
21100,61.588029623031616,11844,100.0,0.0,0.0
21101,61.59174609184265,11844,100.0,0.0,0.0
21103,61.59820103645325,11844,100.0,0.0,0.0
21107,61.61032271385193,11844,100.0,0.0,0.0
21110,61.61976075172424,11844,100.0,0.0,0.0
21118,61.644577980041504,11844,100.0,0.0,0.0
21120,61.651188135147095,11844,100.0,0.0,0.0
21130,61.68177509307861,11844,100.0,0.0,0.0
21132,61.68808317184448,11844,100.0,0.0,0.0
21140,61.710973501205444,11844,100.0,0.0,0.0
21142,61.71724081039429,11844,100.0,0.0,0.0
21144,61.72266674041748,11844,100.0,0.0,0.0
21150,61.738121032714844,11844,100.0,0.0,0.0
21160,61.76665711402893,11844,100.0,0.0,0.0
21167,61.78703212738037,11844,100.0,0.0,0.0
21168,61.79038429260254,11844,100.0,0.0,0.0
21169,61.793802976608276,11844,100.0,0.0,0.0
21170,61.79668951034546,11844,100.0,0.0,0.0
21179,61.8223295211792,11844,100.0,0.0,0.0
21180,61.825376987457275,11844,100.0,0.0,0.0
21182,61.83193898200989,11844,100.0,0.0,0.0
21184,61.838696002960205,11844,100.0,0.0,0.0
21185,61.842068910598755,11844,100.0,0.0,0.0
21189,61.853169202804565,11844,100.0,0.0,0.0
21190,61.85588884353638,11844,100.0,0.0,0.0
21200,61.88450860977173,11844,100.0,0.0,0.0
21201,61.88773488998413,11844,100.0,0.0,0.0
21202,61.89112043380737,11844,100.0,0.0,0.0
21210,61.91448640823364,11844,100.0,0.0,0.0
21216,61.93188214302063,11844,100.0,0.0,0.0
21220,61.94235587120056,11844,100.0,0.0,0.0
21221,61.945786476135254,11844,100.0,0.0,0.0
21224,61.955196142196655,11844,100.0,0.0,0.0
21230,61.97351384162903,11844,100.0,0.0,0.0
21234,61.986161947250366,11844,100.0,0.0,0.0
21236,61.99278497695923,11844,100.0,0.0,0.0
21237,61.99614953994751,11844,100.0,0.0,0.0
21240,62.005162954330444,11844,100.0,0.0,0.0
21243,62.01452875137329,11844,100.0,0.0,0.0
21250,62.03546619415283,11844,100.0,0.0,0.0
21256,62.054266929626465,11844,100.0,0.0,0.0
21260,62.06734275817871,11844,100.0,0.0,0.0
21261,62.07076454162598,11844,100.0,0.0,0.0
21270,62.09659671783447,11844,100.0,0.0,0.0
21272,62.10246658325195,11844,100.0,0.0,0.0
21280,62.127498149871826,11844,100.0,0.0,0.0
21283,62.13750624656677,11844,100.0,0.0,0.0
21284,62.14144778251648,11844,100.0,0.0,0.0
21290,62.15730166435242,11844,100.0,0.0,0.0
21292,62.162840127944946,11844,100.0,0.0,0.0
21296,62.175055265426636,11844,100.0,0.0,0.0
21297,62.178338050842285,11844,100.0,0.0,0.0
21300,62.18868374824524,11844,100.0,0.0,0.0
21301,62.192291259765625,11844,100.0,0.0,0.0
21309,62.21670699119568,11844,100.0,0.0,0.0
21310,62.21983003616333,11844,100.0,0.0,0.0
21320,62.2486515045166,11844,100.0,0.0,0.0
21321,62.2520477771759,11844,100.0,0.0,0.0
21323,62.259055376052856,11844,100.0,0.0,0.0
21324,62.2626838684082,11844,100.0,0.0,0.0
21325,62.266122817993164,11844,100.0,0.0,0.0
21330,62.28174352645874,11844,100.0,0.0,0.0
21335,62.29804253578186,11844,100.0,0.0,0.0
21339,62.31058120727539,11844,100.0,0.0,0.0
21340,62.313493728637695,11844,100.0,0.0,0.0
21349,62.34021615982056,11844,100.0,0.0,0.0
21350,62.34391927719116,11844,100.0,0.0,0.0
21360,62.37520885467529,11844,100.0,0.0,0.0
21370,62.406126737594604,11844,100.0,0.0,0.0
21371,62.40967416763306,11844,100.0,0.0,0.0
21380,62.4350848197937,11844,100.0,0.0,0.0
21385,62.451565742492676,11844,100.0,0.0,0.0
21390,62.46682643890381,11844,100.0,0.0,0.0
21393,62.477006673812866,11844,100.0,0.0,0.0
21394,62.48038411140442,11844,100.0,0.0,0.0
21395,62.48396825790405,11844,100.0,0.0,0.0
21398,62.49416923522949,11844,100.0,0.0,0.0
21400,62.50057649612427,11844,100.0,0.0,0.0
21410,62.52994251251221,11844,100.0,0.0,0.0
21419,62.55778670310974,11844,100.0,0.0,0.0
21420,62.5605685710907,11844,100.0,0.0,0.0
21430,62.592851638793945,11844,100.0,0.0,0.0
21434,62.605124711990356,11844,100.0,0.0,0.0
21437,62.61353802680969,11844,100.0,0.0,0.0
21440,62.62250256538391,11844,100.0,0.0,0.0
21450,62.65229415893555,11844,100.0,0.0,0.0
21458,62.67720174789429,11844,100.0,0.0,0.0
21460,62.68382406234741,11844,100.0,0.0,0.0
21465,62.69928526878357,11844,100.0,0.0,0.0
21470,62.71512317657471,11844,100.0,0.0,0.0
21480,62.744858264923096,11844,100.0,0.0,0.0
21484,62.75707650184631,11844,100.0,0.0,0.0
21490,62.774598360061646,11844,100.0,0.0,0.0
21500,62.80277991294861,11844,100.0,0.0,0.0
21502,62.80943322181702,11844,100.0,0.0,0.0
21504,62.81579256057739,11844,100.0,0.0,0.0
21508,62.82750201225281,11844,100.0,0.0,0.0
21510,62.83321285247803,11844,100.0,0.0,0.0
21520,62.8630166053772,11844,100.0,0.0,0.0
21528,62.88759446144104,11844,100.0,0.0,0.0
21530,62.89352822303772,11844,100.0,0.0,0.0
21540,62.9240026473999,11844,100.0,0.0,0.0
21550,62.95474910736084,11844,100.0,0.0,0.0
21554,62.96701455116272,11844,100.0,0.0,0.0
21556,62.97386193275452,11844,100.0,0.0,0.0
21560,62.98607325553894,11844,100.0,0.0,0.0
21567,63.00858402252197,11844,100.0,0.0,0.0
21570,63.018150329589844,11844,100.0,0.0,0.0
21572,63.02490186691284,11844,100.0,0.0,0.0
21575,63.034472942352295,11844,100.0,0.0,0.0
21576,63.037896156311035,11844,100.0,0.0,0.0
21579,63.046472787857056,11844,100.0,0.0,0.0
21580,63.04968857765198,11844,100.0,0.0,0.0
21582,63.05667781829834,11844,100.0,0.0,0.0
21590,63.08368492126465,11844,100.0,0.0,0.0
21600,63.11350059509277,11844,100.0,0.0,0.0
21601,63.1169810295105,11844,100.0,0.0,0.0
21602,63.12094187736511,11844,100.0,0.0,0.0
21607,63.13709998130798,11844,100.0,0.0,0.0
21610,63.14539361000061,11844,100.0,0.0,0.0
21620,63.17644548416138,11844,100.0,0.0,0.0
21630,63.20787477493286,11844,100.0,0.0,0.0
21631,63.2116801738739,11844,100.0,0.0,0.0
21640,63.239763021469116,11844,100.0,0.0,0.0
21650,63.27073621749878,11844,100.0,0.0,0.0
21653,63.28050446510315,11844,100.0,0.0,0.0
21660,63.301721811294556,11844,100.0,0.0,0.0
21667,63.32399272918701,11844,100.0,0.0,0.0
21670,63.333428144454956,11844,100.0,0.0,0.0
21672,63.340051889419556,11844,100.0,0.0,0.0
21675,63.35053467750549,11844,100.0,0.0,0.0
21678,63.360779762268066,11844,100.0,0.0,0.0
21679,63.36420917510986,11844,100.0,0.0,0.0
21680,63.367759466171265,11844,100.0,0.0,0.0
21683,63.377047061920166,11844,100.0,0.0,0.0
21690,63.3982720375061,11844,100.0,0.0,0.0
21700,63.4288215637207,11844,100.0,0.0,0.0
21710,63.457178831100464,11844,100.0,0.0,0.0
21716,63.47660779953003,11844,100.0,0.0,0.0
21720,63.48832583427429,11844,100.0,0.0,0.0
21723,63.497663736343384,11844,100.0,0.0,0.0
21730,63.51960611343384,11844,100.0,0.0,0.0
21733,63.528366565704346,11844,100.0,0.0,0.0
21740,63.55071210861206,11844,100.0,0.0,0.0
21742,63.55758881568909,11844,100.0,0.0,0.0
21747,63.574629068374634,11844,100.0,0.0,0.0
21750,63.58441090583801,11844,100.0,0.0,0.0
21760,63.61673593521118,11844,100.0,0.0,0.0
21768,63.6392662525177,11844,100.0,0.0,0.0
21770,63.64525032043457,11844,100.0,0.0,0.0
21779,63.67324090003967,11844,100.0,0.0,0.0
21780,63.676856994628906,11844,100.0,0.0,0.0
21784,63.68939924240112,11844,100.0,0.0,0.0
21785,63.693171977996826,11844,100.0,0.0,0.0
21787,63.70114278793335,11844,100.0,0.0,0.0
21788,63.70861005783081,11844,100.0,0.0,0.0
21790,63.71528744697571,11844,100.0,0.0,0.0
21792,63.72211313247681,11844,100.0,0.0,0.0
21800,63.74639964103699,11844,100.0,0.0,0.0
21810,63.77740216255188,11844,100.0,0.0,0.0
21815,63.79450440406799,11844,100.0,0.0,0.0
21820,63.81086564064026,11844,100.0,0.0,0.0
21830,63.84251546859741,11844,100.0,0.0,0.0
21832,63.849127531051636,11844,100.0,0.0,0.0
21838,63.86885166168213,11844,100.0,0.0,0.0
21840,63.874687910079956,11844,100.0,0.0,0.0
21848,63.89909291267395,11844,100.0,0.0,0.0
21850,63.90555930137634,11844,100.0,0.0,0.0
21852,63.91292762756348,11844,100.0,0.0,0.0
21858,63.93160653114319,11844,100.0,0.0,0.0
21860,63.937554121017456,11844,100.0,0.0,0.0
21863,63.94758701324463,11844,100.0,0.0,0.0
21868,63.96260619163513,11844,100.0,0.0,0.0
21870,63.96899175643921,11844,100.0,0.0,0.0
21875,63.985164403915405,11844,100.0,0.0,0.0
21880,64.00059986114502,11844,100.0,0.0,0.0
21888,64.02504467964172,11844,100.0,0.0,0.0
21890,64.03007793426514,11844,100.0,0.0,0.0
21895,64.04475474357605,11844,100.0,0.0,0.0
21900,64.06108713150024,11844,100.0,0.0,0.0
21903,64.07070517539978,11844,100.0,0.0,0.0
21910,64.09250545501709,11844,100.0,0.0,0.0
21918,64.11824178695679,11844,100.0,0.0,0.0
21920,64.12408018112183,11844,100.0,0.0,0.0
21927,64.14596319198608,11844,100.0,0.0,0.0
21930,64.15485191345215,11844,100.0,0.0,0.0
21938,64.17993140220642,11844,100.0,0.0,0.0
21940,64.18688821792603,11844,100.0,0.0,0.0
21942,64.19380974769592,11844,100.0,0.0,0.0
21950,64.21720457077026,11844,100.0,0.0,0.0
21954,64.22920608520508,11844,100.0,0.0,0.0
21960,64.2456955909729,11844,100.0,0.0,0.0
21961,64.24951243400574,11844,100.0,0.0,0.0
21963,64.25586581230164,11844,100.0,0.0,0.0
21969,64.27276229858398,11844,100.0,0.0,0.0
21970,64.27556419372559,11844,100.0,0.0,0.0
21972,64.28166604042053,11844,100.0,0.0,0.0
21977,64.29650115966797,11844,100.0,0.0,0.0
21980,64.30500769615173,11844,100.0,0.0,0.0
21982,64.3111822605133,11844,100.0,0.0,0.0
21983,64.31450510025024,11844,100.0,0.0,0.0
21985,64.32063937187195,11844,100.0,0.0,0.0
21990,64.33491230010986,11844,100.0,0.0,0.0
22000,64.36311936378479,11844,100.0,0.0,0.0
22004,64.3752818107605,11844,100.0,0.0,0.0
22007,64.38463377952576,11844,100.0,0.0,0.0
22010,64.39339280128479,11844,100.0,0.0,0.0
22011,64.39675641059875,11844,100.0,0.0,0.0
22012,64.4000096321106,11844,100.0,0.0,0.0
22013,64.40323829650879,11844,100.0,0.0,0.0
22019,64.42026901245117,11844,100.0,0.0,0.0
22020,64.42237424850464,11844,100.0,0.0,0.0
22030,64.45270538330078,11844,100.0,0.0,0.0
22031,64.45619893074036,11844,100.0,0.0,0.0
22040,64.4826192855835,11844,100.0,0.0,0.0
22042,64.48883771896362,11844,100.0,0.0,0.0
22045,64.49814748764038,11844,100.0,0.0,0.0
22050,64.51287817955017,11844,100.0,0.0,0.0
22054,64.52414393424988,11844,100.0,0.0,0.0
22055,64.52765727043152,11844,100.0,0.0,0.0
22059,64.53852105140686,11844,100.0,0.0,0.0
22060,64.5412871837616,11844,100.0,0.0,0.0
22070,64.56912231445312,11844,100.0,0.0,0.0
22080,64.59840178489685,11844,100.0,0.0,0.0
22090,64.6278429031372,11844,100.0,0.0,0.0
22098,64.65272617340088,11844,100.0,0.0,0.0
22100,64.65887331962585,11844,100.0,0.0,0.0
22110,64.6891758441925,11844,100.0,0.0,0.0
22112,64.69565272331238,11844,100.0,0.0,0.0
22115,64.70536828041077,11844,100.0,0.0,0.0
22117,64.71175575256348,11844,100.0,0.0,0.0
22120,64.72076773643494,11844,100.0,0.0,0.0
22126,64.73885416984558,11844,100.0,0.0,0.0
22129,64.75027990341187,11844,100.0,0.0,0.0
22130,64.75324273109436,11844,100.0,0.0,0.0
22139,64.78152847290039,11844,100.0,0.0,0.0
22140,64.78377270698547,11844,100.0,0.0,0.0
22150,64.81646013259888,11844,100.0,0.0,0.0
22153,64.82613635063171,11844,100.0,0.0,0.0
22160,64.84785437583923,11844,100.0,0.0,0.0
22164,64.8607702255249,11844,100.0,0.0,0.0
22170,64.87893605232239,11844,100.0,0.0,0.0
22176,64.89762425422668,11844,100.0,0.0,0.0
22178,64.90382742881775,11844,100.0,0.0,0.0
22180,64.910329580307,11844,100.0,0.0,0.0
22190,64.94077658653259,11844,100.0,0.0,0.0
22200,64.97125148773193,11844,100.0,0.0,0.0
22209,65.00049543380737,11844,100.0,0.0,0.0
22210,65.00359225273132,11844,100.0,0.0,0.0
22217,65.02850484848022,11844,100.0,0.0,0.0
22220,65.03757977485657,11844,100.0,0.0,0.0
22230,65.06859946250916,11844,100.0,0.0,0.0
22232,65.0753128528595,11844,100.0,0.0,0.0
22236,65.08828783035278,11844,100.0,0.0,0.0
22240,65.10054802894592,11844,100.0,0.0,0.0
22242,65.10716390609741,11844,100.0,0.0,0.0
22248,65.12463068962097,11844,100.0,0.0,0.0
22250,65.12956881523132,11844,100.0,0.0,0.0
22255,65.1439688205719,11844,100.0,0.0,0.0
22257,65.1504898071289,11844,100.0,0.0,0.0
22260,65.15934157371521,11844,100.0,0.0,0.0
22261,65.16279029846191,11844,100.0,0.0,0.0
22263,65.1691665649414,11844,100.0,0.0,0.0
22264,65.17258620262146,11844,100.0,0.0,0.0
22265,65.17601442337036,11844,100.0,0.0,0.0
22270,65.19111800193787,11844,100.0,0.0,0.0
22273,65.20415210723877,11844,100.0,0.0,0.0
22278,65.21938610076904,11844,100.0,0.0,0.0
22280,65.22578477859497,11844,100.0,0.0,0.0
22283,65.23536658287048,11844,100.0,0.0,0.0
22289,65.25413107872009,11844,100.0,0.0,0.0
22290,65.25717997550964,11844,100.0,0.0,0.0
22300,65.28658366203308,11844,100.0,0.0,0.0
22301,65.2902843952179,11844,100.0,0.0,0.0
22302,65.29367780685425,11844,100.0,0.0,0.0
22307,65.30891489982605,11844,100.0,0.0,0.0
22309,65.31596970558167,11844,100.0,0.0,0.0
22310,65.31889867782593,11844,100.0,0.0,0.0
22316,65.33830499649048,11844,100.0,0.0,0.0
22318,65.34580373764038,11844,100.0,0.0,0.0
22320,65.35196137428284,11844,100.0,0.0,0.0
22321,65.3565890789032,11844,100.0,0.0,0.0
22323,65.36362361907959,11844,100.0,0.0,0.0
22328,65.38109874725342,11844,100.0,0.0,0.0
22330,65.38709998130798,11844,100.0,0.0,0.0
22339,65.4141457080841,11844,100.0,0.0,0.0
22340,65.41893601417542,11844,100.0,0.0,0.0
22347,65.44373893737793,11844,100.0,0.0,0.0
22350,65.4563045501709,11844,100.0,0.0,0.0
22355,65.47775721549988,11844,100.0,0.0,0.0
22358,65.49048852920532,11844,100.0,0.0,0.0
22359,65.49553513526917,11844,100.0,0.0,0.0
22360,65.5005464553833,11844,100.0,0.0,0.0
22361,65.5054681301117,11844,100.0,0.0,0.0
22370,65.53536105155945,11844,100.0,0.0,0.0
22375,65.55071949958801,11844,100.0,0.0,0.0
22376,65.5544261932373,11844,100.0,0.0,0.0
22380,65.5655951499939,11844,100.0,0.0,0.0
22381,65.56919884681702,11844,100.0,0.0,0.0
22382,65.57281994819641,11844,100.0,0.0,0.0
22384,65.58006358146667,11844,100.0,0.0,0.0
22385,65.58373022079468,11844,100.0,0.0,0.0
22390,65.59824967384338,11844,100.0,0.0,0.0
22396,65.61612391471863,11844,100.0,0.0,0.0
22400,65.62803769111633,11844,100.0,0.0,0.0
22401,65.63159036636353,11844,100.0,0.0,0.0
22406,65.64758324623108,11844,100.0,0.0,0.0
22410,65.66051864624023,11844,100.0,0.0,0.0
22420,65.69014549255371,11844,100.0,0.0,0.0
22422,65.69626379013062,11844,100.0,0.0,0.0
22425,65.70566058158875,11844,100.0,0.0,0.0
22430,65.72022414207458,11844,100.0,0.0,0.0
22434,65.73297381401062,11844,100.0,0.0,0.0
22439,65.74736046791077,11844,100.0,0.0,0.0
22440,65.75015187263489,11844,100.0,0.0,0.0
22442,65.75560331344604,11844,100.0,0.0,0.0
22444,65.76169991493225,11844,100.0,0.0,0.0
22450,65.77959418296814,11844,100.0,0.0,0.0
22452,65.78617548942566,11844,100.0,0.0,0.0
22459,65.80805468559265,11844,100.0,0.0,0.0
22460,65.81084251403809,11844,100.0,0.0,0.0
22461,65.8144383430481,11844,100.0,0.0,0.0
22470,65.84360098838806,11844,100.0,0.0,0.0
22472,65.84911489486694,11844,100.0,0.0,0.0
22480,65.87242031097412,11844,100.0,0.0,0.0
22484,65.88399529457092,11844,100.0,0.0,0.0
22486,65.88944983482361,11844,100.0,0.0,0.0
22489,65.89793276786804,11844,100.0,0.0,0.0
22490,65.90077900886536,11844,100.0,0.0,0.0
22495,65.91659688949585,11844,100.0,0.0,0.0
22497,65.92324662208557,11844,100.0,0.0,0.0
22500,65.93211340904236,11844,100.0,0.0,0.0
22505,65.94816184043884,11844,100.0,0.0,0.0
22509,65.96091675758362,11844,100.0,0.0,0.0
22510,65.96403670310974,11844,100.0,0.0,0.0
22515,65.97894072532654,11844,100.0,0.0,0.0
22516,65.98238277435303,11844,100.0,0.0,0.0
22519,65.99203491210938,11844,100.0,0.0,0.0
22520,65.99401545524597,11844,100.0,0.0,0.0
22521,65.99743556976318,11844,100.0,0.0,0.0
22529,66.02209448814392,11844,100.0,0.0,0.0
22530,66.02583956718445,11844,100.0,0.0,0.0
22539,66.05299758911133,11844,100.0,0.0,0.0
22540,66.0565447807312,11844,100.0,0.0,0.0
22544,66.06851816177368,11844,100.0,0.0,0.0
22545,66.07229232788086,11844,100.0,0.0,0.0
22550,66.08781313896179,11844,100.0,0.0,0.0
22554,66.10056114196777,11844,100.0,0.0,0.0
22560,66.11839699745178,11844,100.0,0.0,0.0
22562,66.12496018409729,11844,100.0,0.0,0.0
22570,66.1503553390503,11844,100.0,0.0,0.0
22576,66.1697518825531,11844,100.0,0.0,0.0
22579,66.18009877204895,11844,100.0,0.0,0.0
22580,66.18312907218933,11844,100.0,0.0,0.0
22582,66.18971061706543,11844,100.0,0.0,0.0
22590,66.21454620361328,11844,100.0,0.0,0.0
22594,66.22940850257874,11844,100.0,0.0,0.0
22595,66.23326301574707,11844,100.0,0.0,0.0
22600,66.24658346176147,11844,100.0,0.0,0.0
22602,66.2527186870575,11844,100.0,0.0,0.0
22607,66.26811528205872,11844,100.0,0.0,0.0
22610,66.2767584323883,11844,100.0,0.0,0.0
22620,66.30610084533691,11844,100.0,0.0,0.0
22622,66.31259179115295,11844,100.0,0.0,0.0
22627,66.32862544059753,11844,100.0,0.0,0.0
22630,66.33821940422058,11844,100.0,0.0,0.0
22640,66.37002754211426,11844,100.0,0.0,0.0
22649,66.39760565757751,11844,100.0,0.0,0.0
22650,66.40101504325867,11844,100.0,0.0,0.0
22656,66.4197165966034,11844,100.0,0.0,0.0
22658,66.42716956138611,11844,100.0,0.0,0.0
22660,66.43327641487122,11844,100.0,0.0,0.0
22661,66.43695306777954,11844,100.0,0.0,0.0
22663,66.44365453720093,11844,100.0,0.0,0.0
22670,66.46701622009277,11844,100.0,0.0,0.0
22672,66.47372364997864,11844,100.0,0.0,0.0
22680,66.4966025352478,11844,100.0,0.0,0.0
22690,66.52735614776611,11844,100.0,0.0,0.0
22700,66.55724024772644,11844,100.0,0.0,0.0
22703,66.5656054019928,11844,100.0,0.0,0.0
22710,66.58883285522461,11844,100.0,0.0,0.0
22717,66.60958099365234,11844,100.0,0.0,0.0
22720,66.6183762550354,11844,100.0,0.0,0.0
22721,66.6221718788147,11844,100.0,0.0,0.0
22725,66.63431191444397,11844,100.0,0.0,0.0
22729,66.64644503593445,11844,100.0,0.0,0.0
22730,66.64935445785522,11844,100.0,0.0,0.0
22731,66.6529152393341,11844,100.0,0.0,0.0
22732,66.65637826919556,11844,100.0,0.0,0.0
22733,66.65997362136841,11844,100.0,0.0,0.0
22740,66.68149065971375,11844,100.0,0.0,0.0
22750,66.71201229095459,11844,100.0,0.0,0.0
22751,66.7155294418335,11844,100.0,0.0,0.0
22758,66.73644685745239,11844,100.0,0.0,0.0
22759,66.74093961715698,11844,100.0,0.0,0.0
22760,66.74388480186462,11844,100.0,0.0,0.0
22761,66.74744319915771,11844,100.0,0.0,0.0
22766,66.76392483711243,11844,100.0,0.0,0.0
22770,66.77616906166077,11844,100.0,0.0,0.0
22780,66.80760765075684,11844,100.0,0.0,0.0
22784,66.8195071220398,11844,100.0,0.0,0.0
22786,66.82626175880432,11844,100.0,0.0,0.0
22790,66.8386082649231,11844,100.0,0.0,0.0
22792,66.84500026702881,11844,100.0,0.0,0.0
22793,66.84855198860168,11844,100.0,0.0,0.0
22795,66.85474705696106,11844,100.0,0.0,0.0
22800,66.86852812767029,11844,100.0,0.0,0.0
22804,66.87979888916016,11844,100.0,0.0,0.0
22810,66.89831829071045,11844,100.0,0.0,0.0
22814,66.9112799167633,11844,100.0,0.0,0.0
22815,66.91468381881714,11844,100.0,0.0,0.0
22820,66.92812585830688,11844,100.0,0.0,0.0
22821,66.93178272247314,11844,100.0,0.0,0.0
22830,66.95973420143127,11844,100.0,0.0,0.0
22833,66.96933770179749,11844,100.0,0.0,0.0
22838,66.98487591743469,11844,100.0,0.0,0.0
22840,66.99034428596497,11844,100.0,0.0,0.0
22850,67.01979160308838,11844,100.0,0.0,0.0
22851,67.0234706401825,11844,100.0,0.0,0.0
22857,67.04279017448425,11844,100.0,0.0,0.0
22858,67.0463490486145,11844,100.0,0.0,0.0
22860,67.0524833202362,11844,100.0,0.0,0.0
22870,67.08409667015076,11844,100.0,0.0,0.0
22877,67.10548663139343,11844,100.0,0.0,0.0
22880,67.11387777328491,11844,100.0,0.0,0.0
22890,67.14425873756409,11844,100.0,0.0,0.0
22891,67.14863801002502,11844,100.0,0.0,0.0
22893,67.15526223182678,11844,100.0,0.0,0.0
22897,67.1662437915802,11844,100.0,0.0,0.0
22900,67.17565941810608,11844,100.0,0.0,0.0
22902,67.18273615837097,11844,100.0,0.0,0.0
22910,67.20976829528809,11844,100.0,0.0,0.0
22912,67.21678900718689,11844,100.0,0.0,0.0
22914,67.22345805168152,11844,100.0,0.0,0.0
22920,67.24147582054138,11844,100.0,0.0,0.0
22930,67.27107286453247,11844,100.0,0.0,0.0
22933,67.2803373336792,11844,100.0,0.0,0.0
22936,67.28998470306396,11844,100.0,0.0,0.0
22937,67.29340696334839,11844,100.0,0.0,0.0
22940,67.30275273323059,11844,100.0,0.0,0.0
22950,67.33337759971619,11844,100.0,0.0,0.0
22958,67.35754895210266,11844,100.0,0.0,0.0
22959,67.36115145683289,11844,100.0,0.0,0.0
22960,67.36429929733276,11844,100.0,0.0,0.0
22963,67.37450766563416,11844,100.0,0.0,0.0
22967,67.38728404045105,11844,100.0,0.0,0.0
22970,67.3953709602356,11844,100.0,0.0,0.0
22975,67.41138172149658,11844,100.0,0.0,0.0
22976,67.41485619544983,11844,100.0,0.0,0.0
22978,67.42157125473022,11844,100.0,0.0,0.0
22980,67.42845582962036,11844,100.0,0.0,0.0
22990,67.46147656440735,11844,100.0,0.0,0.0
22998,67.48780298233032,11844,100.0,0.0,0.0
23000,67.4938325881958,11844,100.0,0.0,0.0
23008,67.52111864089966,11844,100.0,0.0,0.0
23010,67.52757334709167,11844,100.0,0.0,0.0
23018,67.5530731678009,11844,100.0,0.0,0.0
23020,67.55860042572021,11844,100.0,0.0,0.0
23029,67.5865204334259,11844,100.0,0.0,0.0
23030,67.58931159973145,11844,100.0,0.0,0.0
23040,67.61912131309509,11844,100.0,0.0,0.0
23044,67.6307270526886,11844,100.0,0.0,0.0
23050,67.64932346343994,11844,100.0,0.0,0.0
23051,67.65270900726318,11844,100.0,0.0,0.0
23053,67.65941405296326,11844,100.0,0.0,0.0
23057,67.67232537269592,11844,100.0,0.0,0.0
23060,67.68129301071167,11844,100.0,0.0,0.0
23063,67.691073179245,11844,100.0,0.0,0.0
23065,67.69742560386658,11844,100.0,0.0,0.0
23070,67.71385788917542,11844,100.0,0.0,0.0
23073,67.723965883255,11844,100.0,0.0,0.0
23080,67.74524903297424,11844,100.0,0.0,0.0
23085,67.76226615905762,11844,100.0,0.0,0.0
23090,67.78042602539062,11844,100.0,0.0,0.0
23100,67.8123083114624,11844,100.0,0.0,0.0
23103,67.8227322101593,11844,100.0,0.0,0.0
23104,67.82624340057373,11844,100.0,0.0,0.0
23110,67.84279084205627,11844,100.0,0.0,0.0
23116,67.86203217506409,11844,100.0,0.0,0.0
23120,67.87281084060669,11844,100.0,0.0,0.0
23130,67.90083479881287,11844,100.0,0.0,0.0
23140,67.93249297142029,11844,100.0,0.0,0.0
23144,67.94442462921143,11844,100.0,0.0,0.0
23145,67.94798469543457,11844,100.0,0.0,0.0
23146,67.95151042938232,11844,100.0,0.0,0.0
23150,67.96355652809143,11844,100.0,0.0,0.0
23154,67.97625494003296,11844,100.0,0.0,0.0
23159,67.99148344993591,11844,100.0,0.0,0.0
23160,67.99429512023926,11844,100.0,0.0,0.0
23170,68.02465057373047,11844,100.0,0.0,0.0
23175,68.04220151901245,11844,100.0,0.0,0.0
23178,68.0515558719635,11844,100.0,0.0,0.0
23180,68.05648469924927,11844,100.0,0.0,0.0
23185,68.07573127746582,11844,100.0,0.0,0.0
23187,68.08222460746765,11844,100.0,0.0,0.0
23190,68.09110164642334,11844,100.0,0.0,0.0
23191,68.09466767311096,11844,100.0,0.0,0.0
23200,68.12102150917053,11844,100.0,0.0,0.0
23205,68.13695931434631,11844,100.0,0.0,0.0
23210,68.15316843986511,11844,100.0,0.0,0.0
23220,68.18400287628174,11844,100.0,0.0,0.0
23222,68.19061732292175,11844,100.0,0.0,0.0
23224,68.19781422615051,11844,100.0,0.0,0.0
23228,68.21151781082153,11844,100.0,0.0,0.0
23230,68.21780395507812,11844,100.0,0.0,0.0
23238,68.24395871162415,11844,100.0,0.0,0.0
23240,68.24915099143982,11844,100.0,0.0,0.0
23250,68.2820177078247,11844,100.0,0.0,0.0
23251,68.28582096099854,11844,100.0,0.0,0.0
23256,68.30095410346985,11844,100.0,0.0,0.0
23260,68.31331133842468,11844,100.0,0.0,0.0
23265,68.32829976081848,11844,100.0,0.0,0.0
23270,68.34372234344482,11844,100.0,0.0,0.0
23271,68.34724545478821,11844,100.0,0.0,0.0
23276,68.36232209205627,11844,100.0,0.0,0.0
23278,68.3678457736969,11844,100.0,0.0,0.0
23280,68.373863697052,11844,100.0,0.0,0.0
23282,68.38037514686584,11844,100.0,0.0,0.0
23284,68.38720512390137,11844,100.0,0.0,0.0
23290,68.40377116203308,11844,100.0,0.0,0.0
23292,68.41002774238586,11844,100.0,0.0,0.0
23293,68.4133870601654,11844,100.0,0.0,0.0
23294,68.41673994064331,11844,100.0,0.0,0.0
23296,68.42317867279053,11844,100.0,0.0,0.0
23300,68.43592858314514,11844,100.0,0.0,0.0
23303,68.44619417190552,11844,100.0,0.0,0.0
23304,68.4496693611145,11844,100.0,0.0,0.0
23309,68.46542882919312,11844,100.0,0.0,0.0
23310,68.46847867965698,11844,100.0,0.0,0.0
23320,68.49796295166016,11844,100.0,0.0,0.0
23325,68.51512789726257,11844,100.0,0.0,0.0
23330,68.53052926063538,11844,100.0,0.0,0.0
23332,68.5377824306488,11844,100.0,0.0,0.0
23340,68.56309723854065,11844,100.0,0.0,0.0
23343,68.57296061515808,11844,100.0,0.0,0.0
23344,68.5764410495758,11844,100.0,0.0,0.0
23345,68.57996344566345,11844,100.0,0.0,0.0
23346,68.58369874954224,11844,100.0,0.0,0.0
23347,68.58751368522644,11844,100.0,0.0,0.0
23348,68.59094429016113,11844,100.0,0.0,0.0
23349,68.5942702293396,11844,100.0,0.0,0.0
23350,68.5970983505249,11844,100.0,0.0,0.0
23353,68.60688757896423,11844,100.0,0.0,0.0
23360,68.62802624702454,11844,100.0,0.0,0.0
23364,68.64112687110901,11844,100.0,0.0,0.0
23366,68.64791440963745,11844,100.0,0.0,0.0
23370,68.66046500205994,11844,100.0,0.0,0.0
23374,68.67190980911255,11844,100.0,0.0,0.0
23375,68.6755428314209,11844,100.0,0.0,0.0
23376,68.6789128780365,11844,100.0,0.0,0.0
23378,68.6846981048584,11844,100.0,0.0,0.0
23380,68.69154405593872,11844,100.0,0.0,0.0
23381,68.6951961517334,11844,100.0,0.0,0.0
23382,68.6986870765686,11844,100.0,0.0,0.0
23389,68.71969771385193,11844,100.0,0.0,0.0
23390,68.72271919250488,11844,100.0,0.0,0.0
23394,68.73554420471191,11844,100.0,0.0,0.0
23400,68.75427341461182,11844,100.0,0.0,0.0
23406,68.77216482162476,11844,100.0,0.0,0.0
23410,68.78573846817017,11844,100.0,0.0,0.0
23411,68.78964304924011,11844,100.0,0.0,0.0
23414,68.80242800712585,11844,100.0,0.0,0.0
23420,68.82310914993286,11844,100.0,0.0,0.0
23424,68.83615612983704,11844,100.0,0.0,0.0
23429,68.85229706764221,11844,100.0,0.0,0.0
23430,68.85511946678162,11844,100.0,0.0,0.0
23431,68.85909581184387,11844,100.0,0.0,0.0
23437,68.87788486480713,11844,100.0,0.0,0.0
23439,68.88437676429749,11844,100.0,0.0,0.0
23440,68.88730812072754,11844,100.0,0.0,0.0
23442,68.89427828788757,11844,100.0,0.0,0.0
23445,68.90529203414917,11844,100.0,0.0,0.0
23449,68.91857051849365,11844,100.0,0.0,0.0
23450,68.92158317565918,11844,100.0,0.0,0.0
23453,68.93197393417358,11844,100.0,0.0,0.0
23458,68.95089197158813,11844,100.0,0.0,0.0
23459,68.95458555221558,11844,100.0,0.0,0.0
23460,68.95819807052612,11844,100.0,0.0,0.0
23466,68.97724771499634,11844,100.0,0.0,0.0
23470,68.98825764656067,11844,100.0,0.0,0.0
23480,69.0177059173584,11844,100.0,0.0,0.0
23490,69.04807901382446,11844,100.0,0.0,0.0
23494,69.06080198287964,11844,100.0,0.0,0.0
23495,69.0644679069519,11844,100.0,0.0,0.0
23496,69.06828451156616,11844,100.0,0.0,0.0
23498,69.07529807090759,11844,100.0,0.0,0.0
23500,69.08187294006348,11844,100.0,0.0,0.0
23503,69.09164118766785,11844,100.0,0.0,0.0
23510,69.11380314826965,11844,100.0,0.0,0.0
23518,69.1386706829071,11844,100.0,0.0,0.0
23520,69.14380025863647,11844,100.0,0.0,0.0
23524,69.15676736831665,11844,100.0,0.0,0.0
23525,69.16016936302185,11844,100.0,0.0,0.0
23527,69.16699433326721,11844,100.0,0.0,0.0
23530,69.17641162872314,11844,100.0,0.0,0.0
23537,69.19866180419922,11844,100.0,0.0,0.0
23538,69.20344185829163,11844,100.0,0.0,0.0
23540,69.20952892303467,11844,100.0,0.0,0.0
23542,69.21655821800232,11844,100.0,0.0,0.0
23550,69.24139714241028,11844,100.0,0.0,0.0
23551,69.24502277374268,11844,100.0,0.0,0.0
23556,69.26180267333984,11844,100.0,0.0,0.0
23560,69.2743034362793,11844,100.0,0.0,0.0
23564,69.28699588775635,11844,100.0,0.0,0.0
23569,69.3030366897583,11844,100.0,0.0,0.0
23570,69.30593872070312,11844,100.0,0.0,0.0
23575,69.32142543792725,11844,100.0,0.0,0.0
23576,69.32497429847717,11844,100.0,0.0,0.0
23577,69.32845735549927,11844,100.0,0.0,0.0
23580,69.33818936347961,11844,100.0,0.0,0.0
23586,69.35793423652649,11844,100.0,0.0,0.0
23590,69.36902809143066,11844,100.0,0.0,0.0
23600,69.39878249168396,11844,100.0,0.0,0.0
23607,69.41873002052307,11844,100.0,0.0,0.0
23610,69.42752599716187,11844,100.0,0.0,0.0
23613,69.43621921539307,11844,100.0,0.0,0.0
23616,69.4460346698761,11844,100.0,0.0,0.0
23620,69.45901274681091,11844,100.0,0.0,0.0
23627,69.48325538635254,11844,100.0,0.0,0.0
23629,69.48937654495239,11844,100.0,0.0,0.0
23630,69.49200439453125,11844,100.0,0.0,0.0
23632,69.49695158004761,11844,100.0,0.0,0.0
23640,69.5177309513092,11844,100.0,0.0,0.0
23642,69.52319240570068,11844,100.0,0.0,0.0
23649,69.54096150398254,11844,100.0,0.0,0.0
23650,69.54341673851013,11844,100.0,0.0,0.0
23651,69.54638433456421,11844,100.0,0.0,0.0
23660,69.57013368606567,11844,100.0,0.0,0.0
23662,69.57591605186462,11844,100.0,0.0,0.0
23668,69.59270071983337,11844,100.0,0.0,0.0
23670,69.59778070449829,11844,100.0,0.0,0.0
23676,69.61344766616821,11844,100.0,0.0,0.0
23677,69.61636328697205,11844,100.0,0.0,0.0
23680,69.62414908409119,11844,100.0,0.0,0.0
23690,69.64854598045349,11844,100.0,0.0,0.0
23700,69.67388081550598,11844,100.0,0.0,0.0
23710,69.69928193092346,11844,100.0,0.0,0.0
23720,69.72516465187073,11844,100.0,0.0,0.0
23721,69.72818732261658,11844,100.0,0.0,0.0
23722,69.73104238510132,11844,100.0,0.0,0.0
23723,69.73384761810303,11844,100.0,0.0,0.0
23726,69.74189972877502,11844,100.0,0.0,0.0
23728,69.7475790977478,11844,100.0,0.0,0.0
23730,69.75262212753296,11844,100.0,0.0,0.0
23735,69.76561641693115,11844,100.0,0.0,0.0
23739,69.77853322029114,11844,100.0,0.0,0.0
23740,69.78119540214539,11844,100.0,0.0,0.0
23744,69.7919614315033,11844,100.0,0.0,0.0
23745,69.79507374763489,11844,100.0,0.0,0.0
23750,69.80865621566772,11844,100.0,0.0,0.0
23760,69.83523917198181,11844,100.0,0.0,0.0
23763,69.8426444530487,11844,100.0,0.0,0.0
23766,69.85043430328369,11844,100.0,0.0,0.0
23767,69.85321187973022,11844,100.0,0.0,0.0
23770,69.86069250106812,11844,100.0,0.0,0.0
23773,69.8691177368164,11844,100.0,0.0,0.0
23777,69.87969708442688,11844,100.0,0.0,0.0
23780,69.88731479644775,11844,100.0,0.0,0.0
23787,69.9058198928833,11844,100.0,0.0,0.0
23790,69.91392493247986,11844,100.0,0.0,0.0
23795,69.92721009254456,11844,100.0,0.0,0.0
23799,69.93763613700867,11844,100.0,0.0,0.0
23800,69.94024443626404,11844,100.0,0.0,0.0
23802,69.94573831558228,11844,100.0,0.0,0.0
23805,69.95366311073303,11844,100.0,0.0,0.0
23807,69.95842695236206,11844,100.0,0.0,0.0
23810,69.96620512008667,11844,100.0,0.0,0.0
23820,69.9911162853241,11844,100.0,0.0,0.0
23821,69.99391889572144,11844,100.0,0.0,0.0
23828,70.0122606754303,11844,100.0,0.0,0.0
23830,70.01630687713623,11844,100.0,0.0,0.0
23840,70.04060459136963,11844,100.0,0.0,0.0
23850,70.06642889976501,11844,100.0,0.0,0.0
23853,70.0749442577362,11844,100.0,0.0,0.0
23859,70.09000945091248,11844,100.0,0.0,0.0
23860,70.09249591827393,11844,100.0,0.0,0.0
23870,70.11830377578735,11844,100.0,0.0,0.0
23873,70.12695813179016,11844,100.0,0.0,0.0
23877,70.13829827308655,11844,100.0,0.0,0.0
23880,70.14561915397644,11844,100.0,0.0,0.0
23885,70.15866541862488,11844,100.0,0.0,0.0
23890,70.17125916481018,11844,100.0,0.0,0.0
23895,70.18563628196716,11844,100.0,0.0,0.0
23896,70.1886568069458,11844,100.0,0.0,0.0
23900,70.19857740402222,11844,100.0,0.0,0.0
23910,70.22828269004822,11844,100.0,0.0,0.0
23914,70.2391848564148,11844,100.0,0.0,0.0
23919,70.25339984893799,11844,100.0,0.0,0.0
23920,70.25602769851685,11844,100.0,0.0,0.0
23930,70.28465986251831,11844,100.0,0.0,0.0
23932,70.29055690765381,11844,100.0,0.0,0.0
23938,70.30671119689941,11844,100.0,0.0,0.0
23940,70.31224465370178,11844,100.0,0.0,0.0
23941,70.31507015228271,11844,100.0,0.0,0.0
23942,70.31814312934875,11844,100.0,0.0,0.0
23949,70.33563899993896,11844,100.0,0.0,0.0
23950,70.3381998538971,11844,100.0,0.0,0.0
23958,70.36110091209412,11844,100.0,0.0,0.0
23959,70.36413550376892,11844,100.0,0.0,0.0
23960,70.3666775226593,11844,100.0,0.0,0.0
23970,70.3917064666748,11844,100.0,0.0,0.0
23977,70.40974593162537,11844,100.0,0.0,0.0
23980,70.41758942604065,11844,100.0,0.0,0.0
23983,70.4260082244873,11844,100.0,0.0,0.0
23985,70.4316577911377,11844,100.0,0.0,0.0
23990,70.44517207145691,11844,100.0,0.0,0.0
24000,70.47106838226318,11844,100.0,0.0,0.0
24007,70.4895339012146,11844,100.0,0.0,0.0
24008,70.49256157875061,11844,100.0,0.0,0.0
24010,70.49796462059021,11844,100.0,0.0,0.0
24016,70.51471495628357,11844,100.0,0.0,0.0
24017,70.517911195755,11844,100.0,0.0,0.0
24020,70.52561092376709,11844,100.0,0.0,0.0
24023,70.53415083885193,11844,100.0,0.0,0.0
24029,70.55097985267639,11844,100.0,0.0,0.0
24030,70.55356478691101,11844,100.0,0.0,0.0
24031,70.55676531791687,11844,100.0,0.0,0.0
24033,70.56263732910156,11844,100.0,0.0,0.0
24040,70.58103013038635,11844,100.0,0.0,0.0
24043,70.58879542350769,11844,100.0,0.0,0.0
24050,70.60601687431335,11844,100.0,0.0,0.0
24056,70.62073230743408,11844,100.0,0.0,0.0
24060,70.63131594657898,11844,100.0,0.0,0.0
24070,70.65707635879517,11844,100.0,0.0,0.0
24071,70.65999245643616,11844,100.0,0.0,0.0
24073,70.66569232940674,11844,100.0,0.0,0.0
24075,70.67034244537354,11844,100.0,0.0,0.0
24080,70.68152976036072,11844,100.0,0.0,0.0
24090,70.7056200504303,11844,100.0,0.0,0.0
24093,70.71384000778198,11844,100.0,0.0,0.0
24094,70.7167649269104,11844,100.0,0.0,0.0
24100,70.73115253448486,11844,100.0,0.0,0.0
24103,70.74000644683838,11844,100.0,0.0,0.0
24104,70.74307990074158,11844,100.0,0.0,0.0
24109,70.75667953491211,11844,100.0,0.0,0.0
24110,70.75914001464844,11844,100.0,0.0,0.0
24120,70.78776335716248,11844,100.0,0.0,0.0
24130,70.81329989433289,11844,100.0,0.0,0.0
24133,70.82152080535889,11844,100.0,0.0,0.0
24135,70.82702302932739,11844,100.0,0.0,0.0
24136,70.82993125915527,11844,100.0,0.0,0.0
24140,70.8395528793335,11844,100.0,0.0,0.0
24142,70.84530425071716,11844,100.0,0.0,0.0
24150,70.86569833755493,11844,100.0,0.0,0.0
24151,70.86863017082214,11844,100.0,0.0,0.0
24160,70.89205384254456,11844,100.0,0.0,0.0
24170,70.91754627227783,11844,100.0,0.0,0.0
24176,70.9324369430542,11844,100.0,0.0,0.0
24180,70.94438600540161,11844,100.0,0.0,0.0
24190,70.97711539268494,11844,100.0,0.0,0.0
24198,71.00184535980225,11844,100.0,0.0,0.0
24200,71.00704979896545,11844,100.0,0.0,0.0
24205,71.02051448822021,11844,100.0,0.0,0.0
24210,71.03438973426819,11844,100.0,0.0,0.0
24220,71.06172609329224,11844,100.0,0.0,0.0
24230,71.08827042579651,11844,100.0,0.0,0.0
24240,71.11531281471252,11844,100.0,0.0,0.0
24248,71.13744306564331,11844,100.0,0.0,0.0
24250,71.14314389228821,11844,100.0,0.0,0.0
24260,71.17064046859741,11844,100.0,0.0,0.0
24265,71.18514561653137,11844,100.0,0.0,0.0
24270,71.19958424568176,11844,100.0,0.0,0.0
24280,71.22905659675598,11844,100.0,0.0,0.0
24288,71.25240063667297,11844,100.0,0.0,0.0
24289,71.25599646568298,11844,100.0,0.0,0.0
24290,71.25877070426941,11844,100.0,0.0,0.0
24295,71.27675724029541,11844,100.0,0.0,0.0
24296,71.2805404663086,11844,100.0,0.0,0.0
24300,71.29222226142883,11844,100.0,0.0,0.0
24304,71.30352449417114,11844,100.0,0.0,0.0
24305,71.30687355995178,11844,100.0,0.0,0.0
24310,71.32277655601501,11844,100.0,0.0,0.0
24315,71.34276103973389,11844,100.0,0.0,0.0
24320,71.36102557182312,11844,100.0,0.0,0.0
24328,71.38872909545898,11844,100.0,0.0,0.0
24330,71.39455437660217,11844,100.0,0.0,0.0
24334,71.40775752067566,11844,100.0,0.0,0.0
24340,71.4246723651886,11844,100.0,0.0,0.0
24350,71.45316982269287,11844,100.0,0.0,0.0
24352,71.4588234424591,11844,100.0,0.0,0.0
24355,71.46773910522461,11844,100.0,0.0,0.0
24356,71.47149443626404,11844,100.0,0.0,0.0
24360,71.48299312591553,11844,100.0,0.0,0.0
24368,71.50525736808777,11844,100.0,0.0,0.0
24370,71.51086497306824,11844,100.0,0.0,0.0
24371,71.5140106678009,11844,100.0,0.0,0.0
24372,71.51708126068115,11844,100.0,0.0,0.0
24375,71.52596998214722,11844,100.0,0.0,0.0
24376,71.52896881103516,11844,100.0,0.0,0.0
24380,71.53966045379639,11844,100.0,0.0,0.0
24389,71.56721067428589,11844,100.0,0.0,0.0
24390,71.56993675231934,11844,100.0,0.0,0.0
24392,71.57589745521545,11844,100.0,0.0,0.0
24400,71.59776043891907,11844,100.0,0.0,0.0
24410,71.62578439712524,11844,100.0,0.0,0.0
24420,71.65400457382202,11844,100.0,0.0,0.0
24428,71.67593574523926,11844,100.0,0.0,0.0
24430,71.68127489089966,11844,100.0,0.0,0.0
24435,71.69454288482666,11844,100.0,0.0,0.0
24440,71.70624017715454,11844,100.0,0.0,0.0
24445,71.72004103660583,11844,100.0,0.0,0.0
24447,71.72549033164978,11844,100.0,0.0,0.0
24449,71.73115754127502,11844,100.0,0.0,0.0
24450,71.73367404937744,11844,100.0,0.0,0.0
24454,71.74574303627014,11844,100.0,0.0,0.0
24455,71.74892330169678,11844,100.0,0.0,0.0
24456,71.75199770927429,11844,100.0,0.0,0.0
24460,71.76218628883362,11844,100.0,0.0,0.0
24462,71.76712965965271,11844,100.0,0.0,0.0
24465,71.77589297294617,11844,100.0,0.0,0.0
24468,71.78605437278748,11844,100.0,0.0,0.0
24470,71.79185485839844,11844,100.0,0.0,0.0
24472,71.79826021194458,11844,100.0,0.0,0.0
24475,71.80842328071594,11844,100.0,0.0,0.0
24480,71.82207465171814,11844,100.0,0.0,0.0
24485,71.8357355594635,11844,100.0,0.0,0.0
24490,71.84856057167053,11844,100.0,0.0,0.0
24499,71.87319040298462,11844,100.0,0.0,0.0
24500,71.87503814697266,11844,100.0,0.0,0.0
24510,71.90014791488647,11844,100.0,0.0,0.0
24511,71.90318846702576,11844,100.0,0.0,0.0
24512,71.90614891052246,11844,100.0,0.0,0.0
24515,71.91430759429932,11844,100.0,0.0,0.0
24517,71.9199628829956,11844,100.0,0.0,0.0
24518,71.92289447784424,11844,100.0,0.0,0.0
24519,71.9258828163147,11844,100.0,0.0,0.0
24520,71.92846465110779,11844,100.0,0.0,0.0
24521,71.93155479431152,11844,100.0,0.0,0.0
24523,71.93713283538818,11844,100.0,0.0,0.0
24525,71.94298577308655,11844,100.0,0.0,0.0
24526,71.9459445476532,11844,100.0,0.0,0.0
24528,71.95155429840088,11844,100.0,0.0,0.0
24530,71.95600152015686,11844,100.0,0.0,0.0
24534,71.96833896636963,11844,100.0,0.0,0.0
24539,71.98283243179321,11844,100.0,0.0,0.0
24540,71.9854793548584,11844,100.0,0.0,0.0
24548,72.00628519058228,11844,100.0,0.0,0.0
24550,72.01151442527771,11844,100.0,0.0,0.0
24560,72.03777647018433,11844,100.0,0.0,0.0
24564,72.04952502250671,11844,100.0,0.0,0.0
24570,72.06319785118103,11844,100.0,0.0,0.0
24575,72.07690811157227,11844,100.0,0.0,0.0
24580,72.08976292610168,11844,100.0,0.0,0.0
24587,72.10764145851135,11844,100.0,0.0,0.0
24590,72.11554384231567,11844,100.0,0.0,0.0
24592,72.12046027183533,11844,100.0,0.0,0.0
24594,72.12631034851074,11844,100.0,0.0,0.0
24600,72.14241909980774,11844,100.0,0.0,0.0
24602,72.14812803268433,11844,100.0,0.0,0.0
24603,72.15101599693298,11844,100.0,0.0,0.0
24610,72.16879439353943,11844,100.0,0.0,0.0
24613,72.17762422561646,11844,100.0,0.0,0.0
24616,72.18589973449707,11844,100.0,0.0,0.0
24618,72.19154953956604,11844,100.0,0.0,0.0
24620,72.19687914848328,11844,100.0,0.0,0.0
24625,72.21208953857422,11844,100.0,0.0,0.0
24630,72.22600412368774,11844,100.0,0.0,0.0
24634,72.23684597015381,11844,100.0,0.0,0.0
24640,72.25343632698059,11844,100.0,0.0,0.0
24646,72.26965236663818,11844,100.0,0.0,0.0
24649,72.27810144424438,11844,100.0,0.0,0.0
24650,72.28076767921448,11844,100.0,0.0,0.0
24652,72.28659629821777,11844,100.0,0.0,0.0
24660,72.30970931053162,11844,100.0,0.0,0.0
24666,72.3260567188263,11844,100.0,0.0,0.0
24667,72.32897877693176,11844,100.0,0.0,0.0
24670,72.33615851402283,11844,100.0,0.0,0.0
24671,72.33912754058838,11844,100.0,0.0,0.0
24676,72.35281014442444,11844,100.0,0.0,0.0
24680,72.36413025856018,11844,100.0,0.0,0.0
24681,72.36775612831116,11844,100.0,0.0,0.0
24684,72.37626123428345,11844,100.0,0.0,0.0
24690,72.39251661300659,11844,100.0,0.0,0.0
24692,72.39857482910156,11844,100.0,0.0,0.0
24700,72.41760468482971,11844,100.0,0.0,0.0
24702,72.42381191253662,11844,100.0,0.0,0.0
24706,72.43607950210571,11844,100.0,0.0,0.0
24710,72.44774222373962,11844,100.0,0.0,0.0
24712,72.453777551651,11844,100.0,0.0,0.0
24713,72.45712947845459,11844,100.0,0.0,0.0
24714,72.46036052703857,11844,100.0,0.0,0.0
24715,72.46353197097778,11844,100.0,0.0,0.0
24720,72.47670030593872,11844,100.0,0.0,0.0
24724,72.48687314987183,11844,100.0,0.0,0.0
24730,72.50325870513916,11844,100.0,0.0,0.0
24739,72.52980136871338,11844,100.0,0.0,0.0
24740,72.53254342079163,11844,100.0,0.0,0.0
24744,72.5447747707367,11844,100.0,0.0,0.0
24750,72.56241464614868,11844,100.0,0.0,0.0
24751,72.56540131568909,11844,100.0,0.0,0.0
24760,72.59089303016663,11844,100.0,0.0,0.0
24761,72.59390020370483,11844,100.0,0.0,0.0
24768,72.6121597290039,11844,100.0,0.0,0.0
24770,72.6176016330719,11844,100.0,0.0,0.0
24776,72.63758611679077,11844,100.0,0.0,0.0
24778,72.64336395263672,11844,100.0,0.0,0.0
24780,72.64806747436523,11844,100.0,0.0,0.0
24784,72.65910601615906,11844,100.0,0.0,0.0
24787,72.6673629283905,11844,100.0,0.0,0.0
24789,72.67296433448792,11844,100.0,0.0,0.0
24790,72.67598247528076,11844,100.0,0.0,0.0
24800,72.70139575004578,11844,100.0,0.0,0.0
24810,72.72771883010864,11844,100.0,0.0,0.0
24820,72.7523922920227,11844,100.0,0.0,0.0
24824,72.76300764083862,11844,100.0,0.0,0.0
24830,72.77711915969849,11844,100.0,0.0,0.0
24836,72.79275965690613,11844,100.0,0.0,0.0
24840,72.80313897132874,11844,100.0,0.0,0.0
24847,72.82075500488281,11844,100.0,0.0,0.0
24849,72.82614803314209,11844,100.0,0.0,0.0
24850,72.82890629768372,11844,100.0,0.0,0.0
24851,72.83171558380127,11844,100.0,0.0,0.0
24860,72.85371947288513,11844,100.0,0.0,0.0
24863,72.86190533638,11844,100.0,0.0,0.0
24870,72.87969064712524,11844,100.0,0.0,0.0
24880,72.90496230125427,11844,100.0,0.0,0.0
24881,72.90832662582397,11844,100.0,0.0,0.0
24883,72.91400074958801,11844,100.0,0.0,0.0
24886,72.9219057559967,11844,100.0,0.0,0.0
24889,72.92906785011292,11844,100.0,0.0,0.0
24890,72.93151307106018,11844,100.0,0.0,0.0
24896,72.94805526733398,11844,100.0,0.0,0.0
24898,72.95373296737671,11844,100.0,0.0,0.0
24900,72.95883297920227,11844,100.0,0.0,0.0
24910,72.98436617851257,11844,100.0,0.0,0.0
24920,73.00993847846985,11844,100.0,0.0,0.0
24926,73.02696585655212,11844,100.0,0.0,0.0
24930,73.03760743141174,11844,100.0,0.0,0.0
24931,73.04071855545044,11844,100.0,0.0,0.0
24932,73.04377245903015,11844,100.0,0.0,0.0
24934,73.0492091178894,11844,100.0,0.0,0.0
24935,73.05205702781677,11844,100.0,0.0,0.0
24940,73.06294417381287,11844,100.0,0.0,0.0
24941,73.06596970558167,11844,100.0,0.0,0.0
24947,73.08157539367676,11844,100.0,0.0,0.0
24950,73.08853340148926,11844,100.0,0.0,0.0
24958,73.10875153541565,11844,100.0,0.0,0.0
24960,73.11389589309692,11844,100.0,0.0,0.0
24963,73.12266874313354,11844,100.0,0.0,0.0
24965,73.12833499908447,11844,100.0,0.0,0.0
24969,73.13945937156677,11844,100.0,0.0,0.0
24970,73.1419506072998,11844,100.0,0.0,0.0
24974,73.1529529094696,11844,100.0,0.0,0.0
24980,73.16762948036194,11844,100.0,0.0,0.0
24981,73.17039656639099,11844,100.0,0.0,0.0
24983,73.17583703994751,11844,100.0,0.0,0.0
24990,73.1936719417572,11844,100.0,0.0,0.0
25000,73.22217059135437,11844,100.0,0.0,0.0
25009,73.24412298202515,11844,100.0,0.0,0.0
25010,73.24672031402588,11844,100.0,0.0,0.0
25020,73.27187657356262,11844,100.0,0.0,0.0
25023,73.28060746192932,11844,100.0,0.0,0.0
25030,73.29881572723389,11844,100.0,0.0,0.0
25040,73.32462120056152,11844,100.0,0.0,0.0
25043,73.33287048339844,11844,100.0,0.0,0.0
25050,73.35206127166748,11844,100.0,0.0,0.0
25051,73.35533404350281,11844,100.0,0.0,0.0
25056,73.36859703063965,11844,100.0,0.0,0.0
25060,73.37868785858154,11844,100.0,0.0,0.0
25061,73.38204050064087,11844,100.0,0.0,0.0
25064,73.3902838230133,11844,100.0,0.0,0.0
25070,73.40638494491577,11844,100.0,0.0,0.0
25075,73.41974639892578,11844,100.0,0.0,0.0
25080,73.43296194076538,11844,100.0,0.0,0.0
25090,73.46013832092285,11844,100.0,0.0,0.0
25094,73.47101283073425,11844,100.0,0.0,0.0
25099,73.48374605178833,11844,100.0,0.0,0.0
25100,73.48621678352356,11844,100.0,0.0,0.0
25104,73.49684286117554,11844,100.0,0.0,0.0
25110,73.51237201690674,11844,100.0,0.0,0.0
25120,73.53827428817749,11844,100.0,0.0,0.0
25122,73.5450427532196,11844,100.0,0.0,0.0
25130,73.56559896469116,11844,100.0,0.0,0.0
25137,73.5856921672821,11844,100.0,0.0,0.0
25140,73.59471297264099,11844,100.0,0.0,0.0
25142,73.60033798217773,11844,100.0,0.0,0.0
25144,73.60592532157898,11844,100.0,0.0,0.0
25148,73.6158607006073,11844,100.0,0.0,0.0
25149,73.61872100830078,11844,100.0,0.0,0.0
25150,73.62133526802063,11844,100.0,0.0,0.0
25151,73.62438750267029,11844,100.0,0.0,0.0
25160,73.64974522590637,11844,100.0,0.0,0.0
25162,73.65553426742554,11844,100.0,0.0,0.0
25167,73.67129635810852,11844,100.0,0.0,0.0
25169,73.67753052711487,11844,100.0,0.0,0.0
25170,73.68019223213196,11844,100.0,0.0,0.0
25172,73.68631315231323,11844,100.0,0.0,0.0
25173,73.6893858909607,11844,100.0,0.0,0.0
25179,73.70602345466614,11844,100.0,0.0,0.0
25180,73.70885515213013,11844,100.0,0.0,0.0
25190,73.73469614982605,11844,100.0,0.0,0.0
25200,73.76145052909851,11844,100.0,0.0,0.0
25210,73.78864431381226,11844,100.0,0.0,0.0
25219,73.81481575965881,11844,100.0,0.0,0.0
25220,73.81753540039062,11844,100.0,0.0,0.0
25228,73.8402783870697,11844,100.0,0.0,0.0
25230,73.8455901145935,11844,100.0,0.0,0.0
25240,73.87287306785583,11844,100.0,0.0,0.0
25241,73.87584352493286,11844,100.0,0.0,0.0
25243,73.88136792182922,11844,100.0,0.0,0.0
25250,73.89959859848022,11844,100.0,0.0,0.0
25251,73.9025821685791,11844,100.0,0.0,0.0
25255,73.9124858379364,11844,100.0,0.0,0.0
25260,73.92554640769958,11844,100.0,0.0,0.0
25261,73.92871952056885,11844,100.0,0.0,0.0
25262,73.93168878555298,11844,100.0,0.0,0.0
25267,73.94697642326355,11844,100.0,0.0,0.0
25269,73.95330333709717,11844,100.0,0.0,0.0
25270,73.95657348632812,11844,100.0,0.0,0.0
25280,73.98340249061584,11844,100.0,0.0,0.0
25286,74.0009925365448,11844,100.0,0.0,0.0
25290,74.01151299476624,11844,100.0,0.0,0.0
25293,74.0198483467102,11844,100.0,0.0,0.0
25296,74.0297110080719,11844,100.0,0.0,0.0
25300,74.04075145721436,11844,100.0,0.0,0.0
25301,74.04405665397644,11844,100.0,0.0,0.0
25304,74.05275702476501,11844,100.0,0.0,0.0
25310,74.07037377357483,11844,100.0,0.0,0.0
25317,74.09174036979675,11844,100.0,0.0,0.0
25320,74.09899163246155,11844,100.0,0.0,0.0
25322,74.10472822189331,11844,100.0,0.0,0.0
25327,74.11844277381897,11844,100.0,0.0,0.0
25330,74.12640833854675,11844,100.0,0.0,0.0
25333,74.13568329811096,11844,100.0,0.0,0.0
25340,74.15560221672058,11844,100.0,0.0,0.0
25343,74.16449069976807,11844,100.0,0.0,0.0
25347,74.17583727836609,11844,100.0,0.0,0.0
25350,74.1829686164856,11844,100.0,0.0,0.0
25352,74.18886256217957,11844,100.0,0.0,0.0
25358,74.20736980438232,11844,100.0,0.0,0.0
25360,74.21276473999023,11844,100.0,0.0,0.0
25362,74.2193489074707,11844,100.0,0.0,0.0
25364,74.22566556930542,11844,100.0,0.0,0.0
25369,74.24004101753235,11844,100.0,0.0,0.0
25370,74.24270868301392,11844,100.0,0.0,0.0
25373,74.25186276435852,11844,100.0,0.0,0.0
25379,74.27058148384094,11844,100.0,0.0,0.0
25380,74.27360224723816,11844,100.0,0.0,0.0
25390,74.2982406616211,11844,100.0,0.0,0.0
25396,74.31449365615845,11844,100.0,0.0,0.0
25400,74.32590389251709,11844,100.0,0.0,0.0
25410,74.35339760780334,11844,100.0,0.0,0.0
25419,74.37862229347229,11844,100.0,0.0,0.0
25420,74.38126301765442,11844,100.0,0.0,0.0
25421,74.38451194763184,11844,100.0,0.0,0.0
25424,74.3935034275055,11844,100.0,0.0,0.0
25429,74.40732955932617,11844,100.0,0.0,0.0
25430,74.4090518951416,11844,100.0,0.0,0.0
25432,74.41496467590332,11844,100.0,0.0,0.0
25434,74.42139410972595,11844,100.0,0.0,0.0
25439,74.43736577033997,11844,100.0,0.0,0.0
25440,74.43999004364014,11844,100.0,0.0,0.0
25445,74.4538083076477,11844,100.0,0.0,0.0
25450,74.46451568603516,11844,100.0,0.0,0.0
25451,74.46757793426514,11844,100.0,0.0,0.0
25457,74.48356103897095,11844,100.0,0.0,0.0
25460,74.48952388763428,11844,100.0,0.0,0.0
25469,74.5127022266388,11844,100.0,0.0,0.0
25470,74.51549243927002,11844,100.0,0.0,0.0
25473,74.5241129398346,11844,100.0,0.0,0.0
25480,74.54237461090088,11844,100.0,0.0,0.0
25484,74.55374765396118,11844,100.0,0.0,0.0
25490,74.57159447669983,11844,100.0,0.0,0.0
25493,74.58048748970032,11844,100.0,0.0,0.0
25499,74.59647870063782,11844,100.0,0.0,0.0
25500,74.59968209266663,11844,100.0,0.0,0.0
25510,74.62543177604675,11844,100.0,0.0,0.0
25520,74.65036606788635,11844,100.0,0.0,0.0
25524,74.66101551055908,11844,100.0,0.0,0.0
25530,74.67597103118896,11844,100.0,0.0,0.0
25532,74.68065118789673,11844,100.0,0.0,0.0
25536,74.69121742248535,11844,100.0,0.0,0.0
25538,74.6969153881073,11844,100.0,0.0,0.0
25540,74.7019853591919,11844,100.0,0.0,0.0
25548,74.72265982627869,11844,100.0,0.0,0.0
25550,74.72802138328552,11844,100.0,0.0,0.0
25557,74.74649786949158,11844,100.0,0.0,0.0
25560,74.75528573989868,11844,100.0,0.0,0.0
25562,74.76013135910034,11844,100.0,0.0,0.0
25570,74.78449440002441,11844,100.0,0.0,0.0
25577,74.80407810211182,11844,100.0,0.0,0.0
25579,74.81022095680237,11844,100.0,0.0,0.0
25580,74.81283068656921,11844,100.0,0.0,0.0
25590,74.8422794342041,11844,100.0,0.0,0.0
25592,74.84827280044556,11844,100.0,0.0,0.0
25600,74.87160873413086,11844,100.0,0.0,0.0
25610,74.8983359336853,11844,100.0,0.0,0.0
25611,74.90141773223877,11844,100.0,0.0,0.0
25620,74.92452359199524,11844,100.0,0.0,0.0
25621,74.92752194404602,11844,100.0,0.0,0.0
25626,74.94053912162781,11844,100.0,0.0,0.0
25630,74.95088005065918,11844,100.0,0.0,0.0
25633,74.9592125415802,11844,100.0,0.0,0.0
25638,74.97211980819702,11844,100.0,0.0,0.0
25640,74.97760248184204,11844,100.0,0.0,0.0
25648,74.99865317344666,11844,100.0,0.0,0.0
25650,75.00300455093384,11844,100.0,0.0,0.0
25658,75.02395439147949,11844,100.0,0.0,0.0
25660,75.02940464019775,11844,100.0,0.0,0.0
25661,75.03262138366699,11844,100.0,0.0,0.0
25670,75.05792999267578,11844,100.0,0.0,0.0
25673,75.06629681587219,11844,100.0,0.0,0.0
25680,75.08527779579163,11844,100.0,0.0,0.0
25690,75.11109161376953,11844,100.0,0.0,0.0
25691,75.11420202255249,11844,100.0,0.0,0.0
25694,75.12230229377747,11844,100.0,0.0,0.0
25697,75.1312563419342,11844,100.0,0.0,0.0
25700,75.14050579071045,11844,100.0,0.0,0.0
25702,75.14646029472351,11844,100.0,0.0,0.0
25704,75.1515679359436,11844,100.0,0.0,0.0
25710,75.16781973838806,11844,100.0,0.0,0.0
25712,75.17380905151367,11844,100.0,0.0,0.0
25720,75.19588589668274,11844,100.0,0.0,0.0
25721,75.19993114471436,11844,100.0,0.0,0.0
25729,75.22369384765625,11844,100.0,0.0,0.0
25730,75.22657060623169,11844,100.0,0.0,0.0
25733,75.23601984977722,11844,100.0,0.0,0.0
25734,75.23938035964966,11844,100.0,0.0,0.0
25735,75.2424943447113,11844,100.0,0.0,0.0
25740,75.2553493976593,11844,100.0,0.0,0.0
25747,75.27428150177002,11844,100.0,0.0,0.0
25750,75.28223896026611,11844,100.0,0.0,0.0
25753,75.29082942008972,11844,100.0,0.0,0.0
25756,75.2986524105072,11844,100.0,0.0,0.0
25760,75.3091778755188,11844,100.0,0.0,0.0
25763,75.31745076179504,11844,100.0,0.0,0.0
25765,75.32326006889343,11844,100.0,0.0,0.0
25770,75.33628273010254,11844,100.0,0.0,0.0
25780,75.36422061920166,11844,100.0,0.0,0.0
25790,75.39001965522766,11844,100.0,0.0,0.0
25791,75.39304828643799,11844,100.0,0.0,0.0
25793,75.39877152442932,11844,100.0,0.0,0.0
25794,75.40210795402527,11844,100.0,0.0,0.0
25797,75.41025733947754,11844,100.0,0.0,0.0
25800,75.42110300064087,11844,100.0,0.0,0.0
25810,75.45911407470703,11844,100.0,0.0,0.0
25815,75.47746872901917,11844,100.0,0.0,0.0
25820,75.49341440200806,11844,100.0,0.0,0.0
25827,75.5211410522461,11844,100.0,0.0,0.0
25829,75.52682709693909,11844,100.0,0.0,0.0
25830,75.52866625785828,11844,100.0,0.0,0.0
25831,75.53164672851562,11844,100.0,0.0,0.0
25834,75.5400664806366,11844,100.0,0.0,0.0
25837,75.54859256744385,11844,100.0,0.0,0.0
25839,75.5534451007843,11844,100.0,0.0,0.0
25840,75.555983543396,11844,100.0,0.0,0.0
25844,75.56725716590881,11844,100.0,0.0,0.0
25848,75.57755303382874,11844,100.0,0.0,0.0
25850,75.58265948295593,11844,100.0,0.0,0.0
25851,75.5857503414154,11844,100.0,0.0,0.0
25855,75.59790992736816,11844,100.0,0.0,0.0
25860,75.6104154586792,11844,100.0,0.0,0.0
25865,75.62398290634155,11844,100.0,0.0,0.0
25870,75.63766050338745,11844,100.0,0.0,0.0
25880,75.66539168357849,11844,100.0,0.0,0.0
25883,75.6731379032135,11844,100.0,0.0,0.0
25887,75.6841094493866,11844,100.0,0.0,0.0
25890,75.69184517860413,11844,100.0,0.0,0.0
25891,75.69476699829102,11844,100.0,0.0,0.0
25895,75.70589447021484,11844,100.0,0.0,0.0
25898,75.71405458450317,11844,100.0,0.0,0.0
25900,75.71929979324341,11844,100.0,0.0,0.0
25910,75.7458918094635,11844,100.0,0.0,0.0
25911,75.74917554855347,11844,100.0,0.0,0.0
25920,75.77390670776367,11844,100.0,0.0,0.0
25923,75.78215193748474,11844,100.0,0.0,0.0
25924,75.78513383865356,11844,100.0,0.0,0.0
25928,75.7964997291565,11844,100.0,0.0,0.0
25930,75.80170607566833,11844,100.0,0.0,0.0
25935,75.81500315666199,11844,100.0,0.0,0.0
25937,75.82072353363037,11844,100.0,0.0,0.0
25940,75.8286681175232,11844,100.0,0.0,0.0
25950,75.85371804237366,11844,100.0,0.0,0.0
25960,75.8797996044159,11844,100.0,0.0,0.0
25963,75.88787722587585,11844,100.0,0.0,0.0
25970,75.90574979782104,11844,100.0,0.0,0.0
25974,75.9164526462555,11844,100.0,0.0,0.0
25978,75.92680430412292,11844,100.0,0.0,0.0
25980,75.93190741539001,11844,100.0,0.0,0.0
25981,75.93501091003418,11844,100.0,0.0,0.0
25990,75.95749759674072,11844,100.0,0.0,0.0
26000,75.98467421531677,11844,100.0,0.0,0.0
26009,76.00820684432983,11844,100.0,0.0,0.0
26010,76.01058220863342,11844,100.0,0.0,0.0
26012,76.01596283912659,11844,100.0,0.0,0.0
26020,76.03695368766785,11844,100.0,0.0,0.0
26022,76.04413509368896,11844,100.0,0.0,0.0
26030,76.06573843955994,11844,100.0,0.0,0.0
26033,76.07457518577576,11844,100.0,0.0,0.0
26035,76.08053255081177,11844,100.0,0.0,0.0
26039,76.09175419807434,11844,100.0,0.0,0.0
26040,76.09467267990112,11844,100.0,0.0,0.0
26046,76.11162948608398,11844,100.0,0.0,0.0
26050,76.1225037574768,11844,100.0,0.0,0.0
26051,76.12557697296143,11844,100.0,0.0,0.0
26052,76.12857031822205,11844,100.0,0.0,0.0
26059,76.14877033233643,11844,100.0,0.0,0.0
26060,76.1515576839447,11844,100.0,0.0,0.0
26062,76.15791726112366,11844,100.0,0.0,0.0
26070,76.17971134185791,11844,100.0,0.0,0.0
26080,76.2074522972107,11844,100.0,0.0,0.0
26088,76.23006939888,11844,100.0,0.0,0.0
26090,76.23593211174011,11844,100.0,0.0,0.0
26099,76.25970911979675,11844,100.0,0.0,0.0
26100,76.26232194900513,11844,100.0,0.0,0.0
26109,76.28439426422119,11844,100.0,0.0,0.0
26110,76.28694581985474,11844,100.0,0.0,0.0
26120,76.3128342628479,11844,100.0,0.0,0.0
26130,76.33754467964172,11844,100.0,0.0,0.0
26134,76.34933018684387,11844,100.0,0.0,0.0
26135,76.35282611846924,11844,100.0,0.0,0.0
26138,76.36126756668091,11844,100.0,0.0,0.0
26140,76.3656325340271,11844,100.0,0.0,0.0
26150,76.39219975471497,11844,100.0,0.0,0.0
26156,76.40875768661499,11844,100.0,0.0,0.0
26158,76.41455888748169,11844,100.0,0.0,0.0
26160,76.41985058784485,11844,100.0,0.0,0.0
26161,76.42295432090759,11844,100.0,0.0,0.0
26165,76.43418836593628,11844,100.0,0.0,0.0
26170,76.4471926689148,11844,100.0,0.0,0.0
26180,76.47254133224487,11844,100.0,0.0,0.0
26182,76.47843742370605,11844,100.0,0.0,0.0
26183,76.48150682449341,11844,100.0,0.0,0.0
26190,76.50043296813965,11844,100.0,0.0,0.0
26196,76.51656103134155,11844,100.0,0.0,0.0
26197,76.51963710784912,11844,100.0,0.0,0.0
26198,76.52251052856445,11844,100.0,0.0,0.0
26200,76.52755117416382,11844,100.0,0.0,0.0
26206,76.54321384429932,11844,100.0,0.0,0.0
26210,76.55270957946777,11844,100.0,0.0,0.0
26216,76.57002782821655,11844,100.0,0.0,0.0
26218,76.57608532905579,11844,100.0,0.0,0.0
26220,76.58175802230835,11844,100.0,0.0,0.0
26230,76.60836458206177,11844,100.0,0.0,0.0
26240,76.63539862632751,11844,100.0,0.0,0.0
26249,76.65989661216736,11844,100.0,0.0,0.0
26250,76.66307663917542,11844,100.0,0.0,0.0
26254,76.67394948005676,11844,100.0,0.0,0.0
26260,76.68918871879578,11844,100.0,0.0,0.0
26266,76.70574998855591,11844,100.0,0.0,0.0
26270,76.71668815612793,11844,100.0,0.0,0.0
26272,76.72217464447021,11844,100.0,0.0,0.0
26276,76.73318076133728,11844,100.0,0.0,0.0
26280,76.74443769454956,11844,100.0,0.0,0.0
26290,76.77513360977173,11844,100.0,0.0,0.0
26293,76.7838487625122,11844,100.0,0.0,0.0
26300,76.80273532867432,11844,100.0,0.0,0.0
26302,76.80752658843994,11844,100.0,0.0,0.0
26310,76.82734441757202,11844,100.0,0.0,0.0
26316,76.84383702278137,11844,100.0,0.0,0.0
26320,76.8536024093628,11844,100.0,0.0,0.0
26329,76.87827515602112,11844,100.0,0.0,0.0
26330,76.88136529922485,11844,100.0,0.0,0.0
26337,76.9007568359375,11844,100.0,0.0,0.0
26340,76.90973997116089,11844,100.0,0.0,0.0
26343,76.91747617721558,11844,100.0,0.0,0.0
26350,76.93667507171631,11844,100.0,0.0,0.0
26360,76.9637439250946,11844,100.0,0.0,0.0
26367,76.98483276367188,11844,100.0,0.0,0.0
26370,76.99385118484497,11844,100.0,0.0,0.0
26380,77.02019500732422,11844,100.0,0.0,0.0
26389,77.04633402824402,11844,100.0,0.0,0.0
26390,77.04903602600098,11844,100.0,0.0,0.0
26400,77.07792568206787,11844,100.0,0.0,0.0
26410,77.10407161712646,11844,100.0,0.0,0.0
26414,77.11665654182434,11844,100.0,0.0,0.0
26420,77.13337063789368,11844,100.0,0.0,0.0
26425,77.1472647190094,11844,100.0,0.0,0.0
26430,77.16096925735474,11844,100.0,0.0,0.0
26440,77.19002628326416,11844,100.0,0.0,0.0
26450,77.2168779373169,11844,100.0,0.0,0.0
26460,77.24597477912903,11844,100.0,0.0,0.0
26469,77.27040314674377,11844,100.0,0.0,0.0
26470,77.2730484008789,11844,100.0,0.0,0.0
26480,77.29956102371216,11844,100.0,0.0,0.0
26484,77.3107419013977,11844,100.0,0.0,0.0
26490,77.32680869102478,11844,100.0,0.0,0.0
26494,77.3382465839386,11844,100.0,0.0,0.0
26495,77.34129524230957,11844,100.0,0.0,0.0
26496,77.34454536437988,11844,100.0,0.0,0.0
26500,77.35678029060364,11844,100.0,0.0,0.0
26502,77.3630096912384,11844,100.0,0.0,0.0
26506,77.37467980384827,11844,100.0,0.0,0.0
26507,77.37801313400269,11844,100.0,0.0,0.0
26510,77.38585209846497,11844,100.0,0.0,0.0
26515,77.39951920509338,11844,100.0,0.0,0.0
26518,77.40787291526794,11844,100.0,0.0,0.0
26520,77.41256666183472,11844,100.0,0.0,0.0
26527,77.42955088615417,11844,100.0,0.0,0.0
26528,77.43255591392517,11844,100.0,0.0,0.0
26530,77.43866395950317,11844,100.0,0.0,0.0
26539,77.46412110328674,11844,100.0,0.0,0.0
26540,77.46672511100769,11844,100.0,0.0,0.0
26541,77.46992778778076,11844,100.0,0.0,0.0
26549,77.49170756340027,11844,100.0,0.0,0.0
26550,77.4943950176239,11844,100.0,0.0,0.0
26560,77.5206937789917,11844,100.0,0.0,0.0
26570,77.54642152786255,11844,100.0,0.0,0.0
26573,77.55477261543274,11844,100.0,0.0,0.0
26580,77.5741662979126,11844,100.0,0.0,0.0
26589,77.59772324562073,11844,100.0,0.0,0.0
26590,77.60017228126526,11844,100.0,0.0,0.0
26597,77.61831068992615,11844,100.0,0.0,0.0
26600,77.62632989883423,11844,100.0,0.0,0.0
26609,77.65021705627441,11844,100.0,0.0,0.0
26610,77.65204000473022,11844,100.0,0.0,0.0
26611,77.65488624572754,11844,100.0,0.0,0.0
26615,77.66539645195007,11844,100.0,0.0,0.0
26620,77.67743921279907,11844,100.0,0.0,0.0
26624,77.68829226493835,11844,100.0,0.0,0.0
26630,77.7040183544159,11844,100.0,0.0,0.0
26636,77.72069501876831,11844,100.0,0.0,0.0
26637,77.7236762046814,11844,100.0,0.0,0.0
26640,77.73207879066467,11844,100.0,0.0,0.0
26644,77.74267292022705,11844,100.0,0.0,0.0
26650,77.75897669792175,11844,100.0,0.0,0.0
26658,77.78103160858154,11844,100.0,0.0,0.0
26659,77.78417301177979,11844,100.0,0.0,0.0
26660,77.78707075119019,11844,100.0,0.0,0.0
26666,77.80499696731567,11844,100.0,0.0,0.0
26670,77.81572413444519,11844,100.0,0.0,0.0
26673,77.82430076599121,11844,100.0,0.0,0.0
26680,77.84371376037598,11844,100.0,0.0,0.0
26683,77.85195541381836,11844,100.0,0.0,0.0
26685,77.8583345413208,11844,100.0,0.0,0.0
26687,77.86412143707275,11844,100.0,0.0,0.0
26690,77.87131476402283,11844,100.0,0.0,0.0
26694,77.88236975669861,11844,100.0,0.0,0.0
26700,77.89811563491821,11844,100.0,0.0,0.0
26710,77.92436790466309,11844,100.0,0.0,0.0
26712,77.92989802360535,11844,100.0,0.0,0.0
26714,77.93562006950378,11844,100.0,0.0,0.0
26720,77.95297646522522,11844,100.0,0.0,0.0
26721,77.9559679031372,11844,100.0,0.0,0.0
26729,77.9799861907959,11844,100.0,0.0,0.0
26730,77.98313570022583,11844,100.0,0.0,0.0
26732,77.98902797698975,11844,100.0,0.0,0.0
26740,78.0116674900055,11844,100.0,0.0,0.0
26750,78.03867888450623,11844,100.0,0.0,0.0
26751,78.04221940040588,11844,100.0,0.0,0.0
26753,78.04880952835083,11844,100.0,0.0,0.0
26760,78.0670998096466,11844,100.0,0.0,0.0
26767,78.08705949783325,11844,100.0,0.0,0.0
26768,78.09005737304688,11844,100.0,0.0,0.0
26769,78.09292769432068,11844,100.0,0.0,0.0
26770,78.09599781036377,11844,100.0,0.0,0.0
26780,78.12418293952942,11844,100.0,0.0,0.0
26782,78.13014388084412,11844,100.0,0.0,0.0
26790,78.15185070037842,11844,100.0,0.0,0.0
26798,78.17288422584534,11844,100.0,0.0,0.0
26800,78.17840433120728,11844,100.0,0.0,0.0
26810,78.20648455619812,11844,100.0,0.0,0.0
26813,78.2148494720459,11844,100.0,0.0,0.0
26820,78.23587274551392,11844,100.0,0.0,0.0
26827,78.25586366653442,11844,100.0,0.0,0.0
26830,78.26480031013489,11844,100.0,0.0,0.0
26840,78.29055619239807,11844,100.0,0.0,0.0
26850,78.31701111793518,11844,100.0,0.0,0.0
26860,78.34486961364746,11844,100.0,0.0,0.0
26870,78.3713026046753,11844,100.0,0.0,0.0
26878,78.39260959625244,11844,100.0,0.0,0.0
26879,78.39555215835571,11844,100.0,0.0,0.0
26880,78.39722084999084,11844,100.0,0.0,0.0
26886,78.41284132003784,11844,100.0,0.0,0.0
26890,78.42307829856873,11844,100.0,0.0,0.0
26893,78.43132424354553,11844,100.0,0.0,0.0
26896,78.43947505950928,11844,100.0,0.0,0.0
26900,78.45000338554382,11844,100.0,0.0,0.0
26901,78.45298600196838,11844,100.0,0.0,0.0
26908,78.4714822769165,11844,100.0,0.0,0.0
26909,78.47437334060669,11844,100.0,0.0,0.0
26910,78.47682285308838,11844,100.0,0.0,0.0
26911,78.47992038726807,11844,100.0,0.0,0.0
26918,78.49724459648132,11844,100.0,0.0,0.0
26919,78.4999885559082,11844,100.0,0.0,0.0
26920,78.50241017341614,11844,100.0,0.0,0.0
26926,78.51803708076477,11844,100.0,0.0,0.0
26930,78.52768278121948,11844,100.0,0.0,0.0
26934,78.53833675384521,11844,100.0,0.0,0.0
26937,78.54651832580566,11844,100.0,0.0,0.0
26940,78.5542197227478,11844,100.0,0.0,0.0
26943,78.56293988227844,11844,100.0,0.0,0.0
26944,78.56595087051392,11844,100.0,0.0,0.0
26950,78.5825936794281,11844,100.0,0.0,0.0
26951,78.58606958389282,11844,100.0,0.0,0.0
26960,78.60987949371338,11844,100.0,0.0,0.0
26970,78.63450074195862,11844,100.0,0.0,0.0
26980,78.65986967086792,11844,100.0,0.0,0.0
26990,78.68474698066711,11844,100.0,0.0,0.0
26991,78.68762254714966,11844,100.0,0.0,0.0
26992,78.69044733047485,11844,100.0,0.0,0.0
26997,78.70332837104797,11844,100.0,0.0,0.0
26999,78.70916819572449,11844,100.0,0.0,0.0
27000,78.71195268630981,11844,100.0,0.0,0.0
27010,78.7381067276001,11844,100.0,0.0,0.0
27013,78.74544143676758,11844,100.0,0.0,0.0
27020,78.76402807235718,11844,100.0,0.0,0.0
27022,78.7700080871582,11844,100.0,0.0,0.0
27030,78.79108667373657,11844,100.0,0.0,0.0
27037,78.80882000923157,11844,100.0,0.0,0.0
27040,78.81639814376831,11844,100.0,0.0,0.0
27042,78.82199454307556,11844,100.0,0.0,0.0
27043,78.82494354248047,11844,100.0,0.0,0.0
27044,78.82782292366028,11844,100.0,0.0,0.0
27050,78.84319376945496,11844,100.0,0.0,0.0
27055,78.85655426979065,11844,100.0,0.0,0.0
27060,78.86964893341064,11844,100.0,0.0,0.0
27064,78.88039779663086,11844,100.0,0.0,0.0
27065,78.88346195220947,11844,100.0,0.0,0.0
27068,78.89193391799927,11844,100.0,0.0,0.0
27070,78.89720368385315,11844,100.0,0.0,0.0
27072,78.90306043624878,11844,100.0,0.0,0.0
27074,78.90895318984985,11844,100.0,0.0,0.0
27080,78.92447924613953,11844,100.0,0.0,0.0
27090,78.95060658454895,11844,100.0,0.0,0.0
27097,78.97016668319702,11844,100.0,0.0,0.0
27100,78.97831916809082,11844,100.0,0.0,0.0
27103,78.98570656776428,11844,100.0,0.0,0.0
27107,78.99695873260498,11844,100.0,0.0,0.0
27110,79.00493621826172,11844,100.0,0.0,0.0
27113,79.01332831382751,11844,100.0,0.0,0.0
27117,79.02505278587341,11844,100.0,0.0,0.0
27120,79.03390979766846,11844,100.0,0.0,0.0
27130,79.0617790222168,11844,100.0,0.0,0.0
27133,79.07236051559448,11844,100.0,0.0,0.0
27135,79.079904794693,11844,100.0,0.0,0.0
27140,79.09388327598572,11844,100.0,0.0,0.0
27147,79.11299896240234,11844,100.0,0.0,0.0
27150,79.12083506584167,11844,100.0,0.0,0.0
27160,79.147057056427,11844,100.0,0.0,0.0
27170,79.17664432525635,11844,100.0,0.0,0.0
27180,79.20348858833313,11844,100.0,0.0,0.0
27190,79.23249077796936,11844,100.0,0.0,0.0
27192,79.23819398880005,11844,100.0,0.0,0.0
27193,79.24116468429565,11844,100.0,0.0,0.0
27200,79.25981140136719,11844,100.0,0.0,0.0
27203,79.26851630210876,11844,100.0,0.0,0.0
27210,79.28804540634155,11844,100.0,0.0,0.0
27211,79.29118299484253,11844,100.0,0.0,0.0
27213,79.29701709747314,11844,100.0,0.0,0.0
27220,79.3150634765625,11844,100.0,0.0,0.0
27222,79.3206856250763,11844,100.0,0.0,0.0
27230,79.34284663200378,11844,100.0,0.0,0.0
27240,79.369384765625,11844,100.0,0.0,0.0
27243,79.37756848335266,11844,100.0,0.0,0.0
27248,79.39134216308594,11844,100.0,0.0,0.0
27250,79.39566802978516,11844,100.0,0.0,0.0
27254,79.40645432472229,11844,100.0,0.0,0.0
27258,79.4180908203125,11844,100.0,0.0,0.0
27260,79.42347431182861,11844,100.0,0.0,0.0
27270,79.45043992996216,11844,100.0,0.0,0.0
27271,79.45350670814514,11844,100.0,0.0,0.0
27277,79.46748113632202,11844,100.0,0.0,0.0
27280,79.47500348091125,11844,100.0,0.0,0.0
27281,79.47815132141113,11844,100.0,0.0,0.0
27290,79.49984955787659,11844,100.0,0.0,0.0
27293,79.5080075263977,11844,100.0,0.0,0.0
27300,79.52601504325867,11844,100.0,0.0,0.0
27310,79.55118227005005,11844,100.0,0.0,0.0
27319,79.57452964782715,11844,100.0,0.0,0.0
27320,79.57741212844849,11844,100.0,0.0,0.0
27328,79.59910273551941,11844,100.0,0.0,0.0
27330,79.60398650169373,11844,100.0,0.0,0.0
27340,79.62916231155396,11844,100.0,0.0,0.0
27347,79.64784145355225,11844,100.0,0.0,0.0
27349,79.65251469612122,11844,100.0,0.0,0.0
27350,79.65528345108032,11844,100.0,0.0,0.0
27351,79.65809512138367,11844,100.0,0.0,0.0
27360,79.68066024780273,11844,100.0,0.0,0.0
27361,79.68365907669067,11844,100.0,0.0,0.0
27365,79.69436430931091,11844,100.0,0.0,0.0
27366,79.6972770690918,11844,100.0,0.0,0.0
27370,79.70759344100952,11844,100.0,0.0,0.0
27380,79.73298335075378,11844,100.0,0.0,0.0
27382,79.73853588104248,11844,100.0,0.0,0.0
27389,79.7567093372345,11844,100.0,0.0,0.0
27390,79.75946807861328,11844,100.0,0.0,0.0
27391,79.76269316673279,11844,100.0,0.0,0.0
27396,79.77687072753906,11844,100.0,0.0,0.0
27400,79.78775382041931,11844,100.0,0.0,0.0
27406,79.80485963821411,11844,100.0,0.0,0.0
27410,79.8150098323822,11844,100.0,0.0,0.0
27420,79.84143042564392,11844,100.0,0.0,0.0
27430,79.86685681343079,11844,100.0,0.0,0.0
27440,79.89326190948486,11844,100.0,0.0,0.0
27450,79.91617941856384,11844,100.0,0.0,0.0
27453,79.92432045936584,11844,100.0,0.0,0.0
27460,79.94288492202759,11844,100.0,0.0,0.0
27462,79.94870972633362,11844,100.0,0.0,0.0
27470,79.97217345237732,11844,100.0,0.0,0.0
27476,79.9888596534729,11844,100.0,0.0,0.0
27478,79.9946563243866,11844,100.0,0.0,0.0
27480,79.99906516075134,11844,100.0,0.0,0.0
27486,80.01494359970093,11844,100.0,0.0,0.0
27490,80.02565240859985,11844,100.0,0.0,0.0
27492,80.03126215934753,11844,100.0,0.0,0.0
27495,80.03972959518433,11844,100.0,0.0,0.0
27499,80.05105328559875,11844,100.0,0.0,0.0
27500,80.05367875099182,11844,100.0,0.0,0.0
27502,80.0595281124115,11844,100.0,0.0,0.0
27504,80.06580066680908,11844,100.0,0.0,0.0
27510,80.08416295051575,11844,100.0,0.0,0.0
27520,80.1127622127533,11844,100.0,0.0,0.0
27525,80.12623953819275,11844,100.0,0.0,0.0
27528,80.13435816764832,11844,100.0,0.0,0.0
27530,80.13958311080933,11844,100.0,0.0,0.0
27536,80.15685248374939,11844,100.0,0.0,0.0
27540,80.16660785675049,11844,100.0,0.0,0.0
27545,80.1808774471283,11844,100.0,0.0,0.0
27550,80.19414758682251,11844,100.0,0.0,0.0
27560,80.21965026855469,11844,100.0,0.0,0.0
27568,80.24313950538635,11844,100.0,0.0,0.0
27570,80.24848055839539,11844,100.0,0.0,0.0
27576,80.26562118530273,11844,100.0,0.0,0.0
27580,80.27692770957947,11844,100.0,0.0,0.0
27581,80.28011536598206,11844,100.0,0.0,0.0
27582,80.28346800804138,11844,100.0,0.0,0.0
27590,80.30542945861816,11844,100.0,0.0,0.0
27591,80.30886626243591,11844,100.0,0.0,0.0
27593,80.31470894813538,11844,100.0,0.0,0.0
27599,80.33124041557312,11844,100.0,0.0,0.0
27600,80.33383584022522,11844,100.0,0.0,0.0
27610,80.36104154586792,11844,100.0,0.0,0.0
27620,80.38841915130615,11844,100.0,0.0,0.0
27622,80.39437675476074,11844,100.0,0.0,0.0
27624,80.40006995201111,11844,100.0,0.0,0.0
27630,80.41467690467834,11844,100.0,0.0,0.0
27640,80.44078397750854,11844,100.0,0.0,0.0
27641,80.44406270980835,11844,100.0,0.0,0.0
27646,80.45739364624023,11844,100.0,0.0,0.0
27650,80.46813368797302,11844,100.0,0.0,0.0
27654,80.47730588912964,11844,100.0,0.0,0.0
27660,80.49358057975769,11844,100.0,0.0,0.0
27666,80.50944471359253,11844,100.0,0.0,0.0
27668,80.51498317718506,11844,100.0,0.0,0.0
27669,80.5180013179779,11844,100.0,0.0,0.0
27670,80.52104353904724,11844,100.0,0.0,0.0
27674,80.53285455703735,11844,100.0,0.0,0.0
27678,80.544184923172,11844,100.0,0.0,0.0
27680,80.5494031906128,11844,100.0,0.0,0.0
27681,80.55248522758484,11844,100.0,0.0,0.0
27682,80.5555579662323,11844,100.0,0.0,0.0
27686,80.56583857536316,11844,100.0,0.0,0.0
27688,80.57154679298401,11844,100.0,0.0,0.0
27690,80.57607984542847,11844,100.0,0.0,0.0
27693,80.58440017700195,11844,100.0,0.0,0.0
27698,80.59857130050659,11844,100.0,0.0,0.0
27700,80.6029314994812,11844,100.0,0.0,0.0
27710,80.6268539428711,11844,100.0,0.0,0.0
27720,80.6524441242218,11844,100.0,0.0,0.0
27726,80.66823744773865,11844,100.0,0.0,0.0
27730,80.67905449867249,11844,100.0,0.0,0.0
27733,80.68753814697266,11844,100.0,0.0,0.0
27740,80.70612859725952,11844,100.0,0.0,0.0
27750,80.73065090179443,11844,100.0,0.0,0.0
27758,80.75042653083801,11844,100.0,0.0,0.0
27759,80.75320506095886,11844,100.0,0.0,0.0
27760,80.75558543205261,11844,100.0,0.0,0.0
27763,80.76380276679993,11844,100.0,0.0,0.0
27764,80.76704502105713,11844,100.0,0.0,0.0
27765,80.7701416015625,11844,100.0,0.0,0.0
27766,80.77316880226135,11844,100.0,0.0,0.0
27769,80.78141355514526,11844,100.0,0.0,0.0
27770,80.78412699699402,11844,100.0,0.0,0.0
27772,80.78989624977112,11844,100.0,0.0,0.0
27774,80.79638290405273,11844,100.0,0.0,0.0
27776,80.80229330062866,11844,100.0,0.0,0.0
27780,80.8138153553009,11844,100.0,0.0,0.0
27790,80.84210586547852,11844,100.0,0.0,0.0
27796,80.85891938209534,11844,100.0,0.0,0.0
27800,80.86976838111877,11844,100.0,0.0,0.0
27805,80.88424515724182,11844,100.0,0.0,0.0
27808,80.89262866973877,11844,100.0,0.0,0.0
27809,80.89568185806274,11844,100.0,0.0,0.0
27810,80.89824533462524,11844,100.0,0.0,0.0
27813,80.90703439712524,11844,100.0,0.0,0.0
27820,80.92602348327637,11844,100.0,0.0,0.0
27830,80.95270824432373,11844,100.0,0.0,0.0
27833,80.96200919151306,11844,100.0,0.0,0.0
27840,80.98020529747009,11844,100.0,0.0,0.0
27846,80.9959979057312,11844,100.0,0.0,0.0
27850,81.00625252723694,11844,100.0,0.0,0.0
27860,81.03168153762817,11844,100.0,0.0,0.0
27863,81.03914451599121,11844,100.0,0.0,0.0
27870,81.05942177772522,11844,100.0,0.0,0.0
27873,81.06832075119019,11844,100.0,0.0,0.0
27880,81.08871936798096,11844,100.0,0.0,0.0
27884,81.0997941493988,11844,100.0,0.0,0.0
27890,81.11544466018677,11844,100.0,0.0,0.0
27898,81.13562965393066,11844,100.0,0.0,0.0
27900,81.14149284362793,11844,100.0,0.0,0.0
27910,81.17003679275513,11844,100.0,0.0,0.0
27920,81.19947218894958,11844,100.0,0.0,0.0
27930,81.22570633888245,11844,100.0,0.0,0.0
27940,81.25544500350952,11844,100.0,0.0,0.0
27941,81.25862884521484,11844,100.0,0.0,0.0
27946,81.27301669120789,11844,100.0,0.0,0.0
27950,81.28291320800781,11844,100.0,0.0,0.0
27960,81.30955910682678,11844,100.0,0.0,0.0
27962,81.31517696380615,11844,100.0,0.0,0.0
27965,81.32361030578613,11844,100.0,0.0,0.0
27970,81.33690762519836,11844,100.0,0.0,0.0
27975,81.35011124610901,11844,100.0,0.0,0.0
27980,81.36266541481018,11844,100.0,0.0,0.0
27990,81.38814377784729,11844,100.0,0.0,0.0
27995,81.40196418762207,11844,100.0,0.0,0.0
27998,81.40950274467468,11844,100.0,0.0,0.0
28000,81.41487860679626,11844,100.0,0.0,0.0
28001,81.41807103157043,11844,100.0,0.0,0.0
28007,81.43348121643066,11844,100.0,0.0,0.0
28008,81.4364161491394,11844,100.0,0.0,0.0
28010,81.44147253036499,11844,100.0,0.0,0.0
28013,81.45027112960815,11844,100.0,0.0,0.0
28020,81.46866774559021,11844,100.0,0.0,0.0
28022,81.47528982162476,11844,100.0,0.0,0.0
28030,81.49549746513367,11844,100.0,0.0,0.0
28034,81.50608205795288,11844,100.0,0.0,0.0
28035,81.50893044471741,11844,100.0,0.0,0.0
28040,81.52092957496643,11844,100.0,0.0,0.0
28050,81.5478241443634,11844,100.0,0.0,0.0
28055,81.56147193908691,11844,100.0,0.0,0.0
28056,81.56459498405457,11844,100.0,0.0,0.0
28060,81.57535696029663,11844,100.0,0.0,0.0
28064,81.58852672576904,11844,100.0,0.0,0.0
28070,81.60584259033203,11844,100.0,0.0,0.0
28075,81.62150168418884,11844,100.0,0.0,0.0
28080,81.63676834106445,11844,100.0,0.0,0.0
28090,81.66710162162781,11844,100.0,0.0,0.0
28092,81.67305326461792,11844,100.0,0.0,0.0
28100,81.6940495967865,11844,100.0,0.0,0.0
28110,81.72162294387817,11844,100.0,0.0,0.0
28112,81.72747707366943,11844,100.0,0.0,0.0
28113,81.73040795326233,11844,100.0,0.0,0.0
28120,81.74804854393005,11844,100.0,0.0,0.0
28121,81.75117993354797,11844,100.0,0.0,0.0
28124,81.76109910011292,11844,100.0,0.0,0.0
28127,81.7701370716095,11844,100.0,0.0,0.0
28130,81.77796030044556,11844,100.0,0.0,0.0
28135,81.79313635826111,11844,100.0,0.0,0.0
28140,81.80818796157837,11844,100.0,0.0,0.0
28143,81.81715250015259,11844,100.0,0.0,0.0
28150,81.83715534210205,11844,100.0,0.0,0.0
28158,81.8614010810852,11844,100.0,0.0,0.0
28160,81.86704087257385,11844,100.0,0.0,0.0
28161,81.87082839012146,11844,100.0,0.0,0.0
28164,81.87908983230591,11844,100.0,0.0,0.0
28170,81.89417767524719,11844,100.0,0.0,0.0
28176,81.91005182266235,11844,100.0,0.0,0.0
28180,81.92128348350525,11844,100.0,0.0,0.0
28190,81.94767355918884,11844,100.0,0.0,0.0
28191,81.95107817649841,11844,100.0,0.0,0.0
28192,81.95433473587036,11844,100.0,0.0,0.0
28198,81.9720709323883,11844,100.0,0.0,0.0
28200,81.97875618934631,11844,100.0,0.0,0.0
28210,82.00543403625488,11844,100.0,0.0,0.0
28213,82.01418089866638,11844,100.0,0.0,0.0
28220,82.03454113006592,11844,100.0,0.0,0.0
28230,82.06215643882751,11844,100.0,0.0,0.0
28231,82.06532216072083,11844,100.0,0.0,0.0
28239,82.08720183372498,11844,100.0,0.0,0.0
28240,82.08977341651917,11844,100.0,0.0,0.0
28241,82.09270286560059,11844,100.0,0.0,0.0
28250,82.11578631401062,11844,100.0,0.0,0.0
28260,82.14183044433594,11844,100.0,0.0,0.0
28264,82.15281510353088,11844,100.0,0.0,0.0
28265,82.15579056739807,11844,100.0,0.0,0.0
28270,82.1688768863678,11844,100.0,0.0,0.0
28278,82.19039607048035,11844,100.0,0.0,0.0
28280,82.19549107551575,11844,100.0,0.0,0.0
28287,82.21516013145447,11844,100.0,0.0,0.0
28288,82.21821618080139,11844,100.0,0.0,0.0
28290,82.22273755073547,11844,100.0,0.0,0.0
28294,82.23454070091248,11844,100.0,0.0,0.0
28295,82.23906016349792,11844,100.0,0.0,0.0
28299,82.25239562988281,11844,100.0,0.0,0.0
28300,82.25517392158508,11844,100.0,0.0,0.0
28309,82.27982497215271,11844,100.0,0.0,0.0
28310,82.2823977470398,11844,100.0,0.0,0.0
28320,82.31053566932678,11844,100.0,0.0,0.0
28325,82.32448172569275,11844,100.0,0.0,0.0
28330,82.33796548843384,11844,100.0,0.0,0.0
28337,82.35732674598694,11844,100.0,0.0,0.0
28338,82.36049222946167,11844,100.0,0.0,0.0
28339,82.36349844932556,11844,100.0,0.0,0.0
28340,82.3664710521698,11844,100.0,0.0,0.0
28350,82.3942973613739,11844,100.0,0.0,0.0
28351,82.39748024940491,11844,100.0,0.0,0.0
28357,82.41565942764282,11844,100.0,0.0,0.0
28358,82.41871476173401,11844,100.0,0.0,0.0
28360,82.42415118217468,11844,100.0,0.0,0.0
28366,82.4421455860138,11844,100.0,0.0,0.0
28370,82.45452284812927,11844,100.0,0.0,0.0
28374,82.46548557281494,11844,100.0,0.0,0.0
28380,82.48130583763123,11844,100.0,0.0,0.0
28383,82.49117946624756,11844,100.0,0.0,0.0
28390,82.51085090637207,11844,100.0,0.0,0.0
28400,82.5379478931427,11844,100.0,0.0,0.0
28407,82.55879497528076,11844,100.0,0.0,0.0
28408,82.56172609329224,11844,100.0,0.0,0.0
28410,82.56691527366638,11844,100.0,0.0,0.0
28413,82.57519745826721,11844,100.0,0.0,0.0
28420,82.594322681427,11844,100.0,0.0,0.0
28421,82.59744381904602,11844,100.0,0.0,0.0
28430,82.62244868278503,11844,100.0,0.0,0.0
28431,82.62563419342041,11844,100.0,0.0,0.0
28438,82.64528632164001,11844,100.0,0.0,0.0
28440,82.65061831474304,11844,100.0,0.0,0.0
28450,82.67759370803833,11844,100.0,0.0,0.0
28460,82.70431160926819,11844,100.0,0.0,0.0
28470,82.73063468933105,11844,100.0,0.0,0.0
28475,82.74384093284607,11844,100.0,0.0,0.0
28480,82.75779509544373,11844,100.0,0.0,0.0
28488,82.7795057296753,11844,100.0,0.0,0.0
28490,82.7851390838623,11844,100.0,0.0,0.0
28495,82.7991693019867,11844,100.0,0.0,0.0
28500,82.8127806186676,11844,100.0,0.0,0.0
28508,82.83480787277222,11844,100.0,0.0,0.0
28510,82.84063816070557,11844,100.0,0.0,0.0
28515,82.85315418243408,11844,100.0,0.0,0.0
28520,82.8660683631897,11844,100.0,0.0,0.0
28522,82.8710458278656,11844,100.0,0.0,0.0
28530,82.89165997505188,11844,100.0,0.0,0.0
28532,82.89725065231323,11844,100.0,0.0,0.0
28538,82.91353726387024,11844,100.0,0.0,0.0
28540,82.9187560081482,11844,100.0,0.0,0.0
28550,82.9418728351593,11844,100.0,0.0,0.0
28560,82.96872234344482,11844,100.0,0.0,0.0
28563,82.97730851173401,11844,100.0,0.0,0.0
28568,82.99071431159973,11844,100.0,0.0,0.0
28570,82.9945228099823,11844,100.0,0.0,0.0
28580,83.02335476875305,11844,100.0,0.0,0.0
28581,83.02663588523865,11844,100.0,0.0,0.0
28588,83.04564166069031,11844,100.0,0.0,0.0
28590,83.05124759674072,11844,100.0,0.0,0.0
28594,83.06383323669434,11844,100.0,0.0,0.0
28595,83.0670998096466,11844,100.0,0.0,0.0
28598,83.07528948783875,11844,100.0,0.0,0.0
28600,83.08100938796997,11844,100.0,0.0,0.0
28603,83.08980393409729,11844,100.0,0.0,0.0
28609,83.10704469680786,11844,100.0,0.0,0.0
28610,83.10972738265991,11844,100.0,0.0,0.0
28611,83.11297941207886,11844,100.0,0.0,0.0
28620,83.1350326538086,11844,100.0,0.0,0.0
28630,83.16327810287476,11844,100.0,0.0,0.0
28633,83.17261028289795,11844,100.0,0.0,0.0
28638,83.18725872039795,11844,100.0,0.0,0.0
28640,83.19271421432495,11844,100.0,0.0,0.0
28650,83.21758437156677,11844,100.0,0.0,0.0
28660,83.24685025215149,11844,100.0,0.0,0.0
28662,83.25360989570618,11844,100.0,0.0,0.0
28670,83.27665400505066,11844,100.0,0.0,0.0
28680,83.3047387599945,11844,100.0,0.0,0.0
28687,83.32407927513123,11844,100.0,0.0,0.0
28690,83.33231592178345,11844,100.0,0.0,0.0
28700,83.35985922813416,11844,100.0,0.0,0.0
28710,83.38625621795654,11844,100.0,0.0,0.0
28714,83.39727711677551,11844,100.0,0.0,0.0
28720,83.41271424293518,11844,100.0,0.0,0.0
28725,83.42574334144592,11844,100.0,0.0,0.0
28730,83.43915963172913,11844,100.0,0.0,0.0
28733,83.447838306427,11844,100.0,0.0,0.0
28734,83.4517183303833,11844,100.0,0.0,0.0
28737,83.46078944206238,11844,100.0,0.0,0.0
28740,83.46959280967712,11844,100.0,0.0,0.0
28750,83.49433183670044,11844,100.0,0.0,0.0
28758,83.51760005950928,11844,100.0,0.0,0.0
28760,83.52227759361267,11844,100.0,0.0,0.0
28764,83.53442406654358,11844,100.0,0.0,0.0
28770,83.55249047279358,11844,100.0,0.0,0.0
28780,83.58154606819153,11844,100.0,0.0,0.0
28787,83.60110688209534,11844,100.0,0.0,0.0
28789,83.60663318634033,11844,100.0,0.0,0.0
28790,83.60849976539612,11844,100.0,0.0,0.0
28800,83.63281679153442,11844,100.0,0.0,0.0
28802,83.63830494880676,11844,100.0,0.0,0.0
28810,83.6579360961914,11844,100.0,0.0,0.0
28811,83.66190147399902,11844,100.0,0.0,0.0
28812,83.6648051738739,11844,100.0,0.0,0.0
28820,83.68681526184082,11844,100.0,0.0,0.0
28827,83.7045681476593,11844,100.0,0.0,0.0
28828,83.70749187469482,11844,100.0,0.0,0.0
28830,83.71262574195862,11844,100.0,0.0,0.0
28833,83.72155117988586,11844,100.0,0.0,0.0
28840,83.73874020576477,11844,100.0,0.0,0.0
28850,83.76487016677856,11844,100.0,0.0,0.0
28860,83.79154872894287,11844,100.0,0.0,0.0
28870,83.81621408462524,11844,100.0,0.0,0.0
28873,83.82464075088501,11844,100.0,0.0,0.0
28874,83.82763290405273,11844,100.0,0.0,0.0
28880,83.84384107589722,11844,100.0,0.0,0.0
28890,83.87045788764954,11844,100.0,0.0,0.0
28897,83.88782286643982,11844,100.0,0.0,0.0
28900,83.89532899856567,11844,100.0,0.0,0.0
28905,83.90862345695496,11844,100.0,0.0,0.0
28910,83.92178058624268,11844,100.0,0.0,0.0
28913,83.93035888671875,11844,100.0,0.0,0.0
28920,83.94933032989502,11844,100.0,0.0,0.0
28925,83.96296286582947,11844,100.0,0.0,0.0
28930,83.97556829452515,11844,100.0,0.0,0.0
28936,83.99205040931702,11844,100.0,0.0,0.0
28938,83.99782109260559,11844,100.0,0.0,0.0
28940,84.00317764282227,11844,100.0,0.0,0.0
28943,84.01167178153992,11844,100.0,0.0,0.0
28950,84.03136730194092,11844,100.0,0.0,0.0
28956,84.04821634292603,11844,100.0,0.0,0.0
28958,84.05528593063354,11844,100.0,0.0,0.0
28960,84.06093788146973,11844,100.0,0.0,0.0
28964,84.07469367980957,11844,100.0,0.0,0.0
28966,84.08120465278625,11844,100.0,0.0,0.0
28970,84.09239935874939,11844,100.0,0.0,0.0
28972,84.09833312034607,11844,100.0,0.0,0.0
28980,84.12100863456726,11844,100.0,0.0,0.0
28989,84.14528107643127,11844,100.0,0.0,0.0
28990,84.14831972122192,11844,100.0,0.0,0.0
28994,84.15927314758301,11844,100.0,0.0,0.0
29000,84.17540955543518,11844,100.0,0.0,0.0
29003,84.18448996543884,11844,100.0,0.0,0.0
29007,84.19633221626282,11844,100.0,0.0,0.0
29010,84.20505380630493,11844,100.0,0.0,0.0
29015,84.21938347816467,11844,100.0,0.0,0.0
29017,84.22535395622253,11844,100.0,0.0,0.0
29020,84.23398876190186,11844,100.0,0.0,0.0
29024,84.24650382995605,11844,100.0,0.0,0.0
29030,84.26413798332214,11844,100.0,0.0,0.0
29031,84.26716446876526,11844,100.0,0.0,0.0
29033,84.27330303192139,11844,100.0,0.0,0.0
29038,84.28722190856934,11844,100.0,0.0,0.0
29040,84.29260778427124,11844,100.0,0.0,0.0
29049,84.31753730773926,11844,100.0,0.0,0.0
29050,84.32010889053345,11844,100.0,0.0,0.0
29057,84.33968424797058,11844,100.0,0.0,0.0
29060,84.3477623462677,11844,100.0,0.0,0.0
29061,84.35151839256287,11844,100.0,0.0,0.0
29063,84.35775971412659,11844,100.0,0.0,0.0
29068,84.37233901023865,11844,100.0,0.0,0.0
29070,84.37776732444763,11844,100.0,0.0,0.0
29073,84.38630509376526,11844,100.0,0.0,0.0
29077,84.39656114578247,11844,100.0,0.0,0.0
29080,84.40461444854736,11844,100.0,0.0,0.0
29090,84.43140172958374,11844,100.0,0.0,0.0
29094,84.4410240650177,11844,100.0,0.0,0.0
29100,84.45756959915161,11844,100.0,0.0,0.0
29110,84.48395919799805,11844,100.0,0.0,0.0
29116,84.5006902217865,11844,100.0,0.0,0.0
29117,84.50366163253784,11844,100.0,0.0,0.0
29120,84.51160097122192,11844,100.0,0.0,0.0
29122,84.51746201515198,11844,100.0,0.0,0.0
29124,84.5235104560852,11844,100.0,0.0,0.0
29130,84.539799451828,11844,100.0,0.0,0.0
29140,84.56434059143066,11844,100.0,0.0,0.0
29144,84.57490372657776,11844,100.0,0.0,0.0
29145,84.57805824279785,11844,100.0,0.0,0.0
29150,84.59048199653625,11844,100.0,0.0,0.0
29153,84.59852027893066,11844,100.0,0.0,0.0
29160,84.61512017250061,11844,100.0,0.0,0.0
29161,84.61810660362244,11844,100.0,0.0,0.0
29163,84.62377452850342,11844,100.0,0.0,0.0
29170,84.64156484603882,11844,100.0,0.0,0.0
29176,84.65726351737976,11844,100.0,0.0,0.0
29177,84.66029357910156,11844,100.0,0.0,0.0
29180,84.66814637184143,11844,100.0,0.0,0.0
29190,84.69349384307861,11844,100.0,0.0,0.0
29193,84.7019829750061,11844,100.0,0.0,0.0
29200,84.72132325172424,11844,100.0,0.0,0.0
29201,84.72436666488647,11844,100.0,0.0,0.0
29210,84.74643301963806,11844,100.0,0.0,0.0
29211,84.74954223632812,11844,100.0,0.0,0.0
29218,84.76771426200867,11844,100.0,0.0,0.0
29220,84.77217936515808,11844,100.0,0.0,0.0
29227,84.79162621498108,11844,100.0,0.0,0.0
29230,84.79963755607605,11844,100.0,0.0,0.0
29231,84.80274152755737,11844,100.0,0.0,0.0
29238,84.82297325134277,11844,100.0,0.0,0.0
29240,84.82825088500977,11844,100.0,0.0,0.0
29249,84.85214233398438,11844,100.0,0.0,0.0
29250,84.8546416759491,11844,100.0,0.0,0.0
29260,84.87928915023804,11844,100.0,0.0,0.0
29270,84.90524697303772,11844,100.0,0.0,0.0
29271,84.90829420089722,11844,100.0,0.0,0.0
29280,84.93061828613281,11844,100.0,0.0,0.0
29290,84.95604300498962,11844,100.0,0.0,0.0
29300,84.98076796531677,11844,100.0,0.0,0.0
29302,84.98638796806335,11844,100.0,0.0,0.0
29310,85.00699472427368,11844,100.0,0.0,0.0
29315,85.02071285247803,11844,100.0,0.0,0.0
29318,85.02920889854431,11844,100.0,0.0,0.0
29320,85.03460311889648,11844,100.0,0.0,0.0
29330,85.06246995925903,11844,100.0,0.0,0.0
29332,85.06843519210815,11844,100.0,0.0,0.0
29338,85.08466506004333,11844,100.0,0.0,0.0
29340,85.0901939868927,11844,100.0,0.0,0.0
29346,85.10671758651733,11844,100.0,0.0,0.0
29349,85.11557340621948,11844,100.0,0.0,0.0
29350,85.11842560768127,11844,100.0,0.0,0.0
29356,85.13514518737793,11844,100.0,0.0,0.0
29360,85.14591383934021,11844,100.0,0.0,0.0
29370,85.17366790771484,11844,100.0,0.0,0.0
29380,85.2058756351471,11844,100.0,0.0,0.0
29390,85.23657989501953,11844,100.0,0.0,0.0
29400,85.26670837402344,11844,100.0,0.0,0.0
29402,85.27268648147583,11844,100.0,0.0,0.0
29404,85.27927350997925,11844,100.0,0.0,0.0
29405,85.28254652023315,11844,100.0,0.0,0.0
29410,85.29483151435852,11844,100.0,0.0,0.0
29413,85.30316066741943,11844,100.0,0.0,0.0
29420,85.32336187362671,11844,100.0,0.0,0.0
29423,85.3320517539978,11844,100.0,0.0,0.0
29424,85.33504176139832,11844,100.0,0.0,0.0
29430,85.35034561157227,11844,100.0,0.0,0.0
29434,85.36396503448486,11844,100.0,0.0,0.0
29438,85.37559056282043,11844,100.0,0.0,0.0
29440,85.38093113899231,11844,100.0,0.0,0.0
29448,85.40305185317993,11844,100.0,0.0,0.0
29449,85.40607118606567,11844,100.0,0.0,0.0
29450,85.40866088867188,11844,100.0,0.0,0.0
29457,85.43421506881714,11844,100.0,0.0,0.0
29460,85.44289064407349,11844,100.0,0.0,0.0
29461,85.44775915145874,11844,100.0,0.0,0.0
29467,85.47282481193542,11844,100.0,0.0,0.0
29470,85.48353147506714,11844,100.0,0.0,0.0
29472,85.48970532417297,11844,100.0,0.0,0.0
29473,85.49325013160706,11844,100.0,0.0,0.0
29477,85.50955152511597,11844,100.0,0.0,0.0
29478,85.51285338401794,11844,100.0,0.0,0.0
29480,85.51843476295471,11844,100.0,0.0,0.0
29490,85.54431557655334,11844,100.0,0.0,0.0
29492,85.55032777786255,11844,100.0,0.0,0.0
29500,85.57093262672424,11844,100.0,0.0,0.0
29510,85.59825372695923,11844,100.0,0.0,0.0
29520,85.62500834465027,11844,100.0,0.0,0.0
29530,85.65118980407715,11844,100.0,0.0,0.0
29540,85.67795515060425,11844,100.0,0.0,0.0
29550,85.70362997055054,11844,100.0,0.0,0.0
29560,85.72942209243774,11844,100.0,0.0,0.0
29562,85.73534154891968,11844,100.0,0.0,0.0
29565,85.74425172805786,11844,100.0,0.0,0.0
29570,85.75670528411865,11844,100.0,0.0,0.0
29572,85.76248240470886,11844,100.0,0.0,0.0
29574,85.76841402053833,11844,100.0,0.0,0.0
29575,85.77151846885681,11844,100.0,0.0,0.0
29576,85.7746593952179,11844,100.0,0.0,0.0
29578,85.78060364723206,11844,100.0,0.0,0.0
29579,85.7839047908783,11844,100.0,0.0,0.0
29580,85.78649234771729,11844,100.0,0.0,0.0
29586,85.80317878723145,11844,100.0,0.0,0.0
29590,85.81389045715332,11844,100.0,0.0,0.0
29600,85.84046006202698,11844,100.0,0.0,0.0
29610,85.86661267280579,11844,100.0,0.0,0.0
29620,85.89077472686768,11844,100.0,0.0,0.0
29622,85.89616918563843,11844,100.0,0.0,0.0
29630,85.9168016910553,11844,100.0,0.0,0.0
29635,85.92998385429382,11844,100.0,0.0,0.0
29640,85.9437210559845,11844,100.0,0.0,0.0
29650,85.97191739082336,11844,100.0,0.0,0.0
29651,85.97532439231873,11844,100.0,0.0,0.0
29660,86.00077223777771,11844,100.0,0.0,0.0
29667,86.01924729347229,11844,100.0,0.0,0.0
29670,86.02779150009155,11844,100.0,0.0,0.0
29680,86.05603337287903,11844,100.0,0.0,0.0
29686,86.0742974281311,11844,100.0,0.0,0.0
29690,86.08521890640259,11844,100.0,0.0,0.0
29693,86.09342837333679,11844,100.0,0.0,0.0
29700,86.1143844127655,11844,100.0,0.0,0.0
29708,86.13710904121399,11844,100.0,0.0,0.0
29710,86.14273834228516,11844,100.0,0.0,0.0
29714,86.15428733825684,11844,100.0,0.0,0.0
29720,86.17040491104126,11844,100.0,0.0,0.0
29730,86.20187163352966,11844,100.0,0.0,0.0
29731,86.20534682273865,11844,100.0,0.0,0.0
29735,86.2175600528717,11844,100.0,0.0,0.0
29739,86.2299211025238,11844,100.0,0.0,0.0
29740,86.23276925086975,11844,100.0,0.0,0.0
29743,86.24205994606018,11844,100.0,0.0,0.0
29750,86.26436805725098,11844,100.0,0.0,0.0
29752,86.26941704750061,11844,100.0,0.0,0.0
29760,86.29101014137268,11844,100.0,0.0,0.0
29770,86.3228166103363,11844,100.0,0.0,0.0
29776,86.34047627449036,11844,100.0,0.0,0.0
29780,86.35066437721252,11844,100.0,0.0,0.0
29788,86.37353348731995,11844,100.0,0.0,0.0
29790,86.37912464141846,11844,100.0,0.0,0.0
29794,86.38985705375671,11844,100.0,0.0,0.0
29797,86.39826226234436,11844,100.0,0.0,0.0
29798,86.40133309364319,11844,100.0,0.0,0.0
29800,86.40706658363342,11844,100.0,0.0,0.0
29801,86.41086077690125,11844,100.0,0.0,0.0
29809,86.43573141098022,11844,100.0,0.0,0.0
29810,86.43838763237,11844,100.0,0.0,0.0
29820,86.46672105789185,11844,100.0,0.0,0.0
29829,86.4943859577179,11844,100.0,0.0,0.0
29830,86.49761867523193,11844,100.0,0.0,0.0
29835,86.51565837860107,11844,100.0,0.0,0.0
29838,86.52477431297302,11844,100.0,0.0,0.0
29840,86.53052854537964,11844,100.0,0.0,0.0
29844,86.54284048080444,11844,100.0,0.0,0.0
29850,86.56022334098816,11844,100.0,0.0,0.0
29860,86.58979892730713,11844,100.0,0.0,0.0
29870,86.61959767341614,11844,100.0,0.0,0.0
29872,86.62587022781372,11844,100.0,0.0,0.0
29877,86.64118933677673,11844,100.0,0.0,0.0
29878,86.64430689811707,11844,100.0,0.0,0.0
29879,86.64721179008484,11844,100.0,0.0,0.0
29880,86.64978647232056,11844,100.0,0.0,0.0
29884,86.66100311279297,11844,100.0,0.0,0.0
29890,86.67711114883423,11844,100.0,0.0,0.0
29894,86.68710660934448,11844,100.0,0.0,0.0
29895,86.68996477127075,11844,100.0,0.0,0.0
29900,86.7028272151947,11844,100.0,0.0,0.0
29904,86.71601891517639,11844,100.0,0.0,0.0
29908,86.72634601593018,11844,100.0,0.0,0.0
29909,86.72933077812195,11844,100.0,0.0,0.0
29910,86.73215818405151,11844,100.0,0.0,0.0
29920,86.75986790657043,11844,100.0,0.0,0.0
29921,86.76278781890869,11844,100.0,0.0,0.0
29922,86.76580834388733,11844,100.0,0.0,0.0
29930,86.78831458091736,11844,100.0,0.0,0.0
29934,86.79868769645691,11844,100.0,0.0,0.0
29940,86.815762758255,11844,100.0,0.0,0.0
29946,86.83063697814941,11844,100.0,0.0,0.0
29950,86.84133744239807,11844,100.0,0.0,0.0
29952,86.8472957611084,11844,100.0,0.0,0.0
29960,86.86725163459778,11844,100.0,0.0,0.0
29970,86.8941719532013,11844,100.0,0.0,0.0
29977,86.91401672363281,11844,100.0,0.0,0.0
29980,86.92184090614319,11844,100.0,0.0,0.0
29990,86.9483106136322,11844,100.0,0.0,0.0
29994,86.95928812026978,11844,100.0,0.0,0.0
29998,86.96945595741272,11844,100.0,0.0,0.0
30000,86.9750726222992,11844,100.0,0.0,0.0
30006,86.99117374420166,11844,100.0,0.0,0.0
30010,87.0018994808197,11844,100.0,0.0,0.0
30019,87.02744650840759,11844,100.0,0.0,0.0
30020,87.03044867515564,11844,100.0,0.0,0.0
30030,87.05716133117676,11844,100.0,0.0,0.0
30039,87.0837631225586,11844,100.0,0.0,0.0
30040,87.08680820465088,11844,100.0,0.0,0.0
30046,87.10366678237915,11844,100.0,0.0,0.0
30048,87.1097960472107,11844,100.0,0.0,0.0
30050,87.11559391021729,11844,100.0,0.0,0.0
30055,87.12964248657227,11844,100.0,0.0,0.0
30060,87.14320850372314,11844,100.0,0.0,0.0
30070,87.17128658294678,11844,100.0,0.0,0.0
30076,87.18744778633118,11844,100.0,0.0,0.0
30080,87.19918751716614,11844,100.0,0.0,0.0
30090,87.22664308547974,11844,100.0,0.0,0.0
30100,87.25379943847656,11844,100.0,0.0,0.0
30110,87.28153896331787,11844,100.0,0.0,0.0
30120,87.30879497528076,11844,100.0,0.0,0.0
30121,87.3121747970581,11844,100.0,0.0,0.0
30130,87.33678364753723,11844,100.0,0.0,0.0
30140,87.36505556106567,11844,100.0,0.0,0.0
30145,87.37943148612976,11844,100.0,0.0,0.0
30148,87.38791918754578,11844,100.0,0.0,0.0
30150,87.39311838150024,11844,100.0,0.0,0.0
30158,87.41397476196289,11844,100.0,0.0,0.0
30160,87.41949152946472,11844,100.0,0.0,0.0
30162,87.42588138580322,11844,100.0,0.0,0.0
30170,87.44699144363403,11844,100.0,0.0,0.0
30172,87.4525740146637,11844,100.0,0.0,0.0
30173,87.45561504364014,11844,100.0,0.0,0.0
30180,87.47451281547546,11844,100.0,0.0,0.0
30190,87.4999132156372,11844,100.0,0.0,0.0
30192,87.50546312332153,11844,100.0,0.0,0.0
30200,87.52654242515564,11844,100.0,0.0,0.0
30206,87.54325127601624,11844,100.0,0.0,0.0
30208,87.5493574142456,11844,100.0,0.0,0.0
30210,87.55531120300293,11844,100.0,0.0,0.0
30212,87.56127524375916,11844,100.0,0.0,0.0
30220,87.58385586738586,11844,100.0,0.0,0.0
30230,87.61233568191528,11844,100.0,0.0,0.0
30238,87.63450884819031,11844,100.0,0.0,0.0
30240,87.6406672000885,11844,100.0,0.0,0.0
30250,87.66745781898499,11844,100.0,0.0,0.0
30260,87.69433999061584,11844,100.0,0.0,0.0
30270,87.71988368034363,11844,100.0,0.0,0.0
30276,87.73689341545105,11844,100.0,0.0,0.0
30280,87.74820947647095,11844,100.0,0.0,0.0
30290,87.77570462226868,11844,100.0,0.0,0.0
30298,87.79897975921631,11844,100.0,0.0,0.0
30300,87.80540752410889,11844,100.0,0.0,0.0
30307,87.82552576065063,11844,100.0,0.0,0.0
30310,87.8334469795227,11844,100.0,0.0,0.0
30320,87.86176991462708,11844,100.0,0.0,0.0
30322,87.8679141998291,11844,100.0,0.0,0.0
30330,87.89006018638611,11844,100.0,0.0,0.0
30332,87.89593720436096,11844,100.0,0.0,0.0
30337,87.91003727912903,11844,100.0,0.0,0.0
30340,87.91877603530884,11844,100.0,0.0,0.0
30341,87.92181658744812,11844,100.0,0.0,0.0
30350,87.94306540489197,11844,100.0,0.0,0.0
30357,87.96205997467041,11844,100.0,0.0,0.0
30360,87.97059392929077,11844,100.0,0.0,0.0
30370,87.9961907863617,11844,100.0,0.0,0.0
30380,88.02207326889038,11844,100.0,0.0,0.0
30386,88.03868985176086,11844,100.0,0.0,0.0
30390,88.04967188835144,11844,100.0,0.0,0.0
30400,88.07737851142883,11844,100.0,0.0,0.0
30410,88.10503673553467,11844,100.0,0.0,0.0
30413,88.11528372764587,11844,100.0,0.0,0.0
30414,88.11856579780579,11844,100.0,0.0,0.0
30420,88.13389945030212,11844,100.0,0.0,0.0
30425,88.14902305603027,11844,100.0,0.0,0.0
30426,88.15501928329468,11844,100.0,0.0,0.0
30430,88.16625118255615,11844,100.0,0.0,0.0
30434,88.17928290367126,11844,100.0,0.0,0.0
30439,88.19264197349548,11844,100.0,0.0,0.0
30440,88.19539880752563,11844,100.0,0.0,0.0
30450,88.22195529937744,11844,100.0,0.0,0.0
30454,88.23314380645752,11844,100.0,0.0,0.0
30460,88.24953818321228,11844,100.0,0.0,0.0
30461,88.25263595581055,11844,100.0,0.0,0.0
30470,88.2778251171112,11844,100.0,0.0,0.0
30473,88.28619980812073,11844,100.0,0.0,0.0
30475,88.2918119430542,11844,100.0,0.0,0.0
30478,88.30022048950195,11844,100.0,0.0,0.0
30480,88.30624914169312,11844,100.0,0.0,0.0
30490,88.33427214622498,11844,100.0,0.0,0.0
30496,88.35126733779907,11844,100.0,0.0,0.0
30499,88.35978627204895,11844,100.0,0.0,0.0
30500,88.3626012802124,11844,100.0,0.0,0.0
30510,88.38873720169067,11844,100.0,0.0,0.0
30513,88.397216796875,11844,100.0,0.0,0.0
30515,88.40273237228394,11844,100.0,0.0,0.0
30520,88.4160304069519,11844,100.0,0.0,0.0
30529,88.44182896614075,11844,100.0,0.0,0.0
30530,88.44439125061035,11844,100.0,0.0,0.0
30531,88.44732189178467,11844,100.0,0.0,0.0
30540,88.46958494186401,11844,100.0,0.0,0.0
30542,88.47550201416016,11844,100.0,0.0,0.0
30547,88.48892498016357,11844,100.0,0.0,0.0
30549,88.4946141242981,11844,100.0,0.0,0.0
30550,88.49715805053711,11844,100.0,0.0,0.0
30560,88.52219724655151,11844,100.0,0.0,0.0
30570,88.5475561618805,11844,100.0,0.0,0.0
30580,88.57425260543823,11844,100.0,0.0,0.0
30582,88.5798671245575,11844,100.0,0.0,0.0
30585,88.58782458305359,11844,100.0,0.0,0.0
30586,88.59078097343445,11844,100.0,0.0,0.0
30590,88.60186696052551,11844,100.0,0.0,0.0
30594,88.61178541183472,11844,100.0,0.0,0.0
30597,88.62030386924744,11844,100.0,0.0,0.0
30600,88.62867331504822,11844,100.0,0.0,0.0
30606,88.64429044723511,11844,100.0,0.0,0.0
30610,88.6541383266449,11844,100.0,0.0,0.0
30611,88.65710186958313,11844,100.0,0.0,0.0
30617,88.67260575294495,11844,100.0,0.0,0.0
30620,88.68104887008667,11844,100.0,0.0,0.0
30624,88.69221067428589,11844,100.0,0.0,0.0
30626,88.69777393341064,11844,100.0,0.0,0.0
30629,88.7058539390564,11844,100.0,0.0,0.0
30630,88.70847845077515,11844,100.0,0.0,0.0
30640,88.73473477363586,11844,100.0,0.0,0.0
30641,88.73781728744507,11844,100.0,0.0,0.0
30645,88.74860763549805,11844,100.0,0.0,0.0
30648,88.75568866729736,11844,100.0,0.0,0.0
30650,88.76073908805847,11844,100.0,0.0,0.0
30660,88.78654718399048,11844,100.0,0.0,0.0
30666,88.8033995628357,11844,100.0,0.0,0.0
30670,88.81426334381104,11844,100.0,0.0,0.0
30680,88.83937740325928,11844,100.0,0.0,0.0
30688,88.85974431037903,11844,100.0,0.0,0.0
30690,88.86570954322815,11844,100.0,0.0,0.0
30694,88.87681078910828,11844,100.0,0.0,0.0
30700,88.89114356040955,11844,100.0,0.0,0.0
30710,88.91760158538818,11844,100.0,0.0,0.0
30714,88.92879939079285,11844,100.0,0.0,0.0
30720,88.94482159614563,11844,100.0,0.0,0.0
30726,88.96292972564697,11844,100.0,0.0,0.0
30730,88.9739978313446,11844,100.0,0.0,0.0
30736,88.99104976654053,11844,100.0,0.0,0.0
30740,89.00311636924744,11844,100.0,0.0,0.0
30742,89.0089020729065,11844,100.0,0.0,0.0
30750,89.03208208084106,11844,100.0,0.0,0.0
30760,89.05907559394836,11844,100.0,0.0,0.0
30770,89.08808708190918,11844,100.0,0.0,0.0
30771,89.09183025360107,11844,100.0,0.0,0.0
30778,89.11168122291565,11844,100.0,0.0,0.0
30780,89.11752557754517,11844,100.0,0.0,0.0
30785,89.13172197341919,11844,100.0,0.0,0.0
30786,89.13466572761536,11844,100.0,0.0,0.0
30790,89.14458322525024,11844,100.0,0.0,0.0
30800,89.17201590538025,11844,100.0,0.0,0.0
30807,89.19226288795471,11844,100.0,0.0,0.0
30810,89.20081043243408,11844,100.0,0.0,0.0
30820,89.22948408126831,11844,100.0,0.0,0.0
30830,89.25778985023499,11844,100.0,0.0,0.0
30838,89.28096222877502,11844,100.0,0.0,0.0
30840,89.28641653060913,11844,100.0,0.0,0.0
30846,89.30229067802429,11844,100.0,0.0,0.0
30847,89.30535531044006,11844,100.0,0.0,0.0
30850,89.31262135505676,11844,100.0,0.0,0.0
30858,89.3351743221283,11844,100.0,0.0,0.0
30860,89.34027695655823,11844,100.0,0.0,0.0
30865,89.35426688194275,11844,100.0,0.0,0.0
30870,89.3675708770752,11844,100.0,0.0,0.0
30880,89.39348769187927,11844,100.0,0.0,0.0
30882,89.39944338798523,11844,100.0,0.0,0.0
30883,89.40305089950562,11844,100.0,0.0,0.0
30890,89.4217438697815,11844,100.0,0.0,0.0
30900,89.44836521148682,11844,100.0,0.0,0.0
30907,89.46729040145874,11844,100.0,0.0,0.0
30910,89.47543478012085,11844,100.0,0.0,0.0
30920,89.50142216682434,11844,100.0,0.0,0.0
30924,89.51262426376343,11844,100.0,0.0,0.0
30930,89.52875900268555,11844,100.0,0.0,0.0
30935,89.54247283935547,11844,100.0,0.0,0.0
30940,89.55613231658936,11844,100.0,0.0,0.0
30948,89.57837772369385,11844,100.0,0.0,0.0
30950,89.58395099639893,11844,100.0,0.0,0.0
30952,89.58994889259338,11844,100.0,0.0,0.0
30955,89.59858775138855,11844,100.0,0.0,0.0
30956,89.60152959823608,11844,100.0,0.0,0.0
30960,89.6117753982544,11844,100.0,0.0,0.0
30963,89.61994576454163,11844,100.0,0.0,0.0
30964,89.62293267250061,11844,100.0,0.0,0.0
30965,89.62593150138855,11844,100.0,0.0,0.0
30970,89.63961338996887,11844,100.0,0.0,0.0
30974,89.65114212036133,11844,100.0,0.0,0.0
30980,89.66692042350769,11844,100.0,0.0,0.0
30981,89.6701238155365,11844,100.0,0.0,0.0
30987,89.68711972236633,11844,100.0,0.0,0.0
30989,89.69274115562439,11844,100.0,0.0,0.0
30990,89.69540357589722,11844,100.0,0.0,0.0
30996,89.71136569976807,11844,100.0,0.0,0.0
30998,89.71742296218872,11844,100.0,0.0,0.0
30999,89.72055053710938,11844,100.0,0.0,0.0
31000,89.72369170188904,11844,100.0,0.0,0.0
31009,89.74679279327393,11844,100.0,0.0,0.0
31010,89.74936199188232,11844,100.0,0.0,0.0
31015,89.76221442222595,11844,100.0,0.0,0.0
31020,89.77538228034973,11844,100.0,0.0,0.0
31030,89.80047821998596,11844,100.0,0.0,0.0
31040,89.82530283927917,11844,100.0,0.0,0.0
31046,89.84191966056824,11844,100.0,0.0,0.0
31050,89.85376477241516,11844,100.0,0.0,0.0
31060,89.88016152381897,11844,100.0,0.0,0.0
31062,89.8861141204834,11844,100.0,0.0,0.0
31065,89.89528822898865,11844,100.0,0.0,0.0
31070,89.90939116477966,11844,100.0,0.0,0.0
31080,89.9367778301239,11844,100.0,0.0,0.0
31090,89.96243190765381,11844,100.0,0.0,0.0
31092,89.96745443344116,11844,100.0,0.0,0.0
31095,89.97575378417969,11844,100.0,0.0,0.0
31098,89.98387455940247,11844,100.0,0.0,0.0
31100,89.98899292945862,11844,100.0,0.0,0.0
31110,90.0142834186554,11844,100.0,0.0,0.0
31120,90.04063081741333,11844,100.0,0.0,0.0
31130,90.06859374046326,11844,100.0,0.0,0.0
31132,90.07491064071655,11844,100.0,0.0,0.0
31140,90.09701108932495,11844,100.0,0.0,0.0
31142,90.1027717590332,11844,100.0,0.0,0.0
31144,90.10855793952942,11844,100.0,0.0,0.0
31147,90.11757636070251,11844,100.0,0.0,0.0
31150,90.1262845993042,11844,100.0,0.0,0.0
31160,90.15447664260864,11844,100.0,0.0,0.0
31165,90.16921138763428,11844,100.0,0.0,0.0
31170,90.18274736404419,11844,100.0,0.0,0.0
31174,90.19352650642395,11844,100.0,0.0,0.0
31175,90.19651579856873,11844,100.0,0.0,0.0
31179,90.20777249336243,11844,100.0,0.0,0.0
31180,90.21040439605713,11844,100.0,0.0,0.0
31184,90.22082948684692,11844,100.0,0.0,0.0
31190,90.23759436607361,11844,100.0,0.0,0.0
31194,90.24894952774048,11844,100.0,0.0,0.0
31200,90.26673197746277,11844,100.0,0.0,0.0
31208,90.28845286369324,11844,100.0,0.0,0.0
31209,90.29136991500854,11844,100.0,0.0,0.0
31210,90.29394769668579,11844,100.0,0.0,0.0
31216,90.31030702590942,11844,100.0,0.0,0.0
31220,90.32099533081055,11844,100.0,0.0,0.0
31223,90.32937836647034,11844,100.0,0.0,0.0
31230,90.34808874130249,11844,100.0,0.0,0.0
31240,90.37576031684875,11844,100.0,0.0,0.0
31243,90.38476514816284,11844,100.0,0.0,0.0
31250,90.40506982803345,11844,100.0,0.0,0.0
31258,90.42734694480896,11844,100.0,0.0,0.0
31260,90.43300819396973,11844,100.0,0.0,0.0
31261,90.43680715560913,11844,100.0,0.0,0.0
31267,90.4549868106842,11844,100.0,0.0,0.0
31270,90.46169066429138,11844,100.0,0.0,0.0
31272,90.46856594085693,11844,100.0,0.0,0.0
31280,90.49049687385559,11844,100.0,0.0,0.0
31290,90.51763367652893,11844,100.0,0.0,0.0
31292,90.52360224723816,11844,100.0,0.0,0.0
31298,90.54059100151062,11844,100.0,0.0,0.0
31300,90.5463490486145,11844,100.0,0.0,0.0
31304,90.55734157562256,11844,100.0,0.0,0.0
31310,90.57331275939941,11844,100.0,0.0,0.0
31320,90.6016538143158,11844,100.0,0.0,0.0
31321,90.60488414764404,11844,100.0,0.0,0.0
31325,90.617182970047,11844,100.0,0.0,0.0
31330,90.6295382976532,11844,100.0,0.0,0.0
31334,90.64077997207642,11844,100.0,0.0,0.0
31335,90.64387488365173,11844,100.0,0.0,0.0
31340,90.65779542922974,11844,100.0,0.0,0.0
31350,90.68497967720032,11844,100.0,0.0,0.0
31360,90.71057200431824,11844,100.0,0.0,0.0
31362,90.7164843082428,11844,100.0,0.0,0.0
31363,90.71938395500183,11844,100.0,0.0,0.0
31365,90.72498059272766,11844,100.0,0.0,0.0
31370,90.73830795288086,11844,100.0,0.0,0.0
31380,90.7619776725769,11844,100.0,0.0,0.0
31385,90.77438235282898,11844,100.0,0.0,0.0
31386,90.77745389938354,11844,100.0,0.0,0.0
31387,90.7804446220398,11844,100.0,0.0,0.0
31389,90.78615403175354,11844,100.0,0.0,0.0
31390,90.7887191772461,11844,100.0,0.0,0.0
31393,90.79742646217346,11844,100.0,0.0,0.0
31400,90.81561183929443,11844,100.0,0.0,0.0
31410,90.84056544303894,11844,100.0,0.0,0.0
31411,90.84366273880005,11844,100.0,0.0,0.0
31418,90.86254954338074,11844,100.0,0.0,0.0
31420,90.86790180206299,11844,100.0,0.0,0.0
31426,90.88432121276855,11844,100.0,0.0,0.0
31430,90.8946635723114,11844,100.0,0.0,0.0
31440,90.91968727111816,11844,100.0,0.0,0.0
31447,90.9372034072876,11844,100.0,0.0,0.0
31450,90.94502329826355,11844,100.0,0.0,0.0
31451,90.94822263717651,11844,100.0,0.0,0.0
31456,90.96244525909424,11844,100.0,0.0,0.0
31460,90.97297883033752,11844,100.0,0.0,0.0
31470,90.99937319755554,11844,100.0,0.0,0.0
31473,91.00656700134277,11844,100.0,0.0,0.0
31474,91.00945615768433,11844,100.0,0.0,0.0
31479,91.02177119255066,11844,100.0,0.0,0.0
31480,91.02442741394043,11844,100.0,0.0,0.0
31481,91.02757525444031,11844,100.0,0.0,0.0
31488,91.04624795913696,11844,100.0,0.0,0.0
31489,91.0493061542511,11844,100.0,0.0,0.0
31490,91.05176091194153,11844,100.0,0.0,0.0
31495,91.06496930122375,11844,100.0,0.0,0.0
31500,91.07858633995056,11844,100.0,0.0,0.0
31510,91.10447192192078,11844,100.0,0.0,0.0
31520,91.1302809715271,11844,100.0,0.0,0.0
31530,91.15886521339417,11844,100.0,0.0,0.0
31538,91.18121147155762,11844,100.0,0.0,0.0
31540,91.18587350845337,11844,100.0,0.0,0.0
31545,91.19884061813354,11844,100.0,0.0,0.0
31550,91.21147751808167,11844,100.0,0.0,0.0
31555,91.22582650184631,11844,100.0,0.0,0.0
31559,91.23817443847656,11844,100.0,0.0,0.0
31560,91.24108552932739,11844,100.0,0.0,0.0
31564,91.25341200828552,11844,100.0,0.0,0.0
31570,91.2764356136322,11844,100.0,0.0,0.0
31573,91.28575468063354,11844,100.0,0.0,0.0
31576,91.29436922073364,11844,100.0,0.0,0.0
31580,91.30682897567749,11844,100.0,0.0,0.0
31581,91.31129717826843,11844,100.0,0.0,0.0
31585,91.3229033946991,11844,100.0,0.0,0.0
31587,91.32864594459534,11844,100.0,0.0,0.0
31589,91.33471632003784,11844,100.0,0.0,0.0
31590,91.33739137649536,11844,100.0,0.0,0.0
31596,91.3530650138855,11844,100.0,0.0,0.0
31600,91.36417722702026,11844,100.0,0.0,0.0
31610,91.39027094841003,11844,100.0,0.0,0.0
31618,91.411860704422,11844,100.0,0.0,0.0
31620,91.41707491874695,11844,100.0,0.0,0.0
31630,91.44379472732544,11844,100.0,0.0,0.0
31640,91.47096800804138,11844,100.0,0.0,0.0
31647,91.49074697494507,11844,100.0,0.0,0.0
31649,91.4965078830719,11844,100.0,0.0,0.0
31650,91.49908947944641,11844,100.0,0.0,0.0
31651,91.50219655036926,11844,100.0,0.0,0.0
31660,91.52515363693237,11844,100.0,0.0,0.0
31662,91.5299780368805,11844,100.0,0.0,0.0
31664,91.53565526008606,11844,100.0,0.0,0.0
31668,91.54693007469177,11844,100.0,0.0,0.0
31670,91.55212187767029,11844,100.0,0.0,0.0
31680,91.5794107913971,11844,100.0,0.0,0.0
31682,91.58601474761963,11844,100.0,0.0,0.0
31685,91.5946536064148,11844,100.0,0.0,0.0
31690,91.60855984687805,11844,100.0,0.0,0.0
31695,91.62320351600647,11844,100.0,0.0,0.0
31696,91.62627744674683,11844,100.0,0.0,0.0
31697,91.6293375492096,11844,100.0,0.0,0.0
31700,91.63735580444336,11844,100.0,0.0,0.0
31702,91.64309501647949,11844,100.0,0.0,0.0
31710,91.66351056098938,11844,100.0,0.0,0.0
31720,91.68998885154724,11844,100.0,0.0,0.0
31728,91.7121250629425,11844,100.0,0.0,0.0
31730,91.71746015548706,11844,100.0,0.0,0.0
31739,91.74198603630066,11844,100.0,0.0,0.0
31740,91.74642968177795,11844,100.0,0.0,0.0
31750,91.77379846572876,11844,100.0,0.0,0.0
31754,91.78513526916504,11844,100.0,0.0,0.0
31760,91.801194190979,11844,100.0,0.0,0.0
31766,91.81729412078857,11844,100.0,0.0,0.0
31770,91.826411485672,11844,100.0,0.0,0.0
31780,91.85193276405334,11844,100.0,0.0,0.0
31785,91.86564946174622,11844,100.0,0.0,0.0
31790,91.87804698944092,11844,100.0,0.0,0.0
31791,91.88096761703491,11844,100.0,0.0,0.0
31800,91.90351939201355,11844,100.0,0.0,0.0
31802,91.9090666770935,11844,100.0,0.0,0.0
31803,91.91204142570496,11844,100.0,0.0,0.0
31810,91.93024897575378,11844,100.0,0.0,0.0
31817,91.94762825965881,11844,100.0,0.0,0.0
31820,91.95507287979126,11844,100.0,0.0,0.0
31826,91.97222518920898,11844,100.0,0.0,0.0
31830,91.9834680557251,11844,100.0,0.0,0.0
31834,91.99451732635498,11844,100.0,0.0,0.0
31840,92.00934100151062,11844,100.0,0.0,0.0
31848,92.03051471710205,11844,100.0,0.0,0.0
31850,92.03612446784973,11844,100.0,0.0,0.0
31852,92.0419704914093,11844,100.0,0.0,0.0
31853,92.04508757591248,11844,100.0,0.0,0.0
31857,92.05600357055664,11844,100.0,0.0,0.0
31860,92.06453704833984,11844,100.0,0.0,0.0
31863,92.07356524467468,11844,100.0,0.0,0.0
31870,92.0927665233612,11844,100.0,0.0,0.0
31879,92.11617708206177,11844,100.0,0.0,0.0
31880,92.11874914169312,11844,100.0,0.0,0.0
31884,92.13011646270752,11844,100.0,0.0,0.0
31890,92.1481282711029,11844,100.0,0.0,0.0
31895,92.16177201271057,11844,100.0,0.0,0.0
31900,92.1741406917572,11844,100.0,0.0,0.0
31902,92.179860830307,11844,100.0,0.0,0.0
31907,92.19344687461853,11844,100.0,0.0,0.0
31910,92.2021734714508,11844,100.0,0.0,0.0
31911,92.20556473731995,11844,100.0,0.0,0.0
31915,92.21691727638245,11844,100.0,0.0,0.0
31920,92.22952795028687,11844,100.0,0.0,0.0
31922,92.23535823822021,11844,100.0,0.0,0.0
31930,92.25744795799255,11844,100.0,0.0,0.0
31940,92.28727650642395,11844,100.0,0.0,0.0
31941,92.2904257774353,11844,100.0,0.0,0.0
31950,92.31366753578186,11844,100.0,0.0,0.0
31960,92.341064453125,11844,100.0,0.0,0.0
31970,92.36917757987976,11844,100.0,0.0,0.0
31973,92.37787055969238,11844,100.0,0.0,0.0
31979,92.39532208442688,11844,100.0,0.0,0.0
31980,92.39796805381775,11844,100.0,0.0,0.0
31981,92.4010124206543,11844,100.0,0.0,0.0
31990,92.42555594444275,11844,100.0,0.0,0.0
31998,92.449049949646,11844,100.0,0.0,0.0
32000,92.45529007911682,11844,100.0,0.0,0.0
32004,92.46601843833923,11844,100.0,0.0,0.0
32008,92.47868490219116,11844,100.0,0.0,0.0
32010,92.4849841594696,11844,100.0,0.0,0.0
32015,92.4992184638977,11844,100.0,0.0,0.0
32019,92.51062607765198,11844,100.0,0.0,0.0
32020,92.51390051841736,11844,100.0,0.0,0.0
32027,92.53338742256165,11844,100.0,0.0,0.0
32029,92.53907656669617,11844,100.0,0.0,0.0
32030,92.54160690307617,11844,100.0,0.0,0.0
32040,92.57002449035645,11844,100.0,0.0,0.0
32049,92.5954818725586,11844,100.0,0.0,0.0
32050,92.59805917739868,11844,100.0,0.0,0.0
32054,92.60897493362427,11844,100.0,0.0,0.0
32060,92.62451457977295,11844,100.0,0.0,0.0
32062,92.6299524307251,11844,100.0,0.0,0.0
32070,92.65146207809448,11844,100.0,0.0,0.0
32077,92.66921162605286,11844,100.0,0.0,0.0
32080,92.67731285095215,11844,100.0,0.0,0.0
32090,92.70425653457642,11844,100.0,0.0,0.0
32096,92.71941828727722,11844,100.0,0.0,0.0
32099,92.72752571105957,11844,100.0,0.0,0.0
32100,92.73004126548767,11844,100.0,0.0,0.0
32110,92.7577428817749,11844,100.0,0.0,0.0
32120,92.7822732925415,11844,100.0,0.0,0.0
32126,92.79818558692932,11844,100.0,0.0,0.0
32130,92.80868935585022,11844,100.0,0.0,0.0
32133,92.8170006275177,11844,100.0,0.0,0.0
32134,92.82003617286682,11844,100.0,0.0,0.0
32139,92.83329820632935,11844,100.0,0.0,0.0
32140,92.83587551116943,11844,100.0,0.0,0.0
32150,92.86324143409729,11844,100.0,0.0,0.0
32160,92.89119625091553,11844,100.0,0.0,0.0
32170,92.9179015159607,11844,100.0,0.0,0.0
32175,92.93119263648987,11844,100.0,0.0,0.0
32180,92.94369578361511,11844,100.0,0.0,0.0
32190,92.96700716018677,11844,100.0,0.0,0.0
32195,92.98043990135193,11844,100.0,0.0,0.0
32200,92.9930374622345,11844,100.0,0.0,0.0
32210,93.02013945579529,11844,100.0,0.0,0.0
32214,93.03146767616272,11844,100.0,0.0,0.0
32215,93.03443670272827,11844,100.0,0.0,0.0
32217,93.0401771068573,11844,100.0,0.0,0.0
32220,93.04900026321411,11844,100.0,0.0,0.0
32222,93.05508923530579,11844,100.0,0.0,0.0
32230,93.07903861999512,11844,100.0,0.0,0.0
32233,93.08814358711243,11844,100.0,0.0,0.0
32235,93.09466648101807,11844,100.0,0.0,0.0
32240,93.10757446289062,11844,100.0,0.0,0.0
32246,93.12352848052979,11844,100.0,0.0,0.0
32250,93.13328957557678,11844,100.0,0.0,0.0
32257,93.15345597267151,11844,100.0,0.0,0.0
32259,93.15977621078491,11844,100.0,0.0,0.0
32260,93.16253852844238,11844,100.0,0.0,0.0
32269,93.18824625015259,11844,100.0,0.0,0.0
32270,93.19128251075745,11844,100.0,0.0,0.0
32277,93.21318292617798,11844,100.0,0.0,0.0
32280,93.22185516357422,11844,100.0,0.0,0.0
32290,93.25119972229004,11844,100.0,0.0,0.0
32297,93.27133870124817,11844,100.0,0.0,0.0
32300,93.28142523765564,11844,100.0,0.0,0.0
32303,93.29095602035522,11844,100.0,0.0,0.0
32309,93.30869674682617,11844,100.0,0.0,0.0
32310,93.31183695793152,11844,100.0,0.0,0.0
32320,93.3405544757843,11844,100.0,0.0,0.0
32321,93.34375214576721,11844,100.0,0.0,0.0
32330,93.36856150627136,11844,100.0,0.0,0.0
32340,93.3960349559784,11844,100.0,0.0,0.0
32345,93.40943169593811,11844,100.0,0.0,0.0
32350,93.42229962348938,11844,100.0,0.0,0.0
32354,93.43283987045288,11844,100.0,0.0,0.0
32360,93.4496386051178,11844,100.0,0.0,0.0
32370,93.47817826271057,11844,100.0,0.0,0.0
32375,93.49132084846497,11844,100.0,0.0,0.0
32380,93.50396609306335,11844,100.0,0.0,0.0
32390,93.53227877616882,11844,100.0,0.0,0.0
32400,93.56181144714355,11844,100.0,0.0,0.0
32410,93.59157848358154,11844,100.0,0.0,0.0
32419,93.62045979499817,11844,100.0,0.0,0.0
32420,93.62305879592896,11844,100.0,0.0,0.0
32430,93.65508818626404,11844,100.0,0.0,0.0
32439,93.6803388595581,11844,100.0,0.0,0.0
32440,93.6830644607544,11844,100.0,0.0,0.0
32441,93.68672609329224,11844,100.0,0.0,0.0
32442,93.68997263908386,11844,100.0,0.0,0.0
32450,93.71099472045898,11844,100.0,0.0,0.0
32459,93.73613834381104,11844,100.0,0.0,0.0
32460,93.73875308036804,11844,100.0,0.0,0.0
32468,93.76193284988403,11844,100.0,0.0,0.0
32470,93.76743245124817,11844,100.0,0.0,0.0
32480,93.79394793510437,11844,100.0,0.0,0.0
32490,93.82056069374084,11844,100.0,0.0,0.0
32491,93.82400608062744,11844,100.0,0.0,0.0
32496,93.83777594566345,11844,100.0,0.0,0.0
32500,93.84904360771179,11844,100.0,0.0,0.0
32501,93.8521625995636,11844,100.0,0.0,0.0
32510,93.87590503692627,11844,100.0,0.0,0.0
32520,93.9047462940216,11844,100.0,0.0,0.0
32523,93.91427659988403,11844,100.0,0.0,0.0
32530,93.93199253082275,11844,100.0,0.0,0.0
32540,93.96209764480591,11844,100.0,0.0,0.0
32547,93.9831862449646,11844,100.0,0.0,0.0
32548,93.98641562461853,11844,100.0,0.0,0.0
32550,93.99100589752197,11844,100.0,0.0,0.0
32560,94.01865124702454,11844,100.0,0.0,0.0
32570,94.04698491096497,11844,100.0,0.0,0.0
32575,94.06468439102173,11844,100.0,0.0,0.0
32579,94.07750368118286,11844,100.0,0.0,0.0
32580,94.080721616745,11844,100.0,0.0,0.0
32590,94.10775995254517,11844,100.0,0.0,0.0
32592,94.11348080635071,11844,100.0,0.0,0.0
32600,94.13318085670471,11844,100.0,0.0,0.0
32610,94.16054248809814,11844,100.0,0.0,0.0
32620,94.18651342391968,11844,100.0,0.0,0.0
32621,94.18998551368713,11844,100.0,0.0,0.0
32630,94.21610593795776,11844,100.0,0.0,0.0
32632,94.2222409248352,11844,100.0,0.0,0.0
32640,94.2425365447998,11844,100.0,0.0,0.0
32647,94.26234769821167,11844,100.0,0.0,0.0
32650,94.27030324935913,11844,100.0,0.0,0.0
32651,94.27373361587524,11844,100.0,0.0,0.0
32660,94.2999165058136,11844,100.0,0.0,0.0
32670,94.32717776298523,11844,100.0,0.0,0.0
32678,94.34740400314331,11844,100.0,0.0,0.0
32680,94.35313844680786,11844,100.0,0.0,0.0
32690,94.37942624092102,11844,100.0,0.0,0.0
32695,94.39266610145569,11844,100.0,0.0,0.0
32700,94.4057891368866,11844,100.0,0.0,0.0
32710,94.43273162841797,11844,100.0,0.0,0.0
32712,94.43850564956665,11844,100.0,0.0,0.0
32717,94.45253014564514,11844,100.0,0.0,0.0
32720,94.46040439605713,11844,100.0,0.0,0.0
32721,94.46348738670349,11844,100.0,0.0,0.0
32722,94.46652626991272,11844,100.0,0.0,0.0
32726,94.47809052467346,11844,100.0,0.0,0.0
32730,94.48889183998108,11844,100.0,0.0,0.0
32740,94.52030634880066,11844,100.0,0.0,0.0
32750,94.54845976829529,11844,100.0,0.0,0.0
32753,94.55748677253723,11844,100.0,0.0,0.0
32760,94.57706141471863,11844,100.0,0.0,0.0
32761,94.58007740974426,11844,100.0,0.0,0.0
32762,94.58317422866821,11844,100.0,0.0,0.0
32768,94.59837532043457,11844,100.0,0.0,0.0
32770,94.60337591171265,11844,100.0,0.0,0.0
32775,94.61669421195984,11844,100.0,0.0,0.0
32776,94.61961388587952,11844,100.0,0.0,0.0
32780,94.62893342971802,11844,100.0,0.0,0.0
32781,94.63196897506714,11844,100.0,0.0,0.0
32784,94.63999700546265,11844,100.0,0.0,0.0
32790,94.65571856498718,11844,100.0,0.0,0.0
32797,94.67392921447754,11844,100.0,0.0,0.0
32798,94.67701530456543,11844,100.0,0.0,0.0
32800,94.68310856819153,11844,100.0,0.0,0.0
32808,94.70650553703308,11844,100.0,0.0,0.0
32810,94.711749792099,11844,100.0,0.0,0.0
32818,94.73423743247986,11844,100.0,0.0,0.0
32820,94.73945116996765,11844,100.0,0.0,0.0
32822,94.74521040916443,11844,100.0,0.0,0.0
32830,94.76700019836426,11844,100.0,0.0,0.0
32840,94.79536890983582,11844,100.0,0.0,0.0
32842,94.80193090438843,11844,100.0,0.0,0.0
32850,94.82355785369873,11844,100.0,0.0,0.0
32852,94.82926893234253,11844,100.0,0.0,0.0
32860,94.85063791275024,11844,100.0,0.0,0.0
32863,94.85911989212036,11844,100.0,0.0,0.0
32870,94.8774631023407,11844,100.0,0.0,0.0
32873,94.88604140281677,11844,100.0,0.0,0.0
32880,94.9041109085083,11844,100.0,0.0,0.0
32890,94.92967963218689,11844,100.0,0.0,0.0
32896,94.94469285011292,11844,100.0,0.0,0.0
32900,94.95495796203613,11844,100.0,0.0,0.0
32910,94.98156642913818,11844,100.0,0.0,0.0
32920,95.00723791122437,11844,100.0,0.0,0.0
32923,95.0152587890625,11844,100.0,0.0,0.0
32930,95.03377795219421,11844,100.0,0.0,0.0
32932,95.03987455368042,11844,100.0,0.0,0.0
32940,95.06267547607422,11844,100.0,0.0,0.0
32950,95.09056305885315,11844,100.0,0.0,0.0
32959,95.11488223075867,11844,100.0,0.0,0.0
32960,95.11754870414734,11844,100.0,0.0,0.0
32963,95.12580680847168,11844,100.0,0.0,0.0
32969,95.1415593624115,11844,100.0,0.0,0.0
32970,95.14412713050842,11844,100.0,0.0,0.0
32980,95.17159533500671,11844,100.0,0.0,0.0
32981,95.17489433288574,11844,100.0,0.0,0.0
32990,95.2042944431305,11844,100.0,0.0,0.0
32992,95.21056938171387,11844,100.0,0.0,0.0
32997,95.22429537773132,11844,100.0,0.0,0.0
33000,95.23237204551697,11844,100.0,0.0,0.0
33010,95.25755667686462,11844,100.0,0.0,0.0
33011,95.26104402542114,11844,100.0,0.0,0.0
33020,95.28907990455627,11844,100.0,0.0,0.0
33022,95.29511785507202,11844,100.0,0.0,0.0
33030,95.31771564483643,11844,100.0,0.0,0.0
33040,95.34504675865173,11844,100.0,0.0,0.0
33044,95.35748553276062,11844,100.0,0.0,0.0
33050,95.37557244300842,11844,100.0,0.0,0.0
33060,95.40437626838684,11844,100.0,0.0,0.0
33070,95.44413995742798,11844,100.0,0.0,0.0
33073,95.45590949058533,11844,100.0,0.0,0.0
33080,95.48631024360657,11844,100.0,0.0,0.0
33090,95.51974534988403,11844,100.0,0.0,0.0
33100,95.54747438430786,11844,100.0,0.0,0.0
33110,95.5751941204071,11844,100.0,0.0,0.0
33115,95.58949446678162,11844,100.0,0.0,0.0
33120,95.60272312164307,11844,100.0,0.0,0.0
33124,95.61365127563477,11844,100.0,0.0,0.0
33130,95.6288800239563,11844,100.0,0.0,0.0
33132,95.63438892364502,11844,100.0,0.0,0.0
33135,95.64265871047974,11844,100.0,0.0,0.0
33138,95.65107536315918,11844,100.0,0.0,0.0
33140,95.65624046325684,11844,100.0,0.0,0.0
33141,95.65928268432617,11844,100.0,0.0,0.0
33143,95.66484332084656,11844,100.0,0.0,0.0
33150,95.68228077888489,11844,100.0,0.0,0.0
33160,95.70739126205444,11844,100.0,0.0,0.0
33165,95.7212872505188,11844,100.0,0.0,0.0
33166,95.72437810897827,11844,100.0,0.0,0.0
33169,95.73258376121521,11844,100.0,0.0,0.0
33170,95.73511862754822,11844,100.0,0.0,0.0
33174,95.74553322792053,11844,100.0,0.0,0.0
33178,95.75686478614807,11844,100.0,0.0,0.0
33180,95.76272010803223,11844,100.0,0.0,0.0
33181,95.765953540802,11844,100.0,0.0,0.0
33187,95.78281354904175,11844,100.0,0.0,0.0
33190,95.79015398025513,11844,100.0,0.0,0.0
33194,95.8014280796051,11844,100.0,0.0,0.0
33198,95.81184792518616,11844,100.0,0.0,0.0
33200,95.81706881523132,11844,100.0,0.0,0.0
33209,95.84070444107056,11844,100.0,0.0,0.0
33210,95.84381604194641,11844,100.0,0.0,0.0
33212,95.84968662261963,11844,100.0,0.0,0.0
33220,95.87068438529968,11844,100.0,0.0,0.0
33221,95.87371063232422,11844,100.0,0.0,0.0
33224,95.88200402259827,11844,100.0,0.0,0.0
33229,95.8936653137207,11844,100.0,0.0,0.0
33230,95.89541578292847,11844,100.0,0.0,0.0
33240,95.92127060890198,11844,100.0,0.0,0.0
33243,95.92941403388977,11844,100.0,0.0,0.0
33250,95.94761538505554,11844,100.0,0.0,0.0
33260,95.97650861740112,11844,100.0,0.0,0.0
33261,95.97974061965942,11844,100.0,0.0,0.0
33270,96.00268411636353,11844,100.0,0.0,0.0
33271,96.00579857826233,11844,100.0,0.0,0.0
33280,96.02918910980225,11844,100.0,0.0,0.0
33290,96.05554103851318,11844,100.0,0.0,0.0
33300,96.08148694038391,11844,100.0,0.0,0.0
33309,96.10799789428711,11844,100.0,0.0,0.0
33310,96.11071610450745,11844,100.0,0.0,0.0
33320,96.1368362903595,11844,100.0,0.0,0.0
33330,96.16835427284241,11844,100.0,0.0,0.0
33338,96.19604778289795,11844,100.0,0.0,0.0
33340,96.2017810344696,11844,100.0,0.0,0.0
33350,96.23120999336243,11844,100.0,0.0,0.0
33353,96.23893809318542,11844,100.0,0.0,0.0
33360,96.25847506523132,11844,100.0,0.0,0.0
33370,96.2885491847992,11844,100.0,0.0,0.0
33373,96.2976303100586,11844,100.0,0.0,0.0
33380,96.31820487976074,11844,100.0,0.0,0.0
33389,96.34426999092102,11844,100.0,0.0,0.0
33390,96.34699749946594,11844,100.0,0.0,0.0
33395,96.36099624633789,11844,100.0,0.0,0.0
33400,96.37449669837952,11844,100.0,0.0,0.0
33410,96.40164422988892,11844,100.0,0.0,0.0
33413,96.41024851799011,11844,100.0,0.0,0.0
33416,96.41887831687927,11844,100.0,0.0,0.0
33420,96.42980861663818,11844,100.0,0.0,0.0
33421,96.43302774429321,11844,100.0,0.0,0.0
33430,96.45744395256042,11844,100.0,0.0,0.0
33440,96.48403716087341,11844,100.0,0.0,0.0
33450,96.51166868209839,11844,100.0,0.0,0.0
33457,96.53292417526245,11844,100.0,0.0,0.0
33460,96.54165887832642,11844,100.0,0.0,0.0
33461,96.54469537734985,11844,100.0,0.0,0.0
33462,96.54775929450989,11844,100.0,0.0,0.0
33466,96.55954813957214,11844,100.0,0.0,0.0
33470,96.57039070129395,11844,100.0,0.0,0.0
33477,96.59062099456787,11844,100.0,0.0,0.0
33480,96.59942579269409,11844,100.0,0.0,0.0
33489,96.62432932853699,11844,100.0,0.0,0.0
33490,96.62701773643494,11844,100.0,0.0,0.0
33496,96.64376163482666,11844,100.0,0.0,0.0
33500,96.65435194969177,11844,100.0,0.0,0.0
33510,96.68146705627441,11844,100.0,0.0,0.0
33520,96.70740795135498,11844,100.0,0.0,0.0
33530,96.73343801498413,11844,100.0,0.0,0.0
33539,96.75876474380493,11844,100.0,0.0,0.0
33540,96.7615020275116,11844,100.0,0.0,0.0
33546,96.77930426597595,11844,100.0,0.0,0.0
33550,96.79015302658081,11844,100.0,0.0,0.0
33560,96.81755065917969,11844,100.0,0.0,0.0
33566,96.83474278450012,11844,100.0,0.0,0.0
33570,96.84555864334106,11844,100.0,0.0,0.0
33572,96.85140347480774,11844,100.0,0.0,0.0
33580,96.87275743484497,11844,100.0,0.0,0.0
33588,96.89498567581177,11844,100.0,0.0,0.0
33590,96.90032172203064,11844,100.0,0.0,0.0
33600,96.92790007591248,11844,100.0,0.0,0.0
33609,96.95278024673462,11844,100.0,0.0,0.0
33610,96.95550155639648,11844,100.0,0.0,0.0
33616,96.9732096195221,11844,100.0,0.0,0.0
33620,96.98430728912354,11844,100.0,0.0,0.0
33626,97.00212097167969,11844,100.0,0.0,0.0
33629,97.01175594329834,11844,100.0,0.0,0.0
33630,97.01478576660156,11844,100.0,0.0,0.0
33639,97.03964138031006,11844,100.0,0.0,0.0
33640,97.04245662689209,11844,100.0,0.0,0.0
33641,97.04591751098633,11844,100.0,0.0,0.0
33650,97.07996559143066,11844,100.0,0.0,0.0
33654,97.09242630004883,11844,100.0,0.0,0.0
33655,97.09571623802185,11844,100.0,0.0,0.0
33660,97.12157535552979,11844,100.0,0.0,0.0
33670,97.1531400680542,11844,100.0,0.0,0.0
33672,97.15944838523865,11844,100.0,0.0,0.0
33680,97.18384003639221,11844,100.0,0.0,0.0
33690,97.2132203578949,11844,100.0,0.0,0.0
33700,97.24147486686707,11844,100.0,0.0,0.0
33702,97.24724245071411,11844,100.0,0.0,0.0
33703,97.25052976608276,11844,100.0,0.0,0.0
33709,97.26805663108826,11844,100.0,0.0,0.0
33710,97.27068567276001,11844,100.0,0.0,0.0
33720,97.29899764060974,11844,100.0,0.0,0.0
33730,97.32704496383667,11844,100.0,0.0,0.0
33740,97.35408067703247,11844,100.0,0.0,0.0
33749,97.37949824333191,11844,100.0,0.0,0.0
33750,97.3821702003479,11844,100.0,0.0,0.0
33753,97.39089393615723,11844,100.0,0.0,0.0
33758,97.40543222427368,11844,100.0,0.0,0.0
33760,97.41201066970825,11844,100.0,0.0,0.0
33770,97.44028615951538,11844,100.0,0.0,0.0
33773,97.44906401634216,11844,100.0,0.0,0.0
33780,97.46791815757751,11844,100.0,0.0,0.0
33787,97.48731589317322,11844,100.0,0.0,0.0
33789,97.49305438995361,11844,100.0,0.0,0.0
33790,97.4957709312439,11844,100.0,0.0,0.0
33793,97.50429058074951,11844,100.0,0.0,0.0
33800,97.52797937393188,11844,100.0,0.0,0.0
33804,97.53985142707825,11844,100.0,0.0,0.0
33810,97.55784726142883,11844,100.0,0.0,0.0
33816,97.57612800598145,11844,100.0,0.0,0.0
33817,97.5793468952179,11844,100.0,0.0,0.0
33820,97.58952498435974,11844,100.0,0.0,0.0
33830,97.6169102191925,11844,100.0,0.0,0.0
33840,97.64339423179626,11844,100.0,0.0,0.0
33850,97.66905188560486,11844,100.0,0.0,0.0
33860,97.69857883453369,11844,100.0,0.0,0.0
33862,97.70482587814331,11844,100.0,0.0,0.0
33870,97.72855281829834,11844,100.0,0.0,0.0
33876,97.74497532844543,11844,100.0,0.0,0.0
33880,97.75773572921753,11844,100.0,0.0,0.0
33883,97.76573777198792,11844,100.0,0.0,0.0
33885,97.77196931838989,11844,100.0,0.0,0.0
33890,97.78688502311707,11844,100.0,0.0,0.0
33896,97.80568146705627,11844,100.0,0.0,0.0
33900,97.81768679618835,11844,100.0,0.0,0.0
33910,97.84582042694092,11844,100.0,0.0,0.0
33920,97.87300181388855,11844,100.0,0.0,0.0
33930,97.90086722373962,11844,100.0,0.0,0.0
33933,97.90932178497314,11844,100.0,0.0,0.0
33940,97.9284999370575,11844,100.0,0.0,0.0
33941,97.93155217170715,11844,100.0,0.0,0.0
33945,97.94226408004761,11844,100.0,0.0,0.0
33950,97.9564573764801,11844,100.0,0.0,0.0
33960,97.98336696624756,11844,100.0,0.0,0.0
33970,98.00981259346008,11844,100.0,0.0,0.0
33980,98.03760814666748,11844,100.0,0.0,0.0
33983,98.04672646522522,11844,100.0,0.0,0.0
33990,98.07235765457153,11844,100.0,0.0,0.0
33999,98.09833097457886,11844,100.0,0.0,0.0
34000,98.10098552703857,11844,100.0,0.0,0.0
34010,98.12752509117126,11844,100.0,0.0,0.0
34011,98.13063287734985,11844,100.0,0.0,0.0
34017,98.14689803123474,11844,100.0,0.0,0.0
34020,98.1547315120697,11844,100.0,0.0,0.0
34021,98.15819144248962,11844,100.0,0.0,0.0
34030,98.18515276908875,11844,100.0,0.0,0.0
34035,98.20144629478455,11844,100.0,0.0,0.0
34038,98.21024751663208,11844,100.0,0.0,0.0
34039,98.21346688270569,11844,100.0,0.0,0.0
34040,98.21613931655884,11844,100.0,0.0,0.0
34042,98.22207951545715,11844,100.0,0.0,0.0
34050,98.24373745918274,11844,100.0,0.0,0.0
34051,98.24697589874268,11844,100.0,0.0,0.0
34054,98.25572776794434,11844,100.0,0.0,0.0
34056,98.26109910011292,11844,100.0,0.0,0.0
34057,98.26452922821045,11844,100.0,0.0,0.0
34060,98.27286100387573,11844,100.0,0.0,0.0
34067,98.29512405395508,11844,100.0,0.0,0.0
34070,98.30289316177368,11844,100.0,0.0,0.0
34080,98.32895493507385,11844,100.0,0.0,0.0
34090,98.35660123825073,11844,100.0,0.0,0.0
34100,98.38327884674072,11844,100.0,0.0,0.0
34110,98.4101812839508,11844,100.0,0.0,0.0
34120,98.4370436668396,11844,100.0,0.0,0.0
34128,98.4598479270935,11844,100.0,0.0,0.0
34130,98.46538710594177,11844,100.0,0.0,0.0
34138,98.48831939697266,11844,100.0,0.0,0.0
34140,98.4942193031311,11844,100.0,0.0,0.0
34147,98.51338481903076,11844,100.0,0.0,0.0
34150,98.52243232727051,11844,100.0,0.0,0.0
34160,98.54936623573303,11844,100.0,0.0,0.0
34162,98.55465698242188,11844,100.0,0.0,0.0
34168,98.57089519500732,11844,100.0,0.0,0.0
34170,98.57557153701782,11844,100.0,0.0,0.0
34171,98.5787627696991,11844,100.0,0.0,0.0
34173,98.58494567871094,11844,100.0,0.0,0.0
34180,98.6043393611908,11844,100.0,0.0,0.0
34181,98.60733985900879,11844,100.0,0.0,0.0
34183,98.61303067207336,11844,100.0,0.0,0.0
34190,98.6311686038971,11844,100.0,0.0,0.0
34200,98.65853905677795,11844,100.0,0.0,0.0
34210,98.68279266357422,11844,100.0,0.0,0.0
34215,98.69721245765686,11844,100.0,0.0,0.0
34220,98.71072435379028,11844,100.0,0.0,0.0
34228,98.73297643661499,11844,100.0,0.0,0.0
34230,98.73855447769165,11844,100.0,0.0,0.0
34238,98.76016020774841,11844,100.0,0.0,0.0
34240,98.76582360267639,11844,100.0,0.0,0.0
34244,98.77874422073364,11844,100.0,0.0,0.0
34245,98.78201675415039,11844,100.0,0.0,0.0
34250,98.79640698432922,11844,100.0,0.0,0.0
34254,98.80819702148438,11844,100.0,0.0,0.0
34260,98.82504725456238,11844,100.0,0.0,0.0
34266,98.84111881256104,11844,100.0,0.0,0.0
34270,98.85148024559021,11844,100.0,0.0,0.0
34279,98.8755578994751,11844,100.0,0.0,0.0
34280,98.87827754020691,11844,100.0,0.0,0.0
34281,98.88140749931335,11844,100.0,0.0,0.0
34289,98.90338492393494,11844,100.0,0.0,0.0
34290,98.90664100646973,11844,100.0,0.0,0.0
34293,98.91474533081055,11844,100.0,0.0,0.0
34300,98.93478083610535,11844,100.0,0.0,0.0
34302,98.94055986404419,11844,100.0,0.0,0.0
34310,98.96137428283691,11844,100.0,0.0,0.0
34320,98.99093794822693,11844,100.0,0.0,0.0
34322,98.99676656723022,11844,100.0,0.0,0.0
34328,99.01148319244385,11844,100.0,0.0,0.0
34330,99.01711297035217,11844,100.0,0.0,0.0
34333,99.02566456794739,11844,100.0,0.0,0.0
34340,99.04963636398315,11844,100.0,0.0,0.0
34342,99.06167459487915,11844,100.0,0.0,0.0
34343,99.06535339355469,11844,100.0,0.0,0.0
34348,99.08153820037842,11844,100.0,0.0,0.0
34350,99.0874707698822,11844,100.0,0.0,0.0
34352,99.09456610679626,11844,100.0,0.0,0.0
34354,99.10088896751404,11844,100.0,0.0,0.0
34359,99.11754822731018,11844,100.0,0.0,0.0
34360,99.12048554420471,11844,100.0,0.0,0.0
34361,99.12373447418213,11844,100.0,0.0,0.0
34366,99.1365921497345,11844,100.0,0.0,0.0
34370,99.14768576622009,11844,100.0,0.0,0.0
34374,99.15907454490662,11844,100.0,0.0,0.0
34378,99.1698887348175,11844,100.0,0.0,0.0
34380,99.174631357193,11844,100.0,0.0,0.0
34386,99.19298100471497,11844,100.0,0.0,0.0
34390,99.20463752746582,11844,100.0,0.0,0.0
34397,99.22517204284668,11844,100.0,0.0,0.0
34400,99.23358535766602,11844,100.0,0.0,0.0
34407,99.25469326972961,11844,100.0,0.0,0.0
34409,99.26068162918091,11844,100.0,0.0,0.0
34410,99.2635772228241,11844,100.0,0.0,0.0
34420,99.2974419593811,11844,100.0,0.0,0.0
34425,99.31272602081299,11844,100.0,0.0,0.0
34430,99.32702112197876,11844,100.0,0.0,0.0
34440,99.35535597801208,11844,100.0,0.0,0.0
34441,99.35868310928345,11844,100.0,0.0,0.0
34450,99.38430714607239,11844,100.0,0.0,0.0
34456,99.40229749679565,11844,100.0,0.0,0.0
34460,99.41377091407776,11844,100.0,0.0,0.0
34461,99.41719937324524,11844,100.0,0.0,0.0
34462,99.42046618461609,11844,100.0,0.0,0.0
34464,99.42650556564331,11844,100.0,0.0,0.0
34466,99.43244743347168,11844,100.0,0.0,0.0
34470,99.4434232711792,11844,100.0,0.0,0.0
34473,99.45241498947144,11844,100.0,0.0,0.0
34480,99.47252535820007,11844,100.0,0.0,0.0
34481,99.47629261016846,11844,100.0,0.0,0.0
34490,99.50051808357239,11844,100.0,0.0,0.0
34492,99.50642681121826,11844,100.0,0.0,0.0
34498,99.5242166519165,11844,100.0,0.0,0.0
34500,99.52955269813538,11844,100.0,0.0,0.0
34506,99.54574489593506,11844,100.0,0.0,0.0
34510,99.55652976036072,11844,100.0,0.0,0.0
34520,99.58315086364746,11844,100.0,0.0,0.0
34530,99.61012601852417,11844,100.0,0.0,0.0
34540,99.63693165779114,11844,100.0,0.0,0.0
34546,99.65391135215759,11844,100.0,0.0,0.0
34550,99.66270327568054,11844,100.0,0.0,0.0
34560,99.68997979164124,11844,100.0,0.0,0.0
34564,99.70146560668945,11844,100.0,0.0,0.0
34570,99.71854615211487,11844,100.0,0.0,0.0
34572,99.72529244422913,11844,100.0,0.0,0.0
34578,99.74208378791809,11844,100.0,0.0,0.0
34579,99.74513673782349,11844,100.0,0.0,0.0
34580,99.74781537055969,11844,100.0,0.0,0.0
34585,99.76154494285583,11844,100.0,0.0,0.0
34590,99.77648305892944,11844,100.0,0.0,0.0
34591,99.77982068061829,11844,100.0,0.0,0.0
34594,99.78858757019043,11844,100.0,0.0,0.0
34600,99.80558252334595,11844,100.0,0.0,0.0
34604,99.81695246696472,11844,100.0,0.0,0.0
34608,99.8277313709259,11844,100.0,0.0,0.0
34610,99.83326530456543,11844,100.0,0.0,0.0
34613,99.84169554710388,11844,100.0,0.0,0.0
34616,99.85003018379211,11844,100.0,0.0,0.0
34620,99.86089825630188,11844,100.0,0.0,0.0
34630,99.88773322105408,11844,100.0,0.0,0.0
34636,99.90282702445984,11844,100.0,0.0,0.0
34638,99.90848016738892,11844,100.0,0.0,0.0
34640,99.91279125213623,11844,100.0,0.0,0.0
34649,99.93670678138733,11844,100.0,0.0,0.0
34650,99.9393835067749,11844,100.0,0.0,0.0
34660,99.96678280830383,11844,100.0,0.0,0.0
34663,99.97551894187927,11844,100.0,0.0,0.0
34668,99.98896479606628,11844,100.0,0.0,0.0
34670,99.99492168426514,11844,100.0,0.0,0.0
34680,100.02070879936218,11844,100.0,0.0,0.0
34690,100.0467004776001,11844,100.0,0.0,0.0
34700,100.07459330558777,11844,100.0,0.0,0.0
34704,100.08679366111755,11844,100.0,0.0,0.0
34707,100.09610056877136,11844,100.0,0.0,0.0
34710,100.10355305671692,11844,100.0,0.0,0.0
34712,100.10943150520325,11844,100.0,0.0,0.0
34719,100.12958836555481,11844,100.0,0.0,0.0
34720,100.13221621513367,11844,100.0,0.0,0.0
34723,100.14114713668823,11844,100.0,0.0,0.0
34730,100.16076588630676,11844,100.0,0.0,0.0
34740,100.18896222114563,11844,100.0,0.0,0.0
34745,100.20322299003601,11844,100.0,0.0,0.0
34750,100.21654891967773,11844,100.0,0.0,0.0
34753,100.22522020339966,11844,100.0,0.0,0.0
34760,100.2450602054596,11844,100.0,0.0,0.0
34770,100.27238297462463,11844,100.0,0.0,0.0
34780,100.30270433425903,11844,100.0,0.0,0.0
34788,100.32555222511292,11844,100.0,0.0,0.0
34789,100.32862830162048,11844,100.0,0.0,0.0
34790,100.33131527900696,11844,100.0,0.0,0.0
34800,100.3625853061676,11844,100.0,0.0,0.0
34810,100.39086532592773,11844,100.0,0.0,0.0
34819,100.41711139678955,11844,100.0,0.0,0.0
34820,100.41962718963623,11844,100.0,0.0,0.0
34830,100.44691920280457,11844,100.0,0.0,0.0
34834,100.45758748054504,11844,100.0,0.0,0.0
34839,100.47080731391907,11844,100.0,0.0,0.0
34840,100.47333693504333,11844,100.0,0.0,0.0
34841,100.47647976875305,11844,100.0,0.0,0.0
34850,100.50292229652405,11844,100.0,0.0,0.0
34860,100.53096508979797,11844,100.0,0.0,0.0
34862,100.5368492603302,11844,100.0,0.0,0.0
34870,100.55955195426941,11844,100.0,0.0,0.0
34871,100.56288862228394,11844,100.0,0.0,0.0
34875,100.57486009597778,11844,100.0,0.0,0.0
34880,100.59054327011108,11844,100.0,0.0,0.0
34881,100.59376096725464,11844,100.0,0.0,0.0
34886,100.60808157920837,11844,100.0,0.0,0.0
34890,100.61868047714233,11844,100.0,0.0,0.0
34893,100.62741041183472,11844,100.0,0.0,0.0
34897,100.63763117790222,11844,100.0,0.0,0.0
34900,100.64569354057312,11844,100.0,0.0,0.0
34909,100.66904592514038,11844,100.0,0.0,0.0
34910,100.67160177230835,11844,100.0,0.0,0.0
34914,100.68290519714355,11844,100.0,0.0,0.0
34917,100.69147992134094,11844,100.0,0.0,0.0
34920,100.69864249229431,11844,100.0,0.0,0.0
34926,100.71465635299683,11844,100.0,0.0,0.0
34930,100.72519659996033,11844,100.0,0.0,0.0
34937,100.74349808692932,11844,100.0,0.0,0.0
34940,100.7518744468689,11844,100.0,0.0,0.0
34950,100.78062987327576,11844,100.0,0.0,0.0
34951,100.78379011154175,11844,100.0,0.0,0.0
34960,100.80916905403137,11844,100.0,0.0,0.0
34970,100.83602476119995,11844,100.0,0.0,0.0
34972,100.84191489219666,11844,100.0,0.0,0.0
34976,100.85317540168762,11844,100.0,0.0,0.0
34980,100.86416172981262,11844,100.0,0.0,0.0
34990,100.89136052131653,11844,100.0,0.0,0.0
34992,100.89715385437012,11844,100.0,0.0,0.0
35000,100.9185745716095,11844,100.0,0.0,0.0
35004,100.92950963973999,11844,100.0,0.0,0.0
35010,100.94606471061707,11844,100.0,0.0,0.0
35011,100.94936347007751,11844,100.0,0.0,0.0
35012,100.95254302024841,11844,100.0,0.0,0.0
35016,100.96595406532288,11844,100.0,0.0,0.0
35020,100.97806549072266,11844,100.0,0.0,0.0
35024,100.98986959457397,11844,100.0,0.0,0.0
35027,100.99849605560303,11844,100.0,0.0,0.0
35030,101.00578474998474,11844,100.0,0.0,0.0
35039,101.02946591377258,11844,100.0,0.0,0.0
35040,101.0320680141449,11844,100.0,0.0,0.0
35041,101.03510689735413,11844,100.0,0.0,0.0
35050,101.06375646591187,11844,100.0,0.0,0.0
35051,101.06775569915771,11844,100.0,0.0,0.0
35060,101.095463514328,11844,100.0,0.0,0.0
35061,101.09883451461792,11844,100.0,0.0,0.0
35070,101.12740564346313,11844,100.0,0.0,0.0
35080,101.15637445449829,11844,100.0,0.0,0.0
35090,101.18644738197327,11844,100.0,0.0,0.0
35097,101.2085919380188,11844,100.0,0.0,0.0
35100,101.2169930934906,11844,100.0,0.0,0.0
35107,101.23651814460754,11844,100.0,0.0,0.0
35110,101.2462248802185,11844,100.0,0.0,0.0
35111,101.24991917610168,11844,100.0,0.0,0.0
35112,101.25316834449768,11844,100.0,0.0,0.0
35116,101.26563477516174,11844,100.0,0.0,0.0
35120,101.27872133255005,11844,100.0,0.0,0.0
35125,101.29821443557739,11844,100.0,0.0,0.0
35128,101.31150341033936,11844,100.0,0.0,0.0
35130,101.31747531890869,11844,100.0,0.0,0.0
35140,101.34787631034851,11844,100.0,0.0,0.0
35144,101.36083602905273,11844,100.0,0.0,0.0
35150,101.37789249420166,11844,100.0,0.0,0.0
35152,101.38470005989075,11844,100.0,0.0,0.0
35159,101.40575289726257,11844,100.0,0.0,0.0
35160,101.4087336063385,11844,100.0,0.0,0.0
35170,101.43809342384338,11844,100.0,0.0,0.0
35180,101.46504020690918,11844,100.0,0.0,0.0
35187,101.48306679725647,11844,100.0,0.0,0.0
35190,101.491943359375,11844,100.0,0.0,0.0
35196,101.50878262519836,11844,100.0,0.0,0.0
35200,101.51920080184937,11844,100.0,0.0,0.0
35207,101.53813409805298,11844,100.0,0.0,0.0
35210,101.54567408561707,11844,100.0,0.0,0.0
35212,101.5520248413086,11844,100.0,0.0,0.0
35220,101.57518196105957,11844,100.0,0.0,0.0
35228,101.5990400314331,11844,100.0,0.0,0.0
35230,101.60484719276428,11844,100.0,0.0,0.0
35239,101.63128733634949,11844,100.0,0.0,0.0
35240,101.63448286056519,11844,100.0,0.0,0.0
35250,101.66117548942566,11844,100.0,0.0,0.0
35251,101.6644504070282,11844,100.0,0.0,0.0
35260,101.68902468681335,11844,100.0,0.0,0.0
35263,101.69741439819336,11844,100.0,0.0,0.0
35266,101.70576786994934,11844,100.0,0.0,0.0
35270,101.71690630912781,11844,100.0,0.0,0.0
35275,101.72975707054138,11844,100.0,0.0,0.0
35280,101.74255394935608,11844,100.0,0.0,0.0
35283,101.75128412246704,11844,100.0,0.0,0.0
35285,101.75692701339722,11844,100.0,0.0,0.0
35290,101.77088236808777,11844,100.0,0.0,0.0
35294,101.78337168693542,11844,100.0,0.0,0.0
35295,101.78647112846375,11844,100.0,0.0,0.0
35300,101.79990410804749,11844,100.0,0.0,0.0
35301,101.80310726165771,11844,100.0,0.0,0.0
35310,101.82634353637695,11844,100.0,0.0,0.0
35313,101.83457016944885,11844,100.0,0.0,0.0
35319,101.85036706924438,11844,100.0,0.0,0.0
35320,101.85293483734131,11844,100.0,0.0,0.0
35322,101.85872983932495,11844,100.0,0.0,0.0
35328,101.87415647506714,11844,100.0,0.0,0.0
35330,101.87852311134338,11844,100.0,0.0,0.0
35331,101.88161039352417,11844,100.0,0.0,0.0
35336,101.89491534233093,11844,100.0,0.0,0.0
35340,101.90518116950989,11844,100.0,0.0,0.0
35350,101.93294072151184,11844,100.0,0.0,0.0
35359,101.95578837394714,11844,100.0,0.0,0.0
35360,101.95888876914978,11844,100.0,0.0,0.0
35361,101.96234130859375,11844,100.0,0.0,0.0
35362,101.96542716026306,11844,100.0,0.0,0.0
35367,101.97922158241272,11844,100.0,0.0,0.0
35370,101.98745012283325,11844,100.0,0.0,0.0
35375,102.00114250183105,11844,100.0,0.0,0.0
35380,102.0142822265625,11844,100.0,0.0,0.0
35382,102.02007246017456,11844,100.0,0.0,0.0
35386,102.0309841632843,11844,100.0,0.0,0.0
35390,102.0420835018158,11844,100.0,0.0,0.0
35400,102.07039713859558,11844,100.0,0.0,0.0
35406,102.08658456802368,11844,100.0,0.0,0.0
35410,102.09810543060303,11844,100.0,0.0,0.0
35420,102.12682676315308,11844,100.0,0.0,0.0
35430,102.15425562858582,11844,100.0,0.0,0.0
35437,102.17346119880676,11844,100.0,0.0,0.0
35438,102.17655515670776,11844,100.0,0.0,0.0
35440,102.18227100372314,11844,100.0,0.0,0.0
35443,102.19021415710449,11844,100.0,0.0,0.0
35450,102.20937395095825,11844,100.0,0.0,0.0
35451,102.21279811859131,11844,100.0,0.0,0.0
35458,102.2323784828186,11844,100.0,0.0,0.0
35460,102.23669648170471,11844,100.0,0.0,0.0
35470,102.26367592811584,11844,100.0,0.0,0.0
35473,102.27214097976685,11844,100.0,0.0,0.0
35480,102.29364609718323,11844,100.0,0.0,0.0
35481,102.29737901687622,11844,100.0,0.0,0.0
35488,102.3201253414154,11844,100.0,0.0,0.0
35490,102.32653403282166,11844,100.0,0.0,0.0
35497,102.3494176864624,11844,100.0,0.0,0.0
35500,102.35826063156128,11844,100.0,0.0,0.0
35509,102.38337111473083,11844,100.0,0.0,0.0
35510,102.38607096672058,11844,100.0,0.0,0.0
35512,102.39208316802979,11844,100.0,0.0,0.0
35513,102.39514875411987,11844,100.0,0.0,0.0
35520,102.41236162185669,11844,100.0,0.0,0.0
35530,102.44070363044739,11844,100.0,0.0,0.0
35531,102.4439628124237,11844,100.0,0.0,0.0
35540,102.46979546546936,11844,100.0,0.0,0.0
35550,102.50145101547241,11844,100.0,0.0,0.0
35557,102.52107000350952,11844,100.0,0.0,0.0
35560,102.5286033153534,11844,100.0,0.0,0.0
35565,102.54590582847595,11844,100.0,0.0,0.0
35569,102.55961227416992,11844,100.0,0.0,0.0
35570,102.56237816810608,11844,100.0,0.0,0.0
35576,102.57984161376953,11844,100.0,0.0,0.0
35580,102.59345746040344,11844,100.0,0.0,0.0
35590,102.62604236602783,11844,100.0,0.0,0.0
35591,102.62964105606079,11844,100.0,0.0,0.0
35593,102.63625121116638,11844,100.0,0.0,0.0
35596,102.64656138420105,11844,100.0,0.0,0.0
35600,102.65839838981628,11844,100.0,0.0,0.0
35601,102.66163730621338,11844,100.0,0.0,0.0
35602,102.66487240791321,11844,100.0,0.0,0.0
35610,102.68795228004456,11844,100.0,0.0,0.0
35620,102.71380734443665,11844,100.0,0.0,0.0
35623,102.723317861557,11844,100.0,0.0,0.0
35630,102.74326014518738,11844,100.0,0.0,0.0
35640,102.77179789543152,11844,100.0,0.0,0.0
35650,102.7998857498169,11844,100.0,0.0,0.0
35660,102.82941555976868,11844,100.0,0.0,0.0
35668,102.85241770744324,11844,100.0,0.0,0.0
35669,102.85538172721863,11844,100.0,0.0,0.0
35670,102.85809993743896,11844,100.0,0.0,0.0
35671,102.86136674880981,11844,100.0,0.0,0.0
35680,102.88586521148682,11844,100.0,0.0,0.0
35690,102.91107201576233,11844,100.0,0.0,0.0
35694,102.92221307754517,11844,100.0,0.0,0.0
35700,102.93840479850769,11844,100.0,0.0,0.0
35705,102.95244526863098,11844,100.0,0.0,0.0
35710,102.96576356887817,11844,100.0,0.0,0.0
35720,102.99279999732971,11844,100.0,0.0,0.0
35730,103.01997399330139,11844,100.0,0.0,0.0
35734,103.03102707862854,11844,100.0,0.0,0.0
35738,103.04176378250122,11844,100.0,0.0,0.0
35740,103.04743885993958,11844,100.0,0.0,0.0
35742,103.05330324172974,11844,100.0,0.0,0.0
35745,103.06224513053894,11844,100.0,0.0,0.0
35749,103.07413697242737,11844,100.0,0.0,0.0
35750,103.07684898376465,11844,100.0,0.0,0.0
35760,103.10663914680481,11844,100.0,0.0,0.0
35770,103.13433384895325,11844,100.0,0.0,0.0
35780,103.16108703613281,11844,100.0,0.0,0.0
35790,103.18684673309326,11844,100.0,0.0,0.0
35793,103.19541501998901,11844,100.0,0.0,0.0
35800,103.21542501449585,11844,100.0,0.0,0.0
35810,103.24353766441345,11844,100.0,0.0,0.0
35817,103.2625515460968,11844,100.0,0.0,0.0
35820,103.2699966430664,11844,100.0,0.0,0.0
35823,103.2784354686737,11844,100.0,0.0,0.0
35830,103.29751443862915,11844,100.0,0.0,0.0
35835,103.31321978569031,11844,100.0,0.0,0.0
35840,103.32711482048035,11844,100.0,0.0,0.0
35850,103.35534310340881,11844,100.0,0.0,0.0
35860,103.3817846775055,11844,100.0,0.0,0.0
35866,103.39794635772705,11844,100.0,0.0,0.0
35867,103.40093541145325,11844,100.0,0.0,0.0
35870,103.40905451774597,11844,100.0,0.0,0.0
35873,103.41781187057495,11844,100.0,0.0,0.0
35880,103.43721103668213,11844,100.0,0.0,0.0
35888,103.45762920379639,11844,100.0,0.0,0.0
35890,103.46291947364807,11844,100.0,0.0,0.0
35900,103.4890444278717,11844,100.0,0.0,0.0
35903,103.497243642807,11844,100.0,0.0,0.0
35910,103.51544547080994,11844,100.0,0.0,0.0
35911,103.51857328414917,11844,100.0,0.0,0.0
35920,103.54249668121338,11844,100.0,0.0,0.0
35926,103.55792880058289,11844,100.0,0.0,0.0
35927,103.56093859672546,11844,100.0,0.0,0.0
35929,103.5665020942688,11844,100.0,0.0,0.0
35930,103.5695219039917,11844,100.0,0.0,0.0
35940,103.59540128707886,11844,100.0,0.0,0.0
35950,103.62206101417542,11844,100.0,0.0,0.0
35959,103.64800953865051,11844,100.0,0.0,0.0
35960,103.65065622329712,11844,100.0,0.0,0.0
35965,103.66471076011658,11844,100.0,0.0,0.0
35970,103.67704319953918,11844,100.0,0.0,0.0
35972,103.6827483177185,11844,100.0,0.0,0.0
35973,103.68585562705994,11844,100.0,0.0,0.0
35979,103.70211172103882,11844,100.0,0.0,0.0
35980,103.70467782020569,11844,100.0,0.0,0.0
35990,103.73003268241882,11844,100.0,0.0,0.0
35992,103.73554134368896,11844,100.0,0.0,0.0
36000,103.75475835800171,11844,100.0,0.0,0.0
36010,103.78052139282227,11844,100.0,0.0,0.0
36020,103.8054187297821,11844,100.0,0.0,0.0
36028,103.82636046409607,11844,100.0,0.0,0.0
36030,103.8318886756897,11844,100.0,0.0,0.0
36040,103.85850358009338,11844,100.0,0.0,0.0
36050,103.88496041297913,11844,100.0,0.0,0.0
36053,103.8934760093689,11844,100.0,0.0,0.0
36060,103.91174101829529,11844,100.0,0.0,0.0
36065,103.92505621910095,11844,100.0,0.0,0.0
36070,103.93772673606873,11844,100.0,0.0,0.0
36080,103.9636070728302,11844,100.0,0.0,0.0
36090,103.98961234092712,11844,100.0,0.0,0.0
36094,104.00029611587524,11844,100.0,0.0,0.0
36099,104.01349067687988,11844,100.0,0.0,0.0
36100,104.01604628562927,11844,100.0,0.0,0.0
36110,104.04385423660278,11844,100.0,0.0,0.0
36115,104.06049680709839,11844,100.0,0.0,0.0
36120,104.07567048072815,11844,100.0,0.0,0.0
36122,104.08194780349731,11844,100.0,0.0,0.0
36130,104.10476517677307,11844,100.0,0.0,0.0
36140,104.13212084770203,11844,100.0,0.0,0.0
36150,104.16154670715332,11844,100.0,0.0,0.0
36152,104.1678991317749,11844,100.0,0.0,0.0
36155,104.1768627166748,11844,100.0,0.0,0.0
36160,104.19050145149231,11844,100.0,0.0,0.0
36170,104.22102212905884,11844,100.0,0.0,0.0
36172,104.22705101966858,11844,100.0,0.0,0.0
36180,104.25167608261108,11844,100.0,0.0,0.0
36190,104.28030610084534,11844,100.0,0.0,0.0
36196,104.29706692695618,11844,100.0,0.0,0.0
36200,104.31011843681335,11844,100.0,0.0,0.0
36203,104.31958150863647,11844,100.0,0.0,0.0
36210,104.34057211875916,11844,100.0,0.0,0.0
36220,104.36993503570557,11844,100.0,0.0,0.0
36225,104.38354516029358,11844,100.0,0.0,0.0
36230,104.39730262756348,11844,100.0,0.0,0.0
36240,104.42883825302124,11844,100.0,0.0,0.0
36244,104.44108772277832,11844,100.0,0.0,0.0
36250,104.45614099502563,11844,100.0,0.0,0.0
36254,104.46886277198792,11844,100.0,0.0,0.0
36259,104.4837212562561,11844,100.0,0.0,0.0
36260,104.48649907112122,11844,100.0,0.0,0.0
36270,104.51425075531006,11844,100.0,0.0,0.0
36273,104.52269577980042,11844,100.0,0.0,0.0
36278,104.53635430335999,11844,100.0,0.0,0.0
36280,104.54191827774048,11844,100.0,0.0,0.0
36287,104.56061053276062,11844,100.0,0.0,0.0
36290,104.56855416297913,11844,100.0,0.0,0.0
36293,104.57744240760803,11844,100.0,0.0,0.0
36300,104.5968976020813,11844,100.0,0.0,0.0
36303,104.60564422607422,11844,100.0,0.0,0.0
36306,104.6143708229065,11844,100.0,0.0,0.0
36310,104.62510514259338,11844,100.0,0.0,0.0
36320,104.6493752002716,11844,100.0,0.0,0.0
36322,104.65564465522766,11844,100.0,0.0,0.0
36330,104.67783665657043,11844,100.0,0.0,0.0
36331,104.68101406097412,11844,100.0,0.0,0.0
36334,104.68924808502197,11844,100.0,0.0,0.0
36336,104.69514560699463,11844,100.0,0.0,0.0
36337,104.69814395904541,11844,100.0,0.0,0.0
36340,104.70622420310974,11844,100.0,0.0,0.0
36341,104.70932960510254,11844,100.0,0.0,0.0
36343,104.71513104438782,11844,100.0,0.0,0.0
36350,104.73358750343323,11844,100.0,0.0,0.0
36351,104.73679947853088,11844,100.0,0.0,0.0
36360,104.76124334335327,11844,100.0,0.0,0.0
36365,104.77719593048096,11844,100.0,0.0,0.0
36370,104.79199409484863,11844,100.0,0.0,0.0
36380,104.82008361816406,11844,100.0,0.0,0.0
36390,104.84596037864685,11844,100.0,0.0,0.0
36391,104.84892416000366,11844,100.0,0.0,0.0
36400,104.87277102470398,11844,100.0,0.0,0.0
36402,104.87865853309631,11844,100.0,0.0,0.0
36404,104.8843641281128,11844,100.0,0.0,0.0
36407,104.89248895645142,11844,100.0,0.0,0.0
36408,104.8954873085022,11844,100.0,0.0,0.0
36410,104.90060544013977,11844,100.0,0.0,0.0
36415,104.91405844688416,11844,100.0,0.0,0.0
36419,104.92527842521667,11844,100.0,0.0,0.0
36420,104.9278473854065,11844,100.0,0.0,0.0
36428,104.95275902748108,11844,100.0,0.0,0.0
36430,104.95897197723389,11844,100.0,0.0,0.0
36438,104.98315095901489,11844,100.0,0.0,0.0
36440,104.98840713500977,11844,100.0,0.0,0.0
36450,105.01452994346619,11844,100.0,0.0,0.0
36458,105.03573155403137,11844,100.0,0.0,0.0
36460,105.04151177406311,11844,100.0,0.0,0.0
36465,105.05511617660522,11844,100.0,0.0,0.0
36470,105.06850814819336,11844,100.0,0.0,0.0
36473,105.07697463035583,11844,100.0,0.0,0.0
36480,105.09525442123413,11844,100.0,0.0,0.0
36481,105.09834218025208,11844,100.0,0.0,0.0
36490,105.12366390228271,11844,100.0,0.0,0.0
36500,105.14982295036316,11844,100.0,0.0,0.0
36506,105.16702461242676,11844,100.0,0.0,0.0
36510,105.17729759216309,11844,100.0,0.0,0.0
36517,105.19931674003601,11844,100.0,0.0,0.0
36520,105.20805096626282,11844,100.0,0.0,0.0
36523,105.21678805351257,11844,100.0,0.0,0.0
36530,105.23529553413391,11844,100.0,0.0,0.0
36540,105.26021432876587,11844,100.0,0.0,0.0
36543,105.26779389381409,11844,100.0,0.0,0.0
36550,105.28683161735535,11844,100.0,0.0,0.0
36560,105.31468486785889,11844,100.0,0.0,0.0
36561,105.31839299201965,11844,100.0,0.0,0.0
36570,105.34298062324524,11844,100.0,0.0,0.0
36580,105.37200093269348,11844,100.0,0.0,0.0
36590,105.3978202342987,11844,100.0,0.0,0.0
36596,105.41524529457092,11844,100.0,0.0,0.0
36600,105.43065285682678,11844,100.0,0.0,0.0
36607,105.45606708526611,11844,100.0,0.0,0.0
36609,105.46662306785583,11844,100.0,0.0,0.0
36610,105.47161960601807,11844,100.0,0.0,0.0
36617,105.49731540679932,11844,100.0,0.0,0.0
36619,105.5055947303772,11844,100.0,0.0,0.0
36620,105.50925254821777,11844,100.0,0.0,0.0
36630,105.5367214679718,11844,100.0,0.0,0.0
36640,105.56262516975403,11844,100.0,0.0,0.0
36642,105.5683982372284,11844,100.0,0.0,0.0
36650,105.58959412574768,11844,100.0,0.0,0.0
36652,105.59557557106018,11844,100.0,0.0,0.0
36660,105.61715412139893,11844,100.0,0.0,0.0
36670,105.64321899414062,11844,100.0,0.0,0.0
36671,105.64630389213562,11844,100.0,0.0,0.0
36680,105.67050242424011,11844,100.0,0.0,0.0
36690,105.69609832763672,11844,100.0,0.0,0.0
36698,105.7179844379425,11844,100.0,0.0,0.0
36700,105.72349667549133,11844,100.0,0.0,0.0
36701,105.72676014900208,11844,100.0,0.0,0.0
36702,105.72986912727356,11844,100.0,0.0,0.0
36708,105.74607062339783,11844,100.0,0.0,0.0
36710,105.75048184394836,11844,100.0,0.0,0.0
36720,105.77617239952087,11844,100.0,0.0,0.0
36724,105.78802537918091,11844,100.0,0.0,0.0
36727,105.79668354988098,11844,100.0,0.0,0.0
36730,105.80544638633728,11844,100.0,0.0,0.0
36740,105.83043599128723,11844,100.0,0.0,0.0
36743,105.83854055404663,11844,100.0,0.0,0.0
36746,105.84588575363159,11844,100.0,0.0,0.0
36750,105.85513377189636,11844,100.0,0.0,0.0
36760,105.88166761398315,11844,100.0,0.0,0.0
36770,105.90708589553833,11844,100.0,0.0,0.0
36771,105.91001439094543,11844,100.0,0.0,0.0
36778,105.92852115631104,11844,100.0,0.0,0.0
36780,105.93302774429321,11844,100.0,0.0,0.0
36783,105.94105505943298,11844,100.0,0.0,0.0
36787,105.95082759857178,11844,100.0,0.0,0.0
36790,105.95913338661194,11844,100.0,0.0,0.0
36797,105.97799563407898,11844,100.0,0.0,0.0
36800,105.98557925224304,11844,100.0,0.0,0.0
36810,106.01008868217468,11844,100.0,0.0,0.0
36820,106.03693842887878,11844,100.0,0.0,0.0
36830,106.06446719169617,11844,100.0,0.0,0.0
36835,106.07933521270752,11844,100.0,0.0,0.0
36840,106.09343719482422,11844,100.0,0.0,0.0
36850,106.12193775177002,11844,100.0,0.0,0.0
36851,106.12526607513428,11844,100.0,0.0,0.0
36860,106.15041208267212,11844,100.0,0.0,0.0
36862,106.15633296966553,11844,100.0,0.0,0.0
36870,106.17820143699646,11844,100.0,0.0,0.0
36872,106.18403196334839,11844,100.0,0.0,0.0
36877,106.19958829879761,11844,100.0,0.0,0.0
36880,106.20804023742676,11844,100.0,0.0,0.0
36890,106.23530960083008,11844,100.0,0.0,0.0
36891,106.23852205276489,11844,100.0,0.0,0.0
36897,106.25591158866882,11844,100.0,0.0,0.0
36900,106.26398468017578,11844,100.0,0.0,0.0
36909,106.2874801158905,11844,100.0,0.0,0.0
36910,106.28997850418091,11844,100.0,0.0,0.0
36920,106.31791186332703,11844,100.0,0.0,0.0
36929,106.34166884422302,11844,100.0,0.0,0.0
36930,106.34433388710022,11844,100.0,0.0,0.0
36931,106.34778618812561,11844,100.0,0.0,0.0
36935,106.35974740982056,11844,100.0,0.0,0.0
36940,106.37296342849731,11844,100.0,0.0,0.0
36943,106.38169002532959,11844,100.0,0.0,0.0
36950,106.39907264709473,11844,100.0,0.0,0.0
36959,106.42475056648254,11844,100.0,0.0,0.0
36960,106.42809796333313,11844,100.0,0.0,0.0
36963,106.43698477745056,11844,100.0,0.0,0.0
36970,106.45605969429016,11844,100.0,0.0,0.0
36971,106.45959734916687,11844,100.0,0.0,0.0
36980,106.48435950279236,11844,100.0,0.0,0.0
36985,106.49799060821533,11844,100.0,0.0,0.0
36990,106.51156497001648,11844,100.0,0.0,0.0
36997,106.53194618225098,11844,100.0,0.0,0.0
37000,106.54041743278503,11844,100.0,0.0,0.0
37002,106.54643726348877,11844,100.0,0.0,0.0
37010,106.56903314590454,11844,100.0,0.0,0.0
37016,106.58651638031006,11844,100.0,0.0,0.0
37019,106.59535050392151,11844,100.0,0.0,0.0
37020,106.59804368019104,11844,100.0,0.0,0.0
37030,106.62474083900452,11844,100.0,0.0,0.0
37033,106.63369274139404,11844,100.0,0.0,0.0
37036,106.64291715621948,11844,100.0,0.0,0.0
37040,106.65489602088928,11844,100.0,0.0,0.0
37043,106.66331911087036,11844,100.0,0.0,0.0
37048,106.67753744125366,11844,100.0,0.0,0.0
37050,106.68465900421143,11844,100.0,0.0,0.0
37053,106.69459342956543,11844,100.0,0.0,0.0
37060,106.7129385471344,11844,100.0,0.0,0.0
37063,106.72231650352478,11844,100.0,0.0,0.0
37070,106.74104619026184,11844,100.0,0.0,0.0
37074,106.7524664402008,11844,100.0,0.0,0.0
37079,106.76664543151855,11844,100.0,0.0,0.0
37080,106.76939392089844,11844,100.0,0.0,0.0
37088,106.7929162979126,11844,100.0,0.0,0.0
37090,106.7987961769104,11844,100.0,0.0,0.0
37096,106.81598281860352,11844,100.0,0.0,0.0
37100,106.82682037353516,11844,100.0,0.0,0.0
37110,106.8543872833252,11844,100.0,0.0,0.0
37114,106.86542344093323,11844,100.0,0.0,0.0
37117,106.8736424446106,11844,100.0,0.0,0.0
37120,106.88157773017883,11844,100.0,0.0,0.0
37124,106.892569065094,11844,100.0,0.0,0.0
37129,106.90726447105408,11844,100.0,0.0,0.0
37130,106.91028070449829,11844,100.0,0.0,0.0
37131,106.91324949264526,11844,100.0,0.0,0.0
37133,106.91896224021912,11844,100.0,0.0,0.0
37140,106.93832659721375,11844,100.0,0.0,0.0
37150,106.96666359901428,11844,100.0,0.0,0.0
37159,106.99268579483032,11844,100.0,0.0,0.0
37160,106.99539542198181,11844,100.0,0.0,0.0
37161,106.9986743927002,11844,100.0,0.0,0.0
37167,107.01546502113342,11844,100.0,0.0,0.0
37169,107.02173590660095,11844,100.0,0.0,0.0
37170,107.02587008476257,11844,100.0,0.0,0.0
37171,107.02939367294312,11844,100.0,0.0,0.0
37172,107.03287672996521,11844,100.0,0.0,0.0
37173,107.03620910644531,11844,100.0,0.0,0.0
37180,107.05612349510193,11844,100.0,0.0,0.0
37190,107.085764169693,11844,100.0,0.0,0.0
37200,107.11392760276794,11844,100.0,0.0,0.0
37202,107.11975932121277,11844,100.0,0.0,0.0
37210,107.14192771911621,11844,100.0,0.0,0.0
37220,107.16845178604126,11844,100.0,0.0,0.0
37224,107.1800229549408,11844,100.0,0.0,0.0
37229,107.19379305839539,11844,100.0,0.0,0.0
37230,107.19755601882935,11844,100.0,0.0,0.0
37234,107.20901560783386,11844,100.0,0.0,0.0
37240,107.22537398338318,11844,100.0,0.0,0.0
37248,107.24698281288147,11844,100.0,0.0,0.0
37250,107.2526159286499,11844,100.0,0.0,0.0
37255,107.2640106678009,11844,100.0,0.0,0.0
37256,107.26709938049316,11844,100.0,0.0,0.0
37260,107.27696180343628,11844,100.0,0.0,0.0
37263,107.28521633148193,11844,100.0,0.0,0.0
37270,107.30497694015503,11844,100.0,0.0,0.0
37280,107.33561849594116,11844,100.0,0.0,0.0
37282,107.34180426597595,11844,100.0,0.0,0.0
37290,107.36378169059753,11844,100.0,0.0,0.0
37293,107.37326645851135,11844,100.0,0.0,0.0
37295,107.37916970252991,11844,100.0,0.0,0.0
37300,107.39237332344055,11844,100.0,0.0,0.0
37304,107.40243411064148,11844,100.0,0.0,0.0
37310,107.41752290725708,11844,100.0,0.0,0.0
37320,107.44428849220276,11844,100.0,0.0,0.0
37327,107.46247911453247,11844,100.0,0.0,0.0
37328,107.46590423583984,11844,100.0,0.0,0.0
37330,107.47142004966736,11844,100.0,0.0,0.0
37337,107.49079895019531,11844,100.0,0.0,0.0
37340,107.49828386306763,11844,100.0,0.0,0.0
37341,107.501394033432,11844,100.0,0.0,0.0
37345,107.51258182525635,11844,100.0,0.0,0.0
37350,107.52622365951538,11844,100.0,0.0,0.0
37360,107.55268597602844,11844,100.0,0.0,0.0
37368,107.57457542419434,11844,100.0,0.0,0.0
37370,107.57983994483948,11844,100.0,0.0,0.0
37380,107.60365891456604,11844,100.0,0.0,0.0
37390,107.63028478622437,11844,100.0,0.0,0.0
37400,107.65760636329651,11844,100.0,0.0,0.0
37403,107.66594791412354,11844,100.0,0.0,0.0
37410,107.6847152709961,11844,100.0,0.0,0.0
37411,107.68789029121399,11844,100.0,0.0,0.0
37420,107.7126214504242,11844,100.0,0.0,0.0
37422,107.71887636184692,11844,100.0,0.0,0.0
37429,107.7378351688385,11844,100.0,0.0,0.0
37430,107.74040937423706,11844,100.0,0.0,0.0
37440,107.76704573631287,11844,100.0,0.0,0.0
37441,107.77043390274048,11844,100.0,0.0,0.0
37448,107.79096269607544,11844,100.0,0.0,0.0
37450,107.79714775085449,11844,100.0,0.0,0.0
37454,107.80928015708923,11844,100.0,0.0,0.0
37459,107.8232033252716,11844,100.0,0.0,0.0
37460,107.82599711418152,11844,100.0,0.0,0.0
37470,107.85385966300964,11844,100.0,0.0,0.0
37477,107.87367677688599,11844,100.0,0.0,0.0
37480,107.88165616989136,11844,100.0,0.0,0.0
37490,107.90805768966675,11844,100.0,0.0,0.0
37500,107.9353609085083,11844,100.0,0.0,0.0
37508,107.95726919174194,11844,100.0,0.0,0.0
37509,107.96048927307129,11844,100.0,0.0,0.0
37510,107.96354818344116,11844,100.0,0.0,0.0
37520,107.99109625816345,11844,100.0,0.0,0.0
37525,108.00298261642456,11844,100.0,0.0,0.0
37528,108.01094388961792,11844,100.0,0.0,0.0
37530,108.01644778251648,11844,100.0,0.0,0.0
37531,108.01991033554077,11844,100.0,0.0,0.0
37535,108.03200650215149,11844,100.0,0.0,0.0
37538,108.04067611694336,11844,100.0,0.0,0.0
37540,108.04535722732544,11844,100.0,0.0,0.0
37543,108.05402159690857,11844,100.0,0.0,0.0
37546,108.06277227401733,11844,100.0,0.0,0.0
37547,108.06596231460571,11844,100.0,0.0,0.0
37550,108.07537245750427,11844,100.0,0.0,0.0
37553,108.08448839187622,11844,100.0,0.0,0.0
37554,108.08760118484497,11844,100.0,0.0,0.0
37560,108.10355854034424,11844,100.0,0.0,0.0
37567,108.12287926673889,11844,100.0,0.0,0.0
37570,108.13119411468506,11844,100.0,0.0,0.0
37580,108.1578459739685,11844,100.0,0.0,0.0
37586,108.17450547218323,11844,100.0,0.0,0.0
37590,108.18601441383362,11844,100.0,0.0,0.0
37594,108.19773697853088,11844,100.0,0.0,0.0
37600,108.21470856666565,11844,100.0,0.0,0.0
37610,108.24159169197083,11844,100.0,0.0,0.0
37616,108.25814962387085,11844,100.0,0.0,0.0
37620,108.26920223236084,11844,100.0,0.0,0.0
37621,108.27234768867493,11844,100.0,0.0,0.0
37630,108.29778146743774,11844,100.0,0.0,0.0
37634,108.30730986595154,11844,100.0,0.0,0.0
37638,108.31913423538208,11844,100.0,0.0,0.0
37640,108.32499957084656,11844,100.0,0.0,0.0
37649,108.34996175765991,11844,100.0,0.0,0.0
37650,108.35262203216553,11844,100.0,0.0,0.0
37651,108.35601878166199,11844,100.0,0.0,0.0
37660,108.37961411476135,11844,100.0,0.0,0.0
37661,108.38269543647766,11844,100.0,0.0,0.0
37670,108.40590286254883,11844,100.0,0.0,0.0
37671,108.40888714790344,11844,100.0,0.0,0.0
37680,108.4326868057251,11844,100.0,0.0,0.0
37685,108.44596099853516,11844,100.0,0.0,0.0
37686,108.44892168045044,11844,100.0,0.0,0.0
37690,108.45930814743042,11844,100.0,0.0,0.0
37693,108.46782302856445,11844,100.0,0.0,0.0
37700,108.48482322692871,11844,100.0,0.0,0.0
37710,108.51055359840393,11844,100.0,0.0,0.0
37720,108.53655338287354,11844,100.0,0.0,0.0
37723,108.54502081871033,11844,100.0,0.0,0.0
37730,108.56319260597229,11844,100.0,0.0,0.0
37740,108.5887987613678,11844,100.0,0.0,0.0
37746,108.60534882545471,11844,100.0,0.0,0.0
37750,108.6161060333252,11844,100.0,0.0,0.0
37754,108.62766480445862,11844,100.0,0.0,0.0
37760,108.64354181289673,11844,100.0,0.0,0.0
37762,108.64920043945312,11844,100.0,0.0,0.0
37764,108.65491104125977,11844,100.0,0.0,0.0
37765,108.6578893661499,11844,100.0,0.0,0.0
37770,108.66991353034973,11844,100.0,0.0,0.0
37779,108.69386100769043,11844,100.0,0.0,0.0
37780,108.6965582370758,11844,100.0,0.0,0.0
37790,108.7226722240448,11844,100.0,0.0,0.0
37800,108.7502875328064,11844,100.0,0.0,0.0
37801,108.75342917442322,11844,100.0,0.0,0.0
37810,108.77707171440125,11844,100.0,0.0,0.0
37815,108.79119658470154,11844,100.0,0.0,0.0
37820,108.80553197860718,11844,100.0,0.0,0.0
37829,108.8305914402008,11844,100.0,0.0,0.0
37830,108.83326625823975,11844,100.0,0.0,0.0
37832,108.83905220031738,11844,100.0,0.0,0.0
37840,108.85991168022156,11844,100.0,0.0,0.0
37846,108.87600684165955,11844,100.0,0.0,0.0
37850,108.88667035102844,11844,100.0,0.0,0.0
37860,108.91372179985046,11844,100.0,0.0,0.0
37863,108.92245149612427,11844,100.0,0.0,0.0
37865,108.92841410636902,11844,100.0,0.0,0.0
37866,108.93158102035522,11844,100.0,0.0,0.0
37870,108.942298412323,11844,100.0,0.0,0.0
37880,108.9690375328064,11844,100.0,0.0,0.0
37890,108.99487948417664,11844,100.0,0.0,0.0
37891,108.99811029434204,11844,100.0,0.0,0.0
37893,109.00453281402588,11844,100.0,0.0,0.0
37899,109.02188801765442,11844,100.0,0.0,0.0
37900,109.02477073669434,11844,100.0,0.0,0.0
37910,109.05314612388611,11844,100.0,0.0,0.0
37913,109.06261587142944,11844,100.0,0.0,0.0
37916,109.071950674057,11844,100.0,0.0,0.0
37920,109.08457708358765,11844,100.0,0.0,0.0
37930,109.11220097541809,11844,100.0,0.0,0.0
37936,109.12981796264648,11844,100.0,0.0,0.0
37940,109.13981127738953,11844,100.0,0.0,0.0
37950,109.16678380966187,11844,100.0,0.0,0.0
37957,109.1862108707428,11844,100.0,0.0,0.0
37960,109.19408845901489,11844,100.0,0.0,0.0
37966,109.21072602272034,11844,100.0,0.0,0.0
37969,109.21939849853516,11844,100.0,0.0,0.0
37970,109.2220208644867,11844,100.0,0.0,0.0
37980,109.24904775619507,11844,100.0,0.0,0.0
37981,109.25208401679993,11844,100.0,0.0,0.0
37990,109.2748212814331,11844,100.0,0.0,0.0
38000,109.30093598365784,11844,100.0,0.0,0.0
38010,109.33051872253418,11844,100.0,0.0,0.0
38014,109.34216785430908,11844,100.0,0.0,0.0
38018,109.35327219963074,11844,100.0,0.0,0.0
38020,109.35875129699707,11844,100.0,0.0,0.0
38027,109.37886643409729,11844,100.0,0.0,0.0
38030,109.38714051246643,11844,100.0,0.0,0.0
38038,109.40943360328674,11844,100.0,0.0,0.0
38040,109.41486024856567,11844,100.0,0.0,0.0
38046,109.43221545219421,11844,100.0,0.0,0.0
38050,109.4432442188263,11844,100.0,0.0,0.0
38051,109.44656181335449,11844,100.0,0.0,0.0
38053,109.45241498947144,11844,100.0,0.0,0.0
38055,109.45725774765015,11844,100.0,0.0,0.0
38060,109.47010660171509,11844,100.0,0.0,0.0
38070,109.49827170372009,11844,100.0,0.0,0.0
38071,109.50151252746582,11844,100.0,0.0,0.0
38073,109.50748252868652,11844,100.0,0.0,0.0
38074,109.51061272621155,11844,100.0,0.0,0.0
38079,109.52393341064453,11844,100.0,0.0,0.0
38080,109.52724099159241,11844,100.0,0.0,0.0
38084,109.538578748703,11844,100.0,0.0,0.0
38090,109.55459356307983,11844,100.0,0.0,0.0
38100,109.58077621459961,11844,100.0,0.0,0.0
38101,109.58401393890381,11844,100.0,0.0,0.0
38110,109.6088011264801,11844,100.0,0.0,0.0
38120,109.63536286354065,11844,100.0,0.0,0.0
38126,109.65297293663025,11844,100.0,0.0,0.0
38128,109.65884637832642,11844,100.0,0.0,0.0
38130,109.66362619400024,11844,100.0,0.0,0.0
38140,109.69100785255432,11844,100.0,0.0,0.0
38150,109.718496799469,11844,100.0,0.0,0.0
38151,109.72194719314575,11844,100.0,0.0,0.0
38156,109.73601198196411,11844,100.0,0.0,0.0
38160,109.74627351760864,11844,100.0,0.0,0.0
38166,109.76348042488098,11844,100.0,0.0,0.0
38170,109.77551770210266,11844,100.0,0.0,0.0
38180,109.80553197860718,11844,100.0,0.0,0.0
38185,109.82116198539734,11844,100.0,0.0,0.0
38186,109.82451319694519,11844,100.0,0.0,0.0
38190,109.83692049980164,11844,100.0,0.0,0.0
38195,109.8518340587616,11844,100.0,0.0,0.0
38200,109.86501002311707,11844,100.0,0.0,0.0
38202,109.87084674835205,11844,100.0,0.0,0.0
38208,109.88688683509827,11844,100.0,0.0,0.0
38210,109.89256691932678,11844,100.0,0.0,0.0
38213,109.90124988555908,11844,100.0,0.0,0.0
38220,109.9210033416748,11844,100.0,0.0,0.0
38230,109.94580721855164,11844,100.0,0.0,0.0
38234,109.95722365379333,11844,100.0,0.0,0.0
38240,109.97453188896179,11844,100.0,0.0,0.0
38244,109.98648810386658,11844,100.0,0.0,0.0
38250,110.0032570362091,11844,100.0,0.0,0.0
38258,110.02728366851807,11844,100.0,0.0,0.0
38260,110.03306865692139,11844,100.0,0.0,0.0
38261,110.03645968437195,11844,100.0,0.0,0.0
38270,110.0631799697876,11844,100.0,0.0,0.0
38280,110.0897946357727,11844,100.0,0.0,0.0
38290,110.11711382865906,11844,100.0,0.0,0.0
38291,110.12036514282227,11844,100.0,0.0,0.0
38293,110.12601923942566,11844,100.0,0.0,0.0
38298,110.13990116119385,11844,100.0,0.0,0.0
38300,110.1458797454834,11844,100.0,0.0,0.0
38308,110.16874313354492,11844,100.0,0.0,0.0
38310,110.17434453964233,11844,100.0,0.0,0.0
38320,110.20029973983765,11844,100.0,0.0,0.0
38330,110.2295286655426,11844,100.0,0.0,0.0
38336,110.24822092056274,11844,100.0,0.0,0.0
38337,110.25156116485596,11844,100.0,0.0,0.0
38340,110.26040720939636,11844,100.0,0.0,0.0
38343,110.26968121528625,11844,100.0,0.0,0.0
38349,110.28710699081421,11844,100.0,0.0,0.0
38350,110.2898383140564,11844,100.0,0.0,0.0
38352,110.29617094993591,11844,100.0,0.0,0.0
38360,110.3196530342102,11844,100.0,0.0,0.0
38365,110.33514881134033,11844,100.0,0.0,0.0
38370,110.34940695762634,11844,100.0,0.0,0.0
38372,110.35535907745361,11844,100.0,0.0,0.0
38380,110.37693548202515,11844,100.0,0.0,0.0
38381,110.38020730018616,11844,100.0,0.0,0.0
38390,110.40455508232117,11844,100.0,0.0,0.0
38398,110.42667818069458,11844,100.0,0.0,0.0
38400,110.43181109428406,11844,100.0,0.0,0.0
38410,110.45805358886719,11844,100.0,0.0,0.0
38420,110.48792386054993,11844,100.0,0.0,0.0
38427,110.50909948348999,11844,100.0,0.0,0.0
38430,110.51741671562195,11844,100.0,0.0,0.0
38440,110.54446959495544,11844,100.0,0.0,0.0
38442,110.55064988136292,11844,100.0,0.0,0.0
38450,110.57262921333313,11844,100.0,0.0,0.0
38452,110.57846164703369,11844,100.0,0.0,0.0
38459,110.5988552570343,11844,100.0,0.0,0.0
38460,110.60070371627808,11844,100.0,0.0,0.0
38470,110.62560057640076,11844,100.0,0.0,0.0
38474,110.63691806793213,11844,100.0,0.0,0.0
38480,110.65231847763062,11844,100.0,0.0,0.0
38490,110.67872476577759,11844,100.0,0.0,0.0
38494,110.69068169593811,11844,100.0,0.0,0.0
38495,110.69393491744995,11844,100.0,0.0,0.0
38500,110.70787906646729,11844,100.0,0.0,0.0
38503,110.71684217453003,11844,100.0,0.0,0.0
38504,110.72008156776428,11844,100.0,0.0,0.0
38509,110.73411631584167,11844,100.0,0.0,0.0
38510,110.73669195175171,11844,100.0,0.0,0.0
38520,110.7629804611206,11844,100.0,0.0,0.0
38528,110.78450083732605,11844,100.0,0.0,0.0
38530,110.78975868225098,11844,100.0,0.0,0.0
38540,110.81613326072693,11844,100.0,0.0,0.0
38550,110.84430718421936,11844,100.0,0.0,0.0
38552,110.85027599334717,11844,100.0,0.0,0.0
38557,110.8642885684967,11844,100.0,0.0,0.0
38560,110.87262320518494,11844,100.0,0.0,0.0
38566,110.88943839073181,11844,100.0,0.0,0.0
38570,110.89906454086304,11844,100.0,0.0,0.0
38573,110.90771818161011,11844,100.0,0.0,0.0
38580,110.92695474624634,11844,100.0,0.0,0.0
38584,110.93756866455078,11844,100.0,0.0,0.0
38590,110.95472598075867,11844,100.0,0.0,0.0
38600,110.98242616653442,11844,100.0,0.0,0.0
38607,111.00195693969727,11844,100.0,0.0,0.0
38610,111.01001358032227,11844,100.0,0.0,0.0
38620,111.03843975067139,11844,100.0,0.0,0.0
38626,111.05509233474731,11844,100.0,0.0,0.0
38630,111.0650565624237,11844,100.0,0.0,0.0
38632,111.07081127166748,11844,100.0,0.0,0.0
38633,111.073970079422,11844,100.0,0.0,0.0
38640,111.0943500995636,11844,100.0,0.0,0.0
38644,111.1068787574768,11844,100.0,0.0,0.0
38650,111.12241196632385,11844,100.0,0.0,0.0
38651,111.12545800209045,11844,100.0,0.0,0.0
38652,111.12845826148987,11844,100.0,0.0,0.0
38659,111.14699339866638,11844,100.0,0.0,0.0
38660,111.14962244033813,11844,100.0,0.0,0.0
38670,111.17718601226807,11844,100.0,0.0,0.0
38672,111.18335318565369,11844,100.0,0.0,0.0
38680,111.20552468299866,11844,100.0,0.0,0.0
38683,111.216304063797,11844,100.0,0.0,0.0
38690,111.23694396018982,11844,100.0,0.0,0.0
38700,111.26395654678345,11844,100.0,0.0,0.0
38701,111.26731467247009,11844,100.0,0.0,0.0
38709,111.28977942466736,11844,100.0,0.0,0.0
38710,111.29259037971497,11844,100.0,0.0,0.0
38720,111.32389426231384,11844,100.0,0.0,0.0
38730,111.35256958007812,11844,100.0,0.0,0.0
38740,111.3796501159668,11844,100.0,0.0,0.0
38750,111.40770030021667,11844,100.0,0.0,0.0
38760,111.43429017066956,11844,100.0,0.0,0.0
38770,111.46144080162048,11844,100.0,0.0,0.0
38780,111.4901475906372,11844,100.0,0.0,0.0
38790,111.51887702941895,11844,100.0,0.0,0.0
38791,111.52204155921936,11844,100.0,0.0,0.0
38800,111.54690456390381,11844,100.0,0.0,0.0
38801,111.55016803741455,11844,100.0,0.0,0.0
38805,111.56191658973694,11844,100.0,0.0,0.0
38810,111.57509565353394,11844,100.0,0.0,0.0
38820,111.60637307167053,11844,100.0,0.0,0.0
38821,111.60991311073303,11844,100.0,0.0,0.0
38827,111.62799334526062,11844,100.0,0.0,0.0
38829,111.63409638404846,11844,100.0,0.0,0.0
38830,111.63685584068298,11844,100.0,0.0,0.0
38840,111.66567969322205,11844,100.0,0.0,0.0
38841,111.66887593269348,11844,100.0,0.0,0.0
38850,111.69384479522705,11844,100.0,0.0,0.0
38852,111.70016193389893,11844,100.0,0.0,0.0
38855,111.71044993400574,11844,100.0,0.0,0.0
38860,111.72360324859619,11844,100.0,0.0,0.0
38870,111.75267028808594,11844,100.0,0.0,0.0
38880,111.78165435791016,11844,100.0,0.0,0.0
38886,111.7997374534607,11844,100.0,0.0,0.0
38890,111.81091284751892,11844,100.0,0.0,0.0
38895,111.82486653327942,11844,100.0,0.0,0.0
38900,111.8386025428772,11844,100.0,0.0,0.0
38902,111.84472584724426,11844,100.0,0.0,0.0
38906,111.85769891738892,11844,100.0,0.0,0.0
38910,111.86882543563843,11844,100.0,0.0,0.0
38912,111.87480449676514,11844,100.0,0.0,0.0
38920,111.89493298530579,11844,100.0,0.0,0.0
38930,111.92276048660278,11844,100.0,0.0,0.0
38932,111.9288637638092,11844,100.0,0.0,0.0
38940,111.95207452774048,11844,100.0,0.0,0.0
38941,111.95531105995178,11844,100.0,0.0,0.0
38950,111.97721195220947,11844,100.0,0.0,0.0
38953,111.98600745201111,11844,100.0,0.0,0.0
38960,112.0044105052948,11844,100.0,0.0,0.0
38970,112.03236532211304,11844,100.0,0.0,0.0
38974,112.04370665550232,11844,100.0,0.0,0.0
38980,112.05984687805176,11844,100.0,0.0,0.0
38984,112.07151412963867,11844,100.0,0.0,0.0
38990,112.08825469017029,11844,100.0,0.0,0.0
39000,112.11348986625671,11844,100.0,0.0,0.0
39010,112.14000248908997,11844,100.0,0.0,0.0
39020,112.16736817359924,11844,100.0,0.0,0.0
39024,112.17917490005493,11844,100.0,0.0,0.0
39030,112.19538855552673,11844,100.0,0.0,0.0
39040,112.22168731689453,11844,100.0,0.0,0.0
39045,112.23471426963806,11844,100.0,0.0,0.0
39050,112.24889826774597,11844,100.0,0.0,0.0
39060,112.27596855163574,11844,100.0,0.0,0.0
39070,112.30241918563843,11844,100.0,0.0,0.0
39075,112.31659197807312,11844,100.0,0.0,0.0
39076,112.32006311416626,11844,100.0,0.0,0.0
39080,112.33319473266602,11844,100.0,0.0,0.0
39087,112.35206460952759,11844,100.0,0.0,0.0
39090,112.36039614677429,11844,100.0,0.0,0.0
39093,112.36885786056519,11844,100.0,0.0,0.0
39100,112.38652777671814,11844,100.0,0.0,0.0
39109,112.41033554077148,11844,100.0,0.0,0.0
39110,112.41321158409119,11844,100.0,0.0,0.0
39120,112.44144225120544,11844,100.0,0.0,0.0
39130,112.46893692016602,11844,100.0,0.0,0.0
39140,112.49638342857361,11844,100.0,0.0,0.0
39143,112.50488948822021,11844,100.0,0.0,0.0
39150,112.52404308319092,11844,100.0,0.0,0.0
39151,112.52714729309082,11844,100.0,0.0,0.0
39153,112.53287506103516,11844,100.0,0.0,0.0
39160,112.55105423927307,11844,100.0,0.0,0.0
39161,112.55450510978699,11844,100.0,0.0,0.0
39170,112.57893180847168,11844,100.0,0.0,0.0
39175,112.59291386604309,11844,100.0,0.0,0.0
39178,112.60146117210388,11844,100.0,0.0,0.0
39180,112.6071150302887,11844,100.0,0.0,0.0
39186,112.62315344810486,11844,100.0,0.0,0.0
39190,112.63270974159241,11844,100.0,0.0,0.0
39199,112.65613007545471,11844,100.0,0.0,0.0
39200,112.6587336063385,11844,100.0,0.0,0.0
39202,112.6644458770752,11844,100.0,0.0,0.0
39204,112.67006492614746,11844,100.0,0.0,0.0
39205,112.67305541038513,11844,100.0,0.0,0.0
39210,112.68652296066284,11844,100.0,0.0,0.0
39211,112.68979287147522,11844,100.0,0.0,0.0
39220,112.71224927902222,11844,100.0,0.0,0.0
39221,112.7152144908905,11844,100.0,0.0,0.0
39222,112.7181704044342,11844,100.0,0.0,0.0
39230,112.73851346969604,11844,100.0,0.0,0.0
39240,112.76572155952454,11844,100.0,0.0,0.0
39250,112.79361248016357,11844,100.0,0.0,0.0
39260,112.81947922706604,11844,100.0,0.0,0.0
39267,112.8387885093689,11844,100.0,0.0,0.0
39270,112.84696173667908,11844,100.0,0.0,0.0
39276,112.86376166343689,11844,100.0,0.0,0.0
39280,112.8746497631073,11844,100.0,0.0,0.0
39290,112.90196442604065,11844,100.0,0.0,0.0
39295,112.91752219200134,11844,100.0,0.0,0.0
39296,112.9207079410553,11844,100.0,0.0,0.0
39300,112.93154454231262,11844,100.0,0.0,0.0
39310,112.9607720375061,11844,100.0,0.0,0.0
39319,112.98673439025879,11844,100.0,0.0,0.0
39320,112.98935294151306,11844,100.0,0.0,0.0
39330,113.01678800582886,11844,100.0,0.0,0.0
39340,113.04430031776428,11844,100.0,0.0,0.0
39350,113.07259273529053,11844,100.0,0.0,0.0
39351,113.07567620277405,11844,100.0,0.0,0.0
39360,113.10171961784363,11844,100.0,0.0,0.0
39370,113.12929177284241,11844,100.0,0.0,0.0
39380,113.15656805038452,11844,100.0,0.0,0.0
39390,113.18333005905151,11844,100.0,0.0,0.0
39400,113.21116852760315,11844,100.0,0.0,0.0
39403,113.22125053405762,11844,100.0,0.0,0.0
39410,113.24100494384766,11844,100.0,0.0,0.0
39420,113.26910829544067,11844,100.0,0.0,0.0
39424,113.28085970878601,11844,100.0,0.0,0.0
39430,113.2971453666687,11844,100.0,0.0,0.0
39435,113.31189441680908,11844,100.0,0.0,0.0
39440,113.32703232765198,11844,100.0,0.0,0.0
39443,113.3392870426178,11844,100.0,0.0,0.0
39450,113.35894560813904,11844,100.0,0.0,0.0
39457,113.37792491912842,11844,100.0,0.0,0.0
39458,113.38096785545349,11844,100.0,0.0,0.0
39460,113.38635778427124,11844,100.0,0.0,0.0
39461,113.38936066627502,11844,100.0,0.0,0.0
39462,113.39252400398254,11844,100.0,0.0,0.0
39468,113.40768051147461,11844,100.0,0.0,0.0
39470,113.4130654335022,11844,100.0,0.0,0.0
39475,113.42609238624573,11844,100.0,0.0,0.0
39480,113.43761968612671,11844,100.0,0.0,0.0
39482,113.44247722625732,11844,100.0,0.0,0.0
39489,113.46212077140808,11844,100.0,0.0,0.0
39490,113.46473026275635,11844,100.0,0.0,0.0
39493,113.47245264053345,11844,100.0,0.0,0.0
39500,113.49049878120422,11844,100.0,0.0,0.0
39505,113.50415349006653,11844,100.0,0.0,0.0
39506,113.50740146636963,11844,100.0,0.0,0.0
39510,113.51790642738342,11844,100.0,0.0,0.0
39516,113.53414797782898,11844,100.0,0.0,0.0
39519,113.54302024841309,11844,100.0,0.0,0.0
39520,113.54568243026733,11844,100.0,0.0,0.0
39530,113.57302355766296,11844,100.0,0.0,0.0
39536,113.58925104141235,11844,100.0,0.0,0.0
39538,113.5948281288147,11844,100.0,0.0,0.0
39540,113.60043406486511,11844,100.0,0.0,0.0
39545,113.61420345306396,11844,100.0,0.0,0.0
39550,113.62628960609436,11844,100.0,0.0,0.0
39555,113.63962936401367,11844,100.0,0.0,0.0
39560,113.65188121795654,11844,100.0,0.0,0.0
39567,113.6712851524353,11844,100.0,0.0,0.0
39570,113.67904853820801,11844,100.0,0.0,0.0
39572,113.68476390838623,11844,100.0,0.0,0.0
39580,113.70548820495605,11844,100.0,0.0,0.0
39588,113.72770738601685,11844,100.0,0.0,0.0
39589,113.73062014579773,11844,100.0,0.0,0.0
39590,113.73317384719849,11844,100.0,0.0,0.0
39600,113.75796484947205,11844,100.0,0.0,0.0
39602,113.7635509967804,11844,100.0,0.0,0.0
39608,113.7803807258606,11844,100.0,0.0,0.0
39610,113.78615617752075,11844,100.0,0.0,0.0
39614,113.79751753807068,11844,100.0,0.0,0.0
39620,113.81339526176453,11844,100.0,0.0,0.0
39627,113.83200263977051,11844,100.0,0.0,0.0
39630,113.8391945362091,11844,100.0,0.0,0.0
39632,113.84468603134155,11844,100.0,0.0,0.0
39640,113.86525106430054,11844,100.0,0.0,0.0
39645,113.87851095199585,11844,100.0,0.0,0.0
39650,113.89038944244385,11844,100.0,0.0,0.0
39660,113.91602921485901,11844,100.0,0.0,0.0
39670,113.9417736530304,11844,100.0,0.0,0.0
39674,113.95277690887451,11844,100.0,0.0,0.0
39680,113.96798872947693,11844,100.0,0.0,0.0
39690,113.99389791488647,11844,100.0,0.0,0.0
39697,114.01174402236938,11844,100.0,0.0,0.0
39700,114.01863741874695,11844,100.0,0.0,0.0
39705,114.03224611282349,11844,100.0,0.0,0.0
39706,114.03522181510925,11844,100.0,0.0,0.0
39710,114.04466462135315,11844,100.0,0.0,0.0
39719,114.06696891784668,11844,100.0,0.0,0.0
39720,114.06955170631409,11844,100.0,0.0,0.0
39730,114.09482407569885,11844,100.0,0.0,0.0
39740,114.12061405181885,11844,100.0,0.0,0.0
39743,114.1283848285675,11844,100.0,0.0,0.0
39747,114.13933491706848,11844,100.0,0.0,0.0
39750,114.1477165222168,11844,100.0,0.0,0.0
39760,114.17314887046814,11844,100.0,0.0,0.0
39763,114.18151068687439,11844,100.0,0.0,0.0
39770,114.20090413093567,11844,100.0,0.0,0.0
39780,114.23035764694214,11844,100.0,0.0,0.0
39782,114.2365050315857,11844,100.0,0.0,0.0
39785,114.24537515640259,11844,100.0,0.0,0.0
39790,114.25971746444702,11844,100.0,0.0,0.0
39800,114.28727793693542,11844,100.0,0.0,0.0
39810,114.31388068199158,11844,100.0,0.0,0.0
39815,114.32864785194397,11844,100.0,0.0,0.0
39820,114.34411001205444,11844,100.0,0.0,0.0
39830,114.37196779251099,11844,100.0,0.0,0.0
39840,114.39786338806152,11844,100.0,0.0,0.0
39843,114.40526628494263,11844,100.0,0.0,0.0
39850,114.42360186576843,11844,100.0,0.0,0.0
39856,114.43922400474548,11844,100.0,0.0,0.0
39858,114.44509649276733,11844,100.0,0.0,0.0
39860,114.45043802261353,11844,100.0,0.0,0.0
39862,114.45631074905396,11844,100.0,0.0,0.0
39870,114.47751498222351,11844,100.0,0.0,0.0
39877,114.4965467453003,11844,100.0,0.0,0.0
39879,114.50224494934082,11844,100.0,0.0,0.0
39880,114.50478339195251,11844,100.0,0.0,0.0
39887,114.52206063270569,11844,100.0,0.0,0.0
39890,114.52985787391663,11844,100.0,0.0,0.0
39900,114.55737948417664,11844,100.0,0.0,0.0
39910,114.58499908447266,11844,100.0,0.0,0.0
39920,114.61119341850281,11844,100.0,0.0,0.0
39930,114.63736605644226,11844,100.0,0.0,0.0
39934,114.64814019203186,11844,100.0,0.0,0.0
39940,114.66444182395935,11844,100.0,0.0,0.0
39944,114.67561626434326,11844,100.0,0.0,0.0
39950,114.69140815734863,11844,100.0,0.0,0.0
39952,114.69711303710938,11844,100.0,0.0,0.0
39958,114.71279096603394,11844,100.0,0.0,0.0
39960,114.71805739402771,11844,100.0,0.0,0.0
39962,114.72389531135559,11844,100.0,0.0,0.0
39970,114.74541640281677,11844,100.0,0.0,0.0
39980,114.77349591255188,11844,100.0,0.0,0.0
39990,114.80118417739868,11844,100.0,0.0,0.0
39994,114.81193017959595,11844,100.0,0.0,0.0
39996,114.81818652153015,11844,100.0,0.0,0.0
40000,114.82826733589172,11844,100.0,0.0,0.0
40010,114.85293841362,11844,100.0,0.0,0.0
40015,114.86513757705688,11844,100.0,0.0,0.0
40020,114.8787169456482,11844,100.0,0.0,0.0
40023,114.88638687133789,11844,100.0,0.0,0.0
40028,114.89970922470093,11844,100.0,0.0,0.0
40030,114.90502095222473,11844,100.0,0.0,0.0
40035,114.91997027397156,11844,100.0,0.0,0.0
40040,114.93335390090942,11844,100.0,0.0,0.0
40050,114.96092009544373,11844,100.0,0.0,0.0
40060,114.98988485336304,11844,100.0,0.0,0.0
40064,115.0017421245575,11844,100.0,0.0,0.0
40070,115.01945281028748,11844,100.0,0.0,0.0
40078,115.04378986358643,11844,100.0,0.0,0.0
40080,115.05019736289978,11844,100.0,0.0,0.0
40082,115.0567352771759,11844,100.0,0.0,0.0
40084,115.06349492073059,11844,100.0,0.0,0.0
40090,115.0802960395813,11844,100.0,0.0,0.0
40092,115.08683204650879,11844,100.0,0.0,0.0
40097,115.10055017471313,11844,100.0,0.0,0.0
40100,115.10901880264282,11844,100.0,0.0,0.0
40110,115.13753700256348,11844,100.0,0.0,0.0
40112,115.14381575584412,11844,100.0,0.0,0.0
40120,115.16648864746094,11844,100.0,0.0,0.0
40122,115.17260575294495,11844,100.0,0.0,0.0
40124,115.17843985557556,11844,100.0,0.0,0.0
40130,115.19771337509155,11844,100.0,0.0,0.0
40140,115.22802329063416,11844,100.0,0.0,0.0
40141,115.2314100265503,11844,100.0,0.0,0.0
40147,115.24721765518188,11844,100.0,0.0,0.0
40150,115.25647687911987,11844,100.0,0.0,0.0
40160,115.28419828414917,11844,100.0,0.0,0.0
40170,115.31274366378784,11844,100.0,0.0,0.0
40180,115.34600067138672,11844,100.0,0.0,0.0
40181,115.34955096244812,11844,100.0,0.0,0.0
40190,115.3782012462616,11844,100.0,0.0,0.0
40192,115.38444757461548,11844,100.0,0.0,0.0
40198,115.40177965164185,11844,100.0,0.0,0.0
40200,115.40711569786072,11844,100.0,0.0,0.0
40206,115.4281690120697,11844,100.0,0.0,0.0
40207,115.4326343536377,11844,100.0,0.0,0.0
40210,115.4417872428894,11844,100.0,0.0,0.0
40220,115.48413133621216,11844,100.0,0.0,0.0
40221,115.48797798156738,11844,100.0,0.0,0.0
40228,115.51653909683228,11844,100.0,0.0,0.0
40230,115.52265667915344,11844,100.0,0.0,0.0
40231,115.52650356292725,11844,100.0,0.0,0.0
40240,115.55109763145447,11844,100.0,0.0,0.0
40241,115.55435299873352,11844,100.0,0.0,0.0
40250,115.57992053031921,11844,100.0,0.0,0.0
40259,115.60487031936646,11844,100.0,0.0,0.0
40260,115.60750007629395,11844,100.0,0.0,0.0
40264,115.61883234977722,11844,100.0,0.0,0.0
40270,115.63490772247314,11844,100.0,0.0,0.0
40273,115.64330434799194,11844,100.0,0.0,0.0
40275,115.6491186618805,11844,100.0,0.0,0.0
40277,115.65485167503357,11844,100.0,0.0,0.0
40280,115.66315126419067,11844,100.0,0.0,0.0
40290,115.69278573989868,11844,100.0,0.0,0.0
40300,115.71998286247253,11844,100.0,0.0,0.0
40302,115.72660541534424,11844,100.0,0.0,0.0
40310,115.74808979034424,11844,100.0,0.0,0.0
40315,115.7628002166748,11844,100.0,0.0,0.0
40320,115.77791571617126,11844,100.0,0.0,0.0
40330,115.80533456802368,11844,100.0,0.0,0.0
40340,115.83063220977783,11844,100.0,0.0,0.0
40341,115.83371090888977,11844,100.0,0.0,0.0
40345,115.84514999389648,11844,100.0,0.0,0.0
40348,115.85421919822693,11844,100.0,0.0,0.0
40350,115.85979342460632,11844,100.0,0.0,0.0
40360,115.88636445999146,11844,100.0,0.0,0.0
40370,115.91320371627808,11844,100.0,0.0,0.0
40380,115.9394178390503,11844,100.0,0.0,0.0
40389,115.96680021286011,11844,100.0,0.0,0.0
40390,115.96960663795471,11844,100.0,0.0,0.0
40392,115.9760251045227,11844,100.0,0.0,0.0
40393,115.97933006286621,11844,100.0,0.0,0.0
40400,115.99915146827698,11844,100.0,0.0,0.0
40410,116.02649521827698,11844,100.0,0.0,0.0
40412,116.03250408172607,11844,100.0,0.0,0.0
40420,116.05703568458557,11844,100.0,0.0,0.0
40424,116.0685486793518,11844,100.0,0.0,0.0
40430,116.08730173110962,11844,100.0,0.0,0.0
40440,116.1173746585846,11844,100.0,0.0,0.0
40443,116.1264591217041,11844,100.0,0.0,0.0
40445,116.13257813453674,11844,100.0,0.0,0.0
40450,116.14775705337524,11844,100.0,0.0,0.0
40460,116.17894434928894,11844,100.0,0.0,0.0
40470,116.21095418930054,11844,100.0,0.0,0.0
40480,116.23968577384949,11844,100.0,0.0,0.0
40490,116.26777410507202,11844,100.0,0.0,0.0
40500,116.29872846603394,11844,100.0,0.0,0.0
40505,116.31287217140198,11844,100.0,0.0,0.0
40509,116.32478857040405,11844,100.0,0.0,0.0
40510,116.32758235931396,11844,100.0,0.0,0.0
40520,116.35892963409424,11844,100.0,0.0,0.0
40523,116.36810564994812,11844,100.0,0.0,0.0
40530,116.38835191726685,11844,100.0,0.0,0.0
40538,116.4083845615387,11844,100.0,0.0,0.0
40540,116.41357898712158,11844,100.0,0.0,0.0
40550,116.44075226783752,11844,100.0,0.0,0.0
40558,116.46210861206055,11844,100.0,0.0,0.0
40560,116.46745014190674,11844,100.0,0.0,0.0
40566,116.4835729598999,11844,100.0,0.0,0.0
40570,116.4942078590393,11844,100.0,0.0,0.0
40576,116.51111388206482,11844,100.0,0.0,0.0
40580,116.52197813987732,11844,100.0,0.0,0.0
40583,116.530832529068,11844,100.0,0.0,0.0
40584,116.53402256965637,11844,100.0,0.0,0.0
40589,116.54835414886475,11844,100.0,0.0,0.0
40590,116.55103302001953,11844,100.0,0.0,0.0
40600,116.57953429222107,11844,100.0,0.0,0.0
40602,116.58639574050903,11844,100.0,0.0,0.0
40609,116.6059250831604,11844,100.0,0.0,0.0
40610,116.60877537727356,11844,100.0,0.0,0.0
40611,116.61210870742798,11844,100.0,0.0,0.0
40620,116.63814163208008,11844,100.0,0.0,0.0
40630,116.66525363922119,11844,100.0,0.0,0.0
40636,116.68207454681396,11844,100.0,0.0,0.0
40640,116.69354391098022,11844,100.0,0.0,0.0
40643,116.70209336280823,11844,100.0,0.0,0.0
40648,116.71503973007202,11844,100.0,0.0,0.0
40650,116.720374584198,11844,100.0,0.0,0.0
40654,116.73228406906128,11844,100.0,0.0,0.0
40660,116.74902725219727,11844,100.0,0.0,0.0
40669,116.77534341812134,11844,100.0,0.0,0.0
40670,116.7784914970398,11844,100.0,0.0,0.0
40671,116.7818558216095,11844,100.0,0.0,0.0
40672,116.78508853912354,11844,100.0,0.0,0.0
40680,116.807776927948,11844,100.0,0.0,0.0
40684,116.81861686706543,11844,100.0,0.0,0.0
40690,116.83566284179688,11844,100.0,0.0,0.0
40700,116.86413526535034,11844,100.0,0.0,0.0
40710,116.89163303375244,11844,100.0,0.0,0.0
40716,116.90853095054626,11844,100.0,0.0,0.0
40720,116.91957330703735,11844,100.0,0.0,0.0
40730,116.94795393943787,11844,100.0,0.0,0.0
40736,116.9648928642273,11844,100.0,0.0,0.0
40737,116.9679605960846,11844,100.0,0.0,0.0
40740,116.97509789466858,11844,100.0,0.0,0.0
40745,116.98729825019836,11844,100.0,0.0,0.0
40750,117.00074291229248,11844,100.0,0.0,0.0
40757,117.02088737487793,11844,100.0,0.0,0.0
40760,117.03069257736206,11844,100.0,0.0,0.0
40770,117.05695939064026,11844,100.0,0.0,0.0
40771,117.0603997707367,11844,100.0,0.0,0.0
40772,117.06363320350647,11844,100.0,0.0,0.0
40780,117.08675241470337,11844,100.0,0.0,0.0
40790,117.11463975906372,11844,100.0,0.0,0.0
40800,117.14152407646179,11844,100.0,0.0,0.0
40810,117.17095732688904,11844,100.0,0.0,0.0
40811,117.17424845695496,11844,100.0,0.0,0.0
40817,117.19158339500427,11844,100.0,0.0,0.0
40820,117.2003161907196,11844,100.0,0.0,0.0
40830,117.22770047187805,11844,100.0,0.0,0.0
40837,117.24883842468262,11844,100.0,0.0,0.0
40840,117.257559299469,11844,100.0,0.0,0.0
40850,117.28502321243286,11844,100.0,0.0,0.0
40855,117.30278468132019,11844,100.0,0.0,0.0
40860,117.3156373500824,11844,100.0,0.0,0.0
40870,117.34562468528748,11844,100.0,0.0,0.0
40880,117.37350177764893,11844,100.0,0.0,0.0
40888,117.39476919174194,11844,100.0,0.0,0.0
40889,117.39793968200684,11844,100.0,0.0,0.0
40890,117.40058779716492,11844,100.0,0.0,0.0
40892,117.4065637588501,11844,100.0,0.0,0.0
40897,117.42064499855042,11844,100.0,0.0,0.0
40900,117.42931938171387,11844,100.0,0.0,0.0
40905,117.4425859451294,11844,100.0,0.0,0.0
40910,117.4566581249237,11844,100.0,0.0,0.0
40915,117.47085547447205,11844,100.0,0.0,0.0
40920,117.48483753204346,11844,100.0,0.0,0.0
40924,117.49522376060486,11844,100.0,0.0,0.0
40926,117.50108766555786,11844,100.0,0.0,0.0
40930,117.51187944412231,11844,100.0,0.0,0.0
40940,117.53960394859314,11844,100.0,0.0,0.0
40950,117.56664299964905,11844,100.0,0.0,0.0
40953,117.57580375671387,11844,100.0,0.0,0.0
40960,117.59532976150513,11844,100.0,0.0,0.0
40970,117.6233503818512,11844,100.0,0.0,0.0
40980,117.65017914772034,11844,100.0,0.0,0.0
40990,117.67905068397522,11844,100.0,0.0,0.0
40996,117.69727993011475,11844,100.0,0.0,0.0
41000,117.70765089988708,11844,100.0,0.0,0.0
41004,117.71948456764221,11844,100.0,0.0,0.0
41010,117.73585104942322,11844,100.0,0.0,0.0
41020,117.76485896110535,11844,100.0,0.0,0.0
41030,117.79458022117615,11844,100.0,0.0,0.0
41031,117.7980637550354,11844,100.0,0.0,0.0
41040,117.82654595375061,11844,100.0,0.0,0.0
41050,117.85898876190186,11844,100.0,0.0,0.0
41052,117.86575555801392,11844,100.0,0.0,0.0
41058,117.88350105285645,11844,100.0,0.0,0.0
41060,117.89025592803955,11844,100.0,0.0,0.0
41063,117.90029644966125,11844,100.0,0.0,0.0
41070,117.91922378540039,11844,100.0,0.0,0.0
41071,117.92237329483032,11844,100.0,0.0,0.0
41080,117.94673919677734,11844,100.0,0.0,0.0
41090,117.97368931770325,11844,100.0,0.0,0.0
41100,118.0004312992096,11844,100.0,0.0,0.0
41110,118.02766609191895,11844,100.0,0.0,0.0
41112,118.03351378440857,11844,100.0,0.0,0.0
41120,118.05520939826965,11844,100.0,0.0,0.0
41128,118.07814240455627,11844,100.0,0.0,0.0
41130,118.0836033821106,11844,100.0,0.0,0.0
41134,118.09539604187012,11844,100.0,0.0,0.0
41135,118.0985414981842,11844,100.0,0.0,0.0
41140,118.11207056045532,11844,100.0,0.0,0.0
41148,118.13398170471191,11844,100.0,0.0,0.0
41149,118.13701033592224,11844,100.0,0.0,0.0
41150,118.13901281356812,11844,100.0,0.0,0.0
41159,118.16418790817261,11844,100.0,0.0,0.0
41160,118.1666967868805,11844,100.0,0.0,0.0
41168,118.19016766548157,11844,100.0,0.0,0.0
41169,118.19333624839783,11844,100.0,0.0,0.0
41170,118.19672346115112,11844,100.0,0.0,0.0
41180,118.22427153587341,11844,100.0,0.0,0.0
41190,118.25366425514221,11844,100.0,0.0,0.0
41195,118.26785945892334,11844,100.0,0.0,0.0
41200,118.2821192741394,11844,100.0,0.0,0.0
41207,118.30234932899475,11844,100.0,0.0,0.0
41210,118.31077098846436,11844,100.0,0.0,0.0
41211,118.3140139579773,11844,100.0,0.0,0.0
41215,118.32517981529236,11844,100.0,0.0,0.0
41220,118.33908295631409,11844,100.0,0.0,0.0
41226,118.35714030265808,11844,100.0,0.0,0.0
41227,118.36038279533386,11844,100.0,0.0,0.0
41230,118.36939263343811,11844,100.0,0.0,0.0
41233,118.37863230705261,11844,100.0,0.0,0.0
41240,118.39730644226074,11844,100.0,0.0,0.0
41250,118.42519474029541,11844,100.0,0.0,0.0
41257,118.44447541236877,11844,100.0,0.0,0.0
41260,118.45277118682861,11844,100.0,0.0,0.0
41270,118.48149538040161,11844,100.0,0.0,0.0
41275,118.49628138542175,11844,100.0,0.0,0.0
41276,118.4994592666626,11844,100.0,0.0,0.0
41280,118.51102709770203,11844,100.0,0.0,0.0
41287,118.53434562683105,11844,100.0,0.0,0.0
41290,118.54275488853455,11844,100.0,0.0,0.0
41291,118.54601979255676,11844,100.0,0.0,0.0
41300,118.5708978176117,11844,100.0,0.0,0.0
41303,118.57974052429199,11844,100.0,0.0,0.0
41310,118.5996344089508,11844,100.0,0.0,0.0
41320,118.62682294845581,11844,100.0,0.0,0.0
41330,118.65368270874023,11844,100.0,0.0,0.0
41332,118.65881991386414,11844,100.0,0.0,0.0
41340,118.68094992637634,11844,100.0,0.0,0.0
41345,118.69427299499512,11844,100.0,0.0,0.0
41350,118.7071967124939,11844,100.0,0.0,0.0
41354,118.7182068824768,11844,100.0,0.0,0.0
41360,118.73466563224792,11844,100.0,0.0,0.0
41364,118.74609136581421,11844,100.0,0.0,0.0
41370,118.76246762275696,11844,100.0,0.0,0.0
41372,118.76772022247314,11844,100.0,0.0,0.0
41377,118.7814404964447,11844,100.0,0.0,0.0
41379,118.78718090057373,11844,100.0,0.0,0.0
41380,118.78981351852417,11844,100.0,0.0,0.0
41384,118.80110836029053,11844,100.0,0.0,0.0
41386,118.80678200721741,11844,100.0,0.0,0.0
41390,118.81773781776428,11844,100.0,0.0,0.0
41400,118.8458800315857,11844,100.0,0.0,0.0
41410,118.87210512161255,11844,100.0,0.0,0.0
41412,118.87807726860046,11844,100.0,0.0,0.0
41419,118.89734363555908,11844,100.0,0.0,0.0
41420,118.90002512931824,11844,100.0,0.0,0.0
41428,118.92327237129211,11844,100.0,0.0,0.0
41430,118.92872619628906,11844,100.0,0.0,0.0
41433,118.93738627433777,11844,100.0,0.0,0.0
41435,118.94237899780273,11844,100.0,0.0,0.0
41440,118.95766353607178,11844,100.0,0.0,0.0
41442,118.96363663673401,11844,100.0,0.0,0.0
41450,118.98660373687744,11844,100.0,0.0,0.0
41460,119.01256823539734,11844,100.0,0.0,0.0
41470,119.04046273231506,11844,100.0,0.0,0.0
41473,119.0492787361145,11844,100.0,0.0,0.0
41475,119.05515480041504,11844,100.0,0.0,0.0
41480,119.06939172744751,11844,100.0,0.0,0.0
41490,119.09877681732178,11844,100.0,0.0,0.0
41500,119.12689447402954,11844,100.0,0.0,0.0
41507,119.14668321609497,11844,100.0,0.0,0.0
41509,119.1528549194336,11844,100.0,0.0,0.0
41510,119.15565848350525,11844,100.0,0.0,0.0
41516,119.17246413230896,11844,100.0,0.0,0.0
41520,119.18384790420532,11844,100.0,0.0,0.0
41528,119.20674538612366,11844,100.0,0.0,0.0
41530,119.2122573852539,11844,100.0,0.0,0.0
41532,119.21814775466919,11844,100.0,0.0,0.0
41535,119.22732853889465,11844,100.0,0.0,0.0
41538,119.23671269416809,11844,100.0,0.0,0.0
41540,119.24232077598572,11844,100.0,0.0,0.0
41550,119.27386045455933,11844,100.0,0.0,0.0
41560,119.30394506454468,11844,100.0,0.0,0.0
41562,119.31032967567444,11844,100.0,0.0,0.0
41566,119.32303285598755,11844,100.0,0.0,0.0
41567,119.32649302482605,11844,100.0,0.0,0.0
41570,119.3353123664856,11844,100.0,0.0,0.0
41580,119.3690824508667,11844,100.0,0.0,0.0
41590,119.39786338806152,11844,100.0,0.0,0.0
41595,119.4127881526947,11844,100.0,0.0,0.0
41600,119.4279260635376,11844,100.0,0.0,0.0
41603,119.43706583976746,11844,100.0,0.0,0.0
41610,119.45754671096802,11844,100.0,0.0,0.0
41619,119.48340225219727,11844,100.0,0.0,0.0
41620,119.48622035980225,11844,100.0,0.0,0.0
41621,119.48949956893921,11844,100.0,0.0,0.0
41623,119.49567532539368,11844,100.0,0.0,0.0
41630,119.51484775543213,11844,100.0,0.0,0.0
41639,119.54080581665039,11844,100.0,0.0,0.0
41640,119.54356598854065,11844,100.0,0.0,0.0
41642,119.54951429367065,11844,100.0,0.0,0.0
41645,119.55841565132141,11844,100.0,0.0,0.0
41649,119.57016849517822,11844,100.0,0.0,0.0
41650,119.57295751571655,11844,100.0,0.0,0.0
41657,119.59165978431702,11844,100.0,0.0,0.0
41660,119.59899973869324,11844,100.0,0.0,0.0
41665,119.61319136619568,11844,100.0,0.0,0.0
41670,119.62711095809937,11844,100.0,0.0,0.0
41674,119.63876628875732,11844,100.0,0.0,0.0
41678,119.65072679519653,11844,100.0,0.0,0.0
41680,119.65609788894653,11844,100.0,0.0,0.0
41690,119.6844584941864,11844,100.0,0.0,0.0
41700,119.71326065063477,11844,100.0,0.0,0.0
41705,119.72824120521545,11844,100.0,0.0,0.0
41709,119.74033331871033,11844,100.0,0.0,0.0
41710,119.74229454994202,11844,100.0,0.0,0.0
41716,119.75886797904968,11844,100.0,0.0,0.0
41720,119.77229428291321,11844,100.0,0.0,0.0
41726,119.7977397441864,11844,100.0,0.0,0.0
41730,119.8108434677124,11844,100.0,0.0,0.0
41735,119.8264696598053,11844,100.0,0.0,0.0
41739,119.83879065513611,11844,100.0,0.0,0.0
41740,119.84153890609741,11844,100.0,0.0,0.0
41746,119.85914874076843,11844,100.0,0.0,0.0
41750,119.8695740699768,11844,100.0,0.0,0.0
41760,119.89735627174377,11844,100.0,0.0,0.0
41765,119.91182327270508,11844,100.0,0.0,0.0
41769,119.92247581481934,11844,100.0,0.0,0.0
41770,119.92509746551514,11844,100.0,0.0,0.0
41778,119.94630885124207,11844,100.0,0.0,0.0
41780,119.95209693908691,11844,100.0,0.0,0.0
41782,119.95829629898071,11844,100.0,0.0,0.0
41783,119.96150231361389,11844,100.0,0.0,0.0
41790,119.9821228981018,11844,100.0,0.0,0.0
41800,120.00925850868225,11844,100.0,0.0,0.0
41807,120.02880501747131,11844,100.0,0.0,0.0
41810,120.03729224205017,11844,100.0,0.0,0.0
41820,120.06553030014038,11844,100.0,0.0,0.0
41830,120.09355211257935,11844,100.0,0.0,0.0
41840,120.12108182907104,11844,100.0,0.0,0.0
41842,120.12726664543152,11844,100.0,0.0,0.0
41850,120.14899325370789,11844,100.0,0.0,0.0
41860,120.17724561691284,11844,100.0,0.0,0.0
41870,120.20317506790161,11844,100.0,0.0,0.0
41872,120.20974469184875,11844,100.0,0.0,0.0
41877,120.22542095184326,11844,100.0,0.0,0.0
41880,120.23288440704346,11844,100.0,0.0,0.0
41890,120.26061630249023,11844,100.0,0.0,0.0
41896,120.27671909332275,11844,100.0,0.0,0.0
41900,120.28834652900696,11844,100.0,0.0,0.0
41902,120.29422354698181,11844,100.0,0.0,0.0
41910,120.31549978256226,11844,100.0,0.0,0.0
41920,120.34176564216614,11844,100.0,0.0,0.0
41926,120.36043882369995,11844,100.0,0.0,0.0
41930,120.37121534347534,11844,100.0,0.0,0.0
41931,120.37458634376526,11844,100.0,0.0,0.0
41940,120.39921593666077,11844,100.0,0.0,0.0
41950,120.42589950561523,11844,100.0,0.0,0.0
41960,120.4529218673706,11844,100.0,0.0,0.0
41970,120.4801709651947,11844,100.0,0.0,0.0
41980,120.50868058204651,11844,100.0,0.0,0.0
41986,120.52564215660095,11844,100.0,0.0,0.0
41990,120.53580808639526,11844,100.0,0.0,0.0
42000,120.56366562843323,11844,100.0,0.0,0.0
42009,120.58892560005188,11844,100.0,0.0,0.0
42010,120.59179139137268,11844,100.0,0.0,0.0
42020,120.61932516098022,11844,100.0,0.0,0.0
42021,120.62249994277954,11844,100.0,0.0,0.0
42030,120.64678597450256,11844,100.0,0.0,0.0
42040,120.67358756065369,11844,100.0,0.0,0.0
42043,120.6821939945221,11844,100.0,0.0,0.0
42048,120.6957356929779,11844,100.0,0.0,0.0
42050,120.70110154151917,11844,100.0,0.0,0.0
42060,120.72769498825073,11844,100.0,0.0,0.0
42070,120.75579643249512,11844,100.0,0.0,0.0
42079,120.78108811378479,11844,100.0,0.0,0.0
42080,120.78382444381714,11844,100.0,0.0,0.0
42082,120.78984212875366,11844,100.0,0.0,0.0
42085,120.79849123954773,11844,100.0,0.0,0.0
42086,120.80167841911316,11844,100.0,0.0,0.0
42090,120.81108331680298,11844,100.0,0.0,0.0
42100,120.83893203735352,11844,100.0,0.0,0.0
42104,120.85074353218079,11844,100.0,0.0,0.0
42110,120.86638188362122,11844,100.0,0.0,0.0
42111,120.86969709396362,11844,100.0,0.0,0.0
42116,120.88419723510742,11844,100.0,0.0,0.0
42118,120.89025664329529,11844,100.0,0.0,0.0
42120,120.89599251747131,11844,100.0,0.0,0.0
42127,120.91602921485901,11844,100.0,0.0,0.0
42130,120.92436027526855,11844,100.0,0.0,0.0
42139,120.94866228103638,11844,100.0,0.0,0.0
42140,120.95139265060425,11844,100.0,0.0,0.0
42144,120.96356892585754,11844,100.0,0.0,0.0
42150,120.98154950141907,11844,100.0,0.0,0.0
42157,121.00120830535889,11844,100.0,0.0,0.0
42160,121.00960230827332,11844,100.0,0.0,0.0
42161,121.01253724098206,11844,100.0,0.0,0.0
42170,121.03555583953857,11844,100.0,0.0,0.0
42180,121.06331443786621,11844,100.0,0.0,0.0
42190,121.09017395973206,11844,100.0,0.0,0.0
42200,121.11977672576904,11844,100.0,0.0,0.0
42210,121.14891767501831,11844,100.0,0.0,0.0
42220,121.17773270606995,11844,100.0,0.0,0.0
42222,121.18325662612915,11844,100.0,0.0,0.0
42230,121.20649981498718,11844,100.0,0.0,0.0
42240,121.2391505241394,11844,100.0,0.0,0.0
42243,121.24848532676697,11844,100.0,0.0,0.0
42249,121.2676100730896,11844,100.0,0.0,0.0
42250,121.27101445198059,11844,100.0,0.0,0.0
42254,121.28271245956421,11844,100.0,0.0,0.0
42260,121.30079317092896,11844,100.0,0.0,0.0
42261,121.30414366722107,11844,100.0,0.0,0.0
42266,121.31749129295349,11844,100.0,0.0,0.0
42270,121.32927298545837,11844,100.0,0.0,0.0
42280,121.36165809631348,11844,100.0,0.0,0.0
42286,121.37976360321045,11844,100.0,0.0,0.0
42290,121.39069700241089,11844,100.0,0.0,0.0
42296,121.40908598899841,11844,100.0,0.0,0.0
42300,121.42225646972656,11844,100.0,0.0,0.0
42310,121.45196151733398,11844,100.0,0.0,0.0
42315,121.46675133705139,11844,100.0,0.0,0.0
42320,121.48144674301147,11844,100.0,0.0,0.0
42325,121.49595260620117,11844,100.0,0.0,0.0
42328,121.50515604019165,11844,100.0,0.0,0.0
42330,121.51093649864197,11844,100.0,0.0,0.0
42337,121.53130221366882,11844,100.0,0.0,0.0
42340,121.53938794136047,11844,100.0,0.0,0.0
42350,121.56717467308044,11844,100.0,0.0,0.0
42351,121.57048058509827,11844,100.0,0.0,0.0
42360,121.59690117835999,11844,100.0,0.0,0.0
42361,121.60015559196472,11844,100.0,0.0,0.0
42364,121.61183977127075,11844,100.0,0.0,0.0
42368,121.62445187568665,11844,100.0,0.0,0.0
42370,121.6305844783783,11844,100.0,0.0,0.0
42380,121.6603651046753,11844,100.0,0.0,0.0
42382,121.66645860671997,11844,100.0,0.0,0.0
42390,121.68945217132568,11844,100.0,0.0,0.0
42392,121.6954870223999,11844,100.0,0.0,0.0
42398,121.71302127838135,11844,100.0,0.0,0.0
42399,121.71617031097412,11844,100.0,0.0,0.0
42400,121.71889901161194,11844,100.0,0.0,0.0
42410,121.74511384963989,11844,100.0,0.0,0.0
42420,121.7721917629242,11844,100.0,0.0,0.0
42430,121.79917240142822,11844,100.0,0.0,0.0
42440,121.82892417907715,11844,100.0,0.0,0.0
42441,121.83249735832214,11844,100.0,0.0,0.0
42450,121.8580915927887,11844,100.0,0.0,0.0
42457,121.87551760673523,11844,100.0,0.0,0.0
42460,121.88337898254395,11844,100.0,0.0,0.0
42470,121.91046142578125,11844,100.0,0.0,0.0
42472,121.91620469093323,11844,100.0,0.0,0.0
42480,121.93748664855957,11844,100.0,0.0,0.0
42485,121.95044660568237,11844,100.0,0.0,0.0
42490,121.96333384513855,11844,100.0,0.0,0.0
42495,121.9770839214325,11844,100.0,0.0,0.0
42500,121.99087405204773,11844,100.0,0.0,0.0
42510,122.01670622825623,11844,100.0,0.0,0.0
42519,122.04132652282715,11844,100.0,0.0,0.0
42520,122.04394817352295,11844,100.0,0.0,0.0
42530,122.07129526138306,11844,100.0,0.0,0.0
42540,122.09941673278809,11844,100.0,0.0,0.0
42542,122.10531330108643,11844,100.0,0.0,0.0
42548,122.12143468856812,11844,100.0,0.0,0.0
42550,122.12689781188965,11844,100.0,0.0,0.0
42551,122.13001346588135,11844,100.0,0.0,0.0
42560,122.15376949310303,11844,100.0,0.0,0.0
42570,122.18194913864136,11844,100.0,0.0,0.0
42580,122.21004056930542,11844,100.0,0.0,0.0
42590,122.2383942604065,11844,100.0,0.0,0.0
42598,122.26054430007935,11844,100.0,0.0,0.0
42600,122.26624751091003,11844,100.0,0.0,0.0
42610,122.29489946365356,11844,100.0,0.0,0.0
42613,122.30366897583008,11844,100.0,0.0,0.0
42614,122.3068642616272,11844,100.0,0.0,0.0
42620,122.32421135902405,11844,100.0,0.0,0.0
42630,122.35319328308105,11844,100.0,0.0,0.0
42633,122.36485862731934,11844,100.0,0.0,0.0
42640,122.38521718978882,11844,100.0,0.0,0.0
42650,122.41498947143555,11844,100.0,0.0,0.0
42651,122.41820573806763,11844,100.0,0.0,0.0
42660,122.44242835044861,11844,100.0,0.0,0.0
42670,122.47036743164062,11844,100.0,0.0,0.0
42680,122.49969720840454,11844,100.0,0.0,0.0
42684,122.51119613647461,11844,100.0,0.0,0.0
42688,122.52280259132385,11844,100.0,0.0,0.0
42690,122.5273699760437,11844,100.0,0.0,0.0
42695,122.54164958000183,11844,100.0,0.0,0.0
42700,122.55591130256653,11844,100.0,0.0,0.0
42710,122.58493828773499,11844,100.0,0.0,0.0
42720,122.61457180976868,11844,100.0,0.0,0.0
42727,122.63418173789978,11844,100.0,0.0,0.0
42730,122.64233016967773,11844,100.0,0.0,0.0
42740,122.66893863677979,11844,100.0,0.0,0.0
42750,122.69636964797974,11844,100.0,0.0,0.0
42751,122.69956493377686,11844,100.0,0.0,0.0
42757,122.71596598625183,11844,100.0,0.0,0.0
42760,122.72404909133911,11844,100.0,0.0,0.0
42764,122.73505473136902,11844,100.0,0.0,0.0
42770,122.75077247619629,11844,100.0,0.0,0.0
42780,122.77731204032898,11844,100.0,0.0,0.0
42784,122.78829550743103,11844,100.0,0.0,0.0
42790,122.80429720878601,11844,100.0,0.0,0.0
42792,122.81031680107117,11844,100.0,0.0,0.0
42800,122.8314311504364,11844,100.0,0.0,0.0
42810,122.85844874382019,11844,100.0,0.0,0.0
42816,122.87405061721802,11844,100.0,0.0,0.0
42820,122.88443040847778,11844,100.0,0.0,0.0
42830,122.90954828262329,11844,100.0,0.0,0.0
42840,122.93576169013977,11844,100.0,0.0,0.0
42844,122.94685411453247,11844,100.0,0.0,0.0
42850,122.96401262283325,11844,100.0,0.0,0.0
42852,122.9700722694397,11844,100.0,0.0,0.0
42860,122.99328374862671,11844,100.0,0.0,0.0
42864,123.00462222099304,11844,100.0,0.0,0.0
42865,123.00776195526123,11844,100.0,0.0,0.0
42866,123.01115298271179,11844,100.0,0.0,0.0
42870,123.02204203605652,11844,100.0,0.0,0.0
42880,123.05073404312134,11844,100.0,0.0,0.0
42890,123.07947778701782,11844,100.0,0.0,0.0
42900,123.10873293876648,11844,100.0,0.0,0.0
42901,123.11197447776794,11844,100.0,0.0,0.0
42910,123.13574075698853,11844,100.0,0.0,0.0
42920,123.16372895240784,11844,100.0,0.0,0.0
42930,123.19360041618347,11844,100.0,0.0,0.0
42940,123.2230007648468,11844,100.0,0.0,0.0
42944,123.23490166664124,11844,100.0,0.0,0.0
42945,123.2381010055542,11844,100.0,0.0,0.0
42948,123.24705648422241,11844,100.0,0.0,0.0
42950,123.25337529182434,11844,100.0,0.0,0.0
42956,123.27116346359253,11844,100.0,0.0,0.0
42959,123.28051924705505,11844,100.0,0.0,0.0
42960,123.28359699249268,11844,100.0,0.0,0.0
42970,123.31239533424377,11844,100.0,0.0,0.0
42971,123.31563878059387,11844,100.0,0.0,0.0
42973,123.3216757774353,11844,100.0,0.0,0.0
42980,123.34198474884033,11844,100.0,0.0,0.0
42988,123.36864948272705,11844,100.0,0.0,0.0
42990,123.3746132850647,11844,100.0,0.0,0.0
42995,123.38909339904785,11844,100.0,0.0,0.0
43000,123.40264463424683,11844,100.0,0.0,0.0
43002,123.40850520133972,11844,100.0,0.0,0.0
43003,123.4116461277008,11844,100.0,0.0,0.0
43010,123.4328064918518,11844,100.0,0.0,0.0
43020,123.4599597454071,11844,100.0,0.0,0.0
43022,123.4663999080658,11844,100.0,0.0,0.0
43030,123.4895989894867,11844,100.0,0.0,0.0
43040,123.5183334350586,11844,100.0,0.0,0.0
43050,123.54706573486328,11844,100.0,0.0,0.0
43060,123.57699608802795,11844,100.0,0.0,0.0
43070,123.60839772224426,11844,100.0,0.0,0.0
43079,123.63463163375854,11844,100.0,0.0,0.0
43080,123.63725662231445,11844,100.0,0.0,0.0
43084,123.64995074272156,11844,100.0,0.0,0.0
43090,123.66675281524658,11844,100.0,0.0,0.0
43099,123.69250178337097,11844,100.0,0.0,0.0
43100,123.69519686698914,11844,100.0,0.0,0.0
43103,123.70406675338745,11844,100.0,0.0,0.0
43110,123.725337266922,11844,100.0,0.0,0.0
43120,123.75320386886597,11844,100.0,0.0,0.0
43130,123.78063607215881,11844,100.0,0.0,0.0
43135,123.79508590698242,11844,100.0,0.0,0.0
43140,123.80960369110107,11844,100.0,0.0,0.0
43142,123.81554222106934,11844,100.0,0.0,0.0
43150,123.83831214904785,11844,100.0,0.0,0.0
43155,123.8514552116394,11844,100.0,0.0,0.0
43160,123.8652572631836,11844,100.0,0.0,0.0
43161,123.8684995174408,11844,100.0,0.0,0.0
43170,123.89244341850281,11844,100.0,0.0,0.0
43171,123.89562702178955,11844,100.0,0.0,0.0
43180,123.92200040817261,11844,100.0,0.0,0.0
43190,123.949942111969,11844,100.0,0.0,0.0
43192,123.95612692832947,11844,100.0,0.0,0.0
43196,123.96686434745789,11844,100.0,0.0,0.0
43200,123.97776579856873,11844,100.0,0.0,0.0
43210,124.00503706932068,11844,100.0,0.0,0.0
43212,124.01163625717163,11844,100.0,0.0,0.0
43220,124.03232479095459,11844,100.0,0.0,0.0
43230,124.05972266197205,11844,100.0,0.0,0.0
43240,124.08876156806946,11844,100.0,0.0,0.0
43250,124.11688685417175,11844,100.0,0.0,0.0
43255,124.13053345680237,11844,100.0,0.0,0.0
43260,124.1439254283905,11844,100.0,0.0,0.0
43270,124.17261147499084,11844,100.0,0.0,0.0
43280,124.20163321495056,11844,100.0,0.0,0.0
43290,124.23101449012756,11844,100.0,0.0,0.0
43300,124.25843501091003,11844,100.0,0.0,0.0
43305,124.27235960960388,11844,100.0,0.0,0.0
43308,124.28097915649414,11844,100.0,0.0,0.0
43310,124.2863461971283,11844,100.0,0.0,0.0
43311,124.28964614868164,11844,100.0,0.0,0.0
43317,124.30627679824829,11844,100.0,0.0,0.0
43320,124.31437134742737,11844,100.0,0.0,0.0
43323,124.3230676651001,11844,100.0,0.0,0.0
43324,124.32630658149719,11844,100.0,0.0,0.0
43329,124.3406925201416,11844,100.0,0.0,0.0
43330,124.34345006942749,11844,100.0,0.0,0.0
43340,124.37442350387573,11844,100.0,0.0,0.0
43343,124.38365292549133,11844,100.0,0.0,0.0
43346,124.3912124633789,11844,100.0,0.0,0.0
43350,124.40173435211182,11844,100.0,0.0,0.0
43360,124.42978405952454,11844,100.0,0.0,0.0
43370,124.45541954040527,11844,100.0,0.0,0.0
43380,124.48245930671692,11844,100.0,0.0,0.0
43390,124.51138305664062,11844,100.0,0.0,0.0
43400,124.53758883476257,11844,100.0,0.0,0.0
43404,124.54899644851685,11844,100.0,0.0,0.0
43407,124.55835008621216,11844,100.0,0.0,0.0
43410,124.56742000579834,11844,100.0,0.0,0.0
43420,124.59579110145569,11844,100.0,0.0,0.0
43430,124.62173533439636,11844,100.0,0.0,0.0
43439,124.64728236198425,11844,100.0,0.0,0.0
43440,124.649911403656,11844,100.0,0.0,0.0
43441,124.65318846702576,11844,100.0,0.0,0.0
43450,124.67792344093323,11844,100.0,0.0,0.0
43452,124.68425226211548,11844,100.0,0.0,0.0
43456,124.69582056999207,11844,100.0,0.0,0.0
43458,124.70152807235718,11844,100.0,0.0,0.0
43460,124.70690274238586,11844,100.0,0.0,0.0
43470,124.73516321182251,11844,100.0,0.0,0.0
43480,124.76294016838074,11844,100.0,0.0,0.0
43485,124.77791047096252,11844,100.0,0.0,0.0
43490,124.79214262962341,11844,100.0,0.0,0.0
43500,124.81847810745239,11844,100.0,0.0,0.0
43510,124.84460186958313,11844,100.0,0.0,0.0
43520,124.87110877037048,11844,100.0,0.0,0.0
43530,124.89783763885498,11844,100.0,0.0,0.0
43534,124.90894174575806,11844,100.0,0.0,0.0
43540,124.92630648612976,11844,100.0,0.0,0.0
43550,124.95213747024536,11844,100.0,0.0,0.0
43560,124.97966957092285,11844,100.0,0.0,0.0
43570,125.00688219070435,11844,100.0,0.0,0.0
43572,125.01280951499939,11844,100.0,0.0,0.0
43580,125.0347671508789,11844,100.0,0.0,0.0
43590,125.06579828262329,11844,100.0,0.0,0.0
43592,125.07205104827881,11844,100.0,0.0,0.0
43600,125.09468078613281,11844,100.0,0.0,0.0
43610,125.12196612358093,11844,100.0,0.0,0.0
43620,125.14931774139404,11844,100.0,0.0,0.0
43622,125.15527749061584,11844,100.0,0.0,0.0
43624,125.16095280647278,11844,100.0,0.0,0.0
43630,125.17629981040955,11844,100.0,0.0,0.0
43631,125.17937660217285,11844,100.0,0.0,0.0
43635,125.19185996055603,11844,100.0,0.0,0.0
43640,125.2067084312439,11844,100.0,0.0,0.0
43650,125.23588371276855,11844,100.0,0.0,0.0
43651,125.23921203613281,11844,100.0,0.0,0.0
43653,125.24533891677856,11844,100.0,0.0,0.0
43660,125.26618075370789,11844,100.0,0.0,0.0
43670,125.29300451278687,11844,100.0,0.0,0.0
43680,125.32106447219849,11844,100.0,0.0,0.0
43681,125.32438516616821,11844,100.0,0.0,0.0
43683,125.32967901229858,11844,100.0,0.0,0.0
43690,125.34980249404907,11844,100.0,0.0,0.0
43700,125.38254308700562,11844,100.0,0.0,0.0
43704,125.39494013786316,11844,100.0,0.0,0.0
43710,125.41156435012817,11844,100.0,0.0,0.0
43711,125.41603517532349,11844,100.0,0.0,0.0
43715,125.43299555778503,11844,100.0,0.0,0.0
43720,125.44798755645752,11844,100.0,0.0,0.0
43729,125.48928332328796,11844,100.0,0.0,0.0
43730,125.49209594726562,11844,100.0,0.0,0.0
43740,125.5276141166687,11844,100.0,0.0,0.0
43749,125.55334401130676,11844,100.0,0.0,0.0
43750,125.55602097511292,11844,100.0,0.0,0.0
43753,125.56437349319458,11844,100.0,0.0,0.0
43760,125.58368444442749,11844,100.0,0.0,0.0
43766,125.60057401657104,11844,100.0,0.0,0.0
43770,125.61157560348511,11844,100.0,0.0,0.0
43780,125.63836216926575,11844,100.0,0.0,0.0
43790,125.66519570350647,11844,100.0,0.0,0.0
43792,125.67128825187683,11844,100.0,0.0,0.0
43800,125.69352412223816,11844,100.0,0.0,0.0
43803,125.70233488082886,11844,100.0,0.0,0.0
43810,125.72312831878662,11844,100.0,0.0,0.0
43820,125.75001764297485,11844,100.0,0.0,0.0
43830,125.77716708183289,11844,100.0,0.0,0.0
43840,125.8052487373352,11844,100.0,0.0,0.0
43849,125.83115267753601,11844,100.0,0.0,0.0
43850,125.83398652076721,11844,100.0,0.0,0.0
43851,125.83729815483093,11844,100.0,0.0,0.0
43854,125.84635090827942,11844,100.0,0.0,0.0
43857,125.85506749153137,11844,100.0,0.0,0.0
43859,125.86093521118164,11844,100.0,0.0,0.0
43860,125.8636999130249,11844,100.0,0.0,0.0
43870,125.8902690410614,11844,100.0,0.0,0.0
43871,125.89344763755798,11844,100.0,0.0,0.0
43880,125.9179015159607,11844,100.0,0.0,0.0
43890,125.94454264640808,11844,100.0,0.0,0.0
43898,125.96802067756653,11844,100.0,0.0,0.0
43900,125.97375750541687,11844,100.0,0.0,0.0
43901,125.97706198692322,11844,100.0,0.0,0.0
43903,125.98216032981873,11844,100.0,0.0,0.0
43910,126.00100898742676,11844,100.0,0.0,0.0
43915,126.01490068435669,11844,100.0,0.0,0.0
43920,126.02874851226807,11844,100.0,0.0,0.0
43930,126.05661916732788,11844,100.0,0.0,0.0
43938,126.0809531211853,11844,100.0,0.0,0.0
43940,126.08654189109802,11844,100.0,0.0,0.0
43950,126.11503744125366,11844,100.0,0.0,0.0
43954,126.1271162033081,11844,100.0,0.0,0.0
43960,126.14445161819458,11844,100.0,0.0,0.0
43963,126.15363121032715,11844,100.0,0.0,0.0
43970,126.1758987903595,11844,100.0,0.0,0.0
43980,126.20572638511658,11844,100.0,0.0,0.0
43986,126.22311449050903,11844,100.0,0.0,0.0
43990,126.23527336120605,11844,100.0,0.0,0.0
43991,126.23874974250793,11844,100.0,0.0,0.0
43995,126.25167608261108,11844,100.0,0.0,0.0
44000,126.26788353919983,11844,100.0,0.0,0.0
44004,126.28097891807556,11844,100.0,0.0,0.0
44010,126.2987470626831,11844,100.0,0.0,0.0
44017,126.319491147995,11844,100.0,0.0,0.0
44020,126.32884860038757,11844,100.0,0.0,0.0
44026,126.34749150276184,11844,100.0,0.0,0.0
44029,126.35705709457397,11844,100.0,0.0,0.0
44030,126.3601815700531,11844,100.0,0.0,0.0
44036,126.38068628311157,11844,100.0,0.0,0.0
44040,126.39263606071472,11844,100.0,0.0,0.0
44050,126.4203884601593,11844,100.0,0.0,0.0
44060,126.44913077354431,11844,100.0,0.0,0.0
44070,126.47765398025513,11844,100.0,0.0,0.0
44071,126.48104643821716,11844,100.0,0.0,0.0
44074,126.4898247718811,11844,100.0,0.0,0.0
44080,126.50620913505554,11844,100.0,0.0,0.0
44081,126.50931930541992,11844,100.0,0.0,0.0
44082,126.51249670982361,11844,100.0,0.0,0.0
44086,126.52395486831665,11844,100.0,0.0,0.0
44090,126.53560733795166,11844,100.0,0.0,0.0
44093,126.54481053352356,11844,100.0,0.0,0.0
44100,126.5659122467041,11844,100.0,0.0,0.0
44104,126.5778534412384,11844,100.0,0.0,0.0
44110,126.59597706794739,11844,100.0,0.0,0.0
44120,126.62840461730957,11844,100.0,0.0,0.0
44126,126.64656233787537,11844,100.0,0.0,0.0
44130,126.65703225135803,11844,100.0,0.0,0.0
44134,126.66897177696228,11844,100.0,0.0,0.0
44140,126.68521904945374,11844,100.0,0.0,0.0
44150,126.7136025428772,11844,100.0,0.0,0.0
44160,126.74266839027405,11844,100.0,0.0,0.0
44170,126.77341103553772,11844,100.0,0.0,0.0
44180,126.8004093170166,11844,100.0,0.0,0.0
44190,126.8307032585144,11844,100.0,0.0,0.0
44200,126.85889005661011,11844,100.0,0.0,0.0
44208,126.88283896446228,11844,100.0,0.0,0.0
44210,126.88937878608704,11844,100.0,0.0,0.0
44220,126.91983008384705,11844,100.0,0.0,0.0
44230,126.9486916065216,11844,100.0,0.0,0.0
44231,126.951988697052,11844,100.0,0.0,0.0
44236,126.96795535087585,11844,100.0,0.0,0.0
44238,126.97432971000671,11844,100.0,0.0,0.0
44240,126.979323387146,11844,100.0,0.0,0.0
44250,127.00870394706726,11844,100.0,0.0,0.0
44254,127.02135133743286,11844,100.0,0.0,0.0
44260,127.04133629798889,11844,100.0,0.0,0.0
44270,127.0690107345581,11844,100.0,0.0,0.0
44280,127.10222172737122,11844,100.0,0.0,0.0
44288,127.1288652420044,11844,100.0,0.0,0.0
44290,127.13437509536743,11844,100.0,0.0,0.0
44300,127.1632833480835,11844,100.0,0.0,0.0
44301,127.16659951210022,11844,100.0,0.0,0.0
44310,127.19147300720215,11844,100.0,0.0,0.0
44311,127.19469618797302,11844,100.0,0.0,0.0
44320,127.22015333175659,11844,100.0,0.0,0.0
44322,127.22625684738159,11844,100.0,0.0,0.0
44328,127.24557185173035,11844,100.0,0.0,0.0
44330,127.25173711776733,11844,100.0,0.0,0.0
44336,127.27060413360596,11844,100.0,0.0,0.0
44340,127.28302574157715,11844,100.0,0.0,0.0
44350,127.31292796134949,11844,100.0,0.0,0.0
44356,127.33151125907898,11844,100.0,0.0,0.0
44360,127.3438925743103,11844,100.0,0.0,0.0
44370,127.38163113594055,11844,100.0,0.0,0.0
44377,127.40176272392273,11844,100.0,0.0,0.0
44380,127.410409450531,11844,100.0,0.0,0.0
44390,127.4423394203186,11844,100.0,0.0,0.0
44397,127.46335625648499,11844,100.0,0.0,0.0
44400,127.47237920761108,11844,100.0,0.0,0.0
44410,127.50440192222595,11844,100.0,0.0,0.0
44420,127.53406238555908,11844,100.0,0.0,0.0
44430,127.56420087814331,11844,100.0,0.0,0.0
44440,127.59109163284302,11844,100.0,0.0,0.0
44450,127.61932158470154,11844,100.0,0.0,0.0
44454,127.63018870353699,11844,100.0,0.0,0.0
44460,127.64638924598694,11844,100.0,0.0,0.0
44470,127.67438435554504,11844,100.0,0.0,0.0
44480,127.70240569114685,11844,100.0,0.0,0.0
44490,127.73310780525208,11844,100.0,0.0,0.0
44500,127.76198530197144,11844,100.0,0.0,0.0
44510,127.79399704933167,11844,100.0,0.0,0.0
44511,127.79828906059265,11844,100.0,0.0,0.0
44520,127.82272958755493,11844,100.0,0.0,0.0
44523,127.8319160938263,11844,100.0,0.0,0.0
44530,127.85329914093018,11844,100.0,0.0,0.0
44540,127.88135886192322,11844,100.0,0.0,0.0
44541,127.88501524925232,11844,100.0,0.0,0.0
44550,127.90917372703552,11844,100.0,0.0,0.0
44560,127.93405771255493,11844,100.0,0.0,0.0
44570,127.96056938171387,11844,100.0,0.0,0.0
44580,127.9890353679657,11844,100.0,0.0,0.0
44590,128.0149495601654,11844,100.0,0.0,0.0
44600,128.04245352745056,11844,100.0,0.0,0.0
44609,128.07090663909912,11844,100.0,0.0,0.0
44610,128.07379388809204,11844,100.0,0.0,0.0
44616,128.0919804573059,11844,100.0,0.0,0.0
44620,128.10305261611938,11844,100.0,0.0,0.0
44621,128.1062924861908,11844,100.0,0.0,0.0
44626,128.12080192565918,11844,100.0,0.0,0.0
44628,128.1269588470459,11844,100.0,0.0,0.0
44630,128.13238644599915,11844,100.0,0.0,0.0
44640,128.16108632087708,11844,100.0,0.0,0.0
44647,128.18276000022888,11844,100.0,0.0,0.0
44650,128.19166350364685,11844,100.0,0.0,0.0
44660,128.220938205719,11844,100.0,0.0,0.0
44670,128.24828004837036,11844,100.0,0.0,0.0
44680,128.27552151679993,11844,100.0,0.0,0.0
44690,128.3016288280487,11844,100.0,0.0,0.0
44699,128.32721161842346,11844,100.0,0.0,0.0
44700,128.32916069030762,11844,100.0,0.0,0.0
44710,128.35893535614014,11844,100.0,0.0,0.0
44711,128.36238646507263,11844,100.0,0.0,0.0
44717,128.38167786598206,11844,100.0,0.0,0.0
44720,128.3899791240692,11844,100.0,0.0,0.0
44730,128.41684341430664,11844,100.0,0.0,0.0
44737,128.43469548225403,11844,100.0,0.0,0.0
44740,128.4431128501892,11844,100.0,0.0,0.0
44744,128.45479893684387,11844,100.0,0.0,0.0
44750,128.4726846218109,11844,100.0,0.0,0.0
44757,128.49620127677917,11844,100.0,0.0,0.0
44760,128.5049705505371,11844,100.0,0.0,0.0
44770,128.5336000919342,11844,100.0,0.0,0.0
44777,128.5555877685547,11844,100.0,0.0,0.0
44779,128.56298756599426,11844,100.0,0.0,0.0
44780,128.56688404083252,11844,100.0,0.0,0.0
44790,128.59936547279358,11844,100.0,0.0,0.0
44793,128.60772395133972,11844,100.0,0.0,0.0
44798,128.62243795394897,11844,100.0,0.0,0.0
44800,128.62804245948792,11844,100.0,0.0,0.0
44803,128.63705706596375,11844,100.0,0.0,0.0
44810,128.65765142440796,11844,100.0,0.0,0.0
44813,128.6668610572815,11844,100.0,0.0,0.0
44815,128.67318439483643,11844,100.0,0.0,0.0
44820,128.68658423423767,11844,100.0,0.0,0.0
44822,128.69283318519592,11844,100.0,0.0,0.0
44830,128.71660614013672,11844,100.0,0.0,0.0
44831,128.71991157531738,11844,100.0,0.0,0.0
44832,128.7231569290161,11844,100.0,0.0,0.0
44840,128.7456202507019,11844,100.0,0.0,0.0
44850,128.77361845970154,11844,100.0,0.0,0.0
44860,128.803964138031,11844,100.0,0.0,0.0
44864,128.81510829925537,11844,100.0,0.0,0.0
44866,128.8211236000061,11844,100.0,0.0,0.0
44869,128.83019542694092,11844,100.0,0.0,0.0
44870,128.83260130882263,11844,100.0,0.0,0.0
44880,128.8601884841919,11844,100.0,0.0,0.0
44882,128.8660683631897,11844,100.0,0.0,0.0
44888,128.88260459899902,11844,100.0,0.0,0.0
44890,128.8880615234375,11844,100.0,0.0,0.0
44900,128.91713976860046,11844,100.0,0.0,0.0
44909,128.94213318824768,11844,100.0,0.0,0.0
44910,128.94482159614563,11844,100.0,0.0,0.0
44920,128.97432398796082,11844,100.0,0.0,0.0
44930,129.00278115272522,11844,100.0,0.0,0.0
44935,129.017427444458,11844,100.0,0.0,0.0
44940,129.03177690505981,11844,100.0,0.0,0.0
44943,129.04052567481995,11844,100.0,0.0,0.0
44950,129.06082105636597,11844,100.0,0.0,0.0
44960,129.08987665176392,11844,100.0,0.0,0.0
44962,129.0972194671631,11844,100.0,0.0,0.0
44965,129.10635638237,11844,100.0,0.0,0.0
44970,129.1208782196045,11844,100.0,0.0,0.0
44980,129.15021061897278,11844,100.0,0.0,0.0
44990,129.17925262451172,11844,100.0,0.0,0.0
45000,129.21035146713257,11844,100.0,0.0,0.0
45010,129.23912382125854,11844,100.0,0.0,0.0
45012,129.24542570114136,11844,100.0,0.0,0.0
45019,129.26579999923706,11844,100.0,0.0,0.0
45020,129.2685604095459,11844,100.0,0.0,0.0
45022,129.2748761177063,11844,100.0,0.0,0.0
45028,129.292662858963,11844,100.0,0.0,0.0
45030,129.2982428073883,11844,100.0,0.0,0.0
45040,129.32774305343628,11844,100.0,0.0,0.0
45044,129.34035301208496,11844,100.0,0.0,0.0
45050,129.3573362827301,11844,100.0,0.0,0.0
45060,129.3873906135559,11844,100.0,0.0,0.0
45070,129.415363073349,11844,100.0,0.0,0.0
45075,129.42888188362122,11844,100.0,0.0,0.0
45080,129.4437599182129,11844,100.0,0.0,0.0
45082,129.44986653327942,11844,100.0,0.0,0.0
45089,129.4692621231079,11844,100.0,0.0,0.0
45090,129.47206354141235,11844,100.0,0.0,0.0
45095,129.48681116104126,11844,100.0,0.0,0.0
45096,129.49005842208862,11844,100.0,0.0,0.0
45100,129.50051045417786,11844,100.0,0.0,0.0
45110,129.52911281585693,11844,100.0,0.0,0.0
45120,129.557026386261,11844,100.0,0.0,0.0
45128,129.58010268211365,11844,100.0,0.0,0.0
45130,129.58629179000854,11844,100.0,0.0,0.0
45138,129.6078236103058,11844,100.0,0.0,0.0
45139,129.61115145683289,11844,100.0,0.0,0.0
45140,129.61386847496033,11844,100.0,0.0,0.0
45150,129.6427206993103,11844,100.0,0.0,0.0
45160,129.66951417922974,11844,100.0,0.0,0.0
45163,129.67816519737244,11844,100.0,0.0,0.0
45170,129.69545149803162,11844,100.0,0.0,0.0
45172,129.7014718055725,11844,100.0,0.0,0.0
45174,129.70771741867065,11844,100.0,0.0,0.0
45180,129.72494626045227,11844,100.0,0.0,0.0
45182,129.73096704483032,11844,100.0,0.0,0.0
45184,129.73679161071777,11844,100.0,0.0,0.0
45190,129.75375151634216,11844,100.0,0.0,0.0
45200,129.78342270851135,11844,100.0,0.0,0.0
45201,129.78699350357056,11844,100.0,0.0,0.0
45206,129.801265001297,11844,100.0,0.0,0.0
45210,129.81233859062195,11844,100.0,0.0,0.0
45215,129.82701921463013,11844,100.0,0.0,0.0
45220,129.83993291854858,11844,100.0,0.0,0.0
45230,129.8671839237213,11844,100.0,0.0,0.0
45240,129.89455485343933,11844,100.0,0.0,0.0
45244,129.90628337860107,11844,100.0,0.0,0.0
45250,129.92288827896118,11844,100.0,0.0,0.0
45260,129.94849109649658,11844,100.0,0.0,0.0
45262,129.95421433448792,11844,100.0,0.0,0.0
45268,129.9693684577942,11844,100.0,0.0,0.0
45270,129.97487473487854,11844,100.0,0.0,0.0
45280,130.00211453437805,11844,100.0,0.0,0.0
45289,130.0268476009369,11844,100.0,0.0,0.0
45290,130.02964806556702,11844,100.0,0.0,0.0
45291,130.03287649154663,11844,100.0,0.0,0.0
45299,130.0556881427765,11844,100.0,0.0,0.0
45300,130.05841636657715,11844,100.0,0.0,0.0
45310,130.08616757392883,11844,100.0,0.0,0.0
45315,130.10017275810242,11844,100.0,0.0,0.0
45320,130.11461091041565,11844,100.0,0.0,0.0
45327,130.13373851776123,11844,100.0,0.0,0.0
45330,130.14210176467896,11844,100.0,0.0,0.0
45336,130.159574508667,11844,100.0,0.0,0.0
45338,130.1655147075653,11844,100.0,0.0,0.0
45340,130.17041897773743,11844,100.0,0.0,0.0
45350,130.19796180725098,11844,100.0,0.0,0.0
45353,130.20644903182983,11844,100.0,0.0,0.0
45356,130.21492910385132,11844,100.0,0.0,0.0
45357,130.21811628341675,11844,100.0,0.0,0.0
45359,130.2242889404297,11844,100.0,0.0,0.0
45360,130.2271692752838,11844,100.0,0.0,0.0
45368,130.24990940093994,11844,100.0,0.0,0.0
45370,130.25560903549194,11844,100.0,0.0,0.0
45380,130.28271675109863,11844,100.0,0.0,0.0
45387,130.30270838737488,11844,100.0,0.0,0.0
45390,130.31107592582703,11844,100.0,0.0,0.0
45398,130.33338570594788,11844,100.0,0.0,0.0
45400,130.33876156806946,11844,100.0,0.0,0.0
45404,130.3504180908203,11844,100.0,0.0,0.0
45410,130.36639666557312,11844,100.0,0.0,0.0
45420,130.39634323120117,11844,100.0,0.0,0.0
45426,130.41145849227905,11844,100.0,0.0,0.0
45428,130.41738414764404,11844,100.0,0.0,0.0
45430,130.42289996147156,11844,100.0,0.0,0.0
45433,130.43140959739685,11844,100.0,0.0,0.0
45440,130.45056700706482,11844,100.0,0.0,0.0
45442,130.4566330909729,11844,100.0,0.0,0.0
45447,130.47062230110168,11844,100.0,0.0,0.0
45450,130.4796645641327,11844,100.0,0.0,0.0
45460,130.50825190544128,11844,100.0,0.0,0.0
45470,130.537743806839,11844,100.0,0.0,0.0
45480,130.5702817440033,11844,100.0,0.0,0.0
45490,130.59920120239258,11844,100.0,0.0,0.0
45497,130.61922478675842,11844,100.0,0.0,0.0
45500,130.62788224220276,11844,100.0,0.0,0.0
45510,130.65693306922913,11844,100.0,0.0,0.0
45520,130.68506860733032,11844,100.0,0.0,0.0
45527,130.70536136627197,11844,100.0,0.0,0.0
45528,130.70861768722534,11844,100.0,0.0,0.0
45530,130.71431374549866,11844,100.0,0.0,0.0
45534,130.72601628303528,11844,100.0,0.0,0.0
45540,130.7429280281067,11844,100.0,0.0,0.0
45546,130.75951600074768,11844,100.0,0.0,0.0
45548,130.76534247398376,11844,100.0,0.0,0.0
45550,130.77101969718933,11844,100.0,0.0,0.0
45551,130.77431201934814,11844,100.0,0.0,0.0
45557,130.79179883003235,11844,100.0,0.0,0.0
45558,130.79488277435303,11844,100.0,0.0,0.0
45560,130.80059385299683,11844,100.0,0.0,0.0
45570,130.8291997909546,11844,100.0,0.0,0.0
45580,130.85691142082214,11844,100.0,0.0,0.0
45590,130.8856508731842,11844,100.0,0.0,0.0
45599,130.91014957427979,11844,100.0,0.0,0.0
45600,130.91289854049683,11844,100.0,0.0,0.0
45610,130.9408049583435,11844,100.0,0.0,0.0
45617,130.96180248260498,11844,100.0,0.0,0.0
45620,130.97031140327454,11844,100.0,0.0,0.0
45630,130.99908590316772,11844,100.0,0.0,0.0
45640,131.0261106491089,11844,100.0,0.0,0.0
45642,131.03225231170654,11844,100.0,0.0,0.0
45647,131.0479073524475,11844,100.0,0.0,0.0
45650,131.05729794502258,11844,100.0,0.0,0.0
45653,131.0669252872467,11844,100.0,0.0,0.0
45654,131.07026839256287,11844,100.0,0.0,0.0
45660,131.0885214805603,11844,100.0,0.0,0.0
45670,131.1174750328064,11844,100.0,0.0,0.0
45673,131.12755751609802,11844,100.0,0.0,0.0
45678,131.1427640914917,11844,100.0,0.0,0.0
45680,131.1490125656128,11844,100.0,0.0,0.0
45682,131.1558165550232,11844,100.0,0.0,0.0
45685,131.16382479667664,11844,100.0,0.0,0.0
45690,131.1835663318634,11844,100.0,0.0,0.0
45697,131.21037340164185,11844,100.0,0.0,0.0
45700,131.22127532958984,11844,100.0,0.0,0.0
45710,131.26334166526794,11844,100.0,0.0,0.0
45720,131.29675602912903,11844,100.0,0.0,0.0
45729,131.33001232147217,11844,100.0,0.0,0.0
45730,131.33361792564392,11844,100.0,0.0,0.0
45740,131.3688416481018,11844,100.0,0.0,0.0
45742,131.37566208839417,11844,100.0,0.0,0.0
45743,131.3791446685791,11844,100.0,0.0,0.0
45744,131.38248777389526,11844,100.0,0.0,0.0
45750,131.40472555160522,11844,100.0,0.0,0.0
45755,131.42017316818237,11844,100.0,0.0,0.0
45760,131.43501257896423,11844,100.0,0.0,0.0
45761,131.4385552406311,11844,100.0,0.0,0.0
45770,131.46473217010498,11844,100.0,0.0,0.0
45771,131.46835565567017,11844,100.0,0.0,0.0
45772,131.47287821769714,11844,100.0,0.0,0.0
45780,131.49629712104797,11844,100.0,0.0,0.0
45781,131.49951171875,11844,100.0,0.0,0.0
45790,131.52395725250244,11844,100.0,0.0,0.0
45793,131.5330672264099,11844,100.0,0.0,0.0
45797,131.54535961151123,11844,100.0,0.0,0.0
45800,131.553861618042,11844,100.0,0.0,0.0
45810,131.58387064933777,11844,100.0,0.0,0.0
45816,131.6023814678192,11844,100.0,0.0,0.0
45820,131.61427068710327,11844,100.0,0.0,0.0
45830,131.64572978019714,11844,100.0,0.0,0.0
45840,131.6737973690033,11844,100.0,0.0,0.0
45842,131.6806766986847,11844,100.0,0.0,0.0
45848,131.69848942756653,11844,100.0,0.0,0.0
45850,131.70430183410645,11844,100.0,0.0,0.0
45860,131.73218083381653,11844,100.0,0.0,0.0
45867,131.75254917144775,11844,100.0,0.0,0.0
45869,131.75862669944763,11844,100.0,0.0,0.0
45870,131.76136660575867,11844,100.0,0.0,0.0
45871,131.76462531089783,11844,100.0,0.0,0.0
45880,131.79322218894958,11844,100.0,0.0,0.0
45885,131.81007146835327,11844,100.0,0.0,0.0
45890,131.8244001865387,11844,100.0,0.0,0.0
45892,131.83060336112976,11844,100.0,0.0,0.0
45900,131.851793050766,11844,100.0,0.0,0.0
45910,131.87922477722168,11844,100.0,0.0,0.0
45912,131.88521480560303,11844,100.0,0.0,0.0
45920,131.90714049339294,11844,100.0,0.0,0.0
45929,131.9328875541687,11844,100.0,0.0,0.0
45930,131.93572545051575,11844,100.0,0.0,0.0
45939,131.96110653877258,11844,100.0,0.0,0.0
45940,131.96384859085083,11844,100.0,0.0,0.0
45943,131.9719262123108,11844,100.0,0.0,0.0
45950,131.99155259132385,11844,100.0,0.0,0.0
45960,132.01931047439575,11844,100.0,0.0,0.0
45970,132.04743456840515,11844,100.0,0.0,0.0
45980,132.07540369033813,11844,100.0,0.0,0.0
45986,132.09303522109985,11844,100.0,0.0,0.0
45990,132.10317254066467,11844,100.0,0.0,0.0
46000,132.13148999214172,11844,100.0,0.0,0.0
46010,132.15789341926575,11844,100.0,0.0,0.0
46020,132.18616199493408,11844,100.0,0.0,0.0
46028,132.21051144599915,11844,100.0,0.0,0.0
46030,132.21599698066711,11844,100.0,0.0,0.0
46035,132.23058915138245,11844,100.0,0.0,0.0
46040,132.2452700138092,11844,100.0,0.0,0.0
46050,132.2749650478363,11844,100.0,0.0,0.0
46060,132.30584335327148,11844,100.0,0.0,0.0
46066,132.3246841430664,11844,100.0,0.0,0.0
46070,132.3384428024292,11844,100.0,0.0,0.0
46080,132.37043285369873,11844,100.0,0.0,0.0
46090,132.4090931415558,11844,100.0,0.0,0.0
46097,132.43902277946472,11844,100.0,0.0,0.0
46100,132.44917488098145,11844,100.0,0.0,0.0
46102,132.45565366744995,11844,100.0,0.0,0.0
46104,132.4646143913269,11844,100.0,0.0,0.0
46107,132.47468972206116,11844,100.0,0.0,0.0
46110,132.48503375053406,11844,100.0,0.0,0.0
46120,132.5186562538147,11844,100.0,0.0,0.0
46130,132.55008029937744,11844,100.0,0.0,0.0
46140,132.58264112472534,11844,100.0,0.0,0.0
46150,132.61341643333435,11844,100.0,0.0,0.0
46159,132.6425440311432,11844,100.0,0.0,0.0
46160,132.64645409584045,11844,100.0,0.0,0.0
46167,132.66761255264282,11844,100.0,0.0,0.0
46168,132.67081904411316,11844,100.0,0.0,0.0
46170,132.67649030685425,11844,100.0,0.0,0.0
46180,132.70596528053284,11844,100.0,0.0,0.0
46184,132.71843075752258,11844,100.0,0.0,0.0
46190,132.73649764060974,11844,100.0,0.0,0.0
46195,132.75082755088806,11844,100.0,0.0,0.0
46198,132.76026344299316,11844,100.0,0.0,0.0
46200,132.7659204006195,11844,100.0,0.0,0.0
46210,132.79463148117065,11844,100.0,0.0,0.0
46220,132.8258912563324,11844,100.0,0.0,0.0
46229,132.85298943519592,11844,100.0,0.0,0.0
46230,132.85682559013367,11844,100.0,0.0,0.0
46239,132.88361120224,11844,100.0,0.0,0.0
46240,132.88622069358826,11844,100.0,0.0,0.0
46243,132.8943326473236,11844,100.0,0.0,0.0
46245,132.90000939369202,11844,100.0,0.0,0.0
46246,132.90317368507385,11844,100.0,0.0,0.0
46250,132.91414785385132,11844,100.0,0.0,0.0
46251,132.91736721992493,11844,100.0,0.0,0.0
46260,132.94382619857788,11844,100.0,0.0,0.0
46270,132.97192001342773,11844,100.0,0.0,0.0
46278,132.99445223808289,11844,100.0,0.0,0.0
46280,132.9998435974121,11844,100.0,0.0,0.0
46282,133.00591802597046,11844,100.0,0.0,0.0
46288,133.02253007888794,11844,100.0,0.0,0.0
46290,133.02832531929016,11844,100.0,0.0,0.0
46300,133.0576412677765,11844,100.0,0.0,0.0
46310,133.08460521697998,11844,100.0,0.0,0.0
46312,133.09055733680725,11844,100.0,0.0,0.0
46320,133.1154065132141,11844,100.0,0.0,0.0
46330,133.14386248588562,11844,100.0,0.0,0.0
46338,133.16639351844788,11844,100.0,0.0,0.0
46340,133.1719467639923,11844,100.0,0.0,0.0
46342,133.17814373970032,11844,100.0,0.0,0.0
46350,133.20051312446594,11844,100.0,0.0,0.0
46351,133.20374011993408,11844,100.0,0.0,0.0
46360,133.22984981536865,11844,100.0,0.0,0.0
46370,133.25852751731873,11844,100.0,0.0,0.0
46373,133.2678792476654,11844,100.0,0.0,0.0
46380,133.28830337524414,11844,100.0,0.0,0.0
46390,133.31571912765503,11844,100.0,0.0,0.0
46399,133.34275126457214,11844,100.0,0.0,0.0
46400,133.345618724823,11844,100.0,0.0,0.0
46407,133.3673973083496,11844,100.0,0.0,0.0
46410,133.37680172920227,11844,100.0,0.0,0.0
46420,133.40590238571167,11844,100.0,0.0,0.0
46421,133.4092435836792,11844,100.0,0.0,0.0
46428,133.4298050403595,11844,100.0,0.0,0.0
46429,133.43313336372375,11844,100.0,0.0,0.0
46430,133.43588972091675,11844,100.0,0.0,0.0
46435,133.45328068733215,11844,100.0,0.0,0.0
46440,133.46822023391724,11844,100.0,0.0,0.0
46447,133.48935294151306,11844,100.0,0.0,0.0
46450,133.49806141853333,11844,100.0,0.0,0.0
46459,133.52408289909363,11844,100.0,0.0,0.0
46460,133.52688574790955,11844,100.0,0.0,0.0
46464,133.53812432289124,11844,100.0,0.0,0.0
46468,133.550190448761,11844,100.0,0.0,0.0
46470,133.55636024475098,11844,100.0,0.0,0.0
46480,133.585946559906,11844,100.0,0.0,0.0
46481,133.58934140205383,11844,100.0,0.0,0.0
46490,133.6143991947174,11844,100.0,0.0,0.0
46500,133.64306116104126,11844,100.0,0.0,0.0
46510,133.67263913154602,11844,100.0,0.0,0.0
46513,133.68174052238464,11844,100.0,0.0,0.0
46517,133.6933708190918,11844,100.0,0.0,0.0
46520,133.7017538547516,11844,100.0,0.0,0.0
46530,133.72957468032837,11844,100.0,0.0,0.0
46533,133.73826789855957,11844,100.0,0.0,0.0
46534,133.74130392074585,11844,100.0,0.0,0.0
46539,133.7548007965088,11844,100.0,0.0,0.0
46540,133.75778913497925,11844,100.0,0.0,0.0
46550,133.78465843200684,11844,100.0,0.0,0.0
46560,133.81487941741943,11844,100.0,0.0,0.0
46561,133.81822156906128,11844,100.0,0.0,0.0
46570,133.84340858459473,11844,100.0,0.0,0.0
46572,133.84934616088867,11844,100.0,0.0,0.0
46580,133.87168788909912,11844,100.0,0.0,0.0
46590,133.90002131462097,11844,100.0,0.0,0.0
46591,133.90329504013062,11844,100.0,0.0,0.0
46592,133.90646481513977,11844,100.0,0.0,0.0
46594,133.9126250743866,11844,100.0,0.0,0.0
46595,133.91583943367004,11844,100.0,0.0,0.0
46600,133.93018293380737,11844,100.0,0.0,0.0
46610,133.95869374275208,11844,100.0,0.0,0.0
46620,133.98543429374695,11844,100.0,0.0,0.0
46629,134.01101660728455,11844,100.0,0.0,0.0
46630,134.0137870311737,11844,100.0,0.0,0.0
46640,134.04331183433533,11844,100.0,0.0,0.0
46650,134.0725634098053,11844,100.0,0.0,0.0
46655,134.08795166015625,11844,100.0,0.0,0.0
46660,134.10263895988464,11844,100.0,0.0,0.0
46670,134.1297311782837,11844,100.0,0.0,0.0
46674,134.14143180847168,11844,100.0,0.0,0.0
46680,134.15718936920166,11844,100.0,0.0,0.0
46690,134.18633031845093,11844,100.0,0.0,0.0
46696,134.20380783081055,11844,100.0,0.0,0.0
46699,134.21249103546143,11844,100.0,0.0,0.0
46700,134.21514105796814,11844,100.0,0.0,0.0
46705,134.23026967048645,11844,100.0,0.0,0.0
46710,134.2442500591278,11844,100.0,0.0,0.0
46715,134.25849556922913,11844,100.0,0.0,0.0
46720,134.27291131019592,11844,100.0,0.0,0.0
46730,134.3010594844818,11844,100.0,0.0,0.0
46731,134.30440878868103,11844,100.0,0.0,0.0
46737,134.3236439228058,11844,100.0,0.0,0.0
46740,134.3324420452118,11844,100.0,0.0,0.0
46746,134.35021877288818,11844,100.0,0.0,0.0
46750,134.36214876174927,11844,100.0,0.0,0.0
46752,134.36845469474792,11844,100.0,0.0,0.0
46760,134.3925175666809,11844,100.0,0.0,0.0
46761,134.39736914634705,11844,100.0,0.0,0.0
46765,134.40977811813354,11844,100.0,0.0,0.0
46770,134.42481017112732,11844,100.0,0.0,0.0
46780,134.4531593322754,11844,100.0,0.0,0.0
46790,134.4824457168579,11844,100.0,0.0,0.0
46791,134.48640084266663,11844,100.0,0.0,0.0
46800,134.51284742355347,11844,100.0,0.0,0.0
46810,134.5414617061615,11844,100.0,0.0,0.0
46816,134.55902814865112,11844,100.0,0.0,0.0
46817,134.56357145309448,11844,100.0,0.0,0.0
46820,134.5730550289154,11844,100.0,0.0,0.0
46826,134.5903284549713,11844,100.0,0.0,0.0
46830,134.60141730308533,11844,100.0,0.0,0.0
46834,134.61274433135986,11844,100.0,0.0,0.0
46840,134.62854170799255,11844,100.0,0.0,0.0
46850,134.6556305885315,11844,100.0,0.0,0.0
46860,134.68329691886902,11844,100.0,0.0,0.0
46863,134.69209742546082,11844,100.0,0.0,0.0
46870,134.71184420585632,11844,100.0,0.0,0.0
46880,134.73945236206055,11844,100.0,0.0,0.0
46890,134.7691843509674,11844,100.0,0.0,0.0
46900,134.79856610298157,11844,100.0,0.0,0.0
46910,134.82483220100403,11844,100.0,0.0,0.0
46920,134.85183310508728,11844,100.0,0.0,0.0
46930,134.88127279281616,11844,100.0,0.0,0.0
46940,134.90926146507263,11844,100.0,0.0,0.0
46949,134.9335639476776,11844,100.0,0.0,0.0
46950,134.93625116348267,11844,100.0,0.0,0.0
46960,134.96395230293274,11844,100.0,0.0,0.0
46970,134.99104261398315,11844,100.0,0.0,0.0
46976,135.00777673721313,11844,100.0,0.0,0.0
46980,135.01962780952454,11844,100.0,0.0,0.0
46990,135.05028414726257,11844,100.0,0.0,0.0
47000,135.0794038772583,11844,100.0,0.0,0.0
47010,135.1077001094818,11844,100.0,0.0,0.0
47012,135.1136920452118,11844,100.0,0.0,0.0
47020,135.13436317443848,11844,100.0,0.0,0.0
47021,135.13775062561035,11844,100.0,0.0,0.0
47024,135.146799325943,11844,100.0,0.0,0.0
47030,135.1641652584076,11844,100.0,0.0,0.0
47040,135.1928985118866,11844,100.0,0.0,0.0
47048,135.21795558929443,11844,100.0,0.0,0.0
47050,135.22272992134094,11844,100.0,0.0,0.0
47060,135.25079131126404,11844,100.0,0.0,0.0
47070,135.27762627601624,11844,100.0,0.0,0.0
47080,135.30444407463074,11844,100.0,0.0,0.0
47082,135.31200861930847,11844,100.0,0.0,0.0
47090,135.33660125732422,11844,100.0,0.0,0.0
47100,135.36664533615112,11844,100.0,0.0,0.0
47110,135.3942790031433,11844,100.0,0.0,0.0
47120,135.43060040473938,11844,100.0,0.0,0.0
47130,135.4717366695404,11844,100.0,0.0,0.0
47140,135.51203989982605,11844,100.0,0.0,0.0
47144,135.52367329597473,11844,100.0,0.0,0.0
47145,135.52678775787354,11844,100.0,0.0,0.0
47150,135.5403070449829,11844,100.0,0.0,0.0
47159,135.56498050689697,11844,100.0,0.0,0.0
47160,135.5676805973053,11844,100.0,0.0,0.0
47169,135.59210681915283,11844,100.0,0.0,0.0
47170,135.59473776817322,11844,100.0,0.0,0.0
47180,135.62162494659424,11844,100.0,0.0,0.0
47190,135.64841890335083,11844,100.0,0.0,0.0
47195,135.66197228431702,11844,100.0,0.0,0.0
47200,135.67531657218933,11844,100.0,0.0,0.0
47210,135.70292973518372,11844,100.0,0.0,0.0
47220,135.7304105758667,11844,100.0,0.0,0.0
47226,135.7473771572113,11844,100.0,0.0,0.0
47230,135.7585699558258,11844,100.0,0.0,0.0
47240,135.786052942276,11844,100.0,0.0,0.0
47250,135.81385898590088,11844,100.0,0.0,0.0
47260,135.83920645713806,11844,100.0,0.0,0.0
47265,135.8531413078308,11844,100.0,0.0,0.0
47270,135.86770176887512,11844,100.0,0.0,0.0
47278,135.88981580734253,11844,100.0,0.0,0.0
47280,135.89560437202454,11844,100.0,0.0,0.0
47290,135.92174792289734,11844,100.0,0.0,0.0
47300,135.94929480552673,11844,100.0,0.0,0.0
47304,135.96076560020447,11844,100.0,0.0,0.0
47309,135.9753134250641,11844,100.0,0.0,0.0
47310,135.97808122634888,11844,100.0,0.0,0.0
47319,136.00465965270996,11844,100.0,0.0,0.0
47320,136.00729179382324,11844,100.0,0.0,0.0
47330,136.0346462726593,11844,100.0,0.0,0.0
47331,136.0377905368805,11844,100.0,0.0,0.0
47340,136.06320595741272,11844,100.0,0.0,0.0
47346,136.08114576339722,11844,100.0,0.0,0.0
47350,136.09254121780396,11844,100.0,0.0,0.0
47360,136.120019197464,11844,100.0,0.0,0.0
47364,136.1317219734192,11844,100.0,0.0,0.0
47370,136.14885783195496,11844,100.0,0.0,0.0
47373,136.15808582305908,11844,100.0,0.0,0.0
47380,136.1805760860443,11844,100.0,0.0,0.0
47390,136.20962071418762,11844,100.0,0.0,0.0
47400,136.23705196380615,11844,100.0,0.0,0.0
47410,136.26349878311157,11844,100.0,0.0,0.0
47416,136.28065299987793,11844,100.0,0.0,0.0
47420,136.2921028137207,11844,100.0,0.0,0.0
47430,136.320636510849,11844,100.0,0.0,0.0
47432,136.3268220424652,11844,100.0,0.0,0.0
47434,136.3329520225525,11844,100.0,0.0,0.0
47440,136.349844455719,11844,100.0,0.0,0.0
47449,136.3769211769104,11844,100.0,0.0,0.0
47450,136.3802843093872,11844,100.0,0.0,0.0
47460,136.41009187698364,11844,100.0,0.0,0.0
47461,136.41343450546265,11844,100.0,0.0,0.0
47470,136.43984079360962,11844,100.0,0.0,0.0
47480,136.46861481666565,11844,100.0,0.0,0.0
47490,136.49930262565613,11844,100.0,0.0,0.0
47500,136.52815222740173,11844,100.0,0.0,0.0
47510,136.55649518966675,11844,100.0,0.0,0.0
47520,136.58547806739807,11844,100.0,0.0,0.0
47530,136.61245965957642,11844,100.0,0.0,0.0
47538,136.6359405517578,11844,100.0,0.0,0.0
47539,136.6391682624817,11844,100.0,0.0,0.0
47540,136.64185667037964,11844,100.0,0.0,0.0
47544,136.65396308898926,11844,100.0,0.0,0.0
47550,136.67150735855103,11844,100.0,0.0,0.0
47560,136.70260405540466,11844,100.0,0.0,0.0
47570,136.73326420783997,11844,100.0,0.0,0.0
47580,136.76228141784668,11844,100.0,0.0,0.0
47590,136.79364395141602,11844,100.0,0.0,0.0
47600,136.82618808746338,11844,100.0,0.0,0.0
47610,136.85556817054749,11844,100.0,0.0,0.0
47620,136.88310313224792,11844,100.0,0.0,0.0
47621,136.8864562511444,11844,100.0,0.0,0.0
47622,136.88969135284424,11844,100.0,0.0,0.0
47630,136.91213846206665,11844,100.0,0.0,0.0
47633,136.92156314849854,11844,100.0,0.0,0.0
47640,136.9429590702057,11844,100.0,0.0,0.0
47647,136.96820521354675,11844,100.0,0.0,0.0
47649,136.97603297233582,11844,100.0,0.0,0.0
47650,136.97891855239868,11844,100.0,0.0,0.0
47660,137.01128554344177,11844,100.0,0.0,0.0
47665,137.02801942825317,11844,100.0,0.0,0.0
47668,137.03735399246216,11844,100.0,0.0,0.0
47670,137.0435242652893,11844,100.0,0.0,0.0
47680,137.07602500915527,11844,100.0,0.0,0.0
47685,137.09627628326416,11844,100.0,0.0,0.0
47690,137.11353516578674,11844,100.0,0.0,0.0
47700,137.15046334266663,11844,100.0,0.0,0.0
47710,137.18176746368408,11844,100.0,0.0,0.0
47712,137.18855595588684,11844,100.0,0.0,0.0
47720,137.21396398544312,11844,100.0,0.0,0.0
47724,137.22791504859924,11844,100.0,0.0,0.0
47730,137.246595621109,11844,100.0,0.0,0.0
47732,137.25307989120483,11844,100.0,0.0,0.0
47740,137.276371717453,11844,100.0,0.0,0.0
47750,137.31104731559753,11844,100.0,0.0,0.0
47754,137.325026512146,11844,100.0,0.0,0.0
47760,137.3428077697754,11844,100.0,0.0,0.0
47765,137.3587031364441,11844,100.0,0.0,0.0
47770,137.37753582000732,11844,100.0,0.0,0.0
47780,137.4110004901886,11844,100.0,0.0,0.0
47782,137.41839265823364,11844,100.0,0.0,0.0
47786,137.43060088157654,11844,100.0,0.0,0.0
47790,137.4428472518921,11844,100.0,0.0,0.0
47800,137.4757580757141,11844,100.0,0.0,0.0
47807,137.49867606163025,11844,100.0,0.0,0.0
47810,137.5085232257843,11844,100.0,0.0,0.0
47820,137.5378441810608,11844,100.0,0.0,0.0
47821,137.54101514816284,11844,100.0,0.0,0.0
47830,137.56770515441895,11844,100.0,0.0,0.0
47840,137.5983567237854,11844,100.0,0.0,0.0
47844,137.6103332042694,11844,100.0,0.0,0.0
47850,137.62704014778137,11844,100.0,0.0,0.0
47857,137.6469850540161,11844,100.0,0.0,0.0
47858,137.65034747123718,11844,100.0,0.0,0.0
47860,137.65597105026245,11844,100.0,0.0,0.0
47864,137.6674406528473,11844,100.0,0.0,0.0
47870,137.68425488471985,11844,100.0,0.0,0.0
47879,137.71316146850586,11844,100.0,0.0,0.0
47880,137.71517658233643,11844,100.0,0.0,0.0
47883,137.72438621520996,11844,100.0,0.0,0.0
47890,137.74510717391968,11844,100.0,0.0,0.0
47900,137.7755467891693,11844,100.0,0.0,0.0
47901,137.77905797958374,11844,100.0,0.0,0.0
47904,137.78878331184387,11844,100.0,0.0,0.0
47909,137.80701398849487,11844,100.0,0.0,0.0
47910,137.81062722206116,11844,100.0,0.0,0.0
47920,137.839914560318,11844,100.0,0.0,0.0
47922,137.84609055519104,11844,100.0,0.0,0.0
47923,137.84937167167664,11844,100.0,0.0,0.0
47924,137.85257506370544,11844,100.0,0.0,0.0
47927,137.86152625083923,11844,100.0,0.0,0.0
47930,137.8699929714203,11844,100.0,0.0,0.0
47940,137.89773058891296,11844,100.0,0.0,0.0
47950,137.92866778373718,11844,100.0,0.0,0.0
47960,137.95908427238464,11844,100.0,0.0,0.0
47970,137.99046921730042,11844,100.0,0.0,0.0
47971,137.99402236938477,11844,100.0,0.0,0.0
47980,138.02300000190735,11844,100.0,0.0,0.0
47990,138.0548553466797,11844,100.0,0.0,0.0
47995,138.0712926387787,11844,100.0,0.0,0.0
48000,138.0861039161682,11844,100.0,0.0,0.0
48010,138.11831068992615,11844,100.0,0.0,0.0
48012,138.12480902671814,11844,100.0,0.0,0.0
48020,138.14799451828003,11844,100.0,0.0,0.0
48027,138.17065334320068,11844,100.0,0.0,0.0
48030,138.1786231994629,11844,100.0,0.0,0.0
48039,138.20745086669922,11844,100.0,0.0,0.0
48040,138.21034741401672,11844,100.0,0.0,0.0
48046,138.22815895080566,11844,100.0,0.0,0.0
48050,138.2402641773224,11844,100.0,0.0,0.0
48054,138.25211644172668,11844,100.0,0.0,0.0
48060,138.2705535888672,11844,100.0,0.0,0.0
48065,138.28665113449097,11844,100.0,0.0,0.0
48067,138.2939145565033,11844,100.0,0.0,0.0
48070,138.3023624420166,11844,100.0,0.0,0.0
48080,138.33353543281555,11844,100.0,0.0,0.0
48090,138.3643410205841,11844,100.0,0.0,0.0
48100,138.39577674865723,11844,100.0,0.0,0.0
48101,138.3994448184967,11844,100.0,0.0,0.0
48110,138.42856431007385,11844,100.0,0.0,0.0
48120,138.45741510391235,11844,100.0,0.0,0.0
48128,138.4811029434204,11844,100.0,0.0,0.0
48130,138.48687601089478,11844,100.0,0.0,0.0
48140,138.51816749572754,11844,100.0,0.0,0.0
48141,138.52208161354065,11844,100.0,0.0,0.0
48142,138.52566266059875,11844,100.0,0.0,0.0
48150,138.5483853816986,11844,100.0,0.0,0.0
48160,138.57797622680664,11844,100.0,0.0,0.0
48163,138.58839392662048,11844,100.0,0.0,0.0
48170,138.6138734817505,11844,100.0,0.0,0.0
48180,138.64453840255737,11844,100.0,0.0,0.0
48188,138.66772365570068,11844,100.0,0.0,0.0
48190,138.67375373840332,11844,100.0,0.0,0.0
48200,138.70390057563782,11844,100.0,0.0,0.0
48201,138.70813250541687,11844,100.0,0.0,0.0
48202,138.7115924358368,11844,100.0,0.0,0.0
48210,138.73987650871277,11844,100.0,0.0,0.0
48220,138.7706596851349,11844,100.0,0.0,0.0
48230,138.80053114891052,11844,100.0,0.0,0.0
48239,138.82775688171387,11844,100.0,0.0,0.0
48240,138.83064079284668,11844,100.0,0.0,0.0
48244,138.84269165992737,11844,100.0,0.0,0.0
48250,138.85926461219788,11844,100.0,0.0,0.0
48256,138.8770043849945,11844,100.0,0.0,0.0
48260,138.8880434036255,11844,100.0,0.0,0.0
48266,138.9070656299591,11844,100.0,0.0,0.0
48270,138.9191973209381,11844,100.0,0.0,0.0
48272,138.92598676681519,11844,100.0,0.0,0.0
48274,138.93271613121033,11844,100.0,0.0,0.0
48276,138.93898224830627,11844,100.0,0.0,0.0
48280,138.9513440132141,11844,100.0,0.0,0.0
48287,138.97072649002075,11844,100.0,0.0,0.0
48290,138.97978496551514,11844,100.0,0.0,0.0
48298,139.00343489646912,11844,100.0,0.0,0.0
48300,139.00812888145447,11844,100.0,0.0,0.0
48310,139.03736996650696,11844,100.0,0.0,0.0
48320,139.06600141525269,11844,100.0,0.0,0.0
48321,139.0692777633667,11844,100.0,0.0,0.0
48330,139.09712719917297,11844,100.0,0.0,0.0
48337,139.11748957633972,11844,100.0,0.0,0.0
48340,139.12667298316956,11844,100.0,0.0,0.0
48350,139.15558457374573,11844,100.0,0.0,0.0
48353,139.16487216949463,11844,100.0,0.0,0.0
48355,139.17113065719604,11844,100.0,0.0,0.0
48360,139.18448972702026,11844,100.0,0.0,0.0
48369,139.2116823196411,11844,100.0,0.0,0.0
48370,139.21450805664062,11844,100.0,0.0,0.0
48380,139.2440631389618,11844,100.0,0.0,0.0
48390,139.27308869361877,11844,100.0,0.0,0.0
48400,139.30546307563782,11844,100.0,0.0,0.0
48409,139.33324646949768,11844,100.0,0.0,0.0
48410,139.3359980583191,11844,100.0,0.0,0.0
48420,139.36506295204163,11844,100.0,0.0,0.0
48427,139.38443851470947,11844,100.0,0.0,0.0
48430,139.39304637908936,11844,100.0,0.0,0.0
48440,139.4268741607666,11844,100.0,0.0,0.0
48450,139.45769429206848,11844,100.0,0.0,0.0
48460,139.4848883152008,11844,100.0,0.0,0.0
48470,139.51375031471252,11844,100.0,0.0,0.0
48480,139.54249262809753,11844,100.0,0.0,0.0
48483,139.55091381072998,11844,100.0,0.0,0.0
48490,139.5711874961853,11844,100.0,0.0,0.0
48492,139.57754039764404,11844,100.0,0.0,0.0
48494,139.5842089653015,11844,100.0,0.0,0.0
48500,139.60157823562622,11844,100.0,0.0,0.0
48510,139.63078927993774,11844,100.0,0.0,0.0
48511,139.63416600227356,11844,100.0,0.0,0.0
48520,139.65909814834595,11844,100.0,0.0,0.0
48526,139.67715692520142,11844,100.0,0.0,0.0
48530,139.69011449813843,11844,100.0,0.0,0.0
48535,139.70602297782898,11844,100.0,0.0,0.0
48538,139.71508765220642,11844,100.0,0.0,0.0
48540,139.72117257118225,11844,100.0,0.0,0.0
48545,139.73658323287964,11844,100.0,0.0,0.0
48550,139.75006556510925,11844,100.0,0.0,0.0
48560,139.78570795059204,11844,100.0,0.0,0.0
48570,139.81479954719543,11844,100.0,0.0,0.0
48580,139.84425806999207,11844,100.0,0.0,0.0
48585,139.85924768447876,11844,100.0,0.0,0.0
48586,139.8624541759491,11844,100.0,0.0,0.0
48590,139.87350988388062,11844,100.0,0.0,0.0
48592,139.88029217720032,11844,100.0,0.0,0.0
48600,139.9021577835083,11844,100.0,0.0,0.0
48605,139.91825222969055,11844,100.0,0.0,0.0
48610,139.93455815315247,11844,100.0,0.0,0.0
48611,139.93829011917114,11844,100.0,0.0,0.0
48620,139.9670684337616,11844,100.0,0.0,0.0
48628,139.99180722236633,11844,100.0,0.0,0.0
48629,139.99516081809998,11844,100.0,0.0,0.0
48630,139.99803709983826,11844,100.0,0.0,0.0
48635,140.01490330696106,11844,100.0,0.0,0.0
48636,140.0183618068695,11844,100.0,0.0,0.0
48640,140.03210639953613,11844,100.0,0.0,0.0
48644,140.04453945159912,11844,100.0,0.0,0.0
48650,140.06294918060303,11844,100.0,0.0,0.0
48651,140.06647562980652,11844,100.0,0.0,0.0
48654,140.07830095291138,11844,100.0,0.0,0.0
48660,140.0965051651001,11844,100.0,0.0,0.0
48670,140.12637495994568,11844,100.0,0.0,0.0
48680,140.1557137966156,11844,100.0,0.0,0.0
48690,140.18360662460327,11844,100.0,0.0,0.0
48692,140.19011998176575,11844,100.0,0.0,0.0
48700,140.21291542053223,11844,100.0,0.0,0.0
48710,140.24314999580383,11844,100.0,0.0,0.0
48711,140.2464919090271,11844,100.0,0.0,0.0
48720,140.27124905586243,11844,100.0,0.0,0.0
48727,140.29255890846252,11844,100.0,0.0,0.0
48730,140.30116987228394,11844,100.0,0.0,0.0
48738,140.3258571624756,11844,100.0,0.0,0.0
48740,140.3326370716095,11844,100.0,0.0,0.0
48747,140.3540871143341,11844,100.0,0.0,0.0
48750,140.36281394958496,11844,100.0,0.0,0.0
48751,140.36621475219727,11844,100.0,0.0,0.0
48760,140.39492845535278,11844,100.0,0.0,0.0
48770,140.42646551132202,11844,100.0,0.0,0.0
48780,140.45559096336365,11844,100.0,0.0,0.0
48788,140.4804356098175,11844,100.0,0.0,0.0
48790,140.4863646030426,11844,100.0,0.0,0.0
48795,140.50113034248352,11844,100.0,0.0,0.0
48800,140.51591229438782,11844,100.0,0.0,0.0
48802,140.5221984386444,11844,100.0,0.0,0.0
48810,140.54518151283264,11844,100.0,0.0,0.0
48812,140.55141520500183,11844,100.0,0.0,0.0
48820,140.57473230361938,11844,100.0,0.0,0.0
48830,140.60465097427368,11844,100.0,0.0,0.0
48831,140.60808420181274,11844,100.0,0.0,0.0
48840,140.63430523872375,11844,100.0,0.0,0.0
48842,140.64084482192993,11844,100.0,0.0,0.0
48849,140.6616518497467,11844,100.0,0.0,0.0
48850,140.66437697410583,11844,100.0,0.0,0.0
48856,140.6819725036621,11844,100.0,0.0,0.0
48860,140.69380855560303,11844,100.0,0.0,0.0
48870,140.72193717956543,11844,100.0,0.0,0.0
48871,140.72529530525208,11844,100.0,0.0,0.0
48874,140.73444080352783,11844,100.0,0.0,0.0
48880,140.75212502479553,11844,100.0,0.0,0.0
48885,140.76675367355347,11844,100.0,0.0,0.0
48890,140.78132271766663,11844,100.0,0.0,0.0
48894,140.79369401931763,11844,100.0,0.0,0.0
48896,140.80014371871948,11844,100.0,0.0,0.0
48898,140.8064968585968,11844,100.0,0.0,0.0
48900,140.81365251541138,11844,100.0,0.0,0.0
48910,140.8526487350464,11844,100.0,0.0,0.0
48911,140.85612154006958,11844,100.0,0.0,0.0
48920,140.88198804855347,11844,100.0,0.0,0.0
48929,140.90711379051208,11844,100.0,0.0,0.0
48930,140.90980076789856,11844,100.0,0.0,0.0
48940,140.93856644630432,11844,100.0,0.0,0.0
48942,140.94499278068542,11844,100.0,0.0,0.0
48950,140.96842336654663,11844,100.0,0.0,0.0
48959,140.99553322792053,11844,100.0,0.0,0.0
48960,140.99834322929382,11844,100.0,0.0,0.0
48970,141.02720403671265,11844,100.0,0.0,0.0
48975,141.04319953918457,11844,100.0,0.0,0.0
48978,141.0515639781952,11844,100.0,0.0,0.0
48980,141.0572955608368,11844,100.0,0.0,0.0
48990,141.0891511440277,11844,100.0,0.0,0.0
48992,141.09579706192017,11844,100.0,0.0,0.0
49000,141.11970400810242,11844,100.0,0.0,0.0
49003,141.12916254997253,11844,100.0,0.0,0.0
49009,141.14684462547302,11844,100.0,0.0,0.0
49010,141.15041661262512,11844,100.0,0.0,0.0
49011,141.1545693874359,11844,100.0,0.0,0.0
49020,141.18085837364197,11844,100.0,0.0,0.0
49030,141.21351408958435,11844,100.0,0.0,0.0
49036,141.23526740074158,11844,100.0,0.0,0.0
49040,141.24781775474548,11844,100.0,0.0,0.0
49050,141.27763605117798,11844,100.0,0.0,0.0
49052,141.28619933128357,11844,100.0,0.0,0.0
49060,141.31197595596313,11844,100.0,0.0,0.0
49070,141.3434498310089,11844,100.0,0.0,0.0
49080,141.37237215042114,11844,100.0,0.0,0.0
49081,141.37589359283447,11844,100.0,0.0,0.0
49088,141.3982536792755,11844,100.0,0.0,0.0
49090,141.4060719013214,11844,100.0,0.0,0.0
49100,141.44173860549927,11844,100.0,0.0,0.0
49102,141.44784998893738,11844,100.0,0.0,0.0
49110,141.4724416732788,11844,100.0,0.0,0.0
49113,141.4819610118866,11844,100.0,0.0,0.0
49120,141.50137782096863,11844,100.0,0.0,0.0
49130,141.530925989151,11844,100.0,0.0,0.0
49140,141.55941319465637,11844,100.0,0.0,0.0
49150,141.59046459197998,11844,100.0,0.0,0.0
49160,141.62303161621094,11844,100.0,0.0,0.0
49162,141.62993669509888,11844,100.0,0.0,0.0
49166,141.64235186576843,11844,100.0,0.0,0.0
49170,141.6549129486084,11844,100.0,0.0,0.0
49177,141.67575669288635,11844,100.0,0.0,0.0
49180,141.68521165847778,11844,100.0,0.0,0.0
49190,141.71179699897766,11844,100.0,0.0,0.0
49194,141.724107503891,11844,100.0,0.0,0.0
49200,141.74419689178467,11844,100.0,0.0,0.0
49207,141.7663345336914,11844,100.0,0.0,0.0
49210,141.77661180496216,11844,100.0,0.0,0.0
49220,141.8099024295807,11844,100.0,0.0,0.0
49230,141.84258723258972,11844,100.0,0.0,0.0
49234,141.85578060150146,11844,100.0,0.0,0.0
49240,141.8727788925171,11844,100.0,0.0,0.0
49250,141.90158367156982,11844,100.0,0.0,0.0
49254,141.91338348388672,11844,100.0,0.0,0.0
49260,141.93148040771484,11844,100.0,0.0,0.0
49270,141.96038031578064,11844,100.0,0.0,0.0
49280,141.99248051643372,11844,100.0,0.0,0.0
49290,142.02191710472107,11844,100.0,0.0,0.0
49300,142.0550479888916,11844,100.0,0.0,0.0
49309,142.08336091041565,11844,100.0,0.0,0.0
49310,142.0864884853363,11844,100.0,0.0,0.0
49320,142.116140127182,11844,100.0,0.0,0.0
49322,142.12245202064514,11844,100.0,0.0,0.0
49324,142.1287670135498,11844,100.0,0.0,0.0
49330,142.14583277702332,11844,100.0,0.0,0.0
49335,142.16130948066711,11844,100.0,0.0,0.0
49340,142.1756374835968,11844,100.0,0.0,0.0
49346,142.1947033405304,11844,100.0,0.0,0.0
49350,142.2080419063568,11844,100.0,0.0,0.0
49352,142.21487855911255,11844,100.0,0.0,0.0
49360,142.23967027664185,11844,100.0,0.0,0.0
49361,142.2431824207306,11844,100.0,0.0,0.0
49370,142.269606590271,11844,100.0,0.0,0.0
49379,142.29541683197021,11844,100.0,0.0,0.0
49380,142.29813718795776,11844,100.0,0.0,0.0
49390,142.3272180557251,11844,100.0,0.0,0.0
49400,142.35596227645874,11844,100.0,0.0,0.0
49410,142.38459873199463,11844,100.0,0.0,0.0
49415,142.39937686920166,11844,100.0,0.0,0.0
49419,142.4127697944641,11844,100.0,0.0,0.0
49420,142.4164206981659,11844,100.0,0.0,0.0
49429,142.44719529151917,11844,100.0,0.0,0.0
49430,142.44917392730713,11844,100.0,0.0,0.0
49440,142.47883462905884,11844,100.0,0.0,0.0
49450,142.5109989643097,11844,100.0,0.0,0.0
49452,142.51853609085083,11844,100.0,0.0,0.0
49460,142.54287600517273,11844,100.0,0.0,0.0
49463,142.5538170337677,11844,100.0,0.0,0.0
49464,142.557284116745,11844,100.0,0.0,0.0
49470,142.57454586029053,11844,100.0,0.0,0.0
49471,142.57792735099792,11844,100.0,0.0,0.0
49480,142.6036126613617,11844,100.0,0.0,0.0
49490,142.63138389587402,11844,100.0,0.0,0.0
49494,142.64342951774597,11844,100.0,0.0,0.0
49500,142.6613233089447,11844,100.0,0.0,0.0
49501,142.6647789478302,11844,100.0,0.0,0.0
49504,142.67379140853882,11844,100.0,0.0,0.0
49510,142.6913185119629,11844,100.0,0.0,0.0
49520,142.7193763256073,11844,100.0,0.0,0.0
49526,142.73689889907837,11844,100.0,0.0,0.0
49530,142.74871301651,11844,100.0,0.0,0.0
49540,142.7771360874176,11844,100.0,0.0,0.0
49541,142.780428647995,11844,100.0,0.0,0.0
49543,142.78635478019714,11844,100.0,0.0,0.0
49550,142.8055601119995,11844,100.0,0.0,0.0
49560,142.83191061019897,11844,100.0,0.0,0.0
49561,142.83517813682556,11844,100.0,0.0,0.0
49567,142.85110998153687,11844,100.0,0.0,0.0
49570,142.85966873168945,11844,100.0,0.0,0.0
49577,142.87924599647522,11844,100.0,0.0,0.0
49580,142.88738203048706,11844,100.0,0.0,0.0
49590,142.91649341583252,11844,100.0,0.0,0.0
49600,142.9443917274475,11844,100.0,0.0,0.0
49604,142.9582962989807,11844,100.0,0.0,0.0
49610,142.97615718841553,11844,100.0,0.0,0.0
49615,142.99036026000977,11844,100.0,0.0,0.0
49618,142.99936032295227,11844,100.0,0.0,0.0
49620,143.00536727905273,11844,100.0,0.0,0.0
49622,143.01179909706116,11844,100.0,0.0,0.0
49630,143.03589797019958,11844,100.0,0.0,0.0
49640,143.0631206035614,11844,100.0,0.0,0.0
49650,143.0936381816864,11844,100.0,0.0,0.0
49658,143.11880254745483,11844,100.0,0.0,0.0
49660,143.1246943473816,11844,100.0,0.0,0.0
49663,143.13491892814636,11844,100.0,0.0,0.0
49670,143.15553617477417,11844,100.0,0.0,0.0
49671,143.15889835357666,11844,100.0,0.0,0.0
49676,143.17366123199463,11844,100.0,0.0,0.0
49680,143.18527626991272,11844,100.0,0.0,0.0
49690,143.21394991874695,11844,100.0,0.0,0.0
49698,143.23800086975098,11844,100.0,0.0,0.0
49700,143.24361157417297,11844,100.0,0.0,0.0
49710,143.27239346504211,11844,100.0,0.0,0.0
49720,143.30183148384094,11844,100.0,0.0,0.0
49730,143.33179426193237,11844,100.0,0.0,0.0
49731,143.3353853225708,11844,100.0,0.0,0.0
49740,143.36290049552917,11844,100.0,0.0,0.0
49750,143.39018988609314,11844,100.0,0.0,0.0
49760,143.41838884353638,11844,100.0,0.0,0.0
49764,143.43156456947327,11844,100.0,0.0,0.0
49770,143.44899678230286,11844,100.0,0.0,0.0
49772,143.45425295829773,11844,100.0,0.0,0.0
49773,143.4576804637909,11844,100.0,0.0,0.0
49780,143.47941207885742,11844,100.0,0.0,0.0
49790,143.510183095932,11844,100.0,0.0,0.0
49800,143.53979539871216,11844,100.0,0.0,0.0
49810,143.57075548171997,11844,100.0,0.0,0.0
49820,143.6028916835785,11844,100.0,0.0,0.0
49823,143.61170077323914,11844,100.0,0.0,0.0
49825,143.61800169944763,11844,100.0,0.0,0.0
49828,143.62744641304016,11844,100.0,0.0,0.0
49830,143.63350129127502,11844,100.0,0.0,0.0
49831,143.63711214065552,11844,100.0,0.0,0.0
49840,143.6635937690735,11844,100.0,0.0,0.0
49850,143.69521808624268,11844,100.0,0.0,0.0
49853,143.70433402061462,11844,100.0,0.0,0.0
49858,143.71897673606873,11844,100.0,0.0,0.0
49860,143.7239739894867,11844,100.0,0.0,0.0
49865,143.73927807807922,11844,100.0,0.0,0.0
49869,143.75005960464478,11844,100.0,0.0,0.0
49870,143.75285959243774,11844,100.0,0.0,0.0
49880,143.78204250335693,11844,100.0,0.0,0.0
49883,143.79119205474854,11844,100.0,0.0,0.0
49890,143.81228065490723,11844,100.0,0.0,0.0
49892,143.8185317516327,11844,100.0,0.0,0.0
49894,143.82459688186646,11844,100.0,0.0,0.0
49900,143.84226179122925,11844,100.0,0.0,0.0
49905,143.8579375743866,11844,100.0,0.0,0.0
49910,143.87264132499695,11844,100.0,0.0,0.0
49917,143.89387035369873,11844,100.0,0.0,0.0
49920,143.9034767150879,11844,100.0,0.0,0.0
49922,143.9102020263672,11844,100.0,0.0,0.0
49928,143.92753148078918,11844,100.0,0.0,0.0
49930,143.93436002731323,11844,100.0,0.0,0.0
49940,143.96536326408386,11844,100.0,0.0,0.0
49948,143.9879128932953,11844,100.0,0.0,0.0
49950,143.9929563999176,11844,100.0,0.0,0.0
49960,144.0208158493042,11844,100.0,0.0,0.0
49969,144.04898524284363,11844,100.0,0.0,0.0
49970,144.0523133277893,11844,100.0,0.0,0.0
49980,144.08316373825073,11844,100.0,0.0,0.0
49990,144.11485600471497,11844,100.0,0.0,0.0
50000,144.1454997062683,11844,100.0,0.0,0.0
