11804
1 7 51 1150
1 41 47 1111
1 57 19 652
1 85 37 813
1 86 31 375
1 95 1 473
1 101 39 1085
1 105 25 408
1 145 4 369
1 184 44 699
1 185 55 1085
1 197 28 1028
1 198 10 315
1 259 13 60
1 312 7 273
2 11 19 309
2 26 43 588
2 66 31 139
2 75 55 721
2 96 7 1068
2 107 17 896
2 131 40 950
2 172 50 1009
2 190 10 534
2 192 37 626
2 198 1 721
2 212 13 542
2 230 58 743
2 233 4 507
2 259 25 60
3 14 21 706
3 37 29 385
3 40 25 89
3 80 44 1156
3 101 16 1134
3 122 49 371
3 142 55 619
3 148 13 1043
3 152 5 236
3 165 31 553
3 181 53 226
3 211 37 633
3 218 11 151
3 280 1 490
3 312 34 273
4 37 11 1182
4 53 13 415
4 85 59 217
4 86 7 73
4 93 1 61
4 102 47 469
4 134 55 43
4 141 22 338
4 184 19 261
4 243 41 815
4 248 28 333
4 251 25 826
4 257 52 294
4 265 5 48
4 308 17 366
5 22 46 395
5 65 8 219
5 72 14 151
5 102 23 469
5 137 55 984
5 144 19 1010
5 156 40 104
5 160 50 728
5 184 28 892
5 195 35 16
5 201 1 717
5 289 25 198
5 290 32 183
5 294 3 926
6 60 31 590
6 114 20 141
6 125 28 478
6 145 25 766
6 147 43 282
6 159 58 342
6 161 5 583
6 191 35 494
6 210 1 103
6 220 13 991
6 236 50 245
6 244 17 849
6 259 39 60
6 270 47 250
6 294 8 1167
7 8 25 443
7 11 20 901
7 58 50 567
7 68 31 281
7 195 47 440
7 198 28 916
7 212 56 1164
7 246 43 31
7 250 37 48
7 257 7 309
7 262 13 892
7 264 1 340
7 274 5 980
7 303 11 932
7 304 9 95
8 27 57 542
8 29 23 854
8 44 19 561
8 60 43 458
8 101 31 925
8 129 34 407
8 144 15 190
8 155 13 1085
8 177 40 616
8 231 29 824
8 251 2 547
8 271 25 115
8 306 7 972
8 309 10 704
8 319 51 1056
9 11 37 309
9 25 13 356
9 51 7 1193
9 68 29 281
9 72 31 151
9 91 35 1123
9 100 44 295
9 105 10 356
9 141 58 1110
9 149 47 378
9 205 25 710
9 214 55 785
9 227 49 335
9 259 1 60
9 284 20 832
10 7 1 1150
10 11 25 738
10 25 31 131
10 43 20 154
10 63 58 651
10 98 37 488
10 106 56 699
10 126 49 837
10 146 7 1052
10 171 41 1132
10 243 47 652
10 275 3 285
10 285 43 929
10 301 13 788
11 17 41 429
11 23 11 511
11 24 56 634
11 42 47 1165
11 58 43 453
11 102 29 150
11 109 15 89
11 140 25 155
11 152 13 498
11 186 7 916
11 188 4 903
11 233 23 766
11 265 1 48
11 288 50 387
11 320 35 437
12 2 43 48
12 24 13 349
12 35 5 764
12 68 55 281
12 113 57 1182
12 124 37 576
12 128 11 138
12 140 49 904
12 158 28 121
12 160 34 728
12 201 47 699
12 205 7 215
12 265 3 835
12 267 41 453
12 303 17 531
13 44 7 391
13 50 16 394
13 51 25 1193
13 105 2 452
13 136 31 642
13 138 28 1157
13 155 35 752
13 167 23 799
13 173 55 469
13 235 37 397
13 265 41 399
13 281 19 1073
13 282 11 362
13 296 13 442
13 301 43 306
14 88 49 132
14 111 28 494
14 143 25 975
14 148 35 867
14 164 5 1011
14 200 13 860
14 215 55 420
14 246 1 250
14 248 40 867
14 249 19 171
14 255 31 789
14 266 43 1157
14 270 53 1186
14 273 15 1030
14 291 9 915
15 13 53 458
15 46 23 462
15 49 41 704
15 61 25 837
15 64 29 444
15 69 49 338
15 91 35 744
15 101 37 658
15 128 5 1128
15 155 47 547
15 167 33 1186
15 221 7 601
15 227 1 28
15 249 15 121
15 303 11 531
16 14 38 706
16 37 53 660
16 50 28 545
16 57 15 526
16 58 49 186
16 71 31 1139
16 90 19 1099
16 105 1 551
16 149 11 518
16 159 47 1032
16 207 34 795
16 210 59 357
16 223 23 359
16 266 7 211
16 284 43 360
17 105 25 1139
17 125 3 478
17 152 7 498
17 163 28 582
17 164 39 394
17 189 43 1162
17 200 53 428
17 207 23 623
17 210 13 978
17 229 11 1175
17 232 15 477
17 254 55 1138
17 259 19 523
17 264 1 730
17 313 46 108
18 11 25 31
18 21 29 997
18 28 13 10
18 31 23 918
18 47 1 123
18 54 17 335
18 86 50 743
18 97 37 1162
18 195 11 32
18 204 59 592
18 216 7 1170
18 251 34 706
18 258 55 658
18 301 43 161
18 318 19 420
19 36 10 505
19 49 29 27
19 52 57 860
19 55 49 547
19 109 1 89
19 112 23 108
19 114 31 141
19 117 25 546
19 160 52 282
19 175 35 10
19 239 7 974
19 261 13 513
19 271 19 329
19 274 5 497
19 302 46 751
20 2 49 356
20 11 25 1078
20 38 52 445
20 40 7 679
20 44 31 23
20 62 55 613
20 66 19 177
20 86 43 633
20 92 35 1162
20 122 10 466
20 191 13 159
20 225 1 926
20 231 4 287
20 284 15 1157
20 287 37 407
21 46 31 736
21 49 40 278
21 79 16 1069
21 122 37 253
21 144 8 789
21 181 29 911
21 204 47 268
21 219 33 154
21 225 11 491
21 226 1 797
21 238 5 59
21 240 49 113
21 267 23 849
21 284 19 380
21 298 13 40
22 42 47 360
22 80 37 665
22 104 11 603
22 124 1 1106
22 128 17 207
22 143 34 60
22 147 41 308
22 169 55 1097
22 223 5 359
22 250 58 25
22 271 7 329
22 274 29 321
22 284 13 886
22 286 49 927
22 290 25 183
23 29 35 1063
23 34 11 744
23 38 14 744
23 44 1 23
23 79 25 473
23 89 31 1000
23 91 53 1123
23 93 55 1116
23 122 46 171
23 137 38 1124
23 160 22 813
23 197 28 918
23 261 49 872
23 266 7 1144
23 280 43 1077
24 6 34 190
24 79 31 354
24 92 17 139
24 100 44 33
24 114 37 794
24 157 1 710
24 169 49 582
24 185 52 200
24 210 59 978
24 219 7 479
24 229 23 790
24 269 55 755
24 287 25 807
24 297 13 667
24 314 3 826
25 20 37 912
25 40 16 280
25 68 59 281
25 102 34 679
25 118 13 571
25 131 50 950
25 139 19 145
25 157 53 710
25 170 55 14
25 208 1 1181
25 236 7 357
25 266 43 863
25 281 25 147
25 306 31 712
26 34 43 515
26 55 31 854
26 110 9 429
26 125 55 80
26 138 58 1141
26 143 46 975
26 158 4 121
26 239 52 1179
26 242 37 835
26 249 19 648
26 258 25 894
26 274 35 980
26 277 13 154
26 305 23 910
26 318 7 208
27 104 41 127
27 106 23 950
27 148 31 1173
27 176 35 47
27 187 43 591
27 218 29 929
27 223 47 359
27 236 7 965
27 243 39 23
27 271 26 823
27 272 4 689
27 277 16 154
27 298 11 734
27 305 59 910
27 314 50 659
28 3 49 480
28 7 16 1150
28 14 31 487
28 16 37 344
28 64 7 1179
28 81 19 872
28 146 1 475
28 181 35 161
28 215 9 1179
28 216 25 616
28 230 46 1171
28 272 43 689
28 290 13 1095
28 298 23 821
28 313 56 718
29 8 17 356
29 17 29 429
29 58 55 567
29 146 7 603
29 147 11 308
29 163 31 870
29 190 43 1186
29 195 35 195
29 204 27 592
29 219 19 450
29 236 38 245
29 266 49 428
29 289 3 1150
29 312 46 491
29 313 14 920
30 8 29 1040
30 15 47 659
30 17 23 218
30 79 58 1172
30 183 13 63
30 190 55 1186
30 236 19 357
30 252 7 65
30 256 31 1195
30 262 37 1010
30 277 4 154
30 281 25 1073
30 290 16 1095
30 318 53 950
30 319 43 595
31 20 55 812
31 42 53 1165
31 50 40 430
31 68 47 281
31 77 28 217
31 114 43 250
31 119 37 1089
31 152 1 498
31 157 31 710
31 197 34 978
31 214 7 81
31 265 10 48
31 273 3 532
31 286 22 631
31 298 59 671
32 7 32 85
32 47 57 123
32 55 10 96
32 67 1 1008
32 83 13 463
32 96 43 937
32 132 23 190
32 153 28 788
32 179 35 582
32 190 7 988
32 195 5 16
32 199 53 924
32 227 19 794
32 276 49 89
32 314 37 50
33 20 31 812
33 27 1 542
33 45 28 528
33 51 50 1165
33 84 21 814
33 112 53 863
33 133 43 502
33 148 17 585
33 212 7 1009
33 221 40 402
33 223 59 172
33 255 55 307
33 299 47 603
33 319 13 711
34 51 28 1193
34 53 31 888
34 55 10 109
34 69 19 63
34 81 13 505
34 83 25 138
34 101 1 820
34 121 46 822
34 177 7 616
34 235 4 330
34 257 23 872
34 259 50 1181
34 273 37 150
34 277 43 647
34 289 55 184
35 24 7 349
35 36 49 148
35 67 5 76
35 70 37 1049
35 81 31 1146
35 101 22 1085
35 107 28 868
35 112 53 108
35 175 35 115
35 191 47 951
35 194 58 154
35 258 43 840
35 272 55 1028
35 282 40 810
35 295 13 679
36 3 32 753
36 10 49 935
36 43 56 804
36 57 19 278
36 60 26 81
36 61 37 734
36 73 43 60
36 96 8 518
36 105 1 408
36 112 17 1012
36 128 5 704
36 159 47 829
36 176 15 52
36 282 11 250
37 36 37 303
37 44 1 841
37 51 25 849
37 89 13 690
37 99 49 832
37 112 53 1140
37 123 43 288
37 137 8 562
37 182 20 957
37 190 40 367
37 236 32 965
37 240 55 797
37 271 46 115
37 307 28 109
37 320 5 190
38 15 35 633
38 47 31 98
38 70 19 264
38 81 37 318
38 164 5 264
38 175 11 528
38 217 52 843
38 240 13 1034
38 258 43 894
38 270 7 1186
38 275 1 1080
38 282 17 415
38 286 26 706
38 293 55 1008
38 311 59 562
39 32 55 397
39 58 37 186
39 77 31 783
39 103 19 571
39 113 25 1175
39 139 43 27
39 146 49 755
39 152 34 626
39 163 22 870
39 215 13 276
39 236 1 1162
39 284 8 832
40 9 11 996
40 20 49 181
40 37 37 919
40 42 53 1034
40 56 25 28
40 66 3 807
40 97 17 214
40 134 56 198
40 136 7 437
40 143 31 349
40 166 39 1113
40 171 1 492
40 188 22 295
40 221 19 327
40 236 13 965
41 5 29 481
41 25 13 738
41 36 43 505
41 49 5 671
41 58 7 181
41 64 17 1174
41 94 11 1144
41 103 3 173
41 135 40 132
41 138 46 1141
41 164 35 886
41 182 49 1140
41 238 23 208
41 241 55 542
41 294 31 163
42 47 55 788
42 92 19 1198
42 118 49 444
42 120 23 28
42 158 52 548
42 165 29 1181
42 180 16 1153
42 193 5 453
42 198 13 721
42 226 43 890
42 248 37 1184
42 252 31 1012
42 259 1 592
42 264 40 315
42 301 8 161
43 10 33 479
43 18 56 49
43 57 1 531
43 98 21 1146
43 117 28 546
43 118 46 1034
43 121 52 98
43 125 16 515
43 129 49 307
43 160 43 813
43 172 7 532
43 224 31 465
43 255 37 357
43 290 10 948
44 34 5 655
44 48 46 487
44 63 1 428
44 81 14 1146
44 106 40 401
44 113 31 188
44 123 29 371
44 145 43 896
44 164 51 823
44 191 53 213
44 203 25 415
44 244 49 849
44 258 19 894
44 277 55 154
44 307 37 736
45 2 16 763
45 46 14 45
45 56 32 306
45 74 46 73
45 84 19 889
45 111 37 660
45 128 41 285
45 143 43 975
45 160 7 728
45 170 59 1078
45 239 49 534
45 277 52 808
45 293 55 665
45 294 25 657
45 299 1 25
46 6 57 278
46 57 1 1033
46 63 34 783
46 74 10 380
46 77 7 1012
46 82 25 1050
46 98 28 1101
46 145 14 1124
46 160 46 813
46 202 41 847
46 218 17 395
46 238 23 475
46 247 5 1038
46 299 53 192
46 308 55 697
47 111 25 509
47 113 1 1011
47 125 31 1184
47 128 23 847
47 181 5 662
47 199 47 735
47 213 41 161
47 214 28 651
47 223 59 359
47 231 11 287
47 240 55 744
47 279 38 399
47 292 7 425
47 301 49 431
47 314 14 170
48 41 59 912
48 61 51 945
48 64 17 892
48 67 10 524
48 105 46 408
48 121 19 927
48 128 25 489
48 143 56 259
48 176 1 470
48 190 22 1045
48 197 28 452
48 268 41 860
48 273 31 752
48 309 4 961
48 315 37 307
49 65 19 207
49 103 37 280
49 109 1 1114
49 124 32 431
49 137 13 754
49 144 9 841
49 155 5 642
49 178 46 261
49 180 23 993
49 209 49 1125
49 278 40 381
49 280 25 1008
49 298 59 937
49 315 55 1167
50 10 1 72
50 16 37 425
50 40 13 219
50 51 43 1193
50 56 57 712
50 68 5 651
50 114 49 794
50 147 53 147
50 160 10 728
50 181 25 414
50 233 27 507
50 235 31 11
50 292 41 957
50 293 19 669
50 303 55 85
51 6 46 367
51 10 25 152
51 17 29 831
51 39 4 201
51 70 49 943
51 95 43 198
51 136 20 1179
51 150 1 978
51 153 7 901
51 162 35 880
51 188 10 137
51 211 31 1175
51 236 38 910
51 269 55 553
51 288 13 1182
52 45 22 434
52 128 47 315
52 143 28 607
52 177 13 616
52 190 58 33
52 196 25 43
52 203 1 415
52 218 55 820
52 222 35 192
52 235 40 980
52 241 17 244
52 255 31 521
52 266 43 582
52 293 7 308
52 313 37 829
53 24 1 1049
53 27 49 919
53 34 37 793
53 54 53 11
53 68 41 281
53 78 8 313
53 80 19 1156
53 87 5 694
53 116 25 645
53 119 35 245
53 127 31 939
53 200 17 235
53 229 29 60
53 232 43 1045
53 268 47 901
54 36 22 564
54 63 55 651
54 67 11 1008
54 119 29 1089
54 135 31 215
54 145 7 216
54 146 13 475
54 179 59 79
54 193 1 524
54 245 35 1030
54 248 25 207
54 265 4 648
54 294 45 856
54 296 52 170
54 314 37 935
55 54 5 1182
55 76 49 601
55 94 29 1144
55 116 8 645
55 126 31 837
55 131 45 950
55 158 19 689
55 164 39 264
55 170 53 1001
55 182 25 475
55 197 16 1028
55 201 35 717
55 230 22 721
55 240 55 813
55 281 1 147
56 4 16 1123
56 20 25 812
56 74 49 73
56 79 58 1069
56 112 29 960
56 134 45 182
56 148 23 40
56 153 31 468
56 163 19 870
56 207 53 870
56 213 5 208
56 214 10 81
56 225 55 1105
56 245 41 92
56 286 34 840
57 11 13 873
57 36 55 283
57 38 49 1179
57 70 21 227
57 130 7 608
57 133 10 447
57 154 1 753
57 175 5 1069
57 184 25 261
57 195 59 1128
57 223 41 172
57 241 29 359
57 276 31 490
57 303 47 341
57 305 17 1009
58 6 7 623
58 35 31 402
58 37 59 380
58 40 10 1040
58 92 23 207
58 100 16 822
58 113 19 272
58 132 33 378
58 138 49 1124
58 141 46 142
58 153 1 43
58 244 53 347
58 278 35 807
58 282 41 336
58 301 37 904
59 18 1 360
59 19 23 1192
59 38 55 1106
59 47 13 385
59 64 52 867
59 79 7 1172
59 151 29 415
59 171 33 104
59 176 5 1030
59 186 25 804
59 194 49 704
59 210 35 1068
59 237 38 730
59 245 11 112
59 272 46 1028
60 1 46 1054
60 18 19 936
60 20 55 449
60 34 5 515
60 61 1 661
60 100 40 33
60 129 16 1132
60 143 50 458
60 146 32 542
60 208 7 526
60 273 25 920
60 286 43 764
60 302 13 714
60 307 37 283
61 25 25 1116
61 32 51 221
61 53 7 141
61 58 19 453
61 81 43 1108
61 84 13 417
61 147 31 308
61 154 38 583
61 164 47 452
61 177 4 1052
61 189 55 1162
61 243 2 186
61 289 58 1045
61 316 33 540
61 318 29 171
62 12 55 193
62 13 59 1049
62 46 53 356
62 73 13 703
62 105 10 381
62 134 49 120
62 189 22 992
62 191 33 1156
62 251 1 1120
62 271 37 329
62 280 40 1169
62 285 44 1038
62 286 28 728
62 292 5 425
63 12 27 314
63 26 33 588
63 40 56 219
63 41 31 742
63 48 19 1097
63 67 47 1007
63 73 37 661
63 74 22 1082
63 93 43 61
63 118 49 1173
63 125 52 63
63 143 10 1145
63 162 3 50
63 263 17 836
63 316 13 540
64 19 59 479
64 25 1 552
64 34 23 763
64 42 31 211
64 120 17 491
64 168 8 836
64 171 15 104
64 182 26 365
64 207 5 431
64 212 33 164
64 232 55 248
64 235 43 561
64 246 19 1050
64 285 49 1038
64 299 11 789
65 6 34 278
65 33 59 567
65 59 53 616
65 68 41 49
65 78 19 601
65 84 37 10
65 112 29 1116
65 147 43 308
65 163 4 711
65 185 1 607
65 196 56 1030
65 229 17 790
65 240 45 152
65 246 49 736
65 277 7 356
66 20 49 599
66 49 35 27
66 51 31 984
66 59 1 736
66 66 7 177
66 99 19 1054
66 155 23 889
66 164 38 915
66 185 28 509
66 196 4 43
66 228 11 1106
66 250 55 48
66 262 43 1010
66 274 16 980
67 41 29 742
67 101 1 1085
67 109 37 94
67 117 4 546
67 195 23 965
67 196 43 1030
67 209 56 601
67 216 19 790
67 227 13 335
67 248 49 867
67 258 7 1008
67 280 31 1169
67 302 46 1155
67 303 34 347
67 313 25 935
68 15 21 659
68 17 35 429
68 25 37 694
68 41 47 120
68 55 58 837
68 106 29 526
68 122 55 714
68 136 13 68
68 137 7 72
68 181 53 662
68 244 5 1108
68 254 49 671
68 269 43 789
68 282 11 11
68 284 25 111
69 11 9 873
69 21 47 276
69 53 19 888
69 82 58 1085
69 116 4 682
69 138 40 1141
69 158 34 548
69 175 37 115
69 185 1 1178
69 190 49 573
69 206 7 1113
69 237 43 730
69 245 29 793
69 291 25 1187
69 302 16 1155
70 14 43 172
70 25 55 858
70 50 31 394
70 71 4 800
70 76 7 826
70 91 11 904
70 122 25 922
70 150 47 93
70 227 13 847
70 269 49 789
70 281 37 147
70 285 19 65
70 302 34 751
71 28 1 1097
71 42 35 299
71 49 11 1073
71 52 14 1174
71 68 41 651
71 89 25 226
71 95 22 924
71 100 37 822
71 129 19 407
71 132 17 378
71 205 56 1007
71 215 7 961
71 241 53 375
71 253 4 523
71 255 31 359
72 6 45 610
72 54 23 1200
72 87 11 694
72 129 4 1132
72 161 21 585
72 192 49 453
72 196 28 275
72 198 16 425
72 204 1 1056
72 207 35 808
72 208 31 900
72 236 55 208
72 251 25 163
72 290 7 183
72 296 37 755
73 14 19 172
73 33 5 729
73 44 13 236
73 68 47 49
73 91 11 123
73 117 28 327
73 121 25 1147
73 185 52 855
73 201 35 525
73 226 31 355
73 232 7 1043
73 267 17 60
73 275 43 66
73 276 1 595
73 287 37 5
74 3 19 907
74 15 55 745
74 56 51 849
74 70 40 556
74 114 13 231
74 115 1 1088
74 142 9 545
74 157 31 45
74 211 43 1175
74 216 57 790
74 228 7 401
74 236 25 910
74 241 47 349
74 259 33 742
74 306 37 545
75 2 19 356
75 5 11 211
75 49 59 27
75 50 14 310
75 69 32 524
75 97 47 1037
75 138 43 1141
75 161 17 583
75 225 23 926
75 241 53 1176
75 249 55 314
75 256 49 92
75 264 9 188
75 292 3 468
75 318 41 900
76 7 53 1150
76 16 20 425
76 39 16 524
76 88 25 472
76 94 41 1144
76 101 31 658
76 104 29 603
76 165 13 1050
76 190 58 573
76 193 34 823
76 198 7 831
76 261 49 1097
76 279 55 753
76 302 1 714
76 313 4 1124
77 3 13 480
77 12 1 544
77 46 23 355
77 107 35 661
77 109 43 89
77 147 37 308
77 165 17 1050
77 168 7 990
77 181 47 911
77 186 49 804
77 223 29 272
77 242 25 835
77 268 53 901
77 283 10 907
77 295 39 74
78 9 17 178
78 18 39 702
78 43 43 804
78 48 22 645
78 61 25 734
78 67 5 249
78 75 7 213
78 85 37 21
78 93 55 847
78 119 29 245
78 135 19 785
78 161 3 327
78 182 49 521
78 197 13 1028
78 255 31 217
79 5 23 481
79 55 2 181
79 75 49 721
79 80 43 911
79 86 27 1173
79 95 13 473
79 147 39 308
79 148 17 1173
79 152 25 498
79 207 5 1161
79 212 33 1164
79 251 52 912
79 259 55 523
79 264 31 168
79 275 8 564
80 53 7 338
80 65 55 207
80 67 29 1007
80 91 43 342
80 97 3 289
80 101 22 925
80 156 5 479
80 210 45 52
80 228 13 893
80 234 31 435
80 238 17 754
80 264 19 915
80 271 37 823
80 279 49 753
80 300 11 335
81 6 22 123
81 7 31 1150
81 23 47 511
81 40 13 280
81 131 7 889
81 148 11 1043
81 180 59 331
81 210 3 103
81 221 25 327
81 227 37 335
81 235 16 397
81 250 49 731
81 263 41 494
81 299 55 794
81 315 43 556
82 22 22 47
82 41 29 1111
82 64 35 218
82 68 17 651
82 126 1 489
82 142 7 472
82 157 47 474
82 163 58 21
82 206 11 455
82 212 43 1009
82 215 49 474
82 258 37 894
82 283 55 81
82 300 53 52
82 312 25 425
83 14 19 1026
83 16 49 648
83 17 17 429
83 99 43 318
83 103 13 173
83 108 33 800
83 112 41 249
83 169 28 1097
83 181 53 414
83 202 23 668
83 228 7 893
83 231 5 1141
83 272 46 689
83 275 1 430
83 297 57 196
84 73 49 60
84 80 38 911
84 100 4 810
84 123 47 1123
84 150 7 689
84 155 23 259
84 175 35 528
84 180 29 993
84 181 2 712
84 203 55 526
84 207 59 821
84 265 21 835
84 267 11 453
84 294 43 657
84 317 14 766
85 2 52 891
85 46 1 76
85 62 55 562
85 68 7 490
85 78 43 785
85 122 9 157
85 148 35 443
85 154 19 583
85 188 49 912
85 194 3 389
85 229 41 366
85 241 17 1139
85 271 37 948
85 287 25 287
85 320 29 505
86 10 45 1016
86 13 49 250
86 22 52 657
86 81 19 1108
86 82 28 32
86 93 33 281
86 97 17 916
86 98 4 1146
86 162 31 766
86 221 13 795
86 225 43 660
86 245 11 249
86 268 23 235
86 293 37 795
86 305 59 789
87 7 47 931
87 39 22 86
87 50 52 880
87 64 37 473
87 82 58 32
87 145 28 766
87 150 1 93
87 177 16 988
87 183 19 737
87 218 5 1049
87 230 31 822
87 237 7 668
87 248 13 619
87 264 3 730
87 296 43 170
88 31 35 59
88 42 47 273
88 62 25 188
88 70 19 240
88 98 10 1192
88 117 16 546
88 139 37 112
88 162 5 50
88 199 55 132
88 200 29 820
88 217 59 843
88 225 23 620
88 238 41 754
88 254 1 195
88 255 50 381
89 9 49 548
89 23 29 511
89 42 53 521
89 127 19 1080
89 140 9 148
89 158 43 121
89 161 5 973
89 171 46 104
89 176 23 170
89 222 41 28
89 254 31 849
89 260 37 416
89 265 7 648
89 281 55 111
89 317 25 782
90 33 1 362
90 42 13 783
90 107 37 98
90 116 15 77
90 126 43 830
90 143 49 112
90 212 7 206
90 227 19 903
90 230 34 120
90 248 52 1117
90 254 26 1138
90 262 3 384
90 265 11 648
90 269 39 789
90 287 57 287
91 20 25 883
91 22 16 925
91 64 11 444
91 66 31 177
91 88 55 782
91 95 8 924
91 107 35 138
91 162 5 131
91 172 2 63
91 177 13 1077
91 184 43 327
91 215 37 289
91 239 22 932
91 247 59 1038
91 273 49 1089
92 3 25 931
92 20 7 449
92 25 57 11
92 79 37 1002
92 139 31 546
92 142 1 232
92 148 23 585
92 175 5 10
92 206 29 660
92 207 17 1161
92 244 35 984
92 278 21 253
92 286 46 764
92 307 52 109
92 310 41 369
93 38 40 658
93 45 19 416
93 58 7 186
93 83 52 991
93 88 43 369
93 124 14 707
93 137 31 72
93 140 25 601
93 148 35 155
93 149 47 1073
93 218 49 1049
93 233 23 343
93 237 55 668
93 263 29 908
93 281 1 38
94 76 43 752
94 78 31 1028
94 85 59 493
94 110 13 587
94 111 56 429
94 116 25 1117
94 133 28 447
94 168 3 855
94 185 37 375
94 207 1 795
94 233 11 766
94 253 52 1167
94 263 35 908
94 282 23 32
94 294 19 896
95 23 11 637
95 31 47 480
95 36 58 148
95 37 41 919
95 67 35 249
95 80 26 932
95 110 19 679
95 140 43 867
95 157 49 45
95 168 52 171
95 230 16 641
95 239 55 1179
95 245 23 89
95 278 5 253
95 301 31 1097
96 43 7 804
96 53 13 384
96 85 35 21
96 102 11 679
96 128 41 65
96 138 19 1199
96 151 47 371
96 156 59 104
96 173 31 525
96 198 52 542
96 223 4 465
96 249 26 366
96 265 43 399
96 278 57 381
96 283 49 894
97 2 13 309
97 18 31 950
97 24 19 1049
97 29 41 310
97 44 1 561
97 75 45 721
97 103 43 1089
97 118 38 444
97 188 7 979
97 211 25 633
97 253 58 65
97 258 49 863
97 274 5 992
97 305 29 910
98 20 37 360
98 67 34 73
98 125 31 310
98 130 46 1069
98 148 23 1173
98 151 41 415
98 166 27 741
98 180 1 1135
98 206 19 455
98 219 55 138
98 240 13 737
98 279 10 540
98 295 50 74
98 314 3 974
99 37 35 730
99 45 43 434
99 50 25 173
99 74 10 280
99 104 59 43
99 158 37 548
99 163 40 231
99 191 55 329
99 209 13 525
99 216 49 196
99 217 47 894
99 257 53 219
99 274 28 980
99 312 19 494
99 313 7 1150
100 2 31 356
100 46 51 641
100 50 7 310
100 70 10 31
100 83 34 309
100 106 23 907
100 124 25 707
100 129 2 407
100 137 37 643
100 240 43 727
100 270 47 1157
100 271 19 823
100 281 14 147
100 309 57 961
101 2 46 763
101 27 19 717
101 44 1 236
101 53 55 1194
101 72 7 151
101 105 43 408
101 116 13 990
101 145 38 369
101 177 16 597
101 186 31 916
101 214 25 387
101 250 28 863
101 319 49 893
102 6 52 210
102 27 7 919
102 45 25 523
102 48 13 1170
102 76 1 601
102 93 56 61
102 140 19 514
102 162 23 50
102 196 16 1073
102 221 45 868
102 246 40 943
102 260 28 485
102 268 5 1000
102 307 49 407
102 314 32 268
103 35 17 764
103 59 5 1195
103 62 1 31
103 82 57 745
103 100 32 810
103 111 13 1135
103 125 52 640
103 166 49 1101
103 187 7 798
103 191 44 87
103 197 38 1153
103 207 47 623
103 215 25 11
103 245 41 89
103 318 55 561
104 2 34 356
104 38 45 118
104 110 19 951
104 121 58 822
104 134 38 120
104 142 49 1141
104 190 25 470
104 197 4 866
104 202 23 371
104 203 8 10
104 219 13 444
104 260 28 347
105 2 31 244
105 33 19 729
105 50 8 931
105 51 13 554
105 68 29 490
105 112 47 545
105 113 1 1175
105 116 34 703
105 119 11 245
105 160 56 728
105 182 21 365
105 209 37 205
105 225 53 115
105 259 43 523
105 273 25 553
106 31 41 50
106 43 1 178
106 82 22 1050
106 96 38 282
106 103 5 853
106 116 46 38
106 136 25 462
106 158 7 939
106 192 43 919
106 195 17 965
106 200 49 235
106 253 10 419
106 263 35 1141
106 298 53 488
106 318 59 900
107 5 43 47
107 50 37 641
107 106 11 526
107 108 55 476
107 121 19 193
107 134 49 792
107 181 47 414
107 182 7 1089
107 211 26 853
107 228 4 401
107 264 2 168
107 299 17 192
107 306 22 545
107 309 40 961
107 319 31 763
108 1 44 1111
108 8 47 443
108 42 37 273
108 69 28 63
108 167 23 75
108 170 41 1078
108 186 1 145
108 194 19 647
108 237 32 357
108 242 13 835
108 270 11 215
108 278 59 381
108 299 17 788
108 304 5 135
108 320 53 190
109 34 35 515
109 44 26 428
109 49 11 837
109 132 8 767
109 139 20 858
109 141 46 74
109 164 5 306
109 165 37 338
109 204 41 592
109 237 55 518
109 250 2 529
109 261 13 98
109 285 31 248
109 287 49 249
110 19 59 779
110 22 16 1179
110 40 25 280
110 51 55 554
110 66 44 807
110 101 7 1134
110 109 19 89
110 155 29 206
110 172 13 1153
110 198 40 210
110 204 1 294
110 224 53 576
110 234 3 476
110 239 37 275
110 261 31 872
111 22 33 389
111 32 56 389
111 54 31 181
111 108 3 987
111 130 44 608
111 142 25 232
111 152 16 498
111 186 49 916
111 201 19 743
111 224 1 1101
111 235 13 401
111 241 29 349
111 259 21 742
111 285 37 437
111 290 8 1095
112 26 31 227
112 37 1 1113
112 77 39 217
112 85 35 358
112 91 5 904
112 119 47 245
112 123 23 1123
112 124 25 831
112 150 53 178
112 163 50 737
112 191 43 494
112 193 15 48
112 204 37 1056
112 242 57 835
112 305 29 182
113 33 23 362
113 49 11 671
113 61 49 734
113 70 55 264
113 86 7 431
113 88 43 547
113 123 47 16
113 137 37 866
113 143 20 108
113 194 16 704
113 215 26 1169
113 218 3 916
113 248 31 455
113 298 53 395
113 309 34 425
114 17 7 429
114 38 26 150
114 42 5 840
114 53 43 888
114 54 53 1073
114 125 55 395
114 134 1 182
114 139 13 858
114 147 58 308
114 173 37 525
114 212 19 666
114 213 17 435
114 258 49 358
114 259 9 523
114 272 32 263
115 52 58 610
115 58 13 430
115 71 49 1139
115 79 44 437
115 100 34 33
115 112 23 1012
115 131 1 115
115 132 11 18
115 177 52 597
115 183 25 1128
115 202 17 789
115 218 31 1140
115 220 7 150
115 234 19 627
115 264 39 188
116 2 22 356
116 14 33 434
116 29 17 437
116 36 45 303
116 50 58 394
116 58 25 567
116 71 52 1139
116 81 7 28
116 84 3 889
116 120 29 531
116 145 19 937
116 224 49 221
116 238 1 488
116 266 37 1144
116 314 13 1160
117 16 32 380
117 36 43 963
117 42 29 783
117 50 1 394
117 91 59 744
117 116 7 735
117 131 13 950
117 181 11 1116
117 189 46 1162
117 220 19 371
117 232 25 1108
117 247 16 186
117 248 4 217
117 296 55 599
117 315 38 821
118 1 7 880
118 19 53 792
118 42 29 808
118 71 1 831
118 142 57 552
118 163 38 1082
118 166 34 741
118 200 17 1066
118 214 26 444
118 222 47 794
118 245 5 112
118 250 10 1187
118 287 43 407
118 304 51 190
118 318 22 397
119 8 59 1040
119 25 45 552
119 45 13 729
119 64 37 201
119 91 5 141
119 141 34 142
119 143 7 259
119 169 55 888
119 170 41 14
119 172 10 1153
119 185 1 558
119 196 31 1020
119 234 25 1049
119 247 53 1129
119 249 49 631
120 60 31 815
120 73 19 996
120 79 10 1054
120 132 53 1171
120 145 37 830
120 201 47 1008
120 210 7 103
120 218 29 375
120 243 59 186
120 252 25 815
120 257 41 149
120 262 49 1010
120 294 1 856
120 297 43 667
120 304 23 727
121 2 37 356
121 13 17 155
121 48 4 462
121 61 55 481
121 64 29 264
121 87 13 694
121 104 53 1052
121 153 22 87
121 192 1 789
121 200 59 295
121 242 49 835
121 285 44 918
121 293 7 718
121 297 25 702
121 304 41 411
122 16 25 814
122 39 7 581
122 54 53 1200
122 117 4 310
122 126 49 970
122 151 59 755
122 163 15 152
122 191 29 213
122 203 55 1124
122 253 40 626
122 257 47 294
122 262 31 1010
122 267 35 289
122 309 43 961
122 311 13 186
123 31 29 214
123 53 13 573
123 67 5 61
123 80 20 911
123 92 17 525
123 99 52 638
123 105 7 452
123 125 25 1016
123 154 55 289
123 167 59 659
123 168 37 1187
123 189 33 108
123 260 10 149
123 283 43 147
123 320 31 1108
124 14 13 706
124 20 19 449
124 41 5 590
124 46 3 873
124 47 49 788
124 85 1 275
124 106 29 699
124 134 57 120
124 168 32 843
124 196 46 1030
124 201 41 525
124 228 17 893
124 254 25 412
124 271 10 115
124 296 7 202
125 27 25 1144
125 49 23 27
125 69 39 338
125 72 19 531
125 108 55 800
125 130 4 836
125 146 13 1052
125 153 31 43
125 178 37 261
125 181 17 991
125 193 34 1082
125 207 11 795
125 233 47 343
125 297 7 702
125 305 59 74
126 5 17 211
126 16 1 380
126 27 25 919
126 38 58 638
126 50 55 892
126 82 37 690
126 119 23 245
126 142 31 232
126 147 35 282
126 207 11 1161
126 233 53 507
126 242 43 835
126 254 19 412
126 255 13 307
126 266 7 744
127 8 59 443
127 21 43 492
127 48 22 1174
127 50 52 931
127 116 37 703
127 132 29 18
127 158 1 121
127 160 19 813
127 189 56 108
127 203 31 415
127 256 15 655
127 276 45 253
127 283 40 81
127 291 8 443
127 310 5 751
128 3 31 931
128 40 4 1040
128 46 1 1037
128 58 20 430
128 69 40 431
128 70 51 240
128 156 29 479
128 160 37 889
128 192 13 1164
128 195 47 867
128 208 7 680
128 225 17 926
128 231 25 824
128 247 35 186
128 274 11 980
129 11 19 588
129 13 55 488
129 14 7 528
129 31 59 1000
129 40 1 1040
129 78 49 1028
129 97 43 289
129 111 28 202
129 134 45 1199
129 177 25 1077
129 179 35 79
129 241 5 275
129 252 13 455
129 273 31 1030
129 286 40 728
130 9 4 1020
130 47 55 1004
130 53 37 573
130 114 14 137
130 139 43 390
130 148 35 1043
130 173 25 655
130 194 22 1078
130 218 20 1078
130 225 11 1184
130 232 31 1171
130 233 51 507
130 284 7 281
130 305 47 1179
131 8 59 420
131 19 41 1172
131 22 55 367
131 56 43 853
131 62 19 188
131 71 26 751
131 178 17 261
131 186 13 916
131 197 49 1032
131 206 3 1113
131 209 37 131
131 244 47 984
131 257 11 872
131 265 53 645
131 314 7 170
132 19 5 717
132 20 13 181
132 26 25 118
132 73 49 694
132 129 46 1132
132 152 9 241
132 155 29 752
132 158 58 121
132 178 35 261
132 180 53 1153
132 209 31 150
132 246 43 1043
132 254 1 585
132 264 17 340
132 274 23 336
133 38 52 927
133 39 19 86
133 80 7 932
133 86 57 880
133 125 31 76
133 137 45 866
133 138 34 182
133 159 11 1157
133 181 17 371
133 253 1 626
133 269 37 987
133 280 22 1077
133 284 25 832
133 297 13 462
134 8 53 443
134 9 29 118
134 15 35 745
134 20 44 812
134 24 13 908
134 133 19 447
134 134 1 662
134 144 7 737
134 174 31 1085
134 189 37 108
134 254 49 412
134 261 57 922
134 280 40 632
134 287 25 249
134 306 22 45
135 45 1 523
135 53 51 581
135 69 14 1111
135 76 31 344
135 86 45 993
135 111 19 202
135 127 55 479
135 156 49 329
135 168 22 49
135 191 41 96
135 235 8 24
135 267 59 453
135 284 37 1004
135 299 5 603
136 92 35 987
136 109 13 696
136 116 10 682
136 127 44 413
136 155 41 206
136 160 19 893
136 162 23 1125
136 203 1 171
136 240 26 181
136 246 52 736
136 258 31 221
136 271 58 341
136 287 37 287
136 308 5 366
137 3 56 931
137 14 8 145
137 33 41 564
137 48 28 487
137 71 52 943
137 113 37 272
137 125 49 472
137 165 19 394
137 166 25 730
137 186 21 916
137 201 47 588
137 216 15 159
137 227 33 335
137 254 1 412
137 280 43 489
138 2 13 891
138 15 19 745
138 52 21 610
138 54 41 863
138 117 7 640
138 146 37 337
138 164 35 1011
138 214 10 890
138 216 43 1001
138 237 49 343
138 273 31 111
138 293 55 1078
138 298 5 707
138 317 1 259
139 51 46 551
139 99 49 1048
139 161 23 973
139 167 4 577
139 184 58 873
139 188 52 330
139 208 25 1080
139 219 31 138
139 254 14 799
139 256 19 655
139 262 37 655
139 268 35 435
139 271 10 329
139 278 43 253
140 9 35 996
140 36 38 85
140 54 47 488
140 56 43 1161
140 88 26 652
140 91 59 529
140 94 31 147
140 126 13 207
140 154 49 745
140 156 11 479
140 200 1 860
140 223 17 135
140 230 55 743
140 253 4 65
140 307 19 109
141 5 5 1187
141 13 10 155
141 92 35 835
141 106 17 430
141 110 13 340
141 111 43 462
141 155 55 321
141 188 7 1160
141 227 49 1129
141 241 41 349
141 247 37 121
141 248 25 333
141 254 19 1138
141 266 1 744
141 280 28 1160
142 12 55 443
142 64 7 627
142 73 25 996
142 75 4 155
142 86 43 1033
142 90 37 481
142 109 13 94
142 129 31 407
142 179 41 655
142 191 23 96
142 203 50 1004
142 217 1 285
142 241 11 244
142 247 17 1129
142 317 19 948
143 50 31 641
143 71 10 751
143 92 29 480
143 102 22 1176
143 119 47 1089
143 175 19 115
143 198 4 721
143 203 14 1004
143 225 40 685
143 226 50 634
143 230 7 779
143 253 56 440
143 260 25 208
143 265 59 399
143 313 43 207
144 31 35 50
144 42 17 246
144 45 37 729
144 53 13 92
144 68 53 49
144 145 43 1145
144 153 10 470
144 176 19 587
144 196 40 76
144 218 47 1117
144 247 23 186
144 251 58 706
144 259 2 991
144 266 49 1194
144 282 55 552
145 24 43 1049
145 33 41 227
145 58 37 73
145 107 5 380
145 116 14 682
145 133 19 843
145 197 58 452
145 215 49 276
145 230 22 308
145 234 1 157
145 245 53 249
145 283 34 531
145 304 47 195
145 309 28 961
145 310 11 1071
146 1 10 290
146 6 43 658
146 7 58 1150
146 31 29 295
146 56 50 699
146 60 13 937
146 125 7 1192
146 154 31 583
146 157 17 474
146 166 46 462
146 169 40 888
146 219 25 479
146 235 37 980
146 273 2 150
146 320 22 505
147 13 57 447
147 51 13 797
147 74 37 799
147 105 28 551
147 141 10 231
147 143 2 81
147 170 53 822
147 189 40 27
147 208 43 526
147 236 31 980
147 248 25 719
147 251 7 662
147 268 17 98
147 284 19 1164
147 294 49 896
148 6 44 278
148 13 53 321
148 29 13 524
148 37 23 429
148 50 31 892
148 70 58 75
148 87 47 694
148 99 55 360
148 178 41 1125
148 195 35 973
148 230 28 641
148 256 3 860
148 299 25 25
148 303 1 807
148 320 17 505
149 7 34 85
149 36 25 595
149 51 55 849
149 114 13 1087
149 136 49 462
149 152 46 498
149 194 19 389
149 195 11 440
149 252 1 1123
149 264 17 25
149 271 22 115
149 272 43 263
149 294 37 1167
149 311 5 1138
149 315 7 821
150 23 47 1063
150 38 22 927
150 44 57 561
150 61 7 734
150 83 13 992
150 106 41 248
150 138 52 182
150 154 37 1176
150 178 35 639
150 189 16 27
150 198 19 1119
150 200 11 235
150 225 5 685
150 280 31 1077
150 286 28 764
151 35 23 680
151 46 35 411
151 77 43 106
151 132 29 378
151 143 1 458
151 154 55 487
151 167 17 14
151 188 7 68
151 193 11 823
151 216 50 159
151 217 47 792
151 239 4 1179
151 249 31 366
151 299 41 168
151 320 59 437
152 15 41 745
152 33 53 935
152 36 46 96
152 54 23 151
152 79 28 1069
152 98 10 1146
152 105 49 408
152 125 7 591
152 129 43 1132
152 174 13 59
152 198 4 400
152 221 19 402
152 266 37 863
152 288 31 387
152 294 56 856
153 1 34 49
153 10 21 455
153 47 55 810
153 85 5 562
153 88 7 76
153 141 37 1198
153 208 1 526
153 210 17 978
153 231 49 824
153 255 44 554
153 256 13 576
153 292 11 991
153 304 53 727
153 306 25 972
154 2 25 1124
154 22 7 80
154 31 41 295
154 39 37 841
154 45 10 94
154 76 45 127
154 86 1 413
154 97 29 1037
154 115 55 843
154 165 43 1050
154 219 15 299
154 220 32 558
154 288 20 795
154 296 51 588
155 32 7 639
155 40 4 219
155 73 55 60
155 74 14 73
155 94 17 1144
155 130 34 608
155 168 1 836
155 187 25 113
155 236 49 815
155 242 19 400
155 259 44 354
155 265 59 841
155 291 37 497
155 312 31 341
156 5 17 1114
156 8 47 973
156 47 1 385
156 51 40 1120
156 79 31 1147
156 86 13 993
156 91 5 123
156 144 19 841
156 146 25 755
156 154 49 583
156 179 23 1009
156 214 44 444
156 240 7 797
156 276 56 253
156 299 53 794
157 11 13 1078
157 34 39 793
157 61 43 276
157 84 49 820
157 116 10 703
157 137 31 717
157 163 22 997
157 178 41 445
157 217 29 894
157 220 25 882
157 222 5 248
157 223 17 359
157 224 3 142
157 287 55 249
157 305 47 642
158 12 43 273
158 25 31 738
158 50 49 430
158 57 26 570
158 102 23 679
158 105 7 551
158 166 52 779
158 183 55 365
158 191 11 951
158 210 17 357
158 213 5 547
158 234 1 1170
158 242 13 176
158 310 41 497
158 314 37 170
159 10 31 651
159 14 13 528
159 36 25 497
159 40 43 219
159 159 35 1157
159 171 5 104
159 184 7 168
159 193 11 706
159 215 39 1179
159 225 17 620
159 229 23 929
159 252 49 1123
159 260 46 149
159 295 55 74
159 319 19 763
160 7 37 1150
160 22 7 337
160 78 19 76
160 83 31 186
160 88 45 76
160 94 49 38
160 116 34 682
160 119 17 640
160 142 1 573
160 145 40 830
160 226 25 1200
160 228 51 498
160 244 5 207
160 266 13 481
160 301 57 904
161 42 23 652
161 52 14 246
161 99 31 567
161 113 25 272
161 145 7 937
161 155 29 847
161 183 34 1080
161 205 56 215
161 243 53 652
161 257 1 309
161 262 3 354
161 264 11 730
161 272 49 689
161 273 19 619
161 309 46 961
162 9 59 288
162 10 49 783
162 31 40 154
162 49 29 137
162 65 7 1001
162 114 32 137
162 128 11 285
162 130 43 351
162 134 20 553
162 145 46 896
162 188 55 903
162 221 16 727
162 254 25 585
162 265 3 333
163 8 11 408
163 78 49 76
163 93 7 399
163 98 57 488
163 116 28 195
163 155 4 1134
163 168 1 299
163 200 47 988
163 212 43 206
163 236 19 910
163 248 40 259
163 268 35 235
163 273 13 440
163 280 25 290
163 295 31 398
164 1 52 1111
164 5 40 1199
164 39 31 1178
164 57 7 1097
164 85 49 764
164 102 47 783
164 168 19 1187
164 216 26 159
164 218 37 820
164 245 35 216
164 261 14 1097
164 274 1 980
164 281 56 764
164 289 3 470
164 300 23 413
165 8 23 408
165 59 11 736
165 62 55 1049
165 88 43 18
165 106 59 526
165 123 1 987
165 124 7 1106
165 146 25 603
165 171 29 1132
165 208 19 900
165 243 53 815
165 285 49 213
165 295 3 20
165 306 37 45
165 319 31 595
166 13 55 211
166 20 43 378
166 42 29 1199
166 62 19 142
166 107 59 310
166 127 8 413
166 179 23 903
166 198 32 721
166 199 17 358
166 213 53 545
166 236 25 965
166 239 49 205
166 249 37 173
166 256 1 1195
166 318 47 397
167 17 23 437
167 78 27 1043
167 97 55 214
167 131 40 40
167 161 17 96
167 163 51 455
167 167 49 623
167 168 37 1066
167 199 5 358
167 208 13 543
167 225 1 1105
167 252 19 752
167 271 8 341
167 274 59 336
167 304 11 561
168 59 29 616
168 83 37 1139
168 92 23 835
168 112 59 648
168 119 45 1089
168 126 7 440
168 152 11 241
168 163 32 103
168 187 55 318
168 189 25 992
168 203 13 970
168 238 47 475
168 246 20 943
168 252 50 27
168 260 4 485
169 19 41 1192
169 36 16 497
169 49 53 671
169 76 8 238
169 96 32 282
169 101 13 1134
169 106 59 854
169 120 5 390
169 157 29 710
169 219 43 154
169 221 56 402
169 249 1 591
169 250 19 529
169 253 49 380
169 309 22 961
170 17 59 518
170 25 8 738
170 27 43 497
170 41 53 829
170 43 1 582
170 70 13 75
170 71 19 721
170 137 25 231
170 164 17 886
170 167 35 799
170 202 23 789
170 223 29 627
170 237 37 518
170 255 55 10
170 319 31 893
171 29 47 112
171 32 7 731
171 47 43 1170
171 58 57 329
171 70 33 75
171 87 29 694
171 103 41 173
171 117 19 567
171 141 38 31
171 152 23 1000
171 165 51 1082
171 245 11 40
171 256 25 61
171 274 53 351
171 303 17 85
172 4 26 626
172 29 59 1063
172 34 29 763
172 101 37 925
172 113 55 188
172 121 34 14
172 126 49 1178
172 184 21 168
172 189 7 992
172 209 13 1125
172 224 1 553
172 274 47 321
172 296 43 150
172 308 53 43
172 313 31 974
173 46 19 912
173 47 49 1170
173 52 1 576
173 57 13 294
173 61 37 831
173 131 22 440
173 136 25 1179
173 152 29 626
173 185 31 591
173 225 5 1184
173 264 47 168
173 266 7 1157
173 287 55 1192
173 301 43 782
173 310 11 73
174 22 7 389
174 43 38 178
174 49 29 1073
174 75 46 113
174 79 19 45
174 81 55 505
174 86 50 993
174 102 59 783
174 163 22 689
174 171 13 104
174 246 1 318
174 262 31 16
174 271 4 329
174 303 10 347
174 311 17 349
175 80 55 1156
175 87 59 694
175 103 34 280
175 144 16 1010
175 154 1 487
175 157 47 710
175 189 28 108
175 198 37 153
175 219 49 167
175 242 19 32
175 250 25 863
175 256 7 576
175 260 40 347
175 275 43 184
175 278 53 915
176 9 59 996
176 25 55 738
176 36 32 148
176 105 1 735
176 109 43 960
176 111 7 883
176 113 25 1011
176 138 40 155
176 146 19 475
176 195 53 965
176 237 13 890
176 239 49 288
176 264 5 915
176 286 10 927
177 44 37 1110
177 59 47 1033
177 63 43 651
177 79 1 1172
177 99 34 1048
177 119 17 502
177 142 25 47
177 155 23 531
177 162 59 1026
177 170 53 250
177 177 4 597
177 207 10 908
177 222 41 1101
177 251 31 826
177 253 49 1167
178 6 37 278
178 42 41 211
178 85 5 21
178 92 23 139
178 94 53 264
178 161 11 585
178 172 57 1095
178 185 13 200
178 217 33 391
178 229 17 109
178 259 7 742
178 270 35 139
178 276 25 200
178 285 45 213
178 297 1 702
179 59 59 736
179 63 31 1121
179 86 49 1033
179 90 1 390
179 91 17 904
179 102 5 147
179 152 21 498
179 181 53 911
179 184 28 303
179 198 25 916
179 200 41 970
179 252 13 1012
179 253 7 419
179 306 37 391
179 318 11 900
180 10 25 697
180 27 19 919
180 49 35 888
180 120 23 523
180 125 49 808
180 188 13 1140
180 194 52 1040
180 225 39 115
180 229 3 790
180 233 17 106
180 239 31 5
180 247 11 186
180 277 58 599
180 288 7 795
180 314 44 620
181 19 5 299
181 72 9 192
181 85 23 493
181 88 25 120
181 91 17 123
181 111 43 509
181 116 37 38
181 130 40 836
181 132 7 190
181 167 35 623
181 209 1 131
181 215 31 420
181 268 29 235
181 272 46 263
181 286 14 631
182 9 17 272
182 31 59 50
182 50 10 394
182 95 1 829
182 157 34 45
182 169 7 198
182 200 41 551
182 233 47 766
182 235 31 401
182 245 23 360
182 249 13 167
182 290 52 1198
182 299 43 127
182 306 4 697
182 312 28 273
183 16 56 313
183 39 34 854
183 52 4 1034
183 64 41 444
183 65 19 214
183 85 23 667
183 88 45 164
183 118 37 442
183 145 13 206
183 167 25 1186
183 204 2 268
183 263 17 908
183 282 9 1050
183 291 27 443
183 304 31 561
184 2 19 1124
184 4 37 492
184 8 53 973
184 61 55 276
184 126 43 837
184 128 5 1193
184 140 1 534
184 175 11 399
184 184 34 327
184 240 27 744
184 246 7 172
184 271 13 948
184 274 41 351
184 309 49 961
185 19 13 299
185 34 11 863
185 39 19 1083
185 54 59 1187
185 89 7 1000
185 104 46 43
185 105 15 452
185 154 25 1176
185 186 37 916
185 203 1 10
185 217 29 734
185 222 49 856
185 224 23 142
185 257 41 85
185 314 55 268
186 6 46 1068
186 39 4 45
186 46 9 45
186 71 1 465
186 82 34 468
186 114 57 794
186 130 28 608
186 170 11 150
186 182 38 767
186 228 15 893
186 275 19 1063
186 289 43 244
186 309 52 961
186 312 25 151
187 8 59 487
187 12 55 497
187 14 37 924
187 15 29 659
187 45 10 783
187 70 43 75
187 78 50 1174
187 94 47 1144
187 103 35 173
187 148 17 443
187 191 41 1156
187 203 20 1004
187 231 7 824
187 256 25 1125
187 268 4 66
188 5 41 515
188 79 55 1172
188 84 32 901
188 116 43 703
188 160 22 893
188 174 37 59
188 230 16 120
188 261 8 21
188 268 59 210
188 287 49 663
188 288 1 731
188 290 46 948
188 295 25 398
188 310 5 570
189 41 59 590
189 42 5 246
189 45 21 729
189 89 1 1000
189 90 55 590
189 91 11 141
189 129 49 779
189 156 19 659
189 160 14 813
189 171 29 1162
189 174 25 736
189 182 31 1089
189 261 43 98
189 270 17 250
190 27 19 497
190 38 1 118
190 74 45 1082
190 96 16 282
190 97 10 289
190 108 39 532
190 111 28 172
190 118 7 20
190 119 25 767
190 152 59 241
190 180 37 1135
190 187 31 489
190 188 13 912
190 245 5 360
190 319 55 779
191 27 43 195
191 53 57 820
191 54 55 889
191 115 1 1099
191 138 34 637
191 144 10 737
191 149 53 85
191 178 5 261
191 236 13 245
191 238 17 410
191 260 25 240
191 289 37 836
191 303 49 104
191 310 23 159
191 312 19 891
192 15 1 659
192 34 23 744
192 36 43 86
192 44 39 473
192 54 29 155
192 86 19 321
192 111 46 1145
192 133 4 502
192 155 37 206
192 187 31 235
192 208 25 511
192 231 7 287
192 243 35 597
192 271 16 306
192 299 11 147
193 41 19 742
193 46 47 873
193 63 22 651
193 84 31 867
193 93 1 399
193 94 35 1144
193 104 29 832
193 109 13 1114
193 146 43 542
193 252 25 726
193 255 7 217
193 271 49 341
193 279 37 540
193 282 17 413
193 285 56 1169
194 3 7 1032
194 69 34 264
194 85 29 493
194 130 51 415
194 143 16 665
194 144 25 419
194 167 21 1186
194 194 31 544
194 205 43 704
194 247 41 121
194 258 55 840
194 265 1 835
194 266 37 1157
194 282 47 417
194 283 13 1054
195 31 4 918
195 38 52 1160
195 55 55 109
195 66 13 840
195 118 7 444
195 145 49 830
195 152 17 1000
195 178 11 1026
195 270 46 1186
195 273 31 245
195 283 1 1171
195 290 37 331
195 295 25 521
195 301 20 161
195 312 40 327
196 7 35 931
196 117 28 548
196 137 37 922
196 142 31 744
196 155 53 468
196 179 5 1009
196 180 51 1153
196 191 41 481
196 219 1 450
196 224 23 221
196 239 7 494
196 257 17 872
196 266 19 200
196 276 13 391
196 296 58 792
197 2 40 356
197 71 58 1139
197 83 25 354
197 116 4 703
197 149 29 210
197 155 11 226
197 171 53 104
197 216 31 196
197 242 13 945
197 259 43 336
197 270 23 278
197 277 1 509
197 290 49 948
197 297 19 288
197 303 7 261
198 22 49 925
198 37 34 1050
198 45 1 783
198 85 47 493
198 109 25 465
198 137 55 509
198 139 7 390
198 171 11 263
198 172 22 63
198 183 52 338
198 243 43 303
198 268 41 235
198 286 31 764
198 299 17 547
198 319 37 80
199 18 7 232
199 69 32 918
199 85 53 813
199 108 25 529
199 111 49 509
199 157 40 45
199 166 58 741
199 177 37 616
199 180 1 627
199 229 5 929
199 244 35 398
199 263 23 836
199 294 13 657
199 310 47 183
199 318 29 900
200 42 31 246
200 46 5 493
200 75 34 61
200 81 7 264
200 101 49 529
200 116 19 682
200 120 47 1161
200 153 28 420
200 177 22 597
200 185 37 1141
200 186 43 916
200 188 55 32
200 259 1 124
200 270 11 135
200 289 40 1150
201 1 55 1054
201 6 43 190
201 11 13 901
201 37 17 730
201 44 7 23
201 54 11 936
201 57 1 863
201 63 46 651
201 113 19 929
201 114 25 141
201 143 34 112
201 179 59 531
201 240 38 34
201 293 49 1078
202 29 41 854
202 40 38 662
202 93 25 665
202 107 29 380
202 115 19 577
202 153 49 860
202 168 9 63
202 175 7 1069
202 194 4 296
202 217 59 894
202 219 55 299
202 237 13 357
202 239 1 494
202 294 31 1167
202 319 43 1056
203 74 13 380
203 99 16 1054
203 101 25 658
203 111 37 1169
203 114 43 548
203 116 40 703
203 138 10 835
203 157 7 710
203 173 51 623
203 183 28 945
203 187 20 581
203 196 31 14
203 203 55 135
203 315 1 821
204 7 47 1056
204 8 17 685
204 25 1 11
204 55 7 507
204 60 25 870
204 61 19 734
204 107 23 281
204 120 5 28
204 154 57 583
204 174 13 1101
204 199 29 924
204 212 43 666
204 271 40 948
204 293 31 283
205 5 25 310
205 41 40 216
205 53 55 707
205 63 7 210
205 118 14 354
205 164 45 452
205 183 4 1087
205 191 35 1156
205 195 52 1182
205 206 29 455
205 210 59 970
205 235 1 401
205 238 17 208
205 305 47 714
205 316 31 663
206 1 7 1061
206 3 31 488
206 10 49 1110
206 16 25 135
206 24 19 68
206 85 47 21
206 104 41 1052
206 176 16 1037
206 177 10 616
206 190 37 1186
206 201 35 641
206 245 5 900
206 252 55 1012
206 291 43 915
206 309 1 410
207 7 41 633
207 26 25 589
207 47 7 385
207 54 17 1187
207 67 23 1007
207 76 13 378
207 79 49 354
207 89 1 226
207 121 19 473
207 146 37 475
207 168 43 171
207 181 47 161
207 190 52 534
207 296 56 181
207 317 33 766
208 24 25 908
208 36 44 564
208 89 7 226
208 102 59 98
208 162 15 115
208 170 29 14
208 178 55 261
208 182 49 767
208 250 40 1187
208 254 1 671
208 266 31 384
208 310 53 1184
208 313 37 395
208 314 19 935
208 318 35 171
209 55 49 1117
209 80 7 1141
209 104 23 93
209 147 45 308
209 154 25 745
209 187 1 1045
209 191 47 177
209 196 31 494
209 219 15 783
209 297 55 660
209 298 29 89
209 301 19 306
209 314 39 268
210 2 55 244
210 47 14 1032
210 51 10 1193
210 70 52 661
210 127 38 218
210 141 22 1198
210 158 1 689
210 181 35 991
210 241 58 275
210 243 5 815
210 285 25 213
210 290 19 1095
210 295 43 860
210 298 47 903
210 311 29 40
211 7 25 1150
211 62 55 235
211 91 37 123
211 95 7 667
211 124 19 1106
211 132 10 767
211 163 46 665
211 175 23 10
211 188 52 419
211 213 17 889
211 237 39 1134
211 258 32 1032
211 270 59 139
211 303 1 261
211 307 3 736
212 6 49 542
212 14 1 528
212 24 19 908
212 31 5 1169
212 48 16 1023
212 59 29 736
212 66 43 177
212 103 11 173
212 111 31 711
212 116 7 703
212 198 13 315
212 201 35 699
212 213 47 564
212 240 25 797
212 310 59 183
213 7 59 728
213 25 13 1116
213 39 49 182
213 49 23 137
213 74 4 1082
213 85 53 275
213 96 34 518
213 200 47 860
213 229 11 790
213 232 26 515
213 247 17 475
213 285 55 918
213 296 1 220
213 307 8 867
213 317 43 315
214 103 59 571
214 124 43 1106
214 135 50 785
214 158 10 121
214 163 40 812
214 167 5 14
214 169 37 1097
214 196 28 43
214 236 14 910
214 248 2 719
214 251 7 1038
214 261 31 21
214 272 55 689
214 276 19 318
214 279 25 123
215 7 47 430
215 26 31 261
215 36 13 497
215 74 4 443
215 99 7 135
215 115 37 854
215 139 27 268
215 146 43 337
215 148 11 1173
215 167 49 1186
215 207 35 111
215 240 55 399
215 288 51 639
215 314 19 170
216 18 25 936
216 21 35 276
216 41 53 742
216 44 37 236
216 49 47 27
216 51 10 61
216 56 1 699
216 92 50 1198
216 139 43 1116
216 156 16 659
216 159 59 919
216 160 13 728
216 210 20 1068
216 287 31 287
216 303 41 936
217 18 7 697
217 64 47 444
217 68 53 218
217 81 43 1007
217 89 13 1000
217 99 40 567
217 102 35 469
217 164 11 1011
217 186 20 435
217 187 55 387
217 199 29 901
217 232 31 478
217 259 49 336
217 279 1 903
217 315 25 556
218 12 1 211
218 23 11 658
218 45 7 907
218 46 5 632
218 86 55 413
218 87 41 694
218 120 35 523
218 160 28 915
218 172 22 92
218 199 47 592
218 252 49 528
218 259 37 592
218 275 43 216
218 296 16 1002
218 320 59 505
219 3 19 488
219 31 17 480
219 68 41 490
219 94 59 1144
219 146 1 603
219 175 47 10
219 183 34 657
219 191 53 798
219 194 10 1016
219 199 7 132
219 205 37 710
219 224 13 553
219 243 5 23
219 262 55 1010
219 319 43 469
220 49 11 278
220 63 49 313
220 67 35 1007
220 78 14 601
220 79 31 545
220 116 22 682
220 117 19 1178
220 126 26 1066
220 154 43 1188
220 178 41 639
220 182 1 957
220 203 7 970
220 208 37 743
220 271 52 704
220 274 5 1028
221 11 25 587
221 86 31 1033
221 104 47 1052
221 157 29 111
221 177 16 616
221 200 23 1066
221 202 59 847
221 234 50 1023
221 242 38 182
221 246 19 250
221 257 11 1052
221 289 55 417
221 300 9 52
221 303 13 807
221 307 43 109
222 14 1 434
222 39 7 524
222 44 13 561
222 63 10 93
222 77 49 289
222 92 59 640
222 100 22 822
222 127 39 1080
222 134 25 182
222 170 37 648
222 183 31 662
222 213 5 435
222 257 53 149
222 267 29 453
222 310 44 73
223 18 49 232
223 21 10 492
223 36 25 924
223 97 5 1089
223 112 17 249
223 153 13 43
223 156 3 479
223 158 46 121
223 165 59 387
223 170 55 66
223 189 33 992
223 227 20 335
223 244 41 407
223 263 53 349
223 298 29 903
224 1 19 479
224 31 17 918
224 41 59 829
224 47 37 183
224 61 49 1121
224 64 1 218
224 100 13 822
224 140 27 514
224 149 25 76
224 154 7 647
224 191 11 159
224 200 5 127
224 247 53 1038
224 253 34 474
224 279 46 123
225 12 37 211
225 88 25 987
225 102 29 804
225 119 53 1089
225 172 58 1153
225 210 10 978
225 216 13 790
225 228 41 1106
225 236 49 965
225 278 23 807
225 282 31 32
225 296 4 829
225 300 47 830
225 316 19 1172
225 318 43 178
226 32 50 263
226 34 59 315
226 41 29 120
226 42 2 1165
226 44 14 414
226 78 55 227
226 96 25 282
226 121 8 98
226 145 31 206
226 159 5 1032
226 182 37 957
226 186 45 435
226 199 23 113
226 257 43 85
226 294 19 326
227 28 1 823
227 53 7 176
227 66 37 1181
227 81 25 1007
227 82 32 523
227 83 4 1010
227 89 43 1000
227 93 13 880
227 145 19 830
227 176 59 509
227 200 29 1020
227 237 49 668
227 315 55 821
228 41 53 590
228 44 25 911
228 50 34 892
228 95 31 924
228 116 4 645
228 146 13 648
228 149 29 518
228 156 17 104
228 200 49 295
228 204 37 294
228 261 39 21
228 270 11 1186
228 292 47 991
228 297 19 660
228 307 1 788
229 1 40 1054
229 40 46 219
229 58 31 581
229 59 35 485
229 74 43 280
229 89 51 1000
229 97 5 214
229 136 13 642
229 142 55 478
229 176 17 47
229 231 37 824
229 253 1 440
229 266 19 582
229 293 7 903
229 298 11 395
230 42 17 652
230 62 20 275
230 80 3 1156
230 88 7 369
230 220 50 465
230 224 11 465
230 235 25 397
230 236 55 910
230 247 35 1129
230 253 28 731
230 258 43 358
230 276 37 445
230 279 14 485
230 291 31 804
230 320 41 1108
231 2 55 490
231 44 31 1110
231 69 49 63
231 80 7 911
231 82 1 1050
231 83 19 992
231 102 17 469
231 118 52 592
231 159 59 1032
231 213 11 840
231 242 13 182
231 255 43 381
231 264 23 340
231 288 25 1182
231 319 39 763
232 25 57 639
232 30 50 451
232 76 31 437
232 107 5 98
232 114 44 631
232 117 10 567
232 155 35 321
232 160 28 65
232 161 55 96
232 218 17 929
232 252 19 27
232 272 37 263
232 299 40 671
232 301 13 161
232 309 25 172
233 16 1 112
233 26 55 729
233 28 20 127
233 48 31 498
233 49 53 278
233 88 39 741
233 112 23 648
233 128 11 847
233 148 59 1173
233 189 43 108
233 206 5 455
233 208 49 697
233 240 25 86
233 289 16 184
234 28 43 1020
234 37 47 1198
234 77 39 87
234 93 13 821
234 133 49 447
234 139 2 858
234 190 28 709
234 227 31 1129
234 239 58 184
234 246 25 1023
234 248 22 138
234 292 7 142
234 302 19 210
234 319 9 218
235 4 46 333
235 8 23 685
235 48 40 1097
235 71 58 943
235 73 19 60
235 123 13 16
235 128 11 1123
235 148 53 1043
235 178 17 1162
235 224 7 411
235 245 35 893
235 262 1 655
235 269 26 1135
235 275 49 822
235 289 55 341
236 4 16 943
236 26 37 351
236 38 21 915
236 87 59 1145
236 115 43 854
236 136 7 182
236 158 13 548
236 195 29 1054
236 205 33 710
236 220 1 192
236 226 49 216
236 240 25 1111
236 316 55 659
237 11 19 192
237 33 59 227
237 46 41 493
237 67 29 61
237 103 5 381
237 112 35 960
237 140 49 85
237 147 11 856
237 157 53 474
237 208 1 511
237 218 23 463
237 219 43 793
237 264 56 315
237 270 16 1186
237 316 25 491
238 10 37 714
238 20 19 181
238 42 11 1034
238 62 43 490
238 109 49 1114
238 115 55 18
238 123 17 288
238 128 35 489
238 152 5 241
238 203 25 461
238 205 7 138
238 256 1 1004
238 268 41 195
238 291 31 414
238 316 13 975
239 4 27 714
239 11 49 643
239 26 13 106
239 32 44 534
239 51 19 1117
239 53 55 972
239 75 37 1068
239 132 53 378
239 133 40 843
239 215 31 1179
239 221 10 868
239 254 1 1138
239 257 22 149
239 299 7 547
240 3 55 480
240 9 37 118
240 41 41 742
240 87 35 694
240 94 47 264
240 145 1 575
240 164 23 452
240 184 10 984
240 215 25 1132
240 216 49 790
240 233 29 507
240 239 4 205
240 278 19 253
240 315 13 556
240 317 43 34
241 1 38 502
241 15 43 659
241 27 49 497
241 36 55 1033
241 45 31 729
241 58 7 453
241 116 1 599
241 148 5 278
241 179 53 1138
241 180 23 331
241 206 59 1113
241 268 19 168
241 285 25 978
241 287 13 1192
241 316 45 540
242 36 16 595
242 42 41 521
242 96 49 282
242 110 2 429
242 118 25 979
242 173 19 973
242 202 28 789
242 210 23 357
242 237 31 343
242 238 7 488
242 240 55 1111
242 249 9 366
242 260 46 485
242 312 52 157
242 319 37 704
243 6 58 195
243 13 35 458
243 20 31 599
243 31 41 918
243 38 49 1160
243 42 53 120
243 48 28 227
243 51 46 1193
243 82 1 798
243 122 13 283
243 194 43 1040
243 220 19 991
243 272 55 263
243 274 9 336
243 278 7 807
244 7 52 430
244 39 46 847
244 61 55 475
244 100 40 103
244 122 43 477
244 142 25 477
244 144 10 120
244 148 5 755
244 163 7 665
244 181 29 991
244 260 16 28
244 284 1 1157
244 286 22 764
244 308 59 351
244 312 49 891
245 39 1 45
245 84 27 867
245 91 25 904
245 94 47 704
245 98 22 1101
245 115 55 854
245 125 44 808
245 157 35 313
245 190 4 963
245 211 7 1184
245 253 19 474
245 258 13 735
245 270 51 250
245 294 37 926
245 314 31 321
246 12 13 308
246 61 9 481
246 76 25 92
246 94 35 38
246 157 29 48
246 178 22 261
246 182 51 957
246 185 19 591
246 227 1 1152
246 257 59 219
246 271 43 823
246 278 7 515
246 284 55 1037
246 285 37 161
246 303 5 531
247 27 31 195
247 46 41 1176
247 52 28 1174
247 69 49 285
247 82 25 1160
247 83 10 992
247 89 37 1000
247 102 35 804
247 162 14 577
247 172 7 1153
247 193 47 528
247 203 1 817
247 217 5 894
247 244 17 561
247 288 19 217
248 3 43 488
248 17 23 853
248 21 17 492
248 45 1 1194
248 52 52 873
248 59 5 616
248 95 28 473
248 101 31 820
248 106 11 248
248 153 7 43
248 157 35 48
248 168 25 49
248 256 56 1195
248 281 13 900
248 317 19 766
249 6 31 1068
249 11 37 66
249 23 5 413
249 34 11 378
249 37 17 660
249 46 2 641
249 51 19 984
249 68 35 651
249 134 49 344
249 142 43 891
249 146 26 1052
249 254 13 1138
249 285 7 918
249 316 56 975
250 90 13 590
250 99 31 638
250 114 25 137
250 127 19 344
250 142 9 599
250 147 35 65
250 155 39 206
250 156 44 104
250 185 1 979
250 270 4 1186
250 271 56 115
250 278 7 253
250 287 49 287
250 300 59 52
250 312 46 8
251 1 58 903
251 8 34 685
251 14 7 1088
251 39 19 1030
251 92 23 1162
251 101 13 925
251 115 49 854
251 153 25 468
251 175 28 115
251 182 37 16
251 192 55 149
251 201 3 717
251 223 16 75
251 229 1 790
251 264 11 188
252 7 19 1056
252 9 41 996
252 17 17 341
252 78 13 359
252 144 31 419
252 166 34 307
252 169 52 198
252 194 1 391
252 199 23 358
252 215 25 299
252 249 37 591
252 256 7 79
252 310 29 73
252 313 4 920
252 316 55 206
253 23 37 440
253 52 31 1034
253 116 19 638
253 117 22 310
253 137 39 820
253 139 25 991
253 142 13 355
253 146 7 167
253 166 58 1101
253 187 49 192
253 218 5 690
253 225 29 620
253 291 43 443
253 309 2 288
254 53 37 415
254 66 13 685
254 112 17 108
254 122 49 145
254 138 19 315
254 139 44 570
254 149 53 817
254 168 10 49
254 211 1 853
254 214 55 347
254 217 22 428
254 239 34 498
254 240 25 813
254 271 7 948
254 312 31 425
255 2 57 356
255 97 11 214
255 104 31 93
255 116 28 645
255 162 5 1125
255 166 44 741
255 180 35 331
255 197 1 445
255 198 13 831
255 200 17 127
255 205 49 1001
255 222 47 184
255 238 23 908
255 263 53 494
255 289 40 198
256 45 37 523
256 56 7 66
256 60 25 866
256 62 43 792
256 70 58 264
256 83 40 992
256 119 31 640
256 132 23 445
256 158 19 548
256 171 29 104
256 190 1 231
256 201 17 743
256 244 5 407
256 288 33 211
256 294 51 856
257 40 22 280
257 48 43 498
257 51 16 1165
257 73 55 703
257 76 7 752
257 104 5 832
257 159 19 342
257 167 47 1078
257 170 29 1001
257 181 31 552
257 196 34 43
257 253 38 65
257 284 49 1037
257 288 1 1089
257 304 59 727
258 5 29 1187
258 22 40 253
258 27 20 1144
258 37 47 380
258 87 53 694
258 106 5 526
258 221 10 402
258 223 35 359
258 246 16 318
258 247 13 148
258 266 56 1048
258 275 43 430
258 276 31 184
258 305 25 714
258 306 2 1192
259 10 1 152
259 46 11 1066
259 84 31 10
259 86 13 1033
259 108 19 1141
259 144 45 288
259 167 53 1078
259 182 49 394
259 186 55 916
259 198 40 354
259 226 25 216
259 227 7 847
259 246 37 943
259 300 5 335
259 303 17 975
260 24 43 1063
260 27 21 1105
260 48 4 227
260 52 50 1034
260 58 25 430
260 112 11 799
260 158 33 689
260 181 29 170
260 183 16 400
260 184 13 830
260 214 37 347
260 218 1 916
260 256 55 79
260 265 53 462
260 306 40 391
261 32 31 458
261 87 47 779
261 96 1 1068
261 98 7 246
261 164 43 394
261 190 49 309
261 216 37 159
261 242 19 176
261 253 52 731
261 275 55 113
261 291 26 1012
261 306 16 697
261 308 4 449
262 46 11 462
262 53 51 303
262 62 14 31
262 72 25 362
262 86 1 880
262 142 43 648
262 147 37 87
262 152 49 498
262 194 7 704
262 205 39 1128
262 209 19 525
262 223 31 588
262 239 55 21
262 243 59 23
262 296 33 170
263 9 23 118
263 31 59 918
263 41 1 462
263 58 49 1083
263 66 19 807
263 105 43 551
263 108 31 40
263 119 55 502
263 176 29 587
263 183 15 575
263 234 25 476
263 237 3 890
263 256 37 860
263 266 7 863
264 2 43 356
264 8 31 408
264 13 17 1128
264 76 49 437
264 91 23 904
264 98 33 937
264 139 13 390
264 167 29 623
264 170 39 250
264 182 7 957
264 186 19 285
264 200 11 961
264 267 5 170
264 299 59 366
264 301 25 817
265 51 19 1165
265 52 49 610
265 56 43 1011
265 65 55 1001
265 82 10 662
265 96 7 282
265 146 37 603
265 151 59 103
265 154 32 727
265 225 47 1105
265 256 14 79
265 257 5 743
265 297 25 437
265 319 1 704
266 20 37 449
266 26 8 321
266 66 31 807
266 72 49 362
266 94 5 1077
266 112 17 1116
266 131 19 129
266 149 59 76
266 190 22 793
266 230 55 641
266 237 43 668
266 241 35 375
266 254 1 799
266 263 47 908
266 290 28 948
267 35 4 402
267 68 53 490
267 71 13 400
267 87 11 546
267 89 19 1000
267 102 23 248
267 145 7 575
267 148 1 1043
267 153 55 106
267 160 25 728
267 194 32 412
267 262 43 655
267 271 37 72
267 278 47 915
267 286 16 927
268 18 43 135
268 23 59 658
268 57 7 294
268 68 35 490
268 98 1 1146
268 126 25 145
268 157 19 873
268 175 41 528
268 214 4 1178
268 229 23 60
268 243 17 529
268 257 47 743
268 260 55 33
268 284 50 111
268 298 29 1108
269 8 53 489
269 13 28 250
269 20 57 960
269 56 49 366
269 91 10 665
269 99 22 937
269 132 31 767
269 144 19 120
269 185 7 855
269 213 13 582
269 216 37 196
269 217 5 1167
269 222 55 639
269 235 34 401
269 271 43 329
270 41 47 590
270 44 13 660
270 92 37 394
270 94 35 576
270 99 1 571
270 116 31 682
270 121 39 98
270 158 55 939
270 163 4 737
270 172 28 889
270 187 19 72
270 190 58 45
270 192 50 149
270 203 7 84
270 205 43 215
271 20 49 360
271 46 53 355
271 55 14 109
271 75 20 213
271 91 41 141
271 110 31 340
271 119 35 502
271 145 28 830
271 172 43 84
271 240 55 155
271 246 2 945
271 254 37 195
271 280 46 1077
271 284 7 1037
271 308 17 738
272 4 55 333
272 59 53 485
272 78 25 359
272 125 43 310
272 157 41 710
272 187 49 729
272 192 46 1040
272 194 13 389
272 221 37 402
272 228 3 1111
272 235 34 11
272 243 17 1138
272 269 7 1135
272 270 5 854
272 304 59 401
273 16 43 112
273 51 25 551
273 61 38 171
273 115 9 547
273 135 55 223
273 137 13 866
273 150 29 184
273 180 7 331
273 184 49 340
273 190 52 1187
273 226 31 216
273 242 1 660
273 244 5 984
273 275 19 104
273 280 58 490
274 2 52 309
274 21 49 492
274 49 41 137
274 58 31 453
274 68 10 92
274 138 16 295
274 157 23 450
274 162 43 50
274 166 7 1101
274 185 28 1085
274 206 47 585
274 249 19 552
274 251 13 943
274 295 55 103
274 304 5 863
275 18 55 232
275 52 52 610
275 68 47 490
275 99 43 1054
275 109 7 1114
275 122 34 671
275 130 25 608
275 135 2 215
275 148 29 106
275 163 49 1134
275 181 41 662
275 216 37 742
275 288 20 783
275 295 13 652
275 300 17 52
276 82 22 1160
276 84 3 814
276 90 7 14
276 105 31 551
276 142 49 545
276 167 35 577
276 176 53 402
276 197 40 978
276 221 13 727
276 251 37 487
276 260 28 329
276 274 58 1028
276 288 43 669
276 306 19 988
277 13 53 552
277 91 55 123
277 92 29 139
277 98 31 1101
277 150 41 689
277 155 23 206
277 161 17 973
277 195 7 366
277 202 35 789
277 226 19 11
277 251 49 997
277 253 43 474
277 257 25 1198
277 270 37 250
277 306 57 697
278 73 37 996
278 102 17 679
278 113 43 1182
278 121 10 822
278 136 32 1128
278 152 53 236
278 197 19 918
278 199 13 592
278 224 23 182
278 230 7 552
278 239 25 1172
278 282 59 415
278 288 49 754
278 290 2 1095
278 315 55 27
279 7 5 430
279 46 29 356
279 82 14 798
279 124 25 903
279 144 10 216
279 170 17 1001
279 171 1 104
279 174 50 59
279 188 46 912
279 197 22 1028
279 220 31 991
279 225 3 1105
279 250 43 145
279 281 55 1128
279 284 37 111
280 49 35 1192
280 83 31 463
280 101 37 812
280 130 46 351
280 132 29 112
280 137 19 754
280 165 15 1050
280 171 9 104
280 173 50 525
280 181 5 94
280 188 25 1140
280 211 1 176
280 275 55 285
280 289 40 184
280 311 17 741
281 17 29 1129
281 29 35 595
281 92 1 139
281 114 45 137
281 165 4 338
281 182 19 1089
281 204 49 273
281 234 13 476
281 250 10 787
281 255 25 307
281 257 41 872
281 269 55 789
281 270 31 250
281 279 37 157
281 309 7 288
282 2 13 558
282 5 23 211
282 15 3 659
282 44 37 561
282 47 7 1048
282 53 49 16
282 118 31 657
282 138 25 315
282 140 43 587
282 169 28 667
282 187 55 763
282 202 41 575
282 242 19 410
282 246 16 369
283 13 47 1049
283 16 37 380
283 49 5 837
283 101 44 820
283 132 11 445
283 135 22 215
283 143 28 458
283 153 50 714
283 215 55 868
283 233 59 259
283 241 53 992
283 273 7 245
283 275 31 48
283 302 16 714
283 316 1 1139
284 1 22 489
284 56 55 1161
284 81 33 1108
284 97 31 289
284 116 19 703
284 119 39 1089
284 136 51 642
284 160 1 808
284 166 43 307
284 177 7 1145
284 193 29 706
284 199 47 358
284 237 13 730
284 264 49 188
284 298 59 1194
285 2 22 490
285 8 17 487
285 23 5 440
285 77 7 493
285 81 38 1146
285 85 59 813
285 91 29 141
285 98 10 1101
285 125 49 907
285 186 1 435
285 250 52 894
285 270 43 213
285 279 34 123
285 294 55 926
285 320 47 437
286 17 59 283
286 21 29 492
286 91 35 141
286 116 31 703
286 127 25 413
286 143 52 176
286 172 7 74
286 181 49 190
286 188 37 354
286 206 13 1113
286 220 55 465
286 267 46 170
286 288 19 685
286 290 15 183
286 320 40 190
287 8 50 685
287 24 39 908
287 36 52 148
287 41 59 1111
287 64 23 892
287 86 19 73
287 202 7 371
287 214 55 582
287 223 29 135
287 243 47 597
287 262 25 735
287 267 31 170
287 277 1 793
287 310 17 1071
287 318 35 642
288 25 1 734
288 30 55 451
288 32 51 397
288 58 15 1056
288 59 31 616
288 61 25 481
288 63 38 349
288 69 22 382
288 78 7 1121
288 176 59 170
288 223 49 588
288 231 41 287
288 243 35 652
288 280 46 1174
288 306 19 485
289 31 43 925
289 54 17 181
289 72 31 362
289 109 55 992
289 110 19 340
289 132 47 18
289 144 26 798
289 187 7 1045
289 193 23 524
289 196 40 841
289 233 4 365
289 250 37 556
289 263 59 836
289 287 13 663
289 292 1 142
290 12 25 308
290 23 52 866
290 45 49 523
290 144 19 755
290 181 59 1030
290 190 40 1186
290 202 1 668
290 203 7 808
290 209 45 525
290 284 3 1037
290 287 15 807
290 289 37 992
290 292 13 468
290 296 56 359
290 311 11 349
291 4 52 288
291 6 31 278
291 41 49 1000
291 73 26 661
291 94 11 391
291 101 45 925
291 111 40 792
291 198 22 354
291 230 1 779
291 231 35 824
291 232 15 1043
291 267 5 60
291 277 37 154
291 279 19 854
291 320 59 344
292 26 37 227
292 42 17 521
292 46 11 45
292 57 7 1033
292 77 46 47
292 117 13 327
292 119 5 640
292 160 19 728
292 192 1 667
292 203 31 25
292 237 55 730
292 252 25 1123
292 265 41 645
292 272 52 689
293 2 1 891
293 7 17 1082
293 52 34 1034
293 73 45 824
293 100 49 103
293 168 13 318
293 188 31 627
293 195 41 965
293 212 25 1009
293 218 29 711
293 266 20 1157
293 270 57 281
293 274 11 843
293 291 37 1132
293 313 52 853
294 7 49 1150
294 24 25 1063
294 72 37 95
294 105 13 408
294 126 43 1200
294 130 10 608
294 139 2 1071
294 153 7 544
294 194 55 391
294 207 17 111
294 269 20 1135
294 272 58 263
294 292 52 118
294 317 31 880
295 34 47 1135
295 60 55 458
295 65 37 1001
295 84 43 200
295 103 23 173
295 120 11 390
295 121 49 556
295 154 7 487
295 172 20 975
295 187 13 113
295 204 25 592
295 224 41 553
295 240 31 891
295 242 27 410
295 281 1 900
296 15 7 745
296 26 2 936
296 32 49 389
296 55 34 96
296 79 25 1192
296 128 29 1106
296 142 55 157
296 144 22 120
296 154 38 382
296 193 53 283
296 215 43 299
296 217 17 285
296 234 9 627
296 256 13 1195
296 309 19 704
297 38 34 1037
297 48 40 599
297 59 23 1033
297 68 25 411
297 145 43 449
297 191 11 1156
297 195 17 440
297 197 37 978
297 231 1 824
297 236 19 980
297 264 8 340
297 269 3 1135
297 273 55 351
297 293 13 767
297 308 47 790
298 8 55 685
298 33 53 362
298 45 16 729
298 48 25 1174
298 51 13 1165
298 100 28 103
298 153 1 420
298 156 22 479
298 158 37 939
298 168 31 49
298 207 59 1156
298 272 40 355
298 289 46 45
298 297 49 1002
298 307 10 397
299 38 37 1037
299 86 7 792
299 87 11 792
299 138 4 295
299 187 51 587
299 235 16 401
299 250 13 145
299 267 35 896
299 273 25 178
299 276 19 798
299 279 55 540
299 292 41 118
299 297 31 449
299 302 58 176
299 307 1 109
300 15 23 745
300 62 43 718
300 64 17 657
300 72 25 531
300 110 19 950
300 128 35 704
300 143 1 1023
300 154 13 583
300 157 11 80
300 165 47 1050
300 186 7 435
300 189 40 108
300 292 29 192
300 297 49 667
300 312 4 599
301 39 56 841
301 44 49 414
301 66 1 685
301 96 26 331
301 101 22 820
301 135 39 474
301 145 16 830
301 152 29 498
301 165 5 1181
301 205 31 782
301 213 37 1134
301 214 46 387
301 235 13 397
301 281 7 1073
301 302 19 1160
302 1 25 20
302 62 56 511
302 64 23 444
302 76 13 545
302 126 19 782
302 146 1 321
302 155 35 858
302 179 31 655
302 198 7 315
302 206 17 455
302 241 11 275
302 260 43 485
302 268 41 18
302 290 49 1095
302 313 52 1124
303 1 37 489
303 45 16 416
303 49 35 837
303 67 53 1007
303 110 7 25
303 138 31 979
303 167 23 249
303 178 44 261
303 209 19 131
303 215 56 1132
303 228 4 1097
303 262 25 241
303 267 11 1195
303 271 1 329
303 302 13 223
304 27 31 1105
304 32 19 711
304 44 1 997
304 55 25 854
304 140 7 85
304 150 29 735
304 164 40 1011
304 192 56 1040
304 200 17 218
304 210 15 1068
304 226 49 514
304 257 59 872
304 268 47 1000
304 283 43 907
304 308 53 80
305 4 7 1020
305 13 59 303
305 55 55 218
305 103 1 173
305 133 28 502
305 147 35 856
305 155 11 642
305 169 16 564
305 181 41 371
305 250 25 717
305 253 52 380
305 256 20 79
305 268 49 210
305 297 3 978
305 300 47 335
306 34 45 515
306 66 55 177
306 79 40 1002
306 84 13 613
306 104 11 697
306 128 5 1123
306 131 19 378
306 138 2 315
306 151 35 415
306 153 31 714
306 167 29 799
306 205 25 215
306 251 22 163
306 287 7 249
306 299 47 788
307 23 35 241
307 39 46 1178
307 47 19 1032
307 84 49 686
307 93 13 399
307 117 25 548
307 137 37 509
307 142 1 355
307 184 43 151
307 186 57 178
307 202 11 668
307 226 7 1152
307 251 28 943
307 271 31 823
307 282 53 417
308 2 37 244
308 21 45 492
308 25 51 1071
308 63 16 1176
308 87 23 546
308 91 47 904
308 98 40 799
308 122 55 95
308 131 31 889
308 178 59 1033
308 219 25 463
308 226 1 127
308 238 35 387
308 256 19 576
308 305 11 309
309 5 46 1097
309 23 35 440
309 34 52 793
309 35 17 38
309 77 3 1012
309 95 43 1155
309 117 56 310
309 143 28 259
309 160 13 166
309 161 11 327
309 272 40 1028
309 279 22 787
309 284 7 886
309 290 32 1095
309 313 37 207
310 9 5 996
310 15 43 1082
310 24 7 1199
310 40 50 219
310 49 47 278
310 51 34 1117
310 58 55 453
310 94 11 935
310 115 1 867
310 165 19 338
310 208 21 743
310 216 25 790
310 235 14 217
310 263 53 908
310 313 31 1124
311 11 43 901
311 55 13 184
311 74 39 280
311 82 16 221
311 107 23 896
311 114 49 137
311 145 1 369
311 225 53 620
311 236 33 208
311 238 29 59
311 250 7 787
311 252 56 528
311 261 19 24
311 277 4 793
311 317 25 390
312 26 49 227
312 69 7 709
312 73 31 661
312 76 1 437
312 150 17 689
312 157 25 33
312 173 27 66
312 210 23 627
312 229 35 1175
312 243 11 23
312 254 37 1138
312 259 43 16
312 272 58 689
312 282 41 417
312 310 47 497
313 57 43 294
313 60 7 590
313 82 58 360
313 95 31 493
313 125 37 378
313 139 25 27
313 172 1 74
313 211 13 1184
313 237 19 668
313 265 53 399
313 289 55 1150
313 292 49 118
313 307 40 736
313 309 34 667
314 4 31 333
314 7 17 633
314 50 34 394
314 59 41 1195
314 86 1 375
314 100 19 103
314 194 22 704
314 196 25 737
314 211 55 1184
314 215 37 11
314 252 13 551
314 253 10 202
314 260 28 974
314 279 7 307
314 315 43 272
315 11 49 139
315 29 5 595
315 72 19 95
315 121 46 338
315 145 16 206
315 160 56 915
315 169 37 198
315 219 31 718
315 233 23 507
315 238 11 475
315 249 25 552
315 292 59 468
315 305 29 707
315 310 35 159
315 315 7 556
316 19 53 342
316 32 57 66
316 34 17 863
316 36 4 148
316 55 19 273
316 76 25 127
316 81 43 28
316 87 35 546
316 100 13 588
316 154 7 583
316 158 1 548
316 264 11 25
316 278 29 807
316 282 22 250
316 305 41 714
317 32 44 355
317 104 11 987
317 111 55 544
317 195 13 333
317 208 26 680
317 214 52 280
317 238 3 488
317 250 16 470
317 269 31 1135
317 280 19 1174
317 281 7 147
317 306 58 391
317 311 23 943
317 315 37 453
318 47 19 1048
318 55 10 74
318 75 43 382
318 89 38 226
318 95 7 513
318 127 57 96
318 152 53 626
318 198 25 721
318 203 49 526
318 224 47 221
318 256 32 860
318 263 17 226
318 266 13 487
318 291 2 505
319 11 25 1054
319 44 43 236
319 69 58 362
319 78 49 152
319 84 1 417
319 138 22 988
319 147 55 308
319 167 19 1186
319 183 37 238
319 232 7 1108
319 241 11 1030
319 269 15 553
319 280 40 540
319 295 33 603
320 1 7 1044
320 10 44 935
320 17 11 813
320 61 25 171
320 77 16 87
320 111 22 712
320 124 49 93
320 171 5 263
320 177 1 1052
320 191 58 87
320 224 55 182
320 250 37 891
320 262 32 735
320 289 19 341
320 292 13 957
321 21 29 276
321 58 8 430
321 64 59 817
321 65 55 494
321 66 31 1181
321 90 49 590
321 153 43 43
321 158 22 548
321 159 41 1032
321 242 37 400
321 268 19 66
321 288 13 731
321 293 1 175
321 319 25 80
322 63 4 428
322 82 31 1050
322 105 10 551
322 133 1 502
322 135 34 829
322 151 49 415
322 154 25 583
322 157 7 474
322 164 37 264
322 168 13 490
322 189 39 1162
322 194 43 544
322 236 19 815
322 241 47 1176
322 302 16 210
323 56 20 1161
323 105 16 408
323 120 29 491
323 124 50 903
323 146 25 321
323 154 57 1176
323 173 31 973
323 178 11 1095
323 217 55 1052
323 262 37 241
323 269 7 813
323 271 1 948
323 283 46 147
323 305 35 910
323 306 4 1188
324 20 55 127
324 114 37 141
324 134 2 371
324 135 7 785
324 139 19 390
324 158 43 571
324 193 53 524
324 198 28 315
324 204 17 294
324 233 49 507
324 242 31 410
324 294 13 896
324 312 10 494
325 22 9 1056
325 23 17 835
325 51 28 849
325 60 43 590
325 68 4 25
325 110 49 25
325 165 7 1050
325 174 56 59
325 202 47 789
325 212 13 534
325 259 19 336
325 272 1 970
325 274 35 1198
325 301 38 817
325 304 23 561
326 34 23 867
326 45 40 523
326 124 1 707
326 136 7 462
326 192 37 1040
326 207 29 821
326 239 16 375
326 246 19 1170
326 257 59 1198
326 261 31 1187
326 262 49 655
326 281 25 1134
326 289 46 198
326 308 55 790
326 320 11 437
327 27 26 542
327 38 16 742
327 39 10 892
327 59 4 397
327 70 50 264
327 79 43 45
327 83 7 384
327 93 20 694
327 120 37 74
327 130 1 932
327 235 33 1026
327 305 41 420
327 312 55 273
328 1 34 1111
328 4 10 929
328 12 13 443
328 16 43 313
328 25 55 1071
328 40 19 280
328 139 25 1071
328 143 7 351
328 179 41 951
328 230 49 308
328 270 3 854
328 276 37 1165
328 298 59 707
328 305 53 789
328 312 22 891
329 59 49 886
329 62 43 562
329 63 7 93
329 72 13 95
329 82 55 837
329 87 47 546
329 100 40 546
329 116 4 735
329 131 58 349
329 141 25 218
329 164 21 452
329 169 52 888
329 180 1 993
329 226 31 1152
329 280 10 581
330 20 13 449
330 29 31 95
330 84 43 1073
330 96 10 282
330 103 29 633
330 105 49 452
330 122 19 382
330 145 55 369
330 179 17 951
330 204 25 1056
330 221 22 402
330 227 1 666
330 249 33 552
330 279 52 753
330 293 38 529
331 29 23 798
331 83 34 1139
331 94 47 576
331 151 53 835
331 178 16 1026
331 186 49 435
331 188 1 804
331 210 19 978
331 234 7 476
331 251 31 706
331 260 40 485
331 284 25 1037
331 293 43 974
331 298 29 488
331 303 59 932
332 23 5 511
332 36 13 1178
332 41 23 752
332 50 55 394
332 73 26 703
332 78 19 152
332 101 16 820
332 152 11 1000
332 188 40 32
332 218 59 916
332 242 7 32
332 274 47 980
332 290 1 183
332 301 32 788
332 317 43 480
333 13 29 552
333 52 40 1174
333 57 1 1054
333 64 47 455
333 71 22 829
333 176 57 52
333 194 19 123
333 196 49 1030
333 198 52 425
333 205 25 1001
333 208 33 511
333 233 37 1028
333 236 13 1162
333 252 7 1123
333 291 43 1032
334 9 39 118
334 69 1 431
334 75 14 855
334 110 32 1116
334 146 49 321
334 172 43 74
334 173 7 973
334 181 53 763
334 184 27 873
334 188 19 337
334 199 25 1043
334 235 4 1026
334 282 47 853
334 284 55 832
334 313 22 1124
335 16 25 288
335 59 59 1008
335 78 37 200
335 110 55 950
335 117 10 1178
335 118 21 571
335 127 13 608
335 144 52 951
335 163 7 582
335 188 34 354
335 226 1 416
335 233 46 507
335 272 43 220
335 286 31 728
336 32 33 397
336 60 43 461
336 109 55 94
336 111 16 509
336 122 49 1077
336 123 47 817
336 165 28 1050
336 171 19 916
336 178 31 1026
336 183 9 1080
336 213 4 1140
336 233 39 507
336 250 52 1162
336 264 7 188
336 283 22 147
337 22 32 253
337 37 23 608
337 70 44 671
337 87 59 546
337 103 9 173
337 122 15 1106
337 174 1 1030
337 196 52 1030
337 208 55 900
337 235 49 1026
337 247 39 121
337 272 19 970
337 300 13 52
337 301 25 306
338 11 31 485
338 16 38 1200
338 36 4 283
338 134 13 792
338 143 25 532
338 144 1 216
338 152 23 236
338 153 19 43
338 168 7 49
338 179 35 903
338 201 10 641
338 224 59 470
338 237 55 343
338 241 49 150
338 254 43 585
339 18 19 61
339 36 43 412
339 59 59 886
339 60 31 314
339 62 7 235
339 113 1 1193
339 208 14 680
339 232 49 1108
339 246 46 1043
339 251 55 943
339 258 37 221
339 281 25 900
340 19 23 1172
340 24 13 1063
340 37 29 1198
340 154 44 745
340 162 8 115
340 192 31 919
340 199 53 540
340 208 49 892
340 251 37 1038
340 256 25 1195
340 279 1 912
340 289 40 487
340 317 55 34
340 318 35 900
341 25 13 131
341 26 25 588
341 28 49 853
341 92 59 480
341 105 19 542
341 144 31 120
341 147 11 65
341 149 41 518
341 150 29 689
341 162 17 115
341 187 43 235
341 199 5 113
341 209 37 689
341 260 7 416
341 299 47 529
342 11 13 1083
342 81 25 8
342 95 55 924
342 125 46 1169
342 127 9 690
342 138 58 1199
342 159 7 829
342 173 31 623
342 202 17 668
342 229 29 296
342 254 49 1138
342 261 37 872
342 275 21 66
342 289 2 198
342 310 41 183
343 13 26 250
343 25 39 738
343 27 1 919
343 36 43 924
343 108 49 987
343 119 23 502
343 153 28 468
343 154 55 631
343 181 11 911
343 202 53 575
343 208 13 743
343 214 46 327
343 230 19 1171
343 259 31 592
343 294 7 926
344 9 37 217
344 14 7 706
344 19 47 299
344 23 11 220
344 35 35 680
344 43 19 178
344 58 3 1083
344 90 13 929
344 102 41 804
344 107 17 380
344 123 53 583
344 152 23 498
344 171 25 104
344 175 1 1069
344 245 59 10
345 11 49 226
345 95 1 365
345 134 25 344
345 151 35 1010
345 176 53 470
345 177 19 1145
345 191 4 87
345 193 23 196
345 203 31 556
345 211 55 1175
345 212 13 1009
345 225 41 926
345 232 43 855
345 258 8 221
345 275 37 564
346 5 40 397
346 8 47 685
346 48 7 227
346 49 43 137
346 88 19 831
346 90 1 589
346 99 16 1048
346 123 5 378
346 128 53 847
346 172 31 1153
346 214 25 582
346 218 35 131
346 228 37 401
346 229 29 1175
346 297 49 990
347 1 40 489
347 22 37 685
347 47 1 620
347 56 7 810
347 79 43 254
347 130 51 608
347 135 19 215
347 152 23 626
347 173 25 973
347 237 31 571
347 238 47 648
347 263 29 988
347 282 11 415
347 295 56 603
347 315 13 429
348 4 7 463
348 51 1 554
348 55 37 477
348 93 25 399
348 96 45 282
348 99 4 571
348 155 41 858
348 162 59 1146
348 167 23 577
348 205 49 489
348 215 55 474
348 221 19 868
348 255 13 86
348 305 11 1009
348 315 31 27
349 2 46 356
349 5 7 481
349 7 53 1141
349 39 22 841
349 59 59 397
349 65 1 520
349 90 25 699
349 107 17 661
349 164 29 823
349 196 55 1101
349 210 41 80
349 247 35 475
349 282 11 810
349 289 37 470
349 297 49 660
350 10 43 685
350 31 35 63
350 37 59 925
350 46 53 641
350 62 39 562
350 73 13 824
350 89 25 1000
350 109 1 992
350 114 49 141
350 138 55 1141
350 167 47 249
350 168 7 726
350 222 37 109
350 258 19 358
350 313 10 1061
351 1 13 20
351 13 5 552
351 45 37 434
351 101 19 1134
351 102 7 469
351 133 40 731
351 172 22 1153
351 210 25 52
351 254 9 412
351 260 50 347
351 268 17 18
351 275 1 184
351 289 27 76
351 300 31 335
351 305 47 910
352 27 50 1144
352 37 5 919
352 57 32 294
352 59 11 485
352 73 19 824
352 86 13 1173
352 94 38 1077
352 153 46 87
352 168 28 836
352 192 40 8
352 203 55 415
352 243 23 23
352 258 1 358
352 262 7 354
353 21 21 492
353 67 49 587
353 84 55 1135
353 151 59 497
353 153 46 449
353 193 31 540
353 214 43 387
353 252 13 1169
353 263 53 893
353 270 41 215
353 274 9 980
353 280 34 1169
353 282 29 417
353 294 37 856
353 302 4 714
354 8 11 489
354 17 17 131
354 18 55 250
354 22 34 797
354 46 43 400
354 50 13 394
354 61 39 201
354 69 1 54
354 118 31 932
354 136 25 68
354 199 53 268
354 233 29 93
354 241 49 303
354 288 7 669
354 300 23 52
355 10 25 106
355 18 13 360
355 31 41 1000
355 42 59 840
355 43 19 632
355 44 49 236
355 95 31 829
355 171 35 812
355 226 7 127
355 230 1 308
355 233 53 343
355 280 46 415
355 308 17 880
355 310 37 975
355 316 55 491
356 6 37 1117
356 93 31 665
356 95 7 920
356 156 23 1164
356 184 51 168
356 205 2 1001
356 206 19 585
356 207 29 870
356 244 11 407
356 257 41 219
356 276 13 47
356 294 43 1167
356 296 58 106
356 302 26 210
356 307 55 736
357 12 49 290
357 21 5 492
357 31 31 63
357 36 7 505
357 56 45 645
357 82 10 883
357 90 13 1198
357 97 3 492
357 166 55 741
357 167 1 577
357 174 20 59
357 223 59 763
357 227 25 1129
357 302 33 32
357 315 37 493
358 21 19 492
358 22 43 738
358 35 17 402
358 47 49 385
358 120 41 531
358 125 22 591
358 141 37 142
358 195 5 965
358 201 11 717
358 205 13 215
358 207 35 343
358 211 7 633
358 279 46 399
358 290 25 948
358 296 58 588
359 4 51 821
359 7 17 931
359 31 49 50
359 63 13 93
359 77 10 493
359 128 47 978
359 132 5 18
359 176 43 52
359 188 28 800
359 212 57 1108
359 233 41 507
359 254 1 564
359 288 31 731
359 294 19 532
359 319 37 893
360 1 25 558
360 22 28 671
360 78 37 883
360 84 19 10
360 97 23 1037
360 99 31 1048
360 129 34 1132
360 139 56 570
360 151 47 1010
360 214 7 651
360 236 13 66
360 255 43 217
360 278 3 253
360 319 51 595
361 6 28 278
361 18 8 1140
361 36 43 96
361 68 5 89
361 98 46 799
361 106 52 401
361 121 40 822
361 164 26 886
361 187 56 428
361 203 32 1004
361 231 1 1141
361 265 3 48
361 280 22 1169
361 297 13 290
362 2 34 244
362 6 37 558
362 13 29 1176
362 29 41 1063
362 65 7 214
362 69 58 1114
362 99 31 382
362 151 53 554
362 179 49 1071
362 183 14 529
362 203 19 1188
362 220 25 988
362 245 23 1111
362 256 2 79
362 268 11 860
363 3 1 907
363 17 37 447
363 28 16 702
363 30 7 451
363 94 41 576
363 147 11 943
363 191 29 951
363 192 34 919
363 212 25 1164
363 242 43 32
363 254 50 585
363 276 20 184
363 277 13 509
363 282 5 415
363 319 55 711
364 12 19 1128
364 26 55 647
364 39 4 524
364 57 49 1176
364 118 8 1077
364 128 23 1128
364 129 1 1132
364 145 28 1145
364 163 25 1157
364 173 37 973
364 179 41 903
364 187 31 589
364 235 13 1026
364 265 16 171
364 317 43 766
365 17 47 518
365 36 4 290
365 59 17 1008
365 75 20 113
365 99 49 1135
365 107 29 287
365 116 1 645
365 143 34 1145
365 162 38 766
365 166 31 741
365 181 11 1078
365 187 25 235
365 203 43 10
365 220 55 371
365 225 41 1105
366 25 43 694
366 26 7 936
366 44 26 236
366 59 59 616
366 77 52 289
366 109 19 94
366 135 37 132
366 144 1 755
366 151 35 390
366 174 31 910
366 224 41 542
366 240 13 1177
366 244 11 1108
366 245 17 360
366 319 55 704
367 6 46 658
367 9 17 996
367 13 11 1128
367 63 13 210
367 110 25 429
367 115 20 1008
367 128 59 410
367 130 52 836
367 141 43 218
367 146 31 648
367 161 35 583
367 164 41 394
367 233 5 343
367 255 1 324
367 297 55 521
368 4 34 333
368 14 7 18
368 22 58 1179
368 32 49 546
368 84 38 613
368 88 20 347
368 96 55 282
368 125 3 795
368 142 25 493
368 177 31 1145
368 179 11 1114
368 202 29 668
368 216 43 790
368 224 47 465
368 284 14 398
369 53 25 581
369 59 35 362
369 114 43 141
369 130 19 932
369 162 53 1125
369 170 9 401
369 171 59 177
369 177 13 988
369 182 2 1119
369 196 37 76
369 201 40 641
369 239 55 168
369 240 31 696
369 262 49 735
369 311 7 741
370 51 14 1193
370 106 17 907
370 115 55 547
370 157 47 33
370 159 29 1032
370 180 25 1153
370 182 32 957
370 216 20 616
370 249 49 470
370 262 37 735
370 278 9 253
370 285 43 248
370 287 1 5
370 305 53 707
371 8 59 973
371 42 17 80
371 54 35 488
371 90 7 477
371 116 51 682
371 119 46 502
371 140 31 155
371 160 39 813
371 195 11 965
371 208 55 680
371 243 37 23
371 260 1 33
371 267 29 289
371 281 13 108
371 317 19 259
372 17 17 447
372 22 39 288
372 28 25 10
372 69 7 382
372 84 32 1073
372 87 53 546
372 104 29 127
372 129 13 1132
372 170 49 14
372 176 37 682
372 199 10 901
372 207 59 1011
372 215 19 1132
372 249 1 366
372 313 43 1002
373 41 29 590
373 46 35 1000
373 66 43 431
373 90 19 665
373 109 25 1114
373 130 40 1049
373 131 37 40
373 148 23 1043
373 152 14 241
373 171 3 104
373 206 9 1113
373 274 5 198
373 279 31 307
373 301 56 306
374 33 46 567
374 83 4 607
374 91 17 141
374 146 31 755
374 154 19 727
374 159 41 342
374 172 43 92
374 193 59 823
374 215 13 474
374 276 27 253
374 298 35 763
374 308 23 880
374 309 1 349
374 319 49 80
374 320 11 657
375 19 11 610
375 23 37 413
375 72 2 151
375 78 31 1174
375 183 58 400
375 212 25 206
375 223 17 172
375 236 7 318
375 261 19 554
375 268 29 860
375 269 49 690
375 278 23 1048
375 305 35 303
375 307 40 788
375 319 44 80
376 34 50 515
376 64 17 444
376 87 59 314
376 106 29 401
376 111 2 642
376 116 10 38
376 169 37 888
376 181 55 356
376 204 7 1056
376 232 19 411
376 274 23 980
376 287 25 663
376 304 41 997
376 314 31 1160
376 320 47 858
377 5 23 309
377 13 13 1049
377 31 41 214
377 63 43 72
377 73 25 34
377 76 55 378
377 118 46 571
377 124 37 903
377 133 1 163
377 153 10 43
377 227 51 24
377 241 17 542
377 262 19 735
377 292 4 118
377 307 31 109
378 35 29 38
378 43 1 342
378 47 57 620
378 102 53 697
378 108 25 591
378 121 16 473
378 164 9 823
378 169 31 84
378 190 13 1069
378 200 35 755
378 204 11 294
378 214 37 785
378 241 47 929
378 242 19 974
378 287 49 173
379 1 40 1111
379 15 2 648
379 31 47 1011
379 47 13 123
379 71 31 751
379 72 7 362
379 84 27 25
379 97 25 289
379 169 52 313
379 189 44 231
379 226 21 697
379 236 55 245
379 244 17 984
379 280 49 72
379 303 59 85
380 1 13 367
380 8 58 685
380 10 19 1110
380 29 11 798
380 47 7 123
380 176 55 52
380 207 53 788
380 247 28 1038
380 257 47 872
380 276 31 200
380 278 17 1192
380 279 40 873
380 288 1 367
380 308 35 738
380 313 25 108
381 19 13 717
381 78 25 620
381 79 34 709
381 130 43 415
381 151 41 390
381 152 19 697
381 159 17 344
381 169 50 1171
381 205 37 215
381 235 56 401
381 262 21 241
381 282 11 417
381 292 46 468
381 304 59 754
381 318 53 900
382 81 13 872
382 98 43 799
382 99 25 787
382 158 4 548
382 160 34 915
382 163 31 68
382 208 8 815
382 235 1 1026
382 236 37 208
382 262 55 735
382 279 28 123
382 284 49 1164
382 308 47 880
382 315 19 244
383 25 7 694
383 61 20 201
383 62 45 275
383 73 55 996
383 110 25 951
383 120 17 74
383 168 37 843
383 178 11 639
383 188 31 295
383 259 1 742
383 260 34 215
383 265 13 48
383 268 41 66
383 292 5 957
383 293 49 299
384 61 37 466
384 83 13 296
384 120 23 491
384 136 55 642
384 159 5 545
384 175 17 399
384 193 35 524
384 198 45 400
384 208 49 43
384 220 31 988
384 255 19 789
384 273 7 1030
384 284 1 1164
384 293 25 937
385 46 11 1176
385 74 1 1082
385 85 59 1161
385 86 31 633
385 107 5 868
385 136 43 642
385 142 55 477
385 174 13 502
385 204 17 592
385 227 19 28
385 256 25 773
385 257 9 309
385 274 7 980
385 284 49 147
385 307 39 109
386 22 43 662
386 29 58 595
386 88 25 369
386 115 7 870
386 125 31 795
386 130 40 331
386 139 20 1071
386 179 29 79
386 184 49 873
386 196 46 14
386 200 35 94
386 227 2 1129
386 263 37 231
386 278 16 253
386 309 13 425
387 9 55 118
387 71 37 721
387 79 52 1069
387 99 46 937
387 105 4 408
387 123 59 414
387 137 26 754
387 167 35 178
387 174 19 736
387 181 17 821
387 191 11 177
387 196 1 631
387 302 49 176
387 311 23 1182
387 313 40 395
388 8 29 685
388 9 23 812
388 31 58 548
388 41 41 912
388 50 34 545
388 65 43 214
388 89 49 1044
388 136 19 437
388 144 37 951
388 179 5 1114
388 218 10 389
388 220 15 150
388 286 2 728
388 298 53 1194
388 311 13 741
389 25 15 694
389 27 55 919
389 48 25 1097
389 79 28 45
389 100 37 103
389 110 7 1116
389 116 34 645
389 190 40 1140
389 205 49 215
389 212 19 1139
389 221 31 1194
389 256 43 79
389 319 1 80
390 65 25 214
390 154 43 583
390 190 7 534
390 202 1 910
390 205 19 1007
390 216 13 25
390 237 50 730
390 240 39 447
390 251 34 997
390 253 10 1012
390 265 23 699
390 276 55 1082
390 283 31 907
390 287 3 709
391 17 13 853
391 22 22 755
391 43 15 582
391 102 47 804
391 123 11 753
391 132 3 190
391 158 49 121
391 162 52 50
391 170 55 951
391 210 27 52
391 233 5 259
391 241 35 648
391 261 7 872
391 297 37 1171
391 306 19 573
392 17 47 831
392 19 5 1192
392 104 7 1132
392 131 16 950
392 144 56 419
392 146 33 246
392 157 23 48
392 174 19 502
392 210 59 767
392 226 9 355
392 251 13 259
392 276 38 79
392 294 25 926
392 310 53 227
392 312 43 202
393 31 11 918
393 37 39 919
393 41 35 912
393 42 53 211
393 65 57 14
393 66 49 807
393 70 3 75
393 103 55 381
393 114 43 794
393 115 19 469
393 144 13 841
393 199 17 735
393 245 23 216
393 305 37 763
393 318 47 1026
394 2 43 763
394 15 7 659
394 74 4 73
394 80 55 331
394 99 10 831
394 108 13 34
394 137 31 411
394 140 25 330
394 157 47 313
394 176 29 682
394 201 41 699
394 217 17 792
394 248 22 589
394 254 37 412
394 296 19 138
395 16 38 313
395 37 29 1125
395 40 13 1040
395 67 58 901
395 91 47 141
395 125 50 1169
395 152 3 241
395 201 43 717
395 203 19 135
395 218 10 458
395 224 5 385
395 231 56 824
395 244 7 398
395 305 17 182
395 312 31 273
396 56 14 699
396 85 23 43
396 98 2 246
396 121 49 183
396 137 31 509
396 163 52 202
396 173 55 886
396 183 40 238
396 188 10 295
396 189 37 731
396 194 7 1016
396 237 19 343
396 287 43 663
396 288 25 795
397 45 28 523
397 67 41 186
397 105 4 357
397 108 43 800
397 139 37 390
397 163 55 1134
397 164 11 264
397 168 32 577
397 186 13 285
397 194 22 391
397 200 59 988
397 278 47 381
397 293 50 333
397 307 19 589
397 309 7 1187
398 3 49 488
398 20 37 752
398 42 35 1165
398 44 19 236
398 49 47 671
398 67 17 61
398 131 43 889
398 136 31 462
398 153 1 449
398 193 56 823
398 195 29 1182
398 232 13 1108
398 290 10 183
398 296 58 575
398 306 25 45
399 9 53 272
399 34 59 515
399 51 37 1193
399 58 55 186
399 119 35 640
399 124 20 707
399 175 16 445
399 182 25 281
399 189 49 1162
399 203 7 415
399 232 44 419
399 248 40 1117
399 293 1 708
399 309 13 704
399 316 31 491
400 3 20 753
400 24 25 1199
400 79 13 1172
400 80 49 184
400 84 44 1066
400 98 16 972
400 148 41 620
400 163 31 997
400 179 35 951
400 186 37 435
400 208 1 743
400 209 8 131
400 210 5 103
400 222 53 1097
400 227 56 1129
401 8 41 408
401 61 49 475
401 66 31 1099
401 97 17 1089
401 100 55 588
401 111 1 792
401 134 19 792
401 153 58 1106
401 173 43 623
401 184 10 830
401 214 25 1087
401 232 37 248
401 242 13 32
401 260 4 347
401 264 47 960
402 4 19 132
402 32 1 729
402 33 53 729
402 98 25 1146
402 104 17 93
402 126 31 1066
402 129 22 1010
402 133 7 502
402 164 29 306
402 183 58 657
402 201 5 589
402 224 11 542
402 237 13 668
402 268 35 66
402 304 41 111
403 11 50 738
403 22 1 1179
403 23 47 637
403 26 25 631
403 85 35 734
403 101 22 529
403 105 4 551
403 125 19 310
403 140 31 1083
403 161 38 585
403 184 55 327
403 229 59 1175
403 242 43 410
403 255 13 789
403 316 7 975
404 20 50 812
404 68 17 355
404 80 31 911
404 156 23 329
404 176 59 831
404 204 41 1056
404 206 21 1113
404 211 55 666
404 231 2 287
404 252 37 455
404 253 43 380
404 271 25 341
404 294 13 926
404 299 5 529
404 301 8 817
405 25 37 639
405 72 1 643
405 79 28 1172
405 84 55 1073
405 106 5 639
405 143 51 259
405 165 46 394
405 205 15 710
405 253 22 474
405 256 7 1004
405 263 35 988
405 264 13 188
405 291 31 443
405 320 41 849
406 55 52 96
406 119 37 640
406 127 13 1080
406 134 20 395
406 138 57 182
406 168 49 171
406 174 7 59
406 180 39 1135
406 225 17 703
406 228 5 893
406 295 31 652
406 296 25 575
406 301 1 306
406 312 44 599
407 60 13 81
407 89 31 226
407 107 5 138
407 128 41 192
407 140 55 514
407 151 53 1010
407 160 25 915
407 205 1 138
407 224 35 385
407 245 59 318
407 264 7 240
407 275 43 997
407 276 37 490
407 279 22 485
407 283 10 894
408 36 4 608
408 68 8 800
408 86 55 1173
408 121 16 193
408 123 29 987
408 166 19 1101
408 183 10 575
408 226 25 391
408 233 23 172
408 251 13 1120
408 262 31 241
408 276 43 661
408 285 49 161
408 307 37 788
408 312 40 491
409 28 46 823
409 64 39 524
409 73 31 996
409 84 19 417
409 124 7 1147
409 192 27 149
409 199 17 540
409 203 55 817
409 217 5 792
409 232 1 515
409 235 52 980
409 243 35 23
409 245 59 307
409 288 13 669
410 45 1 120
410 72 43 95
410 73 13 996
410 75 32 213
410 98 49 1146
410 106 7 854
410 120 47 523
410 133 25 843
410 194 22 314
410 209 9 689
410 223 39 75
410 231 4 824
410 317 55 1026
411 8 59 408
411 19 41 479
411 36 13 963
411 61 31 18
411 97 53 214
411 145 1 223
411 147 11 87
411 176 17 873
411 185 19 509
411 196 49 201
411 214 7 327
411 225 47 926
411 267 35 849
411 313 55 920
411 319 37 366
412 17 5 1199
412 64 37 1179
412 102 23 98
412 125 55 1016
412 127 19 96
412 131 10 950
412 134 13 627
412 167 59 623
412 196 50 494
412 222 35 248
412 241 17 275
412 246 1 943
412 249 39 648
412 297 45 632
412 306 28 727
413 11 43 309
413 27 37 1105
413 50 21 394
413 75 7 155
413 101 1 1134
413 112 17 303
413 121 49 98
413 122 52 1077
413 156 27 104
413 172 58 939
413 209 13 689
413 274 35 428
413 299 41 400
413 300 33 52
414 24 1 378
414 63 13 1176
414 73 55 661
414 102 29 469
414 139 19 546
414 141 33 413
414 144 25 789
414 163 37 671
414 207 52 1011
414 221 8 727
414 230 16 1171
414 242 43 176
414 246 49 172
414 303 5 975
415 8 53 685
415 30 43 451
415 75 57 951
415 100 4 33
415 118 19 520
415 139 49 1116
415 161 1 327
415 175 41 667
415 187 25 72
415 246 13 369
415 256 31 79
415 263 11 836
415 270 17 215
415 313 22 1061
415 319 7 763
416 25 31 639
416 41 53 216
416 54 59 795
416 99 4 318
416 116 1 703
416 129 13 407
416 130 49 836
416 140 37 1192
416 170 35 1085
416 206 41 455
416 234 55 435
416 256 25 79
416 288 19 211
416 308 29 697
416 320 47 1108
417 1 49 1111
417 28 46 1020
417 29 1 95
417 47 26 1048
417 108 55 829
417 115 37 1008
417 116 43 38
417 140 19 148
417 149 53 76
417 216 3 196
417 237 31 730
417 239 7 5
417 245 59 481
417 246 10 1023
417 257 41 582
418 6 28 1117
418 32 13 793
418 37 47 217
418 42 17 744
418 45 52 1135
418 54 35 1187
418 64 7 218
418 67 5 186
418 72 38 362
418 92 11 525
418 170 59 1050
418 175 23 1069
418 190 49 793
418 211 1 633
418 237 43 344
419 19 43 610
419 22 49 665
419 27 13 919
419 44 37 428
419 50 4 394
419 85 7 610
419 165 17 608
419 219 19 444
419 246 33 172
419 247 23 1129
419 263 59 893
419 295 9 398
419 298 41 159
419 302 1 1160
419 307 25 788
420 35 51 38
420 88 13 610
420 115 31 469
420 135 26 785
420 139 37 1071
420 140 3 924
420 147 29 147
420 208 20 1181
420 222 47 248
420 231 17 824
420 241 53 359
420 248 43 138
420 273 7 485
420 275 55 1145
421 27 37 219
421 37 47 1113
421 117 34 567
421 163 43 822
421 176 41 25
421 183 31 365
421 242 25 400
421 252 7 455
421 272 4 970
421 275 13 638
421 277 52 154
421 279 1 485
421 289 19 1045
421 302 55 176
421 318 23 1026
422 25 1 738
422 30 39 451
422 64 17 867
422 69 19 524
422 70 49 661
422 87 5 314
422 100 22 103
422 130 32 1069
422 143 43 259
422 165 53 1050
422 233 13 1157
422 235 28 858
422 245 37 810
422 248 56 867
422 256 7 1195
423 21 13 492
423 33 35 227
423 48 49 487
423 50 58 892
423 63 28 240
423 83 19 1147
423 84 38 1034
423 155 11 487
423 164 5 886
423 179 23 710
423 183 31 1088
423 215 44 11
423 251 8 943
423 298 53 40
423 320 17 481
424 20 49 883
424 25 1 1116
424 29 17 95
424 58 7 997
424 72 27 904
424 106 25 907
424 135 31 785
424 175 56 1069
424 188 43 912
424 195 23 540
424 200 11 970
424 220 37 988
424 261 19 98
424 279 46 1184
424 293 13 421
425 9 35 272
425 59 29 1195
425 65 20 219
425 91 41 904
425 99 50 908
425 128 43 435
425 156 17 706
425 204 3 1056
425 213 11 763
425 246 56 589
425 265 59 340
425 289 14 341
425 304 5 195
425 317 31 390
425 320 53 1108
426 20 33 181
426 29 49 595
426 31 53 925
426 36 19 283
426 89 13 226
426 101 4 820
426 117 37 310
426 150 11 576
426 192 7 935
426 210 31 52
426 243 51 244
426 249 44 173
426 259 25 742
426 264 2 915
426 300 40 52
427 5 35 1097
427 15 9 659
427 28 1 1020
427 43 51 939
427 53 20 415
427 64 37 524
427 68 4 92
427 84 39 123
427 112 47 1012
427 140 31 779
427 151 11 103
427 211 25 1184
427 234 43 627
427 260 13 347
427 263 29 226
428 12 1 640
428 35 11 680
428 51 58 554
428 104 17 599
428 138 25 442
428 164 19 1011
428 191 23 951
428 202 41 668
428 220 7 112
428 225 53 1105
428 248 55 1114
428 263 47 836
428 266 43 798
428 267 35 453
428 293 49 283
429 26 7 118
429 56 50 1161
429 64 17 493
429 87 35 314
429 94 31 391
429 100 25 810
429 110 37 25
429 137 57 296
429 187 13 1045
429 207 29 795
429 225 55 620
429 248 46 616
429 277 19 793
429 279 4 163
429 299 41 603
430 4 37 333
430 14 7 434
430 57 3 294
430 71 44 102
430 109 25 94
430 111 52 429
430 149 1 85
430 182 31 276
430 189 58 1162
430 199 35 113
430 251 55 706
430 253 19 440
430 257 15 85
430 299 23 547
430 309 40 1026
431 21 51 492
431 45 31 416
431 87 35 1174
431 139 43 1071
431 141 20 218
431 143 39 975
431 166 1 307
431 173 9 469
431 231 5 416
431 244 29 188
431 247 37 468
431 263 7 445
431 264 15 188
431 274 13 351
431 313 25 1002
432 25 31 858
432 102 59 679
432 120 35 491
432 125 1 472
432 126 37 581
432 210 52 1068
432 222 41 794
432 227 13 1129
432 238 5 883
432 244 23 661
432 252 43 65
432 259 25 336
432 287 55 709
432 290 19 183
432 307 10 788
433 19 17 847
433 38 52 665
433 50 26 394
433 60 21 81
433 88 3 741
433 129 10 1132
433 189 49 866
433 223 8 75
433 248 55 455
433 249 31 1138
433 254 37 849
433 268 59 18
433 280 13 78
433 312 46 425
434 23 31 413
434 71 46 1139
434 88 25 440
434 91 29 665
434 104 11 342
434 114 55 141
434 118 52 926
434 143 4 458
434 167 35 1186
434 206 59 936
434 214 22 327
434 229 37 60
434 286 1 892
434 310 41 1164
434 316 7 491
435 37 23 217
435 45 7 729
435 91 53 141
435 98 34 1101
435 110 25 950
435 112 55 960
435 115 37 469
435 118 43 1173
435 129 10 1010
435 175 5 528
435 191 58 213
435 254 13 849
435 270 2 1186
435 296 46 318
435 301 19 788
436 9 11 1020
436 17 29 68
436 41 17 590
436 54 37 151
436 79 13 1147
436 86 7 375
436 87 41 357
436 148 47 755
436 163 58 507
436 164 23 306
436 181 55 1095
436 241 35 226
436 270 5 215
436 273 43 245
436 274 3 980
437 32 20 731
437 79 28 1192
437 91 35 904
437 102 25 679
437 124 31 831
437 156 47 1164
437 166 39 294
437 218 43 892
437 232 55 1043
437 236 7 1162
437 246 1 330
437 256 15 860
437 264 11 340
437 273 49 553
437 308 5 1095
438 1 13 1156
438 30 31 451
438 63 4 349
438 96 1 331
438 106 37 526
438 112 53 28
438 152 19 241
438 165 29 338
438 188 56 295
438 207 11 1139
438 219 43 984
438 232 7 248
438 234 21 342
438 253 40 419
438 271 16 329
439 12 49 193
439 28 13 823
439 36 19 1016
439 57 31 132
439 96 22 282
439 148 11 106
439 150 4 235
439 151 59 1010
439 162 35 148
439 173 55 973
439 204 27 1056
439 215 7 442
439 216 43 23
439 283 16 1120
439 320 53 215
440 1 44 1113
440 56 31 948
440 84 25 417
440 130 20 331
440 133 1 447
440 134 7 344
440 143 50 975
440 152 58 626
440 161 47 800
440 170 35 1001
440 189 55 866
440 191 53 177
440 194 13 314
440 246 4 1023
440 318 11 428
441 21 47 1009
441 40 22 1040
441 42 59 299
441 60 55 280
441 112 1 354
441 125 40 378
441 183 34 575
441 208 25 997
441 218 17 138
441 220 51 150
441 224 29 161
441 259 13 336
441 280 37 1160
441 306 4 32
441 312 10 68
442 23 17 81
442 50 34 310
442 96 22 1068
442 99 7 1085
442 104 29 1063
442 105 58 965
442 113 25 356
442 117 1 567
442 125 19 808
442 140 49 135
442 161 11 973
442 203 13 1121
442 206 5 1113
442 216 43 159
442 293 38 1088
443 18 31 702
443 29 41 318
443 34 52 515
443 36 43 148
443 79 46 521
443 114 37 137
443 119 17 245
443 141 13 261
443 160 28 151
443 166 22 741
443 181 35 1078
443 185 19 855
443 234 7 342
443 272 55 742
443 298 11 937
444 55 1 507
444 63 4 93
444 95 55 16
444 158 40 571
444 223 47 75
444 239 25 275
444 251 28 163
444 257 19 85
444 271 13 195
444 281 7 108
444 292 34 118
444 297 50 382
444 313 31 1061
444 315 21 420
444 320 17 858
445 9 11 16
445 54 53 181
445 76 57 752
445 103 23 381
445 121 13 193
445 153 25 420
445 158 40 548
445 182 33 767
445 190 37 145
445 241 5 81
445 259 43 592
445 261 1 1187
445 312 28 425
445 315 49 562
446 14 2 706
446 52 25 246
446 61 13 358
446 75 52 61
446 95 7 925
446 148 41 106
446 165 17 1181
446 183 28 575
446 188 43 936
446 245 23 900
446 249 19 840
446 253 10 626
446 258 31 1002
446 282 37 1050
446 310 35 570
447 33 53 193
447 40 9 27
447 54 59 151
447 104 41 181
447 109 49 94
447 123 23 856
447 130 37 932
447 143 4 351
447 179 47 582
447 199 35 132
447 252 19 726
447 259 43 742
447 279 25 485
447 285 13 428
447 309 56 929
448 27 39 717
448 38 31 1037
448 51 58 849
448 59 11 1033
448 60 13 458
448 114 7 714
448 173 44 1085
448 200 4 268
448 206 53 936
448 207 1 111
448 234 19 476
448 235 28 1026
448 251 25 259
448 279 55 873
448 313 34 1176
449 3 25 351
449 55 49 96
449 69 46 63
449 94 17 391
449 96 19 282
449 113 31 1011
449 156 38 104
449 169 7 888
449 173 1 973
449 184 22 984
449 229 5 1175
449 284 13 832
449 292 11 957
449 308 59 738
450 58 19 186
450 61 43 201
450 86 32 743
450 137 55 754
450 155 47 206
450 161 41 973
450 162 29 148
450 168 14 836
450 171 7 104
450 180 49 1153
450 199 5 132
450 240 37 113
450 253 25 65
450 299 53 603
450 320 11 196
451 9 17 434
451 45 46 729
451 46 1 419
451 49 23 1073
451 60 38 458
451 65 31 1001
451 69 13 54
451 138 56 410
451 179 59 1071
451 192 49 8
451 194 25 912
451 228 53 498
451 254 7 585
451 312 4 912
452 39 33 613
452 40 37 27
452 47 25 385
452 64 31 444
452 67 40 1139
452 98 10 246
452 108 13 829
452 114 55 137
452 116 46 682
452 147 29 308
452 181 59 1116
452 278 1 381
452 307 19 111
452 308 53 820
452 316 3 540
453 18 43 697
453 21 41 1009
453 27 55 571
453 33 16 362
453 46 47 808
453 71 7 751
453 103 28 173
453 109 19 157
453 143 34 975
453 162 10 50
453 171 23 177
453 242 49 974
453 290 37 1095
453 319 1 249
453 320 59 788
454 3 55 597
454 20 50 127
454 34 41 793
454 88 43 375
454 105 28 408
454 146 21 1052
454 147 47 943
454 185 7 963
454 195 19 810
454 201 37 389
454 210 59 80
454 211 1 1184
454 217 17 76
454 223 11 754
454 284 31 832
455 10 45 892
455 13 23 1049
455 24 2 908
455 31 7 63
455 34 41 744
455 47 13 810
455 51 28 1165
455 125 10 640
455 130 25 836
455 137 49 473
455 156 53 479
455 211 55 853
455 227 33 408
455 229 43 193
455 236 19 208
456 31 44 63
456 79 13 221
456 120 53 491
456 177 49 597
456 181 5 1078
456 184 46 151
456 187 19 836
456 198 31 315
456 218 41 552
456 230 25 109
456 258 55 894
456 273 1 727
456 277 7 1119
456 298 29 80
456 302 10 210
457 31 31 154
457 33 59 729
457 43 25 939
457 114 13 1200
457 118 37 571
457 134 19 182
457 137 55 798
457 151 29 318
457 158 10 1068
457 164 50 1011
457 226 33 690
457 251 40 826
457 301 43 817
457 316 2 491
458 25 13 752
458 48 28 1034
458 78 7 152
458 88 3 922
458 166 19 307
458 201 59 717
458 211 49 633
458 242 31 908
458 257 1 149
458 285 37 336
458 288 44 795
458 291 55 1032
458 298 35 391
458 305 17 176
459 26 49 106
459 48 22 5
459 57 7 531
459 75 28 721
459 111 19 254
459 114 13 960
459 139 55 546
459 206 11 1113
459 214 43 347
459 231 17 1141
459 238 53 208
459 257 3 149
459 263 59 137
459 282 5 250
459 303 34 932
460 60 8 812
460 69 22 515
460 74 19 1082
460 97 15 289
460 111 52 1145
460 116 43 682
460 117 25 963
460 155 5 226
460 184 2 830
460 199 49 939
460 241 41 1030
460 247 17 148
460 250 55 891
460 270 35 135
460 295 37 679
461 18 19 232
461 19 23 779
461 60 49 511
461 79 16 1172
461 96 44 518
461 115 55 1178
461 156 31 1164
461 206 37 1113
461 211 1 207
461 243 29 597
461 250 40 48
461 262 33 360
461 267 59 896
461 300 5 950
461 302 25 32
462 21 29 1009
462 43 31 582
462 103 35 381
462 117 49 651
462 119 15 640
462 127 8 358
462 142 43 359
462 168 19 490
462 191 5 951
462 201 23 717
462 221 25 329
462 248 37 867
462 278 57 515
462 284 1 832
463 37 29 919
463 44 25 23
463 54 1 889
463 55 40 829
463 108 13 532
463 111 10 963
463 119 5 245
463 193 53 196
463 250 20 1162
463 252 55 1140
463 256 49 79
463 267 3 170
463 284 31 886
463 291 43 357
463 306 37 950
464 4 34 1020
464 7 5 728
464 15 17 662
464 28 13 1020
464 45 22 416
464 107 11 661
464 133 25 447
464 151 47 390
464 152 19 498
464 198 31 210
464 264 37 340
464 270 29 1186
464 286 7 927
464 290 40 1095
464 296 56 170
465 25 55 131
465 56 13 1161
465 105 37 381
465 156 17 113
465 168 40 1066
465 201 4 588
465 212 7 1164
465 233 21 507
465 251 52 547
465 258 43 221
465 285 31 336
465 296 28 138
466 23 29 440
466 26 14 227
466 34 47 793
466 45 25 729
466 75 40 321
466 99 37 1054
466 135 22 785
466 166 43 1101
466 193 59 112
466 247 34 121
466 268 49 168
466 269 7 553
466 288 55 783
466 305 11 176
466 312 31 8
467 15 1 745
467 37 4 610
467 83 10 651
467 95 45 920
467 121 34 822
467 123 37 288
467 126 15 782
467 164 29 1011
467 172 7 254
467 223 23 8
467 227 49 847
467 238 59 208
467 240 55 863
467 272 40 263
467 309 31 961
468 28 20 1020
468 40 40 1040
468 58 55 73
468 65 1 680
468 77 26 564
468 115 13 547
468 149 29 817
468 150 31 689
468 166 9 741
468 181 35 371
468 264 45 168
468 283 37 1120
468 295 49 652
468 305 17 900
469 28 22 1097
469 75 37 155
469 102 53 469
469 113 25 263
469 143 31 60
469 163 34 711
469 174 55 320
469 179 5 315
469 213 11 208
469 216 7 790
469 236 45 1187
469 243 43 452
469 277 49 21
469 302 1 210
469 319 13 80
470 7 22 1150
470 10 37 192
470 38 52 832
470 56 33 1161
470 89 2 254
470 113 55 1011
470 132 59 378
470 153 19 106
470 161 29 973
470 174 44 736
470 194 16 314
470 224 11 385
470 247 7 148
470 306 26 808
470 318 41 1010
471 48 1 718
471 65 45 494
471 98 52 1101
471 125 38 63
471 140 7 129
471 202 50 310
471 216 55 23
471 218 5 395
471 244 41 984
471 255 19 381
471 258 25 221
471 264 43 168
471 287 31 173
471 305 59 858
472 13 13 447
472 20 25 378
472 39 10 558
472 53 57 581
472 56 1 1161
472 81 38 1007
472 101 19 1085
472 140 43 514
472 158 52 121
472 168 15 843
472 241 55 1182
472 245 23 532
472 271 31 115
472 277 7 492
472 304 47 727
473 17 17 68
473 47 33 620
473 77 57 473
473 84 50 10
473 94 29 391
473 101 10 925
473 132 25 190
473 133 22 447
473 152 39 498
473 153 19 5
473 186 44 285
473 204 5 592
473 246 7 250
473 288 13 211
473 317 1 766
474 12 38 443
474 23 5 835
474 42 17 1200
474 46 11 76
474 47 45 639
474 54 43 1187
474 97 23 289
474 103 35 571
474 144 25 970
474 169 58 1171
474 190 55 45
474 221 52 868
474 232 19 248
474 264 29 340
474 291 13 915
475 13 47 155
475 26 1 86
475 55 43 507
475 95 19 1155
475 127 55 1050
475 174 37 1101
475 175 59 115
475 195 25 867
475 206 35 1113
475 238 53 754
475 254 7 799
475 298 17 911
475 300 29 462
475 308 23 738
475 311 5 142
476 2 7 201
476 9 23 996
476 22 46 738
476 56 19 84
476 59 5 1033
476 65 25 14
476 69 55 362
476 84 49 814
476 92 1 480
476 95 31 513
476 101 10 384
476 184 13 371
476 186 37 285
476 189 34 866
476 224 29 221
477 9 31 118
477 26 37 86
477 39 25 892
477 73 1 996
477 101 15 1085
477 119 13 640
477 147 41 147
477 157 43 391
477 176 53 1037
477 178 45 1026
477 194 7 137
477 205 49 710
477 212 56 534
477 314 19 620
478 3 25 480
478 43 13 637
478 50 7 394
478 62 19 445
478 87 41 314
478 109 37 89
478 128 23 1106
478 141 31 96
478 178 59 261
478 213 53 435
478 251 10 273
478 257 47 85
478 262 43 241
478 301 1 904
478 318 49 397
479 31 26 918
479 61 31 1038
479 86 37 993
479 87 5 181
479 104 41 1181
479 138 55 637
479 139 7 814
479 169 16 198
479 210 53 767
479 243 11 217
479 273 44 1048
479 277 22 18
479 306 58 109
479 311 49 741
479 320 28 190
480 29 10 854
480 58 21 1056
480 83 37 463
480 146 13 755
480 167 5 799
480 196 55 75
480 200 17 551
480 209 50 131
480 228 8 1111
480 234 1 514
480 243 29 815
480 260 43 149
480 268 19 860
480 288 31 1182
480 296 25 888
481 16 25 313
481 64 1 444
481 77 34 792
481 79 31 254
481 82 15 837
481 85 44 734
481 109 7 89
481 133 19 575
481 138 37 1199
481 142 55 669
481 181 41 991
481 191 23 1156
481 204 5 1056
481 245 11 360
481 264 13 168
482 4 46 970
482 5 41 303
482 28 28 10
482 36 52 564
482 66 55 380
482 81 21 587
482 101 31 142
482 106 59 907
482 108 1 34
482 217 25 66
482 223 35 754
482 251 49 87
482 263 5 137
482 290 16 1175
482 314 37 659
483 36 49 564
483 66 26 840
483 72 31 904
483 75 1 466
483 91 5 342
483 122 55 591
483 173 13 469
483 184 7 830
483 185 52 619
483 224 41 385
483 236 44 965
483 272 10 1194
483 282 35 417
483 285 21 978
483 296 58 1188
484 19 53 1192
484 49 47 837
484 79 43 1069
484 80 9 331
484 89 19 226
484 95 34 924
484 129 16 407
484 145 1 206
484 156 29 1164
484 197 40 452
484 211 49 1175
484 260 55 416
484 280 25 540
484 289 13 470
484 304 7 95
485 15 41 1082
485 21 47 679
485 31 17 354
485 69 7 54
485 79 58 221
485 109 19 1114
485 113 13 263
485 133 10 502
485 226 49 355
485 240 43 155
485 268 55 1077
485 269 33 553
485 271 2 341
485 279 28 540
485 285 37 645
486 13 47 667
486 15 14 745
486 21 53 276
486 55 25 96
486 63 8 428
486 85 41 93
486 97 59 1037
486 98 28 1146
486 149 23 817
486 169 1 888
486 240 32 863
486 249 49 552
486 282 17 810
486 287 43 287
486 302 37 210
487 29 11 595
487 50 28 389
487 57 19 526
487 75 52 721
487 79 31 1172
487 101 25 820
487 113 37 1020
487 142 43 478
487 175 13 115
487 208 15 815
487 213 47 840
487 220 7 465
487 241 35 891
487 265 1 333
487 280 58 1160
488 2 1 201
488 4 4 943
488 10 37 651
488 12 7 573
488 21 17 276
488 46 29 132
488 73 13 661
488 74 25 1082
488 78 19 359
488 100 31 33
488 120 47 531
488 144 34 798
488 232 49 129
488 241 55 1176
488 251 43 1120
489 1 58 721
489 24 43 908
489 43 13 288
489 63 19 313
489 92 7 480
489 97 23 214
489 152 47 626
489 162 29 50
489 170 5 637
489 210 11 1164
489 248 34 419
489 252 38 1123
489 281 1 1073
489 293 50 937
489 299 17 960
490 22 43 1139
490 40 31 1040
490 50 4 892
490 57 37 542
490 81 55 8
490 107 29 98
490 174 25 1030
490 177 19 597
490 208 49 900
490 217 14 894
490 222 17 248
490 225 23 660
490 239 10 168
490 260 1 347
491 31 47 295
491 70 19 767
491 75 10 213
491 112 35 201
491 165 28 1082
491 176 1 873
491 204 23 294
491 228 25 893
491 230 4 308
491 255 31 381
491 270 51 1186
491 276 55 445
491 305 41 642
491 307 16 736
491 309 37 961
492 12 7 1105
492 20 31 127
492 97 41 289
492 104 35 832
492 105 1 357
492 135 13 785
492 136 56 462
492 152 11 89
492 160 4 813
492 162 17 1125
492 201 45 717
492 210 29 978
492 212 19 1009
492 229 47 1175
492 282 23 11
493 26 43 227
493 38 40 1037
493 121 32 193
493 128 53 1193
493 129 37 840
493 134 55 662
493 135 16 785
493 173 19 623
493 208 7 1181
493 212 1 1009
493 248 49 207
493 261 25 21
493 286 13 198
493 304 47 111
494 4 22 333
494 38 13 1037
494 45 40 729
494 52 28 246
494 149 43 552
494 159 11 52
494 163 37 152
494 173 51 886
494 217 59 285
494 224 47 309
494 247 17 263
494 248 2 455
494 266 31 1023
494 276 7 595
494 298 5 911
495 1 43 729
495 5 35 1114
495 13 41 360
495 34 23 863
495 47 55 210
495 48 1 227
495 60 37 815
495 97 33 289
495 180 11 1135
495 192 16 1164
495 227 19 1129
495 273 49 532
495 303 53 975
495 319 25 184
496 5 23 285
496 38 19 979
496 44 49 561
496 58 55 1083
496 61 25 318
496 81 44 1146
496 82 31 607
496 93 13 61
496 105 34 697
496 110 1 950
496 175 17 494
496 186 7 178
496 217 41 428
496 267 5 849
496 278 39 807
497 55 43 613
497 65 7 207
497 84 55 890
497 107 23 380
497 113 19 1193
497 146 31 475
497 149 5 1073
497 163 50 575
497 194 2 398
497 196 25 1101
497 234 37 1155
497 251 46 662
497 269 13 987
497 272 28 970
497 278 11 1048
498 15 2 235
498 23 17 752
498 34 47 655
498 72 7 658
498 124 19 93
498 153 4 619
498 185 13 450
498 224 59 193
498 241 23 1139
498 271 43 115
498 285 49 248
498 290 28 1095
498 299 35 25
498 316 37 663
498 319 55 893
499 20 7 378
499 28 4 823
499 29 23 318
499 51 34 28
499 59 17 1033
499 79 43 521
499 102 59 469
499 126 55 102
499 197 38 554
499 212 13 666
499 218 11 167
499 219 25 450
499 243 21 23
499 289 52 369
499 306 1 697
500 16 43 883
500 28 40 853
500 48 31 645
500 114 25 283
500 137 7 717
500 142 55 979
500 164 17 1068
500 165 29 394
500 167 53 577
500 179 47 1114
500 191 13 213
500 203 19 817
500 223 11 359
500 286 1 927
500 317 49 626
501 18 38 697
501 24 49 349
501 57 43 1176
501 58 25 186
501 64 47 657
501 108 7 529
501 163 1 737
501 166 19 730
501 167 5 623
501 221 16 795
501 251 34 285
501 285 55 450
501 290 31 331
501 304 11 195
501 311 29 829
502 13 5 211
502 15 7 27
502 43 15 342
502 48 51 5
502 103 23 80
502 172 55 1153
502 175 3 1069
502 230 28 822
502 233 11 343
502 235 25 634
502 252 19 1123
502 257 13 85
502 267 1 453
502 272 58 742
502 290 43 948
503 14 26 434
503 82 31 798
503 89 44 402
503 95 58 72
503 131 7 306
503 139 49 268
503 153 55 407
503 164 41 886
503 180 53 331
503 209 1 525
503 231 19 287
503 239 22 494
503 247 5 434
503 251 37 259
503 291 13 1187
504 27 25 1105
504 33 44 362
504 38 13 742
504 56 37 1195
504 64 35 1179
504 65 49 214
504 70 32 240
504 77 4 891
504 87 23 1167
504 143 1 351
504 195 11 896
504 199 29 113
504 213 41 435
504 220 19 150
504 317 55 390
505 4 14 132
505 42 17 840
505 57 43 836
505 92 23 171
505 113 31 1193
505 119 52 502
505 134 19 662
505 149 35 817
505 159 47 344
505 191 41 177
505 231 4 935
505 256 57 576
505 274 28 843
505 295 37 652
505 313 7 380
506 44 19 414
506 73 55 385
506 78 7 359
506 97 41 1089
506 111 25 925
506 117 52 651
506 118 49 926
506 216 44 196
506 237 37 668
506 246 14 250
506 259 1 336
506 260 28 33
506 265 5 841
506 291 31 461
507 1 58 1054
507 23 17 829
507 27 19 195
507 39 44 558
507 92 23 525
507 112 11 554
507 140 25 148
507 175 47 1116
507 215 13 961
507 225 7 620
507 240 49 797
507 271 34 341
507 279 31 685
507 281 1 764
507 293 37 1078
508 25 37 1116
508 76 56 92
508 85 2 610
508 99 7 908
508 169 28 888
508 182 13 402
508 183 43 575
508 184 34 873
508 214 52 444
508 223 10 75
508 250 19 18
508 257 4 309
508 272 22 970
508 299 17 603
508 311 41 1138
509 10 31 515
509 17 47 429
509 29 41 95
509 49 29 837
509 74 1 280
509 76 37 92
509 109 49 960
509 127 13 96
509 139 7 1071
509 143 43 665
509 161 23 583
509 186 25 435
509 233 17 587
509 250 20 751
509 294 55 896
510 41 47 216
510 57 43 831
510 78 31 1043
510 96 16 518
510 159 41 1157
510 171 23 104
510 202 11 910
510 211 7 1175
510 218 35 40
510 221 37 327
510 296 13 888
510 304 5 561
510 305 53 714
510 312 1 290
510 316 25 659
511 9 59 272
511 25 25 694
511 32 31 231
511 59 29 1033
511 98 46 246
511 100 16 103
511 118 56 932
511 180 4 331
511 188 1 1140
511 193 35 283
511 207 23 658
511 221 50 727
511 288 37 417
511 297 9 1002
511 318 7 154
512 6 1 990
512 24 49 378
512 44 39 414
512 52 34 610
512 76 55 344
512 107 43 868
512 181 59 911
512 182 27 767
512 194 45 391
512 202 11 1165
512 215 13 868
512 230 7 822
512 251 22 273
512 298 31 937
513 33 29 193
513 57 32 836
513 87 13 1167
513 88 38 610
513 133 4 447
513 139 49 390
513 143 58 81
513 165 19 223
513 179 23 1138
513 181 53 1116
513 198 15 1088
513 232 43 1105
513 237 7 730
513 304 47 843
513 305 11 707
514 9 17 217
514 31 33 63
514 60 38 511
514 61 1 18
514 66 9 807
514 84 19 867
514 126 13 1066
514 178 35 1033
514 182 43 957
514 213 23 288
514 214 58 785
514 217 5 888
514 222 29 449
514 244 53 207
514 319 49 763
515 14 19 528
515 15 53 745
515 28 16 823
515 36 7 96
515 69 40 588
515 127 31 794
515 145 25 830
515 159 47 785
515 174 43 157
515 198 13 1119
515 213 35 721
515 229 4 193
515 270 23 1186
515 296 58 171
515 304 11 997
516 38 49 931
516 53 20 466
516 104 47 1181
516 106 5 907
516 121 10 193
516 146 43 755
516 148 41 1043
516 167 58 577
516 198 34 210
516 202 17 310
516 212 37 1108
516 221 25 868
516 250 14 751
516 255 1 638
516 290 28 183
517 21 55 961
517 53 13 918
517 59 1 616
517 119 23 1089
517 127 49 218
517 132 17 73
517 142 19 477
517 173 43 973
517 195 59 867
517 229 25 296
517 245 41 112
517 260 38 149
517 268 47 235
517 276 31 89
517 280 28 1077
518 8 47 1153
518 47 9 620
518 54 41 138
518 81 1 264
518 153 49 544
518 208 43 511
518 216 19 159
518 227 56 335
518 241 13 150
518 247 15 148
518 251 31 943
518 256 25 860
518 266 37 798
518 299 35 794
518 300 53 335
519 7 21 85
519 27 1 1144
519 51 13 28
519 79 16 337
519 87 25 314
519 124 7 707
519 146 43 603
519 196 40 1073
519 210 47 357
519 239 55 275
519 245 35 481
519 265 5 333
519 292 53 562
519 304 19 401
519 313 58 935
520 19 47 479
520 60 1 590
520 94 5 509
520 96 19 20
520 107 41 380
520 138 10 988
520 182 15 16
520 201 37 717
520 233 49 766
520 242 25 176
520 249 43 366
520 257 13 149
520 266 31 1157
520 307 7 788
520 308 35 366
521 19 41 779
521 29 29 524
521 40 19 1040
521 64 17 264
521 65 37 14
521 79 55 221
521 139 31 1071
521 142 43 744
521 155 59 206
521 207 1 658
521 243 23 815
521 254 25 799
521 275 49 461
521 283 14 907
521 314 9 268
522 2 20 190
522 23 53 511
522 36 10 303
522 58 43 581
522 104 59 395
522 135 31 474
522 136 55 997
522 168 26 490
522 218 23 711
522 234 49 627
522 240 37 744
522 251 4 1120
522 263 41 707
522 304 35 660
522 314 15 50
523 6 31 190
523 11 1 587
523 38 13 445
523 62 43 711
523 81 25 264
523 116 57 1117
523 124 37 707
523 131 22 349
523 156 29 241
523 157 53 33
523 188 16 1140
523 196 50 275
523 204 35 592
523 288 9 387
523 300 41 335
524 8 52 487
524 9 47 996
524 105 55 1139
524 115 32 452
524 116 7 682
524 164 37 1011
524 197 1 918
524 200 29 94
524 212 43 788
524 221 22 868
524 225 59 660
524 237 25 357
524 239 4 168
524 267 11 849
524 272 15 1194
525 1 22 1054
525 44 49 911
525 48 43 487
525 71 13 489
525 85 35 217
525 94 5 1144
525 173 38 623
525 175 32 445
525 222 53 1012
525 243 59 338
525 259 8 60
525 272 19 1194
525 274 29 351
525 294 55 751
525 306 25 545
526 26 43 1165
526 33 29 567
526 71 7 400
526 87 35 1167
526 116 39 682
526 118 1 800
526 129 25 407
526 133 4 843
526 164 13 585
526 209 49 910
526 216 55 616
526 236 19 245
526 268 11 66
526 294 31 896
526 313 15 794
527 12 49 86
527 18 37 93
527 36 25 647
527 60 56 815
527 66 13 177
527 70 44 943
527 97 5 289
527 131 1 129
527 189 31 866
527 223 41 807
527 243 35 815
527 272 7 1194
527 284 19 1037
527 296 28 792
528 34 47 744
528 36 21 595
528 43 31 178
528 48 4 1174
528 72 55 151
528 80 26 1141
528 84 49 123
528 102 41 425
528 112 37 960
528 274 11 336
528 278 14 253
528 280 16 1077
528 308 53 315
528 312 43 702
528 317 7 766
529 1 43 1088
529 23 59 440
529 33 46 362
529 35 53 398
529 42 41 1165
529 55 55 507
529 72 2 901
529 127 49 479
529 148 11 450
529 159 23 1032
529 191 9 87
529 199 17 939
529 211 31 207
529 248 19 155
529 316 37 534
530 5 55 575
530 52 25 610
530 127 57 690
530 143 19 961
530 144 13 216
530 152 17 236
530 177 22 1145
530 181 49 821
530 246 31 192
530 247 10 468
530 254 44 1138
530 261 1 98
530 267 35 34
530 286 40 927
530 308 53 790
531 3 37 907
531 6 31 367
531 29 59 924
531 35 5 38
531 41 41 590
531 53 49 524
531 85 29 813
531 97 53 916
531 168 14 49
531 186 19 1192
531 220 25 371
531 254 7 849
531 288 55 217
531 290 45 1095
531 309 1 1066
532 15 53 648
532 37 5 660
532 39 56 86
532 76 32 601
532 120 29 1114
532 123 17 987
532 172 25 63
532 211 20 1175
532 222 11 1097
532 254 13 1076
532 263 59 494
532 279 7 540
532 295 37 398
532 297 1 937
532 301 44 283
533 2 4 763
533 56 19 299
533 93 37 61
533 101 7 820
533 112 35 1012
533 125 16 808
533 148 53 106
533 189 55 1089
533 205 31 1007
533 222 41 627
533 247 11 434
533 261 26 872
533 265 59 553
533 288 44 754
533 314 49 33
534 2 1 1124
534 27 13 1144
534 65 25 682
534 99 43 567
534 104 11 127
534 117 37 546
534 137 19 296
534 145 34 206
534 180 17 993
534 218 53 1008
534 234 49 1088
534 237 7 343
534 245 5 822
534 257 41 743
534 286 46 706
535 2 7 891
535 66 56 807
535 83 31 1087
535 87 29 1167
535 105 10 452
535 143 25 458
535 148 41 1173
535 170 5 1085
535 171 35 177
535 208 49 1080
535 215 1 1169
535 219 13 479
535 254 19 799
535 278 23 253
535 283 38 531
536 15 14 659
536 45 4 120
536 49 17 671
536 80 7 1156
536 101 34 529
536 107 29 8
536 151 25 984
536 163 1 711
536 194 19 544
536 208 38 43
536 228 11 1111
536 259 55 592
536 269 43 553
536 280 50 540
536 310 59 1089
537 17 59 447
537 57 3 1155
537 71 8 489
537 93 55 694
537 134 31 1120
537 178 29 639
537 207 11 808
537 223 41 75
537 236 25 245
537 238 23 488
537 252 43 455
537 256 50 1195
537 263 47 893
537 300 1 52
537 303 37 807
538 56 55 645
538 76 13 826
538 87 59 1174
538 128 7 192
538 129 40 840
538 162 11 1162
538 197 31 978
538 214 4 387
538 225 35 1105
538 246 49 315
538 257 53 872
538 258 27 411
538 266 44 428
538 290 22 14
539 6 10 623
539 8 35 487
539 27 55 396
539 68 1 411
539 138 40 637
539 145 25 1145
539 156 31 659
539 173 13 973
539 196 37 1073
539 251 43 706
539 264 5 730
539 274 47 336
539 276 49 253
539 310 23 570
539 319 19 80
540 35 53 38
540 55 14 273
540 129 1 1010
540 138 25 1034
540 151 59 390
540 183 4 575
540 216 9 1124
540 217 17 66
540 247 29 475
540 249 20 366
540 278 35 253
540 283 46 907
540 285 37 918
540 286 49 706
540 288 31 1016
541 23 19 866
541 58 49 813
541 64 29 1179
541 75 22 155
541 90 31 699
541 156 17 479
541 170 47 1001
541 205 13 138
541 224 5 221
541 230 2 822
541 247 59 597
541 253 10 474
541 258 37 1032
541 270 8 283
541 284 43 281
542 43 31 342
542 45 28 729
542 56 7 699
542 59 47 886
542 62 37 472
542 70 43 767
542 75 25 1068
542 93 19 399
542 104 11 181
542 162 55 577
542 210 5 34
542 222 17 627
542 237 1 518
542 281 51 764
542 316 13 1139
543 3 25 488
543 12 45 193
543 21 41 276
543 83 55 349
543 102 53 679
543 124 32 707
543 165 4 1050
543 170 11 14
543 176 29 47
543 217 17 1052
543 219 37 167
543 221 49 68
543 228 43 401
543 231 23 1141
543 244 58 347
544 1 39 273
544 2 16 490
544 20 55 231
544 21 47 492
544 22 25 337
544 42 35 521
544 62 43 472
544 83 4 74
544 95 13 488
544 162 1 50
544 256 20 1195
544 261 9 824
544 272 31 970
544 280 28 1008
544 286 52 706
545 4 58 1020
545 43 8 912
545 75 43 113
545 121 46 927
545 125 55 795
545 140 49 924
545 233 5 172
545 245 13 89
545 259 20 592
545 264 37 168
545 278 53 253
545 286 28 561
545 293 15 974
545 294 31 926
545 319 39 413
546 7 23 633
546 18 43 232
546 23 17 866
546 25 55 529
546 27 1 497
546 31 41 892
546 66 25 177
546 75 31 634
546 80 8 794
546 148 5 106
546 154 37 667
546 231 53 287
546 233 19 507
546 287 13 709
546 317 49 1157
547 41 11 590
547 63 19 428
547 104 7 599
547 115 25 469
547 135 22 132
547 159 55 1157
547 180 2 1153
547 243 47 815
547 249 13 366
547 270 59 798
547 272 37 355
547 283 49 81
547 296 40 755
547 303 17 755
547 320 53 858
548 59 59 485
548 109 15 157
548 115 49 1008
548 123 13 121
548 130 4 932
548 132 23 1171
548 135 1 164
548 137 7 509
548 169 31 285
548 182 37 420
548 227 19 408
548 270 55 213
548 272 34 1194
548 275 43 21
548 277 26 492
549 14 56 434
549 17 53 400
549 29 41 924
549 108 49 829
549 122 7 466
549 134 1 1199
549 144 43 120
549 162 35 1146
549 183 31 575
549 200 25 268
549 202 46 310
549 209 19 1173
549 227 37 1129
549 246 14 671
549 310 29 369
550 14 31 145
550 74 7 280
550 101 10 1085
550 106 1 854
550 108 57 40
550 134 3 553
550 136 26 642
550 173 49 973
550 183 45 167
550 207 41 795
550 212 19 206
550 223 37 75
550 274 23 351
550 315 13 493
551 22 19 47
551 50 4 641
551 63 1 313
551 82 58 824
551 96 31 518
551 106 53 526
551 136 13 437
551 140 26 395
551 202 23 192
551 216 7 159
551 230 34 308
551 241 55 515
551 252 43 528
551 260 37 485
551 304 47 190
552 9 11 272
552 17 52 447
552 99 7 1054
552 102 4 679
552 109 37 1114
552 110 20 1116
552 136 55 68
552 204 59 268
552 216 14 196
552 227 31 847
552 228 27 893
552 257 35 219
552 295 43 398
552 309 49 1187
553 16 25 380
553 37 53 437
553 42 59 1165
553 47 37 385
553 48 55 1023
553 55 31 1117
553 108 49 395
553 110 43 340
553 127 19 413
553 197 34 1153
553 231 9 287
553 250 4 556
553 253 1 65
553 305 41 856
553 319 13 779
554 10 9 142
554 85 29 21
554 124 25 1106
554 132 13 190
554 137 43 972
554 140 55 139
554 144 32 841
554 152 41 498
554 177 1 597
554 189 4 231
554 193 7 823
554 198 16 315
554 210 53 970
554 249 37 341
554 288 19 238
555 58 55 1056
555 73 39 824
555 75 10 113
555 100 1 588
555 108 43 529
555 125 34 76
555 150 23 919
555 184 28 168
555 217 47 172
555 236 13 662
555 238 7 387
555 239 31 534
555 253 49 419
555 260 52 416
555 283 4 1171
556 13 23 552
556 25 9 240
556 45 49 434
556 68 4 411
556 75 28 431
556 81 14 8
556 83 25 651
556 157 7 873
556 169 31 198
556 187 38 587
556 201 59 525
556 211 19 853
556 244 35 188
556 274 44 843
556 293 55 936
557 25 13 552
557 75 1 634
557 87 41 1167
557 100 9 588
557 124 37 1106
557 127 19 608
557 131 4 8
557 137 49 231
557 224 35 89
557 235 25 980
557 237 31 668
557 268 29 342
557 269 43 987
557 273 55 727
558 38 13 118
558 59 5 997
558 69 16 957
558 91 55 904
558 109 31 94
558 112 37 1140
558 120 25 74
558 137 43 939
558 151 23 554
558 167 41 577
558 171 53 1132
558 189 58 866
558 251 19 997
558 260 10 33
558 282 35 810
559 93 31 399
559 121 13 142
559 142 37 552
559 166 3 356
559 189 9 190
559 206 29 585
559 215 25 276
559 229 1 193
559 264 7 915
559 279 22 520
559 280 58 540
559 283 16 894
559 306 52 988
559 319 43 893
560 1 10 820
560 19 35 779
560 30 1 451
560 48 43 1034
560 94 17 935
560 109 31 1114
560 120 41 1114
560 142 49 493
560 163 46 202
560 164 23 1011
560 180 13 331
560 203 37 1188
560 230 7 1171
560 240 55 1034
560 267 29 896
561 15 59 1082
561 28 34 853
561 52 8 1174
561 53 25 573
561 54 29 601
561 77 22 551
561 99 37 937
561 104 47 697
561 149 53 518
561 152 11 236
561 153 19 87
561 198 2 425
561 233 32 507
561 247 5 475
561 293 13 854
562 3 25 534
562 25 13 11
562 31 47 154
562 48 43 68
562 58 32 1056
562 67 5 587
562 68 17 92
562 120 41 1161
562 169 37 792
562 180 29 331
562 188 49 702
562 202 59 668
562 208 7 743
562 220 19 465
562 304 53 95
563 7 5 178
563 9 29 996
563 57 51 570
563 66 1 177
563 112 59 1012
563 118 33 444
563 127 7 587
563 149 31 378
563 220 55 988
563 230 19 308
563 250 46 734
563 267 17 453
563 292 49 957
563 306 22 808
563 309 25 1026
564 29 17 854
564 52 28 610
564 65 37 1063
564 77 7 47
564 94 5 812
564 115 32 547
564 116 19 599
564 153 25 5
564 162 51 577
564 218 53 892
564 268 13 591
564 287 56 173
564 289 22 341
564 305 41 1135
564 307 10 283
565 20 43 988
565 39 28 201
565 74 4 282
565 95 22 16
565 99 49 638
565 105 52 408
565 123 11 414
565 151 41 554
565 152 59 236
565 182 14 281
565 227 37 28
565 277 34 492
565 287 55 1113
565 294 7 330
566 43 45 342
566 57 37 1033
566 86 25 993
566 96 13 282
566 98 58 246
566 131 55 129
566 137 31 754
566 167 21 75
566 183 16 888
566 193 35 196
566 224 41 221
566 237 1 343
566 241 23 244
566 260 10 416
566 265 43 645
567 22 58 455
567 38 10 1160
567 45 4 1194
567 76 13 192
567 90 33 1150
567 116 7 38
567 121 22 193
567 144 19 330
567 176 47 135
567 185 55 492
567 197 1 866
567 216 49 742
567 224 53 142
567 228 37 498
567 238 41 208
568 62 43 1179
568 90 9 1198
568 104 59 832
568 105 25 452
568 107 34 868
568 123 47 583
568 152 7 241
568 160 37 81
568 166 22 730
568 206 55 585
568 224 17 1101
568 230 40 1184
568 231 13 287
568 312 52 341
568 316 1 975
569 7 59 1056
569 14 25 763
569 36 7 303
569 47 21 810
569 57 1 132
569 70 10 227
569 84 13 867
569 100 40 410
569 125 31 671
569 149 57 85
569 201 29 588
569 214 34 785
569 215 49 1132
569 220 43 465
569 312 37 8
570 10 9 498
570 18 31 936
570 39 49 841
570 57 13 531
570 58 1 581
570 78 44 641
570 108 25 40
570 117 52 310
570 178 41 1033
570 196 19 631
570 212 55 183
570 244 37 188
570 257 35 872
570 272 22 1194
570 274 5 336
571 9 31 434
571 22 19 671
571 56 7 1161
571 64 5 473
571 72 43 531
571 79 50 1172
571 107 59 661
571 137 37 754
571 142 1 669
571 147 53 87
571 155 47 1134
571 182 26 957
571 240 55 1200
571 306 16 45
571 319 33 80
572 44 49 23
572 75 43 1068
572 100 13 546
572 126 7 163
572 163 58 16
572 171 29 926
572 180 35 993
572 192 16 626
572 222 11 184
572 226 25 1020
572 228 32 1111
572 255 37 164
572 264 47 730
572 293 20 468
572 316 1 663
573 12 31 497
573 42 11 1200
573 46 23 411
573 66 25 685
573 72 3 95
573 83 49 991
573 85 7 275
573 87 47 1167
573 96 13 375
573 116 16 645
573 145 52 449
573 219 19 167
573 251 44 411
573 292 1 468
573 303 57 104
574 23 41 866
574 32 9 829
574 44 2 414
574 51 25 1165
574 129 31 840
574 133 34 447
574 186 55 870
574 205 37 138
574 211 19 633
574 234 13 435
574 241 28 992
574 248 46 138
574 257 7 1198
574 274 53 336
574 296 50 1054
575 3 13 931
575 32 55 355
575 55 25 273
575 64 23 939
575 78 1 883
575 104 17 1063
575 108 43 829
575 115 31 1008
575 151 29 554
575 182 49 420
575 242 37 176
575 259 19 419
575 281 8 764
576 46 29 751
576 73 43 996
576 93 31 694
576 126 19 883
576 136 13 465
576 143 4 108
576 156 41 329
576 181 35 462
576 187 55 493
576 194 1 647
576 236 7 910
576 282 39 1050
576 296 50 359
576 319 25 711
577 10 27 648
577 23 41 752
577 35 34 402
577 104 59 93
577 110 43 429
577 133 31 447
577 173 8 296
577 195 23 195
577 208 37 900
577 252 50 551
577 259 13 632
577 294 19 926
577 295 55 398
577 319 1 469
578 12 26 211
578 21 35 1009
578 26 56 1087
578 51 31 61
578 73 19 661
578 91 53 904
578 103 3 381
578 107 5 661
578 125 7 402
578 138 37 315
578 283 43 81
578 289 14 76
578 303 11 341
578 304 17 997
578 313 40 207
579 15 5 80
579 60 7 866
579 79 25 254
579 81 1 872
579 114 13 410
579 131 34 889
579 151 53 390
579 175 11 1069
579 223 47 272
579 238 59 475
579 273 55 485
579 278 41 1048
579 287 49 709
579 290 19 14
579 303 23 975
580 2 1 763
580 15 5 659
580 22 10 288
580 81 43 872
580 96 13 518
580 99 7 1010
580 132 17 798
580 138 31 637
580 145 22 830
580 164 49 823
580 169 52 103
580 239 40 275
580 245 47 932
580 283 55 1171
580 308 59 108
581 1 1 24
581 38 25 927
581 46 23 736
581 71 7 92
581 119 41 502
581 135 34 1140
581 143 28 975
581 161 5 49
581 169 37 1182
581 184 52 830
581 198 43 210
581 210 15 978
581 244 47 407
581 298 49 608
581 317 57 766
582 38 16 118
582 64 10 473
582 93 19 281
582 130 37 608
582 165 59 608
582 200 29 249
582 206 26 1113
582 209 1 1125
582 218 23 458
582 276 49 47
582 291 31 505
582 292 5 468
582 305 47 891
582 307 7 109
582 313 43 1124
583 45 4 783
583 46 7 355
583 89 19 890
583 131 1 8
583 152 58 498
583 171 55 104
583 183 31 112
583 184 9 261
583 200 17 961
583 208 13 997
583 229 23 831
583 243 47 23
583 286 44 728
583 316 50 206
583 318 29 1010
584 8 53 420
584 54 59 1200
584 86 43 743
584 100 25 103
584 144 37 419
584 180 7 367
584 193 40 823
584 231 17 287
584 232 49 1105
584 245 47 307
584 261 13 922
584 273 31 1123
584 274 29 336
584 290 4 183
584 312 10 532
585 17 40 283
585 40 13 27
585 59 3 616
585 86 25 375
585 103 7 173
585 116 58 682
585 152 16 241
585 214 19 387
585 221 55 148
585 226 31 238
585 241 9 275
585 271 50 306
585 310 35 369
585 319 44 707
586 12 37 314
586 45 52 907
586 58 13 453
586 67 47 587
586 97 27 289
586 119 41 170
586 135 3 218
586 163 55 737
586 174 33 736
586 176 1 170
586 178 43 1095
586 209 19 1125
586 231 23 824
586 256 8 655
586 310 49 570
587 19 17 779
587 83 58 354
587 98 52 799
587 102 29 883
587 161 11 583
587 191 56 87
587 200 35 1066
587 204 23 268
587 215 1 276
587 236 43 910
587 251 25 1038
587 280 19 1169
587 286 31 1134
587 297 38 513
587 314 7 1117
588 49 55 278
588 53 13 141
588 57 31 570
588 59 17 485
588 61 20 837
588 75 43 634
588 87 59 1167
588 93 49 558
588 99 46 832
588 107 41 661
588 114 1 1182
588 127 37 96
588 161 5 327
588 208 25 1181
588 256 7 860
589 37 11 919
589 46 59 188
589 81 49 787
589 84 7 417
589 90 37 290
589 125 19 515
589 137 3 754
589 164 28 886
589 165 15 1082
589 202 17 32
589 231 47 416
589 255 32 86
589 263 41 988
589 282 45 1050
589 296 22 106
590 3 43 597
590 20 1 960
590 48 16 1170
590 65 38 520
590 72 49 658
590 103 53 633
590 115 19 963
590 137 33 473
590 140 55 164
590 189 7 299
590 201 5 525
590 237 26 571
590 246 13 736
590 303 31 108
590 313 10 920
591 7 53 1082
591 12 49 554
591 16 13 135
591 34 23 283
591 44 7 561
591 57 43 132
591 72 3 362
591 138 34 315
591 146 25 167
591 158 31 548
591 254 19 849
591 258 37 358
591 262 55 241
591 274 17 336
591 300 29 950
592 46 7 641
592 62 19 613
592 67 37 753
592 94 41 1077
592 145 51 766
592 160 34 81
592 163 43 1184
592 188 28 912
592 232 56 411
592 264 39 168
592 266 3 498
592 270 11 281
592 287 13 249
592 308 47 820
593 8 1 356
593 14 37 528
593 30 13 451
593 35 23 948
593 66 49 840
593 88 7 164
593 99 31 318
593 154 19 667
593 238 5 488
593 249 43 470
593 254 55 671
593 273 25 752
593 305 53 910
593 320 59 131
594 5 5 244
594 17 35 1199
594 27 31 1144
594 66 25 139
594 73 7 996
594 77 46 106
594 121 55 246
594 128 11 207
594 144 37 216
594 176 17 682
594 211 13 633
594 231 29 416
594 251 52 997
594 285 20 1038
594 286 43 14
595 6 43 123
595 65 19 680
595 72 49 95
595 102 53 195
595 108 15 40
595 125 39 808
595 139 55 112
595 150 13 562
595 161 28 49
595 199 1 540
595 233 37 507
595 243 35 68
595 265 11 645
595 287 31 1113
595 298 23 734
596 2 13 763
596 49 59 1073
596 60 7 314
596 79 34 658
596 144 28 419
596 149 5 518
596 154 55 667
596 156 46 329
596 185 16 450
596 188 22 1140
596 226 50 391
596 229 41 790
596 234 37 342
596 241 3 275
597 29 34 95
597 42 5 652
597 46 3 76
597 76 25 192
597 102 41 679
597 112 11 28
597 136 37 642
597 208 7 511
597 225 59 926
597 231 46 445
597 250 16 717
597 269 20 987
597 281 55 147
597 296 49 888
598 15 1 27
598 21 55 1009
598 25 13 639
598 51 40 1193
598 76 31 1063
598 84 7 40
598 94 11 509
598 121 50 481
598 171 29 177
598 190 22 573
598 242 3 658
598 250 46 48
598 258 57 1002
598 266 25 384
598 306 37 727
599 3 9 480
599 53 37 647
599 84 49 417
599 89 13 275
599 90 1 14
599 106 17 639
599 113 55 1080
599 199 7 268
599 230 44 779
599 244 53 984
599 267 47 60
599 287 19 663
599 294 25 856
599 304 59 997
599 317 31 259
600 25 51 752
600 45 58 416
600 71 32 960
600 80 26 794
600 81 19 8
600 99 10 571
600 115 37 547
600 117 7 567
600 129 4 779
600 187 13 172
600 191 41 798
600 197 43 445
600 238 1 754
600 298 47 89
601 11 31 587
601 20 55 912
601 51 16 554
601 61 1 1038
601 85 35 221
601 127 7 1165
601 143 46 259
601 154 26 753
601 163 13 103
601 213 43 208
601 234 37 476
601 235 21 401
601 274 50 980
602 5 22 575
602 35 59 402
602 39 52 841
602 49 35 410
602 79 13 1002
602 110 31 429
602 128 47 192
602 144 16 216
602 183 28 662
602 184 39 340
602 188 25 800
602 224 5 542
602 228 9 610
602 287 55 5
602 301 43 904
603 6 25 278
603 41 53 354
603 43 56 425
603 70 34 943
603 109 13 129
603 120 29 154
603 139 37 858
603 192 31 626
603 252 43 1012
603 264 23 188
603 289 7 470
603 297 49 915
603 307 1 1007
603 316 19 461
604 11 21 860
604 31 53 1169
604 34 37 515
604 38 50 195
604 45 7 783
604 69 55 524
604 74 31 73
604 86 13 321
604 92 19 835
604 123 29 965
604 167 17 1078
604 182 2 281
604 234 25 342
604 306 45 50
604 310 11 1089
605 79 55 354
605 104 29 263
605 109 45 94
605 110 7 951
605 114 32 1200
605 121 40 193
605 149 17 817
605 173 1 623
605 207 23 788
605 218 49 48
605 223 26 75
605 282 53 413
605 289 19 1150
605 305 5 176
605 308 59 734
606 10 43 714
606 21 41 492
606 32 7 711
606 33 35 193
606 48 25 227
606 50 58 641
606 74 1 73
606 78 31 313
606 147 5 856
606 166 19 741
606 170 17 637
606 212 49 399
606 219 37 479
606 243 13 815
606 278 29 798
607 24 32 1049
607 55 20 547
607 58 51 329
607 82 46 889
607 88 27 547
607 103 5 633
607 131 13 306
607 143 10 259
607 149 49 240
607 166 43 338
607 170 25 401
607 186 38 870
607 216 56 159
607 303 3 261
607 309 16 145
608 11 25 901
608 36 4 1007
608 53 55 303
608 98 52 1146
608 110 13 951
608 132 38 190
608 185 22 473
608 191 1 1156
608 208 44 680
608 216 31 619
608 229 59 60
608 245 11 307
608 262 7 360
608 309 19 314
609 62 15 718
609 67 41 61
609 83 52 138
609 98 7 1146
609 136 37 462
609 142 25 669
609 146 57 321
609 155 35 151
609 164 5 585
609 223 1 75
609 238 11 59
609 243 13 452
609 266 44 1194
609 290 22 1095
609 300 29 52
610 29 28 595
610 35 23 38
610 54 59 181
610 94 11 1077
610 166 4 307
610 227 55 24
610 239 13 1179
610 255 37 575
610 260 31 149
610 262 50 241
610 286 16 728
610 294 19 1167
610 310 47 369
610 312 44 341
610 317 7 1026
611 23 17 1111
611 47 43 810
611 89 1 1016
611 108 19 34
611 109 39 960
611 157 11 111
611 179 23 1114
611 182 7 278
611 218 35 1008
611 253 52 440
611 256 57 655
611 272 25 1194
611 282 5 417
611 288 31 417
611 306 13 808
612 1 37 1111
612 5 13 575
612 15 29 745
612 20 7 1155
612 30 25 451
612 65 31 214
612 106 41 907
612 117 15 979
612 138 1 442
612 155 11 752
612 265 5 171
612 304 58 95
612 312 43 532
612 313 19 1176
612 318 47 420
613 7 47 608
613 71 7 721
613 92 53 25
613 103 29 381
613 134 3 627
613 140 43 601
613 176 19 52
613 181 23 414
613 198 16 721
613 204 59 294
613 227 37 847
613 238 41 475
613 275 25 48
613 305 35 74
613 320 11 858
614 1 25 24
614 19 29 779
614 38 4 668
614 66 49 177
614 87 47 314
614 116 1 682
614 121 43 927
614 165 23 387
614 190 32 106
614 241 41 150
614 262 7 34
614 295 55 679
614 299 59 929
614 314 13 935
614 318 35 916
615 11 57 211
615 21 53 1009
615 23 17 49
615 24 13 1199
615 40 28 219
615 106 23 526
615 127 19 153
615 172 46 92
615 174 31 59
615 185 40 1178
615 215 1 868
615 217 5 916
615 219 49 718
615 292 8 468
615 302 37 751
616 61 13 734
616 76 38 601
616 138 2 200
616 148 29 755
616 150 17 562
616 166 49 294
616 167 59 853
616 183 34 400
616 224 11 338
616 233 25 507
616 258 55 358
616 266 19 744
616 294 7 896
616 308 23 369
616 315 43 493
617 15 10 745
617 34 47 515
617 40 28 280
617 56 43 1195
617 95 25 667
617 102 53 306
617 105 7 381
617 106 17 545
617 150 15 562
617 164 31 585
617 172 40 889
617 214 3 444
617 236 56 980
617 266 19 173
617 314 33 659
618 58 37 597
618 66 7 840
618 75 1 155
618 101 19 925
618 106 35 950
618 111 4 804
618 135 28 1140
618 189 13 232
618 195 17 333
618 225 31 620
618 236 49 367
618 310 11 497
618 314 55 50
618 315 44 821
619 4 43 333
619 7 29 430
619 24 1 240
619 26 49 1087
619 37 41 1050
619 47 25 639
619 150 23 576
619 153 31 87
619 164 21 1011
619 187 7 1182
619 206 16 1113
619 232 57 1105
619 306 13 1188
619 319 37 505
620 31 55 1117
620 57 9 132
620 113 31 272
620 115 43 1008
620 154 57 1052
620 195 41 1182
620 200 4 1165
620 205 13 461
620 206 49 455
620 210 7 978
620 240 51 48
620 256 19 702
620 264 47 340
620 276 37 595
620 319 25 704
621 42 17 1034
621 43 13 178
621 66 7 685
621 97 47 214
621 134 25 627
621 143 52 112
621 159 11 344
621 172 1 939
621 193 23 453
621 202 35 668
621 225 5 620
621 232 19 1043
621 268 55 860
621 273 31 440
621 317 38 480
622 42 23 299
622 44 32 236
622 48 19 1023
622 61 1 161
622 75 37 213
622 114 13 599
622 116 55 682
622 148 5 867
622 164 17 915
622 179 47 79
622 184 52 340
622 234 43 476
622 238 9 208
622 313 28 1124
623 15 11 659
623 36 55 595
623 57 1 570
623 86 19 993
623 129 8 407
623 139 43 268
623 141 32 1198
623 162 5 880
623 180 35 1135
623 196 16 1020
623 233 25 1028
623 245 41 893
623 269 50 314
623 271 28 341
623 310 59 369
624 1 52 307
624 33 35 564
624 46 41 462
624 68 11 178
624 118 16 571
624 127 31 113
624 130 49 1069
624 153 1 87
624 169 37 235
624 197 8 1028
624 264 4 340
624 273 19 920
624 293 25 718
624 298 29 343
624 303 23 85
625 32 7 843
625 36 16 1016
625 53 31 303
625 110 19 429
625 111 28 238
625 116 13 645
625 120 59 523
625 153 37 619
625 179 11 903
625 209 43 349
625 235 25 858
625 238 47 59
625 285 2 213
625 295 49 603
625 299 41 547
626 8 23 487
626 41 29 1000
626 48 43 1097
626 56 19 699
626 90 25 590
626 101 13 820
626 114 1 1200
626 148 5 40
626 155 16 1135
626 176 59 830
626 192 55 626
626 228 11 401
626 238 46 208
626 294 38 896
626 299 35 1181
627 21 17 1124
627 63 22 210
627 93 37 281
627 100 7 33
627 101 19 820
627 104 31 603
627 139 43 546
627 143 49 1145
627 144 34 288
627 170 47 215
627 202 2 310
627 243 5 452
627 279 52 261
627 281 56 38
627 292 11 118
628 2 58 891
628 13 17 458
628 26 31 1165
628 47 1 1032
628 52 55 610
628 116 19 645
628 120 27 74
628 122 13 753
628 232 37 1043
628 244 5 398
628 289 43 1150
628 295 7 521
628 300 51 52
628 305 11 182
629 24 49 1063
629 29 47 595
629 61 43 481
629 79 10 1172
629 80 31 1141
629 162 13 50
629 193 29 937
629 198 55 400
629 211 15 853
629 221 25 727
629 272 38 970
629 278 53 92
629 294 1 1167
629 308 23 375
629 315 19 493
630 13 59 667
630 39 46 841
630 63 1 1176
630 67 41 73
630 101 25 1085
630 149 5 817
630 165 17 462
630 220 7 991
630 221 31 329
630 230 43 1171
630 237 13 243
630 274 11 1028
630 293 19 118
630 308 23 303
630 312 52 81
631 1 51 273
631 3 7 753
631 20 13 127
631 91 59 141
631 105 37 452
631 109 55 89
631 125 27 907
631 132 17 767
631 175 35 399
631 176 49 682
631 198 22 315
631 203 44 25
631 207 31 1161
631 292 5 192
631 302 1 32
632 7 13 1150
632 18 43 49
632 46 23 76
632 64 41 264
632 76 55 1063
632 137 7 754
632 174 49 1085
632 194 31 935
632 218 5 719
632 247 47 1129
632 267 53 473
632 283 19 147
632 294 25 896
632 301 37 1125
632 303 3 85
633 31 17 1169
633 63 22 240
633 88 49 164
633 99 38 832
633 102 53 783
633 135 4 785
633 168 19 49
633 228 47 1106
633 264 34 168
633 269 43 1135
633 278 11 253
633 281 7 900
633 298 59 343
633 315 26 244
633 316 13 491
634 32 55 793
634 37 17 919
634 81 7 8
634 95 4 667
634 119 22 640
634 154 37 745
634 168 52 1066
634 220 43 371
634 235 1 397
634 244 35 207
634 286 25 764
634 295 31 745
634 305 11 420
634 310 13 183
635 18 37 49
635 46 59 1066
635 47 31 385
635 79 22 111
635 117 15 567
635 136 43 397
635 213 29 288
635 214 1 387
635 227 7 408
635 239 56 288
635 276 49 410
635 287 25 1010
635 290 4 1198
635 313 19 829
636 24 37 240
636 49 13 837
636 61 7 475
636 130 31 608
636 164 53 394
636 192 46 919
636 198 28 354
636 214 16 387
636 225 11 685
636 242 49 400
636 246 25 671
636 270 41 139
636 290 4 626
636 294 19 657
636 301 56 161
637 28 10 800
637 35 17 948
637 52 37 1174
637 65 55 520
637 76 1 752
637 130 40 608
637 157 13 33
637 159 15 741
637 162 19 1146
637 187 49 413
637 237 25 343
637 261 43 24
637 263 29 893
637 275 32 430
637 318 53 561
638 24 7 637
638 57 14 570
638 71 43 751
638 79 28 658
638 84 37 295
638 98 25 358
638 102 41 469
638 111 49 429
638 159 53 1157
638 230 20 779
638 247 46 186
638 256 3 337
638 264 1 188
638 282 35 336
638 283 56 531
639 19 35 847
639 25 1 694
639 53 55 309
639 66 13 139
639 74 22 443
639 85 53 94
639 102 5 469
639 123 41 16
639 199 11 924
639 224 17 465
639 229 29 790
639 265 59 645
639 273 49 485
639 279 31 873
640 3 49 351
640 21 59 276
640 80 13 911
640 91 3 665
640 94 23 935
640 117 55 548
640 119 35 287
640 126 19 470
640 173 43 886
640 191 31 1156
640 210 9 103
640 212 37 1009
640 248 26 455
641 3 43 931
641 31 11 1169
641 37 53 919
641 55 28 218
641 57 19 294
641 97 23 492
641 99 37 567
641 148 35 106
641 157 16 33
641 166 49 1113
641 219 55 925
641 225 5 1105
641 301 31 704
641 304 59 190
641 305 41 309
642 9 35 1052
642 40 27 679
642 54 53 889
642 80 1 794
642 101 10 1134
642 119 59 245
642 121 19 822
642 122 16 924
642 137 31 643
642 138 22 637
642 144 7 755
642 187 37 106
642 201 55 178
642 213 5 1054
642 292 51 468
643 13 17 813
643 18 37 936
643 35 41 680
643 57 25 132
643 120 29 74
643 128 5 1145
643 129 31 1132
643 158 10 548
643 183 55 657
643 186 50 1020
643 208 43 1181
643 233 34 507
643 260 19 33
643 292 47 562
644 23 29 835
644 26 37 1087
644 89 19 369
644 100 25 822
644 179 11 79
644 181 23 991
644 183 34 662
644 191 47 798
644 208 50 680
644 232 14 1105
644 300 59 950
644 302 4 1160
644 304 41 561
644 307 7 397
644 313 55 935
645 4 26 821
645 17 17 112
645 34 23 655
645 68 5 870
645 76 56 974
645 119 47 34
645 154 49 1188
645 171 35 926
645 185 7 558
645 221 40 68
645 232 13 248
645 236 1 208
645 249 19 1120
645 257 29 743
645 308 11 369
646 5 47 481
646 85 53 734
646 94 29 812
646 102 59 248
646 117 16 327
646 131 22 378
646 158 25 121
646 165 13 1082
646 176 37 47
646 187 55 172
646 227 43 1129
646 229 41 1175
646 237 49 518
646 262 2 1063
646 274 35 351
647 24 31 1199
647 31 35 918
647 34 53 744
647 56 49 28
647 72 55 461
647 100 1 810
647 121 7 193
647 125 10 310
647 132 4 767
647 166 28 730
647 209 37 1173
647 234 15 1049
647 288 43 417
647 294 19 856
648 1 25 502
648 5 41 148
648 12 43 1128
648 26 55 1165
648 41 5 742
648 113 37 1175
648 173 8 276
648 177 14 1145
648 187 1 172
648 201 28 717
648 203 31 808
648 291 49 984
648 305 23 714
648 319 19 246
649 5 5 481
649 65 1 214
649 74 19 651
649 142 25 295
649 169 49 1182
649 171 11 926
649 178 35 1095
649 190 55 1088
649 205 43 710
649 224 41 63
649 229 17 831
649 230 38 779
649 236 13 208
649 258 31 358
649 296 58 333
650 14 13 434
650 31 31 992
650 40 49 1040
650 66 56 1181
650 111 34 1184
650 203 43 335
650 215 38 868
650 219 25 783
650 253 7 626
650 269 19 800
650 271 52 948
650 315 1 244
651 33 47 227
651 88 25 164
651 92 11 139
651 113 55 220
651 120 1 924
651 137 21 866
651 192 4 789
651 196 16 43
651 215 7 1169
651 224 53 385
651 225 19 1105
651 226 37 855
651 243 29 23
651 250 49 102
651 254 31 799
652 44 8 660
652 80 43 932
652 131 57 889
652 148 5 1173
652 164 35 585
652 186 31 1192
652 199 15 592
652 201 49 641
652 207 53 75
652 227 1 847
652 237 37 890
652 289 28 198
652 290 25 1095
652 314 19 50
652 320 55 196
653 1 19 295
653 13 17 321
653 35 23 398
653 62 37 718
653 78 55 76
653 94 59 68
653 121 26 193
653 163 46 68
653 175 9 445
653 191 7 87
653 203 1 47
653 296 31 220
653 303 11 975
653 308 5 738
653 313 14 472
654 16 31 883
654 76 49 469
654 91 53 123
654 130 40 1069
654 132 35 378
654 150 23 562
654 176 25 873
654 188 13 295
654 211 19 1184
654 218 47 458
654 262 7 16
654 284 43 1037
654 308 55 880
654 312 37 491
654 315 1 493
655 16 38 135
655 39 43 841
655 60 1 812
655 70 46 767
655 85 17 648
655 88 19 121
655 110 25 340
655 132 29 435
655 177 10 597
655 191 23 213
655 205 56 710
655 229 53 1175
655 231 49 445
655 246 31 492
655 277 14 18
656 1 31 24
656 3 19 385
656 36 58 1016
656 105 34 551
656 113 13 1011
656 147 17 308
656 155 5 487
656 166 51 741
656 185 43 524
656 196 55 1020
656 201 29 525
656 209 25 131
656 246 10 172
656 255 38 638
657 8 1 96
657 21 15 492
657 29 11 410
657 36 19 505
657 69 22 264
657 81 25 16
657 86 32 338
657 112 5 1116
657 141 46 218
657 210 13 1068
657 212 57 1009
657 226 39 797
657 243 49 244
657 281 7 1128
657 290 52 183
658 1 7 1023
658 4 34 31
658 46 43 76
658 47 13 620
658 51 31 28
658 61 26 294
658 97 17 289
658 136 45 1147
658 180 11 993
658 200 41 113
658 240 19 797
658 291 37 984
658 307 3 111
658 311 1 741
658 316 49 491
659 28 31 853
659 68 19 637
659 76 55 545
659 105 49 202
659 173 25 623
659 175 35 1069
659 176 37 474
659 182 13 365
659 191 17 177
659 209 8 1125
659 246 52 172
659 264 4 188
659 274 23 497
659 276 39 47
659 283 46 81
660 17 59 547
660 18 49 49
660 53 13 647
660 67 23 61
660 71 1 400
660 113 19 1182
660 120 17 390
660 192 7 149
660 218 47 375
660 222 29 248
660 226 25 890
660 231 11 1141
660 240 31 737
660 256 43 576
660 300 35 52
661 16 37 929
661 20 7 450
661 32 43 1144
661 74 19 443
661 76 13 344
661 136 55 437
661 182 25 402
661 199 59 1043
661 223 31 75
661 225 23 1184
661 236 1 965
661 257 5 149
661 267 53 896
661 281 49 108
661 286 33 616
662 24 56 908
662 32 19 355
662 45 34 729
662 48 37 599
662 49 53 137
662 52 4 576
662 98 46 1101
662 123 23 121
662 140 25 1033
662 145 10 735
662 183 7 945
662 219 49 450
662 221 43 847
662 222 41 449
662 261 14 24
663 24 49 1199
663 50 7 613
663 58 44 181
663 61 14 201
663 67 59 73
663 101 3 925
663 128 53 1106
663 142 31 472
663 152 1 241
663 163 25 202
663 206 35 936
663 225 11 1105
663 250 55 25
663 252 37 551
663 287 21 287
664 7 49 1056
664 34 13 655
664 71 2 94
664 87 5 161
664 122 52 18
664 161 23 800
664 167 11 577
664 181 47 159
664 190 16 309
664 226 56 216
664 244 29 1171
664 257 20 220
664 294 38 657
664 298 35 395
664 312 7 78
665 9 57 118
665 45 52 434
665 53 13 303
665 107 17 868
665 135 10 785
665 138 7 835
665 193 47 453
665 194 49 154
665 196 4 988
665 214 40 785
665 225 29 1105
665 235 25 561
665 239 34 1172
665 306 19 391
665 320 1 190
666 25 1 639
666 36 25 303
666 66 7 139
666 70 31 264
666 71 19 826
666 101 13 972
666 123 59 993
666 135 22 307
666 144 56 970
666 163 34 1134
666 179 53 79
666 214 38 582
666 215 45 289
666 314 49 669
666 320 29 215
667 4 2 929
667 15 5 745
667 17 29 283
667 59 17 1195
667 68 11 870
667 120 59 491
667 161 31 473
667 167 53 155
667 197 19 1028
667 198 46 210
667 212 49 1007
667 248 40 939
667 249 55 830
667 252 13 726
667 260 22 33
668 63 37 321
668 95 10 667
668 108 31 395
668 124 26 142
668 157 4 710
668 179 22 1155
668 185 1 619
668 195 53 1054
668 199 17 901
668 208 49 543
668 226 43 416
668 239 55 822
668 270 59 250
668 292 47 957
668 311 35 1182
669 33 22 567
669 48 52 68
669 75 49 61
669 76 43 192
669 88 1 782
669 98 40 488
669 114 7 1200
669 119 33 640
669 166 13 338
669 193 29 196
669 213 25 547
669 252 55 240
669 298 35 911
669 303 17 347
670 50 22 641
670 61 31 171
670 95 19 16
670 128 53 161
670 147 58 327
670 149 11 85
670 206 7 1176
670 217 35 843
670 228 5 1111
670 247 17 1038
670 278 40 915
670 291 49 1012
670 295 43 679
670 300 29 11
670 301 25 161
671 23 29 413
671 54 23 419
671 72 13 904
671 108 7 395
671 125 56 640
671 145 4 216
671 146 31 1052
671 150 37 1128
671 190 49 170
671 192 1 935
671 202 47 668
671 236 43 980
671 251 40 1038
671 266 19 384
671 270 27 1186
672 15 25 648
672 31 23 480
672 44 14 23
672 45 52 523
672 91 49 752
672 99 1 382
672 101 31 529
672 119 35 1089
672 131 10 889
672 148 40 585
672 184 58 699
672 197 27 1153
672 207 4 313
672 218 47 40
672 315 43 40
673 26 19 351
673 27 7 542
673 41 23 590
673 58 25 453
673 60 43 815
673 88 13 164
673 116 50 703
673 158 31 121
673 211 56 633
673 237 38 343
673 294 2 657
673 307 34 109
673 308 53 366
674 17 5 437
674 51 7 61
674 57 19 570
674 79 40 901
674 155 11 206
674 165 49 1082
674 172 31 975
674 209 25 525
674 216 1 562
674 239 34 534
674 250 58 48
674 253 16 65
674 255 51 411
674 273 43 111
675 4 31 929
675 50 37 880
675 60 13 1141
675 90 43 1198
675 97 1 289
675 123 35 414
675 145 49 369
675 174 3 1101
675 218 11 916
675 237 25 668
675 252 56 1123
675 257 53 93
675 269 19 607
675 287 7 663
676 3 31 351
676 88 7 922
676 91 5 182
676 116 22 703
676 160 58 282
676 198 43 425
676 207 17 307
676 210 55 1068
676 265 15 333
676 275 49 1193
676 276 26 445
676 283 2 894
676 295 37 521
676 308 41 734
676 309 46 188
677 11 26 309
677 16 44 473
677 40 4 27
677 100 37 588
677 108 49 40
677 113 7 1011
677 124 32 1106
677 143 1 108
677 182 55 767
677 188 40 1160
677 208 19 511
677 261 13 21
678 75 4 382
678 100 28 810
678 136 19 642
678 143 1 961
678 186 49 1192
678 227 55 408
678 242 31 835
678 254 7 195
678 281 37 764
678 289 25 1055
678 297 45 660
678 300 43 950
678 319 13 218
679 7 27 1150
679 22 22 671
679 44 43 637
679 52 37 873
679 61 55 734
679 108 1 40
679 111 13 494
679 122 49 477
679 124 33 93
679 126 7 837
679 153 16 195
679 156 31 479
679 172 52 1095
679 199 59 358
679 239 40 932
680 13 5 321
680 15 16 745
680 23 53 1028
680 52 43 246
680 53 31 573
680 54 29 1200
680 106 47 526
680 169 22 313
680 191 13 329
680 232 25 248
680 240 49 1200
680 253 39 440
680 254 7 671
680 268 35 342
680 315 55 272
681 20 25 449
681 70 13 1171
681 86 3 993
681 89 45 226
681 108 7 987
681 147 41 282
681 156 35 104
681 161 55 583
681 178 43 1026
681 188 16 804
681 206 53 1113
681 276 49 798
681 287 31 219
681 296 38 18
681 307 22 109
682 9 23 272
682 41 11 354
682 62 49 490
682 122 40 477
682 124 55 831
682 143 8 607
682 152 29 176
682 172 16 63
682 216 1 159
682 228 19 610
682 229 5 790
682 231 27 824
682 251 34 87
682 309 43 188
682 318 47 939
683 4 13 1123
683 26 49 142
683 39 28 841
683 43 19 939
683 69 55 338
683 85 23 21
683 99 16 1110
683 164 53 823
683 196 46 148
683 203 1 335
683 209 7 1173
683 220 31 371
683 252 38 1012
683 282 59 413
683 312 25 494
684 6 40 937
684 58 32 813
684 67 11 1007
684 88 19 164
684 95 49 198
684 118 52 932
684 124 43 93
684 128 23 1193
684 167 59 155
684 186 7 285
684 222 17 449
684 237 55 357
684 254 1 137
684 272 28 1194
684 286 37 927
685 4 25 943
685 28 7 853
685 33 13 567
685 38 10 601
685 39 52 201
685 125 19 640
685 154 1 583
685 160 37 166
685 198 31 400
685 201 23 34
685 224 59 385
685 225 17 1184
685 267 29 34
685 299 5 794
685 313 34 1124
686 1 40 1023
686 9 17 937
686 39 3 52
686 65 13 214
686 74 7 1082
686 150 37 1085
686 158 55 121
686 176 35 831
686 199 59 735
686 214 31 327
686 238 23 883
686 245 29 216
686 251 10 1120
686 315 19 562
686 320 1 196
687 17 47 131
687 20 19 231
687 45 13 523
687 48 49 657
687 58 25 597
687 98 16 488
687 113 7 272
687 117 4 567
687 132 37 562
687 175 11 529
687 185 57 375
687 194 52 1016
687 216 31 790
687 268 35 18
687 288 43 753
688 38 4 931
688 45 34 416
688 65 51 14
688 91 1 665
688 114 19 1200
688 116 25 195
688 118 7 571
688 165 41 387
688 183 10 200
688 258 13 1008
688 274 17 351
688 296 46 150
688 309 37 193
688 312 28 737
688 318 59 992
689 8 29 891
689 36 46 505
689 56 31 249
689 57 7 570
689 62 51 235
689 74 1 443
689 82 55 1160
689 87 11 357
689 151 5 896
689 190 58 149
689 191 35 213
689 258 14 278
689 295 19 398
689 301 25 220
689 304 23 449
690 19 13 342
690 23 5 753
690 56 39 299
690 59 9 736
690 77 25 792
690 80 49 331
690 102 11 804
690 106 47 854
690 126 20 74
690 199 37 268
690 211 55 1119
690 218 29 1049
690 221 31 868
690 237 43 343
690 284 1 886
691 2 49 425
691 8 5 1139
691 31 31 50
691 48 55 498
691 80 7 184
691 86 33 1173
691 90 13 14
691 120 53 1114
691 163 38 711
691 170 29 1078
691 193 41 196
691 253 1 474
691 263 59 445
691 282 47 810
691 295 20 603
692 10 7 514
692 21 19 276
692 39 2 613
692 51 22 1165
692 72 49 901
692 80 43 1117
692 106 5 699
692 147 29 856
692 174 37 1030
692 179 17 903
692 234 31 476
692 242 13 658
692 285 55 336
692 291 25 1032
692 310 35 183
693 20 14 812
693 61 43 475
693 146 37 1052
693 178 28 261
693 194 25 389
693 196 49 75
693 210 11 1117
693 225 59 703
693 227 7 335
693 230 52 308
693 241 23 226
693 263 4 445
693 279 31 787
693 283 34 907
693 303 19 472
694 32 19 221
694 40 7 1040
694 52 43 129
694 54 23 936
694 76 37 804
694 141 16 142
694 155 59 984
694 161 55 473
694 191 53 1156
694 201 47 717
694 209 25 689
694 210 41 307
694 258 1 221
694 302 50 32
694 315 31 562
695 17 41 131
695 36 34 1178
695 71 19 92
695 105 58 551
695 110 1 141
695 153 26 619
695 168 22 1187
695 195 9 333
695 204 13 268
695 233 55 766
695 241 53 65
695 266 49 744
695 285 43 696
695 294 15 1167
695 313 37 589
696 26 43 589
696 74 13 697
696 108 31 987
696 112 5 960
696 126 55 489
696 128 41 244
696 135 1 273
696 142 19 478
696 188 7 295
696 214 52 582
696 219 37 1164
696 250 10 891
696 289 49 1045
696 297 25 660
697 8 7 1139
697 20 25 1155
697 31 5 412
697 37 23 385
697 47 44 385
697 62 1 751
697 104 19 1052
697 113 13 272
697 123 29 1123
697 133 57 502
697 214 49 280
697 266 31 428
697 276 9 490
697 289 37 184
697 309 52 188
698 10 55 648
698 45 25 528
698 65 37 965
698 72 19 904
698 74 1 282
698 107 41 59
698 132 10 1171
698 175 17 667
698 178 49 639
698 187 13 903
698 212 31 330
698 268 59 235
698 270 53 139
698 292 5 276
698 301 44 1125
699 36 28 96
699 40 16 219
699 43 21 912
699 54 59 138
699 85 43 94
699 103 41 652
699 153 7 113
699 179 19 81
699 236 55 1187
699 237 31 890
699 264 35 340
699 284 50 281
699 289 10 198
699 299 47 366
699 307 4 788
700 13 59 458
700 43 45 178
700 50 25 641
700 59 53 1033
700 73 55 911
700 90 37 699
700 119 43 640
700 137 13 411
700 147 1 283
700 151 11 755
700 168 4 490
700 172 19 1153
700 207 29 313
700 309 7 929
700 320 41 505
701 13 47 287
701 50 27 360
701 62 43 1160
701 78 37 620
701 86 19 1033
701 90 7 1099
701 99 51 831
701 110 31 951
701 159 5 344
701 161 59 800
701 162 41 115
701 188 16 912
701 247 23 148
701 257 25 149
701 297 55 431
702 5 23 657
702 7 29 1056
702 94 41 509
702 105 19 551
702 107 17 59
702 153 37 553
702 159 5 1157
702 162 47 577
702 169 10 888
702 173 1 787
702 248 49 217
702 250 52 529
702 258 32 894
702 285 55 978
702 314 25 50
703 10 38 783
703 40 16 1040
703 50 55 65
703 71 13 102
703 72 19 362
703 118 49 932
703 121 7 473
703 135 26 474
703 153 34 714
703 196 10 201
703 197 43 1028
703 199 53 132
703 214 31 81
703 291 1 984
704 13 43 211
704 34 53 655
704 35 41 764
704 54 17 1182
704 72 7 904
704 86 55 993
704 134 13 395
704 159 29 785
704 177 31 597
704 178 47 542
704 213 11 435
704 215 49 11
704 228 3 893
704 230 26 1061
704 291 20 804
705 18 7 781
705 45 40 416
705 50 19 641
705 53 25 338
705 120 47 28
705 128 59 207
705 132 35 1171
705 160 50 65
705 177 43 616
705 187 55 587
705 210 53 978
705 238 16 936
705 251 13 87
705 295 1 652
705 308 29 738
706 7 46 1150
706 29 53 854
706 32 25 829
706 45 7 120
706 108 49 34
706 140 55 1198
706 164 5 303
706 168 10 153
706 175 23 528
706 177 13 597
706 178 40 261
706 206 33 585
706 261 1 21
706 262 19 892
707 5 38 1069
707 14 31 528
707 63 19 1034
707 99 10 880
707 124 49 1106
707 133 7 447
707 153 40 468
707 162 4 115
707 223 23 754
707 235 1 217
707 241 59 1192
707 261 55 98
707 281 13 38
707 311 43 186
707 313 46 1124
708 28 10 853
708 53 19 303
708 66 37 139
708 96 57 1068
708 99 52 1048
708 124 25 93
708 153 4 420
708 194 34 935
708 224 17 411
708 225 29 1184
708 241 55 375
708 295 13 603
708 317 43 880
709 3 32 480
709 15 21 745
709 24 25 349
709 61 1 263
709 86 7 993
709 94 23 509
709 104 41 832
709 219 43 479
709 225 51 620
709 230 13 1073
709 241 11 170
709 248 16 619
709 254 57 585
709 302 37 32
710 7 39 1056
710 8 5 96
710 23 29 866
710 27 25 554
710 49 53 837
710 99 49 880
710 103 16 173
710 148 55 40
710 181 41 1116
710 227 8 1129
710 239 58 168
710 242 32 176
710 252 1 815
710 253 13 65
710 261 19 21
711 11 49 211
711 36 1 303
711 82 40 837
711 126 43 440
711 152 27 498
711 156 53 1164
711 171 23 1132
711 176 59 135
711 191 34 329
711 249 7 1066
711 253 4 474
711 273 13 1089
711 282 11 1050
711 303 57 261
711 318 31 208
712 8 53 751
712 42 23 246
712 64 35 627
712 79 44 1172
712 95 4 1176
712 138 1 988
712 144 16 841
712 152 47 236
712 172 58 63
712 188 19 354
712 210 41 1068
712 222 13 794
712 226 25 416
712 295 49 398
712 301 31 817
713 1 37 853
713 17 55 447
713 44 27 414
713 57 57 132
713 66 1 840
713 90 31 481
713 125 40 640
713 151 47 835
713 220 20 112
713 228 10 893
713 245 5 744
713 269 13 800
713 285 43 978
713 308 35 103
713 319 49 711
714 20 37 892
714 29 19 595
714 35 41 398
714 55 13 507
714 139 7 858
714 175 21 1069
714 177 2 1077
714 189 16 992
714 213 5 582
714 224 23 794
714 225 53 703
714 231 59 474
714 289 43 992
714 313 28 207
714 316 31 299
715 36 13 924
715 73 50 996
715 102 35 98
715 105 22 542
715 131 43 8
715 136 7 642
715 137 31 922
715 152 41 236
715 190 25 1045
715 221 1 402
715 227 37 1152
715 239 28 358
715 241 47 1192
715 295 56 652
715 298 11 400
716 3 19 480
716 9 59 118
716 22 40 925
716 48 52 452
716 81 55 1146
716 139 7 546
716 160 37 728
716 205 14 1007
716 249 43 314
716 286 4 927
716 292 49 468
716 309 34 929
716 312 26 891
716 313 1 92
717 8 9 1139
717 13 31 360
717 41 47 742
717 83 28 1139
717 103 26 217
717 108 55 987
717 151 59 419
717 168 2 49
717 175 23 399
717 195 34 820
717 196 13 787
717 268 53 66
717 291 49 318
717 303 5 341
717 306 16 259
718 34 17 793
718 37 35 948
718 67 7 1124
718 100 51 295
718 120 49 531
718 127 13 651
718 164 19 452
718 167 29 577
718 196 22 1030
718 207 5 821
718 214 58 582
718 216 31 159
718 241 11 375
718 286 46 1173
718 295 37 577
719 50 1 931
719 63 19 349
719 68 17 870
719 156 47 241
719 170 23 1001
719 177 14 1099
719 178 49 261
719 197 4 554
719 202 53 668
719 209 32 1125
719 213 59 1140
719 216 37 494
719 219 25 793
719 265 9 648
719 299 43 103
720 67 47 753
720 72 19 151
720 83 32 920
720 96 4 1068
720 102 23 150
720 123 11 866
720 130 1 608
720 136 27 1044
720 207 25 1161
720 234 49 476
720 266 13 863
720 272 37 1194
720 295 43 652
720 299 53 667
721 12 49 443
721 16 55 883
721 40 1 219
721 41 35 590
721 48 19 718
721 49 23 888
721 64 59 444
721 76 9 1063
721 97 7 289
721 100 37 410
721 151 17 1198
721 171 31 104
721 204 13 1056
721 257 28 85
721 278 4 798
722 34 39 515
722 39 25 201
722 43 31 912
722 52 1 1174
722 58 13 235
722 62 8 592
722 67 35 841
722 85 17 21
722 138 22 1199
722 163 55 202
722 191 5 159
722 194 19 489
722 207 53 795
722 281 49 1073
722 304 59 111
723 6 31 123
723 27 7 497
723 60 1 477
723 63 45 240
723 72 26 95
723 84 49 889
723 91 11 1199
723 110 37 429
723 159 41 545
723 242 19 658
723 281 13 1128
723 303 5 564
723 306 58 808
724 47 19 639
724 79 31 709
724 80 26 1156
724 90 37 590
724 97 41 916
724 124 55 93
724 133 49 502
724 156 23 659
724 194 46 489
724 199 53 735
724 243 1 920
724 254 7 1138
724 281 13 764
724 286 34 764
724 309 4 1066
725 25 19 738
725 42 31 80
725 107 59 8
725 108 13 205
725 125 50 1184
725 140 39 787
725 158 7 121
725 192 34 8
725 196 55 201
725 210 37 52
725 224 47 470
725 229 53 60
725 295 1 521
725 310 17 751
725 320 29 131
726 11 31 66
726 67 35 587
726 92 41 1198
726 100 45 103
726 108 27 1161
726 153 55 468
726 155 5 847
726 173 37 276
726 182 49 402
726 184 7 984
726 196 22 407
726 231 43 824
726 306 10 974
726 308 17 734
726 312 58 273
727 16 1 135
727 60 19 590
727 61 31 734
727 64 35 939
727 80 55 927
727 134 37 627
727 168 16 577
727 186 49 178
727 203 25 526
727 215 43 420
727 221 7 868
727 243 59 1138
727 250 10 299
727 268 53 248
727 310 41 570
728 20 37 127
728 34 29 655
728 49 11 108
728 59 14 362
728 89 55 1000
728 91 16 489
728 96 26 518
728 124 31 903
728 133 46 447
728 172 43 395
728 254 19 137
728 262 1 16
728 267 59 289
728 295 49 679
728 315 7 244
729 7 29 1150
729 36 13 595
729 60 49 870
729 74 31 280
729 79 34 493
729 105 55 452
729 149 5 85
729 153 58 714
729 198 10 721
729 209 39 753
729 240 43 1192
729 243 53 244
729 255 25 381
729 265 7 841
729 316 19 491
730 9 41 272
730 18 37 232
730 45 13 416
730 54 5 601
730 142 50 246
730 150 55 576
730 201 17 188
730 218 11 1049
730 228 27 401
730 261 1 106
730 267 35 1195
730 275 19 48
730 279 43 163
730 307 46 109
730 320 59 564
731 27 13 396
731 55 58 218
731 90 31 477
731 99 43 832
731 126 19 1066
731 143 7 458
731 147 47 308
731 180 41 1153
731 182 25 466
731 204 29 592
731 248 2 1128
731 260 52 8
731 287 37 719
731 308 5 375
731 310 35 497
732 3 3 480
732 39 13 581
732 51 43 849
732 69 46 524
732 79 52 45
732 132 22 767
732 142 38 359
732 143 34 961
732 183 28 1128
732 233 16 507
732 246 25 487
732 249 55 470
732 295 7 631
732 312 31 532
733 54 55 11
733 87 23 73
733 96 49 1068
733 116 1 1117
733 164 17 1011
733 217 13 843
733 235 45 401
733 256 31 92
733 257 27 1198
733 266 57 1157
733 273 7 619
733 274 15 351
733 278 53 807
733 292 43 118
733 310 29 1071
734 60 19 458
734 84 1 481
734 109 43 1114
734 114 7 1087
734 168 49 1066
734 173 55 623
734 176 59 587
734 184 13 984
734 199 17 132
734 220 33 465
734 223 11 8
734 233 31 172
734 275 37 1145
734 286 28 927
734 300 5 830
735 24 26 637
735 63 1 1034
735 98 49 799
735 101 52 1134
735 137 7 643
735 139 37 570
735 150 17 576
735 160 4 808
735 196 58 407
735 243 19 23
735 283 33 147
735 291 43 414
735 300 21 52
735 305 11 714
735 315 13 244
736 4 40 333
736 13 23 321
736 16 14 313
736 69 44 264
736 114 7 960
736 159 11 1032
736 167 58 1186
736 205 19 710
736 206 35 259
736 213 53 840
736 217 29 285
736 236 3 910
736 240 49 1050
736 278 1 253
736 285 31 65
737 29 5 410
737 90 19 481
737 107 59 868
737 112 29 28
737 124 49 707
737 131 25 889
737 146 43 1052
737 201 23 588
737 205 9 710
737 263 3 1141
737 270 13 1186
737 283 31 531
737 300 7 52
737 306 34 1188
737 316 55 663
738 40 34 1040
738 42 5 47
738 44 55 236
738 69 13 431
738 168 46 924
738 187 37 172
738 192 16 149
738 237 49 571
738 243 41 597
738 273 25 1089
738 275 1 113
738 280 43 1169
738 284 19 886
738 297 7 263
739 39 58 201
739 41 55 120
739 55 28 854
739 125 25 524
739 126 13 74
739 128 41 1145
739 131 37 306
739 134 49 662
739 135 4 273
739 175 17 528
739 230 10 779
739 248 46 207
739 276 31 47
739 281 19 38
740 24 2 68
740 81 13 264
740 86 31 993
740 89 56 226
740 131 7 950
740 133 22 843
740 233 11 587
740 235 52 217
740 282 17 11
740 296 49 138
740 297 43 1078
740 309 37 1026
740 319 25 505
741 5 59 1124
741 33 29 564
741 44 33 561
741 100 16 588
741 119 49 640
741 127 51 613
741 130 25 1069
741 167 31 1186
741 200 23 127
741 228 1 1111
741 236 19 1152
741 280 3 1008
741 285 55 1038
741 290 46 331
741 315 7 420
742 34 59 863
742 39 31 182
742 45 49 416
742 50 40 880
742 57 55 294
742 66 43 1134
742 73 1 837
742 101 22 1134
742 112 35 554
742 179 47 1071
742 196 37 901
742 233 10 507
742 235 13 980
742 243 53 23
742 285 25 929
743 28 31 526
743 49 47 888
743 50 37 430
743 52 40 246
743 68 34 870
743 96 43 20
743 150 29 562
743 168 26 577
743 186 8 719
743 205 19 714
743 243 53 186
743 271 50 115
743 282 5 11
743 301 56 1125
744 3 19 534
744 29 41 524
744 65 31 680
744 70 58 417
744 97 11 1037
744 111 55 792
744 116 46 703
744 223 28 75
744 232 1 1108
744 234 49 342
744 285 7 1034
744 316 37 1172
744 319 13 413
745 49 43 993
745 71 19 960
745 79 10 589
745 87 29 357
745 102 53 804
745 182 56 957
745 199 47 132
745 208 13 1181
745 230 50 616
745 236 1 245
745 241 41 929
745 244 17 1108
745 282 23 417
745 309 25 961
745 311 35 420
746 23 23 511
746 26 55 142
746 31 5 63
746 58 19 235
746 72 51 531
746 116 7 638
746 126 31 74
746 165 28 387
746 191 40 213
746 226 15 213
746 234 1 1078
746 252 43 183
746 271 10 306
747 19 53 1172
747 29 59 730
747 52 43 1174
747 84 15 814
747 106 13 526
747 108 37 1161
747 150 41 735
747 171 5 177
747 237 20 518
747 241 47 1182
747 250 7 48
747 276 55 47
747 277 49 18
747 297 31 1078
747 318 28 208
748 3 20 931
748 35 11 886
748 55 37 837
748 61 7 661
748 86 25 73
748 87 17 161
748 96 52 573
748 149 49 259
748 162 40 766
748 168 43 577
748 210 47 52
748 249 1 167
748 285 13 1038
748 297 55 937
748 312 34 526
749 5 1 148
749 9 47 548
749 66 3 139
749 99 13 1048
749 136 55 556
749 148 25 1173
749 215 37 371
749 217 23 894
749 219 27 310
749 228 50 401
749 242 7 410
749 246 31 31
749 250 20 863
749 262 43 735
749 282 17 417
750 15 3 745
750 22 28 925
750 42 59 47
750 71 7 94
750 72 39 151
750 80 14 932
750 101 19 787
750 103 11 633
750 107 47 661
750 111 31 792
750 133 49 843
750 153 55 195
750 277 52 21
750 311 37 741
750 312 43 491
751 35 29 402
751 142 37 979
751 145 55 965
751 147 23 65
751 160 1 813
751 162 33 50
751 167 49 577
751 174 25 59
751 175 53 528
751 178 13 419
751 194 15 412
751 200 5 184
751 261 7 554
751 281 44 900
751 299 11 1181
752 17 29 400
752 64 31 667
752 110 19 25
752 122 16 382
752 129 13 1010
752 132 1 767
752 143 10 351
752 151 55 835
752 193 3 453
752 199 53 358
752 247 41 1129
752 253 46 561
752 254 57 412
752 279 34 927
752 283 7 894
753 24 13 240
753 50 40 931
753 67 47 61
753 70 44 1153
753 79 19 545
753 107 11 98
753 123 29 657
753 128 17 1193
753 130 58 737
753 133 32 502
753 136 51 1128
753 147 49 327
753 244 23 1108
753 295 7 577
753 297 25 1088
754 6 4 210
754 23 55 752
754 32 19 1111
754 98 9 488
754 118 49 592
754 147 59 147
754 159 41 341
754 160 1 66
754 224 17 385
754 227 43 903
754 263 29 1030
754 275 37 997
754 298 23 400
754 299 47 1172
754 309 52 1026
755 39 16 753
755 40 31 679
755 78 1 637
755 81 56 28
755 85 5 734
755 141 40 142
755 182 19 1088
755 214 10 582
755 232 49 576
755 252 43 1123
755 256 26 576
755 260 7 347
755 272 34 970
756 26 55 366
756 35 59 680
756 58 49 890
756 63 31 1176
756 80 1 911
756 95 34 925
756 100 37 33
756 115 25 112
756 119 45 640
756 139 13 1071
756 161 29 583
756 178 43 639
756 266 19 487
756 294 7 657
756 311 47 741
757 7 47 728
757 25 7 793
757 55 52 1032
757 74 28 282
757 126 13 883
757 133 43 447
757 172 32 1009
757 187 37 387
757 231 55 287
757 232 1 248
757 257 5 872
757 282 59 810
757 287 19 709
757 309 49 929
758 39 58 753
758 42 17 273
758 66 37 411
758 108 19 40
758 121 26 98
758 133 34 295
758 140 13 155
758 146 49 1052
758 147 29 87
758 183 1 238
758 184 44 873
758 265 23 135
758 270 41 250
758 304 47 997
758 307 8 111
759 27 55 525
759 44 7 414
759 74 31 1082
759 85 41 358
759 89 37 709
759 112 47 201
759 120 23 390
759 128 35 1193
759 147 5 939
759 174 43 59
759 197 52 918
759 294 1 896
759 307 14 111
759 314 19 268
759 319 25 779
760 27 50 717
760 28 7 86
760 29 41 595
760 30 20 451
760 36 13 1016
760 153 28 5
760 218 10 552
760 219 43 545
760 239 25 168
760 254 1 849
760 273 37 1048
760 292 16 468
760 297 56 150
760 319 31 369
761 6 49 278
761 28 22 823
761 54 41 11
761 66 37 177
761 86 26 880
761 105 55 551
761 127 31 218
761 139 43 858
761 145 58 1134
761 151 35 509
761 194 1 154
761 220 9 371
761 294 14 856
761 304 5 727
762 39 16 558
762 46 7 45
762 91 5 752
762 111 13 804
762 126 55 1066
762 156 1 479
762 167 45 659
762 203 25 1188
762 237 37 243
762 238 53 475
762 245 59 793
762 275 31 564
762 293 9 154
762 306 50 208
762 315 19 821
763 7 29 931
763 16 31 135
763 20 19 812
763 55 16 1117
763 57 1 278
763 58 55 430
763 65 37 214
763 80 49 1156
763 88 7 1049
763 125 13 515
763 137 43 783
763 294 25 1167
763 298 11 570
764 3 55 907
764 74 31 697
764 77 20 1012
764 84 13 889
764 94 41 935
764 97 35 214
764 116 50 645
764 127 1 651
764 140 37 148
764 208 25 743
764 261 44 922
764 265 11 333
764 294 7 856
764 299 53 480
764 311 29 186
765 39 7 892
765 52 37 246
765 73 31 34
765 110 1 951
765 122 52 371
765 131 40 306
765 147 47 65
765 178 17 428
765 210 5 1164
765 250 28 470
765 253 49 440
765 278 59 915
765 287 13 5
765 296 25 170
765 310 35 1071
766 4 58 492
766 10 7 106
766 60 25 1178
766 77 19 564
766 104 17 832
766 121 1 338
766 151 46 509
766 168 55 573
766 170 11 1001
766 186 13 870
766 214 51 327
766 233 5 766
766 236 31 1162
766 272 40 1194
766 296 22 599
767 44 7 236
767 51 46 849
767 92 19 1069
767 131 58 637
767 138 55 1199
767 157 5 873
767 197 49 918
767 208 39 526
767 215 21 276
767 245 53 89
767 255 1 359
767 273 25 1040
767 295 13 521
767 297 31 660
768 52 22 1034
768 67 29 299
768 96 43 331
768 103 46 280
768 124 9 666
768 130 55 608
768 186 25 285
768 225 49 620
768 228 1 893
768 232 3 419
768 256 33 655
768 264 53 960
768 290 13 1175
768 296 16 787
768 303 51 104
769 11 31 1054
769 18 19 360
769 20 37 181
769 25 43 131
769 48 13 936
769 57 55 836
769 103 59 280
769 133 1 843
769 151 29 936
769 200 53 755
769 243 11 1138
769 267 47 1195
769 282 17 552
769 293 49 936
769 306 4 109
770 17 23 68
770 22 40 727
770 45 16 523
770 65 31 963
770 132 35 562
770 159 53 785
770 166 37 680
770 197 2 1028
770 205 7 1007
770 206 28 1113
770 214 13 387
770 235 19 397
770 266 56 200
770 288 49 795
770 294 43 926
771 25 49 858
771 37 17 610
771 85 53 493
771 114 39 631
771 117 1 546
771 126 44 573
771 181 7 545
771 194 31 296
771 243 58 244
771 270 9 1186
771 271 4 948
771 280 20 540
771 286 13 927
771 288 25 196
771 306 55 808
772 11 49 66
772 40 22 960
772 62 25 154
772 66 44 139
772 127 38 163
772 142 31 669
772 164 15 585
772 209 7 525
772 239 4 494
772 257 59 309
772 260 19 149
772 275 55 1193
772 308 11 449
772 312 1 202
773 23 35 1028
773 43 13 939
773 45 10 729
773 55 25 613
773 73 31 824
773 130 19 1077
773 153 4 1117
773 202 37 789
773 243 41 23
773 257 1 1198
773 269 49 800
773 282 29 362
773 291 55 414
773 318 47 916
773 319 43 249
774 34 55 655
774 45 46 434
774 63 1 1061
774 65 19 965
774 77 25 355
774 154 57 382
774 157 29 474
774 158 7 548
774 162 23 131
774 172 52 285
774 173 37 886
774 219 32 793
774 243 17 920
774 255 13 381
774 310 41 1071
775 22 10 47
775 116 40 38
775 129 55 342
775 135 1 785
775 143 13 665
775 179 23 582
775 180 5 1153
775 199 59 927
775 216 19 196
775 234 51 1049
775 235 28 397
775 278 25 253
775 293 44 1080
775 299 35 127
775 315 31 821
776 23 41 835
776 27 31 554
776 39 25 841
776 66 19 139
776 86 49 375
776 95 58 532
776 97 17 1160
776 121 1 1147
776 129 28 407
776 132 53 47
776 205 13 1001
776 207 37 808
776 213 35 1054
776 287 43 709
776 298 10 1150
777 1 1 295
777 7 11 931
777 10 55 564
777 23 31 511
777 59 7 736
777 86 19 375
777 91 5 489
777 97 13 289
777 105 33 202
777 175 9 1069
777 217 41 894
777 230 26 1171
777 232 49 1043
777 244 29 398
777 278 17 381
778 14 25 18
778 38 31 915
778 62 49 31
778 76 1 545
778 85 13 1194
778 97 20 289
778 122 58 466
778 150 23 735
778 163 34 455
778 191 16 1156
778 201 41 1008
778 241 43 275
778 252 7 696
778 268 47 66
778 308 37 738
779 13 9 425
779 45 19 434
779 50 37 931
779 52 31 610
779 53 1 972
779 65 55 991
779 87 11 1174
779 102 47 306
779 103 53 173
779 201 7 588
779 213 23 840
779 237 14 343
779 272 43 970
779 289 49 992
780 62 49 751
780 74 4 280
780 87 35 263
780 113 26 640
780 124 19 431
780 128 59 1193
780 171 11 104
780 178 23 639
780 195 53 16
780 208 13 511
780 221 37 68
780 226 31 201
780 271 1 1002
780 276 43 991
780 312 40 891
781 5 31 397
781 6 22 1117
781 52 52 860
781 55 34 1087
781 67 58 524
781 149 45 85
781 152 41 241
781 168 55 171
781 203 1 461
781 220 37 465
781 221 49 868
781 257 25 85
781 259 7 632
781 291 27 984
781 301 13 817
782 4 38 461
782 29 11 95
782 52 21 873
782 93 25 847
782 120 29 390
782 170 41 1001
782 192 34 149
782 206 19 1113
782 210 17 970
782 232 3 1043
782 267 53 453
782 290 55 948
782 299 15 447
782 306 7 50
782 309 31 927
783 15 47 633
783 20 25 960
783 42 5 937
783 49 53 497
783 55 49 109
783 76 43 826
783 80 37 1156
783 113 1 272
783 167 41 659
783 170 59 1001
783 204 16 268
783 219 55 167
783 245 11 793
783 246 34 318
783 295 19 521
784 21 53 492
784 29 23 95
784 72 56 192
784 79 4 1172
784 83 1 463
784 118 49 449
784 148 11 867
784 157 13 710
784 179 35 1138
784 183 46 575
784 201 7 1063
784 280 27 489
784 286 19 764
784 311 25 741
784 315 15 420
785 36 19 924
785 71 13 1117
785 75 49 951
785 83 31 309
785 101 25 662
785 108 37 124
785 117 16 548
785 129 52 407
785 131 9 515
785 212 43 1164
785 213 29 1134
785 224 23 470
785 226 1 314
785 244 41 188
785 274 7 336
786 23 17 511
786 47 8 171
786 92 43 525
786 93 19 847
786 94 52 509
786 125 49 988
786 190 46 936
786 206 23 1020
786 207 35 821
786 214 56 444
786 217 4 391
786 239 1 205
786 261 37 991
786 313 28 935
786 314 13 163
787 23 47 752
787 50 13 641
787 72 50 151
787 76 1 344
787 110 43 951
787 111 40 660
787 153 55 901
787 156 19 706
787 183 58 888
787 227 26 335
787 249 32 631
787 251 10 1038
787 261 21 922
788 20 25 599
788 25 7 11
788 45 13 120
788 65 57 214
788 145 4 206
788 175 41 10
788 184 31 830
788 206 11 314
788 235 22 634
788 240 49 155
788 246 34 250
788 248 19 333
788 256 43 1004
788 296 16 338
788 320 55 1108
789 8 3 96
789 23 43 866
789 29 47 95
789 35 23 886
789 48 10 5
789 56 19 249
789 118 52 1173
789 180 41 993
789 181 35 1038
789 193 5 355
789 224 59 142
789 236 25 1162
789 248 7 589
789 272 31 288
789 276 37 408
790 28 16 10
790 40 25 219
790 83 34 349
790 86 19 880
790 95 13 1155
790 140 37 249
790 151 11 318
790 174 1 59
790 176 59 1034
790 186 44 870
790 260 31 347
790 266 55 1144
790 285 49 978
790 297 7 1078
791 87 17 1145
791 106 59 430
791 112 47 863
791 113 49 272
791 120 7 523
791 183 9 411
791 198 31 153
791 207 53 658
791 210 29 307
791 220 13 112
791 222 23 24
791 226 19 216
791 273 2 1048
791 295 25 1099
791 308 35 790
792 7 11 1147
792 32 44 1140
792 46 23 751
792 79 37 637
792 80 15 331
792 89 32 275
792 134 1 395
792 149 59 1184
792 175 29 399
792 247 5 882
792 248 19 719
792 261 55 872
792 300 40 751
792 309 52 929
792 318 13 420
793 33 29 437
793 40 1 679
793 41 47 98
793 45 40 434
793 47 50 810
793 175 5 399
793 205 19 1001
793 206 23 1113
793 240 43 321
793 241 13 1030
793 254 56 799
793 256 7 1188
793 257 11 743
793 281 25 38
793 301 31 161
794 7 53 728
794 13 9 1176
794 69 55 63
794 89 1 1044
794 122 58 1077
794 136 19 462
794 141 43 142
794 147 5 831
794 176 49 52
794 181 11 821
794 214 28 1087
794 216 37 790
794 247 17 658
794 294 31 856
794 307 46 244
795 4 13 626
795 74 10 1082
795 78 55 1174
795 86 1 1173
795 91 59 489
795 96 40 375
795 113 20 263
795 115 45 211
795 155 29 92
795 222 43 856
795 236 50 357
795 249 32 470
795 253 16 419
795 260 25 347
796 21 5 1162
796 33 19 227
796 45 40 721
796 52 32 576
796 81 50 505
796 113 43 626
796 137 25 562
796 158 10 939
796 168 13 171
796 177 7 597
796 200 47 992
796 214 55 717
796 271 58 948
796 289 16 283
796 320 35 505
797 9 5 272
797 24 45 1110
797 71 38 800
797 155 53 571
797 164 29 1068
797 173 14 623
797 177 2 1145
797 188 19 1140
797 195 43 540
797 200 41 1020
797 203 25 1004
797 234 55 627
797 254 8 652
797 281 31 38
797 301 49 817
798 6 55 190
798 46 29 939
798 73 51 824
798 77 26 87
798 94 34 1077
798 160 22 728
798 169 58 1097
798 190 40 470
798 203 7 461
798 223 19 75
798 228 5 1106
798 231 15 287
798 265 17 48
798 304 11 727
799 22 39 1016
799 78 49 637
799 103 5 173
799 112 1 1012
799 122 31 157
799 123 37 414
799 184 15 168
799 201 11 699
799 213 25 744
799 214 46 347
799 245 35 92
799 247 43 468
799 265 7 333
799 274 28 497
799 290 22 183
800 5 37 908
800 35 5 680
800 36 13 564
800 41 11 742
800 74 52 73
800 113 19 626
800 115 1 870
800 119 47 640
800 140 39 737
800 178 59 429
800 184 56 340
800 216 7 196
800 282 23 1120
800 300 34 830
800 312 16 891
Điểm tối ưu/tốt nhất tìm được: 11804
Thời gian: 900.265281 giây
Trạng thái: VALID
