14619
1 40 25 142
1 42 41 1093
1 51 47 1379
1 68 19 216
1 130 43 973
1 138 13 1266
1 181 10 200
1 203 17 98
1 228 37 603
1 244 34 1204
1 247 29 471
1 302 51 167
1 310 2 1017
1 334 55 991
2 2 55 1038
2 28 13 60
2 31 35 1388
2 41 58 890
2 43 7 774
2 47 49 787
2 107 39 503
2 175 45 390
2 177 19 489
2 246 23 99
2 283 1 1247
2 326 25 1189
2 348 31 709
2 368 37 416
3 26 25 574
3 28 44 60
3 133 3 1388
3 153 13 639
3 187 31 826
3 196 1 927
3 213 19 138
3 226 37 903
3 255 28 783
3 308 35 410
3 326 10 651
3 328 55 437
3 332 17 409
3 335 49 1477
4 9 37 825
4 31 23 1388
4 54 35 665
4 153 16 22
4 180 47 1273
4 193 29 1258
4 219 7 1238
4 222 32 1146
4 236 13 155
4 281 45 348
4 337 49 195
4 363 4 724
4 377 11 502
4 384 19 815
4 399 55 28
5 9 19 400
5 23 47 907
5 40 37 927
5 54 17 665
5 105 7 685
5 120 22 964
5 124 10 248
5 130 3 612
5 204 59 973
5 283 49 521
5 297 55 1325
5 308 53 135
5 313 25 430
5 363 13 573
5 386 44 1307
6 67 19 1403
6 78 34 216
6 148 7 208
6 166 49 430
6 173 55 105
6 185 43 1193
6 205 23 151
6 213 10 786
6 259 1 875
6 274 31 786
6 279 37 335
6 289 25 1418
6 296 13 894
6 342 46 1409
7 16 11 612
7 24 14 741
7 44 26 1272
7 72 56 1252
7 99 46 695
7 167 23 639
7 169 19 1469
7 222 34 1392
7 239 43 1152
7 249 49 1484
7 260 41 66
7 261 37 1305
7 264 2 1059
7 371 7 1295
7 393 31 842
8 19 25 853
8 25 14 968
8 46 5 495
8 72 45 1114
8 73 7 452
8 111 49 1043
8 118 55 475
8 134 19 682
8 172 43 1277
8 197 31 433
8 232 37 526
8 245 1 545
8 284 11 1031
8 290 22 775
8 354 58 529
9 24 19 1189
9 45 43 1268
9 90 31 63
9 95 26 943
9 110 40 342
9 122 47 1065
9 156 34 306
9 195 5 808
9 200 16 743
9 212 51 568
9 259 8 721
9 267 3 833
9 291 55 993
9 309 13 1404
9 370 1 249
10 14 31 203
10 104 8 1481
10 116 5 1407
10 166 37 294
10 185 43 1250
10 203 11 232
10 226 56 10
10 248 1 384
10 259 25 1143
10 272 33 272
10 308 53 410
10 322 47 606
10 362 19 251
10 376 49 1037
10 395 13 572
11 44 43 707
11 49 1 1430
11 92 13 654
11 114 47 799
11 126 58 230
11 159 55 253
11 214 17 730
11 228 7 1200
11 242 22 1131
11 243 37 82
11 260 35 1292
11 281 41 348
11 340 11 958
11 381 50 214
11 395 26 898
12 21 52 157
12 49 31 607
12 61 1 513
12 103 23 1449
12 126 28 327
12 154 37 776
12 198 59 1332
12 245 19 1247
12 308 41 893
12 310 13 1322
12 317 7 1174
12 343 35 508
12 350 55 205
12 361 43 227
13 17 49 366
13 19 1 408
13 37 25 639
13 38 20 423
13 78 13 1230
13 173 43 610
13 247 5 471
13 256 35 1044
13 268 7 1314
13 294 55 334
13 311 11 785
13 331 37 232
13 357 16 1214
13 395 31 1416
14 28 13 1500
14 61 46 259
14 71 28 157
14 120 35 238
14 183 50 705
14 229 31 1308
14 246 23 992
14 306 17 297
14 318 55 292
14 352 57 707
14 355 43 1118
14 356 1 335
14 357 4 557
14 378 19 353
14 385 7 667
15 10 53 1009
15 87 58 45
15 121 17 727
15 132 11 1481
15 160 39 306
15 165 46 89
15 166 31 441
15 183 19 195
15 190 25 896
15 223 49 832
15 249 1 44
15 265 7 1208
15 311 5 391
15 328 27 756
15 342 13 1409
16 1 13 404
16 30 19 627
16 44 43 384
16 45 25 792
16 56 29 232
16 122 41 290
16 157 55 1302
16 196 11 188
16 222 2 733
16 243 37 16
16 285 8 349
16 288 58 1364
16 294 31 188
16 323 52 733
17 2 45 211
17 25 25 311
17 65 37 1017
17 92 19 155
17 97 31 90
17 118 16 942
17 128 22 589
17 159 1 557
17 167 7 709
17 184 57 940
17 224 4 1497
17 253 49 119
17 287 53 933
17 315 9 166
17 316 35 148
18 3 4 890
18 14 41 1330
18 21 35 157
18 37 7 1089
18 83 43 1201
18 103 17 659
18 135 11 205
18 209 31 656
18 225 1 648
18 232 50 1154
18 245 27 1203
18 279 19 92
18 331 55 1478
18 337 37 95
18 387 13 305
19 22 17 1366
19 46 53 336
19 94 14 374
19 127 37 34
19 148 19 497
19 171 43 554
19 207 35 598
19 217 47 1192
19 227 49 183
19 295 31 136
19 343 58 1395
19 364 7 492
19 371 1 574
19 396 22 615
19 400 28 319
20 88 28 251
20 90 46 755
20 114 5 1425
20 117 7 1432
20 137 37 41
20 159 20 325
20 164 49 1416
20 245 1 1384
20 280 13 314
20 286 31 368
20 301 17 904
20 341 55 131
20 363 25 913
20 367 43 798
21 74 31 220
21 81 59 1169
21 108 47 1131
21 117 43 420
21 127 37 447
21 141 10 1480
21 251 14 1192
21 275 5 1360
21 281 29 550
21 302 34 893
21 315 20 731
21 337 1 598
21 346 17 71
21 363 40 724
21 371 26 995
22 45 1 36
22 53 35 502
22 63 5 989
22 84 13 1316
22 107 29 503
22 128 8 328
22 135 41 198
22 138 26 1390
22 153 32 131
22 172 55 1453
22 197 19 80
22 202 59 557
22 280 43 506
22 282 53 1477
22 302 16 1051
23 6 49 545
23 8 43 1430
23 9 22 892
23 43 37 785
23 44 7 513
23 51 35 1164
23 89 58 501
23 135 47 1199
23 138 19 964
23 151 13 1115
23 215 31 875
23 243 25 82
23 292 11 993
23 355 55 41
23 383 1 1029
24 17 38 366
24 21 5 664
24 43 1 594
24 126 16 705
24 131 31 1420
24 224 43 1037
24 242 7 1148
24 273 11 959
24 306 53 611
24 310 57 968
24 364 49 48
24 367 46 496
24 368 35 82
24 376 21 116
24 393 29 545
25 57 14 294
25 71 4 1172
25 91 43 921
25 127 1 1152
25 175 20 1078
25 249 25 1484
25 255 33 625
25 281 41 70
25 293 37 786
25 303 7 698
25 315 56 26
25 317 50 1033
25 327 9 829
25 391 31 859
26 96 19 996
26 100 8 1284
26 151 2 909
26 156 25 1379
26 157 37 1144
26 211 41 759
26 229 31 768
26 245 13 850
26 246 23 304
26 251 58 1419
26 262 35 615
26 309 52 1263
26 361 43 48
27 4 27 1166
27 75 17 1102
27 84 59 522
27 147 41 423
27 148 7 1435
27 152 1 312
27 153 19 158
27 170 4 320
27 209 31 1169
27 212 37 1233
27 270 43 459
27 278 22 1244
27 329 10 211
27 360 13 667
27 379 47 1102
28 53 17 586
28 60 19 923
28 83 13 457
28 109 1 717
28 119 3 958
28 158 29 1302
28 162 25 551
28 181 44 312
28 234 37 960
28 238 58 535
28 336 23 1390
28 343 47 580
28 350 7 959
28 376 49 104
28 392 31 615
29 8 8 64
29 16 17 612
29 43 55 594
29 52 13 1135
29 54 43 1097
29 87 37 578
29 110 22 1339
29 164 1 1001
29 176 19 11
29 194 49 336
29 197 31 888
29 235 46 304
29 261 25 1305
29 398 41 568
30 76 19 116
30 82 55 1452
30 84 5 64
30 91 37 1366
30 100 44 898
30 169 21 795
30 210 33 381
30 235 28 148
30 240 41 987
30 253 51 1240
30 278 25 966
30 306 11 1018
30 315 13 162
30 332 59 1195
30 342 7 1409
31 1 13 530
31 68 45 1412
31 80 57 542
31 122 55 459
31 162 31 619
31 172 4 1453
31 186 10 357
31 261 19 260
31 277 37 647
31 290 7 1204
31 308 35 135
31 373 25 414
31 379 41 88
31 381 50 239
32 99 4 1007
32 105 55 262
32 130 31 1430
32 139 43 187
32 182 15 381
32 231 1 1353
32 255 52 260
32 271 57 1379
32 274 49 1435
32 286 19 735
32 289 38 308
32 293 46 732
32 357 26 1062
32 380 9 728
33 7 35 1427
33 13 22 602
33 31 16 30
33 39 25 989
33 61 7 68
33 65 1 495
33 85 55 298
33 118 40 1070
33 178 29 68
33 233 50 858
33 284 11 1414
33 290 31 540
33 301 5 74
33 306 47 297
33 343 59 828
34 17 25 111
34 18 11 642
34 21 16 157
34 30 7 1047
34 32 1 673
34 98 45 562
34 125 41 1205
34 176 52 1414
34 194 19 718
34 198 4 1250
34 236 57 629
34 244 13 269
34 256 37 503
34 363 49 558
34 394 43 163
35 55 59 403
35 76 35 116
35 121 47 727
35 126 49 448
35 135 23 1416
35 145 28 76
35 152 16 42
35 179 31 49
35 207 41 414
35 217 5 1398
35 220 19 439
35 270 7 620
35 316 11 390
35 331 37 636
35 384 56 759
36 5 49 35
36 15 31 758
36 77 13 579
36 94 35 1188
36 151 7 909
36 155 3 1419
36 241 37 532
36 288 46 200
36 298 19 42
36 300 43 604
36 314 11 338
36 374 23 662
36 380 25 232
36 385 55 1064
37 5 43 1413
37 60 49 363
37 69 28 372
37 95 13 1477
37 102 58 662
37 113 1 5
37 127 25 1366
37 150 10 313
37 248 7 186
37 257 19 1420
37 274 40 786
37 320 31 1457
37 371 34 353
37 375 53 588
37 398 5 1473
38 49 7 1057
38 101 1 4
38 110 52 665
38 125 35 1285
38 161 29 500
38 200 4 842
38 205 17 326
38 253 37 1044
38 280 25 234
38 293 13 1388
38 309 22 253
38 314 41 1189
38 352 49 73
38 395 43 773
38 398 59 666
39 3 10 1154
39 39 25 961
39 49 19 659
39 156 43 1059
39 157 31 1302
39 194 49 642
39 230 53 1141
39 279 14 1321
39 305 1 496
39 328 37 665
39 340 23 31
39 379 41 1102
39 399 55 608
40 15 13 590
40 89 58 82
40 118 34 718
40 127 28 1366
40 148 1 962
40 152 40 764
40 252 20 419
40 253 43 935
40 275 5 674
40 356 10 335
40 362 49 749
41 67 7 1037
41 122 13 290
41 179 37 904
41 184 59 1484
41 199 55 91
41 205 32 153
41 224 28 1446
41 244 19 1398
41 248 52 384
41 301 17 579
41 318 4 962
41 353 22 525
41 372 25 516
41 381 43 1056
41 391 1 1240
42 3 52 935
42 52 7 1417
42 54 59 294
42 130 15 449
42 131 35 1256
42 159 49 99
42 225 47 1169
42 243 43 943
42 291 31 455
42 317 55 596
42 346 19 1308
42 347 38 943
42 349 25 1292
42 369 21 1009
42 399 1 1351
43 27 25 465
43 66 4 1201
43 88 46 676
43 99 43 695
43 151 31 449
43 238 28 151
43 253 50 894
43 278 1 1155
43 295 13 782
43 297 38 1325
43 302 10 70
43 311 17 391
43 353 20 680
43 385 55 1258
44 5 49 485
44 47 19 1134
44 61 43 1272
44 88 58 1102
44 138 38 1399
44 311 53 424
44 322 17 452
44 323 1 1117
44 327 13 342
44 335 31 733
44 367 10 549
44 373 25 1195
45 2 4 1238
45 161 43 1383
45 199 45 166
45 203 41 136
45 234 14 1359
45 236 1 1039
45 278 34 648
45 323 7 268
45 335 56 1277
45 354 50 736
45 359 22 1235
45 371 10 574
45 387 25 1014
45 388 37 586
45 400 19 1022
46 60 7 1317
46 78 16 1243
46 111 55 861
46 117 1 369
46 123 37 254
46 189 13 597
46 237 27 298
46 267 47 833
46 279 33 1398
46 292 41 1227
46 326 50 995
46 339 19 728
46 371 58 1032
46 383 43 1228
47 51 21 374
47 56 37 705
47 84 53 1437
47 98 31 201
47 119 39 833
47 129 7 315
47 133 43 1247
47 142 47 819
47 218 17 610
47 220 1 30
47 263 29 526
47 316 59 579
47 344 4 878
47 360 13 249
47 398 11 220
48 21 29 1121
48 56 35 759
48 126 22 838
48 140 25 74
48 150 1 924
48 173 49 469
48 178 41 888
48 238 4 151
48 271 10 468
48 285 19 839
48 306 13 709
48 317 31 784
48 352 58 73
48 388 43 586
48 393 17 1412
49 4 11 1238
49 92 1 788
49 123 25 305
49 161 15 644
49 163 59 1430
49 192 5 1143
49 205 43 440
49 242 50 1252
49 251 46 605
49 253 7 1478
49 269 40 498
49 321 19 171
49 324 31 1488
49 370 23 1153
49 385 55 1316
50 42 17 651
50 85 1 340
50 151 37 18
50 157 46 540
50 177 31 680
50 179 25 605
50 180 41 1273
50 195 55 1215
50 197 21 440
50 227 49 782
50 253 13 1491
50 254 58 850
50 275 19 203
50 305 7 642
50 322 53 816
51 9 28 400
51 16 35 1237
51 34 3 485
51 38 7 423
51 70 38 410
51 102 22 342
51 139 46 262
51 161 17 1155
51 173 31 105
51 181 13 1480
51 212 49 1363
51 240 41 1143
51 343 11 828
51 349 55 1214
51 397 1 638
52 29 37 565
52 73 33 517
52 134 47 199
52 152 58 498
52 176 4 755
52 192 53 1146
52 206 1 105
52 243 8 1265
52 279 43 281
52 319 28 598
52 334 13 350
52 353 25 1202
52 355 55 935
52 367 40 819
52 392 19 903
53 25 7 1344
53 42 41 651
53 152 37 498
53 160 28 63
53 178 1 706
53 198 16 1067
53 206 13 808
53 216 19 21
53 260 51 325
53 273 59 258
53 299 46 256
53 310 55 1322
53 324 32 1245
53 342 43 1069
53 389 3 240
54 22 11 1366
54 32 55 893
54 45 19 1425
54 91 7 1366
54 102 37 334
54 113 31 37
54 172 17 982
54 217 47 1398
54 229 25 927
54 274 43 728
54 291 13 738
54 308 23 526
54 314 35 338
54 355 1 41
54 378 49 88
55 11 8 1263
55 75 53 1102
55 80 19 550
55 131 41 439
55 155 57 36
55 165 43 89
55 203 27 424
55 213 4 138
55 288 38 73
55 301 35 904
55 334 31 1260
55 371 1 1295
55 388 13 325
55 392 49 91
56 22 55 1338
56 29 31 4
56 57 34 1465
56 76 29 1069
56 134 49 968
56 138 43 1338
56 140 25 260
56 144 23 320
56 170 58 798
56 181 10 312
56 186 7 1071
56 267 4 1062
56 278 19 833
56 286 37 856
56 399 13 787
57 11 31 766
57 34 55 1007
57 46 19 1419
57 67 21 993
57 85 43 298
57 95 49 593
57 146 10 1228
57 157 1 1209
57 164 13 178
57 248 25 495
57 302 4 399
57 304 29 1482
57 370 59 1280
57 387 37 305
58 36 39 1448
58 53 11 540
58 109 59 173
58 118 56 1070
58 188 43 13
58 194 50 532
58 198 29 1067
58 238 16 556
58 250 22 1448
58 265 1 370
58 300 7 604
58 340 35 1065
58 342 19 1062
58 372 31 1172
58 378 25 1488
59 65 7 495
59 87 40 578
59 113 31 606
59 123 43 871
59 138 28 10
59 139 58 747
59 155 13 1220
59 158 23 173
59 164 1 608
59 284 47 1031
59 370 53 1421
59 376 19 104
59 385 49 67
59 391 11 1407
60 79 7 1134
60 117 19 1023
60 150 10 1475
60 155 13 748
60 237 23 67
60 248 46 1453
60 283 55 1254
60 287 29 593
60 288 1 399
60 295 49 475
60 313 31 794
60 315 25 162
60 361 37 896
61 34 7 1273
61 69 13 648
61 89 55 501
61 98 19 134
61 102 46 416
61 156 43 469
61 175 31 921
61 177 37 1427
61 270 16 620
61 313 49 185
61 322 59 816
61 336 53 81
61 373 26 1443
61 380 1 158
62 3 40 890
62 52 31 1417
62 78 52 230
62 83 43 343
62 98 9 134
62 173 55 680
62 177 19 173
62 214 7 1235
62 253 13 73
62 293 49 58
62 307 25 991
62 310 1 812
62 357 37 1302
63 3 43 1087
63 12 16 1097
63 14 22 990
63 19 25 531
63 32 37 819
63 40 49 776
63 62 55 340
63 105 35 53
63 141 58 989
63 254 19 1232
63 273 11 848
63 311 41 391
63 333 29 259
63 341 7 977
63 393 47 384
64 34 55 1311
64 35 21 730
64 51 34 682
64 66 49 753
64 73 31 852
64 83 43 1449
64 98 2 521
64 115 16 1360
64 180 29 1273
64 284 41 1399
64 306 59 297
64 336 47 518
64 340 53 604
64 358 8 919
64 386 26 508
65 23 5 907
65 72 45 1252
65 89 7 1179
65 124 40 1374
65 188 31 705
65 202 23 1321
65 223 1 502
65 234 25 1304
65 252 14 1256
65 288 19 982
65 320 10 1457
65 344 51 666
65 375 35 660
65 376 55 116
66 44 56 1235
66 55 29 1282
66 72 19 933
66 75 23 1047
66 117 25 964
66 135 35 198
66 167 47 1332
66 179 31 667
66 198 37 892
66 210 13 477
66 228 43 1465
66 319 10 598
66 377 5 1232
66 382 40 1169
66 390 1 620
67 11 43 1382
67 12 25 983
67 38 55 806
67 71 19 758
67 105 29 147
67 134 17 19
67 138 52 684
67 155 8 703
67 156 40 780
67 202 23 574
67 204 59 1260
67 339 1 743
67 358 31 860
67 375 13 450
67 397 5 721
68 46 41 91
68 133 49 664
68 164 37 178
68 194 19 151
68 199 7 1423
68 201 53 860
68 232 25 973
68 254 1 1110
68 271 4 1379
68 301 59 1339
68 317 31 906
68 326 55 48
68 339 44 252
68 348 15 365
69 22 53 1368
69 35 1 1461
69 44 55 363
69 58 10 1313
69 92 22 1127
69 164 13 1428
69 189 49 21
69 224 7 935
69 243 43 906
69 289 38 1031
69 309 28 1404
69 351 31 812
69 390 19 369
70 21 29 1109
70 34 32 1070
70 51 17 441
70 88 10 68
70 140 25 1457
70 143 19 178
70 155 37 420
70 224 58 311
70 236 46 1017
70 292 41 1164
70 300 43 65
70 312 13 199
70 319 2 776
70 368 49 1359
70 374 53 962
71 7 35 760
71 12 52 983
71 49 7 350
71 137 31 41
71 193 41 372
71 197 13 80
71 207 5 1435
71 253 19 1120
71 258 23 647
71 269 28 1432
71 327 1 850
71 340 17 528
71 350 56 959
71 378 37 1488
71 381 43 1101
72 16 35 590
72 19 49 19
72 24 14 558
72 46 59 91
72 83 25 1245
72 90 46 1348
72 139 22 49
72 170 55 798
72 241 7 864
72 253 31 1056
72 261 3 705
72 272 37 1337
72 304 11 1482
72 354 43 10
73 115 20 1340
73 118 28 1429
73 152 1 1440
73 155 49 1476
73 156 9 660
73 161 23 644
73 177 37 765
73 187 13 1348
73 211 25 1032
73 218 17 1066
73 225 57 602
73 274 31 1409
73 340 47 958
73 399 43 1071
74 25 55 640
74 63 41 617
74 66 49 612
74 88 13 398
74 106 52 409
74 173 2 894
74 214 29 1174
74 228 7 732
74 279 37 258
74 282 17 1443
74 327 32 1153
74 337 25 769
74 376 44 104
74 395 19 1338
75 8 51 1430
75 99 1 1280
75 156 55 660
75 159 22 384
75 167 35 709
75 179 43 848
75 195 19 620
75 230 47 1235
75 243 38 1150
75 279 25 455
75 319 15 502
75 341 4 1302
75 344 7 666
75 345 31 1476
75 396 58 37
76 113 19 37
76 129 7 1407
76 160 31 1183
76 204 47 1263
76 209 43 80
76 230 23 862
76 240 53 807
76 285 35 921
76 295 37 174
76 309 28 608
76 318 41 1326
76 320 16 1172
76 365 58 188
76 388 1 325
76 398 13 1233
77 5 26 1392
77 11 13 340
77 39 7 1059
77 75 43 764
77 84 57 522
77 105 50 348
77 118 52 1478
77 133 31 633
77 146 45 88
77 158 41 319
77 248 1 1331
77 272 37 525
77 295 19 1104
77 301 5 904
78 2 49 1065
78 12 55 1069
78 19 13 853
78 83 31 390
78 94 5 1089
78 105 47 348
78 140 20 283
78 149 43 759
78 165 7 983
78 198 53 45
78 206 28 741
78 236 1 210
78 294 37 735
78 359 58 1077
79 52 13 70
79 115 43 1020
79 117 31 1114
79 142 35 531
79 150 7 437
79 172 5 982
79 196 59 927
79 199 19 672
79 200 49 340
79 246 47 664
79 269 28 1395
79 284 17 1399
79 340 11 1192
79 384 52 365
79 387 55 305
80 19 1 531
80 55 35 1014
80 66 22 1353
80 122 25 70
80 143 31 1443
80 147 13 423
80 161 47 90
80 162 43 1121
80 185 10 1001
80 216 50 375
80 270 16 205
80 272 27 787
80 304 41 588
80 360 57 1188
80 364 37 577
81 75 43 619
81 95 55 65
81 111 28 935
81 121 17 735
81 171 33 1420
81 183 50 644
81 188 1 266
81 191 5 603
81 220 22 679
81 236 19 1402
81 251 25 1425
81 253 45 1085
81 295 7 135
81 356 14 1429
81 371 38 1295
82 22 34 1368
82 67 19 1010
82 86 53 911
82 112 25 9
82 126 13 705
82 209 45 473
82 240 23 1056
82 256 49 943
82 260 5 1273
82 285 1 345
82 328 37 987
82 332 59 1230
82 334 7 1488
82 354 31 306
82 368 29 1364
83 11 43 516
83 32 22 1183
83 37 25 775
83 49 37 1430
83 121 53 252
83 138 7 741
83 245 15 1384
83 299 19 372
83 346 59 958
83 356 34 1429
83 377 29 776
83 382 4 116
83 384 10 672
83 389 49 169
83 397 47 764
84 22 41 1368
84 40 13 1114
84 47 55 245
84 48 25 718
84 70 28 87
84 73 19 444
84 74 43 854
84 82 49 829
84 84 4 1446
84 86 53 836
84 191 17 1179
84 220 22 439
84 268 37 1179
84 309 8 253
84 397 35 721
85 66 52 612
85 187 7 1144
85 237 17 433
85 238 46 1304
85 253 25 1478
85 255 13 783
85 259 55 768
85 267 41 345
85 275 11 789
85 301 23 86
85 311 59 391
85 324 31 577
85 331 19 22
85 354 4 135
85 393 29 992
86 2 3 1282
86 50 52 1184
86 70 7 200
86 90 49 652
86 92 19 1125
86 114 31 799
86 125 17 1428
86 166 43 142
86 267 11 1136
86 284 47 1009
86 321 37 1123
86 355 26 1282
86 359 58 727
86 364 33 48
86 384 13 874
87 14 49 1330
87 55 29 1014
87 83 43 1344
87 85 19 697
87 90 37 736
87 120 5 791
87 128 13 1343
87 132 59 1244
87 137 31 1294
87 155 25 1420
87 217 7 652
87 225 11 760
87 254 55 1203
87 272 51 272
87 367 40 1066
88 17 43 1397
88 23 17 492
88 29 55 1144
88 37 37 988
88 45 13 852
88 139 58 837
88 192 1 1119
88 193 47 648
88 204 19 723
88 206 7 105
88 257 49 1237
88 263 29 64
88 299 22 1475
88 301 5 579
88 310 31 611
89 13 40 721
89 17 13 1281
89 19 7 482
89 128 43 308
89 134 17 475
89 170 46 798
89 235 4 1121
89 254 28 601
89 266 50 436
89 277 55 1027
89 300 31 1272
89 377 59 1322
89 381 20 214
89 390 25 1412
90 35 31 911
90 55 29 335
90 60 43 160
90 119 51 178
90 142 5 219
90 196 47 838
90 219 37 1257
90 228 1 28
90 248 21 1453
90 270 55 155
90 291 7 455
90 342 58 1409
90 373 13 792
90 389 25 206
91 6 16 1327
91 12 33 268
91 103 53 455
91 153 22 581
91 185 4 251
91 188 43 1072
91 197 55 891
91 206 1 819
91 207 59 414
91 262 31 976
91 264 49 1388
91 285 11 489
91 316 25 1203
91 342 27 330
91 356 37 1238
92 64 15 1257
92 118 43 320
92 121 35 252
92 173 39 610
92 187 26 940
92 190 1 1274
92 213 46 1144
92 226 3 672
92 229 56 1261
92 241 31 585
92 271 10 57
92 280 19 55
92 297 49 1325
92 367 7 19
93 9 46 825
93 10 23 1344
93 23 17 411
93 41 58 1059
93 58 43 395
93 62 11 1253
93 83 13 376
93 85 31 809
93 91 37 98
93 122 21 459
93 279 25 409
93 311 41 923
93 334 2 1174
93 390 7 369
93 400 55 308
94 6 52 859
94 48 37 763
94 71 40 906
94 190 5 590
94 207 1 506
94 209 56 438
94 239 10 1452
94 247 17 960
94 299 49 665
94 309 7 1242
94 335 44 651
94 345 20 987
94 369 26 53
94 382 31 775
94 394 35 882
95 3 56 1332
95 12 14 983
95 21 23 1121
95 22 53 1416
95 71 26 290
95 74 7 863
95 149 31 942
95 200 37 262
95 238 10 1281
95 249 49 1188
95 295 19 1033
95 353 40 865
95 372 46 255
95 374 17 1326
95 392 1 327
96 10 5 1075
96 23 35 1395
96 25 31 382
96 31 23 732
96 48 55 454
96 64 50 1390
96 71 10 449
96 89 1 901
96 94 43 1110
96 146 45 1473
96 158 21 897
96 170 37 365
96 255 58 625
96 288 40 931
96 385 26 152
97 55 28 26
97 61 40 1452
97 63 11 794
97 72 2 1233
97 74 25 1437
97 105 17 1272
97 112 55 372
97 165 50 1277
97 199 20 1203
97 206 13 1368
97 214 47 730
97 268 7 1427
97 306 35 297
97 350 31 324
97 392 43 529
98 35 55 788
98 61 7 1272
98 62 59 766
98 79 13 414
98 95 31 307
98 163 47 1430
98 189 1 1371
98 211 43 1032
98 218 53 610
98 228 19 732
98 244 16 1194
98 285 5 816
98 290 10 1262
98 361 38 441
98 375 28 264
99 55 16 1282
99 86 11 911
99 106 19 26
99 110 13 328
99 152 55 498
99 163 53 201
99 189 46 21
99 210 49 1475
99 236 58 312
99 258 41 1404
99 261 37 1038
99 265 7 1018
99 348 2 798
99 350 31 187
99 370 23 1452
100 13 28 1169
100 41 19 615
100 42 31 892
100 70 44 782
100 107 55 859
100 126 25 959
100 145 4 1110
100 179 8 460
100 196 53 308
100 221 13 214
100 268 49 1261
100 280 33 311
100 366 58 1104
100 372 37 1220
101 33 31 894
101 48 10 1040
101 91 19 1366
101 119 55 933
101 124 49 248
101 139 13 1345
101 185 1 1484
101 192 35 680
101 200 4 741
101 217 7 837
101 237 59 996
101 256 17 1220
101 260 23 1454
101 283 43 521
101 389 39 169
102 8 37 806
102 22 47 1224
102 57 28 563
102 94 17 850
102 116 59 562
102 189 52 1383
102 200 20 340
102 219 3 1032
102 226 7 893
102 253 13 935
102 271 49 756
102 351 31 806
102 371 25 1295
102 381 43 239
102 393 57 549
103 7 59 891
103 18 11 1291
103 24 25 416
103 84 23 1316
103 107 17 173
103 126 49 1343
103 134 5 1131
103 139 8 1055
103 186 34 1492
103 194 39 499
103 240 37 991
103 286 13 368
103 308 47 135
103 325 55 878
103 347 1 1205
104 5 31 1348
104 53 11 1421
104 59 26 461
104 85 13 1254
104 146 7 1228
104 164 20 264
104 165 58 1249
104 177 37 1436
104 223 55 338
104 226 45 903
104 303 35 65
104 313 1 37
104 349 49 541
105 81 59 1125
105 115 22 890
105 117 7 1203
105 119 14 694
105 133 43 664
105 144 53 1040
105 168 55 842
105 171 49 580
105 209 1 656
105 220 37 1065
105 242 40 882
105 348 26 709
105 355 19 613
105 361 31 1344
106 1 19 1159
106 28 31 60
106 41 52 370
106 45 1 1382
106 114 11 819
106 136 55 1188
106 148 13 1017
106 173 25 469
106 174 23 42
106 322 17 816
106 331 38 872
106 350 7 1056
106 355 58 41
106 372 46 911
106 398 29 1305
107 35 14 913
107 53 25 951
107 62 35 766
107 65 50 1472
107 88 10 31
107 118 19 942
107 122 7 1261
107 205 59 151
107 208 22 74
107 247 46 471
107 275 29 203
107 292 41 371
107 324 55 352
107 329 37 485
107 366 43 181
108 12 9 1326
108 38 13 1105
108 42 43 531
108 84 59 1437
108 89 37 901
108 98 49 353
108 147 23 1488
108 193 41 656
108 211 17 940
108 218 32 1209
108 281 5 747
108 329 28 326
108 365 46 549
108 393 53 549
108 394 7 1091
109 49 25 659
109 61 4 259
109 73 52 153
109 116 11 633
109 124 1 18
109 130 55 973
109 150 49 865
109 200 7 340
109 227 43 1185
109 277 14 647
109 292 59 65
109 307 19 68
109 331 31 335
109 358 37 839
110 49 31 493
110 53 53 586
110 55 47 1282
110 83 49 853
110 86 23 110
110 112 1 437
110 132 5 1481
110 159 55 606
110 205 19 211
110 224 10 1399
110 228 43 524
110 286 26 208
110 322 41 112
110 376 13 230
110 380 37 831
111 44 44 502
111 91 55 1355
111 125 52 619
111 148 1 842
111 213 4 1123
111 243 7 995
111 267 11 1059
111 293 31 58
111 305 14 402
111 309 38 488
111 325 28 1064
111 396 25 63
111 397 22 1337
112 60 44 1322
112 74 1 126
112 103 11 1114
112 129 7 822
112 137 13 1018
112 166 56 142
112 188 19 493
112 198 53 1067
112 200 40 518
112 205 33 203
112 269 25 498
112 276 29 1085
112 370 35 1452
112 382 4 1169
112 392 49 1141
113 18 31 272
113 78 37 216
113 113 43 11
113 122 35 70
113 171 26 580
113 193 19 420
113 195 49 1215
113 227 7 664
113 235 4 148
113 251 22 661
113 258 11 311
113 276 17 1085
113 310 13 9
113 338 47 272
113 354 40 736
114 26 1 136
114 73 25 294
114 98 37 353
114 127 43 92
114 159 7 325
114 164 31 1292
114 174 53 676
114 208 4 996
114 209 49 755
114 212 22 1077
114 217 29 450
114 303 35 463
114 368 11 493
114 387 13 1380
114 398 41 220
115 44 7 363
115 49 25 811
115 83 37 381
115 131 35 1124
115 165 55 983
115 180 47 1414
115 205 2 203
115 214 53 279
115 245 31 1075
115 297 14 1121
115 300 22 1272
115 324 49 352
115 363 44 724
115 368 41 493
115 394 29 882
116 83 19 853
116 101 13 134
116 149 45 411
116 153 55 230
116 197 49 440
116 199 31 672
116 205 11 995
116 231 58 1173
116 286 7 45
116 300 39 86
116 335 25 1277
116 356 16 559
116 361 2 1020
116 377 29 1232
117 34 31 982
117 69 25 1481
117 103 17 1351
117 135 5 205
117 142 53 1252
117 149 19 1257
117 177 49 516
117 200 13 584
117 261 7 260
117 331 1 636
117 357 37 837
117 370 41 1109
117 381 55 31
117 387 43 882
118 21 47 535
118 22 10 597
118 23 59 492
118 37 32 545
118 45 19 1435
118 46 5 1423
118 47 38 771
118 129 26 1247
118 177 13 259
118 294 55 735
118 302 52 636
118 309 44 766
118 377 23 617
118 379 1 856
119 41 58 779
119 51 5 682
119 59 7 578
119 66 31 200
119 70 55 410
119 93 35 860
119 100 25 1284
119 143 43 1416
119 181 40 312
119 257 19 712
119 279 13 409
119 297 49 604
119 349 1 965
119 366 37 580
119 391 29 859
120 25 1 1494
120 26 10 680
120 108 23 1322
120 118 7 85
120 158 59 1374
120 171 31 580
120 174 35 1355
120 227 37 1185
120 243 55 304
120 248 16 186
120 261 25 837
120 280 50 1026
120 337 44 453
120 356 19 1429
121 43 1 923
121 79 15 1134
121 84 11 245
121 86 55 911
121 96 7 1088
121 128 19 1235
121 158 43 1489
121 163 29 1430
121 180 5 531
121 241 25 276
121 247 59 1448
121 297 31 110
121 314 23 1189
121 330 37 400
121 364 49 492
122 62 41 513
122 109 35 187
122 121 5 290
122 144 53 320
122 162 31 190
122 168 37 35
122 188 25 705
122 212 55 1032
122 223 49 345
122 225 1 760
122 233 45 440
122 327 13 891
122 344 22 918
122 367 8 633
123 112 25 960
123 122 41 603
123 158 35 1020
123 196 2 838
123 200 46 340
123 202 29 557
123 244 13 256
123 260 53 1454
123 273 5 258
123 290 9 1091
123 295 56 174
123 347 20 943
123 348 31 1124
123 362 37 251
123 390 43 807
124 5 37 1392
124 8 7 119
124 31 17 1390
124 56 49 528
124 102 46 395
124 165 34 1379
124 181 43 496
124 183 13 1047
124 228 20 753
124 240 1 1056
124 284 29 44
124 300 52 86
124 301 41 352
124 317 3 1033
124 363 25 163
125 32 19 1183
125 37 55 339
125 44 1 162
125 66 8 1266
125 76 41 1123
125 105 5 723
125 140 25 283
125 188 13 706
125 191 17 220
125 264 43 408
125 284 59 673
125 290 52 540
125 299 34 1311
125 318 23 292
125 374 29 89
126 12 34 55
126 16 11 1208
126 27 7 964
126 94 5 636
126 147 3 1056
126 168 55 789
126 211 41 1494
126 222 31 1392
126 227 43 1333
126 237 25 298
126 266 49 1227
126 328 21 1308
126 340 47 1078
126 380 27 1460
126 383 37 528
127 26 13 136
127 38 31 780
127 123 37 807
127 216 2 331
127 223 44 783
127 280 49 369
127 287 35 372
127 302 28 1437
127 319 22 13
127 320 16 1457
127 350 55 187
127 362 7 403
128 32 22 893
128 56 17 1446
128 57 58 960
128 133 31 1247
128 168 13 730
128 203 25 424
128 209 43 656
128 214 35 420
128 225 1 445
128 288 55 982
128 368 41 82
128 373 37 454
128 386 7 1209
128 395 3 1222
128 396 28 1419
129 14 29 1330
129 20 3 550
129 32 31 1390
129 63 37 617
129 68 25 848
129 104 46 988
129 115 13 1340
129 120 17 1192
129 122 41 858
129 185 56 251
129 192 11 723
129 213 7 131
129 240 52 525
129 299 34 1230
129 365 22 542
130 37 7 1256
130 76 47 602
130 138 34 1390
130 154 13 1235
130 187 55 11
130 191 53 809
130 194 43 526
130 195 59 717
130 229 38 108
130 239 1 1452
130 248 28 186
130 285 5 601
130 298 20 1382
130 332 17 1237
130 360 49 717
131 38 56 220
131 41 44 1470
131 63 35 208
131 75 7 619
131 150 25 1343
131 201 29 591
131 268 37 599
131 272 50 931
131 276 47 1029
131 297 31 1325
131 310 19 9
131 313 9 430
131 337 13 769
131 361 1 684
132 7 41 1427
132 18 5 898
132 27 25 37
132 52 37 118
132 58 49 1216
132 68 7 807
132 137 1 668
132 164 55 1416
132 183 13 513
132 198 11 45
132 205 59 440
132 246 31 992
132 293 46 58
132 303 53 698
132 351 20 404
133 2 2 1321
133 20 46 153
133 25 37 640
133 43 25 923
133 57 13 1224
133 70 16 374
133 74 10 602
133 93 19 1312
133 160 43 235
133 240 29 987
133 241 50 1366
133 275 23 352
133 282 58 808
133 369 33 910
133 377 5 730
134 7 14 760
134 36 37 453
134 58 46 919
134 124 4 58
134 133 57 829
134 135 55 584
134 143 49 763
134 193 35 433
134 248 7 441
134 284 17 826
134 305 25 399
134 306 31 448
134 317 21 784
134 354 1 736
134 391 19 1240
135 37 13 482
135 44 19 666
135 78 51 200
135 98 31 371
135 112 7 712
135 113 25 950
135 122 41 1261
135 140 1 682
135 190 35 568
135 201 17 769
135 209 37 154
135 236 58 753
135 277 43 647
135 292 11 1277
135 394 29 576
136 12 55 1326
136 19 45 531
136 65 21 1472
136 79 37 1471
136 90 40 351
136 92 3 897
136 160 34 84
136 186 7 1220
136 195 53 475
136 199 49 923
136 204 1 783
136 334 25 14
136 335 14 611
136 340 59 31
136 365 10 1398
137 38 37 1404
137 73 4 736
137 80 49 964
137 116 29 258
137 184 47 1290
137 200 13 1164
137 202 34 574
137 213 22 351
137 236 25 155
137 270 31 924
137 274 1 320
137 311 41 370
137 326 55 633
137 338 59 283
137 385 7 1064
138 6 10 91
138 32 25 1183
138 42 28 1093
138 57 22 1267
138 72 49 398
138 110 19 89
138 121 1 735
138 126 58 705
138 143 43 763
138 224 55 311
138 234 31 1304
138 351 13 1427
138 357 7 1302
138 387 3 1014
138 390 37 620
139 20 37 376
139 24 25 1121
139 31 57 1444
139 43 33 225
139 54 29 648
139 82 15 906
139 95 8 402
139 132 1 1416
139 154 49 1071
139 162 19 469
139 213 52 1117
139 230 5 1313
139 248 40 1144
139 266 43 809
139 391 31 1407
140 13 16 1212
140 19 31 853
140 36 25 261
140 58 19 1313
140 171 57 901
140 176 13 1489
140 182 41 894
140 230 51 500
140 305 43 1414
140 319 22 941
140 334 9 673
140 351 1 360
140 393 37 70
141 17 51 1281
141 55 49 238
141 95 37 249
141 105 59 723
141 158 35 1302
141 168 31 82
141 178 29 1497
141 192 11 1317
141 228 55 238
141 281 41 747
141 295 7 1104
141 300 4 1027
141 345 20 1496
141 372 25 589
141 396 16 41
142 14 17 1330
142 81 11 988
142 85 25 697
142 103 2 305
142 123 7 1449
142 149 43 1075
142 187 20 1123
142 235 13 186
142 236 49 1222
142 301 29 430
142 310 31 366
142 332 5 409
142 341 55 25
142 381 37 561
143 16 53 251
143 17 49 795
143 18 17 410
143 24 13 36
143 67 38 629
143 179 43 878
143 180 29 1062
143 197 7 501
143 227 31 43
143 238 58 1281
143 276 11 1304
143 277 1 1330
143 325 55 160
143 350 19 187
143 365 26 1119
144 24 43 1435
144 34 49 33
144 73 10 862
144 161 59 644
144 187 1 307
144 240 29 1291
144 242 16 1059
144 263 23 353
144 292 47 454
144 301 55 1224
144 306 53 163
144 330 31 167
144 355 40 1055
144 359 37 1117
144 394 8 353
145 19 49 989
145 35 43 136
145 49 8 100
145 56 23 735
145 76 47 1123
145 121 17 874
145 148 20 1291
145 209 37 942
145 240 59 807
145 254 28 540
145 275 53 673
145 288 25 931
145 303 41 1028
145 305 55 1414
145 308 35 807
146 57 37 206
146 96 1 454
146 102 19 1317
146 175 7 306
146 198 35 45
146 224 22 1232
146 247 43 471
146 277 31 608
146 327 27 850
146 328 55 43
146 329 40 859
146 362 51 898
146 369 45 1306
146 399 13 471
147 3 46 368
147 45 21 1268
147 78 7 554
147 111 28 627
147 165 37 1384
147 219 55 1465
147 235 40 186
147 255 1 260
147 287 53 1101
147 305 31 696
147 323 43 991
147 341 10 1302
147 343 25 1312
147 359 49 1425
147 400 4 319
148 4 13 1166
148 20 31 112
148 34 25 982
148 148 43 1017
148 172 5 580
148 182 29 381
148 200 15 1279
148 246 59 992
148 253 1 1263
148 254 10 58
148 255 49 260
148 284 35 1382
148 285 55 485
148 312 40 199
148 322 47 37
149 11 1 695
149 21 11 1109
149 27 56 391
149 53 23 951
149 61 44 186
149 84 47 236
149 97 7 219
149 105 59 53
149 109 29 34
149 116 41 633
149 187 49 166
149 191 53 593
149 303 35 1028
149 326 13 1024
149 350 19 747
150 8 33 1383
150 176 38 1208
150 189 4 597
150 192 47 680
150 223 25 1262
150 229 49 1464
150 244 13 697
150 283 8 856
150 368 22 1364
150 382 1 116
150 383 43 528
150 399 55 1428
151 43 55 923
151 83 19 292
151 108 5 316
151 193 23 1482
151 220 46 816
151 263 17 353
151 266 27 205
151 269 13 919
151 282 59 330
151 299 37 153
151 308 35 14
151 336 41 245
151 349 49 588
151 355 10 1343
151 365 31 535
152 45 31 730
152 94 17 1110
152 115 43 1360
152 132 29 1416
152 149 7 960
152 165 46 977
152 193 11 909
152 198 4 312
152 207 23 1435
152 238 52 1425
152 253 38 1491
152 306 35 865
152 310 55 9
152 330 19 500
152 347 25 674
153 83 13 903
153 85 51 697
153 97 55 1164
153 159 25 384
153 160 7 63
153 181 1 832
153 220 46 439
153 226 31 903
153 231 22 153
153 287 5 1475
153 292 29 1235
153 309 40 1220
153 316 11 712
153 325 19 972
153 374 59 558
154 22 41 597
154 34 49 807
154 45 19 1476
154 77 43 1421
154 117 26 833
154 118 10 85
154 124 55 272
154 142 5 1117
154 203 23 136
154 207 59 1435
154 228 13 1200
154 273 17 794
154 285 35 169
154 309 7 438
154 328 1 1261
155 13 10 826
155 83 37 292
155 108 25 316
155 111 19 597
155 125 29 1428
155 148 52 1435
155 180 35 1306
155 201 23 459
155 230 17 1313
155 239 4 530
155 245 13 1247
155 280 43 311
155 283 56 1388
155 347 31 1205
156 7 41 147
156 39 43 99
156 93 5 782
156 95 37 826
156 110 7 178
156 151 55 909
156 156 22 660
156 171 49 825
156 204 17 1260
156 213 31 319
156 217 47 736
156 270 34 459
156 283 27 856
156 284 53 728
156 291 13 924
157 45 26 479
157 57 50 610
157 101 31 485
157 102 4 1215
157 159 14 1244
157 171 37 1176
157 189 34 736
157 192 17 1317
157 305 20 696
157 321 55 171
157 323 1 741
157 355 44 1282
157 362 9 459
158 45 37 347
158 67 43 862
158 78 57 574
158 84 11 1437
158 88 16 398
158 121 5 1339
158 123 7 1146
158 238 13 641
158 239 28 990
158 265 31 528
158 278 25 1448
158 303 35 1033
158 366 1 1104
158 387 19 1110
158 398 47 1305
159 2 22 1037
159 5 13 1392
159 30 1 1047
159 33 37 1409
159 44 55 1272
159 66 40 200
159 89 46 503
159 137 49 1018
159 232 8 198
159 333 35 134
159 334 25 1184
159 374 53 89
159 376 31 67
160 11 25 1001
160 21 17 812
160 24 32 1101
160 52 55 414
160 81 29 1214
160 105 41 685
160 142 37 1252
160 188 13 613
160 194 45 1368
160 219 49 327
160 309 1 525
160 348 19 365
160 355 7 1343
160 375 53 660
160 393 5 325
161 5 7 485
161 89 52 901
161 101 40 1015
161 104 46 328
161 106 13 357
161 131 35 439
161 178 23 1497
161 197 25 1055
161 250 37 1067
161 253 57 1491
161 261 31 931
161 279 19 281
161 285 17 1231
161 294 1 758
161 353 49 107
162 14 5 173
162 55 17 447
162 124 19 166
162 133 7 1388
162 148 31 375
162 150 34 437
162 169 1 1323
162 177 13 489
162 178 29 501
162 182 47 381
162 201 53 769
162 206 26 1413
162 263 41 1281
162 343 37 1312
162 397 23 324
163 10 41 1009
163 13 25 1169
163 20 28 67
163 41 34 741
163 86 47 521
163 89 31 901
163 108 5 1322
163 110 55 178
163 113 13 950
163 181 52 1143
163 190 11 1274
163 259 1 907
163 277 19 1330
163 342 7 1062
163 385 43 463
164 5 7 1392
164 28 25 1069
164 74 13 854
164 109 53 1115
164 119 31 712
164 123 49 871
164 138 16 1055
164 147 29 423
164 173 55 526
164 219 1 572
164 275 35 673
164 333 41 259
164 350 20 1173
164 366 38 1104
164 390 43 620
165 2 1 1038
165 16 41 612
165 31 35 1444
165 78 55 450
165 86 11 171
165 92 16 896
165 114 53 799
165 249 31 1026
165 260 59 66
165 265 7 370
165 278 37 648
165 307 49 1293
165 343 47 508
165 353 22 1253
165 381 26 1212
166 32 1 1183
166 70 37 374
166 75 11 157
166 81 41 988
166 115 55 890
166 150 44 865
166 153 4 22
166 220 25 157
166 231 34 4
166 244 28 324
166 284 47 1261
166 315 13 1072
166 349 19 1205
166 362 49 444
166 381 7 882
167 6 16 91
167 49 31 1367
167 50 19 555
167 122 29 858
167 194 1 1010
167 216 43 205
167 238 55 784
167 257 49 1420
167 265 25 791
167 266 7 992
167 275 41 673
167 323 58 1404
167 340 35 528
167 375 23 450
167 381 37 268
168 51 3 374
168 54 11 942
168 57 34 230
168 76 5 210
168 86 29 1024
168 144 13 1188
168 190 23 743
168 215 19 1408
168 266 7 1367
168 285 1 485
168 291 15 425
168 334 43 110
168 373 38 697
168 376 25 363
168 388 57 325
169 30 56 1047
169 52 25 1322
169 77 32 1411
169 101 16 865
169 112 37 363
169 130 8 185
169 148 22 524
169 188 50 493
169 242 43 206
169 262 41 1159
169 320 19 449
169 372 13 1172
169 376 2 784
170 4 17 181
170 16 4 1237
170 32 7 1118
170 55 35 335
170 109 41 496
170 123 51 305
170 143 31 763
170 147 11 423
170 209 37 1021
170 210 43 477
170 247 23 81
170 272 19 1039
170 305 25 644
170 345 13 293
170 357 55 1020
171 23 23 907
171 116 27 214
171 136 59 639
171 152 31 905
171 169 19 183
171 173 55 706
171 175 3 390
171 205 17 1283
171 241 44 559
171 316 35 712
171 322 29 816
171 352 14 707
171 369 7 1306
171 376 38 67
171 392 49 529
172 15 33 1136
172 39 49 399
172 57 1 540
172 58 25 1347
172 146 56 86
172 206 4 105
172 242 7 894
172 254 10 764
172 296 45 894
172 306 41 1018
172 323 28 1070
172 324 13 1280
172 335 19 10
172 388 37 236
173 3 13 638
173 34 7 591
173 77 25 1411
173 92 46 479
173 115 58 463
173 118 37 672
173 123 19 1449
173 128 16 1274
173 136 29 1464
173 192 5 1146
173 202 23 557
173 275 55 1044
173 336 35 281
173 390 1 208
173 392 31 773
174 110 58 528
174 124 55 808
174 130 37 89
174 169 26 836
174 265 44 338
174 296 19 639
174 300 49 86
174 306 11 463
174 319 14 605
174 352 3 1312
174 354 52 340
174 363 8 558
174 399 31 410
175 11 37 516
175 18 5 195
175 32 10 1183
175 72 43 74
175 76 17 1123
175 120 35 787
175 186 22 1492
175 205 31 151
175 237 29 996
175 301 59 305
175 342 1 825
175 381 55 241
175 382 51 1273
175 384 19 919
175 388 25 1283
176 13 22 1363
176 16 35 251
176 68 49 1255
176 80 31 728
176 82 13 1452
176 122 37 1484
176 174 11 253
176 188 7 784
176 225 17 1029
176 230 25 1454
176 252 39 419
176 268 56 326
176 299 46 1337
176 309 1 1031
176 394 4 163
177 6 37 240
177 44 32 513
177 64 43 31
177 68 55 444
177 76 47 989
177 118 1 475
177 142 17 822
177 180 22 1032
177 213 40 1411
177 220 7 30
177 244 4 254
177 279 13 7
177 286 49 45
177 399 25 1185
178 6 4 732
178 142 53 37
178 160 10 1051
178 175 49 1078
178 179 25 1290
178 196 35 838
178 231 13 576
178 274 1 617
178 293 46 10
178 309 19 1465
178 333 41 236
178 337 31 114
178 340 23 528
178 348 37 88
178 354 16 541
179 6 43 91
179 29 46 682
179 39 31 30
179 60 49 685
179 138 25 10
179 166 13 1347
179 204 5 1260
179 236 10 766
179 269 40 1359
179 285 53 485
179 303 17 809
179 330 20 1445
179 355 7 1471
179 389 55 169
179 395 1 64
180 40 25 81
180 64 1 31
180 130 37 682
180 160 52 1166
180 198 17 892
180 206 7 858
180 207 41 1435
180 234 55 1304
180 242 49 206
180 298 19 1024
180 302 46 399
180 324 13 375
180 388 31 586
180 390 43 1091
181 46 49 495
181 61 2 1359
181 63 53 104
181 144 29 897
181 156 31 35
181 162 13 798
181 230 17 477
181 233 19 18
181 242 10 276
181 255 46 1340
181 263 23 1064
181 317 38 1033
181 347 25 1327
181 371 7 574
181 398 5 666
182 8 43 1231
182 33 37 1184
182 38 13 163
182 72 49 319
182 105 19 53
182 176 1 1294
182 178 47 1403
182 274 4 988
182 276 41 1277
182 284 29 277
182 291 55 1244
182 295 25 136
182 299 31 1257
182 319 34 636
182 365 22 535
183 11 37 933
183 80 31 1173
183 122 53 1070
183 145 22 249
183 206 25 26
183 217 17 652
183 236 28 210
183 295 13 1033
183 307 1 1114
183 310 8 9
183 315 56 1313
183 316 47 1203
183 324 43 1245
183 339 49 973
183 400 19 441
184 9 4 201
184 12 22 1326
184 19 25 523
184 38 15 423
184 44 37 502
184 113 31 950
184 117 49 420
184 197 7 163
184 199 43 199
184 255 1 1340
184 322 13 112
184 326 55 1066
184 382 19 357
185 69 52 448
185 97 31 147
185 102 49 1317
185 110 16 436
185 119 19 1130
185 143 25 352
185 184 47 290
185 242 40 1089
185 255 58 783
185 322 11 705
185 337 1 24
185 360 43 1254
185 363 37 1306
185 399 7 418
186 3 49 935
186 23 23 518
186 60 7 694
186 84 53 522
186 94 11 1188
186 129 25 758
186 139 40 331
186 166 19 896
186 197 43 1420
186 255 16 783
186 285 1 489
186 308 29 1439
186 346 47 697
186 358 57 860
186 362 3 706
187 22 35 669
187 44 55 384
187 59 38 871
187 61 49 513
187 135 5 1416
187 192 47 1026
187 232 7 526
187 280 43 450
187 319 19 941
187 325 22 972
187 327 1 590
187 330 13 308
187 354 31 736
187 383 25 762
187 397 59 764
188 11 55 24
188 36 25 550
188 118 34 1365
188 132 17 1244
188 133 44 598
188 152 7 905
188 244 10 316
188 261 49 599
188 280 19 1026
188 287 13 331
188 319 39 13
188 365 31 1469
188 381 2 641
189 8 1 119
189 17 19 1397
189 68 55 1353
189 81 59 1212
189 85 31 439
189 114 11 799
189 115 8 921
189 160 52 771
189 192 23 1026
189 237 5 298
189 238 16 951
189 258 29 311
189 364 25 1471
189 372 13 1419
189 375 41 1105
190 17 56 418
190 66 31 206
190 111 34 1043
190 128 43 1166
190 158 49 87
190 190 52 1274
190 191 41 474
190 215 37 1446
190 239 16 335
190 284 47 44
190 297 19 604
190 331 1 669
190 338 5 262
190 371 25 721
190 376 7 104
191 30 21 836
191 32 25 965
191 43 7 785
191 44 31 391
191 185 28 1442
191 210 55 1312
191 213 46 187
191 256 11 731
191 280 37 1026
191 287 19 338
191 296 14 1173
191 300 43 111
191 324 51 1245
191 389 2 169
191 397 35 324
192 23 28 411
192 30 7 836
192 43 13 759
192 65 57 728
192 84 35 522
192 99 40 573
192 153 25 325
192 158 55 1489
192 168 19 82
192 173 31 351
192 239 1 530
192 251 51 661
192 340 47 95
192 357 4 1179
192 365 37 535
193 5 43 1096
193 69 1 911
193 79 22 796
193 91 31 1355
193 95 37 1494
193 98 25 245
193 137 50 838
193 193 59 489
193 263 8 1245
193 295 55 1263
193 311 17 1284
193 315 13 1313
193 332 47 1174
193 377 4 502
193 384 10 874
194 2 7 211
194 118 33 34
194 120 29 614
194 131 23 1256
194 135 53 1199
194 137 2 1018
194 145 40 555
194 174 17 676
194 194 43 718
194 196 13 617
194 202 59 1321
194 251 10 420
194 252 49 240
194 394 47 882
194 396 19 1227
195 44 56 376
195 72 32 181
195 191 1 1179
195 210 3 848
195 234 44 960
195 246 23 101
195 251 37 1425
195 302 13 837
195 305 26 1280
195 316 53 258
195 331 19 1228
195 349 49 1029
195 354 40 1010
195 387 7 84
196 6 45 240
196 27 52 391
196 28 25 517
196 130 37 343
196 165 58 983
196 227 31 1454
196 245 7 1024
196 246 23 1292
196 256 11 943
196 301 1 352
196 324 3 337
196 328 19 665
196 368 17 241
196 371 13 995
197 70 9 374
197 95 37 1205
197 134 17 199
197 180 41 1279
197 219 13 327
197 248 19 384
197 260 53 281
197 261 43 349
197 266 1 436
197 275 5 1044
197 285 47 1231
197 364 55 492
197 373 25 1293
197 385 49 592
197 400 34 19
198 3 43 1274
198 22 47 74
198 57 34 64
198 77 7 138
198 111 51 627
198 158 4 87
198 261 25 1464
198 269 58 7
198 303 11 853
198 308 17 842
198 353 55 525
198 354 1 10
198 369 19 60
198 386 31 298
198 393 23 736
199 11 25 24
199 48 7 718
199 130 55 854
199 132 59 1344
199 165 52 1384
199 186 34 521
199 197 2 1443
199 261 19 1305
199 339 14 831
199 344 44 864
199 381 38 241
199 398 29 1283
200 20 49 1243
200 100 26 1216
200 119 55 497
200 131 59 931
200 150 13 495
200 152 16 312
200 215 2 1252
200 234 43 720
200 305 39 696
200 361 7 439
200 369 31 53
200 387 19 1407
201 5 49 591
201 59 37 769
201 64 1 723
201 138 44 696
201 145 28 502
201 160 15 240
201 211 59 940
201 259 9 892
201 307 19 991
201 332 35 409
201 369 55 910
201 376 31 266
201 386 25 372
201 391 13 419
202 49 49 659
202 148 46 1291
202 165 56 1484
202 177 1 1466
202 214 35 730
202 225 29 445
202 244 25 854
202 251 40 21
202 314 17 1124
202 322 53 1151
202 336 5 1460
202 362 7 589
202 377 11 913
202 386 22 268
202 394 59 526
203 14 38 203
203 20 7 397
203 109 11 1033
203 147 41 455
203 181 55 134
203 214 29 668
203 236 58 210
203 243 43 1200
203 259 1 492
203 288 16 334
203 309 31 996
203 338 23 365
203 341 25 1261
203 383 49 1228
203 388 19 586
204 13 37 1169
204 19 31 1482
204 25 49 1494
204 134 47 968
204 140 7 1340
204 154 40 398
204 157 58 1144
204 293 1 786
204 321 25 71
204 326 19 888
204 344 55 864
204 345 43 204
204 355 22 1376
204 358 13 1284
204 371 4 1295
205 2 31 1109
205 4 11 181
205 61 56 513
205 106 7 1023
205 110 14 439
205 129 50 958
205 139 19 1489
205 157 37 1476
205 171 43 577
205 193 23 281
205 198 17 481
205 259 25 1174
205 266 2 297
205 275 29 789
205 287 41 261
206 43 15 698
206 71 55 906
206 80 19 70
206 117 25 1205
206 158 23 627
206 181 7 1480
206 231 46 1088
206 248 10 186
206 274 43 557
206 347 31 1327
206 351 49 918
206 364 1 1339
206 386 58 994
206 395 39 1416
207 23 41 488
207 32 22 26
207 43 31 596
207 141 55 871
207 159 10 636
207 216 25 907
207 276 53 110
207 291 43 445
207 297 3 1214
207 298 49 18
207 300 7 640
207 323 16 298
207 325 58 160
207 333 35 1418
207 357 19 1302
208 6 25 732
208 7 59 304
208 17 31 974
208 33 4 1409
208 37 19 988
208 79 28 910
208 117 39 1432
208 150 55 865
208 186 43 255
208 191 17 862
208 212 51 656
208 243 7 522
208 246 11 1322
208 343 35 1366
208 347 13 943
209 56 29 705
209 69 25 448
209 84 1 245
209 92 40 1377
209 100 31 239
209 148 37 1291
209 149 55 235
209 159 3 599
209 179 13 260
209 215 19 1215
209 229 7 108
209 301 23 10
209 321 45 98
209 332 59 1470
209 393 43 290
210 76 17 602
210 111 31 1043
210 124 37 1452
210 128 49 525
210 135 29 35
210 141 7 590
210 176 40 755
210 207 35 518
210 208 52 1491
210 216 20 235
210 260 47 1253
210 340 5 1078
210 348 25 1250
210 357 10 923
210 389 43 679
211 7 35 376
211 28 19 86
211 40 44 776
211 46 5 457
211 54 11 665
211 58 7 1154
211 65 25 1472
211 117 1 1203
211 126 40 1244
211 148 52 669
211 176 49 1489
211 184 58 290
211 211 17 31
211 225 23 760
211 367 31 501
212 72 37 74
212 113 49 1159
212 120 53 791
212 154 28 398
212 182 14 763
212 185 31 951
212 215 19 727
212 229 55 1237
212 284 35 530
212 300 25 1027
212 330 7 326
212 358 44 1284
212 388 1 424
213 35 55 775
213 41 34 641
213 68 9 1323
213 141 37 227
213 174 5 1355
213 185 22 1484
213 293 16 438
213 313 49 584
213 327 26 428
213 333 41 864
213 352 2 227
213 361 45 896
213 398 7 1233
214 3 19 1017
214 42 17 1093
214 56 47 721
214 121 5 414
214 136 11 1464
214 149 49 447
214 167 59 669
214 177 55 173
214 198 1 45
214 207 23 1087
214 251 40 625
214 262 3 976
214 361 13 283
214 385 7 592
214 399 25 101
215 10 35 241
215 22 29 669
215 24 31 376
215 79 43 1472
215 143 19 1416
215 194 13 1216
215 231 10 153
215 252 49 1114
215 276 17 1304
215 296 25 174
215 329 46 1044
215 339 57 628
215 366 4 181
215 368 55 1365
215 396 40 706
216 9 13 941
216 29 52 798
216 37 25 1256
216 116 47 214
216 119 19 563
216 162 37 1407
216 184 17 1280
216 188 7 493
216 218 59 698
216 227 43 1380
216 242 31 943
216 263 29 353
216 285 23 485
216 295 55 1383
216 337 1 195
217 64 1 785
217 107 29 572
217 122 58 1174
217 136 5 1351
217 180 41 1032
217 184 17 996
217 189 51 1215
217 218 15 728
217 228 37 1421
217 283 25 279
217 314 13 338
217 317 19 1250
217 324 31 1121
217 327 43 891
217 380 7 158
218 59 44 339
218 62 17 1253
218 76 23 1228
218 78 3 82
218 84 29 522
218 114 1 400
218 143 13 352
218 178 37 134
218 183 31 644
218 219 50 1444
218 239 7 1452
218 317 25 888
218 371 10 1295
218 372 20 910
218 387 56 348
219 26 7 862
219 59 1 871
219 88 10 1230
219 119 55 724
219 160 37 349
219 188 49 706
219 195 34 234
219 206 40 1413
219 323 28 1317
219 330 44 500
219 334 19 1224
219 338 25 365
219 373 14 1195
220 6 7 91
220 17 44 601
220 23 29 119
220 68 37 1460
220 71 52 90
220 114 1 1412
220 193 23 448
220 226 25 1417
220 305 3 644
220 322 35 705
220 336 41 1367
220 344 57 167
220 349 13 1475
220 353 10 343
220 383 19 528
221 18 5 306
221 20 37 550
221 65 7 285
221 72 19 1252
221 86 11 1024
221 100 51 1284
221 158 45 1423
221 159 28 516
221 184 35 1280
221 200 40 1302
221 233 14 311
221 302 25 453
221 321 1 171
221 331 31 22
221 363 57 248
222 65 50 724
222 188 25 493
222 215 32 1446
222 244 7 304
222 272 43 1151
222 294 55 211
222 308 41 410
222 309 37 331
222 317 2 1159
222 333 47 860
222 338 17 187
222 358 19 1284
222 371 10 54
222 377 29 663
222 389 13 679
223 6 34 414
223 17 7 366
223 29 25 154
223 69 13 964
223 74 44 749
223 104 31 988
223 110 4 665
223 119 20 1102
223 141 1 1224
223 190 17 1056
223 199 49 672
223 306 53 297
223 318 41 962
223 346 57 1155
223 362 37 157
224 25 25 640
224 29 56 1317
224 44 1 666
224 47 31 1072
224 81 47 1214
224 88 37 31
224 123 13 1432
224 127 44 1147
224 142 5 37
224 149 50 98
224 187 19 307
224 215 7 101
224 270 40 1154
224 284 59 826
225 17 32 418
225 65 7 508
225 79 22 75
225 80 1 1078
225 82 16 244
225 105 5 147
225 106 13 474
225 111 19 798
225 177 55 92
225 185 46 836
225 188 37 493
225 269 28 1026
225 270 43 951
225 278 49 1244
225 353 25 107
226 3 19 638
226 27 1 455
226 44 13 1021
226 70 55 374
226 71 22 878
226 110 10 11
226 187 49 826
226 196 53 162
226 222 7 733
226 230 29 906
226 245 43 1024
226 270 4 924
226 275 35 1119
226 278 58 648
226 313 31 1093
227 10 35 720
227 19 7 531
227 29 58 4
227 57 22 259
227 98 49 201
227 112 27 437
227 140 1 292
227 146 40 1260
227 274 43 1179
227 321 13 1136
227 329 31 84
227 357 37 501
227 365 55 188
227 386 46 551
228 11 3 829
228 23 47 488
228 24 8 1465
228 35 26 1077
228 135 41 1245
228 173 15 836
228 209 19 656
228 219 56 327
228 221 31 919
228 246 53 664
228 251 49 605
228 274 43 167
228 276 35 1085
228 320 37 100
228 394 23 604
229 38 31 1105
229 50 44 518
229 93 5 473
229 97 1 1459
229 133 19 1388
229 176 28 1414
229 227 13 488
229 239 58 771
229 244 55 625
229 268 7 852
229 280 37 369
229 318 41 1344
229 322 47 452
229 343 11 1312
229 360 49 1172
230 26 56 474
230 28 44 703
230 38 33 423
230 92 16 897
230 96 3 1300
230 109 59 1115
230 122 23 260
230 123 19 1146
230 130 25 1281
230 193 37 169
230 225 31 1253
230 235 7 148
230 273 11 787
230 308 13 735
230 387 49 882
231 54 41 399
231 61 22 166
231 78 34 1055
231 82 16 1452
231 92 1 1127
231 95 55 457
231 125 59 788
231 160 10 37
231 176 25 1489
231 192 43 527
231 222 7 1443
231 279 49 1250
231 303 47 696
231 327 37 297
231 386 28 495
232 40 1 981
232 54 41 1097
232 67 26 862
232 119 14 1130
232 130 7 33
232 136 53 589
232 144 35 214
232 152 55 119
232 158 23 1020
232 219 45 1032
232 295 19 1015
232 312 37 1069
232 320 49 437
232 363 58 1109
232 367 31 549
233 8 8 1353
233 9 56 81
233 40 19 1071
233 55 5 1223
233 67 43 568
233 92 38 897
233 103 41 1114
233 118 49 34
233 121 17 1339
233 222 28 1343
233 237 47 343
233 238 13 216
233 281 1 550
233 356 25 92
233 374 53 449
234 13 25 602
234 24 50 445
234 49 37 659
234 50 34 1184
234 55 41 1223
234 66 28 766
234 112 1 1368
234 144 11 1072
234 173 20 894
234 188 7 706
234 207 59 676
234 238 16 641
234 310 43 9
234 332 47 336
234 357 13 557
235 6 49 1327
235 47 3 494
235 72 19 28
235 83 26 975
235 92 31 1127
235 103 59 659
235 126 34 1244
235 163 17 1020
235 214 57 562
235 265 13 1255
235 278 7 1244
235 279 43 335
235 338 23 599
235 392 37 1496
235 400 52 1279
236 23 5 492
236 30 13 965
236 32 55 1118
236 72 49 933
236 123 32 1125
236 126 58 112
236 189 43 597
236 309 40 253
236 313 27 70
236 315 19 335
236 339 8 252
236 346 47 513
236 347 1 794
237 17 37 111
237 67 13 254
237 108 35 1322
237 110 46 1482
237 117 19 1432
237 133 31 598
237 214 11 1097
237 234 56 1359
237 267 17 833
237 280 49 1009
237 281 53 747
237 340 23 1311
237 347 25 557
237 355 7 376
237 373 1 697
238 50 37 555
238 69 49 1119
238 102 27 822
238 113 3 11
238 163 11 1020
238 176 43 1482
238 243 19 975
238 244 52 452
238 258 1 1491
238 297 55 604
238 331 31 1228
238 334 13 1174
238 336 25 1460
238 337 7 95
238 366 46 822
239 42 35 919
239 49 1 694
239 64 37 748
239 81 11 1125
239 87 19 1199
239 97 55 1376
239 162 14 1147
239 229 49 927
239 235 7 1121
239 270 31 532
239 277 44 1365
239 332 41 1470
239 367 28 798
239 393 59 966
239 397 5 1445
240 8 25 1430
240 15 20 443
240 16 35 892
240 24 37 404
240 47 1 787
240 83 56 853
240 121 31 248
240 133 7 112
240 149 13 447
240 174 11 1355
240 183 43 1355
240 281 5 1055
240 360 50 26
241 6 13 732
241 29 52 1317
241 50 22 1184
241 60 31 923
241 132 35 890
241 142 5 651
241 161 17 644
241 181 58 1143
241 214 25 730
241 236 38 1442
241 309 19 253
241 329 28 227
241 350 1 187
241 369 7 789
241 392 43 1371
242 40 1 593
242 56 29 100
242 73 16 135
242 165 13 773
242 209 49 1021
242 210 43 381
242 265 8 528
242 267 53 833
242 272 19 272
242 346 23 1348
242 348 55 697
242 350 33 205
242 359 25 1043
242 395 38 699
243 19 38 531
243 122 47 603
243 159 58 606
243 169 31 904
243 204 11 1037
243 229 3 927
243 283 19 864
243 315 43 1263
243 345 26 661
243 365 55 535
243 372 49 684
243 376 13 104
243 390 52 1412
243 392 7 327
244 35 7 911
244 50 43 555
244 65 51 495
244 90 31 118
244 91 13 776
244 119 39 1183
244 191 1 220
244 223 55 1072
244 229 3 768
244 240 46 807
244 291 19 924
244 297 25 1325
244 312 58 1031
244 371 34 1295
245 17 1 111
245 40 37 1393
245 55 29 438
245 64 50 31
245 85 33 340
245 114 5 799
245 158 11 1374
245 176 55 1154
245 220 13 157
245 229 43 353
245 235 16 148
245 284 23 44
245 347 25 473
245 361 7 896
245 380 19 1460
246 15 43 260
246 19 13 531
246 57 49 433
246 119 55 721
246 175 37 461
246 195 23 1215
246 215 27 896
246 245 7 1384
246 248 1 1144
246 289 19 703
246 309 4 1404
246 352 52 73
246 399 31 612
247 24 44 36
247 32 50 1183
247 39 38 1059
247 57 31 1397
247 64 1 1390
247 88 16 1230
247 125 53 1325
247 200 34 1279
247 236 10 210
247 237 23 343
247 270 7 717
247 281 59 235
247 321 25 110
247 381 55 1212
247 395 19 572
248 3 16 638
248 36 49 261
248 51 5 1492
248 55 55 167
248 59 25 807
248 81 23 1209
248 92 37 788
248 203 47 424
248 234 7 255
248 240 59 1291
248 248 43 1453
248 279 1 1398
248 317 19 398
248 328 31 918
248 332 41 409
249 6 1 779
249 44 37 391
249 52 55 264
249 63 23 1257
249 74 7 1250
249 75 35 619
249 120 43 1093
249 153 13 1214
249 161 11 500
249 191 41 593
249 282 29 1252
249 299 4 628
249 334 49 174
249 337 31 769
249 357 46 1062
250 14 11 1330
250 75 55 897
250 81 43 1302
250 91 19 4
250 116 35 964
250 207 59 518
250 235 46 118
250 317 31 475
250 321 7 465
250 331 49 1040
250 355 40 1262
250 368 17 1009
250 384 28 485
250 391 53 1407
250 395 1 75
251 5 19 508
251 116 29 633
251 122 11 1070
251 126 43 327
251 131 23 931
251 137 55 419
251 166 37 703
251 227 7 782
251 228 1 1299
251 277 25 647
251 285 35 1231
251 287 5 1208
251 328 31 665
251 331 49 65
251 379 14 856
252 10 53 720
252 36 55 1448
252 40 14 975
252 46 41 457
252 58 1 1230
252 89 31 316
252 92 22 1125
252 97 43 1376
252 137 25 35
252 143 49 654
252 192 59 527
252 213 7 639
252 242 10 22
252 379 35 1102
252 399 37 1245
253 76 53 602
253 122 29 459
253 138 26 341
253 172 11 1279
253 176 1 1154
253 226 15 959
253 264 31 1143
253 268 49 786
253 299 58 395
253 300 22 668
253 340 35 95
253 363 8 724
253 372 19 589
253 374 41 1403
253 380 37 951
254 22 35 1338
254 24 25 1316
254 37 19 1089
254 38 43 1404
254 46 51 1419
254 87 7 1262
254 97 14 672
254 165 10 525
254 197 37 433
254 205 23 995
254 209 55 1169
254 243 2 304
254 309 31 488
255 12 37 1348
255 68 31 848
255 122 59 260
255 172 11 1256
255 215 7 1252
255 237 55 49
255 271 28 838
255 290 25 1091
255 306 22 709
255 326 4 1069
255 335 49 1379
255 353 40 14
255 370 47 1421
255 383 43 874
255 392 13 1088
256 21 35 328
256 35 13 1077
256 79 22 111
256 83 1 1344
256 94 45 1188
256 139 40 262
256 202 27 450
256 204 47 973
256 244 19 256
256 271 55 22
256 316 53 625
256 333 5 860
256 381 7 561
256 386 50 234
256 397 17 764
257 3 55 1096
257 4 25 475
257 17 44 418
257 40 7 966
257 86 11 1088
257 105 5 1465
257 173 31 706
257 209 1 548
257 217 53 1192
257 218 23 1066
257 227 37 1380
257 244 28 454
257 259 19 907
257 302 14 399
257 309 50 488
258 9 16 941
258 36 1 453
258 44 31 258
258 51 47 13
258 59 38 492
258 81 29 1153
258 125 35 1428
258 159 7 99
258 173 20 1141
258 180 5 1279
258 220 55 1174
258 251 10 1143
258 269 13 862
258 280 49 828
258 369 43 423
259 16 23 612
259 41 46 741
259 56 56 1446
259 70 58 410
259 89 4 314
259 114 53 312
259 135 37 584
259 252 49 769
259 274 10 617
259 275 29 523
259 286 14 316
259 318 35 1037
259 342 25 88
259 374 1 1326
259 397 41 324
260 9 13 438
260 34 43 33
260 62 35 1159
260 91 7 151
260 95 31 465
260 111 19 1043
260 126 55 112
260 128 4 1166
260 261 50 71
260 307 25 34
260 316 47 793
260 320 37 449
260 329 16 227
260 343 29 508
260 394 23 1014
261 7 11 35
261 47 7 494
261 55 41 335
261 73 46 897
261 146 31 86
261 150 34 924
261 237 23 433
261 276 5 794
261 278 28 966
261 287 53 331
261 295 37 1263
261 298 14 775
261 307 49 523
261 309 1 1404
261 364 56 148
262 4 11 475
262 17 14 795
262 26 49 474
262 55 1 994
262 56 43 100
262 58 52 919
262 99 19 695
262 147 3 527
262 155 25 748
262 167 5 709
262 182 35 724
262 231 22 1155
262 307 55 826
262 350 7 205
262 360 31 1280
263 10 49 615
263 70 46 1020
263 71 19 990
263 78 22 200
263 105 53 1488
263 140 7 453
263 156 58 475
263 172 11 982
263 235 13 148
263 260 17 1292
263 279 25 1398
263 339 1 252
263 359 40 1425
263 366 43 822
263 370 29 829
264 30 37 965
264 62 23 1243
264 82 10 709
264 92 34 578
264 155 19 1229
264 188 13 627
264 231 31 296
264 266 49 1153
264 279 25 256
264 334 43 1174
264 351 1 1004
264 362 57 157
264 368 17 1365
264 393 7 384
264 398 29 666
265 32 7 254
265 56 59 169
265 61 31 1449
265 76 11 1123
265 78 37 1243
265 106 25 255
265 107 47 186
265 133 1 633
265 194 15 562
265 207 41 598
265 261 49 349
265 267 23 21
265 329 34 485
265 344 28 864
265 361 55 1266
266 12 19 1326
266 17 55 1492
266 64 13 976
266 95 2 439
266 160 10 349
266 239 43 556
266 272 31 174
266 325 46 1222
266 343 52 1312
266 348 38 1124
266 371 22 629
266 399 25 1428
267 10 47 584
267 16 59 251
267 122 41 452
267 132 16 1343
267 141 10 927
267 143 19 763
267 152 13 312
267 226 26 1223
267 243 37 84
267 260 52 34
267 269 31 498
267 344 34 909
267 348 43 201
267 397 23 638
267 398 49 822
268 61 34 1449
268 79 25 766
268 83 55 1088
268 84 16 522
268 104 31 652
268 123 19 1185
268 158 14 897
268 197 43 433
268 204 10 783
268 250 1 7
268 256 41 461
268 277 37 1330
268 289 49 1017
268 316 23 148
268 333 29 1418
269 36 31 1497
269 74 1 1428
269 84 59 459
269 107 53 173
269 126 13 448
269 175 7 390
269 176 16 1414
269 226 26 556
269 234 55 1081
269 288 22 1383
269 325 46 1367
269 327 49 297
269 355 4 1164
269 359 43 183
269 361 37 854
270 37 26 793
270 42 35 684
270 115 19 891
270 120 17 791
270 139 43 976
270 151 38 1085
270 169 50 634
270 177 2 1316
270 188 7 1072
270 196 23 850
270 209 31 473
270 277 55 647
270 356 46 92
270 394 13 1091
271 22 53 597
271 24 49 376
271 92 9 1127
271 133 1 95
271 159 34 453
271 193 55 668
271 204 23 1119
271 205 29 440
271 214 7 279
271 221 14 234
271 236 19 920
271 311 47 923
271 313 37 37
271 330 25 1350
271 336 59 245
272 29 13 1405
272 59 57 307
272 69 4 513
272 81 35 1169
272 82 49 864
272 95 38 1477
272 96 25 606
272 112 8 506
272 196 17 927
272 219 31 1343
272 220 52 1174
272 253 43 1031
272 292 23 454
272 303 1 1033
272 366 19 118
273 3 2 1087
273 110 46 1411
273 141 55 989
273 142 17 1290
273 147 11 1243
273 155 19 591
273 158 5 837
273 242 40 206
273 256 33 1044
273 260 59 1274
273 290 8 195
273 302 49 1051
273 342 28 88
273 382 13 264
274 26 4 136
274 39 55 30
274 54 13 1308
274 76 29 1123
274 116 35 24
274 121 59 735
274 128 31 1235
274 158 53 1374
274 241 19 84
274 268 37 1261
274 301 11 86
274 349 25 565
274 367 15 1459
274 383 7 503
274 384 49 365
275 16 17 568
275 69 7 58
275 105 43 723
275 111 46 474
275 168 13 48
275 173 19 776
275 183 39 500
275 203 49 459
275 295 55 1033
275 321 51 695
275 354 10 590
275 361 1 1266
275 375 29 22
275 392 31 1494
275 397 59 652
276 26 34 474
276 58 38 1313
276 63 11 104
276 109 47 717
276 134 43 1164
276 145 7 951
276 186 28 1306
276 206 25 636
276 215 13 268
276 258 5 403
276 284 41 338
276 328 55 665
276 339 20 479
276 342 1 131
276 362 49 589
277 40 44 975
277 61 34 44
277 94 23 1089
277 105 17 53
277 128 31 1274
277 147 41 148
277 158 59 627
277 173 19 1087
277 182 11 1254
277 217 3 450
277 218 52 494
277 297 13 521
277 299 56 577
277 315 7 1411
277 387 26 348
278 4 49 311
278 16 10 1044
278 27 4 455
278 35 19 411
278 124 13 556
278 161 17 296
278 291 27 904
278 295 57 203
278 304 41 960
278 320 46 352
278 336 53 245
278 364 37 920
278 368 35 493
278 377 44 548
278 390 31 676
279 7 11 1427
279 20 31 1307
279 22 25 597
279 54 53 1308
279 110 4 1253
279 120 23 1192
279 143 7 1416
279 193 17 281
279 212 58 568
279 238 27 951
279 239 55 771
279 255 49 452
279 313 45 1093
279 331 13 1375
279 351 19 699
280 62 23 741
280 113 7 606
280 118 16 448
280 127 56 676
280 128 46 1274
280 214 13 279
280 259 2 763
280 289 31 10
280 299 37 1260
280 358 49 43
280 359 40 1040
280 362 25 733
280 391 21 1240
281 18 23 1110
281 31 53 1388
281 104 16 584
281 132 11 1007
281 141 28 86
281 179 7 1290
281 210 19 446
281 211 47 759
281 214 5 420
281 221 1 60
281 295 49 1147
281 297 31 604
281 339 37 654
281 360 43 545
281 400 13 68
282 26 49 959
282 66 52 1043
282 229 55 1105
282 267 29 763
282 274 4 384
282 278 22 833
282 294 31 236
282 312 7 1069
282 326 16 1024
282 337 43 95
282 353 10 371
282 369 25 1009
282 377 1 1232
282 392 37 1189
282 397 41 1445
283 20 28 153
283 38 43 220
283 80 3 638
283 147 25 1056
283 175 56 921
283 176 19 1294
283 291 13 1118
283 317 31 1159
283 327 7 850
283 384 49 1266
283 386 37 495
284 15 51 758
284 21 35 1121
284 84 5 522
284 114 23 799
284 142 41 219
284 198 44 1067
284 219 1 88
284 228 26 753
284 229 37 1402
284 236 19 764
284 250 46 1311
284 338 11 588
284 342 31 1147
284 355 13 1282
284 373 7 34
285 72 37 540
285 78 7 82
285 116 33 562
285 132 29 253
285 153 49 1326
285 163 35 1430
285 222 44 1392
285 225 17 445
285 228 1 238
285 253 19 1031
285 254 52 1232
285 305 13 1310
285 306 41 611
285 312 58 1227
285 354 25 590
286 90 55 118
286 100 25 336
286 121 59 1340
286 127 16 1285
286 139 13 58
286 149 51 759
286 158 1 897
286 160 40 240
286 166 43 294
286 171 21 580
286 218 5 943
286 262 35 976
286 280 7 1026
286 288 37 931
286 309 31 1404
287 9 40 81
287 24 19 348
287 37 1 90
287 57 7 1058
287 78 43 588
287 83 31 292
287 125 35 1205
287 137 50 253
287 165 10 334
287 192 59 1317
287 280 55 550
287 286 25 749
287 300 46 185
287 351 15 198
288 47 37 1134
288 84 25 522
288 116 5 1087
288 121 28 735
288 153 43 731
288 154 13 90
288 193 11 779
288 195 53 717
288 215 49 268
288 243 1 296
288 256 59 894
288 273 35 199
288 315 31 731
288 323 22 794
288 345 7 293
289 38 13 780
289 74 20 1351
289 87 49 1409
289 131 59 208
289 152 25 312
289 178 23 501
289 240 17 1291
289 295 37 457
289 305 55 1480
289 307 8 238
289 347 1 943
289 353 43 371
289 377 47 699
289 400 34 856
290 21 59 136
290 32 43 1337
290 60 13 685
290 91 49 660
290 163 41 1430
290 169 19 1323
290 183 26 494
290 216 55 782
290 242 31 276
290 270 34 477
290 315 37 112
290 334 2 1420
290 373 7 1195
290 398 23 1233
291 10 41 720
291 33 55 1184
291 38 1 964
291 68 50 481
291 112 37 712
291 158 17 260
291 172 5 73
291 178 59 1088
291 209 31 1021
291 262 35 906
291 268 44 1427
291 284 29 1009
291 292 19 993
291 297 8 110
291 336 23 718
292 1 49 1214
292 89 7 1453
292 92 10 1409
292 95 20 1477
292 145 58 454
292 197 13 433
292 202 47 1064
292 205 27 1067
292 218 29 660
292 247 41 138
292 251 34 108
292 271 55 1243
292 362 43 589
292 371 1 353
292 398 5 1283
293 27 13 532
293 89 43 931
293 92 46 608
293 101 52 977
293 163 11 201
293 165 49 977
293 169 25 1386
293 214 35 562
293 246 31 664
293 292 3 1277
293 295 7 203
293 305 55 644
293 314 5 1189
293 320 16 66
293 337 21 95
294 57 37 1465
294 97 55 977
294 107 59 503
294 145 49 951
294 181 16 1143
294 187 31 1144
294 207 35 1089
294 235 52 903
294 241 19 1180
294 244 40 256
294 269 9 498
294 288 43 1311
294 339 1 264
294 370 28 1452
294 379 23 856
295 2 52 211
295 19 13 19
295 82 43 1452
295 85 1 173
295 103 17 455
295 109 29 496
295 159 7 636
295 169 37 1386
295 180 41 1472
295 225 35 738
295 242 10 658
295 309 55 488
295 310 20 345
295 365 26 104
295 386 31 234
296 26 1 680
296 37 33 639
296 44 37 248
296 92 25 897
296 112 51 608
296 124 58 178
296 137 19 107
296 146 4 1071
296 261 13 599
296 272 43 272
296 303 17 1033
296 332 49 1230
296 356 7 1151
297 7 17 35
297 100 7 593
297 121 59 252
297 122 29 290
297 169 31 1051
297 175 55 652
297 186 25 1220
297 234 19 960
297 284 23 530
297 301 11 1384
297 316 37 450
297 374 47 465
297 385 1 1258
297 386 52 1307
297 400 40 104
298 22 53 1228
298 60 31 779
298 62 5 766
298 73 28 294
298 93 23 640
298 116 17 633
298 142 41 822
298 217 21 1192
298 234 37 1204
298 248 49 1453
298 326 10 1066
298 328 1 14
298 361 55 639
298 370 25 1421
298 399 13 518
299 80 55 656
299 113 25 118
299 118 16 320
299 133 1 112
299 149 39 134
299 151 19 909
299 160 49 1166
299 267 37 833
299 278 34 833
299 292 5 1001
299 294 9 735
299 336 23 1247
299 361 43 283
299 400 31 856
300 2 7 1038
300 19 1 989
300 30 39 836
300 43 31 785
300 67 43 254
300 73 22 157
300 106 19 409
300 112 13 624
300 207 35 573
300 250 10 696
300 296 57 262
300 301 17 430
300 305 25 496
300 340 55 1065
300 394 37 576
301 12 52 1326
301 61 46 1359
301 69 26 648
301 157 49 540
301 183 37 559
301 195 11 659
301 214 35 864
301 271 58 479
301 290 55 369
301 291 19 445
301 307 7 523
301 325 13 765
301 378 1 48
301 381 31 31
301 400 16 856
302 13 16 625
302 42 1 1093
302 101 13 76
302 115 37 890
302 130 19 973
302 137 25 253
302 150 40 924
302 151 43 449
302 251 3 1077
302 291 7 924
302 318 35 308
302 346 29 1445
302 361 31 1266
302 363 56 558
302 388 49 586
303 107 47 933
303 122 23 290
303 159 34 1017
303 171 19 1299
303 196 53 712
303 226 49 893
303 227 43 360
303 267 17 171
303 276 29 1277
303 292 59 390
303 320 1 720
303 321 25 1291
303 327 55 1147
303 339 8 743
303 361 13 1344
304 9 56 400
304 17 7 1397
304 25 3 1421
304 68 25 1353
304 129 19 761
304 155 39 1484
304 158 11 1423
304 165 43 1484
304 181 16 134
304 270 13 526
304 276 29 1304
304 284 47 530
304 293 50 872
304 295 31 1263
304 316 1 625
305 49 7 1430
305 71 25 685
305 83 43 1209
305 99 28 573
305 140 55 370
305 151 21 420
305 163 11 400
305 169 13 578
305 177 1 1345
305 179 31 260
305 230 47 763
305 322 35 606
305 373 50 55
305 385 37 1064
306 1 31 425
306 24 1 1208
306 37 37 614
306 128 49 1235
306 133 13 664
306 142 35 674
306 218 47 1134
306 230 43 1313
306 241 19 277
306 254 10 604
306 271 58 469
306 274 7 320
306 333 41 860
306 362 25 1470
306 400 55 319
307 9 43 438
307 14 53 990
307 36 19 261
307 77 25 614
307 81 35 1214
307 170 40 365
307 173 49 905
307 182 3 381
307 212 8 13
307 269 46 18
307 273 17 787
307 295 55 201
307 296 13 1215
307 355 32 1164
308 39 7 391
308 50 1 1363
308 51 26 1492
308 125 53 1428
308 162 31 1359
308 166 55 294
308 184 11 372
308 194 19 1231
308 216 37 375
308 239 43 927
308 281 35 747
308 288 50 982
308 303 15 1028
308 308 29 14
309 13 25 711
309 38 55 725
309 40 13 81
309 139 7 1489
309 155 37 1326
309 166 3 625
309 214 28 959
309 220 10 1443
309 251 19 482
309 253 43 1240
309 282 35 330
309 308 41 526
309 345 49 518
309 377 23 502
309 392 31 1189
310 4 47 1339
310 61 19 1272
310 72 38 989
310 108 11 1460
310 127 28 1374
310 153 25 1221
310 190 17 67
310 211 13 1032
310 232 1 839
310 279 56 281
310 320 22 66
310 353 44 382
310 366 7 773
310 383 50 306
310 387 31 1014
311 10 59 255
311 28 2 703
311 57 26 1476
311 87 52 674
311 112 13 372
311 127 43 565
311 147 47 324
311 182 29 641
311 268 38 341
311 329 49 903
311 335 8 611
311 337 55 598
311 348 19 1452
311 389 31 1326
312 15 55 84
312 35 7 913
312 37 32 1321
312 43 13 923
312 48 19 865
312 91 38 921
312 127 22 1360
312 141 25 327
312 169 43 1155
312 180 59 1472
312 182 17 381
312 190 53 67
312 236 28 1222
312 351 1 699
312 368 11 240
313 34 19 1311
313 60 7 227
313 82 13 244
313 95 31 922
313 111 40 589
313 116 23 87
313 158 53 319
313 165 27 525
313 201 46 459
313 209 55 1018
313 268 1 603
313 311 11 95
313 319 16 13
313 350 49 1180
313 398 59 1283
314 33 10 894
314 147 23 325
314 152 7 764
314 181 34 951
314 199 19 1238
314 200 13 633
314 253 56 441
314 298 37 585
314 311 5 785
314 315 43 966
314 321 49 1123
314 329 28 457
314 341 1 1150
315 35 56 411
315 65 1 1423
315 93 47 782
315 98 20 521
315 139 37 58
315 196 29 927
315 260 40 1091
315 262 33 976
315 340 17 1311
315 346 5 697
315 350 13 187
315 353 49 1202
315 360 7 1136
315 378 43 860
315 396 26 878
316 21 41 157
316 91 37 730
316 131 49 76
316 139 55 747
316 153 43 66
316 185 4 951
316 201 23 860
316 228 19 1421
316 259 25 892
316 330 13 1237
316 345 51 1436
316 361 31 1066
316 373 7 697
316 394 11 163
317 22 5 669
317 29 46 1250
317 34 49 1067
317 44 37 384
317 56 53 169
317 64 25 785
317 79 7 923
317 85 14 87
317 103 11 1449
317 130 1 89
317 193 29 281
317 197 57 163
317 218 35 696
317 267 23 1055
317 358 19 905
318 25 14 527
318 45 57 1268
318 47 43 1339
318 98 7 89
318 99 19 19
318 101 22 441
318 116 53 208
318 212 49 614
318 219 32 327
318 222 1 1343
318 225 55 602
318 231 25 264
318 311 41 785
318 357 28 931
318 365 4 901
319 13 32 602
319 81 23 988
319 98 1 816
319 115 28 532
319 116 47 1376
319 156 52 865
319 191 35 1026
319 211 5 1494
319 227 13 1333
319 278 10 1151
319 310 19 1117
319 317 43 1159
319 326 49 1105
319 329 25 1446
319 378 55 255
320 64 1 211
320 84 47 1437
320 104 34 988
320 109 13 261
320 138 49 341
320 174 41 1355
320 185 31 958
320 192 23 219
320 204 11 973
320 250 44 1429
320 279 15 4
320 350 37 959
320 353 52 1155
320 367 7 605
320 399 25 612
321 2 16 211
321 26 52 474
321 56 47 169
321 66 19 494
321 76 35 1123
321 90 7 351
321 110 49 1253
321 154 10 776
321 177 1 516
321 220 38 439
321 252 55 712
321 321 31 277
321 328 43 1308
321 400 27 225
322 11 55 198
322 58 25 919
322 95 37 922
322 114 13 1134
322 154 9 1235
322 173 3 245
322 204 17 1449
322 226 31 444
322 270 51 924
322 281 43 348
322 298 45 585
322 308 41 735
322 315 19 1411
322 340 35 1078
322 375 23 1105
323 30 45 627
323 105 53 147
323 120 51 1192
323 124 28 1114
323 131 17 594
323 138 25 1399
323 160 56 1051
323 185 7 251
323 228 32 1200
323 235 10 118
323 237 59 1353
323 238 13 951
323 265 1 780
323 271 40 1081
323 304 23 1266
324 31 23 453
324 48 49 965
324 73 43 1173
324 98 25 816
324 148 32 241
324 160 16 771
324 264 39 1112
324 265 7 408
324 291 19 425
324 292 5 454
324 302 13 1381
324 344 1 993
324 357 56 1062
324 377 29 410
324 391 37 419
325 58 39 775
325 73 13 1051
325 89 43 314
325 92 16 1377
325 140 25 478
325 152 32 764
325 169 19 1386
325 240 5 372
325 241 7 277
325 281 29 1195
325 287 11 706
325 338 35 283
325 345 55 518
325 369 1 1306
325 378 50 463
326 42 59 1040
326 70 28 374
326 82 13 1222
326 88 25 251
326 93 47 131
326 136 37 116
326 139 16 1345
326 188 39 266
326 205 3 409
326 213 50 138
326 219 31 572
326 232 20 198
326 262 1 976
326 311 53 923
326 354 43 581
327 17 13 1397
327 33 34 1176
327 116 4 208
327 129 26 1255
327 140 37 64
327 149 49 854
327 155 20 1417
327 219 7 1257
327 223 1 21
327 250 31 1047
327 276 53 1304
327 326 43 1189
327 354 56 545
327 368 11 416
328 28 8 159
328 35 1 1021
328 103 43 1114
328 135 41 205
328 141 55 717
328 142 25 230
328 189 46 1067
328 191 53 65
328 203 5 424
328 220 31 695
328 244 20 254
328 338 23 169
328 355 37 780
328 362 13 403
328 371 58 1205
329 2 25 211
329 25 13 545
329 55 1 1282
329 90 50 1445
329 107 7 234
329 108 17 437
329 122 23 1143
329 148 28 730
329 167 55 439
329 184 11 227
329 215 43 101
329 221 19 1454
329 301 5 1173
329 310 57 812
329 320 31 437
330 33 31 698
330 40 2 966
330 85 38 173
330 90 28 796
330 125 23 1325
330 150 13 156
330 168 19 1028
330 175 7 21
330 184 11 1280
330 237 59 298
330 263 17 950
330 286 50 856
330 328 43 437
330 341 55 981
330 352 34 460
331 31 11 1390
331 43 1 698
331 53 59 586
331 81 53 1153
331 95 14 593
331 113 20 950
331 116 29 1023
331 119 55 430
331 181 26 366
331 184 41 1290
331 193 47 610
331 220 49 1231
331 263 5 1281
331 265 43 1018
331 392 37 91
332 46 35 336
332 97 26 1238
332 129 55 758
332 192 17 1421
332 195 40 620
332 215 43 727
332 242 52 1059
332 262 11 195
332 266 7 809
332 274 22 167
332 290 31 1317
332 304 5 1472
332 316 13 205
332 371 19 54
332 373 1 34
333 69 31 648
333 71 25 468
333 120 34 343
333 148 15 962
333 155 7 65
333 222 45 661
333 242 20 882
333 272 38 1151
333 274 55 617
333 300 1 86
333 309 58 488
333 366 52 118
334 43 57 785
334 51 35 374
334 63 17 617
334 115 31 1340
334 123 49 254
334 145 4 680
334 166 44 668
334 179 13 904
334 184 53 227
334 234 26 1204
334 310 7 812
334 312 37 22
334 320 40 795
334 362 21 717
334 391 11 904
335 11 49 1465
335 26 19 466
335 85 37 87
335 96 55 996
335 116 11 214
335 180 59 531
335 213 4 1380
335 268 31 1331
335 288 22 1399
335 320 1 66
335 355 28 1164
335 367 25 784
335 376 7 1333
335 378 43 905
335 383 14 859
336 6 26 779
336 9 22 400
336 35 8 411
336 85 49 1124
336 135 5 1199
336 151 55 449
336 184 35 227
336 236 19 210
336 253 1 728
336 270 40 717
336 293 37 438
336 295 43 1332
336 304 59 1266
336 354 14 581
336 360 31 1179
337 24 44 1316
337 50 16 500
337 84 22 522
337 95 50 465
337 110 37 200
337 126 7 1166
337 137 57 1294
337 150 28 924
337 151 1 1085
337 202 55 574
337 214 11 1174
337 216 31 1097
337 304 35 1472
337 363 40 1306
338 16 17 590
338 28 49 779
338 30 19 669
338 42 53 651
338 88 34 305
338 106 56 1023
338 128 1 328
338 144 5 89
338 190 59 590
338 192 43 661
338 261 7 568
338 262 41 195
338 269 13 1311
338 294 25 438
338 308 11 526
339 21 35 136
339 57 10 610
339 62 47 636
339 95 31 457
339 102 1 395
339 127 40 1282
339 153 4 131
339 175 14 339
339 214 29 1097
339 243 43 522
339 311 23 391
339 343 49 508
339 386 58 118
339 392 51 638
339 395 25 666
340 1 1 1227
340 5 43 793
340 89 22 314
340 127 19 1492
340 133 26 1224
340 137 37 1018
340 148 34 962
340 256 5 1115
340 288 9 1364
340 296 49 262
340 312 31 140
340 343 15 1312
340 347 55 794
341 3 7 1087
341 10 29 444
341 127 46 447
341 138 10 399
341 166 32 100
341 179 56 460
341 223 49 808
341 233 25 893
341 280 13 550
341 328 37 918
341 333 5 1418
341 337 1 1310
341 361 19 227
341 398 17 666
342 2 16 235
342 16 23 251
342 78 57 416
342 239 3 556
342 243 49 522
342 249 25 1200
342 261 19 931
342 344 37 878
342 358 31 255
342 362 43 1257
342 366 13 1104
342 369 7 1009
342 370 47 249
342 386 40 1371
343 6 46 1272
343 31 17 294
343 36 31 789
343 100 7 1473
343 102 49 416
343 127 37 1056
343 165 58 1407
343 172 19 580
343 227 13 67
343 256 11 503
343 264 25 402
343 287 41 1101
343 324 21 577
343 375 5 1105
343 395 1 481
344 28 19 326
344 35 2 411
344 46 29 91
344 73 40 444
344 86 35 911
344 114 47 1382
344 159 14 984
344 214 17 63
344 235 43 118
344 258 23 1491
344 266 55 1003
344 268 25 541
344 278 31 833
344 331 7 794
344 358 50 1268
345 6 13 779
345 17 31 795
345 25 1 968
345 55 19 1282
345 122 59 419
345 125 37 619
345 132 23 255
345 151 8 676
345 155 25 36
345 160 16 1157
345 206 52 808
345 219 55 135
345 220 43 81
345 309 46 1220
345 357 40 1497
346 20 1 67
346 22 29 597
346 29 52 100
346 45 43 730
346 71 10 290
346 101 49 134
346 147 35 1056
346 161 41 296
346 164 14 1240
346 325 7 210
346 328 57 1308
346 360 25 249
346 374 31 89
346 382 22 828
346 393 47 545
347 21 53 535
347 63 23 989
347 82 31 1452
347 85 19 71
347 105 47 53
347 159 7 343
347 164 13 1292
347 222 4 661
347 247 37 1448
347 266 43 297
347 270 10 620
347 293 28 732
347 347 49 1199
347 371 40 1215
347 395 57 1338
348 30 13 669
348 74 7 1351
348 87 31 1252
348 115 49 921
348 179 19 667
348 182 17 1254
348 195 55 325
348 215 57 1215
348 239 52 1452
348 306 23 1018
348 309 10 438
348 366 37 181
348 372 40 334
348 388 44 1326
348 389 3 1326
349 9 49 859
349 113 43 606
349 175 37 452
349 233 13 612
349 235 4 1437
349 240 47 1056
349 245 31 1085
349 277 19 402
349 304 41 707
349 323 52 21
349 342 1 1062
349 377 23 776
349 378 7 860
349 379 11 345
349 383 55 1199
350 17 43 981
350 58 4 1154
350 111 22 768
350 148 7 842
350 170 1 365
350 180 53 84
350 224 58 1208
350 229 25 1102
350 278 49 648
350 303 29 1040
350 375 11 183
350 382 34 419
350 383 13 1046
350 385 37 1499
351 49 14 252
351 67 49 629
351 117 1 1223
351 122 35 1174
351 129 55 749
351 140 37 283
351 163 32 1374
351 177 43 1436
351 203 47 1089
351 240 5 858
351 321 26 942
351 322 53 606
351 324 8 352
351 334 19 1488
352 10 29 1199
352 17 55 601
352 19 7 989
352 53 41 502
352 107 25 933
352 124 1 58
352 189 4 21
352 197 37 1290
352 249 13 1484
352 265 49 1001
352 297 19 410
352 325 34 160
352 337 43 494
352 352 31 460
353 5 43 993
353 10 47 901
353 64 37 723
353 91 19 1355
353 149 8 759
353 231 25 1173
353 244 34 452
353 281 17 747
353 285 5 1231
353 322 23 1151
353 329 31 1009
353 355 28 603
353 360 56 1091
353 369 13 1009
353 385 50 498
354 14 11 990
354 80 32 550
354 84 40 1067
354 107 23 234
354 160 52 1294
354 214 29 279
354 221 25 809
354 232 55 489
354 240 59 525
354 268 1 541
354 277 7 608
354 299 49 1337
354 336 47 245
354 351 43 918
354 393 17 545
355 2 25 1038
355 80 55 521
355 114 32 400
355 128 28 589
355 151 7 190
355 177 38 1172
355 182 22 381
355 189 3 366
355 216 49 1097
355 231 34 153
355 316 19 579
355 370 1 1153
355 378 13 473
355 387 44 305
356 48 25 894
356 58 37 188
356 86 5 171
356 110 16 11
356 118 55 448
356 136 19 1188
356 194 33 151
356 217 53 736
356 226 7 60
356 235 28 1274
356 252 1 1135
356 274 21 1283
356 303 47 1033
356 316 11 793
356 349 49 1292
357 16 29 612
357 18 5 410
357 28 19 779
357 56 23 232
357 57 31 64
357 58 46 775
357 69 51 1257
357 113 13 871
357 130 37 973
357 174 11 42
357 199 25 1423
357 246 41 99
357 267 49 1062
357 291 55 445
357 309 34 488
358 60 7 1022
358 77 49 1087
358 93 35 178
358 99 22 19
358 118 13 34
358 123 25 1146
358 126 1 198
358 263 55 158
358 264 38 675
358 302 16 167
358 304 47 724
358 329 43 1044
358 345 31 661
358 355 58 935
358 368 29 874
359 86 17 911
359 108 35 190
359 133 31 864
359 177 49 1101
359 188 39 705
359 199 25 912
359 254 44 1195
359 266 1 992
359 282 5 1477
359 303 7 1028
359 320 10 1172
359 325 58 972
359 334 13 1203
359 342 22 1409
359 359 55 183
360 26 7 680
360 44 43 376
360 51 53 682
360 143 1 1460
360 147 47 423
360 176 49 1414
360 187 13 1123
360 195 5 602
360 277 25 1345
360 283 19 1325
360 304 35 1482
360 314 17 1189
360 323 10 741
360 353 40 1155
360 388 55 941
361 102 4 308
361 110 55 1253
361 116 47 24
361 148 33 842
361 183 37 314
361 184 1 815
361 227 7 360
361 246 23 516
361 258 41 403
361 286 13 1127
361 319 52 605
361 356 49 1429
361 361 19 1020
361 377 59 699
361 389 43 628
362 90 20 76
362 94 23 1411
362 109 11 34
362 139 8 331
362 144 41 183
362 204 47 1119
362 298 49 1024
362 302 58 864
362 313 31 320
362 332 53 1237
362 339 13 147
362 340 1 958
362 374 17 695
362 377 5 807
362 400 28 913
363 23 17 488
363 69 7 1066
363 142 53 995
363 162 19 1147
363 175 13 1374
363 238 40 216
363 245 32 87
363 248 37 1453
363 266 44 992
363 279 49 335
363 308 23 842
363 330 1 326
363 371 10 353
363 383 55 1029
363 391 5 481
364 5 19 424
364 11 32 1283
364 27 58 906
364 76 29 116
364 98 7 521
364 116 53 1023
364 194 13 151
364 261 43 1305
364 331 37 409
364 341 25 25
364 361 1 283
364 398 49 666
365 23 23 411
365 53 7 628
365 67 1 1320
365 76 11 668
365 109 29 1115
365 134 41 682
365 195 5 593
365 204 35 1260
365 223 52 345
365 276 59 1304
365 315 25 1075
365 325 43 1367
365 377 17 807
365 381 55 64
365 390 49 699
366 2 33 211
366 12 55 1477
366 56 17 100
366 69 10 648
366 85 25 1124
366 88 1 795
366 96 43 1005
366 104 19 652
366 153 58 240
366 212 52 1233
366 215 39 1252
366 220 4 30
366 221 13 628
366 258 31 311
366 308 23 14
367 28 43 1395
367 36 13 241
367 59 8 457
367 63 59 1355
367 89 1 314
367 176 34 1208
367 192 17 258
367 219 27 1032
367 252 19 1256
367 288 38 982
367 319 31 13
367 336 41 599
367 358 55 919
367 368 5 1365
367 372 49 919
368 17 14 1199
368 71 58 468
368 123 49 1432
368 138 7 696
368 201 5 769
368 212 26 119
368 245 31 1203
368 286 1 316
368 293 10 1118
368 355 37 1262
368 360 43 452
368 374 29 695
368 389 20 769
369 18 35 195
369 19 1 523
369 28 20 1473
369 50 40 556
369 51 5 13
369 109 29 216
369 120 16 1014
369 197 7 80
369 200 55 324
369 237 53 49
369 262 49 976
369 293 25 1306
369 321 43 1343
369 336 59 1460
369 344 32 1038
370 27 58 1021
370 37 26 988
370 53 23 628
370 102 55 662
370 117 43 808
370 188 1 13
370 227 7 1380
370 251 39 1192
370 268 50 760
370 321 31 171
370 339 13 494
370 347 19 1327
371 19 13 1482
371 33 46 638
371 65 31 508
371 76 35 602
371 94 41 977
371 97 55 1390
371 99 19 1081
371 116 53 24
371 122 5 994
371 169 25 183
371 204 49 783
371 278 2 1313
371 305 37 642
371 386 22 673
371 388 7 586
372 15 1 236
372 16 55 203
372 25 51 527
372 51 5 441
372 68 7 216
372 82 34 86
372 113 25 871
372 175 43 461
372 177 19 1436
372 183 37 136
372 197 13 501
372 372 31 337
372 383 57 859
373 22 47 904
373 87 7 74
373 90 25 736
373 100 19 336
373 110 44 1253
373 120 11 791
373 147 4 423
373 190 31 968
373 203 59 1089
373 215 15 101
373 255 28 815
373 303 13 1028
373 316 53 148
373 319 34 941
373 322 23 37
374 15 8 236
374 24 3 1101
374 28 25 703
374 41 32 890
374 42 59 684
374 56 35 232
374 72 49 1418
374 83 55 1449
374 108 29 1353
374 135 41 1199
374 171 13 1152
374 182 17 798
374 209 20 625
374 218 1 494
374 328 37 1268
375 33 28 638
375 54 35 1308
375 95 37 1345
375 117 31 1432
375 122 23 241
375 158 17 319
375 172 53 1256
375 194 13 1231
375 219 55 88
375 240 11 807
375 288 49 663
375 313 43 37
375 321 1 71
375 338 41 1294
375 351 7 699
376 43 26 698
376 50 46 555
376 107 16 1307
376 109 35 496
376 185 22 1088
376 191 13 619
376 247 5 1448
376 266 37 1367
376 278 57 833
376 317 7 851
376 321 1 942
376 351 31 404
376 353 43 107
376 359 19 733
376 393 11 992
377 14 29 31
377 21 59 1121
377 77 38 551
377 102 55 7
377 108 23 316
377 129 51 822
377 152 19 1339
377 156 26 1147
377 220 10 695
377 235 16 304
377 294 1 219
377 335 31 1399
377 338 5 283
377 364 43 958
377 391 47 481
378 63 23 104
378 98 37 975
378 135 53 584
378 147 47 1488
378 163 49 1430
378 167 41 118
378 177 43 771
378 201 59 1465
378 204 29 707
378 216 19 331
378 217 34 652
378 294 3 735
378 348 15 709
378 383 25 1199
378 399 7 612
379 10 35 1470
379 35 13 411
379 71 40 449
379 134 17 1164
379 190 50 1274
379 230 11 477
379 253 1 185
379 255 19 266
379 270 58 477
379 272 43 698
379 285 47 712
379 287 31 372
379 293 7 786
379 308 29 893
379 379 53 1419
380 15 37 1136
380 50 55 902
380 58 25 1230
380 115 43 890
380 130 19 1430
380 173 31 1077
380 180 59 84
380 184 17 796
380 190 35 743
380 218 53 1066
380 244 4 465
380 267 41 848
380 320 7 1172
380 350 13 1056
380 397 11 898
381 14 23 1330
381 28 25 851
381 49 43 1023
381 88 10 1102
381 121 53 1395
381 129 14 910
381 152 7 312
381 153 19 240
381 184 59 1164
381 193 47 433
381 223 56 1262
381 305 37 1480
381 335 1 854
381 362 32 403
381 380 49 1460
382 1 3 588
382 7 11 375
382 22 41 1366
382 55 35 167
382 64 13 723
382 82 49 709
382 118 43 277
382 153 31 240
382 202 53 574
382 205 59 211
382 213 46 1117
382 240 1 1291
382 299 22 372
382 321 25 33
382 395 7 572
383 30 13 371
383 98 43 1136
383 165 22 89
383 203 31 424
383 222 40 663
383 229 49 186
383 237 5 398
383 264 1 1490
383 281 28 312
383 285 17 345
383 308 35 735
383 351 57 918
383 355 10 603
384 13 46 1363
384 45 37 479
384 63 5 104
384 79 7 1472
384 196 35 188
384 228 31 732
384 230 19 906
384 263 16 450
384 282 11 808
384 299 13 461
384 326 22 888
384 340 1 604
384 359 58 1043
384 374 29 558
384 376 25 204
385 36 38 910
385 74 34 614
385 77 55 138
385 130 2 449
385 160 46 67
385 170 31 92
385 213 10 639
385 227 25 22
385 232 14 169
385 265 49 338
385 276 23 1085
385 341 43 1457
385 347 19 557
385 400 7 319
386 30 55 836
386 55 5 447
386 80 1 306
386 82 25 244
386 87 43 1444
386 93 41 640
386 95 50 439
386 131 59 1124
386 150 46 1104
386 198 31 755
386 263 11 950
386 277 7 1365
386 290 28 1285
386 304 17 1482
386 348 33 1440
387 5 19 1348
387 20 10 67
387 31 23 603
387 65 37 1472
387 145 58 982
387 176 31 492
387 206 16 33
387 234 45 922
387 275 14 203
387 285 43 68
387 318 41 1037
387 333 53 1464
387 348 49 468
387 361 1 1105
387 394 5 812
388 33 10 481
388 39 2 206
388 71 31 1112
388 78 15 549
388 98 50 408
388 136 37 1371
388 158 23 1423
388 199 43 672
388 207 47 319
388 218 41 1134
388 265 55 579
388 291 25 1118
388 308 59 14
388 344 7 918
388 389 19 628
389 7 47 665
389 48 1 1238
389 66 31 1258
389 75 53 1367
389 106 10 409
389 161 5 1383
389 187 13 940
389 256 35 461
389 281 19 1195
389 298 25 42
389 314 23 338
389 315 55 162
389 324 43 1488
389 333 29 1316
389 379 41 856
390 44 8 707
390 89 28 901
390 94 47 850
390 234 57 651
390 235 3 1274
390 238 25 1257
390 243 19 304
390 261 33 349
390 263 49 1245
390 266 43 1153
390 269 13 1395
390 298 51 42
390 370 55 901
390 393 39 290
391 9 37 859
391 40 50 966
391 55 59 497
391 67 7 1450
391 109 47 1038
391 133 13 829
391 174 23 1355
391 177 43 680
391 231 31 1254
391 252 1 769
391 256 41 1044
391 257 19 530
391 316 17 390
391 336 25 518
391 344 56 666
392 33 10 753
392 36 25 1497
392 62 17 1208
392 144 35 22
392 189 7 597
392 196 19 308
392 218 53 1337
392 237 5 343
392 305 13 496
392 310 49 812
392 320 58 1256
392 332 38 1230
392 355 40 376
392 375 29 1105
392 387 44 1014
393 1 31 1227
393 23 23 1395
393 31 5 1444
393 60 37 443
393 62 17 636
393 71 55 1172
393 108 59 1062
393 112 25 859
393 134 7 199
393 151 50 1085
393 159 10 1244
393 257 44 633
393 266 1 1003
393 318 35 1038
393 399 19 1428
394 42 17 1040
394 53 41 586
394 63 53 1355
394 76 59 975
394 159 31 384
394 185 49 771
394 189 13 1067
394 194 25 1231
394 209 1 1242
394 242 46 1173
394 268 19 786
394 281 5 348
394 309 55 1404
394 326 37 311
394 378 9 879
395 67 13 629
395 110 28 665
395 131 53 1220
395 132 17 1481
395 160 55 306
395 173 19 105
395 197 37 1093
395 203 23 98
395 214 1 1097
395 269 46 81
395 270 58 67
395 301 25 904
395 312 10 173
395 330 3 351
395 364 49 577
396 5 1 508
396 56 26 735
396 126 31 261
396 156 7 865
396 180 29 1472
396 191 47 220
396 227 43 1454
396 254 10 1110
396 256 41 731
396 261 20 349
396 286 55 368
396 287 53 261
396 300 34 640
396 369 37 1009
396 397 5 608
397 34 1 1070
397 84 55 522
397 95 43 465
397 110 13 436
397 126 28 1295
397 177 7 853
397 201 11 558
397 202 35 557
397 218 47 656
397 229 31 1402
397 254 40 995
397 290 22 831
397 308 5 14
397 348 57 101
397 372 16 351
398 53 5 749
398 79 13 366
398 90 37 755
398 100 55 208
398 125 59 1428
398 137 43 838
398 154 16 1235
398 179 1 904
398 327 7 1147
398 335 49 913
398 358 32 1481
398 362 19 403
398 395 26 1338
398 396 40 1311
399 22 5 1368
399 72 25 1042
399 98 55 89
399 100 19 239
399 117 9 542
399 132 49 1481
399 172 3 580
399 178 53 1497
399 207 41 676
399 214 23 279
399 219 31 135
399 314 7 338
399 351 14 1294
399 357 44 837
399 388 37 325
400 2 1 562
400 45 43 1425
400 74 34 220
400 140 50 453
400 141 37 327
400 146 55 972
400 147 23 70
400 148 58 962
400 166 25 100
400 182 41 381
400 271 13 469
400 309 16 1404
400 331 19 34
400 335 7 854
401 42 55 651
401 72 20 540
401 73 49 897
401 137 37 747
401 207 29 1435
401 232 45 1345
401 254 4 160
401 256 59 461
401 279 7 902
401 295 13 1263
401 355 31 1262
401 356 1 1445
401 392 25 91
402 5 49 679
402 8 13 64
402 40 7 1379
402 92 4 479
402 102 55 395
402 146 25 457
402 152 34 119
402 185 46 1484
402 231 19 1353
402 240 53 1056
402 242 58 22
402 248 22 1331
402 279 37 109
402 344 1 628
403 3 37 204
403 23 23 82
403 178 35 888
403 183 13 195
403 207 29 414
403 209 1 80
403 218 56 261
403 235 25 186
403 256 5 698
403 290 49 1204
403 293 58 1118
403 295 19 475
403 332 47 1475
403 342 10 1062
403 385 31 1064
404 5 51 508
404 55 47 1223
404 149 43 513
404 184 49 940
404 250 19 593
404 252 3 783
404 266 55 297
404 292 22 276
404 305 26 911
404 312 10 1069
404 339 37 743
404 356 7 335
404 364 13 727
404 387 33 1407
405 9 16 1371
405 33 13 481
405 34 56 1330
405 39 49 1055
405 89 43 785
405 140 1 74
405 177 37 489
405 247 5 1439
405 287 29 706
405 311 11 370
405 327 7 1114
405 348 32 365
405 373 25 1321
405 385 19 1258
406 25 25 669
406 61 1 259
406 135 23 205
406 137 7 668
406 158 31 897
406 164 13 764
406 167 5 118
406 177 37 372
406 239 52 556
406 317 33 73
406 345 43 276
406 356 58 1429
406 361 19 684
407 10 29 349
407 53 59 1135
407 60 31 601
407 72 15 1233
407 92 7 897
407 119 43 1216
407 161 13 644
407 190 35 968
407 236 55 1222
407 269 25 1432
407 293 4 1118
407 327 49 1075
407 334 19 1119
407 366 40 1365
408 52 49 597
408 57 55 540
408 90 58 736
408 115 46 351
408 122 35 837
408 126 16 1223
408 136 41 298
408 140 26 292
408 166 31 430
408 198 1 1250
408 268 19 603
408 301 53 430
408 318 10 962
408 348 37 1466
408 377 23 410
409 4 29 1245
409 11 31 24
409 60 13 160
409 84 35 245
409 104 1 1254
409 106 52 981
409 119 57 1183
409 141 7 927
409 179 25 1071
409 204 47 943
409 242 22 1313
409 260 37 865
409 309 19 488
409 354 40 545
409 356 43 858
410 66 16 328
410 85 44 495
410 94 1 977
410 145 13 875
410 150 55 1104
410 189 58 100
410 224 19 1470
410 244 7 961
410 249 37 1223
410 252 3 220
410 295 49 135
410 302 10 1250
410 338 28 1294
410 347 31 557
410 357 22 1062
411 152 25 905
411 192 41 258
411 206 20 741
411 210 1 84
411 223 32 502
411 248 58 1453
411 249 7 1188
411 262 17 976
411 288 55 1364
411 308 53 842
411 324 49 942
411 343 15 828
411 346 29 416
411 351 37 1388
411 364 44 659
412 40 13 1393
412 44 31 162
412 79 22 366
412 82 19 709
412 110 28 328
412 175 1 199
412 205 41 1332
412 224 25 1088
412 253 37 1478
412 312 9 199
412 321 50 294
412 340 5 95
412 362 43 444
412 382 55 1279
412 397 17 1026
413 46 23 91
413 96 49 232
413 107 5 1491
413 124 46 890
413 188 14 493
413 228 7 665
413 234 32 960
413 245 19 463
413 249 38 44
413 287 53 1475
413 322 11 606
413 350 25 747
413 374 59 345
413 390 43 501
413 394 29 921
414 1 19 588
414 14 37 162
414 20 46 76
414 68 7 1444
414 131 53 594
414 199 55 1078
414 204 1 707
414 225 35 445
414 237 59 1131
414 282 41 1224
414 284 29 1031
414 289 49 1031
414 305 3 642
414 328 13 665
414 338 43 365
415 23 53 423
415 50 55 555
415 51 32 374
415 78 19 200
415 130 43 1281
415 145 58 328
415 152 22 312
415 164 13 822
415 180 41 84
415 220 50 816
415 240 5 991
415 249 37 822
415 268 7 341
415 296 25 972
415 360 1 1454
416 25 7 183
416 35 55 1274
416 40 19 81
416 86 41 911
416 91 1 1355
416 120 49 30
416 156 32 1059
416 162 14 673
416 189 46 597
416 195 59 602
416 198 23 1067
416 218 29 812
416 224 25 1037
416 280 51 328
416 350 37 187
417 15 19 707
417 41 1 615
417 54 11 1376
417 158 41 87
417 162 25 673
417 235 34 1274
417 251 4 838
417 252 37 1256
417 259 43 892
417 302 13 167
417 334 56 1488
417 340 17 95
417 350 7 747
417 351 49 694
417 391 47 1407
418 31 1 1444
418 45 31 468
418 82 52 1216
418 94 59 977
418 121 23 252
418 128 25 902
418 151 55 1115
418 177 3 489
418 181 7 140
418 220 44 1065
418 260 10 718
418 286 14 208
418 290 40 1146
418 345 19 1459
418 391 29 82
419 4 47 311
419 24 2 1265
419 82 31 497
419 96 19 502
419 175 50 390
419 201 17 591
419 308 59 893
419 309 34 1404
419 336 41 1247
419 360 55 190
419 361 37 1482
419 370 29 249
419 382 7 1398
419 394 45 163
419 398 10 666
420 6 22 859
420 17 45 795
420 81 41 1214
420 125 29 619
420 126 58 1072
420 133 32 829
420 184 43 996
420 275 4 673
420 283 7 888
420 320 55 1109
420 334 49 1260
420 350 25 1180
420 361 37 1344
420 380 13 158
421 33 34 638
421 75 53 764
421 118 46 320
421 119 14 991
421 128 43 340
421 132 59 1007
421 133 1 1425
421 200 31 1279
421 219 27 135
421 222 22 663
421 266 49 992
421 268 38 326
421 317 7 475
421 328 55 1283
422 7 49 1427
422 32 13 1183
422 38 7 1404
422 50 31 1184
422 52 19 503
422 90 58 796
422 99 37 573
422 118 16 34
422 170 25 798
422 180 5 84
422 235 1 186
422 242 34 276
422 342 43 1062
422 379 41 1419
422 394 47 921
423 15 45 1015
423 38 25 220
423 46 29 1423
423 121 43 414
423 148 10 1435
423 163 41 400
423 249 50 44
423 254 19 337
423 285 22 816
423 337 37 414
423 348 31 500
423 353 13 865
423 355 58 1055
423 358 2 761
423 400 55 856
424 31 41 1444
424 72 55 74
424 80 37 474
424 101 31 590
424 118 28 475
424 141 34 717
424 151 13 1355
424 157 4 540
424 187 49 307
424 196 47 162
424 202 17 972
424 232 7 181
424 329 1 477
424 365 25 1240
424 375 20 660
425 1 31 1214
425 3 40 105
425 37 43 1089
425 90 37 43
425 108 47 983
425 109 53 496
425 142 11 555
425 198 17 45
425 200 58 743
425 212 55 508
425 233 1 1360
425 241 49 766
425 243 20 296
425 262 5 463
425 297 13 1205
426 33 7 297
426 75 41 1047
426 138 49 10
426 164 13 181
426 170 27 365
426 220 55 1374
426 226 20 556
426 237 5 49
426 262 47 662
426 263 35 950
426 275 59 674
426 342 10 330
426 348 37 30
426 377 17 1429
426 399 31 1071
427 5 25 679
427 17 31 756
427 22 55 597
427 39 19 99
427 78 40 1291
427 97 13 1376
427 173 1 1141
427 231 49 153
427 244 10 254
427 253 44 73
427 258 5 981
427 272 57 1151
427 322 29 1184
427 325 37 518
427 379 53 369
428 3 52 105
428 10 43 615
428 22 29 1368
428 27 4 906
428 112 45 831
428 134 17 933
428 137 55 1437
428 197 7 793
428 234 13 651
428 279 39 1250
428 321 19 523
428 352 1 460
428 372 26 1311
428 377 59 776
428 384 33 312
429 51 19 374
429 135 59 1199
429 171 50 874
429 188 13 1209
429 230 11 906
429 236 31 1461
429 290 34 775
429 296 21 262
429 298 25 397
429 325 1 972
429 333 41 1418
429 358 7 641
429 369 37 430
429 378 43 1497
429 392 55 1125
430 13 7 872
430 17 19 756
430 111 10 935
430 118 40 672
430 125 29 1205
430 142 59 665
430 148 46 241
430 158 49 627
430 159 14 1317
430 211 43 1494
430 258 35 110
430 329 55 227
430 335 25 1477
430 342 52 1409
430 369 1 789
431 28 13 703
431 40 19 1114
431 77 25 419
431 91 31 1382
431 105 17 723
431 141 49 590
431 156 37 475
431 184 43 940
431 206 2 858
431 231 46 1172
431 262 5 976
431 263 40 450
431 272 55 258
431 314 59 1189
431 394 23 1091
432 88 43 1230
432 111 16 878
432 190 41 896
432 193 5 281
432 245 1 457
432 253 21 35
432 277 56 1345
432 300 13 42
432 321 31 1123
432 328 25 987
432 348 49 1146
432 362 37 403
432 397 8 1337
433 10 17 738
433 70 19 782
433 116 41 475
433 121 3 290
433 157 25 540
433 165 28 773
433 171 37 598
433 209 43 1169
433 267 53 171
433 276 35 1393
433 286 55 1331
433 306 47 1018
433 315 49 162
433 317 31 436
433 373 7 1376
434 27 28 391
434 28 55 1185
434 33 40 638
434 102 4 416
434 114 59 819
434 227 31 1380
434 233 19 612
434 259 13 768
434 275 50 1044
434 295 7 1383
434 303 23 1367
434 314 35 1189
434 316 53 91
434 372 1 1311
434 379 43 88
435 17 25 1397
435 83 55 1209
435 100 2 108
435 117 44 964
435 135 17 160
435 146 52 1071
435 159 13 1149
435 190 41 1407
435 227 19 648
435 247 23 399
435 269 34 540
435 315 37 731
435 319 49 13
435 322 59 452
435 370 29 1371
436 19 49 531
436 34 43 617
436 134 53 19
436 156 1 469
436 178 47 888
436 211 5 1247
436 216 14 684
436 234 7 1304
436 254 34 885
436 299 22 771
436 323 31 120
436 325 19 73
436 343 59 1312
436 364 25 584
436 366 40 181
437 31 11 1388
437 54 23 1097
437 78 20 1243
437 80 25 474
437 122 17 1261
437 139 43 262
437 158 47 1374
437 168 2 1028
437 196 59 162
437 223 14 755
437 257 49 497
437 260 53 1292
437 265 31 370
437 302 7 1491
437 361 37 1266
438 8 26 395
438 11 43 1283
438 12 19 983
438 57 7 1267
438 125 47 163
438 136 59 1351
438 143 37 324
438 148 10 208
438 149 1 98
438 195 13 602
438 197 55 1121
438 210 32 1312
438 251 15 838
438 279 49 4
439 21 17 535
439 31 41 1388
439 32 7 1183
439 75 5 1344
439 138 55 341
439 200 10 324
439 241 37 276
439 268 13 1179
439 282 58 1477
439 295 31 283
439 332 49 578
439 343 23 508
439 357 51 557
439 373 25 254
439 399 43 410
440 3 28 1240
440 13 25 439
440 14 11 203
440 41 31 641
440 92 34 748
440 96 37 339
440 102 46 1037
440 122 5 459
440 143 14 1460
440 179 19 1290
440 201 23 973
440 225 3 738
440 294 50 188
440 319 56 605
440 347 7 674
441 34 31 1403
441 92 10 897
441 105 5 174
441 121 17 43
441 142 41 1029
441 155 13 591
441 202 35 266
441 206 2 808
441 207 59 598
441 245 51 87
441 311 29 923
441 343 7 1312
441 349 19 541
441 358 37 171
441 372 25 910
442 26 1 474
442 50 49 1184
442 124 13 890
442 128 37 337
442 129 25 1155
442 198 29 481
442 200 4 305
442 222 16 99
442 248 52 1453
442 285 55 1231
442 333 59 1316
442 347 7 1418
442 360 43 1300
442 361 31 1020
442 366 22 266
443 13 19 48
443 26 16 232
443 27 46 1450
443 37 55 1089
443 55 49 167
443 105 31 262
443 136 35 1179
443 172 11 1453
443 182 29 775
443 197 38 891
443 223 22 1043
443 247 53 138
443 255 2 452
443 299 43 1260
443 319 26 743
444 13 43 439
444 83 1 852
444 84 31 1067
444 112 33 1473
444 119 55 1439
444 239 19 381
444 244 25 304
444 311 29 1284
444 322 5 1151
444 325 37 1222
444 328 49 554
444 332 41 336
444 363 22 334
444 387 13 24
444 389 7 1496
445 22 59 1368
445 23 55 423
445 31 5 225
445 55 23 1223
445 59 51 578
445 84 35 1437
445 103 47 707
445 149 26 357
445 209 1 473
445 242 7 276
445 252 31 1135
445 276 41 1393
445 290 10 1285
445 335 43 733
445 358 14 1185
446 2 10 1321
446 30 55 627
446 51 23 1164
446 112 19 879
446 147 17 325
446 229 31 1464
446 242 52 1131
446 259 3 892
446 269 7 580
446 280 44 828
446 301 29 1384
446 339 13 676
446 343 35 541
446 381 25 1267
446 389 37 628
447 3 19 952
447 42 11 531
447 47 43 1134
447 58 52 775
447 89 55 1179
447 123 25 1368
447 127 34 1374
447 172 23 1154
447 174 49 42
447 176 4 1294
447 183 37 195
447 184 29 1147
447 198 1 1307
447 212 16 697
447 325 7 878
448 4 13 516
448 73 52 897
448 94 1 374
448 115 16 463
448 135 47 1072
448 160 43 67
448 164 31 1445
448 192 11 1146
448 270 25 67
448 283 19 856
448 311 29 839
448 325 7 73
448 351 56 404
448 364 37 1283
448 379 5 88
449 110 16 988
449 121 25 252
449 203 56 424
449 204 23 1260
449 217 29 652
449 221 9 628
449 222 46 663
449 225 7 602
449 277 37 1075
449 292 5 1277
449 306 35 204
449 330 49 1234
449 335 1 651
449 376 31 1037
449 389 19 448
450 48 7 1040
450 131 23 76
450 162 1 1407
450 169 43 1051
450 189 16 21
450 215 37 1470
450 239 57 530
450 259 19 1143
450 273 47 794
450 288 25 1364
450 289 49 308
450 331 31 65
450 352 13 896
450 377 11 699
451 35 49 411
451 58 31 419
451 65 21 906
451 116 43 660
451 128 34 1166
451 153 55 240
451 171 8 825
451 223 38 338
451 248 4 1331
451 255 46 91
451 289 25 1031
451 367 58 19
451 382 16 264
452 19 19 1439
452 69 25 201
452 82 13 54
452 99 52 1081
452 151 7 1115
452 155 37 1419
452 179 57 1071
452 187 2 1332
452 191 41 1179
452 229 33 1253
452 243 43 296
452 244 16 461
452 247 11 138
452 288 49 1364
452 346 55 1308
453 28 7 1185
453 30 49 255
453 62 47 1208
453 148 2 1492
453 173 26 610
453 269 13 540
453 276 5 1085
453 282 17 1477
453 285 41 1449
453 288 58 1399
453 301 35 74
453 319 22 809
453 324 31 342
453 338 53 559
453 349 37 905
454 3 7 1112
454 35 1 343
454 71 10 351
454 100 49 208
454 147 5 633
454 194 37 718
454 220 22 1075
454 245 25 44
454 297 43 1043
454 299 19 162
454 308 41 135
454 347 55 1418
454 385 13 152
454 397 59 1272
454 400 34 104
455 27 8 906
455 28 43 86
455 60 31 227
455 79 55 796
455 132 37 1416
455 136 59 116
455 141 15 717
455 151 19 676
455 188 1 629
455 244 52 461
455 304 35 1266
455 343 13 1312
455 346 41 248
455 367 28 549
456 50 28 625
456 54 5 1376
456 56 35 1497
456 58 22 1144
456 72 13 1366
456 116 59 24
456 170 2 200
456 221 55 809
456 223 43 42
456 245 38 850
456 246 47 101
456 249 7 1149
456 258 11 661
456 283 49 1047
456 397 17 923
457 25 37 1279
457 65 25 724
457 142 53 531
457 162 15 619
457 203 5 942
457 224 58 1232
457 240 29 991
457 302 7 167
457 314 47 1390
457 317 43 443
457 336 35 1247
457 347 31 1418
457 350 49 1056
457 370 1 829
457 389 19 41
458 1 7 588
458 4 47 1245
458 39 43 208
458 41 52 1212
458 64 14 785
458 71 19 290
458 75 35 500
458 86 5 918
458 148 1 1120
458 168 37 151
458 170 22 798
458 218 41 812
458 303 55 696
458 334 57 1224
458 360 25 1459
459 71 7 449
459 95 20 826
459 132 35 1344
459 136 53 1188
459 185 32 836
459 220 49 1174
459 234 13 636
459 253 43 198
459 281 47 747
459 286 55 764
459 325 1 160
459 336 29 1390
459 365 4 1469
459 370 41 951
459 384 38 759
460 15 49 443
460 65 7 555
460 99 19 724
460 103 23 1351
460 104 16 1338
460 108 28 1131
460 149 31 447
460 175 44 652
460 179 39 605
460 287 53 338
460 296 56 664
460 347 2 711
460 390 25 699
461 20 19 1201
461 103 47 1344
461 153 43 639
461 161 11 1383
461 198 49 892
461 207 5 528
461 212 14 568
461 232 7 1371
461 244 1 1204
461 245 51 996
461 307 25 1005
461 323 22 1070
461 324 37 11
461 364 33 173
461 377 31 699
462 7 47 147
462 41 49 641
462 64 37 211
462 100 13 1473
462 102 21 308
462 126 4 1343
462 140 7 292
462 152 1 905
462 169 43 578
462 199 31 1078
462 308 17 893
462 319 28 13
462 395 55 641
463 32 4 1183
463 43 13 594
463 146 25 1260
463 210 49 381
463 219 37 135
463 231 55 1429
463 312 22 1227
463 313 43 430
463 341 10 53
463 353 34 101
463 386 19 673
464 2 28 562
464 19 19 1482
464 120 53 964
464 159 31 453
464 214 4 562
464 217 59 839
464 219 7 650
464 233 55 440
464 308 23 158
464 323 37 1070
464 363 1 573
464 364 49 1339
464 366 40 580
464 375 11 989
464 400 25 796
465 61 1 1453
465 97 43 90
465 107 5 232
465 150 16 919
465 157 13 788
465 183 19 559
465 223 28 854
465 245 55 1024
465 252 50 1254
465 286 7 281
465 288 37 1364
465 316 11 1203
465 399 31 1185
466 8 37 1109
466 18 41 898
466 22 47 1256
466 33 55 638
466 84 11 557
466 93 53 640
466 101 25 441
466 105 35 348
466 118 49 1478
466 183 43 983
466 198 3 1232
466 244 19 651
466 262 29 976
466 281 23 747
466 324 14 440
467 2 26 1109
467 25 32 685
467 74 7 1428
467 82 55 314
467 126 10 230
467 136 5 1304
467 214 47 63
467 246 29 1292
467 254 43 1232
467 257 37 549
467 263 17 1281
467 312 13 135
467 349 49 1003
467 373 19 414
467 393 59 549
468 16 1 568
468 34 7 1007
468 40 13 1379
468 77 50 579
468 89 40 463
468 95 19 749
468 121 11 414
468 176 34 492
468 225 17 965
468 240 3 1291
468 307 26 238
468 319 55 636
468 323 46 1317
469 5 49 1470
469 78 1 230
469 95 43 249
469 101 22 865
469 129 55 225
469 186 28 255
469 195 19 717
469 212 7 1187
469 257 13 1169
469 273 5 839
469 311 11 391
469 316 47 532
469 318 17 292
469 373 37 809
469 392 32 1088
470 9 58 825
470 94 35 1110
470 161 5 90
470 181 7 14
470 227 1 782
470 229 21 1464
470 251 55 1419
470 267 47 171
470 272 37 1376
470 276 10 580
470 295 43 203
470 331 31 902
470 350 49 187
470 351 13 699
470 375 19 450
471 11 19 755
471 66 28 662
471 120 55 1093
471 199 31 1423
471 213 37 1055
471 246 5 775
471 282 43 1473
471 284 23 1436
471 287 49 1208
471 303 17 898
471 328 1 554
471 343 47 1395
471 361 51 1230
471 374 59 89
471 397 35 1272
472 7 29 891
472 18 5 328
472 24 25 558
472 39 19 662
472 80 39 116
472 85 49 173
472 86 53 1024
472 97 56 976
472 118 46 1070
472 165 14 1337
472 192 37 527
472 196 17 712
472 261 32 599
472 266 1 639
472 364 8 727
473 18 41 276
473 85 13 1124
473 104 19 851
473 134 53 327
473 148 43 497
473 158 35 903
473 165 32 1484
473 198 11 1332
473 233 37 1180
473 254 22 160
473 315 55 1230
473 338 1 272
473 340 17 1118
473 359 46 620
473 379 29 345
474 38 7 220
474 116 17 1376
474 140 13 682
474 157 22 494
474 173 55 610
474 249 33 799
474 265 43 1208
474 315 37 1445
474 320 19 66
474 339 1 611
474 355 28 376
474 362 51 459
474 384 25 485
475 13 43 682
475 40 31 81
475 47 14 1439
475 55 5 238
475 129 49 1407
475 138 46 327
475 146 10 1260
475 151 1 1115
475 185 37 706
475 188 19 473
475 242 25 627
475 278 57 1327
475 288 7 334
475 322 23 606
475 329 40 485
476 21 23 402
476 31 47 1184
476 51 37 13
476 81 41 1125
476 92 25 1222
476 148 44 962
476 202 17 753
476 284 7 829
476 304 55 707
476 334 57 76
476 356 52 1429
476 366 13 766
476 380 31 831
476 387 2 882
476 396 28 720
477 101 13 460
477 106 39 26
477 127 16 1403
477 176 34 788
477 178 43 134
477 266 1 205
477 287 11 331
477 290 31 584
477 296 19 416
477 315 49 1072
477 332 23 578
477 339 55 42
477 348 7 201
477 381 25 1101
477 397 59 923
478 37 7 614
478 52 3 648
478 53 29 586
478 73 19 157
478 123 43 1273
478 134 55 199
478 144 41 1317
478 191 58 619
478 229 49 1308
478 247 11 822
478 333 53 1316
478 343 17 508
478 356 13 1437
478 375 35 989
478 383 25 1029
479 57 31 474
479 70 49 374
479 73 4 836
479 102 39 416
479 119 8 1216
479 139 1 43
479 142 59 1029
479 147 35 633
479 155 19 748
479 195 23 935
479 202 53 741
479 256 17 268
479 257 26 497
479 317 55 1250
479 369 43 53
480 3 58 1154
480 4 11 1339
480 50 19 1184
480 104 27 1454
480 116 17 24
480 130 1 973
480 195 41 659
480 206 22 1136
480 245 43 850
480 281 53 550
480 289 7 18
480 318 25 962
480 373 31 1405
480 376 13 1119
480 393 5 25
481 38 13 1258
481 67 43 41
481 73 58 660
481 81 49 1125
481 87 52 1244
481 126 55 705
481 188 1 766
481 195 41 922
481 210 32 1475
481 234 7 922
481 275 29 674
481 319 25 13
481 322 23 705
481 333 17 1047
481 349 19 1466
482 14 2 990
482 26 7 1475
482 40 13 927
482 49 55 659
482 64 37 792
482 78 31 216
482 150 4 919
482 155 19 642
482 184 29 220
482 204 23 707
482 242 34 1252
482 321 25 171
482 339 43 648
482 349 49 1466
483 34 1 591
483 79 49 796
483 80 25 116
483 113 38 606
483 150 14 1454
483 205 23 195
483 224 34 357
483 263 5 1064
483 275 29 352
483 283 44 1388
483 326 58 1066
483 332 11 336
483 348 7 311
483 352 19 460
483 354 52 545
484 6 37 545
484 9 46 438
484 14 23 1480
484 33 43 503
484 38 25 806
484 86 59 1024
484 125 41 1077
484 152 34 905
484 178 17 1088
484 241 55 585
484 277 50 647
484 303 29 1028
484 312 4 1067
484 319 1 1302
484 388 7 71
485 36 21 1320
485 121 53 414
485 144 33 897
485 149 55 55
485 165 4 334
485 166 49 896
485 218 35 647
485 241 43 1243
485 244 28 304
485 267 17 1136
485 279 7 7
485 341 40 25
485 353 37 1155
485 386 13 118
486 1 1 662
486 11 7 755
486 36 14 453
486 135 29 584
486 173 44 706
486 243 31 522
486 252 37 220
486 261 25 349
486 310 19 968
486 340 23 1118
486 373 56 1292
486 381 49 471
487 6 16 732
487 16 11 1429
487 33 52 753
487 89 37 463
487 146 2 1292
487 152 19 312
487 190 5 896
487 250 46 1448
487 267 23 848
487 299 13 987
487 301 9 579
487 310 25 663
487 349 31 1029
487 382 49 1279
487 397 55 898
488 58 19 395
488 70 44 1330
488 97 1 147
488 111 10 474
488 126 13 1151
488 150 22 495
488 178 50 1088
488 186 52 921
488 233 37 707
488 291 25 738
488 296 32 972
488 316 5 712
488 337 55 769
488 340 41 1065
489 29 37 1240
489 59 3 717
489 74 43 1351
489 126 46 71
489 157 40 1209
489 166 56 1450
489 187 51 940
489 188 32 603
489 244 22 651
489 248 13 1453
489 251 16 1419
489 341 10 25
489 352 28 460
490 46 35 91
490 97 7 90
490 98 19 501
490 134 5 327
490 160 43 1419
490 211 17 248
490 214 53 1159
490 227 37 1454
490 228 49 1200
490 259 31 907
490 298 1 463
490 312 46 1227
490 353 25 865
490 394 59 882
490 395 55 572
491 7 59 1427
491 9 1 438
491 34 43 799
491 50 31 555
491 79 49 116
491 90 40 1188
491 163 23 201
491 170 52 1189
491 172 35 982
491 204 7 783
491 291 9 249
491 294 25 89
491 353 13 1202
491 363 4 558
491 380 55 1460
492 54 47 1308
492 57 49 230
492 111 25 1395
492 115 10 264
492 125 5 1205
492 180 59 1414
492 181 28 1043
492 225 41 1043
492 239 1 138
492 245 37 1247
492 267 35 763
492 277 43 428
492 333 17 259
492 338 23 588
492 397 7 1445
493 21 31 423
493 28 49 1395
493 79 28 1134
493 89 57 1101
493 131 53 1124
493 135 47 489
493 179 37 49
493 196 23 1343
493 246 11 775
493 249 15 1188
493 261 33 822
493 314 21 338
493 337 43 769
493 372 2 1220
493 373 7 272
494 8 49 395
494 9 1 134
494 18 59 603
494 73 44 135
494 97 25 1376
494 103 17 305
494 108 10 983
494 126 13 1223
494 228 55 1097
494 257 37 530
494 262 29 463
494 354 22 545
494 388 31 1363
495 9 43 1143
495 11 37 766
495 42 23 787
495 54 41 1308
495 83 32 253
495 89 58 314
495 135 47 1416
495 158 55 785
495 220 4 679
495 224 28 1208
495 238 52 641
495 241 7 1199
495 285 11 921
495 386 16 1395
495 391 49 1240
496 16 17 203
496 117 25 808
496 125 23 1428
496 129 13 28
496 201 41 459
496 212 31 1032
496 220 38 816
496 251 8 838
496 281 56 1195
496 285 11 1144
496 288 19 663
496 301 59 1416
496 308 5 340
496 333 53 1418
496 381 44 641
497 19 25 19
497 34 31 807
497 36 15 261
497 59 8 871
497 121 23 414
497 128 37 1374
497 175 1 853
497 231 43 1317
497 236 46 1490
497 268 19 992
497 276 53 1029
497 321 57 110
497 336 35 627
497 338 13 365
497 352 40 541
498 25 32 527
498 42 23 1093
498 47 49 1355
498 64 19 1390
498 92 7 788
498 97 55 316
498 154 46 1325
498 170 13 1457
498 171 25 1176
498 208 16 839
498 271 37 1359
498 283 1 375
498 352 10 73
498 391 29 1475
499 5 38 508
499 45 49 594
499 57 8 55
499 58 1 1123
499 77 55 614
499 108 53 672
499 183 25 1150
499 189 20 1067
499 205 59 573
499 229 13 1464
499 254 4 1413
499 279 33 1250
499 332 17 755
499 365 46 49
499 370 23 829
500 1 3 568
500 43 25 750
500 63 29 585
500 95 19 457
500 115 10 532
500 132 45 764
500 162 37 1121
500 213 16 1411
500 299 31 628
500 306 23 1258
500 307 55 1303
500 332 50 409
500 342 7 258
500 379 59 965
500 394 1 163
501 29 34 489
501 64 7 1390
501 88 37 398
501 143 19 352
501 160 31 760
501 236 40 210
501 251 15 1494
501 263 47 526
501 303 1 1184
501 321 49 171
501 375 23 680
501 376 43 784
501 381 55 557
501 392 26 1496
501 394 53 882
502 36 13 1497
502 49 1 350
502 68 25 1444
502 85 7 298
502 86 17 918
502 154 19 767
502 165 22 1384
502 188 37 1072
502 205 5 211
502 221 57 423
502 230 11 1141
502 268 44 87
502 289 49 315
502 297 32 579
503 12 4 874
503 29 25 1405
503 35 13 1075
503 47 19 848
503 132 11 1344
503 167 59 709
503 174 8 1307
503 266 55 1351
503 274 40 119
503 280 43 1026
503 295 50 283
503 312 1 135
503 320 28 780
503 354 34 501
504 4 35 516
504 8 7 395
504 14 5 1330
504 63 17 104
504 80 13 1078
504 115 58 532
504 129 49 225
504 135 29 198
504 150 22 851
504 167 11 262
504 245 31 254
504 276 55 733
504 279 25 4
504 334 1 110
504 392 37 1125
505 35 1 1436
505 87 16 1252
505 89 7 544
505 135 5 198
505 139 58 878
505 161 23 90
505 171 43 580
505 233 19 311
505 268 31 469
505 287 11 933
505 312 26 1227
505 340 35 556
505 362 37 336
505 366 55 181
505 369 50 789
506 69 51 1481
506 113 13 239
506 181 40 1020
506 215 7 1446
506 218 47 647
506 242 25 1131
506 245 32 1024
506 262 5 662
506 337 55 95
506 342 1 960
506 386 37 1307
506 387 43 1407
506 388 20 481
506 390 28 699
506 394 11 812
507 1 13 75
507 49 55 1367
507 55 11 447
507 98 50 723
507 106 4 26
507 129 21 1499
507 130 7 873
507 144 19 897
507 148 43 241
507 231 25 1317
507 246 29 878
507 251 31 21
507 300 34 1240
507 310 37 230
507 397 41 1272
508 41 55 420
508 86 29 110
508 98 25 371
508 185 4 1484
508 203 13 1089
508 224 52 1088
508 228 7 1421
508 251 58 661
508 260 31 34
508 266 19 1367
508 286 15 112
508 300 1 640
508 308 23 216
508 340 41 958
508 362 43 336
509 98 55 816
509 132 3 1416
509 136 17 1464
509 151 43 909
509 179 32 1290
509 210 49 848
509 235 25 1274
509 247 23 960
509 249 13 1232
509 257 19 633
509 270 28 620
509 278 40 1023
509 299 37 1253
509 364 7 1268
509 393 59 384
510 25 25 1087
510 38 19 1404
510 44 15 363
510 79 38 923
510 160 4 771
510 165 34 1384
510 205 29 84
510 211 23 940
510 216 7 36
510 301 47 579
510 315 49 112
510 318 13 962
510 342 43 1238
510 391 58 153
511 30 44 965
511 84 1 522
511 86 29 1411
511 107 41 933
511 113 49 606
511 124 32 556
511 165 22 983
511 179 13 508
511 188 7 705
511 198 55 1307
511 279 25 559
511 284 17 530
511 323 37 101
511 327 3 1153
511 336 53 599
512 22 23 1338
512 96 1 606
512 162 37 962
512 164 19 608
512 178 41 1446
512 202 5 614
512 216 50 205
512 244 25 452
512 253 55 894
512 290 16 1204
512 303 59 1443
512 307 7 556
512 345 43 1496
512 362 31 251
513 1 43 436
513 5 14 793
513 11 49 148
513 64 7 819
513 76 11 1371
513 107 47 1491
513 126 19 542
513 206 31 808
513 213 4 1144
513 232 26 169
513 238 58 951
513 251 55 661
513 295 37 1332
513 353 34 525
513 384 22 874
514 16 29 578
514 25 55 502
514 38 50 1404
514 39 19 30
514 74 13 395
514 151 37 676
514 206 34 808
514 235 31 304
514 244 46 1472
514 316 5 450
514 324 7 942
514 335 25 178
514 336 11 1247
514 391 3 1240
515 7 23 864
515 23 43 411
515 30 37 371
515 72 45 1302
515 95 32 1345
515 101 28 441
515 110 16 89
515 170 4 365
515 178 59 706
515 211 19 573
515 215 49 1381
515 262 11 1159
515 265 7 1075
515 364 55 1339
515 396 1 1057
516 23 35 907
516 58 19 592
516 129 55 958
516 133 44 829
516 163 59 201
516 164 31 851
516 205 11 440
516 207 23 676
516 210 39 1312
516 212 14 1496
516 310 26 343
516 327 7 1153
516 334 49 991
516 346 53 1348
516 362 1 459
517 41 39 641
517 69 16 648
517 151 1 190
517 155 7 991
517 218 37 86
517 238 25 598
517 254 55 995
517 282 53 1473
517 323 13 1117
517 330 43 400
517 339 20 147
517 357 58 1421
517 371 49 1032
517 392 31 91
517 394 47 576
518 19 55 531
518 55 17 308
518 78 19 230
518 95 49 190
518 107 47 173
518 143 25 1416
518 145 40 76
518 204 59 1449
518 228 31 839
518 254 10 131
518 261 13 349
518 268 1 341
518 272 43 530
518 306 23 1403
519 77 25 173
519 113 7 1347
519 136 19 1464
519 145 37 1089
519 174 29 1355
519 206 46 1260
519 233 55 1343
519 256 59 731
519 274 4 617
519 302 31 893
519 319 43 605
519 324 51 502
519 338 11 395
519 370 23 896
519 382 16 551
520 45 7 792
520 58 43 1154
520 74 1 696
520 90 52 63
520 157 46 266
520 158 17 627
520 185 19 1484
520 197 25 433
520 209 37 473
520 212 33 1233
520 213 57 1411
520 230 31 1313
520 374 13 449
520 379 11 593
521 19 31 531
521 22 41 1118
521 32 28 1183
521 59 19 871
521 130 37 185
521 131 55 76
521 137 15 419
521 153 25 376
521 244 1 254
521 287 53 706
521 301 7 579
521 328 9 1261
521 332 23 755
521 366 4 1104
521 393 13 549
522 34 25 1273
522 38 49 1102
522 53 53 1331
522 104 40 837
522 132 17 1344
522 145 1 154
522 173 13 1141
522 225 5 738
522 270 21 620
522 275 29 66
522 282 35 1443
522 284 59 44
522 302 31 636
522 368 19 1364
522 395 8 1338
523 18 29 276
523 48 55 988
523 69 43 911
523 221 7 731
523 256 19 1044
523 275 53 352
523 285 11 839
523 300 31 723
523 323 58 733
523 331 25 1228
523 334 1 991
523 340 41 95
523 346 35 697
523 369 13 1042
523 391 5 153
524 5 37 1029
524 67 31 993
524 68 13 1323
524 119 55 1216
524 120 43 1192
524 166 7 337
524 168 49 1028
524 204 17 973
524 256 35 605
524 264 1 859
524 285 11 485
524 308 29 807
524 321 25 628
524 376 19 67
524 388 45 325
525 20 43 153
525 68 37 1444
525 110 55 1153
525 172 17 73
525 225 47 353
525 235 34 304
525 264 3 1293
525 267 53 1072
525 284 41 530
525 289 13 1330
525 328 49 987
525 368 1 1364
525 374 11 89
525 381 25 471
525 387 19 1014
526 11 7 1429
526 86 19 836
526 88 31 305
526 116 11 562
526 121 23 1340
526 177 13 1039
526 182 59 1238
526 191 28 718
526 195 47 475
526 233 37 360
526 256 21 1044
526 270 34 620
526 315 43 315
526 347 1 1418
526 363 25 319
527 20 40 550
527 43 49 596
527 56 20 828
527 71 22 449
527 125 46 619
527 156 25 660
527 278 10 1155
527 322 29 606
527 337 31 494
527 354 7 529
527 365 58 1069
527 392 13 1125
527 399 2 1136
528 3 55 1240
528 6 16 779
528 25 39 527
528 102 1 1215
528 190 37 1274
528 197 19 1001
528 207 23 598
528 274 4 995
528 285 53 489
528 300 28 1027
528 309 13 253
528 327 33 428
528 351 49 1089
528 366 7 1222
528 397 11 1026
529 56 53 828
529 93 17 860
529 102 28 1037
529 139 37 976
529 142 59 822
529 158 11 903
529 161 35 90
529 175 43 188
529 192 49 527
529 209 7 154
529 249 2 535
529 263 47 1353
529 325 31 1295
529 352 55 73
529 393 23 966
530 19 13 523
530 26 31 574
530 30 2 586
530 78 44 403
530 84 47 64
530 120 29 30
530 168 38 842
530 189 22 100
530 209 57 335
530 242 10 1368
530 245 51 457
530 302 34 591
530 312 7 173
530 313 25 794
530 397 49 1272
531 1 14 348
531 16 11 296
531 66 43 1258
531 85 56 1293
531 86 53 975
531 93 41 1337
531 143 19 371
531 165 25 1208
531 184 35 1118
531 220 8 1374
531 261 1 1464
531 275 47 789
531 306 29 1018
531 313 49 794
531 351 31 1004
532 41 43 370
532 47 13 1180
532 150 19 1343
532 187 25 826
532 208 52 477
532 212 22 1040
532 215 38 727
532 261 32 1305
532 284 47 230
532 292 59 95
532 293 4 786
532 327 55 428
532 341 1 53
532 352 49 696
532 387 7 24
533 8 31 395
533 15 37 650
533 33 19 679
533 34 7 1070
533 37 44 1233
533 47 55 1202
533 52 49 799
533 54 28 1308
533 62 35 1051
533 135 11 584
533 230 59 1141
533 260 41 1454
533 272 2 1337
533 346 23 697
533 396 13 522
534 16 17 578
534 18 1 276
534 22 41 1338
534 40 31 1393
534 59 43 468
534 72 37 319
534 86 11 836
534 116 25 214
534 175 27 21
534 217 35 839
534 250 13 696
534 268 19 760
534 273 47 494
534 345 7 661
534 361 49 1482
535 10 47 720
535 13 19 893
535 22 16 597
535 32 58 1223
535 120 41 791
535 184 5 227
535 237 29 49
535 251 1 1192
535 264 49 839
535 291 43 924
535 295 37 1077
535 335 31 178
535 341 7 53
535 351 25 501
536 17 13 418
536 59 55 578
536 121 41 1339
536 132 29 628
536 143 1 324
536 147 23 1238
536 153 19 581
536 155 9 1420
536 168 37 1028
536 224 34 975
536 254 31 640
536 302 52 796
536 367 43 1066
536 373 25 272
536 391 17 153
537 69 49 1233
537 87 1 87
537 93 29 640
537 186 31 1192
537 196 11 838
537 254 7 70
537 276 40 1304
537 303 47 1028
537 313 13 444
537 325 4 972
537 331 55 232
537 358 43 913
537 367 34 549
537 389 19 169
537 396 25 398
538 8 20 610
538 36 2 241
538 55 41 167
538 93 31 312
538 112 37 885
538 133 57 331
538 139 10 49
538 153 13 66
538 227 33 360
538 248 7 1331
538 255 50 1340
538 304 28 1266
538 346 55 416
538 367 16 784
538 400 46 856
539 1 25 1344
539 26 52 680
539 68 31 964
539 147 43 325
539 189 45 100
539 195 29 808
539 196 23 927
539 206 7 1368
539 228 19 201
539 244 13 88
539 278 40 1327
539 292 38 1235
539 359 58 183
539 367 4 1066
539 397 17 1337
540 26 13 232
540 75 11 619
540 110 25 454
540 137 37 402
540 175 55 452
540 186 8 1192
540 259 19 1368
540 262 5 598
540 275 29 673
540 277 1 1365
540 285 35 1337
540 289 31 18
540 321 43 171
540 345 49 312
541 19 19 1494
541 42 23 1001
541 48 37 783
541 61 9 259
541 72 50 158
541 137 31 838
541 183 1 559
541 212 55 825
541 230 41 1313
541 253 43 1491
541 308 17 340
541 310 13 185
541 329 58 1044
541 381 25 241
542 83 55 390
542 99 27 771
542 125 49 697
542 132 25 1007
542 157 43 1202
542 189 10 770
542 215 19 1446
542 222 40 661
542 234 1 1304
542 248 32 235
542 288 7 399
542 332 47 1470
542 347 51 473
542 369 14 789
542 393 59 842
543 60 14 601
543 101 10 441
543 140 57 1459
543 171 31 1180
543 172 23 1117
543 192 53 460
543 200 7 584
543 202 43 614
543 205 40 203
543 208 46 1360
543 230 37 500
543 306 35 1360
543 333 29 236
543 367 4 1440
543 381 19 31
544 3 43 368
544 10 4 349
544 53 47 586
544 97 37 858
544 128 19 1374
544 130 31 33
544 138 13 1055
544 180 23 1306
544 182 29 492
544 202 59 266
544 266 25 1153
544 333 41 1464
544 337 55 320
544 381 50 64
544 392 9 1293
545 41 7 1001
545 74 37 602
545 118 10 448
545 135 5 1227
545 175 19 461
545 272 31 1322
545 279 49 258
545 302 43 399
545 332 46 409
545 339 55 831
545 344 28 1038
545 366 40 1459
545 367 1 837
545 369 13 53
545 375 17 680
546 2 22 33
546 9 34 825
546 69 13 1227
546 116 58 633
546 124 16 808
546 183 37 644
546 198 29 1250
546 217 31 1398
546 221 25 1377
546 257 1 549
546 305 7 644
546 313 50 1104
546 365 43 549
546 396 46 976
546 400 19 319
547 25 21 527
547 46 59 724
547 56 53 232
547 65 55 495
547 98 7 982
547 103 11 455
547 104 40 1481
547 148 50 962
547 198 29 45
547 253 25 73
547 259 1 532
547 260 5 1292
547 306 35 611
547 326 14 1069
547 352 37 541
548 60 37 685
548 83 55 975
548 167 3 709
548 175 49 1374
548 188 19 1164
548 189 34 411
548 200 7 324
548 224 31 1115
548 246 53 101
548 258 29 888
548 312 46 1091
548 320 43 780
548 327 13 428
548 389 25 41
549 37 31 339
549 48 46 1040
549 57 40 204
549 90 10 1348
549 101 58 981
549 103 29 1351
549 111 37 1081
549 138 52 341
549 160 22 1294
549 168 14 1435
549 169 1 921
549 208 7 996
549 370 5 1371
549 380 25 831
550 31 41 732
550 40 7 975
550 63 23 1146
550 66 49 494
550 105 5 685
550 110 34 200
550 136 29 639
550 161 59 1383
550 180 1 576
550 241 55 559
550 252 25 1252
550 284 53 530
550 350 14 1027
550 375 47 660
550 395 19 829
551 8 1 941
551 41 10 890
551 95 31 593
551 197 56 1001
551 218 23 261
551 226 37 60
551 240 47 987
551 241 43 995
551 267 41 1062
551 279 25 941
551 301 35 430
551 326 7 651
551 350 19 1027
551 364 13 1268
551 379 29 1102
552 14 21 203
552 36 8 261
552 44 1 363
552 98 49 975
552 102 13 942
552 103 35 455
552 123 25 1363
552 144 41 214
552 206 31 1379
552 317 43 475
552 338 17 588
552 348 37 1351
552 388 55 481
552 391 5 859
553 21 59 556
553 61 25 1449
553 89 19 314
553 111 4 134
553 146 16 86
553 165 33 89
553 171 49 1258
553 189 10 1294
553 238 1 151
553 299 7 256
553 321 43 334
553 323 13 525
553 339 37 147
553 381 55 214
554 22 41 904
554 32 55 1208
554 34 27 1007
554 50 58 902
554 116 47 1023
554 118 19 1070
554 126 49 368
554 193 11 281
554 236 52 1222
554 265 31 338
554 284 5 1261
554 301 23 430
554 313 37 330
554 335 43 611
554 340 35 727
555 77 19 1059
555 135 29 489
555 153 8 240
555 162 15 279
555 190 49 568
555 211 13 1494
555 214 41 63
555 265 55 815
555 302 25 324
555 311 35 785
555 312 1 22
555 331 37 1228
555 340 53 727
555 363 43 482
555 393 31 25
556 36 43 162
556 53 59 214
556 75 23 897
556 179 25 1115
556 208 7 816
556 213 40 482
556 241 55 1366
556 248 10 235
556 250 37 342
556 280 50 314
556 293 14 786
556 302 31 357
556 315 19 112
556 366 34 1459
556 377 5 1429
557 23 53 488
557 37 31 1089
557 47 7 787
557 98 56 353
557 110 40 320
557 125 4 619
557 126 1 38
557 131 35 594
557 151 44 994
557 157 37 1209
557 165 28 977
557 258 13 110
557 262 11 920
557 358 15 255
557 375 23 1023
558 1 55 1117
558 34 13 485
558 56 59 232
558 60 1 601
558 70 49 1331
558 97 25 976
558 179 37 1115
558 185 10 1484
558 189 7 1215
558 192 35 503
558 253 19 1085
558 300 31 1240
558 302 52 1051
558 313 43 216
558 316 41 793
559 38 26 725
559 51 53 374
559 53 11 951
559 83 38 390
559 143 1 371
559 159 49 384
559 162 55 674
559 178 17 706
559 208 31 816
559 216 7 684
559 222 22 1263
559 243 13 1265
559 333 47 864
559 368 59 63
559 372 34 1220
560 5 49 1348
560 25 9 685
560 107 59 1464
560 134 53 1164
560 152 44 1393
560 189 19 100
560 198 35 1307
560 218 23 728
560 229 25 353
560 233 13 18
560 302 4 796
560 304 17 1472
560 310 55 345
560 330 38 1383
560 389 31 264
561 21 41 402
561 33 4 1427
561 49 31 694
561 90 19 1363
561 92 22 155
561 148 28 962
561 181 37 1020
561 194 13 353
561 197 55 888
561 200 10 1087
561 250 46 7
561 269 7 1395
561 326 1 1066
561 378 49 1497
562 30 25 1047
562 31 1 1388
562 57 43 1292
562 66 37 328
562 83 19 1344
562 144 5 1284
562 174 11 10
562 176 40 976
562 186 46 1351
562 304 29 187
562 321 13 171
562 361 50 1344
562 389 7 679
562 397 17 780
562 398 23 684
563 67 31 408
563 68 19 1412
563 70 55 1119
563 74 16 696
563 89 40 1453
563 109 47 216
563 154 4 1449
563 177 49 489
563 221 43 234
563 222 1 661
563 254 7 1110
563 333 35 259
563 340 53 1065
563 356 37 983
563 358 25 5
564 3 13 99
564 9 51 892
564 31 23 1444
564 53 35 1421
564 66 37 1353
564 68 9 1497
564 70 43 1331
564 193 41 1173
564 205 29 995
564 224 19 1088
564 230 47 477
564 303 5 1367
564 320 25 780
564 341 2 49
564 392 55 1189
565 16 23 1044
565 20 10 550
565 40 49 81
565 93 17 782
565 98 19 245
565 125 43 1077
565 158 53 837
565 200 58 1279
565 203 41 942
565 254 46 1232
565 284 35 826
565 287 2 261
565 341 14 1261
565 358 27 518
565 381 31 561
566 27 16 766
566 41 40 1340
566 58 45 1313
566 93 5 1459
566 143 31 1460
566 193 23 909
566 207 19 131
566 208 1 996
566 236 37 924
566 237 29 809
566 301 35 1224
566 319 49 743
566 383 7 910
566 384 55 874
566 400 58 308
567 7 5 891
567 49 19 694
567 69 49 1412
567 70 55 1228
567 95 13 826
567 138 28 1399
567 188 1 336
567 198 23 45
567 223 40 42
567 246 35 99
567 283 43 279
567 325 52 972
567 341 7 49
567 346 25 1308
567 384 31 591
568 7 47 891
568 12 25 682
568 81 53 1214
568 85 1 298
568 88 22 162
568 110 58 1446
568 124 40 58
568 136 5 589
568 197 43 1443
568 249 13 1015
568 306 35 163
568 319 19 809
568 332 17 733
568 337 7 769
568 367 50 1066
569 12 28 1348
569 85 43 697
569 135 53 1227
569 140 55 283
569 150 34 337
569 163 23 721
569 171 49 110
569 174 47 1355
569 184 11 796
569 249 2 773
569 308 25 135
569 312 31 1459
569 321 37 465
569 327 19 850
569 395 13 666
570 32 28 965
570 50 58 638
570 70 37 1411
570 86 53 591
570 118 43 1070
570 163 11 521
570 214 5 959
570 220 34 816
570 223 15 338
570 254 31 1195
570 281 49 501
570 309 25 1404
570 336 41 712
570 361 1 441
570 393 46 25
571 13 7 57
571 36 49 910
571 42 19 1093
571 50 3 1184
571 107 53 186
571 134 10 19
571 140 21 682
571 179 55 1085
571 212 37 1304
571 217 1 652
571 227 13 204
571 240 41 807
571 247 28 138
571 307 31 68
571 348 44 30
572 7 25 1427
572 69 58 1119
572 104 31 837
572 121 49 990
572 158 43 1423
572 173 51 1077
572 208 21 839
572 236 7 1490
572 243 38 304
572 263 47 787
572 282 17 236
572 299 10 771
572 314 5 1124
572 318 35 1326
572 400 28 201
573 7 41 760
573 29 37 1443
573 80 31 1003
573 111 1 1043
573 115 19 890
573 142 17 482
573 156 43 352
573 162 56 786
573 169 13 31
573 179 49 460
573 246 11 327
573 278 7 648
573 286 26 764
573 363 22 319
573 377 5 699
574 19 1 482
574 90 44 736
574 122 35 1484
574 143 55 1386
574 180 11 84
574 225 59 572
574 229 49 108
574 246 5 166
574 273 47 839
574 300 22 447
574 302 19 167
574 337 25 147
574 369 31 759
574 378 13 860
574 390 8 1412
575 2 4 235
575 36 7 984
575 84 23 1446
575 88 28 1230
575 118 25 1070
575 125 17 1205
575 256 43 894
575 258 11 112
575 292 1 390
575 310 49 9
575 321 55 1123
575 332 59 200
575 351 37 1294
575 352 46 541
575 378 31 720
576 2 20 1109
576 9 49 1143
576 47 7 1180
576 91 25 159
576 100 37 593
576 107 31 210
576 168 13 842
576 203 17 424
576 221 2 183
576 270 43 1176
576 304 41 1382
576 332 29 409
576 344 55 100
576 363 34 558
576 366 46 181
577 41 28 615
577 107 2 234
577 193 11 1173
577 216 37 907
577 232 7 489
577 279 49 1321
577 290 31 1091
577 337 13 74
577 339 55 1040
577 344 4 993
577 365 19 49
577 375 45 660
577 391 17 1374
578 7 17 891
578 28 43 779
578 35 51 238
578 42 3 1093
578 74 7 368
578 93 35 782
578 109 59 187
578 112 13 437
578 161 29 1383
578 186 31 1492
578 192 56 1143
578 221 19 1262
578 240 23 991
578 258 11 403
578 288 40 1364
579 37 7 775
579 59 37 524
579 99 16 573
579 181 1 732
579 183 43 644
579 185 58 615
579 194 50 585
579 202 11 972
579 263 29 1281
579 269 13 1101
579 312 4 433
579 339 25 1300
579 344 22 1230
579 379 47 369
579 393 34 290
580 26 2 663
580 75 25 619
580 89 10 1179
580 95 38 65
580 107 47 234
580 159 16 557
580 189 33 1104
580 210 20 25
580 312 55 1227
580 341 43 25
580 390 28 590
580 397 51 1272
581 15 55 1136
581 22 5 1366
581 35 49 911
581 37 1 775
581 63 23 208
581 78 27 230
581 108 37 316
581 150 10 865
581 179 44 342
581 199 31 568
581 275 41 723
581 286 13 794
581 338 35 1294
581 379 59 88
581 391 17 1232
582 9 43 825
582 12 37 874
582 49 32 1023
582 92 49 780
582 97 7 1164
582 122 13 603
582 146 46 119
582 260 11 1454
582 274 58 119
582 289 19 599
582 308 5 158
582 310 26 1360
582 333 53 236
582 339 15 1300
582 342 40 1238
583 92 49 788
583 97 13 1238
583 102 22 942
583 107 35 186
583 111 55 1043
583 113 37 950
583 122 11 260
583 145 27 1110
583 153 32 66
583 173 43 105
583 200 1 1417
583 205 41 151
583 214 17 1159
583 272 7 1020
583 290 52 1204
584 11 25 381
584 14 5 31
584 120 11 614
584 147 35 325
584 206 49 105
584 212 43 351
584 227 55 1454
584 246 13 101
584 288 46 1364
584 292 22 65
584 306 53 1018
584 321 31 1338
584 351 39 542
584 389 15 516
584 391 1 82
585 4 23 590
585 37 1 339
585 52 51 70
585 62 41 766
585 74 31 749
585 80 7 638
585 149 14 55
585 175 57 199
585 267 5 1384
585 272 37 664
585 292 29 1420
585 305 19 644
585 347 43 674
585 349 25 1151
586 28 49 703
586 34 13 807
586 36 44 1259
586 108 35 1460
586 112 37 437
586 165 19 1197
586 189 22 597
586 197 31 163
586 218 59 1337
586 240 41 1436
586 256 11 461
586 267 55 833
586 286 25 112
586 314 7 1189
586 369 1 1009
587 45 25 277
587 81 55 87
587 82 34 21
587 158 5 371
587 178 2 1497
587 190 23 1274
587 199 49 1316
587 246 59 1403
587 268 43 786
587 280 13 1026
587 282 29 474
587 304 11 187
587 310 7 345
587 376 19 590
587 393 41 384
588 34 15 1273
588 77 20 551
588 117 44 1081
588 118 10 320
588 136 31 639
588 152 37 764
588 154 7 776
588 156 55 469
588 178 5 1088
588 189 33 1067
588 228 25 535
588 313 49 252
588 336 53 518
588 343 13 828
588 349 1 1151
589 3 37 105
589 19 43 989
589 83 13 292
589 112 19 437
589 131 5 1256
589 139 25 262
589 173 31 776
589 184 23 227
589 257 49 530
589 275 17 352
589 331 7 1279
589 350 56 1056
589 373 1 1195
590 6 13 91
590 116 11 24
590 126 32 1151
590 176 16 1489
590 192 46 527
590 239 37 556
590 242 56 276
590 246 59 99
590 250 4 1348
590 251 1 585
590 317 49 888
590 320 22 706
590 327 25 891
590 365 43 219
590 390 19 807
591 31 5 294
591 72 37 1114
591 91 55 330
591 111 25 935
591 129 51 1125
591 158 11 627
591 169 43 901
591 176 19 1414
591 184 41 1280
591 196 59 712
591 247 17 81
591 269 22 498
591 276 35 580
591 288 1 1071
591 312 31 1057
592 85 7 1482
592 137 37 838
592 177 25 259
592 179 19 58
592 204 53 1260
592 240 41 525
592 249 44 1003
592 263 29 950
592 270 16 459
592 288 55 663
592 302 4 167
592 322 11 452
592 325 58 1295
592 339 49 1360
592 371 31 353
593 24 3 445
593 67 27 408
593 114 25 819
593 164 49 1421
593 176 10 1204
593 193 33 372
593 200 58 1302
593 243 37 522
593 244 44 324
593 261 14 1038
593 340 35 31
593 374 47 753
593 381 20 641
593 398 31 822
594 35 7 1274
594 70 38 1119
594 95 26 922
594 162 55 1220
594 180 34 1032
594 197 43 888
594 255 13 625
594 260 47 281
594 265 1 1075
594 336 59 81
594 360 19 1172
594 375 16 660
594 383 49 503
595 1 49 66
595 10 17 444
595 61 19 259
595 87 32 186
595 91 44 485
595 99 10 905
595 130 13 973
595 145 7 875
595 195 5 659
595 211 59 1494
595 297 25 521
595 324 55 523
595 353 38 720
595 366 22 773
595 385 1 498
596 10 53 1470
596 59 38 1212
596 140 49 292
596 167 29 118
596 202 17 614
596 219 55 1135
596 250 4 1499
596 255 7 625
596 268 13 1402
596 269 34 498
596 287 23 331
596 294 19 219
596 343 2 828
596 375 47 733
596 400 25 1279
597 78 43 1291
597 85 19 1293
597 112 51 1007
597 116 11 87
597 140 1 1366
597 193 23 326
597 254 28 1088
597 255 58 493
597 279 31 281
597 362 7 749
597 364 37 1339
597 377 5 663
597 394 17 1091
597 395 13 898
598 2 51 1238
598 3 31 1414
598 12 8 1097
598 101 4 76
598 179 43 753
598 234 55 1204
598 277 20 206
598 332 1 409
598 337 37 591
598 360 25 190
598 386 16 118
598 390 13 1470
599 32 31 767
599 57 51 204
599 65 25 728
599 85 20 24
599 104 1 988
599 126 34 112
599 153 46 639
599 252 55 1340
599 256 5 461
599 258 49 661
599 266 13 1351
599 310 7 663
599 361 38 639
600 8 14 119
600 29 1 1405
600 61 4 1272
600 156 44 1379
600 167 29 342
600 193 37 610
600 195 41 325
600 220 7 940
600 297 51 993
600 309 22 488
600 312 10 1150
600 317 55 443
600 344 19 918
600 368 34 1364
600 377 49 502
601 2 46 1321
601 34 50 441
601 54 35 1097
601 80 56 1481
601 85 7 87
601 191 27 619
601 231 40 1353
601 243 31 158
601 250 19 1448
601 265 13 791
601 277 2 647
601 341 37 25
601 367 22 819
602 19 25 482
602 48 13 718
602 77 1 579
602 113 37 71
602 175 19 452
602 178 5 68
602 180 59 1273
602 280 55 828
602 312 16 1017
602 317 31 398
602 336 23 1460
602 369 43 1009
602 386 49 1371
602 400 8 796
603 30 13 63
603 40 26 842
603 79 56 366
603 133 8 44
603 137 19 1018
603 194 49 562
603 210 43 1475
603 226 33 424
603 249 1 799
603 297 37 1199
603 343 17 521
604 2 31 1065
604 13 7 1169
604 27 1 906
604 32 52 965
604 39 37 99
604 42 29 684
604 50 4 555
604 248 34 384
604 252 25 64
604 294 13 188
604 305 44 1280
604 355 21 1282
604 357 58 1179
604 359 10 1267
604 377 41 1429
605 1 19 1214
605 49 13 1023
605 75 53 1047
605 76 23 975
605 141 25 86
605 157 28 25
605 171 43 1027
605 185 7 1484
605 192 1 240
605 197 49 793
605 234 38 255
605 301 5 430
605 337 31 610
605 341 58 25
605 379 11 732
606 3 55 1114
606 8 25 1383
606 57 31 230
606 70 7 826
606 89 1 1427
606 125 59 1325
606 136 29 1179
606 139 34 1489
606 152 4 905
606 229 43 1261
606 271 22 1379
606 275 47 674
606 377 53 776
606 381 13 206
606 396 10 63
607 38 25 1152
607 48 58 259
607 52 43 264
607 119 1 721
607 190 37 968
607 217 5 652
607 227 19 204
607 273 29 542
607 300 16 1065
607 330 49 351
607 338 47 283
607 341 34 1261
607 350 39 1027
607 396 7 37
608 17 43 366
608 26 37 205
608 74 57 696
608 101 34 296
608 122 23 452
608 178 11 1403
608 184 47 227
608 213 1 1380
608 229 25 1253
608 286 19 208
608 303 29 696
608 318 53 292
608 355 15 603
608 359 40 438
608 393 5 992
609 51 29 659
609 53 49 199
609 110 19 1253
609 112 37 608
609 239 22 369
609 263 53 526
609 279 1 831
609 290 16 1262
609 297 25 993
609 338 47 365
609 344 7 1311
609 358 31 913
609 367 55 837
609 369 43 1314
609 379 5 369
610 10 11 1009
610 47 1 1202
610 97 19 977
610 99 37 724
610 171 56 1176
610 186 16 1492
610 193 35 1173
610 225 51 602
610 273 29 1101
610 286 31 208
610 320 25 720
610 326 40 447
610 327 7 428
610 355 13 41
610 375 5 733
611 18 5 964
611 19 43 523
611 25 21 685
611 48 37 1040
611 89 25 503
611 91 31 660
611 103 29 305
611 150 40 1343
611 167 11 439
611 179 13 1290
611 204 35 707
611 229 1 311
611 252 7 1254
611 281 52 1195
611 302 56 453
612 70 52 1327
612 88 7 31
612 92 20 36
612 103 5 1114
612 120 41 30
612 126 34 261
612 147 11 1488
612 168 37 611
612 195 47 1215
612 206 15 858
612 251 25 1419
612 253 43 1120
612 263 1 1245
612 338 29 272
612 400 58 58
613 7 53 891
613 19 19 989
613 41 26 1059
613 67 31 862
613 92 40 1222
613 114 5 1382
613 120 35 791
613 123 55 1146
613 236 43 1399
613 256 23 1115
613 267 47 796
613 302 37 796
613 308 11 216
613 354 14 306
613 377 17 776
614 4 29 181
614 13 43 1325
614 25 7 527
614 60 49 227
614 87 25 1450
614 90 16 277
614 109 53 826
614 110 1 665
614 141 13 227
614 153 46 731
614 293 21 438
614 319 40 776
614 343 59 1366
614 351 55 699
614 397 5 780
615 11 55 766
615 34 32 1330
615 43 19 1437
615 92 43 663
615 105 53 262
615 126 14 1295
615 144 25 1188
615 187 1 404
615 193 5 448
615 196 41 927
615 234 37 1338
615 288 9 931
615 302 46 565
615 357 28 1257
615 366 49 1384
616 14 11 65
616 47 56 1134
616 85 1 1482
616 127 49 576
616 150 25 924
616 162 7 469
616 182 5 381
616 196 23 562
616 206 28 1260
616 255 52 95
616 265 19 791
616 278 13 958
616 288 46 931
616 323 16 1117
616 372 31 1220
617 9 55 892
617 14 35 203
617 20 58 1307
617 43 3 576
617 148 19 962
617 161 41 644
617 165 44 402
617 175 51 199
617 197 26 651
617 206 16 819
617 211 1 1032
617 216 7 1464
617 288 31 1384
617 335 37 166
618 34 38 1007
618 39 43 982
618 67 55 862
618 131 59 1220
618 177 49 628
618 197 31 858
618 240 23 858
618 271 28 1379
618 280 19 234
618 287 47 593
618 318 35 292
618 322 16 131
618 329 25 326
618 343 11 508
618 382 8 419
619 8 31 1231
619 11 19 766
619 23 11 488
619 26 7 136
619 100 49 1473
619 169 37 1323
619 213 13 138
619 251 16 656
619 270 55 477
619 285 23 1231
619 300 46 65
619 304 29 724
619 308 59 135
619 313 1 330
619 335 25 611
620 39 25 200
620 106 7 981
620 144 29 183
620 150 40 495
620 165 34 402
620 204 53 973
620 222 10 251
620 227 13 98
620 242 37 1377
620 259 49 721
620 261 55 822
620 270 31 717
620 273 46 326
620 310 19 1310
620 335 2 178
621 9 43 210
621 47 31 1439
621 50 10 1184
621 99 1 771
621 107 23 503
621 114 35 1412
621 120 49 1192
621 131 29 541
621 173 37 245
621 189 13 1371
621 255 51 783
621 256 5 268
621 326 46 1066
621 345 56 204
621 389 25 216
622 1 1 918
622 27 56 465
622 31 41 1285
622 53 16 1044
622 66 7 1043
622 77 19 516
622 86 47 110
622 87 43 1220
622 214 53 1097
622 221 33 1293
622 223 10 795
622 304 23 187
622 310 37 345
622 332 59 1475
622 336 29 599
623 66 40 1022
623 90 13 277
623 95 31 249
623 99 7 695
623 100 55 336
623 224 1 1446
623 245 19 44
623 266 43 1327
623 302 28 1491
623 304 53 1482
623 323 37 21
623 355 4 41
623 371 16 995
623 386 10 1209
623 393 23 549
624 11 31 617
624 126 20 1166
624 180 47 238
624 209 43 942
624 232 49 526
624 267 13 1384
624 293 55 58
624 304 35 588
624 316 5 793
624 358 38 913
624 363 58 1306
624 368 7 1364
624 378 1 1260
624 385 15 1064
624 388 27 1427
625 7 53 304
625 39 55 436
625 57 40 594
625 78 1 216
625 82 4 157
625 107 23 186
625 112 49 1368
625 164 7 479
625 187 45 940
625 254 19 160
625 279 31 409
625 321 13 71
625 325 37 972
625 346 35 1348
625 358 25 860
626 13 19 602
626 37 1 614
626 75 59 502
626 85 43 1180
626 102 7 308
626 116 31 562
626 135 47 198
626 136 34 298
626 146 28 736
626 168 50 82
626 217 37 1192
626 230 25 1313
626 249 39 1398
626 274 22 460
626 375 5 1023
627 33 22 698
627 109 41 187
627 123 7 1125
627 142 29 555
627 150 16 495
627 174 59 42
627 199 25 765
627 211 47 248
627 245 43 44
627 254 55 468
627 276 53 871
627 304 5 1482
627 332 2 1237
627 372 19 351
627 376 37 784
628 49 37 811
628 89 16 503
628 94 25 1110
628 114 41 799
628 116 23 633
628 136 59 589
628 163 5 1430
628 174 10 1307
628 234 1 255
628 235 20 148
628 243 31 995
628 286 27 316
628 356 46 858
628 372 13 351
628 394 53 1091
629 22 35 1228
629 31 11 1444
629 33 37 638
629 51 23 204
629 81 1 1214
629 86 29 171
629 89 40 901
629 101 43 1141
629 105 17 147
629 152 3 770
629 207 47 1435
629 227 49 1380
629 290 58 1285
629 314 27 338
629 330 31 673
630 19 31 1347
630 49 7 659
630 55 29 403
630 65 49 49
630 68 38 1412
630 110 58 1253
630 111 1 1081
630 159 4 99
630 190 47 743
630 277 25 825
630 292 35 1277
630 342 22 88
630 353 19 981
630 369 43 789
630 387 13 882
631 50 13 500
631 92 43 1125
631 95 39 190
631 104 7 1305
631 122 53 1261
631 138 31 741
631 160 34 240
631 230 49 898
631 231 25 1172
631 261 19 705
631 293 16 1388
631 369 55 60
631 385 1 1064
632 1 31 530
632 12 46 371
632 25 37 183
632 32 7 965
632 38 1 1322
632 66 43 328
632 79 22 1471
632 111 10 878
632 161 5 296
632 177 49 92
632 219 25 436
632 231 19 153
632 339 13 1043
632 393 53 992
632 394 17 163
633 100 55 1284
633 115 32 990
633 135 17 1072
633 183 3 983
633 187 38 940
633 190 35 67
633 195 53 234
633 231 7 153
633 266 25 1351
633 278 49 1155
633 291 13 960
633 308 11 893
633 344 46 1230
633 380 19 1105
634 10 59 738
634 45 32 479
634 53 23 586
634 57 55 1399
634 98 13 816
634 106 1 26
634 152 52 1492
634 202 5 1321
634 246 47 99
634 251 37 163
634 274 25 460
634 282 29 1477
634 345 43 85
634 373 19 1292
634 388 7 424
635 50 22 555
635 55 35 447
635 66 4 1353
635 83 57 1245
635 149 49 1454
635 169 9 234
635 220 1 679
635 265 31 791
635 300 19 668
635 319 26 776
635 332 29 336
635 335 37 1277
635 373 43 842
635 389 13 1326
635 398 47 666
636 18 47 296
636 56 23 437
636 78 7 1230
636 93 50 860
636 95 43 593
636 136 5 639
636 215 1 896
636 240 11 647
636 264 37 1321
636 270 31 477
636 271 28 468
636 275 13 1044
636 291 19 1118
636 308 53 14
636 359 55 532
637 28 7 898
637 29 40 1443
637 113 31 98
637 154 37 1414
637 194 1 1231
637 218 59 86
637 220 13 30
637 223 20 783
637 227 25 360
637 228 50 603
637 361 43 743
637 390 55 620
638 51 11 13
638 54 23 648
638 139 25 1388
638 147 5 324
638 196 59 838
638 200 16 324
638 216 44 1295
638 244 1 1194
638 249 55 1200
638 278 13 1327
638 287 41 1475
638 320 7 330
638 343 29 521
638 352 19 1333
638 392 31 1496
639 17 25 418
639 48 31 1040
639 53 46 951
639 92 58 663
639 93 49 178
639 104 8 988
639 134 29 199
639 143 13 1416
639 167 1 709
639 202 53 1321
639 219 20 327
639 224 40 311
639 275 5 789
639 375 3 660
639 384 43 591
640 13 28 711
640 21 11 535
640 75 5 764
640 89 51 501
640 104 22 1481
640 216 7 447
640 230 49 500
640 233 1 893
640 304 16 1266
640 313 31 252
640 325 25 1064
640 360 43 717
640 382 19 768
640 395 37 898
640 400 13 1184
641 1 25 66
641 21 53 1109
641 41 58 1393
641 48 38 259
641 59 13 95
641 109 29 826
641 125 17 1077
641 127 55 1282
641 130 49 89
641 196 4 585
641 235 10 148
641 341 43 49
641 348 21 1440
641 387 31 1110
641 398 35 666
642 8 25 1355
642 26 19 1475
642 27 7 314
642 45 15 1476
642 104 10 376
642 108 29 1322
642 109 5 1220
642 114 13 255
642 115 22 891
642 132 58 216
642 242 49 1131
642 273 33 699
642 328 1 1283
642 339 43 147
642 342 52 959
643 18 47 276
643 25 49 640
643 28 32 326
643 76 53 1123
643 94 17 977
643 135 41 1072
643 182 8 381
643 199 43 923
643 209 37 656
643 233 13 893
643 324 1 950
643 331 26 65
643 360 19 1097
643 363 58 357
643 393 11 545
644 9 37 81
644 11 55 1141
644 49 1 1367
644 88 49 718
644 105 52 348
644 119 19 721
644 139 40 966
644 292 9 1277
644 300 28 1065
644 310 13 345
644 319 32 605
644 344 25 864
644 395 44 572
645 10 29 1470
645 54 41 665
645 57 34 676
645 67 49 862
645 85 25 340
645 92 31 663
645 147 55 455
645 162 37 469
645 192 14 1146
645 218 23 1134
645 282 11 1359
645 292 53 1172
645 309 3 253
645 370 1 833
645 399 7 1077
646 23 47 82
646 32 51 1223
646 35 27 788
646 50 1 555
646 56 41 1204
646 109 5 187
646 177 31 259
646 194 19 526
646 211 15 1032
646 259 37 1143
646 298 7 1119
646 329 43 326
646 330 56 500
646 340 25 604
647 42 57 1093
647 49 13 1367
647 67 19 408
647 109 47 1115
647 119 39 991
647 122 17 70
647 129 50 28
647 172 31 1154
647 199 8 1316
647 230 23 1101
647 254 44 131
647 300 34 723
647 310 26 968
647 316 5 532
647 340 59 1078
648 29 31 682
648 45 55 1425
648 49 43 811
648 90 1 63
648 134 23 968
648 138 49 551
648 208 26 882
648 226 37 448
648 230 17 1348
648 239 4 1452
648 255 10 136
648 277 19 428
648 309 52 1242
648 331 13 1040
648 342 34 1062
649 21 55 812
649 85 49 101
649 88 7 162
649 104 10 1305
649 155 13 420
649 160 58 306
649 207 53 573
649 237 35 1131
649 262 23 1222
649 308 17 158
649 313 1 811
649 337 25 1097
649 353 46 251
649 357 19 1150
649 386 31 1436
650 32 1 1118
650 58 31 108
650 64 13 753
650 100 8 720
650 210 27 1312
650 216 50 235
650 265 38 408
650 273 25 787
650 276 59 1085
650 290 34 1091
650 306 17 1258
650 314 4 338
650 353 56 343
650 357 43 1104
650 365 19 535
651 24 31 1366
651 32 7 767
651 34 1 1273
651 212 19 13
651 228 43 28
651 237 22 298
651 252 49 220
651 255 10 266
651 270 40 477
651 293 13 10
651 303 53 1028
651 307 55 68
651 365 25 901
651 394 17 882
651 396 28 37
652 28 39 1473
652 37 43 1256
652 82 21 244
652 88 55 615
652 124 58 272
652 134 33 968
652 177 13 1020
652 185 1 836
652 190 19 1056
652 217 31 345
652 257 51 311
652 258 5 888
652 265 7 780
652 290 25 7
652 365 28 188
653 26 49 792
653 35 37 911
653 37 1 1399
653 79 52 116
653 117 31 1081
653 160 25 560
653 208 13 839
653 221 55 731
653 258 17 1491
653 290 21 1204
653 307 43 1293
653 326 28 685
653 350 7 187
654 5 49 424
654 104 13 1338
654 115 37 351
654 153 40 31
654 191 9 619
654 200 28 262
654 223 4 1417
654 265 20 1208
654 272 55 1337
654 279 44 258
654 318 53 1037
654 320 16 330
654 331 32 1222
654 343 11 397
654 367 25 240
655 83 49 1449
655 91 31 793
655 111 9 629
655 122 17 1070
655 142 5 277
655 170 58 296
655 204 35 783
655 281 23 550
655 287 29 331
655 301 7 430
655 344 1 1243
655 349 13 1320
655 365 40 1069
655 386 37 1395
655 389 43 330
656 31 23 294
656 38 7 1105
656 58 34 958
656 73 40 862
656 104 4 1254
656 158 16 837
656 177 49 372
656 190 11 896
656 239 13 335
656 267 53 1062
656 300 1 1027
656 341 58 433
656 358 25 1466
656 378 45 996
656 400 37 104
657 12 52 25
657 105 35 1359
657 112 19 711
657 148 49 711
657 152 7 1492
657 189 38 597
657 199 1 166
657 223 25 783
657 247 23 112
657 248 16 1331
657 290 43 1204
657 293 46 1118
657 299 28 1172
657 327 31 850
657 355 55 1223
658 1 19 568
658 12 25 642
658 20 1 1268
658 55 55 335
658 78 31 1055
658 93 17 640
658 94 35 977
658 181 13 1143
658 186 57 897
658 189 40 411
658 239 37 990
658 251 4 1192
658 343 9 1312
658 381 50 572
658 396 43 1348
659 8 37 92
659 37 55 482
659 54 41 294
659 96 49 339
659 125 47 1428
659 133 13 44
659 179 7 1085
659 180 59 1200
659 188 1 493
659 204 53 707
659 236 33 210
659 264 27 1188
659 282 31 1473
659 314 11 419
659 381 19 64
660 25 49 574
660 63 47 208
660 90 32 76
660 101 58 227
660 131 3 1256
660 167 53 1332
660 187 7 1332
660 203 29 136
660 205 1 153
660 235 25 148
660 250 38 1047
660 295 19 135
660 303 11 1075
660 310 43 230
660 394 5 353
661 34 55 799
661 62 11 479
661 86 47 1024
661 111 22 1081
661 126 40 698
661 212 19 1040
661 215 25 1117
661 220 31 19
661 263 13 1353
661 280 1 55
661 296 7 262
661 330 43 673
661 349 15 1148
661 386 50 298
661 398 37 1473
662 21 11 664
662 32 19 1337
662 52 31 669
662 78 7 230
662 217 1 450
662 236 22 210
662 253 13 35
662 259 50 907
662 276 41 503
662 279 25 258
662 290 4 1091
662 305 55 1280
662 348 45 709
662 378 37 860
663 49 1 659
663 122 19 459
663 147 5 119
663 156 26 99
663 172 41 982
663 173 13 680
663 203 53 580
663 209 49 625
663 302 58 636
663 313 43 826
663 320 55 1256
663 348 37 1234
663 370 35 66
663 375 21 450
663 381 31 1212
664 10 10 1470
664 15 20 808
664 49 13 1430
664 99 58 508
664 100 33 448
664 151 25 1085
664 176 46 788
664 177 37 1101
664 202 7 1420
664 225 5 1029
664 254 49 160
664 284 55 530
664 340 29 528
664 342 1 631
664 371 43 574
665 20 43 285
665 27 19 496
665 68 1 1109
665 82 40 244
665 96 31 232
665 106 22 981
665 160 58 1157
665 170 46 1189
665 197 8 433
665 232 25 181
665 237 29 298
665 250 37 1311
665 270 50 620
665 307 14 1363
665 386 55 994
666 1 25 1159
666 17 1 418
666 21 35 812
666 42 29 531
666 107 59 933
666 194 31 198
666 201 11 769
666 205 41 440
666 233 13 360
666 259 43 178
666 292 17 454
666 321 49 334
666 322 5 452
666 338 53 187
666 357 55 779
667 9 58 892
667 21 31 157
667 30 19 255
667 64 39 815
667 78 4 1230
667 112 43 1007
667 152 55 905
667 189 34 597
667 220 25 1374
667 251 8 760
667 275 11 674
667 292 53 276
667 385 14 580
667 397 49 638
668 7 17 376
668 29 40 983
668 93 47 178
668 106 7 26
668 122 59 1070
668 132 11 465
668 158 35 789
668 174 5 611
668 186 37 9
668 243 13 1154
668 257 43 712
668 345 1 987
668 385 25 1258
668 394 19 576
668 398 23 1305
669 28 37 779
669 49 13 659
669 83 43 457
669 84 29 738
669 125 41 619
669 130 31 1281
669 188 1 1072
669 197 19 1055
669 217 53 450
669 230 47 906
669 251 8 1419
669 264 55 573
669 361 49 482
669 369 25 1021
670 13 25 625
670 104 43 988
670 107 35 933
670 129 31 1255
670 142 58 555
670 171 50 1403
670 224 13 1014
670 248 10 1331
670 281 29 235
670 284 17 1031
670 293 55 1306
670 302 40 796
670 323 1 1317
670 328 19 922
670 336 5 35
671 15 32 42
671 23 29 907
671 39 57 206
671 55 53 335
671 60 19 363
671 90 43 76
671 108 23 672
671 109 47 913
671 156 38 1200
671 169 25 921
671 173 14 245
671 201 55 860
671 213 10 319
671 263 41 353
671 339 49 147
672 12 31 642
672 49 19 607
672 106 13 26
672 116 5 24
672 125 23 1205
672 145 1 951
672 206 16 105
672 231 34 1317
672 237 47 298
672 260 43 211
672 286 7 973
672 303 37 696
672 318 11 292
672 331 39 902
672 364 57 668
673 8 51 1353
673 13 28 439
673 28 43 1183
673 77 19 614
673 122 11 1065
673 183 1 500
673 257 38 1237
673 262 23 1159
673 282 17 1473
673 292 47 791
673 296 7 416
673 327 31 297
673 335 13 733
673 384 55 591
674 3 40 1240
674 33 9 698
674 65 31 363
674 147 5 1488
674 157 22 375
674 158 17 903
674 168 43 1028
674 261 56 349
674 267 7 833
674 289 49 7
674 356 1 1437
674 364 13 1339
674 372 26 1407
675 14 51 990
675 17 31 111
675 35 14 1436
675 94 23 541
675 125 2 619
675 130 19 1281
675 193 55 1491
675 201 29 254
675 220 10 940
675 237 53 298
675 294 44 735
675 345 37 85
675 357 57 1150
675 388 25 586
676 9 7 753
676 22 17 1125
676 26 1 862
676 31 11 453
676 34 43 441
676 44 13 455
676 128 37 589
676 131 41 1351
676 135 23 119
676 137 50 419
676 198 5 45
676 223 19 1072
676 226 55 337
676 228 25 28
676 308 35 158
677 7 35 147
677 55 10 1282
677 100 44 448
677 119 49 1130
677 173 31 771
677 188 19 232
677 197 37 793
677 206 7 75
677 233 13 796
677 238 25 151
677 274 4 460
677 285 29 1231
677 316 53 255
677 370 58 1371
677 400 1 796
678 5 43 35
678 65 1 1472
678 78 25 549
678 89 13 901
678 105 23 348
678 153 55 1281
678 186 31 521
678 201 50 1312
678 244 28 452
678 250 52 696
678 258 16 661
678 306 5 743
678 333 41 1316
678 342 10 88
678 386 7 372
679 13 1 1169
679 50 7 1184
679 56 17 759
679 136 47 589
679 158 10 837
679 211 53 195
679 216 25 447
679 230 35 1135
679 307 13 1005
679 326 40 1024
679 361 43 1064
679 368 23 493
679 377 5 776
679 385 19 1064
679 386 55 1395
680 23 11 1395
680 33 34 894
680 41 45 615
680 82 22 1216
680 83 13 390
680 131 5 594
680 135 29 1072
680 200 25 585
680 211 53 1449
680 213 31 138
680 222 2 1146
680 253 37 198
680 274 19 1409
680 334 55 1420
680 389 7 241
681 39 19 436
681 93 23 558
681 118 26 1365
681 172 53 982
681 198 7 892
681 223 46 345
681 228 39 892
681 248 16 1144
681 283 2 368
681 306 29 743
681 322 13 1001
681 335 49 244
681 349 56 565
681 359 34 1040
681 393 11 1412
682 2 1 235
682 24 13 445
682 77 55 551
682 91 25 11
682 104 43 1227
682 113 7 950
682 143 19 324
682 178 23 134
682 258 53 888
682 297 37 1105
682 340 4 604
682 376 31 1277
682 392 49 241
683 22 5 1228
683 39 19 418
683 44 37 666
683 55 35 1282
683 75 59 1367
683 81 11 1153
683 110 1 528
683 157 28 664
683 177 13 1087
683 202 49 557
683 219 31 88
683 281 7 134
683 333 43 498
683 360 51 1300
683 394 17 526
684 26 22 474
684 35 8 1436
684 62 59 1051
684 77 44 138
684 126 19 38
684 161 1 644
684 216 32 331
684 229 55 1464
684 235 37 1437
684 258 3 1491
684 298 25 1024
684 310 13 663
684 335 49 611
684 397 5 923
685 99 14 25
685 106 44 26
685 121 53 290
685 133 7 1033
685 137 49 402
685 207 11 815
685 242 22 1377
685 245 25 1384
685 327 1 1131
685 335 31 1478
685 359 19 584
685 379 5 965
685 384 58 874
685 388 38 481
686 38 25 1105
686 40 19 842
686 47 7 1355
686 89 13 463
686 118 31 1365
686 185 16 251
686 190 39 968
686 191 41 448
686 245 43 1384
686 267 23 171
686 289 49 598
686 319 55 743
686 375 35 733
686 397 5 1026
686 400 2 104
687 11 13 1465
687 17 55 795
687 21 17 664
687 55 23 335
687 64 39 756
687 196 53 850
687 217 37 1398
687 266 25 694
687 288 49 1383
687 320 19 1457
687 333 10 340
687 340 29 958
687 353 31 414
687 383 2 503
687 396 7 1393
688 45 15 468
688 58 28 919
688 77 37 579
688 81 23 1214
688 105 53 890
688 124 25 1008
688 131 13 931
688 223 55 1496
688 244 58 324
688 297 49 410
688 321 7 171
688 348 2 468
688 381 43 214
688 382 19 775
688 392 31 629
689 6 43 859
689 104 37 1254
689 115 13 921
689 134 47 19
689 162 49 279
689 168 55 730
689 181 7 1299
689 254 1 910
689 262 17 662
689 271 25 838
689 280 31 314
689 336 59 995
689 372 28 296
689 383 19 1029
689 390 10 369
690 4 47 590
690 73 58 1445
690 83 25 390
690 158 37 1489
690 161 31 1383
690 166 1 430
690 278 34 966
690 288 19 334
690 332 5 264
690 335 43 244
690 338 29 283
690 351 13 248
690 363 7 573
690 393 53 325
690 398 41 666
691 20 7 550
691 38 37 1363
691 98 33 664
691 103 47 1449
691 138 25 684
691 198 19 892
691 258 53 403
691 262 29 1155
691 265 13 370
691 285 41 839
691 324 49 342
691 332 23 336
691 336 5 1390
691 349 1 471
691 375 59 1023
692 47 43 787
692 61 10 1272
692 80 37 521
692 94 23 636
692 111 13 589
692 123 55 1273
692 201 41 769
692 226 32 294
692 266 2 809
692 300 52 558
692 306 17 1018
692 349 19 1380
692 356 28 983
693 40 1 1393
693 46 5 336
693 58 13 131
693 98 20 664
693 141 16 1224
693 147 29 455
693 158 55 903
693 224 49 1399
693 233 38 1360
693 245 7 545
693 306 59 1018
693 312 34 1069
693 321 25 369
693 358 43 43
694 2 20 562
694 11 25 60
694 46 5 91
694 58 49 1313
694 70 43 374
694 74 52 614
694 81 47 909
694 94 40 374
694 197 32 440
694 242 10 436
694 247 29 960
694 330 15 1353
694 362 57 898
694 389 1 1496
695 59 43 307
695 60 1 1022
695 80 25 463
695 97 7 147
695 135 31 1199
695 148 14 524
695 195 5 1072
695 196 29 162
695 247 35 471
695 253 55 185
695 270 22 532
695 282 11 1477
695 336 53 1460
695 338 47 599
695 389 49 1393
696 29 31 193
696 49 19 159
696 63 59 104
696 109 23 1033
696 157 40 1476
696 167 53 342
696 204 17 707
696 218 29 261
696 226 1 731
696 240 35 1143
696 297 13 825
696 341 25 977
696 343 5 397
696 381 7 206
696 394 11 576
697 2 38 562
697 10 11 241
697 48 13 1153
697 114 29 1488
697 122 5 1070
697 137 50 668
697 138 25 1266
697 165 1 727
697 193 35 610
697 231 19 1384
697 233 31 1237
697 255 55 783
697 259 43 492
697 262 17 195
697 346 47 1285
698 2 10 1038
698 30 33 965
698 67 37 1037
698 79 16 116
698 81 41 909
698 83 43 579
698 85 49 809
698 95 25 958
698 271 19 1132
698 276 47 871
698 306 59 1360
698 309 22 1220
698 327 55 590
698 396 4 1311
699 2 25 562
699 10 34 1199
699 52 43 669
699 108 1 672
699 109 59 1033
699 128 15 1166
699 130 37 33
699 134 5 19
699 135 41 160
699 153 51 131
699 256 7 1044
699 332 29 733
699 362 19 1280
699 366 31 1007
699 394 11 882
700 27 50 906
700 32 34 1223
700 35 38 238
700 67 26 629
700 87 43 1409
700 161 11 644
700 202 46 972
700 229 20 236
700 233 7 440
700 262 53 598
700 285 5 921
700 288 31 399
700 341 56 53
700 372 1 823
700 377 17 1322
701 24 38 558
701 32 16 26
701 59 25 578
701 69 58 964
701 155 50 1417
701 167 11 342
701 179 43 853
701 195 3 602
701 227 7 1247
701 271 19 468
701 325 55 1295
701 365 22 1398
701 375 5 660
701 399 31 1428
702 10 41 349
702 47 31 787
702 74 10 1428
702 163 29 260
702 197 50 1121
702 246 23 1281
702 264 55 839
702 279 25 335
702 347 1 674
702 358 14 615
702 383 19 1332
702 387 43 24
702 399 37 1071
703 9 46 859
703 10 38 444
703 89 10 314
703 94 5 374
703 121 23 248
703 129 19 225
703 131 1 1256
703 200 40 340
703 208 31 411
703 234 49 651
703 241 26 1237
703 311 3 1284
703 357 16 854
703 361 55 1344
703 377 35 913
704 12 1 874
704 16 59 578
704 35 13 238
704 133 25 1445
704 135 5 584
704 207 17 598
704 214 23 642
704 227 55 98
704 232 7 1253
704 289 31 308
704 314 49 1189
704 339 43 424
704 376 19 190
704 381 38 471
704 399 51 1351
705 10 17 1043
705 133 19 258
705 183 1 429
705 192 11 527
705 194 39 1216
705 246 55 101
705 252 50 1135
705 271 57 607
705 275 23 203
705 292 7 1277
705 295 13 588
705 313 25 874
705 314 29 338
705 344 32 666
705 345 43 293
706 2 58 1038
706 5 37 424
706 41 7 615
706 64 13 43
706 79 31 1471
706 97 19 858
706 164 43 1001
706 182 23 245
706 267 5 833
706 298 1 42
706 308 17 216
706 314 11 1124
706 352 25 815
706 360 49 1179
706 367 28 1066
707 12 49 983
707 34 13 220
707 44 33 248
707 48 25 1066
707 74 52 1323
707 180 17 1200
707 199 43 1078
707 213 22 738
707 255 4 1340
707 264 7 839
707 276 29 73
707 282 47 1266
707 285 41 816
707 337 37 24
707 394 1 1014
708 6 7 551
708 23 11 907
708 33 28 894
708 65 21 315
708 112 43 594
708 162 1 1147
708 177 31 1427
708 270 55 67
708 278 50 1151
708 284 47 826
708 311 59 1284
708 315 13 731
708 329 40 227
708 354 25 581
708 355 37 1343
709 21 34 1109
709 39 38 662
709 83 20 376
709 84 27 522
709 87 31 578
709 102 1 308
709 118 56 942
709 185 43 836
709 199 7 463
709 256 5 731
709 278 52 1448
709 285 17 349
709 351 13 542
709 370 11 901
710 124 25 248
710 162 49 1220
710 199 55 672
710 210 33 25
710 243 37 296
710 247 53 471
710 266 43 174
710 295 13 475
710 296 1 1173
710 344 10 918
710 374 47 558
710 375 17 1105
710 384 7 874
710 396 19 878
711 9 1 201
711 52 26 370
711 53 23 1135
711 78 46 574
711 82 43 1222
711 142 11 277
711 151 49 449
711 182 59 641
711 228 55 755
711 290 37 1146
711 294 13 16
711 324 7 375
711 387 31 348
711 390 4 1470
711 398 17 1305
712 3 16 1332
712 45 25 235
712 48 32 865
712 56 47 1497
712 92 58 1222
712 115 40 43
712 122 29 241
712 153 7 22
712 195 44 602
712 199 50 1423
712 226 1 1333
712 262 23 976
712 356 55 1445
712 378 19 860
712 390 13 620
713 4 31 1166
713 12 7 1348
713 28 1 402
713 40 55 776
713 48 46 1238
713 55 53 1282
713 56 59 1497
713 122 17 1484
713 139 37 1024
713 149 49 1023
713 196 5 162
713 198 25 1067
713 256 35 731
713 311 29 785
713 350 13 1112
714 17 37 601
714 56 17 1497
714 87 3 578
714 88 10 162
714 115 25 1093
714 127 13 1403
714 137 43 1437
714 217 59 991
714 228 55 603
714 351 31 1388
714 379 53 119
714 382 28 211
714 388 49 1283
714 392 20 1371
715 39 26 131
715 41 46 370
715 96 7 232
715 131 59 611
715 146 13 86
715 148 16 497
715 157 49 266
715 215 31 1421
715 223 40 783
715 242 3 276
715 369 19 1306
715 384 52 513
715 385 55 580
716 88 25 1026
716 154 43 474
716 166 55 896
716 205 59 195
716 247 11 81
716 251 34 1419
716 279 37 455
716 284 5 1414
716 289 19 1115
716 297 13 1253
716 326 31 166
716 342 2 258
716 343 9 828
716 344 46 167
716 386 28 1436
717 22 23 1224
717 91 25 1033
717 127 58 1348
717 191 37 605
717 197 19 433
717 211 55 940
717 214 29 420
717 226 13 1250
717 230 11 1200
717 259 7 907
717 281 43 1412
717 284 5 826
717 332 53 755
717 373 33 873
717 378 1 281
718 31 16 1444
718 81 59 1214
718 82 52 829
718 95 55 593
718 134 29 19
718 140 7 682
718 154 40 90
718 162 31 95
718 229 1 244
718 249 21 1188
718 292 47 1420
718 294 43 1262
718 297 25 1214
718 333 11 1047
718 391 35 1232
719 24 19 558
719 28 31 703
719 109 5 34
719 117 13 833
719 137 49 41
719 159 10 599
719 270 37 941
719 301 59 74
719 317 25 906
719 345 1 204
719 360 55 249
719 368 23 416
719 388 43 236
719 398 41 684
720 38 2 1102
720 52 25 1403
720 54 17 1308
720 86 59 521
720 138 43 608
720 157 56 1476
720 193 35 36
720 197 49 1290
720 256 29 605
720 257 20 1169
720 293 38 10
720 316 11 579
720 335 7 1135
720 356 32 1437
720 365 13 49
721 30 25 799
721 95 13 190
721 162 19 619
721 182 17 894
721 195 59 593
721 199 55 1423
721 206 1 577
721 246 41 460
721 248 4 186
721 284 7 530
721 308 10 842
721 320 46 66
721 321 31 523
721 358 50 1185
721 359 43 1117
722 94 35 850
722 118 28 18
722 126 1 1395
722 140 57 1457
722 145 19 249
722 152 13 1036
722 156 4 627
722 172 17 1154
722 186 43 1492
722 195 41 234
722 212 25 1114
722 233 37 440
722 241 7 1359
722 263 49 1281
722 302 52 864
723 168 19 611
723 218 13 698
723 219 49 1382
723 221 1 214
723 229 37 1308
723 236 31 1202
723 238 43 1304
723 261 55 260
723 282 11 445
723 292 23 1420
723 309 16 253
723 312 34 1115
723 328 7 987
723 337 25 1480
724 77 7 38
724 109 11 1115
724 122 35 858
724 127 4 1374
724 165 52 248
724 225 49 602
724 227 43 488
724 239 1 85
724 273 55 848
724 359 19 1077
724 366 16 1104
724 370 47 1429
724 374 23 611
724 378 27 981
724 396 40 878
725 9 7 1143
725 38 49 479
725 59 32 871
725 62 41 528
725 94 46 374
725 109 53 913
725 119 37 1130
725 232 20 181
725 251 25 1192
725 297 1 410
725 315 55 966
725 317 13 1070
725 318 5 292
725 370 17 829
725 374 29 1403
726 4 55 1166
726 49 32 659
726 78 13 574
726 79 2 1134
726 87 10 74
726 112 45 372
726 131 23 594
726 167 43 709
726 230 53 763
726 242 7 436
726 273 5 199
726 288 19 1383
726 297 37 812
726 309 16 460
726 310 25 1330
727 6 2 91
727 30 56 371
727 33 16 1299
727 83 19 1209
727 118 13 320
727 146 34 996
727 173 7 1141
727 183 43 1150
727 197 37 1420
727 262 47 279
727 309 31 1465
727 318 23 330
727 339 26 676
727 360 49 216
728 33 14 1365
728 50 46 556
728 72 7 540
728 90 37 1188
728 106 34 26
728 145 40 328
728 166 25 668
728 181 4 1043
728 245 55 1384
728 264 19 902
728 327 49 428
728 355 1 1164
728 393 17 337
728 398 23 220
729 2 4 1065
729 3 7 1240
729 7 11 147
729 37 55 90
729 84 50 1446
729 121 1 290
729 123 32 1273
729 179 15 174
729 196 53 927
729 240 13 858
729 316 41 579
729 334 25 30
729 336 59 1247
729 339 19 330
729 385 37 1258
730 5 25 591
730 17 57 1397
730 20 22 1489
730 58 16 639
730 102 38 1317
730 120 41 74
730 198 47 312
730 206 4 640
730 220 1 157
730 242 7 1313
730 286 43 112
730 320 19 360
730 334 31 14
730 377 52 699
731 63 41 208
731 151 1 676
731 155 57 703
731 160 25 1051
731 162 37 673
731 210 7 477
731 211 47 31
731 215 43 1215
731 234 19 1359
731 248 16 1453
731 338 23 1366
731 342 49 1069
731 371 28 721
731 383 32 1332
732 17 49 601
732 27 28 465
732 48 43 259
732 175 55 461
732 179 37 651
732 208 16 788
732 210 19 485
732 229 31 927
732 244 7 316
732 317 2 851
732 325 13 952
732 332 11 578
732 357 46 1179
733 52 7 414
733 103 4 438
733 138 32 341
733 177 13 92
733 179 37 160
733 197 55 793
733 200 43 741
733 210 25 1475
733 308 1 526
733 336 59 1390
733 360 49 667
733 365 19 1069
733 367 46 1459
734 15 49 873
734 16 41 251
734 23 55 907
734 27 25 391
734 30 7 669
734 97 19 90
734 118 37 1365
734 175 43 1374
734 228 1 1200
734 240 47 1436
734 250 28 905
734 291 57 455
734 340 53 447
734 360 31 1300
734 363 13 1332
735 8 43 1353
735 25 8 968
735 48 55 718
735 53 17 628
735 112 37 1368
735 128 52 718
735 144 34 497
735 208 25 1491
735 262 41 615
735 347 19 674
735 356 13 559
735 367 4 819
735 393 1 337
736 21 55 157
736 69 40 100
736 100 1 1480
736 116 53 633
736 141 13 1212
736 142 5 1290
736 185 19 706
736 228 45 1097
736 273 59 1014
736 305 49 496
736 308 17 14
736 312 7 1150
736 362 31 589
736 369 25 789
736 379 23 965
737 49 1 478
737 63 55 104
737 94 11 1089
737 100 19 1066
737 117 38 808
737 145 15 1382
737 197 7 891
737 240 53 987
737 278 28 1244
737 286 43 45
737 312 31 1031
737 388 49 236
737 390 58 620
738 9 10 425
738 17 43 1285
738 32 7 481
738 85 55 71
738 108 47 874
738 115 49 559
738 142 35 1351
738 195 1 602
738 206 13 819
738 231 19 1254
738 275 3 461
738 291 38 738
738 320 52 1398
738 339 25 1439
738 374 5 695
739 35 43 542
739 92 52 663
739 94 59 1110
739 120 10 1215
739 147 49 70
739 159 13 606
739 167 35 342
739 205 47 151
739 230 5 1141
739 234 26 1359
739 283 1 35
739 293 31 238
739 310 19 343
739 354 55 736
739 376 38 279
740 10 47 349
740 37 25 339
740 69 43 1481
740 74 31 614
740 105 41 1488
740 110 52 1253
740 117 7 1223
740 146 49 1323
740 211 35 1494
740 242 19 1131
740 285 55 279
740 290 13 1285
740 338 29 588
740 349 37 669
740 391 3 153
741 3 16 890
741 73 49 1038
741 134 41 968
741 143 8 763
741 165 32 977
741 171 1 1176
741 175 19 1478
741 176 46 1154
741 190 55 968
741 218 35 1066
741 246 5 516
741 276 29 1393
741 325 52 160
741 384 58 591
741 394 23 163
742 17 37 418
742 18 47 410
742 30 55 586
742 108 35 983
742 154 8 1414
742 158 29 371
742 199 43 1203
742 219 31 482
742 230 23 763
742 269 1 1026
742 324 13 337
742 337 19 598
742 341 4 825
742 396 25 1348
742 397 17 1445
743 2 16 1037
743 14 47 1330
743 30 19 965
743 55 49 438
743 73 7 157
743 123 2 1432
743 156 10 99
743 162 38 674
743 168 55 35
743 214 29 1159
743 258 53 893
743 333 23 1418
743 341 43 977
743 365 34 535
743 395 25 572
744 9 31 1208
744 14 5 203
744 25 43 968
744 91 25 98
744 165 55 727
744 195 23 659
744 197 1 891
744 213 34 1117
744 225 17 1169
744 226 37 893
744 229 13 1478
744 328 9 497
744 343 7 828
744 362 49 251
744 386 19 298
745 2 32 1282
745 42 5 1093
745 64 38 753
745 66 55 200
745 162 51 1359
745 216 1 447
745 259 13 892
745 313 25 445
745 345 43 573
745 361 19 1266
745 363 58 319
745 382 10 1169
745 393 17 992
746 22 17 74
746 30 19 1047
746 62 23 601
746 91 7 4
746 110 25 665
746 111 37 594
746 119 43 1439
746 193 5 668
746 202 41 557
746 222 58 1323
746 250 31 1311
746 315 49 750
746 344 55 1059
746 351 1 542
746 385 13 1499
747 2 13 1065
747 38 43 1131
747 75 41 897
747 103 23 455
747 135 47 160
747 143 19 935
747 163 29 1020
747 164 25 1323
747 192 59 680
747 267 35 171
747 270 32 526
747 338 11 283
747 354 52 590
747 363 1 724
747 365 16 49
748 23 41 532
748 42 11 788
748 49 37 607
748 87 46 760
748 100 25 593
748 113 49 950
748 124 14 1304
748 141 43 269
748 199 1 398
748 214 17 420
748 253 19 119
748 339 7 831
748 354 32 782
748 387 55 1110
749 23 41 907
749 75 59 70
749 149 31 854
749 155 25 1326
749 175 19 812
749 189 49 100
749 272 45 1110
749 287 35 593
749 325 55 210
749 328 7 43
749 344 13 1059
749 347 37 794
749 359 52 1306
749 362 1 898
750 2 52 1038
750 64 19 785
750 96 25 1331
750 104 49 837
750 111 13 1081
750 124 34 58
750 178 17 888
750 190 23 568
750 241 56 1180
750 243 2 1489
750 263 29 1151
750 286 7 723
750 295 38 1147
750 300 46 498
750 384 31 874
751 21 47 136
751 29 13 1144
751 38 49 423
751 104 39 584
751 128 10 1166
751 138 19 1399
751 148 7 730
751 164 55 851
751 168 32 183
751 175 25 652
751 189 1 597
751 284 5 1399
751 308 22 807
751 354 43 479
751 368 16 1364
752 83 19 1245
752 91 31 330
752 92 37 663
752 139 52 1489
752 182 16 763
752 188 25 706
752 203 41 424
752 235 55 296
752 240 5 1436
752 245 43 225
752 254 10 160
752 340 1 556
752 382 49 264
752 393 59 545
753 47 37 1439
753 75 55 619
753 95 43 1477
753 126 57 1166
753 156 34 901
753 197 1 1055
753 206 7 1260
753 211 47 1247
753 288 31 1364
753 289 14 183
753 295 25 203
753 340 29 447
753 369 49 60
753 371 19 1032
754 14 35 990
754 27 14 391
754 38 31 725
754 75 53 731
754 87 4 573
754 118 7 672
754 179 19 174
754 221 37 234
754 249 49 1149
754 284 23 1031
754 290 58 369
754 306 11 1360
754 339 27 252
754 391 47 1240
754 400 43 1363
755 5 13 993
755 53 11 749
755 71 40 1056
755 106 1 1023
755 168 25 48
755 181 37 14
755 217 17 1380
755 222 19 1376
755 241 57 485
755 255 7 266
755 322 55 1151
755 323 43 21
755 388 31 325
755 395 50 1338
756 130 25 449
756 148 56 1435
756 252 1 712
756 282 23 1359
756 286 49 764
756 321 37 110
756 326 13 668
756 340 59 1065
756 345 8 339
756 346 35 416
756 364 19 368
756 383 43 1199
756 400 31 909
757 84 41 522
757 112 7 596
757 115 58 253
757 117 31 420
757 167 5 342
757 173 37 680
757 230 47 1200
757 255 43 1340
757 265 51 1208
757 339 19 252
757 351 13 848
757 362 1 444
757 364 26 727
757 368 17 82
758 10 11 255
758 14 50 203
758 23 31 211
758 33 55 1409
758 43 7 750
758 67 13 1010
758 80 25 317
758 81 53 1169
758 192 35 661
758 213 37 568
758 231 40 153
758 272 1 959
758 341 22 1302
758 348 43 1146
759 104 58 1305
759 108 11 736
759 180 8 1032
759 227 43 22
759 229 37 1087
759 236 16 155
759 244 13 1204
759 261 26 755
759 282 53 1235
759 301 47 430
759 319 49 636
759 334 1 1448
759 351 19 248
759 361 31 684
760 18 29 195
760 50 46 640
760 114 59 799
760 170 43 200
760 188 49 455
760 197 20 1443
760 226 1 294
760 257 7 1237
760 278 31 966
760 292 35 390
760 313 13 607
760 316 53 793
760 330 25 500
760 336 11 518
760 362 38 733
761 6 1 551
761 28 19 114
761 71 46 785
761 96 8 454
761 104 4 1338
761 169 25 108
761 206 38 741
761 240 43 525
761 254 55 1232
761 307 49 573
761 313 31 445
761 319 13 13
761 338 23 272
761 370 41 1421
762 5 31 1470
762 22 19 904
762 100 1 448
762 117 50 1205
762 130 37 612
762 135 13 198
762 148 22 497
762 152 43 119
762 187 27 307
762 225 35 1029
762 272 55 931
762 276 41 110
762 303 59 1028
762 325 7 160
762 367 15 1316
763 1 26 918
763 13 57 439
763 83 43 245
763 103 31 438
763 119 14 1383
763 156 52 99
763 166 33 542
763 205 11 151
763 282 41 1266
763 288 22 982
763 309 7 525
763 327 37 1153
763 340 5 109
763 345 1 1279
763 379 49 1419
764 3 58 1114
764 20 55 493
764 23 17 907
764 44 43 1235
764 45 7 1425
764 52 49 994
764 99 25 573
764 132 5 255
764 174 28 902
764 178 11 501
764 289 13 114
764 294 20 16
764 302 1 1051
764 359 34 1258
764 365 40 1492
765 22 47 1125
765 40 13 966
765 51 11 1164
765 84 5 1457
765 93 35 131
765 133 31 1224
765 135 29 1227
765 230 53 906
765 277 19 1345
765 295 55 136
765 312 37 199
765 352 26 696
765 355 7 603
765 357 40 501
765 365 49 1492
766 11 25 1465
766 25 43 268
766 146 34 786
766 148 50 842
766 184 37 290
766 226 14 225
766 246 47 1135
766 271 4 1081
766 310 7 1322
766 312 1 433
766 327 19 1153
766 334 55 669
766 346 29 697
766 374 41 89
767 6 37 1327
767 23 17 518
767 30 43 63
767 40 13 1071
767 63 57 104
767 71 4 990
767 91 27 604
767 93 59 640
767 121 53 1340
767 127 1 1374
767 296 7 1173
767 331 31 961
767 349 19 837
767 366 49 674
768 31 29 1444
768 48 49 454
768 70 19 1331
768 106 52 357
768 109 41 636
768 163 11 1430
768 198 1 892
768 205 23 996
768 242 13 22
768 260 59 34
768 281 5 1195
768 293 16 10
768 318 47 292
768 374 35 465
768 378 55 1159
769 31 47 294
769 73 19 1136
769 99 43 116
769 107 11 572
769 177 25 1020
769 201 35 769
769 220 13 656
769 235 16 1437
769 242 52 1313
769 252 2 419
769 265 31 1001
769 275 59 352
769 296 7 933
769 355 55 1305
769 356 22 1429
770 34 43 1403
770 55 47 335
770 113 19 606
770 118 31 1429
770 153 52 1231
770 158 29 903
770 208 34 1491
770 227 25 488
770 277 57 1365
770 292 5 65
770 303 23 463
770 334 37 1174
770 353 49 981
770 359 10 1308
770 373 1 1439
771 40 2 975
771 43 21 576
771 99 27 1081
771 135 59 198
771 136 35 589
771 140 7 1459
771 189 13 21
771 216 37 1255
771 239 55 1102
771 273 11 326
771 275 47 673
771 284 25 338
771 291 50 1118
771 319 31 941
771 338 45 365
772 39 20 328
772 41 1 890
772 60 39 316
772 68 31 541
772 79 10 1472
772 100 25 134
772 113 43 1279
772 114 59 950
772 152 4 1148
772 197 13 1443
772 221 50 735
772 300 7 371
772 331 55 34
772 398 35 1077
773 51 59 374
773 64 50 785
773 104 25 662
773 126 56 838
773 166 37 307
773 168 32 1435
773 172 29 178
773 177 43 1135
773 208 19 816
773 240 5 1291
773 271 1 607
773 327 7 1131
773 340 47 528
773 360 13 454
773 391 23 1240
774 3 7 634
774 39 1 772
774 46 31 1419
774 84 20 522
774 106 43 409
774 135 35 76
774 153 28 325
774 166 14 266
774 175 55 611
774 223 52 1262
774 225 5 572
774 267 41 171
774 280 37 55
774 285 10 816
774 323 49 1117
775 114 3 400
775 123 13 1449
775 150 22 919
775 163 47 400
775 164 33 1323
775 181 58 134
775 186 40 9
775 261 7 656
775 276 5 871
775 309 25 608
775 324 49 337
775 334 43 1184
775 359 37 1043
775 379 31 965
775 382 19 1279
776 13 37 721
776 24 3 376
776 73 13 1159
776 116 23 766
776 119 44 694
776 139 33 262
776 154 40 1235
776 182 1 381
776 206 19 1379
776 236 25 210
776 256 31 1044
776 271 55 82
776 304 59 1204
776 333 29 860
776 388 7 1363
777 40 19 966
777 95 7 307
777 115 31 891
777 142 41 230
777 189 34 1371
777 193 53 1173
777 216 25 331
777 272 45 525
777 276 11 1085
777 282 43 1252
777 283 1 68
777 339 37 494
777 347 49 1224
777 385 14 498
777 387 55 1014
778 67 37 1285
778 115 34 891
778 139 51 976
778 164 13 851
778 168 9 1028
778 172 41 1256
778 181 4 952
778 257 19 549
778 261 43 1038
778 308 47 26
778 311 59 370
778 318 23 962
778 329 28 477
778 375 1 660
778 393 49 290
779 41 10 615
779 68 45 1109
779 103 35 1114
779 117 13 1102
779 163 17 1430
779 182 29 1254
779 223 52 1014
779 239 25 138
779 248 22 1200
779 293 49 732
779 301 41 305
779 309 19 1263
779 311 1 1284
779 344 31 1230
779 360 3 249
780 48 58 1153
780 59 19 339
780 72 43 710
780 79 31 1134
780 83 37 977
780 121 53 1339
780 138 55 964
780 142 23 665
780 180 17 1032
780 188 13 384
780 235 25 296
780 280 49 550
780 347 7 1205
780 374 35 753
780 393 5 545
781 20 4 67
781 41 38 615
781 50 16 555
781 70 56 66
781 75 35 1367
781 179 43 904
781 199 31 463
781 225 11 1029
781 272 49 1376
781 273 29 1253
781 277 7 647
781 294 21 211
781 319 25 502
782 43 31 576
782 53 11 586
782 143 37 352
782 173 26 334
782 191 1 612
782 195 13 717
782 200 58 741
782 211 23 759
782 224 43 1446
782 225 15 602
782 278 4 1244
782 322 47 1151
782 338 35 395
782 378 19 1260
782 385 51 152
783 8 57 1231
783 29 7 174
783 41 22 1470
783 55 11 1223
783 88 4 718
783 129 43 758
783 195 29 234
783 226 37 214
783 229 25 768
783 241 13 164
783 263 35 1151
783 284 19 1009
783 316 31 625
783 322 41 1001
783 377 53 1322
784 3 57 1087
784 20 20 822
784 56 49 759
784 78 44 1055
784 86 55 1411
784 103 23 305
784 138 13 341
784 149 37 513
784 159 16 606
784 174 29 42
784 199 25 672
784 281 34 1195
784 287 4 261
784 316 11 450
784 364 7 1339
785 10 41 211
785 15 13 236
785 23 58 907
785 71 55 685
785 78 1 1257
785 104 38 652
785 142 23 1290
785 157 28 1154
785 195 53 411
785 198 33 892
785 232 43 489
785 260 5 1454
785 307 49 707
785 311 35 370
785 399 7 518
786 50 10 733
786 60 31 710
786 81 53 988
786 115 7 264
786 124 19 1304
786 159 22 1317
786 229 13 108
786 241 55 1417
786 260 49 1273
786 296 25 1215
786 337 1 414
786 343 5 508
786 357 46 854
786 381 37 239
786 397 41 652
787 16 59 612
787 21 43 1109
787 31 3 1444
787 40 19 927
787 53 17 214
787 86 23 911
787 110 13 988
787 125 41 794
787 176 25 1294
787 265 37 370
787 303 31 1028
787 325 33 878
787 339 7 120
787 385 49 548
787 390 28 1091
788 46 35 1423
788 86 55 918
788 96 1 232
788 129 37 749
788 158 8 11
788 169 44 1460
788 190 5 968
788 196 19 617
788 208 32 74
788 217 16 1398
788 229 25 236
788 242 13 276
788 320 52 437
788 377 23 699
788 379 41 965
789 61 40 1409
789 166 55 1291
789 173 26 680
789 176 13 1414
789 208 20 1491
789 213 16 138
789 229 43 1478
789 247 53 112
789 259 49 768
789 265 32 1018
789 282 47 808
789 299 37 244
789 350 1 747
789 377 11 663
789 396 7 1227
790 47 38 787
790 58 25 188
790 63 35 794
790 87 28 1409
790 111 55 360
790 175 45 337
790 180 43 1306
790 226 8 1232
790 252 49 1256
790 296 1 262
790 321 31 71
790 350 13 747
790 369 21 53
791 14 41 990
791 41 4 615
791 55 8 1282
791 91 37 1382
791 144 29 214
791 166 31 1291
791 209 55 548
791 249 49 728
791 276 17 871
791 301 47 698
791 339 25 1040
791 354 43 590
791 367 14 1066
791 388 19 585
792 64 3 815
792 95 14 465
792 98 49 1136
792 146 8 86
792 147 1 527
792 158 47 1423
792 177 43 173
792 246 29 99
792 265 19 780
792 316 11 1021
792 322 41 1184
792 355 31 11
792 373 37 1195
792 392 55 773
792 399 25 410
793 66 46 206
793 68 8 541
793 102 40 395
793 168 55 151
793 173 1 624
793 192 31 1250
793 228 20 238
793 235 43 148
793 294 26 712
793 312 16 1227
793 327 50 784
793 366 34 118
793 370 59 1452
794 1 43 1004
794 5 1 347
794 100 7 336
794 114 59 400
794 147 47 865
794 154 49 90
794 195 29 1465
794 228 19 294
794 238 40 252
794 254 16 414
794 273 23 812
794 311 5 370
794 319 34 13
794 353 31 525
794 367 26 1144
795 43 25 576
795 51 11 682
795 60 7 443
795 76 17 1069
795 110 31 1339
795 128 34 1235
795 131 5 931
795 226 44 893
795 242 40 22
795 251 19 838
795 283 1 1058
795 326 52 1176
795 337 55 195
795 345 13 1440
795 382 49 211
796 6 7 779
796 8 13 610
796 36 44 550
796 59 25 492
796 60 1 443
796 76 59 1123
796 78 55 1173
796 92 31 155
796 107 53 503
796 111 10 861
796 216 49 885
796 241 19 793
796 309 34 1031
796 314 5 404
796 348 38 709
797 31 55 1444
797 84 57 459
797 88 10 66
797 89 28 1453
797 92 40 788
797 106 22 758
797 110 13 11
797 124 37 252
797 128 3 1097
797 142 1 1290
797 206 25 741
797 235 7 118
797 271 16 961
797 332 47 578
797 343 43 1312
798 97 55 1238
798 100 49 720
798 144 37 497
798 147 59 865
798 207 53 815
798 233 19 45
798 251 28 1192
798 288 3 1364
798 317 7 761
798 344 46 1059
798 345 39 235
798 352 13 1466
798 357 34 1257
798 372 16 589
798 393 43 337
799 26 7 466
799 97 55 99
799 132 59 465
799 162 25 95
799 187 49 1144
799 217 53 991
799 254 10 640
799 255 37 1340
799 271 43 1359
799 296 1 933
799 311 5 1403
799 332 47 1237
799 376 19 636
799 382 13 116
799 388 31 959
800 24 50 941
800 28 37 851
800 58 45 1277
800 115 19 1360
800 165 7 248
800 243 25 158
800 268 32 1448
800 286 55 723
800 309 10 996
800 319 22 605
800 328 13 14
800 362 1 403
801 14 47 203
801 74 40 1437
801 79 32 116
801 98 1 982
801 141 37 717
801 169 7 901
801 179 43 1115
801 259 25 763
801 263 23 445
801 266 13 297
801 271 52 1243
801 347 19 1418
801 366 49 118
801 390 56 1470
802 20 10 1489
802 29 31 489
802 72 50 181
802 86 2 1024
802 88 58 718
802 146 4 86
802 166 25 542
802 172 19 1453
802 201 47 672
802 212 13 551
802 213 34 138
802 288 40 1384
802 299 55 528
802 321 21 904
802 360 43 667
803 46 17 1423
803 68 49 1109
803 72 13 933
803 91 39 4
803 105 11 174
803 163 35 260
803 168 1 1435
803 176 46 1204
803 204 5 973
803 206 19 819
803 214 59 205
803 249 7 799
803 306 23 297
803 365 25 443
803 374 53 1144
804 116 53 562
804 143 31 935
804 149 7 1454
804 175 25 199
804 199 13 1423
804 229 55 236
804 266 49 1367
804 280 37 679
804 287 59 1093
804 304 11 1266
804 338 41 283
804 346 1 248
804 350 19 205
804 379 17 585
804 384 46 591
805 12 19 43
805 76 29 989
805 90 49 1081
805 97 45 1164
805 109 41 1038
805 148 37 1492
805 159 7 599
805 236 10 155
805 265 13 528
805 308 43 14
805 312 22 1150
805 339 55 147
805 343 4 828
805 358 25 641
805 374 59 449
806 2 46 235
806 69 4 911
806 111 14 1132
806 113 7 1159
806 117 50 1203
806 181 37 312
806 193 29 909
806 198 59 1250
806 213 22 138
806 235 19 1274
806 286 31 735
806 302 55 399
806 314 11 1189
806 346 2 1308
806 355 25 603
807 73 43 897
807 74 55 863
807 197 37 888
807 234 49 1304
807 244 4 1204
807 266 25 992
807 285 53 349
807 316 29 390
807 329 19 477
807 350 31 747
807 354 10 529
807 355 1 1121
807 356 46 1347
807 394 35 526
807 400 16 1184
808 2 25 1065
808 5 55 1392
808 37 49 1164
808 44 37 1272
808 66 19 1244
808 90 4 63
808 94 53 541
808 117 7 92
808 177 44 1466
808 247 28 1448
808 250 1 1348
808 255 34 316
808 323 31 1117
808 325 22 499
808 358 14 905
809 19 26 1494
809 23 53 492
809 39 37 399
809 46 35 495
809 74 16 395
809 99 2 19
809 187 19 940
809 212 58 1496
809 258 5 112
809 275 41 1119
809 282 11 1473
809 310 7 1017
809 323 31 973
809 329 46 1446
809 334 49 14
810 9 45 134
810 37 25 1233
810 48 40 763
810 147 55 527
810 149 1 357
810 157 19 1144
810 180 29 1200
810 246 37 1322
810 247 53 960
810 301 59 1384
810 308 43 158
810 309 33 438
810 315 13 1445
810 383 7 1029
810 397 11 638
811 21 41 535
811 45 37 277
811 79 55 516
811 128 22 1374
811 129 1 1125
811 155 13 65
811 179 7 904
811 180 51 1062
811 193 5 1258
811 227 31 204
811 234 25 1123
811 238 44 151
811 271 58 1243
811 318 29 1326
811 371 19 995
812 9 52 134
812 102 16 416
812 107 11 1199
812 110 13 89
812 121 35 1339
812 131 29 594
812 164 3 1188
812 183 7 736
812 210 45 1312
812 256 1 461
812 273 23 135
812 282 41 330
812 361 56 1482
812 362 25 1135
812 400 31 104
813 31 59 453
813 56 7 735
813 68 43 481
813 75 29 1047
813 77 25 1500
813 118 56 63
813 145 13 555
813 177 19 1316
813 202 41 574
813 248 9 384
813 278 52 648
813 305 37 1280
813 312 49 1150
813 323 34 973
813 399 1 101
814 42 4 1040
814 112 49 960
814 114 59 1382
814 118 16 718
814 139 19 268
814 164 37 264
814 209 25 656
814 211 53 1494
814 222 13 661
814 243 31 1150
814 275 35 334
814 341 55 433
814 357 46 501
814 381 8 471
815 8 31 45
815 81 35 1209
815 86 41 521
815 104 1 1338
815 105 29 723
815 272 49 1247
815 280 14 1277
815 282 11 1252
815 292 43 390
815 305 19 1480
815 310 37 574
815 318 5 330
815 360 25 1136
815 391 23 178
815 393 47 966
816 61 13 972
816 126 44 705
816 144 23 1284
816 176 2 1414
816 183 55 494
816 186 25 528
816 226 8 294
816 230 29 167
816 236 37 210
816 240 21 1056
816 244 49 324
816 285 41 489
816 330 31 9
816 372 16 1407
816 397 53 1272
817 11 37 695
817 37 15 1089
817 40 1 57
817 50 49 555
817 76 11 975
817 176 31 788
817 212 58 1233
817 240 46 991
817 251 28 163
817 276 23 871
817 306 41 297
817 312 52 433
817 364 19 518
817 382 34 551
817 392 7 282
818 14 59 990
818 20 45 1489
818 24 1 317
818 44 39 162
818 62 29 513
818 85 25 1482
818 187 14 307
818 210 49 673
818 270 19 532
818 281 11 747
818 303 23 1028
818 329 34 1009
818 333 5 498
818 378 55 1260
818 394 37 1091
819 22 17 1228
819 28 31 1395
819 63 11 755
819 127 44 1480
819 206 37 906
819 218 59 610
819 243 50 296
819 247 29 81
819 251 40 163
819 262 5 326
819 271 13 1243
819 274 1 995
819 314 9 1189
819 372 21 1419
819 400 55 479
820 19 7 1494
820 22 27 597
820 35 13 911
820 47 1 1180
820 53 11 328
820 73 55 216
820 125 5 1325
820 173 31 245
820 176 22 1414
820 216 38 36
820 225 47 568
820 229 43 662
820 257 49 549
820 269 58 540
820 285 35 68
821 20 40 1307
821 56 5 759
821 65 31 495
821 146 55 987
821 151 13 1085
821 195 23 593
821 227 1 488
821 282 35 1477
821 293 26 786
821 300 19 498
821 338 49 272
821 346 17 513
821 348 8 365
821 354 37 340
821 380 44 232
822 1 50 662
822 27 20 391
822 53 29 1135
822 82 1 54
822 120 59 238
822 133 37 864
822 138 31 1176
822 222 55 1323
822 223 8 832
822 247 11 1448
822 271 4 1243
822 286 25 1235
822 332 47 331
822 346 15 1308
822 356 34 92
823 1 7 404
823 21 49 328
823 94 1 1411
823 97 25 858
823 139 19 738
823 152 22 764
823 179 56 1290
823 273 41 1014
823 277 13 343
823 289 32 7
823 330 51 111
823 340 11 1078
823 359 37 862
823 365 4 1119
823 376 43 636
824 2 7 1321
824 4 29 1166
824 38 43 1102
824 40 55 927
824 57 22 230
824 68 32 1376
824 127 39 576
824 168 25 1435
824 184 51 290
824 261 13 1305
824 293 4 10
824 323 19 794
824 359 1 109
824 375 47 22
825 39 49 902
825 55 4 335
825 64 32 819
825 86 59 594
825 95 45 1494
825 100 38 1141
825 111 1 878
825 148 55 962
825 180 53 1200
825 266 26 1367
825 276 43 1085
825 296 14 262
825 313 7 444
825 317 20 1174
826 5 7 1021
826 17 13 111
826 51 35 441
826 153 1 561
826 162 31 798
826 178 41 68
826 194 49 151
826 265 37 791
826 270 22 477
826 284 53 66
826 285 29 1337
826 301 59 430
826 310 55 1017
826 323 26 268
826 351 43 699
827 4 2 181
827 40 7 81
827 131 47 460
827 142 11 1117
827 144 35 1072
827 169 19 901
827 177 31 516
827 190 41 743
827 235 37 186
827 273 53 839
827 333 28 498
827 338 17 283
827 355 49 1262
827 357 4 779
827 378 13 1260
828 16 11 90
828 51 59 1492
828 59 55 589
828 72 25 710
828 79 19 796
828 81 47 1212
828 149 1 759
828 150 22 337
828 191 17 65
828 201 29 769
828 250 13 1448
828 256 5 605
828 263 53 353
828 277 43 768
828 390 7 1470
829 6 10 859
829 39 13 662
829 68 25 404
829 85 57 340
829 132 1 253
829 150 40 919
829 178 5 987
829 198 3 45
829 241 44 1366
829 255 37 260
829 262 35 279
829 268 50 326
829 347 31 674
829 381 20 471
830 3 10 368
830 53 23 1421
830 84 5 236
830 113 37 1159
830 117 55 1432
830 146 2 1228
830 162 15 674
830 182 13 381
830 213 7 409
830 292 59 90
830 330 44 950
830 345 25 812
830 358 50 74
830 369 19 759
830 370 35 896
831 10 17 720
831 13 10 625
831 42 41 1231
831 82 28 314
831 114 58 1184
831 127 55 1285
831 144 47 1384
831 151 37 994
831 168 13 82
831 170 4 574
831 176 31 1223
831 227 19 220
831 295 50 136
831 333 23 340
831 384 43 919
832 3 7 890
832 12 52 1365
832 37 13 614
832 55 17 238
832 103 19 438
832 117 43 833
832 161 29 644
832 194 31 1216
832 246 11 101
832 269 40 1395
832 272 1 1376
832 291 55 924
832 307 25 707
832 322 47 112
832 354 22 782
833 14 53 203
833 23 5 488
833 37 25 545
833 62 23 1051
833 91 1 730
833 99 34 695
833 128 49 259
833 129 7 225
833 168 13 281
833 181 45 14
833 270 31 620
833 273 11 135
833 276 29 871
833 312 37 1459
833 390 58 1412
834 105 19 685
834 118 31 718
834 163 35 201
834 164 27 1421
834 172 17 1115
834 204 47 783
834 227 7 488
834 245 43 375
834 252 49 712
834 273 59 794
834 280 21 131
834 357 38 1062
834 358 13 1481
834 398 53 220
834 400 1 319
835 3 46 1481
835 42 21 1093
835 63 59 1026
835 101 13 441
835 124 4 395
835 138 16 964
835 143 31 654
835 184 11 1290
835 185 1 1409
835 261 25 599
835 276 23 1029
835 298 37 428
835 347 7 557
835 390 51 1330
835 398 49 1077
836 7 17 760
836 31 35 732
836 83 37 1449
836 92 56 990
836 125 23 183
836 241 7 1243
836 246 41 664
836 264 43 839
836 273 47 848
836 281 11 1195
836 316 59 793
836 321 1 277
836 347 13 1418
836 371 52 1093
836 387 25 1380
837 24 43 558
837 85 49 1285
837 114 17 90
837 174 3 1307
837 249 55 44
837 258 5 893
837 265 19 370
837 302 10 167
837 304 29 1382
837 309 7 1031
837 328 25 890
837 369 13 695
837 387 38 1110
837 399 31 471
838 20 13 1307
838 53 5 1135
838 60 37 1423
838 68 44 832
838 175 31 199
838 184 53 1290
838 210 25 84
838 235 22 118
838 236 19 1442
838 243 7 943
838 284 35 1399
838 314 2 338
838 335 55 244
838 367 16 1003
838 385 49 1064
839 98 14 201
839 118 58 448
839 125 35 1325
839 153 40 131
839 211 38 1032
839 216 43 331
839 293 8 10
839 294 1 1262
839 327 19 297
839 364 49 727
839 383 31 503
839 386 55 1371
839 392 26 1141
839 398 23 666
840 29 37 852
840 31 41 453
840 99 4 1280
840 101 1 76
840 136 23 1252
840 143 7 1460
840 160 55 741
840 178 11 1446
840 192 34 749
840 198 29 1307
840 205 47 995
840 264 51 819
840 336 17 599
840 356 19 545
840 369 25 423
841 22 47 1228
841 33 34 698
841 50 9 601
841 85 19 87
841 154 49 1263
841 172 29 982
841 174 5 42
841 221 43 1323
841 260 7 1292
841 282 59 445
841 285 17 485
841 305 55 496
841 349 37 1475
841 350 25 187
841 399 13 410
842 8 43 64
842 17 1 1397
842 30 55 965
842 124 10 178
842 147 5 1056
842 178 38 828
842 188 51 210
842 191 59 474
842 192 17 1250
842 237 49 1353
842 282 25 330
842 323 22 733
842 344 34 1134
842 370 47 1153
842 374 29 1124
843 1 37 66
843 19 31 989
843 119 13 1242
843 128 52 555
843 134 17 327
843 178 59 888
843 204 11 589
843 246 41 1292
843 247 35 81
843 250 26 828
843 266 55 992
843 304 5 1266
843 325 49 972
843 347 44 1418
843 356 7 559
844 10 5 1009
844 54 29 399
844 56 8 798
844 58 49 775
844 73 31 452
844 75 11 492
844 76 41 975
844 128 1 1166
844 175 19 1194
844 182 59 775
844 200 46 1087
844 299 25 153
844 302 34 399
844 342 13 330
844 396 38 63
845 17 19 601
845 18 23 1291
845 51 28 1492
845 57 58 1326
845 70 25 87
845 72 43 398
845 78 52 416
845 81 11 1212
845 95 7 958
845 192 17 1146
845 194 1 70
845 246 5 101
845 374 47 449
845 388 13 586
845 393 39 70
846 52 55 70
846 78 40 1230
846 83 19 1124
846 90 33 755
846 93 53 782
846 99 46 116
846 150 10 437
846 187 1 1124
846 193 31 1491
846 246 14 304
846 254 26 160
846 306 29 611
846 346 59 513
846 362 49 403
847 4 23 1166
847 87 32 1444
847 95 14 922
847 117 43 1223
847 125 29 1325
847 131 7 931
847 143 55 1443
847 160 40 1166
847 271 4 469
847 280 25 55
847 316 59 450
847 326 9 1176
847 328 49 1302
847 371 37 995
847 381 19 1212
848 29 28 759
848 32 10 965
848 72 19 1233
848 84 47 1457
848 119 43 721
848 133 49 633
848 135 35 1416
848 176 7 1294
848 201 23 591
848 216 38 782
848 294 31 219
848 320 58 360
848 372 4 4
848 383 13 1029
848 384 55 951
849 19 7 1439
849 24 49 741
849 28 37 1418
849 30 14 799
849 111 46 1132
849 192 53 1250
849 202 35 1064
849 204 11 1119
849 205 41 1376
849 215 1 155
849 255 43 815
849 259 56 763
849 261 26 568
849 271 22 468
849 364 31 1130
850 15 43 84
850 27 7 532
850 46 11 495
850 79 58 516
850 83 37 1201
850 134 29 340
850 152 31 119
850 171 19 1176
850 233 1 1305
850 271 55 1021
850 280 51 968
850 285 35 351
850 316 23 793
850 329 26 903
850 351 13 812
851 56 15 735
851 62 59 68
851 92 4 1037
851 110 40 1253
851 114 52 1134
851 132 13 994
851 138 49 157
851 149 31 134
851 157 7 25
851 166 19 430
851 168 25 1028
851 203 11 424
851 231 43 1172
851 311 35 1284
851 367 46 1069
852 70 7 410
852 77 37 760
852 94 1 1188
852 97 19 1121
852 121 45 290
852 151 49 909
852 172 13 1279
852 180 23 84
852 184 15 290
852 193 41 1482
852 223 3 345
852 267 53 848
852 284 11 1382
852 319 55 13
852 335 33 651
853 21 11 556
853 44 43 363
853 53 29 647
853 87 13 1252
853 90 16 736
853 92 52 788
853 106 22 409
853 179 25 49
853 188 37 1164
853 277 7 1109
853 322 35 37
853 341 31 1261
853 347 1 1327
853 381 55 738
854 3 45 190
854 24 7 990
854 46 11 1419
854 57 4 1224
854 136 35 1304
854 152 58 905
854 158 29 173
854 187 14 166
854 233 25 440
854 254 40 758
854 290 1 1091
854 312 22 199
854 353 19 382
854 368 43 1364
854 386 55 1436
855 65 26 1017
855 66 31 1027
855 104 37 1481
855 165 19 525
855 250 34 828
855 258 23 1404
855 259 1 1143
855 279 49 281
855 283 44 1047
855 311 41 1284
855 322 59 276
855 330 15 1001
855 334 55 14
855 388 7 1283
856 26 7 420
856 29 49 798
856 33 19 698
856 122 53 1484
856 129 13 758
856 149 57 922
856 152 37 119
856 198 23 1332
856 214 11 864
856 222 43 251
856 295 1 1383
856 318 46 1166
856 346 55 248
856 358 31 1284
856 375 35 1105
857 30 1 73
857 41 49 370
857 70 34 560
857 102 7 1065
857 105 55 1192
857 106 10 26
857 110 31 1368
857 224 52 1446
857 294 14 219
857 297 37 993
857 310 19 1322
857 324 25 342
857 341 57 49
857 349 43 1029
858 24 1 1465
858 31 5 453
858 44 25 513
858 52 7 994
858 77 21 579
858 148 46 497
858 166 49 1291
858 169 13 1155
858 212 43 1040
858 229 37 1464
858 258 17 531
858 291 55 108
858 364 31 668
859 1 13 918
859 4 53 516
859 45 49 277
859 52 55 1403
859 77 37 138
859 142 3 1290
859 152 7 770
859 167 41 669
859 180 5 1200
859 262 23 398
859 263 17 1245
859 310 44 812
859 357 10 1393
859 362 31 898
859 395 19 898
860 27 16 532
860 29 55 4
860 31 19 1283
860 32 34 1183
860 107 23 933
860 120 29 791
860 148 1 497
860 151 37 909
860 186 58 1192
860 195 41 433
860 228 43 238
860 241 25 1243
860 270 10 717
860 294 49 219
860 379 53 88
861 42 35 1093
861 55 29 1489
861 119 43 563
861 130 19 185
861 151 25 909
861 160 49 1294
861 173 31 1141
861 201 47 769
861 208 37 411
861 219 55 787
861 282 59 1473
861 305 1 1457
861 325 13 878
861 335 8 244
861 398 5 684
862 33 37 698
862 39 1 391
862 73 20 186
862 78 16 574
862 104 34 584
862 134 41 19
862 137 25 526
862 178 7 1497
862 306 29 297
862 326 46 1176
862 329 49 477
862 349 9 279
862 372 58 1172
862 386 13 298
862 394 55 163
863 34 49 1070
863 116 41 24
863 117 25 1023
863 199 31 36
863 238 13 823
863 254 16 540
863 267 29 1340
863 271 38 1379
863 273 35 848
863 280 1 114
863 281 5 70
863 291 44 738
863 331 55 673
863 335 20 1277
863 387 7 1014
864 9 52 400
864 70 43 1411
864 78 34 450
864 81 23 1212
864 148 13 497
864 156 16 469
864 182 47 1254
864 188 25 1209
864 256 3 1044
864 258 29 112
864 290 31 1204
864 338 19 1065
864 348 38 798
864 356 9 1445
864 396 55 1348
865 2 58 1282
865 61 25 166
865 78 28 1173
865 137 49 747
865 156 16 901
865 162 31 279
865 191 39 619
865 206 13 105
865 216 43 907
865 227 19 1426
865 229 7 662
865 261 1 931
865 281 47 1195
865 292 35 454
865 342 55 960
866 2 19 1037
866 54 53 399
866 63 59 755
866 106 10 981
866 142 13 674
866 160 22 240
866 216 37 1097
866 233 26 105
866 289 43 599
866 327 55 1131
866 341 4 1150
866 342 16 88
866 372 7 398
866 374 41 465
866 389 31 679
867 22 59 909
867 36 31 443
867 44 13 544
867 49 44 493
867 69 55 648
867 81 35 1212
867 104 9 652
867 109 53 685
867 160 25 374
867 173 49 836
867 174 41 10
867 269 1 919
867 296 20 63
867 304 17 1355
867 344 4 864
868 15 31 707
868 76 29 1228
868 91 20 921
868 98 25 723
868 102 13 416
868 115 58 1020
868 125 11 1205
868 177 7 1258
868 207 5 676
868 249 43 1398
868 253 1 935
868 261 50 1305
868 283 37 848
868 312 55 1031
869 18 53 1110
869 57 40 1465
869 60 31 1193
869 87 43 760
869 96 49 1005
869 115 13 1093
869 141 8 1212
869 187 55 1427
869 233 2 440
869 258 11 1404
869 333 29 134
869 366 16 1222
869 368 47 492
869 383 19 306
869 399 25 1187
870 10 5 1051
870 11 38 1131
870 67 19 862
870 75 23 619
870 94 1 1421
870 108 46 316
870 138 58 341
870 153 31 581
870 156 52 780
870 212 55 568
870 215 13 1446
870 217 3 652
870 239 25 1452
870 332 17 1475
870 391 29 419
871 18 43 190
871 37 9 1233
871 51 7 374
871 68 19 1497
871 105 29 890
871 116 53 1376
871 161 23 500
871 165 55 1407
871 256 1 1044
871 260 47 34
871 297 14 1325
871 352 3 707
871 365 58 1240
871 378 38 48
871 382 49 357
872 8 13 1109
872 12 28 642
872 29 46 314
872 49 32 5
872 59 1 589
872 93 11 860
872 111 43 629
872 117 7 1081
872 132 17 1416
872 137 49 1127
872 168 38 120
872 180 5 1306
872 223 58 338
872 389 19 241
872 391 56 153
873 27 1 1285
873 60 13 443
873 64 31 753
873 89 25 314
873 137 49 404
873 181 7 468
873 183 19 736
873 204 23 783
873 247 11 960
873 255 28 266
873 298 57 1489
873 350 43 747
873 372 4 910
873 378 38 981
873 393 17 384
874 31 59 1444
874 48 52 454
874 54 11 966
874 112 26 1473
874 117 19 1223
874 131 47 594
874 157 43 540
874 198 1 755
874 202 5 753
874 225 8 1067
874 228 13 535
874 256 23 461
874 347 37 728
874 382 31 828
874 400 34 319
875 16 23 822
875 42 31 651
875 56 47 705
875 61 1 1272
875 91 7 535
875 142 29 1029
875 206 43 640
875 240 56 858
875 247 17 399
875 254 37 758
875 259 13 774
875 296 50 1480
875 316 5 1203
875 328 25 1302
875 397 35 1445
876 17 49 418
876 109 58 261
876 115 28 1125
876 125 53 1382
876 138 46 1338
876 163 23 1430
876 187 37 158
876 222 19 661
876 230 35 898
876 253 13 1031
876 281 17 550
876 342 31 825
876 361 7 502
876 382 1 1037
877 39 50 1027
877 89 19 1179
877 94 29 1089
877 116 5 214
877 166 43 625
877 171 13 1176
877 189 10 730
877 201 59 316
877 210 55 1475
877 255 40 260
877 270 25 554
877 275 7 673
877 285 23 489
877 358 1 1185
877 383 33 859
878 48 28 865
878 78 43 416
878 86 35 918
878 93 17 1312
878 106 31 26
878 129 7 1027
878 140 49 1459
878 208 13 1360
878 242 40 50
878 252 56 913
878 270 37 477
878 273 23 258
878 276 5 110
878 313 1 584
878 338 53 395
879 4 23 311
879 64 1 753
879 71 52 1150
879 72 14 989
879 79 49 63
879 159 28 636
879 250 8 1448
879 278 38 958
879 291 43 108
879 344 20 1038
879 359 55 1077
879 360 31 1188
879 396 25 615
880 3 4 596
880 11 49 24
880 34 37 1273
880 53 17 1135
880 82 58 21
880 142 29 1290
880 172 53 1277
880 207 47 573
880 223 22 1072
880 251 25 994
880 259 43 532
880 272 13 1110
880 273 35 699
880 289 31 738
880 354 1 479
881 20 7 67
881 35 51 343
881 90 13 736
881 94 11 977
881 124 28 248
881 169 37 684
881 179 56 904
881 193 19 1192
881 222 2 1392
881 229 31 662
881 230 41 1200
881 240 49 1436
881 280 43 1008
881 294 21 188
881 356 16 1151
882 16 35 764
882 47 31 454
882 78 19 1230
882 104 52 652
882 135 11 1416
882 141 49 1212
882 149 56 447
882 233 25 45
882 258 47 981
882 274 16 1409
882 327 37 590
882 363 22 724
882 368 5 493
882 378 7 473
882 380 43 357
883 32 16 1183
883 43 19 594
883 63 29 794
883 81 5 1125
883 123 25 717
883 170 37 320
883 179 49 1115
883 208 57 584
883 210 9 1500
883 222 13 251
883 288 1 334
883 349 31 169
883 375 7 660
883 380 44 1105
884 60 1 685
884 64 13 1197
884 65 25 555
884 83 7 903
884 109 29 1033
884 114 41 950
884 139 43 7
884 152 55 312
884 205 35 1464
884 277 19 1365
884 293 51 438
884 384 37 919
884 387 31 882
885 2 43 1321
885 8 38 45
885 24 20 7
885 87 46 1292
885 136 17 342
885 139 10 268
885 156 52 10
885 255 55 1393
885 272 3 272
885 307 25 68
885 318 31 205
885 343 1 1312
885 350 13 1425
885 385 33 1413
886 6 52 732
886 24 37 348
886 52 19 110
886 70 58 1228
886 94 11 1411
886 186 49 1306
886 255 34 1340
886 275 25 1044
886 287 47 261
886 288 4 727
886 294 7 152
886 316 31 450
886 361 43 1266
886 388 13 424
886 396 1 1470
887 5 51 1392
887 92 43 788
887 94 23 977
887 151 19 994
887 166 31 896
887 180 17 84
887 199 38 1078
887 228 13 907
887 238 2 1281
887 256 47 268
887 315 25 1072
887 330 55 950
887 381 8 1101
888 30 37 799
888 34 57 33
888 36 13 1421
888 48 1 1040
888 58 52 639
888 90 34 63
888 121 5 252
888 189 31 1215
888 214 55 562
888 226 43 959
888 273 29 848
888 353 25 759
888 382 22 1279
888 389 7 1234
889 25 19 136
889 28 55 402
889 84 29 245
889 85 13 809
889 92 34 663
889 121 11 1340
889 157 31 164
889 161 5 500
889 177 37 853
889 231 1 1172
889 241 25 164
889 311 23 370
889 345 7 204
889 373 49 414
889 399 45 1077
890 12 49 1365
890 37 44 1426
890 39 31 328
890 104 14 652
890 105 5 1359
890 113 1 118
890 147 17 1238
890 159 10 516
890 167 52 709
890 171 56 760
890 195 29 717
890 238 22 1273
890 274 25 1409
890 308 37 26
890 314 41 1390
891 25 19 640
891 27 49 391
891 38 37 423
891 43 7 576
891 89 34 1453
891 116 17 1023
891 126 4 1395
891 155 13 981
891 163 53 1020
891 231 25 1022
891 248 28 384
891 264 44 455
891 305 57 911
891 368 23 1365
892 68 13 1412
892 77 55 554
892 103 23 1114
892 114 5 1134
892 118 28 320
892 184 34 940
892 204 17 1119
892 206 31 1017
892 277 19 647
892 318 25 205
892 331 44 253
892 334 1 1488
892 360 38 1005
892 379 11 119
892 382 7 116
893 9 49 400
893 52 15 110
893 62 47 766
893 119 9 833
893 140 55 351
893 193 41 281
893 196 35 162
893 225 1 1067
893 251 37 482
893 254 31 160
893 304 13 724
893 326 25 1004
893 337 3 1476
893 369 20 789
893 382 28 1279
894 92 13 1037
894 115 16 1340
894 143 32 352
894 154 1 1449
894 169 19 1004
894 184 49 996
894 211 11 1494
894 214 4 1235
894 217 25 450
894 290 58 424
894 310 7 1117
894 315 37 1173
894 318 47 205
894 326 52 1105
894 351 43 157
895 12 31 1069
895 24 49 371
895 104 2 1481
895 110 28 1339
895 123 55 807
895 136 5 1464
895 153 13 45
895 238 7 1281
895 246 47 516
895 259 37 768
895 264 19 14
895 356 25 1429
895 365 10 1240
895 383 43 306
896 7 11 891
896 60 49 1322
896 118 28 448
896 134 23 905
896 164 1 822
896 196 25 850
896 203 31 459
896 240 35 987
896 242 37 882
896 282 7 1224
896 340 53 1078
896 366 58 181
896 389 43 369
896 393 5 549
896 394 15 604
897 2 13 211
897 15 43 1033
897 63 53 989
897 97 56 186
897 148 4 497
897 172 47 982
897 193 16 668
897 197 49 163
897 210 37 592
897 215 25 594
897 237 35 49
897 250 10 1067
897 259 20 492
897 318 41 292
897 323 31 101
898 7 17 1427
898 33 55 753
898 62 11 513
898 109 23 1038
898 121 31 1233
898 156 49 901
898 194 7 562
898 207 35 815
898 213 13 1411
898 216 19 1295
898 218 47 86
898 246 29 101
898 247 59 138
898 330 25 308
898 361 1 285
899 34 7 1403
899 39 19 316
899 95 51 943
899 147 35 1488
899 159 46 1244
899 162 57 279
899 165 32 1337
899 252 25 1254
899 256 17 731
899 312 4 1249
899 319 13 743
899 326 37 1066
899 332 55 331
899 363 1 558
899 393 41 549
900 46 23 788
900 62 59 791
900 149 19 1444
900 158 41 1423
900 169 31 634
900 187 55 166
900 193 53 909
900 235 1 148
900 238 49 461
900 257 13 712
900 261 43 1464
900 311 35 391
900 316 17 1203
900 340 29 95
900 398 11 568
901 20 44 341
901 21 53 812
901 40 25 1393
901 140 31 573
901 161 29 369
901 194 8 1231
901 202 23 614
901 216 49 331
901 245 38 1203
901 268 19 1261
901 284 4 1031
901 285 16 921
901 353 55 1233
902 38 19 163
902 69 1 1007
902 126 50 698
902 133 13 258
902 159 38 1292
902 205 17 151
902 266 25 297
902 281 35 981
902 294 7 188
902 329 4 903
902 347 55 943
902 381 31 214
902 399 43 1428
903 2 1 33
903 80 49 1173
903 88 7 1102
903 92 10 654
903 108 17 983
903 110 40 1254
903 150 37 459
903 172 59 580
903 187 20 1427
903 259 31 1174
903 269 25 1125
903 316 35 1203
903 321 13 84
903 322 5 606
903 378 55 1497
904 22 43 1368
904 42 23 531
904 56 19 1204
904 93 11 782
904 94 53 1089
904 108 59 672
904 130 37 1281
904 150 46 1143
904 196 5 850
904 210 1 25
904 260 17 1454
904 272 49 1020
904 380 25 1371
904 390 13 369
904 394 35 576
905 35 55 667
905 64 13 1390
905 79 45 414
905 100 1 1216
905 114 5 950
905 217 17 375
905 240 59 647
905 260 49 325
905 295 31 588
905 304 53 1266
905 310 25 185
905 312 20 1091
905 324 7 342
905 347 37 478
905 398 11 684
906 1 8 348
906 95 31 1477
906 99 49 25
906 164 44 851
906 174 22 1307
906 190 29 1407
906 222 1 251
906 254 40 1088
906 264 25 31
906 280 55 679
906 311 35 923
906 313 13 430
906 359 4 862
907 29 40 445
907 58 49 639
907 88 52 206
907 109 31 173
907 124 22 1304
907 139 37 966
907 182 10 381
907 214 47 959
907 226 25 1232
907 232 3 526
907 240 35 991
907 256 59 943
907 279 43 902
907 367 13 784
907 374 29 449
908 37 25 1089
908 57 7 610
908 63 29 104
908 90 51 76
908 107 47 1464
908 187 43 1123
908 189 31 597
908 209 55 473
908 229 1 1478
908 278 37 1244
908 284 41 826
908 288 15 931
908 290 34 369
908 391 23 1407
908 395 19 1222
909 16 44 1244
909 39 19 399
909 61 46 604
909 62 53 766
909 85 55 1124
909 112 13 1007
909 128 1 1235
909 140 49 730
909 151 31 994
909 153 4 230
909 174 27 1307
909 198 23 1250
909 226 7 214
909 333 59 1418
909 348 37 468
910 3 34 1414
910 45 55 268
910 64 21 723
910 74 25 368
910 100 37 1284
910 155 43 642
910 187 7 1124
910 196 41 838
910 240 11 858
910 244 13 324
910 256 29 1044
910 260 4 66
910 311 17 370
910 368 59 241
910 369 50 53
911 18 35 1291
911 44 43 1021
911 78 37 1331
911 86 23 1024
911 92 10 1222
911 126 40 327
911 131 59 919
911 132 17 1007
911 148 7 962
911 173 26 351
911 190 53 896
911 219 31 334
911 265 1 791
911 298 13 721
911 305 19 911
912 1 25 588
912 23 29 488
912 71 58 685
912 78 7 549
912 191 41 718
912 211 53 1247
912 235 10 304
912 237 56 328
912 272 14 272
912 292 1 1277
912 309 19 1220
912 319 32 743
912 328 49 922
912 330 37 167
912 363 3 248
913 1 37 1227
913 16 5 822
913 51 17 682
913 52 31 991
913 53 41 1135
913 59 7 461
913 80 25 1078
913 137 43 419
913 145 20 454
913 213 55 1055
913 250 49 1448
913 314 15 1189
913 328 1 922
913 341 52 1457
913 394 59 576
914 25 25 382
914 29 10 798
914 34 2 279
914 107 17 572
914 110 49 11
914 114 29 799
914 140 19 453
914 161 35 1155
914 248 46 1331
914 273 53 794
914 291 31 1118
914 295 37 201
914 336 59 599
914 352 43 541
914 369 13 1306
915 27 22 496
915 33 16 1417
915 42 25 788
915 99 38 19
915 117 44 1432
915 124 49 556
915 144 53 183
915 252 31 1256
915 273 11 1014
915 275 59 789
915 281 29 747
915 283 55 266
915 288 13 1364
915 381 1 268
915 382 19 1273
916 86 4 1024
916 156 13 660
916 165 1 1379
916 185 34 1409
916 201 29 672
916 205 19 440
916 207 55 1294
916 237 41 49
916 245 25 996
916 258 47 403
916 285 17 489
916 307 21 573
916 319 7 1155
916 349 43 819
916 370 11 272
917 24 13 990
917 65 31 1472
917 87 55 45
917 91 7 98
917 96 49 360
917 105 59 147
917 135 23 1245
917 145 25 76
917 163 53 521
917 191 47 1477
917 215 19 101
917 290 38 7
917 327 1 428
917 331 43 34
917 368 29 493
918 99 58 48
918 102 22 395
918 139 52 58
918 150 13 459
918 163 5 260
918 177 7 1345
918 198 47 892
918 217 29 1398
918 254 49 1195
918 255 19 959
918 261 37 1231
918 308 41 158
918 309 16 331
918 347 1 1199
918 366 43 1459
919 24 37 1316
919 26 22 959
919 69 44 1119
919 78 19 831
919 84 3 522
919 87 28 1262
919 93 47 1188
919 130 49 682
919 135 53 198
919 206 8 808
919 230 17 721
919 252 31 783
919 307 13 529
919 388 56 1363
920 2 7 235
920 44 43 248
920 68 32 481
920 121 23 727
920 122 53 241
920 160 3 760
920 183 25 195
920 202 55 365
920 205 29 1376
920 206 10 105
920 210 57 848
920 231 16 576
920 300 19 65
920 307 37 68
920 344 49 1059
921 24 55 1026
921 41 37 1001
921 134 53 730
921 163 5 400
921 165 31 402
921 167 47 669
921 180 11 1306
921 192 29 1119
921 228 43 603
921 283 14 864
921 313 7 581
921 319 2 605
921 333 35 236
921 344 49 1311
921 398 41 1305
922 62 23 513
922 63 59 1146
922 70 7 66
922 74 4 1428
922 96 55 695
922 212 45 614
922 231 37 1088
922 257 51 30
922 311 49 1284
922 315 26 731
922 322 1 705
922 339 31 697
922 356 10 748
922 384 40 874
922 388 14 210
923 4 41 516
923 18 10 410
923 72 31 933
923 91 55 1382
923 106 4 474
923 140 37 1457
923 146 43 972
923 175 13 452
923 217 23 837
923 225 1 738
923 291 19 455
923 318 7 1326
923 360 51 249
923 386 25 1436
924 85 56 682
924 87 46 1444
924 117 49 833
924 141 25 227
924 163 35 400
924 191 17 605
924 203 23 424
924 229 31 244
924 232 19 1154
924 256 29 268
924 299 1 372
924 320 4 720
924 335 7 1477
924 339 13 479
924 364 37 368
925 20 50 878
925 25 19 574
925 34 26 617
925 69 40 828
925 87 13 1444
925 107 23 572
925 129 7 758
925 141 58 871
925 226 31 1232
925 236 55 1402
925 246 35 1403
925 284 5 44
925 331 1 65
925 347 44 1205
925 397 53 721
926 27 20 465
926 63 17 987
926 85 37 298
926 110 1 1253
926 118 50 815
926 190 59 896
926 201 41 591
926 216 26 782
926 239 4 1152
926 245 55 254
926 284 53 1031
926 293 43 732
926 297 7 1123
926 356 46 183
926 399 31 1351
927 15 13 642
927 99 46 195
927 102 1 416
927 185 4 1442
927 191 59 605
927 220 43 816
927 268 55 599
927 273 17 848
927 278 34 943
927 289 8 738
927 304 19 1472
927 328 26 43
927 360 49 1091
927 363 22 444
927 395 37 572
928 17 31 981
928 20 16 341
928 69 3 1412
928 97 26 90
928 110 50 988
928 116 13 562
928 150 19 495
928 164 57 158
928 179 38 1293
928 255 43 316
928 263 47 1281
928 309 22 1465
928 343 1 580
928 389 8 41
929 53 11 1135
929 61 16 136
929 153 58 131
929 226 37 1232
929 229 7 1461
929 258 47 43
929 266 33 992
929 276 23 1393
929 287 1 1101
929 302 26 167
929 313 43 794
929 370 53 1280
929 371 55 1205
929 384 19 874
929 391 5 1240
930 9 25 400
930 58 33 1313
930 86 13 836
930 96 1 1088
930 99 28 1481
930 109 41 1115
930 120 23 791
930 141 37 445
930 196 17 162
930 205 53 440
930 211 59 759
930 258 47 1404
930 274 7 617
930 306 5 865
930 324 49 1488
931 38 57 780
931 88 7 305
931 109 53 216
931 131 23 1124
931 154 28 1449
931 178 35 706
931 181 19 366
931 185 43 1088
931 245 13 996
931 258 17 403
931 339 49 676
931 359 4 43
931 371 37 1215
931 393 55 549
931 396 10 398
932 62 41 1208
932 87 52 324
932 94 23 374
932 97 37 219
932 142 17 1215
932 164 43 1445
932 167 19 262
932 233 32 796
932 247 25 822
932 258 11 888
932 265 7 791
932 273 5 787
932 283 13 888
932 302 55 357
932 332 1 578
933 93 59 782
933 145 1 1089
933 149 55 1257
933 155 37 1417
933 178 29 828
933 187 25 1381
933 257 31 724
933 313 49 890
933 322 47 1001
933 331 14 1131
933 341 4 53
933 342 22 1069
933 377 35 776
933 386 44 508
933 400 10 308
934 2 13 235
934 31 53 1285
934 33 16 1153
934 48 26 306
934 50 34 555
934 52 1 1403
934 73 7 1051
934 122 23 1261
934 196 11 850
934 249 56 1398
934 252 38 660
934 321 49 84
934 342 19 88
934 365 46 1492
935 66 10 1043
935 114 53 950
935 169 25 695
935 174 19 1307
935 202 58 365
935 210 21 1312
935 239 49 669
935 248 31 44
935 249 43 4
935 268 13 326
935 292 41 454
935 301 29 74
935 303 17 1028
935 324 37 523
935 337 2 610
936 20 40 1243
936 24 44 990
936 58 37 131
936 89 22 1179
936 108 35 1353
936 118 4 475
936 157 49 1209
936 187 25 1332
936 242 19 276
936 243 13 296
936 244 7 88
936 262 52 1343
936 308 11 158
936 316 29 579
936 342 1 1069
937 10 23 720
937 45 37 1435
937 88 20 305
937 118 8 815
937 129 57 903
937 132 52 1069
937 166 2 1347
937 182 11 724
937 205 35 995
937 231 14 153
937 255 49 95
937 314 28 1189
937 344 25 1134
937 358 31 518
937 400 46 1399
938 98 1 1189
938 114 49 819
938 141 16 1480
938 146 40 996
938 205 53 151
938 210 56 381
938 212 10 1032
938 362 25 403
938 369 31 1306
938 372 13 1407
938 373 43 55
938 380 19 951
939 3 37 1154
939 59 1 807
939 76 35 668
939 84 23 1437
939 89 16 1101
939 91 31 1033
939 182 59 1254
939 194 44 70
939 196 13 838
939 257 19 1237
939 279 55 1321
939 296 27 933
939 331 50 22
939 333 11 1418
939 367 40 337
940 56 17 828
940 96 43 941
940 108 41 1460
940 112 1 9
940 148 7 1291
940 153 57 597
940 183 31 765
940 191 35 612
940 278 37 1023
940 282 47 330
940 335 19 854
940 355 13 1262
940 358 51 615
940 363 28 1051
940 382 10 116
941 21 23 1109
941 23 1 518
941 25 55 1494
941 73 4 216
941 78 13 1331
941 82 46 210
941 140 7 283
941 215 25 875
941 219 37 557
941 243 33 1154
941 271 16 1081
941 283 50 68
941 290 43 775
941 392 19 91
941 397 59 721
942 3 43 638
942 30 31 627
942 103 49 305
942 106 7 474
942 192 29 1143
942 207 23 815
942 242 40 436
942 268 51 1427
942 270 25 620
942 306 47 611
942 316 38 625
942 324 14 1488
942 332 59 336
942 356 10 559
942 383 55 503
943 49 55 252
943 77 43 404
943 100 13 720
943 161 35 644
943 168 38 272
943 198 29 892
943 216 50 1295
943 254 22 1195
943 256 27 1044
943 273 1 848
943 304 17 25
943 314 9 338
943 378 31 1102
943 383 3 1178
944 30 19 799
944 61 31 1453
944 116 43 562
944 135 10 1245
944 143 3 352
944 153 45 158
944 176 25 1414
944 228 37 732
944 277 13 608
944 281 59 550
944 282 1 1477
944 293 28 1388
944 326 49 680
944 333 17 1418
944 363 34 628
945 49 2 100
945 70 32 1119
945 111 16 474
945 139 45 723
945 159 7 516
945 170 57 1037
945 190 43 896
945 205 41 741
945 223 49 1014
945 271 10 82
945 272 26 530
945 301 35 10
945 363 13 334
945 378 37 1102
945 394 23 882
946 6 10 297
946 43 43 576
946 48 25 219
946 61 55 259
946 103 53 1114
946 163 47 260
946 176 4 788
946 199 19 1423
946 214 17 1174
946 230 35 1141
946 264 13 1293
946 265 49 791
946 305 31 1480
946 332 59 1237
946 399 38 1428
947 91 43 535
947 104 22 652
947 131 29 1256
947 141 1 1212
947 145 25 664
947 169 55 684
947 205 47 84
947 238 7 598
947 251 37 661
947 273 53 787
947 331 13 1228
947 332 11 1237
947 370 59 787
947 377 17 663
947 390 31 369
948 22 23 1368
948 24 25 1263
948 43 7 1437
948 63 29 1146
948 64 43 1390
948 131 11 76
948 169 31 1155
948 187 1 826
948 235 55 37
948 320 16 1470
948 336 47 718
948 348 37 1118
948 354 13 541
948 364 19 958
948 377 41 1232
949 22 17 669
949 30 7 627
949 60 50 316
949 75 35 897
949 107 41 572
949 128 13 1274
949 164 1 764
949 235 38 148
949 245 25 375
949 251 55 21
949 258 23 403
949 313 31 185
949 328 43 665
949 378 19 1151
949 393 11 337
950 22 41 1228
950 55 53 497
950 90 55 277
950 115 22 43
950 179 37 460
950 203 7 459
950 230 17 1141
950 263 47 450
950 313 31 70
950 321 13 1291
950 326 25 633
950 327 1 342
950 334 9 1224
950 364 43 584
950 372 58 219
951 14 17 990
951 32 10 1220
951 33 13 503
951 102 19 342
951 181 22 1065
951 196 35 927
951 224 37 1497
951 257 49 1169
951 281 41 1195
951 288 7 1399
951 296 31 416
951 300 46 42
951 313 25 444
951 331 56 409
951 356 2 1429
952 1 37 1214
952 11 55 1360
952 44 43 666
952 128 13 1097
952 162 19 279
952 208 28 631
952 210 49 1437
952 242 16 1368
952 283 1 1325
952 306 53 1360
952 329 25 477
952 352 31 558
952 368 11 1365
952 370 41 829
952 378 7 48
953 61 25 1453
953 70 40 1331
953 108 11 1131
953 112 55 1368
953 126 7 448
953 132 49 1007
953 202 29 1321
953 236 52 1399
953 305 31 496
953 313 13 37
953 329 4 477
953 335 20 913
953 351 45 1294
953 355 37 1282
954 2 50 1282
954 33 31 638
954 35 37 281
954 90 8 76
954 107 4 234
954 157 34 375
954 169 19 578
954 195 53 620
954 201 59 769
954 242 1 627
954 263 47 445
954 265 25 1018
954 325 13 1062
954 328 43 987
954 331 55 961
955 32 7 28
955 40 19 1393
955 48 31 1238
955 72 43 319
955 74 1 749
955 106 10 1023
955 151 14 909
955 154 56 398
955 177 37 1135
955 195 29 433
955 341 4 977
955 366 34 1007
955 380 49 831
955 391 59 481
955 395 25 481
956 2 4 1038
956 27 7 1285
956 34 37 1403
956 39 44 391
956 60 25 1193
956 64 13 815
956 87 10 573
956 100 19 720
956 147 57 527
956 158 59 1423
956 189 31 1371
956 278 1 1244
956 284 17 44
956 303 23 898
956 331 50 164
957 13 28 602
957 14 53 381
957 35 39 1274
957 71 55 290
957 124 46 1452
957 181 16 366
957 222 49 1443
957 279 1 92
957 291 7 445
957 308 11 14
957 328 31 987
957 340 13 604
957 367 19 605
957 400 43 856
958 9 40 941
958 35 25 1382
958 54 4 1308
958 121 11 43
958 159 1 99
958 199 7 1078
958 222 21 1392
958 277 31 647
958 288 52 1364
958 305 13 100
958 309 37 253
958 327 56 1075
958 371 49 1093
958 391 17 178
958 400 46 308
959 7 35 1281
959 22 23 669
959 67 31 1285
959 88 16 68
959 120 59 30
959 147 19 527
959 166 38 668
959 167 11 669
959 173 7 245
959 192 25 856
959 238 4 1257
959 350 27 1056
959 373 49 245
959 381 55 471
959 392 43 933
960 10 35 1075
960 64 31 815
960 71 7 290
960 94 59 541
960 95 14 749
960 118 1 718
960 130 55 612
960 165 10 1337
960 230 23 1412
960 242 37 436
960 317 50 851
960 323 40 101
960 324 26 337
960 365 4 188
960 397 47 1445
961 1 1 348
961 4 5 311
961 39 13 382
961 79 49 1134
961 118 38 1429
961 140 25 1242
961 175 20 390
961 188 31 336
961 192 10 258
961 206 58 858
961 247 35 1227
961 389 43 169
961 396 52 1311
961 398 29 1233
962 36 1 865
962 49 55 694
962 99 43 195
962 144 59 320
962 148 31 962
962 201 35 672
962 221 49 731
962 243 19 1265
962 296 37 894
962 301 41 430
962 351 25 198
962 365 13 1398
962 382 7 357
962 397 53 1445
962 400 16 58
963 56 41 232
963 104 34 1254
963 127 43 676
963 143 37 935
963 159 28 453
963 240 11 991
963 279 14 902
963 282 59 236
963 285 53 1291
963 289 49 850
963 294 7 16
963 303 47 1443
963 348 55 709
963 370 5 1109
963 392 1 529
964 8 55 1430
964 59 13 492
964 78 28 244
964 96 7 941
964 120 11 30
964 124 43 58
964 148 19 375
964 161 47 644
964 189 25 411
964 223 34 1262
964 254 49 1232
964 284 17 230
964 285 23 68
964 396 40 1348
964 398 1 1077
965 21 13 1273
965 114 35 255
965 116 49 1351
965 120 23 30
965 122 29 1484
965 174 25 1307
965 176 31 1489
965 192 41 680
965 200 52 743
965 201 11 591
965 216 44 684
965 250 55 1067
965 279 19 1321
965 366 58 1436
965 369 37 789
966 3 52 368
966 9 8 400
966 75 49 619
966 104 19 1481
966 105 45 1192
966 132 29 1344
966 157 38 829
966 189 32 1131
966 192 5 527
966 237 11 809
966 257 1 961
966 275 47 461
966 310 25 345
966 311 23 785
966 319 13 598
967 19 19 531
967 35 2 913
967 85 49 773
967 102 37 395
967 115 34 532
967 147 11 1056
967 154 58 988
967 155 44 1476
967 192 29 527
967 247 17 471
967 263 8 450
967 287 55 1101
967 288 14 982
967 297 25 579
967 342 31 1062
968 4 55 1245
968 5 13 1413
968 50 49 733
968 64 37 1390
968 70 57 87
968 79 10 1134
968 88 34 206
968 187 2 940
968 204 41 973
968 255 25 266
968 318 17 206
968 332 23 1237
968 340 29 1118
968 384 43 447
968 391 8 859
969 3 25 1154
969 6 28 240
969 34 7 1330
969 36 37 261
969 63 35 1146
969 100 19 108
969 155 56 375
969 176 43 755
969 197 49 891
969 202 41 1321
969 302 1 167
969 314 13 1189
969 350 31 1425
969 379 4 856
969 391 47 419
970 43 31 594
970 100 37 208
970 109 29 1021
970 116 23 475
970 120 35 30
970 125 59 697
970 131 17 439
970 146 7 972
970 153 10 325
970 230 53 500
970 274 46 557
970 324 3 1245
970 337 49 320
970 352 56 541
970 359 25 527
971 27 1 465
971 43 8 594
971 68 31 1412
971 100 56 720
971 127 22 1285
971 195 35 475
971 220 52 1443
971 222 19 984
971 262 47 463
971 308 29 158
971 312 37 42
971 330 14 400
971 347 43 1224
971 355 25 1164
972 55 7 497
972 101 46 1141
972 133 2 313
972 184 17 290
972 215 31 727
972 250 10 1311
972 285 29 1144
972 292 23 1172
972 295 56 588
972 302 49 1491
972 365 52 1119
972 366 43 266
972 374 35 449
972 379 41 369
972 394 15 1091
973 75 17 1367
973 99 22 695
973 107 31 381
973 111 43 185
973 116 29 24
973 126 37 1166
973 152 10 1492
973 158 41 789
973 197 13 1420
973 247 59 471
973 310 33 345
973 312 19 199
973 333 7 498
973 357 55 1421
973 399 49 1428
974 35 43 1124
974 59 31 461
974 65 55 1472
974 107 22 1199
974 124 19 1500
974 132 47 1007
974 133 37 633
974 142 29 482
974 180 11 1273
974 227 7 993
974 241 49 276
974 261 25 1337
974 273 13 959
974 314 5 1047
974 337 1 225
975 47 37 1355
975 73 55 850
975 97 31 99
975 115 19 1216
975 120 29 1215
975 160 13 711
975 200 22 584
975 242 16 276
975 243 49 304
975 282 3 1477
975 283 43 1237
975 293 26 58
975 319 58 13
975 351 7 848
975 398 11 1077
976 7 26 760
976 74 4 696
976 141 46 927
976 169 56 234
976 213 49 1398
976 265 13 1208
976 268 38 992
976 298 31 721
976 299 43 345
976 300 1 1065
976 329 52 1044
976 340 17 604
976 341 28 1261
976 351 8 1004
976 379 35 88
977 27 25 532
977 29 28 682
977 71 37 90
977 115 55 463
977 173 13 640
977 196 23 712
977 232 50 1345
977 233 31 1360
977 237 11 298
977 283 1 888
977 313 19 320
977 338 43 1294
977 340 47 1307
977 369 7 296
978 8 45 1383
978 40 1 81
978 55 49 1223
978 97 13 977
978 115 10 1093
978 138 25 18
978 144 23 22
978 172 41 178
978 183 31 983
978 259 37 496
978 289 56 18
978 290 19 1285
978 333 7 259
978 394 52 576
979 5 19 1135
979 37 13 1399
979 48 44 454
979 129 37 225
979 133 25 829
979 154 7 1325
979 174 5 1307
979 279 32 559
979 315 50 1411
979 319 10 605
979 349 1 1475
979 370 41 1153
979 374 23 465
979 387 55 882
980 2 34 1238
980 31 11 1283
980 36 43 261
980 102 56 342
980 136 59 342
980 145 13 1417
980 165 16 525
980 177 25 489
980 212 50 1496
980 214 41 1174
980 254 37 604
980 259 7 768
980 285 1 349
980 369 19 1021
980 398 5 1305
981 1 9 530
981 33 25 638
981 42 7 1093
981 44 13 1272
981 80 51 542
981 98 1 664
981 121 59 43
981 191 35 662
981 307 55 556
981 311 23 923
981 318 47 962
981 333 17 1306
981 383 43 910
981 394 40 604
981 399 19 787
982 85 13 173
982 106 19 474
982 108 1 983
982 183 7 500
982 189 28 574
982 218 17 943
982 232 49 37
982 250 58 1067
982 278 40 648
982 303 33 1028
982 308 31 340
982 320 46 780
982 345 3 518
982 398 53 1283
983 45 51 36
983 70 3 1411
983 100 14 336
983 149 19 98
983 250 34 1047
983 258 41 647
983 271 31 811
983 276 55 110
983 298 7 42
983 299 58 987
983 336 1 599
983 358 37 560
983 360 25 1179
983 376 43 796
984 5 1 793
984 19 43 19
984 35 19 788
984 84 47 522
984 164 9 1292
984 184 23 1280
984 187 49 1332
984 203 29 424
984 208 37 996
984 209 31 1242
984 225 40 602
984 250 16 1448
984 264 25 839
984 316 35 793
984 324 56 1380
985 25 44 685
985 103 10 305
985 112 20 1007
985 117 1 420
985 119 39 497
985 131 35 931
985 203 37 775
985 264 55 408
985 270 25 459
985 324 13 1245
985 330 31 1353
985 336 5 81
985 340 17 1078
985 351 49 198
985 368 29 1365
986 11 49 617
986 82 10 1491
986 118 25 320
986 136 53 1179
986 165 31 1244
986 189 34 1215
986 197 56 1009
986 208 2 174
986 212 40 1233
986 268 19 341
986 309 28 1220
986 343 5 541
986 363 15 724
986 381 43 1212
987 51 47 441
987 67 13 408
987 105 17 685
987 122 11 987
987 133 31 148
987 142 23 674
987 151 25 420
987 167 29 1332
987 235 43 304
987 241 37 588
987 272 55 698
987 319 52 13
987 347 7 1327
987 359 49 1176
987 380 19 1051
988 1 43 1214
988 75 11 1367
988 99 50 1280
988 141 4 1212
988 181 14 200
988 192 58 856
988 236 1 1442
988 247 41 1439
988 260 35 1454
988 305 7 1280
988 325 22 73
988 337 31 195
988 353 19 1155
988 357 26 1104
988 390 55 1412
989 10 31 349
989 14 41 1480
989 53 13 502
989 103 17 1114
989 140 25 1340
989 159 22 1017
989 160 46 1419
989 186 10 1351
989 191 1 1419
989 214 19 730
989 244 7 1194
989 299 34 1172
989 338 29 36
989 342 4 960
989 373 49 1439
990 4 41 590
990 10 23 901
990 53 35 586
990 101 16 76
990 137 1 1473
990 145 37 76
990 154 10 1325
990 201 5 591
990 217 50 450
990 224 31 975
990 233 44 612
990 262 13 906
990 270 52 951
990 292 19 95
990 362 55 403
991 5 2 863
991 54 8 1308
991 64 19 976
991 84 11 522
991 111 31 861
991 120 41 614
991 204 29 973
991 210 13 1302
991 211 52 1032
991 254 58 1203
991 265 43 791
991 314 47 1124
991 365 49 535
991 367 25 1285
991 377 17 699
992 4 25 1166
992 43 55 576
992 66 7 766
992 107 5 933
992 177 19 1101
992 179 43 460
992 261 38 53
992 273 47 1101
992 289 50 738
992 349 27 819
992 353 31 343
992 375 11 1105
992 378 1 860
992 386 34 874
992 390 16 369
993 48 52 259
993 65 13 1472
993 90 10 1227
993 136 43 1188
993 159 4 1317
993 168 25 281
993 176 46 148
993 201 29 308
993 214 41 562
993 228 56 732
993 229 31 1087
993 239 7 771
993 280 19 1395
993 347 37 1224
993 354 1 501
994 27 4 1285
994 83 43 292
994 99 55 19
994 115 1 658
994 169 50 904
994 183 19 513
994 192 47 1146
994 211 23 1494
994 233 7 1360
994 241 31 1243
994 266 13 992
994 278 25 1244
994 316 59 495
994 340 29 1078
994 345 37 627
995 51 53 659
995 77 49 1426
995 99 13 771
995 109 23 34
995 119 43 82
995 122 31 290
995 152 25 1339
995 214 59 1097
995 219 7 1382
995 248 19 1200
995 273 35 258
995 279 1 902
995 310 39 1322
995 346 11 697
995 349 55 819
996 24 32 1316
996 28 55 1473
996 59 19 743
996 86 59 171
996 169 38 1051
996 197 43 1290
996 201 17 966
996 278 28 1313
996 316 47 625
996 357 4 501
996 387 49 1110
996 388 13 1283
996 389 8 169
997 20 49 1307
997 64 8 976
997 136 23 469
997 147 2 423
997 154 40 1414
997 171 19 825
997 182 35 798
997 198 37 1250
997 227 55 1247
997 247 43 1448
997 306 29 853
997 307 45 68
997 342 16 1062
997 344 4 1209
997 365 13 1492
998 9 19 859
998 68 39 1489
998 102 4 7
998 145 25 328
998 202 59 614
998 217 34 1192
998 242 1 864
998 243 13 1150
998 251 28 760
998 271 46 469
998 279 55 791
998 297 8 1214
998 330 49 397
998 346 17 642
998 397 23 780
999 29 43 1144
999 138 58 399
999 146 22 360
999 170 46 588
999 191 11 662
999 208 19 74
999 220 31 940
999 241 13 585
999 260 40 34
999 276 5 1393
999 303 56 1028
999 318 25 601
999 337 7 1476
999 383 51 528
999 386 34 1436
1000 69 28 1412
1000 71 25 990
1000 91 50 330
1000 104 22 1254
1000 144 35 320
1000 149 57 292
1000 155 44 1417
1000 179 13 319
1000 191 41 1026
1000 224 31 55
1000 305 7 496
1000 326 19 447
1000 338 1 588
1000 387 37 1014
1000 390 4 620
Điểm tối ưu/tốt nhất tìm được: 14619
Thời gian: 901.034711 giây
Trạng thái: VALID
